-0.072650 0.111754 -3.646753 -0.090840 0.361308 -0.002789 
-0.064113 0.107312 -3.834415 -0.090856 0.361276 -0.000806 
-0.062252 0.098163 -4.031593 -0.091069 0.361386 0.001061 
-0.059947 0.088132 -4.280210 -0.091286 0.361690 0.003204 
-0.067057 0.083392 -4.353479 -0.091158 0.361845 0.003994 
-0.074283 0.086600 -4.227949 -0.091308 0.362164 0.002600 
-0.076407 0.087321 -4.030146 -0.091154 0.362052 0.000516 
-0.077664 0.087688 -3.843038 -0.091163 0.362032 -0.001254 
-0.072857 0.101937 -3.593920 -0.090912 0.361679 -0.003609 
-0.066600 0.106766 -3.522033 -0.090718 0.361531 -0.004083 
-0.065762 0.106521 -3.646772 -0.090712 0.361545 -0.002903 
-0.064745 0.106845 -3.843974 -0.090698 0.361377 -0.001139 
-0.055556 0.101982 -4.041490 -0.090877 0.361437 0.000836 
-0.046359 0.096725 -4.281428 -0.090896 0.361600 0.003415 
-0.053469 0.091985 -4.354697 -0.090768 0.361755 0.004205 
-0.054066 0.091539 -4.219865 -0.090779 0.361929 0.003031 
-0.069266 0.091010 -4.053796 -0.090801 0.362201 0.001562 
-0.070710 0.100558 -3.846220 -0.090746 0.361992 -0.000292 
-0.065562 0.097597 -3.606548 -0.090777 0.361725 -0.002766 
-0.066384 0.106833 -3.522872 -0.090717 0.361530 -0.003762 
-0.058193 0.110115 -3.637017 -0.090683 0.361683 -0.002788 
-0.050328 0.106230 -3.833093 -0.090695 0.361465 -0.001454 
-0.057466 0.101598 -4.020408 -0.090400 0.361543 0.000202 
-0.048901 0.095875 -4.269905 -0.090261 0.361806 0.002448 
-0.040967 0.090857 -4.353080 -0.090287 0.361953 0.003231 
-0.056158 0.089936 -4.229433 -0.090149 0.362327 0.002365 
-0.057851 0.090792 -4.033308 -0.089994 0.362214 0.000924 
-0.066173 0.095302 -3.846485 -0.089977 0.362245 -0.000738 
-0.066565 0.095837 -3.597303 -0.090309 0.362209 -0.002772 
-0.059240 0.100644 -3.524873 -0.090435 0.362053 -0.003241 
-0.065090 0.105964 -3.638357 -0.090716 0.361731 -0.002255 
-0.062765 0.105575 -3.824922 -0.091029 0.361743 -0.000480 
-0.060943 0.097449 -4.020957 -0.091395 0.361565 0.001073 
-0.059746 0.088464 -4.268973 -0.091444 0.361591 0.002895 
-0.059744 0.087942 -4.341741 -0.091284 0.361698 0.003473 
-0.062066 0.087810 -4.227943 -0.090810 0.361792 0.002275 
-0.063927 0.096959 -4.030764 -0.090597 0.361683 0.000408 
-0.073364 0.093130 -3.844699 -0.090318 0.361719 -0.001155 
-0.075476 0.094108 -3.586205 -0.090165 0.361599 -0.003187 
-0.076524 0.103772 -3.524697 -0.089940 0.361315 -0.003559 
-0.067701 0.107520 -3.629283 -0.090064 0.361367 -0.002252 
-0.066080 0.099062 -3.836554 -0.090272 0.361289 -0.000391 
-0.064388 0.098206 -4.032679 -0.090427 0.361402 0.001051 
-0.054842 0.085124 -4.280705 -0.090821 0.361367 0.003091 
-0.054163 0.083422 -4.352396 -0.090829 0.361754 0.003347 
-0.054109 0.082555 -4.227418 -0.091003 0.362020 0.002166 
-0.063298 0.087418 -4.029902 -0.090825 0.361960 0.000190 
-0.071116 0.099665 -3.833610 -0.090754 0.362182 -0.001249 
-0.072817 0.100913 -3.595064 -0.090759 0.361966 -0.003294 
-0.065646 0.113750 -3.533655 -0.090667 0.361912 -0.003559 
-0.057546 0.110317 -3.639533 -0.090681 0.361681 -0.001825 
-0.056055 0.109130 -3.846895 -0.090677 0.361894 -0.000075 
-0.054194 0.099981 -4.044073 -0.090890 0.362003 0.001792 
-0.052540 0.090371 -4.282835 -0.090944 0.362215 0.003941 
-0.059712 0.077535 -4.344243 -0.091035 0.362269 0.004206 
-0.061135 0.085674 -4.228848 -0.090825 0.362359 0.002589 
-0.070136 0.081356 -4.051800 -0.090710 0.362488 0.000698 
-0.064516 0.086762 -3.843937 -0.090679 0.362227 -0.001265 
-0.066626 0.096996 -3.614430 -0.090621 0.361827 -0.003742 
-0.068146 0.098292 -3.521113 -0.090457 0.361537 -0.004626 
-0.067327 0.098935 -3.626438 -0.090446 0.361358 -0.003105 
-0.058983 0.103545 -3.823978 -0.090397 0.361142 -0.001233 
-0.050445 0.099102 -4.011639 -0.090413 0.361110 0.000750 
-0.055881 0.094394 -4.261619 -0.090436 0.361185 0.003322 
-0.061736 0.080451 -4.354812 -0.090693 0.361521 0.004202 
-0.061923 0.080275 -4.239928 -0.090862 0.361600 0.003015 
-0.069587 0.084493 -4.032615 -0.091009 0.361719 0.001372 
-0.078125 0.088935 -3.844953 -0.090993 0.361751 -0.000611 
-0.079625 0.090516 -3.595170 -0.091157 0.361436 -0.002964 
-0.079580 0.099398 -3.522187 -0.091259 0.361332 -0.003646 
-0.071677 0.095011 -3.646640 -0.091278 0.361294 -0.002574 
-0.063308 0.098862 -3.833248 -0.091236 0.361266 -0.001017 
-0.062468 0.098095 -4.030755 -0.091070 0.361386 0.000740 
-0.061183 0.096447 -4.279699 -0.090907 0.361702 0.002773 
-0.054116 0.091783 -4.352181 -0.090771 0.361757 0.003242 
-0.062242 0.086719 -4.228247 -0.090657 0.362080 0.002269 
-0.064326 0.086417 -4.031589 -0.090350 0.362256 0.000500 
-0.072648 0.090927 -3.844766 -0.090333 0.362287 -0.001162 
-0.074109 0.091484 -3.596126 -0.090344 0.362259 -0.003201 
-0.080108 0.096126 -3.523102 -0.090801 0.362196 -0.003665 
-0.071349 0.101657 -3.637476 -0.091071 0.361772 -0.002358 
-0.069729 0.093199 -3.844748 -0.091279 0.361693 -0.000497 
-0.061407 0.088689 -4.031570 -0.091296 0.361662 0.001165 
-0.058879 0.088110 -4.279667 -0.091607 0.361682 0.003209 
-0.058877 0.087589 -4.352435 -0.091446 0.361789 0.003786 
-0.060783 0.087855 -4.228238 -0.091130 0.361783 0.002601 
-0.062403 0.096313 -4.020967 -0.090922 0.361862 0.000740 
-0.071376 0.101244 -3.824289 -0.090743 0.361801 -0.000914 
-0.080405 0.098207 -3.585405 -0.090782 0.361635 -0.003068 
-0.073496 0.102615 -3.523373 -0.090751 0.361579 -0.003549 
-0.073108 0.103123 -3.627020 -0.090741 0.361401 -0.002671 
-0.071038 0.093913 -3.855384 -0.090953 0.361514 -0.000509 
-0.061601 0.097742 -4.041448 -0.091232 0.361477 0.001054 
-0.067515 0.084538 -4.289965 -0.091315 0.361551 0.003089 
-0.060208 0.079182 -4.352354 -0.091184 0.361795 0.003565 
-0.061462 0.079028 -4.238013 -0.091032 0.361881 0.002372 
-0.063089 0.087357 -4.061087 -0.090823 0.361964 0.000485 
-0.072062 0.092288 -3.864409 -0.090644 0.361903 -0.001169 
-0.073475 0.101206 -3.615555 -0.090595 0.361878 -0.003313 
-0.074081 0.110509 -3.532717 -0.090534 0.361683 -0.003987 
-0.065129 0.106988 -3.637213 -0.090869 0.361444 -0.002569 
-0.063221 0.106199 -3.834177 -0.091024 0.361556 -0.000807 
-0.061360 0.097050 -4.031355 -0.091237 0.361665 0.001060 
-0.059315 0.088599 -4.270651 -0.091443 0.361589 0.003537 
-0.066405 0.082971 -4.363334 -0.091321 0.361937 0.003986 
-0.067196 0.091577 -4.238380 -0.091268 0.361927 0.002702 
-0.076432 0.088080 -4.041078 -0.091148 0.361864 0.000831 
-0.071645 0.092687 -3.854011 -0.090802 0.361803 -0.001157 
-0.067565 0.089748 -3.614883 -0.090512 0.361544 -0.003636 
-0.061207 0.111427 -3.512220 -0.090200 0.361399 -0.004294 
-0.061020 0.111603 -3.627104 -0.090031 0.361320 -0.003106 
-0.052072 0.107431 -3.834713 -0.090205 0.361192 -0.001137 
-0.050599 0.107132 -4.022661 -0.090196 0.361212 0.000954 
-0.041665 0.093447 -4.261975 -0.090274 0.361373 0.003316 
-0.047472 0.087865 -4.354954 -0.090472 0.361712 0.004092 
-0.054537 0.082650 -4.260824 -0.090679 0.362031 0.003097 
-0.062852 0.087289 -4.043655 -0.090663 0.362058 0.001462 
-0.056997 0.091874 -3.856045 -0.090638 0.361989 -0.000521 
-0.064670 0.096485 -3.606310 -0.090945 0.362005 -0.002767 
-0.072604 0.101502 -3.523135 -0.090919 0.361858 -0.003550 
-0.057173 0.101732 -3.636689 -0.091063 0.361672 -0.002679 
-0.055868 0.109726 -3.823582 -0.090996 0.361696 -0.001013 
-0.048010 0.096456 -4.021018 -0.090913 0.361761 0.000741 
-0.046309 0.095207 -4.259564 -0.090908 0.361977 0.002786 
-0.046360 0.086196 -4.362893 -0.090805 0.362085 0.003441 
-0.062202 0.085696 -4.229391 -0.090504 0.362367 0.002583 
-0.056501 0.098310 -4.052803 -0.090261 0.362401 0.000805 
-0.064454 0.094859 -3.855797 -0.090461 0.362329 -0.000740 
-0.074134 0.092243 -3.607058 -0.090338 0.362070 -0.002886 
-0.073672 0.101524 -3.523678 -0.090598 0.361867 -0.003556 
-0.065593 0.098228 -3.647826 -0.090770 0.361541 -0.002478 
-0.056592 0.102545 -3.824874 -0.090885 0.361412 -0.000587 
-0.055791 0.102802 -4.021237 -0.090872 0.361245 0.000856 
-0.047266 0.098102 -4.269591 -0.090887 0.361222 0.002787 
-0.061052 0.088656 -4.352377 -0.090957 0.361518 0.003461 
-0.062958 0.088922 -4.228181 -0.090642 0.361512 0.002276 
-0.064081 0.104988 -4.041786 -0.090379 0.361785 0.000612 
-0.065773 0.105844 -3.845661 -0.090224 0.361672 -0.000830 
-0.074755 0.111168 -3.606561 -0.090204 0.361509 -0.003088 
-0.067477 0.107614 -3.534346 -0.090390 0.361350 -0.003453 
-0.073287 0.111911 -3.648974 -0.090517 0.361315 -0.002152 
-0.064361 0.098619 -3.845866 -0.090756 0.361373 -0.000393 
-0.062252 0.098163 -4.031593 -0.091069 0.361386 0.001061 
-0.060451 0.080395 -4.289679 -0.091340 0.361500 0.002981 
-0.060423 0.079115 -4.351515 -0.091185 0.361795 0.003244 
-0.061631 0.087321 -4.236959 -0.090974 0.361885 0.001947 
-0.063298 0.087418 -4.029902 -0.090825 0.361960 0.000190 
-0.072688 0.091950 -3.843622 -0.090487 0.362000 -0.001477 
-0.067014 0.105845 -3.605198 -0.090399 0.361738 -0.003518 
-0.067452 0.106855 -3.523415 -0.090396 0.361538 -0.003767 
-0.066135 0.115106 -3.649616 -0.090330 0.361554 -0.002050 
-0.056947 0.110243 -3.847133 -0.090509 0.361614 -0.000074 
-0.054669 0.101492 -4.033914 -0.090880 0.361623 0.001805 
-0.052364 0.091462 -4.282530 -0.091097 0.361927 0.003948 
-0.052423 0.082844 -4.343437 -0.091154 0.361933 0.004000 
-0.067660 0.082817 -4.248993 -0.091169 0.362024 0.002794 
-0.062168 0.095493 -4.041219 -0.090927 0.362054 0.000721 
-0.064533 0.096905 -3.853510 -0.090768 0.361755 -0.001369 
-0.059122 0.102372 -3.614462 -0.090739 0.361490 -0.003627 
-0.067883 0.106720 -3.521737 -0.090397 0.361540 -0.004409 
-0.067280 0.107296 -3.626223 -0.090387 0.361361 -0.003210 
-0.057652 0.111951 -3.824058 -0.090659 0.361136 -0.001011 
-0.056643 0.102891 -4.022619 -0.090550 0.361253 0.001171 
-0.053922 0.093260 -4.260838 -0.090925 0.361457 0.003326 
-0.060621 0.088790 -4.354054 -0.090956 0.361516 0.004103 
-0.068096 0.083305 -4.239976 -0.091005 0.361931 0.003122 
-0.062000 0.087199 -4.042273 -0.090985 0.362050 0.001146 
-0.070121 0.092041 -3.844214 -0.091127 0.361982 -0.000824 
-0.072038 0.093222 -3.604829 -0.091133 0.361767 -0.003190 
-0.071993 0.102105 -3.531846 -0.091235 0.361663 -0.003872 
-0.064277 0.106898 -3.635831 -0.091191 0.361436 -0.002885 
-0.063067 0.098170 -3.823155 -0.091242 0.361454 -0.001011 
-0.054899 0.101689 -4.020999 -0.091041 0.361525 0.000855 
-0.053439 0.101132 -4.269639 -0.091030 0.361553 0.002894 
-0.053484 0.092250 -4.342621 -0.090928 0.361657 0.003576 
-0.069354 0.082501 -4.228749 -0.090691 0.362129 0.002481 
-0.070147 0.091628 -4.031027 -0.090799 0.362011 0.000619 
-0.071452 0.083635 -3.844133 -0.090866 0.361988 -0.001046 
-0.073516 0.092974 -3.585424 -0.090655 0.361871 -0.003182 
-0.073295 0.102947 -3.512136 -0.090910 0.361479 -0.003858 
-0.072281 0.103793 -3.636570 -0.091057 0.361205 -0.002672 
-0.070420 0.094644 -3.833749 -0.091270 0.361314 -0.000804 
-0.055011 0.095111 -4.031002 -0.091247 0.361046 0.000959 
-0.053551 0.094554 -4.279642 -0.091236 0.361074 0.002998 
-0.060635 0.089055 -4.341979 -0.091115 0.361418 0.003474 
-0.062307 0.088501 -4.238036 -0.090805 0.361604 0.002269 
-0.063974 0.088598 -4.030979 -0.090655 0.361680 0.000512 
-0.072732 0.093597 -3.835140 -0.090475 0.361618 -0.000821 
-0.073494 0.102093 -3.596140 -0.090590 0.361685 -0.002972 
-0.066168 0.106901 -3.523710 -0.090716 0.361529 -0.003441 
-0.072442 0.102438 -3.648951 -0.090744 0.361592 -0.002048 
-0.063053 0.097906 -3.835230 -0.091082 0.361552 -0.000381 
-0.054289 0.093036 -4.000723 -0.091263 0.361610 0.000978 
-0.052829 0.092479 -4.249363 -0.091252 0.361638 0.003017 
-0.051940 0.090716 -4.352238 -0.091259 0.362028 0.003567 
-0.060523 0.086276 -4.237559 -0.091141 0.362164 0.002267 
-0.062560 0.094335 -4.040686 -0.090775 0.362343 0.000393 
-0.064885 0.094724 -3.854120 -0.090462 0.362330 -0.001382 
-0.059909 0.100679 -3.606056 -0.090270 0.361973 -0.003311 
-0.067387 0.105073 -3.513627 -0.090249 0.362014 -0.003767 
-0.065870 0.113655 -3.628592 -0.090341 0.361930 -0.002358 
-0.057156 0.110304 -3.815948 -0.090510 0.361610 -0.000369 
-0.054644 0.100733 -4.022982 -0.090886 0.361811 0.001491 
-0.052814 0.092215 -4.261438 -0.091093 0.361736 0.003646 
-0.052664 0.083535 -4.353530 -0.091149 0.361745 0.003994 
-0.060959 0.086765 -4.228543 -0.090978 0.362071 0.002595 
-0.063083 0.087486 -4.030741 -0.090824 0.361960 0.000511 
-0.064943 0.096635 -3.833562 -0.090610 0.361850 -0.001356 
-0.060600 0.102124 -3.595057 -0.090261 0.361594 -0.003619 
-0.061207 0.111427 -3.512220 -0.090200 0.361399 -0.004294 
-0.060603 0.112003 -3.616706 -0.090190 0.361220 -0.003094 
-0.058479 0.111282 -3.814508 -0.090343 0.361332 -0.001010 
-0.056403 0.102200 -4.012526 -0.090556 0.361440 0.001178 
-0.047662 0.097567 -4.261718 -0.090570 0.361416 0.003429 
-0.046035 0.079881 -4.344228 -0.091010 0.361600 0.004214 
-0.061442 0.078892 -4.219742 -0.090873 0.361976 0.003027 
-0.069932 0.091695 -4.031866 -0.090798 0.362011 0.000940 
-0.064124 0.087920 -3.844471 -0.090831 0.361939 -0.000938 
-0.072817 0.100913 -3.595064 -0.090759 0.361966 -0.003294 
-0.065708 0.105653 -3.521795 -0.090886 0.361811 -0.004084 
-0.065345 0.106920 -3.636374 -0.090870 0.361444 -0.002890 
-0.056983 0.101387 -3.824340 -0.090733 0.361701 -0.000914 
-0.049265 0.105659 -4.001093 -0.090528 0.361581 0.000650 
-0.047402 0.095988 -4.271039 -0.090581 0.361797 0.003095 
-0.047206 0.086414 -4.333929 -0.090484 0.362088 0.003783 
-0.062437 0.086516 -4.209138 -0.090499 0.362175 0.002603 
-0.063694 0.086883 -4.022029 -0.090507 0.362155 0.000833 
-0.064951 0.087251 -3.834921 -0.090516 0.362134 -0.000937 
-0.066451 0.088831 -3.585137 -0.090680 0.361819 -0.003290 
-0.059366 0.094330 -3.522800 -0.090801 0.361475 -0.003766 
-0.065680 0.090890 -3.646897 -0.090982 0.361250 -0.002688 
-0.057095 0.094809 -3.834343 -0.090939 0.361222 -0.000810 
-0.056079 0.095133 -4.031545 -0.090926 0.361054 0.000954 
-0.047338 0.090500 -4.280737 -0.090940 0.361030 0.003206 
-0.054401 0.094121 -4.353791 -0.090754 0.361188 0.003891 
-0.054763 0.092855 -4.239212 -0.090769 0.361554 0.002698 
-0.064153 0.097386 -4.052932 -0.090432 0.361594 0.001031 
-0.071818 0.101604 -3.845619 -0.090578 0.361713 -0.000612 
-0.066823 0.106672 -3.616969 -0.090392 0.361549 -0.002882 
-0.066168 0.106901 -3.523710 -0.090716 0.361529 -0.003441 
-0.072289 0.094409 -3.637929 -0.090962 0.361489 -0.002252 
-0.063268 0.097838 -3.834392 -0.091083 0.361553 -0.000702 
-0.061206 0.089021 -4.020334 -0.091455 0.361563 0.000856 
-0.059505 0.087772 -4.258880 -0.091450 0.361779 0.002901 
-0.059509 0.087122 -4.361994 -0.091288 0.361890 0.003453 
-0.054350 0.083246 -4.237511 -0.090998 0.361833 0.002159 
-0.063499 0.087086 -4.041139 -0.090666 0.362060 0.000499 
-0.065407 0.087875 -3.844175 -0.090511 0.361947 -0.001264 
-0.066821 0.096793 -3.595320 -0.090463 0.361923 -0.003407 
-0.067211 0.106164 -3.513322 -0.090401 0.361726 -0.003761 
-0.073069 0.102100 -3.628164 -0.090588 0.361688 -0.002356 
-0.063657 0.106688 -3.825160 -0.090860 0.361463 -0.000479 
-0.061426 0.089577 -4.012156 -0.091291 0.361470 0.001505 
-0.059315 0.088599 -4.270651 -0.091443 0.361589 0.003537 
-0.051596 0.083513 -4.352987 -0.091470 0.361737 0.003999 
-0.060179 0.079073 -4.238308 -0.091352 0.361872 0.002698 
-0.069367 0.083937 -4.040792 -0.091173 0.361812 0.000723 
-0.064164 0.088944 -3.843327 -0.090985 0.361651 -0.001252 
-0.066469 0.098974 -3.594710 -0.090768 0.361347 -0.003395 
-0.067902 0.107608 -3.502323 -0.090392 0.361347 -0.004068 
-0.060240 0.103912 -3.636869 -0.090406 0.361121 -0.003003 
-0.058767 0.103612 -3.824816 -0.090397 0.361141 -0.000912 
-0.049626 0.090388 -4.022548 -0.090634 0.361198 0.001168 
-0.047321 0.080357 -4.271164 -0.090851 0.361502 0.003310 
-0.053732 0.083557 -4.354073 -0.090828 0.361753 0.003989 
-0.068722 0.082967 -4.219190 -0.090848 0.362028 0.002815 
-0.062216 0.087132 -4.041434 -0.090986 0.362051 0.000825 
-0.063707 0.088319 -3.834073 -0.090990 0.361838 -0.000925 
-0.071797 0.092531 -3.594736 -0.091139 0.361955 -0.003184 
-0.071993 0.102105 -3.531846 -0.091235 0.361663 -0.003872 
-0.064694 0.106499 -3.646229 -0.091033 0.361536 -0.002898 
-0.056156 0.102057 -3.833890 -0.091049 0.361505 -0.000915 
-0.054248 0.101268 -4.030854 -0.091203 0.361617 0.000848 
-0.045924 0.096237 -4.290444 -0.091059 0.361693 0.003087 
-0.052793 0.090805 -4.353620 -0.090937 0.362036 0.003883 
-0.060508 0.086012 -4.249635 -0.090982 0.362263 0.002896 
-0.062417 0.086800 -4.052671 -0.090827 0.362150 0.001133 
-0.077650 0.087423 -3.855113 -0.091003 0.362131 -0.000624 
-0.072239 0.092891 -3.616065 -0.090974 0.361866 -0.002882 
-0.066384 0.106833 -3.522872 -0.090717 0.361530 -0.003762 
-0.065345 0.106920 -3.636374 -0.090870 0.361444 -0.002890 
-0.063912 0.107644 -3.823178 -0.091015 0.361177 -0.001114 
-0.055590 0.103134 -4.010000 -0.091031 0.361146 0.000547 
-0.046849 0.098502 -4.259193 -0.091045 0.361121 0.002799 
-0.046660 0.088799 -4.352428 -0.090948 0.361417 0.003461 
-0.055630 0.093208 -4.228518 -0.090607 0.361463 0.002384 
-0.064128 0.096627 -4.042001 -0.090438 0.361782 0.000716 
-0.065533 0.105152 -3.835568 -0.090229 0.361860 -0.000824 
-0.066993 0.105709 -3.586928 -0.090240 0.361832 -0.002863 
-0.059668 0.110517 -3.514498 -0.090366 0.361676 -0.003332 
-0.065324 0.106785 -3.618104 -0.090711 0.361539 -0.002235 
-0.056351 0.101854 -3.814781 -0.090891 0.361600 -0.000581 
-0.054026 0.101464 -4.001347 -0.091203 0.361612 0.001195 
-0.052177 0.092058 -4.259218 -0.091415 0.361730 0.003010 
-0.052438 0.083108 -4.331362 -0.091314 0.361834 0.003371 
-0.054056 0.091044 -4.196857 -0.090945 0.362019 0.002087 
-0.063452 0.095447 -4.040924 -0.090607 0.362063 0.000394 
-0.065119 0.095544 -3.833867 -0.090458 0.362138 -0.001362 
-0.059909 0.100679 -3.606056 -0.090270 0.361973 -0.003311 
-0.060711 0.109780 -3.504109 -0.090051 0.361873 -0.003652 
-0.059456 0.109934 -3.618450 -0.090204 0.361787 -0.002459 
-0.050091 0.106161 -3.815662 -0.090535 0.361559 -0.000477 
-0.055946 0.101576 -4.003272 -0.090561 0.361628 0.001505 
-0.053728 0.084207 -4.250960 -0.090989 0.361642 0.003437 
-0.052711 0.075174 -4.353745 -0.091208 0.361742 0.004098 
-0.054134 0.083314 -4.238350 -0.090997 0.361832 0.002480 
-0.063083 0.087486 -4.030741 -0.090824 0.361960 0.000511 
-0.065400 0.097259 -3.842816 -0.090606 0.361663 -0.001683 
-0.059532 0.102102 -3.594514 -0.090582 0.361586 -0.003614 
-0.061207 0.111427 -3.512220 -0.090200 0.361399 -0.004294 
-0.059736 0.111649 -3.627400 -0.090352 0.361311 -0.002780 
-0.058264 0.111349 -3.815347 -0.090343 0.361331 -0.000689 
-0.056349 0.110689 -3.981965 -0.090498 0.361439 0.001099 
-0.053007 0.101267 -4.271316 -0.091029 0.361551 0.003536 
-0.052448 0.083603 -4.354369 -0.091148 0.361744 0.004315 
-0.060567 0.087923 -4.229077 -0.091129 0.361783 0.002922 
-0.068475 0.082824 -4.040554 -0.091341 0.362092 0.000722 
-0.070599 0.083545 -3.842751 -0.091188 0.361980 -0.001362 
-0.064900 0.096682 -3.593396 -0.091106 0.361907 -0.003718 
-0.065747 0.106677 -3.520651 -0.091039 0.361524 -0.004399 
-0.057992 0.110447 -3.625780 -0.090842 0.361584 -0.003097 
-0.057023 0.102410 -3.823197 -0.090887 0.361413 -0.001229 
-0.048438 0.106329 -4.010643 -0.090844 0.361385 0.000650 
-0.053681 0.092568 -4.250745 -0.090931 0.361645 0.003333 
-0.052812 0.091693 -4.334206 -0.090932 0.361843 0.004224 
-0.060326 0.087231 -4.218984 -0.091135 0.361971 0.002928 
-0.069322 0.083042 -4.011590 -0.091020 0.362095 0.001064 
-0.070579 0.083410 -3.824481 -0.091029 0.362075 -0.000706 
-0.071380 0.092930 -3.584338 -0.091297 0.361855 -0.003171 
-0.064947 0.098850 -3.512146 -0.091255 0.361419 -0.003640 
-0.071389 0.102680 -3.636332 -0.091225 0.361485 -0.002673 
-0.070219 0.094975 -3.822512 -0.091429 0.361215 -0.001113 
-0.062051 0.098495 -4.020357 -0.091228 0.361286 0.000753 
-0.054378 0.093884 -4.270092 -0.090921 0.361270 0.002999 
-0.061703 0.089077 -4.342522 -0.090794 0.361426 0.003468 
-0.062717 0.088231 -4.218088 -0.090647 0.361700 0.002282 
-0.064827 0.088687 -4.032361 -0.090334 0.361687 0.000828 
-0.080476 0.088912 -3.845200 -0.090352 0.361768 -0.000942 
-0.074173 0.093266 -3.605915 -0.090491 0.361783 -0.003201 
-0.073907 0.102345 -3.503425 -0.090593 0.361675 -0.003536 
-0.072216 0.102010 -3.626782 -0.090909 0.361681 -0.002672 
-0.062410 0.097878 -3.802664 -0.091405 0.361542 -0.000992 
-0.061441 0.089841 -4.000081 -0.091450 0.361371 0.000876 
-0.051761 0.092457 -4.248820 -0.091574 0.361630 0.003022 
-0.058460 0.087988 -4.342037 -0.091604 0.361689 0.003799 
-0.059891 0.086743 -4.228000 -0.091299 0.362063 0.002600 
-0.069233 0.099635 -4.041506 -0.090902 0.362106 0.000829 
-0.071404 0.091995 -3.843918 -0.090807 0.361991 -0.001151 
-0.065490 0.105199 -3.595401 -0.090724 0.361917 -0.003185 
-0.066560 0.105743 -3.523177 -0.090564 0.361818 -0.003768 
-0.065305 0.105897 -3.637518 -0.090717 0.361732 -0.002576 
-0.070959 0.101643 -3.813891 -0.090901 0.361701 -0.000902 
-0.069098 0.092494 -4.011070 -0.091114 0.361810 0.000965 
-0.060573 0.087794 -4.259423 -0.091129 0.361787 0.002896 
-0.060208 0.079182 -4.352354 -0.091184 0.361795 0.003565 
-0.067822 0.091239 -4.217593 -0.091111 0.362024 0.002395 
-0.069536 0.092230 -4.039738 -0.091115 0.361816 0.000297 
-0.071444 0.093019 -3.842774 -0.090961 0.361704 -0.001465 
-0.073796 0.094689 -3.594373 -0.090803 0.361396 -0.003503 
-0.067075 0.108278 -3.511873 -0.090707 0.361151 -0.004069 
-0.065557 0.116860 -3.626838 -0.090800 0.361067 -0.002660 
-0.064132 0.108200 -3.815000 -0.090850 0.361084 -0.000465 
-0.062224 0.107411 -4.011964 -0.091005 0.361196 0.001297 
-0.052879 0.093997 -4.271226 -0.091240 0.361260 0.003646 
-0.066008 0.084258 -4.333522 -0.091474 0.361645 0.004340 
-0.067237 0.083345 -4.208249 -0.091328 0.361920 0.002832 
-0.069127 0.083245 -4.030699 -0.091179 0.362000 0.000729 
-0.078315 0.088109 -3.833183 -0.091000 0.361940 -0.001246 
-0.073531 0.093238 -3.573348 -0.090814 0.361772 -0.003812 
-0.066815 0.106699 -3.521194 -0.090718 0.361532 -0.004404 
-0.059060 0.110469 -3.626323 -0.090521 0.361592 -0.003102 
-0.058044 0.110793 -3.823525 -0.090507 0.361425 -0.001339 
-0.056599 0.101245 -4.031101 -0.090562 0.361634 0.000516 
-0.047449 0.087627 -4.271254 -0.090639 0.361793 0.003199 
-0.054095 0.091647 -4.333910 -0.090612 0.361852 0.003898 
-0.061106 0.094922 -4.209219 -0.090760 0.362170 0.002825 
-0.068615 0.090589 -4.063651 -0.090964 0.362293 0.001555 
-0.070268 0.100199 -3.824890 -0.090910 0.362080 -0.000594 
-0.071735 0.100627 -3.606596 -0.090920 0.362057 -0.002659 
-0.064860 0.106187 -3.513074 -0.091043 0.361709 -0.003429 
-0.064472 0.106695 -3.616722 -0.091033 0.361532 -0.002551 
-0.063255 0.107351 -3.802687 -0.091178 0.361265 -0.001096 
-0.055590 0.103134 -4.010000 -0.091031 0.361146 0.000547 
-0.054587 0.093945 -4.238907 -0.090922 0.361267 0.002704 
-0.054639 0.084934 -4.342236 -0.090819 0.361374 0.003360 
-0.056310 0.084381 -4.238292 -0.090509 0.361561 0.002155 
-0.058179 0.084146 -4.042472 -0.090201 0.361736 0.000707 
-0.074191 0.092460 -3.835149 -0.090002 0.361915 -0.001154 
-0.075893 0.093709 -3.596603 -0.090007 0.361699 -0.003199 
-0.068978 0.098246 -3.504225 -0.089976 0.361639 -0.003655 
-0.074176 0.103145 -3.627563 -0.090420 0.361409 -0.002676 
-0.057459 0.102899 -3.814180 -0.090723 0.361321 -0.000901 
-0.062461 0.098224 -4.000409 -0.091070 0.361382 0.000766 
-0.053285 0.093103 -4.258617 -0.091248 0.361450 0.002690 
-0.052679 0.083800 -4.341455 -0.091309 0.361646 0.003364 
-0.060805 0.078735 -4.217522 -0.091195 0.361969 0.002391 
-0.061752 0.095892 -4.030822 -0.091085 0.361954 0.000733 
-0.063613 0.105041 -3.833643 -0.090872 0.361845 -0.001134 
-0.065274 0.105267 -3.596240 -0.090723 0.361916 -0.002864 
-0.072992 0.110352 -3.513904 -0.090696 0.361769 -0.003327 
-0.064432 0.105672 -3.617866 -0.090879 0.361819 -0.002236 
-0.063463 0.097635 -3.815282 -0.090924 0.361648 -0.000368 
-0.061771 0.096780 -4.011407 -0.091080 0.361761 0.001074 
-0.053293 0.083719 -4.259976 -0.091153 0.361735 0.003109 
-0.052855 0.082709 -4.341759 -0.091156 0.361934 0.003358 
-0.062088 0.078690 -4.217226 -0.090875 0.361978 0.002065 
-0.063561 0.078990 -4.029278 -0.090884 0.361958 -0.000026 
-0.073185 0.084342 -3.822746 -0.090542 0.361805 -0.001674 
-0.067511 0.098237 -3.584322 -0.090453 0.361543 -0.003715 
-0.067902 0.107608 -3.502323 -0.090392 0.361347 -0.004068 
-0.059568 0.103355 -3.628453 -0.090410 0.361308 -0.002355 
-0.057027 0.103034 -3.815858 -0.090722 0.361319 -0.000259 
-0.055119 0.102245 -4.012822 -0.090876 0.361432 0.001504 
-0.052638 0.093305 -4.261133 -0.091246 0.361448 0.003653 
-0.059072 0.087385 -4.333325 -0.091287 0.361884 0.004121 
-0.066539 0.091284 -4.217889 -0.091432 0.362015 0.002721 
-0.068469 0.082953 -4.010208 -0.091342 0.362088 0.000748 
-0.069422 0.099981 -3.853854 -0.091231 0.362077 -0.000936 
-0.071750 0.100892 -3.594521 -0.091080 0.361958 -0.003288 
-0.065895 0.114834 -3.501327 -0.090822 0.361622 -0.004169 
-0.065467 0.114319 -3.606118 -0.090659 0.361731 -0.002975 
-0.064082 0.106682 -3.793137 -0.090862 0.361461 -0.001095 
-0.048245 0.097276 -4.000765 -0.090908 0.361569 0.000760 
-0.053897 0.092501 -4.249906 -0.090931 0.361646 0.003012 
-0.060772 0.086941 -4.343427 -0.090809 0.361993 0.003782 
-0.060959 0.086765 -4.228543 -0.090978 0.362071 0.002595 
-0.069932 0.091695 -4.031866 -0.090798 0.362011 0.000940 
-0.078516 0.087777 -3.844419 -0.090841 0.362039 -0.000938 
-0.072689 0.093643 -3.594974 -0.090970 0.361675 -0.003183 
-0.073295 0.102947 -3.512136 -0.090910 0.361479 -0.003858 
-0.071624 0.103500 -3.616079 -0.091220 0.361293 -0.002653 
-0.056215 0.103968 -3.813332 -0.091197 0.361025 -0.000889 
-0.047677 0.099525 -4.000994 -0.091213 0.360993 0.001094 
-0.053545 0.094682 -4.249296 -0.091237 0.361070 0.003024 
-0.053959 0.093762 -4.332461 -0.090918 0.361277 0.003589 
-0.061627 0.097329 -4.228261 -0.090903 0.361507 0.002498 
-0.063711 0.097026 -4.031603 -0.090596 0.361682 0.000729 
-0.064728 0.096702 -3.834401 -0.090610 0.361850 -0.001035 
-0.074383 0.093327 -3.574730 -0.090492 0.361780 -0.003496 
-0.074827 0.094209 -3.523292 -0.090489 0.361584 -0.003771 
-0.065546 0.106589 -3.647611 -0.090711 0.361544 -0.002582 
-0.064129 0.098321 -3.793352 -0.090921 0.361458 -0.000990 
-0.054899 0.101689 -4.020999 -0.091041 0.361525 0.000855 
-0.053092 0.084051 -4.248739 -0.091312 0.361635 0.002800 
-0.053143 0.075040 -4.352068 -0.091209 0.361743 0.003456 
-0.061174 0.086697 -4.227704 -0.090978 0.362072 0.002274 
-0.062801 0.095026 -4.050779 -0.090770 0.362155 0.000387 
-0.064077 0.096281 -3.844256 -0.090773 0.361942 -0.001042 
-0.073019 0.100582 -3.606300 -0.090600 0.362065 -0.002985 
-0.065928 0.106209 -3.513617 -0.090722 0.361717 -0.003435 
-0.064720 0.098003 -3.628174 -0.090933 0.361628 -0.002138 
-0.062180 0.097681 -3.815578 -0.091245 0.361639 -0.000042 
-0.060775 0.089156 -4.022011 -0.091453 0.361561 0.001498 
-0.051592 0.084164 -4.249874 -0.091632 0.361626 0.003448 
-0.059575 0.079649 -4.342795 -0.091342 0.361694 0.003898 
-0.053981 0.075284 -4.227328 -0.091215 0.361729 0.002276 
-0.063802 0.079681 -4.039371 -0.090879 0.361770 -0.000032 
-0.073379 0.093394 -3.832624 -0.090477 0.361620 -0.001784 
-0.069036 0.098883 -3.594119 -0.090128 0.361364 -0.004047 
-0.069186 0.107563 -3.502027 -0.090072 0.361356 -0.004395 
-0.060388 0.112070 -3.617545 -0.090189 0.361220 -0.002773 
-0.058552 0.103680 -3.825655 -0.090396 0.361140 -0.000591 
-0.056011 0.103358 -4.013060 -0.090708 0.361152 0.001505 
-0.053490 0.093395 -4.262515 -0.090924 0.361456 0.003968 
-0.060165 0.088166 -4.344800 -0.090960 0.361704 0.004430 
-0.060374 0.078870 -4.219199 -0.091194 0.361967 0.003033 
-0.068911 0.083313 -4.031538 -0.091178 0.361999 0.001050 
-0.063003 0.096388 -3.813367 -0.091094 0.361929 -0.001011 
-0.065504 0.105464 -3.583326 -0.090884 0.361818 -0.003815 
-0.066158 0.106406 -3.500703 -0.090882 0.361619 -0.004385 
-0.057992 0.110447 -3.625780 -0.090842 0.361584 -0.003097 
-0.049871 0.105605 -3.823839 -0.090700 0.361652 -0.001127 
-0.048399 0.105305 -4.011787 -0.090690 0.361672 0.000964 
-0.046817 0.088094 -4.261695 -0.090797 0.361693 0.003533 
-0.061207 0.087429 -4.334411 -0.090645 0.361900 0.004110 
-0.053873 0.082486 -4.209987 -0.090844 0.362114 0.003142 
-0.063478 0.086951 -4.022868 -0.090507 0.362154 0.001154 
-0.064534 0.087650 -3.824523 -0.090674 0.362034 -0.000924 
-0.066242 0.088770 -3.616322 -0.090678 0.361823 -0.002995 
-0.067057 0.098135 -3.502300 -0.090619 0.361624 -0.003965 
-0.065842 0.099312 -3.615497 -0.090925 0.361250 -0.003087 
-0.057761 0.095494 -3.812413 -0.090936 0.361031 -0.001432 
-0.048720 0.098788 -3.990605 -0.090898 0.361189 0.000774 
-0.054372 0.094013 -4.239746 -0.090921 0.361266 0.003025 
-0.046228 0.088934 -4.354106 -0.090946 0.361416 0.004103 
-0.061003 0.088411 -4.220061 -0.090966 0.361690 0.003250 
-0.062676 0.088379 -4.043350 -0.090816 0.361770 0.001468 
-0.063469 0.097507 -3.845628 -0.090924 0.361652 -0.000394 
-0.065562 0.097597 -3.606548 -0.090777 0.361725 -0.002766 
-0.073054 0.102255 -3.502043 -0.090915 0.361667 -0.003852 
-0.072015 0.102342 -3.615545 -0.091068 0.361581 -0.002980 
-0.063693 0.097832 -3.802368 -0.091085 0.361550 -0.001318 
-0.062026 0.097736 -4.009425 -0.091234 0.361475 0.000438 
-0.053911 0.092765 -4.237830 -0.091091 0.361547 0.002382 
-0.053747 0.083822 -4.341998 -0.090988 0.361654 0.003359 
-0.062530 0.079050 -4.238556 -0.090711 0.361889 0.002367 
-0.063887 0.095936 -4.031907 -0.090443 0.361970 0.000722 
-0.072257 0.092085 -3.845300 -0.090485 0.361998 -0.000835 
-0.074562 0.102115 -3.596683 -0.090269 0.361694 -0.002977 
-0.073859 0.110705 -3.503210 -0.090534 0.361678 -0.003640 
-0.065123 0.107116 -3.606867 -0.090870 0.361440 -0.002543 
-0.070126 0.102441 -3.793095 -0.091217 0.361501 -0.000877 
-0.068506 0.093984 -4.000367 -0.091425 0.361422 0.000984 
-0.059611 0.081322 -4.238537 -0.091657 0.361296 0.003032 
-0.059352 0.089100 -4.342275 -0.091436 0.361409 0.003800 
-0.067934 0.084660 -4.227596 -0.091317 0.361545 0.002499 
-0.070019 0.084358 -4.030937 -0.091010 0.361720 0.000730 
-0.064969 0.097394 -3.844494 -0.090604 0.361662 -0.001041 
-0.067450 0.106334 -3.596182 -0.090235 0.361645 -0.003190 
-0.068319 0.107209 -3.512721 -0.090234 0.361447 -0.004081 
-0.067475 0.107093 -3.607114 -0.090229 0.361457 -0.002875 
-0.066427 0.106787 -3.763038 -0.090222 0.361474 -0.001400 
-0.049338 0.098057 -4.012240 -0.090581 0.361389 0.001070 
-0.046616 0.088426 -4.250458 -0.090956 0.361593 0.003225 
-0.045599 0.079393 -4.353244 -0.091174 0.361693 0.003886 
-0.059938 0.078382 -4.228215 -0.091357 0.362060 0.002705 
-0.069328 0.082914 -4.041936 -0.091020 0.362099 0.001038 
-0.070121 0.092041 -3.844214 -0.091127 0.361982 -0.000824 
-0.064662 0.105869 -3.604951 -0.091040 0.361721 -0.003186 
-0.065679 0.114902 -3.502166 -0.090822 0.361621 -0.003848 
-0.057776 0.110514 -3.626619 -0.090841 0.361583 -0.002776 
-0.056519 0.110147 -3.813727 -0.090833 0.361604 -0.001006 
-0.054395 0.109426 -4.011530 -0.090986 0.361715 0.001078 
-0.053030 0.092147 -4.260600 -0.091094 0.361737 0.003325 
-0.052247 0.083934 -4.343132 -0.091307 0.361645 0.004006 
-0.067654 0.082945 -4.218647 -0.091169 0.362020 0.002820 
-0.076063 0.080118 -4.030895 -0.091365 0.361761 0.000948 
-0.070859 0.085124 -3.833430 -0.091177 0.361600 -0.001027 
-0.072776 0.086306 -3.594045 -0.091183 0.361385 -0.003393 
-0.073382 0.095609 -3.511207 -0.091122 0.361189 -0.004068 
-0.066083 0.100004 -3.625590 -0.090920 0.361062 -0.003093 
-0.057739 0.104614 -3.823130 -0.090871 0.360846 -0.001221 
-0.049378 0.099081 -4.011096 -0.090734 0.361102 0.000755 
-0.047964 0.090163 -4.259951 -0.090783 0.361126 0.002898 
-0.054423 0.085002 -4.343074 -0.090819 0.361374 0.003681 
-0.062132 0.080337 -4.208743 -0.090863 0.361596 0.002720 
-0.069562 0.083734 -4.021683 -0.091015 0.361907 0.001057 
-0.063075 0.088786 -3.824514 -0.091147 0.361738 -0.000592 
-0.071816 0.093418 -3.575321 -0.091133 0.361762 -0.002843 
-0.071771 0.102301 -3.502339 -0.091235 0.361658 -0.003525 
-0.070362 0.094426 -3.605658 -0.091605 0.361470 -0.002537 
-0.062041 0.089916 -3.792481 -0.091622 0.361438 -0.000875 
-0.053261 0.094038 -3.999036 -0.091737 0.361314 0.000669 
-0.045563 0.088668 -4.237840 -0.091436 0.361487 0.002600 
-0.059744 0.087942 -4.341741 -0.091284 0.361698 0.003473 
-0.054087 0.091674 -4.238135 -0.090938 0.361835 0.002376 
-0.056171 0.091372 -4.041476 -0.090631 0.362011 0.000607 
-0.058281 0.091829 -3.855749 -0.090318 0.361998 -0.000847 
-0.067047 0.097220 -3.617489 -0.090298 0.361833 -0.002784 
-0.060582 0.102510 -3.504019 -0.090263 0.361582 -0.003541 
-0.066439 0.098446 -3.618862 -0.090449 0.361544 -0.002136 
-0.057050 0.093914 -3.805141 -0.090787 0.361505 -0.000469 
-0.055382 0.093817 -4.012198 -0.090936 0.361429 0.001288 
-0.053527 0.084539 -4.239723 -0.091148 0.361543 0.003129 
-0.052463 0.083867 -4.342293 -0.091308 0.361645 0.003685 
-0.060998 0.087788 -4.227400 -0.091131 0.361784 0.002280 
-0.062859 0.096937 -4.030221 -0.090918 0.361675 0.000413 
-0.064767 0.097726 -3.833257 -0.090763 0.361563 -0.001350 
-0.066597 0.106244 -3.594800 -0.090557 0.361638 -0.003505 
-0.060574 0.111894 -3.502660 -0.090357 0.361298 -0.003960 
-0.066191 0.107138 -3.607410 -0.090549 0.361448 -0.002549 
-0.057243 0.102966 -3.815019 -0.090722 0.361320 -0.000580 
-0.055119 0.102245 -4.012822 -0.090876 0.361432 0.001504 
-0.053289 0.093726 -4.251278 -0.091083 0.361356 0.003660 
-0.052899 0.084355 -4.333277 -0.091144 0.361553 0.004014 
-0.060783 0.087855 -4.228238 -0.091130 0.361783 0.002601 
-0.062907 0.088576 -4.030436 -0.090976 0.361672 0.000517 
-0.072095 0.093440 -3.832919 -0.090798 0.361612 -0.001458 
-0.066444 0.098215 -3.583779 -0.090774 0.361535 -0.003709 
-0.067251 0.107187 -3.512178 -0.090555 0.361439 -0.004076 
-0.066647 0.107762 -3.616664 -0.090544 0.361261 -0.002876 
-0.057459 0.102899 -3.814180 -0.090723 0.361321 -0.000901 
-0.056403 0.102200 -4.012526 -0.090556 0.361440 0.001178 
-0.053882 0.092236 -4.261981 -0.090772 0.361744 0.003641 
-0.053075 0.083265 -4.333582 -0.090991 0.361841 0.004007 
-0.060737 0.086961 -4.199036 -0.090977 0.362066 0.002942 
-0.069537 0.082975 -4.010751 -0.091021 0.362096 0.000743 
-0.070747 0.091703 -3.823427 -0.090971 0.362079 -0.001132 
-0.072401 0.101313 -3.584666 -0.090917 0.361866 -0.003281 
-0.065990 0.098113 -3.501757 -0.090940 0.361616 -0.003960 
-0.065138 0.107381 -3.594791 -0.091030 0.361341 -0.003173 
-0.057258 0.103231 -3.802944 -0.090882 0.361221 -0.001209 
-0.048720 0.098788 -3.990605 -0.090898 0.361189 0.000774 
-0.039932 0.102517 -4.239582 -0.090853 0.361168 0.002921 
-0.047056 0.088264 -4.344556 -0.090631 0.361612 0.004104 
-0.062052 0.087545 -4.240018 -0.090650 0.361891 0.002904 
-0.063261 0.096274 -4.052694 -0.090600 0.361874 0.001030 
-0.064512 0.096770 -3.835240 -0.090609 0.361849 -0.000714 
-0.065562 0.097597 -3.606548 -0.090777 0.361725 -0.002766 
-0.066015 0.098872 -3.512689 -0.090934 0.361427 -0.003645 
-0.064559 0.099358 -3.615793 -0.091245 0.361241 -0.002761 
-0.062651 0.098569 -3.812757 -0.091400 0.361354 -0.000998 
-0.061634 0.098894 -4.009959 -0.091386 0.361186 0.000765 
-0.052868 0.093502 -4.248219 -0.091406 0.361350 0.002702 
-0.053114 0.084288 -4.332438 -0.091145 0.361553 0.003693 
-0.054738 0.092096 -4.228280 -0.090775 0.361743 0.002383 
-0.064150 0.087507 -4.031284 -0.090503 0.361968 0.000506 
-0.072472 0.092017 -3.844461 -0.090486 0.361999 -0.001156 
-0.066558 0.105221 -3.595944 -0.090403 0.361925 -0.003191 
-0.066795 0.106563 -3.502924 -0.090559 0.361626 -0.003748 
-0.072893 0.103190 -3.627859 -0.090740 0.361400 -0.002350 
-0.063503 0.098659 -3.814139 -0.091078 0.361361 -0.000683 
-0.061835 0.098562 -4.021195 -0.091227 0.361286 0.001074 
-0.052854 0.093238 -4.260295 -0.091246 0.361449 0.003332 
-0.052704 0.084559 -4.352386 -0.091302 0.361458 0.003679 
-0.060870 0.080518 -4.227310 -0.091343 0.361493 0.002391 
-0.062907 0.088576 -4.030436 -0.090976 0.361672 0.000517 
-0.064767 0.097726 -3.833257 -0.090763 0.361563 -0.001350 
-0.066597 0.106244 -3.594800 -0.090557 0.361638 -0.003505 
-0.067035 0.107254 -3.513017 -0.090554 0.361438 -0.003755 
-0.065781 0.107409 -3.627358 -0.090707 0.361352 -0.002562 
-0.063657 0.106688 -3.825160 -0.090860 0.361463 -0.000479 
-0.061843 0.089178 -4.022554 -0.091132 0.361570 0.001493 
-0.059966 0.089020 -4.260796 -0.091280 0.361497 0.003544 
-0.059575 0.079649 -4.342795 -0.091342 0.361694 0.003898 
-0.060783 0.087855 -4.228238 -0.091130 0.361783 0.002601 
-0.062907 0.088576 -4.030436 -0.090976 0.361672 0.000517 
-0.071444 0.093019 -3.842774 -0.090961 0.361704 -0.001465 
-0.066684 0.098907 -3.593872 -0.090769 0.361347 -0.003716 
-0.067492 0.107879 -3.522271 -0.090549 0.361251 -0.004082 
-0.066446 0.108094 -3.605427 -0.090703 0.361161 -0.003184 
-0.057646 0.112080 -3.793712 -0.090660 0.361132 -0.000985 
-0.062897 0.098712 -3.991392 -0.090907 0.361289 0.001094 
-0.053505 0.093659 -4.250440 -0.091083 0.361357 0.003339 
-0.059385 0.080475 -4.354565 -0.091335 0.361505 0.004534 
-0.066812 0.083351 -4.240272 -0.091325 0.361922 0.003448 
-0.068238 0.092012 -4.052110 -0.091276 0.361906 0.001253 
-0.069294 0.092711 -3.853764 -0.091443 0.361786 -0.000825 
-0.071627 0.093493 -3.624777 -0.091291 0.361671 -0.003204 
-0.065378 0.098715 -3.510468 -0.091256 0.361420 -0.004282 
-0.064990 0.099223 -3.614115 -0.091247 0.361243 -0.003403 
-0.070798 0.102998 -3.801510 -0.091213 0.361315 -0.001525 
-0.055853 0.094706 -4.009377 -0.091091 0.361143 0.000331 
-0.047307 0.089870 -4.239460 -0.090946 0.361214 0.002917 
-0.053967 0.084377 -4.333820 -0.090823 0.361561 0.004008 
-0.062750 0.079606 -4.230378 -0.090546 0.361796 0.003016 
-0.056679 0.084259 -4.043607 -0.090520 0.361726 0.001354 
-0.064344 0.088476 -3.836293 -0.090667 0.361845 -0.000289 
-0.066677 0.089258 -3.607306 -0.090515 0.361730 -0.002667 
-0.067083 0.098894 -3.513232 -0.090613 0.361435 -0.003650 
-0.065386 0.098688 -3.606243 -0.090930 0.361437 -0.002760 
-0.057258 0.103231 -3.802944 -0.090882 0.361221 -0.001209 
-0.048285 0.098300 -3.999621 -0.091062 0.361282 0.000446 
-0.047523 0.089803 -4.238621 -0.090947 0.361215 0.002596 
-0.046707 0.080438 -4.352643 -0.091006 0.361414 0.003566 
-0.047699 0.088712 -4.238926 -0.090794 0.361503 0.002590 
-0.055956 0.091439 -4.042315 -0.090630 0.362010 0.000928 
-0.064976 0.088010 -3.845853 -0.090510 0.361946 -0.000622 
-0.059302 0.101905 -3.607429 -0.090421 0.361684 -0.002663 
-0.059298 0.102555 -3.504315 -0.090583 0.361573 -0.003215 
-0.065324 0.106785 -3.618104 -0.090711 0.361539 -0.002235 
-0.064330 0.097989 -3.804589 -0.090762 0.361557 -0.000682 
-0.055598 0.093750 -4.011359 -0.090936 0.361430 0.000967 
-0.053480 0.092900 -4.239508 -0.091090 0.361546 0.003024 
-0.045592 0.088777 -4.351885 -0.091269 0.361409 0.003467 
-0.046846 0.088623 -4.237544 -0.091116 0.361496 0.002274 
-0.056236 0.093154 -4.051264 -0.090778 0.361535 0.000607 
-0.065209 0.098085 -3.854587 -0.090599 0.361474 -0.001047 
-0.066670 0.098643 -3.605947 -0.090609 0.361446 -0.003086 
-0.067471 0.107743 -3.504000 -0.090390 0.361346 -0.003427 
-0.066457 0.108589 -3.628435 -0.090537 0.361071 -0.002240 
-0.057067 0.104057 -3.814714 -0.090875 0.361032 -0.000573 
-0.055857 0.095329 -4.002038 -0.090926 0.361049 0.001301 
-0.054009 0.085922 -4.259909 -0.091138 0.361167 0.003116 
-0.053772 0.084581 -4.352929 -0.090981 0.361466 0.003674 
-0.062354 0.080141 -4.238251 -0.090863 0.361601 0.002373 
-0.071543 0.085004 -4.040734 -0.090685 0.361541 0.000398 
-0.072987 0.094552 -3.833157 -0.090629 0.361332 -0.001457 
-0.074641 0.104162 -3.594396 -0.090576 0.361119 -0.003607 
-0.068383 0.108991 -3.522509 -0.090381 0.360971 -0.004081 
-0.053387 0.109710 -3.627047 -0.090361 0.360692 -0.002881 
-0.058639 0.096342 -3.824727 -0.090608 0.360850 -0.000801 
-0.064083 0.092027 -4.032285 -0.090791 0.360823 0.001168 
-0.054685 0.087102 -4.260986 -0.090969 0.360886 0.003438 
-0.061384 0.082633 -4.354203 -0.090999 0.360946 0.004215 
-0.069075 0.077080 -4.239286 -0.091049 0.361361 0.002913 
-0.070075 0.085747 -4.083147 -0.090997 0.361347 0.001334 
-0.079971 0.083064 -3.833569 -0.090875 0.361089 -0.001134 
-0.074560 0.088531 -3.594521 -0.090846 0.360825 -0.003391 
-0.068101 0.093692 -3.511397 -0.090810 0.360578 -0.004174 
-0.068108 0.102921 -3.636159 -0.090578 0.360315 -0.003098 
-0.059780 0.098539 -3.792636 -0.090595 0.360279 -0.001410 
-0.059180 0.098465 -4.000236 -0.090423 0.360212 0.000341 
-0.050198 0.093141 -4.239335 -0.090442 0.360375 0.002599 
-0.056447 0.087918 -4.353644 -0.090476 0.360626 0.003677 
-0.057487 0.087832 -4.240141 -0.090323 0.360712 0.002805 
-0.058791 0.079838 -4.053247 -0.090390 0.360688 0.001140 
0.386977 0.725015 -5.551673 -0.068783 0.340481 -0.004170 
1.327089 0.248958 -12.988958 0.004258 0.255189 -0.000385 
1.681983 0.120154 -18.228983 0.085871 0.185451 0.014685 
1.783775 -0.811538 -22.630117 0.168695 0.137085 0.019381 
2.781065 -0.973525 -26.301141 0.228493 0.089007 0.051372 
3.392505 -0.732592 -29.413392 0.298912 0.039160 0.085067 
4.045883 0.069647 -31.226730 0.385443 -0.003072 0.108087 
3.689316 -0.454785 -32.030671 0.458620 -0.040609 0.120569 
3.293468 -1.339433 -31.986849 0.497516 -0.068185 0.121056 
3.086539 -1.502552 -31.524279 0.511361 -0.103012 0.111608 
2.981755 -1.200339 -31.278635 0.510721 -0.151628 0.107364 
2.950428 -0.864834 -31.186083 0.487849 -0.190076 0.090460 
2.851938 -0.672344 -31.394916 0.445774 -0.220759 0.065189 
2.653236 -1.103195 -31.389555 0.401990 -0.257793 0.059242 
2.372334 -1.081189 -30.812015 0.371110 -0.280993 0.062524 
2.277418 -0.765291 -30.373206 0.347535 -0.276451 0.069880 
2.131259 -0.960142 -29.768885 0.324010 -0.250645 0.085180 
1.982634 -1.272907 -28.137873 0.305687 -0.201113 0.094096 
1.948548 -1.556256 -26.278093 0.305295 -0.139565 0.099590 
1.684622 -1.826900 -24.270721 0.309489 -0.048395 0.106002 
1.689253 -1.921577 -21.930618 0.308611 0.058485 0.099895 
1.443305 -1.961974 -19.389618 0.295107 0.152535 0.080930 
1.180471 -2.100565 -16.888852 0.262742 0.241743 0.055152 
0.866503 -2.124383 -15.252786 0.218663 0.328196 0.023320 
0.792408 -2.321980 -14.197402 0.155380 0.400237 -0.002098 
0.996861 -2.608240 -12.958894 0.081845 0.446452 -0.019781 
1.055048 -2.811629 -11.638564 0.013000 0.476714 -0.031666 
0.717908 -2.827455 -10.824244 -0.042351 0.508307 -0.036489 
0.431035 -2.685766 -10.782969 -0.067911 0.538244 -0.040408 
0.356419 -2.585675 -10.585535 -0.069041 0.550532 -0.045892 
0.482831 -2.679445 -10.063281 -0.056788 0.539979 -0.051883 
0.592825 -2.717892 -9.411307 -0.036764 0.524206 -0.057905 
0.403988 -2.580858 -8.793398 -0.005866 0.505188 -0.057133 
0.181177 -2.340233 -8.554823 0.036699 0.478313 -0.050077 
0.249560 -2.358418 -8.625058 0.067018 0.454666 -0.041974 
0.498276 -2.508979 -8.671005 0.080928 0.418484 -0.031916 
0.431297 -2.556943 -8.434305 0.076238 0.378659 -0.019736 
0.305155 -2.215702 -7.980592 0.062178 0.346928 -0.006404 
0.071885 -1.717614 -7.563591 0.038866 0.323458 0.003796 
0.058264 -1.320910 -7.086455 0.000006 0.308009 0.004166 
0.146080 -1.148208 -6.565875 -0.048578 0.296011 -0.006463 
-0.053884 -0.925518 -6.151373 -0.093769 0.296006 -0.021729 
-0.182010 -0.417574 -5.966071 -0.127429 0.313566 -0.031337 
-0.248718 0.140111 -5.929829 -0.152022 0.343780 -0.029540 
-0.119043 0.572440 -5.927740 -0.170791 0.376898 -0.019272 
0.087842 0.749471 -6.196469 -0.183585 0.416309 -0.003502 
0.098433 0.929529 -6.770653 -0.187620 0.463763 0.018337 
0.101719 1.104241 -7.182695 -0.182212 0.501223 0.042319 
0.100403 1.301290 -7.021689 -0.175225 0.528985 0.063885 
0.197555 1.337092 -6.561467 -0.172217 0.546747 0.078515 
0.349624 1.318340 -6.292192 -0.172441 0.554730 0.083466 
0.367809 1.304908 -6.114409 -0.175750 0.553404 0.075849 
0.485053 1.275827 -5.870743 -0.179586 0.533270 0.056060 
0.323074 1.208337 -5.662566 -0.185456 0.505308 0.028746 
0.191636 1.279901 -5.596514 -0.184868 0.487731 -0.003243 
0.352988 1.158148 -5.763875 -0.174201 0.467122 -0.030821 
0.388951 1.060122 -5.810631 -0.157333 0.441475 -0.053812 
0.548073 0.867608 -5.628865 -0.144280 0.411835 -0.072584 
0.362630 0.868853 -5.336545 -0.134573 0.391969 -0.076856 
0.116049 1.032488 -4.863746 -0.119426 0.376158 -0.064412 
0.064111 1.284928 -4.199907 -0.103866 0.356916 -0.039844 
0.118375 1.349383 -3.632200 -0.098564 0.340106 -0.011133 
0.221586 1.192772 -3.538133 -0.104734 0.327297 0.015599 
0.099721 1.248718 -3.703466 -0.113390 0.320772 0.038852 
-0.030896 1.293986 -4.008661 -0.121316 0.312306 0.057060 
-0.185532 1.324862 -4.295965 -0.135479 0.314484 0.064102 
-0.218709 1.169285 -4.875143 -0.157956 0.330850 0.062733 
-0.291812 1.157241 -4.960400 -0.165805 0.341289 0.057298 
-0.487971 1.122928 -4.726764 -0.162484 0.348824 0.050710 
-0.522113 1.099350 -4.394388 -0.156109 0.360572 0.042607 
-0.597274 0.869960 -4.058192 -0.149276 0.372912 0.040092 
-0.544677 0.584617 -3.462406 -0.138433 0.382301 0.040208 
-0.451359 0.334445 -3.011341 -0.121036 0.384465 0.037516 
-0.502256 0.120630 -3.011825 -0.101673 0.381691 0.032343 
-0.484001 -0.074132 -3.231917 -0.087912 0.378649 0.025682 
-0.424627 -0.171474 -3.401146 -0.072958 0.370663 0.014744 
-0.503555 -0.337618 -3.520185 -0.060013 0.354900 0.002016 
-0.502783 -0.555118 -3.509015 -0.051568 0.336611 -0.014926 
-0.531217 -0.722950 -3.332036 -0.047300 0.318512 -0.034217 
-0.500167 -0.822831 -3.102844 -0.047503 0.297818 -0.050875 
-0.500738 -0.753287 -2.876753 -0.046053 0.283646 -0.063595 
-0.507159 -0.790262 -2.719059 -0.042466 0.280207 -0.067994 
-0.519565 -0.907444 -2.744095 -0.038470 0.277200 -0.064981 
-0.607165 -0.972991 -2.737564 -0.034157 0.275509 -0.058611 
-0.591950 -1.078698 -2.801690 -0.032475 0.277400 -0.047177 
-0.601697 -1.115428 -3.027695 -0.031443 0.284202 -0.035576 
-0.529789 -1.160536 -3.321289 -0.027208 0.295034 -0.023920 
-0.380004 -1.250241 -3.311270 -0.023738 0.301705 -0.019260 
-0.362701 -1.317706 -3.090658 -0.022776 0.310410 -0.023610 
-0.377070 -1.218382 -2.817740 -0.024849 0.324548 -0.034294 
-0.389304 -1.149352 -2.551558 -0.029058 0.335595 -0.044714 
-0.372701 -1.033966 -2.267756 -0.035172 0.340907 -0.056294 
-0.249940 -0.879273 -2.186045 -0.045114 0.346481 -0.061762 
-0.174788 -0.735488 -2.339137 -0.057556 0.352346 -0.053245 
-0.127241 -0.577502 -2.456060 -0.068784 0.353923 -0.039620 
-0.020384 -0.398618 -2.544235 -0.081112 0.350127 -0.020419 
-0.005369 -0.170019 -2.797791 -0.090562 0.347030 0.002154 
0.062280 0.095561 -3.133134 -0.096348 0.349234 0.022195 
0.084168 0.301032 -3.263553 -0.099060 0.351887 0.035367 
0.058826 0.392560 -3.123307 -0.100364 0.351521 0.041019 
0.056873 0.416995 -2.917290 -0.102776 0.350549 0.037606 
-0.001025 0.536835 -2.717955 -0.104554 0.353062 0.028607 
0.068228 0.625201 -2.610923 -0.105992 0.354397 0.019624 
0.175429 0.713287 -2.531752 -0.109173 0.352311 0.011002 
0.181073 0.770018 -2.516684 -0.114077 0.351222 0.004799 
0.183987 0.775208 -2.653030 -0.118053 0.353989 0.005142 
0.117765 0.753342 -2.846835 -0.120164 0.356773 0.010761 
0.135080 0.718688 -2.869876 -0.122484 0.356171 0.017201 
0.187674 0.702576 -2.736458 -0.126750 0.355018 0.023280 
0.139306 0.747742 -2.654156 -0.129197 0.357953 0.028308 
0.107494 0.816804 -2.601520 -0.128092 0.361074 0.030690 
0.086499 0.817009 -2.447421 -0.126504 0.361199 0.028867 
0.046665 0.751673 -2.417939 -0.126668 0.361820 0.025324 
0.043229 0.692277 -2.741122 -0.128040 0.364722 0.021580 
-0.008976 0.649162 -3.174065 -0.125621 0.366944 0.018668 
-0.045260 0.602628 -3.460897 -0.120490 0.365883 0.016411 
-0.026909 0.513652 -3.743289 -0.116748 0.363754 0.017172 
-0.056411 0.442247 -3.918420 -0.112917 0.362913 0.019519 
-0.071319 0.412769 -3.863596 -0.106865 0.361195 0.021734 
-0.096387 0.380937 -3.633957 -0.099556 0.355888 0.022404 
-0.164345 0.322135 -3.412450 -0.095676 0.349905 0.020759 
-0.164765 0.239730 -3.066137 -0.094985 0.345226 0.015916 
-0.159931 0.163918 -2.835301 -0.094400 0.339663 0.008844 
-0.187713 0.163297 -2.855778 -0.091527 0.336213 -0.000505 
-0.152435 0.134741 -3.114089 -0.088322 0.337412 -0.008735 
-0.183078 -0.014967 -3.485473 -0.087610 0.339801 -0.014940 
-0.205010 -0.155703 -3.779529 -0.087315 0.341073 -0.019342 
-0.207372 -0.232614 -3.923427 -0.084958 0.342417 -0.020405 
-0.253741 -0.227473 -3.960903 -0.081093 0.348118 -0.016696 
-0.221589 -0.201856 -3.950996 -0.078005 0.354803 -0.011333 
-0.203413 -0.172865 -3.888148 -0.076187 0.358519 -0.005762 
-0.228717 -0.164771 -3.748448 -0.075349 0.361272 -0.001715 
-0.226323 -0.101206 -3.806771 -0.076830 0.366651 0.001976 
-0.210628 -0.067639 -4.013925 -0.080435 0.371940 0.005774 
-0.148625 -0.065605 -4.152828 -0.085039 0.373148 0.007532 
-0.077697 -0.079728 -4.231717 -0.091362 0.372931 0.006909 
0.005931 -0.118137 -4.369715 -0.097685 0.372334 0.005587 
0.047128 -0.131013 -4.411752 -0.102092 0.372890 0.001207 
0.016192 -0.075381 -4.276243 -0.100285 0.377978 -0.005492 
0.033703 -0.131811 -4.165347 -0.094254 0.382790 -0.009749 
-0.020824 -0.278805 -4.004053 -0.087778 0.386435 -0.014205 
-0.039968 -0.431822 -3.756126 -0.082131 0.388187 -0.020166 
-0.041921 -0.503576 -3.702212 -0.076050 0.388456 -0.021746 
-0.005482 -0.460687 -3.873407 -0.068644 0.388260 -0.019305 
0.090891 -0.437939 -4.020678 -0.063434 0.384282 -0.016672 
0.073506 -0.466165 -4.233711 -0.061858 0.379745 -0.013513 
0.082462 -0.501414 -4.633738 -0.060309 0.377917 -0.008832 
0.027348 -0.520546 -4.917527 -0.059493 0.375474 -0.005311 
-0.042778 -0.536593 -4.904013 -0.060447 0.370121 -0.005549 
-0.050159 -0.480352 -4.759393 -0.063918 0.366342 -0.007773 
-0.080777 -0.430118 -4.594666 -0.068412 0.364250 -0.009341 
-0.053777 -0.397089 -4.284047 -0.071715 0.360959 -0.013266 
-0.042010 -0.342291 -4.055667 -0.074227 0.358561 -0.017272 
-0.053474 -0.320921 -4.102256 -0.076333 0.360566 -0.017508 
-0.084350 -0.296071 -4.276634 -0.077778 0.365025 -0.015958 
-0.121826 -0.274348 -4.351534 -0.077806 0.368274 -0.014546 
-0.124462 -0.284062 -4.463433 -0.077870 0.369842 -0.010588 
-0.125083 -0.232565 -4.525655 -0.078793 0.374093 -0.005722 
-0.128963 -0.142106 -4.429741 -0.080898 0.378070 -0.002291 
-0.170742 -0.041097 -4.247590 -0.084078 0.378381 0.000205 
-0.218022 0.031280 -4.037150 -0.089392 0.376221 0.001165 
-0.257107 0.123518 -3.861465 -0.096650 0.375256 0.001154 
-0.264199 0.181564 -3.880104 -0.104924 0.374174 0.002372 
-0.206514 0.249471 -4.033220 -0.111795 0.370178 0.003809 
-0.188799 0.323172 -4.199318 -0.117522 0.365992 0.005654 
-0.164420 0.408835 -4.443048 -0.121712 0.364170 0.008889 
-0.160808 0.478006 -4.716780 -0.122976 0.364698 0.013736 
-0.157540 0.483924 -4.740534 -0.121001 0.364501 0.017658 
-0.163690 0.462271 -4.570465 -0.116665 0.365096 0.019438 
-0.138898 0.394880 -4.379533 -0.112315 0.368701 0.020644 
-0.123736 0.298071 -4.173182 -0.108018 0.372259 0.019816 
-0.146030 0.210583 -3.835497 -0.102880 0.373477 0.014938 
-0.158539 0.161493 -3.635552 -0.098423 0.374277 0.009008 
-0.135768 0.107572 -3.698066 -0.095414 0.375913 0.003506 
-0.107616 0.080908 -3.838632 -0.093973 0.376862 -0.002020 
-0.069698 0.024995 -4.008052 -0.092088 0.376586 -0.008434 
-0.058869 -0.053395 -4.266976 -0.090530 0.375839 -0.011384 
-0.086612 -0.137737 -4.436877 -0.090327 0.374775 -0.012519 
-0.083166 -0.181069 -4.324340 -0.090794 0.371943 -0.012509 
-0.089487 -0.157826 -4.121862 -0.089354 0.368536 -0.009200 
-0.054882 -0.093633 -3.947903 -0.086155 0.365349 -0.003892 
-0.039260 -0.019334 -3.740921 -0.083540 0.362867 0.000807 
-0.012113 0.040281 -3.662401 -0.082302 0.360694 0.005085 
-0.005016 0.074861 -3.784936 -0.081563 0.359442 0.008965 
-0.002068 0.094466 -3.970157 -0.082217 0.358597 0.010550 
0.005165 0.092979 -4.124586 -0.084627 0.358656 0.009166 
-0.001672 0.113794 -4.323868 -0.088656 0.360450 0.006580 
0.021156 0.148282 -4.409988 -0.092578 0.362981 0.003226 
0.000518 0.199956 -4.251078 -0.096418 0.365789 -0.000772 
-0.026206 0.230654 -3.995323 -0.100413 0.368812 -0.002979 
-0.049996 0.244327 -3.766419 -0.104846 0.372006 -0.002425 
-0.077812 0.268156 -3.483212 -0.107765 0.374945 -0.000339 
-0.072325 0.283776 -3.338642 -0.109909 0.376620 0.003879 
-0.063592 0.279311 -3.463537 -0.110893 0.377922 0.009560 
-0.052105 0.270540 -3.699625 -0.110774 0.379124 0.014378 
-0.062896 0.256950 -3.911257 -0.109257 0.379421 0.016740 
-0.094976 0.240044 -4.168369 -0.106809 0.378339 0.016598 
-0.102081 0.231940 -4.316631 -0.103808 0.376969 0.013222 
-0.112437 0.202898 -4.253610 -0.101129 0.374526 0.006818 
-0.111288 0.177920 -4.087403 -0.098097 0.371032 -0.000455 
-0.101486 0.166257 -3.914276 -0.095127 0.367389 -0.006428 
-0.108476 0.151161 -3.673073 -0.093319 0.363759 -0.010503 
-0.123733 0.151421 -3.540185 -0.092366 0.360597 -0.011332 
-0.132759 0.150141 -3.607969 -0.092374 0.357806 -0.008463 
-0.138365 0.129308 -3.762524 -0.092833 0.355764 -0.003212 
-0.155694 0.095610 -3.917672 -0.093713 0.354946 0.002455 
-0.157145 0.042024 -4.121746 -0.095043 0.354778 0.007641 
-0.175793 0.003029 -4.168891 -0.095646 0.355285 0.010484 
-0.206226 -0.007826 -4.024925 -0.095267 0.356142 0.009409 
-0.203173 0.000443 -3.834669 -0.094254 0.357239 0.005687 
-0.210022 -0.018634 -3.642680 -0.093119 0.357819 0.001209 
-0.213988 -0.067899 -3.438392 -0.091230 0.358554 -0.004679 
-0.220114 -0.107526 -3.413305 -0.088301 0.358956 -0.008582 
-0.215534 -0.132383 -3.546467 -0.085895 0.358742 -0.009705 
-0.197723 -0.164961 -3.847838 -0.082882 0.358268 -0.008945 
-0.182044 -0.182495 -4.007682 -0.081219 0.357319 -0.007066 
-0.111333 -0.236399 -4.223408 -0.079292 0.354737 -0.003416 
-0.071051 -0.249278 -4.302828 -0.076781 0.352555 -0.001789 
-0.079937 -0.227665 -4.205472 -0.073586 0.353669 -0.002401 
-0.080323 -0.224482 -4.086315 -0.070519 0.356241 -0.003660 
-0.116217 -0.238458 -3.930845 -0.068558 0.357897 -0.006367 
-0.125737 -0.259606 -3.656774 -0.068889 0.358004 -0.010212 
-0.123280 -0.248993 -3.515210 -0.071875 0.358442 -0.011977 
-0.076748 -0.193662 -3.539736 -0.076120 0.358998 -0.011384 
-0.057160 -0.103733 -3.647828 -0.080453 0.359389 -0.009663 
-0.050763 -0.050672 -3.821148 -0.084889 0.360729 -0.006306 
-0.063615 -0.038977 -4.120345 -0.089782 0.363067 -0.001147 
-0.107059 -0.023412 -4.254967 -0.094673 0.364640 0.003199 
-0.110055 0.022493 -4.122054 -0.099180 0.364852 0.005863 
-0.123175 0.121179 -3.918447 -0.102201 0.365627 0.007723 
-0.102949 0.194350 -3.756755 -0.104256 0.367407 0.009296 
-0.083888 0.210449 -3.551103 -0.105428 0.367632 0.008956 
-0.078133 0.184701 -3.457536 -0.105771 0.366705 0.008290 
-0.089522 0.156329 -3.569858 -0.105007 0.366406 0.008067 
-0.110592 0.135957 -3.794704 -0.103062 0.367247 0.007400 
-0.110106 0.114711 -4.020699 -0.099022 0.368225 0.005733 
-0.100412 0.062326 -4.280056 -0.093907 0.368559 0.004443 
-0.069874 -0.007202 -4.382770 -0.089391 0.367853 0.001799 
-0.065722 -0.057682 -4.265258 -0.086053 0.366730 -0.002770 
-0.080026 -0.070670 -4.034505 -0.083272 0.365832 -0.007542 
-0.099283 -0.055208 -3.807350 -0.080454 0.365270 -0.010915 
-0.100389 -0.066067 -3.559914 -0.078777 0.364950 -0.013625 
-0.092848 -0.084032 -3.457174 -0.079386 0.364204 -0.013743 
-0.092694 -0.092467 -3.580372 -0.081687 0.363070 -0.011552 
-0.107623 -0.062934 -3.756939 -0.085174 0.361971 -0.007443 
-0.128689 -0.021515 -3.956346 -0.088579 0.361117 -0.002387 
-0.141002 0.006693 -4.177070 -0.092392 0.360390 0.003293 
-0.121033 0.029844 -4.284660 -0.095264 0.359801 0.007656 
-0.106201 0.034721 -4.194895 -0.097154 0.359687 0.009479 
-0.125484 0.048704 -4.040955 -0.097878 0.359519 0.009309 
-0.134176 0.061176 -3.864316 -0.097645 0.359653 0.007530 
-0.140443 0.068197 -3.605329 -0.096167 0.360139 0.004402 
-0.106581 0.056633 -3.491335 -0.093664 0.360836 0.001659 
-0.073862 0.035565 -3.602597 -0.090735 0.361665 -0.000537 
-0.046053 0.007932 -3.776254 -0.088174 0.363109 -0.001932 
-0.024141 -0.009260 -4.000343 -0.085701 0.365084 -0.003371 
-0.050211 -0.029429 -4.216050 -0.083919 0.367011 -0.003611 
-0.059189 -0.055983 -4.329196 -0.083142 0.368418 -0.003638 
-0.071119 -0.068137 -4.195491 -0.083725 0.369528 -0.004068 
-0.064127 -0.061407 -4.009170 -0.085613 0.370027 -0.004313 
-0.069604 -0.044923 -3.812176 -0.088082 0.370232 -0.004318 
-0.089175 -0.001521 -3.594766 -0.090532 0.370067 -0.004289 
-0.122281 0.017765 -3.490308 -0.093474 0.369620 -0.003390 
-0.148877 0.025518 -3.592779 -0.096161 0.368773 -0.001064 
-0.141821 0.030719 -3.778707 -0.098198 0.367319 0.001722 
-0.124162 0.044023 -3.975660 -0.099046 0.365893 0.004054 
-0.110633 0.049128 -4.224456 -0.098827 0.364405 0.006108 
-0.117473 0.054777 -4.339938 -0.097176 0.362945 0.006647 
-0.142989 0.042671 -4.218949 -0.094710 0.361956 0.005327 
-0.148963 0.036583 -4.025524 -0.091873 0.360439 0.003212 
-0.148833 0.009985 -3.821548 -0.089016 0.358772 0.000885 
-0.139962 0.003185 -3.583837 -0.086499 0.357333 -0.002475 
-0.119568 0.015172 -3.489701 -0.084639 0.356320 -0.004767 
-0.115911 0.029146 -3.590601 -0.083730 0.355837 -0.005499 
-0.099332 0.035811 -3.772571 -0.084146 0.356035 -0.005433 
-0.099760 0.027823 -3.974431 -0.085800 0.356826 -0.004735 
-0.096021 0.026360 -4.228706 -0.088207 0.358077 -0.002893 
-0.097467 0.034931 -4.350260 -0.090875 0.360114 -0.001261 
-0.090117 0.053929 -4.246429 -0.093798 0.362827 -0.000401 
-0.098932 0.066011 -4.053343 -0.096302 0.365352 0.000958 
-0.101924 0.082889 -3.852122 -0.098286 0.367743 0.002748 
-0.101714 0.096505 -3.599967 -0.099330 0.369913 0.003817 
-0.089134 0.102129 -3.512666 -0.099771 0.371826 0.005487 
-0.078946 0.116837 -3.629336 -0.099495 0.373407 0.007193 
-0.073306 0.099356 -3.814781 -0.098642 0.374535 0.007645 
-0.058606 0.067919 -4.008168 -0.096916 0.374828 0.006687 
-0.059218 0.037460 -4.250359 -0.095190 0.374852 0.005047 
-0.047241 0.010676 -4.335467 -0.093599 0.373904 0.001626 
-0.052212 -0.005034 -4.205007 -0.091630 0.372473 -0.003000 
-0.064473 -0.005645 -4.015537 -0.089562 0.370520 -0.006922 
-0.073654 -0.021662 -3.828461 -0.088402 0.368254 -0.009334 
-0.081058 -0.018872 -3.573755 -0.087434 0.365594 -0.010279 
-0.083549 -0.016516 -3.487935 -0.087259 0.363024 -0.008141 
-0.082991 -0.007369 -3.587389 -0.087508 0.360749 -0.004654 
-0.093759 0.008812 -3.781028 -0.088191 0.358859 0.000259 
-0.103423 0.013941 -3.983965 -0.089111 0.357626 0.004942 
-0.105044 0.020401 -4.224991 -0.090178 0.357010 0.008729 
-0.107891 0.025323 -4.348082 -0.091263 0.356763 0.010040 
-0.119458 0.024112 -4.219747 -0.092411 0.357107 0.008233 
-0.124656 0.033557 -4.047207 -0.093323 0.357880 0.004851 
-0.117413 0.034529 -3.823504 -0.093807 0.358651 0.000966 
-0.118238 0.037883 -3.590842 -0.093799 0.359957 -0.002817 
-0.105296 0.040622 -3.475641 -0.093137 0.361379 -0.004781 
-0.091312 0.033149 -3.590490 -0.092212 0.363209 -0.004274 
-0.084610 0.029853 -3.770216 -0.090937 0.365103 -0.002433 
-0.076631 0.026474 -3.980584 -0.089982 0.366993 -0.000291 
-0.076058 0.011079 -4.232107 -0.089113 0.368745 0.002135 
-0.068560 -0.000274 -4.368245 -0.088379 0.370527 0.003162 
-0.068799 -0.005234 -4.264435 -0.088100 0.371848 0.001943 
-0.075117 -0.003506 -4.085314 -0.088584 0.372533 -0.000370 
-0.088364 0.004480 -3.905030 -0.089350 0.372693 -0.002883 
-0.101070 0.015995 -3.663139 -0.090575 0.371982 -0.005325 
-0.098179 0.029325 -3.557505 -0.091930 0.370706 -0.005945 
-0.101610 0.039189 -3.671743 -0.093141 0.369222 -0.003966 
-0.098202 0.045337 -3.807862 -0.094212 0.367598 -0.001472 
-0.103006 0.047919 -3.986304 -0.094988 0.365845 0.001518 
-0.102484 0.037160 -4.217198 -0.095210 0.364249 0.004769 
-0.118623 0.034615 -4.303682 -0.094910 0.362847 0.006744 
-0.124385 0.031663 -4.190746 -0.093974 0.361532 0.005661 
-0.130535 0.028203 -3.974163 -0.093049 0.360393 0.003699 
-0.138640 0.025255 -3.765699 -0.091799 0.359078 0.000763 
-0.138083 0.025120 -3.536005 -0.090847 0.358081 -0.002369 
-0.136294 0.016019 -3.409936 -0.090113 0.357183 -0.004517 
-0.131239 0.013255 -3.542746 -0.089640 0.356688 -0.004419 
-0.124905 0.000631 -3.749979 -0.089231 0.356575 -0.002998 
-0.117834 -0.005076 -3.967996 -0.088774 0.356844 -0.001374 
-0.114726 -0.009973 -4.217608 -0.088794 0.358006 0.000971 
-0.104653 -0.011851 -4.352978 -0.088795 0.359486 0.002232 
-0.095283 -0.007142 -4.269907 -0.088763 0.361513 0.001316 
-0.100061 -0.002619 -4.073578 -0.088907 0.363717 -0.000146 
-0.095921 0.013018 -3.886988 -0.089289 0.366248 -0.001612 
-0.084328 0.026192 -3.627878 -0.090009 0.368331 -0.003436 
-0.078838 0.035864 -3.524050 -0.090909 0.370192 -0.003887 
-0.078617 0.042313 -3.627475 -0.092145 0.371739 -0.002363 
-0.071675 0.038339 -3.793131 -0.093447 0.372670 -0.000246 
-0.073635 0.032243 -3.990111 -0.094444 0.373094 0.002060 
-0.070346 0.024861 -4.228559 -0.095124 0.372722 0.004548 
-0.069190 0.027949 -4.321198 -0.095578 0.371868 0.005452 
-0.073031 0.024886 -4.206337 -0.095286 0.370537 0.004058 
-0.086155 0.028578 -4.017794 -0.094794 0.368592 0.001556 
-0.086605 0.032855 -3.819990 -0.093809 0.366463 -0.000945 
-0.096513 0.033020 -3.592588 -0.092217 0.364394 -0.003539 
-0.097676 0.029202 -3.511265 -0.090800 0.362191 -0.004432 
-0.096087 0.015122 -3.626882 -0.089765 0.360376 -0.003460 
-0.092861 0.016332 -3.817116 -0.088618 0.358953 -0.001157 
-0.089032 0.008760 -4.017419 -0.087692 0.357618 0.001244 
-0.096475 -0.003174 -4.268395 -0.087284 0.357419 0.003916 
-0.096545 -0.011298 -4.352309 -0.087176 0.357334 0.004913 
-0.109100 -0.014534 -4.226805 -0.087696 0.358260 0.003730 
-0.106580 -0.008901 -4.026148 -0.088631 0.358976 0.001228 
-0.109946 0.007431 -3.815232 -0.089656 0.360214 -0.001264 
-0.112651 0.013592 -3.562176 -0.090916 0.361914 -0.004262 
-0.105650 0.032138 -3.465462 -0.092396 0.363576 -0.005456 
-0.098105 0.032865 -3.577922 -0.093668 0.365451 -0.004374 
-0.091205 0.043498 -3.744597 -0.094545 0.366963 -0.002157 
-0.084559 0.045311 -3.953069 -0.095322 0.368576 0.000446 
-0.086736 0.042955 -4.195153 -0.095488 0.370256 0.003868 
-0.084309 0.030504 -4.344087 -0.095406 0.371311 0.006403 
-0.092837 0.024776 -4.242628 -0.094975 0.371832 0.006046 
-0.096624 0.033908 -4.077720 -0.094118 0.371743 0.004464 
-0.103194 0.020042 -3.880232 -0.093105 0.371083 0.001938 
-0.104114 0.028913 -3.660120 -0.091769 0.369910 -0.001630 
-0.097018 0.026392 -3.552296 -0.090823 0.368310 -0.004645 
-0.095802 0.020043 -3.643013 -0.089897 0.366590 -0.005363 
-0.086025 0.009015 -3.837693 -0.089153 0.364920 -0.004990 
-0.089377 -0.001223 -4.013203 -0.088734 0.363149 -0.003951 
-0.090242 -0.005516 -4.232959 -0.088430 0.362042 -0.001451 
-0.090230 -0.009384 -4.329950 -0.088451 0.360911 0.000836 
-0.104707 -0.005584 -4.209820 -0.088598 0.360138 0.001596 
-0.125118 0.001076 -4.006878 -0.089055 0.359777 0.001891 
-0.129868 0.008190 -3.792208 -0.089983 0.359209 0.001883 
-0.134084 0.021657 -3.564475 -0.091028 0.359113 0.000813 
-0.144981 0.029768 -3.449373 -0.092109 0.359270 0.000179 
-0.140384 0.044932 -3.570138 -0.093119 0.359547 0.000523 
-0.129159 0.045912 -3.763065 -0.093899 0.360164 0.001114 
-0.126534 0.032290 -3.976131 -0.094305 0.361317 0.001348 
-0.116284 0.030229 -4.221649 -0.094462 0.362714 0.002196 
-0.109056 0.020097 -4.343728 -0.094042 0.364110 0.001958 
-0.104157 0.010976 -4.271903 -0.093144 0.365400 0.000915 
-0.107901 0.012911 -4.067004 -0.091699 0.367214 -0.000989 
-0.103797 0.013020 -3.862886 -0.090583 0.368400 -0.002346 
-0.093079 0.009739 -3.637391 -0.089487 0.369342 -0.004113 
-0.094038 0.007605 -3.526176 -0.089027 0.370002 -0.004355 
-0.078326 0.006120 -3.630780 -0.089023 0.370291 -0.003163 
-0.083329 0.001445 -3.817009 -0.089370 0.370352 -0.001496 
-0.073756 0.007389 -4.001624 -0.089955 0.369741 -0.000242 
-0.076981 -0.003346 -4.237209 -0.091145 0.369124 0.001508 
-0.082125 -0.003541 -4.327824 -0.092108 0.368024 0.001994 
-0.081585 0.009766 -4.222437 -0.092822 0.366765 0.001042 
-0.089463 0.020218 -4.025074 -0.093405 0.365264 -0.000260 
-0.098668 0.032271 -3.818932 -0.093657 0.363391 -0.001233 
-0.109568 0.034753 -3.563559 -0.093336 0.361902 -0.002074 
-0.098750 0.040491 -3.484457 -0.092649 0.360481 -0.001677 
-0.093349 0.031277 -3.580332 -0.092223 0.359595 -0.000151 
-0.089583 0.029193 -3.770937 -0.090938 0.359027 0.002139 
-0.092187 0.029183 -3.980166 -0.089803 0.358984 0.003874 
-0.086863 0.014670 -4.208500 -0.088926 0.359359 0.005264 
-0.096099 -0.001049 -4.341312 -0.088232 0.360105 0.005125 
-0.091028 -0.009309 -4.234099 -0.087812 0.361099 0.002515 
-0.091306 -0.013348 -4.063717 -0.088012 0.362121 -0.000567 
-0.090005 -0.009543 -3.852976 -0.088480 0.363321 -0.003394 
-0.093781 0.006518 -3.622112 -0.089347 0.364655 -0.005873 
-0.088390 0.019126 -3.496582 -0.090549 0.365749 -0.006613 
-0.081363 0.023011 -3.590400 -0.091799 0.366863 -0.004863 
-0.080317 0.030230 -3.768804 -0.093024 0.368227 -0.001792 
-0.073104 0.034292 -3.977505 -0.094106 0.369263 0.001145 
-0.074512 0.034516 -4.208581 -0.094736 0.370267 0.004592 
-0.084521 0.040444 -4.334551 -0.095336 0.370934 0.006633 
-0.092021 0.035718 -4.231405 -0.095380 0.371160 0.005967 
-0.094404 0.038018 -4.024281 -0.095215 0.370668 0.004218 
-0.099057 0.033919 -3.846517 -0.094773 0.369618 0.001907 
-0.098559 0.035695 -3.596265 -0.093970 0.368142 -0.001198 
-0.098772 0.038631 -3.491482 -0.092828 0.366311 -0.003141 
-0.097782 0.032710 -3.604368 -0.091737 0.364502 -0.003236 
-0.089797 0.014523 -3.800882 -0.090562 0.362556 -0.002442 
-0.080417 0.002960 -3.987689 -0.089502 0.361081 -0.001426 
-0.084730 -0.010584 -4.227865 -0.088300 0.360188 0.000500 
-0.095085 -0.004356 -4.323268 -0.087292 0.359706 0.001484 
-0.097916 -0.011602 -4.211600 -0.086707 0.359516 0.001034 
-0.112455 -0.002415 -4.016344 -0.086822 0.359497 0.000134 
-0.110641 0.005780 -3.820357 -0.087417 0.359650 -0.000760 
-0.121422 0.021119 -3.592139 -0.088453 0.360174 -0.002050 
-0.123039 0.022997 -3.477952 -0.089894 0.360837 -0.002152 
-0.128920 0.036372 -3.589764 -0.091727 0.361664 -0.000829 
-0.114020 0.036398 -3.783884 -0.093316 0.362544 0.000734 
-0.115212 0.035837 -3.988054 -0.094435 0.363632 0.001958 
-0.109044 0.038409 -4.224051 -0.095367 0.364963 0.003579 
-0.106716 0.041623 -4.325702 -0.095499 0.366205 0.003696 
-0.107822 0.037017 -4.211199 -0.095057 0.367436 0.002163 
-0.111067 0.032975 -4.025014 -0.094135 0.368576 0.000042 
-0.107243 0.034799 -3.829845 -0.093166 0.369286 -0.001637 
-0.106134 0.021850 -3.583611 -0.091824 0.369524 -0.003707 
-0.102840 0.026053 -3.503260 -0.090671 0.369588 -0.004191 
-0.091422 0.011830 -3.618806 -0.089954 0.368852 -0.003119 
-0.092447 0.006080 -3.785514 -0.089664 0.368118 -0.001544 
-0.093718 0.000893 -3.992662 -0.089368 0.367201 -0.000001 
-0.085666 -0.015879 -4.228693 -0.089950 0.365929 0.001529 
-0.093367 -0.016559 -4.361138 -0.090112 0.364950 0.001966 
-0.094810 -0.011237 -4.245815 -0.090402 0.363605 0.000799 
-0.102644 -0.002432 -4.056934 -0.090997 0.362485 -0.001158 
-0.110216 0.005546 -3.839689 -0.091438 0.361647 -0.002454 
-0.111522 0.017961 -3.592979 -0.091525 0.360765 -0.003621 
-0.110835 0.037446 -3.471394 -0.091714 0.360178 -0.003393 
-0.109168 0.038623 -3.567999 -0.091860 0.359897 -0.001218 
-0.106789 0.036946 -3.767784 -0.091859 0.360296 0.001502 
-0.104625 0.035201 -3.966730 -0.091860 0.360694 0.003900 
-0.095191 0.019246 -4.205273 -0.091954 0.361423 0.005934 
-0.095575 0.007165 -4.328625 -0.091551 0.362300 0.006237 
-0.096655 0.011055 -4.232177 -0.091210 0.363439 0.003944 
-0.091346 0.002626 -4.042104 -0.090956 0.364513 0.000762 
-0.092878 0.007790 -3.851797 -0.090772 0.365355 -0.002409 
-0.087076 0.017369 -3.631481 -0.090554 0.366143 -0.005447 
-0.086500 0.023350 -3.516449 -0.090679 0.366792 -0.006746 
-0.076767 0.015843 -3.611223 -0.090882 0.367597 -0.005335 
-0.074100 0.021835 -3.800700 -0.090828 0.368186 -0.002714 
-0.070002 0.019715 -4.009798 -0.091312 0.368668 0.000003 
-0.065526 0.009241 -4.251133 -0.091852 0.369149 0.003441 
-0.063182 0.009237 -4.346661 -0.092166 0.369149 0.005294 
-0.076086 0.010122 -4.232555 -0.092816 0.369031 0.004761 
-0.091143 0.011836 -4.034692 -0.093145 0.368723 0.003009 
-0.092739 0.015829 -3.835975 -0.093450 0.367748 0.000944 
-0.103584 0.025425 -3.595064 -0.093401 0.366450 -0.001941 
-0.091918 0.030844 -3.479497 -0.093361 0.365013 -0.003433 
-0.093594 0.035292 -3.592570 -0.093163 0.363801 -0.002874 
-0.096207 0.031971 -3.778863 -0.092694 0.362412 -0.001631 
-0.091629 0.030820 -3.966943 -0.091885 0.361550 0.000028 
-0.093504 0.024638 -4.207800 -0.091112 0.360930 0.002496 
-0.103935 0.013257 -4.323047 -0.090227 0.360635 0.003349 
-0.106895 0.013281 -4.211470 -0.089431 0.360736 0.002787 
-0.109462 0.005106 -4.006010 -0.089019 0.360816 0.001451 
-0.125024 0.012668 -3.819778 -0.088825 0.361187 -0.000109 
-0.118635 0.024360 -3.581421 -0.088752 0.361493 -0.002157 
-0.124133 0.026731 -3.507625 -0.089225 0.361998 -0.002949 
-0.120405 0.032993 -3.588708 -0.089979 0.362463 -0.002474 
-0.108507 0.033417 -3.773220 -0.090763 0.363267 -0.001235 
-0.103071 0.029201 -3.968088 -0.091745 0.364212 0.000209 
-0.090730 0.028744 -4.204037 -0.092532 0.365211 0.001723 
-0.094108 0.020387 -4.336741 -0.093230 0.366206 0.002464 
-0.099953 0.020705 -4.233208 -0.093398 0.367283 0.001685 
-0.107343 0.023079 -4.047291 -0.093396 0.367881 0.000337 
-0.101643 0.026438 -3.841716 -0.093059 0.368195 -0.000996 
-0.104110 0.035114 -3.605480 -0.092530 0.368277 -0.002516 
-0.106940 0.027868 -3.493812 -0.091946 0.368087 -0.002966 
-0.107229 0.029556 -3.598537 -0.091767 0.367629 -0.001766 
-0.101630 0.020023 -3.786288 -0.091338 0.366755 0.000003 
-0.095965 0.017963 -3.993239 -0.090855 0.366077 0.001327 
-0.096854 0.003798 -4.239964 -0.090780 0.365253 0.002620 
-0.106297 -0.005558 -4.352380 -0.090524 0.364375 0.002849 
-0.109879 -0.010200 -4.246841 -0.090242 0.363425 0.001121 
-0.113128 0.001709 -4.058010 -0.090009 0.362561 -0.001387 
-0.122663 0.000814 -3.850244 -0.090032 0.361830 -0.003238 
-0.117666 0.015890 -3.612897 -0.089775 0.361288 -0.004958 
-0.123678 0.021548 -3.490113 -0.090227 0.361028 -0.005055 
-0.114921 0.017823 -3.575499 -0.090403 0.360884 -0.003303 
-0.111445 0.025373 -3.755112 -0.090660 0.361085 -0.000342 
-0.107347 0.023253 -3.964209 -0.091143 0.361567 0.002375 
-0.103431 0.019914 -4.203957 -0.091473 0.362341 0.005061 
-0.107245 0.012045 -4.327645 -0.092007 0.363243 0.006129 
-0.106937 0.009470 -4.242335 -0.092191 0.363894 0.004588 
-0.106816 0.006718 -4.042140 -0.092544 0.364623 0.001860 
-0.100677 0.008965 -3.852919 -0.092536 0.365123 -0.000772 
-0.102678 0.015770 -3.622106 -0.092341 0.365581 -0.003904 
-0.089233 0.022541 -3.516923 -0.092132 0.365950 -0.005535 
-0.082697 0.024483 -3.611967 -0.091466 0.366495 -0.004560 
-0.075403 0.018972 -3.800477 -0.091009 0.366759 -0.002589 
-0.066980 0.021535 -4.000304 -0.090653 0.367117 -0.000087 
-0.058442 0.007315 -4.231745 -0.090414 0.367472 0.002918 
-0.065327 0.002250 -4.348274 -0.090126 0.367729 0.004632 
-0.072411 -0.002077 -4.234730 -0.090327 0.367855 0.003979 
-0.080556 0.003523 -4.047603 -0.090463 0.367599 0.002323 
-0.095829 0.005170 -3.848901 -0.090793 0.367292 0.000251 
-0.096494 0.016805 -3.607309 -0.091367 0.366496 -0.002523 
-0.097020 0.020254 -3.480816 -0.091832 0.365620 -0.004005 
-0.094964 0.031615 -3.571859 -0.092549 0.364762 -0.003521 
-0.093635 0.035144 -3.767307 -0.092994 0.363732 -0.002060 
-0.092725 0.029018 -3.944166 -0.093187 0.363081 -0.000165 
-0.099024 0.034671 -4.174755 -0.092977 0.362687 0.002644 
-0.091999 0.031132 -4.311521 -0.092668 0.362468 0.004346 
-0.108355 0.023389 -4.210496 -0.092255 0.362470 0.004209 
-0.119033 0.028499 -4.016582 -0.091432 0.362424 0.003186 
-0.114729 0.025234 -3.820714 -0.090981 0.362268 0.001631 
-0.109910 0.029211 -3.592369 -0.090641 0.362391 -0.000646 
-0.118902 0.033756 -3.486729 -0.090460 0.362343 -0.002378 
-0.111117 0.036144 -3.588265 -0.090434 0.362686 -0.002361 
-0.102967 0.029920 -3.782731 -0.090463 0.363037 -0.001676 
-0.086885 0.019200 -3.987605 -0.090679 0.363427 -0.000785 
-0.083831 0.015591 -4.223998 -0.091012 0.364204 0.000616 
-0.088512 0.008076 -4.336991 -0.091384 0.365015 0.001371 
-0.095033 0.009575 -4.234536 -0.091383 0.365811 0.000915 
-0.100899 0.011303 -4.038822 -0.091707 0.366589 -0.000101 
-0.107394 0.022572 -3.843969 -0.091803 0.367089 -0.000899 
-0.114333 0.034722 -3.597679 -0.091896 0.367393 -0.001972 
-0.113222 0.034327 -3.495166 -0.092225 0.367561 -0.002204 
-0.111551 0.034880 -3.599110 -0.092535 0.367375 -0.000999 
-0.109506 0.036206 -3.794625 -0.092996 0.366912 0.000456 
-0.101727 0.024983 -3.989773 -0.093220 0.366403 0.001580 
-0.101461 0.018133 -4.236883 -0.093255 0.365862 0.003089 
-0.104016 0.003543 -4.349318 -0.092870 0.365220 0.003203 
-0.115442 0.010735 -4.234300 -0.092189 0.364520 0.001479 
-0.127335 0.009688 -4.057127 -0.091570 0.363810 -0.000730 
-0.125682 0.009002 -3.851041 -0.090620 0.363003 -0.002597 
-0.129555 0.021325 -3.603739 -0.090066 0.362138 -0.004416 
-0.118010 0.024366 -3.501696 -0.089560 0.361375 -0.004971 
-0.117239 0.016648 -3.607236 -0.089608 0.361192 -0.003346 
-0.116054 0.008678 -3.805492 -0.089652 0.361021 -0.001157 
-0.113038 0.006845 -4.003056 -0.089974 0.361413 0.000926 
-0.109450 -0.003140 -4.251969 -0.090511 0.361708 0.003395 
-0.113250 -0.001496 -4.343951 -0.091140 0.362322 0.004070 
-0.118980 -0.008183 -4.228253 -0.091680 0.363010 0.002773 
-0.117990 -0.001281 -4.030055 -0.092124 0.363452 0.000909 
-0.116999 0.005621 -3.831858 -0.092569 0.363894 -0.000955 
-0.117260 0.011847 -3.592086 -0.092699 0.364530 -0.003433 
-0.102887 0.026361 -3.509457 -0.092433 0.365092 -0.004226 
-0.101279 0.032402 -3.603702 -0.092385 0.365673 -0.003131 
-0.093309 0.025710 -3.791134 -0.092096 0.366217 -0.001482 
-0.084473 0.018665 -3.989260 -0.091970 0.366853 0.000481 
-0.076084 0.011851 -4.239062 -0.091678 0.367405 0.002720 
-0.068580 -0.003078 -4.364340 -0.091451 0.367939 0.003883 
-0.071104 -0.003543 -4.261779 -0.090818 0.368133 0.002994 
-0.087405 -0.002897 -4.064764 -0.090673 0.368122 0.001231 
-0.082025 0.003200 -3.866994 -0.090638 0.367673 -0.000738 
-0.091071 0.010306 -3.637683 -0.090766 0.367034 -0.002996 
-0.091769 0.022673 -3.502798 -0.091007 0.366067 -0.003933 
-0.084569 0.030002 -3.595479 -0.091106 0.365173 -0.003247 
-0.083024 0.033598 -3.791766 -0.091551 0.364142 -0.001465 
-0.081463 0.027052 -3.978480 -0.091907 0.363583 0.000422 
-0.080061 0.028405 -4.206562 -0.092044 0.363131 0.002487 
-0.086810 0.025454 -4.321642 -0.092062 0.362813 0.003893 
-0.095590 0.030690 -4.209503 -0.091715 0.362670 0.003452 
-0.104395 0.027327 -4.013879 -0.091593 0.362605 0.002222 
-0.106088 0.028183 -3.817754 -0.091438 0.362492 0.000781 
-0.107333 0.028807 -3.569953 -0.091448 0.362464 -0.000937 
-0.108565 0.037773 -3.466329 -0.091230 0.362365 -0.001919 
-0.100173 0.041387 -3.569237 -0.091355 0.362418 -0.001254 
-0.098920 0.031012 -3.765043 -0.091417 0.362817 -0.000035 
-0.090970 0.024456 -3.970746 -0.091287 0.363267 0.000959 
-0.081725 0.016930 -4.226505 -0.091483 0.363905 0.001912 
-0.080988 0.013317 -4.318753 -0.091343 0.364773 0.002141 
-0.088572 0.014214 -4.224179 -0.091186 0.365671 0.000709 
-0.095890 0.024190 -4.027116 -0.091132 0.366461 -0.001058 
-0.096651 0.022910 -3.831896 -0.090992 0.366915 -0.002186 
-0.096685 0.038818 -3.626688 -0.090891 0.367274 -0.003189 
-0.094500 0.038530 -3.493286 -0.091542 0.367430 -0.003389 
-0.099462 0.043361 -3.599193 -0.091826 0.367294 -0.001434 
-0.096793 0.035769 -3.786508 -0.092349 0.367015 0.000772 
-0.094144 0.028312 -3.992093 -0.093032 0.366641 0.002324 
-0.093199 0.030290 -4.229429 -0.093164 0.366002 0.004062 
-0.094444 0.014987 -4.331228 -0.093106 0.365540 0.004187 
-0.105019 0.022089 -4.214828 -0.092747 0.364832 0.002148 
-0.109646 0.017231 -4.026132 -0.092312 0.363972 -0.000477 
-0.121686 0.024342 -3.829634 -0.091475 0.363360 -0.002456 
-0.119174 0.023696 -3.591821 -0.090848 0.362541 -0.004613 
-0.121759 0.035021 -3.490350 -0.090292 0.361881 -0.004951 
-0.123599 0.028859 -3.586816 -0.089688 0.361335 -0.003323 
-0.115785 0.017235 -3.775770 -0.089593 0.361019 -0.000914 
-0.114801 0.008934 -3.985262 -0.089479 0.360947 0.001583 
-0.111839 -0.001389 -4.213387 -0.089859 0.361340 0.003744 
-0.110090 -0.003634 -4.357303 -0.090027 0.361826 0.004583 
-0.116694 -0.010096 -4.261257 -0.090404 0.362426 0.002946 
-0.123227 -0.008435 -4.081297 -0.090889 0.363111 0.000312 
-0.122427 -0.002359 -3.871328 -0.091340 0.363743 -0.002187 
-0.114925 0.007664 -3.640911 -0.091600 0.364422 -0.004886 
-0.106101 0.026067 -3.506349 -0.091795 0.365112 -0.005841 
-0.103674 0.023394 -3.611503 -0.091968 0.365781 -0.004329 
-0.092874 0.025222 -3.800150 -0.092260 0.366310 -0.001810 
-0.090019 0.022033 -4.010095 -0.092270 0.367088 0.000895 
-0.080125 0.015461 -4.230686 -0.092298 0.367626 0.003808 
-0.079510 0.005764 -4.355945 -0.092199 0.367924 0.005086 
-0.087643 0.000571 -4.262358 -0.092085 0.368251 0.004086 
-0.089767 0.001292 -4.064556 -0.091931 0.368139 0.002003 
-0.100102 0.008225 -3.865295 -0.091738 0.367513 -0.000608 
-0.096303 0.007000 -3.635115 -0.091596 0.366779 -0.003408 
-0.091589 0.023140 -3.509831 -0.091325 0.365873 -0.004897 
-0.085543 0.023154 -3.602127 -0.091316 0.364697 -0.004426 
-0.092805 0.022216 -3.778671 -0.091316 0.363819 -0.002744 
-0.085425 0.020336 -3.987596 -0.091152 0.363131 -0.000452 
-0.084532 0.014577 -4.217808 -0.091178 0.362394 0.002360 
-0.084618 0.006819 -4.355076 -0.090904 0.362223 0.004275 
-0.100486 0.007078 -4.232506 -0.090596 0.362317 0.003731 
-0.101264 0.015941 -4.046860 -0.090544 0.362299 0.002499 
-0.101864 0.016016 -3.839260 -0.090716 0.362366 0.000748 
-0.102626 0.024513 -3.600260 -0.090831 0.362433 -0.001403 
-0.094344 0.036202 -3.474024 -0.091233 0.362646 -0.002895 
-0.099716 0.030132 -3.576019 -0.091595 0.363078 -0.002448 
-0.095823 0.027450 -3.761270 -0.092245 0.363651 -0.000996 
-0.078323 0.032474 -3.967153 -0.092511 0.364326 0.000327 
-0.075079 0.029691 -4.215316 -0.092837 0.364913 0.002364 
-0.066219 0.022409 -4.329743 -0.092878 0.365631 0.003435 
-0.081352 0.019576 -4.226654 -0.092591 0.366485 0.002544 
-0.081630 0.026168 -4.040236 -0.092556 0.367035 0.000983 
-0.090498 0.028293 -3.834914 -0.092075 0.367737 -0.000357 
-0.091677 0.036391 -3.606312 -0.092032 0.367904 -0.002520 
-0.099605 0.041538 -3.492791 -0.092006 0.367754 -0.003277 
-0.091937 0.037971 -3.596991 -0.092021 0.367524 -0.002185 
-0.091007 0.030957 -3.793264 -0.092219 0.367066 -0.000632 
-0.089855 0.033396 -3.989018 -0.092512 0.366323 0.000823 
-0.089004 0.018652 -4.226783 -0.092762 0.365678 0.002770 
-0.097076 0.016678 -4.340424 -0.092613 0.365082 0.003535 
-0.106615 0.015133 -4.235772 -0.092474 0.364462 0.002235 
-0.117459 0.014952 -4.038642 -0.092170 0.363551 0.000372 
-0.113824 0.022252 -3.842492 -0.091645 0.362830 -0.001280 
-0.117309 0.025726 -3.604421 -0.091313 0.362054 -0.003324 
-0.119452 0.036691 -3.481621 -0.090922 0.361483 -0.003964 
-0.112219 0.033613 -3.576805 -0.090773 0.361160 -0.002544 
-0.118315 0.029719 -3.774508 -0.090793 0.361041 -0.000568 
-0.110242 0.016516 -3.972782 -0.090709 0.361106 0.001506 
-0.108353 0.006086 -4.231796 -0.090768 0.361511 0.003636 
-0.114295 0.007646 -4.355211 -0.090754 0.362145 0.004275 
-0.113747 0.004379 -4.259808 -0.090944 0.362984 0.002740 
-0.114504 0.002475 -4.071927 -0.090969 0.363532 0.000642 
-0.115236 -0.000187 -3.873115 -0.091000 0.364269 -0.001771 
-0.115450 0.014400 -3.633128 -0.091072 0.364907 -0.004354 
-0.108661 0.016328 -3.519191 -0.090900 0.365512 -0.005445 
-0.106618 0.021880 -3.622453 -0.091016 0.366185 -0.004679 
-0.089209 0.020190 -3.820068 -0.091328 0.366476 -0.002596 
-0.087021 0.017687 -4.008083 -0.091335 0.367064 -0.000513 
-0.091196 0.003904 -4.247642 -0.091742 0.367316 0.002176 
-0.096337 -0.002363 -4.362551 -0.091944 0.367846 0.003574 
-0.097401 -0.001691 -4.259980 -0.091785 0.367743 0.003017 
-0.113263 0.008473 -4.063284 -0.091733 0.367446 0.001477 
-0.114819 0.011443 -3.865710 -0.091884 0.366757 -0.000273 
-0.110600 0.020625 -3.616436 -0.091829 0.365546 -0.002510 
-0.105307 0.028742 -3.512153 -0.091774 0.364539 -0.003587 
-0.092398 0.024281 -3.615400 -0.091631 0.363411 -0.002917 
-0.093381 0.026764 -3.812239 -0.091281 0.362685 -0.001472 
-0.094171 0.020193 -3.999200 -0.090996 0.362143 0.000083 
-0.094301 0.012809 -4.238438 -0.090713 0.361796 0.002235 
-0.087507 0.000211 -4.333302 -0.090471 0.361759 0.003432 
-0.095787 0.003176 -4.220391 -0.090140 0.362184 0.002662 
-0.097004 0.002520 -4.034426 -0.089995 0.362451 0.001207 
-0.104582 0.014075 -3.828041 -0.089929 0.362860 -0.000226 
-0.105567 0.013120 -3.589562 -0.089950 0.363212 -0.002278 
-0.096620 0.024124 -3.485256 -0.090355 0.363615 -0.003149 
-0.086268 0.026603 -3.587383 -0.090970 0.363941 -0.002479 
-0.082375 0.023922 -3.772634 -0.091620 0.364514 -0.001027 
-0.064506 0.020984 -3.968334 -0.092102 0.365086 0.000413 
-0.067233 0.021563 -4.205309 -0.092730 0.365905 0.002249 
-0.065028 0.018693 -4.339970 -0.092903 0.366579 0.003414 
-0.072134 0.028086 -4.246858 -0.092686 0.367479 0.002520 
-0.072935 0.027830 -4.050495 -0.092699 0.367645 0.001077 
-0.080948 0.039873 -3.835094 -0.092470 0.367962 -0.000028 
-0.082151 0.048730 -3.617425 -0.092421 0.367941 -0.001876 
-0.083034 0.050621 -3.484203 -0.092415 0.367546 -0.002400 
-0.090650 0.048024 -3.588590 -0.092270 0.367137 -0.001308 
-0.090196 0.042522 -3.774703 -0.092459 0.366299 0.000259 
-0.083510 0.032080 -3.981326 -0.092356 0.365610 0.001692 
-0.084130 0.026472 -4.198328 -0.092223 0.364784 0.003228 
-0.086011 0.020581 -4.331335 -0.091936 0.364050 0.003545 
-0.089117 0.014426 -4.235955 -0.091665 0.363479 0.001804 
-0.107001 0.017629 -4.028180 -0.091342 0.362808 -0.000266 
-0.110452 0.019951 -3.821599 -0.090856 0.362324 -0.002020 
-0.112131 0.030319 -3.593769 -0.090796 0.361923 -0.003855 
-0.113455 0.032571 -3.481877 -0.090626 0.361439 -0.004078 
-0.112004 0.033680 -3.577643 -0.090772 0.361159 -0.002223 
-0.115924 0.028719 -3.775404 -0.091281 0.361311 0.000078 
-0.106044 0.022411 -3.983919 -0.091469 0.361751 0.002361 
-0.110779 0.015764 -4.221890 -0.091667 0.362295 0.004297 
-0.108636 0.004798 -4.344691 -0.092058 0.362867 0.004937 
-0.108504 0.001132 -4.259685 -0.092089 0.363806 0.003390 
-0.115843 0.011243 -4.080892 -0.092194 0.364501 0.000967 
-0.117441 0.008934 -3.871386 -0.092063 0.365147 -0.001759 
-0.119012 0.015874 -3.642250 -0.091867 0.365602 -0.004250 
-0.119287 0.021945 -3.528600 -0.091671 0.366259 -0.005233 
-0.111507 0.024956 -3.622797 -0.091479 0.366508 -0.004246 
-0.102930 0.019490 -3.811602 -0.091342 0.366763 -0.001948 
-0.101270 0.010009 -4.020017 -0.091396 0.366972 0.000227 
-0.098984 0.000866 -4.249220 -0.091607 0.367084 0.002710 
-0.105521 -0.012026 -4.373836 -0.091695 0.367143 0.003886 
-0.114322 -0.006654 -4.279967 -0.091506 0.366906 0.002789 
-0.116317 -0.013203 -4.082075 -0.091564 0.366503 0.000817 
-0.125811 -0.005866 -3.904440 -0.091527 0.365779 -0.001165 
-0.129048 0.006301 -3.654917 -0.091296 0.364908 -0.003621 
-0.116422 0.018832 -3.520627 -0.091207 0.363848 -0.004564 
-0.109469 0.017469 -3.624760 -0.091206 0.363050 -0.003465 
-0.108559 0.011343 -3.801619 -0.091399 0.362400 -0.001571 
-0.101132 0.017825 -4.010328 -0.091176 0.361715 0.000617 
-0.100154 0.009395 -4.250166 -0.091061 0.361647 0.003088 
-0.100015 0.001210 -4.365266 -0.090951 0.361565 0.004380 
-0.106992 0.003333 -4.272064 -0.090946 0.362175 0.003596 
-0.108425 0.002610 -4.085260 -0.090801 0.362442 0.001820 
-0.116288 -0.003383 -3.867535 -0.090861 0.363034 -0.000040 
-0.109879 0.007421 -3.648592 -0.090793 0.363533 -0.002429 
-0.101404 0.010058 -3.512478 -0.091260 0.363931 -0.003811 
-0.099361 0.015611 -3.615739 -0.091375 0.364604 -0.003045 
-0.089424 0.017169 -3.801031 -0.091671 0.365136 -0.001810 
-0.071339 0.014298 -3.997570 -0.092152 0.365707 -0.000049 
-0.075570 0.015388 -4.226072 -0.092296 0.366442 0.002109 
-0.073365 0.012519 -4.360733 -0.092469 0.367116 0.003275 
-0.080577 0.015462 -4.247279 -0.092459 0.367533 0.002510 
-0.081115 0.023633 -4.051540 -0.092412 0.367702 0.001284 
-0.081916 0.023376 -3.855177 -0.092425 0.367869 -0.000158 
-0.083306 0.041414 -3.617039 -0.092312 0.367658 -0.002091 
-0.077364 0.039855 -3.493624 -0.092325 0.367024 -0.002730 
-0.083913 0.037235 -3.597468 -0.092502 0.366607 -0.001633 
-0.083458 0.031734 -3.783581 -0.092691 0.365769 -0.000066 
-0.083158 0.034261 -3.980716 -0.092661 0.365034 0.001705 
-0.076914 0.024179 -4.208669 -0.092394 0.364256 0.003441 
-0.078291 0.026024 -4.332206 -0.092053 0.363712 0.003981 
-0.081786 0.028720 -4.227596 -0.091560 0.363051 0.002463 
-0.085741 0.023305 -4.030484 -0.091128 0.362377 0.000486 
-0.095581 0.028590 -3.823113 -0.090786 0.362225 -0.001483 
-0.098591 0.030552 -3.595202 -0.090465 0.361829 -0.003539 
-0.100043 0.040073 -3.483401 -0.090083 0.361637 -0.003872 
-0.105613 0.043679 -3.587935 -0.090216 0.361790 -0.002566 
-0.102228 0.033883 -3.775316 -0.090755 0.362078 -0.000366 
-0.098561 0.031629 -3.982736 -0.091240 0.362562 0.001710 
-0.087795 0.024079 -4.221359 -0.091596 0.363285 0.003966 
-0.091864 0.017167 -4.343064 -0.092284 0.363901 0.004399 
-0.105728 0.014644 -4.228195 -0.092477 0.364647 0.003204 
-0.105593 0.011628 -4.040076 -0.092670 0.365475 0.001105 
-0.098974 0.022371 -3.852318 -0.092602 0.365977 -0.000989 
-0.108213 0.042235 -3.613399 -0.092159 0.366396 -0.003469 
-0.108554 0.050088 -3.509537 -0.092110 0.366577 -0.004452 
-0.100651 0.045701 -3.633990 -0.092130 0.366539 -0.003380 
-0.093438 0.032980 -3.791224 -0.091885 0.366508 -0.001593 
-0.099710 0.027996 -3.989232 -0.091752 0.366677 0.000377 
-0.091883 0.015356 -4.227945 -0.091663 0.366559 0.002419 
-0.099754 0.003937 -4.374130 -0.091418 0.366250 0.003898 
-0.109253 0.001369 -4.270621 -0.091125 0.365917 0.002913 
-0.111859 0.003473 -4.093005 -0.090961 0.365430 0.000817 
-0.115350 0.006818 -3.885280 -0.090628 0.364658 -0.001252 
-0.118399 0.009804 -3.656226 -0.090460 0.363975 -0.003623 
-0.120428 0.013764 -3.521260 -0.090440 0.363014 -0.004783 
-0.113404 0.020002 -3.614246 -0.090387 0.362408 -0.004103 
-0.112669 0.012786 -3.791410 -0.090427 0.362046 -0.002215 
-0.111678 0.013869 -3.999544 -0.090407 0.361690 -0.000137 
-0.102064 0.009012 -4.229084 -0.090584 0.361752 0.002454 
-0.100535 0.007322 -4.364822 -0.090588 0.362145 0.003942 
-0.107512 0.009445 -4.271620 -0.090582 0.362754 0.003158 
-0.107443 -0.001044 -4.064302 -0.090829 0.363386 0.001504 
-0.115049 0.001262 -3.877547 -0.090827 0.363985 -0.000165 
-0.108224 0.012466 -3.648206 -0.090918 0.364384 -0.002542 
-0.107231 0.018846 -3.522775 -0.091202 0.364933 -0.003828 
-0.098645 0.013407 -3.615806 -0.091391 0.365171 -0.003052 
-0.088445 0.023394 -3.801722 -0.091627 0.365706 -0.001601 
-0.079601 0.025733 -3.998490 -0.091595 0.366058 -0.000057 
-0.077055 0.015011 -4.237013 -0.091817 0.366550 0.002091 
-0.076005 0.004826 -4.371288 -0.091881 0.366942 0.003041 
-0.069892 0.007934 -4.258428 -0.091540 0.367266 0.002272 
-0.077757 0.011820 -4.062352 -0.091528 0.367484 0.000937 
-0.086314 0.017150 -3.855276 -0.091507 0.367324 -0.000705 
-0.080928 0.023376 -3.627160 -0.091472 0.366871 -0.002648 
-0.081399 0.025538 -3.513887 -0.091623 0.366380 -0.003185 
-0.087919 0.032167 -3.598101 -0.091736 0.365773 -0.001852 
-0.079245 0.029838 -3.784314 -0.092058 0.365166 -0.000177 
-0.078945 0.032366 -3.981449 -0.092029 0.364431 0.001593 
-0.077806 0.025291 -4.208907 -0.092226 0.363977 0.003442 
-0.070594 0.022348 -4.322361 -0.092236 0.363559 0.004206 
-0.080309 0.019713 -4.218013 -0.091944 0.363227 0.002900 
-0.089498 0.024576 -4.020497 -0.091765 0.363167 0.000924 
-0.091641 0.026185 -3.803280 -0.091606 0.362863 -0.000819 
-0.100823 0.031177 -3.575418 -0.091428 0.362799 -0.002768 
-0.101840 0.040210 -3.472632 -0.091210 0.362699 -0.003429 
-0.099694 0.039252 -3.586736 -0.091530 0.362892 -0.002238 
-0.098453 0.029893 -3.732781 -0.091588 0.363094 -0.000652 
-0.096094 0.028352 -3.950837 -0.091746 0.363398 0.001412 
-0.092850 0.025569 -4.199000 -0.092072 0.363985 0.003449 
-0.091148 0.014963 -4.343131 -0.092299 0.364468 0.004391 
-0.098604 0.008591 -4.248467 -0.092354 0.365076 0.003070 
-0.098897 0.015447 -4.049973 -0.092478 0.365527 0.000880 
-0.100082 0.023416 -3.851718 -0.092434 0.365698 -0.001309 
-0.101677 0.031115 -3.633514 -0.092232 0.365965 -0.003485 
-0.109574 0.035631 -3.478715 -0.092214 0.365999 -0.004530 
-0.101254 0.031643 -3.592770 -0.092391 0.365861 -0.003446 
-0.099365 0.031742 -3.770319 -0.092540 0.365781 -0.001343 
-0.098597 0.023374 -3.978973 -0.092426 0.365710 0.000834 
-0.096767 0.014855 -4.217430 -0.092633 0.365634 0.002990 
-0.104397 0.002744 -4.353521 -0.092393 0.365514 0.004475 
-0.113245 -0.000245 -4.259867 -0.092264 0.365273 0.003483 
-0.116678 0.001189 -4.072701 -0.091784 0.364981 0.001387 
-0.126845 -0.000172 -3.874494 -0.091649 0.364351 -0.000797 
-0.129607 0.010483 -3.635131 -0.091427 0.363859 -0.003267 
-0.132444 0.012886 -3.510030 -0.091097 0.363287 -0.004766 
-0.125884 0.010364 -3.613629 -0.090944 0.362778 -0.003994 
-0.118694 0.007658 -3.810782 -0.090787 0.362279 -0.002338 
-0.110110 0.011576 -3.998229 -0.090744 0.362250 -0.000460 
-0.115305 0.006177 -4.238115 -0.090772 0.362514 0.002119 
-0.114690 -0.003520 -4.363375 -0.090673 0.362812 0.003397 
-0.114340 0.002889 -4.270511 -0.090633 0.363372 0.002721 
-0.119102 0.046067 -4.084415 -0.090825 0.364256 0.001497 
-0.129309 0.095880 -3.886217 -0.091777 0.364509 0.000091 
-0.131309 0.073786 -3.644571 -0.093876 0.364855 -0.001829 
-0.136969 0.009237 -3.507905 -0.095145 0.365321 -0.003012 
-0.144121 -0.056991 -3.588407 -0.095612 0.366118 -0.003110 
-0.166962 -0.048321 -3.760724 -0.094913 0.367071 -0.003595 
-0.169892 -0.028533 -3.925351 -0.093322 0.368368 -0.003766 
-0.125388 -0.034595 -4.133627 -0.091238 0.368565 -0.003124 
-0.063912 -0.076082 -4.179751 -0.088438 0.368223 -0.003008 
-0.011731 -0.128411 -3.979029 -0.085571 0.367618 -0.004292 
0.001052 -0.132527 -3.705592 -0.083196 0.367777 -0.005814 
-0.024525 -0.078567 -3.429163 -0.081721 0.368227 -0.007726 
-0.062649 -0.012807 -3.139772 -0.081136 0.367810 -0.010027 
-0.065970 0.037946 -2.982727 -0.082395 0.366682 -0.010912 
-0.040248 0.053630 -3.019641 -0.086124 0.364597 -0.009679 
-0.001449 0.073863 -3.139555 -0.091254 0.362340 -0.006777 
0.001246 0.122499 -3.251135 -0.095885 0.360540 -0.003438 
-0.013788 0.201284 -3.456984 -0.101112 0.358605 0.001560 
-0.037458 0.300609 -3.593829 -0.105560 0.356924 0.006826 
-0.071940 0.370211 -3.485411 -0.109434 0.355557 0.010884 
-0.090928 0.393611 -3.276900 -0.112021 0.354240 0.014450 
-0.115051 0.397795 -3.081999 -0.112978 0.353624 0.018179 
-0.153229 0.404270 -2.878338 -0.111839 0.353587 0.021021 
-0.194131 0.418031 -2.788221 -0.109680 0.353781 0.023966 
-0.235349 0.446551 -2.926374 -0.106763 0.354402 0.028422 
-0.300494 0.461810 -3.186823 -0.103303 0.355202 0.032759 
-0.359491 0.464168 -3.474192 -0.099930 0.355955 0.035782 
-0.423230 0.437851 -3.787764 -0.097885 0.356441 0.038044 
-0.499107 0.414248 -4.013907 -0.097119 0.356231 0.038801 
-0.593505 0.430340 -3.998401 -0.097544 0.355651 0.037231 
-0.684637 0.464992 -3.911662 -0.098803 0.354662 0.036175 
-0.787394 0.510554 -3.798191 -0.100636 0.353185 0.036984 
-0.918584 0.549507 -3.617335 -0.102535 0.351516 0.039246 
-1.113542 0.548531 -3.541349 -0.104747 0.350675 0.043009 
-1.361121 0.559335 -3.719227 -0.106250 0.350053 0.046550 
-1.634990 0.566274 -3.971131 -0.107150 0.349235 0.047018 
-1.855007 0.565755 -4.229601 -0.107428 0.347844 0.045650 
-2.072013 0.490644 -4.690019 -0.112563 0.350147 0.042930 
-2.133199 0.580718 -4.930093 -0.117742 0.351393 0.037576 
-2.338151 0.653964 -4.747330 -0.115902 0.340678 0.029611 
-2.590939 0.724893 -4.420140 -0.109773 0.328651 0.017968 
-2.749243 0.691210 -4.119096 -0.103684 0.316865 0.000462 
-2.989625 0.616557 -3.820380 -0.100660 0.304402 -0.010142 
-3.026311 0.583198 -3.563763 -0.101241 0.292751 -0.010223 
-3.189814 0.717973 -3.736447 -0.100850 0.282809 -0.001407 
-3.344570 0.860929 -4.177744 -0.101670 0.278403 0.013680 
-3.434327 0.991178 -4.458130 -0.100139 0.271500 0.023848 
-3.651333 0.995478 -4.672569 -0.097163 0.263589 0.023295 
-3.681159 0.917362 -4.738477 -0.096279 0.259650 0.017020 
-3.831829 0.915854 -4.756832 -0.096218 0.260212 0.008641 
-3.902388 0.952640 -4.727508 -0.101958 0.266718 0.000978 
-3.904290 1.084335 -4.641764 -0.107151 0.269999 -0.008931 
-4.028468 1.197509 -4.399160 -0.107892 0.273642 -0.015778 
-4.032287 1.193666 -4.236128 -0.108257 0.281293 -0.016365 
-4.090727 1.127021 -4.389132 -0.108919 0.290212 -0.012322 
-4.096829 1.115991 -4.433924 -0.111574 0.297724 -0.005548 
-4.064058 1.167129 -4.585336 -0.115369 0.302898 0.000346 
-4.194845 1.281026 -4.895095 -0.118812 0.310794 0.004709 
-4.216636 1.391463 -5.068788 -0.121258 0.316947 0.006719 
-4.281142 1.364489 -4.871688 -0.122943 0.316488 0.002300 
-4.257124 1.345069 -4.448805 -0.125821 0.312303 -0.010018 
-4.221725 1.401850 -4.240147 -0.128625 0.306866 -0.017755 
-4.242762 1.452028 -4.113205 -0.131985 0.301165 -0.024801 
-4.216964 1.557908 -4.011484 -0.132669 0.289822 -0.027427 
-4.327359 1.567669 -4.085832 -0.130559 0.276941 -0.026508 
-4.307933 1.489747 -4.203894 -0.127222 0.266857 -0.021861 
-4.350602 1.439172 -4.434116 -0.121152 0.258775 -0.014892 
-4.379436 1.426291 -4.594288 -0.114811 0.249648 -0.007626 
-4.467677 1.405495 -4.675670 -0.109529 0.241880 0.001208 
-4.557228 1.453664 -4.548285 -0.105389 0.238691 0.000565 
-4.542726 1.459860 -4.284572 -0.102779 0.237019 -0.005019 
-4.476970 1.464130 -3.934197 -0.100961 0.234492 -0.012226 
-4.411751 1.475912 -3.513587 -0.102633 0.234249 -0.020844 
-4.413372 1.484970 -3.390554 -0.109172 0.236802 -0.028815 
-4.403349 1.538886 -3.456466 -0.115860 0.239611 -0.034141 
-4.422171 1.588443 -3.660625 -0.124842 0.244349 -0.043325 
-4.419589 1.605639 -3.812974 -0.130825 0.249123 -0.047272 
-4.386674 1.655159 -4.032972 -0.137046 0.255896 -0.056323 
-4.373666 1.637369 -4.163847 -0.142305 0.262506 -0.053651 
-4.280992 1.643113 -4.109224 -0.146236 0.267105 -0.052956 
-4.148571 1.674126 -4.010153 -0.147712 0.271469 -0.035952 
-4.080142 1.612293 -3.940871 -0.146982 0.276643 -0.013047 
-4.047991 1.542863 -3.732486 -0.142633 0.278904 0.012635 
-3.999735 1.490671 -3.571650 -0.135739 0.278675 0.035591 
-3.913731 1.381198 -3.684413 -0.128891 0.277421 0.054548 
-3.800404 1.360891 -3.960745 -0.121878 0.274764 0.058619 
-3.818167 1.344310 -4.262038 -0.116040 0.269847 0.050068 
-3.943572 1.258519 -4.480690 -0.113655 0.262733 0.023949 
-4.159486 1.168591 -4.551167 -0.112646 0.254489 -0.011227 
-4.215986 1.190107 -4.374346 -0.113344 0.243991 -0.046639 
-4.112137 1.193635 -4.099944 -0.118736 0.232653 -0.069895 
-3.958710 1.275776 -3.843950 -0.126917 0.220929 -0.080224 
-3.945534 1.365418 -3.539309 -0.135927 0.211278 -0.069710 
-4.111779 1.286643 -3.377172 -0.144287 0.205738 -0.040350 
-4.206916 1.202026 -3.417464 -0.145886 0.203758 -0.008202 
-4.199954 1.121317 -3.550466 -0.144185 0.204124 0.014244 
-3.896603 0.999829 -3.873237 -0.138415 0.209312 0.035951 
-3.770738 0.999337 -4.115262 -0.131426 0.216607 0.037909 
-3.771024 1.088890 -4.322675 -0.121637 0.225169 0.021120 
-3.859495 1.035642 -4.310258 -0.112594 0.232904 -0.001842 
-3.916825 0.984849 -4.164220 -0.106735 0.240417 -0.015634 
-3.963916 0.793761 -4.016163 -0.106833 0.244463 -0.018525 
-4.105529 0.656213 -3.810913 -0.111105 0.243077 -0.012744 
-4.205970 0.618632 -3.606009 -0.118182 0.236083 -0.008319 
-4.147626 0.611935 -3.670241 -0.129594 0.226589 -0.002739 
-3.924264 0.621591 -3.853592 -0.140310 0.215848 -0.006479 
-3.825836 0.626758 -4.001527 -0.145506 0.204540 -0.015623 
-3.802664 0.489922 -4.101381 -0.146606 0.192156 -0.030513 
-3.694124 0.352521 -4.158195 -0.142198 0.183398 -0.038740 
-3.499781 0.235728 -4.012905 -0.133102 0.180188 -0.026982 
-3.308339 0.222152 -3.775667 -0.119423 0.178800 0.004859 
-3.193393 0.296955 -3.593232 -0.103879 0.180109 0.041031 
-3.214697 0.287980 -3.398404 -0.092387 0.185654 0.067120 
-3.335443 0.136667 -3.375511 -0.085970 0.192486 0.076773 
-3.594299 0.066384 -3.559772 -0.082917 0.198201 0.067482 
-3.730500 0.025858 -3.792614 -0.087296 0.200173 0.046946 
-3.605685 0.047568 -4.094561 -0.100079 0.197863 0.031363 
-3.477972 0.268111 -4.412092 -0.116277 0.193536 0.028469 
-3.490305 0.465517 -4.621260 -0.132237 0.186448 0.030839 
-3.584187 0.584414 -4.579942 -0.146722 0.177076 0.025678 
-3.662227 0.556813 -4.267146 -0.157903 0.167583 0.014955 
-3.611498 0.494560 -3.905922 -0.160416 0.158038 0.002943 
-3.484577 0.539308 -3.468972 -0.153940 0.152512 -0.005392 
-3.497015 0.542086 -3.131059 -0.144136 0.149423 -0.001355 
-3.711289 0.374450 -3.011271 -0.134829 0.146097 0.012739 
-3.921843 0.272322 -3.153008 -0.127462 0.144410 0.015711 
-3.814733 0.147745 -3.428847 -0.122638 0.141814 0.005296 
-3.442401 0.089067 -3.695972 -0.116713 0.137293 -0.005414 
-3.090259 0.060312 -3.843672 -0.109952 0.131566 -0.019546 
-2.816555 0.019354 -3.826932 -0.106061 0.126660 -0.024820 
-2.536238 -0.183243 -3.795591 -0.108762 0.123589 -0.004552 
-2.268034 -0.244573 -3.711577 -0.111440 0.121835 0.030709 
-2.128244 -0.194555 -3.786809 -0.113246 0.127455 0.064182 
-2.147969 -0.179611 -3.869153 -0.113953 0.140383 0.091538 
-2.313686 -0.221687 -3.939791 -0.111296 0.152356 0.096762 
-2.477013 -0.232255 -4.004239 -0.109227 0.163611 0.080683 
-2.337058 -0.268121 -4.168854 -0.112781 0.173012 0.059774 
-2.179025 -0.185453 -4.316646 -0.116610 0.178045 0.044771 
-2.054527 -0.055175 -4.313595 -0.122059 0.175632 0.016410 
-1.867183 0.047416 -4.122020 -0.131531 0.169094 -0.015343 
-1.727323 0.002400 -3.743615 -0.142716 0.159376 -0.035997 
-1.568372 -0.071174 -3.254626 -0.149585 0.145140 -0.039536 
-1.429154 -0.099411 -2.963252 -0.153077 0.133532 -0.020144 
-1.449163 -0.284817 -2.865703 -0.155983 0.124090 0.018506 
-1.556917 -0.502945 -2.869565 -0.152898 0.112292 0.049492 
-1.639498 -0.606837 -3.112277 -0.144815 0.106486 0.059697 
-1.372499 -0.703755 -3.405758 -0.131985 0.104147 0.054401 
-0.995665 -0.799965 -3.754673 -0.115070 0.102652 0.036328 
-0.589911 -0.741316 -4.008331 -0.098021 0.103301 0.016765 
-0.208680 -0.827304 -4.181227 -0.085700 0.106660 0.015588 
-0.006035 -1.033011 -4.235130 -0.078993 0.115527 0.030469 
0.131633 -1.034223 -4.214172 -0.074267 0.126925 0.041644 
0.046166 -1.077585 -4.089450 -0.076080 0.139468 0.056418 
-0.118562 -1.154788 -4.065668 -0.084125 0.156276 0.067174 
-0.371383 -1.086629 -4.125027 -0.093444 0.169929 0.068545 
-0.587516 -1.027791 -4.139088 -0.105053 0.176244 0.073926 
-0.581753 -1.042807 -4.154136 -0.121070 0.178564 0.074658 
-0.632961 -0.962766 -4.227657 -0.138218 0.174886 0.056490 
-0.575348 -0.787152 -4.098504 -0.151901 0.159832 0.029063 
-0.535222 -0.807696 -3.802505 -0.162964 0.143746 0.001669 
-0.411531 -0.746239 -3.408512 -0.164238 0.125507 -0.015227 
-0.364227 -0.745884 -3.148756 -0.157773 0.106620 -0.005241 
-2.890490 -1.753319 -7.425044 -0.236828 0.104465 0.001905 
-6.013514 -1.874457 -5.442773 -0.221092 0.094828 0.028991 
-7.071455 -2.058958 -4.268540 -0.197967 0.086246 0.070249 
-5.056977 -2.091001 -4.969512 -0.175724 0.052460 0.117508 
-2.566352 -2.037040 -4.637634 -0.143938 -0.024545 0.157321 
-1.168138 -1.758639 -3.954866 -0.129739 -0.069309 0.194696 
-1.561194 -1.228689 -3.584492 -0.097615 -0.096878 0.217384 
-2.321569 -1.099586 -2.872780 -0.052638 -0.119140 0.224307 
-2.066404 -2.014552 -3.661393 -0.024964 -0.121627 0.234000 
-1.774443 -1.712912 -3.936430 -0.001457 -0.107807 0.222000 
-1.860841 -2.373329 -2.981404 0.012280 -0.113475 0.199455 
-2.533157 -2.123638 -3.293060 0.015562 -0.089920 0.172850 
-1.960382 -1.632514 -2.942849 0.036019 -0.064517 0.151712 
-1.882319 -1.852249 -3.301798 0.014277 -0.063073 0.136074 
-1.453716 -1.802807 -3.271627 -0.016979 -0.044164 0.112552 
-0.924874 -1.540479 -3.332898 -0.054551 -0.023273 0.093504 
-1.059021 -1.443340 -3.299135 -0.089157 -0.017877 0.084284 
-0.812291 -1.272019 -2.815087 -0.115668 0.008546 0.074026 
-0.799929 -0.970864 -3.355715 -0.142152 0.040180 0.075982 
-0.498253 -1.369678 -3.020424 -0.147059 0.053731 0.084583 
-0.498262 -1.080588 -2.140284 -0.125485 0.078610 0.073696 
-0.252281 -1.495550 -2.202762 -0.104324 0.090203 0.058209 
-0.295080 -1.763231 -2.788150 -0.103162 0.099517 0.039786 
-0.005369 -1.583783 -2.545225 -0.078930 0.104798 0.019470 
-0.186919 -1.280775 -3.004037 -0.040707 0.096088 0.015842 
0.569955 -1.174012 -3.961713 -0.007626 0.083200 0.026687 
0.721086 -1.407911 -3.961337 0.002249 0.061126 0.032366 
0.425462 -1.740186 -3.771404 -0.015672 0.027424 0.031771 
-0.021732 -1.485887 -3.905273 -0.023763 0.007724 0.032668 
-1.223082 -1.920466 -5.639408 -0.063613 0.028267 0.031760 
-0.503077 -1.487535 -7.542308 -0.105122 0.099901 0.026340 
0.423810 -1.562454 -5.909722 -0.129915 0.059255 0.024521 
-0.591859 -1.406678 -4.178667 -0.138667 0.063197 0.013336 
0.355656 -0.661161 -4.100173 -0.153022 0.121567 0.004748 
-0.912443 -1.156832 -3.904184 -0.161946 0.150538 -0.007321 
0.158844 -0.526247 -3.746604 -0.168031 0.196893 -0.020280 
0.875753 -0.591082 -4.551384 -0.161961 0.243793 -0.019296 
0.970852 -0.632829 -3.038518 -0.134961 0.259223 -0.008425 
0.995244 -0.601133 -2.101803 -0.117585 0.272827 -0.010818 
0.053758 -0.920652 -3.660428 -0.116799 0.312379 -0.018160 
0.825087 -1.897910 -4.077583 -0.143953 0.321172 -0.030343 
0.739844 -1.138428 -4.073758 -0.130131 0.302286 -0.049740 
1.064977 -1.491341 -3.982384 -0.130135 0.252426 -0.043792 
1.003241 -1.017764 -3.367600 -0.133120 0.236848 -0.026655 
0.663728 -0.746175 -3.667389 -0.117853 0.201574 -0.011812 
0.599270 -1.031348 -4.128451 -0.112764 0.165478 0.004095 
1.014454 -0.491558 -5.206959 -0.091618 0.146908 -0.002841 
0.563889 -0.932783 -6.034714 -0.071932 0.113172 -0.019276 
-0.020044 -0.905261 -5.033043 -0.061015 0.080691 -0.034473 
-0.464431 -1.133350 -4.192420 -0.048449 0.069435 -0.045577 
-0.731458 -1.251828 -2.872956 -0.048042 0.051671 -0.041290 
-0.189264 -1.394275 -2.987669 -0.057237 0.043116 -0.046065 
-0.034333 -1.190017 -3.023070 -0.069379 0.049647 -0.051806 
0.183139 -1.222129 -3.165495 -0.081998 0.035672 -0.054284 
0.131938 -1.095737 -2.510490 -0.097577 0.049372 -0.046835 
0.322639 -1.092329 -2.999239 -0.112063 0.082083 -0.019322 
0.531387 -1.214867 -3.269654 -0.124372 0.104165 0.008949 
0.689673 -0.922078 -3.467993 -0.129791 0.142541 0.028161 
0.545568 -1.227683 -4.284014 -0.136999 0.184939 0.035550 
0.321249 -1.297711 -4.644325 -0.145041 0.229900 0.020790 
0.190286 -1.352298 -4.947568 -0.141190 0.268738 -0.011828 
0.427841 -1.371136 -4.574443 -0.137058 0.299110 -0.031773 
0.977311 -1.368757 -4.218881 -0.122118 0.303168 -0.035307 
0.977789 -1.079783 -4.365027 -0.099333 0.292923 -0.035967 
1.009081 -1.156574 -4.805062 -0.081814 0.277282 -0.029707 
0.573761 -1.251495 -4.827571 -0.066954 0.251656 -0.017239 
0.472005 -1.193737 -4.550208 -0.049541 0.206887 -0.007614 
0.219782 -1.377039 -3.622676 -0.044547 0.157427 0.009790 
0.033940 -1.527470 -3.152576 -0.051482 0.115784 0.027334 
-0.215559 -1.455204 -3.396196 -0.068589 0.072536 0.030599 
-0.403130 -1.458466 -3.081486 -0.086874 0.037516 0.021899 
-0.317111 -1.379091 -3.063252 -0.105542 0.013733 0.001801 
-0.269838 -1.187598 -2.945060 -0.114615 -0.004098 -0.024272 
-0.052994 -1.102105 -3.554361 -0.119499 0.006789 -0.044760 
0.322348 -1.146240 -3.901690 -0.115248 0.025337 -0.040651 
0.370852 -1.055844 -4.561961 -0.097519 0.043180 -0.018060 
0.422655 -1.138503 -4.901000 -0.080393 0.077900 0.004657 
0.288277 -1.422605 -5.275703 -0.068663 0.127015 0.020218 
0.358624 -1.618045 -4.898982 -0.055427 0.170488 0.019010 
0.380242 -1.718585 -4.179363 -0.039632 0.201471 0.010091 
0.587927 -1.630985 -4.199114 -0.031210 0.236590 0.005715 
0.647559 -1.606630 -4.179577 -0.042439 0.262462 0.007866 
0.489919 -1.369398 -4.231456 -0.057593 0.278932 -0.001358 
0.516108 -1.284842 -3.774542 -0.077425 0.278956 -0.011572 
0.456765 -1.274577 -3.764446 -0.099891 0.272804 -0.027123 
0.547842 -1.063921 -3.833374 -0.127117 0.254873 -0.047071 
0.316734 -1.067394 -3.769281 -0.153292 0.223351 -0.047862 
0.006324 -0.956785 -3.686207 -0.166002 0.185895 -0.029206 
-0.438534 -0.960287 -3.666674 -0.163514 0.146103 -0.015672 
-0.469491 -1.109875 -3.396097 -0.149131 0.105518 -0.010005 
-0.312026 -1.187647 -2.989489 -0.128035 0.066109 -0.010642 
-0.188454 -1.179552 -3.086548 -0.098626 0.039857 -0.018700 
0.059530 -1.105923 -3.513342 -0.063692 0.023441 -0.021317 
0.181754 -1.236068 -3.724002 -0.029794 0.015952 -0.005900 
0.439686 -1.338381 -4.033934 -0.004629 0.022058 0.009628 
0.567622 -1.541248 -4.521464 0.007371 0.043277 0.023281 
0.620139 -1.681597 -4.823736 0.008016 0.069675 0.027799 
0.479351 -1.839662 -4.806935 0.001968 0.101729 0.015366 
0.314441 -1.829410 -4.755668 -0.013206 0.137234 -0.007911 
0.347758 -1.673261 -4.782171 -0.038646 0.175737 -0.018002 
0.359979 -1.484366 -4.500505 -0.070465 0.208729 -0.017150 
0.318493 -1.235402 -4.000585 -0.101579 0.233660 -0.025866 
0.303645 -1.046335 -3.768533 -0.128419 0.253161 -0.035591 
0.347959 -0.994706 -3.773101 -0.151028 0.264583 -0.042763 
0.368200 -0.882340 -3.628522 -0.167916 0.264049 -0.047801 
0.287899 -0.856876 -3.490222 -0.175010 0.254199 -0.033082 
0.136089 -0.949019 -3.390354 -0.169778 0.237403 0.000108 
-0.079108 -1.093167 -3.124716 -0.152096 0.212394 0.020246 
-0.162181 -1.287709 -2.912290 -0.128254 0.177636 0.029821 
-0.022779 -1.399455 -2.985029 -0.101119 0.142330 0.025944 
0.144632 -1.443506 -3.253707 -0.071398 0.107907 0.006116 
0.310458 -1.369589 -3.414354 -0.041332 0.072682 -0.008420 
0.433355 -1.388544 -3.743710 -0.018044 0.045233 -0.001035 
0.537367 -1.446174 -4.410658 -0.005803 0.031601 0.006164 
0.604155 -1.408908 -5.108063 -0.003859 0.031818 0.004048 
0.672685 -1.463748 -5.336478 -0.010472 0.041945 0.001882 
0.580115 -1.487458 -5.495153 -0.019061 0.059595 -0.006478 
0.457403 -1.526934 -5.359402 -0.036164 0.090011 -0.017932 
0.354257 -1.414972 -4.960632 -0.054613 0.124653 -0.012723 
0.278463 -1.380789 -4.418666 -0.073276 0.157909 -0.004083 
0.137806 -1.195936 -3.831882 -0.091082 0.188888 -0.004867 
0.070000 -1.020271 -3.375907 -0.109866 0.215912 -0.013003 
0.048467 -0.968042 -2.991034 -0.130770 0.235094 -0.027243 
0.112621 -0.819581 -2.838718 -0.146909 0.245249 -0.040329 
0.207470 -0.675529 -2.768930 -0.157576 0.247033 -0.028816 
0.299058 -0.817791 -2.997228 -0.164444 0.239996 -0.002729 
0.236482 -1.010194 -3.359191 -0.163708 0.225419 0.011836 
0.090005 -1.177124 -3.523326 -0.152240 0.202226 0.014083 
0.142789 -1.224117 -3.722208 -0.128721 0.178562 0.009945 
0.331072 -1.249687 -3.885179 -0.100312 0.150795 0.000558 
0.602110 -1.134020 -4.006369 -0.070858 0.120224 -0.001860 
0.906631 -1.040304 -4.213010 -0.044427 0.094801 0.010637 
1.040261 -1.055670 -4.703562 -0.022231 0.076199 0.021661 
1.005127 -1.009788 -5.050252 -0.007275 0.068034 0.024792 
0.959223 -1.133328 -5.026226 -0.005280 0.067332 0.017986 
0.825232 -1.309021 -5.286094 -0.012706 0.078121 -0.002684 
0.611864 -1.355483 -5.147947 -0.028938 0.096148 -0.022478 
0.406241 -1.306538 -4.801570 -0.047717 0.117801 -0.023293 
0.303029 -1.254417 -4.173858 -0.072217 0.141560 -0.023489 
0.103797 -1.059510 -3.625351 -0.099145 0.168438 -0.030333 
0.111303 -0.909773 -2.995281 -0.125787 0.188768 -0.037497 
0.213072 -0.754021 -2.409507 -0.147662 0.203009 -0.042238 
0.433677 -0.604826 -2.349233 -0.161603 0.212216 -0.037205 
0.696948 -0.425345 -2.572961 -0.169332 0.214438 -0.012476 
0.937817 -0.400201 -2.827850 -0.170758 0.212566 0.016083 
1.063431 -0.534933 -3.343289 -0.163400 0.207244 0.029898 
1.122899 -0.684599 -3.846313 -0.145098 0.197472 0.020339 
1.367488 -0.842450 -4.193811 -0.119529 0.187015 -0.011183 
1.660121 -0.927901 -4.424918 -0.093751 0.175843 -0.048470 
1.954993 -0.798529 -4.615532 -0.067582 0.164297 -0.069980 
2.225387 -0.588734 -4.652002 -0.043113 0.154129 -0.067725 
2.376899 -0.422649 -4.612539 -0.026094 0.146495 -0.054718 
2.476375 -0.304166 -4.761528 -0.019400 0.143622 -0.036749 
2.566931 -0.175385 -4.854400 -0.026147 0.144227 -0.019851 
2.588723 -0.166049 -4.870802 -0.045999 0.148278 -0.008350 
2.529699 -0.151770 -4.827243 -0.073909 0.156307 -0.002935 
2.369160 -0.090730 -4.575412 -0.103651 0.168196 0.005454 
2.374493 0.017284 -4.152951 -0.128153 0.179505 0.014785 
2.473991 0.277685 -3.644257 -0.153627 0.193917 0.015007 
2.531416 0.516831 -3.190276 -0.175902 0.207934 0.003016 
2.567393 0.615367 -2.871376 -0.188565 0.222246 -0.018303 
2.693076 0.703905 -2.640143 -0.189991 0.233071 -0.048413 
2.916416 0.709296 -2.744407 -0.182919 0.239232 -0.072169 
3.215401 0.671485 -3.075662 -0.171426 0.243302 -0.074097 
3.471988 0.738919 -3.490592 -0.154698 0.243777 -0.046923 
3.717401 0.748270 -4.050101 -0.133866 0.238631 -0.001774 
3.899079 0.548966 -4.612926 -0.113414 0.232012 0.036877 
3.916212 0.341134 -4.928045 -0.094905 0.225420 0.059798 
4.017721 0.227578 -4.988366 -0.080360 0.216201 0.069550 
4.220812 0.258195 -4.893835 -0.071668 0.207321 0.062848 
4.335379 0.493881 -4.682514 -0.068833 0.202245 0.038904 
4.270649 0.568544 -4.482485 -0.073502 0.198450 0.020244 
4.088567 0.627458 -4.315408 -0.083170 0.197595 0.013607 
3.898190 0.769092 -4.195505 -0.096111 0.198971 0.023393 
3.876668 0.896745 -4.098975 -0.116446 0.202222 0.038918 
3.784732 0.967777 -4.035101 -0.143334 0.212232 0.047555 
3.669299 1.019436 -3.898848 -0.159446 0.219713 0.048607 
3.587634 1.038030 -3.560687 -0.171768 0.226415 0.035722 
3.562718 1.109104 -3.264269 -0.178868 0.236377 0.015735 
3.564702 1.122473 -3.013215 -0.183465 0.245546 -0.011958 
3.510823 1.051303 -2.824628 -0.180803 0.251376 -0.032088 
3.478959 1.062468 -2.704273 -0.167090 0.253226 -0.036924 
3.552234 1.000696 -2.932480 -0.148974 0.250025 -0.012081 
3.702991 0.878292 -3.362954 -0.133472 0.244201 0.025925 
3.801786 0.783022 -3.827869 -0.119094 0.236642 0.058698 
3.896401 0.582906 -4.301681 -0.104331 0.225122 0.079129 
4.015665 0.384611 -4.599476 -0.090361 0.213078 0.079248 
4.058780 0.347048 -4.630497 -0.081758 0.205572 0.062432 
4.212631 0.394662 -4.483081 -0.081505 0.200149 0.040969 
4.298110 0.680947 -4.308575 -0.084600 0.199409 0.019415 
4.262287 0.887517 -3.944902 -0.091714 0.201660 0.001668 
4.202783 0.873313 -3.739665 -0.104886 0.208419 -0.002542 
4.043568 0.872475 -3.732404 -0.121549 0.221482 0.009048 
4.030427 0.955010 -3.773754 -0.138657 0.234837 0.035638 
4.041558 1.104053 -3.886275 -0.153832 0.249702 0.068795 
3.967374 1.256559 -3.974732 -0.166144 0.265919 0.094736 
3.854867 1.221146 -4.099709 -0.174820 0.281249 0.104764 
3.782204 1.074611 -4.053660 -0.177195 0.291603 0.091690 
3.703874 1.002620 -3.885125 -0.173432 0.300755 0.066665 
3.725284 0.985598 -3.732751 -0.166330 0.304435 0.030397 
3.770231 1.075639 -3.583451 -0.157009 0.304472 -0.001855 
3.703740 1.208385 -3.511068 -0.144872 0.300742 -0.029324 
3.637323 1.113458 -3.694498 -0.133188 0.290184 -0.043940 
3.528102 1.000213 -4.007513 -0.122610 0.277472 -0.046837 
3.492232 0.906318 -4.291047 -0.116832 0.263214 -0.038357 
3.523328 0.889048 -4.642935 -0.115291 0.248733 -0.020190 
3.442635 0.990348 -4.758395 -0.115405 0.235721 -0.001865 
3.288670 1.062698 -4.622223 -0.116584 0.225375 0.017725 
3.185562 1.059192 -4.407215 -0.120367 0.218916 0.031659 
3.140265 1.112770 -4.117148 -0.125332 0.217593 0.036739 
3.191637 1.155674 -3.793215 -0.131610 0.219198 0.033247 
3.244789 1.278848 -3.499383 -0.137328 0.225594 0.021337 
3.176024 1.419756 -3.432932 -0.141861 0.237373 0.006272 
3.158020 1.427726 -3.547280 -0.146971 0.251630 -0.009560 
3.115210 1.374155 -3.675919 -0.151726 0.267657 -0.028135 
3.082226 1.355617 -3.875089 -0.155099 0.284707 -0.040033 
3.131378 1.329956 -4.074798 -0.158149 0.300431 -0.044209 
3.117890 1.351629 -4.017648 -0.160107 0.314783 -0.038494 
3.098956 1.382317 -3.874401 -0.160879 0.325066 -0.027419 
3.133017 1.367731 -3.754792 -0.160969 0.330368 -0.019235 
3.154152 1.367481 -3.622992 -0.159678 0.333285 -0.008669 
3.227065 1.378290 -3.572175 -0.157627 0.331082 0.005522 
3.300762 1.383708 -3.716043 -0.155922 0.324495 0.017134 
3.290367 1.427404 -3.880853 -0.153354 0.316390 0.017066 
3.261798 1.410725 -4.087828 -0.150902 0.307031 0.006016 
3.193672 1.367392 -4.274936 -0.148017 0.297170 -0.005133 
3.086923 1.357552 -4.352828 -0.145085 0.287876 -0.011463 
3.031954 1.340953 -4.187256 -0.143787 0.278380 -0.012953 
2.967088 1.393263 -3.898412 -0.143305 0.272034 -0.010687 
2.894702 1.408213 -3.594038 -0.144380 0.268776 -0.009720 
2.829486 1.353082 -3.296448 -0.145784 0.267253 -0.010091 
2.755079 1.310848 -3.128354 -0.147581 0.268779 -0.011239 
2.719158 1.271981 -3.209860 -0.150286 0.273518 -0.009620 
2.763003 1.277078 -3.412482 -0.153272 0.279654 -0.004242 
2.781896 1.333051 -3.601603 -0.155594 0.288094 0.003278 
2.829267 1.320348 -3.890609 -0.157735 0.296898 0.013786 
2.857624 1.252804 -4.116596 -0.158991 0.306949 0.022689 
2.859425 1.168357 -4.156547 -0.159751 0.318099 0.025936 
2.885052 1.113915 -4.136540 -0.159968 0.327741 0.025394 
2.872420 1.090055 -4.052580 -0.159677 0.339175 0.019425 
2.805475 1.111347 -3.948299 -0.158621 0.350903 0.009191 
2.741278 1.102933 -3.863443 -0.157448 0.360498 -0.001371 
2.656732 1.046395 -3.985259 -0.157416 0.368429 -0.009626 
2.580068 0.948456 -4.181008 -0.158144 0.373152 -0.012232 
2.516098 0.860365 -4.366505 -0.159916 0.374648 -0.006195 
2.416942 0.824269 -4.520761 -0.161178 0.373079 0.007318 
2.315490 0.778524 -4.561121 -0.162671 0.367783 0.024186 
2.207880 0.735262 -4.390950 -0.163999 0.359723 0.038154 
2.082028 0.693118 -4.125835 -0.163889 0.350143 0.045982 
1.981202 0.657962 -3.884651 -0.162269 0.339330 0.046491 
1.878632 0.616977 -3.623000 -0.159731 0.328508 0.038531 
1.770389 0.570052 -3.439052 -0.156272 0.318871 0.024685 
1.655305 0.518095 -3.508766 -0.152199 0.311418 0.010373 
1.540845 0.463459 -3.707188 -0.146853 0.306852 -0.002280 
1.455617 0.410434 -3.966240 -0.141799 0.305158 -0.011153 
1.397221 0.332368 -4.259515 -0.138511 0.305765 -0.013741 
1.345492 0.280285 -4.443618 -0.136649 0.309773 -0.010774 
1.290300 0.227688 -4.400787 -0.136414 0.316455 -0.004510 
1.230852 0.210171 -4.226489 -0.137872 0.325076 0.002957 
1.166235 0.217077 -4.065720 -0.141252 0.335939 0.009032 
1.128334 0.214766 -3.861181 -0.146614 0.347742 0.011192 
1.059273 0.229810 -3.735633 -0.152191 0.359197 0.008904 
1.000464 0.251094 -3.791417 -0.158837 0.371843 0.002928 
0.948206 0.302114 -3.933432 -0.165426 0.384177 -0.004930 
0.928465 0.362164 -4.125456 -0.171447 0.395050 -0.013356 
0.901287 0.401723 -4.314212 -0.176327 0.402721 -0.019731 
0.840248 0.401755 -4.453451 -0.180379 0.408033 -0.022205 
0.748980 0.393020 -4.370833 -0.182429 0.410759 -0.021490 
0.660066 0.369284 -4.169847 -0.182012 0.409059 -0.017022 
0.605783 0.369781 -3.936480 -0.179794 0.403304 -0.010355 
0.571804 0.380578 -3.721950 -0.176204 0.394737 -0.004976 
0.541323 0.382133 -3.633743 -0.170900 0.383956 -0.002712 
0.523754 0.359796 -3.752791 -0.164461 0.371377 -0.003312 
0.493451 0.322931 -3.975409 -0.157162 0.359081 -0.007560 
0.459815 0.289443 -4.210518 -0.150648 0.349004 -0.014405 
0.432347 0.283061 -4.464125 -0.145065 0.340522 -0.021365 
0.383637 0.259779 -4.596233 -0.140907 0.334459 -0.027483 
0.326334 0.252482 -4.486263 -0.138747 0.332159 -0.032006 
0.268181 0.241841 -4.268884 -0.138868 0.333102 -0.033654 
0.221779 0.239975 -3.996620 -0.140853 0.336258 -0.031925 
0.202596 0.245760 -3.683656 -0.145344 0.341706 -0.028754 
0.194697 0.282152 -3.461925 -0.151539 0.349968 -0.024582 
0.168370 0.309063 -3.503790 -0.158281 0.359443 -0.020108 
0.140861 0.340874 -3.641070 -0.164826 0.369607 -0.018083 
0.129544 0.351431 -3.821243 -0.170705 0.379552 -0.019542 
0.151217 0.339611 -4.057330 -0.176238 0.389547 -0.023211 
0.170628 0.338109 -4.190648 -0.179776 0.398018 -0.028623 
0.185439 0.347909 -4.123068 -0.180514 0.404875 -0.035062 
0.186872 0.343656 -3.980267 -0.179914 0.410190 -0.040050 
0.188084 0.320325 -3.825052 -0.177838 0.413016 -0.042886 
0.198002 0.299166 -3.628119 -0.174456 0.413298 -0.042996 
0.205142 0.284482 -3.541057 -0.170217 0.411999 -0.040297 
0.210156 0.251739 -3.653022 -0.165773 0.408827 -0.035184 
0.221755 0.221787 -3.833362 -0.161943 0.403706 -0.030525 
0.233872 0.204005 -4.037036 -0.158990 0.397436 -0.027893 
0.240072 0.183737 -4.234483 -0.157023 0.390627 -0.026950 
0.241624 0.175529 -4.312972 -0.156106 0.383929 -0.028138 
0.236999 0.162036 -4.151558 -0.155887 0.377616 -0.031475 
0.221773 0.154675 -3.878168 -0.156440 0.372033 -0.034497 
0.225275 0.158650 -3.667799 -0.157382 0.367768 -0.036505 
0.244858 0.167935 -3.378133 -0.158282 0.364339 -0.037918 
0.290516 0.172920 -3.186033 -0.159194 0.363039 -0.037083 
0.322838 0.170240 -3.254206 -0.159351 0.363687 -0.034254 
0.362021 0.156363 -3.460737 -0.158451 0.366123 -0.029761 
0.388097 0.125686 -3.707842 -0.157355 0.370752 -0.025552 
0.428940 0.079743 -4.014133 -0.156036 0.377000 -0.022280 
0.468383 0.030652 -4.275562 -0.154422 0.384011 -0.020914 
0.506736 -0.013635 -4.325354 -0.152787 0.391952 -0.023021 
0.553846 -0.047744 -4.259069 -0.151565 0.400486 -0.026635 
0.603804 -0.064444 -4.169634 -0.151184 0.408811 -0.030743 
0.641452 -0.079292 -4.028157 -0.151604 0.416736 -0.034789 
0.682238 -0.092321 -3.960269 -0.152808 0.424174 -0.037271 
0.704642 -0.108049 -4.092539 -0.154512 0.431294 -0.036481 
0.734988 -0.122364 -4.288428 -0.156678 0.436936 -0.034221 
0.756967 -0.135399 -4.484379 -0.159000 0.441204 -0.031728 
0.783082 -0.138276 -4.670078 -0.160926 0.443915 -0.029424 
0.782760 -0.138541 -4.781828 -0.162370 0.444984 -0.028438 
0.766587 -0.126031 -4.635359 -0.162459 0.444028 -0.030010 
0.751850 -0.108623 -4.395868 -0.161874 0.440754 -0.032557 
0.711283 -0.097155 -4.127581 -0.160702 0.435936 -0.034751 
0.664555 -0.093529 -3.861085 -0.158622 0.428865 -0.036722 
0.615542 -0.076050 -3.690254 -0.155958 0.420398 -0.037261 
0.557930 -0.077821 -3.770013 -0.152776 0.411450 -0.035344 
0.483873 -0.076709 -3.974334 -0.149095 0.401777 -0.032564 
0.396637 -0.073289 -4.181350 -0.145725 0.391627 -0.028489 
0.311865 -0.062414 -4.405860 -0.142300 0.381853 -0.021643 
0.233210 -0.044481 -4.529130 -0.140273 0.372503 -0.013833 
0.173144 -0.018817 -4.414940 -0.139480 0.363372 -0.006876 
0.126688 0.022627 -4.175320 -0.140023 0.355566 -0.000550 
0.085618 0.066020 -3.921981 -0.141676 0.349344 0.005035 
0.048918 0.109244 -3.640941 -0.144296 0.345184 0.008277 
0.024692 0.148242 -3.445416 -0.148062 0.342951 0.009937 
0.017465 0.177601 -3.461793 -0.151877 0.342917 0.011066 
0.018580 0.208121 -3.617690 -0.155192 0.345615 0.010750 
0.011093 0.217735 -3.782937 -0.157697 0.350468 0.009417 
0.003471 0.204827 -4.009450 -0.159876 0.356756 0.007894 
-0.007531 0.192168 -4.127444 -0.160936 0.363151 0.006767 
-0.002163 0.186835 -4.041930 -0.161626 0.372083 0.004924 
0.000669 0.188458 -3.880313 -0.161788 0.379404 0.004767 
0.016302 0.199578 -3.741782 -0.162033 0.384255 0.005910 
0.034148 0.219760 -3.515650 -0.162538 0.389085 0.008636 
0.070709 0.203988 -3.369587 -0.163601 0.391100 0.011426 
0.110247 0.188384 -3.464136 -0.164165 0.391692 0.012947 
0.111397 0.219570 -3.727435 -0.163291 0.394220 0.012157 
0.098488 0.205962 -4.060473 -0.161290 0.396358 0.010098 
0.075923 0.166813 -4.346532 -0.160439 0.395289 0.006515 
0.066879 0.102659 -4.464749 -0.160728 0.391984 0.001604 
0.093506 0.068722 -4.349553 -0.160634 0.388505 -0.003636 
0.110658 0.091473 -4.146693 -0.158546 0.386830 -0.008828 
0.110669 0.124154 -3.920121 -0.155273 0.384995 -0.012188 
0.088343 0.084008 -3.649090 -0.152687 0.381657 -0.012724 
0.030034 0.058911 -3.485727 -0.151295 0.378980 -0.010009 
-0.008730 0.032933 -3.546639 -0.150367 0.376492 -0.002658 
0.004023 0.032924 -3.672661 -0.149543 0.372519 0.006488 
0.025210 0.054437 -3.822512 -0.149365 0.368208 0.013598 
0.022121 0.073380 -4.035365 -0.150825 0.364450 0.018743 
0.004511 0.078711 -4.207561 -0.152715 0.361922 0.020158 
-0.040834 0.080367 -4.151789 -0.154179 0.359257 0.015543 
-0.052228 0.090771 -3.988478 -0.155086 0.357390 0.008109 
-0.062391 0.100142 -3.817051 -0.155360 0.358000 0.000859 
-0.057505 0.122948 -3.627346 -0.155210 0.359466 -0.005958 
-0.051767 0.113902 -3.476635 -0.155119 0.360637 -0.009494 
-0.044407 0.100956 -3.541453 -0.154240 0.362887 -0.008736 
-0.041734 0.084926 -3.757870 -0.152735 0.367109 -0.004817 
-0.021379 0.057278 -3.988430 -0.151622 0.372163 0.000797 
-0.001210 0.038811 -4.198523 -0.150446 0.377028 0.006326 
0.003757 0.005581 -4.343499 -0.149707 0.381407 0.010524 
-0.004362 -0.008532 -4.252029 -0.150301 0.385174 0.010562 
-0.005273 -0.015620 -4.056955 -0.151973 0.388008 0.006645 
-0.015339 -0.014720 -3.854779 -0.153915 0.389756 0.000287 
-0.035849 0.008330 -3.640030 -0.155066 0.391202 -0.007453 
-0.049182 0.016629 -3.497745 -0.156793 0.390976 -0.014161 
-0.053711 0.002598 -3.567165 -0.159141 0.388898 -0.016954 
-0.051341 0.012936 -3.748708 -0.160662 0.386041 -0.016085 
-0.052354 0.032981 -3.981578 -0.160505 0.383037 -0.012169 
-0.049265 0.049111 -4.233442 -0.158926 0.380108 -0.005827 
-0.063282 0.051077 -4.396505 -0.156817 0.376709 0.001119 
-0.072062 0.024802 -4.333456 -0.154754 0.373132 0.006854 
-0.067931 0.031560 -4.165654 -0.152137 0.369653 0.010967 
-0.057171 0.033811 -3.960806 -0.149871 0.366115 0.012757 
-0.031200 0.059254 -3.726543 -0.148080 0.362852 0.011367 
-0.031068 0.077725 -3.588229 -0.146992 0.361306 0.008278 
-0.035966 0.071643 -3.671808 -0.146551 0.360483 0.005097 
-0.043877 0.049011 -3.842825 -0.147351 0.360543 0.001201 
-0.041521 0.035755 -4.014089 -0.148561 0.361396 -0.002373 
-0.035049 0.034248 -4.240146 -0.150005 0.363574 -0.004285 
-0.019144 0.042592 -4.376793 -0.151541 0.366540 -0.005482 
-0.026324 0.045506 -4.241091 -0.152499 0.370203 -0.006571 
-0.039003 0.051644 -4.059336 -0.153441 0.374285 -0.005909 
-0.044601 0.054127 -3.851686 -0.154083 0.378316 -0.003729 
-0.035241 0.049746 -3.615330 -0.154926 0.381950 -0.000771 
-0.033481 0.061537 -3.480642 -0.155815 0.384607 0.002441 
-0.032667 0.074034 -3.581623 -0.156365 0.386923 0.006417 
-0.025893 0.068576 -3.790005 -0.157353 0.388244 0.009131 
-0.029891 0.055031 -4.001515 -0.158404 0.388294 0.009282 
-0.029912 0.048914 -4.260176 -0.159077 0.387367 0.007901 
-0.025945 0.041750 -4.403542 -0.159438 0.385628 0.004905 
-0.040705 0.037382 -4.317506 -0.159321 0.383316 -0.000788 
-0.051984 0.048444 -4.111772 -0.158135 0.380397 -0.006382 
-0.063582 0.043964 -3.890951 -0.156737 0.377285 -0.010148 
-0.073588 0.037285 -3.685628 -0.155191 0.374837 -0.012008 
-0.062827 0.028905 -3.496816 -0.153161 0.371771 -0.011739 
-0.058070 0.024199 -3.541718 -0.150614 0.368886 -0.007711 
-0.049710 0.033254 -3.702877 -0.148282 0.366766 -0.001745 
-0.061902 0.021341 -3.882643 -0.146592 0.364686 0.003993 
-0.062149 0.018632 -4.108510 -0.146115 0.363294 0.008740 
-0.060603 0.022980 -4.267112 -0.146394 0.362164 0.011519 
-0.074016 0.025255 -4.221809 -0.147192 0.361580 0.010291 
-0.077247 0.039244 -4.066614 -0.149194 0.361098 0.006605 
-0.079512 0.049843 -3.878387 -0.151383 0.361462 0.001974 
-0.079811 0.082276 -3.690181 -0.153578 0.362682 -0.002658 
-0.072982 0.108886 -3.557331 -0.155325 0.364340 -0.005850 
-0.056947 0.110712 -3.656204 -0.156908 0.366916 -0.005940 
-0.053891 0.108456 -3.873942 -0.158038 0.370656 -0.003579 
-0.045132 0.108617 -4.097068 -0.158184 0.374936 0.000151 
-0.022841 0.099626 -4.322986 -0.157903 0.379407 0.004617 
-0.010667 0.087336 -4.467031 -0.157013 0.383744 0.008393 
0.007073 0.081739 -4.389992 -0.156406 0.387434 0.009262 
0.008173 0.069885 -4.185796 -0.155859 0.390643 0.008100 
-0.000865 0.060417 -3.966468 -0.155463 0.392101 0.005258 
-0.010687 0.054705 -3.721780 -0.155523 0.392507 0.000851 
-0.012932 0.057745 -3.558230 -0.155994 0.391632 -0.003173 
-0.014161 0.057403 -3.611369 -0.156958 0.389347 -0.005322 
-0.001526 0.059583 -3.779377 -0.157728 0.386315 -0.006277 
-0.006219 0.056761 -3.982507 -0.157737 0.382550 -0.005872 
-0.025582 0.046485 -4.200630 -0.157484 0.378700 -0.003770 
-0.039984 0.032232 -4.340591 -0.156456 0.374901 -0.001079 
-0.062194 0.040361 -4.245216 -0.155287 0.370941 0.000750 
-0.079176 0.043063 -4.050654 -0.153355 0.367408 0.002859 
-0.081090 0.044727 -3.855067 -0.151583 0.364055 0.004646 
-0.088925 0.048236 -3.626427 -0.150125 0.361311 0.005602 
-0.095163 0.057426 -3.487295 -0.148944 0.359143 0.006054 
-0.097275 0.062363 -3.591352 -0.148582 0.357838 0.006941 
-0.090998 0.051548 -3.712598 -0.148648 0.357232 0.006841 
-0.081126 0.043506 -3.961399 -0.149491 0.357859 0.005558 
-0.068682 0.038638 -4.198644 -0.150633 0.359805 0.003847 
-0.077783 0.034658 -4.342942 -0.151627 0.362749 0.001346 
-0.073398 0.027820 -4.251098 -0.152325 0.366518 -0.002578 
-0.082065 0.020247 -4.069605 -0.153201 0.370655 -0.005784 
-0.075799 0.020153 -3.872499 -0.153694 0.375074 -0.007482 
-0.068442 0.029909 -3.647882 -0.154280 0.379201 -0.007968 
-0.061943 0.026144 -3.518260 -0.154794 0.382484 -0.007031 
-0.053211 0.038114 -3.598086 -0.155185 0.385983 -0.003590 
-0.045598 0.037391 -3.801269 -0.155658 0.388356 0.000612 
-0.039724 0.023661 -4.011249 -0.156383 0.389681 0.003747 
-0.028324 0.025834 -4.269300 -0.156990 0.390024 0.005891 
-0.019686 0.023906 -4.461708 -0.157631 0.389224 0.006281 
-0.023111 0.029746 -4.403121 -0.157755 0.387611 0.003459 
-0.036262 0.043222 -4.219413 -0.157677 0.385189 -0.000748 
-0.044551 0.045126 -4.017307 -0.157035 0.382536 -0.004628 
-0.046881 0.044684 -3.776628 -0.156086 0.379453 -0.007941 
-0.049673 0.045592 -3.603295 -0.154641 0.376103 -0.009063 
-0.043200 0.049468 -3.651413 -0.152997 0.373013 -0.007055 
-0.049416 0.043346 -3.805927 -0.151424 0.370408 -0.003109 
-0.047661 0.031706 -3.971991 -0.149886 0.368130 0.001358 
-0.043455 0.026410 -4.188497 -0.148781 0.366323 0.005999 
-0.053622 0.010726 -4.329950 -0.147923 0.365076 0.009198 
-0.055011 0.014759 -4.227846 -0.147900 0.364116 0.008976 
-0.062761 0.020895 -4.048591 -0.148353 0.363665 0.006677 
-0.069407 0.025755 -3.834854 -0.149300 0.363484 0.003125 
-0.066674 0.040481 -3.628940 -0.150654 0.363911 -0.001073 
-0.069455 0.057422 -3.475352 -0.152153 0.364863 -0.004569 
-0.062370 0.058543 -3.561983 -0.153746 0.366543 -0.005388 
-0.054057 0.074161 -3.776049 -0.154908 0.368816 -0.004286 
-0.037976 0.074672 -3.983917 -0.155850 0.371795 -0.001911 
-0.029587 0.079089 -4.236712 -0.156285 0.374936 0.001813 
-0.022534 0.066366 -4.387672 -0.156525 0.378255 0.005183 
-0.017287 0.071282 -4.310892 -0.156494 0.381464 0.006607 
-0.022232 0.075074 -4.119605 -0.156160 0.383961 0.006739 
-0.020118 0.084372 -3.914597 -0.156106 0.386023 0.005714 
-0.019904 0.089086 -3.684986 -0.156247 0.387039 0.003222 
-0.020947 0.088769 -3.536400 -0.156419 0.387116 0.000777 
-0.013296 0.094491 -3.622429 -0.157013 0.386499 -0.000780 
-0.014914 0.082693 -3.791582 -0.157409 0.384996 -0.001656 
-0.017038 0.073036 -3.991853 -0.157788 0.382929 -0.002231 
-0.027780 0.069550 -4.205800 -0.157645 0.380451 -0.001745 
-0.040928 0.058825 -4.340104 -0.156914 0.377787 -0.001093 
-0.041327 0.058211 -4.240434 -0.155796 0.374813 -0.000992 
-0.057215 0.049501 -4.050434 -0.154427 0.371933 -0.000713 
-0.066318 0.061955 -3.862561 -0.152584 0.369017 0.000101 
-0.074329 0.064372 -3.634226 -0.150973 0.366561 0.001052 
-0.080111 0.072938 -3.485840 -0.149797 0.364580 0.001830 
-0.076249 0.075265 -3.563401 -0.148969 0.362945 0.003915 
-0.077802 0.062537 -3.750510 -0.148726 0.361832 0.005582 
-0.076170 0.062841 -3.963761 -0.149194 0.361564 0.006054 
-0.073213 0.051536 -4.194489 -0.150064 0.362046 0.005645 
-0.069261 0.046089 -4.372553 -0.151057 0.363184 0.004528 
-0.065162 0.037884 -4.301807 -0.152244 0.365141 0.001364 
-0.067972 0.040027 -4.119373 -0.153208 0.367806 -0.002034 
-0.062278 0.053635 -3.919393 -0.154087 0.370798 -0.004452 
-0.056202 0.049762 -3.692318 -0.154929 0.374065 -0.005678 
-0.050081 0.054351 -3.530457 -0.155387 0.377349 -0.005462 
-0.035831 0.053705 -3.609077 -0.155542 0.380803 -0.002672 
-0.021064 0.046297 -3.791255 -0.155899 0.383788 0.001108 
-0.008101 0.041250 -3.992179 -0.156078 0.386120 0.004234 
-0.003209 0.034129 -4.241315 -0.156434 0.387842 0.006577 
-0.008993 0.017259 -4.404827 -0.156549 0.388855 0.007065 
-0.010482 0.026428 -4.336904 -0.156650 0.388567 0.004451 
-0.022296 0.018776 -4.153761 -0.156720 0.387275 0.000438 
-0.020405 0.022718 -3.950972 -0.156701 0.385124 -0.003330 
-0.034710 0.029630 -3.729195 -0.156350 0.382321 -0.006756 
-0.034232 0.037945 -3.573431 -0.155815 0.379142 -0.008308 
-0.032756 0.037695 -3.639236 -0.155005 0.375990 -0.006732 
-0.045519 0.028853 -3.832163 -0.153936 0.372955 -0.003236 
-0.057954 0.026656 -4.015927 -0.152660 0.370399 0.000477 
-0.061943 0.017428 -4.221402 -0.151427 0.368549 0.004697 
-0.074137 -0.005346 -4.382121 -0.150298 0.366933 0.007340 
-0.086561 -0.013269 -4.290778 -0.149401 0.365857 0.006770 
-0.098272 -0.013097 -4.082954 -0.148935 0.364855 0.004594 
-0.108798 -0.006991 -3.871923 -0.148749 0.364418 0.001348 
-0.109851 0.002862 -3.637135 -0.149336 0.364006 -0.002723 
-0.101580 0.014192 -3.506162 -0.150063 0.364214 -0.005815 
-0.090494 0.023358 -3.583990 -0.150954 0.364913 -0.006516 
-0.077445 0.021090 -3.777584 -0.151918 0.366377 -0.005613 
-0.063011 0.025940 -3.984479 -0.152830 0.368222 -0.003543 
-0.055770 0.032426 -4.235530 -0.153250 0.370796 -0.000454 
-0.047593 0.037426 -4.384374 -0.153847 0.373826 0.002397 
-0.040117 0.059020 -4.306078 -0.154340 0.377025 0.003623 
-0.027841 0.061467 -4.124755 -0.154649 0.379785 0.004073 
-0.029750 0.073487 -3.930785 -0.155221 0.382261 0.003795 
-0.033335 0.080597 -3.755471 -0.155826 0.383792 0.002975 
-0.036330 0.079190 -3.578152 -0.156813 0.385314 0.001622 
-0.031213 0.101725 -3.636094 -0.157935 0.385867 0.001271 
-0.020086 0.105639 -3.807319 -0.159017 0.385718 0.001573 
-0.011011 0.103223 -4.008743 -0.159822 0.385010 0.001634 
-0.011009 0.097722 -4.211449 -0.160171 0.384079 0.001904 
-0.021462 0.082771 -4.364453 -0.159951 0.382447 0.002212 
-0.027946 0.081894 -4.281796 -0.159000 0.380567 0.001110 
-0.051021 0.074095 -4.077861 -0.157630 0.378498 -0.000110 
-0.052764 0.079573 -3.865084 -0.155995 0.376189 -0.000996 
-0.063180 0.083255 -3.623777 -0.154056 0.373364 -0.001322 
-0.072527 0.086393 -3.454694 -0.152278 0.370638 -0.001064 
-0.072255 0.084050 -3.522490 -0.150841 0.368069 0.000814 
-0.076576 0.067946 -3.702047 -0.150141 0.365733 0.003244 
-0.087042 0.063369 -3.899706 -0.149684 0.363636 0.005021 
-0.094684 0.056551 -4.144963 -0.150044 0.362001 0.006120 
-0.094211 0.059939 -4.306710 -0.150493 0.360969 0.006323 
-0.100853 0.063756 -4.238508 -0.151117 0.361002 0.003927 
-0.106621 0.057991 -4.056238 -0.152136 0.361389 0.000767 
-0.104435 0.060555 -3.875605 -0.152771 0.362873 -0.002087 
-0.108786 0.064983 -3.645870 -0.153240 0.365068 -0.004481 
-0.103880 0.063415 -3.500750 -0.153901 0.367687 -0.005450 
-0.089860 0.062967 -3.566456 -0.154216 0.371044 -0.003610 
-0.089858 0.053370 -3.767462 -0.154436 0.374611 -0.000499 
-0.075920 0.044541 -3.977774 -0.154642 0.377891 0.002285 
-0.054924 0.031440 -4.218146 -0.154872 0.381123 0.004936 
-0.057664 0.016855 -4.372923 -0.155131 0.383741 0.005951 
-0.048819 0.013962 -4.317592 -0.155312 0.385483 0.004157 
-0.042635 0.014563 -4.136853 -0.155315 0.386364 0.000870 
-0.044246 0.021774 -3.944259 -0.155438 0.386631 -0.002931 
-0.054659 0.020874 -3.721062 -0.155623 0.385804 -0.006695 
-0.050550 0.022204 -3.592242 -0.155778 0.384319 -0.009247 
-0.039201 0.029420 -3.695445 -0.155392 0.382346 -0.008672 
-0.042143 0.030083 -3.874867 -0.154895 0.380007 -0.006125 
-0.044855 0.030549 -4.067203 -0.154237 0.377766 -0.002628 
-0.054952 0.018864 -4.282424 -0.153507 0.375481 0.001810 
-0.058533 0.010428 -4.435079 -0.152593 0.373428 0.005438 
-0.064440 0.002903 -4.328401 -0.151527 0.371257 0.006715 
-0.083793 0.002510 -4.125444 -0.150907 0.369452 0.006363 
-0.088179 0.016847 -3.939606 -0.150336 0.368027 0.004820 
-0.085987 0.018939 -3.709598 -0.150010 0.366446 0.002028 
-0.081951 0.026150 -3.528659 -0.149966 0.365624 -0.001237 
-0.075625 0.023594 -3.584261 -0.150299 0.365008 -0.002990 
-0.060391 0.022118 -3.754075 -0.150614 0.365114 -0.003776 
-0.050626 0.021962 -3.947011 -0.150922 0.366028 -0.003518 
-0.046615 0.015458 -4.173377 -0.151276 0.367560 -0.002117 
-0.041398 0.015504 -4.340582 -0.151586 0.369654 -0.000135 
-0.036936 0.014398 -4.282220 -0.151757 0.372198 0.000746 
-0.038877 0.017792 -4.100541 -0.152228 0.374770 0.001202 
-0.033659 0.033766 -3.918145 -0.152606 0.377296 0.001341 
-0.035627 0.047696 -3.703617 -0.153326 0.379293 0.001089 
-0.030077 0.065987 -3.538882 -0.154169 0.381149 0.000585 
-0.023209 0.077671 -3.608638 -0.155527 0.382358 0.000966 
-0.017088 0.081660 -3.801070 -0.156771 0.383299 0.001669 
-0.011881 0.086897 -4.012011 -0.158007 0.383865 0.001717 
-0.009209 0.077930 -4.244349 -0.158860 0.383778 0.001958 
-0.007733 0.086784 -4.395855 -0.159271 0.383505 0.002056 
-0.009533 0.089795 -4.311488 -0.159255 0.382740 0.000851 
-0.028817 0.086996 -4.106081 -0.158653 0.381505 -0.000470 
-0.027252 0.089604 -3.883030 -0.157680 0.379935 -0.001026 
-0.042057 0.094090 -3.641295 -0.156221 0.378001 -0.001246 
-0.049598 0.104123 -3.482453 -0.154714 0.375649 -0.000780 
-0.048501 0.093194 -3.530812 -0.153499 0.373164 0.001542 
-0.046514 0.089759 -3.711034 -0.152385 0.370790 0.003971 
-0.058135 0.077865 -3.908308 -0.151819 0.368411 0.005532 
-0.061739 0.068062 -4.154603 -0.151394 0.366461 0.006513 
-0.064645 0.056841 -4.316121 -0.151304 0.364873 0.006281 
-0.074701 0.057079 -4.237850 -0.151473 0.363684 0.003683 
-0.077101 0.058892 -4.056335 -0.151632 0.363191 0.000309 
-0.077257 0.067862 -3.856393 -0.152062 0.363067 -0.002190 
-0.076464 0.064554 -3.647783 -0.152419 0.363983 -0.004270 
-0.073580 0.075911 -3.504535 -0.152668 0.365476 -0.004692 
-0.074301 0.079439 -3.581588 -0.153123 0.367889 -0.002204 
-0.074840 0.073137 -3.782222 -0.153480 0.370600 0.000921 
-0.066482 0.068827 -3.981880 -0.154140 0.373824 0.003831 
-0.065746 0.052434 -4.221853 -0.154887 0.376909 0.006705 
-0.060482 0.040955 -4.375891 -0.155280 0.379758 0.007508 
-0.064038 0.036154 -4.278449 -0.155967 0.382057 0.005429 
-0.070254 0.034325 -4.128368 -0.156315 0.383602 0.002435 
-0.070129 0.030950 -3.935512 -0.156833 0.384426 -0.001264 
-0.078886 0.035095 -3.711929 -0.157143 0.384450 -0.005141 
-0.073768 0.042020 -3.542523 -0.157261 0.383719 -0.007772 
-0.069287 0.034447 -3.614485 -0.156985 0.382356 -0.007503 
-0.072361 0.032372 -3.802694 -0.156347 0.380686 -0.005618 
-0.076776 0.022386 -4.013830 -0.155281 0.378932 -0.003010 
-0.081940 0.005979 -4.237189 -0.154099 0.376706 0.000338 
-0.087242 -0.002766 -4.418217 -0.152866 0.374668 0.002973 
-0.094783 -0.003262 -4.340840 -0.151268 0.372801 0.003465 
-0.094860 -0.006716 -4.167936 -0.150175 0.370577 0.002655 
-0.107331 -0.002694 -3.951563 -0.149682 0.368626 0.001141 
-0.105600 0.000645 -3.723471 -0.149186 0.366763 -0.001009 
-0.100349 0.010307 -3.545277 -0.149445 0.365363 -0.002978 
-0.100074 0.014014 -3.615147 -0.149897 0.364320 -0.003017 
-0.089536 0.026447 -3.788378 -0.150597 0.364180 -0.002183 
-0.078296 0.027163 -3.993381 -0.151218 0.364896 -0.000963 
-0.079651 0.025246 -4.209931 -0.152026 0.366372 0.000884 
-0.081125 0.020849 -4.374577 -0.152693 0.368508 0.002122 
-0.069170 0.015505 -4.282525 -0.153213 0.370990 0.001963 
-0.065232 0.030810 -4.107172 -0.153436 0.373619 0.000805 
-0.061334 0.037883 -3.901688 -0.153719 0.376242 -0.000222 
-0.064999 0.041490 -3.675613 -0.154031 0.378721 -0.001337 
-0.054373 0.047524 -3.531002 -0.154474 0.380444 -0.002190 
-0.035456 0.049679 -3.614491 -0.154927 0.381951 -0.001092 
-0.022404 0.057418 -3.799388 -0.155820 0.383037 0.000362 
-0.004077 0.063112 -4.014822 -0.156401 0.383516 0.001684 
-0.009107 0.058444 -4.249666 -0.156907 0.383488 0.002670 
-0.000574 0.053771 -4.402245 -0.157248 0.383447 0.003079 
-0.002543 0.065076 -4.316824 -0.157174 0.382686 0.001449 
-0.006274 0.069113 -4.119192 -0.156837 0.381727 -0.000627 
-0.003550 0.078413 -3.903866 -0.156137 0.380533 -0.001937 
-0.008647 0.085826 -3.658628 -0.155457 0.378816 -0.003002 
-0.013288 0.101972 -3.498553 -0.154548 0.377019 -0.002638 
-0.016382 0.102059 -3.556895 -0.153901 0.374951 0.000007 
-0.018048 0.093384 -3.737972 -0.153629 0.372887 0.003299 
-0.026271 0.095964 -3.917204 -0.153444 0.371159 0.005953 
-0.027489 0.085784 -4.157057 -0.153340 0.369385 0.008550 
-0.029266 0.073382 -4.300906 -0.153259 0.368171 0.009293 
-0.046612 0.078190 -4.245089 -0.153238 0.366944 0.007427 
-0.042398 0.076613 -4.042196 -0.153418 0.366209 0.003643 
-0.052239 0.081146 -3.872509 -0.153241 0.366155 0.000679 
-0.061421 0.075507 -3.660683 -0.153299 0.366563 -0.002792 
-0.069377 0.084888 -3.503524 -0.153086 0.367458 -0.004919 
-0.067070 0.079734 -3.556773 -0.153119 0.368787 -0.004016 
-0.056122 0.077110 -3.745259 -0.153122 0.370461 -0.001838 
-0.058008 0.072544 -3.955386 -0.153306 0.372706 0.000960 
-0.060647 0.051549 -4.186434 -0.153444 0.374857 0.003949 
-0.062153 0.038527 -4.363371 -0.154011 0.377088 0.005920 
-0.067101 0.027333 -4.310719 -0.154258 0.378926 0.005193 
-0.065087 0.038813 -4.121694 -0.154670 0.380320 0.002883 
-0.071812 0.039648 -3.929963 -0.155162 0.381194 -0.000386 
-0.079045 0.043147 -3.696583 -0.155798 0.381397 -0.003931 
-0.087427 0.048816 -3.526887 -0.156094 0.381046 -0.006563 
-0.080680 0.046890 -3.607174 -0.156260 0.380339 -0.006729 
-0.080877 0.041809 -3.783432 -0.156285 0.379410 -0.005155 
-0.075065 0.042223 -3.993671 -0.155784 0.378161 -0.002540 
-0.091247 0.030274 -4.225905 -0.155220 0.376970 0.000694 
-0.094736 0.028552 -4.386828 -0.154259 0.375302 0.003563 
-0.093501 0.014086 -4.319836 -0.153076 0.373752 0.004364 
-0.099511 0.012971 -4.136887 -0.152131 0.372047 0.003667 
-0.105246 0.019789 -3.931554 -0.151293 0.370435 0.002243 
-0.111911 0.018864 -3.703667 -0.150510 0.368629 -0.000020 
-0.101712 0.023540 -3.545687 -0.150158 0.367386 -0.002448 
-0.103353 0.026734 -3.624821 -0.150132 0.366453 -0.003148 
-0.088653 0.018903 -3.807697 -0.150329 0.366085 -0.002872 
-0.086740 0.017492 -4.011999 -0.150649 0.366291 -0.002079 
-0.082378 0.013169 -4.237756 -0.151308 0.367248 -0.000666 
-0.078115 0.006231 -4.393338 -0.151669 0.368960 0.000792 
-0.081898 0.012488 -4.302029 -0.151955 0.370698 0.000858 
-0.085202 0.017884 -4.117766 -0.152413 0.372704 0.000358 
-0.080522 0.027273 -3.913350 -0.152999 0.374749 -0.000015 
-0.077575 0.037369 -3.687546 -0.153261 0.376612 -0.001015 
-0.073186 0.048215 -3.552771 -0.153995 0.378190 -0.001760 
-0.060764 0.046883 -3.615126 -0.154798 0.379546 -0.000745 
-0.040888 0.051171 -3.809831 -0.155711 0.380393 0.000595 
-0.037385 0.056587 -4.023535 -0.156303 0.380974 0.001275 
-0.035022 0.054422 -4.248929 -0.156627 0.381372 0.002368 
-0.026489 0.049750 -4.401507 -0.156968 0.381332 0.002778 
-0.034879 0.055392 -4.327586 -0.156938 0.380998 0.001667 
-0.031096 0.054533 -4.150761 -0.156629 0.380178 -0.000215 
-0.028130 0.063141 -3.925341 -0.155935 0.379173 -0.001520 
-0.032928 0.067952 -3.690568 -0.155112 0.378123 -0.002604 
-0.030695 0.079130 -3.518436 -0.154236 0.376464 -0.002983 
-0.033479 0.076119 -3.564236 -0.153611 0.375154 -0.001303 
-0.035224 0.073196 -3.723539 -0.153141 0.373759 0.001250 
-0.036780 0.070347 -3.932297 -0.152827 0.372272 0.003442 
-0.029727 0.061822 -4.150385 -0.152870 0.371106 0.005517 
-0.037004 0.061148 -4.314854 -0.153030 0.370129 0.006570 
-0.038610 0.064363 -4.249596 -0.153172 0.369269 0.005031 
-0.046360 0.070498 -4.070341 -0.153626 0.368817 0.002732 
-0.047215 0.071529 -3.860759 -0.153952 0.368598 0.000346 
-0.047566 0.080297 -3.641707 -0.154224 0.368569 -0.001818 
-0.046304 0.095234 -3.486555 -0.154448 0.369117 -0.002862 
-0.044310 0.083170 -3.561044 -0.154528 0.370067 -0.001546 
-0.047819 0.082185 -3.759266 -0.154688 0.371366 0.000631 
-0.044223 0.076034 -3.958346 -0.154720 0.372900 0.003015 
-0.040421 0.059814 -4.197309 -0.154820 0.374816 0.005143 
-0.043855 0.056552 -4.362736 -0.154999 0.376680 0.006376 
-0.050562 0.046824 -4.299628 -0.154915 0.378147 0.005336 
-0.043519 0.037687 -4.130942 -0.154986 0.379404 0.002782 
-0.050592 0.046347 -3.931124 -0.155102 0.380476 0.000051 
-0.058878 0.049604 -3.710362 -0.155257 0.380785 -0.002870 
-0.059893 0.058535 -3.542148 -0.155365 0.380673 -0.005079 
-0.052689 0.055985 -3.613181 -0.155535 0.380153 -0.004918 
-0.051994 0.049792 -3.789201 -0.155729 0.379503 -0.003345 
-0.059921 0.039762 -3.987595 -0.155471 0.378821 -0.001262 
-0.074528 0.034905 -4.217155 -0.155340 0.377907 0.001230 
-0.076880 0.030756 -4.375085 -0.154718 0.376800 0.003134 
-0.088749 0.015569 -4.315676 -0.154029 0.375436 0.003291 
-0.101363 0.017349 -4.131097 -0.153229 0.374064 0.002060 
-0.106970 0.016897 -3.925675 -0.152602 0.372161 0.000746 
-0.105151 0.027573 -3.698511 -0.151894 0.370589 -0.001193 
-0.108764 0.034090 -3.552784 -0.151696 0.368968 -0.002659 
-0.111147 0.030992 -3.613796 -0.151554 0.367558 -0.002591 
-0.105012 0.037821 -3.779788 -0.151172 0.366779 -0.001333 
-0.097826 0.025108 -3.985639 -0.151085 0.366659 -0.000228 
-0.096819 0.015296 -4.221884 -0.151141 0.366873 0.000959 
-0.094595 0.011539 -4.375959 -0.151319 0.367739 0.001784 
-0.101326 0.002570 -4.323784 -0.151230 0.369017 0.001058 
-0.099709 0.013515 -4.126886 -0.151325 0.370606 -0.000608 
-0.097682 0.015475 -3.920950 -0.151483 0.372378 -0.001844 
-0.102102 0.022309 -3.693665 -0.151933 0.374002 -0.003267 
-0.091319 0.030322 -3.529334 -0.152523 0.375245 -0.003772 
-0.078371 0.045846 -3.592938 -0.153208 0.376605 -0.002325 
-0.072626 0.049164 -3.759227 -0.153976 0.377835 -0.000324 
-0.059499 0.041144 -3.974595 -0.155139 0.378632 0.001320 
-0.047787 0.050227 -4.211406 -0.155700 0.379354 0.003051 
-0.044735 0.047140 -4.375032 -0.156194 0.380024 0.003875 
-0.045150 0.046639 -4.320001 -0.156362 0.380111 0.002315 
-0.046992 0.054901 -4.142236 -0.156154 0.380195 0.000108 
-0.049087 0.064870 -3.924804 -0.155936 0.379893 -0.001740 
-0.053377 0.076794 -3.687901 -0.155223 0.379128 -0.003572 
-0.042975 0.072776 -3.524780 -0.154611 0.378075 -0.004290 
-0.045784 0.070525 -3.581512 -0.153980 0.376576 -0.002295 
-0.039550 0.071466 -3.751007 -0.153638 0.375224 0.000359 
-0.033322 0.072279 -3.950849 -0.153294 0.373875 0.002986 
-0.027122 0.063843 -4.170319 -0.153016 0.372716 0.005378 
-0.029078 0.060229 -4.336121 -0.152710 0.371415 0.006639 
-0.038447 0.059646 -4.261510 -0.152724 0.370511 0.005319 
-0.040851 0.062082 -4.072657 -0.152718 0.369925 0.002915 
-0.043054 0.064850 -3.872567 -0.152871 0.369239 0.000202 
-0.044488 0.073903 -3.641982 -0.152982 0.369119 -0.002597 
-0.044381 0.081525 -3.486444 -0.153098 0.369385 -0.003856 
-0.041940 0.088365 -3.559893 -0.153366 0.369765 -0.002737 
-0.038644 0.084816 -3.748508 -0.153540 0.370631 -0.000333 
-0.033790 0.079469 -3.958816 -0.153885 0.371968 0.002692 
-0.035331 0.076957 -4.198679 -0.154374 0.373642 0.005477 
-0.031092 0.070778 -4.365193 -0.154729 0.375165 0.007250 
-0.029814 0.065043 -4.281932 -0.154774 0.376670 0.006337 
-0.035592 0.063477 -4.103182 -0.155121 0.378210 0.004011 
-0.043344 0.063311 -3.913138 -0.155139 0.379380 0.001051 
-0.036274 0.073199 -3.681043 -0.155400 0.380060 -0.002290 
-0.043537 0.067551 -3.532721 -0.155774 0.380466 -0.004523 
-0.035336 0.070338 -3.623858 -0.155906 0.380709 -0.004494 
-0.041904 0.058077 -3.789753 -0.155987 0.380584 -0.003029 
-0.049308 0.054897 -3.998092 -0.155681 0.380285 -0.001064 
-0.056972 0.053295 -4.197110 -0.155363 0.379606 0.001235 
-0.065181 0.035725 -4.375466 -0.155160 0.378729 0.003441 
-0.076112 0.027786 -4.315604 -0.154581 0.377647 0.003493 
-0.081532 0.018153 -4.130649 -0.154017 0.375933 0.002264 
-0.087530 0.016543 -3.924693 -0.153238 0.374318 0.000623 
-0.092816 0.032386 -3.696671 -0.152659 0.372510 -0.001522 
-0.097947 0.039678 -3.530396 -0.152136 0.370707 -0.003295 
-0.094135 0.042669 -3.602076 -0.151786 0.368780 -0.003124 
-0.095199 0.037942 -3.767640 -0.151649 0.367759 -0.001863 
-0.095402 0.032733 -3.974245 -0.151674 0.366833 -0.000315 
-0.094856 0.024169 -4.212406 -0.151560 0.366767 0.001514 
-0.094032 0.014411 -4.368849 -0.151459 0.367069 0.003087 
-0.100148 0.016052 -4.316688 -0.151615 0.367773 0.002591 
-0.106823 0.016222 -4.130838 -0.151629 0.368939 0.001236 
-0.105252 0.018807 -3.934156 -0.151783 0.370524 -0.000327 
-0.111172 0.025528 -3.705736 -0.151913 0.372158 -0.002397 
-0.101259 0.023886 -3.539409 -0.152412 0.373687 -0.003767 
-0.089005 0.030847 -3.600711 -0.153157 0.375047 -0.003178 
-0.075888 0.036804 -3.775820 -0.153903 0.376609 -0.001724 
-0.070178 0.030745 -3.992085 -0.154736 0.378033 0.000015 
-0.057333 0.038024 -4.218565 -0.155469 0.379223 0.001752 
-0.068682 0.025410 -4.383497 -0.155878 0.380278 0.002995 
-0.066571 0.039607 -4.330077 -0.156263 0.380929 0.002187 
-0.075069 0.043027 -4.143559 -0.156094 0.381248 0.000519 
-0.070124 0.049613 -3.936773 -0.155894 0.380706 -0.001122 
-0.072695 0.061094 -3.709181 -0.155666 0.380025 -0.002956 
-0.068089 0.061528 -3.534567 -0.155508 0.378916 -0.003869 
-0.063800 0.063760 -3.578722 -0.155003 0.377270 -0.002715 
-0.058238 0.065258 -3.756633 -0.154657 0.375731 -0.000710 
-0.060492 0.054469 -3.955751 -0.154240 0.374150 0.001593 
-0.054486 0.055086 -4.185099 -0.153897 0.372806 0.003874 
-0.056877 0.051960 -4.341886 -0.153428 0.371412 0.005463 
-0.060758 0.040143 -4.269661 -0.153034 0.370181 0.004778 
-0.064906 0.043781 -4.082428 -0.152538 0.369322 0.002690 
-0.060681 0.042563 -3.884272 -0.152394 0.368591 0.000505 
-0.055176 0.064752 -3.644795 -0.152248 0.368333 -0.001961 
-0.056223 0.065058 -3.488871 -0.152255 0.368316 -0.003436 
-0.061542 0.067477 -3.560305 -0.152559 0.368746 -0.003067 
-0.057804 0.063568 -3.727590 -0.152897 0.369702 -0.000966 
-0.047161 0.063418 -3.935957 -0.153042 0.370712 0.001205 
-0.041852 0.056695 -4.174695 -0.153557 0.372334 0.003561 
-0.036459 0.057831 -4.341594 -0.154020 0.374140 0.005550 
-0.039659 0.055442 -4.278625 -0.154687 0.375872 0.005057 
-0.044959 0.062373 -4.101338 -0.154973 0.377413 0.003269 
-0.043428 0.065981 -3.903512 -0.155281 0.378711 0.001391 
-0.042146 0.070673 -3.673358 -0.155743 0.379719 -0.001095 
-0.033599 0.080912 -3.526096 -0.156157 0.380308 -0.002896 
-0.024740 0.083407 -3.596743 -0.156452 0.380639 -0.002848 
-0.023224 0.081460 -3.793173 -0.156455 0.381040 -0.001413 
-0.030866 0.069092 -3.989956 -0.156214 0.380927 0.000021 
-0.030949 0.070069 -4.228979 -0.155872 0.380583 0.002068 
-0.039759 0.051402 -4.375616 -0.155518 0.379992 0.003652 
-0.043600 0.038561 -4.304536 -0.154970 0.379047 0.003281 
-0.056235 0.031221 -4.109241 -0.154235 0.377861 0.001839 
-0.062234 0.029611 -3.903284 -0.153456 0.376246 0.000198 
-0.060891 0.041800 -3.665961 -0.152738 0.374294 -0.001727 
-0.065132 0.057858 -3.521096 -0.152312 0.372396 -0.002976 
-0.060911 0.051864 -3.583737 -0.152025 0.370653 -0.002373 
-0.076633 0.048445 -3.770275 -0.151887 0.369357 -0.000804 
-0.077077 0.043927 -3.986972 -0.151906 0.368243 0.000737 
-0.076565 0.036515 -4.193643 -0.151946 0.367886 0.002278 
-0.076222 0.028140 -4.370273 -0.151835 0.367812 0.003839 
-0.090141 0.027007 -4.307614 -0.152015 0.368185 0.003248 
-0.090419 0.033599 -4.121196 -0.151980 0.368735 0.001687 
-0.096940 0.025740 -3.924324 -0.152211 0.369799 0.000128 
-0.103992 0.034266 -3.706235 -0.152168 0.370965 -0.001948 
-0.094971 0.033737 -3.540147 -0.152498 0.372214 -0.003317 
-0.083833 0.032359 -3.602207 -0.152981 0.373579 -0.002629 
-0.078936 0.035143 -3.777216 -0.153593 0.374910 -0.001282 
-0.075113 0.037820 -3.983115 -0.153884 0.376254 0.000034 
-0.070034 0.031295 -4.208939 -0.154559 0.377778 0.001439 
-0.067777 0.026386 -4.394504 -0.154583 0.378936 0.002553 
-0.066602 0.023456 -4.319887 -0.154930 0.379678 0.001325 
-0.066229 0.029628 -4.143324 -0.155057 0.380320 -0.000243 
-0.074786 0.034958 -3.936249 -0.155036 0.380159 -0.001885 
-0.076465 0.045326 -3.708419 -0.154976 0.379758 -0.003719 
-0.071772 0.053098 -3.534733 -0.154605 0.378938 -0.004422 
-0.072353 0.057518 -3.598647 -0.154570 0.377808 -0.003176 
-0.072360 0.053264 -3.786676 -0.154588 0.376689 -0.000966 
-0.066218 0.046739 -3.985588 -0.154457 0.375050 0.001451 
-0.067123 0.043469 -4.204201 -0.154307 0.373656 0.003636 
-0.069280 0.039523 -4.381240 -0.153843 0.372454 0.005205 
-0.071757 0.043714 -4.297950 -0.153658 0.371409 0.004322 
-0.076651 0.031051 -4.101292 -0.153117 0.370451 0.002450 
-0.080383 0.035088 -3.903660 -0.152779 0.369492 0.000375 
-0.075993 0.048938 -3.664941 -0.152371 0.369239 -0.001992 
-0.070605 0.054643 -3.509592 -0.152175 0.368893 -0.003358 
-0.062858 0.058806 -3.572299 -0.152138 0.368851 -0.002660 
-0.068213 0.051949 -3.759137 -0.152179 0.369488 -0.001005 
-0.057369 0.052131 -3.956268 -0.152483 0.370399 0.000857 
-0.053168 0.046453 -4.194405 -0.152830 0.371742 0.002893 
-0.048969 0.041297 -4.359775 -0.153338 0.372978 0.004352 
-0.045943 0.044368 -4.266197 -0.153803 0.374378 0.003673 
-0.050415 0.051968 -4.098460 -0.154406 0.375723 0.001884 
-0.048252 0.056042 -3.891075 -0.154871 0.376921 0.000340 
-0.046492 0.069231 -3.662383 -0.155272 0.377930 -0.001609 
-0.044607 0.074498 -3.536714 -0.155724 0.378759 -0.002897 
-0.034162 0.084444 -3.609424 -0.156127 0.379370 -0.001991 
-0.038010 0.087084 -3.796038 -0.156583 0.379714 -0.000108 
-0.035498 0.077514 -4.003072 -0.156959 0.379915 0.001751 
-0.034705 0.068387 -4.200793 -0.156851 0.380033 0.003613 
-0.041426 0.064155 -4.377710 -0.156714 0.380010 0.005282 
-0.044544 0.058495 -4.305337 -0.156277 0.379349 0.004485 
-0.056268 0.049155 -4.129218 -0.155716 0.378636 0.002701 
-0.061543 0.054725 -3.921970 -0.155047 0.377305 0.000634 
-0.059747 0.056282 -3.684089 -0.154404 0.375918 -0.001516 
-0.057989 0.058341 -3.517833 -0.153753 0.374351 -0.003402 
-0.054548 0.060038 -3.570708 -0.153092 0.372807 -0.002903 
-0.056288 0.056491 -3.737350 -0.152786 0.371506 -0.001321 
-0.065175 0.039349 -3.954467 -0.152578 0.370446 0.000212 
-0.073061 0.037552 -4.182993 -0.152261 0.369772 0.002164 
-0.073610 0.030290 -4.359861 -0.151981 0.369418 0.003725 
-0.074244 0.030345 -4.296652 -0.151984 0.369412 0.002814 
-0.082614 0.026494 -4.110045 -0.152026 0.369440 0.001257 
-0.089803 0.029200 -3.912891 -0.152183 0.369939 -0.000399 
-0.096550 0.031546 -3.694408 -0.152505 0.370526 -0.002358 
-0.087566 0.042048 -3.518478 -0.152918 0.371110 -0.003491 
-0.083341 0.046662 -3.591451 -0.153522 0.372050 -0.002374 
-0.072056 0.046484 -3.767251 -0.153991 0.373049 -0.000813 
-0.074061 0.044988 -3.973947 -0.154635 0.374432 0.001041 
-0.070076 0.039243 -4.211245 -0.154983 0.375776 0.002756 
-0.074905 0.029357 -4.386380 -0.155047 0.377171 0.003768 
-0.074061 0.033366 -4.323090 -0.155023 0.378303 0.002738 
-0.067014 0.034237 -4.145707 -0.155024 0.379182 0.000735 
-0.076401 0.028889 -3.937779 -0.154757 0.379595 -0.001457 
-0.078472 0.038100 -3.709415 -0.154545 0.379483 -0.003619 
-0.080559 0.047676 -3.534405 -0.154167 0.379284 -0.004863 
-0.073992 0.045283 -3.607658 -0.154014 0.378771 -0.004066 
-0.074625 0.040691 -3.774900 -0.153876 0.377749 -0.002164 
-0.067983 0.031895 -3.973041 -0.153762 0.376678 -0.000075 
-0.068412 0.027114 -4.201814 -0.153621 0.375663 0.002097 
-0.069502 0.023146 -4.378310 -0.153479 0.374454 0.003672 
-0.072180 0.027005 -4.306256 -0.153135 0.373508 0.003097 
-0.076353 0.031402 -4.129955 -0.152633 0.372460 0.001324 
-0.086780 0.031620 -3.922427 -0.152487 0.371449 -0.000527 
-0.081607 0.047786 -3.684775 -0.152382 0.370619 -0.002239 
-0.083806 0.050784 -3.519768 -0.152210 0.369941 -0.003379 
-0.075668 0.056106 -3.583009 -0.152325 0.369610 -0.002353 
-0.066713 0.052062 -3.760272 -0.152499 0.369479 -0.000358 
-0.063650 0.058590 -3.957622 -0.152762 0.369873 0.001620 
-0.068144 0.051251 -4.185499 -0.152965 0.370606 0.003562 
-0.064838 0.047208 -4.351107 -0.153305 0.371562 0.005022 
-0.056735 0.038022 -4.277653 -0.153370 0.372828 0.003994 
-0.062491 0.045576 -4.109621 -0.153652 0.374182 0.001878 
-0.054499 0.053823 -3.901438 -0.153763 0.375340 -0.000204 
-0.061350 0.062680 -3.672113 -0.153879 0.376407 -0.002588 
-0.052763 0.071896 -3.525995 -0.154139 0.377284 -0.004075 
-0.034750 0.085435 -3.588950 -0.154513 0.378034 -0.003054 
-0.037929 0.077512 -3.775846 -0.155043 0.378942 -0.001075 
-0.042007 0.070572 -3.993325 -0.155404 0.379575 0.000880 
-0.032608 0.065647 -4.222027 -0.155582 0.379638 0.003150 
-0.037781 0.060010 -4.378214 -0.155777 0.379984 0.004837 
-0.038650 0.060886 -4.294752 -0.155776 0.379786 0.003946 
-0.041515 0.064569 -4.107815 -0.155600 0.378918 0.002184 
-0.052118 0.063696 -3.900592 -0.155302 0.378195 0.000327 
-0.055668 0.068953 -3.672309 -0.155118 0.376944 -0.001716 
-0.052780 0.079086 -3.517370 -0.154570 0.375470 -0.003072 
-0.047605 0.080076 -3.591633 -0.154233 0.374109 -0.001946 
-0.056458 0.072311 -3.758776 -0.153961 0.372856 -0.000151 
-0.050999 0.080320 -3.925845 -0.153409 0.371796 0.001429 
-0.058979 0.061801 -4.154800 -0.153209 0.371115 0.003590 
-0.060420 0.055652 -4.331906 -0.152761 0.370482 0.005152 
-0.062651 0.048751 -4.289642 -0.152491 0.370105 0.004328 
-0.072592 0.037185 -4.113046 -0.152267 0.369951 0.002543 
-0.081756 0.041290 -3.904598 -0.152094 0.370079 0.000253 
-0.090679 0.044703 -3.686057 -0.151927 0.370396 -0.002031 
-0.083306 0.048513 -3.518996 -0.152226 0.370510 -0.003707 
-0.073515 0.048872 -3.590548 -0.152537 0.371408 -0.003345 
-0.069798 0.045100 -3.776104 -0.153034 0.372268 -0.001899 
-0.072455 0.044025 -3.972944 -0.153516 0.373560 -0.000037 
-0.075601 0.034950 -4.191330 -0.153892 0.374759 0.002231 
-0.072059 0.030086 -4.377191 -0.154236 0.375908 0.003671 
-0.062128 0.036915 -4.324694 -0.154508 0.377362 0.003062 
-0.075907 0.042251 -4.137987 -0.154650 0.378293 0.001500 
-0.090399 0.039912 -3.929564 -0.154848 0.379029 -0.000579 
-0.090926 0.047589 -3.710817 -0.154967 0.379288 -0.002750 
-0.092625 0.048316 -3.545038 -0.154811 0.379179 -0.004217 
-0.077637 0.049427 -3.607154 -0.154952 0.378798 -0.003621 
-0.070554 0.040272 -3.783965 -0.155001 0.377816 -0.001834 
-0.070718 0.034039 -3.991713 -0.154873 0.377177 0.000029 
-0.078475 0.024972 -4.220148 -0.154767 0.376212 0.002092 
-0.087719 0.016049 -4.386757 -0.154343 0.375247 0.003559 
-0.077724 0.020494 -4.305443 -0.153506 0.374117 0.002987 
-0.081944 0.016530 -4.129356 -0.153063 0.373066 0.001318 
-0.079000 0.025274 -3.922207 -0.152528 0.371965 -0.000642 
-0.083793 0.029462 -3.694773 -0.151870 0.371010 -0.002697 
-0.087013 0.040842 -3.530094 -0.151317 0.370344 -0.003946 
-0.079138 0.037736 -3.592711 -0.151492 0.370010 -0.003137 
-0.070136 0.042053 -3.769760 -0.151607 0.369882 -0.001246 
-0.067624 0.032483 -3.976793 -0.151983 0.370083 0.000614 
-0.072386 0.027116 -4.152928 -0.152336 0.370332 0.002287 
-0.068003 0.022658 -4.360415 -0.152836 0.371383 0.004355 
-0.072739 0.031187 -4.286470 -0.153266 0.372459 0.003451 
-0.070118 0.043893 -4.098818 -0.153829 0.373564 0.001790 
-0.061734 0.053299 -3.891170 -0.154092 0.374433 0.000034 
-0.067766 0.053441 -3.672753 -0.154429 0.375588 -0.001931 
-0.065827 0.067198 -3.516524 -0.154822 0.376416 -0.003297 
-0.055558 0.076053 -3.589539 -0.155072 0.377316 -0.002398 
-0.044971 0.067934 -3.755699 -0.155436 0.378220 -0.000725 
-0.041937 0.065213 -3.972678 -0.155764 0.378804 0.001017 
-0.046665 0.058695 -4.180302 -0.155962 0.379345 0.002978 
-0.038519 0.053094 -4.367430 -0.155826 0.379601 0.004634 
-0.039859 0.045081 -4.324928 -0.155725 0.379504 0.003809 
-0.043076 0.046582 -4.138600 -0.155244 0.379212 0.002034 
-0.053631 0.054070 -3.931162 -0.154887 0.378492 0.000073 
-0.050245 0.062454 -3.702683 -0.154516 0.377481 -0.002189 
-0.054027 0.068009 -3.526915 -0.154166 0.376144 -0.003635 
-0.048411 0.068640 -3.579849 -0.153994 0.374871 -0.002810 
-0.043046 0.059927 -3.747348 -0.153560 0.373806 -0.001022 
-0.043422 0.063635 -3.945559 -0.153361 0.372790 0.001071 
-0.051092 0.061905 -4.174923 -0.153043 0.372115 0.003344 
-0.057510 0.051493 -4.351445 -0.153271 0.371513 0.005130 
-0.059519 0.044789 -4.279673 -0.153001 0.371131 0.004653 
-0.060801 0.045915 -4.103496 -0.153003 0.370922 0.003197 
-0.069749 0.050087 -3.895887 -0.152830 0.371050 0.001228 
-0.070752 0.059276 -3.666980 -0.152939 0.370930 -0.000929 
-0.070860 0.066830 -3.510603 -0.153055 0.371196 -0.002509 
-0.060919 0.069038 -3.592782 -0.153512 0.371617 -0.001826 
-0.059371 0.066461 -3.747934 -0.153521 0.372202 -0.000679 
-0.055808 0.070718 -3.944512 -0.153801 0.373165 0.000971 
-0.060089 0.053439 -4.181926 -0.154074 0.374276 0.002683 
-0.057879 0.040169 -4.367706 -0.154157 0.375430 0.003901 
-0.056168 0.043825 -4.315110 -0.154295 0.376654 0.003185 
-0.071277 0.040755 -4.128322 -0.154176 0.377589 0.001401 
-0.078811 0.050663 -3.930419 -0.154122 0.378380 -0.000687 
-0.080037 0.050400 -3.702033 -0.154137 0.378544 -0.002746 
-0.080668 0.051105 -3.535711 -0.154302 0.378427 -0.004208 
-0.066331 0.052638 -3.587972 -0.154280 0.377953 -0.003604 
-0.066053 0.046046 -3.774390 -0.154316 0.377404 -0.002044 
-0.064908 0.039100 -3.971502 -0.154513 0.376945 -0.000169 
-0.071967 0.037972 -4.209577 -0.154512 0.376075 0.001782 
-0.072991 0.032222 -4.376285 -0.154221 0.375341 0.003357 
-0.076133 0.027322 -4.314845 -0.153778 0.374491 0.002874 
-0.087178 0.026809 -4.128951 -0.153315 0.373680 0.001320 
-0.090870 0.029822 -3.932464 -0.152824 0.373008 -0.000441 
-0.087919 0.038695 -3.694969 -0.152290 0.371904 -0.002375 
-0.097816 0.045369 -3.539807 -0.151935 0.371378 -0.003740 
-0.090832 0.043374 -3.602662 -0.151941 0.370765 -0.002930 
-0.082745 0.039685 -3.769232 -0.151953 0.370542 -0.001248 
-0.081301 0.030136 -3.976809 -0.152008 0.370751 0.000606 
-0.079862 0.020459 -4.214732 -0.152063 0.370965 0.002435 
-0.084311 0.022003 -4.369627 -0.152368 0.371594 0.003695 
-0.083338 0.018742 -4.306247 -0.152555 0.372435 0.002776 
-0.075224 0.019591 -4.128321 -0.152877 0.373306 0.000778 
-0.074121 0.033071 -3.920120 -0.153115 0.374227 -0.001190 
-0.073300 0.039011 -3.691881 -0.153407 0.374953 -0.003034 
-0.065102 0.057076 -3.536532 -0.153445 0.375740 -0.004297 
-0.061528 0.062111 -3.599650 -0.153887 0.376588 -0.003172 
-0.057621 0.059165 -3.796977 -0.154377 0.377259 -0.001090 
-0.046385 0.060504 -3.994641 -0.154833 0.377882 0.001100 
-0.050487 0.054324 -4.223052 -0.155188 0.378326 0.003369 
-0.055876 0.048619 -4.378401 -0.155384 0.378672 0.004735 
-0.049205 0.043840 -4.304813 -0.155418 0.378802 0.003722 
-0.058682 0.041035 -4.117605 -0.155293 0.378551 0.001845 
-0.046841 0.051771 -3.909479 -0.155061 0.377962 -0.000330 
-0.050279 0.063606 -3.671193 -0.154670 0.377189 -0.002477 
-0.045606 0.071514 -3.515778 -0.154459 0.376276 -0.003836 
-0.047494 0.066768 -3.568679 -0.154168 0.375340 -0.003126 
-0.048079 0.070537 -3.735706 -0.153971 0.374321 -0.001328 
-0.033634 0.064515 -3.944344 -0.153832 0.373581 0.000856 
-0.033783 0.058018 -4.164168 -0.153544 0.373041 0.003348 
-0.048286 0.060132 -4.341303 -0.153366 0.372503 0.005132 
-0.056709 0.057149 -4.279673 -0.153235 0.372264 0.004755 
-0.058232 0.058967 -4.113589 -0.153232 0.371868 0.003294 
-0.067004 0.064230 -3.905675 -0.153211 0.371707 0.001331 
-0.060989 0.060915 -3.676697 -0.153404 0.371532 -0.000829 
-0.068900 0.065695 -3.509822 -0.153545 0.371467 -0.002504 
-0.066474 0.072799 -3.571196 -0.153972 0.371749 -0.002015 
-0.057188 0.074779 -3.746633 -0.154105 0.372189 -0.000773 
-0.053913 0.071366 -3.953519 -0.154438 0.372961 0.000975 
-0.057755 0.063606 -4.191252 -0.154804 0.373786 0.002910 
-0.062892 0.046938 -4.357280 -0.154916 0.374797 0.004360 
-0.062295 0.042255 -4.305442 -0.154792 0.376025 0.003743 
-0.070077 0.043470 -4.118991 -0.154638 0.376912 0.002068 
-0.070283 0.057664 -3.921426 -0.154550 0.377654 0.000088 
-0.072624 0.049062 -3.693798 -0.154303 0.377823 -0.001871 
-0.073800 0.056638 -3.537964 -0.154098 0.378097 -0.003457 
-0.066141 0.053464 -3.599742 -0.154273 0.377764 -0.002969 
-0.065597 0.045421 -3.765135 -0.154320 0.377591 -0.001716 
-0.064620 0.046769 -3.961194 -0.154460 0.377136 -0.000268 
-0.070787 0.044529 -4.199031 -0.154626 0.376545 0.001683 
-0.064095 0.034215 -4.375308 -0.154524 0.375852 0.003142 
-0.080978 0.028750 -4.323671 -0.154253 0.375195 0.002652 
-0.084092 0.023741 -4.148185 -0.153978 0.374424 0.001303 
-0.087521 0.035183 -3.952321 -0.153427 0.373754 -0.000241 
-0.090790 0.038725 -3.715090 -0.153095 0.372978 -0.001963 
-0.093641 0.042144 -3.540228 -0.152760 0.372208 -0.003095 
-0.087308 0.040570 -3.593228 -0.152603 0.371503 -0.002278 
-0.095185 0.029023 -3.769758 -0.152357 0.371199 -0.000825 
-0.093733 0.028859 -3.975976 -0.152507 0.371124 0.000610 
-0.093162 0.019535 -4.203205 -0.152399 0.371246 0.002125 
-0.084790 0.013507 -4.368164 -0.152428 0.371592 0.003158 
-0.091860 0.008164 -4.304380 -0.152635 0.371915 0.002137 
-0.084638 0.010125 -4.126692 -0.152788 0.372506 0.000141 
-0.084628 0.024387 -3.929966 -0.152699 0.373246 -0.001518 
-0.084699 0.031439 -3.701965 -0.152823 0.373693 -0.003361 
-0.083244 0.037324 -3.536934 -0.153111 0.374425 -0.004294 
-0.073410 0.046667 -3.600933 -0.153198 0.375232 -0.003067 
-0.062197 0.038887 -3.787880 -0.153718 0.376040 -0.001087 
-0.058289 0.035940 -3.985207 -0.154209 0.376711 0.000995 
-0.062110 0.037300 -4.233656 -0.154510 0.377350 0.003140 
-0.059494 0.034702 -4.388265 -0.154840 0.377927 0.004292 
-0.059888 0.034065 -4.314964 -0.154849 0.378109 0.003387 
-0.053382 0.038230 -4.137209 -0.154987 0.378132 0.001398 
-0.054826 0.047778 -3.929632 -0.154932 0.377923 -0.000457 
-0.057372 0.058500 -3.691109 -0.154710 0.377431 -0.002606 
-0.045548 0.069603 -3.536336 -0.154311 0.376756 -0.003862 
-0.046327 0.063812 -3.589838 -0.154188 0.376099 -0.002832 
-0.039110 0.070355 -3.767362 -0.153966 0.375410 -0.000939 
-0.031906 0.067385 -3.976591 -0.153650 0.375010 0.001346 
-0.039598 0.056535 -4.195238 -0.153397 0.374520 0.003409 
-0.046771 0.053056 -4.351063 -0.153256 0.374307 0.004777 
-0.048316 0.055111 -4.268678 -0.153086 0.373828 0.004207 
-0.050289 0.057682 -4.081503 -0.153078 0.373240 0.002445 
-0.052021 0.059561 -3.884234 -0.153077 0.372840 0.000688 
-0.045568 0.065765 -3.655575 -0.153363 0.372379 -0.001249 
-0.045572 0.066808 -3.510040 -0.153685 0.372165 -0.002404 
-0.051625 0.072318 -3.561993 -0.153968 0.371835 -0.001687 
-0.041685 0.083884 -3.738588 -0.154192 0.371990 0.000098 
-0.045997 0.077765 -3.935815 -0.154549 0.372430 0.002072 
-0.043666 0.066975 -4.173500 -0.154772 0.372923 0.003900 
-0.041844 0.062554 -4.350049 -0.154632 0.373988 0.005342 
-0.055728 0.050390 -4.297231 -0.154730 0.375027 0.004514 
-0.063443 0.059079 -4.129979 -0.154523 0.376110 0.002394 
-0.064348 0.065333 -3.922774 -0.154330 0.376756 0.000526 
-0.065965 0.063912 -3.693854 -0.154194 0.377209 -0.001860 
-0.059660 0.067745 -3.527335 -0.154172 0.377331 -0.003541 
-0.059000 0.066931 -3.579612 -0.154175 0.377526 -0.002945 
-0.057830 0.059226 -3.765792 -0.154379 0.377256 -0.001385 
-0.057077 0.051122 -3.962370 -0.154425 0.377086 0.000162 
-0.063419 0.047791 -4.200512 -0.154439 0.376783 0.002106 
-0.063116 0.040440 -4.375998 -0.154480 0.376422 0.003352 
-0.072647 0.038502 -4.313767 -0.154181 0.375905 0.002655 
-0.075735 0.032734 -4.127350 -0.153912 0.375322 0.000992 
-0.086492 0.039890 -3.931148 -0.153395 0.374701 -0.000661 
-0.089110 0.043010 -3.703772 -0.153226 0.374017 -0.002390 
-0.091784 0.047520 -3.528605 -0.153044 0.372960 -0.003516 
-0.092805 0.042420 -3.592199 -0.152915 0.372115 -0.002493 
-0.092311 0.035895 -3.779456 -0.152950 0.371565 -0.000611 
-0.091583 0.028550 -3.986966 -0.152989 0.371206 0.001251 
-0.091037 0.019986 -4.225127 -0.152876 0.371140 0.003080 
-0.090884 0.010785 -4.389986 -0.152771 0.371255 0.004005 
-0.084382 0.014300 -4.315345 -0.152747 0.371389 0.002567 
-0.086206 0.012418 -4.128007 -0.152450 0.371945 0.000463 
-0.094607 0.022680 -3.919411 -0.152235 0.372645 -0.001939 
-0.087982 0.033552 -3.701307 -0.152167 0.373143 -0.004007 
-0.086790 0.031008 -3.535652 -0.152515 0.373872 -0.005156 
-0.084572 0.028396 -3.609621 -0.152689 0.374537 -0.003939 
-0.073049 0.037405 -3.796977 -0.153091 0.375351 -0.001847 
-0.069993 0.034548 -3.995685 -0.153260 0.376029 0.000550 
-0.072552 0.026834 -4.233714 -0.153946 0.376845 0.002812 
-0.068894 0.024972 -4.398712 -0.154592 0.377226 0.004284 
-0.068396 0.023223 -4.325172 -0.154769 0.377687 0.003378 
-0.068512 0.031170 -4.126374 -0.155046 0.377851 0.001194 
-0.062193 0.044516 -3.928151 -0.155120 0.377685 -0.000880 
-0.064054 0.053665 -3.730972 -0.154906 0.377576 -0.002747 
-0.065812 0.056303 -3.544635 -0.154898 0.376987 -0.004189 
-0.066128 0.059272 -3.587524 -0.154875 0.376233 -0.003251 
-0.051389 0.061048 -3.755508 -0.154683 0.375680 -0.001139 
-0.051484 0.063041 -3.944770 -0.154336 0.375140 0.001274 
-0.051399 0.055724 -4.184847 -0.154053 0.374792 0.003747 
-0.045319 0.044808 -4.352413 -0.153634 0.374294 0.005528 
-0.054897 0.034509 -4.290396 -0.153394 0.373773 0.004936 
-0.057502 0.036613 -4.112780 -0.153229 0.373286 0.002840 
-0.053406 0.042665 -3.914714 -0.152873 0.372846 0.000545 
-0.055516 0.052899 -3.685207 -0.152815 0.372446 -0.001932 
-0.049901 0.058176 -3.507690 -0.152784 0.372190 -0.003920 
-0.048890 0.059543 -3.559357 -0.153092 0.371808 -0.003312 
-0.038949 0.071109 -3.735952 -0.153317 0.371963 -0.001526 
-0.043286 0.065749 -3.944111 -0.153667 0.372215 0.000763 
-0.039585 0.062342 -4.183020 -0.153998 0.372989 0.003127 
-0.036739 0.059546 -4.350543 -0.154168 0.373665 0.005229 
-0.050144 0.055878 -4.299188 -0.154205 0.374706 0.004939 
-0.048879 0.060936 -4.122387 -0.154501 0.375627 0.003371 
-0.048716 0.067169 -3.914639 -0.154630 0.376265 0.001508 
-0.056506 0.068777 -3.685767 -0.154636 0.377049 -0.000771 
-0.049085 0.080949 -3.518490 -0.154877 0.377167 -0.002551 
-0.048231 0.080338 -3.589876 -0.155038 0.377266 -0.002289 
-0.046560 0.070363 -3.775284 -0.155258 0.377565 -0.001058 
-0.045760 0.070620 -3.971647 -0.155245 0.377398 0.000385 
-0.045213 0.062055 -4.209808 -0.155131 0.377332 0.002214 
-0.044454 0.054080 -4.376040 -0.155178 0.377158 0.003787 
-0.061488 0.046765 -4.313776 -0.154760 0.376978 0.002976 
-0.064965 0.049846 -4.118128 -0.154268 0.376305 0.001536 
-0.068704 0.044499 -3.921855 -0.153836 0.375630 -0.000120 
-0.072343 0.056002 -3.694806 -0.153287 0.374957 -0.001959 
-0.075434 0.060113 -3.530037 -0.152946 0.373999 -0.003098 
-0.076670 0.054946 -3.592793 -0.152818 0.373155 -0.002395 
-0.077284 0.049466 -3.779449 -0.152686 0.372326 -0.000833 
-0.076595 0.043145 -3.985815 -0.152879 0.371680 0.000714 
-0.075632 0.034979 -4.213578 -0.152923 0.371514 0.002556 
-0.082369 0.031012 -4.378419 -0.152946 0.371393 0.003595 
-0.083655 0.031488 -4.305355 -0.152787 0.371295 0.002691 
-0.084671 0.031164 -4.108154 -0.152800 0.371462 0.000928 
-0.086305 0.030108 -3.932587 -0.152497 0.371829 -0.000540 
-0.086329 0.045522 -3.704371 -0.152562 0.372278 -0.002487 
-0.079567 0.048730 -3.528598 -0.152546 0.372588 -0.003841 
-0.085304 0.041495 -3.581443 -0.152597 0.373399 -0.003040 
-0.081975 0.046571 -3.757767 -0.152872 0.374170 -0.001370 
-0.079815 0.034819 -3.965411 -0.152943 0.374947 0.000477 
-0.076129 0.031677 -4.192245 -0.153433 0.375623 0.002212 
-0.073742 0.019498 -4.377720 -0.153669 0.376489 0.003436 
-0.072571 0.026448 -4.324752 -0.153944 0.376858 0.002734 
-0.080633 0.029378 -4.147251 -0.153939 0.377269 0.000737 
-0.081448 0.029386 -3.938812 -0.154111 0.377337 -0.001335 
-0.075540 0.042461 -3.720641 -0.154028 0.377268 -0.003395 
-0.069735 0.048565 -3.554895 -0.153990 0.376822 -0.004748 
-0.062488 0.054999 -3.618374 -0.153937 0.376211 -0.003722 
-0.061250 0.055519 -3.786068 -0.153923 0.376038 -0.001611 
-0.053677 0.044587 -3.985115 -0.153823 0.375535 0.000791 
-0.052839 0.053700 -4.204270 -0.153585 0.375281 0.003074 
-0.052516 0.046213 -4.361486 -0.153468 0.375015 0.004975 
-0.061202 0.034801 -4.299232 -0.153396 0.374774 0.004382 
-0.070872 0.041048 -4.121902 -0.153206 0.374338 0.002394 
-0.066143 0.047567 -3.914277 -0.153008 0.373798 0.000432 
-0.060973 0.053725 -3.685322 -0.152974 0.373345 -0.001832 
-0.055207 0.060852 -3.518432 -0.153089 0.372612 -0.003499 
-0.054612 0.061820 -3.580497 -0.153239 0.372331 -0.002903 
-0.045370 0.065446 -3.747452 -0.153360 0.372390 -0.001006 
-0.043879 0.064259 -3.954814 -0.153356 0.372603 0.000744 
-0.041070 0.061965 -4.193961 -0.153519 0.373098 0.003109 
-0.038440 0.059102 -4.360646 -0.153690 0.373774 0.004890 
-0.044967 0.060472 -4.288536 -0.153688 0.374574 0.004408 
-0.051728 0.053305 -4.101757 -0.153914 0.375450 0.002842 
-0.059521 0.064792 -3.894534 -0.153850 0.375860 0.001089 
-0.059808 0.071777 -3.665694 -0.153974 0.376307 -0.001075 
-0.052200 0.074768 -3.518886 -0.154279 0.376613 -0.002771 
-0.042734 0.078488 -3.590905 -0.154726 0.376654 -0.002075 
-0.033560 0.073889 -3.776346 -0.155064 0.376616 -0.000729 
-0.038979 0.068815 -3.972972 -0.155253 0.376777 0.000926 
-0.044793 0.072462 -4.190713 -0.155219 0.376854 0.002778 
-0.044666 0.064020 -4.366504 -0.155108 0.376780 0.004017 
-0.053064 0.060278 -4.293942 -0.154982 0.376731 0.003326 
-0.055205 0.061365 -4.149493 -0.154662 0.376533 0.002161 
-0.066442 0.050770 -3.922841 -0.154112 0.376191 0.000416 
-0.069013 0.062251 -3.695250 -0.153884 0.375510 -0.001418 
-0.064798 0.061527 -3.520102 -0.153574 0.374689 -0.002659 
-0.072858 0.059811 -3.573050 -0.153426 0.374085 -0.001842 
-0.073008 0.063092 -3.749094 -0.153393 0.373158 -0.000372 
-0.073435 0.048431 -3.956218 -0.153324 0.372517 0.001274 
-0.072687 0.040198 -4.183142 -0.153369 0.372352 0.002795 
-0.071926 0.041479 -4.378361 -0.153509 0.371898 0.003923 
-0.073939 0.024766 -4.315287 -0.153310 0.371894 0.002895 
-0.082893 0.028810 -4.138024 -0.153136 0.372026 0.000900 
-0.091841 0.032982 -3.930414 -0.152963 0.372154 -0.001069 
-0.085868 0.044274 -3.702455 -0.152732 0.372560 -0.003130 
-0.079308 0.047151 -3.537919 -0.152556 0.372969 -0.004176 
-0.084893 0.041765 -3.601391 -0.152755 0.373303 -0.003053 
-0.074935 0.043188 -3.768413 -0.152891 0.373930 -0.001164 
-0.079448 0.036737 -3.976877 -0.153089 0.374470 0.001119 
-0.082874 0.029376 -4.204212 -0.153613 0.375194 0.003066 
-0.087089 0.030100 -4.379360 -0.153923 0.376015 0.004307 
-0.080183 0.024500 -4.326025 -0.153962 0.376337 0.003274 
-0.087440 0.018981 -4.147357 -0.154337 0.376739 0.001067 
-0.088471 0.018921 -3.938080 -0.154510 0.376808 -0.001326 
-0.083430 0.032350 -3.709215 -0.154265 0.376647 -0.003701 
-0.084818 0.049866 -3.543845 -0.153990 0.376543 -0.005056 
-0.076767 0.047850 -3.606157 -0.154317 0.375922 -0.004241 
-0.076885 0.040723 -3.784703 -0.154036 0.375567 -0.002037 
-0.076376 0.033934 -3.984035 -0.153911 0.375115 0.000473 
-0.068675 0.038572 -4.214141 -0.153539 0.374909 0.002956 
-0.068768 0.030686 -4.381755 -0.153264 0.374742 0.004845 
-0.077406 0.027635 -4.319286 -0.153133 0.374505 0.004147 
-0.079642 0.021777 -4.131486 -0.153185 0.373914 0.002168 
-0.082194 0.032371 -3.923309 -0.152963 0.373426 -0.000006 
-0.077240 0.038462 -3.693515 -0.152929 0.372974 -0.002591 
-0.078931 0.048574 -3.526378 -0.152868 0.372581 -0.004478 
-0.063292 0.049264 -3.598349 -0.153171 0.372291 -0.003889 
-0.054290 0.053582 -3.775397 -0.153287 0.372163 -0.001998 
-0.052166 0.052861 -3.973200 -0.153440 0.372274 0.000086 
-0.048901 0.049943 -4.203093 -0.153608 0.372956 0.002778 
-0.061315 0.047357 -4.359871 -0.153625 0.373641 0.004566 
-0.052823 0.049208 -4.308600 -0.153771 0.374244 0.004391 
-0.052699 0.046687 -4.143488 -0.153798 0.374982 0.003236 
-0.059600 0.057062 -3.936026 -0.153902 0.375672 0.001482 
-0.059886 0.064047 -3.707187 -0.154026 0.376119 -0.000682 
-0.045160 0.071385 -3.529531 -0.154298 0.376373 -0.002564 
-0.036449 0.082037 -3.580854 -0.154376 0.376802 -0.002286 
-0.033945 0.072860 -3.745466 -0.154913 0.376900 -0.001030 
-0.040022 0.068078 -3.962583 -0.154938 0.376974 0.000606 
-0.030599 0.062394 -4.180352 -0.155122 0.377226 0.002561 
-0.037321 0.058162 -4.357268 -0.154985 0.377204 0.004230 
-0.038157 0.057886 -4.305297 -0.154830 0.377297 0.003628 
-0.040683 0.057943 -4.129968 -0.154358 0.377384 0.002161 
-0.050782 0.064807 -3.913275 -0.154005 0.376851 0.000527 
-0.046464 0.071055 -3.685702 -0.153649 0.376407 -0.001421 
-0.056226 0.070587 -3.500105 -0.153507 0.375586 -0.002649 
-0.049242 0.068593 -3.562960 -0.153513 0.374973 -0.001839 
-0.056504 0.067655 -3.739505 -0.153513 0.374095 -0.000157 
-0.055552 0.069762 -3.946495 -0.153647 0.373452 0.001606 
-0.062393 0.058823 -4.163760 -0.153716 0.372955 0.003354 
-0.062377 0.043802 -4.349554 -0.153811 0.372403 0.004698 
-0.055947 0.039715 -4.286060 -0.153839 0.372345 0.003679 
-0.065793 0.044871 -4.109034 -0.153497 0.372197 0.001684 
-0.082310 0.045449 -3.911180 -0.153353 0.372186 -0.000399 
-0.076577 0.057433 -3.693314 -0.153116 0.372404 -0.002467 
-0.085564 0.052851 -3.528341 -0.152841 0.372632 -0.003728 
-0.076886 0.054878 -3.591954 -0.152819 0.373156 -0.002716 
-0.074543 0.044346 -3.768947 -0.153043 0.373641 -0.000836 
-0.073275 0.033707 -3.976829 -0.152946 0.374138 0.001012 
-0.077311 0.034999 -4.224440 -0.153247 0.374778 0.002836 
-0.083139 0.019776 -4.379469 -0.153350 0.375410 0.003979 
-0.074830 0.030185 -4.315068 -0.153598 0.375918 0.002749 
-0.083155 0.024687 -4.136943 -0.153651 0.376327 0.000536 
-0.083923 0.033056 -3.928289 -0.153765 0.376399 -0.001640 
-0.085605 0.033417 -3.709157 -0.153776 0.376375 -0.004026 
-0.086630 0.042843 -3.563950 -0.153718 0.376173 -0.005291 
-0.078492 0.048164 -3.627191 -0.153833 0.375842 -0.004265 
-0.077455 0.048353 -3.806122 -0.153660 0.375769 -0.001846 
-0.076007 0.048812 -4.005002 -0.153645 0.375600 0.000559 
-0.074661 0.032421 -4.234657 -0.153746 0.375429 0.003148 
-0.081617 0.029009 -4.391320 -0.153605 0.375215 0.004836 
-0.075863 0.026101 -4.328903 -0.153464 0.374877 0.004139 
-0.079120 0.028626 -4.141431 -0.153137 0.374297 0.002050 
-0.088549 0.034182 -3.954008 -0.152953 0.374049 0.000069 
-0.083883 0.032604 -3.734522 -0.152973 0.373407 -0.002418 
-0.078696 0.047754 -3.546631 -0.152873 0.372773 -0.004498 
-0.057248 0.053504 -3.598390 -0.152817 0.372251 -0.004107 
-0.056032 0.044905 -3.755368 -0.152868 0.372264 -0.002206 
-0.061476 0.040590 -3.962926 -0.153051 0.372237 -0.000237 
-0.058863 0.038093 -4.182964 -0.153055 0.372827 0.002462 
-0.056915 0.036281 -4.381072 -0.153056 0.373227 0.004539 
-0.055463 0.041515 -4.319155 -0.153183 0.374070 0.004158 
-0.054921 0.039393 -4.143645 -0.153368 0.374708 0.003015 
-0.062561 0.042852 -3.925400 -0.153521 0.375016 0.001058 
-0.062412 0.049348 -3.705577 -0.153810 0.375555 -0.001434 
-0.062056 0.065663 -3.538586 -0.154026 0.375724 -0.003107 
-0.044997 0.072218 -3.589918 -0.154449 0.376093 -0.002610 
-0.042471 0.072161 -3.765247 -0.154921 0.376006 -0.001143 
-0.040562 0.071372 -3.962211 -0.155075 0.376118 0.000619 
-0.038251 0.061470 -4.180482 -0.155293 0.376419 0.002788 
-0.044713 0.055659 -4.366719 -0.155167 0.376777 0.004122 
-0.045045 0.063119 -4.305278 -0.154957 0.377061 0.003742 
-0.047155 0.063576 -4.119551 -0.154644 0.377048 0.002288 
-0.049714 0.064785 -3.912732 -0.154326 0.376843 0.000532 
-0.059789 0.070890 -3.685108 -0.153980 0.376499 -0.001416 
-0.062902 0.065881 -3.509622 -0.153704 0.375728 -0.002765 
-0.049223 0.067705 -3.582374 -0.153518 0.375166 -0.002180 
-0.048528 0.061512 -3.758394 -0.153712 0.374516 -0.000607 
-0.047577 0.063619 -3.965384 -0.153846 0.373873 0.001157 
-0.053503 0.060687 -4.193129 -0.154018 0.373470 0.003113 
-0.060312 0.049118 -4.369116 -0.154093 0.373157 0.004572 
-0.054317 0.045519 -4.296605 -0.153958 0.373007 0.003881 
-0.063296 0.050321 -4.130274 -0.153778 0.372950 0.002200 
-0.072068 0.055584 -3.922359 -0.153757 0.372790 0.000237 
-0.074099 0.063771 -3.695140 -0.153392 0.372965 -0.001610 
-0.082018 0.059167 -3.529624 -0.153438 0.373184 -0.002866 
-0.066468 0.066104 -3.602828 -0.153376 0.373472 -0.002073 
-0.064389 0.047143 -3.779197 -0.153660 0.373955 -0.000410 
-0.069984 0.040979 -3.976128 -0.153696 0.374404 0.001238 
-0.067848 0.039241 -4.223691 -0.153855 0.374713 0.002955 
-0.066347 0.028304 -4.379058 -0.153923 0.375295 0.004206 
-0.066507 0.026847 -4.326010 -0.153937 0.375669 0.003282 
-0.073918 0.029356 -4.158363 -0.154094 0.376173 0.001279 
-0.075102 0.037326 -3.960108 -0.154050 0.376344 -0.000911 
-0.084500 0.042250 -3.731406 -0.153872 0.376281 -0.003181 
-0.086045 0.034948 -3.554606 -0.153934 0.376069 -0.004853 
-0.077572 0.056300 -3.607324 -0.153937 0.375932 -0.004030 
-0.077295 0.040452 -3.764755 -0.153878 0.375662 -0.002024 
-0.076304 0.041536 -3.972888 -0.153858 0.375306 0.000054 
-0.074910 0.033505 -4.202329 -0.153901 0.375139 0.002538 
-0.088984 0.025746 -4.389839 -0.153793 0.374977 0.004413 
-0.090536 0.027673 -4.337801 -0.153622 0.374502 0.003818 
-0.085405 0.025078 -4.151482 -0.153486 0.374150 0.002262 
-0.088421 0.026912 -3.953918 -0.153164 0.373758 0.000179 
-0.091423 0.038258 -3.724649 -0.152937 0.373079 -0.002297 
-0.086700 0.044648 -3.547370 -0.152738 0.372542 -0.004284 
-0.079404 0.049564 -3.588985 -0.152697 0.372308 -0.003887 
-0.079254 0.050242 -3.775493 -0.152521 0.372050 -0.002437 
-0.070504 0.035859 -3.972691 -0.152607 0.372395 -0.000685 
-0.068347 0.033986 -4.201983 -0.152606 0.372798 0.001688 
-0.066896 0.024567 -4.379214 -0.152662 0.373003 0.003568 
-0.073577 0.033966 -4.318126 -0.152443 0.373906 0.003289 
-0.066863 0.028813 -4.142569 -0.152485 0.374213 0.002040 
-0.073348 0.039587 -3.924709 -0.152747 0.374802 0.000298 
-0.072591 0.047310 -3.706258 -0.153187 0.375053 -0.001546 
-0.065002 0.051188 -3.540036 -0.153485 0.375166 -0.002901 
-0.055511 0.054149 -3.601123 -0.153938 0.375397 -0.002519 
-0.052046 0.061340 -3.775999 -0.154519 0.375593 -0.001158 
-0.041661 0.072025 -4.004032 -0.154747 0.375942 0.000903 
-0.040063 0.054447 -4.200587 -0.155020 0.376049 0.002553 
-0.038541 0.052629 -4.366671 -0.155023 0.376446 0.004015 
-0.046200 0.055803 -4.304892 -0.154848 0.376778 0.003527 
-0.048486 0.055169 -4.119470 -0.154382 0.377053 0.002066 
-0.050131 0.064386 -3.923130 -0.154168 0.376943 0.000520 
-0.052684 0.065724 -3.685966 -0.153852 0.376735 -0.001210 
-0.047819 0.064579 -3.520672 -0.153704 0.376006 -0.002457 
-0.041205 0.070547 -3.593711 -0.153493 0.375496 -0.001764 
-0.033182 0.068639 -3.770068 -0.153653 0.374797 -0.000083 
-0.039734 0.065370 -3.977026 -0.153668 0.374491 0.001566 
-0.038595 0.058295 -4.204484 -0.153865 0.374036 0.003415 
-0.046224 0.055440 -4.369562 -0.153720 0.373636 0.004455 
-0.039161 0.051819 -4.296508 -0.153906 0.373477 0.003769 
-0.048381 0.057313 -4.140270 -0.153720 0.373233 0.002083 
-0.056697 0.061952 -3.923101 -0.153704 0.373260 0.000447 
-0.058552 0.071230 -3.695577 -0.153491 0.373146 -0.001394 
-0.060251 0.071957 -3.529798 -0.153335 0.373037 -0.002862 
-0.058307 0.071188 -3.582370 -0.153658 0.373223 -0.001939 
-0.057220 0.069859 -3.739438 -0.153498 0.373527 -0.000150 
-0.062452 0.055604 -3.956532 -0.153750 0.373878 0.001589 
-0.060726 0.053596 -4.184147 -0.153751 0.374282 0.003319 
-0.059232 0.042529 -4.369860 -0.153819 0.374869 0.004545 
-0.066672 0.045148 -4.316259 -0.153808 0.375295 0.003407 
-0.061021 0.039394 -4.148583 -0.153695 0.375703 0.001182 
-0.061965 0.046672 -3.940234 -0.153656 0.376063 -0.001000 
-0.071363 0.051597 -3.711533 -0.153478 0.375999 -0.003271 
-0.072598 0.061084 -3.535141 -0.153422 0.375793 -0.004830 
-0.071594 0.053067 -3.588166 -0.153635 0.375696 -0.003802 
-0.069704 0.053166 -3.765716 -0.153784 0.375616 -0.001699 
-0.069177 0.045489 -3.984463 -0.153665 0.375357 0.000471 
-0.067366 0.037858 -4.203505 -0.153866 0.375089 0.002968 
-0.080765 0.028919 -4.389939 -0.153926 0.375207 0.004521 
-0.081659 0.030554 -4.317409 -0.153919 0.374821 0.003944 
-0.091793 0.028040 -4.150692 -0.153630 0.374482 0.002048 
-0.087328 0.026131 -3.942443 -0.153491 0.373939 -0.000130 
-0.089678 0.037056 -3.723029 -0.153427 0.373351 -0.002613 
-0.091827 0.038536 -3.536158 -0.153268 0.373051 -0.004382 
-0.077860 0.048030 -3.598602 -0.153028 0.372680 -0.003895 
-0.077758 0.040347 -3.785325 -0.152911 0.372418 -0.002341 
-0.069173 0.044266 -3.972772 -0.152868 0.372390 -0.000463 
-0.068131 0.034054 -4.202822 -0.152606 0.372797 0.002009 
-0.073961 0.028709 -4.379500 -0.152637 0.373055 0.003676 
-0.073449 0.026696 -4.318036 -0.152655 0.373615 0.003400 
-0.080792 0.037430 -4.131904 -0.152594 0.374216 0.001948 
-0.088719 0.033219 -3.923967 -0.152800 0.374333 0.000088 
-0.081966 0.036821 -3.705773 -0.152944 0.374540 -0.001869 
-0.081241 0.045174 -3.528600 -0.153377 0.374606 -0.003424 
-0.071339 0.048406 -3.609635 -0.153987 0.374740 -0.003056 
-0.061614 0.059904 -3.785392 -0.154213 0.374895 -0.001592 
-0.051285 0.062620 -3.971218 -0.154660 0.375139 -0.000030 
-0.048974 0.052718 -4.189489 -0.154877 0.375439 0.002138 
-0.047242 0.050839 -4.386757 -0.154879 0.375839 0.003895 
-0.054445 0.053389 -4.315725 -0.154709 0.376359 0.003734 
-0.062733 0.056747 -4.160392 -0.154538 0.376682 0.002361 
-0.056833 0.060438 -3.943580 -0.154360 0.376896 0.000719 
-0.059386 0.061776 -3.706415 -0.154043 0.376687 -0.001010 
-0.054624 0.067143 -3.530280 -0.153690 0.376438 -0.002684 
-0.047856 0.065081 -3.592296 -0.153697 0.375826 -0.002194 
-0.047284 0.066287 -3.738060 -0.153680 0.375463 -0.000706 
-0.045703 0.058852 -3.944188 -0.154041 0.375097 0.000840 
-0.045021 0.052402 -4.180900 -0.154234 0.374455 0.002361 
-0.051782 0.049194 -4.356673 -0.154250 0.374146 0.003715 
-0.053093 0.050429 -4.294541 -0.154085 0.373859 0.003126 
-0.055033 0.051847 -4.138856 -0.153923 0.373562 0.001652 
-0.056021 0.060772 -3.922025 -0.153873 0.373540 0.000125 
-0.058311 0.070538 -3.685484 -0.153497 0.373334 -0.001388 
-0.058726 0.071311 -3.520000 -0.153661 0.373216 -0.002529 
-0.065156 0.075398 -3.583495 -0.153632 0.373274 -0.001510 
-0.063706 0.065978 -3.760726 -0.153688 0.373479 0.000370 
-0.054909 0.059957 -3.957708 -0.153715 0.373828 0.002018 
-0.052355 0.058619 -4.194873 -0.154032 0.374036 0.003748 
-0.058135 0.051756 -4.349687 -0.154076 0.374671 0.004786 
-0.050819 0.046427 -4.316301 -0.154272 0.374897 0.003740 
-0.059298 0.048959 -4.149197 -0.154108 0.375409 0.001732 
-0.060242 0.056236 -3.940849 -0.154069 0.375768 -0.000451 
-0.062489 0.064356 -3.712790 -0.153705 0.375944 -0.002620 
-0.062879 0.064370 -3.536375 -0.153875 0.376014 -0.004076 
-0.062896 0.064736 -3.589728 -0.153709 0.375928 -0.003158 
-0.068356 0.051429 -3.756224 -0.153957 0.376083 -0.001373 
-0.059972 0.055016 -3.954907 -0.153755 0.376153 0.000814 
-0.066538 0.042233 -4.193569 -0.153675 0.376135 0.002856 
-0.065544 0.033438 -4.380054 -0.153726 0.376153 0.004409 
-0.073772 0.030658 -4.337533 -0.153753 0.375820 0.003698 
-0.075505 0.032537 -4.140264 -0.153751 0.375420 0.001942 
-0.078297 0.043822 -3.942180 -0.153523 0.374743 -0.000239 
-0.087760 0.050529 -3.723266 -0.153493 0.374204 -0.002509 
-0.082453 0.049025 -3.536643 -0.153510 0.373564 -0.004059 
-0.076073 0.055812 -3.589429 -0.153294 0.372862 -0.003346 
-0.075291 0.056957 -3.766378 -0.153276 0.372502 -0.001563 
-0.067411 0.052807 -3.974530 -0.153128 0.372382 0.000401 
-0.073736 0.039333 -4.203099 -0.153053 0.372552 0.002449 
-0.087962 0.029724 -4.379983 -0.152798 0.372867 0.004003 
-0.081252 0.023922 -4.307539 -0.152679 0.373284 0.003305 
-0.090407 0.027633 -4.141512 -0.152346 0.373516 0.001618 
-0.084070 0.030836 -3.933716 -0.152331 0.373823 -0.000351 
-0.077116 0.034769 -3.704285 -0.152634 0.373930 -0.002617 
-0.084740 0.047219 -3.527103 -0.152721 0.374056 -0.004391 
-0.076341 0.050961 -3.599665 -0.152847 0.374106 -0.003700 
-0.065643 0.045716 -3.775308 -0.153511 0.374246 -0.002021 
-0.062997 0.051844 -3.983056 -0.153616 0.374741 -0.000055 
-0.059987 0.049882 -4.210966 -0.153938 0.375137 0.002001 
-0.064925 0.043424 -4.387406 -0.154137 0.375674 0.003668 
-0.071975 0.037945 -4.305352 -0.154185 0.376091 0.003303 
-0.073145 0.045650 -4.119172 -0.153981 0.376361 0.001744 
-0.073898 0.053754 -3.922594 -0.153935 0.376531 0.000197 
-0.061360 0.063175 -3.695120 -0.153713 0.376317 -0.001644 
-0.069103 0.059662 -3.529300 -0.153912 0.376249 -0.002894 
-0.061838 0.065208 -3.612193 -0.153864 0.375830 -0.002208 
-0.054201 0.062272 -3.757671 -0.153872 0.375416 -0.000828 
-0.045052 0.058431 -3.954043 -0.154204 0.375189 0.000833 
-0.044282 0.059319 -4.191684 -0.154184 0.374838 0.002564 
-0.051220 0.055019 -4.367762 -0.154048 0.374816 0.003912 
-0.053258 0.039066 -4.315619 -0.153843 0.374624 0.003198 
-0.048496 0.044433 -4.139484 -0.153490 0.374374 0.001525 
-0.049853 0.061318 -3.932836 -0.153223 0.374456 -0.000119 
-0.052647 0.063348 -3.705764 -0.152901 0.374059 -0.001855 
-0.053619 0.081264 -3.529996 -0.152785 0.373856 -0.003198 
-0.052111 0.080983 -3.573552 -0.152944 0.373949 -0.001947 
-0.057597 0.068436 -3.750979 -0.153186 0.373915 0.000152 
-0.047340 0.063551 -3.947953 -0.153686 0.373967 0.002133 
-0.044571 0.062280 -4.185956 -0.154002 0.374174 0.004183 
-0.049549 0.056846 -4.361253 -0.154355 0.374424 0.005536 
-0.049514 0.055593 -4.327313 -0.154527 0.374703 0.004277 
-0.057576 0.058523 -4.149812 -0.154521 0.375115 0.002281 
-0.065848 0.061515 -3.941126 -0.154517 0.375523 -0.000011 
-0.059961 0.065470 -3.712238 -0.154499 0.375639 -0.002282 
-0.054067 0.069033 -3.525772 -0.154320 0.375857 -0.003949 
-0.061828 0.064714 -3.589185 -0.154030 0.375920 -0.003152 
-0.060981 0.064076 -3.756346 -0.153864 0.376037 -0.001369 
-0.052597 0.067663 -3.955029 -0.153662 0.376107 0.000818 
-0.057639 0.054234 -4.183894 -0.153908 0.376268 0.003192 
-0.057296 0.045859 -4.360524 -0.153796 0.376194 0.004753 
-0.058244 0.039004 -4.318556 -0.153847 0.375809 0.004255 
-0.067961 0.036890 -4.141440 -0.153716 0.375370 0.002371 
-0.077190 0.042777 -3.942780 -0.153691 0.375023 0.000081 
-0.079540 0.053702 -3.723366 -0.153627 0.374435 -0.002402 
-0.081513 0.056273 -3.536190 -0.153620 0.373847 -0.004164 
-0.074933 0.063392 -3.577739 -0.153563 0.373045 -0.003760 
-0.073782 0.056575 -3.744505 -0.153761 0.372583 -0.001860 
-0.072362 0.047786 -3.963013 -0.153810 0.372603 0.000310 
