Timestamp,tau1,tau2,tau3,tau4,tau5,tau6,tau7
0.0127572,8.57092e-05,15.8068,-0.443572,19.6251,0.0137047,-0.00589427,-6.19483e-05
0.0138154,8.93292e-05,15.8068,-0.443569,19.6251,0.0137074,-0.00587778,-6.17624e-05
0.0147183,8.75151e-05,15.8068,-0.44357,19.6251,0.013706,-0.00588634,-6.18557e-05
0.0158537,8.75151e-05,15.8068,-0.44357,19.6251,0.013706,-0.00588634,-6.18557e-05
0.0168581,8.75166e-05,15.8068,-0.443569,19.6251,0.0137059,-0.00588669,-6.18557e-05
0.0177586,8.75166e-05,15.8068,-0.443569,19.6251,0.0137059,-0.00588669,-6.18557e-05
0.0188376,8.63851e-05,15.8068,-0.443569,19.6251,0.0137072,-0.00587854,-6.23463e-05
0.019823,8.75159e-05,15.8068,-0.443568,19.6251,0.0137059,-0.00588701,-6.18558e-05
0.0207293,8.57124e-05,15.8068,-0.443569,19.6251,0.0137045,-0.0058956,-6.19481e-05
0.021804,8.75185e-05,15.8068,-0.443568,19.6251,0.0137059,-0.00588736,-6.18556e-05
0.0228678,8.63865e-05,15.8068,-0.443568,19.6251,0.0137072,-0.0058792,-6.23462e-05
0.0240308,8.75146e-05,15.8068,-0.443567,19.6251,0.0137058,-0.00588766,-6.18558e-05
0.0247889,8.45782e-05,15.8068,-0.443569,19.6251,0.0137058,-0.00588777,-6.24389e-05
0.0258115,8.75188e-05,15.8068,-0.443566,19.6251,0.0137058,-0.00588801,-6.18556e-05
0.0266985,8.45809e-05,15.8068,-0.443569,19.6251,0.0137057,-0.00588811,-6.24387e-05
0.0277166,8.75175e-05,15.8068,-0.443566,19.6251,0.0137058,-0.00588833,-6.18556e-05
0.0286784,8.45798e-05,15.8068,-0.443568,19.6251,0.0137057,-0.00588843,-6.24388e-05
0.0298179,8.75175e-05,15.8068,-0.443565,19.6251,0.0137057,-0.00588866,-6.18556e-05
0.0307175,8.57117e-05,15.8069,-0.443566,19.6251,0.0137043,-0.00589723,-6.19481e-05
0.0317572,8.75178e-05,15.8068,-0.443564,19.6251,0.0137057,-0.00588899,-6.18556e-05
0.0326975,8.63865e-05,15.8068,-0.443565,19.6251,0.013707,-0.00588085,-6.23462e-05
0.0337968,8.27655e-05,15.8069,-0.443568,19.6251,0.0137042,-0.00589766,-6.25323e-05
0.0347073,8.45794e-05,15.8068,-0.443566,19.6251,0.0137056,-0.00588941,-6.24389e-05
0.0356998,8.93339e-05,15.8068,-0.443561,19.6251,0.013707,-0.00588142,-6.17621e-05
0.0367096,8.57112e-05,15.8069,-0.443564,19.6251,0.0137042,-0.00589822,-6.19482e-05
0.0377869,8.75173e-05,15.8068,-0.443562,19.6251,0.0137056,-0.00588997,-6.18557e-05
0.0387003,8.63889e-05,15.8068,-0.443563,19.6251,0.0137069,-0.00588185,-6.23462e-05
0.0396968,8.27665e-05,15.8069,-0.443566,19.6251,0.0137041,-0.00589864,-6.25322e-05
0.0407589,8.45804e-05,15.8068,-0.443564,19.6251,0.0137055,-0.0058904,-6.24388e-05
0.0417461,8.93347e-05,15.8068,-0.443559,19.6251,0.0137069,-0.00588241,-6.1762e-05
0.0427727,8.57119e-05,15.8069,-0.443562,19.6251,0.0137041,-0.0058992,-6.19481e-05
0.0437684,8.7518e-05,15.8068,-0.44356,19.6251,0.0137055,-0.00589096,-6.18556e-05
0.0448571,8.63896e-05,15.8068,-0.443561,19.6251,0.0137068,-0.00588284,-6.23461e-05
0.0457225,8.27672e-05,15.8069,-0.443564,19.6251,0.013704,-0.00589963,-6.25321e-05
0.0467017,8.45811e-05,15.8068,-0.443562,19.6251,0.0137054,-0.00589139,-6.24387e-05
0.0477214,8.93354e-05,15.8068,-0.443557,19.6251,0.0137068,-0.00588339,-6.1762e-05
0.0487333,8.57126e-05,15.8069,-0.44356,19.6251,0.013704,-0.00590019,-6.19481e-05
0.0497044,8.75188e-05,15.8068,-0.443559,19.6251,0.0137054,-0.00589195,-6.18556e-05
0.0507276,8.63903e-05,15.8068,-0.443559,19.6251,0.0137066,-0.00588382,-6.23461e-05
0.0517242,8.27679e-05,15.8069,-0.443562,19.6251,0.0137039,-0.00590062,-6.25321e-05
0.0526775,8.57161e-05,15.8069,-0.443559,19.6251,0.0137039,-0.00590087,-6.19479e-05
0.0537481,8.93361e-05,15.8068,-0.443555,19.6251,0.0137066,-0.00588438,-6.17619e-05
0.0547853,8.7517e-05,15.8069,-0.443557,19.6251,0.0137053,-0.00589292,-6.18557e-05
0.0557431,8.27699e-05,15.8069,-0.443561,19.6251,0.0137038,-0.00590129,-6.2532e-05
0.0567365,8.63899e-05,15.8068,-0.443557,19.6251,0.0137065,-0.0058848,-6.23461e-05
0.0577344,8.45823e-05,15.8069,-0.443558,19.6251,0.0137052,-0.00589335,-6.24385e-05
0.0587413,8.57156e-05,15.8069,-0.443557,19.6251,0.0137038,-0.00590185,-6.19479e-05
0.0597266,8.93356e-05,15.8068,-0.443553,19.6251,0.0137065,-0.00588536,-6.1762e-05
0.0607116,8.7519e-05,15.8069,-0.443555,19.6251,0.0137052,-0.00589391,-6.18555e-05
0.0616972,8.27708e-05,15.8069,-0.443559,19.6251,0.0137037,-0.00590228,-6.2532e-05
0.0627207,8.63909e-05,15.8068,-0.443555,19.6251,0.0137064,-0.00588579,-6.2346e-05
0.0637088,8.93362e-05,15.8068,-0.443552,19.6251,0.0137065,-0.00588602,-6.17619e-05
0.0647314,8.57163e-05,15.8069,-0.443555,19.6251,0.0137037,-0.00590284,-6.19479e-05
0.0657778,8.75224e-05,15.8069,-0.443553,19.6251,0.0137051,-0.00589459,-6.18554e-05
0.0667318,8.63936e-05,15.8068,-0.443554,19.6251,0.0137064,-0.00588646,-6.23458e-05
0.0678822,8.27699e-05,15.8069,-0.443557,19.6251,0.0137036,-0.00590325,-6.25319e-05
0.0689185,8.45838e-05,15.8069,-0.443555,19.6251,0.013705,-0.00589501,-6.24386e-05
0.0697387,8.9338e-05,15.8068,-0.44355,19.6251,0.0137064,-0.00588701,-6.17618e-05
0.0709654,8.45847e-05,15.8069,-0.443554,19.6251,0.0137049,-0.00589533,-6.24383e-05
0.0717015,8.75214e-05,15.8069,-0.443551,19.6251,0.013705,-0.00589557,-6.18554e-05
0.072742,8.45869e-05,15.8069,-0.443553,19.6251,0.0137049,-0.00589569,-6.24384e-05
0.0738067,8.27718e-05,15.8069,-0.443555,19.6251,0.0137035,-0.00590425,-6.25318e-05
0.0747055,8.45857e-05,15.8069,-0.443553,19.6251,0.0137049,-0.005896,-6.24384e-05
0.0757304,8.9337e-05,15.8069,-0.443548,19.6251,0.0137063,-0.00588799,-6.17618e-05
0.0769657,8.57158e-05,15.8069,-0.443551,19.6251,0.0137035,-0.0059048,-6.19479e-05
0.0776982,8.75219e-05,15.8069,-0.443549,19.6251,0.0137049,-0.00589655,-6.18554e-05
0.0791832,8.63937e-05,15.8069,-0.44355,19.6251,0.0137062,-0.00588843,-6.23458e-05
0.0798823,8.27714e-05,15.8069,-0.443553,19.6251,0.0137034,-0.00590523,-6.25318e-05
0.0808312,8.45853e-05,15.8069,-0.443551,19.6251,0.0137048,-0.00589699,-6.24385e-05
0.0817385,8.93395e-05,15.8069,-0.443546,19.6251,0.0137061,-0.00588899,-6.17617e-05
0.0828424,8.57168e-05,15.8069,-0.443549,19.6251,0.0137034,-0.00590579,-6.19478e-05
0.0837526,8.75229e-05,15.8069,-0.443547,19.6251,0.0137048,-0.00589754,-6.18553e-05
0.084726,8.63945e-05,15.8069,-0.443548,19.6251,0.013706,-0.00588942,-6.23458e-05
0.085915,8.75232e-05,15.8069,-0.443547,19.6251,0.0137047,-0.00589787,-6.18552e-05
0.086739,8.4586e-05,15.8069,-0.443549,19.6251,0.0137047,-0.00589797,-6.24384e-05
0.0877567,8.75263e-05,15.8069,-0.443546,19.6251,0.0137047,-0.00589822,-6.18551e-05
0.0887108,8.45884e-05,15.8069,-0.443548,19.6251,0.0137046,-0.00589831,-6.24382e-05
0.0897456,8.75251e-05,15.8069,-0.443545,19.6251,0.0137047,-0.00589854,-6.18551e-05
0.0907311,8.57186e-05,15.8069,-0.443547,19.6251,0.0137033,-0.00590711,-6.19477e-05
0.0917172,8.75247e-05,15.8069,-0.443545,19.6251,0.0137046,-0.00589886,-6.18552e-05
0.0927143,8.63939e-05,15.8069,-0.443545,19.6251,0.0137059,-0.00589072,-6.23457e-05
0.0938331,8.75229e-05,15.8069,-0.443544,19.6251,0.0137046,-0.00589918,-6.18552e-05
0.0948406,8.45867e-05,15.8069,-0.443546,19.6251,0.0137045,-0.00589929,-6.24384e-05
0.0963444,8.63928e-05,15.8069,-0.443544,19.6251,0.0137059,-0.00589105,-6.23458e-05
0.0973644,8.27755e-05,15.807,-0.443547,19.6251,0.0137031,-0.00590787,-6.25315e-05
0.0981488,8.45894e-05,15.8069,-0.443546,19.6251,0.0137045,-0.00589963,-6.24381e-05
0.0986987,8.45891e-05,15.8069,-0.443545,19.6251,0.0137044,-0.00589995,-6.24381e-05
0.100488,8.57219e-05,15.807,-0.443544,19.6251,0.0137031,-0.00590844,-6.19475e-05
0.101126,8.45905e-05,15.8069,-0.443544,19.6251,0.0137044,-0.00590029,-6.2438e-05
0.101845,8.75264e-05,15.8069,-0.443541,19.6251,0.0137044,-0.00590051,-6.1855e-05
0.103442,8.45893e-05,15.8069,-0.443544,19.6251,0.0137044,-0.00590061,-6.24381e-05
0.104331,8.45893e-05,15.8069,-0.443544,19.6251,0.0137044,-0.00590061,-6.24381e-05
0.104743,8.45891e-05,15.8069,-0.443543,19.6251,0.0137043,-0.00590094,-6.24382e-05
0.106086,8.57203e-05,15.807,-0.443542,19.6251,0.013703,-0.00590941,-6.19476e-05
0.106698,8.459e-05,15.8069,-0.443542,19.6251,0.0137043,-0.00590127,-6.2438e-05
0.107788,8.75269e-05,15.8069,-0.443539,19.6251,0.0137043,-0.0059015,-6.1855e-05
0.108775,8.45901e-05,15.8069,-0.443542,19.6251,0.0137043,-0.0059016,-6.24381e-05
0.109836,8.75271e-05,15.8069,-0.443539,19.6251,0.0137043,-0.00590183,-6.1855e-05
0.110759,8.45898e-05,15.8069,-0.443541,19.6251,0.0137042,-0.00590193,-6.24381e-05
0.111892,8.75275e-05,15.8069,-0.443538,19.6251,0.0137043,-0.00590216,-6.18549e-05
0.112973,8.93414e-05,15.8069,-0.443536,19.6251,0.0137056,-0.00589391,-6.17615e-05
0.114383,8.75277e-05,15.807,-0.443538,19.6251,0.0137042,-0.00590249,-6.18549e-05
0.115329,8.2777e-05,15.807,-0.443541,19.6251,0.0137028,-0.00591083,-6.25314e-05
0.116343,8.75295e-05,15.807,-0.443537,19.6251,0.0137042,-0.00590283,-6.18549e-05
0.117265,8.4592e-05,15.807,-0.443539,19.6251,0.0137041,-0.00590292,-6.24379e-05
0.118029,8.75265e-05,15.807,-0.443536,19.6251,0.0137042,-0.00590313,-6.18549e-05
0.119274,8.45895e-05,15.807,-0.443538,19.6251,0.0137041,-0.00590324,-6.24382e-05
0.119786,8.75282e-05,15.807,-0.443536,19.6251,0.0137041,-0.00590347,-6.18549e-05
0.120866,8.45911e-05,15.807,-0.443538,19.6251,0.0137041,-0.00590357,-6.2438e-05
0.122211,8.75287e-05,15.807,-0.443535,19.6251,0.0137041,-0.0059038,-6.18548e-05
0.122837,8.45913e-05,15.807,-0.443537,19.6251,0.013704,-0.0059039,-6.2438e-05
0.124007,8.63974e-05,15.8069,-0.443535,19.6251,0.0137054,-0.00589566,-6.23455e-05
0.124714,8.45916e-05,15.807,-0.443536,19.6251,0.013704,-0.00590423,-6.2438e-05
0.12573,8.57231e-05,15.807,-0.443535,19.6251,0.0137027,-0.0059127,-6.19473e-05
0.126784,8.45943e-05,15.807,-0.443536,19.6251,0.0137039,-0.00590458,-6.24378e-05
0.127692,8.64004e-05,15.8069,-0.443534,19.6251,0.0137053,-0.00589633,-6.23453e-05
0.128736,8.45926e-05,15.807,-0.443535,19.6251,0.0137039,-0.00590489,-6.24379e-05
0.129701,8.57234e-05,15.807,-0.443534,19.6251,0.0137026,-0.00591336,-6.19473e-05
0.130689,8.93434e-05,15.8069,-0.44353,19.6251,0.0137053,-0.00589688,-6.17614e-05
0.13182,8.75273e-05,15.807,-0.443532,19.6251,0.0137039,-0.00590543,-6.18549e-05
0.132828,8.27755e-05,15.807,-0.443536,19.6251,0.0137025,-0.00591377,-6.25315e-05
0.134196,8.75282e-05,15.807,-0.443531,19.6251,0.0137039,-0.00590577,-6.1855e-05
0.134865,8.45911e-05,15.807,-0.443533,19.6251,0.0137038,-0.00590586,-6.24379e-05
0.135739,8.75271e-05,15.807,-0.44353,19.6251,0.0137038,-0.00590609,-6.18549e-05
0.136872,8.45915e-05,15.807,-0.443532,19.6251,0.0137038,-0.0059062,-6.24381e-05
0.137695,8.63976e-05,15.807,-0.443531,19.6251,0.0137051,-0.00589796,-6.23455e-05
0.138868,8.45933e-05,15.807,-0.443532,19.6251,0.0137037,-0.00590654,-6.24379e-05
0.139728,8.57268e-05,15.807,-0.443531,19.6251,0.0137024,-0.00591502,-6.19471e-05
0.140803,8.45973e-05,15.807,-0.443531,19.6251,0.0137037,-0.00590689,-6.24376e-05
0.142153,8.64034e-05,15.807,-0.443529,19.6251,0.013705,-0.00589864,-6.23451e-05
0.1431,8.45909e-05,15.807,-0.443531,19.6251,0.0137037,-0.00590718,-6.2438e-05
0.143763,8.57257e-05,15.807,-0.443529,19.6251,0.0137023,-0.00591568,-6.19472e-05
0.144726,8.45975e-05,15.807,-0.44353,19.6251,0.0137036,-0.00590754,-6.24376e-05
0.14568,8.64036e-05,15.807,-0.443528,19.6251,0.013705,-0.0058993,-6.2345e-05
0.146778,8.45936e-05,15.807,-0.443529,19.6251,0.0137036,-0.00590785,-6.24378e-05
0.14776,8.57273e-05,15.807,-0.443528,19.6251,0.0137023,-0.00591634,-6.19471e-05
0.148901,8.45961e-05,15.807,-0.443529,19.6251,0.0137036,-0.00590819,-6.24376e-05
0.149721,8.64022e-05,15.807,-0.443527,19.6251,0.0137049,-0.00589994,-6.23451e-05
0.151337,8.45951e-05,15.807,-0.443528,19.6251,0.0137035,-0.00590851,-6.24377e-05
0.152663,8.45951e-05,15.807,-0.443528,19.6251,0.0137035,-0.00590851,-6.24377e-05
0.152886,8.9346e-05,15.807,-0.443523,19.6251,0.0137049,-0.0059005,-6.17612e-05
0.153788,8.57276e-05,15.807,-0.443526,19.6251,0.0137022,-0.00591732,-6.1947e-05
0.154758,8.2782e-05,15.8071,-0.443528,19.6251,0.0137021,-0.00591741,-6.2531e-05
0.155822,8.6402e-05,15.807,-0.443525,19.6251,0.0137048,-0.00590093,-6.23451e-05
0.156743,8.93441e-05,15.807,-0.443522,19.6251,0.0137048,-0.00590114,-6.17614e-05
0.157739,8.45927e-05,15.807,-0.443526,19.6251,0.0137034,-0.00590948,-6.24378e-05
0.158684,8.63988e-05,15.807,-0.443524,19.6251,0.0137048,-0.00590123,-6.23453e-05
0.159785,8.45972e-05,15.807,-0.443525,19.6251,0.0137034,-0.00590983,-6.24375e-05
0.160707,8.45972e-05,15.807,-0.443525,19.6251,0.0137034,-0.00590983,-6.24375e-05
0.161727,8.45976e-05,15.807,-0.443525,19.6251,0.0137033,-0.00591016,-6.24375e-05
0.162731,8.45976e-05,15.807,-0.443525,19.6251,0.0137033,-0.00591016,-6.24375e-05
0.163713,8.93475e-05,15.807,-0.44352,19.6251,0.0137047,-0.00590214,-6.17611e-05
0.164909,8.45965e-05,15.807,-0.443524,19.6251,0.0137033,-0.00591049,-6.24376e-05
0.165724,8.64026e-05,15.807,-0.443522,19.6251,0.0137047,-0.00590224,-6.23451e-05
0.166758,8.93475e-05,15.807,-0.443519,19.6251,0.0137047,-0.00590247,-6.17611e-05
0.167712,8.45968e-05,15.807,-0.443523,19.6251,0.0137033,-0.00591082,-6.24376e-05
0.168705,8.75358e-05,15.807,-0.44352,19.6251,0.0137033,-0.00591106,-6.18544e-05
0.169766,8.45999e-05,15.807,-0.443523,19.6251,0.0137032,-0.00591117,-6.24375e-05
0.170722,8.6406e-05,15.807,-0.443521,19.6251,0.0137046,-0.00590292,-6.23449e-05
0.171725,8.93492e-05,15.807,-0.443518,19.6251,0.0137046,-0.00590314,-6.1761e-05
0.172794,8.45972e-05,15.807,-0.443522,19.6251,0.0137032,-0.00591148,-6.24376e-05
0.173719,8.75365e-05,15.807,-0.443519,19.6251,0.0137032,-0.00591172,-6.18544e-05
0.174698,8.46004e-05,15.807,-0.443521,19.6251,0.0137032,-0.00591182,-6.24374e-05
0.175702,8.75362e-05,15.807,-0.443518,19.6251,0.0137032,-0.00591204,-6.18543e-05
0.176735,8.45976e-05,15.807,-0.443521,19.6251,0.0137031,-0.00591213,-6.24376e-05
0.17804,8.64037e-05,15.807,-0.443519,19.6251,0.0137045,-0.00590389,-6.23451e-05
0.178796,8.45976e-05,15.807,-0.44352,19.6251,0.0137031,-0.00591246,-6.24376e-05
0.179956,8.57291e-05,15.8071,-0.443519,19.6251,0.0137018,-0.00592093,-6.19469e-05
0.181577,8.46003e-05,15.8071,-0.443519,19.6251,0.013703,-0.00591281,-6.24374e-05
0.18259,8.75366e-05,15.8071,-0.443516,19.6251,0.0137031,-0.00591302,-6.18543e-05
0.183294,8.75366e-05,15.8071,-0.443516,19.6251,0.0137031,-0.00591302,-6.18543e-05
0.184126,8.64025e-05,15.807,-0.443517,19.6251,0.0137044,-0.00590486,-6.23451e-05
0.18472,8.27842e-05,15.8071,-0.44352,19.6251,0.0137016,-0.00592169,-6.25309e-05
0.185761,8.57295e-05,15.8071,-0.443517,19.6251,0.0137017,-0.00592192,-6.19469e-05
0.186743,8.93495e-05,15.807,-0.443513,19.6251,0.0137044,-0.00590543,-6.1761e-05
0.187701,8.75329e-05,15.8071,-0.443515,19.6251,0.013703,-0.00591399,-6.18546e-05
0.189466,8.27854e-05,15.8071,-0.443519,19.6251,0.0137016,-0.00592236,-6.2531e-05
0.190099,8.27854e-05,15.8071,-0.443519,19.6251,0.0137016,-0.00592236,-6.2531e-05
0.19114,8.45995e-05,15.8071,-0.443516,19.6251,0.0137029,-0.00591444,-6.24374e-05
0.192154,8.57287e-05,15.8071,-0.443515,19.6251,0.0137016,-0.00592289,-6.19469e-05
0.193496,8.45967e-05,15.8071,-0.443515,19.6251,0.0137028,-0.00591475,-6.24376e-05
0.194223,8.45967e-05,15.8071,-0.443515,19.6251,0.0137028,-0.00591475,-6.24376e-05
0.194634,8.45974e-05,15.8071,-0.443515,19.6251,0.0137028,-0.00591508,-6.24375e-05
0.195776,8.57299e-05,15.8071,-0.443514,19.6251,0.0137015,-0.00592356,-6.19469e-05
0.19681,8.46e-05,15.8071,-0.443514,19.6251,0.0137028,-0.00591542,-6.24374e-05
0.197678,8.75349e-05,15.8071,-0.443511,19.6251,0.0137028,-0.00591564,-6.18544e-05
0.198707,8.45993e-05,15.8071,-0.443513,19.6251,0.0137027,-0.00591575,-6.24375e-05
0.19972,8.75368e-05,15.8071,-0.443511,19.6251,0.0137028,-0.00591598,-6.18544e-05
0.200736,8.93507e-05,15.807,-0.443509,19.6251,0.0137041,-0.00590774,-6.1761e-05
0.201728,8.75373e-05,15.8071,-0.44351,19.6251,0.0137027,-0.00591631,-6.18543e-05
0.202794,8.27888e-05,15.8071,-0.443514,19.6251,0.0137013,-0.00592467,-6.25307e-05
0.203947,8.64087e-05,15.8071,-0.44351,19.6251,0.013704,-0.00590818,-6.23448e-05
0.204715,8.45996e-05,15.8071,-0.443511,19.6251,0.0137026,-0.00591673,-6.24373e-05
0.20567,8.45996e-05,15.8071,-0.443511,19.6251,0.0137026,-0.00591673,-6.24373e-05
0.206717,8.93489e-05,15.8071,-0.443507,19.6251,0.013704,-0.00590871,-6.1761e-05
0.207733,8.57322e-05,15.8071,-0.44351,19.6251,0.0137013,-0.00592554,-6.19467e-05
0.208728,8.27894e-05,15.8071,-0.443512,19.6251,0.0137012,-0.00592566,-6.25307e-05
0.210406,8.64094e-05,15.8071,-0.443508,19.6251,0.0137039,-0.00590917,-6.23448e-05
0.210796,8.93516e-05,15.8071,-0.443506,19.6251,0.0137039,-0.00590937,-6.17608e-05
0.211742,8.57295e-05,15.8071,-0.443508,19.6251,0.0137012,-0.00592618,-6.19469e-05
0.212734,8.75356e-05,15.8071,-0.443507,19.6251,0.0137026,-0.00591794,-6.18544e-05
0.213739,8.7538e-05,15.8071,-0.443506,19.6251,0.0137025,-0.00591828,-6.18542e-05
0.214735,8.27873e-05,15.8071,-0.44351,19.6251,0.0137011,-0.00592663,-6.25308e-05
0.21568,8.64073e-05,15.8071,-0.443506,19.6251,0.0137038,-0.00591014,-6.23449e-05
0.216779,8.93528e-05,15.8071,-0.443504,19.6251,0.0137038,-0.00591037,-6.17608e-05
0.217736,8.57343e-05,15.8071,-0.443506,19.6251,0.0137011,-0.0059272,-6.19467e-05
0.218766,8.27916e-05,15.8071,-0.443509,19.6251,0.013701,-0.00592731,-6.25305e-05
0.219807,8.64116e-05,15.8071,-0.443505,19.6251,0.0137037,-0.00591082,-6.23446e-05
0.22074,8.46003e-05,15.8071,-0.443506,19.6251,0.0137023,-0.00591936,-6.24373e-05
0.221747,8.46003e-05,15.8071,-0.443506,19.6251,0.0137023,-0.00591936,-6.24373e-05
0.222731,8.93545e-05,15.8071,-0.443502,19.6251,0.0137037,-0.00591137,-6.17608e-05
0.223696,8.57346e-05,15.8072,-0.443504,19.6251,0.013701,-0.00592818,-6.19466e-05
0.224657,8.27913e-05,15.8072,-0.443507,19.6251,0.0137009,-0.00592829,-6.25305e-05
0.225722,8.64113e-05,15.8071,-0.443503,19.6251,0.0137036,-0.00591181,-6.23446e-05
0.226698,8.4601e-05,15.8071,-0.443504,19.6251,0.0137022,-0.00592034,-6.24373e-05
0.2277,8.57353e-05,15.8072,-0.443503,19.6251,0.0137009,-0.00592884,-6.19466e-05
0.228711,8.93552e-05,15.8071,-0.4435,19.6251,0.0137036,-0.00591236,-6.17607e-05
0.229736,8.75389e-05,15.8071,-0.443501,19.6251,0.0137022,-0.00592091,-6.18542e-05
0.230736,8.27909e-05,15.8072,-0.443505,19.6251,0.0137008,-0.00592927,-6.25306e-05
0.231715,8.64109e-05,15.8071,-0.443501,19.6251,0.0137035,-0.00591279,-6.23447e-05
0.232695,8.4603e-05,15.8071,-0.443502,19.6251,0.0137021,-0.00592134,-6.24371e-05
0.233705,8.57362e-05,15.8072,-0.443501,19.6251,0.0137008,-0.00592983,-6.19466e-05
0.234743,8.93562e-05,15.8071,-0.443498,19.6251,0.0137035,-0.00591335,-6.17606e-05
0.235712,8.6412e-05,15.8071,-0.4435,19.6251,0.0137034,-0.00591344,-6.23444e-05
0.236718,8.27916e-05,15.8072,-0.443503,19.6251,0.0137007,-0.00593026,-6.25305e-05
0.237741,8.46055e-05,15.8071,-0.443501,19.6251,0.0137021,-0.00592202,-6.24371e-05
0.238714,8.93592e-05,15.8071,-0.443496,19.6251,0.0137034,-0.00591401,-6.17603e-05
0.239715,8.57352e-05,15.8072,-0.443499,19.6251,0.0137007,-0.00593081,-6.19466e-05
0.240714,8.75413e-05,15.8071,-0.443497,19.6251,0.0137021,-0.00592256,-6.1854e-05
0.241796,8.6413e-05,15.8071,-0.443498,19.6251,0.0137033,-0.00591444,-6.23445e-05
0.242715,8.27907e-05,15.8072,-0.443501,19.6251,0.0137006,-0.00593124,-6.25305e-05
0.243664,8.46045e-05,15.8072,-0.443499,19.6251,0.013702,-0.00592299,-6.24371e-05
0.244723,8.93586e-05,15.8071,-0.443494,19.6251,0.0137033,-0.005915,-6.17604e-05
0.245822,8.5736e-05,15.8072,-0.443497,19.6251,0.0137006,-0.00593179,-6.19465e-05
0.246703,8.7542e-05,15.8072,-0.443495,19.6251,0.0137019,-0.00592355,-6.1854e-05
0.247696,8.64137e-05,15.8071,-0.443496,19.6251,0.0137032,-0.00591543,-6.23445e-05
0.248709,8.27914e-05,15.8072,-0.443499,19.6251,0.0137005,-0.00593222,-6.25305e-05
0.24969,8.57394e-05,15.8072,-0.443496,19.6251,0.0137005,-0.00593247,-6.19463e-05
0.250722,8.93594e-05,15.8071,-0.443492,19.6251,0.0137032,-0.00591598,-6.17604e-05
0.251689,8.75403e-05,15.8072,-0.443494,19.6251,0.0137018,-0.00592452,-6.18541e-05
0.252802,8.27933e-05,15.8072,-0.443498,19.6251,0.0137004,-0.00593289,-6.25304e-05
0.253755,8.64133e-05,15.8071,-0.443494,19.6251,0.0137031,-0.00591641,-6.23445e-05
0.254706,8.46057e-05,15.8072,-0.443495,19.6251,0.0137017,-0.00592496,-6.24369e-05
0.25572,8.57389e-05,15.8072,-0.443494,19.6251,0.0137004,-0.00593345,-6.19464e-05
0.256727,8.93589e-05,15.8071,-0.44349,19.6251,0.0137031,-0.00591697,-6.17605e-05
0.257731,8.64147e-05,15.8071,-0.443493,19.6251,0.0137031,-0.00591706,-6.23442e-05
0.258717,8.27943e-05,15.8072,-0.443496,19.6251,0.0137003,-0.00593388,-6.25304e-05
0.25967,8.46082e-05,15.8072,-0.443494,19.6251,0.0137017,-0.00592564,-6.2437e-05
0.260759,8.93619e-05,15.8071,-0.443489,19.6251,0.013703,-0.00591763,-6.17602e-05
0.261708,8.46076e-05,15.8072,-0.443493,19.6251,0.0137016,-0.00592595,-6.24367e-05
0.262762,8.7544e-05,15.8072,-0.44349,19.6251,0.0137017,-0.00592618,-6.18539e-05
0.263932,8.57406e-05,15.8072,-0.443491,19.6251,0.0137003,-0.00593477,-6.19461e-05
0.264747,8.75467e-05,15.8072,-0.44349,19.6251,0.0137016,-0.00592652,-6.18536e-05
0.265826,8.75432e-05,15.8072,-0.443489,19.6251,0.0137016,-0.00592683,-6.18539e-05
0.26701,8.27914e-05,15.8072,-0.443493,19.6251,0.0137002,-0.00593517,-6.25304e-05
0.267714,8.64114e-05,15.8072,-0.443489,19.6251,0.0137029,-0.00591868,-6.23445e-05
0.268878,8.4607e-05,15.8072,-0.44349,19.6251,0.0137015,-0.00592726,-6.24368e-05
0.270048,8.4607e-05,15.8072,-0.44349,19.6251,0.0137015,-0.00592726,-6.24368e-05
0.27097,8.93567e-05,15.8072,-0.443486,19.6251,0.0137029,-0.00591924,-6.17605e-05
0.271694,8.46098e-05,15.8072,-0.44349,19.6251,0.0137014,-0.00592761,-6.24368e-05
0.272868,8.75474e-05,15.8072,-0.443487,19.6251,0.0137015,-0.00592784,-6.18535e-05
0.273722,8.57419e-05,15.8072,-0.443488,19.6251,0.0137001,-0.00593641,-6.1946e-05
0.274673,8.27957e-05,15.8072,-0.44349,19.6251,0.0137,-0.00593651,-6.25302e-05
0.27587,8.64157e-05,15.8072,-0.443487,19.6251,0.0137027,-0.00592002,-6.23443e-05
0.27681,8.46069e-05,15.8072,-0.443488,19.6251,0.0137013,-0.00592857,-6.24369e-05
0.277757,8.46069e-05,15.8072,-0.443488,19.6251,0.0137013,-0.00592857,-6.24369e-05
0.278831,8.93613e-05,15.8072,-0.443483,19.6251,0.0137027,-0.00592059,-6.17603e-05
0.280325,8.46113e-05,15.8072,-0.443487,19.6251,0.0137013,-0.00592893,-6.24366e-05
0.280898,8.75475e-05,15.8072,-0.443484,19.6251,0.0137013,-0.00592915,-6.18536e-05
0.282004,8.57428e-05,15.8072,-0.443485,19.6251,0.0136999,-0.00593773,-6.19459e-05
0.283052,8.75489e-05,15.8072,-0.443484,19.6251,0.0137013,-0.00592949,-6.18534e-05
0.284125,8.64167e-05,15.8072,-0.443484,19.6251,0.0137026,-0.00592134,-6.23442e-05
0.284898,8.75454e-05,15.8072,-0.443483,19.6251,0.0137013,-0.00592979,-6.18537e-05
0.286033,8.46094e-05,15.8072,-0.443485,19.6251,0.0137012,-0.0059299,-6.24368e-05
0.286843,8.75499e-05,15.8072,-0.443482,19.6251,0.0137012,-0.00593015,-6.18535e-05
0.287868,8.46121e-05,15.8072,-0.443485,19.6251,0.0137012,-0.00593024,-6.24366e-05
0.288734,8.75486e-05,15.8072,-0.443482,19.6251,0.0137012,-0.00593047,-6.18535e-05
0.289712,8.57425e-05,15.8073,-0.443483,19.6251,0.0136998,-0.00593904,-6.1946e-05
0.290763,8.75486e-05,15.8072,-0.443481,19.6251,0.0137012,-0.0059308,-6.18535e-05
0.291787,8.64174e-05,15.8072,-0.443481,19.6251,0.0137024,-0.00592265,-6.23441e-05
0.292811,8.75464e-05,15.8072,-0.44348,19.6251,0.0137011,-0.00593111,-6.18536e-05
0.29432,8.46104e-05,15.8072,-0.443483,19.6251,0.0137011,-0.00593122,-6.24367e-05
0.294722,8.75508e-05,15.8072,-0.44348,19.6251,0.0137011,-0.00593147,-6.18534e-05
0.295876,8.46131e-05,15.8072,-0.443482,19.6251,0.013701,-0.00593156,-6.24365e-05
0.296788,8.75496e-05,15.8072,-0.443479,19.6251,0.0137011,-0.00593179,-6.18534e-05
0.298282,8.46121e-05,15.8072,-0.443481,19.6251,0.013701,-0.00593188,-6.24366e-05
0.298837,8.64181e-05,15.8072,-0.44348,19.6251,0.0137023,-0.00592364,-6.23441e-05
0.299884,8.46123e-05,15.8072,-0.443481,19.6251,0.013701,-0.00593221,-6.24366e-05
0.300949,8.57434e-05,15.8073,-0.44348,19.6251,0.0136996,-0.00594069,-6.1946e-05
0.301783,8.46152e-05,15.8072,-0.44348,19.6251,0.0137009,-0.00593256,-6.24364e-05
0.302713,8.75513e-05,15.8072,-0.443477,19.6251,0.0137009,-0.00593278,-6.18533e-05
0.303848,8.4611e-05,15.8072,-0.443479,19.6251,0.0137009,-0.00593286,-6.24366e-05
0.304723,8.7549e-05,15.8073,-0.443476,19.6251,0.0137009,-0.0059331,-6.18535e-05
0.305786,8.46128e-05,15.8073,-0.443479,19.6251,0.0137008,-0.0059332,-6.24366e-05
0.306682,8.75505e-05,15.8073,-0.443476,19.6251,0.0137009,-0.00593343,-6.18534e-05
0.308627,8.46133e-05,15.8073,-0.443478,19.6251,0.0137008,-0.00593353,-6.24365e-05
0.309756,8.46133e-05,15.8073,-0.443478,19.6251,0.0137008,-0.00593353,-6.24365e-05
0.311004,8.57446e-05,15.8073,-0.443476,19.6251,0.0136995,-0.00594233,-6.19459e-05
0.311988,8.57446e-05,15.8073,-0.443476,19.6251,0.0136995,-0.00594233,-6.19459e-05
0.313154,8.64205e-05,15.8072,-0.443475,19.6251,0.0137021,-0.00592595,-6.23439e-05
0.314215,8.75514e-05,15.8073,-0.443474,19.6251,0.0137008,-0.00593442,-6.18533e-05
0.315123,9.11713e-05,15.8072,-0.44347,19.6251,0.0137035,-0.00591793,-6.16674e-05
0.316366,8.75479e-05,15.8073,-0.443473,19.6251,0.0137007,-0.00593473,-6.18536e-05
0.317226,9.11679e-05,15.8072,-0.44347,19.6251,0.0137034,-0.00591824,-6.16677e-05
0.317857,8.28051e-05,15.8073,-0.443477,19.6252,0.0136993,-0.00594345,-6.25296e-05
0.318803,8.28051e-05,15.8073,-0.443477,19.6252,0.0136993,-0.00594345,-6.25296e-05
0.319609,8.28051e-05,15.8073,-0.443477,19.6252,0.0136993,-0.00594345,-6.25296e-05
0.320511,8.46138e-05,15.8073,-0.443474,19.6251,0.0137006,-0.00593549,-6.24363e-05
0.321426,8.46138e-05,15.8073,-0.443474,19.6251,0.0137006,-0.00593549,-6.24363e-05
0.32215,8.4612e-05,15.8073,-0.443473,19.6251,0.0137006,-0.00593581,-6.24365e-05
0.323376,8.57448e-05,15.8073,-0.443472,19.6252,0.0136992,-0.0059443,-6.19459e-05
0.324135,8.57448e-05,15.8073,-0.443472,19.6252,0.0136992,-0.0059443,-6.19459e-05
0.324858,8.75527e-05,15.8073,-0.44347,19.6251,0.0137006,-0.00593639,-6.18532e-05
0.325765,8.27997e-05,15.8073,-0.443474,19.6252,0.0136991,-0.00594472,-6.25298e-05
0.327115,8.64196e-05,15.8073,-0.44347,19.6251,0.0137018,-0.00592823,-6.23439e-05
0.328483,8.93651e-05,15.8073,-0.443467,19.6251,0.0137019,-0.00592847,-6.176e-05
0.329262,8.57477e-05,15.8073,-0.44347,19.6252,0.0136991,-0.00594531,-6.19458e-05
0.330252,8.75538e-05,15.8073,-0.443469,19.6251,0.0137005,-0.00593706,-6.18533e-05
0.331016,8.64256e-05,15.8073,-0.443469,19.6251,0.0137018,-0.00592893,-6.23436e-05
0.331687,8.28021e-05,15.8073,-0.443472,19.6252,0.013699,-0.00594572,-6.25296e-05
0.332652,8.57462e-05,15.8073,-0.443469,19.6252,0.0136991,-0.00594595,-6.19458e-05
0.3351,8.64209e-05,15.8073,-0.443468,19.6251,0.0137017,-0.00592955,-6.23438e-05
0.335808,8.755e-05,15.8073,-0.443467,19.6251,0.0137004,-0.00593802,-6.18534e-05
0.336707,8.46133e-05,15.8073,-0.443469,19.6251,0.0137003,-0.00593812,-6.24365e-05
0.337858,8.75547e-05,15.8073,-0.443466,19.6251,0.0137003,-0.00593838,-6.18532e-05
0.338831,8.57486e-05,15.8073,-0.443467,19.6252,0.013699,-0.00594694,-6.19456e-05
0.34024,8.75547e-05,15.8073,-0.443465,19.6251,0.0137003,-0.0059387,-6.18531e-05
0.340942,8.64233e-05,15.8073,-0.443466,19.6251,0.0137016,-0.00593055,-6.23437e-05
0.341773,8.75522e-05,15.8073,-0.443465,19.6251,0.0137003,-0.00593901,-6.18532e-05
0.342816,8.46163e-05,15.8073,-0.443467,19.6251,0.0137002,-0.00593912,-6.24363e-05
0.3438,8.75567e-05,15.8073,-0.443464,19.6251,0.0137002,-0.00593937,-6.1853e-05
0.344924,8.4619e-05,15.8073,-0.443466,19.6251,0.0137002,-0.00593946,-6.24361e-05
0.345808,8.75554e-05,15.8073,-0.443463,19.6251,0.0137002,-0.00593969,-6.1853e-05
0.346908,8.46179e-05,15.8073,-0.443466,19.6251,0.0137001,-0.00593979,-6.24362e-05
0.348041,8.75554e-05,15.8073,-0.443463,19.6251,0.0137002,-0.00594001,-6.1853e-05
0.348803,8.46182e-05,15.8073,-0.443465,19.6251,0.0137001,-0.00594011,-6.24362e-05
0.349887,8.75556e-05,15.8073,-0.443462,19.6251,0.0137001,-0.00594034,-6.1853e-05
0.351149,8.46184e-05,15.8073,-0.443464,19.6251,0.0137001,-0.00594044,-6.24362e-05
0.351788,8.64245e-05,15.8073,-0.443462,19.6251,0.0137014,-0.0059322,-6.23437e-05
0.353096,8.46187e-05,15.8073,-0.443464,19.6251,0.0137,-0.00594077,-6.24362e-05
0.354241,8.57497e-05,15.8074,-0.443462,19.6252,0.0136987,-0.00594925,-6.19456e-05
0.354969,8.46215e-05,15.8073,-0.443463,19.6251,0.0137,-0.00594112,-6.24359e-05
0.355832,8.75576e-05,15.8073,-0.44346,19.6251,0.0137,-0.00594134,-6.18529e-05
0.357078,8.46174e-05,15.8073,-0.443462,19.6251,0.0137,-0.00594142,-6.24362e-05
0.35775,8.75553e-05,15.8073,-0.443459,19.6251,0.0137,-0.00594166,-6.18531e-05
0.358753,8.46191e-05,15.8073,-0.443462,19.6251,0.0136999,-0.00594176,-6.24361e-05
0.359944,8.75568e-05,15.8073,-0.443459,19.6251,0.0136999,-0.00594199,-6.18529e-05
0.360842,8.46196e-05,15.8073,-0.443461,19.6251,0.0136999,-0.00594209,-6.24361e-05
0.361804,8.75571e-05,15.8073,-0.443458,19.6251,0.0136999,-0.00594232,-6.18529e-05
0.362846,8.9371e-05,15.8073,-0.443456,19.6251,0.0137013,-0.00593408,-6.17595e-05
0.364123,8.75572e-05,15.8073,-0.443457,19.6251,0.0136999,-0.00594265,-6.18529e-05
0.364813,8.75572e-05,15.8073,-0.443457,19.6251,0.0136999,-0.00594265,-6.18529e-05
0.365719,8.75592e-05,15.8073,-0.443457,19.6251,0.0136998,-0.00594299,-6.18529e-05
0.366675,8.2808e-05,15.8074,-0.443461,19.6252,0.0136984,-0.00595133,-6.25293e-05
0.367766,8.75576e-05,15.8073,-0.443456,19.6251,0.0136998,-0.00594331,-6.18529e-05
0.368704,8.46191e-05,15.8074,-0.443458,19.6251,0.0136997,-0.00594339,-6.2436e-05
0.369707,8.64252e-05,15.8073,-0.443457,19.6251,0.0137011,-0.00593515,-6.23435e-05
0.370791,8.4621e-05,15.8074,-0.443458,19.6251,0.0136997,-0.00594373,-6.24359e-05
0.371736,8.5754e-05,15.8074,-0.443457,19.6252,0.0136984,-0.00595222,-6.19453e-05
0.372738,8.9374e-05,15.8073,-0.443453,19.6251,0.0137011,-0.00593574,-6.17594e-05
0.373732,8.75561e-05,15.8074,-0.443454,19.6251,0.0136997,-0.00594428,-6.1853e-05
0.374731,8.28082e-05,15.8074,-0.443458,19.6252,0.0136983,-0.00595265,-6.25294e-05
0.375725,8.64281e-05,15.8073,-0.443455,19.6251,0.013701,-0.00593616,-6.23435e-05
0.376756,8.46203e-05,15.8074,-0.443456,19.6251,0.0136996,-0.00594471,-6.24359e-05
0.377707,8.57535e-05,15.8074,-0.443455,19.6252,0.0136983,-0.00595321,-6.19454e-05
0.378677,8.93734e-05,15.8073,-0.443451,19.6251,0.013701,-0.00593672,-6.17595e-05
0.37971,8.75569e-05,15.8074,-0.443452,19.6251,0.0136996,-0.00594527,-6.18529e-05
0.380721,8.2809e-05,15.8074,-0.443456,19.6252,0.0136982,-0.00595364,-6.25294e-05
0.381698,8.75601e-05,15.8074,-0.443452,19.6251,0.0136996,-0.00594561,-6.18527e-05
0.382718,8.46211e-05,15.8074,-0.443454,19.6251,0.0136995,-0.0059457,-6.24359e-05
0.38375,8.75578e-05,15.8074,-0.443451,19.6251,0.0136995,-0.00594593,-6.1853e-05
0.384709,8.93717e-05,15.8073,-0.443449,19.6251,0.0137009,-0.00593769,-6.17596e-05
0.385708,8.75593e-05,15.8074,-0.44345,19.6251,0.0136995,-0.00594627,-6.18528e-05
0.386847,8.2811e-05,15.8074,-0.443454,19.6252,0.0136981,-0.00595463,-6.25292e-05
0.38773,8.75611e-05,15.8074,-0.44345,19.6251,0.0136994,-0.0059466,-6.18527e-05
0.388699,8.46218e-05,15.8074,-0.443452,19.6251,0.0136994,-0.00594668,-6.24358e-05
0.389763,8.75585e-05,15.8074,-0.443449,19.6251,0.0136994,-0.00594692,-6.18529e-05
0.390803,8.46235e-05,15.8074,-0.443451,19.6251,0.0136993,-0.00594703,-6.24358e-05
0.391784,8.75601e-05,15.8074,-0.443448,19.6251,0.0136994,-0.00594726,-6.18528e-05
0.392761,8.4624e-05,15.8074,-0.44345,19.6251,0.0136993,-0.00594736,-6.24357e-05
0.393754,8.75603e-05,15.8074,-0.443448,19.6251,0.0136993,-0.00594759,-6.18528e-05
0.394809,8.46242e-05,15.8074,-0.44345,19.6251,0.0136993,-0.00594769,-6.24357e-05
0.395719,8.75606e-05,15.8074,-0.443447,19.6251,0.0136993,-0.00594791,-6.18528e-05
0.396729,8.46245e-05,15.8074,-0.443449,19.6251,0.0136992,-0.00594802,-6.24357e-05
0.397771,8.75608e-05,15.8074,-0.443446,19.6251,0.0136993,-0.00594824,-6.18527e-05
0.398693,8.46247e-05,15.8074,-0.443448,19.6251,0.0136992,-0.00594834,-6.24357e-05
0.399747,8.7561e-05,15.8074,-0.443446,19.6251,0.0136992,-0.00594857,-6.18527e-05
0.400732,8.46249e-05,15.8074,-0.443448,19.6251,0.0136992,-0.00594867,-6.24357e-05
0.401722,8.6431e-05,15.8074,-0.443446,19.6251,0.0137005,-0.00594043,-6.23432e-05
0.402717,8.46252e-05,15.8074,-0.443447,19.6251,0.0136991,-0.005949,-6.24356e-05
0.403745,8.57579e-05,15.8074,-0.443446,19.6252,0.0136978,-0.00595749,-6.1945e-05
0.404717,8.46266e-05,15.8074,-0.443447,19.6251,0.0136991,-0.00594934,-6.24355e-05
0.405746,8.75625e-05,15.8074,-0.443444,19.6251,0.0136991,-0.00594956,-6.18526e-05
0.40678,8.46256e-05,15.8074,-0.443446,19.6251,0.0136991,-0.00594966,-6.24356e-05
0.407801,8.64316e-05,15.8074,-0.443444,19.6251,0.0137004,-0.00594142,-6.23431e-05
0.408807,8.46254e-05,15.8074,-0.443445,19.6251,0.013699,-0.00594999,-6.24357e-05
0.409789,8.46254e-05,15.8074,-0.443445,19.6251,0.013699,-0.00594999,-6.24357e-05
0.410814,8.46274e-05,15.8074,-0.443445,19.6251,0.013699,-0.00595033,-6.24355e-05
0.411713,8.57571e-05,15.8075,-0.443443,19.6252,0.0136977,-0.00595879,-6.1945e-05
0.412718,8.46264e-05,15.8074,-0.443444,19.6251,0.013699,-0.00595065,-6.24356e-05
0.413767,8.75608e-05,15.8074,-0.443441,19.6251,0.013699,-0.00595086,-6.18527e-05
0.414684,8.46254e-05,15.8074,-0.443443,19.6251,0.0136989,-0.00595097,-6.24357e-05
0.415721,8.75627e-05,15.8074,-0.44344,19.6251,0.013699,-0.00595121,-6.18526e-05
0.416701,8.46269e-05,15.8074,-0.443443,19.6251,0.0136989,-0.00595131,-6.24355e-05
0.417723,8.75632e-05,15.8074,-0.44344,19.6251,0.0136989,-0.00595154,-6.18526e-05
0.418715,8.46271e-05,15.8074,-0.443442,19.6251,0.0136988,-0.00595164,-6.24355e-05
0.419785,8.64332e-05,15.8074,-0.44344,19.6251,0.0137002,-0.00594339,-6.2343e-05
0.421061,8.93773e-05,15.8074,-0.443437,19.6251,0.0137002,-0.00594362,-6.17592e-05
0.42208,8.57582e-05,15.8075,-0.44344,19.6252,0.0136975,-0.00596044,-6.1945e-05
0.422845,8.75642e-05,15.8074,-0.443438,19.6251,0.0136988,-0.00595219,-6.18525e-05
0.42387,8.75674e-05,15.8074,-0.443438,19.6251,0.0136988,-0.00595255,-6.18523e-05
0.425163,22.4378,-19.7437,18.3405,18.3916,0.0338544,0.446156,-6.16664e-05
0.426071,22.6581,-19.8355,18.5262,18.3902,0.0327665,0.447428,-6.18526e-05
0.42678,22.8784,-19.9274,18.7119,18.3887,0.0316802,0.448716,-6.18526e-05
0.427852,22.6718,-19.2968,18.5377,18.4639,0.0155069,0.419224,-0.0202319
0.428773,21.8194,-17.9203,17.819,18.6008,-0.038113,0.371168,-0.0702505
0.429718,22.0397,-18.0121,18.0047,18.5992,-0.0391995,0.372456,-0.0702505
0.430889,21.4343,-16.7954,17.4923,18.7597,-0.102211,0.323705,-0.130451
0.431814,21.2524,-16.2538,17.3374,18.8478,-0.137556,0.299053,-0.163863
0.432798,21.0795,-15.7398,17.1897,18.9385,-0.174271,0.274468,-0.198515
0.433714,21.2997,-15.8315,17.3753,18.937,-0.175359,0.275754,-0.198515
0.434675,21.1318,-15.3325,17.2316,19.0316,-0.213642,0.250698,-0.23451
0.436349,20.5814,-14.2743,16.7625,19.2339,-0.294016,0.197378,-0.311052
0.436695,20.4189,-13.8052,16.6226,19.3398,-0.337109,0.170065,-0.351337
0.437822,20.6391,-13.8967,16.8081,19.3383,-0.338198,0.17135,-0.351337
0.43877,20.4775,-13.4311,16.6688,19.4488,-0.383036,0.142964,-0.393137
0.439814,20.3312,-12.9998,16.5422,19.5572,-0.427331,0.115108,-0.434253
0.440738,20.1812,-12.5694,16.4123,19.6698,-0.472985,0.0861511,-0.476638
0.442015,19.4528,-11.5634,15.7912,19.902,-0.564228,0.0243867,-0.562966
0.442705,19.3141,-11.1692,15.6705,20.0183,-0.611663,-0.00586925,-0.606731
0.443739,19.5342,-11.2606,15.8559,20.0168,-0.612758,-0.00458617,-0.606731
0.444863,19.411,-10.8895,15.7483,20.1315,-0.659727,-0.0345951,-0.649752
0.445682,18.9471,-10.0771,15.3493,20.3665,-0.753712,-0.0976212,-0.737025
0.446726,19.1671,-10.1684,15.5346,20.365,-0.75481,-0.0963392,-0.737025
0.447728,19.0461,-9.81833,15.4285,20.4833,-0.80309,-0.127961,-0.781211
0.448755,18.6001,-9.06436,15.0443,20.7193,-0.89754,-0.192708,-0.868456
0.449681,18.4881,-8.74248,14.9456,20.8375,-0.945675,-0.225083,-0.912302
0.45072,18.708,-8.83363,15.1308,20.836,-0.946778,-0.223803,-0.912302
0.451756,18.2855,-8.14123,14.7662,21.0684,-1.03954,-0.289099,-0.997879
0.452755,18.5054,-8.23231,14.9513,21.0669,-1.04065,-0.287819,-0.997879
0.453697,18.0864,-7.56416,14.5895,21.2997,-1.1333,-0.354272,-1.0835
0.454737,18.0864,-7.56416,14.5895,21.2997,-1.1333,-0.354272,-1.0835
0.455694,17.677,-6.92657,14.2358,21.53,-1.22464,-0.421049,-1.16816
0.456751,17.8968,-7.01754,14.4208,21.5285,-1.22575,-0.41977,-1.16816
0.45775,17.8067,-6.75323,14.3403,21.643,-1.27183,-0.452891,-1.21055
0.458707,17.4199,-6.16205,14.0054,21.8684,-1.36069,-0.51971,-1.29337
0.460184,17.6397,-6.25291,14.1904,21.8669,-1.36181,-0.518432,-1.29337
0.460821,17.5563,-6.00931,14.1155,21.9786,-1.40656,-0.551459,-1.33462
0.46184,17.481,-5.77886,14.0475,22.087,-1.44999,-0.583745,-1.3748
0.462762,17.1044,-5.23211,13.7211,22.3067,-1.53571,-0.650663,-1.45561
0.463724,17.324,-5.32282,13.9059,22.3052,-1.53684,-0.649387,-1.45561
0.464798,17.2485,-5.10369,13.8375,22.4127,-1.5795,-0.682018,-1.49544
0.465794,17.1808,-4.89666,13.7759,22.5168,-1.62081,-0.713817,-1.53421
0.466662,16.8893,-4.59815,13.5259,22.6235,-1.66112,-0.747413,-1.5733
0.467695,16.8176,-4.39145,13.4608,22.7296,-1.70293,-0.780164,-1.61292
0.468855,16.7492,-4.19435,13.3985,22.8324,-1.74333,-0.812082,-1.65128
0.469903,16.687,-4.00411,13.3413,22.934,-1.78318,-0.843762,-1.68937
0.470804,16.6265,-3.8189,13.2857,23.0343,-1.82235,-0.87521,-1.72696
0.47176,16.5676,-3.63852,13.2313,23.1334,-1.86094,-0.906403,-1.76425
0.472749,16.5103,-3.46278,13.1783,23.2312,-1.89892,-0.937332,-1.80106
0.473735,16.4543,-3.29156,13.1264,23.3277,-1.9363,-0.967986,-1.8376
0.474719,16.3999,-3.12473,13.0759,23.4229,-1.97308,-0.998353,-1.87366
0.475752,16.3469,-2.96215,13.0264,23.5169,-2.00926,-1.02842,-1.90946
0.47669,16.2953,-2.80373,12.9782,23.6097,-2.04485,-1.05819,-1.9448
0.477645,16.245,-2.64933,12.9311,23.7011,-2.07984,-1.08764,-1.97989
0.478786,15.9768,-2.40868,12.701,23.7928,-2.11309,-1.11804,-2.01454
0.479831,15.9291,-2.26205,12.6561,23.8817,-2.14691,-1.14683,-2.04895
0.481088,15.6228,-1.89153,12.3892,24.0573,-2.2117,-1.20466,-2.11668
0.481716,15.8421,-1.98162,12.5733,24.0558,-2.21287,-1.20339,-2.11668
0.483372,15.8026,-1.84756,12.5353,24.141,-2.24495,-1.23114,-2.14998
0.483711,15.5131,-1.50401,12.2826,24.3074,-2.30559,-1.28628,-2.21495
0.48474,15.7323,-1.59398,12.4666,24.3059,-2.30677,-1.28501,-2.21495
0.48579,15.6959,-1.46976,12.4312,24.3874,-2.33718,-1.31168,-2.24731
0.48688,15.6659,-1.35287,12.4012,24.466,-2.3665,-1.33743,-2.27862
0.487708,15.6314,-1.23455,12.3674,24.5451,-2.39576,-1.36339,-2.31035
0.488815,15.598,-1.11925,12.3345,24.6231,-2.42457,-1.38896,-2.34169
0.489822,15.5654,-1.00669,12.3023,24.6998,-2.45286,-1.41418,-2.37284
0.490858,15.3148,-0.807204,12.0872,24.7769,-2.47945,-1.44029,-2.40361
0.491794,15.284,-0.700178,12.0565,24.8514,-2.50671,-1.46476,-2.43421
0.492909,15.2542,-0.595792,12.0267,24.9248,-2.53348,-1.48886,-2.46443
0.493697,15.2296,-0.495769,12.0013,24.997,-2.55981,-1.51256,-2.49449
0.494709,15.2059,-0.398198,11.9765,25.0681,-2.5856,-1.53591,-2.52415
0.495922,15.183,-0.30305,11.9524,25.1381,-2.61092,-1.55888,-2.55362
0.49676,15.1608,-0.210222,11.929,25.2071,-2.63577,-1.58147,-2.58271
0.497868,15.1392,-0.119651,11.9061,25.275,-2.66016,-1.6037,-2.61164
0.498913,15.1184,-0.0312809,11.8838,25.3418,-2.68409,-1.62555,-2.6402
0.499726,15.0982,0.0549477,11.862,25.4076,-2.70759,-1.64704,-2.66861
0.500744,15.0787,0.139085,11.8408,25.4724,-2.73065,-1.66817,-2.69667
0.501712,15.0598,0.221188,11.8201,25.5362,-2.75328,-1.68893,-2.7246
0.502897,15.0415,0.301304,11.8,25.599,-2.7755,-1.70933,-2.75221
0.503689,14.8052,0.468686,11.5972,25.6622,-2.7961,-1.73064,-2.77968
0.5047,14.7882,0.544937,11.5781,25.7231,-2.81751,-1.75033,-2.80685
0.505846,14.7717,0.619353,11.5594,25.7831,-2.83854,-1.76966,-2.8339
0.506741,14.7603,0.69019,11.5451,25.8421,-2.85924,-1.78862,-2.86066
0.507736,14.7493,0.759337,11.531,25.9002,-2.8795,-1.80725,-2.88727
0.50869,14.7389,0.826789,11.5175,25.9573,-2.89939,-1.82553,-2.91355
0.509722,14.7289,0.892638,11.5042,26.0136,-2.91893,-1.84347,-2.93971
0.511327,14.7193,0.95692,11.4914,26.0691,-2.93811,-1.86108,-2.96556
0.512061,14.7101,1.01968,11.4788,26.1236,-2.95694,-1.87835,-2.99131
0.512745,14.7013,1.08095,11.4666,26.1774,-2.97544,-1.89529,-3.01676
0.514103,14.6929,1.14076,11.4547,26.2303,-2.9936,-1.91191,-3.04211
0.515601,14.6849,1.19916,11.4432,26.2824,-3.01145,-1.92821,-3.06719
0.516085,14.6849,1.19916,11.4432,26.2824,-3.01145,-1.92821,-3.06719
0.517002,14.4518,1.4005,11.2386,26.3856,-3.04494,-1.96111,-3.11691
0.517714,14.4446,1.45598,11.2277,26.4364,-3.06222,-1.9768,-3.14207
0.518713,14.4379,1.51012,11.2172,26.4864,-3.07919,-1.99217,-3.16695
0.519681,14.656,1.42157,11.3995,26.4851,-3.08045,-1.99092,-3.16695
0.520726,14.4346,1.60894,11.2048,26.5821,-3.11162,-2.02135,-3.21524
0.52169,14.4334,1.65655,11.1989,26.6289,-3.12738,-2.03549,-3.23915
0.522852,14.4279,1.70582,11.1895,26.676,-3.14315,-2.04967,-3.26327
0.523726,14.4272,1.75118,11.184,26.7213,-3.15844,-2.06322,-3.28686
0.524833,14.4266,1.79554,11.1788,26.766,-3.17341,-2.07652,-3.31019
0.525716,14.4263,1.83881,11.1737,26.81,-3.18812,-2.08952,-3.33345
0.526723,14.4263,1.88108,11.1688,26.8534,-3.2026,-2.10226,-3.35647
0.527799,14.4264,1.92236,11.164,26.8961,-3.21684,-2.11472,-3.37945
0.529083,14.4267,1.96269,11.1595,26.9382,-3.23084,-2.12692,-3.40219
0.529853,14.2095,2.09017,10.9733,26.981,-3.24335,-2.14011,-3.4249
0.530843,14.2102,2.1286,10.9691,27.0219,-3.25691,-2.1518,-3.44739
0.531758,14.211,2.16615,10.9649,27.0622,-3.27026,-2.16323,-3.46985
0.532687,14.2166,2.20107,10.9647,27.1019,-3.28346,-2.17439,-3.4921
0.533766,14.222,2.2352,10.9644,27.1411,-3.29639,-2.18532,-3.51429
0.534778,14.4395,2.14732,11.1459,27.1398,-3.29768,-2.18407,-3.51429
0.535802,14.2335,2.30106,10.9643,27.2177,-3.32167,-2.20646,-3.55814
0.536735,14.2393,2.33288,10.9643,27.2552,-3.33401,-2.21668,-3.57981
0.537672,14.2407,2.3664,10.9606,27.293,-3.34637,-2.22691,-3.60189
0.538898,14.2467,2.39674,10.9608,27.3294,-3.35841,-2.23667,-3.62333
0.53986,14.2467,2.39674,10.9608,27.3294,-3.35841,-2.23667,-3.62333
0.540802,14.2587,2.45544,10.9611,27.4009,-3.38183,-2.25556,-3.66594
0.541664,14.0477,2.5713,10.7803,27.4371,-3.39198,-2.26593,-3.68712
0.542728,14.054,2.59953,10.7807,27.4723,-3.40351,-2.27503,-3.70854
0.543739,14.0645,2.62423,10.7847,27.5056,-3.41447,-2.28353,-3.72907
0.544709,14.0752,2.64896,10.7887,27.5391,-3.42544,-2.29202,-3.74982
0.545713,14.0858,2.67307,10.7927,27.5722,-3.43626,-2.30031,-3.77052
0.54669,14.0964,2.69668,10.7967,27.6049,-3.44694,-2.30841,-3.79102
0.547725,14.1067,2.71929,10.8005,27.6364,-3.45725,-2.31615,-3.81109
0.548698,14.1171,2.7414,10.8043,27.6676,-3.46742,-2.32369,-3.83097
0.549703,14.1273,2.76305,10.808,27.6983,-3.47747,-2.33106,-3.85088
0.550759,14.1375,2.78422,10.8117,27.7287,-3.4874,-2.33825,-3.87062
0.55175,14.1476,2.80494,10.8152,27.7587,-3.4972,-2.34527,-3.89039
0.552788,14.1578,2.82564,10.8189,27.789,-3.50709,-2.35226,-3.9104
0.553693,13.9512,2.93243,10.6421,27.8195,-3.51532,-2.36019,-3.93002
0.554793,13.9613,2.95179,10.6457,27.8485,-3.52478,-2.36671,-3.94948
0.555834,13.9714,2.97113,10.6492,27.8777,-3.53432,-2.37321,-3.96937
0.556773,13.9857,2.98793,10.6563,27.9059,-3.54361,-2.37939,-3.9887
0.557708,14.2021,2.90114,10.8363,27.9047,-3.54496,-2.37815,-3.9887
0.558811,14.0139,3.02051,10.67,27.9614,-3.56177,-2.39131,-4.02716
0.559808,14.028,3.03662,10.6768,27.9892,-3.57089,-2.39717,-4.0467
0.56072,14.2442,2.94999,10.8566,27.988,-3.57224,-2.39593,-4.0467
0.56195,14.0418,3.05209,10.6834,28.0161,-3.57972,-2.40277,-4.06566
0.562722,14.0646,3.08412,10.6926,28.0697,-3.59721,-2.41367,-4.10382
0.563763,14.0646,3.08412,10.6926,28.0697,-3.59721,-2.41367,-4.10382
0.564757,14.0782,3.09892,10.699,28.0962,-3.606,-2.41894,-4.12306
0.565957,14.2942,3.01252,10.8785,28.095,-3.60735,-2.41771,-4.12306
0.566676,14.1048,3.12733,10.7112,28.1479,-3.62299,-2.42901,-4.16082
0.56767,14.118,3.14124,10.7173,28.1736,-3.63145,-2.43391,-4.17973
0.568758,14.1268,3.15689,10.7196,28.1996,-3.63994,-2.4388,-4.19903
0.569759,14.1399,3.1702,10.7255,28.2247,-3.64828,-2.44344,-4.2178
0.570825,13.9497,3.28214,10.5577,28.2754,-3.66324,-2.4536,-4.2552
0.571772,14.1654,3.19607,10.7368,28.2742,-3.66461,-2.45237,-4.2552
0.572723,14.178,3.20859,10.7422,28.2986,-3.67266,-2.45666,-4.27384
0.573748,14.1947,3.2189,10.7512,28.3221,-3.68053,-2.46072,-4.29195
0.574714,14.207,3.23098,10.7564,28.346,-3.68838,-2.46479,-4.31045
0.575698,14.2193,3.24277,10.7616,28.3696,-3.69622,-2.46873,-4.32879
0.576711,14.028,3.35147,10.5929,28.4173,-3.71032,-2.47753,-4.36543
0.577743,14.2433,3.26575,10.7715,28.4161,-3.7117,-2.4763,-4.36543
0.578699,14.0398,3.36256,10.5977,28.4402,-3.71796,-2.48115,-4.38372
0.579748,14.0558,3.37151,10.606,28.4624,-3.72544,-2.48458,-4.4015
0.580664,13.8682,3.47652,10.4404,28.5083,-3.73904,-2.49254,-4.43771
0.581746,14.0833,3.39097,10.6188,28.5072,-3.74043,-2.49131,-4.43771
0.582924,14.0989,3.39962,10.6267,28.5292,-3.74783,-2.49453,-4.45576
0.583757,14.1186,3.4062,10.638,28.5506,-3.75509,-2.49755,-4.47328
0.584695,14.1338,3.41456,10.6456,28.5722,-3.76232,-2.50059,-4.49117
0.585764,14.149,3.42274,10.6531,28.5936,-3.76956,-2.50352,-4.50889
0.586711,13.9638,3.52396,10.4896,28.637,-3.78247,-2.51034,-4.54425
0.587923,14.1785,3.43878,10.6675,28.6359,-3.78387,-2.50912,-4.54425
0.588874,14.1929,3.4466,10.6744,28.6568,-3.79094,-2.51179,-4.5619
0.589808,14.0109,3.54504,10.5135,28.6986,-3.80339,-2.51804,-4.59656
0.590786,14.0109,3.54504,10.5135,28.6986,-3.80339,-2.51804,-4.59656
0.59182,14.0249,3.55242,10.5201,28.7189,-3.81033,-2.52046,-4.61394
0.592727,14.0389,3.55984,10.5266,28.7394,-3.81736,-2.52285,-4.63172
0.593807,14.0569,3.56534,10.5364,28.7594,-3.82425,-2.5251,-4.649
0.595056,14.0745,3.57077,10.5459,28.7792,-3.83105,-2.52729,-4.66629
0.595687,13.8951,3.66606,10.3873,28.8193,-3.84309,-2.53265,-4.70056
0.596703,14.1093,3.58135,10.5645,28.8182,-3.84451,-2.53143,-4.70056
0.597944,14.1264,3.58655,10.5736,28.8375,-3.85117,-2.53339,-4.71755
0.598803,14.1472,3.58992,10.5857,28.8561,-3.85772,-2.53521,-4.73422
0.599722,14.1637,3.59505,10.5943,28.8751,-3.86424,-2.53704,-4.75107
0.600859,14.1799,3.60008,10.6026,28.8939,-3.87079,-2.53879,-4.76797
0.60176,13.9821,3.68948,10.4339,28.9137,-3.87587,-2.54169,-4.78473
0.602802,13.9979,3.69439,10.4418,28.9322,-3.88234,-2.54331,-4.80155
0.603868,14.0135,3.69923,10.4497,28.9506,-3.88878,-2.54486,-4.81822
0.604823,14.0332,3.70235,10.4608,28.9688,-3.89524,-2.54633,-4.83495
0.605748,14.0527,3.70547,10.4718,28.9869,-3.90161,-2.54775,-4.85151
0.606784,14.0718,3.70854,10.4825,29.0049,-3.90795,-2.5491,-4.86809
0.607789,14.0908,3.71162,10.4931,29.0227,-3.91425,-2.5504,-4.88451
0.608729,14.1094,3.71469,10.5033,29.0404,-3.92052,-2.55164,-4.90097
0.609748,14.1278,3.71777,10.5134,29.058,-3.92676,-2.55282,-4.91727
0.610725,14.1458,3.72084,10.5231,29.0754,-3.93296,-2.55395,-4.93361
0.611778,14.1636,3.72391,10.5327,29.0927,-3.93914,-2.55502,-4.94981
0.612667,13.9852,3.81373,10.3751,29.1281,-3.94996,-2.55821,-4.98217
0.613737,13.9852,3.81373,10.3751,29.1281,-3.94996,-2.55821,-4.98217
0.61482,14.0022,3.81673,10.384,29.1451,-3.95605,-2.55913,-4.99834
0.615818,14.0231,3.81801,10.3961,29.1615,-3.96205,-2.55994,-5.01405
0.616848,14.0439,3.8194,10.4081,29.1783,-3.9681,-2.56074,-5.03013
0.618025,14.0645,3.82079,10.4199,29.1949,-3.97412,-2.56148,-5.04604
0.618818,14.0847,3.82223,10.4314,29.2114,-3.98011,-2.56218,-5.06199
0.620111,14.1046,3.82372,10.4426,29.2278,-3.98608,-2.56283,-5.07778
0.620838,14.1241,3.82525,10.4535,29.2441,-3.99203,-2.56344,-5.09361
0.621803,14.1434,3.82683,10.4643,29.2603,-3.99794,-2.564,-5.1093
0.622935,14.1626,3.82848,10.4749,29.2768,-4.00397,-2.56453,-5.12535
0.623789,13.9688,3.91322,10.3099,29.2938,-4.00836,-2.56621,-5.14092
0.624847,13.9871,3.91486,10.3198,29.3097,-4.0142,-2.56664,-5.15656
0.625879,14.0053,3.91654,10.3296,29.3255,-4.02003,-2.56704,-5.17205
0.626684,14.0273,3.9166,10.3426,29.3412,-4.02589,-2.56736,-5.18761
0.627713,14.0491,3.91676,10.3554,29.3568,-4.03168,-2.56766,-5.203
0.628739,14.0706,3.91696,10.3678,29.3723,-4.03744,-2.56792,-5.21843
0.629828,14.0917,3.91724,10.38,29.3877,-4.04319,-2.56813,-5.2337
0.630849,14.1124,3.9176,10.3919,29.4031,-4.04892,-2.56831,-5.24902
0.631737,14.1329,3.91805,10.4035,29.4183,-4.05462,-2.56845,-5.26419
0.63273,14.1529,3.91857,10.4147,29.4335,-4.06031,-2.56855,-5.27941
0.63379,14.1726,3.91917,10.4258,29.4486,-4.06597,-2.56862,-5.29449
0.634713,13.9803,4.00222,10.2622,29.4646,-4.07013,-2.56985,-5.30963
0.635741,13.9995,4.00289,10.2728,29.4795,-4.07577,-2.56984,-5.32465
0.636754,14.0182,4.00363,10.283,29.4944,-4.08139,-2.56981,-5.33973
0.637736,14.0411,4.0028,10.2966,29.5091,-4.08705,-2.56971,-5.35468
0.638791,14.0635,4.0021,10.3097,29.5238,-4.09264,-2.56959,-5.36966
0.639713,14.0857,4.00146,10.3227,29.5384,-4.09821,-2.56944,-5.38449
0.640723,14.1074,4.00094,10.3353,29.553,-4.10378,-2.56926,-5.39936
0.64177,14.1287,4.00052,10.3476,29.5674,-4.10932,-2.56904,-5.41409
0.642726,14.1497,4.00021,10.3596,29.5818,-4.11485,-2.5688,-5.42886
0.643708,14.1703,4.00001,10.3713,29.5962,-4.12036,-2.56852,-5.4435
0.644733,14.1905,3.9999,10.3826,29.6104,-4.12586,-2.56822,-5.45819
0.645714,14.2105,3.99989,10.3937,29.6246,-4.13134,-2.56789,-5.47276
0.646802,14.23,3.99998,10.4044,29.6388,-4.13681,-2.56753,-5.48739
0.647715,14.0386,4.08167,10.2419,29.6538,-4.14077,-2.56832,-5.5019
0.648747,14.0575,4.08187,10.2521,29.6679,-4.14622,-2.56791,-5.51648
0.649735,14.0762,4.08215,10.2622,29.6819,-4.15166,-2.56746,-5.53094
0.650822,14.0988,4.0809,10.2754,29.6958,-4.15716,-2.56697,-5.54548
0.651703,14.1211,4.07979,10.2884,29.7096,-4.16258,-2.56646,-5.55986
0.652895,14.143,4.07877,10.3011,29.7234,-4.168,-2.56593,-5.57428
0.653713,14.1645,4.07788,10.3135,29.7371,-4.1734,-2.56537,-5.58856
0.654706,14.1856,4.07711,10.3255,29.7508,-4.1788,-2.56479,-5.6029
0.655747,14.2065,4.07646,10.3372,29.7644,-4.18418,-2.56419,-5.61709
0.656712,14.2268,4.07594,10.3486,29.778,-4.18955,-2.56356,-5.63135
0.657733,14.2469,4.07553,10.3597,29.7915,-4.19491,-2.56291,-5.64548
0.65872,14.2665,4.07523,10.3705,29.805,-4.20026,-2.56223,-5.65967
0.659711,14.2859,4.07505,10.381,29.8184,-4.2056,-2.56154,-5.67374
0.660705,14.0952,4.15558,10.2193,29.8327,-4.20941,-2.562,-5.68789
0.661754,14.114,4.15553,10.2293,29.846,-4.21474,-2.56126,-5.70191
0.662741,14.1324,4.15558,10.239,29.8594,-4.22007,-2.5605,-5.71602
0.663721,14.1548,4.15413,10.252,29.8726,-4.22544,-2.55969,-5.73001
0.664735,14.1768,4.15284,10.2646,29.8858,-4.23076,-2.55889,-5.74404
0.665704,14.1985,4.15164,10.277,29.8989,-4.23606,-2.55805,-5.75792
0.666711,14.0316,4.22984,10.1295,29.926,-4.24511,-2.5575,-5.78566
0.667724,14.2407,4.14968,10.3008,29.9251,-4.24665,-2.55633,-5.78566
0.66869,14.2612,4.1489,10.3122,29.9381,-4.25193,-2.55545,-5.79947
0.669749,14.2852,4.14669,10.3265,29.9507,-4.25715,-2.55453,-5.81301
0.670886,14.3049,4.14621,10.3372,29.9636,-4.26236,-2.55361,-5.82669
0.671737,14.3243,4.14583,10.3477,29.9765,-4.26762,-2.55266,-5.84044
0.672711,14.3433,4.1456,10.3578,29.9894,-4.27287,-2.5517,-5.85407
0.673726,14.1533,4.22517,10.1968,30.0031,-4.27657,-2.55188,-5.86778
0.674752,14.1718,4.22509,10.2065,30.0158,-4.28181,-2.55089,-5.88138
0.67575,14.1898,4.22512,10.2158,30.0286,-4.28705,-2.54987,-5.89506
0.676882,14.2118,4.2237,10.2284,30.0413,-4.29234,-2.54882,-5.90862
0.677905,14.2334,4.22242,10.2406,30.0539,-4.29757,-2.54776,-5.92223
0.67874,14.2547,4.22126,10.2526,30.0666,-4.3028,-2.54669,-5.9357
0.679757,14.2756,4.22025,10.2642,30.0791,-4.30802,-2.5456,-5.94922
0.680835,14.2962,4.21939,10.2755,30.0917,-4.31323,-2.5445,-5.9626
0.681691,14.3162,4.21867,10.2865,30.1042,-4.31844,-2.54338,-5.97604
0.682814,14.336,4.21809,10.2972,30.1166,-4.32364,-2.54225,-5.98936
0.68374,14.3554,4.21765,10.3075,30.1291,-4.32883,-2.54111,-6.00275
0.684773,14.3744,4.21734,10.3176,30.1415,-4.33402,-2.53995,-6.01601
0.685724,14.1855,4.29595,10.1577,30.1547,-4.33764,-2.53993,-6.02935
0.686755,14.204,4.29581,10.1673,30.1671,-4.34282,-2.53875,-6.04257
0.687842,14.2221,4.29579,10.1766,30.1794,-4.348,-2.53755,-6.05587
0.688732,14.2441,4.29434,10.1891,30.1917,-4.35323,-2.53631,-6.06906
0.689924,14.2657,4.29306,10.2012,30.2039,-4.3584,-2.53507,-6.08229
0.690808,14.287,4.2919,10.2131,30.2161,-4.36357,-2.53383,-6.09537
0.691757,14.3079,4.2909,10.2245,30.2283,-4.36873,-2.53256,-6.10851
0.69286,14.5148,4.21263,10.3935,30.2274,-4.37031,-2.53141,-6.10851
0.693722,14.5352,4.21187,10.4046,30.2395,-4.37546,-2.53014,-6.12151
0.69472,14.1614,4.36696,10.0885,30.2654,-4.3826,-2.52985,-6.14751
0.695926,14.1769,4.368,10.0956,30.2777,-4.38779,-2.52854,-6.16077
0.696834,14.1922,4.36915,10.1025,30.29,-4.39302,-2.52721,-6.17394
0.697744,14.2152,4.36737,10.1156,30.3019,-4.39826,-2.52584,-6.18693
0.698914,14.2378,4.36576,10.1286,30.3139,-4.40338,-2.5245,-6.19976
0.699718,14.2601,4.36426,10.1412,30.3258,-4.40851,-2.52314,-6.21262
0.700746,14.2821,4.36294,10.1535,30.3377,-4.41362,-2.52177,-6.22534
0.701797,14.3035,4.3618,10.1654,30.3495,-4.41873,-2.52038,-6.23811
0.702756,14.3246,4.36082,10.1771,30.3613,-4.42383,-2.51898,-6.25074
0.703716,14.3452,4.36001,10.1883,30.373,-4.42893,-2.51758,-6.26343
0.704924,14.3655,4.35936,10.1993,30.3847,-4.43401,-2.51616,-6.27599
0.705779,14.3853,4.35887,10.2098,30.3964,-4.4391,-2.51472,-6.28861
0.706682,14.4048,4.35853,10.2202,30.4081,-4.44417,-2.51328,-6.30112
0.707763,14.2182,4.43544,10.0626,30.4206,-4.44765,-2.51297,-6.3137
0.708728,14.2371,4.43531,10.0724,30.4322,-4.45272,-2.5115,-6.32616
0.709715,14.2555,4.43532,10.0819,30.4438,-4.45778,-2.51003,-6.3387
0.710803,14.2779,4.43396,10.0945,30.4554,-4.46291,-2.50852,-6.35113
0.711789,14.2997,4.43277,10.1067,30.4669,-4.46797,-2.50701,-6.3636
0.712709,14.3213,4.43173,10.1187,30.4784,-4.47302,-2.50549,-6.37593
0.713831,14.3424,4.43087,10.1302,30.4899,-4.47808,-2.50396,-6.38832
0.714715,14.3631,4.43018,10.1415,30.5013,-4.48313,-2.50243,-6.40057
0.715763,14.3834,4.42966,10.1524,30.5127,-4.48817,-2.50088,-6.41288
0.716697,14.4033,4.4293,10.163,30.5241,-4.4932,-2.49932,-6.42506
0.717742,14.4228,4.4291,10.1732,30.5355,-4.49823,-2.49775,-6.43732
0.71872,14.4419,4.42906,10.1832,30.5468,-4.50326,-2.49618,-6.44946
0.719694,14.4607,4.42917,10.1927,30.5582,-4.50828,-2.49459,-6.46167
0.721165,14.4607,4.42917,10.1927,30.5582,-4.50828,-2.49459,-6.46167
0.721848,14.2928,4.50577,10.045,30.5816,-4.51671,-2.49252,-6.48594
0.722796,14.3107,4.50622,10.0539,30.5929,-4.52173,-2.49091,-6.49801
0.723925,14.3284,4.50682,10.0626,30.6044,-4.52685,-2.48926,-6.5104
0.7247,14.3497,4.50606,10.0742,30.6156,-4.53192,-2.48761,-6.52243
0.725711,14.3705,4.50547,10.0855,30.6268,-4.53693,-2.48597,-6.53451
0.726741,14.3911,4.50502,10.0966,30.6379,-4.54194,-2.48431,-6.54645
0.72772,14.4111,4.50475,10.1072,30.6491,-4.54695,-2.48265,-6.55844
0.728742,14.4309,4.50465,10.1176,30.6602,-4.55195,-2.48098,-6.57031
0.729778,14.4502,4.50471,10.1276,30.6713,-4.55695,-2.47931,-6.58224
0.730689,14.4692,4.50493,10.1373,30.6823,-4.56194,-2.47762,-6.59405
0.73172,14.4877,4.50531,10.1467,30.6934,-4.56693,-2.47593,-6.60593
0.73273,14.5059,4.50584,10.1558,30.7044,-4.57191,-2.47423,-6.6177
0.733776,14.3207,4.58144,9.99974,30.7162,-4.57527,-2.47363,-6.62954
0.734715,14.3383,4.58217,10.0084,30.7272,-4.58025,-2.47191,-6.64128
0.735773,14.3555,4.58304,10.0166,30.7382,-4.58523,-2.47019,-6.65309
0.736764,14.5583,4.50832,10.1812,30.7374,-4.58686,-2.46908,-6.65309
0.737914,14.3972,4.5823,10.039,30.7601,-4.59525,-2.46668,-6.67655
0.738822,14.4175,4.58217,10.0498,30.771,-4.60022,-2.46492,-6.68817
0.739765,14.4336,4.58367,10.0571,30.7821,-4.60524,-2.46315,-6.70007
0.74071,14.4532,4.58384,10.0673,30.7929,-4.61026,-2.46137,-6.71164
0.74178,14.4722,4.58422,10.077,30.8038,-4.61522,-2.45959,-6.72326
0.742756,14.4722,4.58422,10.077,30.8038,-4.61522,-2.45959,-6.72326
0.74374,14.5094,4.58539,10.0957,30.8254,-4.62513,-2.45603,-6.74632
0.744748,14.3256,4.66018,9.94102,30.8369,-4.62845,-2.45533,-6.75776
0.746047,14.3436,4.66107,9.94987,30.8479,-4.6335,-2.45349,-6.76951
0.746793,14.3611,4.6621,9.9583,30.8586,-4.63844,-2.45169,-6.7809
0.747723,14.3822,4.66183,9.96969,30.8693,-4.64344,-2.44985,-6.79237
0.749185,14.403,4.66174,9.98082,30.88,-4.64837,-2.44802,-6.80369
0.749872,14.4234,4.6618,9.99159,30.8906,-4.65331,-2.44618,-6.81506
0.750802,14.4435,4.66205,10.0021,30.9012,-4.65824,-2.44434,-6.8263
0.752022,14.463,4.66247,10.0122,30.9118,-4.66316,-2.44248,-6.83759
0.753104,14.6642,4.5892,10.175,30.911,-4.6648,-2.44139,-6.83759
0.753724,14.4819,4.66306,10.0218,30.9222,-4.66797,-2.44066,-6.84854
0.754844,14.5003,4.66382,10.031,30.9325,-4.67278,-2.43882,-6.85956
0.75581,14.3319,4.74023,9.88324,30.9544,-4.68096,-2.43615,-6.88196
0.756745,14.3319,4.74023,9.88324,30.9544,-4.68096,-2.43615,-6.88196
0.757782,14.3498,4.74136,9.89191,30.9649,-4.68587,-2.43425,-6.89309
0.758781,14.371,4.74117,9.90338,30.9752,-4.69073,-2.43236,-6.90408
0.75983,14.2125,4.81407,9.76378,30.9968,-4.6989,-2.42959,-6.92627
0.760726,14.413,4.74135,9.92582,30.996,-4.70055,-2.4285,-6.92627
0.761737,14.2568,4.81334,9.78817,31.0173,-4.70865,-2.42571,-6.94805
0.762724,14.4571,4.74083,9.94997,31.0165,-4.7103,-2.42463,-6.94805
0.76374,14.4807,4.74017,9.9633,31.0268,-4.71519,-2.42266,-6.95892
0.764674,14.5034,4.73972,9.97595,31.0369,-4.71996,-2.42073,-6.96956
0.765735,14.5219,4.74089,9.98515,31.0472,-4.72478,-2.41877,-6.98042
0.766713,14.3581,4.81576,9.84133,31.0684,-4.73283,-2.41588,-7.00199
0.767651,14.3581,4.81576,9.84133,31.0684,-4.73283,-2.41588,-7.00199
0.76872,14.3755,4.81734,9.84969,31.0786,-4.73767,-2.41389,-7.01271
0.770031,14.2177,4.88996,9.71081,31.0995,-4.74565,-2.41096,-7.03396
0.770676,14.4171,4.81815,9.87177,31.0988,-4.74731,-2.40989,-7.03396
0.771742,14.4377,4.81885,9.88257,31.1091,-4.75225,-2.40783,-7.0449
0.773008,14.2817,4.89087,9.74526,31.1298,-4.76015,-2.40487,-7.06589
0.77377,14.4807,4.81937,9.90586,31.129,-4.76181,-2.4038,-7.06589
0.774725,14.3233,4.89189,9.76742,31.1496,-4.76973,-2.4008,-7.08674
0.775698,14.5221,4.8206,9.92778,31.1488,-4.77139,-2.39973,-7.08674
0.776734,14.1685,4.96354,9.63112,31.1701,-4.77757,-2.39776,-7.10743
0.777669,14.186,4.96534,9.63956,31.1801,-4.78231,-2.3957,-7.11778
0.778744,14.3846,4.89423,9.79965,31.1793,-4.78397,-2.39463,-7.11778
0.779716,14.2352,4.96389,9.66787,31.1994,-4.79179,-2.39154,-7.13809
0.780836,14.2554,4.96488,9.67841,31.2092,-4.79651,-2.38944,-7.14842
0.781688,14.4536,4.89409,9.83813,31.2084,-4.79818,-2.38837,-7.14842
0.782753,14.3017,4.96469,9.70436,31.2283,-4.80591,-2.38524,-7.16847
0.783726,14.4997,4.89411,9.86385,31.2275,-4.80758,-2.38417,-7.16847
0.784731,14.3425,4.96668,9.72581,31.2476,-4.81531,-2.38098,-7.18859
0.7857,14.3644,4.96731,9.73773,31.2573,-4.82005,-2.37882,-7.19867
0.786751,14.562,4.89706,9.89685,31.2565,-4.82173,-2.37776,-7.19867
0.787675,14.4062,4.9691,9.75994,31.2762,-4.82932,-2.37456,-7.21842
0.788663,14.4062,4.9691,9.75994,31.2762,-4.82932,-2.37456,-7.21842
0.789744,14.2492,5.04159,9.62222,31.2961,-4.83699,-2.37128,-7.23828
0.790733,14.269,5.04305,9.63238,31.3057,-4.84171,-2.36908,-7.24833
0.79175,14.4661,4.97321,9.79099,31.3049,-4.84339,-2.36802,-7.24833
0.792689,14.4891,4.97356,9.80378,31.3142,-4.84806,-2.36584,-7.25806
0.793814,14.5115,4.97412,9.8161,31.3236,-4.85267,-2.36366,-7.26785
0.794693,14.7083,4.90463,9.97437,31.3228,-4.85435,-2.36261,-7.26785
0.795778,14.7262,4.90687,9.98303,31.3321,-4.8589,-2.36045,-7.2775
0.796722,14.7436,4.90927,9.99127,31.3415,-4.86351,-2.35827,-7.28726
0.797801,14.757,4.91324,9.99624,31.351,-4.86815,-2.35606,-7.29712
0.798739,14.77,4.91733,10.0009,31.3606,-4.87284,-2.35383,-7.30711
0.799725,14.7827,4.92156,10.0053,31.3701,-4.87753,-2.35161,-7.31703
0.800734,14.7951,4.9259,10.0093,31.3797,-4.88222,-2.34938,-7.32706
0.802268,14.7951,4.9259,10.0093,31.3797,-4.88222,-2.34938,-7.32706
0.802953,14.9909,4.8572,10.1668,31.3789,-4.88391,-2.34835,-7.32706
0.804141,14.6352,5.00803,9.86328,31.4093,-4.89467,-2.34374,-7.3571
0.805711,14.6469,5.01275,9.86671,31.4191,-4.89949,-2.34147,-7.3674
0.805899,14.6469,5.01275,9.86671,31.4191,-4.89949,-2.34147,-7.3674
0.806801,14.6697,5.02246,9.87307,31.4387,-4.9092,-2.33693,-7.38795
0.807806,14.6845,5.02608,9.87905,31.4483,-4.91393,-2.33471,-7.39796
0.808886,14.6991,5.02989,9.88482,31.458,-4.91878,-2.33245,-7.40825
0.809736,14.7134,5.03371,9.89041,31.4676,-4.92351,-2.33023,-7.41819
0.810836,14.7274,5.03767,9.89565,31.4771,-4.92826,-2.328,-7.42822
0.811857,14.5463,5.10949,9.74448,31.4874,-4.9313,-2.3268,-7.43813
0.812757,14.5598,5.1136,9.74934,31.4969,-4.93604,-2.32458,-7.44812
0.813775,14.573,5.11782,9.75405,31.5064,-4.94077,-2.32235,-7.458
0.814734,14.5899,5.12085,9.76161,31.5159,-4.94556,-2.32009,-7.46796
0.815798,14.6064,5.12404,9.76898,31.5253,-4.95028,-2.31784,-7.47778
0.816754,14.6226,5.12736,9.77603,31.5347,-4.95501,-2.31559,-7.48766
0.817955,14.6385,5.13084,9.78288,31.5441,-4.95973,-2.31334,-7.4974
0.818935,14.8325,5.06379,9.93837,31.5433,-4.96142,-2.31232,-7.4974
0.819813,14.6692,5.13826,9.79562,31.5628,-4.96915,-2.30883,-7.51688
0.820759,14.4903,5.20903,9.64631,31.573,-4.97216,-2.30758,-7.52662
0.821803,14.5013,5.21437,9.64913,31.5825,-4.97689,-2.30529,-7.53644
0.822828,14.5156,5.21844,9.65466,31.5918,-4.98163,-2.30302,-7.54616
0.823953,14.5335,5.22137,9.66314,31.601,-4.98636,-2.30073,-7.55575
0.825054,14.5511,5.22445,9.67128,31.6102,-4.99104,-2.29845,-7.56539
0.82578,14.5684,5.22767,9.67927,31.6194,-4.99571,-2.29616,-7.57488
0.826732,14.5853,5.23106,9.68685,31.6286,-5.00038,-2.29387,-7.58442
0.827729,14.6018,5.23462,9.69422,31.6377,-5.00503,-2.29158,-7.59382
0.828772,14.6179,5.23834,9.70118,31.6468,-5.00968,-2.28928,-7.60329
0.829736,14.6337,5.24223,9.70794,31.6559,-5.01431,-2.28697,-7.61262
0.830695,14.6488,5.24621,9.71415,31.6647,-5.01884,-2.28471,-7.62183
0.831726,14.6639,5.2504,9.72033,31.6738,-5.02346,-2.28239,-7.63112
0.832667,14.4864,5.32033,9.57235,31.6836,-5.02638,-2.28107,-7.64048
0.8337,14.5009,5.3247,9.5781,31.6926,-5.03098,-2.27875,-7.64972
0.834689,14.5187,5.32786,9.58649,31.7014,-5.03555,-2.27644,-7.65886
0.835682,14.5362,5.33119,9.59466,31.7102,-5.04005,-2.27413,-7.66786
0.836695,14.5533,5.33469,9.60242,31.7189,-5.04455,-2.27181,-7.67692
0.83773,14.57,5.33837,9.60997,31.7276,-5.04905,-2.26949,-7.68586
0.83873,14.5863,5.34221,9.61711,31.7363,-5.05354,-2.26715,-7.69487
0.839716,14.6023,5.34621,9.62404,31.745,-5.05803,-2.26481,-7.70377
0.840704,14.6178,5.35038,9.63059,31.7536,-5.0625,-2.26246,-7.71274
0.841697,14.6331,5.3547,9.63693,31.7623,-5.06697,-2.2601,-7.72159
0.84274,14.6479,5.35917,9.6429,31.7709,-5.07144,-2.25773,-7.73053
0.843697,14.6625,5.3638,9.64869,31.7795,-5.0759,-2.25535,-7.73936
0.844661,14.4862,5.43294,9.50198,31.7891,-5.07875,-2.25391,-7.7484
0.845787,14.5002,5.43774,9.50725,31.7977,-5.08319,-2.25153,-7.7573
0.846721,14.5178,5.44141,9.51547,31.8062,-5.0877,-2.24911,-7.76608
0.847704,14.5349,5.44527,9.5233,31.8147,-5.09215,-2.2467,-7.77492
0.848712,14.5518,5.44929,9.5309,31.8232,-5.09659,-2.24429,-7.78363
0.849743,14.5681,5.45348,9.5381,31.8317,-5.10102,-2.24186,-7.7924
0.850698,14.5842,5.45784,9.54509,31.8401,-5.10545,-2.23943,-7.80105
0.851692,14.5998,5.46236,9.55168,31.8485,-5.10987,-2.237,-7.80977
0.852699,14.6152,5.46704,9.55807,31.8569,-5.11428,-2.23456,-7.81837
0.853751,14.6301,5.47188,9.56408,31.8653,-5.11869,-2.23211,-7.82704
0.854729,14.6447,5.47687,9.56991,31.8737,-5.12309,-2.22966,-7.8356
0.855725,14.6589,5.48201,9.57536,31.882,-5.12748,-2.2272,-7.84425
0.856691,14.6729,5.48729,9.58063,31.8904,-5.13187,-2.22473,-7.85278
0.857688,14.4974,5.55556,9.43484,31.8996,-5.13454,-2.22324,-7.8614
0.858698,14.5108,5.56101,9.43972,31.9079,-5.13892,-2.22076,-7.86991
0.859697,14.5278,5.56536,9.44732,31.9161,-5.14336,-2.21825,-7.87851
0.860709,14.5444,5.56988,9.45473,31.9244,-5.14773,-2.21576,-7.88697
0.861704,14.5605,5.57457,9.46174,31.9326,-5.1521,-2.21326,-7.89549
0.862682,14.5764,5.57942,9.46853,31.9408,-5.15647,-2.21075,-7.90388
0.863705,14.5918,5.58444,9.47494,31.9489,-5.16082,-2.20824,-7.91233
0.864716,14.6069,5.58962,9.48114,31.9571,-5.16517,-2.20573,-7.92067
0.8657,14.6216,5.59495,9.48697,31.9652,-5.1695,-2.20321,-7.92907
0.8667,14.636,5.60044,9.4926,31.9733,-5.17383,-2.20068,-7.93736
0.867705,14.65,5.60607,9.49787,31.9814,-5.17816,-2.19815,-7.94573
0.868715,14.6638,5.61185,9.50296,31.9894,-5.18247,-2.19562,-7.95399
0.86965,14.6771,5.61777,9.50769,31.9975,-5.18679,-2.19308,-7.96232
0.870709,14.5028,5.68519,9.36317,32.0064,-5.18938,-2.19149,-7.97055
0.87174,14.5157,5.69127,9.36753,32.0145,-5.19368,-2.18894,-7.97886
0.87271,14.5321,5.69627,9.37476,32.0224,-5.19803,-2.18637,-7.98707
0.873673,14.5481,5.70144,9.38162,32.0304,-5.20233,-2.1838,-7.99533
0.874704,14.5638,5.70678,9.38827,32.0383,-5.20662,-2.18123,-8.00345
0.875727,14.579,5.71228,9.39453,32.0462,-5.2109,-2.17866,-8.01164
0.876701,14.594,5.71793,9.40059,32.0541,-5.21517,-2.17608,-8.0197
0.877737,14.6085,5.72375,9.40627,32.0619,-5.21944,-2.17349,-8.02784
0.878708,14.6227,5.72971,9.41176,32.0698,-5.22369,-2.17091,-8.03585
0.879768,14.809,5.66937,9.55977,32.0688,-5.22541,-2.16997,-8.03585
0.880727,14.6501,5.74209,9.42183,32.0854,-5.23218,-2.16572,-8.05191
0.882023,14.6597,5.74979,9.42352,32.0933,-5.23644,-2.16309,-8.06012
0.882695,14.6597,5.74979,9.42352,32.0933,-5.23644,-2.16309,-8.06012
0.883774,14.4997,5.82294,9.28473,32.1099,-5.24331,-2.15876,-8.07629
0.884731,14.5124,5.82972,9.28895,32.1178,-5.2476,-2.15611,-8.08437
0.885693,14.6979,5.76999,9.43626,32.1169,-5.24932,-2.15518,-8.08437
0.886746,14.5439,5.8411,9.30233,32.1331,-5.25607,-2.15088,-8.10021
0.887745,14.5555,5.84831,9.30569,32.1409,-5.2603,-2.14823,-8.10828
0.888716,14.7407,5.78897,9.45259,32.14,-5.26202,-2.1473,-8.10828
0.889726,14.585,5.86059,9.31741,32.1561,-5.26872,-2.14297,-8.12394
0.890705,14.5957,5.86823,9.32005,32.1638,-5.27292,-2.14032,-8.13183
0.891855,14.7804,5.80928,9.46654,32.1629,-5.27464,-2.1394,-8.13183
0.892696,14.6232,5.88135,9.33021,32.1789,-5.28128,-2.13504,-8.14737
0.893712,14.4485,5.94811,9.18579,32.1875,-5.28374,-2.1333,-8.15531
0.894706,14.6329,5.88941,9.33198,32.1865,-5.28546,-2.13238,-8.15531
0.896034,14.4782,5.96062,9.19773,32.2024,-5.29212,-2.12798,-8.17075
0.896784,14.4909,5.96782,9.20195,32.21,-5.29628,-2.1253,-8.17851
0.897743,14.6748,5.90951,9.34773,32.209,-5.298,-2.12438,-8.17851
0.89874,14.5223,5.9801,9.21522,32.2247,-5.30457,-2.11996,-8.19374
0.899722,14.7059,5.92205,9.36073,32.2237,-5.30629,-2.11905,-8.19374
0.900861,14.5524,5.99315,9.22746,32.2394,-5.31284,-2.11457,-8.20895
0.901729,14.7357,5.93537,9.37269,32.2384,-5.31456,-2.11366,-8.20895
0.902708,14.7501,5.94233,9.37826,32.2458,-5.31873,-2.11094,-8.21663
0.90373,14.5911,6.01511,9.2407,32.2614,-5.32515,-2.10646,-8.23163
0.904871,14.774,5.95773,9.38552,32.2604,-5.32687,-2.10556,-8.23163
0.905809,14.6009,6.02349,9.24272,32.2687,-5.32928,-2.10374,-8.23915
0.906733,14.7837,5.96624,9.3874,32.2677,-5.33099,-2.10283,-8.23915
0.907701,14.4499,6.10528,9.1057,32.2917,-5.33988,-2.09644,-8.26185
0.908725,14.459,6.11415,9.10704,32.2991,-5.34405,-2.09366,-8.2695
0.909714,14.6413,6.05728,9.25128,32.2981,-5.34577,-2.09276,-8.2695
0.910746,14.657,6.06386,9.25791,32.3052,-5.34988,-2.09005,-8.27692
0.911724,14.6725,6.07059,9.26438,32.3122,-5.35389,-2.08737,-8.2842
0.912711,14.684,6.07872,9.26768,32.3194,-5.35792,-2.08464,-8.29168
0.913736,14.6953,6.08697,9.27081,32.3265,-5.36199,-2.08189,-8.29904
0.914747,14.7062,6.09539,9.2736,32.3337,-5.36605,-2.07915,-8.30644
0.91618,14.7168,6.10392,9.2761,32.3408,-5.37009,-2.0764,-8.31387
0.91669,14.7271,6.11258,9.27847,32.3479,-5.37413,-2.07365,-8.32119
0.917856,14.556,6.17714,9.13739,32.356,-5.37644,-2.07178,-8.32859
0.918728,14.7371,6.12135,9.28052,32.355,-5.37816,-2.0709,-8.32859
0.919774,14.7469,6.13024,9.28245,32.362,-5.38218,-2.06815,-8.33588
0.920735,14.7599,6.13799,9.28693,32.3689,-5.38617,-2.06543,-8.3431
0.921741,14.9406,6.08263,9.42966,32.3678,-5.38789,-2.06455,-8.3431
0.922745,14.7777,6.15605,9.28943,32.3826,-5.39397,-2.06002,-8.35741
0.923757,14.9581,6.10096,9.43189,32.3815,-5.39568,-2.05915,-8.35741
0.924733,14.7947,6.1747,9.29118,32.3964,-5.40187,-2.05453,-8.37186
0.925727,14.7993,6.18535,9.28894,32.4034,-5.4058,-2.05177,-8.37912
0.926694,14.9792,6.13068,9.43098,32.4023,-5.40752,-2.0509,-8.37912
0.927733,14.9869,6.14028,9.43121,32.4091,-5.41147,-2.04816,-8.38635
0.928629,15.1665,6.08591,9.573,32.408,-5.41319,-2.04729,-8.38635
0.929778,14.9945,6.14998,9.43138,32.4159,-5.41537,-2.04543,-8.39348
0.930737,15.174,6.09575,9.57302,32.4148,-5.41709,-2.04456,-8.39348
0.93175,15.0017,6.17176,9.42535,32.4296,-5.4231,-2.03998,-8.40788
0.932714,15.1809,6.1178,9.56671,32.4285,-5.42481,-2.03912,-8.40788
0.933713,15.1804,6.13019,9.56041,32.4355,-5.42873,-2.03635,-8.41532
0.934745,15.1837,6.14134,9.55706,32.4424,-5.43267,-2.0336,-8.42256
0.935773,15.183,6.15384,9.55054,32.4494,-5.43658,-2.03083,-8.43007
0.93678,15.3616,6.10046,9.69137,32.4483,-5.4383,-2.02998,-8.43007
0.937804,15.3609,6.11288,9.68485,32.4551,-5.44219,-2.02725,-8.43737
0.93896,15.3601,6.12533,9.6782,32.462,-5.44608,-2.02452,-8.44481
0.939973,15.3556,6.13908,9.66863,32.4691,-5.45,-2.02175,-8.45234
0.940735,15.3511,6.15283,9.65897,32.4762,-5.45398,-2.01897,-8.46002
0.941711,15.3466,6.16659,9.64937,32.4834,-5.45797,-2.01619,-8.46766
0.942783,15.1645,6.23288,9.49972,32.4917,-5.46025,-2.01427,-8.47543
0.943766,15.1603,6.24649,9.49031,32.4988,-5.46425,-2.01149,-8.48315
0.945011,15.156,6.26009,9.48084,32.506,-5.46826,-2.00873,-8.49099
0.945966,15.1556,6.27266,9.47435,32.5131,-5.47233,-2.00594,-8.49876
0.946711,15.155,6.28527,9.46775,32.5202,-5.47635,-2.00317,-8.50662
0.947722,15.1545,6.29789,9.46127,32.5273,-5.48038,-2.0004,-8.51437
0.948742,15.154,6.31054,9.45466,32.5344,-5.4844,-1.99764,-8.5222
0.94973,15.1534,6.32323,9.44812,32.5415,-5.48843,-1.99487,-8.52992
0.95072,15.1528,6.33596,9.44145,32.5485,-5.49244,-1.99211,-8.53772
0.95187,15.1521,6.34872,9.43483,32.5556,-5.49645,-1.98936,-8.5454
0.952733,14.9751,6.41281,9.28941,32.5638,-5.49873,-1.98743,-8.55317
0.953701,14.9746,6.42551,9.28287,32.5708,-5.50273,-1.98467,-8.56082
0.954759,14.9739,6.43825,9.27619,32.5778,-5.50672,-1.98192,-8.56855
0.955811,14.9768,6.45004,9.27241,32.5847,-5.51075,-1.97914,-8.57615
0.956774,14.9796,6.46189,9.26846,32.5916,-5.51472,-1.97638,-8.58381
0.957814,14.9823,6.4738,9.26457,32.5984,-5.51869,-1.97362,-8.59132
0.958745,14.9849,6.48578,9.26049,32.6052,-5.52264,-1.97086,-8.59889
0.959709,14.9874,6.49782,9.25642,32.612,-5.52658,-1.9681,-8.60631
0.960848,14.9897,6.50995,9.25217,32.6187,-5.53051,-1.96534,-8.61379
0.961885,14.992,6.52214,9.24792,32.6254,-5.53441,-1.96258,-8.62113
0.962723,14.994,6.53441,9.24348,32.6321,-5.53831,-1.95981,-8.62853
0.963688,14.8214,6.59661,9.10183,32.64,-5.54047,-1.95786,-8.63579
0.96474,14.8234,6.60887,9.09737,32.6466,-5.54434,-1.95509,-8.64312
0.965752,14.8253,6.6212,9.09293,32.6532,-5.54819,-1.95232,-8.65032
0.966805,14.8306,6.63263,9.09109,32.6597,-5.55208,-1.94953,-8.65758
0.96783,15.0048,6.58319,9.22789,32.6584,-5.55379,-1.94872,-8.65758
0.968752,14.8409,6.65575,9.08722,32.6726,-5.55972,-1.94396,-8.67183
0.969819,14.8458,6.66766,9.08514,32.6791,-5.5636,-1.94112,-8.67897
0.970716,14.8469,6.68063,9.08005,32.6856,-5.5674,-1.9383,-8.68614
0.971757,14.8516,6.69249,9.07776,32.6919,-5.57121,-1.9355,-8.69305
0.972777,14.8516,6.69249,9.07776,32.6919,-5.57121,-1.9355,-8.69305
0.973799,14.8558,6.70445,9.0752,32.6982,-5.57494,-1.93271,-8.70001
0.974764,14.8601,6.71625,9.07269,32.7043,-5.57859,-1.92997,-8.70669
0.975714,15.0332,6.66784,9.20848,32.7029,-5.5803,-1.92918,-8.70669
0.976733,15.037,6.68011,9.20559,32.7091,-5.58401,-1.92638,-8.71357
0.977842,15.0408,6.69223,9.20269,32.7151,-5.58762,-1.92363,-8.72018
0.978954,15.0408,6.70562,9.19679,32.7213,-5.59124,-1.92084,-8.727
0.979865,15.0408,6.71906,9.1909,32.7274,-5.5949,-1.91802,-8.73371
0.980833,15.0405,6.73258,9.18479,32.7335,-5.59854,-1.91521,-8.74052
0.981866,15.0403,6.74615,9.17872,32.7395,-5.60217,-1.91239,-8.74723
0.982817,15.0399,6.75977,9.17251,32.7456,-5.60579,-1.90957,-8.75402
0.983835,15.0396,6.77344,9.16634,32.7516,-5.6094,-1.90674,-8.76071
0.984678,14.8674,6.83425,9.02552,32.759,-5.61129,-1.90468,-8.76749
0.985732,15.039,6.78716,9.16002,32.7576,-5.613,-1.90391,-8.76749
0.986688,15.2105,6.74024,9.29439,32.7562,-5.61471,-1.90313,-8.76749
0.987758,15.0381,6.81423,9.14758,32.7693,-5.62003,-1.89834,-8.78061
0.988714,15.2093,6.7676,9.28167,32.7679,-5.62174,-1.89757,-8.78061
0.989773,15.2049,6.78253,9.27233,32.7739,-5.62526,-1.89474,-8.78737
0.990709,15.3757,6.73622,9.40615,32.7725,-5.62696,-1.89397,-8.78737
0.991785,15.3749,6.75015,9.39958,32.7782,-5.63051,-1.89116,-8.79391
0.992724,15.3704,6.76505,9.39016,32.7841,-5.63394,-1.88838,-8.80055
0.993795,15.3625,6.78112,9.378,32.79,-5.63743,-1.88554,-8.80724
0.994768,15.3545,6.7972,9.36573,32.796,-5.64096,-1.88268,-8.81407
0.995701,15.3466,6.8133,9.35358,32.8019,-5.64449,-1.87982,-8.82083
0.996848,15.3387,6.82939,9.34139,32.8079,-5.64802,-1.87696,-8.82772
0.998119,15.1613,6.89073,9.19657,32.8153,-5.64985,-1.87485,-8.83453
0.998812,15.1538,6.90666,9.18467,32.8212,-5.65338,-1.87198,-8.84146
0.999705,15.1465,6.92257,9.17295,32.8272,-5.65691,-1.86911,-8.84831
1.00069,15.1426,6.93761,9.16391,32.833,-5.66049,-1.86622,-8.85526
1.00187,15.1388,6.95267,9.15499,32.8389,-5.66401,-1.86335,-8.86209
1.00283,15.3079,6.90801,9.28721,32.8374,-5.66571,-1.8626,-8.86209
1.00395,15.3041,6.92294,9.27828,32.8431,-5.66916,-1.85978,-8.86885
1.00483,15.3004,6.93791,9.26945,32.8488,-5.67261,-1.85696,-8.87549
1.00574,15.2931,6.95407,9.25769,32.8546,-5.67605,-1.85409,-8.88235
1.00672,15.2859,6.97022,9.24606,32.8604,-5.67954,-1.8512,-8.88912
1.00769,15.4541,6.92634,9.37758,32.8588,-5.68124,-1.85047,-8.88912
1.00907,15.4466,6.94268,9.36571,32.8646,-5.68472,-1.84759,-8.89598
1.0098,15.2717,7.00229,9.22297,32.8717,-5.68642,-1.84549,-8.90261
1.01088,15.2613,7.01903,9.20891,32.8774,-5.68975,-1.84268,-8.90933
1.01195,15.429,6.9756,9.33999,32.8758,-5.69144,-1.84195,-8.90933
1.01272,15.2479,7.0508,9.18646,32.8885,-5.69655,-1.83698,-8.92273
1.0137,15.2377,7.06785,9.17251,32.8943,-5.69994,-1.8341,-8.9295
1.01487,15.405,7.02488,9.30316,32.8927,-5.70163,-1.83337,-8.9295
1.01572,15.2249,7.09965,9.15049,32.9053,-5.70671,-1.82838,-8.94287
1.01674,15.2149,7.11672,9.13665,32.9109,-5.71007,-1.82548,-8.94972
1.01786,15.3816,7.07421,9.26686,32.9093,-5.71177,-1.82476,-8.94972
1.01875,15.3752,7.09028,9.25592,32.9148,-5.71516,-1.82189,-8.95634
1.01977,15.1928,7.16566,9.10151,32.9274,-5.72014,-1.81683,-8.96974
1.02082,15.3591,7.12362,9.23128,32.9258,-5.72183,-1.81612,-8.96974
1.02234,15.0113,7.24061,8.94786,32.9399,-5.72517,-1.81173,-8.98311
1.02275,15.1773,7.19869,9.07746,32.9383,-5.72687,-1.81102,-8.98311
1.02388,15.1678,7.21581,9.06403,32.9438,-5.73017,-1.80811,-8.98988
1.02483,14.9868,7.29098,8.9108,32.9563,-5.73529,-1.80289,-9.00342
1.02576,15.1524,7.24953,9.03997,32.9547,-5.73698,-1.80218,-9.00342
1.02679,15.1466,7.26585,9.02951,32.96,-5.74031,-1.79926,-9.01002
1.02772,14.9737,7.33842,8.8828,32.9721,-5.74518,-1.79415,-9.02304
1.02864,14.9737,7.33842,8.8828,32.9721,-5.74518,-1.79415,-9.02304
1.02976,14.8013,7.41067,8.73667,32.9841,-5.75004,-1.789,-9.03589
1.03112,14.7992,7.42605,8.72919,32.9891,-5.7533,-1.78605,-9.04234
1.03171,14.964,7.38536,8.8576,32.9874,-5.75499,-1.78536,-9.04234
1.03278,14.9653,7.39985,8.85283,32.9923,-5.75822,-1.78244,-9.04851
1.03404,14.7999,7.47038,8.71238,33.0038,-5.76285,-1.77727,-9.06083
1.03478,14.9641,7.43015,8.84034,33.0021,-5.76453,-1.77658,-9.06083
1.03581,15.1282,7.39009,8.96819,33.0003,-5.76622,-1.7759,-9.06083
1.03682,14.9626,7.46071,8.82766,33.0115,-5.77086,-1.77068,-9.07293
1.03783,14.9632,7.47587,8.8224,33.0163,-5.77399,-1.76769,-9.079
1.03876,14.9571,7.49294,8.8119,33.0211,-5.77707,-1.76468,-9.08503
1.04024,14.9543,7.50896,8.80402,33.0257,-5.78021,-1.76168,-9.09101
1.04133,14.7882,7.56465,8.66896,33.0323,-5.78165,-1.75932,-9.09698
1.04235,14.7854,7.58062,8.66115,33.0368,-5.7847,-1.75633,-9.10288
1.0431,14.7826,7.59696,8.65329,33.0415,-5.7878,-1.75328,-9.10877
1.04422,14.6174,7.66783,8.51339,33.0524,-5.7923,-1.74783,-9.12051
1.04558,14.7801,7.62899,8.64002,33.0505,-5.79399,-1.74716,-9.12051
1.0463,14.7801,7.62899,8.64002,33.0505,-5.79399,-1.74716,-9.12051
1.04721,14.9429,7.6059,8.76105,33.0531,-5.79865,-1.7435,-9.12623
1.04774,14.7877,7.67365,8.62927,33.0632,-5.80288,-1.7382,-9.13725
1.04886,14.7878,7.68958,8.62379,33.0675,-5.80581,-1.73513,-9.14277
1.04988,14.7844,7.70631,8.61561,33.0718,-5.80872,-1.73207,-9.14834
1.051,14.7843,7.72208,8.61004,33.0758,-5.81164,-1.72904,-9.15367
1.05179,14.7839,7.73794,8.60426,33.0799,-5.81449,-1.72602,-9.15907
1.05308,14.6223,7.79142,8.47311,33.0858,-5.81564,-1.72364,-9.16432
1.05431,14.7836,7.75384,8.59856,33.0839,-5.81732,-1.72299,-9.16432
1.055,14.6216,7.82311,8.46169,33.0936,-5.82125,-1.71756,-9.17488
1.05584,14.6211,7.83935,8.45587,33.0976,-5.82408,-1.71444,-9.18014
1.05684,14.6204,7.85566,8.44988,33.1015,-5.8269,-1.71133,-9.18546
1.05777,14.623,7.871,8.44658,33.1052,-5.82969,-1.70825,-9.19054
1.05892,14.6254,7.88643,8.44308,33.1089,-5.83242,-1.70518,-9.19566
1.05973,14.6279,7.90191,8.43963,33.1125,-5.83513,-1.70211,-9.20062
1.06082,14.63,7.91749,8.43598,33.1161,-5.83782,-1.69902,-9.20564
1.06176,14.6321,7.93315,8.43231,33.1196,-5.84049,-1.69593,-9.21051
1.06282,14.634,7.94889,8.42844,33.1231,-5.84313,-1.69284,-9.21544
1.06372,14.6357,7.96472,8.42456,33.1265,-5.84576,-1.68973,-9.22022
1.06473,14.6373,7.98062,8.42048,33.1299,-5.84836,-1.68662,-9.22507
1.06572,14.6388,7.99661,8.4164,33.1332,-5.85095,-1.68351,-9.22978
1.06677,14.4808,8.0482,8.2886,33.1385,-5.85184,-1.68101,-9.23456
1.06773,14.4822,8.06417,8.28447,33.1418,-5.85439,-1.67788,-9.23921
1.06885,14.4833,8.08023,8.28014,33.145,-5.85692,-1.67474,-9.24392
1.06981,14.4877,8.09567,8.27833,33.1481,-5.85948,-1.67158,-9.24851
1.07096,14.4917,8.11121,8.2763,33.1512,-5.86198,-1.66842,-9.25314
1.07176,14.4957,8.12682,8.27427,33.1542,-5.86446,-1.66526,-9.25762
1.0727,14.4994,8.14254,8.27201,33.1572,-5.86692,-1.66209,-9.26216
1.07383,14.3449,8.19292,8.1471,33.1622,-5.8677,-1.65953,-9.26655
1.07477,14.503,8.15834,8.26971,33.1601,-5.86936,-1.65891,-9.26655
1.07573,14.3517,8.22448,8.14229,33.1679,-5.87252,-1.65315,-9.27531
1.07713,14.358,8.23973,8.14213,33.1706,-5.87495,-1.64994,-9.27969
1.0778,14.358,8.23973,8.14213,33.1706,-5.87495,-1.64994,-9.27969
1.07872,14.3669,8.27147,8.13897,33.1761,-5.87971,-1.64346,-9.28828
1.07974,14.5242,8.23769,8.26084,33.1739,-5.88137,-1.64285,-9.28828
1.08071,14.3726,8.28701,8.13844,33.1787,-5.88204,-1.64024,-9.29241
1.0817,14.2232,8.3522,8.01282,33.1859,-5.88487,-1.63447,-9.30055
1.08274,14.3802,8.31872,8.13438,33.1837,-5.88653,-1.63387,-9.30055
1.0838,14.3852,8.33453,8.13333,33.1861,-5.88884,-1.63062,-9.30468
1.08477,14.2414,8.39853,8.01217,33.193,-5.89162,-1.62478,-9.31261
1.08569,14.246,8.41448,8.0109,33.1953,-5.89383,-1.62151,-9.31651
1.0868,14.4023,8.38165,8.13187,33.1931,-5.89549,-1.62092,-9.31651
1.08772,14.2607,8.44483,8.01258,33.1996,-5.89815,-1.61507,-9.32413
1.08874,14.4166,8.41234,8.13326,33.1974,-5.89981,-1.61448,-9.32413
1.08977,14.4202,8.42877,8.1312,33.1996,-5.90191,-1.61121,-9.328
1.09073,14.2744,8.49303,8.00882,33.2059,-5.90446,-1.60526,-9.33549
1.09184,14.4298,8.46103,8.12905,33.2037,-5.90611,-1.60468,-9.33549
1.09272,14.2776,8.50958,8.00652,33.208,-5.90655,-1.60195,-9.33919
1.09376,14.1313,8.57376,7.88382,33.2141,-5.90898,-1.59596,-9.34655
1.09473,14.2863,8.54206,8.00374,33.2119,-5.91063,-1.59538,-9.34655
1.09589,14.292,8.55826,8.00333,33.2137,-5.91273,-1.59204,-9.35029
1.09672,14.1511,8.62129,7.88503,33.2196,-5.91508,-1.586,-9.35748
1.09773,14.3057,8.59008,8.0045,33.2173,-5.91673,-1.58543,-9.35748
1.09876,14.1642,8.65316,7.88581,33.2229,-5.91907,-1.57935,-9.36453
1.0997,14.3184,8.62228,8.00499,33.2206,-5.92072,-1.57878,-9.36453
1.10075,14.3229,8.639,8.00377,33.2223,-5.92264,-1.57543,-9.36799
1.10173,14.1804,8.70222,7.88436,33.2278,-5.92482,-1.56933,-9.37485
1.10275,14.1842,8.71904,7.8827,33.2293,-5.92673,-1.56595,-9.37833
1.10373,14.3377,8.68882,8.00129,33.2269,-5.92837,-1.56539,-9.37833
1.10467,14.1974,8.75119,7.88374,33.2321,-5.93046,-1.55931,-9.385
1.10572,14.0475,8.79822,7.76338,33.236,-5.93063,-1.55649,-9.3883
1.10674,14.2007,8.7683,7.88166,33.2336,-5.93227,-1.55593,-9.3883
1.10787,14.2066,8.78461,7.8817,33.2349,-5.93413,-1.55258,-9.39163
1.10873,14.0685,8.84671,7.76596,33.2398,-5.93609,-1.54638,-9.39811
1.10975,14.2211,8.81729,7.8838,33.2374,-5.93774,-1.54583,-9.39811
1.11075,14.2264,8.83421,7.88334,33.2386,-5.93954,-1.54241,-9.40141
1.11173,14.0871,8.89642,7.76684,33.2433,-5.94141,-1.53618,-9.40775
1.11271,14.2392,8.8675,7.88424,33.2408,-5.94305,-1.53563,-9.40775
1.11373,14.2438,8.88471,7.88331,33.2419,-5.94479,-1.53221,-9.41087
1.11468,14.1036,8.94698,7.76616,33.2464,-5.94656,-1.52595,-9.41707
1.11565,14.1036,8.94698,7.76616,33.2464,-5.94656,-1.52595,-9.41707
1.11672,14.1075,8.96429,7.76475,33.2474,-5.94826,-1.52251,-9.42023
1.11771,13.9696,9.02591,7.64954,33.2517,-5.94998,-1.51621,-9.42633
1.1187,14.1208,8.9978,7.76619,33.2492,-5.95162,-1.51568,-9.42633
1.11971,14.1272,9.01485,7.76672,33.25,-5.95328,-1.51223,-9.42932
1.12071,13.9913,9.07601,7.65321,33.2541,-5.95488,-1.50591,-9.43522
1.1217,13.997,9.09318,7.65322,33.2548,-5.95649,-1.50244,-9.43821
1.12274,14.1476,9.06574,7.76927,33.2522,-5.95812,-1.50192,-9.43821
1.1237,14.0136,9.12613,7.65734,33.2559,-5.95964,-1.49563,-9.4439
1.12479,14.1637,9.09903,7.7731,33.2533,-5.96127,-1.49511,-9.4439
1.12573,14.1685,9.11667,7.77245,33.2539,-5.96278,-1.49165,-9.44669
1.12671,14.0303,9.17801,7.65741,33.2576,-5.96418,-1.48528,-9.45228
1.12772,14.18,9.15141,7.77273,33.2549,-5.96581,-1.48477,-9.45228
1.12867,14.1839,9.16932,7.77142,33.2554,-5.96731,-1.48129,-9.45513
1.12972,13.8955,9.25696,7.54074,33.2616,-5.96698,-1.47541,-9.46065
1.13078,14.0448,9.23068,7.65575,33.2589,-5.96861,-1.4749,-9.46065
1.13177,14.0482,9.24867,7.65417,33.2593,-5.97007,-1.47141,-9.46337
1.13275,13.9145,9.30888,7.54276,33.2625,-5.97134,-1.46499,-9.4688
1.13376,14.0633,9.2831,7.65733,33.2598,-5.97297,-1.46448,-9.4688
1.1347,14.069,9.30085,7.65747,33.26,-5.97439,-1.46098,-9.47155
1.13571,13.9342,9.36112,7.54535,33.263,-5.97554,-1.45455,-9.47682
1.13666,13.9393,9.37898,7.54516,33.2632,-5.97691,-1.45104,-9.47939
1.13771,14.0874,9.35387,7.65914,33.2604,-5.97854,-1.45055,-9.47939
1.13871,13.9545,9.41335,7.5486,33.2632,-5.97961,-1.44415,-9.48448
1.13967,14.1022,9.38858,7.66229,33.2604,-5.98123,-1.44366,-9.48448
1.14072,14.1063,9.4069,7.66126,33.2604,-5.9825,-1.44016,-9.48708
1.14177,13.9693,9.46725,7.54769,33.2631,-5.98346,-1.43369,-9.4921
1.14274,13.9693,9.46725,7.54769,33.2631,-5.98346,-1.43369,-9.4921
1.14373,13.8321,9.5274,7.43394,33.2656,-5.98439,-1.42719,-9.49709
1.1447,13.8383,9.54535,7.43468,33.2654,-5.98564,-1.42367,-9.49954
1.14571,13.9851,9.5214,7.54762,33.2626,-5.98726,-1.42319,-9.49954
1.14672,13.8557,9.57988,7.44005,33.2648,-5.9881,-1.41674,-9.50435
1.1477,13.8611,9.59809,7.44015,33.2645,-5.98927,-1.41321,-9.5068
1.14876,14.0074,9.57465,7.55265,33.2616,-5.99088,-1.41274,-9.5068
1.14972,13.8768,9.6332,7.44425,33.2636,-5.99163,-1.40627,-9.51143
1.15075,13.8813,9.65169,7.44382,33.2632,-5.99274,-1.40274,-9.5137
1.15173,14.0271,9.62877,7.55589,33.2602,-5.99435,-1.40227,-9.5137
1.15262,13.7497,9.71013,7.33482,33.265,-5.99339,-1.39624,-9.51821
1.1537,13.7536,9.72872,7.33384,33.2645,-5.99445,-1.39271,-9.52053
1.15473,13.899,9.70612,7.4456,33.2615,-5.99606,-1.39224,-9.52053
1.15574,13.7722,9.76373,7.3404,33.2631,-5.99666,-1.38572,-9.52493
1.15666,13.7783,9.78216,7.34122,33.2624,-5.99768,-1.38217,-9.52707
1.1577,13.9232,9.76007,7.45254,33.2594,-5.99929,-1.38172,-9.52707
1.15877,13.7951,9.81776,7.34646,33.2607,-5.99977,-1.37518,-9.53128
1.15972,13.9397,9.79601,7.45748,33.2577,-6.00137,-1.37473,-9.53128
1.16074,13.9446,9.8149,7.4574,33.2569,-6.00233,-1.37118,-9.53344
1.16173,13.8124,9.87341,7.34831,33.2581,-6.00268,-1.36457,-9.53753
1.16273,13.9565,9.85217,7.4589,33.2551,-6.00428,-1.36413,-9.53753
1.16423,13.8237,9.91063,7.34936,33.2562,-6.0046,-1.35751,-9.54164
1.16482,13.9674,9.88974,7.45965,33.2531,-6.00619,-1.35706,-9.54164
1.16568,13.8274,9.92977,7.34842,33.2552,-6.00548,-1.35396,-9.54374
1.16672,13.6909,9.98914,7.23619,33.2563,-6.00571,-1.3472,-9.5479
1.16778,13.8343,9.96858,7.34618,33.2532,-6.0073,-1.34676,-9.5479
1.16873,13.8403,9.98751,7.34709,33.252,-6.00824,-1.34319,-9.5499
1.16974,13.7117,10.0449,7.24094,33.2528,-6.00837,-1.33658,-9.5539
1.17075,13.8545,10.0249,7.35049,33.2497,-6.00997,-1.33615,-9.5539
1.17182,13.8597,10.044,7.35079,33.2484,-6.01082,-1.33259,-9.55593
1.17273,13.73,10.1014,7.24388,33.249,-6.01087,-1.32597,-9.55979
1.17372,13.8722,10.0819,7.353,33.2458,-6.01247,-1.32554,-9.55979
1.17491,13.7418,10.1392,7.24566,33.2463,-6.01249,-1.3189,-9.56359
1.17578,13.8838,10.12,7.35449,33.243,-6.01408,-1.31848,-9.56359
1.17679,13.8877,10.1396,7.35388,33.2416,-6.01481,-1.31494,-9.56543
1.17776,13.7562,10.1969,7.24581,33.242,-6.0147,-1.3083,-9.56915
1.17881,13.8976,10.1782,7.3542,33.2387,-6.01629,-1.30789,-9.56915
1.17971,13.7595,10.2165,7.24474,33.2405,-6.01543,-1.30474,-9.57107
1.18074,13.6273,10.2736,7.13624,33.2407,-6.01523,-1.2981,-9.57474
1.18172,13.7684,10.2553,7.24432,33.2374,-6.01681,-1.29769,-9.57474
1.18274,13.774,10.2747,7.24506,33.2357,-6.01753,-1.29412,-9.57654
1.18374,13.6466,10.3311,7.14035,33.2357,-6.01727,-1.28747,-9.58012
1.18473,13.7871,10.3132,7.24801,33.2323,-6.01885,-1.28707,-9.58012
1.18572,13.7919,10.3329,7.2481,33.2305,-6.01949,-1.28351,-9.58195
1.18671,13.6634,10.3892,7.14267,33.2303,-6.01914,-1.27685,-9.58541
1.18769,13.8034,10.3719,7.24989,33.2269,-6.02071,-1.27646,-9.58541
1.18871,13.8074,10.3918,7.24951,33.225,-6.0213,-1.2729,-9.58708
1.19013,13.678,10.448,7.14341,33.2246,-6.02085,-1.26624,-9.59045
1.19072,13.678,10.448,7.14341,33.2246,-6.02085,-1.26624,-9.59045
1.1918,13.6814,10.468,7.14254,33.2227,-6.02139,-1.26268,-9.59219
1.19291,13.6847,10.4885,7.14163,33.2207,-6.02193,-1.25905,-9.59385
1.1937,13.557,10.5444,7.03709,33.22,-6.02142,-1.25231,-9.59719
1.19478,13.696,10.5281,7.14343,33.2165,-6.02299,-1.25193,-9.59719
1.19584,13.7012,10.5481,7.14404,33.2143,-6.02349,-1.24837,-9.59888
1.19677,13.4368,10.6192,6.93496,33.217,-6.02128,-1.24209,-9.60205
1.19782,13.5754,10.6033,7.04099,33.2135,-6.02285,-1.24172,-9.60205
1.19873,13.5802,10.6232,7.04131,33.2113,-6.0233,-1.23816,-9.60356
1.19971,13.5901,10.6423,7.04556,33.2089,-6.02381,-1.23465,-9.60513
1.20071,13.5971,10.6622,7.04757,33.2065,-6.02419,-1.23111,-9.60658
1.20193,13.6037,10.6821,7.04933,33.2041,-6.0246,-1.22756,-9.6081
1.20284,13.6101,10.7021,7.05095,33.2016,-6.02498,-1.224,-9.60949
1.20377,13.6161,10.7226,7.05232,33.1991,-6.02536,-1.22038,-9.611
1.20476,13.6219,10.7428,7.05353,33.1966,-6.0257,-1.21683,-9.61235
1.2057,13.6274,10.763,7.05443,33.194,-6.02604,-1.21328,-9.61379
1.2069,13.6326,10.7833,7.05525,33.1914,-6.02635,-1.20974,-9.61511
1.20776,13.6375,10.8037,7.05577,33.1888,-6.02665,-1.20619,-9.61653
1.20866,13.6423,10.8241,7.05621,33.1862,-6.02693,-1.20265,-9.61783
1.20972,13.5102,10.8585,6.95205,33.1872,-6.02564,-1.19946,-9.61922
1.21076,13.5146,10.8789,6.95227,33.1845,-6.02589,-1.19592,-9.6205
1.21173,13.5187,10.8993,6.95222,33.1818,-6.02613,-1.19238,-9.62188
1.21277,13.3958,10.9533,6.85202,33.1799,-6.02505,-1.18563,-9.6245
1.21453,13.5317,10.9399,6.95589,33.1761,-6.0266,-1.18529,-9.6245
1.21534,13.5317,10.9399,6.95589,33.1761,-6.0266,-1.18529,-9.6245
1.21623,13.5465,10.9802,6.96094,33.1702,-6.02703,-1.17828,-9.62694
1.21727,13.5547,11.0005,6.96414,33.1671,-6.0272,-1.17474,-9.6282
1.21775,13.4248,11.0342,6.86191,33.1679,-6.02576,-1.17147,-9.62935
1.21873,13.4299,11.0547,6.86276,33.1649,-6.0259,-1.16793,-9.63057
1.21979,13.4348,11.0753,6.86348,33.1618,-6.02601,-1.1644,-9.63166
1.22077,13.4421,11.0957,6.86599,33.1586,-6.02615,-1.16085,-9.63286
1.22172,13.4491,11.1162,6.8684,33.1554,-6.02623,-1.15732,-9.63392
1.22271,13.4558,11.1368,6.87052,33.1521,-6.0263,-1.15378,-9.63507
1.22375,13.4623,11.1574,6.87255,33.1488,-6.02636,-1.15025,-9.63609
1.22474,13.4684,11.1781,6.87425,33.1455,-6.0264,-1.14672,-9.63719
1.22572,13.4744,11.1989,6.87586,33.1422,-6.02642,-1.14319,-9.63817
1.22691,13.4799,11.2198,6.87716,33.1388,-6.02642,-1.13966,-9.63925
1.22788,13.4853,11.2407,6.87836,33.1353,-6.0264,-1.13614,-9.6402
1.22892,13.3568,11.2725,6.77741,33.1359,-6.02483,-1.13292,-9.64125
1.22977,13.3618,11.2934,6.77837,33.1324,-6.02478,-1.12939,-9.64219
1.23078,13.3665,11.3143,6.77903,33.1288,-6.02471,-1.12587,-9.64323
1.23187,13.3737,11.3351,6.78169,33.1252,-6.02467,-1.12233,-9.64414
1.23284,13.5066,11.3247,6.88311,33.1211,-6.02621,-1.12203,-9.64414
1.2338,13.3871,11.3766,6.78629,33.1176,-6.02449,-1.11533,-9.64602
1.23486,13.3935,11.3982,6.78829,33.114,-6.02441,-1.11031,-9.647
1.23579,13.2645,11.4299,6.68717,33.1145,-6.02273,-1.10556,-9.64784
1.23684,13.2704,11.451,6.68883,33.1107,-6.02266,-1.10052,-9.64881
1.23774,13.2761,11.4721,6.69041,33.107,-6.02253,-1.09547,-9.64961
1.2391,13.2841,11.4931,6.69371,33.103,-6.02243,-1.09039,-9.65055
1.24009,13.292,11.5141,6.69696,33.099,-6.02228,-1.0853,-9.6513
1.24075,13.1677,11.5445,6.59943,33.0992,-6.02059,-1.08048,-9.65219
1.24193,13.1751,11.5655,6.60241,33.095,-6.02041,-1.07536,-9.65287
1.24271,13.1821,11.5865,6.60498,33.0909,-6.02021,-1.07022,-9.65372
1.24379,13.1916,11.6075,6.60954,33.0865,-6.02004,-1.06506,-9.65436
1.24488,13.2005,11.6285,6.61366,33.0821,-6.01982,-1.0599,-9.65515
1.24582,13.2093,11.6496,6.61778,33.0777,-6.01958,-1.05473,-9.65572
1.24677,13.2176,11.6708,6.62144,33.0732,-6.01932,-1.04954,-9.65645
1.24784,13.2257,11.6921,6.62506,33.0687,-6.01905,-1.04434,-9.65695
1.24877,13.2334,11.7134,6.62824,33.0641,-6.01876,-1.03914,-9.65764
1.24988,13.2408,11.7348,6.63138,33.0594,-6.01845,-1.03392,-9.6581
1.25085,13.2478,11.7562,6.63408,33.0547,-6.01812,-1.0287,-9.65875
1.25178,13.1247,11.7852,6.53778,33.0544,-6.01626,-1.02374,-9.65918
1.25275,13.1312,11.8066,6.54018,33.0496,-6.0159,-1.0185,-9.65981
1.25388,13.2609,11.7993,6.63903,33.0452,-6.01742,-1.01824,-9.65981
1.25481,13.1462,11.8494,6.54653,33.0398,-6.01517,-1.008,-9.66083
1.25584,13.1545,11.8709,6.55046,33.0349,-6.01478,-1.00275,-9.66121
1.25751,13.2837,11.8641,6.64889,33.0304,-6.01629,-1.00249,-9.66121
1.25856,13.2837,11.8641,6.64889,33.0304,-6.01629,-1.00249,-9.66121
1.2598,13.175,11.9362,6.55864,33.0197,-6.01348,-0.986912,-9.66268
1.26057,13.175,11.9362,6.55864,33.0197,-6.01348,-0.986912,-9.66268
1.26151,13.1839,11.9811,6.56059,33.0092,-6.01248,-0.976244,-9.66357
1.26232,13.0598,12.0102,6.46375,33.0084,-6.01045,-0.971085,-9.66393
1.26313,13.1881,12.0043,6.56147,33.0038,-6.01196,-0.970843,-9.66393
1.26438,13.0724,12.0539,6.46857,32.9978,-6.00949,-0.960508,-9.66481
1.26519,13.2004,12.0484,6.566,32.9933,-6.011,-0.960272,-9.66481
1.26571,13.0866,12.0978,6.47462,32.9871,-6.00847,-0.949925,-9.66564
1.26682,13.0945,12.1195,6.4782,32.9816,-6.00798,-0.944641,-9.66613
1.26782,13.0997,12.1418,6.47986,32.9762,-6.00738,-0.939326,-9.6664
1.26868,13.1069,12.1637,6.483,32.9706,-6.00686,-0.934038,-9.66686
1.26978,13.114,12.1856,6.48609,32.9651,-6.00629,-0.928755,-9.6671
1.27075,13.1207,12.2075,6.4888,32.9595,-6.0057,-0.923467,-9.66752
1.27181,13.1272,12.2296,6.49148,32.9539,-6.00509,-0.918175,-9.66773
1.27271,13.1332,12.2516,6.49375,32.9482,-6.00447,-0.912879,-9.66813
1.2737,13.1391,12.2738,6.496,32.9425,-6.00382,-0.907581,-9.66832
1.27491,13.1445,12.296,6.49785,32.9368,-6.00316,-0.902279,-9.6687
1.2757,13.1499,12.3182,6.49969,32.931,-6.00249,-0.896976,-9.66887
1.27666,13.1547,12.3405,6.50113,32.9252,-6.00179,-0.89167,-9.66924
1.27774,13.0339,12.3661,6.40697,32.9241,-5.99959,-0.886568,-9.66941
1.27871,13.0384,12.3883,6.40816,32.9182,-5.99886,-0.881256,-9.66977
1.27976,13.0428,12.4106,6.40937,32.9123,-5.99811,-0.875944,-9.66994
1.28082,13.0494,12.4329,6.41212,32.9063,-5.9974,-0.870618,-9.6703
1.28174,13.0558,12.4553,6.41486,32.9002,-5.99663,-0.8653,-9.67045
1.28276,13.0618,12.4777,6.41723,32.8941,-5.99585,-0.859978,-9.67078
1.28387,13.0677,12.5001,6.41959,32.8879,-5.99506,-0.854654,-9.67089
1.28476,13.0731,12.5226,6.42155,32.8818,-5.99425,-0.849329,-9.6712
1.2857,13.0784,12.5452,6.4235,32.8755,-5.99342,-0.844003,-9.67129
1.28676,13.0833,12.5678,6.42505,32.8693,-5.99258,-0.838676,-9.67158
1.28793,13.088,12.5905,6.42661,32.863,-5.99172,-0.833349,-9.67166
1.28877,12.9685,12.6146,6.33355,32.8617,-5.98936,-0.828203,-9.67193
1.28969,12.9729,12.6372,6.33487,32.8553,-5.98847,-0.822874,-9.672
1.29085,12.9769,12.6598,6.3358,32.849,-5.98756,-0.817544,-9.67227
1.29177,12.9832,12.682,6.33861,32.8426,-5.9867,-0.812258,-9.67234
1.29284,13.1066,12.6811,6.43241,32.8375,-5.98818,-0.812084,-9.67234
1.29383,12.9951,12.7275,6.34354,32.8295,-5.98482,-0.801582,-9.67262
1.29468,13.0005,12.7504,6.34561,32.8228,-5.98386,-0.796242,-9.67283
1.29572,13.0033,12.7737,6.34587,32.8162,-5.98283,-0.790858,-9.67284
1.29675,13.0082,12.7961,6.3475,32.8096,-5.98189,-0.785573,-9.67305
1.29781,13.0129,12.8191,6.34918,32.8029,-5.98088,-0.780236,-9.67305
1.2987,13.0173,12.8421,6.3505,32.7962,-5.97986,-0.774901,-9.67325
1.3,12.8994,12.8648,6.259,32.7946,-5.97734,-0.769723,-9.67323
1.30111,12.9034,12.8878,6.26009,32.7878,-5.97629,-0.764386,-9.67342
1.30186,12.9074,12.9107,6.26121,32.781,-5.97522,-0.759051,-9.67339
1.30275,12.9133,12.9338,6.26381,32.774,-5.97418,-0.753702,-9.67357
1.3039,12.9192,12.9568,6.26641,32.7671,-5.97309,-0.748363,-9.67352
1.3047,12.9246,12.9795,6.26858,32.7602,-5.972,-0.743085,-9.67365
1.30572,12.9299,13.0022,6.27075,32.7533,-5.97091,-0.737802,-9.67357
1.30674,12.9347,13.025,6.27252,32.7463,-5.96979,-0.732517,-9.67367
1.3077,12.8185,13.0463,6.18244,32.7446,-5.96718,-0.727372,-9.67356
1.30875,12.823,13.069,6.18397,32.7376,-5.96602,-0.72208,-9.67365
1.30971,12.9437,13.0707,6.2757,32.7323,-5.96749,-0.721941,-9.67365
1.3109,12.9504,13.0937,6.27896,32.7251,-5.96636,-0.716634,-9.67352
1.3117,12.9565,13.1168,6.28181,32.7179,-5.96517,-0.711335,-9.67357
1.31274,12.9602,13.1403,6.2829,32.7106,-5.9639,-0.705986,-9.6734
1.31369,12.8468,13.1848,6.19323,32.7013,-5.95992,-0.695406,-9.67325
1.31472,12.9666,13.1874,6.28428,32.6959,-5.96138,-0.695279,-9.67325
1.31569,12.9693,13.211,6.28459,32.6885,-5.9601,-0.689932,-9.67328
1.31667,12.9744,13.2343,6.28674,32.6812,-5.95886,-0.684638,-9.67312
1.31775,12.9767,13.258,6.28671,32.6737,-5.95752,-0.679304,-9.67313
1.31878,12.8617,13.3019,6.19602,32.6643,-5.95339,-0.668742,-9.67299
1.31973,12.9807,13.3055,6.28639,32.6588,-5.95484,-0.668628,-9.67299
1.3207,12.8637,13.3255,6.19585,32.6568,-5.95203,-0.663409,-9.67282
1.32174,12.7505,13.3686,6.10657,32.6474,-5.94784,-0.652918,-9.67269
1.32269,12.8691,13.3725,6.19666,32.6418,-5.9493,-0.652809,-9.67269
1.32377,12.8727,13.3963,6.19768,32.6341,-5.94794,-0.647464,-9.67273
1.32509,12.7635,13.4393,6.11148,32.6243,-5.9437,-0.63696,-9.67255
1.32586,12.8815,13.4437,6.20117,32.6186,-5.94515,-0.636857,-9.67255
1.32671,12.8846,13.4676,6.20189,32.6108,-5.94372,-0.631526,-9.67234
1.32771,12.7744,13.5103,6.11505,32.6009,-5.93939,-0.621027,-9.67209
1.32872,12.8919,13.5152,6.20433,32.5952,-5.94084,-0.620932,-9.67209
1.32971,12.894,13.5393,6.20434,32.5873,-5.93936,-0.615608,-9.67205
1.33075,12.783,13.5816,6.11689,32.5773,-5.93494,-0.605119,-9.67176
1.3318,12.9,13.5871,6.20577,32.5715,-5.93639,-0.605031,-9.67176
1.33263,12.9016,13.6112,6.2055,32.5635,-5.93486,-0.599717,-9.67151
1.33375,12.7884,13.6292,6.118,32.5614,-5.93194,-0.59454,-9.67146
1.33478,12.7897,13.6532,6.11752,32.5534,-5.93035,-0.589238,-9.67119
1.33578,12.6775,13.6953,6.02941,32.543,-5.92578,-0.578686,-9.67088
1.33676,12.7939,13.7015,6.11774,32.5371,-5.92722,-0.578607,-9.67088
1.33771,12.7967,13.7257,6.11839,32.5289,-5.92562,-0.573298,-9.67081
1.3387,12.9126,13.7323,6.20646,32.5231,-5.92707,-0.573225,-9.67081
1.33972,12.8042,13.774,6.1212,32.5125,-5.92244,-0.562747,-9.67044
1.34077,12.6907,13.8164,6.03232,32.5016,-5.91761,-0.552093,-9.67001
1.34179,12.8061,13.8235,6.11998,32.4957,-5.91905,-0.552027,-9.67001
1.34272,12.8081,13.8479,6.12008,32.4873,-5.91742,-0.546733,-9.6697
1.34367,12.6984,13.8888,6.0341,32.4766,-5.91266,-0.5363,-9.66927
1.34464,12.6984,13.8888,6.0341,32.4766,-5.91266,-0.5363,-9.66927
1.3457,12.6998,13.913,6.03371,32.4682,-5.91096,-0.531022,-9.66915
1.34669,12.7033,13.937,6.03508,32.4598,-5.90931,-0.525802,-9.66882
1.34769,12.7064,13.9616,6.03611,32.4512,-5.90758,-0.520517,-9.66867
1.3488,12.7095,13.9861,6.0372,32.4426,-5.90584,-0.515235,-9.66831
1.34989,12.7122,14.0107,6.03793,32.434,-5.90408,-0.509956,-9.66813
1.35134,12.7149,14.0353,6.0387,32.4253,-5.90231,-0.504682,-9.66774
1.35189,12.7171,14.0599,6.03911,32.4166,-5.90053,-0.499412,-9.66754
1.35274,12.7193,14.0845,6.03956,32.4079,-5.89873,-0.494147,-9.66713
1.35384,12.6075,14.1006,5.9535,32.4051,-5.89544,-0.488849,-9.66691
1.35484,12.6094,14.1251,5.95378,32.3964,-5.89362,-0.483596,-9.66649
1.35576,12.6109,14.1497,5.95371,32.3876,-5.89177,-0.478347,-9.66627
1.35679,12.6147,14.1744,5.95544,32.3786,-5.88996,-0.47308,-9.66584
1.3578,12.6181,14.1992,5.95679,32.3697,-5.88809,-0.467827,-9.66559
1.35873,12.6214,14.224,5.95821,32.3607,-5.88622,-0.462576,-9.66512
1.35973,12.6243,14.2488,5.95926,32.3517,-5.88434,-0.45733,-9.66484
1.36081,12.6272,14.2736,5.96035,32.3427,-5.88243,-0.452088,-9.66434
1.36171,12.6296,14.2985,5.96107,32.3336,-5.88051,-0.44685,-9.66403
1.36273,12.632,14.3234,5.96183,32.3245,-5.87858,-0.441618,-9.66351
1.36366,12.522,14.3376,5.87723,32.3218,-5.8752,-0.436406,-9.66318
1.36506,12.5241,14.3624,5.87781,32.3126,-5.87324,-0.431181,-9.66264
1.36601,12.5258,14.3871,5.87804,32.3035,-5.87125,-0.425959,-9.6623
1.36723,12.5297,14.4122,5.88003,32.2942,-5.8693,-0.420718,-9.66175
1.36782,12.5332,14.4372,5.88164,32.2848,-5.86729,-0.415489,-9.66138
1.36879,12.5367,14.4623,5.88332,32.2755,-5.86528,-0.410265,-9.66079
1.36974,12.5398,14.4879,5.88468,32.2659,-5.86321,-0.404962,-9.66038
1.37076,12.5427,14.5129,5.88602,32.2565,-5.86117,-0.399751,-9.65976
1.37182,12.5453,14.5381,5.88699,32.2471,-5.85911,-0.394544,-9.65933
1.37276,12.6559,14.5501,5.97094,32.2406,-5.86053,-0.394547,-9.65933
1.37375,12.4394,14.5761,5.80483,32.2347,-5.85353,-0.384144,-9.65824
1.37478,12.4416,14.6016,5.80569,32.225,-5.85139,-0.378867,-9.65758
1.37576,12.4412,14.6268,5.8045,32.2155,-5.84919,-0.373626,-9.65711
1.37674,12.4453,14.6521,5.80672,32.2058,-5.84713,-0.368415,-9.65646
1.37772,12.4488,14.6774,5.80853,32.1961,-5.84499,-0.363229,-9.65599
1.37872,12.4524,14.7027,5.81044,32.1864,-5.84284,-0.358046,-9.6553
1.37971,12.4556,14.728,5.81198,32.1766,-5.84068,-0.352866,-9.6548
1.38072,12.4586,14.7533,5.81355,32.1669,-5.83851,-0.347692,-9.65408
1.38174,12.5678,14.7668,5.89645,32.1602,-5.83992,-0.347714,-9.65408
1.38272,12.4639,14.804,5.81598,32.1473,-5.8341,-0.337357,-9.6528
1.3837,12.466,14.8294,5.81685,32.1374,-5.83188,-0.332196,-9.65224
1.38476,12.466,14.855,5.81614,32.1275,-5.82955,-0.326982,-9.65147
1.38573,12.3592,14.8662,5.73433,32.1244,-5.82591,-0.321795,-9.65092
1.38673,12.3611,14.8915,5.73506,32.1145,-5.82363,-0.316652,-9.65016
1.38772,12.3626,14.9168,5.73547,32.1045,-5.82134,-0.311513,-9.6496
1.38875,12.3662,14.9423,5.73758,32.0944,-5.81907,-0.30635,-9.64884
1.38977,12.3695,14.9679,5.73933,32.0843,-5.81675,-0.3012,-9.64825
1.39075,12.3727,14.9936,5.74114,32.0742,-5.81443,-0.296053,-9.64745
1.3917,12.3754,15.0192,5.74258,32.064,-5.81209,-0.290912,-9.64683
1.3928,12.3781,15.0448,5.74405,32.0538,-5.80973,-0.285776,-9.646
1.39371,12.3804,15.0705,5.74516,32.0436,-5.80736,-0.280645,-9.64536
1.39479,12.3826,15.0962,5.74631,32.0333,-5.80497,-0.275519,-9.64451
1.39575,12.3845,15.1218,5.74709,32.023,-5.80256,-0.270399,-9.64385
1.39672,12.3862,15.1475,5.74793,32.0127,-5.80014,-0.265285,-9.64298
1.3978,12.3876,15.1732,5.7484,32.0024,-5.7977,-0.260175,-9.64231
1.39874,12.2825,15.1826,5.66811,31.9991,-5.79384,-0.25501,-9.64144
1.39987,12.389,15.1989,5.74894,31.992,-5.79524,-0.255071,-9.64144
1.40072,12.2848,15.2337,5.6688,31.9783,-5.78887,-0.244813,-9.63988
1.40175,12.2876,15.2597,5.67045,31.9677,-5.7864,-0.239691,-9.6392
1.40282,12.2883,15.2858,5.67054,31.9571,-5.7838,-0.234522,-9.63829
1.40377,12.2907,15.3117,5.67192,31.9464,-5.78131,-0.229414,-9.6376
1.40468,12.3963,15.3289,5.7521,31.9393,-5.7827,-0.229488,-9.6376
1.40571,12.2951,15.3636,5.67438,31.9252,-5.77622,-0.219234,-9.63598
1.40678,12.297,15.3896,5.67549,31.9145,-5.77365,-0.214153,-9.63505
1.40794,12.4021,15.4073,5.75529,31.9072,-5.77504,-0.214234,-9.63505
1.40874,12.298,15.4417,5.67551,31.8929,-5.76841,-0.203942,-9.63337
1.40974,12.2991,15.4677,5.67595,31.8822,-5.76579,-0.198883,-9.63263
1.41077,12.1936,15.4755,5.59548,31.8786,-5.76168,-0.193678,-9.63168
1.41176,12.1945,15.5013,5.59582,31.8678,-5.75907,-0.188623,-9.63096
1.41278,12.1954,15.5272,5.59621,31.857,-5.7564,-0.183582,-9.63003
1.41386,12.1981,15.5534,5.59787,31.846,-5.75377,-0.178514,-9.62929
1.41479,12.2007,15.5796,5.59958,31.835,-5.75109,-0.173459,-9.62834
1.41584,12.2029,15.6059,5.60096,31.824,-5.7484,-0.168408,-9.62756
1.41675,12.2051,15.6321,5.60238,31.8129,-5.74569,-0.163363,-9.62658
1.41773,12.2068,15.6583,5.60345,31.8018,-5.74297,-0.158325,-9.62578
1.41876,12.2086,15.6846,5.60456,31.7907,-5.74024,-0.153293,-9.62476
1.41989,12.2099,15.7109,5.60531,31.7796,-5.73748,-0.148268,-9.62394
1.42076,12.2112,15.7371,5.60613,31.7684,-5.73471,-0.143249,-9.62291
1.42172,12.2121,15.7634,5.60669,31.7572,-5.73192,-0.138236,-9.62198
1.42269,12.2128,15.7896,5.60701,31.746,-5.72912,-0.133228,-9.62114
1.42373,12.111,15.7955,5.52949,31.7423,-5.72492,-0.12811,-9.6201
1.42475,12.1114,15.8216,5.52966,31.7311,-5.72208,-0.123112,-9.61925
1.42602,12.1118,15.8477,5.5299,31.7198,-5.71922,-0.11812,-9.6182
1.42673,12.114,15.8743,5.53136,31.7083,-5.71639,-0.113098,-9.61735
1.42773,12.116,15.9008,5.53287,31.6968,-5.71351,-0.108091,-9.61628
1.42874,12.1177,15.9274,5.53406,31.6853,-5.71062,-0.103089,-9.6154
1.43014,12.2194,15.9487,5.61132,31.6777,-5.712,-0.10322,-9.6154
1.43077,12.1206,15.9805,5.53617,31.6623,-5.70481,-0.093107,-9.61341
1.4318,12.0205,15.9854,5.46009,31.6584,-5.7005,-0.0879918,-9.6123
1.43284,12.1206,16.0337,5.53619,31.639,-5.69883,-0.0830888,-9.61136
1.43369,12.1215,16.0602,5.53686,31.6274,-5.6959,-0.0781184,-9.61025
1.43478,12.0231,16.0651,5.46205,31.6234,-5.69158,-0.0729831,-9.60933
1.43571,12.0237,16.0914,5.46255,31.6117,-5.68856,-0.0680423,-9.6082
1.43678,12.0239,16.1178,5.46275,31.6001,-5.68556,-0.0630979,-9.60726
1.43805,12.0261,16.1446,5.46451,31.5882,-5.68257,-0.0581233,-9.60613
1.43869,12.0279,16.1714,5.46591,31.5763,-5.67954,-0.0531642,-9.60517
1.43976,12.0297,16.1983,5.4674,31.5644,-5.67651,-0.0482116,-9.604
1.44069,12.031,16.2251,5.46853,31.5525,-5.67346,-0.0432662,-9.60302
1.44173,12.0324,16.2519,5.46971,31.5406,-5.67039,-0.0383288,-9.60183
1.44275,12.0333,16.2787,5.47054,31.5286,-5.6673,-0.033399,-9.60083
1.44372,11.9348,16.2819,5.39578,31.5246,-5.66284,-0.0283147,-9.59962
1.44477,11.9355,16.3086,5.39645,31.5126,-5.65972,-0.0233974,-9.5986
1.44643,12.0347,16.3323,5.47197,31.5046,-5.66109,-0.0235621,-9.5986
1.44747,11.9384,16.3623,5.39908,31.4884,-5.65348,-0.0135446,-9.59636
1.44833,11.9384,16.3623,5.39908,31.4884,-5.65348,-0.0135446,-9.59636
1.44958,12.0394,16.4137,5.47617,31.4681,-5.6517,-0.00879045,-9.59513
1.4505,12.0394,16.4137,5.47617,31.4681,-5.6517,-0.00879045,-9.59513
1.4516,11.9436,16.4712,5.40417,31.4391,-5.64068,0.00628874,-9.5917
1.45241,11.9436,16.4712,5.40417,31.4391,-5.64068,0.00628874,-9.5917
1.45318,12.0411,16.5233,5.47872,31.4185,-5.63874,0.0110585,-9.59041
1.45414,11.943,16.5529,5.40476,31.4018,-5.63085,0.0211602,-9.58804
1.45475,12.0407,16.5783,5.47916,31.3936,-5.63221,0.0209731,-9.58804
1.45572,11.9436,16.5805,5.40552,31.3892,-5.62755,0.0261159,-9.58695
1.45677,11.8431,16.6083,5.32976,31.3728,-5.61959,0.0359982,-9.58461
1.45781,11.9405,16.6339,5.40393,31.3646,-5.62095,0.0358063,-9.58461
1.45874,11.9408,16.6609,5.40452,31.3522,-5.61771,0.0406295,-9.58336
1.45972,11.9427,16.6879,5.40627,31.3399,-5.61452,0.0453718,-9.58232
1.46065,11.8455,16.7154,5.33299,31.3233,-5.60651,0.0551771,-9.57996
1.46178,11.9422,16.7418,5.40667,31.315,-5.60786,0.0549753,-9.57996
1.46281,11.9417,16.7688,5.40676,31.3024,-5.60452,0.0597738,-9.57868
1.4637,11.9429,16.7958,5.40798,31.29,-5.60126,0.0644996,-9.57761
1.46471,11.942,16.8227,5.40781,31.2774,-5.59785,0.0692817,-9.57631
1.46572,11.9408,16.8497,5.40735,31.2648,-5.59445,0.0740671,-9.57521
1.46669,11.9396,16.8767,5.40694,31.2522,-5.59103,0.0788471,-9.57391
1.46764,11.8423,16.8762,5.33328,31.248,-5.58623,0.0838381,-9.57281
1.46872,11.7436,16.9022,5.25913,31.2311,-5.57794,0.0935932,-9.57042
1.46965,11.8392,16.9298,5.33195,31.2226,-5.57929,0.0933743,-9.57042
1.4707,11.8394,16.9571,5.33268,31.2097,-5.57583,0.0981789,-9.56914
1.47166,11.746,16.9837,5.26257,31.1925,-5.56755,0.107906,-9.56673
1.47264,11.8411,17.0119,5.33502,31.1839,-5.5689,0.10768,-9.56673
1.47375,11.8406,17.0392,5.33521,31.171,-5.56538,0.11246,-9.5656
1.4747,11.842,17.0666,5.33686,31.158,-5.56194,0.117163,-9.56428
1.4757,11.8411,17.0939,5.33675,31.145,-5.55835,0.121922,-9.56312
1.47671,11.8402,17.1212,5.33675,31.1319,-5.55478,0.126681,-9.56176
1.47771,11.8389,17.1485,5.33639,31.1189,-5.55118,0.131433,-9.56059
1.47877,11.8376,17.1758,5.33612,31.1057,-5.54757,0.136176,-9.55923
1.47979,11.7421,17.1737,5.26393,31.1014,-5.5426,0.141155,-9.55807
1.48073,11.7406,17.2008,5.26357,31.0882,-5.53895,0.145886,-9.55671
1.48165,11.7388,17.2279,5.26289,31.0751,-5.53529,0.150609,-9.55554
1.48274,11.739,17.2556,5.26373,31.0617,-5.53165,0.155372,-9.55418
1.48375,11.7387,17.2832,5.26424,31.0483,-5.52797,0.16012,-9.55301
1.48478,11.7385,17.3109,5.26486,31.0349,-5.52428,0.164859,-9.55163
1.48626,11.7379,17.3386,5.26515,31.0215,-5.52058,0.169588,-9.55043
1.48688,11.7373,17.3662,5.26552,31.008,-5.51687,0.174308,-9.54904
1.48778,11.7363,17.3938,5.26557,30.9946,-5.51314,0.179018,-9.54783
1.48891,11.7353,17.4214,5.2657,30.9811,-5.5094,0.183719,-9.54642
1.48974,11.6416,17.4181,5.19498,30.9765,-5.5043,0.188677,-9.54519
1.49073,11.6405,17.4455,5.195,30.963,-5.50053,0.193363,-9.54378
1.49201,11.639,17.4729,5.1947,30.9495,-5.49674,0.19804,-9.54255
1.49272,11.6394,17.5009,5.19589,30.9357,-5.49297,0.202758,-9.54113
1.49371,11.6394,17.5288,5.19676,30.922,-5.48917,0.20746,-9.53988
1.49475,11.6394,17.5568,5.19772,30.9082,-5.48536,0.212151,-9.53843
1.49575,11.5473,17.5807,5.12924,30.8897,-5.47636,0.221783,-9.53569
1.49672,11.6387,17.6127,5.19905,30.8806,-5.4777,0.221503,-9.53569
1.49773,11.6379,17.6406,5.19943,30.8668,-5.47384,0.226163,-9.5344
1.49876,11.6391,17.6686,5.20125,30.853,-5.47009,0.230741,-9.53294
1.49977,11.6379,17.6964,5.20136,30.8392,-5.46618,0.235376,-9.53162
1.50073,11.6368,17.7243,5.20158,30.8253,-5.46229,0.240009,-9.53011
1.50179,11.5448,17.7192,5.13223,30.8206,-5.45704,0.244927,-9.52878
1.50295,11.5435,17.7469,5.13231,30.8067,-5.45311,0.249545,-9.52726
1.50379,11.5418,17.7745,5.13207,30.7927,-5.44917,0.254153,-9.52594
1.50475,11.542,17.8027,5.1333,30.7786,-5.44524,0.258805,-9.52442
1.50574,11.5417,17.831,5.13419,30.7645,-5.44128,0.263439,-9.52307
1.50679,11.5415,17.8592,5.13519,30.7503,-5.43731,0.268063,-9.52153
1.50778,11.4508,17.8817,5.06808,30.7312,-5.42801,0.277585,-9.5186
1.50875,11.5404,17.9155,5.1366,30.7219,-5.42933,0.277278,-9.5186
1.50975,11.5395,17.9437,5.13701,30.7077,-5.42533,0.281868,-9.51723
1.51085,11.5404,17.9719,5.13884,30.6935,-5.42142,0.286376,-9.51568
1.51178,11.539,18,5.139,30.6793,-5.41736,0.290941,-9.51428
1.51271,11.5377,18.0281,5.13926,30.665,-5.41331,0.295503,-9.51268
1.51371,11.5361,18.0561,5.13918,30.6507,-5.40924,0.300056,-9.51127
1.51468,11.4458,18.0492,5.07138,30.6458,-5.40383,0.304922,-9.50967
1.51578,11.444,18.077,5.07119,30.6315,-5.39972,0.309458,-9.50826
1.51676,11.4421,18.1048,5.07109,30.6172,-5.39561,0.313985,-9.50666
1.51767,11.3532,18.1263,5.00558,30.5976,-5.38605,0.323444,-9.50364
1.51873,11.4413,18.1617,5.07304,30.588,-5.38738,0.323115,-9.50364
1.51979,11.4406,18.1902,5.07376,30.5735,-5.38323,0.32766,-9.50222
1.52065,11.3529,18.2112,5.0092,30.554,-5.37369,0.336975,-9.49916
1.52171,11.4405,18.2471,5.07632,30.5443,-5.37501,0.336638,-9.49916
1.52277,11.4394,18.2755,5.07687,30.5297,-5.37083,0.341152,-9.4975
1.52373,11.4397,18.304,5.07839,30.5151,-5.36675,0.345582,-9.49606
1.52476,11.4381,18.3323,5.07867,30.5004,-5.36251,0.35007,-9.49438
1.52572,11.4363,18.3605,5.07865,30.4857,-5.35829,0.354554,-9.49289
1.52674,11.4344,18.3887,5.07869,30.471,-5.35404,0.359029,-9.49121
1.52768,11.3456,18.38,5.01201,30.466,-5.34847,0.363845,-9.48972
1.52873,11.3436,18.408,5.01195,30.4513,-5.34419,0.368302,-9.48805
1.52976,11.3412,18.4359,5.01159,30.4365,-5.3399,0.37275,-9.48656
1.53082,11.3406,18.4646,5.01264,30.4215,-5.33562,0.377247,-9.48489
1.53184,11.3396,18.4933,5.01337,30.4066,-5.33132,0.381725,-9.4834
1.53274,11.3387,18.522,5.0142,30.3916,-5.327,0.386193,-9.48171
1.53372,11.3374,18.5506,5.01471,30.3765,-5.32268,0.390649,-9.4802
1.53472,11.3361,18.5792,5.01531,30.3615,-5.31834,0.395092,-9.4785
1.53576,11.3345,18.6077,5.01559,30.3464,-5.31399,0.399523,-9.47698
1.53672,11.3328,18.6362,5.01595,30.3314,-5.30962,0.403943,-9.47527
1.53775,11.3309,18.6647,5.016,30.3163,-5.30524,0.408351,-9.47374
1.53877,11.3289,18.6931,5.01614,30.3012,-5.30085,0.412749,-9.47202
1.53966,11.3266,18.7216,5.01597,30.2861,-5.29644,0.417137,-9.47049
1.54078,11.2397,18.7109,4.95087,30.281,-5.2907,0.421895,-9.46877
1.54186,11.2372,18.7391,4.95061,30.2658,-5.28626,0.426265,-9.46724
1.54277,11.2348,18.7673,4.95045,30.2507,-5.28181,0.430626,-9.46553
1.5438,11.2337,18.7962,4.95127,30.2353,-5.27737,0.435038,-9.464
1.54472,11.2327,18.8251,4.95217,30.2199,-5.2729,0.439432,-9.46227
1.54572,11.2313,18.854,4.95279,30.2045,-5.26842,0.443816,-9.46072
1.54673,11.2299,18.8828,4.95348,30.189,-5.26393,0.448186,-9.45897
1.54773,11.2282,18.9116,4.95386,30.1736,-5.25943,0.452545,-9.4574
1.54873,11.2264,18.9403,4.95433,30.1582,-5.25491,0.45689,-9.45564
1.54973,11.2244,18.969,4.95449,30.1427,-5.25038,0.461224,-9.45407
1.55068,11.2223,18.9977,4.95473,30.1272,-5.24584,0.465547,-9.4523
1.55177,11.1368,18.9856,4.89077,30.122,-5.23998,0.470264,-9.45071
1.55273,11.1346,19.014,4.89092,30.1065,-5.23541,0.474567,-9.44894
1.55372,11.1321,19.0424,4.89077,30.091,-5.23082,0.47886,-9.44735
1.55473,11.1312,19.0716,4.89197,30.0752,-5.22625,0.483207,-9.44557
1.55572,11.13,19.1007,4.89285,30.0595,-5.22164,0.487535,-9.44397
1.55674,11.1288,19.1299,4.89384,30.0437,-5.21704,0.491851,-9.44217
1.55773,11.1272,19.1589,4.89451,30.0279,-5.21242,0.496153,-9.44055
1.55879,11.1257,19.1879,4.89526,30.0121,-5.20778,0.500442,-9.43873
1.55978,11.0418,19.175,4.83259,30.0068,-5.20184,0.50514,-9.4371
1.56094,11.1219,19.2459,4.89623,29.9805,-5.19848,0.508981,-9.43527
1.56183,11.1197,19.2748,4.89644,29.9647,-5.19381,0.513233,-9.43362
1.5627,11.1191,19.3045,4.89799,29.9486,-5.18915,0.517538,-9.43178
1.5637,11.0352,19.2907,4.83531,29.9433,-5.18314,0.522189,-9.43012
1.56475,11.0328,19.3193,4.83553,29.9275,-5.17843,0.526406,-9.42827
1.5658,11.0301,19.3478,4.83541,29.9116,-5.1737,0.530611,-9.4266
1.56672,11.029,19.3772,4.83663,29.8955,-5.16899,0.534871,-9.42475
1.56773,11.0275,19.4065,4.83753,29.8794,-5.16425,0.539114,-9.42307
1.5687,11.0261,19.4358,4.83853,29.8633,-5.1595,0.543344,-9.4212
1.56976,11.0244,19.465,4.83922,29.8472,-5.15474,0.547561,-9.41951
1.57138,11.0226,19.4942,4.83999,29.831,-5.14997,0.551764,-9.41762
1.57247,11.0205,19.5234,4.84045,29.8149,-5.14518,0.555954,-9.41591
1.57328,11.0205,19.5234,4.84045,29.8149,-5.14518,0.555954,-9.41591
1.57421,11.0159,19.5815,4.84124,29.7825,-5.13556,0.564296,-9.4123
1.57517,10.9337,19.5668,4.78003,29.7768,-5.12935,0.569048,-9.41036
1.57585,10.9311,19.5962,4.78018,29.7603,-5.12441,0.573331,-9.40861
1.57671,10.9285,19.6249,4.78041,29.7441,-5.11957,0.577455,-9.40671
1.57778,10.9272,19.6545,4.78155,29.7277,-5.11475,0.581633,-9.40499
1.57871,10.926,19.6834,4.78277,29.7116,-5.10999,0.585647,-9.40312
1.57975,11.005,19.7284,4.84387,29.7007,-5.11128,0.585182,-9.40312
1.58075,11.0034,19.7575,4.84477,29.6846,-5.1065,0.589184,-9.40133
1.58176,11.0821,19.8028,4.90563,29.6737,-5.10779,0.588713,-9.40133
1.5827,11.08,19.832,4.90621,29.6575,-5.103,0.592708,-9.39961
1.58378,10.9926,19.8423,4.84314,29.6363,-5.09187,0.601101,-9.39595
1.58473,11.0708,19.8881,4.90367,29.6253,-5.09316,0.600624,-9.39595
1.58569,11.0653,19.916,4.90176,29.6092,-5.08817,0.604622,-9.39403
1.58673,10.8998,19.8796,4.77822,29.5989,-5.07563,0.613503,-9.39044
1.5878,10.9777,19.9257,4.83853,29.5878,-5.07692,0.61302,-9.39044
1.58874,10.9718,19.9534,4.83634,29.5715,-5.07185,0.617017,-9.38874
1.58976,10.8873,19.9643,4.7755,29.5497,-5.06051,0.625547,-9.38521
1.59087,10.9647,20.011,4.83549,29.5385,-5.06179,0.625058,-9.38521
1.59176,11.0419,20.0578,4.89535,29.5274,-5.06308,0.624565,-9.38521
1.59269,10.9571,20.0684,4.83437,29.5054,-5.05169,0.633075,-9.38168
1.5938,10.9539,20.0979,4.83434,29.4885,-5.04656,0.637174,-9.3798
1.59473,10.9472,20.126,4.83167,29.4718,-5.04125,0.641267,-9.37806
1.5957,10.9423,20.1544,4.83035,29.4551,-5.0361,0.645287,-9.37619
1.59675,10.937,20.1828,4.82871,29.4384,-5.03091,0.64929,-9.37451
1.59766,10.9319,20.2112,4.82722,29.4216,-5.02571,0.653283,-9.37266
1.59874,10.8503,20.1916,4.76638,29.4162,-5.0192,0.657779,-9.37099
1.59975,10.8449,20.2203,4.76484,29.3991,-5.01386,0.661908,-9.36911
1.60075,10.8395,20.2484,4.76308,29.3823,-5.00862,0.665879,-9.36746
1.60174,10.8356,20.2775,4.76261,29.3653,-5.00339,0.669915,-9.36562
1.60274,10.8314,20.3065,4.76187,29.3483,-4.99813,0.673932,-9.36397
1.60376,10.9069,20.3552,4.82053,29.3369,-4.99941,0.673413,-9.36397
1.60473,10.8231,20.3634,4.76044,29.3148,-4.98779,0.681637,-9.36051
1.60574,10.8983,20.4123,4.81888,29.3033,-4.98906,0.681114,-9.36051
1.60673,10.8938,20.4415,4.81802,29.2862,-4.98376,0.685104,-9.35865
1.60775,10.8891,20.47,4.8169,29.2694,-4.97854,0.68894,-9.357
1.60868,10.9638,20.5195,4.87501,29.2579,-4.97982,0.68841,-9.357
1.60974,10.9575,20.5471,4.87276,29.2412,-4.97455,0.692159,-9.35516
1.61073,10.9575,20.5471,4.87276,29.2412,-4.97455,0.692159,-9.35516
1.61171,10.9496,20.5738,4.86915,29.2248,-4.96924,0.695839,-9.35351
1.61282,10.9417,20.6005,4.86569,29.2082,-4.96391,0.699529,-9.35169
1.61382,11.0157,20.6506,4.92334,29.1966,-4.96519,0.698989,-9.35169
1.61485,10.9253,20.655,4.85835,29.1743,-4.95294,0.707225,-9.34823
1.61573,10.9169,20.6822,4.85454,29.1573,-4.94742,0.711079,-9.34661
1.61721,10.907,20.709,4.8497,29.1401,-4.94174,0.715006,-9.34479
1.6181,10.8986,20.7364,4.84588,29.123,-4.9362,0.718863,-9.34322
1.61872,10.8903,20.7637,4.8422,29.1058,-4.93062,0.722712,-9.34148
1.61971,10.8818,20.791,4.83835,29.0886,-4.92502,0.726559,-9.33993
1.62082,10.8734,20.8183,4.83467,29.0714,-4.9194,0.730404,-9.33821
1.62247,10.7921,20.7942,4.77398,29.0659,-4.9125,0.734807,-9.33667
1.62347,10.9375,20.8973,4.88746,29.0423,-4.91503,0.733685,-9.33667
1.62397,10.7754,20.8486,4.76657,29.0312,-4.90117,0.74249,-9.33345
1.62472,10.7668,20.8764,4.76286,29.0135,-4.89537,0.746481,-9.33172
1.62575,10.7595,20.9051,4.76005,28.9955,-4.88959,0.750545,-9.33018
1.62696,10.7525,20.9333,4.75747,28.9779,-4.8839,0.754439,-9.32849
1.62771,10.7453,20.9616,4.7547,28.9602,-4.87821,0.758318,-9.32697
1.62876,10.7382,20.9898,4.75209,28.9425,-4.87251,0.762185,-9.32526
1.62978,10.7309,21.0179,4.74925,28.9248,-4.86679,0.766043,-9.32373
1.63075,10.7237,21.0461,4.74657,28.9071,-4.86107,0.769892,-9.32201
1.63176,10.7162,21.0742,4.74367,28.8893,-4.85533,0.773732,-9.32047
1.63268,10.6377,21.0492,4.68519,28.8836,-4.84831,0.778146,-9.31874
1.63382,10.6303,21.0771,4.68234,28.8658,-4.84254,0.781971,-9.31718
1.63477,10.6245,21.1056,4.68079,28.8481,-4.83691,0.785711,-9.31547
1.63581,10.6184,21.1346,4.67894,28.83,-4.83113,0.789595,-9.31389
1.63672,10.6123,21.1635,4.67725,28.8119,-4.82535,0.79347,-9.31212
1.63774,10.606,21.1924,4.67533,28.7938,-4.81955,0.797334,-9.31051
1.63875,10.5997,21.2212,4.67354,28.7757,-4.81375,0.801182,-9.30871
1.63974,10.5934,21.2495,4.67157,28.758,-4.80806,0.804857,-9.30711
1.64067,10.587,21.2783,4.66969,28.7398,-4.80224,0.80868,-9.30529
1.64174,10.5804,21.307,4.66757,28.7217,-4.7964,0.812493,-9.30363
1.64284,10.5041,21.2806,4.61085,28.716,-4.78942,0.81674,-9.30183
1.64379,10.4977,21.3086,4.60881,28.6982,-4.78367,0.820376,-9.30019
1.64486,10.5673,21.3633,4.66348,28.686,-4.78493,0.81977,-9.30019
1.64572,10.4873,21.3667,4.60687,28.662,-4.77217,0.827794,-9.29669
1.64671,10.4805,21.3952,4.60481,28.6437,-4.76624,0.831564,-9.29479
1.64773,10.5497,21.4503,4.65918,28.6315,-4.7675,0.830951,-9.29479
1.6487,10.4696,21.453,4.60254,28.6074,-4.75467,0.838925,-9.29122
1.6497,10.4624,21.4813,4.60014,28.5891,-4.74871,0.842663,-9.28946
1.65066,10.4568,21.5102,4.59896,28.5709,-4.7429,0.846321,-9.28757
1.65169,10.4509,21.539,4.59755,28.5527,-4.73706,0.849961,-9.28583
1.65274,10.4451,21.5678,4.59626,28.5344,-4.73121,0.853593,-9.28391
1.65371,10.439,21.5965,4.59473,28.5161,-4.72534,0.857217,-9.28215
1.65469,10.433,21.6252,4.59334,28.4978,-4.71946,0.860833,-9.28021
1.65579,10.433,21.6252,4.59334,28.4978,-4.71946,0.860833,-9.28021
1.65671,10.3528,21.6259,4.53677,28.4736,-4.70639,0.868673,-9.27648
1.65781,10.3464,21.6549,4.5351,28.455,-4.70034,0.872427,-9.27465
1.65871,10.414,21.7117,4.58842,28.4424,-4.7016,0.87179,-9.27465
1.65972,10.3363,21.714,4.53391,28.4177,-4.68851,0.879744,-9.27087
1.6607,10.3298,21.7428,4.53225,28.399,-4.68242,0.883454,-9.26884
1.66168,10.397,21.8001,4.58526,28.3864,-4.68367,0.88281,-9.26884
1.66272,10.3915,21.8297,4.58432,28.3678,-4.67775,0.886433,-9.26701
1.66371,10.3121,21.8303,4.52868,28.343,-4.66443,0.89435,-9.26311
1.66469,10.3052,21.8589,4.52679,28.3242,-4.65832,0.89801,-9.26105
1.66572,10.3718,21.9169,4.57938,28.3115,-4.65957,0.897357,-9.26105
1.66673,10.2939,21.9173,4.52479,28.2869,-4.64635,0.90513,-9.25718
1.66768,10.2202,21.8876,4.47016,28.2808,-4.63895,0.909403,-9.25527
1.66871,10.2865,21.9458,4.52255,28.2681,-4.6402,0.908746,-9.25527
1.66971,10.21,21.9466,4.46906,28.2431,-4.62694,0.916548,-9.25137
1.67072,10.2039,21.976,4.46795,28.2241,-4.62077,0.920214,-9.24927
1.67174,10.2698,22.0347,4.52003,28.2113,-4.62201,0.91955,-9.24927
1.67272,10.1943,22.0358,4.46746,28.1861,-4.60872,0.927352,-9.2453
1.6737,10.1878,22.065,4.46599,28.1671,-4.60253,0.930969,-9.24333
1.67477,10.2532,22.1241,4.51776,28.1542,-4.60377,0.930298,-9.24333
1.67588,10.1776,22.1244,4.4651,28.1291,-4.59044,0.938008,-9.2393
1.67674,10.2426,22.1839,4.51665,28.1162,-4.59168,0.937333,-9.2393
1.67783,10.2358,22.213,4.51506,28.0971,-4.58546,0.940901,-9.23715
1.6787,10.1586,22.2118,4.46128,28.0719,-4.57191,0.948608,-9.23304
1.67967,10.087,22.1807,4.40819,28.0657,-4.56443,0.952826,-9.23104
1.68067,10.1516,22.2406,4.45945,28.0528,-4.56567,0.952144,-9.23104
1.68171,10.146,22.27,4.45875,28.0338,-4.55958,0.955589,-9.22893
1.68269,10.0713,22.2701,4.40701,28.0081,-4.54597,0.963377,-9.2248
1.68367,10.0654,22.2997,4.40612,27.9887,-4.53972,0.966947,-9.2227
1.68488,10.1294,22.3603,4.45697,27.9757,-4.54096,0.966256,-9.2227
1.68573,10.0559,22.36,4.40614,27.9502,-4.52748,0.973869,-9.21855
1.68681,10.0496,22.3895,4.40495,27.9308,-4.52119,0.977378,-9.2165
1.68788,10.1131,22.4505,4.45549,27.9177,-4.52243,0.97668,-9.2165
1.68881,10.1081,22.4807,4.4553,27.8985,-4.5163,0.980101,-9.21433
1.68972,10.1027,22.5107,4.45488,27.8792,-4.51014,0.983499,-9.2123
1.69069,10.0262,22.5077,4.40187,27.8535,-4.49627,0.991097,-9.20798
1.69175,10.0891,22.5694,4.452,27.8404,-4.4975,0.990389,-9.20798
1.69279,10.0195,22.5368,4.4005,27.8341,-4.48994,0.994519,-9.20577
1.69379,10.014,22.5664,4.39995,27.8148,-4.48375,0.997822,-9.20373
1.69485,10.0083,22.5966,4.39943,27.7951,-4.47741,1.00111,-9.20151
1.69569,9.93415,22.5945,4.34836,27.769,-4.46348,1.00825,-9.19718
1.69694,9.99648,22.6568,4.39809,27.7558,-4.46471,1.00753,-9.19718
1.69774,9.9904,22.6867,4.39727,27.7361,-4.45835,1.01066,-9.19507
1.69871,9.91749,22.6843,4.34709,27.7103,-4.44453,1.01743,-9.19075
1.69971,9.91137,22.7139,4.3463,27.6907,-4.43815,1.02042,-9.18851
1.70072,9.97309,22.7768,4.39563,27.6773,-4.43939,1.01969,-9.18851
1.70173,9.96796,22.8072,4.39553,27.6578,-4.43315,1.02257,-9.18641
1.7027,9.9628,22.8374,4.39546,27.6383,-4.42689,1.0254,-9.1842
1.70371,9.89483,22.8035,4.34523,27.6321,-4.41924,1.02899,-9.18204
1.70485,9.88829,22.8328,4.34417,27.6125,-4.41282,1.03182,-9.17978
1.70579,9.88139,22.8626,4.34291,27.5925,-4.40626,1.03468,-9.17757
1.70683,9.87584,22.8931,4.34267,27.5726,-4.39984,1.03744,-9.17531
1.70772,9.87007,22.9234,4.34224,27.5528,-4.39341,1.04016,-9.17316
1.70875,9.86433,22.9536,4.34187,27.5329,-4.38697,1.04285,-9.17088
1.70986,9.85839,22.9838,4.34133,27.5131,-4.38053,1.04552,-9.16872
1.71078,9.85244,23.0139,4.34083,27.4933,-4.37409,1.04815,-9.16643
1.71175,9.8463,23.0439,4.34015,27.4735,-4.36763,1.05076,-9.16426
1.71284,9.84015,23.0738,4.33951,27.4538,-4.36117,1.05334,-9.16197
1.71402,9.83381,23.1037,4.3387,27.434,-4.3547,1.0559,-9.15979
1.71469,9.82747,23.1335,4.33794,27.4142,-4.34821,1.05843,-9.15749
1.71567,9.76132,23.0981,4.28908,27.4081,-4.34049,1.0617,-9.15531
1.71671,9.75478,23.1282,4.28827,27.3879,-4.33385,1.06424,-9.15297
1.71778,9.74822,23.1576,4.28731,27.3682,-4.32734,1.06671,-9.15079
1.71873,9.74282,23.1882,4.28734,27.3482,-4.32085,1.06915,-9.14849
1.71984,9.7372,23.2188,4.28718,27.3282,-4.31433,1.07157,-9.1463
1.72074,9.7316,23.2493,4.28707,27.3082,-4.30781,1.07396,-9.14398
1.72176,9.7258,23.2797,4.28678,27.2883,-4.30129,1.07635,-9.14177
1.72278,9.71998,23.31,4.28654,27.2683,-4.29476,1.07871,-9.13945
1.72382,9.71396,23.3402,4.28611,27.2484,-4.28821,1.08106,-9.13722
1.72468,9.70793,23.3703,4.28572,27.2284,-4.28166,1.08339,-9.13489
1.72584,9.7017,23.4003,4.28515,27.2085,-4.2751,1.08571,-9.13265
1.72677,9.75981,23.4669,4.33206,27.1947,-4.27632,1.08493,-9.13265
1.72773,9.75342,23.4971,4.33144,27.1747,-4.26975,1.08723,-9.13031
1.7289,9.62479,23.4231,4.23655,27.1626,-4.25412,1.09334,-9.12572
1.72978,9.61704,23.4519,4.23489,27.1426,-4.24735,1.09565,-9.12344
1.7307,9.60932,23.4807,4.2333,27.1226,-4.24058,1.09795,-9.12105
1.73181,9.60381,23.5115,4.23336,27.1024,-4.23398,1.10017,-9.11883
1.7328,9.66118,23.5789,4.27979,27.0884,-4.23519,1.09938,-9.11883
1.73373,9.59257,23.5729,4.2334,27.062,-4.22071,1.10456,-9.11425
1.73476,9.64964,23.6405,4.27963,27.048,-4.22192,1.10377,-9.11425
1.73569,9.5811,23.6333,4.23321,27.0221,-4.20756,1.10886,-9.10968
1.73677,9.57517,23.6637,4.23306,27.002,-4.20089,1.11101,-9.1073
1.73774,9.56778,23.6932,4.23182,26.9817,-4.19405,1.11321,-9.10498
1.73872,9.50517,23.6552,4.18569,26.9756,-4.18617,1.11615,-9.1026
1.73976,9.49902,23.6852,4.18536,26.9555,-4.17946,1.11827,-9.10028
1.74071,9.49275,23.7151,4.18492,26.9354,-4.17276,1.12038,-9.098
1.74179,9.48757,23.7463,4.18542,26.915,-4.16606,1.12247,-9.09561
1.74282,9.48216,23.7774,4.18573,26.8946,-4.15935,1.12455,-9.09331
1.7437,9.53805,23.8462,4.23118,26.8805,-4.16056,1.12374,-9.09331
1.74506,9.5325,23.8774,4.23143,26.8601,-4.15385,1.12582,-9.0909
1.74567,9.46456,23.8681,4.18558,26.8342,-4.13929,1.13071,-9.0862
1.74673,9.45767,23.8974,4.18473,26.8142,-4.13253,1.13277,-9.08388
1.74771,9.51297,23.9669,4.22978,26.7999,-4.13374,1.13195,-9.08388
1.74868,9.44609,23.9575,4.18471,26.7742,-4.11925,1.13672,-9.07921
1.7497,9.38395,23.9169,4.1389,26.7683,-4.11121,1.13956,-9.07676
1.75066,9.43897,23.9866,4.18378,26.7541,-4.11242,1.13873,-9.07676
1.75168,9.37311,23.9776,4.13955,26.728,-4.09785,1.14344,-9.07207
1.75272,9.36677,24.0077,4.13926,26.7076,-4.09097,1.14541,-9.06971
1.75366,9.36164,24.0386,4.13988,26.6873,-4.08427,1.14733,-9.06728
1.7547,9.35629,24.0693,4.14032,26.667,-4.07754,1.14924,-9.06495
1.75574,9.35091,24.1,4.14078,26.6468,-4.0708,1.15114,-9.06251
1.75667,9.34532,24.1306,4.14106,26.6265,-4.06405,1.15304,-9.06016
1.75773,9.3993,24.2013,4.18524,26.6121,-4.06526,1.1522,-9.06016
1.75877,9.33388,24.1914,4.14148,26.5859,-4.05051,1.15681,-9.05532
1.75976,9.38756,24.2625,4.18547,26.5715,-4.05171,1.15596,-9.05532
1.76081,9.38038,24.2921,4.18466,26.5511,-4.04475,1.15788,-9.05279
1.76173,9.31227,24.2801,4.13904,26.5243,-4.02948,1.16261,-9.04781
1.76276,9.31227,24.2801,4.13904,26.5243,-4.02948,1.16261,-9.04781
1.76373,9.30487,24.3093,4.13803,26.5039,-4.02249,1.16452,-9.04541
1.7647,9.29869,24.3393,4.13794,26.4836,-4.01566,1.16637,-9.04296
1.76572,9.29213,24.3698,4.13765,26.4629,-4.00866,1.16824,-9.04056
1.76677,9.28558,24.4002,4.13741,26.4421,-4.00165,1.17012,-9.03806
1.76772,9.27885,24.4306,4.137,26.4214,-3.99463,1.17199,-9.03565
1.76885,9.27211,24.4608,4.13663,26.4007,-3.98761,1.17385,-9.03314
1.76986,9.26518,24.491,4.13608,26.38,-3.98058,1.17571,-9.03074
1.77088,9.25826,24.521,4.13558,26.3594,-3.97354,1.17757,-9.02822
1.77268,9.25115,24.551,4.1349,26.3387,-3.96649,1.17942,-9.02582
1.77384,9.19212,24.508,4.09145,26.3326,-3.95823,1.18213,-9.02331
1.775,9.29579,24.6539,4.17699,26.3033,-3.96063,1.18039,-9.02331
1.776,9.11854,24.5248,4.04657,26.2845,-3.9355,1.18858,-9.01591
1.77693,9.22167,24.6712,4.13176,26.2551,-3.9379,1.18683,-9.01591
1.77811,9.10352,24.585,4.04496,26.2421,-3.92088,1.19236,-9.01087
1.77891,9.20606,24.7319,4.12975,26.2126,-3.92327,1.1906,-9.01087
1.77976,9.09055,24.6465,4.04482,26.1999,-3.9066,1.19603,-9.00594
1.78072,9.14161,24.7202,4.08708,26.1852,-3.9078,1.19515,-9.00594
1.78138,9.08509,24.6783,4.04557,26.1788,-3.89957,1.19783,-9.00344
1.78295,9.12803,24.7816,4.08653,26.1431,-3.89351,1.19879,-9.001
1.78383,9.12803,24.7816,4.08653,26.1431,-3.89351,1.19879,-9.001
1.78503,9.05853,24.8016,4.04507,26.0942,-3.87084,1.20511,-8.99348
1.78594,9.05853,24.8016,4.04507,26.0942,-3.87084,1.20511,-8.99348
1.78686,9.04398,24.8628,4.044,26.0515,-3.85625,1.2088,-8.9884
1.78756,9.04398,24.8628,4.044,26.0515,-3.85625,1.2088,-8.9884
1.78843,9.03772,24.8938,4.04412,26.0306,-3.8492,1.21057,-8.98599
1.78925,9.03772,24.8938,4.04412,26.0306,-3.8492,1.21057,-8.98599
1.78972,9.02488,24.9559,4.0443,25.9884,-3.83492,1.21412,-8.98094
1.79078,9.01834,24.9866,4.04423,25.9675,-3.82785,1.21587,-8.97852
1.7917,9.01163,25.0177,4.04418,25.9462,-3.82062,1.21764,-8.97592
1.79271,9.00488,25.0481,4.04396,25.9253,-3.81353,1.21937,-8.97348
1.79373,8.9983,25.0777,4.04381,25.9049,-3.80658,1.22105,-8.97098
1.79474,8.99135,25.1079,4.04346,25.884,-3.79945,1.22275,-8.96853
1.79641,8.9844,25.138,4.04316,25.8631,-3.79231,1.22444,-8.96597
1.79716,8.9844,25.138,4.04316,25.8631,-3.79231,1.22444,-8.96597
1.79861,8.92169,25.1212,4.00164,25.8367,-3.77693,1.22867,-8.96099
1.7994,9.01869,25.2736,4.08279,25.8066,-3.7793,1.22683,-8.96099
1.80022,8.90713,25.1811,4.00065,25.7945,-3.76236,1.23202,-8.95589
1.80121,8.90069,25.2122,4.00079,25.7732,-3.75516,1.23366,-8.95343
1.80218,8.8922,25.2406,3.99939,25.7522,-3.74774,1.23535,-8.9508
1.80321,8.88561,25.2715,3.99944,25.7309,-3.74053,1.23698,-8.94833
1.80449,8.93346,25.3484,4.03959,25.7158,-3.74171,1.23605,-8.94833
1.80518,8.93346,25.3484,4.03959,25.7158,-3.74171,1.23605,-8.94833
1.8062,8.86533,25.3635,3.99932,25.6673,-3.71876,1.24183,-8.94068
1.80735,8.85725,25.393,3.9983,25.646,-3.71132,1.24348,-8.93814
1.80825,8.90452,25.4705,4.03807,25.6308,-3.7125,1.24254,-8.93814
1.80927,8.84186,25.4533,3.99695,25.603,-3.69645,1.24677,-8.93298
1.81016,8.78769,25.4058,3.95704,25.5971,-3.68798,1.24931,-8.93039
1.8107,8.77941,25.4348,3.95586,25.5758,-3.68049,1.25094,-8.92786
1.81241,8.77226,25.4646,3.95555,25.5547,-3.67319,1.25253,-8.92528
1.81305,8.76598,25.4953,3.95584,25.5336,-3.66603,1.25405,-8.92285
1.81428,8.7595,25.5265,3.95614,25.5121,-3.65869,1.2556,-8.92025
1.81538,8.80592,25.6048,3.99535,25.4968,-3.65987,1.25465,-8.92025
1.81595,8.80592,25.6048,3.99535,25.4968,-3.65987,1.25465,-8.92025
1.81727,8.7923,25.6671,3.99546,25.4539,-3.64519,1.25775,-8.91513
1.81824,8.7853,25.6981,3.99535,25.4324,-3.63784,1.25929,-8.91261
1.81928,8.77724,25.7281,3.99453,25.4109,-3.63031,1.26088,-8.90993
1.82027,8.71507,25.7091,3.95391,25.3828,-3.61393,1.26505,-8.90463
1.82115,8.70681,25.7385,3.95287,25.3613,-3.60638,1.26663,-8.90207
1.8217,8.75221,25.8177,3.99141,25.3458,-3.60755,1.26567,-8.90207
1.82267,8.69856,25.7679,3.95188,25.3397,-3.59883,1.26821,-8.89941
1.82373,8.69121,25.7981,3.9515,25.3184,-3.59144,1.26973,-8.89692
1.82474,8.68386,25.8282,3.95118,25.297,-3.58403,1.27124,-8.89431
1.82571,8.67635,25.8583,3.95069,25.2756,-3.57661,1.27274,-8.8918
1.82692,8.66885,25.8882,3.95027,25.2542,-3.56918,1.27424,-8.88918
1.82774,8.60892,25.8678,3.91113,25.227,-3.5531,1.27819,-8.88404
1.8288,8.65348,25.9478,3.94911,25.2115,-3.55427,1.27721,-8.88404
1.82984,8.64561,25.9775,3.94839,25.1901,-3.5468,1.27869,-8.88152
1.83077,8.58661,25.9571,3.90993,25.1629,-3.53079,1.28255,-8.8764
1.83172,8.63073,26.0376,3.94763,25.1474,-3.53196,1.28157,-8.8764
1.83273,8.57874,25.9864,3.90926,25.1415,-3.52327,1.28401,-8.87375
1.83379,8.57169,26.0165,3.90915,25.1202,-3.5159,1.28541,-8.87126
1.83497,15.5182,23.949,9.11979,24.87,-3.65542,1.32579,-8.86097
1.83578,15.3584,24.0853,9.05179,24.9827,-3.50181,1.26,-8.87314
1.83672,15.4888,24.1905,9.1188,24.8981,-3.56987,1.27167,-8.86917
1.83778,15.5059,24.312,9.1169,24.8313,-3.61653,1.279,-8.86336
1.83884,15.5263,24.4222,9.12411,24.778,-3.64746,1.28219,-8.85722
1.83991,15.5693,24.5037,9.16105,24.7623,-3.64862,1.2812,-8.85722
1.84071,15.6036,24.6172,9.17225,24.6828,-3.69647,1.28721,-8.84278
1.84211,15.6632,24.7076,9.21262,24.6352,-3.72091,1.29093,-8.83488
1.84306,15.7295,24.7904,9.25863,24.5893,-3.74391,1.2949,-8.82642
1.84402,15.8009,24.8682,9.30955,24.5453,-3.76488,1.29889,-8.81744
1.84469,15.8335,24.8597,9.3272,24.5184,-3.78327,1.30394,-8.80808
1.84581,15.9107,24.9299,9.38374,24.4768,-3.80154,1.30804,-8.79821
1.84673,15.9888,24.997,9.44164,24.4362,-3.81863,1.31217,-8.7881
1.84774,16.0306,25.0796,9.4778,24.4205,-3.81979,1.31116,-8.7881
1.84869,16.1462,25.126,9.55992,24.358,-3.84935,1.32037,-8.76721
1.84975,16.2242,25.1865,9.6191,24.3201,-3.86344,1.32453,-8.75631
1.85072,16.2654,25.2694,9.65493,24.3042,-3.8646,1.32352,-8.75631
1.85169,16.3755,25.3031,9.73522,24.2472,-3.88844,1.33259,-8.73471
1.85276,16.4164,25.3864,9.77082,24.2314,-3.88959,1.33157,-8.73471
1.85373,16.4904,25.4423,9.82806,24.1955,-3.90116,1.33566,-8.72364
1.85469,16.5926,25.4673,9.90418,24.1418,-3.92066,1.34464,-8.70155
1.8557,16.6617,25.5196,9.95863,24.1077,-3.93004,1.34859,-8.69036
1.85665,16.7019,25.6034,9.99379,24.0918,-3.93119,1.34757,-8.69036
1.8577,16.7019,25.6034,9.99379,24.0918,-3.93119,1.34757,-8.69036
1.85871,16.8179,25.5894,10.0798,24.0247,-3.95284,1.36093,-8.6578
1.85973,16.881,25.639,10.1306,23.9918,-3.9599,1.36473,-8.64667
1.86077,16.9207,25.7232,10.1654,23.9759,-3.96105,1.3637,-8.64667
1.86173,16.9997,25.7382,10.227,23.9289,-3.97181,1.37177,-8.62572
1.86279,17.0567,25.786,10.2736,23.8977,-3.97712,1.37528,-8.61526
1.86375,17.0959,25.8707,10.3081,23.8817,-3.97827,1.37424,-8.61526
1.86489,17.1506,25.9187,10.3532,23.8512,-3.98297,1.37759,-8.60503
1.86574,17.2163,25.9267,10.4058,23.807,-3.98996,1.38521,-8.58487
1.86675,17.255,26.0119,10.4399,23.791,-3.9911,1.38417,-8.58487
1.86773,17.3046,26.0571,10.4815,23.7612,-3.99452,1.38739,-8.57497
1.86871,17.3224,25.9756,10.4935,23.7351,-3.99775,1.39564,-8.55568
1.86972,17.3607,26.061,10.5274,23.719,-3.9989,1.39459,-8.55568
1.87074,17.4117,26.064,10.5697,23.6777,-4.0017,1.40149,-8.53708
1.87178,17.4544,26.1077,10.6066,23.6492,-4.00314,1.40436,-8.52798
1.87271,17.4922,26.1936,10.6402,23.6331,-4.00428,1.4033,-8.52798
1.8738,17.5351,26.1953,10.677,23.5934,-4.00495,1.40973,-8.51053
1.87469,17.5726,26.2815,10.7103,23.5773,-4.00609,1.40867,-8.51053
1.87574,17.6107,26.3238,10.744,23.5496,-4.00652,1.41133,-8.5018
1.87675,17.6473,26.3664,10.7764,23.5223,-4.00662,1.41386,-8.49352
1.87772,17.6834,26.4094,10.8087,23.4947,-4.00645,1.41638,-8.48512
1.87877,17.7133,26.4036,10.8361,23.4571,-4.00404,1.42234,-8.46892
1.87972,17.7499,26.4905,10.8689,23.4409,-4.00517,1.42127,-8.46892
1.88074,17.7454,26.4442,10.8655,23.43,-4.00298,1.42475,-8.46096
1.88174,17.7684,26.4361,10.8878,23.3939,-3.99896,1.4303,-8.44592
1.88275,17.8046,26.5232,10.9204,23.3777,-4.0001,1.42923,-8.44592
1.88368,17.8332,26.5634,10.9472,23.3514,-3.99828,1.43139,-8.43851
1.88468,17.8606,26.604,10.9732,23.3255,-3.99627,1.43344,-8.43151
1.88575,17.8868,26.6433,10.9983,23.2995,-3.99398,1.4355,-8.4244
1.88672,17.9118,26.6822,11.0224,23.2738,-3.99148,1.43751,-8.41755
1.88773,17.9233,26.6708,11.0365,23.2391,-3.98471,1.44247,-8.40418
1.88873,17.9585,26.7588,11.0684,23.2228,-3.98583,1.44139,-8.40418
1.8897,17.9803,26.7965,11.0903,23.1975,-3.98271,1.44325,-8.39766
1.8914,17.9864,26.7834,11.1003,23.1639,-3.97482,1.44787,-8.38528
1.89201,17.9864,26.7834,11.1003,23.1639,-3.97482,1.44787,-8.38528
1.89354,18.0052,26.8199,11.12,23.1391,-3.97113,1.4496,-8.37928
1.89373,18.0238,26.8568,11.1395,23.1139,-3.9672,1.45133,-8.37319
1.89499,18.0415,26.8943,11.1584,23.089,-3.96317,1.45296,-8.36746
1.89583,18.0403,26.8794,11.1632,23.056,-3.95354,1.45721,-8.35628
1.89675,18.0743,26.9683,11.1943,23.0396,-3.95467,1.45612,-8.35628
1.89779,18.0893,27.0048,11.2113,23.0152,-3.95019,1.45764,-8.35082
1.89877,18.0837,26.9885,11.2127,22.9831,-3.93981,1.46164,-8.34047
1.89993,18.1172,27.0779,11.2435,22.9667,-3.94093,1.46054,-8.34047
1.90076,18.1086,27.0601,11.2427,22.9352,-3.93001,1.4644,-8.33055
1.90185,18.1417,27.1497,11.2733,22.9187,-3.93113,1.4633,-8.33055
1.90283,18.1196,27.0948,11.2566,22.9113,-3.92486,1.46576,-8.32576
1.90388,18.1303,27.1304,11.2703,22.8876,-3.9197,1.46703,-8.32106
1.90498,18.1398,27.1645,11.2831,22.8639,-3.9143,1.46832,-8.31647
1.90572,18.1493,27.2002,11.296,22.8399,-3.90881,1.46957,-8.31187
1.90671,18.1339,27.1802,11.2902,22.8088,-3.89638,1.47311,-8.30308
1.90771,18.1661,27.2705,11.3202,22.7923,-3.89749,1.472,-8.30308
1.90872,18.1982,27.361,11.3501,22.7758,-3.8986,1.47088,-8.30308
1.90989,18.1805,27.3409,11.3425,22.7452,-3.88591,1.47429,-8.2948
1.91093,18.1872,27.3768,11.3535,22.7214,-3.87994,1.4754,-8.29066
1.91194,18.192,27.4095,11.3628,22.6979,-3.87371,1.47656,-8.28663
1.91271,18.1653,27.352,11.3427,22.6911,-3.86643,1.47879,-8.28267
1.91395,18.1417,27.3265,11.3305,22.6613,-3.85268,1.48206,-8.27511
1.91475,18.173,27.4176,11.3599,22.6447,-3.85379,1.48093,-8.27511
1.91574,18.1763,27.4513,11.3682,22.6212,-3.84732,1.48198,-8.27151
1.9167,18.1512,27.4609,11.3579,22.5906,-3.83275,1.48535,-8.26452
1.9177,18.1819,27.5524,11.3869,22.574,-3.83386,1.48422,-8.26452
1.91878,18.1839,27.6205,11.3971,22.5514,-3.82784,1.48512,-8.261
1.91974,18.156,27.6663,11.3873,22.5238,-3.81496,1.4882,-8.25441
1.92068,18.1862,27.7583,11.416,22.5072,-3.81607,1.48706,-8.25441
1.92171,18.1863,27.8279,11.4246,22.4858,-3.81045,1.488,-8.25125
1.92276,18.1862,27.896,11.4329,22.4647,-3.80493,1.48892,-8.24815
1.92375,18.1553,27.8695,11.4119,22.4603,-3.79817,1.49106,-8.24517
1.92468,18.1834,28.0267,11.4472,22.423,-3.79377,1.49086,-8.24216
1.92572,18.152,27.9979,11.4254,22.4194,-3.78729,1.49289,-8.23933
1.92672,18.1504,28.0624,11.4322,22.399,-3.78204,1.4937,-8.23645
1.92772,18.1476,28.124,11.4378,22.3794,-3.77688,1.49446,-8.23375
1.92872,18.1452,28.1865,11.4437,22.3596,-3.77183,1.49515,-8.231
1.92967,18.1422,28.248,11.449,22.3401,-3.76684,1.49578,-8.22841
1.93075,18.1389,28.3086,11.454,22.3209,-3.76192,1.49635,-8.22576
1.93172,18.1351,28.3682,11.4585,22.3018,-3.75704,1.49686,-8.22328
1.93273,18.131,28.4269,11.4628,22.283,-3.75221,1.49732,-8.22073
1.93372,18.1264,28.4847,11.4665,22.2643,-3.7474,1.49771,-8.21834
1.93473,18.1214,28.5416,11.4699,22.2457,-3.74261,1.49805,-8.21588
1.9358,18.116,28.5977,11.4729,22.2273,-3.73782,1.49834,-8.21358
1.93675,18.1103,28.6529,11.4756,22.209,-3.73302,1.49856,-8.21121
1.93769,18.0767,28.6133,11.451,22.2076,-3.72713,1.4999,-8.20899
1.93869,18.0704,28.6668,11.4532,22.1895,-3.7223,1.50003,-8.2067
1.93975,18.0636,28.7196,11.4549,22.1715,-3.71746,1.50011,-8.20456
1.94072,18.0572,28.7735,11.4569,22.1532,-3.7126,1.50012,-8.20234
1.94175,18.0503,28.8266,11.4586,22.135,-3.7077,1.5001,-8.20027
1.94274,18.0432,28.879,11.46,22.1169,-3.70278,1.50004,-8.19811
1.94379,18.0356,28.9307,11.461,22.0988,-3.69783,1.49994,-8.19609
1.94469,17.9932,28.937,11.4362,22.0796,-3.68672,1.50081,-8.19203
1.94573,18.0194,29.032,11.4623,22.0628,-3.6878,1.49963,-8.19203
1.9467,18.0109,29.0816,11.4625,22.0448,-3.68272,1.49943,-8.18999
1.94768,17.9676,29.0845,11.4367,22.0259,-3.67143,1.5001,-8.18612
1.94876,17.9933,29.1799,11.4624,22.009,-3.67251,1.49892,-8.18612
1.94972,17.9837,29.2276,11.4618,21.9911,-3.66726,1.49863,-8.1842
1.95073,17.949,29.1801,11.4357,21.9901,-3.66099,1.49949,-8.1824
1.95179,17.939,29.2265,11.4347,21.9723,-3.65561,1.49915,-8.18047
1.95277,17.9286,29.2724,11.4333,21.9544,-3.65017,1.49879,-8.17867
1.95373,17.9185,29.3195,11.4324,21.9361,-3.64468,1.49839,-8.17678
1.95475,17.9081,29.3661,11.431,21.9179,-3.63912,1.49798,-8.17502
1.95575,17.8974,29.4122,11.4296,21.8996,-3.6335,1.49756,-8.17317
1.95683,17.8864,29.4577,11.4278,21.8814,-3.62783,1.49712,-8.17145
1.95778,17.8752,29.5027,11.4258,21.8632,-3.62209,1.49668,-8.16963
1.95876,17.8636,29.5471,11.4235,21.8449,-3.61629,1.49623,-8.16794
1.95982,17.8517,29.5911,11.4211,21.8266,-3.61042,1.49576,-8.16616
1.96078,17.8036,29.5806,11.3912,21.807,-3.59741,1.49601,-8.16276
1.96179,17.8036,29.5806,11.3912,21.807,-3.59741,1.49601,-8.16276
1.96287,17.791,29.623,11.3881,21.7887,-3.59133,1.49553,-8.16113
1.96384,17.7789,29.666,11.3855,21.7704,-3.58533,1.49503,-8.15945
1.96482,17.7664,29.7093,11.3825,21.7516,-3.57913,1.49452,-8.15785
1.96576,17.7537,29.7522,11.3795,21.7329,-3.57287,1.49401,-8.15615
1.96687,17.7406,29.7947,11.3762,21.7142,-3.56654,1.49351,-8.15457
1.96773,17.7274,29.8367,11.3727,21.6954,-3.56016,1.49301,-8.15289
1.9687,17.7138,29.8782,11.369,21.6767,-3.55372,1.49251,-8.15133
1.96974,17.7001,29.9193,11.3651,21.6579,-3.54721,1.49202,-8.14967
1.97077,17.686,29.96,11.361,21.6391,-3.54064,1.49153,-8.14813
1.97173,17.6718,30.0002,11.3568,21.6203,-3.53401,1.49104,-8.1465
1.97272,17.6572,30.0401,11.3522,21.6014,-3.52731,1.49056,-8.14498
1.97388,17.6208,29.9813,11.3245,21.5996,-3.51948,1.4913,-8.14336
1.97517,17.6059,30.0203,11.3197,21.5807,-3.51264,1.49083,-8.14187
1.97634,17.5909,30.0589,11.3149,21.5617,-3.50574,1.49036,-8.14027
1.97744,17.5762,30.099,11.3103,21.5424,-3.49879,1.48988,-8.13879
1.97841,17.5612,30.1388,11.3057,21.523,-3.49178,1.48941,-8.13721
1.97964,17.546,30.1782,11.3007,21.5037,-3.48472,1.48896,-8.13574
1.98064,17.546,30.1782,11.3007,21.5037,-3.48472,1.48896,-8.13574
1.98157,17.4785,30.1957,11.2628,21.4622,-3.46201,1.48888,-8.13111
1.9823,17.4785,30.1957,11.2628,21.4622,-3.46201,1.48888,-8.13111
1.9833,17.5194,30.3942,11.3074,21.4281,-3.46412,1.48642,-8.13111
1.98418,17.4663,30.3725,11.274,21.4052,-3.44804,1.48684,-8.12803
1.9852,17.4303,30.312,11.2465,21.4026,-3.43965,1.4877,-8.1266
1.98583,17.4503,30.4116,11.2685,21.3855,-3.44071,1.48646,-8.1266
1.98672,17.3965,30.3839,11.234,21.3638,-3.42464,1.48701,-8.12363
1.98777,17.3795,30.4207,11.2278,21.3439,-3.41698,1.48667,-8.12208
1.98877,17.3989,30.5206,11.2494,21.3268,-3.41803,1.48543,-8.12208
1.98974,17.3454,30.4945,11.2154,21.3043,-3.40166,1.48601,-8.11914
1.99081,17.3284,30.5315,11.2092,21.2845,-3.39401,1.48569,-8.1177
1.99174,17.3105,30.567,11.2023,21.2646,-3.38613,1.48539,-8.11627
1.99274,17.2932,30.6035,11.1959,21.2448,-3.37839,1.48509,-8.11477
1.99376,17.2756,30.6396,11.1892,21.2249,-3.37059,1.4848,-8.11338
1.99493,17.294,30.7402,11.2102,21.2077,-3.37163,1.48355,-8.11338
1.99575,17.2446,30.712,11.178,21.1637,-3.35672,1.48522,-8.11025
1.99687,17.2104,30.6454,11.1513,21.1449,-3.3475,1.4865,-8.10875
1.99791,17.1936,30.6776,11.1447,21.1082,-3.33916,1.48682,-8.10732
1.99873,17.1774,30.7108,11.1386,21.0714,-3.33106,1.48742,-8.10579
1.99975,17.1614,30.7455,11.1327,21.035,-3.32306,1.48827,-8.10438
2.00071,17.1455,30.78,11.1268,20.9982,-3.31521,1.48939,-8.10281
2.00173,17.1294,30.8141,11.1206,20.9611,-3.30746,1.49076,-8.10136
2.00329,17.1134,30.8477,11.1145,20.9235,-3.29978,1.49237,-8.09974
2.0045,17.0972,30.881,11.1082,20.8856,-3.29217,1.49419,-8.09826
2.00562,17.0972,30.881,11.1082,20.8856,-3.29217,1.49419,-8.09826
2.00652,17.0647,30.9463,11.0952,20.8086,-3.27711,1.49847,-8.0951
2.00747,17.0647,30.9463,11.0952,20.8086,-3.27711,1.49847,-8.0951
2.00828,17.0976,31.1504,11.1346,20.7742,-3.27919,1.49593,-8.0951
2.00909,16.9982,30.9416,11.0552,20.7089,-3.25318,1.50774,-8.09006
2.00972,16.9814,30.9731,11.0482,20.6692,-3.24575,1.51075,-8.08848
2.01078,16.9639,31.0007,11.0404,20.6278,-3.23816,1.51402,-8.0867
2.01176,16.9475,31.0328,11.0336,20.588,-3.23089,1.51728,-8.08515
2.01273,16.9312,31.0645,11.0268,20.5479,-3.22367,1.52069,-8.08342
2.01372,16.9146,31.096,11.0198,20.5075,-3.21649,1.52423,-8.08183
2.01479,16.8981,31.127,11.0129,20.4668,-3.20933,1.52791,-8.08007
2.01574,16.8814,31.1577,11.0056,20.4259,-3.20219,1.53171,-8.07846
2.01678,16.8647,31.188,10.9985,20.3846,-3.19506,1.53565,-8.07667
2.01796,16.8795,31.2912,11.0171,20.3674,-3.19609,1.53436,-8.07667
2.01876,16.8308,31.2476,10.9836,20.3013,-3.18084,1.54387,-8.07321
2.02007,16.8308,31.2476,10.9836,20.3013,-3.18084,1.54387,-8.07321
2.02112,16.7817,31.2009,10.9496,20.2336,-3.16547,1.55395,-8.06966
2.02173,16.7641,31.2299,10.9417,20.1933,-3.1579,1.55755,-8.06805
2.02276,16.7465,31.2584,10.9338,20.1511,-3.15053,1.56238,-8.06618
2.02371,16.7289,31.288,10.926,20.1104,-3.14308,1.56719,-8.06453
2.02473,16.7112,31.3172,10.9181,20.0705,-3.13575,1.57198,-8.06267
2.02572,16.6934,31.3463,10.91,20.0311,-3.12863,1.57682,-8.06087
2.02682,16.6753,31.3754,10.9017,19.9924,-3.12164,1.58169,-8.05912
2.02813,16.6573,31.4043,10.8934,19.9542,-3.11469,1.58657,-8.0572
2.02872,16.6389,31.4331,10.8849,19.9166,-3.10772,1.59142,-8.05543
2.02973,16.6206,31.4611,10.8764,19.8804,-3.10084,1.59615,-8.05353
2.03094,16.5892,31.385,10.8504,19.8612,-3.09276,1.60222,-8.05175
2.03174,16.5705,31.4131,10.8418,19.8253,-3.08564,1.60696,-8.04981
2.03274,16.5515,31.4411,10.8329,19.7899,-3.07845,1.61165,-8.04801
2.03374,16.5329,31.4708,10.8245,19.7546,-3.07121,1.61627,-8.04607
2.03472,16.5138,31.5003,10.8157,19.7198,-3.06391,1.62083,-8.04425
2.03571,16.4947,31.5296,10.807,19.6855,-3.05655,1.62534,-8.04231
2.03669,16.4753,31.5587,10.798,19.6517,-3.04915,1.62979,-8.04049
2.03774,16.4559,31.587,10.789,19.619,-3.04184,1.63408,-8.03857
2.03884,16.4362,31.6151,10.7798,19.5867,-3.03446,1.63829,-8.03677
2.03973,16.4162,31.6436,10.7705,19.5541,-3.02686,1.64251,-8.03481
2.04068,16.3848,31.5663,10.7448,19.5391,-3.01818,1.64798,-8.03296
2.04175,16.3646,31.5942,10.7354,19.5072,-3.01045,1.65206,-8.031
2.0427,16.3446,31.6236,10.7262,19.4759,-3.00282,1.65596,-8.02918
2.04371,16.3244,31.6532,10.717,19.4443,-2.99496,1.65987,-8.02721
2.04474,16.3041,31.6821,10.7075,19.4137,-2.98721,1.66362,-8.02538
2.04582,16.2834,31.7113,10.6981,19.3828,-2.97923,1.66738,-8.0234
2.04672,16.2625,31.7403,10.6883,19.3521,-2.97119,1.67106,-8.02152
2.04773,16.2415,31.7691,10.6786,19.3218,-2.9631,1.67466,-8.01954
2.04871,16.2204,31.7972,10.6687,19.2924,-2.95511,1.67811,-8.0177
2.04971,16.199,31.8257,10.6587,19.2626,-2.94689,1.68155,-8.01571
2.05072,16.1775,31.8535,10.6486,19.2337,-2.93877,1.68485,-8.01386
2.05181,16.156,31.8811,10.6384,19.205,-2.93058,1.68806,-8.0119
2.05266,16.1249,31.8018,10.6131,19.1938,-2.92132,1.69252,-8.01005
2.05371,16.1029,31.8295,10.6028,19.1649,-2.91281,1.69564,-8.00804
2.05473,16.0813,31.8587,10.5928,19.1365,-2.90443,1.6986,-8.00618
2.05571,16.0594,31.8881,10.5828,19.1077,-2.89582,1.70156,-8.00416
2.0567,16.0372,31.9174,10.5725,19.0791,-2.88716,1.70446,-8.00225
2.05772,16.0151,31.946,10.5622,19.0513,-2.87864,1.70723,-8.00028
2.05873,15.9928,31.9744,10.5518,19.0237,-2.87005,1.70993,-7.9984
2.05974,15.9703,32.0032,10.5413,18.9957,-2.86123,1.71262,-7.99637
2.06078,15.9474,32.0318,10.5306,18.968,-2.85237,1.71525,-7.99445
2.06169,15.9245,32.0602,10.5199,18.9404,-2.84345,1.71782,-7.99242
2.06276,15.9013,32.0885,10.509,18.9129,-2.83448,1.72033,-7.9905
2.0637,15.8784,32.1161,10.4981,18.8863,-2.82564,1.72272,-7.98851
2.06471,15.8549,32.144,10.487,18.8592,-2.81657,1.7251,-7.98658
2.06569,15.8244,32.0633,10.4624,18.8501,-2.80663,1.72872,-7.98458
2.06673,15.8011,32.0904,10.4513,18.8238,-2.79762,1.73092,-7.98268
2.06774,15.778,32.1194,10.4406,18.7973,-2.78856,1.73305,-7.98067
2.06875,15.7546,32.1483,10.4297,18.7709,-2.77945,1.73513,-7.97876
2.06969,15.731,32.1775,10.4188,18.7442,-2.77011,1.73719,-7.97669
2.07074,15.7074,32.2061,10.4077,18.7181,-2.76092,1.73918,-7.97472
2.07174,15.6834,32.235,10.3965,18.6916,-2.75149,1.74115,-7.97275
2.0727,15.6896,32.3437,10.4094,18.6743,-2.75247,1.73979,-7.97275
2.07372,15.6356,32.2912,10.374,18.6402,-2.73289,1.74487,-7.96878
2.07473,15.6112,32.3196,10.3625,18.6141,-2.72333,1.7467,-7.96669
2.07573,15.5869,32.3474,10.351,18.5887,-2.71392,1.74845,-7.96475
2.07752,15.5625,32.375,10.3395,18.5634,-2.70446,1.75014,-7.96269
2.07826,15.5625,32.375,10.3395,18.5634,-2.70446,1.75014,-7.96269
2.07925,15.5379,32.4025,10.3277,18.5381,-2.69494,1.75179,-7.96074
2.07974,15.4829,32.3485,10.2919,18.5042,-2.67441,1.75641,-7.95662
2.08125,15.4577,32.3764,10.28,18.4783,-2.66438,1.75802,-7.95447
2.08225,15.4625,32.486,10.292,18.461,-2.66535,1.75666,-7.95447
2.08318,15.4081,32.4346,10.2568,18.4276,-2.64484,1.761,-7.95039
2.08439,15.4125,32.5444,10.2686,18.4103,-2.64581,1.75963,-7.95039
2.0852,15.3872,32.5736,10.2566,18.3849,-2.63591,1.76109,-7.94838
2.08626,15.3309,32.5186,10.2202,18.3509,-2.61443,1.76543,-7.94413
2.08666,15.305,32.5456,10.2078,18.3257,-2.60424,1.76686,-7.94197
2.08772,15.2788,32.5724,10.1951,18.3006,-2.59401,1.76826,-7.93993
2.0887,15.2534,32.6003,10.1831,18.2762,-2.58419,1.76954,-7.93786
2.08974,15.2244,32.5176,10.1598,18.2692,-2.57335,1.77216,-7.93589
2.09064,15.2279,32.628,10.1709,18.252,-2.57432,1.77079,-7.93589
2.09173,15.2023,32.6556,10.1587,18.2278,-2.5644,1.77199,-7.9338
2.09276,15.1476,32.6023,10.1234,18.196,-2.5433,1.7757,-7.92965
2.09397,15.1506,32.713,10.1342,18.1788,-2.54426,1.77432,-7.92965
2.09471,15.124,32.7411,10.1215,18.1538,-2.53384,1.77549,-7.92756
2.09581,15.0981,32.7702,10.1093,18.1296,-2.52382,1.77658,-7.92543
2.09697,15.1005,32.8812,10.1197,18.1124,-2.52478,1.77519,-7.92543
2.09772,15.0741,32.9081,10.1069,18.0886,-2.51471,1.77627,-7.92341
2.09875,15.0187,32.8508,10.071,18.058,-2.49327,1.77972,-7.91918
2.09972,15.0187,32.8508,10.071,18.058,-2.49327,1.77972,-7.91918
2.10072,14.9632,32.7905,10.0348,18.0279,-2.47163,1.78309,-7.91493
2.1019,14.9363,32.8171,10.0218,18.0039,-2.46112,1.78403,-7.91271
2.10283,14.9379,32.9286,10.0317,17.9867,-2.46208,1.78264,-7.91271
2.10373,14.9112,32.957,10.0189,17.9629,-2.45176,1.78353,-7.91064
2.10478,14.8559,32.8997,9.98327,17.9325,-2.42984,1.78666,-7.90633
2.1059,14.857,33.0115,9.99277,17.9152,-2.4308,1.78527,-7.90633
2.10692,14.8295,33.0377,9.97946,17.8915,-2.42016,1.78613,-7.90408
2.10773,14.7742,32.9793,9.94375,17.8614,-2.39805,1.78916,-7.89971
2.10871,14.7747,33.0915,9.95291,17.8442,-2.39901,1.78776,-7.89971
2.10977,14.7469,33.1173,9.93927,17.8206,-2.38827,1.78857,-7.89756
2.11073,14.6912,32.9457,9.89458,17.808,-2.36501,1.79289,-7.89316
2.11171,14.6914,33.058,9.90351,17.7908,-2.36596,1.79149,-7.89316
2.11276,14.6364,33.0002,9.86824,17.7607,-2.34355,1.79433,-7.88867
2.11372,14.6362,33.1127,9.87694,17.7436,-2.3445,1.79292,-7.88867
2.11486,14.6082,33.14,9.86339,17.7199,-2.33361,1.79363,-7.88648
2.11582,14.5808,33.1689,9.85033,17.6963,-2.32296,1.79429,-7.88421
2.11669,14.5253,33.1099,9.81477,17.6663,-2.30017,1.79707,-7.87967
2.11772,14.5244,33.2228,9.82301,17.6492,-2.30112,1.79566,-7.87967
2.1188,14.4694,33.1648,9.78783,17.6196,-2.27849,1.79836,-7.87514
2.1197,14.441,33.1911,9.77397,17.5963,-2.2675,1.79901,-7.8729
2.12071,14.4397,33.3043,9.78186,17.5791,-2.26844,1.7976,-7.8729
2.12164,14.3866,33.1336,9.73925,17.5671,-2.24498,1.8016,-7.86837
2.12271,14.3582,33.1595,9.72542,17.5439,-2.23393,1.80222,-7.86598
2.1237,14.3565,33.2728,9.73309,17.5268,-2.23487,1.8008,-7.86598
2.12469,14.3284,33.3026,9.71971,17.5034,-2.22404,1.80134,-7.86374
2.12571,14.2738,33.246,9.68506,17.4739,-2.20118,1.80387,-7.85908
2.12678,14.2716,33.3597,9.69239,17.4568,-2.20212,1.80245,-7.85908
2.12781,14.2428,33.3872,9.67847,17.4335,-2.19103,1.80302,-7.85666
2.12868,14.2144,33.4162,9.66478,17.4105,-2.18016,1.80354,-7.85438
2.12966,14.1854,33.4433,9.6507,17.3874,-2.16904,1.80409,-7.85194
2.13075,14.1563,33.4703,9.63645,17.3643,-2.15791,1.80463,-7.84961
2.1317,14.1011,33.4095,9.60122,17.3354,-2.13466,1.80711,-7.84481
2.13271,14.0979,33.5237,9.60786,17.3184,-2.13559,1.80568,-7.84481
2.13369,14.0432,33.464,9.57302,17.2898,-2.1125,1.8081,-7.84002
2.1347,14.0174,33.3757,9.55226,17.2841,-2.10034,1.81002,-7.83754
2.13584,14.0139,33.4901,9.55866,17.267,-2.10127,1.80859,-7.83754
2.13672,13.96,33.4331,9.5246,17.2384,-2.07832,1.8109,-7.83275
2.13767,13.9561,33.5477,9.53077,17.2214,-2.07925,1.80947,-7.83275
2.13871,13.9265,33.5755,9.51638,17.1984,-2.06799,1.80993,-7.83034
2.13974,13.8723,33.5176,9.48209,17.1698,-2.04477,1.81223,-7.82543
2.14066,13.8428,33.5448,9.46774,17.147,-2.03349,1.81267,-7.82289
2.14216,13.8382,33.6598,9.47345,17.13,-2.03441,1.81124,-7.82289
2.14276,13.7844,33.6023,9.43949,17.1018,-2.01138,1.81348,-7.81798
2.14373,13.7546,33.629,9.4248,17.0792,-2.00006,1.81391,-7.81551
2.14484,13.7495,33.7442,9.43016,17.0622,-2.00098,1.81247,-7.81551
2.14568,13.7199,33.7726,9.41581,17.0398,-1.98989,1.81286,-7.81297
2.147,13.6957,33.6854,9.39613,17.0344,-1.97786,1.81468,-7.81053
2.14787,13.6657,33.7116,9.38135,17.0119,-1.9665,1.81508,-7.80792
2.14871,13.6355,33.7377,9.36641,16.9896,-1.95511,1.81548,-7.80541
2.14973,13.6055,33.7658,9.35179,16.9668,-1.94372,1.81585,-7.80279
2.15075,13.5512,33.7057,9.31754,16.9385,-1.91999,1.81803,-7.79763
2.15166,13.545,33.8215,9.32221,16.9216,-1.9209,1.81659,-7.79763
2.1527,13.5147,33.8491,9.30727,16.899,-1.90949,1.81696,-7.79509
2.1537,13.461,33.7895,9.27341,16.8712,-1.88598,1.8191,-7.78989
2.15473,13.4543,33.9056,9.27774,16.8543,-1.88689,1.81765,-7.78989
2.15581,13.4006,33.8451,9.24381,16.8267,-1.86334,1.81978,-7.78469
2.1567,13.3701,33.8739,9.2289,16.8041,-1.85189,1.82011,-7.78211
2.15771,13.363,33.9903,9.23288,16.7872,-1.8528,1.81866,-7.78211
2.15873,13.317,33.8137,9.19539,16.7769,-1.82854,1.82219,-7.7769
2.1597,13.2865,33.8397,9.18026,16.7548,-1.81705,1.82253,-7.77417
2.16084,13.279,33.9562,9.18401,16.738,-1.81795,1.82107,-7.77417
2.16172,13.2487,33.9861,9.16924,16.7157,-1.8067,1.82135,-7.7716
2.16274,13.2183,34.0158,9.15449,16.6935,-1.79544,1.82163,-7.7689
2.16437,13.1647,33.9564,9.12087,16.6656,-1.77156,1.82369,-7.76347
2.16496,13.1337,33.9837,9.10555,16.6435,-1.76006,1.824,-7.7608
2.16579,13.1254,34.1006,9.10872,16.6267,-1.76097,1.82254,-7.7608
2.16691,13.094,34.1282,9.09319,16.6042,-1.74922,1.82286,-7.75796
2.16788,13.0632,34.1569,9.07799,16.5824,-1.73796,1.82314,-7.75534
2.16868,13.032,34.1837,9.06245,16.5605,-1.72643,1.82344,-7.75254
2.16977,12.9784,34.1193,9.02852,16.5336,-1.70244,1.82549,-7.74702
2.17068,12.9562,34.028,9.01022,16.5286,-1.68996,1.82724,-7.74431
2.17169,12.9471,34.1454,9.01281,16.5119,-1.69086,1.82578,-7.74431
2.17276,12.8947,34.0856,8.97997,16.485,-1.66726,1.82771,-7.73885
2.17372,12.8634,34.1134,8.96454,16.463,-1.65566,1.82797,-7.73598
2.17475,12.8538,34.231,8.96678,16.4462,-1.65655,1.8265,-7.73598
2.17579,12.8226,34.2605,8.95143,16.4244,-1.64519,1.82673,-7.73328
2.17673,12.7915,34.2897,8.93612,16.4026,-1.63382,1.82695,-7.73045
2.17769,12.7598,34.317,8.92026,16.3809,-1.62221,1.8272,-7.72766
2.17872,12.7281,34.3441,8.90446,16.3591,-1.61058,1.82745,-7.72475
2.17976,12.6962,34.371,8.88848,16.3375,-1.59894,1.82769,-7.72195
2.18073,12.6644,34.3977,8.87256,16.3158,-1.58728,1.82794,-7.71902
2.18168,12.6223,34.214,8.83768,16.306,-1.56214,1.83136,-7.71326
2.18279,12.6115,34.3323,8.83911,16.2894,-1.56303,1.82989,-7.71326
2.1837,12.6004,34.4506,8.84042,16.2727,-1.56391,1.82841,-7.71326
2.1847,12.5481,34.3885,8.80757,16.2461,-1.53986,1.8303,-7.70753
2.18575,12.516,34.4164,8.79155,16.2243,-1.52814,1.83051,-7.70467
2.18672,12.4836,34.4425,8.77525,16.2025,-1.51619,1.83075,-7.70164
2.18781,12.4514,34.4702,8.75914,16.1808,-1.50447,1.83097,-7.69876
2.18874,12.399,34.4061,8.72621,16.1543,-1.48014,1.83288,-7.69289
2.18978,12.387,34.5249,8.72683,16.1377,-1.48102,1.8314,-7.69289
2.1907,12.3547,34.552,8.71065,16.1162,-1.46929,1.83162,-7.68988
2.19189,12.3228,34.5807,8.69465,16.0948,-1.4578,1.83181,-7.68703
2.19283,12.3029,34.4883,8.67807,16.09,-1.44518,1.83352,-7.684
2.19375,12.2706,34.5147,8.66172,16.0686,-1.43344,1.83374,-7.68107
2.19483,12.2383,34.5409,8.64542,16.0472,-1.42171,1.83398,-7.67802
2.19574,12.2059,34.5691,8.62919,16.0255,-1.40998,1.8342,-7.67501
2.19673,12.1733,34.5966,8.61274,16.0037,-1.3984,1.83451,-7.67203
2.19786,12.1388,34.6242,8.59731,15.9817,-1.37944,1.83486,-7.66891
2.19883,12.1035,34.6515,8.58221,15.9605,-1.35731,1.83502,-7.66597
2.19972,12.0682,34.6785,8.5672,15.9393,-1.33499,1.83521,-7.66294
2.20084,12.0327,34.7052,8.552,15.9183,-1.31251,1.83541,-7.66002
2.20182,11.9972,34.7316,8.53686,15.8973,-1.28986,1.83561,-7.657
2.20269,11.9615,34.7578,8.52154,15.8764,-1.26706,1.83583,-7.6541
2.20375,11.94,34.6638,8.50718,15.8721,-1.24324,1.83754,-7.65109
2.20483,11.9043,34.6893,8.49185,15.8514,-1.22014,1.83777,-7.6482
2.2058,11.8685,34.7146,8.47658,15.8307,-1.1969,1.83799,-7.6452
2.20672,11.8328,34.742,8.46119,15.8098,-1.17449,1.83819,-7.64232
2.20772,11.797,34.7692,8.44585,15.7891,-1.15193,1.83839,-7.63932
2.20874,11.7611,34.7961,8.43033,15.7684,-1.12922,1.83859,-7.63644
2.20979,11.7251,34.8228,8.41487,15.7478,-1.10636,1.83879,-7.63344
2.2108,11.689,34.8492,8.39924,15.7274,-1.08334,1.83899,-7.63056
2.21176,11.6528,34.8753,8.38368,15.707,-1.06017,1.83918,-7.62757
2.21278,11.6164,34.9012,8.36793,15.6868,-1.03686,1.83937,-7.62469
2.2138,11.5801,34.9268,8.35226,15.6666,-1.0134,1.83955,-7.62168
2.21475,11.5436,34.9522,8.3364,15.6465,-0.989808,1.83972,-7.6188
2.21577,11.5231,34.8567,8.3228,15.6427,-0.965229,1.84139,-7.61579
2.21669,11.4865,34.8816,8.30696,15.6228,-0.941375,1.84155,-7.6129
2.21778,11.45,34.9062,8.29119,15.6029,-0.917397,1.8417,-7.60988
2.2188,11.4134,34.933,8.27527,15.5827,-0.894279,1.84183,-7.60698
2.21976,11.3769,34.9595,8.25941,15.5627,-0.871017,1.84194,-7.60395
2.22077,11.3401,34.9859,8.24338,15.5427,-0.847628,1.84205,-7.60104
2.22172,11.3034,35.012,8.22742,15.5228,-0.824094,1.84216,-7.598
2.22277,11.2664,35.0378,8.21129,15.503,-0.800417,1.84226,-7.59508
2.22371,11.2295,35.0634,8.19523,15.4833,-0.776602,1.84236,-7.59203
2.22471,11.1924,35.0887,8.17899,15.4636,-0.752652,1.84245,-7.58909
2.2258,11.1553,35.1139,8.16283,15.4441,-0.728572,1.84253,-7.58603
2.22672,11.118,35.1387,8.14649,15.4246,-0.704363,1.84261,-7.58307
2.22776,11.0807,35.1634,8.13023,15.4051,-0.680033,1.84268,-7.57999
2.22873,11.0614,35.0663,8.11738,15.4019,-0.654739,1.84426,-7.57703
2.22977,11.0241,35.0904,8.10114,15.3825,-0.630173,1.84431,-7.57393
2.23087,10.9867,35.1144,8.08478,15.3633,-0.605492,1.84436,-7.57089
2.23181,10.9493,35.1405,8.06833,15.3437,-0.58169,1.84439,-7.56789
2.23273,10.9119,35.1664,8.05193,15.3242,-0.557759,1.8444,-7.56477
2.23374,10.8744,35.1921,8.03536,15.3048,-0.533711,1.84442,-7.56176
2.23486,10.8368,35.2176,8.01888,15.2854,-0.509528,1.84443,-7.55862
2.2358,10.7991,35.2428,8.00222,15.2662,-0.48521,1.84444,-7.55559
2.237,10.7614,35.2677,7.98564,15.247,-0.460763,1.84444,-7.55244
2.23772,10.7429,35.1703,7.97341,15.2438,-0.435355,1.84596,-7.54939
2.23871,10.7053,35.1948,7.95685,15.2248,-0.410661,1.84596,-7.54622
2.23979,10.6674,35.219,7.94013,15.2057,-0.385847,1.84596,-7.54315
2.24073,10.6297,35.2453,7.92347,15.1864,-0.36191,1.84594,-7.53995
2.24178,10.5917,35.2715,7.90662,15.1672,-0.33784,1.84591,-7.53686
2.24279,10.5539,35.2974,7.88986,15.148,-0.313651,1.84587,-7.53365
2.24379,10.5158,35.3231,7.87293,15.129,-0.28932,1.84584,-7.53054
2.24526,10.4777,35.3485,7.85608,15.11,-0.264852,1.84581,-7.52731
2.24629,10.4395,35.3737,7.83906,15.091,-0.240249,1.84578,-7.52418
2.24708,10.4188,35.4965,7.8336,15.0752,-0.241075,1.84425,-7.52418
2.24797,10.3838,35.3006,7.8106,15.0692,-0.189832,1.84724,-7.51778
2.2487,10.3456,35.325,7.79368,15.0505,-0.164852,1.8472,-7.51451
2.24977,10.3069,35.3472,7.77638,15.0318,-0.1391,1.84718,-7.51128
2.25073,10.2687,35.3735,7.75936,15.0127,-0.114893,1.84714,-7.50799
2.25188,10.2303,35.3996,7.74215,14.9938,-0.0905487,1.84707,-7.5048
2.25275,10.1922,35.4252,7.72528,14.9754,-0.065756,1.84698,-7.50156
2.25405,10.1539,35.4504,7.70824,14.957,-0.0408154,1.8469,-7.49842
2.25475,10.132,35.5736,7.70195,14.9413,-0.0416339,1.84537,-7.49842
2.25588,10.0772,35.5001,7.67415,14.9204,0.00942832,1.84674,-7.49196
2.25672,10.0772,35.5001,7.67415,14.9204,0.00942832,1.84674,-7.49196
2.25773,10.0223,35.4235,7.64632,14.8997,0.0615582,1.84806,-7.4854
2.2588,9.98363,35.4479,7.62901,14.8811,0.0866664,1.848,-7.48198
2.25997,9.96106,35.5714,7.62225,14.8654,0.0858519,1.84647,-7.48198
2.26088,9.90708,35.5,7.59439,14.844,0.134459,1.84783,-7.47537
2.2617,9.88418,35.6236,7.58739,14.8284,0.133647,1.84629,-7.47537
2.26276,9.84545,35.6475,7.5695,14.81,0.157413,1.84622,-7.47203
2.2638,9.79202,35.5728,7.54112,14.789,0.204063,1.84756,-7.46526
2.26473,9.76862,35.6966,7.53377,14.7734,0.203254,1.84603,-7.46526
2.26571,9.7302,35.72,7.51571,14.7551,0.225842,1.84594,-7.46176
2.26679,9.67759,35.6441,7.4871,14.7343,0.270308,1.84725,-7.4549
2.26785,9.65369,35.7681,7.4794,14.7188,0.269502,1.84571,-7.4549
2.26867,9.61533,35.7909,7.46095,14.7006,0.29106,1.84561,-7.45146
2.26972,9.58775,35.5898,7.44018,14.6953,0.334423,1.84844,-7.44444
2.27067,9.56353,35.7139,7.43223,14.6798,0.333619,1.8469,-7.44444
2.27171,9.51215,35.6386,7.40359,14.6587,0.375029,1.84816,-7.43739
2.27266,9.47387,35.6652,7.38504,14.6399,0.395121,1.848,-7.43386
2.27374,9.44915,35.7895,7.37674,14.6245,0.394321,1.84646,-7.43386
2.27472,9.39856,35.717,7.34822,14.6033,0.433646,1.84773,-7.42678
2.27569,9.37351,35.8415,7.33968,14.5879,0.432848,1.84618,-7.42678
2.27673,9.32309,35.7661,7.31087,14.5668,0.471628,1.84748,-7.41954
2.27766,9.29772,35.8907,7.3021,14.5514,0.470831,1.84593,-7.41954
2.27875,9.2475,35.8168,7.27326,14.53,0.508724,1.84723,-7.41223
2.27982,9.20976,35.8396,7.25428,14.5119,0.527164,1.84714,-7.40846
2.28071,9.18389,35.9644,7.24515,14.4966,0.526371,1.84559,-7.40846
2.28163,9.16085,35.764,7.22573,14.4909,0.563518,1.84845,-7.40111
2.28269,9.12324,35.7863,7.20657,14.4728,0.581421,1.84836,-7.39738
2.28373,9.09704,35.9112,7.19721,14.4575,0.58063,1.84681,-7.39738
2.28538,9.04822,35.8391,7.1687,14.4359,0.615983,1.84811,-7.3899
2.28623,9.01051,35.8633,7.1495,14.4175,0.633379,1.84802,-7.38601
2.28723,8.98382,35.9883,7.13978,14.4023,0.632591,1.84647,-7.38601
2.28828,8.93432,35.9138,7.11065,14.38,0.668043,1.84785,-7.37822
2.28872,8.89633,35.9396,7.09117,14.3614,0.684962,1.84778,-7.3744
2.28971,8.86915,36.0649,7.0811,14.3462,0.684177,1.84623,-7.3744
2.29071,8.82081,35.9884,7.05217,14.3246,0.718359,1.84769,-7.36662
2.29172,8.81074,35.886,7.04295,14.3215,0.73566,1.84922,-7.36266
2.29269,8.78323,36.0113,7.03263,14.3065,0.734877,1.84766,-7.36266
2.29376,8.73612,35.9376,7.00433,14.2849,0.767662,1.8491,-7.35493
2.2947,8.69837,35.9622,6.98465,14.2665,0.78383,1.84907,-7.35101
2.2957,8.67036,36.0878,6.97397,14.2515,0.783051,1.84752,-7.35101
2.2968,8.63282,36.1143,6.95447,14.2331,0.798775,1.84747,-7.34705
2.29778,8.58589,36.039,6.926,14.2115,0.83103,1.84898,-7.33909
2.29905,8.55739,36.1647,6.91497,14.1965,0.830255,1.84742,-7.33909
2.29978,8.51954,36.1886,6.89499,14.1782,0.84602,1.84743,-7.33511
2.30087,8.51084,36.0885,6.88656,14.1749,0.862151,1.84897,-7.33108
2.30177,8.44415,36.2378,6.8552,14.1417,0.876986,1.84742,-7.32706
2.30273,8.43556,36.1352,6.84671,14.1384,0.893284,1.849,-7.32291
2.30374,8.38932,36.0575,6.81831,14.1166,0.924885,1.85061,-7.3147
2.30473,8.36001,36.1835,6.80668,14.1017,0.924115,1.84905,-7.3147
2.30575,8.32206,36.2087,6.78656,14.0832,0.939421,1.84907,-7.31062
2.30672,8.27627,36.1341,6.75844,14.0612,0.970249,1.85068,-7.30241
2.30772,8.24647,36.2603,6.74646,14.0464,0.969482,1.84912,-7.30241
2.30896,8.20864,36.2848,6.72631,14.028,0.984558,1.84917,-7.29818
2.3098,8.17094,36.3111,6.70621,14.0097,0.999262,1.84921,-7.29414
2.31086,8.1331,36.3351,6.68596,13.9914,1.01422,1.84928,-7.28988
2.31208,8.09524,36.359,6.66563,13.9732,1.02912,1.84936,-7.28567
2.31276,8.05681,36.3831,6.64498,13.9546,1.04427,1.84945,-7.28142
2.31379,8.04978,36.2801,6.63733,13.9511,1.05982,1.85112,-7.27713
2.31511,8.01901,36.4066,6.62463,13.9364,1.05906,1.84955,-7.27713
2.31576,7.97443,36.3265,6.59665,13.9148,1.08929,1.85133,-7.26863
2.31708,7.93617,36.3498,6.57597,13.8963,1.10426,1.85145,-7.26433
2.31791,7.89803,36.3729,6.55536,13.8778,1.11918,1.85159,-7.25991
2.31873,7.86,36.3978,6.53481,13.8594,1.13376,1.8517,-7.25568
2.31973,7.82206,36.4226,6.51432,13.841,1.14828,1.85183,-7.25134
2.32078,7.78404,36.4472,6.4937,13.8227,1.16275,1.85197,-7.24709
2.32175,7.7402,36.3688,6.46611,13.8008,1.19232,1.85383,-7.23844
2.3227,7.70813,36.4957,6.45245,13.7862,1.19157,1.85226,-7.23844
2.32385,7.70246,36.3927,6.44561,13.7826,1.20668,1.85399,-7.23404
2.32479,7.65947,36.315,6.41848,13.7608,1.23575,1.85587,-7.22538
2.32577,7.62707,36.442,6.40458,13.7463,1.235,1.8543,-7.22538
2.32666,7.58371,36.3681,6.37744,13.724,1.26393,1.85617,-7.21667
2.32772,7.55098,36.4952,6.3633,13.7096,1.26318,1.8546,-7.21667
2.32871,7.51244,36.5228,6.34239,13.691,1.27734,1.85476,-7.2123
2.32983,7.47455,36.5497,6.32179,13.6728,1.29116,1.85493,-7.20791
2.3307,7.43641,36.5744,6.30086,13.6547,1.30524,1.85513,-7.20352
2.33174,7.39838,36.5989,6.28003,13.6367,1.31929,1.85534,-7.19901
2.33274,7.35593,36.5197,6.253,13.615,1.34807,1.85736,-7.19005
2.33373,7.32224,36.647,6.23814,13.6007,1.34733,1.85578,-7.19005
2.33472,7.28412,36.6708,6.21709,13.5828,1.36132,1.85601,-7.18561
2.3357,7.24627,36.6964,6.1963,13.5649,1.375,1.85621,-7.18114
2.33666,7.20816,36.7197,6.17518,13.5471,1.38897,1.85644,-7.17667
2.33778,7.20449,36.6154,6.16951,13.5434,1.40365,1.85825,-7.17207
2.33869,7.17016,36.7429,6.15417,13.5292,1.40291,1.85667,-7.17207
2.33972,7.12871,36.661,6.1275,13.5078,1.43153,1.85873,-7.16295
2.3407,7.08667,36.5789,6.10059,13.4857,1.46068,1.86083,-7.15361
2.34166,7.05185,36.7066,6.08489,13.4715,1.45994,1.85925,-7.15361
2.34281,7.01283,36.7296,6.06324,13.4531,1.47441,1.85953,-7.14889
2.34373,6.97479,36.756,6.04225,13.4352,1.48797,1.85976,-7.14434
2.34475,6.93648,36.7802,6.02093,13.4173,1.50181,1.86002,-7.1398
2.34579,6.89832,36.8042,5.99972,13.3994,1.51562,1.86029,-7.13514
2.34673,6.86006,36.828,5.97837,13.3816,1.52941,1.86056,-7.13057
2.34792,6.8219,36.8515,5.9571,13.3638,1.5432,1.86084,-7.12588
2.34879,6.78366,36.8748,5.93569,13.3461,1.55698,1.86113,-7.12128
2.34983,6.78162,36.7699,5.93104,13.3424,1.57148,1.863,-7.11657
2.35069,6.74359,36.7928,5.90976,13.3247,1.58525,1.86329,-7.11189
2.35173,6.70552,36.8155,5.88839,13.3071,1.59902,1.86358,-7.10725
2.35277,6.66712,36.8404,5.86701,13.2891,1.61278,1.86386,-7.10249
2.35375,6.62862,36.8651,5.84547,13.2712,1.62652,1.86415,-7.09783
2.35473,6.59024,36.8896,5.82403,13.2534,1.64024,1.86444,-7.09305
2.35587,6.55178,36.9139,5.80244,13.2357,1.65395,1.86475,-7.08836
2.35678,6.51342,36.9379,5.78094,13.218,1.66763,1.86506,-7.08356
2.35769,6.47499,36.9618,5.7593,13.2003,1.68131,1.86537,-7.07886
2.35872,6.43666,36.9853,5.73776,13.1827,1.69498,1.8657,-7.07403
2.35986,6.39825,37.0087,5.71607,13.1652,1.70864,1.86602,-7.0693
2.36082,6.35994,37.0318,5.69447,13.1477,1.7223,1.86636,-7.06445
2.36193,6.35942,36.9263,5.69073,13.1439,1.73667,1.86828,-7.05969
2.36275,6.32129,36.949,5.6692,13.1264,1.75033,1.86862,-7.05482
2.36418,6.28308,36.9715,5.64754,13.109,1.76398,1.86896,-7.05004
2.36474,6.2445,36.9962,5.62584,13.0913,1.77764,1.86928,-7.04513
2.36583,6.20583,37.0207,5.60398,13.0737,1.79127,1.86961,-7.04033
2.36673,6.16728,37.045,5.58222,13.0561,1.80488,1.86996,-7.03541
2.36774,6.12866,37.069,5.56032,13.0386,1.81849,1.87031,-7.03058
2.36873,6.09015,37.0928,5.53851,13.0212,1.83208,1.87066,-7.02564
2.36971,6.05156,37.1164,5.51656,13.0038,1.84566,1.87103,-7.0208
2.3707,6.01308,37.1398,5.49471,12.9864,1.85924,1.87139,-7.01583
2.37171,5.97453,37.1629,5.47272,12.9692,1.87281,1.87176,-7.01097
2.37273,5.93608,37.1858,5.45082,12.9519,1.88638,1.87214,-7.00598
2.37375,5.93718,37.0795,5.44811,12.9481,1.90065,1.87411,-7.00109
2.37506,5.89756,37.2085,5.42878,12.9347,1.89995,1.87252,-7.00109
2.37571,5.85914,37.231,5.40684,12.9175,1.91352,1.8729,-6.99608
2.37677,5.82184,37.1487,5.38231,12.8963,1.94137,1.87524,-6.98612
2.37784,5.78294,37.1709,5.36003,12.8789,1.95521,1.87565,-6.98108
2.37873,5.74269,37.3,5.34022,12.8656,1.95451,1.87406,-6.98108
2.37974,5.70542,37.2167,5.31566,12.8443,1.98258,1.87645,-6.97098
2.38075,5.66676,37.2403,5.29354,12.8271,1.99612,1.87685,-6.96592
2.38169,5.6687,37.1324,5.29137,12.8231,2.01061,1.87888,-6.96085
2.38273,5.62796,37.2616,5.27119,12.8099,2.00992,1.87729,-6.96085
2.38367,5.58995,37.2845,5.24933,12.7931,2.02317,1.87768,-6.95587
2.3847,5.55392,37.2029,5.22549,12.7722,2.05062,1.88006,-6.94586
2.38567,5.51271,37.3323,5.20494,12.7591,2.04994,1.87846,-6.94586
2.38669,5.47653,37.2501,5.181,12.738,2.07763,1.88087,-6.9357
2.38768,5.43753,37.2746,5.15857,12.7208,2.09113,1.88128,-6.93066
2.38872,5.39924,37.2984,5.13651,12.7041,2.10434,1.88168,-6.9256
2.38973,5.36093,37.322,5.11437,12.6874,2.11754,1.88209,-6.92057
2.39068,5.31893,37.4515,5.09322,12.6744,2.11686,1.88049,-6.92057
2.39176,5.28434,37.3684,5.07004,12.6541,2.14398,1.8829,-6.91046
2.39276,5.24543,37.3916,5.04751,12.6372,2.15748,1.88331,-6.90533
2.39368,5.20296,37.5212,5.02599,12.6243,2.1568,1.88172,-6.90533
2.39474,5.21097,37.3074,5.02442,12.6168,2.18489,1.88575,-6.89501
2.39574,5.17238,37.3299,5.00206,12.6,2.19839,1.88618,-6.88973
2.39669,5.13368,37.3501,4.97949,12.5832,2.21216,1.88666,-6.88445
2.39771,5.09517,37.3743,4.95719,12.5665,2.22539,1.88706,-6.87926
2.39879,5.05655,37.3982,4.93473,12.5499,2.23862,1.88748,-6.87416
2.39976,5.01806,37.4219,4.91238,12.5333,2.25184,1.88789,-6.86895
2.40069,4.97891,37.4458,4.8896,12.5165,2.26532,1.88832,-6.86372
2.40178,4.93989,37.4693,4.86693,12.4997,2.27879,1.88877,-6.85837
2.40269,4.90141,37.4922,4.8444,12.4833,2.29198,1.88921,-6.85323
2.40375,4.86244,37.5153,4.82169,12.4667,2.30545,1.88966,-6.84787
2.40474,4.82401,37.5377,4.79914,12.4504,2.31863,1.89011,-6.8427
2.40569,4.7851,37.5603,4.77639,12.4338,2.33211,1.89057,-6.83731
2.40668,4.7851,37.5603,4.77639,12.4338,2.33211,1.89057,-6.83731
2.40766,4.75296,37.4741,4.75444,12.4141,2.35917,1.89308,-6.82681
2.40874,4.71418,37.496,4.73166,12.3976,2.37266,1.89354,-6.82148
2.40972,4.6755,37.5197,4.70902,12.3812,2.38588,1.89398,-6.81614
2.41071,4.63615,37.5436,4.68596,12.3645,2.39936,1.89443,-6.81078
2.41175,4.59754,37.5668,4.66329,12.3483,2.41254,1.89489,-6.80543
2.41272,4.55888,37.5898,4.6405,12.3321,2.42573,1.89534,-6.80016
2.41376,4.51358,37.72,4.61678,12.3197,2.42507,1.89374,-6.80016
2.41484,4.47488,37.7427,4.59396,12.3036,2.43826,1.8942,-6.79478
2.41572,4.44262,37.6577,4.57196,12.2835,2.46558,1.89675,-6.78396
2.41675,4.39686,37.7879,4.54787,12.2711,2.46493,1.89515,-6.78396
2.41767,4.36567,37.6994,4.52632,12.2515,2.49225,1.89773,-6.7731
2.4187,4.37325,37.5886,4.52774,12.2478,2.5064,1.89985,-6.76765
2.41979,4.32718,37.7189,4.5034,12.2355,2.50574,1.89825,-6.76765
2.42074,4.29607,37.6337,4.48205,12.2156,2.53287,1.90077,-6.75682
2.42172,4.25727,37.655,4.45905,12.1994,2.54637,1.90128,-6.75122
2.42279,4.21073,37.7853,4.43435,12.1872,2.54572,1.89968,-6.75122
2.42371,4.1717,37.8086,4.41116,12.1712,2.55895,1.90015,-6.74583
2.42474,4.13278,37.8315,4.38805,12.1551,2.57216,1.90063,-6.74033
2.42592,4.09385,37.8521,4.3648,12.1392,2.58565,1.90115,-6.73481
2.42674,4.05506,37.8725,4.34165,12.1232,2.59914,1.90167,-6.72917
2.42802,4.02489,37.7821,4.32059,12.1034,2.6268,1.90434,-6.71804
2.42869,3.97742,37.9127,4.29515,12.0914,2.62616,1.90274,-6.71804
2.42979,3.93871,37.9324,4.27197,12.0755,2.63968,1.90328,-6.71237
2.43074,3.90864,37.8411,4.25097,12.0555,2.66763,1.90599,-6.70103
2.43168,3.91804,37.7298,4.25359,12.0517,2.6818,1.90814,-6.69545
2.43275,3.8701,37.8604,4.22777,12.0397,2.68117,1.90654,-6.69545
2.43371,3.84065,37.7743,4.20727,12.0199,2.70832,1.90916,-6.68439
2.43478,3.80177,37.7954,4.18397,12.0039,2.72183,1.90971,-6.67867
2.43577,3.75337,37.926,4.15779,11.9921,2.7212,1.90811,-6.67867
2.43733,3.72395,37.8409,4.13729,11.9723,2.74828,1.91077,-6.66753
2.43884,3.67523,37.9716,4.11086,11.9605,2.74765,1.90916,-6.66753
2.43985,3.69467,37.751,4.11679,11.9522,2.77614,1.91354,-6.65602
2.44062,3.59678,38.0124,4.06356,11.9287,2.77488,1.91033,-6.65602
2.44161,3.60638,37.904,4.0665,11.9245,2.78897,1.9125,-6.65037
2.44273,3.50788,38.1655,4.01279,11.9011,2.78772,1.9093,-6.65037
2.44399,3.52729,37.9439,4.01877,11.8923,2.81669,1.91377,-6.63862
2.44517,3.447,37.9899,3.9704,11.8599,2.84401,1.91501,-6.62702
2.44606,3.447,37.9899,3.9704,11.8599,2.84401,1.91501,-6.62702
2.44685,3.36847,38.0281,3.92267,11.8283,2.87152,1.91637,-6.61532
2.44761,3.36847,38.0281,3.92267,11.8283,2.87152,1.91637,-6.61532
2.44854,3.37968,37.9178,3.92655,11.8244,2.88546,1.91862,-6.60959
2.44962,3.29002,38.0694,3.87493,11.7971,2.89843,1.91767,-6.60385
2.45044,3.29002,38.0694,3.87493,11.7971,2.89843,1.91767,-6.60385
2.45127,3.18906,38.3312,3.81926,11.7742,2.89719,1.91446,-6.60385
2.45223,3.17177,38.1326,3.80289,11.7502,2.93883,1.91964,-6.58647
2.45353,3.13244,38.1524,3.77879,11.7347,2.95234,1.92033,-6.58071
2.45444,3.13244,38.1524,3.77879,11.7347,2.95234,1.92033,-6.58071
2.45513,3.05552,38.1867,3.73142,11.7044,2.97941,1.92175,-6.56905
2.45608,3.06773,38.0749,3.73596,11.7002,2.99358,1.92404,-6.56313
2.45714,3.02874,38.0939,3.71199,11.6848,3.00713,1.92473,-6.55732
2.45804,2.99052,38.1125,3.68846,11.6697,3.0204,1.92541,-6.55151
2.45911,2.9515,38.1334,3.66448,11.6544,3.03368,1.92606,-6.54578
2.46021,2.9126,38.154,3.64059,11.6392,3.04695,1.92672,-6.53994
2.46117,2.87367,38.1745,3.61659,11.624,3.06021,1.92738,-6.53418
2.46173,2.83487,38.1947,3.5927,11.6088,3.07347,1.92805,-6.5283
2.46268,2.79603,38.2147,3.56869,11.5937,3.08672,1.92872,-6.52252
2.46372,2.75733,38.2345,3.5448,11.5787,3.09998,1.9294,-6.51661
2.4647,2.71863,38.254,3.52085,11.5636,3.11323,1.93008,-6.51074
2.46567,2.67993,38.2733,3.49685,11.5487,3.12649,1.93076,-6.5049
2.46668,2.64137,38.2924,3.47295,11.5337,3.13975,1.93144,-6.49894
2.46769,2.65576,38.1802,3.47883,11.5298,3.15362,1.93373,-6.49307
2.46873,2.61743,38.1988,3.45506,11.5149,3.16689,1.93442,-6.48708
2.46975,2.57904,38.2173,3.43117,11.5,3.18018,1.93512,-6.48118
2.47069,2.54001,38.2381,3.40701,11.4849,3.19346,1.93579,-6.47515
2.47173,2.50093,38.2586,3.38273,11.4699,3.20673,1.93647,-6.46922
2.47269,2.462,38.2789,3.35857,11.4549,3.21999,1.93716,-6.46317
2.47369,2.42304,38.299,3.33429,11.4399,3.23323,1.93786,-6.45723
2.47475,2.38488,38.3185,3.31047,11.4254,3.2462,1.93855,-6.45128
2.47571,2.34667,38.3378,3.28653,11.4109,3.25918,1.93924,-6.44542
2.47676,2.30794,38.3572,3.26237,11.3961,3.27243,1.93994,-6.43931
2.47771,2.26981,38.376,3.23843,11.3816,3.28542,1.94064,-6.4334
2.47871,2.23181,38.3946,3.2146,11.3672,3.29842,1.94133,-6.42737
2.47978,2.24842,38.2818,3.22191,11.3634,3.31202,1.94363,-6.42143
2.48072,2.21064,38.3,3.19819,11.349,3.32506,1.94433,-6.41535
2.4817,2.17215,38.3183,3.17403,11.3343,3.33837,1.94504,-6.40924
2.48272,2.13362,38.3386,3.1499,11.3197,3.35142,1.94572,-6.40312
2.48369,2.09504,38.3587,3.12565,11.3052,3.36445,1.94641,-6.3971
2.48471,2.05661,38.3785,3.10151,11.2907,3.37749,1.94711,-6.39096
2.48576,2.01815,38.398,3.07727,11.2762,3.39052,1.94781,-6.38492
2.48672,1.97982,38.4174,3.05313,11.2618,3.40354,1.94852,-6.37875
2.4877,1.94146,38.4365,3.02889,11.2474,3.41657,1.94924,-6.37267
2.48871,1.90324,38.4554,3.00476,11.2331,3.42961,1.94996,-6.36646
2.48969,1.86497,38.474,2.98051,11.2188,3.44264,1.95068,-6.36035
2.4907,1.82684,38.4924,2.95638,11.2046,3.45569,1.95141,-6.35412
2.49166,1.84499,38.3793,2.96476,11.2007,3.46931,1.95374,-6.34798
2.49303,1.8071,38.3973,2.94075,11.1864,3.48236,1.95448,-6.34171
2.49375,1.76831,38.4176,2.91619,11.172,3.49542,1.95519,-6.33553
2.49482,1.72901,38.4379,2.89139,11.1573,3.50872,1.95594,-6.32912
2.49572,1.69037,38.4576,2.86684,11.143,3.52173,1.95669,-6.32294
2.49676,1.65121,38.4775,2.84205,11.1285,3.535,1.95746,-6.31652
2.49793,1.61272,38.4967,2.81751,11.1143,3.54798,1.95822,-6.31033
2.49872,1.57438,38.5157,2.79308,11.1002,3.56095,1.95899,-6.30403
2.49972,1.53535,38.5348,2.7682,11.0858,3.57418,1.95978,-6.2977
2.5007,1.49715,38.5533,2.74379,11.0718,3.58713,1.96057,-6.29138
2.5017,1.45897,38.5716,2.71933,11.0579,3.60008,1.96135,-6.28511
2.5031,1.4786,38.4582,2.7287,11.0539,3.6136,1.96374,-6.27887
2.50377,1.44072,38.4761,2.70442,11.04,3.62656,1.96454,-6.27251
2.50477,1.40214,38.494,2.67969,11.0258,3.63979,1.96535,-6.26611
2.50583,1.36348,38.5139,2.65496,11.0117,3.65274,1.96613,-6.25973
2.50678,1.30522,38.6454,2.62072,11.0018,3.65219,1.96453,-6.25973
2.50772,1.26639,38.665,2.59575,10.9878,3.66512,1.96532,-6.25345
2.5088,1.24734,38.5702,2.58035,10.9695,3.69201,1.96859,-6.24052
2.51011,1.20855,38.5873,2.55542,10.9553,3.70544,1.96947,-6.23386
2.51076,1.20855,38.5873,2.55542,10.9553,3.70544,1.96947,-6.23386
2.51183,1.19031,38.4933,2.54047,10.9371,3.73202,1.97274,-6.22104
2.51281,1.13131,38.6247,2.50559,10.9274,3.73147,1.97114,-6.22104
2.51376,1.11278,38.5323,2.49046,10.9091,3.75796,1.97442,-6.20821
2.51505,1.0742,38.5502,2.46546,10.8953,3.77103,1.97529,-6.20178
2.51578,1.01476,38.6817,2.43021,10.8857,3.77048,1.97369,-6.20178
2.5176,0.996239,38.5901,2.41503,10.8675,3.79687,1.97699,-6.18891
2.51861,0.996239,38.5901,2.41503,10.8675,3.79687,1.97699,-6.18891
2.51939,0.876617,38.8531,2.34392,10.8484,3.79578,1.97379,-6.18891
2.52042,0.940212,38.5124,2.3754,10.8355,3.83668,1.9813,-6.16921
2.52145,0.819999,38.7754,2.30377,10.8166,3.8356,1.97809,-6.16921
2.52231,0.819999,38.7754,2.30377,10.8166,3.8356,1.97809,-6.16921
2.52327,0.763349,38.6918,2.26345,10.7841,3.87658,1.98263,-6.14898
2.52407,0.763349,38.6918,2.26345,10.7841,3.87658,1.98263,-6.14898
2.52477,0.725022,38.708,2.23837,10.7705,3.88977,1.98359,-6.14232
2.52571,0.708486,38.6106,2.22414,10.7523,3.91666,1.98711,-6.12911
2.52672,0.647572,38.7421,2.18763,10.743,3.91612,1.98551,-6.12911
2.52772,0.609127,38.7598,2.16234,10.7295,3.929,1.98644,-6.12269
2.5288,0.547922,38.8912,2.1256,10.7203,3.92847,1.98484,-6.12269
2.52982,0.533939,38.7941,2.11268,10.7033,3.9542,1.98826,-6.10995
2.53072,0.495806,38.8111,2.08756,10.6899,3.96707,1.98919,-6.10336
2.53169,0.434163,38.9425,2.05045,10.6808,3.96654,1.98759,-6.10336
2.53274,0.420987,38.8441,2.03798,10.6639,3.9923,1.99102,-6.09047
2.53373,0.38294,38.8605,2.01278,10.6506,4.0052,1.99195,-6.08391
2.53495,0.407804,38.745,2.02557,10.6466,4.01836,1.99447,-6.07736
2.5359,0.370694,38.7608,2.00089,10.6337,4.03101,1.99539,-6.07088
2.53682,0.332735,38.7789,1.97578,10.6205,4.04368,1.99628,-6.06427
2.53769,0.294743,38.7967,1.95057,10.6073,4.05633,1.99719,-6.05776
2.53875,0.232225,38.928,1.9127,10.5984,4.05581,1.99559,-6.05776
2.53979,0.219137,38.8315,1.90036,10.5811,4.08161,1.99902,-6.04451
2.54069,0.156329,38.9629,1.86224,10.5723,4.08109,1.99742,-6.04451
2.54175,0.144102,38.8633,1.85033,10.5551,4.10715,2.00091,-6.03112
2.54272,0.105793,38.8802,1.82481,10.5419,4.12005,2.00186,-6.02439
2.54366,0.0425504,39.0115,1.78632,10.5331,4.11954,2.00027,-6.02439
2.54474,0.0308774,38.9128,1.77469,10.5161,4.14531,2.00375,-6.01107
2.54566,-0.00609867,38.9266,1.74989,10.5033,4.1582,2.00475,-6.00419
2.54669,-0.00609867,38.9266,1.74989,10.5033,4.1582,2.00475,-6.00419
2.54794,-0.0168092,38.8267,1.73885,10.4863,4.184,2.00825,-5.99077
2.54876,-0.0545672,38.8424,1.71354,10.4732,4.19691,2.00923,-5.98395
2.55001,-0.0925021,38.8601,1.68815,10.4602,4.20955,2.01018,-5.97715
2.55089,-0.156612,38.9914,1.6489,10.4517,4.20904,2.00858,-5.97715
2.55188,-0.168216,38.8948,1.6373,10.4345,4.23477,2.01211,-5.96363
2.55273,-0.232614,39.0261,1.5978,10.426,4.23427,2.01051,-5.96363
2.5537,-0.27018,39.0408,1.57242,10.4131,4.24712,2.01153,-5.95678
2.55467,-0.280479,38.9405,1.56152,10.3961,4.27306,2.01514,-5.94306
2.55574,-0.345308,39.0718,1.52165,10.3877,4.27255,2.01355,-5.94306
2.55703,-0.382524,39.0858,1.49646,10.3749,4.2854,2.01458,-5.93607
2.55771,-0.391946,38.9844,1.48602,10.358,4.31133,2.01823,-5.9223
2.5589,-0.391946,38.9844,1.48602,10.358,4.31133,2.01823,-5.9223
2.55972,-0.400647,38.8823,1.47605,10.341,4.33726,2.02188,-5.90848
2.5607,-0.466049,39.0135,1.43566,10.3327,4.33676,2.02029,-5.90848
2.56174,-0.503924,39.0291,1.40995,10.3199,4.3496,2.02133,-5.90154
2.56277,-0.513861,38.9307,1.39921,10.3026,4.37545,2.025,-5.88768
2.56371,-0.579691,39.0618,1.35845,10.2944,4.37496,2.02341,-5.88768
2.56475,-0.617188,39.0768,1.33292,10.2818,4.38774,2.02448,-5.88061
2.56573,-0.626123,38.977,1.3227,10.2647,4.41349,2.0282,-5.86672
2.56671,-0.626123,38.977,1.3227,10.2647,4.41349,2.0282,-5.86672
2.56786,-0.663287,38.9913,1.29725,10.2522,4.42622,2.02929,-5.85975
2.56884,-0.700665,39.0076,1.27169,10.2397,4.4387,2.03034,-5.8528
2.56967,-0.738749,39.0239,1.24565,10.227,4.45142,2.03143,-5.84581
2.57071,-0.77663,39.0399,1.21975,10.2144,4.4641,2.03253,-5.83871
2.57182,-0.747677,38.9247,1.23541,10.2098,4.47725,2.03523,-5.83172
2.5729,-0.785205,38.9403,1.20968,10.1972,4.48989,2.03634,-5.82462
2.57386,-0.822718,38.9556,1.18388,10.1848,4.50251,2.03747,-5.81762
2.57504,-0.872853,38.9724,1.14874,10.1723,4.51533,2.03852,-5.81068
2.57616,-0.948441,38.988,1.09434,10.16,4.52804,2.0396,-5.80384
2.57718,-1.02473,39.0035,1.03917,10.1473,4.5402,2.04088,-5.79722
2.57812,-1.10138,39.0186,0.983541,10.1348,4.55226,2.04222,-5.79083
2.57883,-1.11093,38.9024,0.96966,10.1303,4.56476,2.04516,-5.78488
2.57982,-1.18839,38.917,0.913075,10.1181,4.57672,2.04654,-5.77911
2.5808,-1.26427,38.9313,0.857546,10.106,4.58855,2.04795,-5.77355
2.58343,-1.34083,38.9478,0.801484,10.0938,4.60031,2.04938,-5.76832
2.5846,-1.47717,39.2096,0.715817,10.0786,4.59936,2.04621,-5.76832
2.58564,-1.49022,38.9797,0.691706,10.0699,4.62357,2.05234,-5.75857
2.58656,-1.62712,39.2414,0.605542,10.0549,4.62262,2.04916,-5.75857
2.58708,-1.63616,39.0105,0.584162,10.0463,4.64685,2.05537,-5.74938
2.58825,-1.77563,39.1515,0.488336,10.0273,4.65827,2.05542,-5.7449
2.58953,-1.84638,39.1664,0.436045,10.0156,4.6699,2.05697,-5.74051
2.59026,-1.84638,39.1664,0.436045,10.0156,4.6699,2.05697,-5.74051
2.59117,-1.98391,39.3112,0.34159,9.99693,4.68074,2.05694,-5.73642
2.59217,-1.97726,39.0726,0.330999,9.98929,4.70442,2.06328,-5.7282
2.593,-2.04207,39.0838,0.282742,9.978,4.71585,2.06489,-5.72406
2.59408,-2.10459,39.0921,0.23594,9.96695,4.72725,2.06652,-5.72004
2.59512,-2.1675,39.1053,0.189122,9.95573,4.73844,2.06806,-5.71601
2.59578,-2.22955,39.1181,0.142853,9.94454,4.74958,2.06961,-5.71209
2.59675,-2.2906,39.1308,0.0973504,9.93337,4.76068,2.07117,-5.70805
2.59775,-2.35082,39.1433,0.0523872,9.92224,4.77176,2.07272,-5.7041
2.59872,-2.41007,39.1556,0.00816884,9.91114,4.78281,2.07427,-5.70002
2.59969,-2.46854,39.1676,-0.0355364,9.90007,4.79384,2.07583,-5.69602
2.60071,-2.52608,39.1794,-0.0785244,9.88901,4.80485,2.07738,-5.69188
2.6017,-2.51228,39.0604,-0.0759898,9.88499,4.81631,2.08051,-5.68781
2.60274,-2.56697,39.0716,-0.116939,9.87416,4.82707,2.08203,-5.68366
2.60375,-2.63773,39.2021,-0.162101,9.86717,4.82661,2.08045,-5.68366
2.60466,-2.69327,39.2156,-0.20359,9.85621,4.83739,2.08193,-5.67956
2.60566,-2.74799,39.2289,-0.244446,9.84524,4.84813,2.08343,-5.6753
2.60666,-2.80069,39.2393,-0.284008,9.83449,4.85885,2.08495,-5.67109
2.60764,-2.87201,39.3697,-0.329654,9.82762,4.8584,2.08337,-5.67109
2.60867,-2.92385,39.38,-0.368536,9.81692,4.86916,2.08486,-5.66667
2.60969,-2.97372,39.3876,-0.406166,9.80638,4.87991,2.08639,-5.66232
2.61069,-3.02276,39.3951,-0.44312,9.79579,4.89071,2.0879,-5.65777
2.61173,-3.09462,39.5253,-0.489249,9.78902,4.89026,2.08633,-5.65777
2.61275,-3.11885,39.4099,-0.515544,9.77446,4.9124,2.09091,-5.64852
2.61369,-3.16552,39.4148,-0.550816,9.76368,4.92351,2.09246,-5.64372
2.61469,-3.16552,39.4148,-0.550816,9.76368,4.92351,2.09246,-5.64372
2.61574,-3.21185,39.4221,-0.585689,9.75286,4.93446,2.09394,-5.63882
2.61673,-3.25766,39.4293,-0.620199,9.74201,4.94542,2.09543,-5.63393
2.61779,-3.30373,39.4367,-0.654775,9.73088,4.95664,2.09694,-5.62875
2.61863,-3.34925,39.4439,-0.688976,9.71973,4.96787,2.09846,-5.6236
2.61973,-3.39407,39.4511,-0.722605,9.70853,4.97913,2.09999,-5.61826
2.62071,-3.43928,39.4584,-0.75647,9.6971,4.99062,2.10154,-5.6128
2.62168,-3.48295,39.4654,-0.789278,9.68588,5.00188,2.10308,-5.60743
2.6227,-3.52594,39.4724,-0.821541,9.67464,5.01318,2.10462,-5.60187
2.62369,-3.56844,39.4793,-0.853463,9.6634,5.02448,2.10616,-5.59634
2.62468,-3.53674,39.3563,-0.837201,9.65849,5.03622,2.10927,-5.59063
2.62577,-3.57799,39.3631,-0.868154,9.64717,5.04755,2.11082,-5.58494
2.62676,-3.6186,39.3698,-0.898593,9.63584,5.05889,2.11237,-5.57907
2.62773,-3.66023,39.3791,-0.929676,9.62432,5.07025,2.1139,-5.57322
2.62903,-3.70124,39.3882,-0.96027,9.61279,5.08158,2.11544,-5.5672
2.62977,-3.77532,39.5179,-1.00842,9.60656,5.08116,2.11388,-5.5672
2.63075,-3.78269,39.4062,-1.021,9.58959,5.10447,2.11859,-5.55496
2.63173,-3.82222,39.415,-1.05056,9.57815,5.11577,2.12017,-5.54886
2.63284,-3.86029,39.4234,-1.07908,9.56697,5.12684,2.12171,-5.54271
2.63371,-3.89884,39.4319,-1.10791,9.55558,5.13815,2.12329,-5.53646
2.63477,-3.86122,39.3105,-1.08694,9.55047,5.14965,2.12641,-5.53016
2.63582,-3.89788,39.3187,-1.11442,9.53929,5.16074,2.12796,-5.52389
2.63676,-3.93549,39.3292,-1.14244,9.52794,5.17185,2.12949,-5.51743
2.63773,-3.97356,39.3398,-1.17075,9.51639,5.18316,2.13107,-5.51089
2.63872,-4.04874,39.4693,-1.21993,9.51043,5.18274,2.1295,-5.51089
2.63974,-4.04665,39.36,-1.22529,9.49386,5.20527,2.13418,-5.49777
2.64073,-4.08181,39.3675,-1.25158,9.48258,5.21655,2.13581,-5.49092
2.64178,-4.15741,39.4969,-1.30114,9.47671,5.21614,2.13424,-5.49092
2.64275,-4.1524,39.3868,-1.3043,9.46021,5.23867,2.13894,-5.47741
2.64372,-4.18642,39.3939,-1.3298,9.44899,5.24995,2.14057,-5.47048
2.64471,-4.26242,39.5232,-1.37974,9.44322,5.24954,2.13901,-5.47048
2.64569,-4.25468,39.4124,-1.38084,9.42673,5.27208,2.14372,-5.45659
2.64671,-4.28746,39.419,-1.4054,9.41555,5.28336,2.14537,-5.44936
2.64769,-4.28746,39.419,-1.4054,9.41555,5.28336,2.14537,-5.44936
2.64872,-4.277,39.3075,-1.40441,9.399,5.30592,2.15009,-5.43509
2.6497,-4.31016,39.3163,-1.42916,9.38768,5.31722,2.15172,-5.42779
2.65078,-4.38685,39.4455,-1.47974,9.38209,5.31681,2.15016,-5.42779
2.65171,-4.37689,39.3382,-1.47887,9.36526,5.33932,2.15488,-5.4132
2.65273,-4.40889,39.3465,-1.50277,9.35405,5.35055,2.15654,-5.40564
2.65371,-4.44141,39.357,-1.52706,9.34297,5.36158,2.15813,-5.39828
2.6547,-4.51864,39.486,-1.57815,9.33751,5.36118,2.15657,-5.39828
2.65573,-4.5053,39.3774,-1.5748,9.3209,5.38357,2.16134,-5.38327
2.65671,-4.536,39.3849,-1.59784,9.30986,5.39477,2.16301,-5.37562
2.65773,-4.61365,39.5138,-1.64931,9.3045,5.39437,2.16146,-5.37562
2.65872,-4.59799,39.4043,-1.64429,9.28801,5.41673,2.16623,-5.36038
2.65966,-4.54971,39.2825,-1.61482,9.28233,5.42831,2.16946,-5.35247
2.66069,-4.62764,39.4113,-1.66656,9.27705,5.42791,2.16791,-5.35247
2.66172,-4.61116,39.3035,-1.66078,9.26042,5.45026,2.17267,-5.33694
2.66269,-4.64293,39.3151,-1.68444,9.24923,5.46141,2.17432,-5.32902
2.66372,-4.72125,39.4438,-1.73656,9.24404,5.46102,2.17277,-5.32902
2.66467,-4.70401,39.3373,-1.73018,9.2275,5.48318,2.17757,-5.31329
2.66585,-4.73318,39.3457,-1.75209,9.21664,5.49426,2.17926,-5.30516
2.66669,-4.81192,39.4743,-1.80459,9.21155,5.49387,2.17771,-5.30516
2.66771,-4.79246,39.3666,-1.79664,9.19522,5.51596,2.18251,-5.28922
2.66872,-4.82083,39.3744,-1.81806,9.1845,5.527,2.18421,-5.28108
2.66972,-4.89997,39.5028,-1.87095,9.1795,5.52662,2.18266,-5.28108
2.67071,-4.84972,39.3844,-1.83981,9.17388,5.53784,2.18584,-5.27295
2.67166,-4.82649,39.2731,-1.82912,9.15758,5.56006,2.19072,-5.25654
2.67293,-4.9059,39.4014,-1.88228,9.15267,5.55968,2.18918,-5.25654
2.67373,-4.93474,39.4111,-1.904,9.14194,5.57073,2.19084,-5.24824
2.67468,-4.91265,39.3038,-1.89399,9.12546,5.59288,2.1957,-5.23163
2.67579,-4.99247,39.432,-1.94753,9.12064,5.5925,2.19416,-5.23163
2.67673,-5.02042,39.441,-1.96864,9.11004,5.60347,2.19585,-5.22314
2.67778,-4.9963,39.3326,-1.95721,9.09378,5.62552,2.20072,-5.20637
2.67878,-5.02341,39.341,-1.9778,9.0833,5.63645,2.20241,-5.19791
2.68011,-5.10378,39.469,-2.03185,9.0786,5.63607,2.20087,-5.19791
2.68091,-5.0787,39.3619,-2.01976,9.06258,5.65784,2.20569,-5.18112
2.68168,-5.10497,39.3697,-2.03978,9.05221,5.66872,2.2074,-5.17246
2.68267,-5.18574,39.4976,-2.09421,9.04761,5.66835,2.20586,-5.17246
2.68374,-5.07792,39.2615,-2.02625,9.03628,5.69043,2.21222,-5.15548
2.68469,-5.10502,39.2713,-2.04685,9.02587,5.70129,2.2139,-5.14682
2.68571,-5.18606,39.3991,-2.10155,9.02135,5.70092,2.21237,-5.14682
2.68675,-5.16037,39.2947,-2.08891,9.00532,5.72251,2.21718,-5.12969
2.68772,-5.18665,39.3037,-2.10896,8.99507,5.73329,2.21888,-5.12086
2.68875,-5.26809,39.4314,-2.16405,8.99065,5.73292,2.21735,-5.12086
2.68971,-5.24051,39.3257,-2.15012,8.9749,5.75439,2.22217,-5.10359
2.6907,-5.2661,39.334,-2.16978,8.96482,5.76512,2.22388,-5.09474
2.69178,-5.34794,39.4615,-2.22525,8.96049,5.76475,2.22235,-5.09474
2.69269,-5.37447,39.4718,-2.24565,8.95056,5.77528,2.22399,-5.0861
2.69363,-5.26142,39.2347,-2.17365,8.93923,5.7972,2.23042,-5.06844
2.69473,-5.34354,39.3621,-2.22939,8.93499,5.79684,2.22889,-5.06844
2.69572,-5.36818,39.3696,-2.24844,8.92507,5.80755,2.2306,-5.05943
2.69682,-5.33866,39.2638,-2.23304,8.90928,5.82907,2.23546,-5.04162
2.69773,-5.42117,39.3911,-2.28917,8.90512,5.82871,2.23393,-5.04162
2.6988,-5.44689,39.4004,-2.30904,8.89521,5.83936,2.23563,-5.03266
2.70048,-5.4733,39.4117,-2.32941,8.88541,5.84979,2.23727,-5.02376
2.70168,-5.49856,39.4205,-2.34901,8.8756,5.86039,2.23898,-5.01477
2.70286,-5.49856,39.4205,-2.34901,8.8756,5.86039,2.23898,-5.01477
2.70407,-5.49072,39.3188,-2.35064,8.84998,5.89293,2.2457,-4.98711
2.70504,-5.49072,39.3188,-2.35064,8.84998,5.89293,2.2457,-4.98711
2.70594,-5.54071,39.3349,-2.38939,8.83006,5.91468,2.24924,-4.96835
2.70704,-5.54071,39.3349,-2.38939,8.83006,5.91468,2.24924,-4.96835
2.70806,-5.59194,39.3549,-2.4292,8.81048,5.9359,2.25268,-4.94996
2.70924,-5.59194,39.3549,-2.4292,8.81048,5.9359,2.25268,-4.94996
2.7104,-5.64233,39.374,-2.46855,8.79114,5.95699,2.25613,-4.93155
2.71159,-5.64233,39.374,-2.46855,8.79114,5.95699,2.25613,-4.93155
2.71287,-5.69185,39.3921,-2.50741,8.77204,5.978,2.25959,-4.9131
2.71329,-5.69185,39.3921,-2.50741,8.77204,5.978,2.25959,-4.9131
2.71438,-5.74054,39.4092,-2.54578,8.75314,5.99893,2.26305,-4.89459
2.71529,-5.74054,39.4092,-2.54578,8.75314,5.99893,2.26305,-4.89459
2.71636,-5.8491,39.5437,-2.62298,8.74022,6.00893,2.26326,-4.88546
2.71727,-5.81185,39.4332,-2.60239,8.72519,6.03013,2.26824,-4.86684
2.71817,-5.81185,39.4332,-2.60239,8.72519,6.03013,2.26824,-4.86684
2.71927,-5.83558,39.4409,-2.6212,8.71581,6.04067,2.26999,-4.85735
2.72029,-5.79505,39.3269,-2.59831,8.70094,6.06185,2.27499,-4.83861
2.72139,-5.81822,39.334,-2.61679,8.6916,6.07238,2.27675,-4.82915
2.72211,-5.81822,39.334,-2.61679,8.6916,6.07238,2.27675,-4.82915
2.72271,-5.86507,39.3501,-2.6542,8.67307,6.0932,2.2802,-4.81028
2.72373,-5.88878,39.359,-2.67314,8.66389,6.10347,2.28191,-4.80086
2.72488,-5.91178,39.3676,-2.6917,8.65496,6.11351,2.28358,-4.79167
2.72587,-5.93466,39.3759,-2.71022,8.64609,6.12356,2.28525,-4.7825
2.72675,-5.9573,39.384,-2.72854,8.63724,6.1336,2.28693,-4.77318
2.72776,-6.04352,39.5097,-2.78827,8.63396,6.13327,2.28542,-4.77318
2.72872,-6.0022,39.3995,-2.76502,8.61964,6.15368,2.29028,-4.75454
2.72977,-5.93853,39.2815,-2.72349,8.6139,6.16425,2.2935,-4.74504
2.73101,-6.02501,39.4071,-2.7835,8.6107,6.16393,2.292,-4.74504
2.7319,-5.98394,39.2984,-2.76036,8.5963,6.18433,2.29685,-4.72622
2.7327,-6.07068,39.4239,-2.82063,8.59316,6.184,2.29535,-4.72622
2.73369,-6.03092,39.3168,-2.79837,8.57856,6.20452,2.30025,-4.70715
2.73472,-6.0527,39.3233,-2.81618,8.5698,6.21469,2.30199,-4.69743
2.73569,-6.13984,39.4486,-2.87683,8.56675,6.21437,2.30049,-4.69743
2.73672,-6.09812,39.3402,-2.85331,8.55253,6.23464,2.30536,-4.67844
2.73764,-6.18552,39.4654,-2.91421,8.54954,6.23431,2.30386,-4.67844
2.73876,-6.20872,39.4735,-2.93316,8.54082,6.24447,2.30559,-4.66877
2.73971,-6.16447,39.3616,-2.90787,8.52667,6.26485,2.31055,-4.64948
2.7407,-6.25226,39.4866,-2.96916,8.52378,6.26453,2.30906,-4.64948
2.74177,-6.2077,39.3741,-2.94361,8.50949,6.28514,2.31404,-4.62992
2.74273,-6.14014,39.2539,-2.89914,8.50379,6.29559,2.31731,-4.62005
2.7437,-6.22819,39.3788,-2.96071,8.50098,6.29527,2.31581,-4.62005
2.74476,-6.24981,39.3857,-2.97872,8.49257,6.30522,2.31752,-4.61046
2.74571,-6.2064,39.2767,-2.95401,8.47826,6.32557,2.32246,-4.59094
2.74671,-6.29484,39.4014,-3.01596,8.47553,6.32525,2.32097,-4.59094
2.74771,-6.31649,39.4078,-3.03397,8.46704,6.33535,2.32273,-4.581
2.74871,-6.27174,39.2977,-3.00838,8.4529,6.35562,2.3277,-4.5614
2.74969,-6.29287,39.3035,-3.02611,8.44451,6.36569,2.32947,-4.55153
2.75074,-6.38183,39.4279,-3.08858,8.4419,6.36538,2.32798,-4.55153
2.7517,-6.33699,39.319,-3.06303,8.42795,6.3854,2.33291,-4.53205
2.75275,-6.42621,39.4433,-3.12576,8.4254,6.38509,2.33143,-4.53205
2.75367,-6.37931,39.3313,-3.09874,8.41148,6.40526,2.33643,-4.51229
2.75476,-6.37931,39.3313,-3.09874,8.41148,6.40526,2.33643,-4.51229
2.75575,-6.39959,39.3359,-3.11598,8.40324,6.41528,2.33823,-4.50224
2.75669,-6.35307,39.2254,-3.0892,8.38925,6.43543,2.34323,-4.48237
2.75795,-6.4428,39.3494,-3.15246,8.38683,6.43512,2.34175,-4.48237
2.75872,-6.46447,39.3559,-3.17077,8.37859,6.44511,2.34354,-4.47234
2.75969,-6.41843,39.2467,-3.14441,8.36466,6.46513,2.34856,-4.45244
2.76071,-6.50855,39.3705,-3.20806,8.36233,6.46483,2.34708,-4.45244
2.76175,-6.46163,39.2605,-3.18113,8.34852,6.4848,2.35211,-4.43251
2.76325,-6.552,39.3842,-3.24503,8.34625,6.4845,2.35063,-4.43251
2.76382,-6.57292,39.3895,-3.26299,8.33824,6.49439,2.35246,-4.42248
2.7652,-6.59481,39.3969,-3.28167,8.33034,6.5041,2.35421,-4.41254
2.76577,-6.54667,39.2854,-3.25392,8.31657,6.52411,2.35933,-4.39234
2.7668,-6.63755,39.4088,-3.31834,8.31442,6.52381,2.35785,-4.39234
2.76853,-6.56685,39.2899,-3.27144,8.3087,6.53397,2.36115,-4.38227
2.76925,-6.65785,39.4132,-3.33598,8.30657,6.53367,2.35968,-4.38227
2.76971,-6.60791,39.3005,-3.30707,8.29309,6.55345,2.36476,-4.36219
2.77077,-6.55865,39.1876,-3.27843,8.27911,6.57382,2.36996,-4.34146
2.77175,-6.57968,39.1935,-3.29662,8.27123,6.58361,2.3718,-4.33125
2.77272,-6.67119,39.3165,-3.36169,8.26923,6.58332,2.37033,-4.33125
2.77375,-6.62388,39.2094,-3.33477,8.25579,6.60274,2.37535,-4.31134
2.77465,-6.64455,39.2146,-3.35284,8.24809,6.61245,2.3772,-4.30123
2.77573,-6.73645,39.3374,-3.4183,8.24618,6.61216,2.37574,-4.30123
2.77667,-6.68778,39.229,-3.3905,8.23297,6.63146,2.38078,-4.28126
2.77772,-6.77993,39.3516,-3.45621,8.23111,6.63117,2.37932,-4.28126
2.77867,-6.70967,39.2359,-3.40949,8.22531,6.64113,2.38262,-4.271
2.77972,-6.65827,39.1238,-3.37971,8.21218,6.66048,2.38776,-4.25077
2.78068,-6.75067,39.2463,-3.4457,8.2104,6.66019,2.3863,-4.25077
2.78168,-6.77217,39.2525,-3.46454,8.20289,6.66983,2.38814,-4.24058
2.78267,-6.7231,39.1441,-3.43649,8.18973,6.68909,2.39326,-4.22031
2.78372,-6.74391,39.1496,-3.45487,8.18232,6.69864,2.39512,-4.21001
2.78473,-6.83681,39.2718,-3.52138,8.18065,6.69836,2.39366,-4.21001
2.78569,-6.78763,39.1644,-3.49339,8.16778,6.71732,2.39873,-4.1899
2.78736,-6.88079,39.2864,-3.56015,8.16616,6.71703,2.39728,-4.1899
2.78808,-6.82943,39.1758,-3.53061,8.15336,6.7361,2.40242,-4.16955
2.7887,-6.85131,39.1824,-3.54996,8.1461,6.74556,2.40428,-4.15931
2.78967,-6.94484,39.3042,-3.6171,8.14457,6.74528,2.40283,-4.15931
2.79068,-6.87165,39.1864,-3.56815,8.1388,6.75517,2.40621,-4.14877
2.79169,-6.81838,39.0742,-3.53731,8.12617,6.7741,2.41137,-4.12843
2.7927,-6.91216,39.1959,-3.60473,8.12471,6.77382,2.40992,-4.12843
2.7937,-6.93203,39.1992,-3.62267,8.11752,6.78343,2.41184,-4.11785
2.79541,-6.88115,39.0907,-3.59359,8.10479,6.80229,2.41698,-4.09741
2.79636,-6.88115,39.0907,-3.59359,8.10479,6.80229,2.41698,-4.09741
2.79732,-6.99612,39.2171,-3.68021,8.09642,6.81137,2.41741,-4.08713
2.7983,-6.94503,39.1076,-3.65095,8.08359,6.83048,2.42263,-4.06628
2.79865,-7.03955,39.2288,-3.71914,8.0823,6.83021,2.42119,-4.06628
2.7997,-7.06215,39.2354,-3.73925,8.07519,6.83967,2.4231,-4.0557
2.8007,-7.00774,39.1222,-3.70774,8.06267,6.85859,2.42838,-4.03491
2.80231,-7.10263,39.2432,-3.7763,8.06145,6.85832,2.42694,-4.03491
2.80269,-7.12238,39.2466,-3.79457,8.05472,6.86754,2.42884,-4.02465
2.80366,-7.06926,39.1368,-3.76416,8.04245,6.88605,2.43399,-4.0042
2.80529,-6.99309,39.0189,-3.71299,8.03688,6.89548,2.43734,-3.9938
2.80608,-7.08835,39.1397,-3.78197,8.03576,6.89521,2.4359,-3.9938
2.80675,-7.1087,39.1446,-3.80079,8.0292,6.90422,2.43773,-3.98369
2.80857,-7.05434,39.0334,-3.76945,8.01688,6.92279,2.44295,-3.96291
2.80929,-7.05434,39.0334,-3.76945,8.01688,6.92279,2.44295,-3.96291
2.81007,-7.17034,39.1582,-3.85765,8.00922,6.93166,2.44341,-3.95245
2.81139,-7.1912,39.1624,-3.87686,8.0025,6.94097,2.44535,-3.94188
2.81247,-7.13695,39.0519,-3.84572,7.9903,6.95938,2.45058,-3.92108
2.81324,-7.13695,39.0519,-3.84572,7.9903,6.95938,2.45058,-3.92108
2.81457,-7.25335,39.1755,-3.93445,7.98277,6.96837,2.45109,-3.91041
2.81557,-7.25335,39.1755,-3.93445,7.98277,6.96837,2.45109,-3.91041
2.81647,-7.21993,39.0691,-3.92271,7.96401,6.99606,2.45831,-3.87882
2.81707,-7.21993,39.0691,-3.92271,7.96401,6.99606,2.45831,-3.87882
2.81773,-7.23939,39.0717,-3.94109,7.95753,7.00519,2.46028,-3.86816
2.8187,-7.25936,39.0741,-3.95984,7.95097,7.01452,2.46228,-3.8574
2.81977,-7.2798,39.0784,-3.97905,7.94463,7.02347,2.46418,-3.84696
2.82073,-7.3002,39.0825,-3.99831,7.93832,7.03239,2.4661,-3.83662
2.82174,-7.32036,39.0865,-4.01738,7.93206,7.04128,2.46801,-3.82618
2.8227,-7.34041,39.0901,-4.03642,7.92583,7.05016,2.46992,-3.81577
2.82365,-7.36035,39.0936,-4.05543,7.91964,7.05903,2.47184,-3.8054
2.8247,-7.38004,39.0968,-4.07426,7.91347,7.06789,2.47376,-3.79491
2.82572,-7.39967,39.0997,-4.09311,7.90735,7.07674,2.47568,-3.7845
2.82681,-7.32138,38.9835,-4.04024,7.90181,7.08583,2.47902,-3.77398
2.8277,-7.3406,38.9861,-4.05881,7.89571,7.09466,2.48095,-3.76354
2.82871,-7.3596,38.9885,-4.0772,7.88962,7.10348,2.48288,-3.75298
2.82971,-7.38046,38.993,-4.09702,7.8835,7.1123,2.48479,-3.74251
2.83071,-7.40107,38.9973,-4.11666,7.87741,7.12108,2.48671,-3.73193
2.8319,-7.42163,39.0013,-4.13633,7.87137,7.12984,2.48864,-3.72145
2.83271,-7.44193,39.0051,-4.15581,7.86537,7.13858,2.49057,-3.71086
2.83372,-7.46214,39.0086,-4.1753,7.85942,7.1473,2.49251,-3.70038
2.83473,-7.48153,39.0118,-4.19423,7.85363,7.15582,2.49441,-3.68999
2.83576,-7.50143,39.0149,-4.21355,7.84776,7.16452,2.49635,-3.67947
2.83668,-7.42175,38.8994,-4.15963,7.84236,7.17327,2.49965,-3.66905
2.83772,-7.52052,39.0176,-4.23232,7.84203,7.17302,2.49825,-3.66905
2.83883,-7.53956,39.0201,-4.25112,7.83633,7.18152,2.50016,-3.6587
2.83973,-7.48049,38.9088,-4.2171,7.8251,7.1989,2.5054,-3.63763
2.84068,-7.49944,38.9108,-4.23579,7.81935,7.20753,2.50736,-3.62692
2.84194,-7.59868,39.0286,-4.30898,7.81911,7.20729,2.50596,-3.62692
2.84271,-7.53973,38.9185,-4.27517,7.80806,7.22443,2.51116,-3.60599
2.84369,-7.55831,38.9197,-4.29372,7.8024,7.233,2.51314,-3.59535
2.84527,-7.6579,39.0372,-4.36729,7.80223,7.23276,2.51175,-3.59535
2.8461,-7.57801,38.9229,-4.31314,7.79684,7.24143,2.51505,-3.58479
2.84667,-7.61765,38.9287,-4.35223,7.78568,7.25837,2.51893,-3.56354
2.84763,-7.63615,38.929,-4.3708,7.78003,7.26706,2.52096,-3.55263
2.84869,-7.55516,38.8142,-4.31579,7.77463,7.27567,2.52427,-3.54205
2.84966,-7.57409,38.8164,-4.3348,7.76919,7.28402,2.5262,-3.53156
2.85068,-7.67427,38.9334,-4.40902,7.76916,7.28378,2.52481,-3.53156
2.85171,-7.61532,38.8246,-4.37536,7.75829,7.30066,2.53003,-3.51042
2.85271,-7.63424,38.8261,-4.39438,7.75283,7.3091,2.53203,-3.49958
2.85365,-7.73477,38.9428,-4.46898,7.75287,7.30886,2.53064,-3.49958
2.85469,-7.67443,38.8327,-4.43439,7.74218,7.32563,2.53589,-3.47841
2.85573,-7.69288,38.8334,-4.45317,7.73684,7.33401,2.53789,-3.46761
2.85665,-7.79376,38.9499,-4.52814,7.73696,7.33378,2.53651,-3.46761
2.85767,-7.7321,38.8386,-4.49265,7.72639,7.35045,2.54177,-3.44638
2.85869,-7.75011,38.8386,-4.51122,7.72115,7.35879,2.54378,-3.43559
2.85966,-7.85133,38.9547,-4.58656,7.72133,7.35856,2.54241,-3.43559
2.8607,-7.87062,38.9566,-4.60616,7.71619,7.36677,2.54435,-3.4249
2.86177,-7.78841,38.8424,-4.5502,7.71085,7.37517,2.54768,-3.4143
2.86273,-7.80587,38.8416,-4.56842,7.70566,7.38349,2.5497,-3.40336
2.86374,-7.90744,38.9575,-4.64413,7.70591,7.38326,2.54833,-3.40336
2.86469,-7.84243,38.8419,-4.60617,7.6953,7.40017,2.55371,-3.38154
2.8657,-7.86153,38.8429,-4.62573,7.69011,7.40848,2.55572,-3.37068
2.8667,-7.87894,38.8413,-4.64398,7.68488,7.41693,2.5578,-3.35949
2.86767,-7.89719,38.8419,-4.66302,7.67985,7.42507,2.55976,-3.34885
2.86867,-7.91525,38.8423,-4.68192,7.67483,7.43319,2.56173,-3.33809
2.86972,-7.93325,38.8425,-4.70083,7.66983,7.44129,2.56371,-3.32741
2.8709,-7.95103,38.8425,-4.71958,7.66484,7.4494,2.56569,-3.3166
2.87172,-7.96878,38.8422,-4.73836,7.65988,7.45749,2.56768,-3.30588
2.87272,-8.07137,38.9571,-4.81519,7.66033,7.45727,2.56632,-3.30588
2.8737,-8.0038,38.8412,-4.77562,7.65,7.47367,2.57167,-3.28426
2.87467,-7.91679,38.7234,-4.71585,7.6445,7.48214,2.57509,-3.27315
2.87569,-7.93394,38.7225,-4.73424,7.63957,7.49024,2.57708,-3.26234
2.8767,-7.95292,38.7237,-4.754,7.63459,7.49834,2.57907,-3.2514
2.87766,-8.05596,38.8382,-4.83135,7.63515,7.49812,2.57771,-3.2514
2.87869,-8.075,38.8391,-4.85126,7.63022,7.50617,2.57971,-3.24057
2.8803,-8.00766,38.7238,-4.81187,7.6198,7.52258,2.58515,-3.21858
2.88119,-8.02456,38.7219,-4.83016,7.61489,7.53076,2.58722,-3.20741
2.88168,-8.12805,38.8359,-4.908,7.61553,7.53054,2.58587,-3.20741
2.88276,-8.06058,38.7197,-4.86848,7.60497,7.54725,2.59139,-3.18495
2.88369,-8.07713,38.7172,-4.88665,7.6001,7.55536,2.59349,-3.17389
2.88475,-8.18095,38.8309,-4.96485,7.60081,7.55515,2.59214,-3.17389
2.88573,-8.11272,38.7162,-4.925,7.59059,7.57127,2.59754,-3.1521
2.88675,-8.02473,38.5996,-4.86438,7.58502,7.57956,2.60099,-3.14091
2.88771,-8.12878,38.7132,-4.94286,7.58579,7.57935,2.59964,-3.14091
2.88869,-8.06141,38.6,-4.90367,7.57556,7.59542,2.60504,-3.11909
2.88963,-8.16568,38.7133,-4.98239,7.57637,7.5952,2.6037,-3.11909
2.89072,-8.18337,38.7118,-5.00157,7.5716,7.60321,2.60581,-3.10788
2.89172,-8.11525,38.5976,-4.96184,7.56141,7.61926,2.6113,-3.08578
2.89267,-8.13246,38.5956,-4.98075,7.55675,7.62723,2.6134,-3.07467
2.89374,-8.23717,38.7085,-5.05996,7.55764,7.62702,2.61207,-3.07467
2.89473,-8.16931,38.5956,-5.02057,7.54763,7.6428,2.61751,-3.05279
2.89575,-8.27423,38.7082,-5.10002,7.54856,7.64259,2.61618,-3.05279
2.89682,-8.291,38.7055,-5.11871,7.544,7.65047,2.61831,-3.04156
2.89769,-8.22038,38.5893,-5.07726,7.53406,7.66629,2.62383,-3.01941
2.89878,-8.22038,38.5893,-5.07726,7.53406,7.66629,2.62383,-3.01941
2.89974,-8.23668,38.5861,-5.09568,7.52957,7.67416,2.62596,-3.00827
2.90071,-8.16689,38.4715,-5.05486,7.51961,7.68991,2.63148,-2.98607
2.9017,-8.27236,38.5835,-5.13495,7.52065,7.6897,2.63015,-2.98607
2.90271,-8.29021,38.582,-5.1546,7.51618,7.6975,2.63228,-2.97481
2.90371,-8.22124,38.4686,-5.1145,7.50633,7.71307,2.63781,-2.95263
2.90468,-8.32704,38.5803,-5.19495,7.50743,7.71286,2.63648,-2.95263
2.90574,-8.3445,38.5781,-5.21445,7.50309,7.72058,2.63862,-2.94149
2.90683,-8.27421,38.4637,-5.17345,7.4934,7.73601,2.64416,-2.91932
2.90768,-8.38033,38.5751,-5.25426,7.49456,7.7358,2.64284,-2.91932
2.90869,-8.39721,38.5722,-5.27339,7.49031,7.74347,2.64499,-2.90806
2.90967,-8.32567,38.4569,-5.23151,7.48072,7.75877,2.65054,-2.88587
2.9107,-8.32567,38.4569,-5.23151,7.48072,7.75877,2.65054,-2.88587
2.91172,-8.34208,38.4535,-5.25037,7.47654,7.76638,2.65269,-2.87471
2.91268,-8.27132,38.3396,-5.2091,7.46698,7.7816,2.65823,-2.85247
2.91373,-8.28916,38.3378,-5.22908,7.46282,7.78913,2.66037,-2.84119
2.91469,-8.39592,38.4486,-5.31064,7.46411,7.78893,2.65906,-2.84119
2.91569,-8.32747,38.3381,-5.27127,7.45476,7.80381,2.66454,-2.81921
2.91667,-8.34488,38.3356,-5.29107,7.45074,7.81122,2.6667,-2.80806
2.91775,-8.45196,38.4459,-5.37298,7.45209,7.81102,2.66539,-2.80806
2.91874,-8.38203,38.3343,-5.33257,7.44296,7.82573,2.67088,-2.78604
2.91967,-8.3989,38.331,-5.35205,7.43906,7.83307,2.67305,-2.77488
2.92071,-8.50629,38.441,-5.43433,7.44046,7.83286,2.67175,-2.77488
2.9217,-8.43506,38.3283,-5.39302,7.43149,7.84743,2.67724,-2.75288
2.92275,-8.45131,38.3244,-5.4121,7.42768,7.8547,2.67941,-2.7416
2.92365,-8.55902,38.434,-5.49474,7.42913,7.8545,2.67811,-2.7416
2.92469,-8.37869,38.2108,-5.36974,7.41878,7.86915,2.68491,-2.71956
2.92567,-8.39446,38.2063,-5.38853,7.41504,7.87637,2.68708,-2.70835
2.92671,-8.50237,38.3157,-5.47142,7.41654,7.87617,2.68578,-2.70835
2.92769,-8.43273,38.2054,-5.43142,7.40771,7.89051,2.69125,-2.68626
2.92872,-8.45002,38.2025,-5.45145,7.40404,7.89764,2.69341,-2.67495
2.92972,-8.55825,38.3115,-5.5347,7.40559,7.89744,2.69212,-2.67495
2.9307,-8.57705,38.3103,-5.55603,7.40206,7.90444,2.69421,-2.66397
2.93169,-8.50397,38.1963,-5.51348,7.39341,7.91864,2.69977,-2.64169
2.93269,-8.6125,38.305,-5.59708,7.39502,7.91845,2.69848,-2.64169
2.9337,-8.62913,38.3009,-5.61678,7.39152,7.9255,2.70064,-2.63037
2.93473,-8.55467,38.1859,-5.57323,7.38297,7.93961,2.70619,-2.60806
2.93564,-8.66351,38.2942,-5.65719,7.38463,7.93942,2.70491,-2.60806
2.93671,-8.57079,38.1813,-5.59262,7.37952,7.94661,2.70834,-2.59684
2.9377,-8.49498,38.0656,-5.54804,7.37101,7.96063,2.71389,-2.57449
2.93864,-8.51258,38.0627,-5.56858,7.36758,7.96761,2.71602,-2.56314
2.9397,-8.62172,38.1706,-5.65292,7.3693,7.96741,2.71474,-2.56314
2.94071,-8.55048,38.0604,-5.61198,7.36091,7.98115,2.7202,-2.54101
2.94172,-8.56764,38.0567,-5.63233,7.35759,7.98798,2.72236,-2.52979
2.9427,-8.67709,38.1642,-5.71702,7.35936,7.98779,2.72109,-2.52979
2.94369,-8.69559,38.1623,-5.73849,7.35616,7.9945,2.72317,-2.51868
2.94471,-8.62083,38.0485,-5.69492,7.34797,8.00811,2.7287,-2.49636
2.94567,-8.73058,38.1556,-5.77996,7.34979,8.00792,2.72744,-2.49636
2.94671,-8.74705,38.1508,-5.79995,7.34663,8.01468,2.72959,-2.48513
2.94768,-8.6709,38.0359,-5.75538,7.33855,8.0282,2.73511,-2.46278
2.9487,-8.78095,38.1427,-5.84077,7.34042,8.02801,2.73385,-2.46278
2.94982,-8.68668,38.0306,-5.77485,7.33543,8.03491,2.73726,-2.45142
2.95075,-8.6092,37.915,-5.72927,7.32738,8.04834,2.74278,-2.42907
2.95182,-8.71945,38.0215,-5.81492,7.32929,8.04815,2.74152,-2.42907
2.95269,-8.73691,38.0177,-5.83578,7.32622,8.05483,2.74365,-2.4177
2.95372,-8.66244,37.9054,-5.79259,7.31823,8.0681,2.74915,-2.39529
2.95468,-8.77298,38.0116,-5.87859,7.32018,8.06791,2.74789,-2.39529
2.9557,-8.78999,38.0071,-5.89924,7.3172,8.07448,2.75004,-2.38404
2.95673,-8.71407,37.8937,-5.85501,7.30939,8.08761,2.75553,-2.36166
2.95776,-8.8249,37.9994,-5.94134,7.31138,8.08742,2.75428,-2.36166
2.95883,-8.84125,37.9942,-5.96155,7.30849,8.09392,2.75643,-2.35031
2.95971,-8.76394,37.8799,-5.91632,7.30078,8.10691,2.76192,-2.32792
2.96068,-8.87507,37.9852,-6.003,7.30282,8.10672,2.76068,-2.32792
2.9617,-8.79689,37.8704,-5.95714,7.29518,8.11966,2.76615,-2.3055
2.96262,-8.70103,37.7591,-5.88987,7.29029,8.12623,2.76956,-2.29422
2.96371,-8.81235,37.8642,-5.9768,7.29237,8.12605,2.76832,-2.29422
2.96469,-8.73659,37.7528,-5.93285,7.28484,8.13875,2.77371,-2.27198
2.96569,-8.75353,37.7482,-5.9537,7.28209,8.14505,2.77587,-2.2606
2.96672,-8.86514,37.8528,-6.04098,7.28421,8.14486,2.77463,-2.2606
2.96775,-8.79009,37.7424,-5.99768,7.27684,8.15736,2.78003,-2.23839
2.9687,-8.90189,37.8468,-6.08519,7.27899,8.15717,2.7788,-2.23839
2.96986,-8.91843,37.8412,-6.10588,7.27639,8.16338,2.78095,-2.22712
2.97074,-8.84027,37.7275,-6.0602,7.26914,8.17582,2.78642,-2.20469
2.97174,-8.95235,37.8315,-6.14805,7.27133,8.17564,2.78519,-2.20469
2.97276,-8.87329,37.7172,-6.1017,7.26415,8.18802,2.79064,-2.18225
2.97376,-8.89087,37.7126,-6.12331,7.26165,8.19414,2.79277,-2.17086
2.97467,-9.00324,37.8162,-6.21149,7.26388,8.19395,2.79155,-2.17086
2.97576,-8.90775,37.708,-6.14446,7.25923,8.20009,2.79487,-2.1598
2.97674,-8.82672,37.5925,-6.09661,7.25217,8.21225,2.80033,-2.13735
2.97781,-8.93928,37.6957,-6.18505,7.25443,8.21207,2.79911,-2.13735
2.97875,-8.95613,37.6903,-6.2062,7.25205,8.21812,2.80123,-2.12594
2.97967,-8.87816,37.578,-6.16081,7.24506,8.23015,2.80666,-2.10346
2.98071,-8.99099,37.6809,-6.24959,7.24736,8.22997,2.80544,-2.10346
2.98167,-8.91211,37.5679,-6.20355,7.24049,8.24192,2.81086,-2.08106
2.98278,-8.9279,37.5614,-6.224,7.23821,8.24781,2.813,-2.06967
2.98373,-9.04101,37.6639,-6.31311,7.24054,8.24763,2.81179,-2.06967
2.98473,-8.96225,37.552,-6.26726,7.23383,8.25931,2.81714,-2.04743
2.98571,-8.97757,37.5448,-6.28746,7.23164,8.26512,2.81928,-2.03613
2.98676,-9.09096,37.6469,-6.3769,7.23401,8.26494,2.81808,-2.03613
2.98775,-8.99422,37.5396,-6.30874,7.22952,8.27083,2.82135,-2.02494
2.98873,-9.0108,37.534,-6.33002,7.22741,8.2765,2.82343,-2.01386
2.9899,-9.02547,37.5262,-6.34977,7.22528,8.28225,2.82557,-2.00243
2.99077,-8.94341,37.4104,-6.30127,7.21859,8.29406,2.83105,-1.97944
2.99171,-9.05717,37.5118,-6.39118,7.22102,8.29388,2.82986,-1.97944
2.99272,-9.07361,37.5053,-6.41244,7.21892,8.29959,2.83198,-1.96811
2.99372,-8.99346,37.3928,-6.3656,7.21239,8.31099,2.83736,-1.94562
2.99474,-9.10749,37.4939,-6.45585,7.21486,8.31081,2.83616,-1.94562
2.99574,-9.12328,37.4868,-6.47666,7.21285,8.31644,2.83828,-1.93421
2.99671,-9.14059,37.4815,-6.49877,7.21092,8.32195,2.84033,-1.92313
2.99775,-9.15597,37.4739,-6.51932,7.20894,8.32752,2.84246,-1.91173
2.99877,-9.17127,37.4661,-6.53986,7.20701,8.33308,2.84458,-1.90042
2.99969,-9.0718,37.3578,-6.46938,7.20256,8.33882,2.84789,-1.88899
3.00078,-9.08663,37.3497,-6.48957,7.20064,8.34435,2.85,-1.87767
3.0017,-9.1012,37.3414,-6.50956,7.19871,8.34987,2.85212,-1.86623
3.0027,-9.11796,37.335,-6.53133,7.19682,8.35539,2.85422,-1.8549
3.0037,-9.23271,37.4348,-6.62244,7.19937,8.35521,2.85303,-1.8549
3.00472,-9.15083,37.3214,-6.57443,7.19308,8.36629,2.85843,-1.83215
3.00565,-9.16693,37.3143,-6.59575,7.19125,8.37171,2.86054,-1.82073
3.00676,-9.18127,37.3048,-6.6157,7.1894,8.37719,2.86271,-1.8092
3.00769,-9.19697,37.2973,-6.63676,7.18762,8.38259,2.8648,-1.79779
3.00868,-9.21257,37.2895,-6.6578,7.18584,8.38794,2.86691,-1.78649
3.00972,-9.22791,37.2815,-6.67864,7.18408,8.39327,2.86901,-1.77509
3.01074,-9.24316,37.2734,-6.69946,7.18235,8.39857,2.87111,-1.76378
3.01177,-9.25813,37.265,-6.72007,7.18063,8.40386,2.87322,-1.75238
3.01334,-9.27297,37.2564,-6.74062,7.17893,8.40913,2.87532,-1.74102
3.01421,-9.27297,37.2564,-6.74062,7.17893,8.40913,2.87532,-1.74102
3.01506,-9.18643,37.1404,-6.68905,7.17291,8.41978,2.88069,-1.71827
3.01576,-9.30214,37.2387,-6.78138,7.17557,8.4196,2.87953,-1.71827
3.01669,-9.2159,37.1219,-6.73001,7.16952,8.43039,2.88499,-1.69506
3.01774,-9.23099,37.1122,-6.75079,7.16781,8.43577,2.88717,-1.68329
3.01872,-9.34695,37.21,-6.84344,7.17049,8.4356,2.88602,-1.68329
3.01976,-9.26104,37.0947,-6.79245,7.16452,8.44617,2.8914,-1.66037
3.0212,-9.27719,37.0865,-6.81419,7.16289,8.45137,2.89353,-1.64876
3.0222,-9.29094,37.0762,-6.83407,7.16127,8.45652,2.89568,-1.63727
3.02281,-9.30612,37.0679,-6.85514,7.15973,8.46159,2.89776,-1.62591
3.02385,-9.3212,37.0592,-6.87617,7.1582,8.4666,2.89985,-1.61465
3.02469,-9.21956,36.9536,-6.8037,7.15395,8.47177,2.90308,-1.60329
3.02577,-9.23421,36.9447,-6.82441,7.15246,8.47673,2.90517,-1.59203
3.02673,-9.24859,36.9356,-6.84491,7.15099,8.48168,2.90725,-1.58065
3.02777,-9.26518,36.9283,-6.86723,7.14957,8.48661,2.90932,-1.56937
3.02874,-9.28147,36.9207,-6.88932,7.14816,8.49148,2.9114,-1.558
3.02979,-9.29767,36.9128,-6.9114,7.1468,8.49631,2.91347,-1.54675
3.03084,-9.31357,36.9048,-6.93323,7.14548,8.50111,2.91555,-1.53539
3.03186,-9.32934,36.8965,-6.95502,7.14419,8.50588,2.91763,-1.52415
3.03289,-9.3448,36.8879,-6.97657,7.14293,8.51062,2.9197,-1.5128
3.03375,-9.36016,36.8791,-6.99808,7.1417,8.51533,2.92178,-1.50156
3.03476,-9.37521,36.8701,-7.01936,7.14049,8.52002,2.92385,-1.49022
3.03569,-9.27288,36.7655,-6.94623,7.13648,8.52485,2.92705,-1.47898
3.03672,-9.28746,36.7562,-6.96715,7.13531,8.52948,2.92912,-1.46762
3.03787,-9.30195,36.7467,-6.98805,7.13416,8.53409,2.93119,-1.45637
3.0387,-9.31846,36.7389,-7.01058,7.13306,8.53869,2.93323,-1.44501
3.03979,-9.33486,36.7308,-7.03306,7.13197,8.54323,2.93529,-1.43376
3.0407,-9.35098,36.7225,-7.05533,7.13092,8.54774,2.93735,-1.42242
3.04174,-9.36696,36.7139,-7.07754,7.1299,8.55221,2.9394,-1.4112
3.04274,-9.38262,36.7051,-7.09951,7.12892,8.55665,2.94145,-1.39988
3.04371,-9.39811,36.696,-7.12138,7.12796,8.56107,2.9435,-1.38861
3.04468,-9.51605,36.79,-7.21658,7.13083,8.56089,2.94238,-1.38861
3.04587,-9.42845,36.6772,-7.16468,7.12612,8.56981,2.94759,-1.36609
3.04671,-9.44336,36.6674,-7.18617,7.12524,8.57414,2.94963,-1.35487
3.04776,-9.45626,36.6554,-7.20602,7.12433,8.57853,2.95173,-1.34332
3.04869,-9.35254,36.5519,-7.13161,7.12058,8.58303,2.95486,-1.33209
3.04984,-9.36668,36.5417,-7.15251,7.11971,8.58731,2.9569,-1.32076
3.05067,-9.485,36.6349,-7.24824,7.12262,8.58713,2.95579,-1.32076
3.05169,-9.39861,36.5245,-7.19737,7.11811,8.59571,2.96089,-1.2984
3.0527,-9.41463,36.5155,-7.21988,7.11734,8.59988,2.96291,-1.28717
3.05369,-9.42863,36.5042,-7.24074,7.11656,8.60411,2.96498,-1.27563
3.05471,-9.4442,36.4947,-7.26295,7.11586,8.60826,2.96699,-1.26441
3.0557,-9.45885,36.4852,-7.28446,7.11516,8.61227,2.96896,-1.25333
3.05672,-9.47403,36.4752,-7.3064,7.1145,8.61635,2.97097,-1.24211
3.05771,-9.48886,36.4651,-7.32808,7.11383,8.62038,2.97298,-1.23078
3.05883,-9.50375,36.455,-7.3493,7.11321,8.62431,2.97496,-1.21636
3.05967,-9.5185,36.4446,-7.3703,7.11259,8.6282,2.97695,-1.20105
3.06069,-9.53367,36.4339,-7.39168,7.112,8.63216,2.97897,-1.18579
3.06171,-9.42879,36.3317,-7.3155,7.10846,8.63618,2.98204,-1.1704
3.06312,-9.54796,36.4231,-7.41236,7.11142,8.636,2.98096,-1.1704
3.06377,-9.45895,36.3116,-7.35819,7.10739,8.64383,2.98597,-1.13992
3.06472,-9.47534,36.3019,-7.3807,7.10689,8.64768,2.98797,-1.1249
3.06567,-9.49101,36.2922,-7.40262,7.10642,8.65142,2.98993,-1.10977
3.06669,-9.50632,36.2822,-7.42428,7.10598,8.65513,2.99188,-1.09457
3.06769,-9.52151,36.272,-7.44586,7.10558,8.65881,2.99383,-1.07935
3.06867,-9.53634,36.2615,-7.46718,7.1052,8.66247,2.99578,-1.06407
3.06968,-9.55107,36.2508,-7.48843,7.10485,8.6661,2.99773,-1.04877
3.07067,-9.56545,36.2399,-7.50943,7.10451,8.66971,2.99968,-1.03341
3.0717,-9.57972,36.2287,-7.53037,7.10419,8.67329,3.00162,-1.01803
3.07339,-9.59367,36.2174,-7.55106,7.10389,8.67686,3.00356,-1.00259
3.07396,-9.59367,36.2174,-7.55106,7.10389,8.67686,3.00356,-1.00259
3.07547,-9.60752,36.2058,-7.5717,7.10361,8.6804,3.00549,-0.987133
3.07626,-9.51585,36.0921,-7.51558,7.10007,8.68783,3.01053,-0.956301
3.07703,-9.53002,36.0797,-7.53655,7.09982,8.69146,3.01253,-0.940877
3.07772,-9.65023,36.1687,-7.6348,7.10282,8.69128,3.01147,-0.940877
3.07868,-9.55934,36.0562,-7.57941,7.09935,8.69861,3.01646,-0.910236
3.07969,-9.5722,36.0433,-7.59936,7.09911,8.70208,3.01841,-0.894603
3.08066,-9.58669,36.0323,-7.62073,7.09894,8.70549,3.0203,-0.879288
3.08168,-9.60088,36.0209,-7.64187,7.09877,8.70887,3.02219,-0.863919
3.08286,-9.61496,36.0094,-7.66294,7.09863,8.71221,3.02408,-0.84853
3.08371,-9.7356,36.0974,-7.76177,7.10164,8.71203,3.02303,-0.84853
3.0847,-9.64236,35.9857,-7.70455,7.09841,8.71882,3.02785,-0.81762
3.08578,-9.53316,35.8839,-7.62455,7.09528,8.72233,3.03083,-0.801762
3.0867,-9.65393,35.9716,-7.72359,7.0983,8.72215,3.02979,-0.801762
3.08782,-9.56158,35.8611,-7.66712,7.09518,8.72886,3.03456,-0.77107
3.08878,-9.57477,35.8482,-7.6876,7.09513,8.73212,3.03649,-0.755521
3.08968,-9.69575,35.9354,-7.78692,7.09815,8.73194,3.03545,-0.755521
3.0907,-9.60414,35.8258,-7.73115,7.09517,8.73846,3.0402,-0.725009
3.09166,-9.6168,35.8123,-7.75126,7.0952,8.74163,3.04211,-0.709365
3.09271,-9.738,35.8989,-7.85087,7.09822,8.74146,3.04108,-0.709365
3.09369,-9.64485,35.7884,-7.79388,7.09537,8.74782,3.04581,-0.678624
3.09468,-9.65674,35.7743,-7.81342,7.09545,8.75092,3.04772,-0.662848
3.09567,-9.77814,35.8604,-7.91331,7.09847,8.75074,3.04669,-0.662848
3.09703,-9.67028,35.7619,-7.8344,7.09558,8.75397,3.04955,-0.647395
3.09775,-9.57333,35.6487,-7.77422,7.09281,8.76019,3.05432,-0.616019
3.09868,-9.69486,35.7344,-7.87431,7.09584,8.76001,3.0533,-0.616019
3.09986,-9.70658,35.7193,-7.89382,7.09599,8.76312,3.05522,-0.600195
3.10069,-9.72154,35.7078,-7.91612,7.09618,8.7661,3.05703,-0.585011
3.10178,-9.73462,35.6941,-7.93685,7.09634,8.76907,3.05891,-0.569461
3.10274,-9.6382,35.5814,-7.87723,7.09373,8.77515,3.06364,-0.538243
3.10367,-9.76006,35.6662,-7.97778,7.09675,8.77497,3.06263,-0.538243
3.10472,-9.66443,35.555,-7.91888,7.09421,8.78092,3.0673,-0.507229
3.10566,-9.78643,35.6394,-8.01962,7.09723,8.78075,3.06629,-0.507229
3.1067,-9.79835,35.6248,-8.03951,7.09747,8.7836,3.06815,-0.491485
3.1077,-9.57915,35.4287,-7.8785,7.09201,8.78956,3.07381,-0.460259
3.1087,-9.5904,35.4138,-7.89783,7.09232,8.79236,3.07565,-0.444425
3.10973,-9.71258,35.4978,-7.99886,7.09533,8.79218,3.07464,-0.444425
3.11075,-9.62053,35.3906,-7.94308,7.09305,8.79778,3.07919,-0.414195
3.11171,-9.74285,35.4742,-8.04429,7.09606,8.7976,3.07819,-0.414195
3.11268,-9.75827,35.4618,-8.06729,7.09649,8.80029,3.08,-0.399108
3.11372,-9.6628,35.3517,-8.00866,7.09439,8.80567,3.08459,-0.36828
3.11476,-9.67553,35.3369,-8.02943,7.0949,8.80833,3.08644,-0.352704
3.1157,-9.79812,35.4198,-8.131,7.0979,8.80814,3.08545,-0.352704
3.117,-9.70281,35.3109,-8.07258,7.09594,8.81334,3.08995,-0.321987
3.11776,-9.82552,35.3934,-8.17433,7.09893,8.81316,3.08896,-0.321987
3.1187,-9.71673,35.2973,-8.09444,7.09651,8.81585,3.09173,-0.306657
3.11972,-9.61805,35.1859,-8.03314,7.09467,8.8209,3.09627,-0.275362
3.12065,-9.74087,35.268,-8.13509,7.09767,8.82071,3.09528,-0.275362
3.1217,-9.75399,35.2537,-8.15635,7.0983,8.82316,3.09705,-0.2599
3.12273,-9.65857,35.1449,-8.0979,7.09661,8.82806,3.10152,-0.229247
3.12368,-9.78159,35.2264,-8.20011,7.0996,8.82788,3.10055,-0.229247
3.12473,-9.79407,35.2115,-8.22091,7.10028,8.83022,3.10231,-0.213678
3.12566,-9.69701,35.1019,-8.16112,7.09872,8.83496,3.10675,-0.182785
3.12665,-9.70886,35.0866,-8.18143,7.09946,8.83723,3.1085,-0.16712
3.12771,-9.83213,35.1674,-8.28399,7.10243,8.83704,3.10753,-0.16712
3.12867,-9.73538,35.0589,-8.22454,7.10098,8.8416,3.11189,-0.136368
3.12967,-9.85877,35.1394,-8.32727,7.10395,8.84142,3.11093,-0.136368
3.13071,-9.74646,35.0429,-8.24427,7.10176,8.84377,3.11364,-0.120576
3.13167,-9.64637,34.932,-8.18194,7.10042,8.84821,3.11802,-0.0892523
3.13266,-9.76986,35.0121,-8.28486,7.10337,8.84803,3.11706,-0.0892523
3.13373,-9.78272,34.9971,-8.3062,7.10423,8.85016,3.11876,-0.073794
3.13467,-9.79725,34.9838,-8.32898,7.10509,8.85222,3.12042,-0.0586657
3.13576,-9.80963,34.9683,-8.34995,7.10596,8.85425,3.12214,-0.0431264
3.13671,-9.71,34.8577,-8.28812,7.10485,8.85848,3.12649,-0.0119545
3.13768,-9.8338,34.9368,-8.39147,7.10778,8.85829,3.12554,-0.0119545
3.13871,-9.8456,34.9208,-8.41202,7.10871,8.86027,3.12723,0.00367877
3.1397,-9.74626,34.8113,-8.35051,7.10768,8.8643,3.13151,0.0347108
3.14066,-9.75725,34.7949,-8.37041,7.10865,8.86621,3.13319,0.0504635
3.1417,-9.88129,34.8733,-8.4741,7.11156,8.86602,3.13225,0.0504635
3.14266,-9.78234,34.765,-8.41297,7.11062,8.86988,3.13644,0.0813384
3.14362,-9.78234,34.765,-8.41297,7.11062,8.86988,3.13644,0.0813384
3.14475,-9.79276,34.748,-8.43246,7.11163,8.8717,3.13812,0.097184
3.14575,-9.69285,34.639,-8.3705,7.11085,8.87545,3.14231,0.128195
3.14667,-9.81711,34.7166,-8.47455,7.11374,8.87526,3.14138,0.128195
3.14772,-9.71864,34.6087,-8.41384,7.11304,8.8789,3.14555,0.158909
3.14871,-9.73272,34.5939,-8.43657,7.1142,8.88058,3.14717,0.174061
3.14977,-9.85716,34.6709,-8.54087,7.11707,8.88039,3.14625,0.174061
3.15075,-9.75887,34.564,-8.48039,7.11654,8.88376,3.15035,0.204655
3.15178,-9.88343,34.6407,-8.58485,7.11939,8.88357,3.14943,0.204655
3.15278,-9.89434,34.6235,-8.60496,7.12059,8.88514,3.15106,0.220376
3.15376,-9.79264,34.514,-8.5416,7.1202,8.88839,3.15516,0.251559
3.15473,-9.67823,34.4203,-8.45651,7.11861,8.8901,3.15769,0.267369
3.15569,-9.80293,34.4964,-8.56123,7.12145,8.88991,3.15677,0.267369
3.15669,-9.70399,34.3899,-8.50022,7.12116,8.89303,3.16078,0.297953
3.15776,-9.71599,34.3734,-8.52135,7.12247,8.89444,3.16237,0.313431
3.15874,-9.84086,34.4489,-8.62631,7.12528,8.89424,3.16146,0.313431
3.15976,-9.85437,34.4337,-8.64881,7.12662,8.89562,3.16299,0.328607
3.16076,-9.75397,34.3259,-8.5866,7.12656,8.89846,3.167,0.359413
3.16189,-9.87901,34.4008,-8.69181,7.12935,8.89827,3.1661,0.359413
3.16306,-9.8901,34.3832,-8.7123,7.13076,8.89957,3.16766,0.375044
3.16374,-9.78809,34.2748,-8.64876,7.13081,8.90228,3.17163,0.406076
3.16475,-9.9133,34.3491,-8.75421,7.13357,8.90208,3.17074,0.406076
3.16596,-9.9236,34.3309,-8.77408,7.135,8.90332,3.17229,0.421831
3.16681,-9.81033,34.2404,-8.68988,7.13369,8.90473,3.17467,0.437238
3.16773,-9.82013,34.2219,-8.70934,7.13513,8.9059,3.17622,0.453063
3.16872,-9.71449,34.1108,-8.64267,7.13536,8.90847,3.18019,0.484701
3.16988,-9.83989,34.1843,-8.74845,7.13809,8.90827,3.1793,0.484701
3.17096,-9.85148,34.1669,-8.76952,7.13957,8.90942,3.18081,0.500182
3.17171,-9.86486,34.151,-8.79216,7.14105,8.91052,3.18227,0.515304
3.17271,-9.87606,34.1331,-8.81293,7.14254,8.91158,3.18378,0.530847
3.17371,-9.88715,34.1151,-8.83364,7.14408,8.91263,3.18527,0.546404
3.17467,-9.65711,33.9336,-8.66197,7.14181,8.91506,3.18999,0.577651
3.17571,-9.78276,34.0061,-8.76815,7.1445,8.91486,3.18912,0.577651
3.1767,-9.68164,33.9002,-8.70545,7.145,8.917,3.19287,0.608224
3.17769,-9.69621,33.8844,-8.7292,7.14666,8.9179,3.19433,0.623105
3.17878,-9.82201,33.9564,-8.83562,7.14931,8.9177,3.19346,0.623105
3.17971,-9.72357,33.8527,-8.77527,7.15003,8.91955,3.19714,0.653107
3.18085,-9.84948,33.9243,-8.88184,7.15267,8.91934,3.19628,0.653107
3.1817,-9.74791,33.8184,-8.81885,7.15353,8.92107,3.19998,0.68321
3.18278,-9.75862,33.8,-8.83946,7.15531,8.92177,3.20142,0.698052
3.18374,-9.88469,33.8709,-8.94626,7.15791,8.92156,3.20056,0.698052
3.18469,-9.78307,33.766,-8.88344,7.1589,8.9231,3.20417,0.726299
3.18583,-9.79312,33.7469,-8.90362,7.16074,8.92372,3.20558,0.740334
3.18676,-9.91933,33.8173,-9.01065,7.16331,8.92352,3.20473,0.740334
3.18767,-9.80466,33.7294,-8.92513,7.16259,8.92434,3.20694,0.753999
3.18872,-9.81609,33.7116,-8.94658,7.16443,8.92491,3.2083,0.767387
3.1897,-9.70873,33.6021,-8.87894,7.16571,8.92624,3.21195,0.794619
3.19074,-9.83507,33.6718,-8.9862,7.16825,8.92603,3.2111,0.794619
3.19172,-9.84632,33.6532,-9.00756,7.17016,8.92657,3.21246,0.807928
3.19267,-9.74371,33.548,-8.94409,7.17146,8.92772,3.21598,0.833733
3.19368,-9.8702,33.6171,-9.05158,7.17396,8.92751,3.21514,0.833733
3.19471,-9.88093,33.5979,-9.07258,7.17591,8.92796,3.21649,0.846526
3.19568,-9.77676,33.492,-9.00786,7.17733,8.92896,3.21997,0.871634
3.19666,-9.9034,33.5605,-9.11556,7.1798,8.92875,3.21914,0.871634
3.19772,-9.91334,33.5407,-9.13597,7.18178,8.92912,3.22047,0.884225
3.19866,-9.92503,33.5224,-9.15792,7.18375,8.92947,3.22175,0.896385
3.19974,-9.8171,33.4142,-9.09003,7.18531,8.93027,3.22522,0.921081
3.20086,-9.8171,33.4142,-9.09003,7.18531,8.93027,3.22522,0.921081
3.20183,-9.71016,33.3076,-9.02296,7.18691,8.93103,3.22861,0.945299
3.20266,-9.83702,33.3751,-9.13104,7.18932,8.93082,3.22779,0.945299
3.20371,-9.84821,33.3558,-9.1526,7.19136,8.93104,3.22908,0.957496
3.20469,-9.74497,33.2514,-9.0887,7.19309,8.93158,3.23243,0.981349
3.20571,-9.87197,33.3182,-9.19699,7.19546,8.93136,3.23162,0.981349
3.2067,-9.88264,33.2983,-9.21818,7.19756,8.93149,3.23289,0.993257
3.20775,-9.77783,33.1934,-9.15296,7.19943,8.93187,3.23621,1.01684
3.20866,-9.90497,33.2596,-9.26147,7.20176,8.93165,3.2354,1.01684
3.20966,-9.91497,33.2391,-9.28213,7.20389,8.9317,3.23666,1.02861
3.21118,-9.8088,33.1337,-9.21575,7.20586,8.93192,3.23993,1.05191
3.21165,-9.93607,33.1993,-9.32448,7.20815,8.9317,3.23913,1.05191
3.21279,-9.81865,33.1125,-9.23628,7.2081,8.9319,3.2412,1.06393
3.21376,-9.71108,33.0069,-9.16865,7.21015,8.93197,3.24443,1.08705
3.21487,-9.83843,33.072,-9.27752,7.21241,8.93176,3.24363,1.08705
3.21575,-9.73317,32.9672,-9.21184,7.21461,8.93179,3.24684,1.11032
3.2169,-9.8606,33.0319,-9.32085,7.21684,8.93157,3.24605,1.11032
3.21775,-9.87141,33.0115,-9.34229,7.21904,8.93138,3.24727,1.12185
3.21876,-9.76659,32.9077,-9.277,7.22131,8.93118,3.25042,1.14467
3.21968,-9.89415,32.9718,-9.38622,7.22349,8.93096,3.24963,1.14467
3.22074,-9.78837,32.8677,-9.32011,7.22587,8.93067,3.25275,1.16741
3.22165,-9.79793,32.8466,-9.34051,7.22817,8.93034,3.25393,1.17891
3.22271,-9.92562,32.9101,-9.44994,7.23031,8.93012,3.25316,1.17891
3.22375,-9.8203,32.8071,-9.38423,7.23277,8.92966,3.2562,1.20132
3.2248,-9.8203,32.8071,-9.38423,7.23277,8.92966,3.2562,1.20132
3.22573,-9.82934,32.7855,-9.40424,7.23512,8.92924,3.25737,1.21268
3.2267,-9.72325,32.6819,-9.33776,7.23778,8.9286,3.2604,1.23527
3.2277,-9.8511,32.7445,-9.44747,7.23986,8.92838,3.25963,1.23527
3.22899,-9.86192,32.7236,-9.46904,7.24226,8.92788,3.26077,1.24669
3.2297,-9.75692,32.6208,-9.40348,7.24505,8.92703,3.26376,1.26915
3.23071,-9.88489,32.6828,-9.51338,7.24708,8.92681,3.263,1.26915
3.23169,-9.89515,32.6613,-9.53451,7.24953,8.92623,3.26411,1.28041
3.23271,-9.78863,32.558,-9.46764,7.25245,8.92522,3.26705,1.30276
3.23372,-9.91673,32.6193,-9.57774,7.25443,8.92499,3.2663,1.30276
3.2347,-9.68178,32.4543,-9.40038,7.25552,8.92411,3.26997,1.32529
3.23569,-9.6907,32.4323,-9.42035,7.25804,8.92339,3.27106,1.33659
3.23668,-9.81885,32.4932,-9.53059,7.25999,8.92316,3.27031,1.33659
3.2377,-9.71691,32.3935,-9.46758,7.26311,8.92191,3.27311,1.35858
3.23877,-9.73032,32.3735,-9.49145,7.26573,8.92108,3.27416,1.36976
3.24013,-9.8586,32.4337,-9.60188,7.26763,8.92085,3.27341,1.36976
3.24121,-9.75488,32.3333,-9.53733,7.27094,8.91933,3.27619,1.39158
3.24179,-9.76495,32.3114,-9.55837,7.27361,8.91839,3.27722,1.40264
3.2428,-9.89335,32.371,-9.66899,7.27546,8.91816,3.27649,1.40264
3.24379,-9.78803,32.27,-9.60303,7.27894,8.91649,3.2792,1.42441
3.24476,-9.79728,32.2475,-9.62338,7.28166,8.91545,3.28021,1.43555
3.24569,-9.92579,32.3064,-9.73419,7.28345,8.91522,3.27949,1.43555
3.24671,-9.93684,32.2851,-9.75617,7.28613,8.91421,3.28045,1.44638
3.24768,-9.81899,32.205,-9.66693,7.28705,8.91339,3.28215,1.4573
3.24871,-9.82768,32.182,-9.68682,7.2898,8.91227,3.28314,1.46834
3.24969,-9.83605,32.1587,-9.70645,7.29256,8.91116,3.28412,1.4795
3.25069,-9.84686,32.1366,-9.72819,7.29535,8.91004,3.28508,1.49056
3.2517,-9.73959,32.0337,-9.66033,7.29927,8.90789,3.28772,1.51294
3.25268,-9.86831,32.0913,-9.77153,7.30094,8.90766,3.287,1.51294
3.2537,-9.87835,32.0686,-9.79264,7.30372,8.90646,3.28794,1.52404
3.2548,-9.77089,31.9673,-9.72464,7.30762,8.90421,3.29049,1.54588
3.25568,-9.89973,32.0243,-9.83603,7.30924,8.90398,3.28978,1.54588
3.2567,-9.90919,32.0011,-9.85666,7.31205,8.9027,3.29069,1.55685
3.25768,-9.92023,31.9793,-9.8787,7.31482,8.90143,3.29157,1.5677
3.25872,-9.92922,31.9558,-9.89894,7.31763,8.90007,3.29249,1.57866
3.25962,-9.81747,31.8523,-9.82715,7.32178,8.89758,3.29497,1.60069
3.26071,-9.69671,31.7727,-9.73504,7.3231,8.89642,3.29655,1.61176
3.26169,-9.8257,31.8286,-9.84673,7.32463,8.89618,3.29585,1.61176
3.26273,-9.71912,31.7294,-9.77936,7.32877,8.89362,3.29822,1.63337
3.26372,-9.72939,31.7065,-9.8007,7.33167,8.8921,3.29908,1.64432
3.26472,-9.85849,31.7617,-9.91257,7.33313,8.89186,3.29839,1.64432
3.26569,-9.75292,31.6631,-9.84604,7.33745,8.88908,3.30071,1.66583
3.26668,-9.76237,31.6397,-9.86668,7.34043,8.88747,3.30155,1.67682
3.26769,-9.89158,31.6942,-9.97873,7.34183,8.88723,3.30087,1.67682
3.26868,-9.90281,31.6719,-10.001,7.34476,8.88565,3.30167,1.6875
3.26977,-9.79321,31.5712,-9.93088,7.34934,8.88256,3.30396,1.70919
3.27078,-9.92253,31.6251,-10.0431,7.35068,8.88232,3.30328,1.70919
3.2717,-9.93116,31.6007,-10.0631,7.35371,8.88061,3.30409,1.72007
3.27269,-9.69081,31.4463,-9.8794,7.3571,8.87765,3.30699,1.74171
3.27365,-9.69864,31.4219,-9.89866,7.36018,8.87588,3.30776,1.75269
3.27479,-9.82803,31.4751,-10.0111,7.36145,8.87563,3.30709,1.75269
3.2757,-9.72283,31.3778,-9.94466,7.36623,8.87232,3.30923,1.7741
3.2767,-9.7327,31.354,-9.96571,7.36934,8.87043,3.30998,1.78494
3.2777,-9.8622,31.4066,-10.0783,7.37055,8.87018,3.30932,1.78494
3.27869,-9.75538,31.3088,-10.0104,7.37551,8.86667,3.3114,1.80624
3.27964,-9.76438,31.2844,-10.0307,7.37867,8.86468,3.31213,1.81713
3.28074,-9.89398,31.3363,-10.1435,7.37982,8.86444,3.31148,1.81713
3.28183,-9.90479,31.313,-10.1654,7.38293,8.8625,3.31216,1.82771
3.28267,-9.79402,31.2133,-10.094,7.38813,8.85868,3.31421,1.84915
3.28396,-9.92372,31.2645,-10.2069,7.38922,8.85844,3.31356,1.84915
3.28461,-9.812,31.1646,-10.1347,7.39452,8.85458,3.31555,1.8706
3.2857,-9.812,31.1646,-10.1347,7.39452,8.85458,3.31555,1.8706
3.28681,-9.81963,31.1392,-10.1539,7.39773,8.85245,3.31623,1.88149
3.2881,-9.70916,31.0404,-10.0826,7.40315,8.84845,3.31816,1.90295
3.28869,-9.71885,31.0159,-10.1035,7.40642,8.84625,3.3188,1.91372
3.28971,-9.84867,31.066,-10.2167,7.40739,8.84599,3.31817,1.91372
3.29072,-9.86,31.0425,-10.2391,7.41058,8.84382,3.31878,1.92436
3.29169,-9.75019,30.9443,-10.1684,7.41616,8.83955,3.32064,1.9457
3.29264,-9.88012,30.9937,-10.2817,7.41706,8.8393,3.32001,1.9457
3.29383,-9.8889,30.9683,-10.3019,7.42037,8.83699,3.32062,1.95641
3.29479,-9.77758,30.8698,-10.2298,7.42609,8.83259,3.32241,1.9777
3.2958,-9.90759,30.9185,-10.3433,7.42692,8.83234,3.32179,1.9777
3.29673,-9.9156,30.8927,-10.3628,7.43025,8.82996,3.32238,1.9885
3.29767,-9.79538,30.8199,-10.2703,7.43273,8.82788,3.32354,1.99899
3.29872,-9.80291,30.794,-10.2894,7.43608,8.82543,3.32412,2.00978
3.29971,-9.81038,30.768,-10.3084,7.43944,8.82299,3.32467,2.02048
3.30075,-9.69954,30.67,-10.2365,7.44547,8.81829,3.32635,2.04202
3.30184,-9.70955,30.6444,-10.2577,7.44895,8.81571,3.32688,2.0529
3.30277,-9.83972,30.6917,-10.3716,7.44964,8.81545,3.32627,2.0529
3.30382,-9.73138,30.5963,-10.3018,7.45561,8.81069,3.32786,2.07382
3.30465,-9.74255,30.5715,-10.3241,7.45906,8.80807,3.32835,2.08451
3.30576,-9.87281,30.6182,-10.4381,7.45967,8.80781,3.32775,2.08451
3.30675,-9.88316,30.5935,-10.4597,7.46303,8.8052,3.32823,2.09486
3.30778,-9.77077,30.4962,-10.3863,7.46934,8.80012,3.32977,2.11585
3.30875,-9.90111,30.5421,-10.5004,7.46988,8.79986,3.32918,2.11585
3.30977,-9.77835,30.4698,-10.4054,7.47286,8.7974,3.33023,2.12651
3.31063,-9.66457,30.3726,-10.3307,7.47932,8.79219,3.3317,2.14752
3.31178,-9.79494,30.4181,-10.4449,7.47981,8.79192,3.33111,2.14752
3.31272,-9.92537,30.4633,-10.5592,7.48028,8.79166,3.33053,2.14752
3.31367,-9.81596,30.3677,-10.4883,7.48679,8.78637,3.33193,2.16853
3.31469,-9.8278,30.3425,-10.5112,7.49034,8.78349,3.33234,2.17905
3.31572,-9.83471,30.3149,-10.5297,7.49397,8.78051,3.33278,2.18985
3.31672,-9.84347,30.2885,-10.5499,7.49755,8.77763,3.33316,2.20035
3.31772,-9.97405,30.3326,-10.6644,7.4979,8.77736,3.33258,2.20035
3.31873,-9.98183,30.3063,-10.6838,7.50135,8.77449,3.33297,2.21072
3.31967,-9.98954,30.2798,-10.7031,7.50482,8.7716,3.33334,2.221
3.32069,-9.99435,30.2523,-10.7198,7.5083,8.76868,3.33371,2.2314
3.32182,-9.86846,30.1815,-10.6218,7.51155,8.76603,3.33463,2.24174
3.32273,-9.87302,30.154,-10.6383,7.51508,8.76309,3.33498,2.25222
3.32371,-9.87814,30.1259,-10.6553,7.51868,8.76006,3.33533,2.26284
3.32473,-9.88506,30.0991,-10.6739,7.52219,8.75708,3.33566,2.27337
3.32568,-9.89196,30.0722,-10.6924,7.5257,8.75406,3.33599,2.28381
3.32672,-9.89859,30.0452,-10.7107,7.52922,8.75101,3.33631,2.29435
3.32771,-9.90517,30.018,-10.729,7.53275,8.74794,3.33661,2.3048
3.3287,-10.036,30.0598,-10.844,7.53284,8.74767,3.33607,2.3048
3.3297,-9.91775,29.9634,-10.765,7.53985,8.74171,3.33721,2.32582
3.33071,-9.92435,29.9354,-10.7833,7.5435,8.7385,3.3375,2.3366
3.33168,-9.93028,29.9078,-10.801,7.54706,8.73533,3.33778,2.34707
3.33267,-9.93596,29.88,-10.8184,7.55064,8.73214,3.33805,2.35764
3.33372,-9.94156,29.8522,-10.8358,7.55422,8.72892,3.33831,2.36817
3.33541,-9.8161,29.7839,-10.7379,7.55789,8.72595,3.33909,2.37866
3.33626,-9.94707,29.8242,-10.8532,7.55782,8.72568,3.33856,2.37866
3.33736,-9.82713,29.7277,-10.7724,7.56524,8.71934,3.33957,2.39997
3.33828,-9.82713,29.7277,-10.7724,7.56524,8.71934,3.33957,2.39997
3.33937,-9.96631,29.7397,-10.9074,7.5688,8.71569,3.33927,2.41078
3.34038,-9.84905,29.6431,-10.8289,7.57648,8.70907,3.34022,2.43244
3.3416,-9.85734,29.6146,-10.8486,7.58028,8.70555,3.34042,2.44329
3.34226,-9.85734,29.6146,-10.8486,7.58028,8.70555,3.34042,2.44329
3.34302,-9.86993,29.557,-10.8845,7.58781,8.69855,3.34078,2.46477
3.34395,-9.87687,29.5287,-10.903,7.59152,8.69506,3.34095,2.47542
3.3447,-10.0081,29.567,-11.0187,7.59119,8.69478,3.34043,2.47542
3.34569,-10.0144,29.5388,-11.0367,7.59479,8.69133,3.34059,2.48574
3.34672,-9.89313,29.4433,-10.9546,7.60256,8.68457,3.34139,2.50669
3.34787,-10.0244,29.4809,-11.0704,7.60215,8.68429,3.34089,2.50669
3.34888,-9.89683,29.4138,-10.9702,7.60634,8.68099,3.34153,2.51734
3.3497,-9.77471,29.3187,-10.8872,7.61427,8.67411,3.34226,2.53837
3.35079,-9.90598,29.3558,-11.0031,7.6138,8.67383,3.34177,2.53837
3.3518,-9.78859,29.2624,-10.9241,7.62179,8.66687,3.34244,2.5594
3.35272,-9.79432,29.2334,-10.9415,7.6256,8.66312,3.34253,2.56995
3.35371,-9.92566,29.2698,-11.0575,7.62504,8.66284,3.34204,2.56995
3.35469,-9.93316,29.2417,-11.0766,7.62876,8.65919,3.34211,2.58037
3.35581,-9.81432,29.1483,-10.9962,7.63697,8.65193,3.34272,2.60128
3.3567,-9.94573,29.184,-11.1124,7.63632,8.65165,3.34224,2.60128
3.35782,-9.9508,29.1543,-11.1292,7.64019,8.64782,3.34228,2.61178
3.3587,-9.95762,29.1258,-11.1476,7.64397,8.64405,3.34231,2.62217
3.35969,-9.96234,29.0959,-11.1641,7.64784,8.64015,3.34235,2.63265
3.36071,-9.96682,29.066,-11.1803,7.65174,8.63625,3.34237,2.64324
3.36167,-9.71238,28.9372,-10.9798,7.66117,8.62895,3.34331,2.66432
3.36267,-9.84386,28.9716,-11.0962,7.66037,8.62866,3.34284,2.66432
3.36373,-9.84799,28.9416,-11.1121,7.66431,8.6247,3.34283,2.67481
3.36472,-9.73145,28.8504,-11.0335,7.67294,8.61704,3.34322,2.69569
3.36586,-9.73778,28.8211,-11.0513,7.67692,8.61298,3.34317,2.70612
3.36681,-9.86935,28.8546,-11.1678,7.676,8.61269,3.34271,2.70612
3.36774,-9.75376,28.7645,-11.09,7.68471,8.60493,3.34303,2.72661
3.36867,-9.88538,28.7975,-11.2066,7.68373,8.60464,3.34257,2.72661
3.36971,-9.89102,28.7677,-11.2238,7.68774,8.60047,3.3425,2.73707
3.37071,-9.77217,28.6764,-11.143,7.69678,8.59244,3.34276,2.75766
3.37172,-9.90385,28.7087,-11.2597,7.69571,8.59215,3.34231,2.75766
3.37275,-9.90906,28.6785,-11.2765,7.69978,8.58791,3.3422,2.768
3.3737,-9.78431,28.6176,-11.1782,7.70488,8.58404,3.34251,2.77822
3.3747,-9.66203,28.5255,-11.094,7.71429,8.57572,3.34268,2.79895
3.3757,-9.66917,28.4961,-11.1125,7.71845,8.57139,3.3425,2.80927
3.37678,-9.80089,28.5274,-11.2294,7.71725,8.5711,3.34207,2.80927
3.37772,-9.80983,28.4988,-11.2495,7.72124,8.56682,3.34189,2.81945
3.37868,-9.69341,28.4094,-11.1705,7.73071,8.55831,3.34195,2.83982
3.37968,-9.82519,28.44,-11.2874,7.72942,8.55802,3.34152,2.83982
3.38071,-9.8316,28.4099,-11.3052,7.73361,8.55355,3.34132,2.85003
3.38171,-9.71387,28.3205,-11.225,7.74329,8.54491,3.34129,2.87029
3.38269,-9.8457,28.3504,-11.342,7.74191,8.54462,3.34087,2.87029
3.38374,-9.85142,28.3199,-11.3592,7.74615,8.54008,3.34063,2.88055
3.38466,-9.73253,28.2307,-11.2778,7.75601,8.53128,3.34053,2.90075
3.38568,-9.86442,28.2598,-11.395,7.75453,8.53099,3.34011,2.90075
3.38669,-9.86972,28.2291,-11.4118,7.75881,8.52637,3.33983,2.91089
3.38769,-9.61787,28.1113,-11.212,7.77039,8.51773,3.34007,2.93105
3.38882,-9.74976,28.1399,-11.3293,7.76884,8.51743,3.33966,2.93105
3.38974,-9.75443,28.1091,-11.3455,7.77318,8.51274,3.33934,2.94128
3.3907,-9.63873,28.0216,-11.2666,7.78335,8.50364,3.33907,2.96139
3.39168,-9.64562,27.9914,-11.2847,7.78773,8.49886,3.33872,2.97146
3.39267,-9.77758,28.0191,-11.4021,7.78605,8.49855,3.33832,2.97146
3.39368,-9.6627,27.9328,-11.3239,7.79628,8.48939,3.33798,2.99124
3.39468,-9.66885,27.9022,-11.3413,7.80071,8.48449,3.3376,3.00134
3.39572,-9.80086,27.9292,-11.4588,7.79894,8.48419,3.3372,3.00134
3.39668,-9.8089,27.8993,-11.478,7.80325,8.4794,3.3368,3.01119
3.3977,-9.69029,27.8119,-11.3963,7.81389,8.46987,3.33636,3.03103
3.39869,-9.82236,27.8382,-11.5138,7.81202,8.46957,3.33598,3.03103
3.39965,-9.82784,27.8069,-11.5306,7.81651,8.46458,3.33554,3.04099
3.40069,-9.57599,27.694,-11.3302,7.82929,8.45524,3.33539,3.06081
3.40166,-9.58081,27.6629,-11.3463,7.83388,8.45019,3.33491,3.07086
3.40273,-9.71289,27.6884,-11.464,7.8319,8.44989,3.33454,3.07086
3.40369,-9.59945,27.6038,-11.3867,7.84271,8.4402,3.33392,3.09043
3.40472,-9.60649,27.573,-11.4047,7.84729,8.43502,3.33341,3.10033
3.40571,-9.73862,27.5978,-11.5225,7.84522,8.43471,3.33304,3.10033
3.40671,-9.6238,27.5132,-11.4438,7.85626,8.42484,3.33235,3.11976
3.40771,-9.75597,27.5375,-11.5617,7.85411,8.42453,3.33199,3.11976
3.40871,-9.76224,27.5061,-11.5791,7.85873,8.41927,3.33144,3.12968
3.40969,-9.64405,27.4205,-11.4972,7.87013,8.40913,3.33067,3.14922
3.41069,-9.77626,27.4441,-11.6152,7.86789,8.40882,3.33031,3.14922
3.41172,-9.78205,27.4124,-11.6321,7.87256,8.40351,3.32972,3.15903
3.41264,-9.5305,27.304,-11.4311,7.88644,8.39355,3.32921,3.17853
3.41366,-9.53559,27.2726,-11.4474,7.89121,8.38818,3.32858,3.18843
3.41473,-9.66782,27.2953,-11.5654,7.88886,8.38786,3.32823,3.18843
3.41573,-9.55478,27.2125,-11.4879,7.90038,8.37756,3.32728,3.20769
3.41668,-9.56208,27.1812,-11.5061,7.90514,8.37207,3.32662,3.21742
3.41771,-9.69435,27.2033,-11.6242,7.90268,8.37175,3.32628,3.21742
3.41874,-9.5799,27.1205,-11.5453,7.91443,8.36127,3.32525,3.23654
3.41988,-9.7122,27.1421,-11.6635,7.9119,8.36095,3.32492,3.23654
3.42071,-9.71871,27.1102,-11.6809,7.91669,8.35539,3.32422,3.24631
3.42177,-9.60086,27.0265,-11.5989,7.92881,8.34464,3.32311,3.26553
3.42266,-9.7332,27.0473,-11.7171,7.92618,8.34432,3.32278,3.26553
3.42379,-9.7392,27.0153,-11.734,7.93103,8.3387,3.32204,3.27518
3.42475,-9.62016,26.9317,-11.6508,7.94331,8.32782,3.32084,3.29437
3.42566,-9.49314,26.8795,-11.5488,7.95097,8.32247,3.32037,3.3041
3.42671,-9.62548,26.8996,-11.6671,7.94822,8.32215,3.32005,3.3041
3.42771,-9.51019,26.818,-11.5871,7.9605,8.31127,3.31877,3.32304
3.42872,-9.64256,26.8376,-11.7055,7.95769,8.31095,3.31846,3.32304
3.42972,-9.64996,26.8057,-11.7236,7.96257,8.30516,3.31765,3.33273
3.4308,-9.53385,26.7237,-11.6427,7.97517,8.29398,3.31628,3.35178
3.43176,-9.54072,26.6918,-11.6602,7.98015,8.28814,3.31542,3.36133
3.43274,-9.67315,26.7104,-11.7787,7.9772,8.28782,3.31511,3.36133
3.43373,-9.68175,26.679,-11.7979,7.982,8.28209,3.31425,3.37077
3.43482,-9.56391,26.5973,-11.7152,7.99484,8.2707,3.31278,3.38969
3.43584,-9.69638,26.6151,-11.8338,7.99178,8.27038,3.31249,3.38969
3.43674,-9.70242,26.5826,-11.8506,7.9968,8.26445,3.31157,3.39919
3.43774,-9.58334,26.501,-11.7667,8.00984,8.25296,3.31002,3.41809
3.43877,-9.58334,26.501,-11.7667,8.00984,8.25296,3.31002,3.41809
3.43972,-9.5887,26.4685,-11.7829,8.01492,8.24698,3.30906,3.42768
3.44076,-9.47121,26.3878,-11.7003,8.02812,8.23538,3.30741,3.44657
3.4417,-9.6037,26.4045,-11.8189,8.02487,8.23505,3.30713,3.44657
3.4427,-9.61127,26.3721,-11.837,8.02992,8.22898,3.30614,3.45604
3.44369,-9.49519,26.292,-11.7555,8.04323,8.21721,3.30442,3.47481
3.44465,-9.62773,26.3079,-11.8743,8.03987,8.21688,3.30414,3.47481
3.44574,-9.63457,26.2753,-11.8917,8.04497,8.21075,3.30311,3.48432
3.4467,-9.51717,26.1955,-11.8089,8.05848,8.19886,3.30131,3.50301
3.44769,-9.64974,26.2106,-11.9277,8.05502,8.19853,3.30104,3.50301
3.44869,-9.65607,26.1777,-11.9446,8.06016,8.19234,3.29997,3.51238
3.44973,-9.53745,26.0982,-11.8606,8.07386,8.18033,3.29809,3.53102
3.45067,-9.41051,26.0509,-11.7578,8.08266,8.17441,3.29724,3.54047
3.4517,-9.54308,26.0653,-11.8767,8.07908,8.17407,3.29698,3.54047
3.45267,-9.42812,25.9875,-11.7959,8.09277,8.16208,3.29501,3.5589
3.45367,-9.43591,25.955,-11.8139,8.09798,8.15571,3.29388,3.56821
3.4547,-9.56851,25.9686,-11.9329,8.09429,8.15537,3.29363,3.56821
3.45571,-9.45483,25.8914,-11.853,8.10813,8.14319,3.29159,3.5865
3.4567,-9.46184,25.8585,-11.8703,8.11342,8.13675,3.29041,3.59585
3.45774,-9.59447,25.8715,-11.9894,8.10962,8.13642,3.29017,3.59585
3.45869,-9.47944,25.7944,-11.9081,8.12369,8.1241,3.28805,3.61399
3.45968,-9.48578,25.7613,-11.9248,8.12904,8.11759,3.28683,3.62329
3.46065,-9.61844,25.7735,-12.0439,8.12513,8.11725,3.28659,3.62329
3.46169,-9.62675,25.7409,-12.0623,8.13029,8.11087,3.28538,3.63231
3.46272,-9.50788,25.6633,-11.9774,8.14483,8.09821,3.28314,3.65061
3.46369,-9.50788,25.6633,-11.9774,8.14483,8.09821,3.28314,3.65061
3.46472,-9.5134,25.6299,-11.9933,8.15026,8.09164,3.28186,3.6599
3.46572,-9.39605,25.5531,-11.9096,8.16497,8.07888,3.27951,3.6782
3.46672,-9.52873,25.564,-12.0288,8.16087,8.07854,3.27929,3.6782
3.46773,-9.53646,25.5307,-12.0466,8.16624,8.07189,3.27797,3.68738
3.46869,-9.42052,25.4545,-11.964,8.18105,8.05898,3.27555,3.70558
3.46972,-9.55323,25.4647,-12.0833,8.17683,8.05864,3.27534,3.70558
3.47069,-9.56022,25.4312,-12.1003,8.18225,8.05194,3.27398,3.7148
3.47168,-9.44295,25.3552,-12.0164,8.19726,8.03892,3.27147,3.73292
3.47264,-9.57568,25.3647,-12.1357,8.19293,8.03858,3.27127,3.73292
3.47373,-9.58216,25.3309,-12.1523,8.19839,8.03182,3.26988,3.74201
3.47473,-9.46366,25.2553,-12.0671,8.2136,8.0187,3.26729,3.76009
3.47567,-9.59642,25.264,-12.1865,8.20915,8.01835,3.26709,3.76009
3.47665,-9.46942,25.2216,-12.083,8.21914,8.01188,3.26585,3.76926
3.47769,-9.3498,25.1467,-11.9966,8.23458,7.99865,3.26318,3.78733
3.47865,-9.48255,25.1548,-12.116,8.23005,7.9983,3.26298,3.78733
3.47975,-9.49056,25.1212,-12.1339,8.23555,7.99143,3.2615,3.79641
3.4807,-9.37513,25.047,-12.0511,8.251,7.97804,3.25875,3.8144
3.48168,-9.5079,25.0545,-12.1706,8.24636,7.9777,3.25856,3.8144
3.4827,-9.51517,25.0206,-12.1877,8.2519,7.97075,3.25705,3.82351
3.48371,-9.39838,24.9467,-12.1036,8.26757,7.95726,3.25421,3.8414
3.48468,-9.4051,24.9129,-12.1201,8.2732,7.95025,3.25266,3.85037
3.48571,-9.53791,24.9193,-12.2397,8.2684,7.9499,3.25249,3.85037
3.48669,-9.42196,24.8466,-12.1563,8.28408,7.93644,3.24959,3.86803
3.48768,-9.42794,24.8125,-12.1721,8.28975,7.92935,3.24801,3.87706
3.48869,-9.56077,24.8182,-12.2917,8.28483,7.929,3.24784,3.87706
3.48965,-9.56876,24.7847,-12.3093,8.29029,7.92205,3.24627,3.88583
3.49091,-9.31623,24.7064,-12.1026,8.31149,7.9086,3.2434,3.90364
3.49179,-9.44904,24.7116,-12.2222,8.30648,7.90825,3.24324,3.90364
3.49274,-9.45437,24.6773,-12.2373,8.31224,7.90109,3.2416,3.91258
3.49373,-9.33892,24.6052,-12.154,8.3285,7.88718,3.23847,3.93035
3.49467,-9.47175,24.6096,-12.2736,8.32338,7.88683,3.23832,3.93035
3.49573,-9.47908,24.5753,-12.2905,8.32908,7.8796,3.23664,3.93933
3.49668,-9.36235,24.5036,-12.2058,8.34555,7.86556,3.23343,3.95699
3.49768,-9.4952,24.5073,-12.3255,8.34031,7.86521,3.23329,3.95699
3.49872,-9.50199,24.4728,-12.3418,8.34606,7.85793,3.23157,3.96585
3.49972,-9.384,24.4014,-12.2559,8.36274,7.84378,3.22828,3.98344
3.50071,-9.51688,24.4044,-12.3756,8.35738,7.84343,3.22814,3.98344
3.50169,-9.39006,24.367,-12.2714,8.36858,7.83645,3.22652,3.99236
3.50299,-9.39814,24.3333,-12.2889,8.37421,7.82925,3.22478,4.00102
3.504,-9.40377,24.2987,-12.304,8.38006,7.82185,3.22301,4.00993
3.50471,-9.41207,24.2643,-12.3216,8.38585,7.81446,3.2212,4.01875
3.50571,-9.41998,24.2298,-12.3388,8.39164,7.80703,3.2194,4.02765
3.50671,-9.42785,24.1952,-12.3559,8.39744,7.79959,3.21758,4.03643
3.50784,-9.43538,24.1606,-12.3727,8.40326,7.79214,3.21575,4.04528
3.50877,-9.31703,24.0903,-12.2859,8.42062,7.77754,3.21216,4.06286
3.50979,-9.44992,24.0912,-12.4057,8.41493,7.77719,3.21204,4.06286
3.5108,-9.45694,24.0565,-12.422,8.42079,7.76969,3.21018,4.07159
3.51179,-9.46576,24.0223,-12.4399,8.42643,7.76233,3.20833,4.08023
3.51279,-9.47237,23.9875,-12.4558,8.43231,7.75477,3.20644,4.08892
3.51365,-9.34578,23.9526,-12.3514,8.44406,7.74759,3.20464,4.09771
3.51472,-9.352,23.9179,-12.3669,8.45003,7.74002,3.20272,4.10641
3.51569,-9.35791,23.8831,-12.382,8.456,7.73244,3.20078,4.1152
3.51669,-9.36646,23.8484,-12.3995,8.46189,7.72484,3.19883,4.1239
3.51772,-9.37466,23.8136,-12.4167,8.46777,7.7172,3.19687,4.13266
3.5187,-9.38281,23.7788,-12.4338,8.47367,7.70955,3.1949,4.14131
3.51968,-9.39062,23.7439,-12.4506,8.47959,7.70189,3.19291,4.15003
3.52064,-9.39833,23.7089,-12.4673,8.48553,7.69421,3.19092,4.15865
3.52172,-9.40571,23.6739,-12.4836,8.49148,7.68652,3.18891,4.16734
3.52273,-9.41293,23.6389,-12.4998,8.49745,7.67882,3.18689,4.17598
3.52375,-9.42002,23.6038,-12.5159,8.50344,7.67109,3.18485,4.18456
3.52472,-9.42679,23.5687,-12.5316,8.50944,7.66335,3.18281,4.19322
3.52586,-9.43348,23.5336,-12.5472,8.51545,7.6556,3.18075,4.20179
3.52671,-9.43987,23.4984,-12.5626,8.52148,7.64783,3.17868,4.21045
3.52782,-9.31326,23.4664,-12.4578,8.5339,7.6404,3.17667,4.21901
3.52871,-9.31928,23.4314,-12.4727,8.54001,7.6326,3.17457,4.22767
3.52976,-9.32525,23.3963,-12.4876,8.54612,7.62478,3.17245,4.23623
3.53126,-9.33362,23.3612,-12.5047,8.55214,7.61694,3.17032,4.24488
3.53176,-9.34188,23.3261,-12.5216,8.55816,7.60906,3.16819,4.25342
3.53273,-9.34987,23.2909,-12.5382,8.5642,7.60118,3.16604,4.26203
3.53373,-9.35775,23.2556,-12.5548,8.57026,7.59327,3.16388,4.27053
3.53477,-9.3653,23.2203,-12.571,8.57634,7.58536,3.16171,4.2791
3.5357,-9.37276,23.185,-12.5871,8.58244,7.57742,3.15952,4.28757
3.53671,-9.37989,23.1496,-12.6028,8.58856,7.56947,3.15732,4.29612
3.53766,-9.38694,23.1142,-12.6185,8.59469,7.56151,3.15511,4.30457
3.53872,-9.39368,23.0788,-12.6339,8.60085,7.55352,3.15289,4.31311
3.53969,-9.2674,23.0493,-12.529,8.61385,7.54589,3.1507,4.32154
3.54069,-9.27376,23.0141,-12.544,8.62008,7.53788,3.14844,4.33007
3.54187,-9.28006,22.9788,-12.5589,8.62633,7.52984,3.14618,4.3385
3.54282,-9.28875,22.9434,-12.576,8.63247,7.5218,3.1439,4.34703
3.54371,-9.29733,22.9079,-12.5929,8.63861,7.51371,3.14161,4.35543
3.54473,-9.30563,22.8724,-12.6095,8.64478,7.50561,3.13931,4.3639
3.54572,-9.31382,22.8369,-12.626,8.65097,7.49749,3.137,4.37227
3.54669,-9.32167,22.8014,-12.6422,8.65718,7.48936,3.13467,4.3807
3.5477,-9.32942,22.7658,-12.6583,8.66341,7.48122,3.13233,4.38904
3.54871,-9.33684,22.7301,-12.674,8.66966,7.47306,3.12998,4.39745
3.54973,-9.34418,22.6945,-12.6897,8.67593,7.46488,3.12762,4.40576
3.55076,-9.3512,22.6588,-12.705,8.68222,7.45669,3.12524,4.41415
3.55175,-9.35815,22.623,-12.7202,8.68852,7.44848,3.12285,4.42245
3.55265,-9.23183,22.5963,-12.6149,8.70219,7.44062,3.12046,4.43084
3.55371,-9.2384,22.5608,-12.6298,8.70858,7.43238,3.11804,4.43913
3.55472,-9.24467,22.5252,-12.6443,8.71498,7.42412,3.1156,4.44751
3.55574,-9.25351,22.4894,-12.6612,8.72127,7.41585,3.11315,4.45584
3.55677,-9.26218,22.4537,-12.6779,8.72757,7.40754,3.1107,4.46411
3.55771,-9.27057,22.4179,-12.6943,8.73389,7.39921,3.10823,4.47244
3.55874,-9.27885,22.3821,-12.7105,8.74023,7.39087,3.10575,4.48067
3.55972,-9.28679,22.3462,-12.7265,8.74659,7.38252,3.10326,4.48897
3.56072,-9.29463,22.3103,-12.7423,8.75297,7.37415,3.10075,4.49716
3.56173,-9.30214,22.2744,-12.7578,8.75938,7.36577,3.09823,4.50544
3.5629,-9.30957,22.2384,-12.7732,8.7658,7.35737,3.0957,4.51361
3.56373,-9.31668,22.2024,-12.7883,8.77225,7.34896,3.09315,4.52188
3.56497,-9.19078,22.1782,-12.6829,8.78652,7.3409,3.09057,4.53004
3.56576,-9.1975,22.1424,-12.6976,8.79305,7.33246,3.088,4.53829
3.56674,-9.20416,22.1066,-12.7122,8.79959,7.324,3.08541,4.54645
3.56771,-9.2132,22.0706,-12.7289,8.80602,7.31552,3.0828,4.5547
3.56871,-9.22214,22.0346,-12.7455,8.81245,7.30701,3.08019,4.56283
3.56972,-9.23078,21.9985,-12.7618,8.8189,7.29848,3.07757,4.57103
3.57071,-9.23931,21.9624,-12.778,8.82538,7.28994,3.07493,4.57912
3.5717,-9.2475,21.9263,-12.7939,8.83188,7.2814,3.07228,4.58729
3.57275,-9.25559,21.8901,-12.8096,8.8384,7.27283,3.06962,4.59535
3.57392,-9.26334,21.8539,-12.825,8.84494,7.26425,3.06695,4.60349
3.57529,-9.27101,21.8177,-12.8403,8.85151,7.25565,3.06426,4.61153
3.57594,-9.27835,21.7815,-12.8553,8.85809,7.24705,3.06156,4.61966
3.57684,-9.28561,21.7452,-12.8701,8.8647,7.23842,3.05884,4.62769
3.57768,-9.15964,21.7237,-12.7644,8.87965,7.23016,3.05607,4.63581
3.5787,-9.16652,21.6877,-12.7788,8.88634,7.2215,3.05332,4.64383
3.57969,-9.1731,21.6516,-12.793,8.89305,7.21283,3.05057,4.65195
3.5807,-9.30602,21.6364,-12.9134,8.88464,7.21246,3.05062,4.65195
3.58171,-9.19117,21.579,-12.8257,8.90621,7.19543,3.04501,4.66806
3.58269,-9.19997,21.5426,-12.8419,8.91282,7.18669,3.04222,4.67604
3.58373,-9.20631,21.5058,-12.8557,8.91975,7.17777,3.03936,4.68426
3.5847,-9.21469,21.4694,-12.8713,8.92641,7.16904,3.03653,4.69222
3.58575,-9.2227,21.433,-12.8866,8.93308,7.16028,3.0337,4.70026
3.58666,-9.23066,21.3966,-12.9019,8.93976,7.1515,3.03086,4.70819
3.58769,-9.23829,21.3601,-12.9168,8.94647,7.14272,3.028,4.7162
3.58895,-9.1129,21.3409,-12.8112,8.96196,7.13429,3.02506,4.72416
3.5899,-9.24578,21.3237,-12.9316,8.9532,7.13391,3.02513,4.72416
3.59124,-9.12729,21.2684,-12.8401,8.97557,7.11664,3.01927,4.74007
3.5918,-9.13695,21.2319,-12.8567,8.98225,7.1078,3.01636,4.74798
3.59272,-9.26984,21.2139,-12.9771,8.97337,7.10742,3.01644,4.74798
3.59368,-9.155,21.1594,-12.8888,8.99552,7.09019,3.01057,4.76365
3.59511,-9.16121,21.123,-12.9023,9.00243,7.08128,3.00763,4.77159
3.59578,-9.29409,21.1043,-13.0227,8.99342,7.0809,3.00772,4.77159
3.59674,-9.17797,21.0504,-12.933,9.01588,7.0636,3.00174,4.78723
3.59776,-9.18639,21.0137,-12.9484,9.02271,7.05463,2.99876,4.79506
3.59877,-9.19233,20.9767,-12.9614,9.02987,7.04547,2.9957,4.80314
3.5997,-9.06751,20.9597,-12.856,9.04594,7.03688,2.99257,4.81097
3.60076,-9.20036,20.94,-12.9764,9.03675,7.0365,2.99268,4.81097
3.60174,-9.0845,20.8877,-12.8867,9.05935,7.01923,2.98662,4.82638
3.60275,-9.09179,20.8512,-12.9009,9.06633,7.01017,2.98358,4.83427
3.60371,-9.10119,20.815,-12.917,9.07304,7.0013,2.98056,4.84191
3.60478,-9.11076,20.7781,-12.9332,9.07991,6.9922,2.97748,4.84978
3.60578,-9.11969,20.7419,-12.9489,9.08666,6.98327,2.97445,4.85739
3.60667,-9.1283,20.7056,-12.9642,9.09344,6.97434,2.97141,4.86507
3.60773,-9.13682,20.6693,-12.9794,9.10026,6.96537,2.96835,4.87266
3.60873,-9.145,20.633,-12.9942,9.10711,6.95639,2.96528,4.88033
3.60967,-9.15312,20.5966,-13.009,9.11399,6.94738,2.96219,4.88791
3.61101,-9.28595,20.5745,-13.1294,9.10438,6.947,2.96232,4.88791
3.61171,-9.03584,20.5463,-12.9174,9.13753,6.92968,2.95584,4.90317
3.6127,-9.04108,20.5099,-12.9295,9.14487,6.92042,2.95265,4.911
3.61368,-9.17388,20.4872,-13.0498,9.13516,6.92004,2.95278,4.911
3.61471,-9.06089,20.4368,-12.962,9.15863,6.90223,2.94633,4.92626
3.61569,-9.19368,20.4136,-13.0823,9.14883,6.90185,2.94647,4.92626
3.61669,-9.20118,20.3766,-13.0963,9.15602,6.89252,2.94324,4.93397
3.61777,-9.08471,20.3265,-13.0051,9.1801,6.87443,2.93663,4.94931
3.6187,-9.21749,20.3026,-13.1254,9.17017,6.87405,2.93678,4.94931
3.61971,-9.22423,20.2655,-13.1387,9.17745,6.86472,2.9335,4.9571
3.62082,-9.10659,20.2162,-13.0462,9.20178,6.84656,2.92681,4.97241
3.62273,-9.11283,20.1793,-13.0589,9.20916,6.83719,2.92348,4.98015
3.62321,-9.11283,20.1793,-13.0589,9.20916,6.83719,2.92348,4.98015
3.62434,-9.2539,20.1176,-13.1938,9.20609,6.82761,2.92036,4.98769
3.6253,-9.12959,20.1054,-13.0881,9.22346,6.81858,2.91685,4.99546
3.62608,-9.13799,20.0681,-13.1026,9.23071,6.80915,2.91349,5.00313
3.62721,-9.01965,20.0185,-13.009,9.25604,6.79029,2.90642,5.01881
3.62779,-9.15238,19.9927,-13.1294,9.24576,6.78991,2.90658,5.01881
3.62871,-9.16058,19.9548,-13.1436,9.25322,6.78031,2.9031,5.02669
3.6299,-9.04314,19.9062,-13.0507,9.27838,6.76166,2.89602,5.04215
3.63063,-9.05032,19.8693,-13.064,9.28574,6.75224,2.89259,5.04973
3.6317,-9.18304,19.8425,-13.1843,9.27529,6.75186,2.89277,5.04973
3.63273,-9.06836,19.7958,-13.094,9.29982,6.73374,2.88583,5.06466
3.63367,-9.07484,19.7588,-13.1065,9.30725,6.72426,2.88237,5.0723
3.63469,-9.20756,19.7313,-13.2268,9.29667,6.72388,2.88255,5.0723
3.63568,-9.09171,19.6853,-13.1352,9.32153,6.70566,2.87553,5.0872
3.63665,-9.09773,19.6483,-13.1472,9.32905,6.69613,2.87203,5.09474
3.63781,-9.09773,19.6483,-13.1472,9.32905,6.69613,2.87203,5.09474
3.63873,-8.98084,19.6033,-13.0545,9.35427,6.67781,2.86491,5.10963
3.63977,-8.98888,19.5661,-13.0683,9.36175,6.66822,2.86136,5.11727
3.64073,-9.12154,19.5373,-13.1886,9.35095,6.66784,2.86156,5.11727
3.64176,-9.00884,19.492,-13.0994,9.37605,6.64938,2.85437,5.1321
3.64272,-9.01639,19.4548,-13.1127,9.3836,6.63974,2.85079,5.13959
3.6437,-9.14904,19.4253,-13.2329,9.37267,6.63935,2.851,5.13959
3.6447,-9.15841,19.388,-13.2478,9.37987,6.62992,2.84747,5.14701
3.64572,-9.04181,19.3435,-13.1549,9.40574,6.61115,2.8401,5.16188
3.6467,-9.17445,19.3133,-13.2751,9.39468,6.61076,2.84032,5.16188
3.64768,-9.18115,19.2759,-13.2874,9.40232,6.60109,2.83667,5.16934
3.64865,-8.93078,19.2628,-13.0731,9.43964,6.58265,2.82899,5.18419
3.64967,-9.06337,19.2321,-13.1933,9.42848,6.58227,2.82921,5.18419
3.65068,-9.0694,19.195,-13.2049,9.43624,6.57257,2.82552,5.19174
3.6517,-8.95596,19.1511,-13.1145,9.4623,6.55365,2.81797,5.20659
3.65268,-9.08854,19.1197,-13.2347,9.45102,6.55327,2.8182,5.20659
3.65371,-9.09682,19.0821,-13.2483,9.45862,6.54352,2.81449,5.21401
3.65469,-8.98207,19.0391,-13.1565,9.48495,6.52456,2.80686,5.22878
3.65564,-9.11464,19.0069,-13.2766,9.47355,6.52417,2.8071,5.22878
3.65672,-9.12226,18.9693,-13.2895,9.48123,6.5144,2.80335,5.23616
3.65768,-9.00633,18.9271,-13.1965,9.50784,6.49538,2.79564,5.25083
3.65877,-9.13889,18.8943,-13.3166,9.4963,6.495,2.79589,5.25083
3.65975,-9.14577,18.8567,-13.3288,9.50407,6.48521,2.79209,5.25828
3.66075,-8.89619,18.8486,-13.1145,9.54259,6.46651,2.78406,5.27293
3.6617,-9.0287,18.8153,-13.2346,9.53095,6.46613,2.78431,5.27293
3.66272,-9.03515,18.778,-13.2463,9.53883,6.4563,2.78047,5.28028
3.6637,-8.92238,18.7364,-13.1557,9.56561,6.43714,2.7726,5.2949
3.6647,-9.05487,18.7024,-13.2758,9.55385,6.43676,2.77286,5.2949
3.6657,-8.94132,18.6614,-13.1844,9.58082,6.41759,2.76494,5.30944
3.6667,-8.94925,18.6238,-13.1973,9.58864,6.40768,2.76106,5.3168
3.66766,-9.08173,18.589,-13.3174,9.57676,6.4073,2.76132,5.3168
3.6687,-9.09178,18.5514,-13.3322,9.5842,6.3976,2.7575,5.32392
3.66968,-8.97644,18.5114,-13.239,9.61155,6.37832,2.74949,5.33833
3.6707,-9.1089,18.476,-13.359,9.59953,6.37793,2.74976,5.33833
3.67172,-8.99277,18.4366,-13.265,9.6271,6.35865,2.74168,5.35273
3.67267,-8.99943,18.3991,-13.2765,9.63511,6.34868,2.73773,5.36004
3.67368,-9.13187,18.363,-13.3965,9.62296,6.3483,2.73801,5.36004
3.67474,-8.88439,18.3609,-13.1834,9.66263,6.32952,2.72964,5.37428
3.67573,-8.89065,18.3238,-13.1944,9.67076,6.31951,2.72565,5.38149
3.6767,-9.02304,18.2871,-13.3144,9.65852,6.31913,2.72593,5.38149
3.67768,-9.03389,18.2491,-13.3297,9.66604,6.30934,2.72199,5.38866
3.67869,-8.92044,18.2106,-13.2376,9.69388,6.28981,2.71374,5.40296
3.67971,-8.92856,18.1729,-13.2503,9.70191,6.27977,2.70969,5.41011
3.68077,-9.06093,18.1353,-13.3702,9.6895,6.27939,2.70999,5.41011
3.68169,-8.94836,18.0977,-13.2789,9.71725,6.26006,2.70173,5.4242
3.68274,-8.95568,18.06,-13.2907,9.72536,6.24998,2.69766,5.43141
3.68372,-9.08803,18.0217,-13.4106,9.71283,6.2496,2.69796,5.43141
3.68469,-8.97421,17.9849,-13.318,9.74089,6.23021,2.68962,5.44544
3.68565,-9.10655,17.9461,-13.4378,9.72828,6.22983,2.68993,5.44544
3.68669,-9.11336,17.9084,-13.4491,9.73644,6.21972,2.68582,5.45254
3.68767,-8.86377,17.9117,-13.2332,9.77793,6.20044,2.67699,5.46674
3.68869,-8.87004,17.8745,-13.2439,9.78627,6.19032,2.67283,5.47385
3.6897,-9.00232,17.835,-13.3637,9.77351,6.18994,2.67314,5.47385
3.69072,-8.89169,17.7987,-13.2736,9.80173,6.1704,2.66464,5.48786
3.69172,-8.89992,17.7609,-13.286,9.8099,6.16022,2.66045,5.49502
3.6928,-9.03218,17.7207,-13.4058,9.79701,6.15984,2.66078,5.49502
3.69374,-9.04249,17.6826,-13.4201,9.80478,6.14988,2.65666,5.50193
3.69468,-8.92787,17.6475,-13.3261,9.8338,6.13006,2.64798,5.51594
3.69567,-9.0601,17.6066,-13.4458,9.82079,6.12968,2.64831,5.51594
3.69675,-9.06743,17.5687,-13.4573,9.82906,6.1195,2.64407,5.52305
3.69778,-8.95156,17.5345,-13.362,9.85838,6.09965,2.63531,5.53703
3.69869,-8.95156,17.5345,-13.362,9.85838,6.09965,2.63531,5.53703
3.69972,-8.83506,17.5012,-13.266,9.88796,6.07981,2.62648,5.55102
3.70072,-8.84422,17.4632,-13.2789,9.89619,6.06955,2.62218,5.55803
3.70175,-8.97638,17.4211,-13.3986,9.88296,6.06918,2.62252,5.55803
3.70273,-8.86623,17.3871,-13.3082,9.91189,6.04943,2.61373,5.5718
3.70369,-8.99838,17.3445,-13.4279,9.89858,6.04906,2.61408,5.5718
3.70469,-9.00677,17.3063,-13.4401,9.90685,6.03878,2.60976,5.57883
3.7057,-8.89301,17.2733,-13.3462,9.93653,6.0188,2.6008,5.59263
3.7067,-9.02513,17.2301,-13.4658,9.92309,6.01843,2.60116,5.59263
3.70785,-9.03297,17.1921,-13.4774,9.93146,6.00815,2.59679,5.59954
3.70874,-8.91798,17.16,-13.3822,9.96143,5.98814,2.58776,5.61331
3.70977,-9.05008,17.116,-13.5018,9.94786,5.98777,2.58813,5.61331
3.7107,-8.9251,17.1223,-13.3931,9.96993,5.97785,2.58336,5.6203
3.71171,-8.80902,17.0914,-13.2968,10.0002,5.95781,2.57424,5.63406
3.71274,-8.94107,17.047,-13.4163,9.98658,5.95743,2.57461,5.63406
3.71379,-8.95043,17.0086,-13.4291,9.99491,5.94712,2.57017,5.64096
3.71472,-8.83856,16.977,-13.3364,10.025,5.92699,2.561,5.65466
3.71571,-8.84717,16.939,-13.3484,10.0334,5.91666,2.55654,5.6616
3.71675,-8.97918,16.8937,-13.4679,10.0196,5.91628,2.55692,5.6616
3.71773,-8.86822,16.8629,-13.3759,10.0495,5.89636,2.54777,5.67506
3.71868,-9.00021,16.8171,-13.4954,10.0356,5.89599,2.54815,5.67506
3.71973,-9.00823,16.779,-13.5068,10.0441,5.88561,2.54366,5.68186
3.72068,-8.89371,16.7493,-13.4113,10.0748,5.86544,2.53435,5.6954
3.72169,-9.02568,16.7029,-13.5307,10.0608,5.86506,2.53474,5.6954
3.72272,-9.03294,16.6649,-13.5414,10.0694,5.85469,2.53021,5.70228
3.72396,-8.78543,16.6832,-13.3255,10.1145,5.83485,2.52041,5.71577
3.72478,-8.91734,16.6362,-13.4448,10.1004,5.83448,2.52081,5.71577
3.72571,-8.92405,16.5986,-13.4548,10.1092,5.82408,2.51624,5.72265
3.72676,-8.81267,16.5694,-13.362,10.14,5.8038,2.50677,5.73617
3.72765,-8.94455,16.5217,-13.4813,10.1257,5.80343,2.50718,5.73617
3.7287,-8.95349,16.4834,-13.4932,10.1343,5.793,2.50259,5.74293
3.72969,-8.84084,16.4552,-13.399,10.1654,5.7727,2.49306,5.75635
3.73071,-8.97269,16.4068,-13.5182,10.151,5.77233,2.49347,5.75635
3.73173,-8.98082,16.3687,-13.5294,10.1597,5.76189,2.48884,5.76315
3.73274,-8.86692,16.3414,-13.4339,10.1911,5.74156,2.47924,5.77652
3.73374,-8.99874,16.2924,-13.5531,10.1766,5.74119,2.47966,5.77652
3.73467,-8.87456,16.3036,-13.4444,10.1999,5.73111,2.47458,5.78322
3.73569,-8.75954,16.2776,-13.3478,10.2316,5.71075,2.4649,5.79657
3.73668,-8.76916,16.2393,-13.3601,10.2403,5.70028,2.4602,5.80335
3.7377,-8.90092,16.1896,-13.4792,10.2257,5.69991,2.46063,5.80335
3.7387,-8.79229,16.1625,-13.3882,10.2567,5.67969,2.451,5.81649
3.73968,-8.80135,16.1244,-13.3999,10.2655,5.66917,2.44629,5.82311
3.74072,-8.93307,16.074,-13.519,10.2507,5.6688,2.44672,5.82311
3.74169,-8.82303,16.0479,-13.4265,10.2821,5.64857,2.43702,5.83613
3.74268,-8.83123,16.01,-13.4374,10.291,5.63804,2.43228,5.8428
3.74368,-8.96292,15.9589,-13.5564,10.2761,5.63767,2.43272,5.8428
3.74467,-8.85154,15.9338,-13.4626,10.3079,5.6174,2.42295,5.85576
3.74569,-8.85919,15.8961,-13.4728,10.3168,5.60685,2.41817,5.86231
3.74664,-8.99085,15.8443,-13.5917,10.3018,5.60648,2.41862,5.86231
3.74773,-8.86875,15.8581,-13.4848,10.3253,5.59652,2.41347,5.86883
3.74868,-8.75353,15.8348,-13.3872,10.3581,5.57595,2.4035,5.88189
3.74972,-8.88513,15.7826,-13.5061,10.343,5.57559,2.40396,5.88189
3.75087,-8.89466,15.7441,-13.5179,10.3518,5.56502,2.39913,5.88844
3.75177,-8.78358,15.72,-13.4239,10.3842,5.5444,2.38909,5.90147
3.75268,-8.91514,15.6671,-13.5427,10.369,5.54403,2.38955,5.90147
3.75383,-8.9239,15.6288,-13.5538,10.3779,5.53345,2.3847,5.90807
3.75469,-8.8115,15.6057,-13.4584,10.4107,5.51283,2.37459,5.92103
3.75615,-8.94303,15.5521,-13.5772,10.3954,5.51247,2.37506,5.92103
3.75673,-8.95125,15.514,-13.5876,10.4044,5.50188,2.37018,5.92751
3.75764,-8.7061,15.546,-13.3722,10.4529,5.4816,2.35953,5.94048
3.75869,-8.83756,15.4919,-13.491,10.4375,5.48124,2.36,5.94048
3.75971,-8.84518,15.4542,-13.5008,10.4466,5.47063,2.35508,5.94696
3.76069,-8.73576,15.4315,-13.4078,10.4795,5.44994,2.34484,5.95986
3.76164,-8.7453,15.3932,-13.4193,10.4884,5.43932,2.33989,5.96639
3.7627,-8.87672,15.3383,-13.5379,10.4729,5.43896,2.34038,5.96639
3.76369,-8.76821,15.3163,-13.4457,10.5055,5.41848,2.33019,5.97904
3.76474,-8.77713,15.2782,-13.4565,10.5146,5.40783,2.32523,5.98542
3.76571,-8.90851,15.2227,-13.5751,10.4989,5.40747,2.32572,5.98542
3.76676,-8.7986,15.2017,-13.4814,10.532,5.38697,2.31547,5.99799
3.76767,-8.80669,15.1638,-13.4913,10.5412,5.37631,2.31047,6.00443
3.76868,-8.93803,15.1076,-13.6099,10.5253,5.37595,2.31097,6.00443
3.76972,-8.69552,15.1442,-13.3964,10.5746,5.35577,2.30014,6.01697
3.7707,-8.70309,15.1068,-13.4058,10.5839,5.34509,2.29511,6.02331
3.77182,-8.83437,15.0501,-13.5242,10.568,5.34473,2.29562,6.02331
3.77269,-8.7273,15.0294,-13.4328,10.6012,5.32413,2.28523,6.03581
3.77361,-8.85855,14.9723,-13.5512,10.5852,5.32377,2.28574,6.03581
3.77469,-8.86798,14.9338,-13.5622,10.5943,5.31306,2.28069,6.0422
3.77568,-8.75718,14.9146,-13.4672,10.6283,5.29223,2.27014,6.05472
3.77671,-8.76604,14.8766,-13.4775,10.6376,5.28154,2.26505,6.06099
3.77769,-8.89724,14.8186,-13.5959,10.6215,5.28119,2.26557,6.06099
3.77869,-8.78741,14.8001,-13.5016,10.6553,5.26056,2.25506,6.07335
3.77972,-8.91858,14.7417,-13.62,10.6391,5.26021,2.25559,6.07335
3.78082,-8.9266,14.7037,-13.6295,10.6484,5.24949,2.25048,6.07969
3.78167,-8.8132,14.6866,-13.5318,10.6831,5.22862,2.23979,6.09215
3.78271,-8.8132,14.6866,-13.5318,10.6831,5.22862,2.23979,6.09215
3.78372,-8.82075,14.6491,-13.5408,10.6926,5.2179,2.23463,6.09841
3.78471,-8.70896,14.6323,-13.4444,10.7273,5.197,2.22387,6.1109
3.78571,-8.84003,14.5727,-13.5626,10.7109,5.19665,2.2244,6.1109
3.78669,-8.73011,14.5555,-13.4678,10.7455,5.17572,2.21361,6.12335
3.78775,-8.86115,14.4956,-13.5859,10.729,5.17538,2.21415,6.12335
3.78881,-8.87015,14.4573,-13.5961,10.7384,5.16462,2.20896,6.12965
3.78973,-8.88133,14.4188,-13.6083,10.7472,5.15409,2.20386,6.13574
3.79068,-8.88986,14.3807,-13.618,10.7567,5.14333,2.19865,6.14202
3.79173,-8.89836,14.3427,-13.6276,10.7661,5.13259,2.19343,6.14821
3.79274,-8.78351,14.3281,-13.528,10.8019,5.11145,2.18239,6.16074
3.79372,-8.66047,14.3519,-13.419,10.8283,5.10104,2.17658,6.16694
3.79472,-8.79139,14.2906,-13.537,10.8115,5.1007,2.17713,6.16694
3.79573,-8.68283,14.2754,-13.4431,10.8463,5.07995,2.16626,6.17918
3.79667,-8.81372,14.2137,-13.561,10.8295,5.0796,2.16682,6.17918
3.7977,-8.82351,14.1752,-13.5716,10.8389,5.06881,2.16155,6.18543
3.79873,-8.71392,14.1605,-13.4765,10.8742,5.04781,2.15052,6.19766
3.7997,-8.84476,14.0981,-13.5944,10.8573,5.04747,2.15109,6.19766
3.8007,-8.85401,14.0599,-13.6044,10.8668,5.0367,2.14578,6.20378
3.80169,-8.74307,14.0463,-13.5079,10.9024,5.0157,2.1347,6.21595
3.80264,-8.87387,13.9834,-13.6258,10.8854,5.01536,2.13527,6.21595
3.8037,-8.8823,13.9454,-13.635,10.895,5.0046,2.12994,6.22213
3.80469,-8.77012,13.933,-13.5372,10.931,4.98359,2.11879,6.23428
3.80566,-8.77807,13.8955,-13.5459,10.9407,4.97281,2.11343,6.24037
3.80671,-8.77807,13.8955,-13.5459,10.9407,4.97281,2.11343,6.24037
3.80773,-8.6671,13.8839,-13.4492,10.9766,4.952,2.10232,6.25239
3.80867,-8.67698,13.8457,-13.4596,10.9862,4.94119,2.09693,6.25855
3.8097,-8.80765,13.7814,-13.5772,10.9689,4.94085,2.09752,6.25855
3.81074,-8.7007,13.7686,-13.4839,11.0044,4.91997,2.08637,6.2705
3.81168,-8.71,13.7307,-13.4937,11.0141,4.90914,2.08097,6.27652
3.81268,-8.84062,13.6658,-13.6113,10.9968,4.90881,2.08156,6.27652
3.81368,-8.73226,13.6541,-13.5165,11.0327,4.88794,2.07035,6.28837
3.81464,-8.86284,13.5888,-13.6341,11.0152,4.88761,2.07095,6.28837
3.81569,-8.87126,13.551,-13.6429,11.025,4.87678,2.06552,6.29444
3.81672,-8.75927,13.541,-13.5447,11.0618,4.85567,2.05413,6.30637
3.81767,-8.75927,13.541,-13.5447,11.0618,4.85567,2.05413,6.30637
3.8187,-8.7672,13.5036,-13.553,11.0718,4.84485,2.04867,6.31235
3.81977,-8.65676,13.4937,-13.4561,11.1086,4.82372,2.03721,6.32429
3.82065,-8.78723,13.4274,-13.5735,11.0909,4.82339,2.03782,6.32429
3.82169,-8.79705,13.3891,-13.5834,11.1007,4.81255,2.03233,6.33035
3.8227,-8.68799,13.3791,-13.4876,11.1375,4.7914,2.02084,6.3422
3.82372,-8.6973,13.3413,-13.497,11.1474,4.78057,2.01532,6.34813
3.82471,-8.8277,13.2741,-13.6143,11.1296,4.78024,2.01595,6.34813
3.82572,-8.7196,13.2649,-13.5192,11.1662,4.75932,2.00451,6.3598
3.82669,-8.72807,13.2274,-13.5278,11.1762,4.74848,1.99898,6.36578
3.82768,-8.85841,13.1596,-13.645,11.1583,4.74815,1.99961,6.36578
3.82869,-8.86898,13.1214,-13.6555,11.1678,4.73754,1.99418,6.3716
3.82964,-8.75686,13.1143,-13.5565,11.2054,4.71636,1.98256,6.38333
3.8307,-8.75686,13.1143,-13.5565,11.2054,4.71636,1.98256,6.38333
3.8317,-8.76458,13.0771,-13.5643,11.2156,4.70552,1.97698,6.38921
3.83272,-8.654,13.0701,-13.4666,11.2533,4.68433,1.96527,6.40096
3.83377,-8.78422,13.0013,-13.5836,11.2352,4.68401,1.96591,6.40096
3.8347,-8.79384,12.9631,-13.593,11.2451,4.67315,1.96032,6.40693
3.83569,-8.68466,12.956,-13.4964,11.2828,4.65194,1.94857,6.41861
3.83665,-8.81482,12.8866,-13.6134,11.2646,4.65162,1.94922,6.41861
3.83769,-8.82394,12.8488,-13.6222,11.2746,4.64076,1.9436,6.42445
3.83866,-8.71346,12.8429,-13.5243,11.3127,4.61957,1.93181,6.43607
3.83974,-8.72179,12.8056,-13.5324,11.3229,4.60872,1.92616,6.44198
3.84076,-8.85188,12.7353,-13.6493,11.3045,4.6084,1.92681,6.44198
3.84236,-8.74252,12.73,-13.5523,11.3423,4.58742,1.91508,6.45347
3.84271,-8.62031,12.7637,-13.4431,11.3711,4.57686,1.90875,6.45927
3.8437,-8.75032,12.693,-13.5598,11.3526,4.57654,1.90941,6.45927
3.84502,-8.64057,12.6877,-13.4623,11.3913,4.55514,1.89737,6.47097
3.84584,-8.77055,12.6166,-13.579,11.3727,4.55483,1.89804,6.47097
3.84672,-8.66215,12.6115,-13.4826,11.411,4.53359,1.8861,6.4825
3.84767,-8.79209,12.54,-13.5992,11.3924,4.53328,1.88678,6.4825
3.84869,-8.80129,12.5022,-13.6079,11.4026,4.5224,1.88108,6.48833
3.84974,-8.69155,12.4984,-13.5101,11.4412,4.5012,1.8691,6.49977
3.85077,-8.82143,12.4263,-13.6267,11.4225,4.50089,1.86978,6.49977
3.85177,-8.83012,12.3888,-13.6348,11.4328,4.49004,1.86405,6.50549
3.85284,-8.71914,12.3862,-13.5357,11.4718,4.46883,1.85202,6.5169
3.85393,-8.84896,12.3135,-13.6522,11.453,4.46852,1.8527,6.5169
3.85469,-8.85688,12.2764,-13.6596,11.4634,4.45767,1.84695,6.52271
3.85585,-8.73726,12.3117,-13.5525,11.4922,4.44733,1.84062,6.52832
3.85682,-8.74475,12.275,-13.5594,11.5027,4.43645,1.83485,6.53412
3.85772,-8.75224,12.2383,-13.5662,11.5133,4.42558,1.82906,6.53984
3.85879,-8.76203,12.2003,-13.5752,11.5236,4.41471,1.82327,6.54566
3.85979,-8.65145,12.1987,-13.4761,11.5632,4.39324,1.81098,6.55718
3.86085,-8.78112,12.1248,-13.5924,11.5442,4.39294,1.81168,6.55718
3.8617,-8.79077,12.0864,-13.6011,11.5548,4.38185,1.80575,6.56299
3.86288,-8.80204,12.0483,-13.6113,11.5646,4.37121,1.80006,6.56864
3.86402,-8.81089,12.0109,-13.6192,11.5751,4.36033,1.79425,6.5743
3.86467,-8.81943,11.9736,-13.6268,11.5855,4.34949,1.78843,6.58004
3.86573,-8.70648,11.9745,-13.5254,11.6258,4.32809,1.77605,6.59138
3.86679,-8.83602,11.8994,-13.6415,11.6066,4.3278,1.77676,6.59138
3.86774,-8.84393,11.8625,-13.6485,11.6172,4.31695,1.77091,6.59713
3.8687,-8.60269,11.9393,-13.432,11.6765,4.29603,1.75788,6.6084
3.86969,-8.73216,11.8638,-13.548,11.6572,4.29574,1.7586,6.6084
3.87069,-8.73969,11.8274,-13.5546,11.668,4.28489,1.75272,6.61405
3.87172,-8.75186,11.7889,-13.5654,11.6779,4.27425,1.74696,6.61968
3.87262,-8.76154,11.7512,-13.5738,11.6883,4.26335,1.74109,6.6253
3.8737,-8.77097,11.7137,-13.582,11.6988,4.25248,1.7352,6.631
3.87471,-8.78027,11.6762,-13.59,11.7094,4.24162,1.7293,6.6366
3.8762,-8.78921,11.6389,-13.5977,11.72,4.23076,1.7234,6.64228
3.8768,-8.7984,11.601,-13.6055,11.7308,4.21968,1.71737,6.64798
3.87769,-8.80691,11.564,-13.6127,11.7415,4.20884,1.71145,6.65364
3.8788,-8.81537,11.527,-13.6199,11.7522,4.198,1.70553,6.65921
3.87975,-8.8235,11.4902,-13.6267,11.7629,4.18716,1.6996,6.66486
3.88077,-8.83157,11.4534,-13.6335,11.7737,4.17633,1.69367,6.67043
3.88168,-8.71012,11.4946,-13.5243,11.8042,4.16577,1.68698,6.67609
3.88269,-8.71785,11.4583,-13.5307,11.8151,4.15493,1.68102,6.68166
3.88375,-8.72527,11.422,-13.5368,11.826,4.14409,1.67506,6.68732
3.88466,-8.73528,11.3844,-13.5452,11.8366,4.13324,1.66909,6.69289
3.88569,-8.74494,11.347,-13.5533,11.8473,4.12238,1.66312,6.69853
3.8868,-8.75457,11.3096,-13.5613,11.8579,4.11153,1.65714,6.70407
3.88772,-8.88366,11.2308,-13.6768,11.8381,4.11125,1.6579,6.70407
3.88869,-8.77305,11.2352,-13.5766,11.8794,4.08985,1.64518,6.7152
3.88973,-8.78221,11.1974,-13.584,11.8904,4.0788,1.63906,6.7209
3.89069,-8.78864,11.1613,-13.589,11.9018,4.06775,1.63293,6.7265
3.89173,-8.79712,11.1246,-13.5959,11.9127,4.05696,1.62692,6.73209
3.89277,-8.80548,11.0879,-13.6026,11.9236,4.04614,1.62091,6.73758
3.89368,-8.68466,11.1313,-13.4938,11.9545,4.0356,1.61413,6.74315
3.89491,-8.69272,11.095,-13.5002,11.9655,4.02479,1.6081,6.74864
3.89581,-8.70046,11.0589,-13.5063,11.9766,4.01398,1.60206,6.75421
3.89669,-8.71079,11.0213,-13.5147,11.9873,4.00316,1.59603,6.75969
3.89772,-8.72076,10.9839,-13.5227,11.9981,3.99233,1.58999,6.76524
3.89869,-8.73068,10.9466,-13.5307,12.0088,3.9815,1.58395,6.77068
3.9004,-8.74025,10.9094,-13.5383,12.0197,3.97069,1.57791,6.77619
3.90119,-8.74025,10.9094,-13.5383,12.0197,3.97069,1.57791,6.77619
3.90182,-8.75886,10.8354,-13.553,12.0414,3.94908,1.5658,6.78708
3.90292,-8.76814,10.7979,-13.5602,12.0526,3.93806,1.55961,6.79262
3.90372,-8.77725,10.7605,-13.5673,12.0638,3.92705,1.55342,6.7981
3.90488,-8.78574,10.7239,-13.5738,12.0748,3.91628,1.54735,6.80355
3.90574,-8.79416,10.6875,-13.5802,12.0859,3.90551,1.54128,6.8089
3.90672,-8.80225,10.6512,-13.5863,12.097,3.89474,1.5352,6.81434
3.90777,-8.68171,10.6974,-13.4776,12.1286,3.88423,1.52831,6.81969
3.90891,-8.68945,10.6615,-13.4833,12.1398,3.87346,1.52222,6.82514
3.90981,-8.69715,10.6258,-13.489,12.1511,3.86268,1.51611,6.83049
3.91113,-8.70716,10.5885,-13.4968,12.162,3.8519,1.51,6.83593
3.91181,-8.71708,10.5514,-13.5044,12.173,3.8411,1.50389,6.84127
3.91273,-8.7267,10.5144,-13.5117,12.184,3.83031,1.49777,6.84668
3.91374,-8.73623,10.4776,-13.519,12.195,3.81953,1.49166,6.85198
3.91486,-8.74541,10.4409,-13.5259,12.2061,3.80876,1.48553,6.85736
3.91587,-8.7545,10.4043,-13.5326,12.2172,3.79798,1.4794,6.86265
3.91677,-8.76326,10.3678,-13.5391,12.2284,3.78721,1.47327,6.86801
3.91778,-8.77194,10.3315,-13.5455,12.2396,3.77644,1.46712,6.87328
3.91899,-8.65201,10.3794,-13.4371,12.2716,3.76593,1.46016,6.87863
3.92021,-8.66032,10.3435,-13.443,12.283,3.75516,1.454,6.88389
3.92074,-8.66831,10.3077,-13.4487,12.2944,3.74439,1.44783,6.88924
3.92169,-8.67887,10.2704,-13.4567,12.3054,3.73361,1.4415,6.89449
3.92283,-8.80707,10.1857,-13.571,12.2846,3.73337,1.44232,6.89449
3.92374,-8.8173,10.1482,-13.5786,12.2952,3.72254,1.43348,6.89982
3.92494,-8.82715,10.1118,-13.5859,12.3062,3.71193,1.42454,6.90492
3.92579,-8.83431,10.0764,-13.5907,12.3179,3.7011,1.41531,6.91023
3.92673,-8.84145,10.0412,-13.5954,12.3298,3.69028,1.40603,6.91543
3.92777,-8.96955,9.95568,-13.7096,12.3088,3.69005,1.40686,6.91543
3.92866,-8.97626,9.9204,-13.714,12.3207,3.67922,1.39754,6.92076
3.92989,-9.10434,9.83456,-13.8282,12.2997,3.67899,1.39838,6.92076
3.93069,-9.10434,9.83456,-13.8282,12.2997,3.67899,1.39838,6.92076
3.93169,-8.9812,9.85637,-13.7152,12.3455,3.658,1.3785,6.93115
3.93267,-9.10923,9.77018,-13.8293,12.3244,3.65777,1.37934,6.93115
3.93374,-9.11055,9.73823,-13.8287,12.3374,3.64691,1.36957,6.93646
3.93467,-9.11408,9.7053,-13.8302,12.3498,3.63625,1.36,6.94185
3.93573,-9.11526,9.67345,-13.8295,12.3629,3.62531,1.35016,6.94724
3.93671,-9.11625,9.6416,-13.8286,12.3762,3.61439,1.34027,6.95281
3.93768,-9.11739,9.60982,-13.8278,12.3895,3.60343,1.33035,6.95828
3.93867,-9.11837,9.57743,-13.8268,12.4032,3.59224,1.32029,6.96405
3.9397,-9.11948,9.54574,-13.8259,12.4166,3.58126,1.31031,6.96958
3.94069,-9.24732,9.4582,-13.9398,12.3954,3.58103,1.31116,6.96958
3.9417,-9.24815,9.42633,-13.9387,12.4089,3.57004,1.30114,6.97529
3.9427,-9.2491,9.39515,-13.9377,12.4222,3.55926,1.29118,6.98077
3.94371,-9.24729,9.36502,-13.9342,12.4362,3.54824,1.28093,6.98654
3.94465,-9.11802,9.42316,-13.8172,12.4718,3.53743,1.26977,6.9922
3.94571,-9.11622,9.39383,-13.8137,12.4857,3.5266,1.25954,6.99794
3.94673,-9.24392,9.30543,-13.9274,12.4643,3.52638,1.26041,6.99794
3.9477,-9.24499,9.27425,-13.9264,12.4779,3.51551,1.25029,7.00357
3.94868,-9.11672,9.3019,-13.8084,12.5276,3.49368,1.22886,7.01514
3.94965,-9.24434,9.21299,-13.9219,12.5061,3.49346,1.22973,7.01514
3.95069,-9.11622,9.241,-13.8039,12.556,3.4716,1.20815,7.02681
3.95174,-9.11453,9.21114,-13.8004,12.5707,3.46041,1.19763,7.03281
3.95265,-9.24206,9.12173,-13.9138,12.5491,3.4602,1.19851,7.03281
3.95368,-9.11662,9.14923,-13.7982,12.5988,3.43846,1.17702,7.04444
3.95467,-9.11524,9.11943,-13.7948,12.6136,3.42724,1.16641,7.0503
3.95568,-9.24268,9.02952,-13.9081,12.592,3.42702,1.1673,7.0503
3.95668,-8.98994,9.14775,-13.6791,12.6637,3.40544,1.14475,7.06197
3.95769,-8.98833,9.11817,-13.6755,12.6788,3.39419,1.13406,7.068
3.95872,-9.11568,9.02789,-13.7887,12.6571,3.39398,1.13495,7.068
3.9597,-8.9956,9.05343,-13.6777,12.7067,3.37213,1.11345,7.07967
3.96069,-8.99678,9.02225,-13.6764,12.7215,3.36086,1.10287,7.0855
3.96165,-9.12403,8.93147,-13.7895,12.6997,3.36065,1.10376,7.0855
3.96271,-9.00369,8.95785,-13.6781,12.7497,3.33881,1.08213,7.09705
3.96368,-9.00442,8.92685,-13.6764,12.7646,3.32757,1.07148,7.103
3.96464,-9.00786,8.8948,-13.6771,12.7788,3.31656,1.06106,7.10866
3.96571,-9.13499,8.80337,-13.7901,12.7569,3.31636,1.06196,7.10866
3.96671,-9.01425,8.83091,-13.6781,12.8073,3.29453,1.04016,7.12008
3.96768,-9.01472,8.80017,-13.6761,12.8224,3.2833,1.02941,7.12596
3.96871,-9.14177,8.70825,-13.789,12.8004,3.2831,1.03032,7.12596
3.96967,-9.02077,8.73664,-13.6767,12.8512,3.2613,1.00839,7.13732
3.97076,-8.89437,8.7984,-13.5619,12.8884,3.25027,0.99667,7.14301
3.97167,-9.02132,8.70612,-13.6746,12.8663,3.25007,0.997582,7.14301
3.97268,-9.0241,8.67448,-13.6746,12.8809,3.2391,0.987016,7.14875
3.97374,-8.90548,8.70185,-13.5642,12.9319,3.21707,0.964991,7.16011
3.97487,-9.03234,8.60908,-13.6769,12.9098,3.21687,0.965908,7.16011
3.97572,-9.03527,8.57706,-13.6768,12.9247,3.20568,0.955197,7.16573
3.97702,-8.91623,8.60542,-13.566,12.976,3.18373,0.93307,7.17696
3.97775,-9.04299,8.51217,-13.6785,12.9538,3.18354,0.933993,7.17696
3.9788,-8.92373,8.54118,-13.5673,13.0053,3.16166,0.911799,7.18813
3.97969,-8.92373,8.54118,-13.5673,13.0053,3.16166,0.911799,7.18813
3.98076,-8.92593,8.50978,-13.5666,13.0204,3.15051,0.901007,7.19381
3.98172,-8.80884,8.53822,-13.4573,13.0717,3.12866,0.878872,7.20487
3.9827,-8.93544,8.4443,-13.5696,13.0494,3.12848,0.879804,7.20487
3.98373,-8.94025,8.4114,-13.5711,13.0641,3.11736,0.869135,7.21033
3.98471,-8.94716,8.37742,-13.5745,13.0782,3.1065,0.858721,7.21581
3.98583,-8.95169,8.34475,-13.5757,13.0929,3.0954,0.848028,7.22121
3.98694,-8.95591,8.31215,-13.5766,13.1077,3.08436,0.837318,7.22674
3.98784,-8.96021,8.27972,-13.5775,13.1225,3.07331,0.82659,7.2321
3.98873,-8.96415,8.24737,-13.5781,13.1374,3.06229,0.815848,7.2376
3.98976,-8.96825,8.21515,-13.5788,13.1523,3.05127,0.805093,7.24292
3.99095,-8.97198,8.18301,-13.5792,13.1672,3.04028,0.794324,7.24839
3.99166,-8.84957,8.24633,-13.4678,13.2046,3.02946,0.782592,7.25369
3.99273,-8.85314,8.21455,-13.468,13.2195,3.01849,0.771793,7.25913
3.99371,-8.85688,8.1829,-13.4683,13.2346,3.00752,0.760979,7.2644
3.99472,-8.98312,8.08727,-13.5802,13.212,3.00734,0.76193,7.2644
3.9957,-8.98907,8.0537,-13.5825,13.2266,2.99639,0.751272,7.26983
3.99673,-8.99503,8.02092,-13.5848,13.2409,2.98566,0.740713,7.27495
3.99773,-9.12121,7.92486,-13.6965,13.2183,2.98548,0.74167,7.27495
3.99867,-9.00118,7.9593,-13.5842,13.2705,2.96423,0.719189,7.28531
3.9997,-9.12729,7.86293,-13.6959,13.2479,2.96406,0.720149,7.28531
4.00072,-9.00455,7.8992,-13.581,13.3011,2.94259,0.697292,7.29581
4.00168,-9.1306,7.80253,-13.6926,13.2784,2.94242,0.698256,7.29581
4.00272,-9.00768,7.83936,-13.5775,13.3318,2.92091,0.675314,7.30635
4.00367,-9.00776,7.81017,-13.5744,13.3476,2.90995,0.664159,7.31177
4.00468,-9.00776,7.81017,-13.5744,13.3476,2.90995,0.664159,7.31177
4.00572,-9.01065,7.77974,-13.5738,13.3627,2.89921,0.653264,7.31692
4.00678,-9.01321,7.74937,-13.573,13.3778,2.88846,0.642356,7.32224
4.00769,-9.01605,7.71848,-13.5722,13.3933,2.87748,0.631323,7.32749
4.00878,-9.01855,7.68765,-13.5712,13.4088,2.86652,0.620275,7.3329
4.00968,-8.89787,7.72415,-13.4578,13.4627,2.84477,0.597159,7.34353
4.01078,-9.02361,7.62624,-13.569,13.4399,2.8446,0.598138,7.34353
4.01174,-9.14935,7.52822,-13.6803,13.417,2.84444,0.599118,7.34353
4.01268,-9.03092,7.56389,-13.5689,13.4703,2.82295,0.576234,7.35402
4.01372,-9.03588,7.53163,-13.5699,13.4855,2.81199,0.565298,7.3592
4.01471,-9.16151,7.43317,-13.681,13.4626,2.81184,0.566283,7.3592
4.01567,-9.03771,7.47238,-13.5646,13.5176,2.78996,0.542757,7.36981
4.01664,-8.78825,7.61072,-13.337,13.5961,2.76803,0.51807,7.38052
4.01772,-8.91374,7.51189,-13.448,13.5732,2.76787,0.51906,7.38052
4.01866,-8.91563,7.48204,-13.4462,13.5889,2.75702,0.507887,7.38586
4.01966,-8.92283,7.4491,-13.4492,13.6035,2.74636,0.497171,7.39091
4.02069,-8.92709,7.41758,-13.4495,13.6189,2.73547,0.486167,7.3962
4.02171,-8.93161,7.38611,-13.45,13.6343,2.72462,0.475153,7.40129
4.02267,-8.9357,7.35477,-13.4501,13.6497,2.71379,0.464121,7.40653
4.02374,-8.93995,7.32357,-13.4502,13.6651,2.70296,0.453077,7.41157
4.02469,-8.94381,7.29246,-13.4501,13.6806,2.69215,0.44202,7.41677
4.02571,-9.06905,7.19251,-13.5608,13.6575,2.692,0.443024,7.41677
4.02669,-8.9515,7.23059,-13.4497,13.7116,2.67055,0.41987,7.42695
4.02768,-8.9554,7.19921,-13.4494,13.7275,2.65955,0.408669,7.43204
4.02868,-8.83499,7.23984,-13.3356,13.7826,2.63797,0.385155,7.44224
4.02968,-8.83499,7.23984,-13.3356,13.7826,2.63797,0.385155,7.44224
4.0307,-8.83836,7.20891,-13.3349,13.7985,2.627,0.373916,7.44747
4.03172,-8.84439,7.17739,-13.3366,13.8134,2.61649,0.363074,7.45231
4.03272,-8.85008,7.14534,-13.3379,13.8286,2.60575,0.352112,7.45739
4.03369,-8.85601,7.11282,-13.3393,13.8442,2.59482,0.341031,7.46237
4.03472,-8.86147,7.08104,-13.3404,13.8595,2.58414,0.330053,7.46739
4.03604,-8.86705,7.0494,-13.3415,13.8747,2.57346,0.319063,7.47222
4.03669,-8.87222,7.01789,-13.3423,13.89,2.56281,0.308062,7.47719
4.03771,-8.7577,7.057,-13.2336,13.9441,2.54167,0.284995,7.4869
4.0388,-8.88242,6.95529,-13.3437,13.9208,2.54154,0.28602,7.4869
4.03979,-8.88746,6.92419,-13.3442,13.9362,2.53091,0.274978,7.49165
4.04076,-8.89457,6.89186,-13.3467,13.9508,2.52052,0.26421,7.49645
4.04183,-8.77468,6.96316,-13.237,13.9897,2.51003,0.252112,7.50115
4.04293,-8.77911,6.93254,-13.237,14.0052,2.49945,0.241026,7.50601
4.04371,-8.78364,6.9021,-13.2371,14.0208,2.48885,0.229921,7.5107
4.0448,-8.79033,6.86977,-13.2391,14.036,2.47827,0.218981,7.51554
4.04574,-8.79713,6.83763,-13.2411,14.0511,2.46769,0.208036,7.52019
4.04677,-8.80355,6.80557,-13.2428,14.0663,2.45713,0.197081,7.52498
4.04777,-8.81008,6.7737,-13.2445,14.0815,2.44658,0.186115,7.52958
4.04874,-8.81617,6.74195,-13.2459,14.0968,2.43605,0.175134,7.53433
4.04972,-8.82237,6.71038,-13.2473,14.1121,2.42553,0.164141,7.53888
4.05075,-8.82815,6.67893,-13.2483,14.1274,2.41503,0.153134,7.5436
4.05179,-8.83404,6.64766,-13.2494,14.1428,2.40453,0.142113,7.54812
4.05278,-8.83951,6.6165,-13.2502,14.1582,2.39405,0.131078,7.55281
4.05404,-8.84511,6.5855,-13.2509,14.1736,2.38357,0.120028,7.5573
4.05515,-8.72618,6.6584,-13.142,14.2126,2.37323,0.107914,7.56197
4.05613,-8.8503,6.55463,-13.2514,14.189,2.37311,0.108964,7.56197
4.05689,-8.85562,6.5239,-13.2519,14.2045,2.36264,0.0978863,7.56645
4.05779,-8.74167,6.56638,-13.1431,14.2596,2.34165,0.074522,7.57565
4.05873,-8.74653,6.53495,-13.1431,14.2759,2.3308,0.0631866,7.58046
4.05975,-8.75143,6.50431,-13.1431,14.2918,2.32017,0.051955,7.585
4.06072,-8.75842,6.47238,-13.1451,14.307,2.30978,0.0410081,7.5896
4.06168,-8.88231,6.36782,-13.2542,14.2833,2.30967,0.0420686,7.5896
4.06274,-8.77208,6.40967,-13.1487,14.3371,2.28924,0.019204,7.59847
4.06379,-8.77888,6.37821,-13.1503,14.3524,2.27887,0.00822495,7.60284
4.06489,-8.90265,6.27326,-13.2593,14.3286,2.27876,0.00929022,7.60284
4.06591,-8.79147,6.31699,-13.1529,14.3825,2.25858,-0.0135758,7.61152
4.06678,-8.79496,6.28798,-13.1517,14.3984,2.24823,-0.0247986,7.61602
4.06768,-8.79496,6.28798,-13.1517,14.3984,2.24823,-0.0247986,7.61602
4.06875,-8.68315,6.33298,-13.0447,14.4526,2.22805,-0.0477972,7.6247
4.06972,-8.80671,6.22749,-13.1534,14.4288,2.22793,-0.046725,7.6247
4.0707,-8.69704,6.27059,-13.0482,14.483,2.20753,-0.0697179,7.63342
4.0717,-8.70263,6.24035,-13.0486,14.4987,2.19715,-0.0808464,7.63771
4.07264,-8.82608,6.13447,-13.1572,14.4749,2.19704,-0.0797695,7.63771
4.07364,-8.71797,6.17742,-13.0533,14.5287,2.17687,-0.102566,7.64626
4.07473,-8.72281,6.1476,-13.0531,14.5445,2.16653,-0.113742,7.65068
4.07572,-8.84614,6.04135,-13.1616,14.5206,2.16642,-0.11266,7.65068
4.07671,-8.85345,6.01025,-13.1636,14.5357,2.15631,-0.12357,7.65483
4.07771,-8.74006,6.0625,-13.0549,14.5918,2.13501,-0.147372,7.66334
4.07871,-8.75067,5.98977,-13.0575,14.6066,2.12549,-0.157208,7.66775
4.07963,-8.75067,5.98977,-13.0575,14.6066,2.12549,-0.157208,7.66775
4.08069,-8.76235,5.91976,-13.0611,14.6212,2.11567,-0.167065,7.67194
4.08172,-8.66083,5.89161,-12.9589,14.674,2.09621,-0.187794,7.68069
4.08272,-8.67103,5.82523,-12.9616,14.6881,2.08665,-0.197472,7.68524
4.0837,-8.79403,5.71808,-13.0697,14.6641,2.08655,-0.196379,7.68524
4.0847,-8.69529,5.6945,-12.9707,14.7136,2.06852,-0.215961,7.69405
4.08575,-8.70466,5.63156,-12.9729,14.7267,2.0595,-0.225338,7.69846
4.08674,-8.82754,5.52405,-13.0809,14.7027,2.05941,-0.224241,7.69846
4.08771,-8.83857,5.46128,-13.0847,14.7148,2.05077,-0.233286,7.70297
4.0887,-8.73471,5.44754,-12.9819,14.7632,2.03375,-0.252546,7.71192
4.08971,-8.85747,5.33967,-13.0897,14.7392,2.03365,-0.251444,7.71192
4.09072,-8.86539,5.28078,-13.0909,14.7514,2.02519,-0.260581,7.71636
4.0917,-8.75971,5.27323,-12.9869,14.7989,2.00881,-0.279585,7.72536
4.09267,-8.75971,5.27323,-12.9869,14.7989,2.00881,-0.279585,7.72536
4.09372,-8.76649,5.21723,-12.9873,14.8108,2.00063,-0.288619,7.73
4.09469,-8.6618,5.21335,-12.8845,14.8573,1.98469,-0.307288,7.73903
4.0957,-8.78431,5.10485,-12.9921,14.8332,1.9846,-0.306177,7.73903
4.09673,-8.793,5.04938,-12.9943,14.8443,1.97659,-0.314963,7.74348
4.09768,-8.80351,4.99372,-12.9983,14.8547,1.96881,-0.323486,7.74801
4.09872,-8.81158,4.93988,-13,14.8658,1.96088,-0.332256,7.75242
4.0997,-8.70434,4.94361,-12.8953,14.9119,1.94528,-0.350927,7.7614
4.10063,-8.71134,4.89219,-12.8962,14.9229,1.93748,-0.359718,7.76596
4.10178,-8.83359,4.78299,-13.0035,14.8988,1.93739,-0.358599,7.76596
4.10274,-8.72963,4.78938,-12.902,14.9436,1.92224,-0.376825,7.77469
4.10362,-8.73611,4.7401,-12.9025,14.9546,1.91446,-0.385658,7.77902
4.10469,-8.85824,4.63055,-13.0096,14.9303,1.91438,-0.384535,7.77902
4.10564,-8.7528,4.6413,-12.9069,14.9754,1.89928,-0.402902,7.78766
4.10667,-8.63623,4.70376,-12.7996,15.0107,1.8916,-0.412944,7.79213
4.10782,-8.75823,4.59396,-12.9066,14.9865,1.89152,-0.411818,7.79213
4.109,-8.65405,4.60675,-12.8051,15.0314,1.87639,-0.430177,7.80069
4.10989,-8.77596,4.49672,-12.912,15.0071,1.8763,-0.429048,7.80069
4.11073,-8.7834,4.44914,-12.9134,15.0179,1.8685,-0.437863,7.80493
4.11174,-8.67567,4.46512,-12.8087,15.0643,1.85287,-0.456791,7.81362
4.1127,-8.68217,4.41939,-12.8093,15.0753,1.84508,-0.465709,7.81799
4.11385,-8.80391,4.30892,-12.916,15.051,1.845,-0.464574,7.81799
4.1147,-8.81282,4.26248,-12.9188,15.0614,1.83735,-0.473267,7.82208
4.11568,-8.70562,4.28324,-12.8147,15.1074,1.8219,-0.492161,7.83043
4.11671,-8.82722,4.17244,-12.9213,15.0831,1.82183,-0.491022,7.83043
4.11781,-8.83277,4.12879,-12.9211,15.0944,1.81398,-0.500097,7.83473
4.11873,-8.71924,4.19546,-12.8166,15.1295,1.80633,-0.510098,7.83875
4.11976,-8.72433,4.15298,-12.8159,15.1411,1.79841,-0.519261,7.84302
4.1208,-8.72956,4.11096,-12.8154,15.1527,1.79048,-0.528467,7.84711
4.12172,-8.62272,4.13546,-12.7116,15.1997,1.77459,-0.547773,7.85543
4.12264,-8.6296,4.09281,-12.7126,15.2111,1.76658,-0.55691,7.85965
4.12374,-8.7509,3.98132,-12.8189,15.1867,1.76651,-0.555762,7.85965
4.12471,-8.64773,4.00644,-12.7184,15.233,1.75084,-0.574287,7.86767
4.12571,-8.65418,3.96528,-12.719,15.2447,1.74276,-0.58302,7.87162
4.12672,-8.77535,3.85347,-12.8251,15.2203,1.74269,-0.581868,7.87162
4.12773,-8.67089,3.88161,-12.7235,15.2671,1.7269,-0.599657,7.8795
4.12867,-8.79197,3.7696,-12.8295,15.2427,1.72683,-0.598502,7.8795
4.1297,-8.79742,3.72963,-12.8292,15.2547,1.7187,-0.60681,7.88356
4.13071,-8.6842,3.80096,-12.725,15.2906,1.71078,-0.615987,7.88746
4.13172,-8.57345,3.83566,-12.6177,15.3395,1.69446,-0.633225,7.89537
4.13266,-8.69435,3.72331,-12.7236,15.3151,1.6944,-0.632065,7.89537
4.13372,-8.70173,3.68288,-12.7249,15.3269,1.68616,-0.639954,7.89927
4.13474,-8.59734,3.71452,-12.6232,15.3746,1.66984,-0.656438,7.90703
4.13571,-8.71811,3.60185,-12.7289,15.3502,1.66977,-0.655275,7.90703
4.13671,-8.72473,3.56259,-12.7295,15.3622,1.66149,-0.662902,7.91097
4.13768,-8.73366,3.52238,-12.7322,15.3737,1.65335,-0.670291,7.91471
4.13874,-8.62532,3.55896,-12.627,15.4228,1.63672,-0.686372,7.92238
4.13976,-8.7459,3.44589,-12.7325,15.3983,1.63666,-0.685203,7.92238
4.14071,-8.63925,3.48276,-12.6288,15.4471,1.62012,-0.700914,7.92994
4.14165,-8.75975,3.36949,-12.7342,15.4225,1.62006,-0.699742,7.92994
4.14284,-8.64462,3.44592,-12.6282,15.4597,1.61168,-0.708188,7.93378
4.14366,-8.65238,3.40798,-12.6298,15.4716,1.6034,-0.715266,7.93745
4.14486,-8.65735,3.37186,-12.6289,15.4844,1.59492,-0.722461,7.94126
4.14577,-8.66483,3.33382,-12.6301,15.4968,1.58642,-0.729613,7.94499
4.14672,-8.55874,3.37266,-12.5268,15.5464,1.56941,-0.744989,7.95246
4.14771,-8.67896,3.25887,-12.6319,15.5218,1.56935,-0.74381,7.95246
4.14871,-8.68567,3.2219,-12.6324,15.5344,1.5608,-0.750861,7.95622
4.14969,-8.69472,3.18383,-12.6351,15.5463,1.5524,-0.757726,7.9598
4.15075,-8.70098,3.14759,-12.6352,15.5591,1.5438,-0.764716,7.96351
4.1517,-8.70724,3.11165,-12.6353,15.5719,1.5352,-0.771687,7.96712
4.15269,-8.599,3.15518,-12.53,15.6225,1.51798,-0.786768,7.97441
4.15367,-8.71894,3.0408,-12.6348,15.5979,1.51793,-0.785582,7.97441
4.15475,-8.72446,3.00585,-12.6342,15.6109,1.50927,-0.792506,7.97808
4.15571,-8.6125,3.08426,-12.531,15.648,1.50081,-0.800451,7.9816
4.15671,-8.73235,2.9697,-12.6358,15.6234,1.50076,-0.799262,7.9816
4.1577,-8.62286,3.01607,-12.5292,15.6745,1.48337,-0.814233,7.98881
4.15867,-8.63018,2.98018,-12.5302,15.6875,1.47462,-0.821104,7.99245
4.15971,-8.63498,2.94617,-12.5289,15.7012,1.46567,-0.828114,7.99607
4.16077,-8.64199,2.91085,-12.5295,15.7143,1.45691,-0.834968,7.99969
4.16164,-8.64887,2.8759,-12.5301,15.7274,1.44811,-0.841807,8.00321
4.16266,-8.65548,2.84122,-12.5304,15.7406,1.43931,-0.848635,8.00679
4.16405,-8.66203,2.80685,-12.5306,15.7538,1.4305,-0.855455,8.01028
4.16471,-8.66825,2.77277,-12.5305,15.7672,1.42168,-0.86227,8.01383
4.16569,-8.67441,2.73899,-12.5303,15.7806,1.41284,-0.86908,8.01729
4.16673,-8.68026,2.70549,-12.5299,15.794,1.404,-0.875887,8.02083
4.16772,-8.68606,2.67228,-12.5294,15.8076,1.39514,-0.882691,8.02427
4.16867,-8.57232,2.75503,-12.4246,15.8459,1.3863,-0.8907,8.02779
4.17028,-8.57782,2.72245,-12.4238,15.8596,1.37741,-0.897505,8.03121
4.17102,-8.58303,2.69012,-12.4228,15.8734,1.36851,-0.904311,8.03472
4.17202,-8.59067,2.6558,-12.4238,15.8868,1.35959,-0.911105,8.03814
4.17295,-8.59796,2.62179,-12.4246,15.9002,1.35065,-0.917892,8.04161
4.17377,-8.60524,2.58803,-12.4253,15.9137,1.34171,-0.924674,8.04498
4.17472,-8.61218,2.55456,-12.4257,15.9272,1.33277,-0.931453,8.04842
4.17573,-8.61903,2.52147,-12.4261,15.9409,1.32384,-0.938239,8.05176
4.17673,-8.6282,2.48919,-12.4271,15.9547,1.31057,-0.945059,8.05517
4.17778,-8.63999,2.45737,-12.4288,15.9684,1.29279,-0.951802,8.05847
4.17875,-8.65141,2.42591,-12.4303,15.9822,1.2749,-0.958554,8.06183
4.17971,-8.54393,2.51132,-12.3279,16.0207,1.25695,-0.966518,8.06512
4.18076,-8.55503,2.48051,-12.329,16.0346,1.23888,-0.973266,8.06835
4.18171,-8.56575,2.44998,-12.3297,16.0484,1.22074,-0.980014,8.07164
4.18279,-8.57844,2.4174,-12.3322,16.0619,1.20314,-0.986747,8.07484
4.18374,-8.59072,2.38515,-12.3344,16.0754,1.18545,-0.99347,8.07809
4.18478,-8.70925,2.26822,-12.4377,16.0506,1.18542,-0.992249,8.07809
4.18571,-8.61492,2.32218,-12.3382,16.1022,1.14963,-1.00676,8.08436
4.18674,-8.73335,2.20509,-12.4414,16.0774,1.1496,-1.00553,8.08436
4.18782,-8.74292,2.17595,-12.4409,16.0915,1.13104,-1.01224,8.08745
4.18867,-8.75438,2.1454,-12.4421,16.1049,1.11287,-1.01882,8.09057
4.18971,-8.76341,2.11683,-12.441,16.1192,1.09416,-1.02553,8.09365
4.19075,-8.77215,2.08844,-12.4397,16.1334,1.07542,-1.03225,8.09682
4.19166,-8.89038,1.97097,-12.5427,16.1087,1.0754,-1.03102,8.09682
4.19266,-8.78076,2.06032,-12.4381,16.1478,1.05662,-1.03897,8.09992
4.19371,-8.78929,2.03305,-12.4365,16.1619,1.03759,-1.04556,8.10304
4.19464,-8.79774,2.00596,-12.4347,16.176,1.01852,-1.05215,8.10608
4.19572,-8.91581,1.88825,-12.5376,16.1513,1.0185,-1.05092,8.10608
4.19667,-8.92387,1.86126,-12.5355,16.1655,0.9994,-1.05752,8.10922
4.19776,-8.93185,1.83446,-12.5333,16.1798,0.98026,-1.06412,8.11229
4.19874,-9.04982,1.71654,-12.636,16.155,0.980243,-1.06289,8.11229
4.19975,-9.05511,1.69158,-12.6313,16.1701,0.960608,-1.06965,8.11551
4.2007,-9.06065,1.66737,-12.6267,16.185,0.940796,-1.07629,8.11861
4.20171,-9.06352,1.64505,-12.6197,16.2008,0.920495,-1.0831,8.12189
4.20273,-9.06672,1.6234,-12.6129,16.2163,0.900049,-1.08979,8.12506
4.2037,-9.06967,1.60179,-12.6058,16.2319,0.879614,-1.09649,8.12836
4.20468,-9.18738,1.48344,-12.7083,16.2072,0.879601,-1.09525,8.12836
4.20569,-9.07262,1.58024,-12.5988,16.2476,0.859186,-1.10322,8.1316
4.20669,-9.07534,1.55873,-12.5916,16.2633,0.838775,-1.10997,8.13497
4.2078,-9.07565,1.53914,-12.5821,16.2799,0.817873,-1.11689,8.13835
4.20865,-9.19321,1.42056,-12.6844,16.2551,0.817863,-1.11565,8.13835
4.20967,-9.19571,1.39903,-12.677,16.271,0.797505,-1.12244,8.1418
4.21075,-9.19823,1.37757,-12.6696,16.2869,0.777139,-1.12925,8.14518
4.21182,-9.31568,1.2588,-12.7718,16.2621,0.777131,-1.128,8.14518
4.21269,-9.19844,1.33898,-12.6502,16.3202,0.735343,-1.14308,8.15219
4.21371,-9.19611,1.32185,-12.6382,16.3376,0.713912,-1.15012,8.15583
4.2147,-9.31341,1.20287,-12.7403,16.3128,0.713907,-1.14887,8.15583
4.21573,-9.31362,1.18372,-12.7307,16.3294,0.693039,-1.15578,8.15936
4.21667,-9.31364,1.16458,-12.7209,16.3461,0.67219,-1.1627,8.163
4.21768,-9.31127,1.14736,-12.7089,16.3636,0.650854,-1.16979,8.16665
4.21872,-9.31127,1.14736,-12.7089,16.3636,0.650854,-1.16979,8.16665
4.21971,-9.30877,1.13008,-12.6968,16.3812,0.629579,-1.17692,8.17043
4.22071,-9.30683,1.11326,-12.6852,16.3985,0.608213,-1.18392,8.17409
4.22169,-9.30426,1.09594,-12.673,16.4162,0.587009,-1.19108,8.17793
4.2227,-9.30231,1.07903,-12.6614,16.4336,0.565728,-1.19812,8.18165
4.22371,-9.30021,1.06206,-12.6497,16.451,0.544493,-1.20518,8.18547
4.22472,-9.4171,0.942482,-12.7513,16.4262,0.544496,-1.20392,8.18547
4.2257,-9.29613,1.02801,-12.6263,16.486,0.502144,-1.21935,8.1931
4.2267,-9.29163,1.0129,-12.6123,16.5044,0.4805,-1.22662,8.19698
4.22769,-9.40836,0.893122,-12.7138,16.4796,0.480505,-1.22536,8.19698
4.22873,-9.28753,0.97855,-12.589,16.5397,0.438425,-1.24089,8.20478
4.22975,-9.28511,0.960911,-12.5771,16.5577,0.417549,-1.24819,8.2087
4.23067,-9.28305,0.943677,-12.5654,16.5754,0.396595,-1.25536,8.21264
4.23166,-9.28305,0.943677,-12.5654,16.5754,0.396595,-1.25536,8.21264
4.23266,-9.16264,1.02928,-12.4411,16.6357,0.354766,-1.27098,8.22045
4.23372,-9.27908,0.909149,-12.5422,16.6109,0.354777,-1.26972,8.22045
4.23468,-9.16036,0.992006,-12.4196,16.6711,0.313825,-1.28551,8.22834
4.2357,-9.15801,0.974407,-12.4077,16.6893,0.293104,-1.29285,8.23226
4.23679,-9.27428,0.854082,-12.5088,16.6645,0.293118,-1.29158,8.23226
4.23787,-9.15824,0.935288,-12.3886,16.724,0.252784,-1.30722,8.24001
4.23868,-9.27442,0.814839,-12.4895,16.6993,0.2528,-1.30595,8.24001
4.23968,-9.15599,0.898265,-12.3671,16.7597,0.211999,-1.32174,8.24777
4.24062,-9.1535,0.880834,-12.3551,16.778,0.19135,-1.32908,8.25172
4.2419,-9.26952,0.760201,-12.4559,16.7532,0.191369,-1.32781,8.25172
4.24269,-9.15371,0.842069,-12.3359,16.8129,0.15116,-1.34344,8.25934
4.24368,-9.15139,0.824723,-12.324,16.8312,0.130554,-1.35077,8.26316
4.24474,-9.15139,0.824723,-12.324,16.8312,0.130554,-1.35077,8.26316
4.24578,-9.0358,0.907096,-12.2042,16.891,0.090412,-1.36638,8.2707
4.24684,-9.15157,0.786199,-12.3047,16.8662,0.0904358,-1.36511,8.2707
4.24783,-9.15113,0.766554,-12.2946,16.8841,0.0705102,-1.37241,8.27456
4.24871,-9.15326,0.74503,-12.2869,16.9012,0.0511013,-1.37955,8.27824
4.24993,-9.15276,0.725562,-12.2768,16.9191,0.0311592,-1.38683,8.28204
4.25078,-9.15245,0.706135,-12.2668,16.937,0.0112379,-1.39411,8.28574
4.25174,-9.15196,0.686826,-12.2566,16.9549,-0.00869231,-1.40138,8.28951
4.25281,-9.15159,0.667603,-12.2465,16.9728,-0.028626,-1.40864,8.29317
4.25373,-9.15109,0.648446,-12.2363,16.9908,-0.0485535,-1.41589,8.29691
4.25471,-9.15072,0.629373,-12.2262,17.0087,-0.0684834,-1.42313,8.30054
4.25577,-9.03493,0.731774,-12.116,17.0514,-0.0884389,-1.43165,8.30424
4.25669,-9.0346,0.712902,-12.1059,17.0693,-0.108364,-1.43887,8.30784
4.25769,-9.03415,0.694091,-12.0957,17.0873,-0.128281,-1.44608,8.31151
4.25874,-9.03584,0.672955,-12.0876,17.1048,-0.14756,-1.45328,8.31508
4.2597,-9.03735,0.651913,-12.0793,17.1223,-0.166855,-1.46045,8.3187
4.26074,-9.03901,0.630946,-12.0711,17.1397,-0.186151,-1.4676,8.32221
4.26174,-9.04051,0.610101,-12.0628,17.1572,-0.20546,-1.47473,8.32576
4.26279,-9.04211,0.589394,-12.0545,17.1747,-0.224789,-1.48185,8.32921
4.26372,-9.04354,0.568804,-12.0461,17.1922,-0.244129,-1.48895,8.33271
4.26468,-9.04506,0.548348,-12.0377,17.2097,-0.263487,-1.49603,8.3361
4.26567,-9.04641,0.528001,-12.0292,17.2272,-0.282852,-1.5031,8.33955
4.26669,-9.04771,0.507781,-12.0206,17.2447,-0.301981,-1.51016,8.3429
4.26767,-8.93404,0.610107,-11.9127,17.2866,-0.320387,-1.51836,8.34624
4.26888,-8.93488,0.590094,-11.904,17.3041,-0.33881,-1.52539,8.34955
4.2697,-9.04948,0.468032,-12.0033,17.2795,-0.338763,-1.52409,8.34955
4.27076,-8.94047,0.545995,-11.8904,17.338,-0.374274,-1.53924,8.35615
4.2717,-8.94297,0.523887,-11.8834,17.3551,-0.391706,-1.54621,8.35937
4.27266,-8.94265,0.503819,-11.8739,17.373,-0.409183,-1.55331,8.36272
4.27363,-8.94478,0.482399,-11.8669,17.3898,-0.425627,-1.56011,8.36583
4.27474,-8.94654,0.461087,-11.8596,17.4066,-0.441817,-1.56688,8.36901
4.27568,-8.94821,0.439885,-11.8523,17.4235,-0.457751,-1.57364,8.37208
4.27669,-8.94956,0.418784,-11.8449,17.4404,-0.47343,-1.58039,8.37521
4.27804,-8.94956,0.418784,-11.8449,17.4404,-0.47343,-1.58039,8.37521
4.27873,-8.95083,0.3978,-11.8374,17.4573,-0.488875,-1.58712,8.37824
4.27977,-8.95179,0.376913,-11.8297,17.4743,-0.504087,-1.59385,8.38134
4.28084,-8.9526,0.355691,-11.8218,17.4917,-0.519399,-1.6007,8.3844
4.28223,-8.95311,0.334591,-11.8138,17.509,-0.534476,-1.60754,8.38752
4.28316,-8.95358,0.313612,-11.8057,17.5264,-0.549344,-1.61437,8.39055
4.28408,-8.95378,0.292746,-11.7975,17.5439,-0.563995,-1.6212,8.39365
4.28534,-9.06763,0.17003,-11.8962,17.5193,-0.563934,-1.61989,8.39365
4.28597,-8.95376,0.250957,-11.7808,17.5792,-0.59299,-1.63494,8.39979
4.28672,-8.95355,0.230015,-11.7723,17.597,-0.607348,-1.64187,8.40282
4.2877,-8.95073,0.211616,-11.7616,17.6154,-0.621504,-1.6488,8.40593
4.28869,-8.95046,0.191324,-11.7533,17.6329,-0.635179,-1.65557,8.40889
4.28971,-8.83635,0.29415,-11.6464,17.675,-0.648772,-1.66364,8.41193
4.2909,-8.83591,0.274131,-11.638,17.6926,-0.662134,-1.67038,8.41487
4.29175,-8.83524,0.254211,-11.6295,17.7102,-0.675337,-1.67712,8.41788
4.29271,-8.83696,0.231992,-11.623,17.7273,-0.688397,-1.68384,8.4208
4.29411,-8.95033,0.108918,-11.7212,17.7029,-0.688326,-1.68252,8.4208
4.29483,-8.83989,0.187988,-11.6098,17.7617,-0.714085,-1.69721,8.42663
4.29585,-8.84111,0.166193,-11.603,17.7789,-0.726707,-1.70388,8.42955
4.29685,-8.83987,0.146511,-11.5941,17.797,-0.73946,-1.71068,8.43242
4.2978,-8.84097,0.125454,-11.5874,17.8139,-0.751539,-1.71719,8.43525
4.29891,-8.84097,0.125454,-11.5874,17.8139,-0.751539,-1.71719,8.43525
4.29981,-8.84267,0.0829033,-11.5735,17.8486,-0.775908,-1.73044,8.44088
4.30078,-8.84267,0.0829033,-11.5735,17.8486,-0.775908,-1.73044,8.44088
4.30262,-8.73118,0.16475,-11.4617,17.9074,-0.799641,-1.74483,8.44638
4.30291,-8.73118,0.16475,-11.4617,17.9074,-0.799641,-1.74483,8.44638
4.30376,-8.8446,0.0205423,-11.5523,17.9004,-0.811361,-1.7501,8.44909
4.30476,-8.8448,-0.000563216,-11.5448,17.9183,-0.823293,-1.75681,8.45193
4.30579,-8.84748,-0.0234785,-11.5396,17.9353,-0.834878,-1.76337,8.45461
4.30682,-8.84754,-0.0437902,-11.5321,17.9528,-0.846375,-1.76992,8.45734
4.30777,-8.84768,-0.0640142,-11.5247,17.9704,-0.857759,-1.77646,8.45998
4.30887,-8.84756,-0.0840494,-11.5171,17.988,-0.869054,-1.783,8.46269
4.30985,-8.84747,-0.103946,-11.5095,18.0056,-0.880272,-1.78952,8.4653
4.31141,-8.84717,-0.123722,-11.5018,18.0233,-0.891405,-1.79604,8.46799
4.31197,-8.73453,-0.0196512,-11.3969,18.0653,-0.902558,-1.80388,8.47059
4.31278,-8.73413,-0.0391457,-11.3892,18.083,-0.913543,-1.81039,8.47326
4.31382,-8.84647,-0.16289,-11.4864,18.0587,-0.91345,-1.80906,8.47326
4.31472,-8.73558,-0.0801922,-11.3757,18.1181,-0.935305,-1.82337,8.47849
4.31577,-8.73732,-0.101684,-11.3698,18.1354,-0.946089,-1.82983,8.48108
4.31675,-8.73658,-0.121045,-11.3617,18.1536,-0.95702,-1.83643,8.48365
4.31808,-8.73814,-0.142297,-11.3558,18.171,-0.967632,-1.84288,8.48625
4.31888,-8.73964,-0.163312,-11.3497,18.1884,-0.978204,-1.84932,8.48874
4.31995,-8.74097,-0.184217,-11.3436,18.2058,-0.988696,-1.85573,8.49129
4.32075,-8.7423,-0.204943,-11.3374,18.2232,-0.999126,-1.86214,8.49374
4.32185,-8.74341,-0.225514,-11.3311,18.2407,-1.00949,-1.86854,8.49626
4.3228,-8.74454,-0.245912,-11.3248,18.2582,-1.0198,-1.87492,8.49867
4.32372,-8.6337,-0.142095,-11.2217,18.3,-1.03015,-1.88263,8.50115
4.32494,-8.63468,-0.162148,-11.2153,18.3175,-1.04035,-1.889,8.50354
4.32588,-8.63544,-0.182055,-11.2088,18.3351,-1.05049,-1.89536,8.50599
4.32676,-8.63856,-0.204239,-11.2042,18.3523,-1.06058,-1.90169,8.50835
4.32772,-8.64141,-0.226214,-11.1995,18.3694,-1.07062,-1.908,8.51075
4.32869,-8.6443,-0.248037,-11.1948,18.3866,-1.08061,-1.9143,8.51305
4.3297,-8.64693,-0.269662,-11.1898,18.4038,-1.09053,-1.92059,8.51541
4.33071,-8.64955,-0.291076,-11.1849,18.4211,-1.1004,-1.92686,8.51766
4.33183,-8.65191,-0.3123,-11.1798,18.4383,-1.11022,-1.93311,8.51997
4.33264,-8.543,-0.209029,-11.0785,18.4797,-1.1201,-1.94069,8.52217
4.33377,-8.54516,-0.229842,-11.0732,18.497,-1.12983,-1.94692,8.52444
4.33508,-8.54972,-0.252451,-11.07,18.5135,-1.1393,-1.953,8.52657
4.33613,-8.5539,-0.275291,-11.0665,18.5304,-1.14895,-1.95917,8.52879
4.33699,-8.55808,-0.297927,-11.0629,18.5473,-1.15854,-1.96534,8.5309
4.33778,-8.56197,-0.320344,-11.0592,18.5643,-1.16807,-1.97149,8.53306
4.33874,-8.56583,-0.342517,-11.0554,18.5812,-1.17756,-1.97762,8.53512
4.34002,-8.5694,-0.364468,-11.0513,18.5982,-1.187,-1.98373,8.53723
4.34088,-8.57293,-0.386184,-11.0472,18.6152,-1.19639,-1.98983,8.53924
4.34186,-8.57619,-0.407687,-11.043,18.6323,-1.20574,-1.99592,8.54132
4.34277,-8.57943,-0.428962,-11.0386,18.6494,-1.21506,-2.00199,8.54329
4.34368,-8.47174,-0.325504,-10.9385,18.6904,-1.22446,-2.00939,8.54534
4.34471,-8.47474,-0.346335,-10.934,18.7076,-1.23371,-2.01544,8.54728
4.34571,-8.47986,-0.368967,-10.9314,18.7239,-1.24272,-2.02133,8.54926
4.3467,-8.48484,-0.391795,-10.9286,18.7406,-1.25191,-2.02733,8.55117
4.3477,-8.4896,-0.413937,-10.9257,18.757,-1.26086,-2.03319,8.55309
4.34868,-8.60003,-0.538539,-11.0211,18.7332,-1.26072,-2.03185,8.55309
4.3497,-8.49872,-0.457544,-10.9195,18.79,-1.27866,-2.04487,8.55679
4.35071,-8.50073,-0.477026,-10.9142,18.8073,-1.28771,-2.05082,8.55861
4.35172,-8.50485,-0.498326,-10.9107,18.8239,-1.29653,-2.05664,8.56047
4.35274,-8.50892,-0.519384,-10.9072,18.8406,-1.30536,-2.06244,8.56224
4.35373,-8.5127,-0.540249,-10.9035,18.8573,-1.31415,-2.06823,8.56408
4.35469,-8.51646,-0.560891,-10.8997,18.874,-1.32292,-2.07401,8.56582
4.35567,-8.51992,-0.581329,-10.8957,18.8907,-1.33167,-2.07978,8.56763
4.3567,-8.41342,-0.476793,-10.7967,18.9313,-1.34055,-2.0869,8.56935
4.35772,-8.41661,-0.496772,-10.7925,18.9481,-1.34926,-2.09266,8.57115
4.35871,-8.42206,-0.518966,-10.7901,18.9645,-1.35796,-2.0984,8.57286
4.35972,-8.42713,-0.540796,-10.7875,18.9808,-1.36667,-2.10413,8.57463
4.36068,-8.53689,-0.665586,-10.8823,18.9571,-1.36652,-2.10279,8.57463
4.36169,-8.43634,-0.582126,-10.7809,19.0116,-1.38545,-2.11536,8.57792
4.36273,-8.43875,-0.603338,-10.7763,19.0382,-1.39407,-2.1205,8.57957
4.36366,-8.54836,-0.728164,-10.8709,19.0145,-1.39392,-2.11915,8.57957
4.3648,-8.44689,-0.646614,-10.7706,19.0943,-1.41035,-2.13269,8.58298
4.36573,-8.44818,-0.665615,-10.7654,19.1238,-1.41867,-2.13913,8.5848
4.36675,-8.4495,-0.684665,-10.7601,19.1534,-1.42713,-2.14584,8.58652
4.36771,-8.34353,-0.580097,-10.6624,19.206,-1.43536,-2.15378,8.58834
4.36875,-8.34695,-0.599989,-10.6591,19.2353,-1.44345,-2.16048,8.59002
4.36974,-8.45623,-0.724886,-10.7534,19.2117,-1.44329,-2.15913,8.59002
4.37073,-8.35764,-0.643522,-10.6559,19.2925,-1.45951,-2.17422,8.59349
4.37176,-8.36027,-0.662742,-10.6519,19.3225,-1.46764,-2.18141,8.59532
4.37268,-8.46938,-0.787665,-10.7461,19.2989,-1.46748,-2.18005,8.59532
4.37424,-8.36985,-0.704102,-10.6479,19.3812,-1.4834,-2.1958,8.59875
4.37472,-8.37213,-0.722204,-10.6437,19.4119,-1.49139,-2.2033,8.60041
4.37568,-8.37404,-0.740399,-10.6391,19.4427,-1.49948,-2.21106,8.60226
4.37667,-8.48293,-0.86535,-10.7331,19.4193,-1.49931,-2.20971,8.60226
4.37769,-8.38232,-0.779079,-10.6342,19.5033,-1.51485,-2.22624,8.60568
4.37875,-8.38397,-0.795842,-10.6296,19.5349,-1.52266,-2.23413,8.60734
4.37968,-8.27893,-0.6894,-10.533,19.5892,-1.5304,-2.2433,8.60913
4.38072,-8.28266,-0.707582,-10.5303,19.6202,-1.53797,-2.2512,8.61076
4.3817,-8.39128,-0.832573,-10.624,19.5969,-1.53779,-2.24984,8.61076
4.38277,-8.39686,-0.852865,-10.6228,19.6271,-1.54532,-2.2578,8.61253
4.38381,-8.29691,-0.765403,-10.5247,19.7124,-1.56057,-2.27543,8.6159
4.38487,-8.40536,-0.890405,-10.6182,19.6891,-1.56039,-2.27407,8.6159
4.38568,-8.40832,-0.907675,-10.6148,19.7209,-1.56792,-2.2824,8.61752
4.38666,-8.30747,-0.818219,-10.5161,19.8075,-1.58291,-2.30042,8.62086
4.38771,-8.41576,-0.943228,-10.6095,19.7842,-1.58273,-2.29906,8.62086
4.38877,-8.41801,-0.959551,-10.6056,19.8167,-1.59013,-2.30757,8.62261
4.39012,-8.31637,-0.868249,-10.5063,19.9043,-1.6049,-2.32594,8.62593
4.39084,-8.42449,-0.993262,-10.5995,19.8811,-1.60471,-2.32458,8.62593
4.39168,-8.31843,-0.883656,-10.5022,19.9373,-1.61221,-2.33463,8.62753
4.39273,-8.21618,-0.790602,-10.4025,20.026,-1.62679,-2.35333,8.63085
4.39381,-8.32415,-0.915633,-10.4956,20.0028,-1.6266,-2.35197,8.63085
4.39494,-8.32783,-0.93258,-10.493,20.0353,-1.63383,-2.36079,8.63259
4.39586,-8.33379,-0.951359,-10.4924,20.0669,-1.64087,-2.36946,8.63422
4.39665,-8.33731,-0.967694,-10.4897,20.0997,-1.64805,-2.37834,8.63579
4.39773,-8.34055,-0.983803,-10.4868,20.1326,-1.65515,-2.38726,8.63749
4.39882,-8.44828,-1.10881,-10.5796,20.1095,-1.65496,-2.3859,8.63749
4.39967,-8.34661,-1.01502,-10.4806,20.1991,-1.66928,-2.40521,8.64073
4.40085,-8.24183,-0.905411,-10.3845,20.2556,-1.67669,-2.41577,8.64232
4.40175,-8.24218,-0.918272,-10.3791,20.2902,-1.68376,-2.42503,8.64402
4.40281,-8.2449,-0.932977,-10.3758,20.324,-1.69068,-2.43413,8.64559
4.40371,-8.24947,-0.949678,-10.3741,20.3569,-1.69765,-2.44323,8.64727
4.40476,-8.25411,-0.966179,-10.3725,20.3899,-1.70454,-2.45235,8.64882
4.40576,-8.25847,-0.982456,-10.3706,20.4231,-1.71134,-2.46149,8.65046
4.40699,-8.26277,-0.99836,-10.3687,20.4566,-1.71803,-2.47073,8.65199
4.40781,-8.26675,-1.01366,-10.3666,20.4897,-1.72486,-2.48011,8.6536
4.4088,-8.27073,-1.02884,-10.3642,20.5217,-1.73183,-2.48916,8.65507
4.40967,-8.27444,-1.04374,-10.3617,20.5532,-1.73875,-2.49822,8.65663
4.41075,-8.27815,-1.05836,-10.3592,20.5842,-1.74564,-2.50726,8.65809
4.41171,-8.28161,-1.07273,-10.3564,20.6149,-1.75249,-2.5163,8.65963
4.41283,-8.17814,-0.96187,-10.2614,20.6679,-1.75954,-2.52667,8.66107
4.41374,-8.18141,-0.975759,-10.2585,20.6977,-1.76635,-2.53565,8.66258
4.41473,-8.18467,-0.989411,-10.2555,20.7272,-1.77315,-2.54459,8.66401
4.41577,-8.18992,-1.00532,-10.2542,20.7558,-1.77994,-2.55346,8.6655
4.41677,-8.19512,-1.02093,-10.2528,20.784,-1.78672,-2.56228,8.66689
4.41778,-8.20009,-1.03636,-10.2512,20.8119,-1.79349,-2.57103,8.66834
4.4187,-8.205,-1.05152,-10.2495,20.8395,-1.80024,-2.57972,8.66968
4.41972,-8.10771,-0.956194,-10.1539,20.9164,-1.81396,-2.59824,8.67238
4.42075,-8.21421,-1.08111,-10.2456,20.8937,-1.81374,-2.59687,8.67238
4.42172,-8.21846,-1.09591,-10.2433,20.9209,-1.82061,-2.60552,8.67377
4.42279,-8.12259,-1.00133,-10.1488,20.9951,-1.83418,-2.62339,8.67633
4.42385,-8.22893,-1.12621,-10.2404,20.9725,-1.83395,-2.62202,8.67633
4.42473,-8.12654,-1.01547,-10.1462,21.0215,-1.84106,-2.63179,8.67759
4.42582,-8.13251,-1.03117,-10.1453,21.0462,-1.84765,-2.63976,8.67886
4.42677,-8.13834,-1.04696,-10.1443,21.0712,-1.8544,-2.64781,8.68005
4.42774,-8.14391,-1.06255,-10.143,21.0959,-1.86114,-2.65577,8.68129
4.42878,-8.1494,-1.0779,-10.1417,21.1205,-1.86789,-2.66365,8.68244
4.4298,-8.15459,-1.09303,-10.1401,21.1448,-1.87463,-2.67144,8.68364
4.43078,-8.15967,-1.10828,-10.1383,21.1695,-1.88151,-2.67932,8.68478
4.43174,-8.1645,-1.12294,-10.1363,21.1935,-1.88825,-2.68695,8.68595
4.4329,-8.16927,-1.13741,-10.1343,21.2173,-1.895,-2.6945,8.68703
4.4338,-8.17375,-1.15167,-10.132,21.2409,-1.90175,-2.70198,8.68818
4.43489,-8.17818,-1.16573,-10.1296,21.2644,-1.90851,-2.70937,8.68924
4.43578,-8.18232,-1.17961,-10.127,21.2878,-1.91528,-2.71668,8.69037
4.43676,-8.18643,-1.19329,-10.1243,21.311,-1.92205,-2.72392,8.69141
4.43791,-8.08467,-1.08211,-10.0304,21.3564,-1.92909,-2.73246,8.69253
4.43873,-8.08852,-1.09546,-10.0275,21.3794,-1.93588,-2.73956,8.69356
4.43976,-8.0921,-1.10865,-10.0243,21.4022,-1.94269,-2.74658,8.69467
4.4408,-8.09785,-1.12414,-10.023,21.4245,-1.94951,-2.75352,8.69569
4.44173,-8.10329,-1.1394,-10.0214,21.4467,-1.95633,-2.76039,8.69677
4.44275,-8.10872,-1.1545,-10.0198,21.4687,-1.96316,-2.76718,8.69776
4.44372,-8.11384,-1.16939,-10.0179,21.4907,-1.96998,-2.7739,8.69881
4.44477,-8.11889,-1.18407,-10.0159,21.5125,-1.97681,-2.78055,8.69976
4.44569,-8.12364,-1.19855,-10.0136,21.5343,-1.98363,-2.78714,8.70079
4.44681,-8.12834,-1.21282,-10.0113,21.5559,-1.99046,-2.79366,8.70172
4.44776,-8.13274,-1.2269,-10.0088,21.5775,-1.99729,-2.80011,8.70273
4.44879,-8.13709,-1.24079,-10.0061,21.5991,-2.00412,-2.8065,8.70364
4.44984,-8.03621,-1.13001,-9.9129,21.6426,-2.01123,-2.8142,8.70464
4.45078,-8.04029,-1.14355,-9.91002,21.664,-2.01807,-2.82048,8.70554
4.45172,-8.0441,-1.15693,-9.90689,21.6853,-2.02492,-2.8267,8.70653
4.45282,-8.05005,-1.17259,-9.9056,21.706,-2.03178,-2.83284,8.70743
4.4538,-8.0557,-1.18802,-9.90404,21.7268,-2.03864,-2.83893,8.70839
4.4547,-8.06126,-1.20328,-9.90239,21.7474,-2.04549,-2.84495,8.70929
4.45573,-8.16594,-1.32765,-9.99249,21.7254,-2.04522,-2.84358,8.70929
4.45697,-8.0718,-1.23313,-9.89856,21.7885,-2.05918,-2.85683,8.71105
4.45778,-8.17638,-1.35745,-9.98857,21.7666,-2.0589,-2.85546,8.71105
4.45872,-8.18133,-1.37237,-9.98633,21.7875,-2.06588,-2.86144,8.7119
4.45978,-7.97965,-1.15027,-9.79979,21.8729,-2.08023,-2.87589,8.71364
4.46074,-8.08407,-1.27455,-9.88966,21.8511,-2.07995,-2.87452,8.71364
4.46178,-8.08624,-1.2864,-9.88501,21.8723,-2.08693,-2.88037,8.71455
4.46274,-7.98831,-1.18758,-9.78774,21.9355,-2.10102,-2.89318,8.71632
4.46365,-8.09258,-1.31178,-9.87747,21.9137,-2.10073,-2.89182,8.71632
4.46475,-8.09671,-1.32527,-9.87452,21.9339,-2.10759,-2.8974,8.71715
4.46569,-8.00259,-1.2298,-9.78053,21.9951,-2.12143,-2.90965,8.71884
4.46671,-8.10669,-1.35392,-9.87012,21.9734,-2.12114,-2.90829,8.71884
4.46771,-8.11029,-1.36694,-9.8667,21.9935,-2.12797,-2.91373,8.71972
4.46866,-8.11606,-1.38187,-9.86517,22.0127,-2.13467,-2.91901,8.7205
4.46973,-8.11925,-1.39444,-9.86138,22.0328,-2.14152,-2.92436,8.72136
4.47069,-8.01858,-1.2829,-9.76822,22.0745,-2.14865,-2.93105,8.72215
4.47172,-8.02448,-1.30728,-9.76021,22.1146,-2.16234,-2.94159,8.7238
4.47267,-8.02448,-1.30728,-9.76021,22.1146,-2.16234,-2.94159,8.7238
4.47372,-8.02935,-1.32169,-9.75784,22.1342,-2.16918,-2.9468,8.72467
4.4747,-8.03425,-1.3356,-9.75553,22.1533,-2.1759,-2.95185,8.72543
4.47566,-8.03881,-1.34966,-9.75289,22.1728,-2.18275,-2.95697,8.72627
4.47671,-8.04332,-1.36348,-9.75019,22.1923,-2.18958,-2.96206,8.72703
4.4777,-7.94822,-1.26677,-9.65523,22.2528,-2.20354,-2.97349,8.72859
4.47867,-8.0517,-1.39055,-9.74425,22.2313,-2.20324,-2.97213,8.72859
4.48034,-7.95217,-1.28004,-9.65204,22.2722,-2.21036,-2.97848,8.7294
4.48104,-7.85855,-1.18435,-9.55838,22.3316,-2.22415,-2.98958,8.7309
4.48171,-7.96188,-1.30808,-9.64726,22.3102,-2.22384,-2.98822,8.7309
4.48274,-7.96539,-1.32108,-9.64366,22.33,-2.23077,-2.9932,8.73162
4.48373,-7.97308,-1.33813,-9.64372,22.3482,-2.2374,-2.99792,8.73238
4.48468,-7.9784,-1.35273,-9.64168,22.3671,-2.2442,-3.00271,8.73305
4.4857,-8.08156,-1.4763,-9.73042,22.3458,-2.24389,-3.00134,8.73305
4.4867,-7.9885,-1.38139,-9.63718,22.405,-2.25769,-3.01219,8.73443
4.48781,-7.99319,-1.39535,-9.63462,22.4239,-2.26442,-3.01688,8.73515
4.48876,-7.99561,-1.40696,-9.63006,22.4436,-2.27128,-3.02166,8.73579
4.4897,-7.89709,-1.29709,-9.53874,22.4837,-2.2783,-3.02767,8.73651
4.49071,-7.90144,-1.31041,-9.53587,22.5026,-2.28501,-3.03228,8.73714
4.49181,-7.90555,-1.32359,-9.53281,22.5214,-2.29171,-3.03686,8.73785
4.4927,-7.91177,-1.339,-9.53155,22.5399,-2.2984,-3.0414,8.73847
4.49371,-7.91767,-1.35414,-9.53003,22.5583,-2.30508,-3.04591,8.73916
4.4947,-7.82648,-1.26051,-9.43839,22.6161,-2.3187,-3.05618,8.7404
4.49582,-7.92908,-1.38377,-9.52663,22.5951,-2.31837,-3.05482,8.7404
4.49673,-7.93454,-1.3982,-9.52472,22.6135,-2.32499,-3.05923,8.74095
4.49839,-7.94189,-1.41449,-9.52448,22.6311,-2.33146,-3.0635,8.74156
4.49867,-7.94693,-1.42838,-9.52219,22.6495,-2.33806,-3.06784,8.74208
4.49973,-7.95171,-1.44209,-9.51971,22.6679,-2.34463,-3.07216,8.74268
4.50072,-7.95637,-1.45551,-9.51711,22.6863,-2.3512,-3.07645,8.74319
4.50163,-7.96075,-1.46871,-9.51428,22.7048,-2.35775,-3.08072,8.74377
4.50279,-7.86283,-1.35872,-9.42347,22.7441,-2.36463,-3.08633,8.74428
4.50404,-7.86693,-1.37152,-9.4204,22.7625,-2.37117,-3.09056,8.74486
4.50488,-7.87097,-1.38411,-9.41728,22.7809,-2.3777,-3.09476,8.74537
4.50581,-7.87689,-1.39893,-9.41577,22.799,-2.38422,-3.09892,8.74595
4.5068,-7.88266,-1.41348,-9.41413,22.817,-2.39073,-3.10306,8.74648
4.50771,-7.88834,-1.42782,-9.41241,22.835,-2.39723,-3.10717,8.74695
4.50875,-7.89371,-1.44191,-9.41044,22.853,-2.40371,-3.11125,8.7475
4.50973,-7.899,-1.45575,-9.40839,22.8711,-2.41017,-3.11531,8.74795
4.51071,-7.904,-1.46934,-9.40609,22.8891,-2.41661,-3.11935,8.74848
4.51173,-7.90892,-1.48268,-9.40373,22.9072,-2.42305,-3.12336,8.74892
4.51273,-7.91355,-1.49579,-9.40112,22.9252,-2.42947,-3.12735,8.74944
4.51387,-7.91811,-1.50866,-9.39846,22.9433,-2.43588,-3.13133,8.74987
4.51485,-7.82077,-1.39882,-9.30818,22.982,-2.44263,-3.13664,8.75038
4.5161,-7.82505,-1.41129,-9.30527,23.0001,-2.44902,-3.14057,8.75081
4.51686,-7.82905,-1.42355,-9.30214,23.0182,-2.45541,-3.14448,8.75132
4.51807,-7.83514,-1.43801,-9.30079,23.0359,-2.46178,-3.14836,8.75175
4.51879,-7.93662,-1.56035,-9.38804,23.0154,-2.46142,-3.147,8.75175
4.51986,-7.84665,-1.46618,-9.29752,23.0713,-2.47449,-3.15604,8.75264
4.52111,-7.85207,-1.4799,-9.29562,23.089,-2.48081,-3.15985,8.75311
4.52192,-7.85525,-1.49125,-9.29174,23.1075,-2.48726,-3.16373,8.7535
4.52296,-7.86035,-1.50451,-9.28956,23.1252,-2.49354,-3.1675,8.75397
4.52368,-7.76414,-1.39535,-9.20028,23.1633,-2.5002,-3.17262,8.75435
4.52474,-7.76892,-1.40816,-9.19784,23.1811,-2.50647,-3.17635,8.75481
4.52578,-7.87005,-1.53022,-9.28478,23.1608,-2.5061,-3.17499,8.75481
4.52679,-7.78019,-1.43549,-9.19441,23.2162,-2.51897,-3.18374,8.75563
4.52783,-7.78664,-1.44995,-9.19338,23.2335,-2.52521,-3.18739,8.75597
4.52869,-7.88762,-1.57185,-9.28019,23.2133,-2.52484,-3.18603,8.75597
4.52969,-7.79676,-1.47605,-9.18895,23.269,-2.53774,-3.19473,8.75673
4.53075,-7.80252,-1.48972,-9.18736,23.2864,-2.54392,-3.19832,8.75713
4.53246,-7.80604,-1.50103,-9.18382,23.3046,-2.55021,-3.20198,8.75745
4.53336,-7.80604,-1.50103,-9.18382,23.3046,-2.55021,-3.20198,8.75745
4.53458,-7.81684,-1.52719,-9.18003,23.3395,-2.56249,-3.20908,8.75815
4.53555,-7.81684,-1.52719,-9.18003,23.3395,-2.56249,-3.20908,8.75815
4.53672,-7.82689,-1.55267,-9.17557,23.3748,-2.57484,-3.21617,8.75884
4.53753,-7.82689,-1.55267,-9.17557,23.3748,-2.57484,-3.21617,8.75884
4.53842,-7.83621,-1.57714,-9.17051,23.4101,-2.58713,-3.22319,8.7595
4.53932,-7.83621,-1.57714,-9.17051,23.4101,-2.58713,-3.22319,8.7595
4.54015,-7.64396,-1.35848,-8.99215,23.4859,-2.60037,-3.23301,8.76018
4.5414,-7.74847,-1.49116,-9.07548,23.4836,-2.60601,-3.23508,8.76054
4.54244,-7.74847,-1.49116,-9.07548,23.4836,-2.60601,-3.23508,8.76054
4.54339,-7.76046,-1.51815,-9.07275,23.5181,-2.61815,-3.24191,8.7612
4.54422,-7.76046,-1.51815,-9.07275,23.5181,-2.61815,-3.24191,8.7612
4.54531,-7.77171,-1.54407,-9.06939,23.5527,-2.63024,-3.24865,8.76179
4.5457,-7.87185,-1.6651,-9.15547,23.533,-2.62985,-3.2473,8.76179
4.54667,-7.78222,-1.56894,-9.06543,23.5874,-2.64223,-3.25531,8.76234
4.54768,-7.78518,-1.57843,-9.06149,23.605,-2.64815,-3.2586,8.76257
4.54867,-7.88518,-1.69928,-9.14744,23.5853,-2.64776,-3.25725,8.76257
4.54965,-7.79485,-1.60107,-9.0569,23.6388,-2.65972,-3.26496,8.7631
4.55073,-7.69735,-1.48918,-8.96663,23.676,-2.66603,-3.26955,8.76341
4.55167,-7.7972,-1.60993,-9.05245,23.6565,-2.66563,-3.2682,8.76341
4.55269,-7.70826,-1.51314,-8.96312,23.7096,-2.67759,-3.27581,8.76396
4.55376,-7.71235,-1.52379,-8.96016,23.727,-2.6835,-3.27898,8.76418
4.55474,-7.81206,-1.64436,-9.04585,23.7075,-2.6831,-3.27763,8.76418
4.5557,-7.72426,-1.54872,-8.95751,23.7604,-2.69501,-3.28513,8.76467
4.55671,-7.72773,-1.55869,-8.95403,23.7779,-2.70088,-3.28826,8.76495
4.55765,-7.82729,-1.67907,-9.03959,23.7584,-2.70047,-3.28691,8.76495
4.55868,-7.73855,-1.58218,-8.95046,23.8114,-2.71233,-3.29431,8.76541
4.5597,-7.74154,-1.59144,-8.94657,23.829,-2.71818,-3.29739,8.76563
4.56061,-7.74659,-1.60263,-8.94449,23.8459,-2.72387,-3.30039,8.76582
4.56168,-7.75134,-1.61357,-8.94215,23.8628,-2.72958,-3.30337,8.76608
4.56267,-7.65676,-1.50422,-8.85444,23.899,-2.7357,-3.30768,8.76625
4.56367,-7.66123,-1.51479,-8.85186,23.9159,-2.74139,-3.31064,8.7665
4.56468,-7.66771,-1.5275,-8.85101,23.9325,-2.74707,-3.31356,8.76667
4.56571,-7.67387,-1.53994,-8.84989,23.9491,-2.75274,-3.31646,8.7669
4.56668,-7.67994,-1.55211,-8.84869,23.9657,-2.75839,-3.31935,8.76704
4.56777,-7.77903,-1.67192,-8.93384,23.9465,-2.75797,-3.31801,8.76704
4.56868,-7.69137,-1.57563,-8.8457,23.999,-2.76965,-3.32507,8.76735
4.56969,-7.69461,-1.5849,-8.84207,24.0164,-2.77538,-3.32799,8.76754
4.57068,-7.69995,-1.59606,-8.84026,24.0332,-2.78096,-3.33082,8.76766
4.57174,-7.70499,-1.60696,-8.8382,24.0499,-2.78655,-3.33364,8.76784
4.57271,-7.70996,-1.61763,-8.83608,24.0667,-2.79214,-3.33645,8.76795
4.57377,-7.70996,-1.61763,-8.83608,24.0667,-2.79214,-3.33645,8.76795
4.57469,-7.62057,-1.51889,-8.74649,24.1193,-2.80369,-3.34336,8.76822
4.57567,-7.62489,-1.52916,-8.74381,24.1365,-2.80936,-3.34618,8.7684
4.5767,-7.6313,-1.54131,-8.74294,24.1529,-2.81489,-3.34893,8.76849
4.5777,-7.6374,-1.55318,-8.74181,24.1694,-2.82041,-3.35165,8.76865
4.5787,-7.64341,-1.56477,-8.74061,24.1859,-2.82592,-3.35435,8.76872
4.57967,-7.64911,-1.5761,-8.73915,24.2025,-2.83141,-3.35704,8.76885
4.58074,-7.65472,-1.58715,-8.73761,24.219,-2.83688,-3.35972,8.7689
4.58173,-7.66004,-1.59794,-8.73583,24.2356,-2.84234,-3.36238,8.76902
4.58272,-7.66528,-1.60847,-8.73398,24.2522,-2.84778,-3.36502,8.76905
4.58376,-7.67022,-1.61875,-8.73189,24.2689,-2.85322,-3.36766,8.76916
4.58472,-7.57686,-1.51006,-8.64532,24.3042,-2.85908,-3.37161,8.76919
4.58596,-7.6751,-1.62878,-8.72974,24.2855,-2.85864,-3.37028,8.76919
4.58701,-7.58814,-1.5319,-8.64235,24.3371,-2.86989,-3.3768,8.76932
4.58772,-7.59439,-1.54382,-8.64137,24.3538,-2.87539,-3.37942,8.76941
4.58871,-7.69249,-1.66232,-8.72567,24.3353,-2.87495,-3.37808,8.76941
4.58977,-7.60445,-1.5645,-8.63734,24.3875,-2.88631,-3.38464,8.76949
4.59074,-7.6082,-1.57323,-8.63422,24.4046,-2.89177,-3.38723,8.76949
4.5917,-7.70617,-1.69152,-8.7184,24.3861,-2.89132,-3.3859,8.76949
4.59271,-7.61939,-1.59425,-8.63124,24.4374,-2.90239,-3.39226,8.76956
4.5937,-7.62255,-1.60227,-8.62764,24.4545,-2.9078,-3.39481,8.76963
4.59467,-7.72038,-1.72034,-8.7117,24.4361,-2.90734,-3.39348,8.76963
4.59568,-7.53499,-1.50384,-8.53984,24.5057,-2.9188,-3.40109,8.7697
4.59678,-7.53781,-1.51122,-8.53596,24.5229,-2.92419,-3.40361,8.76969
4.59768,-7.63551,-1.62914,-8.6199,24.5046,-2.92373,-3.40228,8.76969
4.59872,-7.5512,-1.5342,-8.53491,24.5552,-2.93468,-3.40846,8.76976
4.59976,-7.55545,-1.54318,-8.53228,24.572,-2.94002,-3.41093,8.76981
4.6008,-7.65301,-1.66087,-8.61611,24.5538,-2.93956,-3.4096,8.76981
4.60169,-7.5677,-1.56453,-8.53029,24.6044,-2.95041,-3.41568,8.76982
4.60269,-7.5715,-1.5727,-8.52728,24.6213,-2.9557,-3.4181,8.76976
4.60372,-7.57713,-1.58274,-8.52587,24.6375,-2.96085,-3.42045,8.7698
4.60471,-7.58267,-1.59249,-8.52438,24.6538,-2.96601,-3.42278,8.76974
4.60567,-7.58792,-1.602,-8.52266,24.6701,-2.97115,-3.42509,8.76976
4.60677,-7.58792,-1.602,-8.52266,24.6701,-2.97115,-3.42509,8.76976
4.60772,-7.5931,-1.61125,-8.52087,24.6864,-2.97628,-3.42739,8.7697
4.60874,-7.50559,-1.51215,-8.43322,24.7373,-2.98708,-3.43333,8.76963
4.60972,-7.51013,-1.52095,-8.43089,24.754,-2.99227,-3.43564,8.76964
4.61075,-7.60724,-1.63794,-8.51432,24.7361,-2.9918,-3.43432,8.76964
4.61169,-7.61378,-1.64852,-8.51372,24.7521,-2.99687,-3.43656,8.76957
4.61266,-7.62,-1.65881,-8.51286,24.7682,-3.00193,-3.43878,8.76956
4.61373,-7.53094,-1.55777,-8.4239,24.8194,-3.01269,-3.44462,8.76945
4.61472,-7.53464,-1.56526,-8.42088,24.8362,-3.01782,-3.44688,8.7694
4.61571,-7.54038,-1.57466,-8.41962,24.8523,-3.02282,-3.44906,8.76932
4.6167,-7.54581,-1.5838,-8.41811,24.8684,-3.02783,-3.45122,8.76931
4.61773,-7.45442,-1.47626,-8.33341,24.9022,-3.0333,-3.45469,8.76921
4.6187,-7.55118,-1.59269,-8.41654,24.8845,-3.03282,-3.45337,8.76921
4.61987,-7.46454,-1.49365,-8.32974,24.9348,-3.04334,-3.45899,8.76907
4.62073,-7.46925,-1.50206,-8.32762,24.9512,-3.04839,-3.46114,8.76904
4.62173,-7.56589,-1.61824,-8.41064,24.9337,-3.0479,-3.45983,8.76904
4.62272,-7.48243,-1.5223,-8.32663,24.9829,-3.05823,-3.46529,8.76888
4.62373,-7.48671,-1.52991,-8.32414,24.9994,-3.06324,-3.4674,8.76874
4.62468,-7.58321,-1.64584,-8.40705,24.9819,-3.06275,-3.46608,8.76874
4.6257,-7.58924,-1.65522,-8.40609,24.9978,-3.06762,-3.46812,8.76868
4.62673,-7.5044,-1.55766,-8.32091,25.0473,-3.07793,-3.4735,8.76845
4.62768,-7.50794,-1.56419,-8.31781,25.0639,-3.08287,-3.47555,8.76828
4.62883,-7.60427,-1.67978,-8.40057,25.0466,-3.08238,-3.47424,8.76828
4.62967,-7.51857,-1.58074,-8.31471,25.0958,-3.09251,-3.47951,8.76805
4.63067,-7.42529,-1.47112,-8.22846,25.1298,-3.09792,-3.48283,8.76797
4.63172,-7.5215,-1.58655,-8.31111,25.1125,-3.09742,-3.48152,8.76797
4.63268,-7.52648,-1.59425,-8.30928,25.1285,-3.10221,-3.48348,8.76782
4.63373,-7.53319,-1.604,-8.30895,25.1442,-3.10699,-3.4854,8.76775
4.63473,-7.53773,-1.61134,-8.30673,25.1606,-3.11188,-3.48736,8.76757
4.6357,-7.45027,-1.51038,-8.21939,25.2104,-3.12208,-3.49256,8.76731
4.63666,-7.54626,-1.62536,-8.30186,25.1933,-3.12158,-3.49126,8.76731
4.63771,-7.55022,-1.63199,-8.29917,25.2098,-3.12641,-3.49319,8.76723
4.63868,-7.46397,-1.5319,-8.21292,25.259,-3.13646,-3.49828,8.76698
4.63999,-7.55984,-1.64662,-8.29528,25.242,-3.13596,-3.49697,8.76698
4.64073,-7.56347,-1.65257,-8.29232,25.2584,-3.14075,-3.49887,8.76681
4.64182,-7.47641,-1.55134,-8.2054,25.3077,-3.15074,-3.50389,8.76657
4.64263,-7.47641,-1.55134,-8.2054,25.3077,-3.15074,-3.50389,8.76657
4.6437,-7.47952,-1.5567,-8.20202,25.3242,-3.15551,-3.50576,8.76649
4.64468,-7.39381,-1.45679,-8.11628,25.3731,-3.16544,-3.5107,8.76626
4.64567,-7.48942,-1.57106,-8.19843,25.3562,-3.16493,-3.5094,8.76626
4.64674,-7.49417,-1.57798,-8.19646,25.3724,-3.16967,-3.51122,8.7661
4.64768,-7.40961,-1.47914,-8.11174,25.4209,-3.17953,-3.51606,8.76583
4.64864,-7.41381,-1.48543,-8.10932,25.4371,-3.18421,-3.51784,8.76573
4.64969,-7.50926,-1.59933,-8.19132,25.4204,-3.1837,-3.51654,8.76573
4.65091,-7.5154,-1.60735,-8.19058,25.436,-3.18827,-3.51826,8.76554
4.65178,-7.52123,-1.61508,-8.18959,25.4516,-3.19284,-3.51996,8.76543
4.65284,-7.52495,-1.62048,-8.18676,25.4679,-3.1975,-3.52169,8.76521
4.65373,-7.43656,-1.51714,-8.09882,25.517,-3.20728,-3.52642,8.76489
4.65479,-7.43656,-1.51714,-8.09882,25.517,-3.20728,-3.52642,8.76489
4.65575,-7.43975,-1.52194,-8.09556,25.5334,-3.21191,-3.52813,8.76478
4.65669,-7.445,-1.52867,-8.09409,25.549,-3.21642,-3.52978,8.7646
4.65772,-7.44988,-1.53527,-8.09229,25.565,-3.22103,-3.53145,8.76449
4.65872,-7.45475,-1.54167,-8.09048,25.581,-3.22562,-3.53311,8.76429
4.6597,-7.36887,-1.44075,-8.00476,25.6294,-3.23528,-3.53767,8.76396
4.66072,-7.46388,-1.55372,-8.08638,25.6131,-3.23475,-3.53638,8.76396
4.66176,-7.46815,-1.55938,-8.08408,25.6291,-3.2393,-3.53801,8.76383
4.66269,-7.38347,-1.45936,-7.99942,25.6768,-3.24879,-3.54244,8.76348
4.6637,-7.47835,-1.57204,-8.08094,25.6606,-3.24825,-3.54116,8.76348
4.66468,-7.48227,-1.57701,-8.07836,25.6767,-3.25275,-3.54274,8.76325
4.66569,-7.48797,-1.58381,-8.07732,25.6921,-3.25714,-3.54426,8.76312
4.66667,-7.3054,-1.36781,-7.9086,25.7566,-3.26717,-3.54993,8.76274
4.6677,-7.40012,-1.48021,-7.98998,25.7405,-3.26663,-3.54864,8.76274
4.6687,-7.40343,-1.48431,-7.98689,25.7566,-3.2711,-3.55018,8.76251
4.66967,-7.41056,-1.49257,-7.9871,25.7717,-3.27544,-3.55164,8.76238
4.67069,-7.41551,-1.49839,-7.98542,25.7875,-3.27989,-3.55313,8.76214
4.6717,-7.42027,-1.50407,-7.9836,25.8033,-3.2843,-3.55461,8.76197
4.67273,-7.33483,-1.40278,-7.89839,25.8509,-3.29363,-3.5588,8.76155
4.67369,-7.42932,-1.51458,-7.97956,25.835,-3.29308,-3.55752,8.76155
4.67474,-7.43361,-1.51948,-7.97735,25.8508,-3.29746,-3.55897,8.76134
4.67565,-7.34935,-1.4191,-7.89319,25.8978,-3.30662,-3.56303,8.76089
4.67669,-7.44372,-1.53061,-7.97427,25.8819,-3.30608,-3.56176,8.76089
4.6777,-7.44761,-1.53482,-7.97173,25.8978,-3.31041,-3.56316,8.76063
4.67879,-7.36251,-1.43333,-7.88688,25.9447,-3.3195,-3.56715,8.76017
4.67966,-7.36251,-1.43333,-7.88688,25.9447,-3.3195,-3.56715,8.76017
4.68069,-7.36586,-1.43696,-7.8839,25.9606,-3.3238,-3.56851,8.75998
4.68169,-7.37121,-1.44244,-7.88264,25.9759,-3.32799,-3.56982,8.75973
4.68271,-7.37618,-1.44776,-7.88106,25.9915,-3.33228,-3.57114,8.75953
4.68372,-7.38113,-1.45289,-7.87946,26.0071,-3.33654,-3.57245,8.75926
4.68472,-7.38582,-1.45777,-7.87764,26.0227,-3.34079,-3.57375,8.75905
4.68571,-7.39044,-1.4624,-7.87578,26.0383,-3.34503,-3.57503,8.75877
4.68669,-7.39481,-1.46679,-7.8737,26.0539,-3.34925,-3.57631,8.75856
4.68766,-7.30926,-1.36448,-7.78855,26.1007,-3.35821,-3.58009,8.75806
4.68866,-7.40318,-1.47487,-7.86924,26.0852,-3.35765,-3.57882,8.75806
4.6897,-7.40719,-1.47856,-7.86687,26.1009,-3.36184,-3.58006,8.75777
4.69067,-7.50108,-1.58874,-7.94753,26.0855,-3.36128,-3.5788,8.75777
4.69177,-7.41669,-1.48734,-7.86342,26.1317,-3.37009,-3.58246,8.75726
4.69276,-7.42009,-1.4905,-7.86053,26.1477,-3.37432,-3.58368,8.75704
4.69369,-7.32776,-1.38137,-7.77542,26.1793,-3.37912,-3.58618,8.75675
4.69476,-7.33103,-1.38412,-7.77244,26.195,-3.38325,-3.58738,8.75656
4.69585,-7.33423,-1.38661,-7.7694,26.2108,-3.38739,-3.58857,8.7563
4.69667,-7.33921,-1.39115,-7.7679,26.2262,-3.3915,-3.58973,8.75612
4.6977,-7.34413,-1.39543,-7.76635,26.2416,-3.39562,-3.59087,8.75585
4.69868,-7.34883,-1.39953,-7.76462,26.257,-3.39971,-3.59201,8.75565
4.69968,-7.35347,-1.40338,-7.76284,26.2724,-3.40379,-3.59313,8.75537
4.70073,-7.35786,-1.407,-7.76085,26.2878,-3.40785,-3.59423,8.75516
4.70176,-7.45133,-1.51612,-7.84116,26.2727,-3.40728,-3.59298,8.75516
4.70274,-7.45563,-1.5194,-7.83909,26.2882,-3.41133,-3.59407,8.75487
4.70361,-7.45974,-1.52235,-7.83689,26.3034,-3.41528,-3.59513,8.75466
4.70471,-7.36841,-1.41422,-7.75268,26.3342,-3.4199,-3.59746,8.75436
4.70577,-7.37027,-1.41484,-7.74855,26.35,-3.42392,-3.59854,8.75416
4.70675,-7.3721,-1.41524,-7.74439,26.3658,-3.42795,-3.59961,8.75389
4.70775,-7.37568,-1.41767,-7.74174,26.3814,-3.43197,-3.60066,8.75372
4.70874,-7.37924,-1.41988,-7.73907,26.397,-3.43599,-3.6017,8.75346
4.70985,-7.38261,-1.42195,-7.73625,26.4125,-3.44,-3.60273,8.75329
4.71092,-7.38596,-1.42382,-7.73341,26.4281,-3.444,-3.60374,8.75303
4.71175,-7.38908,-1.42549,-7.73038,26.4437,-3.44799,-3.60475,8.75286
4.71272,-7.39218,-1.42697,-7.72734,26.4593,-3.45197,-3.60575,8.7526
4.71376,-7.39505,-1.42826,-7.72411,26.4749,-3.45594,-3.60674,8.75243
4.71484,-7.3049,-1.32154,-7.64096,26.5052,-3.46049,-3.60897,8.75218
4.71574,-7.30758,-1.32258,-7.63757,26.5208,-3.46445,-3.60994,8.75202
4.71678,-7.31024,-1.32343,-7.63418,26.5364,-3.4684,-3.6109,8.75178
4.71777,-7.31464,-1.32625,-7.63228,26.5517,-3.47233,-3.61184,8.75162
4.7188,-7.319,-1.32884,-7.63033,26.567,-3.47626,-3.61276,8.75137
4.71983,-7.32315,-1.33126,-7.62823,26.5823,-3.48017,-3.61367,8.75119
4.72079,-7.32725,-1.33346,-7.62608,26.5976,-3.48406,-3.61457,8.75093
4.72176,-7.33111,-1.33543,-7.62374,26.6129,-3.48794,-3.61545,8.75074
4.7228,-7.33493,-1.33719,-7.62136,26.6282,-3.4918,-3.61633,8.75046
4.72373,-7.42767,-1.44411,-7.70104,26.6138,-3.49121,-3.61509,8.75046
4.72467,-7.34206,-1.34008,-7.61619,26.6588,-3.49949,-3.61803,8.74998
4.72584,-7.25274,-1.23453,-7.53382,26.6885,-3.50391,-3.6201,8.74978
4.72674,-7.25403,-1.23351,-7.52929,26.7044,-3.50782,-3.62096,8.74949
4.72765,-7.25717,-1.23443,-7.52637,26.7197,-3.51161,-3.62178,8.7493
4.72872,-7.26219,-1.23722,-7.52505,26.7347,-3.51541,-3.62258,8.74903
4.72969,-7.35472,-1.34357,-7.60454,26.7205,-3.51481,-3.62135,8.74903
4.73073,-7.35959,-1.34601,-7.60311,26.7352,-3.51852,-3.62212,8.74884
4.73167,-7.3644,-1.34823,-7.60163,26.75,-3.52221,-3.62286,8.74855
4.73269,-7.36695,-1.34819,-7.59822,26.7653,-3.52597,-3.62362,8.74832
4.73368,-7.36949,-1.34797,-7.5948,26.7807,-3.52971,-3.62437,8.74802
4.73467,-7.37178,-1.34753,-7.59117,26.7961,-3.53344,-3.62511,8.74781
4.7357,-7.37406,-1.34691,-7.58753,26.8115,-3.53718,-3.62584,8.74752
4.73664,-7.37614,-1.34615,-7.58373,26.8269,-3.5409,-3.62657,8.74733
4.73772,-7.2859,-1.23979,-7.50063,26.8563,-3.54523,-3.6285,8.74709
4.73869,-7.37817,-1.34522,-7.5799,26.8423,-3.54463,-3.62728,8.74709
4.73972,-7.28976,-1.2377,-7.4928,26.8871,-3.55267,-3.62991,8.74666
4.74092,-7.29353,-1.23853,-7.49046,26.9023,-3.55636,-3.63059,8.74641
4.74169,-7.29502,-1.23705,-7.48618,26.918,-3.56015,-3.63128,8.74623
4.74272,-7.29864,-1.23758,-7.48372,26.9331,-3.56382,-3.63195,8.74598
4.7438,-7.30197,-1.23784,-7.48102,26.9482,-3.56749,-3.6326,8.74581
4.74475,-7.30533,-1.23797,-7.47836,26.9633,-3.57115,-3.63323,8.74555
4.74568,-7.30847,-1.2379,-7.47551,26.9785,-3.57479,-3.63386,8.74537
4.7467,-7.31158,-1.23764,-7.47264,26.9936,-3.57842,-3.63447,8.7451
4.74773,-7.31448,-1.23719,-7.46959,27.0087,-3.58204,-3.63507,8.74492
4.74873,-7.31736,-1.23656,-7.46654,27.0238,-3.58565,-3.63566,8.74464
4.74971,-7.40928,-1.34068,-7.5455,27.0102,-3.58503,-3.63446,8.74464
4.7513,-7.23084,-1.13076,-7.38116,27.0676,-3.59345,-3.63802,8.74419
4.75218,-7.23332,-1.12973,-7.37778,27.0827,-3.59703,-3.63857,8.744
4.7527,-7.23377,-1.12646,-7.37265,27.0984,-3.60068,-3.63915,8.74373
4.75365,-7.23801,-1.12722,-7.3708,27.1133,-3.60422,-3.63968,8.74356
4.75472,-7.24232,-1.12773,-7.369,27.1278,-3.6077,-3.64018,8.7433
4.75574,-7.2464,-1.12807,-7.367,27.1423,-3.61116,-3.64066,8.74311
4.75683,-7.25036,-1.12823,-7.36491,27.1571,-3.61467,-3.64114,8.74283
4.75776,-7.25409,-1.12818,-7.36263,27.1719,-3.61817,-3.6416,8.74261
4.75884,-7.25778,-1.12792,-7.36031,27.1867,-3.62165,-3.64205,8.74231
4.75988,-7.26123,-1.12747,-7.35781,27.2015,-3.62512,-3.64248,8.74208
4.76067,-7.35281,-1.23038,-7.43648,27.1883,-3.62449,-3.64129,8.74208
4.76172,-7.26787,-1.12596,-7.35257,27.2311,-3.63201,-3.64332,8.74153
4.76264,-7.17957,-1.02225,-7.27127,27.2591,-3.63607,-3.64491,8.74121
4.7637,-7.18266,-1.02114,-7.26847,27.2736,-3.63941,-3.64529,8.74098
4.76471,-7.18765,-1.0219,-7.26731,27.2878,-3.64274,-3.64563,8.74067
4.76609,-7.19237,-1.02243,-7.26592,27.302,-3.64606,-3.64596,8.74042
4.76669,-7.19705,-1.02275,-7.2645,27.3162,-3.64936,-3.64626,8.74007
4.76773,-7.20147,-1.02286,-7.26287,27.3304,-3.65264,-3.64655,8.7398
4.76868,-7.20584,-1.02275,-7.2612,27.3446,-3.65591,-3.64682,8.73944
4.76967,-7.29714,-1.12467,-7.33963,27.3316,-3.65528,-3.64564,8.73944
4.77069,-7.21405,-1.0219,-7.25742,27.373,-3.66241,-3.64732,8.73877
4.77167,-7.21782,-1.02119,-7.25524,27.3875,-3.66571,-3.64755,8.73847
4.77267,-7.30903,-1.12274,-7.3336,27.3747,-3.66507,-3.64637,8.73847
4.77397,-7.22522,-1.01913,-7.2508,27.416,-3.67213,-3.64796,8.73778
4.77468,-7.22679,-1.01579,-7.24676,27.4308,-3.67541,-3.64817,8.73739
4.77571,-7.22679,-1.01579,-7.24676,27.4308,-3.67541,-3.64817,8.73739
4.77667,-7.14246,-0.911653,-7.16356,27.472,-3.68242,-3.64969,8.73673
4.77779,-7.14554,-0.909965,-7.16082,27.4866,-3.68567,-3.64985,8.73644
4.77872,-7.23657,-1.01089,-7.23902,27.4739,-3.68502,-3.64868,8.73644
4.77974,-7.15541,-0.910033,-7.15856,27.5145,-3.69197,-3.6501,8.73577
4.78072,-7.15821,-0.907751,-7.1556,27.529,-3.69518,-3.65021,8.73538
4.78171,-7.24917,-1.0083,-7.23373,27.5164,-3.69453,-3.64904,8.73538
4.78271,-7.16728,-0.906597,-7.15268,27.5569,-3.70139,-3.65038,8.73468
4.78366,-7.16958,-0.903715,-7.14931,27.5714,-3.70456,-3.65046,8.73435
4.7847,-7.26045,-1.00388,-7.22736,27.5589,-3.7039,-3.64929,8.73435
4.78571,-7.08707,-0.801364,-7.06777,27.6117,-3.71135,-3.65172,8.73365
4.78666,-7.08913,-0.79804,-7.06421,27.6262,-3.71449,-3.65176,8.73324
4.78771,-7.09487,-0.798567,-7.06381,27.6398,-3.71751,-3.65177,8.73293
4.78867,-7.18562,-0.898345,-7.14176,27.6275,-3.71685,-3.6506,8.73293
4.78979,-7.19126,-0.89847,-7.14127,27.6412,-3.71989,-3.65059,8.73252
4.79079,-7.10935,-0.796692,-7.06029,27.6813,-3.72663,-3.65169,8.73174
4.79173,-7.11253,-0.794344,-7.05773,27.6955,-3.72967,-3.65165,8.73138
4.79275,-7.20317,-0.893606,-7.13558,27.6832,-3.72901,-3.65049,8.73138
4.79368,-7.12249,-0.792955,-7.05569,27.7227,-3.73558,-3.65151,8.7306
4.79471,-7.12535,-0.789967,-7.05285,27.7369,-3.73859,-3.65143,8.73015
4.79566,-7.21591,-0.888839,-7.13064,27.7248,-3.73793,-3.65027,8.73015
4.79676,-7.22049,-0.887529,-7.12929,27.7384,-3.74084,-3.65018,8.72979
4.79766,-7.04639,-0.685185,-6.96922,27.7903,-3.74807,-3.65224,8.72898
4.79865,-7.13687,-0.783797,-7.04692,27.7783,-3.7474,-3.65109,8.72898
4.79972,-7.13923,-0.780063,-7.04369,27.7925,-3.75036,-3.65097,8.72854
4.80074,-7.05881,-0.679652,-6.9641,27.8317,-3.75684,-3.6518,8.72775
4.8018,-7.06264,-0.67746,-6.96214,27.8455,-3.75976,-3.65163,8.72738
4.80271,-7.15301,-0.775547,-7.03976,27.8336,-3.75909,-3.65048,8.72738
4.80369,-7.07389,-0.676288,-6.96131,27.8721,-3.76542,-3.65122,8.72652
4.80467,-7.07726,-0.673416,-6.95898,27.8859,-3.7683,-3.65101,8.72613
4.80574,-7.16756,-0.771107,-7.03652,27.8741,-3.76762,-3.64986,8.72613
4.80674,-7.08758,-0.670959,-6.95738,27.9125,-3.77386,-3.65052,8.72528
4.80774,-7.17782,-0.768384,-7.03488,27.9008,-3.77318,-3.64938,8.72528
4.80871,-7.18084,-0.764742,-7.03226,27.9146,-3.77602,-3.64912,8.72479
4.80971,-7.09813,-0.661784,-6.95081,27.9535,-3.78226,-3.6497,8.72392
4.81084,-7.09813,-0.661784,-6.95081,27.9535,-3.78226,-3.6497,8.72392
4.81175,-7.01514,-0.558581,-6.86915,27.9922,-3.78846,-3.65025,8.72307
4.81268,-7.01935,-0.556189,-6.86757,28.0057,-3.79124,-3.64993,8.72269
4.81372,-7.10944,-0.652949,-6.94493,27.9941,-3.79056,-3.6488,8.72269
4.81474,-7.03143,-0.554759,-6.86757,28.0317,-3.79662,-3.64923,8.72184
4.81568,-7.03535,-0.551765,-6.86576,28.0452,-3.79936,-3.64886,8.72134
4.81675,-7.12537,-0.648122,-6.94306,28.0337,-3.79868,-3.64773,8.72134
4.81772,-7.04651,-0.549,-6.865,28.0711,-3.80464,-3.64807,8.72043
4.81869,-7.04987,-0.54535,-6.86273,28.0846,-3.80733,-3.64766,8.72
4.81984,-7.13981,-0.641301,-6.93996,28.0732,-3.80665,-3.64654,8.72
4.82096,-7.05514,-0.543451,-6.8621,28.0976,-3.80993,-3.64724,8.7195
4.82215,-7.06015,-0.541321,-6.86126,28.1105,-3.81253,-3.6468,8.71907
4.82286,-7.06319,-0.537052,-6.85872,28.124,-3.81519,-3.64635,8.71855
4.82376,-7.06791,-0.534537,-6.85763,28.1372,-3.8178,-3.64588,8.71813
4.82499,-7.15775,-0.629945,-6.93478,28.126,-3.81712,-3.64476,8.71813
4.82575,-7.07697,-0.528806,-6.85515,28.1636,-3.82303,-3.64491,8.71718
4.82709,-7.08137,-0.525654,-6.85381,28.1768,-3.82563,-3.64442,8.71667
4.82775,-7.0836,-0.520366,-6.85061,28.1905,-3.82828,-3.64391,8.71623
4.82872,-7.08778,-0.516869,-6.84909,28.2037,-3.83084,-3.64341,8.71573
4.82988,-7.0917,-0.513128,-6.84734,28.2169,-3.8334,-3.64289,8.71532
4.83113,-7.09563,-0.509247,-6.84562,28.2301,-3.83596,-3.64237,8.71483
4.83191,-7.00969,-0.410734,-6.76674,28.2542,-3.8392,-3.64294,8.71442
4.8327,-7.01341,-0.406627,-6.76484,28.2674,-3.84174,-3.64239,8.71393
4.8337,-7.01692,-0.402345,-6.76276,28.2805,-3.84427,-3.64184,8.71353
4.83477,-7.10653,-0.49652,-6.8397,28.2695,-3.84357,-3.64073,8.71353
4.83569,-7.11187,-0.493807,-6.83919,28.2825,-3.84607,-3.64016,8.71305
4.83682,-7.11704,-0.490936,-6.83855,28.2951,-3.84852,-3.63958,8.71266
4.83777,-7.12025,-0.485952,-6.83623,28.3082,-3.85102,-3.63898,8.71216
4.8387,-7.2098,-0.57957,-6.91311,28.2974,-3.85032,-3.63788,8.71216
4.83985,-7.21278,-0.574292,-6.91061,28.3105,-3.85279,-3.63729,8.71175
4.84082,-7.30233,-0.66763,-6.98749,28.2998,-3.85209,-3.63619,8.71175
4.84168,-7.21675,-0.561464,-6.90389,28.3366,-3.85766,-3.6361,8.71091
4.84272,-7.21577,-0.552004,-6.898,28.3503,-3.86015,-3.63549,8.71046
4.8437,-7.21577,-0.552004,-6.898,28.3503,-3.86015,-3.63549,8.71046
4.84475,-7.21665,-0.544448,-6.8937,28.3635,-3.86257,-3.6349,8.71014
4.84606,-7.1288,-0.436269,-6.80819,28.4008,-3.86824,-3.63475,8.70947
4.84685,-7.2182,-0.528909,-6.88494,28.3902,-3.86753,-3.63366,8.70947
4.84769,-7.12996,-0.420395,-6.7991,28.4281,-3.8733,-3.63348,8.70886
4.84874,-7.21932,-0.512754,-6.87582,28.4175,-3.8726,-3.63239,8.70886
4.8497,-7.21994,-0.504606,-6.87131,28.4311,-3.8751,-3.63176,8.70854
4.85069,-7.13361,-0.398046,-6.78713,28.468,-3.88077,-3.63157,8.70803
4.85174,-7.22291,-0.489982,-6.86379,28.4576,-3.88006,-3.63049,8.70803
4.85275,-7.22331,-0.48158,-6.8591,28.4711,-3.88255,-3.62984,8.70782
4.85411,-7.04749,-0.283181,-6.69813,28.5184,-3.88891,-3.63069,8.70736
4.85481,-7.13672,-0.374835,-6.77472,28.508,-3.8882,-3.62961,8.70736
4.85576,-7.13707,-0.366272,-6.77001,28.5215,-3.89069,-3.62895,8.7071
4.85678,-7.14112,-0.361386,-6.76846,28.5342,-3.89309,-3.62827,8.70694
4.8577,-7.14313,-0.354329,-6.76517,28.5475,-3.89557,-3.62758,8.70667
4.85878,-7.14506,-0.347249,-6.76182,28.5607,-3.89802,-3.62687,8.70649
4.85969,-7.14697,-0.339985,-6.75845,28.5739,-3.90047,-3.62617,8.70623
4.86084,-7.14871,-0.332598,-6.75494,28.5871,-3.9029,-3.62545,8.70604
4.86182,-7.15047,-0.325083,-6.75145,28.6003,-3.90532,-3.62473,8.70578
4.86279,-7.06464,-0.219325,-6.66781,28.6367,-3.91087,-3.62433,8.70534
4.86371,-7.15369,-0.309694,-6.74424,28.6266,-3.91015,-3.62326,8.70534
4.86481,-7.06613,-0.211598,-6.6641,28.6498,-3.91326,-3.62358,8.70517
4.86569,-6.98195,-0.107602,-6.5819,28.6855,-3.9187,-3.62313,8.70474
4.86685,-7.07093,-0.197686,-6.65826,28.6755,-3.91798,-3.62207,8.70474
4.86771,-7.07418,-0.191418,-6.65608,28.6884,-3.92032,-3.62128,8.70448
4.86869,-6.99324,-0.0905797,-6.57668,28.7234,-3.92567,-3.62072,8.704
4.8698,-7.08216,-0.18023,-6.65299,28.7135,-3.92494,-3.61966,8.704
4.87081,-7.08501,-0.173486,-6.65048,28.7263,-3.92724,-3.61883,8.70379
4.87173,-7.08976,-0.168438,-6.6496,28.7386,-3.92946,-3.618,8.70349
4.87284,-7.09233,-0.16129,-6.64685,28.7514,-3.93175,-3.61714,8.70325
4.87383,-7.09494,-0.154047,-6.64416,28.7641,-3.934,-3.61627,8.70292
4.87467,-7.09733,-0.146613,-6.64127,28.7768,-3.93624,-3.6154,8.70268
4.87603,-7.01087,-0.0502592,-6.56215,28.7992,-3.9392,-3.61556,8.7024
4.87692,-7.09968,-0.13904,-6.63836,28.7895,-3.93848,-3.61451,8.7024
4.87866,-7.01536,-0.0349986,-6.55616,28.8245,-3.94364,-3.61376,8.70184
4.87937,-7.01536,-0.0349986,-6.55616,28.8245,-3.94364,-3.61376,8.70184
4.88032,-7.01934,-0.0189455,-6.54976,28.8503,-3.94812,-3.61189,8.70128
4.88115,-7.02117,-0.010584,-6.54643,28.8634,-3.95039,-3.61093,8.70096
4.88243,-7.0248,-0.00399876,-6.54464,28.876,-3.95258,-3.60998,8.70073
4.88313,-7.0248,-0.00399876,-6.54464,28.876,-3.95258,-3.60998,8.70073
4.88377,-7.0321,0.00935956,-6.54109,28.9006,-3.95686,-3.60808,8.70018
4.88469,-7.03565,0.0162603,-6.53925,28.9129,-3.95898,-3.6071,8.69985
4.88585,-6.95031,0.110901,-6.46115,28.9348,-3.96185,-3.60714,8.69959
4.8867,-7.03893,0.0234363,-6.53718,28.9253,-3.96111,-3.6061,8.69959
4.88777,-6.95683,0.125205,-6.45699,28.9591,-3.966,-3.60513,8.69899
4.88872,-6.96184,0.130844,-6.45641,28.9711,-3.96803,-3.60409,8.69864
4.88977,-6.96468,0.138551,-6.45399,28.9834,-3.97012,-3.60303,8.69835
4.8908,-6.9695,0.144491,-6.45326,28.9953,-3.97212,-3.60197,8.69798
4.89174,-6.97404,0.150674,-6.4523,29.0072,-3.97411,-3.6009,8.69769
4.8927,-6.9786,0.156997,-6.45135,29.019,-3.97609,-3.5998,8.69729
4.89399,-6.98292,0.163504,-6.45021,29.0309,-3.97804,-3.5987,8.69698
4.89472,-6.98722,0.170195,-6.44906,29.0426,-3.97998,-3.59757,8.69657
4.89579,-6.99129,0.17706,-6.44771,29.0544,-3.98191,-3.59643,8.69623
4.89669,-6.99129,0.17706,-6.44771,29.0544,-3.98191,-3.59643,8.69623
4.89787,-6.91076,0.277145,-6.36899,29.087,-3.98646,-3.59513,8.69547
4.89872,-6.91459,0.284372,-6.36746,29.0987,-3.98834,-3.59394,8.69505
4.89991,-6.91814,0.291884,-6.3657,29.1106,-3.99025,-3.59273,8.69469
4.90079,-6.9236,0.297721,-6.36557,29.1221,-3.99209,-3.59151,8.69427
4.90182,-6.92882,0.303766,-6.36523,29.1335,-3.99392,-3.59028,8.69391
4.90282,-6.93403,0.309965,-6.3649,29.145,-3.99574,-3.58903,8.69345
4.90376,-6.939,0.31636,-6.36437,29.1563,-3.99753,-3.58776,8.69307
4.90469,-6.94393,0.322948,-6.36381,29.1677,-3.99931,-3.58648,8.6926
4.90574,-6.94863,0.329724,-6.36305,29.1791,-4.00107,-3.58519,8.69221
4.9067,-6.95328,0.336686,-6.36226,29.1904,-4.00282,-3.58388,8.69173
4.90771,-6.86947,0.428316,-6.28562,29.2105,-4.00531,-3.58356,8.69133
4.90882,-6.95771,0.343827,-6.36129,29.2017,-4.00455,-3.58256,8.69133
4.90994,-6.87808,0.442823,-6.28348,29.233,-4.00874,-3.58088,8.69044
4.91075,-6.88225,0.450331,-6.2823,29.2443,-4.01044,-3.57951,8.68995
4.9117,-6.97045,0.366293,-6.35792,29.2356,-4.00968,-3.57852,8.68995
4.91271,-6.97434,0.374247,-6.35651,29.2471,-4.0114,-3.57712,8.68954
4.9137,-6.98017,0.380418,-6.35675,29.2579,-4.01302,-3.57575,8.68906
4.91471,-6.98385,0.388609,-6.35516,29.2691,-4.0147,-3.57435,8.68865
4.91568,-6.98757,0.396902,-6.3536,29.2803,-4.01635,-3.57294,8.68816
4.91669,-6.99103,0.405392,-6.35184,29.2915,-4.01799,-3.57152,8.68777
4.91772,-6.99449,0.414029,-6.35007,29.3027,-4.01962,-3.57009,8.68729
4.91883,-6.90965,0.505785,-6.27261,29.3224,-4.02201,-3.56963,8.6869
4.92017,-6.91293,0.514554,-6.2707,29.3336,-4.02363,-3.56818,8.68644
4.92077,-6.91602,0.523458,-6.26863,29.3447,-4.02525,-3.56671,8.68607
4.92184,-6.92095,0.530845,-6.26814,29.3557,-4.02683,-3.56523,8.68562
4.92269,-6.92565,0.538413,-6.26746,29.3666,-4.02842,-3.56373,8.68525
4.92367,-7.01371,0.456046,-6.34293,29.3582,-4.02766,-3.56276,8.68525
4.92466,-7.01845,0.463767,-6.34228,29.3689,-4.0292,-3.56128,8.6848
4.92577,-7.10651,0.381708,-6.41776,29.3606,-4.02844,-3.5603,8.6848
4.92668,-7.10918,0.391391,-6.41534,29.3715,-4.02998,-3.55882,8.68443
4.92792,-7.02443,0.494536,-6.3333,29.402,-4.03386,-3.55678,8.68363
4.92883,-7.02499,0.506373,-6.3291,29.4136,-4.03545,-3.55522,8.68321
4.92983,-7.02743,0.516293,-6.3265,29.4245,-4.03697,-3.55371,8.68292
4.93066,-7.11543,0.435,-6.40191,29.4163,-4.0362,-3.55275,8.68292
4.93186,-6.94426,0.617609,-6.24584,29.4544,-4.04082,-3.55163,8.68227
4.93271,-6.94651,0.62789,-6.24309,29.4655,-4.04237,-3.55005,8.68191
4.93371,-6.94667,0.640085,-6.23856,29.477,-4.04397,-3.54845,8.68163
4.93475,-6.95076,0.648728,-6.23739,29.4877,-4.04546,-3.5469,8.68131
4.93569,-6.95465,0.657539,-6.23603,29.4984,-4.04697,-3.54533,8.68106
4.93688,-7.04255,0.577015,-6.31135,29.4903,-4.0462,-3.54437,8.68106
4.93768,-6.96216,0.675726,-6.23312,29.5198,-4.04997,-3.54212,8.68046
4.93871,-7.05004,0.595511,-6.30842,29.5119,-4.0492,-3.54116,8.68046
4.93975,-6.96746,0.696059,-6.22835,29.5415,-4.05293,-3.53888,8.67986
4.94071,-6.96746,0.696059,-6.22835,29.5415,-4.05293,-3.53888,8.67986
4.94173,-6.88459,0.796657,-6.14805,29.5709,-4.05665,-3.53656,8.67928
4.94288,-6.88786,0.806426,-6.14621,29.5816,-4.05812,-3.53489,8.67895
4.94363,-6.89289,0.814511,-6.14587,29.592,-4.05953,-3.53323,8.67871
4.94469,-6.89788,0.822779,-6.1455,29.6023,-4.06094,-3.53156,8.67837
4.9457,-6.90265,0.831209,-6.14495,29.6126,-4.06233,-3.52987,8.6781
4.9467,-6.99042,0.752078,-6.22013,29.6049,-4.06155,-3.52893,8.6781
4.94768,-6.91191,0.84858,-6.14361,29.6331,-4.06505,-3.52646,8.67744
4.94872,-6.91452,0.859251,-6.14124,29.6438,-4.06644,-3.52471,8.67705
4.94966,-7.00226,0.780588,-6.21639,29.6361,-4.06566,-3.52377,8.67705
4.95069,-6.92313,0.877517,-6.13938,29.6642,-4.06908,-3.52123,8.67638
4.95169,-6.92534,0.888615,-6.13668,29.6748,-4.07044,-3.51945,8.67608
4.95266,-6.84173,0.976277,-6.06047,29.6925,-4.07251,-3.51863,8.67575
4.95369,-6.84575,0.985751,-6.05931,29.7026,-4.07381,-3.51685,8.67537
4.95469,-6.8514,0.993801,-6.05955,29.7126,-4.07507,-3.51505,8.67508
4.95569,-6.85699,1.00204,-6.05975,29.7225,-4.07633,-3.51324,8.67469
4.95669,-6.94464,0.924318,-6.1348,29.7151,-4.07554,-3.51231,8.67469
4.95789,-6.86768,1.01906,-6.05973,29.7423,-4.07879,-3.50958,8.67395
4.95867,-6.87092,1.02954,-6.05794,29.7525,-4.08004,-3.5077,8.67361
4.9597,-6.95854,0.952285,-6.13296,29.7451,-4.07925,-3.50678,8.67361
4.9607,-6.88089,1.04753,-6.05733,29.7722,-4.08241,-3.50398,8.67285
4.96169,-6.88387,1.05848,-6.05533,29.7823,-4.08363,-3.50207,8.67241
4.96268,-6.97146,0.981697,-6.13032,29.7751,-4.08283,-3.50116,8.67241
4.96369,-6.89318,1.07737,-6.05419,29.8019,-4.08593,-3.49829,8.67166
4.96466,-6.8082,1.16522,-5.9769,29.8192,-4.08791,-3.49727,8.67132
4.96572,-6.89574,1.08875,-6.05184,29.812,-4.08711,-3.49636,8.67132
4.96671,-6.81874,1.18312,-5.97684,29.8385,-4.09014,-3.49343,8.67058
4.96769,-6.90627,1.10697,-6.05176,29.8313,-4.08934,-3.49252,8.67058
4.96868,-6.82874,1.20187,-5.97633,29.8578,-4.09236,-3.4895,8.66981
4.96973,-6.83264,1.21236,-5.97515,29.8677,-4.09349,-3.4875,8.66936
4.97076,-6.92014,1.13669,-6.05004,29.8606,-4.09269,-3.4866,8.66936
4.97175,-6.84377,1.23038,-5.97563,29.8865,-4.09559,-3.48355,8.66858
4.9727,-6.84725,1.24132,-5.9741,29.8963,-4.09667,-3.48152,8.66821
4.97377,-6.93472,1.16612,-6.04895,29.8893,-4.09586,-3.48063,8.66821
4.97469,-6.85766,1.26029,-5.97399,29.915,-4.0987,-3.47751,8.66742
4.97567,-6.77344,1.34658,-5.89743,29.9316,-4.10055,-3.47635,8.66696
4.97665,-6.86087,1.27169,-5.97224,29.9247,-4.09974,-3.47546,8.66696
4.97776,-6.78502,1.36463,-5.89835,29.9501,-4.1025,-3.47227,8.66618
4.97881,-6.7896,1.37486,-5.89778,29.9595,-4.10351,-3.47018,8.66581
4.97976,-6.877,1.30045,-5.97256,29.9527,-4.1027,-3.46929,8.66581
4.98068,-6.80218,1.39245,-5.89958,29.9777,-4.10538,-3.46602,8.66498
4.98178,-6.88957,1.31836,-5.97434,29.9709,-4.10457,-3.46514,8.66498
4.98274,-6.81239,1.41238,-5.89937,29.996,-4.10723,-3.46179,8.66412
4.98366,-6.81638,1.42347,-5.89833,30.0054,-4.10817,-3.45965,8.66364
4.9847,-6.90375,1.34986,-5.97307,29.9987,-4.10736,-3.45876,8.66364
4.98567,-6.82768,1.44271,-5.89907,30.0233,-4.10992,-3.4554,8.66279
4.98671,-6.83125,1.45422,-5.89768,30.0326,-4.11083,-3.45322,8.6624
4.98772,-6.91859,1.38109,-5.97238,30.0259,-4.11002,-3.45235,8.6624
4.98876,-6.75452,1.54735,-5.82316,30.057,-4.11334,-3.4498,8.66156
4.98974,-6.75784,1.55916,-5.82156,30.0662,-4.11422,-3.44759,8.66109
4.99135,-6.84514,1.48634,-5.89623,30.0596,-4.1134,-3.44672,8.66109
4.99174,-6.77137,1.57699,-5.82426,30.0836,-4.11583,-3.44322,8.66026
4.99269,-6.85866,1.5045,-5.8989,30.0771,-4.11501,-3.44235,8.66026
4.99379,-6.86333,1.51547,-5.89847,30.0861,-4.11585,-3.44011,8.65987
4.99478,-6.86979,1.52497,-5.89956,30.0947,-4.11661,-3.43789,8.6594
4.99574,-6.95709,1.45296,-5.97421,30.0883,-4.1158,-3.43703,8.6594
4.99675,-6.96144,1.46447,-5.97351,30.0973,-4.11661,-3.43478,8.659
4.99777,-6.96582,1.47589,-5.97283,30.1061,-4.11737,-3.43256,8.65853
4.99896,-6.96582,1.47589,-5.97283,30.1061,-4.11737,-3.43256,8.65853
4.99993,-6.88326,1.57354,-5.89343,30.1304,-4.11976,-3.42894,8.65771
5.00085,-6.97053,1.50218,-5.96804,30.1241,-4.11894,-3.42809,8.65771
5.00184,-6.97269,1.51561,-5.96547,30.1332,-4.11973,-3.42582,8.65737
5.00354,-6.97678,1.52744,-5.96456,30.142,-4.12048,-3.42359,8.65697
5.00413,-6.97878,1.54108,-5.96187,30.1511,-4.12129,-3.42131,8.65666
5.0049,-6.98088,1.55476,-5.95926,30.1601,-4.12207,-3.41903,8.65629
5.00573,-6.98278,1.56856,-5.95649,30.1692,-4.12285,-3.41675,8.65602
5.00674,-6.8975,1.65282,-5.8792,30.1845,-4.12446,-3.41531,8.65569
5.00783,-6.89932,1.66661,-5.87637,30.1935,-4.12525,-3.41303,8.65546
5.00872,-6.98655,1.59638,-5.95092,30.1873,-4.12442,-3.41219,8.65546
5.0097,-6.90474,1.69301,-5.87221,30.2114,-4.12679,-3.40845,8.65496
5.01071,-6.9083,1.70566,-5.87087,30.2202,-4.12757,-3.40615,8.65468
5.01171,-6.90982,1.72005,-5.86779,30.2293,-4.12837,-3.40381,8.65448
5.01268,-6.91331,1.73284,-5.86639,30.2382,-4.12911,-3.40151,8.65422
5.01384,-6.91658,1.74579,-5.86479,30.2469,-4.12986,-3.39921,8.65405
5.01475,-6.91991,1.7588,-5.86326,30.2557,-4.13061,-3.3969,8.65379
5.01573,-6.92307,1.77192,-5.86158,30.2644,-4.13134,-3.39459,8.65362
5.01671,-6.92624,1.78514,-5.85992,30.2732,-4.13207,-3.39227,8.65337
5.01771,-6.92925,1.79847,-5.85811,30.2818,-4.13279,-3.38995,8.65321
5.01866,-6.93227,1.8119,-5.85633,30.2905,-4.1335,-3.38762,8.65297
5.0197,-6.93227,1.8119,-5.85633,30.2905,-4.1335,-3.38762,8.65297
5.02076,-6.85087,1.90733,-5.77807,30.3136,-4.13573,-3.38377,8.65258
5.02164,-6.8536,1.92088,-5.77604,30.3222,-4.13642,-3.38143,8.65244
5.02272,-6.94074,1.85276,-5.85048,30.3164,-4.13559,-3.38061,8.65244
5.02367,-6.86267,1.94507,-5.77507,30.3387,-4.13773,-3.37679,8.65208
5.02466,-6.86526,1.95895,-5.77293,30.3472,-4.1384,-3.37442,8.65184
5.02567,-6.86953,1.97132,-5.77223,30.3555,-4.13901,-3.37208,8.6517
5.02666,-6.95666,1.90385,-5.84664,30.3498,-4.13817,-3.37127,8.6517
5.02768,-6.87786,1.99646,-5.77065,30.3718,-4.14023,-3.36736,8.65131
5.02874,-6.88189,2.00946,-5.76976,30.3801,-4.14084,-3.36494,8.65107
5.02978,-6.96901,1.94249,-5.84414,30.3744,-4.14,-3.36413,8.65107
5.03068,-6.88965,2.03533,-5.76771,30.3963,-4.14199,-3.36016,8.65067
5.03167,-6.89148,2.05002,-5.76496,30.4046,-4.14259,-3.35772,8.6505
5.03269,-6.80814,2.12968,-5.68949,30.4182,-4.14397,-3.35611,8.65028
5.03377,-6.89522,2.0632,-5.76383,30.4127,-4.14313,-3.35532,8.65028
5.03467,-6.89878,2.0765,-5.76254,30.4207,-4.14368,-3.3529,8.65013
5.03571,-6.82039,2.16839,-5.687,30.4422,-4.1456,-3.34877,8.64975
5.03675,-6.90747,2.10239,-5.76132,30.4367,-4.14475,-3.34798,8.64975
5.03775,-6.91078,2.11627,-5.75984,30.4448,-4.14527,-3.34549,8.64955
5.0387,-6.99787,2.05061,-5.83418,30.4394,-4.14443,-3.3447,8.64955
5.03968,-6.91892,2.14287,-5.75818,30.4607,-4.14628,-3.34052,8.64916
5.04068,-6.92195,2.15736,-5.75648,30.4689,-4.14678,-3.33796,8.64891
5.04174,-6.92301,2.17325,-5.7531,30.4772,-4.1473,-3.33541,8.64877
5.04272,-6.92597,2.18766,-5.75134,30.4852,-4.14777,-3.33291,8.64856
5.04401,-6.92873,2.20218,-5.7494,30.4932,-4.14825,-3.3304,8.64844
5.04472,-6.84451,2.28144,-5.67326,30.5064,-4.14958,-3.32867,8.64825
5.04574,-6.84719,2.29594,-5.67127,30.5143,-4.15005,-3.32615,8.64814
5.04673,-6.84991,2.31052,-5.66931,30.5222,-4.15051,-3.32362,8.64796
5.04778,-6.85428,2.32391,-5.66876,30.53,-4.15095,-3.32108,8.64787
5.04873,-6.85865,2.33741,-5.66821,30.5377,-4.15139,-3.31854,8.64769
5.04972,-6.86288,2.35101,-5.66754,30.5454,-4.15181,-3.31599,8.64759
5.0507,-6.86709,2.36472,-5.66687,30.553,-4.15222,-3.31343,8.64739
5.05167,-6.78814,2.45601,-5.59101,30.5733,-4.15386,-3.30906,8.64708
5.05287,-6.87516,2.39248,-5.66522,30.5682,-4.153,-3.30829,8.64708
5.05415,-6.879,2.40653,-5.66424,30.5758,-4.15338,-3.30571,8.64696
5.05472,-6.88471,2.41916,-5.66484,30.583,-4.15372,-3.30317,8.64676
5.05575,-6.88834,2.43347,-5.66368,30.5905,-4.15408,-3.30057,8.64663
5.0567,-6.80501,2.5107,-5.58839,30.603,-4.15527,-3.29872,8.64642
5.05774,-6.80847,2.52505,-5.58711,30.6104,-4.1556,-3.29611,8.64629
5.05889,-6.81195,2.5395,-5.58584,30.6178,-4.15592,-3.29349,8.64608
5.05967,-6.81706,2.55279,-5.58596,30.6251,-4.15621,-3.29086,8.64597
5.06089,-6.82216,2.56622,-5.58607,30.6323,-4.15651,-3.28821,8.64575
5.06174,-6.82709,2.57975,-5.58605,30.6395,-4.15679,-3.28556,8.64562
5.06276,-6.832,2.5934,-5.58601,30.6467,-4.15705,-3.2829,8.64539
5.06379,-6.83672,2.60718,-5.58581,30.6538,-4.1573,-3.28024,8.64524
5.06474,-6.75894,2.69665,-5.5111,30.6728,-4.15863,-3.27562,8.64485
5.06568,-6.84592,2.6351,-5.58522,30.668,-4.15777,-3.27488,8.64485
5.06701,-6.85041,2.64924,-5.58484,30.6751,-4.15799,-3.27219,8.64461
5.06791,-6.85655,2.662,-5.58585,30.6818,-4.15817,-3.26954,8.64446
5.06891,-6.77383,2.73746,-5.51118,30.6935,-4.15924,-3.26757,8.64421
5.06993,-6.77794,2.75176,-5.51048,30.7005,-4.15941,-3.26485,8.64405
5.07087,-6.78201,2.76622,-5.50976,30.7074,-4.15959,-3.26213,8.6438
5.07196,-6.7877,2.77957,-5.51042,30.7142,-4.15973,-3.25939,8.64365
5.07287,-6.79337,2.79306,-5.51106,30.7209,-4.15987,-3.25664,8.6434
5.07371,-6.79885,2.80665,-5.51155,30.7276,-4.16,-3.25388,8.64322
5.07473,-6.80431,2.82038,-5.51202,30.7343,-4.16012,-3.25112,8.64296
5.07572,-6.80956,2.83424,-5.51231,30.741,-4.16022,-3.24834,8.64278
5.07665,-6.81479,2.84822,-5.51259,30.7476,-4.16031,-3.24556,8.6425
5.07771,-6.73285,2.92205,-5.43865,30.7587,-4.16126,-3.2435,8.64232
5.07869,-6.73785,2.93612,-5.43875,30.7652,-4.16133,-3.2407,8.64204
5.07974,-6.74265,2.9503,-5.43868,30.7717,-4.16139,-3.2379,8.64186
5.08072,-6.74924,2.96342,-5.44013,30.7781,-4.16141,-3.23508,8.64159
5.08183,-6.75559,2.97668,-5.44139,30.7845,-4.16145,-3.23225,8.64139
5.08273,-6.68113,3.06248,-5.36971,30.8015,-4.16233,-3.22728,8.64088
5.08369,-6.76806,3.00359,-5.44371,30.7971,-4.16146,-3.22657,8.64088
5.08471,-6.77414,3.01726,-5.44475,30.8033,-4.16144,-3.22372,8.64058
5.08587,-6.7818,3.02963,-5.44712,30.8093,-4.1614,-3.22091,8.64035
5.08675,-6.78757,3.04361,-5.44791,30.8155,-4.16137,-3.21803,8.64003
5.08774,-6.79317,3.05768,-5.44854,30.8216,-4.16131,-3.21515,8.63979
5.0887,-6.79869,3.07192,-5.44912,30.8278,-4.16124,-3.21226,8.63946
5.0897,-6.71707,3.14417,-5.37554,30.8381,-4.16205,-3.21006,8.63922
5.0908,-6.72236,3.15849,-5.37593,30.8442,-4.16196,-3.20716,8.6389
5.09174,-6.72744,3.17293,-5.37615,30.8502,-4.16187,-3.20425,8.63867
5.09278,-6.81438,3.11537,-5.45012,30.846,-4.161,-3.20355,8.63867
5.09372,-6.74095,3.19988,-5.37942,30.862,-4.16164,-3.19839,8.63813
5.09475,-6.74757,3.21355,-5.38096,30.8679,-4.16151,-3.19544,8.6378
5.09585,-6.75218,3.22877,-5.38079,30.8739,-4.16138,-3.19244,8.63755
5.09668,-6.75857,3.24268,-5.38213,30.8797,-4.16121,-3.18949,8.63723
5.0978,-6.76469,3.25677,-5.38324,30.8855,-4.16106,-3.18654,8.63699
5.09876,-6.77081,3.27095,-5.38436,30.8912,-4.16089,-3.18357,8.63667
5.09976,-6.77671,3.28526,-5.38529,30.8969,-4.16071,-3.1806,8.63643
5.10081,-6.78258,3.2997,-5.38619,30.9026,-4.16052,-3.17763,8.63611
5.10172,-6.7013,3.37032,-5.313,30.9123,-4.1612,-3.17532,8.63587
5.10268,-6.70692,3.38484,-5.31371,30.9179,-4.161,-3.17233,8.63556
5.10373,-6.71233,3.39948,-5.31424,30.9235,-4.16078,-3.16933,8.63533
5.10478,-6.79926,3.34377,-5.38815,30.9195,-4.1599,-3.16866,8.63533
5.10572,-6.72646,3.42693,-5.31812,30.9344,-4.1603,-3.16329,8.63479
5.10672,-6.7334,3.44084,-5.31995,30.9398,-4.16005,-3.16027,8.63447
5.1077,-6.73832,3.45627,-5.32008,30.9454,-4.1598,-3.15718,8.63422
5.10873,-6.745,3.47042,-5.32171,30.9508,-4.1595,-3.15414,8.6339
5.10973,-6.75141,3.48475,-5.32311,30.9561,-4.15923,-3.1511,8.63367
5.11145,-6.75782,3.49918,-5.3245,30.9614,-4.15894,-3.14805,8.63334
5.11171,-6.75782,3.49918,-5.3245,30.9614,-4.15894,-3.14805,8.63334
5.11281,-6.77015,3.52842,-5.32689,30.9719,-4.15832,-3.14194,8.63279
5.11399,-6.68915,3.59772,-5.25403,30.9811,-4.15889,-3.13946,8.63255
5.11472,-6.69505,3.61277,-5.25502,30.9863,-4.15856,-3.13633,8.63223
5.11573,-6.70073,3.62764,-5.25581,30.9915,-4.15823,-3.13326,8.63201
5.11697,-6.70818,3.64156,-5.25812,30.9966,-4.15786,-3.13017,8.6317
5.11776,-6.71539,3.65562,-5.26021,31.0016,-4.15751,-3.12708,8.63148
5.11886,-6.72258,3.6698,-5.2623,31.0066,-4.15714,-3.12398,8.63116
5.1198,-6.72953,3.68411,-5.26417,31.0115,-4.15676,-3.12088,8.63092
5.12071,-6.73642,3.69856,-5.26601,31.0164,-4.15636,-3.11776,8.63059
5.12165,-6.74307,3.71315,-5.26765,31.0213,-4.15596,-3.11464,8.63035
5.12272,-6.74968,3.72787,-5.26925,31.0262,-4.15555,-3.11152,8.63002
5.12377,-6.75605,3.74272,-5.27065,31.0311,-4.15513,-3.10839,8.62978
5.12497,-6.67544,3.81024,-5.19821,31.0394,-4.15559,-3.10588,8.62946
5.12582,-6.68155,3.82517,-5.1994,31.0442,-4.15516,-3.10273,8.62923
5.12674,-6.68757,3.84022,-5.20052,31.049,-4.15471,-3.09958,8.62896
5.12774,-6.69531,3.85405,-5.2031,31.0535,-4.15425,-3.09648,8.62865
5.12882,-6.7028,3.86803,-5.20545,31.0581,-4.15379,-3.09337,8.62843
5.13004,-6.71023,3.88215,-5.20776,31.0625,-4.15332,-3.09024,8.62811
5.13083,-6.79719,3.83046,-5.28157,31.0591,-4.15242,-3.08962,8.62811
5.13175,-6.80437,3.84489,-5.28367,31.0636,-4.15193,-3.08649,8.62788
5.13276,-6.81149,3.85947,-5.28572,31.068,-4.15144,-3.08334,8.62755
5.13382,-6.73474,3.94264,-5.21265,31.0806,-4.15132,-3.07753,8.627
5.13468,-6.82171,3.89161,-5.28644,31.0773,-4.15042,-3.07692,8.627
5.13567,-6.65931,4.02443,-5.14072,31.0929,-4.15118,-3.07176,8.62651
5.13686,-6.74627,3.97356,-5.21449,31.0896,-4.15028,-3.07115,8.62651
5.13771,-6.75091,3.98987,-5.21445,31.0941,-4.14977,-3.06792,8.62632
5.13875,-6.68016,4.06882,-5.14651,31.106,-4.14955,-3.06208,8.62587
5.13973,-6.76713,4.01846,-5.22027,31.1027,-4.14865,-3.06148,8.62587
5.14072,-6.69406,4.09856,-5.15038,31.1145,-4.14842,-3.05562,8.62539
5.14178,-6.78104,4.04854,-5.22414,31.1112,-4.14751,-3.05502,8.62539
5.14287,-6.78689,4.06446,-5.22516,31.1155,-4.14695,-3.05176,8.6251
5.14383,-6.79433,4.07917,-5.22751,31.1196,-4.14634,-3.04855,8.62491
5.1447,-6.71834,4.16091,-5.15519,31.1313,-4.14606,-3.04258,8.62444
5.14567,-6.80533,4.11156,-5.22894,31.1281,-4.14516,-3.04199,8.62444
5.14701,-6.64368,4.24127,-5.08403,31.1427,-4.14574,-3.03667,8.62402
5.14772,-6.64879,4.25753,-5.08443,31.1468,-4.14515,-3.03337,8.62377
5.14887,-6.73577,4.20851,-5.15816,31.1437,-4.14424,-3.03278,8.62377
5.14976,-6.66226,4.28832,-5.088,31.1549,-4.14385,-3.02677,8.6234
5.15075,-6.66872,4.30393,-5.08954,31.1589,-4.14323,-3.02346,8.62325
5.15164,-6.75572,4.25542,-5.16326,31.1558,-4.14232,-3.02287,8.62325
5.15271,-6.76395,4.27001,-5.16631,31.1596,-4.14165,-3.01962,8.62302
5.1537,-6.69108,4.34887,-5.09672,31.1704,-4.14124,-3.01362,8.6226
5.15482,-6.69703,4.36493,-5.09784,31.1742,-4.14055,-3.01029,8.62244
5.15573,-6.78404,4.3171,-5.17156,31.1712,-4.13963,-3.00971,8.62244
5.15676,-6.79171,4.33219,-5.17413,31.175,-4.13893,-3.00644,8.6222
5.15773,-6.79913,4.34743,-5.1765,31.1787,-4.13824,-3.00317,8.62204
5.15882,-6.80474,4.36403,-5.17734,31.1825,-4.13754,-2.99982,8.62179
5.15982,-6.64147,4.49201,-5.03129,31.1959,-4.13791,-2.99419,8.62141
5.16074,-6.72849,4.44484,-5.10498,31.193,-4.137,-2.99362,8.62141
5.16179,-6.65537,4.52304,-5.03526,31.2032,-4.13644,-2.98755,8.62109
5.16269,-6.7424,4.47621,-5.10895,31.2003,-4.13552,-2.98699,8.62109
5.16386,-6.75088,4.49133,-5.11223,31.2038,-4.13478,-2.98362,8.62096
5.16468,-6.7593,4.50624,-5.11546,31.2073,-4.13403,-2.98031,8.62073
5.16573,-6.76572,4.52252,-5.117,31.2108,-4.13327,-2.97693,8.62058
5.1667,-6.69117,4.6014,-5.04614,31.2206,-4.13262,-2.97074,8.6202
5.16768,-6.77823,4.55541,-5.11982,31.2178,-4.1317,-2.97018,8.6202
5.16872,-6.78432,4.57203,-5.1211,31.2213,-4.13091,-2.9668,8.61998
5.16971,-6.79199,4.5875,-5.1237,31.2246,-4.13011,-2.96349,8.61986
5.17076,-6.71074,4.64984,-5.05108,31.2308,-4.13025,-2.96064,8.61964
5.17179,-6.71639,4.66658,-5.05199,31.2342,-4.12944,-2.95725,8.61952
5.17274,-6.72198,4.68344,-5.05286,31.2376,-4.12863,-2.95386,8.61932
5.17366,-6.64925,4.76066,-4.98361,31.2468,-4.12788,-2.94759,8.61904
5.17483,-6.73633,4.71568,-5.05726,31.2441,-4.12696,-2.94706,8.61904
5.17579,-6.74329,4.73228,-5.05929,31.2474,-4.1261,-2.94358,8.61894
5.17712,-6.75197,4.74744,-5.06277,31.2505,-4.12525,-2.94024,8.61875
5.17779,-6.75862,4.76396,-5.06453,31.2537,-4.12441,-2.93683,8.61864
5.17892,-6.76527,4.78055,-5.06631,31.2568,-4.12354,-2.93342,8.61844
5.17973,-6.77165,4.79727,-5.06785,31.2599,-4.12267,-2.93001,8.61834
5.18081,-6.77801,4.8141,-5.06938,31.263,-4.12179,-2.92659,8.61815
5.18168,-6.78414,4.83102,-5.07072,31.2661,-4.12091,-2.92317,8.61806
5.18286,-6.70314,4.89167,-4.99839,31.2717,-4.12095,-2.92027,8.61788
5.18378,-6.70904,4.90862,-4.99954,31.2747,-4.12006,-2.91685,8.61781
5.18476,-6.71491,4.92566,-5.00067,31.2777,-4.11917,-2.91342,8.61765
5.18591,-6.72239,4.94193,-5.00315,31.2806,-4.11824,-2.90999,8.6176
5.18685,-6.72981,4.95832,-5.00559,31.2835,-4.11733,-2.90656,8.61744
5.18782,-6.73704,4.9748,-5.00786,31.2863,-4.1164,-2.90312,8.61738
5.18908,-6.82419,4.93201,-5.08151,31.2838,-4.11547,-2.90261,8.61738
5.19012,-6.75116,5.00809,-5.01214,31.2919,-4.11452,-2.89623,8.61715
5.19138,-6.7581,5.02522,-5.01419,31.2947,-4.11355,-2.89272,8.617
5.19208,-6.84527,4.98294,-5.08784,31.2923,-4.11262,-2.89221,8.617
5.19294,-6.68254,5.1024,-4.94273,31.3027,-4.11256,-2.88627,8.61679
5.19389,-6.68899,5.11968,-4.94437,31.3054,-4.11158,-2.88276,8.61675
5.19532,-6.6936,5.13787,-4.94447,31.3082,-4.11062,-2.87925,8.61662
5.19605,-6.70166,5.1541,-4.94745,31.3108,-4.10961,-2.87581,8.6166
5.19733,-6.70961,5.17048,-4.95036,31.3133,-4.10864,-2.87236,8.61648
5.19785,-6.71739,5.18692,-4.95312,31.3159,-4.10764,-2.86891,8.61644
5.19902,-6.63794,5.24477,-4.88224,31.3206,-4.10757,-2.86595,8.6163
5.20003,-6.7326,5.22015,-4.95835,31.3208,-4.10563,-2.862,8.61626
5.2011,-6.74002,5.23694,-4.96083,31.3232,-4.1046,-2.85853,8.61612
5.20175,-6.74002,5.23694,-4.96083,31.3232,-4.1046,-2.85853,8.61612
5.20264,-6.7561,5.27004,-4.96681,31.3279,-4.10253,-2.85159,8.61591
5.20411,-6.6758,5.32759,-4.89525,31.3325,-4.10241,-2.8486,8.61585
5.20485,-6.68257,5.34431,-4.89719,31.3347,-4.10137,-2.8452,8.6157
5.20575,-6.68916,5.36148,-4.89897,31.337,-4.10031,-2.84171,8.61565
5.20692,-6.69751,5.37794,-4.90225,31.3392,-4.09921,-2.83822,8.61552
5.20797,-6.70562,5.39453,-4.9053,31.3414,-4.09813,-2.83472,8.61546
5.20869,-6.71369,5.41121,-4.90835,31.3435,-4.09703,-2.83122,8.61532
5.20976,-6.72146,5.42767,-4.91113,31.3455,-4.09595,-2.82778,8.61526
5.21097,-6.72916,5.44426,-4.91386,31.3476,-4.09485,-2.82434,8.61511
5.21173,-6.73667,5.46129,-4.91643,31.3496,-4.09373,-2.82083,8.61505
5.21273,-6.74413,5.47842,-4.91897,31.3516,-4.09259,-2.8173,8.6149
5.21379,-6.75136,5.49567,-4.9213,31.3536,-4.09145,-2.81378,8.61484
5.21467,-6.75849,5.51267,-4.92356,31.3555,-4.09033,-2.81032,8.6147
5.21567,-6.76539,5.52978,-4.92562,31.3574,-4.0892,-2.80686,8.61465
5.21674,-6.68498,5.58543,-4.85408,31.3613,-4.089,-2.80384,8.61452
5.21767,-6.69162,5.60258,-4.85593,31.3631,-4.08786,-2.80037,8.61449
5.21873,-6.7789,5.56431,-4.9295,31.3611,-4.08691,-2.79991,8.61449
5.21968,-6.78731,5.58097,-4.93284,31.3629,-4.08574,-2.79643,8.61438
5.22151,-6.79547,5.59775,-4.93597,31.3646,-4.08457,-2.79293,8.61435
5.2225,-6.79547,5.59775,-4.93597,31.3646,-4.08457,-2.79293,8.61435
5.22393,-6.80799,5.63378,-4.93903,31.3682,-4.08218,-2.7858,8.6142
5.22483,-6.64542,5.7456,-4.7946,31.3756,-4.08161,-2.77941,8.6141
5.22581,-6.82005,5.67089,-4.94174,31.3718,-4.07972,-2.77852,8.6141
5.22676,-6.65703,5.78272,-4.79694,31.3791,-4.07913,-2.77206,8.61405
5.22756,-6.83169,5.70868,-4.94407,31.3753,-4.07724,-2.77119,8.61405
5.2285,-6.67176,5.81797,-4.80191,31.3823,-4.07668,-2.76487,8.61397
5.22957,-6.75909,5.7812,-4.87547,31.3804,-4.07573,-2.76444,8.61397
5.2305,-6.84645,5.74461,-4.94904,31.3786,-4.07479,-2.764,8.61397
5.23113,-6.68605,5.85348,-4.80651,31.3854,-4.0742,-2.7577,8.61395
5.23173,-6.78212,5.83418,-4.88368,31.385,-4.07197,-2.75372,8.61399
5.23268,-6.78897,5.85253,-4.88574,31.3865,-4.07072,-2.75009,8.61393
5.23367,-6.79741,5.86985,-4.88911,31.388,-4.06944,-2.74654,8.61397
5.23468,-6.80393,5.88803,-4.89089,31.3894,-4.06821,-2.74299,8.6139
5.23601,-6.72289,5.94186,-4.81896,31.3925,-4.06789,-2.73986,8.61394
5.2372,-6.72916,5.96002,-4.82054,31.3939,-4.06662,-2.7363,8.6139
5.23839,-6.73525,5.97863,-4.82196,31.3953,-4.06533,-2.73267,8.61396
5.23944,-6.7431,5.99625,-4.82487,31.3965,-4.06403,-2.72911,8.61393
5.23994,-6.75072,6.01398,-4.82756,31.3978,-4.06274,-2.72555,8.614
5.24089,-6.75832,6.03177,-4.83026,31.399,-4.06145,-2.72198,8.61397
5.24203,-6.76568,6.04967,-4.83276,31.4002,-4.06014,-2.71842,8.61403
5.24343,-6.773,6.06765,-4.83522,31.4013,-4.05883,-2.71485,8.614
5.24393,-6.78009,6.08573,-4.83749,31.4025,-4.05751,-2.71128,8.61406
5.24477,-6.78714,6.1039,-4.83973,31.4036,-4.05618,-2.7077,8.61404
5.24589,-6.70652,6.15625,-4.76824,31.4063,-4.0558,-2.70453,8.61411
5.24682,-6.7133,6.17442,-4.77026,31.4073,-4.05446,-2.70094,8.6141
5.24777,-6.71986,6.19268,-4.7721,31.4083,-4.05312,-2.69736,8.61418
5.24879,-6.7282,6.21035,-4.77543,31.4092,-4.05174,-2.69377,8.61418
5.2498,-6.73629,6.22813,-4.77855,31.4102,-4.05038,-2.69018,8.61426
5.25078,-6.74435,6.24599,-4.78167,31.411,-4.04901,-2.68659,8.61425
5.25181,-6.75218,6.26394,-4.78457,31.4119,-4.04762,-2.68299,8.61432
5.25274,-6.75994,6.28199,-4.78743,31.4127,-4.04623,-2.67939,8.6143
5.25386,-6.76747,6.30014,-4.79009,31.4135,-4.04483,-2.67579,8.61437
5.25491,-6.85498,6.26737,-4.86363,31.4119,-4.04387,-2.6754,8.61437
5.2558,-6.77495,6.31837,-4.79271,31.4142,-4.04342,-2.67219,8.61435
5.25688,-6.78219,6.33669,-4.79514,31.415,-4.04201,-2.66858,8.61443
5.25768,-6.86972,6.30426,-4.86868,31.4135,-4.04105,-2.6682,8.61443
5.25874,-6.87512,6.32348,-4.86956,31.4142,-4.03966,-2.6646,8.61442
5.26017,-6.96268,6.29139,-4.94312,31.4127,-4.03871,-2.66422,8.61442
5.26072,-6.96966,6.30983,-4.94531,31.4134,-4.0373,-2.6607,8.61452
5.26192,-6.9748,6.32899,-4.94596,31.4141,-4.03593,-2.65716,8.61453
5.26275,-6.97801,6.34922,-4.94498,31.4148,-4.03453,-2.65356,8.61466
5.26378,-6.98122,6.36949,-4.94401,31.4156,-4.03312,-2.64996,8.61474
5.26496,-6.89666,6.42109,-4.86933,31.4177,-4.03266,-2.64671,8.61493
5.26576,-6.89974,6.4413,-4.86825,31.4184,-4.03126,-2.6431,8.61507
5.26674,-6.9027,6.46155,-4.86706,31.419,-4.02986,-2.6395,8.61533
5.2677,-6.90752,6.48122,-4.86744,31.4197,-4.02843,-2.63588,8.61553
5.26876,-6.91219,6.50095,-4.86767,31.4202,-4.02702,-2.63227,8.61583
5.26981,-6.9169,6.52071,-4.86797,31.4208,-4.0256,-2.62866,8.61605
5.27085,-6.92147,6.54053,-4.86812,31.4213,-4.02417,-2.62504,8.61638
5.27238,-6.92604,6.5604,-4.86829,31.4218,-4.02275,-2.62143,8.61662
5.27324,-6.92604,6.5604,-4.86829,31.4218,-4.02275,-2.62143,8.61662
5.27426,-6.9349,6.6003,-4.86838,31.4228,-4.01988,-2.61421,8.61723
5.27471,-6.93918,6.62032,-4.86829,31.4232,-4.01844,-2.6106,8.61759
5.27573,-6.85581,6.6704,-4.79469,31.425,-4.01793,-2.60726,8.61789
5.27677,-6.85995,6.69034,-4.7945,31.4253,-4.01649,-2.60365,8.61827
5.27775,-6.94763,6.6609,-4.86804,31.4241,-4.01553,-2.60331,8.61827
5.27868,-6.86995,6.7298,-4.79555,31.426,-4.01357,-2.59643,8.61898
5.27971,-6.87575,6.74973,-4.79677,31.4263,-4.01207,-2.59274,8.6193
5.28073,-6.8796,6.77026,-4.79634,31.4266,-4.0106,-2.58906,8.61971
5.28172,-6.88531,6.78987,-4.79747,31.4268,-4.0091,-2.58546,8.62003
5.28267,-6.89079,6.80956,-4.7984,31.427,-4.00763,-2.58186,8.62044
5.28376,-6.80859,6.85773,-4.72585,31.4284,-4.00711,-2.57858,8.62075
5.28474,-6.81391,6.87735,-4.72666,31.4285,-4.00561,-2.57497,8.62116
5.28578,-6.81924,6.89702,-4.72749,31.4286,-4.00411,-2.57137,8.62147
5.28684,-6.82618,6.9162,-4.72967,31.4286,-4.00258,-2.56776,8.62188
5.28804,-6.8331,6.93546,-4.73183,31.4286,-4.00106,-2.56414,8.62218
5.28877,-6.83984,6.95477,-4.73384,31.4285,-3.99952,-2.56053,8.62257
5.2897,-6.84655,6.97416,-4.73584,31.4285,-3.99798,-2.55691,8.62285
5.29076,-6.85304,6.99361,-4.73765,31.4283,-3.99642,-2.5533,8.62322
5.29167,-6.94081,6.96632,-4.81118,31.4272,-3.99546,-2.55298,8.62322
5.29269,-6.86578,7.03273,-4.74108,31.428,-3.99329,-2.54606,8.62385
5.29371,-6.87202,7.05239,-4.74269,31.4278,-3.99172,-2.54244,8.62411
5.29468,-6.87202,7.05239,-4.74269,31.4278,-3.99172,-2.54244,8.62411
5.29572,-6.87803,7.07172,-4.74411,31.4276,-3.99017,-2.53889,8.62446
5.29674,-6.88402,7.09112,-4.74552,31.4273,-3.98861,-2.53534,8.62473
5.29768,-6.88985,7.11098,-4.74678,31.427,-3.987,-2.53171,8.62509
5.29873,-6.89566,7.13091,-4.74805,31.4267,-3.9854,-2.52807,8.62536
5.29978,-6.90129,7.1509,-4.74915,31.4263,-3.98378,-2.52444,8.62572
5.3007,-6.90692,7.17095,-4.75026,31.4259,-3.98216,-2.5208,8.626
5.3017,-6.91236,7.19105,-4.7512,31.4255,-3.98054,-2.51717,8.62638
5.30273,-6.9178,7.21121,-4.75216,31.4251,-3.97891,-2.51353,8.62667
5.30379,-6.92306,7.23142,-4.75296,31.4246,-3.97727,-2.50989,8.62706
5.30483,-6.92832,7.25168,-4.75377,31.4241,-3.97563,-2.50625,8.62736
5.30571,-6.84555,7.29716,-4.68091,31.4246,-3.97495,-2.5029,8.62776
5.30704,-6.85064,7.31737,-4.68159,31.424,-3.9733,-2.49926,8.62808
5.30777,-6.85556,7.33762,-4.68211,31.4234,-3.97165,-2.49562,8.6285
5.30872,-6.8623,7.35743,-4.68417,31.4228,-3.96996,-2.49197,8.62883
5.30975,-6.86883,7.37731,-4.68604,31.4221,-3.96829,-2.48832,8.62924
5.31072,-6.87539,7.39724,-4.68794,31.4214,-3.96661,-2.48468,8.62957
5.31179,-6.88174,7.41722,-4.68967,31.4206,-3.96491,-2.48103,8.62997
5.31274,-6.88806,7.43727,-4.69139,31.4198,-3.96321,-2.47738,8.63029
5.3137,-6.89419,7.45738,-4.69293,31.419,-3.96151,-2.47373,8.63069
5.31519,-6.90031,7.47754,-4.69447,31.4182,-3.95979,-2.47008,8.631
5.31575,-6.90623,7.49777,-4.69585,31.4173,-3.95807,-2.46643,8.63141
5.3168,-6.91213,7.51804,-4.69722,31.4164,-3.95635,-2.46278,8.63172
5.31789,-6.82991,7.56174,-4.62493,31.4164,-3.95559,-2.45939,8.63213
5.31897,-6.83561,7.58196,-4.62615,31.4154,-3.95386,-2.45574,8.63245
5.31975,-6.84113,7.60223,-4.6272,31.4144,-3.95212,-2.45209,8.63287
5.32082,-6.84667,7.62297,-4.62828,31.4134,-3.95033,-2.44836,8.63321
5.32189,-6.93465,7.60008,-4.70178,31.4125,-3.94936,-2.4481,8.63321
5.32271,-6.86094,7.66287,-4.63309,31.4112,-3.94679,-2.44105,8.63397
5.32375,-6.86788,7.68289,-4.63534,31.4101,-3.94502,-2.43739,8.63438
5.32471,-6.87304,7.70383,-4.6361,31.4089,-3.94323,-2.43366,8.6347
5.32576,-6.96105,7.6816,-4.7096,31.4081,-3.94225,-2.43341,8.6347
5.32673,-6.88645,7.74416,-4.64022,31.4065,-3.93963,-2.42636,8.63544
5.32775,-6.89295,7.7644,-4.6421,31.4053,-3.93784,-2.4227,8.63585
5.32869,-6.89767,7.78554,-4.64251,31.404,-3.93602,-2.41898,8.63618
5.32965,-6.81597,7.82745,-4.57077,31.4034,-3.93517,-2.41556,8.63661
5.33068,-6.82222,7.8477,-4.57247,31.4021,-3.93336,-2.41191,8.63694
5.33169,-6.82832,7.86798,-4.57403,31.4007,-3.93155,-2.40825,8.63737
5.33269,-6.83622,7.8879,-4.5771,31.3993,-3.92969,-2.4046,8.6377
5.33371,-6.84389,7.90788,-4.57997,31.3978,-3.92786,-2.40094,8.63812
5.3347,-6.85155,7.92792,-4.58285,31.3963,-3.92601,-2.39728,8.63843
5.33577,-6.85898,7.94802,-4.58554,31.3948,-3.92415,-2.39362,8.63883
5.33668,-6.86637,7.96819,-4.5882,31.3932,-3.92228,-2.38995,8.63913
5.33768,-6.87354,7.98841,-4.59066,31.3916,-3.9204,-2.38629,8.63952
5.33873,-6.88063,8.0087,-4.59307,31.39,-3.91852,-2.38263,8.63985
5.33966,-6.96873,7.98857,-4.66655,31.3893,-3.91754,-2.38241,8.63985
5.34074,-6.89431,8.04863,-4.59748,31.3867,-3.91481,-2.37544,8.64052
5.34173,-6.81296,8.08891,-4.52616,31.3857,-3.91389,-2.37199,8.64081
5.34267,-6.81775,8.11006,-4.52666,31.3839,-3.91196,-2.36824,8.64121
5.3437,-6.82431,8.13046,-4.52865,31.3821,-3.91003,-2.36457,8.64153
5.34473,-6.83243,8.15013,-4.53193,31.3803,-3.90813,-2.36096,8.64193
5.34568,-6.84055,8.17028,-4.53521,31.3784,-3.90619,-2.35728,8.64224
5.34668,-6.84848,8.19048,-4.53833,31.3765,-3.90425,-2.3536,8.64263
5.34769,-6.85627,8.21033,-4.54136,31.3746,-3.90233,-2.34999,8.64292
5.34866,-6.86384,8.23026,-4.54418,31.3727,-3.90041,-2.34638,8.64329
5.34967,-6.87136,8.25026,-4.54699,31.3707,-3.89848,-2.34277,8.64357
5.35075,-6.87866,8.27032,-4.54959,31.3687,-3.89653,-2.33915,8.64394
5.35174,-6.96684,8.25196,-4.62305,31.3681,-3.89555,-2.33896,8.64394
5.35267,-6.89296,8.31064,-4.55458,31.3646,-3.89263,-2.3319,8.6446
5.35369,-6.98116,8.2926,-4.62804,31.364,-3.89164,-2.33171,8.6446
5.35468,-6.89822,8.33165,-4.55551,31.3625,-3.89065,-2.3282,8.64489
5.35576,-6.82188,8.3908,-4.48502,31.3587,-3.88765,-2.32105,8.6456
5.35668,-6.82858,8.41144,-4.48713,31.3565,-3.88561,-2.31734,8.64602
5.35771,-6.91679,8.39387,-4.56058,31.3559,-3.88463,-2.31716,8.64602
5.35869,-6.84521,8.4514,-4.49408,31.352,-3.88162,-2.31007,8.64676
5.35968,-6.85163,8.47222,-4.49598,31.3496,-3.8796,-2.30635,8.64708
5.36063,-6.93987,8.45513,-4.56942,31.3491,-3.87861,-2.30617,8.64708
5.36168,-6.86748,8.51253,-4.50229,31.3449,-3.87554,-2.29907,8.6478
5.36268,-6.87342,8.53351,-4.50378,31.3425,-3.8735,-2.29535,8.6482
5.3637,-6.96168,8.5169,-4.57722,31.342,-3.87252,-2.29518,8.6482
5.3647,-6.80027,8.59061,-4.43606,31.3381,-3.8704,-2.28823,8.64893
5.36569,-6.88853,8.57416,-4.50948,31.3376,-3.86941,-2.28806,8.64893
5.36671,-6.81673,8.63126,-4.4429,31.3331,-3.86623,-2.28086,8.64966
5.36768,-6.82571,8.65174,-4.44696,31.3304,-3.86412,-2.27713,8.64997
5.36887,-6.91399,8.63577,-4.52038,31.33,-3.86314,-2.27696,8.64997
5.36971,-6.84299,8.69203,-4.4545,31.3252,-3.85996,-2.26982,8.65063
5.37071,-6.84964,8.71298,-4.45661,31.3225,-3.85786,-2.26609,8.65101
5.37187,-6.93795,8.69748,-4.53003,31.3221,-3.85687,-2.26593,8.65101
5.37274,-6.86608,8.75361,-4.46347,31.3171,-3.85364,-2.25878,8.65167
5.3738,-6.8724,8.77471,-4.46532,31.3143,-3.85152,-2.25505,8.65196
5.3747,-6.96073,8.75969,-4.53874,31.3139,-3.85054,-2.2549,8.65196
5.37567,-6.88807,8.81566,-4.47154,31.3087,-3.84728,-2.24774,8.65263
5.37669,-6.88807,8.81566,-4.47154,31.3087,-3.84728,-2.24774,8.65263
5.37771,-6.89392,8.83691,-4.473,31.3059,-3.84514,-2.24401,8.65303
5.37875,-6.82056,8.89298,-4.40526,31.3005,-3.84181,-2.23677,8.65375
5.3797,-6.90891,8.87859,-4.47866,31.3001,-3.84083,-2.23662,8.65375
5.38075,-6.91631,8.89969,-4.48142,31.2971,-3.83865,-2.23289,8.65408
5.38175,-6.84399,8.95529,-4.41457,31.2915,-3.83531,-2.22564,8.6548
5.38282,-6.93236,8.94137,-4.48797,31.2911,-3.83433,-2.22551,8.6548
5.38381,-6.85956,8.99681,-4.42074,31.2854,-3.83094,-2.21826,8.65554
5.38474,-6.86619,9.018,-4.42286,31.2823,-3.82877,-2.21453,8.65595
5.38572,-6.95458,9.00456,-4.49625,31.2819,-3.82778,-2.2144,8.65595
5.38687,-6.88269,9.05914,-4.42981,31.2761,-3.82441,-2.20723,8.65669
5.38768,-6.9711,9.04602,-4.5032,31.2757,-3.82342,-2.20711,8.65669
5.38888,-6.88904,9.08046,-4.43172,31.2729,-3.82222,-2.20351,8.65702
5.38979,-6.89693,9.10114,-4.43489,31.2697,-3.82001,-2.19986,8.65744
5.39069,-6.82232,9.15641,-4.36624,31.2635,-3.81654,-2.19253,8.65823
5.39185,-6.91074,9.14375,-4.43961,31.2632,-3.81555,-2.19241,8.65823
5.39273,-6.9184,9.165,-4.4426,31.2598,-3.81332,-2.18868,8.65858
5.3937,-6.84657,9.21915,-4.37629,31.2535,-3.80986,-2.18143,8.65936
5.39472,-6.93501,9.20696,-4.44966,31.2532,-3.80887,-2.18132,8.65936
5.39573,-6.94224,9.22831,-4.45228,31.2498,-3.80662,-2.1776,8.6598
5.3968,-6.86957,9.28225,-4.38531,31.2432,-3.80313,-2.17035,8.66058
5.39775,-6.95804,9.27053,-4.45867,31.2429,-3.80214,-2.17024,8.66058
5.39878,-6.87648,9.30357,-4.3877,31.2397,-3.80086,-2.16664,8.66093
5.39978,-6.88489,9.32429,-4.39132,31.2363,-3.79861,-2.163,8.66138
5.40072,-6.8915,9.34572,-4.39346,31.2327,-3.79636,-2.15928,8.66173
5.4017,-6.81943,9.39933,-4.32705,31.2258,-3.79276,-2.15196,8.66256
5.40269,-6.8274,9.42049,-4.33031,31.2222,-3.79047,-2.14825,8.66301
5.40371,-6.91589,9.40955,-4.40365,31.2219,-3.78948,-2.14816,8.66301
5.4048,-6.92554,9.43027,-4.40832,31.2183,-3.7872,-2.14453,8.66336
5.40573,-6.93494,9.45105,-4.41277,31.2147,-3.78493,-2.1409,8.66379
5.40669,-6.94255,9.4725,-4.41576,31.211,-3.78264,-2.13719,8.66413
5.40766,-6.86873,9.52567,-4.34796,31.2037,-3.77899,-2.12987,8.66491
5.40869,-6.86873,9.52567,-4.34796,31.2037,-3.77899,-2.12987,8.66491
5.40968,-6.87583,9.54708,-4.35052,31.1999,-3.77667,-2.12617,8.66536
5.41073,-6.88464,9.5679,-4.35451,31.1961,-3.77437,-2.12255,8.66572
5.4118,-6.89327,9.58921,-4.35834,31.1922,-3.77203,-2.11885,8.66617
5.41273,-6.90188,9.61054,-4.36216,31.1883,-3.76969,-2.11516,8.66652
5.41378,-6.91026,9.63192,-4.36578,31.1844,-3.76734,-2.11146,8.66697
5.41471,-6.91857,9.65333,-4.36936,31.1805,-3.76499,-2.10777,8.66731
5.41571,-6.92665,9.67478,-4.37274,31.1765,-3.76263,-2.10408,8.66776
5.41673,-6.93467,9.69627,-4.37609,31.1725,-3.76027,-2.10039,8.66811
5.41777,-6.94247,9.71778,-4.37924,31.1684,-3.75791,-2.09671,8.66855
5.41881,-6.95022,9.73934,-4.38236,31.1644,-3.75555,-2.09303,8.66891
5.41973,-6.95776,9.76092,-4.38529,31.1603,-3.75318,-2.08935,8.66937
5.42079,-6.96525,9.78254,-4.3882,31.1562,-3.75081,-2.08567,8.66973
5.42172,-6.88392,9.81249,-4.31763,31.1522,-3.74943,-2.08206,8.6702
5.42272,-6.89116,9.83402,-4.32033,31.1481,-3.74706,-2.07838,8.67059
5.42366,-6.89819,9.85557,-4.32286,31.1439,-3.74468,-2.07471,8.67107
5.4247,-6.907,9.87701,-4.32687,31.1397,-3.74227,-2.07104,8.67147
5.42569,-6.83551,9.9277,-4.26119,31.1313,-3.73847,-2.06376,8.67235
5.42675,-6.92413,9.92,-4.33447,31.1312,-3.73748,-2.06371,8.67235
5.42775,-6.93244,9.94154,-4.33806,31.1269,-3.73508,-2.06005,8.67283
5.42869,-6.86177,9.99141,-4.2731,31.1184,-3.73129,-2.05284,8.67368
5.42975,-6.9504,9.98417,-4.34637,31.1182,-3.73029,-2.0528,8.67368
5.4308,-6.95837,10.0058,-4.34969,31.1138,-3.72787,-2.04914,8.67405
5.43166,-6.88678,10.0555,-4.28401,31.1052,-3.72405,-2.04194,8.67489
5.43279,-6.97543,10.0487,-4.35727,31.1051,-3.72306,-2.0419,8.67489
5.43371,-6.98287,10.0704,-4.36015,31.1006,-3.72062,-2.03825,8.67536
5.43465,-6.91042,10.1198,-4.29378,31.0917,-3.71677,-2.03105,8.67622
5.43573,-6.91042,10.1198,-4.29378,31.0917,-3.71677,-2.03105,8.67622
5.43672,-6.91753,10.1415,-4.29642,31.0872,-3.71432,-2.02739,8.67661
5.43767,-6.92615,10.1627,-4.30029,31.0827,-3.71189,-2.02382,8.6771
5.43864,-6.93477,10.1844,-4.30417,31.078,-3.70943,-2.02017,8.67751
5.4397,-6.94319,10.2061,-4.30787,31.0734,-3.70696,-2.01652,8.678
5.4407,-6.95156,10.2278,-4.31154,31.0687,-3.70448,-2.01287,8.6784
5.44177,-6.95969,10.2496,-4.31501,31.064,-3.702,-2.00922,8.6789
5.4428,-6.96777,10.2714,-4.31845,31.0592,-3.69952,-2.00557,8.6793
5.44372,-6.97562,10.2932,-4.32169,31.0545,-3.69704,-2.00193,8.6798
5.4447,-6.98343,10.315,-4.3249,31.0497,-3.69455,-1.99829,8.68022
5.44587,-6.99101,10.3369,-4.32792,31.0449,-3.69206,-1.99466,8.68073
5.44683,-6.90984,10.3636,-4.25771,31.0401,-3.69056,-1.99103,8.68115
5.44799,-6.91716,10.3854,-4.26052,31.0352,-3.68807,-1.9874,8.68168
5.44899,-6.84462,10.4334,-4.19424,31.0255,-3.68403,-1.98015,8.68265
5.44969,-6.93334,10.4289,-4.26743,31.0254,-3.68304,-1.98014,8.68265
5.45097,-6.94217,10.4507,-4.2715,31.0205,-3.68053,-1.97651,8.6831
5.4518,-6.95251,10.472,-4.2768,31.0156,-3.67804,-1.97296,8.68361
5.4532,-6.96103,10.4938,-4.28063,31.0106,-3.67553,-1.96934,8.68403
5.45379,-6.96936,10.5157,-4.28428,31.0056,-3.673,-1.96571,8.68455
5.4548,-6.88884,10.5413,-4.2147,31.0005,-3.67145,-1.96209,8.68497
5.45576,-6.89693,10.5636,-4.21816,30.9954,-3.66886,-1.9584,8.6855
5.45689,-6.90487,10.5853,-4.22151,30.9902,-3.66633,-1.95478,8.68592
5.45797,-6.9144,10.6071,-4.22617,30.9851,-3.66375,-1.95117,8.68645
5.45872,-6.92385,10.6289,-4.23077,30.9799,-3.66121,-1.94756,8.68687
5.45976,-6.93308,10.6507,-4.23519,30.9748,-3.65865,-1.94395,8.68738
5.46076,-6.94223,10.6725,-4.23956,30.9695,-3.65609,-1.94035,8.68779
5.46178,-6.95114,10.6944,-4.2437,30.9643,-3.65352,-1.93674,8.68829
5.46284,-6.95992,10.7163,-4.24777,30.959,-3.65095,-1.93314,8.68874
5.46375,-6.9686,10.7382,-4.25175,30.9537,-3.64838,-1.92955,8.68915
5.46493,-6.97704,10.7601,-4.25551,30.9484,-3.6458,-1.92595,8.68965
5.46574,-6.98541,10.7821,-4.25925,30.9431,-3.64322,-1.92236,8.69006
5.46678,-6.90476,10.8062,-4.18965,30.9377,-3.64163,-1.91874,8.69057
5.4677,-6.91285,10.8281,-4.19316,30.9323,-3.63904,-1.91515,8.69099
5.46872,-6.92071,10.8499,-4.19646,30.9269,-3.63645,-1.91156,8.69151
5.46982,-6.93033,10.8718,-4.20123,30.9214,-3.63383,-1.90798,8.69195
5.4708,-6.9397,10.8937,-4.20578,30.9159,-3.63123,-1.9044,8.69247
5.47174,-6.94903,10.9157,-4.21032,30.9104,-3.62862,-1.90082,8.69289
5.4727,-6.95811,10.9376,-4.21463,30.9049,-3.626,-1.89724,8.6934
5.47371,-6.96711,10.9596,-4.2189,30.8993,-3.62339,-1.89366,8.69382
5.47481,-6.97586,10.9816,-4.22295,30.8937,-3.62076,-1.89009,8.69433
5.4758,-6.98455,11.0037,-4.22696,30.8881,-3.61814,-1.88652,8.69475
5.47673,-6.99299,11.0257,-4.23076,30.8825,-3.61551,-1.88295,8.69527
5.47781,-7.00138,11.0478,-4.23453,30.8768,-3.61288,-1.87938,8.69569
5.47891,-6.92071,11.0703,-4.16503,30.8711,-3.61124,-1.87577,8.69622
5.47985,-6.9288,11.0923,-4.16857,30.8654,-3.6086,-1.8722,8.69666
5.48077,-6.93668,11.1143,-4.1719,30.8596,-3.60596,-1.86864,8.69719
5.48176,-6.94631,11.1363,-4.17671,30.8538,-3.60328,-1.86509,8.69765
5.48273,-6.95569,11.1584,-4.18129,30.848,-3.60063,-1.86153,8.69819
5.48376,-6.88529,11.2022,-4.11717,30.8363,-3.5963,-1.85436,8.69916
5.48486,-6.97413,11.2025,-4.1902,30.8363,-3.59531,-1.85442,8.69916
5.48582,-6.98314,11.2246,-4.1945,30.8305,-3.59264,-1.85087,8.6996
5.48668,-6.91342,11.2678,-4.131,30.8187,-3.58833,-1.84379,8.70054
5.48774,-7.00227,11.2685,-4.20401,30.8187,-3.58733,-1.84385,8.70054
5.48874,-7.01073,11.2906,-4.20784,30.8127,-3.58465,-1.84031,8.70107
5.48981,-6.94003,11.3335,-4.14356,30.8008,-3.58031,-1.83323,8.70202
5.49066,-6.94003,11.3335,-4.14356,30.8008,-3.58031,-1.83323,8.70202
5.49169,-6.9481,11.3556,-4.14711,30.7947,-3.57761,-1.82969,8.70246
5.49269,-6.95763,11.3773,-4.15183,30.7888,-3.57494,-1.82622,8.70299
5.49371,-6.96716,11.3995,-4.15659,30.7827,-3.57222,-1.82269,8.70343
5.49475,-6.97648,11.4216,-4.16114,30.7765,-3.56951,-1.81915,8.70397
5.49571,-6.98572,11.4439,-4.16565,30.7704,-3.56679,-1.81561,8.70441
5.4967,-6.99471,11.4661,-4.16994,30.7642,-3.56406,-1.81208,8.70494
5.49772,-7.00363,11.4884,-4.17419,30.758,-3.56133,-1.80855,8.70538
5.49873,-7.0123,11.5106,-4.17823,30.7517,-3.55861,-1.80503,8.70592
5.49966,-6.94041,11.5527,-4.11307,30.7391,-3.55413,-1.79789,8.70692
5.5008,-7.02929,11.5552,-4.18601,30.7392,-3.55314,-1.79798,8.70692
5.50172,-7.0376,11.5775,-4.18977,30.7329,-3.5504,-1.79446,8.70738
5.50265,-6.95852,11.5967,-4.1218,30.7266,-3.54868,-1.79093,8.70793
5.50378,-6.96651,11.6189,-4.12531,30.7202,-3.54596,-1.78741,8.70839
5.50475,-6.97432,11.6411,-4.12864,30.7138,-3.54321,-1.78389,8.70896
5.50597,-6.90426,11.6826,-4.06505,30.7009,-3.53867,-1.77678,8.71001
5.50682,-6.99314,11.6857,-4.13796,30.7009,-3.53767,-1.77688,8.71001
5.5077,-7.00238,11.7081,-4.14249,30.6945,-3.53491,-1.77337,8.71049
5.50869,-7.01307,11.7301,-4.1482,30.6881,-3.53217,-1.76994,8.71105
5.50973,-7.02196,11.7524,-4.15245,30.6816,-3.52942,-1.76644,8.71151
5.51089,-7.03063,11.7748,-4.15651,30.675,-3.52664,-1.76294,8.71207
5.5117,-7.03921,11.7972,-4.1605,30.6685,-3.52386,-1.75944,8.71254
5.5127,-7.04755,11.8196,-4.16428,30.6619,-3.52107,-1.75595,8.71311
5.51376,-7.05582,11.842,-4.16803,30.6552,-3.51829,-1.75246,8.71359
5.5147,-7.06387,11.8644,-4.17158,30.6486,-3.5155,-1.74897,8.71418
5.51572,-7.07187,11.8869,-4.1751,30.6419,-3.51272,-1.74548,8.71468
5.51697,-6.99076,11.9047,-4.10558,30.6351,-3.51092,-1.74188,8.71528
5.51772,-6.99849,11.927,-4.10889,30.6284,-3.50813,-1.7384,8.7158
5.51876,-7.006,11.9493,-4.11201,30.6217,-3.50533,-1.73492,8.71642
5.51969,-7.01529,11.9718,-4.1166,30.6149,-3.50251,-1.73144,8.71696
5.52069,-7.02434,11.9943,-4.12096,30.6081,-3.4997,-1.72797,8.71759
5.52202,-7.03335,12.0167,-4.12533,30.6013,-3.49689,-1.7245,8.71813
5.52272,-7.04212,12.0392,-4.12947,30.5944,-3.49408,-1.72103,8.71875
5.52377,-7.05082,12.0617,-4.13359,30.5876,-3.49126,-1.71757,8.71928
5.52488,-7.05928,12.0842,-4.13748,30.5807,-3.48844,-1.71411,8.71991
5.5258,-7.06767,12.1067,-4.14135,30.5738,-3.48562,-1.71065,8.72045
5.52695,-7.07584,12.1292,-4.14501,30.5668,-3.48279,-1.70719,8.72109
5.52796,-7.08395,12.1517,-4.14865,30.5599,-3.47997,-1.70374,8.72163
5.5289,-7.00294,12.1681,-4.07932,30.5528,-3.47813,-1.70015,8.72228
5.52985,-7.01078,12.1905,-4.08274,30.5458,-3.4753,-1.6967,8.72284
5.53094,-7.0184,12.2128,-4.08597,30.5387,-3.47246,-1.69326,8.7235
5.53192,-7.02779,12.2354,-4.09065,30.5317,-3.46959,-1.68982,8.72408
5.53273,-7.03693,12.258,-4.09512,30.5246,-3.46675,-1.68638,8.72474
5.53386,-7.04604,12.2805,-4.09959,30.5175,-3.4639,-1.68294,8.72531
5.53504,-7.13494,12.2874,-4.1723,30.5176,-3.46291,-1.68309,8.72531
5.53576,-7.06368,12.3257,-4.10804,30.5032,-3.45819,-1.67608,8.72653
5.53693,-7.07223,12.3483,-4.11203,30.496,-3.45533,-1.67266,8.72718
5.53806,-7.07902,12.3711,-4.11459,30.4886,-3.45244,-1.66916,8.72776
5.53904,-6.99841,12.3863,-4.04569,30.4813,-3.45054,-1.66558,8.72843
5.53971,-7.0066,12.4087,-4.04942,30.4741,-3.44768,-1.66216,8.72902
5.54078,-7.0146,12.4312,-4.05298,30.4668,-3.44481,-1.65875,8.7297
5.54173,-7.02437,12.4538,-4.05799,30.4595,-3.44192,-1.65534,8.73029
5.54273,-7.03387,12.4764,-4.06278,30.4522,-3.43904,-1.65194,8.73097
5.54375,-7.04333,12.4991,-4.06756,30.4448,-3.43616,-1.64853,8.73154
5.54486,-7.05254,12.5217,-4.07211,30.4375,-3.43327,-1.64513,8.7322
5.5467,-7.06167,12.5443,-4.07662,30.4301,-3.43038,-1.64174,8.73277
5.54796,-7.06167,12.5443,-4.07662,30.4301,-3.43038,-1.64174,8.73277
5.54932,-7.16824,12.5983,-4.15777,30.4153,-3.4236,-1.63513,8.73399
5.54999,-7.00776,12.627,-4.02078,30.3999,-3.41966,-1.62786,8.73524
5.55105,-7.09665,12.6358,-4.09337,30.4,-3.41868,-1.62804,8.73524
5.55167,-7.09665,12.6358,-4.09337,30.4,-3.41868,-1.62804,8.73524
5.55249,-7.11165,12.6823,-4.09971,30.3846,-3.41274,-1.62106,8.73651
5.55347,-7.11165,12.6823,-4.09971,30.3846,-3.41274,-1.62106,8.73651
5.55439,-6.95171,12.7095,-3.96324,30.3692,-3.40884,-1.61389,8.73779
5.55523,-7.12947,12.7281,-4.10836,30.3694,-3.40687,-1.61426,8.73779
5.5557,-7.05613,12.7641,-4.04261,30.354,-3.40201,-1.60729,8.73908
5.55671,-7.06719,12.7869,-4.0487,30.3464,-3.39906,-1.60395,8.73978
5.55769,-7.07623,12.8091,-4.05318,30.3389,-3.39624,-1.60067,8.74035
5.55894,-7.08504,12.8313,-4.05744,30.3314,-3.39339,-1.5974,8.74101
5.55969,-7.09377,12.8535,-4.06167,30.3239,-3.39052,-1.59413,8.74158
5.56066,-7.10238,12.8762,-4.06576,30.3162,-3.38759,-1.59079,8.74227
5.56164,-7.11081,12.8984,-4.06974,30.3086,-3.38472,-1.58752,8.74285
5.56269,-7.03015,12.9102,-4.00104,30.3008,-3.38282,-1.58405,8.74352
5.56368,-7.11901,12.9207,-4.07352,30.3009,-3.38183,-1.58425,8.74352
5.56472,-7.04803,12.9546,-4.00982,30.2854,-3.377,-1.57752,8.7448
5.56567,-7.05777,12.9775,-4.01488,30.2775,-3.37403,-1.57418,8.7454
5.56666,-7.06716,12.9999,-4.01964,30.2698,-3.37112,-1.57092,8.74608
5.5677,-7.07647,13.0222,-4.02435,30.262,-3.3682,-1.56765,8.74666
5.56867,-7.16532,13.0334,-4.09678,30.2621,-3.36722,-1.56787,8.74666
5.56973,-7.09451,13.067,-4.0333,30.2463,-3.36234,-1.56113,8.74791
5.57072,-7.10156,13.0897,-4.03615,30.2382,-3.35937,-1.5578,8.7486
5.57172,-7.11027,13.1121,-4.04038,30.2303,-3.35641,-1.55454,8.74919
5.57278,-7.11874,13.1345,-4.0444,30.2224,-3.35347,-1.55128,8.74988
5.57377,-7.12715,13.1569,-4.04838,30.2144,-3.35052,-1.54803,8.75049
5.57468,-7.04651,13.1674,-3.9798,30.2063,-3.34855,-1.54455,8.75119
5.57574,-7.05475,13.1901,-3.98365,30.1981,-3.34553,-1.54122,8.75182
5.57664,-7.14357,13.2023,-4.05601,30.1982,-3.34455,-1.54145,8.75182
5.57784,-7.0741,13.2353,-3.99369,30.182,-3.33957,-1.53472,8.75314
5.57873,-7.0818,13.258,-3.99709,30.1737,-3.33657,-1.5314,8.75385
5.57964,-7.17061,13.2706,-4.06941,30.1738,-3.33559,-1.53163,8.75385
5.58072,-7.10021,13.3031,-4.00638,30.1574,-3.33058,-1.52491,8.75517
5.58222,-7.10753,13.3259,-4.00949,30.1491,-3.32757,-1.52159,8.75579
5.58278,-7.11633,13.3485,-4.0138,30.1409,-3.32456,-1.51835,8.75651
5.58451,-7.12515,13.3715,-4.01813,30.1325,-3.32151,-1.51504,8.75714
5.58478,-7.12515,13.3715,-4.01813,30.1325,-3.32151,-1.51504,8.75714
5.58571,-7.05342,13.4037,-3.95406,30.1157,-3.31644,-1.50825,8.7585
5.5867,-7.06174,13.4266,-3.95798,30.1073,-3.31338,-1.50495,8.75924
5.58769,-7.07169,13.4492,-3.96326,30.099,-3.31036,-1.50172,8.75987
5.58869,-7.08138,13.4719,-3.96831,30.0907,-3.30736,-1.4985,8.76058
5.58969,-7.09099,13.4946,-3.97332,30.0823,-3.30435,-1.49527,8.7612
5.59074,-7.17975,13.5085,-4.04553,30.0824,-3.30337,-1.49552,8.7612
5.59214,-7.10974,13.5404,-3.98293,30.0654,-3.29825,-1.48876,8.76252
5.59282,-7.19849,13.5546,-4.05512,30.0654,-3.29727,-1.48902,8.76252
5.59379,-7.20583,13.5775,-4.05825,30.0568,-3.29422,-1.48573,8.76323
5.59466,-7.21326,13.6009,-4.06146,30.0481,-3.29108,-1.48238,8.76388
5.59586,-7.22031,13.6238,-4.06436,30.0395,-3.28802,-1.47909,8.76461
5.59669,-7.14542,13.6548,-3.99782,30.0221,-3.28286,-1.47228,8.76604
5.59771,-7.15221,13.6775,-4.00054,30.0134,-3.2798,-1.46901,8.76673
5.59879,-7.15221,13.6775,-4.00054,30.0134,-3.2798,-1.46901,8.76673
5.59975,-7.0801,13.7076,-3.93631,29.9963,-3.27472,-1.46236,8.76819
5.6007,-7.08827,13.7306,-3.94012,29.9875,-3.27164,-1.45911,8.76899
5.60169,-7.09803,13.7533,-3.94526,29.9789,-3.26858,-1.45592,8.76973
5.60274,-7.10766,13.7761,-3.95031,29.9703,-3.26555,-1.45274,8.77041
5.60373,-7.19635,13.7915,-4.02237,29.9704,-3.26458,-1.45301,8.77041
5.60486,-7.12633,13.8216,-3.95991,29.953,-3.25946,-1.44638,8.77183
5.60571,-7.21501,13.8373,-4.03195,29.953,-3.25849,-1.44666,8.77183
5.60674,-7.1427,13.8672,-3.96764,29.9354,-3.25329,-1.43997,8.77327
5.60771,-7.23137,13.8832,-4.03965,29.9354,-3.25233,-1.44025,8.77327
5.60872,-7.24021,13.9065,-4.04403,29.9265,-3.24921,-1.43701,8.77405
5.6097,-7.16701,13.9359,-3.97903,29.9087,-3.24403,-1.43033,8.77549
5.61075,-7.25565,13.9523,-4.051,29.9088,-3.24307,-1.43061,8.77549
5.61175,-7.17375,13.9587,-3.98173,29.8997,-3.24092,-1.4271,8.77618
5.61274,-7.18198,13.9814,-3.98563,29.8909,-3.23784,-1.42395,8.77697
5.61377,-7.18843,14.0041,-3.9881,29.8819,-3.23475,-1.42072,8.77768
5.61567,-7.19652,14.0273,-3.99188,29.8728,-3.2316,-1.41751,8.77851
5.61645,-7.19652,14.0273,-3.99188,29.8728,-3.2316,-1.41751,8.77851
5.61735,-7.13174,14.0803,-3.93098,29.8452,-3.22307,-1.40744,8.78082
5.61845,-7.22034,14.0974,-4.00288,29.8452,-3.22211,-1.40774,8.78082
5.61921,-7.22034,14.0974,-4.00288,29.8452,-3.22211,-1.40774,8.78082
5.62033,-7.23582,14.1453,-4.00986,29.8263,-3.21562,-1.40107,8.78245
5.62111,-7.24492,14.1686,-4.01447,29.8172,-3.21249,-1.39788,8.78328
5.62167,-7.25224,14.192,-4.01764,29.8079,-3.20934,-1.39462,8.78402
5.62269,-7.17072,14.1971,-3.94876,29.7988,-3.20721,-1.39114,8.78485
5.62375,-7.1777,14.2198,-3.95169,29.7897,-3.2041,-1.38797,8.78559
5.62468,-7.18447,14.2426,-3.95442,29.7805,-3.201,-1.3848,8.78644
5.62568,-7.19302,14.2656,-3.95862,29.7713,-3.19786,-1.38165,8.7872
5.62668,-7.20125,14.2882,-3.96255,29.7623,-3.19482,-1.37856,8.78803
5.62772,-7.20954,14.3113,-3.96654,29.7531,-3.19169,-1.37541,8.78879
5.62867,-7.21749,14.3339,-3.97025,29.744,-3.18863,-1.37232,8.78962
5.62968,-7.2255,14.3569,-3.97401,29.7347,-3.1855,-1.36918,8.79038
5.63068,-7.23317,14.3795,-3.9775,29.7255,-3.18243,-1.3661,8.79121
5.6317,-7.24079,14.402,-3.98097,29.7164,-3.17935,-1.36303,8.79196
5.6327,-7.2482,14.4246,-3.98425,29.7072,-3.17626,-1.35996,8.7928
5.63368,-7.33667,14.4437,-4.05594,29.7072,-3.17531,-1.36029,8.7928
5.63483,-7.26282,14.4701,-3.99065,29.6885,-3.17002,-1.35377,8.79444
5.63567,-7.18158,14.4738,-3.92213,29.679,-3.16782,-1.35031,8.79522
5.63668,-7.27003,14.4931,-3.99378,29.679,-3.16686,-1.35064,8.79522
5.63772,-7.19562,14.5194,-3.92807,29.66,-3.16147,-1.34406,8.79691
5.63885,-7.20415,14.5427,-3.93226,29.6505,-3.1583,-1.34095,8.79781
5.63976,-7.21096,14.5659,-3.93506,29.6407,-3.1551,-1.33776,8.79862
5.64072,-7.21931,14.5891,-3.9391,29.6312,-3.1519,-1.33465,8.79951
5.64169,-7.30771,14.6091,-4.01068,29.6312,-3.15094,-1.33499,8.79951
5.64289,-7.23561,14.6354,-3.94691,29.612,-3.14556,-1.32844,8.80119
5.64373,-7.24361,14.6585,-3.9507,29.6024,-3.14238,-1.32534,8.80198
5.64539,-7.25127,14.6811,-3.95421,29.593,-3.13927,-1.32231,8.80284
5.64594,-7.17063,14.6837,-3.88627,29.5833,-3.13705,-1.31888,8.80363
5.64671,-7.17814,14.7066,-3.88966,29.5737,-3.13386,-1.31579,8.80451
5.6477,-7.1856,14.7295,-3.89303,29.564,-3.13068,-1.3127,8.8053
5.64871,-7.19464,14.7528,-3.89766,29.5543,-3.12746,-1.30962,8.80619
5.64967,-7.20351,14.7756,-3.90219,29.5447,-3.12434,-1.30661,8.80696
5.65077,-7.21214,14.7984,-3.90651,29.5351,-3.12121,-1.3036,8.80781
5.65174,-7.22069,14.8212,-3.91079,29.5255,-3.11807,-1.3006,8.80856
5.65275,-7.22913,14.8444,-3.91495,29.5157,-3.11485,-1.29753,8.80943
5.65377,-7.2375,14.8676,-3.91908,29.5059,-3.11165,-1.29447,8.81019
5.65472,-7.24564,14.8908,-3.923,29.4961,-3.10843,-1.29141,8.81105
5.65574,-7.25371,14.9139,-3.9269,29.4862,-3.10522,-1.28835,8.8118
5.65683,-7.26145,14.9366,-3.93051,29.4765,-3.10208,-1.28536,8.81264
5.65875,-7.18089,14.9374,-3.86277,29.4668,-3.09988,-1.28201,8.81339
5.66014,-7.35736,14.9812,-4.00543,29.4667,-3.09798,-1.28274,8.81339
5.66111,-7.11689,14.9846,-3.80315,29.437,-3.09113,-1.27251,8.8159
5.66217,-7.29331,15.0289,-3.94573,29.4369,-3.08923,-1.27325,8.8159
5.66299,-7.21424,15.0305,-3.8792,29.4268,-3.08688,-1.26978,8.81668
5.66421,-7.30785,15.0763,-3.95219,29.4163,-3.08264,-1.26697,8.81757
5.66504,-7.30785,15.0763,-3.95219,29.4163,-3.08264,-1.26697,8.81757
5.66604,-7.32523,15.1235,-3.96098,29.3961,-3.07611,-1.26086,8.81921
5.66696,-7.32523,15.1235,-3.96098,29.3961,-3.07611,-1.26086,8.81921
5.66776,-7.25226,15.1476,-3.8968,29.3758,-3.0705,-1.25432,8.82086
5.66857,-7.25226,15.1476,-3.8968,29.3758,-3.0705,-1.25432,8.82086
5.66946,-7.26528,15.1942,-3.90207,29.3552,-3.0639,-1.2481,8.82255
5.67036,-7.26528,15.1942,-3.90207,29.3552,-3.0639,-1.2481,8.82255
5.67156,-7.193,15.2175,-3.83849,29.335,-3.05835,-1.24166,8.82424
5.67245,-7.193,15.2175,-3.83849,29.335,-3.05835,-1.24166,8.82424
5.67352,-7.20838,15.2636,-3.84573,29.3146,-3.05188,-1.23563,8.82593
5.67454,-7.29644,15.2871,-3.91682,29.3145,-3.05094,-1.23602,8.82593
5.67574,-7.29644,15.2871,-3.91682,29.3145,-3.05094,-1.23602,8.82593
5.67723,-7.32374,15.3576,-3.93111,29.284,-3.04122,-1.22706,8.82837
5.67816,-7.32374,15.3576,-3.93111,29.284,-3.04122,-1.22706,8.82837
5.67941,-7.33793,15.4046,-3.93738,29.2631,-3.03462,-1.22095,8.83004
5.68039,-7.33793,15.4046,-3.93738,29.2631,-3.03462,-1.22095,8.83004
5.68143,-7.27026,15.4508,-3.87501,29.2315,-3.02558,-1.21132,8.83266
5.68232,-7.27026,15.4508,-3.87501,29.2315,-3.02558,-1.21132,8.83266
5.68331,-7.19515,15.4725,-3.80928,29.2107,-3.01994,-1.20486,8.83441
5.68429,-7.28308,15.4971,-3.8802,29.2106,-3.019,-1.20526,8.83441
5.68471,-7.29102,15.5199,-3.88407,29.2004,-3.01579,-1.20235,8.83522
5.68573,-7.29882,15.5432,-3.88779,29.19,-3.01253,-1.19937,8.83614
5.68665,-7.22788,15.5642,-3.8255,29.1696,-3.00707,-1.19315,8.83784
5.68774,-7.31574,15.5893,-3.89635,29.1695,-3.00613,-1.19356,8.83784
5.68958,-7.32317,15.6121,-3.89982,29.1592,-3.00292,-1.19067,8.83863
5.69065,-7.32317,15.6121,-3.89982,29.1592,-3.00292,-1.19067,8.83863
5.69167,-7.25832,15.6551,-3.83994,29.1283,-2.99419,-1.1816,8.8412
5.69288,-7.25832,15.6551,-3.83994,29.1283,-2.99419,-1.1816,8.8412
5.69404,-7.27217,15.7015,-3.84603,29.1069,-2.98755,-1.17566,8.84296
5.69514,-7.27217,15.7015,-3.84603,29.1069,-2.98755,-1.17566,8.84296
5.69638,-7.28881,15.7479,-3.8544,29.0858,-2.981,-1.16986,8.84469
5.69736,-7.28881,15.7479,-3.8544,29.0858,-2.981,-1.16986,8.84469
5.69856,-7.46426,15.8001,-3.99577,29.0855,-2.97914,-1.17071,8.84469
5.69973,-7.14533,15.7886,-3.72878,29.0435,-2.96965,-1.15733,8.84812
5.70082,-7.32072,15.8412,-3.87006,29.0431,-2.9678,-1.15818,8.84812
5.70178,-7.15727,15.8348,-3.73339,29.0214,-2.96292,-1.15131,8.84988
5.70285,-7.3326,15.8879,-3.87459,29.0211,-2.96106,-1.15217,8.84988
5.70383,-7.3326,15.8879,-3.87459,29.0211,-2.96106,-1.15217,8.84988
5.70486,-7.2736,15.9314,-3.81964,28.9895,-2.95213,-1.1432,8.85237
5.70578,-7.2736,15.9314,-3.81964,28.9895,-2.95213,-1.1432,8.85237
5.70671,-7.44878,15.9855,-3.96069,28.9891,-2.95028,-1.14408,8.85237
5.70779,-7.20822,15.9733,-3.7596,28.9574,-2.94319,-1.13412,8.85493
5.7089,-7.38334,16.0278,-3.90055,28.957,-2.94134,-1.135,8.85493
5.71002,-7.38334,16.0278,-3.90055,28.957,-2.94134,-1.135,8.85493
5.71075,-7.31846,16.0697,-3.84095,28.9247,-2.93233,-1.12597,8.85742
5.71099,-7.31846,16.0697,-3.84095,28.9247,-2.93233,-1.12597,8.85742
5.71175,-7.32446,16.0923,-3.84331,28.9138,-2.92908,-1.1231,8.85831
5.71288,-7.33059,16.1154,-3.84579,28.9027,-2.9257,-1.12019,8.85914
5.71371,-7.33807,16.138,-3.84934,28.892,-2.92244,-1.1174,8.86004
5.71471,-7.3455,16.1607,-3.8529,28.8812,-2.9192,-1.11462,8.86085
5.71565,-7.26532,16.1551,-3.78595,28.8707,-2.91687,-1.11139,8.86176
5.71669,-7.27254,16.1776,-3.78934,28.8599,-2.91361,-1.10862,8.86256
5.71772,-7.27954,16.2,-3.79253,28.8491,-2.91035,-1.10585,8.86348
5.71872,-7.28827,16.223,-3.79714,28.8382,-2.90705,-1.10309,8.86429
5.71973,-7.29674,16.2459,-3.80152,28.8273,-2.90378,-1.10033,8.86521
5.72072,-7.30519,16.2687,-3.80592,28.8162,-2.9005,-1.09761,8.866
5.72174,-7.31339,16.2917,-3.81008,28.8055,-2.89719,-1.09375,8.86691
5.72323,-7.32154,16.3147,-3.81425,28.7946,-2.89388,-1.08986,8.86768
5.7237,-7.32942,16.3376,-3.81815,28.7837,-2.89057,-1.08595,8.86859
5.72479,-7.33728,16.3605,-3.82209,28.7728,-2.88725,-1.08204,8.86934
5.72576,-7.34484,16.3833,-3.82575,28.7617,-2.88393,-1.0781,8.87026
5.72662,-7.35242,16.4061,-3.82947,28.7507,-2.88061,-1.07416,8.87101
5.72769,-7.2725,16.3994,-3.76283,28.7398,-2.87819,-1.06973,8.87194
5.72873,-7.27982,16.422,-3.76636,28.7287,-2.87486,-1.06577,8.87269
5.72973,-7.28685,16.4446,-3.7696,28.7175,-2.87153,-1.06179,8.87363
5.73071,-7.29567,16.4677,-3.77433,28.7062,-2.86817,-1.05782,8.87438
5.73171,-7.38281,16.4974,-3.84433,28.7059,-2.86725,-1.05829,8.87438
5.73268,-7.31269,16.5138,-3.78327,28.6836,-2.86148,-1.04984,8.87605
5.73371,-7.3209,16.5368,-3.78747,28.6723,-2.85814,-1.04585,8.87698
5.73475,-7.40797,16.5669,-3.8574,28.672,-2.85723,-1.04633,8.87698
5.73572,-7.3354,16.5825,-3.79438,28.6493,-2.85138,-1.03777,8.87865
5.73665,-7.25627,16.5751,-3.72852,28.6381,-2.84894,-1.03329,8.87938
5.73769,-7.3433,16.6054,-3.7984,28.6378,-2.84803,-1.03377,8.87938
5.73884,-7.26995,16.6203,-3.7348,28.615,-2.84218,-1.02519,8.88107
5.73969,-7.27906,16.6436,-3.73975,28.6034,-2.83881,-1.02119,8.88201
5.74077,-7.28653,16.6666,-3.74342,28.5917,-2.83542,-1.01709,8.88276
5.74173,-7.2954,16.6898,-3.74818,28.5801,-2.83204,-1.0131,8.88369
5.74276,-7.30424,16.7129,-3.75298,28.5685,-2.82869,-1.0091,8.8844
5.74373,-7.31277,16.7359,-3.75748,28.5569,-2.82534,-1.0051,8.88531
5.74477,-7.32131,16.7589,-3.76205,28.5453,-2.82198,-1.00111,8.88602
5.7461,-7.32951,16.7819,-3.76629,28.5337,-2.81863,-0.997112,8.88692
5.74665,-7.33772,16.8048,-3.7706,28.522,-2.81527,-0.993118,8.88761
5.74781,-7.25879,16.7963,-3.70496,28.5107,-2.81282,-0.988622,8.88851
5.74877,-7.26672,16.819,-3.70905,28.499,-2.80946,-0.984625,8.8892
5.74972,-7.27432,16.8416,-3.71283,28.4872,-2.8061,-0.980629,8.8901
5.75082,-7.2837,16.8649,-3.71809,28.4755,-2.80271,-0.976634,8.89079
5.75171,-7.29273,16.8881,-3.72303,28.4637,-2.79935,-0.972639,8.89168
5.75271,-7.30179,16.9112,-3.72805,28.4519,-2.79598,-0.968647,8.89235
5.75372,-7.3105,16.9343,-3.73274,28.4401,-2.79261,-0.964658,8.89322
5.75471,-7.39716,16.9663,-3.80223,28.4397,-2.79172,-0.965169,8.89322
5.7557,-7.32758,16.9803,-3.74192,28.4164,-2.78588,-0.956688,8.89474
5.75674,-7.33596,17.0033,-3.7464,28.4046,-2.78251,-0.952705,8.8954
5.75769,-7.34238,17.0259,-3.74926,28.3924,-2.77911,-0.948627,8.89627
5.75869,-7.26391,17.0163,-3.68413,28.3809,-2.77661,-0.944136,8.89694
5.75971,-7.27166,17.039,-3.68808,28.369,-2.77325,-0.940156,8.89781
5.76075,-7.27947,17.0616,-3.69212,28.3571,-2.76988,-0.936179,8.89849
5.76176,-7.28871,17.0849,-3.69726,28.3451,-2.76648,-0.932205,8.89936
5.76273,-7.29794,17.108,-3.70246,28.3331,-2.76311,-0.928231,8.90003
5.76369,-7.30685,17.1312,-3.70735,28.3211,-2.75974,-0.924262,8.90089
5.76468,-7.31576,17.1542,-3.7123,28.3091,-2.75636,-0.920297,8.90153
5.76568,-7.32433,17.1772,-3.71692,28.2971,-2.75299,-0.916336,8.90238
5.76673,-7.33289,17.2002,-3.72159,28.2851,-2.74961,-0.912378,8.90302
5.76771,-7.34111,17.2231,-3.72595,28.273,-2.74624,-0.908422,8.90386
5.76878,-7.34935,17.2459,-3.73037,28.2609,-2.74286,-0.904469,8.9045
5.76981,-7.35724,17.2687,-3.73447,28.2489,-2.73949,-0.900517,8.90534
5.77066,-7.36516,17.2914,-3.73863,28.2368,-2.73611,-0.896567,8.90598
5.7718,-7.2865,17.2804,-3.67343,28.2251,-2.73362,-0.892084,8.90683
5.77267,-7.29414,17.3029,-3.67738,28.2129,-2.73024,-0.888135,8.90748
5.77373,-7.30146,17.3254,-3.68104,28.2008,-2.72686,-0.884188,8.90834
5.77472,-7.31055,17.3485,-3.68616,28.1886,-2.72345,-0.880243,8.909
5.7759,-7.31929,17.3715,-3.69096,28.1764,-2.72006,-0.876298,8.90985
5.77677,-7.32808,17.3945,-3.69584,28.1642,-2.71668,-0.872359,8.9105
5.77812,-7.33651,17.4174,-3.7004,28.1519,-2.71329,-0.868424,8.91135
5.77872,-7.34495,17.4403,-3.70502,28.1397,-2.7099,-0.864493,8.91199
5.77967,-7.35305,17.4631,-3.70931,28.1274,-2.70651,-0.860565,8.91283
5.78074,-7.36116,17.4859,-3.71367,28.1152,-2.70312,-0.856641,8.91346
5.78172,-7.36893,17.5086,-3.71772,28.1029,-2.69973,-0.852719,8.9143
5.78267,-7.29075,17.4965,-3.65304,28.0911,-2.69722,-0.848249,8.91495
5.78373,-7.29825,17.519,-3.65688,28.0787,-2.69383,-0.84433,8.91579
5.78468,-7.30577,17.5414,-3.66078,28.0664,-2.69044,-0.840413,8.91645
5.78567,-7.31471,17.5645,-3.66577,28.0541,-2.68702,-0.836499,8.9173
5.78675,-7.32365,17.5876,-3.67081,28.0417,-2.68362,-0.832586,8.91795
5.78771,-7.33227,17.6105,-3.67556,28.0293,-2.68022,-0.828679,8.91879
5.7887,-7.34089,17.6334,-3.68036,28.0169,-2.67682,-0.824777,8.91943
5.78973,-7.34916,17.6563,-3.68483,28.0045,-2.67342,-0.82088,8.92026
5.79075,-7.35745,17.6791,-3.68937,27.9921,-2.67002,-0.816986,8.92089
5.79174,-7.36539,17.7018,-3.69359,27.9797,-2.66662,-0.813097,8.92172
5.79278,-7.37334,17.7244,-3.69787,27.9672,-2.66322,-0.80921,8.92235
5.79369,-7.45902,17.7602,-3.76636,27.9667,-2.66235,-0.809775,8.92235
5.7947,-7.38861,17.7696,-3.70587,27.9423,-2.65642,-0.801446,8.92382
5.79575,-7.3103,17.7561,-3.64117,27.9304,-2.65389,-0.796999,8.92466
5.79666,-7.39593,17.7921,-3.7096,27.9298,-2.65302,-0.797567,8.92466
5.79771,-7.32478,17.8007,-3.64856,27.9053,-2.64706,-0.789248,8.92617
5.79869,-7.41035,17.8369,-3.71693,27.9048,-2.64619,-0.789819,8.92617
5.80068,-7.34025,17.8454,-3.65677,27.8805,-2.64032,-0.781596,8.92768
5.80142,-7.34025,17.8454,-3.65677,27.8805,-2.64032,-0.781596,8.92768
5.8024,-7.43423,17.9047,-3.7298,27.8674,-2.63603,-0.778295,8.92834
5.8034,-7.43423,17.9047,-3.7298,27.8674,-2.63603,-0.778295,8.92834
5.80438,-7.37161,17.9367,-3.6735,27.8296,-2.62652,-0.76592,8.93074
5.80538,-7.37161,17.9367,-3.6735,27.8296,-2.62652,-0.76592,8.93074
5.8064,-7.45698,17.9734,-3.74169,27.829,-2.62565,-0.766499,8.93074
5.80761,-7.21963,17.9311,-3.54588,27.7914,-2.61764,-0.75261,8.93304
5.80851,-7.39029,18.0048,-3.68218,27.7902,-2.61591,-0.753773,8.93304
5.80962,-7.31831,18.013,-3.62055,27.7648,-2.6098,-0.745242,8.93465
5.81066,-7.40356,18.0502,-3.68862,27.7643,-2.60893,-0.745827,8.93465
5.81152,-7.25088,18.022,-3.56262,27.74,-2.6038,-0.736958,8.93623
5.81261,-7.42128,18.0966,-3.69867,27.7388,-2.60208,-0.738133,8.93623
5.81362,-7.26651,18.067,-3.57104,27.7145,-2.59696,-0.729295,8.93777
5.81472,-7.43678,18.1419,-3.70696,27.7134,-2.59524,-0.730476,8.93777
5.81558,-7.28312,18.1125,-3.58026,27.6891,-2.59012,-0.721649,8.9393
5.81668,-7.45325,18.1878,-3.71605,27.6879,-2.58841,-0.722836,8.9393
5.81768,-7.29912,18.1576,-3.58901,27.6636,-2.58329,-0.714026,8.9408
5.81853,-7.46911,18.2334,-3.72468,27.6623,-2.58157,-0.715218,8.9408
5.81958,-7.31446,18.2026,-3.59726,27.638,-2.57645,-0.70642,8.94229
5.82057,-7.39941,18.2406,-3.66504,27.6374,-2.57559,-0.707018,8.94229
5.82163,-7.40841,18.2636,-3.6702,27.6247,-2.57215,-0.703277,8.94313
5.82279,-7.42276,18.3083,-3.67766,27.5991,-2.56531,-0.695695,8.94463
5.82397,-7.42276,18.3083,-3.67766,27.5991,-2.56531,-0.695695,8.94463
5.82494,-7.26697,18.2763,-3.54941,27.5744,-2.56013,-0.68681,8.94614
5.82599,-7.43656,18.3532,-3.68468,27.5731,-2.55843,-0.688018,8.94614
5.82702,-7.28025,18.3201,-3.55605,27.5487,-2.55329,-0.679246,8.94766
5.82824,-7.4497,18.3974,-3.69119,27.5474,-2.55158,-0.680461,8.94766
5.8295,-7.29975,18.3668,-3.56767,27.5229,-2.54638,-0.67169,8.94918
5.8306,-7.55364,18.4835,-3.77012,27.5209,-2.54383,-0.673522,8.94918
5.83164,-7.40326,18.4522,-3.64631,27.4964,-2.53866,-0.66478,8.95062
5.83267,-7.41827,18.4979,-3.65437,27.4701,-2.53167,-0.657098,8.95206
5.83367,-7.41827,18.4979,-3.65437,27.4701,-2.53167,-0.657098,8.95206
5.83485,-7.41827,18.4979,-3.65437,27.4701,-2.53167,-0.657098,8.95206
5.8361,-7.43592,18.5634,-3.66263,27.4311,-2.52137,-0.645777,8.95416
5.83707,-7.43592,18.5634,-3.66263,27.4311,-2.52137,-0.645777,8.95416
5.83804,-7.52682,18.6252,-3.73311,27.4173,-2.51708,-0.642627,8.95501
5.83923,-7.37141,18.5915,-3.60535,27.3918,-2.51166,-0.633539,8.95657
5.83994,-7.37141,18.5915,-3.60535,27.3918,-2.51166,-0.633539,8.95657
5.84035,-7.38408,18.6357,-3.61158,27.3654,-2.50471,-0.625939,8.95812
5.84076,-7.38408,18.6357,-3.61158,27.3654,-2.50471,-0.625939,8.95812
5.84178,-7.38866,18.6572,-3.61332,27.352,-2.50123,-0.622096,8.95882
5.84275,-7.39627,18.6798,-3.61743,27.3389,-2.49774,-0.618369,8.95971
5.84371,-7.40377,18.7018,-3.62153,27.3261,-2.49438,-0.614746,8.96039
5.84479,-7.33419,18.7055,-3.56233,27.3011,-2.48847,-0.606879,8.96193
5.84582,-7.41827,18.7457,-3.62929,27.3004,-2.48763,-0.607509,8.96193
5.84687,-7.42521,18.7676,-3.6329,27.2875,-2.48425,-0.60389,8.96279
5.84768,-7.35639,18.771,-3.57436,27.2626,-2.47837,-0.596109,8.9643
5.84868,-7.36311,18.7927,-3.57786,27.2496,-2.47497,-0.592482,8.96496
5.84969,-7.44703,18.8333,-3.64469,27.2489,-2.47414,-0.593119,8.96496
5.85071,-7.45495,18.8553,-3.64911,27.2362,-2.47077,-0.589592,8.9658
5.85173,-7.37902,18.8365,-3.58683,27.2241,-2.46826,-0.58542,8.96644
5.85282,-7.38508,18.858,-3.58978,27.2111,-2.46487,-0.581781,8.96729
5.8537,-7.39119,18.8794,-3.59281,27.198,-2.46145,-0.578143,8.96795
5.85478,-7.32238,18.8826,-3.53434,27.1725,-2.45539,-0.570207,8.96947
5.85568,-7.40611,18.9237,-3.60098,27.1718,-2.45456,-0.570849,8.96947
5.85672,-7.41329,18.9458,-3.60482,27.1586,-2.45113,-0.567205,8.97032
5.85789,-7.34528,18.9488,-3.54705,27.1333,-2.44515,-0.559379,8.9718
5.85873,-7.42889,18.9901,-3.61358,27.1325,-2.44432,-0.560025,8.9718
5.85973,-7.36037,18.9927,-3.55542,27.1072,-2.4383,-0.552208,8.97326
5.86073,-7.36037,18.9927,-3.55542,27.1072,-2.4383,-0.552208,8.97326
5.86177,-7.36695,19.0144,-3.55887,27.094,-2.43487,-0.548567,8.97389
5.86272,-7.29929,19.017,-3.50144,27.0685,-2.42883,-0.540741,8.97533
5.86371,-7.30697,19.0393,-3.50573,27.0552,-2.42537,-0.537104,8.97615
5.86469,-7.39038,19.081,-3.57208,27.0544,-2.42455,-0.537757,8.97615
5.86571,-7.32509,19.0843,-3.51659,27.0292,-2.41856,-0.530048,8.97753
5.86674,-7.33242,19.1063,-3.52067,27.0159,-2.41512,-0.526421,8.97812
5.86776,-7.4157,19.1483,-3.58691,27.0151,-2.4143,-0.527078,8.97812
5.86868,-7.34946,19.1508,-3.53072,26.9897,-2.40829,-0.519387,8.97945
5.86971,-7.35609,19.1726,-3.5342,26.9764,-2.40485,-0.515769,8.98022
5.8707,-7.43924,19.2149,-3.60031,26.9756,-2.40403,-0.51643,8.98022
5.87169,-7.37212,19.2167,-3.54346,26.9502,-2.39802,-0.508748,8.98153
5.87272,-7.45518,19.2592,-3.6095,26.9494,-2.3972,-0.509411,8.98153
5.87374,-7.37842,19.2382,-3.54675,26.9368,-2.39457,-0.505134,8.98209
5.87469,-7.38596,19.2601,-3.55098,26.9237,-2.39113,-0.501628,8.98285
5.87579,-7.39193,19.2815,-3.55401,26.9103,-2.38768,-0.498014,8.98342
5.87668,-7.3993,19.3037,-3.5581,26.8968,-2.38418,-0.494404,8.98421
5.87783,-7.40665,19.3259,-3.56223,26.8834,-2.3807,-0.490793,8.98479
5.8788,-7.4137,19.3479,-3.56607,26.8699,-2.37722,-0.487188,8.98557
5.87979,-7.42077,19.3699,-3.56999,26.8565,-2.37374,-0.48359,8.98615
5.88072,-7.42752,19.3918,-3.57359,26.843,-2.37027,-0.479998,8.98693
5.88169,-7.43429,19.4136,-3.57727,26.8296,-2.36679,-0.47641,8.98751
5.88266,-7.44073,19.4354,-3.58065,26.8161,-2.36332,-0.472827,8.9883
5.88366,-7.44721,19.4571,-3.58411,26.8026,-2.35984,-0.469248,8.98889
5.88469,-7.37079,19.4353,-3.52166,26.79,-2.35718,-0.464996,8.98968
5.88564,-7.37704,19.4567,-3.52494,26.7765,-2.35371,-0.461423,8.99028
5.88668,-7.38297,19.4781,-3.52792,26.763,-2.35023,-0.457852,8.99108
5.88772,-7.39061,19.5004,-3.53231,26.7495,-2.34673,-0.454281,8.99169
5.88866,-7.39791,19.5225,-3.53639,26.7359,-2.34326,-0.450713,8.99249
5.88974,-7.40525,19.5446,-3.54056,26.7224,-2.33978,-0.447153,8.99309
5.89073,-7.41227,19.5665,-3.54442,26.7088,-2.3363,-0.4436,8.99388
5.89168,-7.41929,19.5885,-3.54835,26.6953,-2.33283,-0.440054,8.99447
5.89273,-7.42599,19.6103,-3.55196,26.6818,-2.32935,-0.436513,8.99525
5.89374,-7.43271,19.632,-3.55565,26.6682,-2.32588,-0.432978,8.99584
5.89473,-7.4391,19.6537,-3.55904,26.6546,-2.32241,-0.429447,8.99663
5.89572,-7.44552,19.6753,-3.5625,26.6411,-2.31894,-0.42592,8.99721
5.89669,-7.45163,19.6968,-3.56566,26.6275,-2.31547,-0.422397,8.998
5.89765,-7.37574,19.6738,-3.50379,26.6149,-2.3128,-0.418185,8.9986
5.89877,-7.38162,19.6951,-3.50678,26.6013,-2.30933,-0.414667,8.99939
5.90006,-7.38754,19.7164,-3.50986,26.5877,-2.30586,-0.411152,9
5.90091,-7.3948,19.7384,-3.51395,26.574,-2.30236,-0.407635,9.0008
5.90173,-7.40207,19.7604,-3.51811,26.5604,-2.29889,-0.404121,9.0014
5.9027,-7.40904,19.7823,-3.52199,26.5468,-2.29541,-0.400614,9.00219
5.90368,-7.41603,19.8042,-3.52593,26.5331,-2.29194,-0.397115,9.00278
5.90474,-7.42268,19.8259,-3.52957,26.5195,-2.28847,-0.393622,9.00356
5.90573,-7.42935,19.8476,-3.53328,26.5059,-2.285,-0.390135,9.00413
5.90674,-7.4357,19.8692,-3.53668,26.4922,-2.28153,-0.386652,9.00491
5.90791,-7.44208,19.8907,-3.54015,26.4786,-2.27806,-0.383174,9.00549
5.90885,-7.44813,19.9121,-3.54333,26.4649,-2.27459,-0.3797,9.00627
5.90981,-7.45422,19.9335,-3.54658,26.4513,-2.27112,-0.37623,9.00685
5.91083,-7.37855,19.9094,-3.48494,26.4386,-2.26844,-0.372057,9.00763
5.91183,-7.38441,19.9305,-3.48803,26.4249,-2.26497,-0.368591,9.00821
5.91273,-7.38997,19.9516,-3.49083,26.4112,-2.2615,-0.365128,9.009
5.91368,-7.39721,19.9735,-3.49501,26.3975,-2.258,-0.361663,9.0096
5.91471,-7.40411,19.9953,-3.49888,26.3838,-2.25453,-0.3582,9.01038
5.91576,-7.41106,20.0171,-3.50285,26.3701,-2.25106,-0.354746,9.01096
5.91689,-7.41768,20.0388,-3.50651,26.3563,-2.24759,-0.351298,9.01173
5.91776,-7.42431,20.0604,-3.51024,26.3426,-2.24412,-0.347857,9.0123
5.9187,-7.43062,20.0819,-3.51366,26.3289,-2.24065,-0.344421,9.01306
5.91973,-7.43695,20.1033,-3.51716,26.3152,-2.23718,-0.34099,9.01363
5.92077,-7.36197,20.0785,-3.45615,26.3024,-2.2345,-0.336847,9.01439
5.9217,-7.36806,20.0997,-3.45947,26.2887,-2.23103,-0.333424,9.01495
5.92283,-7.37384,20.1208,-3.46249,26.275,-2.22756,-0.330004,9.01571
5.92374,-7.38128,20.1428,-3.46688,26.2612,-2.22407,-0.326582,9.01628
5.92476,-7.38838,20.1647,-3.47096,26.2474,-2.2206,-0.323164,9.01703
5.92577,-7.46916,20.2111,-3.53498,26.2464,-2.21982,-0.323884,9.01703
5.92672,-7.40231,20.2082,-3.47898,26.2199,-2.21366,-0.316353,9.01832
5.92769,-7.40912,20.2298,-3.4829,26.2061,-2.2102,-0.312959,9.01885
5.92866,-7.48974,20.2765,-3.54678,26.2051,-2.20942,-0.313683,9.01885
5.92977,-7.49466,20.2976,-3.54914,26.1911,-2.20591,-0.310189,9.01959
5.9307,-7.42516,20.2927,-3.49109,26.1646,-2.19978,-0.30271,9.02086
5.93174,-7.34941,20.2666,-3.4296,26.1516,-2.19702,-0.298501,9.02142
5.93279,-7.35389,20.2872,-3.43162,26.1376,-2.19349,-0.295022,9.02219
5.93375,-7.4343,20.3342,-3.49532,26.1365,-2.19272,-0.29575,9.02219
5.9347,-7.3673,20.3303,-3.43928,26.11,-2.18654,-0.288279,9.02352
5.9357,-7.37469,20.3522,-3.44369,26.0961,-2.18308,-0.284913,9.02408
5.93667,-7.38165,20.3735,-3.44773,26.0826,-2.1797,-0.281669,9.0248
5.93771,-7.38861,20.3948,-3.45183,26.0691,-2.1763,-0.278428,9.02532
5.9387,-7.39524,20.416,-3.45563,26.0555,-2.17291,-0.275188,9.02602
5.93971,-7.40188,20.4371,-3.45948,26.0419,-2.16951,-0.271948,9.02653
5.94075,-7.4083,20.4586,-3.4631,26.0281,-2.16604,-0.268597,9.02724
5.9419,-7.41474,20.4799,-3.46679,26.0142,-2.16257,-0.265249,9.02775
5.94282,-7.42075,20.5008,-3.4701,26.0006,-2.15918,-0.262018,9.02844
5.94367,-7.34691,20.4739,-3.41026,25.9881,-2.15654,-0.258049,9.02894
5.94466,-7.42678,20.5216,-3.47349,25.987,-2.15578,-0.258788,9.02894
5.94565,-7.35858,20.5155,-3.41668,25.9606,-2.14966,-0.25147,9.03015
5.94673,-7.36417,20.5364,-3.41967,25.9467,-2.14619,-0.248126,9.03085
5.94766,-7.37129,20.5578,-3.42394,25.933,-2.14275,-0.244892,9.03136
5.94873,-7.37808,20.5791,-3.42791,25.9193,-2.13935,-0.241658,9.03204
5.94971,-7.38488,20.6003,-3.43193,25.9056,-2.13594,-0.238429,9.03253
5.95066,-7.39146,20.6219,-3.43572,25.8917,-2.13245,-0.23509,9.03322
5.95168,-7.39794,20.6429,-3.43951,25.878,-2.12904,-0.231869,9.03369
5.9528,-7.40409,20.6639,-3.44299,25.8643,-2.12563,-0.228652,9.03435
5.95366,-7.41026,20.6848,-3.44653,25.8506,-2.12221,-0.225437,9.03482
5.95469,-7.41621,20.706,-3.44985,25.8366,-2.11873,-0.222109,9.0355
5.95576,-7.42208,20.7267,-3.45317,25.8229,-2.11531,-0.218898,9.03596
5.95661,-7.42764,20.7473,-3.45619,25.8091,-2.1119,-0.21569,9.03662
5.95775,-7.3541,20.7192,-3.39671,25.7965,-2.10923,-0.211728,9.03709
5.95868,-7.35945,20.7396,-3.39957,25.7827,-2.10581,-0.208517,9.03776
5.95961,-7.36641,20.7609,-3.40377,25.7689,-2.10236,-0.205298,9.03824
5.96075,-7.37304,20.7822,-3.40767,25.7551,-2.09894,-0.20208,9.0389
5.96166,-7.37968,20.8033,-3.41162,25.7413,-2.09551,-0.198867,9.03936
5.96275,-7.45856,20.8523,-3.474,25.7402,-2.09476,-0.199624,9.03936
5.9637,-7.46481,20.8734,-3.4776,25.7263,-2.09134,-0.196416,9.04
5.96471,-7.39682,20.8657,-3.42121,25.6996,-2.08518,-0.189147,9.0411
5.96568,-7.47552,20.9148,-3.48344,25.6984,-2.08444,-0.189906,9.0411
5.96668,-7.40714,20.9066,-3.42675,25.6717,-2.07824,-0.182651,9.04223
5.96774,-7.41141,20.9267,-3.42884,25.6576,-2.07477,-0.179349,9.0427
5.96868,-7.48993,20.9761,-3.49092,25.6564,-2.07403,-0.180112,9.0427
5.96967,-7.49537,20.9967,-3.49389,25.6425,-2.07058,-0.176924,9.04337
5.9707,-7.34778,20.9382,-3.37463,25.6169,-2.06517,-0.168913,9.04452
5.97166,-7.42618,20.9877,-3.43661,25.6157,-2.06443,-0.169677,9.04452
5.97271,-7.42999,21.0074,-3.43834,25.6016,-2.06094,-0.166387,9.04501
5.97369,-7.36344,20.9997,-3.38317,25.5747,-2.05473,-0.15913,9.0462
5.9747,-7.44165,21.0494,-3.44499,25.5735,-2.054,-0.159897,9.0462
5.9757,-7.44649,21.0699,-3.4475,25.5593,-2.0505,-0.156611,9.04689
5.97679,-7.45283,21.091,-3.45127,25.5454,-2.04705,-0.153437,9.04737
5.97779,-7.45735,21.1114,-3.45354,25.5313,-2.04359,-0.150159,9.04805
5.97874,-7.38838,21.1022,-3.39649,25.5039,-2.03728,-0.14274,9.04924
5.97974,-7.46628,21.1522,-3.45804,25.5027,-2.03655,-0.143512,9.04924
5.98079,-7.4706,21.1724,-3.46022,25.4885,-2.03306,-0.140255,9.04973
5.98174,-7.32624,21.1136,-3.34367,25.4629,-2.02762,-0.132306,9.0509
5.98275,-7.40403,21.1637,-3.40513,25.4616,-2.02688,-0.13308,9.0509
5.98373,-7.40786,21.1835,-3.40688,25.4475,-2.02343,-0.129838,9.05158
5.9847,-7.34226,21.1751,-3.35261,25.4206,-2.01725,-0.122682,9.05273
5.98574,-7.41985,21.2255,-3.4139,25.4194,-2.01652,-0.123459,9.05273
5.98678,-7.35386,21.2166,-3.35934,25.3925,-2.01034,-0.116331,9.05385
5.98771,-7.43132,21.2671,-3.42052,25.3913,-2.00962,-0.11711,9.05385
5.98889,-7.4377,21.2885,-3.42438,25.3771,-2.00614,-0.11388,9.05431
5.98971,-7.37095,21.2788,-3.36928,25.3503,-2.00002,-0.106789,9.05536
5.99073,-7.37095,21.2788,-3.36928,25.3503,-2.00002,-0.106789,9.05536
5.99175,-7.37525,21.2988,-3.37146,25.3361,-1.99655,-0.103592,9.05599
5.99277,-7.38104,21.3193,-3.37488,25.3222,-1.99314,-0.100504,9.05643
5.9937,-7.38658,21.3402,-3.37805,25.3081,-1.98967,-0.0973001,9.05706
5.99472,-7.32044,21.3306,-3.32348,25.281,-1.98347,-0.0901333,9.0581
5.9957,-7.39745,21.3816,-3.38428,25.2797,-1.98275,-0.0909185,9.0581
5.99691,-7.33231,21.3721,-3.33055,25.2529,-1.9766,-0.0838883,9.05911
5.99768,-7.40919,21.4232,-3.39124,25.2516,-1.97588,-0.0846752,9.05911
5.9987,-7.41571,21.4446,-3.39527,25.2375,-1.97243,-0.0815001,9.05951
6.00011,-7.49244,21.4958,-3.45584,25.2362,-1.97171,-0.082289,9.05951
6.0007,-7.42648,21.4856,-3.40151,25.2094,-1.96562,-0.0753017,9.06046
6.0017,-7.35436,21.4547,-3.34341,25.1963,-1.96281,-0.0712548,9.06105
6.00271,-7.35738,21.4739,-3.34468,25.1819,-1.95933,-0.0680136,9.06144
6.00371,-7.36155,21.4937,-3.34682,25.1678,-1.95587,-0.0648831,9.06204
6.00469,-7.43802,21.5452,-3.40717,25.1665,-1.95515,-0.0656755,9.06204
6.00568,-7.44368,21.566,-3.41054,25.1523,-1.9517,-0.0625385,9.06244
6.0067,-7.44745,21.5853,-3.41239,25.1385,-1.94836,-0.0595319,9.06303
6.00784,-7.5237,21.6369,-3.47256,25.1372,-1.94765,-0.060327,9.06303
6.00869,-7.52746,21.6562,-3.47445,25.1233,-1.94429,-0.0573244,9.06342
6.00989,-7.53095,21.6754,-3.47606,25.1094,-1.94092,-0.0543158,9.06402
6.01067,-7.60698,21.7273,-3.53605,25.1081,-1.94021,-0.0551136,9.06402
6.0117,-7.60898,21.7459,-3.53654,25.094,-1.93679,-0.0519952,9.06444
6.0128,-7.61073,21.7644,-3.53678,25.0798,-1.93335,-0.0488729,9.06508
6.0137,-7.61103,21.7818,-3.53592,25.0656,-1.92993,-0.0457512,9.06554
6.01467,-7.61103,21.7818,-3.53592,25.0656,-1.92993,-0.0457512,9.06554
6.01569,-7.61112,21.7992,-3.53483,25.0513,-1.92648,-0.0426223,9.06623
6.0167,-7.61133,21.8162,-3.53391,25.0374,-1.9231,-0.0395979,9.06674
6.01769,-7.61132,21.8335,-3.53274,25.023,-1.91963,-0.0364426,9.06748
6.0187,-7.61145,21.8509,-3.53174,25.0087,-1.91617,-0.0332773,9.06805
6.0197,-7.6869,21.9033,-3.59124,25.0074,-1.91547,-0.0340821,9.06805
6.02069,-7.68678,21.9203,-3.59,24.9933,-1.91207,-0.0310232,9.06883
6.02168,-7.68679,21.9374,-3.58891,24.9791,-1.90866,-0.0279525,9.06943
6.02271,-7.76202,21.9899,-3.64823,24.9778,-1.90796,-0.0287599,9.06943
6.02372,-7.76023,22.0063,-3.64565,24.9633,-1.9045,-0.0255698,9.07027
6.02472,-7.75864,22.0224,-3.64329,24.9491,-1.90107,-0.0224839,9.07092
6.02569,-7.83364,22.0751,-3.70242,24.9477,-1.90038,-0.0232938,9.07092
6.02683,-7.75538,22.0374,-3.63955,24.9349,-1.89766,-0.01939,9.0718
6.02785,-7.75233,22.0525,-3.63602,24.9206,-1.89421,-0.0162761,9.07252
6.02881,-7.74755,22.0669,-3.63106,24.9059,-1.89071,-0.0130311,9.07348
6.02985,-7.74452,22.0824,-3.62752,24.8912,-1.88714,-0.0097569,9.0743
6.0308,-7.74144,22.0977,-3.6239,24.8768,-1.88367,-0.00658127,9.07531
6.03189,-7.73856,22.113,-3.62049,24.8622,-1.88019,-0.00339054,9.07616
6.03294,-7.81311,22.1661,-3.67926,24.8609,-1.8795,-0.00420541,9.07616
6.03393,-7.81002,22.1815,-3.67563,24.8463,-1.876,-0.000999104,9.07723
6.03472,-7.80713,22.1969,-3.67221,24.8316,-1.8725,0.00222254,9.07812
6.0358,-7.80254,22.2117,-3.66737,24.8167,-1.86893,0.00556846,9.07924
6.03669,-7.71948,22.1879,-3.59954,24.7881,-1.86242,0.0131176,9.08136
6.0377,-7.71948,22.1879,-3.59954,24.7881,-1.86242,0.0131176,9.08136
6.03872,-7.63844,22.1649,-3.53331,24.7596,-1.85593,0.0206031,9.08354
6.03971,-7.71256,22.2183,-3.59172,24.7582,-1.85525,0.0197836,9.08354
6.04081,-7.70992,22.2343,-3.58848,24.7431,-1.85163,0.023198,9.08456
6.04194,-7.63224,22.2135,-3.52494,24.7144,-1.84513,0.0307426,9.08676
6.04277,-7.70613,22.2671,-3.58315,24.713,-1.84446,0.0299207,9.08676
6.04374,-7.70341,22.2831,-3.57982,24.6978,-1.84083,0.0333349,9.08796
6.04474,-7.70239,22.2998,-3.5779,24.6829,-1.83725,0.0366364,9.08895
6.04572,-7.69964,22.3158,-3.57455,24.6676,-1.83365,0.0400537,9.09014
6.04803,-7.6971,22.3318,-3.57143,24.6524,-1.83002,0.043465,9.09114
6.04894,-7.6971,22.3318,-3.57143,24.6524,-1.83002,0.043465,9.09114
6.04993,-7.61572,22.3262,-3.50387,24.6079,-1.81975,0.0546495,9.09453
6.05092,-7.61572,22.3262,-3.50387,24.6079,-1.81975,0.0546495,9.09453
6.05212,-7.61048,22.359,-3.49744,24.5765,-1.81229,0.0618232,9.09676
6.05301,-7.61048,22.359,-3.49744,24.5765,-1.81229,0.0618232,9.09676
6.05397,-7.75677,22.4672,-3.61265,24.5736,-1.81096,0.060165,9.09676
6.0549,-7.53432,22.356,-3.43418,24.532,-1.80207,0.0729237,9.09986
6.05594,-7.53432,22.356,-3.43418,24.532,-1.80207,0.0729237,9.09986
6.05707,-7.52929,22.3885,-3.42802,24.5008,-1.79473,0.0799811,9.10196
6.0583,-7.52929,22.3885,-3.42802,24.5008,-1.79473,0.0799811,9.10196
6.05947,-7.53009,22.4246,-3.42652,24.4702,-1.78744,0.0867878,9.10399
6.06084,-7.53009,22.4246,-3.42652,24.4702,-1.78744,0.0867878,9.10399
6.06164,-7.53082,22.4605,-3.42502,24.4397,-1.78026,0.0935271,9.10591
6.06247,-7.53082,22.4605,-3.42502,24.4397,-1.78026,0.0935271,9.10591
6.06372,-7.53132,22.4961,-3.42339,24.4094,-1.77311,0.100202,9.10775
6.06488,-7.53132,22.4961,-3.42339,24.4094,-1.77311,0.100202,9.10775
6.06602,-7.53157,22.5322,-3.42157,24.3785,-1.76585,0.10706,9.10953
6.06701,-7.53157,22.5322,-3.42157,24.3785,-1.76585,0.10706,9.10953
6.06836,-7.45934,22.5311,-3.36173,24.3338,-1.75565,0.11812,9.11218
6.06914,-7.45934,22.5311,-3.36173,24.3338,-1.75565,0.11812,9.11218
6.07036,-7.53139,22.6034,-3.41751,24.3172,-1.75145,0.120569,9.11289
6.07096,-7.53139,22.6034,-3.41751,24.3172,-1.75145,0.120569,9.11289
6.07207,-7.46172,22.6028,-3.35986,24.2734,-1.74149,0.131201,9.11531
6.07295,-7.46172,22.6028,-3.35986,24.2734,-1.74149,0.131201,9.11531
6.07389,-7.5332,22.6751,-3.41523,24.2569,-1.73735,0.133586,9.11595
6.075,-7.5332,22.6751,-3.41523,24.2569,-1.73735,0.133586,9.11595
6.07593,-7.39067,22.6002,-3.30128,24.23,-1.7316,0.141694,9.1174
6.07696,-7.53378,22.7105,-3.41389,24.227,-1.73031,0.140008,9.1174
6.07792,-7.39126,22.6351,-3.3,24.2001,-1.72463,0.14808,9.11879
6.07896,-7.53404,22.7456,-3.41234,24.1971,-1.72335,0.146391,9.11879
6.08006,-7.32109,22.633,-3.24217,24.1562,-1.71468,0.15867,9.12092
6.08104,-7.46356,22.7436,-3.35425,24.1532,-1.7134,0.156978,9.12092
6.08206,-7.3227,22.6686,-3.24176,24.1262,-1.70767,0.165065,9.1222
6.08312,-7.46482,22.7794,-3.35356,24.1232,-1.7064,0.163372,9.1222
6.08408,-7.46482,22.7794,-3.35356,24.1232,-1.7064,0.163372,9.1222
6.08535,-7.40123,22.7802,-3.30118,24.0809,-1.69675,0.173315,9.12385
6.08641,-7.40123,22.7802,-3.30118,24.0809,-1.69675,0.173315,9.12385
6.08751,-7.47219,22.8531,-3.35618,24.0646,-1.69273,0.175541,9.12449
6.08871,-7.33286,22.7773,-3.24505,24.0382,-1.6871,0.183366,9.12556
6.08985,-7.47396,22.8886,-3.35602,24.0352,-1.68584,0.181665,9.12556
6.09123,-7.33453,22.8123,-3.24486,24.0088,-1.68027,0.189467,9.12659
6.0922,-7.47528,22.9238,-3.35554,24.0057,-1.67901,0.187763,9.12659
6.09316,-7.33731,22.8478,-3.24558,23.9797,-1.6735,0.195425,9.12756
6.09403,-7.47771,22.9595,-3.35599,23.9767,-1.67225,0.193718,9.12756
6.09521,-7.33985,22.8837,-3.24611,23.9501,-1.66655,0.201589,9.12853
6.09653,-7.40962,22.9566,-3.30027,23.9336,-1.6625,0.203855,9.1289
6.09762,-7.40962,22.9566,-3.30027,23.9336,-1.6625,0.203855,9.1289
6.09847,-7.34384,22.9546,-3.24641,23.891,-1.65281,0.213805,9.13035
6.09942,-7.34384,22.9546,-3.24641,23.891,-1.65281,0.213805,9.13035
6.09972,-7.34536,22.9896,-3.24624,23.8616,-1.64599,0.21985,9.1312
6.10071,-7.41491,23.0458,-3.30091,23.8601,-1.64537,0.218992,9.1312
6.10192,-7.41691,23.0638,-3.30186,23.8458,-1.64204,0.221828,9.13151
6.10267,-7.34979,23.0417,-3.24783,23.8192,-1.63614,0.228216,9.13226
6.10387,-7.41907,23.098,-3.30229,23.8176,-1.63552,0.227356,9.13226
6.10493,-7.35008,23.0583,-3.2474,23.805,-1.63282,0.231033,9.13273
6.10571,-7.2828,23.0356,-3.1933,23.7782,-1.62687,0.237445,9.13346
6.10671,-7.35191,23.092,-3.24761,23.7767,-1.62625,0.236584,9.13346
6.10771,-7.35354,23.1094,-3.2483,23.7624,-1.62291,0.239431,9.13373
6.10868,-7.3563,23.1272,-3.24986,23.7482,-1.61962,0.242188,9.13417
6.10992,-7.35806,23.1426,-3.25072,23.7338,-1.61624,0.245109,9.13439
6.11075,-7.3594,23.1726,-3.25085,23.718,-1.61233,0.248512,9.13481
6.11196,-7.36037,23.2134,-3.25061,23.7043,-1.60923,0.250994,9.13503
6.11291,-7.36119,23.2545,-3.25021,23.6906,-1.60612,0.253461,9.13541
6.11371,-7.29438,23.2808,-3.19569,23.6656,-1.60071,0.258923,9.13595
6.11464,-7.36276,23.3376,-3.24942,23.6641,-1.60011,0.258058,9.13595
6.11586,-7.29521,23.3228,-3.19536,23.6528,-1.59781,0.261058,9.1361
6.11703,-7.29717,23.3652,-3.1959,23.6404,-1.595,0.262993,9.13642
6.11792,-7.29781,23.4078,-3.19542,23.628,-1.59225,0.264916,9.13653
6.11894,-7.29963,23.4506,-3.19585,23.6158,-1.58949,0.266768,9.13682
6.1202,-7.23506,23.4801,-3.14319,23.5938,-1.58485,0.270994,9.13715
6.12075,-7.30299,23.5371,-3.19655,23.5922,-1.58425,0.270126,9.13715
6.12172,-7.30459,23.5808,-3.19688,23.5807,-1.58172,0.271649,9.1372
6.12296,-7.30726,23.6249,-3.19802,23.5697,-1.57928,0.272995,9.1374
6.12377,-7.30861,23.6692,-3.19815,23.5588,-1.57689,0.274324,9.13741
6.12474,-7.30973,23.7137,-3.19805,23.548,-1.57453,0.275557,9.13759
6.12568,-7.31086,23.7585,-3.19801,23.5375,-1.57223,0.276699,9.13757
6.12668,-7.31167,23.8038,-3.19768,23.5275,-1.57008,0.277618,9.13773
6.1277,-7.24528,23.7922,-3.14463,23.5194,-1.56862,0.279252,9.13769
6.12879,-7.31256,23.8494,-3.19746,23.5178,-1.56803,0.27838,9.13769
6.12969,-7.31332,23.8929,-3.19712,23.5079,-1.56585,0.279276,9.13783
6.13076,-7.31547,23.9367,-3.19795,23.4981,-1.5637,0.280107,9.13778
6.13172,-7.31599,23.9787,-3.19746,23.4885,-1.56164,0.280853,9.1379
6.13267,-7.38287,24.0362,-3.24997,23.4869,-1.56105,0.279979,9.1379
6.13374,-7.31688,24.0607,-3.19647,23.4699,-1.55758,0.282164,9.13794
6.13471,-7.31594,24.1004,-3.19491,23.4605,-1.55557,0.282814,9.13787
6.13567,-7.38253,24.1579,-3.24719,23.4589,-1.55499,0.281939,9.13787
6.13669,-7.31634,24.1784,-3.19362,23.4425,-1.55164,0.283882,9.13793
6.13769,-7.31499,24.2162,-3.19174,23.4334,-1.54969,0.284438,9.13806
6.13866,-7.38129,24.2738,-3.24379,23.4318,-1.54912,0.283561,9.13806
6.13968,-7.31496,24.2906,-3.19019,23.4157,-1.54584,0.285373,9.13815
6.14067,-7.24746,24.2688,-3.13647,23.4083,-1.54448,0.286762,9.1381
6.14166,-7.31357,24.3265,-3.18836,23.4067,-1.54391,0.285884,9.1381
6.14271,-7.31331,24.3622,-3.1874,23.3979,-1.54197,0.286328,9.13825
6.14375,-7.24818,24.3762,-3.13483,23.3818,-1.53868,0.288176,9.13835
6.14472,-7.24795,24.411,-3.13396,23.3728,-1.53672,0.288684,9.1383
6.14585,-7.31367,24.4689,-3.18553,23.3712,-1.53615,0.287805,9.1383
6.14671,-7.24968,24.4799,-3.13396,23.3552,-1.53284,0.289592,9.13839
6.14771,-7.24902,24.5132,-3.13273,23.3463,-1.53088,0.290113,9.13851
6.14867,-7.31444,24.5711,-3.18407,23.3447,-1.53032,0.289232,9.13851
6.14967,-7.31508,24.6044,-3.18394,23.3358,-1.52834,0.289703,9.13845
6.15068,-7.31546,24.6371,-3.18357,23.327,-1.52639,0.290187,9.13857
6.15169,-7.31591,24.6701,-3.1833,23.3179,-1.52437,0.290756,9.13849
6.15275,-7.24889,24.6742,-3.12945,23.3014,-1.52089,0.292793,9.13853
6.15364,-7.24889,24.6742,-3.12945,23.3014,-1.52089,0.292793,9.13853
6.15474,-7.24774,24.7046,-3.1279,23.2923,-1.51884,0.2934,9.13865
6.15571,-7.18329,24.7077,-3.07614,23.2756,-1.51526,0.295519,9.13871
6.15669,-7.24802,24.7659,-3.12692,23.274,-1.5147,0.294635,9.13871
6.15774,-7.24811,24.7968,-3.1264,23.2645,-1.51256,0.295394,9.13864
6.15873,-7.24927,24.8273,-3.12672,23.2553,-1.51047,0.296033,9.13875
6.15973,-7.24919,24.8568,-3.12612,23.2459,-1.50836,0.296755,9.13865
6.1607,-7.2489,24.886,-3.12529,23.2365,-1.50621,0.297494,9.13874
6.16173,-7.24866,24.9147,-3.12458,23.227,-1.50404,0.298258,9.13864
6.16282,-7.24818,24.9431,-3.12363,23.2174,-1.50186,0.299046,9.13873
6.16378,-7.24779,24.9711,-3.12281,23.2078,-1.49967,0.29986,9.13863
6.16477,-7.24716,24.9987,-3.12175,23.1982,-1.49745,0.300701,9.13871
6.16571,-7.24663,25.026,-3.12084,23.1884,-1.49522,0.301569,9.13861
6.16699,-7.18214,24.9945,-3.06973,23.1803,-1.49351,0.303353,9.13869
6.16799,-7.18157,25.0211,-3.0688,23.1704,-1.49124,0.304277,9.13859
6.16911,-7.18076,25.0474,-3.06763,23.1605,-1.48895,0.30523,9.13867
6.16977,-7.18132,25.0746,-3.0676,23.1505,-1.48662,0.306225,9.13856
6.17104,-7.18161,25.1015,-3.06732,23.1404,-1.48429,0.307246,9.13863
6.17179,-7.11871,25.0694,-3.01755,23.1319,-1.48249,0.309179,9.1385
6.1728,-7.11894,25.0956,-3.01725,23.1217,-1.48013,0.310246,9.13856
6.17373,-7.11926,25.1215,-3.01707,23.1115,-1.47775,0.311336,9.13841
6.17483,-7.12057,25.1483,-3.01762,23.1012,-1.47534,0.312463,9.13844
6.17578,-7.12193,25.1747,-3.01828,23.0908,-1.47294,0.313612,9.13827
6.17671,-7.12303,25.2009,-3.01869,23.0804,-1.47052,0.314778,9.13827
6.1777,-7.12419,25.2267,-3.01921,23.0699,-1.46808,0.315963,9.13806
6.17876,-7.12506,25.2522,-3.01946,23.0594,-1.46564,0.317167,9.13804
6.17974,-7.12598,25.2775,-3.01982,23.0488,-1.46318,0.318391,9.13781
6.18108,-7.12663,25.3024,-3.01992,23.0382,-1.46071,0.319637,9.13776
6.18173,-7.12734,25.3271,-3.02012,23.0276,-1.45823,0.320904,9.13751
6.18284,-7.12777,25.3515,-3.02007,23.0169,-1.45573,0.322193,9.13744
6.18364,-7.12777,25.3515,-3.02007,23.0169,-1.45573,0.322193,9.13744
6.18475,-7.18991,25.4104,-3.06876,23.0152,-1.45521,0.3213,9.13744
6.18573,-7.1903,25.4346,-3.06873,23.0044,-1.4527,0.322612,9.13717
6.18661,-7.2522,25.4936,-3.11724,23.0028,-1.45217,0.321718,9.13717
6.18776,-7.25221,25.517,-3.11687,22.9922,-1.4497,0.322965,9.13709
6.18873,-7.25106,25.5395,-3.11564,22.9813,-1.44719,0.324314,9.13682
6.18968,-7.24844,25.5606,-3.11322,22.9705,-1.44465,0.325678,9.13674
6.19091,-7.24592,25.5819,-3.11091,22.9593,-1.44203,0.327165,9.13648
6.19175,-7.30727,25.6411,-3.15897,22.9576,-1.44151,0.32627,9.13648
6.19271,-7.30441,25.6618,-3.15635,22.9466,-1.43892,0.327705,9.13644
6.19369,-7.24061,25.6227,-3.10607,22.9373,-1.43688,0.329983,9.13622
6.19465,-7.30174,25.6819,-3.15396,22.9356,-1.43637,0.329087,9.13622
6.19572,-7.2976,25.7011,-3.15034,22.9245,-1.43376,0.330585,9.1362
6.19683,-7.3585,25.7604,-3.19804,22.9228,-1.43325,0.329688,9.1362
6.19769,-7.35568,25.7803,-3.19552,22.9117,-1.43063,0.331149,9.13602
6.19874,-7.35146,25.7988,-3.19185,22.9005,-1.42804,0.332641,9.13603
6.19985,-7.34613,25.8165,-3.18736,22.8891,-1.42536,0.334251,9.13587
6.2007,-7.34063,25.834,-3.18267,22.8775,-1.42263,0.335906,9.13593
6.20172,-7.3353,25.8514,-3.17817,22.8658,-1.41989,0.33761,9.13583
6.2028,-7.32983,25.8688,-3.1735,22.854,-1.41712,0.339357,9.13594
6.20378,-7.32455,25.8861,-3.16904,22.8422,-1.41433,0.341145,9.13587
6.2047,-7.31913,25.9033,-3.16441,22.8302,-1.41152,0.342974,9.13602
6.20566,-7.3139,25.9204,-3.15999,22.8181,-1.40869,0.344841,9.13599
6.20668,-7.3139,25.9204,-3.15999,22.8181,-1.40869,0.344841,9.13599
6.20769,-7.30852,25.9375,-3.1554,22.806,-1.40584,0.346744,9.13616
6.20866,-7.23855,25.9115,-3.09993,22.7834,-1.40064,0.351459,9.13635
6.20972,-7.2981,25.971,-3.14655,22.7817,-1.40015,0.350558,9.13635
6.21072,-7.29284,25.9882,-3.1421,22.769,-1.39718,0.352665,9.13636
6.21183,-7.22447,25.9629,-3.08792,22.7459,-1.39188,0.35758,9.13657
6.21272,-7.28368,26.0225,-3.13427,22.7442,-1.39139,0.356679,9.13657
6.21378,-7.27829,26.0394,-3.12968,22.7314,-1.38838,0.35887,9.13678
6.21485,-7.27446,26.0568,-3.12639,22.7189,-1.38546,0.360894,9.13679
6.21572,-7.26916,26.0732,-3.1219,22.7062,-1.38252,0.363033,9.137
6.21672,-7.26406,26.0895,-3.11762,22.6935,-1.37953,0.365192,9.13701
6.21774,-7.25878,26.1058,-3.11316,22.6806,-1.37654,0.367377,9.13721
6.21871,-7.19516,26.0622,-3.06309,22.6695,-1.37402,0.370489,9.13722
6.21988,-7.19001,26.0783,-3.05874,22.6565,-1.37101,0.372721,9.13742
6.22099,-7.18505,26.0943,-3.05459,22.6435,-1.36798,0.374975,9.13743
6.22167,-7.18119,26.1111,-3.05127,22.6307,-1.36499,0.377157,9.13762
6.22269,-7.23936,26.1709,-3.09679,22.629,-1.36452,0.376253,9.13762
6.22369,-7.17357,26.1445,-3.0448,22.605,-1.35903,0.381576,9.13778
6.22468,-7.16858,26.1602,-3.04067,22.5918,-1.35599,0.383903,9.13775
6.22568,-7.2264,26.2201,-3.08591,22.5901,-1.35551,0.382999,9.13775
6.22668,-7.16087,26.1931,-3.03417,22.5658,-1.34995,0.388423,9.13786
6.22769,-7.15567,26.2085,-3.02985,22.5525,-1.34689,0.390801,9.13799
6.22862,-7.15567,26.2085,-3.02985,22.5525,-1.34689,0.390801,9.13799
6.22967,-7.15187,26.2247,-3.02668,22.5394,-1.34384,0.393099,9.13792
6.23085,-7.08669,26.1973,-2.97529,22.5146,-1.33818,0.398753,9.13795
6.23169,-7.14394,26.2573,-3.02007,22.5129,-1.33771,0.397848,9.13795
6.23271,-7.13982,26.2736,-3.01662,22.4994,-1.33461,0.400292,9.13804
6.23373,-7.07597,26.2468,-2.96632,22.4744,-1.32893,0.406014,9.13798
6.23466,-7.07206,26.2628,-2.96312,22.461,-1.32582,0.408477,9.13784
6.23571,-7.12883,26.3228,-3.00752,22.4592,-1.32536,0.407571,9.13784
6.23676,-7.06635,26.2962,-2.95837,22.4344,-1.31971,0.413232,9.1377
6.2377,-7.12289,26.3563,-3.00258,22.4327,-1.31925,0.412326,9.1377
6.23878,-7.11857,26.372,-2.99903,22.4192,-1.31616,0.414807,9.1377
6.2397,-7.055,26.3439,-2.94908,22.394,-1.31045,0.420599,9.13747
6.24076,-7.11117,26.404,-2.993,22.3923,-1.31,0.419692,9.13747
6.24177,-7.05088,26.3593,-2.94577,22.3804,-1.30734,0.423098,9.13725
6.24273,-6.98759,26.3305,-2.89609,22.3552,-1.30162,0.428928,9.13696
6.2437,-7.04354,26.3907,-2.93983,22.3535,-1.30117,0.428021,9.13696
6.24472,-7.04027,26.4071,-2.93716,22.3399,-1.29803,0.430551,9.1369
6.24577,-6.97934,26.3801,-2.88938,22.3145,-1.29232,0.436428,9.13653
6.24671,-7.03492,26.4403,-2.93283,22.3128,-1.29187,0.435521,9.13653
6.24774,-7.03168,26.4563,-2.93027,22.2992,-1.28876,0.43805,9.13622
6.24872,-6.97078,26.4286,-2.88259,22.2738,-1.28305,0.443919,9.13575
6.24989,-7.02599,26.4889,-2.92575,22.2721,-1.28261,0.443011,9.13575
6.25077,-7.02243,26.5046,-2.92291,22.2585,-1.2795,0.445538,9.13558
6.25167,-6.9066,26.4159,-2.83235,22.2349,-1.27425,0.452317,9.13503
6.25268,-6.96158,26.4762,-2.87532,22.2332,-1.27381,0.451409,9.13503
6.25377,-6.95815,26.4915,-2.87266,22.2196,-1.27071,0.453937,9.13464
6.25474,-6.89963,26.4649,-2.82697,22.1942,-1.265,0.459836,9.134
6.25572,-6.95424,26.5252,-2.86964,22.1925,-1.26456,0.458927,9.134
6.25675,-6.95155,26.5415,-2.86755,22.1788,-1.26147,0.461462,9.13375
6.25784,-6.95008,26.5584,-2.86647,22.1654,-1.25843,0.463894,9.1333
6.25884,-6.94721,26.5744,-2.86426,22.1518,-1.25537,0.466421,9.13301
6.25971,-6.88751,26.5455,-2.81773,22.1263,-1.24964,0.472369,9.1322
6.26067,-6.88751,26.5455,-2.81773,22.1263,-1.24964,0.472369,9.1322
6.26169,-6.88475,26.5611,-2.81567,22.1127,-1.24657,0.474886,9.13168
6.26272,-6.82731,26.5336,-2.77099,22.0875,-1.24091,0.480737,9.1308
6.26377,-6.88106,26.5941,-2.81298,22.0858,-1.24049,0.479828,9.1308
6.26471,-6.879,26.6105,-2.81145,22.0722,-1.23743,0.482346,9.13043
6.26569,-6.82251,26.5834,-2.76758,22.047,-1.23181,0.488173,9.12944
6.26669,-6.87588,26.6439,-2.80927,22.0453,-1.23139,0.487263,9.12944
6.26769,-6.87374,26.6599,-2.80776,22.0318,-1.22834,0.489757,9.12883
6.26868,-6.81711,26.632,-2.76383,22.0067,-1.22275,0.495545,9.12774
6.26964,-6.8701,26.6925,-2.80522,22.005,-1.22233,0.494636,9.12774
6.27069,-6.86754,26.7081,-2.80336,21.9915,-1.2193,0.497114,9.12727
6.2717,-6.81078,26.6794,-2.75939,21.9665,-1.21372,0.502878,9.12611
6.27269,-6.86339,26.7399,-2.80048,21.9648,-1.21331,0.501968,9.12611
6.27367,-6.86075,26.7552,-2.79863,21.9513,-1.21029,0.504437,9.12541
6.27475,-6.75155,26.6652,-2.71376,21.9281,-1.20513,0.511097,9.12419
6.27571,-6.80391,26.7257,-2.75465,21.9264,-1.20472,0.510187,9.12419
6.27669,-6.80101,26.7407,-2.75257,21.913,-1.20171,0.512651,9.12365
6.27773,-6.74627,26.7129,-2.71028,21.888,-1.19614,0.518417,9.12237
6.27868,-6.79824,26.7735,-2.75087,21.8863,-1.19573,0.517507,9.12237
6.27978,-6.7963,26.7893,-2.74961,21.8728,-1.19273,0.519971,9.12161
6.28067,-6.7414,26.7606,-2.70726,21.848,-1.18719,0.525698,9.12024
6.28175,-6.79298,26.8213,-2.74753,21.8463,-1.18679,0.524788,9.12024
6.28272,-6.79059,26.8367,-2.7459,21.8329,-1.1838,0.527234,9.11962
6.28372,-6.73553,26.8072,-2.70347,21.8081,-1.17829,0.532931,9.11818
6.28471,-6.78672,26.8679,-2.74343,21.8064,-1.17789,0.532021,9.11818
6.2857,-6.78423,26.8829,-2.7418,21.793,-1.17491,0.534455,9.11734
6.28663,-6.67809,26.7921,-2.65956,21.77,-1.1698,0.541046,9.11585
6.28767,-6.72904,26.8528,-2.69932,21.7683,-1.16941,0.540136,9.11585
6.28868,-6.72626,26.8674,-2.69744,21.755,-1.16643,0.542564,9.11517
6.28969,-6.67308,26.8389,-2.65658,21.7303,-1.16093,0.548258,9.11362
6.29062,-6.72363,26.8997,-2.69603,21.7285,-1.16054,0.547348,9.11362
6.29169,-6.72176,26.9151,-2.69492,21.7152,-1.15757,0.549774,9.11273
6.2927,-6.72064,26.9314,-2.69437,21.7022,-1.15466,0.5521,9.11202
6.29369,-6.71854,26.9466,-2.69311,21.6889,-1.15172,0.554516,9.11109
6.2948,-6.71617,26.962,-2.69158,21.6754,-1.14871,0.557033,9.11032
6.29564,-6.6616,26.931,-2.64974,21.6506,-1.1432,0.562744,9.10862
6.29675,-6.71135,26.9917,-2.68855,21.6489,-1.14282,0.561833,9.10862
6.2977,-6.7089,27.0064,-2.68704,21.6357,-1.13989,0.564226,9.10767
6.29885,-6.60512,26.9161,-2.60686,21.6063,-1.13546,0.573298,9.10595
6.29977,-6.65462,26.9769,-2.64548,21.6046,-1.13508,0.572387,9.10595
6.30074,-6.65158,26.9915,-2.64344,21.5807,-1.13216,0.579186,9.10517
6.30167,-6.6509,27.0072,-2.64332,21.5574,-1.12912,0.585737,9.1042
6.30273,-6.64886,27.0217,-2.6421,21.5336,-1.12614,0.592551,9.10337
6.30368,-6.6469,27.0362,-2.641,21.5096,-1.1232,0.599405,9.10234
6.30473,-6.64463,27.0503,-2.63961,21.4855,-1.12032,0.606314,9.10149
6.30599,-6.6424,27.0643,-2.63833,21.4613,-1.11749,0.613272,9.10043
6.30674,-6.6399,27.078,-2.63679,21.4369,-1.11471,0.62028,9.09955
6.3079,-6.58903,27.0308,-2.59759,21.4142,-1.11233,0.628248,9.09848
6.30877,-6.58645,27.0441,-2.59601,21.3896,-1.10963,0.635355,9.09758
6.30975,-6.58393,27.0572,-2.59454,21.3648,-1.10696,0.642509,9.09649
6.31102,-6.58215,27.0712,-2.59359,21.3407,-1.10429,0.64943,9.09557
6.3117,-6.58038,27.0851,-2.59272,21.3164,-1.10169,0.656381,9.09445
6.31296,-6.57834,27.0988,-2.5916,21.2921,-1.09913,0.663377,9.09351
6.31375,-6.57636,27.1122,-2.59059,21.2676,-1.09658,0.670425,9.09236
6.31491,-6.5741,27.1254,-2.58931,21.243,-1.09407,0.677523,9.09139
6.31602,-6.57189,27.1384,-2.58813,21.2182,-1.09158,0.684673,9.09022
6.31695,-6.52208,27.0904,-2.54981,21.1951,-1.08946,0.692781,9.08923
6.31798,-6.5198,27.1029,-2.54859,21.1701,-1.08701,0.700027,9.08804
6.31885,-6.51725,27.1153,-2.54712,21.145,-1.08459,0.707319,9.08703
6.32018,-6.5643,27.1761,-2.5838,21.1433,-1.08424,0.706409,9.08703
6.32069,-6.56265,27.1894,-2.58308,21.1188,-1.0818,0.713465,9.08582
6.32218,-6.56068,27.2025,-2.58208,21.0941,-1.07942,0.72055,9.08479
6.32304,-6.50912,27.1662,-2.54304,21.0456,-1.0751,0.73604,9.08249
6.32412,-6.55561,27.2271,-2.57927,21.0439,-1.07475,0.73513,9.08249
6.32497,-6.5062,27.1775,-2.54137,21.0199,-1.07276,0.743559,9.08124
6.3258,-6.50399,27.1896,-2.54022,20.9947,-1.07047,0.750888,9.0802
6.32769,-6.50085,27.2005,-2.53839,20.9688,-1.0682,0.758494,9.07893
6.32863,-6.54693,27.2613,-2.57429,20.9671,-1.06786,0.757585,9.07893
6.32949,-6.45007,27.1632,-2.50003,20.9198,-1.06394,0.774155,9.07656
6.33042,-6.54182,27.2849,-2.5715,20.9165,-1.06327,0.772337,9.07656
6.33139,-6.44411,27.1851,-2.4966,20.8682,-1.05943,0.789271,9.07414
6.33235,-6.53529,27.3069,-2.56763,20.8649,-1.05877,0.787453,9.07414
6.33332,-6.48787,27.2583,-2.53129,20.8415,-1.0568,0.795588,9.07303
6.33371,-6.48191,27.2803,-2.52791,20.7901,-1.0524,0.810625,9.07058
6.33495,-6.47789,27.2899,-2.52544,20.7637,-1.05027,0.818075,9.06923
6.33567,-6.47465,27.3001,-2.52354,20.7379,-1.04827,0.82505,9.06812
6.33671,-6.51945,27.3609,-2.55843,20.7363,-1.04794,0.824142,9.06812
6.33765,-6.42364,27.2591,-2.48514,20.688,-1.04439,0.839704,9.06562
6.33928,-6.46831,27.3199,-2.51993,20.6864,-1.04407,0.838796,9.06562
6.34003,-6.46415,27.3287,-2.51712,20.6604,-1.03959,0.845543,9.06445
6.34075,-6.4619,27.3396,-2.51587,20.6355,-1.03533,0.852031,9.06313
6.34231,-6.4593,27.3505,-2.51431,20.6105,-1.03109,0.858573,9.06195
6.34321,-6.41179,27.2992,-2.47782,20.5867,-1.02699,0.865948,9.06058
6.34433,-6.49983,27.421,-2.54635,20.5834,-1.02637,0.864132,9.06058
6.3457,-6.4048,27.3181,-2.47333,20.5358,-1.01815,0.878775,9.05799
6.34586,-6.44472,27.3882,-2.50486,20.5086,-1.0134,0.884232,9.05676
6.34704,-6.44176,27.3985,-2.50308,20.4836,-1.00909,0.890503,9.05536
6.3477,-6.43674,27.4065,-2.49962,20.4575,-1.0045,0.896863,9.05409
6.34876,-6.43285,27.4152,-2.49709,20.432,-0.999973,0.902876,9.05271
6.34965,-6.42869,27.4237,-2.49431,20.4064,-0.995422,0.908836,9.05151
6.35071,-6.3817,27.3712,-2.45826,20.3825,-0.991158,0.915645,9.05012
6.35167,-6.37757,27.3795,-2.4555,20.3569,-0.986578,0.921499,9.04891
6.35279,-6.37353,27.3877,-2.45287,20.3313,-0.981983,0.927307,9.04752
6.3537,-6.32423,27.3453,-2.41553,20.2828,-0.973334,0.939664,9.04489
6.35468,-6.36674,27.4061,-2.4486,20.2812,-0.973037,0.938758,9.04489
6.35572,-6.36308,27.4153,-2.44624,20.256,-0.968575,0.944531,9.04362
6.35675,-6.36044,27.4252,-2.44475,20.2314,-0.964174,0.950007,9.04222
6.35778,-6.4025,27.486,-2.47745,20.2298,-0.963882,0.949101,9.04222
6.35879,-6.35296,27.4426,-2.43997,20.1811,-0.955103,0.9611,9.0395
6.35974,-6.34901,27.451,-2.43739,20.1559,-0.950547,0.966593,9.03822
6.36074,-6.34423,27.4583,-2.43422,20.1301,-0.945865,0.972183,9.03673
6.36172,-6.34014,27.4666,-2.43154,20.1048,-0.941289,0.977615,9.03544
6.36266,-6.29481,27.4141,-2.39685,20.0818,-0.936893,0.98367,9.03396
6.36371,-6.29083,27.4223,-2.39425,20.0579,-0.932034,0.988651,9.03266
6.36471,-6.28692,27.4298,-2.39177,20.0337,-0.927175,0.994206,9.03116
6.36571,-6.28354,27.4386,-2.38967,20.0097,-0.922497,0.999598,9.02985
6.36676,-6.28025,27.4472,-2.38769,19.9863,-0.917718,1.00491,9.02834
6.3677,-6.27674,27.4559,-2.38548,19.9633,-0.912854,1.01015,9.027
6.36872,-6.27329,27.4644,-2.38337,19.9407,-0.907902,1.01532,9.02547
6.36982,-6.2696,27.473,-2.38102,19.9184,-0.902875,1.02041,9.0241
6.37071,-6.26597,27.4815,-2.37876,19.8965,-0.897771,1.02542,9.02256
6.37181,-6.2621,27.49,-2.37627,19.875,-0.892598,1.03037,9.02117
6.37273,-6.25829,27.4984,-2.37386,19.8538,-0.887354,1.03524,9.01961
6.37371,-6.25425,27.5068,-2.37124,19.8329,-0.882045,1.04003,9.0182
6.37508,-6.21057,27.4544,-2.33787,19.8139,-0.876933,1.04566,9.01663
6.3758,-6.20654,27.4627,-2.33525,19.7935,-0.871495,1.0503,9.0152
6.37672,-6.20254,27.4709,-2.3327,19.7735,-0.865995,1.05487,9.01363
6.37774,-6.19911,27.4803,-2.33057,19.7536,-0.8607,1.05936,9.01218
6.37876,-6.19571,27.4895,-2.3285,19.7341,-0.855335,1.06377,9.0106
6.37992,-6.19213,27.4987,-2.32626,19.7148,-0.849916,1.06811,9.00912
6.38079,-6.18852,27.5078,-2.32402,19.6957,-0.844436,1.07238,9.00757
6.38174,-6.18489,27.5168,-2.32177,19.6769,-0.838898,1.07658,9.00596
6.38276,-6.18106,27.5258,-2.31935,19.6583,-0.833312,1.08071,9.00445
6.38381,-6.17725,27.5346,-2.31697,19.64,-0.827677,1.08476,9.00282
6.38583,-6.17326,27.5434,-2.31441,19.6218,-0.821999,1.08874,9.00129
6.38718,-6.12711,27.5001,-2.27973,19.5876,-0.810766,1.0974,8.9981
6.38776,-6.12385,27.5099,-2.2778,19.57,-0.805226,1.10117,8.99644
6.38873,-6.1196,27.5186,-2.27507,19.5522,-0.799488,1.10496,8.99484
6.38977,-6.11619,27.5283,-2.27303,19.5349,-0.793871,1.1086,8.99317
6.39088,-6.15374,27.5889,-2.30217,19.5333,-0.79363,1.1077,8.99317
6.39204,-6.14997,27.5985,-2.29982,19.5162,-0.787971,1.11127,8.99159
6.39302,-6.14997,27.5985,-2.29982,19.5162,-0.787971,1.11127,8.99159
6.39386,-6.06353,27.5046,-2.23458,19.4687,-0.771095,1.12351,8.98654
6.39487,-6.05897,27.5129,-2.23161,19.4519,-0.765149,1.12692,8.98489
6.3957,-6.05432,27.5213,-2.22863,19.4349,-0.759276,1.13035,8.98311
6.39675,-6.05111,27.5317,-2.22675,19.4186,-0.753679,1.13355,8.9815
6.39789,-6.04798,27.5418,-2.22497,19.4029,-0.747943,1.13664,8.9798
6.39874,-6.08446,27.6023,-2.25324,19.4013,-0.747714,1.13574,8.9798
6.39973,-6.04134,27.5619,-2.22107,19.3717,-0.736384,1.14263,8.97646
6.40071,-6.03706,27.5707,-2.21836,19.356,-0.730411,1.14563,8.97479
6.40168,-6.07307,27.6312,-2.24626,19.3544,-0.730188,1.14474,8.97479
6.4027,-6.02986,27.5903,-2.21406,19.3255,-0.71871,1.15132,8.97137
6.40365,-6.06555,27.6508,-2.24171,19.3239,-0.71849,1.15042,8.97137
6.40463,-6.02154,27.6086,-2.20888,19.2951,-0.706773,1.15689,8.96788
6.4057,-6.05691,27.6691,-2.23628,19.2935,-0.706557,1.156,8.96788
6.40664,-5.97765,27.5663,-2.17617,19.2666,-0.69498,1.16318,8.96435
6.40768,-6.01287,27.6267,-2.20346,19.265,-0.694766,1.16228,8.96435
6.40866,-6.00808,27.6351,-2.2004,19.25,-0.688657,1.16495,8.96251
6.40963,-6.00455,27.6457,-2.19833,19.2352,-0.682956,1.16749,8.9608
6.41076,-6.00092,27.6564,-2.19623,19.2203,-0.677317,1.17005,8.95894
6.41176,-5.99647,27.6658,-2.19344,19.2055,-0.671407,1.17259,8.95717
6.41269,-5.99201,27.6752,-2.19068,19.1908,-0.665479,1.17509,8.95529
6.41385,-5.94864,27.6333,-2.15847,19.1632,-0.653763,1.18087,8.95161
6.4147,-5.98274,27.6936,-2.18486,19.1616,-0.653561,1.17997,8.95161
6.41568,-5.97794,27.7028,-2.18182,19.1471,-0.64758,1.18236,8.94982
6.41672,-5.93531,27.6615,-2.15022,19.1202,-0.635926,1.18787,8.94614
6.41773,-5.96893,27.7218,-2.17623,19.1186,-0.63573,1.18698,8.94614
6.41871,-5.93053,27.6705,-2.14723,19.1059,-0.629902,1.19016,8.94422
6.41981,-5.92631,27.6804,-2.14466,19.092,-0.624025,1.19235,8.94243
6.42064,-5.88373,27.6389,-2.11316,19.0653,-0.612355,1.19766,8.93866
6.42178,-5.91688,27.6992,-2.1388,19.0637,-0.612164,1.19677,8.93866
6.42299,-5.91241,27.709,-2.13608,19.0497,-0.606333,1.19893,8.93671
6.42377,-5.90849,27.7198,-2.13378,19.036,-0.600649,1.201,8.93489
6.42466,-5.90384,27.7295,-2.13093,19.0221,-0.594781,1.2031,8.93291
6.42572,-5.86187,27.6885,-2.09998,18.996,-0.583187,1.20812,8.92904
6.42672,-5.89421,27.7487,-2.12497,18.9945,-0.583005,1.20723,8.92904
6.42771,-5.88922,27.7581,-2.12185,18.9808,-0.577094,1.20926,8.92715
6.42902,-5.84795,27.7177,-2.09147,18.9553,-0.56556,1.21408,8.92327
6.42986,-5.8798,27.7778,-2.11607,18.9537,-0.565384,1.21319,8.92327
6.4307,-5.84298,27.7269,-2.0884,18.9417,-0.559607,1.21603,8.92125
6.4317,-5.83854,27.7371,-2.08572,18.9285,-0.553801,1.21791,8.91936
6.43269,-5.83339,27.7461,-2.08253,18.915,-0.547816,1.21982,8.91732
6.43379,-5.82869,27.7563,-2.07967,18.9016,-0.542081,1.2217,8.91538
6.4347,-5.78807,27.7164,-2.0499,18.8764,-0.530718,1.22628,8.91136
6.43567,-5.81911,27.7764,-2.07386,18.8749,-0.53055,1.2254,8.91136
6.43672,-5.81424,27.7863,-2.07091,18.8617,-0.524761,1.22722,8.90929
6.43816,-5.80988,27.7972,-2.06834,18.8487,-0.519114,1.22896,8.90735
6.43878,-5.80484,27.8069,-2.06526,18.8356,-0.513286,1.23075,8.90525
6.43976,-5.79963,27.8165,-2.06204,18.8225,-0.507449,1.23251,8.90325
6.44072,-5.79442,27.8261,-2.05884,18.8094,-0.501594,1.23426,8.90114
6.44178,-5.759,27.7756,-2.03232,18.7979,-0.495885,1.23687,8.89912
6.44285,-5.7538,27.785,-2.02914,18.785,-0.490004,1.23858,8.897
6.444,-5.74844,27.7943,-2.02581,18.7721,-0.484114,1.24027,8.89497
6.44485,-5.74365,27.8047,-2.02298,18.7592,-0.478464,1.24194,8.89283
6.44578,-5.73869,27.815,-2.01999,18.7463,-0.472795,1.24359,8.89079
6.44673,-5.73375,27.8252,-2.01704,18.7335,-0.467111,1.24523,8.88864
6.4477,-5.72863,27.8353,-2.01393,18.7208,-0.461411,1.24686,8.88657
6.44873,-5.72351,27.8453,-2.01085,18.708,-0.455692,1.24847,8.8844
6.44974,-5.71822,27.8553,-2.00762,18.6954,-0.449958,1.25006,8.88231
6.45071,-5.71293,27.8651,-2.00443,18.6828,-0.444207,1.25164,8.88012
6.45174,-5.67894,27.815,-1.9791,18.6717,-0.438583,1.25409,8.87802
6.45287,-5.67366,27.8246,-1.97592,18.6591,-0.432803,1.25564,8.87581
6.45383,-5.66821,27.8342,-1.97258,18.6467,-0.427012,1.25718,8.8737
6.4548,-5.66331,27.8448,-1.96972,18.6342,-0.421458,1.2587,8.87147
6.45601,-5.65824,27.8553,-1.9667,18.6217,-0.415882,1.2602,8.86934
6.45696,-5.65317,27.8658,-1.96372,18.6093,-0.410291,1.26169,8.86709
6.45825,-5.64793,27.8761,-1.96057,18.597,-0.404681,1.26317,8.86494
6.45888,-5.64269,27.8862,-1.95746,18.5847,-0.399051,1.26464,8.86267
6.45981,-5.60991,27.8367,-1.93315,18.5739,-0.393532,1.26698,8.8605
6.46077,-5.60467,27.8467,-1.93005,18.5616,-0.387866,1.26842,8.85821
6.46191,-5.63186,27.9063,-1.95096,18.5602,-0.387741,1.26754,8.85821
6.46283,-5.59436,27.8675,-1.92399,18.5373,-0.376738,1.27126,8.85371
6.46381,-5.58928,27.8783,-1.92102,18.5251,-0.371266,1.27267,8.8515
6.4649,-5.5836,27.888,-1.9176,18.5128,-0.365616,1.2741,8.84912
6.46585,-5.57836,27.8986,-1.91451,18.5008,-0.360113,1.27548,8.84689
6.46695,-5.57311,27.9091,-1.91144,18.4888,-0.354582,1.27686,8.84455
6.46788,-5.56769,27.9194,-1.90822,18.4768,-0.349036,1.27822,8.8423
6.46872,-5.56228,27.9296,-1.90503,18.4649,-0.34347,1.27957,8.83993
6.46983,-5.55669,27.9397,-1.90168,18.453,-0.337888,1.28091,8.83766
6.471,-5.5511,27.9497,-1.89837,18.4412,-0.332288,1.28224,8.83528
6.47197,-5.54534,27.9595,-1.8949,18.4294,-0.326673,1.28357,8.83299
6.47301,-5.53958,27.9693,-1.89146,18.4176,-0.321043,1.28488,8.83059
6.47378,-5.53366,27.9789,-1.88787,18.4058,-0.3154,1.28618,8.82828
6.47476,-5.50278,27.9292,-1.86519,18.3955,-0.309843,1.28834,8.82587
6.47569,-5.49687,27.9386,-1.86162,18.3838,-0.304174,1.28963,8.82354
6.47671,-5.49097,27.9479,-1.85809,18.3722,-0.298493,1.2909,8.82111
6.47773,-5.51559,28.0072,-1.87694,18.3708,-0.298397,1.29004,8.82111
6.47868,-5.47978,27.9686,-1.85151,18.3488,-0.287582,1.29341,8.81633
6.47981,-5.47402,27.9788,-1.84809,18.3372,-0.282104,1.29465,8.81397
6.48068,-5.4981,28.038,-1.86652,18.3358,-0.282013,1.29378,8.81397
6.48178,-5.46188,27.9977,-1.84079,18.3141,-0.270853,1.29712,8.80913
6.4827,-5.45595,28.0075,-1.83728,18.3026,-0.265327,1.29834,8.80664
6.48379,-5.44998,28.017,-1.83369,18.2913,-0.259704,1.29953,8.8043
6.48471,-5.444,28.0264,-1.83014,18.2801,-0.254071,1.3007,8.80184
6.48569,-5.46721,28.0855,-1.84788,18.2787,-0.25399,1.29984,8.80184
6.48671,-5.40869,27.986,-1.80518,18.259,-0.242857,1.30389,8.79699
6.48821,-5.40202,27.9941,-1.80108,18.2477,-0.237033,1.30508,8.79455
6.48871,-5.42489,28.0531,-1.81854,18.2463,-0.236956,1.30422,8.79455
6.48972,-5.3905,28.0144,-1.79435,18.2252,-0.22618,1.30734,8.78964
6.49066,-5.41301,28.0733,-1.81153,18.2238,-0.226107,1.30648,8.78964
6.49171,-5.37853,28.0344,-1.78731,18.2027,-0.215342,1.30961,8.78463
6.4927,-5.37199,28.0432,-1.78337,18.1914,-0.209697,1.31076,8.78204
6.49365,-5.39396,28.102,-1.80012,18.19,-0.20963,1.3099,8.78204
6.4947,-5.35964,28.0623,-1.77605,18.1692,-0.198694,1.31296,8.77702
6.49574,-5.35278,28.0707,-1.77185,18.158,-0.193013,1.3141,8.7745
6.49664,-5.37422,28.1295,-1.78818,18.1566,-0.192951,1.31324,8.7745
6.49765,-5.33997,28.0892,-1.7642,18.1359,-0.18195,1.31627,8.76943
6.49871,-5.31189,28.0386,-1.74389,18.1261,-0.176298,1.31825,8.76677
6.49967,-5.33298,28.0973,-1.75994,18.1247,-0.17624,1.31739,8.76677
6.50072,-5.29939,28.0577,-1.73652,18.1041,-0.165426,1.32038,8.76165
6.50245,-5.32012,28.1163,-1.75228,18.1028,-0.165372,1.31953,8.76165
6.50332,-5.29305,28.0678,-1.73277,18.0929,-0.160166,1.32146,8.75907
6.50376,-5.33396,28.185,-1.76386,18.0902,-0.160065,1.31975,8.75907
6.50468,-5.27334,28.0963,-1.72107,18.0595,-0.14404,1.3247,8.75107
6.50607,-5.29336,28.1548,-1.73626,18.0582,-0.143994,1.32385,8.75107
6.50675,-5.28566,28.1622,-1.73146,18.047,-0.138269,1.32497,8.7484
6.50771,-5.27897,28.1716,-1.72747,18.0362,-0.132859,1.32601,8.74574
6.50876,-5.27161,28.1797,-1.72294,18.0252,-0.127266,1.32709,8.74312
6.5097,-5.245,28.1295,-1.70387,18.0155,-0.121712,1.32902,8.74039
6.51076,-5.2377,28.1375,-1.69939,18.0046,-0.11611,1.33009,8.73776
6.51175,-5.23043,28.1455,-1.69497,17.9936,-0.110502,1.33115,8.73502
6.51271,-5.22336,28.1545,-1.69069,17.9827,-0.10513,1.3322,8.73238
6.51375,-5.19053,28.1139,-1.66805,17.9621,-0.0943769,1.33515,8.72697
6.51474,-5.2091,28.1722,-1.68209,17.9608,-0.0943469,1.3343,8.72697
6.51575,-5.20192,28.1809,-1.67776,17.9499,-0.088937,1.33534,8.7242
6.51682,-5.19504,28.1905,-1.67365,17.9393,-0.0836772,1.33635,8.72158
6.51774,-5.18771,28.1989,-1.66922,17.9284,-0.0782351,1.33739,8.71879
6.51874,-5.16239,28.1491,-1.65119,17.9189,-0.0728102,1.33927,8.71609
6.51977,-5.19787,28.2654,-1.67795,17.9163,-0.0727682,1.33758,8.71609
6.52093,-5.14756,28.1657,-1.64223,17.8972,-0.061948,1.34136,8.71046
6.52174,-5.13979,28.1741,-1.63746,17.886,-0.0566146,1.34243,8.70763
6.52279,-5.13186,28.181,-1.63259,17.8751,-0.0509518,1.3435,8.70476
6.52375,-5.12455,28.19,-1.62818,17.8644,-0.0456934,1.34451,8.70204
6.52471,-5.11726,28.1989,-1.62382,17.8537,-0.0404077,1.34553,8.69921
6.52572,-5.10983,28.2077,-1.61933,17.843,-0.0351177,1.34654,8.69648
6.52678,-5.10242,28.2163,-1.61488,17.8324,-0.029811,1.34755,8.69363
6.5278,-5.11878,28.2742,-1.62715,17.8311,-0.029805,1.3467,8.69363
6.52869,-5.08729,28.2333,-1.60573,17.8112,-0.0191562,1.34955,8.68799
6.52974,-5.07957,28.2416,-1.60103,17.8007,-0.0138098,1.35055,8.68521
6.53077,-5.07145,28.2488,-1.59605,17.79,-0.00828857,1.35158,8.68227
6.53165,-5.06361,28.2569,-1.59127,17.7795,-0.00292665,1.35257,8.67947
6.53275,-5.04035,28.2071,-1.57498,17.7702,0.00245572,1.3544,8.67657
6.53413,-5.05579,28.2648,-1.58653,17.769,0.0024518,1.35356,8.67657
6.53477,-5.02481,28.2228,-1.56558,17.7493,0.0132349,1.35636,8.67083
6.53584,-5.03988,28.2805,-1.57683,17.748,0.0132269,1.35552,8.67083
6.53671,-5.00916,28.2394,-1.55611,17.7282,0.0237494,1.35833,8.665
6.5377,-5.0014,28.248,-1.55143,17.7178,0.0289372,1.35929,8.66215
6.5387,-4.99381,28.2563,-1.54689,17.7076,0.0342201,1.36023,8.65924
6.53969,-4.98605,28.2646,-1.54221,17.6974,0.0395128,1.36117,8.65643
6.54071,-4.97831,28.2727,-1.53757,17.6873,0.0448176,1.3621,8.65349
6.54169,-4.97831,28.2727,-1.53757,17.6873,0.0448176,1.3621,8.65349
6.54273,-4.97041,28.2806,-1.53279,17.6772,0.050131,1.36302,8.65064
6.54369,-4.94078,28.239,-1.51302,17.658,0.0607385,1.36571,8.64474
6.5447,-4.95436,28.2964,-1.52307,17.6567,0.0607144,1.36488,8.64474
6.54571,-4.94621,28.3042,-1.51815,17.6465,0.0659867,1.36582,8.64169
6.54666,-4.9383,28.3129,-1.51338,17.6364,0.0711047,1.36672,8.63879
6.5477,-4.93001,28.3205,-1.50836,17.6261,0.0764042,1.36765,8.63571
6.54867,-4.92158,28.3279,-1.5032,17.6159,0.0817071,1.36858,8.63274
6.5498,-4.89219,28.2853,-1.4837,17.5967,0.0923845,1.37126,8.62665
6.55077,-4.90462,28.3425,-1.49284,17.5955,0.0923482,1.37043,8.62665
6.55172,-4.8961,28.3496,-1.48765,17.5854,0.0976807,1.37135,8.62354
6.55267,-4.8878,28.3576,-1.48261,17.5754,0.102854,1.37224,8.62059
6.55371,-4.87915,28.3645,-1.47733,17.5652,0.108207,1.37316,8.61746
6.55463,-4.85869,28.3144,-1.46338,17.5563,0.113603,1.3749,8.61443
6.55564,-4.85013,28.3211,-1.45818,17.5462,0.118967,1.37582,8.61129
6.55671,-4.84141,28.3278,-1.45284,17.5361,0.124334,1.37673,8.60824
6.55774,-4.83293,28.3355,-1.44772,17.526,0.129475,1.37763,8.60508
6.55865,-4.82431,28.3431,-1.44246,17.5159,0.134628,1.37853,8.60202
6.55971,-4.81572,28.3505,-1.43726,17.5058,0.139788,1.37943,8.59884
6.56066,-4.80698,28.3579,-1.43192,17.4958,0.144961,1.38033,8.59575
6.56169,-4.79827,28.3652,-1.42664,17.4858,0.150145,1.38122,8.59256
6.56268,-4.78942,28.3723,-1.42122,17.4758,0.15534,1.38212,8.58946
6.56372,-4.78059,28.3794,-1.41585,17.4658,0.160545,1.38301,8.58624
6.5647,-4.77162,28.3863,-1.41035,17.4559,0.165759,1.3839,8.58312
6.56571,-4.76268,28.3931,-1.40491,17.446,0.170983,1.38479,8.57988
6.56676,-4.74403,28.3432,-1.39247,17.4372,0.17628,1.3865,8.57674
6.56776,-4.73518,28.3499,-1.3871,17.4273,0.18152,1.38739,8.57349
6.56869,-4.72618,28.3564,-1.3816,17.4174,0.186766,1.38827,8.57033
6.56973,-4.71737,28.364,-1.37628,17.4075,0.191789,1.38914,8.56706
6.57087,-4.70842,28.3715,-1.37083,17.3976,0.196827,1.39002,8.56388
6.57171,-4.69951,28.3788,-1.36544,17.3878,0.201875,1.39089,8.56059
6.57274,-4.69045,28.3861,-1.35991,17.378,0.206936,1.39176,8.55739
6.57373,-4.68142,28.3932,-1.35443,17.3682,0.212011,1.39262,8.55408
6.57468,-4.66402,28.3439,-1.34305,17.3596,0.21718,1.3943,8.55086
6.57571,-4.65507,28.3508,-1.33765,17.3498,0.222281,1.39517,8.54752
6.57674,-4.64598,28.3576,-1.33212,17.3401,0.227392,1.39603,8.54428
6.57776,-4.63705,28.3654,-1.32674,17.3304,0.232287,1.39688,8.54093
6.57878,-4.62797,28.3731,-1.32124,17.3207,0.237199,1.39773,8.53767
6.57971,-4.61893,28.3806,-1.31579,17.3111,0.242125,1.39857,8.53429
6.58076,-4.60974,28.388,-1.3102,17.3014,0.247067,1.39942,8.531
6.5818,-4.60059,28.3953,-1.30466,17.2918,0.252027,1.40026,8.5276
6.58281,-4.59128,28.4025,-1.29899,17.2823,0.257002,1.4011,8.52429
6.58372,-4.58201,28.4095,-1.29338,17.2727,0.261991,1.40194,8.52087
6.58483,-4.57258,28.4164,-1.28763,17.2632,0.266993,1.40277,8.51754
6.58576,-4.55694,28.3673,-1.27772,17.2548,0.272111,1.40441,8.5141
6.58681,-4.5476,28.374,-1.27205,17.2453,0.277139,1.40524,8.51075
6.58768,-4.5383,28.3805,-1.26644,17.2359,0.282179,1.40606,8.50729
6.58877,-4.52896,28.3881,-1.26077,17.2264,0.287002,1.40688,8.50392
6.58974,-4.51965,28.3956,-1.25516,17.217,0.291846,1.40769,8.50044
6.59075,-4.51019,28.4029,-1.24941,17.2076,0.296701,1.4085,8.49704
6.59174,-4.50077,28.4101,-1.24371,17.1982,0.301574,1.40931,8.49354
6.59269,-4.49119,28.4171,-1.23788,17.1889,0.306462,1.41011,8.49012
6.59377,-4.48149,28.4242,-1.23199,17.1794,0.311302,1.41093,8.48653
6.59471,-4.48617,28.4797,-1.23493,17.1784,0.311183,1.41013,8.48653
6.59582,-4.47629,28.4864,-1.22887,17.1691,0.316102,1.41093,8.4831
6.59668,-4.46235,28.4375,-1.22037,17.1611,0.321221,1.41251,8.47962
6.59771,-4.46663,28.4929,-1.22299,17.16,0.321098,1.41172,8.47962
6.59878,-4.45657,28.4983,-1.21679,17.1508,0.326263,1.41252,8.47617
6.59972,-4.44679,28.5046,-1.21083,17.1418,0.331269,1.41329,8.47267
6.60067,-4.45046,28.5599,-1.21296,17.1408,0.33114,1.4125,8.47267
6.60172,-4.42687,28.5146,-1.19863,17.1238,0.341739,1.41485,8.46572
6.6028,-4.41661,28.5196,-1.19229,17.1146,0.346915,1.41564,8.46221
6.6037,-4.41968,28.5748,-1.19394,17.1136,0.346779,1.41484,8.46221
6.60491,-4.39641,28.5292,-1.17989,17.0966,0.357369,1.41717,8.45519
6.60571,-4.39641,28.5292,-1.17989,17.0966,0.357369,1.41717,8.45519
6.60672,-4.38607,28.5329,-1.17354,17.0874,0.362758,1.41796,8.45154
6.60779,-4.36311,28.4871,-1.1598,17.0702,0.373271,1.42029,8.44438
6.60876,-4.35278,28.4917,-1.15345,17.061,0.378424,1.42107,8.4408
6.60968,-4.35486,28.5467,-1.1543,17.06,0.378277,1.42028,8.4408
6.61076,-4.33247,28.5027,-1.14103,17.0429,0.388398,1.42257,8.43365
6.61172,-4.33414,28.5576,-1.14156,17.0419,0.388247,1.42179,8.43365
6.61274,-4.32357,28.5619,-1.13505,17.0327,0.393403,1.42256,8.42993
6.6137,-4.30131,28.5166,-1.12195,17.0156,0.403713,1.42488,8.42263
6.61492,-4.30238,28.5713,-1.12199,17.0146,0.403556,1.42409,8.42263
6.6158,-4.29158,28.5754,-1.11529,17.0054,0.408711,1.42487,8.41899
6.61669,-4.28101,28.5804,-1.1088,16.9965,0.4137,1.42562,8.4153
6.61795,-4.27013,28.5843,-1.10205,16.9873,0.418861,1.4264,8.41163
6.61894,-4.25905,28.5336,-1.09599,16.9792,0.42418,1.42796,8.40785
6.61996,-4.24829,28.5374,-1.08935,16.9701,0.429335,1.42874,8.40416
6.6208,-4.23758,28.5412,-1.08278,16.961,0.434487,1.42952,8.40036
6.62173,-4.22672,28.546,-1.07607,16.9519,0.439417,1.4303,8.39666
6.62271,-4.20554,28.5009,-1.06392,16.9346,0.44946,1.43262,8.38912
6.62381,-4.20498,28.5553,-1.06266,16.9337,0.449286,1.43185,8.38912
6.62471,-4.19409,28.5598,-1.05597,16.9246,0.454226,1.43262,8.38528
6.62568,-4.18323,28.5653,-1.04926,16.9157,0.459005,1.43337,8.38162
6.62668,-4.17226,28.5696,-1.04251,16.9067,0.463961,1.43415,8.37776
6.62775,-4.16116,28.5739,-1.03564,16.8977,0.468914,1.43493,8.37399
6.62869,-4.14072,28.528,-1.02416,16.8807,0.479025,1.43726,8.36632
6.62975,-4.13894,28.5821,-1.02191,16.8798,0.478838,1.43648,8.36632
6.63069,-4.1298,28.5321,-1.01747,16.8717,0.483993,1.43803,8.36242
6.63175,-4.11889,28.537,-1.01075,16.863,0.488796,1.43878,8.35869
6.63279,-4.10789,28.5409,-1.00401,16.8541,0.493774,1.43956,8.35476
6.63377,-4.0967,28.5458,-0.997089,16.8451,0.498531,1.44032,8.35093
6.63474,-4.08556,28.5505,-0.990245,16.8362,0.503304,1.44109,8.34698
6.63575,-4.07429,28.5552,-0.983275,16.8274,0.508078,1.44186,8.34313
6.63665,-4.06307,28.5597,-0.976377,16.8185,0.512863,1.44262,8.33916
6.63773,-4.05173,28.5642,-0.969354,16.8097,0.517654,1.44339,8.33529
6.63898,-4.04043,28.5686,-0.962405,16.8009,0.522454,1.44415,8.3313
6.63969,-4.02901,28.5728,-0.955332,16.7922,0.527259,1.44492,8.3274
6.64073,-4.02149,28.5234,-0.952235,16.7843,0.53228,1.44645,8.32339
6.64174,-4.0102,28.5276,-0.945281,16.7756,0.537099,1.44721,8.31948
6.64291,-3.99896,28.5316,-0.9384,16.7669,0.541923,1.44797,8.31544
6.64381,-3.98749,28.5366,-0.931306,16.7582,0.546539,1.44872,8.31151
6.64481,-3.97608,28.5415,-0.924292,16.7495,0.551168,1.44947,8.30745
6.64575,-3.96454,28.5463,-0.917152,16.7409,0.555803,1.45022,8.30349
6.64679,-3.95306,28.5509,-0.910085,16.7323,0.560451,1.45096,8.29942
6.64784,-3.94144,28.5555,-0.902895,16.7237,0.565109,1.45171,8.29544
6.64874,-3.92988,28.56,-0.89578,16.7152,0.569778,1.45245,8.29134
6.64976,-3.9182,28.5643,-0.888542,16.7066,0.574456,1.45319,8.28733
6.65079,-3.90657,28.5685,-0.881379,16.6981,0.579143,1.45393,8.28322
6.65167,-3.90073,28.5196,-0.879668,16.6905,0.584067,1.45542,8.27919
6.65274,-3.88924,28.5237,-0.872627,16.6821,0.588772,1.45616,8.27505
6.65372,-3.87762,28.5277,-0.865465,16.6736,0.593482,1.45689,8.271
6.65473,-3.86591,28.5326,-0.858254,16.6652,0.59799,1.45761,8.26683
6.65572,-3.85408,28.5374,-0.850928,16.6568,0.60251,1.45833,8.26276
6.65674,-3.8423,28.5421,-0.843673,16.6484,0.60704,1.45905,8.25857
6.65778,-3.8304,28.5467,-0.836298,16.6401,0.611582,1.45976,8.25448
6.65875,-3.81855,28.5512,-0.828997,16.6318,0.616137,1.46047,8.25027
6.65978,-3.80658,28.5555,-0.821577,16.6235,0.620703,1.46118,8.24615
6.6607,-3.79467,28.5598,-0.814231,16.6153,0.62528,1.46189,8.24192
6.66171,-3.78263,28.5639,-0.806766,16.607,0.629866,1.46259,8.23778
6.66274,-3.77065,28.5679,-0.799376,16.5989,0.634461,1.46329,8.23352
6.66379,-3.75854,28.5718,-0.791868,16.5907,0.639064,1.46399,8.22936
6.66472,-3.75494,28.5232,-0.792041,16.5833,0.643932,1.46543,8.22508
6.66571,-3.74298,28.527,-0.78466,16.5752,0.648551,1.46613,8.22089
6.6667,-3.73108,28.5306,-0.777356,16.5671,0.653178,1.46682,8.21659
6.66771,-3.71885,28.5352,-0.769768,16.559,0.657603,1.4675,8.21238
6.66869,-3.7067,28.5396,-0.762264,16.5509,0.662042,1.46817,8.20806
6.6697,-3.69441,28.544,-0.754638,16.5428,0.666488,1.46885,8.20382
6.67067,-3.68219,28.5482,-0.747088,16.5348,0.670948,1.46952,8.19947
6.67174,-3.66984,28.5524,-0.739421,16.5268,0.675418,1.47019,8.19522
6.67269,-3.65756,28.5564,-0.731831,16.5188,0.679901,1.47085,8.19085
6.67373,-3.64515,28.5603,-0.724123,16.5109,0.684393,1.47152,8.18657
6.6751,-3.64315,28.5121,-0.725637,16.5037,0.68917,1.47291,8.18218
6.67569,-3.62033,28.5677,-0.708747,16.495,0.693405,1.47283,8.17787
6.6767,-3.6187,28.5194,-0.710566,16.4879,0.698203,1.47422,8.17346
6.6777,-3.60661,28.5229,-0.703116,16.4802,0.702773,1.47486,8.16921
6.6787,-3.59434,28.5263,-0.695575,16.4724,0.707306,1.47551,8.16477
6.68,-3.58194,28.5305,-0.687878,16.4647,0.711683,1.47613,8.16049
6.68068,-3.56937,28.5347,-0.680102,16.4569,0.716031,1.47676,8.15602
6.6817,-3.55669,28.5388,-0.672212,16.4491,0.720386,1.4774,8.15163
6.68269,-3.5443,28.5427,-0.664562,16.4415,0.724798,1.47801,8.14722
6.68369,-3.53154,28.5466,-0.656626,16.4337,0.729176,1.47863,8.14281
6.68476,-3.51909,28.5502,-0.648939,16.4261,0.733608,1.47924,8.13837
6.68565,-3.51909,28.5502,-0.648939,16.4261,0.733608,1.47924,8.13837
6.6867,-3.50668,28.5059,-0.644443,16.4118,0.742797,1.48117,8.12954
6.6877,-3.49403,28.5093,-0.636607,16.4041,0.747212,1.48179,8.12506
6.68869,-3.48138,28.5136,-0.628785,16.3966,0.751476,1.48237,8.12056
6.68969,-3.46862,28.5178,-0.620851,16.3891,0.755753,1.48296,8.11615
6.69068,-3.45592,28.5218,-0.612995,16.3817,0.760043,1.48354,8.11162
6.69166,-3.4431,28.5257,-0.605024,16.3742,0.764344,1.48412,8.10717
6.69266,-3.43034,28.5295,-0.597132,16.3668,0.768657,1.48469,8.10261
6.69372,-3.41747,28.5332,-0.589127,16.3594,0.772981,1.48526,8.09813
6.69467,-3.40465,28.5367,-0.581199,16.3521,0.777315,1.48583,8.09354
6.69575,-3.39172,28.5401,-0.573159,16.3447,0.781657,1.4864,8.08903
6.69666,-3.37885,28.5434,-0.565197,16.3374,0.786008,1.48696,8.08441
6.69769,-3.37885,28.5434,-0.565197,16.3374,0.786008,1.48696,8.08441
6.69873,-3.36801,28.4991,-0.562088,16.3235,0.795055,1.4888,8.07522
6.69976,-3.35495,28.5022,-0.553986,16.316,0.799391,1.48937,8.07057
6.70066,-3.33965,28.5528,-0.540847,16.3153,0.799065,1.48866,8.07057
6.7017,-3.32635,28.5566,-0.532551,16.3081,0.803248,1.4892,8.06589
6.70266,-3.31294,28.5604,-0.524147,16.3008,0.807442,1.48975,8.06131
6.70375,-3.29969,28.5631,-0.515928,16.2935,0.811804,1.49031,8.05651
6.70471,-3.28633,28.5656,-0.507595,16.2861,0.816171,1.49088,8.05182
6.70571,-3.27623,28.5202,-0.505185,16.2722,0.82527,1.49271,8.04229
6.70671,-3.25963,28.5705,-0.490987,16.2715,0.824931,1.49201,8.04229
6.70772,-3.24629,28.5727,-0.482711,16.2643,0.829318,1.49257,8.03746
6.70886,-3.24976,28.5257,-0.488752,16.2578,0.833892,1.49381,8.03283
6.70994,-3.2366,28.5278,-0.48063,16.2505,0.838293,1.49437,8.02798
6.71073,-3.22722,28.4828,-0.478834,16.2367,0.847253,1.49618,8.01835
6.71167,-3.20974,28.5328,-0.463932,16.2361,0.846905,1.49548,8.01835
6.7127,-3.19606,28.5356,-0.455371,16.2288,0.851125,1.49602,8.01358
6.71368,-3.18673,28.492,-0.453608,16.2153,0.859786,1.49779,8.00399
6.71468,-3.16859,28.5418,-0.438171,16.2146,0.859432,1.49709,8.00399
6.71569,-3.15494,28.5443,-0.429667,16.2075,0.863675,1.49764,7.99909
6.71669,-3.14615,28.5002,-0.428367,16.1941,0.872401,1.4994,7.98944
6.71768,-3.12735,28.5498,-0.412396,16.1934,0.87204,1.4987,7.98944
6.7188,-3.11355,28.552,-0.403762,16.1864,0.876308,1.49924,7.9846
6.71983,-3.11891,28.5054,-0.411393,16.1801,0.880795,1.50045,7.97974
6.72086,-3.1053,28.5074,-0.402924,16.1731,0.885084,1.50098,7.97488
6.72169,-3.09175,28.5093,-0.394536,16.1661,0.889374,1.50152,7.9699
6.72279,-3.07769,28.5121,-0.385702,16.159,0.893485,1.50204,7.96501
6.72371,-3.06347,28.5147,-0.376787,16.1519,0.897575,1.50258,7.95992
6.7248,-3.04939,28.5173,-0.367942,16.145,0.901694,1.5031,7.95502
6.72593,-3.03537,28.5197,-0.35918,16.1381,0.905824,1.50362,7.95001
6.72688,-3.02126,28.522,-0.350313,16.1312,0.909962,1.50414,7.9451
6.72774,-3.01406,28.4772,-0.350411,16.118,0.918638,1.50586,7.93514
6.72885,-2.99306,28.5263,-0.33265,16.1174,0.918255,1.50518,7.93514
6.72974,-2.97898,28.5282,-0.323855,16.1106,0.922294,1.5057,7.93009
6.73092,-2.97214,28.4839,-0.324266,16.0977,0.930368,1.5074,7.92015
6.73174,-2.95047,28.5328,-0.305965,16.0971,0.929979,1.50671,7.92015
6.7327,-2.94399,28.4882,-0.306694,16.0843,0.937786,1.5084,7.91017
6.73393,-2.94399,28.4882,-0.306694,16.0843,0.937786,1.5084,7.91017
6.73472,-2.92995,28.4897,-0.297951,16.0775,0.94144,1.50891,7.90515
6.73601,-2.92379,28.4457,-0.298978,16.0648,0.948868,1.51057,7.89508
6.73669,-2.90123,28.4943,-0.279957,16.0642,0.948469,1.50989,7.89508
6.73782,-2.88677,28.4965,-0.270909,16.0575,0.951931,1.51039,7.88992
6.73867,-2.87199,28.4994,-0.261552,16.051,0.955255,1.51086,7.88495
6.73976,-2.8575,28.5013,-0.252494,16.0443,0.958597,1.51135,7.87977
6.74064,-2.83404,28.5496,-0.232744,16.0438,0.95819,1.51068,7.87977
6.74175,-2.82839,28.5048,-0.234262,16.0311,0.965113,1.51233,7.86948
6.74291,-2.81352,28.5064,-0.224905,16.0244,0.968358,1.51283,7.86426
6.74371,-2.79921,28.507,-0.216047,16.0177,0.971564,1.51334,7.85894
6.74466,-2.78455,28.5084,-0.206859,16.0112,0.974642,1.51382,7.85382
6.74569,-2.79456,28.4617,-0.21843,16.0052,0.978092,1.51498,7.84858
6.7467,-2.78011,28.4629,-0.209416,15.9987,0.981079,1.51547,7.84343
6.74773,-2.76573,28.4641,-0.200494,15.9922,0.984023,1.51595,7.83817
6.74866,-2.76108,28.4203,-0.202897,15.9797,0.990195,1.51756,7.82772
6.7497,-2.73584,28.4681,-0.181695,15.9792,0.98977,1.5169,7.82772
6.75068,-2.72082,28.4699,-0.172234,15.9727,0.992581,1.51737,7.82253
6.75169,-2.70562,28.4725,-0.162629,15.9664,0.995287,1.51782,7.81733
6.75275,-2.6797,28.5201,-0.140874,15.9659,0.994855,1.51716,7.81733
6.75374,-2.67564,28.4756,-0.1438,15.9536,1.00071,1.51876,7.80678
6.7551,-2.66059,28.4769,-0.134336,15.9473,1.00337,1.51923,7.80154
6.75592,-2.64589,28.4772,-0.125219,15.9408,1.00606,1.51972,7.79607
6.75674,-2.65764,28.4311,-0.138231,15.935,1.00909,1.52084,7.79081
6.75782,-2.64288,28.4322,-0.129042,15.9287,1.01166,1.5213,7.78543
6.75878,-2.62801,28.4332,-0.119745,15.9224,1.01419,1.52177,7.78014
6.76002,-2.61268,28.4351,-0.110085,15.9161,1.01669,1.52222,7.77474
6.76079,-2.59725,28.4369,-0.100329,15.9098,1.01916,1.52268,7.76943
6.76178,-2.5819,28.4385,-0.0906627,15.9035,1.0216,1.52313,7.764
6.76275,-2.56645,28.44,-0.0808995,15.8973,1.02401,1.52358,7.75867
6.76371,-2.55109,28.4415,-0.0712359,15.8911,1.02639,1.52403,7.75323
6.76476,-2.53563,28.4428,-0.0614757,15.885,1.02875,1.52448,7.74787
6.76573,-2.52026,28.444,-0.0518149,15.8788,1.03108,1.52493,7.7424
6.76674,-2.5048,28.445,-0.0420567,15.8727,1.03338,1.52538,7.73702
6.76773,-2.5048,28.445,-0.0420567,15.8727,1.03338,1.52538,7.73702
6.76877,-2.50326,28.4003,-0.0471541,15.8609,1.03839,1.52691,7.72612
6.76973,-2.48783,28.4012,-0.0374808,15.8548,1.04068,1.52736,7.72049
6.77072,-2.47231,28.4019,-0.0277162,15.8486,1.04295,1.52782,7.71496
6.7717,-2.45655,28.4035,-0.0177465,15.8425,1.04514,1.52825,7.70942
6.77275,-2.44069,28.4049,-0.00768273,15.8365,1.04732,1.52868,7.70399
6.77375,-2.42493,28.4062,0.00228478,15.8305,1.04946,1.52911,7.69843
6.77472,-2.40907,28.4074,0.0123452,15.8246,1.05159,1.52955,7.69297
6.77593,-2.3933,28.4085,0.0223026,15.8186,1.0537,1.52997,7.6874
6.77682,-2.37744,28.4095,0.0323535,15.8127,1.0558,1.5304,7.68191
6.77766,-2.36167,28.4104,0.042302,15.8068,1.05787,1.53083,7.67631
6.77868,-2.34581,28.4112,0.0523448,15.8009,1.05993,1.53125,7.67079
6.77966,-2.36164,28.3659,0.035913,15.7955,1.06246,1.53231,7.66516
6.78067,-2.346,28.3665,0.0457623,15.7896,1.06449,1.53273,7.65962
6.78202,-2.33009,28.368,0.0558433,15.7839,1.06645,1.53313,7.65407
6.78274,-2.31409,28.3692,0.0660156,15.7782,1.0684,1.53352,7.64861
6.78379,-2.2979,28.3704,0.0762925,15.7724,1.07037,1.53393,7.64291
6.78504,-2.2819,28.3715,0.0864492,15.7668,1.0723,1.53432,7.63742
6.78586,-2.26572,28.3724,0.0967167,15.761,1.07425,1.53472,7.63169
6.78671,-2.23274,28.4179,0.124214,15.7606,1.07375,1.5341,7.63169
6.78769,-2.23354,28.374,0.117115,15.7497,1.07806,1.53551,7.6204
6.78883,-2.21728,28.3746,0.127453,15.744,1.07998,1.5359,7.61473
6.78968,-2.20139,28.3751,0.137482,15.7385,1.08184,1.53629,7.60906
6.79067,-2.18512,28.3755,0.147817,15.7328,1.08372,1.53668,7.60336
6.79223,-2.20335,28.3306,0.129403,15.7277,1.08607,1.53768,7.59766
6.79332,-2.18759,28.3309,0.13933,15.7222,1.0879,1.53806,7.59204
6.79432,-2.17165,28.331,0.149363,15.7166,1.08976,1.53845,7.58618
6.79547,-2.15493,28.332,0.160062,15.711,1.0916,1.53882,7.58041
6.79626,-2.15493,28.332,0.160062,15.711,1.0916,1.53882,7.58041
6.79742,-2.12158,28.3335,0.181347,15.6999,1.09525,1.53957,7.56875
6.79817,-2.10497,28.3341,0.19193,15.6944,1.09706,1.53995,7.56285
6.79871,-2.08798,28.3346,0.202814,15.6887,1.09889,1.54033,7.55694
6.80024,-2.0714,28.3349,0.213368,15.6833,1.10069,1.5407,7.55103
6.80123,-2.05472,28.3352,0.224015,15.6778,1.10246,1.54108,7.54522
6.8017,-2.03815,28.3353,0.23455,15.6724,1.10422,1.54145,7.53929
6.80271,-2.0215,28.3353,0.245171,15.667,1.10598,1.54182,7.53346
6.80364,-2.04162,28.2909,0.225174,15.662,1.10826,1.54279,7.52751
6.80469,-2.0255,28.2908,0.235371,15.6567,1.10997,1.54315,7.52177
6.8057,-2.00873,28.2915,0.246087,15.6514,1.11165,1.5435,7.5159
6.80671,-1.99188,28.2921,0.256884,15.6462,1.11333,1.54385,7.51012
6.80766,-1.95452,28.3362,0.287965,15.6459,1.11279,1.54324,7.51012
6.80875,-1.9583,28.2928,0.278349,15.6358,1.11667,1.54453,7.49839
6.80965,-1.92048,28.3368,0.30981,15.6355,1.11613,1.54393,7.49839
6.81069,-1.92448,28.2931,0.299978,15.6254,1.12002,1.54521,7.48649
6.81169,-1.88619,28.3369,0.33182,15.6251,1.11947,1.54462,7.48649
6.81268,-1.89069,28.2929,0.321561,15.615,1.12333,1.54589,7.47452
6.81367,-1.87371,28.2927,0.332399,15.6098,1.12499,1.54623,7.46841
6.81474,-1.85695,28.2923,0.343097,15.6048,1.12662,1.54657,7.4625
6.81568,-1.84028,28.2919,0.353693,15.5997,1.12824,1.5469,7.45647
6.81669,-1.82353,28.2913,0.364376,15.5947,1.12985,1.54723,7.45053
6.81762,-1.80687,28.2907,0.374956,15.5897,1.13146,1.54755,7.44446
6.81865,-1.83005,28.2467,0.352446,15.5849,1.13363,1.54847,7.43847
6.81967,-1.81363,28.2459,0.36282,15.5799,1.13523,1.54879,7.43236
6.82071,-1.79632,28.2459,0.373953,15.5749,1.13681,1.5491,7.42634
6.82169,-1.77911,28.2458,0.384974,15.5699,1.1384,1.54942,7.42019
6.82266,-1.73849,28.2888,0.418726,15.5696,1.13782,1.54883,7.42019
6.82368,-1.74435,28.2452,0.407295,15.5599,1.14157,1.55004,7.40784
6.8247,-1.72681,28.2447,0.418589,15.5549,1.14317,1.55036,7.40164
6.82568,-1.70967,28.2442,0.429545,15.55,1.14474,1.55067,7.39546
6.82674,-1.69245,28.2435,0.440586,15.5451,1.14628,1.55098,7.38937
6.82768,-1.67534,28.2427,0.451518,15.5403,1.14783,1.55129,7.38315
6.8287,-1.63331,28.2853,0.486423,15.54,1.14724,1.55071,7.38315
6.82976,-1.65815,28.2419,0.462532,15.5354,1.14937,1.55159,7.37702
6.83068,-1.64105,28.2409,0.473439,15.5306,1.15091,1.5519,7.37077
6.83172,-1.62443,28.239,0.483949,15.5257,1.15248,1.55221,7.36447
6.83269,-1.60705,28.2378,0.495064,15.5208,1.15404,1.55252,7.35806
6.83372,-1.5896,28.2365,0.506251,15.5159,1.1556,1.55283,7.35175
6.83471,-1.57225,28.2352,0.517344,15.5111,1.15715,1.55314,7.34532
6.83572,-1.55481,28.2337,0.528521,15.5062,1.1587,1.55345,7.33898
6.83672,-1.53748,28.2322,0.539588,15.5014,1.16024,1.55376,7.33254
6.83771,-1.52007,28.2305,0.550741,15.4966,1.16178,1.55407,7.32618
6.83884,-1.50276,28.2288,0.561784,15.4918,1.16331,1.55438,7.31972
6.84008,-1.48538,28.227,0.572913,15.487,1.16484,1.55469,7.31334
6.8407,-1.46809,28.2251,0.583934,15.4823,1.16636,1.555,7.30685
6.84165,-1.49558,28.1815,0.557821,15.4777,1.1685,1.55588,7.30045
6.84268,-1.47856,28.1795,0.568627,15.473,1.17002,1.55618,7.29393
6.8438,-1.46144,28.1775,0.579523,15.4683,1.17153,1.55649,7.2875
6.84499,-1.44353,28.1762,0.591062,15.4636,1.17302,1.55679,7.28095
6.84577,-1.42554,28.1747,0.602678,15.4589,1.17452,1.55709,7.2745
6.84671,-1.40765,28.1732,0.614195,15.4542,1.17602,1.55739,7.26794
6.84769,-1.38969,28.1716,0.62579,15.4496,1.1775,1.55769,7.26147
6.84868,-1.37184,28.17,0.63727,15.4449,1.17898,1.55799,7.25489
6.84967,-1.35392,28.1682,0.648828,15.4403,1.18045,1.55829,7.24841
6.8507,-1.33612,28.1663,0.66027,15.4357,1.18192,1.55859,7.2418
6.85167,-1.28913,28.2072,0.699241,15.4356,1.18129,1.55804,7.2418
6.85296,-1.30046,28.1622,0.683202,15.4266,1.18484,1.55918,7.22866
6.85407,-1.28261,28.1601,0.694692,15.4221,1.18629,1.55948,7.22212
6.85469,-1.31321,28.1163,0.665962,15.4177,1.18843,1.56034,7.21534
6.8557,-1.29561,28.114,0.677237,15.4132,1.18987,1.56063,7.20877
6.85671,-1.27815,28.1117,0.68839,15.4087,1.19132,1.56092,7.20209
6.85766,-1.22998,28.1523,0.728335,15.4086,1.19067,1.56038,7.20209
6.85874,-1.24122,28.1084,0.712358,15.3998,1.19417,1.56149,7.18879
6.85969,-1.19258,28.1488,0.752694,15.3997,1.19352,1.56095,7.18879
6.86089,-1.17385,28.147,0.764903,15.3952,1.19494,1.56123,7.18218
6.86178,-1.15589,28.1442,0.776428,15.3908,1.1964,1.56153,7.17533
6.86271,-1.1702,28.0983,0.757907,15.3822,1.19988,1.56265,7.16195
6.8638,-1.1206,28.1384,0.799026,15.3821,1.19922,1.56211,7.16195
6.86478,-1.10294,28.1354,0.810346,15.3777,1.20063,1.5624,7.15528
6.86563,-1.08469,28.1332,0.82216,15.3735,1.202,1.56267,7.14863
6.86687,-1.11737,28.0902,0.791743,15.3693,1.20407,1.56349,7.14192
6.86772,-1.10006,28.087,0.802743,15.365,1.20547,1.56377,7.13509
6.86866,-1.08268,28.0838,0.81382,15.3607,1.20687,1.56406,7.12834
6.86971,-1.06438,28.0813,0.825631,15.3565,1.20825,1.56433,7.12147
6.8707,-1.04602,28.0787,0.837519,15.3522,1.20964,1.5646,7.11469
6.87171,-1.02774,28.076,0.849309,15.348,1.21102,1.56487,7.10779
6.8727,-1.0094,28.0733,0.861178,15.3438,1.21239,1.56514,7.10099
6.87371,-0.991167,28.0704,0.872931,15.3396,1.21376,1.56541,7.09406
6.87469,-0.972863,28.0675,0.884762,15.3354,1.21513,1.56568,7.08723
6.8757,-0.954673,28.0645,0.896478,15.3312,1.21649,1.56595,7.08028
6.87668,-0.936409,28.0614,0.908274,15.3271,1.21784,1.56622,7.07342
6.8777,-0.918256,28.0582,0.919955,15.323,1.2192,1.56648,7.06644
6.87868,-0.900026,28.055,0.931718,15.3189,1.22055,1.56675,7.05955
6.87969,-0.935087,28.0128,0.8993,15.3149,1.22258,1.56753,7.05254
6.88072,-0.917129,28.0095,0.910835,15.3109,1.22393,1.56779,7.04561
6.88172,-0.899281,28.0061,0.922257,15.3068,1.22527,1.56805,7.03857
6.88271,-0.880283,28.0034,0.934651,15.3028,1.22659,1.5683,7.03161
6.88367,-0.861414,28.0006,0.946918,15.2988,1.22791,1.56855,7.02454
6.88471,-0.842458,27.9977,0.959277,15.2948,1.22923,1.5688,7.01756
6.88571,-0.823626,27.9947,0.971512,15.2908,1.23054,1.56905,7.01047
6.88672,-0.804731,27.9917,0.983819,15.2869,1.23185,1.5693,7.00348
6.88832,-0.78596,27.9885,0.996002,15.2829,1.23315,1.56954,6.99637
6.88936,-0.78596,27.9885,0.996002,15.2829,1.23315,1.56954,6.99637
6.89015,-0.74841,27.982,1.02039,15.2752,1.23574,1.57003,6.98221
6.89112,-0.692831,28.02,1.06644,15.2751,1.23503,1.56952,6.98221
6.89216,-0.710637,27.975,1.04493,15.2674,1.23834,1.57051,6.96785
6.89332,-0.747974,27.9336,1.01065,15.2637,1.24034,1.57125,6.96079
6.8942,-0.691916,27.9714,1.05709,15.2636,1.23962,1.57075,6.96079
6.89518,-0.711937,27.9256,1.03375,15.2561,1.24292,1.57173,6.94636
6.89622,-0.692492,27.9226,1.04648,15.2523,1.24418,1.57195,6.93915
6.89711,-0.673798,27.9187,1.05859,15.2485,1.24548,1.57219,6.93188
6.89767,-0.654376,27.9156,1.0713,15.2448,1.24673,1.57241,6.92465
6.89872,-0.597114,27.953,1.11874,15.2447,1.246,1.57192,6.92465
6.89973,-0.615567,27.9091,1.09673,15.2374,1.24922,1.57285,6.91026
6.90073,-0.596164,27.9057,1.10944,15.2337,1.25045,1.57307,6.90311
6.90171,-0.577698,27.9014,1.12134,15.2301,1.25172,1.57329,6.89569
6.9027,-0.558352,27.8978,1.13401,15.2265,1.25294,1.5735,6.8885
6.90373,-0.539152,27.8942,1.14654,15.2229,1.25417,1.57372,6.8812
6.90468,-0.519872,27.8904,1.15915,15.2193,1.25538,1.57392,6.87399
6.90564,-0.500719,27.8866,1.17164,15.2158,1.2566,1.57413,6.86666
6.90662,-0.540693,27.846,1.13517,15.2123,1.25855,1.57482,6.85942
6.90783,-0.521844,27.8421,1.1474,15.2088,1.25976,1.57502,6.85206
6.90877,-0.502929,27.8381,1.15971,15.2053,1.26097,1.57522,6.84478
6.90972,-0.482948,27.8348,1.17287,15.2019,1.26215,1.57541,6.83739
6.9107,-0.462924,27.8313,1.1861,15.1984,1.26334,1.5756,6.83008
6.9117,-0.443014,27.8278,1.19921,15.195,1.26452,1.57578,6.82267
6.91274,-0.423057,27.8242,1.21238,15.1916,1.26569,1.57596,6.81535
6.91367,-0.403242,27.8205,1.22541,15.1883,1.26687,1.57614,6.80791
6.91472,-0.383377,27.8167,1.2385,15.185,1.26803,1.57632,6.80057
6.91573,-0.363656,27.8128,1.25146,15.1817,1.2692,1.57649,6.79311
6.91675,-0.340342,27.8088,1.26724,15.1784,1.27034,1.57667,6.78575
6.91801,-0.315395,27.8048,1.28429,15.1751,1.2715,1.57684,6.77829
6.91901,-0.352118,27.7648,1.25027,15.1719,1.27345,1.57747,6.77096
6.91981,-0.327286,27.7606,1.26723,15.1686,1.27461,1.57763,6.76356
6.92076,-0.302348,27.7564,1.2843,15.1654,1.27578,1.57779,6.75628
6.922,-0.276436,27.7528,1.30217,15.1622,1.27691,1.57794,6.74892
6.92296,-0.250438,27.7491,1.32014,15.159,1.27807,1.57809,6.74169
6.92391,-0.224525,27.7453,1.33803,15.1559,1.27921,1.57823,6.73437
6.92485,-0.198525,27.7414,1.35601,15.1528,1.28035,1.57837,6.72718
6.92568,-0.17263,27.7374,1.37389,15.1497,1.28148,1.57851,6.7199
6.92676,-0.146647,27.7333,1.39186,15.1466,1.28261,1.57864,6.71273
6.92771,-0.121191,27.7293,1.40941,15.1436,1.28371,1.57877,6.70562
6.92861,-0.0956376,27.7251,1.42706,15.1406,1.28481,1.5789,6.6986
6.9297,-0.134451,27.6859,1.39136,15.1376,1.28669,1.57948,6.69148
6.93073,-0.0701791,27.7208,1.44461,15.1377,1.2859,1.57902,6.69148
6.93168,-0.0828189,27.678,1.42708,15.1318,1.28885,1.57971,6.6773
6.9327,-0.0571088,27.6734,1.44483,15.1288,1.28997,1.57982,6.67012
6.93371,0.00789178,27.7081,1.49868,15.1288,1.28917,1.57937,6.67012
6.93468,-0.00441254,27.6657,1.48145,15.1231,1.29211,1.58003,6.65592
6.93568,0.0610742,27.7002,1.53569,15.1231,1.29131,1.57958,6.65592
6.93669,0.0869144,27.6953,1.55354,15.1202,1.29241,1.57969,6.64863
6.93773,0.0731282,27.6518,1.53504,15.1145,1.29537,1.58033,6.63426
6.93885,0.0988014,27.6467,1.55277,15.1117,1.29646,1.58043,6.62704
6.93966,0.165261,27.6809,1.60782,15.1117,1.29565,1.57999,6.62704
6.9407,0.191782,27.6764,1.62626,15.109,1.29669,1.58008,6.61986
6.94162,0.21839,27.6719,1.6448,15.1062,1.29774,1.58016,6.61278
6.94275,0.176996,27.6326,1.60694,15.1034,1.29964,1.5807,6.60543
6.94375,0.161188,27.5879,1.58671,15.0978,1.30263,1.58131,6.59067
6.94466,0.22862,27.6217,1.64257,15.0978,1.30181,1.58087,6.59067
6.9457,0.255402,27.6169,1.66122,15.0951,1.30287,1.58096,6.58341
6.94672,0.241418,27.5742,1.64259,15.0896,1.30577,1.58154,6.56893
6.94792,0.309581,27.6077,1.69906,15.0897,1.30495,1.5811,6.56893
6.94867,0.336251,27.6027,1.7176,15.087,1.30599,1.58118,6.56155
6.94967,0.321445,27.5597,1.69828,15.0817,1.30887,1.58174,6.54702
6.95068,0.347917,27.5545,1.71668,15.0791,1.30991,1.58181,6.53972
6.95173,0.417055,27.5876,1.77396,15.0792,1.30907,1.58138,6.53972
6.95268,0.402188,27.5452,1.75463,15.074,1.31189,1.58193,6.52528
6.95381,0.428507,27.5397,1.77288,15.0715,1.31292,1.58199,6.51784
6.95489,0.428507,27.5397,1.77288,15.0715,1.31292,1.58199,6.51784
6.9558,0.455659,27.5349,1.79187,15.069,1.3139,1.58204,6.51064
6.95671,0.4399,27.4922,1.77176,15.064,1.31671,1.58256,6.49594
6.95769,0.510257,27.5249,1.83005,15.0641,1.31587,1.58214,6.49594
6.95867,0.495122,27.4827,1.81047,15.0591,1.31866,1.58264,6.4812
6.95968,0.522265,27.4774,1.82941,15.0567,1.31966,1.58267,6.47369
6.96094,0.593355,27.5098,1.88831,15.0568,1.31881,1.58226,6.47369
6.96182,0.62158,27.5051,1.9082,15.0544,1.31974,1.58229,6.46643
6.96283,0.64968,27.5003,1.92797,15.0521,1.32068,1.58232,6.45906
6.96385,0.677087,27.4946,1.94715,15.0497,1.32166,1.58235,6.45163
6.9655,0.63231,27.4569,1.9065,15.0473,1.32347,1.5828,6.44408
6.96656,0.776688,27.5209,2.02613,15.0475,1.32175,1.58198,6.44408
6.96752,0.64138,27.4075,1.90336,15.0403,1.32722,1.58328,6.42142
6.96788,0.713935,27.4394,1.96349,15.0404,1.32636,1.58287,6.42142
6.9687,0.742563,27.4339,1.98364,15.038,1.32731,1.58289,6.41368
6.96969,0.724122,27.39,1.96123,15.0334,1.33012,1.58334,6.39833
6.9707,0.75209,27.3846,1.98088,15.0311,1.33105,1.58335,6.39085
6.97168,0.825623,27.4161,2.04182,15.0313,1.33017,1.58295,6.39085
6.97269,0.854531,27.4112,2.06228,15.0291,1.33105,1.58296,6.38341
6.9737,0.837271,27.3693,2.04096,15.0247,1.33372,1.58336,6.36845
6.97469,0.911538,27.4005,2.10251,15.0248,1.33285,1.58296,6.36845
6.97563,0.865136,27.3635,2.06053,15.0226,1.33462,1.58336,6.36093
6.9767,0.8467,27.3214,2.03822,15.0184,1.33726,1.58375,6.34588
6.9777,0.921456,27.3524,2.10018,15.0185,1.33638,1.58336,6.34588
6.97883,0.950399,27.347,2.12063,15.0164,1.33724,1.58335,6.33821
6.97991,0.980204,27.3423,2.14186,15.0144,1.33807,1.58333,6.33078
6.98144,1.00905,27.3366,2.16224,15.0124,1.33895,1.58331,6.32309
6.98221,1.03798,27.331,2.1827,15.0104,1.3398,1.58329,6.3155
6.98316,1.06675,27.3252,2.20301,15.0085,1.34065,1.58327,6.30779
6.98365,1.09604,27.3192,2.22375,15.0065,1.34151,1.58325,6.30002
6.98483,1.12519,27.3131,2.24436,15.0046,1.34238,1.58322,6.29215
6.98573,1.2019,27.3434,2.30795,15.0047,1.34148,1.58284,6.29215
6.98708,1.183,27.3009,2.28521,15.0008,1.34407,1.58316,6.27667
6.98787,1.21213,27.2945,2.30583,14.9989,1.34491,1.58313,6.26888
6.98875,1.23982,27.2875,2.32522,14.997,1.34578,1.5831,6.261
6.98985,1.23982,27.2875,2.32522,14.997,1.34578,1.5831,6.261
6.99068,1.21896,27.245,2.30089,14.9932,1.34831,1.58341,6.24559
6.99169,1.24726,27.2386,2.32084,14.9914,1.34912,1.58336,6.2379
6.99274,1.2759,27.232,2.34102,14.9896,1.34994,1.58332,6.22995
6.99372,1.30546,27.2261,2.36203,14.9879,1.35073,1.58327,6.22224
6.99469,1.33489,27.2201,2.3829,14.9861,1.35152,1.58322,6.21442
6.99602,1.36439,27.214,2.40386,14.9844,1.3523,1.58316,6.20669
6.99689,1.39374,27.2078,2.42468,14.9827,1.35307,1.58311,6.19884
6.99841,1.42316,27.2015,2.44556,14.9811,1.35384,1.58305,6.19109
6.99938,1.42316,27.2015,2.44556,14.9811,1.35384,1.58305,6.19109
7.00016,1.48175,27.1887,2.48712,14.9778,1.35536,1.58292,6.17543
7.00091,1.51142,27.1821,2.50817,14.9762,1.35612,1.58285,6.16737
7.0017,1.54113,27.1754,2.52927,14.9746,1.35689,1.58278,6.1594
7.00277,1.4896,27.1399,2.48302,14.9728,1.35857,1.58307,6.15148
7.00366,1.51852,27.1333,2.5035,14.9713,1.35931,1.58299,6.14365
7.00471,1.54731,27.1266,2.52384,14.9698,1.36004,1.58291,6.1357
7.00572,1.57752,27.1203,2.5454,14.9683,1.36075,1.58283,6.12783
7.00683,1.60759,27.114,2.56681,14.9668,1.36147,1.58274,6.11985
7.00769,1.63772,27.1076,2.58831,14.9653,1.36218,1.58265,6.11196
7.0087,1.66771,27.1011,2.60966,14.9639,1.36288,1.58256,6.10396
7.00972,1.69774,27.0946,2.63107,14.9625,1.36357,1.58246,6.09604
7.01065,1.72763,27.0879,2.65234,14.9611,1.36426,1.58236,6.08801
7.01167,1.75757,27.0812,2.67367,14.9597,1.36495,1.58226,6.08007
7.01272,1.78688,27.0745,2.69449,14.9584,1.36562,1.58216,6.07217
7.01366,1.86997,27.1023,2.7634,14.9586,1.36466,1.58182,6.07217
7.01466,1.81626,27.0677,2.71538,14.9571,1.36627,1.58206,6.06434
7.01579,1.8455,27.0609,2.73613,14.9558,1.36693,1.58195,6.05637
7.01683,1.92908,27.0885,2.80545,14.956,1.36597,1.58161,6.05637
7.01781,1.90353,27.0462,2.77722,14.9532,1.36826,1.58173,6.04014
7.01882,1.93324,27.039,2.79835,14.952,1.36892,1.58161,6.03204
7.01976,1.96188,27.031,2.81853,14.9507,1.36962,1.58149,6.02366
7.02071,1.99155,27.0237,2.83963,14.9495,1.37026,1.58137,6.01553
7.02188,2.02108,27.0163,2.86059,14.9483,1.37091,1.58125,6.00728
7.02281,2.05069,27.0088,2.88164,14.9471,1.37156,1.58112,5.99912
7.02366,2.08016,27.0013,2.90256,14.9459,1.3722,1.58099,5.99084
7.02471,2.1097,26.9937,2.92355,14.9447,1.37284,1.58086,5.98264
7.02567,2.05286,26.9594,2.87289,14.9434,1.37444,1.58106,5.97448
7.02668,2.09047,26.9518,2.90075,14.9422,1.37497,1.58094,5.96624
7.02771,2.12789,26.9449,2.92892,14.9412,1.37565,1.58078,5.95812
7.02868,2.16523,26.9378,2.95707,14.9401,1.3763,1.58063,5.95014
7.02966,2.20234,26.9307,2.98501,14.939,1.37693,1.58048,5.94211
7.03068,2.23937,26.9236,3.01292,14.938,1.37754,1.58033,5.93421
7.0317,2.27614,26.9163,3.04061,14.937,1.37815,1.58017,5.92624
7.03291,2.31357,26.9088,3.06884,14.936,1.37875,1.58001,5.91824
7.0338,2.35002,26.9015,3.09628,14.935,1.37936,1.57985,5.91032
7.03473,2.35002,26.9015,3.09628,14.935,1.37936,1.57985,5.91032
7.0357,2.42399,26.8862,3.15204,14.9331,1.38055,1.57951,5.89434
7.03667,2.51222,26.9119,3.22526,14.9333,1.37955,1.5792,5.89434
7.0377,2.49662,26.8708,3.20678,14.9312,1.38172,1.57916,5.87861
7.03868,2.53135,26.8624,3.23284,14.9303,1.38232,1.57899,5.87073
7.03965,2.478,26.8292,3.18582,14.9292,1.38387,1.57913,5.8629
7.0407,2.51335,26.8214,3.21243,14.9283,1.38443,1.57895,5.85516
7.0417,2.55031,26.8141,3.24036,14.9274,1.38495,1.57877,5.84732
7.04288,2.58722,26.8068,3.26826,14.9266,1.3855,1.57858,5.83958
7.04379,2.67692,26.8319,3.34272,14.9268,1.38449,1.57828,5.83958
7.04471,2.66124,26.7916,3.32422,14.925,1.38657,1.57819,5.82384
7.04572,2.69833,26.7839,3.35225,14.9242,1.38711,1.578,5.81586
7.04673,2.73464,26.7762,3.3797,14.9235,1.38764,1.5778,5.80814
7.04767,2.68079,26.7435,3.33224,14.9225,1.38917,1.57789,5.80016
7.0487,2.71659,26.7358,3.35928,14.9218,1.3897,1.57769,5.79243
7.04969,2.75403,26.7285,3.38764,14.9211,1.39017,1.57748,5.7846
7.05072,2.7914,26.7211,3.41598,14.9204,1.39067,1.57727,5.77687
7.0517,2.82853,26.7137,3.44411,14.9198,1.39116,1.57706,5.76903
7.05271,2.86561,26.7061,3.47221,14.9192,1.39165,1.57684,5.76128
7.0537,2.90245,26.6985,3.50011,14.9186,1.39213,1.57662,5.75343
7.05471,2.93925,26.6908,3.52799,14.918,1.3926,1.57639,5.74567
7.05572,2.97582,26.683,3.55568,14.9175,1.39307,1.57617,5.73779
7.05667,3.06846,26.707,3.6326,14.9177,1.39204,1.57588,5.73779
7.05771,3.04868,26.6672,3.61084,14.9164,1.39401,1.57571,5.7221
7.05882,3.08381,26.6586,3.63733,14.9159,1.39451,1.57547,5.71413
7.05967,3.08381,26.6586,3.63733,14.9159,1.39451,1.57547,5.71413
7.06072,3.06246,26.6188,3.61424,14.9148,1.39646,1.57527,5.69834
7.0617,3.09889,26.6105,3.64175,14.9143,1.39693,1.57502,5.69021
7.06274,3.13647,26.6028,3.67025,14.9139,1.39737,1.57477,5.68234
7.06372,3.17383,26.595,3.69853,14.9135,1.39782,1.57452,5.67436
7.06473,3.26817,26.6183,3.77689,14.9138,1.39677,1.57424,5.67436
7.06569,3.24817,26.5792,3.75476,14.9128,1.39869,1.574,5.65847
7.06671,3.28397,26.5705,3.78169,14.9125,1.39916,1.57373,5.6504
7.06767,3.37904,26.5934,3.86067,14.9127,1.39811,1.57346,5.6504
7.06868,3.35731,26.5542,3.83702,14.9119,1.4,1.5732,5.63442
7.06978,3.39245,26.5453,3.86336,14.9116,1.40046,1.57293,5.6262
7.07069,3.48825,26.5679,3.94295,14.9119,1.3994,1.57266,5.6262
7.07169,3.46468,26.5285,3.9177,14.9111,1.40129,1.57238,5.61011
7.07266,3.40302,26.497,3.8636,14.9107,1.40281,1.57236,5.60192
7.07364,3.49932,26.5195,3.9436,14.9109,1.40174,1.5721,5.60192
7.07468,3.4755,26.4805,3.91809,14.9103,1.40359,1.57179,5.58567
7.0757,3.51105,26.4717,3.9447,14.9102,1.40404,1.5715,5.57732
7.07667,3.54772,26.4635,3.97229,14.91,1.40442,1.5712,5.5692
7.0777,3.64498,26.4856,4.05312,14.9103,1.40335,1.57095,5.5692
7.0787,3.6202,26.4469,4.02673,14.9098,1.4052,1.57061,5.55283
7.07966,3.71795,26.4687,4.10796,14.9101,1.40413,1.57035,5.55283
7.08081,3.69042,26.4293,4.07923,14.9097,1.40599,1.57,5.5362
7.08175,3.72443,26.4201,4.10455,14.9097,1.4064,1.56968,5.52771
7.08267,3.82292,26.4416,4.18639,14.91,1.40532,1.56944,5.52771
7.08374,3.79445,26.4027,4.15688,14.9097,1.40714,1.56906,5.51109
7.08471,3.72886,26.372,4.0994,14.9095,1.40863,1.56899,5.50262
7.08566,3.76297,26.3632,4.1248,14.9096,1.40899,1.56867,5.49418
7.08668,3.79891,26.3548,4.15172,14.9096,1.40933,1.56835,5.48581
7.08769,3.83447,26.3463,4.17831,14.9097,1.40969,1.56802,5.47732
7.08868,3.86984,26.3377,4.20476,14.9098,1.41004,1.56769,5.46891
7.08969,3.96978,26.3586,4.28784,14.9101,1.40894,1.56745,5.46891
7.09068,3.93964,26.3203,4.25685,14.9102,1.41072,1.56701,5.45193
7.09166,3.97274,26.311,4.28136,14.9104,1.41109,1.56667,5.44317
7.0927,4.07341,26.3315,4.36505,14.9106,1.40999,1.56643,5.44317
7.09369,4.04094,26.2931,4.3321,14.9108,1.41174,1.56598,5.42602
7.0947,4.14209,26.3135,4.4162,14.9111,1.41064,1.56575,5.42602
7.09573,4.17472,26.3038,4.44032,14.9113,1.411,1.5654,5.41727
7.09667,4.13858,26.2647,4.40426,14.9116,1.41278,1.56492,5.39975
7.09768,4.06823,26.2348,4.34273,14.9117,1.41423,1.56478,5.3908
7.09867,4.17011,26.2549,4.42744,14.9119,1.41312,1.56455,5.3908
7.09967,4.13505,26.2168,4.39227,14.9123,1.41482,1.56406,5.37324
7.10066,4.16769,26.2073,4.41638,14.9127,1.41517,1.56368,5.3643
7.10169,4.27029,26.2271,4.50171,14.913,1.41406,1.56346,5.3643
7.10265,4.23495,26.1893,4.46629,14.9135,1.41576,1.56293,5.3466
7.10362,4.2667,26.1796,4.48965,14.9139,1.41609,1.56255,5.33748
7.10469,4.37004,26.199,4.57559,14.9142,1.41497,1.56233,5.33748
7.10568,4.33239,26.1611,4.53824,14.9149,1.41665,1.56179,5.31961
7.10669,4.36345,26.1512,4.56103,14.9154,1.41697,1.56139,5.31051
7.10767,4.4675,26.1703,4.64758,14.9156,1.41584,1.56118,5.31051
7.10874,4.42764,26.1323,4.60837,14.9164,1.41751,1.56062,5.29246
7.10969,4.45784,26.1222,4.63043,14.917,1.41783,1.56021,5.28315
7.11074,4.45784,26.1222,4.63043,14.917,1.41783,1.56021,5.28315
7.11172,4.4894,26.1126,4.65366,14.9176,1.41808,1.55982,5.27408
7.1127,4.44704,26.0743,4.61231,14.9185,1.41976,1.55921,5.25557
7.11374,4.55231,26.0929,4.69988,14.9188,1.41863,1.55901,5.25557
7.11471,4.5106,26.055,4.65907,14.9198,1.42028,1.55838,5.23695
7.11566,4.54119,26.045,4.68144,14.9205,1.42057,1.55796,5.22747
7.11671,4.64718,26.0633,4.76963,14.9208,1.41943,1.55776,5.22747
7.11782,4.6048,26.0259,4.72828,14.9219,1.42104,1.55712,5.2089
7.1188,4.71127,26.044,4.81687,14.9222,1.4199,1.55692,5.2089
7.11981,4.74147,26.0336,4.83894,14.9229,1.42017,1.55649,5.19944
7.12137,4.69538,25.9955,4.79446,14.9242,1.42181,1.55582,5.18051
7.12236,4.69538,25.9955,4.79446,14.9242,1.42181,1.55582,5.18051
7.12311,4.64729,25.9566,4.7482,14.9256,1.42347,1.55511,5.1609
7.12368,4.6779,25.9465,4.77059,14.9264,1.4237,1.55466,5.15121
7.12474,4.78558,25.9641,4.86021,14.9267,1.42255,1.55447,5.15121
7.12578,4.81685,25.9536,4.88313,14.9275,1.42279,1.55402,5.1414
7.1267,4.77067,25.9163,4.83858,14.929,1.4244,1.5533,5.12226
7.12765,4.87907,25.9335,4.92881,14.9293,1.42324,1.55311,5.12226
7.12875,4.90901,25.9231,4.95065,14.9302,1.42346,1.55266,5.11251
7.1297,4.9404,25.9132,4.97374,14.9311,1.42364,1.55221,5.10303
7.13064,4.96983,25.9026,4.99516,14.9321,1.42388,1.55174,5.09322
7.13168,4.99919,25.892,5.01653,14.9331,1.42409,1.55128,5.08349
7.13271,5.0282,25.8814,5.0376,14.9341,1.42431,1.55081,5.07362
7.13409,5.05711,25.8706,5.0586,14.9351,1.42452,1.55034,5.06383
7.13462,5.08572,25.8598,5.07933,14.9361,1.42473,1.54987,5.0539
7.13575,5.00391,25.8326,5.00815,14.9369,1.42611,1.54956,5.04404
7.13669,4.94924,25.7947,4.95645,14.9387,1.42769,1.54877,5.02411
7.13786,5.0598,25.811,5.04851,14.939,1.42652,1.5486,5.02411
7.13888,5.08963,25.8004,5.07026,14.9401,1.42668,1.54811,5.01405
7.1398,5.03915,25.7636,5.02208,14.9421,1.42823,1.5473,4.99419
7.14075,5.15043,25.7796,5.11475,14.9424,1.42704,1.54713,4.99419
7.14184,5.17975,25.7688,5.1361,14.9435,1.42722,1.54664,4.98418
7.14269,5.2104,25.7585,5.15857,14.9447,1.42735,1.54615,4.97425
7.14438,5.23924,25.7476,5.17951,14.9459,1.42755,1.54564,4.9642
7.14539,5.26781,25.7367,5.20022,14.9472,1.42771,1.54514,4.95403
7.14605,5.26781,25.7367,5.20022,14.9472,1.42771,1.54514,4.95403
7.14737,5.21222,25.6991,5.14772,14.9494,1.42923,1.54426,4.9335
7.14825,5.12783,25.6725,5.07432,14.9505,1.43059,1.54389,4.92316
7.14903,5.2686,25.6765,5.18846,14.9521,1.42957,1.5432,4.9127
7.1503,5.29709,25.665,5.20906,14.9534,1.42973,1.54266,4.90213
7.15113,5.327,25.6539,5.23086,14.9548,1.42987,1.54212,4.89166
7.15172,5.35626,25.643,5.25218,14.9561,1.43003,1.54159,4.8815
7.15272,5.3005,25.6061,5.19956,14.9586,1.43151,1.54066,4.86086
7.1537,5.41465,25.6208,5.29466,14.9589,1.4303,1.54052,4.86086
7.15479,5.44322,25.6097,5.3154,14.9603,1.43043,1.53998,4.85056
7.15563,5.47341,25.5991,5.33755,14.9617,1.43052,1.53945,4.84056
7.15669,5.50155,25.5879,5.35793,14.9632,1.43067,1.53891,4.83022
7.15767,5.41452,25.5624,5.28236,14.9644,1.43199,1.5385,4.81995
7.1587,5.44204,25.5511,5.30223,14.9659,1.43211,1.53796,4.80955
7.15972,5.46948,25.5399,5.32204,14.9674,1.43222,1.5374,4.79922
7.16076,5.49894,25.5288,5.34352,14.9689,1.4323,1.53685,4.78876
7.1617,5.52829,25.5177,5.36492,14.9705,1.4324,1.53629,4.77839
7.16271,5.55737,25.5065,5.3861,14.9721,1.4325,1.53572,4.76791
7.1638,5.58634,25.4953,5.4072,14.9737,1.43259,1.53515,4.75751
7.16493,5.61501,25.484,5.42803,14.9753,1.43267,1.53458,4.74699
7.16568,5.64357,25.4726,5.4488,14.977,1.43276,1.53401,4.73656
7.16669,5.67184,25.4612,5.4693,14.9786,1.43284,1.53343,4.726
7.16769,5.70001,25.4497,5.48974,14.9803,1.43291,1.53285,4.71553
7.16869,5.72789,25.4382,5.50993,14.982,1.43299,1.53226,4.70493
7.16971,5.75569,25.4266,5.53007,14.9837,1.43306,1.53168,4.69441
7.17065,5.78321,25.415,5.54996,14.9855,1.43313,1.53109,4.68376
7.17168,5.69247,25.3904,5.47126,14.987,1.43443,1.53061,4.67319
7.17268,5.7194,25.3788,5.49066,14.9888,1.43449,1.53001,4.66248
7.17371,5.74627,25.367,5.51002,14.9906,1.43456,1.52941,4.65186
7.17473,5.77524,25.3555,5.53112,14.9924,1.43458,1.5288,4.6411
7.17571,5.80409,25.344,5.55214,14.9942,1.43463,1.52819,4.63044
7.17677,5.8327,25.3324,5.57295,14.9961,1.43467,1.52757,4.61967
7.17767,5.8612,25.3207,5.59369,14.998,1.43471,1.52696,4.60898
7.17874,5.88941,25.3089,5.61417,14.9999,1.43474,1.52633,4.59819
7.17974,5.91752,25.2971,5.63458,15.0019,1.43477,1.52571,4.58747
7.18071,5.94535,25.2853,5.65475,15.0038,1.4348,1.52508,4.57664
7.18174,5.85277,25.2615,5.57451,15.0055,1.43608,1.52455,4.56589
7.18273,5.88,25.2497,5.59418,15.0075,1.4361,1.52392,4.55502
7.1837,5.90714,25.2377,5.6138,15.0095,1.43612,1.52328,4.54423
7.18483,5.93642,25.226,5.63518,15.0115,1.4361,1.52263,4.53332
7.18575,5.96558,25.2142,5.65649,15.0136,1.43611,1.52198,4.5225
7.18686,5.99449,25.2024,5.67757,15.0157,1.43611,1.52133,4.51158
7.18775,6.02328,25.1905,5.69858,15.0177,1.43611,1.52067,4.50075
7.18874,6.05177,25.1785,5.71932,15.0199,1.4361,1.52001,4.48981
7.18975,6.08015,25.1665,5.73999,15.022,1.43608,1.51935,4.47896
7.19073,6.10824,25.1544,5.76041,15.0241,1.43607,1.51869,4.46799
7.19169,6.01381,25.1314,5.67862,15.0261,1.43732,1.5181,4.45711
7.19277,6.04128,25.1193,5.69853,15.0282,1.4373,1.51743,4.44612
7.19372,6.06867,25.1072,5.71838,15.0305,1.43728,1.51675,4.4352
7.19473,6.09823,25.0952,5.74003,15.0327,1.43722,1.51607,4.42416
7.19571,6.12767,25.0832,5.7616,15.0349,1.43718,1.51538,4.41322
7.19682,6.15684,25.0711,5.78294,15.0372,1.43714,1.51469,4.40218
7.19774,6.18589,25.059,5.8042,15.0395,1.4371,1.514,4.39124
7.19866,6.21463,25.0468,5.82519,15.0418,1.43704,1.5133,4.38018
7.19969,6.24326,25.0345,5.8461,15.0442,1.43699,1.5126,4.36922
7.20075,6.27159,25.0222,5.86676,15.0465,1.43693,1.51189,4.35814
7.2017,6.29982,25.0099,5.88734,15.0489,1.43687,1.51118,4.34715
7.20272,6.32776,24.9974,5.90767,15.0513,1.43681,1.51047,4.33604
7.20368,6.2306,24.9753,5.8236,15.0534,1.43804,1.50983,4.32501
7.20468,6.25793,24.9629,5.84343,15.0559,1.43797,1.50911,4.31387
7.20569,6.28518,24.9504,5.8632,15.0583,1.4379,1.50838,4.3028
7.20682,6.31465,24.9381,5.88483,15.0608,1.43779,1.50766,4.29161
7.20772,6.344,24.9257,5.90636,15.0633,1.43772,1.50692,4.28052
7.20872,6.37308,24.9132,5.92767,15.0658,1.43763,1.50619,4.26933
7.2097,6.40205,24.9007,5.9489,15.0683,1.43753,1.50545,4.25823
7.21109,6.43071,24.8882,5.96986,15.0709,1.43744,1.5047,4.24702
7.21174,6.45926,24.8756,5.99075,15.0735,1.43734,1.50396,4.2359
7.21271,6.48752,24.8629,6.01138,15.076,1.43724,1.50321,4.22467
7.21376,6.51567,24.8502,6.03194,15.0787,1.43713,1.50245,4.21352
7.21472,6.54353,24.8374,6.05225,15.0813,1.43702,1.5017,4.20225
7.21571,6.57129,24.8246,6.0725,15.0839,1.43691,1.50094,4.19107
7.21668,6.47099,24.8034,5.98577,15.0863,1.43811,1.50022,4.17976
7.21771,6.49816,24.7906,6.00553,15.089,1.438,1.49946,4.16854
7.21872,6.52506,24.7778,6.02504,15.0917,1.43788,1.49868,4.15719
7.21971,6.55445,24.765,6.04664,15.0944,1.43772,1.49791,4.14592
7.22071,6.58351,24.7522,6.06797,15.0972,1.4376,1.49713,4.13455
7.2217,6.61252,24.7394,6.08926,15.1,1.43747,1.49635,4.12328
7.22268,6.64121,24.7265,6.11029,15.1027,1.43732,1.49556,4.11189
7.22375,6.6698,24.7135,6.13125,15.1055,1.43718,1.49477,4.1006
7.22474,6.69808,24.7005,6.15194,15.1084,1.43703,1.49397,4.0892
7.22572,6.72626,24.6875,6.17257,15.1112,1.43688,1.49318,4.07789
7.22671,6.75415,24.6744,6.19293,15.1141,1.43673,1.49238,4.06646
7.22773,6.78194,24.6612,6.21324,15.1169,1.43658,1.49157,4.05511
7.22871,6.67911,24.6409,6.12441,15.1196,1.43775,1.4908,4.04364
7.22971,6.70631,24.6278,6.14422,15.1225,1.43759,1.48998,4.03226
7.2307,6.73323,24.6146,6.16379,15.1254,1.43743,1.48917,4.02075
7.2317,6.76268,24.6015,6.18549,15.1284,1.43723,1.48835,4.00932
7.2327,6.79181,24.5883,6.20691,15.1314,1.43706,1.48753,3.9978
7.2337,6.82088,24.5752,6.2283,15.1344,1.43688,1.4867,3.98637
7.23472,6.84964,24.5619,6.24942,15.1374,1.43669,1.48587,3.97483
7.23572,6.87828,24.5486,6.27047,15.1404,1.4365,1.48503,3.96339
7.23672,6.90662,24.5353,6.29125,15.1434,1.43631,1.48419,3.95183
7.23768,6.93485,24.5219,6.31196,15.1465,1.43611,1.48335,3.94037
7.23871,6.96279,24.5084,6.33241,15.1496,1.43592,1.48251,3.92879
7.23975,6.99063,24.495,6.3528,15.1527,1.43572,1.48166,3.91729
7.24068,7.01818,24.4814,6.37294,15.1558,1.43552,1.48081,3.90568
7.24175,6.91256,24.4621,6.28177,15.1587,1.43666,1.47997,3.89415
7.2427,6.93953,24.4486,6.30142,15.1619,1.43645,1.47911,3.88249
7.24372,6.96641,24.435,6.32101,15.1651,1.43625,1.47824,3.87092
7.24469,6.99569,24.4215,6.3426,15.1683,1.43599,1.47738,3.85922
7.24575,7.02484,24.408,6.3641,15.1715,1.43578,1.47651,3.84763
7.24669,7.05374,24.3944,6.38537,15.1747,1.43555,1.47563,3.83593
7.24789,7.08251,24.3808,6.40657,15.178,1.43531,1.47475,3.82433
7.24875,7.11098,24.3671,6.4275,15.1813,1.43508,1.47387,3.81262
7.24988,7.13934,24.3534,6.44836,15.1846,1.43484,1.47299,3.801
7.25074,7.1674,24.3396,6.46896,15.1879,1.43459,1.4721,3.78926
7.25174,7.19536,24.3258,6.48949,15.1912,1.43435,1.47121,3.77762
7.25264,7.22303,24.3119,6.50976,15.1946,1.4341,1.47031,3.76586
7.25369,7.11502,24.2936,6.41659,15.1977,1.43522,1.46941,3.75418
7.25471,7.14209,24.2797,6.43636,15.2011,1.43497,1.4685,3.74238
7.25569,7.16907,24.2658,6.45609,15.2045,1.43471,1.4676,3.73066
7.25675,7.1985,24.252,6.47784,15.2079,1.43441,1.46669,3.71883
7.25772,7.22779,24.2381,6.4995,15.2114,1.43415,1.46577,3.70709
7.25872,7.25682,24.2242,6.52094,15.2148,1.43387,1.46485,3.69525
7.25977,7.28574,24.2102,6.54229,15.2183,1.43359,1.46393,3.68351
7.26069,7.31433,24.1962,6.56338,15.2218,1.43331,1.46301,3.67166
7.26173,7.34282,24.1822,6.58438,15.2253,1.43302,1.46208,3.65991
7.26268,7.371,24.1681,6.60512,15.2289,1.43273,1.46115,3.64804
7.26389,7.39907,24.1539,6.62579,15.2324,1.43244,1.46021,3.63626
7.26471,7.42685,24.1397,6.6462,15.236,1.43215,1.45927,3.62437
7.26562,7.31646,24.1223,6.55104,15.2394,1.43324,1.4583,3.61256
7.26668,7.34363,24.1081,6.57094,15.243,1.43294,1.45736,3.60063
7.26782,7.37295,24.0943,6.5927,15.2466,1.43261,1.45643,3.58902
7.26867,7.40247,24.0801,6.61458,15.2502,1.43228,1.45547,3.57706
7.2697,7.43191,24.0659,6.63641,15.2539,1.43197,1.45451,3.5652
7.27088,7.46103,24.0516,6.65797,15.2576,1.43164,1.45355,3.55324
7.27173,7.49002,24.0373,6.67944,15.2613,1.43131,1.45258,3.54137
7.2727,7.5187,24.023,6.70063,15.2651,1.43098,1.45161,3.5294
7.27374,7.54726,24.0086,6.72174,15.2688,1.43065,1.45064,3.51752
7.27483,7.68712,24.0109,6.8388,15.269,1.42925,1.45068,3.51752
7.27572,7.60365,23.9797,6.76336,15.2764,1.42997,1.44868,3.49362
7.2767,7.63149,23.9652,6.78387,15.2802,1.42963,1.4477,3.4816
7.27765,7.51645,23.9483,6.68477,15.2839,1.43073,1.44664,3.46942
7.2787,7.54372,23.9338,6.70481,15.2877,1.43035,1.44565,3.45736
7.27973,7.57318,23.9197,6.72673,15.2915,1.42998,1.44468,3.44562
7.2807,7.71417,23.9214,6.84474,15.2917,1.42857,1.44473,3.44562
7.28175,7.63244,23.8906,6.77078,15.2993,1.42925,1.44268,3.42155
7.28271,7.66171,23.876,6.7925,15.3032,1.42888,1.44167,3.40947
7.28378,7.68859,23.861,6.81222,15.3072,1.42854,1.44063,3.39723
7.28465,7.83046,23.8623,6.93099,15.3074,1.42712,1.44069,3.39723
7.28568,7.74613,23.8316,6.85487,15.3151,1.42776,1.4386,3.37312
7.28676,7.77171,23.8169,6.87352,15.3191,1.42742,1.43758,3.36101
7.28766,7.91424,23.8178,6.99286,15.3193,1.426,1.43764,3.36101
7.28868,7.82706,23.7878,6.91443,15.327,1.42663,1.43558,3.33726
7.28964,7.97003,23.7885,7.03415,15.3271,1.4252,1.43564,3.33726
7.29062,7.85504,23.7729,6.93512,15.331,1.42623,1.43455,3.32515
7.29169,7.76354,23.7429,6.85302,15.3389,1.42691,1.43242,3.30099
7.29269,7.78838,23.7277,6.87102,15.3431,1.42651,1.43136,3.28844
7.29379,7.81783,23.713,6.89297,15.3472,1.42605,1.43034,3.27646
7.29467,7.84697,23.6984,6.91466,15.3512,1.42565,1.42931,3.26437
7.29575,7.87657,23.6834,6.9367,15.3554,1.42522,1.42825,3.25214
7.29672,7.90527,23.6687,6.95803,15.3595,1.42481,1.42722,3.24004
7.29809,7.93442,23.6536,6.97971,15.3638,1.42437,1.42615,3.22779
7.29941,7.96324,23.6385,7.00111,15.368,1.42393,1.42509,3.21544
7.30006,7.96324,23.6385,7.00111,15.368,1.42393,1.42509,3.21544
7.30139,8.1371,23.6229,7.14402,15.3724,1.42206,1.42409,3.20319
7.30201,8.1371,23.6229,7.14402,15.3724,1.42206,1.42409,3.20319
7.30263,8.07707,23.5774,7.08553,15.3852,1.42215,1.42075,3.16596
7.30369,8.10254,23.5618,7.10413,15.3896,1.42175,1.41964,3.15345
7.30466,7.98353,23.5478,7.00174,15.3937,1.42273,1.41848,3.14132
7.30564,8.01028,23.5328,7.02148,15.398,1.42229,1.41741,3.12927
7.30674,8.03967,23.5178,7.04342,15.4023,1.42179,1.41634,3.11708
7.30766,8.06894,23.5028,7.06528,15.4066,1.42134,1.41526,3.10497
7.30869,8.09846,23.4875,7.0873,15.411,1.42085,1.41416,3.09251
7.3103,8.12727,23.4724,7.10878,15.4154,1.42039,1.41307,3.08039
7.31139,8.15577,23.4572,7.12999,15.4197,1.4199,1.41198,3.06816
7.31207,8.15577,23.4572,7.12999,15.4197,1.4199,1.41198,3.06816
7.31268,8.21332,23.4262,7.17283,15.4287,1.41892,1.40974,3.04327
7.31371,8.24182,23.4107,7.19403,15.4333,1.41842,1.40861,3.03087
7.31471,8.12144,23.3974,7.09048,15.4376,1.4194,1.4074,3.01861
7.31569,8.14876,23.3822,7.11073,15.4421,1.4189,1.40629,3.00643
7.3167,8.17875,23.3669,7.13322,15.4466,1.41836,1.40518,2.99412
7.31767,8.32719,23.3647,7.25763,15.4467,1.41689,1.40529,2.99412
7.3187,8.2381,23.3362,7.17767,15.4556,1.41734,1.40294,2.96958
7.3197,8.26508,23.3206,7.19762,15.4603,1.41685,1.40178,2.9571
7.32069,8.29417,23.3052,7.21936,15.4649,1.41629,1.40066,2.94475
7.3217,8.32312,23.2897,7.24101,15.4695,1.41576,1.39952,2.93249
7.32274,8.35176,23.2742,7.26238,15.4741,1.41523,1.39838,2.92011
7.32369,8.38028,23.2587,7.28366,15.4787,1.4147,1.39724,2.90782
7.3247,8.40849,23.2431,7.30468,15.4834,1.41415,1.39609,2.89541
7.32568,8.43659,23.2275,7.32562,15.4881,1.41361,1.39494,2.88308
7.32669,8.46438,23.2118,7.34629,15.4928,1.41306,1.39378,2.87063
7.32784,8.46438,23.2118,7.34629,15.4928,1.41306,1.39378,2.87063
7.32872,8.49207,23.1961,7.36689,15.4975,1.41251,1.39262,2.85825
7.32966,8.51947,23.1804,7.38724,15.5023,1.41196,1.39146,2.84576
7.3307,8.42362,23.152,7.30155,15.512,1.41231,1.38894,2.82031
7.33169,8.45085,23.136,7.32174,15.5169,1.41175,1.38773,2.80762
7.33265,8.60229,23.1321,7.44874,15.5169,1.41026,1.38786,2.80762
7.3337,8.50956,23.1044,7.36576,15.5265,1.41057,1.38536,2.78265
7.33468,8.5391,23.0882,7.38789,15.5315,1.40998,1.38415,2.76986
7.33571,8.69118,23.084,7.51543,15.5315,1.40848,1.38428,2.76986
7.3367,8.59641,23.0565,7.43076,15.5412,1.40881,1.38175,2.74488
7.33767,8.6223,23.0403,7.44986,15.5462,1.40825,1.38052,2.73218
7.33866,8.77502,23.0357,7.57795,15.5463,1.40675,1.38066,2.73218
7.33978,8.65041,23.0243,7.47084,15.5512,1.40762,1.37932,2.71959
7.34082,8.67841,23.0083,7.49174,15.5561,1.40703,1.37811,2.7071
7.34236,8.57844,22.9806,7.40264,15.5662,1.40731,1.37548,2.68143
7.34278,8.73179,22.9756,7.53128,15.5663,1.40581,1.37563,2.68143
7.34386,8.75961,22.9592,7.552,15.5714,1.4052,1.37438,2.66854
7.34471,8.66135,22.9313,7.4643,15.5817,1.40548,1.37169,2.6426
7.34594,8.81533,22.9261,7.59348,15.5817,1.40397,1.37184,2.6426
7.34678,8.8427,22.9096,7.61385,15.5869,1.40335,1.37058,2.62981
7.34772,8.8723,22.8933,7.63612,15.5919,1.40269,1.36935,2.61718
7.34868,8.77408,22.8659,7.54852,15.6022,1.40297,1.36665,2.59151
7.3497,8.9289,22.8602,7.67843,15.6023,1.40146,1.36681,2.59151
7.35066,8.8004,22.8495,7.56803,15.6074,1.40233,1.36538,2.5787
7.35168,8.69956,22.8227,7.47828,15.6177,1.40257,1.36269,2.55321
7.35269,8.8548,22.8167,7.60854,15.6178,1.40106,1.36285,2.55321
7.35368,8.75902,22.7899,7.52304,15.6282,1.4012,1.36015,2.52767
7.35471,8.79015,22.7733,7.54659,15.6335,1.40052,1.35886,2.51473
7.35567,8.94602,22.7669,7.67739,15.6335,1.399,1.35902,2.51473
7.35676,8.85058,22.7405,7.59225,15.6439,1.39919,1.35631,2.48952
7.35778,8.87792,22.7239,7.61265,15.6493,1.39854,1.35501,2.47671
7.35866,9.03442,22.7172,7.74399,15.6493,1.39701,1.35518,2.47671
7.35972,9.06419,22.7007,7.76646,15.6545,1.3963,1.35391,2.46403
7.36071,8.96344,22.6743,7.67683,15.6652,1.39649,1.35113,2.4385
7.36167,8.96344,22.6743,7.67683,15.6652,1.39649,1.35113,2.4385
7.36267,8.99045,22.6572,7.69693,15.6708,1.39577,1.34979,2.42537
7.36368,8.89071,22.6311,7.60816,15.6815,1.39589,1.34699,2.39976
7.36474,9.04824,22.6238,7.7404,15.6816,1.39436,1.34717,2.39976
7.36576,8.95035,22.5977,7.65319,15.6924,1.39445,1.34436,2.37415
7.36674,8.97844,22.5808,7.67423,15.6979,1.39376,1.34302,2.36118
7.36779,9.13658,22.5732,7.807,15.6979,1.39223,1.3432,2.36118
7.36873,9.16734,22.5564,7.83035,15.7033,1.39147,1.3419,2.34855
7.36974,9.19774,22.5396,7.85338,15.7088,1.39074,1.34058,2.33582
7.37064,9.09378,22.5136,7.76107,15.7199,1.39085,1.33769,2.30993
7.37174,9.09378,22.5136,7.76107,15.7199,1.39085,1.33769,2.30993
7.37274,9.12076,22.4967,7.78121,15.7256,1.39012,1.33634,2.297
7.37367,9.02041,22.4711,7.69197,15.7367,1.39015,1.33346,2.27127
7.37472,9.17979,22.4628,7.8258,15.7367,1.3886,1.33365,2.27127
7.37573,9.20919,22.4456,7.84798,15.7424,1.38785,1.33228,2.25823
7.37669,9.10993,22.4201,7.75968,15.7537,1.38788,1.32937,2.23252
7.37786,9.26993,22.4114,7.89404,15.7536,1.38633,1.32957,2.23252
7.37872,9.2987,22.3942,7.91572,15.7593,1.38555,1.32819,2.21959
7.37971,9.19729,22.3689,7.82563,15.7707,1.38557,1.32526,2.19387
7.38068,9.35789,22.3599,7.96051,15.7707,1.38401,1.32546,2.19387
7.38172,9.38581,22.3426,7.98147,15.7765,1.38323,1.32407,2.18082
7.38269,9.28236,22.3176,7.88967,15.788,1.38323,1.32111,2.15504
7.38371,9.44357,22.3082,8.02508,15.7879,1.38166,1.32132,2.15504
7.38467,9.30946,22.3004,7.90997,15.7938,1.38244,1.31971,2.14206
7.38567,9.33889,22.2833,7.93226,15.7995,1.38161,1.31834,2.12921
7.3867,9.36548,22.266,7.95213,15.8054,1.38086,1.31693,2.11619
7.38773,9.39506,22.2486,7.9745,15.8112,1.38,1.31552,2.10305
7.38866,9.42442,22.2311,7.99671,15.8171,1.3792,1.31411,2.09001
7.38973,9.45349,22.2136,8.01868,15.8231,1.37839,1.31269,2.07687
7.3908,9.48242,22.1961,8.04053,15.829,1.37757,1.31126,2.06384
7.39164,9.511,22.1786,8.06209,15.8349,1.37674,1.30984,2.0507
7.39271,9.53944,22.1611,8.08354,15.8409,1.37592,1.30841,2.03766
7.39363,9.4323,22.1366,7.98864,15.8529,1.37583,1.30532,2.01145
7.39476,9.59552,22.126,8.12578,15.8528,1.37426,1.30554,2.01145
7.39577,9.62317,22.1084,8.14658,15.8588,1.37342,1.3041,1.99828
7.39663,9.65341,22.0909,8.1696,15.8647,1.37255,1.3027,1.98546
7.39768,9.51676,22.0843,8.05234,15.8709,1.37333,1.30101,1.97227
7.39869,9.54367,22.0668,8.07252,15.8769,1.37248,1.29956,1.95917
7.39978,9.70768,22.0557,8.21035,15.8769,1.37089,1.2998,1.95917
7.40081,9.73443,22.038,8.23039,15.8829,1.37004,1.29834,1.94594
7.40168,9.76382,22.0205,8.25271,15.8889,1.36916,1.29692,1.93305
7.40271,9.79012,22.0028,8.27238,15.8951,1.36834,1.29546,1.91979
7.4037,9.81638,21.9851,8.29203,15.9012,1.36747,1.29399,1.9066
7.4047,9.84229,21.9674,8.31138,15.9074,1.3666,1.29252,1.89329
7.40569,9.86812,21.9496,8.33068,15.9135,1.36573,1.29105,1.88005
7.40671,9.89367,21.9319,8.34973,15.9198,1.36486,1.28957,1.86668
7.40765,9.75356,21.9261,8.22955,15.9261,1.36558,1.28785,1.8534
7.40868,9.77857,21.9084,8.24815,15.9323,1.36471,1.28636,1.83998
7.40969,9.80352,21.8907,8.2667,15.9386,1.36383,1.28487,1.82664
7.41065,9.83152,21.8728,8.28782,15.9449,1.36289,1.28338,1.81318
7.41177,9.8594,21.8549,8.30884,15.9512,1.36199,1.28188,1.79982
7.41276,9.88702,21.8369,8.32964,15.9575,1.36109,1.28038,1.78636
7.41375,9.91451,21.8189,8.35035,15.9638,1.36017,1.27888,1.773
7.41468,9.9417,21.8009,8.37079,15.9702,1.35926,1.27737,1.75954
7.41574,9.96876,21.7829,8.39115,15.9766,1.35834,1.27586,1.74617
7.41677,9.99551,21.7649,8.41124,15.983,1.35741,1.27434,1.7327
7.41828,10.0221,21.7469,8.43125,15.9894,1.35648,1.27282,1.71931
7.4191,10.0485,21.7288,8.451,15.9958,1.35555,1.2713,1.70582
7.42008,10.2162,21.7155,8.59203,15.9957,1.35393,1.27156,1.70582
7.42067,9.93274,21.7061,8.3489,16.0088,1.35529,1.26797,1.67888
7.42169,9.95841,21.6882,8.3681,16.0153,1.35434,1.26644,1.66544
7.42269,9.98665,21.6703,8.38949,16.0217,1.35337,1.26494,1.65215
7.42373,10.0147,21.6524,8.41078,16.0281,1.35242,1.26343,1.63896
7.42466,10.0425,21.6345,8.43179,16.0345,1.35146,1.26191,1.62565
7.42568,10.0707,21.6162,8.45314,16.0411,1.35047,1.26036,1.61216
7.42668,10.0981,21.5982,8.47376,16.0476,1.34952,1.25884,1.59884
7.42767,10.1253,21.5803,8.49431,16.0541,1.34854,1.25732,1.5856
7.42866,10.2945,21.566,8.63667,16.0539,1.34692,1.25759,1.5856
7.4297,10.1789,21.5442,8.53477,16.0671,1.34658,1.25408,1.55896
7.43083,10.2059,21.5257,8.55511,16.0736,1.34557,1.25174,1.54529
7.43194,10.2323,21.5077,8.57494,16.0803,1.3446,1.24939,1.53198
7.4327,10.0883,21.5044,8.4515,16.0871,1.34523,1.24674,1.51854
7.4337,10.1141,21.4864,8.47087,16.0938,1.34424,1.24436,1.50519
7.43479,10.143,21.4682,8.49282,16.1006,1.34318,1.24198,1.4917
7.43568,10.1717,21.45,8.5147,16.1073,1.34218,1.23957,1.47833
7.43668,10.2001,21.4317,8.53624,16.1141,1.34116,1.23716,1.46484
7.43767,10.2284,21.4134,8.55771,16.121,1.34013,1.23474,1.45147
7.43873,10.3994,21.398,8.70155,16.1208,1.33849,1.23503,1.45147
7.43975,10.2841,21.3768,8.59993,16.1347,1.33805,1.22986,1.42459
7.44079,10.4554,21.3612,8.7441,16.1345,1.33641,1.23016,1.42459
7.4417,10.4802,21.3427,8.76256,16.1416,1.3354,1.22765,1.41079
7.44261,10.336,21.34,8.63898,16.1487,1.33596,1.2249,1.39739
7.44363,10.3601,21.3216,8.65688,16.1558,1.33495,1.22236,1.38355
7.44467,10.2393,21.3005,8.55056,16.1703,1.33443,1.21698,1.35597
7.4457,10.2662,21.2819,8.57089,16.1774,1.33337,1.21442,1.34225
7.44675,10.2958,21.2633,8.59343,16.1845,1.33227,1.21191,1.32866
7.44767,10.3252,21.2447,8.61591,16.1916,1.3312,1.20939,1.31525
7.44872,10.3549,21.2262,8.6381,16.1986,1.33008,1.20687,1.29784
7.44969,10.3845,21.2076,8.6601,16.2058,1.32903,1.20433,1.27969
7.45073,10.4136,21.189,8.68168,16.2129,1.32798,1.20178,1.26143
7.45174,10.4426,21.1705,8.70318,16.2201,1.32692,1.19923,1.24315
7.45276,10.616,21.1536,8.84912,16.2199,1.32526,1.19955,1.24315
7.45369,10.4995,21.1333,8.74529,16.2345,1.32476,1.1941,1.20635
7.45479,10.5245,21.1147,8.76342,16.2419,1.32371,1.19146,1.18738
7.45573,10.6985,21.0974,8.90984,16.2417,1.32205,1.19178,1.18738
7.45663,10.4057,21.0949,8.65764,16.2567,1.32316,1.18596,1.15023
7.45769,10.5799,21.0775,8.80423,16.2564,1.32149,1.18628,1.15023
7.4589,10.6044,21.0588,8.82187,16.2639,1.32042,1.18362,1.13112
7.45966,10.6348,21.0399,8.84463,16.2712,1.31923,1.18101,1.11295
7.46069,10.5142,21.0198,8.73733,16.2865,1.31867,1.17531,1.0755
7.46171,10.5415,21.0006,8.75736,16.2942,1.3175,1.17257,1.0568
7.46272,10.7165,20.9826,8.90473,16.2939,1.31583,1.1729,1.0568
7.46366,10.5998,20.963,8.80075,16.3089,1.3152,1.16729,1.01996
7.46472,10.7752,20.9448,8.94844,16.3087,1.31353,1.16762,1.01996
7.46569,10.6541,20.9254,8.84073,16.324,1.3129,1.16192,0.982407
7.4667,10.6793,20.9066,8.859,16.3316,1.31177,1.15919,0.963279
7.4678,10.8553,20.888,9.00715,16.3313,1.31009,1.15953,0.963279
7.46871,10.8836,20.8691,9.02813,16.3388,1.3089,1.15687,0.944614
7.46969,10.5834,20.8689,8.76962,16.3545,1.30995,1.15075,0.906599
7.47071,10.7597,20.8501,8.9181,16.3543,1.30827,1.15109,0.906599
7.47169,10.784,20.8313,8.9356,16.362,1.30709,1.14833,0.887258
7.47267,10.6649,20.8121,8.82968,16.3776,1.30635,1.1425,0.850042
7.47365,10.8418,20.7929,8.97862,16.3773,1.30467,1.14285,0.850042
7.47469,10.869,20.7737,8.99868,16.3851,1.30345,1.14008,0.831136
7.47568,10.7479,20.7549,8.89104,16.4008,1.30272,1.1342,0.793578
7.4767,10.9254,20.7354,9.04044,16.4005,1.30103,1.13456,0.793578
7.47769,10.9516,20.7162,9.05967,16.4083,1.29981,1.13176,0.774462
7.47867,10.8284,20.6978,8.95028,16.4241,1.29905,1.12584,0.736558
7.47969,11.0064,20.6779,9.10014,16.4238,1.29736,1.1262,0.736558
7.48069,11.0321,20.6587,9.11891,16.4317,1.29612,1.12338,0.717304
7.48167,10.907,20.6406,9.00786,16.4476,1.29535,1.11741,0.679072
7.48267,10.907,20.6406,9.00786,16.4476,1.29535,1.11741,0.679072
7.48366,10.9316,20.6216,9.02571,16.4556,1.2941,1.11457,0.659623
7.48468,10.808,20.6036,8.91593,16.4716,1.29326,1.10855,0.62165
7.48564,10.9869,20.5831,9.06656,16.4713,1.29156,1.10892,0.62165
7.4867,11.0145,20.5637,9.08699,16.4793,1.29029,1.10605,0.602641
7.48768,10.8923,20.5457,8.97852,16.4955,1.28944,1.09998,0.564904
7.48867,10.9188,20.5265,8.99799,16.5036,1.28815,1.09709,0.545694
7.48975,11.0984,20.5055,9.14923,16.5032,1.28644,1.09747,0.545694
7.49067,11.128,20.4861,9.17139,16.5111,1.28512,1.09464,0.526943
7.49166,11.003,20.4686,9.06055,16.5275,1.28428,1.08851,0.488736
7.49265,11.1831,20.4473,9.21224,16.5271,1.28257,1.08889,0.488736
7.49369,11.2087,20.428,9.23096,16.5353,1.28125,1.08598,0.469288
7.4947,11.0817,20.4109,9.11836,16.5517,1.28036,1.0798,0.430738
7.49563,11.0817,20.4109,9.11836,16.5517,1.28036,1.0798,0.430738
7.49679,11.1066,20.3916,9.1365,16.5599,1.27904,1.07686,0.411158
7.49766,10.9811,20.3746,9.02519,16.5765,1.27807,1.07063,0.372872
7.49864,11.1621,20.3527,9.17763,16.5762,1.27635,1.07102,0.372872
7.49968,11.1897,20.3331,9.1981,16.5844,1.27501,1.06806,0.35369
7.50069,11.0657,20.3161,9.08812,16.6011,1.27403,1.06178,0.315644
7.50163,11.2472,20.2938,9.24101,16.6008,1.27231,1.06218,0.315644
7.50268,11.274,20.2742,9.26075,16.6091,1.27095,1.0592,0.296276
7.50371,11.1479,20.2576,9.14896,16.6259,1.26995,1.05288,0.257874
7.50466,11.1739,20.2381,9.16806,16.6342,1.26857,1.04988,0.238362
7.50571,11.3561,20.2154,9.32153,16.6339,1.26685,1.05028,0.238362
7.5067,11.231,20.1991,9.21069,16.6506,1.26581,1.04399,0.200126
7.50769,11.256,20.1796,9.22894,16.659,1.26446,1.04096,0.180405
7.50866,11.256,20.1796,9.22894,16.659,1.26446,1.04096,0.180405
7.5097,11.1288,20.1639,9.11621,16.676,1.26339,1.03461,0.141831
7.51068,11.1566,20.1441,9.13691,16.6844,1.26197,1.03156,0.122558
7.51175,11.3397,20.1208,9.29112,16.684,1.26024,1.03197,0.122558
7.5128,11.2175,20.1046,9.18275,16.7011,1.25911,1.02557,0.0848018
7.5138,11.2443,20.0849,9.20256,16.7096,1.25772,1.0225,0.0653145
7.51472,11.4278,20.0612,9.35721,16.7092,1.25598,1.02291,0.0653145
7.5157,11.3033,20.0454,9.24691,16.7264,1.25482,1.01647,0.0271801
7.51669,11.3295,20.0257,9.26614,16.7349,1.25341,1.01338,0.00753508
7.5177,11.5135,20.0016,9.42122,16.7345,1.25167,1.0138,0.00753508
7.5187,11.5424,19.9818,9.44286,16.7429,1.2502,1.01077,-0.0116988
7.51971,11.412,19.9666,9.3274,16.7605,1.24908,1.00419,-0.0508203
7.52068,11.412,19.9666,9.3274,16.7605,1.24908,1.00419,-0.0508203
7.52171,11.437,19.9469,9.34572,16.7691,1.24761,1.00107,-0.070699
7.52272,11.308,19.9318,9.23151,16.7867,1.24639,0.994449,-0.109562
7.52371,11.4929,19.9072,9.38731,16.7863,1.24464,0.994876,-0.109562
7.5247,11.5206,19.8871,9.40791,16.795,1.24316,0.991732,-0.129049
7.52572,11.5514,19.867,9.43116,16.8036,1.24164,0.988659,-0.148053
7.52677,11.5785,19.8469,9.45127,16.8123,1.24018,0.9855,-0.167664
7.52769,11.4465,19.8321,9.33451,16.8303,1.23892,0.978744,-0.207019
7.52869,11.4728,19.8122,9.35398,16.8391,1.23742,0.975573,-0.22677
7.52969,11.6587,19.7869,9.51063,16.8386,1.23566,0.976009,-0.22677
7.53076,11.688,19.7668,9.53258,16.8472,1.23413,0.972907,-0.246094
7.53179,11.5563,19.7525,9.41615,16.8652,1.2329,0.966158,-0.285402
7.53269,11.5563,19.7525,9.41615,16.8652,1.2329,0.966158,-0.285402
7.53372,11.5817,19.7327,9.43474,16.8741,1.23137,0.962959,-0.305377
7.53467,11.4514,19.7184,9.31954,16.8921,1.23003,0.956167,-0.344426
7.53572,11.6381,19.6925,9.4769,16.8917,1.22827,0.956612,-0.344426
7.53668,11.6661,19.6722,9.49777,16.9006,1.22672,0.953392,-0.364008
7.53767,11.5374,19.6579,9.3839,16.9188,1.22537,0.946559,-0.402811
7.53867,11.7246,19.6317,9.54167,16.9183,1.22361,0.947009,-0.402811
7.53969,11.7519,19.6114,9.56202,16.9272,1.22204,0.943776,-0.422537
7.54071,11.621,19.5976,9.44626,16.9455,1.22067,0.936905,-0.461707
7.54166,11.8087,19.571,9.60444,16.945,1.2189,0.937359,-0.461707
7.5427,11.835,19.5508,9.62388,16.954,1.21732,0.934107,-0.481648
7.54368,11.7018,19.5374,9.50626,16.9724,1.21595,0.927188,-0.520312
7.54466,11.7272,19.5174,9.52505,16.9815,1.21435,0.923911,-0.539225
7.54568,11.7272,19.5174,9.52505,16.9815,1.21435,0.923911,-0.539225
7.54666,11.5948,19.5044,9.40843,16.9998,1.21291,0.917019,-0.575547
7.54768,11.6227,19.484,9.42943,17.009,1.21127,0.913718,-0.593759
7.54868,11.8113,19.4567,9.58844,17.0085,1.2095,0.914182,-0.593759
7.54966,11.6841,19.4431,9.47637,17.0269,1.20799,0.907244,-0.628493
7.55075,11.7112,19.4228,9.49681,17.0361,1.20638,0.903919,-0.645769
7.55172,11.9003,19.3951,9.65623,17.0356,1.2046,0.904388,-0.645769
7.55268,11.7706,19.382,9.54224,17.0541,1.20306,0.897409,-0.679217
7.55364,11.7965,19.3617,9.56175,17.0634,1.20143,0.894061,-0.696106
7.55469,11.9861,19.3336,9.72157,17.0628,1.19965,0.894536,-0.696106
7.5557,12.0153,19.3132,9.74392,17.0719,1.19795,0.891266,-0.712334
7.55665,12.044,19.2927,9.76586,17.081,1.1963,0.887982,-0.728595
7.55766,12.0693,19.2723,9.78497,17.0903,1.19467,0.884611,-0.74488
7.55866,11.7386,19.2888,9.50157,17.1101,1.19487,0.87689,-0.777328
7.55971,11.7632,19.2683,9.52004,17.1197,1.19315,0.873423,-0.793833
7.56069,11.9535,19.2397,9.68053,17.1191,1.19136,0.873905,-0.793833
7.5617,11.8251,19.2269,9.56785,17.138,1.18973,0.866784,-0.825029
7.56271,11.8524,19.2064,9.58871,17.1475,1.18806,0.863372,-0.840694
7.56368,12.0432,19.1774,9.7496,17.1469,1.18627,0.86386,-0.840694
7.56467,12.0735,19.1566,9.77294,17.1561,1.18452,0.86053,-0.85615
7.56598,11.9386,19.1446,9.65495,17.1754,1.18293,0.853264,-0.88696
7.56671,12.1299,19.1153,9.81623,17.1748,1.18113,0.853756,-0.88696
7.56794,11.9937,19.1036,9.6971,17.1942,1.17944,0.846469,-0.917554
7.56888,12.0192,19.0831,9.71646,17.2037,1.17775,0.843012,-0.932842
7.5697,12.2109,19.0535,9.87813,17.2031,1.17596,0.843509,-0.932842
7.57067,12.2395,19.0328,9.9001,17.2125,1.17419,0.840134,-0.947971
7.57169,11.9084,19.0516,9.61671,17.2326,1.17436,0.832263,-0.978242
7.57265,11.9328,19.0313,9.63514,17.2422,1.1726,0.828777,-0.993408
7.57367,12.125,19.0013,9.79721,17.2416,1.1708,0.82928,-0.993408
7.57467,11.9949,18.9894,9.68331,17.2611,1.16903,0.821952,-1.02323
7.57566,12.1873,18.9592,9.84564,17.2605,1.16723,0.822457,-1.02323
7.57669,12.2147,18.9383,9.86659,17.2702,1.16549,0.81895,-1.03845
7.57765,12.0789,18.9271,9.74792,17.29,1.16373,0.811496,-1.06833
7.57861,12.2719,18.8965,9.91063,17.2894,1.16193,0.812006,-1.06833
7.57969,12.2985,18.8757,9.93101,17.2991,1.16013,0.808486,-1.08329
7.58068,12.1606,18.865,9.81055,17.319,1.15836,0.800987,-1.11303
7.58175,12.354,18.834,9.97363,17.3184,1.15656,0.801502,-1.11303
7.58284,12.3796,18.8133,9.99315,17.3281,1.15475,0.797961,-1.12813
7.58392,12.046,18.8342,9.70764,17.3488,1.15477,0.789894,-1.15782
7.58483,12.2397,18.803,9.87098,17.3482,1.15296,0.790413,-1.15782
7.58567,12.2645,18.7824,9.8899,17.358,1.15114,0.786847,-1.17271
7.58668,12.1302,18.7716,9.77248,17.3782,1.14927,0.77926,-1.20235
7.58769,12.3243,18.7401,9.9362,17.3775,1.14746,0.779783,-1.20235
7.58869,12.3521,18.719,9.95755,17.3874,1.14561,0.776204,-1.21737
7.58969,12.2156,18.7087,9.83827,17.4077,1.14375,0.768579,-1.24686
7.59064,12.4101,18.6768,10.0024,17.407,1.14193,0.769107,-1.24686
7.59168,12.4372,18.6558,10.0231,17.4169,1.14007,0.765512,-1.26164
7.59267,12.1035,18.6781,9.73763,17.438,1.14,0.757314,-1.29106
7.59366,12.2984,18.6459,9.90197,17.4373,1.13818,0.757846,-1.29106
7.59482,12.3242,18.6252,9.92168,17.4473,1.13631,0.754229,-1.30601
7.59578,12.3572,18.6036,9.94748,17.457,1.13435,0.750701,-1.32048
7.59674,12.3862,18.5823,9.96989,17.4671,1.13252,0.747068,-1.33538
7.59768,12.4152,18.561,9.99232,17.4771,1.13062,0.74344,-1.35008
7.59876,12.4436,18.5397,10.0143,17.4871,1.12871,0.739807,-1.36495
7.59968,12.472,18.5185,10.0361,17.4971,1.12681,0.73617,-1.37962
7.60068,12.3315,18.5091,9.91351,17.518,1.12482,0.728336,-1.40912
7.60218,12.5275,18.4761,10.0788,17.5173,1.12299,0.72888,-1.40912
7.60274,12.5547,18.455,10.0997,17.5273,1.12108,0.725227,-1.42395
7.60364,12.223,18.4786,9.8159,17.5488,1.12086,0.716899,-1.45312
7.60485,12.4192,18.4453,9.98146,17.5481,1.11903,0.717447,-1.45312
7.60579,12.2821,18.4362,9.8618,17.5688,1.11696,0.709644,-1.48223
7.60676,12.4787,18.4027,10.0276,17.5681,1.11513,0.710196,-1.48223
7.60773,12.5082,18.3812,10.0505,17.5783,1.11323,0.706511,-1.49682
7.60867,12.3725,18.372,9.93197,17.5992,1.11117,0.698672,-1.52583
7.60968,12.5695,18.3382,10.0981,17.5984,1.10934,0.699228,-1.52583
7.61068,12.5978,18.3167,10.1201,17.6085,1.10529,0.695585,-1.54055
7.61166,12.4592,18.3081,9.99949,17.6295,1.09869,0.687715,-1.56951
7.61273,12.6566,18.2739,10.166,17.6287,1.09686,0.688275,-1.56951
7.6137,12.684,18.2527,10.1872,17.639,1.09259,0.684574,-1.58404
7.61463,12.7142,18.2313,10.2109,17.649,1.08829,0.68096,-1.59848
7.61572,12.543,18.2447,10.0647,17.66,1.0858,0.676679,-1.61301
7.61667,12.3972,18.2374,9.93789,17.6813,1.07889,0.668681,-1.64233
7.6177,12.4266,18.2159,9.96078,17.6916,1.07461,0.664968,-1.6571
7.61873,12.6247,18.1812,10.1279,17.6908,1.07277,0.665537,-1.6571
7.61969,12.4913,18.1727,10.0117,17.7117,1.06595,0.6577,-1.6858
7.62067,12.5198,18.1513,10.034,17.722,1.06157,0.653969,-1.70032
7.62166,12.7183,18.1162,10.2014,17.7213,1.05973,0.654543,-1.70032
7.62267,12.7499,18.0946,10.2262,17.7313,1.05532,0.650909,-1.71473
7.62432,12.6096,18.0871,10.1042,17.7526,1.04825,0.642945,-1.74362
7.62515,12.8085,18.0517,10.272,17.7518,1.0464,0.643523,-1.74362
7.62569,12.8358,18.0304,10.2932,17.7621,1.0419,0.639784,-1.75813
7.62727,13.035,17.9948,10.4612,17.7614,1.04005,0.640365,-1.75813
7.62825,12.6944,18.0227,10.1702,17.7839,1.03492,0.631639,-1.78764
7.62957,12.8937,17.9869,10.3383,17.7831,1.03307,0.632222,-1.78764
7.63048,12.9469,17.9438,10.3794,17.8043,1.0241,0.62455,-1.81739
7.63131,12.9469,17.9438,10.3794,17.8043,1.0241,0.62455,-1.81739
7.63243,12.6,17.9728,10.0829,17.8273,1.01885,0.615627,-1.84746
7.63316,12.8295,17.9143,10.2746,17.8373,1.01267,0.612296,-1.8627
7.63367,12.6799,17.908,10.1445,17.8595,1.00535,0.603946,-1.89262
7.63464,12.88,17.8715,10.3134,17.8587,1.0035,0.604538,-1.89262
7.63568,12.9127,17.8491,10.3391,17.8693,0.999068,0.60073,-1.90732
7.63669,12.7706,17.843,10.2156,17.8907,0.99141,0.59273,-1.93589
7.63767,12.9711,17.8063,10.3848,17.8898,0.989554,0.593327,-1.93589
7.63871,12.8274,17.8006,10.26,17.9112,0.981774,0.585316,-1.96451
7.63967,12.8575,17.7789,10.2835,17.9217,0.977056,0.581551,-1.97908
7.64066,12.8575,17.7789,10.2835,17.9217,0.977056,0.581551,-1.97908
7.64172,12.7146,17.7737,10.1595,17.9431,0.96912,0.573562,-2.00746
7.64266,12.9157,17.7364,10.3291,17.9422,0.96726,0.574166,-2.00746
7.6437,12.9449,17.7148,10.352,17.9527,0.962457,0.570379,-2.02187
7.64468,12.8043,17.709,10.2297,17.9744,0.954637,0.562259,-2.05059
7.64565,12.8322,17.6876,10.2515,17.985,0.949746,0.558451,-2.06518
7.64667,13.0338,17.65,10.4215,17.9841,0.947883,0.559061,-2.06518
7.64768,12.894,17.6445,10.3001,18.0057,0.939896,0.550995,-2.09361
7.649,13.0958,17.6066,10.4703,18.0048,0.938031,0.551608,-2.09361
7.6497,13.123,17.5852,10.4914,18.0155,0.93305,0.547772,-2.10802
7.65065,12.9773,17.5806,10.3649,18.0374,0.92488,0.539559,-2.13679
7.65165,13.1795,17.5423,10.5355,18.0366,0.923012,0.540176,-2.13679
7.65269,13.2054,17.5211,10.5556,18.0472,0.917944,0.536323,-2.15143
7.65371,12.8551,17.5555,10.2564,18.0702,0.911479,0.527433,-2.18031
7.65472,13.0575,17.517,10.4272,18.0693,0.90961,0.528054,-2.18031
7.65572,13.0826,17.496,10.4466,18.0801,0.904461,0.524172,-2.19482
7.65668,12.9405,17.4911,10.3231,18.1023,0.896267,0.515867,-2.22378
7.65782,13.1433,17.4523,10.4942,18.1014,0.894396,0.516492,-2.22378
7.65871,13.1714,17.4307,10.5161,18.1122,0.88931,0.512598,-2.23848
7.65971,13.2028,17.4088,10.5408,18.1228,0.884207,0.508796,-2.2527
7.66071,13.2301,17.3872,10.5619,18.1337,0.879059,0.504882,-2.26739
7.66172,13.2573,17.3658,10.5831,18.1445,0.873879,0.500971,-2.28189
7.66282,13.4607,17.3264,10.7547,18.1436,0.872004,0.501603,-2.28189
7.6637,13.3105,17.3229,10.6243,18.1663,0.863429,0.493126,-2.31112
7.66473,13.1334,17.3407,10.4731,18.1783,0.860175,0.488473,-2.32613
7.66585,13.1556,17.3198,10.49,18.1895,0.854856,0.484434,-2.34096
7.66669,13.181,17.2986,10.5096,18.2004,0.849526,0.480498,-2.3557
7.6677,13.2104,17.2767,10.5325,18.2113,0.844323,0.47656,-2.37027
7.66883,13.2392,17.2549,10.555,18.2223,0.839087,0.472612,-2.385
7.66971,13.268,17.2331,10.5775,18.2333,0.83382,0.468661,-2.39953
7.67074,13.2962,17.2114,10.5995,18.2442,0.82852,0.464708,-2.41423
7.6717,13.3243,17.1883,10.6214,18.255,0.823427,0.460848,-2.42874
7.67273,13.3527,17.1409,10.643,18.2657,0.823643,0.457316,-2.44344
7.67364,13.3817,17.093,10.6651,18.2767,0.824067,0.453629,-2.45794
7.67469,13.4102,17.0447,10.6868,18.2875,0.82451,0.450086,-2.4726
7.67564,13.2335,17.0366,10.5354,18.2988,0.826837,0.446044,-2.48707
7.67672,13.261,16.9875,10.5563,18.3088,0.82729,0.442788,-2.5017
7.67771,13.2883,16.9379,10.577,18.3186,0.827753,0.439659,-2.51615
7.6787,13.3192,16.8881,10.6007,18.328,0.828177,0.436654,-2.53077
7.6797,13.3499,16.8378,10.6243,18.3372,0.828606,0.433763,-2.54518
7.68072,13.38,16.7872,10.6473,18.3461,0.829046,0.430987,-2.55973
7.68168,13.4099,16.7361,10.6703,18.3548,0.829497,0.428321,-2.57408
7.68268,13.4392,16.6846,10.6927,18.3632,0.829958,0.425761,-2.58859
7.68373,13.4683,16.6327,10.715,18.3714,0.830431,0.423304,-2.60291
7.68474,13.4969,16.5804,10.7368,18.3793,0.830913,0.420946,-2.61739
7.68573,13.5253,16.53,10.7585,18.3878,0.831122,0.418342,-2.63169
7.68667,13.5531,16.4791,10.7797,18.3952,0.831144,0.416223,-2.64616
7.6877,13.5807,16.4288,10.8007,18.4024,0.830962,0.41415,-2.66046
7.68866,13.4014,16.421,10.6472,18.4104,0.832467,0.411464,-2.67494
7.68969,13.4279,16.3721,10.6675,18.4173,0.831857,0.409491,-2.68924
7.69084,13.4539,16.324,10.6872,18.4242,0.831016,0.407559,-2.70374
7.69176,13.6604,16.2818,10.8614,18.4232,0.829122,0.408231,-2.70374
7.69271,13.5132,16.2286,10.7329,18.4374,0.828986,0.403822,-2.73257
7.69372,13.5424,16.182,10.7555,18.4439,0.82764,0.401997,-2.74687
7.69474,13.5675,16.1361,10.7745,18.4505,0.826156,0.400133,-2.76163
7.69594,13.7744,16.0935,10.949,18.4495,0.82426,0.400811,-2.76163
7.69671,13.6237,16.0466,10.8177,18.4631,0.822439,0.396587,-2.7904
7.69791,13.6513,16.0029,10.839,18.4694,0.820297,0.394826,-2.80469
7.69868,13.6748,15.9597,10.8568,18.4758,0.818036,0.393008,-2.81945
7.69968,13.7018,15.9172,10.8776,18.482,0.815544,0.39126,-2.83376
7.70075,13.5207,15.9185,10.7228,18.4892,0.814791,0.388812,-2.84827
7.70179,13.5469,15.8773,10.7429,18.4954,0.81198,0.387042,-2.8626
7.70274,13.5725,15.8367,10.7625,18.5016,0.809018,0.38526,-2.87713
7.70378,13.6022,15.7958,10.7856,18.5078,0.806087,0.383483,-2.89149
7.70472,13.6313,15.7554,10.8081,18.5141,0.803012,0.381683,-2.90601
7.70569,13.6602,15.7155,10.8306,18.5204,0.799801,0.37987,-2.92033
7.70668,13.6886,15.6762,10.8526,18.5267,0.796454,0.37804,-2.93483
7.70769,13.7168,15.6373,10.8744,18.533,0.792977,0.376191,-2.94913
7.70868,13.7443,15.599,10.8958,18.5394,0.789374,0.37432,-2.96362
7.7097,13.7717,15.561,10.917,18.5458,0.785649,0.372424,-2.97792
7.71072,13.7986,15.5236,10.9377,18.5522,0.78181,0.370501,-2.99241
7.71171,13.8253,15.4865,10.9583,18.5588,0.777857,0.368551,-3.00673
7.71281,13.8514,15.4499,10.9785,18.5654,0.773795,0.36657,-3.02124
7.71363,13.6687,15.4581,10.8225,18.5731,0.771535,0.363855,-3.03557
7.71467,13.6941,15.4224,10.842,18.5798,0.767267,0.361809,-3.05011
7.71576,13.723,15.3869,10.8645,18.5864,0.762891,0.359794,-3.06418
7.71666,13.7514,15.3518,10.8866,18.5932,0.758423,0.357736,-3.07844
7.71767,13.7795,15.3171,10.9086,18.6,0.753864,0.355642,-3.09253
7.71869,13.8071,15.2827,10.93,18.6069,0.749217,0.353512,-3.10681
7.71999,14.0164,15.2378,11.1065,18.6058,0.747308,0.354222,-3.10681
7.72071,13.8615,15.215,10.9722,18.6209,0.739674,0.349138,-3.13523
7.72168,13.8846,15.1817,10.9899,18.6282,0.73478,0.346824,-3.14966
7.72278,14.0942,15.1365,11.1666,18.6271,0.732869,0.347538,-3.14966
7.72385,13.9371,15.1159,11.0305,18.6427,0.724765,0.342221,-3.17822
7.72474,13.9591,15.0835,11.0472,18.6503,0.719642,0.339784,-3.19291
7.72572,13.9816,15.0509,11.0643,18.6581,0.714626,0.337263,-3.20774
7.72671,13.7968,15.0646,10.9066,18.6668,0.711274,0.334107,-3.22219
7.72774,13.8218,15.033,10.9258,18.6745,0.705943,0.331624,-3.23647
7.7287,14.0319,14.9873,11.103,18.6734,0.70403,0.332346,-3.23647
7.72974,13.879,14.969,10.9705,18.6901,0.695454,0.326566,-3.26524
7.73068,13.9034,14.9376,10.9891,18.6982,0.690096,0.323903,-3.27999
7.7318,14.1138,14.8916,11.1666,18.697,0.68818,0.324629,-3.27999
7.73269,14.1417,14.8601,11.1883,18.705,0.682764,0.322016,-3.29428
7.73374,14.1692,14.8289,11.2096,18.7131,0.677283,0.319358,-3.30874
7.73469,14.1928,14.7982,11.2277,18.7215,0.671724,0.316584,-3.32331
7.73581,14.2159,14.7678,11.2453,18.7299,0.666101,0.313781,-3.33808
7.73667,14.2389,14.7376,11.2629,18.7385,0.660417,0.310938,-3.35268
7.73776,14.2614,14.7076,11.28,18.7471,0.654673,0.308056,-3.36749
7.73867,14.0728,14.7246,11.1191,18.7569,0.650789,0.304401,-3.38213
7.73971,14.0947,14.6952,11.1357,18.7657,0.644929,0.301442,-3.39698
7.74074,14.1165,14.6659,11.1522,18.7746,0.639015,0.298446,-3.41165
7.74172,14.1422,14.6361,11.172,18.7835,0.633239,0.295431,-3.42653
7.7427,14.1678,14.6064,11.1917,18.7926,0.627404,0.292373,-3.44121
7.74368,14.1929,14.5769,11.211,18.8017,0.621513,0.289285,-3.45605
7.74523,14.2179,14.5477,11.2303,18.8109,0.615563,0.286166,-3.4707
7.74587,14.2424,14.5187,11.2491,18.8201,0.609557,0.283014,-3.48553
7.74681,14.2668,14.4898,11.2678,18.8295,0.603494,0.279831,-3.50016
7.7477,14.2907,14.4612,11.2861,18.8389,0.597377,0.276616,-3.51497
7.74873,14.3145,14.4328,11.3043,18.8484,0.591206,0.273368,-3.5296
7.74982,14.3378,14.4046,11.3221,18.8579,0.584983,0.270087,-3.54442
7.75077,14.361,14.3765,11.3398,18.8676,0.578709,0.266774,-3.55906
7.75168,14.3838,14.3486,11.3571,18.8773,0.572385,0.263429,-3.57389
7.75273,14.1942,14.369,11.1954,18.8883,0.567937,0.259297,-3.58853
7.7537,14.2164,14.3416,11.2122,18.8981,0.561516,0.255887,-3.60338
7.75468,14.2384,14.3143,11.229,18.9081,0.555049,0.252444,-3.61805
7.75568,14.2644,14.2863,11.249,18.9181,0.548735,0.24899,-3.63292
7.75672,14.2901,14.2585,11.2688,18.9281,0.54237,0.245498,-3.64757
7.75774,14.3155,14.2308,11.2883,18.9383,0.535957,0.241981,-3.6624
7.75868,14.3407,14.2033,11.3077,18.9485,0.529492,0.238441,-3.67701
7.75967,14.3654,14.176,11.3267,18.9587,0.522974,0.234877,-3.6918
7.76072,14.39,14.1489,11.3456,18.969,0.516406,0.231289,-3.70639
7.76169,14.4141,14.1219,11.364,18.9794,0.509788,0.227674,-3.72116
7.76268,14.438,14.0951,11.3823,18.9899,0.503122,0.224034,-3.73573
7.76375,14.2483,14.1175,11.2205,19.0016,0.498337,0.2196,-3.7505
7.76468,14.2716,14.0911,11.2383,19.0121,0.491578,0.215908,-3.76508
7.76572,14.2944,14.0648,11.2557,19.0227,0.484773,0.212189,-3.77985
7.76684,14.3215,14.0378,11.2766,19.0334,0.478137,0.208458,-3.79443
7.76777,14.348,14.0109,11.297,19.0442,0.471451,0.204695,-3.80917
7.76882,14.3744,13.9842,11.3174,19.0549,0.464716,0.200915,-3.82369
7.76971,14.4002,13.9576,11.3374,19.0658,0.457928,0.197119,-3.83839
7.77073,14.4259,13.9312,11.3572,19.0766,0.451087,0.193308,-3.85286
7.7717,14.4512,13.9051,11.3766,19.0875,0.444178,0.189476,-3.86753
7.77269,14.4763,13.8794,11.3959,19.0984,0.437164,0.185649,-3.88198
7.77373,14.5012,13.8549,11.4151,19.109,0.429928,0.181909,-3.89663
7.77469,14.526,13.8289,11.4339,19.126,0.424379,0.175227,-3.91106
7.77569,14.5504,13.8025,11.4522,19.1487,0.420038,0.16658,-3.92571
7.77675,14.5747,13.7767,11.4704,19.1718,0.415646,0.157785,-3.94013
7.77765,14.3843,13.8015,11.3077,19.1964,0.413142,0.1481,-3.95477
7.77875,14.408,13.7764,11.3254,19.22,0.408662,0.139103,-3.9692
7.77977,14.4312,13.7516,11.3427,19.2438,0.404139,0.130011,-3.98383
7.78088,14.6457,13.7011,11.5234,19.2426,0.402205,0.130799,-3.98383
7.78176,14.4855,13.7011,11.3839,19.2909,0.395125,0.112087,-4.01287
7.78274,14.5123,13.6762,11.4042,19.3148,0.390561,0.103003,-4.02724
7.78372,14.5347,13.652,11.4208,19.3392,0.385933,0.093687,-4.04208
7.78476,14.5609,13.6276,11.4406,19.3635,0.381303,0.0844364,-4.05643
7.7857,14.5863,13.6036,11.4598,19.388,0.376632,0.0751012,-4.07096
7.78677,14.6118,13.5797,11.4789,19.4127,0.371929,0.0656896,-4.08528
7.78783,14.6366,13.5561,11.4976,19.4376,0.367192,0.0562001,-4.09979
7.78884,14.6614,13.5327,11.5162,19.4627,0.362423,0.0466365,-4.11409
7.78994,14.4705,13.5609,11.353,19.4892,0.359559,0.0361979,-4.12859
7.79078,14.4945,13.5381,11.3709,19.5147,0.354728,0.0264872,-4.14289
7.79173,14.5181,13.5154,11.3886,19.5403,0.349866,0.0167067,-4.1573
7.79272,14.5456,13.4921,11.4095,19.5655,0.345053,0.00711787,-4.1718
7.79383,14.5729,13.4689,11.4302,19.5909,0.340206,-0.00252794,-4.18608
7.79477,14.7883,13.4171,11.6118,19.5896,0.338268,-0.00172224,-4.18608
7.79586,14.8152,13.394,11.6321,19.6151,0.333393,-0.0114318,-4.20052
7.7968,14.6524,13.4005,11.4903,19.668,0.325495,-0.031872,-4.22915
7.7978,14.8681,13.3485,11.6721,19.6668,0.323557,-0.0310626,-4.22915
7.7987,14.6961,13.357,11.5225,19.7212,0.315475,-0.052103,-4.25833
7.79982,14.7213,13.335,11.5415,19.7476,0.310462,-0.0621489,-4.27254
7.80071,14.9372,13.2827,11.7234,19.7463,0.308522,-0.0613357,-4.27254
7.80218,14.5509,13.3446,11.3932,19.8026,0.302246,-0.0834145,-4.30145
7.80271,14.5749,13.3232,11.4112,19.8296,0.297145,-0.0936495,-4.31585
7.80367,14.595,13.3026,11.4258,19.857,0.291977,-0.104119,-4.33036
7.80465,14.623,13.2806,11.447,19.8836,0.286911,-0.114203,-4.34478
7.80581,14.6506,13.2588,11.468,19.9104,0.281809,-0.124337,-4.35898
7.80678,14.6772,13.2375,11.4881,19.9375,0.276641,-0.13461,-4.37304
7.80767,14.7043,13.2161,11.5086,19.9645,0.271488,-0.144882,-4.38719
7.80871,14.7307,13.1948,11.5286,19.9917,0.26631,-0.155197,-4.40151
7.80971,14.7564,13.174,11.5479,20.0193,0.261066,-0.165645,-4.41535
7.81065,14.7821,13.1531,11.5673,20.0469,0.255836,-0.176101,-4.42966
7.81166,14.8076,13.1323,11.5865,20.0746,0.250582,-0.186593,-4.44378
7.81267,14.6153,13.1653,11.4222,20.1039,0.247204,-0.198035,-4.45779
7.81368,14.6396,13.1453,11.4403,20.1321,0.241858,-0.208733,-4.47164
7.81467,14.6677,13.1246,11.4618,20.1599,0.236573,-0.219235,-4.48569
7.81568,14.6956,13.1039,11.483,20.1878,0.23126,-0.229766,-4.49954
7.81668,14.7229,13.0834,11.5036,20.2158,0.225923,-0.240345,-4.51356
7.81768,14.75,13.0629,11.5242,20.2439,0.220563,-0.250976,-4.52739
7.81866,14.7765,13.0427,11.5442,20.2722,0.215177,-0.261659,-4.5414
7.81986,14.8028,13.0226,11.5641,20.3006,0.209767,-0.272392,-4.55523
7.82068,14.8286,13.0026,11.5834,20.3292,0.204329,-0.283171,-4.56924
7.82169,14.8547,12.9826,11.6031,20.3578,0.198913,-0.293963,-4.58335
7.82267,14.8797,12.9628,11.6218,20.3865,0.193413,-0.304746,-4.59734
7.82367,14.9046,12.9436,11.6404,20.4153,0.187803,-0.315497,-4.61117
7.82469,14.9289,12.9244,11.6587,20.443,0.18192,-0.325891,-4.62519
7.82562,14.7355,12.9598,11.4935,20.4715,0.177839,-0.336939,-4.63904
7.82668,14.759,12.9408,11.5111,20.4983,0.171678,-0.346968,-4.6531
7.82769,14.7868,12.9209,11.5322,20.5246,0.16562,-0.356801,-4.66698
7.82866,14.8139,12.9012,11.5528,20.5506,0.159425,-0.366472,-4.68103
7.82968,14.8408,12.8815,11.5732,20.5761,0.153097,-0.375973,-4.69487
7.83073,14.867,12.8619,11.5931,20.6013,0.146637,-0.385311,-4.7089
7.83163,15.0849,12.8069,11.7765,20.5999,0.144692,-0.384462,-4.7089
7.83268,14.9185,12.823,11.6321,20.6506,0.133344,-0.403526,-4.73674
7.83368,14.9399,12.8043,11.6479,20.6752,0.126485,-0.412638,-4.75084
7.83461,14.9647,12.785,11.6665,20.699,0.119548,-0.421378,-4.76488
7.83566,14.9893,12.7658,11.6851,20.7225,0.112505,-0.429994,-4.77872
7.83665,15.0133,12.7467,11.7032,20.7456,0.105356,-0.438485,-4.79277
7.83766,15.0372,12.7276,11.7211,20.7685,0.0981071,-0.446853,-4.80663
7.83863,15.0605,12.7086,11.7386,20.7912,0.0907612,-0.455105,-4.82069
7.83968,14.8655,12.7452,11.5722,20.8149,0.0852688,-0.464104,-4.83457
7.84068,14.8881,12.7264,11.5891,20.837,0.0777409,-0.47214,-4.84866
7.84166,15.1064,12.6706,11.773,20.8357,0.0757951,-0.47128,-4.84866
7.84267,14.9413,12.6868,11.6297,20.8805,0.0629122,-0.487869,-4.87665
7.84371,14.9636,12.6677,11.6463,20.9024,0.0553129,-0.495786,-4.89079
7.84462,15.1822,12.6117,11.8302,20.901,0.0533667,-0.494922,-4.89079
7.8457,15.0147,12.6284,11.685,20.9445,0.0399646,-0.510927,-4.91871
7.84723,15.2333,12.5722,11.8691,20.9431,0.0380182,-0.510061,-4.91871
7.84816,15.2544,12.5532,11.8846,20.9643,0.0301662,-0.517696,-4.93303
7.84878,15.0807,12.5711,11.7341,21.0071,0.0162376,-0.533386,-4.96122
7.8497,15.0807,12.5711,11.7341,21.0071,0.0162376,-0.533386,-4.96122
7.85069,14.9058,12.5895,11.5826,21.0492,0.00202689,-0.548758,-4.98945
7.85172,14.9297,12.5698,11.6006,21.0695,-0.00593558,-0.555983,-5.00361
7.8527,14.9571,12.5494,11.6215,21.0892,-0.013905,-0.562948,-5.01766
7.85373,14.9843,12.5292,11.6423,21.1087,-0.0219441,-0.569852,-5.03148
7.85474,15.0109,12.5089,11.6625,21.1281,-0.0300539,-0.576689,-5.04547
7.85565,15.0372,12.4888,11.6826,21.1473,-0.0382301,-0.583461,-5.05924
7.8567,15.063,12.4687,11.7022,21.1664,-0.0464722,-0.590175,-5.07319
7.85772,15.0886,12.4486,11.7216,21.1854,-0.0547764,-0.596832,-5.08693
7.85865,15.3078,12.3915,11.9062,21.184,-0.0567234,-0.595953,-5.08693
7.85971,15.1384,12.4086,11.7594,21.223,-0.0715663,-0.609988,-5.11457
7.8607,15.1588,12.3894,11.7744,21.2421,-0.0801197,-0.616665,-5.12877
7.86164,15.1588,12.3894,11.7744,21.2421,-0.0801197,-0.616665,-5.12877
7.86279,14.9871,12.4071,11.6257,21.2804,-0.0952965,-0.630407,-5.15644
7.86377,15.0111,12.387,11.6438,21.2991,-0.103756,-0.636924,-5.17046
7.86468,15.2306,12.3294,11.8285,21.2977,-0.105703,-0.636039,-5.17046
7.86567,15.0656,12.3455,11.6854,21.3354,-0.120699,-0.649487,-5.19806
7.86666,15.0883,12.3255,11.7023,21.3539,-0.129331,-0.655876,-5.2122
7.86765,15.1147,12.3049,11.7224,21.3718,-0.137944,-0.661982,-5.22586
7.86866,15.1405,12.2844,11.742,21.3896,-0.146615,-0.667958,-5.23969
7.86962,15.3603,12.2264,11.9269,21.3882,-0.148562,-0.667067,-5.23969
7.87069,15.1911,12.2435,11.7804,21.4251,-0.164121,-0.679666,-5.26712
7.87165,15.2121,12.2238,11.7959,21.4432,-0.173033,-0.685531,-5.28101
7.87265,15.2365,12.2034,11.8143,21.4607,-0.181918,-0.691136,-5.29482
7.87362,15.0407,12.2414,11.6475,21.4796,-0.188904,-0.697564,-5.30846
7.8747,15.0644,12.2212,11.6653,21.497,-0.197889,-0.703009,-5.32225
7.87566,15.0923,12.2,11.6866,21.5143,-0.206661,-0.708345,-5.3359
7.87666,15.3123,12.1415,11.8717,21.5128,-0.208608,-0.707447,-5.3359
7.87768,15.1467,12.1577,11.7281,21.5486,-0.224374,-0.718807,-5.36324
7.87867,15.1693,12.1373,11.745,21.5661,-0.233396,-0.724053,-5.37721
7.87966,15.3895,12.0786,11.9302,21.5647,-0.235343,-0.723151,-5.37721
7.88065,15.2214,12.0954,11.7845,21.6,-0.251433,-0.734065,-5.40445
7.88168,15.243,12.0752,11.8005,21.6173,-0.260614,-0.739105,-5.41826
7.88267,15.4633,12.0163,11.9859,21.6159,-0.262561,-0.738201,-5.41826
7.88368,15.2928,12.0336,11.8382,21.6509,-0.278953,-0.748739,-5.44548
7.88467,15.3132,12.0135,11.8532,21.668,-0.288283,-0.753598,-5.4594
7.88562,15.3132,12.0135,11.8532,21.668,-0.288283,-0.753598,-5.4594
7.88667,15.1406,12.0315,11.7037,21.7027,-0.304957,-0.763809,-5.48663
7.88767,15.1645,12.0106,11.7217,21.7196,-0.314159,-0.768487,-5.50046
7.88862,15.3851,11.9512,11.9071,21.7181,-0.316106,-0.767576,-5.50046
7.88968,15.2191,11.9675,11.7632,21.7525,-0.332536,-0.777479,-5.52761
7.89065,15.2418,11.9468,11.7801,21.7693,-0.341892,-0.782027,-5.54147
7.89167,15.4625,11.8872,11.9657,21.7679,-0.343839,-0.781114,-5.54147
7.89269,15.294,11.9042,11.8197,21.8019,-0.360576,-0.790754,-5.56851
7.89368,15.3156,11.8837,11.8357,21.8186,-0.370083,-0.795176,-5.58223
7.89476,15.5364,11.8239,12.0213,21.8171,-0.37203,-0.79426,-5.58223
7.89571,15.3656,11.8414,11.8733,21.851,-0.389055,-0.803672,-5.60922
7.89671,15.386,11.8211,11.8883,21.8675,-0.398705,-0.807983,-5.62303
7.89764,15.4102,11.8001,11.9065,21.8836,-0.408304,-0.812139,-5.63649
7.89863,15.213,11.8394,11.7385,21.9012,-0.416,-0.817195,-5.65004
7.89972,15.2364,11.8186,11.756,21.9172,-0.425687,-0.8213,-5.66349
7.90065,15.2639,11.7967,11.7769,21.9332,-0.435143,-0.82535,-5.67704
7.90166,15.4849,11.7364,11.9627,21.9318,-0.43709,-0.824427,-5.67704
7.90267,15.3176,11.7533,11.8177,21.9652,-0.454208,-0.833392,-5.70395
7.90366,15.34,11.7324,11.8342,21.9815,-0.463913,-0.837474,-5.71758
7.90466,15.5612,11.6719,12.0201,21.98,-0.465859,-0.836548,-5.71758
7.90565,15.3914,11.6894,11.873,22.0132,-0.483273,-0.845342,-5.7444
7.90665,15.4125,11.6688,11.8885,22.0294,-0.493124,-0.849349,-5.7581
7.90763,15.4374,11.6475,11.9072,22.0452,-0.502921,-0.853216,-5.77145
7.90868,15.4617,11.6262,11.9254,22.0609,-0.512763,-0.857073,-5.78488
7.90967,15.4858,11.605,11.9434,22.0767,-0.522649,-0.860907,-5.79822
7.91068,15.7072,11.5441,12.1294,22.0752,-0.524596,-0.859976,-5.79822
7.91167,15.5328,11.5629,11.9784,22.1082,-0.542555,-0.868511,-5.82503
7.91268,15.3304,11.6038,11.8061,22.1257,-0.550729,-0.873319,-5.83864
7.91364,15.353,11.583,11.8229,22.1414,-0.560786,-0.877062,-5.8521
7.91479,15.3799,11.5611,11.8432,22.1571,-0.570602,-0.880775,-5.86546
7.9157,15.4063,11.5392,11.8631,22.1727,-0.580467,-0.884485,-5.87889
7.91669,15.6278,11.4779,12.0492,22.1712,-0.582413,-0.883548,-5.87889
7.91766,15.4579,11.4959,11.9019,22.2039,-0.600346,-0.891845,-5.90558
7.91867,15.4791,11.475,11.9174,22.2199,-0.610463,-0.895598,-5.91911
7.91972,15.7008,11.4135,12.1036,22.2184,-0.612409,-0.894658,-5.91911
7.92076,15.5285,11.4322,11.9543,22.2511,-0.629705,-0.902899,-5.94573
7.92167,15.7502,11.3705,12.1405,22.2496,-0.631651,-0.901957,-5.94573
7.92266,15.7703,11.3499,12.155,22.2655,-0.641267,-0.905667,-5.95935
7.92366,15.5918,11.37,12.0004,22.2984,-0.658078,-0.913861,-5.98624
7.92461,15.8136,11.3081,12.1867,22.2969,-0.660025,-0.912916,-5.98624
7.92567,15.8329,11.2876,12.2005,22.3127,-0.669252,-0.916559,-5.99978
7.92669,15.4308,11.3703,11.858,22.347,-0.683153,-0.925619,-6.02673
7.92769,15.6527,11.3082,12.0442,22.3456,-0.685099,-0.924671,-6.02673
7.92868,15.4758,11.3281,11.8909,22.3783,-0.700503,-0.932705,-6.05374
7.92984,15.4979,11.3069,11.9069,22.3942,-0.708936,-0.936292,-6.06739
7.93074,15.7198,11.2447,12.0932,22.3927,-0.710883,-0.935342,-6.06739
7.93167,15.7457,11.2228,12.1126,22.4081,-0.719147,-0.938809,-6.08066
7.93265,15.7712,11.2009,12.1315,22.4236,-0.727238,-0.942274,-6.09399
7.9337,15.7924,11.1799,12.1468,22.4394,-0.735316,-0.94582,-6.10747
7.93468,15.8132,11.159,12.1617,22.4552,-0.743337,-0.949347,-6.12105
7.93568,15.8337,11.1382,12.1763,22.4709,-0.751238,-0.952868,-6.13453
7.9368,15.8538,11.1174,12.1906,22.4867,-0.759029,-0.956382,-6.14811
7.9377,15.6711,11.1389,12.0321,22.5198,-0.772357,-0.96434,-6.17519
7.93863,15.4682,11.1812,11.8593,22.5371,-0.777905,-0.968786,-6.18868
7.9397,15.6904,11.1184,12.0457,22.5356,-0.779852,-0.967828,-6.18868
7.94072,15.9125,11.0555,12.2322,22.5341,-0.781799,-0.96687,-6.18868
7.94173,15.7406,11.0748,12.0827,22.5665,-0.794425,-0.97458,-6.21522
7.9427,15.564,11.0947,11.9293,22.5998,-0.806949,-0.982523,-6.2424
7.94366,15.5861,11.0735,11.9451,22.6155,-0.814117,-0.985948,-6.25588
7.94466,15.8083,11.0103,12.1316,22.614,-0.816064,-0.984985,-6.25588
7.94567,15.6371,11.0298,11.9827,22.6463,-0.827872,-0.992622,-6.28213
7.94667,15.658,11.0089,11.9976,22.6621,-0.834709,-0.996039,-6.29544
7.94766,15.8803,10.9455,12.1841,22.6606,-0.836656,-0.995074,-6.29544
7.94867,15.9049,10.9239,12.2021,22.676,-0.843419,-0.998383,-6.30857
7.94973,15.7265,10.9451,12.0471,22.7087,-0.854772,-1.00606,-6.33497
7.95067,15.9489,10.8816,12.2336,22.7072,-0.856719,-1.00509,-6.33497
7.95161,15.9684,10.8609,12.2473,22.7229,-0.863382,-1.00847,-6.34825
7.95278,15.5656,10.9465,11.904,22.7572,-0.872516,-1.01707,-6.37468
7.95367,15.5841,10.9261,11.9168,22.7729,-0.879025,-1.02044,-6.38808
7.9548,15.8065,10.8624,12.1033,22.7714,-0.880972,-1.01947,-6.38808
7.95569,15.6372,10.8818,11.9559,22.8038,-0.891787,-1.02695,-6.41423
7.95674,15.6592,10.8606,11.9716,22.8196,-0.898121,-1.03029,-6.42746
7.95774,15.8817,10.7966,12.1582,22.8181,-0.900068,-1.02932,-6.42746
7.95867,15.9073,10.7747,12.1769,22.8335,-0.906363,-1.03256,-6.44052
7.9598,15.9325,10.7528,12.1953,22.849,-0.912557,-1.0358,-6.45344
7.9607,15.7517,10.7746,12.0381,22.8823,-0.923204,-1.04347,-6.48013
7.96165,15.9742,10.7105,12.2247,22.8808,-0.925152,-1.0425,-6.48013
7.96271,15.9942,10.6897,12.2386,22.8966,-0.931334,-1.04581,-6.49338
7.96368,15.8147,10.7119,12.0826,22.9294,-0.941549,-1.05331,-6.5195
7.96465,15.8147,10.7119,12.0826,22.9294,-0.941549,-1.05331,-6.5195
7.96569,15.8338,10.6914,12.0958,22.9452,-0.947649,-1.0566,-6.53265
7.96672,15.6569,10.7132,11.9418,22.9779,-0.957768,-1.06405,-6.55879
7.96768,15.6794,10.6918,11.9578,22.9937,-0.963793,-1.06732,-6.57201
7.96867,15.902,10.6273,12.1445,22.9922,-0.965741,-1.06634,-6.57201
7.96969,15.7314,10.6478,11.9958,23.0246,-0.975609,-1.07368,-6.59774
7.97063,15.7529,10.6268,12.0109,23.0404,-0.981517,-1.07694,-6.61077
7.97168,15.9755,10.562,12.1976,23.0389,-0.983466,-1.07595,-6.61077
7.97265,15.8025,10.5834,12.0468,23.0713,-0.993217,-1.08325,-6.63637
7.97371,15.8226,10.5627,12.0608,23.0871,-0.999062,-1.0865,-6.64944
7.97471,16.0453,10.4978,12.2475,23.0856,-1.00101,-1.08551,-6.64944
7.97563,15.6472,10.5849,11.9082,23.1196,-1.0087,-1.09377,-6.67498
7.97669,15.6664,10.5646,11.9213,23.1354,-1.01449,-1.097,-6.68794
7.97771,15.8891,10.4995,12.1079,23.1339,-1.01644,-1.09601,-6.68794
7.97871,15.9163,10.4771,12.1279,23.1494,-1.0223,-1.09912,-6.70076
7.97974,15.7428,10.4988,11.9767,23.1822,-1.03182,-1.10644,-6.72642
7.981,15.9656,10.4336,12.1633,23.1807,-1.03377,-1.10544,-6.72642
7.98182,15.9877,10.4123,12.1789,23.1965,-1.03958,-1.10863,-6.73929
7.98299,16.0133,10.3904,12.1974,23.2119,-1.04531,-1.11173,-6.752
7.98362,16.0345,10.3695,12.2122,23.2278,-1.05103,-1.11492,-6.76484
7.98479,16.0553,10.3486,12.2267,23.2436,-1.05679,-1.1181,-6.77777
7.98567,15.873,10.3727,12.0681,23.2767,-1.06631,-1.12544,-6.80354
7.98662,15.873,10.3727,12.0681,23.2767,-1.06631,-1.12544,-6.80354
7.98768,15.8928,10.3522,12.0818,23.2926,-1.07202,-1.12861,-6.81639
7.98868,15.7172,10.3751,11.9287,23.3254,-1.08144,-1.13583,-6.8419
7.98973,15.94,10.3094,12.1153,23.3239,-1.08339,-1.13483,-6.8419
7.99074,15.9632,10.288,12.1317,23.3397,-1.0891,-1.13797,-6.85479
7.9917,15.7897,10.3105,11.9805,23.3725,-1.09843,-1.14516,-6.88014
7.99274,16.0125,10.2446,12.167,23.371,-1.10038,-1.14416,-6.88014
7.99404,16.0347,10.2236,12.1826,23.3868,-1.10606,-1.14729,-6.89285
7.99469,15.8587,10.247,12.0292,23.4196,-1.11535,-1.15445,-6.91807
7.99565,16.0816,10.1809,12.2158,23.4181,-1.1173,-1.15345,-6.91807
7.99683,16.1024,10.1602,12.2302,23.4339,-1.12296,-1.15656,-6.93084
7.99771,15.7013,10.2506,11.8884,23.4682,-1.13026,-1.1647,-6.956
7.9989,15.9242,10.1845,12.075,23.4667,-1.13221,-1.16369,-6.956
7.99988,15.944,10.1641,12.0885,23.4825,-1.13785,-1.16679,-6.96866
8.00146,15.7725,10.1868,11.9389,23.5153,-1.14715,-1.17387,-6.99377
8.00221,15.7725,10.1868,11.9389,23.5153,-1.14715,-1.17387,-6.99377
8.00269,16.0185,10.0992,12.1417,23.5296,-1.15475,-1.17594,-7.00645
8.00369,15.8457,10.1219,11.9909,23.563,-1.16425,-1.18312,-7.03189
8.00466,15.8675,10.1011,12.0061,23.5788,-1.16981,-1.18619,-7.04437
8.00593,16.0904,10.0346,12.1926,23.5773,-1.17176,-1.18518,-7.04437
8.00686,15.918,10.0583,12.0423,23.6096,-1.1809,-1.19213,-7.06887
8.00768,15.9386,10.0379,12.0563,23.6254,-1.18646,-1.19518,-7.08138
8.00885,15.9386,10.0379,12.0563,23.6254,-1.18646,-1.19518,-7.08138
8.00967,15.9629,10.0168,12.0736,23.6409,-1.19204,-1.19812,-7.09357
8.01076,15.7877,10.0413,11.9209,23.6736,-1.20123,-1.2051,-7.11825
8.01182,16.0106,9.97449,12.1073,23.6721,-1.20318,-1.20408,-7.11825
8.01276,16.0341,9.95334,12.1238,23.6879,-1.20881,-1.20709,-7.13073
8.01371,15.8609,9.97754,11.9728,23.7206,-1.218,-1.21403,-7.15529
8.01478,16.0838,9.91058,12.1591,23.7191,-1.21996,-1.21301,-7.15529
8.01573,16.1061,9.8898,12.1747,23.7349,-1.22559,-1.216,-7.16761
8.01669,15.9304,9.91492,12.0215,23.7676,-1.23477,-1.22291,-7.19207
8.01764,16.1533,9.84783,12.2078,23.7661,-1.23673,-1.22189,-7.19207
8.01873,16.1743,9.82744,12.2222,23.7819,-1.24236,-1.22487,-7.20446
8.01971,15.9963,9.85342,12.0671,23.8147,-1.25155,-1.23175,-7.22888
8.02066,16.2191,9.78619,12.2534,23.8132,-1.2535,-1.23073,-7.22888
8.02168,16.0162,9.83342,12.0806,23.8305,-1.25718,-1.23471,-7.24117
8.0227,15.836,9.86031,11.9236,23.8633,-1.26638,-1.24157,-7.26562
8.02361,16.0589,9.79294,12.1099,23.8618,-1.26833,-1.24054,-7.26562
8.02466,16.0822,9.77202,12.1261,23.8776,-1.27405,-1.24347,-7.27802
8.02569,15.9088,9.79723,11.9748,23.9105,-1.28328,-1.25028,-7.30239
8.02663,15.931,9.77673,11.9901,23.9263,-1.28894,-1.2532,-7.31461
8.0277,16.1538,9.70919,12.1763,23.9248,-1.2909,-1.25218,-7.31461
8.0287,15.982,9.73447,12.0263,23.9572,-1.3001,-1.25887,-7.33861
8.02969,16.2048,9.66685,12.2125,23.9557,-1.30206,-1.25785,-7.33861
8.03069,16.2256,9.64673,12.2266,23.9716,-1.30767,-1.26076,-7.35086
8.03171,16.0472,9.67379,12.071,24.0044,-1.31695,-1.26751,-7.37503
8.03266,16.2699,9.60604,12.2571,24.0029,-1.31891,-1.26648,-7.37503
8.03387,16.2896,9.58629,12.2703,24.0188,-1.32458,-1.26937,-7.38718
8.03464,16.109,9.61418,12.1129,24.0517,-1.33387,-1.2761,-7.41136
8.03568,16.109,9.61418,12.1129,24.0517,-1.33387,-1.2761,-7.41136
8.0367,16.1276,9.59482,12.1251,24.0675,-1.33956,-1.27898,-7.42362
8.03776,15.9495,9.62229,11.9698,24.1005,-1.34894,-1.28566,-7.44784
8.03865,15.9715,9.60206,11.9849,24.1164,-1.35465,-1.28852,-7.45999
8.0397,16.1943,9.53401,12.1708,24.1149,-1.3566,-1.28749,-7.45999
8.04067,16.2199,9.51298,12.1889,24.1304,-1.36227,-1.29026,-7.47198
8.04166,16.2452,9.4921,12.2067,24.1459,-1.36788,-1.29304,-7.48384
8.04274,16.2659,9.47223,12.2207,24.1618,-1.37355,-1.29588,-7.496
8.04365,16.0836,9.5011,12.0618,24.1951,-1.38305,-1.30259,-7.52023
8.04471,16.3062,9.43287,12.2476,24.1936,-1.38501,-1.30155,-7.52023
8.04581,16.3259,9.41338,12.2606,24.2095,-1.39074,-1.30438,-7.5323
8.04667,16.1454,9.44221,12.1033,24.2425,-1.40013,-1.31099,-7.55628
8.04773,16.1454,9.44221,12.1033,24.2425,-1.40013,-1.31099,-7.55628
8.04891,15.9641,9.47127,11.9452,24.2758,-1.40973,-1.31764,-7.58048
8.04969,16.1867,9.40284,12.131,24.2743,-1.41169,-1.3166,-7.58048
8.05067,16.209,9.3827,12.1461,24.2902,-1.41745,-1.3194,-7.59262
8.05168,16.034,9.41048,11.9933,24.3232,-1.42691,-1.32595,-7.61646
8.05268,16.2565,9.34194,12.179,24.3217,-1.42887,-1.32491,-7.61646
8.05369,16.2778,9.32219,12.1933,24.3376,-1.43465,-1.32769,-7.62841
8.05468,16.1003,9.35091,12.0384,24.3705,-1.44413,-1.33421,-7.65211
8.05568,16.3228,9.28226,12.224,24.369,-1.4461,-1.33317,-7.65211
8.05668,16.3428,9.26293,12.2372,24.3849,-1.45188,-1.33593,-7.66412
8.05765,16.163,9.29252,12.0804,24.4179,-1.46139,-1.34243,-7.68777
8.0591,16.163,9.29252,12.0804,24.4179,-1.46139,-1.34243,-7.68777
8.06001,15.982,9.32274,11.9225,24.4508,-1.47098,-1.34889,-7.71141
8.06086,16.2045,9.2539,12.108,24.4494,-1.47294,-1.34784,-7.71141
8.06174,16.0309,9.28213,11.9563,24.4823,-1.48256,-1.35427,-7.73501
8.0627,16.0572,9.2612,11.9748,24.4982,-1.4884,-1.35697,-7.74682
8.06427,16.2796,9.19226,12.1602,24.4967,-1.49037,-1.35593,-7.74682
8.06526,16.3048,9.17187,12.1778,24.5123,-1.49608,-1.35857,-7.75843
8.06568,16.3297,9.15163,12.195,24.5278,-1.50182,-1.36121,-7.76991
8.0667,16.3545,9.13115,12.2122,24.5436,-1.50768,-1.36389,-7.78169
8.06768,16.1721,9.16195,12.0531,24.5772,-1.51744,-1.37039,-7.80531
8.06868,16.1912,9.14323,12.0655,24.593,-1.52328,-1.37308,-7.81696
8.06965,16.4135,9.0741,12.2507,24.5916,-1.52524,-1.37204,-7.81696
8.07068,16.214,9.12372,12.081,24.6085,-1.52906,-1.37569,-7.82848
8.0717,16.2365,9.10434,12.0962,24.6241,-1.53479,-1.37829,-7.83989
8.07272,16.2544,9.08601,12.1076,24.64,-1.54058,-1.38097,-7.85162
8.07368,16.4766,9.01679,12.2927,24.6385,-1.54255,-1.37992,-7.85162
8.07541,16.4988,8.99724,12.3077,24.6544,-1.54848,-1.38256,-7.86328
8.0763,16.4988,8.99724,12.3077,24.6544,-1.54848,-1.38256,-7.86328
8.07714,16.7422,8.90896,12.5069,24.6685,-1.55619,-1.38411,-7.87478
8.07776,16.5539,8.94197,12.3427,24.7022,-1.56605,-1.39052,-7.89841
8.07879,16.5705,8.92385,12.3529,24.7184,-1.57204,-1.39323,-7.91032
8.07967,16.5821,8.90716,12.3589,24.7347,-1.57796,-1.39596,-7.92233
8.0807,16.3758,8.95902,12.1834,24.7521,-1.58194,-1.39964,-7.93406
8.08178,-10.3581,41.7635,-9.85059,25.5996,-1.4501,-1.84724,-7.94591
8.08273,-62.5923,29.6932,-53.5453,24.732,-1.28766,-1.85937,-7.6416
8.0838,-62.6213,29.7275,-53.5666,24.7369,-1.2904,-1.86023,-7.64208
8.08469,-62.0883,29.1109,-53.1251,24.7216,-1.30074,-1.8532,-7.64232
8.08567,-60.5314,28.7794,-51.826,24.7181,-1.31015,-1.84561,-7.64319
8.08673,-58.9976,28.4426,-50.5446,24.7133,-1.3059,-1.84007,-7.63034
8.08775,-57.482,28.1243,-49.2762,24.7023,-1.30316,-1.83415,-7.60447
8.08923,-56.0067,27.8162,-48.0397,24.6857,-1.3,-1.82812,-7.56649
8.09012,-54.572,27.5182,-46.8354,24.6646,-1.29565,-1.82207,-7.51759
8.09082,-53.1774,27.23,-45.663,24.6394,-1.28999,-1.81598,-7.45917
8.09183,-51.821,26.9506,-44.5213,24.6104,-1.28316,-1.80964,-7.39219
8.09272,-50.5014,26.6784,-43.4091,24.5773,-1.27618,-1.80264,-7.31784
8.09369,-49.2174,26.417,-42.327,24.5425,-1.22591,-1.79581,-7.23685
8.0947,-47.9674,26.162,-41.2722,24.5044,-1.17695,-1.78829,-7.15026
8.09571,-46.7507,25.9148,-40.2444,24.4639,-1.12792,-1.78047,-7.05867
8.09667,-45.5667,25.6751,-39.2433,24.4215,-1.07965,-1.77234,-6.96294
8.09777,-44.414,25.4428,-38.2676,24.3772,-1.03216,-1.7639,-6.86353
8.09873,-43.2919,25.2175,-37.317,24.3314,-0.985522,-1.75514,-6.76119
8.09967,-42.1991,24.999,-36.3904,24.2842,-0.939744,-1.74605,-6.65628
8.10091,-41.135,24.7871,-35.4874,24.2358,-0.894838,-1.73664,-6.54942
8.10173,-41.0194,24.7655,-35.3896,24.2244,-0.8939,-1.73391,-6.53948
8.10269,-39.0889,24.3824,-33.7491,24.1361,-0.807672,-1.71685,-6.33121
8.10372,-38.2202,24.2089,-33.0057,24.0962,-0.765907,-1.70922,-6.20318
8.10483,-37.1404,24.0006,-32.0805,23.9907,-0.72463,-1.69495,-6.04188
8.10589,-36.214,23.817,-31.2854,23.9036,-0.682532,-1.6841,-5.8943
8.10677,-35.3066,23.6393,-30.5064,23.814,-0.643779,-1.67133,-5.74907
8.10785,-34.4237,23.4675,-29.7483,23.7258,-0.606255,-1.65786,-5.60703
8.10876,-33.5623,23.2991,-29.0086,23.6381,-0.569755,-1.6436,-5.46774
8.10975,-32.7214,23.1377,-28.2864,23.5535,-0.534702,-1.60884,-5.3314
8.11095,-31.901,22.9799,-27.5815,23.4689,-0.510561,-1.57405,-5.19777
8.11179,-31.1009,22.827,-26.8939,23.3862,-0.488563,-1.54007,-5.06705
8.11284,-30.3203,22.6786,-26.2229,23.3048,-0.46755,-1.50662,-4.93893
8.11373,-29.5588,22.5343,-25.5683,23.2245,-0.44744,-1.47366,-4.8137
8.11469,-28.8156,22.394,-24.9295,23.1455,-0.428184,-1.44119,-4.69099
8.11573,-28.0907,22.2575,-24.3062,23.0676,-0.409742,-1.40923,-4.57111
8.1167,-27.3833,22.1247,-23.6979,22.991,-0.392078,-1.37778,-4.45368
8.11785,-26.6932,21.9957,-23.1045,22.9156,-0.375152,-1.34686,-4.33899
8.11874,-26.0197,21.8701,-22.5254,22.8415,-0.358932,-1.31645,-4.22667
8.11974,-25.3627,21.748,-21.9603,22.7687,-0.343387,-1.28657,-4.11694
8.12072,-24.7214,21.6292,-21.409,22.6971,-0.328508,-1.2572,-4.01106
8.12179,-24.0953,21.5137,-20.8709,22.6267,-0.314233,-1.22835,-3.90915
8.12278,-23.4847,21.4014,-20.3462,22.5576,-0.300545,-1.20003,-3.80978
8.1237,-23.4186,21.3901,-20.2902,22.5505,-0.300333,-1.19813,-3.80395
8.1247,-22.3075,21.1858,-19.3345,22.4232,-0.274855,-1.14493,-3.61824
8.12584,-21.803,21.0931,-18.9001,22.3647,-0.26299,-1.11996,-3.53149
8.12688,-21.1761,20.98,-18.3622,22.2925,-0.251045,-1.09136,-3.43422
8.1277,-20.6362,20.8822,-17.8982,22.2297,-0.239973,-1.06562,-3.34642
8.12891,-20.5781,20.8725,-17.8489,22.2233,-0.239821,-1.06393,-3.3413
8.1297,-19.5944,20.6945,-17.0029,22.1073,-0.21917,-1.01551,-3.17703
8.13077,-19.1485,20.6137,-16.619,22.0541,-0.209551,-0.992824,-3.10043
8.132,-18.5947,20.5154,-16.1437,21.9888,-0.199903,-0.966952,-3.01453
8.13268,-18.1178,20.4303,-15.7339,21.9319,-0.190938,-0.943658,-2.93703
8.13383,-17.6512,20.3473,-15.3328,21.8759,-0.182327,-0.920754,-2.86121
8.1347,-17.1973,20.2669,-14.9427,21.8213,-0.174087,-0.898381,-2.78746
8.13576,-16.7546,20.1886,-14.5622,21.7677,-0.166185,-0.876467,-2.71553
8.13672,-16.3316,20.114,-14.1987,21.7164,-0.15875,-0.855469,-2.64682
8.13768,-15.9101,20.0399,-13.8364,21.665,-0.151478,-0.834434,-2.57835
8.1388,-15.5073,19.9693,-13.4902,21.6158,-0.144629,-0.814302,-2.51293
8.13974,-15.1144,19.9006,-13.1525,21.5675,-0.138058,-0.794573,-2.44912
8.14073,-14.7225,19.8324,-12.8157,21.5193,-0.131627,-0.774839,-2.38549
8.1417,-14.681,19.8256,-12.7805,21.5146,-0.131573,-0.773617,-2.38184
8.14285,-14.3078,19.7608,-12.4598,21.4686,-0.125518,-0.754762,-2.32117
8.14368,-13.6512,19.6461,-11.8945,21.3862,-0.114003,-0.719764,-2.20864
8.14482,-13.6117,19.6398,-11.8611,21.3818,-0.113959,-0.718602,-2.20517
8.14583,-13.2121,19.5714,-11.5181,21.3325,-0.108365,-0.699058,-2.14311
8.14674,-12.6076,19.4668,-10.9976,21.256,-0.0982452,-0.666584,-2.03951
8.14767,-12.5712,19.461,-10.9668,21.2519,-0.0982136,-0.665507,-2.03631
8.14881,-12.2076,19.3993,-10.6547,21.2067,-0.0933679,-0.647606,-1.97989
8.14972,-11.6457,19.3028,-10.171,21.135,-0.0843985,-0.617207,-1.88366
8.15075,-11.6121,19.2975,-10.1424,21.1312,-0.0843775,-0.61621,-1.88071
8.1517,-11.2745,19.2406,-9.85269,21.089,-0.0800927,-0.599483,-1.82833
8.15266,-10.7522,19.1516,-9.40306,21.022,-0.0721331,-0.571056,-1.73894
8.15366,-10.4673,19.1037,-9.15817,20.9858,-0.0683461,-0.55629,-1.69279
8.15467,-10.4075,19.0944,-9.10752,20.979,-0.0683294,-0.554515,-1.68754
8.15567,-9.89841,19.0087,-8.66959,20.9138,-0.0613159,-0.527374,-1.6028
8.15673,-9.66253,18.969,-8.46652,20.8832,-0.0579624,-0.514429,-1.56248
8.15764,-9.60734,18.9605,-8.41975,20.877,-0.0579589,-0.512788,-1.55764
8.15866,-9.13459,18.8815,-8.01309,20.8161,-0.0517336,-0.487475,-1.47898
8.15968,-8.91498,18.8448,-7.82403,20.7875,-0.0487502,-0.475386,-1.44147
8.16074,-8.86404,18.837,-7.78086,20.7817,-0.0487576,-0.47387,-1.437
8.16167,-8.62989,18.7983,-7.5796,20.7516,-0.0459416,-0.461581,-1.399
8.1627,-8.22038,18.7303,-7.22705,20.6982,-0.0405666,-0.438967,-1.32905
8.1637,-8.19657,18.7267,-7.20687,20.6955,-0.0405741,-0.438257,-1.32696
8.16468,-7.95143,18.6868,-6.99645,20.6642,-0.0380363,-0.425882,-1.28892
8.16582,-7.57007,18.6239,-6.66814,20.6143,-0.0332433,-0.404777,-1.22383
8.16671,-7.54813,18.6206,-6.64954,20.6118,-0.0332544,-0.404123,-1.22191
8.16771,-7.32078,18.5838,-6.45439,20.5828,-0.0310036,-0.392603,-1.18662
8.16871,-6.9662,18.5258,-6.14914,20.5362,-0.026736,-0.372938,-1.12614
8.16965,-6.77357,18.4947,-5.98358,20.5113,-0.0247228,-0.362773,-1.09499
8.17069,-6.73479,18.4889,-5.95072,20.5069,-0.0247536,-0.361615,-1.09159
8.17172,-6.39008,18.4332,-5.65421,20.4619,-0.0209992,-0.342937,-1.03434
8.17273,-6.39008,18.4332,-5.65421,20.4619,-0.0209992,-0.342937,-1.03434
8.17365,-6.19402,18.4019,-5.4859,20.4367,-0.019227,-0.332957,-1.0039
8.17474,-5.88765,18.3525,-5.22217,20.3963,-0.0158371,-0.315922,-0.951722
8.17575,-5.87055,18.35,-5.20767,20.3944,-0.0158554,-0.315411,-0.950223
8.17666,-5.54586,18.2984,-4.9286,20.3521,-0.0127485,-0.2982,-0.897658
8.17763,-5.54586,18.2984,-4.9286,20.3521,-0.0127485,-0.2982,-0.897658
8.17869,-5.37255,18.2711,-4.77982,20.3298,-0.0112889,-0.289347,-0.870736
8.17971,-5.10104,18.2278,-4.5461,20.294,-0.00848197,-0.274241,-0.824554
8.18066,-5.0862,18.2256,-4.53353,20.2923,-0.00850227,-0.273797,-0.823254
8.18173,-4.92555,18.2005,-4.39561,20.2716,-0.00720699,-0.265599,-0.798292
8.18276,-4.67272,18.1605,-4.17798,20.2382,-0.00469755,-0.25154,-0.755328
8.18369,-4.53633,18.1392,-4.06075,20.2205,-0.00352394,-0.244304,-0.733284
8.1847,-4.51028,18.1355,-4.03867,20.2175,-0.00356654,-0.243522,-0.731002
8.18568,-4.26514,18.0971,-3.82782,20.1853,-0.00136319,-0.230218,-0.690384
8.18671,-4.15067,18.0792,-3.72929,20.1702,-0.000295391,-0.223862,-0.670966
8.18768,-4.12682,18.0758,-3.70908,20.1675,-0.000338638,-0.223146,-0.668877
8.18878,-4.00622,18.0571,-3.60541,20.1518,0.000653257,-0.216737,-0.649337
8.18969,-3.7928,18.0239,-3.42171,20.1236,0.00258908,-0.204892,-0.613144
8.19069,-3.78173,18.0223,-3.41233,20.1224,0.00256735,-0.204559,-0.612174
8.19172,-3.55711,17.9878,-3.21927,20.0931,0.00432392,-0.192652,-0.57584
8.19269,-3.45771,17.9725,-3.13371,20.08,0.00518218,-0.187151,-0.559011
8.1937,-3.4378,17.9697,-3.11683,20.0777,0.00513882,-0.186552,-0.557268
8.19471,-3.24096,17.9395,-2.94753,20.052,0.00671308,-0.175901,-0.524704
8.1957,-3.14876,17.9254,-2.86818,20.0398,0.00748071,-0.170804,-0.50911
8.19669,-3.13062,17.9229,-2.8528,20.0378,0.00743777,-0.170256,-0.507521
8.19766,-2.94755,17.895,-2.69534,20.0138,0.00884745,-0.160367,-0.477252
8.1988,-2.94755,17.895,-2.69534,20.0138,0.00884745,-0.160367,-0.477252
8.19968,-2.76311,17.8672,-2.53682,19.9899,0.0101483,-0.150614,-0.447427
8.20064,-2.68116,17.8547,-2.46629,19.9791,0.0107904,-0.146098,-0.433592
8.20173,-2.66567,17.8526,-2.45316,19.9773,0.0107487,-0.145629,-0.432236
8.20275,-2.50344,17.8282,-2.31363,19.9562,0.0119244,-0.136896,-0.405441
8.20381,-2.4271,17.8167,-2.24793,19.9462,0.0124997,-0.132711,-0.39257
8.20471,-2.41306,17.8148,-2.23603,19.9445,0.0124589,-0.132284,-0.391341
8.2057,-2.3336,17.8029,-2.16773,19.9342,0.0129852,-0.128088,-0.378477
8.20667,-2.19125,17.7816,-2.04523,19.9156,0.0140303,-0.120295,-0.354491
8.20765,-2.1848,17.7807,-2.03976,19.9149,0.0140104,-0.120099,-0.353926
8.2087,-2.10307,17.7687,-1.96959,19.9044,0.0144705,-0.115937,-0.341163
8.20966,-2.03675,17.7588,-1.91251,19.8958,0.0149449,-0.112315,-0.329995
8.21083,-1.96454,17.7482,-1.85045,19.8864,0.0153913,-0.108522,-0.318322
8.2117,-1.82952,17.7283,-1.73434,19.8689,0.0162658,-0.101319,-0.296098
8.21266,-1.82409,17.7276,-1.72974,19.8683,0.0162468,-0.101153,-0.295624
8.21367,-1.75224,17.7171,-1.66804,19.8591,0.0166282,-0.0974887,-0.284383
8.21467,-1.63447,17.6997,-1.56671,19.8438,0.017416,-0.091106,-0.264617
8.21573,-1.62962,17.6991,-1.56259,19.8432,0.0173976,-0.0909564,-0.264192
8.21667,-1.56301,17.6895,-1.5054,19.8347,0.017738,-0.0875732,-0.253762
8.21767,-1.45331,17.6734,-1.41101,19.8205,0.0184478,-0.0816528,-0.23538
8.21862,-1.44898,17.6729,-1.40734,19.82,0.01843,-0.0815184,-0.235001
8.21968,-1.38751,17.664,-1.35456,19.8122,0.0187349,-0.0783899,-0.225366
8.22068,-1.2853,17.6492,-1.26662,19.799,0.0193743,-0.0728971,-0.208267
8.22161,-1.23157,17.6414,-1.22044,19.7921,0.0196641,-0.0701096,-0.199598
8.22267,-1.22433,17.6405,-1.21431,19.7912,0.0196305,-0.069882,-0.198965
8.22367,-1.12668,17.6265,-1.13033,19.7787,0.0201857,-0.0647337,-0.182923
8.22469,-1.08027,17.6198,-1.09041,19.7728,0.0204632,-0.0622564,-0.175184
8.22569,-1.0739,17.619,-1.085,19.772,0.0204309,-0.0620539,-0.174627
8.22669,-0.983072,17.606,-1.0069,19.7604,0.0209332,-0.057285,-0.159721
8.22767,-0.939892,17.5998,-0.96976,19.7549,0.0211852,-0.0549873,-0.152534
8.22868,-0.934317,17.5991,-0.965034,19.7542,0.0211542,-0.0548078,-0.152046
8.22969,-0.890187,17.5928,-0.927104,19.7486,0.0213781,-0.0525295,-0.144908
8.23067,-0.809248,17.5813,-0.857483,19.7383,0.0218396,-0.0482558,-0.131457
8.23172,-0.806773,17.581,-0.855385,19.738,0.0218245,-0.0481751,-0.131241
8.23268,-0.762818,17.5748,-0.817633,19.7324,0.0220194,-0.0459484,-0.124306
8.23371,-0.687251,17.564,-0.752639,19.7228,0.0224487,-0.0419819,-0.111776
8.23469,-0.685127,17.5638,-0.750838,19.7226,0.0224343,-0.0419112,-0.11159
8.2357,-0.644269,17.5581,-0.715746,19.7174,0.0226156,-0.0398517,-0.105132
8.23667,-0.573778,17.5479,-0.655126,19.7085,0.0230332,-0.0361758,-0.0934689
8.23766,-0.571982,17.5477,-0.653602,19.7083,0.0230193,-0.0361145,-0.0933119
8.23864,-0.535821,17.5421,-0.62249,19.7036,0.0232676,-0.0342304,-0.0875633
8.23965,-0.478315,17.5349,-0.572649,19.6946,0.0230982,-0.0305391,-0.0779269
8.24062,-0.448747,17.5323,-0.547043,19.6905,0.0228213,-0.0288854,-0.0731109
8.24174,-0.446005,17.5321,-0.544717,19.6902,0.0227955,-0.028789,-0.0728716
8.24315,-0.391587,17.5275,-0.497566,19.6826,0.0222792,-0.0257414,-0.0638964
8.24367,-0.365528,17.5254,-0.474977,19.679,0.0220316,-0.0242688,-0.059558
8.2447,-0.363268,17.5251,-0.47306,19.6787,0.0220104,-0.024187,-0.0593608
8.24567,-0.336134,17.5229,-0.449559,19.675,0.0217531,-0.0226852,-0.0549299
8.24669,-0.311663,17.5209,-0.428349,19.6717,0.0215176,-0.0213253,-0.0508627
8.24772,-0.286207,17.5188,-0.406304,19.6682,0.0212746,-0.0199359,-0.0467116
8.24874,-0.261544,17.5168,-0.384945,19.6649,0.0210366,-0.0185896,-0.0426901
8.24979,-0.214533,17.5131,-0.34422,19.6585,0.0205779,-0.0160333,-0.0349698
8.25069,-0.213804,17.513,-0.343601,19.6584,0.0205711,-0.0160043,-0.0349061
8.2517,-0.190123,17.5111,-0.323103,19.6552,0.0203364,-0.0147342,-0.0310907
8.25273,-0.147301,17.5078,-0.285997,19.6495,0.0198935,-0.0123899,-0.0240248
8.25367,-0.146768,17.5078,-0.285545,19.6494,0.0198888,-0.0123666,-0.0239783
8.25469,-0.125086,17.506,-0.266773,19.6463,0.0196504,-0.0111539,-0.0204756
8.25572,-0.104928,17.5044,-0.249304,19.6435,0.0194068,-0.00995685,-0.0171595
8.25667,-0.104577,17.5044,-0.249006,19.6434,0.0194039,-0.00993901,-0.0171289
8.25766,-0.064702,17.5017,-0.214449,19.6376,0.0187605,-0.00825732,-0.0106143
8.25868,-0.0265481,17.4959,-0.181365,19.6288,0.0182298,-0.00497226,-0.00435854
8.25977,-0.0261293,17.4958,-0.18101,19.6287,0.0182274,-0.00494486,-0.00432206
8.2607,-0.00768768,17.4967,-0.165059,19.6288,0.0180574,-0.00501061,-0.00132779
8.26168,0.00018261,17.4972,-0.158249,19.6289,0.0179629,-0.00506096,-4.64642e-05
8.26278,0.000288869,17.4972,-0.158157,19.6289,0.0179489,-0.00506566,-2.89273e-05
8.26373,0.000200193,17.4972,-0.158233,19.6289,0.0179535,-0.00505845,-4.59186e-05
8.26469,0.000175651,17.4971,-0.158254,19.6289,0.0179592,-0.00505048,-5.02742e-05
8.26574,0.000177996,17.4971,-0.158252,19.6289,0.0179617,-0.00504331,-4.96128e-05
8.26692,0.00017561,17.4971,-0.158254,19.6289,0.0179628,-0.00503736,-4.99787e-05
8.26788,0.000178736,17.4971,-0.158251,19.6288,0.0179639,-0.00503272,-4.92704e-05
8.26869,0.000175255,17.4971,-0.158253,19.6288,0.0179647,-0.00502919,-4.98827e-05
8.26975,0.000177916,17.4971,-0.158251,19.6288,0.0179654,-0.00502644,-4.92943e-05
8.2707,0.000174621,17.4971,-0.158253,19.6288,0.0179659,-0.00502434,-4.98983e-05
8.27166,0.000177407,17.4971,-0.158251,19.6288,0.0179664,-0.0050227,-4.93093e-05
8.27289,0.000174277,17.4971,-0.158253,19.6288,0.0179666,-0.00502146,-4.98993e-05
8.27372,0.000177109,17.4971,-0.15825,19.6288,0.0179669,-0.0050205,-4.93155e-05
8.27471,0.000174066,17.4971,-0.158253,19.6288,0.017967,-0.0050198,-4.98995e-05
8.27572,0.000176924,17.4971,-0.15825,19.6288,0.0179673,-0.00501926,-4.93194e-05
8.27678,0.000173936,17.4971,-0.158252,19.6288,0.0179673,-0.0050189,-4.98995e-05
8.27773,0.000176811,17.4971,-0.158249,19.6288,0.0179675,-0.00501863,-4.93217e-05
8.27876,0.000173857,17.4971,-0.158252,19.6288,0.0179675,-0.00501848,-4.98993e-05
8.27969,0.000176741,17.4971,-0.158249,19.6288,0.0179676,-0.00501837,-4.9323e-05
8.28067,0.000173809,17.4971,-0.158251,19.6288,0.0179675,-0.00501834,-4.98991e-05
8.28166,0.000176698,17.4971,-0.158248,19.6288,0.0179676,-0.00501833,-4.93238e-05
8.28271,0.000173779,17.4971,-0.15825,19.6288,0.0179676,-0.00501839,-4.98989e-05
8.28367,0.000176672,17.4971,-0.158248,19.6288,0.0179677,-0.00501844,-4.93243e-05
8.28526,0.000173761,17.4971,-0.15825,19.6288,0.0179676,-0.00501855,-4.98987e-05
8.28601,0.000176655,17.4971,-0.158247,19.6288,0.0179677,-0.00501864,-4.93246e-05
8.28668,0.000173751,17.4971,-0.158249,19.6288,0.0179676,-0.00501877,-4.98986e-05
8.28772,0.000176645,17.4971,-0.158246,19.6288,0.0179676,-0.00501889,-4.93248e-05
8.28873,0.000173744,17.4971,-0.158249,19.6288,0.0179676,-0.00501905,-4.98985e-05
8.2899,0.000176639,17.4971,-0.158246,19.6288,0.0179676,-0.00501918,-4.93249e-05
8.29071,0.00017374,17.4971,-0.158248,19.6288,0.0179675,-0.00501935,-4.98984e-05
8.2917,0.000176635,17.4971,-0.158245,19.6288,0.0179676,-0.00501949,-4.9325e-05
8.29284,0.000173738,17.4971,-0.158247,19.6288,0.0179675,-0.00501966,-4.98983e-05
8.29389,0.000176633,17.4971,-0.158245,19.6288,0.0179676,-0.00501981,-4.9325e-05
8.29474,0.000173736,17.4971,-0.158247,19.6288,0.0179675,-0.00501999,-4.98983e-05
8.29574,0.000176632,17.4971,-0.158244,19.6288,0.0179675,-0.00502014,-4.93251e-05
8.29675,0.00017796,17.4971,-0.158243,19.6288,0.0179688,-0.00501153,-4.92502e-05
8.29771,0.000176631,17.4971,-0.158243,19.6288,0.0179675,-0.00502047,-4.93251e-05
8.29871,0.000172406,17.4971,-0.158247,19.6288,0.0179662,-0.00502926,-4.99731e-05
8.29978,0.000176633,17.4971,-0.158243,19.6288,0.0179675,-0.00502083,-4.93252e-05
8.30067,0.000173737,17.4971,-0.158245,19.6288,0.0179674,-0.005021,-4.98979e-05
8.3017,0.000176627,17.4971,-0.158242,19.6288,0.0179675,-0.00502113,-4.93251e-05
8.30279,0.000177956,17.4971,-0.158241,19.6288,0.0179687,-0.00501252,-4.92503e-05
8.30366,0.000176629,17.4971,-0.158242,19.6288,0.0179674,-0.00502149,-4.93252e-05
8.30476,0.000172406,17.4972,-0.158245,19.6288,0.0179661,-0.00503028,-4.9973e-05
8.30578,0.000175055,17.4971,-0.158243,19.6288,0.0179686,-0.00501307,-4.98241e-05
8.30698,0.000173737,17.4971,-0.158243,19.6288,0.0179673,-0.00502203,-4.98979e-05
8.30783,0.000175306,17.4972,-0.158242,19.6288,0.0179661,-0.00503076,-4.93992e-05
8.30875,0.000173736,17.4971,-0.158243,19.6288,0.0179673,-0.00502238,-4.98983e-05
8.30966,0.000176631,17.4971,-0.15824,19.6288,0.0179673,-0.00502252,-4.9325e-05
8.31067,0.000173732,17.4971,-0.158242,19.6288,0.0179672,-0.00502268,-4.98981e-05
8.31162,0.000176626,17.4971,-0.158239,19.6288,0.0179673,-0.00502285,-4.93256e-05
8.31267,0.000173735,17.4971,-0.158241,19.6288,0.0179672,-0.00502304,-4.9898e-05
8.31368,0.000176628,17.4971,-0.158239,19.6288,0.0179673,-0.0050232,-4.93254e-05
8.31467,0.000173735,17.4971,-0.158241,19.6288,0.0179672,-0.00502339,-4.9898e-05
8.31568,0.000176628,17.4971,-0.158238,19.6288,0.0179672,-0.00502354,-4.93254e-05
8.31671,0.000173735,17.4971,-0.15824,19.6288,0.0179671,-0.00502373,-4.9898e-05
8.31776,0.000176628,17.4971,-0.158237,19.6288,0.0179672,-0.00502389,-4.93254e-05
8.31868,0.000177957,17.4971,-0.158236,19.6288,0.0179684,-0.00501528,-4.92506e-05
8.31981,0.000176629,17.4971,-0.158237,19.6288,0.0179672,-0.00502423,-4.93253e-05
8.32064,0.000176629,17.4971,-0.158237,19.6288,0.0179672,-0.00502423,-4.93253e-05
8.32176,0.000176631,17.4972,-0.158236,19.6288,0.0179671,-0.00502458,-4.93252e-05
8.32327,0.000172407,17.4972,-0.15824,19.6288,0.0179658,-0.00503337,-4.99729e-05
8.3243,0.000176628,17.4972,-0.158236,19.6288,0.0179671,-0.00502492,-4.93254e-05
8.32514,0.000173735,17.4972,-0.158238,19.6288,0.017967,-0.0050251,-4.98981e-05
8.32616,0.000176626,17.4972,-0.158235,19.6288,0.0179671,-0.00502524,-4.93253e-05
8.32722,0.000173733,17.4972,-0.158237,19.6288,0.017967,-0.00502544,-4.98983e-05
8.32838,0.000176629,17.4972,-0.158234,19.6288,0.017967,-0.0050256,-4.93254e-05
8.32915,0.000177957,17.4971,-0.158233,19.6288,0.0179683,-0.005017,-4.92505e-05
8.33009,0.000176629,17.4972,-0.158234,19.6288,0.017967,-0.00502595,-4.93254e-05
8.33071,0.000172407,17.4972,-0.158237,19.6288,0.0179657,-0.00503474,-4.99729e-05
8.33172,0.000176632,17.4972,-0.158233,19.6288,0.017967,-0.00502631,-4.93254e-05
8.33267,0.00017796,17.4971,-0.158232,19.6288,0.0179682,-0.00501771,-4.92506e-05
8.33417,0.000176626,17.4972,-0.158233,19.6288,0.0179669,-0.00502663,-4.93257e-05
8.33533,0.00017241,17.4972,-0.158236,19.6288,0.0179656,-0.00503545,-4.99729e-05
8.33619,0.000176634,17.4972,-0.158232,19.6288,0.0179669,-0.00502701,-4.93252e-05
8.3367,0.000173739,17.4972,-0.158234,19.6288,0.0179668,-0.00502717,-4.98978e-05
8.3377,0.000176627,17.4972,-0.158231,19.6288,0.0179669,-0.0050273,-4.93254e-05
8.33866,0.000177955,17.4971,-0.15823,19.6288,0.0179681,-0.00501869,-4.92506e-05
8.33974,0.000176628,17.4972,-0.158231,19.6288,0.0179668,-0.00502766,-4.93256e-05
8.34078,0.00017241,17.4972,-0.158234,19.6288,0.0179655,-0.00503648,-4.99729e-05
8.34167,0.00017506,17.4971,-0.158232,19.6288,0.017968,-0.00501926,-4.9824e-05
8.34269,0.000173734,17.4972,-0.158232,19.6288,0.0179667,-0.00502817,-4.98979e-05
8.34379,0.000175303,17.4972,-0.158231,19.6288,0.0179655,-0.00503692,-4.93997e-05
8.34473,0.000173734,17.4972,-0.158232,19.6288,0.0179667,-0.00502852,-4.98982e-05
8.34574,0.000176625,17.4972,-0.158229,19.6288,0.0179667,-0.00502866,-4.93256e-05
8.34667,0.000173734,17.4972,-0.158231,19.6288,0.0179666,-0.00502887,-4.98982e-05
8.34768,0.000176628,17.4972,-0.158228,19.6288,0.0179667,-0.00502903,-4.93256e-05
8.34897,0.000173737,17.4972,-0.158231,19.6288,0.0179666,-0.00502922,-4.9898e-05
8.34985,0.000176629,17.4972,-0.158228,19.6288,0.0179667,-0.00502938,-4.93255e-05
8.35067,0.000173737,17.4972,-0.15823,19.6288,0.0179666,-0.00502956,-4.9898e-05
8.35168,0.000176629,17.4972,-0.158227,19.6288,0.0179666,-0.00502972,-4.93255e-05
8.35271,0.000177958,17.4972,-0.158226,19.6288,0.0179679,-0.00502111,-4.92506e-05
8.35367,0.000176628,17.4972,-0.158227,19.6288,0.0179666,-0.00503006,-4.93256e-05
8.35467,0.000172411,17.4972,-0.15823,19.6288,0.0179653,-0.00503888,-4.99729e-05
8.35571,0.00017506,17.4972,-0.158228,19.6288,0.0179677,-0.00502167,-4.9824e-05
8.35687,0.000173734,17.4972,-0.158228,19.6288,0.0179665,-0.00503057,-4.98979e-05
8.35766,0.000175309,17.4972,-0.158227,19.6288,0.0179653,-0.00503937,-4.93998e-05
8.35863,0.000173739,17.4972,-0.158228,19.6288,0.0179664,-0.00503094,-4.98978e-05
8.3597,0.000176626,17.4972,-0.158225,19.6288,0.0179665,-0.00503107,-4.93256e-05
8.36066,0.000173735,17.4972,-0.158227,19.6288,0.0179664,-0.00503127,-4.98982e-05
8.36163,0.000176628,17.4972,-0.158224,19.6288,0.0179665,-0.00503143,-4.93257e-05
8.36274,0.000177957,17.4972,-0.158223,19.6288,0.0179677,-0.00502283,-4.92508e-05
8.36371,0.000176629,17.4972,-0.158224,19.6288,0.0179664,-0.00503178,-4.93257e-05
8.36476,0.000172411,17.4973,-0.158227,19.6288,0.0179651,-0.00504059,-4.99729e-05
8.36581,0.000176631,17.4972,-0.158223,19.6288,0.0179664,-0.00503213,-4.93254e-05
8.36668,0.000173735,17.4972,-0.158225,19.6288,0.0179663,-0.00503229,-4.98979e-05
8.36768,0.000175056,17.4972,-0.158224,19.6288,0.0179676,-0.00502368,-4.98239e-05
8.36868,0.000173737,17.4972,-0.158225,19.6288,0.0179663,-0.00503265,-4.9898e-05
8.3697,0.000175311,17.4973,-0.158223,19.6288,0.0179651,-0.00504144,-4.93996e-05
8.37067,0.00017374,17.4972,-0.158224,19.6288,0.0179663,-0.005033,-4.98978e-05
8.37165,0.00017506,17.4972,-0.158223,19.6288,0.0179675,-0.00502439,-4.98238e-05
8.3728,0.000173735,17.4972,-0.158224,19.6288,0.0179662,-0.00503333,-4.98982e-05
8.3737,0.000173735,17.4972,-0.158224,19.6288,0.0179662,-0.00503333,-4.98982e-05
8.37468,0.00017374,17.4972,-0.158223,19.6288,0.0179662,-0.00503369,-4.98978e-05
8.37566,0.000175309,17.4973,-0.158221,19.6288,0.017965,-0.00504244,-4.93996e-05
8.37674,0.000177958,17.4972,-0.158219,19.6288,0.0179675,-0.00502523,-4.92507e-05
8.37768,0.000176626,17.4972,-0.15822,19.6288,0.0179662,-0.00503415,-4.93257e-05
8.37874,0.00017241,17.4973,-0.158223,19.6288,0.0179649,-0.00504299,-4.99731e-05
8.37968,0.000175059,17.4972,-0.158221,19.6288,0.0179673,-0.00502577,-4.98243e-05
8.38073,0.000173735,17.4973,-0.158221,19.6288,0.0179661,-0.00503469,-4.98979e-05
8.38178,0.000175309,17.4973,-0.158219,19.6288,0.0179649,-0.00504349,-4.93998e-05
8.3827,0.000177959,17.4972,-0.158217,19.6288,0.0179674,-0.00502627,-4.9251e-05
8.3837,0.000176626,17.4973,-0.158218,19.6288,0.0179661,-0.00503519,-4.93257e-05
8.38485,0.00017241,17.4973,-0.158221,19.6288,0.0179648,-0.00504402,-4.99731e-05
8.38568,0.000176631,17.4973,-0.158217,19.6288,0.0179661,-0.00503556,-4.93255e-05
8.38679,0.00017796,17.4972,-0.158216,19.6288,0.0179673,-0.00502695,-4.92506e-05
8.38812,0.000176627,17.4973,-0.158217,19.6288,0.0179661,-0.00503589,-4.9326e-05
8.38866,0.000176627,17.4973,-0.158217,19.6288,0.0179661,-0.00503589,-4.9326e-05
8.38976,0.000176631,17.4973,-0.158216,19.6288,0.017966,-0.00503624,-4.93255e-05
8.3909,0.00017241,17.4973,-0.158219,19.6289,0.0179647,-0.00504503,-4.99729e-05
8.39177,0.000175059,17.4972,-0.158217,19.6288,0.0179672,-0.00502782,-4.9824e-05
8.39272,0.000177958,17.4972,-0.158214,19.6288,0.0179672,-0.00502797,-4.92509e-05
8.39381,0.00017531,17.4973,-0.158216,19.6289,0.0179647,-0.00504554,-4.93999e-05
8.39465,0.00017663,17.4973,-0.158215,19.6288,0.017966,-0.00503694,-4.93259e-05
8.39569,0.000175063,17.4972,-0.158216,19.6288,0.0179671,-0.00502853,-4.98239e-05
8.39667,0.000172408,17.4973,-0.158217,19.6289,0.0179646,-0.00504605,-4.99731e-05
8.39766,0.000175312,17.4973,-0.158215,19.6289,0.0179647,-0.00504624,-4.93996e-05
8.39869,0.000177961,17.4972,-0.158212,19.6288,0.0179671,-0.00502902,-4.92508e-05
8.39972,0.000176624,17.4973,-0.158213,19.6288,0.0179659,-0.00503792,-4.9326e-05
8.40068,0.000172404,17.4973,-0.158216,19.6289,0.0179646,-0.00504671,-4.99732e-05
8.40168,0.000175053,17.4973,-0.158214,19.6288,0.017967,-0.0050295,-4.98243e-05
8.4027,0.000173735,17.4973,-0.158215,19.6288,0.0179657,-0.00503846,-4.9898e-05
8.40375,0.00017531,17.4973,-0.158213,19.6289,0.0179646,-0.00504726,-4.93999e-05
8.40468,0.000177959,17.4973,-0.158211,19.6288,0.017967,-0.00503005,-4.9251e-05
8.4057,0.000176627,17.4973,-0.158211,19.6288,0.0179658,-0.00503896,-4.93258e-05
8.40663,0.000172411,17.4973,-0.158214,19.6289,0.0179644,-0.00504779,-4.99731e-05
8.40772,0.00017506,17.4973,-0.158212,19.6288,0.0179669,-0.00503058,-4.98243e-05
8.40868,0.000173736,17.4973,-0.158213,19.6288,0.0179656,-0.00503949,-4.9898e-05
8.40966,0.000173736,17.4973,-0.158213,19.6288,0.0179656,-0.00503949,-4.9898e-05
8.4107,0.00017374,17.4973,-0.158212,19.6288,0.0179656,-0.00503986,-4.98978e-05
8.41167,0.00017531,17.4973,-0.15821,19.6289,0.0179644,-0.00504862,-4.93997e-05
8.41269,0.000177959,17.4973,-0.158208,19.6288,0.0179669,-0.00503141,-4.92508e-05
8.41373,0.000176627,17.4973,-0.158209,19.6288,0.0179656,-0.00504033,-4.93258e-05
8.41472,0.000172411,17.4973,-0.158212,19.6289,0.0179643,-0.00504916,-4.99732e-05
8.41566,0.00017506,17.4973,-0.15821,19.6288,0.0179668,-0.00503195,-4.98243e-05
8.4167,0.00017796,17.4973,-0.158207,19.6288,0.0179668,-0.0050321,-4.92507e-05
8.41766,0.000173736,17.4973,-0.15821,19.6288,0.0179655,-0.00504086,-4.9898e-05
8.41878,0.000176631,17.4973,-0.158208,19.6288,0.0179656,-0.00504106,-4.93259e-05
8.41968,0.000175312,17.4974,-0.158208,19.6289,0.0179643,-0.00505,-4.93994e-05
8.42069,0.000176633,17.4973,-0.158207,19.6288,0.0179655,-0.00504139,-4.93255e-05
8.4217,0.00017506,17.4973,-0.158208,19.6288,0.0179667,-0.00503297,-4.98241e-05
8.42268,0.000172408,17.4974,-0.15821,19.6289,0.0179642,-0.00505051,-4.99732e-05
8.42367,0.000175312,17.4974,-0.158207,19.6289,0.0179642,-0.0050507,-4.93997e-05
8.42469,0.000177962,17.4973,-0.158205,19.6288,0.0179667,-0.00503348,-4.92509e-05
8.42567,0.000175059,17.4973,-0.158207,19.6288,0.0179666,-0.00503363,-4.98238e-05
8.4267,0.000176625,17.4973,-0.158205,19.6288,0.0179655,-0.00504238,-4.93261e-05
8.42773,0.000173739,17.4973,-0.158207,19.6288,0.0179653,-0.00504261,-4.98983e-05
8.42874,0.000176635,17.4973,-0.158205,19.6288,0.0179654,-0.00504278,-4.93255e-05
8.42971,0.000173741,17.4973,-0.158207,19.6288,0.0179653,-0.00504295,-4.98979e-05
8.43069,0.00017241,17.4974,-0.158207,19.6289,0.0179641,-0.00505189,-4.9973e-05
8.43164,0.00017531,17.4974,-0.158204,19.6289,0.0179641,-0.00505205,-4.93997e-05
8.43271,0.000177959,17.4973,-0.158202,19.6288,0.0179666,-0.00503483,-4.92509e-05
8.43371,0.000175057,17.4973,-0.158204,19.6288,0.0179665,-0.005035,-4.98241e-05
8.43464,0.000172411,17.4974,-0.158206,19.6289,0.017964,-0.00505259,-4.99732e-05
8.43582,0.000173739,17.4973,-0.158205,19.6288,0.0179652,-0.00504398,-4.98983e-05
8.43669,0.000177964,17.4973,-0.158201,19.6288,0.0179665,-0.00503555,-4.92507e-05
8.43767,0.000173739,17.4973,-0.158204,19.6288,0.0179652,-0.0050443,-4.98978e-05
8.43869,0.000176629,17.4974,-0.158202,19.6288,0.0179652,-0.00504446,-4.9326e-05
8.43971,0.000173742,17.4974,-0.158204,19.6288,0.0179651,-0.00504468,-4.98982e-05
8.4407,0.000176633,17.4974,-0.158201,19.6288,0.0179652,-0.00504482,-4.93255e-05
8.44171,0.000173739,17.4974,-0.158203,19.6288,0.0179651,-0.005045,-4.98981e-05
8.4427,0.000176631,17.4974,-0.1582,19.6288,0.0179652,-0.00504516,-4.93258e-05
8.44364,0.000173739,17.4974,-0.158203,19.6288,0.0179651,-0.00504534,-4.98981e-05
8.4447,0.000176631,17.4974,-0.1582,19.6288,0.0179652,-0.0050455,-4.93258e-05
8.44577,0.000173739,17.4974,-0.158202,19.6288,0.0179651,-0.00504569,-4.98981e-05
8.44702,0.000176631,17.4974,-0.158199,19.6288,0.0179651,-0.00504584,-4.93258e-05
8.44771,0.000173739,17.4974,-0.158201,19.6288,0.017965,-0.00504603,-4.98982e-05
8.44876,0.000176631,17.4974,-0.158199,19.6288,0.0179651,-0.00504619,-4.93258e-05
8.44981,0.00017796,17.4973,-0.158197,19.6288,0.0179663,-0.00503758,-4.92509e-05
8.4507,0.000176631,17.4974,-0.158198,19.6288,0.0179651,-0.00504653,-4.93258e-05
8.45183,0.000172411,17.4974,-0.158201,19.6289,0.0179637,-0.00505532,-4.99729e-05
8.45266,0.000176634,17.4974,-0.158197,19.6288,0.017965,-0.0050469,-4.93258e-05
8.45371,0.000173742,17.4974,-0.1582,19.6288,0.0179649,-0.00504707,-4.98979e-05
8.45474,0.000176629,17.4974,-0.158197,19.6288,0.017965,-0.00504719,-4.93258e-05
8.45586,0.000177957,17.4973,-0.158196,19.6288,0.0179662,-0.00503859,-4.92509e-05
8.45667,0.000176631,17.4974,-0.158196,19.6288,0.017965,-0.00504756,-4.93258e-05
8.45826,0.000172412,17.4974,-0.158199,19.6289,0.0179636,-0.00505635,-4.99729e-05
8.45889,0.000176634,17.4974,-0.158196,19.6288,0.0179649,-0.00504792,-4.93259e-05
8.45972,0.000173742,17.4974,-0.158198,19.6288,0.0179648,-0.0050481,-4.98979e-05
8.46082,0.000176629,17.4974,-0.158195,19.6288,0.0179649,-0.00504822,-4.93258e-05
8.46168,0.000173737,17.4974,-0.158197,19.6288,0.0179648,-0.00504842,-4.98984e-05
8.46286,0.000176631,17.4974,-0.158194,19.6288,0.0179649,-0.00504858,-4.93258e-05
8.46378,0.00017374,17.4974,-0.158197,19.6288,0.0179648,-0.00504877,-4.98982e-05
8.46474,0.000176631,17.4974,-0.158194,19.6288,0.0179648,-0.00504893,-4.93258e-05
8.46585,0.00017374,17.4974,-0.158196,19.6288,0.0179647,-0.00504912,-4.98982e-05
8.46673,0.000176632,17.4974,-0.158193,19.6288,0.0179648,-0.00504927,-4.93258e-05
8.46771,0.00017374,17.4974,-0.158195,19.6288,0.0179647,-0.00504946,-4.98982e-05
8.46896,0.000176632,17.4974,-0.158193,19.6288,0.0179648,-0.00504962,-4.93258e-05
8.46968,0.00017374,17.4974,-0.158195,19.6288,0.0179647,-0.0050498,-4.98982e-05
8.47076,0.000176632,17.4974,-0.158192,19.6288,0.0179647,-0.00504996,-4.93258e-05
8.47171,0.00017796,17.4974,-0.158191,19.6288,0.017966,-0.00504135,-4.9251e-05
8.47267,0.000176632,17.4974,-0.158191,19.6288,0.0179647,-0.0050503,-4.93258e-05
8.47373,0.000172412,17.4974,-0.158195,19.6289,0.0179634,-0.0050591,-4.9973e-05
8.4747,0.000176634,17.4974,-0.158191,19.6288,0.0179647,-0.00505067,-4.93259e-05
8.47572,0.000173742,17.4974,-0.158193,19.6288,0.0179646,-0.00505084,-4.98979e-05
8.47673,0.000176629,17.4974,-0.15819,19.6288,0.0179646,-0.00505097,-4.93258e-05
8.47772,0.000173738,17.4974,-0.158192,19.6288,0.0179645,-0.00505117,-4.98984e-05
8.47869,0.000176631,17.4974,-0.15819,19.6288,0.0179646,-0.00505133,-4.93258e-05
8.47969,0.00017374,17.4974,-0.158192,19.6288,0.0179645,-0.00505152,-4.98982e-05
8.48077,0.000176632,17.4974,-0.158189,19.6288,0.0179646,-0.00505167,-4.93258e-05
8.48184,0.00017374,17.4974,-0.158191,19.6288,0.0179645,-0.00505186,-4.98982e-05
8.48279,0.000176632,17.4974,-0.158188,19.6288,0.0179645,-0.00505202,-4.93258e-05
8.48372,0.00017374,17.4974,-0.158191,19.6288,0.0179644,-0.0050522,-4.98982e-05
8.48469,0.000176632,17.4974,-0.158188,19.6288,0.0179645,-0.00505236,-4.93258e-05
8.4858,0.00017374,17.4974,-0.15819,19.6288,0.0179644,-0.00505255,-4.98982e-05
8.48677,0.000176632,17.4974,-0.158187,19.6288,0.0179645,-0.0050527,-4.93258e-05
8.48773,0.00017374,17.4974,-0.158189,19.6288,0.0179644,-0.00505289,-4.98982e-05
8.48867,0.000176632,17.4974,-0.158187,19.6288,0.0179644,-0.00505305,-4.93259e-05
8.48986,0.00017374,17.4974,-0.158189,19.6288,0.0179643,-0.00505323,-4.98982e-05
8.49069,0.000175061,17.4974,-0.158188,19.6288,0.0179656,-0.00504463,-4.98242e-05
8.4917,0.00017374,17.4974,-0.158188,19.6288,0.0179643,-0.00505358,-4.98982e-05
8.4927,0.00017374,17.4974,-0.158188,19.6288,0.0179643,-0.00505358,-4.98982e-05
8.49382,0.00017796,17.4974,-0.158184,19.6288,0.0179656,-0.00504513,-4.92511e-05
8.49469,0.000175314,17.4975,-0.158186,19.6289,0.0179631,-0.00506269,-4.93996e-05
8.49569,0.000176634,17.4974,-0.158185,19.6288,0.0179643,-0.00505408,-4.93257e-05
8.49669,0.000176631,17.4974,-0.158184,19.6288,0.0179643,-0.0050544,-4.93258e-05
8.49764,0.00017241,17.4975,-0.158188,19.6289,0.017963,-0.0050632,-4.99733e-05
8.49872,0.000176631,17.4975,-0.158184,19.6288,0.0179643,-0.00505476,-4.9326e-05
8.49972,0.000173738,17.4975,-0.158186,19.6288,0.0179642,-0.00505492,-4.98982e-05
8.50068,0.000176627,17.4975,-0.158183,19.6288,0.0179643,-0.00505507,-4.93261e-05
8.50214,0.000173738,17.4975,-0.158185,19.6288,0.0179642,-0.00505528,-4.98984e-05
8.50267,0.000176631,17.4975,-0.158182,19.6288,0.0179642,-0.00505544,-4.9326e-05
8.50367,0.000173741,17.4975,-0.158185,19.6288,0.0179641,-0.00505563,-4.98982e-05
8.50475,0.000176632,17.4975,-0.158182,19.6288,0.0179642,-0.00505579,-4.9326e-05
8.50592,0.000173741,17.4975,-0.158184,19.6288,0.0179641,-0.00505598,-4.98982e-05
8.50671,0.000176632,17.4975,-0.158181,19.6288,0.0179641,-0.00505613,-4.93259e-05
8.5077,0.000173741,17.4975,-0.158183,19.6288,0.0179641,-0.00505632,-4.98983e-05
8.50868,0.000176632,17.4975,-0.158181,19.6288,0.0179641,-0.00505648,-4.9326e-05
8.5097,0.000173741,17.4975,-0.158183,19.6288,0.017964,-0.00505666,-4.98982e-05
8.51073,0.000176632,17.4975,-0.15818,19.6288,0.0179641,-0.00505682,-4.9326e-05
8.51197,0.00017796,17.4974,-0.158179,19.6288,0.0179653,-0.00504821,-4.92512e-05
8.51279,0.000176632,17.4975,-0.158179,19.6288,0.0179641,-0.00505716,-4.9326e-05
8.51372,0.000172412,17.4975,-0.158183,19.6289,0.0179627,-0.00506595,-4.99731e-05
8.51465,0.000175062,17.4974,-0.158181,19.6288,0.0179652,-0.00504874,-4.98243e-05
8.51573,0.000173738,17.4975,-0.158181,19.6288,0.0179639,-0.00505767,-4.98982e-05
8.51674,0.000175312,17.4975,-0.158179,19.6289,0.0179628,-0.00506647,-4.94002e-05
8.51767,0.000177962,17.4974,-0.158177,19.6288,0.0179652,-0.00504926,-4.92513e-05
8.51872,0.000176629,17.4975,-0.158178,19.6288,0.017964,-0.00505817,-4.9326e-05
8.51974,0.000176629,17.4975,-0.158178,19.6288,0.017964,-0.00505817,-4.9326e-05
8.52074,0.00017663,17.4975,-0.158177,19.6288,0.0179639,-0.00505852,-4.93262e-05
8.52191,0.000172412,17.4975,-0.15818,19.6289,0.0179626,-0.00506732,-4.99731e-05
8.52291,0.000175062,17.4975,-0.158178,19.6288,0.0179651,-0.00505011,-4.98243e-05
8.52368,0.000177961,17.4975,-0.158175,19.6288,0.0179651,-0.00505027,-4.92512e-05
8.52467,0.000175313,17.4975,-0.158177,19.6289,0.0179626,-0.00506784,-4.94002e-05
8.52569,0.000172417,17.4975,-0.158179,19.6289,0.0179625,-0.00506804,-4.99729e-05
8.52672,0.000175067,17.4975,-0.158177,19.6288,0.017965,-0.00505083,-4.98241e-05
8.52768,0.000173737,17.4975,-0.158177,19.6289,0.0179637,-0.00505972,-4.98984e-05
8.52869,0.000175312,17.4975,-0.158176,19.6289,0.0179626,-0.00506853,-4.94002e-05
8.52963,0.000177962,17.4975,-0.158174,19.6288,0.017965,-0.00505131,-4.92514e-05
8.53075,0.00017663,17.4975,-0.158174,19.6289,0.0179638,-0.00506023,-4.93261e-05
8.53169,0.000172414,17.4975,-0.158177,19.6289,0.0179624,-0.00506906,-4.99734e-05
8.53264,0.000175063,17.4975,-0.158175,19.6288,0.0179649,-0.00505184,-4.98245e-05
8.53368,0.000173739,17.4975,-0.158176,19.6289,0.0179636,-0.00506076,-4.98982e-05
8.53467,0.000173739,17.4975,-0.158176,19.6289,0.0179636,-0.00506076,-4.98982e-05
8.53569,0.000177962,17.4975,-0.158172,19.6288,0.0179649,-0.00505234,-4.92514e-05
8.53668,0.000175312,17.4976,-0.158173,19.6289,0.0179624,-0.00506989,-4.94e-05
8.53764,0.000172416,17.4976,-0.158176,19.6289,0.0179623,-0.0050701,-4.99732e-05
8.53861,0.000175065,17.4975,-0.158173,19.6288,0.0179648,-0.00505288,-4.98243e-05
8.53967,0.000173737,17.4975,-0.158174,19.6289,0.0179635,-0.00506178,-4.98985e-05
8.54065,0.000175313,17.4976,-0.158172,19.6289,0.0179624,-0.00507058,-4.94002e-05
8.54168,0.000173744,17.4975,-0.158173,19.6289,0.0179635,-0.00506216,-4.98981e-05
8.5427,0.000175064,17.4975,-0.158172,19.6288,0.0179647,-0.00505355,-4.98241e-05
8.54365,0.00017374,17.4975,-0.158173,19.6289,0.0179635,-0.00506249,-4.98985e-05
8.54468,0.000175315,17.4976,-0.158171,19.6289,0.0179623,-0.00507128,-4.94e-05
8.54571,0.000177964,17.4975,-0.158169,19.6288,0.0179648,-0.00505406,-4.92512e-05
8.54669,0.00017663,17.4975,-0.158169,19.6289,0.0179635,-0.00506297,-4.93261e-05
8.54768,0.000172414,17.4976,-0.158173,19.6289,0.0179622,-0.0050718,-4.99734e-05
8.54866,0.000175063,17.4975,-0.15817,19.6288,0.0179646,-0.00505459,-4.98246e-05
8.5497,0.000173739,17.4975,-0.158171,19.6289,0.0179634,-0.0050635,-4.98982e-05
8.55069,0.000175313,17.4976,-0.158169,19.6289,0.0179622,-0.0050723,-4.94002e-05
8.55166,0.000177963,17.4975,-0.158167,19.6288,0.0179647,-0.00505509,-4.92514e-05
8.55268,0.00017663,17.4975,-0.158167,19.6289,0.0179634,-0.005064,-4.93261e-05
8.55371,0.000172408,17.4976,-0.158171,19.6289,0.0179621,-0.00507278,-4.99734e-05
8.5547,0.000175058,17.4975,-0.158169,19.6288,0.0179645,-0.00505557,-4.98246e-05
8.5557,0.000173739,17.4975,-0.158169,19.6289,0.0179633,-0.00506453,-4.98983e-05
8.5567,0.000173739,17.4975,-0.158169,19.6289,0.0179633,-0.00506453,-4.98983e-05
8.55777,0.000173744,17.4976,-0.158168,19.6289,0.0179632,-0.0050649,-4.98981e-05
8.55868,0.000173744,17.4976,-0.158168,19.6289,0.0179632,-0.0050649,-4.98981e-05
8.55962,0.000173742,17.4976,-0.158168,19.6289,0.0179632,-0.00506524,-4.98983e-05
8.56118,0.000173742,17.4976,-0.158168,19.6289,0.0179632,-0.00506524,-4.98983e-05
8.56232,0.000177962,17.4975,-0.158164,19.6288,0.0179645,-0.00505679,-4.92512e-05
8.56314,0.000175313,17.4976,-0.158166,19.6289,0.017962,-0.00507434,-4.94001e-05
8.56403,0.000176634,17.4976,-0.158164,19.6289,0.0179632,-0.00506574,-4.93261e-05
8.5647,0.000176636,17.4976,-0.158164,19.6289,0.0179632,-0.00506611,-4.93261e-05
8.56577,0.000176636,17.4976,-0.158164,19.6289,0.0179632,-0.00506611,-4.93261e-05
8.56708,0.000175063,17.4975,-0.158165,19.6288,0.0179644,-0.00505765,-4.98241e-05
8.56764,0.000172413,17.4976,-0.158167,19.6289,0.0179619,-0.00507521,-4.99732e-05
8.56874,0.000173742,17.4976,-0.158165,19.6289,0.0179631,-0.00506661,-4.98984e-05
8.56967,0.000177962,17.4975,-0.158162,19.6288,0.0179644,-0.00505816,-4.92512e-05
8.57095,0.000175311,17.4976,-0.158163,19.6289,0.0179619,-0.00507571,-4.94003e-05
8.57166,0.000176632,17.4976,-0.158162,19.6289,0.0179631,-0.0050671,-4.93263e-05
8.57272,0.000175066,17.4975,-0.158163,19.6288,0.0179642,-0.00505871,-4.98244e-05
8.57366,0.000172412,17.4976,-0.158165,19.6289,0.0179618,-0.00507624,-4.99734e-05
8.57464,0.000173741,17.4976,-0.158164,19.6289,0.017963,-0.00506763,-4.98986e-05
8.57578,0.000177965,17.4975,-0.15816,19.6288,0.0179643,-0.00505921,-4.92512e-05
8.5767,0.000173742,17.4976,-0.158163,19.6289,0.017963,-0.00506797,-4.98981e-05
8.57773,0.000176632,17.4976,-0.15816,19.6289,0.017963,-0.00506813,-4.93263e-05
8.57866,0.000175315,17.4976,-0.158161,19.6289,0.0179618,-0.0050771,-4.93998e-05
8.57967,0.000176636,17.4976,-0.15816,19.6289,0.017963,-0.00506849,-4.93258e-05
8.58072,0.000175064,17.4976,-0.158161,19.6288,0.0179641,-0.00506006,-4.98244e-05
8.5817,0.000172412,17.4976,-0.158162,19.6289,0.0179616,-0.00507761,-4.99735e-05
8.58268,0.00017374,17.4976,-0.158161,19.6289,0.0179629,-0.005069,-4.98986e-05
8.58369,0.000177965,17.4976,-0.158157,19.6288,0.0179641,-0.00506058,-4.92512e-05
8.5847,0.000175311,17.4976,-0.158159,19.6289,0.0179617,-0.00507811,-4.94003e-05
8.58565,0.000176632,17.4976,-0.158158,19.6289,0.0179629,-0.0050695,-4.93263e-05
8.58683,0.000175066,17.4976,-0.158159,19.6288,0.017964,-0.00506111,-4.98245e-05
8.58774,0.000172412,17.4976,-0.158161,19.6289,0.0179615,-0.00507864,-4.99735e-05
8.58877,0.000173741,17.4976,-0.15816,19.6289,0.0179628,-0.00507003,-4.98986e-05
8.58972,0.000177965,17.4976,-0.158156,19.6288,0.017964,-0.00506161,-4.92512e-05
8.59069,0.000175312,17.4976,-0.158157,19.6289,0.0179616,-0.00507914,-4.94003e-05
8.59167,0.000176632,17.4976,-0.158156,19.6289,0.0179628,-0.00507053,-4.93263e-05
8.5927,0.000175066,17.4976,-0.158157,19.6288,0.0179639,-0.00506214,-4.98245e-05
8.59372,0.000176633,17.4976,-0.158156,19.6289,0.0179628,-0.00507087,-4.9326e-05
8.59469,0.000173741,17.4976,-0.158158,19.6289,0.0179627,-0.00507106,-4.98986e-05
8.59577,0.000176637,17.4976,-0.158155,19.6289,0.0179627,-0.00507125,-4.93261e-05
8.59668,0.000173745,17.4976,-0.158157,19.6289,0.0179626,-0.00507142,-4.98982e-05
8.59768,0.000176635,17.4976,-0.158154,19.6289,0.0179627,-0.00507157,-4.93261e-05
8.59871,0.000173743,17.4976,-0.158157,19.6289,0.0179626,-0.00507176,-4.98985e-05
8.59965,0.000176635,17.4976,-0.158154,19.6289,0.0179627,-0.00507191,-4.93261e-05
8.60069,0.000173743,17.4976,-0.158156,19.6289,0.0179626,-0.0050721,-4.98985e-05
8.60184,0.000176635,17.4976,-0.158153,19.6289,0.0179626,-0.00507226,-4.93261e-05
8.60268,0.000173743,17.4976,-0.158155,19.6289,0.0179625,-0.00507244,-4.98985e-05
8.60369,0.000176635,17.4976,-0.158153,19.6289,0.0179626,-0.0050726,-4.93261e-05
8.60465,0.000173743,17.4976,-0.158155,19.6289,0.0179625,-0.00507278,-4.98985e-05
8.60566,0.000176635,17.4976,-0.158152,19.6289,0.0179626,-0.00507294,-4.93261e-05
8.60669,0.000173743,17.4976,-0.158154,19.6289,0.0179625,-0.00507313,-4.98985e-05
8.60765,0.000176635,17.4976,-0.158151,19.6289,0.0179625,-0.00507328,-4.93261e-05
8.60865,0.000173743,17.4976,-0.158154,19.6289,0.0179624,-0.00507347,-4.98985e-05
8.60969,0.000176635,17.4976,-0.158151,19.6289,0.0179625,-0.00507363,-4.93261e-05
8.61078,0.000173743,17.4976,-0.158153,19.6289,0.0179624,-0.00507381,-4.98985e-05
8.61164,0.000176635,17.4976,-0.15815,19.6289,0.0179625,-0.00507397,-4.93261e-05
8.61274,0.000173743,17.4976,-0.158152,19.6289,0.0179624,-0.00507416,-4.98985e-05
8.61402,0.000176635,17.4976,-0.15815,19.6289,0.0179624,-0.00507431,-4.93261e-05
8.61477,0.000173743,17.4976,-0.158152,19.6289,0.0179623,-0.0050745,-4.98985e-05
8.61572,0.000176635,17.4977,-0.158149,19.6289,0.0179624,-0.00507466,-4.93261e-05
8.61668,0.000173743,17.4977,-0.158151,19.6289,0.0179623,-0.00507484,-4.98985e-05
8.61767,0.000175064,17.4976,-0.15815,19.6288,0.0179635,-0.00506624,-4.98245e-05
8.61919,0.000173743,17.4977,-0.158151,19.6289,0.0179623,-0.00507519,-4.98985e-05
8.62058,0.000175314,17.4977,-0.158149,19.6289,0.0179611,-0.00508395,-4.94002e-05
8.62136,0.000179284,17.4976,-0.158146,19.6288,0.0179648,-0.00505813,-4.91774e-05
8.62211,0.000176637,17.4977,-0.158147,19.6289,0.0179623,-0.00507569,-4.93259e-05
8.6227,0.000172416,17.4977,-0.15815,19.6289,0.017961,-0.00508448,-4.99732e-05
8.62379,0.000176632,17.4977,-0.158147,19.6289,0.0179623,-0.00507601,-4.93262e-05
8.6247,0.000173742,17.4977,-0.158149,19.6289,0.0179622,-0.00507621,-4.98987e-05
8.62569,0.000176632,17.4977,-0.158146,19.6289,0.0179622,-0.00507635,-4.93262e-05
8.62669,0.000173741,17.4977,-0.158148,19.6289,0.0179621,-0.00507655,-4.98987e-05
8.62791,0.000176635,17.4977,-0.158145,19.6289,0.0179622,-0.00507671,-4.93262e-05
8.62886,0.000173744,17.4977,-0.158148,19.6289,0.0179621,-0.0050769,-4.98985e-05
8.62984,0.000176635,17.4977,-0.158145,19.6289,0.0179622,-0.00507706,-4.93262e-05
8.63094,0.000173744,17.4977,-0.158147,19.6289,0.0179621,-0.00507724,-4.98985e-05
8.63174,0.000176635,17.4977,-0.158144,19.6289,0.0179621,-0.0050774,-4.93262e-05
8.63293,0.000173744,17.4977,-0.158146,19.6289,0.017962,-0.00507759,-4.98985e-05
8.63368,0.000176635,17.4977,-0.158144,19.6289,0.0179621,-0.00507774,-4.93262e-05
8.63467,0.000173744,17.4977,-0.158146,19.6289,0.017962,-0.00507793,-4.98985e-05
8.63569,0.000176635,17.4977,-0.158143,19.6289,0.0179621,-0.00507809,-4.93263e-05
8.63668,0.000173744,17.4977,-0.158145,19.6289,0.017962,-0.00507827,-4.98984e-05
8.63776,0.000176635,17.4977,-0.158142,19.6289,0.017962,-0.00507843,-4.93263e-05
8.63869,0.000173744,17.4977,-0.158145,19.6289,0.017962,-0.00507862,-4.98984e-05
8.63977,0.000176635,17.4977,-0.158142,19.6289,0.017962,-0.00507877,-4.93262e-05
8.64067,0.000173744,17.4977,-0.158144,19.6289,0.0179619,-0.00507896,-4.98985e-05
8.64172,0.000176635,17.4977,-0.158141,19.6289,0.017962,-0.00507912,-4.93262e-05
8.64279,0.000173744,17.4977,-0.158143,19.6289,0.0179619,-0.0050793,-4.98985e-05
8.64369,0.000175065,17.4977,-0.158142,19.6288,0.0179631,-0.00507069,-4.98245e-05
8.64474,0.000173744,17.4977,-0.158143,19.6289,0.0179619,-0.00507964,-4.98985e-05
8.64573,0.000175315,17.4977,-0.158141,19.6289,0.0179607,-0.00508841,-4.94002e-05
8.64677,0.000177964,17.4977,-0.158139,19.6288,0.0179631,-0.00507119,-4.92514e-05
8.64781,0.000175065,17.4977,-0.158141,19.6288,0.0179631,-0.00507138,-4.98245e-05
8.64884,0.000176632,17.4977,-0.158139,19.6289,0.0179619,-0.00508012,-4.93263e-05
8.64969,0.000173745,17.4977,-0.158142,19.6289,0.0179618,-0.00508035,-4.98988e-05
8.65093,0.00017664,17.4977,-0.158139,19.6289,0.0179618,-0.00508052,-4.9326e-05
8.6517,0.000177969,17.4977,-0.158138,19.6288,0.0179631,-0.00507191,-4.92511e-05
8.65274,0.00017929,17.4976,-0.158137,19.6288,0.0179643,-0.0050633,-4.91771e-05
8.65383,0.00017929,17.4976,-0.158137,19.6288,0.0179643,-0.0050633,-4.91771e-05
8.65476,0.000175068,17.4977,-0.15814,19.6288,0.017963,-0.00507208,-4.98243e-05
8.65572,0.000176638,17.4977,-0.158138,19.6289,0.0179618,-0.00508086,-4.93263e-05
8.65668,0.000177967,17.4977,-0.158137,19.6288,0.017963,-0.00507225,-4.92514e-05
8.65803,0.000175073,17.4977,-0.158139,19.6288,0.0179629,-0.00507247,-4.98243e-05
8.65871,0.000172419,17.4978,-0.158141,19.6289,0.0179605,-0.00508999,-4.99734e-05
8.65969,0.000173748,17.4977,-0.15814,19.6289,0.0179617,-0.00508139,-4.98985e-05
8.66085,0.000177969,17.4977,-0.158136,19.6288,0.017963,-0.00507294,-4.92512e-05
8.66168,0.000173744,17.4977,-0.158139,19.6289,0.0179617,-0.00508169,-4.98983e-05
8.66268,0.000175065,17.4977,-0.158138,19.6288,0.0179629,-0.00507308,-4.98243e-05
8.6639,0.000177965,17.4977,-0.158135,19.6288,0.0179629,-0.00507327,-4.92517e-05
8.66484,0.000173746,17.4977,-0.158139,19.6289,0.0179616,-0.00508205,-4.98983e-05
8.66573,0.000176639,17.4977,-0.158136,19.6289,0.0179617,-0.00508223,-4.93262e-05
8.66675,0.000173749,17.4977,-0.158138,19.6289,0.0179616,-0.00508242,-4.98984e-05
8.66777,0.000176638,17.4977,-0.158135,19.6289,0.0179617,-0.00508256,-4.9326e-05
8.66913,0.000173745,17.4977,-0.158137,19.6289,0.0179616,-0.00508273,-4.98986e-05
8.66968,0.000176636,17.4977,-0.158135,19.6289,0.0179616,-0.00508289,-4.93263e-05
8.67078,0.000173745,17.4977,-0.158137,19.6289,0.0179615,-0.00508307,-4.98985e-05
8.67173,0.000176635,17.4977,-0.158134,19.6289,0.0179616,-0.00508323,-4.93264e-05
8.67268,0.000173744,17.4977,-0.158136,19.6289,0.0179615,-0.00508342,-4.98986e-05
8.67368,0.000175065,17.4977,-0.158135,19.6289,0.0179627,-0.00507481,-4.98246e-05
8.67473,0.000173745,17.4977,-0.158136,19.6289,0.0179615,-0.00508376,-4.98985e-05
8.67572,0.000175315,17.4978,-0.158134,19.6289,0.0179603,-0.00509252,-4.94003e-05
8.67666,0.000177964,17.4977,-0.158132,19.6289,0.0179628,-0.00507531,-4.92514e-05
8.67768,0.000175066,17.4977,-0.158134,19.6289,0.0179627,-0.0050755,-4.98245e-05
8.67901,0.000176632,17.4977,-0.158132,19.6289,0.0179615,-0.00508424,-4.93264e-05
8.68019,0.00017532,17.4978,-0.158133,19.6289,0.0179602,-0.00509324,-4.94e-05
8.68132,0.000176641,17.4977,-0.158132,19.6289,0.0179615,-0.00508463,-4.9326e-05
8.68172,0.000175072,17.4977,-0.158133,19.6289,0.0179626,-0.00507622,-4.98243e-05
8.68271,0.000176639,17.4978,-0.158131,19.6289,0.0179614,-0.00508496,-4.93261e-05
8.68369,0.000173743,17.4978,-0.158133,19.6289,0.0179613,-0.00508511,-4.98986e-05
8.68469,0.000176637,17.4978,-0.15813,19.6289,0.0179614,-0.00508531,-4.93265e-05
8.68567,0.000173747,17.4978,-0.158133,19.6289,0.0179613,-0.00508548,-4.98984e-05
8.68667,0.000172416,17.4978,-0.158133,19.6289,0.01796,-0.00509443,-4.99735e-05
8.68766,0.000173745,17.4978,-0.158132,19.6289,0.0179613,-0.00508582,-4.98986e-05
8.68865,0.000173742,17.4978,-0.158131,19.6289,0.0179612,-0.00508614,-4.98986e-05
8.6896,0.000175313,17.4978,-0.15813,19.6289,0.0179601,-0.00509492,-4.94005e-05
8.69136,0.000177963,17.4977,-0.158128,19.6289,0.0179625,-0.0050777,-4.92517e-05
8.69209,0.000177963,17.4977,-0.158128,19.6289,0.0179625,-0.0050777,-4.92517e-05
8.69271,0.000176633,17.4978,-0.158128,19.6289,0.0179613,-0.00508664,-4.93264e-05
8.6937,0.000172412,17.4978,-0.158131,19.6289,0.01796,-0.00509542,-4.99737e-05
8.69493,0.000172419,17.4978,-0.158131,19.6289,0.0179599,-0.0050958,-4.99732e-05
8.69562,0.000175313,17.4978,-0.158128,19.6289,0.01796,-0.00509593,-4.94002e-05
8.69671,0.000177963,17.4977,-0.158126,19.6289,0.0179624,-0.00507872,-4.92514e-05
8.69769,0.000176631,17.4978,-0.158126,19.6289,0.0179612,-0.00508766,-4.93267e-05
8.69875,0.000176631,17.4978,-0.158126,19.6289,0.0179612,-0.00508766,-4.93267e-05
8.69972,0.000175067,17.4977,-0.158127,19.6289,0.0179623,-0.00507928,-4.98249e-05
8.70068,0.000172417,17.4978,-0.158129,19.6289,0.0179598,-0.00509683,-4.99734e-05
8.70171,0.000173746,17.4978,-0.158128,19.6289,0.017961,-0.00508822,-4.98986e-05
8.7027,0.000177968,17.4978,-0.158124,19.6289,0.0179623,-0.0050798,-4.92514e-05
8.70367,0.000175314,17.4978,-0.158125,19.6289,0.0179598,-0.00509732,-4.94005e-05
8.70469,0.000176635,17.4978,-0.158124,19.6289,0.0179611,-0.00508871,-4.93266e-05
8.70573,0.000175069,17.4978,-0.158126,19.6289,0.0179622,-0.00508032,-4.98247e-05
8.70667,0.000172415,17.4978,-0.158127,19.6289,0.0179597,-0.00509785,-4.99737e-05
8.70773,0.000173744,17.4978,-0.158126,19.6289,0.017961,-0.00508924,-4.98988e-05
8.70874,0.000177968,17.4978,-0.158122,19.6289,0.0179622,-0.00508082,-4.92515e-05
8.70967,0.000175314,17.4978,-0.158124,19.6289,0.0179598,-0.00509835,-4.94006e-05
8.7107,0.000176635,17.4978,-0.158123,19.6289,0.017961,-0.00508974,-4.93266e-05
8.71175,0.000175069,17.4978,-0.158124,19.6289,0.0179621,-0.00508135,-4.98247e-05
8.71271,0.000172415,17.4978,-0.158125,19.6289,0.0179596,-0.00509888,-4.99737e-05
8.71371,0.000173744,17.4978,-0.158124,19.6289,0.0179609,-0.00509027,-4.98989e-05
8.71476,0.000176393,17.4977,-0.158122,19.6288,0.0179633,-0.00507306,-4.975e-05
8.71569,0.000173745,17.4978,-0.158124,19.6289,0.0179608,-0.00509061,-4.98984e-05
8.71672,0.0001711,17.4979,-0.158125,19.6289,0.0179583,-0.00510822,-5.00477e-05
8.71858,0.00017375,17.4978,-0.158123,19.6289,0.0179608,-0.005091,-4.98988e-05
8.71952,0.000171096,17.4979,-0.158125,19.6289,0.0179583,-0.00510849,-5.00469e-05
8.72065,0.000176395,17.4977,-0.15812,19.6288,0.0179632,-0.00507407,-4.97493e-05
8.72164,0.000173741,17.4978,-0.158122,19.6289,0.0179607,-0.00509163,-4.98991e-05
8.72233,0.000176391,17.4977,-0.15812,19.6288,0.0179632,-0.00507442,-4.97503e-05
