Timestamp,X_objerr,Y_objerr
0.00493177,0.002491,0.000580869,0
0.00550444,0.002491,0.000580869,0
0.00643431,0.00249099,0.000580871,0
0.00746145,0.00249098,0.000580871,0
0.00844063,0.00249095,0.000580884,0
0.00983154,0.00249097,0.000580873,0
0.013067,0.00249094,0.000580886,0
0.0137412,0.00249096,0.000580877,0
0.0161539,0.00249095,0.000580877,0
0.0163863,0.00249091,0.000580891,0
0.0174229,0.00249091,0.000580891,0
0.0185067,0.0024909,0.000580893,0
0.0193746,0.0024909,0.000580893,0
0.0205897,0.00249089,0.000580893,0
0.0215132,0.00249089,0.000580895,0
0.0225068,0.00249092,0.000580884,0
0.0235465,0.00249088,0.000580897,0
0.0244156,0.00249088,0.000580897,0
0.0254085,0.00249107,0.000580892,0
0.026411,0.00249106,0.000580894,0
0.0275249,0.00249105,0.000580894,0
0.0284295,0.00249105,0.000580896,0
0.0294412,0.00249105,0.000580896,0
0.0304254,0.00249104,0.000580897,0
0.0313902,0.00249106,0.000580886,0
0.0324075,0.00249103,0.000580899,0
0.0333855,0.00249102,0.000580899,0
0.0343879,0.00249105,0.00058089,0
0.03543,0.00249101,0.000580901,0
0.0363779,0.00249101,0.000580903,0
0.0374225,0.00249104,0.000580892,0
0.0383961,0.002491,0.000580905,0
0.0393944,0.002491,0.000580905,0
0.0404179,0.00249102,0.000580896,0
0.0413883,0.00249099,0.000580907,0
0.0424016,0.00249098,0.000580909,0
0.0435229,0.00249101,0.000580898,0
0.0444571,0.00249097,0.00058091,0
0.0453746,0.00249097,0.000580911,0
0.0465134,0.00249099,0.000580901,0
0.047431,0.00249096,0.000580912,0
0.0483778,0.00249095,0.000580914,0
0.0493854,0.00249098,0.000580903,0
0.0504394,0.00249094,0.000580916,0
0.0514405,0.00249094,0.000580916,0
0.0524487,0.00249097,0.000580907,0
0.0534586,0.00249096,0.000580907,0
0.0543816,0.00249093,0.00058092,0
0.0554827,0.00249095,0.000580909,0
0.0564196,0.00249095,0.00058091,0
0.0574434,0.00249095,0.00058091,0
0.0584034,0.00249094,0.000580912,0
0.059406,0.00249093,0.000580912,0
0.0604231,0.0024909,0.000580925,0
0.0613902,0.00249092,0.000580914,0
0.0624467,0.00249092,0.000580916,0
0.0634414,0.00249088,0.000580927,0
0.0644422,0.00249088,0.000580929,0
0.0653782,0.0024909,0.000580918,0
0.0664407,0.00249087,0.000580931,0
0.0676191,0.00249086,0.000580931,0
0.0686839,0.00249086,0.000580931,0
0.0694862,0.00249085,0.000580933,0
0.0707973,0.00249085,0.000580933,0
0.0713878,0.00249084,0.000580935,0
0.0724291,0.00249084,0.000580936,0
0.0734555,0.00249084,0.000580936,0
0.0743766,0.00249086,0.000580927,0
0.0754866,0.00249083,0.000580938,0
0.0764491,0.00249082,0.00058094,0
0.0774666,0.00249085,0.000580929,0
0.078368,0.00249081,0.000580942,0
0.0794122,0.00249081,0.000580942,0
0.0808406,0.00249083,0.000580933,0
0.0814253,0.00249083,0.000580933,0
0.0825729,0.00249079,0.000580946,0
0.0836169,0.00249079,0.000580946,0
0.0844405,0.00249082,0.000580935,0
0.0856144,0.00249081,0.000580936,0
0.0865138,0.00249077,0.000580949,0
0.0874376,0.00249077,0.000580949,0
0.0884431,0.00249077,0.000580949,0
0.0898059,0.00249077,0.000580949,0
0.0904768,0.00249076,0.000580951,0
0.0914961,0.00249076,0.000580953,0
0.0923936,0.00249075,0.000580955,0
0.0936915,0.00249075,0.000580955,0
0.0945137,0.00249074,0.000580955,0
0.0956778,0.00249074,0.000580957,0
0.09636,0.00249073,0.000580957,0
0.0974164,0.00249076,0.000580947,0
0.0984687,0.00249072,0.000580959,0
0.0994368,0.00249069,0.000580971,0
0.100508,0.00249071,0.000580961,0
0.101461,0.00249071,0.000580962,0
0.102415,0.0024907,0.000580962,0
0.103478,0.0024907,0.000580964,0
0.104393,0.00249069,0.000580964,0
0.106101,0.00249046,0.000580984,0
0.106517,0.00249049,0.000580973,0
0.107726,0.00249048,0.000580975,0
0.108565,0.00249048,0.000580975,0
0.109511,0.00249048,0.000580977,0
0.110437,0.00249047,0.000580977,0
0.111451,0.0024905,0.000580967,0
0.112684,0.00249046,0.000580979,0
0.113586,0.00249046,0.00058098,0
0.114733,0.00249042,0.000580991,0
0.11583,0.00249048,0.000580971,0
0.116571,0.00249044,0.000580982,0
0.117538,0.00249044,0.000580984,0
0.118919,0.00249043,0.000580984,0
0.119493,0.00249046,0.000580975,0
0.120899,0.00249045,0.000580975,0
0.121714,0.00249045,0.000580977,0
0.122467,0.00249044,0.000580977,0
0.123426,0.00249044,0.000580978,0
0.124423,0.0024904,0.00058099,0
0.125377,0.00249043,0.00058098,0
0.126445,0.00249043,0.00058098,0
0.127409,0.00249042,0.000580982,0
0.128369,0.00249039,0.000580993,0
0.129444,0.00249041,0.000580984,0
0.130407,0.00249041,0.000580984,0
0.131474,0.00249037,0.000580997,0
0.132625,0.0024904,0.000580986,0
0.133426,0.00249039,0.000580988,0
0.134457,0.00249039,0.000580988,0
0.135437,0.00249038,0.00058099,0
0.136432,0.00249038,0.00058099,0
0.137419,0.00249037,0.000580991,0
0.138424,0.00249034,0.000581003,0
0.139387,0.00249036,0.000580993,0
0.140471,0.00249036,0.000580993,0
0.141426,0.00249036,0.000580995,0
0.142574,0.00249032,0.000581006,0
0.143421,0.00249035,0.000580997,0
0.144448,0.00249034,0.000580997,0
0.145399,0.00249034,0.000580999,0
0.146412,0.0024903,0.00058101,0
0.147398,0.00249033,0.000581001,0
0.148426,0.00249032,0.000581001,0
0.149412,0.00249032,0.000581003,0
0.150557,0.00249028,0.000581014,0
0.151596,0.00249031,0.000581004,0
0.152782,0.00249031,0.000581004,0
0.153582,0.00249027,0.000581016,0
0.154668,0.00249027,0.000581017,0
0.155654,0.00249029,0.000581006,0
0.156422,0.00249029,0.000581008,0
0.157439,0.00249029,0.000581008,0
0.158529,0.00249028,0.000581008,0
0.159471,0.00249024,0.000581021,0
0.160472,0.00249024,0.000581021,0
0.161414,0.00249027,0.000581012,0
0.162373,0.0024903,0.000581001,0
0.163438,0.00249026,0.000581014,0
0.164411,0.00249026,0.000581014,0
0.165429,0.00249026,0.000581014,0
0.166383,0.00249025,0.000581015,0
0.167522,0.00249025,0.000581016,0
0.168434,0.00249024,0.000581017,0
0.169411,0.00249024,0.000581017,0
0.170433,0.00249023,0.000581019,0
0.171398,0.00249023,0.000581019,0
0.172383,0.0024902,0.00058103,0
0.173422,0.00249022,0.000581021,0
0.174364,0.00249022,0.000581021,0
0.17544,0.00249021,0.000581023,0
0.176398,0.00249021,0.000581023,0
0.177417,0.0024902,0.000581025,0
0.178464,0.00249017,0.000581036,0
0.179376,0.0024902,0.000581027,0
0.180442,0.00249019,0.000581027,0
0.181614,0.00249019,0.000581028,0
0.182423,0.00249019,0.000581028,0
0.183438,0.00249015,0.000581041,0
0.184432,0.00249014,0.000581042,0
0.185501,0.00249017,0.000581032,0
0.186424,0.00249016,0.000581032,0
0.187398,0.00249013,0.000581045,0
0.188399,0.00249015,0.000581034,0
0.189428,0.00249015,0.000581036,0
0.190425,0.00249011,0.000581047,0
0.191426,0.00249014,0.000581038,0
0.192441,0.00249013,0.000581038,0
0.193428,0.00249013,0.00058104,0
0.194428,0.00249009,0.000581051,0
0.195374,0.00249012,0.000581041,0
0.196603,0.00249011,0.000581042,0
0.197411,0.00249011,0.000581043,0
0.198436,0.00249011,0.000581043,0
0.199373,0.0024901,0.000581045,0
0.200394,0.0024901,0.000581045,0
0.201426,0.00249006,0.000581058,0
0.20242,0.00249009,0.000581047,0
0.203516,0.00249008,0.000581049,0
0.204392,0.00249005,0.00058106,0
0.205472,0.00249007,0.000581051,0
0.206425,0.00249004,0.000581062,0
0.207428,0.00249003,0.000581064,0
0.208423,0.00249006,0.000581053,0
0.209427,0.00249005,0.000581054,0
0.210532,0.00249002,0.000581066,0
0.211386,0.00249001,0.000581067,0
0.21264,0.00249004,0.000581056,0
0.213383,0.00249,0.000581069,0
0.214398,0.00249003,0.000581058,0
0.215451,0.00249003,0.00058106,0
0.216402,0.00248999,0.000581071,0
0.217427,0.00248999,0.000581073,0
0.218485,0.00249001,0.000581062,0
0.219432,0.00249001,0.000581064,0
0.220463,0.00248997,0.000581075,0
0.221416,0.00248997,0.000581075,0
0.222439,0.00248996,0.000581077,0
0.223421,0.00248996,0.000581078,0
0.224428,0.00248998,0.000581068,0
0.225422,0.00249017,0.000581062,0
0.226374,0.00249014,0.000581074,0
0.22744,0.00249016,0.000581064,0
0.228434,0.00249016,0.000581064,0
0.229466,0.00249012,0.000581077,0
0.230434,0.00249015,0.000581066,0
0.231378,0.00249014,0.000581068,0
0.23243,0.00249011,0.000581079,0
0.233389,0.00249014,0.00058107,0
0.234432,0.00249013,0.00058107,0
0.235445,0.0024901,0.000581083,0
0.236435,0.00249009,0.000581083,0
0.23744,0.00249012,0.000581073,0
0.238364,0.00249008,0.000581085,0
0.239467,0.00249008,0.000581086,0
0.240431,0.0024901,0.000581075,0
0.24143,0.00249007,0.000581088,0
0.242443,0.00249006,0.000581088,0
0.24342,0.00249009,0.000581079,0
0.244434,0.00249005,0.00058109,0
0.245415,0.00249005,0.000581092,0
0.246415,0.00249007,0.000581081,0
0.247479,0.00249007,0.000581081,0
0.248434,0.00249003,0.000581094,0
0.249432,0.00249006,0.000581085,0
0.250413,0.00249006,0.000581085,0
0.251374,0.00249006,0.000581085,0
0.252494,0.00249005,0.000581087,0
0.253459,0.00249004,0.000581088,0
0.254422,0.00249001,0.0005811,0
0.255369,0.00249003,0.00058109,0
0.256548,0.00249003,0.00058109,0
0.257426,0.00248999,0.000581103,0
0.258428,0.00248999,0.000581103,0
0.259569,0.00249001,0.000581094,0
0.260623,0.00248998,0.000581105,0
0.261368,0.00248997,0.000581107,0
0.262407,0.00248997,0.000581107,0
0.263508,0.00248996,0.000581109,0
0.264491,0.00248999,0.000581098,0
0.265837,0.00248995,0.00058111,0
0.266448,0.00248998,0.0005811,0
0.267381,0.00248998,0.000581101,0
0.268498,0.00248998,0.000581101,0
0.269658,0.00248994,0.000581113,0
0.270478,0.00248997,0.000581103,0
0.27139,0.00248993,0.000581116,0
0.272426,0.00248993,0.000581116,0
0.273392,0.00248992,0.000581118,0
0.27451,0.00248994,0.000581107,0
0.275597,0.00248994,0.000581109,0
0.276436,0.0024899,0.00058112,0
0.277878,0.00248993,0.000581111,0
0.278445,0.00248989,0.000581122,0
0.279548,0.00248989,0.000581122,0
0.280472,0.00248989,0.000581123,0
0.281584,0.00248988,0.000581124,0
0.282619,0.00248988,0.000581125,0
0.283809,0.00248987,0.000581127,0
0.284406,0.00248987,0.000581127,0
0.285593,0.00248986,0.000581127,0
0.286433,0.00248986,0.000581129,0
0.28754,0.00248985,0.000581129,0
0.288456,0.00248985,0.000581131,0
0.289406,0.00248985,0.000581131,0
0.29062,0.0024899,0.000581111,0
0.291441,0.00248987,0.000581122,0
0.292575,0.00248983,0.000581135,0
0.293472,0.00248983,0.000581135,0
0.294408,0.00248982,0.000581136,0
0.295887,0.00248982,0.000581137,0
0.296391,0.00248981,0.000581138,0
0.297514,0.00248981,0.000581138,0
0.298517,0.0024898,0.00058114,0
0.299493,0.0024898,0.00058114,0
0.300573,0.00248976,0.000581153,0
0.301488,0.00248979,0.000581142,0
0.302583,0.00248978,0.000581144,0
0.303417,0.00248978,0.000581144,0
0.304405,0.00248977,0.000581146,0
0.305421,0.00249005,0.00058114,0
0.30663,0.00249002,0.000581153,0
0.307428,0.00249001,0.000581153,0
0.308514,0.00249001,0.000581155,0
0.309401,0.00249001,0.000581155,0
0.310528,0.00249001,0.000581155,0
0.311379,0.00249006,0.000581135,0
0.312441,0.00248999,0.000581159,0
0.31345,0.00248999,0.000581159,0
0.314369,0.00248998,0.00058116,0
0.315396,0.00248995,0.000581172,0
0.316437,0.00248997,0.000581162,0
0.317404,0.00248994,0.000581173,0
0.318447,0.00248999,0.000581153,0
0.319451,0.00248996,0.000581164,0
0.320376,0.00248998,0.000581155,0
0.321476,0.00248995,0.000581166,0
0.322447,0.00248997,0.000581157,0
0.323429,0.00248997,0.000581157,0
0.324483,0.00248993,0.00058117,0
0.325734,0.00248996,0.000581159,0
0.326415,0.00248996,0.000581159,0
0.32745,0.00248996,0.000581159,0
0.328496,0.00248992,0.000581172,0
0.329439,0.00248994,0.000581162,0
0.330473,0.00248991,0.000581175,0
0.331426,0.00248991,0.000581175,0
0.332475,0.0024899,0.000581175,0
0.33358,0.00248996,0.000581155,0
0.335112,0.00248992,0.000581166,0
0.335485,0.00248989,0.000581179,0
0.336519,0.00248988,0.000581179,0
0.337453,0.00248988,0.000581181,0
0.338632,0.00248987,0.000581181,0
0.339501,0.00248987,0.000581183,0
0.340617,0.00248989,0.000581172,0
0.341506,0.00248986,0.000581185,0
0.342437,0.00248985,0.000581185,0
0.343437,0.00248985,0.000581186,0
0.344465,0.00248984,0.000581187,0
0.345818,0.00248984,0.000581188,0
0.346447,0.00248984,0.000581188,0
0.347428,0.00248983,0.00058119,0
0.348423,0.00248983,0.00058119,0
0.349504,0.00248982,0.000581192,0
0.350585,0.00248982,0.000581192,0
0.351395,0.00248981,0.000581194,0
0.352625,0.00248981,0.000581194,0
0.353459,0.00248983,0.000581185,0
0.354482,0.0024898,0.000581196,0
0.356137,0.00248982,0.000581186,0
0.356422,0.00248982,0.000581187,0
0.357432,0.00248981,0.000581188,0
0.358553,0.00248981,0.000581188,0
0.359602,0.0024898,0.00058119,0
0.360672,0.0024898,0.00058119,0
0.361456,0.0024898,0.000581192,0
0.362395,0.00248979,0.000581192,0
0.363489,0.00248976,0.000581205,0
0.36474,0.00248976,0.000581205,0
0.365465,0.00248933,0.000581195,0
0.366517,0.00248932,0.000581197,0
0.36752,0.00248932,0.000581199,0
0.36836,0.00248931,0.000581199,0
0.369398,0.00248931,0.000581201,0
0.370462,0.00248927,0.000581212,0
0.371421,0.0024893,0.000581203,0
0.372534,0.00248929,0.000581203,0
0.373421,0.00248926,0.000581216,0
0.374376,0.00248929,0.000581205,0
0.375398,0.00248929,0.000581205,0
0.376441,0.00248924,0.000581218,0
0.377356,0.00248927,0.000581208,0
0.378461,0.00248927,0.000581208,0
0.379429,0.00248923,0.000581221,0
0.380367,0.00248926,0.00058121,0
0.381429,0.00248925,0.000581212,0
0.38242,0.00248925,0.000581212,0
0.383372,0.00248924,0.000581214,0
0.384386,0.00248924,0.000581214,0
0.385473,0.0024892,0.000581227,0
0.386434,0.00248923,0.000581216,0
0.387367,0.00248922,0.000581217,0
0.388364,0.00248922,0.000581218,0
0.389398,0.00248921,0.000581219,0
0.390471,0.00248921,0.000581219,0
0.391396,0.0024892,0.000581221,0
0.392434,0.0024892,0.000581221,0
0.393361,0.0024892,0.000581223,0
0.394364,0.00248919,0.000581223,0
0.395395,0.00248919,0.000581225,0
0.396377,0.00248918,0.000581225,0
0.397397,0.00248918,0.000581227,0
0.398434,0.00248917,0.000581227,0
0.399444,0.00248917,0.000581229,0
0.400424,0.00248916,0.000581229,0
0.401577,0.00248916,0.00058123,0
0.402405,0.00248912,0.000581242,0
0.403374,0.00248915,0.000581232,0
0.40441,0.00248914,0.000581232,0
0.405421,0.00248914,0.000581234,0
0.406422,0.00248913,0.000581234,0
0.40742,0.00248913,0.000581236,0
0.408428,0.00248909,0.000581247,0
0.409365,0.00248912,0.000581238,0
0.410498,0.00248912,0.000581238,0
0.411434,0.00248911,0.00058124,0
0.412421,0.00248911,0.00058124,0
0.413433,0.0024891,0.000581242,0
0.414373,0.0024891,0.000581242,0
0.415425,0.00248909,0.000581243,0
0.416413,0.00248909,0.000581244,0
0.417355,0.00248908,0.000581245,0
0.418537,0.00248908,0.000581245,0
0.41949,0.00248907,0.000581247,0
0.420494,0.00248904,0.000581258,0
0.421415,0.00248904,0.000581258,0
0.422438,0.00248909,0.000581238,0
0.42372,0.00248906,0.000581249,0
0.424653,0.00248905,0.000581251,0
0.425813,0.00248901,0.000581264,0
0.426429,0.00248612,0.000581602,0
0.427578,0.00248028,0.000582232,0
0.428413,0.002475,0.000582797,0
0.429436,0.00247994,0.000582444,0
0.430438,0.00246552,0.000583851,0
0.431435,0.00246552,0.000583851,0
0.432629,0.00247534,0.000583232,0
0.433629,0.00247357,0.000583517,0
0.434695,0.00244783,0.000585874,0
0.435449,0.00241928,0.00058844,0
0.436464,0.00246657,0.000584525,0
0.437455,0.00246657,0.000584525,0
0.438466,0.00246415,0.000584905,0
0.439405,0.00242455,0.000588438,0
0.440453,0.00242029,0.000588934,0
0.441659,0.00241615,0.000589429,0
0.442451,0.00241615,0.000589429,0
0.44348,0.00245102,0.000587385,0
0.444485,0.00240456,0.000590935,0
0.445428,0.00240456,0.000590935,0
0.446552,0.00244503,0.000588858,0
0.44742,0.00239382,0.00059249,0
0.448765,0.00239042,0.000593014,0
0.449475,0.0024393,0.000590484,0
0.450433,0.0024393,0.000590484,0
0.451469,0.00238064,0.000594615,0
0.452461,0.00238064,0.000594615,0
0.453484,0.0024338,0.000592266,0
0.45445,0.00243021,0.000593543,0
0.455431,0.00243021,0.000593543,0
0.456406,0.00242667,0.000594903,0
0.457407,0.00236268,0.000598023,0
0.458428,0.00235987,0.000598635,0
0.459508,0.00242143,0.000597094,0
0.460534,0.00235432,0.000599882,0
0.461446,0.00235432,0.000599882,0
0.462389,0.00241798,0.000598645,0
0.463448,0.00234892,0.000601168,0
0.464493,0.00241451,0.000600267,0
0.465476,0.00234362,0.000602493,0
0.466385,0.00234103,0.000603175,0
0.467455,0.00240932,0.000602844,0
0.468383,0.0023333,0.000605295,0
0.469425,0.0023333,0.000605295,0
0.470519,0.00233079,0.000606037,0
0.471438,0.0023283,0.000606789,0
0.472443,0.00232582,0.000607553,0
0.473592,0.00232336,0.000608327,0
0.474466,0.00232091,0.000609114,0
0.475482,0.00231848,0.000609911,0
0.47646,0.00231605,0.000610721,0
0.477543,0.00231364,0.000611541,0
0.478638,0.00231124,0.000612374,0
0.479525,0.00230884,0.000613217,0
0.48042,0.00230645,0.000614073,0
0.481373,0.00230408,0.000614949,0
0.482383,0.00238299,0.000618146,0
0.483415,0.0022994,0.00061676,0
0.484455,0.00229708,0.000617686,0
0.485805,0.00237759,0.000621663,0
0.486502,0.00229242,0.000619563,0
0.487489,0.00229011,0.00062052,0
0.488499,0.00228778,0.000621483,0
0.489508,0.00228545,0.000622455,0
0.490408,0.00228313,0.000623439,0
0.491441,0.00228081,0.000624433,0
0.492561,0.00236469,0.000630345,0
0.493439,0.00227618,0.000626461,0
0.494477,0.00227388,0.000627507,0
0.495387,0.00227388,0.000627507,0
0.49644,0.00226929,0.000629626,0
0.497359,0.00226699,0.000630699,0
0.498466,0.00226469,0.000631783,0
0.499406,0.00226239,0.000632875,0
0.500438,0.00234949,0.000641091,0
0.501468,0.00225779,0.000635088,0
0.502431,0.00225549,0.000636208,0
0.503471,0.00225319,0.000637336,0
0.504619,0.00225088,0.000638475,0
0.505424,0.00224858,0.00063962,0
0.506789,0.00224628,0.000640786,0
0.50743,0.00224399,0.000641968,0
0.508456,0.00224171,0.00064316,0
0.509455,0.00233182,0.000654041,0
0.510529,0.00223712,0.000645566,0
0.511441,0.00223483,0.00064678,0
0.512451,0.00223253,0.000648003,0
0.513368,0.00223024,0.000649231,0
0.514423,0.00222794,0.000650469,0
0.51536,0.00222563,0.000651712,0
0.516372,0.00222333,0.000652964,0
0.517425,0.00212664,0.000642513,0
0.518628,0.00221871,0.000655498,0
0.51949,0.00221641,0.000656783,0
0.520412,0.00221412,0.000658082,0
0.521428,0.00211642,0.000646519,0
0.522424,0.00220952,0.000660693,0
0.523372,0.00220721,0.000662003,0
0.524461,0.00220491,0.000663327,0
0.52538,0.00229918,0.000678948,0
0.526418,0.0022003,0.000665993,0
0.527426,0.002198,0.000667334,0
0.528442,0.002198,0.000667334,0
0.529379,0.00219338,0.000670033,0
0.530521,0.00228871,0.000687126,0
0.531416,0.00228661,0.000688778,0
0.532384,0.0022845,0.000690446,0
0.533385,0.0022824,0.000692118,0
0.53442,0.00228029,0.000693796,0
0.53536,0.00217957,0.000678323,0
0.536456,0.00227607,0.000697167,0
0.537422,0.00227394,0.000698853,0
0.538511,0.00227182,0.00070055,0
0.539356,0.00226969,0.000702252,0
0.540386,0.00216805,0.000685384,0
0.541381,0.00226543,0.000705669,0
0.542373,0.00226329,0.000707387,0
0.543445,0.00226117,0.000709113,0
0.544409,0.00225904,0.000710846,0
0.54542,0.0022569,0.000712582,0
0.546402,0.00225477,0.000714323,0
0.54749,0.00225263,0.000716064,0
0.548384,0.00225049,0.00071781,0
0.549432,0.00224835,0.000719558,0
0.550423,0.00214512,0.000699957,0
0.551457,0.00224405,0.000723065,0
0.552431,0.00224191,0.000724827,0
0.553386,0.00223976,0.000726589,0
0.554385,0.0022376,0.000728355,0
0.555471,0.00223545,0.000730126,0
0.556442,0.00223331,0.000731908,0
0.557384,0.00223116,0.000733692,0
0.558401,0.00212683,0.000711929,0
0.559423,0.00222687,0.000737272,0
0.560419,0.00222472,0.000739065,0
0.561508,0.00222472,0.000739065,0
0.562626,0.00212001,0.000716507,0
0.563452,0.00211773,0.00071803,0
0.564445,0.00221826,0.000744455,0
0.56539,0.00211395,0.000721249,0
0.566358,0.00211168,0.000722788,0
0.567545,0.00221258,0.000750032,0
0.56844,0.00210485,0.000727417,0
0.569517,0.00210485,0.000727417,0
0.570499,0.00210258,0.000728968,0
0.571359,0.00220181,0.000759115,0
0.572433,0.00220181,0.000759115,0
0.573405,0.00219967,0.000760947,0
0.574452,0.00209353,0.000735214,0
0.575415,0.00209127,0.000736778,0
0.57639,0.00219321,0.000766435,0
0.577436,0.0021889,0.000770104,0
0.57844,0.0021889,0.000770104,0
0.579399,0.00218676,0.000771949,0
0.58041,0.00207997,0.000744643,0
0.58137,0.00207773,0.000746229,0
0.582455,0.00218033,0.000777491,0
0.583437,0.00207326,0.000749433,0
0.584447,0.00207104,0.000751041,0
0.585438,0.0020688,0.000752645,0
0.586427,0.00206657,0.000754248,0
0.587543,0.00206434,0.000755855,0
0.588447,0.00216752,0.000788649,0
0.589457,0.00205989,0.000759078,0
0.590498,0.00205767,0.000760695,0
0.591389,0.00216113,0.000794252,0
0.592441,0.00205322,0.000763924,0
0.5934,0.00205101,0.000765551,0
0.594509,0.00204881,0.000767186,0
0.595447,0.00204661,0.000768824,0
0.596414,0.00204441,0.000770462,0
0.597438,0.00214842,0.000805531,0
0.598615,0.00204002,0.000773748,0
0.599408,0.00203784,0.000775398,0
0.600429,0.0021421,0.000811197,0
0.601455,0.00203345,0.000778684,0
0.602379,0.00203126,0.000780329,0
0.603496,0.00202908,0.000781975,0
0.604522,0.0020269,0.000783631,0
0.605384,0.00202473,0.000785299,0
0.606483,0.00202257,0.000786967,0
0.607563,0.00202041,0.000788637,0
0.608445,0.00201825,0.000790306,0
0.609414,0.00201609,0.000791977,0
0.610428,0.00201394,0.000793648,0
0.611478,0.00201178,0.000795321,0
0.612391,0.00200963,0.000796993,0
0.613459,0.00200748,0.000798667,0
0.614561,0.00211284,0.000837828,0
0.615454,0.00200319,0.000802024,0
0.616701,0.00200106,0.000803717,0
0.617423,0.00199894,0.000805413,0
0.618554,0.00199682,0.00080711,0
0.619641,0.00199682,0.00080711,0
0.620409,0.00199258,0.000810504,0
0.621381,0.00199046,0.000812202,0
0.622702,0.00198835,0.000813902,0
0.623523,0.00198624,0.000815604,0
0.624529,0.00198413,0.000817303,0
0.625455,0.00198202,0.000819003,0
0.626587,0.00197992,0.000820712,0
0.627422,0.00197784,0.000822432,0
0.628406,0.00197576,0.000824151,0
0.629536,0.00197368,0.000825872,0
0.630429,0.0019716,0.000827592,0
0.631472,0.00196952,0.000829313,0
0.632449,0.00196745,0.000831034,0
0.633481,0.00196537,0.000832755,0
0.634458,0.0019633,0.000834476,0
0.635414,0.00196124,0.000836198,0
0.636519,0.00195917,0.00083792,0
0.637458,0.00195712,0.000839652,0
0.638505,0.00195507,0.000841393,0
0.639441,0.00195303,0.000843135,0
0.640492,0.001951,0.000844876,0
0.641403,0.00194896,0.000846618,0
0.642471,0.00194693,0.000848359,0
0.643459,0.0019449,0.000850102,0
0.644452,0.00194287,0.000851843,0
0.645359,0.00193077,0.000853091,0
0.646454,0.00192874,0.000854832,0
0.647448,0.00192672,0.000856575,0
0.648442,0.0019247,0.000858316,0
0.649439,0.00192268,0.000860059,0
0.650393,0.00192068,0.000861811,0
0.651536,0.00191868,0.000863573,0
0.652477,0.00191669,0.000865335,0
0.653455,0.00191471,0.000867097,0
0.654381,0.00191272,0.000868858,0
0.655374,0.00191074,0.000870621,0
0.656453,0.00190876,0.000872382,0
0.657471,0.00190678,0.000874144,0
0.65837,0.0019048,0.000875905,0
0.659463,0.00190283,0.000877667,0
0.660404,0.00190086,0.000879428,0
0.661556,0.00189889,0.00088119,0
0.662374,0.00189693,0.000882951,0
0.663449,0.00189497,0.000884723,0
0.664507,0.00189303,0.000886504,0
0.665439,0.0018911,0.000888285,0
0.666421,0.00188916,0.000890066,0
0.667503,0.00188723,0.000891847,0
0.668368,0.00199582,0.000942513,0
0.669431,0.00188338,0.000895414,0
0.670369,0.00188146,0.000897202,0
0.671506,0.00187954,0.000898981,0
0.672465,0.00187762,0.000900762,0
0.673454,0.0018757,0.00090254,0
0.674361,0.00187379,0.00090432,0
0.67538,0.00187188,0.000906099,0
0.6764,0.00186998,0.000907889,0
0.677588,0.00186809,0.000909687,0
0.678387,0.00186621,0.000911485,0
0.67936,0.00186433,0.000913283,0
0.68037,0.0019735,0.000966242,0
0.681389,0.00186057,0.000916879,0
0.682405,0.0018587,0.000918676,0
0.683404,0.00185683,0.000920473,0
0.684402,0.00185496,0.00092227,0
0.685376,0.0018531,0.000924067,0
0.686411,0.00185124,0.000925864,0
0.687523,0.00184938,0.00092766,0
0.688412,0.00184753,0.000929466,0
0.689426,0.00195713,0.000984099,0
0.690424,0.00184387,0.000933097,0
0.691422,0.00184204,0.000934911,0
0.692496,0.00184021,0.000936726,0
0.693399,0.00183839,0.000938539,0
0.694433,0.001725,0.000886804,0
0.695456,0.0019464,0.000996038,0
0.69642,0.00194461,0.000998023,0
0.697361,0.0018311,0.000945772,0
0.698432,0.00182931,0.000947605,0
0.699418,0.00182753,0.000949436,0
0.700371,0.00182574,0.000951267,0
0.701375,0.00182396,0.000953097,0
0.702425,0.00193409,0.00101002,0
0.703462,0.00182041,0.000956756,0
0.704369,0.00182041,0.000956756,0
0.705505,0.00193071,0.00101611,0
0.706423,0.00192898,0.00101811,0
0.707477,0.00192725,0.00102011,0
0.708412,0.00192552,0.00102211,0
0.709445,0.00181165,0.000967821,0
0.710882,0.00181165,0.000967821,0
0.711437,0.00192038,0.00102812,0
0.712443,0.00180644,0.000973347,0
0.71341,0.00180644,0.000973347,0
0.714426,0.00180298,0.000977033,0
0.715446,0.00180126,0.000978875,0
0.716445,0.00179953,0.000980718,0
0.717409,0.00179782,0.000982559,0
0.718419,0.0017961,0.0009844,0
0.719445,0.00179439,0.00098624,0
0.720737,0.00179268,0.000988081,0
0.721397,0.00179097,0.00098992,0
0.722418,0.00167675,0.000933491,0
0.723441,0.00178757,0.000993601,0
0.724367,0.00178588,0.000995452,0
0.72543,0.00189687,0.0010562,0
0.726441,0.00178253,0.000999166,0
0.727432,0.00178087,0.00100102,0
0.728438,0.00189194,0.00106223,0
0.72947,0.0018903,0.00106424,0
0.730429,0.00177587,0.00100659,0
0.731562,0.00177421,0.00100844,0
0.732466,0.00177256,0.0010103,0
0.73352,0.00177091,0.00101215,0
0.73447,0.00188218,0.00107429,0
0.735502,0.00188218,0.00107429,0
0.736427,0.00187896,0.00107832,0
0.737445,0.00176436,0.00101958,0
0.738408,0.00176436,0.00101958,0
0.739452,0.00187417,0.00108437,0
0.740397,0.00187258,0.00108639,0
0.741445,0.001871,0.0010884,0
0.742554,0.00186942,0.00109042,0
0.743423,0.00175468,0.00103078,0
0.744375,0.00186627,0.00109445,0
0.745427,0.0018647,0.00109647,0
0.746382,0.00186313,0.00109849,0
0.747393,0.00186158,0.00110051,0
0.748454,0.00186003,0.00110253,0
0.749458,0.00185848,0.00110456,0
0.75049,0.00185694,0.00110658,0
0.751454,0.0018554,0.0011086,0
0.752645,0.0018554,0.0011086,0
0.753599,0.00185386,0.00111062,0
0.754855,0.00173893,0.00104954,0
0.755492,0.00173737,0.0010514,0
0.756485,0.00173581,0.00105327,0
0.757623,0.00173273,0.00105703,0
0.758682,0.00173273,0.00105703,0
0.759524,0.00173121,0.00105893,0
0.760579,0.00172969,0.00106082,0
0.761636,0.00184172,0.00112681,0
0.762412,0.00183875,0.00113088,0
0.763387,0.00172368,0.00106843,0
0.764386,0.00172218,0.00107032,0
0.765356,0.00173465,0.00107244,0
0.766457,0.00173465,0.00107244,0
0.767805,0.00184532,0.00114124,0
0.768399,0.00173017,0.0010781,0
0.769472,0.00173017,0.0010781,0
0.770552,0.00172869,0.00108,0
0.771429,0.00172576,0.00108382,0
0.772768,0.00172431,0.00108572,0
0.773488,0.0018366,0.00115343,0
0.774479,0.00172139,0.00108953,0
0.77543,0.00183373,0.00115751,0
0.776394,0.00171851,0.00109335,0
0.777428,0.00183087,0.00116157,0
0.778411,0.00182946,0.00116361,0
0.779421,0.00171422,0.00109909,0
0.780449,0.00171422,0.00109909,0
0.78145,0.0019405,0.00123447,0
0.782396,0.00170998,0.00110483,0
0.783425,0.00182243,0.00117379,0
0.78439,0.00170716,0.00110866,0
0.785431,0.00181965,0.00117787,0
0.78643,0.00181826,0.0011799,0
0.78744,0.00170297,0.00111441,0
0.788441,0.0018155,0.00118397,0
0.789453,0.00170019,0.00111823,0
0.790378,0.00181275,0.00118804,0
0.791389,0.00181275,0.00118804,0
0.79244,0.00181139,0.00119008,0
0.793385,0.00181139,0.00119008,0
0.794465,0.00181003,0.00119212,0
0.79545,0.00180867,0.00119415,0
0.796427,0.00180731,0.00119618,0
0.797438,0.00180595,0.00119821,0
0.798435,0.00180459,0.00120023,0
0.799412,0.00180324,0.00120225,0
0.800431,0.00180189,0.00120427,0
0.801422,0.00168645,0.00113726,0
0.802449,0.00168509,0.00113915,0
0.80343,0.00156963,0.00107185,0
0.804377,0.00145416,0.00100439,0
0.805419,0.00168101,0.00114481,0
0.806379,0.00167967,0.0011467,0
0.80737,0.00179257,0.00121843,0
0.808449,0.00179126,0.00122045,0
0.809361,0.00178996,0.00122248,0
0.810475,0.00178866,0.00122451,0
0.811523,0.00178736,0.00122654,0
0.81243,0.00167176,0.00115814,0
0.813416,0.00178478,0.00123059,0
0.81437,0.0017835,0.00123263,0
0.815428,0.00178223,0.00123466,0
0.816436,0.00178096,0.0012367,0
0.817443,0.00177969,0.00123873,0
0.818457,0.00166406,0.00116964,0
0.819422,0.00166279,0.00117155,0
0.82045,0.00177592,0.00124483,0
0.821404,0.00177466,0.00124685,0
0.822464,0.00177466,0.00124685,0
0.823423,0.00165775,0.00117921,0
0.82454,0.00177095,0.00125296,0
0.825374,0.00176972,0.001255,0
0.826403,0.0017685,0.00125704,0
0.827427,0.00176728,0.00125908,0
0.82838,0.00176606,0.00126111,0
0.82938,0.00176484,0.00126315,0
0.830375,0.00176363,0.00126518,0
0.831424,0.00176243,0.00126722,0
0.832399,0.00176122,0.00126925,0
0.833427,0.00176003,0.00127128,0
0.834412,0.00175884,0.00127332,0
0.835429,0.00175765,0.00127536,0
0.836433,0.00175647,0.0012774,0
0.837428,0.00175529,0.00127944,0
0.838366,0.00175412,0.00128147,0
0.839368,0.00175295,0.00128351,0
0.840396,0.00175178,0.00128554,0
0.841443,0.00175062,0.00128758,0
0.842429,0.00174946,0.00128961,0
0.843365,0.0017483,0.00129164,0
0.844402,0.00174715,0.00129368,0
0.845428,0.00172299,0.00129605,0
0.846353,0.00172186,0.00129809,0
0.847414,0.00172072,0.00130013,0
0.848437,0.00171959,0.00130217,0
0.849416,0.00171847,0.0013042,0
0.850431,0.00171734,0.00130624,0
0.851424,0.00171623,0.00130827,0
0.852437,0.00171511,0.00131031,0
0.853385,0.001714,0.00131234,0
0.854394,0.00171289,0.00131438,0
0.855395,0.00171179,0.00131641,0
0.856427,0.00171069,0.00131844,0
0.857443,0.00170959,0.00132047,0
0.858432,0.0017085,0.0013225,0
0.859415,0.00170741,0.00132454,0
0.86043,0.00170634,0.00132658,0
0.861438,0.00170526,0.00132862,0
0.862444,0.00170419,0.00133065,0
0.863424,0.00170312,0.00133269,0
0.864383,0.00170206,0.00133472,0
0.865356,0.001701,0.00133675,0
0.866428,0.00169994,0.00133879,0
0.867416,0.00169889,0.00134082,0
0.868412,0.00169784,0.00134285,0
0.869389,0.0016968,0.00134488,0
0.870405,0.00169575,0.00134691,0
0.871447,0.00169472,0.00134893,0
0.872376,0.00169369,0.00135097,0
0.873424,0.00169267,0.00135301,0
0.874428,0.00169165,0.00135504,0
0.875416,0.00169063,0.00135707,0
0.876439,0.00168962,0.00135911,0
0.877406,0.00168861,0.00136114,0
0.878385,0.00168761,0.00136317,0
0.879545,0.00168661,0.0013652,0
0.880403,0.00157118,0.00128983,0
0.881375,0.00168461,0.00136925,0
0.882464,0.00168362,0.00137127,0
0.883422,0.00156822,0.00129562,0
0.884404,0.00168165,0.00137533,0
0.885438,0.00168068,0.00137736,0
0.8864,0.00156532,0.00130145,0
0.88742,0.00167874,0.00138142,0
0.888468,0.00167778,0.00138345,0
0.889435,0.00156246,0.00130728,0
0.890491,0.00167587,0.0013875,0
0.891462,0.00167492,0.00138953,0
0.892425,0.00155963,0.00131309,0
0.89342,0.00167302,0.00139357,0
0.894428,0.00167302,0.00139357,0
0.89544,0.00155683,0.00131891,0
0.896445,0.00167023,0.00139966,0
0.897416,0.00166931,0.00140169,0
0.898552,0.00155411,0.00132475,0
0.899637,0.00155411,0.00132475,0
0.900518,0.00166748,0.00140575,0
0.901374,0.00166567,0.0014098,0
0.902406,0.00155054,0.00133255,0
0.903471,0.00154965,0.00133449,0
0.904428,0.00166296,0.00141586,0
0.905415,0.00154889,0.00133826,0
0.906412,0.00154801,0.00134019,0
0.907434,0.00143296,0.00126248,0
0.908483,0.00166042,0.00142383,0
0.909573,0.00165955,0.00142586,0
0.910492,0.00165955,0.00142586,0
0.9116,0.00165869,0.00142789,0
0.912396,0.00154369,0.00134988,0
0.913377,0.00154284,0.00135182,0
0.914482,0.00154199,0.00135376,0
0.915502,0.00154115,0.00135569,0
0.916378,0.0015403,0.00135762,0
0.917428,0.0015403,0.00135762,0
0.918356,0.00165354,0.00143998,0
0.919413,0.00165269,0.00144199,0
0.920434,0.00165186,0.00144401,0
0.921447,0.00165102,0.00144602,0
0.92251,0.00165102,0.00144602,0
0.923403,0.00153616,0.00136728,0
0.924431,0.00153453,0.00137113,0
0.925433,0.0016477,0.00145405,0
0.926431,0.0016477,0.00145405,0
0.9274,0.00164688,0.00145605,0
0.928417,0.00164688,0.00145605,0
0.929457,0.00164607,0.00145806,0
0.930388,0.00164607,0.00145806,0
0.931467,0.00164525,0.00146005,0
0.932458,0.00153048,0.00138069,0
0.933468,0.00164363,0.00146403,0
0.934497,0.00164363,0.00146403,0
0.935519,0.00164282,0.00146603,0
0.936606,0.00164201,0.00146801,0
0.937463,0.00164121,0.00147,0
0.938463,0.00152645,0.00139015,0
0.939607,0.00152565,0.00139203,0
0.940439,0.00152485,0.0013939,0
0.941423,0.00152406,0.00139577,0
0.942505,0.00163724,0.00147989,0
0.943451,0.00152248,0.00139951,0
0.945048,0.0015217,0.00140139,0
0.945523,0.00152094,0.00140327,0
0.946407,0.00152018,0.00140516,0
0.947499,0.00151943,0.00140706,0
0.94847,0.00151869,0.00140895,0
0.949672,0.00151795,0.00141085,0
0.950506,0.00151721,0.00141274,0
0.95143,0.00151648,0.00141463,0
0.952358,0.00151576,0.00141653,0
0.953522,0.00151504,0.00141842,0
0.954474,0.00151432,0.00142032,0
0.955376,0.00151362,0.00142222,0
0.956441,0.00151292,0.00142413,0
0.957409,0.00151223,0.00142604,0
0.958433,0.00151155,0.00142795,0
0.959402,0.00151087,0.00142986,0
0.960438,0.00151087,0.00142986,0
0.961415,0.00150952,0.00143368,0
0.962403,0.00150885,0.00143559,0
0.963386,0.00150818,0.0014375,0
0.964411,0.00150752,0.0014394,0
0.965427,0.00162059,0.00152558,0
0.96643,0.00161992,0.00152757,0
0.96742,0.00150558,0.00144514,0
0.96842,0.00150495,0.00144707,0
0.969362,0.00161795,0.00153355,0
0.970423,0.00161729,0.00153553,0
0.971444,0.00161665,0.00153752,0
0.972811,0.00161665,0.00153752,0
0.973429,0.001616,0.00153951,0
0.974433,0.00161536,0.00154149,0
0.975429,0.00161536,0.00154149,0
0.976476,0.00161473,0.00154348,0
0.977581,0.00161473,0.00154348,0
0.978455,0.00161346,0.00154744,0
0.979491,0.00161283,0.00154942,0
0.980458,0.0016122,0.00155139,0
0.981528,0.00161158,0.00155337,0
0.982391,0.00161096,0.00155534,0
0.983509,0.00161096,0.00155534,0
0.984463,0.00161035,0.00155731,0
0.985429,0.00173157,0.00164521,0
0.986423,0.00161762,0.0015616,0
0.987394,0.00161762,0.0015616,0
0.988416,0.00150372,0.00147787,0
0.989366,0.00161642,0.00156553,0
0.990424,0.00161642,0.00156553,0
0.991398,0.00161582,0.0015675,0
0.992353,0.00161523,0.00156946,0
0.993428,0.00161463,0.00157141,0
0.994415,0.00161403,0.00157337,0
0.99544,0.00161345,0.00157532,0
0.996403,0.00161286,0.00157727,0
0.99744,0.00161228,0.00157922,0
0.998378,0.0016117,0.00158117,0
0.999386,0.00161113,0.00158313,0
1.0004,0.00161057,0.00158508,0
1.00139,0.00161001,0.00158704,0
1.00238,0.00161001,0.00158704,0
1.0035,0.00160946,0.001589,0
1.00442,0.00149585,0.00150407,0
1.00563,0.00149532,0.00150594,0
1.00638,0.00160782,0.00159486,0
1.00741,0.00160782,0.00159486,0
1.00844,0.00160728,0.00159681,0
1.00941,0.00160674,0.00159876,0
1.01041,0.0016062,0.0016007,0
1.01145,0.00160567,0.00160264,0
1.01243,0.00149223,0.00151711,0
1.01342,0.00160462,0.00160653,0
1.01458,0.00160411,0.00160848,0
1.01544,0.00149074,0.00152269,0
1.01641,0.00160308,0.00161236,0
1.01739,0.00160258,0.00161431,0
1.01842,0.0014893,0.00152827,0
1.0194,0.00148883,0.00153013,0
1.02043,0.00160109,0.00162013,0
1.02145,0.00160109,0.00162013,0
1.02261,0.00148789,0.00153385,0
1.02347,0.00148698,0.00153756,0
1.02443,0.00148653,0.00153942,0
1.02542,0.00159869,0.00162984,0
1.02641,0.00148566,0.00154317,0
1.02743,0.00148566,0.00154317,0
1.02849,0.00159731,0.00163567,0
1.02949,0.00159731,0.00163567,0
1.03047,0.0014844,0.0015488,0
1.03162,0.00159642,0.00163957,0
1.03249,0.00159599,0.00164152,0
1.03343,0.00148321,0.00155447,0
1.03451,0.0017074,0.00173451,0
1.03547,0.00148205,0.00156013,0
1.03642,0.00148205,0.00156013,0
1.03758,0.00159386,0.00165126,0
1.03886,0.00148092,0.00156578,0
1.03956,0.00148092,0.00156578,0
1.04063,0.00148055,0.00156766,0
1.04138,0.00148018,0.00156953,0
1.04251,0.00147982,0.00157141,0
1.04347,0.00147946,0.00157329,0
1.04446,0.00147911,0.00157517,0
1.04563,0.00159339,0.00166693,0
1.04647,0.00148121,0.00157911,0
1.04745,0.0013691,0.00149121,0
1.04838,0.00136883,0.00149306,0
1.04951,0.00148023,0.00158478,0
1.05058,0.00159151,0.00167663,0
1.05139,0.00147958,0.00158854,0
1.0525,0.00147926,0.00159042,0
1.05383,0.00147895,0.0015923,0
1.05459,0.00147864,0.00159417,0
1.05547,0.00158972,0.00168629,0
1.05675,0.00158937,0.00168822,0
1.05746,0.00158904,0.00169015,0
1.05842,0.0015887,0.00169208,0
1.05948,0.00147718,0.00160358,0
1.06046,0.00158804,0.00169594,0
1.06137,0.00158772,0.00169787,0
1.06245,0.0015874,0.0016998,0
1.0634,0.00158708,0.00170172,0
1.06444,0.00158676,0.00170365,0
1.06544,0.00158645,0.00170557,0
1.06657,0.00158615,0.00170749,0
1.06743,0.00158584,0.00170941,0
1.06846,0.00158584,0.00170941,0
1.06937,0.00158525,0.00171325,0
1.07048,0.00158496,0.00171517,0
1.07147,0.00158468,0.00171709,0
1.07256,0.0015844,0.00171901,0
1.07356,0.00158412,0.00172093,0
1.07439,0.00158384,0.00172284,0
1.0754,0.00147326,0.00163365,0
1.07647,0.00158331,0.00172667,0
1.07751,0.00158305,0.00172858,0
1.07837,0.00147265,0.00163928,0
1.07945,0.00158254,0.00173241,0
1.08048,0.00147227,0.00164304,0
1.08146,0.00147208,0.00164491,0
1.08243,0.00158179,0.00173813,0
1.08344,0.00147172,0.00164866,0
1.08437,0.00147155,0.00165053,0
1.08544,0.00158109,0.00174385,0
1.08644,0.00158109,0.00174385,0
1.08745,0.00147106,0.00165615,0
1.08855,0.00158042,0.00174955,0
1.08943,0.00147075,0.00165988,0
1.09044,0.00147075,0.00165988,0
1.09136,0.00157978,0.00175523,0
1.09238,0.0014703,0.00166545,0
1.09341,0.00147016,0.00166731,0
1.09474,0.00157917,0.00176089,0
1.09538,0.0014699,0.00167103,0
1.09643,0.00146978,0.00167289,0
1.09744,0.0015786,0.00176656,0
1.09841,0.00146954,0.0016766,0
1.09945,0.00157823,0.00177032,0
1.10044,0.00146932,0.00168031,0
1.10147,0.00146921,0.00168216,0
1.10245,0.00157771,0.00177595,0
1.10345,0.00157755,0.00177783,0
1.10438,0.00146891,0.00168769,0
1.10543,0.0015792,0.0017816,0
1.10656,0.00157905,0.00178347,0
1.10747,0.00147063,0.00169325,0
1.10876,0.00147055,0.0016951,0
1.10948,0.00157861,0.00178907,0
1.11044,0.00147041,0.00169878,0
1.11152,0.00147041,0.00169878,0
1.11237,0.0015782,0.00179466,0
1.11341,0.00147021,0.00170428,0
1.11445,0.00147016,0.00170612,0
1.11542,0.00157782,0.00180022,0
1.11643,0.00147005,0.00170976,0
1.11745,0.00147001,0.00171159,0
1.11839,0.00157748,0.00180577,0
1.11942,0.00146994,0.00171525,0
1.12043,0.00146991,0.00171708,0
1.12151,0.00157718,0.00181131,0
1.12244,0.00157709,0.00181316,0
1.1234,0.00146985,0.00172255,0
1.12446,0.00157691,0.00181684,0
1.12543,0.00146982,0.00172618,0
1.12645,0.00146981,0.001728,0
1.12737,0.00146981,0.001728,0
1.12844,0.0014698,0.0017316,0
1.12946,0.0014698,0.0017334,0
1.1305,0.00157644,0.0018278,0
1.13145,0.00146981,0.001737,0
1.13253,0.00146983,0.00173881,0
1.13342,0.00157627,0.00183328,0
1.13437,0.00146987,0.00174242,0
1.13545,0.0014699,0.00174422,0
1.13645,0.00157612,0.00183873,0
1.13745,0.00157608,0.00184054,0
1.13843,0.00147001,0.0017496,0
1.13944,0.00157601,0.00184416,0
1.14046,0.00147009,0.00175317,0
1.14142,0.00147014,0.00175495,0
1.14243,0.00157592,0.00184956,0
1.14341,0.00157592,0.00184956,0
1.14438,0.00157588,0.00185316,0
1.14542,0.00157587,0.00185496,0
1.14643,0.00147044,0.00176386,0
1.14745,0.00157586,0.00185855,0
1.14844,0.00157586,0.00186034,0
1.14943,0.00147068,0.00176919,0
1.15051,0.00157586,0.00186392,0
1.15139,0.00157587,0.0018657,0
1.15239,0.00147094,0.00177449,0
1.15342,0.0015759,0.00186926,0
1.15439,0.00157592,0.00187104,0
1.15537,0.00147124,0.00177979,0
1.15643,0.00157597,0.0018746,0
1.15742,0.001576,0.00187637,0
1.15855,0.00147158,0.00178508,0
1.15945,0.00157607,0.00187991,0
1.16039,0.00147182,0.00178858,0
1.1615,0.00147195,0.00179033,0
1.16241,0.00147195,0.00179033,0
1.16349,0.00157619,0.00188519,0
1.16483,0.00157629,0.0018887,0
1.16543,0.00147246,0.00179727,0
1.16637,0.0014726,0.00179899,0
1.1675,0.00157647,0.00189394,0
1.16845,0.00147289,0.00180246,0
1.16949,0.00147305,0.0018042,0
1.17051,0.00157668,0.00189917,0
1.17143,0.00147336,0.00180765,0
1.17253,0.00147336,0.00180765,0
1.17344,0.00157692,0.00190438,0
1.17444,0.00157692,0.00190438,0
1.17544,0.00157709,0.00190784,0
1.17643,0.00147422,0.00181624,0
1.17745,0.0014744,0.00181795,0
1.17845,0.00157738,0.00191301,0
1.17944,0.00147477,0.00182135,0
1.18041,0.00147496,0.00182305,0
1.18149,0.0015777,0.00191816,0
1.18243,0.00147536,0.00182646,0
1.18344,0.00147557,0.00182816,0
1.18445,0.00157806,0.00192329,0
1.18548,0.00148001,0.00183193,0
1.18641,0.00148023,0.00183362,0
1.18744,0.00158246,0.00192878,0
1.1884,0.00158246,0.00192878,0
1.18956,0.00148089,0.00183868,0
1.19058,0.00158287,0.00193386,0
1.19147,0.00148134,0.00184202,0
1.19243,0.00148157,0.0018437,0
1.19338,0.00148157,0.0018437,0
1.19452,0.00148157,0.0018437,0
1.19536,0.00158346,0.00194061,0
1.1965,0.0014823,0.00184873,0
1.19754,0.00148256,0.00185041,0
1.19838,0.00158395,0.00194566,0
1.19936,0.00148307,0.00185374,0
1.20039,0.00158429,0.00194902,0
1.20144,0.0014836,0.00185709,0
1.20244,0.00148387,0.00185876,0
1.20344,0.00148414,0.00186042,0
1.20451,0.00148442,0.00186208,0
1.20536,0.0014847,0.00186373,0
1.20673,0.00158538,0.00195901,0
1.20784,0.00148526,0.00186702,0
1.2085,0.00148555,0.00186867,0
1.20957,0.00158597,0.00196397,0
1.21067,0.00148613,0.00187194,0
1.21141,0.00148643,0.00187357,0
1.21243,0.00148673,0.0018752,0
1.21352,0.00148704,0.00187684,0
1.21437,0.00158701,0.00197218,0
1.21547,0.00148767,0.00188011,0
1.21647,0.00138844,0.00178802,0
1.21758,0.00148831,0.00188339,0
1.21859,0.00148863,0.00188501,0
1.21939,0.00148896,0.00188662,0
1.22041,0.00158838,0.00198197,0
1.22142,0.00148962,0.00188986,0
1.22239,0.00148996,0.00189148,0
1.22344,0.00149031,0.00189309,0
1.22475,0.00149065,0.0018947,0
1.22542,0.001491,0.00189631,0
1.22636,0.00149135,0.00189791,0
1.22741,0.0014917,0.00189951,0
1.22842,0.00149206,0.0019011,0
1.22957,0.00149242,0.00190269,0
1.23066,0.00149278,0.00190428,0
1.23147,0.00159118,0.00199965,0
1.23241,0.00159145,0.00200125,0
1.23341,0.00149391,0.00190905,0
1.23442,0.00139649,0.00181683,0
1.23545,0.00159231,0.002006,0
1.23642,0.00149508,0.00191378,0
1.23744,0.00149549,0.00191536,0
1.23864,0.00149549,0.00191536,0
1.2395,0.00149631,0.00191851,0
1.24051,0.00159384,0.00201389,0
1.24139,0.00159415,0.00201546,0
1.24236,0.00159447,0.00201703,0
1.24345,0.0015948,0.0020186,0
1.24441,0.00159513,0.00202017,0
1.24542,0.0015691,0.00202258,0
1.24637,0.00156943,0.00202414,0
1.24743,0.00156978,0.0020257,0
1.24841,0.00157012,0.00202725,0
1.24943,0.00157048,0.0020288,0
1.25042,0.0014748,0.00193658,0
1.25137,0.00157119,0.00203189,0
1.25236,0.00157156,0.00203343,0
1.25342,0.00157192,0.00203497,0
1.25436,0.00147669,0.00194273,0
1.25543,0.00157268,0.00203804,0
1.25641,0.00157305,0.00203956,0
1.25741,0.00147816,0.00194733,0
1.25842,0.0013834,0.00185508,0
1.25937,0.00128877,0.0017628,0
1.26044,0.00147966,0.00195188,0
1.26146,0.00138522,0.00185962,0
1.26236,0.00148067,0.0019549,0
1.26336,0.00148119,0.00195641,0
1.26439,0.00157625,0.00205168,0
1.26537,0.00148225,0.00195943,0
1.26635,0.0015771,0.00205469,0
1.26744,0.00157753,0.00205618,0
1.26842,0.00157797,0.00205767,0
1.26944,0.00157841,0.00205917,0
1.27044,0.00157885,0.00206066,0
1.2714,0.0015793,0.00206214,0
1.27244,0.00157975,0.00206362,0
1.27344,0.00158021,0.0020651,0
1.27437,0.00158067,0.00206657,0
1.27544,0.00158114,0.00206804,0
1.27644,0.00158161,0.00206951,0
1.27737,0.00158208,0.00207097,0
1.27837,0.00158256,0.00207243,0
1.27943,0.00158304,0.00207389,0
1.28043,0.00158353,0.00207535,0
1.2814,0.00158402,0.0020768,0
1.28243,0.00158452,0.00207825,0
1.28342,0.00158502,0.0020797,0
1.28443,0.00158553,0.00208115,0
1.2854,0.00158604,0.00208259,0
1.28642,0.00158604,0.00208259,0
1.2875,0.00158707,0.00208546,0
1.28854,0.00158759,0.00208689,0
1.28937,0.00158812,0.00208832,0
1.29043,0.00158865,0.00208974,0
1.29137,0.00158918,0.00209117,0
1.29245,0.00158972,0.00209259,0
1.29341,0.00149899,0.00200027,0
1.29461,0.00159081,0.00209542,0
1.29539,0.00159136,0.00209683,0
1.29642,0.00159192,0.00209824,0
1.29739,0.00159248,0.00209964,0
1.29842,0.00159305,0.00210104,0
1.29948,0.00159362,0.00210244,0
1.30038,0.00159419,0.00210383,0
1.30146,0.00159477,0.00210522,0
1.30249,0.00159535,0.00210662,0
1.30344,0.00159535,0.00210662,0
1.30438,0.00159653,0.00210939,0
1.30546,0.00159712,0.00211077,0
1.30641,0.00159772,0.00211215,0
1.3074,0.00159833,0.00211352,0
1.30842,0.00159833,0.00211352,0
1.30944,0.00168835,0.00220861,0
1.31044,0.00151089,0.00202391,0
1.3114,0.00151163,0.00202527,0
1.31243,0.00151237,0.00202663,0
1.31342,0.00151312,0.00202798,0
1.31445,0.00160266,0.00212305,0
1.31542,0.00160266,0.00212305,0
1.31652,0.00151538,0.00203201,0
1.31742,0.00151614,0.00203335,0
1.3186,0.0015169,0.00203467,0
1.31955,0.00160588,0.00212975,0
1.32041,0.00160588,0.00212975,0
1.32158,0.00151923,0.00203865,0
1.32243,0.00160786,0.00213373,0
1.32364,0.00160786,0.00213373,0
1.32491,0.0015216,0.00204262,0
1.32538,0.00153387,0.00204011,0
1.32638,0.00153547,0.00204274,0
1.32741,0.00153627,0.00204406,0
1.32845,0.0016242,0.00213911,0
1.32942,0.0016242,0.00213911,0
1.33045,0.00162489,0.00214042,0
1.33164,0.00162629,0.00214301,0
1.33241,0.00154037,0.00205054,0
1.33342,0.0015412,0.00205182,0
1.33439,0.00154203,0.0020531,0
1.33542,0.00154203,0.0020531,0
1.33648,0.00162985,0.00214943,0
1.3374,0.00154456,0.00205694,0
1.33848,0.00154541,0.00205822,0
1.33939,0.00146039,0.00196571,0
1.34037,0.00154712,0.00206075,0
1.34149,0.00154712,0.00206075,0
1.34242,0.00163351,0.00215578,0
1.34342,0.00154972,0.00206453,0
1.34447,0.00154972,0.00206453,0
1.34542,0.00163575,0.00215955,0
1.3464,0.00155148,0.00206702,0
1.34743,0.00155237,0.00206827,0
1.3485,0.00163803,0.00216331,0
1.34944,0.00155415,0.00207077,0
1.35048,0.00155505,0.00207201,0
1.35146,0.00155595,0.00207324,0
1.35245,0.00155685,0.00207448,0
1.35351,0.00155776,0.0020757,0
1.35447,0.00155867,0.00207693,0
1.35539,0.00164348,0.00217193,0
1.35637,0.0015605,0.00207937,0
1.35742,0.00156143,0.00208059,0
1.3584,0.00156236,0.00208181,0
1.35942,0.00156329,0.00208303,0
1.36044,0.0016475,0.00217801,0
1.36139,0.00156517,0.00208544,0
1.36236,0.00156611,0.00208664,0
1.36341,0.00156706,0.00208784,0
1.36447,0.00156802,0.00208903,0
1.36544,0.00156897,0.00209022,0
1.36645,0.00156993,0.00209141,0
1.36742,0.0015709,0.0020926,0
1.36843,0.00157187,0.00209379,0
1.36952,0.00165495,0.00218873,0
1.3704,0.0016558,0.00218991,0
1.37138,0.00165665,0.00219108,0
1.37237,0.00157578,0.00209851,0
1.37341,0.00157676,0.00209967,0
1.37437,0.00165922,0.00219457,0
1.37545,0.00157874,0.00210198,0
1.37638,0.00166095,0.00219688,0
1.37743,0.00166183,0.00219804,0
1.37843,0.0016627,0.00219919,0
1.37941,0.00166358,0.00220034,0
1.38039,0.00166447,0.00220148,0
1.38143,0.00166536,0.00220262,0
1.38237,0.00158582,0.00211004,0
1.38339,0.00166714,0.00220488,0
1.38437,0.00166804,0.00220601,0
1.38537,0.00167402,0.00220626,0
1.38638,0.00167493,0.00220738,0
1.38743,0.00167583,0.00220849,0
1.38841,0.00167675,0.00220961,0
1.38942,0.00167766,0.00221073,0
1.39043,0.00167858,0.00221184,0
1.39147,0.00167951,0.00221295,0
1.39244,0.00167951,0.00221295,0
1.39344,0.00168136,0.00221515,0
1.39444,0.00160346,0.00212256,0
1.39538,0.00168323,0.00221733,0
1.39643,0.00168417,0.00221842,0
1.3974,0.00168512,0.0022195,0
1.39846,0.00168607,0.00222058,0
1.3994,0.00168607,0.00222058,0
1.40042,0.00160995,0.00212904,0
1.40138,0.00160995,0.00212904,0
1.40242,0.00168989,0.00222486,0
1.40337,0.00169085,0.00222592,0
1.40435,0.00169085,0.00222592,0
1.40535,0.00161544,0.00213438,0
1.4064,0.00169377,0.0022291,0
1.40749,0.00169377,0.0022291,0
1.40845,0.00161878,0.00213752,0
1.40942,0.00169671,0.00223222,0
1.41042,0.0016977,0.00223326,0
1.41144,0.00169869,0.00223429,0
1.41242,0.00169968,0.00223532,0
1.41342,0.00170068,0.00223635,0
1.41444,0.00170168,0.00223738,0
1.41547,0.00170269,0.0022384,0
1.41644,0.0017037,0.00223942,0
1.41742,0.00170471,0.00224044,0
1.41848,0.00170572,0.00224145,0
1.41968,0.00170674,0.00224246,0
1.42037,0.00170776,0.00224346,0
1.42142,0.00170879,0.00224446,0
1.42237,0.00170982,0.00224546,0
1.42341,0.00171085,0.00224645,0
1.42436,0.00171188,0.00224743,0
1.4254,0.00163832,0.00215479,0
1.42638,0.00171396,0.0022494,0
1.42746,0.001715,0.00225039,0
1.42842,0.00171605,0.00225136,0
1.4294,0.0017171,0.00225234,0
1.43053,0.00164425,0.00215969,0
1.43138,0.00171921,0.00225427,0
1.43243,0.00172027,0.00225523,0
1.43343,0.00172133,0.00225619,0
1.43447,0.0017224,0.00225715,0
1.43538,0.00172347,0.0022581,0
1.43673,0.00172454,0.00225904,0
1.43748,0.00172561,0.00225999,0
1.43838,0.00165391,0.00216734,0
1.43937,0.00172777,0.00226187,0
1.44038,0.00172886,0.00226281,0
1.44139,0.00172994,0.00226374,0
1.44242,0.00172994,0.00226374,0
1.44336,0.00173213,0.00226559,0
1.44443,0.00173323,0.00226651,0
1.44542,0.00173304,0.00226645,0
1.44637,0.0016636,0.00217472,0
1.44743,0.00173635,0.0022692,0
1.44843,0.0016661,0.00217655,0
1.4494,0.0016661,0.00217655,0
1.45039,0.00159739,0.0020848,0
1.45142,0.0017408,0.0022728,0
1.45247,0.0017408,0.0022728,0
1.45344,0.00167112,0.00218015,0
1.4548,0.00174416,0.00227546,0
1.45543,0.00174416,0.00227546,0
1.4564,0.0016762,0.00218367,0
1.45745,0.00174757,0.00227807,0
1.45842,0.00167877,0.0021854,0
1.45937,0.00167877,0.0021854,0
1.4604,0.00168006,0.00218628,0
1.46151,0.00175215,0.00228152,0
1.4624,0.00175215,0.00228152,0
1.4634,0.00168525,0.0021897,0
1.46447,0.00168655,0.00219054,0
1.46538,0.00168655,0.00219054,0
1.46639,0.00168917,0.0021922,0
1.46739,0.00168917,0.0021922,0
1.46837,0.0016918,0.00219385,0
1.46946,0.0016918,0.00219385,0
1.47039,0.00176144,0.00228823,0
1.47138,0.00169444,0.00219551,0
1.47242,0.00176497,0.0022907,0
1.47341,0.00176497,0.0022907,0
1.47449,0.00169842,0.00219798,0
1.47541,0.00169975,0.0021988,0
1.47642,0.00170109,0.0021996,0
1.47739,0.00170243,0.0022004,0
1.47851,0.00170377,0.00220119,0
1.4795,0.00170512,0.00220198,0
1.48043,0.00170646,0.00220277,0
1.48139,0.00170781,0.00220355,0
1.48241,0.00170917,0.00220433,0
1.48351,0.00171052,0.00220512,0
1.48449,0.00171188,0.0022059,0
1.48549,0.00171324,0.00220668,0
1.48659,0.0017146,0.00220745,0
1.48746,0.00171596,0.00220822,0
1.48878,0.00171733,0.00220898,0
1.48943,0.00171871,0.00220974,0
1.49046,0.00172008,0.00221049,0
1.49141,0.00172146,0.00221124,0
1.49242,0.00172284,0.00221199,0
1.49343,0.00172422,0.00221274,0
1.49448,0.0017256,0.00221349,0
1.49547,0.00172699,0.00221423,0
1.49663,0.00172838,0.00221497,0
1.49747,0.00179408,0.00230921,0
1.49838,0.00173117,0.00221644,0
1.49954,0.00173257,0.00221717,0
1.50043,0.00173398,0.00221789,0
1.50153,0.00173538,0.0022186,0
1.50256,0.00173679,0.00221931,0
1.50351,0.0017382,0.00222002,0
1.50442,0.00173961,0.00222073,0
1.50543,0.00174103,0.00222143,0
1.50644,0.00174244,0.00222214,0
1.50745,0.00174386,0.00222284,0
1.50843,0.00174528,0.00222353,0
1.5095,0.0018092,0.00231769,0
1.51053,0.00174814,0.00222491,0
1.51153,0.00174957,0.0022256,0
1.51246,0.001751,0.00222627,0
1.51344,0.00175244,0.00222694,0
1.51441,0.00175388,0.00222761,0
1.51546,0.00175532,0.00222827,0
1.51638,0.00175677,0.00222892,0
1.51742,0.00175822,0.00222958,0
1.51847,0.00175966,0.00223024,0
1.51938,0.00182207,0.00232435,0
1.52055,0.00176257,0.00223156,0
1.52137,0.00176402,0.00223221,0
1.52239,0.00182598,0.00232628,0
1.52347,0.00176694,0.00223349,0
1.52436,0.00176841,0.00223413,0
1.52547,0.0017701,0.00223474,0
1.52651,0.00177157,0.00223536,0
1.52744,0.00177304,0.00223598,0
1.52852,0.00177452,0.00223659,0
1.52945,0.00177599,0.0022372,0
1.53042,0.00177747,0.0022378,0
1.53149,0.00177895,0.00223842,0
1.53247,0.00178043,0.00223902,0
1.53345,0.00178192,0.00223962,0
1.53442,0.00178341,0.00224022,0
1.53541,0.0017849,0.00224081,0
1.53642,0.00178639,0.0022414,0
1.53741,0.00178789,0.00224198,0
1.53837,0.00178939,0.00224256,0
1.53946,0.00179089,0.00224313,0
1.54039,0.00179239,0.0022437,0
1.5416,0.0017939,0.00224426,0
1.54245,0.00179541,0.00224482,0
1.54344,0.00185414,0.00233878,0
1.54442,0.00179843,0.00224594,0
1.54538,0.00179994,0.0022465,0
1.54644,0.00180146,0.00224705,0
1.54745,0.00180298,0.0022476,0
1.54844,0.0018045,0.00224814,0
1.54937,0.00180602,0.00224868,0
1.55042,0.00180755,0.00224921,0
1.55144,0.00180908,0.00224974,0
1.55237,0.00181061,0.00225027,0
1.55342,0.00181215,0.00225078,0
1.55444,0.00181368,0.00225131,0
1.55537,0.00181521,0.00225183,0
1.55645,0.00181675,0.00225235,0
1.55744,0.00181829,0.00225286,0
1.55836,0.00181983,0.00225337,0
1.55938,0.00182138,0.00225387,0
1.56043,0.00182293,0.00225437,0
1.5615,0.00182448,0.00225486,0
1.56246,0.00182603,0.00225536,0
1.56337,0.00182758,0.00225585,0
1.56443,0.00182914,0.00225633,0
1.56541,0.0018307,0.0022568,0
1.56641,0.00183226,0.00225728,0
1.5674,0.00183382,0.00225775,0
1.56838,0.00183538,0.00225823,0
1.56938,0.00183695,0.0022587,0
1.57044,0.00183852,0.00225916,0
1.57147,0.00184009,0.00225962,0
1.57248,0.00184166,0.00226007,0
1.57343,0.00184166,0.00226007,0
1.57439,0.00189712,0.00235426,0
1.57545,0.00189854,0.00235469,0
1.57643,0.00189996,0.00235513,0
1.57746,0.00189996,0.00235513,0
1.57863,0.00190138,0.00235556,0
1.57941,0.00190281,0.00235599,0
1.5809,0.00190281,0.00235599,0
1.58139,0.00195558,0.00244968,0
1.58254,0.00190566,0.00235683,0
1.58361,0.0019071,0.00235724,0
1.58449,0.00185753,0.00226437,0
1.58543,0.00186104,0.00226508,0
1.58637,0.00186104,0.00226508,0
1.58768,0.00186265,0.00226547,0
1.58855,0.0019146,0.00235915,0
1.58944,0.00186588,0.00226622,0
1.59043,0.00186749,0.0022666,0
1.59157,0.00191893,0.0023603,0
1.59241,0.00187072,0.00226735,0
1.59357,0.00192183,0.00236105,0
1.59457,0.00187395,0.00226808,0
1.59545,0.00187557,0.00226843,0
1.59642,0.0018772,0.00226878,0
1.59745,0.00192765,0.00236248,0
1.59836,0.00192911,0.00236283,0
1.59944,0.00193057,0.00236317,0
1.60043,0.00193204,0.00236351,0
1.60143,0.0019335,0.00236386,0
1.6024,0.0019335,0.00236386,0
1.60342,0.00193644,0.00236453,0
1.60441,0.00193644,0.00236453,0
1.60537,0.00189025,0.00227147,0
1.60641,0.00193938,0.00236518,0
1.60771,0.00193938,0.00236518,0
1.60838,0.00198801,0.00245889,0
1.60946,0.00194234,0.00236581,0
1.61066,0.00194234,0.00236581,0
1.61143,0.00194382,0.00236611,0
1.61241,0.00194531,0.0023664,0
1.61339,0.00190019,0.00227325,0
1.61461,0.00190185,0.00227352,0
1.61544,0.00185709,0.00218032,0
1.61643,0.00190519,0.00227404,0
1.61739,0.00190686,0.00227429,0
1.61861,0.00190853,0.00227455,0
1.61944,0.0019102,0.0022748,0
1.62043,0.00191187,0.00227505,0
1.62137,0.00191355,0.00227529,0
1.62248,0.00191522,0.00227553,0
1.62349,0.0019169,0.00227577,0
1.62459,0.00187374,0.00218238,0
1.62537,0.00196475,0.00236989,0
1.62668,0.00196625,0.00237014,0
1.62745,0.0019236,0.00227672,0
1.62843,0.00196926,0.00237063,0
1.62937,0.00197077,0.00237086,0
1.63043,0.00197228,0.00237109,0
1.63142,0.00197379,0.00237132,0
1.63249,0.0019753,0.00237155,0
1.63342,0.00197682,0.00237176,0
1.63444,0.00197833,0.00237199,0
1.63549,0.00197985,0.0023722,0
1.63644,0.00198136,0.00237242,0
1.63741,0.00198288,0.00237263,0
1.63842,0.0019844,0.00237283,0
1.6395,0.00198592,0.00237303,0
1.64041,0.00198745,0.00237323,0
1.64146,0.00198897,0.00237342,0
1.64252,0.0019905,0.00237361,0
1.64348,0.00199203,0.00237379,0
1.64438,0.00199356,0.00237398,0
1.64542,0.00199356,0.00237398,0
1.64642,0.00199662,0.00237433,0
1.64741,0.00199815,0.00237451,0
1.6484,0.00195918,0.00228089,0
1.64937,0.00200123,0.00237484,0
1.65067,0.00200276,0.002375,0
1.65136,0.0020043,0.00237515,0
1.65246,0.00200584,0.0023753,0
1.65359,0.00200584,0.0023753,0
1.65437,0.00200893,0.0023756,0
1.6554,0.00201047,0.00237573,0
1.65635,0.00197292,0.00228206,0
1.65748,0.00201357,0.002376,0
1.65846,0.00201511,0.00237614,0
1.65939,0.00197808,0.00228245,0
1.66039,0.00201821,0.00237639,0
1.66142,0.00201976,0.0023765,0
1.66236,0.00198325,0.00228281,0
1.66338,0.00198498,0.00228292,0
1.66438,0.00202442,0.00237683,0
1.66543,0.00202597,0.00237693,0
1.66643,0.00199017,0.00228321,0
1.66743,0.00202909,0.00237712,0
1.66843,0.00203065,0.00237721,0
1.66937,0.00199538,0.00228348,0
1.6704,0.00203377,0.00237739,0
1.6714,0.00203533,0.00237747,0
1.67243,0.00200058,0.00228374,0
1.6734,0.00203846,0.00237762,0
1.67436,0.00204002,0.0023777,0
1.67537,0.0020058,0.00228395,0
1.6764,0.00204316,0.00237782,0
1.67742,0.00204316,0.00237782,0
1.67843,0.00201104,0.00228412,0
1.67943,0.00204788,0.00237797,0
1.68046,0.00204945,0.00237802,0
1.68142,0.00201628,0.00228425,0
1.68242,0.00201803,0.00228429,0
1.68337,0.00205417,0.00237814,0
1.68457,0.00205575,0.00237817,0
1.68552,0.00202328,0.0022844,0
1.68639,0.00202328,0.0022844,0
1.68743,0.00209261,0.00247202,0
1.68849,0.00202854,0.00228447,0
1.6894,0.0020303,0.00228449,0
1.69046,0.0020303,0.00228449,0
1.69142,0.00206682,0.00237827,0
1.6925,0.00206682,0.00237827,0
1.69342,0.00203735,0.00228448,0
1.69451,0.00203911,0.00228448,0
1.69545,0.00203911,0.00228448,0
1.69647,0.00204087,0.00228447,0
1.69741,0.00207475,0.00237824,0
1.69837,0.00204615,0.00228443,0
1.69954,0.00204615,0.00228443,0
1.70039,0.00207952,0.00237817,0
1.7014,0.00205145,0.00228435,0
1.70246,0.00205145,0.00228435,0
1.70337,0.00205322,0.00228431,0
1.70443,0.00205499,0.00228427,0
1.70546,0.00205676,0.00228421,0
1.70649,0.00205852,0.00228417,0
1.70745,0.00206029,0.00228412,0
1.70843,0.00206205,0.00228407,0
1.70943,0.00206382,0.00228401,0
1.71062,0.00206559,0.00228395,0
1.71143,0.00206736,0.00228388,0
1.71242,0.00206913,0.00228381,0
1.71347,0.00210024,0.00237746,0
1.7144,0.00207268,0.00228365,0
1.71539,0.00207445,0.00228356,0
1.71647,0.00207622,0.00228347,0
1.71748,0.002078,0.00228338,0
1.71846,0.00207977,0.00228328,0
1.71942,0.00210982,0.0023769,0
1.72053,0.00210982,0.0023769,0
1.72144,0.00211301,0.00237669,0
1.72245,0.00211461,0.00237658,0
1.72338,0.00211621,0.00237646,0
1.72449,0.00211781,0.00237634,0
1.72536,0.00211672,0.00237687,0
1.72652,0.00211832,0.00237674,0
1.72742,0.00209304,0.00228292,0
1.72843,0.00209482,0.00228279,0
1.72942,0.00212313,0.00237632,0
1.73043,0.00212473,0.00237616,0
1.73142,0.00212633,0.00237602,0
1.73241,0.00212792,0.00237587,0
1.73359,0.0021037,0.00228205,0
1.73445,0.0021037,0.00228205,0
1.73544,0.00210725,0.00228174,0
1.73645,0.00213432,0.00237523,0
1.73758,0.00213592,0.00237505,0
1.73838,0.00213752,0.00237487,0
1.73939,0.00213912,0.00237469,0
1.74042,0.00214072,0.00237451,0
1.74145,0.00214231,0.00237433,0
1.74242,0.00214231,0.00237433,0
1.74353,0.0021455,0.00237395,0
1.74442,0.0021455,0.00237395,0
1.74542,0.00212499,0.00227995,0
1.74637,0.0021503,0.00237333,0
1.74741,0.0021519,0.00237312,0
1.74838,0.00213034,0.00227931,0
1.74936,0.00215511,0.00237268,0
1.75037,0.00215511,0.00237268,0
1.75161,0.00215671,0.00237246,0
1.75243,0.0021599,0.00237201,0
1.75343,0.00216149,0.00237178,0
1.75439,0.00216309,0.00237154,0
1.75538,0.00216469,0.00237131,0
1.75642,0.00216469,0.00237131,0
1.75754,0.00216628,0.00237106,0
1.75846,0.00216788,0.00237082,0
1.75943,0.00214809,0.00227704,0
1.76038,0.00215165,0.00227652,0
1.76151,0.00215343,0.00227625,0
1.76253,0.00215343,0.00227625,0
1.7634,0.00217587,0.00236949,0
1.7644,0.00215699,0.0022757,0
1.7654,0.00215876,0.00227543,0
1.76642,0.00216053,0.00227515,0
1.76742,0.0021623,0.00227487,0
1.76843,0.00216408,0.00227459,0
1.7696,0.00216585,0.00227429,0
1.77057,0.00216762,0.002274,0
1.77139,0.0021694,0.0022737,0
1.77244,0.00217118,0.0022734,0
1.77339,0.00217295,0.00227309,0
1.77445,0.00217472,0.00227277,0
1.77539,0.00215782,0.00217898,0
1.77671,0.00219658,0.00236562,0
1.77769,0.00218002,0.00227182,0
1.77842,0.00219975,0.00236497,0
1.77964,0.00218355,0.00227117,0
1.78039,0.00220293,0.0023643,0
1.78144,0.00218708,0.00227051,0
1.78266,0.00220611,0.00236362,0
1.78345,0.00219061,0.00226984,0
1.78439,0.00217529,0.00217607,0
1.78549,0.00217623,0.0021757,0
1.78641,0.00219683,0.00226843,0
1.78737,0.00221497,0.00236148,0
1.78844,0.00220035,0.00226772,0
1.78943,0.00220211,0.00226737,0
1.79043,0.00220211,0.00226737,0
1.79141,0.00222132,0.00236,0
1.79244,0.00222291,0.00235961,0
1.79345,0.0022245,0.00235922,0
1.79444,0.00222609,0.00235883,0
1.79539,0.00222768,0.00235844,0
1.79638,0.00222927,0.00235804,0
1.79736,0.00221629,0.0022643,0
1.79834,0.00221629,0.0022643,0
1.79941,0.00221984,0.00226349,0
1.80042,0.00223562,0.0023564,0
1.80138,0.00223721,0.00235597,0
1.80235,0.00223721,0.00235597,0
1.80336,0.00224038,0.00235513,0
1.8045,0.00222866,0.00226141,0
1.80542,0.00221714,0.00216768,0
1.80643,0.00224513,0.00235383,0
1.8074,0.00224671,0.00235339,0
1.80838,0.00223572,0.00225966,0
1.80945,0.00224987,0.00235249,0
1.81042,0.00225146,0.00235203,0
1.81141,0.00225304,0.00235157,0
1.81247,0.00225462,0.00235112,0
1.81342,0.0022562,0.00235066,0
1.81441,0.00225778,0.00235019,0
1.81541,0.00224806,0.00225649,0
1.81641,0.00224806,0.00225649,0
1.81741,0.00225157,0.00225556,0
1.81856,0.00225333,0.00225507,0
1.81943,0.00225509,0.00225459,0
1.82037,0.00225509,0.00225459,0
1.82148,0.00226882,0.00234679,0
1.82245,0.00226039,0.00225309,0
1.82337,0.00226215,0.0022526,0
1.82441,0.00226215,0.0022526,0
1.82546,0.00226391,0.0022521,0
1.82639,0.00226568,0.00225159,0
1.82749,0.00226744,0.00225108,0
1.82839,0.0022692,0.00225056,0
1.82946,0.00227987,0.00234321,0
1.83041,0.00227273,0.00224952,0
1.83147,0.00227449,0.002249,0
1.83248,0.0022846,0.00234161,0
1.8334,0.00227802,0.00224793,0
1.8344,0.00228344,0.00224996,0
1.83553,0.00228727,0.00232905,0
1.83656,0.00229024,0.00224328,0
1.83741,0.00228896,0.00223609,0
1.83841,0.00228843,0.0022315,0
1.83942,0.00228887,0.00222986,0
1.84036,0.00228994,0.00223004,0
1.8414,0.00229482,0.0021567,0
1.84237,0.00229226,0.00223063,0
1.84335,0.00229013,0.00230358,0
1.84452,0.00229147,0.00230353,0
1.84546,0.00229283,0.00230348,0
1.84647,0.00229283,0.00230348,0
1.8474,0.0022942,0.00230341,0
1.84845,0.00230029,0.00223219,0
1.8495,0.00229835,0.00230319,0
1.85045,0.00229975,0.0023031,0
1.85142,0.00229975,0.0023031,0
1.85249,0.00230258,0.0023029,0
1.85342,0.00230761,0.00223306,0
1.85437,0.00230912,0.00223318,0
1.85541,0.00230687,0.00230257,0
1.85645,0.0023083,0.00230245,0
1.8574,0.0023137,0.00223346,0
1.85841,0.00231919,0.00216468,0
1.85938,0.00231262,0.00230206,0
1.86041,0.00231407,0.00230192,0
1.86141,0.00231986,0.00223368,0
1.86241,0.00231697,0.00230163,0
1.86344,0.00231842,0.00230148,0
1.86444,0.00232454,0.0022337,0
1.86541,0.00232627,0.00223374,0
1.86644,0.00232296,0.00230104,0
1.86739,0.00232944,0.00223366,0
1.86848,0.00233103,0.0022336,0
1.86937,0.00232737,0.0023005,0
1.87045,0.00233422,0.00223346,0
1.87141,0.0023303,0.00230013,0
1.87243,0.00233177,0.00229994,0
1.87345,0.00233177,0.00229994,0
1.87441,0.00233899,0.00223319,0
1.87538,0.00234219,0.00223295,0
1.87636,0.00234379,0.00223282,0
1.87745,0.00234379,0.00223282,0
1.87865,0.0023454,0.00223267,0
1.87951,0.00234702,0.00223251,0
1.88042,0.0023421,0.00229843,0
1.88141,0.00235188,0.00223199,0
1.88243,0.00234655,0.0022977,0
1.88341,0.00234655,0.0022977,0
1.88448,0.00235673,0.00223139,0
1.88545,0.00235836,0.00223117,0
1.8864,0.00235999,0.00223095,0
1.88748,0.00235999,0.00223095,0
1.88853,0.00235545,0.00229612,0
1.88935,0.00236489,0.00223021,0
1.89044,0.00236652,0.00222995,0
1.89145,0.00236652,0.00222995,0
1.89245,0.00235992,0.00229526,0
1.89356,0.0023698,0.0022294,0
1.89501,0.00237143,0.00222912,0
1.89548,0.00237306,0.00222883,0
1.89649,0.0023747,0.00222854,0
1.89742,0.00236735,0.00229373,0
1.89845,0.0023796,0.00222761,0
1.89943,0.0023796,0.00222761,0
1.9006,0.00237181,0.00229276,0
1.90144,0.00238289,0.00222695,0
1.90243,0.00237479,0.00229208,0
1.9034,0.00238618,0.00222626,0
1.90446,0.00238782,0.0022259,0
1.90543,0.00238947,0.00222553,0
1.90645,0.0023911,0.00222517,0
1.90753,0.00239274,0.0022248,0
1.9085,0.0023837,0.00228994,0
1.9099,0.00239602,0.00222403,0
1.9106,0.00240849,0.00215811,0
1.91152,0.00239929,0.00222325,0
1.91254,0.00240094,0.00222283,0
1.9134,0.00240259,0.00222242,0
1.91439,0.00240423,0.00222199,0
1.91537,0.00239406,0.00228723,0
1.91641,0.00240743,0.00222118,0
1.9174,0.00240889,0.00222083,0
1.91848,0.00239811,0.0022862,0
1.9194,0.00241156,0.00222023,0
1.92042,0.0024129,0.00221992,0
1.92137,0.00240213,0.00228511,0
1.92242,0.00241561,0.00221926,0
1.92343,0.00241698,0.00221891,0
1.9244,0.00241837,0.00221856,0
1.92538,0.00241976,0.00221819,0
1.92642,0.00242116,0.00221782,0
1.92738,0.00242257,0.00221744,0
1.92845,0.00242399,0.00221706,0
1.92938,0.00242541,0.00221667,0
1.93038,0.00242684,0.00221627,0
1.93143,0.00242828,0.00221586,0
1.9324,0.00242973,0.00221544,0
1.93345,0.00243119,0.00221502,0
1.93445,0.00243266,0.00221459,0
1.93541,0.00243413,0.00221414,0
1.93642,0.00243562,0.0022137,0
1.93741,0.00243711,0.00221324,0
1.93841,0.0024386,0.00221277,0
1.93939,0.00244011,0.0022123,0
1.94043,0.00244161,0.00221183,0
1.94146,0.00244311,0.00221135,0
1.94246,0.00244461,0.00221087,0
1.94353,0.00244612,0.00221038,0
1.94447,0.00244763,0.00220989,0
1.94553,0.00244915,0.00220938,0
1.9465,0.00243681,0.00227425,0
1.94746,0.0024522,0.00220836,0
1.9485,0.00245373,0.00220784,0
1.94944,0.00244105,0.00227276,0
1.9504,0.00245681,0.00220678,0
1.95153,0.00245835,0.00220624,0
1.95245,0.0024599,0.00220569,0
1.95344,0.00246144,0.00220514,0
1.95445,0.00246298,0.00220459,0
1.95544,0.00246452,0.00220403,0
1.95647,0.00246606,0.00220347,0
1.95747,0.0024676,0.0022029,0
1.95843,0.00246915,0.00220233,0
1.95941,0.0024707,0.00220175,0
1.96061,0.00247226,0.00220116,0
1.96149,0.00247381,0.00220057,0
1.96257,0.0024594,0.00226587,0
1.96351,0.00247693,0.00219937,0
1.96437,0.00247848,0.00219877,0
1.96554,0.00248002,0.00219817,0
1.9666,0.00248157,0.00219756,0
1.96742,0.00248312,0.00219695,0
1.96847,0.00248467,0.00219632,0
1.96942,0.00246922,0.00226189,0
1.97042,0.00248778,0.00219506,0
1.97136,0.00248933,0.00219443,0
1.97242,0.00247344,0.00226012,0
1.97343,0.00249245,0.00219313,0
1.97442,0.00249402,0.00219248,0
1.9754,0.00249558,0.00219182,0
1.97641,0.00249713,0.00219116,0
1.97745,0.00249868,0.0021905,0
1.97846,0.00250023,0.00218983,0
1.97941,0.00250178,0.00218916,0
1.98043,0.00250333,0.00218849,0
1.98144,0.0025236,0.00212106,0
1.98243,0.00248738,0.00225397,0
1.98338,0.00250796,0.00218643,0
1.98441,0.00252869,0.00211885,0
1.98537,0.00247312,0.00225235,0
1.98643,0.00247468,0.00225163,0
1.98736,0.00245639,0.00231804,0
1.9884,0.00247779,0.0022502,0
1.98941,0.00247934,0.00224948,0
1.99043,0.00246055,0.00231605,0
1.99144,0.00246193,0.00231537,0
1.99248,0.00248399,0.0022473,0
1.99357,0.00248399,0.0022473,0
1.99463,0.00248709,0.00224582,0
1.99559,0.00248859,0.0022451,0
1.99646,0.00248859,0.0022451,0
1.99743,0.00247015,0.00231126,0
1.99842,0.00249298,0.00224296,0
1.99947,0.00247283,0.00230989,0
2.00046,0.00247417,0.0023092,0
2.00143,0.00249732,0.00224086,0
2.00236,0.00247684,0.00230783,0
2.00343,0.00250022,0.00223945,0
2.00435,0.00250167,0.00223875,0
2.00541,0.00250312,0.00223804,0
2.00647,0.00252685,0.00216961,0
2.00742,0.00250603,0.00223662,0
2.00838,0.00252999,0.00216815,0
2.00944,0.00255407,0.00209967,0
2.01049,0.00255407,0.00209967,0
2.01141,0.00248891,0.00230154,0
2.01243,0.00249026,0.00230083,0
2.01343,0.00249161,0.00230012,0
2.01444,0.00249297,0.0022994,0
2.01547,0.00249433,0.00229869,0
2.01637,0.00249569,0.00229797,0
2.01736,0.00249705,0.00229724,0
2.01842,0.00252226,0.00222861,0
2.01936,0.00249979,0.00229579,0
2.02039,0.00252526,0.00222712,0
2.02144,0.00250255,0.00229432,0
2.02244,0.00250393,0.00229358,0
2.0234,0.00250531,0.00229285,0
2.02444,0.00250668,0.00229212,0
2.02543,0.00250806,0.00229139,0
2.0264,0.00250944,0.00229066,0
2.02745,0.00251083,0.00228993,0
2.02842,0.00251222,0.00228919,0
2.02955,0.00251222,0.00228919,0
2.03051,0.00251503,0.0022877,0
2.03143,0.00251645,0.00228695,0
2.03243,0.00251787,0.00228619,0
2.03336,0.00251929,0.00228543,0
2.03443,0.00252072,0.00228467,0
2.03541,0.00252215,0.0022839,0
2.03641,0.0025236,0.00228312,0
2.03736,0.00252505,0.00228233,0
2.03844,0.00252651,0.00228154,0
2.03947,0.00252797,0.00228074,0
2.04038,0.00252944,0.00227994,0
2.04141,0.00253091,0.00227913,0
2.04238,0.00253238,0.00227832,0
2.0434,0.00253385,0.00227751,0
2.04437,0.00253533,0.00227668,0
2.04541,0.00253681,0.00227586,0
2.04639,0.0025383,0.00227503,0
2.04738,0.00253979,0.00227419,0
2.04843,0.00254128,0.00227335,0
2.0494,0.00254278,0.00227251,0
2.05039,0.00254428,0.00227166,0
2.05142,0.00254579,0.0022708,0
2.05237,0.0025473,0.00226994,0
2.05335,0.0025488,0.00226908,0
2.05443,0.00255031,0.00226822,0
2.05542,0.00255181,0.00226735,0
2.05636,0.00255331,0.00226648,0
2.05743,0.00255482,0.0022656,0
2.0584,0.00255634,0.00226472,0
2.05938,0.00255785,0.00226384,0
2.06046,0.00255936,0.00226295,0
2.06142,0.00256088,0.00226206,0
2.06242,0.0025624,0.00226116,0
2.06335,0.00256392,0.00226025,0
2.06441,0.00256544,0.00225934,0
2.06543,0.00256727,0.00225848,0
2.06642,0.0025688,0.00225757,0
2.06747,0.00257032,0.00225665,0
2.06841,0.00257184,0.00225573,0
2.06937,0.00257335,0.0022548,0
2.07046,0.00257488,0.00225387,0
2.07141,0.0025764,0.00225294,0
2.07239,0.00257793,0.002252,0
2.07347,0.0026126,0.00218095,0
2.07475,0.00258098,0.00225011,0
2.0755,0.00258251,0.00224915,0
2.07642,0.00258404,0.00224819,0
2.07746,0.00258558,0.00224723,0
2.07837,0.00262119,0.00217588,0
2.07944,0.0026229,0.00217485,0
2.08039,0.0026229,0.00217485,0
2.08138,0.00259169,0.00224334,0
2.08237,0.00262803,0.00217175,0
2.08341,0.00259473,0.00224137,0
2.08445,0.00263144,0.00216967,0
2.08536,0.00263315,0.00216861,0
2.08641,0.00259932,0.00223837,0
2.0874,0.00260086,0.00223736,0
2.08839,0.00260239,0.00223635,0
2.08937,0.00260392,0.00223534,0
2.09047,0.00260392,0.00223534,0
2.09139,0.00260546,0.00223432,0
2.09253,0.00264519,0.00216111,0
2.09341,0.00264519,0.00216111,0
2.09438,0.00261004,0.00223124,0
2.09542,0.00261004,0.00223124,0
2.09642,0.0026131,0.00222916,0
2.09748,0.00265206,0.00215672,0
2.09851,0.00265206,0.00215672,0
2.09943,0.00261771,0.00222599,0
2.10038,0.00265726,0.00215336,0
2.10148,0.00262078,0.00222386,0
2.10236,0.00262231,0.00222279,0
2.10342,0.00266242,0.00214998,0
2.10439,0.00266413,0.00214884,0
2.10544,0.0026269,0.00221955,0
2.10638,0.0026269,0.00221955,0
2.10745,0.0026693,0.0021454,0
2.10843,0.0026315,0.00221626,0
2.10939,0.00267275,0.00214307,0
2.11046,0.00267447,0.0021419,0
2.11141,0.00263609,0.00221293,0
2.1124,0.00263609,0.00221293,0
2.11344,0.00263913,0.0022107,0
2.1144,0.00268132,0.00213721,0
2.11541,0.00268302,0.00213603,0
2.11642,0.00268473,0.00213484,0
2.11737,0.00264521,0.00220617,0
2.11843,0.00268815,0.00213244,0
2.11939,0.00264825,0.00220388,0
2.12043,0.00264977,0.00220273,0
2.12137,0.00269326,0.00212882,0
2.12243,0.00265281,0.00220041,0
2.12354,0.00265432,0.00219925,0
2.12443,0.00269835,0.00212518,0
2.12542,0.00269894,0.00212402,0
2.12647,0.00265775,0.0021958,0
2.12739,0.00270232,0.00212156,0
2.1284,0.00270402,0.00212032,0
2.12956,0.00270572,0.00211907,0
2.13041,0.00270742,0.00211782,0
2.13143,0.00270912,0.00211655,0
2.13244,0.00266683,0.00218861,0
2.13343,0.00271252,0.00211402,0
2.13446,0.00266986,0.00218618,0
2.13537,0.00266986,0.00218618,0
2.13636,0.00271759,0.00211021,0
2.13738,0.00267436,0.00218251,0
2.13841,0.00272095,0.00210765,0
2.13944,0.00272262,0.00210637,0
2.14053,0.00267887,0.00217879,0
2.14147,0.00268037,0.00217755,0
2.14248,0.00272767,0.00210248,0
2.14346,0.00268337,0.00217504,0
2.14445,0.00268487,0.00217378,0
2.14548,0.00268487,0.00217378,0
2.14675,0.0027344,0.00209722,0
2.14756,0.00273609,0.00209589,0
2.14846,0.00273778,0.00209456,0
2.14943,0.00273945,0.00209322,0
2.15042,0.00274112,0.00209189,0
2.15144,0.00269536,0.0021648,0
2.15249,0.00274446,0.0020892,0
2.15342,0.00274613,0.00208785,0
2.15447,0.00269983,0.00216089,0
2.1554,0.00269983,0.00216089,0
2.15643,0.00270281,0.00215826,0
2.1575,0.0027043,0.00215694,0
2.15843,0.00275447,0.00208104,0
2.15941,0.00270728,0.00215428,0
2.16035,0.00270728,0.00215428,0
2.16139,0.00275946,0.00207691,0
2.16242,0.0027611,0.00207553,0
2.16344,0.00276275,0.00207414,0
2.16442,0.00271468,0.00214757,0
2.16551,0.00271468,0.00214757,0
2.16644,0.00271616,0.00214621,0
2.16745,0.0027694,0.00206851,0
2.16839,0.0027694,0.00206851,0
2.16941,0.00277274,0.00206566,0
2.17038,0.00272359,0.00213933,0
2.17136,0.00272507,0.00213795,0
2.17238,0.00277772,0.00206136,0
2.17345,0.00272802,0.00213517,0
2.17444,0.00272948,0.00213377,0
2.17541,0.00278265,0.00205706,0
2.17646,0.0027843,0.00205561,0
2.17749,0.00278595,0.00205415,0
2.17846,0.00278761,0.00205269,0
2.17943,0.00278927,0.00205122,0
2.1804,0.00278927,0.00205122,0
2.18156,0.00273834,0.00212527,0
2.18262,0.00279259,0.00204826,0
2.18339,0.00274129,0.00212239,0
2.18446,0.00279589,0.0020453,0
2.18556,0.00274421,0.00211951,0
2.18645,0.00279916,0.00204233,0
2.18754,0.00280081,0.00204083,0
2.18853,0.00280245,0.00203933,0
2.18941,0.00280409,0.00203782,0
2.19041,0.00275155,0.00211221,0
2.19148,0.00280737,0.0020348,0
2.1924,0.00280901,0.00203329,0
2.19338,0.00281065,0.00203176,0
2.19441,0.00281229,0.00203023,0
2.19538,0.00281392,0.00202869,0
2.19641,0.00281553,0.00202716,0
2.19747,0.00281712,0.0020256,0
2.19842,0.00281869,0.00202402,0
2.1995,0.00282026,0.00202243,0
2.20047,0.00282184,0.00202082,0
2.20144,0.00282342,0.0020192,0
2.2024,0.00282501,0.00201757,0
2.20343,0.0028266,0.00201593,0
2.20453,0.00282819,0.00201427,0
2.20546,0.00282731,0.00201271,0
2.20643,0.0028289,0.00201103,0
2.20747,0.00283048,0.00200936,0
2.20844,0.00283207,0.00200767,0
2.20944,0.00283366,0.00200597,0
2.21048,0.00283525,0.00200426,0
2.21141,0.00283684,0.00200253,0
2.21244,0.00283844,0.00200079,0
2.21348,0.00284004,0.00199904,0
2.21435,0.00284164,0.00199728,0
2.21545,0.00284325,0.00199551,0
2.21646,0.00284486,0.00199372,0
2.21747,0.00284646,0.00199192,0
2.21848,0.00284807,0.00199011,0
2.21938,0.00284966,0.0019883,0
2.22039,0.00285125,0.00198648,0
2.22144,0.00285285,0.00198465,0
2.22243,0.00285445,0.0019828,0
2.22341,0.00285606,0.00198094,0
2.22442,0.00285766,0.00197907,0
2.2254,0.00285927,0.00197719,0
2.22643,0.00286088,0.00197529,0
2.22777,0.00286249,0.00197338,0
2.22841,0.0028641,0.00197146,0
2.22942,0.00286572,0.00196953,0
2.23045,0.00286734,0.00196758,0
2.23144,0.00286895,0.00196563,0
2.23242,0.00287055,0.00196367,0
2.23343,0.00287215,0.0019617,0
2.23437,0.00287375,0.00195972,0
2.23542,0.00287536,0.00195773,0
2.23646,0.00287697,0.00195572,0
2.23744,0.00287858,0.0019537,0
2.23842,0.00281849,0.00202998,0
2.23943,0.00288181,0.00194963,0
2.24043,0.00288342,0.00194758,0
2.2417,0.00288502,0.00194553,0
2.24242,0.00288662,0.00194346,0
2.24344,0.00288823,0.00194138,0
2.24438,0.00288983,0.00193929,0
2.24572,0.00282867,0.00201582,0
2.24647,0.00289305,0.00193508,0
2.24754,0.00289467,0.00193295,0
2.24839,0.00295936,0.00185208,0
2.24942,0.00283452,0.00200748,0
2.25066,0.00283452,0.00200748,0
2.25145,0.00283598,0.00200537,0
2.25265,0.00283889,0.00200111,0
2.25359,0.00284036,0.00199897,0
2.25442,0.00284182,0.00199681,0
2.2555,0.00290758,0.00191554,0
2.25652,0.00284476,0.00199245,0
2.25747,0.00291084,0.00191106,0
2.25839,0.00291084,0.00191106,0
2.25946,0.00284916,0.00198585,0
2.26044,0.00291568,0.0019043,0
2.26136,0.00285209,0.00198139,0
2.26248,0.00291892,0.00189974,0
2.26348,0.00292055,0.00189744,0
2.26436,0.00292055,0.00189744,0
2.26542,0.00294985,0.00189128,0
2.26647,0.00295149,0.00188896,0
2.2674,0.00288696,0.00196624,0
2.26841,0.00295478,0.00188429,0
2.26941,0.00295478,0.00188429,0
2.27045,0.00289139,0.00195932,0
2.27145,0.00295971,0.00187722,0
2.2725,0.00289431,0.00195468,0
2.27343,0.00289578,0.00195235,0
2.27436,0.00296457,0.00187014,0
2.27538,0.00289872,0.00194766,0
2.27655,0.00296784,0.00186537,0
2.27737,0.00290166,0.00194294,0
2.27843,0.0029711,0.00186058,0
2.27936,0.0029711,0.00186058,0
2.28051,0.00290608,0.00193581,0
2.28141,0.00297603,0.00185334,0
2.28246,0.00290904,0.00193102,0
2.2834,0.0029105,0.00192862,0
2.28439,0.00298094,0.00184605,0
2.28546,0.00291344,0.00192381,0
2.28642,0.00291344,0.00192381,0
2.28744,0.00298584,0.00183872,0
2.28837,0.00291783,0.00191653,0
2.28939,0.0029193,0.00191409,0
2.29038,0.00299072,0.00183133,0
2.29141,0.00292225,0.0019092,0
2.29242,0.00292372,0.00190675,0
2.29342,0.00299564,0.0018239,0
2.29444,0.00292664,0.00190183,0
2.29556,0.0029281,0.00189937,0
2.29649,0.0029281,0.00189937,0
2.29742,0.00300214,0.00181395,0
2.2984,0.00300214,0.00181395,0
2.29944,0.00300541,0.00180894,0
2.30049,0.00300541,0.00180894,0
2.30145,0.00300704,0.00180642,0
2.30243,0.00300869,0.0018039,0
2.30348,0.00301032,0.00180138,0
2.3044,0.00301195,0.00179885,0
2.30543,0.0029413,0.00187692,0
2.30642,0.0030152,0.00179379,0
2.30741,0.00301682,0.00179125,0
2.30841,0.00294567,0.00186936,0
2.30955,0.00302006,0.00178616,0
2.31076,0.00302169,0.00178362,0
2.31147,0.00302332,0.00178106,0
2.3124,0.00302495,0.00177849,0
2.31356,0.00302658,0.00177593,0
2.31451,0.00302821,0.00177335,0
2.3156,0.00302985,0.00177078,0
2.31642,0.00310543,0.00168742,0
2.31746,0.00303311,0.0017656,0
2.31845,0.00303474,0.00176302,0
2.31936,0.00303797,0.00175784,0
2.32041,0.00303797,0.00175784,0
2.32148,0.00303959,0.00175525,0
2.32252,0.00304121,0.00175265,0
2.32356,0.00296756,0.00183092,0
2.32441,0.00304607,0.00174483,0
2.32547,0.00304522,0.00174489,0
2.32659,0.00297107,0.00182319,0
2.32743,0.00304843,0.00173967,0
2.32842,0.00297394,0.00181798,0
2.32944,0.0030516,0.00173446,0
2.33041,0.00305482,0.0017292,0
2.33135,0.00305482,0.0017292,0
2.33247,0.00297973,0.00180751,0
2.33336,0.00298263,0.00180224,0
2.33445,0.00306127,0.00171864,0
2.33539,0.00306127,0.00171864,0
2.33639,0.00306451,0.00171334,0
2.3374,0.00306451,0.00171334,0
2.33836,0.00306613,0.00171068,0
2.33938,0.00306775,0.00170802,0
2.34043,0.00314723,0.00162435,0
2.34137,0.00307099,0.00170268,0
2.34251,0.00299424,0.00178102,0
2.34352,0.0030742,0.00169733,0
2.34439,0.0030758,0.00169466,0
2.34548,0.0030774,0.00169198,0
2.34646,0.00307901,0.00168929,0
2.34756,0.00308062,0.00168661,0
2.34852,0.00308223,0.00168392,0
2.34936,0.00308384,0.00168122,0
2.35044,0.00308545,0.00167852,0
2.35148,0.00308707,0.00167582,0
2.3524,0.00308867,0.00167312,0
2.35347,0.00309026,0.00167041,0
2.35439,0.00309185,0.00166771,0
2.35551,0.00301298,0.00174607,0
2.35656,0.00309504,0.00166229,0
2.35737,0.00309664,0.00165957,0
2.35857,0.0030173,0.00173792,0
2.35949,0.00309984,0.00165412,0
2.36043,0.00310145,0.00165139,0
2.36165,0.00302162,0.00172973,0
2.36242,0.00310466,0.00164592,0
2.36405,0.00310626,0.00164318,0
2.36436,0.00302594,0.00172152,0
2.36536,0.00302737,0.00171877,0
2.36641,0.0030288,0.00171603,0
2.36742,0.00303024,0.00171328,0
2.36842,0.00303167,0.00171052,0
2.36943,0.0030331,0.00170777,0
2.37038,0.00303454,0.00170501,0
2.37143,0.00303597,0.00170224,0
2.37238,0.00303741,0.00169947,0
2.37339,0.00303885,0.0016967,0
2.37507,0.00303885,0.0016967,0
2.37542,0.00312538,0.0016101,0
2.37644,0.00312538,0.0016101,0
2.37747,0.00312697,0.00160732,0
2.37841,0.00304602,0.00168279,0
2.37937,0.00313174,0.00159896,0
2.3804,0.00313174,0.00159896,0
2.3817,0.00305032,0.0016744,0
2.38244,0.00305175,0.0016716,0
2.38341,0.0031381,0.00158779,0
2.38438,0.00313968,0.00158499,0
2.38542,0.00305461,0.001663,0
2.38642,0.00314142,0.0015792,0
2.38742,0.00305746,0.00165737,0
2.38843,0.00305888,0.00165456,0
2.38942,0.00306031,0.00165174,0
2.39041,0.00306174,0.00164892,0
2.39159,0.00314932,0.00156515,0
2.39242,0.00314932,0.00156515,0
2.39341,0.00306603,0.00164042,0
2.39445,0.00315407,0.00155667,0
2.39543,0.00306888,0.00163475,0
2.39641,0.00307032,0.0016319,0
2.39744,0.00307174,0.00162905,0
2.39842,0.00307316,0.00162621,0
2.39936,0.00307316,0.00162621,0
2.40042,0.00307601,0.0016205,0
2.40142,0.00307743,0.00161764,0
2.40241,0.00307885,0.00161478,0
2.40342,0.00308028,0.00161192,0
2.40442,0.0030817,0.00160905,0
2.4054,0.00308313,0.00160618,0
2.40643,0.00308456,0.00160331,0
2.40738,0.00317459,0.00151967,0
2.40836,0.00308741,0.00159755,0
2.40943,0.00308883,0.00159467,0
2.41042,0.00309025,0.00159179,0
2.41171,0.00309167,0.0015889,0
2.4124,0.00309309,0.00158602,0
2.41377,0.00309451,0.00158312,0
2.41442,0.00309451,0.00158312,0
2.41545,0.00318716,0.00149668,0
2.41637,0.00309879,0.00157442,0
2.41742,0.00309879,0.00157442,0
2.41842,0.00310165,0.0015686,0
2.41945,0.00310307,0.00156569,0
2.42042,0.00319508,0.0014822,0
2.42148,0.00310591,0.00155986,0
2.42248,0.00310733,0.00155695,0
2.42341,0.00319978,0.0014735,0
2.42462,0.00319978,0.0014735,0
2.42543,0.00320135,0.00147059,0
2.42642,0.00320452,0.00146475,0
2.42752,0.0032061,0.00146182,0
2.4285,0.00311589,0.00153936,0
2.42937,0.00320928,0.00145597,0
2.43038,0.00321086,0.00145303,0
2.43145,0.00312018,0.00153051,0
2.43243,0.0031216,0.00152757,0
2.43338,0.0032156,0.00144423,0
2.43443,0.00312443,0.00152166,0
2.43543,0.00312585,0.00151871,0
2.43649,0.00322028,0.00143543,0
2.43747,0.00322028,0.00143543,0
2.43841,0.00312868,0.00151279,0
2.43945,0.00313152,0.00150685,0
2.44048,0.00322655,0.00142364,0
2.44145,0.00322655,0.00142364,0
2.44243,0.00322813,0.00142067,0
2.44354,0.00313577,0.00149793,0
2.44449,0.00323122,0.00141476,0
2.44587,0.00313862,0.00149195,0
2.44659,0.00323438,0.00140881,0
2.44739,0.00314146,0.00148598,0
2.44842,0.00323752,0.00140287,0
2.44943,0.00323909,0.0013999,0
2.4504,0.00324066,0.00139692,0
2.45144,0.00333715,0.00131386,0
2.45236,0.00343379,0.00123082,0
2.45347,0.00324537,0.00138796,0
2.45439,0.00324697,0.00138497,0
2.4554,0.00334409,0.00130198,0
2.45641,0.00325013,0.00137898,0
2.45741,0.00325172,0.00137598,0
2.45841,0.00325329,0.00137299,0
2.45939,0.00325485,0.00136999,0
2.46057,0.00325485,0.00136999,0
2.46137,0.0031614,0.00144383,0
2.46236,0.00316282,0.0014408,0
2.46346,0.00316424,0.00143777,0
2.4644,0.00316567,0.00143473,0
2.46538,0.00316547,0.00143169,0
2.46658,0.00316547,0.00143169,0
2.46739,0.00316832,0.00142561,0
2.4684,0.00316975,0.00142257,0
2.46941,0.00317118,0.00141952,0
2.47037,0.0031726,0.00141647,0
2.47136,0.00317401,0.00141342,0
2.47241,0.00317543,0.00141037,0
2.47341,0.00317685,0.00140731,0
2.47442,0.00317828,0.00140426,0
2.47541,0.0031797,0.0014012,0
2.47643,0.00318113,0.00139813,0
2.47738,0.00318255,0.00139507,0
2.47837,0.00318398,0.001392,0
2.47938,0.00318541,0.00138893,0
2.48052,0.00318684,0.00138586,0
2.48136,0.00318827,0.00138278,0
2.48237,0.00318968,0.00137971,0
2.48336,0.0031911,0.00137663,0
2.48441,0.00319252,0.00137355,0
2.48544,0.00319394,0.00137047,0
2.48636,0.00319537,0.00136738,0
2.48744,0.00319679,0.00136429,0
2.48842,0.00319821,0.0013612,0
2.48936,0.00319964,0.00135811,0
2.49037,0.00320106,0.00135502,0
2.49144,0.00320249,0.00135192,0
2.49242,0.00320249,0.00135192,0
2.49338,0.00320533,0.00134572,0
2.49442,0.00320675,0.00134262,0
2.49538,0.00320817,0.00133951,0
2.49636,0.00320958,0.0013364,0
2.4974,0.003211,0.00133329,0
2.49842,0.00321243,0.00133018,0
2.4994,0.00321385,0.00132706,0
2.50042,0.00321527,0.00132395,0
2.50136,0.0032167,0.00132083,0
2.50241,0.00321812,0.00131771,0
2.50343,0.00321955,0.00131458,0
2.50462,0.00322098,0.00131146,0
2.50542,0.00322098,0.00131146,0
2.50673,0.00322381,0.0013052,0
2.50743,0.00322381,0.0013052,0
2.50865,0.00332839,0.0012237,0
2.50937,0.00332995,0.0012206,0
2.5107,0.0031245,0.00137405,0
2.51165,0.00333465,0.00121129,0
2.51242,0.00323235,0.00128636,0
2.51357,0.00333775,0.00120508,0
2.51442,0.00323519,0.00128007,0
2.51544,0.00323519,0.00128007,0
2.51642,0.0033424,0.00119575,0
2.51739,0.0033424,0.00119575,0
2.51846,0.00334552,0.00118952,0
2.51941,0.00345171,0.00110845,0
2.52049,0.00324372,0.00126114,0
2.52141,0.00324372,0.00126114,0
2.52239,0.00335019,0.00118015,0
2.52366,0.00324803,0.00125163,0
2.52437,0.00335494,0.00117072,0
2.52538,0.00335227,0.0011705,0
2.52642,0.00314247,0.0013227,0
2.5274,0.00324965,0.00124188,0
2.52847,0.00325108,0.00123871,0
2.52969,0.00335853,0.00115797,0
2.53046,0.00325395,0.00123235,0
2.53142,0.00325538,0.00122917,0
2.53244,0.00336324,0.00114856,0
2.53339,0.00325825,0.00122281,0
2.53454,0.00325969,0.00121962,0
2.53553,0.00326112,0.00121643,0
2.53654,0.00326255,0.00121325,0
2.53738,0.00326398,0.00121006,0
2.53839,0.00326541,0.00120687,0
2.53936,0.00337422,0.00112656,0
2.54042,0.00326828,0.00120048,0
2.54139,0.00337736,0.00112026,0
2.54236,0.00327114,0.00119408,0
2.54341,0.00327258,0.00119088,0
2.5444,0.00338206,0.00111079,0
2.54553,0.00327546,0.00118446,0
2.5465,0.00327689,0.00118126,0
2.54753,0.0033868,0.0011013,0
2.54842,0.0033868,0.0011013,0
2.54958,0.00317103,0.00125148,0
2.55045,0.00328263,0.00116841,0
2.55138,0.00339304,0.00108865,0
2.55239,0.0032855,0.00116198,0
2.55343,0.00339618,0.00108231,0
2.55437,0.00339775,0.00107913,0
2.55546,0.00328982,0.00115231,0
2.5564,0.00328982,0.00115231,0
2.55744,0.00340091,0.00107277,0
2.55862,0.00340248,0.0010696,0
2.55944,0.00340565,0.00106323,0
2.56041,0.00329702,0.00113616,0
2.56144,0.00340878,0.00105687,0
2.56242,0.00341033,0.00105368,0
2.5634,0.00330133,0.00112646,0
2.56439,0.00341347,0.00104731,0
2.5655,0.00341347,0.00104731,0
2.5668,0.00341503,0.00104412,0
2.56794,0.00330565,0.00111674,0
2.5684,0.00341818,0.00103774,0
2.56955,0.00341974,0.00103455,0
2.57057,0.00342129,0.00103135,0
2.57155,0.00342285,0.00102816,0
2.57245,0.00342442,0.00102496,0
2.57352,0.00342598,0.00102176,0
2.57465,0.00342754,0.00101854,0
2.57575,0.00342909,0.00101521,0
2.5767,0.00343065,0.0010118,0
2.57758,0.00343221,0.00100838,0
2.57853,0.00332146,0.00108056,0
2.57963,0.00343534,0.00100153,0
2.58038,0.00332435,0.00107382,0
2.58147,0.00332579,0.00107046,0
2.58242,0.00332579,0.00107046,0
2.58344,0.00332723,0.00106709,0
2.58461,0.00332723,0.00106709,0
2.5857,0.00355326,0.000908404,0
2.5864,0.00344192,0.000980897,0
2.58747,0.00355666,0.000901538,0
2.58837,0.0034451,0.000974111,0
2.58954,0.00344668,0.000970741,0
2.59037,0.00344827,0.000967382,0
2.59207,0.00356356,0.000887946,0
2.59255,0.00356356,0.000887946,0
2.59339,0.00345312,0.000957319,0
2.59439,0.00345474,0.000953981,0
2.59544,0.00345474,0.000953981,0
2.59644,0.00334341,0.00102345,0
2.59738,0.00334488,0.00102013,0
2.59848,0.00334634,0.00101681,0
2.59964,0.00334781,0.00101349,0
2.60036,0.00334929,0.00101018,0
2.60154,0.00335076,0.00100686,0
2.60245,0.00335224,0.00100355,0
2.60335,0.00335224,0.00100355,0
2.60441,0.0033537,0.00100025,0
2.60539,0.0033537,0.00100025,0
2.60639,0.00335517,0.000996943,0
2.60743,0.00324075,0.00106955,0
2.60843,0.00335813,0.000990337,0
2.60935,0.00335962,0.000987033,0
2.6105,0.00336112,0.000983733,0
2.61141,0.00336262,0.000980433,0
2.61246,0.00336262,0.000980433,0
2.61341,0.00348061,0.000901366,0
2.61449,0.00336562,0.000973835,0
2.61536,0.00336711,0.000970541,0
2.61643,0.00348558,0.000891604,0
2.61747,0.00348723,0.000888357,0
2.61846,0.00348887,0.00088511,0
2.61942,0.00337309,0.000957366,0
2.62039,0.00337458,0.000954072,0
2.62141,0.00337608,0.00095078,0
2.62242,0.00337757,0.00094749,0
2.62342,0.00337907,0.000944201,0
2.62437,0.00338056,0.000940913,0
2.62536,0.00338206,0.000937625,0
2.62637,0.00338355,0.000934339,0
2.62744,0.00338504,0.000931053,0
2.62841,0.00338652,0.00092777,0
2.62957,0.00338801,0.000924485,0
2.63041,0.00350848,0.000846356,0
2.63154,0.00339098,0.000917917,0
2.63245,0.00339247,0.000914638,0
2.63336,0.00339396,0.000911355,0
2.63443,0.00339545,0.000908077,0
2.6354,0.00339694,0.000904798,0
2.63644,0.00339842,0.000901522,0
2.63737,0.0033999,0.000898242,0
2.63841,0.00340138,0.000894966,0
2.63937,0.00352302,0.000817535,0
2.64043,0.00340436,0.000888411,0
2.64151,0.00340584,0.000885135,0
2.64242,0.00352787,0.000807958,0
2.64341,0.00340883,0.000878581,0
2.64445,0.00341032,0.000875307,0
2.64545,0.00353135,0.000798428,0
2.64648,0.00341193,0.000868792,0
2.64742,0.00341342,0.000865517,0
2.64843,0.00353622,0.000788871,0
2.6494,0.0034164,0.000858966,0
2.65043,0.00341789,0.000855693,0
2.65144,0.00354103,0.000779326,0
2.65246,0.00342086,0.000849144,0
2.65344,0.00342234,0.00084587,0
2.65437,0.00342383,0.000842598,0
2.65543,0.00354744,0.000766616,0
2.65642,0.00342681,0.000836049,0
2.65744,0.0034283,0.000832777,0
2.65837,0.00355227,0.000757089,0
2.65942,0.00355227,0.000757089,0
2.66041,0.00343279,0.000822955,0
2.66138,0.0035571,0.000747571,0
2.66236,0.0035571,0.000747571,0
2.66348,0.00343723,0.000813138,0
2.66442,0.00356185,0.000738062,0
2.66539,0.00344021,0.000806591,0
2.66644,0.0034417,0.000803318,0
2.66738,0.00356665,0.000728558,0
2.66845,0.00344469,0.000796772,0
2.66941,0.00344618,0.0007935,0
2.6704,0.00344618,0.0007935,0
2.67141,0.00357147,0.000719058,0
2.67247,0.00345067,0.000783679,0
2.67341,0.00357629,0.000709561,0
2.67443,0.00357788,0.000706397,0
2.67548,0.00345515,0.00077386,0
2.67642,0.00345515,0.00077386,0
2.67743,0.00358268,0.000696907,0
2.67883,0.00345964,0.00076404,0
2.67945,0.00345964,0.00076404,0
2.68043,0.00358748,0.000687423,0
2.6815,0.00346413,0.000754223,0
2.68245,0.00346562,0.000750952,0
2.68348,0.00359229,0.000677948,0
2.68441,0.00359229,0.000677948,0
2.68543,0.00347011,0.000741136,0
2.68643,0.00359706,0.000668477,0
2.6874,0.0034731,0.000734592,0
2.68845,0.00347459,0.00073132,0
2.68942,0.00360183,0.000659011,0
2.69041,0.00360183,0.000659011,0
2.69137,0.00347909,0.000721506,0
2.69236,0.00360663,0.000649549,0
2.69335,0.00360823,0.000646393,0
2.69437,0.00360823,0.000646393,0
2.69539,0.00361145,0.000640084,0
2.69647,0.00361145,0.000640084,0
2.69737,0.0034881,0.000701873,0
2.69848,0.0034881,0.000701873,0
2.69941,0.00361622,0.000630626,0
2.70091,0.00361781,0.000627473,0
2.70145,0.00361942,0.000624321,0
2.70287,0.00361942,0.000624321,0
2.70338,0.00374953,0.000550378,0
2.70441,0.00349713,0.000682235,0
2.70544,0.00362584,0.000611694,0
2.7064,0.00350014,0.000675686,0
2.7074,0.00362903,0.000605387,0
2.70839,0.00350315,0.000669141,0
2.70947,0.00363222,0.000599084,0
2.71067,0.00350617,0.000662596,0
2.7114,0.00363542,0.000592783,0
2.71241,0.00363542,0.000592783,0
2.71343,0.00363862,0.000586484,0
2.71439,0.00351221,0.000649508,0
2.71542,0.00351221,0.000649508,0
2.71641,0.00364345,0.000577038,0
2.71741,0.00351676,0.000639693,0
2.71841,0.00351676,0.000639693,0
2.71939,0.00364831,0.000567596,0
2.72038,0.00352133,0.000629878,0
2.72141,0.00352285,0.000626606,0
2.72241,0.00365314,0.000558156,0
2.72343,0.00352587,0.000620068,0
2.72456,0.00352587,0.000620068,0
2.72568,0.003512,0.000614494,0
2.72638,0.00351352,0.000611228,0
2.72743,0.00351504,0.000607961,0
2.72836,0.00364586,0.000540288,0
2.72939,0.00364586,0.000540288,0
2.73045,0.00338859,0.000665564,0
2.73191,0.00365069,0.000530875,0
2.73245,0.00352263,0.000591628,0
2.73344,0.00352263,0.000591628,0
2.73441,0.00352567,0.000585095,0
2.73542,0.00352719,0.00058183,0
2.73642,0.00365869,0.000515193,0
2.73736,0.00353023,0.000575298,0
2.73843,0.00366189,0.000508922,0
2.73947,0.00366351,0.000505786,0
2.7404,0.00366351,0.000505786,0
2.74137,0.00366676,0.000499512,0
2.7425,0.00353788,0.000558973,0
2.74341,0.00353941,0.00055571,0
2.74442,0.0036716,0.000490116,0
2.74539,0.0036732,0.000486983,0
2.74643,0.00354399,0.000545919,0
2.74744,0.00367642,0.000480718,0
2.74838,0.00367642,0.000480718,0
2.74943,0.00354857,0.000536131,0
2.75053,0.00354857,0.000536131,0
2.75143,0.00368286,0.000468198,0
2.75246,0.00368286,0.000468198,0
2.75349,0.00355316,0.000526348,0
2.75444,0.00355623,0.000519827,0
2.75542,0.00368932,0.000455686,0
2.75636,0.00369093,0.00045256,0
2.75746,0.00356082,0.000510048,0
2.7584,0.00369414,0.000446305,0
2.75947,0.00369574,0.00044318,0
2.76041,0.00356542,0.000500271,0
2.76141,0.00369896,0.000436929,0
2.76242,0.00356849,0.000493756,0
2.76338,0.00356849,0.000493756,0
2.76439,0.00370218,0.000430682,0
2.76567,0.00370378,0.000427558,0
2.76645,0.0037054,0.000424435,0
2.76741,0.00357463,0.000480729,0
2.76854,0.00371026,0.000415071,0
2.76941,0.00384442,0.000352785,0
2.77048,0.00371351,0.000408823,0
2.77151,0.00358234,0.000464451,0
2.77262,0.00358234,0.000464451,0
2.77363,0.00358387,0.000461199,0
2.77436,0.00358694,0.000454694,0
2.77539,0.00358848,0.000451445,0
2.77649,0.00372313,0.000390121,0
2.77747,0.00359155,0.000444943,0
2.77838,0.00372633,0.000383892,0
2.77944,0.00372795,0.000380779,0
2.78044,0.00359618,0.000435194,0
2.78142,0.00373117,0.000374552,0
2.78237,0.00373277,0.00037144,0
2.78341,0.0036008,0.000425451,0
2.78438,0.00360234,0.000422205,0
2.78541,0.00360103,0.000423688,0
2.78638,0.00360412,0.000417197,0
2.78738,0.00373949,0.000357377,0
2.7884,0.0036072,0.000410709,0
2.78941,0.0036072,0.000410709,0
2.7905,0.00374433,0.000348052,0
2.79144,0.00374594,0.000344948,0
2.79241,0.00361341,0.000397737,0
2.79341,0.00361341,0.000397737,0
2.79439,0.00375079,0.000335634,0
2.79546,0.00361805,0.000388016,0
2.79642,0.00375402,0.000329426,0
2.79743,0.00375562,0.000326321,0
2.79844,0.00362268,0.000378296,0
2.79944,0.00375883,0.000320111,0
2.80042,0.00376045,0.000317011,0
2.80141,0.00362735,0.000368586,0
2.80245,0.0037637,0.000310821,0
2.80342,0.00376531,0.000307727,0
2.8044,0.00363202,0.000358888,0
2.80538,0.00363202,0.000358888,0
2.80648,0.00363357,0.000355658,0
2.80747,0.00377016,0.000298451,0
2.80841,0.00377178,0.000295358,0
2.80936,0.00363824,0.000345968,0
2.81046,0.00377501,0.000289174,0
2.81144,0.00377662,0.000286082,0
2.8124,0.00377823,0.000282992,0
2.81338,0.00364447,0.000333053,0
2.81446,0.00378148,0.000276812,0
2.81541,0.00378309,0.000273725,0
2.81648,0.0039202,0.000217745,0
2.81736,0.00365071,0.00032015,0
2.81836,0.00365228,0.000316923,0
2.81937,0.00365384,0.000313703,0
2.82044,0.0036554,0.000310483,0
2.82143,0.00365696,0.000307265,0
2.82243,0.00365853,0.000304048,0
2.8236,0.00366009,0.000300831,0
2.82438,0.00366166,0.000297616,0
2.82545,0.00366322,0.0002944,0
2.82653,0.00366479,0.000291187,0
2.82741,0.00366636,0.000287974,0
2.82845,0.00366793,0.000284763,0
2.82945,0.0036695,0.000281551,0
2.83038,0.00367106,0.000278341,0
2.83143,0.00367262,0.000275131,0
2.83245,0.00367419,0.000271924,0
2.83344,0.00367575,0.000268716,0
2.83439,0.00367732,0.000265513,0
2.8355,0.00367889,0.000262308,0
2.83639,0.00368047,0.000259107,0
2.83742,0.00368204,0.000255906,0
2.83861,0.00382035,0.00020306,0
2.83945,0.00382196,0.000200001,0
2.84036,0.00368675,0.000246307,0
2.84144,0.00368832,0.00024311,0
2.84246,0.00382682,0.000190837,0
2.84356,0.00369147,0.000236719,0
2.84436,0.00369304,0.000233527,0
2.8455,0.0038541,0.000179834,0
2.84649,0.00385572,0.000176785,0
2.84742,0.00372017,0.000222099,0
2.84836,0.00372175,0.000218912,0
2.84941,0.00372333,0.000215725,0
2.85043,0.00372489,0.000212539,0
2.85147,0.00386382,0.000161556,0
2.8524,0.00372804,0.000206168,0
2.85346,0.00372961,0.000202985,0
2.85441,0.00386867,0.000152435,0
2.85541,0.00373277,0.000196623,0
2.85643,0.00373435,0.000193444,0
2.85737,0.00387354,0.000143328,0
2.85841,0.00373751,0.00018709,0
2.85974,0.00373909,0.000183916,0
2.86041,0.00373909,0.000183916,0
2.86144,0.00374067,0.000180742,0
2.86237,0.00374226,0.00017757,0
2.86341,0.00374385,0.000174398,0
2.86435,0.00388333,0.00012515,0
2.86545,0.00374702,0.000168057,0
2.86646,0.00374861,0.000164887,0
2.86739,0.0037502,0.000161723,0
2.86839,0.00375178,0.00015856,0
2.86941,0.00375337,0.000155398,0
2.87036,0.00375496,0.000152238,0
2.87142,0.00375655,0.000149079,0
2.87242,0.00375814,0.000145923,0
2.87344,0.00375814,0.000145923,0
2.87441,0.00376133,0.000139611,0
2.87542,0.00376293,0.000136458,0
2.87642,0.00376451,0.000133305,0
2.87741,0.0037661,0.000130153,0
2.87842,0.00390619,8.29561e-05,0
2.87935,0.00390782,7.99507e-05,0
2.88041,0.00377088,0.000120705,0
2.88137,0.00377247,0.000117555,0
2.88237,0.00391274,7.09383e-05,0
2.88344,0.00377566,0.000111265,0
2.88444,0.00377726,0.000108124,0
2.88545,0.00391764,6.19496e-05,0
2.88671,0.00378045,0.000101846,0
2.88743,0.00378205,9.87104e-05,0
2.88835,0.00392255,5.29793e-05,0
2.88945,0.00378523,9.24379e-05,0
2.8904,0.00392579,4.69998e-05,0
2.89139,0.00392742,4.40135e-05,0
2.89251,0.00379002,8.30401e-05,0
2.89341,0.00379161,7.99122e-05,0
2.89442,0.00393231,3.50638e-05,0
2.89543,0.0037948,7.36594e-05,0
2.89646,0.00393557,2.91073e-05,0
2.89744,0.00393721,2.61325e-05,0
2.89845,0.00379961,6.42922e-05,0
2.89937,0.00394049,2.0187e-05,0
2.90042,0.00394212,1.72147e-05,0
2.90147,0.00394212,1.72147e-05,0
2.9024,0.00394537,1.12722e-05,0
2.90335,0.00394537,1.12722e-05,0
2.90446,0.0038092,4.55953e-05,0
2.90546,0.0038092,4.55953e-05,0
2.90644,0.00395025,2.37477e-06,0
2.90751,0.00395188,5.87622e-07,0
2.90837,0.00381401,3.62706e-05,0
2.90943,0.00395678,9.45981e-06,0
2.91051,0.00381882,2.69615e-05,0
2.91141,0.00396005,1.53646e-05,0
2.91243,0.00396168,1.83166e-05,0
2.91341,0.00382363,1.76659e-05,0
2.91442,0.00382522,1.45701e-05,0
2.91542,0.00396654,2.71642e-05,0
2.91642,0.00382842,8.38461e-06,0
2.91741,0.00383002,5.29572e-06,0
2.91847,0.0039714,3.59914e-05,0
2.91935,0.00383323,8.77653e-07,0
2.92043,0.00383484,3.96054e-06,0
2.92143,0.00397627,4.47994e-05,0
2.92244,0.00383805,1.0122e-05,0
2.92342,0.00383966,1.31998e-05,0
2.92443,0.00398116,5.35859e-05,0
2.92541,0.00384045,1.9086e-05,0
2.92642,0.00384205,2.2159e-05,0
2.92741,0.00398361,6.20979e-05,0
2.92846,0.00384526,2.83006e-05,0
2.92943,0.00384686,3.13685e-05,0
2.93043,0.00398847,7.08581e-05,0
2.93142,0.0039901,7.37745e-05,0
2.93245,0.0038517,4.05581e-05,0
2.93342,0.00399336,7.95984e-05,0
2.93442,0.00399499,8.2506e-05,0
2.93545,0.00385654,4.97289e-05,0
2.93642,0.00399827,8.83151e-05,0
2.93742,0.0039999,9.12166e-05,0
2.93843,0.00386138,5.88813e-05,0
2.9394,0.00386298,6.19298e-05,0
2.94035,0.00400476,9.99167e-05,0
2.94136,0.0038662,6.80197e-05,0
2.94241,0.0038678,7.10605e-05,0
2.94343,0.00400962,0.000108598,0
2.94446,0.00401124,0.000111486,0
2.94545,0.00387265,8.01719e-05,0
2.94642,0.00401451,0.000117254,0
2.94741,0.00401614,0.000120136,0
2.94842,0.0038775,8.92611e-05,0
2.94944,0.00401941,0.000125888,0
2.95042,0.00402104,0.000128761,0
2.95153,0.00388235,9.83317e-05,0
2.95234,0.00402429,0.000134507,0
2.95342,0.00402591,0.000137377,0
2.95444,0.00388719,0.000107388,0
2.95536,0.00402915,0.00014311,0
2.95651,0.00403077,0.000145973,0
2.95746,0.00403077,0.000145973,0
2.95843,0.00403403,0.000151689,0
2.95945,0.00403566,0.000154543,0
2.9604,0.0038969,0.000125433,0
2.96142,0.00403892,0.000160243,0
2.96242,0.00390014,0.000131429,0
2.9634,0.00390175,0.000134422,0
2.9644,0.00404379,0.000168775,0
2.96544,0.00404379,0.000168775,0
2.96678,0.00390498,0.000140408,0
2.96756,0.00404863,0.000177296,0
2.96844,0.00390982,0.000149369,0
2.96941,0.00405186,0.000182963,0
2.97036,0.00405349,0.000185793,0
2.97145,0.00391468,0.000158305,0
2.97241,0.00405674,0.000191442,0
2.97341,0.00391792,0.000164253,0
2.97441,0.00391792,0.000164253,0
2.97547,0.00391954,0.000167222,0
2.97645,0.00406322,0.000202712,0
2.97745,0.0039244,0.000176114,0
2.97841,0.00406646,0.000208335,0
2.9794,0.00406808,0.000211143,0
2.98043,0.00392926,0.000184987,0
2.98135,0.00407132,0.000216752,0
2.98245,0.0039325,0.00019089,0
2.98341,0.0039325,0.00019089,0
2.98441,0.00407617,0.000225141,0
2.98537,0.00393547,0.000199785,0
2.98637,0.00393547,0.000199785,0
2.98741,0.00407913,0.000233565,0
2.98864,0.00407913,0.000233565,0
2.98942,0.00408076,0.000236346,0
2.99042,0.00408402,0.000241908,0
2.99146,0.00394522,0.000217385,0
2.99241,0.00394522,0.000217385,0
2.99341,0.00408886,0.000250234,0
2.9944,0.00395008,0.000226152,0
2.99563,0.0040921,0.000255769,0
2.99642,0.0040921,0.000255769,0
2.99747,0.00395333,0.000231982,0
2.99841,0.00409533,0.00026129,0
2.99946,0.00395658,0.000237801,0
3.00046,0.00395821,0.000240706,0
3.0014,0.00410021,0.000269547,0
3.00243,0.00410183,0.000272297,0
3.00346,0.00396308,0.00024941,0
3.00444,0.00410506,0.000277794,0
3.00537,0.00424702,0.000306048,0
3.00652,0.00410829,0.000283277,0
3.00742,0.00410991,0.000286012,0
3.00843,0.00411153,0.000288746,0
3.00941,0.00411315,0.000291475,0
3.01041,0.00411476,0.000294202,0
3.01142,0.00411638,0.000296924,0
3.01243,0.004118,0.000299643,0
3.01341,0.00411962,0.00030236,0
3.01444,0.00412124,0.000305073,0
3.0154,0.00426312,0.000331777,0
3.01647,0.00412448,0.000310499,0
3.01738,0.00398586,0.000289703,0
3.01843,0.00412773,0.000315921,0
3.01948,0.00412934,0.000318624,0
3.02039,0.00427118,0.000344561,0
3.0214,0.00413257,0.000324026,0
3.02238,0.00399399,0.000303964,0
3.02339,0.00399562,0.000306807,0
3.02442,0.0041374,0.000332092,0
3.02541,0.00399887,0.000312482,0
3.02642,0.00414062,0.000337453,0
3.02741,0.00414222,0.000340132,0
3.02834,0.00400373,0.000320979,0
3.0294,0.00400535,0.000323807,0
3.03042,0.00400697,0.00032663,0
3.03139,0.00400859,0.000329452,0
3.03284,0.00401021,0.000332269,0
3.03344,0.00401183,0.000335084,0
3.03436,0.00401346,0.000337893,0
3.03555,0.00401508,0.000340703,0
3.03641,0.0040167,0.000343507,0
3.03743,0.00401833,0.000346308,0
3.03842,0.00415982,0.000369412,0
3.03941,0.00402156,0.000351908,0
3.0404,0.00402318,0.000354703,0
3.04138,0.0040248,0.000357495,0
3.04239,0.00402642,0.000360283,0
3.04343,0.00402642,0.000360283,0
3.0444,0.00402966,0.000365849,0
3.04541,0.00416754,0.000387237,0
3.04639,0.00402948,0.000370773,0
3.04737,0.00403111,0.000373544,0
3.04836,0.00403273,0.000376312,0
3.04947,0.00403273,0.000376312,0
3.05042,0.00403597,0.000381837,0
3.05143,0.00417712,0.000402911,0
3.05237,0.0040392,0.000387357,0
3.05342,0.00404083,0.00039011,0
3.05445,0.00404245,0.000392861,0
3.05572,0.00404406,0.000395605,0
3.05646,0.00404568,0.000398349,0
3.05739,0.0040473,0.000401089,0
3.0584,0.00404892,0.000403845,0
3.05936,0.00405054,0.000406601,0
3.06042,0.00405216,0.000409356,0
3.06144,0.00405378,0.000412105,0
3.06257,0.00405378,0.000412105,0
3.06341,0.00419618,0.000434176,0
3.06442,0.00419618,0.000434176,0
3.06536,0.00406024,0.000423068,0
3.06638,0.00406186,0.000425799,0
3.06741,0.00406347,0.000428527,0
3.06841,0.00406509,0.000431249,0
3.06936,0.00406671,0.00043397,0
3.07041,0.00406833,0.000436685,0
3.07143,0.00406994,0.000439397,0
3.07237,0.00407156,0.000442104,0
3.0734,0.00407318,0.000444809,0
3.07436,0.00421358,0.000462653,0
3.07543,0.00421517,0.000465221,0
3.07638,0.00407805,0.000452903,0
3.07737,0.00407967,0.000455593,0
3.0784,0.00421993,0.000472904,0
3.07941,0.00408291,0.000460962,0
3.08036,0.00408452,0.00046364,0
3.08141,0.00408614,0.000466313,0
3.08253,0.00408775,0.000468983,0
3.08341,0.00408775,0.000468983,0
3.0844,0.00422939,0.000488141,0
3.08546,0.00409261,0.000476968,0
3.08643,0.00409423,0.00047962,0
3.08761,0.00423413,0.000495702,0
3.08839,0.00409746,0.000484918,0
3.08942,0.00409907,0.000487562,0
3.09042,0.00423884,0.000503234,0
3.09142,0.0041023,0.000492837,0
3.09243,0.00410391,0.000495467,0
3.0934,0.00424355,0.000510729,0
3.09436,0.00410714,0.000500716,0
3.09542,0.00410876,0.000503336,0
3.0965,0.00410876,0.000503336,0
3.09744,0.00424827,0.000518183,0
3.09837,0.00411362,0.000511167,0
3.09939,0.00411362,0.000511167,0
3.10042,0.00425457,0.000528069,0
3.10141,0.00425614,0.00053053,0
3.10243,0.00425771,0.000532988,0
3.10341,0.00425771,0.000532988,0
3.10438,0.00426085,0.00053789,0
3.10537,0.00412491,0.000529303,0
3.10638,0.00426398,0.000542774,0
3.10739,0.00426398,0.000542774,0
3.1084,0.00412976,0.000537013,0
3.10942,0.00412976,0.000537013,0
3.11044,0.00427022,0.000552494,0
3.11142,0.00413457,0.000544694,0
3.11248,0.00427332,0.000557338,0
3.11341,0.00427487,0.000559752,0
3.11441,0.0041394,0.000552335,0
3.11536,0.004141,0.000554874,0
3.11672,0.00427954,0.000566966,0
3.1175,0.00414421,0.000559939,0
3.11837,0.00428264,0.000571755,0
3.11941,0.0042842,0.000574141,0
3.12062,0.00414904,0.000567502,0
3.12146,0.00428731,0.000578902,0
3.12241,0.00428885,0.000581279,0
3.12359,0.00415386,0.000575029,0
3.12442,0.00429195,0.000586016,0
3.12538,0.00428586,0.000585162,0
3.12648,0.00415258,0.000581665,0
3.12742,0.00415418,0.000584152,0
3.12839,0.00429205,0.000594581,0
3.12949,0.00415739,0.000589113,0
3.13041,0.00429515,0.000599261,0
3.13142,0.0042967,0.000601594,0
3.13238,0.00416221,0.000596521,0
3.13344,0.00429978,0.000606252,0
3.13439,0.00429978,0.000606252,0
3.13536,0.00430286,0.000610894,0
3.13643,0.00430441,0.000613207,0
3.1374,0.00417021,0.000608788,0
3.13847,0.00430749,0.00061782,0
3.13942,0.00430903,0.00062012,0
3.14041,0.00430903,0.00062012,0
3.14144,0.00417661,0.000618519,0
3.14244,0.00431364,0.000626988,0
3.14336,0.00417981,0.000623356,0
3.14451,0.00431671,0.000631543,0
3.14536,0.00431825,0.000633815,0
3.1464,0.00431825,0.000633815,0
3.14738,0.0043213,0.00063835,0
3.14841,0.00418778,0.000635381,0
3.14941,0.00418937,0.000637772,0
3.1504,0.00432586,0.000645124,0
3.15142,0.00432586,0.000645124,0
3.15244,0.00419256,0.000642541,0
3.15344,0.00433044,0.000651846,0
3.15441,0.00419734,0.000649658,0
3.1554,0.00419893,0.000652021,0
3.15639,0.00433502,0.000658524,0
3.15741,0.0042021,0.000656737,0
3.15842,0.00420369,0.000659088,0
3.15941,0.00433956,0.000665173,0
3.16036,0.00434107,0.000667379,0
3.16158,0.00420845,0.000666113,0
3.16249,0.00434411,0.000671774,0
3.16341,0.00434563,0.000673965,0
3.16438,0.00421321,0.000673092,0
3.16549,0.00434867,0.000678329,0
3.16666,0.00435018,0.000680503,0
3.16748,0.0043517,0.000682671,0
3.1684,0.00435323,0.000684837,0
3.16946,0.00422115,0.000684631,0
3.17066,0.00435625,0.000689159,0
3.17141,0.00435625,0.000689159,0
3.17245,0.00435926,0.000693462,0
3.17342,0.00436077,0.000695604,0
3.17442,0.00436228,0.000697743,0
3.17544,0.00423064,0.000698327,0
3.17641,0.00436528,0.000702005,0
3.17741,0.00423377,0.000702861,0
3.17843,0.00423534,0.00070512,0
3.17944,0.00436973,0.000708382,0
3.18042,0.00423849,0.000709621,0
3.1814,0.00437271,0.000712598,0
3.18248,0.00424163,0.000714095,0
3.18342,0.0042432,0.000716323,0
3.18442,0.00437718,0.000718858,0
3.18543,0.00439756,0.000720909,0
3.18642,0.00426672,0.00072281,0
3.1874,0.00426829,0.000725018,0
3.18846,0.00440351,0.000729142,0
3.18942,0.00440351,0.000729142,0
3.19039,0.00427456,0.000733799,0
3.19137,0.00440798,0.000735257,0
3.19242,0.00440946,0.000737285,0
3.19338,0.00427925,0.000740332,0
3.19443,0.00441241,0.000741319,0
3.19541,0.00441241,0.000741319,0
3.19643,0.00428393,0.000746814,0
3.19741,0.00441684,0.00074732,0
3.1984,0.00441684,0.00074732,0
3.19952,0.00441979,0.000751288,0
3.20055,0.00429017,0.000755378,0
3.2017,0.00442274,0.00075523,0
3.20243,0.00429327,0.000759635,0
3.20341,0.00442567,0.000759169,0
3.20443,0.00442712,0.000761131,0
3.20541,0.00429792,0.000765988,0
3.20641,0.00429792,0.000765988,0
3.20742,0.00429792,0.000765988,0
3.20841,0.00430256,0.000772292,0
3.20939,0.00443442,0.00077085,0
3.21045,0.00443587,0.000772777,0
3.21144,0.00430719,0.000778552,0
3.21256,0.00443878,0.000776619,0
3.21361,0.00444023,0.000778527,0
3.21441,0.00444023,0.000778527,0
3.21536,0.00444314,0.00078234,0
3.2165,0.00444314,0.00078234,0
3.21739,0.00444601,0.000786142,0
3.21841,0.00444745,0.000788034,0
3.21941,0.00431948,0.000795041,0
3.22041,0.00445033,0.000791799,0
3.22141,0.00432253,0.000799115,0
3.22238,0.00432406,0.000801146,0
3.2234,0.00445462,0.000797407,0
3.22441,0.00432711,0.000805189,0
3.22544,0.00445748,0.000801117,0
3.22641,0.00445748,0.000801117,0
3.22737,0.00433167,0.000811224,0
3.22844,0.00446174,0.000806667,0
3.22941,0.00446316,0.000808508,0
3.23036,0.00446316,0.000808508,0
3.23145,0.004466,0.00081217,0
3.23246,0.00446741,0.000813994,0
3.23337,0.00434077,0.000823168,0
3.23454,0.00447025,0.000817628,0
3.23543,0.00434378,0.000827107,0
3.23643,0.00434529,0.000829076,0
3.23743,0.00447445,0.000823048,0
3.23838,0.00447445,0.000823048,0
3.23981,0.00434978,0.000834952,0
3.24064,0.00447863,0.000828446,0
3.24163,0.00435278,0.000838838,0
3.24244,0.00435278,0.000838838,0
3.2434,0.00435428,0.000840774,0
3.24441,0.00448281,0.000833777,0
3.24545,0.00434457,0.000843811,0
3.2464,0.00447279,0.000836317,0
3.24736,0.00447279,0.000836317,0
3.24838,0.00447557,0.000839802,0
3.24942,0.00447696,0.000841542,0
3.25041,0.00447835,0.000843284,0
3.25139,0.00447973,0.000845022,0
3.25247,0.00435499,0.000857113,0
3.25342,0.00448249,0.000848473,0
3.25443,0.00448386,0.00085019,0
3.25545,0.00435943,0.000862741,0
3.25636,0.0044866,0.000853605,0
3.25736,0.00448797,0.000855306,0
3.25843,0.00448934,0.000856997,0
3.25942,0.00449071,0.000858684,0
3.26044,0.0043668,0.000872009,0
3.26141,0.00436827,0.00087385,0
3.26243,0.00449479,0.000863719,0
3.26337,0.00437119,0.000877523,0
3.26435,0.00437265,0.000879352,0
3.26541,0.00449883,0.00086874,0
3.26642,0.00437556,0.000882993,0
3.26741,0.00437702,0.000884807,0
3.26841,0.00450285,0.000873703,0
3.26946,0.00450419,0.000875345,0
3.27046,0.00438138,0.000890208,0
3.27146,0.00450688,0.000878607,0
3.27246,0.00450822,0.000880232,0
3.27342,0.00438573,0.00089556,0
3.27442,0.00438717,0.000897341,0
3.27541,0.00451221,0.000885086,0
3.27645,0.00439005,0.000900885,0
3.27742,0.00439148,0.000902649,0
3.27841,0.00451617,0.00088991,0
3.27941,0.00439435,0.000906159,0
3.28046,0.00439578,0.000907907,0
3.28139,0.00439578,0.000907907,0
3.28239,0.00452143,0.000896254,0
3.28346,0.00452143,0.000896254,0
3.28436,0.00452406,0.000899384,0
3.28543,0.00440293,0.000916553,0
3.28642,0.00452667,0.000902494,0
3.28746,0.00452798,0.000904045,0
3.2887,0.00440719,0.000921687,0
3.28947,0.0044086,0.000923391,0
3.29038,0.00453186,0.000908687,0
3.29139,0.00453315,0.000910221,0
3.29245,0.00441284,0.000928464,0
3.29343,0.00453573,0.000913268,0
3.29483,0.00453702,0.000914784,0
3.29547,0.00441706,0.000933485,0
3.29642,0.00453959,0.000917794,0
3.29742,0.00454087,0.000919291,0
3.29841,0.00454216,0.000920779,0
3.29943,0.00454343,0.000922267,0
3.30036,0.00454343,0.000922267,0
3.30147,0.00442545,0.000943396,0
3.30244,0.00442684,0.000945033,0
3.30349,0.0045485,0.000928204,0
3.30441,0.0045485,0.000928204,0
3.30545,0.00430958,0.000967091,0
3.30639,0.00443099,0.000949913,0
3.30751,0.00455226,0.000932603,0
3.3085,0.00455352,0.000934051,0
3.30942,0.00443513,0.000954732,0
3.31041,0.00455603,0.000936924,0
3.31137,0.00431861,0.000977673,0
3.31242,0.00443925,0.000959506,0
3.31357,0.00455976,0.00094121,0
3.3144,0.00468015,0.000922792,0
3.31539,0.00468015,0.000922792,0
3.31644,0.00444335,0.000964245,0
3.31743,0.00444471,0.000965812,0
3.31844,0.00444471,0.000965812,0
3.31941,0.00444743,0.000968919,0
3.32046,0.00444878,0.000970457,0
3.32143,0.00445014,0.00097199,0
3.32241,0.00445149,0.000973518,0
3.32344,0.00445285,0.000975044,0
3.32441,0.00445285,0.000975044,0
3.32541,0.00445662,0.000978163,0
3.32641,0.00445796,0.000979675,0
3.32743,0.0044593,0.000981183,0
3.32841,0.00446064,0.000982685,0
3.32935,0.00457919,0.000961854,0
3.33038,0.00446331,0.000985676,0
3.33141,0.00446464,0.000987162,0
3.33237,0.00446597,0.000988641,0
3.33344,0.00446729,0.000990115,0
3.33435,0.00446862,0.000991584,0
3.33542,0.00446994,0.000993047,0
3.33636,0.00458755,0.000971025,0
3.33741,0.00458755,0.000971025,0
3.33841,0.00447258,0.00099597,0
3.33941,0.00459111,0.000974913,0
3.3404,0.00459111,0.000974913,0
3.34144,0.00447784,0.00100176,0
3.34242,0.00459465,0.000978759,0
3.34335,0.00448046,0.00100462,0
3.34443,0.00448175,0.00100604,0
3.34536,0.00459814,0.000982533,0
3.34645,0.00459814,0.000982533,0
3.34745,0.00448565,0.00101025,0
3.34849,0.00448565,0.00101025,0
3.34941,0.00460276,0.000987449,0
3.35043,0.00448951,0.00101442,0
3.35141,0.00460506,0.000989892,0
3.35241,0.00449208,0.00101718,0
3.3534,0.00449335,0.00101855,0
3.35441,0.00460846,0.000993533,0
3.3554,0.00460846,0.000993533,0
3.35641,0.00449717,0.00102263,0
3.35749,0.00461185,0.00099711,0
3.3584,0.00461298,0.000998292,0
3.35941,0.0046141,0.000999463,0
3.36059,0.00461522,0.00100063,0
3.36143,0.00461634,0.00100179,0
3.36245,0.00450475,0.00103064,0
3.36344,0.00461857,0.0010041,0
3.36442,0.00461967,0.00100526,0
3.36587,0.0045085,0.00103458,0
3.36641,0.00450974,0.00103589,0
3.36743,0.00462296,0.0010087,0
3.36837,0.00451222,0.00103848,0
3.36941,0.00462514,0.00101096,0
3.37043,0.00462623,0.00101208,0
3.37138,0.00462623,0.00101208,0
3.37239,0.00451593,0.00104232,0
3.37341,0.00462948,0.00101541,0
3.37443,0.00463056,0.0010165,0
3.37544,0.00452083,0.00104737,0
3.37644,0.00452204,0.00104862,0
3.37742,0.00463376,0.00101979,0
3.37843,0.00463482,0.00102088,0
3.37942,0.00452568,0.00105235,0
3.38041,0.00463693,0.00102302,0
3.38143,0.00463798,0.00102409,0
3.38244,0.00463798,0.00102409,0
3.38343,0.00464009,0.0010262,0
3.38442,0.00464113,0.00102725,0
3.38541,0.00451729,0.00106022,0
3.38642,0.00462762,0.0010299,0
3.38741,0.00462865,0.00103093,0
3.38848,0.00452085,0.00106378,0
3.38943,0.00463071,0.00103297,0
3.39042,0.00463173,0.001034,0
3.39143,0.00452439,0.00106731,0
3.39241,0.00452556,0.00106848,0
3.39342,0.00463478,0.00103703,0
3.3944,0.0045279,0.00107079,0
3.39541,0.00452906,0.00107194,0
3.39643,0.0046378,0.00104001,0
3.39741,0.0046388,0.00104099,0
3.39836,0.00453254,0.00107534,0
3.3994,0.0046408,0.00104292,0
3.40043,0.0046418,0.00104388,0
3.40142,0.00453599,0.00107869,0
3.40243,0.00453713,0.00107981,0
3.40345,0.00464475,0.00104674,0
3.40441,0.00453941,0.00108201,0
3.40543,0.00454054,0.00108311,0
3.40645,0.00464767,0.00104957,0
3.40742,0.0045428,0.00108528,0
3.40841,0.00464961,0.00105142,0
3.4094,0.00465057,0.00105233,0
3.41044,0.00454618,0.00108849,0
3.41141,0.00465249,0.00105414,0
3.41239,0.00465344,0.00105503,0
3.41343,0.00454952,0.00109164,0
3.41442,0.00455063,0.00109269,0
3.41541,0.00465628,0.0010577,0
3.41642,0.00455283,0.00109477,0
3.41742,0.00455393,0.0010958,0
3.41842,0.00465908,0.00106034,0
3.41947,0.00455611,0.00109784,0
3.42042,0.00466093,0.00106206,0
3.42141,0.00466185,0.00106291,0
3.42245,0.00455937,0.00110086,0
3.42341,0.00466369,0.00106459,0
3.42441,0.0046646,0.00106542,0
3.42544,0.00456261,0.00110381,0
3.42641,0.00456367,0.00110479,0
3.42734,0.00466731,0.00106788,0
3.42848,0.0045658,0.00110673,0
3.42942,0.0046691,0.00106951,0
3.43057,0.00466999,0.00107032,0
3.43149,0.00456898,0.00110961,0
3.43239,0.00457003,0.00111055,0
3.43337,0.00457003,0.00111055,0
3.43439,0.00467351,0.00107348,0
3.43536,0.00457316,0.00111335,0
3.43642,0.00467526,0.00107501,0
3.43741,0.00467612,0.00107577,0
3.43838,0.00457627,0.00111609,0
3.43944,0.00467784,0.00107727,0
3.44045,0.0046787,0.00107802,0
3.44147,0.00457934,0.00111879,0
3.44242,0.0046804,0.0010795,0
3.44338,0.00468124,0.00108024,0
3.44438,0.00458238,0.00112145,0
3.44538,0.0046828,0.00108152,0
3.44637,0.00468363,0.00108223,0
3.44743,0.00458528,0.00112387,0
3.44844,0.00468529,0.00108364,0
3.44943,0.00468611,0.00108433,0
3.45042,0.00458826,0.00112642,0
3.45142,0.00458925,0.00112726,0
3.4524,0.00468854,0.00108639,0
3.45337,0.00459121,0.00112893,0
3.45441,0.00459219,0.00112975,0
3.45543,0.00469094,0.00108843,0
3.45637,0.00459413,0.00113139,0
3.45737,0.00459509,0.0011322,0
3.45843,0.00469331,0.0010904,0
3.45936,0.00459702,0.00113379,0
3.46042,0.00459797,0.00113458,0
3.46142,0.00469565,0.00109232,0
3.46243,0.00469642,0.00109294,0
3.46342,0.00460082,0.00113691,0
3.46441,0.00469795,0.00109417,0
3.46539,0.00469871,0.00109478,0
3.46651,0.00460363,0.0011392,0
3.46743,0.00470023,0.00109599,0
3.46838,0.00470097,0.00109659,0
3.46942,0.00460642,0.00114144,0
3.47041,0.00470246,0.00109777,0
3.47144,0.00470246,0.00109777,0
3.47237,0.00460917,0.00114362,0
3.47343,0.00470467,0.00109948,0
3.47446,0.00470539,0.00110004,0
3.47545,0.00461189,0.00114575,0
3.47642,0.00470683,0.00110113,0
3.4774,0.00470754,0.00110167,0
3.47843,0.00461457,0.00114783,0
3.47942,0.00470896,0.00110275,0
3.48042,0.00470966,0.00110328,0
3.48145,0.00461723,0.00114987,0
3.48241,0.00471105,0.00110433,0
3.48342,0.00471174,0.00110484,0
3.48442,0.00461984,0.00115186,0
3.48543,0.00462071,0.00115251,0
3.48642,0.00471378,0.00110635,0
3.48742,0.00462243,0.00115379,0
3.48842,0.00462328,0.00115443,0
3.48943,0.00471579,0.0011078,0
3.49039,0.00471645,0.00110826,0
3.49142,0.00462582,0.00115628,0
3.49242,0.00471776,0.00110918,0
3.49343,0.00471841,0.00110965,0
3.49437,0.00462832,0.00115811,0
3.49542,0.0047197,0.00111055,0
3.4964,0.00472033,0.001111,0
3.4974,0.0046308,0.00115988,0
3.49851,0.0046308,0.00115988,0
3.49942,0.00472222,0.00111228,0
3.50041,0.00463323,0.00116159,0
3.50153,0.00472346,0.00111311,0
3.50303,0.00472407,0.00111351,0
3.50357,0.00472407,0.00111351,0
3.50436,0.00472468,0.00111391,0
3.50549,0.00472529,0.00111431,0
3.50642,0.00472589,0.00111471,0
3.50743,0.00472649,0.0011151,0
3.5084,0.00472708,0.00111548,0
3.50944,0.00472767,0.00111585,0
3.5105,0.00464034,0.00116645,0
3.51141,0.00472883,0.00111659,0
3.51239,0.00472941,0.00111695,0
3.5134,0.00472998,0.0011173,0
3.5144,0.00473054,0.00111764,0
3.51538,0.00473111,0.00111797,0
3.51639,0.00473167,0.00111831,0
3.51734,0.00473222,0.00111865,0
3.51841,0.00473277,0.00111898,0
3.51948,0.00473332,0.0011193,0
3.52046,0.00473386,0.00111962,0
3.5215,0.0047344,0.00111993,0
3.52246,0.00473493,0.00112024,0
3.5235,0.00473546,0.00112053,0
3.52435,0.00473599,0.00112082,0
3.52546,0.00476146,0.00112258,0
3.52649,0.00476198,0.00112286,0
3.5275,0.00476249,0.00112313,0
3.52844,0.00476299,0.00112339,0
3.52942,0.00476349,0.00112365,0
3.53044,0.00476399,0.00112391,0
3.53137,0.00476449,0.00112417,0
3.53234,0.00476498,0.00112443,0
3.53343,0.00476546,0.00112467,0
3.53442,0.00476594,0.00112492,0
3.53544,0.00476642,0.00112515,0
3.53642,0.00476689,0.00112538,0
3.53739,0.00476736,0.0011256,0
3.53841,0.00476782,0.00112581,0
3.53941,0.00476828,0.00112602,0
3.54048,0.00476873,0.00112622,0
3.5414,0.00476918,0.00112642,0
3.54242,0.00476963,0.00112661,0
3.54341,0.00477007,0.00112681,0
3.54441,0.00477051,0.00112701,0
3.54541,0.00468985,0.00118256,0
3.54641,0.00477137,0.00112737,0
3.54741,0.00477179,0.00112754,0
3.54841,0.00469171,0.0011835,0
3.54942,0.00477262,0.00112786,0
3.55041,0.00477303,0.00112801,0
3.55141,0.00477344,0.00112816,0
3.55242,0.00477384,0.0011283,0
3.55341,0.00469474,0.00118495,0
3.55441,0.00477462,0.00112855,0
3.55541,0.00469593,0.0011855,0
3.55637,0.00469651,0.00118577,0
3.55742,0.00469709,0.00118603,0
3.55841,0.00469767,0.00118629,0
3.55942,0.00477652,0.00112916,0
3.56041,0.00469881,0.00118678,0
3.56142,0.00469938,0.00118702,0
3.56246,0.00469993,0.00118726,0
3.56343,0.00470049,0.00118748,0
3.56445,0.00470104,0.0011877,0
3.56537,0.00470159,0.00118792,0
3.56641,0.00477897,0.00112973,0
3.56739,0.00477931,0.0011298,0
3.5684,0.0047032,0.00118854,0
3.56936,0.00470373,0.00118874,0
3.57041,0.00470426,0.00118893,0
3.57141,0.00470478,0.00118912,0
3.57236,0.00470529,0.0011893,0
3.57341,0.00470581,0.00118947,0
3.57441,0.00470631,0.00118964,0
3.57555,0.00470682,0.0011898,0
3.57635,0.00470731,0.00118996,0
3.57748,0.00470781,0.00119011,0
3.57835,0.0047083,0.00119025,0
3.57947,0.00470878,0.00119039,0
3.58035,0.00470926,0.00119053,0
3.58142,0.00478349,0.00113015,0
3.58243,0.00471021,0.0011908,0
3.58337,0.00471068,0.00119092,0
3.58442,0.00471115,0.00119103,0
3.58544,0.00470099,0.00119155,0
3.58641,0.00470191,0.00119177,0
3.58742,0.00470236,0.00119186,0
3.58837,0.0047028,0.00119196,0
3.58951,0.00470324,0.00119204,0
3.5907,0.00477555,0.00113034,0
3.59147,0.00470411,0.00119221,0
3.59241,0.00470453,0.00119228,0
3.59341,0.0047762,0.00113016,0
3.59436,0.00470538,0.00119241,0
3.59538,0.00470579,0.00119247,0
3.5964,0.0047768,0.0011299,0
3.5975,0.0047066,0.00119257,0
3.59855,0.00470701,0.00119261,0
3.5994,0.0047074,0.00119265,0
3.60061,0.0047074,0.00119265,0
3.60141,0.00477772,0.00112938,0
3.60244,0.00470856,0.00119272,0
3.60342,0.00470893,0.00119274,0
3.60461,0.00470931,0.00119276,0
3.60542,0.00470968,0.00119276,0
3.60644,0.00470968,0.00119276,0
3.60754,0.0047104,0.00119276,0
3.60838,0.00471075,0.00119275,0
3.60939,0.0047111,0.00119273,0
3.61075,0.00471144,0.00119271,0
3.61157,0.00477917,0.00112798,0
3.61246,0.00471211,0.00119264,0
3.6134,0.00471245,0.00119261,0
3.61442,0.00477951,0.00112745,0
3.61542,0.0047131,0.00119253,0
3.61641,0.00477973,0.00112708,0
3.61746,0.00477982,0.00112689,0
3.61847,0.00471404,0.00119235,0
3.61942,0.00478001,0.00112647,0
3.62053,0.00478009,0.00112626,0
3.62138,0.00478009,0.00112626,0
3.62274,0.00471523,0.00119204,0
3.62344,0.00478031,0.00112558,0
3.62438,0.00478031,0.00112558,0
3.62537,0.00478044,0.00112512,0
3.62636,0.0047805,0.00112488,0
3.62745,0.0047805,0.00112488,0
3.62843,0.00478061,0.00112438,0
3.62957,0.00478061,0.00112438,0
3.63043,0.0047174,0.00119118,0
3.63144,0.00471765,0.00119106,0
3.63243,0.00471765,0.00119106,0
3.63341,0.00471813,0.00119078,0
3.63441,0.00471836,0.00119063,0
3.63541,0.00478077,0.00112247,0
3.63641,0.00471881,0.00119032,0
3.6374,0.00471903,0.00119016,0
3.63843,0.00478076,0.00112156,0
3.63945,0.00471945,0.00118982,0
3.64037,0.00471966,0.00118965,0
3.64144,0.00478072,0.00112064,0
3.64243,0.00472005,0.00118929,0
3.64342,0.00472024,0.0011891,0
3.64442,0.00478063,0.00111967,0
3.64564,0.00478059,0.00111934,0
3.64645,0.00472079,0.00118849,0
3.64742,0.00478049,0.00111864,0
3.64842,0.00478044,0.00111828,0
3.64942,0.00472129,0.00118783,0
3.6504,0.00478031,0.00111755,0
3.65143,0.00478024,0.0011172,0
3.65236,0.00472175,0.00118715,0
3.65338,0.0047801,0.00111646,0
3.65445,0.00478002,0.00111608,0
3.65546,0.00472217,0.00118641,0
3.65643,0.00477983,0.00111531,0
3.65741,0.00477974,0.00111491,0
3.65854,0.00472254,0.00118562,0
3.65943,0.00477952,0.0011141,0
3.66039,0.00477952,0.0011141,0
3.66143,0.00472287,0.00118479,0
3.66248,0.00477916,0.00111284,0
3.6634,0.00477904,0.00111243,0
3.66442,0.00472316,0.00118392,0
3.66542,0.00477127,0.00110972,0
3.66645,0.00471582,0.00118147,0
3.66743,0.0047159,0.00118116,0
3.66843,0.00477082,0.00110841,0
3.66942,0.00477066,0.00110796,0
3.6704,0.0047161,0.0011802,0
3.67142,0.00477033,0.00110703,0
3.6724,0.00471621,0.00117953,0
3.67342,0.00471625,0.00117919,0
3.67456,0.00476979,0.00110561,0
3.67545,0.00471633,0.00117849,0
3.67644,0.00471636,0.00117814,0
3.6774,0.0047692,0.00110416,0
3.67841,0.004769,0.00110367,0
3.67952,0.00471643,0.00117705,0
3.6804,0.00471643,0.00117705,0
3.68141,0.00476837,0.00110216,0
3.68242,0.00471645,0.00117592,0
3.68342,0.00471645,0.00117554,0
3.68444,0.00471645,0.00117554,0
3.68537,0.00476768,0.00110061,0
3.6864,0.00476719,0.00109954,0
3.68742,0.00476694,0.00109899,0
3.68841,0.00471636,0.0011735,0
3.68942,0.00471636,0.0011735,0
3.69037,0.00476616,0.00109735,0
3.69142,0.00471625,0.00117225,0
3.69246,0.00471621,0.00117182,0
3.6934,0.00476534,0.00109568,0
3.69442,0.00476506,0.00109512,0
3.69544,0.00471604,0.00117049,0
3.6964,0.00476447,0.00109395,0
3.69756,0.00476417,0.00109336,0
3.69847,0.00471582,0.00116912,0
3.69943,0.00476355,0.00109216,0
3.70065,0.00476355,0.00109216,0
3.70158,0.00471557,0.00116772,0
3.70236,0.0047626,0.00109038,0
3.70343,0.00471537,0.00116676,0
3.70442,0.00476194,0.00108917,0
3.70537,0.0047616,0.00108855,0
3.70642,0.00471504,0.00116528,0
3.70744,0.0047609,0.00108729,0
3.70839,0.0047609,0.00108729,0
3.70943,0.00471466,0.00116375,0
3.7104,0.00475981,0.00108535,0
3.71143,0.00475944,0.0010847,0
3.71241,0.00471423,0.00116218,0
3.71342,0.00475868,0.00108339,0
3.71438,0.0047583,0.00108274,0
3.71542,0.00471377,0.00116059,0
3.71639,0.0047136,0.00116005,0
3.71742,0.00475712,0.00108075,0
3.71845,0.00471326,0.00115895,0
3.71939,0.0047563,0.00107938,0
3.72042,0.00475588,0.00107869,0
3.72145,0.00471269,0.00115725,0
3.72242,0.00475502,0.00107729,0
3.7235,0.00475458,0.00107658,0
3.72445,0.00471208,0.00115551,0
3.72534,0.00474884,0.00107443,0
3.72637,0.0047484,0.00107372,0
3.72738,0.00470658,0.00115302,0
3.72842,0.00474749,0.00107229,0
3.72941,0.00474703,0.00107156,0
3.7305,0.00470589,0.00115121,0
3.73141,0.00474609,0.00107009,0
3.73282,0.00474561,0.00106935,0
3.73349,0.00470514,0.00114935,0
3.73438,0.00474463,0.00106784,0
3.73544,0.00474413,0.00106708,0
3.73642,0.00470436,0.00114746,0
3.73741,0.00470409,0.00114683,0
3.73842,0.00474262,0.00106481,0
3.73941,0.00470353,0.00114554,0
3.74041,0.00470324,0.00114489,0
3.74143,0.00474107,0.00106251,0
3.74241,0.00470265,0.00114357,0
3.74342,0.00470235,0.00114291,0
3.74441,0.00473946,0.00106015,0
3.74538,0.00470173,0.00114156,0
3.74641,0.00470141,0.00114088,0
3.7475,0.0047378,0.00105774,0
3.7484,0.00473723,0.00105692,0
3.74942,0.00470042,0.00113881,0
3.7504,0.00473609,0.00105529,0
3.75142,0.00473552,0.00105447,0
3.75244,0.00469939,0.00113671,0
3.75336,0.00473435,0.00105282,0
3.75442,0.00473376,0.00105198,0
3.75546,0.00469831,0.00113456,0
3.75656,0.00473256,0.00105029,0
3.75739,0.00473195,0.00104944,0
3.75845,0.00469719,0.00113237,0
3.75937,0.00473071,0.00104772,0
3.76036,0.00473009,0.00104688,0
3.76142,0.00469603,0.00113016,0
3.76242,0.00469563,0.00112942,0
3.76341,0.0047282,0.00104429,0
3.76448,0.00469482,0.00112791,0
3.76542,0.0046944,0.00112715,0
3.76641,0.00472625,0.00104166,0
3.7674,0.00469355,0.00112561,0
3.76839,0.00469312,0.00112484,0
3.76945,0.00472425,0.00103898,0
3.77041,0.00469224,0.00112327,0
3.77161,0.0046918,0.00112249,0
3.77244,0.00472222,0.00103628,0
3.77336,0.0046909,0.00112091,0
3.77442,0.00472084,0.00103446,0
3.77541,0.00472014,0.00103354,0
3.77643,0.0046895,0.0011185,0
3.7774,0.00468903,0.00111769,0
3.77841,0.004718,0.00103076,0
3.77941,0.00468806,0.00111605,0
3.78042,0.00471655,0.00102887,0
3.78156,0.00471581,0.00102792,0
3.78245,0.00471581,0.00102792,0
3.78337,0.00471432,0.00102599,0
3.78447,0.00471357,0.00102503,0
3.78543,0.00468502,0.00111103,0
3.78643,0.00471207,0.00102311,0
3.78743,0.00471207,0.00102311,0
3.7884,0.00471054,0.00102118,0
3.7894,0.00470976,0.0010202,0
3.7904,0.00470898,0.00101921,0
3.79142,0.00470819,0.00101822,0
3.79239,0.0047074,0.00101722,0
3.79343,0.00468069,0.00110409,0
3.7944,0.00468012,0.00110321,0
3.79542,0.00470499,0.00101421,0
3.79642,0.00467898,0.00110144,0
3.79742,0.00470337,0.00101222,0
3.79842,0.00470255,0.00101121,0
3.79946,0.00467723,0.00109875,0
3.80041,0.0047009,0.00100917,0
3.80144,0.00470006,0.00100815,0
3.80245,0.00467543,0.00109601,0
3.80341,0.00469837,0.00100608,0
3.80434,0.00469751,0.00100504,0
3.80543,0.00467232,0.00109296,0
3.8064,0.0046717,0.00109203,0
3.80737,0.0046717,0.00109203,0
3.80854,0.00467043,0.00109016,0
3.80942,0.00466979,0.00108922,0
3.81042,0.00469103,0.000998473,0
3.81141,0.00466849,0.00108733,0
3.81241,0.00466784,0.00108638,0
3.81343,0.00468836,0.00099529,0
3.81445,0.00466651,0.00108446,0
3.81542,0.00468654,0.000993134,0
3.81637,0.00468562,0.000992048,0
3.81747,0.00466447,0.00108153,0
3.81836,0.00468376,0.000989852,0
3.81936,0.00468283,0.000988761,0
3.82046,0.00466239,0.00107859,0
3.82141,0.00468097,0.000986573,0
3.82241,0.00468002,0.000985475,0
3.82343,0.00466027,0.00107561,0
3.82441,0.00465955,0.00107461,0
3.82541,0.00467716,0.000982148,0
3.82642,0.0046581,0.0010726,0
3.82742,0.00465736,0.00107159,0
3.82845,0.00467424,0.000978779,0
3.82944,0.00467325,0.000977643,0
3.8304,0.00465512,0.00106851,0
3.83142,0.00467126,0.000975348,0
3.83243,0.00467026,0.000974207,0
3.83345,0.00465284,0.00106542,0
3.83441,0.00466826,0.000971921,0
3.83541,0.00466725,0.000970774,0
3.83637,0.00465051,0.00106229,0
3.83741,0.0046652,0.000968455,0
3.83837,0.00466417,0.000967293,0
3.83941,0.00464813,0.00105912,0
3.84041,0.00464733,0.00105806,0
3.8414,0.00466105,0.000963772,0
3.84254,0.00464571,0.00105592,0
3.84345,0.00464489,0.00105484,0
3.84442,0.00465788,0.000960213,0
3.84544,0.00465788,0.000960213,0
3.84637,0.00465575,0.00095785,0
3.84743,0.00464158,0.00105052,0
3.84836,0.0046536,0.000955465,0
3.84942,0.00465251,0.000954264,0
3.85046,0.00463903,0.00104723,0
3.85139,0.00463903,0.00104723,0
3.85243,0.00465032,0.00095184,0
3.85339,0.00464921,0.000950625,0
3.85446,0.00464698,0.00094817,0
3.8555,0.00464586,0.000946939,0
3.85642,0.00464473,0.000945697,0
3.85741,0.00464473,0.000945697,0
3.85845,0.00464246,0.000943226,0
3.8596,0.00464246,0.000943226,0
3.86058,0.0046302,0.00103602,0
3.86146,0.0046302,0.00103602,0
3.86273,0.00463905,0.000939509,0
3.8634,0.00463789,0.000938264,0
3.86436,0.00463673,0.000937005,0
3.86544,0.00462818,0.00103159,0
3.86641,0.00463605,0.000934628,0
3.86746,0.00462631,0.00102926,0
3.86843,0.00463368,0.000932085,0
3.86939,0.00463249,0.00093081,0
3.87045,0.00462346,0.00102576,0
3.87142,0.00463009,0.000928249,0
3.87252,0.0046289,0.000926981,0
3.87348,0.00462769,0.000925699,0
3.87441,0.00462648,0.000924413,0
3.87542,0.00462526,0.000923121,0
3.87642,0.00462404,0.000921827,0
3.87765,0.00462282,0.000920527,0
3.87839,0.00462158,0.00091922,0
3.87948,0.00462034,0.000917909,0
3.88046,0.00461909,0.000916593,0
3.88145,0.00461783,0.000915272,0
3.88243,0.00461657,0.000913947,0
3.88344,0.0046153,0.000912617,0
3.88453,0.00461404,0.000911293,0
3.88542,0.00461277,0.000909974,0
3.88648,0.0046115,0.000908651,0
3.88762,0.00461022,0.000907322,0
3.88854,0.00460894,0.00090599,0
3.88956,0.00460437,0.00100288,0
3.8905,0.00460636,0.000903305,0
3.89143,0.00460505,0.000901948,0
3.89257,0.00460374,0.000900596,0
3.89344,0.00460242,0.000899239,0
3.89437,0.00459902,0.00099663,0
3.89542,0.00459977,0.000896512,0
3.89646,0.00459845,0.000895152,0
3.89742,0.00459712,0.000893796,0
3.8984,0.00459579,0.000892437,0
3.89942,0.00459445,0.000891073,0
3.90044,0.00459311,0.000889704,0
3.90159,0.00459176,0.000888329,0
3.90245,0.00459084,0.000787497,0
3.90343,0.00458905,0.000885572,0
3.90456,0.00458768,0.000884185,0
3.9054,0.00458631,0.000882793,0
3.90643,0.00458492,0.000881394,0
3.90736,0.00458353,0.000879992,0
3.90836,0.0045834,0.000978752,0
3.90938,0.00458074,0.000877175,0
3.9107,0.00457934,0.000875769,0
3.91136,0.00457992,0.000974841,0
3.91241,0.00457876,0.000973532,0
3.91341,0.00457758,0.000972221,0
3.91442,0.0045764,0.000970904,0
3.91542,0.00457522,0.000969584,0
3.91635,0.00457403,0.00096826,0
3.91737,0.00457283,0.000966932,0
3.91845,0.00457163,0.0009656,0
3.9194,0.00457042,0.000964265,0
3.9205,0.00456921,0.000962925,0
3.92135,0.004568,0.000961592,0
3.92241,0.004568,0.000961592,0
3.92391,0.00456678,0.000960255,0
3.92441,0.0045607,0.000857274,0
3.92538,0.00455921,0.00085583,0
3.92697,0.00455921,0.00085583,0
3.92742,0.00456866,0.00105814,0
3.92843,0.00456866,0.00105814,0
3.92991,0.00456866,0.00105814,0
3.93036,0.00456765,0.00105689,0
3.93138,0.0045605,0.000953481,0
3.93246,0.00455789,0.000950713,0
3.93337,0.00454994,0.000846937,0
3.9344,0.00454836,0.000845436,0
3.93543,0.00454676,0.000843923,0
3.93644,0.00454516,0.00084241,0
3.93736,0.00454356,0.000840894,0
3.93841,0.00454356,0.000840894,0
3.93938,0.00454992,0.000942367,0
3.94052,0.00454856,0.000940966,0
3.94142,0.00454856,0.000940966,0
3.94237,0.00454719,0.000939562,0
3.94344,0.00454719,0.000939562,0
3.94437,0.00454442,0.00093673,0
3.94542,0.00456877,0.000936673,0
3.94652,0.00456877,0.000936673,0
3.94747,0.00455608,0.000829999,0
3.94838,0.00455439,0.000828459,0
3.94943,0.00456311,0.000930991,0
3.95041,0.00455098,0.00082536,0
3.95141,0.00456023,0.000928137,0
3.95251,0.00455878,0.000926711,0
3.95341,0.00454583,0.00082072,0
3.95437,0.00455586,0.000923843,0
3.95541,0.00455439,0.000922408,0
3.95641,0.00454061,0.000816064,0
3.95735,0.00455142,0.000919526,0
3.95838,0.00454993,0.000918095,0
3.9594,0.00453534,0.000811417,0
3.96039,0.00454693,0.000915217,0
3.96137,0.00454542,0.000913777,0
3.96241,0.00453003,0.000806779,0
3.96335,0.00454237,0.000910882,0
3.96442,0.00454084,0.000909436,0
3.96541,0.00453929,0.000907985,0
3.96642,0.00452284,0.00080056,0
3.9674,0.00453618,0.000905069,0
3.96842,0.00453461,0.000903611,0
3.96942,0.00451736,0.000795862,0
3.97041,0.00453145,0.000900679,0
3.97141,0.00452986,0.000899213,0
3.9724,0.00451181,0.000791152,0
3.97338,0.00450996,0.000789589,0
3.97445,0.00452505,0.000894813,0
3.97544,0.00452505,0.000894813,0
3.97645,0.00450435,0.000784878,0
3.97739,0.00450435,0.000784878,0
3.97845,0.00452017,0.000890386,0
3.97956,0.00450056,0.000781718,0
3.98049,0.00451688,0.000887424,0
3.98145,0.00449675,0.000778556,0
3.98238,0.00449483,0.000776979,0
3.98338,0.00451189,0.000882978,0
3.9844,0.004491,0.00077383,0
3.98539,0.00448907,0.000772256,0
3.98647,0.00448713,0.000770668,0
3.98748,0.00448518,0.000769079,0
3.98841,0.00448322,0.000767485,0
3.98938,0.0045017,0.000874019,0
3.99038,0.00447927,0.00076429,0
3.99159,0.00447729,0.000762689,0
3.99247,0.00447529,0.000761083,0
3.99338,0.00447529,0.000761083,0
3.99435,0.00449474,0.000867987,0
3.99544,0.00449298,0.000866481,0
3.99645,0.00449122,0.000864973,0
3.99741,0.00448943,0.000863452,0
3.99841,0.0044652,0.000753052,0
3.99938,0.00448584,0.000860394,0
4.00042,0.00446107,0.000749785,0
4.00139,0.00446107,0.000749785,0
4.00243,0.00445691,0.00074651,0
4.00342,0.00447855,0.000854254,0
4.00451,0.00447855,0.000854254,0
4.00547,0.00445021,0.00074163,0
4.00645,0.00445021,0.00074163,0
4.00742,0.00444599,0.000738356,0
4.00838,0.00444387,0.000736718,0
4.00941,0.00444174,0.000735074,0
4.01045,0.00446512,0.0008435,0
4.0114,0.00446512,0.0008435,0
4.01241,0.00443747,0.000731791,0
4.01345,0.00446134,0.000840415,0
4.01442,0.00443317,0.000728511,0
4.01541,0.004431,0.000726848,0
4.01643,0.00440234,0.00061474,0
4.01741,0.0044517,0.000832597,0
4.01841,0.00442224,0.000720211,0
4.01952,0.00442224,0.000720211,0
4.02058,0.00441785,0.000716927,0
4.02142,0.00441785,0.000716927,0
4.02245,0.00444389,0.000826363,0
4.02338,0.00441342,0.000713622,0
4.02437,0.00441119,0.000711965,0
4.0254,0.00440895,0.000710307,0
4.02639,0.00440671,0.000708644,0
4.0275,0.00437526,0.000595536,0
4.02847,0.0044022,0.000705307,0
4.02936,0.00439992,0.00070363,0
4.03041,0.00442786,0.000813758,0
4.0314,0.00439536,0.000700295,0
4.03237,0.00439308,0.000698636,0
4.03349,0.0043908,0.000696979,0
4.0345,0.00438851,0.000695317,0
4.0356,0.00438621,0.000693653,0
4.03644,0.0043839,0.000691984,0
4.03763,0.00438157,0.000690314,0
4.03841,0.00437924,0.000688639,0
4.0394,0.00440928,0.000799494,0
4.04043,0.00437456,0.000685292,0
4.04155,0.00437221,0.000683621,0
4.04258,0.00436985,0.000681935,0
4.04347,0.00436748,0.00068025,0
4.04441,0.00436511,0.000678569,0
4.04546,0.00436274,0.000676897,0
4.04643,0.00436036,0.000675221,0
4.04738,0.00436036,0.000675221,0
4.04847,0.00439009,0.000785099,0
4.04941,0.00438792,0.000783492,0
4.0504,0.00435076,0.000668493,0
4.0514,0.00438355,0.00078027,0
4.0524,0.00438136,0.000778655,0
4.05345,0.00437916,0.000777039,0
4.05451,0.00437694,0.00077542,0
4.05546,0.00433856,0.000660022,0
4.05659,0.00433609,0.00065832,0
4.05748,0.00433363,0.000656618,0
4.05841,0.00436803,0.000768927,0
4.05944,0.00436578,0.0007673,0
4.06043,0.00436578,0.0007673,0
4.06136,0.00436128,0.000764054,0
4.06236,0.0043212,0.000648113,0
4.06338,0.0043212,0.000648113,0
4.06502,0.00435445,0.000759166,0
4.06548,0.00431364,0.000643003,0
4.0664,0.00431364,0.000643003,0
4.06744,0.00434753,0.000754252,0
4.06836,0.00430599,0.000637849,0
4.06941,0.00430599,0.000637849,0
4.07043,0.00430087,0.000634427,0
4.07136,0.00433823,0.000747696,0
4.07245,0.00433589,0.000746058,0
4.07336,0.00429315,0.0006293,0
4.07466,0.00433118,0.000742768,0
4.07565,0.00432882,0.000741126,0
4.07638,0.00428537,0.000624149,0
4.07741,0.0042828,0.000622435,0
4.07841,0.00432193,0.000736228,0
4.07944,0.00432193,0.000736228,0
4.08042,0.00427586,0.000617453,0
4.08141,0.00427358,0.000615805,0
4.0824,0.004313,0.000729757,0
4.08341,0.00431075,0.000728142,0
4.08442,0.00426665,0.000610867,0
4.08543,0.0043066,0.000724858,0
4.08641,0.00430431,0.000723235,0
4.08738,0.00425996,0.000605866,0
4.08841,0.00425756,0.000604202,0
4.08941,0.00429736,0.000718343,0
4.09041,0.00429736,0.000718343,0
4.09154,0.00429502,0.000716713,0
4.09254,0.00429031,0.000713432,0
4.0934,0.00424528,0.000595818,0
4.0944,0.00424279,0.000594144,0
4.09538,0.00428319,0.000708527,0
4.09641,0.00423777,0.0005908,0
4.0974,0.00423525,0.000589129,0
4.09841,0.0042327,0.000587444,0
4.0994,0.00423015,0.000585759,0
4.10048,0.00427113,0.000700323,0
4.1014,0.00426869,0.000698685,0
4.1025,0.00426869,0.000698685,0
4.10341,0.00426379,0.000695394,0
4.10442,0.00426132,0.000693749,0
4.10541,0.00421455,0.000575634,0
4.10648,0.00425637,0.000690449,0
4.10746,0.00425388,0.000688802,0
4.10848,0.00420661,0.000570548,0
4.10958,0.00424889,0.000685512,0
4.1104,0.00420128,0.000567165,0
4.11137,0.00420128,0.000567165,0
4.11238,0.00424135,0.000680553,0
4.11341,0.00423882,0.000678906,0
4.11441,0.00419051,0.000560373,0
4.11541,0.00418779,0.000558671,0
4.11642,0.00423118,0.000673937,0
4.11746,0.00418231,0.00055525,0
4.11846,0.00417956,0.000553539,0
4.11953,0.00417679,0.00055182,0
4.12038,0.00417679,0.00055182,0
4.12141,0.00417126,0.000548401,0
4.12241,0.00421571,0.000663982,0
4.12343,0.00421312,0.000662331,0
4.12436,0.00416293,0.000543295,0
4.12537,0.0042079,0.000659014,0
4.12643,0.00420528,0.000657357,0
4.12735,0.00420528,0.000657357,0
4.12835,0.00420002,0.00065403,0
4.12946,0.00414887,0.00053474,0
4.13044,0.00414603,0.00053302,0
4.1314,0.00414318,0.000531287,0
4.13242,0.00418944,0.000647357,0
4.13343,0.0041375,0.000527852,0
4.13444,0.00413466,0.000526141,0
4.13546,0.00418147,0.000642358,0
4.1364,0.00412895,0.000522699,0
4.13742,0.00412609,0.000520978,0
4.13843,0.00412321,0.000519246,0
4.13935,0.00412321,0.000519246,0
4.14043,0.00411745,0.000515781,0
4.14136,0.00411745,0.000515781,0
4.14246,0.00416539,0.00063231,0
4.1434,0.00411167,0.000512315,0
4.14444,0.00415999,0.000628948,0
4.14537,0.00408001,0.000507284,0
4.14649,0.00407711,0.000505553,0
4.1474,0.0040742,0.000503819,0
4.14838,0.0041233,0.000620671,0
4.14942,0.00406838,0.000500351,0
4.15042,0.00406253,0.000496873,0
4.1514,0.00406253,0.000496873,0
4.15245,0.0040596,0.000495124,0
4.1534,0.00405666,0.000493374,0
4.1544,0.0041069,0.000610538,0
4.15539,0.00405076,0.000489874,0
4.15637,0.00404781,0.000488124,0
4.15739,0.00404485,0.000486364,0
4.15854,0.00398811,0.00036551,0
4.15939,0.00403893,0.000482856,0
4.16043,0.00403596,0.000481098,0
4.16141,0.004033,0.000479347,0
4.16242,0.00403002,0.000477593,0
4.16375,0.00403002,0.000477593,0
4.16442,0.00402407,0.000474078,0
4.16543,0.00402108,0.000472317,0
4.16646,0.00401809,0.000470552,0
4.16742,0.00401509,0.000468786,0
4.16842,0.00401208,0.000467017,0
4.16965,0.00406529,0.000585007,0
4.17035,0.00400606,0.000463471,0
4.17153,0.00405968,0.000581585,0
4.17243,0.00400005,0.000459945,0
4.17347,0.00399704,0.000458184,0
4.1744,0.00399403,0.000456419,0
4.17539,0.00404843,0.000574735,0
4.17639,0.00404562,0.000573013,0
4.1774,0.0040428,0.000571284,0
4.1784,0.00403999,0.000569545,0
4.17942,0.00403717,0.000567799,0
4.1804,0.00403434,0.000566046,0
4.18141,0.00397294,0.000443856,0
4.18244,0.00402867,0.000562527,0
4.18343,0.00402584,0.00056076,0
4.18442,0.00402584,0.00056076,0
4.1854,0.00396085,0.000436551,0
4.1864,0.00396085,0.000436551,0
4.1874,0.00401729,0.000555407,0
4.1884,0.00395475,0.000432829,0
4.18941,0.00401156,0.000551796,0
4.19041,0.00401156,0.000551796,0
4.1914,0.00406898,0.000670942,0
4.19243,0.00400581,0.000548146,0
4.19335,0.00400292,0.000546308,0
4.1944,0.00400292,0.000546308,0
4.19537,0.00400003,0.000544463,0
4.19638,0.00399713,0.00054261,0
4.19735,0.00399423,0.000540751,0
4.19842,0.00399131,0.000538873,0
4.19935,0.00399131,0.000538873,0
4.20035,0.00398839,0.000536988,0
4.20144,0.00398546,0.000535086,0
4.20241,0.00398252,0.000533176,0
4.20344,0.00398252,0.000533176,0
4.20444,0.00397958,0.000531257,0
4.20557,0.00397434,0.000529458,0
4.20641,0.00397139,0.000527524,0
4.20737,0.00396843,0.000525574,0
4.20841,0.00396843,0.000525574,0
4.20942,0.00396547,0.000523626,0
4.21037,0.00396251,0.00052167,0
4.21138,0.00396251,0.00052167,0
4.2124,0.00389285,0.000395335,0
4.2134,0.00389285,0.000395335,0
4.21448,0.00395356,0.000515719,0
4.21543,0.00395058,0.000513724,0
4.21642,0.00388318,0.000389024,0
4.21742,0.00394458,0.000509702,0
4.21841,0.00394458,0.000509702,0
4.21939,0.00394157,0.000507674,0
4.22042,0.00393856,0.00050564,0
4.22141,0.00393555,0.000503597,0
4.22235,0.00393253,0.000501548,0
4.2234,0.0039295,0.000499491,0
4.22446,0.00392647,0.000497427,0
4.22536,0.00385717,0.000371809,0
4.2264,0.00385717,0.000371809,0
4.22741,0.00391736,0.000491181,0
4.22846,0.00384734,0.000365222,0
4.22943,0.00391127,0.000486987,0
4.23041,0.00391127,0.000486987,0
4.23143,0.00390517,0.000482766,0
4.23237,0.00383422,0.000356377,0
4.23341,0.00389905,0.000478515,0
4.23479,0.00389905,0.000478515,0
4.23543,0.00389293,0.000474247,0
4.2367,0.00388986,0.000472107,0
4.2374,0.0038178,0.000345226,0
4.23836,0.00388372,0.000467796,0
4.2394,0.00381121,0.00034072,0
4.24042,0.00387755,0.000463458,0
4.24141,0.00387447,0.000461283,0
4.24239,0.0038013,0.00033392,0
4.24338,0.00386828,0.000456903,0
4.24441,0.00386518,0.000454707,0
4.24542,0.00386518,0.000454707,0
4.24657,0.00379136,0.000327062,0
4.24743,0.00385898,0.000450296,0
4.24846,0.00378474,0.00032248,0
4.2494,0.00385277,0.000445867,0
4.2504,0.00377811,0.000317872,0
4.25146,0.00384654,0.000441402,0
4.25241,0.00384654,0.000441402,0
4.2534,0.00384029,0.000436909,0
4.2544,0.00383716,0.000434653,0
4.25544,0.00383402,0.000432389,0
4.25647,0.00383088,0.00043012,0
4.2574,0.00382774,0.000427843,0
4.25841,0.0038246,0.00042557,0
4.25942,0.00382146,0.00042329,0
4.2604,0.00381831,0.000421004,0
4.26142,0.00381516,0.000418711,0
4.26241,0.00381201,0.000416412,0
4.26335,0.00380885,0.000414106,0
4.26435,0.00380568,0.000411794,0
4.26543,0.00380424,0.000409597,0
4.26641,0.00380107,0.000407272,0
4.26745,0.00379789,0.00040494,0
4.26839,0.00379471,0.000402604,0
4.26935,0.00379153,0.00040027,0
4.27043,0.00371279,0.000270666,0
4.27141,0.00378516,0.000395588,0
4.2724,0.00378197,0.000393229,0
4.27341,0.00377877,0.000390875,0
4.27437,0.00377557,0.000388516,0
4.27536,0.00377237,0.000386154,0
4.27637,0.00376916,0.000383786,0
4.27745,0.00376916,0.000383786,0
4.27838,0.00376595,0.000381416,0
4.27947,0.00376273,0.00037904,0
4.28041,0.00368222,0.00024884,0
4.28146,0.00367881,0.000246396,0
4.28242,0.00367539,0.000243949,0
4.28345,0.00367539,0.000243949,0
4.2844,0.00366855,0.000239044,0
4.28539,0.00366512,0.000236587,0
4.28642,0.00358346,0.000105987,0
4.28743,0.00365825,0.000231654,0
4.28841,0.00373364,0.000357491,0
4.28939,0.00373039,0.000355081,0
4.29063,0.00373039,0.000355081,0
4.29141,0.00372387,0.000350256,0
4.29238,0.00372062,0.000347848,0
4.29347,0.00372062,0.000347848,0
4.29435,0.00363411,0.000214382,0
4.29553,0.00371085,0.000340611,0
4.29651,0.00370757,0.000338184,0
4.29739,0.0037043,0.000335764,0
4.29842,0.00370103,0.000333342,0
4.29956,0.00370103,0.000333342,0
4.30044,0.00369447,0.000328492,0
4.30144,0.00360987,0.00019707,0
4.3025,0.00360987,0.00019707,0
4.30342,0.0036879,0.000323634,0
4.30449,0.00360292,0.000192111,0
4.30562,0.00359946,0.000189638,0
4.30637,0.00359598,0.000187163,0
4.30743,0.00359249,0.000184678,0
4.30836,0.003589,0.000182189,0
4.30938,0.00358551,0.0001797,0
4.31042,0.00358201,0.000177208,0
4.3115,0.00358201,0.000177208,0
4.31279,0.003575,0.000172222,0
4.31341,0.00357149,0.000169728,0
4.31448,0.00356799,0.00016724,0
4.31541,0.00364824,0.000294368,0
4.31645,0.00364491,0.000291917,0
4.3181,0.00364491,0.000291917,0
4.31842,0.00355399,0.000157298,0
4.31981,0.00355048,0.000154813,0
4.32042,0.00354697,0.000152328,0
4.32141,0.00354346,0.00014984,0
4.32242,0.00362495,0.000277242,0
4.32341,0.00362161,0.000274791,0
4.32442,0.00353291,0.000142371,0
4.32589,0.00352938,0.000139878,0
4.3264,0.00361158,0.000267443,0
4.32742,0.00352235,0.000134918,0
4.32845,0.00351884,0.000132441,0
4.32944,0.00360156,0.000260103,0
4.33048,0.00359821,0.000257655,0
4.33143,0.00359485,0.000255205,0
4.33245,0.0035915,0.000252754,0
4.33347,0.00358814,0.000250302,0
4.33457,0.00358479,0.000247858,0
4.33542,0.00358144,0.000245413,0
4.33649,0.00357808,0.000242967,0
4.33739,0.00357472,0.00024052,0
4.33841,0.00357136,0.000238072,0
4.33939,0.003568,0.000235623,0
4.34039,0.00356463,0.000233173,0
4.3414,0.00356126,0.000230721,0
4.34246,0.00355788,0.00022827,0
4.34337,0.00355451,0.000225816,0
4.34437,0.00355113,0.000223363,0
4.34537,0.00354828,0.000221019,0
4.34635,0.0035449,0.000218573,0
4.34739,0.00354152,0.000216126,0
4.34841,0.00353814,0.000213679,0
4.34945,0.00344523,8.05612e-05,0
4.35042,0.00353136,0.000208773,0
4.35138,0.00352797,0.000206322,0
4.3524,0.00352458,0.000203873,0
4.35343,0.00352119,0.000201422,0
4.35437,0.0035178,0.000198971,0
4.35539,0.0035144,0.000196519,0
4.35637,0.003511,0.000194068,0
4.35741,0.0035076,0.000191616,0
4.35838,0.00350422,0.000189175,0
4.3594,0.00350083,0.000186733,0
4.36038,0.00349745,0.000184295,0
4.36142,0.00340264,5.09162e-05,0
4.36241,0.00349077,0.000179421,0
4.36337,0.00348744,0.000176987,0
4.3645,0.00339225,4.35468e-05,0
4.36556,0.00348074,0.000172104,0
4.36639,0.00347738,0.000169656,0
4.36738,0.00347401,0.000167214,0
4.36837,0.00347063,0.000164772,0
4.36947,0.00346726,0.000162337,0
4.37039,0.00337135,2.87967e-05,0
4.37144,0.00337135,2.87967e-05,0
4.37239,0.0034571,0.000155021,0
4.37344,0.00336085,2.14461e-05,0
4.37444,0.0034503,0.000150138,0
4.37543,0.00344689,0.000147691,0
4.37641,0.00344349,0.000145254,0
4.37735,0.00334676,1.16263e-05,0
4.37839,0.00343664,0.00014037,0
4.37945,0.00343322,0.000137932,0
4.3804,0.00342979,0.000135496,0
4.38146,0.00342637,0.000133067,0
4.38235,0.00332906,5.98675e-07,0
4.38344,0.00332552,3.03738e-06,0
4.38451,0.00341605,0.000125768,0
4.38551,0.00341605,0.000125768,0
4.38661,0.00331483,1.03617e-05,0
4.38748,0.00331483,1.03617e-05,0
4.38842,0.00330768,1.52491e-05,0
4.38945,0.00330768,1.52491e-05,0
4.3906,0.00339527,0.000111174,0
4.39169,0.00339527,0.000111174,0
4.39259,0.00329691,2.25756e-05,0
4.39342,0.00338483,0.000103892,0
4.3944,0.00338483,0.000103892,0
4.39543,0.00328611,2.98725e-05,0
4.39636,0.00327891,3.47204e-05,0
4.39741,0.00327529,3.71483e-05,0
4.39863,0.00327529,3.71483e-05,0
4.39942,0.00317239,0.00017339,0
4.40045,0.00317239,0.00017339,0
4.40146,0.00326074,4.68812e-05,0
4.40276,0.0032571,4.93012e-05,0
4.40338,0.0032571,4.93012e-05,0
4.40448,0.00334969,7.96968e-05,0
4.40547,0.00325126,5.42075e-05,0
4.40647,0.00324761,5.66163e-05,0
4.4074,0.00324395,5.90269e-05,0
4.40863,0.00324028,6.14372e-05,0
4.40938,0.0032366,6.38489e-05,0
4.41057,0.00332981,6.51588e-05,0
4.4114,0.00322922,6.86692e-05,0
4.41253,0.00322552,7.10781e-05,0
4.41357,0.00322181,7.34877e-05,0
4.41461,0.00321809,7.5896e-05,0
4.41547,0.00321438,7.82962e-05,0
4.41643,0.00321066,8.06857e-05,0
4.41742,0.00320695,8.30765e-05,0
4.41848,0.00320322,8.54666e-05,0
4.41953,0.00319949,8.78581e-05,0
4.42047,0.00319575,9.02491e-05,0
4.4214,0.00329027,3.88085e-05,0
4.42245,0.00318826,9.50243e-05,0
4.42355,0.00318451,9.74085e-05,0
4.42443,0.00327939,3.16518e-05,0
4.42552,0.00317698,0.000102187,0
4.42652,0.00317322,0.000104562,0
4.42739,0.00316946,0.00010694,0
4.42841,0.00316569,0.000109316,0
4.42948,0.00316191,0.000111695,0
4.43043,0.00315813,0.000114073,0
4.4314,0.00315435,0.000116453,0
4.43259,0.00315435,0.000116453,0
4.43339,0.00314676,0.000121213,0
4.43443,0.00314676,0.000121213,0
4.43542,0.00313916,0.000125976,0
4.43638,0.00313535,0.000128358,0
4.43742,0.00323188,7.4149e-07,0
4.43835,0.00312771,0.000133123,0
4.43954,0.00322451,4.00993e-06,0
4.44041,0.00322084,6.37591e-06,0
4.44135,0.00321716,8.7425e-06,0
4.44235,0.00321348,1.1108e-05,0
4.4434,0.00320979,1.34741e-05,0
4.44439,0.0032061,1.58394e-05,0
4.44535,0.00320241,1.82055e-05,0
4.44635,0.00319871,2.05705e-05,0
4.44736,0.00319502,2.29363e-05,0
4.44841,0.00319132,2.53011e-05,0
4.44938,0.00318761,2.76665e-05,0
4.45044,0.00318391,3.00309e-05,0
4.45144,0.00307801,0.000163934,0
4.4524,0.0031765,3.47512e-05,0
4.45366,0.0031728,3.71071e-05,0
4.45442,0.0031691,3.9463e-05,0
4.45556,0.00316539,4.18179e-05,0
4.45662,0.00305887,0.000175715,0
4.45744,0.00315798,4.65283e-05,0
4.4586,0.00315798,4.65283e-05,0
4.45946,0.0030512,0.000180437,0
4.46043,0.00304735,0.000182804,0
4.4614,0.00303964,0.000187547,0
4.46234,0.00303578,0.000189916,0
4.46346,0.00313565,6.06844e-05,0
4.46439,0.00302809,0.000194625,0
4.46535,0.00303645,0.000196465,0
4.4664,0.00313669,6.72289e-05,0
4.46738,0.00302875,0.000201177,0
4.46842,0.0030249,0.000203528,0
4.46943,0.00302104,0.000205889,0
4.47043,0.00302104,0.000205889,0
4.47149,0.00301332,0.000210613,0
4.47242,0.00301332,0.000210613,0
4.4734,0.00311433,8.13319e-05,0
4.47436,0.00300562,0.00021531,0
4.47542,0.00300177,0.000217656,0
4.47643,0.00299793,0.00022,0
4.47739,0.00299408,0.000222346,0
4.47844,0.00299023,0.000224692,0
4.47942,0.00309196,9.53946e-05,0
4.48041,0.00298254,0.000229378,0
4.48158,0.00297869,0.000231717,0
4.48239,0.00308077,0.000102416,0
4.48363,0.00297101,0.000236397,0
4.4844,0.00296718,0.000238718,0
4.48537,0.00296334,0.000241051,0
4.48646,0.0029595,0.000243384,0
4.48745,0.0028493,0.000377374,0
4.48839,0.00295181,0.000248061,0
4.48945,0.00294796,0.000250406,0
4.49044,0.00294411,0.000252742,0
4.4914,0.00294027,0.000255078,0
4.49244,0.00293643,0.000257405,0
4.49338,0.0029326,0.000259724,0
4.49434,0.00292878,0.000262043,0
4.49541,0.00292495,0.000264364,0
4.4964,0.0030286,0.000135058,0
4.4975,0.00291729,0.000268999,0
4.49843,0.00291347,0.000271312,0
4.49942,0.00301743,0.000142028,0
4.50043,0.0029058,0.00027596,0
4.50138,0.00290196,0.000278286,0
4.50253,0.00300625,0.000149005,0
4.50366,0.00289428,0.000282938,0
4.50446,0.00289044,0.000285265,0
4.5054,0.00288661,0.000287584,0
4.50642,0.00299134,0.000158292,0
4.50738,0.00287897,0.000292203,0
4.50839,0.00287514,0.000294515,0
4.50935,0.00287132,0.000296826,0
4.51038,0.00286749,0.000299139,0
4.51135,0.00286367,0.000301451,0
4.51247,0.00285984,0.000303765,0
4.51342,0.00285601,0.000306079,0
4.51446,0.00285218,0.000308394,0
4.51535,0.00284836,0.000310709,0
4.51639,0.00295411,0.000181459,0
4.51741,0.00284071,0.000315332,0
4.51838,0.00294668,0.000186075,0
4.51939,0.00283309,0.00031993,0
4.52041,0.00271942,0.000453795,0
4.52153,0.00293553,0.000193005,0
4.52248,0.00293181,0.000195312,0
4.52346,0.00281782,0.00032915,0
4.52439,0.00292438,0.000199927,0
4.52541,0.00292066,0.000202233,0
4.52642,0.00280639,0.000336049,0
4.52736,0.00269205,0.000469869,0
4.52841,0.00290954,0.000209136,0
4.5294,0.00279499,0.000342926,0
4.53047,0.00290213,0.000213732,0
4.53134,0.00289841,0.000216039,0
4.53235,0.00289471,0.000218337,0
4.53337,0.00277978,0.000352098,0
4.53435,0.00266478,0.000485871,0
4.5354,0.00277218,0.000356679,0
4.53637,0.002657,0.000490438,0
4.53736,0.00276459,0.000361262,0
4.53844,0.00264923,0.000495009,0
4.53939,0.002757,0.000365846,0
4.54041,0.00286507,0.000236715,0
4.54142,0.00286136,0.000239012,0
4.54245,0.00286136,0.000239012,0
4.54336,0.00285398,0.000243579,0
4.54437,0.00273807,0.000377253,0
4.54541,0.00285542,0.000246521,0
4.5464,0.00273934,0.000380177,0
4.54742,0.00284802,0.000251104,0
4.54842,0.00284432,0.000253392,0
4.5494,0.00272796,0.000387031,0
4.5504,0.00283692,0.000257974,0
4.55135,0.00283323,0.000260259,0
4.55235,0.00271658,0.000393881,0
4.55335,0.00282585,0.000264822,0
4.55435,0.00282217,0.000267099,0
4.55547,0.00270527,0.000400687,0
4.55647,0.0028148,0.00027166,0
4.55747,0.00281112,0.000273936,0
4.55838,0.00269395,0.000407498,0
4.55934,0.00280375,0.000278497,0
4.5604,0.00280007,0.000280771,0
4.5614,0.00279639,0.000283047,0
4.5624,0.00279271,0.000285321,0
4.56336,0.00278903,0.000287596,0
4.5644,0.00278537,0.000289861,0
4.5654,0.0027817,0.000292127,0
4.56635,0.00277804,0.000294391,0
4.56742,0.00277437,0.000296657,0
4.5684,0.00265639,0.000430105,0
4.56936,0.00276704,0.000301195,0
4.57044,0.00276338,0.000303459,0
4.57141,0.00275972,0.000305724,0
4.5724,0.00275605,0.000307987,0
4.57351,0.00275239,0.000310251,0
4.57442,0.00263393,0.00044364,0
4.57538,0.00274508,0.000314777,0
4.57639,0.00274143,0.000317031,0
4.57741,0.00273779,0.000319286,0
4.57842,0.00273414,0.000321539,0
4.57946,0.0027305,0.000323793,0
4.58041,0.00272685,0.000326046,0
4.58136,0.00272321,0.0003283,0
4.58243,0.00271957,0.000330552,0
4.58343,0.00271592,0.000332805,0
4.58452,0.00271228,0.000335057,0
4.58543,0.00270864,0.00033731,0
4.58636,0.0025893,0.000470528,0
4.58738,0.00270139,0.000341796,0
4.58849,0.00269776,0.000344047,0
4.58945,0.00257821,0.000477221,0
4.59037,0.0026905,0.000348541,0
4.59148,0.00268687,0.000350783,0
4.5924,0.00256711,0.000483917,0
4.59338,0.00267962,0.000355275,0
4.59434,0.00267599,0.000357516,0
4.59543,0.00255602,0.000490616,0
4.5964,0.00266875,0.000362005,0
4.59734,0.00266514,0.000364237,0
4.59837,0.00254496,0.00049729,0
4.59942,0.00265792,0.000368707,0
4.60042,0.00265431,0.000370937,0
4.60148,0.00253394,0.000503942,0
4.60248,0.0026471,0.000375405,0
4.60348,0.00264349,0.000377635,0
4.60441,0.00263989,0.000379864,0
4.60542,0.00261039,0.000383531,0
4.6067,0.00260679,0.000385759,0
4.6074,0.00248602,0.000518676,0
4.60835,0.00248236,0.000520889,0
4.60944,0.00259601,0.000392443,0
4.61039,0.00259242,0.000394661,0
4.61139,0.00247141,0.000527508,0
4.61234,0.00246776,0.000529714,0
4.61343,0.0024641,0.00053193,0
4.61435,0.00257808,0.000403558,0
4.61556,0.0025745,0.000405775,0
4.61637,0.00257092,0.000407991,0
4.61742,0.00257092,0.000407991,0
4.61845,0.00256377,0.000412422,0
4.61946,0.00256377,0.000412422,0
4.62041,0.00255663,0.000416852,0
4.62142,0.00255307,0.000419057,0
4.62239,0.00243138,0.000551726,0
4.62335,0.00254595,0.000423476,0
4.62441,0.00254239,0.000425682,0
4.62543,0.00242053,0.000558294,0
4.62642,0.00241692,0.00056048,0
4.62741,0.00253173,0.000432302,0
4.62838,0.00252818,0.000434506,0
4.6294,0.00240608,0.000567052,0
4.6304,0.00252107,0.000438919,0
4.63137,0.00251752,0.00044112,0
4.6324,0.00251752,0.00044112,0
4.63343,0.00239167,0.000575795,0
4.63441,0.00238807,0.000577982,0
4.63536,0.00238807,0.000577982,0
4.63646,0.00249983,0.000452115,0
4.63736,0.00237729,0.000584533,0
4.63846,0.0023737,0.000586711,0
4.63938,0.0023737,0.000586711,0
4.64037,0.00248924,0.000458701,0
4.64141,0.00236652,0.000591076,0
4.64238,0.00247866,0.000465283,0
4.64337,0.00235577,0.000597618,0
4.64435,0.0023522,0.000599787,0
4.64547,0.0023522,0.000599787,0
4.6464,0.00246812,0.000471843,0
4.6474,0.00234508,0.000604118,0
4.64841,0.00245761,0.000478391,0
4.64935,0.00245411,0.000480566,0
4.6506,0.00245411,0.000480566,0
4.65137,0.00233087,0.000612762,0
4.65247,0.00232732,0.000614923,0
4.65343,0.00232376,0.000617094,0
4.65442,0.0023202,0.000619264,0
4.65538,0.00243662,0.000491472,0
4.65641,0.0023131,0.000623597,0
4.65735,0.00230957,0.00062575,0
4.6584,0.00230604,0.000627903,0
4.65941,0.00230251,0.000630057,0
4.6604,0.00229898,0.000632209,0
4.66138,0.00241574,0.000504499,0
4.66241,0.00229194,0.000636508,0
4.66338,0.00228843,0.000638653,0
4.66439,0.00240533,0.000510997,0
4.66542,0.00228239,0.000642832,0
4.66647,0.00227888,0.000644977,0
4.66741,0.00227536,0.000647131,0
4.66843,0.00239247,0.000519537,0
4.66942,0.00226835,0.000651421,0
4.67042,0.00226486,0.000653548,0
4.67135,0.00226137,0.000655685,0
4.6724,0.00225788,0.000657821,0
4.67343,0.00237181,0.000532463,0
4.67441,0.00224743,0.000664224,0
4.6754,0.00224395,0.000666352,0
4.6764,0.00224395,0.000666352,0
4.67734,0.002237,0.000670618,0
4.67846,0.002237,0.000670618,0
4.67941,0.00235122,0.000545359,0
4.68037,0.00235122,0.000545359,0
4.68135,0.00222658,0.000677011,0
4.6824,0.00222313,0.000679131,0
4.68341,0.00221967,0.00068125,0
4.68445,0.00221622,0.00068337,0
4.68554,0.00221278,0.000685489,0
4.68679,0.00220933,0.000687609,0
4.68742,0.00220588,0.000689729,0
4.68846,0.00220244,0.000691849,0
4.68947,0.00232055,0.00056461,0
4.69041,0.00219556,0.00069608,0
4.69135,0.00206707,0.000829641,0
4.69236,0.00206707,0.000829641,0
4.69336,0.00218525,0.000702437,0
4.6944,0.00218181,0.000704565,0
4.69541,0.00217838,0.000706682,0
4.69636,0.00217496,0.000708793,0
4.6974,0.00229346,0.000581661,0
4.69834,0.00229009,0.000583784,0
4.6994,0.00228673,0.000585904,0
4.7004,0.00228673,0.000585904,0
4.70137,0.00228336,0.000588025,0
4.70239,0.00228,0.000590144,0
4.70339,0.00227664,0.000592264,0
4.7044,0.00227327,0.00059439,0
4.70544,0.00214773,0.000725619,0
4.7064,0.00226655,0.00059864,0
4.70735,0.00214092,0.000729842,0
4.7084,0.00213753,0.00073194,0
4.70938,0.00213415,0.000734038,0
4.71039,0.00213077,0.000736134,0
4.7114,0.00212739,0.000738231,0
4.71235,0.00212401,0.000740327,0
4.7134,0.00224316,0.000613433,0
4.7144,0.00223983,0.000615542,0
4.7154,0.0021139,0.000746613,0
4.71646,0.00223317,0.000619759,0
4.71741,0.00210718,0.000750793,0
4.71841,0.00222655,0.000623956,0
4.7194,0.00222324,0.000626054,0
4.72037,0.00209716,0.000757022,0
4.72134,0.00221664,0.000630247,0
4.72242,0.00221334,0.000632342,0
4.72337,0.00221004,0.000634436,0
4.72455,0.00208383,0.000765325,0
4.72538,0.00220345,0.000638623,0
4.72647,0.00207717,0.000769483,0
4.72745,0.00219687,0.000642814,0
4.72843,0.00219359,0.000644896,0
4.7294,0.00219359,0.000644896,0
4.73041,0.00219032,0.000646978,0
4.73142,0.00218705,0.000649058,0
4.73242,0.00218377,0.000651146,0
4.7334,0.0021805,0.000653233,0
4.7344,0.00217723,0.000655319,0
4.73535,0.00217396,0.000657404,0
4.73638,0.00217069,0.000659489,0
4.73739,0.00216743,0.000661573,0
4.7384,0.00216417,0.000663655,0
4.73935,0.00203753,0.000794309,0
4.74042,0.00215767,0.000667809,0
4.7414,0.00215443,0.000669889,0
4.74241,0.00215119,0.000671959,0
4.74342,0.00214796,0.000674029,0
4.7444,0.00214472,0.000676097,0
4.74542,0.00215463,0.00067912,0
4.74642,0.0021514,0.000681186,0
4.7474,0.00214818,0.000683253,0
4.74839,0.00214496,0.000685317,0
4.74941,0.00214174,0.000687381,0
4.7504,0.00201481,0.000817828,0
4.7514,0.00213532,0.000691507,0
4.75237,0.0021321,0.000693575,0
4.7534,0.0021289,0.000695628,0
4.75441,0.00212571,0.000697678,0
4.75538,0.00212252,0.000699729,0
4.75641,0.00212252,0.000699729,0
4.7574,0.00211615,0.000703826,0
4.75843,0.00211297,0.000705874,0
4.75941,0.00211297,0.000705874,0
4.76042,0.00210662,0.000709966,0
4.76136,0.00197947,0.000840182,0
4.76234,0.00210028,0.000714055,0
4.76337,0.00209711,0.000716099,0
4.76441,0.00209396,0.000718133,0
4.7654,0.00209081,0.000720166,0
4.7664,0.00208766,0.000722198,0
4.76737,0.00208452,0.00072423,0
4.7684,0.00208137,0.00072626,0
4.76938,0.00207823,0.000728291,0
4.77035,0.00195096,0.000858282,0
4.77145,0.00195096,0.000858282,0
4.77239,0.00206884,0.000734375,0
4.77341,0.00194152,0.000864297,0
4.77436,0.00206258,0.000738435,0
4.77553,0.00206258,0.000738435,0
4.7764,0.00193209,0.000870324,0
4.77739,0.00205323,0.000744505,0
4.77834,0.00205013,0.000746518,0
4.77944,0.00192274,0.000876306,0
4.78036,0.00204393,0.00075055,0
4.78139,0.00204393,0.00075055,0
4.7824,0.00191342,0.000882274,0
4.78346,0.00203466,0.000756588,0
4.78445,0.00203158,0.000758595,0
4.7855,0.00203158,0.000758595,0
4.78644,0.00190413,0.00088824,0
4.78749,0.00202542,0.000762615,0
4.78849,0.00202235,0.000764613,0
4.78947,0.0020193,0.000766608,0
4.79044,0.00189183,0.000896141,0
4.79142,0.00188877,0.000898112,0
4.79243,0.00200708,0.000774599,0
4.79336,0.00187959,0.000904029,0
4.79443,0.00200098,0.000778589,0
4.79543,0.00199795,0.000780579,0
4.79641,0.00187045,0.000909933,0
4.79743,0.00186741,0.000911903,0
4.79847,0.00198884,0.000786557,0
4.79942,0.00186133,0.000915841,0
4.80043,0.00185831,0.000917792,0
4.80145,0.00185831,0.000917792,0
4.80241,0.0019768,0.000794478,0
4.80337,0.00184928,0.000923646,0
4.80441,0.00184928,0.000923646,0
4.80539,0.00197132,0.00079819,0
4.80643,0.00184082,0.000929247,0
4.80736,0.00196234,0.00080411,0
4.80843,0.00183483,0.000933145,0
4.80943,0.00183184,0.000935093,0
4.81036,0.00183184,0.000935093,0
4.8114,0.00182586,0.000938997,0
4.81246,0.00182586,0.000938997,0
4.81347,0.00194745,0.00081396,0
4.81438,0.00181699,0.000944787,0
4.81542,0.00193858,0.000819831,0
4.81641,0.00193563,0.000821785,0
4.81741,0.00180815,0.000950565,0
4.81844,0.00180815,0.000950565,0
4.81974,0.00192974,0.000825695,0
4.8206,0.00192681,0.000827645,0
4.82145,0.00179934,0.000956342,0
4.82263,0.00179641,0.000958268,0
4.82366,0.00179348,0.000960196,0
4.82492,0.00179056,0.000962114,0
4.82576,0.00178765,0.000964033,0
4.82638,0.00166022,0.00109261,0
4.8274,0.00178182,0.000967875,0
4.82835,0.00177891,0.000969799,0
4.82936,0.00177601,0.000971715,0
4.83046,0.00177311,0.00097363,0
4.83142,0.00177022,0.000975544,0
4.83238,0.00176733,0.000977457,0
4.83339,0.00188897,0.000852915,0
4.83441,0.00188897,0.000852915,0
4.83538,0.00188609,0.000854842,0
4.83636,0.00188322,0.000856768,0
4.83741,0.00188322,0.000856768,0
4.83841,0.00200487,0.000732361,0
4.83967,0.00187747,0.000860631,0
4.84048,0.0018746,0.000862561,0
4.84137,0.00174722,0.000990807,0
4.8424,0.00174722,0.000990807,0
4.84342,0.00186885,0.00086644,0
4.84439,0.00186599,0.000868374,0
4.84537,0.00173857,0.000996587,0
4.84644,0.00173571,0.000998506,0
4.84739,0.00185742,0.000874165,0
4.84842,0.00172999,0.00100234,0
4.84937,0.0017243,0.00100616,0
4.85049,0.00172147,0.00100806,0
4.85143,0.00172147,0.00100806,0
4.85238,0.00184324,0.000883781,0
4.85337,0.00171581,0.00101187,0
4.85471,0.00171299,0.00101377,0
4.85548,0.00183478,0.000889528,0
4.85653,0.00170736,0.00101756,0
4.85737,0.00170457,0.00101944,0
4.85841,0.00170178,0.00102133,0
4.85942,0.00169899,0.00102321,0
4.86039,0.00169621,0.0010251,0
4.86139,0.00169343,0.00102698,0
4.86243,0.00169065,0.00102886,0
4.86341,0.00168788,0.00103074,0
4.86438,0.00168235,0.00103449,0
4.86553,0.00168235,0.00103449,0
4.86646,0.0016796,0.00103636,0
4.86739,0.00180143,0.000912311,0
4.86838,0.00167413,0.00104008,0
4.86946,0.00167141,0.00104193,0
4.87039,0.00179322,0.000917953,0
4.87155,0.00166596,0.00104564,0
4.87256,0.00166325,0.00104749,0
4.87339,0.00166054,0.00104935,0
4.87436,0.00165782,0.0010512,0
4.87555,0.00177959,0.000927337,0
4.87641,0.00165241,0.00105491,0
4.87736,0.00164971,0.00105676,0
4.87844,0.00152257,0.0011843,0
4.87938,0.00164433,0.00106047,0
4.88037,0.00151721,0.00118797,0
4.88138,0.00163897,0.00106416,0
4.88245,0.0016363,0.00106599,0
4.88344,0.00163365,0.00106782,0
4.88436,0.00150662,0.00119521,0
4.88587,0.00150924,0.0011948,0
4.88637,0.00162832,0.0010729,0
4.88734,0.00162567,0.00107473,0
4.88836,0.00174734,0.000951133,0
4.88945,0.00174469,0.000952984,0
4.89038,0.00174205,0.000954825,0
4.89136,0.00173942,0.000956666,0
4.8924,0.00173678,0.000958505,0
4.89342,0.00173416,0.000960343,0
4.89451,0.00173153,0.00096218,0
4.89549,0.00172891,0.000964016,0
4.89641,0.0017263,0.00096585,0
4.89738,0.00159959,0.00109284,0
4.89843,0.00172108,0.000969516,0
4.89945,0.00172108,0.000969516,0
4.90041,0.00171589,0.000973169,0
4.90141,0.0017133,0.00097499,0
4.90238,0.00171072,0.000976809,0
4.90336,0.00170814,0.000978628,0
4.90442,0.00170556,0.000980445,0
4.90542,0.00170299,0.000982261,0
4.90641,0.00170043,0.000984076,0
4.90741,0.00169787,0.00098589,0
4.90862,0.00169787,0.00098589,0
4.90935,0.00156897,0.00111431,0
4.9105,0.0016902,0.000991323,0
4.9116,0.0016902,0.000991323,0
4.91236,0.00168766,0.000993133,0
4.91343,0.00156142,0.00111964,0
4.91437,0.00155891,0.00112141,0
4.91538,0.00155641,0.00112319,0
4.91644,0.0015539,0.00112497,0
4.91743,0.0015514,0.00112674,0
4.91904,0.00154891,0.00112852,0
4.92031,0.00154642,0.00113029,0
4.92046,0.00154393,0.00113207,0
4.92141,0.00166497,0.00100933,0
4.9224,0.00166497,0.00100933,0
4.92341,0.00166497,0.00100933,0
4.92444,0.00165998,0.00101291,0
4.9255,0.00165998,0.00101291,0
4.92641,0.00153161,0.00114087,0
4.92741,0.00152915,0.00114265,0
4.92837,0.00165003,0.00102008,0
4.92941,0.00165003,0.00102008,0
4.93039,0.00164509,0.00102365,0
4.93139,0.00151933,0.00114972,0
4.93235,0.00151933,0.00114972,0
4.93346,0.0016377,0.001029,0
4.93436,0.00163526,0.00103077,0
4.93553,0.00163282,0.00103254,0
4.9364,0.00163039,0.00103431,0
4.93738,0.00150484,0.00116022,0
4.93838,0.00162553,0.00103784,0
4.93941,0.00150004,0.00116371,0
4.94043,0.00150004,0.00116371,0
4.94145,0.00149527,0.00116719,0
4.94241,0.00161588,0.00104489,0
4.94342,0.00161349,0.00104664,0
4.94441,0.0016111,0.00104839,0
4.94544,0.00158973,0.00105118,0
4.94642,0.00158973,0.00105118,0
4.94737,0.00146218,0.00117855,0
4.94838,0.0015826,0.00105642,0
4.94951,0.00158023,0.00105816,0
4.95041,0.00145518,0.00118369,0
4.95135,0.00157551,0.00106165,0
4.95238,0.00157315,0.00106339,0
4.95342,0.00157081,0.00106512,0
4.95442,0.00156847,0.00106685,0
4.95536,0.00156614,0.00106857,0
4.95641,0.00156382,0.0010703,0
4.9574,0.00143908,0.00119559,0
4.95841,0.00155917,0.00107375,0
4.9594,0.00155686,0.00107547,0
4.96041,0.00143226,0.00120067,0
4.9614,0.00155224,0.00107891,0
4.96239,0.00154994,0.00108063,0
4.9634,0.00142547,0.00120573,0
4.96443,0.00154535,0.00108406,0
4.96548,0.00154307,0.00108577,0
4.96638,0.00141874,0.00121078,0
4.96747,0.00153852,0.00108918,0
4.96835,0.00141429,0.00121412,0
4.96939,0.00153399,0.00109259,0
4.97036,0.00153173,0.00109428,0
4.9714,0.00140766,0.00121912,0
4.97241,0.00152723,0.00109768,0
4.97335,0.00152499,0.00109937,0
4.97437,0.00140106,0.00122411,0
4.97545,0.00152052,0.00110276,0
4.97636,0.00151829,0.00110445,0
4.97734,0.00139451,0.00122909,0
4.9784,0.00151386,0.00110781,0
4.97942,0.00151165,0.00110949,0
4.9804,0.00138804,0.00123402,0
4.98138,0.00150725,0.00111284,0
4.98239,0.00138374,0.0012373,0
4.98335,0.00150286,0.0011162,0
4.98445,0.00150068,0.00111787,0
4.9854,0.00137734,0.00124222,0
4.98657,0.00149633,0.00112121,0
4.98741,0.00149416,0.00112287,0
4.98841,0.00137097,0.00124713,0
4.98948,0.00148983,0.00112621,0
4.99042,0.00148768,0.00112786,0
4.99148,0.00136466,0.00125201,0
4.99257,0.00148339,0.00113117,0
4.99362,0.00148339,0.00113117,0
4.9944,0.00148126,0.00113282,0
4.99541,0.00148126,0.00113282,0
4.99642,0.00147913,0.00113447,0
4.99745,0.001477,0.00113613,0
4.99964,0.001477,0.00113613,0
5.00054,0.00135216,0.00126175,0
5.0016,0.00147062,0.0011411,0
5.00248,0.00134801,0.00126502,0
5.00355,0.00134594,0.00126664,0
5.00441,0.00134388,0.00126827,0
5.00547,0.00134182,0.0012699,0
5.00658,0.00133976,0.00127153,0
5.00753,0.001458,0.00115099,0
5.00843,0.00133567,0.00127478,0
5.00948,0.00133364,0.00127639,0
5.01043,0.00121143,0.00140013,0
5.01147,0.0013296,0.00127961,0
5.0124,0.00132758,0.00128122,0
5.01344,0.00144559,0.00116079,0
5.01451,0.00132358,0.00128442,0
5.01543,0.00132159,0.00128602,0
5.01637,0.0013196,0.00128761,0
5.01742,0.00143743,0.00116728,0
5.01837,0.00131564,0.0012908,0
5.0194,0.00131564,0.0012908,0
5.02039,0.0013117,0.00129398,0
5.02143,0.00142934,0.00117375,0
5.0224,0.00142934,0.00117375,0
5.02336,0.00130584,0.00129872,0
5.02443,0.00142335,0.00117856,0
5.0254,0.00143563,0.0011774,0
5.02636,0.00143167,0.0011806,0
5.02739,0.00131041,0.00130385,0
5.0284,0.00142772,0.00118379,0
5.02962,0.00142772,0.00118379,0
5.0304,0.00130467,0.00130853,0
5.03141,0.00142183,0.00118857,0
5.03239,0.00141988,0.00119016,0
5.0334,0.00141988,0.00119016,0
5.03439,0.0012971,0.00131478,0
5.0354,0.00129522,0.00131632,0
5.03644,0.00129522,0.00131632,0
5.03741,0.00141213,0.00119648,0
5.0384,0.00129148,0.00131942,0
5.03947,0.00128962,0.00132097,0
5.04047,0.00140637,0.00120121,0
5.04149,0.0012859,0.00132408,0
5.04247,0.00128404,0.00132563,0
5.0434,0.0012822,0.00132718,0
5.04439,0.00128036,0.00132872,0
5.04544,0.00127852,0.00133027,0
5.04646,0.00127669,0.00133181,0
5.04739,0.00127487,0.00133334,0
5.04843,0.00127307,0.00133486,0
5.04946,0.00127127,0.00133638,0
5.05045,0.00126947,0.0013379,0
5.05147,0.00126768,0.00133942,0
5.05239,0.00126589,0.00134094,0
5.05338,0.00138196,0.00122149,0
5.05452,0.00126234,0.00134397,0
5.05539,0.00126057,0.00134547,0
5.05659,0.0012588,0.00134698,0
5.05737,0.00125704,0.0013485,0
5.05845,0.00125528,0.00135001,0
5.0594,0.00125354,0.00135151,0
5.06038,0.0012518,0.001353,0
5.06144,0.00125007,0.00135449,0
5.06245,0.00124834,0.00135598,0
5.06346,0.00124662,0.00135747,0
5.06446,0.0012449,0.00135896,0
5.06549,0.00124319,0.00136045,0
5.06647,0.00135849,0.00124137,0
5.06741,0.00123979,0.00136341,0
5.06839,0.0012381,0.00136489,0
5.06953,0.00123641,0.00136637,0
5.07043,0.00123472,0.00136785,0
5.07135,0.00123304,0.00136933,0
5.07248,0.00123138,0.00137079,0
5.07348,0.00122972,0.00137225,0
5.07448,0.00122806,0.00137372,0
5.07552,0.00122641,0.00137518,0
5.0765,0.00122476,0.00137664,0
5.07751,0.00122312,0.0013781,0
5.07854,0.00122148,0.00137955,0
5.07946,0.00121985,0.00138101,0
5.0805,0.00121823,0.00138246,0
5.08134,0.00121662,0.0013839,0
5.08246,0.00121501,0.00138534,0
5.08343,0.00121341,0.00138678,0
5.08441,0.00132754,0.00126826,0
5.08543,0.0012117,0.00138943,0
5.08647,0.00121012,0.00139086,0
5.08737,0.00120853,0.00139229,0
5.08842,0.00120696,0.00139373,0
5.08947,0.00120538,0.00139516,0
5.09036,0.00120381,0.00139659,0
5.09145,0.00120225,0.00139802,0
5.09237,0.00120069,0.00139944,0
5.0934,0.00119915,0.00140086,0
5.09439,0.00119915,0.00140086,0
5.0954,0.00119607,0.00140369,0
5.09641,0.00130936,0.00128558,0
5.09751,0.00130776,0.00128703,0
5.09856,0.00119149,0.00140792,0
5.0994,0.00118997,0.00140933,0
5.1004,0.00118846,0.00141073,0
5.1014,0.00118696,0.00141214,0
5.10234,0.00129982,0.00129423,0
5.10341,0.00118396,0.00141494,0
5.10438,0.00118248,0.00141634,0
5.10544,0.001181,0.00141772,0
5.10654,0.00106541,0.00153832,0
5.10741,0.00117806,0.0014205,0
5.10837,0.00117659,0.00142189,0
5.10943,0.00117514,0.00142327,0
5.11036,0.00117368,0.00142465,0
5.11141,0.00117368,0.00142465,0
5.11236,0.0011708,0.0014274,0
5.11351,0.00128285,0.00130987,0
5.11439,0.00128133,0.00131128,0
5.11534,0.00127983,0.00131269,0
5.1164,0.00127833,0.00131409,0
5.11735,0.00127684,0.00131549,0
5.11834,0.00127684,0.00131549,0
5.1194,0.00127387,0.00131828,0
5.12038,0.0012724,0.00131967,0
5.12141,0.00127092,0.00132106,0
5.12238,0.00126946,0.00132245,0
5.1234,0.00115533,0.00144238,0
5.1244,0.00126654,0.00132523,0
5.1254,0.00126509,0.00132661,0
5.1264,0.00126364,0.001328,0
5.12741,0.00126221,0.00132937,0
5.1286,0.00126078,0.00133074,0
5.12939,0.00125935,0.00133212,0
5.13048,0.00125793,0.00133349,0
5.13155,0.00114453,0.00145309,0
5.13259,0.00114453,0.00145309,0
5.13343,0.00114187,0.00145577,0
5.13444,0.00125228,0.00133897,0
5.13548,0.00113923,0.00145844,0
5.13642,0.00124949,0.0013417,0
5.13739,0.00124949,0.0013417,0
5.13848,0.00113534,0.0014624,0
5.13942,0.00124536,0.00134575,0
5.14039,0.00124536,0.00134575,0
5.14159,0.00135513,0.00122922,0
5.14248,0.00113022,0.00146764,0
5.1434,0.00112896,0.00146894,0
5.14442,0.00112769,0.00147026,0
5.14558,0.00123749,0.00135377,0
5.14636,0.00112544,0.00147283,0
5.1474,0.00123482,0.00135645,0
5.14862,0.00123348,0.00135779,0
5.14941,0.00112172,0.00147673,0
5.15047,0.00123086,0.00136044,0
5.15155,0.00122955,0.00136176,0
5.1524,0.00111807,0.00148057,0
5.15336,0.00111687,0.00148185,0
5.15435,0.00111687,0.00148185,0
5.15557,0.00122437,0.00136703,0
5.15643,0.00111327,0.00148569,0
5.15741,0.00111209,0.00148696,0
5.15841,0.0011109,0.00148825,0
5.15935,0.00110971,0.00148953,0
5.16042,0.001218,0.00137359,0
5.16145,0.00110737,0.00149207,0
5.16241,0.00110737,0.00149207,0
5.16348,0.00121551,0.00137618,0
5.16446,0.00110393,0.00149582,0
5.16558,0.00110279,0.00149708,0
5.16642,0.00110165,0.00149834,0
5.16746,0.00110165,0.00149834,0
5.16843,0.00120934,0.00138265,0
5.16941,0.00109939,0.00150085,0
5.17038,0.00120691,0.00138522,0
5.17142,0.00109715,0.00150335,0
5.17238,0.00109604,0.0015046,0
5.17356,0.00109493,0.00150585,0
5.17456,0.00109383,0.00150708,0
5.17548,0.00120092,0.00139161,0
5.17712,0.00109166,0.00150954,0
5.17754,0.00109058,0.00151077,0
5.17847,0.00108951,0.001512,0
5.17946,0.00108843,0.00151323,0
5.18045,0.00108737,0.00151446,0
5.18136,0.00108631,0.00151569,0
5.1824,0.00108525,0.00151691,0
5.18343,0.0010842,0.00151814,0
5.18448,0.00108315,0.00151936,0
5.18551,0.00108211,0.00152058,0
5.18643,0.00108108,0.00152178,0
5.18753,0.00108006,0.00152299,0
5.18836,0.00107904,0.00152419,0
5.18947,0.00107803,0.00152539,0
5.19107,0.000970156,0.0016428,0
5.19162,0.00107601,0.0015278,0
5.19265,0.00107601,0.0015278,0
5.19364,0.000967427,0.00164632,0
5.1944,0.00107301,0.00153141,0
5.19557,0.00107203,0.00153261,0
5.19735,0.00117726,0.00141782,0
5.19743,0.0011762,0.00141904,0
5.19866,0.00117514,0.00142025,0
5.19943,0.00117408,0.00142147,0
5.20041,0.00117408,0.00142147,0
5.2014,0.00117199,0.00142389,0
5.20244,0.00106534,0.00154082,0
5.20337,0.00116991,0.00142631,0
5.20468,0.00116888,0.00142751,0
5.20552,0.0011673,0.00142862,0
5.20656,0.0011673,0.00142862,0
5.20744,0.00116527,0.00143101,0
5.20837,0.00116426,0.0014322,0
5.20938,0.00116326,0.0014334,0
5.21043,0.00116326,0.0014334,0
5.2114,0.00116127,0.00143577,0
5.21237,0.00116028,0.00143696,0
5.21346,0.0011593,0.00143814,0
5.2144,0.00115832,0.00143932,0
5.21536,0.00115735,0.0014405,0
5.21642,0.00115638,0.00144168,0
5.21741,0.00115542,0.00144286,0
5.21841,0.00115542,0.00144286,0
5.21948,0.00115447,0.00144403,0
5.2204,0.00104878,0.00156142,0
5.22141,0.00104794,0.00156255,0
5.22251,0.00104794,0.00156255,0
5.22346,0.00104626,0.00156482,0
5.22452,0.00104626,0.00156482,0
5.22552,0.00114882,0.00145103,0
5.22651,0.00114699,0.00145334,0
5.22737,0.00114699,0.00145334,0
5.2289,0.00114699,0.00145334,0
5.22951,0.00114517,0.00145564,0
5.23054,0.00104138,0.00157155,0
5.23142,0.0009377,0.00168741,0
5.2324,0.0010398,0.00157376,0
5.23337,0.00103902,0.00157486,0
5.23439,0.00103825,0.00157596,0
5.2354,0.00103748,0.00157706,0
5.2364,0.00103671,0.00157817,0
5.23739,0.00103594,0.00157927,0
5.23845,0.00103594,0.00157927,0
5.23961,0.00103444,0.00158145,0
5.24044,0.0010337,0.00158253,0
5.24147,0.00113472,0.00146926,0
5.24268,0.00113388,0.00147038,0
5.24349,0.00103151,0.00158578,0
5.2444,0.00113223,0.00147261,0
5.24539,0.0011314,0.00147373,0
5.24636,0.00113059,0.00147484,0
5.24736,0.00112977,0.00147595,0
5.24837,0.00112897,0.00147705,0
5.24935,0.00112817,0.00147815,0
5.25036,0.00112738,0.00147924,0
5.25142,0.00112659,0.00148034,0
5.25236,0.0011258,0.00148143,0
5.25342,0.00112502,0.00148253,0
5.25441,0.00112425,0.00148362,0
5.2554,0.00112425,0.00148362,0
5.25638,0.00112348,0.0014847,0
5.25737,0.00112348,0.0014847,0
5.25861,0.00112271,0.0014858,0
5.25953,0.00112271,0.0014858,0
5.26046,0.00112195,0.00148688,0
5.26158,0.00112195,0.00148688,0
5.26261,0.0010206,0.00160278,0
5.2634,0.00101995,0.00160385,0
5.26449,0.0010193,0.00160492,0
5.26541,0.00102046,0.00160611,0
5.2664,0.00101983,0.00160718,0
5.2674,0.0010192,0.00160823,0
5.26849,0.00111781,0.00149569,0
5.26941,0.00101797,0.00161032,0
5.27046,0.00101737,0.00161136,0
5.2715,0.00101676,0.0016124,0
5.27239,0.00101617,0.00161344,0
5.27343,0.00101558,0.00161448,0
5.2744,0.000916301,0.00172896,0
5.27542,0.00101441,0.00161654,0
5.27643,0.00101441,0.00161654,0
5.27742,0.00101326,0.0016186,0
5.2784,0.00101269,0.00161962,0
5.27944,0.000913977,0.00173395,0
5.28038,0.00101158,0.00162165,0
5.28139,0.00101103,0.00162266,0
5.28239,0.00101048,0.00162367,0
5.2834,0.00110757,0.0015115,0
5.28443,0.00100942,0.00162567,0
5.28541,0.00100889,0.00162667,0
5.28636,0.00100837,0.00162766,0
5.28739,0.00100837,0.00162766,0
5.28842,0.00100735,0.00162963,0
5.28947,0.0011038,0.00151764,0
5.29046,0.0011038,0.00151764,0
5.2914,0.00110259,0.00151967,0
5.29238,0.00100537,0.00163355,0
5.29338,0.00100537,0.00163355,0
5.29443,0.00110139,0.00152169,0
5.29545,0.0011008,0.0015227,0
5.2964,0.00100394,0.00163646,0
5.29739,0.00109963,0.0015247,0
5.29842,0.00100301,0.0016384,0
5.29942,0.00109848,0.0015267,0
5.30044,0.0010021,0.00164034,0
5.30141,0.00100165,0.0016413,0
5.30239,0.0010012,0.00164226,0
5.30353,0.00109624,0.00153068,0
5.30458,0.00100032,0.00164418,0
5.30555,0.000999894,0.00164514,0
5.30638,0.000999468,0.0016461,0
5.30747,0.000999047,0.00164705,0
5.30842,0.000998633,0.00164799,0
5.30942,0.000998226,0.00164893,0
5.31046,0.000997824,0.00164987,0
5.31142,0.000997426,0.0016508,0
5.31242,0.000997033,0.00165173,0
5.31341,0.000996645,0.00165266,0
5.31442,0.000996261,0.00165359,0
5.3154,0.000995883,0.00165452,0
5.31639,0.000995509,0.00165544,0
5.31741,0.000995139,0.00165637,0
5.31899,0.00108854,0.00154522,0
5.31942,0.00108806,0.00154618,0
5.32045,0.00108759,0.00154713,0
5.32141,0.00108713,0.00154807,0
5.32238,0.000993367,0.00166094,0
5.32348,0.00108621,0.00154995,0
5.32443,0.00108576,0.00155089,0
5.32537,0.000992363,0.00166366,0
5.32645,0.00099204,0.00166455,0
5.32735,0.00108443,0.00155368,0
5.32848,0.001084,0.00155462,0
5.32937,0.00108357,0.00155554,0
5.33039,0.00108315,0.00155646,0
5.33141,0.00108273,0.00155739,0
5.33238,0.00108232,0.0015583,0
5.33334,0.00108191,0.00155921,0
5.33436,0.00108151,0.00156012,0
5.33545,0.00108111,0.00156103,0
5.33639,0.00108072,0.00156193,0
5.33741,0.00108033,0.00156284,0
5.33843,0.00107995,0.00156374,0
5.33942,0.00107957,0.00156464,0
5.3404,0.000988039,0.00167684,0
5.34136,0.00107883,0.00156643,0
5.34236,0.00107846,0.00156733,0
5.34342,0.0010781,0.00156822,0
5.34459,0.00107774,0.00156911,0
5.34543,0.00107813,0.00156996,0
5.34641,0.00107778,0.00157084,0
5.34743,0.00107744,0.00157171,0
5.34836,0.00107711,0.00157259,0
5.34942,0.00107677,0.00157346,0
5.35038,0.00107645,0.00157434,0
5.35196,0.00107645,0.00157434,0
5.35237,0.000986115,0.00168695,0
5.35337,0.00107549,0.00157695,0
5.35443,0.00107549,0.00157695,0
5.35544,0.00107518,0.00157781,0
5.3564,0.00107457,0.00157954,0
5.35735,0.00107428,0.00158039,0
5.35844,0.00098503,0.00169191,0
5.35938,0.0010737,0.0015821,0
5.36043,0.00107342,0.00158294,0
5.36135,0.000984556,0.00169434,0
5.36243,0.00107286,0.00158464,0
5.36345,0.0010726,0.00158548,0
5.36437,0.000984122,0.00169676,0
5.36542,0.00107207,0.00158715,0
5.36649,0.000983856,0.00169835,0
5.36745,0.00107157,0.00158881,0
5.36851,0.00107132,0.00158963,0
5.36941,0.000983497,0.0017007,0
5.37035,0.00107084,0.00159128,0
5.37161,0.00107084,0.00159128,0
5.37238,0.000983175,0.00170305,0
5.37338,0.00107016,0.00159374,0
5.37437,0.00106994,0.00159455,0
5.3754,0.000982893,0.00170539,0
5.3764,0.00106951,0.00159618,0
5.3774,0.000982725,0.00170694,0
5.3784,0.000982649,0.00170771,0
5.3795,0.00106891,0.00159859,0
5.38041,0.000982508,0.00170924,0
5.38138,0.000982446,0.00171,0
5.38237,0.00106834,0.00160099,0
5.3834,0.000982332,0.00171151,0
5.38435,0.00106799,0.00160257,0
5.38541,0.00106782,0.00160336,0
5.38644,0.000982203,0.00171376,0
5.38772,0.000982203,0.00171376,0
5.38843,0.000982136,0.00171526,0
5.38943,0.000982136,0.00171526,0
5.39048,0.000982109,0.00171601,0
5.3915,0.000982085,0.00171675,0
5.39252,0.00106688,0.00160804,0
5.39343,0.000982054,0.00171822,0
5.39446,0.000982046,0.00171894,0
5.39548,0.00106647,0.00161034,0
5.39647,0.000982041,0.0017204,0
5.3974,0.000982047,0.00172112,0
5.39844,0.0010661,0.00161263,0
5.3994,0.000982069,0.00172257,0
5.40043,0.000982088,0.00172329,0
5.40144,0.000982109,0.00172401,0
5.40256,0.00106558,0.00161639,0
5.40341,0.00106549,0.00161712,0
5.40437,0.000982248,0.00172682,0
5.40539,0.00098657,0.00172664,0
5.40637,0.00098657,0.00172664,0
5.40739,0.000986618,0.00172734,0
5.40844,0.00098667,0.00172804,0
5.40939,0.00106936,0.00161994,0
5.41037,0.000986789,0.00172943,0
5.41146,0.000986858,0.00173012,0
5.41241,0.000986928,0.0017308,0
5.41336,0.000987003,0.00173148,0
5.41442,0.000987081,0.00173216,0
5.41535,0.000987165,0.00173284,0
5.41638,0.000987252,0.00173352,0
5.41741,0.000987344,0.0017342,0
5.41852,0.00098744,0.00173487,0
5.41944,0.000987541,0.00173554,0
5.42042,0.000987646,0.00173621,0
5.4214,0.000987755,0.00173689,0
5.42235,0.000987869,0.00173755,0
5.42341,0.00098811,0.00173888,0
5.42442,0.00098811,0.00173888,0
5.42545,0.000988237,0.00173953,0
5.42641,0.000988368,0.00174018,0
5.42739,0.00106881,0.0016327,0
5.4284,0.000988646,0.00174147,0
5.4296,0.000988793,0.00174211,0
5.43052,0.00106885,0.00163474,0
5.43139,0.000989096,0.00174339,0
5.43239,0.000989255,0.00174402,0
5.43343,0.00106892,0.00163677,0
5.43437,0.000989583,0.0017453,0
5.43543,0.000989755,0.00174593,0
5.43637,0.000990108,0.00174719,0
5.43738,0.000990108,0.00174719,0
5.43843,0.000990292,0.00174781,0
5.43941,0.000990477,0.00174843,0
5.44035,0.000990667,0.00174905,0
5.44137,0.000990861,0.00174967,0
5.44245,0.000991059,0.00175028,0
5.44347,0.000991261,0.0017509,0
5.44458,0.000991468,0.00175151,0
5.44578,0.000991679,0.00175212,0
5.44648,0.000991893,0.00175273,0
5.44743,0.000992113,0.00175333,0
5.4484,0.000992336,0.00175394,0
5.44944,0.000992563,0.00175454,0
5.45042,0.00107005,0.00164787,0
5.45149,0.000993032,0.00175571,0
5.4525,0.000993274,0.00175629,0
5.45343,0.000993518,0.00175688,0
5.45444,0.000993765,0.00175746,0
5.45541,0.000994014,0.00175805,0
5.45655,0.000994268,0.00175863,0
5.4575,0.000994528,0.00175921,0
5.4585,0.000994791,0.00175978,0
5.45939,0.000995059,0.00176034,0
5.46049,0.000995331,0.00176091,0
5.46141,0.000995607,0.00176147,0
5.46266,0.000995887,0.00176203,0
5.46356,0.000996171,0.0017626,0
5.46443,0.00099646,0.00176316,0
5.46547,0.000996752,0.00176371,0
5.46663,0.000997048,0.00176427,0
5.46739,0.000997348,0.00176483,0
5.46836,0.000997653,0.00176538,0
5.46939,0.000997961,0.00176593,0
5.47039,0.000998273,0.00176647,0
5.47143,0.000998588,0.00176701,0
5.47241,0.000998908,0.00176754,0
5.47341,0.000999231,0.00176808,0
5.47443,0.000999559,0.00176861,0
5.47541,0.00099989,0.00176915,0
5.47646,0.00100023,0.00176968,0
5.47745,0.00100056,0.00177021,0
5.47848,0.00100091,0.00177074,0
5.47943,0.00100126,0.00177126,0
5.48042,0.00100161,0.00177179,0
5.48137,0.00100196,0.00177231,0
5.4824,0.00100232,0.00177282,0
5.48346,0.00100268,0.00177333,0
5.4844,0.00100305,0.00177384,0
5.48542,0.00107697,0.00166831,0
5.48646,0.00100482,0.00177467,0
5.48742,0.0010052,0.00177517,0
5.48847,0.00107769,0.00166994,0
5.48944,0.00100597,0.00177617,0
5.49041,0.00100636,0.00177666,0
5.49141,0.00107845,0.00167155,0
5.4924,0.00100715,0.00177765,0
5.49347,0.00100755,0.00177814,0
5.4944,0.00100796,0.00177862,0
5.49538,0.00100836,0.0017791,0
5.49653,0.00100877,0.00177959,0
5.4975,0.00100919,0.00178007,0
5.49845,0.0010096,0.00178054,0
5.49937,0.00101003,0.00178102,0
5.50043,0.00101045,0.0017815,0
5.50141,0.0010812,0.00167676,0
5.50249,0.00101132,0.00178244,0
5.50345,0.00101176,0.0017829,0
5.50439,0.0010122,0.00178337,0
5.50539,0.00101264,0.00178384,0
5.50637,0.00101309,0.00178429,0
5.50736,0.00108303,0.00167977,0
5.50843,0.001014,0.0017852,0
5.50954,0.00101446,0.00178564,0
5.5109,0.00101492,0.00178609,0
5.51146,0.00101538,0.00178654,0
5.51242,0.00101585,0.00178699,0
5.51337,0.00101633,0.00178743,0
5.51447,0.00101681,0.00178788,0
5.51539,0.00101729,0.00178832,0
5.51657,0.00101777,0.00178877,0
5.51744,0.00101826,0.0017892,0
5.51843,0.00101875,0.00178964,0
5.51936,0.00101925,0.00179008,0
5.52047,0.00101974,0.0017905,0
5.52141,0.00102025,0.00179092,0
5.52236,0.00102075,0.00179134,0
5.52339,0.00102126,0.00179176,0
5.52446,0.00108889,0.00168788,0
5.52544,0.00102229,0.0017926,0
5.52643,0.00102281,0.00179302,0
5.52749,0.00102333,0.00179343,0
5.52842,0.00102386,0.00179384,0
5.52939,0.00102439,0.00179425,0
5.53038,0.00102492,0.00179466,0
5.5314,0.0010916,0.00169103,0
5.53236,0.001026,0.00179546,0
5.53359,0.0010924,0.0016919,0
5.53444,0.00102709,0.00179625,0
5.53549,0.00102764,0.00179664,0
5.53656,0.000962622,0.0019009,0
5.53735,0.00102875,0.00179742,0
5.53836,0.00102931,0.00179781,0
5.5394,0.00102988,0.0017982,0
5.5404,0.00103044,0.00179858,0
5.54139,0.00103102,0.00179896,0
5.54237,0.00103159,0.00179933,0
5.5434,0.00103217,0.0017997,0
5.54439,0.00103275,0.00180006,0
5.54535,0.0010336,0.00180041,0
5.54642,0.00103419,0.00180077,0
5.54738,0.00103478,0.00180114,0
5.54846,0.00103478,0.00180114,0
5.54944,0.00103596,0.00180186,0
5.55038,0.00110002,0.00169895,0
5.55141,0.00103715,0.00180258,0
5.55234,0.000974435,0.00190618,0
5.55339,0.00103837,0.00180329,0
5.55444,0.00110189,0.00170052,0
5.55541,0.0010396,0.00180399,0
5.55639,0.00110285,0.00170128,0
5.55743,0.00110333,0.00170166,0
5.55844,0.00110382,0.00170204,0
5.55944,0.00110431,0.00170242,0
5.56041,0.0011048,0.00170279,0
5.56143,0.0011053,0.00170316,0
5.56245,0.0011058,0.00170353,0
5.56341,0.00110631,0.0017039,0
5.5644,0.00104535,0.00180697,0
5.56535,0.00110732,0.00170462,0
5.56638,0.00110783,0.00170498,0
5.56744,0.00110835,0.00170533,0
5.56839,0.00110886,0.00170569,0
5.56939,0.00104864,0.00180854,0
5.57042,0.00110991,0.00170639,0
5.57156,0.00111044,0.00170674,0
5.57239,0.00111097,0.00170709,0
5.57347,0.0011115,0.00170743,0
5.57438,0.00111204,0.00170778,0
5.57537,0.00111257,0.00170812,0
5.57634,0.00111312,0.00170845,0
5.57746,0.00105408,0.00181096,0
5.57837,0.00105408,0.00181096,0
5.57937,0.00111476,0.00170945,0
5.58036,0.00105616,0.00181183,0
5.58141,0.00111587,0.00171011,0
5.5824,0.00111643,0.00171043,0
5.58379,0.00111643,0.00171043,0
5.58459,0.00111755,0.00171107,0
5.58541,0.00105969,0.00181324,0
5.58641,0.00111869,0.00171171,0
5.5874,0.00111926,0.00171201,0
5.58836,0.00111984,0.00171232,0
5.58938,0.00112042,0.00171263,0
5.5904,0.001121,0.00171293,0
5.59137,0.00106402,0.00181482,0
5.59283,0.00112217,0.00171354,0
5.59339,0.00112217,0.00171354,0
5.59451,0.00106621,0.00181562,0
5.59551,0.00106696,0.00181588,0
5.5964,0.0010677,0.00181614,0
5.59745,0.00112515,0.00171503,0
5.59834,0.00112515,0.00171503,0
5.59942,0.00106996,0.0018169,0
5.60036,0.00112698,0.00171589,0
5.60149,0.00112698,0.00171589,0
5.60235,0.00112822,0.00171645,0
5.60348,0.00112884,0.00171672,0
5.60457,0.00107378,0.00181807,0
5.60541,0.00107378,0.00181807,0
5.60643,0.00107532,0.00181853,0
5.6074,0.00107532,0.00181853,0
5.60845,0.00107687,0.00181898,0
5.60943,0.00107766,0.00181921,0
5.61047,0.00113325,0.0017186,0
5.61142,0.00113325,0.0017186,0
5.6124,0.0011339,0.00171886,0
5.61338,0.00108003,0.00181988,0
5.61435,0.00108082,0.0018201,0
5.61547,0.00108161,0.00182032,0
5.61636,0.00108241,0.00182053,0
5.6175,0.00102912,0.00192139,0
5.61846,0.0011378,0.00172038,0
5.61946,0.00108479,0.00182116,0
5.62039,0.00103194,0.0019219,0
5.62139,0.00108641,0.00182156,0
5.62245,0.00108641,0.00182156,0
5.62357,0.00114045,0.00172135,0
5.6244,0.00114181,0.00172182,0
5.62541,0.00114221,0.00172207,0
5.62641,0.0011429,0.0017223,0
5.62739,0.00114358,0.00172252,0
5.62839,0.00114427,0.00172274,0
5.62935,0.00114496,0.00172297,0
5.6304,0.00114566,0.00172318,0
5.6314,0.00114635,0.0017234,0
5.63234,0.00114705,0.00172362,0
5.63341,0.00114776,0.00172383,0
5.6344,0.00109701,0.00182398,0
5.63551,0.00114917,0.00172425,0
5.6364,0.00114987,0.00172447,0
5.63742,0.00109957,0.0018245,0
5.63839,0.0011513,0.00172487,0
5.63937,0.00115201,0.00172507,0
5.64044,0.00115273,0.00172527,0
5.6414,0.00115345,0.00172546,0
5.64245,0.00110389,0.00182528,0
5.64337,0.00110389,0.00182528,0
5.64443,0.00115562,0.00172603,0
5.6454,0.00115635,0.00172622,0
5.64643,0.00115709,0.0017264,0
5.6474,0.00115782,0.00172659,0
5.6484,0.00115856,0.00172676,0
5.64936,0.0011593,0.00172694,0
5.65039,0.00116005,0.00172711,0
5.65138,0.00116079,0.00172728,0
5.65238,0.00116154,0.00172745,0
5.65336,0.00116229,0.00172762,0
5.6544,0.00116304,0.00172778,0
5.65539,0.0011638,0.00172795,0
5.6564,0.00116456,0.00172811,0
5.65748,0.00116532,0.00172827,0
5.65845,0.00116608,0.00172843,0
5.65939,0.00116608,0.00172843,0
5.66034,0.00107222,0.00192652,0
5.66153,0.00116838,0.00172888,0
5.66244,0.00112181,0.00182782,0
5.6634,0.00112181,0.00182782,0
5.66438,0.00112364,0.00182803,0
5.66553,0.00112364,0.00182803,0
5.66634,0.00107752,0.00192683,0
5.66753,0.00112549,0.00182823,0
5.66837,0.00112735,0.00182844,0
5.66937,0.00117461,0.00173003,0
5.67047,0.00112923,0.00182863,0
5.67139,0.0011762,0.00173029,0
5.67241,0.0011762,0.00173029,0
5.67343,0.00117779,0.00173054,0
5.67442,0.001133,0.00182895,0
5.67542,0.00108836,0.00192733,0
5.67639,0.00108836,0.00192733,0
5.67745,0.00113585,0.00182918,0
5.67843,0.00109165,0.00192743,0
5.67946,0.00113775,0.00182934,0
5.68042,0.00109385,0.00192751,0
5.68135,0.00118425,0.00173147,0
5.68243,0.00114065,0.00182956,0
5.68342,0.00114065,0.00182956,0
5.68446,0.0011859,0.00173168,0
5.6854,0.00114281,0.00182986,0
5.6864,0.00114281,0.00182986,0
5.68752,0.00123131,0.00163433,0
5.68845,0.00114576,0.00183,0
5.68936,0.00114576,0.00183,0
5.69041,0.00110437,0.00192777,0
5.6914,0.00119181,0.00173255,0
5.69242,0.00114972,0.00183019,0
5.69342,0.00114972,0.00183019,0
5.6944,0.00110779,0.00192779,0
5.69546,0.00115171,0.00183026,0
5.69642,0.00111008,0.00192777,0
5.6974,0.00115371,0.00183033,0
5.6985,0.00111237,0.00192774,0
5.6994,0.00107118,0.00202511,0
5.70043,0.0011986,0.00173316,0
5.70147,0.00124108,0.00163605,0
5.70236,0.00120032,0.00173329,0
5.70335,0.00115973,0.00183048,0
5.70437,0.00111928,0.00192763,0
5.7054,0.00120292,0.00173347,0
5.70656,0.00116277,0.00183052,0
5.70738,0.00112278,0.00192753,0
5.7084,0.00120554,0.00173363,0
5.70935,0.00116585,0.00183055,0
5.71037,0.00112631,0.00192743,0
5.71141,0.00120819,0.00173377,0
5.71265,0.00116895,0.00183057,0
5.71342,0.00120996,0.00173386,0
5.7144,0.00121085,0.0017339,0
5.7154,0.00121175,0.00173394,0
5.71635,0.00121264,0.00173397,0
5.71736,0.00121354,0.00173401,0
5.71836,0.00121444,0.00173403,0
5.7194,0.00121534,0.00173406,0
5.7204,0.00121625,0.00173408,0
5.72135,0.00121716,0.00173411,0
5.72237,0.00121807,0.00173412,0
5.72342,0.00118053,0.0018304,0
5.72434,0.0011816,0.00183037,0
5.72541,0.00118268,0.00183034,0
5.7264,0.00122176,0.00173419,0
5.72739,0.00122268,0.0017342,0
5.72849,0.00122268,0.0017342,0
5.72941,0.00122455,0.00173422,0
5.73035,0.00122548,0.00173422,0
5.7314,0.00122641,0.00173422,0
5.73234,0.00119027,0.00183006,0
5.73342,0.00122829,0.00173421,0
5.73439,0.00122924,0.00173421,0
5.73536,0.00119357,0.00182992,0
5.73642,0.00123114,0.0017342,0
5.73738,0.0012321,0.00173419,0
5.73837,0.00119689,0.00182976,0
5.7394,0.00123401,0.00173416,0
5.74037,0.00123497,0.00173414,0
5.74142,0.00123594,0.00173412,0
5.74236,0.0012369,0.0017341,0
5.74334,0.00123788,0.00173407,0
5.74444,0.00123885,0.00173404,0
5.74548,0.00123449,0.00173503,0
5.74638,0.00120149,0.00183018,0
5.74747,0.00123743,0.00173494,0
5.74835,0.00123842,0.0017349,0
5.74941,0.00123941,0.00173487,0
5.75035,0.0012404,0.00173483,0
5.75141,0.00124139,0.00173478,0
5.75241,0.00124239,0.00173474,0
5.75341,0.00124339,0.00173469,0
5.7544,0.00124439,0.00173464,0
5.7554,0.00121179,0.00182937,0
5.75644,0.00121179,0.00182937,0
5.75743,0.00124742,0.00173449,0
5.7584,0.00124844,0.00173443,0
5.7594,0.00124945,0.00173438,0
5.76041,0.00125048,0.00173432,0
5.7614,0.0012515,0.00173425,0
5.76235,0.00125252,0.00173419,0
5.76339,0.00125355,0.00173412,0
5.76439,0.00125458,0.00173405,0
5.76541,0.00125562,0.00173398,0
5.76641,0.00125562,0.00173398,0
5.7674,0.0012577,0.00173383,0
5.76841,0.00125874,0.00173375,0
5.76942,0.00125979,0.00173367,0
5.77034,0.00126084,0.00173359,0
5.77136,0.00126189,0.00173351,0
5.77239,0.00126295,0.00173342,0
5.77336,0.00126401,0.00173334,0
5.77442,0.00126507,0.00173325,0
5.77546,0.00126613,0.00173316,0
5.77643,0.00126719,0.00173306,0
5.77734,0.00126826,0.00173297,0
5.77841,0.00123919,0.00182654,0
5.77939,0.00127041,0.00173277,0
5.78039,0.00127148,0.00173266,0
5.78136,0.00127256,0.00173256,0
5.78235,0.00127365,0.00173246,0
5.7834,0.00127473,0.00173235,0
5.78434,0.00127582,0.00173224,0
5.78545,0.00127691,0.00173213,0
5.78641,0.001278,0.00173201,0
5.78757,0.0012791,0.0017319,0
5.78842,0.0012802,0.00173178,0
5.78937,0.0012813,0.00173166,0
5.79042,0.0012824,0.00173153,0
5.79139,0.0012824,0.00173153,0
5.79247,0.00128351,0.00173141,0
5.7934,0.00128573,0.00173116,0
5.79446,0.00125911,0.00182393,0
5.79539,0.00125911,0.00182393,0
5.79636,0.00128909,0.00173077,0
5.79744,0.00126293,0.0018234,0
5.79837,0.00126293,0.0018234,0
5.79945,0.00126549,0.00182302,0
5.80039,0.00126549,0.00182302,0
5.80134,0.00126805,0.00182264,0
5.80242,0.00126934,0.00182244,0
5.80344,0.0012441,0.00191477,0
5.8044,0.00129814,0.00172963,0
5.8054,0.00127232,0.00182184,0
5.80636,0.00124753,0.00191402,0
5.80745,0.00124753,0.00191402,0
5.80841,0.0012762,0.00182125,0
5.8094,0.00130299,0.00172884,0
5.81045,0.0012788,0.00182082,0
5.81139,0.0012788,0.00182082,0
5.8124,0.00128142,0.00182039,0
5.81348,0.00130762,0.00172817,0
5.8144,0.00130762,0.00172817,0
5.81543,0.00130996,0.00172783,0
5.81637,0.00128668,0.0018195,0
5.81739,0.00128668,0.0018195,0
5.81845,0.00128933,0.00181904,0
5.81937,0.00131466,0.00172712,0
5.82039,0.00129199,0.00181858,0
5.82138,0.00129333,0.00181835,0
5.82241,0.00127096,0.00190972,0
5.82334,0.00127096,0.00190972,0
5.82438,0.00127395,0.00190915,0
5.82536,0.0012987,0.00181741,0
5.82637,0.00127694,0.00190857,0
5.82739,0.00127694,0.00190857,0
5.82842,0.00127991,0.00190795,0
5.82937,0.00130405,0.00181639,0
5.83036,0.00128289,0.00190733,0
5.83142,0.00130675,0.00181589,0
5.83239,0.00133019,0.0017246,0
5.8334,0.00130948,0.00181539,0
5.83442,0.00128893,0.00190613,0
5.83541,0.00126854,0.00199683,0
5.83646,0.00126854,0.00199683,0
5.83744,0.0012935,0.00190521,0
5.83835,0.00129502,0.0019049,0
5.83938,0.00131771,0.00181383,0
5.84041,0.00131771,0.00181383,0
5.84141,0.00132048,0.00181331,0
5.84239,0.00132186,0.00181303,0
5.84336,0.00132326,0.00181275,0
5.84434,0.00132465,0.00181247,0
5.84548,0.00132465,0.00181247,0
5.84692,0.00132744,0.00181189,0
5.84741,0.00132744,0.00181189,0
5.84841,0.00134991,0.00172106,0
5.8494,0.00135116,0.00172082,0
5.85039,0.00133306,0.00181073,0
5.85139,0.00133447,0.00181043,0
5.85241,0.00133588,0.00181014,0
5.8534,0.00133729,0.00180984,0
5.85447,0.0013387,0.00180954,0
5.85539,0.00135871,0.00171935,0
5.85638,0.00134153,0.00180893,0
5.85746,0.00134153,0.00180893,0
5.85841,0.00136251,0.00171858,0
5.85935,0.00134579,0.001808,0
5.8604,0.00136506,0.00171806,0
5.86142,0.00134864,0.00180737,0
5.86244,0.00135006,0.00180705,0
5.86342,0.00136888,0.00171727,0
5.86441,0.00137016,0.00171699,0
5.86541,0.00135387,0.00180605,0
5.86641,0.00137226,0.00171643,0
5.86744,0.00137226,0.00171643,0
5.86841,0.00137354,0.00171615,0
5.86953,0.00137612,0.0017156,0
5.8704,0.00137612,0.0017156,0
5.87141,0.00136249,0.00180406,0
5.87239,0.00138001,0.00171475,0
5.87342,0.00138001,0.00171475,0
5.87442,0.00138131,0.00171447,0
5.87543,0.00138261,0.00171418,0
5.87644,0.00136829,0.00180272,0
5.87736,0.00136974,0.00180237,0
5.87842,0.00137119,0.00180203,0
5.87947,0.00137265,0.00180168,0
5.88039,0.00137411,0.00180134,0
5.88137,0.00137557,0.00180099,0
5.88238,0.00137703,0.00180064,0
5.88341,0.00139308,0.00171184,0
5.88437,0.00137997,0.00179994,0
5.88538,0.00138144,0.00179958,0
5.88642,0.00138291,0.00179923,0
5.88737,0.00138439,0.00179887,0
5.88837,0.00138586,0.0017985,0
5.88944,0.00138733,0.00179813,0
5.89044,0.0013888,0.00179777,0
5.89142,0.00139028,0.0017974,0
5.89239,0.00139176,0.00179703,0
5.89343,0.00139324,0.00179666,0
5.89456,0.00139473,0.00179628,0
5.89551,0.00139622,0.00179591,0
5.89644,0.00139771,0.00179553,0
5.89747,0.0013992,0.00179515,0
5.89837,0.00141307,0.00170712,0
5.89935,0.0014022,0.0017944,0
5.90036,0.00140369,0.00179401,0
5.90136,0.00140519,0.00179362,0
5.9024,0.00140668,0.00179323,0
5.90339,0.00140818,0.00179284,0
5.90439,0.00140968,0.00179244,0
5.90539,0.00141118,0.00179205,0
5.90634,0.00141269,0.00179165,0
5.9076,0.0014142,0.00179125,0
5.90838,0.00141571,0.00179086,0
5.90937,0.00142798,0.00170339,0
5.91033,0.00141874,0.00179005,0
5.91134,0.00142026,0.00178965,0
5.9124,0.00143209,0.00170234,0
5.9134,0.0014233,0.00178884,0
5.9144,0.00143483,0.00170163,0
5.91541,0.0014362,0.00170127,0
5.91635,0.00142786,0.00178759,0
5.91735,0.00143896,0.00170054,0
5.9184,0.00143091,0.00178675,0
5.91945,0.00143243,0.00178633,0
5.92042,0.00144311,0.00169945,0
5.92144,0.0014355,0.00178549,0
5.92239,0.0014355,0.00178549,0
5.92339,0.00144727,0.00169833,0
5.92435,0.00144865,0.00169796,0
5.92545,0.00145004,0.00169758,0
5.92635,0.00144316,0.00178333,0
5.92739,0.00145283,0.00169682,0
5.92834,0.00145283,0.00169682,0
5.9294,0.00145423,0.00169644,0
5.93045,0.00144779,0.00178202,0
5.93146,0.00145844,0.00169529,0
5.93247,0.00145984,0.00169491,0
5.9334,0.00145984,0.00169491,0
5.9344,0.00145555,0.00177982,0
5.93539,0.00146406,0.00169372,0
5.9364,0.00146547,0.00169332,0
5.93741,0.00146688,0.00169292,0
5.93841,0.00146829,0.00169252,0
5.93938,0.00146971,0.00169212,0
5.94043,0.00147112,0.00169172,0
5.94161,0.00147254,0.00169131,0
5.94244,0.00147254,0.00169131,0
5.94368,0.00147538,0.00169049,0
5.94435,0.00147681,0.00169009,0
5.94534,0.00147188,0.00177469,0
5.94648,0.00147881,0.00168922,0
5.94741,0.00148023,0.0016888,0
5.94836,0.00148166,0.00168838,0
5.94949,0.00148309,0.00168796,0
5.9504,0.00148452,0.00168754,0
5.95137,0.00148595,0.00168711,0
5.95245,0.00148595,0.00168711,0
5.95336,0.00148882,0.00168626,0
5.95436,0.00149025,0.00168584,0
5.95539,0.00149025,0.00168584,0
5.95635,0.00149313,0.00168498,0
5.95739,0.00149458,0.00168455,0
5.95841,0.00149458,0.00168455,0
5.95953,0.00149746,0.00168368,0
5.9604,0.00149746,0.00168368,0
5.96135,0.00149891,0.00168324,0
5.9624,0.0015018,0.00168236,0
5.96341,0.0015018,0.00168236,0
5.96445,0.00150193,0.00176542,0
5.96539,0.00150615,0.00168103,0
5.9664,0.00150513,0.00176443,0
5.96753,0.00150906,0.00168014,0
5.96842,0.00151052,0.00167969,0
5.96942,0.00150994,0.00176291,0
5.97042,0.00151155,0.0017624,0
5.97149,0.00151491,0.00167834,0
5.97237,0.00151477,0.00176138,0
5.9734,0.00151637,0.00176086,0
5.97447,0.00151929,0.00167697,0
5.97537,0.00151929,0.00167697,0
5.97654,0.00151958,0.00175983,0
5.97736,0.0015228,0.00175879,0
5.9784,0.00152441,0.00175827,0
5.97949,0.00152663,0.00167465,0
5.98042,0.00152663,0.00167465,0
5.9814,0.00152926,0.00175668,0
5.98243,0.00153105,0.00167324,0
5.98345,0.00153105,0.00167324,0
5.98458,0.00153411,0.00175508,0
5.98554,0.00153411,0.00175508,0
5.98644,0.00153734,0.00175401,0
5.98734,0.00153734,0.00175401,0
5.98842,0.00154057,0.00175291,0
5.98957,0.00154219,0.00175237,0
5.99053,0.00154219,0.00175237,0
5.9917,0.00154545,0.00175128,0
5.99239,0.00154545,0.00175128,0
5.99343,0.00154708,0.00175073,0
5.9944,0.0015487,0.00175018,0
5.99541,0.00155033,0.00174962,0
5.9965,0.0015503,0.00166693,0
5.99739,0.00155358,0.00174851,0
5.99838,0.00155683,0.00174738,0
5.99939,0.00155846,0.00174682,0
6.00041,0.00155846,0.00174682,0
6.00156,0.0015623,0.00182815,0
6.00239,0.00156174,0.0017457,0
6.00341,0.00156076,0.00166343,0
6.00442,0.00156076,0.00166343,0
6.00544,0.00156101,0.00166284,0
6.00639,0.00156101,0.00166284,0
6.00742,0.00156252,0.00166233,0
6.00841,0.00156403,0.00166182,0
6.00941,0.00156554,0.00166131,0
6.01038,0.00156705,0.0016608,0
6.01137,0.00156705,0.0016608,0
6.01242,0.00157207,0.00174166,0
6.01335,0.00157009,0.00165978,0
6.01444,0.00157009,0.00165978,0
6.01535,0.00157162,0.00165927,0
6.0164,0.00157711,0.00173996,0
6.01737,0.00157467,0.00165824,0
6.0184,0.00157467,0.00165824,0
6.0194,0.0015762,0.00165773,0
6.0204,0.00157773,0.00165721,0
6.02137,0.00157926,0.00165669,0
6.02239,0.00157926,0.00165669,0
6.02334,0.00158079,0.00165617,0
6.02435,0.00158233,0.00165565,0
6.02539,0.00158233,0.00165565,0
6.02648,0.00158388,0.00165513,0
6.02742,0.00158388,0.00165513,0
6.02845,0.00158697,0.00165409,0
6.02964,0.00158852,0.00165357,0
6.0305,0.00159007,0.00165304,0
6.03165,0.00159161,0.00165251,0
6.03267,0.00159316,0.00165198,0
6.03357,0.00159316,0.00165198,0
6.03441,0.00160269,0.00173135,0
6.03541,0.00160441,0.00173077,0
6.03638,0.00160441,0.00173077,0
6.03741,0.00160613,0.00173019,0
6.03835,0.00160092,0.00164931,0
6.03938,0.00160957,0.00172901,0
6.0405,0.00160403,0.00164823,0
6.04147,0.00161298,0.00172781,0
6.04236,0.00161469,0.00172721,0
6.04341,0.00160868,0.00164659,0
6.04439,0.0016181,0.001726,0
6.04552,0.00161981,0.00172539,0
6.04645,0.00162152,0.00172478,0
6.04736,0.00162323,0.00172418,0
6.04868,0.00162494,0.00172356,0
6.04948,0.00163515,0.0018027,0
6.05035,0.00161956,0.0016427,0
6.0514,0.00163007,0.00172173,0
6.05243,0.00162267,0.00164157,0
6.05335,0.00163347,0.00172048,0
6.05439,0.00164442,0.00179933,0
6.05539,0.00162734,0.00163986,0
6.05641,0.00163859,0.0017186,0
6.05743,0.00163859,0.0017186,0
6.05838,0.001642,0.00171733,0
6.05949,0.00165367,0.00179589,0
6.06085,0.00165367,0.00179589,0
6.0614,0.00165735,0.00179448,0
6.06239,0.00164879,0.00171475,0
6.06335,0.00166103,0.00179306,0
6.06441,0.00165219,0.00171345,0
6.06536,0.00166633,0.00179183,0
6.06635,0.00165722,0.00171234,0
6.0674,0.00167001,0.00179041,0
6.06842,0.00167001,0.00179041,0
6.06944,0.00166234,0.00171037,0
6.07041,0.00166405,0.00170971,0
6.07134,0.0016774,0.00178752,0
6.07236,0.00165554,0.00163002,0
6.07336,0.00166918,0.00170771,0
6.07439,0.00167089,0.00170704,0
6.07537,0.0016848,0.0017846,0
6.0764,0.00167432,0.00170569,0
6.07739,0.00168852,0.00178313,0
6.07834,0.00167775,0.00170434,0
6.07937,0.00169222,0.00178165,0
6.08043,0.00166815,0.00162512,0
6.08139,0.00168289,0.0017023,0
6.08242,0.00167131,0.00162388,0
6.08343,0.00168632,0.00170092,0
6.0844,0.00170146,0.00177789,0
6.08539,0.00167605,0.001622,0
6.08642,0.00167605,0.001622,0
6.08741,0.00169319,0.00169815,0
6.08839,0.0016808,0.00162011,0
6.08939,0.0016808,0.00162011,0
6.09042,0.0017126,0.00177332,0
6.09145,0.00170008,0.00169535,0
6.09248,0.00171633,0.00177179,0
6.09354,0.00171633,0.00177179,0
6.09446,0.00172005,0.00177025,0
6.09538,0.00172005,0.00177025,0
6.0964,0.0017087,0.00169182,0
6.09742,0.00172562,0.00176793,0
6.09843,0.0016967,0.00161371,0
6.09963,0.0016967,0.00161371,0
6.10048,0.00169988,0.00161241,0
6.10188,0.00169988,0.00161241,0
6.10261,0.00171908,0.00168752,0
6.10359,0.00170469,0.00161045,0
6.10496,0.00170469,0.00161045,0
6.1054,0.00172256,0.00168607,0
6.10645,0.00170948,0.00160848,0
6.10737,0.00172776,0.00168389,0
6.10845,0.00172776,0.00168389,0
6.1095,0.00173109,0.00168248,0
6.1104,0.00173109,0.00168248,0
6.11147,0.0017326,0.00168183,0
6.11254,0.00173408,0.0016812,0
6.11341,0.00173556,0.00168057,0
6.11435,0.00173705,0.00167994,0
6.11542,0.00172146,0.0016035,0
6.11638,0.00174003,0.00167866,0
6.11746,0.00174153,0.00167801,0
6.11855,0.00174303,0.00167737,0
6.11963,0.00174452,0.00167672,0
6.12039,0.00174602,0.00167607,0
6.12146,0.00174602,0.00167607,0
6.12268,0.00174902,0.00167476,0
6.1234,0.00173335,0.00159847,0
6.12437,0.00173484,0.00159784,0
6.12537,0.00173596,0.00159724,0
6.12639,0.00173746,0.00159661,0
6.12753,0.00173746,0.00159661,0
6.12841,0.00173896,0.00159597,0
6.12938,0.00174047,0.00159532,0
6.13039,0.00174047,0.00159532,0
6.13135,0.00174348,0.00159404,0
6.13242,0.00174498,0.00159339,0
6.1334,0.00176381,0.00166816,0
6.13438,0.00174801,0.00159211,0
6.13543,0.00174952,0.00159146,0
6.13641,0.00176848,0.00166613,0
6.1374,0.00175255,0.00159017,0
6.1384,0.00175407,0.00158952,0
6.1394,0.0017732,0.00166408,0
6.14035,0.00175711,0.00158821,0
6.14148,0.00175863,0.00158756,0
6.1424,0.00177796,0.001662,0
6.14339,0.00177954,0.0016613,0
6.14442,0.00176319,0.00158559,0
6.14537,0.00176471,0.00158493,0
6.14639,0.00178431,0.00165919,0
6.14741,0.00176776,0.00158361,0
6.14844,0.00176929,0.00158294,0
6.14944,0.00178912,0.00165705,0
6.15052,0.00179072,0.00165634,0
6.15142,0.00179233,0.00165562,0
6.15237,0.00179233,0.00165562,0
6.15338,0.00179395,0.0016549,0
6.15436,0.00177693,0.00157962,0
6.15541,0.0017972,0.00165346,0
6.15646,0.00179882,0.00165274,0
6.15738,0.00178151,0.00157761,0
6.15839,0.00180204,0.00165128,0
6.15939,0.00180366,0.00165055,0
6.1605,0.0017861,0.00157559,0
6.16146,0.00180691,0.00164908,0
6.1624,0.00180854,0.00164835,0
6.16338,0.00181018,0.00164761,0
6.16445,0.00181181,0.00164687,0
6.16545,0.00181345,0.00164613,0
6.16644,0.00181508,0.00164539,0
6.16739,0.00181672,0.00164465,0
6.16844,0.00181836,0.0016439,0
6.16937,0.00182,0.00164316,0
6.17036,0.00182163,0.00164241,0
6.17136,0.00182326,0.00164165,0
6.17235,0.00180447,0.00156741,0
6.1734,0.00182652,0.00164014,0
6.17435,0.00182815,0.00163939,0
6.17544,0.00182978,0.00163863,0
6.1764,0.0018314,0.00163787,0
6.17737,0.00183303,0.0016371,0
6.1784,0.00183466,0.00163634,0
6.1794,0.00183629,0.00163557,0
6.18044,0.00181667,0.00156187,0
6.18141,0.00183956,0.00163404,0
6.18241,0.00183956,0.00163404,0
6.18344,0.00179815,0.00148774,0
6.18444,0.00179815,0.00148774,0
6.1854,0.00182126,0.00155977,0
6.18655,0.00182279,0.00155907,0
6.18742,0.00182279,0.00155907,0
6.18853,0.00184613,0.00163095,0
6.18936,0.00184779,0.00163019,0
6.19048,0.00182741,0.00155697,0
6.19143,0.00182741,0.00155697,0
6.19237,0.00182895,0.00155627,0
6.1934,0.00182895,0.00155627,0
6.19433,0.00183049,0.00155557,0
6.19539,0.00183204,0.00155487,0
6.19638,0.00183204,0.00155487,0
6.19743,0.00183359,0.00155416,0
6.19862,0.00183514,0.00155346,0
6.19948,0.00185953,0.00162477,0
6.20034,0.00186123,0.001624,0
6.20162,0.00186293,0.00162322,0
6.20241,0.00186462,0.00162245,0
6.20341,0.00186632,0.00162167,0
6.20436,0.00184446,0.00154922,0
6.20542,0.00184339,0.00154924,0
6.20637,0.00184494,0.00154853,0
6.20741,0.00184649,0.00154782,0
6.20841,0.00187202,0.00161856,0
6.2094,0.00187371,0.00161777,0
6.21042,0.00185114,0.00154568,0
6.21138,0.00187708,0.0016162,0
6.21239,0.00187876,0.0016154,0
6.21342,0.00185578,0.00154352,0
6.21441,0.00188212,0.00161382,0
6.21541,0.00185888,0.00154208,0
6.21639,0.00186043,0.00154135,0
6.21736,0.00186197,0.00154063,0
6.21847,0.00186352,0.0015399,0
6.21937,0.00186507,0.00153918,0
6.22041,0.00186507,0.00153918,0
6.22153,0.00184087,0.00146795,0
6.22239,0.00186971,0.00153698,0
6.2234,0.00189726,0.00160658,0
6.22437,0.0018728,0.00153551,0
6.22537,0.00187434,0.00153478,0
6.22641,0.00190229,0.00160414,0
6.2274,0.00187743,0.0015333,0
6.22842,0.00187898,0.00153256,0
6.2294,0.00190733,0.00160169,0
6.23035,0.001909,0.00160086,0
6.23154,0.0018836,0.00153033,0
6.23241,0.00191233,0.00159922,0
6.2334,0.001914,0.00159839,0
6.2345,0.00188823,0.00152809,0
6.2354,0.00188977,0.00152734,0
6.23646,0.00188977,0.00152734,0
6.2374,0.00189285,0.00152584,0
6.23842,0.00192234,0.00159423,0
6.23938,0.00192401,0.0015934,0
6.24051,0.00189748,0.00152358,0
6.2414,0.00189748,0.00152358,0
6.24242,0.00192902,0.00159088,0
6.24339,0.00190211,0.0015213,0
6.24436,0.00193235,0.0015892,0
6.24546,0.00193401,0.00158835,0
6.24649,0.00190673,0.00151902,0
6.24742,0.00190673,0.00151902,0
6.24845,0.00193899,0.00158581,0
6.24948,0.00191136,0.00151672,0
6.25043,0.00191136,0.00151672,0
6.25149,0.00194398,0.00158325,0
6.25263,0.00194398,0.00158325,0
6.25338,0.00194731,0.00158154,0
6.2546,0.00194731,0.00158154,0
6.25546,0.0019206,0.00151209,0
6.25643,0.00195227,0.00157896,0
6.25749,0.00195393,0.00157809,0
6.25845,0.00195393,0.00157809,0
6.25939,0.00195725,0.00157637,0
6.26046,0.00192831,0.00150819,0
6.26149,0.00196057,0.00157463,0
6.26236,0.00196222,0.00157376,0
6.26342,0.00196222,0.00157376,0
6.26442,0.00196552,0.00157201,0
6.26534,0.00196652,0.00157129,0
6.26644,0.00193689,0.00150363,0
6.26741,0.00196982,0.00156954,0
6.26841,0.00197148,0.00156866,0
6.26944,0.00194151,0.00150126,0
6.27041,0.00197479,0.0015669,0
6.27141,0.00197645,0.00156602,0
6.27235,0.00194614,0.00149888,0
6.2734,0.00197977,0.00156425,0
6.27434,0.00198142,0.00156336,0
6.2754,0.00198142,0.00156336,0
6.2764,0.00198474,0.00156158,0
6.27745,0.00198639,0.00156069,0
6.27836,0.0019554,0.00149408,0
6.27941,0.00198969,0.00155891,0
6.28043,0.00199134,0.00155801,0
6.28176,0.00199134,0.00155801,0
6.28243,0.00199465,0.00155622,0
6.2834,0.00199631,0.00155532,0
6.28447,0.00196466,0.00148924,0
6.28543,0.00199962,0.00155352,0
6.28641,0.00200128,0.00155262,0
6.28741,0.00200128,0.00155262,0
6.2884,0.00200459,0.00155081,0
6.28936,0.00200624,0.00154991,0
6.29042,0.00200624,0.00154991,0
6.29144,0.00197392,0.00148436,0
6.29249,0.00200953,0.00154809,0
6.29336,0.00201118,0.00154718,0
6.29474,0.00197854,0.00148191,0
6.29544,0.00201449,0.00154536,0
6.29642,0.00194701,0.00141618,0
6.29739,0.00201945,0.00154262,0
6.29846,0.00202111,0.00154171,0
6.29945,0.00202111,0.00154171,0
6.30038,0.00198781,0.00147698,0
6.30152,0.00202434,0.00153991,0
6.30242,0.00202594,0.00153901,0
6.30335,0.00202755,0.00153811,0
6.30441,0.00202917,0.00153722,0
6.30538,0.00203078,0.00153632,0
6.30637,0.0020324,0.00153542,0
6.30766,0.00203403,0.00153453,0
6.30846,0.0020002,0.00147038,0
6.30941,0.00203729,0.00153273,0
6.31035,0.00203892,0.00153183,0
6.31137,0.00204056,0.00153092,0
6.31236,0.00204219,0.00153002,0
6.31339,0.00204384,0.00152911,0
6.31455,0.00204549,0.00152821,0
6.31538,0.00204714,0.0015273,0
6.31635,0.00201279,0.00146373,0
6.31742,0.00201438,0.0014629,0
6.3186,0.00201438,0.0014629,0
6.31942,0.00201598,0.00146206,0
6.32045,0.00201758,0.00146122,0
6.32187,0.00205548,0.00152273,0
6.32249,0.00205715,0.00152181,0
6.3238,0.00205884,0.00152089,0
6.3244,0.00202404,0.00145784,0
6.32543,0.00202404,0.00145784,0
6.32647,0.0020273,0.00145615,0
6.3277,0.0020273,0.00145615,0
6.32854,0.00206736,0.00151626,0
6.32936,0.00203221,0.00145359,0
6.33044,0.0020708,0.0015144,0
6.3314,0.00203552,0.00145188,0
6.33243,0.00207425,0.00151253,0
6.33337,0.00207598,0.0015116,0
6.33438,0.00207598,0.0015116,0
6.33539,0.00204217,0.00144844,0
6.33638,0.00204217,0.00144844,0
6.33742,0.00208296,0.00150782,0
6.33836,0.00208296,0.00150782,0
6.33941,0.0020472,0.00144582,0
6.34042,0.00208647,0.00150591,0
6.34141,0.00208822,0.00150494,0
6.34241,0.00208998,0.00150398,0
6.34344,0.00209175,0.00150302,0
6.34447,0.00209352,0.00150205,0
6.34543,0.00212933,0.00156139,0
6.34641,0.00209323,0.00149979,0
6.34755,0.00209501,0.00149882,0
6.34858,0.0020968,0.00149785,0
6.34956,0.00209859,0.00149687,0
6.35039,0.00210039,0.00149589,0
6.35136,0.00210218,0.0014949,0
6.3524,0.00206553,0.00143395,0
6.35347,0.00210578,0.00149293,0
6.35442,0.00210758,0.00149193,0
6.35546,0.00207072,0.00143123,0
6.35642,0.00211117,0.00148994,0
6.35779,0.00211297,0.00148894,0
6.35864,0.00211478,0.00148794,0
6.35975,0.00215546,0.00154638,0
6.36035,0.00211841,0.00148592,0
6.36138,0.00212023,0.00148492,0
6.3624,0.00212205,0.0014839,0
6.36335,0.00212387,0.00148289,0
6.36441,0.00212569,0.00148187,0
6.36541,0.00212751,0.00148085,0
6.3664,0.00212933,0.00147983,0
6.3674,0.00213114,0.00147881,0
6.36841,0.00209337,0.00141923,0
6.3694,0.00209512,0.00141829,0
6.3704,0.00209686,0.00141736,0
6.37136,0.00209862,0.00141642,0
6.37244,0.00214028,0.00147365,0
6.37339,0.00210213,0.00141453,0
6.37478,0.00214397,0.00147156,0
6.37538,0.00214583,0.0014705,0
6.37638,0.00210744,0.00141167,0
6.37739,0.00210921,0.00141071,0
6.37842,0.00211098,0.00140974,0
6.37979,0.00211276,0.00140877,0
6.38042,0.00211454,0.0014078,0
6.38136,0.00211633,0.00140682,0
6.38236,0.00211811,0.00140584,0
6.38335,0.0021199,0.00140485,0
6.38446,0.0021217,0.00140387,0
6.38585,0.00216452,0.00145973,0
6.38641,0.0021664,0.00145863,0
6.38745,0.00212708,0.00140088,0
6.38838,0.00212888,0.00139988,0
6.38936,0.00213068,0.00139887,0
6.39042,0.00213248,0.00139786,0
6.3914,0.00213248,0.00139786,0
6.3925,0.00217583,0.00145307,0
6.39387,0.00222125,0.00150693,0
6.3944,0.00213969,0.00139379,0
6.39539,0.0021415,0.00139277,0
6.39642,0.0021433,0.00139174,0
6.3974,0.0021433,0.00139174,0
6.3984,0.0021469,0.00138967,0
6.39934,0.00219096,0.00144399,0
6.4004,0.00215051,0.00138759,0
6.40146,0.00215232,0.00138654,0
6.4024,0.00219664,0.00144053,0
6.4034,0.00215593,0.00138445,0
6.40434,0.00220043,0.0014382,0
6.40542,0.00215124,0.00138374,0
6.40637,0.00215124,0.00138374,0
6.40736,0.00215485,0.00138162,0
6.40844,0.0021997,0.00143493,0
6.4094,0.00220157,0.00143375,0
6.41065,0.00220345,0.00143258,0
6.41142,0.00220534,0.00143139,0
6.41241,0.00220534,0.00143139,0
6.41343,0.00216384,0.00137629,0
6.41441,0.00216743,0.00137414,0
6.41535,0.00216743,0.00137414,0
6.41636,0.00216923,0.00137306,0
6.41747,0.00221476,0.00142545,0
6.41838,0.00221853,0.00142306,0
6.4195,0.00221853,0.00142306,0
6.42041,0.00222228,0.00142065,0
6.4214,0.00222228,0.00142065,0
6.42243,0.00217998,0.00136653,0
6.42339,0.00222788,0.00141703,0
6.42456,0.00222975,0.00141582,0
6.42547,0.00222975,0.00141582,0
6.42641,0.0021889,0.00136103,0
6.42738,0.0021889,0.00136103,0
6.42854,0.00223534,0.00141216,0
6.42945,0.00223721,0.00141094,0
6.43039,0.00224093,0.00140849,0
6.43141,0.00224093,0.00140849,0
6.43258,0.0021978,0.00135546,0
6.43359,0.00224465,0.00140602,0
6.43439,0.00224834,0.00140356,0
6.4354,0.00224834,0.00140356,0
6.4364,0.00220488,0.00135098,0
6.4375,0.00225203,0.00140108,0
6.43839,0.00225387,0.00139983,0
6.4394,0.00225572,0.00139859,0
6.44035,0.00225756,0.00139734,0
6.44141,0.00225941,0.00139609,0
6.44236,0.00226125,0.00139484,0
6.44341,0.00226309,0.00139358,0
6.44439,0.00221899,0.00134189,0
6.44542,0.00226676,0.00139107,0
6.44636,0.00226858,0.00138981,0
6.4476,0.00227041,0.00138855,0
6.44859,0.00227223,0.00138728,0
6.44946,0.00227406,0.00138601,0
6.45038,0.00227588,0.00138474,0
6.45147,0.0022777,0.00138347,0
6.45288,0.0022777,0.00138347,0
6.45337,0.00228135,0.00138092,0
6.45444,0.00228316,0.00137964,0
6.45541,0.0022382,0.00132918,0
6.45641,0.00228677,0.00137708,0
6.4574,0.00224167,0.00132684,0
6.4584,0.0022434,0.00132567,0
6.45949,0.00224513,0.0013245,0
6.46038,0.00224513,0.0013245,0
6.4614,0.00224859,0.00132214,0
6.46241,0.00229758,0.00136935,0
6.46335,0.00225203,0.00131978,0
6.4647,0.00225375,0.0013186,0
6.46546,0.00225006,0.00131815,0
6.46645,0.00225178,0.00131696,0
6.46748,0.0022535,0.00131578,0
6.4684,0.00225521,0.00131458,0
6.4699,0.00225693,0.00131339,0
6.4704,0.00225864,0.00131219,0
6.47138,0.00226035,0.001311,0
6.4725,0.00226206,0.0013098,0
6.47345,0.00226377,0.0013086,0
6.47456,0.00226547,0.00130739,0
6.47552,0.00226718,0.00130619,0
6.47673,0.00226888,0.00130498,0
6.47745,0.00226888,0.00130498,0
6.47838,0.00232064,0.00134911,0
6.47939,0.00232064,0.00134911,0
6.48041,0.00227566,0.00130013,0
6.48146,0.00232592,0.00134512,0
6.48241,0.00227904,0.0012977,0
6.48362,0.00228073,0.00129648,0
6.4844,0.00228242,0.00129525,0
6.48541,0.00228411,0.00129403,0
6.4864,0.0023347,0.00133841,0
6.4874,0.0023347,0.00133841,0
6.48843,0.00228916,0.00129034,0
6.48937,0.00233994,0.00133437,0
6.49043,0.0022925,0.00128788,0
6.49141,0.00234341,0.00133167,0
6.49243,0.00229585,0.0012854,0
6.49343,0.00229752,0.00128416,0
6.49446,0.00234861,0.00132759,0
6.49541,0.00230085,0.00128168,0
6.49637,0.00230252,0.00128043,0
6.49735,0.0023538,0.00132351,0
6.4984,0.00230584,0.00127794,0
6.4994,0.0023075,0.00127669,0
6.50041,0.00235898,0.0013194,0
6.5014,0.00235898,0.0013194,0
6.50246,0.0023108,0.00127418,0
6.50348,0.00236239,0.00131666,0
6.50444,0.00241579,0.00135753,0
6.50536,0.00241579,0.00135753,0
6.50654,0.0023174,0.00126916,0
6.50743,0.00236923,0.00131116,0
6.50877,0.00237093,0.00130977,0
6.50943,0.00237264,0.00130839,0
6.5104,0.00237435,0.001307,0
6.51144,0.00237605,0.00130561,0
6.51246,0.00237775,0.00130422,0
6.51343,0.00237944,0.00130283,0
6.5144,0.00238113,0.00130144,0
6.51538,0.00233213,0.00125773,0
6.51684,0.0023845,0.00129865,0
6.51741,0.00238618,0.00129725,0
6.51858,0.00233701,0.0012539,0
6.51946,0.00238955,0.00129445,0
6.52061,0.00239123,0.00129305,0
6.52135,0.00244388,0.00133336,0
6.5224,0.00234348,0.00124876,0
6.5235,0.00234509,0.00124747,0
6.52435,0.00239792,0.00128742,0
6.52558,0.00239958,0.00128601,0
6.52641,0.00239958,0.00128601,0
6.52739,0.00235152,0.0012423,0
6.52839,0.00240456,0.00128177,0
6.52944,0.00240456,0.00128177,0
6.53034,0.00240788,0.00127893,0
6.53158,0.00235792,0.0012371,0
6.53247,0.00235792,0.0012371,0
6.53343,0.00236111,0.00123449,0
6.53445,0.00241449,0.00127322,0
6.53563,0.00241449,0.00127322,0
6.53641,0.00241777,0.00127036,0
6.53738,0.00241777,0.00127036,0
6.53845,0.00236746,0.00122925,0
6.53941,0.00237062,0.00122662,0
6.54033,0.0023722,0.0012253,0
6.54151,0.0023722,0.0012253,0
6.5428,0.00237378,0.00122398,0
6.54349,0.00242919,0.00126029,0
6.54444,0.00237849,0.00122002,0
6.54537,0.00245826,0.00125608,0
6.54639,0.00245826,0.00125608,0
6.54736,0.00240745,0.00121604,0
6.5484,0.0024615,0.00125318,0
6.54941,0.00246473,0.00125028,0
6.55037,0.00246473,0.00125028,0
6.55139,0.00241371,0.00121072,0
6.55245,0.00246796,0.00124736,0
6.5534,0.00247117,0.00124445,0
6.55435,0.00247117,0.00124445,0
6.55542,0.00247278,0.00124298,0
6.55644,0.00242148,0.00120403,0
6.55751,0.00247599,0.00124005,0
6.55844,0.00247758,0.00123859,0
6.55946,0.00247917,0.00123712,0
6.56039,0.00248076,0.00123566,0
6.56145,0.00242919,0.00119731,0
6.56238,0.00248393,0.00123271,0
6.56337,0.00248552,0.00123124,0
6.56441,0.0024871,0.00122977,0
6.56546,0.00243532,0.0011919,0
6.56644,0.00249026,0.00122681,0
6.56749,0.00249184,0.00122533,0
6.56839,0.00249342,0.00122385,0
6.56942,0.00249498,0.00122236,0
6.57044,0.00249655,0.00122088,0
6.57137,0.00249811,0.0012194,0
6.57247,0.00249967,0.00121791,0
6.57336,0.00250122,0.00121643,0
6.57442,0.00250278,0.00121494,0
6.57538,0.00250434,0.00121345,0
6.57647,0.00250589,0.00121196,0
6.57742,0.00250744,0.00121046,0
6.57837,0.00250898,0.00120897,0
6.57939,0.00251052,0.00120748,0
6.5804,0.00251205,0.00120599,0
6.58142,0.00251359,0.00120449,0
6.58242,0.00251512,0.00120299,0
6.58342,0.00251666,0.00120149,0
6.58436,0.00251819,0.00119999,0
6.58556,0.00251972,0.00119848,0
6.58641,0.00252125,0.00119698,0
6.5875,0.00252278,0.00119547,0
6.5885,0.00246992,0.00116041,0
6.58941,0.00252582,0.00119246,0
6.59041,0.00252733,0.00119095,0
6.59136,0.00252884,0.00118944,0
6.59238,0.00253035,0.00118793,0
6.59344,0.00253035,0.00118793,0
6.59442,0.00247728,0.00115348,0
6.59541,0.00247875,0.00115209,0
6.59639,0.00248022,0.0011507,0
6.59743,0.00248022,0.0011507,0
6.59838,0.00248169,0.0011493,0
6.59937,0.00248316,0.00114791,0
6.60039,0.00248463,0.00114651,0
6.60138,0.00254092,0.00117728,0
6.60246,0.00254092,0.00117728,0
6.60344,0.00248902,0.00114229,0
6.6045,0.00248902,0.00114229,0
6.60549,0.00248877,0.00113947,0
6.60643,0.00248877,0.00113947,0
6.60739,0.00254679,0.00116804,0
6.60843,0.00249313,0.00113524,0
6.60937,0.00249313,0.00113524,0
6.61043,0.00255125,0.00116342,0
6.61138,0.00249746,0.001131,0
6.6124,0.00255422,0.00116033,0
6.61354,0.00255422,0.00116033,0
6.6147,0.00250178,0.00112675,0
6.61545,0.00250178,0.00112675,0
6.61657,0.00250322,0.00112533,0
6.61772,0.00256014,0.00115413,0
6.61897,0.00256162,0.00115258,0
6.61959,0.00256309,0.00115102,0
6.62068,0.00256457,0.00114946,0
6.62144,0.00256603,0.00114791,0
6.6224,0.00256749,0.00114635,0
6.6234,0.00256895,0.0011448,0
6.62444,0.00251463,0.00111392,0
6.62543,0.00257185,0.00114168,0
6.6264,0.0025733,0.00114012,0
6.62744,0.00257475,0.00113856,0
6.62842,0.0025762,0.00113699,0
6.62943,0.00257764,0.00113543,0
6.6304,0.00252309,0.00110532,0
6.63148,0.00258052,0.00113229,0
6.63244,0.00258196,0.00113072,0
6.63352,0.00258339,0.00112915,0
6.63435,0.00258482,0.00112758,0
6.63541,0.00258624,0.00112601,0
6.63638,0.00258767,0.00112444,0
6.63734,0.00258909,0.00112287,0
6.63844,0.00259051,0.0011213,0
6.63939,0.00259193,0.00111972,0
6.64045,0.00259334,0.00111814,0
6.64138,0.0025384,0.00108945,0
6.64238,0.00259617,0.00111498,0
6.64334,0.00259758,0.0011134,0
6.64436,0.00259898,0.00111183,0
6.64538,0.00260038,0.00111025,0
6.64638,0.00260177,0.00110867,0
6.64743,0.00260317,0.00110708,0
6.64841,0.00260456,0.0011055,0
6.64934,0.00260595,0.00110391,0
6.65039,0.00255072,0.00107637,0
6.65136,0.00255208,0.00107492,0
6.65235,0.00255344,0.00107346,0
6.65338,0.0025548,0.00107199,0
6.65435,0.00255615,0.00107053,0
6.65535,0.0025575,0.00106908,0
6.65634,0.00261563,0.00109279,0
6.65736,0.00256019,0.00106615,0
6.65836,0.00256154,0.00106469,0
6.65934,0.00256288,0.00106322,0
6.6604,0.00256422,0.00106175,0
6.66141,0.00256556,0.00106029,0
6.66241,0.0025669,0.00105882,0
6.66337,0.00256823,0.00105735,0
6.66441,0.00256957,0.00105588,0
6.6654,0.00256998,0.00105458,0
6.6664,0.00257131,0.00105311,0
6.66737,0.00257264,0.00105164,0
6.66834,0.00257396,0.00105016,0
6.6694,0.00257528,0.00104869,0
6.6704,0.0025766,0.00104722,0
6.67138,0.00257792,0.00104574,0
6.67237,0.00257924,0.00104426,0
6.67336,0.00258055,0.00104278,0
6.67435,0.00258186,0.0010413,0
6.67546,0.0026404,0.00106252,0
6.67641,0.00258448,0.00103834,0
6.67733,0.00258579,0.00103686,0
6.67834,0.0025871,0.00103537,0
6.6794,0.0025884,0.00103389,0
6.68036,0.0025897,0.00103241,0
6.6814,0.00259099,0.00103092,0
6.68238,0.00259229,0.00102944,0
6.68341,0.00259358,0.00102795,0
6.68459,0.00259487,0.00102646,0
6.68543,0.00259616,0.00102497,0
6.6864,0.00265489,0.00104471,0
6.68736,0.00259874,0.00102199,0
6.68844,0.00260002,0.0010205,0
6.68935,0.0026013,0.00101901,0
6.6904,0.00260257,0.00101752,0
6.6914,0.00260385,0.00101603,0
6.69242,0.00260512,0.00101453,0
6.69342,0.00260639,0.00101304,0
6.69438,0.00260766,0.00101154,0
6.69556,0.00260893,0.00101004,0
6.69636,0.0026102,0.00100855,0
6.69753,0.00261147,0.00100705,0
6.6984,0.00267036,0.00102519,0
6.69946,0.00261399,0.00100405,0
6.70035,0.00261399,0.00100405,0
6.70139,0.00267417,0.00102029,0
6.7024,0.00267417,0.00102029,0
6.70347,0.00261776,0.000999548,0
6.70435,0.00267798,0.00101538,0
6.70543,0.00267798,0.00101538,0
6.70641,0.00262276,0.000993528,0
6.70744,0.00268177,0.00101046,0
6.70887,0.00268177,0.00101046,0
6.70938,0.00268303,0.00100882,0
6.71081,0.00268429,0.00100717,0
6.71149,0.00268554,0.00100553,0
6.71237,0.00268803,0.00100224,0
6.71339,0.00268927,0.0010006,0
6.71441,0.00263266,0.000981463,0
6.71539,0.00269174,0.000997314,0
6.71639,0.00269298,0.000995668,0
6.71735,0.00263634,0.000976928,0
6.71836,0.00263634,0.000976928,0
6.71941,0.00269545,0.000992371,0
6.72058,0.00269668,0.000990722,0
6.72141,0.00269791,0.000989068,0
6.7225,0.00269914,0.000987418,0
6.72336,0.00270036,0.000985771,0
6.72442,0.00270157,0.000984124,0
6.72544,0.00270279,0.000982473,0
6.72638,0.00270522,0.000979168,0
6.72759,0.00270522,0.000979168,0
6.72859,0.00270643,0.000977514,0
6.72941,0.00264967,0.000960251,0
6.73063,0.00270885,0.000974204,0
6.73145,0.00271005,0.000972548,0
6.73257,0.00265326,0.00095569,0
6.73341,0.00271246,0.000969232,0
6.73454,0.00265565,0.000952647,0
6.73553,0.00271486,0.000965915,0
6.73651,0.00271605,0.00096426,0
6.73738,0.00265921,0.000948084,0
6.73837,0.00271842,0.000960952,0
6.73949,0.00271961,0.000959298,0
6.74042,0.00272079,0.000957641,0
6.74141,0.00272198,0.000955983,0
6.74297,0.0026651,0.000940478,0
6.74347,0.00272435,0.000952667,0
6.74436,0.00272553,0.000951006,0
6.74559,0.0027251,0.000949323,0
6.74644,0.00272628,0.000947663,0
6.74744,0.00272745,0.000946002,0
6.74837,0.00272862,0.000944345,0
6.7494,0.00272979,0.000942691,0
6.75043,0.00267284,0.000928277,0
6.75146,0.002674,0.000926758,0
6.75238,0.00273326,0.000937732,0
6.7534,0.00273442,0.000936076,0
6.75449,0.00273442,0.000936076,0
6.75541,0.00273674,0.000932762,0
6.75638,0.00273789,0.000931103,0
6.75783,0.00273789,0.000931103,0
6.75837,0.0027402,0.000927789,0
6.75945,0.00274134,0.000926135,0
6.76038,0.00274248,0.000924486,0
6.76145,0.00274362,0.000922835,0
6.76241,0.00274476,0.000921186,0
6.7634,0.00268776,0.00090853,0
6.76439,0.0026889,0.000907015,0
6.76539,0.00274816,0.000916232,0
6.7664,0.00269116,0.000903983,0
6.76739,0.00269229,0.000902467,0
6.76841,0.00275155,0.000911278,0
6.76941,0.00269455,0.000899437,0
6.7704,0.00269568,0.000897924,0
6.77139,0.0026968,0.000896412,0
6.7724,0.00269791,0.000894902,0
6.77338,0.00269903,0.00089339,0
6.7744,0.00270015,0.00089188,0
6.77555,0.00275937,0.000899751,0
6.77637,0.00275937,0.000899751,0
6.77739,0.00270349,0.000887349,0
6.7784,0.0027046,0.00088584,0
6.77943,0.0027057,0.000884329,0
6.78039,0.00270681,0.000882821,0
6.78139,0.00270791,0.000881314,0
6.7824,0.00270901,0.000879808,0
6.78345,0.00271011,0.000878303,0
6.7846,0.00271121,0.000876798,0
6.7856,0.0027123,0.000875294,0
6.78635,0.0027134,0.000873789,0
6.78739,0.00277254,0.000880036,0
6.78835,0.00277254,0.000880036,0
6.78941,0.00271667,0.000869279,0
6.79036,0.00271776,0.000867777,0
6.79139,0.00271885,0.000866273,0
6.79238,0.00271993,0.000864771,0
6.79341,0.00272102,0.000863269,0
6.79436,0.00272209,0.000861773,0
6.79538,0.00272317,0.000860277,0
6.79636,0.00278223,0.000865299,0
6.79737,0.00272532,0.000857286,0
6.79843,0.00272532,0.000857286,0
6.79939,0.00272746,0.000854297,0
6.80035,0.00272853,0.000852803,0
6.80134,0.0027296,0.000851308,0
6.80235,0.00273067,0.000849815,0
6.80339,0.00273173,0.00084832,0
6.80435,0.0027328,0.000846826,0
6.80538,0.0027329,0.000845237,0
6.80644,0.0027329,0.000845237,0
6.8074,0.00273501,0.000842258,0
6.80842,0.00279393,0.000845646,0
6.80936,0.00273712,0.000839282,0
6.81034,0.00279601,0.000842398,0
6.81139,0.00273922,0.000836308,0
6.81241,0.00279808,0.000839149,0
6.8134,0.00274131,0.000833335,0
6.81435,0.00274236,0.000831849,0
6.81536,0.0027434,0.000830363,0
6.81638,0.0027434,0.000830363,0
6.81738,0.00274548,0.000827392,0
6.81841,0.00274652,0.000825908,0
6.81939,0.00274756,0.000824423,0
6.82036,0.00274859,0.000822944,0
6.82134,0.00274962,0.000821465,0
6.8224,0.00275065,0.000819988,0
6.82337,0.00280934,0.000821303,0
6.82439,0.00280934,0.000821303,0
6.82545,0.00275373,0.000815558,0
6.8264,0.00275475,0.000814082,0
6.82741,0.00275577,0.000812606,0
6.82845,0.00275577,0.000812606,0
6.82937,0.00275679,0.00081113,0
6.83042,0.00275781,0.000809655,0
6.8314,0.00275883,0.000808178,0
6.83239,0.00275984,0.000806705,0
6.83341,0.00276086,0.000805233,0
6.83436,0.00276187,0.000803761,0
6.8354,0.00276288,0.00080229,0
6.83639,0.00276389,0.000800819,0
6.8374,0.00276489,0.000799349,0
6.83838,0.0027659,0.000797879,0
6.83934,0.0027669,0.00079641,0
6.84037,0.0027679,0.000794941,0
6.84139,0.0027689,0.000793473,0
6.84241,0.0027699,0.000792005,0
6.84333,0.0027709,0.000790538,0
6.84436,0.00277189,0.000789075,0
6.84539,0.00277288,0.000787614,0
6.84639,0.00277387,0.000786153,0
6.84738,0.00277486,0.000784693,0
6.84839,0.00277584,0.000783232,0
6.84937,0.00277683,0.000781773,0
6.85043,0.00277781,0.000780313,0
6.8514,0.00277879,0.000778855,0
6.85236,0.00283694,0.000776228,0
6.85343,0.00278075,0.000775938,0
6.85434,0.00278173,0.000774477,0
6.85537,0.0027827,0.000773021,0
6.85642,0.00278367,0.000771564,0
6.8574,0.00278464,0.000770113,0
6.85839,0.00284265,0.000766632,0
6.8594,0.00284265,0.000766632,0
6.86091,0.00278657,0.000767213,0
6.86162,0.00284453,0.000763448,0
6.86239,0.00284547,0.00076185,0
6.86342,0.00284641,0.000760249,0
6.86447,0.00279043,0.000761399,0
6.86537,0.00284829,0.000757052,0
6.86667,0.00279234,0.000758498,0
6.86741,0.00285015,0.000753857,0
6.86837,0.00285108,0.000752258,0
6.86942,0.0027952,0.000754151,0
6.8704,0.00285293,0.000749077,0
6.8714,0.00285385,0.000747488,0
6.87234,0.00285477,0.000745901,0
6.8734,0.00285569,0.000744313,0
6.87439,0.0028566,0.000742726,0
6.87539,0.00285751,0.000741138,0
6.87641,0.0028018,0.000744052,0
6.8774,0.00285933,0.000737964,0
6.87839,0.00286024,0.000736378,0
6.87957,0.00286115,0.000734791,0
6.8806,0.00280554,0.000738292,0
6.88142,0.00286295,0.000731619,0
6.88239,0.00286385,0.000730039,0
6.88352,0.00286474,0.000728463,0
6.88435,0.00280924,0.000732557,0
6.88539,0.00286636,0.000725312,0
6.88635,0.00286725,0.000723737,0
6.88742,0.00286725,0.000723737,0
6.88839,0.00286902,0.000720588,0
6.88937,0.0028699,0.000719012,0
6.89038,0.00292702,0.00071105,0
6.89134,0.00287166,0.000715865,0
6.89238,0.0028164,0.000721121,0
6.89339,0.00287342,0.000712714,0
6.89441,0.0028743,0.000711137,0
6.89541,0.00281911,0.000716842,0
6.89639,0.00282002,0.000715419,0
6.89734,0.00282092,0.000713998,0
6.89842,0.00282092,0.000713998,0
6.8994,0.00287862,0.000703309,0
6.90036,0.0028236,0.000709742,0
6.90145,0.0028236,0.000709742,0
6.90239,0.00282538,0.000706904,0
6.90342,0.00282627,0.000705486,0
6.90442,0.00282716,0.000704071,0
6.90546,0.00282804,0.000702654,0
6.90639,0.00282893,0.00070124,0
6.90734,0.00282981,0.000699825,0
6.90841,0.00283069,0.000698411,0
6.90934,0.00283157,0.000697002,0
6.91038,0.00283244,0.000695595,0
6.91138,0.00283331,0.000694188,0
6.91236,0.00283418,0.000692782,0
6.91339,0.00283505,0.000691375,0
6.91439,0.00283592,0.00068997,0
6.91535,0.00283679,0.000688565,0
6.91638,0.00283765,0.00068717,0
6.91755,0.00283852,0.00068578,0
6.91866,0.00283939,0.000684392,0
6.91944,0.00284025,0.000683004,0
6.92039,0.00284112,0.000681617,0
6.92157,0.00284112,0.000681617,0
6.92238,0.00284283,0.000678853,0
6.92347,0.00284369,0.000677471,0
6.92436,0.00284369,0.000677471,0
6.92539,0.00284539,0.000674709,0
6.9264,0.00284624,0.000673329,0
6.92739,0.00284624,0.000673329,0
6.92841,0.00284794,0.000670566,0
6.92936,0.00284878,0.000669185,0
6.93039,0.00284878,0.000669185,0
6.93141,0.00290519,0.000654125,0
6.93236,0.00285131,0.000665053,0
6.9334,0.00285131,0.000665053,0
6.93436,0.00290758,0.000649608,0
6.93542,0.00285381,0.00066093,0
6.93634,0.00290917,0.000646594,0
6.93735,0.00290917,0.000646594,0
6.93859,0.0028563,0.00065681,0
6.93942,0.00285713,0.000655439,0
6.94038,0.00291232,0.000640567,0
6.94137,0.0029131,0.00063906,0
6.94247,0.00291389,0.000637552,0
6.9434,0.00291467,0.000636044,0
6.94443,0.00286124,0.00064859,0
6.94545,0.00291611,0.000633126,0
6.94639,0.00291688,0.000631633,0
6.94734,0.00286358,0.000644578,0
6.94839,0.00291842,0.00062864,0
6.94941,0.00291918,0.000627145,0
6.95051,0.002866,0.000640494,0
6.95139,0.002866,0.000640494,0
6.95239,0.00292146,0.000622664,0
6.95356,0.00286841,0.000636416,0
6.95459,0.00286921,0.00063506,0
6.95545,0.00292372,0.000618186,0
6.95639,0.00292447,0.000616698,0
6.9574,0.00287159,0.000630997,0
6.95836,0.00292596,0.00061373,0
6.95939,0.00287317,0.000628295,0
6.9604,0.00287396,0.000626948,0
6.96165,0.00292817,0.000609287,0
6.96271,0.00292891,0.000607805,0
6.96389,0.00292965,0.000606319,0
6.96446,0.00293038,0.000604835,0
6.96542,0.00293112,0.000603349,0
6.96637,0.00293112,0.000603349,0
6.96735,0.00287942,0.000617514,0
6.96844,0.00293331,0.000598913,0
6.96935,0.00293403,0.000597431,0
6.9704,0.00288174,0.000613485,0
6.97136,0.00288174,0.000613485,0
6.97237,0.00293618,0.000593022,0
6.97341,0.00293618,0.000593022,0
6.97436,0.00293689,0.000591551,0
6.97539,0.0028848,0.000608134,0
6.97642,0.00293902,0.000587139,0
6.97737,0.00293902,0.000587139,0
6.97839,0.00288707,0.000604131,0
6.97949,0.00294042,0.000584213,0
6.98043,0.00294112,0.000582755,0
6.98169,0.00294182,0.000581294,0
6.98245,0.00294251,0.000579831,0
6.98338,0.00294321,0.000578372,0
6.98453,0.0029439,0.000576914,0
6.98549,0.00294459,0.000575456,0
6.98642,0.00294528,0.000573996,0
6.98735,0.00299821,0.000553029,0
6.9888,0.00299821,0.000553029,0
6.98943,0.00294735,0.000569608,0
6.99039,0.00294803,0.000568145,0
6.99133,0.00300073,0.000546632,0
6.99235,0.00294938,0.000565225,0
6.99339,0.00295006,0.000563772,0
6.99437,0.00295073,0.000562323,0
6.99535,0.00295139,0.000560874,0
6.9966,0.00295139,0.000560874,0
6.99741,0.00295272,0.000557976,0
6.99842,0.00295339,0.000556527,0
6.99939,0.00295405,0.000555079,0
7.00041,0.00295405,0.000555079,0
7.0014,0.00290395,0.000573725,0
7.00237,0.00290466,0.000572412,0
7.00335,0.00290537,0.000571101,0
7.00437,0.00290608,0.00056979,0
7.0055,0.00289533,0.000568995,0
7.00651,0.00289674,0.000566386,0
7.00743,0.00289744,0.000565083,0
7.00834,0.00289814,0.00056378,0
7.00937,0.00289884,0.000562478,0
7.01034,0.00289954,0.000561176,0
7.01138,0.00290023,0.000559875,0
7.01238,0.00290023,0.000559875,0
7.01337,0.00285022,0.00058173,0
7.01437,0.00290161,0.000557271,0
7.0158,0.00290161,0.000557271,0
7.01639,0.00290299,0.000554666,0
7.01735,0.0029542,0.000529796,0
7.0184,0.00290436,0.000552072,0
7.01935,0.00290504,0.000550772,0
7.02044,0.00295607,0.00052549,0
7.02135,0.0029064,0.000548182,0
7.02242,0.00290707,0.000546888,0
7.0234,0.00290775,0.000545595,0
7.02435,0.00290842,0.000544303,0
7.02537,0.00290909,0.00054301,0
7.02638,0.00290977,0.000541745,0
7.02738,0.00291044,0.000540483,0
7.02834,0.00291111,0.000539223,0
7.02936,0.00291178,0.000537962,0
7.03041,0.00291245,0.000536703,0
7.03133,0.00291312,0.000535442,0
7.03235,0.00291378,0.000534186,0
7.03342,0.00291444,0.000532926,0
7.03456,0.0029151,0.000531669,0
7.03539,0.00296523,0.000504582,0
7.03642,0.00291642,0.000529156,0
7.0374,0.00296642,0.000501836,0
7.03835,0.00291773,0.000526635,0
7.03933,0.00291838,0.000525376,0
7.04039,0.00291902,0.000524119,0
7.04134,0.00291967,0.000522868,0
7.04243,0.00292031,0.000521618,0
7.04343,0.00292095,0.000520368,0
7.04446,0.00297052,0.000492226,0
7.04539,0.00292223,0.000517874,0
7.04635,0.00292287,0.000516626,0
7.04742,0.0029235,0.000515379,0
7.04844,0.00292413,0.000514131,0
7.04934,0.00292476,0.000512889,0
7.05041,0.00292539,0.000511648,0
7.05139,0.00292602,0.000510407,0
7.05241,0.00292664,0.000509167,0
7.05342,0.00292726,0.000507926,0
7.05442,0.00292788,0.000506687,0
7.05537,0.0029285,0.000505447,0
7.05646,0.00292911,0.000504208,0
7.0574,0.00297781,0.000474542,0
7.05839,0.00293034,0.000501728,0
7.05944,0.00293095,0.000500489,0
7.0604,0.00297945,0.000470455,0
7.06145,0.00293217,0.000498018,0
7.06245,0.00293277,0.000496789,0
7.06338,0.00293337,0.000495559,0
7.06436,0.00293397,0.000494331,0
7.06533,0.00298144,0.000463754,0
7.06639,0.00293449,0.000491918,0
7.06742,0.00293509,0.00049069,0
7.06839,0.00298302,0.000459698,0
7.06939,0.00293627,0.000488229,0
7.07041,0.00293686,0.000487002,0
7.07139,0.00298457,0.000455634,0
7.07239,0.00293803,0.000484543,0
7.07339,0.00293861,0.000483316,0
7.0744,0.00298611,0.000451572,0
7.0754,0.00293977,0.000480872,0
7.07634,0.00294035,0.000479653,0
7.07734,0.00294092,0.000478433,0
7.07876,0.00298811,0.000446194,0
7.07933,0.00294206,0.00047599,0
7.08048,0.0029891,0.000443494,0
7.08135,0.0029432,0.000473547,0
7.08234,0.00294376,0.000472328,0
7.08342,0.00299057,0.000439441,0
7.08442,0.00294488,0.000469886,0
7.08541,0.00294544,0.000468667,0
7.08639,0.00294599,0.000467456,0
7.0874,0.00294654,0.000466244,0
7.08839,0.0029471,0.000465034,0
7.08935,0.00294764,0.000463822,0
7.09041,0.0029939,0.000430032,0
7.09139,0.00294874,0.000461396,0
7.0924,0.00294928,0.000460186,0
7.09339,0.00299529,0.000425993,0
7.09442,0.00295036,0.00045776,0
7.0954,0.0029962,0.000423294,0
7.0964,0.00299666,0.000421944,0
7.0974,0.00295196,0.00045412,0
7.09842,0.00295249,0.000452911,0
7.0994,0.002998,0.000417893,0
7.10039,0.00295355,0.000450502,0
7.1014,0.00295407,0.0004493,0
7.10233,0.00299933,0.00041388,0
7.1034,0.00295512,0.000446893,0
7.10439,0.00295563,0.000445692,0
7.10541,0.00300063,0.000409858,0
7.10639,0.00295666,0.000443286,0
7.10739,0.00295717,0.000442085,0
7.10862,0.00300191,0.000405831,0
7.10934,0.00295819,0.000439681,0
7.11036,0.0029587,0.000438482,0
7.11141,0.00300317,0.000401797,0
7.11241,0.00300359,0.000400458,0
7.11347,0.0029602,0.00043489,0
7.11445,0.00300441,0.000397786,0
7.11539,0.0029612,0.000432504,0
7.11639,0.00296169,0.000431314,0
7.11735,0.00300563,0.000393787,0
7.11881,0.00296267,0.00042893,0
7.11941,0.00300643,0.000391115,0
7.12037,0.00300682,0.000389779,0
7.1214,0.00300682,0.000389779,0
7.1224,0.00300761,0.0003871,0
7.12343,0.00300761,0.0003871,0
7.1244,0.00296557,0.000421797,0
7.12535,0.00296557,0.000421797,0
7.12646,0.00300916,0.000381792,0
7.12749,0.00300916,0.000381792,0
7.1284,0.00296699,0.000418249,0
7.12945,0.00300992,0.000379136,0
7.1304,0.00301029,0.000377809,0
7.13141,0.00301067,0.000376478,0
7.13237,0.00301104,0.000375145,0
7.13363,0.00301141,0.000373813,0
7.13439,0.00301177,0.000372479,0
7.13562,0.00297023,0.000409978,0
7.13656,0.00301249,0.000369813,0
7.13744,0.00301285,0.00036848,0
7.13843,0.00297159,0.000406446,0
7.13947,0.00297204,0.000405281,0
7.14037,0.00301391,0.000364529,0
7.14146,0.00297293,0.00040294,0
7.14242,0.00301461,0.000361897,0
7.14345,0.00301495,0.000360584,0
7.14442,0.00301529,0.000359264,0
7.14535,0.00301581,0.000357872,0
7.14642,0.00301615,0.000356553,0
7.14738,0.00305734,0.000314765,0
7.14842,0.00301683,0.00035392,0
7.14949,0.00301716,0.000352607,0
7.15037,0.00301749,0.000351299,0
7.15144,0.00301782,0.000349996,0
7.15245,0.00301815,0.000348691,0
7.15342,0.00301847,0.000347387,0
7.15439,0.00297871,0.000387756,0
7.1554,0.0030191,0.000344779,0
7.15647,0.00301942,0.000343476,0
7.15759,0.00301973,0.000342169,0
7.15845,0.00302004,0.000340861,0
7.15945,0.00302034,0.000339554,0
7.16047,0.00302065,0.000338253,0
7.16144,0.00302095,0.000336961,0
7.16245,0.00302125,0.000335668,0
7.16356,0.00302155,0.000334376,0
7.16435,0.00302185,0.000333083,0
7.1654,0.00302214,0.00033179,0
7.16649,0.00302243,0.000330496,0
7.16751,0.00302272,0.000329203,0
7.16848,0.00302301,0.000327909,0
7.16944,0.00302329,0.000326616,0
7.17036,0.00302357,0.000325321,0
7.17149,0.00302385,0.000324028,0
7.17245,0.00302413,0.000322734,0
7.17344,0.0030244,0.000321441,0
7.17437,0.00302467,0.000320155,0
7.17543,0.00298702,0.000363745,0
7.17644,0.00302521,0.0003176,0
7.1774,0.00302548,0.000316323,0
7.17844,0.00302575,0.000315045,0
7.17939,0.00302601,0.000313767,0
7.18046,0.00302627,0.000312489,0
7.18148,0.00302652,0.000311211,0
7.18241,0.00302678,0.000309932,0
7.1834,0.00302703,0.000308655,0
7.18441,0.00302728,0.000307384,0
7.18538,0.00302753,0.000306122,0
7.18645,0.00302778,0.000304859,0
7.18739,0.00302802,0.000303598,0
7.1884,0.00302827,0.000302334,0
7.18933,0.00302851,0.000301072,0
7.1904,0.00302874,0.000299808,0
7.19134,0.00302898,0.000298546,0
7.1924,0.00299311,0.000344718,0
7.19339,0.00302944,0.000296019,0
7.19442,0.00302967,0.000294763,0
7.19541,0.0030299,0.000293516,0
7.19645,0.00303012,0.000292268,0
7.19736,0.00299479,0.000339205,0
7.1984,0.00303057,0.000289773,0
7.19937,0.00299545,0.000337006,0
7.20039,0.003031,0.000287276,0
7.20137,0.00303121,0.000286028,0
7.20239,0.00303142,0.000284779,0
7.2034,0.00303163,0.000283531,0
7.20441,0.00303184,0.000282281,0
7.20542,0.00303201,0.000281111,0
7.2064,0.00303222,0.000279869,0
7.20738,0.00303242,0.000278638,0
7.2084,0.00303262,0.000277405,0
7.20944,0.00303281,0.000276173,0
7.21041,0.00303301,0.000274939,0
7.21139,0.0030332,0.000273707,0
7.2124,0.00303338,0.000272473,0
7.21339,0.00303357,0.000271241,0
7.21439,0.00303375,0.000270007,0
7.2154,0.00303393,0.000268774,0
7.21638,0.00303411,0.00026754,0
7.21741,0.00303429,0.000266307,0
7.2184,0.00303446,0.000265074,0
7.21933,0.00303463,0.000263849,0
7.22041,0.00303481,0.000262633,0
7.2214,0.00303497,0.000261417,0
7.2224,0.00303514,0.0002602,0
7.22336,0.00303531,0.000258985,0
7.22439,0.00303547,0.000257767,0
7.2254,0.00303563,0.000256551,0
7.22641,0.00303578,0.000255334,0
7.2274,0.00303594,0.000254118,0
7.22839,0.00303609,0.000252901,0
7.22939,0.00303624,0.000251685,0
7.23039,0.00303638,0.000250468,0
7.2314,0.00300484,0.000302573,0
7.23239,0.00303667,0.00024806,0
7.2334,0.00303682,0.000246862,0
7.23438,0.00300562,0.000299416,0
7.23539,0.00303709,0.000244463,0
7.2364,0.00303723,0.000243263,0
7.23739,0.00303736,0.000242064,0
7.23838,0.00303749,0.000240863,0
7.23941,0.00303762,0.000239664,0
7.2404,0.00303774,0.000238464,0
7.24142,0.00303786,0.000237265,0
7.24239,0.00303798,0.000236065,0
7.24339,0.00300784,0.00028998,0
7.24443,0.00300807,0.000288943,0
7.24539,0.00303833,0.000232494,0
7.2464,0.00303844,0.000231312,0
7.24741,0.00300877,0.000285838,0
7.24838,0.003009,0.000284804,0
7.24951,0.00300923,0.000283771,0
7.25034,0.00300945,0.000282739,0
7.25141,0.00300967,0.000281707,0
7.25241,0.00300989,0.000280676,0
7.25339,0.00301011,0.000279646,0
7.25439,0.00301033,0.000278616,0
7.25534,0.00301054,0.000277588,0
7.25635,0.00301075,0.000276568,0
7.25739,0.00301096,0.00027555,0
7.25834,0.00301117,0.000274531,0
7.25937,0.00301138,0.000273514,0
7.26039,0.00301158,0.000272497,0
7.26135,0.00301178,0.000271482,0
7.26234,0.00301198,0.000270466,0
7.2634,0.00301218,0.000269452,0
7.26436,0.00301238,0.000268437,0
7.26534,0.00301257,0.000267425,0
7.26641,0.00301276,0.000266412,0
7.26742,0.00301276,0.000266412,0
7.26839,0.00301314,0.000264404,0
7.26943,0.00301332,0.000263403,0
7.27035,0.00301351,0.000262402,0
7.27139,0.00304051,0.000202125,0
7.27237,0.00301387,0.000260402,0
7.27339,0.00301405,0.000259403,0
7.2744,0.00301422,0.000258405,0
7.27536,0.00304071,0.000197541,0
7.27638,0.00301456,0.00025641,0
7.2774,0.00301473,0.000255408,0
7.27858,0.0030149,0.000254413,0
7.2794,0.00301506,0.000253425,0
7.28039,0.00301523,0.00025244,0
7.28144,0.00304094,0.000190695,0
7.28241,0.00301555,0.000250472,0
7.2834,0.00301555,0.000250472,0
7.28442,0.00301586,0.000248501,0
7.2854,0.0030406,0.000186176,0
7.28639,0.0030406,0.000186176,0
7.28734,0.00301584,0.000245552,0
7.2884,0.00304064,0.000182771,0
7.28932,0.00301613,0.000243593,0
7.2904,0.00304066,0.000180515,0
7.29142,0.00304067,0.00017938,0
7.29239,0.00301654,0.000240647,0
7.29339,0.00301654,0.000240647,0
7.29439,0.00301681,0.000238713,0
7.29538,0.00301695,0.000237749,0
7.29639,0.00301695,0.000237749,0
7.29738,0.0030172,0.000235822,0
7.29841,0.00301733,0.00023486,0
7.29942,0.00301745,0.0002339,0
7.30038,0.00304066,0.000169366,0
7.3014,0.00304065,0.000168261,0
7.30242,0.0030636,0.000103441,0
7.30338,0.00301793,0.00023006,0
7.3044,0.00301804,0.0002291,0
7.30539,0.00301815,0.000228143,0
7.30637,0.00301815,0.000228143,0
7.30732,0.00301836,0.000226246,0
7.3084,0.00301847,0.000225301,0
7.30941,0.00301857,0.000224356,0
7.3104,0.00301867,0.00022341,0
7.3114,0.00301877,0.000222468,0
7.3124,0.00304036,0.000156197,0
7.31338,0.00301897,0.000220586,0
7.3144,0.00301906,0.000219643,0
7.31534,0.00301914,0.000218703,0
7.31639,0.00301923,0.000217771,0
7.31734,0.00301932,0.00021684,0
7.31839,0.00304009,0.000149715,0
7.3194,0.00301949,0.000214974,0
7.32042,0.00301957,0.000214045,0
7.32139,0.00301965,0.000213118,0
7.32234,0.00301972,0.000212191,0
7.32339,0.00301979,0.000211265,0
7.32436,0.00301987,0.00021034,0
7.32536,0.00301993,0.000209416,0
7.32639,0.00302,0.000208492,0
7.3274,0.00302,0.000208492,0
7.32841,0.00303944,0.000139005,0
7.32942,0.00303937,0.00013794,0
7.33048,0.00303929,0.000136876,0
7.33134,0.00303929,0.000136876,0
7.33237,0.00302036,0.000202985,0
7.33339,0.00303905,0.000133709,0
7.3344,0.00303905,0.000133709,0
7.33538,0.00302052,0.000200265,0
7.33643,0.00303879,0.000130567,0
7.33739,0.00302061,0.000198448,0
7.33842,0.00302061,0.000198448,0
7.3395,0.00302065,0.000197543,0
7.34041,0.00303839,0.000126357,0
7.34138,0.00303839,0.000126357,0
7.34252,0.0030034,0.000264506,0
7.34349,0.00303808,0.000123223,0
7.34448,0.00303798,0.000122184,0
7.3456,0.00303769,0.000122212,0
7.3468,0.00303746,0.000120138,0
7.34744,0.00303735,0.000119114,0
7.34839,0.00303735,0.000119114,0
7.34953,0.0030207,0.000187717,0
7.35041,0.00303699,0.000116011,0
7.35138,0.00303686,0.00011498,0
7.35239,0.00302074,0.000185062,0
7.35334,0.00302074,0.000185062,0
7.3544,0.00302077,0.00018332,0
7.35541,0.00302077,0.00018332,0
7.35646,0.00303622,0.000109925,0
7.35766,0.00302079,0.000180704,0
7.35833,0.00302079,0.000180704,0
7.35941,0.0030358,0.000106894,0
7.3604,0.00303566,0.000105882,0
7.3614,0.00302079,0.000177223,0
7.36236,0.00303536,0.000103854,0
7.36339,0.00303521,0.000102853,0
7.36446,0.00302076,0.000174634,0
7.36548,0.00303491,0.00010086,0
7.36639,0.00303491,0.00010086,0
7.36761,0.00300688,0.000246118,0
7.36836,0.00303444,9.78903e-05,0
7.36947,0.00303444,9.78903e-05,0
7.37044,0.00302068,0.000170362,0
7.37139,0.00303411,9.58994e-05,0
7.37241,0.00303376,9.39087e-05,0
7.37336,0.00303376,9.39087e-05,0
7.37438,0.00303359,9.29277e-05,0
7.37542,0.00302055,0.000166115,0
7.37649,0.00303325,9.09764e-05,0
7.37734,0.00303307,9.00045e-05,0
7.37836,0.00302045,0.000163597,0
7.37952,0.00303271,8.80536e-05,0
7.38036,0.00303253,8.7083e-05,0
7.38138,0.00302032,0.000161086,0
7.38249,0.00303215,8.51327e-05,0
7.38344,0.00303195,8.41615e-05,0
7.38436,0.00302018,0.000158583,0
7.38547,0.00303156,8.22129e-05,0
7.38652,0.00303135,8.12441e-05,0
7.3874,0.00303115,8.02755e-05,0
7.38839,0.00303095,7.93187e-05,0
7.38939,0.0030199,0.000154453,0
7.39047,0.00303054,7.74045e-05,0
7.3914,0.00303033,7.6447e-05,0
7.39246,0.00301971,0.000151993,0
7.39347,0.0030299,7.45341e-05,0
7.39434,0.00302969,7.35787e-05,0
7.39535,0.00301949,0.000149541,0
7.39643,0.00302924,7.1675e-05,0
7.3974,0.00302902,7.07276e-05,0
7.39837,0.00302902,7.07276e-05,0
7.39937,0.00301926,0.000147106,0
7.40039,0.00301926,0.000147106,0
7.40139,0.00301909,0.00014549,0
7.40236,0.003019,0.00014468,0
7.40339,0.003019,0.00014468,0
7.40436,0.00301882,0.000143063,0
7.40542,0.00301902,0.000142228,0
7.40638,0.00301892,0.000141422,0
7.40739,0.00301882,0.000140618,0
7.40837,0.00301872,0.000139814,0
7.40946,0.00301861,0.000139013,0
7.41034,0.00301851,0.000138221,0
7.41169,0.00301841,0.000137431,0
7.4124,0.0030183,0.000136642,0
7.4134,0.00301819,0.000135855,0
7.4144,0.00301808,0.000135067,0
7.41541,0.00301796,0.000134282,0
7.41639,0.00301796,0.000134282,0
7.4174,0.00301773,0.000132714,0
7.41833,0.00301761,0.000131931,0
7.41939,0.00301748,0.00013115,0
7.4204,0.0030237,5.00783e-05,0
7.42141,0.00301723,0.000129592,0
7.4224,0.0030171,0.000128821,0
7.42342,0.00301697,0.000128052,0
7.42434,0.00301683,0.000127284,0
7.4254,0.0030167,0.000126519,0
7.42641,0.00301656,0.000125753,0
7.4274,0.00301642,0.000124989,0
7.42835,0.00301628,0.000124225,0
7.42941,0.00302109,4.19421e-05,0
7.43038,0.00301599,0.000122703,0
7.4314,0.00301599,0.000122703,0
7.43241,0.00301568,0.000121185,0
7.4334,0.00301552,0.000120429,0
7.43435,0.00301537,0.000119682,0
7.43534,0.00301521,0.000118937,0
7.43642,0.00301505,0.000118193,0
7.43734,0.00301488,0.000117452,0
7.43839,0.00301488,0.000117452,0
7.43939,0.00301793,3.31076e-05,0
7.44047,0.00301436,0.000115224,0
7.44141,0.00301726,3.13504e-05,0
7.44254,0.00301692,3.04726e-05,0
7.44341,0.00301658,2.95893e-05,0
7.44438,0.00301623,2.87146e-05,0
7.44533,0.00301345,0.000111542,0
7.44635,0.00301326,0.000110821,0
7.44734,0.00301306,0.000110103,0
7.4484,0.00301288,0.000109407,0
7.44942,0.00301268,0.000108718,0
7.45038,0.00301249,0.00010803,0
7.45139,0.00301229,0.000107345,0
7.45245,0.00301209,0.000106659,0
7.45337,0.00301312,2.14023e-05,0
7.45439,0.00301168,0.000105288,0
7.45541,0.00301147,0.000104609,0
7.45639,0.00301203,1.90447e-05,0
7.45738,0.00301104,0.000103247,0
7.45839,0.00301129,1.74804e-05,0
7.45935,0.00301092,1.67112e-05,0
7.46041,0.00301055,1.59339e-05,0
7.46139,0.00301015,0.000100558,0
7.46243,0.00300992,9.98934e-05,0
7.46334,0.00300941,1.3633e-05,0
7.4644,0.00300944,9.85645e-05,0
7.46536,0.00300863,1.21044e-05,0
7.4664,0.00300896,9.72411e-05,0
7.46738,0.00300896,9.72411e-05,0
7.46845,0.00300743,9.82491e-06,0
7.46939,0.00300702,9.0669e-06,0
7.47045,0.00300795,9.46118e-05,0
7.47142,0.00300619,7.55017e-06,0
7.47239,0.00300578,6.80641e-06,0
7.4734,0.00300716,9.26718e-05,0
7.47441,0.00300494,5.31681e-06,0
7.4754,0.00300452,4.5788e-06,0
7.47643,0.00300635,9.07433e-05,0
7.47736,0.00300366,3.09613e-06,0
7.4784,0.00300323,2.35944e-06,0
7.47946,0.00300551,8.88307e-05,0
7.4804,0.00300234,8.83754e-07,0
7.48135,0.0030019,1.52778e-07,0
7.48244,0.00300463,8.69292e-05,0
7.4834,0.00300099,1.3156e-06,0
7.48434,0.00300053,2.03892e-06,0
7.48534,0.00300373,8.50563e-05,0
7.48641,0.00299962,3.47379e-06,0
7.4874,0.00299916,4.18417e-06,0
7.48839,0.00300281,8.32018e-05,0
7.48939,0.0030025,8.25926e-05,0
7.4904,0.00299776,6.314e-06,0
7.49134,0.00299728,7.01963e-06,0
7.4924,0.00300153,8.07566e-05,0
7.49343,0.00299631,8.43762e-06,0
7.49439,0.00299582,9.14193e-06,0
7.49541,0.00300053,7.89367e-05,0
7.49644,0.00299483,1.05526e-05,0
7.49741,0.00299434,1.12449e-05,0
7.49843,0.00299952,7.71429e-05,0
7.49936,0.00299334,1.26219e-05,0
7.50043,0.00299284,1.33033e-05,0
7.50142,0.00299847,7.53679e-05,0
7.50239,0.00299182,1.46725e-05,0
7.50334,0.0029913,1.53524e-05,0
7.5044,0.0029974,7.36096e-05,0
7.5054,0.00299703,7.30292e-05,0
7.50639,0.00298974,1.73819e-05,0
7.5074,0.00299629,7.18695e-05,0
7.5084,0.00299592,7.12964e-05,0
7.50939,0.00298813,1.93951e-05,0
7.51043,0.00299516,7.01521e-05,0
7.51143,0.00299516,7.01521e-05,0
7.51242,0.00298652,2.1363e-05,0
7.51355,0.00298652,2.1363e-05,0
7.51437,0.00299361,6.7902e-05,0
7.5155,0.00298488,2.33153e-05,0
7.51641,0.00299282,6.67832e-05,0
7.51739,0.00299242,6.6228e-05,0
7.51841,0.0029832,2.52549e-05,0
7.51939,0.0029832,2.52549e-05,0
7.52041,0.00299119,6.45643e-05,0
7.52137,0.00298148,2.71997e-05,0
7.5224,0.0029809,2.78352e-05,0
7.52341,0.00298994,6.29242e-05,0
7.52441,0.00297974,2.90985e-05,0
7.52544,0.00297916,2.9725e-05,0
7.52641,0.00297857,3.03554e-05,0
7.52745,0.00297798,3.09867e-05,0
7.52838,0.00298779,6.02344e-05,0
7.52936,0.00298735,5.9705e-05,0
7.53043,0.00297618,3.28479e-05,0
7.53138,0.00297618,3.28479e-05,0
7.53248,0.00298601,5.81195e-05,0
7.5334,0.00297434,3.47057e-05,0
7.53435,0.00297373,3.53121e-05,0
7.53544,0.00298465,5.6558e-05,0
7.5364,0.00297249,3.65173e-05,0
7.53734,0.00297187,3.71147e-05,0
7.53844,0.00298326,5.50214e-05,0
7.5394,0.00297061,3.83116e-05,0
7.54035,0.00296998,3.8903e-05,0
7.54149,0.00298183,5.3497e-05,0
7.54239,0.0029687,4.00931e-05,0
7.5434,0.00296805,4.06875e-05,0
7.54439,0.00298038,5.19794e-05,0
7.54541,0.00297972,5.15185e-05,0
7.54639,0.00296591,4.24454e-05,0
7.54753,0.00297873,5.05151e-05,0
7.5484,0.00297823,5.00226e-05,0
7.54938,0.00296392,4.42142e-05,0
7.5504,0.00297722,4.90283e-05,0
7.55139,0.00297671,4.8534e-05,0
7.55239,0.0029619,4.59905e-05,0
7.5534,0.0029619,4.59905e-05,0
7.55442,0.00297515,4.70492e-05,0
7.55539,0.00295983,4.77831e-05,0
7.55638,0.00295983,4.77831e-05,0
7.55733,0.00295842,4.89949e-05,0
7.55842,0.00295842,4.89949e-05,0
7.55942,0.00297248,4.4569e-05,0
7.56039,0.00297248,4.4569e-05,0
7.56136,0.00295559,5.138e-05,0
7.5624,0.00297086,4.31341e-05,0
7.56339,0.00297086,4.31341e-05,0
7.56441,0.00295344,5.3118e-05,0
7.56546,0.00295271,5.37014e-05,0
7.56655,0.00295271,5.37014e-05,0
7.56761,0.00295124,5.48749e-05,0
7.56849,0.00296751,4.02848e-05,0
7.56955,0.00296694,3.98175e-05,0
7.5704,0.00294902,5.66094e-05,0
7.57141,0.00294826,5.71901e-05,0
7.57235,0.0029652,3.84124e-05,0
7.5734,0.00296463,3.79607e-05,0
7.57439,0.00294601,5.8894e-05,0
7.57532,0.00296346,3.70563e-05,0
7.57639,0.00294449,6.00063e-05,0
7.57739,0.00294373,6.05624e-05,0
7.57842,0.00296168,3.57073e-05,0
7.57939,0.00294219,6.16801e-05,0
7.58038,0.00294142,6.22317e-05,0
7.58151,0.00295987,3.43701e-05,0
7.58238,0.00293985,6.3344e-05,0
7.58365,0.00293985,6.3344e-05,0
7.58449,0.00295803,3.30496e-05,0
7.58534,0.00293748,6.49908e-05,0
7.58634,0.00293748,6.49908e-05,0
7.58741,0.00295618,3.1772e-05,0
7.58839,0.00293511,6.65737e-05,0
7.58938,0.00293431,6.7098e-05,0
7.59045,0.0029543,3.0511e-05,0
7.59137,0.0029543,3.0511e-05,0
7.59242,0.0029327,6.81515e-05,0
7.59342,0.00293189,6.86708e-05,0
7.59434,0.00295238,2.92628e-05,0
7.59543,0.00295175,2.88663e-05,0
7.59651,0.00292945,7.02066e-05,0
7.59742,0.00292863,7.07104e-05,0
7.59838,0.00292699,7.17179e-05,0
7.59938,0.00292616,7.22216e-05,0
7.60043,0.00292533,7.27221e-05,0
7.60145,0.00294717,2.60738e-05,0
7.60242,0.00294717,2.60738e-05,0
7.60347,0.00292281,7.41952e-05,0
7.60441,0.00294517,2.49212e-05,0
7.60546,0.00294517,2.49212e-05,0
7.60638,0.00292113,7.5161e-05,0
7.60754,0.00291944,7.60942e-05,0
7.60839,0.00291944,7.60942e-05,0
7.60944,0.00294179,2.30673e-05,0
7.6104,0.00291688,7.74887e-05,0
7.61139,0.00291688,7.74887e-05,0
7.61235,0.00293972,2.19866e-05,0
7.6134,0.0029143,7.88594e-05,0
7.61439,0.00291344,7.93061e-05,0
7.61567,0.00291257,7.97615e-05,0
7.61644,0.00291169,8.02117e-05,0
7.6174,0.00293623,2.02527e-05,0
7.6184,0.00293553,1.99309e-05,0
7.61939,0.00290908,8.14755e-05,0
7.62052,0.00293412,1.92871e-05,0
7.6214,0.00293341,1.89726e-05,0
7.62234,0.00290646,8.26968e-05,0
7.62342,0.00290557,8.31036e-05,0
7.62438,0.00293126,1.80348e-05,0
7.62536,0.00290386,8.39459e-05,0
7.6264,0.00290297,8.43408e-05,0
7.62743,0.00287519,0.000186491,0
7.62834,0.00290118,8.51329e-05,0
7.62951,0.00287305,0.000187487,0
7.6304,0.00287305,0.000187487,0
7.63139,0.0028709,0.000188462,0
7.63244,0.00289756,8.66773e-05,0
7.63339,0.00289665,8.70634e-05,0
7.63439,0.00292401,1.51146e-05,0
7.6354,0.00289483,8.77695e-05,0
7.63639,0.00289391,8.81206e-05,0
7.63741,0.00292176,1.4327e-05,0
7.63842,0.00289206,8.88273e-05,0
7.63936,0.00289206,8.88273e-05,0
7.6404,0.00291949,1.35878e-05,0
7.64137,0.00288927,8.98268e-05,0
7.64241,0.00288927,8.98268e-05,0
7.64338,0.00288741,9.04687e-05,0
7.64435,0.00288647,9.07789e-05,0
7.64538,0.00291566,1.24308e-05,0
7.64641,0.00291489,1.22167e-05,0
7.6474,0.00288365,9.17014e-05,0
7.64855,0.00288365,9.17014e-05,0
7.64939,0.00288175,9.2303e-05,0
7.65038,0.00288079,9.25983e-05,0
7.65144,0.00291099,1.11659e-05,0
7.6524,0.00287887,9.31928e-05,0
7.65338,0.0028779,9.34818e-05,0
7.65437,0.00290861,1.05757e-05,0
7.65545,0.00287596,9.40488e-05,0
7.65636,0.002875,9.4306e-05,0
7.65741,0.002875,9.4306e-05,0
7.65842,0.00290622,1.00439e-05,0
7.65941,0.00287306,9.4825e-05,0
7.66046,0.00287209,9.50769e-05,0
7.6614,0.00287111,9.53329e-05,0
7.66253,0.00287013,9.55884e-05,0
7.66337,0.00286915,9.58389e-05,0
7.66452,0.00290138,9.06594e-06,0
7.66535,0.00286717,9.63386e-05,0
7.66636,0.00286616,9.65915e-05,0
7.66738,0.00289892,8.62121e-06,0
7.66848,0.00286418,9.70372e-05,0
7.66941,0.00286319,9.72488e-05,0
7.67033,0.00286219,9.74599e-05,0
7.67136,0.0028612,9.76666e-05,0
7.67237,0.00286028,9.79347e-05,0
7.67343,0.00285948,9.82807e-05,0
7.67439,0.00289339,7.56882e-06,0
7.67541,0.00285788,9.89922e-05,0
7.67641,0.00285788,9.89922e-05,0
7.67738,0.00289116,6.9938e-06,0
7.67839,0.00285549,0.000100077,0
7.67939,0.00288968,6.62466e-06,0
7.68042,0.00288894,6.43732e-06,0
7.68139,0.0028882,6.25033e-06,0
7.68239,0.00288745,6.06023e-06,0
7.68345,0.0028867,5.87065e-06,0
7.68461,0.00288595,5.67817e-06,0
7.68543,0.00288523,5.40877e-06,0
7.68635,0.00288448,5.21103e-06,0
7.68743,0.00288448,5.21103e-06,0
7.68839,0.00288297,4.81783e-06,0
7.6894,0.00288221,4.6271e-06,0
7.69039,0.00288143,4.4393e-06,0
7.69141,0.00288066,4.26777e-06,0
7.69234,0.0028441,0.000105046,0
7.69338,0.0028791,3.9369e-06,0
7.69436,0.0028791,3.9369e-06,0
7.69539,0.0028775,3.61339e-06,0
7.69639,0.00284056,0.000106248,0
7.69733,0.00287589,3.31477e-06,0
7.69838,0.00287507,3.16105e-06,0
7.69941,0.00287425,3.02218e-06,0
7.70041,0.00287343,2.88499e-06,0
7.70139,0.0028726,2.7536e-06,0
7.70233,0.00287176,2.62402e-06,0
7.70347,0.00287093,2.50944e-06,0
7.7044,0.0028701,2.39651e-06,0
7.70538,0.00286926,2.28904e-06,0
7.70632,0.00286842,2.18303e-06,0
7.70737,0.00286758,2.08212e-06,0
7.70834,0.00286673,1.98266e-06,0
7.70939,0.00286588,1.88837e-06,0
7.7104,0.00286503,1.79563e-06,0
7.71135,0.00286417,1.70817e-06,0
7.71238,0.00286331,1.62236e-06,0
7.71338,0.00286245,1.54191e-06,0
7.71433,0.00286158,1.46319e-06,0
7.71538,0.00286071,1.39883e-06,0
7.71638,0.00285984,1.33627e-06,0
7.71739,0.00285897,1.27919e-06,0
7.71836,0.0028581,1.22378e-06,0
7.71953,0.00285722,1.17372e-06,0
7.72038,0.00281723,0.000111298,0
7.7214,0.00285546,1.07368e-06,0
7.72267,0.00285546,1.07368e-06,0
7.72341,0.00281412,0.00011172,0
7.72433,0.00285279,9.54627e-07,0
7.7254,0.0028519,9.18742e-07,0
7.72643,0.002851,8.92673e-07,0
7.72738,0.00285011,8.7243e-07,0
7.7284,0.00285011,8.7243e-07,0
7.72933,0.00280783,0.000112424,0
7.73041,0.00284742,8.51303e-07,0
7.73145,0.00284742,8.51303e-07,0
7.73239,0.00284653,8.55676e-07,0
7.73336,0.00284563,8.61808e-07,0
7.73438,0.00280361,0.000112759,0
7.73538,0.00280254,0.000112846,0
7.73634,0.00280147,0.000112927,0
7.73746,0.00284198,8.93189e-07,0
7.73861,0.00279931,0.00011308,0
7.73942,0.00279823,0.000113152,0
7.74043,0.00279714,0.000113216,0
7.74145,0.00279605,0.000113269,0
7.74241,0.00279498,0.000113305,0
7.74335,0.0027939,0.000113339,0
7.74438,0.00279281,0.000113367,0
7.74539,0.00279231,0.000113391,0
7.74633,0.00279122,0.000113412,0
7.74738,0.00279013,0.00011343,0
7.74844,0.00278903,0.000113443,0
7.74947,0.00278793,0.000113454,0
7.7504,0.00278682,0.000113459,0
7.7514,0.00278571,0.000113461,0
7.75241,0.0027846,0.000113458,0
7.75335,0.00278349,0.000113452,0
7.75439,0.00278237,0.00011344,0
7.75541,0.00278125,0.000113417,0
7.75638,0.00278015,0.000113376,0
7.7574,0.00277904,0.000113334,0
7.7584,0.00277792,0.000113285,0
7.75939,0.0027768,0.000113236,0
7.76039,0.00277568,0.00011318,0
7.76137,0.00277456,0.000113124,0
7.76239,0.00281919,2.85719e-06,0
7.76341,0.0027723,0.000112999,0
7.7644,0.00281727,3.13752e-06,0
7.76539,0.00277003,0.00011286,0
7.7664,0.0027689,0.000112774,0
7.7674,0.00276778,0.000112677,0
7.7684,0.00281343,3.77135e-06,0
7.76941,0.00281247,3.94021e-06,0
7.77038,0.0028115,4.11394e-06,0
7.7714,0.00276325,0.000112255,0
7.77239,0.00280957,4.46237e-06,0
7.77339,0.00280862,4.62496e-06,0
7.77439,0.0028077,4.76885e-06,0
7.7754,0.00280678,4.90864e-06,0
7.7764,0.00280584,5.0617e-06,0
7.77739,0.00280489,5.22195e-06,0
7.77838,0.00280393,5.3926e-06,0
7.77938,0.00280296,5.56897e-06,0
7.78045,0.00275331,0.000111555,0
7.78136,0.00275219,0.000111443,0
7.78236,0.00270229,0.000228747,0
7.7834,0.00274991,0.000111209,0
7.78435,0.00279798,6.5965e-06,0
7.78538,0.00279696,6.81911e-06,0
7.78639,0.00279593,7.04904e-06,0
7.7874,0.00279489,7.28204e-06,0
7.78835,0.00279384,7.52188e-06,0
7.78943,0.00274285,0.000110376,0
7.79035,0.00279173,8.01427e-06,0
7.79139,0.00279066,8.26905e-06,0
7.79243,0.00273921,0.000109883,0
7.79337,0.00278851,8.81092e-06,0
7.79435,0.00278742,9.08815e-06,0
7.79544,0.00273552,0.000109293,0
7.79635,0.00273428,0.00010909,0
7.7974,0.00278411,9.94249e-06,0
7.79845,0.00273174,0.000108697,0
7.7994,0.00278185,1.05315e-05,0
7.80041,0.00272918,0.000108279,0
7.8014,0.00272788,0.000108062,0
7.80241,0.00277842,1.14554e-05,0
7.80338,0.00277726,1.17688e-05,0
7.8044,0.0027761,1.21043e-05,0
7.80537,0.00278625,1.32528e-05,0
7.80635,0.00278507,1.35968e-05,0
7.8074,0.00278389,1.39494e-05,0
7.80833,0.0027827,1.43043e-05,0
7.80939,0.0027827,1.43043e-05,0
7.81039,0.00278029,1.50298e-05,0
7.81137,0.00277907,1.5401e-05,0
7.8124,0.00277784,1.57744e-05,0
7.81335,0.00277661,1.61554e-05,0
7.81435,0.00277537,1.65495e-05,0
7.8154,0.00277412,1.695e-05,0
7.81641,0.00277287,1.73538e-05,0
7.81741,0.00277161,1.77645e-05,0
7.8184,0.00277034,1.81788e-05,0
7.81939,0.00276906,1.86002e-05,0
7.82039,0.00276777,1.90253e-05,0
7.82134,0.00276648,1.94582e-05,0
7.82234,0.00276518,1.98933e-05,0
7.82337,0.00276386,2.03368e-05,0
7.8244,0.00276254,2.0784e-05,0
7.82539,0.00276121,2.12372e-05,0
7.82633,0.00275987,2.16931e-05,0
7.82734,0.00275854,2.21653e-05,0
7.8284,0.0027572,2.26406e-05,0
7.82934,0.00275585,2.3123e-05,0
7.83054,0.0027545,2.36088e-05,0
7.83136,0.00275313,2.41017e-05,0
7.83239,0.00269543,9.6936e-05,0
7.8334,0.00275038,2.50932e-05,0
7.83442,0.002749,2.56007e-05,0
7.83539,0.00274761,2.61159e-05,0
7.8364,0.00274622,2.66349e-05,0
7.83735,0.00274482,2.71617e-05,0
7.83842,0.00274341,2.76923e-05,0
7.83939,0.002742,2.82306e-05,0
7.84038,0.00274058,2.87728e-05,0
7.84142,0.00273917,2.9332e-05,0
7.8424,0.00267974,9.22211e-05,0
7.8434,0.00273632,3.0457e-05,0
7.84442,0.00273489,3.10311e-05,0
7.8454,0.00267494,9.06536e-05,0
7.84655,0.00267494,9.06536e-05,0
7.84738,0.00267171,8.95883e-05,0
7.84845,0.00267008,8.90482e-05,0
7.84957,0.00267008,8.90482e-05,0
7.85033,0.00266681,8.79593e-05,0
7.85133,0.00272474,3.5188e-05,0
7.85238,0.00272328,3.58163e-05,0
7.85338,0.00272182,3.64519e-05,0
7.85446,0.00272035,3.70908e-05,0
7.8554,0.00271888,3.77369e-05,0
7.85639,0.00271741,3.83861e-05,0
7.85739,0.00271593,3.90425e-05,0
7.85849,0.00271445,3.97021e-05,0
7.85934,0.00265206,8.25261e-05,0
7.86038,0.00271147,4.10304e-05,0
7.86136,0.00270998,4.17077e-05,0
7.8624,0.00264705,8.06389e-05,0
7.86335,0.00270699,4.30773e-05,0
7.86437,0.0027055,4.37781e-05,0
7.8654,0.00264206,7.86552e-05,0
7.86634,0.00270249,4.51887e-05,0
7.8674,0.00270099,4.59068e-05,0
7.86842,0.00269948,4.6628e-05,0
7.86938,0.00269797,4.73564e-05,0
7.87039,0.00263367,7.52317e-05,0
7.8714,0.00269494,4.88182e-05,0
7.87239,0.00269342,4.95602e-05,0
7.87338,0.0026919,5.03089e-05,0
7.87435,0.00269037,5.10612e-05,0
7.87538,0.00268886,5.18295e-05,0
7.87634,0.00268734,5.26013e-05,0
7.8774,0.00262184,7.01885e-05,0
7.87833,0.00268429,5.41523e-05,0
7.8794,0.00268276,5.49398e-05,0
7.88039,0.00261677,6.79363e-05,0
7.88133,0.0026797,5.65194e-05,0
7.88245,0.00267817,5.73201e-05,0
7.88334,0.00261167,6.56447e-05,0
7.88436,0.0026751,5.89291e-05,0
7.88539,0.00267433,5.98055e-05,0
7.88636,0.00260731,6.32552e-05,0
7.88732,0.00267126,6.14534e-05,0
7.88839,0.00266973,6.22931e-05,0
7.88939,0.00260222,6.08354e-05,0
7.8904,0.00266666,6.39793e-05,0
7.89144,0.00266512,6.48342e-05,0
7.89239,0.00259712,5.83702e-05,0
7.89339,0.00266205,6.65486e-05,0
7.89443,0.00266051,6.74168e-05,0
7.8954,0.00259201,5.58668e-05,0
7.89639,0.00265742,6.91602e-05,0
7.8974,0.00265588,7.00441e-05,0
7.8984,0.00265434,7.09319e-05,0
7.89939,0.0026528,7.18257e-05,0
7.90039,0.00265126,7.27327e-05,0
7.90139,0.00264972,7.36455e-05,0
7.9024,0.00258009,4.98031e-05,0
7.90341,0.00264664,7.54757e-05,0
7.9044,0.00264511,7.64015e-05,0
7.90539,0.00257498,4.71144e-05,0
7.9064,0.00264202,7.82598e-05,0
7.9074,0.00264048,7.92009e-05,0
7.90837,0.00263893,8.01459e-05,0
7.90939,0.00263739,8.10968e-05,0
7.91032,0.00263585,8.20527e-05,0
7.91139,0.00256474,4.16076e-05,0
7.91239,0.00263275,8.39695e-05,0
7.9134,0.00263121,8.49391e-05,0
7.9144,0.00262967,8.59239e-05,0
7.91544,0.00262813,8.69127e-05,0
7.91636,0.00262659,8.79073e-05,0
7.91734,0.00255453,3.58758e-05,0
7.91834,0.00262351,8.99011e-05,0
7.91944,0.00262197,9.09088e-05,0
7.92034,0.00254943,3.29387e-05,0
7.92142,0.00261888,9.29308e-05,0
7.92239,0.00254601,3.09679e-05,0
7.92339,0.0025443,2.99771e-05,0
7.92441,0.00261424,9.59926e-05,0
7.92543,0.00254087,2.79941e-05,0
7.92634,0.00253916,2.69912e-05,0
7.9274,0.0026096,9.90912e-05,0
7.92834,0.00253573,2.49773e-05,0
7.92946,0.00253573,2.49773e-05,0
7.93041,0.00260498,0.000102263,0
7.93141,0.00253064,2.18643e-05,0
7.93234,0.00252893,2.08234e-05,0
7.93343,0.00252722,1.97908e-05,0
7.93438,0.0025255,1.87546e-05,0
7.93542,0.00252379,1.77171e-05,0
7.93641,0.00252207,1.66757e-05,0
7.93742,0.00252207,1.66757e-05,0
7.93842,0.00252034,1.56328e-05,0
7.9394,0.00259103,0.000111923,0
7.9404,0.0025152,1.24487e-05,0
7.94139,0.0025152,1.24487e-05,0
7.94259,0.00251181,1.02774e-05,0
7.94342,0.00258485,0.000116338,0
7.94439,0.0025833,0.000117455,0
7.9454,0.00250831,7.06767e-06,0
7.9464,0.00258184,0.000119643,0
7.94745,0.00258029,0.000120767,0
7.94835,0.00250318,3.77613e-06,0
7.94959,0.00250147,2.6789e-06,0
7.9504,0.00257563,0.000124139,0
7.95139,0.00249802,4.88208e-07,0
7.95236,0.0024963,6.16002e-07,0
7.95342,0.00257096,0.000127532,0
7.95438,0.00256941,0.000128684,0
7.95539,0.00249117,3.96631e-06,0
7.95648,0.00256631,0.000130987,0
7.95739,0.00256477,0.000132145,0
7.95839,0.00248605,7.37249e-06,0
7.95938,0.00248434,8.50705e-06,0
7.96038,0.00248263,9.63567e-06,0
7.96139,0.00255856,0.000136778,0
7.96235,0.00255856,0.000136778,0
7.9634,0.00247748,1.30448e-05,0
7.96442,0.00255389,0.000140277,0
7.96542,0.00255389,0.000140277,0
7.96641,0.00247232,1.64791e-05,0
7.96741,0.00254923,0.000143815,0
7.9684,0.00254768,0.000145008,0
7.96937,0.00246722,1.99857e-05,0
7.97035,0.00254458,0.000147391,0
7.97138,0.00254303,0.00014859,0
7.97236,0.0024621,2.35134e-05,0
7.97341,0.00253992,0.000150984,0
7.97438,0.00253837,0.000152189,0
7.97537,0.00253837,0.000152189,0
7.97642,0.00253525,0.000154595,0
7.97736,0.00253371,0.000155814,0
7.9784,0.00245185,3.06284e-05,0
7.9794,0.00245015,3.18304e-05,0
7.98039,0.00252906,0.000159468,0
7.98142,0.00252906,0.000159468,0
7.98243,0.00244674,3.42278e-05,0
7.9834,0.00244332,3.66301e-05,0
7.9844,0.0024416,3.78289e-05,0
7.98533,0.00243988,3.90277e-05,0
7.98643,0.00251972,0.000166814,0
7.98738,0.00243645,4.14399e-05,0
7.98839,0.00243475,4.26637e-05,0
7.9894,0.00251506,0.000170537,0
7.99038,0.00243135,4.5124e-05,0
7.9914,0.00242965,4.63604e-05,0
7.99241,0.00251041,0.000174286,0
7.99384,0.00251041,0.000174286,0
7.99441,0.00242454,5.00668e-05,0
7.99534,0.00250575,0.00017805,0
7.99637,0.00250575,0.00017805,0
7.99737,0.00241942,5.37811e-05,0
7.99836,0.00241942,5.37811e-05,0
7.99952,0.002416,5.62694e-05,0
8.00036,0.00241431,5.75365e-05,0
8.0014,0.00249643,0.000185656,0
8.0024,0.00241092,6.00541e-05,0
8.0034,0.00240923,6.13235e-05,0
8.00439,0.00249179,0.000189498,0
8.00544,0.00249351,0.000190477,0
8.00663,0.00249351,0.000190477,0
8.00742,0.0024904,0.000193052,0
8.00843,0.00248885,0.000194346,0
8.00939,0.00248885,0.000194346,0
8.01036,0.00240061,6.99461e-05,0
8.01148,0.0024842,0.000198238,0
8.01239,0.0024842,0.000198238,0
8.0134,0.00239554,7.38243e-05,0
8.01435,0.00247955,0.000202155,0
8.01539,0.00239214,7.64104e-05,0
8.01639,0.00239045,7.77105e-05,0
8.01735,0.00247489,0.000206086,0
8.01842,0.00238704,8.03018e-05,0
8.01937,0.00238534,8.16037e-05,0
8.02043,0.00238534,8.16037e-05,0
8.02145,0.00238193,8.42012e-05,0
8.0224,0.00238023,8.55077e-05,0
8.02343,0.00238023,8.55077e-05,0
8.02436,0.00237684,8.81416e-05,0
8.02537,0.00237684,8.81416e-05,0
8.02639,0.00246093,0.000218007,0
8.02742,0.00245939,0.00021935,0
8.02838,0.00237009,9.34601e-05,0
8.02937,0.00245629,0.000222033,0
8.03034,0.00236671,9.61236e-05,0
8.03138,0.00236501,9.74563e-05,0
8.03239,0.00245164,0.000226066,0
8.03347,0.00236161,0.000100116,0
8.03435,0.00236161,0.000100116,0
8.03537,0.00235991,0.000101453,0
8.03641,0.00235651,0.000104119,0
8.03734,0.00235651,0.000104119,0
8.03839,0.00244234,0.000234195,0
8.03942,0.0024408,0.000235567,0
8.04038,0.0024408,0.000235567,0
8.04137,0.00234809,0.000110917,0
8.04244,0.00234639,0.000112272,0
8.04339,0.0023447,0.000113628,0
8.04441,0.00243306,0.000242421,0
8.04561,0.00234131,0.000116351,0
8.04657,0.00234131,0.000116351,0
8.04748,0.00242842,0.000246556,0
8.04834,0.00233624,0.000120452,0
8.0494,0.00242533,0.000249334,0
8.05038,0.00233288,0.000123226,0
8.05139,0.00233121,0.000124619,0
8.05239,0.00242071,0.000253523,0
8.05338,0.00232785,0.000127399,0
8.05438,0.00232617,0.000128796,0
8.05536,0.00241608,0.000257725,0
8.05638,0.00232281,0.00013158,0
8.05742,0.00232112,0.000132978,0
8.0588,0.00241145,0.000261942,0
8.05959,0.00231775,0.000135769,0
8.06051,0.00240837,0.000264773,0
8.06142,0.00231441,0.000138602,0
8.06239,0.00240532,0.000267629,0
8.06338,0.00240378,0.000269059,0
8.06442,0.00230944,0.000142901,0
8.06544,0.00230944,0.000142901,0
8.06634,0.00230612,0.000145761,0
8.06737,0.00230444,0.000147177,0
8.06838,0.00239611,0.000276206,0
8.06936,0.00239611,0.000276206,0
8.07039,0.00239457,0.000277644,0
8.0714,0.00239304,0.000279084,0
8.0724,0.00239304,0.000279084,0
8.07338,0.00248544,0.000408128,0
8.07438,0.00238996,0.000281962,0
8.07554,0.00238843,0.000283406,0
8.07659,0.00229271,0.000157191,0
8.07734,0.0021969,3.09284e-05,0
8.07846,0.00219508,3.23402e-05,0
8.07942,0.00228766,0.000161461,0
8.08053,0.00228596,0.000162881,0
8.08138,0.00228427,0.000164311,0
8.08236,0.00228258,0.000165745,0
8.08349,0.0022809,0.000167188,0
8.08435,0.00228225,0.000168418,0
8.08545,0.00226206,0.000173733,0
8.08635,0.00226615,0.000180363,0
8.08736,0.0022699,0.000185747,0
8.08838,0.0022734,0.000190077,0
8.08933,0.00227681,0.000193409,0
8.0904,0.00228028,0.000195895,0
8.09139,0.0022838,0.000197694,0
8.0924,0.00228713,0.000198971,0
8.09337,0.00229017,0.000199874,0
8.09438,0.00229293,0.000200536,0
8.09538,0.00229551,0.000201112,0
8.0964,0.00229792,0.000201716,0
8.09769,0.00230018,0.000202457,0
8.09835,0.00230231,0.000203435,0
8.09934,0.00230431,0.000204747,0
8.10041,0.00236,0.000289677,0
8.10141,0.00230802,0.000208724,0
8.10249,0.00230975,0.000211554,0
8.10334,0.00236016,0.000291938,0
8.1044,0.00231283,0.000219346,0
8.10541,0.00236,0.000297111,0
8.10642,0.00235983,0.000299763,0
8.10739,0.00235961,0.000302345,0
8.10836,0.00235937,0.000304869,0
8.10938,0.00235917,0.000307312,0
8.11036,0.00235896,0.000309696,0
8.11136,0.00231964,0.000248484,0
8.11236,0.00235853,0.00031428,0
8.11339,0.00235831,0.000316484,0
8.11438,0.00235809,0.000318634,0
8.11538,0.00235787,0.000320728,0
8.11641,0.00235764,0.00032277,0
8.11742,0.00235742,0.000324757,0
8.11838,0.0023572,0.000326697,0
8.11934,0.00235697,0.000328587,0
8.12039,0.00235675,0.000330434,0
8.12137,0.00235653,0.000332246,0
8.12239,0.00235631,0.000334011,0
8.12339,0.0023561,0.000335737,0
8.12434,0.00232873,0.000290924,0
8.12544,0.00235566,0.000339061,0
8.12643,0.00235546,0.00034068,0
8.12749,0.00233031,0.000299075,0
8.12839,0.00235504,0.00034377,0
8.1294,0.00233126,0.000304173,0
8.13044,0.00233126,0.000304173,0
8.13139,0.00235443,0.00034814,0
8.13252,0.00235423,0.00034952,0
8.13335,0.00235403,0.00035087,0
8.13435,0.00235384,0.000352184,0
8.13538,0.00235364,0.000353464,0
8.13651,0.00235364,0.000353464,0
8.13739,0.00235325,0.000355915,0
8.13834,0.00235305,0.00035709,0
8.13939,0.00235286,0.000358233,0
8.14038,0.00235286,0.000358233,0
8.14152,0.00235249,0.000360452,0
8.14248,0.00233593,0.000331836,0
8.14343,0.00233621,0.00033363,0
8.14439,0.00233621,0.00033363,0
8.14559,0.00235669,0.000362788,0
8.14642,0.00234171,0.000337941,0
8.14741,0.00235619,0.000365698,0
8.14852,0.0023422,0.00034115,0
8.14943,0.00234242,0.000342692,0
8.15034,0.00235573,0.000368398,0
8.1514,0.00234286,0.000345674,0
8.15237,0.00234307,0.000347105,0
8.15342,0.00235529,0.000370902,0
8.15437,0.00235529,0.000370902,0
8.1554,0.00234366,0.0003512,0
8.1564,0.00235487,0.000373213,0
8.15738,0.00235487,0.000373213,0
8.15834,0.00234419,0.000354991,0
8.15939,0.00235449,0.000375357,0
8.16039,0.00235436,0.000376031,0
8.16134,0.00234467,0.000358517,0
8.16233,0.00234483,0.000359637,0
8.1634,0.00235402,0.000377978,0
8.16442,0.00234513,0.000361807,0
8.16541,0.00234527,0.000362851,0
8.16654,0.0023537,0.000379781,0
8.16748,0.00234555,0.000364868,0
8.16842,0.00234569,0.000365835,0
8.16936,0.00234569,0.000365835,0
8.17038,0.00235332,0.000381981,0
8.17146,0.00234607,0.000368601,0
8.17243,0.00235314,0.000382997,0
8.17336,0.00234631,0.000370331,0
8.17436,0.00234642,0.000371165,0
8.17541,0.00235289,0.000384429,0
8.17635,0.00234665,0.000372779,0
8.17743,0.00234665,0.000372779,0
8.17841,0.00234686,0.000374308,0
8.17939,0.00234696,0.000375042,0
8.18044,0.00235253,0.000386583,0
8.18141,0.00234717,0.000376465,0
8.18241,0.00234726,0.000377149,0
8.18341,0.00235234,0.000387747,0
8.1844,0.00235228,0.000388114,0
8.18541,0.00234754,0.000379096,0
8.18645,0.00235217,0.000388821,0
8.18753,0.00235217,0.000388821,0
8.18847,0.0023478,0.000380898,0
8.1894,0.00234789,0.000381468,0
8.19039,0.00234789,0.000381468,0
8.1914,0.00234805,0.000382574,0
8.19239,0.00235188,0.000390733,0
8.19338,0.00235184,0.00039102,0
8.19438,0.00234829,0.000384124,0
8.19544,0.00235176,0.00039158,0
8.1965,0.00235176,0.00039158,0
8.19743,0.00234851,0.000385559,0
8.19862,0.00235165,0.000392361,0
8.19939,0.00234865,0.000386458,0
8.20049,0.00235159,0.000392849,0
8.20139,0.00235156,0.000393084,0
8.20233,0.00234886,0.00038772,0
8.20339,0.00234886,0.00038772,0
8.20435,0.00235148,0.000393748,0
8.20537,0.00252771,0.000477942,0
8.2064,0.00252778,0.000478312,0
8.20743,0.00253008,0.00048342,0
8.20839,0.0025279,0.00047903,0
8.20942,0.00252797,0.000479375,0
8.21041,0.00252803,0.000479714,0
8.21142,0.00252809,0.000480048,0
8.2124,0.00253,0.000484348,0
8.21343,0.00252821,0.00048068,0
8.2144,0.00252827,0.00048098,0
8.2154,0.00252996,0.000484847,0
8.21639,0.00252838,0.000481564,0
8.21739,0.00252844,0.000481844,0
8.21842,0.00252993,0.000485303,0
8.2194,0.00252855,0.000482384,0
8.2204,0.0025286,0.000482642,0
8.22142,0.00252991,0.000485727,0
8.22239,0.0025299,0.000485858,0
8.2234,0.00252875,0.00048338,0
8.2244,0.0025299,0.000486116,0
8.22539,0.00252989,0.000486237,0
8.22639,0.0025289,0.000484061,0
8.22742,0.00252989,0.000486472,0
8.22839,0.00252988,0.000486587,0
8.2294,0.00252904,0.00048469,0
8.23034,0.00252909,0.000484892,0
8.23146,0.00252988,0.00048691,0
8.2324,0.00252917,0.00048528,0
8.23342,0.00252922,0.000485466,0
8.23438,0.00252922,0.000485466,0
8.2354,0.0025293,0.000485828,0
8.23638,0.00252933,0.000486005,0
8.23737,0.00252986,0.000487499,0
8.23839,0.00252939,0.000486338,0
8.23939,0.0025294,0.000486493,0
8.24042,0.00252981,0.000487764,0
8.2414,0.0025298,0.000487843,0
8.24238,0.0025298,0.000487843,0
8.24338,0.00252978,0.000487996,0
8.24452,0.00252978,0.000487996,0
8.24538,0.00252977,0.000488071,0
8.24636,0.00252947,0.000487353,0
8.24738,0.00252949,0.000487483,0
8.24841,0.0025295,0.000487607,0
8.24941,0.00252952,0.00048773,0
8.2504,0.00252954,0.000487848,0
8.25141,0.00252974,0.00048846,0
8.25241,0.00252957,0.000488076,0
8.25344,0.00252959,0.000488186,0
8.25439,0.00252974,0.000488628,0
8.2554,0.00252962,0.000488397,0
8.25643,0.00252964,0.000488496,0
8.25738,0.00252965,0.000488597,0
8.25843,0.00252975,0.000488833,0
8.25935,0.00252968,0.00048879,0
8.2604,0.0025297,0.000488953,0
8.26134,0.0025297,0.000488953,0
8.26253,0.00252973,0.000488964,0
8.2634,0.00252969,0.000488987,0
8.26439,0.00252968,0.000488989,0
8.26537,0.0025305,0.000488942,0
8.26643,0.0025305,0.000488944,0
8.26743,0.00253052,0.000488931,0
8.26836,0.00253052,0.000488933,0
8.26941,0.00253051,0.000488936,0
8.27052,0.00253048,0.000488954,0
8.2714,0.00253047,0.000488956,0
8.27237,0.00253047,0.000488956,0
8.2734,0.00253046,0.00048896,0
8.27449,0.00253046,0.000488961,0
8.27538,0.00253045,0.000488964,0
8.27641,0.00253045,0.000488965,0
8.27742,0.00253044,0.000488968,0
8.27847,0.00253044,0.000488969,0
8.27941,0.00253046,0.000488955,0
8.28038,0.00253046,0.000488956,0
8.28137,0.00253046,0.000488959,0
8.2824,0.00253046,0.000488959,0
8.28338,0.00253042,0.000488978,0
8.28441,0.00253041,0.000488979,0
8.2854,0.00253044,0.000488966,0
8.2864,0.00253043,0.000488966,0
8.28738,0.0025304,0.000488985,0
8.28838,0.00253042,0.00048897,0
8.28946,0.00253042,0.000488972,0
8.29034,0.00253041,0.000488973,0
8.29138,0.00253041,0.000488976,0
8.29246,0.0025304,0.000488977,0
8.29346,0.0025304,0.000488977,0
8.29445,0.00253039,0.00048898,0
8.29539,0.00253039,0.000488983,0
8.29639,0.00253038,0.000488984,0
8.29736,0.00253035,0.000489002,0
8.29837,0.00253038,0.000488987,0
8.2994,0.00253037,0.000488989,0
8.30039,0.00253037,0.00048899,0
8.30136,0.00253036,0.000488993,0
8.30239,0.00253036,0.000488994,0
8.30337,0.00253032,0.000489012,0
8.30441,0.00253035,0.000488997,0
8.30538,0.00253034,0.000489,0
8.30639,0.00253031,0.000489017,0
8.30738,0.00253033,0.000489003,0
8.30836,0.00253033,0.000489004,0
8.30941,0.00253032,0.000489006,0
8.31041,0.00253032,0.000489007,0
8.31135,0.00253031,0.00048901,0
8.31239,0.00253031,0.000489011,0
8.31339,0.0025303,0.000489013,0
8.31439,0.0025303,0.000489014,0
8.31538,0.00253029,0.000489017,0
8.31639,0.00253029,0.000489018,0
8.31738,0.00253029,0.00048902,0
8.3185,0.00253028,0.000489021,0
8.31941,0.00253025,0.000489039,0
8.32039,0.00253027,0.000489024,0
8.32134,0.00253024,0.000489043,0
8.32233,0.00253026,0.000489028,0
8.32338,0.00253026,0.00048903,0
8.32439,0.00253025,0.000489031,0
8.3255,0.00253025,0.000489034,0
8.32638,0.00253024,0.000489035,0
8.32739,0.00253024,0.000489037,0
8.32852,0.00253023,0.000489038,0
8.32938,0.0025302,0.000489056,0
8.33035,0.00253022,0.000489041,0
8.33142,0.00253022,0.000489044,0
8.33235,0.00253021,0.000489045,0
8.33339,0.00253018,0.000489063,0
8.33437,0.00253018,0.000489063,0
8.33539,0.0025302,0.000489051,0
8.33643,0.0025302,0.000489052,0
8.33739,0.00253019,0.000489054,0
8.3384,0.00253019,0.000489055,0
8.3394,0.00253015,0.000489073,0
8.34039,0.00253015,0.000489073,0
8.3414,0.00253017,0.000489061,0
8.34234,0.00253014,0.000489078,0
8.34339,0.00253014,0.000489078,0
8.3444,0.00253016,0.000489065,0
8.34535,0.00253076,0.000489059,0
8.34638,0.00253076,0.000489059,0
8.3474,0.00253075,0.000489063,0
8.34835,0.00253074,0.000489064,0
8.3494,0.00253074,0.000489064,0
8.35039,0.00253073,0.000489067,0
8.3514,0.00253073,0.000489069,0
8.35242,0.00253072,0.00048907,0
8.35335,0.00253069,0.000489089,0
8.35439,0.00253071,0.000489074,0
8.35545,0.00253071,0.000489076,0
8.35639,0.00253071,0.000489076,0
8.35736,0.0025307,0.00048908,0
8.35836,0.00253069,0.000489081,0
8.35934,0.00253069,0.000489083,0
8.36034,0.00253069,0.000489084,0
8.36136,0.00253068,0.000489086,0
8.3624,0.00253068,0.000489086,0
8.36335,0.00253064,0.000489106,0
8.36442,0.00253067,0.000489091,0
8.36532,0.00253066,0.000489093,0
8.36638,0.00253066,0.000489094,0
8.36738,0.00253065,0.000489097,0
8.36838,0.00253062,0.000489114,0
8.36942,0.00253064,0.0004891,0
8.37037,0.00253064,0.000489101,0
8.37135,0.00253063,0.000489104,0
8.3724,0.0025306,0.00048912,0
8.37339,0.00253062,0.000489107,0
8.37434,0.00253059,0.000489124,0
8.37538,0.00253061,0.00048911,0
8.37639,0.00253061,0.000489111,0
8.37742,0.00253057,0.00048913,0
8.37839,0.0025306,0.000489115,0
8.3794,0.0025306,0.000489117,0
8.38041,0.00253056,0.000489134,0
8.38134,0.00253059,0.000489121,0
8.38249,0.00253058,0.000489121,0
8.38335,0.00253055,0.00048914,0
8.38461,0.00253057,0.000489125,0
8.38538,0.00253057,0.000489127,0
8.3867,0.00253056,0.000489128,0
8.38734,0.00253053,0.000489147,0
8.38839,0.00253055,0.000489132,0
8.38942,0.00253052,0.00048915,0
8.39039,0.00253052,0.00048915,0
8.39144,0.00253054,0.000489138,0
8.39236,0.0025305,0.000489154,0
8.39339,0.0025305,0.000489154,0
8.39442,0.00253052,0.000489142,0
8.3954,0.00253049,0.00048916,0
8.39639,0.00253048,0.000489161,0
8.39737,0.00253051,0.000489148,0
8.39843,0.00253051,0.000489149,0
8.39943,0.00253047,0.000489167,0
8.40039,0.0025305,0.000489152,0
8.40138,0.00253049,0.000489155,0
8.40241,0.00253046,0.000489171,0
8.40345,0.00253048,0.000489158,0
8.4044,0.00253048,0.000489159,0
8.4054,0.00253044,0.000489177,0
8.40639,0.00253047,0.000489162,0
8.40742,0.00253046,0.000489165,0
8.40835,0.00253043,0.000489182,0
8.40939,0.00253045,0.000489168,0
8.41038,0.00253042,0.000489185,0
8.41138,0.00253042,0.000489185,0
8.41243,0.00253044,0.000489173,0
8.41341,0.0025304,0.000489191,0
8.41439,0.0025304,0.000489191,0
8.41534,0.00253043,0.000489178,0
8.41641,0.00253039,0.000489195,0
8.41734,0.00253039,0.000489198,0
8.41841,0.00253038,0.000489199,0
8.41938,0.00253038,0.000489201,0
8.42033,0.0025304,0.000489186,0
8.4214,0.00253037,0.000489205,0
8.42242,0.00253036,0.000489205,0
8.4235,0.00253039,0.000489192,0
8.4244,0.00253038,0.000489193,0
8.42539,0.00253038,0.000489193,0
8.42647,0.00253034,0.000489212,0
8.42736,0.00253034,0.000489215,0
8.42838,0.00253033,0.000489216,0
8.42942,0.00253033,0.000489218,0
8.43039,0.00253032,0.000489219,0
8.4314,0.00253035,0.000489206,0
8.43238,0.00253035,0.000489207,0
8.43339,0.00253031,0.000489225,0
8.43439,0.00253031,0.000489225,0
8.4354,0.00253031,0.000489226,0
8.43639,0.00253033,0.000489212,0
8.43754,0.0025303,0.000489229,0
8.43838,0.00253029,0.000489232,0
8.43943,0.00253029,0.000489233,0
8.44044,0.00253028,0.000489235,0
8.44137,0.00253028,0.000489236,0
8.44239,0.00253027,0.000489239,0
8.44344,0.00253027,0.00048924,0
8.44435,0.00253026,0.000489242,0
8.44543,0.00253026,0.000489243,0
8.44643,0.00253025,0.000489245,0
8.44738,0.00253025,0.000489246,0
8.44839,0.00253027,0.000489233,0
8.44961,0.00253024,0.00048925,0
8.45037,0.00253023,0.000489252,0
8.45146,0.0025302,0.000489269,0
8.45258,0.00253023,0.000489256,0
8.45349,0.00253022,0.000489257,0
8.45462,0.00253022,0.000489259,0
8.45549,0.00253021,0.00048926,0
8.45634,0.00253021,0.000489262,0
8.45759,0.00253023,0.000489247,0
8.45841,0.0025302,0.000489266,0
8.45944,0.00253019,0.000489267,0
8.46039,0.00253019,0.000489269,0
8.46141,0.00253018,0.00048927,0
8.46248,0.00253021,0.000489257,0
8.46341,0.00253017,0.000489274,0
8.46447,0.00253017,0.000489276,0
8.46539,0.00253049,0.00048929,0
8.4664,0.00253049,0.000489292,0
8.46741,0.00253048,0.000489293,0
8.46849,0.00253048,0.000489296,0
8.46939,0.00253047,0.000489297,0
8.47037,0.00253047,0.000489299,0
8.47142,0.00253046,0.0004893,0
8.47238,0.00253046,0.000489302,0
8.47335,0.00253042,0.000489319,0
8.4744,0.00253045,0.000489306,0
8.47538,0.00253044,0.000489307,0
8.47639,0.00253044,0.000489309,0
8.4774,0.00253044,0.00048931,0
8.4784,0.00253043,0.000489313,0
8.47942,0.00253043,0.000489314,0
8.48036,0.00253042,0.000489316,0
8.48156,0.00253042,0.000489317,0
8.48246,0.00253041,0.00048932,0
8.48341,0.00253041,0.00048932,0
8.48439,0.00253043,0.000489307,0
8.48551,0.0025304,0.000489324,0
8.48642,0.00253042,0.00048931,0
8.48741,0.00253039,0.000489327,0
8.48842,0.00253038,0.00048933,0
8.4894,0.00253041,0.000489315,0
8.49038,0.00253037,0.000489333,0
8.49134,0.00253037,0.000489334,0
8.4925,0.00253037,0.000489334,0
8.49339,0.00253036,0.000489337,0
8.49439,0.00253035,0.00048934,0
8.49538,0.00253038,0.000489325,0
8.4964,0.00253035,0.000489343,0
8.49746,0.00253037,0.000489328,0
8.49852,0.00253037,0.000489328,0
8.49936,0.00253036,0.000489332,0
8.50042,0.00253036,0.000489334,0
8.50138,0.00253035,0.000489335,0
8.5024,0.00253035,0.000489338,0
8.50339,0.00253034,0.000489339,0
8.5044,0.00253034,0.000489341,0
8.50539,0.00253033,0.000489342,0
8.5064,0.00253033,0.000489344,0
8.50738,0.00253032,0.000489345,0
8.5084,0.00253032,0.000489348,0
8.50938,0.00253031,0.000489349,0
8.51041,0.00253031,0.000489351,0
8.51143,0.00253031,0.000489352,0
8.51243,0.00253027,0.000489371,0
8.51337,0.0025303,0.000489356,0
8.51441,0.00253029,0.000489358,0
8.5154,0.00253026,0.000489375,0
8.51634,0.00253026,0.000489375,0
8.51739,0.00253028,0.000489362,0
8.51861,0.00253024,0.000489381,0
8.51939,0.00253027,0.000489366,0
8.52041,0.00253023,0.000489384,0
8.52141,0.00253023,0.000489384,0
8.52238,0.00253025,0.000489372,0
8.52333,0.00253022,0.000489389,0
8.52442,0.00253021,0.000489391,0
8.52535,0.00252991,0.000489363,0
8.52639,0.00252991,0.000489366,0
8.52739,0.00252987,0.000489383,0
8.52836,0.0025299,0.000489369,0
8.52943,0.00252989,0.00048937,0
8.53042,0.00252986,0.000489388,0
8.53135,0.00252988,0.000489373,0
8.53234,0.00252988,0.000489376,0
8.53341,0.00252984,0.000489393,0
8.53434,0.00252987,0.000489379,0
8.53535,0.00252983,0.000489396,0
8.53638,0.00252983,0.000489399,0
8.53738,0.00252985,0.000489384,0
8.53836,0.00252985,0.000489386,0
8.53939,0.00252981,0.000489403,0
8.54034,0.00252984,0.000489389,0
8.5414,0.00252984,0.00048939,0
8.54238,0.00252983,0.000489393,0
8.54336,0.0025298,0.00048941,0
8.5444,0.00252982,0.000489396,0
8.54538,0.00252982,0.000489397,0
8.54641,0.00252978,0.000489416,0
8.5474,0.00252981,0.000489401,0
8.54839,0.0025298,0.000489403,0
8.54937,0.00252977,0.00048942,0
8.55035,0.00252979,0.000489407,0
8.55133,0.00252979,0.000489407,0
8.55234,0.00252975,0.000489426,0
8.55338,0.00252975,0.000489426,0
8.5544,0.00252981,0.000489395,0
8.55534,0.00252974,0.00048943,0
8.55637,0.00252977,0.000489417,0
8.55738,0.00252973,0.000489434,0
8.55839,0.00252973,0.000489434,0
8.55937,0.00252972,0.000489437,0
8.56035,0.00252975,0.000489424,0
8.56138,0.00252971,0.00048944,0
8.56235,0.00252971,0.000489443,0
8.56338,0.00252973,0.000489428,0
8.56442,0.00252973,0.000489428,0
8.56543,0.00252972,0.000489431,0
8.56643,0.00252969,0.00048945,0
8.56741,0.00252969,0.00048945,0
8.56844,0.00252971,0.000489437,0
8.56939,0.00252967,0.000489454,0
8.57033,0.00252967,0.000489456,0
8.57135,0.00252967,0.000489456,0
8.57239,0.00252966,0.00048946,0
8.57338,0.00252965,0.000489461,0
8.57443,0.00252968,0.000489447,0
8.57541,0.00252964,0.000489464,0
8.5764,0.00252964,0.000489467,0
8.57741,0.00252964,0.000489468,0
8.57839,0.00252964,0.000489468,0
8.5794,0.00252966,0.000489455,0
8.58048,0.00252962,0.000489473,0
8.58141,0.00252962,0.000489474,0
8.58245,0.00252962,0.000489474,0
8.58348,0.00252964,0.000489461,0
8.5844,0.00252961,0.000489478,0
8.58541,0.0025296,0.00048948,0
8.58643,0.00252959,0.000489484,0
8.5874,0.00252959,0.000489484,0
8.58842,0.00252959,0.000489485,0
8.58946,0.00252958,0.000489488,0
8.59038,0.00252957,0.00048949,0
8.59135,0.00252957,0.00048949,0
8.59241,0.0025296,0.000489476,0
8.59341,0.00252956,0.000489495,0
8.59437,0.00252956,0.000489495,0
8.59546,0.00252959,0.000489481,0
8.59637,0.00252955,0.000489498,0
8.59739,0.00252955,0.000489501,0
8.59843,0.00252957,0.000489486,0
8.59939,0.00252954,0.000489504,0
8.60041,0.00252953,0.000489505,0
8.60147,0.00252953,0.000489508,0
8.60251,0.00252952,0.000489508,0
8.60339,0.00252952,0.000489511,0
8.60436,0.00252951,0.000489512,0
8.60536,0.00252954,0.000489498,0
8.60636,0.0025295,0.000489515,0
8.60741,0.0025295,0.000489518,0
8.60834,0.00252949,0.000489519,0
8.60938,0.00252952,0.000489505,0
8.61037,0.00252948,0.000489522,0
8.61141,0.00252948,0.000489525,0
8.61243,0.00252951,0.00048951,0
8.61335,0.00252947,0.000489528,0
8.61433,0.00252947,0.000489529,0
8.61544,0.00252946,0.000489531,0
8.6164,0.00252946,0.000489532,0
8.61738,0.00252945,0.000489535,0
8.61835,0.00252945,0.000489536,0
8.61938,0.00252947,0.000489522,0
8.62053,0.00252944,0.000489539,0
8.62143,0.00252943,0.000489542,0
8.62253,0.0025294,0.000489558,0
8.62359,0.00252942,0.000489545,0
8.62466,0.00252942,0.000489546,0
8.62554,0.00252941,0.000489548,0
8.62638,0.00252941,0.000489549,0
8.62739,0.00252941,0.000489549,0
8.62834,0.0025294,0.000489553,0
8.62937,0.00252943,0.000489539,0
8.63035,0.00252939,0.000489556,0
8.63141,0.00252942,0.000489543,0
8.6324,0.00252941,0.000489544,0
8.6334,0.00252941,0.000489546,0
8.63438,0.0025294,0.000489547,0
8.63539,0.0025294,0.000489549,0
8.63638,0.00252939,0.00048955,0
8.63739,0.00252939,0.000489553,0
8.63836,0.00252938,0.000489554,0
8.63942,0.00252938,0.000489556,0
8.64038,0.00252937,0.000489557,0
8.64134,0.00252937,0.00048956,0
8.64244,0.00252936,0.000489561,0
8.64336,0.00252936,0.000489563,0
8.6444,0.00252932,0.00048958,0
8.64535,0.00252935,0.000489567,0
8.64641,0.00252935,0.000489567,0
8.64736,0.00252935,0.000489567,0
8.64837,0.00252934,0.00048957,0
8.6494,0.00252934,0.000489571,0
8.65049,0.00252934,0.000489571,0
8.65134,0.00252933,0.000489573,0
8.65292,0.00252933,0.000489573,0
8.65337,0.00252933,0.000489574,0
8.65434,0.00252933,0.000489574,0
8.65542,0.00252933,0.000489574,0
8.6564,0.00252932,0.000489577,0
8.65736,0.00252932,0.000489578,0
8.65835,0.00252928,0.000489596,0
8.65939,0.00252928,0.000489597,0
8.66049,0.00252928,0.000489597,0
8.6614,0.0025293,0.000489584,0
8.66247,0.00252933,0.000489569,0
8.66341,0.00252933,0.000489569,0
8.66434,0.00252929,0.000489588,0
8.66538,0.00252966,0.00048962,0
8.6664,0.00252962,0.000489639,0
8.66742,0.00252962,0.000489639,0
8.66839,0.00252964,0.000489627,0
8.6694,0.00252964,0.000489627,0
8.67038,0.00252963,0.00048963,0
8.67139,0.00252963,0.00048963,0
8.67238,0.00252962,0.000489634,0
8.67338,0.00252962,0.000489636,0
8.67447,0.00252958,0.000489653,0
8.67541,0.00252961,0.000489639,0
8.67638,0.00252961,0.000489639,0
8.67744,0.00252957,0.000489659,0
8.67843,0.00252956,0.00048966,0
8.6794,0.00252956,0.000489662,0
8.68055,0.00252959,0.000489647,0
8.68135,0.00252955,0.000489666,0
8.68236,0.00252955,0.000489666,0
8.68341,0.00252955,0.000489666,0
8.68441,0.00252954,0.00048967,0
8.68538,0.00252954,0.00048967,0
8.68639,0.00252953,0.000489673,0
8.6874,0.00252955,0.00048966,0
8.68833,0.00252952,0.000489677,0
8.6894,0.00252954,0.000489663,0
8.69042,0.00252954,0.000489664,0
8.69151,0.0025295,0.000489683,0
8.69248,0.0025295,0.000489683,0
8.69337,0.00252949,0.000489686,0
8.69443,0.00252949,0.000489686,0
8.69534,0.00252951,0.000489673,0
8.69643,0.00252951,0.000489674,0
8.69737,0.00252947,0.000489693,0
8.6984,0.0025295,0.000489678,0
8.69935,0.00252947,0.000489696,0
8.70035,0.00252946,0.000489697,0
8.70135,0.00252949,0.000489684,0
8.70254,0.00252945,0.000489701,0
8.70338,0.00252945,0.000489701,0
8.70435,0.00252947,0.000489688,0
8.70541,0.00252947,0.000489688,0
8.70636,0.00252943,0.000489707,0
8.70756,0.00252946,0.000489694,0
8.70838,0.00252942,0.000489711,0
8.70943,0.00252942,0.000489713,0
8.71044,0.00252942,0.000489713,0
8.7114,0.00252944,0.000489698,0
8.71248,0.0025294,0.000489718,0
8.71345,0.00252943,0.000489704,0
8.71439,0.00252939,0.000489721,0
8.71535,0.00252936,0.000489739,0
8.7164,0.00252938,0.000489724,0
8.71735,0.00252941,0.000489711,0
8.71841,0.00252938,0.000489728,0
8.71941,0.0025294,0.000489714,0
8.72041,0.00252937,0.000489731,0
8.72134,0.00252939,0.000489718,0
8.72241,0.00252936,0.000489735,0
