Timestamp,X_hat,Y_hat
0.00521447,-0.055092,0.00853689,0
0.00555708,-0.055092,0.00853689,0
0.00634338,-0.0550921,0.00853689,0
0.00742114,-0.055093,0.00853253,0
0.00840953,-0.055092,0.00853689,0
0.0093957,-0.055093,0.00853253,0
0.0107269,-0.055093,0.00853253,0
0.0114696,-0.055092,0.00853689,0
0.0124767,-0.055092,0.00853689,0
0.0137781,-0.055093,0.00853253,0
0.0143862,-0.055092,0.00853688,0
0.0154754,-0.055093,0.00853253,0
0.0163528,-0.055092,0.00853688,0
0.0173457,-0.055092,0.00853688,0
0.0183064,-0.055093,0.00853252,0
0.0197972,-0.055092,0.00853688,0
0.0204129,-0.055093,0.00853252,0
0.0212877,-0.055092,0.00853688,0
0.0224752,-0.055093,0.00853252,0
0.0235096,-0.055092,0.00853687,0
0.0243701,-0.055093,0.00853252,0
0.0253904,-0.0550919,0.00853688,0
0.0263579,-0.0550929,0.00853251,0
0.0274486,-0.0550919,0.00853687,0
0.0284935,-0.0550929,0.00853251,0
0.029351,-0.0550919,0.00853687,0
0.0303794,-0.0550929,0.00853251,0
0.0313577,-0.0550919,0.00853687,0
0.03243,-0.0550929,0.00853251,0
0.0333672,-0.0550919,0.00853686,0
0.0343644,-0.0550929,0.00853251,0
0.0353574,-0.0550919,0.00853687,0
0.0363413,-0.0550928,0.0085325,0
0.0373918,-0.0550919,0.00853686,0
0.0383253,-0.0550929,0.00853251,0
0.0393401,-0.0550918,0.00853686,0
0.0403546,-0.0550928,0.0085325,0
0.0414662,-0.0550919,0.00853686,0
0.0423664,-0.0550928,0.0085325,0
0.0433495,-0.0550918,0.00853686,0
0.044418,-0.0550928,0.0085325,0
0.0454075,-0.0550918,0.00853685,0
0.0463413,-0.0550928,0.0085325,0
0.0473351,-0.0550918,0.00853686,0
0.0484087,-0.0550928,0.00853249,0
0.0494177,-0.0550918,0.00853685,0
0.0503572,-0.0550928,0.0085325,0
0.0513869,-0.0550918,0.00853685,0
0.0523418,-0.0550928,0.00853249,0
0.0535013,-0.0550918,0.00853685,0
0.0543623,-0.0550927,0.00853248,0
0.0554573,-0.0550918,0.00853685,0
0.0563488,-0.0550928,0.00853249,0
0.0573313,-0.0550918,0.00853685,0
0.0583672,-0.0550927,0.00853248,0
0.0593151,-0.0550918,0.00853685,0
0.0603342,-0.0550917,0.00853684,0
0.0613637,-0.0550928,0.00853249,0
0.062303,-0.0550928,0.00853249,0
0.0633173,-0.0550917,0.00853684,0
0.0643094,-0.0550918,0.00853684,0
0.0653145,-0.0550927,0.00853248,0
0.0663518,-0.0550927,0.00853248,0
0.067665,-0.0550927,0.00853248,0
0.0686266,-0.0550927,0.00853248,0
0.0694276,-0.0550917,0.00853684,0
0.0706224,-0.0550927,0.00853247,0
0.0714448,-0.0550917,0.00853684,0
0.0723347,-0.0550917,0.00853683,0
0.0733319,-0.0550927,0.00853247,0
0.074313,-0.0550927,0.00853247,0
0.0753291,-0.0550927,0.00853247,0
0.0764219,-0.0550917,0.00853683,0
0.0773306,-0.0550927,0.00853247,0
0.0783422,-0.0550927,0.00853247,0
0.0793785,-0.0550917,0.00853682,0
0.0803329,-0.0550927,0.00853247,0
0.0813179,-0.0550917,0.00853683,0
0.0826536,-0.0550926,0.00853246,0
0.0833982,-0.0550917,0.00853683,0
0.0846636,-0.0550927,0.00853247,0
0.0855167,-0.0550916,0.00853682,0
0.0865792,-0.0550926,0.00853246,0
0.0873448,-0.0550917,0.00853682,0
0.0883628,-0.0550926,0.00853246,0
0.0895786,-0.0550916,0.00853682,0
0.0904137,-0.0550926,0.00853246,0
0.0913886,-0.0550916,0.00853682,0
0.092373,-0.0550926,0.00853246,0
0.0937432,-0.0550916,0.00853681,0
0.0943795,-0.0550926,0.00853246,0
0.0954378,-0.0550916,0.00853682,0
0.0963861,-0.0550926,0.00853245,0
0.097382,-0.0550916,0.00853681,0
0.0984367,-0.0550926,0.00853245,0
0.0993402,-0.0550916,0.00853681,0
0.100578,-0.0550926,0.00853245,0
0.101331,-0.0550916,0.00853681,0
0.102345,-0.0550926,0.00853245,0
0.103354,-0.0550916,0.00853681,0
0.104359,-0.0550926,0.00853245,0
0.105414,-0.0550916,0.00853681,0
0.106551,-0.0550926,0.00853245,0
0.107428,-0.0550916,0.00853681,0
0.108533,-0.0550926,0.00853245,0
0.109374,-0.0550916,0.0085368,0
0.110397,-0.0550926,0.00853244,0
0.111679,-0.0550926,0.00853244,0
0.112462,-0.0550926,0.00853244,0
0.113852,-0.0550916,0.0085368,0
0.115037,-0.0550926,0.00853244,0
0.115691,-0.0550916,0.0085368,0
0.116763,-0.0550926,0.00853244,0
0.117326,-0.0550916,0.0085368,0
0.11904,-0.0550926,0.00853244,0
0.119601,-0.0550916,0.0085368,0
0.121116,-0.0550926,0.00853244,0
0.121982,-0.0550916,0.00853679,0
0.122603,-0.0550925,0.00853243,0
0.123322,-0.0550916,0.00853679,0
0.124288,-0.0550916,0.00853679,0
0.125317,-0.0550915,0.00853679,0
0.126324,-0.0550915,0.00853679,0
0.127291,-0.0550915,0.00853679,0
0.128328,-0.0550925,0.00853243,0
0.129333,-0.0550915,0.00853679,0
0.130312,-0.0550925,0.00853243,0
0.131697,-0.0550915,0.00853678,0
0.132331,-0.0550925,0.00853243,0
0.133618,-0.0550925,0.00853243,0
0.134424,-0.0550925,0.00853242,0
0.135402,-0.0550915,0.00853678,0
0.136495,-0.0550925,0.00853242,0
0.137328,-0.0550915,0.00853678,0
0.138359,-0.0550925,0.00853242,0
0.139405,-0.0550915,0.00853678,0
0.140329,-0.0550925,0.00853242,0
0.14137,-0.0550914,0.00853677,0
0.142374,-0.0550925,0.00853242,0
0.143326,-0.0550915,0.00853678,0
0.144412,-0.0550925,0.00853242,0
0.145321,-0.0550914,0.00853677,0
0.146339,-0.0550924,0.00853242,0
0.14737,-0.0550915,0.00853678,0
0.148306,-0.0550924,0.00853241,0
0.149382,-0.0550914,0.00853677,0
0.150878,-0.0550924,0.00853241,0
0.151748,-0.0550924,0.00853241,0
0.152859,-0.0550914,0.00853677,0
0.153443,-0.0550924,0.00853241,0
0.154318,-0.0550914,0.00853677,0
0.155397,-0.0550924,0.00853241,0
0.156338,-0.0550914,0.00853676,0
0.15748,-0.0550914,0.00853676,0
0.158284,-0.0550924,0.00853241,0
0.159333,-0.0550924,0.0085324,0
0.16045,-0.0550924,0.0085324,0
0.161324,-0.0550914,0.00853676,0
0.162318,-0.0550924,0.0085324,0
0.163319,-0.0550914,0.00853676,0
0.164334,-0.0550914,0.00853676,0
0.165326,-0.0550924,0.0085324,0
0.166326,-0.0550914,0.00853676,0
0.167326,-0.0550924,0.0085324,0
0.168353,-0.0550914,0.00853676,0
0.169335,-0.0550924,0.0085324,0
0.170322,-0.0550913,0.00853675,0
0.171423,-0.0550913,0.00853675,0
0.172413,-0.0550923,0.00853239,0
0.173301,-0.0550914,0.00853676,0
0.174315,-0.0550923,0.00853239,0
0.175318,-0.0550913,0.00853675,0
0.176319,-0.0550923,0.00853239,0
0.177301,-0.0550913,0.00853675,0
0.178532,-0.0550923,0.00853239,0
0.179337,-0.0550913,0.00853675,0
0.180491,-0.0550923,0.00853239,0
0.181844,-0.0550913,0.00853675,0
0.182823,-0.0550923,0.00853238,0
0.183315,-0.0550923,0.00853238,0
0.184285,-0.0550923,0.00853239,0
0.18536,-0.0550913,0.00853674,0
0.18632,-0.0550923,0.00853238,0
0.187364,-0.0550913,0.00853674,0
0.188311,-0.0550923,0.00853239,0
0.189308,-0.0550913,0.00853674,0
0.190325,-0.0550923,0.00853238,0
0.191301,-0.0550913,0.00853674,0
0.192301,-0.0550923,0.00853238,0
0.193286,-0.0550913,0.00853674,0
0.194312,-0.0550922,0.00853238,0
0.195341,-0.0550913,0.00853674,0
0.196423,-0.0550922,0.00853238,0
0.197299,-0.0550912,0.00853673,0
0.198314,-0.0550922,0.00853238,0
0.19935,-0.0550912,0.00853673,0
0.200347,-0.0550922,0.00853237,0
0.201366,-0.0550922,0.00853237,0
0.202452,-0.0550922,0.00853237,0
0.203324,-0.0550912,0.00853673,0
0.204452,-0.0550922,0.00853237,0
0.205317,-0.0550912,0.00853673,0
0.206308,-0.0550922,0.00853237,0
0.207709,-0.0550922,0.00853237,0
0.208401,-0.0550912,0.00853673,0
0.209322,-0.0550922,0.00853237,0
0.210499,-0.0550922,0.00853236,0
0.211353,-0.0550912,0.00853672,0
0.21236,-0.0550922,0.00853237,0
0.213319,-0.0550922,0.00853237,0
0.214363,-0.0550922,0.00853236,0
0.215315,-0.0550922,0.00853236,0
0.216346,-0.0550912,0.00853672,0
0.217273,-0.0550921,0.00853236,0
0.218431,-0.0550912,0.00853672,0
0.219315,-0.0550911,0.00853671,0
0.220322,-0.0550911,0.00853671,0
0.221456,-0.0550921,0.00853235,0
0.222273,-0.0550921,0.00853235,0
0.223342,-0.0550921,0.00853235,0
0.224266,-0.0550921,0.00853235,0
0.225301,-0.0550921,0.00853235,0
0.226329,-0.0550921,0.00853235,0
0.227296,-0.0550921,0.00853235,0
0.228279,-0.055092,0.00853234,0
0.229259,-0.055091,0.0085367,0
0.230342,-0.0550921,0.00853235,0
0.231343,-0.055091,0.0085367,0
0.23229,-0.055091,0.0085367,0
0.233315,-0.0550911,0.00853671,0
0.234299,-0.0550911,0.00853671,0
0.235314,-0.055092,0.00853234,0
0.236327,-0.055091,0.0085367,0
0.237267,-0.055091,0.0085367,0
0.238316,-0.055092,0.00853233,0
0.239275,-0.055091,0.0085367,0
0.240259,-0.055092,0.00853234,0
0.241278,-0.055092,0.00853234,0
0.242299,-0.055091,0.00853669,0
0.24332,-0.055091,0.0085367,0
0.244308,-0.055092,0.00853233,0
0.245383,-0.055092,0.00853233,0
0.246335,-0.055091,0.00853669,0
0.247314,-0.055092,0.00853233,0
0.248265,-0.055092,0.00853233,0
0.249253,-0.055091,0.00853669,0
0.250296,-0.055091,0.00853669,0
0.25132,-0.055091,0.00853669,0
0.252285,-0.055092,0.00853233,0
0.25332,-0.0550909,0.00853668,0
0.254289,-0.0550919,0.00853232,0
0.255337,-0.0550919,0.00853232,0
0.256324,-0.055091,0.00853669,0
0.257324,-0.0550909,0.00853668,0
0.258334,-0.0550909,0.00853668,0
0.259384,-0.0550919,0.00853233,0
0.260308,-0.0550909,0.00853668,0
0.261335,-0.0550919,0.00853231,0
0.262369,-0.0550909,0.00853668,0
0.263461,-0.0550919,0.00853232,0
0.264269,-0.0550909,0.00853667,0
0.265776,-0.0550919,0.00853232,0
0.266417,-0.0550909,0.00853667,0
0.267442,-0.0550919,0.00853231,0
0.268954,-0.0550909,0.00853668,0
0.270102,-0.0550919,0.00853231,0
0.270539,-0.0550909,0.00853667,0
0.271472,-0.0550919,0.00853232,0
0.272374,-0.0550909,0.00853667,0
0.273422,-0.0550919,0.00853231,0
0.274397,-0.0550909,0.00853667,0
0.275337,-0.0550918,0.00853231,0
0.276413,-0.0550908,0.00853666,0
0.277347,-0.0550918,0.00853231,0
0.2784,-0.0550909,0.00853667,0
0.279583,-0.0550918,0.0085323,0
0.280433,-0.0550908,0.00853666,0
0.282081,-0.0550918,0.0085323,0
0.282954,-0.0550908,0.00853666,0
0.283554,-0.0550918,0.0085323,0
0.284509,-0.0550908,0.00853666,0
0.285989,-0.0550918,0.0085323,0
0.286402,-0.0550908,0.00853666,0
0.287461,-0.0550918,0.0085323,0
0.288372,-0.0550908,0.00853666,0
0.289374,-0.0550918,0.0085323,0
0.290736,-0.0550908,0.00853665,0
0.291633,-0.0550918,0.00853229,0
0.292366,-0.0550908,0.00853665,0
0.293403,-0.0550918,0.00853229,0
0.294367,-0.0550908,0.00853665,0
0.29531,-0.0550918,0.00853229,0
0.296333,-0.0550908,0.00853665,0
0.297613,-0.0550918,0.00853229,0
0.298852,-0.0550908,0.00853665,0
0.299953,-0.0550908,0.00853665,0
0.300817,-0.0550918,0.00853229,0
0.301352,-0.0550918,0.00853229,0
0.302368,-0.0550907,0.00853664,0
0.303384,-0.0550917,0.00853228,0
0.304325,-0.0550908,0.00853664,0
0.305313,-0.0550916,0.00853228,0
0.306577,-0.0550907,0.00853664,0
0.307353,-0.0550916,0.00853228,0
0.308475,-0.0550906,0.00853664,0
0.309365,-0.0550916,0.00853228,0
0.310597,-0.0550916,0.00853228,0
0.311319,-0.0550906,0.00853664,0
0.312463,-0.0550906,0.00853664,0
0.31339,-0.0550916,0.00853227,0
0.314337,-0.0550906,0.00853664,0
0.31542,-0.0550916,0.00853228,0
0.316583,-0.0550906,0.00853663,0
0.317337,-0.0550916,0.00853228,0
0.318381,-0.0550906,0.00853663,0
0.319512,-0.0550916,0.00853227,0
0.320345,-0.0550906,0.00853663,0
0.321445,-0.0550916,0.00853227,0
0.322336,-0.0550906,0.00853663,0
0.323328,-0.0550916,0.00853227,0
0.324447,-0.0550906,0.00853663,0
0.325412,-0.0550915,0.00853226,0
0.326322,-0.0550915,0.00853226,0
0.327258,-0.0550915,0.00853226,0
0.328443,-0.0550906,0.00853663,0
0.329338,-0.0550915,0.00853226,0
0.330487,-0.0550915,0.00853226,0
0.331476,-0.0550915,0.00853226,0
0.33226,-0.0550905,0.00853662,0
0.334851,-0.0550915,0.00853226,0
0.335771,-0.0550905,0.00853662,0
0.336349,-0.0550915,0.00853226,0
0.337344,-0.0550906,0.00853662,0
0.338697,-0.0550915,0.00853226,0
0.339364,-0.0550905,0.00853662,0
0.340359,-0.0550915,0.00853226,0
0.341366,-0.0550905,0.00853661,0
0.342328,-0.0550915,0.00853226,0
0.343855,-0.0550905,0.00853662,0
0.344599,-0.0550915,0.00853225,0
0.34589,-0.0550905,0.00853661,0
0.346937,-0.0550915,0.00853225,0
0.348013,-0.0550905,0.00853661,0
0.348812,-0.0550915,0.00853225,0
0.349569,-0.0550905,0.00853661,0
0.350327,-0.0550915,0.00853225,0
0.351335,-0.0550905,0.00853661,0
0.352329,-0.0550914,0.00853225,0
0.353414,-0.0550905,0.0085366,0
0.354438,-0.0550915,0.00853225,0
0.355381,-0.0550904,0.0085366,0
0.356449,-0.0550914,0.00853224,0
0.357471,-0.0550914,0.00853224,0
0.358617,-0.0550904,0.0085366,0
0.359369,-0.0550914,0.00853224,0
0.360436,-0.0550914,0.00853224,0
0.361387,-0.0550914,0.00853224,0
0.362437,-0.0550914,0.00853224,0
0.363406,-0.0550904,0.0085366,0
0.364454,-0.0550914,0.00853224,0
0.365363,-0.0550915,0.00853224,0
0.366332,-0.0550915,0.00853223,0
0.367331,-0.0550905,0.00853659,0
0.368339,-0.0550915,0.00853223,0
0.369327,-0.0550905,0.00853659,0
0.370436,-0.0550915,0.00853223,0
0.371386,-0.0550905,0.00853659,0
0.372332,-0.0550915,0.00853223,0
0.373341,-0.0550905,0.00853658,0
0.374446,-0.0550915,0.00853223,0
0.375465,-0.0550905,0.00853658,0
0.376315,-0.0550915,0.00853222,0
0.37733,-0.0550905,0.00853659,0
0.378319,-0.0550915,0.00853222,0
0.379319,-0.0550905,0.00853658,0
0.380434,-0.0550905,0.00853658,0
0.381316,-0.0550905,0.00853658,0
0.382315,-0.0550914,0.00853222,0
0.38334,-0.0550905,0.00853658,0
0.384334,-0.0550915,0.00853222,0
0.385332,-0.0550905,0.00853658,0
0.386405,-0.0550915,0.00853222,0
0.387327,-0.0550915,0.00853222,0
0.388337,-0.0550914,0.00853221,0
0.389344,-0.0550905,0.00853658,0
0.390444,-0.0550914,0.00853221,0
0.391363,-0.0550904,0.00853657,0
0.392401,-0.0550914,0.00853221,0
0.393331,-0.0550904,0.00853657,0
0.39434,-0.0550914,0.00853221,0
0.395353,-0.0550904,0.00853657,0
0.39635,-0.0550914,0.00853221,0
0.397367,-0.0550904,0.00853657,0
0.398477,-0.0550914,0.00853221,0
0.399324,-0.0550904,0.00853657,0
0.400358,-0.0550914,0.00853221,0
0.401328,-0.0550904,0.00853656,0
0.402362,-0.0550914,0.0085322,0
0.403651,-0.0550904,0.00853656,0
0.404351,-0.0550914,0.0085322,0
0.405313,-0.0550904,0.00853656,0
0.406384,-0.0550914,0.0085322,0
0.40738,-0.0550904,0.00853656,0
0.40883,-0.0550913,0.0085322,0
0.409317,-0.0550913,0.0085322,0
0.410445,-0.0550913,0.0085322,0
0.411342,-0.0550913,0.0085322,0
0.412329,-0.0550913,0.0085322,0
0.413341,-0.0550903,0.00853655,0
0.414349,-0.0550913,0.0085322,0
0.415325,-0.0550903,0.00853655,0
0.416384,-0.0550913,0.00853219,0
0.417327,-0.0550903,0.00853655,0
0.418362,-0.0550913,0.00853219,0
0.419372,-0.0550913,0.00853219,0
0.420458,-0.0550903,0.00853655,0
0.421305,-0.0550913,0.00853219,0
0.422417,-0.0550903,0.00853655,0
0.423769,-0.0550913,0.00853219,0
0.424681,-0.0550903,0.00853655,0
0.425423,-0.0550913,0.00853218,0
0.426371,-0.0550903,0.00853655,0
0.427614,-0.0667187,0.0108409,0
0.428376,-0.0721533,0.0117453,0
0.429472,-0.0733762,0.0121233,0
0.43069,-0.0733762,0.0121233,0
0.431451,-0.0743626,0.0123965,0
0.43242,-0.0743626,0.0123965,0
0.433692,-0.0764237,0.0129133,0
0.43433,-0.0780942,0.0133019,0
0.435344,-0.0780942,0.0133019,0
0.436424,-0.0791954,0.013581,0
0.437423,-0.0783352,0.0136446,0
0.438321,-0.0791363,0.013933,0
0.439561,-0.0781837,0.0137062,0
0.440334,-0.0790069,0.0139436,0
0.44137,-0.0790069,0.0139436,0
0.442337,-0.0790471,0.0139723,0
0.443541,-0.0790277,0.0139734,0
0.444334,-0.0782688,0.0138518,0
0.445406,-0.0780656,0.0138177,0
0.446376,-0.0785738,0.0139358,0
0.447274,-0.0775236,0.0136617,0
0.44843,-0.0775236,0.0136617,0
0.449617,-0.077898,0.0137414,0
0.450263,-0.0766939,0.0134211,0
0.451661,-0.0766939,0.0134211,0
0.452365,-0.0763392,0.0133347,0
0.453415,-0.0766462,0.0133804,0
0.454493,-0.0757147,0.0131411,0
0.45531,-0.0759434,0.0131753,0
0.456353,-0.0750017,0.012935,0
0.457449,-0.0751639,0.0129957,0
0.458456,-0.0742194,0.0127601,0
0.459861,-0.0743822,0.0127727,0
0.46056,-0.0740146,0.0126586,0
0.461619,-0.0730738,0.0124176,0
0.46236,-0.0732048,0.0124304,0
0.463333,-0.0728402,0.0123097,0
0.464334,-0.0724556,0.0122012,0
0.465403,-0.0715613,0.0119765,0
0.46635,-0.0716608,0.01198,0
0.467416,-0.0717728,0.0120052,0
0.468363,-0.0709503,0.0117622,0
0.469532,-0.0705316,0.0116848,0
0.470469,-0.0701512,0.0115849,0
0.471343,-0.0697908,0.0114762,0
0.472416,-0.069435,0.0113761,0
0.47351,-0.0690873,0.0112716,0
0.47453,-0.0687445,0.0111766,0
0.475341,-0.0684101,0.0110768,0
0.476396,-0.0680808,0.0109864,0
0.477335,-0.0677599,0.0108912,0
0.478436,-0.067444,0.0108054,0
0.47934,-0.0671364,0.0107148,0
0.480441,-0.0668338,0.0106334,0
0.481341,-0.0665092,0.0105796,0
0.482353,-0.0662108,0.0105048,0
0.483385,-0.0655933,0.0103603,0
0.484329,-0.0656329,0.010347,0
0.485302,-0.0653779,0.0102635,0
0.48638,-0.0648048,0.0101392,0
0.487438,-0.0648439,0.0101203,0
0.488477,-0.0646054,0.0100502,0
0.489417,-0.0643635,0.00997933,0
0.490356,-0.0641213,0.00991684,0
0.491398,-0.0638869,0.00984942,0
0.492534,-0.0636564,0.0097901,0
0.493366,-0.0634041,0.00975723,0
0.494321,-0.0631765,0.00970408,0
0.495634,-0.0631765,0.00970408,0
0.496312,-0.0627499,0.0095863,0
0.497327,-0.0625453,0.00952689,0
0.498309,-0.0623443,0.00947564,0
0.499364,-0.0621498,0.00941976,0
0.500344,-0.0621498,0.00941976,0
0.501316,-0.0617738,0.00931917,0
0.502362,-0.061592,0.0092743,0
0.503323,-0.0614161,0.00922468,0
0.504314,-0.0612432,0.00918269,0
0.505328,-0.0610758,0.00913588,0
0.506331,-0.0608833,0.00912604,0
0.507305,-0.0607165,0.00908431,0
0.508347,-0.0605575,0.00904541,0
0.509286,-0.0604041,0.00900079,0
0.510314,-0.0602532,0.0089643,0
0.511345,-0.0601074,0.00892291,0
0.512356,-0.0599639,0.0088888,0
0.513324,-0.0598254,0.00884987,0
0.514299,-0.0596895,0.00881861,0
0.515326,-0.0595579,0.00878202,0
0.516323,-0.0594281,0.00875242,0
0.517303,-0.0594463,0.00876256,0
0.518684,-0.059321,0.00873387,0
0.519323,-0.0590314,0.00868506,0
0.520304,-0.0589008,0.00866003,0
0.521301,-0.0587838,0.0086269,0
0.522317,-0.0588265,0.00861301,0
0.523327,-0.0585694,0.00856687,0
0.524318,-0.058453,0.00854606,0
0.525339,-0.058347,0.00851673,0
0.526301,-0.0582451,0.00849423,0
0.527349,-0.0581465,0.00846673,0
0.528309,-0.0581465,0.00846673,0
0.529677,-0.0579539,0.00841873,0
0.530327,-0.0578613,0.00839954,0
0.531303,-0.0577722,0.00837525,0
0.532309,-0.0576577,0.00838527,0
0.533313,-0.0575658,0.00836457,0
0.534316,-0.0574799,0.00834622,0
0.535324,-0.057398,0.00832232,0
0.53633,-0.0573164,0.00830481,0
0.537302,-0.0573616,0.00828701,0
0.53837,-0.0571679,0.00826436,0
0.539336,-0.0570861,0.00824652,0
0.54034,-0.0570109,0.00823218,0
0.541344,-0.0569404,0.00821186,0
0.542345,-0.0569597,0.00822801,0
0.54333,-0.0566911,0.00817811,0
0.54433,-0.0567016,0.0081959,0
0.545321,-0.056637,0.00817684,0
0.546349,-0.0565735,0.00816358,0
0.547305,-0.0564312,0.00811726,0
0.54831,-0.056371,0.00810533,0
0.549316,-0.056317,0.0080897,0
0.55036,-0.0562626,0.00808013,0
0.551367,-0.0562106,0.00806526,0
0.552301,-0.0562106,0.00806526,0
0.553333,-0.0561088,0.0080424,0
0.554327,-0.0560561,0.00803299,0
0.555359,-0.0560793,0.00804418,0
0.55634,-0.0559363,0.00803935,0
0.557339,-0.0559363,0.00803935,0
0.55832,-0.0558818,0.00802765,0
0.559323,-0.0558578,0.00802843,0
0.560377,-0.0558578,0.00802843,0
0.561598,-0.0557475,0.00799677,0
0.562593,-0.055703,0.00798262,0
0.563513,-0.0557498,0.00797193,0
0.564399,-0.0556898,0.00798383,0
0.565422,-0.0555791,0.00795836,0
0.566318,-0.055601,0.00796835,0
0.567423,-0.055561,0.00796153,0
0.568366,-0.0556081,0.00794516,0
0.569489,-0.0554894,0.00794123,0
0.570362,-0.0554461,0.00793276,0
0.571344,-0.0554073,0.00792727,0
0.572329,-0.0553719,0.00791577,0
0.573315,-0.0552543,0.00791601,0
0.574337,-0.0552968,0.00790261,0
0.575325,-0.0552687,0.00789492,0
0.576835,-0.0552377,0.00788463,0
0.577753,-0.0552054,0.00788115,0
0.578669,-0.0551747,0.00787169,0
0.579374,-0.0550659,0.00787468,0
0.58032,-0.0551092,0.00786178,0
0.581681,-0.0550607,0.00788192,0
0.58287,-0.0550276,0.00787526,0
0.583581,-0.0549228,0.00787794,0
0.584352,-0.0549648,0.00786345,0
0.585412,-0.0549424,0.00785626,0
0.586361,-0.0549174,0.00784675,0
0.5874,-0.0548906,0.00784359,0
0.588493,-0.0548657,0.00783472,0
0.589431,-0.0547687,0.00783953,0
0.590331,-0.0548116,0.00782599,0
0.59135,-0.054793,0.00782018,0
0.59237,-0.054817,0.00783096,0
0.593344,-0.0547236,0.0078369,0
0.594852,-0.0546955,0.00783103,0
0.595505,-0.0546717,0.00782742,0
0.596391,-0.0546507,0.00781831,0
0.597409,-0.0546287,0.00781503,0
0.598311,-0.0545415,0.00781516,0
0.599361,-0.0545829,0.00780665,0
0.600481,-0.0545692,0.00779556,0
0.601326,-0.054551,0.00779352,0
0.602342,-0.054533,0.00778651,0
0.603407,-0.0545146,0.007785,0
0.604609,-0.0544734,0.0078041,0
0.605493,-0.0544496,0.00780511,0
0.606551,-0.0544322,0.00779694,0
0.607378,-0.0544145,0.00779389,0
0.608341,-0.0543984,0.00778588,0
0.609467,-0.0543815,0.00778368,0
0.610405,-0.0543663,0.00777622,0
0.611365,-0.0543505,0.00777449,0
0.612371,-0.0543362,0.00776748,0
0.613436,-0.0543212,0.00776618,0
0.614424,-0.0543076,0.00775934,0
0.615498,-0.0542323,0.00776817,0
0.616882,-0.0542515,0.00778031,0
0.61735,-0.0542371,0.00777882,0
0.618595,-0.0542244,0.00777074,0
0.61944,-0.0542244,0.00777074,0
0.620811,-0.0541984,0.00776147,0
0.621347,-0.0541854,0.00775987,0
0.622312,-0.0542092,0.00776916,0
0.623319,-0.0541609,0.00775196,0
0.624323,-0.0541497,0.00774475,0
0.625286,-0.0541378,0.0077437,0
0.626312,-0.0541039,0.00776338,0
0.627313,-0.0540871,0.00776519,0
0.628341,-0.0540763,0.00775786,0
0.629314,-0.0540652,0.00775562,0
0.63032,-0.0540555,0.00774842,0
0.63137,-0.0540449,0.00774699,0
0.632316,-0.0540359,0.0077403,0
0.633303,-0.054026,0.00773931,0
0.634306,-0.0540177,0.00773303,0
0.635321,-0.0540085,0.00773242,0
0.636319,-0.0540008,0.00772651,0
0.637312,-0.0539683,0.00775178,0
0.638322,-0.0539551,0.00774836,0
0.639307,-0.0539455,0.00774679,0
0.640307,-0.0539379,0.00773932,0
0.641362,-0.0539292,0.00773786,0
0.64231,-0.053922,0.00773118,0
0.6433,-0.053914,0.00773021,0
0.644309,-0.0539074,0.00772396,0
0.64533,-0.053903,0.00772323,0
0.646303,-0.053897,0.00771735,0
0.647351,-0.0538901,0.00771713,0
0.648311,-0.0538845,0.00771157,0
0.649315,-0.053878,0.00771164,0
0.650324,-0.0538493,0.00773176,0
0.651309,-0.0538373,0.00773427,0
0.652306,-0.0538311,0.00772765,0
0.653313,-0.0538244,0.00772608,0
0.654312,-0.053819,0.00771952,0
0.655306,-0.0538126,0.0077187,0
0.656313,-0.0538077,0.00771259,0
0.657271,-0.0538019,0.00771215,0
0.658328,-0.0537974,0.0077064,0
0.659302,-0.053792,0.0077063,0
0.660368,-0.053788,0.00770086,0
0.661312,-0.053783,0.00770105,0
0.662324,-0.0537793,0.00769588,0
0.663322,-0.0537512,0.00772159,0
0.664314,-0.053742,0.00771882,0
0.665294,-0.0537362,0.00771791,0
0.666311,-0.0537322,0.00771106,0
0.667315,-0.053727,0.00771018,0
0.668322,-0.0537226,0.00770531,0
0.669359,-0.0536687,0.00771179,0
0.670322,-0.0537097,0.00770264,0
0.671318,-0.0537113,0.00769402,0
0.672305,-0.053708,0.00769377,0
0.673299,-0.053705,0.00768877,0
0.674318,-0.0537012,0.00768919,0
0.675334,-0.0536988,0.0076842,0
0.676345,-0.0536721,0.00770994,0
0.677815,-0.0536641,0.00770733,0
0.678358,-0.0536594,0.00770657,0
0.679331,-0.0536565,0.00769987,0
0.680339,-0.0536524,0.00769913,0
0.681333,-0.0536497,0.00769314,0
0.682373,-0.053646,0.00769281,0
0.683362,-0.0536437,0.00768715,0
0.684433,-0.0536404,0.00768714,0
0.685324,-0.0536383,0.00768178,0
0.686351,-0.0536353,0.00768205,0
0.687667,-0.0536335,0.00767695,0
0.688329,-0.0536074,0.00770223,0
0.689309,-0.0536005,0.00769976,0
0.690309,-0.0535962,0.00769867,0
0.691337,-0.0535943,0.00769215,0
0.692313,-0.0535909,0.00769133,0
0.693434,-0.0535888,0.00768527,0
0.694328,-0.0535861,0.00768512,0
0.695324,-0.0536325,0.00766801,0
0.696303,-0.0536343,0.00766559,0
0.697325,-0.0535623,0.00769752,0
0.698302,-0.0535488,0.00770321,0
0.699302,-0.0535457,0.0076965,0
0.700332,-0.0535428,0.00769447,0
0.701308,-0.0535408,0.00768768,0
0.702302,-0.0535378,0.0076867,0
0.703334,-0.0535363,0.00768042,0
0.704317,-0.0535363,0.00768042,0
0.705406,-0.0535319,0.00767394,0
0.706308,-0.0535297,0.00767369,0
0.707412,-0.0535297,0.00767369,0
0.708311,-0.0535268,0.00766816,0
0.709316,-0.0535261,0.00766285,0
0.710336,-0.0535261,0.00766285,0
0.71132,-0.0534957,0.00768505,0
0.712361,-0.0534928,0.00768405,0
0.713389,-0.0534928,0.00768405,0
0.714324,-0.0534892,0.00767617,0
0.715732,-0.0534882,0.00766995,0
0.716644,-0.0534862,0.00766942,0
0.717313,-0.0534855,0.00766355,0
0.718321,-0.0534837,0.00766334,0
0.719316,-0.0534833,0.00765778,0
0.720408,-0.0534818,0.00765787,0
0.72133,-0.0534815,0.00765257,0
0.722307,-0.0534805,0.00765314,0
0.723335,-0.0535039,0.00766067,0
0.724325,-0.0534559,0.00767315,0
0.725361,-0.0534559,0.00767315,0
0.726327,-0.0534475,0.00766875,0
0.727333,-0.0534469,0.00766207,0
0.72836,-0.0534469,0.00766207,0
0.729326,-0.0534445,0.00765527,0
0.730306,-0.053443,0.00765491,0
0.731308,-0.0534427,0.00764917,0
0.732321,-0.0534414,0.00764911,0
0.733309,-0.0534413,0.00764365,0
0.734305,-0.0534398,0.00764359,0
0.735301,-0.0534398,0.00764359,0
0.736295,-0.0534169,0.00766334,0
0.73735,-0.053412,0.00766072,0
0.738301,-0.053412,0.00766072,0
0.739775,-0.0534538,0.00764117,0
0.740314,-0.053412,0.00764978,0
0.741311,-0.0534072,0.00764656,0
0.742503,-0.0534051,0.00764635,0
0.743308,-0.0534055,0.00764043,0
0.74432,-0.0534039,0.00763988,0
0.745455,-0.0534267,0.00764687,0
0.746405,-0.0534022,0.00763438,0
0.747363,-0.0533802,0.0076528,0
0.748393,-0.0533737,0.00765498,0
0.749498,-0.0533729,0.00764837,0
0.750329,-0.0533714,0.00764685,0
0.751415,-0.0533711,0.00764025,0
0.752713,-0.0533711,0.00764025,0
0.753699,-0.0533475,0.00762678,0
0.754905,-0.0533485,0.00762076,0
0.755542,-0.0533922,0.00760898,0
0.756353,-0.0533766,0.0076262,0
0.75746,-0.0533713,0.00762954,0
0.758413,-0.0533276,0.00763646,0
0.759355,-0.0533443,0.00765057,0
0.760404,-0.0533436,0.0076441,0
0.761565,-0.0533419,0.00764218,0
0.762439,-0.0532984,0.00764703,0
0.763335,-0.0533136,0.00766026,0
0.764364,-0.0532917,0.00764181,0
0.765329,-0.0533297,0.00762324,0
0.766433,-0.0533332,0.00761957,0
0.767419,-0.053334,0.00761373,0
0.768439,-0.0533328,0.00761364,0
0.769518,-0.0532907,0.00762048,0
0.770313,-0.0533072,0.00763481,0
0.771462,-0.0533285,0.00764053,0
0.772494,-0.0532629,0.00763904,0
0.773592,-0.0533006,0.00762191,0
0.774308,-0.0533033,0.00761751,0
0.775319,-0.053262,0.0076231,0
0.776275,-0.0532571,0.00761783,0
0.777268,-0.053298,0.00760365,0
0.778368,-0.0532406,0.00763089,0
0.779347,-0.0532406,0.00763089,0
0.780318,-0.0532305,0.00763572,0
0.781495,-0.0532715,0.00761567,0
0.782436,-0.053231,0.00761854,0
0.783281,-0.053231,0.00761854,0
0.784355,-0.0532714,0.00760499,0
0.785327,-0.0532363,0.00760769,0
0.786335,-0.0532515,0.00762124,0
0.787389,-0.0532314,0.00760095,0
0.78831,-0.0532314,0.00760095,0
0.789335,-0.0532526,0.00760637,0
0.790394,-0.0532535,0.0075992,0
0.791532,-0.0532535,0.0075992,0
0.792315,-0.0532123,0.00761092,0
0.793359,-0.0532123,0.00761092,0
0.794325,-0.0532082,0.00760646,0
0.795315,-0.0532293,0.00758051,0
0.796297,-0.0532357,0.00757103,0
0.797333,-0.0532776,0.00755944,0
0.798257,-0.053284,0.00755271,0
0.799308,-0.0532853,0.00755426,0
0.800322,-0.0532871,0.00755054,0
0.801298,-0.0532879,0.00755218,0
0.80233,-0.0532897,0.00754818,0
0.803328,-0.0532906,0.00755,0
0.804316,-0.0533139,0.00755742,0
0.805646,-0.0533552,0.00754575,0
0.806341,-0.0532766,0.00756475,0
0.807337,-0.0532671,0.00757103,0
0.808373,-0.0532884,0.00757625,0
0.809322,-0.0532655,0.00756478,0
0.810358,-0.0532651,0.00755836,0
0.811436,-0.0532642,0.00755821,0
0.812327,-0.0532648,0.00755278,0
0.813383,-0.0532642,0.00755301,0
0.814321,-0.0532444,0.00757158,0
0.815316,-0.0532388,0.00757408,0
0.816326,-0.0532383,0.00756751,0
0.817483,-0.0532372,0.0075661,0
0.818504,-0.0532371,0.0075595,0
0.819308,-0.0532363,0.00755896,0
0.820325,-0.053236,0.00755246,0
0.82134,-0.0532759,0.00753967,0
0.822322,-0.0532402,0.00754421,0
0.823377,-0.0532145,0.00757045,0
0.824292,-0.0532145,0.00757045,0
0.825348,-0.0532075,0.00756535,0
0.826337,-0.0532073,0.00755777,0
0.827315,-0.0532059,0.00755629,0
0.828324,-0.0532058,0.00754943,0
0.829403,-0.0532046,0.00754835,0
0.830337,-0.0531848,0.00753039,0
0.831317,-0.0532042,0.00754092,0
0.832366,-0.0532049,0.00753524,0
0.833359,-0.0532043,0.00753496,0
0.834315,-0.0531648,0.00754135,0
0.83531,-0.0531596,0.00754311,0
0.836314,-0.0531607,0.00753608,0
0.837302,-0.0531605,0.00753478,0
0.838333,-0.0531613,0.00752824,0
0.839332,-0.053161,0.00752753,0
0.840369,-0.0531619,0.00752131,0
0.841326,-0.0531618,0.00752086,0
0.842307,-0.0531628,0.00751488,0
0.843338,-0.0531627,0.00751465,0
0.84434,-0.0531827,0.00752134,0
0.845385,-0.0531712,0.00750618,0
0.846315,-0.0531506,0.0075291,0
0.847308,-0.0531472,0.00752576,0
0.848318,-0.0531467,0.00752414,0
0.849353,-0.0531474,0.00751697,0
0.850333,-0.0531468,0.00751587,0
0.851341,-0.0531475,0.00750933,0
0.852304,-0.0531471,0.00750857,0
0.853325,-0.0531479,0.00750231,0
0.854329,-0.0531476,0.00750181,0
0.855338,-0.0531486,0.00749578,0
0.856335,-0.0531484,0.00749551,0
0.85733,-0.0531495,0.00748969,0
0.858309,-0.0531493,0.0074896,0
0.8593,-0.0531309,0.00750737,0
0.860322,-0.0531261,0.00750955,0
0.861334,-0.0531266,0.00750219,0
0.862302,-0.0531261,0.00750059,0
0.863323,-0.0531266,0.00749377,0
0.864338,-0.053126,0.0074928,0
0.865328,-0.0531266,0.00748632,0
0.866349,-0.0531262,0.00748562,0
0.867355,-0.053127,0.00747941,0
0.868266,-0.0531267,0.00747895,0
0.869357,-0.0531276,0.00747295,0
0.870342,-0.0531274,0.0074727,0
0.871504,-0.0531284,0.0074669,0
0.872414,-0.053109,0.00749011,0
0.87332,-0.0531053,0.00748657,0
0.874315,-0.0531046,0.0074848,0
0.875467,-0.0531052,0.0074775,0
0.876332,-0.0531045,0.00747627,0
0.877316,-0.053105,0.00746959,0
0.87832,-0.0531044,0.0074687,0
0.879319,-0.0531051,0.00746229,0
0.880342,-0.0531051,0.00746229,0
0.881337,-0.0531425,0.00744268,0
0.882324,-0.0531425,0.00744268,0
0.883304,-0.0531248,0.00746068,0
0.88437,-0.0531232,0.0074606,0
0.885338,-0.0530865,0.00746686,0
0.886437,-0.0530815,0.0074684,0
0.887332,-0.0531182,0.0074482,0
0.888305,-0.0530854,0.00745711,0
0.889344,-0.0530816,0.0074536,0
0.890527,-0.0531169,0.00743962,0
0.891375,-0.0531169,0.00743962,0
0.892381,-0.0530809,0.00744597,0
0.89339,-0.0531176,0.00742652,0
0.894318,-0.0531176,0.00742652,0
0.895353,-0.0530855,0.00743644,0
0.896465,-0.0530633,0.00745667,0
0.897455,-0.0530942,0.00744518,0
0.898345,-0.053063,0.00744794,0
0.899695,-0.0530578,0.00744926,0
0.900884,-0.0530749,0.00745215,0
0.901348,-0.0530573,0.00744038,0
0.902471,-0.0530742,0.00744282,0
0.903378,-0.0530564,0.00743161,0
0.904332,-0.0530922,0.00741157,0
0.905473,-0.0530952,0.00740826,0
0.906377,-0.0530606,0.00741628,0
0.907471,-0.0530919,0.00740565,0
0.908391,-0.0531148,0.00740744,0
0.909268,-0.0531135,0.00740748,0
0.910318,-0.0530418,0.00742834,0
0.911362,-0.0530325,0.00743268,0
0.912322,-0.0530683,0.00741203,0
0.913358,-0.0530721,0.00740766,0
0.91446,-0.0530725,0.00740274,0
0.915372,-0.0530725,0.00739804,0
0.916339,-0.0530717,0.0073978,0
0.917343,-0.0530719,0.00739156,0
0.91833,-0.0530719,0.00739156,0
0.919384,-0.0530712,0.00739134,0
0.920345,-0.0530365,0.00739872,0
0.921334,-0.0530497,0.00737781,0
0.922464,-0.0530555,0.00736901,0
0.923348,-0.0530555,0.00736901,0
0.924263,-0.0530722,0.00737861,0
0.925346,-0.0530567,0.00736492,0
0.926303,-0.0530908,0.00735138,0
0.927312,-0.0530614,0.0073578,0
0.928295,-0.0530568,0.00736179,0
0.929312,-0.0530568,0.00736179,0
0.930262,-0.0530568,0.00736179,0
0.931306,-0.0530759,0.007334,0
0.93231,-0.0530807,0.00733258,0
0.933311,-0.0531171,0.00731483,0
0.934375,-0.0530865,0.00732938,0
0.93542,-0.0530865,0.00732938,0
0.936431,-0.0531191,0.00731466,0
0.937433,-0.0531055,0.00730619,0
0.93852,-0.0531067,0.00730362,0
0.939392,-0.0531427,0.00729249,0
0.940346,-0.0531486,0.00728778,0
0.941348,-0.0531491,0.0072917,0
0.942477,-0.0531496,0.00728984,0
0.943427,-0.0531496,0.00729377,0
0.944365,-0.0531503,0.0072915,0
0.945369,-0.0531321,0.00731749,0
0.946579,-0.053128,0.00731697,0
0.947316,-0.053126,0.00731866,0
0.948342,-0.0531254,0.00731402,0
0.949412,-0.0531234,0.00731529,0
0.950575,-0.0531224,0.00731084,0
0.95132,-0.0531203,0.00731209,0
0.952305,-0.0531192,0.00730758,0
0.953316,-0.053117,0.00730877,0
0.954311,-0.0531159,0.00730422,0
0.955341,-0.0530964,0.00732801,0
0.956377,-0.053091,0.00732551,0
0.957327,-0.0530878,0.0073254,0
0.958307,-0.0530862,0.00731908,0
0.95934,-0.0530832,0.0073188,0
0.960362,-0.0530832,0.0073188,0
0.961303,-0.0530785,0.00731282,0
0.962344,-0.0530769,0.00730706,0
0.963349,-0.0530741,0.0073071,0
0.964317,-0.0530723,0.00730122,0
0.965358,-0.0530699,0.00730163,0
0.966354,-0.0530517,0.00731862,0
0.967339,-0.0530446,0.00732073,0
0.968326,-0.0530428,0.00731431,0
0.969338,-0.0530564,0.00732174,0
0.970324,-0.0530714,0.00729252,0
0.971389,-0.0530714,0.00729252,0
0.972528,-0.0530328,0.00729936,0
0.973336,-0.0530328,0.00729936,0
0.974333,-0.0530134,0.00729063,0
0.97532,-0.0530134,0.00729063,0
0.976343,-0.0530283,0.00729248,0
0.977298,-0.05301,0.00728395,0
0.978303,-0.0530416,0.00726386,0
0.979344,-0.0530436,0.0072618,0
0.980277,-0.0530433,0.00725719,0
0.9814,-0.0530413,0.00725869,0
0.982355,-0.0530407,0.00725419,0
0.983337,-0.0530407,0.00725419,0
0.984335,-0.0530388,0.0072554,0
0.985352,-0.0530351,0.00725067,0
0.986332,-0.0530351,0.00725067,0
0.987475,-0.0530168,0.00724421,0
0.988339,-0.0530159,0.00724133,0
0.989409,-0.0530478,0.00722335,0
0.990327,-0.053018,0.0072375,0
0.991313,-0.053018,0.0072375,0
0.992329,-0.0530293,0.00721417,0
0.993321,-0.053064,0.00719877,0
0.994318,-0.0530686,0.0071931,0
0.995313,-0.0530675,0.0071969,0
0.99638,-0.0530675,0.0071969,0
0.997309,-0.0530656,0.00719839,0
0.998344,-0.0530651,0.00719581,0
0.999351,-0.0530632,0.00719886,0
1.00037,-0.0530465,0.00721825,0
1.00133,-0.0530405,0.00722309,0
1.00234,-0.0530405,0.00722309,0
1.00334,-0.053022,0.00721125,0
1.00449,-0.0530193,0.00721241,0
1.00569,-0.0530505,0.00719309,0
1.00632,-0.0530519,0.00719216,0
1.00735,-0.0530519,0.00719216,0
1.00832,-0.0530509,0.00718875,0
1.00939,-0.0530509,0.00718875,0
1.01034,-0.0530451,0.00715881,0
1.01131,-0.0530314,0.00718135,0
1.01231,-0.0530273,0.00718187,0
1.01334,-0.0530565,0.00716856,0
1.01433,-0.0530277,0.00717781,0
1.0153,-0.0530277,0.00717781,0
1.01637,-0.0530511,0.00716415,0
1.01743,-0.053021,0.00717887,0
1.01839,-0.0530154,0.00717845,0
1.01937,-0.0530441,0.00716495,0
1.02035,-0.0530441,0.00716495,0
1.0215,-0.0530464,0.00715815,0
1.02236,-0.053012,0.00717647,0
1.02345,-0.0530375,0.00715984,0
1.02431,-0.0530553,0.00716604,0
1.02532,-0.0530224,0.00717777,0
1.02634,-0.0530142,0.00718212,0
1.0274,-0.0529804,0.00719261,0
1.02836,-0.053004,0.0071803,0
1.02946,-0.0530049,0.00717203,0
1.0305,-0.0529709,0.00718795,0
1.03158,-0.05298,0.00719202,0
1.03236,-0.0529463,0.00720678,0
1.03335,-0.05294,0.00720265,0
1.03437,-0.0529654,0.00718618,0
1.03538,-0.0529672,0.00717712,0
1.03636,-0.0529341,0.00719203,0
1.03741,-0.0529431,0.00719592,0
1.03855,-0.0529838,0.00715816,0
1.03962,-0.0529592,0.00716187,0
1.04044,-0.0529671,0.0071724,0
1.04135,-0.0529499,0.00716028,0
1.04237,-0.0529611,0.00716725,0
1.04345,-0.0529597,0.00716185,0
1.04444,-0.0529413,0.00718397,0
1.04533,-0.0529196,0.00717344,0
1.04634,-0.0528867,0.00718726,0
1.04737,-0.0528955,0.00718996,0
1.04834,-0.0529208,0.0071738,0
1.04937,-0.052936,0.00714229,0
1.05029,-0.052936,0.00714229,0
1.05158,-0.0529031,0.00715096,0
1.05273,-0.0528999,0.0071512,0
1.05405,-0.0528999,0.0071512,0
1.05469,-0.0528965,0.00714197,0
1.05537,-0.0529077,0.00714916,0
1.05638,-0.052906,0.00714305,0
1.05731,-0.0528756,0.00715806,0
1.05832,-0.0528756,0.00715806,0
1.05935,-0.0528671,0.00715315,0
1.06064,-0.0528671,0.00715315,0
1.06132,-0.0528632,0.00714517,0
1.06238,-0.0528618,0.00713858,0
1.06335,-0.0528594,0.0071379,0
1.06439,-0.0528594,0.0071379,0
1.06531,-0.0528563,0.00713125,0
1.06631,-0.052855,0.0071248,0
1.06733,-0.0528528,0.00712448,0
1.06849,-0.0528528,0.00712448,0
1.06933,-0.0528361,0.0071399,0
1.07043,-0.052832,0.00713604,0
1.07132,-0.0528296,0.00713491,0
1.07233,-0.0528288,0.0071276,0
1.0736,-0.0528266,0.00712644,0
1.07469,-0.0528258,0.00711962,0
1.07534,-0.0528241,0.00711896,0
1.07641,-0.0528096,0.00713373,0
1.07748,-0.0528096,0.00713373,0
1.07832,-0.0528295,0.00712019,0
1.07931,-0.052802,0.00712663,0
1.08033,-0.0527903,0.0071128,0
1.08137,-0.0528128,0.00709622,0
1.08233,-0.0528023,0.00710862,0
1.08332,-0.0528023,0.00710862,0
1.08433,-0.0527738,0.00712614,0
1.08529,-0.052794,0.0071062,0
1.08635,-0.0527956,0.00710187,0
1.08736,-0.0527674,0.00711125,0
1.08837,-0.0527674,0.00711125,0
1.08934,-0.05277,0.00709999,0
1.09052,-0.05277,0.00709999,0
1.09129,-0.0527917,0.00707754,0
1.09234,-0.0527693,0.00708674,0
1.09338,-0.0527881,0.00707336,0
1.09447,-0.0527881,0.00707336,0
1.09533,-0.0527783,0.00708595,0
1.09638,-0.0527518,0.00710336,0
1.09737,-0.0527714,0.00708322,0
1.09838,-0.0527734,0.00707894,0
1.09939,-0.0527516,0.00708715,0
1.10027,-0.0527512,0.00707885,0
1.10142,-0.0527512,0.00707885,0
1.10233,-0.0527726,0.00705582,0
1.10329,-0.0527726,0.00705582,0
1.10428,-0.0527499,0.00707055,0
1.10535,-0.0527467,0.00706667,0
1.10637,-0.0527677,0.00704998,0
1.10736,-0.0527502,0.00705608,0
1.10831,-0.0527338,0.00707968,0
1.10943,-0.0527526,0.00706137,0
1.11037,-0.052756,0.00705261,0
1.11162,-0.0527344,0.00706688,0
1.11234,-0.0527531,0.00704697,0
1.11332,-0.0527553,0.00704336,0
1.11436,-0.0527527,0.0070383,0
1.11532,-0.0527563,0.00702913,0
1.11635,-0.0527355,0.00704424,0
1.11734,-0.0527355,0.00704424,0
1.11836,-0.0527417,0.00704592,0
1.1193,-0.0527218,0.00705304,0
1.12035,-0.0527386,0.00703842,0
1.12132,-0.0527421,0.00702862,0
1.12232,-0.0527421,0.00702862,0
1.12333,-0.0527194,0.00703824,0
1.12439,-0.0527194,0.00703824,0
1.12531,-0.0527388,0.00702106,0
1.12632,-0.0527402,0.00701294,0
1.12728,-0.0527402,0.00701294,0
1.12826,-0.0527438,0.00700409,0
1.12939,-0.0527243,0.00701944,0
1.13039,-0.052742,0.0069997,0
1.13131,-0.0527148,0.00702764,0
1.13233,-0.0527282,0.00701594,0
1.13349,-0.0527282,0.00701594,0
1.13429,-0.0527318,0.00700629,0
1.13533,-0.05273,0.0070001,0
1.13628,-0.05273,0.0070001,0
1.13737,-0.0527325,0.00699647,0
1.13833,-0.0527148,0.00700523,0
1.13927,-0.0527313,0.00698374,0
1.14033,-0.0527313,0.00698374,0
1.14133,-0.0527164,0.006996,0
1.14234,-0.0527331,0.00697599,0
1.14343,-0.0527356,0.0069732,0
1.14433,-0.0527188,0.00698307,0
1.14548,-0.0527225,0.00698998,0
1.14634,-0.0527029,0.00699988,0
1.14731,-0.0527029,0.00699988,0
1.1483,-0.0527218,0.00697631,0
1.14935,-0.0527073,0.0069879,0
1.15072,-0.0527055,0.00698346,0
1.15143,-0.0527228,0.00696629,0
1.15233,-0.0527069,0.00697433,0
1.15328,-0.0527069,0.00697433,0
1.15436,-0.0527003,0.00698503,0
1.15529,-0.052696,0.0069833,0
1.15629,-0.0527128,0.00696551,0
1.15734,-0.0527128,0.00696551,0
1.15843,-0.0527007,0.00697083,0
1.15943,-0.0527157,0.00694884,0
1.16032,-0.0527157,0.00694884,0
1.16133,-0.0527026,0.00696111,0
1.16228,-0.0527176,0.00694228,0
1.16347,-0.0527054,0.00695054,0
1.16491,-0.0527054,0.00695054,0
1.16528,-0.0527203,0.00693008,0
1.16647,-0.0527261,0.0069216,0
1.16746,-0.052715,0.00694222,0
1.1683,-0.052715,0.00694222,0
1.16933,-0.0527113,0.00693954,0
1.17034,-0.0527155,0.0069296,0
1.17135,-0.0527155,0.0069296,0
1.17247,-0.0527005,0.0069446,0
1.17329,-0.0527147,0.00692386,0
1.17431,-0.0527174,0.00692043,0
1.17534,-0.0527163,0.00691509,0
1.17626,-0.0527055,0.00692224,0
1.17749,-0.0527183,0.00690746,0
1.17827,-0.0527183,0.00690746,0
1.17927,-0.0527076,0.00691494,0
1.18038,-0.0527076,0.00691494,0
1.18128,-0.0527214,0.0068945,0
1.18233,-0.052714,0.00691258,0
1.18329,-0.0526982,0.00692511,0
1.18427,-0.0527148,0.00690002,0
1.18545,-0.0527135,0.00690013,0
1.18635,-0.0526993,0.0069154,0
1.18732,-0.0527127,0.00689449,0
1.18832,-0.0527155,0.0068912,0
1.18934,-0.0527026,0.00690077,0
1.19047,-0.0527145,0.00688616,0
1.1915,-0.0527189,0.00687716,0
1.19241,-0.0527239,0.00688162,0
1.19333,-0.0527114,0.00689211,0
1.19448,-0.0527086,0.00689339,0
1.19533,-0.0527103,0.00688665,0
1.19644,-0.0526969,0.00690185,0
1.19737,-0.0527098,0.00688042,0
1.19836,-0.0527123,0.00687687,0
1.19932,-0.0526906,0.00690711,0
1.20034,-0.0526987,0.0068939,0
1.20141,-0.0527031,0.00688418,0
1.20233,-0.0527041,0.00688228,0
1.20337,-0.0527096,0.00687975,0
1.20434,-0.0527065,0.0068745,0
1.20532,-0.0527083,0.00686705,0
1.20691,-0.0527079,0.00686586,0
1.2074,-0.0527103,0.00685921,0
1.20835,-0.0527105,0.00685852,0
1.20963,-0.0527122,0.0068516,0
1.21074,-0.0527126,0.00685127,0
1.21134,-0.0527148,0.00684472,0
1.2124,-0.0527059,0.00686508,0
1.21332,-0.0527054,0.00686069,0
1.21433,-0.0527055,0.00685946,0
1.21535,-0.0526952,0.00687011,0
1.21631,-0.0526977,0.00687039,0
1.21733,-0.0527098,0.00685257,0
1.21832,-0.0527119,0.00683848,0
1.21934,-0.0527125,0.00683729,0
1.22038,-0.0527054,0.00685134,0
1.22131,-0.0527039,0.00685307,0
1.22235,-0.0527064,0.00684567,0
1.22331,-0.0527073,0.00684428,0
1.22488,-0.0527098,0.00683687,0
1.22531,-0.0527116,0.00683604,0
1.22639,-0.0527142,0.00682885,0
1.22744,-0.0527161,0.00682827,0
1.22832,-0.05272,0.00682139,0
1.22932,-0.0527229,0.00682114,0
1.23032,-0.0527286,0.0068146,0
1.23134,-0.0527255,0.0068356,0
1.23232,-0.0527385,0.00683175,0
1.23332,-0.0527559,0.00683922,0
1.23439,-0.052687,0.00683407,0
1.23537,-0.0527093,0.0068153,0
1.23631,-0.0527097,0.00682273,0
1.2374,-0.0527104,0.00682649,0
1.23915,-0.052706,0.00683904,0
1.23976,-0.052706,0.00683904,0
1.24076,-0.0527081,0.00683276,0
1.24135,-0.0527086,0.00683371,0
1.24232,-0.0527109,0.00682372,0
1.24334,-0.0527021,0.0068456,0
1.24437,-0.0527016,0.00683756,0
1.24531,-0.0527092,0.00683881,0
1.24633,-0.0527107,0.0068276,0
1.24731,-0.0527097,0.00682849,0
1.24832,-0.0527112,0.00681786,0
1.24932,-0.0527102,0.00681907,0
1.25031,-0.0527118,0.00680883,0
1.25134,-0.0527105,0.00681011,0
1.25233,-0.052712,0.00679988,0
1.25332,-0.0527109,0.00680159,0
1.25433,-0.0527048,0.0068123,0
1.25534,-0.0527015,0.00681613,0
1.25632,-0.0527112,0.00678826,0
1.25734,-0.0527049,0.006805,0
1.25833,-0.052705,0.00679709,0
1.25935,-0.0527119,0.00678165,0
1.26033,-0.0527153,0.00677255,0
1.26132,-0.052715,0.00677904,0
1.26233,-0.05271,0.00678377,0
1.26332,-0.0527084,0.00678486,0
1.26433,-0.0527028,0.00679485,0
1.2654,-0.0527071,0.00678154,0
1.26632,-0.0527038,0.0067861,0
1.26732,-0.0527081,0.00677253,0
1.26831,-0.0527051,0.00677741,0
1.26932,-0.0527027,0.00678096,0
1.27034,-0.0527044,0.00677074,0
1.27133,-0.0527038,0.00677204,0
1.27231,-0.0527057,0.00676168,0
1.27334,-0.0527049,0.00676337,0
1.27431,-0.0527068,0.00675325,0
1.27532,-0.0527061,0.00675514,0
1.2763,-0.052708,0.00674521,0
1.27732,-0.0527074,0.00674728,0
1.27834,-0.0527094,0.00673753,0
1.2793,-0.0527088,0.00673977,0
1.28031,-0.052704,0.00675067,0
1.28131,-0.0527016,0.00675515,0
1.28231,-0.0527039,0.006745,0
1.28331,-0.0527037,0.00674645,0
1.2843,-0.0527059,0.00673627,0
1.2853,-0.0527055,0.00673811,0
1.28636,-0.0527077,0.00672815,0
1.28733,-0.0527074,0.00673018,0
1.28838,-0.0527096,0.00672039,0
1.28934,-0.0527092,0.00672259,0
1.29033,-0.0527115,0.00671297,0
1.29134,-0.0527065,0.00673316,0
1.29242,-0.0527051,0.00672797,0
1.29338,-0.0527048,0.00673025,0
1.29437,-0.0527072,0.00671973,0
1.29532,-0.0527113,0.00670395,0
1.29637,-0.0527136,0.00670711,0
1.29737,-0.0527095,0.00671386,0
1.29837,-0.0527115,0.00670472,0
1.29931,-0.0527114,0.00670672,0
1.30033,-0.0527139,0.00669701,0
1.3013,-0.0527137,0.00669931,0
1.30239,-0.0527103,0.00671022,0
1.30331,-0.0527103,0.00671022,0
1.3044,-0.0527135,0.00670186,0
1.30532,-0.0527135,0.00670304,0
1.30634,-0.0527155,0.00669292,0
1.30744,-0.0527149,0.00669482,0
1.30833,-0.052717,0.0066849,0
1.30951,-0.052717,0.0066849,0
1.3105,-0.0527108,0.00670741,0
1.31136,-0.0527115,0.00669994,0
1.31238,-0.0527142,0.00668352,0
1.3134,-0.0527186,0.00667128,0
1.31429,-0.0527186,0.00667364,0
1.31531,-0.052721,0.00666442,0
1.31633,-0.0527186,0.00668537,0
1.31726,-0.0527236,0.00666022,0
1.31875,-0.0527236,0.00666022,0
1.3193,-0.0527263,0.00665088,0
1.32032,-0.052726,0.00665384,0
1.32135,-0.0527266,0.00666339,0
1.32228,-0.0527258,0.00665883,0
1.32331,-0.0527258,0.00665883,0
1.32459,-0.0527223,0.00668227,0
1.32547,-0.0527215,0.00665559,0
1.32643,-0.0527232,0.00665524,0
1.32734,-0.0527246,0.00666393,0
1.32829,-0.0527243,0.00665004,0
1.3293,-0.0527284,0.00663828,0
1.33031,-0.0527271,0.00665911,0
1.33168,-0.0527293,0.00663357,0
1.33233,-0.0527307,0.0066339,0
1.33338,-0.0527324,0.00664334,0
1.33437,-0.0527316,0.00662962,0
1.3357,-0.0527357,0.00661842,0
1.33644,-0.0527312,0.00664156,0
1.33743,-0.0527321,0.00663499,0
1.33834,-0.052732,0.00665609,0
1.33943,-0.0527338,0.00662984,0
1.34033,-0.0527317,0.0066321,0
1.34139,-0.0527389,0.00660281,0
1.34239,-0.0527404,0.00662167,0
1.34334,-0.0527415,0.00663401,0
1.34431,-0.05274,0.00661991,0
1.34535,-0.0527441,0.00660812,0
1.34638,-0.0527441,0.00662949,0
1.34758,-0.0527407,0.00662403,0
1.34858,-0.0527408,0.00662675,0
1.34962,-0.0527437,0.00661702,0
1.35035,-0.0527439,0.00661938,0
1.35135,-0.0527467,0.00660999,0
1.35234,-0.0527468,0.00661252,0
1.35331,-0.0527451,0.00660505,0
1.35441,-0.0527499,0.0066064,0
1.35535,-0.0527527,0.00659683,0
1.35634,-0.0527491,0.00662009,0
1.35733,-0.0527504,0.00661316,0
1.35837,-0.0527508,0.00661545,0
1.35931,-0.0527538,0.00660561,0
1.36031,-0.0527538,0.0066077,0
1.36135,-0.0527566,0.00659833,0
1.36233,-0.0527567,0.00660074,0
1.36333,-0.0527594,0.00659139,0
1.36486,-0.0527593,0.00659381,0
1.36537,-0.052762,0.00658475,0
1.3666,-0.0527587,0.00660776,0
1.36732,-0.0527601,0.00660078,0
1.36833,-0.0527605,0.00660302,0
1.36934,-0.0527584,0.00659502,0
1.37033,-0.0527641,0.00659585,0
1.37141,-0.0527672,0.00658597,0
1.3724,-0.0527673,0.00658834,0
1.37335,-0.0527699,0.00657895,0
1.37433,-0.0527646,0.00658294,0
1.37565,-0.0527706,0.00655396,0
1.37641,-0.0527718,0.00659364,0
1.3778,-0.0527719,0.00658895,0
1.37874,-0.0527723,0.00659149,0
1.37932,-0.0527754,0.00658141,0
1.38032,-0.0527755,0.00658349,0
1.38178,-0.0527782,0.00657389,0
1.38234,-0.0527783,0.00657632,0
1.38343,-0.0527809,0.00656675,0
1.38439,-0.0527778,0.00655045,0
1.38534,-0.0527835,0.0065581,0
1.38634,-0.0527822,0.00656303,0
1.38731,-0.0527848,0.00655424,0
1.38838,-0.0527824,0.0065771,0
1.38934,-0.052784,0.00657025,0
1.3908,-0.0527844,0.00657253,0
1.39131,-0.0527873,0.00656273,0
1.39274,-0.0527873,0.00656273,0
1.39363,-0.0527902,0.00655548,0
1.39462,-0.0527902,0.00655788,0
1.39572,-0.0527929,0.00654858,0
1.39631,-0.0527928,0.00655101,0
1.39737,-0.0527955,0.00654186,0
1.39843,-0.0527954,0.00654457,0
1.39937,-0.0527979,0.00653555,0
1.40031,-0.0527979,0.00653851,0
1.40133,-0.0527979,0.00653851,0
1.40233,-0.052793,0.0065356,0
1.40333,-0.0528021,0.00654394,0
1.40432,-0.0528012,0.00654845,0
1.40533,-0.0528042,0.00653954,0
1.40634,-0.0528043,0.00654174,0
1.40732,-0.052802,0.00651342,0
1.40834,-0.0528085,0.00653365,0
1.40936,-0.0528099,0.00652672,0
1.4103,-0.0528046,0.00651021,0
1.41134,-0.0528141,0.00651907,0
1.41232,-0.0528128,0.00652421,0
1.4133,-0.0528141,0.00653596,0
1.4146,-0.0528133,0.0065408,0
1.4155,-0.0528163,0.00653147,0
1.41632,-0.0528167,0.00653364,0
1.41731,-0.0528194,0.00652427,0
1.41859,-0.0528195,0.00652675,0
1.41991,-0.0528222,0.00651755,0
1.42034,-0.0528221,0.00652018,0
1.42134,-0.052824,0.00651428,0
1.42234,-0.0528261,0.00650783,0
1.42338,-0.052826,0.00651088,0
1.42432,-0.0528285,0.00650206,0
1.42536,-0.0528284,0.00650502,0
1.42641,-0.0528302,0.00651658,0
1.4273,-0.0528294,0.00652173,0
1.42838,-0.0528294,0.00652173,0
1.42946,-0.0528329,0.00651499,0
1.43044,-0.0528357,0.00650595,0
1.43141,-0.0528358,0.00650847,0
1.43248,-0.0528314,0.00648008,0
1.43335,-0.0528399,0.00650071,0
1.43433,-0.0528409,0.00651437,0
1.43535,-0.0528409,0.00649941,0
1.43634,-0.0528448,0.00648797,0
1.43732,-0.0528443,0.00651084,0
1.43833,-0.0528461,0.00650443,0
1.43932,-0.0528465,0.00650706,0
1.44035,-0.0528495,0.00649775,0
1.44136,-0.0528497,0.00650029,0
1.44231,-0.0528497,0.00650029,0
1.44334,-0.0528526,0.00649397,0
1.44439,-0.0528553,0.0064851,0
1.44532,-0.0528553,0.00648791,0
1.44648,-0.0528553,0.00648791,0
1.44741,-0.052858,0.00649954,0
1.44838,-0.0528576,0.00650447,0
1.44944,-0.0528524,0.00647574,0
1.45048,-0.0528625,0.00649622,0
1.45139,-0.052856,0.0064902,0
1.45243,-0.0528567,0.00647279,0
1.4534,-0.0528524,0.0064626,0
1.45432,-0.0528708,0.00648565,0
1.45562,-0.0528639,0.00647909,0
1.45684,-0.0528643,0.00646245,0
1.45752,-0.0528769,0.00645137,0
1.45835,-0.0528766,0.00647448,0
1.45933,-0.0528873,0.00648889,0
1.46035,-0.0528768,0.00647333,0
1.46137,-0.0528803,0.00646224,0
1.46238,-0.0528798,0.00646474,0
1.46334,-0.0528917,0.00647643,0
1.46438,-0.0528805,0.00646112,0
1.46536,-0.0528838,0.00645051,0
1.46644,-0.0528832,0.00645339,0
1.46734,-0.0528854,0.00644527,0
1.46843,-0.052885,0.00644867,0
1.4694,-0.0528873,0.00644052,0
1.47035,-0.0528881,0.00646415,0
1.47137,-0.0529006,0.00647861,0
1.47238,-0.0528893,0.00646293,0
1.47335,-0.0528932,0.00645187,0
1.47434,-0.0529036,0.00647474,0
1.47539,-0.0528943,0.00644781,0
1.47635,-0.0528952,0.0064488,0
1.47737,-0.0528976,0.00644013,0
1.47834,-0.0528974,0.00644357,0
1.47935,-0.0528999,0.00643541,0
1.48036,-0.0528998,0.00643883,0
1.48136,-0.0529022,0.00643075,0
1.48238,-0.0529037,0.0064545,0
1.48338,-0.0529061,0.00644859,0
1.48437,-0.0529067,0.00645175,0
1.48535,-0.0529097,0.00644308,0
1.48655,-0.0529099,0.00644613,0
1.48743,-0.0529126,0.00643771,0
1.48833,-0.0529127,0.00644088,0
1.48941,-0.0529153,0.00643257,0
1.49044,-0.0529153,0.00643584,0
1.49138,-0.0529179,0.00642765,0
1.4924,-0.0529198,0.00645126,0
1.4935,-0.0529225,0.00644524,0
1.49435,-0.0529232,0.00644829,0
1.49556,-0.0529262,0.00643955,0
1.49638,-0.0529265,0.0064425,0
1.49731,-0.0529294,0.00643393,0
1.49843,-0.0529422,0.00645741,0
1.4996,-0.0529312,0.00643021,0
1.50032,-0.0529321,0.00643125,0
1.50135,-0.0529345,0.00642265,0
1.50232,-0.0529344,0.0064261,0
1.50338,-0.0529369,0.00641801,0
1.50438,-0.0529394,0.00644168,0
1.50534,-0.0529422,0.00643575,0
1.50634,-0.0529429,0.00643887,0
1.50741,-0.0529459,0.00643023,0
1.50833,-0.0529461,0.00643323,0
1.50933,-0.052949,0.00642476,0
1.51066,-0.0529628,0.00644843,0
1.51134,-0.0529508,0.00642117,0
1.51234,-0.0529517,0.00642228,0
1.51331,-0.0529541,0.00641376,0
1.51433,-0.0529539,0.00641724,0
1.51539,-0.0529564,0.00640923,0
1.51635,-0.0529563,0.00641269,0
1.51733,-0.0529619,0.006425,0
1.51832,-0.0529623,0.00643064,0
1.51933,-0.0529656,0.00642235,0
1.52033,-0.0529805,0.00644587,0
1.52134,-0.0529679,0.00641847,0
1.52234,-0.0529689,0.00641945,0
1.52332,-0.052986,0.0064316,0
1.52445,-0.0529702,0.00641583,0
1.52532,-0.0529736,0.00640566,0
1.52631,-0.0529733,0.0064087,0
1.52732,-0.0529758,0.00640088,0
1.5283,-0.0529756,0.00640441,0
1.52932,-0.0529781,0.00639657,0
1.5303,-0.0529816,0.00642042,0
1.53131,-0.0529848,0.00641475,0
1.53231,-0.0529855,0.00641807,0
1.5333,-0.0529885,0.0064097,0
1.5343,-0.0529887,0.00641289,0
1.53531,-0.0529914,0.00640475,0
1.53632,-0.0529914,0.00640803,0
1.53734,-0.0529941,0.00639999,0
1.53834,-0.0529941,0.00640337,0
1.53932,-0.0529966,0.00639543,0
1.54031,-0.0529965,0.00639891,0
1.54132,-0.052999,0.00639107,0
1.54231,-0.0529988,0.00639463,0
1.54331,-0.0530054,0.00640712,0
1.5443,-0.0530061,0.00641286,0
1.54531,-0.0530094,0.00640485,0
1.54631,-0.0530097,0.0064079,0
1.54732,-0.0530125,0.00639976,0
1.54831,-0.0530126,0.00640302,0
1.54933,-0.0530152,0.006395,0
1.55032,-0.0530151,0.00639835,0
1.55131,-0.0530177,0.00639043,0
1.55234,-0.0530176,0.00639389,0
1.55331,-0.0530201,0.00638607,0
1.55432,-0.0530245,0.00640985,0
1.55531,-0.0530281,0.00640424,0
1.5563,-0.0530288,0.00640754,0
1.55733,-0.0530318,0.00639925,0
1.55832,-0.053032,0.00640241,0
1.55935,-0.0530347,0.00639435,0
1.56032,-0.0530347,0.00639762,0
1.56135,-0.0530373,0.00638966,0
1.56229,-0.053042,0.00641326,0
1.56333,-0.053041,0.00638729,0
1.56433,-0.0530405,0.00638832,0
1.56535,-0.0530425,0.00638023,0
1.56632,-0.0530472,0.00640414,0
1.56732,-0.0530509,0.00639862,0
1.56831,-0.0530516,0.00640196,0
1.56931,-0.0530545,0.00639376,0
1.5703,-0.0530546,0.00639695,0
1.57144,-0.0530572,0.00638897,0
1.57233,-0.0530572,0.00639228,0
1.57339,-0.0530572,0.00639228,0
1.57433,-0.0530459,0.00638678,0
1.57537,-0.0530506,0.00637965,0
1.57633,-0.0530651,0.00638444,0
1.57742,-0.0530716,0.00639662,0
1.5783,-0.0530716,0.00639662,0
1.57933,-0.0530869,0.00640352,0
1.5803,-0.0530869,0.00640352,0
1.58143,-0.0530869,0.00639749,0
1.5823,-0.053088,0.00639143,0
1.5834,-0.0530813,0.00637425,0
1.58439,-0.0530616,0.00634277,0
1.58534,-0.0530602,0.00634457,0
1.58634,-0.0530812,0.00635977,0
1.58733,-0.053059,0.00634375,0
1.58835,-0.0530614,0.00633495,0
1.58935,-0.0530862,0.00638156,0
1.59047,-0.0530685,0.00635649,0
1.59132,-0.0530695,0.00635864,0
1.59232,-0.0530921,0.00637309,0
1.59362,-0.0530764,0.00637701,0
1.59439,-0.0530542,0.00632806,0
1.59532,-0.053074,0.00634988,0
1.59636,-0.053075,0.00634484,0
1.59731,-0.0530749,0.00634955,0
1.59831,-0.053077,0.00634263,0
1.59931,-0.0530613,0.00634497,0
1.6003,-0.0530817,0.00634076,0
1.60133,-0.0530857,0.00636488,0
1.60237,-0.0530857,0.00636488,0
1.60336,-0.0531061,0.00636607,0
1.60438,-0.0531061,0.00636607,0
1.60534,-0.0531058,0.00635814,0
1.60632,-0.0530895,0.00635998,0
1.60731,-0.0530895,0.00635998,0
1.60833,-0.0531092,0.00635499,0
1.60943,-0.0531,0.00633807,0
1.61031,-0.0531,0.00633807,0
1.61134,-0.0530922,0.00630841,0
1.6123,-0.0530922,0.00630841,0
1.61332,-0.0530715,0.00630211,0
1.61432,-0.0530724,0.00630768,0
1.61533,-0.0530739,0.00630187,0
1.6163,-0.05305,0.00628409,0
1.61736,-0.0530755,0.00629975,0
1.6183,-0.0530741,0.00630702,0
1.61935,-0.0530765,0.00630165,0
1.62033,-0.0530759,0.0063067,0
1.6213,-0.0530777,0.0063009,0
1.62232,-0.0530771,0.00630605,0
1.62354,-0.0530771,0.00630605,0
1.62445,-0.0530613,0.00630256,0
1.62535,-0.053074,0.00631762,0
1.62644,-0.053095,0.00632825,0
1.62732,-0.0530957,0.00632202,0
1.62832,-0.053096,0.00632661,0
1.62932,-0.0530986,0.00632039,0
1.63033,-0.0530987,0.00632505,0
1.63133,-0.0531013,0.00631891,0
1.63232,-0.0531013,0.00632361,0
1.63334,-0.0531039,0.00631751,0
1.63426,-0.0531039,0.00631751,0
1.63546,-0.0531132,0.0063378,0
1.6363,-0.053117,0.00634277,0
1.63738,-0.0531203,0.00633617,0
1.63831,-0.0531208,0.00634053,0
1.63931,-0.0531418,0.00633668,0
1.64038,-0.0531201,0.00633772,0
1.64135,-0.0531261,0.00633191,0
1.6425,-0.0531446,0.00633893,0
1.64338,-0.0531446,0.00633893,0
1.64434,-0.0531434,0.00633188,0
1.64539,-0.0531551,0.0063519,0
1.64631,-0.0531304,0.00633311,0
1.64734,-0.0531587,0.00634714,0
1.64831,-0.0531583,0.00635342,0
1.64931,-0.0531351,0.00632409,0
1.6503,-0.0531611,0.00634899,0
1.65133,-0.0531633,0.00634467,0
1.6523,-0.0531631,0.00634859,0
1.65332,-0.0531654,0.00634188,0
1.65431,-0.0531652,0.00634592,0
1.65537,-0.0531674,0.00633941,0
1.65632,-0.0531669,0.00634354,0
1.65733,-0.0531501,0.00633437,0
1.65827,-0.0531812,0.00636226,0
1.65936,-0.0531845,0.00635777,0
1.66035,-0.0531584,0.00633889,0
1.66131,-0.053188,0.00635317,0
1.66229,-0.053188,0.00635935,0
1.66335,-0.0531637,0.00633013,0
1.66431,-0.0531639,0.00633235,0
1.66528,-0.0531938,0.00634941,0
1.66639,-0.0531936,0.00635561,0
1.66731,-0.0531692,0.00632632,0
1.66831,-0.0531967,0.00635134,0
1.66932,-0.0532051,0.00636723,0
1.67037,-0.053184,0.00635081,0
1.67134,-0.0532154,0.00636523,0
1.67229,-0.0532154,0.00636523,0
1.67337,-0.0531912,0.00634184,0
1.67433,-0.0531912,0.00634184,0
1.67528,-0.0532203,0.00636199,0
1.67636,-0.0531932,0.00634288,0
1.67732,-0.0531932,0.00634288,0
1.67829,-0.0532235,0.00635761,0
1.6793,-0.0531956,0.00634036,0
1.68028,-0.053227,0.00636016,0
1.6813,-0.053227,0.00636016,0
1.6823,-0.0532154,0.00635936,0
1.68334,-0.0532154,0.00635936,0
1.68433,-0.0532192,0.00635417,0
1.68535,-0.0532527,0.00637288,0
1.68641,-0.0532535,0.00637815,0
1.68739,-0.0532268,0.00634935,0
1.68843,-0.0532555,0.00637323,0
1.68931,-0.053257,0.00636969,0
1.69032,-0.0532279,0.00634973,0
1.69139,-0.0532297,0.00634244,0
1.69243,-0.0532293,0.00634507,0
1.69337,-0.0532607,0.00636384,0
1.69436,-0.0532414,0.00636351,0
1.69536,-0.0532438,0.00635859,0
1.69642,-0.0532444,0.0063602,0
1.69735,-0.053247,0.00635522,0
1.69835,-0.0532776,0.00638007,0
1.69966,-0.0532495,0.00635358,0
1.70045,-0.053251,0.00635365,0
1.70138,-0.053283,0.00637172,0
1.70238,-0.053283,0.00637511,0
1.70335,-0.053255,0.00634693,0
1.70435,-0.0532556,0.00634672,0
1.70548,-0.0532387,0.00633793,0
1.70635,-0.0532703,0.00636364,0
1.70736,-0.0532737,0.00636117,0
1.70832,-0.0532761,0.00636348,0
1.70941,-0.0532794,0.00635893,0
1.71082,-0.0532808,0.00636092,0
1.71173,-0.0532837,0.00635649,0
1.71231,-0.0532849,0.00635851,0
1.71399,-0.0532878,0.00635412,0
1.71437,-0.0532886,0.00635616,0
1.71537,-0.0532911,0.0063518,0
1.71634,-0.0532727,0.00634928,0
1.71734,-0.0532955,0.0063503,0
1.71834,-0.0533087,0.00637091,0
1.71937,-0.0533119,0.0063688,0
1.72035,-0.0533141,0.00637099,0
1.72163,-0.0533174,0.00636651,0
1.72234,-0.0533191,0.00636855,0
1.72332,-0.0533219,0.00636415,0
1.72434,-0.0533231,0.0063662,0
1.72532,-0.0533264,0.00636202,0
1.72632,-0.0533273,0.0063641,0
1.72733,-0.0533294,0.00635972,0
1.72832,-0.0533301,0.00636184,0
1.72931,-0.0533005,0.00633415,0
1.73031,-0.0533012,0.00633495,0
1.73131,-0.0533479,0.00637313,0
1.73231,-0.0533494,0.00637957,0
1.73332,-0.0533536,0.00637568,0
1.73434,-0.0533536,0.00637568,0
1.73562,-0.0533777,0.00637797,0
1.73655,-0.0533584,0.00637461,0
1.73731,-0.0533279,0.00634713,0
1.73834,-0.0533614,0.00637113,0
1.73936,-0.053363,0.00637033,0
1.74031,-0.0533656,0.00636782,0
1.74131,-0.0533794,0.00638857,0
1.74229,-0.0533825,0.00638634,0
1.74359,-0.0533848,0.00638866,0
1.7443,-0.0533848,0.00638866,0
1.74531,-0.0533744,0.00636705,0
1.74634,-0.0533758,0.00636089,0
1.74738,-0.0534083,0.00638655,0
1.74833,-0.0534091,0.00638374,0
1.74939,-0.0533757,0.00636187,0
1.75032,-0.0533757,0.00636187,0
1.7514,-0.0534228,0.00640135,0
1.75232,-0.0533915,0.00637515,0
1.75331,-0.053426,0.00639879,0
1.75436,-0.0534283,0.0063962,0
1.75535,-0.0534286,0.00639789,0
1.75635,-0.0534286,0.00639789,0
1.75733,-0.0534303,0.00639311,0
1.75832,-0.0534304,0.00639492,0
1.75952,-0.0534316,0.00639025,0
1.76035,-0.0533979,0.0063687,0
1.76147,-0.0533793,0.00635774,0
1.76266,-0.0533995,0.00636581,0
1.76338,-0.0534018,0.00636193,0
1.76438,-0.0534364,0.00638873,0
1.76548,-0.0534171,0.00638053,0
1.76636,-0.0534183,0.00638345,0
1.76738,-0.053421,0.0063794,0
1.76838,-0.053422,0.00638204,0
1.76956,-0.0534244,0.00637818,0
1.77038,-0.053425,0.00638079,0
1.77135,-0.0534271,0.00637692,0
1.77272,-0.0534276,0.00637951,0
1.77372,-0.0534294,0.00637564,0
1.7744,-0.053409,0.00637259,0
1.77535,-0.0534116,0.00636936,0
1.77691,-0.0534116,0.00636936,0
1.77776,-0.0533819,0.00634728,0
1.77847,-0.0534714,0.00641396,0
1.77934,-0.0534234,0.00637325,0
1.78035,-0.0534775,0.00641557,0
1.7814,-0.0534292,0.00637301,0
1.7827,-0.0534292,0.00637301,0
1.78333,-0.0534479,0.0063901,0
1.78433,-0.0534641,0.00640908,0
1.78528,-0.0534538,0.00638966,0
1.78637,-0.0534344,0.00638504,0
1.78733,-0.0534949,0.00641138,0
1.78831,-0.0534746,0.00640948,0
1.78932,-0.0534991,0.00641392,0
1.7906,-0.0534991,0.00641392,0
1.79131,-0.0534798,0.00640738,0
1.79232,-0.0535031,0.00640933,0
1.79342,-0.0535242,0.00641698,0
1.79436,-0.0535027,0.00640615,0
1.79533,-0.0535013,0.00640836,0
1.79633,-0.0535228,0.00640962,0
1.79733,-0.0534995,0.00640524,0
1.79832,-0.0534995,0.00640524,0
1.79935,-0.0534781,0.00639751,0
1.80038,-0.053517,0.00641809,0
1.80134,-0.0534647,0.00638004,0
1.80232,-0.0534647,0.00638004,0
1.80333,-0.053519,0.00642106,0
1.80436,-0.0535218,0.00641754,0
1.80525,-0.0535218,0.00641976,0
1.80631,-0.0534866,0.00639177,0
1.80732,-0.0534653,0.00638703,0
1.80832,-0.0535259,0.00641386,0
1.80929,-0.0535269,0.00641822,0
1.81046,-0.05349,0.00638987,0
1.81135,-0.05349,0.00638987,0
1.81243,-0.053568,0.00643782,0
1.81334,-0.0535458,0.0064353,0
1.8143,-0.0535458,0.0064353,0
1.81533,-0.0535485,0.00643366,0
1.81631,-0.0535502,0.00642958,0
1.81747,-0.0535502,0.00642958,0
1.81849,-0.0535126,0.00640812,0
1.81948,-0.0534928,0.00639685,0
1.82033,-0.0535148,0.00640632,0
1.82137,-0.053517,0.00640247,0
1.82236,-0.0535164,0.0064055,0
1.82334,-0.0535575,0.00642673,0
1.82431,-0.0535576,0.0064311,0
1.82539,-0.0535593,0.00642731,0
1.82637,-0.0535587,0.00642962,0
1.82735,-0.0535595,0.0064255,0
1.82832,-0.0535586,0.00642792,0
1.82952,-0.0535596,0.00642391,0
1.83039,-0.0535978,0.00645078,0
1.83132,-0.0535591,0.00642359,0
1.83234,-0.0535585,0.00642456,0
1.83334,-0.0535978,0.00644472,0
1.83433,-0.0374164,0.0129009,0
1.83534,-0.0425802,0.014388,0
1.83632,-0.0478376,0.0148359,0
1.83744,-0.0517401,0.0157759,0
1.83831,-0.0511213,0.0158172,0
1.83932,-0.051062,0.0157129,0
1.84033,-0.051875,0.0129647,0
1.84134,-0.0530492,0.00888518,0
1.84231,-0.0531103,0.00863762,0
1.84358,-0.0531749,0.00857814,0
1.84438,-0.0531939,0.00852882,0
1.84537,-0.0532161,0.00847954,0
1.84639,-0.0532426,0.00842033,0
1.8473,-0.0532874,0.0083824,0
1.84836,-0.0532874,0.0083824,0
1.84944,-0.0533502,0.00829035,0
1.85028,-0.0533303,0.00824475,0
1.85131,-0.0534056,0.0081699,0
1.85244,-0.0534344,0.00811328,0
1.85327,-0.0534132,0.00806106,0
1.85426,-0.0534835,0.00799783,0
1.85532,-0.0534636,0.00794476,0
1.85627,-0.0535569,0.0078277,0
1.8573,-0.0535796,0.00777792,0
1.85829,-0.0535731,0.00774453,0
1.85933,-0.0535463,0.00770272,0
1.86033,-0.0535463,0.00770272,0
1.86135,-0.0536574,0.00764464,0
1.86238,-0.0536516,0.00755104,0
1.8633,-0.0537093,0.00750972,0
1.8644,-0.0537093,0.00750972,0
1.86543,-0.0537263,0.00746314,0
1.86634,-0.0536947,0.00742252,0
1.86733,-0.053707,0.00737804,0
1.86828,-0.0537621,0.00734468,0
1.86931,-0.0537406,0.00726144,0
1.87031,-0.0537406,0.00726144,0
1.87127,-0.0537805,0.00721006,0
1.87227,-0.0538322,0.007186,0
1.87329,-0.053843,0.00715078,0
1.87426,-0.053843,0.00715078,0
1.87543,-0.053807,0.00711519,0
1.8763,-0.0538562,0.00708901,0
1.87733,-0.0538392,0.00707223,0
1.87837,-0.0538273,0.00702426,0
1.87932,-0.0538321,0.0069977,0
1.88039,-0.0538139,0.00697529,0
1.88138,-0.053885,0.00695697,0
1.88237,-0.0538486,0.00691644,0
1.8833,-0.0538705,0.00691229,0
1.88441,-0.0539188,0.0068997,0
1.88571,-0.0538798,0.00686847,0
1.88657,-0.0538837,0.00684249,0
1.88751,-0.0538853,0.00682413,0
1.88834,-0.0538889,0.0068001,0
1.88933,-0.0538908,0.00678332,0
1.89036,-0.0539369,0.00677498,0
1.89137,-0.053895,0.00674553,0
1.89242,-0.0538967,0.0067233,0
1.89368,-0.0538733,0.00671145,0
1.89445,-0.0539184,0.00670748,0
1.89584,-0.0539211,0.0066953,0
1.89633,-0.0539245,0.00667628,0
1.8974,-0.0539255,0.00666414,0
1.89841,-0.053971,0.00666262,0
1.89939,-0.053928,0.00663528,0
1.90036,-0.0539288,0.00661708,0
1.90135,-0.0539712,0.00662394,0
1.90232,-0.0539289,0.00659058,0
1.90338,-0.0539703,0.0065978,0
1.9045,-0.0539272,0.00656471,0
1.90563,-0.0539458,0.00657266,0
1.90643,-0.0539467,0.00655963,0
1.90734,-0.0539473,0.006552,0
1.90854,-0.0539483,0.00653964,0
1.90945,-0.0539932,0.00654649,0
1.91049,-0.0539695,0.00653899,0
1.91185,-0.0539071,0.00649043,0
1.91252,-0.0539507,0.00650112,0
1.91346,-0.0539539,0.00649056,0
1.91445,-0.0539572,0.00648658,0
1.9153,-0.0539992,0.00649944,0
1.91637,-0.054331,0.00659021,0
1.91732,-0.0545984,0.00662464,0
1.91845,-0.0548962,0.00670891,0
1.91932,-0.0550454,0.00675415,0
1.92039,-0.055079,0.00675622,0
1.92135,-0.0551274,0.00676352,0
1.9224,-0.055191,0.00679162,0
1.92339,-0.055168,0.00677195,0
1.92437,-0.0551578,0.00676983,0
1.92535,-0.055148,0.00676131,0
1.9264,-0.0551583,0.00677736,0
1.92736,-0.0551269,0.00675235,0
1.92834,-0.0551354,0.00676543,0
1.92944,-0.0551229,0.0067571,0
1.93042,-0.0551089,0.0067535,0
1.93131,-0.0550949,0.0067425,0
1.93237,-0.0550782,0.00673784,0
1.93342,-0.0550623,0.00672614,0
1.93433,-0.055044,0.00672086,0
1.93533,-0.0550266,0.00670864,0
1.93631,-0.055007,0.00670292,0
1.93738,-0.0549885,0.00669033,0
1.93838,-0.054968,0.00668432,0
1.93931,-0.0549488,0.00667152,0
1.94037,-0.0549501,0.00668326,0
1.9414,-0.0549324,0.00667264,0
1.94243,-0.0549135,0.00666693,0
1.94334,-0.0548953,0.00665423,0
1.94439,-0.0548751,0.00664822,0
1.94532,-0.0548563,0.0066355,0
1.94632,-0.054836,0.00662954,0
1.94742,-0.0548465,0.00663502,0
1.94835,-0.0547964,0.00661178,0
1.94932,-0.0547771,0.00659989,0
1.95046,-0.0547877,0.00660726,0
1.95133,-0.0547364,0.00658385,0
1.95233,-0.0547173,0.00657035,0
1.95333,-0.054719,0.00658225,0
1.95433,-0.0547021,0.00657247,0
1.95533,-0.0546843,0.00656769,0
1.95634,-0.0546676,0.00655611,0
1.95733,-0.0546492,0.00655126,0
1.95831,-0.0546323,0.00653985,0
1.95937,-0.0546139,0.00653517,0
1.96035,-0.0545972,0.00652396,0
1.96133,-0.0545789,0.00651947,0
1.96243,-0.0545627,0.00650855,0
1.96332,-0.0545799,0.00652498,0
1.96433,-0.0545522,0.0065122,0
1.96533,-0.0545365,0.0065092,0
1.96646,-0.0545226,0.00649892,0
1.96732,-0.054507,0.00649547,0
1.96832,-0.054493,0.00648549,0
1.9693,-0.0544777,0.00648225,0
1.97032,-0.0544635,0.00647237,0
1.97133,-0.054448,0.00646923,0
1.97231,-0.0544343,0.00645961,0
1.9733,-0.054419,0.00645667,0
1.97433,-0.0544055,0.00644726,0
1.97536,-0.0543905,0.00644454,0
1.97635,-0.054401,0.00645285,0
1.9774,-0.0543884,0.00645263,0
1.97842,-0.0543782,0.00644425,0
1.97931,-0.0543657,0.00644227,0
1.98039,-0.0543547,0.0064338,0
1.98132,-0.0543257,0.00642684,0
1.98232,-0.0543163,0.00641966,0
1.98342,-0.054289,0.00641332,0
1.98435,-0.0543379,0.00643494,0
1.98532,-0.0542754,0.00641531,0
1.98634,-0.0543054,0.00642753,0
1.98733,-0.0543054,0.00642753,0
1.9883,-0.0542644,0.00641388,0
1.98931,-0.0542962,0.00643678,0
1.99032,-0.0542875,0.00643254,0
1.99131,-0.0542364,0.00640305,0
1.99233,-0.0542678,0.00642474,0
1.99342,-0.0542678,0.00642474,0
1.99438,-0.0540947,0.00640646,0
1.99537,-0.0530729,0.00635632,0
1.99651,-0.0530729,0.00635632,0
1.99728,-0.0525137,0.0063653,0
1.99839,-0.0525621,0.00639465,0
1.99932,-0.0526516,0.00641637,0
2.00029,-0.0526499,0.00642539,0
2.00132,-0.0526266,0.00642527,0
2.00233,-0.0525944,0.00643334,0
2.00346,-0.0525639,0.00643246,0
2.00433,-0.0525316,0.00644009,0
2.00532,-0.0525018,0.00643861,0
2.00643,-0.0524987,0.00644287,0
2.00738,-0.0524861,0.00644061,0
2.00831,-0.0524844,0.00644464,0
2.00932,-0.0524419,0.00644505,0
2.01047,-0.0524419,0.00644505,0
2.01133,-0.0524315,0.00647349,0
2.01259,-0.0524204,0.00648194,0
2.01365,-0.0524,0.00647907,0
2.0143,-0.0524,0.00647907,0
2.01538,-0.0523444,0.00648114,0
2.01642,-0.0523161,0.00648693,0
2.01733,-0.0522916,0.00648281,0
2.01832,-0.0522645,0.0064884,0
2.01933,-0.0522417,0.00648418,0
2.02033,-0.0521295,0.00646695,0
2.02131,-0.052194,0.00648489,0
2.0223,-0.0522231,0.00648923,0
2.02336,-0.0523114,0.00650738,0
2.02432,-0.0524082,0.00652138,0
2.02531,-0.052508,0.00652449,0
2.02632,-0.0525704,0.00652218,0
2.02734,-0.0526313,0.00652584,0
2.02851,-0.0526936,0.00651871,0
2.02931,-0.0527963,0.00652708,0
2.03047,-0.0528062,0.0065113,0
2.0314,-0.0528517,0.00651297,0
2.03232,-0.0528971,0.0065056,0
2.03339,-0.0529639,0.00652283,0
2.03433,-0.053004,0.00651809,0
2.03532,-0.0530445,0.00651889,0
2.03632,-0.0530838,0.00651176,0
2.03731,-0.0531637,0.00651842,0
2.03832,-0.053198,0.00650979,0
2.03942,-0.0531825,0.0065019,0
2.04042,-0.0532129,0.00649479,0
2.04134,-0.053239,0.00649432,0
2.04233,-0.0533351,0.00651092,0
2.04331,-0.0533167,0.00650438,0
2.04433,-0.0533843,0.0065052,0
2.04537,-0.0533843,0.0065052,0
2.04633,-0.0533891,0.00649032,0
2.04742,-0.0534108,0.00648985,0
2.04834,-0.0534744,0.00649041,0
2.04937,-0.053453,0.0064812,0
2.05042,-0.0535119,0.00648219,0
2.05131,-0.0535295,0.00648062,0
2.05234,-0.0535457,0.00647277,0
2.05332,-0.0535216,0.00646353,0
2.05431,-0.0536025,0.00648163,0
2.05537,-0.0535812,0.0064742,0
2.05633,-0.0535996,0.00646856,0
2.05731,-0.0536534,0.00647708,0
2.05835,-0.0536687,0.00646982,0
2.05942,-0.0536439,0.00646086,0
2.0606,-0.0536582,0.0064548,0
2.06131,-0.0536582,0.0064548,0
2.06231,-0.0536861,0.00644887,0
2.06332,-0.0537348,0.0064583,0
2.06433,-0.0537106,0.00644199,0
2.06532,-0.0537559,0.00645181,0
2.06633,-0.053768,0.00644464,0
2.06744,-0.0538019,0.00646091,0
2.06832,-0.053813,0.00645641,0
2.06931,-0.0537876,0.00644754,0
2.07043,-0.0538327,0.00645346,0
2.07133,-0.0538086,0.00643913,0
2.07234,-0.0538515,0.00645044,0
2.07336,-0.0538614,0.00644414,0
2.07432,-0.0538338,0.00643508,0
2.07531,-0.0538763,0.00643983,0
2.07631,-0.0538836,0.00644036,0
2.0775,-0.0538902,0.00643441,0
2.07833,-0.0538613,0.00642491,0
2.07934,-0.0538689,0.00642009,0
2.08031,-0.0538689,0.00642009,0
2.08141,-0.0539466,0.00644517,0
2.08234,-0.0539208,0.00643733,0
2.08331,-0.0539308,0.0064339,0
2.08441,-0.0538776,0.00640929,0
2.08533,-0.0538518,0.00639348,0
2.08644,-0.0538916,0.00640712,0
2.08733,-0.0538996,0.0064025,0
2.08832,-0.0540015,0.00644415,0
2.08942,-0.0540089,0.00644043,0
2.09032,-0.0540108,0.00644139,0
2.09144,-0.0540108,0.00644139,0
2.09255,-0.054042,0.00645219,0
2.09334,-0.053987,0.00642846,0
2.09434,-0.0539605,0.00641195,0
2.09534,-0.0539605,0.00641195,0
2.09649,-0.0540566,0.00645333,0
2.09736,-0.0540364,0.00643335,0
2.09845,-0.0540067,0.00641686,0
2.0994,-0.0540067,0.00641686,0
2.10033,-0.0539807,0.00640296,0
2.10138,-0.0540423,0.00642413,0
2.10233,-0.0540118,0.00641562,0
2.1034,-0.0540758,0.00643989,0
2.10431,-0.05408,0.00644386,0
2.10531,-0.0540246,0.00641179,0
2.10632,-0.0540256,0.0064129,0
2.10733,-0.0540884,0.00643692,0
2.10835,-0.0540313,0.0064127,0
2.10928,-0.0540955,0.00643862,0
2.11032,-0.0540955,0.00643862,0
2.11143,-0.0540396,0.00640772,0
2.11234,-0.0540408,0.00640945,0
2.11353,-0.0541312,0.00645197,0
2.11438,-0.0540774,0.00642486,0
2.11536,-0.0541395,0.00645535,0
2.11638,-0.0540854,0.00642526,0
2.11746,-0.0540873,0.0064276,0
2.11837,-0.0540907,0.00642428,0
2.11929,-0.0541527,0.00645644,0
2.12028,-0.054158,0.0064565,0
2.12134,-0.054158,0.0064565,0
2.1223,-0.0541624,0.00645471,0
2.12334,-0.0541044,0.00642945,0
2.12432,-0.0541936,0.00646901,0
2.12529,-0.0541987,0.00647614,0
2.12636,-0.0541455,0.00644721,0
2.12728,-0.0542079,0.00647285,0
2.12837,-0.0541511,0.00644925,0
2.12933,-0.0541537,0.00644519,0
2.13044,-0.0541537,0.00644519,0
2.13135,-0.054154,0.00644852,0
2.13233,-0.0541581,0.00644961,0
2.13328,-0.0541581,0.00644961,0
2.13451,-0.0542205,0.00647569,0
2.1354,-0.0541628,0.00645177,0
2.13632,-0.0542235,0.0064761,0
2.1373,-0.0542544,0.00649707,0
2.13829,-0.0541998,0.00646735,0
2.13931,-0.0542044,0.00646839,0
2.14056,-0.0542044,0.00646839,0
2.14173,-0.0542673,0.00649757,0
2.14257,-0.0542673,0.00649757,0
2.14342,-0.0542692,0.00650283,0
2.14427,-0.0542127,0.00647117,0
2.14538,-0.0542703,0.00650193,0
2.14649,-0.0542734,0.00650051,0
2.14726,-0.0542141,0.00647511,0
2.14831,-0.0542139,0.0064705,0
2.14931,-0.0542422,0.00648965,0
2.15029,-0.0542486,0.00649388,0
2.15129,-0.0542521,0.00649186,0
2.15225,-0.0543127,0.00652533,0
2.15334,-0.0542563,0.00649681,0
2.15443,-0.0542563,0.00649681,0
2.15537,-0.0542578,0.00649461,0
2.15633,-0.0542901,0.0065129,0
2.15731,-0.0543211,0.00653099,0
2.1583,-0.0543232,0.00652794,0
2.15924,-0.0542632,0.00650261,0
2.16032,-0.0543514,0.00654263,0
2.16146,-0.0543514,0.00654263,0
2.16228,-0.0543285,0.00653427,0
2.16334,-0.0543285,0.00653427,0
2.16432,-0.0543013,0.00651957,0
2.16543,-0.0543013,0.00651957,0
2.16652,-0.0542714,0.00651021,0
2.16774,-0.0543626,0.00655136,0
2.16837,-0.0543043,0.00652726,0
2.1693,-0.0543027,0.00652687,0
2.17036,-0.0543035,0.00652427,0
2.17131,-0.0543035,0.00652427,0
2.1724,-0.0543624,0.00655771,0
2.17331,-0.0543946,0.00657171,0
2.17441,-0.054337,0.00654831,0
2.17536,-0.0543985,0.00657925,0
2.17647,-0.0543985,0.00657925,0
2.17745,-0.0543409,0.00654757,0
2.17864,-0.0543388,0.00655004,0
2.17936,-0.0543388,0.00654717,0
2.18036,-0.0543379,0.00655132,0
2.18144,-0.054339,0.00654898,0
2.18266,-0.0543375,0.00655289,0
2.18343,-0.0543384,0.00655048,0
2.18433,-0.054428,0.00659952,0
2.18564,-0.0543728,0.00657095,0
2.18631,-0.0543128,0.00654459,0
2.18749,-0.0543726,0.00657049,0
2.18836,-0.0543734,0.00657635,0
2.18931,-0.0543762,0.00657457,0
2.1903,-0.0543765,0.00657895,0
2.19133,-0.0544379,0.00660593,0
2.19236,-0.0543795,0.00658144,0
2.19332,-0.0543812,0.00657708,0
2.19432,-0.0543823,0.00657983,0
2.19551,-0.0544191,0.00659362,0
2.19639,-0.0544502,0.00659552,0
2.1974,-0.0544415,0.00615624,0
2.19847,-0.0544485,0.00605755,0
2.19931,-0.0544607,0.00604604,0
2.2003,-0.0544701,0.00603328,0
2.20133,-0.0544758,0.00602823,0
2.20249,-0.0544826,0.00601673,0
2.20331,-0.0544871,0.00601271,0
2.20433,-0.0544928,0.00600234,0
2.20532,-0.0544968,0.00599955,0
2.20631,-0.0545304,0.00605617,0
2.20731,-0.0545333,0.00605645,0
2.20834,-0.0545396,0.00604727,0
2.20931,-0.0545431,0.00604368,0
2.21073,-0.0545478,0.00603339,0
2.21131,-0.0545501,0.00603065,0
2.21231,-0.0545538,0.00602119,0
2.21331,-0.0545553,0.00601917,0
2.21432,-0.0545583,0.00601027,0
2.21531,-0.054559,0.00600885,0
2.21631,-0.0545613,0.00600062,0
2.21732,-0.0545615,0.00599976,0
2.2183,-0.0545933,0.00605797,0
2.21934,-0.0545931,0.00606014,0
2.22033,-0.054597,0.00605226,0
2.22131,-0.0545982,0.00604994,0
2.22231,-0.0546009,0.00604072,0
2.22332,-0.0546013,0.00603901,0
2.22432,-0.0546032,0.00603046,0
2.22531,-0.054603,0.00602935,0
2.22631,-0.0546044,0.00602127,0
2.22731,-0.0546036,0.00602074,0
2.22831,-0.0546045,0.00601318,0
2.22932,-0.0546034,0.00601307,0
2.23032,-0.0546034,0.00600796,0
2.23132,-0.0546346,0.00606838,0
2.2323,-0.0546323,0.00607218,0
2.23332,-0.0546349,0.0060653,0
2.23433,-0.054635,0.00606381,0
2.23535,-0.0546366,0.00605533,0
2.23631,-0.0546359,0.00605447,0
2.23731,-0.0546369,0.00604659,0
2.23832,-0.0546357,0.00604627,0
2.23931,-0.0546362,0.00603892,0
2.24031,-0.054667,0.00610432,0
2.24132,-0.0546657,0.00610115,0
2.24231,-0.0546662,0.00610145,0
2.24332,-0.0546681,0.00609256,0
2.24433,-0.0546676,0.00609111,0
2.24604,-0.0546687,0.00608281,0
2.24666,-0.0546675,0.00608204,0
2.24736,-0.054668,0.00607436,0
2.24834,-0.0546667,0.00607438,0
2.2493,-0.0546082,0.00601711,0
2.25047,-0.0546082,0.00601711,0
2.2515,-0.0546991,0.00612974,0
2.2524,-0.0546949,0.00613038,0
2.25376,-0.0547241,0.00610658,0
2.25448,-0.0547241,0.00610658,0
2.25533,-0.0547193,0.00609873,0
2.25645,-0.0547193,0.00609873,0
2.2577,-0.0547164,0.00610954,0
2.25832,-0.0546892,0.00610145,0
2.25969,-0.0546892,0.00610145,0
2.26089,-0.0547411,0.0062057,0
2.26131,-0.0546806,0.00618686,0
2.26259,-0.0546806,0.00618686,0
2.26329,-0.054731,0.00625644,0
2.26434,-0.0546699,0.0062375,0
2.26533,-0.0546558,0.00626375,0
2.26636,-0.0546453,0.00631043,0
2.26736,-0.0546408,0.00632741,0
2.2683,-0.054692,0.00639119,0
2.2693,-0.054692,0.00639119,0
2.2704,-0.0546238,0.00638658,0
2.27135,-0.0547089,0.00646133,0
2.27237,-0.0546836,0.0064542,0
2.27332,-0.0547071,0.00650038,0
2.27434,-0.0547047,0.00651391,0
2.27542,-0.0546414,0.00649557,0
2.27662,-0.054694,0.00654286,0
2.27734,-0.0546649,0.00653917,0
2.27837,-0.0546649,0.00653917,0
2.27933,-0.054688,0.00657373,0
2.28034,-0.0546247,0.00655447,0
2.28133,-0.0546726,0.00661636,0
2.28239,-0.0546726,0.00661636,0
2.2833,-0.0546949,0.0066518,0
2.28435,-0.0546949,0.0066518,0
2.28539,-0.0546955,0.00666336,0
2.2863,-0.0546334,0.00664282,0
2.28741,-0.0546046,0.00662771,0
2.28832,-0.0546602,0.00668777,0
2.28934,-0.0546602,0.00668777,0
2.29036,-0.0546808,0.00672998,0
2.29128,-0.0546808,0.00672998,0
2.29236,-0.0546175,0.00670947,0
2.29329,-0.0546726,0.0067484,0
2.29441,-0.0546436,0.00674775,0
2.29539,-0.0546436,0.00674775,0
2.29632,-0.054698,0.00679208,0
2.29737,-0.0546346,0.00677594,0
2.29847,-0.0546346,0.00677594,0
2.29932,-0.054631,0.00677894,0
2.3006,-0.0546856,0.0068232,0
2.30142,-0.0546245,0.0067946,0
2.3024,-0.0546192,0.0068037,0
2.30345,-0.0546499,0.00682026,0
2.30435,-0.0546143,0.00681894,0
2.30535,-0.0546459,0.00683488,0
2.3064,-0.0547045,0.00687994,0
2.30747,-0.0546454,0.00685151,0
2.30834,-0.0546422,0.00686058,0
2.30963,-0.0547002,0.00689614,0
2.31046,-0.0546381,0.00687389,0
2.31144,-0.0546351,0.00687698,0
2.31237,-0.0546069,0.00686126,0
2.31341,-0.0546296,0.00689012,0
2.31448,-0.0546279,0.00689248,0
2.31544,-0.0546243,0.00690137,0
2.3165,-0.0545954,0.00688307,0
2.31741,-0.0545932,0.0068923,0
2.31842,-0.0546539,0.00692768,0
2.31934,-0.0546539,0.00693852,0
2.32034,-0.0546547,0.00694114,0
2.32145,-0.0546524,0.00694966,0
2.32231,-0.0546518,0.00695132,0
2.32338,-0.0546494,0.00695973,0
2.32437,-0.0547092,0.00699312,0
2.32545,-0.0546472,0.00696997,0
2.32654,-0.0546804,0.0069831,0
2.32733,-0.0547407,0.00702434,0
2.32838,-0.054718,0.00700883,0
2.32948,-0.0547435,0.00703605,0
2.33036,-0.0546838,0.00700594,0
2.33132,-0.0546796,0.00701226,0
2.33244,-0.0546781,0.00701281,0
2.33339,-0.0546746,0.00701979,0
2.33441,-0.0546738,0.00702058,0
2.33542,-0.0547314,0.00705925,0
2.33635,-0.0546708,0.00702903,0
2.33736,-0.0546664,0.00703457,0
2.33834,-0.0546637,0.0070341,0
2.33942,-0.05466,0.00704071,0
2.34036,-0.0546316,0.00702129,0
2.34133,-0.0546297,0.0070288,0
2.34233,-0.0546038,0.00701097,0
2.34334,-0.0547535,0.00710245,0
2.34433,-0.0546956,0.00707446,0
2.34531,-0.054694,0.00708124,0
2.34652,-0.0546926,0.00708094,0
2.34732,-0.0546899,0.00708774,0
2.3485,-0.0546891,0.00708772,0
2.34932,-0.0546862,0.0070943,0
2.3503,-0.0546847,0.00709588,0
2.35135,-0.0546831,0.00709705,0
2.35231,-0.0547155,0.00711612,0
2.3533,-0.0547179,0.0071179,0
2.35433,-0.0547175,0.00712544,0
2.35539,-0.0547175,0.00712544,0
2.3563,-0.0547165,0.00713313,0
2.35734,-0.0547165,0.00713336,0
2.35831,-0.0547165,0.00713336,0
2.35929,-0.054714,0.00714009,0
2.36033,-0.0547115,0.0071466,0
2.36138,-0.0547107,0.00714636,0
2.36232,-0.054708,0.00715268,0
2.36334,-0.054707,0.00715228,0
2.36433,-0.0547403,0.00717115,0
2.36533,-0.0547429,0.00717278,0
2.36632,-0.0547423,0.00717988,0
2.36732,-0.0547434,0.00718071,0
2.36828,-0.0547419,0.00718767,0
2.3693,-0.054742,0.0071878,0
2.37043,-0.05474,0.00719444,0
2.37133,-0.0547396,0.00719431,0
2.37242,-0.0547372,0.00720071,0
2.37335,-0.0547366,0.00720037,0
2.37431,-0.0547366,0.00720037,0
2.37533,-0.0547326,0.00720577,0
2.37642,-0.0547658,0.00722399,0
2.37732,-0.0547658,0.00722399,0
2.37837,-0.0547044,0.00720053,0
2.37932,-0.0547655,0.00723158,0
2.3803,-0.0547655,0.00723158,0
2.38147,-0.0547055,0.00720965,0
2.38241,-0.0547894,0.00726542,0
2.38331,-0.0548262,0.00727809,0
2.38433,-0.0547644,0.0072545,0
2.38531,-0.0547387,0.00723428,0
2.38637,-0.054823,0.00729018,0
2.38731,-0.0547997,0.00727283,0
2.38827,-0.0548243,0.0072988,0
2.38932,-0.0548236,0.00730041,0
2.39032,-0.0548216,0.00730076,0
2.39133,-0.0548178,0.007306,0
2.39227,-0.0548178,0.007306,0
2.39331,-0.0548145,0.00731119,0
2.39456,-0.0547879,0.00729124,0
2.3953,-0.0547861,0.00729785,0
2.39633,-0.0547245,0.007267,0
2.3974,-0.0548429,0.00733349,0
2.39833,-0.0548473,0.00733655,0
2.39932,-0.0548473,0.00733655,0
2.40031,-0.0548202,0.00732325,0
2.4013,-0.0548189,0.00732989,0
2.4023,-0.0548444,0.00734936,0
2.40339,-0.0548168,0.00733676,0
2.40431,-0.0548414,0.00735545,0
2.40532,-0.0548136,0.00734249,0
2.40633,-0.0548379,0.00736109,0
2.40735,-0.0548379,0.00736109,0
2.40833,-0.0548078,0.00734682,0
2.4093,-0.0548665,0.00738297,0
2.41032,-0.0548438,0.00736502,0
2.41131,-0.0548682,0.00739142,0
2.41237,-0.0548685,0.00739186,0
2.41332,-0.0548654,0.00739793,0
2.41429,-0.054864,0.00739681,0
2.41537,-0.054864,0.00739681,0
2.41631,-0.0548002,0.00737254,0
2.41727,-0.0548002,0.00737254,0
2.41832,-0.0547942,0.00737773,0
2.41931,-0.0547942,0.00737773,0
2.4203,-0.0548504,0.00741252,0
2.42132,-0.0548271,0.00740156,0
2.4228,-0.0548867,0.00743051,0
2.42332,-0.0548867,0.00743051,0
2.42429,-0.0548869,0.00743868,0
2.42583,-0.0548257,0.00740841,0
2.4263,-0.0548209,0.00741343,0
2.42763,-0.0548186,0.00741454,0
2.42832,-0.0548173,0.00741572,0
2.42935,-0.0548147,0.00742254,0
2.43034,-0.0547883,0.00740213,0
2.43128,-0.0548119,0.00742878,0
2.43276,-0.0548113,0.00742927,0
2.43333,-0.0548712,0.00746661,0
2.43434,-0.0548495,0.00745613,0
2.43533,-0.0548495,0.00745613,0
2.43644,-0.0549098,0.00748537,0
2.4374,-0.0549108,0.00749388,0
2.43844,-0.0548503,0.00746446,0
2.43935,-0.0548219,0.0074503,0
2.44044,-0.0548835,0.00748077,0
2.44158,-0.0548227,0.00745918,0
2.44274,-0.0547971,0.00743931,0
2.4434,-0.0548969,0.0074886,0
2.44446,-0.0548678,0.00748337,0
2.44595,-0.0547679,0.00745077,0
2.44634,-0.0548642,0.00749093,0
2.44734,-0.0548913,0.00752096,0
2.44838,-0.0548663,0.00750121,0
2.44932,-0.0548922,0.00752946,0
2.4503,-0.0548673,0.00751008,0
2.4513,-0.0549029,0.00752699,0
2.45233,-0.0548703,0.00751919,0
2.45333,-0.0547686,0.00748612,0
2.45436,-0.0548854,0.00754358,0
2.45536,-0.0548596,0.00753124,0
2.4563,-0.05486,0.00753117,0
2.45734,-0.0548845,0.00755887,0
2.4583,-0.0549209,0.00756915,0
2.45935,-0.0549217,0.0075771,0
2.46038,-0.0549217,0.0075771,0
2.46141,-0.0549212,0.0075847,0
2.46233,-0.0549212,0.00758478,0
2.46339,-0.054919,0.00759142,0
2.4643,-0.0549181,0.00759307,0
2.46534,-0.0549176,0.0075943,0
2.46633,-0.0549176,0.0075943,0
2.46736,-0.0549142,0.00760052,0
2.46837,-0.0549114,0.00760683,0
2.4693,-0.0549104,0.00760643,0
2.47031,-0.0549453,0.00762262,0
2.47131,-0.0549485,0.00762414,0
2.47232,-0.0549483,0.00763187,0
2.4733,-0.0549491,0.00763276,0
2.47432,-0.0549717,0.00765996,0
2.47536,-0.0549706,0.00765992,0
2.47632,-0.0549433,0.00764594,0
2.47736,-0.0549664,0.00766481,0
2.47834,-0.0549633,0.00767135,0
2.47941,-0.0549612,0.00767018,0
2.48056,-0.0549573,0.00767563,0
2.4813,-0.0549318,0.00765474,0
2.48233,-0.054991,0.00769014,0
2.48332,-0.0549939,0.007692,0
2.48431,-0.054992,0.00769888,0
2.48532,-0.0549919,0.00769902,0
2.48633,-0.0549897,0.00770572,0
2.4873,-0.0549892,0.00770565,0
2.48832,-0.0549866,0.00771217,0
2.48933,-0.0549859,0.00771195,0
2.49034,-0.0549831,0.00771835,0
2.49131,-0.0549821,0.00771801,0
2.49233,-0.0549791,0.00772433,0
2.49334,-0.0550162,0.00773326,0
2.49439,-0.0549937,0.00772148,0
2.49533,-0.0549937,0.00772148,0
2.49631,-0.0549953,0.00773123,0
2.49732,-0.0550205,0.0077525,0
2.49832,-0.055019,0.00776057,0
2.49937,-0.0549954,0.00774097,0
2.50033,-0.0550175,0.00776796,0
2.50133,-0.0550168,0.00777074,0
2.50237,-0.0550153,0.00777202,0
2.50347,-0.0550124,0.00777853,0
2.50433,-0.0549881,0.00775833,0
2.50535,-0.0549881,0.00775833,0
2.5063,-0.0550516,0.00779665,0
2.50747,-0.0550273,0.00778414,0
2.50841,-0.0549909,0.0077765,0
2.50935,-0.0549909,0.0077765,0
2.51052,-0.0550488,0.00781351,0
2.51161,-0.0550251,0.00780181,0
2.51238,-0.0550277,0.00780367,0
2.51352,-0.0550277,0.00780367,0
2.51438,-0.0550305,0.00781442,0
2.51534,-0.0550305,0.00781442,0
2.51633,-0.0550881,0.00784979,0
2.51747,-0.0550308,0.00783182,0
2.51833,-0.0550058,0.00781181,0
2.51943,-0.0550058,0.00781181,0
2.52028,-0.0550644,0.00784732,0
2.52133,-0.0549464,0.00780171,0
2.52233,-0.0549464,0.00780171,0
2.52389,-0.0549191,0.00778175,0
2.52447,-0.0550012,0.00783814,0
2.52536,-0.0549798,0.0078197,0
2.52633,-0.0550674,0.00787943,0
2.5273,-0.0550704,0.00788213,0
2.52835,-0.055093,0.00791058,0
2.52948,-0.0550917,0.00791049,0
2.53067,-0.0550656,0.00789673,0
2.53148,-0.0550656,0.00789673,0
2.53232,-0.0550839,0.00792217,0
2.53343,-0.0550595,0.00790171,0
2.53429,-0.0550595,0.00790171,0
2.53567,-0.0550779,0.00792758,0
2.5364,-0.0551123,0.00794142,0
2.53733,-0.0551149,0.00794221,0
2.53834,-0.0551131,0.00794938,0
2.53931,-0.0551131,0.00794938,0
2.54038,-0.0551124,0.00795134,0
2.54136,-0.0551061,0.00795866,0
2.5423,-0.0551061,0.00795866,0
2.54327,-0.0551073,0.00796773,0
2.54451,-0.0551071,0.00796865,0
2.54534,-0.0550434,0.00794773,0
2.54631,-0.0551002,0.00797398,0
2.54734,-0.0551,0.00798162,0
2.54831,-0.0551,0.00798162,0
2.54949,-0.0551362,0.00799649,0
2.55038,-0.0551362,0.00799649,0
2.55142,-0.0551402,0.00799932,0
2.55235,-0.055139,0.00800688,0
2.55336,-0.0550792,0.00798069,0
2.55439,-0.0551349,0.00801417,0
2.55534,-0.0550764,0.00798827,0
2.55648,-0.0550724,0.00799497,0
2.55751,-0.0551327,0.00802295,0
2.55873,-0.0550718,0.00800341,0
2.55941,-0.0550696,0.00800334,0
2.56038,-0.0551278,0.00803776,0
2.5614,-0.0551073,0.00801933,0
2.56247,-0.0551683,0.00805443,0
2.56335,-0.0551117,0.00802989,0
2.56443,-0.0551092,0.00803779,0
2.56567,-0.0551705,0.00806647,0
2.56661,-0.0551111,0.00804805,0
2.56739,-0.0551099,0.00804877,0
2.56836,-0.0551687,0.00808356,0
2.56961,-0.0551493,0.00806548,0
2.57064,-0.0551502,0.0080739,0
2.57193,-0.0551518,0.00807595,0
2.57232,-0.0551515,0.00808484,0
2.57337,-0.055153,0.00808682,0
2.57442,-0.0551187,0.00802804,0
2.57536,-0.0549415,0.00779602,0
2.57639,-0.0549437,0.00774644,0
2.57754,-0.0549487,0.00776263,0
2.57836,-0.0549533,0.00777954,0
2.57932,-0.0549549,0.00779547,0
2.58042,-0.0549611,0.00780335,0
2.58135,-0.0550165,0.00784456,0
2.58236,-0.0550165,0.00784456,0
2.58352,-0.0550165,0.00784456,0
2.58428,-0.0550321,0.00786691,0
2.58533,-0.0550545,0.00791601,0
2.58632,-0.0550388,0.00791859,0
2.58732,-0.0549465,0.0079002,0
2.58833,-0.0550493,0.00795662,0
2.58931,-0.0550855,0.00799756,0
2.59033,-0.0550518,0.00801515,0
2.59213,-0.0550306,0.00800391,0
2.59235,-0.0550342,0.00802165,0
2.59332,-0.0549983,0.00802815,0
2.59436,-0.0550988,0.0080782,0
2.59542,-0.0551091,0.00809009,0
2.5963,-0.0551135,0.00810783,0
2.5973,-0.0551179,0.00811792,0
2.59837,-0.0551201,0.00813404,0
2.59932,-0.0551238,0.00814302,0
2.60032,-0.0551255,0.00815844,0
2.60148,-0.0551286,0.00816649,0
2.60235,-0.0551514,0.00820189,0
2.60332,-0.0551514,0.00820189,0
2.60435,-0.0551928,0.00821453,0
2.60537,-0.0551928,0.00821453,0
2.60635,-0.0551968,0.00822776,0
2.60733,-0.0551594,0.00822977,0
2.60832,-0.0551548,0.00824156,0
2.60932,-0.0551173,0.00824311,0
2.6103,-0.0551124,0.00825456,0
2.6113,-0.0551125,0.00825836,0
2.61235,-0.0551125,0.00825836,0
2.61336,-0.0551107,0.00826825,0
2.61444,-0.0550477,0.00824661,0
2.61533,-0.0551056,0.00828115,0
2.61631,-0.0551097,0.00828556,0
2.61732,-0.0550847,0.00827464,0
2.61843,-0.0550869,0.00827807,0
2.61931,-0.055087,0.00828957,0
2.62032,-0.0550648,0.00827481,0
2.6213,-0.0550926,0.0083021,0
2.62239,-0.0550932,0.00831461,0
2.62334,-0.0550964,0.00831945,0
2.62434,-0.0550972,0.00833026,0
2.62533,-0.0551001,0.00833442,0
2.62641,-0.0551009,0.00834509,0
2.6273,-0.0551434,0.00835322,0
2.62829,-0.0551494,0.00836474,0
2.62941,-0.0551549,0.00837019,0
2.63038,-0.0551338,0.00836094,0
2.63139,-0.0551636,0.00838704,0
2.63234,-0.0551901,0.0084206,0
2.63332,-0.0551692,0.0084045,0
2.63434,-0.0551692,0.0084045,0
2.63537,-0.0551975,0.0084386,0
2.63632,-0.0552374,0.00845176,0
2.63733,-0.0552216,0.00843529,0
2.63845,-0.0552482,0.00846601,0
2.63932,-0.0552527,0.00847114,0
2.64033,-0.0551921,0.00845819,0
2.64128,-0.0552539,0.0084841,0
2.64236,-0.0552589,0.00849447,0
2.64338,-0.0552001,0.00847453,0
2.6443,-0.0552592,0.00850664,0
2.64537,-0.0552664,0.00851003,0
2.64638,-0.0552053,0.00849657,0
2.64726,-0.0552662,0.0085216,0
2.6483,-0.0552707,0.00853131,0
2.64937,-0.0552509,0.00851461,0
2.65031,-0.0553147,0.00854686,0
2.65131,-0.0553229,0.00855129,0
2.65232,-0.0552638,0.00853932,0
2.65334,-0.0553253,0.00856487,0
2.65431,-0.0553307,0.00857559,0
2.65531,-0.0553339,0.00858019,0
2.65632,-0.0552758,0.00856254,0
2.65731,-0.0553341,0.00859378,0
2.65834,-0.0553409,0.00859682,0
2.6593,-0.0553409,0.00859682,0
2.66038,-0.0553405,0.00860799,0
2.66143,-0.0553844,0.00862044,0
2.66234,-0.0553704,0.00860486,0
2.6636,-0.0553955,0.00863447,0
2.66432,-0.0553955,0.00863447,0
2.66534,-0.0553413,0.00862742,0
2.6663,-0.0554011,0.00865146,0
2.66735,-0.0554011,0.00865146,0
2.66834,-0.0554059,0.00866099,0
2.66929,-0.0553487,0.00864216,0
2.67033,-0.0554056,0.00867227,0
2.67134,-0.0554119,0.00867473,0
2.67234,-0.0553899,0.00866653,0
2.67325,-0.0554549,0.00869674,0
2.67428,-0.055402,0.00867882,0
2.67536,-0.055402,0.00867882,0
2.67631,-0.0554006,0.00868897,0
2.6773,-0.0554632,0.00871316,0
2.67846,-0.0554078,0.00870112,0
2.67987,-0.0554079,0.00870388,0
2.68076,-0.0554676,0.0087339,0
2.68132,-0.0554153,0.00872459,0
2.68229,-0.0554729,0.00874704,0
2.68339,-0.0554729,0.00874704,0
2.68429,-0.0554589,0.00873948,0
2.68528,-0.0554589,0.00873948,0
2.6863,-0.055519,0.00876879,0
2.68743,-0.0555265,0.00877213,0
2.68842,-0.0554694,0.00876163,0
2.68927,-0.055527,0.00878443,0
2.69039,-0.0555316,0.00879366,0
2.69134,-0.0554753,0.00877764,0
2.69234,-0.0555314,0.00880102,0
2.69333,-0.0555353,0.00880978,0
2.69435,-0.0554792,0.00879135,0
2.69535,-0.0554748,0.00879946,0
2.69636,-0.0555733,0.00882262,0
2.6975,-0.0555222,0.00881117,0
2.69856,-0.0555229,0.00881435,0
2.69934,-0.0555813,0.00884345,0
2.70055,-0.0555292,0.00882603,0
2.70148,-0.0555268,0.00883485,0
2.70294,-0.0555093,0.00881861,0
2.70334,-0.0555092,0.00882626,0
2.70437,-0.0555112,0.00882935,0
2.70541,-0.055492,0.00881979,0
2.70632,-0.0555732,0.00886119,0
2.70737,-0.0555578,0.00885285,0
2.70836,-0.0555824,0.00887498,0
2.70936,-0.0555642,0.00886651,0
2.71042,-0.0555868,0.00888676,0
2.71145,-0.0555676,0.00887839,0
2.71226,-0.0555676,0.00887839,0
2.71332,-0.05557,0.00888934,0
2.71432,-0.055591,0.00890918,0
2.71531,-0.055591,0.00890918,0
2.71637,-0.0555924,0.00891876,0
2.71736,-0.0555722,0.00890953,0
2.71829,-0.0555355,0.00890853,0
2.71933,-0.0555873,0.00893551,0
2.72033,-0.0555714,0.00891836,0
2.72132,-0.0555711,0.00892574,0
2.72238,-0.0556308,0.00894635,0
2.72334,-0.0556344,0.00895561,0
2.72427,-0.0556344,0.00895561,0
2.72549,-0.0556603,0.00897814,0
2.72634,-0.0556599,0.00898838,0
2.72739,-0.0556599,0.00898838,0
2.72834,-0.0556594,0.00899539,0
2.72946,-0.0556594,0.00899539,0
2.73071,-0.0556594,0.00899539,0
2.73127,-0.0556982,0.009005,0
2.73235,-0.0556982,0.009005,0
2.73328,-0.0556833,0.00899532,0
2.73452,-0.0557044,0.00901418,0
2.73556,-0.0556482,0.00900543,0
2.73659,-0.0557014,0.00902481,0
2.73732,-0.0557047,0.00903237,0
2.73826,-0.0556883,0.00901636,0
2.73928,-0.0556513,0.00902487,0
2.7403,-0.0556513,0.00902487,0
2.74134,-0.0557025,0.00905001,0
2.74228,-0.0556478,0.00904006,0
2.74329,-0.0557007,0.00905863,0
2.74427,-0.0557007,0.00905863,0
2.74533,-0.0556917,0.00904937,0
2.74634,-0.0556917,0.00904937,0
2.74727,-0.055688,0.00905804,0
2.74834,-0.0557449,0.00907719,0
2.74931,-0.0556909,0.00906939,0
2.75034,-0.0556909,0.00906939,0
2.75125,-0.0557504,0.00909595,0
2.75234,-0.0557504,0.00909595,0
2.75336,-0.0556949,0.00908674,0
2.75426,-0.0557472,0.00910482,0
2.75528,-0.0556942,0.00909516,0
2.75634,-0.055747,0.00911303,0
2.75726,-0.0557319,0.00910326,0
2.75831,-0.055734,0.00910652,0
2.7595,-0.0557908,0.00912716,0
2.76028,-0.0557388,0.00912125,0
2.76129,-0.0557388,0.00912125,0
2.76238,-0.0557929,0.0091464,0
2.76336,-0.0557434,0.0091311,0
2.76443,-0.0557942,0.00915608,0
2.76533,-0.0557825,0.00914046,0
2.76631,-0.0557464,0.00914894,0
2.76752,-0.0557432,0.00915108,0
2.76862,-0.0557964,0.00917524,0
2.76934,-0.0557466,0.00915908,0
2.7704,-0.0557254,0.00914891,0
2.77133,-0.0557637,0.00914945,0
2.77242,-0.0557839,0.00917496,0
2.77327,-0.0558412,0.00919557,0
2.77432,-0.0558459,0.00920442,0
2.77548,-0.0557949,0.00919039,0
2.77642,-0.0558441,0.00921511,0
2.77727,-0.055834,0.0092082,0
2.77835,-0.055834,0.0092082,0
2.77933,-0.0558528,0.0092264,0
2.78024,-0.0558333,0.00921969,0
2.78127,-0.0558333,0.00921969,0
2.78233,-0.0558903,0.009243,0
2.78328,-0.0558401,0.00923847,0
2.78432,-0.0558401,0.00923847,0
2.7853,-0.0558946,0.00925679,0
2.78632,-0.0558483,0.00925138,0
2.78741,-0.0558483,0.00925138,0
2.78833,-0.0558851,0.00925978,0
2.78924,-0.0558333,0.00925194,0
2.79037,-0.0558333,0.00925194,0
2.79128,-0.0558992,0.00928813,0
2.79228,-0.0558504,0.00927552,0
2.79328,-0.0559358,0.00929784,0
2.79435,-0.0559358,0.00929784,0
2.7955,-0.0558904,0.00929059,0
2.7964,-0.0558897,0.00929352,0
2.79737,-0.0558743,0.00928492,0
2.79828,-0.0559162,0.00929442,0
2.79935,-0.0559162,0.00929442,0
2.80033,-0.0558959,0.00932519,0
2.80126,-0.0558956,0.00932735,0
2.80236,-0.0558956,0.00932735,0
2.80329,-0.0559466,0.0093495,0
2.80435,-0.0558995,0.00934303,0
2.8053,-0.0559473,0.00935965,0
2.80632,-0.0559473,0.00935965,0
2.8074,-0.0559347,0.00934992,0
2.8083,-0.0559371,0.00935057,0
2.80932,-0.0559359,0.00935891,0
2.81031,-0.0559228,0.00934362,0
2.8113,-0.0559742,0.00936659,0
2.81232,-0.0559442,0.0093708,0
2.81333,-0.0559247,0.00936352,0
2.81429,-0.0559272,0.00936449,0
2.81534,-0.0559771,0.00938732,0
2.8163,-0.0559681,0.00937242,0
2.8173,-0.0559327,0.00938378,0
2.81833,-0.0559157,0.00936982,0
2.81933,-0.0559806,0.00940899,0
2.82032,-0.0559857,0.00941117,0
2.82147,-0.0559862,0.0094199,0
2.82232,-0.0559873,0.00942316,0
2.82351,-0.0559882,0.00942583,0
2.82435,-0.0559874,0.00943368,0
2.82531,-0.0559885,0.00943469,0
2.82638,-0.0559875,0.00944219,0
2.8273,-0.0559884,0.00944301,0
2.82831,-0.0559872,0.00945034,0
2.82941,-0.0560236,0.00944877,0
2.83034,-0.0560276,0.0094563,0
2.83132,-0.0560305,0.00945862,0
2.83234,-0.0560305,0.00945862,0
2.83341,-0.0560329,0.0094696,0
2.83434,-0.0560467,0.00949422,0
2.83541,-0.0560337,0.00947971,0
2.83634,-0.0560477,0.00950246,0
2.83729,-0.0560477,0.00950246,0
2.83835,-0.0560479,0.00950418,0
2.83933,-0.056039,0.00949528,0
2.84033,-0.0560344,0.0095035,0
2.84187,-0.056084,0.00951789,0
2.84232,-0.056088,0.00952546,0
2.8433,-0.0560407,0.00951407,0
2.84431,-0.0560841,0.00953483,0
2.84532,-0.056083,0.00953495,0
2.84636,-0.0560691,0.00952673,0
2.84731,-0.0560222,0.00951502,0
2.84833,-0.056079,0.00955198,0
2.8493,-0.0560838,0.00955366,0
2.85031,-0.0561176,0.00955779,0
2.85131,-0.0561244,0.00955849,0
2.85231,-0.0560766,0.00955495,0
2.85329,-0.056122,0.00956957,0
2.85437,-0.0561264,0.00957753,0
2.85533,-0.0560798,0.00956859,0
2.85628,-0.056124,0.00958382,0
2.85733,-0.0561279,0.00959141,0
2.85833,-0.0560814,0.00958047,0
2.8593,-0.0561236,0.00960036,0
2.8603,-0.0561236,0.00960036,0
2.86125,-0.0561286,0.00960112,0
2.86234,-0.0560805,0.00959639,0
2.8633,-0.0560771,0.00959709,0
2.86431,-0.0561095,0.00959985,0
2.86532,-0.0561142,0.00960023,0
2.86631,-0.0560664,0.00959626,0
2.8673,-0.0561247,0.00962609,0
2.86835,-0.0561276,0.00963416,0
2.86934,-0.0561286,0.0096346,0
2.87033,-0.0561277,0.00964179,0
2.87137,-0.0561289,0.00964234,0
2.87234,-0.0561279,0.00964939,0
2.8733,-0.0561279,0.00964939,0
2.87432,-0.056081,0.00964509,0
2.87531,-0.0561243,0.00965677,0
2.87667,-0.056161,0.00965935,0
2.87732,-0.0561672,0.00965987,0
2.87833,-0.0561685,0.00966865,0
2.87931,-0.0561247,0.00965933,0
2.88031,-0.05612,0.00966766,0
2.88133,-0.056108,0.00965273,0
2.88238,-0.0561548,0.00967103,0
2.88329,-0.0561269,0.00967731,0
2.88436,-0.0561697,0.00969821,0
2.8855,-0.0561765,0.00969903,0
2.88659,-0.0561298,0.00969578,0
2.88727,-0.056173,0.00970972,0
2.88832,-0.0562124,0.00970728,0
2.88929,-0.0561708,0.00970429,0
2.89032,-0.0562165,0.00971785,0
2.89142,-0.0561755,0.00971561,0
2.89228,-0.0561743,0.00971809,0
2.89327,-0.0561743,0.00971809,0
2.8943,-0.05622,0.00973718,0
2.89533,-0.0562275,0.00973863,0
2.89691,-0.0561824,0.00973674,0
2.89737,-0.0562266,0.00974902,0
2.89835,-0.0561852,0.0097461,0
2.89934,-0.0561832,0.00974774,0
2.90039,-0.0562286,0.0097655,0
2.90152,-0.0562218,0.00975102,0
2.90235,-0.0562227,0.00975925,0
2.90332,-0.0562716,0.00977205,0
2.90431,-0.056232,0.0097707,0
2.90528,-0.0562312,0.00977372,0
2.90628,-0.056277,0.00979232,0
2.9074,-0.0562392,0.00978391,0
2.90832,-0.0562358,0.00979292,0
2.90929,-0.0562831,0.00980429,0
2.91028,-0.056243,0.0098022,0
2.91125,-0.0562413,0.00980429,0
2.91231,-0.0562802,0.00980767,0
2.91331,-0.0562802,0.00980767,0
2.91428,-0.0562814,0.00981609,0
2.91531,-0.0563353,0.00983778,0
2.91631,-0.0563353,0.00983778,0
2.91728,-0.0562953,0.00983146,0
2.91834,-0.0563357,0.00985023,0
2.9193,-0.0563433,0.00985384,0
2.92028,-0.0563025,0.00984835,0
2.92129,-0.0563494,0.00986766,0
2.92236,-0.0563494,0.00986766,0
2.9233,-0.0563067,0.00986705,0
2.92436,-0.0563475,0.00987772,0
2.9253,-0.0563534,0.00988523,0
2.92627,-0.0563824,0.00988885,0
2.92728,-0.0563824,0.00988885,0
2.92827,-0.0563533,0.0098903,0
2.92927,-0.0563533,0.0098903,0
2.93028,-0.0563944,0.00990208,0
2.93131,-0.0563619,0.00990421,0
2.93227,-0.0563575,0.00991302,0
2.93325,-0.056402,0.00992251,0
2.93438,-0.056402,0.00992251,0
2.93529,-0.0563641,0.00992167,0
2.93627,-0.0564039,0.0099392,0
2.93727,-0.056368,0.00993176,0
2.9383,-0.056368,0.00993176,0
2.93929,-0.0563946,0.00993373,0
2.94032,-0.0564428,0.00994259,0
2.94134,-0.0564492,0.00995161,0
2.94228,-0.0564115,0.009947,0
2.94329,-0.0564495,0.00996439,0
2.94427,-0.0564184,0.00996719,0
2.94527,-0.0564184,0.00996719,0
2.94629,-0.0564161,0.00996947,0
2.94732,-0.0564574,0.0099847,0
2.94829,-0.0564186,0.00998647,0
2.94932,-0.0564611,0.00999651,0
2.95032,-0.0564259,0.0099912,0
2.95133,-0.0564518,0.0099928,0
2.9523,-0.0564518,0.0099928,0
2.95326,-0.0564997,0.0100006,0
2.95427,-0.056464,0.0100056,0
2.95525,-0.0565054,0.0100213,0
2.95637,-0.0565054,0.0100213,0
2.95744,-0.0564726,0.010016,0
2.9583,-0.0565119,0.0100335,0
2.9593,-0.0565119,0.0100335,0
2.96027,-0.056475,0.0100365,0
2.9613,-0.0565152,0.0100509,0
2.96228,-0.0565152,0.0100509,0
2.96327,-0.0564812,0.0100452,0
2.96427,-0.056517,0.0100601,0
2.96542,-0.0565543,0.0100539,0
2.96634,-0.0565203,0.0100554,0
2.96744,-0.0565587,0.0100653,0
2.96849,-0.0565654,0.0100742,0
2.96927,-0.0565302,0.0100706,0
2.97033,-0.0565663,0.0100859,0
2.97132,-0.0565347,0.0100812,0
2.97231,-0.056531,0.0100898,0
2.97331,-0.0565664,0.0100911,0
2.9743,-0.0565664,0.0100911,0
2.9753,-0.056579,0.0101062,0
2.97628,-0.0565808,0.0101158,0
2.97727,-0.0565699,0.0101116,0
2.97831,-0.0565699,0.0101116,0
2.97937,-0.056615,0.0101172,0
2.98035,-0.0565827,0.0101201,0
2.98131,-0.0565809,0.010125,0
2.98227,-0.0566212,0.0101338,0
2.98328,-0.0565879,0.0101365,0
2.98432,-0.0566301,0.0101522,0
2.9853,-0.0565962,0.010149,0
2.98627,-0.0565962,0.010149,0
2.98737,-0.0566294,0.0101626,0
2.98841,-0.056637,0.0101635,0
2.9893,-0.0566013,0.0101664,0
2.99047,-0.0565902,0.0101547,0
2.99128,-0.0566268,0.010166,0
2.99234,-0.056632,0.0101671,0
2.99328,-0.05667,0.010181,0
2.99436,-0.0566421,0.0101782,0
2.99526,-0.056639,0.0101876,0
2.99629,-0.0566787,0.010194,0
2.99753,-0.0566787,0.010194,0
2.99833,-0.0566471,0.0101995,0
2.99933,-0.056647,0.0102072,0
3.00032,-0.0566492,0.0102081,0
3.0013,-0.0566493,0.0102155,0
3.00232,-0.0566789,0.0102078,0
3.00329,-0.056684,0.0102148,0
3.00429,-0.0566879,0.0102173,0
3.00533,-0.0566904,0.0102263,0
3.00629,-0.0566576,0.0102244,0
3.00731,-0.0566894,0.010237,0
3.0083,-0.0566957,0.010238,0
3.00977,-0.0566972,0.0102463,0
3.01062,-0.0567003,0.0102481,0
3.01134,-0.0567013,0.0102562,0
3.01229,-0.0567038,0.0102595,0
3.0133,-0.0567062,0.0102622,0
3.0144,-0.056707,0.0102701,0
3.01529,-0.0567026,0.0102583,0
3.01634,-0.0567024,0.0102654,0
3.01734,-0.0566979,0.010254,0
3.01829,-0.0567056,0.0102743,0
3.01934,-0.0567429,0.0102806,0
3.02035,-0.0567413,0.0102757,0
3.02137,-0.0567186,0.0102873,0
3.02234,-0.0567503,0.0103006,0
3.02335,-0.0567575,0.010302,0
3.02433,-0.0567598,0.0103103,0
3.0253,-0.0567627,0.0103124,0
3.02629,-0.0567654,0.0103205,0
3.02729,-0.056795,0.0103126,0
3.02831,-0.0568014,0.0103201,0
3.02931,-0.0568065,0.0103232,0
3.03032,-0.0568082,0.010333,0
3.03132,-0.0568137,0.0103356,0
3.03235,-0.056816,0.0103445,0
3.03331,-0.0568191,0.0103469,0
3.03431,-0.056821,0.0103554,0
3.03545,-0.0568247,0.0103573,0
3.03633,-0.0568263,0.0103655,0
3.03736,-0.0568297,0.0103671,0
3.03831,-0.0568563,0.010365,0
3.03938,-0.0568563,0.010365,0
3.04029,-0.0568672,0.0103753,0
3.0413,-0.0568716,0.0103783,0
3.04236,-0.0568739,0.0103874,0
3.0433,-0.0568775,0.0103915,0
3.0443,-0.0568808,0.010395,0
3.04566,-0.0568845,0.0104036,0
3.04632,-0.056887,0.0104055,0
3.04741,-0.0568574,0.010412,0
3.04833,-0.0568867,0.0104148,0
3.04929,-0.0568867,0.0104148,0
3.05033,-0.056925,0.0104241,0
3.0513,-0.0569258,0.0104202,0
3.05232,-0.0569296,0.0104221,0
3.05331,-0.0569018,0.0104302,0
3.0543,-0.0569313,0.0104337,0
3.05532,-0.0569426,0.0104532,0
3.0563,-0.0569406,0.0104442,0
3.05731,-0.0569429,0.0104506,0
3.05829,-0.0569559,0.010418,0
3.0593,-0.0569593,0.0104158,0
3.06031,-0.0569568,0.0104084,0
3.06129,-0.0569635,0.0104245,0
3.0623,-0.0569667,0.0104257,0
3.06336,-0.0569918,0.0104284,0
3.0643,-0.0569918,0.0104284,0
3.06533,-0.0569919,0.0104234,0
3.06635,-0.0570032,0.0104441,0
3.0673,-0.0570072,0.0104452,0
3.06832,-0.0570088,0.0104544,0
3.0693,-0.0570123,0.0104552,0
3.07032,-0.0570136,0.0104641,0
3.07133,-0.0570167,0.0104646,0
3.07233,-0.0570177,0.0104734,0
3.0733,-0.0570206,0.0104736,0
3.07433,-0.0570172,0.0104751,0
3.0753,-0.0570139,0.0104699,0
3.07632,-0.0570146,0.0104713,0
3.07732,-0.0570146,0.01048,0
3.07836,-0.0570146,0.01048,0
3.07935,-0.0570273,0.0104961,0
3.08032,-0.0570541,0.0104983,0
3.08133,-0.0570541,0.0104983,0
3.08256,-0.0570631,0.0105076,0
3.08339,-0.0570631,0.0105076,0
3.08428,-0.0570648,0.0105168,0
3.08551,-0.0570695,0.0105174,0
3.08632,-0.0570678,0.0105287,0
3.08751,-0.0570678,0.0105287,0
3.08835,-0.0570747,0.0105315,0
3.0893,-0.0571006,0.0105329,0
3.09029,-0.0571006,0.0105329,0
3.0913,-0.0570849,0.010543,0
3.09231,-0.0571079,0.0105521,0
3.0933,-0.0571163,0.0105521,0
3.09433,-0.0571163,0.0105521,0
3.09529,-0.0570915,0.0105615,0
3.09637,-0.0571159,0.0105617,0
3.09725,-0.0570997,0.0105729,0
3.0983,-0.0570997,0.0105729,0
3.09942,-0.0570926,0.0105686,0
3.10037,-0.0571433,0.0105744,0
3.10139,-0.057129,0.0105747,0
3.10228,-0.0571275,0.0105844,0
3.10327,-0.0571305,0.0105851,0
3.10434,-0.0571305,0.0105936,0
3.10533,-0.0571593,0.0105927,0
3.10634,-0.0571646,0.0106022,0
3.10733,-0.0571646,0.0106022,0
3.10832,-0.0571458,0.0106119,0
3.10931,-0.0571441,0.0106148,0
3.11046,-0.0571904,0.0106076,0
3.11135,-0.0572011,0.0106154,0
3.11225,-0.0572019,0.0106112,0
3.11345,-0.0572095,0.0106272,0
3.11448,-0.0571915,0.0106309,0
3.11534,-0.0571853,0.0106343,0
3.11688,-0.0572146,0.0106383,0
3.1173,-0.0572214,0.0106473,0
3.11832,-0.0572214,0.0106424,0
3.11929,-0.0572094,0.0106602,0
3.12036,-0.0572094,0.0106602,0
3.12135,-0.0572249,0.0106613,0
3.12231,-0.0572546,0.0106601,0
3.1233,-0.0572399,0.0106645,0
3.12496,-0.0572373,0.0106745,0
3.12535,-0.0572656,0.010673,0
3.12631,-0.0572486,0.0106848,0
3.12731,-0.0572712,0.0106906,0
3.12836,-0.0572799,0.0106905,0
3.12927,-0.0572598,0.0107022,0
3.13029,-0.0572817,0.0107003,0
3.13125,-0.0572657,0.010711,0
3.13233,-0.057282,0.0107052,0
3.13333,-0.0573103,0.0107029,0
3.13429,-0.0573103,0.0107029,0
3.13533,-0.0572964,0.0107163,0
3.1363,-0.0572978,0.0107251,0
3.13732,-0.0573,0.0107251,0
3.13832,-0.0573228,0.0107302,0
3.13927,-0.0573103,0.0107335,0
3.1403,-0.0573103,0.0107335,0
3.14132,-0.0573306,0.0107392,0
3.14228,-0.0573306,0.0107392,0
3.14334,-0.0573204,0.0107536,0
3.14431,-0.0573405,0.0107525,0
3.14538,-0.0573405,0.0107525,0
3.14629,-0.0573463,0.010755,0
3.14742,-0.0573686,0.0107601,0
3.1483,-0.0573739,0.0107555,0
3.14931,-0.0573786,0.0107695,0
3.15039,-0.0573786,0.0107695,0
3.15129,-0.0573851,0.0107717,0
3.15229,-0.0573684,0.0107849,0
3.15331,-0.0573882,0.0107815,0
3.15427,-0.0573753,0.0107936,0
3.15527,-0.0573741,0.0107939,0
3.15631,-0.057393,0.0107973,0
3.15731,-0.0574062,0.0107956,0
3.15845,-0.0574062,0.0107956,0
3.15938,-0.0574229,0.0108012,0
3.16034,-0.0574324,0.0108017,0
3.1617,-0.0574183,0.0108155,0
3.16232,-0.0574373,0.0108199,0
3.16331,-0.0574373,0.0108199,0
3.16434,-0.0574276,0.0108243,0
3.16529,-0.0574246,0.010833,0
3.16647,-0.0574457,0.0108277,0
3.16759,-0.0574341,0.0108403,0
3.16837,-0.0574335,0.0108428,0
3.16932,-0.0574346,0.0108394,0
3.17034,-0.0574502,0.010841,0
3.17128,-0.0574748,0.010835,0
3.1723,-0.057465,0.0108489,0
3.17327,-0.0574683,0.0108591,0
3.17429,-0.0574683,0.0108591,0
3.17527,-0.0574721,0.0108591,0
3.17629,-0.0575084,0.0108512,0
3.17727,-0.0575168,0.0108544,0
3.17828,-0.0575168,0.0108544,0
3.17927,-0.0575226,0.0108631,0
3.18027,-0.0575181,0.0108851,0
3.18132,-0.0575181,0.0108851,0
3.1826,-0.0575353,0.010883,0
3.18326,-0.057541,0.0109003,0
3.18433,-0.057541,0.0109003,0
3.1853,-0.0575312,0.0109225,0
3.18626,-0.0575312,0.0109225,0
3.18736,-0.0575437,0.0109264,0
3.18831,-0.0575524,0.0109291,0
3.18927,-0.057541,0.0109419,0
3.19036,-0.057541,0.0109419,0
3.19129,-0.0575754,0.0109353,0
3.19234,-0.0575754,0.0109353,0
3.19341,-0.0575683,0.0109526,0
3.19429,-0.0575682,0.0109569,0
3.19531,-0.0575847,0.0109578,0
3.19671,-0.0575775,0.010968,0
3.19725,-0.0575953,0.0109709,0
3.1983,-0.0575953,0.0109709,0
3.1994,-0.0575891,0.0109895,0
3.20032,-0.0575894,0.010997,0
3.20133,-0.0575894,0.010997,0
3.20226,-0.0576065,0.0109888,0
3.20359,-0.0576119,0.0109882,0
3.20434,-0.0576298,0.0109802,0
3.20535,-0.0576248,0.0109976,0
3.20629,-0.0576254,0.011001,0
3.20733,-0.0576399,0.0110001,0
3.20831,-0.0576372,0.011016,0
3.20931,-0.0576372,0.011016,0
3.2103,-0.057649,0.0110244,0
3.21132,-0.057649,0.0110244,0
3.21244,-0.0576478,0.0110255,0
3.2134,-0.0576577,0.0110402,0
3.21453,-0.0576577,0.0110402,0
3.2154,-0.0576583,0.0110347,0
3.21692,-0.0576825,0.0110204,0
3.21734,-0.0576826,0.0110304,0
3.21844,-0.0576945,0.0110301,0
3.21929,-0.0576933,0.0110416,0
3.22032,-0.0576924,0.0110504,0
3.2213,-0.0577041,0.0110586,0
3.22235,-0.0577156,0.0110504,0
3.22332,-0.0577156,0.0110504,0
3.22438,-0.0577237,0.0110571,0
3.22542,-0.0577187,0.0110693,0
3.22629,-0.0577289,0.0110669,0
3.22732,-0.0577405,0.0110664,0
3.2283,-0.0577405,0.0110664,0
3.22935,-0.0577557,0.0110572,0
3.23031,-0.0577539,0.0110755,0
3.23134,-0.0577548,0.011078,0
3.23231,-0.0577675,0.0110745,0
3.23328,-0.0577681,0.0110878,0
3.2344,-0.0577681,0.0110878,0
3.23527,-0.0577768,0.0111014,0
3.23633,-0.0577768,0.0111014,0
3.23728,-0.057808,0.0110791,0
3.23834,-0.057808,0.0110791,0
3.23953,-0.0578144,0.0110771,0
3.24106,-0.0578188,0.0110872,0
3.24157,-0.0578248,0.0110976,0
3.24234,-0.0578228,0.0111113,0
3.2433,-0.05783,0.0111079,0
3.24438,-0.0578398,0.0111079,0
3.24529,-0.05784,0.0111284,0
3.24687,-0.0578481,0.0111181,0
3.2473,-0.0578556,0.0111239,0
3.2483,-0.0578545,0.0111371,0
3.24937,-0.057866,0.011126,0
3.25033,-0.057866,0.011126,0
3.25132,-0.0578745,0.0111296,0
3.25232,-0.0578763,0.0111381,0
3.25327,-0.0578878,0.0111264,0
3.25447,-0.0578878,0.0111264,0
3.25536,-0.0578892,0.0111458,0
3.25632,-0.0578901,0.0111477,0
3.25728,-0.0578995,0.0111417,0
3.25831,-0.0579028,0.0111546,0
3.2593,-0.0579027,0.0111624,0
3.26031,-0.0579081,0.0111685,0
3.26129,-0.0579081,0.0111685,0
3.26224,-0.0579172,0.0111549,0
3.26331,-0.0579329,0.0111419,0
3.26432,-0.0579364,0.0111551,0
3.26529,-0.0579419,0.0111513,0
3.26632,-0.0579522,0.0111739,0
3.26727,-0.0579587,0.0111629,0
3.26827,-0.0579587,0.0111629,0
3.26927,-0.0579691,0.011186,0
3.27031,-0.0579691,0.011186,0
3.27133,-0.0579694,0.0111891,0
3.2723,-0.0579815,0.0111948,0
3.27327,-0.0579815,0.0111948,0
3.27426,-0.057994,0.0111684,0
3.27526,-0.0580049,0.0111724,0
3.27631,-0.0580049,0.0111724,0
3.27725,-0.0580113,0.0111842,0
3.27827,-0.0580216,0.0111846,0
3.27926,-0.0580229,0.0112067,0
3.28026,-0.0580274,0.0111945,0
3.28153,-0.0580274,0.0111945,0
3.28244,-0.0580354,0.0112005,0
3.28351,-0.0580395,0.0112162,0
3.28432,-0.0580383,0.011224,0
3.28527,-0.0580453,0.0112087,0
3.28633,-0.058049,0.011229,0
3.28744,-0.0580531,0.011215,0
3.28835,-0.0580636,0.0112159,0
3.28927,-0.0580672,0.011215,0
3.29034,-0.0580715,0.011207,0
3.29131,-0.0580817,0.0112075,0
3.29237,-0.0580858,0.0112307,0
3.29329,-0.0580872,0.0112329,0
3.29468,-0.0580918,0.0112239,0
3.29539,-0.0580991,0.0112465,0
3.29633,-0.0580991,0.0112465,0
3.29726,-0.0581115,0.011252,0
3.29829,-0.0581134,0.011253,0
3.29932,-0.0581134,0.011253,0
3.30043,-0.0581204,0.0112389,0
3.30137,-0.0581272,0.0112382,0
3.30241,-0.0581355,0.011236,0
3.30333,-0.0581324,0.0112301,0
3.30431,-0.0581433,0.0112319,0
3.30539,-0.0581513,0.0112356,0
3.30636,-0.0581536,0.0112408,0
3.30747,-0.0581601,0.0112501,0
3.30844,-0.0581681,0.0112676,0
3.30935,-0.0581678,0.0112751,0
3.31033,-0.0581719,0.011258,0
3.31146,-0.0581803,0.0112799,0
3.31249,-0.0581845,0.0112602,0
3.31335,-0.0581892,0.0112474,0
3.31436,-0.0582051,0.011244,0
3.31533,-0.0582051,0.011244,0
3.31629,-0.0582061,0.0112883,0
3.3173,-0.0582031,0.0112756,0
3.3183,-0.0582031,0.0112756,0
3.31929,-0.0582094,0.011285,0
3.32033,-0.0582111,0.011312,0
3.32139,-0.0582142,0.0113134,0
3.3227,-0.0582173,0.0113176,0
3.32332,-0.0582273,0.0113125,0
3.32431,-0.0582273,0.0113125,0
3.32531,-0.0582334,0.0112957,0
3.3263,-0.0582375,0.011302,0
3.32729,-0.0582435,0.0113021,0
3.32829,-0.0582476,0.0113081,0
3.32933,-0.0582546,0.0113079,0
3.33041,-0.0582631,0.0113105,0
3.33152,-0.058262,0.011312,0
3.33234,-0.0582663,0.0113189,0
3.33334,-0.0582716,0.01132,0
3.33432,-0.0582769,0.0113207,0
3.33545,-0.0582808,0.0113263,0
3.33633,-0.0582932,0.0113228,0
3.33732,-0.0582932,0.0113228,0
3.33847,-0.0582956,0.0113054,0
3.33938,-0.0583089,0.0113217,0
3.34035,-0.0583036,0.0113099,0
3.34137,-0.0583164,0.0113057,0
3.34229,-0.0583157,0.011316,0
3.34332,-0.0583157,0.011316,0
3.34426,-0.0583206,0.0113206,0
3.34532,-0.0583268,0.0113312,0
3.34651,-0.0583268,0.0113312,0
3.34733,-0.0583396,0.0113503,0
3.34847,-0.0583397,0.0113568,0
3.3493,-0.0583394,0.0113358,0
3.3503,-0.0583527,0.0113593,0
3.35131,-0.0583539,0.0113374,0
3.35228,-0.0583694,0.0113396,0
3.35328,-0.0583644,0.0113283,0
3.35427,-0.0583751,0.0113276,0
3.35529,-0.0583882,0.0113542,0
3.35644,-0.0583882,0.0113542,0
3.35744,-0.0583908,0.0113557,0
3.35838,-0.0583881,0.0113413,0
3.35938,-0.0584051,0.0113599,0
3.36027,-0.0584118,0.0113662,0
3.36128,-0.0584152,0.0113709,0
3.36231,-0.0584152,0.0113709,0
3.36327,-0.0584193,0.0113696,0
3.36434,-0.0584137,0.0113316,0
3.36528,-0.0584334,0.0113504,0
3.36636,-0.0584361,0.0113535,0
3.36747,-0.058443,0.0113397,0
3.36834,-0.058443,0.0113397,0
3.36928,-0.0584534,0.0113493,0
3.37029,-0.0584534,0.0113493,0
3.37143,-0.0584708,0.0113751,0
3.37231,-0.0584735,0.011376,0
3.37337,-0.0584686,0.0113607,0
3.37431,-0.0584895,0.0113872,0
3.3753,-0.0584914,0.0113637,0
3.37628,-0.0584914,0.0113637,0
3.37727,-0.0584866,0.0113452,0
3.37831,-0.0584977,0.0113453,0
3.37935,-0.0585147,0.0113743,0
3.38026,-0.0585183,0.0113766,0
3.3813,-0.0585336,0.0113819,0
3.38242,-0.0585336,0.0113819,0
3.38329,-0.0585346,0.0113892,0
3.3843,-0.0585299,0.0113674,0
3.3853,-0.058554,0.0113937,0
3.38626,-0.0585566,0.0113946,0
3.38727,-0.0585495,0.0113782,0
3.38832,-0.0585708,0.0113985,0
3.38927,-0.0585715,0.0114053,0
3.39034,-0.0585614,0.0113589,0
3.39141,-0.0585834,0.0113835,0
3.39228,-0.0585784,0.0113698,0
3.39326,-0.0585784,0.0113698,0
3.3943,-0.058589,0.0113691,0
3.39526,-0.0586073,0.0113984,0
3.3963,-0.0586079,0.0113799,0
3.39727,-0.0586272,0.0114091,0
3.39831,-0.0586272,0.0114091,0
3.39929,-0.0586302,0.0114104,0
3.4003,-0.0586209,0.0113928,0
3.40129,-0.0586439,0.0114138,0
3.40226,-0.0586299,0.0113724,0
3.40331,-0.0586397,0.0113744,0
3.40436,-0.0586397,0.0113744,0
3.40549,-0.0586614,0.0113987,0
3.40629,-0.0586495,0.0113847,0
3.4073,-0.0586798,0.0114134,0
3.4083,-0.0586798,0.0114134,0
3.40932,-0.0586924,0.0114201,0
3.41027,-0.058695,0.0114206,0
3.41125,-0.0586837,0.0114022,0
3.41236,-0.0587084,0.011424,0
3.41327,-0.0587084,0.011424,0
3.41431,-0.058709,0.0114304,0
3.41532,-0.0586914,0.0113813,0
3.41626,-0.0587242,0.0114082,0
3.41734,-0.0587242,0.0114082,0
3.41845,-0.0587106,0.0113934,0
3.4193,-0.0587206,0.0113922,0
3.42027,-0.0587425,0.0114226,0
3.42138,-0.0587306,0.0114006,0
3.42227,-0.058755,0.0114291,0
3.42328,-0.0587576,0.0114296,0
3.4244,-0.0587443,0.0114104,0
3.4253,-0.0587707,0.0114328,0
3.42628,-0.058758,0.011415,0
3.42727,-0.058758,0.011415,0
3.42845,-0.0587589,0.0113894,0
3.4293,-0.0587832,0.0114179,0
3.43041,-0.0587704,0.011396,0
3.43138,-0.0587963,0.0114256,0
3.43235,-0.0587994,0.0114266,0
3.43335,-0.0587844,0.0114073,0
3.43447,-0.0587939,0.0114057,0
3.43533,-0.0588187,0.011437,0
3.43632,-0.0588219,0.0114382,0
3.43732,-0.0588068,0.011418,0
3.43846,-0.058835,0.011441,0
3.43932,-0.0588358,0.0114473,0
3.44039,-0.0588217,0.0114207,0
3.44131,-0.0588395,0.0114248,0
3.44227,-0.0588434,0.0114229,0
3.44331,-0.0588281,0.0114035,0
3.44434,-0.0588576,0.0114278,0
3.44534,-0.0588593,0.011435,0
3.44629,-0.0588451,0.0114092,0
3.44728,-0.0588733,0.0114391,0
3.44827,-0.0588598,0.0114193,0
3.44927,-0.0588898,0.0114432,0
3.45028,-0.0588898,0.0114432,0
3.45124,-0.0588911,0.0114497,0
3.45227,-0.0588747,0.0114225,0
3.45326,-0.0588718,0.0114007,0
3.45426,-0.0588828,0.0114072,0
3.45528,-0.0588828,0.0114072,0
3.45629,-0.05892,0.0114386,0
3.45728,-0.05892,0.0114386,0
3.45828,-0.0589106,0.0114154,0
3.45928,-0.0589106,0.0114154,0
3.46026,-0.0589383,0.0114478,0
3.46126,-0.0589197,0.0114228,0
3.46234,-0.0589571,0.0114528,0
3.46327,-0.0589585,0.0114594,0
3.46424,-0.0589585,0.0114594,0
3.46529,-0.0589404,0.0114308,0
3.46629,-0.0589627,0.011433,0
3.46729,-0.0589627,0.011433,0
3.46835,-0.0589433,0.0114117,0
3.46927,-0.0589778,0.0114441,0
3.47027,-0.0589778,0.0114441,0
3.47132,-0.0589596,0.0114164,0
3.4723,-0.058991,0.0114475,0
3.47327,-0.0589942,0.0114481,0
3.47428,-0.0589736,0.0114257,0
3.47524,-0.0590084,0.0114571,0
3.47625,-0.0590084,0.0114571,0
3.47728,-0.059021,0.0114592,0
3.4783,-0.059021,0.0114592,0
3.47926,-0.0589904,0.0114075,0
3.48027,-0.0590252,0.0114337,0
3.48129,-0.0590252,0.0114337,0
3.48227,-0.0590076,0.011413,0
3.48333,-0.0590076,0.011413,0
3.48425,-0.0590444,0.0114457,0
3.48529,-0.0590216,0.0114227,0
3.48629,-0.0590216,0.0114227,0
3.48728,-0.0590624,0.0114543,0
3.48826,-0.05904,0.0114275,0
3.48927,-0.0590468,0.0114307,0
3.49078,-0.0590468,0.0114307,0
3.49147,-0.0590809,0.0114601,0
3.49231,-0.0590841,0.0114619,0
3.49341,-0.059046,0.0114108,0
3.49434,-0.0590826,0.0114342,0
3.49534,-0.0590845,0.011441,0
3.49637,-0.0590626,0.0114121,0
3.49734,-0.0590977,0.0114446,0
3.49857,-0.0591013,0.0114453,0
3.49946,-0.0590771,0.0114215,0
3.50055,-0.0591141,0.0114479,0
3.50135,-0.0591159,0.0114542,0
3.50321,-0.0590927,0.0114239,0
3.50346,-0.0591283,0.0114562,0
3.5044,-0.0591171,0.0114296,0
3.5054,-0.0591214,0.0114317,0
3.50639,-0.0591269,0.0114305,0
3.50741,-0.0591308,0.0114357,0
3.50847,-0.0591364,0.0114347,0
3.50941,-0.0591403,0.0114395,0
3.51047,-0.0591452,0.0114382,0
3.51138,-0.0591192,0.0114134,0
3.51237,-0.059158,0.0114407,0
3.51331,-0.059161,0.0114473,0
3.51431,-0.0591668,0.0114463,0
3.51531,-0.0591705,0.0114503,0
3.51631,-0.0591594,0.0114213,0
3.51731,-0.0591634,0.011423,0
3.51831,-0.0591693,0.0114222,0
3.51934,-0.0591736,0.0114276,0
3.5203,-0.0591795,0.0114268,0
3.5213,-0.0591838,0.0114317,0
3.52227,-0.0591892,0.0114323,0
3.52331,-0.0591946,0.0114323,0
3.52431,-0.0591987,0.0114371,0
3.5253,-0.0591966,0.0114353,0
3.5263,-0.0592007,0.0114397,0
3.52728,-0.0592063,0.0114381,0
3.52831,-0.0592102,0.0114424,0
3.52933,-0.0592158,0.0114407,0
3.53033,-0.059202,0.0114172,0
3.53133,-0.0592077,0.0114131,0
3.53232,-0.0592122,0.0114181,0
3.53329,-0.0592183,0.0114176,0
3.53429,-0.0592229,0.0114226,0
3.5353,-0.0592289,0.0114217,0
3.53629,-0.0592333,0.0114265,0
3.53729,-0.0592393,0.0114253,0
3.53831,-0.0592435,0.0114299,0
3.53931,-0.0592493,0.0114285,0
3.54033,-0.0592535,0.0114329,0
3.54132,-0.0592592,0.0114313,0
3.54229,-0.0592444,0.0114076,0
3.54332,-0.0592502,0.0114035,0
3.54429,-0.0592547,0.0114085,0
3.5453,-0.059261,0.0114081,0
3.54629,-0.0592656,0.0114132,0
3.54732,-0.0592717,0.0114123,0
3.54831,-0.0592761,0.0114171,0
3.5493,-0.0592821,0.0114159,0
3.5503,-0.0592864,0.0114205,0
3.5513,-0.0592923,0.0114191,0
3.5523,-0.0592965,0.0114234,0
3.55329,-0.0593017,0.0114218,0
3.55429,-0.0593063,0.011426,0
3.5553,-0.059291,0.0113976,0
3.55631,-0.0592962,0.0113945,0
3.55729,-0.0593012,0.0113996,0
3.5583,-0.0593073,0.0113991,0
3.5593,-0.0593119,0.0114041,0
3.56029,-0.0593175,0.011403,0
3.5613,-0.0593224,0.0114077,0
3.56239,-0.0593283,0.0114065,0
3.56351,-0.0593326,0.0114109,0
3.56431,-0.0593384,0.0114095,0
3.56533,-0.0593421,0.0114136,0
3.56629,-0.0593478,0.011412,0
3.56729,-0.0593306,0.0113875,0
3.5683,-0.059336,0.0113832,0
3.56929,-0.0593405,0.0113881,0
3.57029,-0.0593467,0.0113875,0
3.57129,-0.0593512,0.0113924,0
3.57232,-0.0593572,0.0113914,0
3.57337,-0.0593616,0.011396,0
3.57445,-0.0593675,0.0113947,0
3.57565,-0.0593722,0.0113992,0
3.57638,-0.0593775,0.0113976,0
3.57744,-0.0593816,0.0114018,0
3.57831,-0.0593873,0.0114001,0
3.57932,-0.0593913,0.0114041,0
3.5803,-0.0593745,0.0113734,0
3.58152,-0.0593784,0.0113747,0
3.58232,-0.059384,0.0113736,0
3.5833,-0.0594289,0.0114115,0
3.58433,-0.0593923,0.0113787,0
3.58531,-0.0593955,0.0113785,0
3.5863,-0.0594053,0.0113789,0
3.5873,-0.0594096,0.0113835,0
3.58832,-0.0594151,0.0113837,0
3.58935,-0.0594206,0.0113834,0
3.59102,-0.0594251,0.0113877,0
3.59167,-0.0594071,0.0113569,0
3.5923,-0.059392,0.0113537,0
3.59331,-0.0594195,0.0113589,0
3.59433,-0.0594463,0.011392,0
3.59529,-0.0594112,0.0113605,0
3.59637,-0.0594358,0.0113674,0
3.59729,-0.05944,0.0113646,0
3.59868,-0.0594869,0.0114028,0
3.59937,-0.0594483,0.011369,0
3.6003,-0.0594483,0.011369,0
3.60131,-0.0594167,0.0113361,0
3.60257,-0.0594645,0.0113721,0
3.60332,-0.0594277,0.0113395,0
3.60472,-0.0594522,0.011347,0
3.60538,-0.0594382,0.0113403,0
3.6063,-0.0594448,0.0113467,0
3.60729,-0.0594521,0.011346,0
3.60834,-0.0594578,0.0113509,0
3.60942,-0.0594649,0.01135,0
3.61047,-0.0594702,0.0113546,0
3.61145,-0.0594772,0.0113534,0
3.61232,-0.0595267,0.0113921,0
3.6133,-0.0594612,0.0113278,0
3.61431,-0.0594643,0.0113261,0
3.61531,-0.0595163,0.01136,0
3.61632,-0.0594753,0.0113326,0
3.6173,-0.0595269,0.0113637,0
3.61832,-0.0595269,0.0113637,0
3.6193,-0.0594883,0.0113318,0
3.62029,-0.059539,0.0113686,0
3.62131,-0.059539,0.0113686,0
3.62277,-0.0595425,0.0113698,0
3.62338,-0.0595002,0.0113332,0
3.62435,-0.0595251,0.0113405,0
3.62535,-0.0595285,0.0113373,0
3.62641,-0.0595519,0.0113465,0
3.62753,-0.0595809,0.011373,0
3.6283,-0.0595567,0.0113489,0
3.62955,-0.0595586,0.0113427,0
3.63026,-0.0595386,0.0113396,0
3.63128,-0.0594992,0.0113062,0
3.63233,-0.0594992,0.0113062,0
3.63327,-0.0595059,0.0113027,0
3.63427,-0.059559,0.011343,0
3.6353,-0.0595178,0.0113088,0
3.63628,-0.0595224,0.0113104,0
3.63733,-0.0595773,0.0113447,0
3.63847,-0.0595336,0.0113155,0
3.63949,-0.0595393,0.011311,0
3.64035,-0.0595652,0.0113209,0
3.64137,-0.0595209,0.0112827,0
3.64229,-0.0595256,0.0112851,0
3.64337,-0.0595367,0.0112913,0
3.64431,-0.0595367,0.0112913,0
3.6454,-0.0595422,0.0112873,0
3.64626,-0.0595966,0.0113276,0
3.64731,-0.0596019,0.011328,0
3.64832,-0.059555,0.0112949,0
3.6493,-0.0596107,0.0113269,0
3.65028,-0.0596137,0.0113321,0
3.65131,-0.0595389,0.0112627,0
3.65233,-0.0595921,0.0112977,0
3.65328,-0.0595969,0.0112979,0
3.65433,-0.0595498,0.0112659,0
3.65528,-0.0596059,0.0113001,0
3.65631,-0.0596104,0.0113014,0
3.65728,-0.0595627,0.0112687,0
3.65845,-0.0596195,0.0113013,0
3.65934,-0.0596228,0.0113068,0
3.66042,-0.0595759,0.0112678,0
3.66125,-0.0596363,0.0113057,0
3.66236,-0.0595576,0.0112414,0
3.66338,-0.0595576,0.0112414,0
3.66426,-0.0596136,0.0112712,0
3.66532,-0.0595723,0.0112397,0
3.66629,-0.0595723,0.0112397,0
3.66727,-0.0596287,0.0112783,0
3.66834,-0.0595822,0.0112425,0
3.66928,-0.0595857,0.0112441,0
3.67036,-0.0596488,0.0112859,0
3.67132,-0.0596488,0.0112859,0
3.67229,-0.0596572,0.0112848,0
3.67332,-0.0596572,0.0112848,0
3.67444,-0.0596093,0.0112478,0
3.67537,-0.0596123,0.0112487,0
3.67631,-0.0595918,0.0112223,0
3.67731,-0.0595943,0.0112145,0
3.67837,-0.0595943,0.0112145,0
3.67926,-0.0596532,0.0112564,0
3.6803,-0.0596588,0.0112575,0
3.68143,-0.0596076,0.0112235,0
3.68232,-0.0596123,0.0112192,0
3.68329,-0.0596229,0.0112243,0
3.68431,-0.0596229,0.0112243,0
3.68533,-0.0596864,0.0112611,0
3.68637,-0.0596864,0.0112611,0
3.68728,-0.059695,0.0112642,0
3.68826,-0.059695,0.0112642,0
3.6894,-0.0596992,0.0112644,0
3.69043,-0.0596159,0.0111901,0
3.6914,-0.0596159,0.0111901,0
3.69242,-0.0596764,0.0112325,0
3.69328,-0.0596271,0.0111964,0
3.69431,-0.0596915,0.0112339,0
3.69527,-0.0596955,0.0112398,0
3.69629,-0.059643,0.0111991,0
3.69735,-0.059643,0.0111991,0
3.69853,-0.0597027,0.0112381,0
3.6993,-0.0597073,0.0112377,0
3.7007,-0.0596527,0.0112021,0
3.70131,-0.0596815,0.0112045,0
3.70234,-0.0596261,0.0111688,0
3.70336,-0.0596305,0.0111651,0
3.70431,-0.0596413,0.0111709,0
3.70533,-0.0596413,0.0111709,0
3.70627,-0.0597014,0.0112103,0
3.70731,-0.0597063,0.01121,0
3.70833,-0.059651,0.0111746,0
3.70932,-0.0597133,0.0112085,0
3.71029,-0.0597168,0.0112137,0
3.71133,-0.0596623,0.0111724,0
3.71238,-0.0597237,0.0112119,0
3.71327,-0.0596948,0.0111801,0
3.71435,-0.0596361,0.011141,0
3.7153,-0.0596995,0.0111757,0
3.71633,-0.0597033,0.0111817,0
3.71728,-0.059649,0.0111412,0
3.71835,-0.0596516,0.0111424,0
3.71936,-0.0597166,0.0111796,0
3.72028,-0.0596624,0.0111477,0
3.72127,-0.0597257,0.0111818,0
3.72227,-0.0597294,0.0111869,0
3.72338,-0.059673,0.0111466,0
3.72439,-0.0597368,0.0111821,0
3.7253,-0.0597419,0.0111874,0
3.7263,-0.0596506,0.0111139,0
3.72735,-0.0597164,0.0111509,0
3.72831,-0.0597164,0.0111509,0
3.72931,-0.0596589,0.0111156,0
3.7303,-0.0597235,0.0111504,0
3.73131,-0.0596707,0.0111145,0
3.73231,-0.0597343,0.0111547,0
3.7334,-0.0597343,0.0111547,0
3.73427,-0.0596809,0.0111181,0
3.73527,-0.0597463,0.0111527,0
3.73626,-0.0597463,0.0111527,0
3.73724,-0.0596543,0.011081,0
3.73832,-0.0596543,0.011081,0
3.73926,-0.0597246,0.0111209,0
3.74025,-0.0597246,0.0111209,0
3.7414,-0.0596686,0.0110888,0
3.74231,-0.0597381,0.0111275,0
3.74326,-0.0597381,0.0111275,0
3.74427,-0.0596828,0.0110892,0
3.7454,-0.0596842,0.0110897,0
3.74632,-0.0596948,0.011094,0
3.74729,-0.0596948,0.011094,0
3.7483,-0.0597642,0.0111319,0
3.7493,-0.0597336,0.0111001,0
3.75038,-0.0597336,0.0111001,0
3.75127,-0.0597363,0.0110948,0
3.75225,-0.0597402,0.0111005,0
3.7533,-0.0597402,0.0111005,0
3.75425,-0.0596805,0.0110585,0
3.75527,-0.0597461,0.0110991,0
3.75628,-0.0596898,0.0110619,0
3.75729,-0.0596898,0.0110619,0
3.75827,-0.0597569,0.0110986,0
3.75926,-0.0597619,0.0110994,0
3.7603,-0.0596625,0.0110302,0
3.76126,-0.0597315,0.011068,0
3.7623,-0.0596715,0.0110264,0
3.76327,-0.0596731,0.0110275,0
3.76426,-0.0597433,0.0110659,0
3.76531,-0.0597433,0.0110659,0
3.76648,-0.0596843,0.0110328,0
3.76737,-0.0596867,0.0110279,0
3.76831,-0.0596976,0.0110324,0
3.76942,-0.0596976,0.0110324,0
3.77039,-0.0596983,0.0110325,0
3.77131,-0.0597693,0.0110708,0
3.77242,-0.0596709,0.0110046,0
3.7733,-0.0596697,0.010996,0
3.77427,-0.0597398,0.0110403,0
3.77527,-0.0596808,0.0110018,0
3.77626,-0.0597477,0.0110427,0
3.77727,-0.0597531,0.0110425,0
3.77831,-0.0596915,0.0109999,0
3.77934,-0.0596915,0.0109999,0
3.78031,-0.059762,0.0110439,0
3.78128,-0.0597018,0.0110043,0
3.78252,-0.0597696,0.0110451,0
3.7833,-0.0597749,0.0110444,0
3.78432,-0.0597094,0.0110059,0
3.78527,-0.0597405,0.0110094,0
3.78629,-0.0597413,0.0110111,0
3.78753,-0.0596774,0.0109682,0
3.78835,-0.0597465,0.0110096,0
3.78933,-0.0596851,0.0109698,0
3.79029,-0.0597535,0.0110111,0
3.79129,-0.0597586,0.0110108,0
3.79237,-0.059761,0.0110136,0
3.79338,-0.0597637,0.0110117,0
3.79434,-0.0597669,0.0110095,0
3.79539,-0.0597,0.0109705,0
3.79632,-0.0596625,0.0109333,0
3.79728,-0.0597318,0.0109747,0
3.79837,-0.0596706,0.0109356,0
3.79925,-0.0597397,0.0109772,0
3.80028,-0.0596788,0.0109393,0
3.80127,-0.0597503,0.0109755,0
3.80228,-0.0597547,0.0109808,0
3.80325,-0.0596888,0.010937,0
3.80431,-0.0596888,0.010937,0
3.8053,-0.0597597,0.0109787,0
3.80631,-0.0597656,0.0109784,0
3.80745,-0.0596981,0.0109396,0
3.80832,-0.0597,0.0109343,0
3.8093,-0.0597335,0.0109467,0
3.81026,-0.059667,0.010903,0
3.81125,-0.0596676,0.0109038,0
3.81226,-0.0596786,0.010909,0
3.81328,-0.0596786,0.010909,0
3.81428,-0.0596797,0.0109038,0
3.81526,-0.0597538,0.0109484,0
3.81629,-0.0596899,0.0109081,0
3.81725,-0.0597608,0.0109496,0
3.8183,-0.0597664,0.010949,0
3.81942,-0.0596967,0.0109096,0
3.82032,-0.0597289,0.0109136,0
3.82128,-0.0597294,0.0109153,0
3.82229,-0.0596614,0.0108716,0
3.82342,-0.0597389,0.0109137,0
3.82426,-0.0597389,0.0109137,0
3.82525,-0.0596698,0.0108751,0
3.82629,-0.0596712,0.01087,0
3.82728,-0.0596818,0.010876,0
3.82831,-0.0596822,0.0108716,0
3.82928,-0.0597573,0.0109165,0
3.83027,-0.0597573,0.0109165,0
3.83128,-0.0596927,0.0108769,0
3.8323,-0.0596927,0.0108769,0
3.83329,-0.0597257,0.0108825,0
3.83436,-0.0596561,0.0108383,0
3.83532,-0.0597289,0.0108805,0
3.83628,-0.0597289,0.0108805,0
3.83726,-0.0596634,0.0108415,0
3.83833,-0.0596634,0.0108415,0
3.83928,-0.0597426,0.0108834,0
3.84032,-0.0596727,0.0108386,0
3.84128,-0.0596727,0.0108386,0
3.84248,-0.0596723,0.0108385,0
3.84334,-0.0597509,0.0108784,0
3.8443,-0.0597855,0.010893,0
3.84541,-0.0596387,0.0108048,0
3.84631,-0.0597109,0.0108443,0
3.84732,-0.0596427,0.0108031,0
3.84831,-0.0597167,0.0108454,0
3.84931,-0.059649,0.0108042,0
3.85027,-0.0597226,0.0108463,0
3.85148,-0.0597286,0.0108461,0
3.85231,-0.0596556,0.0108065,0
3.85337,-0.0597316,0.0108435,0
3.85451,-0.0597363,0.0108485,0
3.85535,-0.0596642,0.0108032,0
3.85626,-0.0597446,0.0108451,0
3.85746,-0.0597446,0.0108451,0
3.85843,-0.0597033,0.0108149,0
3.85979,-0.0597016,0.0108079,0
3.86048,-0.0597028,0.01081,0
3.86144,-0.0597376,0.0108169,0
3.86255,-0.0596283,0.010766,0
3.86346,-0.0597064,0.010804,0
3.86434,-0.0597098,0.0108091,0
3.86535,-0.0597126,0.010808,0
3.86639,-0.0597151,0.0108058,0
3.86743,-0.0597172,0.010808,0
3.86837,-0.0596432,0.010762,0
3.8693,-0.0597195,0.0108047,0
3.87036,-0.059726,0.0108045,0
3.87132,-0.059607,0.0107316,0
3.87232,-0.0596805,0.0107656,0
3.87331,-0.0596848,0.010771,0
3.87434,-0.0596883,0.0107689,0
3.87532,-0.0596895,0.0107711,0
3.87636,-0.0597244,0.0107781,0
3.87754,-0.0596903,0.0107691,0
3.8783,-0.0596943,0.0107665,0
3.87931,-0.0596949,0.0107684,0
3.8803,-0.0596977,0.0107653,0
3.88131,-0.0596992,0.0107673,0
3.88229,-0.059702,0.0107641,0
3.8833,-0.0597035,0.0107661,0
3.88432,-0.0596617,0.0107302,0
3.88529,-0.0596586,0.0107288,0
3.88631,-0.0596613,0.0107259,0
3.88729,-0.0596627,0.0107286,0
3.88831,-0.0596655,0.0107258,0
3.88933,-0.0597005,0.0107383,0
3.8903,-0.0597444,0.0107669,0
3.89134,-0.0596708,0.0107289,0
3.8923,-0.0596697,0.0107225,0
3.89332,-0.0596705,0.0107241,0
3.89431,-0.0596743,0.0107213,0
3.8953,-0.0596752,0.0107234,0
3.89634,-0.059633,0.0106878,0
3.8973,-0.05963,0.0106866,0
3.89829,-0.0596328,0.0106839,0
3.89928,-0.0596343,0.0106867,0
3.9003,-0.0596372,0.0106841,0
3.90129,-0.0596387,0.0106867,0
3.90233,-0.0596737,0.0106955,0
3.9034,-0.0596741,0.0106927,0
3.90433,-0.0596404,0.0106842,0
3.90529,-0.0596439,0.0106815,0
3.90636,-0.0596448,0.0106836,0
3.90731,-0.0596479,0.0106806,0
3.90832,-0.0596505,0.0106829,0
3.90931,-0.0596528,0.0106798,0
3.91052,-0.0596087,0.0106493,0
3.91131,-0.0596068,0.0106429,0
3.91231,-0.0596091,0.0106454,0
3.9133,-0.0596119,0.0106429,0
3.91432,-0.0596134,0.0106455,0
3.91532,-0.0596162,0.0106428,0
3.91631,-0.0596177,0.0106452,0
3.91732,-0.0596205,0.0106424,0
3.91849,-0.059622,0.0106447,0
3.91932,-0.0596247,0.0106417,0
3.92054,-0.0596253,0.0106438,0
3.92133,-0.0595826,0.0106082,0
3.92235,-0.0596374,0.010544,0
3.92341,-0.0596374,0.010544,0
3.9243,-0.0593898,0.0104645,0
3.92542,-0.0594621,0.0105038,0
3.9267,-0.0594621,0.0105038,0
3.92727,-0.0594808,0.0105046,0
3.92837,-0.0594808,0.0105046,0
3.92928,-0.0594808,0.0105046,0
3.93033,-0.0594936,0.010509,0
3.9313,-0.0595155,0.0105202,0
3.93241,-0.0595643,0.0105526,0
3.93334,-0.0596102,0.0105624,0
3.93438,-0.0595425,0.0105252,0
3.9353,-0.0596326,0.0105576,0
3.93635,-0.0596418,0.0105629,0
3.93732,-0.059651,0.0105567,0
3.9383,-0.0596943,0.0105725,0
3.93934,-0.0596668,0.0105516,0
3.94028,-0.0596668,0.0105516,0
3.94129,-0.0596348,0.010531,0
3.94233,-0.0596348,0.010531,0
3.94358,-0.0597211,0.0105741,0
3.94431,-0.0597299,0.0105694,0
3.94537,-0.0596873,0.0105561,0
3.94629,-0.0596873,0.0105561,0
3.94725,-0.0596529,0.0105207,0
3.94835,-0.0597435,0.0105553,0
3.94929,-0.0597505,0.0105604,0
3.95026,-0.0596703,0.0105105,0
3.95129,-0.0597559,0.0105509,0
3.95232,-0.0596788,0.0105046,0
3.95329,-0.0596765,0.0105029,0
3.95434,-0.0597672,0.0105371,0
3.9553,-0.0596872,0.0105007,0
3.95629,-0.0596862,0.0104891,0
3.9573,-0.0597742,0.0105327,0
3.95835,-0.0596525,0.0104598,0
3.95938,-0.0596467,0.0104553,0
3.96036,-0.0597362,0.0104894,0
3.96132,-0.0596537,0.0104537,0
3.96231,-0.0596507,0.0104423,0
3.96333,-0.059737,0.0104857,0
3.9643,-0.0596566,0.01044,0
3.96525,-0.0596518,0.0104383,0
3.9663,-0.0596534,0.0104309,0
3.96736,-0.0597391,0.0104743,0
3.96829,-0.059658,0.0104283,0
3.96931,-0.059658,0.0104283,0
3.97032,-0.0597408,0.0104599,0
3.97128,-0.0596565,0.0104237,0
3.97228,-0.0596565,0.0104237,0
3.97331,-0.0596095,0.0103854,0
3.97449,-0.0596926,0.010426,0
3.97552,-0.0596966,0.0104212,0
3.97643,-0.0596059,0.0103817,0
3.97737,-0.0596894,0.0104117,0
3.97849,-0.05969,0.0104162,0
3.97951,-0.0596014,0.0103668,0
3.98032,-0.0596837,0.0104067,0
3.98139,-0.0595994,0.0103609,0
3.98243,-0.0596374,0.0103744,0
3.98335,-0.0596378,0.0103662,0
3.98445,-0.0595467,0.0103274,0
3.98543,-0.0596294,0.0103575,0
3.98658,-0.0596282,0.0103623,0
3.98754,-0.0596274,0.0103545,0
3.98831,-0.0596235,0.010356,0
3.98934,-0.0596232,0.0103478,0
3.99036,-0.0596183,0.0103494,0
3.99135,-0.0596171,0.0103412,0
3.99237,-0.0596135,0.0103428,0
3.99344,-0.0596123,0.0103346,0
3.99432,-0.0596123,0.0103346,0
3.9953,-0.0595672,0.0103102,0
3.99636,-0.0595672,0.0103102,0
3.99735,-0.0595183,0.0102845,0
3.99854,-0.0595586,0.0103135,0
3.99935,-0.0595621,0.0103095,0
4.00029,-0.0596487,0.0103525,0
4.00129,-0.0595655,0.0103069,0
4.00236,-0.0595648,0.0103007,0
4.00377,-0.0596488,0.0103408,0
4.00428,-0.0595649,0.0102947,0
4.00531,-0.059565,0.0102947,0
4.00637,-0.0595577,0.010293,0
4.00738,-0.0596047,0.0103005,0
4.00834,-0.0596028,0.0103029,0
4.00936,-0.0596022,0.0102948,0
4.01037,-0.059598,0.0102962,0
4.01133,-0.0595974,0.0102878,0
4.01229,-0.0595033,0.0102482,0
4.01331,-0.0595464,0.0102524,0
4.01432,-0.0596733,0.0103215,0
4.01533,-0.0595892,0.0102781,0
4.01637,-0.059626,0.0102911,0
4.01733,-0.0596692,0.0103089,0
4.01832,-0.0595775,0.010271,0
4.01947,-0.0594362,0.0101909,0
4.02036,-0.0595159,0.0102284,0
4.02131,-0.059518,0.0102239,0
4.02242,-0.0595143,0.0102267,0
4.02334,-0.0595124,0.0102185,0
4.02433,-0.0595081,0.0102206,0
4.02534,-0.0595064,0.0102126,0
4.02633,-0.0595022,0.0102147,0
4.02735,-0.0595458,0.0102214,0
4.02854,-0.0595846,0.010249,0
4.0293,-0.059496,0.0102026,0
4.03039,-0.0595358,0.0102162,0
4.0315,-0.0593946,0.0101514,0
4.0324,-0.0594339,0.0101658,0
4.03333,-0.0594792,0.0101732,0
4.03467,-0.0594267,0.0101605,0
4.03536,-0.0594242,0.0101527,0
4.03631,-0.059419,0.0101549,0
4.0373,-0.0594175,0.0101473,0
4.03831,-0.0594136,0.0101499,0
4.03935,-0.0594135,0.0101424,0
4.04035,-0.0593197,0.0101047,0
4.04132,-0.0594043,0.0101347,0
4.04252,-0.0594049,0.0101407,0
4.04324,-0.0594049,0.0101407,0
4.0443,-0.0593586,0.0101104,0
4.04532,-0.0593532,0.0100998,0
4.04632,-0.0593488,0.0101024,0
4.04741,-0.0593481,0.0100952,0
4.0483,-0.0593438,0.010098,0
4.04929,-0.0593422,0.0100907,0
4.0503,-0.0593382,0.0100934,0
4.0513,-0.0593368,0.0100861,0
4.05231,-0.059333,0.0100889,0
4.05329,-0.0593319,0.0100815,0
4.055,-0.0593284,0.0100843,0
4.05536,-0.0593263,0.0100769,0
4.05637,-0.0593229,0.0100797,0
4.05738,-0.0593684,0.0100868,0
4.05829,-0.0594114,0.0101038,0
4.05931,-0.0593607,0.0100807,0
4.06069,-0.0593607,0.0100807,0
4.06132,-0.0592561,0.0100311,0
4.06232,-0.0592057,0.0100199,0
4.06334,-0.0592057,0.0100199,0
4.06436,-0.059205,0.0100172,0
4.0656,-0.0592045,0.0100106,0
4.06631,-0.0592045,0.0100106,0
4.06728,-0.0592105,0.0100112,0
4.06833,-0.0592027,0.0100109,0
4.0693,-0.0592027,0.0100109,0
4.07032,-0.0592519,0.010019,0
4.07133,-0.059246,0.010013,0
4.0723,-0.0591589,0.00998039,0
4.07331,-0.0591523,0.00997009,0
4.0747,-0.0591523,0.00997009,0
4.07533,-0.059154,0.00997042,0
4.07634,-0.059154,0.00997042,0
4.07726,-0.0592407,0.00999882,0
4.07827,-0.0594625,0.0100497,0
4.07929,-0.0594625,0.0100497,0
4.08027,-0.0591956,0.00995409,0
4.08132,-0.0591956,0.00995409,0
4.08226,-0.0591203,0.00992923,0
4.08335,-0.0591203,0.00992923,0
4.08436,-0.0589705,0.00986627,0
4.08535,-0.0589123,0.00985264,0
4.08633,-0.0589552,0.00987203,0
4.08729,-0.0588247,0.00982929,0
4.08838,-0.0587806,0.00980892,0
4.08924,-0.0587981,0.00982898,0
4.09029,-0.0587981,0.00982898,0
4.09135,-0.0586797,0.00978738,0
4.09229,-0.0587333,0.00980823,0
4.09355,-0.0587093,0.00980855,0
4.09433,-0.0586037,0.00975989,0
4.09535,-0.0586176,0.00976765,0
4.09627,-0.0585983,0.00975689,0
4.09727,-0.0584981,0.00972136,0
4.09825,-0.0585473,0.00974954,0
4.09925,-0.0585364,0.00974148,0
4.10032,-0.0585364,0.00974148,0
4.10133,-0.0585249,0.00974339,0
4.1023,-0.0584253,0.00970051,0
4.1033,-0.0584253,0.00970051,0
4.10432,-0.0584999,0.0097299,0
4.10528,-0.0584208,0.00970223,0
4.10631,-0.0584133,0.00969302,0
4.1075,-0.0584882,0.00973307,0
4.10845,-0.058415,0.00969599,0
4.10953,-0.0583652,0.00967278,0
4.1103,-0.0584747,0.00971892,0
4.11143,-0.0584747,0.00971892,0
4.11236,-0.0584404,0.0097085,0
4.11325,-0.0584404,0.0097085,0
4.11425,-0.0583611,0.00967115,0
4.11526,-0.0584428,0.00970267,0
4.11625,-0.0584501,0.00971211,0
4.11752,-0.0584501,0.00971211,0
4.11943,-0.0583767,0.00967257,0
4.11974,-0.0584541,0.00971119,0
4.12069,-0.0584633,0.0097102,0
4.12128,-0.058425,0.00969199,0
4.12237,-0.0584256,0.00968459,0
4.12328,-0.0584295,0.00969065,0
4.12431,-0.058357,0.00965142,0
4.12542,-0.058357,0.00965598,0
4.12634,-0.0584093,0.00969613,0
4.12731,-0.0583624,0.00968033,0
4.12833,-0.0583856,0.00968432,0
4.1294,-0.0584846,0.00973581,0
4.13034,-0.0584267,0.00970737,0
4.13128,-0.0585354,0.00976141,0
4.13238,-0.0585354,0.00976141,0
4.13331,-0.0585045,0.00973413,0
4.13448,-0.0584235,0.00969984,0
4.13544,-0.0585113,0.00973886,0
4.1363,-0.058525,0.00975075,0
4.13724,-0.0584502,0.00971369,0
4.1383,-0.0585356,0.00975827,0
4.13931,-0.0585486,0.00976338,0
4.14027,-0.0585561,0.00977103,0
4.14132,-0.058477,0.00973179,0
4.14239,-0.0585643,0.00977619,0
4.1433,-0.0584902,0.00974056,0
4.14437,-0.0585771,0.00978468,0
4.14534,-0.0585447,0.00975788,0
4.14644,-0.0585428,0.00976073,0
4.14738,-0.0585471,0.00976099,0
4.14836,-0.0585511,0.00976674,0
4.14949,-0.0584683,0.00972627,0
4.15036,-0.0585531,0.00976989,0
4.15144,-0.0585623,0.00977344,0
4.1525,-0.0585662,0.00977913,0
4.15359,-0.0585698,0.00977885,0
4.15435,-0.0585731,0.00978357,0
4.15535,-0.0584879,0.00974155,0
4.15634,-0.0585747,0.00978523,0
4.1573,-0.0585838,0.00978817,0
4.15841,-0.0585369,0.00976215,0
4.15927,-0.058623,0.0098,0
4.1603,-0.0585406,0.00976482,0
4.16134,-0.0585382,0.00976091,0
4.16229,-0.0585393,0.00976467,0
4.16353,-0.0585432,0.00976414,0
4.16428,-0.0585441,0.0097683,0
4.16529,-0.0585467,0.00976745,0
4.16633,-0.0585488,0.00977149,0
4.16728,-0.0585515,0.00977049,0
4.16829,-0.0585539,0.00977442,0
4.16971,-0.0585539,0.00977442,0
4.17031,-0.0585585,0.00977697,0
4.17158,-0.0585112,0.00974475,0
4.1723,-0.0585053,0.00974481,0
4.17351,-0.058507,0.00974344,0
4.17429,-0.0585086,0.00974723,0
4.17529,-0.0585084,0.00974674,0
4.17629,-0.0585686,0.0100027,0
4.17732,-0.058617,0.0102324,0
4.1783,-0.0586129,0.0102456,0
4.17929,-0.0586104,0.0102495,0
4.1803,-0.0586094,0.0102529,0
4.18129,-0.0586051,0.01026,0
4.18249,-0.0585454,0.010196,0
4.18334,-0.058538,0.0102004,0
4.1848,-0.058538,0.0102004,0
4.18534,-0.058538,0.0102004,0
4.18635,-0.0584983,0.0102202,0
4.1873,-0.0585936,0.0102797,0
4.1883,-0.0585034,0.0102323,0
4.18931,-0.0585934,0.0102883,0
4.19029,-0.0585934,0.0102883,0
4.1913,-0.0585966,0.0102962,0
4.19228,-0.0585969,0.0102967,0
4.1933,-0.0585584,0.0103073,0
4.19445,-0.0585584,0.0103073,0
4.1953,-0.0585598,0.0103059,0
4.19635,-0.0585603,0.0103096,0
4.19732,-0.0585619,0.0103082,0
4.1983,-0.0585619,0.0103082,0
4.1993,-0.0586569,0.0103714,0
4.20032,-0.0586255,0.0103779,0
4.20129,-0.0587214,0.0104396,0
4.2023,-0.0586876,0.010442,0
4.20335,-0.0586876,0.010442,0
4.2045,-0.0586862,0.0104395,0
4.2053,-0.0586879,0.0104327,0
4.2063,-0.0586876,0.010431,0
4.20734,-0.0587867,0.0104882,0
4.2083,-0.0587867,0.0104882,0
4.2093,-0.0586917,0.0104252,0
4.21041,-0.0586843,0.0104134,0
4.21132,-0.0586843,0.0104134,0
4.2123,-0.0587831,0.0104756,0
4.21331,-0.0587453,0.0104744,0
4.21443,-0.0588448,0.010535,0
4.2153,-0.0587474,0.0104635,0
4.21632,-0.0587366,0.0104544,0
4.21727,-0.0588389,0.0105116,0
4.21831,-0.0588389,0.0105116,0
4.21936,-0.0588414,0.0105109,0
4.2203,-0.0587938,0.0105009,0
4.2213,-0.0588357,0.0104946,0
4.22232,-0.0587875,0.0104849,0
4.2233,-0.0587837,0.0104788,0
4.22431,-0.058782,0.0104691,0
4.22531,-0.0587775,0.0104641,0
4.22629,-0.0587775,0.0104641,0
4.22733,-0.0587772,0.0104522,0
4.22831,-0.0587649,0.0104386,0
4.22929,-0.0588092,0.0104304,0
4.2303,-0.0588092,0.0104304,0
4.23131,-0.0587538,0.0104167,0
4.23234,-0.0587482,0.0104126,0
4.23329,-0.0587914,0.0104037,0
4.2344,-0.0586803,0.0103336,0
4.23571,-0.0586803,0.0103336,0
4.23677,-0.0587749,0.0103881,0
4.23735,-0.0586709,0.0103229,0
4.23833,-0.0586577,0.0103112,0
4.23927,-0.058757,0.0103746,0
4.24028,-0.0587461,0.0103653,0
4.24128,-0.0587461,0.0103653,0
4.24235,-0.0586427,0.0102951,0
4.2433,-0.0587284,0.010347,0
4.24426,-0.0586248,0.0102831,0
4.24539,-0.0586248,0.0102831,0
4.24652,-0.0586111,0.0102711,0
4.2473,-0.0586526,0.0102687,0
4.24836,-0.0585428,0.0101977,0
4.24935,-0.0586344,0.0102577,0
4.25029,-0.058632,0.0102551,0
4.25132,-0.0586259,0.0102544,0
4.25231,-0.0586259,0.0102544,0
4.2533,-0.0586095,0.0102454,0
4.2543,-0.0586038,0.0102386,0
4.25531,-0.0585958,0.0102366,0
4.25629,-0.0585878,0.0102298,0
4.25729,-0.0585811,0.0102278,0
4.2583,-0.0585175,0.0101566,0
4.25931,-0.0585032,0.0101507,0
4.26029,-0.0584963,0.0101447,0
4.26129,-0.0584885,0.010145,0
4.26229,-0.0584819,0.0101404,0
4.26332,-0.0584742,0.0101403,0
4.26431,-0.0584678,0.0101353,0
4.2653,-0.0584596,0.0101345,0
4.26628,-0.058451,0.0101183,0
4.26731,-0.0583883,0.0100697,0
4.2683,-0.0584324,0.010072,0
4.26933,-0.0583221,0.00999617,0
4.27039,-0.0583577,0.00999705,0
4.27132,-0.0583485,0.00997509,0
4.2723,-0.058437,0.0100129,0
4.27331,-0.0582846,0.00991455,0
4.2743,-0.0582698,0.00989417,0
4.27533,-0.0582658,0.00987585,0
4.27629,-0.0582598,0.00986269,0
4.27732,-0.0582598,0.00986269,0
4.27833,-0.058255,0.00984511,0
4.27939,-0.0582493,0.00983269,0
4.28052,-0.0582925,0.00983838,0
4.28139,-0.0582844,0.00982608,0
4.28231,-0.0582781,0.00980909,0
4.28334,-0.0582711,0.0097968,0
4.28429,-0.0583132,0.00980252,0
4.28536,-0.0582529,0.00976847,0
4.28631,-0.0582959,0.00977423,0
4.28728,-0.058336,0.00979287,0
4.2883,-0.0582358,0.00972881,0
4.28931,-0.0582221,0.00971502,0
4.29069,-0.0582221,0.00971502,0
4.2913,-0.0582107,0.00969173,0
4.29233,-0.0581572,0.00964892,0
4.2933,-0.0581572,0.00964892,0
4.29431,-0.0581367,0.00962491,0
4.29544,-0.0581367,0.00962491,0
4.29665,-0.0582226,0.00965481,0
4.29734,-0.0580746,0.00958296,0
4.29851,-0.0581147,0.00958763,0
4.29934,-0.0581147,0.00958763,0
4.30041,-0.058103,0.00957086,0
4.30155,-0.0580466,0.00954653,0
4.30245,-0.0580466,0.00954653,0
4.3033,-0.0580943,0.00955528,0
4.30432,-0.058136,0.00956877,0
4.3053,-0.0580323,0.00951085,0
4.3063,-0.0580673,0.00953151,0
4.30732,-0.0580681,0.00952494,0
4.3083,-0.0580624,0.00952069,0
4.30934,-0.0580579,0.00951149,0
4.31046,-0.0580525,0.00950723,0
4.31149,-0.0580492,0.00949838,0
4.31234,-0.0580427,0.00949445,0
4.31334,-0.0580394,0.00948586,0
4.3144,-0.0579853,0.00945295,0
4.31536,-0.0579721,0.00944272,0
4.31649,-0.0580663,0.00948222,0
4.31802,-0.0580663,0.00948222,0
4.31872,-0.0579551,0.00942405,0
4.31986,-0.0579481,0.00942057,0
4.32059,-0.0579432,0.0094133,0
4.32129,-0.0579432,0.0094133,0
4.32231,-0.0579324,0.00940357,0
4.3233,-0.0579266,0.0094012,0
4.32433,-0.057922,0.00939424,0
4.32596,-0.057918,0.00939209,0
4.32631,-0.0578651,0.00935632,0
4.32731,-0.0578519,0.00935099,0
4.32834,-0.0578475,0.00934431,0
4.3293,-0.057841,0.00934275,0
4.33031,-0.0578356,0.00933653,0
4.3313,-0.0578294,0.00933507,0
4.33251,-0.0578244,0.00932902,0
4.33344,-0.0578184,0.00932773,0
4.33509,-0.0577182,0.00927736,0
4.33532,-0.0577553,0.00928899,0
4.33637,-0.0577495,0.0092835,0
4.33731,-0.0577441,0.00928312,0
4.33833,-0.057739,0.00927769,0
4.33936,-0.0577326,0.009277,0
4.34029,-0.0577275,0.00927169,0
4.34133,-0.0577218,0.00927119,0
4.34243,-0.057718,0.00926614,0
4.34335,-0.057718,0.00926614,0
4.34431,-0.0577101,0.00926095,0
4.34531,-0.057611,0.00921711,0
4.34629,-0.0576504,0.00922444,0
4.3473,-0.057599,0.00921058,0
4.34839,-0.0575942,0.00920623,0
4.3494,-0.05759,0.00920738,0
4.35031,-0.0576807,0.0092463,0
4.35133,-0.0575905,0.00920745,0
4.35238,-0.0575824,0.00919961,0
4.35331,-0.0575814,0.00920113,0
4.35446,-0.0575824,0.00919786,0
4.35541,-0.0575825,0.0091994,0
4.35641,-0.0575859,0.00919621,0
4.35729,-0.0575925,0.00919852,0
4.35841,-0.0575552,0.00916739,0
4.35945,-0.0575745,0.00916896,0
4.3603,-0.0576364,0.00917391,0
4.36132,-0.0580346,0.00924476,0
4.36231,-0.0587452,0.00938005,0
4.36333,-0.0589486,0.00937317,0
4.36437,-0.0590411,0.00937139,0
4.36542,-0.0592242,0.00942408,0
4.36633,-0.0592733,0.00942757,0
4.3673,-0.0591708,0.00937309,0
4.36835,-0.0592297,0.00936624,0
4.36928,-0.0591411,0.00932759,0
4.37032,-0.0591467,0.00931554,0
4.37132,-0.0592993,0.0093649,0
4.37236,-0.0592012,0.00931342,0
4.3733,-0.0592207,0.00931221,0
4.37447,-0.0592207,0.00931221,0
4.37532,-0.0593945,0.00936146,0
4.37631,-0.0592526,0.00929655,0
4.37732,-0.0592921,0.00929835,0
4.37837,-0.0594447,0.00933876,0
4.37932,-0.0593293,0.0092957,0
4.38036,-0.0593398,0.00928471,0
4.38167,-0.0592332,0.00924601,0
4.38232,-0.0592158,0.00923324,0
4.38332,-0.0592158,0.00923324,0
4.38447,-0.0593563,0.00928175,0
4.38561,-0.059372,0.00927773,0
4.38639,-0.0592505,0.00923301,0
4.38728,-0.0593955,0.00927077,0
4.38829,-0.0594081,0.00927489,0
4.38932,-0.0592824,0.0092214,0
4.39032,-0.0594269,0.00926781,0
4.39142,-0.0594379,0.00926342,0
4.39237,-0.0593074,0.00921808,0
4.39332,-0.0594537,0.00925648,0
4.39451,-0.0593512,0.00922108,0
4.39546,-0.0591788,0.00916276,0
4.39632,-0.0593193,0.00920262,0
4.39746,-0.0593281,0.00920767,0
4.39869,-0.0593421,0.0092044,0
4.39947,-0.0593421,0.0092044,0
4.40067,-0.0593879,0.00920849,0
4.4015,-0.0594394,0.00923956,0
4.40228,-0.0593395,0.00919392,0
4.40331,-0.0592655,0.00915911,0
4.40434,-0.0592132,0.00914307,0
4.40554,-0.0591785,0.00914014,0
4.40703,-0.0591675,0.00913394,0
4.40743,-0.059173,0.00913632,0
4.40872,-0.0591002,0.00912193,0
4.40929,-0.0589885,0.00910808,0
4.41034,-0.0588859,0.00909011,0
4.4113,-0.0587893,0.00907889,0
4.41231,-0.058701,0.00906376,0
4.41332,-0.0586169,0.00905483,0
4.41429,-0.0585391,0.00904198,0
4.41533,-0.0584192,0.00900663,0
4.4163,-0.0583426,0.00899241,0
4.41731,-0.058275,0.00898696,0
4.41834,-0.0582122,0.00897773,0
4.41946,-0.0581515,0.00897382,0
4.42031,-0.0580952,0.00896575,0
4.42134,-0.0581181,0.00897738,0
4.42241,-0.0578688,0.00891296,0
4.42338,-0.0579325,0.00895045,0
4.42449,-0.057968,0.00896184,0
4.42583,-0.0577307,0.00890412,0
4.42674,-0.057755,0.00890985,0
4.42733,-0.0577125,0.00890916,0
4.42844,-0.0576747,0.00890472,0
4.42941,-0.0576363,0.00890476,0
4.43034,-0.0576683,0.00891389,0
4.43131,-0.0575634,0.00890026,0
4.43231,-0.0575634,0.00890026,0
4.4333,-0.0574973,0.0088967,0
4.43429,-0.0574677,0.0088931,0
4.43525,-0.0574381,0.00889422,0
4.43629,-0.0574108,0.00889083,0
4.43729,-0.0573842,0.00889205,0
4.43829,-0.0573582,0.00888893,0
4.43947,-0.0573335,0.00889028,0
4.44029,-0.0572671,0.0088599,0
4.4413,-0.0572361,0.00885831,0
4.44229,-0.0572132,0.00885524,0
4.44329,-0.0571898,0.00885713,0
4.44429,-0.0571684,0.00885439,0
4.44531,-0.0571467,0.00885629,0
4.44631,-0.0571268,0.00885364,0
4.44731,-0.0571066,0.00885561,0
4.44829,-0.0570881,0.008853,0
4.4493,-0.0570692,0.008855,0
4.45027,-0.0570519,0.00885241,0
4.45131,-0.0570341,0.00885443,0
4.45233,-0.0570341,0.00885443,0
4.45333,-0.0569518,0.00882375,0
4.45431,-0.0569351,0.00882237,0
4.45538,-0.0569351,0.00882237,0
4.45638,-0.0569018,0.00882332,0
4.45731,-0.0569429,0.00883379,0
4.45865,-0.0569666,0.00886253,0
4.45934,-0.0569666,0.00886253,0
4.46032,-0.0568607,0.00882262,0
4.46135,-0.0569376,0.00886145,0
4.46233,-0.0569292,0.00886189,0
4.46337,-0.0568165,0.00882285,0
4.46436,-0.0567979,0.00881651,0
4.4653,-0.0566846,0.00877836,0
4.46637,-0.0567633,0.00881334,0
4.46735,-0.0567577,0.00881871,0
4.46839,-0.0566524,0.00877697,0
4.46928,-0.0567302,0.0088163,0
4.47046,-0.056726,0.00881711,0
4.47137,-0.0567057,0.00881699,0
4.47229,-0.0567057,0.00881699,0
4.47338,-0.0566544,0.00879221,0
4.47434,-0.0565842,0.008773,0
4.47539,-0.0566274,0.00878875,0
4.47641,-0.0566173,0.00878655,0
4.47731,-0.0566069,0.00878873,0
4.47837,-0.0565969,0.00878606,0
4.47932,-0.0565867,0.00878784,0
4.48039,-0.0564845,0.00874565,0
4.48131,-0.0565613,0.0087845,0
4.48243,-0.0566107,0.00879826,0
4.48334,-0.0564152,0.00872094,0
4.48437,-0.056486,0.00875172,0
4.48531,-0.0564807,0.00875649,0
4.48629,-0.0564722,0.00875453,0
4.4874,-0.0564617,0.00875651,0
4.48846,-0.0565443,0.00879295,0
4.48939,-0.0564494,0.00875833,0
4.49041,-0.0564353,0.00875242,0
4.49132,-0.0564256,0.00875386,0
4.49241,-0.0563779,0.00872513,0
4.49342,-0.0563623,0.00872393,0
4.49433,-0.0563539,0.00872125,0
4.4953,-0.0563446,0.00872344,0
4.49631,-0.056337,0.00872087,0
4.49732,-0.0562394,0.00868443,0
4.4984,-0.0563152,0.00871798,0
4.49948,-0.0563134,0.00872326,0
4.5003,-0.0563067,0.00872145,0
4.50129,-0.0562989,0.00872342,0
4.50266,-0.0562928,0.00872078,0
4.50363,-0.0562849,0.00872295,0
4.50456,-0.0562787,0.0087204,0
4.5056,-0.0562321,0.00869638,0
4.50631,-0.0562188,0.00869192,0
4.50729,-0.0562116,0.00869017,0
4.5083,-0.0562036,0.00869247,0
4.50931,-0.056197,0.00869004,0
4.51032,-0.0561895,0.00869216,0
4.51131,-0.0561833,0.00868973,0
4.51231,-0.0561762,0.00869185,0
4.51329,-0.0561704,0.00868941,0
4.51431,-0.0561637,0.0086915,0
4.51532,-0.0561582,0.00868903,0
4.51644,-0.0561582,0.00868903,0
4.51734,-0.0561077,0.00866277,0
4.51876,-0.0560949,0.00866153,0
4.51942,-0.0560883,0.00865906,0
4.52123,-0.0560807,0.00866144,0
4.52196,-0.0561606,0.00869698,0
4.52265,-0.0560735,0.00866376,0
4.52363,-0.0560622,0.00865812,0
4.52463,-0.0560622,0.00865812,0
4.52564,-0.05605,0.00865749,0
4.52682,-0.0560056,0.00863398,0
4.52732,-0.0559941,0.00862833,0
4.52829,-0.0560721,0.00866849,0
4.52931,-0.0559862,0.00863107,0
4.53031,-0.055974,0.00862994,0
4.5313,-0.0560537,0.00866557,0
4.53241,-0.055967,0.00863232,0
4.53333,-0.0559558,0.00862696,0
4.53441,-0.055949,0.0086289,0
4.53545,-0.0559905,0.00863869,0
4.53631,-0.0559371,0.00862867,0
4.5374,-0.0559787,0.00863822,0
4.53831,-0.0560176,0.0086525,0
4.5393,-0.0559635,0.00863666,0
4.5403,-0.0559104,0.00862554,0
4.54146,-0.0559529,0.00863546,0
4.54228,-0.0559529,0.00863546,0
4.54331,-0.0558439,0.00859058,0
4.54441,-0.0558898,0.00860839,0
4.54529,-0.055835,0.00859325,0
4.54629,-0.0558743,0.00860748,0
4.5473,-0.055861,0.0086182,0
4.54829,-0.0557802,0.00858627,0
4.5493,-0.0557722,0.00858132,0
4.55032,-0.0558525,0.00862172,0
4.55132,-0.0557758,0.00858627,0
4.55229,-0.0557291,0.00856038,0
4.55332,-0.0558035,0.00859292,0
4.55429,-0.055725,0.0085622,0
4.55532,-0.0557149,0.00855702,0
4.55642,-0.0557929,0.00859676,0
4.55729,-0.0557153,0.0085614,0
4.5583,-0.0557044,0.00856059,0
4.55931,-0.0557832,0.00859698,0
4.56029,-0.0557055,0.00856233,0
4.56129,-0.0556948,0.0085613,0
4.56229,-0.0556934,0.00855975,0
4.56331,-0.0556901,0.00856264,0
4.56429,-0.0556514,0.00853575,0
4.56529,-0.0556413,0.00853533,0
4.5663,-0.0556385,0.00853382,0
4.56733,-0.055634,0.00853666,0
4.56826,-0.055634,0.00853666,0
4.56933,-0.0557058,0.00857389,0
4.57029,-0.0556282,0.00853822,0
4.5713,-0.0556168,0.00853688,0
4.57231,-0.0556147,0.00853515,0
4.57341,-0.0556108,0.00853785,0
4.57431,-0.0556077,0.00853603,0
4.57533,-0.0556476,0.00854999,0
4.5763,-0.0555639,0.00851105,0
4.57731,-0.0555524,0.00850998,0
4.57828,-0.0555494,0.00850836,0
4.5793,-0.0555448,0.00851109,0
4.5803,-0.0555411,0.00850914,0
4.58133,-0.0555366,0.0085117,0
4.58248,-0.0555332,0.00850969,0
4.5833,-0.0555332,0.00850969,0
4.58441,-0.0555289,0.00851222,0
4.58528,-0.0555217,0.00851266,0
4.58632,-0.0555217,0.00851266,0
4.58733,-0.0555159,0.00849666,0
4.58833,-0.0555888,0.00853036,0
4.58949,-0.0554654,0.00848782,0
4.59035,-0.0555337,0.00851805,0
4.5913,-0.0554555,0.00848696,0
4.59232,-0.0554451,0.00848141,0
4.59344,-0.0555192,0.00851984,0
4.59431,-0.0554441,0.00848499,0
4.59531,-0.0554329,0.00848389,0
4.59633,-0.0555082,0.00851776,0
4.5973,-0.0553977,0.00846279,0
4.59839,-0.0553812,0.00845405,0
4.5993,-0.0554543,0.00849232,0
4.60034,-0.0553793,0.00845806,0
4.60135,-0.0553675,0.00845709,0
4.60233,-0.0554412,0.00849056,0
4.60329,-0.0553656,0.00846067,0
4.6043,-0.0553554,0.00845492,0
4.60536,-0.0553601,0.00845823,0
4.60674,-0.0553572,0.00845644,0
4.60726,-0.0553532,0.00845925,0
4.60831,-0.0553922,0.00846828,0
4.60941,-0.055387,0.00847035,0
4.61031,-0.0553059,0.00843211,0
4.6113,-0.0552949,0.00843143,0
4.61232,-0.0552949,0.00843143,0
4.61326,-0.0553678,0.00847038,0
4.61432,-0.0553638,0.00846914,0
4.6156,-0.0552828,0.00843152,0
4.6164,-0.0552725,0.00843073,0
4.61729,-0.0552725,0.00843073,0
4.61857,-0.0552725,0.00843073,0
4.61935,-0.0552667,0.00843206,0
4.62044,-0.0552999,0.00844326,0
4.6213,-0.05522,0.0084055,0
4.62236,-0.0552092,0.00840491,0
4.6233,-0.0552805,0.00843785,0
4.62429,-0.055207,0.00840881,0
4.62531,-0.055207,0.00840881,0
4.62622,-0.0552341,0.00841677,0
4.6273,-0.0552341,0.00841677,0
4.62831,-0.0551891,0.00840909,0
4.6293,-0.0551798,0.00840367,0
4.63044,-0.0552508,0.00844112,0
4.63132,-0.0551796,0.00840738,0
4.63225,-0.0551363,0.00838238,0
4.6334,-0.0551363,0.00838238,0
4.63433,-0.055202,0.0084124,0
4.63535,-0.0552024,0.0084178,0
4.63632,-0.0551985,0.00841567,0
4.63731,-0.0551931,0.00841732,0
4.63843,-0.0551147,0.00837993,0
4.63934,-0.0551788,0.00841418,0
4.64041,-0.0551802,0.00841455,0
4.64132,-0.0551018,0.00838214,0
4.64245,-0.0551672,0.00841178,0
4.64333,-0.0551679,0.00841667,0
4.64433,-0.0550908,0.00837963,0
4.64561,-0.0551229,0.00838987,0
4.64638,-0.0551187,0.00838721,0
4.64735,-0.0550403,0.00835512,0
4.64833,-0.055104,0.00838446,0
4.64939,-0.0551038,0.00838938,0
4.65065,-0.055027,0.00835272,0
4.65132,-0.055017,0.0083522,0
4.65239,-0.0550864,0.00838467,0
4.65341,-0.0550873,0.00839028,0
4.65438,-0.0550842,0.00838808,0
4.65536,-0.0550795,0.00838975,0
4.65633,-0.0550031,0.00835266,0
4.65732,-0.0550346,0.0083628,0
4.65838,-0.0550304,0.00836036,0
4.65936,-0.0550252,0.00836268,0
4.66038,-0.0550207,0.00836014,0
4.66136,-0.0550151,0.00836201,0
4.66238,-0.0549391,0.00832552,0
4.66336,-0.0550009,0.00835912,0
4.66432,-0.0550021,0.00835953,0
4.66539,-0.0549259,0.008328,0
4.66633,-0.0549889,0.00835695,0
4.66737,-0.0549895,0.0083621,0
4.66834,-0.0549864,0.00835983,0
4.66936,-0.0548793,0.00830412,0
4.67039,-0.0549365,0.00833014,0
4.67131,-0.054936,0.00833516,0
4.67231,-0.0549321,0.00833326,0
4.67332,-0.0549267,0.00833529,0
4.67435,-0.0549221,0.0083339,0
4.67537,-0.0548475,0.00829878,0
4.67631,-0.0549082,0.00833215,0
4.67732,-0.0549094,0.00833258,0
4.67831,-0.054835,0.00830151,0
4.67937,-0.054897,0.00833013,0
4.6803,-0.0548975,0.0083351,0
4.6813,-0.0548245,0.00829937,0
4.68238,-0.054855,0.00830911,0
4.68339,-0.054851,0.00830675,0
4.68431,-0.054846,0.00830915,0
4.68543,-0.0548417,0.0083067,0
4.68633,-0.0548364,0.00830884,0
4.68739,-0.0548324,0.00830642,0
4.68833,-0.0548274,0.00830856,0
4.68945,-0.0548235,0.00830594,0
4.69032,-0.0547498,0.00827485,0
4.69133,-0.0548105,0.0083032,0
4.6923,-0.0548505,0.0083188,0
4.69345,-0.0548752,0.00833899,0
4.69434,-0.0548072,0.00831048,0
4.69527,-0.0547985,0.0083048,0
4.69631,-0.054764,0.00828321,0
4.69729,-0.054755,0.00827773,0
4.69831,-0.0547495,0.00827973,0
4.6993,-0.0547453,0.00827744,0
4.7003,-0.0547401,0.00827966,0
4.70131,-0.0547401,0.00827966,0
4.70231,-0.0547362,0.0082773,0
4.70328,-0.0546929,0.00826965,0
4.7043,-0.0547581,0.00830056,0
4.70531,-0.05476,0.00830608,0
4.70628,-0.0547583,0.00830389,0
4.7073,-0.0547257,0.00828264,0
4.7083,-0.0547176,0.0082771,0
4.70935,-0.0547128,0.00827892,0
4.71036,-0.0547091,0.00827642,0
4.71131,-0.0547043,0.00827842,0
4.71231,-0.0547008,0.00827582,0
4.71331,-0.054696,0.00827759,0
4.7145,-0.0546925,0.00827496,0
4.71529,-0.054688,0.0082769,0
4.71628,-0.0546848,0.00827444,0
4.71729,-0.0546514,0.00825314,0
4.71833,-0.0546424,0.00824757,0
4.7193,-0.0546369,0.00824958,0
4.72041,-0.0546321,0.00824686,0
4.72131,-0.0546267,0.00824887,0
4.72228,-0.0546224,0.00824628,0
4.72335,-0.0546173,0.00824829,0
4.72438,-0.0546173,0.00824829,0
4.72534,-0.0546083,0.0082477,0
4.72663,-0.054671,0.00827781,0
4.72731,-0.054671,0.00827781,0
4.72831,-0.0545678,0.00822116,0
4.7293,-0.0545678,0.00822116,0
4.7303,-0.0545192,0.00821003,0
4.73129,-0.054516,0.00820825,0
4.73229,-0.0545768,0.00824293,0
4.73329,-0.0545789,0.00824363,0
4.73425,-0.0545751,0.0082459,0
4.73531,-0.0545719,0.00824306,0
4.73629,-0.0545677,0.00824491,0
4.73728,-0.0545642,0.0082434,0
4.73829,-0.0545608,0.00824151,0
4.7393,-0.0545568,0.0082436,0
4.74029,-0.0545256,0.00821781,0
4.74129,-0.0545816,0.00824949,0
4.74231,-0.0545161,0.00821641,0
4.74331,-0.0545057,0.00821527,0
4.74429,-0.0545008,0.00821206,0
4.74531,-0.0544914,0.00821431,0
4.74632,-0.0544872,0.00821156,0
4.74729,-0.0544821,0.0082134,0
4.74835,-0.0544781,0.00821063,0
4.74929,-0.0544731,0.00821246,0
4.7503,-0.0544696,0.00820988,0
4.75132,-0.0544644,0.00821147,0
4.75232,-0.0545252,0.00824093,0
4.75328,-0.0544337,0.0081905,0
4.7543,-0.0543814,0.00817147,0
4.75531,-0.0543774,0.00817398,0
4.75631,-0.0544107,0.0081812,0
4.75732,-0.054406,0.0081835,0
4.75829,-0.0544018,0.00818088,0
4.75927,-0.0544018,0.00818088,0
4.76046,-0.0543917,0.00817995,0
4.76133,-0.0543866,0.00818201,0
4.76238,-0.0543821,0.00817902,0
4.76341,-0.0543406,0.00817153,0
4.76431,-0.0543109,0.00814654,0
4.76529,-0.0543027,0.0081462,0
4.76629,-0.0542999,0.00814436,0
4.76759,-0.0542956,0.00814696,0
4.76833,-0.0542924,0.0081448,0
4.76932,-0.0542882,0.00814723,0
4.77032,-0.0542855,0.00814522,0
4.77131,-0.0542855,0.00814522,0
4.77235,-0.0543157,0.00815595,0
4.77344,-0.0542775,0.00814489,0
4.77433,-0.0543307,0.00817568,0
4.77548,-0.0543307,0.00817568,0
4.77628,-0.0542624,0.00814369,0
4.77742,-0.054294,0.00815479,0
4.77831,-0.0542302,0.00812124,0
4.77931,-0.0542302,0.00812124,0
4.78042,-0.0542202,0.00812048,0
4.78136,-0.0542769,0.00814895,0
4.78238,-0.0542077,0.0081177,0
4.78329,-0.0542077,0.0081177,0
4.78436,-0.0542633,0.00815066,0
4.78556,-0.0542048,0.00812036,0
4.78641,-0.054195,0.00811935,0
4.78754,-0.0542518,0.00814764,0
4.78853,-0.0541673,0.00809984,0
4.78932,-0.0541534,0.00809116,0
4.79036,-0.0541496,0.00809423,0
4.79131,-0.0542044,0.00812249,0
4.79229,-0.0542033,0.00812725,0
4.79334,-0.0541397,0.00809379,0
4.79434,-0.0541304,0.00809308,0
4.79526,-0.0541857,0.00812114,0
4.79625,-0.0541273,0.00809602,0
4.79729,-0.0541188,0.00809047,0
4.79826,-0.0541744,0.00812348,0
4.79926,-0.0541744,0.00812348,0
4.80027,-0.0540866,0.00807289,0
4.80128,-0.0541329,0.00809532,0
4.80225,-0.0541313,0.0080997,0
4.8034,-0.0540684,0.00806826,0
4.80431,-0.0540599,0.00806403,0
4.80536,-0.0541124,0.0080964,0
4.80635,-0.0540561,0.00806717,0
4.80741,-0.0540465,0.00806645,0
4.80832,-0.0541004,0.00809401,0
4.80935,-0.0540441,0.00806963,0
4.8104,-0.0540934,0.0080944,0
4.81143,-0.0540929,0.00809877,0
4.81241,-0.0540325,0.0080661,0
4.81342,-0.0539968,0.00804117,0
4.81435,-0.0539968,0.00804117,0
4.81546,-0.0539871,0.00804082,0
4.81632,-0.0540394,0.00806817,0
4.81738,-0.0539832,0.00804409,0
4.81838,-0.0539747,0.00803881,0
4.8198,-0.0540261,0.00807066,0
4.82056,-0.0539717,0.0080419,0
4.82153,-0.0539625,0.00804125,0
4.82271,-0.0540155,0.00806866,0
4.8234,-0.0540155,0.00806866,0
4.82432,-0.0539847,0.00804703,0
4.82533,-0.0539793,0.00804877,0
4.82632,-0.0539754,0.00804646,0
4.82731,-0.0540257,0.0080779,0
4.8283,-0.0539703,0.00804825,0
4.82933,-0.0539612,0.00804744,0
4.83038,-0.0539572,0.00804444,0
4.83132,-0.0539525,0.00804662,0
4.83242,-0.0539491,0.00804404,0
4.83342,-0.0539442,0.0080459,0
4.83431,-0.0539442,0.0080459,0
4.83531,-0.0539178,0.00802172,0
4.83632,-0.053877,0.00801319,0
4.8373,-0.053877,0.00801319,0
4.83829,-0.0539279,0.00804016,0
4.83946,-0.053928,0.0080454,0
4.84029,-0.0538937,0.00803509,0
4.84139,-0.0538937,0.00803509,0
4.84238,-0.0539133,0.00805884,0
4.84332,-0.0539707,0.00808852,0
4.84435,-0.0539192,0.00806365,0
4.84535,-0.053914,0.0080577,0
4.84636,-0.0539452,0.00806835,0
4.84734,-0.0539439,0.00806561,0
4.84833,-0.0539735,0.00807596,0
4.84939,-0.0539382,0.00806399,0
4.85046,-0.0538782,0.00803513,0
4.8514,-0.0539266,0.00805933,0
4.85246,-0.0539267,0.00806352,0
4.85345,-0.0538698,0.00803081,0
4.85455,-0.0539165,0.0080595,0
4.85536,-0.0539175,0.00805887,0
4.85638,-0.0538374,0.00800944,0
4.85735,-0.0538803,0.00803065,0
4.8583,-0.0538792,0.00803484,0
4.8594,-0.0538754,0.00803208,0
4.86033,-0.0538702,0.00803342,0
4.86134,-0.0538661,0.00803011,0
4.8628,-0.053861,0.00803152,0
4.86356,-0.0538571,0.00802821,0
4.86458,-0.0538516,0.00802938,0
4.86541,-0.0537946,0.00799682,0
4.86656,-0.053839,0.00802505,0
4.86737,-0.0538172,0.00800314,0
4.86845,-0.0537555,0.0079731,0
4.86937,-0.0537995,0.00799644,0
4.87047,-0.0537972,0.00800076,0
4.87134,-0.053741,0.0079693,0
4.87269,-0.0537836,0.00799715,0
4.87368,-0.0537832,0.00799683,0
4.8744,-0.0537783,0.0079988,0
4.87559,-0.0537734,0.0079966,0
4.87644,-0.0537696,0.00799458,0
4.87733,-0.0537645,0.00799621,0
4.87831,-0.053792,0.00800101,0
4.87933,-0.0537864,0.00800225,0
4.88034,-0.0538129,0.00800672,0
4.88141,-0.0537547,0.00797875,0
4.88232,-0.0537133,0.00796437,0
4.88329,-0.0537059,0.00796544,0
4.88433,-0.0537016,0.00796277,0
4.88551,-0.0537008,0.00796264,0
4.8863,-0.0536903,0.00796107,0
4.88731,-0.0536849,0.00796291,0
4.88833,-0.0536597,0.00793869,0
4.88929,-0.053701,0.00796622,0
4.89034,-0.05365,0.0079376,0
4.89132,-0.0536404,0.00793691,0
4.89229,-0.0536356,0.00793385,0
4.89331,-0.0536302,0.00793601,0
4.89432,-0.0536261,0.00793337,0
4.89532,-0.0536211,0.00793544,0
4.8963,-0.0536173,0.00793278,0
4.89734,-0.053613,0.00793507,0
4.89832,-0.0536089,0.00793217,0
4.89928,-0.0536089,0.00793217,0
4.90032,-0.0535809,0.00791056,0
4.90132,-0.0535716,0.0079098,0
4.90234,-0.0535669,0.00790702,0
4.90331,-0.0535617,0.00790938,0
4.90429,-0.0535577,0.00790692,0
4.90564,-0.0535529,0.00790919,0
4.90654,-0.0535493,0.00790672,0
4.90732,-0.0535447,0.00790898,0
4.90867,-0.0535419,0.00790672,0
4.90933,-0.0535419,0.00790672,0
4.91035,-0.053534,0.00790623,0
4.91155,-0.053534,0.00790623,0
4.91231,-0.0535575,0.00791495,0
4.9134,-0.0534806,0.00787883,0
4.91435,-0.0535188,0.00790556,0
4.91536,-0.0535193,0.00790568,0
4.91634,-0.053516,0.00790828,0
4.9175,-0.0535135,0.00790561,0
4.91899,-0.05351,0.00790774,0
4.91984,-0.0535075,0.00790512,0
4.92044,-0.053504,0.00790722,0
4.92128,-0.053482,0.00788367,0
4.92243,-0.053482,0.00788367,0
4.92334,-0.0534747,0.00788325,0
4.92437,-0.0534446,0.00787442,0
4.92555,-0.0534446,0.00787442,0
4.92637,-0.0534615,0.00789798,0
4.92736,-0.0534615,0.00789798,0
4.92848,-0.0535336,0.00793347,0
4.92956,-0.0534589,0.00790116,0
4.93031,-0.0534525,0.00789506,0
4.93149,-0.0534515,0.00789781,0
4.93231,-0.0534515,0.00789781,0
4.93342,-0.0535192,0.00793104,0
4.93432,-0.0534299,0.00787608,0
4.93534,-0.053418,0.00787207,0
4.93628,-0.0534426,0.0078761,0
4.93752,-0.0534134,0.00787266,0
4.93842,-0.0534538,0.00789637,0
4.93933,-0.0534099,0.00787446,0
4.94033,-0.0534478,0.00789562,0
4.94132,-0.053404,0.00787342,0
4.94229,-0.0534236,0.00787415,0
4.9433,-0.053376,0.00784929,0
4.94434,-0.0533685,0.00784387,0
4.94534,-0.0533705,0.00784684,0
4.9463,-0.0533673,0.00784448,0
4.9473,-0.0533635,0.00784705,0
4.9483,-0.053403,0.00787049,0
4.94946,-0.0533596,0.00784899,0
4.95031,-0.0533532,0.00784347,0
4.95132,-0.0533921,0.00787183,0
4.95235,-0.05335,0.00784692,0
4.9533,-0.053343,0.00784217,0
4.9543,-0.0533223,0.00782432,0
4.9553,-0.0533163,0.00781941,0
4.9563,-0.053312,0.0078221,0
4.95731,-0.0533091,0.00782003,0
4.95837,-0.053346,0.00784796,0
4.95933,-0.0533047,0.00782216,0
4.96031,-0.0532971,0.00782164,0
4.96131,-0.0533357,0.00784482,0
4.96237,-0.053294,0.00782398,0
4.9633,-0.0532878,0.0078186,0
4.96432,-0.0533253,0.00784657,0
4.96555,-0.0532852,0.00782087,0
4.96631,-0.0532611,0.0078001,0
4.9673,-0.0532962,0.00782077,0
4.96831,-0.0532552,0.0078006,0
4.96931,-0.0532886,0.00782087,0
4.97032,-0.0532473,0.00780013,0
4.97127,-0.0532473,0.00780013,0
4.97233,-0.0532769,0.00782268,0
4.97333,-0.0532376,0.00779758,0
4.9744,-0.0532305,0.00779722,0
4.97531,-0.0532677,0.00782002,0
4.97631,-0.0532278,0.00779973,0
4.97732,-0.0532056,0.0077744,0
4.97845,-0.0532383,0.0077996,0
4.9794,-0.0531993,0.00777494,0
4.98032,-0.0531918,0.00777487,0
4.98144,-0.0532276,0.00779743,0
4.98236,-0.0532276,0.00779743,0
4.9833,-0.0532212,0.00779782,0
4.98442,-0.053182,0.00777764,0
4.98532,-0.0531763,0.00777262,0
4.98632,-0.0532111,0.00779999,0
4.98728,-0.0531739,0.0077754,0
4.98846,-0.0531739,0.0077754,0
4.98945,-0.0531673,0.00777515,0
4.99069,-0.0532033,0.00779759,0
4.99165,-0.0531411,0.00775035,0
4.99233,-0.0531748,0.00777765,0
4.99333,-0.0531748,0.00777765,0
4.99437,-0.0531378,0.00775375,0
4.99531,-0.0531378,0.00775375,0
4.99634,-0.0531685,0.00777843,0
4.99729,-0.0531473,0.00777378,0
4.99828,-0.0531473,0.00777378,0
4.99943,-0.0531812,0.00780083,0
5.00082,-0.0531615,0.00779584,0
5.00146,-0.0531807,0.0078028,0
5.00361,-0.0531753,0.00779971,0
5.00434,-0.0531768,0.00779934,0
5.00545,-0.0531746,0.00780154,0
5.0064,-0.0531731,0.00779838,0
5.00771,-0.0531731,0.00779838,0
5.00829,-0.053169,0.00779705,0
5.00923,-0.0531511,0.007779,0
5.01037,-0.0531469,0.00777372,0
5.0113,-0.0531802,0.00780063,0
5.01232,-0.0531431,0.00777488,0
5.01341,-0.0531431,0.00777488,0
5.01428,-0.0531331,0.00777069,0
5.01529,-0.0531299,0.00777295,0
5.01632,-0.0531273,0.00777,0
5.01735,-0.0531273,0.00777,0
5.01833,-0.0531213,0.00776895,0
5.01929,-0.0531173,0.00777064,0
5.02033,-0.0531154,0.00776784,0
5.02132,-0.0531115,0.00776951,0
5.02228,-0.0531115,0.00776951,0
5.02334,-0.0530668,0.00774141,0
5.02434,-0.0530997,0.00776312,0
5.02529,-0.0530959,0.00776276,0
5.02632,-0.0530547,0.00773765,0
5.02735,-0.0530523,0.00774027,0
5.02834,-0.0530702,0.00774214,0
5.0293,-0.0530702,0.00774214,0
5.03032,-0.0530438,0.00773705,0
5.03126,-0.0530751,0.00776329,0
5.03236,-0.0530416,0.0077387,0
5.03329,-0.0530416,0.0077387,0
5.03451,-0.0530352,0.0077378,0
5.03544,-0.0530201,0.00771583,0
5.0363,-0.0530487,0.00773995,0
5.03734,-0.053048,0.00774072,0
5.03829,-0.0530391,0.00773881,0
5.0393,-0.0530391,0.00773881,0
5.04055,-0.0530594,0.00774286,0
5.04135,-0.0530701,0.00776436,0
5.04244,-0.0530362,0.00773952,0
5.04336,-0.0530301,0.00773876,0
5.04444,-0.0530276,0.00773532,0
5.04529,-0.0530242,0.00773724,0
5.04637,-0.053022,0.00773414,0
5.04737,-0.0530051,0.00771651,0
5.04854,-0.0530002,0.00771109,0
5.04939,-0.052996,0.00771299,0
5.05031,-0.0529929,0.00771024,0
5.05137,-0.0529888,0.00771232,0
5.05233,-0.052986,0.00770946,0
5.05335,-0.0529817,0.00771132,0
5.0543,-0.0529469,0.00768499,0
5.05545,-0.0529729,0.00770837,0
5.05634,-0.0529729,0.00770803,0
5.05732,-0.0529697,0.00771039,0
5.05831,-0.0529674,0.00770737,0
5.05945,-0.0529511,0.00769003,0
5.06047,-0.0529463,0.00768482,0
5.06134,-0.0529421,0.00768691,0
5.06273,-0.0529391,0.00768434,0
5.06353,-0.0529352,0.00768662,0
5.06449,-0.0529325,0.00768394,0
5.06559,-0.0529288,0.00768619,0
5.06632,-0.0529258,0.00768329,0
5.06746,-0.0528918,0.00766259,0
5.06833,-0.0529176,0.0076807,0
5.06932,-0.0529167,0.00768544,0
5.07031,-0.0529148,0.00768302,0
5.07131,-0.0528992,0.0076659,0
5.07231,-0.0528948,0.00766087,0
5.07332,-0.0528908,0.00766315,0
5.0743,-0.0528881,0.00766076,0
5.07533,-0.0528844,0.00766322,0
5.07631,-0.052882,0.00766071,0
5.07736,-0.0528785,0.00766314,0
5.07831,-0.0528763,0.0076606,0
5.0793,-0.0528731,0.00766301,0
5.08031,-0.0528589,0.00764133,0
5.0813,-0.0528535,0.00764148,0
5.08229,-0.0528507,0.00763902,0
5.08329,-0.052847,0.00764181,0
5.08431,-0.052844,0.00763933,0
5.08529,-0.0528121,0.00761989,0
5.0863,-0.0528357,0.00763756,0
5.08734,-0.0528347,0.00764267,0
5.0883,-0.052833,0.00764064,0
5.08929,-0.0528301,0.00764314,0
5.09032,-0.0528285,0.00764073,0
5.0913,-0.0528257,0.00764329,0
5.09231,-0.0528125,0.00762186,0
5.09336,-0.0528077,0.00762218,0
5.09446,-0.0528077,0.00762218,0
5.09529,-0.0528295,0.00764463,0
5.09631,-0.0528022,0.00762264,0
5.09734,-0.0528022,0.00762264,0
5.09829,-0.0527956,0.00762066,0
5.09934,-0.0527927,0.00762352,0
5.10032,-0.052791,0.00762129,0
5.10129,-0.0527884,0.00762402,0
5.10231,-0.0527869,0.00762173,0
5.10331,-0.0527844,0.00762442,0
5.10429,-0.0527719,0.0076032,0
5.1053,-0.0527674,0.00760367,0
5.10629,-0.0527658,0.00760164,0
5.10731,-0.0527884,0.00762596,0
5.10831,-0.0527631,0.00760465,0
5.10928,-0.0527582,0.00760515,0
5.1103,-0.0527565,0.00760272,0
5.11136,-0.0527539,0.00760569,0
5.11233,-0.0527524,0.00760355,0
5.11347,-0.0527642,0.00760886,0
5.11429,-0.0527635,0.00760669,0
5.11531,-0.0527462,0.00760675,0
5.1163,-0.0527334,0.0075856,0
5.11731,-0.0527292,0.00758616,0
5.11831,-0.0527274,0.00758404,0
5.1193,-0.0527245,0.00758722,0
5.12034,-0.052723,0.00758525,0
5.12132,-0.0527209,0.00758846,0
5.12231,-0.0527192,0.00758624,0
5.12332,-0.0527169,0.00758922,0
5.12431,-0.0527158,0.00758714,0
5.12526,-0.0527136,0.00759006,0
5.12631,-0.0527123,0.00758929,0
5.12734,-0.0526874,0.0075671,0
5.12841,-0.0526829,0.00756783,0
5.12929,-0.0526821,0.00756628,0
5.13065,-0.05268,0.00756963,0
5.13126,-0.0526795,0.00756797,0
5.13253,-0.0526795,0.00756797,0
5.13349,-0.0527021,0.00759208,0
5.13428,-0.0527021,0.00759208,0
5.13532,-0.0527003,0.00759478,0
5.13635,-0.0526962,0.00759265,0
5.13729,-0.0526962,0.00759265,0
5.1386,-0.0526962,0.00759265,0
5.13927,-0.0526813,0.0075705,0
5.1403,-0.0526813,0.0075705,0
5.14175,-0.0526575,0.00755555,0
5.14239,-0.0526771,0.007572,0
5.1433,-0.0526747,0.00757318,0
5.14428,-0.0526748,0.00757824,0
5.14562,-0.052674,0.00757604,0
5.14633,-0.0526508,0.0075581,0
5.14729,-0.0526696,0.00757409,0
5.14865,-0.0526826,0.00758153,0
5.1493,-0.0526396,0.00753812,0
5.15036,-0.0526546,0.00755679,0
5.15127,-0.0526342,0.007537,0
5.15232,-0.0526342,0.007537,0
5.15334,-0.0526299,0.00753794,0
5.1544,-0.0526498,0.00755632,0
5.15537,-0.0526489,0.00756156,0
5.15625,-0.0526278,0.00753934,0
5.15732,-0.0526244,0.00754009,0
5.15833,-0.0526442,0.00755845,0
5.1593,-0.0526445,0.00756396,0
5.16056,-0.0526558,0.00756352,0
5.1613,-0.0526431,0.00756433,0
5.16229,-0.0526128,0.00752326,0
5.16352,-0.0526189,0.00752356,0
5.16441,-0.0526074,0.00752058,0
5.16537,-0.0526238,0.00754381,0
5.16646,-0.0526248,0.00754427,0
5.16742,-0.0526232,0.00754741,0
5.16834,-0.0526223,0.00754498,0
5.16933,-0.0526014,0.00752798,0
5.17032,-0.0526185,0.00754366,0
5.17131,-0.0526186,0.0075489,0
5.17246,-0.0526184,0.00754692,0
5.17351,-0.0526086,0.00753136,0
5.17467,-0.0526068,0.00752694,0
5.17544,-0.0526153,0.00753158,0
5.17636,-0.0525855,0.00750839,0
5.17737,-0.0525995,0.00752894,0
5.17855,-0.0526003,0.00752927,0
5.17931,-0.0525986,0.00753258,0
5.18031,-0.0525982,0.00753038,0
5.18132,-0.0525966,0.00753333,0
5.1823,-0.0525962,0.00753116,0
5.18329,-0.0525947,0.00753406,0
5.18425,-0.0525944,0.00753183,0
5.18529,-0.052585,0.00751654,0
5.18634,-0.0525833,0.00751219,0
5.18734,-0.0525812,0.00751521,0
5.18832,-0.0525802,0.00751339,0
5.18933,-0.0525783,0.00751656,0
5.19045,-0.052588,0.00751601,0
5.1914,-0.0525942,0.00753712,0
5.19255,-0.0525773,0.00751773,0
5.19342,-0.0525846,0.00751992,0
5.19433,-0.0525922,0.00753586,0
5.19543,-0.0525665,0.00750319,0
5.1974,-0.0525605,0.00749924,0
5.19907,-0.0525594,0.00749763,0
5.19934,-0.0525574,0.00750094,0
5.20045,-0.0525574,0.00750094,0
5.20146,-0.0525566,0.00749906,0
5.20236,-0.0525533,0.00749844,0
5.20331,-0.0525518,0.00750371,0
5.2044,-0.0525518,0.00750371,0
5.20536,-0.0525494,0.00750486,0
5.20666,-0.0525428,0.00748488,0
5.20758,-0.0525403,0.00748587,0
5.20831,-0.0525394,0.00748397,0
5.20933,-0.0525288,0.00748668,0
5.21102,-0.0525275,0.00748482,0
5.2113,-0.0525348,0.0074891,0
5.21233,-0.0525348,0.00748711,0
5.21329,-0.0525333,0.00749037,0
5.2143,-0.0525247,0.00748757,0
5.21533,-0.0525225,0.00749067,0
5.21629,-0.0525226,0.00748864,0
5.21733,-0.0525214,0.00749172,0
5.2183,-0.0525214,0.00749172,0
5.21953,-0.0525214,0.00749172,0
5.22043,-0.0525129,0.00747298,0
5.22149,-0.0525268,0.0074898,0
5.22256,-0.052527,0.00749547,0
5.22339,-0.0525354,0.00749422,0
5.22459,-0.0525351,0.00749738,0
5.2256,-0.0525437,0.00749633,0
5.2266,-0.0525352,0.00749826,0
5.22751,-0.052513,0.00746059,0
5.22847,-0.0525312,0.00749196,0
5.22954,-0.0525107,0.0074628,0
5.23047,-0.0525284,0.00749278,0
5.23136,-0.0525095,0.00746429,0
5.23235,-0.0525203,0.00747621,0
5.23331,-0.0525066,0.00746326,0
5.23431,-0.0525107,0.0074772,0
5.23533,-0.0525099,0.00748242,0
5.23638,-0.0525099,0.0074805,0
5.23734,-0.0525162,0.00748416,0
5.2384,-0.0525038,0.00746354,0
5.23966,-0.052501,0.00746436,0
5.2403,-0.0525001,0.00746218,0
5.24143,-0.0524988,0.00746573,0
5.24256,-0.0524985,0.00746381,0
5.24353,-0.0524985,0.00746381,0
5.24432,-0.0524968,0.00746502,0
5.24533,-0.0524952,0.00746802,0
5.24633,-0.0524951,0.00746594,0
5.24732,-0.0524939,0.00746903,0
5.24833,-0.0524883,0.00744933,0
5.24931,-0.0524863,0.00745038,0
5.2503,-0.0524857,0.00744847,0
5.25133,-0.0524841,0.00745201,0
5.25232,-0.0524837,0.00745021,0
5.25339,-0.0524823,0.00745355,0
5.25431,-0.0524821,0.00745167,0
5.25544,-0.0524821,0.00745167,0
5.25641,-0.0524811,0.00745508,0
5.25733,-0.0524811,0.00745508,0
5.25868,-0.052486,0.00747044,0
5.2595,-0.052486,0.00747044,0
5.26036,-0.0524743,0.00745781,0
5.26163,-0.0524743,0.00745781,0
5.2623,-0.0524894,0.00749345,0
5.26332,-0.0524916,0.0074932,0
5.26501,-0.0524915,0.0074954,0
5.26527,-0.0524921,0.00749223,0
5.26629,-0.0524918,0.00749433,0
5.26729,-0.0524878,0.00747384,0
5.26832,-0.0524878,0.00747384,0
5.26931,-0.0524868,0.00747116,0
5.27039,-0.0524857,0.00747384,0
5.27131,-0.0524858,0.00747117,0
5.27244,-0.0524848,0.00747369,0
5.27333,-0.0524848,0.00747369,0
5.27429,-0.0524842,0.00747359,0
5.27529,-0.0524899,0.00747144,0
5.2763,-0.0524899,0.00747144,0
5.27729,-0.0524833,0.00747039,0
5.27829,-0.0524777,0.00745552,0
5.27929,-0.052483,0.00745161,0
5.28034,-0.0524865,0.00747163,0
5.2813,-0.0524769,0.00745332,0
5.2823,-0.0524744,0.00745378,0
5.28335,-0.0524738,0.00745088,0
5.2843,-0.0524726,0.00745386,0
5.28533,-0.0524723,0.00745135,0
5.28633,-0.0524666,0.00743684,0
5.28746,-0.0524666,0.00743684,0
5.28831,-0.052464,0.0074353,0
5.28933,-0.0524631,0.00743315,0
5.29057,-0.0524631,0.00743315,0
5.29134,-0.0524609,0.00743403,0
5.29233,-0.0524596,0.00743717,0
5.29335,-0.0524596,0.00743717,0
5.29432,-0.0524591,0.00743475,0
5.29529,-0.0524531,0.00743758,0
5.29629,-0.0524523,0.00743519,0
5.29729,-0.0524552,0.00743811,0
5.29832,-0.0524558,0.00743575,0
5.2993,-0.0524546,0.00743857,0
5.3003,-0.0524545,0.00743612,0
5.30128,-0.0524533,0.00743891,0
5.30228,-0.0524534,0.00743639,0
5.30331,-0.0524519,0.007439,0
5.30478,-0.0524523,0.00743656,0
5.30541,-0.0524511,0.00743925,0
5.30633,-0.0524512,0.00743664,0
5.30731,-0.0524501,0.00743928,0
5.3083,-0.0524469,0.00741962,0
5.30933,-0.0524454,0.00742033,0
5.31029,-0.052445,0.00741797,0
5.31129,-0.0524435,0.00742117,0
5.31231,-0.0524434,0.00741893,0
5.31329,-0.052442,0.00742193,0
5.3143,-0.0524419,0.00741961,0
5.31528,-0.0524407,0.00742255,0
5.31632,-0.0524407,0.00742016,0
5.31737,-0.0524395,0.00742304,0
5.31834,-0.0524395,0.00742059,0
5.31931,-0.0524384,0.00742342,0
5.32039,-0.0524415,0.00742069,0
5.32129,-0.0524352,0.00740687,0
5.32235,-0.0524346,0.00740248,0
5.32341,-0.0524329,0.00740547,0
5.32431,-0.0524384,0.00741989,0
5.32531,-0.0524325,0.0074087,0
5.32638,-0.0524321,0.00740437,0
5.32738,-0.0524306,0.0074071,0
5.32853,-0.0524359,0.00742134,0
5.32934,-0.0524305,0.00741004,0
5.33028,-0.05243,0.00740546,0
5.33132,-0.0524288,0.00740818,0
5.33229,-0.0524263,0.00738914,0
5.33331,-0.0524249,0.00739023,0
5.33432,-0.0524246,0.00738816,0
5.3353,-0.0524231,0.00739168,0
5.33629,-0.052423,0.00738972,0
5.33729,-0.0524217,0.00739303,0
5.3383,-0.0524213,0.00739241,0
5.33931,-0.0524192,0.00739208,0
5.34029,-0.0524173,0.00739531,0
5.34131,-0.0524188,0.00739227,0
5.34229,-0.0524225,0.00741148,0
5.34329,-0.0524198,0.00739516,0
5.34429,-0.0524146,0.00737962,0
5.34546,-0.0524153,0.00737474,0
5.3463,-0.0524146,0.00737834,0
5.34732,-0.052413,0.00737755,0
5.34829,-0.0524109,0.00738091,0
5.3493,-0.0524109,0.00737885,0
5.35033,-0.0524096,0.00738208,0
5.35129,-0.0524096,0.00738208,0
5.35234,-0.0524086,0.00738323,0
5.35335,-0.0524113,0.00739664,0
5.35428,-0.0524087,0.00738614,0
5.35531,-0.0524112,0.00739736,0
5.35629,-0.0524094,0.00738555,0
5.35731,-0.0524076,0.00736524,0
5.35836,-0.0524061,0.00736662,0
5.35933,-0.0524061,0.00736662,0
5.36024,-0.0524082,0.00738039,0
5.36129,-0.0524055,0.00736636,0
5.3623,-0.0524063,0.00738507,0
5.3633,-0.0524054,0.00736985,0
5.36433,-0.0524041,0.00737079,0
5.36527,-0.0524041,0.00737079,0
5.36631,-0.0524031,0.00735596,0
5.36764,-0.0524031,0.00735596,0
5.36845,-0.0524029,0.00735089,0
5.36947,-0.0524024,0.00735609,0
5.37031,-0.052402,0.0073733,0
5.37167,-0.052402,0.00735841,0
5.37241,-0.0524008,0.00735955,0
5.37336,-0.0524021,0.00737269,0
5.37434,-0.052401,0.0073632,0
5.37531,-0.0524012,0.00735886,0
5.37629,-0.0524011,0.00737726,0
5.3773,-0.0524017,0.00736239,0
5.3783,-0.0524017,0.00736239,0
5.37924,-0.0524017,0.00736007,0
5.38033,-0.0524017,0.00736007,0
5.38131,-0.0524012,0.0073598,0
5.38233,-0.0524012,0.0073598,0
5.38349,-0.0524017,0.00734851,0
5.38432,-0.0524017,0.00734851,0
5.38535,-0.0524005,0.0073647,0
5.38682,-0.0524016,0.00735004,0
5.38765,-0.0524006,0.0073513,0
5.3884,-0.0524007,0.00736417,0
5.38952,-0.0524009,0.00735508,0
5.39041,-0.0524008,0.00736574,0
5.39148,-0.0524003,0.0073547,0
5.3923,-0.0524014,0.00735068,0
5.39337,-0.0524017,0.00733936,0
5.39435,-0.0524011,0.00735036,0
5.39531,-0.0524007,0.00735595,0
5.39644,-0.0524025,0.00733953,0
5.39737,-0.0524005,0.00735562,0
5.39835,-0.0524015,0.00735565,0
5.39935,-0.0524023,0.0073445,0
5.40031,-0.0524014,0.00735504,0
5.40131,-0.0524011,0.00734438,0
5.40243,-0.0524023,0.00734063,0
5.40333,-0.0524018,0.00734399,0
5.40455,-0.052404,0.0073279,0
5.40533,-0.0524016,0.00732943,0
5.40632,-0.0524002,0.00734227,0
5.40734,-0.0523998,0.0073482,0
5.40831,-0.0524007,0.00734637,0
5.40931,-0.0524004,0.00734957,0
5.41034,-0.0524035,0.00733312,0
5.4113,-0.0524006,0.007333,0
5.41233,-0.052402,0.00733132,0
5.41334,-0.0524015,0.00733523,0
5.41439,-0.0524023,0.00733361,0
5.41532,-0.0524019,0.00733734,0
5.41633,-0.0524028,0.00733558,0
5.41738,-0.0524025,0.0073392,0
5.41848,-0.0524034,0.00733734,0
5.41933,-0.052403,0.00734086,0
5.4204,-0.0524039,0.0073389,0
5.42148,-0.0524036,0.00734234,0
5.42233,-0.0524045,0.00734029,0
5.4233,-0.0524041,0.00734364,0
5.4244,-0.0524057,0.00732568,0
5.42534,-0.0524058,0.00732723,0
5.42633,-0.0524065,0.00732547,0
5.42733,-0.0524059,0.00732932,0
5.42829,-0.0524102,0.00731382,0
5.42934,-0.0524057,0.00732949,0
5.43035,-0.0524064,0.00732975,0
5.43147,-0.0524097,0.00731973,0
5.43237,-0.0524063,0.0073297,0
5.43341,-0.0524058,0.00733526,0
5.43435,-0.0524107,0.00731961,0
5.43538,-0.0524058,0.00733492,0
5.43635,-0.0524067,0.00733489,0
5.43733,-0.0524106,0.00732458,0
5.43831,-0.052408,0.00731861,0
5.43931,-0.0524082,0.00732232,0
5.44039,-0.052409,0.00732074,0
5.44135,-0.0524087,0.00732453,0
5.44257,-0.0524097,0.00732277,0
5.44333,-0.0524095,0.00732643,0
5.4445,-0.0524105,0.00732456,0
5.44533,-0.0524102,0.00732813,0
5.44658,-0.0524112,0.00732616,0
5.44728,-0.052411,0.00732964,0
5.44843,-0.052412,0.00732759,0
5.44942,-0.0524132,0.00731541,0
5.45056,-0.0524147,0.00731151,0
5.45154,-0.0524197,0.00730207,0
5.45247,-0.0524147,0.00731202,0
5.45382,-0.0524142,0.007318,0
5.45441,-0.0524151,0.00731649,0
5.45548,-0.0524109,0.00731788,0
5.45646,-0.0524171,0.00731844,0
5.45744,-0.0524179,0.00730657,0
5.45839,-0.0524197,0.007303,0
5.45937,-0.0524193,0.00730695,0
5.46037,-0.0524202,0.00730564,0
5.46146,-0.0524198,0.00730966,0
5.46242,-0.0524204,0.00730956,0
5.46332,-0.0524211,0.00730909,0
5.46436,-0.0524208,0.00731301,0
5.46535,-0.0524217,0.00731126,0
5.46629,-0.0524214,0.00731497,0
5.46733,-0.0524224,0.00731312,0
5.46831,-0.0524221,0.00731672,0
5.46948,-0.0524252,0.00729943,0
5.47043,-0.0524257,0.00730128,0
5.47139,-0.0524266,0.00729973,0
5.47249,-0.0524262,0.00730392,0
5.47333,-0.0524272,0.00730241,0
5.47438,-0.0524269,0.00730634,0
5.47548,-0.0524279,0.00730469,0
5.47629,-0.0524276,0.00730851,0
5.47738,-0.0524286,0.00730675,0
5.47854,-0.0524284,0.00731046,0
5.47934,-0.0524294,0.0073086,0
5.48037,-0.0524291,0.00731221,0
5.48147,-0.0524326,0.00729504,0
5.48237,-0.0524332,0.00729692,0
5.48341,-0.0524342,0.00729537,0
5.48435,-0.0524339,0.00729957,0
5.4854,-0.0524346,0.00729795,0
5.48636,-0.0524424,0.00728938,0
5.48739,-0.0524351,0.00729847,0
5.48844,-0.0524345,0.00730433,0
5.48934,-0.0524437,0.00729022,0
5.49038,-0.0524349,0.0073046,0
5.49138,-0.0524357,0.00730477,0
5.49237,-0.0524439,0.00729602,0
5.49356,-0.0524391,0.00728964,0
5.49431,-0.0524396,0.00729363,0
5.49531,-0.0524406,0.00729229,0
5.49637,-0.0524405,0.00729637,0
5.49732,-0.0524417,0.00729484,0
5.49832,-0.0524416,0.00729877,0
5.49941,-0.0524429,0.00729711,0
5.50037,-0.0524428,0.00730092,0
5.50137,-0.052444,0.00729909,0
5.50232,-0.0524532,0.0072905,0
5.50333,-0.0524448,0.00729915,0
5.50433,-0.0524442,0.00730488,0
5.50536,-0.0524485,0.00728817,0
5.50641,-0.0524495,0.00728998,0
5.50732,-0.0524508,0.00728835,0
5.50836,-0.0524604,0.00728054,0
5.50926,-0.0524516,0.0072893,0
5.5103,-0.0524511,0.00729534,0
5.51128,-0.0524522,0.00729388,0
5.51229,-0.0524522,0.00729761,0
5.51332,-0.0524535,0.00729582,0
5.5146,-0.0524534,0.00729955,0
5.51531,-0.0524547,0.00729767,0
5.51643,-0.0524546,0.0073013,0
5.51735,-0.0524559,0.00729933,0
5.51838,-0.0524558,0.00730288,0
5.51932,-0.0524607,0.00728604,0
5.52029,-0.0524617,0.00728792,0
5.52132,-0.052463,0.00728631,0
5.52244,-0.0524629,0.0072905,0
5.5233,-0.0524641,0.00728892,0
5.52429,-0.0524641,0.00729285,0
5.52529,-0.0524653,0.00729114,0
5.52633,-0.0524653,0.00729495,0
5.52732,-0.0524665,0.00729313,0
5.52846,-0.0524664,0.00729684,0
5.52935,-0.0524676,0.00729492,0
5.53034,-0.0524675,0.00729854,0
5.5313,-0.0524728,0.00728188,0
5.53233,-0.0524738,0.00728384,0
5.53336,-0.0524752,0.00728227,0
5.53429,-0.0524751,0.00728652,0
5.53531,-0.0524763,0.00728499,0
5.53633,-0.0524763,0.00728901,0
5.53731,-0.0524658,0.00729887,0
5.53828,-0.0524776,0.00729295,0
5.53935,-0.0524794,0.00728908,0
5.54034,-0.0524795,0.00729264,0
5.54132,-0.052485,0.00727633,0
5.5424,-0.0524861,0.00727846,0
5.54329,-0.0524874,0.007277,0
5.54431,-0.0524873,0.00728138,0
5.54529,-0.0524884,0.00727994,0
5.54631,-0.0524884,0.00728403,0
5.5473,-0.0524896,0.00728244,0
5.54832,-0.0524896,0.00728244,0
5.54937,-0.052484,0.00728183,0
5.55035,-0.0524767,0.00728283,0
5.55131,-0.0524832,0.00729903,0
5.5523,-0.0524998,0.00727898,0
5.55331,-0.0524898,0.00728474,0
5.55434,-0.0524984,0.0072935,0
5.55533,-0.0524984,0.0072935,0
5.55635,-0.0525093,0.00726672,0
5.55731,-0.052516,0.00727879,0
5.5584,-0.052516,0.00727879,0
5.5594,-0.052513,0.00728328,0
5.56029,-0.0525036,0.00728364,0
5.56133,-0.0525133,0.00728486,0
5.56228,-0.052512,0.0072885,0
5.56331,-0.0525122,0.00728636,0
5.56437,-0.0525163,0.0072756,0
5.56532,-0.0525095,0.00726876,0
5.5664,-0.0525185,0.00727632,0
5.56736,-0.0525188,0.00727493,0
5.56832,-0.0525181,0.00727893,0
5.56935,-0.0525187,0.00727719,0
5.57031,-0.0525041,0.00729193,0
5.57129,-0.0525188,0.00728092,0
5.57234,-0.0525193,0.00728243,0
5.5733,-0.05252,0.00728053,0
5.57433,-0.0525194,0.00728436,0
5.57534,-0.0525112,0.00727918,0
5.57632,-0.0525265,0.00727214,0
5.57731,-0.0525284,0.00726866,0
5.57834,-0.0525284,0.00726866,0
5.57932,-0.0525289,0.00727339,0
5.58033,-0.0525296,0.0072753,0
5.58227,-0.0525158,0.00728428,0
5.58336,-0.0525302,0.00727951,0
5.58435,-0.0525332,0.00727972,0
5.5853,-0.0525242,0.0072747,0
5.5863,-0.0525253,0.0072788,0
5.58729,-0.0525426,0.00726651,0
5.58832,-0.0525434,0.00726879,0
5.58941,-0.0525443,0.00726756,0
5.59035,-0.052544,0.00727193,0
5.59141,-0.0525353,0.00726694,0
5.59233,-0.0525353,0.00726694,0
5.59337,-0.0525212,0.00728181,0
5.59455,-0.0525325,0.00728928,0
5.59537,-0.052534,0.00728706,0
5.59628,-0.052534,0.00728706,0
5.59739,-0.0525362,0.00728839,0
5.59831,-0.0525362,0.00728839,0
5.59929,-0.0525528,0.00728119,0
5.60034,-0.052544,0.00727765,0
5.60145,-0.0525618,0.00726718,0
5.60271,-0.0525637,0.007265,0
5.60331,-0.0525632,0.00726957,0
5.60434,-0.0525641,0.00726826,0
5.60561,-0.0525641,0.00726826,0
5.6064,-0.0525474,0.00728257,0
5.60732,-0.052555,0.00727099,0
5.60832,-0.0525678,0.00727292,0
5.6093,-0.0525678,0.00727292,0
5.61037,-0.0525503,0.00728714,0
5.61159,-0.0525512,0.00728711,0
5.61233,-0.0525686,0.00728022,0
5.61334,-0.0525533,0.00728647,0
5.6143,-0.0525593,0.00727827,0
5.61533,-0.0525519,0.00727119,0
5.6163,-0.0525644,0.00727869,0
5.61731,-0.052555,0.00727361,0
5.61836,-0.0525461,0.00727428,0
5.61943,-0.0525499,0.00727303,0
5.62035,-0.0525807,0.0072709,0
5.6213,-0.0525656,0.00727757,0
5.62255,-0.0525773,0.00728717,0
5.62331,-0.0525779,0.00728523,0
5.62431,-0.0525781,0.00728861,0
5.62524,-0.0525861,0.00727278,0
5.6263,-0.0525987,0.00727806,0
5.62729,-0.0525877,0.00727266,0
5.62836,-0.0525989,0.00728034,0
5.62931,-0.052588,0.00727476,0
5.63029,-0.0525994,0.00728216,0
5.6313,-0.0525997,0.00728004,0
5.6323,-0.0525987,0.00728354,0
5.63329,-0.0525993,0.00728126,0
5.63437,-0.0525872,0.00728126,0
5.63529,-0.0525891,0.0072792,0
5.6363,-0.0525708,0.00729275,0
5.63731,-0.0526092,0.00727274,0
5.63835,-0.0525995,0.00726915,0
5.63933,-0.0525829,0.00727751,0
5.64031,-0.052602,0.0072737,0
5.64129,-0.052605,0.00727019,0
5.64249,-0.0526059,0.0072742,0
5.64334,-0.0526059,0.0072742,0
5.64429,-0.0526197,0.00728039,0
5.64536,-0.0526082,0.00727468,0
5.64636,-0.0526088,0.00727857,0
5.64732,-0.0526104,0.00727663,0
5.64828,-0.0526104,0.00727663,0
5.64932,-0.0526334,0.00726749,0
5.65034,-0.0526326,0.00727181,0
5.65131,-0.0526332,0.0072702,0
5.65235,-0.052621,0.00727042,0
5.65333,-0.052623,0.00726879,0
5.6543,-0.0526233,0.00727292,0
5.65536,-0.0526251,0.00727132,0
5.65631,-0.0526251,0.00727132,0
5.65735,-0.0526379,0.00727919,0
5.65837,-0.0526256,0.00727709,0
5.6593,-0.0526256,0.00727709,0
5.6603,-0.0526352,0.00726592,0
5.6614,-0.052627,0.0072589,0
5.66232,-0.0526007,0.0072859,0
5.66328,-0.0526007,0.0072859,0
5.66448,-0.0526498,0.00725643,0
5.66541,-0.0526341,0.00726684,0
5.6663,-0.0526341,0.00726684,0
5.66749,-0.0526296,0.00728214,0
5.66834,-0.0526323,0.00728623,0
5.66928,-0.0526323,0.00728623,0
5.67031,-0.0526433,0.0072733,0
5.67142,-0.0526592,0.00727528,0
5.67225,-0.0526461,0.0072755,0
5.67339,-0.0526461,0.0072755,0
5.67439,-0.0526697,0.00726474,0
5.67546,-0.0526582,0.00726338,0
5.67643,-0.0526733,0.00726588,0
5.67725,-0.0526518,0.0072792,0
5.67828,-0.0526403,0.00727528,0
5.67942,-0.0526293,0.00727548,0
5.68029,-0.0526589,0.00728198,0
5.6813,-0.0526457,0.00728213,0
5.68229,-0.052662,0.00728395,0
5.68328,-0.0526491,0.00728389,0
5.68443,-0.0526873,0.00727666,0
5.68532,-0.0526745,0.00727485,0
5.68643,-0.0526988,0.00726406,0
5.68771,-0.052691,0.00727927,0
5.6884,-0.0526905,0.00727911,0
5.68933,-0.0527109,0.00727413,0
5.69035,-0.0526904,0.00727888,0
5.6913,-0.0526756,0.00728071,0
5.69236,-0.0526778,0.00727853,0
5.69331,-0.0526651,0.00727853,0
5.69431,-0.0527023,0.00727169,0
5.69542,-0.0526902,0.00727017,0
5.69634,-0.0527063,0.00727242,0
5.6973,-0.0526928,0.0072727,0
5.69834,-0.0526816,0.00726702,0
5.69933,-0.0526965,0.00727558,0
5.7003,-0.0526856,0.00726985,0
5.70151,-0.0526564,0.00729544,0
5.70233,-0.0527329,0.00725868,0
5.70343,-0.0527066,0.00727696,0
5.70434,-0.0527384,0.00725756,0
5.70529,-0.0527102,0.00727974,0
5.70635,-0.0526957,0.00727733,0
5.70734,-0.0527318,0.0072776,0
5.70831,-0.0527215,0.00726972,0
5.70932,-0.0526904,0.00729503,0
5.71032,-0.0527445,0.00726683,0
5.71129,-0.0527173,0.00728647,0
5.71229,-0.0527031,0.00728394,0
5.71328,-0.0527414,0.00728373,0
5.71428,-0.0527446,0.00727917,0
5.71528,-0.0527458,0.00728335,0
5.71633,-0.0527483,0.00728118,0
5.7173,-0.05275,0.00728547,0
5.71854,-0.0527649,0.00727127,0
5.71929,-0.0527752,0.00727519,0
5.72031,-0.0527877,0.00727578,0
5.72132,-0.0527279,0.00727527,0
5.72234,-0.0527407,0.00727396,0
5.72333,-0.0527451,0.0072804,0
5.72431,-0.0527493,0.00727724,0
5.72531,-0.0527505,0.00728373,0
5.72631,-0.0527534,0.00727984,0
5.72731,-0.0527533,0.00728639,0
5.72828,-0.0527552,0.00728199,0
5.72931,-0.0527545,0.00728857,0
5.73039,-0.0527659,0.00727176,0
5.73128,-0.0527666,0.00727701,0
5.73231,-0.0527682,0.00727263,0
5.73332,-0.0527671,0.00728003,0
5.73429,-0.0527445,0.00728348,0
5.73533,-0.0527661,0.00728424,0
5.73631,-0.052769,0.00727766,0
5.73728,-0.0527429,0.00729267,0
5.73832,-0.0527679,0.00728143,0
5.73935,-0.0527779,0.00727454,0
5.74034,-0.0527564,0.00727621,0
5.74136,-0.0527795,0.00727735,0
5.7423,-0.0527824,0.0072712,0
5.7433,-0.0527816,0.00727853,0
5.7443,-0.052783,0.00727413,0
5.7453,-0.052783,0.00728178,0
5.74631,-0.0527843,0.00727709,0
5.74732,-0.0527831,0.0072843,0
5.7483,-0.0527846,0.0072795,0
5.74936,-0.0527832,0.00728657,0
5.75032,-0.0527951,0.00726987,0
5.75129,-0.0527958,0.00727554,0
5.7523,-0.0527979,0.00727113,0
5.75329,-0.0527969,0.00727885,0
5.75431,-0.0527987,0.0072744,0
5.75529,-0.0527975,0.00728178,0
5.75635,-0.0527975,0.00728178,0
5.75738,-0.0527728,0.00729194,0
5.75831,-0.0527993,0.00728122,0
5.75928,-0.0527996,0.00728648,0
5.76031,-0.0528017,0.00728147,0
5.76128,-0.0528111,0.00727701,0
5.7623,-0.052815,0.00727079,0
5.7633,-0.0528144,0.00727834,0
5.76428,-0.0528164,0.00727412,0
5.7653,-0.0528156,0.00728164,0
5.76636,-0.0528156,0.00728164,0
5.76732,-0.0528168,0.00728445,0
5.7683,-0.0528188,0.00727977,0
5.76929,-0.0528178,0.00728698,0
5.77031,-0.0528197,0.00728217,0
5.77133,-0.0528188,0.00728925,0
5.77228,-0.0528206,0.00728433,0
5.77332,-0.0528196,0.00729131,0
5.77428,-0.0528325,0.00727488,0
5.77539,-0.0528337,0.00728051,0
5.7764,-0.0528358,0.007276,0
5.77731,-0.0528354,0.00728368,0
5.77831,-0.0528374,0.00727913,0
5.77929,-0.0528369,0.0072865,0
5.78031,-0.0528391,0.00728182,0
5.78139,-0.0528383,0.00728902,0
5.78232,-0.0528404,0.00728422,0
5.78328,-0.0528395,0.0072913,0
5.78431,-0.0528416,0.00728638,0
5.7853,-0.0528519,0.00728213,0
5.78628,-0.0528562,0.00727587,0
5.78728,-0.0528559,0.00728338,0
5.78829,-0.0528583,0.00727912,0
5.78929,-0.0528577,0.00728659,0
5.79032,-0.0528601,0.00728201,0
5.79133,-0.0528594,0.00728932,0
5.7923,-0.0528594,0.00728932,0
5.79329,-0.0528617,0.0072846,0
5.7943,-0.0528628,0.00728691,0
5.79528,-0.0528628,0.00728691,0
5.79633,-0.0528367,0.0072959,0
5.79737,-0.0528902,0.00729063,0
5.79833,-0.0528671,0.00728911,0
5.79936,-0.0528924,0.00729101,0
5.80028,-0.0528924,0.00729101,0
5.8013,-0.0528512,0.00729451,0
5.80226,-0.0528512,0.00729451,0
5.80328,-0.0528649,0.00728588,0
5.80429,-0.0528573,0.00729253,0
5.80544,-0.0528576,0.00729252,0
5.80632,-0.0528263,0.00728797,0
5.8073,-0.0528263,0.00728797,0
5.80846,-0.0528496,0.00729332,0
5.80933,-0.0529195,0.00727806,0
5.81035,-0.0528867,0.00728628,0
5.8113,-0.0528867,0.00728628,0
5.81236,-0.0528882,0.00729089,0
5.81359,-0.0529269,0.00728261,0
5.8143,-0.0529269,0.00728261,0
5.8154,-0.0529269,0.00728261,0
5.8163,-0.0528945,0.00729511,0
5.81728,-0.0528945,0.00729511,0
5.81835,-0.0529316,0.00728839,0
5.81941,-0.0528963,0.00729771,0
5.82029,-0.0529335,0.00729089,0
5.82135,-0.052898,0.00730004,0
5.82227,-0.0529349,0.0072931,0
5.82328,-0.0529113,0.00729146,0
5.82435,-0.0529095,0.00730056,0
5.8253,-0.0529287,0.00729996,0
5.82634,-0.0529105,0.00730237,0
5.82734,-0.0529549,0.00728037,0
5.82826,-0.0529414,0.00728045,0
5.82939,-0.0529624,0.0072808,0
5.83033,-0.0529453,0.0072844,0
5.83127,-0.0529075,0.00729704,0
5.83231,-0.0529461,0.00729123,0
5.83333,-0.0528991,0.00731062,0
5.83426,-0.0529342,0.00730575,0
5.83529,-0.0529571,0.00730179,0
5.83651,-0.0529379,0.00730409,0
5.83749,-0.052924,0.00729517,0
5.83832,-0.0529076,0.00729815,0
5.83928,-0.0529291,0.00730432,0
5.84044,-0.0529291,0.00730432,0
5.84181,-0.0529203,0.00730989,0
5.84247,-0.0529614,0.0073018,0
5.84328,-0.0529853,0.00729786,0
5.84433,-0.0529843,0.0073047,0
5.84546,-0.0529858,0.00730006,0
5.84644,-0.0529845,0.00730704,0
5.84738,-0.0530153,0.0072959,0
5.84843,-0.0529852,0.00730729,0
5.84927,-0.0529854,0.00730396,0
5.85026,-0.0530135,0.00730485,0
5.85132,-0.0530159,0.00729801,0
5.85234,-0.0529841,0.00731098,0
5.85337,-0.0529837,0.00730758,0
5.85457,-0.0529948,0.00730404,0
5.85528,-0.0529988,0.00730458,0
5.85631,-0.0529988,0.00730458,0
5.85754,-0.053031,0.00729421,0
5.85833,-0.053001,0.00730566,0
5.85932,-0.053002,0.00730261,0
5.86035,-0.053031,0.00730399,0
5.86137,-0.0530041,0.00730321,0
5.86231,-0.0530316,0.00730629,0
5.86345,-0.0530174,0.00729548,0
5.8643,-0.0530181,0.00730286,0
5.86528,-0.0530519,0.00729891,0
5.8663,-0.0530519,0.00729891,0
5.86735,-0.0530238,0.00730015,0
5.8683,-0.0530517,0.00730389,0
5.86926,-0.0530553,0.00729753,0
5.87025,-0.0530241,0.00731037,0
5.87125,-0.0530556,0.00730733,0
5.87236,-0.053027,0.007308,0
5.8733,-0.053027,0.007308,0
5.87429,-0.0530551,0.00731134,0
5.87533,-0.0530273,0.00731011,0
5.87634,-0.0530387,0.0073087,0
5.87751,-0.0530432,0.00730246,0
5.87847,-0.0530434,0.00730965,0
5.87939,-0.0530462,0.00730515,0
5.88035,-0.0530461,0.00731242,0
5.88134,-0.0530488,0.00730765,0
5.8824,-0.0530486,0.00731478,0
5.88328,-0.0530512,0.00730991,0
5.88431,-0.0530509,0.00731692,0
5.88543,-0.0530534,0.00731195,0
5.88646,-0.053053,0.00731887,0
5.8873,-0.0530691,0.00730424,0
5.88834,-0.0530713,0.00731002,0
5.88936,-0.0530745,0.00730552,0
5.89039,-0.0530744,0.00731312,0
5.89135,-0.0530773,0.00730857,0
5.89231,-0.0530772,0.00731587,0
5.89331,-0.05308,0.00731116,0
5.89433,-0.0530797,0.00731833,0
5.89531,-0.0530823,0.00731349,0
5.89629,-0.053082,0.00732054,0
5.8974,-0.0530846,0.00731561,0
5.89829,-0.0530846,0.00731561,0
5.89929,-0.0530866,0.00731752,0
5.90033,-0.0531,0.00731504,0
5.90131,-0.0531052,0.00730889,0
5.90229,-0.0531054,0.00731632,0
5.90353,-0.0531083,0.00731196,0
5.9043,-0.0531082,0.00731933,0
5.90528,-0.053111,0.00731468,0
5.90631,-0.0531109,0.00732189,0
5.90766,-0.0531135,0.00731711,0
5.90835,-0.0531136,0.00732426,0
5.90933,-0.0531158,0.00731931,0
5.9103,-0.0531154,0.00732629,0
5.9113,-0.0531179,0.00732129,0
5.91229,-0.0531175,0.00732818,0
5.91329,-0.053134,0.00731398,0
5.91429,-0.0531363,0.00731978,0
5.91531,-0.0531398,0.00731532,0
5.91632,-0.0531398,0.00732289,0
5.91739,-0.0531427,0.00731831,0
5.91829,-0.0531422,0.00732552,0
5.91931,-0.053145,0.0073208,0
5.92029,-0.0531447,0.00732793,0
5.92125,-0.0531477,0.00732314,0
5.92236,-0.0531477,0.00732314,0
5.92328,-0.0531642,0.00731627,0
5.92432,-0.0531666,0.0073222,0
5.92531,-0.0531699,0.0073178,0
5.92632,-0.0531696,0.0073254,0
5.92731,-0.0531729,0.00732098,0
5.9283,-0.0531399,0.00733269,0
5.92928,-0.053174,0.00732494,0
5.93035,-0.0531608,0.00733928,0
5.93136,-0.0531422,0.0073311,0
5.93241,-0.0531422,0.0073311,0
5.93326,-0.0531794,0.0073282,0
5.9343,-0.0531952,0.00732478,0
5.93536,-0.0532014,0.00731901,0
5.9363,-0.0532203,0.00733136,0
5.93738,-0.0532217,0.00732682,0
5.9383,-0.0532203,0.00733399,0
5.93941,-0.053222,0.00732911,0
5.9403,-0.0532024,0.00733173,0
5.94165,-0.0532055,0.00732712,0
5.9423,-0.0532055,0.00732712,0
5.9434,-0.053225,0.00733369,0
5.94432,-0.0532239,0.00734056,0
5.94531,-0.0532068,0.00733095,0
5.94637,-0.0532072,0.00733807,0
5.94728,-0.0532436,0.00732903,0
5.94829,-0.0532448,0.00733476,0
5.94929,-0.0532468,0.00733024,0
5.95029,-0.0532273,0.00733314,0
5.95133,-0.0532494,0.00733319,0
5.95228,-0.0532494,0.00733319,0
5.95339,-0.0532502,0.00733542,0
5.9543,-0.0532306,0.00733797,0
5.95529,-0.0532306,0.00733797,0
5.95632,-0.0532515,0.00734461,0
5.95731,-0.0532533,0.0073395,0
5.95831,-0.0532533,0.0073395,0
5.95934,-0.053269,0.00733281,0
5.96028,-0.053269,0.00733281,0
5.9613,-0.0532729,0.00733412,0
5.96231,-0.0532723,0.00734158,0
5.96328,-0.0532747,0.0073369,0
5.96441,-0.0532747,0.0073369,0
5.96526,-0.0532402,0.00734779,0
5.96628,-0.0532415,0.00734432,0
5.96734,-0.0532754,0.00734714,0
5.96823,-0.0532777,0.00734899,0
5.96929,-0.0532777,0.00734899,0
5.97039,-0.0532818,0.00734233,0
5.9713,-0.0532466,0.00735291,0
5.9723,-0.0532476,0.00734936,0
5.9733,-0.0532969,0.00734401,0
5.97441,-0.0532689,0.00734,0
5.97532,-0.0532683,0.00734882,0
5.97631,-0.0533057,0.00734062,0
5.97727,-0.0532724,0.00734986,0
5.97826,-0.0532544,0.00734213,0
5.97929,-0.0532753,0.00735395,0
5.9806,-0.0532783,0.00734877,0
5.98131,-0.0533134,0.0073521,0
5.9824,-0.0532979,0.00734132,0
5.98326,-0.0532842,0.00735673,0
5.9843,-0.0533345,0.00734188,0
5.98532,-0.0533034,0.00734979,0
5.9863,-0.0533405,0.00735065,0
5.98731,-0.0533405,0.00735065,0
5.98847,-0.0533259,0.00734019,0
5.98936,-0.0533462,0.00735244,0
5.99031,-0.0533135,0.00735112,0
5.99144,-0.0533122,0.00735976,0
5.9923,-0.0533497,0.00735124,0
5.99336,-0.0533313,0.00735229,0
5.99443,-0.0533356,0.0073479,0
5.99538,-0.0533358,0.00735532,0
5.99657,-0.0533395,0.00735085,0
5.99729,-0.0533748,0.00735488,0
5.99842,-0.0533601,0.00734454,0
5.99943,-0.0533805,0.00735685,0
6.00033,-0.0533475,0.00735538,0
6.00135,-0.0533261,0.00735934,0
6.00235,-0.0533152,0.00736229,0
6.00334,-0.0533482,0.00736709,0
6.00429,-0.0533482,0.00736709,0
6.00541,-0.0533689,0.007353,0
6.00644,-0.0533689,0.007353,0
6.00732,-0.0533762,0.00737062,0
6.00829,-0.0533748,0.00736672,0
6.00929,-0.053373,0.00737305,0
6.01028,-0.053339,0.00737043,0
6.01134,-0.053339,0.00737043,0
6.01229,-0.0533356,0.00737779,0
6.01328,-0.0533216,0.00737917,0
6.01433,-0.0533216,0.00737917,0
6.01531,-0.0533177,0.00738577,0
6.01628,-0.0533393,0.00738313,0
6.0173,-0.053316,0.00738395,0
6.01845,-0.053316,0.00738395,0
6.01928,-0.0533182,0.0073777,0
6.02028,-0.0533378,0.00738715,0
6.02129,-0.0533383,0.00738039,0
6.02229,-0.0532993,0.00738879,0
6.0233,-0.0532993,0.00738879,0
6.02441,-0.0532993,0.00738879,0
6.02536,-0.0533195,0.00738754,0
6.02633,-0.053301,0.00739909,0
6.02731,-0.053301,0.00739909,0
6.02834,-0.0532582,0.00740008,0
6.02934,-0.0532731,0.00738677,0
6.03032,-0.0532965,0.00739388,0
6.03142,-0.0532974,0.00738653,0
6.03238,-0.0532954,0.00739149,0
6.03336,-0.0532954,0.00739149,0
6.03445,-0.0532968,0.0073846,0
6.03535,-0.0532568,0.00739242,0
6.03646,-0.0532569,0.00738695,0
6.03746,-0.0532561,0.00739171,0
6.03839,-0.0532593,0.00738476,0
6.03936,-0.0532983,0.00738696,0
6.04046,-0.0532803,0.00737506,0
6.04136,-0.0533205,0.00737855,0
6.04234,-0.0532871,0.00737409,0
6.04338,-0.0532871,0.00738181,0
6.04434,-0.0533299,0.00737354,0
6.0455,-0.0532936,0.00738067,0
6.04641,-0.0532964,0.00737655,0
6.04732,-0.0532973,0.00738268,0
6.04832,-0.0532973,0.00738268,0
6.04928,-0.0532801,0.0073786,0
6.05041,-0.053287,0.00737357,0
6.05135,-0.0532662,0.00737561,0
6.05236,-0.0533367,0.00737281,0
6.05332,-0.0533168,0.00737335,0
6.05433,-0.0533477,0.00737325,0
6.05531,-0.0533273,0.00737564,0
6.05638,-0.053278,0.00737954,0
6.05763,-0.053278,0.00737954,0
6.05835,-0.0533602,0.0073645,0
6.05934,-0.0533888,0.00737646,0
6.06033,-0.0533888,0.00737646,0
6.06129,-0.053398,0.00737985,0
6.06229,-0.0533807,0.00737061,0
6.06332,-0.0533618,0.00737364,0
6.0643,-0.0533928,0.00737415,0
6.06531,-0.0533719,0.00737669,0
6.06633,-0.0534022,0.00737703,0
6.06744,-0.0533816,0.0073794,0
6.06838,-0.0533816,0.0073794,0
6.06953,-0.0533919,0.00738209,0
6.07037,-0.0534617,0.00738047,0
6.0713,-0.053442,0.00738146,0
6.07232,-0.0534329,0.00738365,0
6.07332,-0.0534102,0.0073873,0
6.07431,-0.0534779,0.00738535,0
6.07535,-0.0534579,0.00738608,0
6.07628,-0.0534478,0.00738784,0
6.07728,-0.0534248,0.00739133,0
6.07831,-0.0534871,0.00737885,0
6.0794,-0.0534383,0.00739128,0
6.08034,-0.053496,0.00738147,0
6.08129,-0.053447,0.00739394,0
6.08239,-0.053544,0.00738237,0
6.08329,-0.0534962,0.00739352,0
6.08428,-0.0535525,0.00738368,0
6.08536,-0.0535042,0.00739647,0
6.08628,-0.0535042,0.00739647,0
6.08729,-0.0535444,0.00739966,0
6.08832,-0.0535278,0.00738879,0
6.0893,-0.0535278,0.00738879,0
6.09047,-0.0535135,0.00740185,0
6.09141,-0.0535702,0.00739044,0
6.09252,-0.0535208,0.00740246,0
6.09368,-0.0534983,0.00739533,0
6.09442,-0.0535571,0.00739505,0
6.09529,-0.0535106,0.00739505,0
6.09629,-0.0535638,0.00739732,0
6.09725,-0.0535171,0.00739747,0
6.09828,-0.0535699,0.00739946,0
6.09944,-0.0535635,0.00739823,0
6.10044,-0.0535401,0.0074017,0
6.10172,-0.0536067,0.00740042,0
6.10264,-0.05363,0.00740977,0
6.10362,-0.0535932,0.00740583,0
6.10444,-0.0535914,0.00741374,0
6.10537,-0.0536317,0.00740678,0
6.10641,-0.0535957,0.00741361,0
6.10734,-0.0536166,0.00740516,0
6.1085,-0.0536652,0.00741264,0
6.10947,-0.0536814,0.00742721,0
6.11049,-0.0538816,0.0075011,0
6.11183,-0.0539767,0.007528,0
6.1124,-0.0540481,0.00755703,0
6.11348,-0.0540964,0.0075656,0
6.11432,-0.0541321,0.00758188,0
6.11587,-0.0541703,0.00758689,0
6.11711,-0.0542314,0.00759752,0
6.11764,-0.0542393,0.00760492,0
6.11867,-0.0542751,0.0076121,0
6.11958,-0.0543026,0.00761186,0
6.12056,-0.0543302,0.00762558,0
6.12132,-0.0543616,0.00762874,0
6.12238,-0.0544136,0.00763718,0
6.12333,-0.0544177,0.00764324,0
6.12432,-0.0544427,0.00765832,0
6.12534,-0.0544697,0.00765996,0
6.12631,-0.0545027,0.00767288,0
6.12729,-0.0545027,0.00767288,0
6.12828,-0.0545305,0.00767495,0
6.12929,-0.0545486,0.00768602,0
6.13029,-0.0545486,0.00768602,0
6.13132,-0.0545497,0.00768205,0
6.1323,-0.0545465,0.00767555,0
6.13331,-0.0545418,0.00767929,0
6.13443,-0.0545177,0.00767685,0
6.13529,-0.0545333,0.00767569,0
6.1363,-0.0545305,0.00766526,0
6.13726,-0.0545011,0.00767423,0
6.1383,-0.0545175,0.00766096,0
6.13929,-0.0545099,0.00766213,0
6.14031,-0.0544814,0.00765863,0
6.1413,-0.0544934,0.00765716,0
6.14224,-0.0545052,0.00764139,0
6.1433,-0.0544749,0.0076488,0
6.14424,-0.0544673,0.00764133,0
6.14531,-0.0544802,0.00763891,0
6.14629,-0.0544734,0.00762824,0
6.1473,-0.0544392,0.00763632,0
6.14827,-0.0544531,0.00762358,0
6.14934,-0.0544426,0.00762476,0
6.1507,-0.0544426,0.00762476,0
6.15154,-0.0544275,0.00761572,0
6.15234,-0.0543881,0.00761512,0
6.15325,-0.0543759,0.00761746,0
6.1543,-0.0543759,0.00761746,0
6.15534,-0.0543915,0.00760307,0
6.15635,-0.0543728,0.00760423,0
6.15735,-0.0543582,0.00759558,0
6.15846,-0.0543815,0.00759503,0
6.15931,-0.0543471,0.00758864,0
6.16031,-0.0543341,0.00759297,0
6.16129,-0.0543248,0.00758398,0
6.16236,-0.0543128,0.00758669,0
6.16334,-0.0543038,0.00757759,0
6.16428,-0.0542918,0.00758043,0
6.1653,-0.0542829,0.00757138,0
6.1663,-0.054271,0.00757426,0
6.1673,-0.0542622,0.00756526,0
6.16878,-0.0542504,0.00756819,0
6.16933,-0.0542596,0.00755513,0
6.1703,-0.0542514,0.00755767,0
6.1713,-0.054244,0.00754942,0
6.17231,-0.0542333,0.0075532,0
6.1733,-0.0542257,0.00754498,0
6.17438,-0.0542331,0.00754459,0
6.1753,-0.054229,0.00753593,0
6.17628,-0.0542196,0.00754019,0
6.17731,-0.054213,0.00753269,0
6.17828,-0.0542034,0.00753691,0
6.17928,-0.0541968,0.00752924,0
6.18035,-0.0541873,0.00753341,0
6.18168,-0.0541808,0.00752571,0
6.18247,-0.0541717,0.00752993,0
6.18338,-0.0541717,0.00752993,0
6.1843,-0.0541717,0.00752993,0
6.1853,-0.0541653,0.00752222,0
6.18638,-0.0541653,0.00752222,0
6.18749,-0.0541685,0.00752809,0
6.18847,-0.0541294,0.00752179,0
6.18932,-0.0541004,0.00753045,0
6.19039,-0.0540773,0.00752081,0
6.1914,-0.0540773,0.00752081,0
6.19233,-0.0540813,0.00752595,0
6.19328,-0.0540872,0.00751849,0
6.1943,-0.0540872,0.00751849,0
6.19532,-0.0540435,0.00752303,0
6.19629,-0.0540435,0.00752303,0
6.19732,-0.0540667,0.00751353,0
6.19849,-0.0540667,0.00751353,0
6.19933,-0.053997,0.00751222,0
6.2003,-0.0539847,0.00751607,0
6.20129,-0.0539774,0.00750672,0
6.20232,-0.053968,0.00750931,0
6.20329,-0.0539618,0.00750042,0
6.20432,-0.0539535,0.00750356,0
6.20531,-0.0539538,0.00750357,0
6.20628,-0.0539484,0.00749501,0
6.20734,-0.0539405,0.00749833,0
6.20843,-0.0539529,0.00749227,0
6.20929,-0.0539263,0.00749297,0
6.21033,-0.0539059,0.00748308,0
6.21147,-0.0539541,0.00748897,0
6.2123,-0.0539155,0.00748055,0
6.21332,-0.0538899,0.00748349,0
6.21433,-0.0539429,0.0074784,0
6.21538,-0.0539016,0.00748169,0
6.21631,-0.0538982,0.00747568,0
6.21733,-0.0538925,0.00748005,0
6.21861,-0.0538906,0.00747262,0
6.21933,-0.0538858,0.00747705,0
6.22031,-0.0538858,0.00747705,0
6.22149,-0.0538846,0.00746998,0
6.22233,-0.0539173,0.00747436,0
6.22331,-0.0539132,0.00747155,0
6.22434,-0.0539132,0.00747155,0
6.2253,-0.0538754,0.00746517,0
6.22629,-0.053907,0.00747123,0
6.22727,-0.0539082,0.00746335,0
6.22825,-0.0539028,0.00746318,0
6.22927,-0.0539028,0.00746318,0
6.23026,-0.0539014,0.00746715,0
6.23125,-0.0538816,0.0074577,0
6.23228,-0.0538807,0.0074638,0
6.23329,-0.0538812,0.00746232,0
6.23434,-0.0538812,0.00746232,0
6.23531,-0.0538814,0.00745761,0
6.23637,-0.0539177,0.00746376,0
6.23732,-0.0539205,0.0074567,0
6.23845,-0.0538811,0.00746218,0
6.23934,-0.0539181,0.00745791,0
6.24031,-0.05388,0.00746197,0
6.2413,-0.0538806,0.00745709,0
6.2423,-0.0539173,0.00746332,0
6.24326,-0.0538819,0.00745561,0
6.24431,-0.0538976,0.00746004,0
6.24543,-0.0539411,0.00745451,0
6.24655,-0.0539037,0.00745893,0
6.24738,-0.0539053,0.00745484,0
6.24832,-0.0539429,0.00746183,0
6.24945,-0.0539084,0.00745442,0
6.25035,-0.053907,0.00746171,0
6.25135,-0.0539476,0.00745706,0
6.25239,-0.05391,0.00746113,0
6.25342,-0.0539115,0.00745676,0
6.25433,-0.0539673,0.00746151,0
6.25529,-0.053936,0.00745362,0
6.25646,-0.0539356,0.00746132,0
6.25744,-0.0539767,0.00745737,0
6.25834,-0.0539398,0.00746168,0
6.25946,-0.0539416,0.00745753,0
6.26035,-0.0539413,0.00746383,0
6.26129,-0.0539447,0.00745848,0
6.26228,-0.0539833,0.00746589,0
6.26334,-0.053967,0.00745636,0
6.2643,-0.0539694,0.00746352,0
6.26532,-0.0540114,0.00745998,0
6.26625,-0.0539749,0.0074644,0
6.26736,-0.0539774,0.00746057,0
6.26828,-0.0540157,0.00746841,0
6.26934,-0.0539818,0.00746095,0
6.27034,-0.0539811,0.00746849,0
6.27131,-0.0539852,0.00746859,0
6.2723,-0.0539852,0.00746859,0
6.27329,-0.0539872,0.00746444,0
6.2743,-0.0540252,0.00747212,0
6.27529,-0.0539909,0.00746432,0
6.27628,-0.0539898,0.00747162,0
6.27736,-0.0540488,0.00746603,0
6.27832,-0.0540149,0.00746949,0
6.27937,-0.0540177,0.00746571,0
6.28029,-0.0540561,0.00747399,0
6.28126,-0.0540224,0.00746639,0
6.28232,-0.0540218,0.00747395,0
6.28326,-0.0540629,0.00747047,0
6.28451,-0.054026,0.00747422,0
6.28528,-0.0540281,0.00747012,0
6.28629,-0.0540662,0.00747812,0
6.28724,-0.054032,0.00747016,0
6.28836,-0.054031,0.00747746,0
6.28933,-0.05409,0.00747248,0
6.29029,-0.0540562,0.00747579,0
6.29133,-0.0540591,0.00747203,0
6.29254,-0.0540975,0.00748059,0
6.29334,-0.0540638,0.00747282,0
6.29448,-0.0540424,0.00747696,0
6.29529,-0.0540679,0.00747574,0
6.29634,-0.0540677,0.00748181,0
6.29733,-0.0540707,0.00747658,0
6.29843,-0.0541093,0.00748486,0
6.29938,-0.0536747,0.00742753,0
6.30035,-0.0530849,0.00738991,0
6.3014,-0.0531139,0.00739681,0
6.30237,-0.0530551,0.00739777,0
6.3033,-0.0530532,0.0073945,0
6.30445,-0.0530441,0.00740123,0
6.30535,-0.0530385,0.00739674,0
6.30642,-0.0530292,0.00740314,0
6.3077,-0.0530218,0.00739843,0
6.3083,-0.0530118,0.00740465,0
6.30935,-0.0530046,0.00739974,0
6.31032,-0.0530723,0.00741142,0
6.31134,-0.0530762,0.00740554,0
6.31232,-0.0530663,0.00741168,0
6.31331,-0.0530565,0.0074067,0
6.31431,-0.0530442,0.00741265,0
6.31533,-0.0530346,0.0074074,0
6.31632,-0.0530229,0.00741325,0
6.31738,-0.053015,0.007408,0
6.31829,-0.053015,0.007408,0
6.31931,-0.053004,0.0074138,0
6.32042,-0.0530768,0.00741444,0
6.32159,-0.0530748,0.0074191,0
6.32238,-0.0530681,0.00741373,0
6.32344,-0.052958,0.00740902,0
6.32444,-0.052958,0.00740902,0
6.32532,-0.053017,0.00741991,0
6.32639,-0.053017,0.00741991,0
6.32777,-0.0529426,0.00740762,0
6.32847,-0.0530165,0.00741403,0
6.32932,-0.0530094,0.00741967,0
6.3303,-0.0529338,0.00740854,0
6.33129,-0.0530764,0.00742731,0
6.3324,-0.0529359,0.0074084,0
6.33334,-0.0530621,0.00742592,0
6.33429,-0.0530621,0.00742592,0
6.33543,-0.0529452,0.00741129,0
6.33642,-0.0529959,0.0074243,0
6.33729,-0.0530231,0.00731469,0
6.33831,-0.0530231,0.00731469,0
6.33946,-0.052956,0.00732365,0
6.34051,-0.0530879,0.00733832,0
6.34133,-0.0531045,0.00733761,0
6.34245,-0.0530546,0.00731442,0
6.3435,-0.053043,0.00731872,0
6.34441,-0.0530447,0.00731502,0
6.34574,-0.0530526,0.00731709,0
6.34649,-0.0531219,0.00732322,0
6.34736,-0.0530022,0.00730105,0
6.34831,-0.053058,0.00730455,0
6.34933,-0.053052,0.0073061,0
6.3503,-0.0530557,0.00730006,0
6.35133,-0.0530562,0.00730478,0
6.35263,-0.0530598,0.00729903,0
6.35343,-0.053125,0.00731747,0
6.35428,-0.0531383,0.00730937,0
6.35531,-0.0531375,0.00731826,0
6.35657,-0.0532117,0.00731865,0
6.35729,-0.0531416,0.00731133,0
6.35833,-0.0531384,0.00730827,0
6.35938,-0.0531356,0.00731326,0
6.36028,-0.0530716,0.00729765,0
6.36129,-0.0531333,0.00731503,0
6.36228,-0.0531389,0.00730695,0
6.36331,-0.053149,0.00731212,0
6.36428,-0.0531789,0.00730596,0
6.36529,-0.0532814,0.00732596,0
6.36628,-0.053366,0.00732504,0
6.36729,-0.0534094,0.00732967,0
6.3683,-0.0534557,0.00732155,0
6.36929,-0.0534985,0.00732309,0
6.37028,-0.0535424,0.00731477,0
6.3713,-0.0535828,0.00731711,0
6.37232,-0.0536242,0.00731048,0
6.37328,-0.0536604,0.00731355,0
6.37513,-0.0536975,0.00730824,0
6.37532,-0.0537299,0.00731184,0
6.37635,-0.0537632,0.00730746,0
6.3773,-0.0538079,0.00732668,0
6.37833,-0.0538385,0.00732158,0
6.37987,-0.0538652,0.00732585,0
6.38032,-0.0538911,0.00732431,0
6.38133,-0.0539159,0.0073225,0
6.38232,-0.0539404,0.00732641,0
6.38339,-0.0539659,0.00732295,0
6.38432,-0.0539882,0.00732671,0
6.38592,-0.0540108,0.00732348,0
6.38632,-0.054031,0.00732736,0
6.38736,-0.0540664,0.00734027,0
6.38833,-0.0540389,0.00733182,0
6.38933,-0.0541058,0.00734221,0
6.39037,-0.0541276,0.00734359,0
6.39135,-0.0541276,0.00734359,0
6.39233,-0.0541477,0.00734064,0
6.39335,-0.0541335,0.00733079,0
6.39433,-0.0541464,0.00733677,0
6.39529,-0.0541464,0.00733677,0
6.39631,-0.0542363,0.00736547,0
6.3973,-0.0542363,0.00736547,0
6.39837,-0.0543049,0.00735759,0
6.3993,-0.0543172,0.00735544,0
6.4003,-0.054285,0.00734852,0
6.40134,-0.0543382,0.00735899,0
6.40233,-0.0543516,0.007361,0
6.40325,-0.0543206,0.00734742,0
6.40431,-0.0543702,0.00736449,0
6.40529,-0.0543439,0.00734949,0
6.4063,-0.0543933,0.00736664,0
6.40727,-0.0543642,0.0073513,0
6.40836,-0.0544259,0.00738481,0
6.40929,-0.0544124,0.00738427,0
6.41043,-0.0544124,0.00738427,0
6.41133,-0.0544101,0.00737285,0
6.41229,-0.054419,0.0073714,0
6.4134,-0.0544279,0.00737483,0
6.41429,-0.0544384,0.00737224,0
6.41528,-0.0544472,0.00737625,0
6.41632,-0.0544988,0.00738538,0
6.41738,-0.0544671,0.00737596,0
6.41834,-0.0544743,0.00737569,0
6.41933,-0.054522,0.00739107,0
6.42039,-0.0544918,0.0073753,0
6.42133,-0.0545094,0.00739766,0
6.42233,-0.0545206,0.00739418,0
6.42337,-0.0545692,0.0074094,0
6.42432,-0.0545402,0.00739361,0
6.42544,-0.0545449,0.00739919,0
6.42635,-0.054553,0.00739638,0
6.42742,-0.05456,0.00740011,0
6.42879,-0.0546081,0.00740897,0
6.42969,-0.0545767,0.00739947,0
6.43049,-0.0545821,0.00739893,0
6.4313,-0.054627,0.00741421,0
6.43243,-0.0545972,0.00739834,0
6.43337,-0.054613,0.0074205,0
6.43437,-0.0546226,0.00741679,0
6.43539,-0.0546291,0.00742054,0
6.43644,-0.0546371,0.00741787,0
6.43737,-0.0546819,0.00743291,0
6.43835,-0.0546523,0.00741687,0
6.43925,-0.0546553,0.00742221,0
6.4403,-0.0546615,0.0074193,0
6.44137,-0.0546664,0.00742283,0
6.44232,-0.0546728,0.00742013,0
6.44349,-0.0546773,0.00742385,0
6.44479,-0.0546964,0.00743807,0
6.4455,-0.0547036,0.00744082,0
6.44629,-0.0547108,0.00743819,0
6.44728,-0.054716,0.0074416,0
6.4483,-0.0547226,0.00743863,0
6.44932,-0.0547273,0.00744201,0
6.45042,-0.0547334,0.00743909,0
6.45153,-0.0547334,0.00743909,0
6.45293,-0.0547377,0.00744255,0
6.4533,-0.0547473,0.00744324,0
6.45439,-0.0547656,0.00745742,0
6.45537,-0.0547722,0.00746006,0
6.45629,-0.0547788,0.00745724,0
6.45723,-0.0547836,0.0074606,0
6.45845,-0.0547892,0.00745732,0
6.45932,-0.0547933,0.00746053,0
6.46035,-0.0547933,0.00746053,0
6.46129,-0.0548024,0.00746074,0
6.46272,-0.0548204,0.00747482,0
6.46331,-0.054827,0.00747742,0
6.4644,-0.0547961,0.00746236,0
6.46535,-0.0548366,0.0074791,0
6.46637,-0.0548444,0.00747417,0
6.46734,-0.0548484,0.00747727,0
6.46829,-0.0548537,0.00747422,0
6.4693,-0.054857,0.00747739,0
6.47028,-0.0548617,0.00747419,0
6.47141,-0.0548647,0.0074774,0
6.47229,-0.0548688,0.00747417,0
6.4733,-0.0548716,0.0074776,0
6.47432,-0.0548757,0.00747457,0
6.47529,-0.0548781,0.00747795,0
6.47639,-0.0548819,0.00747501,0
6.4773,-0.0548968,0.00749578,0
6.4783,-0.0549031,0.00749197,0
6.47929,-0.0549031,0.00749197,0
6.48032,-0.0549068,0.00749549,0
6.48164,-0.0549348,0.00749129,0
6.48228,-0.054918,0.00749136,0
6.48335,-0.0549429,0.00749043,0
6.48429,-0.0549467,0.00748684,0
6.48559,-0.0549473,0.00749039,0
6.48631,-0.0549494,0.00748751,0
6.48728,-0.0549494,0.00748751,0
6.48833,-0.0549154,0.00747889,0
6.48931,-0.0549693,0.00750898,0
6.49023,-0.0549506,0.00751106,0
6.4913,-0.054975,0.00750961,0
6.49229,-0.0549443,0.00749343,0
6.49329,-0.0549788,0.00751015,0
6.49464,-0.0549844,0.00750585,0
6.49529,-0.0549509,0.00749674,0
6.4963,-0.0549863,0.00750759,0
6.49732,-0.05499,0.0075098,0
6.49829,-0.054958,0.00749426,0
6.49931,-0.0549915,0.00751169,0
6.50034,-0.0550093,0.00752529,0
6.50128,-0.0550093,0.00752529,0
6.50252,-0.0550093,0.00752529,0
6.50346,-0.0550172,0.00752541,0
6.50437,-0.0549979,0.0075329,0
6.50535,-0.0549669,0.00751748,0
6.50631,-0.0549559,0.007504,0
6.50741,-0.0550273,0.00752609,0
6.50844,-0.054998,0.00751405,0
6.5094,-0.0549993,0.00751272,0
6.51037,-0.0550001,0.00751617,0
6.51133,-0.0550031,0.00751332,0
6.51237,-0.0550168,0.0075347,0
6.5134,-0.0550224,0.00753141,0
6.51437,-0.055025,0.00753492,0
6.51535,-0.0550293,0.00753187,0
6.51694,-0.055066,0.00754784,0
6.51738,-0.0550373,0.00753059,0
6.51862,-0.0550373,0.00753059,0
6.51931,-0.0550396,0.00753344,0
6.52031,-0.0550204,0.00753654,0
6.52132,-0.055,0.00754532,0
6.52231,-0.0550149,0.00752023,0
6.52331,-0.0550624,0.00755393,0
6.52429,-0.0550707,0.00754924,0
6.52532,-0.0550736,0.00755299,0
6.52634,-0.0550774,0.00754983,0
6.52728,-0.0550795,0.00755294,0
6.52831,-0.0550831,0.00754968,0
6.52937,-0.0550831,0.00754968,0
6.53029,-0.0550544,0.00753666,0
6.5313,-0.0550876,0.00755411,0
6.53243,-0.0550876,0.00755411,0
6.53328,-0.0550946,0.00755348,0
6.53433,-0.0550974,0.00755044,0
6.5353,-0.0550974,0.00755044,0
6.5363,-0.0550825,0.00755526,0
6.5373,-0.0551169,0.00757311,0
6.53832,-0.0551169,0.00757311,0
6.53945,-0.0551465,0.00756622,0
6.5403,-0.0551485,0.00756333,0
6.54156,-0.0551485,0.00756333,0
6.54232,-0.055149,0.0075668,0
6.54332,-0.0551304,0.00757186,0
6.54428,-0.055133,0.00756969,0
6.5453,-0.0551598,0.00758585,0
6.54628,-0.0551319,0.00756816,0
6.5474,-0.0551319,0.00756816,0
6.54829,-0.0551315,0.00757236,0
6.54935,-0.0551342,0.00756927,0
6.55032,-0.0551354,0.0075724,0
6.55145,-0.0551385,0.00756951,0
6.55231,-0.0551729,0.00758651,0
6.55336,-0.0551446,0.00756893,0
6.55441,-0.0551437,0.00757337,0
6.55529,-0.0551459,0.00757027,0
6.55641,-0.0551471,0.00757388,0
6.55735,-0.0551616,0.00758923,0
6.5583,-0.0551651,0.0075927,0
6.55929,-0.055169,0.00758986,0
6.56028,-0.055171,0.00759297,0
6.56137,-0.0551748,0.00758988,0
6.56228,-0.0551764,0.00759292,0
6.56334,-0.0551797,0.00758978,0
6.5643,-0.0551813,0.00759303,0
6.56532,-0.0551813,0.00759303,0
6.56638,-0.0551858,0.00759332,0
6.5673,-0.0551888,0.00759036,0
6.5683,-0.05519,0.00759378,0
6.56934,-0.0552049,0.00760927,0
6.57036,-0.0552085,0.00761274,0
6.57131,-0.0552126,0.00760978,0
6.57239,-0.0552148,0.00761277,0
6.57333,-0.0552185,0.00760943,0
6.57436,-0.0552204,0.00761246,0
6.57535,-0.0552239,0.0076092,0
6.57631,-0.0552255,0.00761234,0
6.5773,-0.0552407,0.0076276,0
6.57831,-0.0552445,0.00763092,0
6.57933,-0.0552488,0.00762772,0
6.58032,-0.0552513,0.00763044,0
6.58129,-0.0552552,0.00762685,0
6.58247,-0.0552572,0.00762967,0
6.58331,-0.0552608,0.0076262,0
6.58433,-0.0552625,0.00762916,0
6.58535,-0.0552657,0.0076258,0
6.5863,-0.0552671,0.00762885,0
6.58734,-0.0552702,0.00762559,0
6.58832,-0.0552702,0.00762559,0
6.58929,-0.0552884,0.00764431,0
6.5903,-0.0552908,0.00764742,0
6.59133,-0.0552947,0.00764373,0
6.59229,-0.0552966,0.00764645,0
6.59333,-0.0552966,0.00764645,0
6.59428,-0.0552806,0.00764754,0
6.59531,-0.0553021,0.00764671,0
6.59632,-0.0553261,0.00763773,0
6.59739,-0.0553261,0.00763773,0
6.59834,-0.0552957,0.00762555,0
6.5993,-0.0553263,0.00763736,0
6.6003,-0.0553168,0.00762196,0
6.60129,-0.0553158,0.00761856,0
6.60234,-0.0553158,0.00761856,0
6.60338,-0.0552955,0.00762666,0
6.60437,-0.0553153,0.00762139,0
6.60542,-0.0553163,0.00762427,0
6.60629,-0.0552859,0.00760715,0
6.60745,-0.055314,0.00762676,0
6.60841,-0.0552969,0.00762758,0
6.60929,-0.0552969,0.00763311,0
6.61041,-0.0553306,0.00764573,0
6.61133,-0.0553333,0.00764894,0
6.61286,-0.0553047,0.0076316,0
6.61343,-0.0553341,0.00765026,0
6.61439,-0.0553072,0.00763224,0
6.61533,-0.0553064,0.00763673,0
6.6165,-0.05534,0.00764915,0
6.61745,-0.0553111,0.00763741,0
6.61866,-0.0553118,0.00763549,0
6.61952,-0.0553121,0.00763921,0
6.62077,-0.0553146,0.00763689,0
6.62136,-0.0553269,0.00765968,0
6.62237,-0.0553315,0.00765803,0
6.62337,-0.0553337,0.00766202,0
6.62441,-0.0553376,0.00765928,0
6.62541,-0.0553707,0.00767768,0
6.62635,-0.0553451,0.00765945,0
6.62733,-0.0553452,0.00766341,0
6.6283,-0.0553482,0.00766036,0
6.62948,-0.0553499,0.00766398,0
6.63036,-0.0553533,0.00766144,0
6.63129,-0.0553857,0.00768028,0
6.6323,-0.05536,0.00766213,0
6.63329,-0.0553711,0.00768503,0
6.63429,-0.0553758,0.00768287,0
6.63535,-0.0553785,0.00768655,0
6.63632,-0.0553827,0.00768337,0
6.63731,-0.055385,0.00768663,0
6.63831,-0.0553889,0.00768359,0
6.63949,-0.055391,0.00768695,0
6.64031,-0.0553947,0.00768399,0
6.64135,-0.0553965,0.00768744,0
6.64234,-0.0554,0.00768456,0
6.64331,-0.055413,0.00770697,0
6.64439,-0.0554183,0.00770502,0
6.64528,-0.0554211,0.00770849,0
6.64634,-0.0554255,0.00770507,0
6.64751,-0.055428,0.0077081,0
6.64829,-0.055432,0.0077048,0
6.64931,-0.0554342,0.00770794,0
6.65035,-0.0554381,0.0077049,0
6.65131,-0.05544,0.00770814,0
6.65233,-0.0554435,0.00770506,0
6.65334,-0.0554451,0.00770827,0
6.6543,-0.0554596,0.00772421,0
6.65532,-0.0554631,0.00772878,0
6.65631,-0.0554675,0.00772575,0
6.65733,-0.0554701,0.00772855,0
6.65832,-0.055474,0.0077249,0
6.65931,-0.0554762,0.00772784,0
6.66032,-0.0554801,0.00772462,0
6.66136,-0.055482,0.0077277,0
6.6623,-0.0554854,0.00772446,0
6.66332,-0.0554871,0.00772764,0
6.66429,-0.0554903,0.0077245,0
6.6653,-0.0554921,0.00772783,0
6.66629,-0.0554951,0.00772479,0
6.66729,-0.0555075,0.00774713,0
6.66831,-0.0555121,0.00774536,0
6.66936,-0.0555145,0.00774871,0
6.67026,-0.0555185,0.0077451,0
6.67131,-0.0555206,0.00774793,0
6.67234,-0.0555242,0.00774447,0
6.67329,-0.055526,0.00774747,0
6.67429,-0.0555293,0.00774415,0
6.67534,-0.0555307,0.00774711,0
6.67631,-0.055534,0.00774403,0
6.6773,-0.0555529,0.00774382,0
6.67831,-0.0555385,0.00774292,0
6.6793,-0.0555668,0.00776322,0
6.68033,-0.055554,0.00776393,0
6.68131,-0.0555553,0.00776845,0
6.68229,-0.0555762,0.00776131,0
6.68329,-0.0555613,0.00776642,0
6.68433,-0.0555808,0.00776073,0
6.68528,-0.0555828,0.00776258,0
6.68637,-0.055585,0.00775915,0
6.68733,-0.0555689,0.00776599,0
6.68829,-0.0555985,0.00777986,0
6.68932,-0.0556017,0.00778347,0
6.69026,-0.0556017,0.00778347,0
6.69131,-0.0556062,0.00778259,0
6.6923,-0.0556092,0.00777904,0
6.69333,-0.0556104,0.00778196,0
6.6943,-0.0556132,0.00777853,0
6.69536,-0.0556142,0.00778158,0
6.6964,-0.0556167,0.00777826,0
6.69728,-0.0556175,0.00778143,0
6.69824,-0.0556175,0.00778143,0
6.69933,-0.0556044,0.00778458,0
6.70032,-0.0556044,0.00778458,0
6.70125,-0.0556334,0.00779852,0
6.7023,-0.0556365,0.00780214,0
6.70343,-0.0556128,0.0077831,0
6.70431,-0.0556127,0.00778521,0
6.7054,-0.0556154,0.00778158,0
6.70633,-0.0556165,0.00778484,0
6.70742,-0.0556193,0.0077819,0
6.70839,-0.0556475,0.00780093,0
6.70946,-0.0556244,0.00778289,0
6.71039,-0.0556242,0.00778564,0
6.71143,-0.0556374,0.00780071,0
6.71235,-0.0556393,0.0078068,0
6.71334,-0.0556697,0.00781942,0
6.71432,-0.055646,0.00780763,0
6.71536,-0.0556485,0.00780352,0
6.71636,-0.0556766,0.00782152,0
6.7173,-0.0556543,0.00780361,0
6.71832,-0.0556547,0.00780603,0
6.71961,-0.055684,0.00781782,0
6.72042,-0.0556597,0.00780674,0
6.72139,-0.0556614,0.00780274,0
6.72282,-0.0556734,0.00782285,0
6.72375,-0.055661,0.00782501,0
6.72487,-0.0556775,0.00782934,0
6.72572,-0.0556821,0.00782444,0
6.72633,-0.0556842,0.00782713,0
6.72772,-0.0556873,0.00782433,0
6.72886,-0.055688,0.00782978,0
6.72949,-0.0556904,0.00782868,0
6.7304,-0.055717,0.00784857,0
6.73143,-0.0556928,0.00783796,0
6.73249,-0.0556909,0.00784532,0
6.7334,-0.0557186,0.00785884,0
6.73431,-0.0556927,0.00785438,0
6.73539,-0.0557188,0.00786686,0
6.73645,-0.0557059,0.0078727,0
6.73733,-0.0557076,0.00787392,0
6.73831,-0.0557343,0.0078928,0
6.73956,-0.0557111,0.0078814,0
6.74029,-0.0557099,0.00788734,0
6.74137,-0.0557113,0.00788721,0
6.74249,-0.0556972,0.00789192,0
6.74335,-0.0556862,0.00788155,0
6.74433,-0.0557114,0.00789875,0
6.74537,-0.0557149,0.00789902,0
6.74639,-0.055715,0.00790515,0
6.74734,-0.0557165,0.00790463,0
6.74834,-0.0557289,0.00792135,0
6.74929,-0.0557322,0.00792176,0
6.7503,-0.0557332,0.00792755,0
6.75133,-0.0557619,0.00793846,0
6.75229,-0.0557378,0.00793251,0
6.75332,-0.0557387,0.00793081,0
6.75446,-0.0557387,0.00793573,0
6.75529,-0.0557145,0.00792283,0
6.75642,-0.0557392,0.00793908,0
6.75738,-0.0557392,0.00793908,0
6.75829,-0.0557429,0.00794356,0
6.75933,-0.0557572,0.00795339,0
6.76035,-0.0557591,0.00795944,0
6.7613,-0.0557621,0.00795794,0
6.76228,-0.0557631,0.00796262,0
6.76344,-0.0557657,0.00796104,0
6.76433,-0.0557664,0.00796551,0
6.7653,-0.0557688,0.0079637,0
6.76644,-0.0557694,0.00796823,0
6.76728,-0.0557716,0.00796635,0
6.76831,-0.0557721,0.00797081,0
6.76931,-0.0557607,0.00796855,0
6.77027,-0.0557612,0.00797365,0
6.7713,-0.0557895,0.00798331,0
6.77228,-0.0557922,0.00798835,0
6.77334,-0.0557953,0.00798619,0
6.77429,-0.0557964,0.0079905,0
6.77559,-0.055799,0.00798827,0
6.77631,-0.0557998,0.00799238,0
6.77728,-0.0558022,0.0079901,0
6.77831,-0.0558028,0.00799417,0
6.77929,-0.0558051,0.00799184,0
6.78029,-0.0558056,0.00799587,0
6.78129,-0.0558328,0.00800521,0
6.78228,-0.0558349,0.00801002,0
6.78349,-0.0558243,0.00800787,0
6.78442,-0.0558375,0.00801172,0
6.78564,-0.0558375,0.00801172,0
6.78641,-0.0558406,0.00801294,0
6.7873,-0.0558303,0.00801022,0
6.7883,-0.0558303,0.00801022,0
6.78945,-0.055846,0.00801146,0
6.7904,-0.0558339,0.00801523,0
6.79129,-0.0558484,0.00801261,0
6.79234,-0.0558491,0.00801592,0
6.79339,-0.0558491,0.00801592,0
6.79439,-0.0558494,0.00803025,0
6.79532,-0.0558531,0.0080288,0
6.79639,-0.0558547,0.00803228,0
6.79732,-0.0558578,0.00802952,0
6.79828,-0.0558578,0.00802952,0
6.79928,-0.0558619,0.0080306,0
6.80032,-0.0558635,0.0080336,0
6.80131,-0.0558662,0.00803074,0
6.80232,-0.055867,0.00803429,0
6.80336,-0.0558694,0.00803146,0
6.80432,-0.0558826,0.00803429,0
6.80528,-0.0558965,0.00804361,0
6.80631,-0.0558965,0.00804361,0
6.8073,-0.0559001,0.00804555,0
6.80831,-0.0559008,0.0080488,0
6.80933,-0.055891,0.0080469,0
6.81029,-0.0559036,0.00804971,0
6.81128,-0.0558943,0.00804729,0
6.81232,-0.0559068,0.00805009,0
6.8133,-0.0558973,0.0080477,0
6.8143,-0.0559097,0.00805065,0
6.81534,-0.0559124,0.00804722,0
6.81627,-0.0559125,0.0080507,0
6.81728,-0.0559143,0.00804782,0
6.81861,-0.0559144,0.00805131,0
6.81944,-0.0559163,0.00804842,0
6.8205,-0.0559272,0.00806494,0
6.8213,-0.0559304,0.00806339,0
6.82228,-0.0559314,0.00806656,0
6.82334,-0.0559221,0.00806438,0
6.82427,-0.0559221,0.00806438,0
6.82526,-0.0559379,0.00806392,0
6.82628,-0.0559393,0.0080667,0
6.82728,-0.0559393,0.0080667,0
6.82851,-0.0559418,0.0080671,0
6.82933,-0.0559418,0.0080671,0
6.83029,-0.055944,0.00806409,0
6.83128,-0.0559222,0.00805523,0
6.83229,-0.0559332,0.00806462,0
6.83338,-0.0559345,0.00806932,0
6.83433,-0.0559373,0.00806641,0
6.83528,-0.0559384,0.00806965,0
6.83632,-0.055941,0.00806661,0
6.83729,-0.0559419,0.00806995,0
6.83831,-0.0559445,0.00806694,0
6.83931,-0.0559453,0.00807032,0
6.84033,-0.0559478,0.00806735,0
6.84128,-0.0559486,0.00807076,0
6.84236,-0.0559511,0.00806782,0
6.84328,-0.0559519,0.00807126,0
6.84428,-0.0559644,0.00808204,0
6.84528,-0.0559665,0.00808692,0
6.84628,-0.0559699,0.00808394,0
6.84731,-0.0559714,0.00808714,0
6.84829,-0.0559745,0.00808405,0
6.84928,-0.0559759,0.00808734,0
6.8503,-0.0559788,0.00808428,0
6.85128,-0.05598,0.0080876,0
6.8523,-0.0559828,0.00808445,0
6.85328,-0.0559839,0.00808793,0
6.85432,-0.0559652,0.00807224,0
6.85533,-0.0559861,0.00808732,0
6.85629,-0.0559897,0.00808538,0
6.8573,-0.0560006,0.00810303,0
6.8583,-0.0560045,0.0081014,0
6.85931,-0.0560064,0.00810485,0
6.86032,-0.0560064,0.00810485,0
6.86128,-0.0559889,0.00808887,0
6.86235,-0.0560003,0.00808952,0
6.86338,-0.0560032,0.00808596,0
6.86431,-0.0560039,0.00808965,0
6.86532,-0.056027,0.00809982,0
6.8663,-0.056027,0.00809982,0
6.86728,-0.0560097,0.00808751,0
6.86833,-0.0560101,0.00809089,0
6.86931,-0.0560101,0.00809089,0
6.87029,-0.0560236,0.00810762,0
6.87128,-0.0560269,0.00810474,0
6.87228,-0.0560284,0.00810801,0
6.87327,-0.0560315,0.008105,0
6.87427,-0.0560329,0.00810837,0
6.87531,-0.0560358,0.0081054,0
6.87629,-0.0560371,0.00810892,0
6.87727,-0.0560399,0.00810586,0
6.87827,-0.0560411,0.00810929,0
6.87932,-0.0560439,0.00810639,0
6.8803,-0.056045,0.00810985,0
6.88127,-0.0560478,0.00810698,0
6.88228,-0.0560578,0.00812522,0
6.88329,-0.0560617,0.0081239,0
6.8843,-0.0560636,0.00812738,0
6.88527,-0.0560672,0.00812406,0
6.88629,-0.0560688,0.0081273,0
6.88731,-0.0560688,0.0081273,0
6.88829,-0.0560736,0.00812749,0
6.88932,-0.0560767,0.00812445,0
6.89027,-0.0560781,0.00812764,0
6.89131,-0.0560705,0.00812641,0
6.89234,-0.0560821,0.00812862,0
6.89328,-0.0560664,0.00811155,0
6.8943,-0.0560855,0.00812719,0
6.89531,-0.0560977,0.00814072,0
6.89628,-0.0560807,0.00813214,0
6.8973,-0.0561024,0.00814164,0
6.89828,-0.0561024,0.00814164,0
6.89927,-0.0561088,0.0081428,0
6.90033,-0.0561105,0.00814607,0
6.90138,-0.0561105,0.00814607,0
6.90231,-0.0561139,0.008145,0
6.9033,-0.0561178,0.00814309,0
6.90429,-0.0561194,0.00814655,0
6.90538,-0.0561225,0.00814346,0
6.90627,-0.0561238,0.0081468,0
6.9073,-0.0561267,0.00814379,0
6.90826,-0.0561279,0.00814711,0
6.9093,-0.056139,0.00815962,0
6.91028,-0.056141,0.00816462,0
6.9113,-0.0561447,0.00816145,0
6.91233,-0.0561465,0.00816447,0
6.91329,-0.0561498,0.00816121,0
6.91428,-0.0561514,0.00816434,0
6.91531,-0.0561545,0.00816132,0
6.91629,-0.0561507,0.00819059,0
6.91772,-0.0561494,0.00820377,0
6.91837,-0.0561496,0.00820877,0
6.91958,-0.0561496,0.00820877,0
6.92031,-0.0561539,0.00820778,0
6.92137,-0.0561647,0.00821878,0
6.92253,-0.0561667,0.0082234,0
6.92336,-0.0561702,0.00821988,0
6.92438,-0.0561719,0.00822255,0
6.92529,-0.0561751,0.00821888,0
6.92632,-0.0561765,0.00822187,0
6.92729,-0.0561765,0.00822187,0
6.9283,-0.0561904,0.0082182,0
6.92938,-0.0561928,0.0082151,0
6.93028,-0.0561928,0.0082151,0
6.9313,-0.0562037,0.00822987,0
6.93232,-0.0561885,0.00822286,0
6.93328,-0.0561885,0.00822286,0
6.93433,-0.0562069,0.00823029,0
6.93534,-0.0562093,0.00823449,0
6.93632,-0.056212,0.00823304,0
6.93727,-0.0561991,0.00821897,0
6.93854,-0.0561991,0.00821897,0
6.93931,-0.0562178,0.00823027,0
6.94032,-0.0562197,0.00823469,0
6.94129,-0.0562062,0.00821938,0
6.94225,-0.0562062,0.00821938,0
6.94327,-0.0561993,0.00822113,0
6.9443,-0.0562154,0.00823739,0
6.94538,-0.0562154,0.00823742,0
6.94654,-0.056222,0.00823976,0
6.94729,-0.0562242,0.00823544,0
6.9483,-0.0562412,0.00825062,0
6.94928,-0.0562292,0.00823648,0
6.95022,-0.0562295,0.00823865,0
6.95127,-0.0562295,0.00823865,0
6.95233,-0.0562478,0.00824775,0
6.95364,-0.0562373,0.00823694,0
6.95442,-0.0562373,0.00823694,0
6.9554,-0.0562526,0.00825107,0
6.95645,-0.0562564,0.0082493,0
6.95726,-0.0562491,0.00825553,0
6.95834,-0.0562513,0.00825307,0
6.95936,-0.0562678,0.00826826,0
6.96023,-0.0562567,0.00825406,0
6.96176,-0.0562721,0.00826802,0
6.96255,-0.0562762,0.00826602,0
6.96326,-0.0562627,0.00825694,0
6.96437,-0.0562645,0.00825241,0
6.96547,-0.0562652,0.00825555,0
6.96628,-0.0562676,0.00825254,0
6.9674,-0.0562601,0.00825909,0
6.96841,-0.0562687,0.0082719,0
6.96938,-0.056249,0.00824883,0
6.97032,-0.05628,0.00826725,0
6.97131,-0.0562827,0.0082729,0
6.97232,-0.0563004,0.00828234,0
6.97339,-0.0563029,0.00828659,0
6.9743,-0.0562921,0.00827101,0
6.97532,-0.0562925,0.00827288,0
6.97636,-0.0563092,0.00828194,0
6.97731,-0.0562972,0.00827408,0
6.97837,-0.0563055,0.00828547,0
6.97947,-0.0563208,0.0083028,0
6.98047,-0.0563112,0.0082883,0
6.98147,-0.0563121,0.00828983,0
6.98231,-0.0563149,0.0082863,0
6.98341,-0.0563085,0.0082928,0
6.98436,-0.0563107,0.00829009,0
6.98555,-0.0563119,0.00829292,0
6.98684,-0.0563223,0.00828596,0
6.98763,-0.0563165,0.00829169,0
6.98837,-0.0563126,0.00827326,0
6.98929,-0.0563264,0.00828707,0
6.99028,-0.0563295,0.0082852,0
6.9913,-0.0563305,0.00828862,0
6.9923,-0.0563256,0.00828912,0
6.99329,-0.056339,0.00830559,0
6.99428,-0.0563427,0.00830375,0
6.99531,-0.0563443,0.0083067,0
6.99639,-0.0563443,0.0083067,0
6.99729,-0.0563486,0.0083064,0
6.99849,-0.0563514,0.00830317,0
6.99935,-0.0563525,0.00830628,0
7.00038,-0.0563525,0.00830628,0
7.00128,-0.0563487,0.00831053,0
7.00232,-0.0563584,0.0083035,0
7.00327,-0.0563601,0.00830591,0
7.0043,-0.0563627,0.00830283,0
7.00528,-0.0563722,0.00832224,0
7.0063,-0.0563752,0.00832101,0
7.0073,-0.0563767,0.00832405,0
7.0083,-0.0563798,0.00832056,0
7.0093,-0.056381,0.00832353,0
7.01031,-0.0563839,0.00832022,0
7.0113,-0.056385,0.00832326,0
7.01226,-0.056385,0.00832326,0
7.01332,-0.0563943,0.00831616,0
7.01429,-0.0563959,0.00831876,0
7.01529,-0.0563959,0.00831876,0
7.01628,-0.0563876,0.00830663,0
7.01729,-0.056394,0.00831887,0
7.01836,-0.0563945,0.00832425,0
7.01933,-0.0563856,0.00830827,0
7.02048,-0.056397,0.00832307,0
7.02132,-0.0563999,0.00832135,0
7.0226,-0.0564009,0.00832479,0
7.02331,-0.0564034,0.00832184,0
7.02432,-0.0564043,0.00832515,0
7.0253,-0.056413,0.0083185,0
7.02633,-0.0563931,0.00839448,0
7.0273,-0.0563997,0.00841475,0
7.02831,-0.0564021,0.00841634,0
7.02933,-0.0564058,0.00841009,0
7.0303,-0.0564074,0.00841111,0
7.03129,-0.0564104,0.00840617,0
7.03288,-0.0564054,0.00841338,0
7.0333,-0.0564139,0.00840357,0
7.0346,-0.0564097,0.00840997,0
7.0353,-0.0564119,0.00840587,0
7.03629,-0.056413,0.00840759,0
7.03736,-0.0564222,0.00839707,0
7.03832,-0.0564141,0.00838494,0
7.03929,-0.0564258,0.00839314,0
7.04029,-0.0564272,0.0083973,0
7.04132,-0.0564335,0.00841255,0
7.04234,-0.0564347,0.00841693,0
7.04363,-0.056438,0.00841231,0
7.04449,-0.0564338,0.00841981,0
7.04529,-0.0564338,0.00841981,0
7.04644,-0.0564435,0.00841213,0
7.04732,-0.0564415,0.00841277,0
7.0484,-0.0564478,0.00840994,0
7.0493,-0.056455,0.00842435,0
7.05038,-0.0564562,0.00842879,0
7.05136,-0.0564562,0.00842879,0
7.05237,-0.0564613,0.00842601,0
7.05331,-0.0564645,0.00842171,0
7.05431,-0.0564659,0.0084238,0
7.05534,-0.056469,0.00841967,0
7.0565,-0.0564703,0.00842189,0
7.05731,-0.0564733,0.00841782,0
7.05831,-0.056466,0.00840651,0
7.0593,-0.0564764,0.008415,0
7.06034,-0.056478,0.00841916,0
7.06132,-0.0564754,0.0084211,0
7.06232,-0.056484,0.00843783,0
7.0633,-0.0564877,0.00843475,0
7.06439,-0.0564894,0.00843604,0
7.06528,-0.056493,0.00843109,0
7.06629,-0.0564866,0.0084189,0
7.06737,-0.0564968,0.00842642,0
7.06828,-0.0564987,0.0084296,0
7.06933,-0.0564941,0.00841095,0
7.07028,-0.0565023,0.00842474,0
7.07132,-0.0565058,0.00842169,0
7.07229,-0.0564997,0.00840912,0
7.07328,-0.0565094,0.00841685,0
7.07427,-0.0565137,0.00844009,0
7.07529,-0.0565094,0.0084233,0
7.0763,-0.0565178,0.00843658,0
7.07731,-0.0565216,0.00843297,0
7.07836,-0.0565234,0.00843373,0
7.0796,-0.0565199,0.00841438,0
7.08045,-0.0565277,0.00842793,0
7.08131,-0.0565244,0.00841027,0
7.08237,-0.0565319,0.00842436,0
7.08329,-0.0565356,0.00842113,0
7.08431,-0.0565356,0.00842113,0
7.08528,-0.0565395,0.00841583,0
7.08627,-0.0565432,0.00843944,0
7.08729,-0.0565463,0.00843673,0
7.08828,-0.0565483,0.00843717,0
7.08927,-0.0565519,0.00843157,0
7.09028,-0.0565537,0.00843235,0
7.09128,-0.0565511,0.00841269,0
7.09229,-0.0565579,0.0084267,0
7.09328,-0.0565614,0.00842351,0
7.09437,-0.0565571,0.00841006,0
7.09528,-0.0565571,0.00841006,0
7.09631,-0.0565614,0.00840624,0
7.09742,-0.0565614,0.00840624,0
7.09828,-0.0565703,0.00841683,0
7.09928,-0.0565751,0.00843465,0
7.10032,-0.056571,0.00842332,0
7.1013,-0.0565793,0.0084311,0
7.1023,-0.0565813,0.00843393,0
7.10328,-0.0565796,0.00841394,0
7.10429,-0.0565857,0.00842824,0
7.10529,-0.0565892,0.00842524,0
7.10632,-0.0565859,0.00841155,0
7.10728,-0.0565933,0.00842002,0
7.10848,-0.0565933,0.00842002,0
7.10932,-0.0565949,0.00842351,0
7.11032,-0.0565934,0.00840363,0
7.11128,-0.056602,0.00841618,0
7.11228,-0.0566002,0.00842338,0
7.11329,-0.0566024,0.00841941,0
7.11443,-0.0566024,0.00841941,0
7.11528,-0.0566079,0.00843617,0
7.11628,-0.0566071,0.00841771,0
7.11729,-0.0566124,0.00843258,0
7.11886,-0.0566158,0.00842973,0
7.11947,-0.0566135,0.00841581,0
7.12044,-0.0566179,0.00841253,0
7.1213,-0.0566179,0.00841253,0
7.12238,-0.0566175,0.00841186,0
7.12338,-0.0566177,0.00841435,0
7.12437,-0.0566219,0.00843441,0
7.12543,-0.0566219,0.00843441,0
7.12633,-0.0566298,0.00842723,0
7.12756,-0.0566298,0.00842723,0
7.12838,-0.0566328,0.00842069,0
7.12936,-0.0566373,0.00843806,0
7.13037,-0.0566375,0.00841969,0
7.13133,-0.0566388,0.00841962,0
7.13249,-0.0566417,0.00841515,0
7.13345,-0.0566427,0.00841731,0
7.13429,-0.0566454,0.00841325,0
7.1354,-0.0566464,0.00841553,0
7.13633,-0.0566492,0.00841149,0
7.13734,-0.0566503,0.0084138,0
7.1383,-0.0566531,0.00843159,0
7.13944,-0.056656,0.00845274,0
7.14027,-0.0566573,0.00843378,0
7.14128,-0.0566589,0.00843334,0
7.14231,-0.0566642,0.00844475,0
7.14328,-0.0566637,0.00843242,0
7.14448,-0.0566668,0.00842615,0
7.1453,-0.0566679,0.00842792,0
7.14649,-0.0566686,0.00842934,0
7.14733,-0.0566689,0.00843195,0
7.14831,-0.0566713,0.00842768,0
7.14928,-0.0566702,0.00843498,0
7.15032,-0.0566736,0.00844764,0
7.15127,-0.0566764,0.00844587,0
7.15228,-0.0566785,0.00844612,0
7.15328,-0.0566809,0.00844287,0
7.15435,-0.0566846,0.00843799,0
7.15536,-0.0566873,0.00845635,0
7.15629,-0.0566896,0.00843781,0
7.15725,-0.0566912,0.00843793,0
7.1583,-0.0566942,0.00843378,0
7.1593,-0.0566953,0.00843625,0
7.16029,-0.0566975,0.00845457,0
7.16125,-0.056698,0.00845944,0
7.16229,-0.0567012,0.00845516,0
7.16329,-0.0567027,0.00845675,0
7.1643,-0.0567058,0.00845239,0
7.16531,-0.0567071,0.00845432,0
7.16627,-0.05671,0.00845015,0
7.16728,-0.0567113,0.00845223,0
7.16829,-0.0567141,0.0084482,0
7.16928,-0.0567153,0.00845043,0
7.17028,-0.0567181,0.00844653,0
7.17127,-0.0567192,0.00844889,0
7.17227,-0.056722,0.00844511,0
7.17328,-0.056723,0.00844758,0
7.17433,-0.0567245,0.00846632,0
7.17529,-0.0567248,0.00847131,0
7.17648,-0.0567279,0.00846712,0
7.17728,-0.0567293,0.00846877,0
7.17829,-0.0567322,0.00846448,0
7.17929,-0.0567334,0.00846649,0
7.18029,-0.0567362,0.00846239,0
7.18128,-0.0567374,0.00846455,0
7.18231,-0.0567402,0.0084606,0
7.18328,-0.0567412,0.0084629,0
7.18428,-0.0567424,0.00848171,0
7.18528,-0.0567426,0.00848659,0
7.18629,-0.0567456,0.00848225,0
7.18732,-0.056747,0.00848376,0
7.18831,-0.0567499,0.00847934,0
7.1893,-0.0567511,0.00848122,0
7.19033,-0.0567539,0.00847701,0
7.19131,-0.0567551,0.00847906,0
7.1923,-0.0567578,0.00847501,0
7.1933,-0.0567589,0.00847722,0
7.1943,-0.0567596,0.00849617,0
7.19529,-0.0567597,0.00850098,0
7.1963,-0.0567627,0.00849655,0
7.19729,-0.056764,0.00849805,0
7.19829,-0.0567669,0.00849346,0
7.19928,-0.0567681,0.00849526,0
7.20028,-0.0567709,0.00849097,0
7.20128,-0.0567719,0.00849295,0
7.20228,-0.0567747,0.00848884,0
7.20328,-0.0567757,0.00849097,0
7.20428,-0.0567784,0.00848702,0
7.20529,-0.0567793,0.00848932,0
7.20629,-0.0567795,0.00850862,0
7.20729,-0.0567795,0.00851354,0
7.20828,-0.0567824,0.00850916,0
7.2093,-0.0567837,0.00851061,0
7.21031,-0.0567865,0.00850615,0
7.21129,-0.0567875,0.00850799,0
7.21228,-0.0567902,0.00850375,0
7.2133,-0.0567913,0.00850576,0
7.21429,-0.0567939,0.00850169,0
7.21529,-0.0567949,0.00850387,0
7.21631,-0.0567975,0.00849995,0
7.21728,-0.0567984,0.00850227,0
7.21827,-0.056801,0.00849849,0
7.21931,-0.056799,0.00852435,0
7.2203,-0.0568005,0.00852322,0
7.22129,-0.0568016,0.00852509,0
7.22228,-0.0568045,0.00852043,0
7.22332,-0.0568056,0.00852221,0
7.22428,-0.0568082,0.00851794,0
7.22528,-0.0568092,0.00851993,0
7.22628,-0.0568119,0.00851584,0
7.22727,-0.0568128,0.008518,0
7.22828,-0.0568154,0.00851407,0
7.22928,-0.0568163,0.00851637,0
7.23028,-0.0568189,0.00851259,0
7.23129,-0.0568164,0.00853869,0
7.23228,-0.0568178,0.0085376,0
7.23329,-0.0568189,0.00853944,0
7.23428,-0.0568217,0.00853476,0
7.23529,-0.0568228,0.00853651,0
7.23628,-0.0568254,0.00853224,0
7.23729,-0.0568264,0.00853421,0
7.23831,-0.056829,0.00853012,0
7.2393,-0.0568299,0.00853226,0
7.24029,-0.0568325,0.00852833,0
7.24129,-0.0568334,0.00853063,0
7.24228,-0.056836,0.00852685,0
7.24329,-0.0568367,0.00852936,0
7.24429,-0.0568353,0.00854965,0
7.24536,-0.056835,0.0085548,0
7.24628,-0.0568377,0.00855053,0
7.24731,-0.0568388,0.00855203,0
7.24835,-0.0568415,0.00854767,0
7.24939,-0.0568424,0.00854958,0
7.2503,-0.0568451,0.00854544,0
7.25128,-0.056846,0.00854753,0
7.25227,-0.0568486,0.00854356,0
7.2533,-0.0568495,0.00854582,0
7.2543,-0.056852,0.008542,0
7.25531,-0.0568529,0.0085444,0
7.25631,-0.056851,0.00856492,0
7.25732,-0.0568505,0.00857007,0
7.25839,-0.0568532,0.00856575,0
7.25933,-0.0568543,0.00856721,0
7.26025,-0.056857,0.00856282,0
7.26139,-0.0568579,0.0085647,0
7.26231,-0.0568605,0.00856053,0
7.26327,-0.0568614,0.00856259,0
7.26431,-0.056864,0.0085586,0
7.2653,-0.0568649,0.00856083,0
7.26629,-0.0568674,0.008557,0
7.2673,-0.0568674,0.008557,0
7.26828,-0.0568658,0.00858236,0
7.26931,-0.0568661,0.00858493,0
7.27031,-0.0568689,0.00858028,0
7.27129,-0.0568698,0.00858185,0
7.27234,-0.0568724,0.00857747,0
7.27328,-0.0568733,0.00857933,0
7.27429,-0.0568758,0.00857516,0
7.27533,-0.0568767,0.00857714,0
7.27634,-0.0568791,0.00857322,0
7.27727,-0.0568881,0.00855744,0
7.27832,-0.0568827,0.00856937,0
7.27928,-0.056874,0.00859288,0
7.28027,-0.0568793,0.00859797,0
7.28129,-0.0568799,0.00860024,0
7.28229,-0.0568826,0.0085956,0
7.28328,-0.0568826,0.0085956,0
7.28429,-0.0568863,0.0085905,0
7.28524,-0.0568865,0.0085905,0
7.28629,-0.0568865,0.00859485,0
7.2873,-0.0568879,0.0085835,0
7.28828,-0.05689,0.00858301,0
7.2893,-0.0568947,0.00859246,0
7.29024,-0.0568934,0.00858262,0
7.29128,-0.0569047,0.0085662,0
7.29228,-0.0569114,0.00856722,0
7.29328,-0.0569114,0.00856722,0
7.29429,-0.0568927,0.00860951,0
7.29534,-0.0568979,0.00861794,0
7.29627,-0.0568979,0.00861794,0
7.29727,-0.0569022,0.00861487,0
7.29827,-0.0569039,0.00861116,0
7.2993,-0.0569047,0.00861299,0
7.30026,-0.0569072,0.00860852,0
7.30136,-0.0569079,0.0086104,0
7.30228,-0.0569142,0.00861312,0
7.30327,-0.0569197,0.0085906,0
7.30428,-0.0569089,0.00859475,0
7.30532,-0.0569096,0.00859978,0
7.3063,-0.0569096,0.00859978,0
7.3073,-0.056906,0.00862755,0
7.30829,-0.0569132,0.00863018,0
7.30928,-0.0569095,0.00862524,0
7.31027,-0.0569131,0.00862015,0
7.31136,-0.0569186,0.00862934,0
7.31228,-0.0569203,0.0086259,0
7.31327,-0.056921,0.00862784,0
7.31438,-0.056921,0.00862784,0
7.31532,-0.0569207,0.00861809,0
7.31627,-0.0569168,0.00864009,0
7.31731,-0.0569162,0.00864564,0
7.3183,-0.0569194,0.00864085,0
7.3193,-0.0569319,0.00862424,0
7.32029,-0.0569239,0.00863583,0
7.32129,-0.0569236,0.0086409,0
7.32231,-0.0569264,0.00863678,0
7.32329,-0.0569276,0.00863875,0
7.32434,-0.0569304,0.0086348,0
7.3253,-0.0569314,0.00863709,0
7.32633,-0.0569341,0.00863333,0
7.32729,-0.0569341,0.00863333,0
7.32828,-0.0569351,0.00863575,0
7.32929,-0.0569437,0.0086416,0
7.33031,-0.056945,0.00863843,0
7.3313,-0.056945,0.00863843,0
7.33229,-0.0569346,0.00865526,0
7.33329,-0.0569344,0.00865987,0
7.33435,-0.0569344,0.00865987,0
7.33536,-0.056942,0.00866285,0
7.33636,-0.0569369,0.00865751,0
7.33724,-0.0569402,0.00865227,0
7.33832,-0.056954,0.00863594,0
7.33935,-0.0569443,0.00864826,0
7.34026,-0.0569439,0.00865371,0
7.34127,-0.0569596,0.00863131,0
7.34259,-0.0569536,0.00865652,0
7.34338,-0.0569596,0.00866558,0
7.3444,-0.0569546,0.00865483,0
7.34571,-0.0569547,0.00865484,0
7.34694,-0.056944,0.00867091,0
7.34735,-0.056944,0.00867091,0
7.34835,-0.0569495,0.0086829,0
7.3493,-0.0569589,0.00865322,0
7.35031,-0.0569497,0.00866689,0
7.35135,-0.0569497,0.00866689,0
7.3523,-0.0569634,0.00865333,0
7.35329,-0.0569586,0.00867326,0
7.35428,-0.0569432,0.00869766,0
7.35525,-0.0569505,0.00870322,0
7.35631,-0.0569447,0.00869695,0
7.35743,-0.0569637,0.00867417,0
7.35827,-0.056953,0.00868591,0
7.35938,-0.056953,0.00868591,0
7.36029,-0.0569699,0.00866818,0
7.36129,-0.0569778,0.0086752,0
7.36233,-0.0569778,0.0086752,0
7.36334,-0.0569578,0.00868331,0
7.36427,-0.0569645,0.00869498,0
7.36528,-0.0569514,0.00871179,0
7.36631,-0.0569514,0.00871179,0
7.36736,-0.0569678,0.00869129,0
7.36842,-0.0569548,0.00870868,0
7.36932,-0.0569561,0.00870712,0
7.37041,-0.0569723,0.00869026,0
7.37144,-0.0569761,0.00868314,0
7.37234,-0.0569766,0.00868537,0
7.37334,-0.0569631,0.00870086,0
7.37429,-0.0569694,0.00871331,0
7.37535,-0.0569706,0.00870978,0
7.37643,-0.0569557,0.00872975,0
7.37729,-0.0569728,0.008709,0
7.3783,-0.0569745,0.00870786,0
7.37941,-0.056961,0.00872203,0
7.38029,-0.0569766,0.00870782,0
7.38134,-0.05698,0.00870096,0
7.38245,-0.0569646,0.00872171,0
7.38332,-0.056982,0.0087016,0
7.3843,-0.0569839,0.00870109,0
7.38528,-0.0569698,0.00871619,0
7.38627,-0.0569859,0.0087023,0
7.38732,-0.05698,0.00872247,0
7.38831,-0.0569785,0.00872768,0
7.38937,-0.0569804,0.00872358,0
7.39032,-0.056981,0.00872499,0
7.3913,-0.056983,0.00872064,0
7.39233,-0.056983,0.00872064,0
7.39328,-0.0569856,0.00871842,0
7.3943,-0.0569861,0.00872051,0
7.39531,-0.0569882,0.00871668,0
7.39627,-0.0569715,0.00873797,0
7.39729,-0.0569902,0.00871773,0
7.39834,-0.0569902,0.00871773,0
7.39929,-0.0569922,0.00871722,0
7.40028,-0.0569922,0.00871722,0
7.40127,-0.0569775,0.00873529,0
7.4023,-0.0569964,0.00871532,0
7.40328,-0.0569985,0.00871503,0
7.40433,-0.057001,0.00871142,0
7.40531,-0.0570013,0.00871448,0
7.4063,-0.0570034,0.00871138,0
7.40729,-0.057004,0.00871437,0
7.40841,-0.0570061,0.00871135,0
7.40929,-0.0570066,0.00871444,0
7.41028,-0.0569985,0.00873844,0
7.41142,-0.0569966,0.00874451,0
7.41229,-0.0569986,0.00874066,0
7.41329,-0.0569992,0.00874241,0
7.41443,-0.0570013,0.00873843,0
7.41527,-0.0570017,0.00874065,0
7.41627,-0.0570038,0.00873691,0
7.41725,-0.0570043,0.00873931,0
7.4183,-0.0570065,0.00873574,0
7.41927,-0.057007,0.00873832,0
7.42035,-0.0570092,0.00873485,0
7.42129,-0.0570097,0.00873763,0
7.42229,-0.0569924,0.00875384,0
7.42337,-0.0569919,0.00875935,0
7.42431,-0.056995,0.00875533,0
7.42529,-0.0570048,0.00876541,0
7.42629,-0.0569978,0.00875414,0
7.42729,-0.0569995,0.00875565,0
7.42829,-0.0570024,0.00875219,0
7.42934,-0.0570036,0.0087549,0
7.43034,-0.0570363,0.00876768,0
7.43131,-0.0570363,0.00876768,0
7.43237,-0.0569721,0.00875572,0
7.43329,-0.0569751,0.00875948,0
7.4343,-0.0569695,0.00878336,0
7.43529,-0.0569674,0.00879033,0
7.43627,-0.0569674,0.00879033,0
7.43729,-0.0569751,0.00878814,0
7.43828,-0.0569751,0.00878814,0
7.4393,-0.0569817,0.0087868,0
7.44052,-0.0570058,0.00876267,0
7.44129,-0.0569885,0.00878323,0
7.44234,-0.0570103,0.00876205,0
7.44329,-0.0570129,0.00876417,0
7.44429,-0.057005,0.0087869,0
7.4453,-0.0570022,0.00879521,0
7.44627,-0.0569844,0.00880892,0
7.44728,-0.0569844,0.00880892,0
7.4483,-0.0569706,0.00885857,0
7.44938,-0.0569643,0.00888129,0
7.45029,-0.0569679,0.00887511,0
7.45129,-0.0569684,0.00888039,0
7.45237,-0.0569722,0.00887308,0
7.45334,-0.0569724,0.00887906,0
7.45435,-0.0569965,0.00885553,0
7.45528,-0.0569774,0.00887568,0
7.45636,-0.0569787,0.0088719,0
7.45745,-0.0569995,0.00886179,0
7.45829,-0.0569744,0.00888889,0
7.45938,-0.0569907,0.00888421,0
7.46027,-0.0569951,0.00887462,0
7.46131,-0.0569951,0.00887462,0
7.46225,-0.0570057,0.00888461,0
7.46332,-0.0569728,0.00889931,0
7.46428,-0.0569728,0.00889931,0
7.46533,-0.0569975,0.00887543,0
7.46631,-0.0569777,0.00889533,0
7.46735,-0.0570009,0.00887459,0
7.46824,-0.0569803,0.00889525,0
7.46928,-0.0569819,0.00889123,0
7.47026,-0.0570086,0.00887147,0
7.47126,-0.0570086,0.00887147,0
7.47227,-0.0569758,0.00891562,0
7.47327,-0.0569965,0.00889758,0
7.47426,-0.0569971,0.00890145,0
7.47537,-0.0569782,0.00891027,0
7.47637,-0.0569981,0.00890313,0
7.4774,-0.0570026,0.0088932,0
7.47839,-0.0569795,0.0089163,0
7.47931,-0.0570035,0.0088955,0
7.48031,-0.0570043,0.00889958,0
7.48132,-0.0569848,0.00890908,0
7.48233,-0.0570098,0.00889253,0
7.48324,-0.0570098,0.00889253,0
7.48431,-0.0569862,0.00891615,0
7.48528,-0.0569982,0.00892282,0
7.48624,-0.0569982,0.00892282,0
7.48728,-0.0569781,0.00893175,0
7.48824,-0.0570033,0.00891443,0
7.48924,-0.056979,0.00893746,0
7.49023,-0.056979,0.00893746,0
7.49129,-0.0569803,0.00893311,0
7.49226,-0.0570031,0.00892326,0
7.49329,-0.0570081,0.00891295,0
7.49425,-0.0570087,0.00891582,0
7.49523,-0.0570087,0.00891582,0
7.49632,-0.0570095,0.00892011,0
7.49726,-0.0569888,0.00892962,0
7.49828,-0.0569992,0.0089435,0
7.49933,-0.0569999,0.00894021,0
7.5003,-0.056978,0.00895183,0
7.50125,-0.0569992,0.00894515,0
7.50224,-0.0570036,0.00893492,0
7.50331,-0.0569784,0.00895785,0
7.50423,-0.057004,0.00893707,0
7.50525,-0.0570046,0.00894116,0
7.50626,-0.0569831,0.00895027,0
7.50727,-0.0569804,0.00896017,0
7.50825,-0.0570083,0.00893646,0
7.50926,-0.0569851,0.00895657,0
7.51025,-0.0569862,0.00895253,0
7.51146,-0.0569988,0.0089637,0
7.51236,-0.0569761,0.00897245,0
7.51353,-0.0569731,0.00898175,0
7.51429,-0.0570011,0.00895781,0
7.5153,-0.0569773,0.00897729,0
7.51631,-0.0569781,0.00897282,0
7.51726,-0.0570023,0.00896345,0
7.51829,-0.0569823,0.00896904,0
7.51941,-0.0569792,0.00897895,0
7.52028,-0.0570078,0.00895542,0
7.5213,-0.0570088,0.00895938,0
7.52228,-0.0569859,0.00896874,0
7.52326,-0.0569968,0.008983,0
7.5243,-0.0569983,0.00897576,0
7.5253,-0.0569712,0.00899843,0
7.52637,-0.056998,0.00897743,0
7.52728,-0.0569984,0.00898127,0
7.52836,-0.0570013,0.00897356,0
7.52934,-0.0569996,0.00898077,0
7.53031,-0.0569757,0.00898981,0
7.53142,-0.0569727,0.0089996,0
7.53244,-0.0570022,0.00897585,0
7.53324,-0.0570032,0.00897974,0
7.53431,-0.0569795,0.00898889,0
7.53528,-0.0569907,0.0090033,0
7.53625,-0.0569922,0.00899596,0
7.53729,-0.0569643,0.0090185,0
7.53827,-0.0569918,0.00899753,0
7.53932,-0.0569921,0.00900139,0
7.54029,-0.056968,0.00900968,0
7.5413,-0.0569917,0.00900344,0
7.54234,-0.0569962,0.00899311,0
7.54336,-0.0569686,0.00901403,0
7.54429,-0.0569988,0.00898702,0
7.54557,-0.0570023,0.00898336,0
7.54624,-0.0569785,0.00899039,0
7.54731,-0.0569775,0.00899416,0
7.54824,-0.0569943,0.00899434,0
7.54926,-0.0569664,0.00901341,0
7.55031,-0.0569679,0.00900579,0
7.55127,-0.056997,0.00898843,0
7.55225,-0.0569747,0.00899318,0
7.55329,-0.0569729,0.00899811,0
7.55424,-0.0569791,0.00898807,0
7.55526,-0.0569791,0.00898807,0
7.55628,-0.0569799,0.008983,0
7.55729,-0.0570091,0.00896748,0
7.5585,-0.0570146,0.00895628,0
7.55939,-0.0570147,0.00895993,0
7.5603,-0.0570305,0.00896297,0
7.56131,-0.0569695,0.00900518,0
7.56236,-0.0569674,0.00900338,0
7.56329,-0.056997,0.00898727,0
7.56446,-0.0569733,0.00899375,0
7.5658,-0.0569707,0.00900031,0
7.56634,-0.057003,0.00897417,0
7.56778,-0.0570051,0.00897455,0
7.56868,-0.0569778,0.00898636,0
7.56935,-0.057005,0.00897507,0
7.57024,-0.0569774,0.00899138,0
7.57133,-0.0569774,0.00899138,0
7.57231,-0.0570103,0.00896586,0
7.57329,-0.0570123,0.00896718,0
7.57427,-0.0569679,0.00900894,0
7.5753,-0.0569615,0.0090203,0
7.57624,-0.0569945,0.00899373,0
7.57732,-0.0569667,0.00901191,0
7.57824,-0.0569982,0.0089906,0
7.57928,-0.0569982,0.0089906,0
7.58027,-0.0569698,0.00900256,0
7.58156,-0.0569976,0.00899147,0
7.58236,-0.0570019,0.00898184,0
7.58371,-0.0569704,0.00900546,0
7.5844,-0.0570014,0.00898349,0
7.58531,-0.0570028,0.00898533,0
7.58629,-0.0569572,0.00902703,0
7.58726,-0.056986,0.00900918,0
7.58834,-0.056986,0.00900918,0
7.58935,-0.056954,0.00903127,0
7.59039,-0.0569851,0.00900871,0
7.5914,-0.0569864,0.00900981,0
7.59228,-0.056957,0.00902166,0
7.59346,-0.0569855,0.00901067,0
7.59431,-0.0569898,0.00900099,0
7.59564,-0.0569403,0.0090534,0
7.59639,-0.0569683,0.00903449,0
7.59732,-0.0569694,0.00903504,0
7.59833,-0.0569717,0.00902702,0
7.59926,-0.0569703,0.00903123,0
7.60047,-0.056972,0.00902428,0
7.60129,-0.0569708,0.00902865,0
7.6023,-0.0569725,0.00902199,0
7.60357,-0.0569391,0.00904531,0
7.60434,-0.056954,0.00905191,0
7.60553,-0.0569689,0.00902745,0
7.60631,-0.0569251,0.00906374,0
7.60738,-0.0569507,0.00905612,0
7.60829,-0.056923,0.0090637,0
7.60931,-0.0569521,0.00905192,0
7.61027,-0.056924,0.00912768,0
7.61128,-0.0568721,0.0091847,0
7.61232,-0.0568985,0.00917186,0
7.61325,-0.0569002,0.00917006,0
7.61434,-0.0568695,0.00918013,0
7.61533,-0.0568958,0.00917483,0
7.61627,-0.0569002,0.00916245,0
7.6173,-0.0568985,0.00916777,0
7.61824,-0.0568855,0.00918107,0
7.61933,-0.0568456,0.00921086,0
7.62026,-0.0568429,0.00920994,0
7.62129,-0.0568735,0.00919671,0
7.62232,-0.0568466,0.0091995,0
7.62336,-0.0568406,0.00921108,0
7.62425,-0.0568738,0.00918849,0
7.62532,-0.0568759,0.00918692,0
7.62626,-0.0568955,0.0091829,0
7.62725,-0.0568591,0.00920659,0
7.62831,-0.0568884,0.0091901,0
7.62928,-0.0568894,0.00918878,0
7.63034,-0.0569222,0.00916652,0
7.63127,-0.0568759,0.00920112,0
7.6323,-0.0568864,0.00921081,0
7.63328,-0.0568749,0.00919764,0
7.63425,-0.0569008,0.00918329,0
7.63529,-0.0568484,0.00922552,0
7.63625,-0.056798,0.00923209,0
7.63757,-0.0568318,0.00921758,0
7.63839,-0.0568373,0.00920422,0
7.63925,-0.0568032,0.00922662,0
7.64027,-0.05682,0.00922913,0
7.6413,-0.0567985,0.00923394,0
7.64228,-0.0568017,0.00922589,0
7.64331,-0.0568202,0.00923245,0
7.64424,-0.0567879,0.00924384,0
7.64529,-0.0568157,0.00923894,0
7.64631,-0.0568209,0.00922574,0
7.64736,-0.0567862,0.00924694,0
7.64843,-0.0567834,0.00924786,0
7.64935,-0.0568156,0.00923658,0
7.65029,-0.0567886,0.00923926,0
7.65132,-0.0568167,0.00923543,0
7.65226,-0.0568216,0.00922359,0
7.65335,-0.0567864,0.00924563,0
7.65441,-0.0568177,0.00923099,0
7.65536,-0.0568201,0.00923002,0
7.65641,-0.0567738,0.00925769,0
7.65744,-0.0567968,0.0092618,0
7.65835,-0.0568018,0.00924807,0
7.65939,-0.0567663,0.00926812,0
7.66033,-0.0567976,0.00925285,0
7.66148,-0.0567996,0.00925124,0
7.66256,-0.0568011,0.00924514,0
7.66335,-0.0567988,0.00925131,0
7.66448,-0.0568202,0.00924672,0
7.66531,-0.0568305,0.00923685,0
7.66633,-0.0568014,0.00923965,0
7.66734,-0.0567806,0.00926979,0
7.66828,-0.0567754,0.00927239,0
7.66934,-0.0567734,0.00927656,0
7.6703,-0.0567745,0.00926939,0
7.67129,-0.0567724,0.00926995,0
7.67229,-0.0566776,0.00885899,0
7.67328,-0.056578,0.00873295,0
7.67427,-0.0565428,0.0087144,0
7.67528,-0.0565094,0.00871959,0
7.67629,-0.0565094,0.00871959,0
7.67727,-0.0564378,0.008706,0
7.67835,-0.0563943,0.00872556,0
7.67933,-0.0563565,0.00873318,0
7.68029,-0.0563261,0.00871865,0
7.68127,-0.0562939,0.00871421,0
7.68231,-0.0562651,0.00869977,0
7.68329,-0.0562343,0.00869666,0
7.68427,-0.0562072,0.00868305,0
7.68529,-0.0561781,0.00868048,0
7.68631,-0.0561544,0.00868171,0
7.6875,-0.0561544,0.00868171,0
7.68827,-0.0561295,0.00873567,0
7.68929,-0.056118,0.0087602,0
7.69032,-0.0561093,0.00877125,0
7.69135,-0.0560845,0.00880801,0
7.69231,-0.0560728,0.00882381,0
7.69331,-0.0560649,0.0088419,0
7.69427,-0.0560841,0.00882289,0
7.69527,-0.0560587,0.0088602,0
7.69646,-0.0560542,0.00887433,0
7.69739,-0.0560508,0.00889261,0
7.69828,-0.0560747,0.00887386,0
7.6993,-0.0560546,0.00890911,0
7.70027,-0.0560542,0.00892235,0
7.70127,-0.0560546,0.00893967,0
7.7023,-0.0560599,0.00894452,0
7.7033,-0.0560483,0.00897602,0
7.70431,-0.056049,0.00898796,0
7.70527,-0.0560527,0.00900213,0
7.70629,-0.0560601,0.00900468,0
7.7073,-0.0560648,0.00901874,0
7.70828,-0.0560729,0.00902171,0
7.70927,-0.0560786,0.00903569,0
7.71028,-0.0560877,0.00903829,0
7.71131,-0.0560942,0.00905201,0
7.71231,-0.0561038,0.00905445,0
7.71326,-0.0561038,0.00905445,0
7.7143,-0.0561211,0.00907002,0
7.71531,-0.0561045,0.00910413,0
7.71628,-0.0561115,0.00911232,0
7.71729,-0.0561202,0.00912362,0
7.71832,-0.056132,0.00912339,0
7.71935,-0.0561407,0.0091349,0
7.72028,-0.0561522,0.00913524,0
7.7213,-0.0561861,0.00912693,0
7.72238,-0.0561761,0.00914044,0
7.72351,-0.0561761,0.00914044,0
7.72435,-0.0562179,0.00914046,0
7.72538,-0.056242,0.00914,0
7.72647,-0.0562134,0.00916602,0
7.72736,-0.0562187,0.00918397,0
7.72829,-0.0562187,0.00918397,0
7.7293,-0.0562185,0.00921556,0
7.73056,-0.0562572,0.00919447,0
7.7313,-0.0562572,0.00919447,0
7.73225,-0.056242,0.00921517,0
7.73333,-0.0562482,0.00922117,0
7.73434,-0.056284,0.00921267,0
7.73531,-0.0562991,0.00920388,0
7.7363,-0.0563067,0.00921435,0
7.73729,-0.0563067,0.00921435,0
7.73827,-0.0563236,0.00922474,0
7.73929,-0.0563336,0.0092238,0
7.74031,-0.0563403,0.00923406,0
7.74135,-0.0563347,0.00924741,0
7.74227,-0.0563356,0.0092651,0
7.7433,-0.0563448,0.00926234,0
7.74429,-0.0563513,0.00927055,0
7.74529,-0.05636,0.009268,0
7.74627,-0.0563659,0.00927697,0
7.74735,-0.0563746,0.00927461,0
7.74829,-0.0563803,0.00928359,0
7.74928,-0.0563889,0.00928122,0
7.75028,-0.0563944,0.00929019,0
7.75128,-0.0564028,0.00928778,0
7.75236,-0.0564081,0.00929673,0
7.75329,-0.0564162,0.00929429,0
7.75428,-0.0564214,0.00930321,0
7.75529,-0.0564145,0.0093148,0
7.75629,-0.0564132,0.00933125,0
7.75728,-0.0564202,0.00932718,0
7.75828,-0.0564254,0.00933417,0
7.75929,-0.0564353,0.00933035,0
7.76028,-0.0564411,0.00933812,0
7.76134,-0.0564489,0.00933455,0
7.76227,-0.0564538,0.00934245,0
7.76328,-0.0564619,0.00933896,0
7.76427,-0.0564672,0.0093469,0
7.76528,-0.0564742,0.00934337,0
7.76628,-0.0564573,0.00936512,0
7.76727,-0.0564581,0.00936919,0
7.76828,-0.056464,0.00937571,0
7.76928,-0.0564739,0.0093701,0
7.77027,-0.056482,0.00937667,0
7.77127,-0.0564862,0.00936733,0
7.77229,-0.0565052,0.00936253,0
7.77328,-0.0565677,0.00931018,0
7.77428,-0.0574906,0.00943382,0
7.77525,-0.0576542,0.00944105,0
7.77628,-0.0577667,0.00944582,0
7.77727,-0.0578223,0.00944333,0
7.77827,-0.0578621,0.00945521,0
7.77927,-0.0579028,0.00945437,0
7.78037,-0.0578574,0.0094756,0
7.78128,-0.0578703,0.00948363,0
7.78228,-0.0578967,0.00949385,0
7.78332,-0.057979,0.00947628,0
7.78431,-0.0579579,0.00949439,0
7.78528,-0.057977,0.00950046,0
7.78628,-0.0579973,0.00951134,0
7.78729,-0.0580209,0.0095091,0
7.78832,-0.0580391,0.0095194,0
7.78932,-0.0580598,0.00951776,0
7.79031,-0.0580763,0.00952822,0
7.79128,-0.0580937,0.00952998,0
7.79248,-0.0580333,0.00953992,0
7.79333,-0.0580249,0.00955975,0
7.7943,-0.058041,0.00955706,0
7.7955,-0.0580577,0.0095655,0
7.79632,-0.0580769,0.00956261,0
7.79744,-0.0581491,0.00955858,0
7.79832,-0.0581708,0.00954949,0
7.79978,-0.0581239,0.0095734,0
7.80029,-0.0581946,0.00956578,0
7.80136,-0.0581493,0.00958182,0
7.8023,-0.0581598,0.00958682,0
7.80329,-0.0582334,0.00958305,0
7.80429,-0.0581131,0.00959488,0
7.80528,-0.0580893,0.00962184,0
7.80631,-0.0581121,0.00962372,0
7.8073,-0.0581394,0.0096226,0
7.80828,-0.0581338,0.00962193,0
7.80928,-0.0581338,0.00962193,0
7.81027,-0.0581824,0.00962422,0
7.81129,-0.0581704,0.00963576,0
7.81229,-0.0581818,0.00963905,0
7.81328,-0.0582194,0.0096441,0
7.81431,-0.0581693,0.00964722,0
7.81529,-0.0581449,0.00966639,0
7.81628,-0.0581507,0.00966325,0
7.81727,-0.0581594,0.00967029,0
7.81829,-0.0581707,0.00966681,0
7.81931,-0.0581778,0.00967456,0
7.82028,-0.058184,0.00967068,0
7.82131,-0.0582124,0.00967194,0
7.82232,-0.05811,0.00966988,0
7.82335,-0.0581326,0.00967339,0
7.82429,-0.0581159,0.00966937,0
7.82528,-0.0580387,0.0096742,0
7.82627,-0.0579703,0.00966808,0
7.82728,-0.0578867,0.00968556,0
7.82828,-0.0578192,0.00968709,0
7.82931,-0.057758,0.00969051,0
7.83039,-0.0577028,0.00968188,0
7.83128,-0.0576469,0.00968589,0
7.83227,-0.0575963,0.00967838,0
7.83327,-0.0576174,0.00967264,0
7.83429,-0.057504,0.00966799,0
7.83527,-0.0574496,0.00968095,0
7.83627,-0.0574078,0.00967379,0
7.83729,-0.0573651,0.00967749,0
7.83827,-0.0573268,0.00966987,0
7.83928,-0.057287,0.00967434,0
7.84041,-0.0572517,0.00966699,0
7.84127,-0.0571984,0.00968306,0
7.84227,-0.0571592,0.00968366,0
7.84327,-0.057189,0.00967646,0
7.84428,-0.0570994,0.00967014,0
7.84529,-0.05706,0.00968205,0
7.84651,-0.0570945,0.00966419,0
7.8476,-0.0570945,0.00966419,0
7.84839,-0.0570072,0.00967035,0
7.84962,-0.0570126,0.00965747,0
7.85029,-0.0569257,0.00966069,0
7.8513,-0.0569379,0.00967402,0
7.85233,-0.0568533,0.00967685,0
7.85328,-0.0568221,0.00968694,0
7.85428,-0.0568016,0.00967741,0
7.85528,-0.0567788,0.00967975,0
7.85629,-0.0567593,0.00967117,0
7.85735,-0.0567376,0.00967468,0
7.85832,-0.0567195,0.00966652,0
7.8593,-0.0566991,0.00967027,0
7.8603,-0.0567391,0.00965214,0
7.86133,-0.0566683,0.00965917,0
7.86226,-0.0566459,0.00965981,0
7.86329,-0.0566675,0.00966467,0
7.86431,-0.0565959,0.00966727,0
7.8653,-0.056572,0.00967797,0
7.86631,-0.0566133,0.00965876,0
7.86729,-0.0565472,0.00966429,0
7.86829,-0.0565281,0.00966409,0
7.86927,-0.0565139,0.00966797,0
7.87027,-0.0565033,0.00965924,0
7.87129,-0.0565157,0.00964552,0
7.87227,-0.0564615,0.00964176,0
7.87327,-0.0564651,0.00965776,0
7.87431,-0.0564569,0.0096509,0
7.8753,-0.0564325,0.00966419,0
7.87627,-0.0564183,0.0096658,0
7.87729,-0.0564077,0.00966684,0
7.87838,-0.0564519,0.00964899,0
7.87929,-0.0563935,0.00965359,0
7.88028,-0.0563781,0.0096557,0
7.88128,-0.0564205,0.00964715,0
7.88228,-0.0563652,0.00964402,0
7.88329,-0.0563485,0.00965355,0
7.88429,-0.0563925,0.00963793,0
7.88528,-0.0563359,0.00964206,0
7.88632,-0.0563211,0.00964479,0
7.88728,-0.0563472,0.00964609,0
7.88829,-0.0562859,0.00965141,0
7.88927,-0.0562692,0.00965935,0
7.89024,-0.0563134,0.00964274,0
7.89128,-0.0562579,0.00964584,0
7.89227,-0.056243,0.00964818,0
7.89329,-0.0562851,0.00963904,0
7.89428,-0.0562321,0.00963633,0
7.89527,-0.0562163,0.00964526,0
7.89629,-0.0562608,0.00963016,0
7.89731,-0.0562066,0.00963381,0
7.89828,-0.0561928,0.00963669,0
7.89929,-0.0561852,0.0096382,0
7.90029,-0.0561622,0.00964213,0
7.90128,-0.0561476,0.00965092,0
7.90228,-0.0561406,0.00964454,0
7.90333,-0.056184,0.00963413,0
7.90428,-0.0561316,0.0096316,0
7.90528,-0.0561169,0.00964048,0
7.90629,-0.0561614,0.00962551,0
7.90728,-0.0561088,0.00962879,0
7.90834,-0.056096,0.00963165,0
7.90928,-0.0560894,0.009633,0
7.91028,-0.0560837,0.00962902,0
7.91125,-0.0560837,0.00962902,0
7.91226,-0.0561222,0.00961662,0
7.91328,-0.0560715,0.00961501,0
7.91429,-0.0560417,0.00963366,0
7.91528,-0.0560296,0.00963702,0
7.91655,-0.0560296,0.00963702,0
7.91724,-0.0560183,0.00962967,0
7.9183,-0.0560183,0.00962967,0
7.91939,-0.0560619,0.00962035,0
7.92029,-0.0560116,0.0096182,0
7.92124,-0.0560052,0.00960753,0
7.92224,-0.0560096,0.00957294,0
7.92325,-0.0560562,0.00955133,0
7.92427,-0.0560562,0.00955133,0
7.92527,-0.0560077,0.00953494,0
7.92632,-0.0560543,0.00951971,0
7.92727,-0.0560543,0.00951971,0
7.92829,-0.0560584,0.00950248,0
7.92936,-0.0559804,0.00953443,0
7.9303,-0.0560226,0.00951666,0
7.93137,-0.0559738,0.00951541,0
7.93231,-0.0559687,0.00950455,0
7.93332,-0.0560185,0.0094857,0
7.93425,-0.0560229,0.00946916,0
7.93531,-0.0560211,0.00946257,0
7.93656,-0.0560199,0.00945093,0
7.93724,-0.0560178,0.00944524,0
7.93828,-0.0560174,0.00943409,0
7.93926,-0.055962,0.00943064,0
7.9406,-0.055931,0.00945777,0
7.94168,-0.055931,0.00945777,0
7.94263,-0.055931,0.00945777,0
7.9433,-0.0559822,0.00941205,0
7.94427,-0.0559219,0.00942302,0
7.94528,-0.0559167,0.00941603,0
7.94638,-0.0559677,0.00939822,0
7.94723,-0.0559201,0.00939705,0
7.94832,-0.0559201,0.00939705,0
7.94936,-0.0559657,0.00937419,0
7.95031,-0.0559688,0.00936715,0
7.95143,-0.0559688,0.00936715,0
7.9523,-0.0559623,0.00935927,0
7.95334,-0.0559623,0.00935927,0
7.95424,-0.055886,0.009387,0
7.95529,-0.055886,0.009387,0
7.95639,-0.0559264,0.00936768,0
7.95728,-0.0558782,0.00936723,0
7.95827,-0.0558782,0.00936723,0
7.95928,-0.055871,0.00936735,0
7.96027,-0.055952,0.00935397,0
7.96123,-0.0559224,0.00933052,0
7.96228,-0.0559224,0.00933052,0
7.96324,-0.0559148,0.00932347,0
7.96423,-0.0559168,0.00931825,0
7.96525,-0.0559168,0.00931825,0
7.96627,-0.0558628,0.00932497,0
7.96725,-0.0558846,0.00934127,0
7.96822,-0.0558823,0.00933352,0
7.96935,-0.0558263,0.00934436,0
7.97037,-0.0558207,0.00933911,0
7.97127,-0.0558717,0.00932242,0
7.97227,-0.0558227,0.00932428,0
7.97323,-0.0558155,0.00932576,0
7.97427,-0.055868,0.00930415,0
7.97527,-0.0558177,0.00931266,0
7.97635,-0.0558121,0.00930907,0
7.97725,-0.0558635,0.00929358,0
7.97822,-0.055789,0.00932527,0
7.97929,-0.0557763,0.00933064,0
7.98055,-0.0558284,0.00930836,0
7.9815,-0.0558306,0.00930196,0
7.98278,-0.0557756,0.00930838,0
7.98335,-0.0558221,0.00929615,0
7.98427,-0.0558248,0.00928557,0
7.9853,-0.0558227,0.00928416,0
7.98625,-0.055821,0.00927783,0
7.98731,-0.0558183,0.00927707,0
7.98828,-0.0557629,0.00928509,0
7.98927,-0.0557847,0.00930139,0
7.9903,-0.0557822,0.00929427,0
7.99132,-0.0557256,0.00930609,0
7.99235,-0.0557735,0.00928755,0
7.99346,-0.0557747,0.00928224,0
7.99431,-0.0557198,0.00928892,0
7.99526,-0.0557666,0.00927686,0
7.99639,-0.0557695,0.0092665,0
7.9973,-0.0557134,0.00927967,0
7.99829,-0.055762,0.00926229,0
7.99942,-0.0557638,0.00925815,0
8.0004,-0.0556833,0.00929416,0
8.00124,-0.0557251,0.00928551,0
8.00228,-0.0557274,0.00927453,0
8.00336,-0.055752,0.00928688,0
8.00424,-0.0557125,0.00926605,0
8.00525,-0.0557115,0.00926595,0
8.00637,-0.055661,0.00926814,0
8.00734,-0.0556543,0.0092704,0
8.00835,-0.0557074,0.00924951,0
8.00937,-0.0556572,0.00925914,0
8.01033,-0.0556518,0.00925639,0
8.01129,-0.055678,0.0092695,0
8.01229,-0.0556765,0.00926249,0
8.01338,-0.05562,0.00927487,0
8.0144,-0.0556682,0.00925689,0
8.01527,-0.0556697,0.009252,0
8.01635,-0.0556149,0.00925906,0
8.01732,-0.0556621,0.00924735,0
8.01828,-0.0556652,0.00923735,0
8.01934,-0.0556092,0.0092508,0
8.02026,-0.0556582,0.00923376,0
8.02132,-0.0556603,0.00922991,0
8.02233,-0.0556056,0.00923821,0
8.02324,-0.0556535,0.00922718,0
8.02433,-0.0556312,0.00924571,0
8.02528,-0.0555692,0.00926274,0
8.02623,-0.0556176,0.00924475,0
8.02728,-0.0556193,0.00923943,0
8.02855,-0.0555642,0.00924617,0
8.02949,-0.0555572,0.00924846,0
8.03032,-0.0556106,0.00922735,0
8.03129,-0.0555599,0.00923672,0
8.03227,-0.0556086,0.00921966,0
8.03368,-0.0556103,0.00921615,0
8.03424,-0.0555554,0.00922443,0
8.03527,-0.0556034,0.0092135,0
8.03631,-0.0556069,0.00920434,0
8.03727,-0.0555505,0.00921873,0
8.0383,-0.0555741,0.00922966,0
8.03931,-0.0555705,0.00922933,0
8.04029,-0.0555148,0.00923607,0
8.04129,-0.055561,0.00921676,0
8.04226,-0.055561,0.00921676,0
8.04324,-0.0555634,0.00921214,0
8.04426,-0.0555595,0.00920575,0
8.04541,-0.0555595,0.00920575,0
8.04668,-0.0555035,0.00921397,0
8.04754,-0.0555516,0.0092028,0
8.04831,-0.0555838,0.00920691,0
8.04931,-0.0554965,0.00920729,0
8.05028,-0.0555202,0.00921772,0
8.05128,-0.0554623,0.00923069,0
8.05226,-0.0555122,0.0092078,0
8.05328,-0.0555122,0.0092078,0
8.05435,-0.0554567,0.00921464,0
8.05529,-0.0555042,0.00920324,0
8.05629,-0.0555073,0.0091933,0
8.05731,-0.0554506,0.0092065,0
8.05828,-0.0554998,0.00918977,0
8.05985,-0.0555018,0.00918596,0
8.06044,-0.0554465,0.009194,0
8.0614,-0.0554686,0.00921046,0
8.06232,-0.0554123,0.00921768,0
8.06336,-0.0554333,0.0092325,0
8.06429,-0.0554027,0.00921021,0
8.06541,-0.0554005,0.0092073,0
8.06639,-0.0554277,0.00921389,0
8.06734,-0.0554777,0.00919907,0
8.06836,-0.0554523,0.00917478,0
8.06933,-0.0554503,0.00917357,0
8.07023,-0.0553939,0.00918169,0
8.07136,-0.0553875,0.00918489,0
8.07227,-0.0553875,0.00918489,0
8.07328,-0.055442,0.00916471,0
8.07433,-0.0554192,0.00918831,0
8.07538,-0.0554192,0.00918831,0
8.07631,-0.0554375,0.00915815,0
8.0773,-0.0554704,0.00916295,0
8.07836,-0.0554667,0.00916321,0
8.07937,-0.0554916,0.00913047,0
8.0803,-0.0554383,0.00914203,0
8.08129,-0.0554327,0.00914087,0
8.0823,-0.05543,0.00914243,0
8.08329,-0.0554036,0.00916472,0
8.08432,-0.0465661,0.0085144,0
8.0853,-0.0471835,0.0171331,0
8.0863,-0.0466827,0.0170152,0
8.08731,-0.0461472,0.0166509,0
8.08828,-0.0456693,0.016316,0
8.08929,-0.0452436,0.0160331,0
8.09029,-0.0448745,0.0157876,0
8.09131,-0.0449855,0.0155936,0
8.09246,-0.045574,0.0154554,0
8.09329,-0.0463217,0.013471,0
8.09428,-0.0463902,0.0133935,0
8.09529,-0.0464494,0.0133247,0
8.09628,-0.0464556,0.0133046,0
8.09731,-0.0464718,0.0132874,0
8.09832,-0.0464976,0.01328,0
8.0993,-0.0465306,0.0132744,0
8.10073,-0.046571,0.0132766,0
8.10129,-0.0466172,0.0132793,0
8.10231,-0.0466698,0.0132889,0
8.10338,-0.0468007,0.0133408,0
8.10427,-0.0447099,0.0126039,0
8.10531,-0.0441458,0.0106878,0
8.10631,-0.044502,0.0102097,0
8.10729,-0.0447615,0.0101312,0
8.10832,-0.0451203,0.010171,0
8.10931,-0.044868,0.0100793,0
8.11033,-0.0450196,0.0104177,0
8.11132,-0.0451015,0.0105526,0
8.11233,-0.045248,0.0105432,0
8.11342,-0.0454179,0.0105064,0
8.11428,-0.0455815,0.0104762,0
8.1153,-0.0457429,0.0104392,0
8.1163,-0.0459008,0.0104122,0
8.11731,-0.0460569,0.0103763,0
8.11829,-0.0462089,0.0103499,0
8.11937,-0.0463615,0.0103176,0
8.12028,-0.0465102,0.0102946,0
8.12129,-0.0466506,0.0102956,0
8.12235,-0.0467967,0.010269,0
8.12328,-0.0469416,0.0102481,0
8.12431,-0.0470887,0.0102155,0
8.12529,-0.0472311,0.0101952,0
8.12631,-0.0472565,0.0101765,0
8.12727,-0.047504,0.0101593,0
8.12827,-0.0476434,0.010114,0
8.1293,-0.0477953,0.0100948,0
8.13032,-0.0477953,0.0100948,0
8.13131,-0.0479572,0.0100582,0
8.13228,-0.0479572,0.0100582,0
8.13332,-0.0483217,0.0100001,0
8.13432,-0.0484663,0.00997389,0
8.13531,-0.0485963,0.00994679,0
8.13627,-0.0485963,0.00994679,0
8.13728,-0.0488576,0.00989043,0
8.13831,-0.0490742,0.00987725,0
8.1393,-0.0492046,0.00983815,0
8.14029,-0.0492046,0.00983815,0
8.14125,-0.0492168,0.00983596,0
8.14269,-0.049425,0.00981101,0
8.1434,-0.0495651,0.0097806,0
8.1443,-0.0495651,0.0097806,0
8.14571,-0.049578,0.00977719,0
8.14655,-0.0498555,0.00974168,0
8.14725,-0.0500061,0.00970178,0
8.14831,-0.0501813,0.00968115,0
8.14926,-0.0501813,0.00968115,0
8.1503,-0.0502118,0.00966172,0
8.15125,-0.0503168,0.00964793,0
8.15229,-0.0504833,0.00962832,0
8.15324,-0.0505138,0.00960608,0
8.15423,-0.050611,0.00960293,0
8.15527,-0.0508685,0.00955421,0
8.15624,-0.0508988,0.00953976,0
8.15729,-0.0508988,0.00953976,0
8.15831,-0.0510475,0.00952961,0
8.15931,-0.0511354,0.00950139,0
8.16027,-0.051161,0.00950049,0
8.16131,-0.0513049,0.00947796,0
8.16228,-0.0513849,0.00946379,0
8.16328,-0.0514126,0.00945031,0
8.16427,-0.0514861,0.0094489,0
8.16532,-0.0516195,0.00942151,0
8.16632,-0.0516417,0.00941564,0
8.16745,-0.0517212,0.00940092,0
8.16837,-0.0518441,0.00938737,0
8.1694,-0.0518685,0.00936924,0
8.17035,-0.0519401,0.00936813,0
8.17149,-0.0520579,0.00934612,0
8.17228,-0.0521312,0.00932452,0
8.17333,-0.0521514,0.00932562,0
8.17433,-0.0522628,0.00930604,0
8.17562,-0.0522767,0.00930301,0
8.17632,-0.0523435,0.00928942,0
8.1774,-0.052445,0.00927891,0
8.17837,-0.0524659,0.00926268,0
8.17929,-0.0525675,0.00925691,0
8.18029,-0.052584,0.00924129,0
8.18126,-0.05264,0.00924174,0
8.18237,-0.0527344,0.0092194,0
8.18329,-0.0527504,0.00921757,0
8.18425,-0.0528065,0.00920464,0
8.18536,-0.0528915,0.00919674,0
8.18636,-0.0529473,0.00917678,0
8.18729,-0.0529619,0.0091792,0
8.18832,-0.0530439,0.00916216,0
8.18925,-0.0530893,0.009157,0
8.19024,-0.0531067,0.00914609,0
8.19132,-0.0531476,0.0091479,0
8.19226,-0.0532237,0.0091284,0
8.19333,-0.0532367,0.00912831,0
8.19431,-0.0533123,0.00911183,0
8.19537,-0.0533519,0.00910798,0
8.19627,-0.0533663,0.00910137,0
8.19729,-0.0534334,0.00908844,0
8.19827,-0.0534698,0.00908584,0
8.19934,-0.0534839,0.00907555,0
8.20025,-0.0535442,0.00907441,0
8.20134,-0.0535556,0.00906185,0
8.2023,-0.0536146,0.00906081,0
8.2033,-0.0536513,0.00904461,0
8.20432,-0.0536611,0.00904868,0
8.20538,-0.0536624,0.00906176,0
8.20628,-0.0536925,0.00906039,0
8.20725,-0.0537048,0.00905048,0
8.20836,-0.0537324,0.00905397,0
8.20936,-0.0537846,0.00903782,0
8.21046,-0.0537925,0.00904021,0
8.21135,-0.0537989,0.0090333,0
8.2123,-0.0538469,0.00903374,0
8.21327,-0.0538791,0.00901826,0
8.21431,-0.0539245,0.00901687,0
8.21542,-0.0539351,0.00900558,0
8.21628,-0.0539592,0.00900965,0
8.21737,-0.0540033,0.0089948,0
8.21827,-0.0540092,0.00899815,0
8.21928,-0.0540352,0.00898778,0
8.22033,-0.0540726,0.00898788,0
8.22129,-0.0540826,0.00897698,0
8.22229,-0.0541023,0.00898143,0
8.22327,-0.0541406,0.00896734,0
8.22429,-0.0541617,0.00896884,0
8.22527,-0.0541692,0.00896388,0
8.2263,-0.0542026,0.00895455,0
8.2273,-0.0542209,0.00895697,0
8.22827,-0.0542287,0.00894802,0
8.22926,-0.0542583,0.00895108,0
8.23029,-0.0542771,0.00893869,0
8.23131,-0.0542791,0.00894396,0
8.23229,-0.0542976,0.00893468,0
8.23328,-0.0543245,0.00893695,0
8.23445,-0.054333,0.00892724,0
8.23528,-0.0543476,0.00893327,0
8.23631,-0.0543766,0.00892202,0
8.23734,-0.0543814,0.00893041,0
8.23826,-0.0544022,0.00892282,0
8.23924,-0.0544269,0.00891035,0
8.24028,-0.0544415,0.00890024,0
8.24127,-0.0544592,0.00891226,0
8.24242,-0.0544882,0.00890512,0
8.24327,-0.0545027,0.00891013,0
8.24442,-0.0545123,0.0089034,0
8.24535,-0.0545161,0.00891138,0
8.24648,-0.054548,0.00890104,0
8.24732,-0.0545544,0.00890572,0
8.24839,-0.0545696,0.00889775,0
8.24945,-0.0545806,0.00890322,0
8.25038,-0.0545959,0.00889419,0
8.25139,-0.0546064,0.00889956,0
8.25239,-0.0546264,0.00888885,0
8.25355,-0.0546253,0.00889397,0
8.25432,-0.0546392,0.00888693,0
8.25538,-0.0546263,0.00888725,0
8.25641,-0.0548391,0.00891546,0
8.25729,-0.0547916,0.00891275,0
8.2584,-0.0547631,0.00890046,0
8.2593,-0.05465,0.00888716,0
8.26032,-0.05471,0.00888023,0
8.2613,-0.0547666,0.00883337,0
8.26234,-0.0548169,0.00876492,0
8.26328,-0.0548547,0.00874825,0
8.26428,-0.0548794,0.00875216,0
8.2653,-0.0548959,0.00876585,0
8.26634,-0.0549137,0.00876541,0
8.26729,-0.0549266,0.00877236,0
8.26833,-0.054939,0.00876975,0
8.26947,-0.054939,0.00876975,0
8.27028,-0.0549545,0.00877268,0
8.2713,-0.0549587,0.00877809,0
8.27242,-0.0549587,0.00877809,0
8.27327,-0.0549662,0.00877948,0
8.27433,-0.05497,0.00877564,0
8.27529,-0.0549709,0.00878034,0
8.27628,-0.0549737,0.00877634,0
8.27727,-0.0549738,0.00878088,0
8.27836,-0.054976,0.00877678,0
8.27928,-0.0549756,0.0087812,0
8.28027,-0.0549774,0.00877704,0
8.28132,-0.0549768,0.00878141,0
8.28232,-0.0549768,0.00878141,0
8.28327,-0.0549774,0.00878153,0
8.28429,-0.0549788,0.00877731,0
8.28531,-0.0549788,0.00877731,0
8.28627,-0.0549792,0.00877737,0
8.28727,-0.0549781,0.00878165,0
8.28828,-0.0549794,0.0087774,0
8.28933,-0.0549783,0.00878168,0
8.29029,-0.0549795,0.00877743,0
8.29127,-0.0549784,0.00878169,0
8.29233,-0.0549796,0.00877744,0
8.29375,-0.0549796,0.00877744,0
8.29433,-0.0549796,0.00877744,0
8.29529,-0.0549785,0.00878171,0
8.29627,-0.0549796,0.00877745,0
8.29729,-0.0549785,0.00878171,0
8.29828,-0.0549796,0.00877745,0
8.29929,-0.0549785,0.00878171,0
8.3003,-0.0549796,0.00877744,0
8.30131,-0.0549785,0.0087817,0
8.30227,-0.0549796,0.00877745,0
8.30328,-0.0549785,0.00878171,0
8.30428,-0.0549796,0.00877744,0
8.30527,-0.0549785,0.00878171,0
8.30627,-0.0549796,0.00877744,0
8.30731,-0.0549784,0.00878169,0
8.30831,-0.0549796,0.00877745,0
8.30935,-0.0549785,0.00878169,0
8.31029,-0.0549796,0.00877743,0
8.31128,-0.0549785,0.0087817,0
8.31228,-0.0549796,0.00877743,0
8.31328,-0.0549785,0.00878169,0
8.31427,-0.0549796,0.00877743,0
8.31533,-0.0549784,0.00878169,0
8.3163,-0.0549796,0.00877743,0
8.31735,-0.0549784,0.00878168,0
8.31829,-0.0549796,0.00877742,0
8.31928,-0.0549784,0.00878168,0
8.32029,-0.0549796,0.00877743,0
8.32129,-0.0549784,0.00878167,0
8.32228,-0.0549796,0.00877742,0
8.32329,-0.0549784,0.00878167,0
8.32432,-0.0549795,0.00877742,0
8.32528,-0.0549784,0.00878167,0
8.32631,-0.0549796,0.00877742,0
8.32736,-0.0549784,0.00878167,0
8.32835,-0.0549795,0.00877741,0
8.32929,-0.0549784,0.00878166,0
8.33039,-0.0549795,0.00877741,0
8.33155,-0.0549784,0.00878167,0
8.3323,-0.0549795,0.00877739,0
8.3333,-0.0549784,0.00878166,0
8.33429,-0.0549784,0.00878166,0
8.33535,-0.0549784,0.00878166,0
8.33632,-0.0549795,0.00877739,0
8.33728,-0.0549783,0.00878164,0
8.33829,-0.0549795,0.0087774,0
8.33929,-0.0549783,0.00878165,0
8.34027,-0.0549795,0.0087774,0
8.3413,-0.0549783,0.00878164,0
8.3423,-0.0549794,0.00877738,0
8.34327,-0.0549794,0.00877738,0
8.34433,-0.0549795,0.00877739,0
8.34554,-0.0549781,0.00878163,0
8.34627,-0.0549781,0.00878163,0
8.34727,-0.0549781,0.00878163,0
8.34828,-0.0549793,0.00877738,0
8.34927,-0.0549793,0.00877738,0
8.35029,-0.0549792,0.00877737,0
8.35127,-0.0549781,0.00878163,0
8.35228,-0.0549792,0.00877737,0
8.35332,-0.0549781,0.00878162,0
8.35429,-0.0549793,0.00877737,0
8.35529,-0.0549781,0.00878162,0
8.35627,-0.0549781,0.00878162,0
8.35732,-0.0549781,0.00878163,0
8.35832,-0.0549792,0.00877736,0
8.35927,-0.054978,0.00878161,0
8.36031,-0.0549792,0.00877736,0
8.36134,-0.0549781,0.00878161,0
8.36227,-0.0549792,0.00877736,0
8.36341,-0.0549781,0.00878161,0
8.36432,-0.0549792,0.00877736,0
8.3653,-0.054978,0.0087816,0
8.36634,-0.0549792,0.00877734,0
8.36729,-0.054978,0.00878161,0
8.36835,-0.0549792,0.00877735,0
8.3693,-0.054978,0.0087816,0
8.37033,-0.0549792,0.00877734,0
8.37133,-0.054978,0.00878159,0
8.37238,-0.0549792,0.00877734,0
8.37329,-0.054978,0.0087816,0
8.3743,-0.0549791,0.00877733,0
8.3753,-0.054978,0.00878159,0
8.37628,-0.0549791,0.00877733,0
8.37727,-0.054978,0.00878158,0
8.37829,-0.0549792,0.00877734,0
8.37928,-0.054978,0.00878158,0
8.38038,-0.0549791,0.00877732,0
8.38131,-0.054978,0.00878159,0
8.3823,-0.0549791,0.00877732,0
8.38331,-0.0549779,0.00878157,0
8.38435,-0.0549791,0.00877733,0
8.38529,-0.0549779,0.00878157,0
8.38641,-0.0549791,0.00877731,0
8.38731,-0.054978,0.00878157,0
8.38836,-0.0549791,0.00877732,0
8.38927,-0.0549791,0.00877732,0
8.39029,-0.0549779,0.00878156,0
8.39128,-0.0549779,0.00878156,0
8.3924,-0.0549791,0.0087773,0
8.39327,-0.0549791,0.0087773,0
8.39427,-0.054978,0.00878157,0
8.39523,-0.0549791,0.00877731,0
8.39629,-0.0549791,0.00877731,0
8.39732,-0.0549791,0.00877731,0
8.39833,-0.054979,0.00877729,0
8.3994,-0.0549779,0.00878155,0
8.40023,-0.054979,0.0087773,0
8.40125,-0.054979,0.0087773,0
8.40225,-0.0549779,0.00878155,0
8.40327,-0.0549779,0.00878156,0
8.40427,-0.054979,0.00877729,0
8.40537,-0.054979,0.00877729,0
8.40629,-0.0549779,0.00878154,0
8.40724,-0.054979,0.0087773,0
8.40826,-0.0549779,0.00878154,0
8.40937,-0.054979,0.00877728,0
8.41035,-0.0549779,0.00878155,0
8.41131,-0.054979,0.00877728,0
8.41229,-0.0549778,0.00878153,0
8.4133,-0.0549778,0.00878153,0
8.41427,-0.0549778,0.00878153,0
8.41531,-0.0549778,0.00878152,0
8.41626,-0.0549778,0.00878152,0
8.41732,-0.0549779,0.00878153,0
8.41826,-0.0549779,0.00878153,0
8.4193,-0.054979,0.00877727,0
8.4203,-0.0549778,0.00878152,0
8.42129,-0.0549778,0.00878151,0
8.42228,-0.0549778,0.00878151,0
8.42334,-0.0549778,0.00878152,0
8.42426,-0.0549778,0.00878152,0
8.42529,-0.0549789,0.00877725,0
8.42655,-0.0549778,0.00878151,0
8.42732,-0.054979,0.00877727,0
8.42836,-0.0549778,0.00878151,0
8.42931,-0.0549789,0.00877725,0
8.43029,-0.0549778,0.0087815,0
8.43128,-0.0549789,0.00877725,0
8.43232,-0.0549778,0.0087815,0
8.43335,-0.0549789,0.00877724,0
8.43436,-0.0549778,0.0087815,0
8.43531,-0.0549789,0.00877725,0
8.43631,-0.0549778,0.0087815,0
8.4374,-0.0549788,0.00877723,0
8.43828,-0.0549777,0.0087815,0
8.4393,-0.0549789,0.00877724,0
8.44031,-0.0549777,0.00878149,0
8.44131,-0.0549789,0.00877723,0
8.44237,-0.0549777,0.00878149,0
8.44334,-0.0549789,0.00877723,0
8.44431,-0.0549777,0.00878148,0
8.4454,-0.0549789,0.00877723,0
8.44652,-0.0549777,0.00878148,0
8.44733,-0.0549788,0.00877723,0
8.44857,-0.0549777,0.00878148,0
8.44979,-0.0549788,0.00877722,0
8.45056,-0.0549777,0.00878148,0
8.45129,-0.0549788,0.00877722,0
8.45228,-0.0549777,0.00878148,0
8.45325,-0.0549788,0.00877721,0
8.45429,-0.0549776,0.00878146,0
8.4553,-0.0549788,0.00877722,0
8.45629,-0.0549777,0.00878147,0
8.45799,-0.0549777,0.00878147,0
8.45834,-0.0549777,0.00878147,0
8.45929,-0.0549788,0.0087772,0
8.46027,-0.0549776,0.00878145,0
8.46129,-0.0549788,0.00877721,0
8.46236,-0.0549788,0.00877721,0
8.46328,-0.0549788,0.0087772,0
8.4643,-0.0549776,0.00878145,0
8.46532,-0.0549787,0.0087772,0
8.46628,-0.0549775,0.00878145,0
8.46729,-0.0549787,0.0087772,0
8.46829,-0.0549775,0.00878145,0
8.46928,-0.0549786,0.0087772,0
8.47029,-0.0549775,0.00878145,0
8.47129,-0.0549786,0.00877719,0
8.47228,-0.0549775,0.00878144,0
8.47331,-0.0549786,0.00877719,0
8.47428,-0.0549775,0.00878145,0
8.47529,-0.0549786,0.00877718,0
8.4769,-0.0549775,0.00878143,0
8.47763,-0.0549786,0.00877719,0
8.47867,-0.0549775,0.00878144,0
8.4797,-0.0549786,0.00877718,0
8.48039,-0.0549775,0.00878143,0
8.48142,-0.0549786,0.00877718,0
8.48234,-0.0549774,0.00878143,0
8.4833,-0.0549786,0.00877717,0
8.48427,-0.0549774,0.00878143,0
8.48534,-0.0549786,0.00877717,0
8.48639,-0.0549786,0.00877717,0
8.48727,-0.0549786,0.00877717,0
8.48829,-0.0549774,0.00878142,0
8.48928,-0.0549774,0.00878142,0
8.49029,-0.0549774,0.00878142,0
8.4913,-0.0549786,0.00877716,0
8.49227,-0.0549774,0.00878141,0
8.49329,-0.0549786,0.00877716,0
8.49428,-0.0549774,0.00878141,0
8.49526,-0.0549785,0.00877716,0
8.49628,-0.0549774,0.0087814,0
8.49729,-0.0549785,0.00877716,0
8.49829,-0.0549785,0.00877716,0
8.49932,-0.0549785,0.00877714,0
8.50028,-0.0549774,0.0087814,0
8.50135,-0.0549785,0.00877715,0
8.50232,-0.0549774,0.0087814,0
8.5033,-0.0549785,0.00877714,0
8.50429,-0.0549774,0.00878139,0
8.50527,-0.0549785,0.00877714,0
8.50629,-0.0549773,0.00878139,0
8.50733,-0.0549785,0.00877714,0
8.50828,-0.0549773,0.00878139,0
8.50928,-0.0549785,0.00877713,0
8.51029,-0.0549773,0.00878139,0
8.51175,-0.0549785,0.00877713,0
8.51266,-0.0549773,0.00878138,0
8.51348,-0.0549785,0.00877713,0
8.5143,-0.0549773,0.00878138,0
8.51533,-0.0549784,0.00877712,0
8.51631,-0.0549784,0.00877712,0
8.5173,-0.0549784,0.00877712,0
8.51835,-0.0549773,0.00878137,0
8.51933,-0.0549784,0.00877712,0
8.52045,-0.0549773,0.00878138,0
8.52128,-0.0549773,0.00878138,0
8.52225,-0.0549773,0.00878137,0
8.52329,-0.0549784,0.00877711,0
8.52435,-0.0549773,0.00878137,0
8.5253,-0.0549785,0.00877711,0
8.52629,-0.0549773,0.00878135,0
8.52755,-0.0549785,0.0087771,0
8.52833,-0.0549774,0.00878136,0
8.52927,-0.0549785,0.0087771,0
8.53059,-0.0549785,0.0087771,0
8.53131,-0.0549785,0.0087771,0
8.5323,-0.0549773,0.00878134,0
8.53329,-0.0549785,0.00877709,0
8.53432,-0.0549774,0.00878135,0
8.53529,-0.0549785,0.00877709,0
8.53628,-0.0549773,0.00878134,0
8.53729,-0.0549785,0.00877709,0
8.53829,-0.0549773,0.00878133,0
8.53926,-0.0549784,0.00877708,0
8.54032,-0.0549773,0.00878135,0
8.54129,-0.0549784,0.00877708,0
8.54229,-0.0549773,0.00878133,0
8.54333,-0.0549784,0.00877708,0
8.54432,-0.0549773,0.00878134,0
8.54566,-0.0549784,0.00877707,0
8.54657,-0.0549773,0.00878132,0
8.54725,-0.0549773,0.00878132,0
8.54829,-0.0549773,0.00878132,0
8.54934,-0.0549784,0.00877706,0
8.55029,-0.0549773,0.00878133,0
8.55129,-0.0549784,0.00877706,0
8.5523,-0.0549772,0.00878131,0
8.55327,-0.0549772,0.00878131,0
8.55424,-0.0549773,0.00878132,0
8.5553,-0.0549784,0.00877706,0
8.55627,-0.0549773,0.00878132,0
8.55746,-0.0549784,0.00877705,0
8.55827,-0.0549784,0.00877705,0
8.55932,-0.0549772,0.00878131,0
8.56029,-0.0549772,0.0087813,0
8.56128,-0.0549784,0.00877705,0
8.56228,-0.0549772,0.0087813,0
8.56327,-0.0549783,0.00877705,0
8.5643,-0.0549783,0.00877705,0
8.56526,-0.0549772,0.0087813,0
8.56641,-0.0549783,0.00877703,0
8.56734,-0.0549772,0.0087813,0
8.56827,-0.0549772,0.00878129,0
8.56926,-0.0549772,0.00878129,0
8.57031,-0.0549783,0.00877703,0
8.57133,-0.0549772,0.00878129,0
8.57224,-0.0549783,0.00877704,0
8.57325,-0.0549783,0.00877703,0
8.5743,-0.0549783,0.00877703,0
8.57536,-0.0549772,0.00878129,0
8.57645,-0.0549783,0.00877702,0
8.57762,-0.0549772,0.00878128,0
8.57854,-0.0549783,0.00877703,0
8.57956,-0.0549771,0.00878127,0
8.5804,-0.0549783,0.00877702,0
8.58129,-0.0549771,0.00878127,0
8.58229,-0.0549783,0.00877702,0
8.58329,-0.0549771,0.00878128,0
8.58431,-0.0549782,0.00877701,0
8.58529,-0.0549771,0.00878127,0
8.58684,-0.0549783,0.00877702,0
8.5873,-0.0549771,0.00878126,0
8.58837,-0.0549783,0.00877701,0
8.58936,-0.0549771,0.00878127,0
8.59032,-0.0549782,0.008777,0
8.59132,-0.0549771,0.00878126,0
8.59231,-0.0549782,0.00877701,0
8.59333,-0.054977,0.00878125,0
8.59429,-0.0549782,0.008777,0
8.59531,-0.0549771,0.00878126,0
8.59634,-0.0549782,0.00877699,0
8.5973,-0.0549771,0.00878125,0
8.5983,-0.0549782,0.00877699,0
8.59947,-0.0549771,0.00878125,0
8.60053,-0.0549782,0.00877699,0
8.60143,-0.054977,0.00878124,0
8.6023,-0.0549782,0.00877699,0
8.60334,-0.054977,0.00878124,0
8.60431,-0.0549782,0.00877698,0
8.60543,-0.054977,0.00878124,0
8.60632,-0.0549782,0.00877698,0
8.60734,-0.054977,0.00878123,0
8.6083,-0.0549782,0.00877698,0
8.60931,-0.054977,0.00878123,0
8.61033,-0.0549782,0.00877698,0
8.61128,-0.054977,0.00878123,0
8.61238,-0.0549781,0.00877697,0
8.61333,-0.054977,0.00878122,0
8.61441,-0.0549781,0.00877697,0
8.61533,-0.054977,0.00878122,0
8.61631,-0.0549781,0.00877697,0
8.61735,-0.054977,0.00878122,0
8.61832,-0.0549781,0.00877696,0
8.61934,-0.054977,0.00878122,0
8.62028,-0.0549781,0.00877696,0
8.62128,-0.0549769,0.00878121,0
8.62233,-0.0549781,0.00877696,0
8.62333,-0.0549769,0.0087812,0
8.62427,-0.0549781,0.00877696,0
8.62529,-0.0549769,0.0087812,0
8.6263,-0.0549781,0.00877695,0
8.62734,-0.0549769,0.0087812,0
8.62831,-0.0549781,0.00877695,0
8.62933,-0.0549769,0.0087812,0
8.6303,-0.0549781,0.00877694,0
8.63125,-0.0549781,0.00877694,0
8.63243,-0.0549781,0.00877694,0
8.63338,-0.0549769,0.00878119,0
8.63427,-0.054978,0.00877694,0
8.63527,-0.0549769,0.00878119,0
8.63627,-0.054978,0.00877693,0
8.63727,-0.0549769,0.00878119,0
8.6383,-0.054978,0.00877693,0
8.63935,-0.0549769,0.00878118,0
8.64028,-0.054978,0.00877693,0
8.6413,-0.0549769,0.00878118,0
8.64228,-0.054978,0.00877693,0
8.64333,-0.0549769,0.00878118,0
8.64429,-0.054978,0.00877692,0
8.64547,-0.0549769,0.00878117,0
8.64635,-0.0549769,0.00878117,0
8.64741,-0.054978,0.00877692,0
8.64829,-0.0549768,0.00878117,0
8.64943,-0.054978,0.00877693,0
8.65046,-0.054978,0.00877693,0
8.6513,-0.0549769,0.00878117,0
8.65238,-0.0549769,0.00878117,0
8.65335,-0.054978,0.00877691,0
8.65438,-0.054978,0.00877691,0
8.65537,-0.0549768,0.00878117,0
8.65628,-0.0549768,0.00878117,0
8.65738,-0.054978,0.00877692,0
8.65832,-0.0549768,0.00878115,0
8.6593,-0.054978,0.00877691,0
8.66035,-0.054978,0.00877691,0
8.66131,-0.0549768,0.00878116,0
8.66228,-0.0549779,0.00877689,0
8.66328,-0.0549779,0.00877689,0
8.66428,-0.0549779,0.0087769,0
8.66526,-0.0549767,0.00878117,0
8.66637,-0.0549778,0.00877691,0
8.66728,-0.0549778,0.00877691,0
8.66848,-0.0549778,0.0087769,0
8.66946,-0.0549778,0.0087769,0
8.67028,-0.0549778,0.0087769,0
8.67127,-0.0549778,0.0087769,0
8.67228,-0.0549767,0.00878115,0
8.67344,-0.0549767,0.00878115,0
8.67429,-0.0549778,0.0087769,0
8.67526,-0.0549766,0.00878115,0
8.67627,-0.0549778,0.00877689,0
8.67723,-0.0549778,0.00877689,0
8.67829,-0.0549766,0.00878114,0
8.67923,-0.0549778,0.0087769,0
8.68031,-0.0549766,0.00878114,0
8.68138,-0.0549778,0.00877689,0
8.68224,-0.0549766,0.00878113,0
8.68337,-0.0549777,0.00877688,0
8.68425,-0.0549766,0.00878114,0
8.68525,-0.0549777,0.00877688,0
8.68628,-0.0549766,0.00878113,0
8.68726,-0.0549777,0.00877688,0
8.68824,-0.0549766,0.00878113,0
8.68926,-0.0549777,0.00877687,0
8.69031,-0.0549766,0.00878113,0
8.69125,-0.0549777,0.00877687,0
8.69233,-0.0549766,0.00878112,0
8.69334,-0.0549777,0.00877687,0
8.69441,-0.0549766,0.00878113,0
8.6953,-0.0549777,0.00877686,0
8.69626,-0.0549765,0.00878111,0
8.69728,-0.0549777,0.00877686,0
8.69827,-0.0549765,0.00878111,0
8.69932,-0.0549777,0.00877687,0
8.70033,-0.0549765,0.00878111,0
8.70138,-0.0549777,0.00877685,0
8.70241,-0.0549765,0.00878111,0
8.70336,-0.0549776,0.00877684,0
8.70439,-0.0549765,0.00878111,0
8.70538,-0.0549777,0.00877685,0
8.70632,-0.0549765,0.00878109,0
8.7076,-0.0549777,0.00877685,0
8.70823,-0.0549776,0.00877683,0
8.7094,-0.0549776,0.00877683,0
8.71034,-0.0549765,0.0087811,0
8.71137,-0.0549777,0.00877685,0
8.71226,-0.0549765,0.00878108,0
8.71332,-0.0549776,0.00877684,0
8.71443,-0.0549765,0.00878109,0
8.71541,-0.0549776,0.00877682,0
8.71637,-0.0549765,0.00878108,0
8.71729,-0.0549777,0.00877685,0
8.71833,-0.0549765,0.00878109,0
8.71929,-0.0549775,0.00877681,0
8.72027,-0.0549764,0.00878107,0
8.72124,-0.0549776,0.00877683,0
8.72235,-0.0549764,0.00878107,0
