Timestamp,q1,q2,q3,q4,q5,q6,q7
0.0121901,2.50761,0.05177,-2.54045,-1.60938,0.0415043,-1.58652,0.0738454
0.012578,2.50761,0.0517699,-2.54045,-1.60938,0.0415043,-1.58652,0.0738454
0.013215,2.50761,0.0517699,-2.54045,-1.60938,0.0415043,-1.58652,0.0738454
0.0143554,2.50761,0.0517699,-2.54045,-1.60938,0.0415043,-1.58652,0.0738454
0.0155614,2.50761,0.0517698,-2.54045,-1.60938,0.0415043,-1.58652,0.0738454
0.0168131,2.50761,0.0517698,-2.54045,-1.60938,0.0415043,-1.58652,0.0738454
0.01902,2.50761,0.0517698,-2.54045,-1.60938,0.0415043,-1.58652,0.0738454
0.020894,2.50761,0.0517697,-2.54045,-1.60938,0.0415043,-1.58652,0.0738454
0.0226645,2.50761,0.0517697,-2.54045,-1.60938,0.0415043,-1.58652,0.0738454
0.0244007,2.50761,0.0517697,-2.54045,-1.60938,0.0415043,-1.58652,0.0738454
0.0250016,2.50761,0.0517696,-2.54045,-1.60938,0.0415043,-1.58652,0.0738454
0.0262156,2.50761,0.0517696,-2.54045,-1.60938,0.0415043,-1.58652,0.0738454
0.0275713,2.50761,0.0517696,-2.54045,-1.60938,0.0415043,-1.58652,0.0738454
0.0291679,2.50761,0.0517695,-2.54045,-1.60938,0.0415042,-1.58652,0.0738454
0.0303326,2.50761,0.0517694,-2.54045,-1.60938,0.0415042,-1.58652,0.0738454
0.0317991,2.50761,0.0517694,-2.54045,-1.60938,0.0415042,-1.58652,0.0738454
0.0334377,2.50761,0.0517694,-2.54045,-1.60938,0.0415042,-1.58652,0.0738454
0.0344886,2.50761,0.0517693,-2.54045,-1.60938,0.0415042,-1.58652,0.0738454
0.0363125,2.50761,0.0517693,-2.54045,-1.60938,0.0415042,-1.58652,0.0738454
0.0363602,2.50761,0.0517692,-2.54045,-1.60938,0.0415042,-1.58652,0.0738454
0.0380901,2.50761,0.0517692,-2.54045,-1.60938,0.0415042,-1.58652,0.0738454
0.0387046,2.50761,0.0517692,-2.54045,-1.60938,0.0415042,-1.58652,0.0738454
0.0398895,2.50761,0.0517691,-2.54045,-1.60938,0.0415042,-1.58652,0.0738454
0.0405631,2.50761,0.0517691,-2.54045,-1.60938,0.0415042,-1.58652,0.0738454
0.0416881,2.50761,0.0517691,-2.54045,-1.60938,0.0415042,-1.58652,0.0738454
0.0436101,2.50761,0.051769,-2.54045,-1.60938,0.0415042,-1.58652,0.0738454
0.0447732,2.50761,0.051769,-2.54045,-1.60938,0.0415042,-1.58652,0.0738454
0.0459137,2.50761,0.0517689,-2.54045,-1.60938,0.0415042,-1.58652,0.0738454
0.0477486,2.50761,0.0517689,-2.54045,-1.60938,0.0415042,-1.58652,0.0738454
0.0484489,2.50761,0.0517688,-2.54045,-1.60938,0.0415042,-1.58652,0.0738454
0.0495933,2.50761,0.0517688,-2.54045,-1.60938,0.0415042,-1.58652,0.0738454
0.0507534,2.50761,0.0517688,-2.54045,-1.60938,0.0415042,-1.58652,0.0738454
0.051958,2.50761,0.0517687,-2.54045,-1.60938,0.0415042,-1.58652,0.0738454
0.0526326,2.50761,0.0517687,-2.54045,-1.60938,0.0415042,-1.58652,0.0738454
0.0537144,2.50761,0.0517687,-2.54045,-1.60938,0.0415042,-1.58652,0.0738454
0.0548798,2.50761,0.0517686,-2.54045,-1.60938,0.0415042,-1.58652,0.0738454
0.0560781,2.50761,0.0517686,-2.54045,-1.60938,0.0415042,-1.58652,0.0738454
0.0572527,2.50761,0.0517686,-2.54045,-1.60938,0.0415042,-1.58652,0.0738454
0.0578679,2.50761,0.0517685,-2.54045,-1.60938,0.0415042,-1.58652,0.0738454
0.0590931,2.50761,0.0517685,-2.54045,-1.60938,0.0415042,-1.58652,0.0738454
0.0602641,2.50761,0.0517685,-2.54045,-1.60938,0.0415042,-1.58652,0.0738454
0.0613673,2.50761,0.0517684,-2.54045,-1.60938,0.0415042,-1.58652,0.0738454
0.061982,2.50761,0.0517684,-2.54045,-1.60938,0.0415042,-1.58652,0.0738454
0.0638373,2.50761,0.0517684,-2.54045,-1.60938,0.0415042,-1.58652,0.0738454
0.0644397,2.50761,0.0517683,-2.54045,-1.60938,0.0415042,-1.58652,0.0738454
0.0651572,2.50761,0.0517683,-2.54045,-1.60938,0.0415042,-1.58652,0.0738455
0.0664438,2.50761,0.0517682,-2.54045,-1.60938,0.0415042,-1.58652,0.0738455
0.0675414,2.50761,0.0517682,-2.54045,-1.60938,0.0415041,-1.58652,0.0738455
0.0681459,2.50761,0.0517682,-2.54045,-1.60938,0.0415041,-1.58652,0.0738455
0.0694867,2.50761,0.0517681,-2.54045,-1.60938,0.0415041,-1.58652,0.0738455
0.0706365,2.50761,0.0517681,-2.54045,-1.60938,0.0415041,-1.58652,0.0738455
0.0712509,2.50761,0.0517681,-2.54045,-1.60938,0.0415041,-1.58652,0.0738455
0.0724305,2.50761,0.051768,-2.54045,-1.60938,0.0415041,-1.58652,0.0738455
0.0735696,2.50761,0.051768,-2.54045,-1.60938,0.0415041,-1.58652,0.0738455
0.0747296,2.50761,0.051768,-2.54045,-1.60938,0.0415041,-1.58652,0.0738455
0.0753596,2.50761,0.0517679,-2.54045,-1.60938,0.0415041,-1.58652,0.0738455
0.0765716,2.50761,0.0517679,-2.54045,-1.60938,0.0415041,-1.58652,0.0738455
0.0777406,2.50761,0.0517679,-2.54045,-1.60938,0.0415041,-1.58652,0.0738455
0.0784006,2.50761,0.0517678,-2.54045,-1.60938,0.0415041,-1.58652,0.0738455
0.0795582,2.50761,0.0517678,-2.54045,-1.60938,0.0415041,-1.58652,0.0738455
0.0807277,2.50761,0.0517678,-2.54045,-1.60938,0.0415041,-1.58652,0.0738455
0.0816024,2.50761,0.0517677,-2.54045,-1.60938,0.0415041,-1.58652,0.0738455
0.0827762,2.50761,0.0517677,-2.54045,-1.60938,0.0415041,-1.58652,0.0738455
0.0841214,2.50761,0.0517676,-2.54045,-1.60938,0.0415041,-1.58652,0.0738455
0.084749,2.50761,0.0517676,-2.54045,-1.60938,0.0415041,-1.58652,0.0738455
0.0857302,2.50761,0.0517676,-2.54045,-1.60938,0.0415041,-1.58652,0.0738455
0.0877493,2.50761,0.0517675,-2.54045,-1.60938,0.0415041,-1.58652,0.0738455
0.0888351,2.50761,0.0517675,-2.54045,-1.60938,0.0415041,-1.58652,0.0738455
0.0912132,2.50761,0.0517674,-2.54045,-1.60938,0.0415041,-1.58652,0.0738455
0.0929854,2.50761,0.0517674,-2.54045,-1.60938,0.0415041,-1.58652,0.0738455
0.0933209,2.50761,0.0517673,-2.54045,-1.60938,0.0415041,-1.58652,0.0738455
0.0939593,2.50761,0.0517673,-2.54045,-1.60938,0.0415041,-1.58652,0.0738455
0.0959996,2.50761,0.0517673,-2.54045,-1.60938,0.0415041,-1.58652,0.0738455
0.0965161,2.50761,0.0517672,-2.54045,-1.60938,0.0415041,-1.58652,0.0738455
0.0978043,2.50761,0.0517672,-2.54045,-1.60938,0.0415041,-1.58652,0.0738455
0.0983342,2.50761,0.0517672,-2.54045,-1.60938,0.0415041,-1.58652,0.0738455
0.099495,2.50761,0.0517671,-2.54045,-1.60938,0.0415041,-1.58652,0.0738455
0.100735,2.50761,0.0517671,-2.54045,-1.60938,0.0415041,-1.58652,0.0738455
0.101914,2.50761,0.051767,-2.54045,-1.60938,0.0415041,-1.58652,0.0738455
0.10261,2.50761,0.051767,-2.54045,-1.60938,0.0415041,-1.58652,0.0738455
0.103759,2.50761,0.051767,-2.54045,-1.60938,0.0415041,-1.58652,0.0738455
0.104883,2.50762,0.0517669,-2.54045,-1.60938,0.041504,-1.58652,0.0738455
0.106052,2.50762,0.0517669,-2.54045,-1.60938,0.041504,-1.58652,0.0738455
0.107025,2.50762,0.0517669,-2.54045,-1.60938,0.041504,-1.58652,0.0738455
0.107806,2.50762,0.0517668,-2.54045,-1.60938,0.041504,-1.58652,0.0738455
0.109223,2.50762,0.0517668,-2.54045,-1.60938,0.041504,-1.58652,0.0738455
0.109596,2.50762,0.0517668,-2.54045,-1.60938,0.041504,-1.58652,0.0738455
0.110839,2.50762,0.0517667,-2.54045,-1.60938,0.041504,-1.58652,0.0738455
0.111673,2.50762,0.0517667,-2.54045,-1.60938,0.041504,-1.58652,0.0738455
0.112679,2.50762,0.0517667,-2.54045,-1.60938,0.041504,-1.58652,0.0738455
0.113843,2.50762,0.0517666,-2.54045,-1.60938,0.041504,-1.58652,0.0738455
0.11497,2.50762,0.0517666,-2.54045,-1.60938,0.041504,-1.58652,0.0738455
0.116144,2.50762,0.0517666,-2.54045,-1.60938,0.041504,-1.58652,0.0738455
0.11731,2.50762,0.0517665,-2.54045,-1.60938,0.041504,-1.58652,0.0738455
0.117956,2.50762,0.0517665,-2.54045,-1.60938,0.041504,-1.58652,0.0738455
0.119077,2.50762,0.0517664,-2.54045,-1.60938,0.041504,-1.58652,0.0738455
0.120945,2.50762,0.0517664,-2.54045,-1.60938,0.041504,-1.58652,0.0738455
0.12276,2.50762,0.0517663,-2.54045,-1.60938,0.041504,-1.58652,0.0738455
0.123609,2.50762,0.0517663,-2.54045,-1.60938,0.041504,-1.58652,0.0738455
0.124923,2.50762,0.0517663,-2.54045,-1.60938,0.041504,-1.58652,0.0738455
0.125265,2.50762,0.0517662,-2.54045,-1.60938,0.041504,-1.58652,0.0738455
0.126616,2.50762,0.0517662,-2.54045,-1.60938,0.041504,-1.58652,0.0738455
0.128641,2.50762,0.0517661,-2.54045,-1.60938,0.041504,-1.58652,0.0738455
0.130409,2.50762,0.0517661,-2.54045,-1.60938,0.041504,-1.58652,0.0738455
0.131784,2.50762,0.051766,-2.54045,-1.60938,0.041504,-1.58652,0.0738455
0.132572,2.50762,0.051766,-2.54045,-1.60938,0.041504,-1.58652,0.0738455
0.133665,2.50762,0.051766,-2.54045,-1.60938,0.041504,-1.58652,0.0738455
0.134832,2.50762,0.0517659,-2.54045,-1.60938,0.041504,-1.58652,0.0738455
0.135545,2.50762,0.0517659,-2.54045,-1.60938,0.041504,-1.58652,0.0738455
0.136722,2.50762,0.0517658,-2.54045,-1.60938,0.041504,-1.58652,0.0738455
0.137835,2.50762,0.0517658,-2.54045,-1.60938,0.041504,-1.58652,0.0738455
0.138688,2.50762,0.0517658,-2.54045,-1.60938,0.041504,-1.58652,0.0738455
0.139851,2.50762,0.0517657,-2.54045,-1.60938,0.041504,-1.58652,0.0738455
0.140932,2.50762,0.0517657,-2.54045,-1.60938,0.041504,-1.58652,0.0738455
0.141563,2.50762,0.0517657,-2.54045,-1.60938,0.0415039,-1.58652,0.0738455
0.142877,2.50762,0.0517656,-2.54045,-1.60938,0.0415039,-1.58652,0.0738455
0.14391,2.50762,0.0517656,-2.54045,-1.60938,0.0415039,-1.58652,0.0738455
0.144737,2.50762,0.0517656,-2.54045,-1.60938,0.0415039,-1.58652,0.0738455
0.145737,2.50762,0.0517655,-2.54045,-1.60938,0.0415039,-1.58652,0.0738455
0.146959,2.50762,0.0517655,-2.54045,-1.60938,0.0415039,-1.58652,0.0738455
0.148823,2.50762,0.0517655,-2.54045,-1.60938,0.0415039,-1.58652,0.0738455
0.151697,2.50762,0.0517654,-2.54045,-1.60938,0.0415039,-1.58652,0.0738455
0.15232,2.50762,0.0517654,-2.54045,-1.60938,0.0415039,-1.58652,0.0738455
0.15395,2.50762,0.0517654,-2.54044,-1.60938,0.0415039,-1.58652,0.0738455
0.155269,2.50762,0.0517653,-2.54044,-1.60938,0.0415039,-1.58652,0.0738455
0.157565,2.50762,0.0517653,-2.54044,-1.60938,0.0415039,-1.58652,0.0738455
0.159278,2.50762,0.0517652,-2.54044,-1.60938,0.0415039,-1.58652,0.0738455
0.160558,2.50762,0.0517652,-2.54044,-1.60938,0.0415039,-1.58652,0.0738455
0.162194,2.50762,0.0517652,-2.54044,-1.60938,0.0415039,-1.58652,0.0738455
0.163938,2.50762,0.0517651,-2.54044,-1.60938,0.0415039,-1.58652,0.0738455
0.165105,2.50762,0.0517651,-2.54044,-1.60938,0.0415039,-1.58652,0.0738455
0.166279,2.50762,0.0517651,-2.54044,-1.60938,0.0415039,-1.58652,0.0738455
0.167589,2.50762,0.051765,-2.54044,-1.60938,0.0415039,-1.58652,0.0738455
0.168185,2.50762,0.051765,-2.54044,-1.60938,0.0415039,-1.58652,0.0738455
0.168789,2.50762,0.051765,-2.54044,-1.60938,0.0415039,-1.58652,0.0738455
0.169942,2.50762,0.0517649,-2.54044,-1.60938,0.0415039,-1.58652,0.0738455
0.171085,2.50762,0.0517649,-2.54044,-1.60938,0.0415039,-1.58652,0.0738455
0.172251,2.50762,0.0517649,-2.54044,-1.60938,0.0415039,-1.58652,0.0738455
0.173986,2.50762,0.0517648,-2.54044,-1.60938,0.0415039,-1.58652,0.0738455
0.175169,2.50762,0.0517648,-2.54044,-1.60938,0.0415039,-1.58652,0.0738455
0.176334,2.50762,0.0517647,-2.54044,-1.60938,0.0415039,-1.58652,0.0738455
0.178156,2.50762,0.0517647,-2.54044,-1.60938,0.0415039,-1.58652,0.0738455
0.17834,2.50762,0.0517646,-2.54044,-1.60938,0.0415039,-1.58652,0.0738455
0.179473,2.50762,0.0517646,-2.54044,-1.60938,0.0415039,-1.58652,0.0738455
0.180099,2.50762,0.0517646,-2.54044,-1.60938,0.0415039,-1.58652,0.0738455
0.181266,2.50762,0.0517645,-2.54044,-1.60938,0.0415039,-1.58652,0.0738455
0.182459,2.50762,0.0517645,-2.54044,-1.60938,0.0415039,-1.58652,0.0738455
0.18309,2.50762,0.0517645,-2.54044,-1.60938,0.0415039,-1.58652,0.0738455
0.184222,2.50762,0.0517644,-2.54044,-1.60938,0.0415039,-1.58652,0.0738455
0.185418,2.50762,0.0517644,-2.54044,-1.60938,0.0415038,-1.58652,0.0738455
0.186648,2.50762,0.0517644,-2.54044,-1.60938,0.0415038,-1.58652,0.0738455
0.187216,2.50762,0.0517643,-2.54044,-1.60938,0.0415038,-1.58651,0.0738455
0.189093,2.50762,0.0517643,-2.54044,-1.60938,0.0415038,-1.58651,0.0738455
0.190862,2.50762,0.0517642,-2.54044,-1.60938,0.0415038,-1.58651,0.0738455
0.191611,2.50762,0.0517642,-2.54044,-1.60938,0.0415038,-1.58651,0.0738455
0.192726,2.50762,0.0517642,-2.54044,-1.60938,0.0415038,-1.58651,0.0738455
0.193799,2.50762,0.0517641,-2.54044,-1.60938,0.0415038,-1.58651,0.0738455
0.195036,2.50762,0.0517641,-2.54044,-1.60938,0.0415038,-1.58651,0.0738455
0.195963,2.50762,0.051764,-2.54044,-1.60938,0.0415038,-1.58651,0.0738455
0.196817,2.50762,0.051764,-2.54044,-1.60938,0.0415038,-1.58651,0.0738455
0.198038,2.50762,0.051764,-2.54044,-1.60938,0.0415038,-1.58651,0.0738455
0.198702,2.50762,0.0517639,-2.54044,-1.60938,0.0415038,-1.58651,0.0738455
0.199839,2.50762,0.0517639,-2.54044,-1.60938,0.0415038,-1.58651,0.0738455
0.201015,2.50762,0.0517639,-2.54044,-1.60938,0.0415038,-1.58651,0.0738455
0.201694,2.50762,0.0517638,-2.54044,-1.60938,0.0415038,-1.58651,0.0738455
0.202912,2.50762,0.0517638,-2.54044,-1.60938,0.0415038,-1.58651,0.0738455
0.204052,2.50762,0.0517638,-2.54044,-1.60938,0.0415038,-1.58651,0.0738455
0.205191,2.50762,0.0517637,-2.54044,-1.60938,0.0415038,-1.58651,0.0738455
0.205865,2.50762,0.0517637,-2.54044,-1.60938,0.0415038,-1.58651,0.0738455
0.20703,2.50762,0.0517637,-2.54044,-1.60938,0.0415038,-1.58651,0.0738455
0.207715,2.50762,0.0517636,-2.54044,-1.60938,0.0415038,-1.58651,0.0738455
0.209254,2.50762,0.0517636,-2.54044,-1.60938,0.0415038,-1.58651,0.0738455
0.21005,2.50762,0.0517636,-2.54044,-1.60938,0.0415038,-1.58651,0.0738455
0.211722,2.50762,0.0517635,-2.54044,-1.60938,0.0415038,-1.58651,0.0738455
0.212077,2.50762,0.0517635,-2.54044,-1.60938,0.0415038,-1.58651,0.0738455
0.213242,2.50762,0.0517634,-2.54044,-1.60938,0.0415038,-1.58651,0.0738455
0.213836,2.50762,0.0517634,-2.54044,-1.60938,0.0415038,-1.58651,0.0738455
0.215116,2.50762,0.0517634,-2.54044,-1.60938,0.0415038,-1.58651,0.0738455
0.216176,2.50762,0.0517633,-2.54044,-1.60938,0.0415038,-1.58651,0.0738455
0.217327,2.50762,0.0517633,-2.54044,-1.60938,0.0415038,-1.58651,0.0738455
0.217922,2.50762,0.0517633,-2.54044,-1.60938,0.0415038,-1.58651,0.0738455
0.219079,2.50762,0.0517632,-2.54044,-1.60938,0.0415038,-1.58651,0.0738455
0.220937,2.50762,0.0517632,-2.54044,-1.60938,0.0415038,-1.58651,0.0738455
0.221163,2.50762,0.0517632,-2.54044,-1.60938,0.0415038,-1.58651,0.0738455
0.222317,2.50762,0.0517631,-2.54044,-1.60938,0.0415037,-1.58651,0.0738455
0.223521,2.50762,0.0517631,-2.54044,-1.60938,0.0415037,-1.58651,0.0738455
0.224222,2.50762,0.0517631,-2.54044,-1.60938,0.0415037,-1.58651,0.0738455
0.225303,2.50762,0.051763,-2.54044,-1.60938,0.0415037,-1.58651,0.0738455
0.226553,2.50762,0.051763,-2.54044,-1.60938,0.0415037,-1.58651,0.0738455
0.22711,2.50762,0.051763,-2.54044,-1.60938,0.0415037,-1.58651,0.0738455
0.228293,2.50762,0.0517629,-2.54044,-1.60938,0.0415037,-1.58651,0.0738455
0.229487,2.50762,0.0517629,-2.54044,-1.60938,0.0415037,-1.58651,0.0738455
0.230122,2.50762,0.0517628,-2.54044,-1.60938,0.0415037,-1.58651,0.0738455
0.231277,2.50762,0.0517628,-2.54044,-1.60938,0.0415037,-1.58651,0.0738455
0.232439,2.50762,0.0517628,-2.54044,-1.60938,0.0415037,-1.58651,0.0738455
0.233659,2.50762,0.0517627,-2.54044,-1.60938,0.0415037,-1.58651,0.0738455
0.23426,2.50762,0.0517627,-2.54044,-1.60938,0.0415037,-1.58651,0.0738455
0.235452,2.50762,0.0517627,-2.54044,-1.60938,0.0415037,-1.58651,0.0738455
0.236613,2.50762,0.0517626,-2.54044,-1.60938,0.0415037,-1.58651,0.0738455
0.237219,2.50762,0.0517626,-2.54044,-1.60938,0.0415037,-1.58651,0.0738455
0.238372,2.50762,0.0517626,-2.54044,-1.60938,0.0415037,-1.58651,0.0738455
0.239543,2.50762,0.0517625,-2.54044,-1.60938,0.0415037,-1.58651,0.0738455
0.240715,2.50762,0.0517625,-2.54044,-1.60938,0.0415037,-1.58651,0.0738455
0.241359,2.50762,0.0517625,-2.54044,-1.60938,0.0415037,-1.58651,0.0738455
0.242548,2.50762,0.0517624,-2.54044,-1.60938,0.0415037,-1.58651,0.0738455
0.243748,2.50762,0.0517624,-2.54044,-1.60938,0.0415037,-1.58651,0.0738455
0.244433,2.50762,0.0517624,-2.54044,-1.60938,0.0415037,-1.58651,0.0738455
0.245648,2.50762,0.0517623,-2.54044,-1.60938,0.0415037,-1.58651,0.0738455
0.246647,2.50762,0.0517623,-2.54044,-1.60938,0.0415037,-1.58651,0.0738455
0.247982,2.50762,0.0517622,-2.54044,-1.60938,0.0415037,-1.58651,0.0738455
0.248695,2.50762,0.0517622,-2.54044,-1.60938,0.0415037,-1.58651,0.0738455
0.249807,2.50762,0.0517622,-2.54044,-1.60938,0.0415037,-1.58651,0.0738455
0.250453,2.50762,0.0517621,-2.54044,-1.60938,0.0415037,-1.58651,0.0738455
0.251628,2.50762,0.0517621,-2.54044,-1.60938,0.0415037,-1.58651,0.0738455
0.252815,2.50762,0.0517621,-2.54044,-1.60939,0.0415037,-1.58651,0.0738455
0.254023,2.50762,0.051762,-2.54044,-1.60939,0.0415037,-1.58651,0.0738455
0.254653,2.50762,0.051762,-2.54044,-1.60939,0.0415037,-1.58651,0.0738455
0.255844,2.50762,0.051762,-2.54044,-1.60939,0.0415037,-1.58651,0.0738455
0.257005,2.50762,0.0517619,-2.54044,-1.60939,0.0415037,-1.58651,0.0738455
0.257647,2.50762,0.0517619,-2.54044,-1.60939,0.0415037,-1.58651,0.0738455
0.258778,2.50762,0.0517619,-2.54044,-1.60939,0.0415036,-1.58651,0.0738455
0.260018,2.50762,0.0517618,-2.54044,-1.60939,0.0415036,-1.58651,0.0738455
0.261229,2.50762,0.0517618,-2.54044,-1.60939,0.0415036,-1.58651,0.0738455
0.261911,2.50762,0.0517618,-2.54044,-1.60939,0.0415036,-1.58651,0.0738455
0.2631,2.50762,0.0517617,-2.54044,-1.60939,0.0415036,-1.58651,0.0738455
0.263767,2.50762,0.0517617,-2.54044,-1.60939,0.0415036,-1.58651,0.0738455
0.264884,2.50762,0.0517616,-2.54044,-1.60939,0.0415036,-1.58651,0.0738455
0.266037,2.50762,0.0517616,-2.54044,-1.60939,0.0415036,-1.58651,0.0738455
0.266663,2.50762,0.0517616,-2.54044,-1.60939,0.0415036,-1.58651,0.0738455
0.267838,2.50762,0.0517615,-2.54044,-1.60939,0.0415036,-1.58651,0.0738455
0.269045,2.50762,0.0517615,-2.54044,-1.60939,0.0415036,-1.58651,0.0738455
0.269764,2.50762,0.0517615,-2.54044,-1.60939,0.0415036,-1.58651,0.0738455
0.270973,2.50762,0.0517614,-2.54044,-1.60939,0.0415036,-1.58651,0.0738455
0.272139,2.50762,0.0517614,-2.54044,-1.60939,0.0415036,-1.58651,0.0738455
0.272737,2.50762,0.0517614,-2.54044,-1.60939,0.0415036,-1.58651,0.0738455
0.273948,2.50762,0.0517613,-2.54044,-1.60939,0.0415036,-1.58651,0.0738455
0.27514,2.50762,0.0517613,-2.54044,-1.60939,0.0415036,-1.58651,0.0738455
0.276452,2.50762,0.0517613,-2.54044,-1.60939,0.0415036,-1.58651,0.0738455
0.276923,2.50762,0.0517612,-2.54044,-1.60939,0.0415036,-1.58651,0.0738455
0.2788,2.50762,0.0517612,-2.54044,-1.60939,0.0415036,-1.58651,0.0738455
0.279458,2.50762,0.0517612,-2.54044,-1.60939,0.0415036,-1.58651,0.0738455
0.280715,2.50762,0.0517611,-2.54044,-1.60939,0.0415036,-1.58651,0.0738455
0.281277,2.50762,0.0517611,-2.54044,-1.60939,0.0415036,-1.58651,0.0738455
0.282575,2.50762,0.051761,-2.54044,-1.60939,0.0415036,-1.58651,0.0738455
0.283683,2.50762,0.051761,-2.54044,-1.60939,0.0415036,-1.58651,0.0738455
0.284288,2.50762,0.051761,-2.54044,-1.60939,0.0415036,-1.58651,0.0738455
0.285465,2.50762,0.0517609,-2.54044,-1.60939,0.0415036,-1.58651,0.0738455
0.286636,2.50762,0.0517609,-2.54044,-1.60939,0.0415036,-1.58651,0.0738455
0.28728,2.50762,0.0517609,-2.54044,-1.60939,0.0415036,-1.58651,0.0738455
0.288966,2.50762,0.0517608,-2.54044,-1.60939,0.0415036,-1.58651,0.0738455
0.290268,2.50762,0.0517608,-2.54044,-1.60939,0.0415036,-1.58651,0.0738455
0.29029,2.50762,0.0517608,-2.54044,-1.60939,0.0415036,-1.58651,0.0738455
0.291501,2.50762,0.0517607,-2.54044,-1.60939,0.0415036,-1.58651,0.0738455
0.292761,2.50762,0.0517607,-2.54044,-1.60939,0.0415036,-1.58651,0.0738455
0.2934,2.50762,0.0517607,-2.54044,-1.60939,0.0415036,-1.58651,0.0738455
0.294687,2.50762,0.0517606,-2.54044,-1.60939,0.0415036,-1.58651,0.0738455
0.295341,2.50762,0.0517606,-2.54044,-1.60939,0.0415035,-1.58651,0.0738455
0.29714,2.50762,0.0517606,-2.54044,-1.60939,0.0415035,-1.58651,0.0738455
0.29862,2.50762,0.0517605,-2.54044,-1.60939,0.0415035,-1.58651,0.0738455
0.299941,2.50762,0.0517604,-2.54044,-1.60939,0.0415035,-1.58651,0.0738455
0.300573,2.50762,0.0517604,-2.54044,-1.60939,0.0415035,-1.58651,0.0738455
0.301831,2.50762,0.0517604,-2.54044,-1.60939,0.0415035,-1.58651,0.0738455
0.302443,2.50762,0.0517603,-2.54044,-1.60939,0.0415035,-1.58651,0.0738455
0.30352,2.50762,0.0517603,-2.54044,-1.60939,0.0415035,-1.58651,0.0738455
0.305442,2.50762,0.0517603,-2.54044,-1.60939,0.0415035,-1.58651,0.0738455
0.306854,2.50762,0.0517602,-2.54044,-1.60939,0.0415035,-1.58651,0.0738455
0.307645,2.50762,0.0517602,-2.54044,-1.60939,0.0415035,-1.58651,0.0738455
0.308847,2.50762,0.0517601,-2.54044,-1.60939,0.0415035,-1.58651,0.0738455
0.309457,2.50762,0.0517601,-2.54044,-1.60939,0.0415035,-1.58651,0.0738455
0.311219,2.50762,0.0517601,-2.54044,-1.60939,0.0415035,-1.58651,0.0738455
0.311829,2.50762,0.05176,-2.54044,-1.60939,0.0415035,-1.58651,0.0738455
0.31301,2.50762,0.05176,-2.54044,-1.60939,0.0415035,-1.58651,0.0738455
0.314185,2.50762,0.05176,-2.54044,-1.60939,0.0415035,-1.58651,0.0738455
0.314864,2.50762,0.0517599,-2.54044,-1.60939,0.0415035,-1.58651,0.0738455
0.316066,2.50762,0.0517599,-2.54044,-1.60939,0.0415035,-1.58651,0.0738455
0.316784,2.50762,0.0517598,-2.54044,-1.60939,0.0415035,-1.58651,0.0738455
0.317796,2.50762,0.0517598,-2.54044,-1.60939,0.0415035,-1.58651,0.0738455
0.319518,2.50762,0.0517598,-2.54044,-1.60939,0.0415035,-1.58651,0.0738455
0.320721,2.50762,0.0517597,-2.54044,-1.60939,0.0415035,-1.58651,0.0738455
0.320809,2.50762,0.0517597,-2.54044,-1.60939,0.0415035,-1.58651,0.0738455
0.321941,2.50762,0.0517597,-2.54044,-1.60939,0.0415035,-1.58651,0.0738455
0.323187,2.50762,0.0517596,-2.54044,-1.60939,0.0415035,-1.58651,0.0738455
0.32394,2.50762,0.0517596,-2.54044,-1.60939,0.0415035,-1.58651,0.0738455
0.32507,2.50762,0.0517596,-2.54044,-1.60939,0.0415035,-1.58651,0.0738455
0.326324,2.50762,0.0517595,-2.54044,-1.60939,0.0415035,-1.58651,0.0738455
0.326937,2.50762,0.0517595,-2.54044,-1.60939,0.0415035,-1.58651,0.0738455
0.328104,2.50762,0.0517595,-2.54044,-1.60939,0.0415035,-1.58651,0.0738455
0.329298,2.50762,0.0517594,-2.54044,-1.60939,0.0415035,-1.58651,0.0738455
0.329914,2.50762,0.0517594,-2.54044,-1.60939,0.0415035,-1.58651,0.0738455
0.331066,2.50762,0.0517594,-2.54044,-1.60939,0.0415035,-1.58651,0.0738455
0.332247,2.50762,0.0517593,-2.54044,-1.60939,0.0415034,-1.58651,0.0738455
0.332918,2.50762,0.0517593,-2.54044,-1.60939,0.0415034,-1.58651,0.0738455
0.334076,2.50762,0.0517592,-2.54044,-1.60939,0.0415034,-1.58651,0.0738455
0.335337,2.50762,0.0517592,-2.54044,-1.60939,0.0415034,-1.58651,0.0738455
0.336489,2.50762,0.0517592,-2.54044,-1.60939,0.0415034,-1.58651,0.0738455
0.337089,2.50762,0.0517591,-2.54044,-1.60939,0.0415034,-1.58651,0.0738455
0.339129,2.50762,0.0517591,-2.54044,-1.60939,0.0415034,-1.58651,0.0738455
0.339218,2.50762,0.0517591,-2.54044,-1.60939,0.0415034,-1.58651,0.0738455
0.341096,2.50762,0.051759,-2.54044,-1.60939,0.0415034,-1.58651,0.0738455
0.341672,2.50762,0.051759,-2.54044,-1.60939,0.0415034,-1.58651,0.0738455
0.342314,2.50762,0.051759,-2.54044,-1.60939,0.0415034,-1.58651,0.0738455
0.343487,2.50762,0.0517589,-2.54044,-1.60939,0.0415034,-1.58651,0.0738455
0.344617,2.50762,0.0517589,-2.54044,-1.60939,0.0415034,-1.58651,0.0738455
0.345237,2.50762,0.0517589,-2.54044,-1.60939,0.0415034,-1.58651,0.0738455
0.346441,2.50762,0.0517588,-2.54044,-1.60939,0.0415034,-1.58651,0.0738455
0.347643,2.50762,0.0517588,-2.54044,-1.60939,0.0415034,-1.58651,0.0738455
0.348734,2.50762,0.0517588,-2.54044,-1.60939,0.0415034,-1.58651,0.0738455
0.349339,2.50762,0.0517587,-2.54044,-1.60939,0.0415034,-1.58651,0.0738455
0.350552,2.50762,0.0517587,-2.54044,-1.60939,0.0415034,-1.58651,0.0738455
0.351704,2.50762,0.0517586,-2.54044,-1.60939,0.0415034,-1.58651,0.0738455
0.352345,2.50762,0.0517586,-2.54044,-1.60939,0.0415034,-1.58651,0.0738455
0.353582,2.50762,0.0517586,-2.54044,-1.60939,0.0415034,-1.58651,0.0738455
0.354721,2.50762,0.0517585,-2.54044,-1.60939,0.0415034,-1.58651,0.0738455
0.35536,2.50762,0.0517585,-2.54044,-1.60939,0.0415034,-1.58651,0.0738455
0.356496,2.50762,0.0517585,-2.54044,-1.60939,0.0415034,-1.58651,0.0738455
0.357724,2.50762,0.0517584,-2.54044,-1.60939,0.0415034,-1.58651,0.0738455
0.358442,2.50762,0.0517584,-2.54044,-1.60939,0.0415034,-1.58651,0.0738455
0.359782,2.50762,0.0517584,-2.54044,-1.60939,0.0415034,-1.58651,0.0738455
0.360698,2.50762,0.0517583,-2.54044,-1.60939,0.0415034,-1.58651,0.0738455
0.361314,2.50762,0.0517583,-2.54044,-1.60939,0.0415034,-1.58651,0.0738455
0.362889,2.50762,0.0517583,-2.54044,-1.60939,0.0415034,-1.58651,0.0738455
0.363641,2.50762,0.0517582,-2.54044,-1.60939,0.0415034,-1.58651,0.0738455
0.364257,2.50762,0.0517582,-2.54044,-1.60939,0.0415034,-1.58651,0.0738455
0.365726,2.50762,0.0517582,-2.54044,-1.60939,0.0415034,-1.58651,0.0738455
0.366623,2.50762,0.0517581,-2.54044,-1.60939,0.0415034,-1.58651,0.0738455
0.367913,2.50762,0.0517581,-2.54044,-1.60939,0.0415034,-1.5865,0.0738455
0.368917,2.50762,0.051758,-2.54044,-1.60939,0.0415033,-1.5865,0.0738455
0.369617,2.50762,0.051758,-2.54044,-1.60939,0.0415033,-1.5865,0.0738455
0.370841,2.50762,0.051758,-2.54044,-1.60939,0.0415033,-1.5865,0.0738455
0.372709,2.50762,0.0517579,-2.54044,-1.60939,0.0415033,-1.5865,0.0738455
0.374456,2.50762,0.0517579,-2.54044,-1.60939,0.0415033,-1.5865,0.0738455
0.375051,2.50762,0.0517578,-2.54044,-1.60939,0.0415033,-1.5865,0.0738455
0.376777,2.50762,0.0517578,-2.54044,-1.60939,0.0415033,-1.5865,0.0738455
0.379122,2.50762,0.0517578,-2.54044,-1.60939,0.0415033,-1.5865,0.0738455
0.380869,2.50762,0.0517577,-2.54044,-1.60939,0.0415033,-1.5865,0.0738455
0.382646,2.50762,0.0517577,-2.54044,-1.60939,0.0415033,-1.5865,0.0738455
0.383835,2.50762,0.0517577,-2.54044,-1.60939,0.0415033,-1.5865,0.0738455
0.384989,2.50762,0.0517576,-2.54044,-1.60939,0.0415033,-1.5865,0.0738455
0.386227,2.50762,0.0517576,-2.54044,-1.60939,0.0415033,-1.5865,0.0738455
0.387505,2.50762,0.0517576,-2.54044,-1.60939,0.0415033,-1.5865,0.0738455
0.389065,2.50762,0.0517575,-2.54044,-1.60939,0.0415033,-1.5865,0.0738455
0.391401,2.50762,0.0517575,-2.54044,-1.60939,0.0415033,-1.5865,0.0738455
0.391975,2.50762,0.0517574,-2.54044,-1.60939,0.0415033,-1.5865,0.0738455
0.392771,2.50762,0.0517574,-2.54044,-1.60939,0.0415033,-1.5865,0.0738455
0.39377,2.50762,0.0517574,-2.54044,-1.60939,0.0415033,-1.5865,0.0738455
0.394957,2.50762,0.0517573,-2.54044,-1.60939,0.0415033,-1.5865,0.0738455
0.395593,2.50762,0.0517573,-2.54044,-1.60939,0.0415033,-1.5865,0.0738455
0.396798,2.50762,0.0517573,-2.54044,-1.60939,0.0415033,-1.5865,0.0738455
0.397931,2.50762,0.0517572,-2.54044,-1.60939,0.0415033,-1.5865,0.0738455
0.399091,2.50762,0.0517572,-2.54044,-1.60939,0.0415033,-1.5865,0.0738455
0.399756,2.50762,0.0517572,-2.54044,-1.60939,0.0415033,-1.5865,0.0738455
0.400886,2.50762,0.0517571,-2.54044,-1.60939,0.0415033,-1.5865,0.0738455
0.402077,2.50762,0.0517571,-2.54044,-1.60939,0.0415033,-1.5865,0.0738455
0.402735,2.50762,0.0517571,-2.54044,-1.60939,0.0415033,-1.5865,0.0738455
0.404565,2.50762,0.051757,-2.54044,-1.60939,0.0415033,-1.5865,0.0738455
0.405215,2.50762,0.051757,-2.54044,-1.60939,0.0415033,-1.5865,0.0738455
0.40581,2.50762,0.051757,-2.54044,-1.60939,0.0415033,-1.5865,0.0738455
0.40701,2.50762,0.0517569,-2.54044,-1.60939,0.0415033,-1.5865,0.0738455
0.407755,2.50762,0.0517569,-2.54044,-1.60939,0.0415033,-1.5865,0.0738455
0.409412,2.50762,0.0517568,-2.54044,-1.60939,0.0415033,-1.5865,0.0738455
0.409946,2.50762,0.0517568,-2.54044,-1.60939,0.0415033,-1.5865,0.0738455
0.411101,2.50762,0.0517568,-2.54044,-1.60939,0.0415033,-1.5865,0.0738455
0.412253,2.50762,0.0517567,-2.54044,-1.60939,0.0415032,-1.5865,0.0738455
0.413246,2.50762,0.0517567,-2.54044,-1.60939,0.0415032,-1.5865,0.0738455
0.413776,2.50762,0.0517567,-2.54044,-1.60939,0.0415032,-1.5865,0.0738455
0.414954,2.50762,0.0517566,-2.54044,-1.60939,0.0415032,-1.5865,0.0738456
0.416091,2.50762,0.0517566,-2.54044,-1.60939,0.0415032,-1.5865,0.0738456
0.417871,2.50762,0.0517566,-2.54044,-1.60939,0.0415032,-1.5865,0.0738456
0.419069,2.50762,0.0517565,-2.54044,-1.60939,0.0415032,-1.5865,0.0738456
0.420279,2.50762,0.0517565,-2.54044,-1.60939,0.0415032,-1.5865,0.0738456
0.420898,2.50762,0.0517564,-2.54044,-1.60939,0.0415032,-1.5865,0.0738456
0.422083,2.50762,0.0517564,-2.54044,-1.60939,0.0415032,-1.5865,0.0738456
0.423933,2.50762,0.0517564,-2.54044,-1.60939,0.0415032,-1.5865,0.0738456
0.42411,2.50762,0.0517563,-2.54044,-1.60939,0.0415032,-1.5865,0.0738456
0.425178,2.50762,0.0517563,-2.54044,-1.60939,0.0415032,-1.5865,0.0738456
0.426384,2.50762,0.0517563,-2.54044,-1.60939,0.0415032,-1.5865,0.0738456
0.42705,2.50762,0.0517562,-2.54044,-1.60939,0.0415032,-1.5865,0.0738456
0.428089,2.50762,0.0517562,-2.54044,-1.60939,0.0415032,-1.5865,0.0738456
0.42928,2.50762,0.0517561,-2.54044,-1.60939,0.0415032,-1.5865,0.0738456
0.430417,2.50762,0.0517561,-2.54044,-1.60939,0.0415032,-1.5865,0.0738456
0.43104,2.50762,0.0517561,-2.54044,-1.60939,0.0415032,-1.5865,0.0738456
0.432161,2.50762,0.051756,-2.54044,-1.60939,0.0415032,-1.5865,0.0738456
0.433324,2.50762,0.051756,-2.54044,-1.60939,0.0415032,-1.5865,0.0738456
0.433929,2.50762,0.051756,-2.54044,-1.60939,0.0415032,-1.5865,0.0738456
0.435098,2.50762,0.0517559,-2.54044,-1.60939,0.0415032,-1.5865,0.0738456
0.436249,2.50762,0.0517559,-2.54044,-1.60939,0.0415032,-1.5865,0.0738456
0.437448,2.50762,0.0517559,-2.54044,-1.60939,0.0415032,-1.5865,0.0738456
0.438082,2.50762,0.0517558,-2.54044,-1.60939,0.0415032,-1.5865,0.0738456
0.439256,2.50762,0.0517558,-2.54044,-1.60939,0.0415032,-1.5865,0.0738456
0.440456,2.50762,0.0517558,-2.54044,-1.60939,0.0415032,-1.5865,0.0738456
0.441053,2.50762,0.0517557,-2.54044,-1.60939,0.0415032,-1.5865,0.0738456
0.442253,2.50762,0.0517557,-2.54044,-1.60939,0.0415032,-1.5865,0.0738456
0.44344,2.50762,0.0517557,-2.54044,-1.60939,0.0415032,-1.5865,0.0738456
0.444005,2.50762,0.0517556,-2.54044,-1.60939,0.0415032,-1.5865,0.0738456
0.445174,2.50762,0.0517556,-2.54044,-1.60939,0.0415032,-1.5865,0.0738456
0.446357,2.50762,0.0517555,-2.54044,-1.60939,0.0415032,-1.5865,0.0738456
0.447536,2.50762,0.0517555,-2.54044,-1.60939,0.0415032,-1.5865,0.0738456
0.448139,2.50762,0.0517555,-2.54044,-1.60939,0.0415031,-1.5865,0.0738456
0.449293,2.50762,0.0517554,-2.54044,-1.60939,0.0415031,-1.5865,0.0738456
0.450552,2.50762,0.0517554,-2.54044,-1.60939,0.0415031,-1.5865,0.0738456
0.451112,2.50762,0.0517554,-2.54044,-1.60939,0.0415031,-1.5865,0.0738456
0.452252,2.50762,0.0517553,-2.54044,-1.60939,0.0415031,-1.5865,0.0738456
0.453473,2.50762,0.0517553,-2.54044,-1.60939,0.0415031,-1.5865,0.0738456
0.454101,2.50762,0.0517553,-2.54044,-1.60939,0.0415031,-1.5865,0.0738456
0.45524,2.50762,0.0517552,-2.54044,-1.60939,0.0415031,-1.5865,0.0738456
0.456457,2.50762,0.0517552,-2.54044,-1.60939,0.0415031,-1.5865,0.0738456
0.457102,2.50762,0.0517552,-2.54044,-1.60939,0.0415031,-1.5865,0.0738456
0.458252,2.50762,0.0517551,-2.54044,-1.60939,0.0415031,-1.5865,0.0738456
0.459494,2.50762,0.0517551,-2.54044,-1.60939,0.0415031,-1.5865,0.0738456
0.460675,2.50762,0.0517551,-2.54044,-1.60939,0.0415031,-1.5865,0.0738456
0.461632,2.50762,0.051755,-2.54044,-1.60939,0.0415031,-1.5865,0.0738456
0.462618,2.50762,0.051755,-2.54044,-1.60939,0.0415031,-1.5865,0.0738456
0.463717,2.50762,0.0517549,-2.54044,-1.60939,0.0415031,-1.5865,0.0738456
0.464338,2.50762,0.0517549,-2.54044,-1.60939,0.0415031,-1.5865,0.0738456
0.465523,2.50762,0.0517549,-2.54044,-1.60939,0.0415031,-1.5865,0.0738456
0.467072,2.50762,0.0517548,-2.54044,-1.60939,0.0415031,-1.5865,0.0738456
0.467296,2.50762,0.0517548,-2.54044,-1.60939,0.0415031,-1.5865,0.0738456
0.468495,2.50762,0.0517548,-2.54044,-1.60939,0.0415031,-1.5865,0.0738456
0.469694,2.50762,0.0517547,-2.54044,-1.60939,0.0415031,-1.5865,0.0738456
0.470325,2.50762,0.0517547,-2.54044,-1.60939,0.0415031,-1.5865,0.0738456
0.471583,2.50762,0.0517547,-2.54044,-1.60939,0.0415031,-1.5865,0.0738456
0.473326,2.50762,0.0517546,-2.54044,-1.60939,0.0415031,-1.5865,0.0738456
0.474579,2.50762,0.0517546,-2.54044,-1.60939,0.0415031,-1.5865,0.0738456
0.475719,2.50762,0.0517545,-2.54044,-1.60939,0.0415031,-1.5865,0.0738456
0.47634,2.50762,0.0517545,-2.54044,-1.60939,0.0415031,-1.5865,0.0738456
0.477658,2.50762,0.0517545,-2.54044,-1.60939,0.0415031,-1.5865,0.0738456
0.479402,2.50762,0.0517544,-2.54044,-1.60939,0.0415031,-1.5865,0.0738456
0.479727,2.50762,0.0517544,-2.54044,-1.60939,0.0415031,-1.5865,0.0738456
0.480292,2.50762,0.0517543,-2.54044,-1.60939,0.0415031,-1.5865,0.0738456
0.481487,2.50762,0.0517543,-2.54044,-1.60939,0.0415031,-1.5865,0.0738456
0.482688,2.50762,0.0517543,-2.54044,-1.60939,0.0415031,-1.5865,0.0738456
0.483435,2.50762,0.0517542,-2.54044,-1.60939,0.0415031,-1.5865,0.0738456
0.484529,2.50762,0.0517542,-2.54044,-1.60939,0.041503,-1.5865,0.0738456
0.485685,2.50762,0.0517542,-2.54044,-1.60939,0.041503,-1.5865,0.0738456
0.487536,2.50762,0.0517541,-2.54044,-1.60939,0.041503,-1.5865,0.0738456
0.487722,2.50762,0.0517541,-2.54044,-1.60939,0.041503,-1.5865,0.0738456
0.489544,2.50762,0.0517541,-2.54044,-1.60939,0.041503,-1.5865,0.0738456
0.49002,2.50762,0.051754,-2.54044,-1.60939,0.041503,-1.5865,0.0738456
0.490653,2.50762,0.051754,-2.54044,-1.60939,0.041503,-1.5865,0.0738456
0.492444,2.50762,0.051754,-2.54044,-1.60939,0.041503,-1.5865,0.0738456
0.492788,2.50762,0.0517539,-2.54044,-1.60939,0.041503,-1.5865,0.0738456
0.493954,2.50762,0.0517539,-2.54044,-1.60939,0.041503,-1.5865,0.0738456
0.495381,2.50762,0.0517539,-2.54044,-1.60939,0.041503,-1.5865,0.0738456
0.496497,2.50762,0.0517538,-2.54044,-1.60939,0.041503,-1.5865,0.0738456
0.498396,2.50762,0.0517538,-2.54044,-1.6094,0.041503,-1.5865,0.0738456
0.499542,2.50762,0.0517537,-2.54044,-1.6094,0.041503,-1.5865,0.0738456
0.500263,2.50762,0.0517537,-2.54044,-1.6094,0.041503,-1.5865,0.0738456
0.501375,2.50762,0.051744,-2.54044,-1.60939,0.0415112,-1.5865,0.0738362
0.503013,2.50763,0.0517251,-2.54043,-1.60938,0.0415276,-1.5865,0.0738179
0.503361,2.50764,0.051697,-2.54041,-1.60936,0.0415523,-1.5865,0.0737913
0.504485,2.50766,0.0516599,-2.54039,-1.60933,0.0415848,-1.5865,0.0737572
0.50577,2.50769,0.0516145,-2.54037,-1.6093,0.0416249,-1.5865,0.0737162
0.507542,2.50772,0.051561,-2.54034,-1.60926,0.0416723,-1.5865,0.073669
0.508095,2.50775,0.0514995,-2.54031,-1.60922,0.0417268,-1.5865,0.073616
0.508864,2.50779,0.0514303,-2.54027,-1.60918,0.0417883,-1.5865,0.0735575
0.510654,2.50788,0.0512692,-2.54019,-1.60907,0.0419317,-1.5865,0.0734259
0.512373,2.50793,0.051178,-2.54014,-1.60901,0.042013,-1.5865,0.0733536
0.512968,2.50799,0.0510801,-2.54009,-1.60895,0.0421004,-1.5865,0.0732774
0.514335,2.50805,0.0509756,-2.54004,-1.60888,0.0421937,-1.5865,0.0731978
0.515899,2.50811,0.0508646,-2.53998,-1.60881,0.0422929,-1.5865,0.0731148
0.51648,2.50818,0.0507475,-2.53992,-1.60873,0.0423975,-1.5865,0.0730289
0.517054,2.50825,0.0506244,-2.53986,-1.60865,0.0425076,-1.5865,0.0729402
0.518864,2.50833,0.0504955,-2.5398,-1.60857,0.0426228,-1.5865,0.072849
0.518935,2.50841,0.0503611,-2.53973,-1.60849,0.042743,-1.5865,0.0727555
0.520071,2.50849,0.0502212,-2.53966,-1.6084,0.042868,-1.5865,0.0726599
0.52204,2.50858,0.0500762,-2.53959,-1.60831,0.0429977,-1.5865,0.0725624
0.522476,2.50867,0.0499262,-2.53952,-1.60822,0.0431318,-1.5865,0.0724631
0.523247,2.50877,0.0497713,-2.53944,-1.60813,0.0432703,-1.5865,0.0723621
0.52441,2.50886,0.0496114,-2.53936,-1.60803,0.0434131,-1.5865,0.0722596
0.524946,2.50896,0.0494469,-2.53928,-1.60793,0.04356,-1.5865,0.0721556
0.526228,2.50907,0.0492779,-2.5392,-1.60783,0.0437107,-1.5865,0.0720504
0.527491,2.50918,0.0491046,-2.53912,-1.60773,0.0438651,-1.5865,0.0719439
0.52857,2.50929,0.0489271,-2.53903,-1.60762,0.0440231,-1.58651,0.0718363
0.529159,2.5094,0.0487455,-2.53894,-1.60752,0.0441846,-1.58651,0.0717276
0.530345,2.50952,0.0485599,-2.53885,-1.60741,0.0443496,-1.58651,0.0716179
0.531555,2.50964,0.0483704,-2.53876,-1.6073,0.0445177,-1.58651,0.0715074
0.532141,2.50976,0.0481772,-2.53867,-1.60719,0.044689,-1.58652,0.0713961
0.533359,2.50989,0.0479802,-2.53858,-1.60708,0.0448634,-1.58652,0.0712839
0.534568,2.51002,0.0477798,-2.53848,-1.60696,0.0450407,-1.58652,0.0711711
0.535174,2.51015,0.0475759,-2.53838,-1.60685,0.0452208,-1.58653,0.0710576
0.536395,2.51028,0.0473686,-2.53828,-1.60673,0.0454037,-1.58653,0.0709434
0.537823,2.51042,0.047158,-2.53818,-1.60661,0.0455891,-1.58653,0.0708287
0.538389,2.51056,0.0469442,-2.53808,-1.60649,0.0457771,-1.58654,0.0707133
0.539637,2.5107,0.0467273,-2.53797,-1.60637,0.0459676,-1.58654,0.0705974
0.541356,2.51085,0.0465074,-2.53787,-1.60625,0.0461604,-1.58655,0.0704811
0.54181,2.51099,0.0462846,-2.53776,-1.60613,0.0463555,-1.58655,0.0703642
0.542632,2.51114,0.0460589,-2.53765,-1.60601,0.0465529,-1.58656,0.070247
0.543962,2.5113,0.0458304,-2.53754,-1.60589,0.0467524,-1.58656,0.0701294
0.544633,2.51145,0.0455991,-2.53743,-1.60576,0.0469539,-1.58657,0.0700114
0.547496,2.51161,0.0453652,-2.53732,-1.60564,0.0471574,-1.58657,0.069893
0.547854,2.51193,0.0448898,-2.53709,-1.60538,0.04757,-1.58658,0.0696551
0.548582,2.51209,0.0446483,-2.53697,-1.60526,0.0477791,-1.58659,0.0695356
0.549565,2.51225,0.0444044,-2.53686,-1.60513,0.0479898,-1.5866,0.0694157
0.550735,2.51242,0.0441581,-2.53674,-1.605,0.0482022,-1.5866,0.0692956
0.551418,2.51259,0.0439097,-2.53662,-1.60487,0.0484161,-1.58661,0.0691752
0.552561,2.51276,0.0436591,-2.5365,-1.60474,0.0486315,-1.58662,0.0690546
0.554311,2.51293,0.0434064,-2.53637,-1.60461,0.0488483,-1.58662,0.0689337
0.554864,2.51311,0.0431518,-2.53625,-1.60448,0.0490663,-1.58663,0.0688125
0.555506,2.51329,0.0428952,-2.53613,-1.60435,0.0492857,-1.58664,0.068691
0.556641,2.51346,0.0426366,-2.536,-1.60421,0.0495063,-1.58664,0.0685693
0.557795,2.51365,0.0423762,-2.53588,-1.60408,0.0497281,-1.58665,0.0684473
0.559722,2.51383,0.0421139,-2.53575,-1.60395,0.049951,-1.58666,0.0683251
0.559845,2.51401,0.0418499,-2.53562,-1.60381,0.050175,-1.58667,0.0682026
0.561032,2.5142,0.0415841,-2.53549,-1.60368,0.0504,-1.58667,0.0680799
0.561823,2.51438,0.0413165,-2.53536,-1.60355,0.050626,-1.58668,0.0679569
0.562885,2.51457,0.0410473,-2.53523,-1.60341,0.050853,-1.58669,0.0678336
0.564037,2.51476,0.0407766,-2.53509,-1.60328,0.0510809,-1.5867,0.0677102
0.565199,2.51495,0.0405043,-2.53496,-1.60314,0.0513096,-1.5867,0.0675865
0.565829,2.51515,0.0402305,-2.53483,-1.603,0.0515392,-1.58671,0.0674626
0.567081,2.51534,0.0399552,-2.53469,-1.60287,0.0517695,-1.58672,0.0673385
0.568146,2.51554,0.0396785,-2.53456,-1.60273,0.0520006,-1.58673,0.0672142
0.569009,2.51574,0.0394005,-2.53442,-1.60259,0.0522324,-1.58673,0.0670897
0.570018,2.51594,0.039121,-2.53428,-1.60246,0.0524648,-1.58674,0.0669649
0.5709,2.51614,0.0388403,-2.53414,-1.60232,0.0526978,-1.58675,0.0668399
0.571941,2.51634,0.0385583,-2.534,-1.60218,0.0529314,-1.58676,0.0667146
0.57447,2.51675,0.0379907,-2.53372,-1.6019,0.0534002,-1.58677,0.0664633
0.575668,2.51695,0.037705,-2.53358,-1.60177,0.0536354,-1.58678,0.0663373
0.577084,2.51716,0.0374182,-2.53344,-1.60163,0.053871,-1.58679,0.066211
0.577962,2.51737,0.0371302,-2.53329,-1.60149,0.0541071,-1.58679,0.0660845
0.579093,2.51758,0.0368412,-2.53315,-1.60135,0.0543436,-1.5868,0.0659577
0.580342,2.51779,0.0365511,-2.533,-1.60121,0.0545804,-1.58681,0.0658307
0.582061,2.518,0.0362599,-2.53286,-1.60107,0.0548175,-1.58682,0.0657033
0.583223,2.51821,0.0359678,-2.53271,-1.60093,0.055055,-1.58682,0.0655758
0.584435,2.51842,0.0356747,-2.53256,-1.60079,0.0552927,-1.58683,0.065448
0.586079,2.51864,0.0353807,-2.53241,-1.60065,0.0555307,-1.58684,0.0653198
0.588975,2.51886,0.0350857,-2.53227,-1.60051,0.055769,-1.58684,0.0651915
0.589079,2.51907,0.0347897,-2.53212,-1.60037,0.0560074,-1.58685,0.0650627
0.59035,2.51929,0.0344928,-2.53197,-1.60022,0.056246,-1.58686,0.0649336
0.591855,2.51951,0.0341949,-2.53181,-1.60008,0.0564847,-1.58686,0.0648041
0.592489,2.51973,0.0338962,-2.53166,-1.59994,0.0567236,-1.58687,0.0646743
0.59378,2.51995,0.0335966,-2.53151,-1.5998,0.0569627,-1.58688,0.0645441
0.594946,2.52018,0.0332961,-2.53136,-1.59966,0.0572018,-1.58688,0.0644137
0.595596,2.5204,0.0329949,-2.5312,-1.59951,0.057441,-1.58689,0.0642829
0.596789,2.52062,0.0326928,-2.53105,-1.59937,0.0576804,-1.5869,0.0641518
0.598046,2.52085,0.0323899,-2.53089,-1.59923,0.0579197,-1.5869,0.0640205
0.599072,2.52108,0.0320862,-2.53074,-1.59909,0.0581592,-1.58691,0.0638888
0.599697,2.52131,0.0317818,-2.53058,-1.59894,0.0583987,-1.58691,0.0637568
0.600966,2.52153,0.0314766,-2.53043,-1.5988,0.0586382,-1.58692,0.0636245
0.602745,2.52176,0.0311707,-2.53027,-1.59865,0.0588777,-1.58693,0.0634919
0.603343,2.52199,0.0308642,-2.53011,-1.59851,0.0591172,-1.58693,0.063359
0.604754,2.52223,0.030557,-2.52995,-1.59837,0.0593567,-1.58694,0.0632259
0.605574,2.52246,0.0302492,-2.52979,-1.59822,0.0595961,-1.58694,0.0630924
0.60677,2.52269,0.0299406,-2.52963,-1.59808,0.0598356,-1.58695,0.0629587
0.607312,2.52292,0.0296315,-2.52947,-1.59793,0.0600749,-1.58695,0.0628246
0.608653,2.52316,0.0293217,-2.52931,-1.59779,0.0603142,-1.58696,0.0626902
0.609203,2.5234,0.0290114,-2.52915,-1.59764,0.0605534,-1.58696,0.0625556
0.612505,2.52363,0.0287005,-2.52899,-1.5975,0.0607925,-1.58697,0.0624206
0.61305,2.52411,0.028077,-2.52866,-1.59721,0.0612704,-1.58698,0.0621499
0.613954,2.52435,0.0277644,-2.5285,-1.59706,0.0615092,-1.58698,0.0620141
0.61516,2.52459,0.0274513,-2.52833,-1.59692,0.0617479,-1.58699,0.061878
0.616208,2.52483,0.0271377,-2.52817,-1.59677,0.0619865,-1.58699,0.0617417
0.617959,2.52507,0.0268236,-2.528,-1.59662,0.0622249,-1.58699,0.0616051
0.618004,2.52531,0.026509,-2.52784,-1.59648,0.0624631,-1.587,0.0614682
0.619156,2.52555,0.0261939,-2.52767,-1.59633,0.0627012,-1.587,0.061331
0.620303,2.5258,0.0258784,-2.5275,-1.59618,0.0629391,-1.58701,0.0611935
0.621506,2.52604,0.0255625,-2.52734,-1.59604,0.0631769,-1.58701,0.0610558
0.622137,2.52628,0.0252463,-2.52717,-1.59589,0.0634144,-1.58701,0.0609178
0.623851,2.52653,0.0249295,-2.527,-1.59574,0.0636518,-1.58702,0.0607796
0.625152,2.52678,0.0246124,-2.52683,-1.5956,0.063889,-1.58702,0.0606411
0.625245,2.52702,0.0242949,-2.52666,-1.59545,0.064126,-1.58702,0.0605024
0.626979,2.52727,0.023977,-2.52649,-1.5953,0.0643628,-1.58703,0.0603633
0.628236,2.52752,0.0236587,-2.52632,-1.59515,0.0645993,-1.58703,0.060224
0.628294,2.52777,0.0233401,-2.52615,-1.595,0.0648357,-1.58703,0.0600845
0.629453,2.52802,0.0230211,-2.52598,-1.59486,0.0650718,-1.58703,0.0599446
0.630374,2.52827,0.0227017,-2.52581,-1.59471,0.0653077,-1.58704,0.0598045
0.631257,2.52852,0.022382,-2.52564,-1.59456,0.0655434,-1.58704,0.0596641
0.632501,2.52877,0.022062,-2.52547,-1.59441,0.0657788,-1.58704,0.0595234
0.633678,2.52902,0.0217417,-2.52529,-1.59426,0.0660139,-1.58704,0.0593825
0.634949,2.52927,0.0214211,-2.52512,-1.59411,0.0662489,-1.58705,0.0592413
0.635492,2.52953,0.0211001,-2.52495,-1.59396,0.0664835,-1.58705,0.0590999
0.636686,2.52978,0.0207789,-2.52478,-1.59382,0.0667179,-1.58705,0.0589582
0.637816,2.53004,0.0204574,-2.5246,-1.59367,0.066952,-1.58705,0.0588162
0.638761,2.53029,0.0201356,-2.52443,-1.59352,0.0671859,-1.58705,0.0586739
0.639708,2.53055,0.0198135,-2.52425,-1.59337,0.0674195,-1.58706,0.0585314
0.640777,2.5308,0.0194912,-2.52408,-1.59322,0.0676528,-1.58706,0.0583886
0.642837,2.53132,0.0188457,-2.52373,-1.59292,0.0681186,-1.58706,0.0581022
0.643984,2.53157,0.0185226,-2.52355,-1.59277,0.068351,-1.58706,0.0579586
0.645193,2.53183,0.0181993,-2.52337,-1.59262,0.0685832,-1.58706,0.0578148
0.645906,2.53209,0.0178757,-2.5232,-1.59247,0.0688151,-1.58706,0.0576707
0.647004,2.53235,0.0175519,-2.52302,-1.59232,0.0690467,-1.58706,0.0575264
0.648195,2.53261,0.0172279,-2.52284,-1.59216,0.069278,-1.58706,0.0573818
0.649494,2.53287,0.0169037,-2.52267,-1.59201,0.069509,-1.58706,0.0572369
0.650722,2.53313,0.0165792,-2.52249,-1.59186,0.0697397,-1.58706,0.0570918
0.6508,2.53339,0.0162546,-2.52231,-1.59171,0.0699701,-1.58706,0.0569464
0.652652,2.53365,0.0159298,-2.52213,-1.59156,0.0702001,-1.58706,0.0568008
0.65384,2.53391,0.0156047,-2.52195,-1.59141,0.0704299,-1.58706,0.0566549
0.654563,2.53418,0.0152795,-2.52177,-1.59126,0.0706593,-1.58706,0.0565086
0.655988,2.53444,0.0149541,-2.52159,-1.5911,0.0708884,-1.58706,0.0563621
0.656679,2.5347,0.0146285,-2.52141,-1.59095,0.0711171,-1.58706,0.0562153
0.657695,2.53497,0.0143027,-2.52123,-1.5908,0.0713455,-1.58706,0.0560682
0.658488,2.53523,0.0139767,-2.52105,-1.59065,0.0715736,-1.58706,0.0559209
0.659506,2.5355,0.0136505,-2.52087,-1.59049,0.0718014,-1.58706,0.0557733
0.660683,2.53576,0.0133242,-2.52069,-1.59034,0.0720288,-1.58706,0.0556254
0.66166,2.53603,0.0129977,-2.52051,-1.59019,0.0722558,-1.58706,0.0554773
0.662626,2.53629,0.0126711,-2.52033,-1.59004,0.0724826,-1.58706,0.0553289
0.663728,2.53656,0.0123443,-2.52015,-1.58988,0.0727089,-1.58706,0.0551802
0.664941,2.53683,0.0120173,-2.51997,-1.58973,0.072935,-1.58706,0.0550312
0.665771,2.5371,0.0116902,-2.51978,-1.58958,0.0731606,-1.58706,0.054882
0.666898,2.53736,0.0113629,-2.5196,-1.58942,0.073386,-1.58706,0.0547325
0.66801,2.53763,0.0110356,-2.51942,-1.58927,0.073611,-1.58706,0.0545828
0.669802,2.5379,0.0107081,-2.51923,-1.58912,0.0738356,-1.58706,0.0544328
0.671063,2.53817,0.0103804,-2.51905,-1.58896,0.0740599,-1.58706,0.0542825
0.672212,2.53844,0.0100526,-2.51887,-1.58881,0.0742838,-1.58706,0.0541319
0.673968,2.53871,0.00972464,-2.51868,-1.58866,0.0745073,-1.58706,0.053981
0.675687,2.53898,0.0093965,-2.5185,-1.5885,0.0747304,-1.58706,0.0538297
0.676868,2.53925,0.00906819,-2.51831,-1.58835,0.0749532,-1.58706,0.0536781
0.678088,2.53952,0.00873971,-2.51813,-1.58819,0.0751755,-1.58706,0.0535262
0.679231,2.53979,0.00841106,-2.51795,-1.58804,0.0753975,-1.58706,0.0533739
0.679995,2.54007,0.00808225,-2.51776,-1.58788,0.075619,-1.58706,0.0532212
0.680479,2.54034,0.00775328,-2.51757,-1.58773,0.0758401,-1.58706,0.0530682
0.68181,2.54061,0.00742416,-2.51739,-1.58757,0.0760609,-1.58706,0.052915
0.682972,2.54089,0.00709488,-2.5172,-1.58742,0.0762813,-1.58706,0.0527613
0.684827,2.54116,0.00676546,-2.51702,-1.58726,0.0765012,-1.58706,0.0526074
0.684927,2.54143,0.00643588,-2.51683,-1.58711,0.0767208,-1.58706,0.0524532
0.686105,2.54171,0.00610616,-2.51664,-1.58695,0.07694,-1.58706,0.0522986
0.687279,2.54198,0.0057763,-2.51646,-1.5868,0.0771587,-1.58706,0.0521437
0.687932,2.54226,0.00544631,-2.51627,-1.58664,0.0773771,-1.58706,0.0519884
0.689091,2.54254,0.00511619,-2.51608,-1.58648,0.077595,-1.58706,0.0518329
0.690269,2.54281,0.00478597,-2.51589,-1.58633,0.0778126,-1.58706,0.0516771
0.690929,2.54309,0.00445564,-2.51571,-1.58617,0.0780298,-1.58706,0.0515211
0.692082,2.54337,0.00412521,-2.51552,-1.58601,0.0782466,-1.58706,0.0513647
0.693279,2.54364,0.00379467,-2.51533,-1.58586,0.078463,-1.58706,0.0512081
0.693965,2.54392,0.00346403,-2.51514,-1.5857,0.078679,-1.58706,0.0510512
0.695025,2.5442,0.00313331,-2.51495,-1.58554,0.0788947,-1.58706,0.0508941
0.696204,2.54448,0.00280249,-2.51476,-1.58538,0.07911,-1.58706,0.0507367
0.6974,2.54476,0.0024716,-2.51457,-1.58523,0.0793249,-1.58706,0.0505791
0.697979,2.54504,0.00214064,-2.51438,-1.58507,0.0795394,-1.58706,0.0504213
0.699745,2.54531,0.0018096,-2.5142,-1.58491,0.0797536,-1.58706,0.0502632
0.700297,2.54559,0.00147849,-2.51401,-1.58475,0.0799673,-1.58706,0.0501049
0.700939,2.54587,0.0011473,-2.51382,-1.5846,0.0801807,-1.58706,0.0499464
0.702067,2.54616,0.000816043,-2.51363,-1.58444,0.0803938,-1.58706,0.0497876
0.703227,2.54644,0.000484707,-2.51344,-1.58428,0.0806064,-1.58706,0.0496285
0.705034,2.54672,0.000153296,-2.51324,-1.58412,0.0808186,-1.58706,0.0494692
0.705085,2.547,-0.000178191,-2.51305,-1.58396,0.0810304,-1.58706,0.0493095
0.70647,2.54728,-0.000509749,-2.51286,-1.5838,0.0812419,-1.58706,0.0491496
0.706966,2.54756,-0.000841381,-2.51267,-1.58364,0.081453,-1.58706,0.0489895
0.708165,2.54785,-0.00117309,-2.51248,-1.58348,0.0816636,-1.58706,0.0488291
0.709317,2.54813,-0.00150486,-2.51229,-1.58333,0.0818739,-1.58706,0.0486683
0.710531,2.54841,-0.00183669,-2.5121,-1.58317,0.0820837,-1.58706,0.0485074
0.711183,2.5487,-0.00216856,-2.51191,-1.58301,0.0822932,-1.58706,0.0483462
0.712308,2.54898,-0.00250051,-2.51172,-1.58285,0.0825023,-1.58706,0.0481847
0.713475,2.54926,-0.0028325,-2.51152,-1.58269,0.0827111,-1.58706,0.048023
0.714155,2.54955,-0.00316454,-2.51133,-1.58253,0.0829194,-1.58706,0.0478611
0.715273,2.54983,-0.00349665,-2.51114,-1.58237,0.0831273,-1.58706,0.0476988
0.716559,2.55012,-0.00382881,-2.51095,-1.58221,0.0833349,-1.58706,0.0475364
0.717115,2.5504,-0.00416101,-2.51075,-1.58205,0.083542,-1.58706,0.0473736
0.718331,2.55069,-0.00449329,-2.51056,-1.58188,0.0837488,-1.58706,0.0472106
0.719482,2.55098,-0.00482561,-2.51037,-1.58172,0.0839551,-1.58706,0.0470474
0.720111,2.55126,-0.00515798,-2.51018,-1.58156,0.0841611,-1.58706,0.0468838
0.721319,2.55155,-0.00549043,-2.50998,-1.5814,0.0843667,-1.58706,0.04672
0.722502,2.55183,-0.00582289,-2.50979,-1.58124,0.0845718,-1.58706,0.046556
0.72311,2.55212,-0.00615538,-2.5096,-1.58108,0.0847767,-1.58706,0.0463918
0.724289,2.55241,-0.00648791,-2.5094,-1.58092,0.0849811,-1.58706,0.0462273
0.725499,2.5527,-0.00682047,-2.50921,-1.58075,0.0851851,-1.58706,0.0460625
0.726137,2.55299,-0.00715306,-2.50902,-1.58059,0.0853888,-1.58706,0.0458976
0.72741,2.55327,-0.0074857,-2.50882,-1.58043,0.085592,-1.58706,0.0457324
0.728486,2.55356,-0.00781836,-2.50863,-1.58027,0.0857949,-1.58706,0.0455669
0.72914,2.55385,-0.00815105,-2.50843,-1.58011,0.0859974,-1.58706,0.0454012
0.73036,2.55414,-0.00848379,-2.50824,-1.57994,0.0861995,-1.58706,0.0452353
0.73161,2.55443,-0.00881656,-2.50804,-1.57978,0.0864012,-1.58706,0.0450691
0.732212,2.55472,-0.00914936,-2.50785,-1.57962,0.0866025,-1.58706,0.0449026
0.733457,2.55501,-0.00948221,-2.50766,-1.57945,0.0868034,-1.58706,0.0447359
0.734667,2.5553,-0.0098151,-2.50746,-1.57929,0.0870039,-1.58706,0.0445689
0.735197,2.55559,-0.010148,-2.50727,-1.57913,0.0872041,-1.58706,0.0444017
0.736372,2.55588,-0.0104809,-2.50707,-1.57896,0.0874038,-1.58706,0.0442342
0.738038,2.55617,-0.0108139,-2.50688,-1.5788,0.0876032,-1.58706,0.0440666
0.738416,2.55646,-0.0111468,-2.50668,-1.57864,0.0878022,-1.58706,0.0438987
0.739441,2.55675,-0.0114798,-2.50649,-1.57847,0.0880008,-1.58706,0.0437306
0.74055,2.55705,-0.0118128,-2.50629,-1.57831,0.088199,-1.58706,0.0435622
0.741238,2.55734,-0.0121458,-2.50609,-1.57814,0.0883969,-1.58706,0.0433936
0.742289,2.55763,-0.0124789,-2.5059,-1.57798,0.0885943,-1.58706,0.0432248
0.743484,2.55792,-0.0128119,-2.5057,-1.57782,0.0887914,-1.58706,0.0430557
0.74468,2.55822,-0.013145,-2.50551,-1.57765,0.088988,-1.58706,0.0428864
0.745267,2.55851,-0.0134781,-2.50531,-1.57749,0.0891843,-1.58706,0.0427168
0.746439,2.5588,-0.0138113,-2.50512,-1.57732,0.0893802,-1.58706,0.0425469
0.747647,2.5591,-0.0141444,-2.50492,-1.57716,0.0895757,-1.58706,0.0423769
0.748342,2.55939,-0.0144776,-2.50472,-1.57699,0.0897708,-1.58706,0.0422065
0.749438,2.55968,-0.0148108,-2.50453,-1.57682,0.0899655,-1.58706,0.042036
0.750629,2.55998,-0.015144,-2.50433,-1.57666,0.0901598,-1.58706,0.0418652
0.751248,2.56027,-0.0154772,-2.50413,-1.57649,0.0903538,-1.58706,0.0416943
0.752439,2.56057,-0.0158104,-2.50394,-1.57633,0.0905473,-1.58706,0.041523
0.753615,2.56086,-0.0161436,-2.50374,-1.57616,0.0907405,-1.58706,0.0413516
0.754207,2.56116,-0.0164769,-2.50354,-1.57599,0.0909333,-1.58706,0.0411799
0.755402,2.56145,-0.0168101,-2.50335,-1.57583,0.0911257,-1.58706,0.0410079
0.756549,2.56175,-0.0171434,-2.50315,-1.57566,0.0913178,-1.58706,0.0408358
0.757697,2.56204,-0.0174767,-2.50295,-1.57549,0.0915094,-1.58706,0.0406634
0.758371,2.56234,-0.01781,-2.50276,-1.57533,0.0917007,-1.58706,0.0404907
0.759523,2.56264,-0.0181433,-2.50256,-1.57516,0.0918915,-1.58706,0.0403178
0.760717,2.56293,-0.0184766,-2.50236,-1.57499,0.092082,-1.58706,0.0401447
0.761358,2.56323,-0.0188099,-2.50217,-1.57483,0.0922721,-1.58706,0.0399713
0.762519,2.56353,-0.0191432,-2.50197,-1.57466,0.0924618,-1.58706,0.0397978
0.763805,2.56382,-0.0194766,-2.50177,-1.57449,0.0926511,-1.58706,0.039624
0.764296,2.56412,-0.0198099,-2.50157,-1.57432,0.09284,-1.58706,0.03945
0.765475,2.56442,-0.0201432,-2.50138,-1.57415,0.0930286,-1.58706,0.0392757
0.766637,2.56472,-0.0204765,-2.50118,-1.57399,0.0932168,-1.58706,0.0391013
0.767286,2.56502,-0.0208098,-2.50098,-1.57382,0.0934046,-1.58706,0.0389266
0.769059,2.56531,-0.0211432,-2.50078,-1.57365,0.093592,-1.58706,0.0387517
0.769678,2.56561,-0.0214765,-2.50058,-1.57348,0.093779,-1.58706,0.0385765
0.770367,2.56591,-0.0218098,-2.50039,-1.57331,0.0939657,-1.58706,0.0384011
0.771468,2.56621,-0.0221432,-2.50019,-1.57314,0.0941519,-1.58706,0.0382255
0.772701,2.56651,-0.0224765,-2.49999,-1.57297,0.0943378,-1.58706,0.0380496
0.77461,2.56681,-0.0228098,-2.49979,-1.5728,0.0945233,-1.58706,0.0378736
0.77464,2.56711,-0.0231431,-2.49959,-1.57264,0.0947085,-1.58706,0.0376974
0.776432,2.56741,-0.0234764,-2.4994,-1.57247,0.0948932,-1.58706,0.0375209
0.777532,2.56801,-0.0241431,-2.499,-1.57213,0.0952615,-1.58706,0.0371672
0.778714,2.56831,-0.0244764,-2.4988,-1.57196,0.0954451,-1.58706,0.0369901
0.779862,2.56861,-0.0248097,-2.4986,-1.57179,0.0956284,-1.58706,0.0368126
0.781047,2.56891,-0.025143,-2.4984,-1.57162,0.0958112,-1.58706,0.036635
0.781759,2.56921,-0.0254764,-2.49821,-1.57145,0.0959936,-1.58706,0.0364571
0.782829,2.56952,-0.0258097,-2.49801,-1.57127,0.0961757,-1.58706,0.036279
0.784907,2.56982,-0.026143,-2.49781,-1.5711,0.0963573,-1.58706,0.0361006
0.786128,2.57042,-0.0268097,-2.49741,-1.57076,0.0967195,-1.58706,0.0357432
0.786791,2.57072,-0.0271431,-2.49721,-1.57059,0.0969,-1.58706,0.0355641
0.788025,2.57103,-0.0274764,-2.49701,-1.57042,0.0970801,-1.58706,0.0353848
0.788679,2.57133,-0.0278098,-2.49681,-1.57025,0.0972599,-1.58706,0.0352053
0.789837,2.57163,-0.0281431,-2.49662,-1.57008,0.0974392,-1.58706,0.0350256
0.790988,2.57193,-0.0284764,-2.49642,-1.5699,0.0976182,-1.58706,0.0348457
0.791609,2.57224,-0.0288097,-2.49622,-1.56973,0.0977969,-1.58706,0.0346656
0.792783,2.57254,-0.029143,-2.49602,-1.56956,0.0979751,-1.58706,0.0344853
0.793953,2.57284,-0.0294762,-2.49582,-1.56939,0.098153,-1.58706,0.0343047
0.795326,2.57315,-0.0298095,-2.49562,-1.56922,0.0983305,-1.58706,0.034124
0.7962,2.57345,-0.0301428,-2.49542,-1.56904,0.0985076,-1.58706,0.033943
0.796916,2.57376,-0.030476,-2.49522,-1.56887,0.0986843,-1.58706,0.0337617
0.798086,2.57406,-0.0308093,-2.49502,-1.5687,0.0988607,-1.58706,0.0335803
0.798836,2.57437,-0.0311425,-2.49482,-1.56852,0.0990367,-1.58706,0.0333987
0.799886,2.57467,-0.0314756,-2.49463,-1.56835,0.0992123,-1.58706,0.0332169
0.801043,2.57498,-0.0318088,-2.49443,-1.56818,0.0993876,-1.58706,0.0330349
0.801734,2.57528,-0.0321419,-2.49423,-1.568,0.0995625,-1.58706,0.0328527
0.802889,2.57559,-0.032475,-2.49403,-1.56783,0.099737,-1.58706,0.0326703
0.804029,2.57589,-0.0328081,-2.49383,-1.56766,0.0999111,-1.58706,0.0324877
0.804757,2.5762,-0.0331412,-2.49363,-1.56748,0.100085,-1.58706,0.0323049
0.805837,2.5765,-0.0334743,-2.49343,-1.56731,0.100258,-1.58706,0.0321218
0.807,2.57681,-0.0338073,-2.49323,-1.56713,0.100431,-1.58706,0.0319386
0.807747,2.57711,-0.0341403,-2.49303,-1.56696,0.100604,-1.58706,0.0317551
0.80889,2.57742,-0.0344734,-2.49283,-1.56679,0.100776,-1.58706,0.0315714
0.810053,2.57773,-0.0348064,-2.49263,-1.56661,0.100948,-1.58706,0.0313875
0.810727,2.57803,-0.0351393,-2.49243,-1.56644,0.10112,-1.58706,0.0312034
0.811921,2.57834,-0.0354723,-2.49223,-1.56626,0.101291,-1.58706,0.0310191
0.813076,2.57865,-0.0358052,-2.49203,-1.56609,0.101462,-1.58706,0.0308346
0.813719,2.57896,-0.0361381,-2.49183,-1.56591,0.101632,-1.58706,0.0306499
0.814988,2.57926,-0.0364709,-2.49163,-1.56574,0.101802,-1.58706,0.030465
0.816376,2.57957,-0.0368038,-2.49143,-1.56556,0.101972,-1.58706,0.0302799
0.816943,2.57988,-0.0371366,-2.49124,-1.56539,0.102141,-1.58706,0.0300946
0.818101,2.58019,-0.0374694,-2.49104,-1.56521,0.10231,-1.58706,0.029909
0.818721,2.58049,-0.0378021,-2.49084,-1.56503,0.102478,-1.58706,0.0297233
0.819877,2.5808,-0.0381349,-2.49064,-1.56486,0.102647,-1.58706,0.0295374
0.821046,2.58111,-0.0384676,-2.49044,-1.56468,0.102814,-1.58706,0.0293512
0.821727,2.58142,-0.0388003,-2.49024,-1.56451,0.102982,-1.58706,0.0291648
0.822835,2.58173,-0.039133,-2.49004,-1.56433,0.103149,-1.58706,0.0289783
0.824005,2.58204,-0.0394656,-2.48984,-1.56415,0.103316,-1.58706,0.0287915
0.824676,2.58235,-0.0397982,-2.48964,-1.56398,0.103482,-1.58706,0.0286046
0.82587,2.58266,-0.0401308,-2.48944,-1.5638,0.103648,-1.58706,0.0284175
0.82701,2.58296,-0.0404633,-2.48924,-1.56362,0.103814,-1.58706,0.0282302
0.827661,2.58327,-0.0407958,-2.48904,-1.56344,0.103979,-1.58706,0.0280427
0.828841,2.58358,-0.0411283,-2.48884,-1.56327,0.104144,-1.58706,0.0278549
0.829972,2.58389,-0.0414608,-2.48864,-1.56309,0.104308,-1.58706,0.027667
0.831136,2.5842,-0.0417932,-2.48844,-1.56291,0.104472,-1.58706,0.0274789
0.831766,2.58451,-0.0421256,-2.48824,-1.56274,0.104636,-1.58706,0.0272905
0.832941,2.58482,-0.0424579,-2.48804,-1.56256,0.1048,-1.58706,0.027102
0.834124,2.58513,-0.0427903,-2.48784,-1.56238,0.104963,-1.58706,0.0269132
0.834769,2.58544,-0.0431226,-2.48764,-1.5622,0.105125,-1.58706,0.0267243
0.835909,2.58576,-0.0434549,-2.48744,-1.56202,0.105288,-1.58706,0.0265352
0.837094,2.58607,-0.0437871,-2.48724,-1.56185,0.10545,-1.58706,0.0263459
0.83887,2.58638,-0.0441193,-2.48705,-1.56167,0.105611,-1.58706,0.0261564
0.839951,2.587,-0.0447835,-2.48665,-1.56131,0.105933,-1.58706,0.0257768
0.841078,2.58731,-0.0451156,-2.48645,-1.56113,0.106094,-1.58706,0.0255867
0.841678,2.58762,-0.0454477,-2.48625,-1.56095,0.106254,-1.58706,0.0253964
0.842879,2.58794,-0.0457797,-2.48605,-1.56077,0.106414,-1.58706,0.0252059
0.844027,2.58825,-0.0461117,-2.48585,-1.56059,0.106573,-1.58706,0.0250152
0.844829,2.58856,-0.0464437,-2.48565,-1.56041,0.106732,-1.58706,0.0248243
0.846424,2.58887,-0.0467757,-2.48545,-1.56023,0.106891,-1.58706,0.0246331
0.847038,2.58918,-0.0471076,-2.48525,-1.56006,0.107049,-1.58706,0.0244418
0.847667,2.5895,-0.0474394,-2.48505,-1.55988,0.107207,-1.58706,0.0242503
0.8488,2.58981,-0.0477713,-2.48485,-1.5597,0.107365,-1.58706,0.0240586
0.84997,2.59012,-0.0481031,-2.48465,-1.55952,0.107522,-1.58706,0.0238668
0.851143,2.59043,-0.0484348,-2.48445,-1.55934,0.107679,-1.58706,0.0236747
0.851794,2.59075,-0.0487665,-2.48425,-1.55916,0.107835,-1.58706,0.0234825
0.853008,2.59106,-0.0490982,-2.48405,-1.55898,0.107991,-1.58706,0.0232901
0.854186,2.59137,-0.0494298,-2.48386,-1.55879,0.108147,-1.58706,0.0230975
0.855406,2.59169,-0.0497614,-2.48366,-1.55861,0.108303,-1.58706,0.0229047
0.856,2.592,-0.0500929,-2.48346,-1.55843,0.108458,-1.58706,0.0227117
0.857186,2.59232,-0.0504244,-2.48326,-1.55825,0.108612,-1.58706,0.0225185
0.85839,2.59263,-0.0507559,-2.48306,-1.55807,0.108767,-1.58706,0.022325
0.858989,2.59294,-0.0510873,-2.48286,-1.55789,0.108921,-1.58706,0.0221315
0.860235,2.59326,-0.0514187,-2.48266,-1.55771,0.109074,-1.58706,0.0219377
0.861478,2.59357,-0.05175,-2.48246,-1.55753,0.109227,-1.58706,0.0217437
0.862058,2.59389,-0.0520813,-2.48226,-1.55735,0.10938,-1.58706,0.0215496
0.863956,2.5942,-0.0524125,-2.48206,-1.55716,0.109533,-1.58706,0.0213553
0.864476,2.59452,-0.0527436,-2.48187,-1.55698,0.109685,-1.58706,0.0211608
0.866221,2.59483,-0.0530748,-2.48167,-1.5568,0.109837,-1.58706,0.0209661
0.86747,2.59546,-0.0537369,-2.48127,-1.55644,0.110139,-1.58706,0.0205761
0.868628,2.59578,-0.054068,-2.48107,-1.55626,0.11029,-1.58706,0.0203808
0.869307,2.59609,-0.054399,-2.48087,-1.55607,0.110441,-1.58706,0.0201853
0.870954,2.59641,-0.05473,-2.48067,-1.55589,0.110591,-1.58706,0.0199896
0.872283,2.59672,-0.0550609,-2.48047,-1.55571,0.11074,-1.58706,0.0197937
0.872303,2.59704,-0.0553917,-2.48028,-1.55553,0.11089,-1.58706,0.0195977
0.873527,2.59735,-0.0557225,-2.48008,-1.55534,0.111038,-1.58706,0.0194015
0.87428,2.59767,-0.0560533,-2.47988,-1.55516,0.111187,-1.58706,0.0192051
0.875304,2.59799,-0.056384,-2.47968,-1.55498,0.111335,-1.58706,0.0190085
0.877046,2.5983,-0.0567147,-2.47948,-1.55479,0.111483,-1.58706,0.0188117
0.87847,2.59894,-0.0573759,-2.47908,-1.55443,0.111778,-1.58706,0.0184176
0.880073,2.59925,-0.0577065,-2.47889,-1.55424,0.111925,-1.58706,0.0182202
0.881007,2.59957,-0.058037,-2.47869,-1.55406,0.112071,-1.58706,0.0180227
0.881341,2.59989,-0.0583674,-2.47849,-1.55388,0.112217,-1.58706,0.017825
0.882609,2.6002,-0.0586978,-2.47829,-1.55369,0.112363,-1.58706,0.0176271
0.883763,2.60052,-0.0590281,-2.47809,-1.55351,0.112508,-1.58706,0.0174291
0.884374,2.60084,-0.0593584,-2.47789,-1.55332,0.112654,-1.58706,0.0172309
0.885574,2.60116,-0.0596886,-2.4777,-1.55314,0.112798,-1.58706,0.0170325
0.887295,2.60147,-0.0600188,-2.4775,-1.55296,0.112943,-1.58706,0.016834
0.887409,2.60179,-0.0603489,-2.4773,-1.55277,0.113087,-1.58706,0.0166352
0.888848,2.60211,-0.060679,-2.4771,-1.55259,0.11323,-1.58706,0.0164363
0.890505,2.60243,-0.061009,-2.47691,-1.5524,0.113374,-1.58706,0.0162372
0.891648,2.60306,-0.061669,-2.47651,-1.55203,0.113659,-1.58706,0.0158383
0.892796,2.60338,-0.0619989,-2.47631,-1.55185,0.113801,-1.58706,0.0156386
0.893448,2.6037,-0.0623287,-2.47611,-1.55166,0.113943,-1.58706,0.0154387
0.894629,2.60402,-0.0626585,-2.47592,-1.55148,0.114085,-1.58706,0.0152387
0.895902,2.60434,-0.0629883,-2.47572,-1.55129,0.114226,-1.58706,0.0150385
0.897624,2.60465,-0.0633179,-2.47552,-1.55111,0.114367,-1.58706,0.0148382
0.898804,2.60529,-0.0639771,-2.47513,-1.55074,0.114648,-1.58706,0.0144369
0.900048,2.60561,-0.0643066,-2.47493,-1.55055,0.114787,-1.58706,0.014236
0.900609,2.60593,-0.0646361,-2.47473,-1.55036,0.114927,-1.58706,0.0140349
0.901694,2.60625,-0.0649655,-2.47453,-1.55018,0.115066,-1.58706,0.0138337
0.902878,2.60657,-0.0652949,-2.47434,-1.54999,0.115205,-1.58706,0.0136322
0.903542,2.60689,-0.0656242,-2.47414,-1.5498,0.115343,-1.58706,0.0134306
0.904759,2.60721,-0.0659534,-2.47394,-1.54962,0.115481,-1.58706,0.0132289
0.905855,2.60753,-0.0662826,-2.47375,-1.54943,0.115619,-1.58706,0.0130269
0.9064,2.60785,-0.0666117,-2.47355,-1.54925,0.115756,-1.58706,0.0128248
0.908057,2.60817,-0.0669407,-2.47335,-1.54906,0.115893,-1.58706,0.0126225
0.908782,2.60849,-0.0672697,-2.47316,-1.54887,0.11603,-1.58705,0.0124201
0.909947,2.60881,-0.0675986,-2.47296,-1.54868,0.116167,-1.58705,0.0122176
0.910814,2.60913,-0.0679274,-2.47276,-1.5485,0.116303,-1.58705,0.0120149
0.911695,2.60945,-0.0682561,-2.47257,-1.54831,0.116438,-1.58705,0.011812
0.912856,2.60977,-0.0685848,-2.47237,-1.54812,0.116574,-1.58705,0.0116089
0.913481,2.61009,-0.0689134,-2.47217,-1.54793,0.116709,-1.58705,0.0114057
0.91478,2.61041,-0.0692419,-2.47198,-1.54775,0.116844,-1.58705,0.0112024
0.915922,2.61073,-0.0695704,-2.47178,-1.54756,0.116978,-1.58705,0.0109988
0.91663,2.61105,-0.0698988,-2.47158,-1.54737,0.117112,-1.58704,0.0107952
0.917735,2.61137,-0.0702271,-2.47139,-1.54718,0.117246,-1.58704,0.0105913
0.918913,2.61169,-0.0705553,-2.47119,-1.547,0.117379,-1.58704,0.0103873
0.919691,2.61202,-0.0708835,-2.471,-1.54681,0.117512,-1.58704,0.0101832
0.920716,2.61234,-0.0712116,-2.4708,-1.54662,0.117645,-1.58704,0.00997891
0.921861,2.61266,-0.0715395,-2.4706,-1.54643,0.117778,-1.58703,0.00977447
0.922492,2.61298,-0.0718674,-2.47041,-1.54624,0.11791,-1.58703,0.00956989
0.923705,2.6133,-0.0721953,-2.47021,-1.54605,0.118041,-1.58703,0.00936514
0.924873,2.61362,-0.072523,-2.47002,-1.54586,0.118173,-1.58703,0.00916024
0.925539,2.61394,-0.0728507,-2.46982,-1.54567,0.118304,-1.58703,0.00895517
0.926753,2.61427,-0.0731783,-2.46963,-1.54549,0.118435,-1.58702,0.00874994
0.92787,2.61459,-0.0735058,-2.46943,-1.5453,0.118565,-1.58702,0.00854454
0.928751,2.61491,-0.0738332,-2.46924,-1.54511,0.118695,-1.58702,0.00833901
0.929752,2.61523,-0.0741605,-2.46904,-1.54492,0.118825,-1.58702,0.00813335
0.930924,2.61555,-0.0744878,-2.46885,-1.54473,0.118955,-1.58701,0.00792754
0.931561,2.61588,-0.0748149,-2.46865,-1.54454,0.119084,-1.58701,0.0077216
0.932753,2.6162,-0.075142,-2.46846,-1.54435,0.119213,-1.58701,0.00751551
0.933911,2.61652,-0.0754689,-2.46826,-1.54416,0.119341,-1.587,0.00730927
0.93459,2.61684,-0.0757958,-2.46807,-1.54397,0.119469,-1.587,0.00710287
0.935762,2.61717,-0.0761226,-2.46787,-1.54378,0.119597,-1.587,0.00689632
0.936879,2.61749,-0.0764493,-2.46768,-1.54359,0.119725,-1.58699,0.00668962
0.93755,2.61781,-0.076776,-2.46748,-1.5434,0.119852,-1.58699,0.00648275
0.938697,2.61813,-0.0771025,-2.46729,-1.54321,0.119979,-1.58699,0.00627573
0.939883,2.61846,-0.077429,-2.46709,-1.54302,0.120105,-1.58698,0.00606854
0.940537,2.61878,-0.0777553,-2.4669,-1.54283,0.120232,-1.58698,0.00586122
0.941689,2.6191,-0.0780816,-2.46671,-1.54264,0.120358,-1.58697,0.00565377
0.94287,2.61942,-0.0784077,-2.46651,-1.54244,0.120483,-1.58697,0.00544619
0.944047,2.61975,-0.0787338,-2.46632,-1.54225,0.120608,-1.58697,0.00523846
0.944691,2.62007,-0.0790598,-2.46612,-1.54206,0.120733,-1.58696,0.0050306
0.945844,2.62039,-0.0793856,-2.46593,-1.54187,0.120858,-1.58696,0.00482259
0.947005,2.62072,-0.0797114,-2.46574,-1.54168,0.120982,-1.58695,0.00461443
0.947714,2.62104,-0.0800371,-2.46554,-1.54149,0.121107,-1.58695,0.00440612
0.94883,2.62136,-0.0803627,-2.46535,-1.5413,0.12123,-1.58694,0.00419765
0.950037,2.62169,-0.0806882,-2.46516,-1.54111,0.121354,-1.58694,0.00398904
0.950656,2.62201,-0.0810136,-2.46496,-1.54091,0.121477,-1.58693,0.00378026
0.951847,2.62233,-0.0813389,-2.46477,-1.54072,0.121599,-1.58693,0.00357133
0.95301,2.62266,-0.0816641,-2.46458,-1.54053,0.121722,-1.58692,0.00336224
0.953672,2.62298,-0.0819893,-2.46438,-1.54034,0.121844,-1.58692,0.00315302
0.954861,2.62331,-0.0823143,-2.46419,-1.54015,0.121966,-1.58691,0.00294368
0.955996,2.62363,-0.0826392,-2.464,-1.53995,0.122087,-1.58691,0.0027342
0.956826,2.62395,-0.082964,-2.46381,-1.53976,0.122208,-1.5869,0.00252459
0.957797,2.62428,-0.0832887,-2.46361,-1.53957,0.122329,-1.58689,0.00231484
0.958984,2.6246,-0.0836133,-2.46342,-1.53938,0.12245,-1.58689,0.00210494
0.959727,2.62493,-0.0839378,-2.46323,-1.53918,0.12257,-1.58688,0.00189491
0.960896,2.62525,-0.0842622,-2.46304,-1.53899,0.12269,-1.58688,0.00168472
0.962099,2.62557,-0.0845865,-2.46284,-1.5388,0.12281,-1.58687,0.0014744
0.962743,2.6259,-0.0849107,-2.46265,-1.5386,0.122929,-1.58686,0.00126391
0.963891,2.62622,-0.0852348,-2.46246,-1.53841,0.123048,-1.58686,0.00105328
0.965101,2.62655,-0.0855588,-2.46227,-1.53822,0.123166,-1.58685,0.0008425
0.965791,2.62687,-0.0858827,-2.46208,-1.53803,0.123285,-1.58684,0.000631587
0.966888,2.6272,-0.0862065,-2.46189,-1.53783,0.123403,-1.58684,0.00042055
0.96807,2.62752,-0.0865302,-2.46169,-1.53764,0.123521,-1.58683,0.00020939
0.968694,2.62785,-0.0868538,-2.4615,-1.53744,0.123638,-1.58682,-1.9103e-06
0.969867,2.62817,-0.0871772,-2.46131,-1.53725,0.123755,-1.58682,-0.000213322
0.971016,2.6285,-0.0875005,-2.46112,-1.53706,0.123872,-1.58681,-0.00042488
0.971683,2.62882,-0.0878238,-2.46093,-1.53686,0.123989,-1.5868,-0.000636573
0.972819,2.62915,-0.0881469,-2.46074,-1.53667,0.124105,-1.5868,-0.000848407
0.97397,2.62947,-0.0884699,-2.46055,-1.53648,0.124221,-1.58679,-0.00106038
0.975165,2.6298,-0.0887928,-2.46036,-1.53628,0.124336,-1.58678,-0.0012725
0.975756,2.63012,-0.0891156,-2.46017,-1.53609,0.124451,-1.58677,-0.00148476
0.976876,2.63045,-0.0894383,-2.45998,-1.53589,0.124566,-1.58676,-0.00169717
0.978094,2.63077,-0.0897609,-2.45979,-1.5357,0.124681,-1.58676,-0.00190973
0.978677,2.6311,-0.0900834,-2.4596,-1.5355,0.124795,-1.58675,-0.00212244
0.979917,2.63142,-0.0904058,-2.45941,-1.53531,0.124909,-1.58674,-0.0023353
0.981079,2.63175,-0.0907281,-2.45922,-1.53512,0.125023,-1.58673,-0.00254828
0.981701,2.63207,-0.0910502,-2.45903,-1.53492,0.125137,-1.58672,-0.00276137
0.98289,2.6324,-0.0913723,-2.45884,-1.53473,0.12525,-1.58672,-0.00297459
0.98404,2.63272,-0.0916942,-2.45865,-1.53453,0.125362,-1.58671,-0.00318793
0.984653,2.63305,-0.092016,-2.45846,-1.53434,0.125475,-1.5867,-0.0034014
0.98582,2.63337,-0.0923377,-2.45827,-1.53414,0.125587,-1.58669,-0.00361501
0.987003,2.6337,-0.0926592,-2.45808,-1.53395,0.125699,-1.58668,-0.00382874
0.988239,2.63403,-0.0929807,-2.45789,-1.53375,0.125811,-1.58667,-0.00404261
0.988855,2.63435,-0.093302,-2.4577,-1.53356,0.125922,-1.58666,-0.00425662
0.990056,2.63468,-0.0936232,-2.45751,-1.53336,0.126033,-1.58665,-0.00447077
0.990745,2.635,-0.0939444,-2.45732,-1.53317,0.126144,-1.58664,-0.00468506
0.991836,2.63533,-0.0942654,-2.45713,-1.53297,0.126254,-1.58663,-0.00489949
0.993018,2.63566,-0.0945862,-2.45695,-1.53277,0.126364,-1.58662,-0.00511402
0.993822,2.63598,-0.094907,-2.45676,-1.53258,0.126474,-1.58661,-0.00532868
0.994824,2.63631,-0.0952276,-2.45657,-1.53238,0.126584,-1.5866,-0.00554344
0.996198,2.63663,-0.0955481,-2.45638,-1.53219,0.126693,-1.58659,-0.00575832
0.99725,2.63696,-0.0958685,-2.45619,-1.53199,0.126802,-1.58658,-0.00597333
0.99788,2.63729,-0.0961887,-2.456,-1.5318,0.12691,-1.58657,-0.00618846
0.999177,2.63761,-0.0965088,-2.45582,-1.5316,0.127019,-1.58656,-0.00640371
1.00019,2.63794,-0.0968288,-2.45563,-1.5314,0.127127,-1.58655,-0.0066191
1.00082,2.63826,-0.0971487,-2.45544,-1.53121,0.127234,-1.58654,-0.00683462
1.00198,2.63859,-0.0974684,-2.45525,-1.53101,0.127342,-1.58653,-0.00705028
1.00315,2.63892,-0.0977881,-2.45507,-1.53081,0.127449,-1.58652,-0.00726608
1.00439,2.63924,-0.0981076,-2.45488,-1.53062,0.127556,-1.58651,-0.00748203
1.00491,2.63957,-0.0984269,-2.45469,-1.53042,0.127662,-1.5865,-0.00769812
1.00608,2.6399,-0.0987462,-2.45451,-1.53023,0.127769,-1.58649,-0.00791432
1.00724,2.64022,-0.0990653,-2.45432,-1.53003,0.127875,-1.58648,-0.00813062
1.00786,2.64055,-0.0993843,-2.45413,-1.52983,0.12798,-1.58646,-0.00834705
1.00903,2.64088,-0.0997031,-2.45395,-1.52964,0.128086,-1.58645,-0.00856359
1.01019,2.6412,-0.100022,-2.45376,-1.52944,0.128191,-1.58644,-0.00878025
1.01082,2.64153,-0.10034,-2.45357,-1.52924,0.128295,-1.58643,-0.00899704
1.012,2.64186,-0.100659,-2.45339,-1.52904,0.1284,-1.58642,-0.00921395
1.01319,2.64218,-0.100977,-2.4532,-1.52885,0.128504,-1.58641,-0.00943098
1.0138,2.64251,-0.101295,-2.45301,-1.52865,0.128608,-1.58639,-0.00964815
1.015,2.64284,-0.101613,-2.45283,-1.52845,0.128712,-1.58638,-0.00986544
1.01618,2.64316,-0.101931,-2.45264,-1.52826,0.128815,-1.58637,-0.0100829
1.0174,2.64349,-0.102249,-2.45246,-1.52806,0.128918,-1.58636,-0.0103004
1.01808,2.64382,-0.102567,-2.45227,-1.52786,0.129021,-1.58634,-0.0105181
1.0192,2.64414,-0.102884,-2.45209,-1.52766,0.129123,-1.58633,-0.0107359
1.02038,2.64447,-0.103202,-2.4519,-1.52747,0.129225,-1.58632,-0.0109538
1.021,2.6448,-0.103519,-2.45172,-1.52727,0.129327,-1.58631,-0.0111718
1.02217,2.64512,-0.103836,-2.45153,-1.52707,0.129429,-1.58629,-0.0113899
1.02335,2.64545,-0.104153,-2.45135,-1.52687,0.12953,-1.58628,-0.0116081
1.02396,2.64578,-0.10447,-2.45116,-1.52668,0.129631,-1.58627,-0.0118264
1.02513,2.6461,-0.104786,-2.45098,-1.52648,0.129732,-1.58625,-0.0120449
1.02638,2.64643,-0.105103,-2.4508,-1.52628,0.129832,-1.58624,-0.0122634
1.02694,2.64676,-0.105419,-2.45061,-1.52608,0.129932,-1.58622,-0.0124821
1.02891,2.64741,-0.106052,-2.45024,-1.52569,0.130132,-1.5862,-0.0129198
1.03072,2.64774,-0.106368,-2.45006,-1.52549,0.130231,-1.58618,-0.0131389
1.03202,2.64839,-0.106999,-2.44969,-1.52509,0.130429,-1.58615,-0.0135773
1.03317,2.64872,-0.107315,-2.44951,-1.52489,0.130527,-1.58614,-0.0137967
1.03425,2.64905,-0.10763,-2.44933,-1.5247,0.130625,-1.58613,-0.0140161
1.0349,2.64938,-0.107945,-2.44914,-1.5245,0.130723,-1.58611,-0.0142357
1.03603,2.6497,-0.10826,-2.44896,-1.5243,0.130821,-1.5861,-0.0144554
1.03721,2.65003,-0.108575,-2.44878,-1.5241,0.130918,-1.58608,-0.0146752
1.03783,2.65036,-0.10889,-2.4486,-1.5239,0.131015,-1.58607,-0.0148951
1.03906,2.65069,-0.109205,-2.44841,-1.5237,0.131112,-1.58605,-0.0151151
1.04023,2.65101,-0.109519,-2.44823,-1.52351,0.131209,-1.58604,-0.0153352
1.04139,2.65134,-0.109833,-2.44805,-1.52331,0.131305,-1.58602,-0.0155554
1.04255,2.65167,-0.110148,-2.44787,-1.52311,0.131401,-1.58601,-0.0157758
1.04483,2.65199,-0.110462,-2.44769,-1.52291,0.131497,-1.58599,-0.0159962
1.04621,2.65232,-0.110776,-2.4475,-1.52271,0.131592,-1.58597,-0.0162168
1.04776,2.65265,-0.111089,-2.44732,-1.52251,0.131687,-1.58596,-0.0164375
1.04838,2.65298,-0.111403,-2.44714,-1.52231,0.131782,-1.58594,-0.0166584
1.04953,2.6533,-0.111716,-2.44696,-1.52211,0.131876,-1.58593,-0.0168795
1.05072,2.65363,-0.11203,-2.44678,-1.52192,0.131971,-1.58591,-0.0171007
1.05305,2.65396,-0.112343,-2.4466,-1.52172,0.132064,-1.58589,-0.017322
1.05423,2.65429,-0.112656,-2.44642,-1.52152,0.132158,-1.58588,-0.0175436
1.05539,2.65461,-0.112969,-2.44624,-1.52132,0.132251,-1.58586,-0.0177653
1.05599,2.65494,-0.113282,-2.44606,-1.52112,0.132344,-1.58584,-0.0179872
1.0572,2.65527,-0.113595,-2.44587,-1.52092,0.132437,-1.58583,-0.0182092
1.05833,2.6556,-0.113908,-2.44569,-1.52072,0.132529,-1.58581,-0.0184314
1.05955,2.65593,-0.11422,-2.44551,-1.52052,0.132621,-1.58579,-0.0186538
1.06013,2.65625,-0.114533,-2.44533,-1.52032,0.132713,-1.58577,-0.0188763
1.06131,2.65658,-0.114845,-2.44515,-1.52012,0.132805,-1.58576,-0.019099
1.06252,2.65691,-0.115157,-2.44497,-1.51992,0.132896,-1.58574,-0.0193218
1.06318,2.65724,-0.115469,-2.44479,-1.51972,0.132987,-1.58572,-0.0195447
1.06438,2.65757,-0.115781,-2.44462,-1.51952,0.133077,-1.5857,-0.0197678
1.06567,2.6579,-0.116093,-2.44444,-1.51932,0.133168,-1.58569,-0.0199911
1.06616,2.65822,-0.116404,-2.44426,-1.51912,0.133258,-1.58567,-0.0202145
1.06735,2.65855,-0.116716,-2.44408,-1.51892,0.133347,-1.58565,-0.020438
1.06928,2.65921,-0.117338,-2.44372,-1.51852,0.133526,-1.58561,-0.0208854
1.07099,2.65954,-0.117649,-2.44354,-1.51832,0.133615,-1.58559,-0.0211092
1.07159,2.65987,-0.11796,-2.44336,-1.51812,0.133703,-1.58557,-0.0213332
1.07226,2.66019,-0.118271,-2.44318,-1.51792,0.133792,-1.58556,-0.0215573
1.07375,2.66052,-0.118582,-2.44301,-1.51772,0.13388,-1.58554,-0.0217815
1.07466,2.66085,-0.118892,-2.44283,-1.51752,0.133967,-1.58552,-0.0220058
1.07539,2.66118,-0.119203,-2.44265,-1.51732,0.134055,-1.5855,-0.0222302
1.07712,2.66151,-0.119513,-2.44247,-1.51712,0.134142,-1.58548,-0.0224548
1.07798,2.66184,-0.119823,-2.44229,-1.51692,0.134229,-1.58546,-0.0226795
1.07866,2.66217,-0.120133,-2.44212,-1.51672,0.134316,-1.58544,-0.0229042
1.07985,2.6625,-0.120442,-2.44194,-1.51652,0.134402,-1.58542,-0.0231291
1.08046,2.66282,-0.120752,-2.44176,-1.51632,0.134488,-1.5854,-0.0233542
1.08165,2.66315,-0.121061,-2.44158,-1.51612,0.134574,-1.58538,-0.0235793
1.08286,2.66348,-0.121371,-2.44141,-1.51592,0.13466,-1.58536,-0.0238045
1.08349,2.66381,-0.12168,-2.44123,-1.51572,0.134745,-1.58534,-0.0240298
1.0856,2.66447,-0.122297,-2.44088,-1.51532,0.134915,-1.5853,-0.0244806
1.08663,2.6648,-0.122606,-2.4407,-1.51512,0.134999,-1.58528,-0.0247062
1.0878,2.66513,-0.122914,-2.44052,-1.51492,0.135083,-1.58526,-0.0249319
1.08902,2.66546,-0.123223,-2.44035,-1.51472,0.135167,-1.58524,-0.0251577
1.09023,2.66578,-0.123531,-2.44017,-1.51452,0.135251,-1.58521,-0.0253836
1.09166,2.66644,-0.124147,-2.43982,-1.51412,0.135418,-1.58517,-0.0258357
1.09339,2.66677,-0.124454,-2.43964,-1.51391,0.135501,-1.58515,-0.0260618
1.09399,2.6671,-0.124762,-2.43947,-1.51371,0.135583,-1.58513,-0.0262881
1.09512,2.66743,-0.125069,-2.43929,-1.51351,0.135666,-1.58511,-0.0265144
1.09591,2.66776,-0.125376,-2.43912,-1.51331,0.135748,-1.58509,-0.0267408
1.09759,2.66842,-0.12599,-2.43877,-1.51291,0.135912,-1.58504,-0.0271938
1.09875,2.66875,-0.126296,-2.43859,-1.51271,0.135993,-1.58502,-0.0274204
1.0999,2.66907,-0.126602,-2.43842,-1.51251,0.136074,-1.585,-0.0276472
1.10109,2.6694,-0.126909,-2.43825,-1.51231,0.136155,-1.58497,-0.027874
1.10173,2.66973,-0.127215,-2.43807,-1.51211,0.136236,-1.58495,-0.0281009
1.1029,2.67006,-0.12752,-2.4379,-1.51191,0.136316,-1.58493,-0.0283279
1.10406,2.67039,-0.127826,-2.43772,-1.51171,0.136396,-1.58491,-0.028555
1.10468,2.67072,-0.128132,-2.43755,-1.51151,0.136476,-1.58488,-0.0287822
1.10595,2.67105,-0.128437,-2.43738,-1.51131,0.136556,-1.58486,-0.0290094
1.10703,2.67138,-0.128742,-2.4372,-1.51111,0.136635,-1.58484,-0.0292368
1.10767,2.67171,-0.129047,-2.43703,-1.5109,0.136715,-1.58481,-0.0294641
1.10884,2.67204,-0.129351,-2.43686,-1.5107,0.136794,-1.58479,-0.0296916
1.11004,2.67236,-0.129656,-2.43668,-1.5105,0.136872,-1.58477,-0.0299191
1.11067,2.67269,-0.12996,-2.43651,-1.5103,0.136951,-1.58474,-0.0301467
1.11183,2.67302,-0.130264,-2.43634,-1.5101,0.137029,-1.58472,-0.0303743
1.11303,2.67335,-0.130568,-2.43617,-1.5099,0.137107,-1.58469,-0.030602
1.11419,2.67368,-0.130872,-2.43599,-1.5097,0.137185,-1.58467,-0.0308298
1.11481,2.67401,-0.131175,-2.43582,-1.5095,0.137262,-1.58465,-0.0310577
1.11598,2.67434,-0.131479,-2.43565,-1.5093,0.137339,-1.58462,-0.0312857
1.11665,2.67467,-0.131782,-2.43548,-1.5091,0.137416,-1.5846,-0.0315137
1.11784,2.67499,-0.132085,-2.43531,-1.5089,0.137493,-1.58457,-0.0317418
1.119,2.67532,-0.132388,-2.43514,-1.5087,0.13757,-1.58455,-0.0319701
1.11965,2.67565,-0.13269,-2.43496,-1.5085,0.137646,-1.58452,-0.0321983
1.1208,2.67598,-0.132992,-2.43479,-1.5083,0.137722,-1.5845,-0.0324266
1.1222,2.67631,-0.133295,-2.43462,-1.50809,0.137798,-1.58447,-0.032655
1.123,2.67664,-0.133596,-2.43445,-1.50789,0.137874,-1.58445,-0.0328834
1.12411,2.67697,-0.133898,-2.43428,-1.50769,0.137949,-1.58442,-0.033112
1.12496,2.67729,-0.1342,-2.43411,-1.50749,0.138024,-1.5844,-0.0333405
1.12595,2.67762,-0.134501,-2.43394,-1.50729,0.138099,-1.58437,-0.0335692
1.12708,2.67795,-0.134802,-2.43377,-1.50709,0.138174,-1.58434,-0.0337979
1.12772,2.67828,-0.135103,-2.4336,-1.50689,0.138248,-1.58432,-0.0340267
1.12889,2.67861,-0.135403,-2.43343,-1.50669,0.138323,-1.58429,-0.0342555
1.13018,2.67894,-0.135704,-2.43326,-1.50649,0.138397,-1.58427,-0.0344845
1.13122,2.67926,-0.136004,-2.43309,-1.50629,0.13847,-1.58424,-0.0347135
1.13247,2.67959,-0.136304,-2.43292,-1.50609,0.138544,-1.58421,-0.0349425
1.13321,2.67992,-0.136604,-2.43276,-1.50589,0.138617,-1.58419,-0.0351717
1.13491,2.68025,-0.136904,-2.43259,-1.50569,0.13869,-1.58416,-0.0354009
1.13496,2.68058,-0.137203,-2.43242,-1.50549,0.138763,-1.58413,-0.0356302
1.13677,2.68091,-0.137502,-2.43225,-1.50529,0.138836,-1.58411,-0.0358595
1.13813,2.68156,-0.1381,-2.43191,-1.50489,0.13898,-1.58405,-0.0363185
1.13989,2.68189,-0.138399,-2.43175,-1.50468,0.139052,-1.58402,-0.0365481
1.14076,2.68222,-0.138697,-2.43158,-1.50448,0.139124,-1.584,-0.0367777
1.14146,2.68255,-0.138995,-2.43141,-1.50428,0.139195,-1.58397,-0.0370075
1.1431,2.68287,-0.139293,-2.43124,-1.50408,0.139266,-1.58394,-0.0372373
1.14426,2.68353,-0.139888,-2.43091,-1.50368,0.139408,-1.58388,-0.0376971
1.14544,2.68386,-0.140185,-2.43074,-1.50348,0.139479,-1.58386,-0.0379272
1.14695,2.68418,-0.140482,-2.43058,-1.50328,0.139549,-1.58383,-0.0381572
1.14738,2.68451,-0.140779,-2.43041,-1.50308,0.139619,-1.5838,-0.0383873
1.1486,2.68484,-0.141076,-2.43024,-1.50288,0.139689,-1.58377,-0.0386175
1.14914,2.68517,-0.141372,-2.43008,-1.50268,0.139759,-1.58374,-0.0388478
1.1503,2.6855,-0.141668,-2.42991,-1.50248,0.139828,-1.58371,-0.0390781
1.15149,2.68582,-0.141964,-2.42975,-1.50228,0.139897,-1.58368,-0.0393085
1.15208,2.68615,-0.14226,-2.42958,-1.50208,0.139966,-1.58365,-0.039539
1.15326,2.68648,-0.142555,-2.42942,-1.50188,0.140035,-1.58363,-0.0397695
1.15442,2.6868,-0.142851,-2.42925,-1.50168,0.140103,-1.5836,-0.04
1.15567,2.68713,-0.143146,-2.42909,-1.50148,0.140172,-1.58357,-0.0402306
1.15626,2.68746,-0.14344,-2.42892,-1.50128,0.14024,-1.58354,-0.0404613
1.15743,2.68779,-0.143735,-2.42876,-1.50108,0.140308,-1.58351,-0.040692
1.15861,2.68811,-0.144029,-2.42859,-1.50088,0.140376,-1.58348,-0.0409227
1.15923,2.68844,-0.144323,-2.42843,-1.50068,0.140443,-1.58345,-0.0411535
1.16046,2.68877,-0.144617,-2.42826,-1.50048,0.14051,-1.58342,-0.0413844
1.16153,2.68909,-0.144911,-2.4281,-1.50028,0.140577,-1.58339,-0.0416153
1.16217,2.68942,-0.145204,-2.42794,-1.50008,0.140644,-1.58336,-0.0418463
1.16338,2.68975,-0.145497,-2.42777,-1.49988,0.140711,-1.58332,-0.0420773
1.16449,2.69007,-0.14579,-2.42761,-1.49968,0.140777,-1.58329,-0.0423084
1.16563,2.6904,-0.146082,-2.42745,-1.49948,0.140844,-1.58326,-0.0425394
1.16628,2.69073,-0.146375,-2.42728,-1.49928,0.14091,-1.58323,-0.0427706
1.1679,2.69105,-0.146667,-2.42712,-1.49908,0.140975,-1.5832,-0.0430018
1.16842,2.69138,-0.146959,-2.42696,-1.49888,0.141041,-1.58317,-0.043233
1.16941,2.69171,-0.14725,-2.4268,-1.49868,0.141106,-1.58314,-0.0434643
1.1706,2.69203,-0.147542,-2.42663,-1.49848,0.141172,-1.58311,-0.0436956
1.17122,2.69236,-0.147833,-2.42647,-1.49828,0.141237,-1.58307,-0.043927
1.17299,2.69268,-0.148124,-2.42631,-1.49808,0.141301,-1.58304,-0.0441585
1.17424,2.69301,-0.148415,-2.42615,-1.49788,0.141366,-1.58301,-0.0443899
1.17429,2.69334,-0.148705,-2.42599,-1.49768,0.14143,-1.58298,-0.0446215
1.17603,2.69366,-0.148995,-2.42583,-1.49749,0.141494,-1.58295,-0.044853
1.17662,2.69399,-0.149285,-2.42567,-1.49729,0.141558,-1.58291,-0.0450846
1.17727,2.69431,-0.149575,-2.42551,-1.49709,0.141622,-1.58288,-0.0453163
1.17847,2.69464,-0.149864,-2.42535,-1.49689,0.141686,-1.58285,-0.045548
1.17962,2.69496,-0.150153,-2.42519,-1.49669,0.141749,-1.58282,-0.0457798
1.18033,2.69529,-0.150442,-2.42503,-1.49649,0.141812,-1.58278,-0.0460116
1.18148,2.69562,-0.150731,-2.42487,-1.49629,0.141875,-1.58275,-0.0462434
1.18265,2.69594,-0.151019,-2.42471,-1.49609,0.141938,-1.58272,-0.0464754
1.1838,2.69627,-0.151308,-2.42455,-1.49589,0.142,-1.58268,-0.0467073
1.18442,2.69659,-0.151596,-2.42439,-1.49569,0.142063,-1.58265,-0.0469392
1.18623,2.69724,-0.152171,-2.42407,-1.4953,0.142187,-1.58258,-0.0474033
1.18748,2.69757,-0.152458,-2.42391,-1.4951,0.142249,-1.58255,-0.0476354
1.18858,2.69789,-0.152745,-2.42375,-1.4949,0.14231,-1.58251,-0.0478675
1.18993,2.69821,-0.153031,-2.42359,-1.4947,0.142372,-1.58248,-0.0480997
1.19043,2.69854,-0.153318,-2.42344,-1.4945,0.142433,-1.58245,-0.0483319
1.1916,2.69886,-0.153604,-2.42328,-1.4943,0.142494,-1.58241,-0.0485642
1.19266,2.69919,-0.15389,-2.42312,-1.4941,0.142554,-1.58238,-0.0487965
1.1933,2.69951,-0.154176,-2.42296,-1.49391,0.142615,-1.58234,-0.0490289
1.19447,2.69984,-0.154461,-2.4228,-1.49371,0.142675,-1.58231,-0.0492613
1.19563,2.70016,-0.154746,-2.42265,-1.49351,0.142736,-1.58227,-0.0494937
1.19628,2.70048,-0.155031,-2.42249,-1.49331,0.142796,-1.58224,-0.0497262
1.19742,2.70081,-0.155316,-2.42233,-1.49311,0.142855,-1.5822,-0.0499587
1.19861,2.70113,-0.1556,-2.42218,-1.49291,0.142915,-1.58217,-0.0501912
1.19975,2.70146,-0.155884,-2.42202,-1.49272,0.142975,-1.58213,-0.0504237
1.20038,2.70178,-0.156168,-2.42187,-1.49252,0.143034,-1.5821,-0.0506563
1.20162,2.7021,-0.156451,-2.42171,-1.49232,0.143093,-1.58206,-0.0508889
1.20358,2.70243,-0.156734,-2.42155,-1.49212,0.143152,-1.58202,-0.0511216
1.20462,2.70307,-0.1573,-2.42124,-1.49173,0.143269,-1.58195,-0.0515871
1.20578,2.7034,-0.157583,-2.42109,-1.49153,0.143327,-1.58192,-0.0518199
1.20642,2.70372,-0.157865,-2.42093,-1.49133,0.143385,-1.58188,-0.0520528
1.20763,2.70404,-0.158147,-2.42078,-1.49113,0.143443,-1.58184,-0.0522858
1.20879,2.70437,-0.158428,-2.42062,-1.49094,0.143501,-1.58181,-0.0525187
1.20945,2.70469,-0.15871,-2.42047,-1.49074,0.143559,-1.58177,-0.0527517
1.21116,2.70501,-0.158991,-2.42032,-1.49054,0.143616,-1.58173,-0.0529847
1.2119,2.70533,-0.159272,-2.42016,-1.49034,0.143673,-1.58169,-0.0532177
1.21249,2.70566,-0.159552,-2.42001,-1.49015,0.14373,-1.58166,-0.0534508
1.21372,2.70598,-0.159833,-2.41985,-1.48995,0.143787,-1.58162,-0.0536839
1.21487,2.7063,-0.160113,-2.4197,-1.48975,0.143843,-1.58158,-0.0539171
1.21555,2.70662,-0.160393,-2.41955,-1.48955,0.1439,-1.58154,-0.0541503
1.21667,2.70694,-0.160672,-2.4194,-1.48936,0.143956,-1.58151,-0.0543835
1.21782,2.70727,-0.160951,-2.41924,-1.48916,0.144012,-1.58147,-0.0546168
1.21854,2.70759,-0.16123,-2.41909,-1.48896,0.144068,-1.58143,-0.0548501
1.21972,2.70791,-0.161509,-2.41894,-1.48877,0.144124,-1.58139,-0.0550834
1.2209,2.70823,-0.161787,-2.41879,-1.48857,0.144179,-1.58135,-0.0553168
1.22149,2.70855,-0.162065,-2.41863,-1.48837,0.144235,-1.58132,-0.0555501
1.22314,2.70887,-0.162343,-2.41848,-1.48818,0.14429,-1.58128,-0.0557835
1.22461,2.70952,-0.162898,-2.41818,-1.48778,0.1444,-1.5812,-0.0562504
1.22569,2.70984,-0.163175,-2.41803,-1.48759,0.144454,-1.58116,-0.0564839
1.22688,2.71016,-0.163452,-2.41788,-1.48739,0.144509,-1.58112,-0.0567175
1.22748,2.71048,-0.163728,-2.41773,-1.4872,0.144563,-1.58108,-0.0569511
1.2287,2.7108,-0.164004,-2.41758,-1.487,0.144617,-1.58104,-0.0571847
1.22988,2.71112,-0.16428,-2.41743,-1.4868,0.144671,-1.581,-0.0574184
1.2305,2.71144,-0.164556,-2.41728,-1.48661,0.144725,-1.58096,-0.0576521
1.23227,2.71176,-0.164831,-2.41713,-1.48641,0.144778,-1.58092,-0.0578859
1.23289,2.71208,-0.165106,-2.41698,-1.48622,0.144831,-1.58088,-0.0581196
1.23357,2.7124,-0.165381,-2.41683,-1.48602,0.144885,-1.58084,-0.0583534
1.23524,2.71272,-0.165655,-2.41668,-1.48582,0.144938,-1.5808,-0.0585872
1.23641,2.71304,-0.165929,-2.41653,-1.48563,0.14499,-1.58076,-0.0588211
1.23814,2.71336,-0.166203,-2.41638,-1.48543,0.145043,-1.58072,-0.0590549
1.23988,2.71368,-0.166477,-2.41623,-1.48524,0.145096,-1.58068,-0.0592888
1.24108,2.714,-0.16675,-2.41608,-1.48504,0.145148,-1.58064,-0.0595228
1.24224,2.71432,-0.167023,-2.41594,-1.48485,0.1452,-1.5806,-0.0597568
1.24286,2.71464,-0.167296,-2.41579,-1.48465,0.145252,-1.58056,-0.0599909
1.24466,2.71496,-0.167568,-2.41564,-1.48446,0.145304,-1.58052,-0.0602251
1.24535,2.71528,-0.16784,-2.41549,-1.48426,0.145355,-1.58047,-0.0604593
1.24592,2.7156,-0.168112,-2.41535,-1.48407,0.145407,-1.58043,-0.0606935
1.24721,2.71592,-0.168384,-2.4152,-1.48387,0.145458,-1.58039,-0.0609278
1.24822,2.71624,-0.168655,-2.41505,-1.48368,0.145509,-1.58035,-0.0611621
1.24958,2.71656,-0.168926,-2.41491,-1.48348,0.14556,-1.58031,-0.0613965
1.25023,2.71688,-0.169197,-2.41476,-1.48329,0.14561,-1.58026,-0.0616309
1.25143,2.71719,-0.169467,-2.41461,-1.48309,0.145661,-1.58022,-0.0618654
1.2527,2.71751,-0.169737,-2.41447,-1.4829,0.145711,-1.58018,-0.0620999
1.25328,2.71783,-0.170007,-2.41432,-1.48271,0.145761,-1.58014,-0.0623345
1.25452,2.71815,-0.170276,-2.41417,-1.48251,0.145811,-1.58009,-0.0625691
1.25509,2.71847,-0.170546,-2.41403,-1.48232,0.145861,-1.58005,-0.0628037
1.25626,2.71879,-0.170815,-2.41388,-1.48212,0.145911,-1.58001,-0.0630384
1.25746,2.7191,-0.171083,-2.41374,-1.48193,0.14596,-1.57996,-0.0632731
1.25806,2.71942,-0.171352,-2.41359,-1.48174,0.146009,-1.57992,-0.0635079
1.25921,2.71974,-0.17162,-2.41345,-1.48154,0.146058,-1.57988,-0.0637426
1.26046,2.72006,-0.171887,-2.4133,-1.48135,0.146107,-1.57983,-0.0639774
1.26101,2.72038,-0.172155,-2.41316,-1.48116,0.146156,-1.57979,-0.0642122
1.26219,2.72069,-0.172422,-2.41302,-1.48096,0.146204,-1.57975,-0.0644471
1.26347,2.72101,-0.172689,-2.41287,-1.48077,0.146253,-1.5797,-0.064682
1.26402,2.72133,-0.172955,-2.41273,-1.48058,0.146301,-1.57966,-0.0649169
1.26567,2.72164,-0.173222,-2.41259,-1.48038,0.146349,-1.57961,-0.0651519
1.26713,2.72196,-0.173488,-2.41244,-1.48019,0.146397,-1.57957,-0.0653868
1.26837,2.7226,-0.174018,-2.41216,-1.47981,0.146492,-1.57948,-0.0658568
1.26953,2.72291,-0.174283,-2.41201,-1.47961,0.14654,-1.57943,-0.0660919
1.27007,2.72323,-0.174548,-2.41187,-1.47942,0.146587,-1.57939,-0.0663269
1.27127,2.72355,-0.174813,-2.41173,-1.47923,0.146634,-1.57934,-0.066562
1.27243,2.72386,-0.175077,-2.41159,-1.47904,0.146681,-1.5793,-0.0667971
1.27443,2.72418,-0.17534,-2.41144,-1.47884,0.146728,-1.57925,-0.0670322
1.2745,2.72449,-0.175604,-2.4113,-1.47865,0.146774,-1.57921,-0.0672673
1.27511,2.72481,-0.175867,-2.41116,-1.47846,0.146821,-1.57916,-0.0675024
1.2763,2.72513,-0.17613,-2.41102,-1.47827,0.146867,-1.57911,-0.0677375
1.27828,2.72576,-0.176655,-2.41074,-1.47788,0.146959,-1.57902,-0.0682078
1.27944,2.72607,-0.176917,-2.4106,-1.47769,0.147005,-1.57898,-0.068443
1.28061,2.72639,-0.177178,-2.41046,-1.4775,0.147051,-1.57893,-0.0686782
1.28263,2.7267,-0.17744,-2.41032,-1.47731,0.147096,-1.57888,-0.0689134
1.28416,2.72733,-0.177961,-2.41004,-1.47693,0.147187,-1.57879,-0.0693839
1.28533,2.72796,-0.178482,-2.40976,-1.47655,0.147276,-1.57869,-0.0698546
1.28708,2.72828,-0.178741,-2.40962,-1.47636,0.147321,-1.57865,-0.0700899
1.28766,2.72859,-0.179001,-2.40948,-1.47617,0.147366,-1.5786,-0.0703252
1.28831,2.72891,-0.17926,-2.40934,-1.47598,0.14741,-1.57855,-0.0705605
1.28948,2.72922,-0.179519,-2.4092,-1.47579,0.147454,-1.5785,-0.0707959
1.29121,2.72953,-0.179777,-2.40907,-1.47559,0.147498,-1.57846,-0.0710312
1.29127,2.72985,-0.180035,-2.40893,-1.4754,0.147542,-1.57841,-0.0712666
1.29238,2.73016,-0.180293,-2.40879,-1.47522,0.147586,-1.57836,-0.071502
1.29359,2.73047,-0.18055,-2.40865,-1.47503,0.14763,-1.57831,-0.0717374
1.29476,2.73079,-0.180808,-2.40851,-1.47484,0.147673,-1.57826,-0.0719728
1.29537,2.7311,-0.181064,-2.40838,-1.47465,0.147717,-1.57821,-0.0722082
1.29714,2.73141,-0.181321,-2.40824,-1.47446,0.14776,-1.57816,-0.0724436
1.29855,2.73173,-0.181577,-2.4081,-1.47427,0.147803,-1.57812,-0.072679
1.29864,2.73204,-0.181833,-2.40797,-1.47408,0.147846,-1.57807,-0.0729144
1.30039,2.73235,-0.182089,-2.40783,-1.47389,0.147889,-1.57802,-0.0731499
1.30094,2.73267,-0.182344,-2.40769,-1.4737,0.147932,-1.57797,-0.0733853
1.30152,2.73298,-0.182599,-2.40756,-1.47351,0.147974,-1.57792,-0.0736207
1.30324,2.73329,-0.182853,-2.40742,-1.47332,0.148016,-1.57787,-0.0738562
1.30384,2.7336,-0.183107,-2.40729,-1.47313,0.148059,-1.57782,-0.0740917
1.30501,2.73391,-0.183361,-2.40715,-1.47295,0.148101,-1.57777,-0.0743272
1.30562,2.73423,-0.183615,-2.40702,-1.47276,0.148143,-1.57772,-0.0745627
1.30679,2.73454,-0.183868,-2.40688,-1.47257,0.148184,-1.57767,-0.0747982
1.30794,2.73485,-0.184121,-2.40675,-1.47238,0.148226,-1.57762,-0.0750337
1.30964,2.73516,-0.184374,-2.40661,-1.47219,0.148267,-1.57757,-0.0752692
1.31024,2.73547,-0.184626,-2.40648,-1.47201,0.148309,-1.57752,-0.0755047
1.31087,2.73578,-0.184878,-2.40634,-1.47182,0.14835,-1.57747,-0.0757402
1.3127,2.73641,-0.18538,-2.40608,-1.47144,0.148432,-1.57736,-0.0762113
1.31419,2.73672,-0.185631,-2.40594,-1.47126,0.148473,-1.57731,-0.0764468
1.31514,2.73703,-0.185882,-2.40581,-1.47107,0.148514,-1.57726,-0.0766824
1.3164,2.73734,-0.186132,-2.40568,-1.47088,0.148554,-1.57721,-0.0769179
1.31699,2.73765,-0.186382,-2.40554,-1.4707,0.148595,-1.57716,-0.0771535
1.31865,2.73796,-0.186632,-2.40541,-1.47051,0.148635,-1.57711,-0.077389
1.31917,2.73827,-0.186881,-2.40528,-1.47032,0.148675,-1.57705,-0.0776246
1.3198,2.73858,-0.18713,-2.40515,-1.47014,0.148715,-1.577,-0.0778602
1.32093,2.73889,-0.187378,-2.40501,-1.46995,0.148755,-1.57695,-0.0780958
1.32208,2.7392,-0.187626,-2.40488,-1.46977,0.148794,-1.5769,-0.0783313
1.32326,2.73951,-0.187874,-2.40475,-1.46958,0.148834,-1.57684,-0.0785669
1.32389,2.73981,-0.188122,-2.40462,-1.46939,0.148873,-1.57679,-0.0788025
1.32506,2.74012,-0.188369,-2.40449,-1.46921,0.148913,-1.57674,-0.079038
1.32644,2.74043,-0.188616,-2.40436,-1.46902,0.148952,-1.57669,-0.0792736
1.32685,2.74074,-0.188862,-2.40423,-1.46884,0.148991,-1.57663,-0.0795091
1.32804,2.74105,-0.189108,-2.4041,-1.46865,0.14903,-1.57658,-0.0797447
1.32882,2.74136,-0.189354,-2.40396,-1.46847,0.149069,-1.57653,-0.0799802
1.32994,2.74167,-0.189599,-2.40383,-1.46828,0.149107,-1.57647,-0.0802158
1.33103,2.74197,-0.189845,-2.4037,-1.4681,0.149146,-1.57642,-0.0804513
1.33285,2.74228,-0.190089,-2.40358,-1.46791,0.149184,-1.57636,-0.0806869
1.3336,2.74259,-0.190334,-2.40345,-1.46773,0.149223,-1.57631,-0.0809224
1.33412,2.7429,-0.190578,-2.40332,-1.46755,0.149261,-1.57626,-0.0811579
1.33548,2.7432,-0.190821,-2.40319,-1.46736,0.149299,-1.5762,-0.0813934
1.33612,2.74351,-0.191065,-2.40306,-1.46718,0.149337,-1.57615,-0.0816289
1.33731,2.74382,-0.191308,-2.40293,-1.46699,0.149375,-1.57609,-0.0818644
1.33896,2.74412,-0.19155,-2.4028,-1.46681,0.149412,-1.57604,-0.0821
1.34017,2.74474,-0.192034,-2.40255,-1.46644,0.149487,-1.57593,-0.082571
1.34134,2.74504,-0.192276,-2.40242,-1.46626,0.149525,-1.57587,-0.0828065
1.34202,2.74535,-0.192517,-2.40229,-1.46608,0.149562,-1.57582,-0.0830419
1.3432,2.74566,-0.192758,-2.40216,-1.4659,0.149599,-1.57576,-0.0832774
1.34489,2.74596,-0.192998,-2.40204,-1.46571,0.149636,-1.57571,-0.0835128
1.34548,2.74627,-0.193238,-2.40191,-1.46553,0.149673,-1.57565,-0.0837483
1.3461,2.74657,-0.193478,-2.40178,-1.46535,0.149709,-1.57559,-0.0839837
1.34729,2.74688,-0.193718,-2.40166,-1.46517,0.149746,-1.57554,-0.0842192
1.34855,2.74718,-0.193957,-2.40153,-1.46498,0.149782,-1.57548,-0.0844546
1.3492,2.74749,-0.194195,-2.4014,-1.4648,0.149819,-1.57543,-0.0846901
1.35041,2.74779,-0.194434,-2.40128,-1.46462,0.149855,-1.57537,-0.0849256
1.35157,2.7481,-0.194672,-2.40115,-1.46444,0.149891,-1.57531,-0.085161
1.3527,2.7484,-0.194909,-2.40103,-1.46426,0.149927,-1.57526,-0.0853965
1.35331,2.74871,-0.195147,-2.4009,-1.46408,0.149963,-1.5752,-0.085632
1.35447,2.74901,-0.195383,-2.40078,-1.4639,0.149998,-1.57514,-0.0858674
1.35564,2.74931,-0.19562,-2.40065,-1.46372,0.150034,-1.57508,-0.0861028
1.35627,2.74962,-0.195856,-2.40053,-1.46354,0.150069,-1.57503,-0.0863383
1.35746,2.74992,-0.196092,-2.4004,-1.46335,0.150105,-1.57497,-0.0865737
1.35862,2.75023,-0.196327,-2.40028,-1.46317,0.15014,-1.57491,-0.0868091
1.35923,2.75053,-0.196563,-2.40015,-1.46299,0.150175,-1.57485,-0.0870445
1.3604,2.75083,-0.196797,-2.40003,-1.46281,0.15021,-1.5748,-0.0872799
1.36159,2.75113,-0.197032,-2.39991,-1.46263,0.150245,-1.57474,-0.0875153
1.36277,2.75144,-0.197266,-2.39978,-1.46246,0.15028,-1.57468,-0.0877507
1.36336,2.75174,-0.197499,-2.39966,-1.46228,0.150314,-1.57462,-0.087986
1.36459,2.75204,-0.197732,-2.39954,-1.4621,0.150349,-1.57456,-0.0882214
1.36576,2.75234,-0.197965,-2.39941,-1.46192,0.150383,-1.5745,-0.0884568
1.36641,2.75265,-0.198198,-2.39929,-1.46174,0.150417,-1.57445,-0.0886922
1.36761,2.75295,-0.19843,-2.39917,-1.46156,0.150452,-1.57439,-0.0889275
1.36874,2.75325,-0.198662,-2.39905,-1.46138,0.150486,-1.57433,-0.0891629
1.3694,2.75355,-0.198893,-2.39892,-1.4612,0.15052,-1.57427,-0.0893982
1.37063,2.75385,-0.199124,-2.3988,-1.46103,0.150554,-1.57421,-0.0896335
1.3717,2.75415,-0.199355,-2.39868,-1.46085,0.150587,-1.57415,-0.0898689
1.37234,2.75445,-0.199585,-2.39856,-1.46067,0.150621,-1.57409,-0.0901042
1.37354,2.75475,-0.199815,-2.39844,-1.46049,0.150654,-1.57403,-0.0903395
1.3747,2.75506,-0.200045,-2.39832,-1.46031,0.150688,-1.57397,-0.0905748
1.37563,2.75536,-0.200274,-2.3982,-1.46014,0.150721,-1.57391,-0.09081
1.37677,2.75566,-0.200503,-2.39808,-1.45996,0.150754,-1.57385,-0.0910453
1.37738,2.75596,-0.200731,-2.39796,-1.45978,0.150787,-1.57379,-0.0912806
1.37857,2.75626,-0.200959,-2.39784,-1.45961,0.15082,-1.57373,-0.0915158
1.37969,2.75656,-0.201187,-2.39772,-1.45943,0.150853,-1.57367,-0.091751
1.38087,2.75685,-0.201414,-2.3976,-1.45925,0.150886,-1.57361,-0.0919862
1.38154,2.75715,-0.201641,-2.39748,-1.45908,0.150918,-1.57355,-0.0922214
1.38267,2.75745,-0.201868,-2.39736,-1.4589,0.150951,-1.57348,-0.0924566
1.38392,2.75775,-0.202094,-2.39724,-1.45873,0.150983,-1.57342,-0.0926917
1.38469,2.75805,-0.20232,-2.39712,-1.45855,0.151016,-1.57336,-0.0929269
1.3857,2.75835,-0.202545,-2.397,-1.45838,0.151048,-1.5733,-0.093162
1.38687,2.75865,-0.20277,-2.39688,-1.4582,0.15108,-1.57324,-0.0933971
1.38757,2.75895,-0.202995,-2.39677,-1.45803,0.151112,-1.57318,-0.0936322
1.38867,2.75924,-0.203219,-2.39665,-1.45785,0.151144,-1.57311,-0.0938673
1.38983,2.75954,-0.203443,-2.39653,-1.45768,0.151176,-1.57305,-0.0941024
1.39044,2.75984,-0.203666,-2.39641,-1.4575,0.151207,-1.57299,-0.0943375
1.39165,2.76014,-0.20389,-2.3963,-1.45733,0.151239,-1.57293,-0.0945725
1.39285,2.76043,-0.204112,-2.39618,-1.45715,0.15127,-1.57287,-0.0948075
1.39403,2.76073,-0.204335,-2.39606,-1.45698,0.151302,-1.5728,-0.0950425
1.3949,2.76103,-0.204557,-2.39595,-1.45681,0.151333,-1.57274,-0.0952775
1.39588,2.76132,-0.204778,-2.39583,-1.45663,0.151364,-1.57268,-0.0955125
1.39707,2.76162,-0.204999,-2.39571,-1.45646,0.151395,-1.57261,-0.0957474
1.39828,2.76192,-0.20522,-2.3956,-1.45629,0.151426,-1.57255,-0.0959824
1.40005,2.76221,-0.205441,-2.39548,-1.45611,0.151457,-1.57249,-0.0962173
1.40234,2.76251,-0.205661,-2.39537,-1.45594,0.151488,-1.57242,-0.0964521
1.40517,2.7628,-0.20588,-2.39525,-1.45577,0.151519,-1.57236,-0.096687
1.40658,2.76339,-0.206318,-2.39502,-1.45542,0.15158,-1.57223,-0.0971568
1.40775,2.76369,-0.206537,-2.3949,-1.45525,0.15161,-1.57217,-0.0973917
1.40895,2.76398,-0.206755,-2.39479,-1.45508,0.15164,-1.5721,-0.0976267
1.40968,2.76428,-0.206973,-2.39468,-1.45491,0.15167,-1.57204,-0.0978617
1.41082,2.76457,-0.20719,-2.39456,-1.45474,0.1517,-1.57197,-0.0980967
1.41199,2.76487,-0.207407,-2.39445,-1.45457,0.15173,-1.57191,-0.0983318
1.41268,2.76516,-0.207623,-2.39433,-1.4544,0.15176,-1.57184,-0.0985668
1.41382,2.76546,-0.207839,-2.39422,-1.45423,0.15179,-1.57178,-0.0988018
1.41499,2.76575,-0.208055,-2.39411,-1.45406,0.151819,-1.57171,-0.0990368
1.4157,2.76604,-0.20827,-2.39399,-1.45389,0.151849,-1.57165,-0.0992718
1.41682,2.76634,-0.208485,-2.39388,-1.45372,0.151878,-1.57158,-0.0995068
1.418,2.76663,-0.2087,-2.39377,-1.45355,0.151907,-1.57152,-0.0997419
1.41865,2.76692,-0.208914,-2.39365,-1.45338,0.151936,-1.57145,-0.0999769
1.41975,2.76722,-0.209128,-2.39354,-1.45321,0.151965,-1.57138,-0.100212
1.42092,2.76751,-0.209341,-2.39343,-1.45304,0.151994,-1.57132,-0.100447
1.42158,2.7678,-0.209554,-2.39332,-1.45287,0.152023,-1.57125,-0.100682
1.42271,2.7681,-0.209766,-2.39321,-1.4527,0.152052,-1.57118,-0.100917
1.42386,2.76839,-0.209978,-2.39309,-1.45253,0.15208,-1.57112,-0.101152
1.42503,2.76868,-0.21019,-2.39298,-1.45237,0.152109,-1.57105,-0.101387
1.42574,2.76897,-0.210401,-2.39287,-1.4522,0.152137,-1.57098,-0.101622
1.4269,2.76926,-0.210612,-2.39276,-1.45203,0.152166,-1.57092,-0.101857
1.42809,2.76956,-0.210823,-2.39265,-1.45186,0.152194,-1.57085,-0.102092
1.42875,2.76985,-0.211033,-2.39254,-1.45169,0.152222,-1.57078,-0.102326
1.4302,2.77014,-0.211242,-2.39243,-1.45153,0.15225,-1.57071,-0.102561
1.43107,2.77043,-0.211452,-2.39232,-1.45136,0.152278,-1.57065,-0.102796
1.43173,2.77072,-0.21166,-2.39221,-1.45119,0.152306,-1.57058,-0.103031
1.43295,2.77101,-0.211869,-2.3921,-1.45103,0.152334,-1.57051,-0.103266
1.43411,2.7713,-0.212077,-2.39199,-1.45086,0.152361,-1.57044,-0.1035
1.43559,2.77159,-0.212285,-2.39188,-1.4507,0.152389,-1.57037,-0.103735
1.43615,2.77188,-0.212492,-2.39177,-1.45053,0.152416,-1.5703,-0.10397
1.43678,2.77217,-0.212699,-2.39166,-1.45037,0.152444,-1.57023,-0.104205
1.43892,2.77246,-0.212905,-2.39155,-1.4502,0.152471,-1.57017,-0.104439
1.43913,2.77275,-0.213111,-2.39144,-1.45004,0.152498,-1.5701,-0.104674
1.43977,2.77304,-0.213317,-2.39133,-1.44987,0.152525,-1.57003,-0.104908
1.44096,2.77333,-0.213522,-2.39123,-1.44971,0.152552,-1.56996,-0.105143
1.44217,2.77362,-0.213726,-2.39112,-1.44954,0.152579,-1.56989,-0.105378
1.44329,2.77391,-0.213931,-2.39101,-1.44938,0.152606,-1.56982,-0.105612
1.44502,2.77419,-0.214135,-2.3909,-1.44921,0.152633,-1.56975,-0.105847
1.44617,2.77477,-0.214541,-2.39069,-1.44889,0.152686,-1.56961,-0.106316
1.44736,2.77506,-0.214744,-2.39058,-1.44873,0.152713,-1.56954,-0.10655
1.44853,2.77535,-0.214946,-2.39047,-1.44856,0.152739,-1.56947,-0.106784
1.44918,2.77563,-0.215148,-2.39037,-1.4484,0.152765,-1.5694,-0.107019
1.45051,2.77592,-0.215349,-2.39026,-1.44824,0.152792,-1.56933,-0.107253
1.45114,2.77621,-0.21555,-2.39016,-1.44808,0.152818,-1.56926,-0.107487
1.45231,2.77649,-0.215751,-2.39005,-1.44791,0.152844,-1.56919,-0.107722
1.45354,2.77678,-0.215951,-2.38994,-1.44775,0.15287,-1.56911,-0.107956
1.45416,2.77707,-0.216151,-2.38984,-1.44759,0.152896,-1.56904,-0.10819
1.4553,2.77735,-0.21635,-2.38973,-1.44743,0.152922,-1.56897,-0.108424
1.45647,2.77764,-0.216549,-2.38963,-1.44727,0.152948,-1.5689,-0.108658
1.45708,2.77793,-0.216747,-2.38952,-1.44711,0.152973,-1.56883,-0.108892
1.45824,2.77821,-0.216945,-2.38942,-1.44695,0.152999,-1.56876,-0.109126
1.45944,2.7785,-0.217143,-2.38931,-1.44679,0.153025,-1.56868,-0.10936
1.46063,2.77878,-0.21734,-2.38921,-1.44663,0.15305,-1.56861,-0.109594
1.46123,2.77907,-0.217537,-2.3891,-1.44647,0.153076,-1.56854,-0.109828
1.46246,2.77935,-0.217733,-2.389,-1.44631,0.153101,-1.56847,-0.110062
1.46357,2.77964,-0.217929,-2.3889,-1.44615,0.153126,-1.5684,-0.110296
1.46421,2.77992,-0.218125,-2.38879,-1.44599,0.153151,-1.56832,-0.11053
1.4654,2.7802,-0.21832,-2.38869,-1.44583,0.153176,-1.56825,-0.110764
1.46667,2.78049,-0.218514,-2.38859,-1.44567,0.153201,-1.56818,-0.110997
1.46747,2.78077,-0.218708,-2.38848,-1.44552,0.153226,-1.5681,-0.111231
1.4685,2.78105,-0.218902,-2.38838,-1.44536,0.153251,-1.56803,-0.111465
1.46972,2.78134,-0.219096,-2.38828,-1.4452,0.153276,-1.56796,-0.111698
1.47035,2.78162,-0.219288,-2.38817,-1.44504,0.153301,-1.56788,-0.111932
1.47153,2.7819,-0.219481,-2.38807,-1.44489,0.153325,-1.56781,-0.112165
1.47266,2.78219,-0.219673,-2.38797,-1.44473,0.15335,-1.56773,-0.112399
1.47331,2.78247,-0.219865,-2.38787,-1.44457,0.153375,-1.56766,-0.112632
1.47447,2.78275,-0.220056,-2.38777,-1.44442,0.153399,-1.56759,-0.112866
1.47566,2.78303,-0.220247,-2.38766,-1.44426,0.153423,-1.56751,-0.113099
1.47631,2.78331,-0.220437,-2.38756,-1.44411,0.153448,-1.56744,-0.113333
1.47744,2.78359,-0.220627,-2.38746,-1.44395,0.153472,-1.56736,-0.113566
1.47862,2.78388,-0.220816,-2.38736,-1.44379,0.153496,-1.56729,-0.113799
1.47924,2.78416,-0.221005,-2.38726,-1.44364,0.15352,-1.56721,-0.114032
1.48041,2.78444,-0.221194,-2.38716,-1.44348,0.153544,-1.56714,-0.114266
1.48159,2.78472,-0.221382,-2.38706,-1.44333,0.153568,-1.56706,-0.114499
1.48275,2.785,-0.22157,-2.38696,-1.44318,0.153592,-1.56699,-0.114732
1.48349,2.78528,-0.221757,-2.38686,-1.44302,0.153616,-1.56691,-0.114965
1.48466,2.78556,-0.221944,-2.38676,-1.44287,0.15364,-1.56684,-0.115198
1.4858,2.78584,-0.222131,-2.38666,-1.44271,0.153663,-1.56676,-0.115431
1.48642,2.78612,-0.222317,-2.38656,-1.44256,0.153687,-1.56668,-0.115664
1.48759,2.7864,-0.222502,-2.38646,-1.44241,0.153711,-1.56661,-0.115897
1.48875,2.78667,-0.222688,-2.38636,-1.44226,0.153734,-1.56653,-0.11613
1.48938,2.78695,-0.222872,-2.38627,-1.4421,0.153757,-1.56646,-0.116363
1.49058,2.78723,-0.223057,-2.38617,-1.44195,0.153781,-1.56638,-0.116595
1.4917,2.78751,-0.223241,-2.38607,-1.4418,0.153804,-1.5663,-0.116828
1.49235,2.78779,-0.223424,-2.38597,-1.44165,0.153827,-1.56623,-0.117061
1.49366,2.78806,-0.223607,-2.38587,-1.4415,0.15385,-1.56615,-0.117294
1.49466,2.78834,-0.22379,-2.38577,-1.44134,0.153873,-1.56607,-0.117526
1.49583,2.78862,-0.223972,-2.38568,-1.44119,0.153896,-1.56599,-0.117759
1.49648,2.7889,-0.224153,-2.38558,-1.44104,0.153919,-1.56592,-0.117991
1.49767,2.78917,-0.224335,-2.38548,-1.44089,0.153942,-1.56584,-0.118224
1.49881,2.78945,-0.224516,-2.38539,-1.44074,0.153965,-1.56576,-0.118456
1.49944,2.78973,-0.224696,-2.38529,-1.44059,0.153988,-1.56568,-0.118689
1.50076,2.79,-0.224876,-2.38519,-1.44044,0.154011,-1.56561,-0.118921
1.50137,2.79028,-0.225055,-2.3851,-1.44029,0.154033,-1.56553,-0.119154
1.50256,2.79055,-0.225234,-2.385,-1.44014,0.154056,-1.56545,-0.119386
1.5037,2.79083,-0.225413,-2.3849,-1.44,0.154078,-1.56537,-0.119618
1.50486,2.7911,-0.225591,-2.38481,-1.43985,0.154101,-1.56529,-0.11985
1.5055,2.79138,-0.225769,-2.38471,-1.4397,0.154123,-1.56521,-0.120082
1.50667,2.79165,-0.225946,-2.38462,-1.43955,0.154146,-1.56513,-0.120315
1.50784,2.79193,-0.226123,-2.38452,-1.4394,0.154168,-1.56506,-0.120547
1.50849,2.7922,-0.2263,-2.38443,-1.43926,0.15419,-1.56498,-0.120779
1.50967,2.79248,-0.226476,-2.38433,-1.43911,0.154212,-1.5649,-0.121011
1.51083,2.79275,-0.226651,-2.38424,-1.43896,0.154235,-1.56482,-0.121243
1.51145,2.79302,-0.226826,-2.38414,-1.43882,0.154257,-1.56474,-0.121474
1.51265,2.7933,-0.227001,-2.38405,-1.43867,0.154279,-1.56466,-0.121706
1.51379,2.79357,-0.227175,-2.38396,-1.43852,0.154301,-1.56458,-0.121938
1.51454,2.79384,-0.227349,-2.38386,-1.43838,0.154322,-1.5645,-0.12217
1.51557,2.79411,-0.227522,-2.38377,-1.43823,0.154344,-1.56442,-0.122401
1.51675,2.79439,-0.227695,-2.38367,-1.43809,0.154366,-1.56434,-0.122633
1.51744,2.79466,-0.227867,-2.38358,-1.43794,0.154388,-1.56426,-0.122865
1.51854,2.79493,-0.228039,-2.38349,-1.4378,0.15441,-1.56418,-0.123096
1.51967,2.7952,-0.228211,-2.3834,-1.43765,0.154431,-1.5641,-0.123328
1.52086,2.79547,-0.228382,-2.3833,-1.43751,0.154453,-1.56402,-0.123559
1.5215,2.79574,-0.228552,-2.38321,-1.43736,0.154474,-1.56393,-0.12379
1.52286,2.79602,-0.228723,-2.38312,-1.43722,0.154496,-1.56385,-0.124022
1.52403,2.79629,-0.228892,-2.38303,-1.43708,0.154517,-1.56377,-0.124253
1.52472,2.79656,-0.229061,-2.38293,-1.43693,0.154538,-1.56369,-0.124484
1.52586,2.79683,-0.22923,-2.38284,-1.43679,0.15456,-1.56361,-0.124716
1.52655,2.7971,-0.229399,-2.38275,-1.43665,0.154581,-1.56353,-0.124947
1.52779,2.79737,-0.229567,-2.38266,-1.43651,0.154602,-1.56345,-0.125178
1.52892,2.79763,-0.229734,-2.38257,-1.43637,0.154623,-1.56336,-0.125409
1.52955,2.7979,-0.229901,-2.38248,-1.43622,0.154645,-1.56328,-0.12564
1.53077,2.79817,-0.230068,-2.38239,-1.43608,0.154666,-1.5632,-0.125871
1.53198,2.79844,-0.230234,-2.3823,-1.43594,0.154687,-1.56312,-0.126102
1.5327,2.79871,-0.230399,-2.38221,-1.4358,0.154708,-1.56303,-0.126332
1.53445,2.79898,-0.230564,-2.38212,-1.43566,0.154728,-1.56295,-0.126563
1.53454,2.79925,-0.230729,-2.38203,-1.43552,0.154749,-1.56287,-0.126794
1.5359,2.79951,-0.230893,-2.38194,-1.43538,0.15477,-1.56279,-0.127025
1.53695,2.79978,-0.231057,-2.38185,-1.43524,0.154791,-1.5627,-0.127255
1.53815,2.80005,-0.231221,-2.38176,-1.4351,0.154812,-1.56262,-0.127486
1.53885,2.80031,-0.231384,-2.38167,-1.43496,0.154832,-1.56254,-0.127716
1.53977,2.80058,-0.231546,-2.38158,-1.43482,0.154853,-1.56245,-0.127947
1.54094,2.80085,-0.231708,-2.38149,-1.43469,0.154874,-1.56237,-0.128177
1.54207,2.80111,-0.23187,-2.3814,-1.43455,0.154894,-1.56228,-0.128407
1.54271,2.80138,-0.232031,-2.38131,-1.43441,0.154915,-1.5622,-0.128638
1.54448,2.80164,-0.232191,-2.38123,-1.43427,0.154935,-1.56212,-0.128868
1.54573,2.80217,-0.232511,-2.38105,-1.434,0.154976,-1.56195,-0.129328
1.54684,2.80244,-0.232671,-2.38096,-1.43386,0.154996,-1.56186,-0.129558
1.54802,2.8027,-0.232829,-2.38087,-1.43373,0.155016,-1.56178,-0.129788
1.54874,2.80297,-0.232988,-2.38079,-1.43359,0.155037,-1.56169,-0.130018
1.54989,2.80323,-0.233146,-2.3807,-1.43345,0.155057,-1.56161,-0.130248
1.55109,2.8035,-0.233303,-2.38061,-1.43332,0.155077,-1.56152,-0.130478
1.55175,2.80376,-0.23346,-2.38053,-1.43318,0.155097,-1.56144,-0.130707
1.55351,2.80402,-0.233617,-2.38044,-1.43305,0.155117,-1.56135,-0.130937
1.55354,2.80428,-0.233773,-2.38035,-1.43291,0.155137,-1.56127,-0.131167
1.55474,2.80455,-0.233928,-2.38027,-1.43278,0.155157,-1.56118,-0.131396
1.55585,2.80481,-0.234083,-2.38018,-1.43265,0.155177,-1.5611,-0.131626
1.55704,2.80507,-0.234238,-2.3801,-1.43251,0.155197,-1.56101,-0.131855
1.5577,2.80533,-0.234392,-2.38001,-1.43238,0.155217,-1.56092,-0.132085
1.5588,2.8056,-0.234546,-2.37993,-1.43224,0.155237,-1.56084,-0.132314
1.56068,2.80612,-0.234852,-2.37976,-1.43198,0.155276,-1.56066,-0.132772
1.56182,2.80638,-0.235005,-2.37967,-1.43185,0.155296,-1.56058,-0.133002
1.563,2.80664,-0.235156,-2.37959,-1.43172,0.155316,-1.56049,-0.133231
1.56373,2.8069,-0.235308,-2.3795,-1.43158,0.155335,-1.5604,-0.13346
1.56481,2.80716,-0.235459,-2.37942,-1.43145,0.155355,-1.56032,-0.133689
1.56604,2.80742,-0.235609,-2.37933,-1.43132,0.155375,-1.56023,-0.133918
1.56778,2.80768,-0.235759,-2.37925,-1.43119,0.155394,-1.56014,-0.134147
1.56782,2.80794,-0.235909,-2.37917,-1.43106,0.155414,-1.56006,-0.134375
1.56899,2.8082,-0.236058,-2.37908,-1.43093,0.155433,-1.55997,-0.134604
1.57022,2.80846,-0.236207,-2.379,-1.4308,0.155452,-1.55988,-0.134833
1.57135,2.80871,-0.236355,-2.37892,-1.43067,0.155472,-1.55979,-0.135061
1.57197,2.80897,-0.236502,-2.37883,-1.43054,0.155491,-1.5597,-0.13529
1.57315,2.80923,-0.23665,-2.37875,-1.43041,0.155511,-1.55962,-0.135518
1.57506,2.80949,-0.236796,-2.37867,-1.43029,0.15553,-1.55953,-0.135747
1.57517,2.80975,-0.236943,-2.37859,-1.43016,0.155549,-1.55944,-0.135975
1.57627,2.81,-0.237088,-2.3785,-1.43003,0.155568,-1.55935,-0.136203
1.57746,2.81026,-0.237234,-2.37842,-1.4299,0.155588,-1.55926,-0.136431
1.57863,2.81052,-0.237378,-2.37834,-1.42977,0.155607,-1.55917,-0.13666
1.57924,2.81077,-0.237523,-2.37826,-1.42965,0.155626,-1.55908,-0.136888
1.58069,2.81103,-0.237667,-2.37818,-1.42952,0.155645,-1.55899,-0.137116
1.58159,2.81128,-0.23781,-2.3781,-1.42939,0.155664,-1.55891,-0.137344
1.58218,2.81154,-0.237953,-2.37801,-1.42927,0.155683,-1.55882,-0.137572
1.58341,2.8118,-0.238095,-2.37793,-1.42914,0.155702,-1.55873,-0.137799
1.58459,2.81205,-0.238237,-2.37785,-1.42902,0.155721,-1.55864,-0.138027
1.58518,2.81231,-0.238379,-2.37777,-1.42889,0.15574,-1.55855,-0.138255
1.58639,2.81256,-0.23852,-2.37769,-1.42877,0.155759,-1.55846,-0.138482
1.58758,2.81281,-0.23866,-2.37761,-1.42864,0.155778,-1.55837,-0.13871
1.58874,2.81307,-0.2388,-2.37753,-1.42852,0.155797,-1.55828,-0.138938
1.58941,2.81332,-0.23894,-2.37745,-1.4284,0.155816,-1.55819,-0.139165
1.59071,2.81357,-0.239079,-2.37737,-1.42827,0.155835,-1.5581,-0.139392
1.59128,2.81383,-0.239218,-2.37729,-1.42815,0.155853,-1.55801,-0.13962
1.5925,2.81408,-0.239356,-2.37721,-1.42803,0.155872,-1.55791,-0.139847
1.59368,2.81433,-0.239493,-2.37713,-1.42791,0.155891,-1.55782,-0.140074
1.59434,2.81459,-0.23963,-2.37706,-1.42778,0.15591,-1.55773,-0.140301
1.59555,2.81484,-0.239767,-2.37698,-1.42766,0.155928,-1.55764,-0.140529
1.59668,2.81509,-0.239903,-2.3769,-1.42754,0.155947,-1.55755,-0.140756
1.59731,2.81534,-0.240039,-2.37682,-1.42742,0.155965,-1.55746,-0.140983
1.59853,2.81559,-0.240174,-2.37674,-1.4273,0.155984,-1.55737,-0.141209
1.59978,2.81584,-0.240309,-2.37666,-1.42718,0.156003,-1.55727,-0.141436
1.60064,2.81609,-0.240443,-2.37659,-1.42706,0.156021,-1.55718,-0.141663
1.60286,2.81634,-0.240577,-2.37651,-1.42694,0.15604,-1.55709,-0.14189
1.60293,2.81659,-0.24071,-2.37643,-1.42682,0.156058,-1.557,-0.142116
1.60365,2.81684,-0.240843,-2.37635,-1.4267,0.156077,-1.55691,-0.142343
1.6052,2.81709,-0.240976,-2.37628,-1.42658,0.156095,-1.55681,-0.142569
1.60587,2.81734,-0.241107,-2.3762,-1.42646,0.156113,-1.55672,-0.142796
1.60709,2.81759,-0.241239,-2.37612,-1.42634,0.156132,-1.55663,-0.143022
1.60886,2.81784,-0.24137,-2.37605,-1.42623,0.15615,-1.55654,-0.143249
1.61026,2.81809,-0.2415,-2.37597,-1.42611,0.156168,-1.55644,-0.143475
1.61028,2.81834,-0.24163,-2.37589,-1.42599,0.156187,-1.55635,-0.143701
1.61146,2.81859,-0.241759,-2.37582,-1.42588,0.156205,-1.55626,-0.143927
1.61211,2.81883,-0.241888,-2.37574,-1.42576,0.156223,-1.55616,-0.144153
1.61324,2.81908,-0.242017,-2.37567,-1.42564,0.156241,-1.55607,-0.144379
1.6144,2.81933,-0.242145,-2.37559,-1.42553,0.15626,-1.55598,-0.144605
1.61512,2.81957,-0.242272,-2.37552,-1.42541,0.156278,-1.55588,-0.144831
1.61626,2.81982,-0.242399,-2.37544,-1.4253,0.156296,-1.55579,-0.145057
1.61742,2.82007,-0.242525,-2.37537,-1.42518,0.156314,-1.55569,-0.145282
1.61807,2.82031,-0.242651,-2.37529,-1.42507,0.156332,-1.5556,-0.145508
1.61923,2.82056,-0.242777,-2.37522,-1.42495,0.15635,-1.5555,-0.145733
1.62037,2.82081,-0.242902,-2.37514,-1.42484,0.156368,-1.55541,-0.145959
1.62228,2.82105,-0.243026,-2.37507,-1.42473,0.156386,-1.55532,-0.146184
1.6224,2.8213,-0.24315,-2.37499,-1.42461,0.156404,-1.55522,-0.14641
1.62355,2.82154,-0.243274,-2.37492,-1.4245,0.156422,-1.55513,-0.146635
1.6242,2.82178,-0.243397,-2.37485,-1.42439,0.15644,-1.55503,-0.14686
1.62529,2.82203,-0.243519,-2.37477,-1.42428,0.156458,-1.55493,-0.147085
1.62656,2.82227,-0.243641,-2.3747,-1.42416,0.156476,-1.55484,-0.14731
1.62827,2.82252,-0.243763,-2.37463,-1.42405,0.156494,-1.55474,-0.147535
1.62997,2.82276,-0.243884,-2.37455,-1.42394,0.156512,-1.55465,-0.14776
1.6311,2.823,-0.244005,-2.37448,-1.42383,0.15653,-1.55455,-0.147985
1.63228,2.82324,-0.244125,-2.37441,-1.42372,0.156548,-1.55446,-0.14821
1.63346,2.82349,-0.244244,-2.37434,-1.42361,0.156566,-1.55436,-0.148434
1.63479,2.82373,-0.244363,-2.37426,-1.4235,0.156584,-1.55426,-0.148659
1.63636,2.82397,-0.244482,-2.37419,-1.42339,0.156601,-1.55417,-0.148883
1.63808,2.82421,-0.2446,-2.37412,-1.42328,0.156619,-1.55407,-0.149108
1.63924,2.82445,-0.244717,-2.37405,-1.42318,0.156637,-1.55397,-0.149332
1.6404,2.82469,-0.244834,-2.37398,-1.42307,0.156655,-1.55388,-0.149557
1.64214,2.82494,-0.24495,-2.3739,-1.42296,0.156673,-1.55378,-0.149781
1.64387,2.82518,-0.245066,-2.37383,-1.42285,0.15669,-1.55368,-0.150005
1.64448,2.82542,-0.245182,-2.37376,-1.42275,0.156708,-1.55359,-0.150229
1.64564,2.82566,-0.245296,-2.37369,-1.42264,0.156726,-1.55349,-0.150454
1.64681,2.8259,-0.245411,-2.37362,-1.42253,0.156744,-1.55339,-0.150678
1.6481,2.82614,-0.245524,-2.37355,-1.42243,0.156761,-1.55329,-0.150902
1.65,2.82637,-0.245637,-2.37348,-1.42232,0.156779,-1.5532,-0.151126
1.65096,2.82685,-0.245862,-2.37334,-1.42211,0.156814,-1.553,-0.151574
1.6521,2.82709,-0.245973,-2.37327,-1.42201,0.156832,-1.5529,-0.151797
1.65328,2.82733,-0.246084,-2.3732,-1.42191,0.156849,-1.5528,-0.152021
1.65389,2.82757,-0.246195,-2.37313,-1.4218,0.156867,-1.5527,-0.152245
1.6551,2.8278,-0.246305,-2.37306,-1.4217,0.156884,-1.55261,-0.152469
1.65575,2.82804,-0.246414,-2.37299,-1.4216,0.156902,-1.55251,-0.152692
1.65691,2.82828,-0.246523,-2.37292,-1.4215,0.156919,-1.55241,-0.152916
1.65808,2.82851,-0.246631,-2.37285,-1.42139,0.156937,-1.55231,-0.153139
1.65925,2.82875,-0.246739,-2.37278,-1.42129,0.156954,-1.55221,-0.153363
1.65989,2.82899,-0.246846,-2.37271,-1.42119,0.156972,-1.55211,-0.153586
1.66105,2.82922,-0.246953,-2.37265,-1.42109,0.156989,-1.55201,-0.153809
1.66224,2.82946,-0.247059,-2.37258,-1.42099,0.157007,-1.55191,-0.154032
1.6628,2.82969,-0.247165,-2.37251,-1.42089,0.157024,-1.55181,-0.154255
1.66403,2.82993,-0.24727,-2.37244,-1.42079,0.157042,-1.55171,-0.154478
1.66522,2.83016,-0.247374,-2.37237,-1.42069,0.157059,-1.55161,-0.154701
1.667,2.8304,-0.247478,-2.37231,-1.42059,0.157076,-1.55151,-0.154924
1.66841,2.83063,-0.247582,-2.37224,-1.4205,0.157094,-1.55141,-0.155147
1.66958,2.83087,-0.247685,-2.37217,-1.4204,0.157111,-1.55131,-0.15537
1.67122,2.8311,-0.247787,-2.3721,-1.4203,0.157128,-1.55121,-0.155592
1.67354,2.83133,-0.247889,-2.37204,-1.4202,0.157146,-1.55111,-0.155815
1.6747,2.83157,-0.24799,-2.37197,-1.42011,0.157163,-1.551,-0.156037
1.67637,2.8318,-0.248091,-2.3719,-1.42001,0.15718,-1.5509,-0.15626
1.67754,2.83203,-0.248191,-2.37184,-1.41992,0.157198,-1.5508,-0.156482
1.67925,2.83226,-0.248291,-2.37177,-1.41982,0.157215,-1.5507,-0.156704
1.68044,2.8325,-0.24839,-2.3717,-1.41973,0.157232,-1.5506,-0.156927
1.68161,2.83273,-0.248488,-2.37164,-1.41963,0.15725,-1.5505,-0.157149
1.6823,2.83296,-0.248586,-2.37157,-1.41954,0.157267,-1.55039,-0.157371
1.684,2.83319,-0.248683,-2.37151,-1.41944,0.157284,-1.55029,-0.157593
1.68611,2.83342,-0.248779,-2.37144,-1.41935,0.157301,-1.55019,-0.157815
1.6871,2.83388,-0.248971,-2.37131,-1.41917,0.157336,-1.54998,-0.158259
1.68827,2.83411,-0.249066,-2.37124,-1.41908,0.157353,-1.54988,-0.158481
1.68889,2.83434,-0.24916,-2.37118,-1.41898,0.15737,-1.54978,-0.158702
1.69007,2.83457,-0.249254,-2.37111,-1.41889,0.157388,-1.54968,-0.158924
1.69121,2.8348,-0.249347,-2.37105,-1.4188,0.157405,-1.54957,-0.159145
1.69241,2.83503,-0.249439,-2.37098,-1.41871,0.157422,-1.54947,-0.159367
1.69301,2.83526,-0.249531,-2.37092,-1.41862,0.157439,-1.54936,-0.159588
1.69437,2.83549,-0.249623,-2.37086,-1.41853,0.157457,-1.54926,-0.15981
1.69502,2.83571,-0.249713,-2.37079,-1.41845,0.157474,-1.54916,-0.160031
1.69615,2.83594,-0.249804,-2.37073,-1.41836,0.157491,-1.54905,-0.160252
1.69797,2.83617,-0.249893,-2.37066,-1.41827,0.157508,-1.54895,-0.160473
1.69819,2.8364,-0.249983,-2.3706,-1.41818,0.157525,-1.54884,-0.160694
1.69977,2.83662,-0.250071,-2.37054,-1.4181,0.157542,-1.54874,-0.160915
1.70039,2.83685,-0.250159,-2.37047,-1.41801,0.157559,-1.54863,-0.161136
1.70155,2.83708,-0.250246,-2.37041,-1.41792,0.157577,-1.54853,-0.161357
1.70218,2.8373,-0.250333,-2.37035,-1.41784,0.157594,-1.54842,-0.161578
1.70334,2.83753,-0.25042,-2.37028,-1.41775,0.157611,-1.54832,-0.161798
1.70508,2.83775,-0.250505,-2.37022,-1.41767,0.157628,-1.54821,-0.162019
1.70513,2.83798,-0.250591,-2.37016,-1.41758,0.157645,-1.54811,-0.162239
1.70631,2.8382,-0.250675,-2.3701,-1.4175,0.157662,-1.548,-0.162459
1.70749,2.83843,-0.250759,-2.37004,-1.41742,0.157679,-1.5479,-0.16268
1.70865,2.83865,-0.250843,-2.36997,-1.41733,0.157696,-1.54779,-0.1629
1.70936,2.83888,-0.250926,-2.36991,-1.41725,0.157713,-1.54768,-0.16312
1.71063,2.8391,-0.251008,-2.36985,-1.41717,0.15773,-1.54758,-0.16334
1.71123,2.83932,-0.25109,-2.36979,-1.41708,0.157747,-1.54747,-0.16356
1.7126,2.83955,-0.251172,-2.36973,-1.417,0.157764,-1.54737,-0.16378
1.71359,2.83977,-0.251252,-2.36967,-1.41692,0.157781,-1.54726,-0.164
1.71427,2.83999,-0.251333,-2.3696,-1.41684,0.157798,-1.54715,-0.164219
1.71541,2.84021,-0.251412,-2.36954,-1.41676,0.157815,-1.54704,-0.164439
1.71666,2.84044,-0.251491,-2.36948,-1.41668,0.157832,-1.54694,-0.164658
1.71814,2.84066,-0.25157,-2.36942,-1.4166,0.157849,-1.54683,-0.164878
1.71845,2.84088,-0.251648,-2.36936,-1.41652,0.157866,-1.54672,-0.165097
1.71968,2.8411,-0.251726,-2.3693,-1.41644,0.157883,-1.54662,-0.165316
1.72031,2.84132,-0.251803,-2.36924,-1.41637,0.1579,-1.54651,-0.165536
1.72188,2.84154,-0.251879,-2.36918,-1.41629,0.157917,-1.5464,-0.165755
1.72267,2.84176,-0.251955,-2.36912,-1.41621,0.157934,-1.54629,-0.165974
1.72383,2.84198,-0.25203,-2.36906,-1.41613,0.157951,-1.54618,-0.166193
1.72447,2.8422,-0.252105,-2.369,-1.41606,0.157968,-1.54607,-0.166411
1.72564,2.84242,-0.252179,-2.36894,-1.41598,0.157985,-1.54597,-0.16663
1.72679,2.84264,-0.252253,-2.36888,-1.4159,0.158002,-1.54586,-0.166849
1.72747,2.84286,-0.252326,-2.36882,-1.41583,0.158018,-1.54575,-0.167067
1.72853,2.84308,-0.252399,-2.36876,-1.41575,0.158035,-1.54564,-0.167286
1.73073,2.8433,-0.252471,-2.36871,-1.41568,0.158052,-1.54553,-0.167504
1.73085,2.84351,-0.252542,-2.36865,-1.4156,0.158069,-1.54542,-0.167722
1.7316,2.84373,-0.252613,-2.36859,-1.41553,0.158086,-1.54531,-0.16794
1.73286,2.84395,-0.252684,-2.36853,-1.41546,0.158103,-1.5452,-0.168158
1.73479,2.84438,-0.252823,-2.36841,-1.41531,0.158137,-1.54498,-0.168594
1.73651,2.8446,-0.252892,-2.36836,-1.41524,0.158154,-1.54487,-0.168812
1.73699,2.84481,-0.25296,-2.3683,-1.41517,0.15817,-1.54476,-0.16903
1.73815,2.84503,-0.253028,-2.36824,-1.4151,0.158187,-1.54465,-0.169247
1.73875,2.84525,-0.253095,-2.36818,-1.41502,0.158204,-1.54454,-0.169465
1.73996,2.84546,-0.253162,-2.36813,-1.41495,0.158221,-1.54443,-0.169682
1.74109,2.84568,-0.253228,-2.36807,-1.41488,0.158238,-1.54432,-0.169899
1.74256,2.84589,-0.253294,-2.36801,-1.41481,0.158255,-1.54421,-0.170117
1.74301,2.8461,-0.253359,-2.36796,-1.41474,0.158272,-1.5441,-0.170334
1.74406,2.84632,-0.253424,-2.3679,-1.41467,0.158289,-1.54399,-0.170551
1.74584,2.84653,-0.253488,-2.36784,-1.41461,0.158306,-1.54388,-0.170767
1.74746,2.84696,-0.253615,-2.36773,-1.41447,0.158339,-1.54366,-0.171201
1.74878,2.84738,-0.253739,-2.36762,-1.41433,0.158373,-1.54344,-0.171634
1.74996,2.84759,-0.253801,-2.36756,-1.41427,0.15839,-1.54332,-0.17185
1.75113,2.84781,-0.253861,-2.36751,-1.4142,0.158407,-1.54321,-0.172067
1.75236,2.84802,-0.253922,-2.36745,-1.41414,0.158424,-1.5431,-0.172283
1.75303,2.84823,-0.253981,-2.3674,-1.41407,0.158441,-1.54299,-0.172499
1.75419,2.84844,-0.254041,-2.36734,-1.414,0.158458,-1.54288,-0.172715
1.7555,2.84865,-0.254099,-2.36729,-1.41394,0.158475,-1.54276,-0.17293
1.75605,2.84886,-0.254158,-2.36723,-1.41388,0.158492,-1.54265,-0.173146
1.75739,2.84907,-0.254215,-2.36718,-1.41381,0.158509,-1.54254,-0.173362
1.75934,2.84928,-0.254272,-2.36712,-1.41375,0.158526,-1.54243,-0.173577
1.75939,2.84949,-0.254329,-2.36707,-1.41368,0.158543,-1.54231,-0.173793
1.76108,2.8497,-0.254385,-2.36702,-1.41362,0.15856,-1.5422,-0.174008
1.76227,2.84991,-0.254441,-2.36696,-1.41356,0.158577,-1.54209,-0.174223
1.76344,2.85011,-0.254495,-2.36691,-1.4135,0.158594,-1.54197,-0.174438
1.76417,2.85032,-0.25455,-2.36685,-1.41344,0.158611,-1.54186,-0.174653
1.76639,2.85053,-0.254604,-2.3668,-1.41338,0.158628,-1.54175,-0.174868
1.76755,2.85074,-0.254657,-2.36675,-1.41331,0.158646,-1.54163,-0.175083
1.76816,2.85094,-0.254709,-2.36669,-1.41325,0.158663,-1.54152,-0.175298
1.76936,2.85115,-0.254762,-2.36664,-1.4132,0.15868,-1.54141,-0.175512
1.77048,2.85136,-0.254813,-2.36659,-1.41314,0.158697,-1.54129,-0.175727
1.77283,2.85156,-0.254864,-2.36653,-1.41308,0.158714,-1.54118,-0.175941
1.77346,2.85177,-0.254914,-2.36648,-1.41302,0.158731,-1.54106,-0.176156
1.7741,2.85197,-0.254964,-2.36643,-1.41296,0.158749,-1.54095,-0.17637
1.77526,2.85218,-0.255013,-2.36638,-1.4129,0.158766,-1.54084,-0.176584
1.77649,2.85238,-0.255062,-2.36633,-1.41285,0.158783,-1.54072,-0.176798
1.77713,2.85259,-0.25511,-2.36627,-1.41279,0.1588,-1.54061,-0.177012
1.77832,2.85279,-0.255157,-2.36622,-1.41273,0.158818,-1.54049,-0.177226
1.77946,2.853,-0.255204,-2.36617,-1.41268,0.158835,-1.54038,-0.177439
1.7806,2.8532,-0.255251,-2.36612,-1.41262,0.158852,-1.54026,-0.177653
1.78125,2.8534,-0.255296,-2.36607,-1.41257,0.15887,-1.54015,-0.177867
1.78258,2.85361,-0.255342,-2.36601,-1.41251,0.158887,-1.54003,-0.17808
1.78367,2.85381,-0.255386,-2.36596,-1.41246,0.158905,-1.53991,-0.178293
1.78489,2.85401,-0.25543,-2.36591,-1.41241,0.158922,-1.5398,-0.178506
1.78556,2.85421,-0.255474,-2.36586,-1.41235,0.158939,-1.53968,-0.17872
1.78675,2.85441,-0.255517,-2.36581,-1.4123,0.158957,-1.53957,-0.178933
1.7879,2.85461,-0.255559,-2.36576,-1.41225,0.158974,-1.53945,-0.179145
1.78859,2.85482,-0.255601,-2.36571,-1.4122,0.158992,-1.53933,-0.179358
1.7897,2.85502,-0.255642,-2.36566,-1.41215,0.159009,-1.53922,-0.179571
1.79084,2.85522,-0.255682,-2.36561,-1.4121,0.159027,-1.5391,-0.179783
1.79203,2.85542,-0.255722,-2.36556,-1.41204,0.159044,-1.53898,-0.179996
1.79296,2.85562,-0.255762,-2.36551,-1.41199,0.159062,-1.53887,-0.180208
1.79371,2.85582,-0.255801,-2.36546,-1.41195,0.159079,-1.53875,-0.180421
1.79477,2.85601,-0.255839,-2.36541,-1.4119,0.159097,-1.53863,-0.180633
1.79598,2.85621,-0.255877,-2.36536,-1.41185,0.159115,-1.53852,-0.180845
1.79685,2.85641,-0.255914,-2.36531,-1.4118,0.159132,-1.5384,-0.181057
1.79785,2.85661,-0.255951,-2.36526,-1.41175,0.15915,-1.53828,-0.181269
1.79901,2.85681,-0.255987,-2.36521,-1.4117,0.159167,-1.53816,-0.18148
1.79964,2.857,-0.256022,-2.36516,-1.41166,0.159185,-1.53805,-0.181692
1.80096,2.8572,-0.256057,-2.36512,-1.41161,0.159203,-1.53793,-0.181904
1.80198,2.8574,-0.256092,-2.36507,-1.41156,0.15922,-1.53781,-0.182115
1.8038,2.85759,-0.256126,-2.36502,-1.41152,0.159238,-1.53769,-0.182326
1.80499,2.85799,-0.256192,-2.36492,-1.41143,0.159273,-1.53746,-0.182749
1.80561,2.85818,-0.256224,-2.36487,-1.41138,0.159291,-1.53734,-0.18296
1.80679,2.85838,-0.256256,-2.36483,-1.41134,0.159309,-1.53722,-0.183171
1.80861,2.85857,-0.256287,-2.36478,-1.4113,0.159327,-1.5371,-0.183381
1.80868,2.85877,-0.256318,-2.36473,-1.41125,0.159344,-1.53698,-0.183592
1.80985,2.85896,-0.256348,-2.36468,-1.41121,0.159362,-1.53686,-0.183803
1.81102,2.85915,-0.256377,-2.36464,-1.41117,0.15938,-1.53674,-0.184013
1.81168,2.85935,-0.256406,-2.36459,-1.41113,0.159398,-1.53662,-0.184223
1.81285,2.85954,-0.256434,-2.36454,-1.41108,0.159416,-1.5365,-0.184434
1.814,2.85973,-0.256462,-2.3645,-1.41104,0.159434,-1.53638,-0.184644
1.81517,2.85993,-0.256489,-2.36445,-1.411,0.159451,-1.53627,-0.184854
1.81581,2.86012,-0.256516,-2.3644,-1.41096,0.159469,-1.53615,-0.185064
1.81696,2.86031,-0.256542,-2.36436,-1.41092,0.159487,-1.53603,-0.185273
1.81812,2.8605,-0.256568,-2.36431,-1.41088,0.159505,-1.53591,-0.185483
1.81938,2.86069,-0.256593,-2.36426,-1.41084,0.159523,-1.53579,-0.185693
1.81998,2.86088,-0.256618,-2.36422,-1.41081,0.159541,-1.53566,-0.185902
1.8211,2.86107,-0.256642,-2.36417,-1.41077,0.159559,-1.53554,-0.186111
1.82294,2.86126,-0.256665,-2.36413,-1.41073,0.159577,-1.53542,-0.18632
1.82356,2.86145,-0.256688,-2.36408,-1.41069,0.159595,-1.5353,-0.186529
1.82412,2.86164,-0.25671,-2.36404,-1.41066,0.159613,-1.53518,-0.186738
1.82531,2.86183,-0.256732,-2.36399,-1.41062,0.159632,-1.53506,-0.186947
1.82652,2.86202,-0.256753,-2.36395,-1.41058,0.15965,-1.53494,-0.187156
1.82713,2.86221,-0.256773,-2.3639,-1.41055,0.159668,-1.53482,-0.187364
1.82888,2.8624,-0.256794,-2.36386,-1.41051,0.159686,-1.5347,-0.187573
1.82955,2.86259,-0.256813,-2.36381,-1.41048,0.159704,-1.53458,-0.187781
1.83018,2.86277,-0.256832,-2.36377,-1.41045,0.159723,-1.53446,-0.187989
1.83129,2.86296,-0.25685,-2.36372,-1.41041,0.159741,-1.53433,-0.188198
1.83248,2.86315,-0.256868,-2.36368,-1.41038,0.159759,-1.53421,-0.188406
1.83366,2.86333,-0.256885,-2.36363,-1.41035,0.159777,-1.53409,-0.188613
1.83464,2.86352,-0.256902,-2.36359,-1.41031,0.159796,-1.53397,-0.188821
1.8362,2.86389,-0.256933,-2.3635,-1.41025,0.159833,-1.53372,-0.189236
1.83795,2.86408,-0.256949,-2.36346,-1.41022,0.159851,-1.5336,-0.189444
1.83919,2.86445,-0.256977,-2.36337,-1.41016,0.159888,-1.53336,-0.189858
1.84034,2.86463,-0.25699,-2.36333,-1.41013,0.159907,-1.53323,-0.190065
1.84153,2.86481,-0.257003,-2.36329,-1.4101,0.159925,-1.53311,-0.190272
1.84268,2.865,-0.257015,-2.36324,-1.41007,0.159944,-1.53299,-0.190479
1.84392,2.86518,-0.257027,-2.3632,-1.41004,0.159962,-1.53286,-0.190686
1.84453,2.86536,-0.257038,-2.36316,-1.41001,0.159981,-1.53274,-0.190892
1.84565,2.86555,-0.257049,-2.36312,-1.40998,0.159999,-1.53262,-0.191099
1.84627,2.86573,-0.257059,-2.36307,-1.40996,0.160018,-1.53249,-0.191305
1.84748,2.86591,-0.257068,-2.36303,-1.40993,0.160037,-1.53237,-0.191511
1.84865,2.86609,-0.257077,-2.36299,-1.4099,0.160056,-1.53225,-0.191717
1.8498,2.86627,-0.257085,-2.36295,-1.40988,0.160074,-1.53212,-0.191923
1.85044,2.86645,-0.257093,-2.36291,-1.40985,0.160093,-1.532,-0.192129
1.85169,2.86663,-0.2571,-2.36287,-1.40983,0.160112,-1.53188,-0.192335
1.85277,2.86681,-0.257107,-2.36282,-1.4098,0.160131,-1.53175,-0.19254
1.85342,2.86699,-0.257113,-2.36278,-1.40978,0.16015,-1.53163,-0.192746
1.85459,2.86717,-0.257119,-2.36274,-1.40976,0.160168,-1.5315,-0.192951
1.85575,2.86735,-0.257124,-2.3627,-1.40973,0.160187,-1.53138,-0.193156
1.85638,2.86753,-0.257128,-2.36266,-1.40971,0.160206,-1.53125,-0.193362
1.85765,2.86771,-0.257132,-2.36262,-1.40969,0.160225,-1.53113,-0.193567
1.85887,2.86789,-0.257136,-2.36258,-1.40966,0.160244,-1.531,-0.193771
1.85989,2.86806,-0.257138,-2.36254,-1.40964,0.160263,-1.53088,-0.193976
1.86076,2.86824,-0.257141,-2.3625,-1.40962,0.160282,-1.53075,-0.194181
1.86177,2.86842,-0.257142,-2.36246,-1.4096,0.160301,-1.53063,-0.194385
1.86288,2.8686,-0.257143,-2.36242,-1.40958,0.160321,-1.5305,-0.19459
1.8641,2.86877,-0.257144,-2.36238,-1.40956,0.16034,-1.53038,-0.194794
1.86469,2.86895,-0.257144,-2.36234,-1.40954,0.160359,-1.53025,-0.194998
1.86583,2.86912,-0.257144,-2.3623,-1.40952,0.160378,-1.53013,-0.195202
1.86733,2.8693,-0.257144,-2.36226,-1.4095,0.160396,-1.53,-0.195406
1.8681,2.86948,-0.257144,-2.36222,-1.40948,0.160414,-1.52987,-0.19561
1.86868,2.86965,-0.257143,-2.36218,-1.40946,0.160432,-1.52975,-0.195814
1.86994,2.86982,-0.257143,-2.36214,-1.40944,0.16045,-1.52962,-0.196018
1.87112,2.87,-0.257142,-2.3621,-1.40943,0.160467,-1.5295,-0.196221
1.87165,2.87017,-0.257141,-2.36206,-1.40941,0.160485,-1.52937,-0.196425
1.87277,2.87035,-0.257141,-2.36202,-1.40939,0.160502,-1.52924,-0.196628
1.87394,2.87052,-0.257139,-2.36198,-1.40937,0.160519,-1.52912,-0.196831
1.87621,2.87069,-0.257138,-2.36194,-1.40935,0.160535,-1.52899,-0.197035
1.87679,2.87086,-0.257136,-2.36191,-1.40933,0.160552,-1.52886,-0.197238
1.87915,2.87104,-0.257134,-2.36187,-1.40932,0.160568,-1.52874,-0.19744
1.88029,2.87121,-0.257132,-2.36183,-1.4093,0.160584,-1.52861,-0.197643
1.88147,2.87138,-0.257129,-2.36179,-1.40928,0.160601,-1.52848,-0.197846
1.88263,2.87155,-0.257126,-2.36175,-1.40927,0.160617,-1.52836,-0.198048
1.88555,2.87172,-0.257123,-2.36171,-1.40925,0.160633,-1.52823,-0.198251
1.8867,2.87206,-0.257115,-2.36164,-1.40922,0.160665,-1.52798,-0.198655
1.88903,2.87223,-0.257111,-2.3616,-1.40921,0.16068,-1.52785,-0.198857
1.88909,2.8724,-0.257106,-2.36156,-1.40919,0.160696,-1.52772,-0.199059
1.89095,2.87257,-0.2571,-2.36152,-1.40918,0.160712,-1.52759,-0.19926
1.89142,2.87274,-0.257094,-2.36148,-1.40916,0.160728,-1.52747,-0.199462
1.89222,2.87291,-0.257088,-2.36145,-1.40915,0.160743,-1.52734,-0.199663
1.89319,2.87308,-0.257081,-2.36141,-1.40914,0.160759,-1.52721,-0.199865
1.89504,2.87341,-0.257066,-2.36133,-1.40911,0.16079,-1.52695,-0.200267
1.89681,2.87358,-0.257058,-2.3613,-1.4091,0.160806,-1.52683,-0.200468
1.89806,2.87374,-0.257049,-2.36126,-1.40909,0.160821,-1.5267,-0.200668
1.89879,2.87391,-0.25704,-2.36122,-1.40908,0.160837,-1.52657,-0.200869
1.89936,2.87408,-0.257031,-2.36118,-1.40907,0.160853,-1.52644,-0.201069
1.90052,2.87424,-0.257021,-2.36115,-1.40906,0.160868,-1.52631,-0.20127
1.90122,2.87441,-0.25701,-2.36111,-1.40905,0.160884,-1.52618,-0.20147
1.90229,2.87457,-0.256999,-2.36107,-1.40904,0.160899,-1.52606,-0.20167
1.90367,2.87474,-0.256988,-2.36104,-1.40903,0.160915,-1.52593,-0.20187
1.90466,2.8749,-0.256976,-2.361,-1.40903,0.160931,-1.5258,-0.20207
1.9059,2.87506,-0.256963,-2.36096,-1.40902,0.160946,-1.52567,-0.202269
1.90652,2.87523,-0.25695,-2.36093,-1.40901,0.160962,-1.52554,-0.202469
1.90771,2.87539,-0.256937,-2.36089,-1.409,0.160977,-1.52541,-0.202668
1.9095,2.87555,-0.256923,-2.36086,-1.409,0.160993,-1.52528,-0.202867
1.91065,2.87588,-0.256893,-2.36078,-1.40899,0.161024,-1.52502,-0.203265
1.91181,2.87604,-0.256877,-2.36075,-1.40898,0.16104,-1.52489,-0.203464
1.91255,2.8762,-0.256861,-2.36071,-1.40898,0.161056,-1.52476,-0.203663
1.91362,2.87636,-0.256845,-2.36068,-1.40897,0.161072,-1.52463,-0.203861
1.91485,2.87652,-0.256828,-2.36064,-1.40897,0.161088,-1.5245,-0.20406
1.91619,2.87668,-0.25681,-2.36061,-1.40897,0.161103,-1.52437,-0.204258
1.91692,2.87684,-0.256792,-2.36057,-1.40896,0.161119,-1.52424,-0.204456
1.91794,2.877,-0.256773,-2.36054,-1.40896,0.161135,-1.52411,-0.204654
1.91909,2.87716,-0.256754,-2.3605,-1.40896,0.161151,-1.52398,-0.204852
1.9197,2.87732,-0.256734,-2.36047,-1.40896,0.161167,-1.52385,-0.20505
1.9209,2.87748,-0.256713,-2.36043,-1.40896,0.161183,-1.52372,-0.205248
1.92213,2.87764,-0.256693,-2.3604,-1.40896,0.161199,-1.52359,-0.205445
1.92294,2.87779,-0.256671,-2.36036,-1.40896,0.161215,-1.52346,-0.205643
1.92396,2.87795,-0.256649,-2.36033,-1.40896,0.161231,-1.52333,-0.20584
1.92523,2.87811,-0.256627,-2.3603,-1.40896,0.161247,-1.52319,-0.206037
1.92586,2.87827,-0.256605,-2.36026,-1.40896,0.161263,-1.52306,-0.206234
1.927,2.87842,-0.256582,-2.36023,-1.40896,0.161279,-1.52293,-0.206431
1.92815,2.87858,-0.256559,-2.36019,-1.40896,0.161294,-1.5228,-0.206628
1.92879,2.87873,-0.256535,-2.36016,-1.40896,0.16131,-1.52266,-0.206825
1.92997,2.87889,-0.256511,-2.36013,-1.40896,0.161326,-1.52253,-0.207021
1.93113,2.87905,-0.256487,-2.3601,-1.40896,0.161341,-1.5224,-0.207218
1.93237,2.8792,-0.256462,-2.36006,-1.40896,0.161357,-1.52226,-0.207415
1.93316,2.87936,-0.256437,-2.36003,-1.40896,0.161372,-1.52213,-0.207611
1.93431,2.87951,-0.256411,-2.36,-1.40896,0.161387,-1.52199,-0.207807
1.93555,2.87967,-0.256385,-2.35997,-1.40896,0.161403,-1.52186,-0.208003
1.93614,2.87982,-0.256359,-2.35993,-1.40896,0.161418,-1.52172,-0.2082
1.93731,2.87997,-0.256332,-2.3599,-1.40896,0.161434,-1.52158,-0.208396
1.93845,2.88013,-0.256305,-2.35987,-1.40896,0.161449,-1.52145,-0.208591
1.94032,2.88028,-0.256278,-2.35984,-1.40896,0.161464,-1.52131,-0.208787
1.94041,2.88043,-0.25625,-2.35981,-1.40896,0.161479,-1.52117,-0.208983
1.94219,2.88059,-0.256222,-2.35978,-1.40896,0.161494,-1.52103,-0.209178
1.94334,2.88089,-0.256164,-2.35971,-1.40896,0.161525,-1.52076,-0.209569
1.94446,2.88104,-0.256134,-2.35968,-1.40896,0.16154,-1.52062,-0.209764
1.94566,2.88119,-0.256104,-2.35965,-1.40896,0.161555,-1.52048,-0.209959
1.94684,2.88135,-0.256074,-2.35962,-1.40896,0.16157,-1.52034,-0.210154
1.94746,2.8815,-0.256043,-2.35959,-1.40896,0.161585,-1.5202,-0.210349
1.94861,2.88165,-0.256011,-2.35956,-1.40896,0.1616,-1.52006,-0.210544
1.94922,2.8818,-0.25598,-2.35953,-1.40896,0.161615,-1.51992,-0.210738
1.95042,2.88195,-0.255947,-2.3595,-1.40896,0.16163,-1.51978,-0.210933
1.95168,2.8821,-0.255915,-2.35947,-1.40896,0.161645,-1.51964,-0.211127
1.95307,2.88225,-0.255882,-2.35944,-1.40896,0.16166,-1.5195,-0.211321
1.95346,2.8824,-0.255848,-2.35942,-1.40896,0.161675,-1.51936,-0.211516
1.95471,2.88255,-0.255814,-2.35939,-1.40897,0.16169,-1.51922,-0.211709
1.95592,2.88269,-0.255779,-2.35936,-1.40897,0.161705,-1.51907,-0.211903
1.95653,2.88284,-0.255744,-2.35933,-1.40897,0.16172,-1.51893,-0.212097
1.95772,2.88299,-0.255708,-2.3593,-1.40897,0.161735,-1.51879,-0.21229
1.95875,2.88314,-0.255672,-2.35927,-1.40897,0.161751,-1.51865,-0.212484
1.95998,2.88328,-0.255635,-2.35924,-1.40898,0.161766,-1.51851,-0.212677
1.96067,2.88343,-0.255598,-2.35921,-1.40898,0.161781,-1.51837,-0.21287
1.96131,2.88358,-0.25556,-2.35919,-1.40898,0.161797,-1.51822,-0.213063
1.96247,2.88372,-0.255521,-2.35916,-1.40899,0.161812,-1.51808,-0.213256
1.96376,2.88387,-0.255483,-2.35913,-1.40899,0.161827,-1.51794,-0.213448
1.96429,2.88402,-0.255443,-2.3591,-1.409,0.161843,-1.5178,-0.213641
1.96546,2.88416,-0.255403,-2.35907,-1.409,0.161858,-1.51765,-0.213833
1.96663,2.88431,-0.255363,-2.35905,-1.40901,0.161874,-1.51751,-0.214025
1.96728,2.88445,-0.255322,-2.35902,-1.40901,0.16189,-1.51737,-0.214217
1.96858,2.88459,-0.25528,-2.35899,-1.40902,0.161905,-1.51723,-0.214409
1.96972,2.88474,-0.255238,-2.35896,-1.40902,0.161921,-1.51708,-0.214601
1.97035,2.88488,-0.255195,-2.35894,-1.40903,0.161937,-1.51694,-0.214793
1.97214,2.88502,-0.255152,-2.35891,-1.40904,0.161953,-1.5168,-0.214984
1.97272,2.88517,-0.255108,-2.35888,-1.40904,0.161969,-1.51665,-0.215175
1.97337,2.88531,-0.255064,-2.35886,-1.40905,0.161985,-1.51651,-0.215366
1.97455,2.88545,-0.255019,-2.35883,-1.40906,0.162001,-1.51637,-0.215557
1.9757,2.88559,-0.254973,-2.3588,-1.40907,0.162017,-1.51622,-0.215748
1.97688,2.88573,-0.254927,-2.35878,-1.40908,0.162033,-1.51608,-0.215939
1.97776,2.88587,-0.254881,-2.35875,-1.40908,0.162049,-1.51593,-0.216129
1.97874,2.88601,-0.254833,-2.35872,-1.40909,0.162065,-1.51579,-0.21632
1.97996,2.88615,-0.254786,-2.3587,-1.4091,0.162081,-1.51565,-0.21651
1.98058,2.88629,-0.254737,-2.35867,-1.40911,0.162098,-1.5155,-0.2167
1.98175,2.88643,-0.254688,-2.35865,-1.40913,0.162114,-1.51536,-0.21689
1.98294,2.88657,-0.254639,-2.35862,-1.40914,0.162131,-1.51521,-0.21708
1.9836,2.88671,-0.254589,-2.3586,-1.40915,0.162147,-1.51507,-0.217269
1.98474,2.88685,-0.254538,-2.35857,-1.40916,0.162164,-1.51493,-0.217459
1.98593,2.88699,-0.254487,-2.35854,-1.40917,0.16218,-1.51478,-0.217648
1.98659,2.88712,-0.254435,-2.35852,-1.40919,0.162197,-1.51464,-0.217837
1.98781,2.88726,-0.254383,-2.35849,-1.4092,0.162214,-1.51449,-0.218026
1.98894,2.8874,-0.25433,-2.35847,-1.40921,0.162231,-1.51435,-0.218215
1.98961,2.88753,-0.254276,-2.35844,-1.40923,0.162248,-1.5142,-0.218404
1.99078,2.88767,-0.254222,-2.35842,-1.40924,0.162264,-1.51406,-0.218592
1.99197,2.88781,-0.254167,-2.3584,-1.40926,0.162281,-1.51391,-0.218781
1.9926,2.88794,-0.254112,-2.35837,-1.40927,0.162299,-1.51377,-0.218969
1.99378,2.88808,-0.254056,-2.35835,-1.40929,0.162316,-1.51362,-0.219157
1.99501,2.88821,-0.254,-2.35832,-1.4093,0.162333,-1.51348,-0.219345
1.99571,2.88835,-0.253943,-2.3583,-1.40932,0.16235,-1.51333,-0.219533
1.99683,2.88848,-0.253885,-2.35827,-1.40934,0.162367,-1.51318,-0.219721
1.99801,2.88861,-0.253827,-2.35825,-1.40935,0.162385,-1.51304,-0.219908
1.99863,2.88875,-0.253768,-2.35823,-1.40937,0.162402,-1.51289,-0.220095
1.99979,2.88888,-0.253709,-2.3582,-1.40939,0.162419,-1.51275,-0.220283
2.00094,2.88901,-0.253649,-2.35818,-1.40941,0.162437,-1.5126,-0.22047
2.00156,2.88914,-0.253588,-2.35816,-1.40943,0.162454,-1.51245,-0.220657
2.0027,2.88928,-0.253527,-2.35813,-1.40945,0.162472,-1.51231,-0.220843
2.00387,2.88941,-0.253466,-2.35811,-1.40947,0.16249,-1.51216,-0.22103
2.00474,2.88954,-0.253403,-2.35809,-1.40949,0.162507,-1.51202,-0.221216
2.0059,2.88967,-0.253341,-2.35806,-1.40951,0.162525,-1.51187,-0.221403
2.00654,2.8898,-0.253277,-2.35804,-1.40953,0.162543,-1.51172,-0.221589
2.00777,2.88993,-0.253213,-2.35802,-1.40955,0.162561,-1.51158,-0.221775
2.00891,2.89006,-0.253148,-2.35799,-1.40958,0.162579,-1.51143,-0.22196
2.01009,2.89019,-0.253083,-2.35797,-1.4096,0.162597,-1.51128,-0.222146
2.01071,2.89032,-0.253017,-2.35795,-1.40962,0.162615,-1.51114,-0.222331
2.01183,2.89045,-0.252951,-2.35793,-1.40965,0.162633,-1.51099,-0.222517
2.01301,2.89057,-0.252884,-2.3579,-1.40967,0.162651,-1.51084,-0.222702
2.01367,2.8907,-0.252817,-2.35788,-1.4097,0.162669,-1.51069,-0.222887
2.0148,2.89083,-0.252748,-2.35786,-1.40972,0.162688,-1.51055,-0.223072
2.01592,2.89096,-0.25268,-2.35784,-1.40975,0.162706,-1.5104,-0.223257
2.01707,2.89108,-0.25261,-2.35782,-1.40977,0.162724,-1.51025,-0.223441
2.0177,2.89121,-0.252541,-2.3578,-1.4098,0.162743,-1.51011,-0.223625
2.01886,2.89134,-0.25247,-2.35777,-1.40983,0.162761,-1.50996,-0.22381
2.02,2.89146,-0.252399,-2.35775,-1.40985,0.16278,-1.50981,-0.223994
2.02066,2.89159,-0.252327,-2.35773,-1.40988,0.162799,-1.50966,-0.224178
2.02178,2.89171,-0.252255,-2.35771,-1.40991,0.162817,-1.50951,-0.224361
2.02295,2.89184,-0.252182,-2.35769,-1.40994,0.162836,-1.50937,-0.224545
2.02413,2.89196,-0.252109,-2.35767,-1.40997,0.162855,-1.50922,-0.224728
2.02477,2.89208,-0.252035,-2.35765,-1.41,0.162874,-1.50907,-0.224912
2.02594,2.89221,-0.25196,-2.35763,-1.41003,0.162892,-1.50892,-0.225095
2.02707,2.89233,-0.251885,-2.35761,-1.41006,0.162911,-1.50877,-0.225278
2.0277,2.89245,-0.251809,-2.35759,-1.41009,0.16293,-1.50862,-0.225461
2.02887,2.89258,-0.251733,-2.35757,-1.41012,0.162949,-1.50848,-0.225643
2.03074,2.8927,-0.251656,-2.35755,-1.41015,0.162969,-1.50833,-0.225826
2.03075,2.89282,-0.251578,-2.35753,-1.41019,0.162988,-1.50818,-0.226008
2.03196,2.89294,-0.2515,-2.35751,-1.41022,0.163007,-1.50803,-0.22619
2.03309,2.89306,-0.251421,-2.35749,-1.41025,0.163026,-1.50788,-0.226372
2.03376,2.89318,-0.251342,-2.35747,-1.41029,0.163046,-1.50773,-0.226554
2.03484,2.8933,-0.251262,-2.35745,-1.41032,0.163065,-1.50758,-0.226736
2.036,2.89342,-0.251182,-2.35743,-1.41036,0.163084,-1.50743,-0.226917
2.03785,2.89354,-0.251101,-2.35741,-1.41039,0.163104,-1.50728,-0.227099
2.0379,2.89366,-0.251019,-2.35739,-1.41043,0.163123,-1.50713,-0.22728
2.03907,2.89378,-0.250936,-2.35737,-1.41046,0.163143,-1.50698,-0.227461
2.04037,2.8939,-0.250854,-2.35735,-1.4105,0.163163,-1.50683,-0.227642
2.04084,2.89402,-0.25077,-2.35733,-1.41054,0.163182,-1.50668,-0.227822
2.04202,2.89413,-0.250686,-2.35731,-1.41057,0.163202,-1.50653,-0.228003
2.04321,2.89425,-0.250601,-2.35729,-1.41061,0.163222,-1.50638,-0.228183
2.04386,2.89437,-0.250516,-2.35727,-1.41065,0.163242,-1.50623,-0.228363
2.04499,2.89448,-0.25043,-2.35726,-1.41069,0.163262,-1.50608,-0.228543
2.04623,2.8946,-0.250344,-2.35724,-1.41073,0.163282,-1.50593,-0.228723
2.04744,2.89472,-0.250257,-2.35722,-1.41077,0.163302,-1.50578,-0.228903
2.04806,2.89483,-0.250169,-2.3572,-1.41081,0.163322,-1.50563,-0.229082
2.04926,2.89495,-0.250081,-2.35718,-1.41085,0.163342,-1.50548,-0.229262
2.04988,2.89506,-0.249992,-2.35717,-1.41089,0.163363,-1.50533,-0.229441
2.05106,2.89518,-0.249902,-2.35715,-1.41094,0.163383,-1.50518,-0.22962
2.05223,2.89529,-0.249812,-2.35713,-1.41098,0.163403,-1.50503,-0.229799
2.05341,2.8954,-0.249722,-2.35711,-1.41102,0.163424,-1.50488,-0.229977
2.05402,2.89552,-0.249631,-2.35709,-1.41106,0.163444,-1.50473,-0.230156
2.0552,2.89563,-0.249539,-2.35708,-1.41111,0.163465,-1.50458,-0.230334
2.05639,2.89574,-0.249446,-2.35706,-1.41115,0.163485,-1.50443,-0.230512
2.05701,2.89585,-0.249353,-2.35704,-1.4112,0.163506,-1.50427,-0.23069
2.05835,2.89597,-0.24926,-2.35703,-1.41124,0.163526,-1.50412,-0.230868
2.05947,2.89608,-0.249165,-2.35701,-1.41129,0.163547,-1.50397,-0.231046
2.06004,2.89619,-0.249071,-2.35699,-1.41133,0.163568,-1.50382,-0.231223
2.06122,2.8963,-0.248975,-2.35698,-1.41138,0.163589,-1.50367,-0.231401
2.06241,2.89641,-0.248879,-2.35696,-1.41143,0.16361,-1.50352,-0.231578
2.0631,2.89652,-0.248783,-2.35694,-1.41148,0.163631,-1.50336,-0.231755
2.06427,2.89663,-0.248686,-2.35693,-1.41152,0.163652,-1.50321,-0.231932
2.06544,2.89674,-0.248588,-2.35691,-1.41157,0.163673,-1.50306,-0.232108
2.06606,2.89685,-0.248489,-2.35689,-1.41162,0.163694,-1.50291,-0.232285
2.06722,2.89696,-0.248391,-2.35688,-1.41167,0.163715,-1.50275,-0.232461
2.06841,2.89706,-0.248291,-2.35686,-1.41172,0.163736,-1.5026,-0.232637
2.0701,2.89717,-0.248191,-2.35685,-1.41177,0.163757,-1.50245,-0.232813
2.07127,2.89739,-0.247989,-2.35682,-1.41187,0.1638,-1.50214,-0.233165
2.07247,2.89749,-0.247887,-2.3568,-1.41193,0.163821,-1.50199,-0.233341
2.07378,2.8976,-0.247784,-2.35679,-1.41198,0.163843,-1.50184,-0.233516
2.07442,2.89771,-0.247681,-2.35677,-1.41203,0.163864,-1.50168,-0.233691
2.07561,2.89781,-0.247578,-2.35676,-1.41208,0.163886,-1.50153,-0.233866
2.07679,2.89792,-0.247473,-2.35674,-1.41214,0.163908,-1.50138,-0.234041
2.07818,2.89813,-0.247263,-2.35671,-1.41225,0.163951,-1.50107,-0.23439
2.07997,2.89823,-0.247157,-2.3567,-1.4123,0.163973,-1.50092,-0.234565
2.08055,2.89833,-0.24705,-2.35668,-1.41236,0.163995,-1.50076,-0.234739
2.08125,2.89844,-0.246943,-2.35667,-1.41241,0.164016,-1.50061,-0.234913
2.08236,2.89854,-0.246835,-2.35665,-1.41247,0.164038,-1.50046,-0.235087
2.08371,2.89864,-0.246726,-2.35664,-1.41253,0.16406,-1.5003,-0.23526
2.08433,2.89875,-0.246617,-2.35662,-1.41258,0.164082,-1.50015,-0.235434
2.08575,2.89885,-0.246508,-2.35661,-1.41264,0.164104,-1.49999,-0.235607
2.08669,2.89895,-0.246397,-2.3566,-1.4127,0.164127,-1.49984,-0.23578
2.0873,2.89905,-0.246286,-2.35658,-1.41276,0.164149,-1.49969,-0.235953
2.08847,2.89915,-0.246175,-2.35657,-1.41282,0.164171,-1.49953,-0.236126
2.08964,2.89925,-0.246063,-2.35656,-1.41288,0.164193,-1.49938,-0.236299
2.09025,2.89935,-0.24595,-2.35654,-1.41294,0.164216,-1.49922,-0.236471
2.09136,2.89945,-0.245837,-2.35653,-1.413,0.164238,-1.49907,-0.236643
2.09254,2.89955,-0.245723,-2.35652,-1.41306,0.16426,-1.49891,-0.236816
2.09369,2.89965,-0.245609,-2.3565,-1.41312,0.164283,-1.49876,-0.236987
2.09439,2.89975,-0.245494,-2.35649,-1.41318,0.164306,-1.4986,-0.237159
2.0956,2.89985,-0.245378,-2.35648,-1.41325,0.164328,-1.49845,-0.237331
2.09667,2.89995,-0.245262,-2.35647,-1.41331,0.164351,-1.49829,-0.237502
2.09739,2.90004,-0.245145,-2.35645,-1.41337,0.164373,-1.49813,-0.237674
2.09863,2.90014,-0.245028,-2.35644,-1.41344,0.164396,-1.49798,-0.237845
2.09987,2.90024,-0.24491,-2.35643,-1.4135,0.164419,-1.49782,-0.238015
2.10037,2.90033,-0.244791,-2.35642,-1.41357,0.164442,-1.49767,-0.238186
2.10147,2.90043,-0.244672,-2.3564,-1.41363,0.164465,-1.49751,-0.238357
2.10264,2.90053,-0.244552,-2.35639,-1.4137,0.164488,-1.49736,-0.238527
2.1033,2.90062,-0.244432,-2.35638,-1.41376,0.164511,-1.4972,-0.238697
2.10442,2.90072,-0.244311,-2.35637,-1.41383,0.164534,-1.49704,-0.238867
2.10561,2.90081,-0.24419,-2.35636,-1.4139,0.164557,-1.49689,-0.239037
2.10625,2.90091,-0.244068,-2.35635,-1.41397,0.16458,-1.49673,-0.239207
2.1076,2.901,-0.243945,-2.35633,-1.41403,0.164603,-1.49657,-0.239376
2.10865,2.90109,-0.243821,-2.35632,-1.4141,0.164626,-1.49642,-0.239546
2.10932,2.90119,-0.243698,-2.35631,-1.41417,0.16465,-1.49626,-0.239715
2.11051,2.90128,-0.243573,-2.3563,-1.41424,0.164673,-1.4961,-0.239884
2.11165,2.90137,-0.243448,-2.35629,-1.41431,0.164697,-1.49595,-0.240053
2.1123,2.90146,-0.243323,-2.35628,-1.41438,0.16472,-1.49579,-0.240221
2.11343,2.90156,-0.243196,-2.35627,-1.41445,0.164743,-1.49563,-0.24039
2.11461,2.90165,-0.24307,-2.35626,-1.41453,0.164767,-1.49548,-0.240558
2.11596,2.90174,-0.242942,-2.35625,-1.4146,0.164791,-1.49532,-0.240726
2.11644,2.90183,-0.242814,-2.35624,-1.41467,0.164814,-1.49516,-0.240894
2.11758,2.90192,-0.242686,-2.35623,-1.41474,0.164838,-1.495,-0.241062
2.11877,2.90201,-0.242556,-2.35622,-1.41482,0.164862,-1.49485,-0.241229
2.11946,2.9021,-0.242427,-2.35621,-1.41489,0.164885,-1.49469,-0.241397
2.12065,2.90219,-0.242296,-2.3562,-1.41496,0.164909,-1.49453,-0.241564
2.12301,2.90237,-0.242034,-2.35618,-1.41511,0.164957,-1.49422,-0.241898
2.12375,2.90245,-0.241902,-2.35617,-1.41519,0.164981,-1.49406,-0.242064
2.12456,2.90254,-0.241769,-2.35616,-1.41527,0.165005,-1.4939,-0.242231
2.12552,2.90263,-0.241636,-2.35615,-1.41534,0.165029,-1.49374,-0.242397
2.1268,2.90272,-0.241502,-2.35614,-1.41542,0.165053,-1.49358,-0.242563
2.1274,2.9028,-0.241367,-2.35613,-1.4155,0.165078,-1.49342,-0.242729
2.1286,2.90289,-0.241232,-2.35612,-1.41557,0.165102,-1.49327,-0.242895
2.12969,2.90297,-0.241097,-2.35611,-1.41565,0.165126,-1.49311,-0.24306
2.13042,2.90306,-0.240961,-2.3561,-1.41573,0.165151,-1.49295,-0.243226
2.13208,2.90315,-0.240824,-2.35609,-1.41581,0.165175,-1.49279,-0.243391
2.13268,2.90323,-0.240686,-2.35609,-1.41589,0.165199,-1.49263,-0.243556
2.13447,2.90332,-0.240548,-2.35608,-1.41597,0.165224,-1.49247,-0.243721
2.13561,2.90348,-0.240271,-2.35606,-1.41613,0.165273,-1.49215,-0.24405
2.13678,2.90357,-0.240131,-2.35605,-1.41621,0.165298,-1.49199,-0.244214
2.13869,2.90365,-0.239991,-2.35604,-1.4163,0.165322,-1.49183,-0.244379
2.13971,2.90381,-0.239708,-2.35603,-1.41646,0.165372,-1.49152,-0.244706
2.14085,2.9039,-0.239566,-2.35602,-1.41654,0.165397,-1.49136,-0.24487
2.14257,2.90398,-0.239423,-2.35601,-1.41663,0.165422,-1.4912,-0.245033
2.14313,2.90406,-0.23928,-2.35601,-1.41671,0.165447,-1.49104,-0.245196
2.14379,2.90414,-0.239136,-2.356,-1.4168,0.165472,-1.49088,-0.245359
2.14494,2.90422,-0.238991,-2.35599,-1.41688,0.165497,-1.49072,-0.245522
2.14608,2.9043,-0.238846,-2.35598,-1.41697,0.165522,-1.49056,-0.245685
2.14729,2.90438,-0.238701,-2.35598,-1.41706,0.165547,-1.49039,-0.245847
2.14793,2.90446,-0.238554,-2.35597,-1.41714,0.165572,-1.49023,-0.24601
2.14909,2.90454,-0.238407,-2.35596,-1.41723,0.165597,-1.49007,-0.246172
2.15025,2.90462,-0.23826,-2.35596,-1.41732,0.165623,-1.48991,-0.246334
2.15089,2.9047,-0.238112,-2.35595,-1.4174,0.165648,-1.48975,-0.246495
2.1527,2.90477,-0.237963,-2.35594,-1.41749,0.165674,-1.48959,-0.246657
2.15325,2.90485,-0.237814,-2.35594,-1.41758,0.165699,-1.48943,-0.246818
2.15387,2.90493,-0.237664,-2.35593,-1.41767,0.165725,-1.48927,-0.246979
2.15505,2.90501,-0.237514,-2.35592,-1.41776,0.16575,-1.48911,-0.24714
2.15624,2.90508,-0.237363,-2.35592,-1.41785,0.165776,-1.48895,-0.247301
2.15741,2.90516,-0.237212,-2.35591,-1.41794,0.165801,-1.48879,-0.247461
2.15799,2.90523,-0.23706,-2.35591,-1.41803,0.165827,-1.48862,-0.247622
2.15915,2.90531,-0.236907,-2.3559,-1.41813,0.165853,-1.48846,-0.247782
2.16033,2.90538,-0.236754,-2.3559,-1.41822,0.165879,-1.4883,-0.247942
2.16104,2.90546,-0.2366,-2.35589,-1.41831,0.165905,-1.48814,-0.248101
2.16219,2.90553,-0.236446,-2.35589,-1.4184,0.16593,-1.48798,-0.248261
2.16333,2.90561,-0.236291,-2.35588,-1.4185,0.165956,-1.48782,-0.24842
2.16456,2.90568,-0.236135,-2.35587,-1.41859,0.165982,-1.48765,-0.248579
2.16514,2.90575,-0.235979,-2.35587,-1.41868,0.166009,-1.48749,-0.248738
2.16631,2.90583,-0.235822,-2.35586,-1.41878,0.166035,-1.48733,-0.248897
2.16762,2.9059,-0.235665,-2.35586,-1.41887,0.166061,-1.48717,-0.249056
2.16822,2.90597,-0.235507,-2.35586,-1.41897,0.166087,-1.48701,-0.249214
2.16885,2.90604,-0.235348,-2.35585,-1.41907,0.166113,-1.48684,-0.249372
2.17008,2.90611,-0.235189,-2.35585,-1.41916,0.16614,-1.48668,-0.24953
2.1712,2.90618,-0.235029,-2.35584,-1.41926,0.166166,-1.48652,-0.249688
2.17236,2.90625,-0.234869,-2.35584,-1.41936,0.166193,-1.48635,-0.249846
2.17309,2.90633,-0.234708,-2.35583,-1.41946,0.166219,-1.48619,-0.250003
2.17434,2.90639,-0.234547,-2.35583,-1.41955,0.166246,-1.48603,-0.25016
2.17493,2.90646,-0.234385,-2.35583,-1.41965,0.166272,-1.48587,-0.250318
2.17638,2.90653,-0.234222,-2.35582,-1.41975,0.166299,-1.4857,-0.250474
2.17732,2.9066,-0.234059,-2.35582,-1.41985,0.166325,-1.48554,-0.250631
2.17797,2.90667,-0.233895,-2.35581,-1.41995,0.166352,-1.48538,-0.250787
2.18033,2.90674,-0.233731,-2.35581,-1.42005,0.166379,-1.48521,-0.250944
2.18042,2.90681,-0.233566,-2.35581,-1.42015,0.166406,-1.48505,-0.2511
2.181,2.90687,-0.2334,-2.3558,-1.42026,0.166433,-1.48489,-0.251256
2.18209,2.90694,-0.233234,-2.3558,-1.42036,0.16646,-1.48472,-0.251411
2.18329,2.90701,-0.233068,-2.3558,-1.42046,0.166487,-1.48456,-0.251567
2.18447,2.90707,-0.2329,-2.35579,-1.42056,0.166514,-1.48439,-0.251722
2.18514,2.90714,-0.232733,-2.35579,-1.42067,0.166541,-1.48423,-0.251877
2.1863,2.9072,-0.232564,-2.35579,-1.42077,0.166568,-1.48407,-0.252032
2.18748,2.90727,-0.232395,-2.35579,-1.42087,0.166595,-1.4839,-0.252187
2.18811,2.90733,-0.232226,-2.35578,-1.42098,0.166622,-1.48374,-0.252341
2.18987,2.9074,-0.232056,-2.35578,-1.42108,0.166649,-1.48357,-0.252496
2.19116,2.90753,-0.231714,-2.35578,-1.4213,0.166704,-1.48324,-0.252804
2.19235,2.90759,-0.231542,-2.35578,-1.4214,0.166731,-1.48308,-0.252957
2.19313,2.90765,-0.231369,-2.35577,-1.42151,0.166759,-1.48291,-0.253111
2.19428,2.90772,-0.231196,-2.35577,-1.42162,0.166786,-1.48275,-0.253264
2.19546,2.90778,-0.231023,-2.35577,-1.42172,0.166814,-1.48258,-0.253418
2.19614,2.90784,-0.230848,-2.35577,-1.42183,0.166841,-1.48242,-0.25357
2.19796,2.9079,-0.230674,-2.35577,-1.42194,0.166869,-1.48225,-0.253723
2.19876,2.90796,-0.230498,-2.35577,-1.42205,0.166897,-1.48209,-0.253876
2.19975,2.90802,-0.230322,-2.35576,-1.42216,0.166925,-1.48192,-0.254028
2.20096,2.90808,-0.230145,-2.35576,-1.42227,0.166952,-1.48176,-0.25418
2.20154,2.90814,-0.229968,-2.35576,-1.42238,0.16698,-1.48159,-0.254332
2.20278,2.9082,-0.22979,-2.35576,-1.42249,0.167008,-1.48143,-0.254484
2.20346,2.90826,-0.229612,-2.35576,-1.4226,0.167036,-1.48126,-0.254635
2.20454,2.90832,-0.229433,-2.35576,-1.42271,0.167064,-1.48109,-0.254787
2.20568,2.90838,-0.229253,-2.35576,-1.42283,0.167092,-1.48093,-0.254938
2.20686,2.90844,-0.229073,-2.35576,-1.42294,0.16712,-1.48076,-0.255089
2.20745,2.90849,-0.228892,-2.35576,-1.42305,0.167148,-1.4806,-0.255239
2.20865,2.90855,-0.228711,-2.35576,-1.42317,0.167177,-1.48043,-0.25539
2.21015,2.90861,-0.228529,-2.35576,-1.42328,0.167205,-1.48026,-0.25554
2.21164,2.90867,-0.228347,-2.35576,-1.4234,0.167233,-1.4801,-0.25569
2.21214,2.90872,-0.228163,-2.35576,-1.42351,0.167262,-1.47993,-0.25584
2.21276,2.90878,-0.22798,-2.35576,-1.42363,0.16729,-1.47976,-0.25599
2.21458,2.90883,-0.227795,-2.35576,-1.42374,0.167318,-1.4796,-0.25614
2.2151,2.90889,-0.22761,-2.35576,-1.42386,0.167347,-1.47943,-0.256289
2.21573,2.90894,-0.227425,-2.35576,-1.42397,0.167375,-1.47926,-0.256438
2.2169,2.909,-0.227239,-2.35576,-1.42409,0.167404,-1.4791,-0.256587
2.21805,2.90905,-0.227052,-2.35576,-1.42421,0.167432,-1.47893,-0.256736
2.21869,2.9091,-0.226865,-2.35576,-1.42433,0.167461,-1.47876,-0.256885
2.21983,2.90915,-0.226677,-2.35576,-1.42445,0.167489,-1.47859,-0.257034
2.22101,2.90921,-0.226489,-2.35576,-1.42457,0.167518,-1.47843,-0.257182
2.22169,2.90926,-0.2263,-2.35576,-1.42469,0.167546,-1.47826,-0.25733
2.22282,2.90931,-0.22611,-2.35576,-1.42481,0.167575,-1.47809,-0.257478
2.22397,2.90936,-0.22592,-2.35576,-1.42493,0.167604,-1.47792,-0.257626
2.22515,2.90941,-0.225729,-2.35576,-1.42505,0.167632,-1.47776,-0.257774
2.22578,2.90946,-0.225538,-2.35576,-1.42517,0.167661,-1.47759,-0.257921
2.22698,2.90951,-0.225346,-2.35576,-1.42529,0.16769,-1.47742,-0.258069
2.22785,2.90956,-0.225154,-2.35576,-1.42541,0.167719,-1.47725,-0.258216
2.22884,2.90961,-0.224961,-2.35576,-1.42553,0.167748,-1.47708,-0.258363
2.23006,2.90966,-0.224767,-2.35576,-1.42566,0.167776,-1.47691,-0.258509
2.23086,2.9097,-0.224573,-2.35576,-1.42578,0.167805,-1.47675,-0.258656
2.23183,2.90975,-0.224378,-2.35576,-1.4259,0.167834,-1.47658,-0.258802
2.23299,2.9098,-0.224183,-2.35576,-1.42603,0.167863,-1.47641,-0.258948
2.23434,2.90985,-0.223987,-2.35576,-1.42615,0.167892,-1.47624,-0.259094
2.23479,2.90989,-0.22379,-2.35576,-1.42628,0.167921,-1.47607,-0.25924
2.23604,2.90994,-0.223593,-2.35576,-1.42641,0.16795,-1.4759,-0.259386
2.23722,2.90998,-0.223396,-2.35576,-1.42653,0.167979,-1.47573,-0.259531
2.2384,2.91003,-0.223197,-2.35576,-1.42666,0.168008,-1.47557,-0.259676
2.23901,2.91007,-0.222999,-2.35576,-1.42678,0.168037,-1.4754,-0.259821
2.24029,2.91012,-0.222799,-2.35576,-1.42691,0.168067,-1.47523,-0.259966
2.24088,2.91016,-0.222599,-2.35576,-1.42704,0.168096,-1.47506,-0.260111
2.2422,2.9102,-0.222399,-2.35576,-1.42717,0.168125,-1.47489,-0.260255
2.24324,2.91024,-0.222198,-2.35576,-1.4273,0.168154,-1.47472,-0.260399
2.24388,2.91029,-0.221996,-2.35576,-1.42743,0.168183,-1.47455,-0.260543
2.24503,2.91033,-0.221794,-2.35576,-1.42756,0.168213,-1.47438,-0.260687
2.24619,2.91037,-0.221591,-2.35576,-1.42769,0.168242,-1.47421,-0.260831
2.24757,2.91041,-0.221388,-2.35576,-1.42782,0.168271,-1.47404,-0.260974
2.24812,2.91045,-0.221184,-2.35576,-1.42795,0.168301,-1.47387,-0.261117
2.24933,2.91049,-0.220979,-2.35576,-1.42808,0.16833,-1.4737,-0.26126
2.2499,2.91053,-0.220774,-2.35576,-1.42821,0.16836,-1.47353,-0.261403
2.25169,2.91057,-0.220568,-2.35576,-1.42834,0.168389,-1.47336,-0.261545
2.25229,2.91061,-0.220362,-2.35576,-1.42848,0.168419,-1.47319,-0.261688
2.25295,2.91064,-0.220155,-2.35576,-1.42861,0.168448,-1.47302,-0.26183
2.25474,2.91068,-0.219947,-2.35576,-1.42874,0.168478,-1.47285,-0.261972
2.25527,2.91072,-0.219739,-2.35576,-1.42888,0.168508,-1.47268,-0.262114
2.257,2.91076,-0.219531,-2.35576,-1.42901,0.168537,-1.47251,-0.262255
2.25818,2.91079,-0.219322,-2.35576,-1.42915,0.168567,-1.47234,-0.262397
2.25991,2.91083,-0.219112,-2.35576,-1.42928,0.168597,-1.47216,-0.262538
2.26292,2.91086,-0.218901,-2.35576,-1.42942,0.168627,-1.47199,-0.262679
2.26301,2.9109,-0.21869,-2.35576,-1.42955,0.168656,-1.47182,-0.262819
2.26417,2.91093,-0.218479,-2.35576,-1.42969,0.168686,-1.47165,-0.26296
2.26547,2.91097,-0.218266,-2.35576,-1.42983,0.168716,-1.47148,-0.2631
2.26674,2.911,-0.218053,-2.35576,-1.42997,0.168746,-1.47131,-0.26324
2.26734,2.91103,-0.21784,-2.35576,-1.4301,0.168776,-1.47114,-0.26338
2.26837,2.91107,-0.217625,-2.35576,-1.43024,0.168807,-1.47096,-0.263519
2.26953,2.9111,-0.21741,-2.35576,-1.43038,0.168837,-1.47079,-0.263659
2.2701,2.91113,-0.217195,-2.35576,-1.43052,0.168867,-1.47062,-0.263798
2.27128,2.91116,-0.216979,-2.35576,-1.43066,0.168897,-1.47045,-0.263937
2.27297,2.91119,-0.216762,-2.35576,-1.4308,0.168928,-1.47028,-0.264075
2.27354,2.91122,-0.216544,-2.35576,-1.43094,0.168958,-1.4701,-0.264214
2.27473,2.91125,-0.216326,-2.35576,-1.43109,0.168988,-1.46993,-0.264352
2.27604,2.91128,-0.216107,-2.35576,-1.43123,0.169019,-1.46976,-0.26449
2.27652,2.91131,-0.215888,-2.35576,-1.43137,0.169049,-1.46959,-0.264628
2.27766,2.91134,-0.215668,-2.35576,-1.43151,0.16908,-1.46941,-0.264765
2.27835,2.91137,-0.215447,-2.35576,-1.43166,0.16911,-1.46924,-0.264903
2.27975,2.91139,-0.215226,-2.35576,-1.4318,0.169141,-1.46907,-0.26504
2.28063,2.91142,-0.215004,-2.35576,-1.43195,0.169172,-1.4689,-0.265177
2.28131,2.91145,-0.214781,-2.35576,-1.43209,0.169202,-1.46872,-0.265314
2.28242,2.91147,-0.214558,-2.35576,-1.43224,0.169233,-1.46855,-0.26545
2.2836,2.9115,-0.214334,-2.35576,-1.43238,0.169264,-1.46838,-0.265587
2.28541,2.91152,-0.21411,-2.35576,-1.43253,0.169295,-1.4682,-0.265723
2.2855,2.91155,-0.213885,-2.35576,-1.43268,0.169325,-1.46803,-0.265859
2.28736,2.91157,-0.213659,-2.35576,-1.43282,0.169356,-1.46786,-0.265994
2.28849,2.91162,-0.213206,-2.35576,-1.43312,0.169418,-1.46751,-0.266265
2.28965,2.91164,-0.212979,-2.35576,-1.43327,0.169449,-1.46734,-0.2664
2.29089,2.91166,-0.212751,-2.35576,-1.43342,0.16948,-1.46716,-0.266535
2.2916,2.91169,-0.212522,-2.35576,-1.43357,0.169511,-1.46699,-0.26667
2.29276,2.91171,-0.212293,-2.35576,-1.43372,0.169542,-1.46681,-0.266804
2.29404,2.91173,-0.212063,-2.35576,-1.43387,0.169573,-1.46664,-0.266938
2.29463,2.91175,-0.211832,-2.35576,-1.43402,0.169604,-1.46646,-0.267072
2.2958,2.91177,-0.211601,-2.35576,-1.43417,0.169635,-1.46629,-0.267206
2.29726,2.91179,-0.21137,-2.35576,-1.43432,0.169666,-1.46611,-0.26734
2.29792,2.91181,-0.211137,-2.35576,-1.43447,0.169697,-1.46594,-0.267473
2.29888,2.91183,-0.210905,-2.35576,-1.43462,0.169729,-1.46577,-0.267606
2.29947,2.91185,-0.210671,-2.35576,-1.43478,0.16976,-1.46559,-0.267739
2.3007,2.91186,-0.210437,-2.35576,-1.43493,0.169791,-1.46542,-0.267872
2.30178,2.91188,-0.210202,-2.35576,-1.43508,0.169822,-1.46524,-0.268004
2.30246,2.9119,-0.209967,-2.35576,-1.43524,0.169853,-1.46506,-0.268137
2.30366,2.91192,-0.209731,-2.35576,-1.43539,0.169885,-1.46489,-0.268269
2.30481,2.91193,-0.209495,-2.35576,-1.43555,0.169916,-1.46471,-0.268401
2.30543,2.91195,-0.209258,-2.35576,-1.4357,0.169947,-1.46454,-0.268532
2.30666,2.91196,-0.209021,-2.35576,-1.43586,0.169979,-1.46436,-0.268664
2.30783,2.91198,-0.208783,-2.35576,-1.43601,0.17001,-1.46419,-0.268795
2.30856,2.91199,-0.208544,-2.35576,-1.43617,0.170041,-1.46401,-0.268926
2.30965,2.912,-0.208305,-2.35576,-1.43633,0.170073,-1.46384,-0.269057
2.31085,2.91202,-0.208065,-2.35576,-1.43649,0.170104,-1.46366,-0.269187
2.31142,2.91203,-0.207824,-2.35576,-1.43664,0.170136,-1.46348,-0.269318
2.31405,2.91204,-0.207584,-2.35576,-1.4368,0.170167,-1.46331,-0.269448
2.31497,2.91207,-0.2071,-2.35576,-1.43712,0.17023,-1.46295,-0.269708
2.3163,2.91208,-0.206858,-2.35576,-1.43728,0.170262,-1.46278,-0.269837
2.31674,2.91209,-0.206614,-2.35576,-1.43744,0.170293,-1.4626,-0.269967
2.31791,2.9121,-0.206371,-2.35576,-1.4376,0.170325,-1.46242,-0.270096
2.31964,2.91211,-0.206126,-2.35576,-1.43776,0.170356,-1.46225,-0.270225
2.32076,2.91213,-0.205636,-2.35576,-1.43808,0.17042,-1.46189,-0.270482
2.32198,2.91214,-0.20539,-2.35576,-1.43824,0.170451,-1.46172,-0.27061
2.32371,2.91214,-0.205143,-2.35576,-1.43841,0.170483,-1.46154,-0.270738
2.32482,2.91216,-0.204648,-2.35576,-1.43873,0.170546,-1.46118,-0.270993
2.32599,2.91217,-0.2044,-2.35576,-1.43889,0.170578,-1.46101,-0.271121
2.3267,2.91217,-0.204151,-2.35576,-1.43906,0.17061,-1.46083,-0.271248
2.32891,2.91218,-0.203901,-2.35576,-1.43922,0.170642,-1.46065,-0.271375
2.33008,2.91219,-0.2034,-2.35576,-1.43955,0.170705,-1.4603,-0.271628
2.33184,2.91219,-0.203149,-2.35576,-1.43972,0.170737,-1.46012,-0.271754
2.33231,2.9122,-0.202897,-2.35576,-1.43988,0.170769,-1.45994,-0.27188
2.33297,2.9122,-0.202645,-2.35576,-1.44005,0.170801,-1.45976,-0.272006
2.3342,2.9122,-0.202392,-2.35576,-1.44022,0.170833,-1.45958,-0.272131
2.33523,2.9122,-0.202139,-2.35576,-1.44038,0.170865,-1.4594,-0.272257
2.33645,2.91221,-0.201885,-2.35576,-1.44055,0.170897,-1.45923,-0.272382
2.33705,2.91221,-0.20163,-2.35576,-1.44072,0.170929,-1.45905,-0.272507
2.33827,2.91221,-0.201375,-2.35576,-1.44089,0.170961,-1.45887,-0.272631
2.33969,2.91221,-0.201119,-2.35576,-1.44105,0.170993,-1.45869,-0.272756
2.34011,2.91221,-0.200863,-2.35576,-1.44122,0.171025,-1.45851,-0.27288
2.34126,2.91221,-0.200606,-2.35576,-1.44139,0.171057,-1.45833,-0.273004
2.34242,2.91221,-0.200349,-2.35576,-1.44156,0.171089,-1.45815,-0.273128
2.34303,2.91221,-0.200091,-2.35576,-1.44173,0.171122,-1.45797,-0.273252
2.34424,2.91221,-0.199833,-2.35576,-1.4419,0.171154,-1.45779,-0.273375
2.34551,2.91221,-0.199574,-2.35576,-1.44207,0.171186,-1.45762,-0.273499
2.34734,2.91221,-0.199314,-2.35576,-1.44224,0.171218,-1.45744,-0.273622
2.34844,2.91221,-0.198794,-2.35577,-1.44259,0.171283,-1.45708,-0.273869
2.34954,2.91221,-0.198533,-2.35577,-1.44276,0.171316,-1.4569,-0.273992
2.35016,2.91221,-0.198271,-2.35577,-1.44293,0.171348,-1.45672,-0.274115
2.35129,2.91221,-0.198009,-2.35578,-1.4431,0.171381,-1.45654,-0.274237
2.3531,2.91221,-0.197747,-2.35578,-1.44328,0.171414,-1.45636,-0.27436
2.35425,2.91221,-0.19722,-2.35579,-1.44362,0.171479,-1.456,-0.274604
2.35542,2.91221,-0.196955,-2.35579,-1.4438,0.171512,-1.45582,-0.274726
2.35662,2.91221,-0.19669,-2.3558,-1.44397,0.171545,-1.45564,-0.274848
2.35837,2.91221,-0.196425,-2.3558,-1.44414,0.171578,-1.45546,-0.27497
2.35898,2.91221,-0.196159,-2.35581,-1.44432,0.171611,-1.45528,-0.275091
2.36015,2.91221,-0.195892,-2.35581,-1.44449,0.171644,-1.4551,-0.275212
2.36133,2.91221,-0.195625,-2.35582,-1.44467,0.171677,-1.45492,-0.275333
2.36253,2.91221,-0.195358,-2.35582,-1.44485,0.17171,-1.45474,-0.275454
2.36433,2.91221,-0.195089,-2.35583,-1.44502,0.171743,-1.45456,-0.275574
2.36545,2.91221,-0.19482,-2.35584,-1.4452,0.171777,-1.45438,-0.275694
2.36611,2.9122,-0.194551,-2.35584,-1.44538,0.17181,-1.4542,-0.275814
2.36734,2.9122,-0.194281,-2.35585,-1.44555,0.171843,-1.45402,-0.275934
2.36796,2.9122,-0.19401,-2.35586,-1.44573,0.171877,-1.45384,-0.276054
2.36908,2.9122,-0.193739,-2.35586,-1.44591,0.17191,-1.45366,-0.276173
2.37027,2.9122,-0.193467,-2.35587,-1.44609,0.171944,-1.45348,-0.276292
2.37094,2.91219,-0.193194,-2.35588,-1.44627,0.171977,-1.45329,-0.276411
2.37224,2.91219,-0.192921,-2.35589,-1.44645,0.172011,-1.45311,-0.276529
2.37345,2.91219,-0.192648,-2.3559,-1.44663,0.172045,-1.45293,-0.276648
2.37405,2.91218,-0.192373,-2.3559,-1.44681,0.172078,-1.45275,-0.276766
2.37522,2.91218,-0.192098,-2.35591,-1.44699,0.172112,-1.45257,-0.276884
2.37646,2.91218,-0.191823,-2.35592,-1.44717,0.172146,-1.45239,-0.277001
2.37706,2.91217,-0.191547,-2.35593,-1.44735,0.17218,-1.45221,-0.277119
2.37825,2.91217,-0.19127,-2.35594,-1.44753,0.172213,-1.45203,-0.277236
2.38021,2.91217,-0.190993,-2.35595,-1.44772,0.172247,-1.45184,-0.277352
2.38084,2.91216,-0.190715,-2.35596,-1.4479,0.172281,-1.45166,-0.277469
2.38201,2.91216,-0.190437,-2.35597,-1.44808,0.172315,-1.45148,-0.277585
2.38318,2.91215,-0.190158,-2.35598,-1.44826,0.172349,-1.4513,-0.277701
2.38436,2.91214,-0.189878,-2.35599,-1.44845,0.172383,-1.45112,-0.277817
2.38552,2.91214,-0.189598,-2.35599,-1.44863,0.172417,-1.45093,-0.277933
2.38668,2.91213,-0.189317,-2.356,-1.44882,0.172452,-1.45075,-0.278048
2.38842,2.91213,-0.189036,-2.35601,-1.449,0.172486,-1.45057,-0.278163
2.38959,2.91212,-0.188753,-2.35603,-1.44919,0.17252,-1.45039,-0.278278
2.39075,2.91211,-0.188471,-2.35604,-1.44937,0.172554,-1.4502,-0.278392
2.39261,2.9121,-0.188187,-2.35605,-1.44956,0.172589,-1.45002,-0.278507
2.39264,2.9121,-0.187903,-2.35606,-1.44975,0.172623,-1.44984,-0.278621
2.39493,2.91209,-0.187618,-2.35607,-1.44993,0.172657,-1.44966,-0.278734
2.39722,2.91208,-0.187333,-2.35608,-1.45012,0.172692,-1.44947,-0.278848
2.3984,2.91207,-0.187046,-2.35609,-1.45031,0.172726,-1.44929,-0.278961
2.39954,2.91206,-0.18676,-2.3561,-1.4505,0.172761,-1.44911,-0.279073
2.40016,2.91205,-0.186472,-2.35611,-1.45069,0.172796,-1.44892,-0.279186
2.4013,2.91204,-0.186184,-2.35612,-1.45088,0.172831,-1.44874,-0.279298
2.40266,2.91203,-0.185894,-2.35614,-1.45107,0.172865,-1.44856,-0.27941
2.40313,2.91202,-0.185605,-2.35615,-1.45126,0.1729,-1.44837,-0.279521
2.40493,2.91201,-0.185314,-2.35616,-1.45145,0.172935,-1.44819,-0.279632
2.40554,2.912,-0.185023,-2.35617,-1.45164,0.17297,-1.44801,-0.279743
2.40613,2.91199,-0.184731,-2.35618,-1.45183,0.173005,-1.44782,-0.279854
2.40731,2.91197,-0.184438,-2.3562,-1.45203,0.17304,-1.44764,-0.279964
2.40854,2.91196,-0.184145,-2.35621,-1.45222,0.173075,-1.44745,-0.280074
2.40972,2.91195,-0.183851,-2.35622,-1.45241,0.173111,-1.44727,-0.280184
2.41026,2.91194,-0.183557,-2.35623,-1.45261,0.173146,-1.44708,-0.280294
2.41141,2.91192,-0.183261,-2.35625,-1.4528,0.173181,-1.4469,-0.280403
2.41261,2.91191,-0.182966,-2.35626,-1.453,0.173216,-1.44671,-0.280512
2.41431,2.91189,-0.182669,-2.35627,-1.45319,0.173252,-1.44653,-0.28062
2.41667,2.91186,-0.182074,-2.3563,-1.45358,0.173322,-1.44616,-0.280837
2.41733,2.91185,-0.181775,-2.35631,-1.45378,0.173358,-1.44597,-0.280945
2.41848,2.91183,-0.181476,-2.35633,-1.45398,0.173393,-1.44579,-0.281052
2.42023,2.91182,-0.181176,-2.35634,-1.45417,0.173428,-1.4456,-0.28116
2.42142,2.9118,-0.180876,-2.35636,-1.45437,0.173464,-1.44542,-0.281266
2.4226,2.91178,-0.180574,-2.35637,-1.45457,0.173499,-1.44523,-0.281373
2.42486,2.91176,-0.180273,-2.35638,-1.45477,0.173535,-1.44505,-0.281479
2.42606,2.91175,-0.17997,-2.3564,-1.45497,0.173571,-1.44486,-0.281586
2.42778,2.91173,-0.179667,-2.35641,-1.45517,0.173606,-1.44467,-0.281691
2.42846,2.91171,-0.179362,-2.35643,-1.45537,0.173642,-1.44449,-0.281797
2.42909,2.91169,-0.179058,-2.35644,-1.45557,0.173678,-1.4443,-0.281902
2.43027,2.91167,-0.178752,-2.35646,-1.45577,0.173714,-1.44412,-0.282006
2.43155,2.91165,-0.178446,-2.35647,-1.45597,0.173749,-1.44393,-0.282111
2.43218,2.91163,-0.178139,-2.35649,-1.45617,0.173785,-1.44374,-0.282215
2.43342,2.91161,-0.177831,-2.3565,-1.45637,0.173821,-1.44356,-0.282319
2.43454,2.91159,-0.177523,-2.35652,-1.45658,0.173857,-1.44337,-0.282422
2.43571,2.91156,-0.177214,-2.35654,-1.45678,0.173893,-1.44318,-0.282526
2.43636,2.91154,-0.176904,-2.35655,-1.45698,0.173929,-1.44299,-0.282629
2.43751,2.91152,-0.176593,-2.35657,-1.45719,0.173965,-1.44281,-0.282731
2.43872,2.9115,-0.176282,-2.35658,-1.45739,0.174001,-1.44262,-0.282834
2.43953,2.91147,-0.175971,-2.3566,-1.4576,0.174037,-1.44243,-0.282936
2.44062,2.91145,-0.175658,-2.35662,-1.4578,0.174073,-1.44224,-0.283037
2.44173,2.91143,-0.175345,-2.35663,-1.45801,0.174109,-1.44206,-0.283139
2.44231,2.9114,-0.175031,-2.35665,-1.45821,0.174145,-1.44187,-0.28324
2.44355,2.91138,-0.174717,-2.35667,-1.45842,0.174182,-1.44168,-0.283341
2.4453,2.91135,-0.174402,-2.35669,-1.45863,0.174218,-1.44149,-0.283442
2.44587,2.91133,-0.174086,-2.3567,-1.45884,0.174254,-1.4413,-0.283542
2.44651,2.9113,-0.17377,-2.35672,-1.45904,0.17429,-1.44111,-0.283642
2.44828,2.91127,-0.173453,-2.35674,-1.45925,0.174326,-1.44093,-0.283742
2.44885,2.91125,-0.173135,-2.35676,-1.45946,0.174362,-1.44074,-0.283842
2.44961,2.91122,-0.172817,-2.35677,-1.45967,0.174398,-1.44055,-0.283941
2.45066,2.91119,-0.172498,-2.35679,-1.45988,0.174435,-1.44036,-0.28404
2.45182,2.91116,-0.172178,-2.35681,-1.46009,0.174471,-1.44017,-0.284139
2.45248,2.91113,-0.171858,-2.35683,-1.4603,0.174507,-1.43998,-0.284237
2.45362,2.91111,-0.171537,-2.35685,-1.46051,0.174543,-1.43979,-0.284335
2.4548,2.91108,-0.171216,-2.35687,-1.46072,0.174579,-1.4396,-0.284433
2.45596,2.91105,-0.170894,-2.35689,-1.46093,0.174616,-1.43941,-0.284531
2.4571,2.91102,-0.170571,-2.3569,-1.46114,0.174652,-1.43922,-0.284628
2.45886,2.91099,-0.170248,-2.35692,-1.46135,0.174688,-1.43903,-0.284725
2.46076,2.91096,-0.169924,-2.35694,-1.46156,0.174724,-1.43884,-0.284821
2.46121,2.91092,-0.1696,-2.35696,-1.46178,0.174761,-1.43865,-0.284918
2.46214,2.91089,-0.169275,-2.35698,-1.46199,0.174797,-1.43846,-0.285014
2.46298,2.91086,-0.168949,-2.357,-1.4622,0.174833,-1.43827,-0.28511
2.46417,2.91083,-0.168623,-2.35702,-1.46242,0.174869,-1.43808,-0.285205
2.46489,2.91079,-0.168296,-2.35704,-1.46263,0.174906,-1.43789,-0.2853
2.46611,2.91076,-0.167968,-2.35706,-1.46285,0.174942,-1.4377,-0.285395
2.46744,2.91073,-0.16764,-2.35708,-1.46306,0.174978,-1.43751,-0.28549
2.46806,2.91069,-0.167311,-2.3571,-1.46328,0.175014,-1.43732,-0.285584
2.46921,2.91066,-0.166982,-2.35712,-1.46349,0.175051,-1.43713,-0.285678
2.47037,2.91062,-0.166652,-2.35715,-1.46371,0.175087,-1.43694,-0.285772
2.47139,2.91059,-0.166321,-2.35717,-1.46392,0.175123,-1.43674,-0.285865
2.47241,2.91055,-0.16599,-2.35719,-1.46414,0.17516,-1.43655,-0.285958
2.47379,2.91052,-0.165658,-2.35721,-1.46436,0.175196,-1.43636,-0.286051
2.4744,2.91048,-0.165325,-2.35723,-1.46457,0.175232,-1.43617,-0.286143
2.47505,2.91044,-0.164992,-2.35725,-1.46479,0.175269,-1.43598,-0.286236
2.47673,2.91041,-0.164658,-2.35727,-1.46501,0.175305,-1.43579,-0.286327
2.47769,2.91037,-0.164324,-2.3573,-1.46523,0.175341,-1.43559,-0.286419
2.47851,2.91033,-0.163989,-2.35732,-1.46545,0.175378,-1.4354,-0.28651
2.47914,2.91029,-0.163653,-2.35734,-1.46567,0.175414,-1.43521,-0.286601
2.48035,2.91025,-0.163317,-2.35736,-1.46589,0.17545,-1.43502,-0.286692
2.48206,2.91022,-0.162981,-2.35739,-1.46611,0.175487,-1.43482,-0.286783
2.48322,2.91014,-0.162305,-2.35743,-1.46655,0.175559,-1.43444,-0.286963
2.48439,2.9101,-0.161967,-2.35746,-1.46677,0.175596,-1.43425,-0.287052
2.48565,2.91005,-0.161628,-2.35748,-1.46699,0.175632,-1.43405,-0.287142
2.48632,2.91001,-0.161288,-2.3575,-1.46721,0.175668,-1.43386,-0.287231
2.48736,2.90997,-0.160948,-2.35753,-1.46743,0.175704,-1.43367,-0.287319
2.48853,2.90993,-0.160607,-2.35755,-1.46765,0.175741,-1.43347,-0.287408
2.48916,2.90989,-0.160266,-2.35758,-1.46788,0.175777,-1.43328,-0.287496
2.49031,2.90984,-0.159924,-2.3576,-1.4681,0.175813,-1.43309,-0.287584
2.49157,2.9098,-0.159582,-2.35762,-1.46832,0.175849,-1.43289,-0.287671
2.49277,2.90976,-0.159239,-2.35765,-1.46854,0.175886,-1.4327,-0.287759
2.49336,2.90971,-0.158895,-2.35767,-1.46877,0.175922,-1.43251,-0.287846
2.49478,2.90967,-0.158551,-2.3577,-1.46899,0.175958,-1.43231,-0.287932
2.49535,2.90963,-0.158206,-2.35772,-1.46922,0.175994,-1.43212,-0.288019
2.49653,2.90958,-0.157861,-2.35775,-1.46944,0.176031,-1.43192,-0.288105
2.49769,2.90954,-0.157515,-2.35777,-1.46967,0.176067,-1.43173,-0.288191
2.49842,2.90949,-0.157168,-2.3578,-1.46989,0.176103,-1.43154,-0.288276
2.49957,2.90944,-0.156821,-2.35783,-1.47012,0.176139,-1.43134,-0.288362
2.50074,2.9094,-0.156474,-2.35785,-1.47034,0.176175,-1.43115,-0.288447
2.5014,2.90935,-0.156126,-2.35788,-1.47057,0.176212,-1.43095,-0.288531
2.50269,2.9093,-0.155777,-2.3579,-1.47079,0.176248,-1.43076,-0.288616
2.50375,2.90926,-0.155428,-2.35793,-1.47102,0.176284,-1.43056,-0.2887
2.50448,2.90921,-0.155078,-2.35796,-1.47125,0.17632,-1.43037,-0.288784
2.50558,2.90916,-0.154728,-2.35798,-1.47148,0.176356,-1.43017,-0.288867
2.5068,2.90911,-0.154377,-2.35801,-1.4717,0.176392,-1.42998,-0.28895
2.5074,2.90906,-0.154026,-2.35804,-1.47193,0.176428,-1.42978,-0.289033
2.50878,2.90901,-0.153674,-2.35806,-1.47216,0.176465,-1.42959,-0.289116
2.5097,2.90896,-0.153321,-2.35809,-1.47239,0.176501,-1.42939,-0.289198
2.51085,2.90891,-0.152968,-2.35812,-1.47262,0.176537,-1.4292,-0.28928
2.51161,2.90886,-0.152614,-2.35815,-1.47285,0.176573,-1.429,-0.289362
2.51266,2.90881,-0.15226,-2.35817,-1.47307,0.176609,-1.42881,-0.289444
2.5138,2.90876,-0.151906,-2.3582,-1.4733,0.176645,-1.42861,-0.289525
2.51445,2.90871,-0.15155,-2.35823,-1.47353,0.176681,-1.42841,-0.289606
2.51561,2.90865,-0.151195,-2.35826,-1.47376,0.176717,-1.42822,-0.289686
2.51747,2.9086,-0.150838,-2.35829,-1.474,0.176753,-1.42802,-0.289767
2.51794,2.90855,-0.150482,-2.35832,-1.47423,0.176789,-1.42783,-0.289847
2.51858,2.90849,-0.150124,-2.35835,-1.47446,0.176825,-1.42763,-0.289927
2.51969,2.90844,-0.149766,-2.35837,-1.47469,0.176861,-1.42743,-0.290006
2.52087,2.90839,-0.149408,-2.3584,-1.47492,0.176897,-1.42724,-0.290085
2.52152,2.90833,-0.149049,-2.35843,-1.47515,0.176933,-1.42704,-0.290164
2.52272,2.90828,-0.14869,-2.35846,-1.47538,0.176968,-1.42684,-0.290243
2.52389,2.90822,-0.14833,-2.35849,-1.47562,0.177004,-1.42665,-0.290321
2.52449,2.90817,-0.147969,-2.35852,-1.47585,0.17704,-1.42645,-0.290399
2.52578,2.90811,-0.147608,-2.35855,-1.47608,0.177076,-1.42625,-0.290477
2.5276,2.908,-0.146884,-2.35861,-1.47655,0.177148,-1.42586,-0.290631
2.52874,2.90794,-0.146522,-2.35864,-1.47678,0.177184,-1.42566,-0.290708
2.53,2.90788,-0.146159,-2.35867,-1.47702,0.177219,-1.42546,-0.290784
2.53106,2.90782,-0.145795,-2.35871,-1.47725,0.177255,-1.42526,-0.290861
2.53175,2.90777,-0.145431,-2.35874,-1.47749,0.177291,-1.42507,-0.290936
2.53285,2.90771,-0.145066,-2.35877,-1.47772,0.177327,-1.42487,-0.291012
2.53469,2.90759,-0.144335,-2.35883,-1.47819,0.177398,-1.42447,-0.291162
2.53586,2.90753,-0.143969,-2.35886,-1.47843,0.177434,-1.42428,-0.291237
2.53703,2.90747,-0.143602,-2.35889,-1.47866,0.177469,-1.42408,-0.291312
2.53819,2.90741,-0.143235,-2.35893,-1.4789,0.177505,-1.42388,-0.291386
2.5395,2.90735,-0.142867,-2.35896,-1.47914,0.177541,-1.42368,-0.29146
2.53999,2.90729,-0.142499,-2.35899,-1.47937,0.177576,-1.42348,-0.291533
2.54115,2.90723,-0.14213,-2.35902,-1.47961,0.177612,-1.42328,-0.291606
2.54292,2.90716,-0.141761,-2.35906,-1.47985,0.177647,-1.42309,-0.291679
2.54406,2.90704,-0.141021,-2.35912,-1.48032,0.177718,-1.42269,-0.291824
2.5453,2.90698,-0.14065,-2.35916,-1.48056,0.177754,-1.42249,-0.291896
2.54653,2.90691,-0.140279,-2.35919,-1.4808,0.177789,-1.42229,-0.291968
2.54713,2.90685,-0.139907,-2.35922,-1.48104,0.177825,-1.42209,-0.292039
2.54833,2.90678,-0.139534,-2.35926,-1.48128,0.17786,-1.42189,-0.29211
2.54892,2.90672,-0.139162,-2.35929,-1.48152,0.177896,-1.42169,-0.292181
2.55016,2.90665,-0.138788,-2.35933,-1.48176,0.177931,-1.42149,-0.292251
2.55129,2.90659,-0.138414,-2.35936,-1.482,0.177967,-1.42129,-0.292321
2.55252,2.90652,-0.13804,-2.3594,-1.48224,0.178002,-1.42109,-0.292391
2.5531,2.90646,-0.137665,-2.35943,-1.48248,0.178037,-1.4209,-0.292461
2.55426,2.90639,-0.137289,-2.35946,-1.48272,0.178073,-1.4207,-0.29253
2.55544,2.90632,-0.136913,-2.3595,-1.48296,0.178108,-1.4205,-0.292599
2.55668,2.90626,-0.136537,-2.35954,-1.4832,0.178143,-1.4203,-0.292667
2.55726,2.90619,-0.13616,-2.35957,-1.48344,0.178179,-1.4201,-0.292735
2.55871,2.90612,-0.135782,-2.35961,-1.48368,0.178214,-1.4199,-0.292803
2.55926,2.90605,-0.135404,-2.35964,-1.48393,0.178249,-1.4197,-0.292871
2.56042,2.90599,-0.135026,-2.35968,-1.48417,0.178284,-1.41949,-0.292938
2.56164,2.90592,-0.134647,-2.35971,-1.48441,0.178319,-1.41929,-0.293005
2.56236,2.90585,-0.134267,-2.35975,-1.48465,0.178355,-1.41909,-0.293072
2.56344,2.90578,-0.133887,-2.35979,-1.4849,0.17839,-1.41889,-0.293138
2.56464,2.90571,-0.133507,-2.35982,-1.48514,0.178425,-1.41869,-0.293204
2.56533,2.90564,-0.133126,-2.35986,-1.48538,0.17846,-1.41849,-0.29327
2.56667,2.90557,-0.132744,-2.3599,-1.48563,0.178495,-1.41829,-0.293336
2.56861,2.90542,-0.13198,-2.35997,-1.48611,0.178565,-1.41789,-0.293465
2.56985,2.90535,-0.131597,-2.36001,-1.48636,0.1786,-1.41769,-0.29353
2.57125,2.90528,-0.131213,-2.36005,-1.4866,0.178635,-1.41749,-0.293594
2.5718,2.90521,-0.130829,-2.36009,-1.48685,0.17867,-1.41729,-0.293658
2.57301,2.90513,-0.130444,-2.36012,-1.48709,0.178705,-1.41708,-0.293722
2.5737,2.90506,-0.130059,-2.36016,-1.48734,0.17874,-1.41688,-0.293785
2.57482,2.90499,-0.129673,-2.3602,-1.48758,0.178775,-1.41668,-0.293848
2.57666,2.90484,-0.128901,-2.36028,-1.48808,0.178845,-1.41628,-0.293973
2.57793,2.90476,-0.128513,-2.36032,-1.48832,0.178879,-1.41608,-0.294035
2.57899,2.90469,-0.128126,-2.36036,-1.48857,0.178914,-1.41587,-0.294097
2.58017,2.90461,-0.127738,-2.3604,-1.48882,0.178949,-1.41567,-0.294158
2.58079,2.90454,-0.127349,-2.36044,-1.48906,0.178984,-1.41547,-0.294219
2.58255,2.90446,-0.12696,-2.36048,-1.48931,0.179018,-1.41527,-0.29428
2.58314,2.90438,-0.12657,-2.36051,-1.48956,0.179053,-1.41506,-0.29434
2.58417,2.90431,-0.12618,-2.36056,-1.48981,0.179088,-1.41486,-0.2944
2.58515,2.90423,-0.125789,-2.3606,-1.49005,0.179122,-1.41466,-0.29446
2.58621,2.90415,-0.125398,-2.36064,-1.4903,0.179157,-1.41446,-0.29452
2.58705,2.90407,-0.125006,-2.36068,-1.49055,0.179191,-1.41425,-0.294579
2.58888,2.90399,-0.124614,-2.36072,-1.4908,0.179226,-1.41405,-0.294638
2.58906,2.90391,-0.124222,-2.36076,-1.49105,0.17926,-1.41385,-0.294696
2.59012,2.90384,-0.123828,-2.3608,-1.4913,0.179295,-1.41364,-0.294755
2.59128,2.90376,-0.123435,-2.36084,-1.49155,0.179329,-1.41344,-0.294813
2.59193,2.90368,-0.123041,-2.36088,-1.4918,0.179364,-1.41324,-0.29487
2.59306,2.9036,-0.122646,-2.36092,-1.49205,0.179398,-1.41304,-0.294927
2.59484,2.90351,-0.122251,-2.36097,-1.4923,0.179432,-1.41283,-0.294984
2.59549,2.90343,-0.121855,-2.36101,-1.49255,0.179467,-1.41263,-0.295041
2.59669,2.90335,-0.121459,-2.36105,-1.4928,0.179501,-1.41242,-0.295097
2.59728,2.90327,-0.121062,-2.36109,-1.49305,0.179535,-1.41222,-0.295153
2.59849,2.90319,-0.120665,-2.36114,-1.4933,0.179569,-1.41202,-0.295208
2.59915,2.90311,-0.120267,-2.36118,-1.49355,0.179603,-1.41181,-0.295264
2.60026,2.90302,-0.119869,-2.36122,-1.49381,0.179638,-1.41161,-0.295319
2.60159,2.90294,-0.119471,-2.36127,-1.49406,0.179672,-1.4114,-0.295373
2.60384,2.90286,-0.119071,-2.36131,-1.49431,0.179706,-1.4112,-0.295428
2.60439,2.90277,-0.118672,-2.36135,-1.49456,0.17974,-1.411,-0.295481
2.60554,2.90269,-0.118272,-2.3614,-1.49482,0.179774,-1.41079,-0.295535
2.6067,2.9026,-0.117871,-2.36144,-1.49507,0.179808,-1.41059,-0.295588
2.60788,2.90252,-0.117469,-2.36149,-1.49532,0.179842,-1.41038,-0.295641
2.60963,2.90243,-0.117067,-2.36153,-1.49558,0.179876,-1.41018,-0.295694
2.61023,2.90235,-0.116665,-2.36157,-1.49583,0.17991,-1.40997,-0.295746
2.61148,2.90226,-0.116262,-2.36162,-1.49608,0.179943,-1.40977,-0.295798
2.61201,2.90217,-0.115858,-2.36166,-1.49634,0.179977,-1.40956,-0.295849
2.61385,2.90209,-0.115454,-2.36171,-1.49659,0.180011,-1.40936,-0.2959
2.61447,2.902,-0.115049,-2.36176,-1.49685,0.180045,-1.40915,-0.295951
2.61507,2.90191,-0.114644,-2.3618,-1.4971,0.180079,-1.40895,-0.296001
2.61625,2.90182,-0.114238,-2.36185,-1.49736,0.180113,-1.40874,-0.296051
2.61766,2.90173,-0.113832,-2.36189,-1.49762,0.180146,-1.40854,-0.296101
2.61809,2.90164,-0.113425,-2.36194,-1.49787,0.18018,-1.40833,-0.29615
2.61937,2.90155,-0.113018,-2.36199,-1.49813,0.180214,-1.40813,-0.296199
2.62073,2.90146,-0.11261,-2.36203,-1.49839,0.180247,-1.40792,-0.296248
2.62135,2.90137,-0.112201,-2.36208,-1.49864,0.180281,-1.40771,-0.296296
2.62236,2.90128,-0.111792,-2.36213,-1.4989,0.180314,-1.40751,-0.296344
2.6236,2.90119,-0.111383,-2.36217,-1.49916,0.180348,-1.4073,-0.296392
2.62412,2.9011,-0.110973,-2.36222,-1.49941,0.180381,-1.4071,-0.296439
2.6253,2.90101,-0.110562,-2.36227,-1.49967,0.180415,-1.40689,-0.296486
2.62648,2.90092,-0.110151,-2.36232,-1.49993,0.180448,-1.40668,-0.296533
2.62714,2.90082,-0.109739,-2.36236,-1.50019,0.180481,-1.40648,-0.296579
2.62831,2.90073,-0.109327,-2.36241,-1.50045,0.180515,-1.40627,-0.296625
2.62956,2.90064,-0.108915,-2.36246,-1.50071,0.180548,-1.40606,-0.296671
2.63013,2.90055,-0.108502,-2.36251,-1.50097,0.180581,-1.40586,-0.296716
2.63128,2.90045,-0.108088,-2.36256,-1.50122,0.180614,-1.40565,-0.296761
2.63303,2.90036,-0.107674,-2.36261,-1.50148,0.180647,-1.40544,-0.296806
2.63364,2.90026,-0.107259,-2.36266,-1.50174,0.18068,-1.40523,-0.29685
2.63441,2.90017,-0.106844,-2.36271,-1.502,0.180713,-1.40503,-0.296894
2.63597,2.90007,-0.106428,-2.36276,-1.50226,0.180746,-1.40482,-0.296938
2.6366,2.89998,-0.106012,-2.36281,-1.50252,0.180779,-1.40461,-0.296981
2.63724,2.89988,-0.105595,-2.36286,-1.50278,0.180812,-1.40441,-0.297024
2.63898,2.89978,-0.105178,-2.36291,-1.50305,0.180844,-1.4042,-0.297067
2.63956,2.89969,-0.104761,-2.36296,-1.50331,0.180877,-1.40399,-0.297109
2.64018,2.89959,-0.104342,-2.36301,-1.50357,0.18091,-1.40378,-0.297151
2.64135,2.89949,-0.103924,-2.36306,-1.50383,0.180942,-1.40357,-0.297193
2.64255,2.89939,-0.103505,-2.36311,-1.50409,0.180975,-1.40337,-0.297234
2.64321,2.8993,-0.103085,-2.36316,-1.50435,0.181007,-1.40316,-0.297275
2.64488,2.8992,-0.102665,-2.36321,-1.50461,0.18104,-1.40295,-0.297316
2.64548,2.8991,-0.102244,-2.36327,-1.50488,0.181072,-1.40274,-0.297356
2.64612,2.899,-0.101823,-2.36332,-1.50514,0.181104,-1.40253,-0.297396
2.64729,2.8989,-0.101401,-2.36337,-1.5054,0.181136,-1.40232,-0.297436
2.64848,2.8988,-0.100979,-2.36342,-1.50567,0.181169,-1.40212,-0.297475
2.64968,2.8987,-0.100557,-2.36347,-1.50593,0.181201,-1.40191,-0.297514
2.65036,2.8986,-0.100134,-2.36353,-1.50619,0.181233,-1.4017,-0.297553
2.65146,2.8985,-0.0997104,-2.36358,-1.50646,0.181265,-1.40149,-0.297591
2.65263,2.89839,-0.0992865,-2.36363,-1.50672,0.181296,-1.40128,-0.297629
2.65393,2.89829,-0.0988621,-2.36369,-1.50698,0.181328,-1.40107,-0.297667
2.65527,2.89819,-0.0984372,-2.36374,-1.50725,0.18136,-1.40086,-0.297704
2.65536,2.89809,-0.0980118,-2.36379,-1.50751,0.181392,-1.40065,-0.297741
2.6568,2.89798,-0.097586,-2.36385,-1.50778,0.181423,-1.40044,-0.297778
2.65765,2.89788,-0.0971596,-2.3639,-1.50804,0.181455,-1.40023,-0.297814
2.65842,2.89778,-0.0967328,-2.36396,-1.50831,0.181486,-1.40002,-0.29785
2.65987,2.89767,-0.0963055,-2.36401,-1.50857,0.181518,-1.39981,-0.297886
2.66077,2.89757,-0.0958778,-2.36407,-1.50884,0.181549,-1.39961,-0.297922
2.66137,2.89746,-0.0954496,-2.36412,-1.5091,0.18158,-1.3994,-0.297957
2.6625,2.89736,-0.095021,-2.36418,-1.50937,0.181612,-1.39919,-0.297991
2.66423,2.89725,-0.0945919,-2.36423,-1.50963,0.181643,-1.39898,-0.298026
2.66502,2.89715,-0.0941624,-2.36429,-1.5099,0.181674,-1.39877,-0.29806
2.66565,2.89704,-0.0937324,-2.36434,-1.51016,0.181705,-1.39856,-0.298094
2.66684,2.89694,-0.0933019,-2.3644,-1.51043,0.181736,-1.39835,-0.298127
2.66739,2.89683,-0.092871,-2.36446,-1.5107,0.181767,-1.39813,-0.29816
2.6691,2.89672,-0.0924395,-2.36451,-1.51096,0.181797,-1.39792,-0.298193
2.66973,2.89661,-0.0920076,-2.36457,-1.51123,0.181828,-1.39771,-0.298225
2.67041,2.89651,-0.0915752,-2.36463,-1.5115,0.181859,-1.3975,-0.298257
2.67159,2.8964,-0.0911424,-2.36468,-1.51177,0.181889,-1.39729,-0.298289
2.67267,2.89629,-0.0907091,-2.36474,-1.51203,0.18192,-1.39708,-0.29832
2.67453,2.89607,-0.0898413,-2.36486,-1.51257,0.181981,-1.39666,-0.298382
2.67566,2.89596,-0.0894067,-2.36491,-1.51284,0.182011,-1.39645,-0.298412
2.67683,2.89585,-0.0889716,-2.36497,-1.5131,0.182041,-1.39624,-0.298443
2.67802,2.89574,-0.088536,-2.36503,-1.51337,0.182071,-1.39603,-0.298472
2.67867,2.89563,-0.0881,-2.36509,-1.51364,0.182101,-1.39582,-0.298502
2.67981,2.89552,-0.0876636,-2.36515,-1.51391,0.182131,-1.3956,-0.298531
2.6816,2.89541,-0.0872267,-2.36521,-1.51418,0.182161,-1.39539,-0.298559
2.68288,2.89519,-0.0863515,-2.36533,-1.51472,0.182221,-1.39497,-0.298616
2.68396,2.89507,-0.0859133,-2.36538,-1.51499,0.182251,-1.39476,-0.298644
2.68512,2.89496,-0.0854745,-2.36544,-1.51526,0.18228,-1.39455,-0.298671
2.68584,2.89485,-0.0850354,-2.3655,-1.51553,0.18231,-1.39433,-0.298698
2.68701,2.89473,-0.0845958,-2.36557,-1.5158,0.182339,-1.39412,-0.298725
2.68812,2.89462,-0.0841557,-2.36563,-1.51607,0.182368,-1.39391,-0.298751
2.68875,2.89451,-0.0837153,-2.36569,-1.51634,0.182398,-1.3937,-0.298777
2.68994,2.89439,-0.0832744,-2.36575,-1.51661,0.182427,-1.39349,-0.298803
2.69108,2.89428,-0.082833,-2.36581,-1.51688,0.182456,-1.39327,-0.298828
2.69173,2.89416,-0.0823912,-2.36587,-1.51715,0.182485,-1.39306,-0.298853
2.69292,2.89405,-0.081949,-2.36593,-1.51742,0.182514,-1.39285,-0.298878
2.69409,2.89393,-0.0815063,-2.36599,-1.51769,0.182543,-1.39264,-0.298902
2.69483,2.89382,-0.0810631,-2.36606,-1.51796,0.182572,-1.39242,-0.298926
2.6966,2.8937,-0.0806196,-2.36612,-1.51823,0.1826,-1.39221,-0.29895
2.69678,2.89358,-0.0801756,-2.36618,-1.5185,0.182629,-1.392,-0.298973
2.69798,2.89347,-0.0797312,-2.36624,-1.51878,0.182657,-1.39178,-0.298996
2.69969,2.89335,-0.0792864,-2.36631,-1.51905,0.182686,-1.39157,-0.299019
2.70082,2.89323,-0.0788412,-2.36637,-1.51932,0.182714,-1.39136,-0.299041
2.70149,2.89311,-0.0783954,-2.36643,-1.51959,0.182743,-1.39115,-0.299063
2.70321,2.89299,-0.0779493,-2.3665,-1.51986,0.182771,-1.39093,-0.299084
2.70384,2.89288,-0.0775026,-2.36656,-1.52014,0.182799,-1.39072,-0.299106
2.70498,2.89276,-0.0770555,-2.36662,-1.52041,0.182827,-1.39051,-0.299126
2.70618,2.89264,-0.0766079,-2.36669,-1.52068,0.182855,-1.39029,-0.299147
2.70852,2.89252,-0.0761598,-2.36675,-1.52096,0.182883,-1.39008,-0.299167
2.70915,2.8924,-0.0757112,-2.36682,-1.52123,0.182911,-1.38987,-0.299186
2.71031,2.89228,-0.0752622,-2.36688,-1.5215,0.182938,-1.38965,-0.299206
2.71198,2.89216,-0.0748127,-2.36695,-1.52178,0.182966,-1.38944,-0.299225
2.71315,2.89191,-0.0739122,-2.36708,-1.52232,0.183021,-1.38901,-0.299261
2.71502,2.89179,-0.0734612,-2.36714,-1.5226,0.183048,-1.3888,-0.299279
2.71505,2.89167,-0.0730096,-2.36721,-1.52287,0.183076,-1.38858,-0.299296
2.71687,2.89155,-0.0725576,-2.36728,-1.52315,0.183103,-1.38837,-0.299313
2.7169,2.89142,-0.0721051,-2.36734,-1.52342,0.18313,-1.38815,-0.29933
2.71807,2.8913,-0.0716521,-2.36741,-1.5237,0.183157,-1.38794,-0.299346
2.71925,2.89118,-0.0711986,-2.36748,-1.52397,0.183184,-1.38772,-0.299362
2.72046,2.89105,-0.0707447,-2.36754,-1.52425,0.183211,-1.38751,-0.299378
2.7217,2.89093,-0.0702904,-2.36761,-1.52452,0.183238,-1.38729,-0.299393
2.72238,2.8908,-0.0698356,-2.36768,-1.5248,0.183265,-1.38708,-0.299408
2.72297,2.89068,-0.0693803,-2.36775,-1.52508,0.183291,-1.38686,-0.299422
2.72417,2.89055,-0.0689245,-2.36781,-1.52535,0.183318,-1.38665,-0.299436
2.72592,2.89043,-0.0684683,-2.36788,-1.52563,0.183344,-1.38643,-0.29945
2.72645,2.8903,-0.0680116,-2.36795,-1.5259,0.183371,-1.38622,-0.299464
2.72708,2.89017,-0.0675545,-2.36802,-1.52618,0.183397,-1.386,-0.299477
2.72821,2.89005,-0.0670969,-2.36809,-1.52646,0.183423,-1.38579,-0.29949
2.72941,2.88992,-0.0666388,-2.36816,-1.52673,0.183449,-1.38557,-0.299502
2.73059,2.88979,-0.0661803,-2.36823,-1.52701,0.183475,-1.38536,-0.299514
2.73113,2.88967,-0.0657214,-2.3683,-1.52729,0.183501,-1.38514,-0.299525
2.73239,2.88954,-0.0652619,-2.36837,-1.52757,0.183527,-1.38493,-0.299537
2.7339,2.88941,-0.0648021,-2.36844,-1.52784,0.183553,-1.38471,-0.299547
2.7347,2.88928,-0.0643418,-2.36851,-1.52812,0.183578,-1.38449,-0.299558
2.73693,2.88902,-0.0634199,-2.36865,-1.52868,0.183629,-1.38406,-0.299578
2.73782,2.88889,-0.0629583,-2.36872,-1.52895,0.183654,-1.38385,-0.299587
2.73849,2.88876,-0.0624962,-2.36879,-1.52923,0.183679,-1.38363,-0.299597
2.73961,2.88863,-0.0620337,-2.36886,-1.52951,0.183704,-1.38341,-0.299605
2.74075,2.8885,-0.0615708,-2.36894,-1.52979,0.183729,-1.3832,-0.299614
2.74156,2.88837,-0.0611073,-2.36901,-1.53007,0.183754,-1.38298,-0.299622
2.7431,2.88824,-0.0606435,-2.36908,-1.53035,0.183779,-1.38277,-0.299629
2.74449,2.88811,-0.0601792,-2.36915,-1.53063,0.183803,-1.38255,-0.299637
2.74452,2.88797,-0.0597144,-2.36923,-1.53091,0.183828,-1.38233,-0.299644
2.7457,2.88784,-0.0592493,-2.3693,-1.53119,0.183852,-1.38211,-0.29965
2.74695,2.88771,-0.0587837,-2.36937,-1.53146,0.183876,-1.3819,-0.299656
2.74802,2.88758,-0.0583176,-2.36945,-1.53174,0.183901,-1.38168,-0.299662
2.74919,2.88744,-0.0578512,-2.36952,-1.53202,0.183925,-1.38146,-0.299668
2.74981,2.88731,-0.0573844,-2.36959,-1.5323,0.183949,-1.38125,-0.299673
2.75107,2.88717,-0.0569171,-2.36967,-1.53258,0.183972,-1.38103,-0.299678
2.75219,2.88704,-0.0564495,-2.36974,-1.53286,0.183996,-1.38081,-0.299682
2.75282,2.8869,-0.0559814,-2.36982,-1.53314,0.18402,-1.3806,-0.299686
2.75397,2.88677,-0.0555129,-2.36989,-1.53342,0.184043,-1.38038,-0.29969
2.75518,2.88663,-0.055044,-2.36997,-1.53371,0.184066,-1.38016,-0.299694
2.7558,2.8865,-0.0545746,-2.37004,-1.53399,0.18409,-1.37994,-0.299697
2.75704,2.88636,-0.0541049,-2.37012,-1.53427,0.184113,-1.37973,-0.299699
2.75887,2.88623,-0.0536347,-2.37019,-1.53455,0.184136,-1.37951,-0.299702
2.75891,2.88609,-0.0531642,-2.37027,-1.53483,0.184158,-1.37929,-0.299704
2.76008,2.88595,-0.0526932,-2.37035,-1.53511,0.184181,-1.37907,-0.299705
2.76073,2.88581,-0.0522219,-2.37042,-1.53539,0.184204,-1.37885,-0.299707
2.76189,2.88568,-0.0517502,-2.3705,-1.53567,0.184226,-1.37864,-0.299707
2.76302,2.88554,-0.0512781,-2.37058,-1.53595,0.184248,-1.37842,-0.299708
2.76366,2.8854,-0.0508056,-2.37065,-1.53624,0.184271,-1.3782,-0.299708
2.76482,2.88526,-0.0503327,-2.37073,-1.53652,0.184293,-1.37798,-0.299708
2.76598,2.88512,-0.0498594,-2.37081,-1.5368,0.184315,-1.37776,-0.299708
2.76715,2.88498,-0.0493858,-2.37089,-1.53708,0.184337,-1.37754,-0.299708
2.76776,2.88484,-0.0489117,-2.37097,-1.53736,0.184358,-1.37733,-0.299708
2.76894,2.88471,-0.0484372,-2.37104,-1.53764,0.18438,-1.37711,-0.299708
2.77081,2.88456,-0.0479623,-2.37112,-1.53793,0.184402,-1.37689,-0.299708
2.77087,2.88442,-0.0474871,-2.3712,-1.53821,0.184423,-1.37667,-0.299708
2.77202,2.88428,-0.0470114,-2.37128,-1.53849,0.184444,-1.37645,-0.299708
2.77274,2.88414,-0.0465353,-2.37136,-1.53877,0.184466,-1.37623,-0.299708
2.7738,2.884,-0.0460589,-2.37144,-1.53906,0.184487,-1.37601,-0.299708
2.7756,2.88386,-0.0455821,-2.37152,-1.53934,0.184508,-1.37579,-0.299708
2.77609,2.88372,-0.0451049,-2.3716,-1.53962,0.184529,-1.37558,-0.299708
2.77725,2.88358,-0.0446274,-2.37168,-1.5399,0.18455,-1.37536,-0.299708
2.7779,2.88343,-0.0441494,-2.37176,-1.54019,0.18457,-1.37514,-0.299708
2.7791,2.88329,-0.0436711,-2.37184,-1.54047,0.184591,-1.37492,-0.299708
2.78053,2.88315,-0.0431924,-2.37192,-1.54075,0.184611,-1.3747,-0.299708
2.78151,2.883,-0.0427133,-2.372,-1.54104,0.184632,-1.37448,-0.299708
2.7821,2.88286,-0.0422338,-2.37208,-1.54132,0.184652,-1.37426,-0.299708
2.7838,2.88272,-0.0417539,-2.37216,-1.5416,0.184672,-1.37404,-0.299708
2.78507,2.88257,-0.0412737,-2.37224,-1.54189,0.184692,-1.37382,-0.299708
2.78517,2.88243,-0.0407931,-2.37232,-1.54217,0.184712,-1.3736,-0.299708
2.78634,2.88228,-0.0403121,-2.3724,-1.54245,0.184731,-1.37338,-0.299708
2.78756,2.88214,-0.0398307,-2.37248,-1.54274,0.184751,-1.37316,-0.299708
2.78873,2.88199,-0.039349,-2.37257,-1.54302,0.184771,-1.37294,-0.299708
2.78989,2.88184,-0.0388669,-2.37265,-1.5433,0.18479,-1.37272,-0.299708
2.79106,2.8817,-0.0383844,-2.37273,-1.54359,0.184809,-1.3725,-0.299708
2.79222,2.88155,-0.0379015,-2.37281,-1.54387,0.184828,-1.37228,-0.299708
2.79343,2.88141,-0.0374183,-2.3729,-1.54416,0.184848,-1.37206,-0.299708
2.79456,2.88126,-0.0369346,-2.37298,-1.54444,0.184866,-1.37184,-0.299708
2.79573,2.88111,-0.0364505,-2.37306,-1.54472,0.184885,-1.37162,-0.299708
2.7958,2.88096,-0.035966,-2.37314,-1.54501,0.184904,-1.3714,-0.299708
2.79695,2.88082,-0.0354811,-2.37323,-1.54529,0.184923,-1.37118,-0.299708
2.79808,2.88067,-0.0349958,-2.37331,-1.54558,0.184941,-1.37096,-0.299708
2.79924,2.88052,-0.0345102,-2.3734,-1.54586,0.184959,-1.37074,-0.299708
2.79989,2.88037,-0.0340242,-2.37348,-1.54615,0.184978,-1.37052,-0.299708
2.80105,2.88022,-0.0335379,-2.37356,-1.54643,0.184996,-1.3703,-0.299708
2.80224,2.88007,-0.0330512,-2.37365,-1.54672,0.185014,-1.37008,-0.299708
2.804,2.87992,-0.0325641,-2.37373,-1.547,0.185031,-1.36986,-0.299708
2.80465,2.87977,-0.0320767,-2.37382,-1.54729,0.185049,-1.36963,-0.299708
2.80635,2.87962,-0.0315889,-2.3739,-1.54757,0.185067,-1.36941,-0.299708
2.80755,2.87947,-0.0311006,-2.37399,-1.54786,0.185084,-1.36919,-0.299708
2.80871,2.87932,-0.030612,-2.37407,-1.54814,0.185102,-1.36897,-0.299708
2.80986,2.87917,-0.0301229,-2.37416,-1.54843,0.185119,-1.36875,-0.299708
2.81108,2.87902,-0.0296334,-2.37425,-1.54871,0.185136,-1.36853,-0.299708
2.81169,2.87886,-0.0291436,-2.37433,-1.549,0.185153,-1.36831,-0.299708
2.81282,2.87871,-0.0286533,-2.37442,-1.54929,0.18517,-1.36809,-0.299708
2.81353,2.87856,-0.0281626,-2.3745,-1.54957,0.185186,-1.36786,-0.299708
2.81466,2.87841,-0.0276715,-2.37459,-1.54986,0.185203,-1.36764,-0.299708
2.81582,2.87825,-0.0271801,-2.37468,-1.55014,0.18522,-1.36742,-0.299708
2.81675,2.8781,-0.0266882,-2.37477,-1.55043,0.185236,-1.3672,-0.299708
2.81784,2.87795,-0.0261959,-2.37485,-1.55072,0.185252,-1.36698,-0.299708
2.81885,2.87779,-0.0257032,-2.37494,-1.551,0.185268,-1.36676,-0.299708
2.8195,2.87764,-0.0252101,-2.37503,-1.55129,0.185284,-1.36653,-0.299708
2.82069,2.87748,-0.0247166,-2.37512,-1.55158,0.1853,-1.36631,-0.299708
2.82185,2.87733,-0.0242228,-2.37521,-1.55186,0.185316,-1.36609,-0.299708
2.82307,2.87717,-0.0237286,-2.37529,-1.55215,0.185331,-1.36587,-0.299708
2.82367,2.87702,-0.023234,-2.37538,-1.55244,0.185347,-1.36565,-0.299708
2.82486,2.87686,-0.0227391,-2.37547,-1.55272,0.185362,-1.36542,-0.299708
2.82615,2.87671,-0.0222438,-2.37556,-1.55301,0.185377,-1.3652,-0.299708
2.82674,2.87655,-0.0217481,-2.37565,-1.5533,0.185392,-1.36498,-0.299708
2.8279,2.8764,-0.0212521,-2.37574,-1.55358,0.185407,-1.36476,-0.299708
2.82908,2.87624,-0.0207557,-2.37583,-1.55387,0.185422,-1.36453,-0.299708
2.82971,2.87608,-0.020259,-2.37592,-1.55416,0.185436,-1.36431,-0.299708
2.8309,2.87592,-0.0197619,-2.37601,-1.55444,0.185451,-1.36409,-0.299708
2.83268,2.87577,-0.0192644,-2.3761,-1.55473,0.185465,-1.36387,-0.299708
2.83276,2.87561,-0.0187665,-2.37619,-1.55502,0.185479,-1.36364,-0.299708
2.83457,2.87545,-0.0182683,-2.37628,-1.55531,0.185493,-1.36342,-0.299708
2.83515,2.87529,-0.0177698,-2.37637,-1.55559,0.185507,-1.3632,-0.299708
2.83637,2.87513,-0.0172709,-2.37647,-1.55588,0.185521,-1.36297,-0.299708
2.83698,2.87497,-0.0167716,-2.37656,-1.55617,0.185534,-1.36275,-0.299708
2.8381,2.87481,-0.0162721,-2.37665,-1.55646,0.185548,-1.36253,-0.299708
2.83931,2.87465,-0.0157721,-2.37674,-1.55675,0.185561,-1.36231,-0.299707
2.83991,2.8745,-0.0152719,-2.37683,-1.55703,0.185574,-1.36208,-0.299707
2.84108,2.87433,-0.0147713,-2.37693,-1.55732,0.185587,-1.36186,-0.299706
2.84241,2.87417,-0.0142704,-2.37702,-1.55761,0.1856,-1.36164,-0.299705
2.84355,2.87401,-0.0137691,-2.37711,-1.5579,0.185612,-1.36141,-0.299704
2.84415,2.87385,-0.0132675,-2.37721,-1.55818,0.185624,-1.36119,-0.299702
2.84525,2.87369,-0.0127655,-2.3773,-1.55847,0.185637,-1.36097,-0.299701
2.84706,2.87353,-0.0122632,-2.37739,-1.55876,0.185649,-1.36074,-0.299699
2.84767,2.87337,-0.0117607,-2.37749,-1.55905,0.185661,-1.36052,-0.299697
2.84838,2.87321,-0.0112577,-2.37758,-1.55934,0.185672,-1.3603,-0.299694
2.8496,2.87304,-0.0107545,-2.37768,-1.55963,0.185684,-1.36007,-0.299692
2.85142,2.87288,-0.0102508,-2.37777,-1.55991,0.185695,-1.35985,-0.299689
2.85174,2.87272,-0.00974688,-2.37787,-1.5602,0.185706,-1.35962,-0.299686
2.85262,2.87256,-0.00924256,-2.37796,-1.56049,0.185717,-1.3594,-0.299682
2.85439,2.87239,-0.00873789,-2.37806,-1.56078,0.185728,-1.35918,-0.299678
2.85554,2.87207,-0.00772749,-2.37825,-1.56136,0.185749,-1.35873,-0.299669
2.8567,2.8719,-0.00722173,-2.37835,-1.56165,0.18576,-1.3585,-0.299665
2.858,2.87174,-0.00671563,-2.37845,-1.56194,0.18577,-1.35828,-0.29966
2.85866,2.87157,-0.00620921,-2.37854,-1.56222,0.18578,-1.35806,-0.299654
2.85926,2.87141,-0.00570248,-2.37864,-1.56251,0.18579,-1.35783,-0.299648
2.8604,2.87124,-0.00519544,-2.37874,-1.5628,0.185799,-1.35761,-0.299642
2.8616,2.87108,-0.00468812,-2.37884,-1.56309,0.185809,-1.35738,-0.299636
2.86222,2.87091,-0.00418049,-2.37894,-1.56338,0.185818,-1.35716,-0.299629
2.86395,2.87074,-0.00367254,-2.37903,-1.56367,0.185827,-1.35694,-0.299622
2.86453,2.87058,-0.00316427,-2.37913,-1.56396,0.185836,-1.35671,-0.299615
2.8657,2.87041,-0.00265568,-2.37923,-1.56425,0.185845,-1.35649,-0.299607
2.86647,2.87024,-0.00214678,-2.37933,-1.56454,0.185853,-1.35626,-0.299599
2.86818,2.87008,-0.00163755,-2.37943,-1.56483,0.185862,-1.35604,-0.29959
2.86873,2.86991,-0.00112801,-2.37953,-1.56512,0.18587,-1.35581,-0.299582
2.86936,2.86974,-0.000618177,-2.37963,-1.56541,0.185878,-1.35559,-0.299572
2.87052,2.86957,-0.000108062,-2.37973,-1.5657,0.185885,-1.35536,-0.299563
2.87176,2.86941,0.000402302,-2.37983,-1.56599,0.185893,-1.35514,-0.299553
2.87237,2.86924,0.000912954,-2.37993,-1.56628,0.1859,-1.35491,-0.299543
2.8741,2.86907,0.0014239,-2.38004,-1.56657,0.185907,-1.35469,-0.299532
2.87477,2.8689,0.00193513,-2.38014,-1.56686,0.185914,-1.35446,-0.299521
2.87596,2.86873,0.00244666,-2.38024,-1.56715,0.185921,-1.35424,-0.29951
2.87681,2.86856,0.00295849,-2.38034,-1.56743,0.185928,-1.35402,-0.299498
2.87771,2.86839,0.00347061,-2.38044,-1.56772,0.185934,-1.35379,-0.299486
2.87898,2.86822,0.00398302,-2.38055,-1.56801,0.18594,-1.35357,-0.299474
2.87962,2.86805,0.00449574,-2.38065,-1.5683,0.185946,-1.35334,-0.299461
2.88083,2.86788,0.00500875,-2.38075,-1.56859,0.185952,-1.35312,-0.299448
2.88197,2.86771,0.00552206,-2.38086,-1.56888,0.185958,-1.35289,-0.299435
2.88316,2.86754,0.00603567,-2.38096,-1.56917,0.185963,-1.35266,-0.299421
2.88382,2.86737,0.00654955,-2.38106,-1.56946,0.185968,-1.35244,-0.299407
2.88497,2.8672,0.00706368,-2.38117,-1.56975,0.185973,-1.35221,-0.299392
2.8858,2.86703,0.00757809,-2.38127,-1.57004,0.185978,-1.35199,-0.299377
2.88698,2.86685,0.00809276,-2.38138,-1.57033,0.185983,-1.35176,-0.299362
2.88817,2.86668,0.0086077,-2.38148,-1.57062,0.185987,-1.35154,-0.299347
2.8899,2.86651,0.00912291,-2.38159,-1.57091,0.185992,-1.35131,-0.299331
2.89103,2.86617,0.0101542,-2.3818,-1.57149,0.185999,-1.35086,-0.299297
2.8922,2.86599,0.0106703,-2.38191,-1.57178,0.186003,-1.35064,-0.29928
2.89344,2.86582,0.0111867,-2.38201,-1.57208,0.186006,-1.35041,-0.299263
2.89403,2.86565,0.0117034,-2.38212,-1.57237,0.18601,-1.35019,-0.299245
2.89521,2.86547,0.0122202,-2.38223,-1.57266,0.186013,-1.34996,-0.299227
2.89644,2.8653,0.0127374,-2.38233,-1.57295,0.186015,-1.34973,-0.299208
2.89767,2.86512,0.0132547,-2.38244,-1.57324,0.186018,-1.34951,-0.299189
2.89773,2.86495,0.0137724,-2.38255,-1.57353,0.18602,-1.34928,-0.29917
2.89893,2.86477,0.0142902,-2.38266,-1.57382,0.186023,-1.34906,-0.29915
2.90018,2.8646,0.0148084,-2.38277,-1.57411,0.186025,-1.34883,-0.29913
2.902,2.86442,0.0153268,-2.38288,-1.5744,0.186026,-1.34861,-0.299109
2.90204,2.86425,0.0158454,-2.38299,-1.57469,0.186028,-1.34838,-0.299089
2.90324,2.86407,0.0163643,-2.38309,-1.57498,0.186029,-1.34816,-0.299067
2.90388,2.8639,0.0168834,-2.3832,-1.57527,0.18603,-1.34793,-0.299046
2.90506,2.86372,0.0174028,-2.38331,-1.57556,0.186031,-1.3477,-0.299024
2.90685,2.86354,0.0179225,-2.38342,-1.57585,0.186032,-1.34748,-0.299001
2.90695,2.86337,0.0184423,-2.38353,-1.57614,0.186032,-1.34725,-0.298979
2.9088,2.86319,0.0189624,-2.38365,-1.57643,0.186033,-1.34703,-0.298955
2.9094,2.86301,0.0194827,-2.38376,-1.57672,0.186033,-1.3468,-0.298932
2.91112,2.86284,0.0200034,-2.38387,-1.57701,0.186033,-1.34657,-0.298908
2.9123,2.86248,0.0210456,-2.38409,-1.57759,0.186033,-1.34612,-0.29886
2.91364,2.8623,0.0215673,-2.3842,-1.57788,0.186033,-1.3459,-0.298835
2.91411,2.86213,0.0220892,-2.38432,-1.57817,0.186033,-1.34567,-0.29881
2.91536,2.86195,0.0226115,-2.38443,-1.57846,0.186033,-1.34544,-0.298784
2.91652,2.86177,0.0231341,-2.38454,-1.57875,0.186033,-1.34522,-0.298758
2.91821,2.86159,0.0236571,-2.38465,-1.57905,0.186033,-1.34499,-0.298732
2.91939,2.86123,0.0247038,-2.38488,-1.57963,0.186033,-1.34454,-0.298678
2.92052,2.86105,0.0252276,-2.385,-1.57992,0.186033,-1.34431,-0.298651
2.92177,2.86087,0.0257517,-2.38511,-1.58021,0.186033,-1.34409,-0.298624
2.92251,2.86069,0.0262762,-2.38522,-1.5805,0.186033,-1.34386,-0.298596
2.92354,2.86051,0.026801,-2.38534,-1.58079,0.186033,-1.34363,-0.298568
2.92526,2.86033,0.027326,-2.38545,-1.58108,0.186033,-1.34341,-0.298539
2.92644,2.85997,0.028377,-2.38568,-1.58167,0.186033,-1.34295,-0.298481
2.92819,2.85979,0.028903,-2.3858,-1.58196,0.186033,-1.34273,-0.298451
2.92939,2.85943,0.0299559,-2.38603,-1.58254,0.186033,-1.34227,-0.298391
2.93062,2.85925,0.0304828,-2.38615,-1.58283,0.186033,-1.34205,-0.29836
2.93127,2.85906,0.03101,-2.38627,-1.58312,0.186033,-1.34182,-0.298329
2.93237,2.85888,0.0315375,-2.38638,-1.58341,0.186033,-1.34159,-0.298298
2.93353,2.8587,0.0320652,-2.3865,-1.58371,0.186033,-1.34137,-0.298266
2.93469,2.85852,0.0325932,-2.38662,-1.584,0.186033,-1.34114,-0.298234
2.93642,2.85833,0.0331215,-2.38674,-1.58429,0.186033,-1.34091,-0.298202
2.93763,2.85797,0.0341789,-2.38697,-1.58487,0.186033,-1.34046,-0.298136
2.93855,2.85778,0.0347081,-2.38709,-1.58516,0.186033,-1.34023,-0.298103
2.93957,2.8576,0.0352375,-2.38721,-1.58545,0.186033,-1.34001,-0.298069
2.94066,2.85742,0.0357673,-2.38733,-1.58575,0.186033,-1.33978,-0.298035
2.94186,2.85723,0.0362972,-2.38745,-1.58604,0.186033,-1.33955,-0.298
2.94253,2.85705,0.0368274,-2.38757,-1.58633,0.186033,-1.33933,-0.297965
2.94366,2.85686,0.0373579,-2.38769,-1.58662,0.186033,-1.3391,-0.29793
2.9449,2.85668,0.0378886,-2.38781,-1.58691,0.186033,-1.33887,-0.297895
2.94555,2.85649,0.0384196,-2.38793,-1.58721,0.186033,-1.33865,-0.297859
2.94679,2.85631,0.0389508,-2.38805,-1.5875,0.186033,-1.33842,-0.297823
2.94786,2.85612,0.0394823,-2.38817,-1.58779,0.186033,-1.33819,-0.297786
2.94912,2.85594,0.040014,-2.3883,-1.58808,0.186033,-1.33797,-0.297749
2.94987,2.85575,0.040546,-2.38842,-1.58837,0.186033,-1.33774,-0.297712
2.95117,2.85557,0.0410782,-2.38854,-1.58866,0.186033,-1.33751,-0.297674
2.95153,2.85538,0.0416107,-2.38866,-1.58896,0.186033,-1.33728,-0.297636
2.95278,2.85519,0.0421435,-2.38878,-1.58925,0.186033,-1.33706,-0.297598
2.95381,2.85501,0.0426765,-2.38891,-1.58954,0.186033,-1.33683,-0.29756
2.95533,2.85482,0.0432097,-2.38903,-1.58983,0.186033,-1.3366,-0.297521
2.95626,2.85463,0.0437432,-2.38915,-1.59012,0.186033,-1.33638,-0.297481
2.95677,2.85445,0.0442769,-2.38928,-1.59041,0.186033,-1.33615,-0.297442
2.95807,2.85426,0.0448108,-2.3894,-1.59071,0.186033,-1.33592,-0.297402
2.95863,2.85407,0.045345,-2.38953,-1.591,0.186033,-1.33569,-0.297361
2.95975,2.85388,0.0458794,-2.38965,-1.59129,0.186033,-1.33547,-0.297321
2.96209,2.8537,0.046414,-2.38977,-1.59158,0.186033,-1.33524,-0.29728
2.96384,2.85351,0.0469489,-2.3899,-1.59187,0.186033,-1.33501,-0.297238
2.96501,2.85313,0.0480195,-2.39015,-1.59246,0.186033,-1.33456,-0.297154
2.96616,2.85294,0.0485553,-2.39028,-1.59275,0.186033,-1.33433,-0.297112
2.96734,2.85275,0.0490912,-2.3904,-1.59304,0.186033,-1.3341,-0.297069
2.96797,2.85257,0.0496275,-2.39053,-1.59333,0.186033,-1.33388,-0.297026
2.96914,2.85238,0.0501639,-2.39066,-1.59362,0.186033,-1.33365,-0.296982
2.97047,2.85219,0.0507006,-2.39078,-1.59392,0.186033,-1.33342,-0.296938
2.97094,2.852,0.0512375,-2.39091,-1.59421,0.186033,-1.33319,-0.296893
2.9721,2.85181,0.0517747,-2.39104,-1.5945,0.186033,-1.33297,-0.296849
2.97327,2.85162,0.0523121,-2.39117,-1.59479,0.186033,-1.33274,-0.296804
2.97464,2.85143,0.0528497,-2.39129,-1.59508,0.186032,-1.33251,-0.296758
2.97526,2.85124,0.0533875,-2.39142,-1.59538,0.186032,-1.33229,-0.296712
2.97649,2.85105,0.0539256,-2.39155,-1.59567,0.186032,-1.33206,-0.296666
2.97705,2.85086,0.0544639,-2.39168,-1.59596,0.186032,-1.33183,-0.29662
2.97828,2.85066,0.0550025,-2.39181,-1.59625,0.186032,-1.3316,-0.296573
2.97965,2.85047,0.0555412,-2.39194,-1.59654,0.186032,-1.33138,-0.296525
2.98013,2.85028,0.0560801,-2.39207,-1.59684,0.186031,-1.33115,-0.296478
2.98122,2.85009,0.0566193,-2.3922,-1.59713,0.186031,-1.33092,-0.29643
2.98259,2.8499,0.0571585,-2.39233,-1.59742,0.18603,-1.33069,-0.296381
2.98379,2.84971,0.057698,-2.39246,-1.59771,0.186029,-1.33047,-0.296333
2.98418,2.84951,0.0582376,-2.39259,-1.598,0.186029,-1.33024,-0.296284
2.98552,2.84932,0.0587775,-2.39272,-1.59829,0.186028,-1.33001,-0.296234
2.9866,2.84913,0.0593175,-2.39285,-1.59859,0.186027,-1.32978,-0.296184
2.98795,2.84894,0.0598577,-2.39298,-1.59888,0.186025,-1.32956,-0.296134
2.98855,2.84874,0.0603981,-2.39311,-1.59917,0.186024,-1.32933,-0.296084
2.98914,2.84855,0.0609387,-2.39325,-1.59946,0.186022,-1.3291,-0.296033
2.99092,2.84836,0.0614794,-2.39338,-1.59975,0.186021,-1.32887,-0.295981
2.99153,2.84816,0.0620204,-2.39351,-1.60004,0.186019,-1.32865,-0.29593
2.99216,2.84797,0.0625614,-2.39365,-1.60033,0.186017,-1.32842,-0.295878
2.994,2.84778,0.0631026,-2.39378,-1.60063,0.186015,-1.32819,-0.295825
2.99524,2.84758,0.063644,-2.39391,-1.60092,0.186012,-1.32797,-0.295773
2.99529,2.84739,0.0641854,-2.39405,-1.60121,0.18601,-1.32774,-0.295719
2.9965,2.8472,0.0647271,-2.39418,-1.6015,0.186007,-1.32751,-0.295666
2.9976,2.847,0.0652688,-2.39431,-1.60179,0.186004,-1.32728,-0.295612
2.99819,2.84681,0.0658107,-2.39445,-1.60208,0.186001,-1.32706,-0.295558
2.99948,2.84661,0.0663527,-2.39458,-1.60237,0.185997,-1.32683,-0.295504
3.00054,2.84642,0.0668948,-2.39472,-1.60266,0.185994,-1.3266,-0.295449
3.00129,2.84622,0.0674371,-2.39485,-1.60295,0.18599,-1.32637,-0.295394
3.00241,2.84603,0.0679794,-2.39499,-1.60325,0.185986,-1.32615,-0.295338
3.00354,2.84583,0.0685219,-2.39513,-1.60354,0.185982,-1.32592,-0.295282
3.00488,2.84564,0.0690646,-2.39526,-1.60383,0.185977,-1.32569,-0.295226
3.0056,2.84544,0.0696073,-2.3954,-1.60412,0.185973,-1.32547,-0.295169
3.00669,2.84524,0.0701502,-2.39554,-1.60441,0.185968,-1.32524,-0.295112
3.00734,2.84505,0.0706931,-2.39567,-1.6047,0.185963,-1.32501,-0.295055
3.00856,2.84485,0.0712362,-2.39581,-1.60499,0.185957,-1.32478,-0.294997
3.00966,2.84465,0.0717794,-2.39595,-1.60528,0.185952,-1.32456,-0.294939
3.01033,2.84446,0.0723227,-2.39609,-1.60557,0.185946,-1.32433,-0.294881
3.01154,2.84426,0.0728661,-2.39622,-1.60586,0.18594,-1.3241,-0.294822
3.01266,2.84406,0.0734096,-2.39636,-1.60615,0.185933,-1.32388,-0.294763
3.01383,2.84387,0.0739532,-2.3965,-1.60644,0.185926,-1.32365,-0.294704
3.01448,2.84367,0.0744969,-2.39664,-1.60673,0.18592,-1.32342,-0.294644
3.01576,2.84347,0.0750407,-2.39678,-1.60702,0.185912,-1.32319,-0.294584
3.01641,2.84328,0.0755846,-2.39692,-1.60731,0.185905,-1.32297,-0.294523
3.0176,2.84308,0.0761286,-2.39706,-1.6076,0.185897,-1.32274,-0.294462
3.01882,2.84288,0.0766727,-2.3972,-1.60789,0.185889,-1.32251,-0.294401
3.01943,2.84268,0.0772169,-2.39734,-1.60818,0.185881,-1.32229,-0.294339
3.02121,2.84248,0.0777611,-2.39748,-1.60847,0.185873,-1.32206,-0.294278
3.02182,2.84229,0.0783054,-2.39762,-1.60876,0.185864,-1.32183,-0.294215
3.02246,2.84209,0.0788498,-2.39776,-1.60905,0.185855,-1.32161,-0.294153
3.02359,2.84189,0.0793942,-2.3979,-1.60934,0.185846,-1.32138,-0.29409
3.02475,2.84169,0.0799388,-2.39804,-1.60963,0.185836,-1.32115,-0.294027
3.02542,2.84149,0.0804834,-2.39819,-1.60992,0.185826,-1.32093,-0.293963
3.02652,2.84129,0.0810281,-2.39833,-1.61021,0.185816,-1.3207,-0.293899
3.0277,2.84109,0.0815729,-2.39847,-1.61049,0.185806,-1.32047,-0.293835
3.02887,2.8409,0.0821177,-2.39861,-1.61078,0.185795,-1.32025,-0.29377
3.0295,2.8407,0.0826626,-2.39876,-1.61107,0.185784,-1.32002,-0.293705
3.0312,2.8405,0.0832076,-2.3989,-1.61136,0.185773,-1.31979,-0.29364
3.0318,2.8403,0.0837526,-2.39904,-1.61165,0.185762,-1.31957,-0.293574
3.03247,2.8401,0.0842977,-2.39919,-1.61194,0.18575,-1.31934,-0.293508
3.03362,2.8399,0.0848428,-2.39933,-1.61223,0.185738,-1.31912,-0.293442
3.03538,2.8397,0.085388,-2.39947,-1.61252,0.185725,-1.31889,-0.293375
3.03658,2.8395,0.0859333,-2.39962,-1.6128,0.185713,-1.31866,-0.293308
3.03718,2.8393,0.0864786,-2.39976,-1.61309,0.1857,-1.31844,-0.293241
3.03835,2.8391,0.0870241,-2.39991,-1.61338,0.185686,-1.31821,-0.293173
3.03958,2.8389,0.0875696,-2.40005,-1.61367,0.185673,-1.31798,-0.293105
3.04015,2.8387,0.0881151,-2.4002,-1.61396,0.185659,-1.31776,-0.293036
3.04139,2.8385,0.0886608,-2.40035,-1.61425,0.185645,-1.31753,-0.292967
3.04191,2.83829,0.0892065,-2.40049,-1.61453,0.18563,-1.31731,-0.292898
3.04382,2.83809,0.0897522,-2.40064,-1.61482,0.185616,-1.31708,-0.292828
3.04392,2.83789,0.0902979,-2.40079,-1.61511,0.1856,-1.31685,-0.292758
3.04564,2.83769,0.0908437,-2.40093,-1.6154,0.185585,-1.31663,-0.292688
3.0469,2.83749,0.0913895,-2.40108,-1.61568,0.185569,-1.3164,-0.292617
3.04702,2.83729,0.0919353,-2.40123,-1.61597,0.185553,-1.31618,-0.292546
3.04811,2.83709,0.0924812,-2.40137,-1.61626,0.185537,-1.31595,-0.292475
3.04989,2.83689,0.093027,-2.40152,-1.61655,0.18552,-1.31572,-0.292403
3.04996,2.83668,0.093573,-2.40167,-1.61683,0.185503,-1.3155,-0.292331
3.05165,2.83648,0.0941189,-2.40182,-1.61712,0.185486,-1.31527,-0.292259
3.0523,2.83628,0.0946649,-2.40197,-1.61741,0.185469,-1.31505,-0.292186
3.05294,2.83608,0.0952109,-2.40212,-1.61769,0.185451,-1.31482,-0.292113
3.05411,2.83587,0.095757,-2.40227,-1.61798,0.185432,-1.3146,-0.29204
3.05585,2.83567,0.096303,-2.40242,-1.61827,0.185414,-1.31437,-0.291966
3.05594,2.83547,0.096849,-2.40257,-1.61856,0.185395,-1.31415,-0.291892
3.05711,2.83527,0.0973951,-2.40272,-1.61884,0.185376,-1.31392,-0.291818
3.05823,2.83506,0.0979411,-2.40287,-1.61913,0.185356,-1.3137,-0.291743
3.0594,2.83486,0.0984872,-2.40302,-1.61941,0.185337,-1.31347,-0.291668
3.06001,2.83466,0.0990332,-2.40317,-1.6197,0.185316,-1.31325,-0.291593
3.06114,2.83446,0.0995793,-2.40332,-1.61999,0.185296,-1.31302,-0.291517
3.06235,2.83425,0.100125,-2.40347,-1.62027,0.185275,-1.3128,-0.291441
3.06354,2.83405,0.100672,-2.40362,-1.62056,0.185254,-1.31257,-0.291365
3.0647,2.83385,0.101218,-2.40378,-1.62084,0.185233,-1.31235,-0.291288
3.06537,2.83364,0.101764,-2.40393,-1.62113,0.185211,-1.31212,-0.291211
3.06655,2.83344,0.10231,-2.40408,-1.62142,0.185189,-1.3119,-0.291134
3.06773,2.83324,0.102856,-2.40423,-1.6217,0.185167,-1.31167,-0.291057
3.06834,2.83303,0.103402,-2.40439,-1.62199,0.185144,-1.31145,-0.290979
3.06955,2.83283,0.103949,-2.40454,-1.62227,0.185121,-1.31122,-0.2909
3.07069,2.83262,0.104495,-2.40469,-1.62256,0.185098,-1.311,-0.290822
3.07138,2.83242,0.105041,-2.40485,-1.62284,0.185074,-1.31077,-0.290743
3.07255,2.83222,0.105587,-2.405,-1.62313,0.18505,-1.31055,-0.290663
3.07367,2.83201,0.106133,-2.40516,-1.62341,0.185026,-1.31032,-0.290584
3.07488,2.83181,0.10668,-2.40531,-1.6237,0.185001,-1.3101,-0.290504
3.07549,2.8316,0.107226,-2.40546,-1.62398,0.184976,-1.30988,-0.290423
3.07679,2.8314,0.107772,-2.40562,-1.62427,0.184951,-1.30965,-0.290343
3.07753,2.83119,0.108318,-2.40578,-1.62455,0.184925,-1.30943,-0.290262
3.07877,2.83099,0.108864,-2.40593,-1.62484,0.184899,-1.3092,-0.29018
3.0795,2.83079,0.109411,-2.40609,-1.62512,0.184873,-1.30898,-0.290099
3.08083,2.83058,0.109957,-2.40624,-1.6254,0.184847,-1.30876,-0.290017
3.08171,2.83038,0.110503,-2.4064,-1.62569,0.18482,-1.30853,-0.289935
3.0835,2.83017,0.111049,-2.40656,-1.62597,0.184792,-1.30831,-0.289852
3.08462,2.82976,0.112141,-2.40687,-1.62654,0.184737,-1.30786,-0.289686
3.08579,2.82956,0.112687,-2.40703,-1.62682,0.184709,-1.30764,-0.289602
3.08676,2.82935,0.113233,-2.40719,-1.62711,0.18468,-1.30742,-0.289518
3.08763,2.82914,0.11378,-2.40734,-1.62739,0.184651,-1.30719,-0.289434
3.08878,2.82894,0.114326,-2.4075,-1.62767,0.184622,-1.30697,-0.289349
3.08945,2.82873,0.114872,-2.40766,-1.62796,0.184592,-1.30675,-0.289265
3.09078,2.82853,0.115418,-2.40782,-1.62824,0.184562,-1.30652,-0.289179
3.09179,2.82832,0.115963,-2.40798,-1.62852,0.184532,-1.3063,-0.289094
3.09241,2.82812,0.116509,-2.40814,-1.62881,0.184502,-1.30608,-0.289008
3.09362,2.82791,0.117055,-2.4083,-1.62909,0.184471,-1.30585,-0.288922
3.09474,2.8277,0.117601,-2.40846,-1.62937,0.184439,-1.30563,-0.288835
3.09592,2.8275,0.118147,-2.40862,-1.62965,0.184408,-1.30541,-0.288749
3.09654,2.82729,0.118692,-2.40878,-1.62994,0.184376,-1.30518,-0.288662
3.09772,2.82709,0.119238,-2.40894,-1.63022,0.184343,-1.30496,-0.288574
3.0989,2.82688,0.119784,-2.4091,-1.6305,0.184311,-1.30474,-0.288486
3.09955,2.82667,0.120329,-2.40926,-1.63078,0.184278,-1.30452,-0.288398
3.1007,2.82647,0.120875,-2.40942,-1.63107,0.184244,-1.3043,-0.28831
3.10186,2.82626,0.12142,-2.40958,-1.63135,0.184211,-1.30407,-0.288221
3.10254,2.82605,0.121966,-2.40974,-1.63163,0.184177,-1.30385,-0.288132
3.10364,2.82585,0.122511,-2.40991,-1.63191,0.184142,-1.30363,-0.288043
3.10481,2.82564,0.123056,-2.41007,-1.63219,0.184108,-1.30341,-0.287953
3.10602,2.82543,0.123602,-2.41023,-1.63247,0.184072,-1.30318,-0.287863
3.10663,2.82523,0.124147,-2.41039,-1.63276,0.184037,-1.30296,-0.287773
3.1078,2.82502,0.124692,-2.41056,-1.63304,0.184001,-1.30274,-0.287683
3.10898,2.82481,0.125237,-2.41072,-1.63332,0.183965,-1.30252,-0.287592
3.10967,2.8246,0.125782,-2.41088,-1.6336,0.183929,-1.3023,-0.287501
3.11081,2.8244,0.126327,-2.41105,-1.63388,0.183892,-1.30208,-0.287409
3.11197,2.82419,0.126872,-2.41121,-1.63416,0.183855,-1.30185,-0.287317
3.11262,2.82398,0.127416,-2.41138,-1.63444,0.183817,-1.30163,-0.287225
3.11378,2.82378,0.127961,-2.41154,-1.63472,0.183779,-1.30141,-0.287133
3.11505,2.82357,0.128506,-2.4117,-1.635,0.183741,-1.30119,-0.28704
3.11608,2.82336,0.12905,-2.41187,-1.63528,0.183702,-1.30097,-0.286947
3.11669,2.82315,0.129595,-2.41203,-1.63556,0.183663,-1.30075,-0.286853
3.11785,2.82295,0.130139,-2.4122,-1.63584,0.183624,-1.30053,-0.28676
3.11902,2.82274,0.130683,-2.41237,-1.63612,0.183585,-1.30031,-0.286666
3.11974,2.82253,0.131227,-2.41253,-1.6364,0.183545,-1.30009,-0.286571
3.12084,2.82232,0.131771,-2.4127,-1.63668,0.183504,-1.29987,-0.286477
3.12204,2.82212,0.132315,-2.41286,-1.63696,0.183463,-1.29965,-0.286382
3.12266,2.82191,0.132859,-2.41303,-1.63724,0.183422,-1.29943,-0.286287
3.12381,2.8217,0.133403,-2.4132,-1.63752,0.183381,-1.29921,-0.286191
3.12563,2.82149,0.133947,-2.41337,-1.6378,0.183339,-1.29899,-0.286095
3.12567,2.82128,0.13449,-2.41353,-1.63807,0.183297,-1.29877,-0.285999
3.12688,2.82108,0.135034,-2.4137,-1.63835,0.183255,-1.29855,-0.285903
3.12802,2.82087,0.135577,-2.41387,-1.63863,0.183212,-1.29833,-0.285806
3.12881,2.82066,0.136121,-2.41404,-1.63891,0.183168,-1.29811,-0.285709
3.12979,2.82045,0.136664,-2.41421,-1.63919,0.183125,-1.29789,-0.285612
3.13102,2.82024,0.137207,-2.41437,-1.63947,0.183081,-1.29767,-0.285514
3.13167,2.82004,0.13775,-2.41454,-1.63974,0.183037,-1.29745,-0.285416
3.13282,2.81983,0.138293,-2.41471,-1.64002,0.182992,-1.29723,-0.285318
3.13419,2.81962,0.138835,-2.41488,-1.6403,0.182947,-1.29701,-0.285219
3.13481,2.81941,0.139378,-2.41505,-1.64058,0.182902,-1.29679,-0.28512
3.13598,2.8192,0.139921,-2.41522,-1.64085,0.182856,-1.29657,-0.285021
3.13715,2.819,0.140463,-2.41539,-1.64113,0.18281,-1.29635,-0.284922
3.13777,2.81879,0.141005,-2.41556,-1.64141,0.182763,-1.29613,-0.284822
3.13894,2.81858,0.141547,-2.41573,-1.64169,0.182716,-1.29591,-0.284722
3.14007,2.81837,0.142089,-2.4159,-1.64196,0.182669,-1.2957,-0.284621
3.14071,2.81816,0.142631,-2.41608,-1.64224,0.182622,-1.29548,-0.28452
3.14192,2.81795,0.143173,-2.41625,-1.64252,0.182574,-1.29526,-0.284419
3.1431,2.81775,0.143714,-2.41642,-1.64279,0.182525,-1.29504,-0.284318
3.14399,2.81754,0.144256,-2.41659,-1.64307,0.182476,-1.29482,-0.284216
3.14489,2.81733,0.144797,-2.41676,-1.64334,0.182427,-1.2946,-0.284114
3.1461,2.81712,0.145338,-2.41693,-1.64362,0.182378,-1.29439,-0.284012
3.14734,2.81691,0.145879,-2.41711,-1.6439,0.182328,-1.29417,-0.283909
3.14793,2.8167,0.14642,-2.41728,-1.64417,0.182278,-1.29395,-0.283807
3.14913,2.81649,0.146961,-2.41745,-1.64445,0.182227,-1.29373,-0.283703
3.14981,2.81629,0.147502,-2.41763,-1.64472,0.182176,-1.29352,-0.2836
3.151,2.81608,0.148042,-2.4178,-1.645,0.182125,-1.2933,-0.283496
3.15235,2.81587,0.148583,-2.41797,-1.64527,0.182073,-1.29308,-0.283392
3.15279,2.81566,0.149123,-2.41815,-1.64555,0.182021,-1.29287,-0.283287
3.15396,2.81545,0.149663,-2.41832,-1.64582,0.181968,-1.29265,-0.283183
3.15516,2.81524,0.150203,-2.4185,-1.6461,0.181915,-1.29243,-0.283078
3.15641,2.81503,0.150742,-2.41867,-1.64637,0.181862,-1.29221,-0.282972
3.15698,2.81482,0.151282,-2.41885,-1.64665,0.181808,-1.292,-0.282867
3.15815,2.81462,0.151821,-2.41902,-1.64692,0.181754,-1.29178,-0.282761
3.15931,2.81441,0.15236,-2.4192,-1.64719,0.1817,-1.29157,-0.282654
3.16058,2.8142,0.1529,-2.41937,-1.64747,0.181645,-1.29135,-0.282548
3.16124,2.81399,0.153439,-2.41955,-1.64774,0.18159,-1.29113,-0.282441
3.16186,2.81378,0.153977,-2.41973,-1.64801,0.181534,-1.29092,-0.282334
3.1637,2.81357,0.154516,-2.4199,-1.64829,0.181479,-1.2907,-0.282226
3.16427,2.81336,0.155054,-2.42008,-1.64856,0.181422,-1.29049,-0.282119
3.16487,2.81315,0.155593,-2.42026,-1.64883,0.181366,-1.29027,-0.282011
3.16673,2.81295,0.156131,-2.42043,-1.64911,0.181309,-1.29006,-0.281902
3.16734,2.81274,0.156669,-2.42061,-1.64938,0.181251,-1.28984,-0.281794
3.16791,2.81253,0.157207,-2.42079,-1.64965,0.181193,-1.28963,-0.281685
3.16987,2.81232,0.157744,-2.42097,-1.64993,0.181135,-1.28941,-0.281576
3.17039,2.81211,0.158282,-2.42115,-1.6502,0.181077,-1.2892,-0.281466
3.17187,2.8119,0.158819,-2.42132,-1.65047,0.181018,-1.28898,-0.281357
3.17237,2.81169,0.159356,-2.4215,-1.65074,0.180958,-1.28877,-0.281247
3.17296,2.81148,0.159893,-2.42168,-1.65101,0.180899,-1.28855,-0.281136
3.17407,2.81127,0.16043,-2.42186,-1.65129,0.180839,-1.28834,-0.281026
3.17525,2.81106,0.160967,-2.42204,-1.65156,0.180778,-1.28812,-0.280915
3.1764,2.81086,0.161504,-2.42222,-1.65183,0.180718,-1.28791,-0.280804
3.17706,2.81065,0.16204,-2.4224,-1.6521,0.180656,-1.28769,-0.280692
3.17818,2.81044,0.162576,-2.42258,-1.65237,0.180595,-1.28748,-0.280581
3.17937,2.81023,0.163112,-2.42276,-1.65264,0.180533,-1.28727,-0.280469
3.17999,2.81002,0.163648,-2.42294,-1.65291,0.18047,-1.28705,-0.280356
3.18114,2.80981,0.164183,-2.42312,-1.65318,0.180408,-1.28684,-0.280244
3.18306,2.8096,0.164718,-2.4233,-1.65345,0.180345,-1.28663,-0.280131
3.18313,2.80939,0.165253,-2.42348,-1.65372,0.180281,-1.28641,-0.280018
3.18486,2.80918,0.165788,-2.42366,-1.65399,0.180217,-1.2862,-0.279904
3.18604,2.80877,0.166857,-2.42403,-1.65453,0.180088,-1.28578,-0.279677
3.1872,2.80856,0.167392,-2.42421,-1.6548,0.180023,-1.28556,-0.279562
3.18839,2.80835,0.167926,-2.42439,-1.65507,0.179958,-1.28535,-0.279448
3.18925,2.80814,0.16846,-2.42458,-1.65534,0.179892,-1.28514,-0.279333
3.19041,2.80793,0.168994,-2.42476,-1.65561,0.179826,-1.28493,-0.279218
3.19101,2.80772,0.169527,-2.42494,-1.65588,0.179759,-1.28472,-0.279102
3.19219,2.80751,0.17006,-2.42512,-1.65615,0.179692,-1.2845,-0.278987
3.19353,2.8073,0.170594,-2.42531,-1.65642,0.179625,-1.28429,-0.278871
3.19457,2.80709,0.171126,-2.42549,-1.65669,0.179557,-1.28408,-0.278755
3.19519,2.80689,0.171659,-2.42568,-1.65696,0.179489,-1.28387,-0.278638
3.1964,2.80668,0.172192,-2.42586,-1.65722,0.17942,-1.28366,-0.278521
3.19778,2.80647,0.172724,-2.42604,-1.65749,0.179351,-1.28345,-0.278404
3.19826,2.80626,0.173256,-2.42623,-1.65776,0.179282,-1.28324,-0.278287
3.19938,2.80605,0.173788,-2.42641,-1.65803,0.179212,-1.28303,-0.278169
3.2006,2.80584,0.17432,-2.4266,-1.65829,0.179142,-1.28281,-0.278051
3.20119,2.80563,0.174851,-2.42678,-1.65856,0.179072,-1.2826,-0.277933
3.20255,2.80542,0.175382,-2.42697,-1.65883,0.179001,-1.28239,-0.277815
3.20356,2.80521,0.175913,-2.42716,-1.6591,0.17893,-1.28218,-0.277696
3.20416,2.80501,0.176444,-2.42734,-1.65936,0.178858,-1.28197,-0.277577
3.20538,2.8048,0.176975,-2.42753,-1.65963,0.178786,-1.28176,-0.277457
3.20659,2.80459,0.177505,-2.42771,-1.6599,0.178713,-1.28155,-0.277338
3.20834,2.80438,0.178035,-2.4279,-1.66016,0.178641,-1.28135,-0.277218
3.20951,2.80396,0.179095,-2.42827,-1.6607,0.178494,-1.28093,-0.276978
3.21133,2.80354,0.180153,-2.42865,-1.66123,0.178345,-1.28051,-0.276736
3.21285,2.80334,0.180682,-2.42884,-1.66149,0.17827,-1.2803,-0.276615
3.21375,2.80313,0.181211,-2.42903,-1.66176,0.178195,-1.28009,-0.276493
3.21492,2.80292,0.18174,-2.42921,-1.66202,0.17812,-1.27988,-0.276371
3.21542,2.80271,0.182268,-2.4294,-1.66229,0.178044,-1.27968,-0.276249
3.2166,2.8025,0.182796,-2.42959,-1.66255,0.177967,-1.27947,-0.276127
3.21776,2.80229,0.183324,-2.42978,-1.66282,0.17789,-1.27926,-0.276004
3.21842,2.80208,0.183851,-2.42997,-1.66308,0.177813,-1.27905,-0.275881
3.22008,2.80187,0.184378,-2.43016,-1.66335,0.177736,-1.27884,-0.275758
3.22136,2.80146,0.185432,-2.43054,-1.66388,0.177579,-1.27843,-0.275511
3.22306,2.80125,0.185959,-2.43073,-1.66414,0.1775,-1.27822,-0.275387
3.22367,2.80104,0.186485,-2.43092,-1.6644,0.177421,-1.27802,-0.275263
3.22439,2.80083,0.187011,-2.43111,-1.66467,0.177342,-1.27781,-0.275139
3.22616,2.80062,0.187537,-2.4313,-1.66493,0.177262,-1.2776,-0.275014
3.22677,2.80042,0.188062,-2.43149,-1.66519,0.177181,-1.2774,-0.274889
3.22801,2.80021,0.188588,-2.43168,-1.66546,0.1771,-1.27719,-0.274764
3.2297,2.8,0.189113,-2.43187,-1.66572,0.177019,-1.27698,-0.274638
3.23085,2.79958,0.190162,-2.43225,-1.66624,0.176855,-1.27657,-0.274386
3.23202,2.79937,0.190686,-2.43245,-1.66651,0.176773,-1.27637,-0.27426
3.23268,2.79917,0.19121,-2.43264,-1.66677,0.17669,-1.27616,-0.274134
3.23401,2.79896,0.191733,-2.43283,-1.66703,0.176607,-1.27596,-0.274007
3.23534,2.79875,0.192257,-2.43302,-1.66729,0.176523,-1.27575,-0.27388
3.23566,2.79854,0.19278,-2.43322,-1.66755,0.176439,-1.27555,-0.273752
3.23683,2.79833,0.193303,-2.43341,-1.66782,0.176355,-1.27534,-0.273625
3.23796,2.79812,0.193825,-2.4336,-1.66808,0.17627,-1.27514,-0.273497
3.23972,2.79792,0.194347,-2.4338,-1.66834,0.176185,-1.27493,-0.273369
3.24094,2.7975,0.195391,-2.43418,-1.66886,0.176013,-1.27453,-0.273112
3.24206,2.79729,0.195912,-2.43438,-1.66912,0.175927,-1.27432,-0.272983
3.24272,2.79709,0.196433,-2.43457,-1.66938,0.17584,-1.27412,-0.272854
3.24391,2.79688,0.196954,-2.43477,-1.66964,0.175753,-1.27392,-0.272725
3.24503,2.79667,0.197475,-2.43496,-1.6699,0.175665,-1.27371,-0.272595
3.24565,2.79646,0.197995,-2.43516,-1.67016,0.175577,-1.27351,-0.272465
3.24688,2.79625,0.198515,-2.43535,-1.67042,0.175489,-1.27331,-0.272335
3.24798,2.79605,0.199034,-2.43555,-1.67068,0.1754,-1.27311,-0.272205
3.2499,2.79563,0.200073,-2.43594,-1.6712,0.175221,-1.2727,-0.271944
3.25172,2.79542,0.200591,-2.43613,-1.67146,0.175131,-1.2725,-0.271813
3.25293,2.79522,0.20111,-2.43633,-1.67171,0.17504,-1.2723,-0.271681
3.25305,2.79501,0.201628,-2.43652,-1.67197,0.174949,-1.2721,-0.27155
3.25435,2.7948,0.202145,-2.43672,-1.67223,0.174858,-1.27189,-0.271418
3.25493,2.79459,0.202663,-2.43692,-1.67249,0.174766,-1.27169,-0.271286
3.25608,2.79439,0.20318,-2.43711,-1.67275,0.174674,-1.27149,-0.271153
3.25672,2.79418,0.203697,-2.43731,-1.673,0.174582,-1.27129,-0.271021
3.25793,2.79397,0.204213,-2.43751,-1.67326,0.174489,-1.27109,-0.270888
3.25909,2.79377,0.204729,-2.43771,-1.67352,0.174395,-1.27089,-0.270755
3.25971,2.79356,0.205245,-2.4379,-1.67378,0.174302,-1.27069,-0.270622
3.26123,2.79335,0.20576,-2.4381,-1.67403,0.174207,-1.27049,-0.270488
3.26183,2.79314,0.206276,-2.4383,-1.67429,0.174113,-1.27029,-0.270354
3.26304,2.79294,0.20679,-2.4385,-1.67455,0.174018,-1.27009,-0.270221
3.26417,2.79273,0.207305,-2.4387,-1.6748,0.173922,-1.26989,-0.270086
3.26505,2.79252,0.207819,-2.4389,-1.67506,0.173827,-1.26969,-0.269952
3.26595,2.79232,0.208333,-2.43909,-1.67531,0.17373,-1.26949,-0.269817
3.26707,2.79211,0.208846,-2.43929,-1.67557,0.173634,-1.2693,-0.269682
3.26777,2.7919,0.209359,-2.43949,-1.67583,0.173537,-1.2691,-0.269547
3.2689,2.7917,0.209872,-2.43969,-1.67608,0.173439,-1.2689,-0.269412
3.27014,2.79149,0.210384,-2.43989,-1.67634,0.173342,-1.2687,-0.269276
3.27129,2.79128,0.210896,-2.44009,-1.67659,0.173243,-1.2685,-0.26914
3.27248,2.79108,0.211408,-2.44029,-1.67685,0.173145,-1.2683,-0.269004
3.2736,2.79087,0.211919,-2.44049,-1.6771,0.173045,-1.26811,-0.268868
3.27432,2.79067,0.21243,-2.44069,-1.67735,0.172946,-1.26791,-0.268731
3.2755,2.79046,0.212941,-2.44089,-1.67761,0.172846,-1.26771,-0.268594
3.27727,2.79025,0.213451,-2.44109,-1.67786,0.172746,-1.26752,-0.268457
3.27843,2.78984,0.214471,-2.44149,-1.67837,0.172544,-1.26712,-0.268182
3.27965,2.78964,0.21498,-2.4417,-1.67862,0.172442,-1.26693,-0.268044
3.28076,2.78943,0.215489,-2.4419,-1.67888,0.17234,-1.26673,-0.267906
3.28146,2.78922,0.215998,-2.4421,-1.67913,0.172237,-1.26654,-0.267767
3.28256,2.78902,0.216506,-2.4423,-1.67938,0.172135,-1.26634,-0.267629
3.28373,2.78881,0.217014,-2.4425,-1.67963,0.172031,-1.26614,-0.26749
3.28444,2.78861,0.217522,-2.44271,-1.67989,0.171927,-1.26595,-0.26735
3.28561,2.7884,0.218029,-2.44291,-1.68014,0.171823,-1.26575,-0.267211
3.28678,2.7882,0.218536,-2.44311,-1.68039,0.171719,-1.26556,-0.267071
3.28741,2.78799,0.219042,-2.44331,-1.68064,0.171614,-1.26537,-0.266931
3.28876,2.78779,0.219549,-2.44352,-1.68089,0.171508,-1.26517,-0.266791
3.28971,2.78758,0.220054,-2.44372,-1.68115,0.171403,-1.26498,-0.266651
3.29075,2.78738,0.22056,-2.44392,-1.6814,0.171296,-1.26478,-0.26651
3.29171,2.78717,0.221065,-2.44413,-1.68165,0.17119,-1.26459,-0.26637
3.29284,2.78697,0.22157,-2.44433,-1.6819,0.171083,-1.2644,-0.266229
3.29355,2.78676,0.222074,-2.44454,-1.68215,0.170975,-1.2642,-0.266087
3.29476,2.78656,0.222578,-2.44474,-1.6824,0.170867,-1.26401,-0.265946
3.29591,2.78635,0.223081,-2.44495,-1.68265,0.170759,-1.26382,-0.265804
3.29652,2.78615,0.223585,-2.44515,-1.6829,0.17065,-1.26363,-0.265662
3.2977,2.78594,0.224088,-2.44535,-1.68315,0.170541,-1.26343,-0.26552
3.29886,2.78574,0.22459,-2.44556,-1.6834,0.170432,-1.26324,-0.265378
3.30029,2.78553,0.225092,-2.44577,-1.68365,0.170322,-1.26305,-0.265235
3.30089,2.78533,0.225594,-2.44597,-1.6839,0.170211,-1.26286,-0.265092
3.30157,2.78512,0.226095,-2.44618,-1.68415,0.170101,-1.26267,-0.264949
3.30339,2.78492,0.226596,-2.44638,-1.6844,0.169989,-1.26248,-0.264806
3.30399,2.78472,0.227096,-2.44659,-1.68465,0.169878,-1.26229,-0.264662
3.30463,2.78451,0.227597,-2.44679,-1.68489,0.169766,-1.26209,-0.264519
3.30578,2.78431,0.228096,-2.447,-1.68514,0.169653,-1.2619,-0.264375
3.30699,2.7841,0.228596,-2.44721,-1.68539,0.169541,-1.26171,-0.26423
3.3076,2.7839,0.229095,-2.44741,-1.68564,0.169427,-1.26152,-0.264086
3.30946,2.7837,0.229593,-2.44762,-1.68589,0.169314,-1.26133,-0.263941
3.31069,2.78329,0.230589,-2.44803,-1.68638,0.169085,-1.26096,-0.263651
3.31181,2.78308,0.231086,-2.44824,-1.68663,0.16897,-1.26077,-0.263506
3.31306,2.78288,0.231583,-2.44845,-1.68687,0.168854,-1.26058,-0.263361
3.31362,2.78268,0.23208,-2.44866,-1.68712,0.168739,-1.26039,-0.263215
3.3148,2.78247,0.232576,-2.44887,-1.68737,0.168622,-1.2602,-0.263069
3.31676,2.78207,0.233567,-2.44928,-1.68786,0.168389,-1.25983,-0.262776
3.31781,2.78186,0.234062,-2.44949,-1.6881,0.168271,-1.25964,-0.26263
3.319,2.78166,0.234557,-2.4497,-1.68835,0.168153,-1.25945,-0.262483
3.32017,2.78146,0.235051,-2.44991,-1.6886,0.168035,-1.25926,-0.262336
3.32078,2.78126,0.235544,-2.45012,-1.68884,0.167916,-1.25908,-0.262189
3.32201,2.78105,0.236038,-2.45033,-1.68909,0.167797,-1.25889,-0.262041
3.32288,2.78085,0.236531,-2.45053,-1.68933,0.167678,-1.2587,-0.261894
3.32439,2.78065,0.237023,-2.45074,-1.68957,0.167558,-1.25852,-0.261746
3.32556,2.78044,0.237515,-2.45095,-1.68982,0.167437,-1.25833,-0.261597
3.32613,2.78024,0.238007,-2.45116,-1.69006,0.167316,-1.25815,-0.261449
3.32737,2.78004,0.238498,-2.45137,-1.69031,0.167195,-1.25796,-0.261301
3.32793,2.77984,0.238988,-2.45158,-1.69055,0.167073,-1.25778,-0.261152
3.32908,2.77964,0.239479,-2.45179,-1.69079,0.166951,-1.25759,-0.261003
3.33028,2.77943,0.239968,-2.45201,-1.69104,0.166829,-1.25741,-0.260854
3.33094,2.77923,0.240458,-2.45222,-1.69128,0.166706,-1.25722,-0.260704
3.33205,2.77903,0.240947,-2.45243,-1.69152,0.166582,-1.25704,-0.260554
3.33323,2.77883,0.241435,-2.45264,-1.69176,0.166458,-1.25686,-0.260405
3.33442,2.77863,0.241923,-2.45285,-1.69201,0.166334,-1.25667,-0.260255
3.33508,2.77842,0.242411,-2.45306,-1.69225,0.166209,-1.25649,-0.260104
3.33627,2.77822,0.242898,-2.45327,-1.69249,0.166084,-1.25631,-0.259954
3.33749,2.77802,0.243385,-2.45348,-1.69273,0.165959,-1.25612,-0.259803
3.33807,2.77782,0.243871,-2.4537,-1.69297,0.165833,-1.25594,-0.259652
3.3392,2.77762,0.244357,-2.45391,-1.69322,0.165706,-1.25576,-0.259501
3.3404,2.77742,0.244842,-2.45412,-1.69346,0.16558,-1.25558,-0.25935
3.3421,2.77722,0.245327,-2.45433,-1.6937,0.165452,-1.2554,-0.259198
3.34331,2.77682,0.246295,-2.45476,-1.69418,0.165196,-1.25503,-0.258895
3.34503,2.77661,0.246779,-2.45497,-1.69442,0.165068,-1.25485,-0.258742
3.34563,2.77641,0.247262,-2.45518,-1.69466,0.164939,-1.25467,-0.25859
3.34633,2.77621,0.247745,-2.4554,-1.6949,0.16481,-1.25449,-0.258438
3.34799,2.77601,0.248227,-2.45561,-1.69514,0.16468,-1.25431,-0.258285
3.34924,2.77581,0.248709,-2.45582,-1.69538,0.16455,-1.25413,-0.258132
3.34932,2.77561,0.24919,-2.45604,-1.69562,0.164419,-1.25395,-0.257979
3.35042,2.77541,0.249671,-2.45625,-1.69585,0.164288,-1.25377,-0.257826
3.3516,2.77521,0.250151,-2.45647,-1.69609,0.164157,-1.25359,-0.257672
3.35222,2.77501,0.250631,-2.45668,-1.69633,0.164025,-1.25342,-0.257518
3.35377,2.77481,0.251111,-2.45689,-1.69657,0.163893,-1.25324,-0.257364
3.3548,2.77461,0.25159,-2.45711,-1.69681,0.16376,-1.25306,-0.25721
3.35538,2.77441,0.252068,-2.45732,-1.69705,0.163627,-1.25288,-0.257056
3.35723,2.77421,0.252546,-2.45754,-1.69728,0.163494,-1.2527,-0.256901
3.35728,2.77401,0.253024,-2.45775,-1.69752,0.16336,-1.25253,-0.256747
3.35912,2.77381,0.253501,-2.45797,-1.69776,0.163225,-1.25235,-0.256592
3.35914,2.77362,0.253978,-2.45818,-1.69799,0.16309,-1.25217,-0.256437
3.36038,2.77342,0.254454,-2.4584,-1.69823,0.162955,-1.252,-0.256281
3.36154,2.77322,0.25493,-2.45861,-1.69847,0.16282,-1.25182,-0.256126
3.36277,2.77302,0.255405,-2.45883,-1.6987,0.162684,-1.25164,-0.25597
3.36332,2.77282,0.25588,-2.45905,-1.69894,0.162547,-1.25147,-0.255814
3.36451,2.77262,0.256354,-2.45926,-1.69918,0.16241,-1.25129,-0.255658
3.36566,2.77242,0.256828,-2.45948,-1.69941,0.162273,-1.25112,-0.255502
3.3664,2.77222,0.257301,-2.45969,-1.69965,0.162135,-1.25094,-0.255345
3.36746,2.77203,0.257774,-2.45991,-1.69988,0.161997,-1.25077,-0.255189
3.36861,2.77183,0.258246,-2.46013,-1.70012,0.161859,-1.25059,-0.255032
3.36922,2.77163,0.258718,-2.46034,-1.70035,0.16172,-1.25042,-0.254875
3.37098,2.77143,0.259189,-2.46056,-1.70059,0.16158,-1.25025,-0.254718
3.37162,2.77123,0.25966,-2.46078,-1.70082,0.161441,-1.25007,-0.25456
3.37336,2.77103,0.260131,-2.461,-1.70105,0.1613,-1.2499,-0.254403
3.37454,2.77064,0.26107,-2.46143,-1.70152,0.161019,-1.24955,-0.254087
3.37565,2.77044,0.261539,-2.46165,-1.70175,0.160877,-1.24938,-0.253929
3.37635,2.77024,0.262007,-2.46187,-1.70199,0.160735,-1.24921,-0.25377
3.37751,2.77005,0.262475,-2.46208,-1.70222,0.160593,-1.24904,-0.253612
3.37866,2.76985,0.262942,-2.4623,-1.70245,0.16045,-1.24887,-0.253453
3.37946,2.76965,0.263409,-2.46252,-1.70269,0.160307,-1.2487,-0.253294
3.38053,2.76946,0.263875,-2.46274,-1.70292,0.160163,-1.24852,-0.253135
3.38162,2.76926,0.264341,-2.46296,-1.70315,0.160019,-1.24835,-0.252976
3.38232,2.76906,0.264807,-2.46318,-1.70338,0.159875,-1.24818,-0.252816
3.38347,2.76887,0.265272,-2.46339,-1.70361,0.15973,-1.24801,-0.252657
3.38516,2.76867,0.265736,-2.46361,-1.70384,0.159585,-1.24784,-0.252497
3.3854,2.76847,0.2662,-2.46383,-1.70408,0.159439,-1.24768,-0.252337
3.38652,2.76828,0.266663,-2.46405,-1.70431,0.159293,-1.24751,-0.252177
3.38759,2.76808,0.267126,-2.46427,-1.70454,0.159147,-1.24734,-0.252016
3.38871,2.76788,0.267588,-2.46449,-1.70477,0.159,-1.24717,-0.251856
3.38947,2.76769,0.26805,-2.46471,-1.705,0.158852,-1.247,-0.251695
3.39055,2.76749,0.268511,-2.46493,-1.70523,0.158705,-1.24683,-0.251534
3.39173,2.7673,0.268972,-2.46515,-1.70546,0.158557,-1.24666,-0.251373
3.39236,2.7671,0.269432,-2.46537,-1.70569,0.158408,-1.2465,-0.251212
3.39354,2.7669,0.269892,-2.46559,-1.70592,0.158259,-1.24633,-0.25105
3.39471,2.76671,0.270351,-2.46581,-1.70614,0.158109,-1.24616,-0.250889
3.39536,2.76651,0.270809,-2.46603,-1.70637,0.15796,-1.246,-0.250727
3.39652,2.76632,0.271267,-2.46625,-1.7066,0.157809,-1.24583,-0.250565
3.39768,2.76612,0.271725,-2.46647,-1.70683,0.157659,-1.24567,-0.250403
3.39886,2.76593,0.272182,-2.46669,-1.70706,0.157508,-1.2455,-0.25024
3.40058,2.76573,0.272639,-2.46691,-1.70729,0.157356,-1.24533,-0.250078
3.40237,2.76554,0.273095,-2.46714,-1.70751,0.157204,-1.24517,-0.249915
3.40294,2.76534,0.27355,-2.46736,-1.70774,0.157052,-1.24501,-0.249752
3.40409,2.76515,0.274005,-2.46758,-1.70797,0.156899,-1.24484,-0.249589
3.40529,2.76496,0.274459,-2.4678,-1.7082,0.156746,-1.24468,-0.249426
3.40601,2.76476,0.274913,-2.46802,-1.70842,0.156592,-1.24451,-0.249262
3.40718,2.76457,0.275367,-2.46824,-1.70865,0.156438,-1.24435,-0.249099
3.40837,2.76437,0.275819,-2.46847,-1.70888,0.156284,-1.24419,-0.248935
3.40899,2.76418,0.276272,-2.46869,-1.7091,0.156129,-1.24402,-0.24877
3.4107,2.76399,0.276723,-2.46891,-1.70933,0.155973,-1.24386,-0.248606
3.41136,2.76379,0.277175,-2.46913,-1.70955,0.155817,-1.2437,-0.248442
3.41197,2.7636,0.277625,-2.46936,-1.70978,0.155661,-1.24354,-0.248277
3.41307,2.7634,0.278075,-2.46958,-1.71,0.155504,-1.24338,-0.248112
3.41425,2.76321,0.278525,-2.4698,-1.71023,0.155347,-1.24322,-0.247947
3.41493,2.76302,0.278974,-2.47002,-1.71045,0.155189,-1.24305,-0.247782
3.41602,2.76282,0.279422,-2.47025,-1.71068,0.155031,-1.24289,-0.247616
3.41723,2.76263,0.27987,-2.47047,-1.7109,0.154873,-1.24273,-0.247451
3.41854,2.76244,0.280318,-2.47069,-1.71113,0.154714,-1.24257,-0.247285
3.41904,2.76225,0.280764,-2.47092,-1.71135,0.154555,-1.24241,-0.247119
3.42023,2.76205,0.281211,-2.47114,-1.71157,0.154395,-1.24226,-0.246953
3.42096,2.76186,0.281656,-2.47137,-1.7118,0.154235,-1.2421,-0.246786
3.422,2.76167,0.282102,-2.47159,-1.71202,0.154074,-1.24194,-0.24662
3.42319,2.76148,0.282546,-2.47181,-1.71224,0.153913,-1.24178,-0.246453
3.42446,2.76128,0.28299,-2.47204,-1.71247,0.153752,-1.24162,-0.246286
3.42498,2.76109,0.283434,-2.47226,-1.71269,0.15359,-1.24146,-0.246119
3.42624,2.7609,0.283876,-2.47249,-1.71291,0.153428,-1.24131,-0.245952
3.4275,2.76071,0.284319,-2.47271,-1.71313,0.153265,-1.24115,-0.245785
3.42865,2.76052,0.284761,-2.47294,-1.71335,0.153102,-1.24099,-0.245617
3.42932,2.76032,0.285202,-2.47316,-1.71357,0.152938,-1.24084,-0.24545
3.42991,2.76013,0.285643,-2.47339,-1.7138,0.152774,-1.24068,-0.245282
3.43106,2.75994,0.286083,-2.47361,-1.71402,0.15261,-1.24053,-0.245114
3.43237,2.75975,0.286523,-2.47384,-1.71424,0.152446,-1.24037,-0.244946
3.43286,2.75956,0.286962,-2.47406,-1.71446,0.152281,-1.24022,-0.244778
3.43401,2.75937,0.2874,-2.47429,-1.71468,0.152115,-1.24006,-0.24461
3.43516,2.75918,0.287838,-2.47451,-1.7149,0.151949,-1.23991,-0.244441
3.43632,2.75899,0.288276,-2.47474,-1.71512,0.151783,-1.23975,-0.244272
3.43695,2.75879,0.288713,-2.47497,-1.71534,0.151616,-1.2396,-0.244103
3.43812,2.7586,0.289149,-2.47519,-1.71556,0.151449,-1.23944,-0.243935
3.43932,2.75841,0.289585,-2.47542,-1.71578,0.151282,-1.23929,-0.243765
3.44009,2.75822,0.29002,-2.47564,-1.716,0.151114,-1.23914,-0.243596
3.44107,2.75803,0.290455,-2.47587,-1.71621,0.150946,-1.23899,-0.243427
3.44225,2.75784,0.290889,-2.4761,-1.71643,0.150777,-1.23883,-0.243257
3.44291,2.75765,0.291322,-2.47632,-1.71665,0.150608,-1.23868,-0.243087
3.44408,2.75746,0.291755,-2.47655,-1.71687,0.150438,-1.23853,-0.242918
3.44521,2.75727,0.292187,-2.47678,-1.71709,0.150269,-1.23838,-0.242748
3.44711,2.75708,0.292619,-2.477,-1.7173,0.150098,-1.23823,-0.242577
3.44716,2.75689,0.29305,-2.47723,-1.71752,0.149928,-1.23808,-0.242407
3.44833,2.7567,0.29348,-2.47746,-1.71774,0.149757,-1.23793,-0.242237
3.44897,2.75651,0.29391,-2.47768,-1.71796,0.149585,-1.23778,-0.242066
3.45023,2.75633,0.29434,-2.47791,-1.71817,0.149413,-1.23763,-0.241895
3.4515,2.75614,0.294769,-2.47814,-1.71839,0.149241,-1.23748,-0.241724
3.45205,2.75595,0.295197,-2.47837,-1.7186,0.149068,-1.23733,-0.241553
3.45322,2.75576,0.295624,-2.47859,-1.71882,0.148895,-1.23718,-0.241382
3.45444,2.75557,0.296051,-2.47882,-1.71904,0.148721,-1.23703,-0.241211
3.45506,2.75538,0.296478,-2.47905,-1.71925,0.148547,-1.23689,-0.241039
3.45621,2.75519,0.296904,-2.47928,-1.71947,0.148373,-1.23674,-0.240867
3.45741,2.755,0.297329,-2.4795,-1.71968,0.148198,-1.23659,-0.240695
3.45857,2.75482,0.297753,-2.47973,-1.7199,0.148023,-1.23644,-0.240523
3.45918,2.75463,0.298177,-2.47996,-1.72011,0.147847,-1.2363,-0.240351
3.4604,2.75444,0.298601,-2.48019,-1.72033,0.147671,-1.23615,-0.240179
3.46161,2.75425,0.299024,-2.48042,-1.72054,0.147495,-1.23601,-0.240006
3.46221,2.75406,0.299446,-2.48065,-1.72075,0.147318,-1.23586,-0.239834
3.46425,2.75369,0.300288,-2.4811,-1.72118,0.146963,-1.23557,-0.239488
3.4653,2.7535,0.300709,-2.48133,-1.72139,0.146785,-1.23543,-0.239315
3.46658,2.75331,0.301129,-2.48156,-1.72161,0.146606,-1.23528,-0.239141
3.46716,2.75313,0.301548,-2.48179,-1.72182,0.146427,-1.23514,-0.238968
3.46821,2.75294,0.301966,-2.48202,-1.72203,0.146248,-1.235,-0.238795
3.47033,2.75257,0.302801,-2.48248,-1.72245,0.145888,-1.23471,-0.238447
3.47136,2.75238,0.303218,-2.48271,-1.72267,0.145708,-1.23457,-0.238273
3.47351,2.75201,0.30405,-2.48317,-1.72309,0.145345,-1.23428,-0.237925
3.47413,2.75182,0.304465,-2.4834,-1.7233,0.145164,-1.23414,-0.23775
3.47529,2.75163,0.304879,-2.48363,-1.72351,0.144981,-1.234,-0.237576
3.47701,2.75145,0.305292,-2.48386,-1.72372,0.144799,-1.23386,-0.237401
3.47761,2.75126,0.305705,-2.48409,-1.72393,0.144616,-1.23372,-0.237226
3.47837,2.75108,0.306118,-2.48432,-1.72414,0.144432,-1.23358,-0.237051
3.48,2.75089,0.30653,-2.48455,-1.72435,0.144249,-1.23344,-0.236876
3.48171,2.75071,0.306941,-2.48478,-1.72456,0.144064,-1.2333,-0.236701
3.48177,2.75052,0.307351,-2.48501,-1.72477,0.14388,-1.23317,-0.236526
3.48241,2.75033,0.307761,-2.48524,-1.72498,0.143695,-1.23303,-0.23635
3.4842,2.75015,0.308171,-2.48547,-1.72518,0.14351,-1.23289,-0.236174
3.4855,2.74996,0.30858,-2.4857,-1.72539,0.143324,-1.23275,-0.235999
3.48583,2.74978,0.308988,-2.48593,-1.7256,0.143138,-1.23261,-0.235823
3.48725,2.74959,0.309395,-2.48616,-1.72581,0.142951,-1.23248,-0.235646
3.48883,2.74923,0.310208,-2.48663,-1.72622,0.142577,-1.2322,-0.235294
3.49054,2.74904,0.310614,-2.48686,-1.72643,0.142389,-1.23207,-0.235117
3.491,2.74886,0.311019,-2.48709,-1.72664,0.142201,-1.23193,-0.23494
3.49215,2.74867,0.311423,-2.48732,-1.72685,0.142012,-1.2318,-0.234764
3.49275,2.74849,0.311827,-2.48755,-1.72705,0.141823,-1.23166,-0.234587
3.4937,2.7483,0.31223,-2.48778,-1.72726,0.141634,-1.23153,-0.234409
3.49458,2.74812,0.312632,-2.48802,-1.72746,0.141444,-1.2314,-0.234232
3.49573,2.74794,0.313034,-2.48825,-1.72767,0.141254,-1.23126,-0.234055
3.49769,2.74775,0.313435,-2.48848,-1.72788,0.141063,-1.23113,-0.233877
3.49891,2.74739,0.314236,-2.48894,-1.72829,0.14068,-1.23086,-0.233522
3.49964,2.7472,0.314635,-2.48918,-1.72849,0.140489,-1.23073,-0.233344
3.50124,2.74702,0.315034,-2.48941,-1.72869,0.140296,-1.2306,-0.233166
3.50184,2.74684,0.315432,-2.48964,-1.7289,0.140104,-1.23047,-0.232988
3.50245,2.74665,0.315829,-2.48987,-1.7291,0.139911,-1.23034,-0.232809
3.50361,2.74647,0.316226,-2.49011,-1.72931,0.139717,-1.23021,-0.232631
3.50481,2.74629,0.316622,-2.49034,-1.72951,0.139524,-1.23008,-0.232452
3.50599,2.74611,0.317018,-2.49057,-1.72971,0.13933,-1.22995,-0.232274
3.50666,2.74592,0.317412,-2.4908,-1.72992,0.139135,-1.22982,-0.232095
3.50847,2.74574,0.317806,-2.49104,-1.73012,0.13894,-1.22969,-0.231916
3.50909,2.74556,0.3182,-2.49127,-1.73032,0.138745,-1.22956,-0.231737
3.50969,2.74538,0.318593,-2.4915,-1.73052,0.138549,-1.22943,-0.231558
3.51087,2.74519,0.318985,-2.49174,-1.73073,0.138353,-1.2293,-0.231378
3.51202,2.74501,0.319377,-2.49197,-1.73093,0.138156,-1.22917,-0.231199
3.51267,2.74483,0.319768,-2.4922,-1.73113,0.13796,-1.22905,-0.231019
3.51418,2.74465,0.320158,-2.49244,-1.73133,0.137762,-1.22892,-0.23084
3.5151,2.74447,0.320548,-2.49267,-1.73153,0.137565,-1.22879,-0.23066
3.51587,2.74429,0.320937,-2.4929,-1.73173,0.137367,-1.22867,-0.23048
3.51694,2.74411,0.321325,-2.49314,-1.73193,0.137168,-1.22854,-0.2303
3.51818,2.74392,0.321713,-2.49337,-1.73213,0.13697,-1.22841,-0.23012
3.51879,2.74374,0.3221,-2.4936,-1.73233,0.136771,-1.22829,-0.22994
3.51996,2.74356,0.322486,-2.49384,-1.73253,0.136571,-1.22816,-0.229759
3.52115,2.74338,0.322872,-2.49407,-1.73273,0.136371,-1.22804,-0.229579
3.52176,2.7432,0.323257,-2.49431,-1.73293,0.136171,-1.22792,-0.229398
3.52298,2.74302,0.323641,-2.49454,-1.73313,0.13597,-1.22779,-0.229217
3.52432,2.74284,0.324025,-2.49477,-1.73333,0.135769,-1.22767,-0.229036
3.52486,2.74266,0.324408,-2.49501,-1.73353,0.135567,-1.22755,-0.228855
3.52603,2.74248,0.32479,-2.49524,-1.73373,0.135365,-1.22742,-0.228674
3.52669,2.7423,0.325172,-2.49548,-1.73393,0.135163,-1.2273,-0.228493
3.52783,2.74212,0.325553,-2.49571,-1.73412,0.134961,-1.22718,-0.228312
3.52898,2.74194,0.325933,-2.49595,-1.73432,0.134758,-1.22706,-0.22813
3.5297,2.74176,0.326313,-2.49618,-1.73452,0.134554,-1.22694,-0.227949
3.53085,2.74158,0.326692,-2.49642,-1.73472,0.13435,-1.22682,-0.227767
3.53203,2.7414,0.327071,-2.49665,-1.73491,0.134146,-1.2267,-0.227585
3.53324,2.74122,0.327448,-2.49689,-1.73511,0.133942,-1.22658,-0.227403
3.53382,2.74104,0.327825,-2.49712,-1.73531,0.133737,-1.22646,-0.227221
3.535,2.74087,0.328202,-2.49735,-1.7355,0.133531,-1.22634,-0.227039
3.53615,2.74069,0.328577,-2.49759,-1.7357,0.133326,-1.22622,-0.226857
3.53678,2.74051,0.328952,-2.49782,-1.73589,0.13312,-1.2261,-0.226674
3.53797,2.74033,0.329327,-2.49806,-1.73609,0.132913,-1.22599,-0.226492
3.53911,2.74015,0.329701,-2.4983,-1.73628,0.132707,-1.22587,-0.226309
3.53974,2.73997,0.330074,-2.49853,-1.73648,0.132499,-1.22575,-0.226127
3.54094,2.73979,0.330446,-2.49877,-1.73667,0.132292,-1.22563,-0.225944
3.54209,2.73962,0.330818,-2.499,-1.73687,0.132084,-1.22552,-0.225761
3.54272,2.73944,0.331189,-2.49924,-1.73706,0.131875,-1.2254,-0.225578
3.54386,2.73926,0.331559,-2.49947,-1.73726,0.131667,-1.22529,-0.225394
3.54504,2.73908,0.331928,-2.49971,-1.73745,0.131457,-1.22517,-0.225211
3.54625,2.7389,0.332297,-2.49994,-1.73764,0.131248,-1.22506,-0.225028
3.54686,2.73873,0.332665,-2.50018,-1.73784,0.131038,-1.22494,-0.224844
3.54802,2.73855,0.333033,-2.50042,-1.73803,0.130828,-1.22483,-0.22466
3.54918,2.73837,0.3334,-2.50065,-1.73822,0.130617,-1.22472,-0.224476
3.54989,2.7382,0.333766,-2.50089,-1.73841,0.130406,-1.2246,-0.224293
3.55115,2.73802,0.334131,-2.50112,-1.73861,0.130194,-1.22449,-0.224109
3.5528,2.73784,0.334496,-2.50136,-1.7388,0.129983,-1.22438,-0.223924
3.55394,2.73749,0.335224,-2.50183,-1.73918,0.129558,-1.22415,-0.223556
3.55512,2.73731,0.335586,-2.50207,-1.73937,0.129345,-1.22404,-0.223371
3.55584,2.73713,0.335948,-2.5023,-1.73956,0.129132,-1.22393,-0.223187
3.55704,2.73696,0.33631,-2.50254,-1.73975,0.128918,-1.22382,-0.223002
3.55814,2.73678,0.33667,-2.50278,-1.73994,0.128704,-1.22371,-0.222817
3.55875,2.73661,0.33703,-2.50301,-1.74013,0.128489,-1.2236,-0.222632
3.55991,2.73643,0.33739,-2.50325,-1.74032,0.128274,-1.22349,-0.222447
3.56107,2.73625,0.337748,-2.50349,-1.74051,0.128059,-1.22339,-0.222262
3.56224,2.73608,0.338106,-2.50372,-1.7407,0.127843,-1.22328,-0.222077
3.56287,2.7359,0.338463,-2.50396,-1.74089,0.127627,-1.22317,-0.221891
3.56402,2.73573,0.33882,-2.5042,-1.74108,0.127411,-1.22306,-0.221706
3.5652,2.73555,0.339175,-2.50443,-1.74127,0.127194,-1.22296,-0.221521
3.56582,2.73538,0.33953,-2.50467,-1.74146,0.126977,-1.22285,-0.221335
3.56697,2.7352,0.339885,-2.50491,-1.74164,0.12676,-1.22274,-0.221149
3.56814,2.73503,0.340238,-2.50514,-1.74183,0.126542,-1.22264,-0.220963
3.56932,2.73485,0.340591,-2.50538,-1.74202,0.126324,-1.22253,-0.220777
3.56994,2.73468,0.340943,-2.50562,-1.74221,0.126105,-1.22243,-0.220591
3.57113,2.7345,0.341295,-2.50586,-1.74239,0.125886,-1.22232,-0.220405
3.57233,2.73433,0.341646,-2.50609,-1.74258,0.125667,-1.22222,-0.220219
3.57291,2.73415,0.341996,-2.50633,-1.74277,0.125447,-1.22211,-0.220032
3.57409,2.73398,0.342345,-2.50657,-1.74295,0.125227,-1.22201,-0.219846
3.57525,2.73381,0.342694,-2.50681,-1.74314,0.125007,-1.22191,-0.219659
3.57589,2.73363,0.343042,-2.50704,-1.74333,0.124786,-1.22181,-0.219473
3.57704,2.73346,0.34339,-2.50728,-1.74351,0.124565,-1.2217,-0.219286
3.57827,2.73328,0.343736,-2.50752,-1.7437,0.124343,-1.2216,-0.219099
3.57891,2.73311,0.344082,-2.50776,-1.74388,0.124121,-1.2215,-0.218912
3.58002,2.73294,0.344427,-2.50799,-1.74407,0.123899,-1.2214,-0.218725
3.58117,2.73276,0.344772,-2.50823,-1.74425,0.123677,-1.2213,-0.218538
3.58237,2.73259,0.345116,-2.50847,-1.74443,0.123454,-1.2212,-0.21835
3.58295,2.73242,0.345459,-2.50871,-1.74462,0.12323,-1.2211,-0.218163
3.58414,2.73224,0.345801,-2.50895,-1.7448,0.123007,-1.221,-0.217976
3.58537,2.73207,0.346143,-2.50918,-1.74499,0.122782,-1.2209,-0.217788
3.58595,2.7319,0.346484,-2.50942,-1.74517,0.122558,-1.2208,-0.2176
3.58772,2.73172,0.346824,-2.50966,-1.74535,0.122333,-1.22071,-0.217412
3.58829,2.73155,0.347163,-2.5099,-1.74553,0.122108,-1.22061,-0.217225
3.58952,2.73138,0.347502,-2.51014,-1.74572,0.121883,-1.22051,-0.217037
3.59063,2.73121,0.347841,-2.51037,-1.7459,0.121657,-1.22042,-0.216848
3.59128,2.73103,0.348178,-2.51061,-1.74608,0.121431,-1.22032,-0.21666
3.59242,2.73086,0.348515,-2.51085,-1.74626,0.121204,-1.22022,-0.216472
3.59359,2.73069,0.348851,-2.51109,-1.74644,0.120977,-1.22013,-0.216284
3.59422,2.73052,0.349186,-2.51133,-1.74662,0.12075,-1.22003,-0.216095
3.59537,2.73035,0.349521,-2.51157,-1.74681,0.120522,-1.21994,-0.215906
3.59654,2.73017,0.349855,-2.5118,-1.74699,0.120294,-1.21984,-0.215718
3.59715,2.73,0.350188,-2.51204,-1.74717,0.120066,-1.21975,-0.215529
3.59837,2.72983,0.350521,-2.51228,-1.74735,0.119837,-1.21966,-0.21534
3.59953,2.72966,0.350852,-2.51252,-1.74753,0.119608,-1.21956,-0.215151
3.60017,2.72949,0.351183,-2.51276,-1.74771,0.119379,-1.21947,-0.214962
3.60133,2.72932,0.351514,-2.513,-1.74789,0.119149,-1.21938,-0.214773
3.60256,2.72914,0.351843,-2.51324,-1.74806,0.118919,-1.21929,-0.214583
3.60315,2.72897,0.352172,-2.51347,-1.74824,0.118688,-1.2192,-0.214394
3.60442,2.7288,0.352501,-2.51371,-1.74842,0.118457,-1.21911,-0.214205
3.60555,2.72863,0.352828,-2.51395,-1.7486,0.118226,-1.21902,-0.214015
3.60617,2.72846,0.353155,-2.51419,-1.74878,0.117995,-1.21893,-0.213826
3.6074,2.72829,0.353481,-2.51443,-1.74896,0.117763,-1.21884,-0.213636
3.60853,2.72812,0.353806,-2.51467,-1.74913,0.117531,-1.21875,-0.213446
3.60916,2.72795,0.354131,-2.51491,-1.74931,0.117298,-1.21866,-0.213256
3.61032,2.72778,0.354455,-2.51515,-1.74949,0.117065,-1.21857,-0.213066
3.61151,2.72761,0.354778,-2.51539,-1.74967,0.116832,-1.21848,-0.212876
3.61211,2.72744,0.355101,-2.51563,-1.74984,0.116598,-1.2184,-0.212686
3.61325,2.72727,0.355422,-2.51586,-1.75002,0.116365,-1.21831,-0.212496
3.61442,2.7271,0.355743,-2.5161,-1.75019,0.11613,-1.21822,-0.212305
3.6156,2.72693,0.356064,-2.51634,-1.75037,0.115896,-1.21814,-0.212115
3.61621,2.72676,0.356383,-2.51658,-1.75055,0.115661,-1.21805,-0.211925
3.6174,2.72659,0.356702,-2.51682,-1.75072,0.115425,-1.21796,-0.211734
3.61868,2.72642,0.35702,-2.51706,-1.7509,0.11519,-1.21788,-0.211543
3.61925,2.72625,0.357338,-2.5173,-1.75107,0.114954,-1.2178,-0.211353
3.62038,2.72608,0.357654,-2.51754,-1.75125,0.114717,-1.21771,-0.211162
3.62154,2.72591,0.35797,-2.51778,-1.75142,0.114481,-1.21763,-0.210971
3.6222,2.72574,0.358286,-2.51802,-1.75159,0.114244,-1.21754,-0.21078
3.62333,2.72557,0.3586,-2.51826,-1.75177,0.114006,-1.21746,-0.210589
3.62453,2.7254,0.358914,-2.5185,-1.75194,0.113769,-1.21738,-0.210397
3.62566,2.72523,0.359227,-2.51874,-1.75211,0.113531,-1.2173,-0.210206
3.62628,2.72506,0.359539,-2.51898,-1.75229,0.113292,-1.21722,-0.210015
3.62744,2.7249,0.359851,-2.51922,-1.75246,0.113054,-1.21714,-0.209823
3.62916,2.72473,0.360162,-2.51946,-1.75263,0.112815,-1.21706,-0.209632
3.62936,2.72456,0.360472,-2.5197,-1.7528,0.112575,-1.21698,-0.20944
3.63038,2.72439,0.360781,-2.51994,-1.75298,0.112336,-1.2169,-0.209249
3.63153,2.72422,0.36109,-2.52018,-1.75315,0.112095,-1.21682,-0.209057
3.63264,2.72405,0.361398,-2.52042,-1.75332,0.111855,-1.21674,-0.208865
3.63326,2.72389,0.361705,-2.52066,-1.75349,0.111614,-1.21666,-0.208673
3.63447,2.72372,0.362012,-2.5209,-1.75366,0.111373,-1.21658,-0.208481
3.63561,2.72355,0.362318,-2.52114,-1.75383,0.111132,-1.2165,-0.208289
3.63626,2.72338,0.362623,-2.52138,-1.754,0.11089,-1.21643,-0.208097
3.63741,2.72321,0.362927,-2.52162,-1.75417,0.110648,-1.21635,-0.207905
3.63916,2.72305,0.363231,-2.52186,-1.75434,0.110406,-1.21627,-0.207712
3.63976,2.72288,0.363534,-2.5221,-1.75451,0.110163,-1.2162,-0.20752
3.64035,2.72271,0.363836,-2.52234,-1.75468,0.10992,-1.21612,-0.207327
3.64158,2.72254,0.364137,-2.52258,-1.75485,0.109677,-1.21605,-0.207135
3.64269,2.72238,0.364438,-2.52282,-1.75502,0.109433,-1.21597,-0.206942
3.64372,2.72221,0.364738,-2.52306,-1.75519,0.109189,-1.2159,-0.20675
3.64487,2.72204,0.365037,-2.5233,-1.75536,0.108945,-1.21583,-0.206557
3.64603,2.72187,0.365335,-2.52354,-1.75553,0.1087,-1.21575,-0.206364
3.64723,2.72171,0.365633,-2.52378,-1.75569,0.108455,-1.21568,-0.206171
3.64844,2.72154,0.36593,-2.52402,-1.75586,0.10821,-1.21561,-0.205978
3.64966,2.72137,0.366226,-2.52426,-1.75603,0.107964,-1.21554,-0.205785
3.65025,2.72121,0.366522,-2.5245,-1.75619,0.107718,-1.21546,-0.205591
3.65142,2.72104,0.366816,-2.52474,-1.75636,0.107472,-1.21539,-0.205398
3.65206,2.72087,0.36711,-2.52498,-1.75653,0.107225,-1.21532,-0.205205
3.65321,2.72071,0.367404,-2.52522,-1.75669,0.106978,-1.21525,-0.205011
3.65442,2.72054,0.367696,-2.52546,-1.75686,0.10673,-1.21518,-0.204818
3.6556,2.72037,0.367988,-2.5257,-1.75703,0.106483,-1.21511,-0.204624
3.65621,2.72021,0.368279,-2.52594,-1.75719,0.106235,-1.21505,-0.20443
3.65742,2.72004,0.368569,-2.52618,-1.75736,0.105986,-1.21498,-0.204237
3.658,2.71988,0.368859,-2.52642,-1.75752,0.105738,-1.21491,-0.204043
3.65918,2.71971,0.369147,-2.52666,-1.75769,0.105489,-1.21484,-0.203849
3.66035,2.71954,0.369435,-2.5269,-1.75785,0.105239,-1.21478,-0.203655
3.66154,2.71938,0.369723,-2.52714,-1.75802,0.104989,-1.21471,-0.203461
3.66215,2.71921,0.370009,-2.52738,-1.75818,0.104739,-1.21464,-0.203266
3.66332,2.71905,0.370295,-2.52762,-1.75834,0.104489,-1.21458,-0.203072
3.66469,2.71888,0.37058,-2.52786,-1.75851,0.104238,-1.21451,-0.202878
3.66515,2.71872,0.370864,-2.5281,-1.75867,0.103987,-1.21445,-0.202683
3.66685,2.71855,0.371148,-2.52835,-1.75883,0.103736,-1.21439,-0.202489
3.66746,2.71839,0.37143,-2.52859,-1.75899,0.103484,-1.21432,-0.202294
3.6681,2.71822,0.371712,-2.52883,-1.75916,0.103232,-1.21426,-0.2021
3.66927,2.71805,0.371994,-2.52907,-1.75932,0.10298,-1.2142,-0.201905
3.67077,2.71789,0.372274,-2.52931,-1.75948,0.102727,-1.21413,-0.20171
3.67216,2.71772,0.372554,-2.52955,-1.75964,0.102474,-1.21407,-0.201515
3.67336,2.7174,0.373111,-2.53003,-1.75996,0.101968,-1.21395,-0.201126
3.67458,2.71723,0.373388,-2.53027,-1.76013,0.101714,-1.21389,-0.200931
3.67513,2.71707,0.373665,-2.53051,-1.76029,0.101459,-1.21383,-0.200735
3.67639,2.7169,0.373941,-2.53075,-1.76045,0.101205,-1.21377,-0.20054
3.67751,2.71674,0.374217,-2.53099,-1.76061,0.10095,-1.21371,-0.200345
3.67872,2.71657,0.374491,-2.53124,-1.76077,0.100695,-1.21365,-0.20015
3.68006,2.71641,0.374765,-2.53148,-1.76093,0.10044,-1.21359,-0.199954
3.68067,2.71624,0.375038,-2.53172,-1.76108,0.100184,-1.21354,-0.199759
3.68129,2.71608,0.37531,-2.53196,-1.76124,0.0999278,-1.21348,-0.199563
3.68252,2.71591,0.375581,-2.5322,-1.7614,0.0996714,-1.21342,-0.199368
3.68363,2.71575,0.375852,-2.53244,-1.76156,0.0994147,-1.21337,-0.199172
3.68425,2.71559,0.376122,-2.53268,-1.76172,0.0991577,-1.21331,-0.198976
3.6855,2.71542,0.376391,-2.53292,-1.76188,0.0989004,-1.21325,-0.198781
3.68659,2.71526,0.37666,-2.53316,-1.76203,0.0986428,-1.2132,-0.198585
3.68837,2.71509,0.376928,-2.5334,-1.76219,0.098385,-1.21314,-0.198389
3.6902,2.71493,0.377195,-2.53364,-1.76235,0.0981268,-1.21309,-0.198193
3.6919,2.71477,0.377461,-2.53389,-1.7625,0.0978682,-1.21304,-0.197997
3.69305,2.7146,0.377726,-2.53413,-1.76266,0.0976093,-1.21298,-0.197801
3.69421,2.71444,0.377991,-2.53437,-1.76282,0.0973501,-1.21293,-0.197605
3.69556,2.71428,0.378254,-2.53461,-1.76297,0.0970905,-1.21288,-0.197408
3.69611,2.71411,0.378518,-2.53485,-1.76313,0.0968305,-1.21283,-0.197212
3.69672,2.71395,0.37878,-2.53509,-1.76328,0.0965702,-1.21278,-0.197015
3.69792,2.71379,0.379041,-2.53533,-1.76344,0.0963095,-1.21273,-0.196819
3.69909,2.71362,0.379302,-2.53557,-1.76359,0.0960485,-1.21268,-0.196622
3.70025,2.71346,0.379562,-2.53582,-1.76375,0.0957872,-1.21263,-0.196425
3.70086,2.7133,0.379821,-2.53606,-1.7639,0.0955255,-1.21258,-0.196228
3.70204,2.71313,0.380079,-2.5363,-1.76406,0.0952636,-1.21253,-0.196031
3.70321,2.71297,0.380337,-2.53654,-1.76421,0.0950012,-1.21248,-0.195834
3.70386,2.71281,0.380594,-2.53678,-1.76436,0.0947386,-1.21243,-0.195637
3.70502,2.71265,0.38085,-2.53702,-1.76452,0.0944756,-1.21238,-0.19544
3.70618,2.71248,0.381105,-2.53726,-1.76467,0.0942123,-1.21234,-0.195243
3.70685,2.71232,0.381359,-2.5375,-1.76482,0.0939487,-1.21229,-0.195046
3.70798,2.71216,0.381613,-2.53775,-1.76498,0.0936848,-1.21225,-0.194848
3.70916,2.71199,0.381866,-2.53799,-1.76513,0.0934205,-1.2122,-0.194651
3.70983,2.71183,0.382118,-2.53823,-1.76528,0.0931559,-1.21216,-0.194453
3.71099,2.71167,0.382369,-2.53847,-1.76543,0.092891,-1.21211,-0.194256
3.71218,2.71151,0.38262,-2.53871,-1.76558,0.0926258,-1.21207,-0.194058
3.71336,2.71134,0.38287,-2.53895,-1.76573,0.0923603,-1.21202,-0.19386
3.71399,2.71118,0.383119,-2.5392,-1.76588,0.0920945,-1.21198,-0.193663
3.71516,2.71102,0.383367,-2.53944,-1.76604,0.0918284,-1.21194,-0.193465
3.71633,2.71086,0.383614,-2.53968,-1.76619,0.091562,-1.2119,-0.193267
3.71694,2.71069,0.383861,-2.53992,-1.76634,0.0912952,-1.21186,-0.193069
3.71808,2.71053,0.384107,-2.54016,-1.76649,0.0910282,-1.21181,-0.192871
3.71935,2.71037,0.384352,-2.5404,-1.76663,0.0907609,-1.21177,-0.192673
3.72049,2.71021,0.384597,-2.54065,-1.76678,0.0904933,-1.21173,-0.192475
3.72103,2.71005,0.38484,-2.54089,-1.76693,0.0902254,-1.21169,-0.192277
3.72221,2.70988,0.385083,-2.54113,-1.76708,0.0899572,-1.21166,-0.192078
3.72337,2.70972,0.385325,-2.54137,-1.76723,0.0896886,-1.21162,-0.19188
3.724,2.70956,0.385566,-2.54161,-1.76738,0.0894198,-1.21158,-0.191682
3.72519,2.7094,0.385807,-2.54185,-1.76753,0.0891507,-1.21154,-0.191483
3.72637,2.70924,0.386046,-2.54209,-1.76767,0.0888813,-1.2115,-0.191285
3.72697,2.70907,0.386285,-2.54234,-1.76782,0.0886116,-1.21147,-0.191087
3.72807,2.70891,0.386523,-2.54258,-1.76797,0.0883416,-1.21143,-0.190888
3.72927,2.70875,0.386761,-2.54282,-1.76811,0.0880713,-1.2114,-0.190689
3.73051,2.70859,0.386997,-2.54306,-1.76826,0.0878008,-1.21136,-0.190491
3.73109,2.70843,0.387233,-2.5433,-1.76841,0.08753,-1.21133,-0.190292
3.73227,2.70827,0.387468,-2.54354,-1.76855,0.0872589,-1.21129,-0.190093
3.73348,2.7081,0.387703,-2.54379,-1.7687,0.0869875,-1.21126,-0.189895
3.73406,2.70794,0.387936,-2.54403,-1.76884,0.0867158,-1.21122,-0.189696
3.73553,2.70778,0.388169,-2.54427,-1.76899,0.0864439,-1.21119,-0.189497
3.73649,2.70762,0.388401,-2.54451,-1.76913,0.0861716,-1.21116,-0.189298
3.73707,2.70746,0.388632,-2.54475,-1.76928,0.0858991,-1.21113,-0.189099
3.73857,2.7073,0.388862,-2.54499,-1.76942,0.0856263,-1.2111,-0.1889
3.73941,2.70714,0.389092,-2.54524,-1.76957,0.0853532,-1.21106,-0.188701
3.7401,2.70697,0.389321,-2.54548,-1.76971,0.0850798,-1.21103,-0.188502
3.7419,2.70681,0.389549,-2.54572,-1.76985,0.0848062,-1.211,-0.188303
3.74247,2.70665,0.389776,-2.54596,-1.77,0.0845323,-1.21097,-0.188103
3.74308,2.70649,0.390003,-2.5462,-1.77014,0.0842581,-1.21095,-0.187904
3.74499,2.70633,0.390229,-2.54644,-1.77028,0.0839836,-1.21092,-0.187705
3.74502,2.70617,0.390454,-2.54669,-1.77042,0.0837089,-1.21089,-0.187505
3.74687,2.70601,0.390678,-2.54693,-1.77057,0.083434,-1.21086,-0.187306
3.74817,2.70585,0.390901,-2.54717,-1.77071,0.0831588,-1.21083,-0.187107
3.74828,2.70569,0.391124,-2.54741,-1.77085,0.0828833,-1.21081,-0.186907
3.75,2.70553,0.391346,-2.54765,-1.77099,0.0826075,-1.21078,-0.186708
3.75051,2.70536,0.391567,-2.54789,-1.77113,0.0823315,-1.21076,-0.186508
3.75114,2.7052,0.391788,-2.54813,-1.77127,0.0820552,-1.21073,-0.186308
3.75234,2.70504,0.392007,-2.54838,-1.77141,0.0817786,-1.21071,-0.186109
3.754,2.70488,0.392226,-2.54862,-1.77155,0.0815017,-1.21068,-0.185909
3.75464,2.70472,0.392444,-2.54886,-1.77169,0.0812247,-1.21066,-0.185709
3.75528,2.70456,0.392662,-2.5491,-1.77183,0.0809474,-1.21063,-0.185509
3.75642,2.7044,0.392878,-2.54934,-1.77197,0.0806698,-1.21061,-0.18531
3.7576,2.70424,0.393094,-2.54958,-1.77211,0.080392,-1.21059,-0.18511
3.75826,2.70408,0.393309,-2.54983,-1.77225,0.0801139,-1.21057,-0.18491
3.75941,2.70392,0.393523,-2.55007,-1.77239,0.0798355,-1.21054,-0.18471
3.76051,2.70376,0.393737,-2.55031,-1.77253,0.0795569,-1.21052,-0.18451
3.76243,2.7036,0.39395,-2.55055,-1.77267,0.0792781,-1.2105,-0.18431
3.76251,2.70344,0.394162,-2.55079,-1.7728,0.078999,-1.21048,-0.18411
3.76356,2.70328,0.394373,-2.55103,-1.77294,0.0787197,-1.21046,-0.18391
3.76471,2.70312,0.394583,-2.55127,-1.77308,0.0784401,-1.21044,-0.183709
3.76532,2.70296,0.394793,-2.55151,-1.77322,0.0781603,-1.21043,-0.183509
3.76646,2.7028,0.395002,-2.55176,-1.77335,0.0778802,-1.21041,-0.183309
3.76767,2.70264,0.39521,-2.552,-1.77349,0.0775999,-1.21039,-0.183109
3.76832,2.70248,0.395417,-2.55224,-1.77362,0.0773193,-1.21037,-0.182909
3.7695,2.70232,0.395624,-2.55248,-1.77376,0.0770385,-1.21036,-0.182708
3.77062,2.70216,0.39583,-2.55272,-1.7739,0.0767574,-1.21034,-0.182508
3.77179,2.702,0.396035,-2.55296,-1.77403,0.0764761,-1.21032,-0.182308
3.7724,2.70184,0.396239,-2.5532,-1.77417,0.0761945,-1.21031,-0.182107
3.77358,2.70168,0.396442,-2.55344,-1.7743,0.0759126,-1.21029,-0.181907
3.77475,2.70152,0.396645,-2.55369,-1.77444,0.0756305,-1.21028,-0.181706
3.7754,2.70136,0.396847,-2.55393,-1.77457,0.0753482,-1.21027,-0.181506
3.7766,2.7012,0.397048,-2.55417,-1.7747,0.0750655,-1.21025,-0.181305
3.77822,2.70104,0.397248,-2.55441,-1.77484,0.0747827,-1.21024,-0.181104
3.77882,2.70088,0.397447,-2.55465,-1.77497,0.0744995,-1.21023,-0.180904
3.77965,2.70072,0.397646,-2.55489,-1.7751,0.0742162,-1.21021,-0.180703
3.78076,2.70056,0.397844,-2.55513,-1.77524,0.0739326,-1.2102,-0.180502
3.7814,2.7004,0.398041,-2.55537,-1.77537,0.0736488,-1.21019,-0.180302
3.78257,2.70024,0.398237,-2.55561,-1.7755,0.0733647,-1.21018,-0.180101
3.78371,2.70008,0.398433,-2.55585,-1.77563,0.0730803,-1.21017,-0.1799
3.78491,2.69992,0.398628,-2.55609,-1.77577,0.0727958,-1.21016,-0.179699
3.7856,2.69976,0.398822,-2.55634,-1.7759,0.072511,-1.21015,-0.179499
3.78696,2.6996,0.399015,-2.55658,-1.77603,0.0722259,-1.21015,-0.179298
3.78803,2.69944,0.399207,-2.55682,-1.77616,0.0719406,-1.21014,-0.179097
3.78868,2.69928,0.399399,-2.55706,-1.77629,0.0716551,-1.21013,-0.178896
3.78991,2.69912,0.39959,-2.5573,-1.77642,0.0713693,-1.21012,-0.178695
3.79055,2.69896,0.39978,-2.55754,-1.77655,0.0710833,-1.21012,-0.178494
3.79173,2.6988,0.399969,-2.55778,-1.77668,0.0707971,-1.21011,-0.178293
3.79292,2.69864,0.400158,-2.55802,-1.77681,0.0705107,-1.2101,-0.178092
3.79358,2.69848,0.400345,-2.55826,-1.77694,0.070224,-1.2101,-0.177891
3.79476,2.69832,0.400532,-2.5585,-1.77707,0.0699371,-1.21009,-0.177689
3.79597,2.69816,0.400719,-2.55874,-1.7772,0.06965,-1.21009,-0.177488
3.79668,2.698,0.400904,-2.55898,-1.77732,0.0693626,-1.21009,-0.177287
3.79857,2.69768,0.401272,-2.55946,-1.77758,0.0687872,-1.21008,-0.176885
3.79966,2.69753,0.401455,-2.5597,-1.77771,0.0684991,-1.21008,-0.176684
3.80082,2.69737,0.401638,-2.55994,-1.77783,0.0682107,-1.21008,-0.176482
3.80257,2.69721,0.401819,-2.56018,-1.77796,0.0679222,-1.21008,-0.176281
3.80438,2.69689,0.40218,-2.56066,-1.77821,0.0673444,-1.21008,-0.175878
3.80726,2.69673,0.402359,-2.5609,-1.77834,0.0670552,-1.21008,-0.175677
3.80732,2.69657,0.402537,-2.56114,-1.77847,0.0667658,-1.21008,-0.175475
3.80853,2.69641,0.402714,-2.56138,-1.77859,0.0664761,-1.21008,-0.175274
3.8097,2.69625,0.402891,-2.56162,-1.77872,0.0661861,-1.21008,-0.175072
3.81205,2.69609,0.403067,-2.56186,-1.77884,0.0658959,-1.21008,-0.174871
3.81336,2.69577,0.403417,-2.56234,-1.77909,0.0653147,-1.21008,-0.174467
3.81493,2.69562,0.40359,-2.56258,-1.77921,0.0650237,-1.21008,-0.174266
3.81607,2.6953,0.403935,-2.56307,-1.77945,0.064441,-1.21008,-0.173862
3.81785,2.69498,0.404277,-2.56355,-1.77969,0.0638573,-1.21008,-0.173458
3.81906,2.69482,0.404446,-2.56379,-1.77981,0.0635651,-1.21008,-0.173256
3.82022,2.69466,0.404615,-2.56403,-1.77993,0.0632726,-1.21008,-0.173054
3.82138,2.6945,0.404783,-2.56427,-1.78005,0.06298,-1.21008,-0.172852
3.82254,2.69434,0.404951,-2.56451,-1.78017,0.062687,-1.21008,-0.17265
3.82314,2.69419,0.405117,-2.56475,-1.78029,0.0623939,-1.21008,-0.172448
3.82431,2.69403,0.405283,-2.56499,-1.78041,0.0621005,-1.21008,-0.172246
3.82613,2.69387,0.405448,-2.56523,-1.78053,0.0618069,-1.21008,-0.172044
3.8273,2.69355,0.405776,-2.56571,-1.78076,0.0612191,-1.21008,-0.171639
3.82855,2.69339,0.405938,-2.56595,-1.78088,0.0609248,-1.21008,-0.171437
3.82908,2.69323,0.4061,-2.56619,-1.78099,0.0606304,-1.21008,-0.171234
3.83027,2.69307,0.406261,-2.56643,-1.78111,0.0603357,-1.21008,-0.171032
3.83142,2.69291,0.406422,-2.56667,-1.78122,0.0600408,-1.21008,-0.17083
3.8327,2.69276,0.406582,-2.56691,-1.78134,0.0597457,-1.21008,-0.170627
3.8333,2.6926,0.40674,-2.56715,-1.78145,0.0594504,-1.21008,-0.170425
3.83463,2.69244,0.406899,-2.56739,-1.78156,0.0591549,-1.21008,-0.170223
3.83584,2.69228,0.407056,-2.56763,-1.78168,0.0588592,-1.21008,-0.17002
3.83711,2.69212,0.407213,-2.56787,-1.78179,0.0585632,-1.21008,-0.169818
3.83712,2.69196,0.407369,-2.5681,-1.7819,0.0582671,-1.21008,-0.169615
3.83848,2.6918,0.407524,-2.56834,-1.78201,0.0579708,-1.21008,-0.169413
3.8395,2.69164,0.407678,-2.56858,-1.78213,0.0576743,-1.21008,-0.16921
3.84011,2.69149,0.407832,-2.56882,-1.78224,0.0573777,-1.21008,-0.169008
3.84128,2.69133,0.407985,-2.56906,-1.78235,0.0570808,-1.21008,-0.168805
3.84249,2.69117,0.408137,-2.5693,-1.78246,0.0567837,-1.21008,-0.168603
3.84366,2.69101,0.408288,-2.56954,-1.78257,0.0564864,-1.21008,-0.1684
3.84429,2.69085,0.408439,-2.56978,-1.78268,0.0561889,-1.21008,-0.168197
3.846,2.69069,0.408589,-2.57002,-1.78279,0.0558913,-1.21008,-0.167995
3.8474,2.69053,0.408738,-2.57026,-1.7829,0.0555933,-1.21008,-0.167792
3.84844,2.69037,0.408886,-2.5705,-1.783,0.0552952,-1.21008,-0.167589
3.84953,2.69022,0.409034,-2.57074,-1.78311,0.0549969,-1.21008,-0.167387
3.85084,2.69006,0.409181,-2.57098,-1.78322,0.0546984,-1.21008,-0.167184
3.85177,2.6899,0.409327,-2.57122,-1.78333,0.0543997,-1.21008,-0.166981
3.85269,2.68974,0.409472,-2.57146,-1.78343,0.0541008,-1.21008,-0.166778
3.85332,2.68958,0.409617,-2.5717,-1.78354,0.0538016,-1.21008,-0.166576
3.85454,2.68942,0.409761,-2.57194,-1.78365,0.0535023,-1.21008,-0.166373
3.85566,2.68926,0.409904,-2.57218,-1.78375,0.0532027,-1.21009,-0.16617
3.85645,2.68911,0.410046,-2.57242,-1.78386,0.0529029,-1.21009,-0.165967
3.85754,2.68895,0.410187,-2.57265,-1.78396,0.0526029,-1.21009,-0.165764
3.85871,2.68879,0.410328,-2.57289,-1.78407,0.0523027,-1.21009,-0.165561
3.85939,2.68863,0.410468,-2.57313,-1.78417,0.0520024,-1.2101,-0.165358
3.86054,2.68847,0.410607,-2.57337,-1.78428,0.0517018,-1.2101,-0.165155
3.86173,2.68831,0.410745,-2.57361,-1.78438,0.051401,-1.21011,-0.164952
3.86311,2.68815,0.410883,-2.57385,-1.78449,0.0511001,-1.21011,-0.164749
3.86374,2.688,0.41102,-2.57409,-1.78459,0.050799,-1.21012,-0.164546
3.86437,2.68784,0.411156,-2.57433,-1.78469,0.0504977,-1.21012,-0.164343
3.86555,2.68768,0.411291,-2.57457,-1.7848,0.0501962,-1.21013,-0.16414
3.86783,2.68736,0.41156,-2.57504,-1.785,0.0495927,-1.21014,-0.163734
3.86871,2.6872,0.411693,-2.57528,-1.78511,0.0492907,-1.21015,-0.163531
3.86992,2.68704,0.411825,-2.57552,-1.78521,0.0489884,-1.21015,-0.163328
3.87053,2.68688,0.411957,-2.57576,-1.78531,0.048686,-1.21016,-0.163125
3.87169,2.68673,0.412087,-2.576,-1.78541,0.0483834,-1.21017,-0.162922
3.87287,2.68657,0.412217,-2.57624,-1.78551,0.0480807,-1.21018,-0.162719
3.87355,2.68641,0.412347,-2.57647,-1.78561,0.0477777,-1.21019,-0.162515
3.87474,2.68625,0.412475,-2.57671,-1.78571,0.0474746,-1.2102,-0.162312
3.87584,2.68609,0.412603,-2.57695,-1.78581,0.0471713,-1.21021,-0.162109
3.87647,2.68593,0.412729,-2.57719,-1.78591,0.0468678,-1.21022,-0.161906
3.87764,2.68577,0.412855,-2.57743,-1.78601,0.0465641,-1.21023,-0.161703
3.87939,2.68561,0.412981,-2.57767,-1.78611,0.0462602,-1.21024,-0.1615
3.87998,2.68546,0.413105,-2.5779,-1.78621,0.0459562,-1.21025,-0.161297
3.8806,2.6853,0.413229,-2.57814,-1.78631,0.045652,-1.21026,-0.161094
3.88179,2.68514,0.413352,-2.57838,-1.78641,0.0453476,-1.21028,-0.16089
3.88292,2.68498,0.413474,-2.57862,-1.78651,0.045043,-1.21029,-0.160687
3.8835,2.68482,0.413595,-2.57885,-1.78661,0.0447382,-1.2103,-0.160484
3.88466,2.68466,0.413716,-2.57909,-1.7867,0.0444333,-1.21032,-0.160281
3.88584,2.6845,0.413836,-2.57933,-1.7868,0.0441282,-1.21033,-0.160078
3.88701,2.68434,0.413955,-2.57957,-1.7869,0.0438229,-1.21035,-0.159875
3.8884,2.68419,0.414073,-2.5798,-1.787,0.0435175,-1.21036,-0.159672
3.88901,2.68403,0.414191,-2.58004,-1.78709,0.0432119,-1.21038,-0.159469
3.88965,2.68387,0.414307,-2.58028,-1.78719,0.0429062,-1.2104,-0.159265
3.8914,2.68371,0.414423,-2.58052,-1.78729,0.0426002,-1.21041,-0.159062
3.89202,2.68355,0.414538,-2.58075,-1.78738,0.0422941,-1.21043,-0.158859
3.89319,2.68339,0.414653,-2.58099,-1.78748,0.0419878,-1.21045,-0.158656
3.89495,2.68323,0.414766,-2.58123,-1.78757,0.0416813,-1.21047,-0.158453
3.89609,2.68292,0.414991,-2.5817,-1.78776,0.0410677,-1.21051,-0.158047
3.89729,2.68276,0.415102,-2.58194,-1.78786,0.0407606,-1.21053,-0.157843
3.89789,2.6826,0.415212,-2.58217,-1.78795,0.0404534,-1.21055,-0.15764
3.89907,2.68244,0.415322,-2.58241,-1.78805,0.0401461,-1.21057,-0.157437
3.90024,2.68228,0.415431,-2.58265,-1.78814,0.0398385,-1.21059,-0.157234
3.90085,2.68212,0.415539,-2.58288,-1.78823,0.0395308,-1.21061,-0.157031
3.902,2.68196,0.415646,-2.58312,-1.78833,0.039223,-1.21064,-0.156828
3.90383,2.6818,0.415752,-2.58336,-1.78842,0.038915,-1.21066,-0.156624
3.90438,2.68164,0.415858,-2.58359,-1.78851,0.0386068,-1.21068,-0.156421
3.90499,2.68148,0.415962,-2.58383,-1.7886,0.0382984,-1.21071,-0.156218
3.90677,2.68132,0.416066,-2.58407,-1.7887,0.0379898,-1.21073,-0.156015
3.90736,2.68117,0.416169,-2.5843,-1.78879,0.0376811,-1.21076,-0.155812
3.90854,2.68101,0.416272,-2.58454,-1.78888,0.0373722,-1.21078,-0.155609
3.90912,2.68085,0.416373,-2.58477,-1.78897,0.0370632,-1.21081,-0.155406
3.91025,2.68069,0.416474,-2.58501,-1.78906,0.036754,-1.21084,-0.155203
3.91137,2.68053,0.416574,-2.58525,-1.78915,0.0364447,-1.21086,-0.154999
3.91199,2.68037,0.416673,-2.58548,-1.78924,0.0361352,-1.21089,-0.154796
3.91317,2.68021,0.416772,-2.58572,-1.78933,0.0358256,-1.21092,-0.154593
3.91436,2.68005,0.416869,-2.58595,-1.78942,0.0355158,-1.21095,-0.15439
3.91499,2.67989,0.416966,-2.58619,-1.78951,0.0352059,-1.21098,-0.154187
3.91619,2.67973,0.417062,-2.58642,-1.7896,0.0348958,-1.21101,-0.153984
3.91767,2.67957,0.417158,-2.58666,-1.78969,0.0345855,-1.21104,-0.153781
3.918,2.67941,0.417252,-2.58689,-1.78978,0.0342752,-1.21107,-0.153578
3.91915,2.67926,0.417346,-2.58713,-1.78986,0.0339646,-1.2111,-0.153375
3.92033,2.6791,0.417439,-2.58736,-1.78995,0.033654,-1.21113,-0.153172
3.92095,2.67894,0.417531,-2.5876,-1.79004,0.0333432,-1.21117,-0.152969
3.92216,2.67878,0.417622,-2.58783,-1.79013,0.0330323,-1.2112,-0.152766
3.92327,2.67862,0.417713,-2.58807,-1.79021,0.0327212,-1.21123,-0.152563
3.92471,2.67846,0.417803,-2.5883,-1.7903,0.03241,-1.21127,-0.15236
3.92504,2.6783,0.417892,-2.58854,-1.79039,0.0320987,-1.2113,-0.152157
3.92622,2.67814,0.41798,-2.58877,-1.79047,0.0317873,-1.21134,-0.151954
3.92741,2.67798,0.418067,-2.58901,-1.79056,0.0314757,-1.21137,-0.151752
3.92804,2.67782,0.418154,-2.58924,-1.79065,0.031164,-1.21141,-0.151549
3.92935,2.67766,0.41824,-2.58947,-1.79073,0.0308521,-1.21144,-0.151346
3.93038,2.6775,0.418325,-2.58971,-1.79082,0.0305401,-1.21148,-0.151143
3.93157,2.67734,0.418409,-2.58994,-1.7909,0.0302279,-1.21152,-0.15094
3.93274,2.67718,0.418493,-2.59018,-1.79098,0.0299156,-1.21156,-0.150737
3.93344,2.67702,0.418575,-2.59041,-1.79107,0.0296031,-1.2116,-0.150534
3.9346,2.67686,0.418657,-2.59064,-1.79115,0.0292906,-1.21163,-0.150332
3.93515,2.6767,0.418739,-2.59088,-1.79124,0.0289778,-1.21167,-0.150129
3.93704,2.67654,0.418819,-2.59111,-1.79132,0.028665,-1.21171,-0.149926
3.93707,2.67638,0.418899,-2.59135,-1.7914,0.028352,-1.21175,-0.149723
3.9383,2.67623,0.418977,-2.59158,-1.79148,0.028039,-1.2118,-0.14952
3.94014,2.67591,0.419133,-2.59205,-1.79165,0.0274125,-1.21188,-0.149115
3.94189,2.67575,0.419209,-2.59228,-1.79173,0.027099,-1.21192,-0.148912
3.94254,2.67559,0.419285,-2.59251,-1.79181,0.0267854,-1.21197,-0.14871
3.94317,2.67543,0.41936,-2.59275,-1.79189,0.0264717,-1.21201,-0.148507
3.94434,2.67527,0.419434,-2.59298,-1.79197,0.0261579,-1.21205,-0.148304
3.9461,2.67511,0.419507,-2.59321,-1.79205,0.0258439,-1.2121,-0.148102
3.94733,2.67495,0.41958,-2.59344,-1.79213,0.0255299,-1.21214,-0.147899
3.94845,2.67479,0.419652,-2.59368,-1.79221,0.0252156,-1.21219,-0.147696
3.9496,2.67463,0.419723,-2.59391,-1.79229,0.0249013,-1.21223,-0.147494
3.95135,2.67447,0.419793,-2.59414,-1.79237,0.0245868,-1.21228,-0.147291
3.95255,2.67431,0.419862,-2.59437,-1.79245,0.0242722,-1.21233,-0.147088
3.95371,2.67415,0.419931,-2.59461,-1.79253,0.0239574,-1.21238,-0.146886
3.95437,2.67399,0.419998,-2.59484,-1.79261,0.0236424,-1.21243,-0.146683
3.95609,2.67383,0.420065,-2.59507,-1.79269,0.0233273,-1.21247,-0.146481
3.95728,2.67367,0.420131,-2.5953,-1.79277,0.023012,-1.21252,-0.146278
3.95899,2.67351,0.420197,-2.59554,-1.79284,0.0226966,-1.21257,-0.146075
3.9596,2.67335,0.420261,-2.59577,-1.79292,0.022381,-1.21262,-0.145873
3.96023,2.67319,0.420325,-2.596,-1.793,0.0220652,-1.21268,-0.14567
3.9614,2.67303,0.420388,-2.59623,-1.79307,0.0217493,-1.21273,-0.145467
3.96257,2.67287,0.420449,-2.59646,-1.79315,0.0214333,-1.21278,-0.145265
3.9632,2.6727,0.420511,-2.59669,-1.79323,0.021117,-1.21283,-0.145062
3.96438,2.67254,0.420571,-2.59693,-1.7933,0.0208007,-1.21289,-0.144859
3.9661,2.67238,0.420631,-2.59716,-1.79338,0.0204842,-1.21294,-0.144657
3.96668,2.67222,0.420689,-2.59739,-1.79345,0.0201676,-1.21299,-0.144454
3.96735,2.67206,0.420747,-2.59762,-1.79353,0.0198508,-1.21305,-0.144251
3.9685,2.6719,0.420804,-2.59785,-1.7936,0.019534,-1.2131,-0.144049
3.96967,2.67174,0.420861,-2.59808,-1.79367,0.019217,-1.21316,-0.143846
3.97086,2.67158,0.420916,-2.59831,-1.79375,0.0188998,-1.21322,-0.143644
3.97205,2.67142,0.420971,-2.59855,-1.79382,0.0185825,-1.21327,-0.143441
3.97269,2.67126,0.421025,-2.59878,-1.79389,0.0182651,-1.21333,-0.143238
3.9738,2.6711,0.421078,-2.59901,-1.79397,0.0179476,-1.21339,-0.143036
3.97442,2.67094,0.42113,-2.59924,-1.79404,0.0176299,-1.21345,-0.142833
3.97563,2.67078,0.421181,-2.59947,-1.79411,0.0173121,-1.21351,-0.142631
3.97677,2.67062,0.421232,-2.5997,-1.79418,0.0169942,-1.21357,-0.142428
3.97753,2.67045,0.421282,-2.59993,-1.79426,0.0166762,-1.21363,-0.142226
3.97858,2.67029,0.421331,-2.60016,-1.79433,0.0163581,-1.21369,-0.142023
3.97971,2.67013,0.421379,-2.60039,-1.7944,0.0160398,-1.21375,-0.141821
3.9809,2.66997,0.421427,-2.60062,-1.79447,0.0157214,-1.21381,-0.141619
3.98155,2.66981,0.421473,-2.60085,-1.79454,0.0154029,-1.21388,-0.141416
3.98269,2.66965,0.421519,-2.60108,-1.79461,0.0150844,-1.21394,-0.141214
3.98386,2.66949,0.421564,-2.60131,-1.79468,0.0147657,-1.214,-0.141012
3.98453,2.66932,0.421609,-2.60154,-1.79475,0.0144469,-1.21407,-0.140809
3.98567,2.66916,0.421652,-2.60177,-1.79482,0.014128,-1.21413,-0.140607
3.98682,2.669,0.421695,-2.602,-1.79488,0.013809,-1.21419,-0.140405
3.9876,2.66884,0.421737,-2.60223,-1.79495,0.01349,-1.21426,-0.140203
3.9887,2.66868,0.421778,-2.60246,-1.79502,0.0131708,-1.21433,-0.14
3.98988,2.66852,0.421818,-2.60269,-1.79509,0.0128515,-1.21439,-0.139798
3.99103,2.66836,0.421858,-2.60292,-1.79516,0.0125322,-1.21446,-0.139596
3.99166,2.66819,0.421897,-2.60315,-1.79522,0.0122127,-1.21453,-0.139394
3.99285,2.66803,0.421935,-2.60338,-1.79529,0.0118932,-1.2146,-0.139192
3.99404,2.66787,0.421972,-2.60361,-1.79536,0.0115735,-1.21466,-0.13899
3.99469,2.66771,0.422008,-2.60384,-1.79542,0.0112538,-1.21473,-0.138788
3.99654,2.66755,0.422044,-2.60406,-1.79549,0.010934,-1.2148,-0.138586
3.99723,2.66738,0.422079,-2.60429,-1.79555,0.0106141,-1.21487,-0.138384
3.99776,2.66722,0.422113,-2.60452,-1.79562,0.0102941,-1.21494,-0.138182
3.9989,2.66706,0.422146,-2.60475,-1.79569,0.00997404,-1.21502,-0.13798
4.0001,2.6669,0.422178,-2.60498,-1.79575,0.00965391,-1.21509,-0.137779
4.00186,2.66674,0.42221,-2.60521,-1.79581,0.00933369,-1.21516,-0.137577
4.00365,2.66641,0.422271,-2.60566,-1.79594,0.00869299,-1.21531,-0.137173
4.0043,2.66625,0.422301,-2.60589,-1.79601,0.0083725,-1.21538,-0.136972
4.00487,2.66609,0.422329,-2.60612,-1.79607,0.00805191,-1.21545,-0.13677
4.00688,2.66592,0.422357,-2.60635,-1.79613,0.00773125,-1.21553,-0.136568
4.00695,2.66576,0.422384,-2.60658,-1.79619,0.00741053,-1.2156,-0.136367
4.00865,2.6656,0.42241,-2.6068,-1.79626,0.00708975,-1.21568,-0.136165
4.00946,2.66544,0.422436,-2.60703,-1.79632,0.00676891,-1.21576,-0.135964
4.00992,2.66527,0.422461,-2.60726,-1.79638,0.006448,-1.21583,-0.135762
4.01103,2.66511,0.422484,-2.60749,-1.79644,0.00612702,-1.21591,-0.135561
4.01232,2.66495,0.422508,-2.60771,-1.7965,0.00580597,-1.21599,-0.13536
4.01283,2.66479,0.42253,-2.60794,-1.79656,0.00548485,-1.21607,-0.135158
4.014,2.66462,0.422552,-2.60817,-1.79662,0.00516366,-1.21614,-0.134957
4.01518,2.66446,0.422572,-2.60839,-1.79668,0.00484239,-1.21622,-0.134756
4.01636,2.6643,0.422592,-2.60862,-1.79674,0.00452105,-1.2163,-0.134555
4.01697,2.66413,0.422612,-2.60885,-1.7968,0.00419963,-1.21638,-0.134353
4.01819,2.66397,0.42263,-2.60907,-1.79686,0.00387813,-1.21647,-0.134152
4.01932,2.66381,0.422648,-2.6093,-1.79692,0.00355657,-1.21655,-0.133951
4.02066,2.66364,0.422665,-2.60953,-1.79698,0.00323496,-1.21663,-0.13375
4.02138,2.66348,0.422681,-2.60975,-1.79703,0.0029133,-1.21671,-0.133549
4.02252,2.66332,0.422696,-2.60998,-1.79709,0.00259157,-1.21679,-0.133348
4.02376,2.66316,0.422711,-2.6102,-1.79715,0.00226978,-1.21688,-0.133147
4.02437,2.66299,0.422725,-2.61043,-1.79721,0.00194793,-1.21696,-0.132946
4.02559,2.66283,0.422738,-2.61065,-1.79726,0.00162599,-1.21705,-0.132746
4.02619,2.66267,0.42275,-2.61088,-1.79732,0.00130399,-1.21713,-0.132545
4.02736,2.6625,0.422761,-2.61111,-1.79738,0.000981909,-1.21722,-0.132344
4.0286,2.66234,0.422772,-2.61133,-1.79743,0.000659775,-1.2173,-0.132143
4.02919,2.66217,0.422782,-2.61156,-1.79749,0.000337567,-1.21739,-0.131943
4.03033,2.66201,0.422791,-2.61178,-1.79754,1.52892e-05,-1.21748,-0.131742
4.0315,2.66185,0.422799,-2.61201,-1.7976,-0.000307052,-1.21756,-0.131541
4.03215,2.66168,0.422807,-2.61223,-1.79765,-0.000629439,-1.21765,-0.131341
4.03332,2.66152,0.422814,-2.61246,-1.79771,-0.000951877,-1.21774,-0.13114
4.03452,2.66136,0.42282,-2.61268,-1.79776,-0.00127435,-1.21783,-0.13094
4.03567,2.66119,0.422825,-2.6129,-1.79781,-0.00159686,-1.21792,-0.130739
4.03628,2.66103,0.42283,-2.61313,-1.79787,-0.00191942,-1.21801,-0.130539
4.03749,2.66086,0.422834,-2.61335,-1.79792,-0.00224204,-1.2181,-0.130338
4.03864,2.6607,0.422837,-2.61358,-1.79797,-0.00256471,-1.21819,-0.130138
4.03924,2.66054,0.422839,-2.6138,-1.79802,-0.00288745,-1.21828,-0.129938
4.04048,2.66037,0.42284,-2.61402,-1.79808,-0.00321024,-1.21838,-0.129737
4.04159,2.66021,0.422841,-2.61425,-1.79813,-0.00353307,-1.21847,-0.129537
4.04284,2.66004,0.422841,-2.61447,-1.79818,-0.0038559,-1.21856,-0.129337
4.04351,2.65988,0.422841,-2.6147,-1.79823,-0.00417853,-1.21866,-0.129137
4.04466,2.65972,0.42284,-2.61492,-1.79828,-0.00450096,-1.21875,-0.128937
4.04579,2.65955,0.42284,-2.61514,-1.79833,-0.00482321,-1.21884,-0.128736
4.04644,2.65939,0.422839,-2.61537,-1.79839,-0.0051453,-1.21894,-0.128536
4.04774,2.65922,0.422837,-2.61559,-1.79844,-0.00546723,-1.21903,-0.128336
4.04877,2.65906,0.422836,-2.61581,-1.79849,-0.00578902,-1.21913,-0.128136
4.04998,2.65889,0.422834,-2.61604,-1.79854,-0.00611068,-1.21923,-0.127935
4.05073,2.65873,0.422831,-2.61626,-1.79859,-0.00643222,-1.21932,-0.127735
4.05179,2.65857,0.422829,-2.61648,-1.79864,-0.00675366,-1.21942,-0.127535
4.05361,2.6584,0.422826,-2.6167,-1.7987,-0.007075,-1.21952,-0.127335
4.05374,2.65824,0.422822,-2.61693,-1.79875,-0.00739623,-1.21962,-0.127134
4.05497,2.65807,0.422818,-2.61715,-1.7988,-0.00771737,-1.21971,-0.126934
4.05657,2.65791,0.422814,-2.61737,-1.79885,-0.00803842,-1.21981,-0.126734
4.05718,2.65774,0.422809,-2.61759,-1.7989,-0.0083594,-1.21991,-0.126534
4.05834,2.65758,0.422804,-2.61782,-1.79895,-0.00868033,-1.22001,-0.126334
4.05966,2.65741,0.422798,-2.61804,-1.799,-0.00900121,-1.22011,-0.126134
4.06031,2.65725,0.422791,-2.61826,-1.79905,-0.00932204,-1.22021,-0.125933
4.06142,2.65708,0.422785,-2.61848,-1.7991,-0.00964285,-1.22031,-0.125733
4.06209,2.65692,0.422777,-2.6187,-1.79915,-0.00996361,-1.22042,-0.125533
4.06382,2.65675,0.422769,-2.61892,-1.7992,-0.0102844,-1.22052,-0.125333
4.06452,2.65659,0.422761,-2.61915,-1.79925,-0.0106051,-1.22062,-0.125133
4.06512,2.65642,0.422752,-2.61937,-1.7993,-0.0109258,-1.22072,-0.124933
4.06633,2.65626,0.422742,-2.61959,-1.79935,-0.0112465,-1.22083,-0.124733
4.06783,2.65609,0.422732,-2.61981,-1.7994,-0.0115672,-1.22093,-0.124533
4.06824,2.65592,0.422721,-2.62003,-1.79945,-0.0118878,-1.22103,-0.124333
4.06925,2.65576,0.42271,-2.62025,-1.7995,-0.0122084,-1.22114,-0.124133
4.07041,2.65559,0.422698,-2.62047,-1.79955,-0.012529,-1.22124,-0.123934
4.0716,2.65543,0.422685,-2.62069,-1.7996,-0.0128495,-1.22135,-0.123734
4.07219,2.65526,0.422672,-2.62091,-1.79965,-0.0131701,-1.22146,-0.123534
4.07415,2.6551,0.422658,-2.62113,-1.79969,-0.0134907,-1.22156,-0.123334
4.07424,2.65493,0.422644,-2.62135,-1.79974,-0.0138112,-1.22167,-0.123135
4.07594,2.65476,0.422629,-2.62157,-1.79979,-0.0141317,-1.22178,-0.122935
4.07722,2.6546,0.422613,-2.62179,-1.79983,-0.0144523,-1.22189,-0.122735
4.07737,2.65443,0.422597,-2.62201,-1.79988,-0.0147729,-1.22199,-0.122536
4.07909,2.65426,0.42258,-2.62223,-1.79993,-0.0150934,-1.2221,-0.122336
4.07916,2.6541,0.422562,-2.62245,-1.79997,-0.015414,-1.22221,-0.122137
4.08023,2.65393,0.422544,-2.62267,-1.80002,-0.0157346,-1.22232,-0.121937
4.08195,2.65377,0.422525,-2.62289,-1.80006,-0.0160552,-1.22243,-0.121738
4.08257,2.6536,0.422506,-2.62311,-1.80011,-0.0163757,-1.22254,-0.121539
4.08321,2.65343,0.422486,-2.62332,-1.80015,-0.0166963,-1.22266,-0.12134
4.08436,2.65326,0.422465,-2.62354,-1.8002,-0.0170169,-1.22277,-0.12114
4.08557,2.6531,0.422443,-2.62376,-1.80024,-0.0173375,-1.22288,-0.120941
4.08615,2.65293,0.422421,-2.62398,-1.80029,-0.0176581,-1.22299,-0.120742
4.08788,2.65276,0.422398,-2.6242,-1.80033,-0.0179787,-1.22311,-0.120543
4.08852,2.6526,0.422375,-2.62442,-1.80037,-0.0182993,-1.22322,-0.120344
4.08969,2.65243,0.422351,-2.62463,-1.80042,-0.01862,-1.22333,-0.120145
4.09109,2.65226,0.422326,-2.62485,-1.80046,-0.0189406,-1.22345,-0.119946
4.09168,2.6521,0.4223,-2.62507,-1.8005,-0.0192613,-1.22356,-0.119747
4.09236,2.65193,0.422274,-2.62529,-1.80054,-0.0195819,-1.22368,-0.119548
4.09409,2.65176,0.422247,-2.6255,-1.80059,-0.0199026,-1.2238,-0.11935
4.09472,2.65159,0.42222,-2.62572,-1.80063,-0.0202232,-1.22391,-0.119151
4.09533,2.65143,0.422192,-2.62594,-1.80067,-0.0205438,-1.22403,-0.118952
4.09649,2.65126,0.422163,-2.62615,-1.80071,-0.0208645,-1.22415,-0.118754
4.09768,2.65109,0.422133,-2.62637,-1.80075,-0.0211851,-1.22426,-0.118555
4.09887,2.65092,0.422103,-2.62659,-1.80079,-0.0215058,-1.22438,-0.118357
4.09955,2.65075,0.422072,-2.6268,-1.80083,-0.0218264,-1.2245,-0.118158
4.10142,2.65059,0.42204,-2.62702,-1.80087,-0.0221471,-1.22462,-0.11796
4.10149,2.65042,0.422008,-2.62724,-1.80091,-0.0224677,-1.22474,-0.117762
4.10268,2.65025,0.421975,-2.62745,-1.80095,-0.0227884,-1.22486,-0.117564
4.10388,2.65008,0.421941,-2.62767,-1.80098,-0.0231091,-1.22498,-0.117365
4.10458,2.64991,0.421906,-2.62788,-1.80102,-0.0234297,-1.2251,-0.117167
4.10574,2.64975,0.421871,-2.6281,-1.80106,-0.0237504,-1.22523,-0.116969
4.10649,2.64958,0.421835,-2.62832,-1.8011,-0.0240711,-1.22535,-0.116771
4.10765,2.64941,0.421799,-2.62853,-1.80114,-0.0243918,-1.22547,-0.116573
4.10879,2.64924,0.421761,-2.62875,-1.80117,-0.0247124,-1.22559,-0.116375
4.10941,2.64907,0.421723,-2.62896,-1.80121,-0.0250331,-1.22572,-0.116178
4.11061,2.6489,0.421685,-2.62918,-1.80125,-0.0253538,-1.22584,-0.11598
4.11176,2.64873,0.421645,-2.62939,-1.80128,-0.0256745,-1.22597,-0.115782
4.1125,2.64857,0.421605,-2.6296,-1.80132,-0.0259951,-1.22609,-0.115585
4.11354,2.6484,0.421564,-2.62982,-1.80135,-0.0263158,-1.22622,-0.115387
4.11566,2.64806,0.42148,-2.63025,-1.80142,-0.0269572,-1.22647,-0.114992
4.11722,2.64789,0.421437,-2.63046,-1.80146,-0.0272779,-1.2266,-0.114795
4.11779,2.64772,0.421393,-2.63067,-1.80149,-0.0275985,-1.22672,-0.114598
4.11847,2.64755,0.421349,-2.63089,-1.80152,-0.0279192,-1.22685,-0.114401
4.12016,2.64738,0.421304,-2.6311,-1.80156,-0.0282398,-1.22698,-0.114203
4.12156,2.64704,0.421211,-2.63153,-1.80162,-0.028881,-1.22724,-0.113809
4.12299,2.64687,0.421164,-2.63174,-1.80165,-0.0292016,-1.22737,-0.113613
4.12354,2.6467,0.421116,-2.63195,-1.80169,-0.0295222,-1.2275,-0.113416
4.12472,2.64653,0.421067,-2.63217,-1.80172,-0.0298429,-1.22763,-0.113219
4.1259,2.64636,0.421018,-2.63238,-1.80175,-0.0301635,-1.22776,-0.113022
4.12714,2.6462,0.420967,-2.63259,-1.80178,-0.030484,-1.22789,-0.112826
4.1277,2.64603,0.420916,-2.6328,-1.80181,-0.0308046,-1.22803,-0.112629
4.1289,2.64586,0.420865,-2.63302,-1.80184,-0.0311251,-1.22816,-0.112433
4.12958,2.64569,0.420812,-2.63323,-1.80187,-0.0314456,-1.22829,-0.112236
4.13153,2.64552,0.420759,-2.63344,-1.8019,-0.0317661,-1.22843,-0.11204
4.13157,2.64535,0.420705,-2.63365,-1.80193,-0.0320865,-1.22856,-0.111844
4.13288,2.64518,0.420651,-2.63386,-1.80196,-0.0324069,-1.2287,-0.111647
4.1339,2.64501,0.420596,-2.63407,-1.80199,-0.0327274,-1.22883,-0.111451
4.13475,2.64484,0.42054,-2.63429,-1.80201,-0.0330478,-1.22897,-0.111255
4.13569,2.64467,0.420483,-2.6345,-1.80204,-0.0333682,-1.2291,-0.111059
4.13686,2.64449,0.420426,-2.63471,-1.80207,-0.0336886,-1.22924,-0.110863
4.13863,2.64432,0.420367,-2.63492,-1.8021,-0.0340089,-1.22938,-0.110668
4.13988,2.64398,0.420249,-2.63534,-1.80215,-0.0346495,-1.22965,-0.110276
4.14157,2.64381,0.420189,-2.63555,-1.80218,-0.0349698,-1.22979,-0.110081
4.1427,2.64347,0.420066,-2.63597,-1.80223,-0.0356102,-1.23007,-0.10969
4.14388,2.6433,0.420003,-2.63618,-1.80225,-0.0359304,-1.23021,-0.109494
4.1445,2.64313,0.41994,-2.63639,-1.80228,-0.0362506,-1.23035,-0.109299
4.14637,2.64296,0.419876,-2.6366,-1.8023,-0.0365707,-1.23049,-0.109104
4.14697,2.64279,0.419811,-2.63681,-1.80232,-0.0368908,-1.23063,-0.108909
4.14815,2.64262,0.419746,-2.63702,-1.80235,-0.0372109,-1.23077,-0.108714
4.14937,2.64245,0.41968,-2.63722,-1.80237,-0.037531,-1.23092,-0.108519
4.14996,2.64228,0.419613,-2.63743,-1.80239,-0.037851,-1.23106,-0.108324
4.15109,2.64211,0.419545,-2.63764,-1.80242,-0.038171,-1.2312,-0.108129
4.15225,2.64193,0.419477,-2.63785,-1.80244,-0.0384909,-1.23135,-0.107934
4.15288,2.64176,0.419408,-2.63806,-1.80246,-0.0388108,-1.23149,-0.10774
4.15404,2.64159,0.419338,-2.63827,-1.80248,-0.0391307,-1.23164,-0.107545
4.15469,2.64142,0.419268,-2.63847,-1.8025,-0.0394505,-1.23178,-0.107351
4.15586,2.64125,0.419197,-2.63868,-1.80252,-0.0397703,-1.23193,-0.107156
4.15705,2.64108,0.419125,-2.63889,-1.80255,-0.04009,-1.23207,-0.106962
4.15766,2.64091,0.419052,-2.6391,-1.80257,-0.0404097,-1.23222,-0.106768
4.15942,2.64073,0.418979,-2.6393,-1.80259,-0.0407294,-1.23237,-0.106574
4.16002,2.64056,0.418905,-2.63951,-1.80261,-0.041049,-1.23251,-0.10638
4.16076,2.64039,0.41883,-2.63972,-1.80262,-0.0413686,-1.23266,-0.106186
4.16246,2.64022,0.418754,-2.63993,-1.80264,-0.0416882,-1.23281,-0.105992
4.16298,2.64005,0.418678,-2.64013,-1.80266,-0.0420077,-1.23296,-0.105798
4.16364,2.63988,0.418601,-2.64034,-1.80268,-0.0423272,-1.23311,-0.105604
4.16475,2.6397,0.418523,-2.64054,-1.8027,-0.0426466,-1.23326,-0.105411
4.16592,2.63953,0.418445,-2.64075,-1.80271,-0.0429661,-1.23341,-0.105217
4.16711,2.63936,0.418365,-2.64096,-1.80273,-0.0432854,-1.23356,-0.105023
4.16779,2.63919,0.418285,-2.64116,-1.80275,-0.0436047,-1.23371,-0.10483
4.16895,2.63902,0.418205,-2.64137,-1.80276,-0.043924,-1.23386,-0.104637
4.17011,2.63884,0.418123,-2.64157,-1.80278,-0.0442431,-1.23402,-0.104444
4.17075,2.63867,0.418041,-2.64178,-1.8028,-0.0445623,-1.23417,-0.10425
4.17193,2.6385,0.417959,-2.64198,-1.80281,-0.0448814,-1.23432,-0.104057
4.17321,2.63833,0.417875,-2.64219,-1.80283,-0.0452004,-1.23448,-0.103864
4.1739,2.63816,0.417791,-2.64239,-1.80284,-0.0455194,-1.23463,-0.103672
4.17509,2.63798,0.417706,-2.6426,-1.80286,-0.0458383,-1.23478,-0.103479
4.17614,2.63781,0.41762,-2.6428,-1.80287,-0.0461572,-1.23494,-0.103286
4.17691,2.63764,0.417534,-2.64301,-1.80288,-0.0464761,-1.2351,-0.103093
4.178,2.63747,0.417447,-2.64321,-1.8029,-0.0467949,-1.23525,-0.102901
4.17993,2.63729,0.417359,-2.64342,-1.80291,-0.0471136,-1.23541,-0.102708
4.18098,2.63695,0.417181,-2.64382,-1.80293,-0.0477508,-1.23572,-0.102324
4.18277,2.6366,0.417001,-2.64423,-1.80296,-0.0483878,-1.23604,-0.10194
4.18394,2.63643,0.416909,-2.64443,-1.80297,-0.0487063,-1.2362,-0.101748
4.18515,2.63626,0.416817,-2.64464,-1.80298,-0.0490247,-1.23636,-0.101556
4.18641,2.63609,0.416724,-2.64484,-1.80299,-0.049343,-1.23652,-0.101364
4.1871,2.63591,0.41663,-2.64504,-1.803,-0.0496613,-1.23668,-0.101172
4.1883,2.63574,0.416536,-2.64524,-1.80301,-0.0499795,-1.23684,-0.100981
4.19001,2.63557,0.416441,-2.64545,-1.80302,-0.0502976,-1.237,-0.100789
4.1905,2.63539,0.416345,-2.64565,-1.80303,-0.0506157,-1.23716,-0.100598
4.19122,2.63522,0.416249,-2.64585,-1.80304,-0.0509337,-1.23732,-0.100406
4.19226,2.63505,0.416152,-2.64605,-1.80305,-0.0512516,-1.23748,-0.100215
4.19342,2.63487,0.416054,-2.64625,-1.80305,-0.0515695,-1.23765,-0.100024
4.1943,2.6347,0.415955,-2.64645,-1.80306,-0.0518873,-1.23781,-0.0998328
4.19556,2.63453,0.415856,-2.64665,-1.80307,-0.052205,-1.23797,-0.0996418
4.19613,2.63435,0.415756,-2.64686,-1.80308,-0.0525227,-1.23814,-0.0994509
4.19738,2.63418,0.415655,-2.64706,-1.80308,-0.0528404,-1.2383,-0.0992601
4.19851,2.63401,0.415553,-2.64726,-1.80309,-0.053158,-1.23847,-0.0990694
4.19918,2.63383,0.415451,-2.64746,-1.80309,-0.0534755,-1.23863,-0.0988788
4.20036,2.63366,0.415348,-2.64766,-1.8031,-0.0537929,-1.2388,-0.0986883
4.20149,2.63349,0.415244,-2.64786,-1.8031,-0.0541103,-1.23897,-0.0984978
4.20212,2.63331,0.41514,-2.64806,-1.80311,-0.0544276,-1.23913,-0.0983075
4.20329,2.63314,0.415035,-2.64826,-1.80311,-0.0547448,-1.2393,-0.0981173
4.20448,2.63297,0.414929,-2.64846,-1.80312,-0.0550619,-1.23947,-0.0979272
4.20562,2.63279,0.414822,-2.64866,-1.80312,-0.055379,-1.23964,-0.0977371
4.20628,2.63262,0.414715,-2.64886,-1.80312,-0.0556959,-1.23981,-0.0975472
4.20751,2.63244,0.414607,-2.64905,-1.80313,-0.0560129,-1.23998,-0.0973574
4.20865,2.63227,0.414498,-2.64925,-1.80313,-0.0563297,-1.24015,-0.0971676
4.20928,2.6321,0.414389,-2.64945,-1.80313,-0.0566465,-1.24032,-0.0969779
4.21052,2.63192,0.414279,-2.64965,-1.80313,-0.0569632,-1.24049,-0.0967883
4.21114,2.63175,0.414168,-2.64985,-1.80314,-0.0572799,-1.24066,-0.0965989
4.21233,2.63157,0.414057,-2.65005,-1.80314,-0.0575964,-1.24083,-0.0964095
4.21351,2.6314,0.413944,-2.65025,-1.80314,-0.0579129,-1.241,-0.0962202
4.21465,2.63123,0.413831,-2.65044,-1.80314,-0.0582293,-1.24117,-0.096031
4.21533,2.63105,0.413718,-2.65064,-1.80314,-0.0585456,-1.24135,-0.095842
4.2165,2.63088,0.413603,-2.65084,-1.80314,-0.0588617,-1.24152,-0.095653
4.21763,2.6307,0.413489,-2.65104,-1.80314,-0.0591778,-1.2417,-0.0954641
4.21829,2.63053,0.413373,-2.65123,-1.80314,-0.0594937,-1.24187,-0.0952753
4.21947,2.63036,0.413257,-2.65143,-1.80314,-0.0598095,-1.24205,-0.0950866
4.22066,2.63018,0.413141,-2.65163,-1.80314,-0.0601251,-1.24222,-0.094898
4.22126,2.63001,0.413024,-2.65182,-1.80314,-0.0604407,-1.2424,-0.0947095
4.22247,2.62983,0.412906,-2.65202,-1.80314,-0.0607561,-1.24258,-0.0945211
4.22361,2.62966,0.412788,-2.65222,-1.80314,-0.0610714,-1.24275,-0.0943328
4.22425,2.62949,0.412669,-2.65241,-1.80314,-0.0613866,-1.24293,-0.0941446
4.2254,2.62931,0.41255,-2.65261,-1.80314,-0.0617016,-1.24311,-0.0939565
4.22655,2.62914,0.41243,-2.65281,-1.80314,-0.0620165,-1.24329,-0.0937685
4.22771,2.62896,0.412309,-2.653,-1.80314,-0.0623313,-1.24347,-0.0935806
4.22844,2.62879,0.412188,-2.6532,-1.80314,-0.0626459,-1.24365,-0.0933928
4.22953,2.62862,0.412067,-2.65339,-1.80314,-0.0629605,-1.24384,-0.0932051
4.23068,2.62844,0.411945,-2.65359,-1.80314,-0.0632748,-1.24402,-0.0930175
4.23135,2.62827,0.411822,-2.65378,-1.80314,-0.0635891,-1.2442,-0.09283
4.23252,2.62809,0.411699,-2.65398,-1.80314,-0.0639032,-1.24438,-0.0926426
4.23363,2.62792,0.411575,-2.65418,-1.80314,-0.0642172,-1.24457,-0.0924553
4.23427,2.62775,0.411451,-2.65437,-1.80314,-0.0645311,-1.24475,-0.0922681
4.23542,2.62757,0.411326,-2.65456,-1.80314,-0.0648448,-1.24494,-0.092081
4.23662,2.6274,0.4112,-2.65476,-1.80314,-0.0651584,-1.24512,-0.0918941
4.23755,2.62722,0.411074,-2.65495,-1.80314,-0.0654719,-1.24531,-0.0917072
4.23867,2.62705,0.410948,-2.65515,-1.80314,-0.0657852,-1.2455,-0.0915204
4.23938,2.62688,0.410821,-2.65534,-1.80314,-0.0660985,-1.24569,-0.0913337
4.24052,2.6267,0.410693,-2.65554,-1.80314,-0.0664115,-1.24587,-0.0911472
4.24166,2.62653,0.410565,-2.65573,-1.80314,-0.0667245,-1.24606,-0.0909607
4.2423,2.62635,0.410436,-2.65593,-1.80314,-0.0670373,-1.24625,-0.0907744
4.24353,2.62618,0.410306,-2.65612,-1.80314,-0.06735,-1.24644,-0.0905882
4.24464,2.62601,0.410177,-2.65631,-1.80314,-0.0676625,-1.24663,-0.0904021
4.24534,2.62583,0.410046,-2.65651,-1.80314,-0.0679749,-1.24682,-0.0902161
4.24649,2.62566,0.409915,-2.6567,-1.80314,-0.0682871,-1.24702,-0.0900302
4.2477,2.62548,0.409784,-2.65689,-1.80314,-0.0685993,-1.24721,-0.0898444
4.24839,2.62531,0.409651,-2.65709,-1.80314,-0.0689113,-1.2474,-0.0896587
4.24946,2.62514,0.409519,-2.65728,-1.80314,-0.0692231,-1.24759,-0.0894731
4.25065,2.62496,0.409386,-2.65747,-1.80314,-0.0695348,-1.24779,-0.0892877
4.25179,2.62479,0.409252,-2.65766,-1.80314,-0.0698464,-1.24798,-0.0891023
4.25241,2.62461,0.409118,-2.65786,-1.80314,-0.0701579,-1.24818,-0.0889171
4.2536,2.62444,0.408983,-2.65805,-1.80314,-0.0704692,-1.24837,-0.088732
4.25478,2.62427,0.408847,-2.65824,-1.80314,-0.0707804,-1.24857,-0.088547
4.25551,2.62409,0.408711,-2.65843,-1.80314,-0.0710915,-1.24876,-0.0883621
4.25666,2.62392,0.408575,-2.65862,-1.80314,-0.0714024,-1.24896,-0.0881773
4.2578,2.62375,0.408437,-2.65881,-1.80314,-0.0717132,-1.24916,-0.0879926
4.25839,2.62357,0.408299,-2.65901,-1.80314,-0.0720239,-1.24936,-0.0878081
4.25966,2.6234,0.408161,-2.6592,-1.80314,-0.0723345,-1.24956,-0.0876236
4.26072,2.62322,0.408022,-2.65939,-1.80314,-0.0726449,-1.24975,-0.0874393
4.26138,2.62305,0.407882,-2.65958,-1.80313,-0.0729553,-1.24995,-0.0872551
4.26256,2.62288,0.407742,-2.65977,-1.80313,-0.0732655,-1.25015,-0.087071
4.26372,2.6227,0.407601,-2.65996,-1.80313,-0.0735756,-1.25035,-0.086887
4.26436,2.62253,0.40746,-2.66015,-1.80313,-0.0738856,-1.25055,-0.0867031
4.26555,2.62235,0.407317,-2.66034,-1.80313,-0.0741954,-1.25076,-0.0865193
4.2667,2.62218,0.407175,-2.66053,-1.80313,-0.0745051,-1.25096,-0.0863357
4.26846,2.62201,0.407031,-2.66072,-1.80312,-0.0748148,-1.25116,-0.0861522
4.26961,2.62166,0.406742,-2.6611,-1.80312,-0.0754336,-1.25156,-0.0857855
4.27141,2.62148,0.406597,-2.66129,-1.80312,-0.0757429,-1.25177,-0.0856023
4.27254,2.62114,0.406304,-2.66167,-1.80311,-0.0763612,-1.25218,-0.0852363
4.27374,2.62096,0.406157,-2.66185,-1.8031,-0.0766702,-1.25238,-0.0850534
4.27488,2.62079,0.406009,-2.66204,-1.8031,-0.0769791,-1.25258,-0.0848707
4.27557,2.62061,0.40586,-2.66223,-1.8031,-0.0772879,-1.25279,-0.0846881
4.27731,2.62044,0.405711,-2.66242,-1.80309,-0.0775965,-1.253,-0.0845055
4.27864,2.62026,0.405561,-2.66261,-1.80309,-0.0779051,-1.2532,-0.0843232
4.27873,2.62009,0.40541,-2.66279,-1.80308,-0.0782135,-1.25341,-0.0841409
4.28041,2.61992,0.405259,-2.66298,-1.80308,-0.0785218,-1.25361,-0.0839588
4.28179,2.61974,0.405107,-2.66317,-1.80307,-0.0788299,-1.25382,-0.0837767
4.28181,2.61957,0.404954,-2.66336,-1.80306,-0.079138,-1.25403,-0.0835948
4.28299,2.61939,0.404801,-2.66354,-1.80306,-0.0794459,-1.25424,-0.083413
4.28414,2.61922,0.404647,-2.66373,-1.80305,-0.0797538,-1.25445,-0.0832314
4.28477,2.61904,0.404493,-2.66392,-1.80304,-0.0800615,-1.25466,-0.0830498
4.28591,2.61887,0.404337,-2.6641,-1.80304,-0.0803692,-1.25486,-0.0828683
4.28706,2.61869,0.404181,-2.66429,-1.80303,-0.0806767,-1.25507,-0.082687
4.28767,2.61852,0.404025,-2.66447,-1.80302,-0.080984,-1.25528,-0.0825058
4.28884,2.61835,0.403867,-2.66466,-1.80301,-0.0812913,-1.25549,-0.0823247
4.29002,2.61817,0.40371,-2.66484,-1.803,-0.0815984,-1.25571,-0.0821437
4.29065,2.618,0.403551,-2.66503,-1.80299,-0.0819054,-1.25592,-0.0819629
4.29183,2.61782,0.403392,-2.66521,-1.80298,-0.0822123,-1.25613,-0.0817822
4.29298,2.61765,0.403232,-2.6654,-1.80297,-0.0825191,-1.25634,-0.0816016
4.29487,2.6173,0.40291,-2.66577,-1.80295,-0.0831322,-1.25677,-0.0812407
4.29661,2.61712,0.402748,-2.66595,-1.80294,-0.0834386,-1.25698,-0.0810605
4.29717,2.61695,0.402586,-2.66614,-1.80293,-0.0837449,-1.25719,-0.0808803
4.29778,2.61677,0.402423,-2.66632,-1.80292,-0.0840511,-1.25741,-0.0807003
4.29894,2.6166,0.402259,-2.6665,-1.80291,-0.0843571,-1.25762,-0.0805205
4.30006,2.61642,0.402094,-2.66669,-1.8029,-0.084663,-1.25783,-0.0803407
4.30126,2.61625,0.401929,-2.66687,-1.80288,-0.0849688,-1.25805,-0.0801611
4.30189,2.61607,0.401763,-2.66705,-1.80287,-0.0852745,-1.25827,-0.0799816
4.30307,2.6159,0.401596,-2.66724,-1.80286,-0.0855801,-1.25848,-0.0798022
4.30423,2.61572,0.401429,-2.66742,-1.80284,-0.0858855,-1.2587,-0.0796229
4.30486,2.61555,0.401261,-2.6676,-1.80283,-0.0861908,-1.25891,-0.0794438
4.30601,2.61537,0.401093,-2.66778,-1.80281,-0.0864959,-1.25913,-0.0792648
4.30718,2.6152,0.400923,-2.66796,-1.8028,-0.0868009,-1.25935,-0.079086
4.30853,2.61502,0.400754,-2.66815,-1.80278,-0.0871058,-1.25957,-0.0789073
4.30899,2.61485,0.400583,-2.66833,-1.80277,-0.0874106,-1.25978,-0.0787287
4.31014,2.61467,0.400412,-2.66851,-1.80275,-0.0877152,-1.26,-0.0785502
4.31133,2.6145,0.40024,-2.66869,-1.80274,-0.0880197,-1.26022,-0.0783718
4.31193,2.61432,0.400067,-2.66887,-1.80272,-0.0883241,-1.26044,-0.0781936
4.31309,2.61415,0.399894,-2.66905,-1.8027,-0.0886284,-1.26066,-0.0780155
4.31423,2.61397,0.39972,-2.66923,-1.80269,-0.0889325,-1.26088,-0.0778375
4.31547,2.6138,0.399545,-2.66941,-1.80267,-0.0892365,-1.2611,-0.0776597
4.31608,2.61362,0.39937,-2.66959,-1.80265,-0.0895403,-1.26132,-0.077482
4.31762,2.61345,0.399194,-2.66977,-1.80263,-0.089844,-1.26154,-0.0773044
4.31904,2.61327,0.399018,-2.66995,-1.80261,-0.0901476,-1.26177,-0.0771269
4.32019,2.61292,0.398663,-2.67031,-1.80257,-0.0907543,-1.26221,-0.0767724
4.32201,2.61275,0.398484,-2.67049,-1.80255,-0.0910575,-1.26243,-0.0765953
4.32213,2.61257,0.398305,-2.67067,-1.80253,-0.0913605,-1.26266,-0.0764183
4.32324,2.6124,0.398125,-2.67085,-1.80251,-0.0916634,-1.26288,-0.0762414
4.32449,2.61222,0.397945,-2.67102,-1.80249,-0.0919662,-1.2631,-0.0760647
4.32562,2.61205,0.397763,-2.6712,-1.80247,-0.0922688,-1.26333,-0.0758881
4.32625,2.61187,0.397581,-2.67138,-1.80245,-0.0925713,-1.26355,-0.0757117
4.32806,2.6117,0.397399,-2.67156,-1.80243,-0.0928737,-1.26378,-0.0755353
4.32814,2.61152,0.397216,-2.67174,-1.8024,-0.0931759,-1.264,-0.0753591
4.32928,2.61134,0.397032,-2.67191,-1.80238,-0.093478,-1.26423,-0.075183
4.33049,2.61117,0.396848,-2.67209,-1.80236,-0.0937799,-1.26446,-0.0750071
4.33164,2.61099,0.396663,-2.67227,-1.80233,-0.0940816,-1.26468,-0.0748312
4.33231,2.61082,0.396477,-2.67244,-1.80231,-0.0943832,-1.26491,-0.0746555
4.33346,2.61064,0.396291,-2.67262,-1.80228,-0.0946847,-1.26514,-0.07448
4.33462,2.61047,0.396104,-2.6728,-1.80226,-0.094986,-1.26537,-0.0743045
4.33523,2.61029,0.395916,-2.67297,-1.80223,-0.0952872,-1.26559,-0.0741292
4.33696,2.61012,0.395728,-2.67315,-1.80221,-0.0955883,-1.26582,-0.073954
4.33758,2.60994,0.395539,-2.67333,-1.80218,-0.0958892,-1.26605,-0.0737789
4.33876,2.60977,0.395349,-2.6735,-1.80216,-0.09619,-1.26628,-0.073604
4.33996,2.60959,0.395159,-2.67368,-1.80213,-0.0964906,-1.26651,-0.0734291
4.34059,2.60941,0.394968,-2.67385,-1.8021,-0.0967912,-1.26674,-0.0732544
4.34177,2.60924,0.394776,-2.67403,-1.80207,-0.0970915,-1.26697,-0.0730799
4.34357,2.60906,0.394584,-2.6742,-1.80205,-0.0973917,-1.2672,-0.0729054
4.34463,2.60871,0.394197,-2.67455,-1.80199,-0.0979917,-1.26766,-0.0725569
4.34532,2.60854,0.394003,-2.67472,-1.80196,-0.0982915,-1.2679,-0.0723828
4.34652,2.60836,0.393808,-2.6749,-1.80193,-0.0985911,-1.26813,-0.0722089
4.34835,2.60819,0.393613,-2.67507,-1.8019,-0.0988906,-1.26836,-0.0720351
4.3484,2.60801,0.393417,-2.67525,-1.80187,-0.0991899,-1.26859,-0.0718614
4.34949,2.60784,0.39322,-2.67542,-1.80184,-0.0994891,-1.26883,-0.0716878
4.35122,2.60766,0.393023,-2.67559,-1.80181,-0.0997881,-1.26906,-0.0715144
4.35124,2.60748,0.392825,-2.67576,-1.80178,-0.100087,-1.2693,-0.0713411
4.35252,2.60731,0.392626,-2.67594,-1.80174,-0.100386,-1.26953,-0.0711679
4.35367,2.60713,0.392427,-2.67611,-1.80171,-0.100684,-1.26977,-0.0709949
4.35478,2.60696,0.392227,-2.67628,-1.80168,-0.100983,-1.27,-0.070822
4.35595,2.60678,0.392027,-2.67645,-1.80165,-0.101281,-1.27024,-0.0706493
4.35677,2.60661,0.391826,-2.67663,-1.80161,-0.101579,-1.27047,-0.0704766
4.35773,2.60643,0.391624,-2.6768,-1.80158,-0.101877,-1.27071,-0.0703042
4.35834,2.60626,0.391421,-2.67697,-1.80155,-0.102175,-1.27095,-0.0701318
4.36008,2.60608,0.391218,-2.67714,-1.80151,-0.102472,-1.27118,-0.0699596
4.36069,2.6059,0.391015,-2.67731,-1.80148,-0.10277,-1.27142,-0.0697875
4.3613,2.60573,0.390811,-2.67748,-1.80144,-0.103067,-1.27166,-0.0696156
4.3625,2.60555,0.390606,-2.67765,-1.80141,-0.103364,-1.2719,-0.0694438
4.36362,2.60538,0.3904,-2.67782,-1.80137,-0.103661,-1.27213,-0.0692721
4.3648,2.6052,0.390194,-2.67799,-1.80133,-0.103958,-1.27237,-0.0691006
4.36551,2.60503,0.389987,-2.67816,-1.8013,-0.104254,-1.27261,-0.0689292
4.36665,2.60485,0.38978,-2.67833,-1.80126,-0.104551,-1.27285,-0.0687579
4.36781,2.60468,0.389572,-2.6785,-1.80122,-0.104847,-1.27309,-0.0685868
4.36848,2.6045,0.389363,-2.67867,-1.80118,-0.105143,-1.27333,-0.0684158
4.36964,2.60432,0.389154,-2.67884,-1.80114,-0.105439,-1.27357,-0.0682449
4.37086,2.60415,0.388945,-2.67901,-1.80111,-0.105735,-1.27381,-0.0680742
4.37151,2.60397,0.388734,-2.67918,-1.80107,-0.10603,-1.27406,-0.0679036
4.37266,2.6038,0.388523,-2.67935,-1.80103,-0.106326,-1.2743,-0.0677331
4.37381,2.60362,0.388311,-2.67952,-1.80099,-0.106621,-1.27454,-0.0675628
4.37451,2.60345,0.388099,-2.67969,-1.80095,-0.106916,-1.27478,-0.0673926
4.37583,2.60327,0.387886,-2.67985,-1.80091,-0.107211,-1.27502,-0.0672225
4.37767,2.60292,0.387459,-2.68019,-1.80082,-0.107801,-1.27551,-0.0668828
4.37892,2.60275,0.387244,-2.68036,-1.80078,-0.108095,-1.27575,-0.0667132
4.38003,2.60257,0.387029,-2.68052,-1.80074,-0.108389,-1.276,-0.0665437
4.38088,2.6024,0.386813,-2.68069,-1.8007,-0.108683,-1.27624,-0.0663743
4.38188,2.60222,0.386596,-2.68086,-1.80065,-0.108977,-1.27649,-0.066205
4.38309,2.60204,0.386379,-2.68102,-1.80061,-0.109271,-1.27673,-0.0660359
4.38365,2.60187,0.386162,-2.68119,-1.80057,-0.109565,-1.27698,-0.065867
4.38487,2.60169,0.385943,-2.68136,-1.80052,-0.109858,-1.27722,-0.0656981
4.38674,2.60152,0.385724,-2.68152,-1.80048,-0.110151,-1.27747,-0.0655294
4.38791,2.60117,0.385285,-2.68185,-1.80039,-0.110737,-1.27796,-0.0651925
4.38908,2.60099,0.385064,-2.68202,-1.80034,-0.11103,-1.27821,-0.0650242
4.38973,2.60082,0.384843,-2.68218,-1.8003,-0.111323,-1.27846,-0.064856
4.39088,2.60064,0.384621,-2.68235,-1.80025,-0.111615,-1.27871,-0.064688
4.39269,2.60047,0.384398,-2.68251,-1.8002,-0.111907,-1.27895,-0.0645201
4.39384,2.60012,0.383951,-2.68284,-1.80011,-0.112491,-1.27945,-0.0641848
4.39501,2.59994,0.383727,-2.68301,-1.80006,-0.112783,-1.2797,-0.0640174
4.39626,2.59977,0.383502,-2.68317,-1.80001,-0.113074,-1.27995,-0.06385
4.39688,2.59959,0.383277,-2.68333,-1.79996,-0.113366,-1.2802,-0.0636828
4.39805,2.59942,0.383051,-2.6835,-1.79991,-0.113657,-1.28045,-0.0635158
4.39866,2.59924,0.382824,-2.68366,-1.79986,-0.113948,-1.2807,-0.0633489
4.40071,2.59889,0.382369,-2.68398,-1.79976,-0.114529,-1.2812,-0.0630156
4.40189,2.59872,0.382141,-2.68415,-1.79971,-0.11482,-1.28146,-0.0628491
4.40384,2.59854,0.381912,-2.68431,-1.79966,-0.11511,-1.28171,-0.0626828
4.40392,2.59837,0.381682,-2.68447,-1.79961,-0.1154,-1.28196,-0.0625166
4.40513,2.59819,0.381452,-2.68463,-1.79956,-0.11569,-1.28221,-0.0623505
4.40694,2.59802,0.381221,-2.6848,-1.79951,-0.115979,-1.28246,-0.0621846
4.40699,2.59784,0.38099,-2.68496,-1.79945,-0.116269,-1.28272,-0.0620189
4.40814,2.59767,0.380758,-2.68512,-1.7994,-0.116558,-1.28297,-0.0618533
4.40931,2.59749,0.380526,-2.68528,-1.79935,-0.116847,-1.28323,-0.0616878
4.40996,2.59732,0.380293,-2.68544,-1.79929,-0.117136,-1.28348,-0.0615225
4.41109,2.59714,0.380059,-2.6856,-1.79924,-0.117425,-1.28373,-0.0613574
4.41223,2.59697,0.379825,-2.68576,-1.79918,-0.117713,-1.28399,-0.0611923
4.41341,2.59679,0.37959,-2.68592,-1.79913,-0.118002,-1.28424,-0.0610275
4.41406,2.59662,0.379355,-2.68608,-1.79907,-0.11829,-1.2845,-0.0608628
4.41519,2.59644,0.379119,-2.68624,-1.79902,-0.118578,-1.28475,-0.0606982
4.41637,2.59627,0.378882,-2.6864,-1.79896,-0.118866,-1.28501,-0.0605337
4.41698,2.5961,0.378645,-2.68656,-1.79891,-0.119153,-1.28527,-0.0603694
4.41816,2.59592,0.378408,-2.68672,-1.79885,-0.119441,-1.28552,-0.0602052
4.41932,2.59575,0.378169,-2.68688,-1.79879,-0.119728,-1.28578,-0.0600412
4.41997,2.59557,0.37793,-2.68704,-1.79873,-0.120015,-1.28604,-0.0598774
4.42111,2.5954,0.377691,-2.6872,-1.79867,-0.120302,-1.2863,-0.0597137
4.42234,2.59522,0.377451,-2.68735,-1.79862,-0.120589,-1.28655,-0.0595502
4.42303,2.59505,0.37721,-2.68751,-1.79856,-0.120875,-1.28681,-0.0593868
4.42428,2.59487,0.376969,-2.68767,-1.7985,-0.121162,-1.28707,-0.0592235
4.42548,2.5947,0.376728,-2.68783,-1.79844,-0.121448,-1.28733,-0.0590605
4.42619,2.59453,0.376485,-2.68798,-1.79838,-0.121734,-1.28759,-0.0588975
4.42717,2.59435,0.376242,-2.68814,-1.79832,-0.122019,-1.28785,-0.0587347
4.42841,2.59418,0.375999,-2.6883,-1.79826,-0.122305,-1.28811,-0.0585721
4.42953,2.594,0.375755,-2.68846,-1.79819,-0.12259,-1.28837,-0.0584096
4.43016,2.59383,0.37551,-2.68861,-1.79813,-0.122875,-1.28863,-0.0582473
4.43154,2.59365,0.375265,-2.68877,-1.79807,-0.12316,-1.28889,-0.0580851
4.43257,2.59348,0.375019,-2.68892,-1.79801,-0.123445,-1.28915,-0.057923
4.43321,2.59331,0.374773,-2.68908,-1.79795,-0.12373,-1.28941,-0.0577611
4.43438,2.59313,0.374526,-2.68924,-1.79788,-0.124014,-1.28968,-0.0575993
4.43554,2.59296,0.374279,-2.68939,-1.79782,-0.124298,-1.28994,-0.0574377
4.43616,2.59278,0.374031,-2.68955,-1.79775,-0.124582,-1.2902,-0.0572762
4.43734,2.59261,0.373782,-2.6897,-1.79769,-0.124866,-1.29046,-0.0571149
4.43853,2.59244,0.373533,-2.68986,-1.79762,-0.12515,-1.29073,-0.0569537
4.43914,2.59226,0.373283,-2.69001,-1.79756,-0.125433,-1.29099,-0.0567927
4.44038,2.59209,0.373033,-2.69017,-1.79749,-0.125716,-1.29125,-0.0566318
4.44164,2.59192,0.372782,-2.69032,-1.79743,-0.125999,-1.29152,-0.0564711
4.44221,2.59174,0.372531,-2.69047,-1.79736,-0.126282,-1.29178,-0.0563105
4.44345,2.59157,0.372279,-2.69063,-1.79729,-0.126565,-1.29205,-0.05615
4.44527,2.59139,0.372026,-2.69078,-1.79723,-0.126847,-1.29231,-0.0559897
4.4458,2.59122,0.371773,-2.69093,-1.79716,-0.12713,-1.29258,-0.0558295
4.44655,2.59105,0.37152,-2.69109,-1.79709,-0.127412,-1.29284,-0.0556695
4.44827,2.59087,0.371265,-2.69124,-1.79702,-0.127693,-1.29311,-0.0555097
4.44886,2.5907,0.371011,-2.69139,-1.79695,-0.127975,-1.29338,-0.05535
4.4495,2.59053,0.370755,-2.69155,-1.79688,-0.128257,-1.29364,-0.0551904
4.45075,2.59035,0.3705,-2.6917,-1.79681,-0.128538,-1.29391,-0.055031
4.45195,2.59018,0.370243,-2.69185,-1.79674,-0.128819,-1.29418,-0.0548717
4.45261,2.59001,0.369986,-2.692,-1.79667,-0.1291,-1.29444,-0.0547126
4.45454,2.58966,0.369471,-2.69231,-1.79653,-0.129661,-1.29498,-0.0543947
4.45672,2.58949,0.369212,-2.69246,-1.79646,-0.129941,-1.29525,-0.054236
4.457,2.58931,0.368953,-2.69261,-1.79639,-0.130221,-1.29552,-0.0540775
4.45832,2.58914,0.368693,-2.69276,-1.79632,-0.130501,-1.29579,-0.0539191
4.4588,2.58897,0.368433,-2.69291,-1.79624,-0.130781,-1.29605,-0.0537608
4.45996,2.5888,0.368172,-2.69306,-1.79617,-0.131061,-1.29632,-0.0536027
4.46058,2.58862,0.367911,-2.69321,-1.7961,-0.13134,-1.29659,-0.0534448
4.46169,2.58845,0.367649,-2.69336,-1.79602,-0.131619,-1.29686,-0.0532869
4.46288,2.58828,0.367386,-2.69351,-1.79595,-0.131898,-1.29713,-0.0531293
4.46402,2.5881,0.367123,-2.69366,-1.79587,-0.132176,-1.29741,-0.0529718
4.46465,2.58793,0.36686,-2.69381,-1.7958,-0.132455,-1.29768,-0.0528144
4.46581,2.58776,0.366596,-2.69396,-1.79572,-0.132733,-1.29795,-0.0526572
4.46703,2.58759,0.366331,-2.69411,-1.79565,-0.133011,-1.29822,-0.0525002
4.46765,2.58741,0.366066,-2.69426,-1.79557,-0.133289,-1.29849,-0.0523432
4.46935,2.58724,0.3658,-2.6944,-1.79549,-0.133567,-1.29876,-0.0521865
4.46996,2.58707,0.365534,-2.69455,-1.79542,-0.133844,-1.29904,-0.0520299
4.47064,2.5869,0.365267,-2.6947,-1.79534,-0.134122,-1.29931,-0.0518734
4.47174,2.58672,0.365,-2.69485,-1.79526,-0.134399,-1.29958,-0.0517171
4.47294,2.58655,0.364732,-2.695,-1.79518,-0.134675,-1.29986,-0.051561
4.47356,2.58638,0.364464,-2.69514,-1.7951,-0.134952,-1.30013,-0.051405
4.47563,2.58621,0.364195,-2.69529,-1.79503,-0.135229,-1.3004,-0.0512491
4.47604,2.58604,0.363926,-2.69544,-1.79495,-0.135505,-1.30068,-0.0510934
4.47666,2.58586,0.363656,-2.69558,-1.79487,-0.135781,-1.30095,-0.0509378
4.47786,2.58569,0.363385,-2.69573,-1.79479,-0.136057,-1.30123,-0.0507824
4.47902,2.58552,0.363114,-2.69588,-1.79471,-0.136332,-1.3015,-0.0506272
4.48074,2.58535,0.362843,-2.69602,-1.79462,-0.136608,-1.30178,-0.0504721
4.48081,2.58518,0.362571,-2.69617,-1.79454,-0.136883,-1.30205,-0.0503171
4.48195,2.585,0.362298,-2.69631,-1.79446,-0.137158,-1.30233,-0.0501623
4.48307,2.58483,0.362025,-2.69646,-1.79438,-0.137433,-1.3026,-0.0500077
4.48423,2.58466,0.361752,-2.69661,-1.7943,-0.137707,-1.30288,-0.0498532
4.48542,2.58449,0.361477,-2.69675,-1.79421,-0.137981,-1.30316,-0.0496989
4.48667,2.58432,0.361203,-2.6969,-1.79413,-0.138256,-1.30343,-0.0495448
4.4873,2.58415,0.360927,-2.69704,-1.79405,-0.138529,-1.30371,-0.0493908
4.48858,2.58398,0.360652,-2.69718,-1.79396,-0.138803,-1.30399,-0.049237
4.48988,2.5838,0.360375,-2.69733,-1.79388,-0.139077,-1.30427,-0.0490833
4.49036,2.58363,0.360099,-2.69747,-1.79379,-0.13935,-1.30454,-0.0489298
4.49213,2.58346,0.359821,-2.69762,-1.79371,-0.139623,-1.30482,-0.0487764
4.49328,2.58312,0.359265,-2.6979,-1.79353,-0.140169,-1.30538,-0.0484701
4.4945,2.58295,0.358986,-2.69805,-1.79345,-0.140441,-1.30566,-0.0483172
4.49541,2.58278,0.358706,-2.69819,-1.79336,-0.140713,-1.30594,-0.0481644
4.49633,2.58261,0.358426,-2.69833,-1.79327,-0.140985,-1.30622,-0.0480118
4.49692,2.58244,0.358146,-2.69848,-1.79319,-0.141257,-1.3065,-0.0478593
4.49809,2.58227,0.357865,-2.69862,-1.7931,-0.141529,-1.30678,-0.047707
4.49951,2.58209,0.357583,-2.69876,-1.79301,-0.1418,-1.30706,-0.0475548
4.50069,2.58192,0.357301,-2.6989,-1.79292,-0.142071,-1.30734,-0.0474029
4.50104,2.58175,0.357019,-2.69904,-1.79283,-0.142342,-1.30762,-0.047251
4.50218,2.58158,0.356736,-2.69918,-1.79274,-0.142613,-1.3079,-0.0470994
4.50337,2.58141,0.356452,-2.69933,-1.79265,-0.142884,-1.30819,-0.0469478
4.50399,2.58124,0.356168,-2.69947,-1.79256,-0.143154,-1.30847,-0.0467965
4.50574,2.58107,0.355884,-2.69961,-1.79247,-0.143424,-1.30875,-0.0466453
4.50645,2.5809,0.355599,-2.69975,-1.79238,-0.143694,-1.30903,-0.0464943
4.50837,2.58073,0.355313,-2.69989,-1.79229,-0.143963,-1.30932,-0.0463434
4.5095,2.58039,0.35474,-2.70017,-1.7921,-0.144502,-1.30988,-0.046042
4.51051,2.58022,0.354453,-2.70031,-1.79201,-0.144771,-1.31016,-0.0458916
4.51174,2.58005,0.354166,-2.70045,-1.79191,-0.14504,-1.31045,-0.0457413
4.51239,2.57988,0.353877,-2.70059,-1.79182,-0.145309,-1.31073,-0.0455911
4.51358,2.57971,0.353589,-2.70073,-1.79173,-0.145577,-1.31102,-0.0454411
4.5147,2.57954,0.3533,-2.70087,-1.79163,-0.145845,-1.3113,-0.0452913
4.51534,2.57937,0.35301,-2.701,-1.79154,-0.146113,-1.31159,-0.0451416
4.51651,2.57921,0.35272,-2.70114,-1.79144,-0.146381,-1.31187,-0.044992
4.5183,2.57904,0.352429,-2.70128,-1.79135,-0.146648,-1.31216,-0.0448426
4.51841,2.57887,0.352138,-2.70142,-1.79125,-0.146916,-1.31244,-0.0446933
4.51953,2.5787,0.351847,-2.70156,-1.79115,-0.147183,-1.31273,-0.0445442
4.52066,2.57853,0.351555,-2.70169,-1.79106,-0.147449,-1.31301,-0.0443952
4.52183,2.57836,0.351262,-2.70183,-1.79096,-0.147716,-1.3133,-0.0442464
4.52366,2.57819,0.350969,-2.70197,-1.79086,-0.147982,-1.31359,-0.0440978
4.52494,2.57802,0.350676,-2.70211,-1.79076,-0.148249,-1.31387,-0.0439493
4.52557,2.57785,0.350381,-2.70224,-1.79067,-0.148515,-1.31416,-0.043801
4.52618,2.57768,0.350087,-2.70238,-1.79057,-0.14878,-1.31445,-0.0436528
4.52733,2.57752,0.349792,-2.70252,-1.79047,-0.149046,-1.31474,-0.0435048
4.52911,2.57735,0.349496,-2.70265,-1.79037,-0.149311,-1.31502,-0.0433569
4.5308,2.57718,0.3492,-2.70279,-1.79027,-0.149576,-1.31531,-0.0432092
4.53155,2.57701,0.348903,-2.70292,-1.79017,-0.149841,-1.3156,-0.0430617
4.53204,2.57684,0.348606,-2.70306,-1.79007,-0.150106,-1.31589,-0.0429144
4.53319,2.57667,0.348308,-2.7032,-1.78997,-0.150371,-1.31618,-0.0427671
4.53437,2.57651,0.34801,-2.70333,-1.78986,-0.150635,-1.31647,-0.0426201
4.53555,2.57634,0.347711,-2.70347,-1.78976,-0.150899,-1.31676,-0.0424732
4.53672,2.57617,0.347412,-2.7036,-1.78966,-0.151163,-1.31705,-0.0423265
4.53789,2.576,0.347112,-2.70373,-1.78956,-0.151426,-1.31734,-0.0421799
4.53923,2.57583,0.346812,-2.70387,-1.78945,-0.15169,-1.31763,-0.0420335
4.53992,2.57567,0.346511,-2.704,-1.78935,-0.151953,-1.31792,-0.0418873
4.54164,2.5755,0.34621,-2.70414,-1.78925,-0.152216,-1.31821,-0.0417412
4.54243,2.57533,0.345908,-2.70427,-1.78914,-0.152479,-1.3185,-0.0415953
4.54398,2.57516,0.345605,-2.7044,-1.78904,-0.152741,-1.31879,-0.0414495
4.54517,2.57483,0.344999,-2.70467,-1.78882,-0.153266,-1.31938,-0.0411585
4.54634,2.57466,0.344695,-2.7048,-1.78872,-0.153528,-1.31967,-0.0410131
4.54699,2.5745,0.34439,-2.70494,-1.78861,-0.153789,-1.31996,-0.0408679
4.5481,2.57433,0.344085,-2.70507,-1.7885,-0.154051,-1.32025,-0.0407229
4.54929,2.57416,0.34378,-2.7052,-1.7884,-0.154312,-1.32055,-0.0405781
4.55052,2.57399,0.343474,-2.70533,-1.78829,-0.154573,-1.32084,-0.0404334
4.55103,2.57383,0.343167,-2.70547,-1.78818,-0.154834,-1.32113,-0.0402889
4.5522,2.57366,0.34286,-2.7056,-1.78807,-0.155095,-1.32143,-0.0401445
4.55339,2.57349,0.342552,-2.70573,-1.78796,-0.155355,-1.32172,-0.0400003
4.55514,2.57333,0.342244,-2.70586,-1.78785,-0.155615,-1.32202,-0.0398563
4.55635,2.57299,0.341627,-2.70612,-1.78763,-0.156135,-1.32261,-0.0395687
4.55756,2.57283,0.341317,-2.70625,-1.78752,-0.156394,-1.3229,-0.0394251
4.55818,2.57266,0.341007,-2.70638,-1.78741,-0.156653,-1.3232,-0.0392817
4.55964,2.5725,0.340697,-2.70651,-1.7873,-0.156912,-1.32349,-0.0391384
4.56018,2.57233,0.340386,-2.70664,-1.78719,-0.157171,-1.32379,-0.0389953
4.56134,2.57216,0.340074,-2.70677,-1.78708,-0.15743,-1.32408,-0.0388524
4.56255,2.572,0.339762,-2.7069,-1.78696,-0.157688,-1.32438,-0.0387096
4.56317,2.57183,0.33945,-2.70703,-1.78685,-0.157946,-1.32468,-0.038567
4.56437,2.57167,0.339137,-2.70716,-1.78674,-0.158204,-1.32497,-0.0384245
4.56553,2.5715,0.338823,-2.70729,-1.78662,-0.158462,-1.32527,-0.0382822
4.56641,2.57133,0.338509,-2.70742,-1.78651,-0.158719,-1.32557,-0.0381401
4.56759,2.57117,0.338195,-2.70755,-1.78639,-0.158977,-1.32587,-0.0379981
4.56878,2.571,0.33788,-2.70768,-1.78628,-0.159234,-1.32616,-0.0378562
4.57056,2.57084,0.337565,-2.7078,-1.78616,-0.15949,-1.32646,-0.0377145
4.57299,2.57067,0.337249,-2.70793,-1.78605,-0.159747,-1.32676,-0.037573
4.57461,2.57051,0.336933,-2.70806,-1.78593,-0.160003,-1.32706,-0.0374317
4.57581,2.57034,0.336616,-2.70819,-1.78581,-0.160259,-1.32736,-0.0372905
4.57753,2.57018,0.336299,-2.70832,-1.7857,-0.160515,-1.32766,-0.0371495
4.5787,2.57001,0.335981,-2.70844,-1.78558,-0.160771,-1.32795,-0.0370086
4.57952,2.56985,0.335662,-2.70857,-1.78546,-0.161026,-1.32825,-0.0368679
4.58054,2.56968,0.335343,-2.7087,-1.78534,-0.161281,-1.32855,-0.0367274
4.58168,2.56952,0.335024,-2.70882,-1.78522,-0.161536,-1.32885,-0.036587
4.58462,2.56936,0.334704,-2.70895,-1.7851,-0.161791,-1.32915,-0.0364468
4.58571,2.56919,0.334383,-2.70908,-1.78498,-0.162046,-1.32946,-0.0363067
4.58701,2.56903,0.334062,-2.7092,-1.78486,-0.1623,-1.32976,-0.0361668
4.58768,2.56886,0.33374,-2.70933,-1.78474,-0.162554,-1.33006,-0.036027
4.58879,2.5687,0.333417,-2.70945,-1.78462,-0.162808,-1.33036,-0.0358874
4.58938,2.56853,0.333094,-2.70958,-1.7845,-0.163062,-1.33066,-0.035748
4.59133,2.56837,0.33277,-2.7097,-1.78438,-0.163316,-1.33096,-0.0356087
4.59157,2.56821,0.332446,-2.70983,-1.78425,-0.163569,-1.33127,-0.0354696
4.59297,2.56804,0.332121,-2.70995,-1.78413,-0.163823,-1.33157,-0.0353306
4.59389,2.56788,0.331796,-2.71008,-1.78401,-0.164076,-1.33187,-0.0351918
4.59461,2.56772,0.33147,-2.7102,-1.78388,-0.164328,-1.33218,-0.0350532
4.59578,2.56755,0.331144,-2.71033,-1.78376,-0.164581,-1.33248,-0.0349147
4.59694,2.56739,0.330817,-2.71045,-1.78363,-0.164833,-1.33278,-0.0347763
4.59766,2.56723,0.330489,-2.71058,-1.78351,-0.165085,-1.33309,-0.0346382
4.5987,2.56706,0.330161,-2.7107,-1.78338,-0.165337,-1.33339,-0.0345002
4.60058,2.5669,0.329833,-2.71082,-1.78326,-0.165589,-1.3337,-0.0343623
4.60106,2.56674,0.329503,-2.71095,-1.78313,-0.165841,-1.334,-0.0342247
4.60241,2.56657,0.329174,-2.71107,-1.783,-0.166092,-1.33431,-0.0340872
4.60342,2.56641,0.328844,-2.71119,-1.78288,-0.166343,-1.33461,-0.0339498
4.60512,2.56625,0.328513,-2.71132,-1.78275,-0.166594,-1.33492,-0.0338126
4.60629,2.56608,0.328182,-2.71144,-1.78262,-0.166844,-1.33523,-0.0336756
4.60756,2.56592,0.32785,-2.71156,-1.78249,-0.167094,-1.33553,-0.0335388
4.60867,2.56576,0.327518,-2.71168,-1.78236,-0.167344,-1.33584,-0.0334021
4.61049,2.5656,0.327185,-2.7118,-1.78223,-0.167594,-1.33615,-0.0332656
4.61167,2.56543,0.326852,-2.71193,-1.7821,-0.167844,-1.33645,-0.0331293
4.61276,2.56527,0.326518,-2.71205,-1.78197,-0.168093,-1.33676,-0.0329931
4.61394,2.56511,0.326184,-2.71217,-1.78184,-0.168343,-1.33707,-0.0328571
4.61589,2.56495,0.325849,-2.71229,-1.78171,-0.168592,-1.33738,-0.0327212
4.61594,2.56478,0.325514,-2.71241,-1.78158,-0.16884,-1.33768,-0.0325855
4.61712,2.56462,0.325178,-2.71253,-1.78145,-0.169089,-1.33799,-0.03245
4.61775,2.56446,0.324841,-2.71265,-1.78131,-0.169337,-1.3383,-0.0323146
4.61896,2.5643,0.324504,-2.71277,-1.78118,-0.169585,-1.33861,-0.0321793
4.62007,2.56414,0.324166,-2.71289,-1.78105,-0.169833,-1.33892,-0.0320443
4.62127,2.56398,0.323828,-2.71301,-1.78091,-0.170081,-1.33923,-0.0319094
4.62186,2.56381,0.32349,-2.71313,-1.78078,-0.170328,-1.33954,-0.0317746
4.62306,2.56365,0.323151,-2.71325,-1.78064,-0.170575,-1.33985,-0.0316401
4.62366,2.56349,0.322811,-2.71337,-1.78051,-0.170822,-1.34016,-0.0315057
4.62529,2.56333,0.322471,-2.71349,-1.78037,-0.171069,-1.34047,-0.0313714
4.62619,2.56317,0.32213,-2.71361,-1.78024,-0.171315,-1.34078,-0.0312373
4.62733,2.56301,0.321789,-2.71373,-1.7801,-0.171561,-1.34109,-0.0311034
4.62797,2.56285,0.321448,-2.71385,-1.77996,-0.171807,-1.3414,-0.0309696
4.62911,2.56269,0.321106,-2.71397,-1.77982,-0.172053,-1.34171,-0.030836
4.63033,2.56253,0.320764,-2.71409,-1.77969,-0.172298,-1.34202,-0.0307025
4.63109,2.56237,0.320421,-2.7142,-1.77955,-0.172544,-1.34234,-0.0305693
4.63217,2.56221,0.320077,-2.71432,-1.77941,-0.172788,-1.34265,-0.0304361
4.63289,2.56205,0.319734,-2.71444,-1.77927,-0.173033,-1.34296,-0.0303032
4.63431,2.56189,0.319389,-2.71456,-1.77913,-0.173278,-1.34327,-0.0301704
4.63517,2.56172,0.319045,-2.71468,-1.77899,-0.173522,-1.34358,-0.0300378
4.63668,2.56157,0.318699,-2.71479,-1.77885,-0.173766,-1.3439,-0.0299053
4.63847,2.56141,0.318354,-2.71491,-1.77871,-0.174009,-1.34421,-0.029773
4.63892,2.56125,0.318008,-2.71503,-1.77857,-0.174253,-1.34452,-0.0296408
4.64017,2.56109,0.317661,-2.71514,-1.77843,-0.174496,-1.34484,-0.0295088
4.64068,2.56093,0.317315,-2.71526,-1.77829,-0.174739,-1.34515,-0.0293769
4.6419,2.56077,0.316967,-2.71538,-1.77814,-0.174982,-1.34546,-0.0292452
4.6427,2.56061,0.316619,-2.71549,-1.778,-0.175224,-1.34578,-0.0291137
4.64383,2.56045,0.316271,-2.71561,-1.77786,-0.175466,-1.34609,-0.0289822
4.64498,2.56029,0.315922,-2.71572,-1.77772,-0.175708,-1.34641,-0.028851
4.64616,2.56013,0.315573,-2.71584,-1.77757,-0.17595,-1.34672,-0.0287199
4.64766,2.55997,0.315224,-2.71596,-1.77743,-0.176192,-1.34703,-0.0285889
4.64893,2.55981,0.314874,-2.71607,-1.77728,-0.176433,-1.34735,-0.0284582
4.649,2.55966,0.314523,-2.71619,-1.77714,-0.176674,-1.34766,-0.0283275
4.64989,2.5595,0.314173,-2.7163,-1.77699,-0.176915,-1.34798,-0.028197
4.65106,2.55934,0.313821,-2.71642,-1.77685,-0.177155,-1.3483,-0.0280667
4.65169,2.55918,0.31347,-2.71653,-1.7767,-0.177395,-1.34861,-0.0279365
4.65285,2.55902,0.313118,-2.71664,-1.77655,-0.177635,-1.34893,-0.0278065
4.6548,2.55886,0.312765,-2.71676,-1.77641,-0.177875,-1.34924,-0.0276766
4.65487,2.55871,0.312412,-2.71687,-1.77626,-0.178115,-1.34956,-0.0275469
4.65599,2.55855,0.312059,-2.71699,-1.77611,-0.178354,-1.34987,-0.0274173
4.65777,2.55839,0.311705,-2.7171,-1.77596,-0.178593,-1.35019,-0.0272879
4.65837,2.55823,0.311351,-2.71721,-1.77582,-0.178831,-1.35051,-0.0271587
4.65962,2.55808,0.310997,-2.71733,-1.77567,-0.17907,-1.35082,-0.0270296
4.66012,2.55792,0.310642,-2.71744,-1.77552,-0.179308,-1.35114,-0.0269006
4.66132,2.55776,0.310287,-2.71755,-1.77537,-0.179546,-1.35146,-0.0267718
4.66305,2.55761,0.309931,-2.71766,-1.77522,-0.179784,-1.35178,-0.0266432
4.66421,2.55729,0.309218,-2.71789,-1.77492,-0.180258,-1.35241,-0.0263865
4.66608,2.55714,0.308861,-2.718,-1.77476,-0.180495,-1.35273,-0.0262583
4.66714,2.55682,0.308146,-2.71822,-1.77446,-0.180968,-1.35336,-0.0260025
4.66834,2.55667,0.307788,-2.71834,-1.77431,-0.181205,-1.35368,-0.0258748
4.66947,2.55651,0.30743,-2.71845,-1.77416,-0.181441,-1.354,-0.0257473
4.67011,2.55636,0.307071,-2.71856,-1.774,-0.181676,-1.35432,-0.0256199
4.6713,2.5562,0.306712,-2.71867,-1.77385,-0.181912,-1.35464,-0.0254927
4.67309,2.55589,0.305992,-2.71889,-1.77354,-0.182381,-1.35528,-0.0252389
4.67431,2.55574,0.305632,-2.719,-1.77339,-0.182616,-1.3556,-0.0251121
4.67546,2.55558,0.305271,-2.71911,-1.77323,-0.18285,-1.35592,-0.0249856
4.67658,2.55543,0.30491,-2.71922,-1.77308,-0.183084,-1.35623,-0.0248592
4.67725,2.55527,0.304549,-2.71933,-1.77292,-0.183318,-1.35655,-0.024733
4.67839,2.55512,0.304187,-2.71944,-1.77276,-0.183552,-1.35687,-0.0246069
4.67957,2.55496,0.303825,-2.71955,-1.77261,-0.183785,-1.35719,-0.024481
4.68032,2.55481,0.303462,-2.71966,-1.77245,-0.184018,-1.35751,-0.0243552
4.68135,2.55465,0.303099,-2.71977,-1.77229,-0.184251,-1.35783,-0.0242296
4.68253,2.5545,0.302736,-2.71988,-1.77213,-0.184483,-1.35815,-0.0241041
4.68317,2.55435,0.302373,-2.71998,-1.77198,-0.184716,-1.35848,-0.0239788
4.68437,2.55419,0.302009,-2.72009,-1.77182,-0.184948,-1.3588,-0.0238536
4.68557,2.55404,0.301644,-2.7202,-1.77166,-0.185179,-1.35912,-0.0237286
4.68671,2.55388,0.30128,-2.72031,-1.7715,-0.185411,-1.35944,-0.0236037
4.68734,2.55373,0.300915,-2.72042,-1.77134,-0.185642,-1.35976,-0.023479
4.68858,2.55358,0.300549,-2.72052,-1.77118,-0.185873,-1.36008,-0.0233544
4.68971,2.55343,0.300184,-2.72063,-1.77102,-0.186104,-1.3604,-0.02323
4.69037,2.55327,0.299818,-2.72074,-1.77086,-0.186334,-1.36072,-0.0231058
4.69157,2.55312,0.299451,-2.72085,-1.7707,-0.186564,-1.36104,-0.0229816
4.69275,2.55297,0.299085,-2.72095,-1.77054,-0.186794,-1.36137,-0.0228577
4.69339,2.55282,0.298718,-2.72106,-1.77038,-0.187024,-1.36169,-0.0227339
4.69456,2.55266,0.29835,-2.72117,-1.77021,-0.187253,-1.36201,-0.0226102
4.69572,2.55251,0.297983,-2.72127,-1.77005,-0.187482,-1.36233,-0.0224867
4.69634,2.55236,0.297615,-2.72138,-1.76989,-0.187711,-1.36265,-0.0223633
4.69772,2.55221,0.297246,-2.72148,-1.76972,-0.18794,-1.36298,-0.0222401
4.69875,2.55206,0.296878,-2.72159,-1.76956,-0.188168,-1.3633,-0.022117
4.69943,2.5519,0.296509,-2.7217,-1.7694,-0.188396,-1.36362,-0.0219941
4.70061,2.55175,0.296139,-2.7218,-1.76923,-0.188624,-1.36394,-0.0218713
4.70178,2.5516,0.29577,-2.72191,-1.76907,-0.188851,-1.36427,-0.0217487
4.70253,2.55145,0.2954,-2.72201,-1.7689,-0.189079,-1.36459,-0.0216262
4.70367,2.5513,0.29503,-2.72212,-1.76874,-0.189306,-1.36491,-0.0215039
4.70485,2.55115,0.294659,-2.72222,-1.76857,-0.189532,-1.36524,-0.0213817
4.70556,2.551,0.294288,-2.72232,-1.7684,-0.189759,-1.36556,-0.0212597
4.70678,2.55085,0.293917,-2.72243,-1.76824,-0.189985,-1.36588,-0.0211378
4.70796,2.5507,0.293545,-2.72253,-1.76807,-0.190211,-1.36621,-0.0210161
4.70853,2.55055,0.293174,-2.72264,-1.7679,-0.190437,-1.36653,-0.0208945
4.70968,2.5504,0.292802,-2.72274,-1.76774,-0.190662,-1.36685,-0.020773
4.71085,2.55025,0.292429,-2.72284,-1.76757,-0.190887,-1.36718,-0.0206517
4.71157,2.5501,0.292057,-2.72295,-1.7674,-0.191112,-1.3675,-0.0205306
4.71265,2.54995,0.291684,-2.72305,-1.76723,-0.191337,-1.36783,-0.0204096
4.7138,2.5498,0.29131,-2.72315,-1.76706,-0.191561,-1.36815,-0.0202888
4.71472,2.54965,0.290937,-2.72326,-1.76689,-0.191785,-1.36847,-0.0201681
4.7159,2.5495,0.290563,-2.72336,-1.76672,-0.192009,-1.3688,-0.0200475
4.71662,2.54935,0.290189,-2.72346,-1.76655,-0.192233,-1.36912,-0.0199271
4.71771,2.54921,0.289814,-2.72356,-1.76638,-0.192456,-1.36945,-0.0198069
4.71888,2.54906,0.28944,-2.72367,-1.76621,-0.192679,-1.36977,-0.0196868
4.72006,2.54891,0.289065,-2.72377,-1.76604,-0.192902,-1.3701,-0.0195668
4.72068,2.54876,0.288689,-2.72387,-1.76587,-0.193124,-1.37042,-0.019447
4.72186,2.54861,0.288314,-2.72397,-1.7657,-0.193346,-1.37075,-0.0193273
4.723,2.54846,0.287938,-2.72407,-1.76552,-0.193568,-1.37107,-0.0192078
4.72364,2.54832,0.287562,-2.72417,-1.76535,-0.19379,-1.3714,-0.0190885
4.72479,2.54817,0.287185,-2.72427,-1.76518,-0.194011,-1.37172,-0.0189692
4.72599,2.54802,0.286809,-2.72437,-1.765,-0.194233,-1.37205,-0.0188502
4.72717,2.54788,0.286432,-2.72447,-1.76483,-0.194454,-1.37237,-0.0187312
4.72786,2.54773,0.286055,-2.72457,-1.76466,-0.194674,-1.3727,-0.0186125
4.72896,2.54758,0.285677,-2.72467,-1.76448,-0.194895,-1.37303,-0.0184938
4.73008,2.54744,0.285299,-2.72477,-1.76431,-0.195115,-1.37335,-0.0183754
4.7307,2.54729,0.284921,-2.72487,-1.76413,-0.195334,-1.37368,-0.0182571
4.73188,2.54714,0.284543,-2.72497,-1.76396,-0.195554,-1.374,-0.0181389
4.73306,2.547,0.284164,-2.72507,-1.76378,-0.195773,-1.37433,-0.0180209
4.7337,2.54685,0.283785,-2.72517,-1.76361,-0.195992,-1.37466,-0.017903
4.73485,2.5467,0.283406,-2.72527,-1.76343,-0.196211,-1.37498,-0.0177853
4.736,2.54656,0.283027,-2.72537,-1.76325,-0.19643,-1.37531,-0.0176677
4.73717,2.54641,0.282647,-2.72547,-1.76307,-0.196648,-1.37564,-0.0175502
4.73778,2.54627,0.282267,-2.72557,-1.7629,-0.196866,-1.37596,-0.017433
4.73899,2.54612,0.281887,-2.72567,-1.76272,-0.197083,-1.37629,-0.0173158
4.74016,2.54598,0.281506,-2.72576,-1.76254,-0.197301,-1.37662,-0.0171988
4.74076,2.54583,0.281125,-2.72586,-1.76236,-0.197518,-1.37694,-0.017082
4.74192,2.54569,0.280744,-2.72596,-1.76218,-0.197735,-1.37727,-0.0169653
4.74309,2.54554,0.280363,-2.72606,-1.762,-0.197951,-1.3776,-0.0168488
4.7437,2.5454,0.279981,-2.72615,-1.76182,-0.198168,-1.37792,-0.0167323
4.7449,2.54526,0.279599,-2.72625,-1.76164,-0.198384,-1.37825,-0.0166161
4.74606,2.54511,0.279217,-2.72635,-1.76146,-0.1986,-1.37858,-0.0165
4.74721,2.54497,0.278835,-2.72644,-1.76128,-0.198815,-1.3789,-0.016384
4.74785,2.54483,0.278452,-2.72654,-1.7611,-0.19903,-1.37923,-0.0162682
4.749,2.54468,0.278069,-2.72664,-1.76092,-0.199245,-1.37956,-0.0161525
4.75073,2.54454,0.277686,-2.72673,-1.76074,-0.19946,-1.37989,-0.016037
4.75078,2.5444,0.277303,-2.72683,-1.76055,-0.199675,-1.38022,-0.0159216
4.75193,2.54425,0.276919,-2.72692,-1.76037,-0.199889,-1.38054,-0.0158064
4.75368,2.54411,0.276535,-2.72702,-1.76019,-0.200103,-1.38087,-0.0156913
4.75433,2.54397,0.276151,-2.72712,-1.76001,-0.200316,-1.3812,-0.0155764
4.75492,2.54382,0.275767,-2.72721,-1.75982,-0.20053,-1.38153,-0.0154615
4.75608,2.54368,0.275382,-2.72731,-1.75964,-0.200743,-1.38186,-0.0153469
4.75738,2.54354,0.274997,-2.7274,-1.75945,-0.200956,-1.38218,-0.0152323
4.758,2.5434,0.274612,-2.7275,-1.75927,-0.201168,-1.38251,-0.015118
4.75916,2.54326,0.274226,-2.72759,-1.75908,-0.201381,-1.38284,-0.0150037
4.76032,2.54312,0.27384,-2.72768,-1.7589,-0.201593,-1.38317,-0.0148896
4.76094,2.54297,0.273455,-2.72778,-1.75871,-0.201805,-1.3835,-0.0147756
4.76209,2.54283,0.273068,-2.72787,-1.75853,-0.202016,-1.38383,-0.0146618
4.7633,2.54269,0.272682,-2.72797,-1.75834,-0.202227,-1.38416,-0.0145481
4.76447,2.54255,0.272295,-2.72806,-1.75815,-0.202438,-1.38448,-0.0144346
4.76565,2.54241,0.271908,-2.72815,-1.75797,-0.202649,-1.38481,-0.0143212
4.76623,2.54227,0.271521,-2.72825,-1.75778,-0.202859,-1.38514,-0.014208
4.76756,2.54213,0.271134,-2.72834,-1.75759,-0.20307,-1.38547,-0.0140948
4.76872,2.54199,0.270746,-2.72843,-1.7574,-0.20328,-1.3858,-0.0139818
4.77004,2.54171,0.26997,-2.72862,-1.75702,-0.203699,-1.38646,-0.0137563
4.77139,2.54157,0.269582,-2.72871,-1.75684,-0.203908,-1.38679,-0.0136437
4.77255,2.54143,0.269193,-2.7288,-1.75665,-0.204117,-1.38712,-0.0135312
4.77321,2.54129,0.268804,-2.7289,-1.75646,-0.204325,-1.38745,-0.0134189
4.77436,2.54115,0.268415,-2.72899,-1.75627,-0.204534,-1.38778,-0.0133067
4.77623,2.54101,0.268026,-2.72908,-1.75607,-0.204742,-1.38811,-0.0131946
4.77745,2.54074,0.267246,-2.72926,-1.75569,-0.205157,-1.38877,-0.0129709
4.77857,2.5406,0.266856,-2.72935,-1.7555,-0.205364,-1.3891,-0.0128593
4.77923,2.54046,0.266466,-2.72944,-1.75531,-0.205571,-1.38943,-0.0127478
4.78057,2.54032,0.266076,-2.72954,-1.75512,-0.205778,-1.38976,-0.0126364
4.78127,2.54018,0.265685,-2.72963,-1.75492,-0.205985,-1.39009,-0.0125251
4.78231,2.54005,0.265294,-2.72972,-1.75473,-0.206191,-1.39042,-0.012414
4.78348,2.53991,0.264903,-2.72981,-1.75454,-0.206397,-1.39075,-0.012303
4.78462,2.53977,0.264511,-2.7299,-1.75434,-0.206602,-1.39108,-0.0121922
4.7853,2.53963,0.26412,-2.72999,-1.75415,-0.206808,-1.39141,-0.0120815
4.7865,2.5395,0.263728,-2.73008,-1.75395,-0.207013,-1.39174,-0.011971
4.78769,2.53936,0.263336,-2.73017,-1.75376,-0.207218,-1.39207,-0.0118605
4.7883,2.53922,0.262944,-2.73026,-1.75356,-0.207422,-1.3924,-0.0117502
4.78947,2.53909,0.262551,-2.73035,-1.75337,-0.207627,-1.39273,-0.0116401
4.79063,2.53895,0.262158,-2.73043,-1.75317,-0.207831,-1.39306,-0.0115301
4.79125,2.53882,0.261765,-2.73052,-1.75298,-0.208035,-1.39339,-0.0114202
4.79299,2.53868,0.261372,-2.73061,-1.75278,-0.208238,-1.39372,-0.0113104
4.79451,2.53854,0.260979,-2.7307,-1.75258,-0.208441,-1.39405,-0.0112008
4.79472,2.53841,0.260585,-2.73079,-1.75239,-0.208644,-1.39439,-0.0110913
4.79586,2.53827,0.260192,-2.73088,-1.75219,-0.208847,-1.39472,-0.0109819
4.79758,2.53814,0.259798,-2.73097,-1.75199,-0.209049,-1.39505,-0.0108727
4.79986,2.538,0.259403,-2.73105,-1.75179,-0.209252,-1.39538,-0.0107636
4.80051,2.53787,0.259009,-2.73114,-1.75159,-0.209454,-1.39571,-0.0106547
4.80166,2.53773,0.258614,-2.73123,-1.75139,-0.209655,-1.39604,-0.0105458
4.80283,2.5376,0.258219,-2.73132,-1.7512,-0.209857,-1.39637,-0.0104371
4.80404,2.53746,0.257824,-2.7314,-1.751,-0.210058,-1.3967,-0.0103286
4.8048,2.53733,0.257428,-2.73149,-1.7508,-0.210259,-1.39704,-0.0102202
4.80576,2.5372,0.257033,-2.73158,-1.7506,-0.210459,-1.39737,-0.0101119
4.80777,2.53706,0.256637,-2.73167,-1.75039,-0.21066,-1.3977,-0.0100037
4.80783,2.53693,0.25624,-2.73175,-1.75019,-0.21086,-1.39803,-0.00989568
4.80903,2.5368,0.255844,-2.73184,-1.74999,-0.21106,-1.39836,-0.00978777
4.80962,2.53666,0.255447,-2.73193,-1.74979,-0.211259,-1.3987,-0.00967999
4.81082,2.53653,0.25505,-2.73201,-1.74959,-0.211459,-1.39903,-0.00957234
4.812,2.5364,0.254653,-2.7321,-1.74939,-0.211658,-1.39936,-0.00946483
4.81264,2.53626,0.254255,-2.73218,-1.74918,-0.211856,-1.39969,-0.00935745
4.81378,2.53613,0.253858,-2.73227,-1.74898,-0.212055,-1.40003,-0.00925019
4.81494,2.536,0.25346,-2.73235,-1.74878,-0.212253,-1.40036,-0.00914307
4.8161,2.53587,0.253061,-2.73244,-1.74857,-0.212451,-1.40069,-0.00903609
4.81724,2.53573,0.252663,-2.73253,-1.74837,-0.212649,-1.40102,-0.00892924
4.8184,2.5356,0.252264,-2.73261,-1.74816,-0.212846,-1.40136,-0.00882254
4.81902,2.53547,0.251866,-2.7327,-1.74796,-0.213043,-1.40169,-0.00871596
4.82022,2.53534,0.251467,-2.73278,-1.74775,-0.21324,-1.40202,-0.00860952
4.82086,2.53521,0.251067,-2.73286,-1.74755,-0.213437,-1.40235,-0.00850321
4.82209,2.53508,0.250668,-2.73295,-1.74734,-0.213633,-1.40269,-0.00839703
4.82324,2.53495,0.250268,-2.73303,-1.74713,-0.213829,-1.40302,-0.00829099
4.8245,2.53481,0.249868,-2.73312,-1.74693,-0.214025,-1.40335,-0.00818508
4.82516,2.53468,0.249468,-2.7332,-1.74672,-0.214221,-1.40369,-0.00807931
4.82639,2.53455,0.249068,-2.73329,-1.74651,-0.214416,-1.40402,-0.00797365
4.82757,2.53442,0.248667,-2.73337,-1.7463,-0.214611,-1.40435,-0.00786813
4.82818,2.53429,0.248266,-2.73345,-1.7461,-0.214806,-1.40469,-0.00776274
4.82948,2.53416,0.247866,-2.73354,-1.74589,-0.215,-1.40502,-0.00765747
4.83013,2.53403,0.247464,-2.73362,-1.74568,-0.215194,-1.40535,-0.00755232
4.83125,2.5339,0.247063,-2.7337,-1.74547,-0.215388,-1.40569,-0.00744731
4.83271,2.53377,0.246662,-2.73379,-1.74526,-0.215582,-1.40602,-0.00734241
4.83306,2.53364,0.24626,-2.73387,-1.74505,-0.215775,-1.40635,-0.00723764
4.83447,2.53352,0.245858,-2.73395,-1.74484,-0.215968,-1.40669,-0.007133
4.83554,2.53339,0.245456,-2.73403,-1.74463,-0.216161,-1.40702,-0.00702848
4.83668,2.53326,0.245053,-2.73411,-1.74442,-0.216353,-1.40736,-0.00692409
4.83732,2.53313,0.244651,-2.7342,-1.74421,-0.216545,-1.40769,-0.00681982
4.83914,2.533,0.244248,-2.73428,-1.744,-0.216737,-1.40802,-0.00671567
4.83922,2.53287,0.243845,-2.73436,-1.74378,-0.216929,-1.40836,-0.00661163
4.84037,2.53274,0.243442,-2.73444,-1.74357,-0.217121,-1.40869,-0.00650771
4.84158,2.53262,0.243039,-2.73452,-1.74336,-0.217312,-1.40903,-0.00640392
4.84219,2.53249,0.242635,-2.73461,-1.74315,-0.217503,-1.40936,-0.00630024
4.84338,2.53236,0.242232,-2.73469,-1.74293,-0.217693,-1.40969,-0.00619669
4.84457,2.53223,0.241828,-2.73477,-1.74272,-0.217884,-1.41003,-0.00609327
4.84516,2.53211,0.241424,-2.73485,-1.74251,-0.218074,-1.41036,-0.00598996
4.84634,2.53198,0.24102,-2.73493,-1.74229,-0.218263,-1.4107,-0.00588678
4.84751,2.53185,0.240615,-2.73501,-1.74208,-0.218453,-1.41103,-0.00578372
4.84813,2.53173,0.240211,-2.73509,-1.74186,-0.218642,-1.41137,-0.00568078
4.84931,2.5316,0.239806,-2.73517,-1.74165,-0.218831,-1.4117,-0.00557796
4.8505,2.53147,0.239401,-2.73525,-1.74143,-0.21902,-1.41203,-0.00547527
4.85178,2.53135,0.238996,-2.73533,-1.74122,-0.219208,-1.41237,-0.00537269
4.85235,2.53122,0.238591,-2.73541,-1.741,-0.219396,-1.4127,-0.00527023
4.85351,2.5311,0.238186,-2.73549,-1.74078,-0.219584,-1.41304,-0.00516789
4.85469,2.53097,0.23778,-2.73557,-1.74057,-0.219772,-1.41337,-0.00506567
4.85531,2.53085,0.237375,-2.73565,-1.74035,-0.219959,-1.41371,-0.00496356
4.85651,2.53072,0.236969,-2.73573,-1.74013,-0.220146,-1.41404,-0.00486157
4.85769,2.5306,0.236563,-2.73581,-1.73991,-0.220333,-1.41438,-0.00475971
4.85833,2.53047,0.236157,-2.73589,-1.7397,-0.220519,-1.41471,-0.00465796
4.85957,2.53035,0.23575,-2.73596,-1.73948,-0.220706,-1.41505,-0.00455633
4.86071,2.53022,0.235344,-2.73604,-1.73926,-0.220891,-1.41538,-0.00445482
4.86135,2.5301,0.234937,-2.73612,-1.73904,-0.221077,-1.41571,-0.00435342
4.86253,2.52997,0.23453,-2.7362,-1.73882,-0.221262,-1.41605,-0.00425214
4.86367,2.52985,0.234123,-2.73628,-1.7386,-0.221448,-1.41638,-0.00415098
4.86429,2.52973,0.233716,-2.73636,-1.73838,-0.221632,-1.41672,-0.00404993
4.86551,2.5296,0.233309,-2.73643,-1.73816,-0.221817,-1.41705,-0.00394899
4.86662,2.52948,0.232902,-2.73651,-1.73794,-0.222001,-1.41739,-0.00384817
4.86738,2.52936,0.232494,-2.73659,-1.73772,-0.222185,-1.41772,-0.00374747
4.86847,2.52923,0.232086,-2.73667,-1.7375,-0.222369,-1.41806,-0.00364688
4.86962,2.52911,0.231679,-2.73674,-1.73728,-0.222552,-1.41839,-0.00354642
4.87026,2.52899,0.231271,-2.73682,-1.73705,-0.222735,-1.41873,-0.00344607
4.87142,2.52886,0.230862,-2.7369,-1.73683,-0.222918,-1.41906,-0.00334583
4.87259,2.52874,0.230454,-2.73698,-1.73661,-0.223101,-1.4194,-0.00324572
4.87322,2.52862,0.230046,-2.73705,-1.73639,-0.223283,-1.41973,-0.00314572
4.87439,2.5285,0.229637,-2.73713,-1.73616,-0.223465,-1.42007,-0.00304583
4.87552,2.52838,0.229229,-2.73721,-1.73594,-0.223647,-1.4204,-0.00294607
4.87671,2.52825,0.22882,-2.73728,-1.73572,-0.223829,-1.42074,-0.00284641
4.87735,2.52813,0.228411,-2.73736,-1.73549,-0.22401,-1.42107,-0.00274687
4.8785,2.52801,0.228002,-2.73743,-1.73527,-0.224191,-1.42141,-0.00264744
4.87961,2.52789,0.227593,-2.73751,-1.73504,-0.224371,-1.42174,-0.00254812
4.88023,2.52777,0.227184,-2.73759,-1.73482,-0.224552,-1.42208,-0.00244891
4.8814,2.52765,0.226774,-2.73766,-1.73459,-0.224732,-1.42242,-0.00234981
4.8826,2.52753,0.226365,-2.73774,-1.73437,-0.224912,-1.42275,-0.00225083
4.88376,2.52741,0.225955,-2.73781,-1.73414,-0.225091,-1.42309,-0.00215196
4.8844,2.52729,0.225545,-2.73789,-1.73391,-0.22527,-1.42342,-0.00205321
4.88552,2.52717,0.225135,-2.73796,-1.73369,-0.225449,-1.42376,-0.00195456
4.88669,2.52705,0.224725,-2.73804,-1.73346,-0.225628,-1.42409,-0.00185602
4.88734,2.52693,0.224315,-2.73811,-1.73323,-0.225807,-1.42443,-0.00175759
4.88847,2.52681,0.223905,-2.73819,-1.73301,-0.225985,-1.42476,-0.00165927
4.88963,2.52669,0.223495,-2.73826,-1.73278,-0.226163,-1.4251,-0.00156107
4.89087,2.52657,0.223084,-2.73833,-1.73255,-0.22634,-1.42543,-0.00146297
4.89151,2.52645,0.222673,-2.73841,-1.73232,-0.226517,-1.42577,-0.00136497
4.89268,2.52633,0.222263,-2.73848,-1.73209,-0.226695,-1.4261,-0.00126709
4.89386,2.52622,0.221852,-2.73856,-1.73187,-0.226871,-1.42644,-0.00116931
4.89466,2.5261,0.221441,-2.73863,-1.73164,-0.227048,-1.42677,-0.00107165
4.89567,2.52598,0.22103,-2.7387,-1.73141,-0.227224,-1.42711,-0.00097409
4.89652,2.52586,0.220619,-2.73878,-1.73118,-0.2274,-1.42744,-0.000876638
4.8977,2.52574,0.220207,-2.73885,-1.73095,-0.227576,-1.42778,-0.000779296
4.89841,2.52563,0.219796,-2.73892,-1.73072,-0.227751,-1.42812,-0.000682059
4.89955,2.52551,0.219384,-2.739,-1.73049,-0.227926,-1.42845,-0.000584931
4.90069,2.52539,0.218973,-2.73907,-1.73025,-0.228101,-1.42879,-0.00048791
4.90187,2.52527,0.218561,-2.73914,-1.73002,-0.228275,-1.42912,-0.000390992
4.90253,2.52516,0.218149,-2.73921,-1.72979,-0.22845,-1.42946,-0.000294184
4.90363,2.52504,0.217737,-2.73929,-1.72956,-0.228624,-1.42979,-0.000197479
4.90482,2.52492,0.217325,-2.73936,-1.72933,-0.228797,-1.43013,-0.000100883
4.90553,2.52481,0.216913,-2.73943,-1.72909,-0.228971,-1.43046,-4.39188e-06
4.90668,2.52469,0.216501,-2.7395,-1.72886,-0.229144,-1.4308,9.19963e-05
4.90781,2.52458,0.216089,-2.73958,-1.72863,-0.229317,-1.43113,0.000188277
4.90873,2.52446,0.215676,-2.73965,-1.7284,-0.229489,-1.43147,0.000284455
4.90963,2.52434,0.215264,-2.73972,-1.72816,-0.229662,-1.4318,0.000380526
4.911,2.52423,0.214851,-2.73979,-1.72793,-0.229834,-1.43214,0.000476493
4.91161,2.52411,0.214439,-2.73986,-1.72769,-0.230005,-1.43248,0.000572359
4.91281,2.524,0.214026,-2.73993,-1.72746,-0.230177,-1.43281,0.000668119
4.91349,2.52388,0.213613,-2.74,-1.72722,-0.230348,-1.43315,0.000763777
4.91461,2.52377,0.2132,-2.74007,-1.72699,-0.230519,-1.43348,0.000859331
4.91579,2.52366,0.212787,-2.74015,-1.72675,-0.230689,-1.43382,0.000954781
4.91637,2.52354,0.212374,-2.74022,-1.72652,-0.23086,-1.43415,0.00105013
4.91753,2.52343,0.211961,-2.74029,-1.72628,-0.23103,-1.43449,0.00114538
4.91869,2.52331,0.211548,-2.74036,-1.72605,-0.2312,-1.43482,0.00124052
4.91985,2.5232,0.211135,-2.74043,-1.72581,-0.231369,-1.43516,0.00133557
4.92053,2.52309,0.210721,-2.7405,-1.72557,-0.231538,-1.43549,0.00143051
4.92167,2.52297,0.210308,-2.74057,-1.72534,-0.231707,-1.43583,0.00152535
4.92287,2.52286,0.209894,-2.74064,-1.7251,-0.231876,-1.43616,0.00162009
4.92359,2.52275,0.20948,-2.74071,-1.72486,-0.232044,-1.4365,0.00171472
4.92472,2.52263,0.209067,-2.74078,-1.72462,-0.232212,-1.43683,0.00180926
4.92589,2.52252,0.208653,-2.74085,-1.72438,-0.23238,-1.43717,0.0019037
4.92656,2.52241,0.208239,-2.74092,-1.72415,-0.232548,-1.4375,0.00199804
4.92772,2.52229,0.207825,-2.74098,-1.72391,-0.232715,-1.43784,0.00209228
4.9289,2.52218,0.207411,-2.74105,-1.72367,-0.232882,-1.43818,0.00218642
4.92959,2.52207,0.206997,-2.74112,-1.72343,-0.233049,-1.43851,0.00228046
4.93089,2.52196,0.206583,-2.74119,-1.72319,-0.233215,-1.43885,0.0023744
4.93197,2.52185,0.206169,-2.74126,-1.72295,-0.233381,-1.43918,0.00246825
4.93261,2.52174,0.205754,-2.74133,-1.72271,-0.233547,-1.43952,0.002562
4.93375,2.52162,0.20534,-2.7414,-1.72247,-0.233713,-1.43985,0.00265564
4.93493,2.52151,0.204925,-2.74147,-1.72223,-0.233878,-1.44019,0.0027492
4.93562,2.5214,0.204511,-2.74153,-1.72199,-0.234043,-1.44052,0.00284265
4.9367,2.52129,0.204096,-2.7416,-1.72175,-0.234208,-1.44086,0.00293601
4.93853,2.52107,0.203267,-2.74174,-1.72126,-0.234536,-1.44153,0.00312243
4.93974,2.52096,0.202852,-2.7418,-1.72102,-0.2347,-1.44186,0.00321549
4.94151,2.52085,0.202437,-2.74187,-1.72078,-0.234864,-1.4422,0.00330846
4.94268,2.52063,0.201608,-2.74201,-1.72029,-0.23519,-1.44287,0.00349411
4.94378,2.52052,0.201192,-2.74207,-1.72005,-0.235353,-1.4432,0.0035868
4.94568,2.5203,0.200362,-2.74221,-1.71956,-0.235678,-1.44387,0.00377191
4.94687,2.52019,0.199947,-2.74227,-1.71932,-0.23584,-1.44421,0.00386433
4.94778,2.52008,0.199532,-2.74234,-1.71907,-0.236001,-1.44454,0.00395666
4.94897,2.51998,0.199116,-2.74241,-1.71883,-0.236163,-1.44488,0.00404889
4.94962,2.51987,0.198701,-2.74247,-1.71858,-0.236324,-1.44521,0.00414103
4.9517,2.51976,0.198285,-2.74254,-1.71834,-0.236484,-1.44555,0.00423307
4.95197,2.51965,0.19787,-2.74261,-1.71809,-0.236645,-1.44588,0.00432502
4.95264,2.51954,0.197454,-2.74267,-1.71785,-0.236805,-1.44622,0.00441687
4.95378,2.51943,0.197039,-2.74274,-1.7176,-0.236965,-1.44655,0.00450864
4.95495,2.51933,0.196623,-2.7428,-1.71735,-0.237125,-1.44689,0.00460031
4.9567,2.51922,0.196207,-2.74287,-1.71711,-0.237284,-1.44722,0.00469189
4.95707,2.51911,0.195792,-2.74293,-1.71686,-0.237443,-1.44756,0.00478339
4.95796,2.51901,0.195376,-2.743,-1.71661,-0.237602,-1.44789,0.00487479
4.95909,2.5189,0.19496,-2.74306,-1.71637,-0.237761,-1.44823,0.0049661
4.95979,2.51879,0.194544,-2.74313,-1.71612,-0.237919,-1.44856,0.00505733
4.9612,2.51868,0.194128,-2.74319,-1.71587,-0.238077,-1.4489,0.00514846
4.96204,2.51858,0.193712,-2.74326,-1.71562,-0.238235,-1.44923,0.00523951
4.96317,2.51847,0.193296,-2.74332,-1.71537,-0.238392,-1.44957,0.00533046
4.96416,2.51837,0.19288,-2.74339,-1.71512,-0.238549,-1.4499,0.00542131
4.96479,2.51826,0.192464,-2.74345,-1.71488,-0.238706,-1.45023,0.00551206
4.96595,2.51815,0.192048,-2.74352,-1.71463,-0.238862,-1.45057,0.00560273
4.96708,2.51805,0.191631,-2.74358,-1.71438,-0.239019,-1.4509,0.00569329
4.96828,2.51794,0.191215,-2.74365,-1.71413,-0.239175,-1.45124,0.00578377
4.96893,2.51784,0.190799,-2.74371,-1.71388,-0.23933,-1.45157,0.00587415
4.97007,2.51773,0.190383,-2.74377,-1.71363,-0.239486,-1.45191,0.00596445
4.97125,2.51763,0.189966,-2.74384,-1.71338,-0.239641,-1.45224,0.00605465
4.97186,2.51752,0.18955,-2.7439,-1.71312,-0.239796,-1.45258,0.00614476
4.97308,2.51742,0.189134,-2.74396,-1.71287,-0.23995,-1.45291,0.00623478
4.97372,2.51731,0.188718,-2.74403,-1.71262,-0.240104,-1.45324,0.00632472
4.97598,2.51721,0.188301,-2.74409,-1.71237,-0.240258,-1.45358,0.00641457
4.97716,2.517,0.187468,-2.74422,-1.71187,-0.240565,-1.45425,0.006594
4.97894,2.5169,0.187052,-2.74428,-1.71161,-0.240718,-1.45458,0.0066836
4.9801,2.51669,0.186219,-2.74441,-1.71111,-0.241024,-1.45525,0.00686255
4.98137,2.51659,0.185803,-2.74447,-1.71086,-0.241176,-1.45558,0.00695191
4.98241,2.51649,0.185386,-2.74453,-1.7106,-0.241328,-1.45592,0.00704117
4.98308,2.51638,0.184969,-2.74459,-1.71035,-0.241479,-1.45625,0.00713036
4.98486,2.51628,0.184553,-2.74465,-1.71009,-0.241631,-1.45659,0.00721948
4.98601,2.51607,0.18372,-2.74478,-1.70959,-0.241933,-1.45725,0.00739746
4.9872,2.51597,0.183303,-2.74484,-1.70933,-0.242083,-1.45759,0.00748634
4.9884,2.51587,0.182886,-2.7449,-1.70908,-0.242234,-1.45792,0.00757515
4.98901,2.51577,0.18247,-2.74496,-1.70882,-0.242383,-1.45825,0.00766387
4.99018,2.51567,0.182053,-2.74502,-1.70856,-0.242533,-1.45859,0.00775252
4.99078,2.51557,0.181636,-2.74509,-1.70831,-0.242683,-1.45892,0.0078411
4.99196,2.51546,0.181219,-2.74515,-1.70805,-0.242832,-1.45926,0.00792959
4.99312,2.51536,0.180803,-2.74521,-1.7078,-0.242981,-1.45959,0.008018
4.99428,2.51526,0.180386,-2.74527,-1.70754,-0.243129,-1.45992,0.00810634
4.99496,2.51516,0.179969,-2.74533,-1.70728,-0.243277,-1.46026,0.0081946
4.99618,2.51506,0.179552,-2.74539,-1.70703,-0.243425,-1.46059,0.00828278
4.99678,2.51496,0.179135,-2.74545,-1.70677,-0.243573,-1.46092,0.00837089
4.99796,2.51486,0.178719,-2.74551,-1.70651,-0.243721,-1.46126,0.00845892
4.99914,2.51476,0.178302,-2.74557,-1.70625,-0.243868,-1.46159,0.00854688
5.00032,2.51466,0.177885,-2.74563,-1.706,-0.244015,-1.46192,0.00863476
5.00098,2.51456,0.177468,-2.74569,-1.70574,-0.244161,-1.46226,0.00872256
5.00212,2.51446,0.177051,-2.74575,-1.70548,-0.244308,-1.46259,0.00881028
5.00334,2.51436,0.176634,-2.74581,-1.70522,-0.244454,-1.46292,0.00889793
5.00454,2.51426,0.176218,-2.74587,-1.70496,-0.244599,-1.46326,0.00898551
5.00587,2.51416,0.175801,-2.74593,-1.7047,-0.244745,-1.46359,0.00907301
5.00593,2.51406,0.175384,-2.74599,-1.70444,-0.24489,-1.46392,0.00916043
5.00707,2.51396,0.174967,-2.74605,-1.70418,-0.245035,-1.46426,0.00924778
5.00823,2.51386,0.17455,-2.74611,-1.70392,-0.245179,-1.46459,0.00933505
5.00966,2.51377,0.174134,-2.74617,-1.70366,-0.245324,-1.46492,0.00942223
5.01005,2.51367,0.173717,-2.74623,-1.7034,-0.245468,-1.46526,0.00950933
5.0112,2.51357,0.1733,-2.74629,-1.70314,-0.245611,-1.46559,0.00959636
5.01312,2.51347,0.172883,-2.74635,-1.70288,-0.245755,-1.46592,0.0096833
5.01319,2.51337,0.172466,-2.74641,-1.70262,-0.245898,-1.46626,0.00977017
5.01435,2.51328,0.17205,-2.74647,-1.70236,-0.246041,-1.46659,0.00985697
5.01495,2.51318,0.171633,-2.74652,-1.7021,-0.246183,-1.46692,0.00994368
5.01608,2.51308,0.171216,-2.74658,-1.70184,-0.246326,-1.46725,0.0100303
5.01724,2.51298,0.170799,-2.74664,-1.70157,-0.246468,-1.46759,0.0101169
5.01846,2.51289,0.170383,-2.7467,-1.70131,-0.246609,-1.46792,0.0102034
5.01963,2.51279,0.169966,-2.74676,-1.70105,-0.246751,-1.46825,0.0102898
5.02085,2.51269,0.169549,-2.74682,-1.70079,-0.246892,-1.46858,0.0103762
5.02205,2.5126,0.169133,-2.74687,-1.70052,-0.247033,-1.46892,0.0104624
5.02209,2.5125,0.168716,-2.74693,-1.70026,-0.247173,-1.46925,0.0105487
5.02338,2.5124,0.168299,-2.74699,-1.7,-0.247313,-1.46958,0.0106348
5.02453,2.51231,0.167883,-2.74705,-1.69973,-0.247453,-1.46991,0.0107209
5.02518,2.51221,0.167466,-2.7471,-1.69947,-0.247593,-1.47025,0.0108069
5.02633,2.51211,0.167049,-2.74716,-1.6992,-0.247732,-1.47058,0.0108928
5.02753,2.51202,0.166633,-2.74722,-1.69894,-0.247871,-1.47091,0.0109787
5.02818,2.51192,0.166216,-2.74728,-1.69868,-0.24801,-1.47124,0.0110645
5.02934,2.51183,0.165799,-2.74733,-1.69841,-0.248149,-1.47157,0.0111502
5.03057,2.51173,0.165383,-2.74739,-1.69815,-0.248287,-1.47191,0.0112359
5.03113,2.51164,0.164966,-2.74745,-1.69788,-0.248425,-1.47224,0.0113215
5.03231,2.51154,0.16455,-2.7475,-1.69761,-0.248563,-1.47257,0.011407
5.03354,2.51145,0.164133,-2.74756,-1.69735,-0.2487,-1.4729,0.0114924
5.03415,2.51135,0.163717,-2.74762,-1.69708,-0.248837,-1.47323,0.0115778
5.03595,2.51126,0.1633,-2.74767,-1.69682,-0.248974,-1.47357,0.0116631
5.03654,2.51116,0.162884,-2.74773,-1.69655,-0.24911,-1.4739,0.0117484
5.03715,2.51107,0.162467,-2.74779,-1.69628,-0.249246,-1.47423,0.0118336
5.03894,2.51098,0.162051,-2.74784,-1.69602,-0.249382,-1.47456,0.0119187
5.03954,2.51088,0.161634,-2.7479,-1.69575,-0.249518,-1.47489,0.0120037
5.04073,2.51079,0.161218,-2.74796,-1.69548,-0.249653,-1.47522,0.0120887
5.04136,2.5107,0.160802,-2.74801,-1.69521,-0.249788,-1.47556,0.0121737
5.04263,2.5106,0.160385,-2.74807,-1.69495,-0.249923,-1.47589,0.0122585
5.04366,2.51051,0.159969,-2.74812,-1.69468,-0.250058,-1.47622,0.0123433
5.04432,2.51042,0.159553,-2.74818,-1.69441,-0.250192,-1.47655,0.0124281
5.04546,2.51032,0.159136,-2.74823,-1.69414,-0.250326,-1.47688,0.0125127
5.04662,2.51023,0.15872,-2.74829,-1.69387,-0.250459,-1.47721,0.0125973
5.0476,2.51014,0.158304,-2.74834,-1.6936,-0.250592,-1.47754,0.0126819
5.04861,2.51004,0.157888,-2.7484,-1.69333,-0.250725,-1.47787,0.0127664
5.05036,2.50995,0.157472,-2.74845,-1.69306,-0.250858,-1.47821,0.0128508
5.05091,2.50986,0.157056,-2.74851,-1.69279,-0.250991,-1.47854,0.0129352
5.05162,2.50977,0.15664,-2.74856,-1.69252,-0.251123,-1.47887,0.0130195
5.05335,2.50968,0.156223,-2.74862,-1.69225,-0.251255,-1.4792,0.0131037
5.05366,2.50958,0.155807,-2.74867,-1.69198,-0.251386,-1.47953,0.0131879
5.0548,2.50949,0.155391,-2.74873,-1.69171,-0.251517,-1.47986,0.013272
5.05556,2.5094,0.154975,-2.74878,-1.69144,-0.251648,-1.48019,0.0133561
5.05773,2.50931,0.154559,-2.74884,-1.69117,-0.251779,-1.48052,0.0134401
5.05893,2.50913,0.153728,-2.74895,-1.69063,-0.25204,-1.48118,0.0136079
5.06009,2.50904,0.153312,-2.749,-1.69036,-0.252169,-1.48151,0.0136918
5.06072,2.50895,0.152896,-2.74905,-1.69008,-0.252299,-1.48184,0.0137755
5.06187,2.50886,0.15248,-2.74911,-1.68981,-0.252428,-1.48218,0.0138593
5.06303,2.50877,0.152064,-2.74916,-1.68954,-0.252557,-1.48251,0.0139429
5.06421,2.50868,0.151649,-2.74922,-1.68927,-0.252686,-1.48284,0.0140265
5.06491,2.50858,0.151233,-2.74927,-1.68899,-0.252814,-1.48317,0.0141101
5.06707,2.50849,0.150817,-2.74932,-1.68872,-0.252942,-1.4835,0.0141936
5.06826,2.50832,0.149986,-2.74943,-1.68817,-0.253198,-1.48416,0.0143604
5.06888,2.50823,0.149571,-2.74948,-1.6879,-0.253325,-1.48449,0.0144437
5.07007,2.50814,0.149156,-2.74954,-1.68763,-0.253452,-1.48482,0.0145269
5.07122,2.50805,0.14874,-2.74959,-1.68735,-0.253578,-1.48515,0.0146101
5.07246,2.50796,0.148325,-2.74964,-1.68708,-0.253705,-1.48548,0.0146933
5.07302,2.50787,0.14791,-2.74969,-1.6868,-0.253831,-1.48581,0.0147763
5.07421,2.50778,0.147495,-2.74975,-1.68653,-0.253956,-1.48614,0.0148593
5.07539,2.50769,0.14708,-2.7498,-1.68625,-0.254082,-1.48647,0.0149423
5.07657,2.5076,0.146665,-2.74985,-1.68598,-0.254207,-1.4868,0.0150252
5.07783,2.50751,0.14625,-2.74991,-1.6857,-0.254332,-1.48712,0.0151081
5.0779,2.50743,0.145835,-2.74996,-1.68543,-0.254456,-1.48745,0.0151909
5.07963,2.50734,0.14542,-2.75001,-1.68515,-0.25458,-1.48778,0.0152736
5.08024,2.50725,0.145005,-2.75006,-1.68488,-0.254704,-1.48811,0.0153563
5.08147,2.50716,0.14459,-2.75011,-1.6846,-0.254828,-1.48844,0.0154389
5.08258,2.50707,0.144175,-2.75017,-1.68432,-0.254951,-1.48877,0.0155215
5.0832,2.50699,0.14376,-2.75022,-1.68405,-0.255074,-1.4891,0.0156041
5.08496,2.5069,0.143346,-2.75027,-1.68377,-0.255197,-1.48943,0.0156866
5.08596,2.50681,0.142931,-2.75032,-1.68349,-0.255319,-1.48976,0.015769
5.08679,2.50672,0.142517,-2.75037,-1.68322,-0.255442,-1.49009,0.0158514
5.08735,2.50664,0.142102,-2.75042,-1.68294,-0.255563,-1.49042,0.0159337
5.08872,2.50655,0.141688,-2.75048,-1.68266,-0.255685,-1.49075,0.016016
5.08974,2.50646,0.141273,-2.75053,-1.68238,-0.255806,-1.49107,0.0160982
5.09045,2.50638,0.140859,-2.75058,-1.6821,-0.255927,-1.4914,0.0161804
5.09155,2.50629,0.140445,-2.75063,-1.68183,-0.256048,-1.49173,0.0162626
5.09221,2.5062,0.14003,-2.75068,-1.68155,-0.256168,-1.49206,0.0163446
5.09335,2.50612,0.139616,-2.75073,-1.68127,-0.256288,-1.49239,0.0164267
5.0946,2.50603,0.139202,-2.75078,-1.68099,-0.256408,-1.49272,0.0165087
5.09573,2.50595,0.138788,-2.75083,-1.68071,-0.256528,-1.49305,0.0165906
5.09637,2.50586,0.138374,-2.75088,-1.68043,-0.256647,-1.49337,0.0166725
5.09756,2.50577,0.13796,-2.75094,-1.68015,-0.256766,-1.4937,0.0167544
5.09868,2.50569,0.137546,-2.75099,-1.67987,-0.256884,-1.49403,0.0168362
5.09934,2.5056,0.137133,-2.75104,-1.67959,-0.257003,-1.49436,0.0169179
5.10049,2.50552,0.136719,-2.75109,-1.67931,-0.257121,-1.49469,0.0169996
5.10165,2.50543,0.136305,-2.75114,-1.67903,-0.257238,-1.49502,0.0170813
5.10222,2.50535,0.135892,-2.75119,-1.67875,-0.257356,-1.49534,0.0171629
5.10396,2.50526,0.135478,-2.75124,-1.67847,-0.257473,-1.49567,0.0172445
5.10534,2.50509,0.134652,-2.75134,-1.67791,-0.257706,-1.49633,0.0174075
5.10704,2.50501,0.134239,-2.75139,-1.67763,-0.257822,-1.49665,0.0174889
5.10856,2.50484,0.133412,-2.75149,-1.67707,-0.258054,-1.49731,0.0176516
5.11014,2.50476,0.132999,-2.75154,-1.67678,-0.258169,-1.49764,0.017733
5.11147,2.50467,0.132586,-2.75159,-1.6765,-0.258284,-1.49796,0.0178142
5.11151,2.50459,0.132174,-2.75164,-1.67622,-0.258399,-1.49829,0.0178954
5.11266,2.50451,0.131761,-2.75168,-1.67594,-0.258513,-1.49862,0.0179766
5.11385,2.50442,0.131348,-2.75173,-1.67566,-0.258628,-1.49895,0.0180577
5.11668,2.50434,0.130935,-2.75178,-1.67537,-0.258741,-1.49927,0.0181388
5.11838,2.50426,0.130523,-2.75183,-1.67509,-0.258855,-1.4996,0.0182199
5.11961,2.50417,0.13011,-2.75188,-1.67481,-0.258968,-1.49993,0.0183009
5.12071,2.50409,0.129698,-2.75193,-1.67452,-0.259081,-1.50025,0.0183818
5.12138,2.50401,0.129286,-2.75198,-1.67424,-0.259194,-1.50058,0.0184628
5.1227,2.50392,0.128873,-2.75203,-1.67396,-0.259306,-1.50091,0.0185437
5.12373,2.50384,0.128461,-2.75208,-1.67367,-0.259418,-1.50124,0.0186245
5.12549,2.50376,0.128049,-2.75213,-1.67339,-0.25953,-1.50156,0.0187054
5.12719,2.50368,0.127636,-2.75217,-1.6731,-0.259641,-1.50189,0.0187862
5.12836,2.50359,0.127224,-2.75222,-1.67282,-0.259752,-1.50222,0.0188669
5.13011,2.50351,0.126812,-2.75227,-1.67253,-0.259863,-1.50254,0.0189476
5.1313,2.50335,0.125988,-2.75237,-1.67196,-0.260083,-1.5032,0.019109
5.13299,2.50326,0.125576,-2.75242,-1.67168,-0.260193,-1.50352,0.0191896
5.13421,2.5031,0.124752,-2.75251,-1.67111,-0.260412,-1.50417,0.0193508
5.13533,2.50302,0.12434,-2.75256,-1.67082,-0.260521,-1.5045,0.0194313
5.13705,2.50294,0.123928,-2.75261,-1.67053,-0.260629,-1.50483,0.0195118
5.13839,2.50277,0.123105,-2.7527,-1.66996,-0.260846,-1.50548,0.0196727
5.13899,2.50269,0.122693,-2.75275,-1.66967,-0.260953,-1.50581,0.0197531
5.14099,2.50253,0.12187,-2.75285,-1.6691,-0.261168,-1.50646,0.0199138
5.14207,2.50245,0.121458,-2.75289,-1.66881,-0.261274,-1.50678,0.0199941
5.14325,2.50237,0.121047,-2.75294,-1.66852,-0.261381,-1.50711,0.0200743
5.14446,2.50229,0.120636,-2.75299,-1.66824,-0.261487,-1.50744,0.0201546
5.14504,2.50221,0.120224,-2.75304,-1.66795,-0.261593,-1.50776,0.0202348
5.1463,2.50213,0.119813,-2.75308,-1.66766,-0.261698,-1.50809,0.0203149
5.14744,2.50205,0.119402,-2.75313,-1.66737,-0.261803,-1.50841,0.020395
5.14808,2.50197,0.118991,-2.75318,-1.66708,-0.261908,-1.50874,0.0204751
5.14922,2.50189,0.118581,-2.75322,-1.66679,-0.262012,-1.50907,0.0205552
5.15039,2.50181,0.11817,-2.75327,-1.6665,-0.262117,-1.50939,0.0206352
5.15176,2.50173,0.117759,-2.75332,-1.66622,-0.26222,-1.50972,0.0207152
5.15217,2.50165,0.117349,-2.75336,-1.66593,-0.262324,-1.51004,0.0207951
5.15348,2.50157,0.116938,-2.75341,-1.66564,-0.262427,-1.51037,0.020875
5.15407,2.50149,0.116528,-2.75346,-1.66535,-0.26253,-1.51069,0.0209549
5.15527,2.50141,0.116117,-2.7535,-1.66506,-0.262633,-1.51102,0.0210348
5.1565,2.50133,0.115707,-2.75355,-1.66477,-0.262735,-1.51134,0.0211146
5.15733,2.50125,0.115297,-2.7536,-1.66448,-0.262837,-1.51167,0.0211944
5.15849,2.50117,0.114887,-2.75364,-1.66419,-0.262939,-1.51199,0.0212742
5.15966,2.50109,0.114477,-2.75369,-1.6639,-0.26304,-1.51232,0.0213539
5.1604,2.50102,0.114068,-2.75374,-1.66361,-0.263141,-1.51264,0.0214336
5.1615,2.50094,0.113658,-2.75378,-1.66331,-0.263242,-1.51297,0.0215133
5.16209,2.50086,0.113248,-2.75383,-1.66302,-0.263342,-1.51329,0.021593
5.16327,2.50078,0.112839,-2.75387,-1.66273,-0.263442,-1.51361,0.0216726
5.16451,2.5007,0.112429,-2.75392,-1.66244,-0.263542,-1.51394,0.0217522
5.16513,2.50062,0.11202,-2.75397,-1.66215,-0.263642,-1.51426,0.0218318
5.16625,2.50054,0.111611,-2.75401,-1.66186,-0.263741,-1.51459,0.0219113
5.16746,2.50047,0.111202,-2.75406,-1.66157,-0.26384,-1.51491,0.0219908
5.16858,2.50039,0.110793,-2.7541,-1.66127,-0.263938,-1.51524,0.0220703
5.16919,2.50031,0.110385,-2.75415,-1.66098,-0.264037,-1.51556,0.0221497
5.17038,2.50023,0.109976,-2.75419,-1.66069,-0.264134,-1.51588,0.0222292
5.17157,2.50016,0.109567,-2.75424,-1.6604,-0.264232,-1.51621,0.0223086
5.17221,2.50008,0.109159,-2.75428,-1.66011,-0.264329,-1.51653,0.0223879
5.17335,2.5,0.108751,-2.75433,-1.65981,-0.264426,-1.51685,0.0224673
5.17454,2.49992,0.108343,-2.75437,-1.65952,-0.264523,-1.51718,0.0225466
5.1752,2.49985,0.107935,-2.75442,-1.65923,-0.264619,-1.5175,0.0226259
5.17629,2.49977,0.107527,-2.75446,-1.65893,-0.264715,-1.51782,0.0227051
5.1775,2.49969,0.107119,-2.75451,-1.65864,-0.264811,-1.51815,0.0227844
5.17859,2.49961,0.106712,-2.75455,-1.65835,-0.264907,-1.51847,0.0228636
5.17922,2.49954,0.106304,-2.7546,-1.65805,-0.265002,-1.51879,0.0229428
5.18054,2.49946,0.105897,-2.75464,-1.65776,-0.265096,-1.51912,0.0230219
5.18159,2.49938,0.10549,-2.75469,-1.65747,-0.265191,-1.51944,0.023101
5.18224,2.49931,0.105083,-2.75473,-1.65717,-0.265285,-1.51976,0.0231802
5.18339,2.49923,0.104676,-2.75478,-1.65688,-0.265379,-1.52009,0.0232592
5.18454,2.49916,0.104269,-2.75482,-1.65658,-0.265473,-1.52041,0.0233383
5.18569,2.49908,0.103862,-2.75487,-1.65629,-0.265566,-1.52073,0.0234173
5.18637,2.499,0.103456,-2.75491,-1.65599,-0.265659,-1.52105,0.0234963
5.18758,2.49893,0.103049,-2.75495,-1.6557,-0.265751,-1.52137,0.0235753
5.18871,2.49885,0.102643,-2.755,-1.65541,-0.265844,-1.5217,0.0236543
5.18933,2.49878,0.102237,-2.75504,-1.65511,-0.265936,-1.52202,0.0237332
5.19052,2.4987,0.101831,-2.75509,-1.65482,-0.266027,-1.52234,0.0238122
5.19167,2.49863,0.101425,-2.75513,-1.65452,-0.266119,-1.52266,0.0238911
5.19235,2.49855,0.10102,-2.75517,-1.65422,-0.26621,-1.52298,0.02397
5.19352,2.49847,0.100614,-2.75522,-1.65393,-0.266301,-1.52331,0.0240488
5.19461,2.4984,0.100209,-2.75526,-1.65363,-0.266391,-1.52363,0.0241277
5.19632,2.49832,0.0998036,-2.7553,-1.65334,-0.266481,-1.52395,0.0242065
5.19751,2.49817,0.0989936,-2.75539,-1.65275,-0.266661,-1.52459,0.0243641
5.19867,2.4981,0.0985888,-2.75544,-1.65245,-0.26675,-1.52491,0.0244429
5.2004,2.49802,0.0981842,-2.75548,-1.65215,-0.266839,-1.52523,0.0245216
5.20154,2.49788,0.0973753,-2.75556,-1.65156,-0.267016,-1.52588,0.0246791
5.2027,2.4978,0.0969711,-2.75561,-1.65126,-0.267104,-1.5262,0.0247578
5.20338,2.49773,0.096567,-2.75565,-1.65097,-0.267191,-1.52652,0.0248365
5.20456,2.49765,0.0961631,-2.75569,-1.65067,-0.267279,-1.52684,0.0249151
5.20574,2.49758,0.0957593,-2.75574,-1.65037,-0.267366,-1.52716,0.0249938
5.20634,2.4975,0.0953556,-2.75578,-1.65008,-0.267452,-1.52748,0.0250724
5.20763,2.49743,0.0949521,-2.75582,-1.64978,-0.267539,-1.5278,0.025151
5.20871,2.49736,0.0945488,-2.75586,-1.64948,-0.267625,-1.52812,0.0252297
5.20989,2.49728,0.0941456,-2.75591,-1.64918,-0.267711,-1.52844,0.0253082
5.21061,2.49721,0.0937427,-2.75595,-1.64888,-0.267796,-1.52876,0.0253868
5.21172,2.49714,0.0933398,-2.75599,-1.64859,-0.267881,-1.52908,0.0254653
5.213,2.49706,0.0929372,-2.75603,-1.64829,-0.267966,-1.5294,0.0255439
5.21358,2.49699,0.0925347,-2.75608,-1.64799,-0.268051,-1.52972,0.0256224
5.21477,2.49692,0.0921323,-2.75612,-1.64769,-0.268135,-1.53004,0.0257009
5.21667,2.49684,0.0917301,-2.75616,-1.64739,-0.268219,-1.53036,0.0257794
5.21774,2.4967,0.0909263,-2.75625,-1.6468,-0.268386,-1.531,0.0259363
5.21896,2.49662,0.0905246,-2.75629,-1.6465,-0.268469,-1.53132,0.0260147
5.21969,2.49655,0.090123,-2.75633,-1.6462,-0.268551,-1.53164,0.0260931
5.22091,2.49648,0.0897216,-2.75637,-1.6459,-0.268634,-1.53196,0.0261716
5.22209,2.49641,0.0893204,-2.75641,-1.6456,-0.268716,-1.53228,0.02625
5.22273,2.49633,0.0889194,-2.75645,-1.6453,-0.268797,-1.53259,0.0263284
5.22388,2.49626,0.0885185,-2.7565,-1.645,-0.268879,-1.53291,0.0264067
5.22502,2.49619,0.0881178,-2.75654,-1.6447,-0.26896,-1.53323,0.0264851
5.22584,2.49612,0.0877173,-2.75658,-1.6444,-0.269041,-1.53355,0.0265634
5.22699,2.49604,0.087317,-2.75662,-1.64411,-0.269121,-1.53387,0.0266418
5.22811,2.49597,0.0869169,-2.75666,-1.64381,-0.269201,-1.53419,0.0267201
5.22869,2.4959,0.0865169,-2.7567,-1.64351,-0.269281,-1.53451,0.0267984
5.2299,2.49583,0.0861171,-2.75674,-1.64321,-0.269361,-1.53482,0.0268767
5.2311,2.49576,0.0857175,-2.75679,-1.64291,-0.26944,-1.53514,0.026955
5.23173,2.49568,0.085318,-2.75683,-1.64261,-0.269519,-1.53546,0.0270332
5.23294,2.49561,0.0849188,-2.75687,-1.64231,-0.269597,-1.53578,0.0271115
5.2341,2.49554,0.0845197,-2.75691,-1.64201,-0.269676,-1.5361,0.0271897
5.23531,2.49547,0.0841208,-2.75695,-1.6417,-0.269754,-1.53641,0.027268
5.23586,2.4954,0.0837221,-2.75699,-1.6414,-0.269831,-1.53673,0.0273462
5.23708,2.49533,0.0833236,-2.75703,-1.6411,-0.269909,-1.53705,0.0274244
5.23831,2.49526,0.0829253,-2.75707,-1.6408,-0.269986,-1.53736,0.0275026
5.23953,2.49518,0.0825271,-2.75711,-1.6405,-0.270062,-1.53768,0.0275808
5.24005,2.49511,0.0821292,-2.75715,-1.6402,-0.270139,-1.538,0.0276589
5.24179,2.49504,0.0817314,-2.75719,-1.6399,-0.270215,-1.53832,0.0277371
5.24242,2.49497,0.0813338,-2.75723,-1.6396,-0.27029,-1.53863,0.0278153
5.24362,2.4949,0.0809364,-2.75727,-1.6393,-0.270366,-1.53895,0.0278934
5.24533,2.49483,0.0805392,-2.75731,-1.639,-0.270441,-1.53927,0.0279716
5.24652,2.49469,0.0797453,-2.75739,-1.63839,-0.27059,-1.5399,0.0281279
5.24762,2.49462,0.0793485,-2.75743,-1.63809,-0.270664,-1.54021,0.0282061
5.2488,2.49455,0.078952,-2.75747,-1.63779,-0.270738,-1.54053,0.0282842
5.24942,2.49448,0.0785556,-2.75751,-1.63749,-0.270811,-1.54085,0.0283623
5.25136,2.49441,0.0781594,-2.75755,-1.63719,-0.270885,-1.54116,0.0284405
5.25147,2.49434,0.0777634,-2.75759,-1.63688,-0.270958,-1.54148,0.0285186
5.25311,2.49427,0.0773676,-2.75763,-1.63658,-0.27103,-1.54179,0.0285967
5.25374,2.4942,0.0769719,-2.75767,-1.63628,-0.271102,-1.54211,0.0286749
5.25455,2.49413,0.0765765,-2.75771,-1.63598,-0.271174,-1.54243,0.028753
5.25569,2.49406,0.0761812,-2.75775,-1.63568,-0.271246,-1.54274,0.0288311
5.25646,2.49399,0.0757861,-2.75779,-1.63537,-0.271317,-1.54306,0.0289092
5.25753,2.49392,0.0753912,-2.75783,-1.63507,-0.271388,-1.54337,0.0289874
5.25927,2.49385,0.0749965,-2.75787,-1.63477,-0.271459,-1.54369,0.0290655
5.25991,2.49378,0.074602,-2.75791,-1.63446,-0.271529,-1.544,0.0291436
5.26103,2.49371,0.0742077,-2.75795,-1.63416,-0.271599,-1.54432,0.0292217
5.26225,2.49364,0.0738136,-2.75799,-1.63386,-0.271669,-1.54463,0.0292998
5.26286,2.49357,0.0734197,-2.75803,-1.63356,-0.271738,-1.54495,0.0293778
5.26405,2.4935,0.0730259,-2.75806,-1.63325,-0.271807,-1.54526,0.0294559
5.26548,2.49343,0.0726324,-2.7581,-1.63295,-0.271876,-1.54558,0.029534
5.26605,2.49336,0.0722391,-2.75814,-1.63265,-0.271944,-1.54589,0.0296121
5.26667,2.49329,0.071846,-2.75818,-1.63234,-0.272012,-1.5462,0.0296902
5.26845,2.49323,0.071453,-2.75822,-1.63204,-0.27208,-1.54652,0.0297683
5.26971,2.49316,0.0710602,-2.75826,-1.63174,-0.272148,-1.54683,0.0298463
5.26979,2.49309,0.0706677,-2.7583,-1.63143,-0.272215,-1.54715,0.0299244
5.27094,2.49302,0.0702752,-2.75833,-1.63113,-0.272282,-1.54746,0.0300025
5.27206,2.49295,0.069883,-2.75837,-1.63082,-0.272348,-1.54777,0.0300806
5.27271,2.49288,0.069491,-2.75841,-1.63052,-0.272414,-1.54809,0.0301587
5.27389,2.49281,0.0690993,-2.75845,-1.63022,-0.27248,-1.5484,0.0302368
5.27514,2.49274,0.0687077,-2.75849,-1.62991,-0.272546,-1.54871,0.0303149
5.27583,2.49268,0.0683163,-2.75853,-1.62961,-0.272611,-1.54903,0.030393
5.27694,2.49261,0.0679252,-2.75856,-1.6293,-0.272676,-1.54934,0.0304711
5.27809,2.49254,0.0675342,-2.7586,-1.629,-0.272741,-1.54965,0.0305491
5.27873,2.49247,0.0671435,-2.75864,-1.6287,-0.272805,-1.54997,0.0306272
5.27989,2.4924,0.066753,-2.75868,-1.62839,-0.272869,-1.55028,0.0307053
5.28115,2.49234,0.0663627,-2.75872,-1.62809,-0.272932,-1.55059,0.0307834
5.28167,2.49227,0.0659726,-2.75875,-1.62778,-0.272996,-1.5509,0.0308615
5.28282,2.4922,0.0655827,-2.75879,-1.62748,-0.273059,-1.55122,0.0309395
5.28403,2.49213,0.0651931,-2.75883,-1.62717,-0.273121,-1.55153,0.0310176
5.28522,2.49206,0.0648036,-2.75887,-1.62687,-0.273184,-1.55184,0.0310957
5.28586,2.492,0.0644144,-2.7589,-1.62656,-0.273246,-1.55215,0.0311738
5.28706,2.49193,0.0640254,-2.75894,-1.62626,-0.273307,-1.55246,0.0312518
5.28769,2.49186,0.0636367,-2.75898,-1.62595,-0.273369,-1.55278,0.0313299
5.28884,2.49179,0.0632481,-2.75902,-1.62565,-0.27343,-1.55309,0.031408
5.29001,2.49173,0.0628598,-2.75905,-1.62534,-0.27349,-1.5534,0.0314861
5.29126,2.49166,0.0624716,-2.75909,-1.62504,-0.273551,-1.55371,0.0315642
5.29179,2.49159,0.0620837,-2.75913,-1.62473,-0.273611,-1.55402,0.0316423
5.29301,2.49153,0.061696,-2.75916,-1.62443,-0.273671,-1.55433,0.0317204
5.29415,2.49146,0.0613086,-2.7592,-1.62412,-0.27373,-1.55464,0.0317985
5.2948,2.49139,0.0609213,-2.75924,-1.62382,-0.273789,-1.55496,0.0318766
5.29601,2.49132,0.0605343,-2.75927,-1.62351,-0.273848,-1.55527,0.0319547
5.29718,2.49126,0.0601475,-2.75931,-1.62321,-0.273907,-1.55558,0.0320328
5.29781,2.49119,0.0597609,-2.75935,-1.6229,-0.273965,-1.55589,0.0321109
5.29904,2.49112,0.0593746,-2.75938,-1.6226,-0.274023,-1.5562,0.032189
5.30087,2.49106,0.0589885,-2.75942,-1.62229,-0.27408,-1.55651,0.0322671
5.30206,2.49092,0.0582169,-2.75949,-1.62168,-0.274194,-1.55713,0.0324233
5.30339,2.49086,0.0578314,-2.75953,-1.62137,-0.274251,-1.55744,0.0325015
5.30398,2.49079,0.0574462,-2.75957,-1.62107,-0.274307,-1.55775,0.0325796
5.30532,2.49072,0.0570611,-2.7596,-1.62076,-0.274363,-1.55806,0.0326578
5.30646,2.49066,0.0566763,-2.75964,-1.62045,-0.274419,-1.55837,0.032736
5.30694,2.49059,0.0562917,-2.75968,-1.62015,-0.274474,-1.55868,0.0328141
5.30807,2.49053,0.0559073,-2.75971,-1.61984,-0.274529,-1.55899,0.0328923
5.30921,2.49046,0.0555231,-2.75975,-1.61954,-0.274584,-1.5593,0.0329705
5.30992,2.49039,0.0551392,-2.75978,-1.61923,-0.274638,-1.55961,0.0330487
5.31167,2.49033,0.0547556,-2.75982,-1.61892,-0.274692,-1.55991,0.0331269
5.31188,2.49026,0.0543721,-2.75985,-1.61862,-0.274746,-1.56022,0.0332051
5.31368,2.49019,0.0539889,-2.75989,-1.61831,-0.274799,-1.56053,0.0332833
5.31414,2.49013,0.053606,-2.75993,-1.618,-0.274852,-1.56084,0.0333616
5.31539,2.49006,0.0532232,-2.75996,-1.6177,-0.274905,-1.56115,0.0334398
5.31597,2.49,0.0528407,-2.76,-1.61739,-0.274957,-1.56146,0.0335181
5.31711,2.48993,0.0524584,-2.76003,-1.61708,-0.275009,-1.56177,0.0335963
5.31829,2.48987,0.0520764,-2.76007,-1.61678,-0.275061,-1.56207,0.0336746
5.31889,2.4898,0.0516945,-2.7601,-1.61647,-0.275112,-1.56238,0.0337529
5.32006,2.48973,0.051313,-2.76014,-1.61616,-0.275163,-1.56269,0.0338311
5.3212,2.48967,0.0509317,-2.76017,-1.61586,-0.275214,-1.563,0.0339094
5.32236,2.4896,0.0505506,-2.76021,-1.61555,-0.275265,-1.5633,0.0339877
5.32296,2.48954,0.0501698,-2.76024,-1.61524,-0.275315,-1.56361,0.034066
5.32413,2.48947,0.0497892,-2.76028,-1.61494,-0.275364,-1.56392,0.0341443
5.32604,2.48941,0.0494088,-2.76031,-1.61463,-0.275414,-1.56423,0.0342227
5.3261,2.48934,0.0490287,-2.76035,-1.61432,-0.275463,-1.56453,0.034301
5.32728,2.48928,0.0486488,-2.76038,-1.61402,-0.275512,-1.56484,0.0343793
5.32791,2.48921,0.0482692,-2.76042,-1.61371,-0.27556,-1.56515,0.0344577
5.32907,2.48915,0.0478898,-2.76045,-1.6134,-0.275609,-1.56545,0.0345361
5.33024,2.48908,0.0475106,-2.76049,-1.6131,-0.275656,-1.56576,0.0346144
5.33149,2.48902,0.0471317,-2.76052,-1.61279,-0.275704,-1.56607,0.0346928
5.33203,2.48895,0.0467531,-2.76056,-1.61248,-0.275751,-1.56637,0.0347712
5.33319,2.48889,0.0463746,-2.76059,-1.61217,-0.275798,-1.56668,0.0348497
5.33446,2.48882,0.0459965,-2.76063,-1.61187,-0.275845,-1.56699,0.0349281
5.33613,2.48876,0.0456185,-2.76066,-1.61156,-0.275891,-1.56729,0.0350065
5.33729,2.48863,0.0448634,-2.76073,-1.61094,-0.275982,-1.5679,0.0351635
5.33847,2.48856,0.0444862,-2.76076,-1.61064,-0.276028,-1.56821,0.0352419
5.33961,2.4885,0.0441092,-2.7608,-1.61033,-0.276073,-1.56851,0.0353204
5.34026,2.48843,0.0437324,-2.76083,-1.61002,-0.276117,-1.56882,0.035399
5.34166,2.48837,0.0433559,-2.76086,-1.60972,-0.276162,-1.56913,0.0354775
5.34258,2.48831,0.0429797,-2.7609,-1.60941,-0.276206,-1.56943,0.0355561
5.34323,2.48824,0.0426037,-2.76093,-1.6091,-0.276249,-1.56974,0.0356346
5.3444,2.48818,0.0422279,-2.76097,-1.60879,-0.276293,-1.57004,0.0357132
5.34552,2.48811,0.0418524,-2.761,-1.60849,-0.276336,-1.57034,0.0357918
5.34612,2.48805,0.0414771,-2.76103,-1.60818,-0.276378,-1.57065,0.0358704
5.34734,2.48798,0.0411021,-2.76107,-1.60787,-0.276421,-1.57095,0.035949
5.34853,2.48792,0.0407273,-2.7611,-1.60756,-0.276463,-1.57126,0.0360276
5.3497,2.48786,0.0403528,-2.76113,-1.60725,-0.276504,-1.57156,0.0361063
5.35037,2.48779,0.0399785,-2.76117,-1.60695,-0.276546,-1.57187,0.036185
5.35152,2.48773,0.0396045,-2.7612,-1.60664,-0.276587,-1.57217,0.0362637
5.35298,2.48766,0.0392306,-2.76123,-1.60633,-0.276628,-1.57247,0.0363424
5.35358,2.4876,0.0388571,-2.76127,-1.60602,-0.276668,-1.57278,0.0364211
5.35471,2.48754,0.0384838,-2.7613,-1.60572,-0.276708,-1.57308,0.0364999
5.35588,2.48747,0.0381107,-2.76133,-1.60541,-0.276748,-1.57338,0.0365786
5.35653,2.48741,0.0377379,-2.76136,-1.6051,-0.276787,-1.57369,0.0366574
5.35769,2.48735,0.0373653,-2.7614,-1.60479,-0.276827,-1.57399,0.0367362
5.35886,2.48728,0.036993,-2.76143,-1.60448,-0.276865,-1.57429,0.036815
5.35958,2.48722,0.0366209,-2.76146,-1.60418,-0.276904,-1.5746,0.0368938
5.36082,2.48715,0.0362491,-2.7615,-1.60387,-0.276942,-1.5749,0.0369727
5.36198,2.48709,0.0358776,-2.76153,-1.60356,-0.27698,-1.5752,0.0370516
5.36313,2.48703,0.0355063,-2.76156,-1.60325,-0.277018,-1.57551,0.0371304
5.36401,2.48696,0.0351352,-2.76159,-1.60295,-0.277055,-1.57581,0.0372094
5.36505,2.4869,0.0347644,-2.76163,-1.60264,-0.277092,-1.57611,0.0372883
5.36564,2.48684,0.0343938,-2.76166,-1.60233,-0.277128,-1.57641,0.0373673
5.36776,2.48677,0.0340235,-2.76169,-1.60202,-0.277164,-1.57671,0.0374462
5.368,2.48671,0.0336534,-2.76172,-1.60171,-0.2772,-1.57702,0.0375252
5.36882,2.48665,0.0332835,-2.76176,-1.60141,-0.277236,-1.57732,0.0376043
5.36983,2.48658,0.032914,-2.76179,-1.6011,-0.277271,-1.57762,0.0376833
5.37098,2.48652,0.0325446,-2.76182,-1.60079,-0.277306,-1.57792,0.0377624
5.37282,2.48646,0.0321756,-2.76185,-1.60048,-0.277341,-1.57822,0.0378415
5.37393,2.48633,0.0314382,-2.76192,-1.59986,-0.277409,-1.57883,0.0379997
5.37506,2.48627,0.0310698,-2.76195,-1.59956,-0.277443,-1.57913,0.0380789
5.37621,2.4862,0.0307018,-2.76198,-1.59925,-0.277476,-1.57943,0.038158
5.37692,2.48614,0.0303339,-2.76201,-1.59894,-0.277509,-1.57973,0.0382373
5.378,2.48608,0.0299664,-2.76204,-1.59863,-0.277542,-1.58003,0.0383165
5.37918,2.48602,0.029599,-2.76208,-1.59832,-0.277574,-1.58033,0.0383957
5.3798,2.48595,0.029232,-2.76211,-1.59802,-0.277606,-1.58063,0.038475
5.38166,2.48589,0.0288652,-2.76214,-1.59771,-0.277638,-1.58093,0.0385543
5.38233,2.48583,0.0284987,-2.76217,-1.5974,-0.277669,-1.58123,0.0386336
5.3829,2.48576,0.0281325,-2.7622,-1.59709,-0.2777,-1.58153,0.0387129
5.38406,2.4857,0.0277665,-2.76223,-1.59678,-0.277731,-1.58183,0.0387922
5.38594,2.48564,0.0274007,-2.76226,-1.59648,-0.277761,-1.58213,0.0388716
5.38601,2.48558,0.0270353,-2.7623,-1.59617,-0.277791,-1.58243,0.038951
5.38713,2.48551,0.0266701,-2.76233,-1.59586,-0.277821,-1.58273,0.0390304
5.38834,2.48545,0.0263052,-2.76236,-1.59555,-0.27785,-1.58303,0.0391098
5.38958,2.48539,0.0259405,-2.76239,-1.59524,-0.277879,-1.58333,0.0391892
5.39016,2.48533,0.0255762,-2.76242,-1.59493,-0.277908,-1.58363,0.0392687
5.3919,2.48526,0.0252121,-2.76245,-1.59463,-0.277937,-1.58393,0.0393482
5.39252,2.4852,0.0248482,-2.76248,-1.59432,-0.277965,-1.58423,0.0394277
5.3932,2.48514,0.0244847,-2.76251,-1.59401,-0.277992,-1.58452,0.0395073
5.39433,2.48508,0.0241214,-2.76254,-1.5937,-0.27802,-1.58482,0.0395869
5.39608,2.48501,0.0237584,-2.76257,-1.59339,-0.278047,-1.58512,0.0396665
5.39725,2.48495,0.0233957,-2.7626,-1.59309,-0.278074,-1.58542,0.0397461
5.39734,2.48489,0.0230332,-2.76264,-1.59278,-0.2781,-1.58572,0.0398258
5.39849,2.48483,0.022671,-2.76267,-1.59247,-0.278126,-1.58602,0.0399055
5.39964,2.48476,0.0223091,-2.7627,-1.59216,-0.278152,-1.58631,0.0399852
5.40032,2.4847,0.0219475,-2.76273,-1.59185,-0.278177,-1.58661,0.0400649
5.40148,2.48464,0.0215861,-2.76276,-1.59155,-0.278202,-1.58691,0.0401447
5.40315,2.48458,0.021225,-2.76279,-1.59124,-0.278227,-1.58721,0.0402245
5.40325,2.48451,0.0208642,-2.76282,-1.59093,-0.278251,-1.5875,0.0403043
5.40439,2.48445,0.0205037,-2.76285,-1.59062,-0.278275,-1.5878,0.0403842
5.40551,2.48439,0.0201435,-2.76288,-1.59031,-0.278299,-1.5881,0.0404641
5.40668,2.48433,0.0197835,-2.76291,-1.59001,-0.278323,-1.5884,0.040544
5.40732,2.48426,0.0194238,-2.76294,-1.5897,-0.278346,-1.58869,0.0406239
5.40922,2.4842,0.0190644,-2.76297,-1.58939,-0.278368,-1.58899,0.0407038
5.40924,2.48414,0.0187052,-2.763,-1.58908,-0.278391,-1.58929,0.0407838
5.41044,2.48408,0.0183464,-2.76303,-1.58877,-0.278413,-1.58958,0.0408638
5.4116,2.48402,0.0179878,-2.76306,-1.58847,-0.278435,-1.58988,0.0409438
5.41222,2.48395,0.0176294,-2.76309,-1.58816,-0.278456,-1.59017,0.0410239
5.41399,2.48389,0.0172714,-2.76312,-1.58785,-0.278477,-1.59047,0.0411039
5.41453,2.48383,0.0169137,-2.76315,-1.58754,-0.278498,-1.59077,0.041184
5.41573,2.48377,0.0165562,-2.76317,-1.58723,-0.278519,-1.59106,0.0412642
5.41694,2.48371,0.016199,-2.7632,-1.58693,-0.278539,-1.59136,0.0413443
5.41757,2.48364,0.0158421,-2.76323,-1.58662,-0.278559,-1.59165,0.0414245
5.41871,2.48358,0.0154855,-2.76326,-1.58631,-0.278578,-1.59195,0.0415047
5.41991,2.48352,0.0151291,-2.76329,-1.586,-0.278597,-1.59224,0.041585
5.42054,2.48346,0.0147731,-2.76332,-1.5857,-0.278616,-1.59254,0.0416652
5.42169,2.4834,0.0144173,-2.76335,-1.58539,-0.278634,-1.59283,0.0417456
5.42285,2.48333,0.0140618,-2.76338,-1.58508,-0.278653,-1.59313,0.0418259
5.42354,2.48327,0.0137066,-2.76341,-1.58477,-0.27867,-1.59342,0.0419063
5.42478,2.48321,0.0133517,-2.76344,-1.58447,-0.278688,-1.59372,0.0419867
5.42557,2.48315,0.0129971,-2.76347,-1.58416,-0.278705,-1.59401,0.0420671
5.42687,2.48309,0.0126427,-2.7635,-1.58385,-0.278722,-1.59431,0.0421476
5.42754,2.48303,0.0122886,-2.76352,-1.58354,-0.278738,-1.5946,0.0422281
5.42875,2.48296,0.0119348,-2.76355,-1.58324,-0.278754,-1.59489,0.0423086
5.42985,2.4829,0.0115813,-2.76358,-1.58293,-0.27877,-1.59519,0.0423892
5.43069,2.48284,0.0112281,-2.76361,-1.58262,-0.278786,-1.59548,0.0424697
5.43175,2.48278,0.0108752,-2.76364,-1.58231,-0.278801,-1.59578,0.0425504
5.43281,2.48272,0.0105226,-2.76367,-1.58201,-0.278816,-1.59607,0.042631
5.43401,2.48266,0.0101703,-2.76369,-1.5817,-0.27883,-1.59636,0.0427117
5.43466,2.48259,0.00981824,-2.76372,-1.58139,-0.278844,-1.59666,0.0427924
5.4358,2.48253,0.00946648,-2.76375,-1.58109,-0.278858,-1.59695,0.0428731
5.4366,2.48247,0.00911502,-2.76378,-1.58078,-0.278872,-1.59724,0.0429539
5.43764,2.48241,0.00876385,-2.76381,-1.58047,-0.278885,-1.59753,0.0430347
5.43886,2.48235,0.00841296,-2.76384,-1.58016,-0.278898,-1.59783,0.0431155
5.44001,2.48229,0.00806237,-2.76386,-1.57986,-0.27891,-1.59812,0.0431964
5.44062,2.48222,0.00771207,-2.76389,-1.57955,-0.278922,-1.59841,0.0432773
5.44182,2.48216,0.00736207,-2.76392,-1.57924,-0.278934,-1.5987,0.0433582
5.44301,2.4821,0.00701236,-2.76395,-1.57894,-0.278946,-1.599,0.0434392
5.44363,2.48204,0.00666295,-2.76398,-1.57863,-0.278957,-1.59929,0.0435202
5.44491,2.48198,0.00631383,-2.764,-1.57832,-0.278968,-1.59958,0.0436012
5.44559,2.48192,0.00596501,-2.76403,-1.57802,-0.278978,-1.59987,0.0436823
5.44671,2.48185,0.00561648,-2.76406,-1.57771,-0.278988,-1.60016,0.0437633
5.44788,2.48179,0.00526825,-2.76409,-1.5774,-0.278998,-1.60045,0.0438445
5.44906,2.48173,0.00492032,-2.76411,-1.5771,-0.279008,-1.60074,0.0439256
5.44967,2.48167,0.00457268,-2.76414,-1.57679,-0.279017,-1.60104,0.0440068
5.45083,2.48161,0.00422534,-2.76417,-1.57648,-0.279026,-1.60133,0.044088
5.45198,2.48155,0.00387829,-2.7642,-1.57618,-0.279034,-1.60162,0.0441693
5.45259,2.48149,0.00353154,-2.76422,-1.57587,-0.279042,-1.60191,0.0442506
5.45376,2.48142,0.00318509,-2.76425,-1.57556,-0.27905,-1.6022,0.0443319
5.45492,2.48136,0.00283894,-2.76428,-1.57526,-0.279058,-1.60249,0.0444133
5.45609,2.4813,0.00249309,-2.7643,-1.57495,-0.279065,-1.60278,0.0444947
5.45669,2.48124,0.00214754,-2.76433,-1.57465,-0.279072,-1.60307,0.0445761
5.45787,2.48118,0.00180229,-2.76436,-1.57434,-0.279078,-1.60336,0.0446575
5.45853,2.48112,0.00145734,-2.76438,-1.57403,-0.279084,-1.60365,0.044739
5.45972,2.48106,0.0011127,-2.76441,-1.57373,-0.27909,-1.60394,0.0448205
5.46088,2.48099,0.000768355,-2.76444,-1.57342,-0.279096,-1.60423,0.0449021
5.46206,2.48093,0.000424312,-2.76446,-1.57312,-0.279101,-1.60452,0.0449837
5.46268,2.48087,8.05701e-05,-2.76449,-1.57281,-0.279106,-1.60481,0.0450653
5.46387,2.48081,-0.000262871,-2.76452,-1.5725,-0.27911,-1.60509,0.045147
5.46505,2.48075,-0.000606011,-2.76454,-1.5722,-0.279115,-1.60538,0.0452287
5.46569,2.48069,-0.000948849,-2.76457,-1.57189,-0.279119,-1.60567,0.0453104
5.46688,2.48063,-0.00129138,-2.7646,-1.57159,-0.279122,-1.60596,0.0453922
5.4687,2.48056,-0.00163361,-2.76462,-1.57128,-0.279125,-1.60625,0.045474
5.4698,2.48044,-0.00231712,-2.76468,-1.57067,-0.279131,-1.60683,0.0456377
5.47102,2.48038,-0.00265843,-2.7647,-1.57036,-0.279133,-1.60711,0.0457197
5.47222,2.48032,-0.00299946,-2.76473,-1.57006,-0.279135,-1.6074,0.0458016
5.47283,2.48026,-0.00334017,-2.76475,-1.56975,-0.279136,-1.60769,0.0458836
5.474,2.4802,-0.00368058,-2.76478,-1.56945,-0.279137,-1.60798,0.0459657
5.47575,2.48013,-0.00402068,-2.76481,-1.56914,-0.279138,-1.60826,0.0460477
5.47689,2.48001,-0.00469994,-2.76486,-1.56853,-0.279139,-1.60884,0.046212
5.47807,2.47995,-0.00503915,-2.76488,-1.56823,-0.279139,-1.60913,0.0462942
5.47989,2.47989,-0.00537813,-2.76491,-1.56792,-0.279139,-1.60941,0.0463764
5.47995,2.47983,-0.00571688,-2.76493,-1.56762,-0.279139,-1.6097,0.0464586
5.48166,2.47977,-0.0060554,-2.76496,-1.56731,-0.279139,-1.60999,0.0465408
5.48235,2.4797,-0.00639369,-2.76498,-1.56701,-0.279139,-1.61027,0.0466231
5.4835,2.47964,-0.00673175,-2.76501,-1.5667,-0.279139,-1.61056,0.0467054
5.48413,2.47958,-0.00706958,-2.76503,-1.5664,-0.279139,-1.61084,0.0467877
5.48547,2.47952,-0.00740719,-2.76506,-1.56609,-0.279139,-1.61113,0.04687
5.48605,2.47946,-0.00774456,-2.76508,-1.56579,-0.279139,-1.61142,0.0469524
5.48723,2.4794,-0.0080817,-2.76511,-1.56548,-0.279139,-1.6117,0.0470348
5.48841,2.47934,-0.0084186,-2.76513,-1.56518,-0.279139,-1.61199,0.0471173
5.48901,2.47927,-0.00875525,-2.76516,-1.56487,-0.279139,-1.61227,0.0471997
5.49018,2.47921,-0.00909166,-2.76518,-1.56457,-0.279139,-1.61256,0.0472822
5.49135,2.47915,-0.00942782,-2.76521,-1.56426,-0.279139,-1.61284,0.0473647
5.49258,2.47909,-0.00976372,-2.76523,-1.56396,-0.279139,-1.61313,0.0474472
5.49318,2.47903,-0.0100994,-2.76526,-1.56366,-0.279139,-1.61341,0.0475298
5.4944,2.47897,-0.0104348,-2.76528,-1.56335,-0.279139,-1.6137,0.0476124
5.49503,2.47891,-0.01077,-2.76531,-1.56305,-0.279139,-1.61398,0.047695
5.4962,2.47884,-0.0111049,-2.76533,-1.56274,-0.279139,-1.61427,0.0477776
5.49737,2.47878,-0.0114396,-2.76536,-1.56244,-0.279139,-1.61455,0.0478603
5.49809,2.47872,-0.011774,-2.76538,-1.56213,-0.279139,-1.61484,0.047943
5.49921,2.47866,-0.0121081,-2.7654,-1.56183,-0.279139,-1.61512,0.0480257
5.5004,2.4786,-0.012442,-2.76543,-1.56152,-0.279139,-1.6154,0.0481085
5.50104,2.47854,-0.0127756,-2.76545,-1.56122,-0.279139,-1.61569,0.0481913
5.50223,2.47848,-0.013109,-2.76548,-1.56091,-0.279139,-1.61597,0.0482741
5.504,2.47841,-0.0134421,-2.7655,-1.56061,-0.279139,-1.61625,0.0483569
5.50537,2.47829,-0.0141075,-2.76555,-1.56,-0.279139,-1.61682,0.0485227
5.50702,2.47823,-0.0144399,-2.76557,-1.5597,-0.279139,-1.6171,0.0486056
5.50706,2.47817,-0.014772,-2.7656,-1.55939,-0.279139,-1.61739,0.0486886
5.50828,2.47811,-0.0151038,-2.76562,-1.55909,-0.279139,-1.61767,0.0487716
5.50942,2.47804,-0.0154353,-2.76564,-1.55878,-0.279139,-1.61795,0.0488546
5.51055,2.47798,-0.0157666,-2.76567,-1.55848,-0.279139,-1.61824,0.0489377
5.51172,2.47792,-0.0160977,-2.76569,-1.55818,-0.279139,-1.61852,0.0490208
5.5123,2.47786,-0.0164284,-2.76571,-1.55787,-0.279139,-1.6188,0.049104
5.51357,2.4778,-0.0167589,-2.76574,-1.55757,-0.279139,-1.61908,0.0491871
5.51478,2.47774,-0.0170891,-2.76576,-1.55726,-0.279139,-1.61936,0.0492704
5.51538,2.47767,-0.017419,-2.76578,-1.55696,-0.279138,-1.61965,0.0493536
5.51653,2.47761,-0.0177486,-2.76581,-1.55666,-0.279138,-1.61993,0.0494369
5.51773,2.47755,-0.0180779,-2.76583,-1.55635,-0.279137,-1.62021,0.0495202
5.51837,2.47749,-0.0184069,-2.76585,-1.55605,-0.279137,-1.62049,0.0496036
5.51955,2.47743,-0.0187357,-2.76587,-1.55575,-0.279136,-1.62077,0.049687
5.52017,2.47736,-0.0190641,-2.7659,-1.55544,-0.279135,-1.62105,0.0497704
5.52136,2.4773,-0.0193922,-2.76592,-1.55514,-0.279134,-1.62133,0.0498539
5.52264,2.47724,-0.0197201,-2.76594,-1.55484,-0.279133,-1.62162,0.0499374
5.52383,2.47718,-0.0200476,-2.76596,-1.55453,-0.279132,-1.6219,0.050021
5.52448,2.47712,-0.0203748,-2.76599,-1.55423,-0.27913,-1.62218,0.0501046
5.52561,2.47705,-0.0207017,-2.76601,-1.55393,-0.279129,-1.62246,0.0501882
5.52734,2.47699,-0.0210283,-2.76603,-1.55362,-0.279127,-1.62274,0.0502718
5.52854,2.47687,-0.0216805,-2.76608,-1.55302,-0.279123,-1.6233,0.0504393
5.52968,2.47681,-0.0220061,-2.7661,-1.55272,-0.279121,-1.62358,0.0505231
5.53037,2.47674,-0.0223314,-2.76612,-1.55241,-0.279118,-1.62386,0.0506069
5.5315,2.47668,-0.0226565,-2.76614,-1.55211,-0.279115,-1.62414,0.0506908
5.53323,2.47662,-0.0229812,-2.76616,-1.55181,-0.279113,-1.62442,0.0507748
5.5337,2.47656,-0.0233055,-2.76619,-1.55151,-0.279109,-1.6247,0.0508588
5.5345,2.4765,-0.0236296,-2.76621,-1.55121,-0.279106,-1.62498,0.0509428
5.53628,2.47643,-0.0239533,-2.76623,-1.5509,-0.279102,-1.62525,0.0510269
5.53662,2.47637,-0.0242767,-2.76625,-1.5506,-0.279098,-1.62553,0.051111
5.53762,2.47631,-0.0245997,-2.76627,-1.5503,-0.279094,-1.62581,0.0511951
5.53862,2.47625,-0.0249225,-2.76629,-1.55,-0.27909,-1.62609,0.0512793
5.5398,2.47618,-0.0252449,-2.76632,-1.5497,-0.279085,-1.62637,0.0513635
5.54049,2.47612,-0.0255669,-2.76634,-1.5494,-0.279081,-1.62665,0.0514478
5.54161,2.47606,-0.0258887,-2.76636,-1.5491,-0.279076,-1.62693,0.0515321
5.54279,2.476,-0.0262101,-2.76638,-1.5488,-0.27907,-1.6272,0.0516165
5.54353,2.47594,-0.0265312,-2.7664,-1.54849,-0.279065,-1.62748,0.0517008
5.54468,2.47587,-0.0268519,-2.76642,-1.54819,-0.279059,-1.62776,0.0517853
5.5468,2.47581,-0.0271723,-2.76644,-1.54789,-0.279053,-1.62804,0.0518698
5.54712,2.47575,-0.0274924,-2.76646,-1.54759,-0.279046,-1.62831,0.0519543
5.54763,2.47569,-0.0278121,-2.76648,-1.54729,-0.27904,-1.62859,0.0520389
5.54937,2.47562,-0.0281315,-2.76651,-1.54699,-0.279033,-1.62887,0.0521235
5.54995,2.47556,-0.0284506,-2.76653,-1.54669,-0.279025,-1.62915,0.0522082
5.55055,2.4755,-0.0287693,-2.76655,-1.54639,-0.279018,-1.62942,0.0522929
5.5517,2.47544,-0.0290877,-2.76657,-1.54609,-0.27901,-1.6297,0.0523777
5.55293,2.47537,-0.0294057,-2.76659,-1.54579,-0.279002,-1.62998,0.0524625
5.55355,2.47531,-0.0297235,-2.76661,-1.54549,-0.278994,-1.63025,0.0525474
5.55475,2.47525,-0.0300408,-2.76663,-1.54519,-0.278985,-1.63053,0.0526323
5.55593,2.47518,-0.0303579,-2.76665,-1.54489,-0.278976,-1.6308,0.0527172
5.55709,2.47512,-0.0306746,-2.76667,-1.5446,-0.278967,-1.63108,0.0528022
5.55773,2.47506,-0.0309909,-2.76669,-1.5443,-0.278957,-1.63136,0.0528872
5.55888,2.475,-0.031307,-2.76671,-1.544,-0.278947,-1.63163,0.0529723
5.56009,2.47493,-0.0316226,-2.76673,-1.5437,-0.278937,-1.63191,0.0530574
5.56201,2.47481,-0.0322529,-2.76677,-1.5431,-0.278916,-1.63246,0.0532278
5.56312,2.47475,-0.0325675,-2.76679,-1.5428,-0.278905,-1.63273,0.053313
5.56434,2.47468,-0.0328818,-2.76681,-1.5425,-0.278894,-1.63301,0.0533983
5.56501,2.47462,-0.0331957,-2.76683,-1.54221,-0.278882,-1.63328,0.0534836
5.56616,2.47456,-0.0335092,-2.76685,-1.54191,-0.27887,-1.63356,0.053569
5.5681,2.47443,-0.0341353,-2.76689,-1.54131,-0.278845,-1.63411,0.0537399
5.56974,2.47437,-0.0344478,-2.76691,-1.54102,-0.278832,-1.63438,0.0538254
5.57041,2.4743,-0.03476,-2.76693,-1.54072,-0.278819,-1.63465,0.053911
5.57096,2.47424,-0.0350718,-2.76695,-1.54042,-0.278805,-1.63493,0.0539967
5.57308,2.47418,-0.0353833,-2.76697,-1.54012,-0.278791,-1.6352,0.0540823
5.57316,2.47411,-0.0356944,-2.76698,-1.53983,-0.278777,-1.63547,0.0541681
5.5743,2.47405,-0.0360052,-2.767,-1.53953,-0.278762,-1.63575,0.0542538
5.57547,2.47399,-0.0363157,-2.76702,-1.53923,-0.278747,-1.63602,0.0543396
5.57607,2.47392,-0.0366258,-2.76704,-1.53894,-0.278732,-1.63629,0.0544255
5.57804,2.47386,-0.0369355,-2.76706,-1.53864,-0.278717,-1.63657,0.0545114
5.57811,2.4738,-0.0372449,-2.76708,-1.53834,-0.278701,-1.63684,0.0545973
5.57926,2.47373,-0.0375539,-2.7671,-1.53805,-0.278685,-1.63711,0.0546833
5.58123,2.47367,-0.0378626,-2.76712,-1.53775,-0.278668,-1.63738,0.0547694
5.58125,2.47361,-0.038171,-2.76713,-1.53745,-0.278651,-1.63766,0.0548555
5.58242,2.47354,-0.038479,-2.76715,-1.53716,-0.278634,-1.63793,0.0549416
5.58304,2.47348,-0.0387866,-2.76717,-1.53686,-0.278616,-1.6382,0.0550278
5.58431,2.47342,-0.0390939,-2.76719,-1.53657,-0.278599,-1.63847,0.0551141
5.58547,2.47335,-0.0394009,-2.76721,-1.53627,-0.27858,-1.63874,0.0552004
5.586,2.47329,-0.0397074,-2.76723,-1.53598,-0.278562,-1.63901,0.0552867
5.58726,2.47322,-0.0400137,-2.76724,-1.53568,-0.278543,-1.63929,0.0553731
5.5884,2.47316,-0.0403196,-2.76726,-1.53539,-0.278524,-1.63956,0.0554595
5.58897,2.4731,-0.0406251,-2.76728,-1.53509,-0.278504,-1.63983,0.055546
5.59012,2.47303,-0.0409303,-2.7673,-1.5348,-0.278484,-1.6401,0.0556325
5.59193,2.47297,-0.0412351,-2.76732,-1.5345,-0.278464,-1.64037,0.0557191
5.5925,2.4729,-0.0415396,-2.76733,-1.53421,-0.278444,-1.64064,0.0558057
5.59397,2.47284,-0.0418437,-2.76735,-1.53392,-0.278423,-1.64091,0.0558924
5.59399,2.47278,-0.0421475,-2.76737,-1.53362,-0.278402,-1.64118,0.0559791
5.59518,2.47271,-0.0424509,-2.76739,-1.53333,-0.27838,-1.64145,0.0560659
5.59693,2.47265,-0.042754,-2.7674,-1.53303,-0.278358,-1.64172,0.0561527
5.59753,2.47258,-0.0430567,-2.76742,-1.53274,-0.278336,-1.64199,0.0562396
5.59931,2.47252,-0.0433591,-2.76744,-1.53245,-0.278313,-1.64226,0.0563265
5.6004,2.47239,-0.0439627,-2.76747,-1.53186,-0.278267,-1.6428,0.0565005
5.60159,2.47233,-0.044264,-2.76749,-1.53157,-0.278243,-1.64307,0.0565876
5.6023,2.47226,-0.044565,-2.76751,-1.53128,-0.27822,-1.64333,0.0566747
5.60397,2.4722,-0.0448656,-2.76752,-1.53098,-0.278195,-1.6436,0.0567619
5.60562,2.47213,-0.0451659,-2.76754,-1.53069,-0.278171,-1.64387,0.0568491
5.60568,2.47207,-0.0454658,-2.76756,-1.5304,-0.278146,-1.64414,0.0569364
5.60708,2.472,-0.0457654,-2.76757,-1.53011,-0.27812,-1.64441,0.0570237
5.60769,2.47194,-0.0460646,-2.76759,-1.52981,-0.278095,-1.64468,0.0571111
5.60835,2.47188,-0.0463635,-2.76761,-1.52952,-0.278069,-1.64494,0.0571986
5.60951,2.47181,-0.046662,-2.76762,-1.52923,-0.278042,-1.64521,0.0572861
5.61067,2.47175,-0.0469601,-2.76764,-1.52894,-0.278016,-1.64548,0.0573737
5.61132,2.47168,-0.0472579,-2.76766,-1.52865,-0.277989,-1.64575,0.0574613
5.61257,2.47162,-0.0475554,-2.76767,-1.52836,-0.277961,-1.64601,0.0575489
5.61371,2.47155,-0.0478525,-2.76769,-1.52806,-0.277933,-1.64628,0.0576366
5.61467,2.47149,-0.0481493,-2.76771,-1.52777,-0.277905,-1.64655,0.0577244
5.61565,2.47142,-0.0484457,-2.76772,-1.52748,-0.277877,-1.64682,0.0578122
5.61629,2.47136,-0.0487417,-2.76774,-1.52719,-0.277848,-1.64708,0.0579
5.61752,2.47129,-0.0490374,-2.76775,-1.5269,-0.277819,-1.64735,0.0579879
5.61867,2.47123,-0.0493327,-2.76777,-1.52661,-0.27779,-1.64762,0.0580759
5.61944,2.47116,-0.0496277,-2.76779,-1.52632,-0.27776,-1.64788,0.0581639
5.62063,2.4711,-0.0499224,-2.7678,-1.52603,-0.27773,-1.64815,0.0582519
5.62172,2.47103,-0.0502166,-2.76782,-1.52574,-0.277699,-1.64841,0.05834
5.62248,2.47097,-0.0505106,-2.76783,-1.52545,-0.277669,-1.64868,0.0584282
5.62355,2.4709,-0.0508041,-2.76785,-1.52516,-0.277637,-1.64895,0.0585164
5.62476,2.47083,-0.0510973,-2.76786,-1.52487,-0.277606,-1.64921,0.0586046
5.62553,2.47077,-0.0513902,-2.76788,-1.52458,-0.277574,-1.64948,0.0586929
5.62657,2.4707,-0.0516827,-2.76789,-1.5243,-0.277542,-1.64974,0.0587812
5.62839,2.47064,-0.0519748,-2.76791,-1.52401,-0.277509,-1.65001,0.0588696
5.62955,2.47051,-0.052558,-2.76794,-1.52343,-0.277443,-1.65054,0.0590465
5.63068,2.47044,-0.0528491,-2.76796,-1.52314,-0.27741,-1.6508,0.0591351
5.63297,2.47031,-0.0534302,-2.76798,-1.52257,-0.277341,-1.65133,0.0593123
5.63411,2.47024,-0.0537202,-2.768,-1.52228,-0.277307,-1.65159,0.0594011
5.63479,2.47018,-0.0540098,-2.76801,-1.52199,-0.277272,-1.65186,0.0594898
5.63586,2.47011,-0.0542992,-2.76803,-1.5217,-0.277237,-1.65212,0.0595786
5.63757,2.46998,-0.0548767,-2.76806,-1.52113,-0.277165,-1.65265,0.0597564
5.6388,2.46991,-0.0551649,-2.76807,-1.52084,-0.277129,-1.65291,0.0598453
5.63998,2.46985,-0.0554528,-2.76809,-1.52055,-0.277092,-1.65317,0.0599343
5.64087,2.46978,-0.0557403,-2.7681,-1.52027,-0.277055,-1.65344,0.0600233
5.64207,2.46971,-0.0560274,-2.76812,-1.51998,-0.277018,-1.6537,0.0601124
5.64384,2.46965,-0.0563142,-2.76813,-1.5197,-0.27698,-1.65396,0.0602016
5.64503,2.46952,-0.0568866,-2.76816,-1.51912,-0.276903,-1.65449,0.0603801
5.64563,2.46945,-0.0571723,-2.76817,-1.51884,-0.276865,-1.65475,0.0604694
5.64679,2.46938,-0.0574576,-2.76819,-1.51855,-0.276826,-1.65501,0.0605588
5.64797,2.46932,-0.0577426,-2.7682,-1.51827,-0.276786,-1.65527,0.0606482
5.64971,2.46925,-0.0580272,-2.76821,-1.51798,-0.276746,-1.65553,0.0607376
5.65097,2.46912,-0.0585952,-2.76824,-1.51741,-0.276666,-1.65606,0.0609167
5.65217,2.46905,-0.0588787,-2.76825,-1.51713,-0.276625,-1.65632,0.0610063
5.65277,2.46898,-0.0591619,-2.76827,-1.51684,-0.276584,-1.65658,0.061096
5.65393,2.46892,-0.0594446,-2.76828,-1.51656,-0.276542,-1.65684,0.0611857
5.65506,2.46885,-0.059727,-2.76829,-1.51627,-0.2765,-1.6571,0.0612755
5.65572,2.46878,-0.0600091,-2.76831,-1.51599,-0.276458,-1.65736,0.0613653
5.65685,2.46871,-0.0602907,-2.76832,-1.51571,-0.276415,-1.65762,0.0614552
5.65803,2.46865,-0.060572,-2.76833,-1.51542,-0.276373,-1.65788,0.0615451
5.65863,2.46858,-0.0608529,-2.76835,-1.51514,-0.276329,-1.65814,0.0616351
5.65981,2.46851,-0.0611335,-2.76836,-1.51486,-0.276286,-1.6584,0.0617251
5.66101,2.46845,-0.0614137,-2.76837,-1.51457,-0.276242,-1.65866,0.0618151
5.66218,2.46838,-0.0616935,-2.76838,-1.51429,-0.276197,-1.65892,0.0619052
5.6634,2.46831,-0.061973,-2.7684,-1.51401,-0.276153,-1.65918,0.0619954
5.66398,2.46824,-0.0622521,-2.76841,-1.51373,-0.276108,-1.65944,0.0620856
5.66518,2.46818,-0.0625308,-2.76842,-1.51345,-0.276063,-1.6597,0.0621759
5.66635,2.46811,-0.0628092,-2.76843,-1.51316,-0.276017,-1.65996,0.0622662
5.66781,2.46797,-0.0633648,-2.76846,-1.5126,-0.275925,-1.66047,0.062447
5.66897,2.46791,-0.0636421,-2.76847,-1.51232,-0.275878,-1.66073,0.0625374
5.67013,2.46784,-0.063919,-2.76848,-1.51204,-0.275831,-1.66099,0.062628
5.67078,2.46777,-0.0641955,-2.76849,-1.51176,-0.275783,-1.66125,0.0627185
5.67192,2.4677,-0.0644717,-2.76851,-1.51148,-0.275736,-1.66151,0.0628092
5.67307,2.46763,-0.0647475,-2.76852,-1.5112,-0.275688,-1.66176,0.0628998
5.67422,2.46757,-0.0650229,-2.76853,-1.51091,-0.275639,-1.66202,0.0629905
5.67544,2.4675,-0.065298,-2.76854,-1.51063,-0.275591,-1.66228,0.0630813
5.67617,2.46743,-0.0655727,-2.76855,-1.51035,-0.275542,-1.66254,0.0631721
5.67732,2.46736,-0.065847,-2.76856,-1.51007,-0.275492,-1.66279,0.063263
5.67793,2.46729,-0.066121,-2.76858,-1.5098,-0.275442,-1.66305,0.0633539
5.67909,2.46723,-0.0663946,-2.76859,-1.50952,-0.275392,-1.66331,0.0634449
5.68029,2.46716,-0.0666678,-2.7686,-1.50924,-0.275342,-1.66356,0.063536
5.68088,2.46709,-0.0669406,-2.76861,-1.50896,-0.275291,-1.66382,0.0636271
5.68204,2.46702,-0.067213,-2.76862,-1.50868,-0.27524,-1.66408,0.0637182
5.68319,2.46695,-0.0674851,-2.76863,-1.5084,-0.275188,-1.66433,0.0638095
5.68436,2.46688,-0.0677567,-2.76864,-1.50812,-0.275136,-1.66459,0.0639007
5.68555,2.46681,-0.068028,-2.76865,-1.50784,-0.275084,-1.66484,0.0639921
5.6867,2.46675,-0.068299,-2.76866,-1.50757,-0.275031,-1.6651,0.0640835
5.68787,2.46668,-0.0685695,-2.76867,-1.50729,-0.274978,-1.66536,0.0641749
5.68905,2.46661,-0.0688397,-2.76868,-1.50701,-0.274925,-1.66561,0.0642664
5.69037,2.46654,-0.0691095,-2.7687,-1.50673,-0.274871,-1.66587,0.064358
5.69287,2.46647,-0.0693789,-2.76871,-1.50646,-0.274817,-1.66612,0.0644496
5.69382,2.46633,-0.0699166,-2.76873,-1.5059,-0.274708,-1.66663,0.0646331
5.69505,2.46626,-0.0701849,-2.76874,-1.50563,-0.274653,-1.66688,0.064725
5.69733,2.46619,-0.0704528,-2.76875,-1.50535,-0.274598,-1.66714,0.0648169
5.69853,2.46612,-0.0707203,-2.76876,-1.50508,-0.274542,-1.66739,0.0649089
5.69967,2.46605,-0.0709875,-2.76877,-1.5048,-0.274485,-1.66765,0.065001
5.70034,2.46598,-0.0712542,-2.76878,-1.50452,-0.274429,-1.6679,0.0650932
5.70155,2.46592,-0.0715206,-2.76879,-1.50425,-0.274372,-1.66815,0.0651854
5.70293,2.46585,-0.0717866,-2.7688,-1.50397,-0.274314,-1.66841,0.0652778
5.70408,2.46578,-0.0720523,-2.76881,-1.5037,-0.274256,-1.66866,0.0653702
5.7053,2.46571,-0.0723175,-2.76882,-1.50342,-0.274198,-1.66892,0.0654627
5.70698,2.46564,-0.0725823,-2.76883,-1.50315,-0.27414,-1.66917,0.0655552
5.70815,2.46557,-0.0728468,-2.76884,-1.50288,-0.274081,-1.66942,0.0656479
5.70932,2.4655,-0.0731108,-2.76884,-1.5026,-0.274021,-1.66967,0.0657406
5.71164,2.46543,-0.0733744,-2.76885,-1.50233,-0.273961,-1.66993,0.0658335
5.71281,2.46536,-0.0736377,-2.76886,-1.50206,-0.273901,-1.67018,0.0659264
5.71409,2.46528,-0.0739006,-2.76887,-1.50178,-0.273841,-1.67043,0.0660194
5.71572,2.46521,-0.074163,-2.76888,-1.50151,-0.27378,-1.67068,0.0661125
5.71749,2.46514,-0.0744251,-2.76889,-1.50124,-0.273718,-1.67094,0.0662057
5.71813,2.46507,-0.0746868,-2.7689,-1.50096,-0.273656,-1.67119,0.0662989
5.71873,2.465,-0.0749481,-2.76891,-1.50069,-0.273594,-1.67144,0.0663923
5.71991,2.46493,-0.0752089,-2.76892,-1.50042,-0.273531,-1.67169,0.0664858
5.72114,2.46486,-0.0754694,-2.76893,-1.50015,-0.273468,-1.67194,0.0665794
5.72229,2.46479,-0.0757295,-2.76894,-1.49988,-0.273405,-1.67219,0.0666731
5.72298,2.46472,-0.0759892,-2.76894,-1.49961,-0.273341,-1.67245,0.0667669
5.72412,2.46465,-0.0762484,-2.76895,-1.49933,-0.273276,-1.6727,0.0668608
5.72528,2.46458,-0.0765073,-2.76896,-1.49906,-0.273212,-1.67295,0.0669547
5.72592,2.4645,-0.0767658,-2.76897,-1.49879,-0.273146,-1.6732,0.0670487
5.72707,2.46443,-0.0770239,-2.76898,-1.49852,-0.273081,-1.67345,0.0671428
5.72905,2.46436,-0.0772816,-2.76899,-1.49825,-0.273015,-1.6737,0.0672369
5.72968,2.46429,-0.0775389,-2.769,-1.49798,-0.272949,-1.67395,0.0673312
5.73017,2.46422,-0.0777958,-2.769,-1.49771,-0.272882,-1.6742,0.0674255
5.73197,2.46414,-0.0780523,-2.76901,-1.49744,-0.272815,-1.67445,0.0675199
5.73206,2.46407,-0.0783084,-2.76902,-1.49717,-0.272747,-1.6747,0.0676143
5.73318,2.464,-0.0785642,-2.76903,-1.49691,-0.272679,-1.67495,0.0677088
5.73439,2.46393,-0.0788195,-2.76904,-1.49664,-0.272611,-1.6752,0.0678034
5.73554,2.46386,-0.0790745,-2.76904,-1.49637,-0.272542,-1.67545,0.0678981
5.7368,2.46378,-0.0793291,-2.76905,-1.4961,-0.272473,-1.6757,0.0679928
5.73745,2.46371,-0.0795833,-2.76906,-1.49583,-0.272404,-1.67595,0.0680876
5.73865,2.46364,-0.0798371,-2.76907,-1.49556,-0.272334,-1.6762,0.0681824
5.73948,2.46357,-0.0800905,-2.76907,-1.4953,-0.272263,-1.67644,0.0682774
5.74055,2.46349,-0.0803435,-2.76908,-1.49503,-0.272193,-1.67669,0.0683724
5.74161,2.46342,-0.0805962,-2.76909,-1.49476,-0.272122,-1.67694,0.0684674
5.74225,2.46335,-0.0808484,-2.7691,-1.4945,-0.272051,-1.67719,0.0685625
5.74338,2.46327,-0.0811003,-2.7691,-1.49423,-0.271979,-1.67744,0.0686577
5.74453,2.4632,-0.0813518,-2.76911,-1.49396,-0.271907,-1.67769,0.0687529
5.74573,2.46313,-0.0816029,-2.76912,-1.4937,-0.271834,-1.67793,0.0688482
5.74638,2.46305,-0.0818536,-2.76913,-1.49343,-0.271761,-1.67818,0.0689435
5.74765,2.46298,-0.0821039,-2.76913,-1.49317,-0.271688,-1.67843,0.0690389
5.74872,2.46291,-0.0823539,-2.76914,-1.4929,-0.271615,-1.67867,0.0691344
5.74935,2.46283,-0.0826035,-2.76915,-1.49264,-0.271541,-1.67892,0.0692299
5.75057,2.46276,-0.0828526,-2.76915,-1.49237,-0.271466,-1.67917,0.0693255
5.7517,2.46269,-0.0831015,-2.76916,-1.49211,-0.271392,-1.67942,0.0694211
5.75229,2.46261,-0.0833499,-2.76917,-1.49184,-0.271317,-1.67966,0.0695168
5.7535,2.46254,-0.0835979,-2.76917,-1.49158,-0.271241,-1.67991,0.0696126
5.75519,2.46246,-0.0838456,-2.76918,-1.49131,-0.271166,-1.68015,0.0697084
5.75685,2.46231,-0.0843397,-2.76919,-1.49079,-0.271013,-1.68065,0.0699001
5.75792,2.46224,-0.0845862,-2.7692,-1.49052,-0.270936,-1.68089,0.0699961
5.76037,2.46209,-0.085078,-2.76921,-1.49,-0.270781,-1.68138,0.0701883
5.76091,2.46202,-0.0853234,-2.76922,-1.48973,-0.270703,-1.68163,0.0702844
5.76196,2.46194,-0.0855683,-2.76922,-1.48947,-0.270625,-1.68187,0.0703806
5.76316,2.46187,-0.0858129,-2.76923,-1.48921,-0.270546,-1.68212,0.0704769
5.76433,2.46179,-0.0860571,-2.76924,-1.48895,-0.270467,-1.68236,0.0705732
5.76558,2.46172,-0.0863009,-2.76924,-1.48869,-0.270388,-1.68261,0.0706696
5.76668,2.46164,-0.0865443,-2.76925,-1.48843,-0.270308,-1.68285,0.070766
5.76898,2.46157,-0.0867873,-2.76925,-1.48816,-0.270228,-1.6831,0.0708625
5.77017,2.46149,-0.0870299,-2.76926,-1.4879,-0.270148,-1.68334,0.0709591
5.77135,2.46142,-0.087272,-2.76926,-1.48764,-0.270067,-1.68358,0.0710557
5.77305,2.46134,-0.0875138,-2.76927,-1.48738,-0.269986,-1.68383,0.0711524
5.77425,2.46127,-0.0877552,-2.76927,-1.48712,-0.269904,-1.68407,0.0712492
5.77594,2.46119,-0.0879961,-2.76928,-1.48686,-0.269822,-1.68431,0.0713461
5.77652,2.46112,-0.0882367,-2.76928,-1.4866,-0.26974,-1.68456,0.0714431
5.7783,2.46104,-0.0884768,-2.76929,-1.48635,-0.269657,-1.6848,0.0715401
5.77892,2.46096,-0.0887165,-2.76929,-1.48609,-0.269574,-1.68504,0.0716373
5.78132,2.46089,-0.0889558,-2.7693,-1.48583,-0.26949,-1.68529,0.0717345
5.78192,2.46081,-0.0891947,-2.7693,-1.48557,-0.269406,-1.68553,0.0718318
5.78308,2.46074,-0.0894332,-2.76931,-1.48531,-0.269322,-1.68577,0.0719292
5.78428,2.46066,-0.0896713,-2.76931,-1.48505,-0.269237,-1.68601,0.0720267
5.78496,2.46058,-0.0899089,-2.76932,-1.4848,-0.269152,-1.68626,0.0721243
5.7872,2.46051,-0.0901461,-2.76932,-1.48454,-0.269066,-1.6865,0.072222
5.78836,2.46043,-0.0903829,-2.76933,-1.48428,-0.26898,-1.68674,0.0723198
5.78961,2.46035,-0.0906193,-2.76933,-1.48403,-0.268893,-1.68698,0.0724177
5.79022,2.46028,-0.0908552,-2.76934,-1.48377,-0.268807,-1.68722,0.0725156
5.79136,2.4602,-0.0910908,-2.76934,-1.48351,-0.268719,-1.68746,0.0726137
5.79316,2.46012,-0.0913259,-2.76934,-1.48326,-0.268632,-1.68771,0.0727118
5.79439,2.45997,-0.0917949,-2.76935,-1.48275,-0.268455,-1.68819,0.0729083
5.79569,2.45989,-0.0920288,-2.76936,-1.48249,-0.268366,-1.68843,0.0730067
5.79622,2.45981,-0.0922622,-2.76936,-1.48224,-0.268277,-1.68867,0.0731052
5.79726,2.45974,-0.0924953,-2.76936,-1.48198,-0.268187,-1.68891,0.0732038
5.79906,2.45966,-0.092728,-2.76937,-1.48173,-0.268097,-1.68915,0.0733024
5.79959,2.45958,-0.0929602,-2.76937,-1.48148,-0.268006,-1.68939,0.0734011
5.80026,2.4595,-0.093192,-2.76937,-1.48122,-0.267915,-1.68963,0.0734999
5.80172,2.45942,-0.0934235,-2.76938,-1.48097,-0.267824,-1.68987,0.0735987
5.80265,2.45935,-0.0936545,-2.76938,-1.48072,-0.267732,-1.69011,0.0736976
5.80331,2.45927,-0.0938851,-2.76938,-1.48046,-0.26764,-1.69035,0.0737966
5.80449,2.45919,-0.0941154,-2.76939,-1.48021,-0.267548,-1.69059,0.0738956
5.8056,2.45911,-0.0943452,-2.76939,-1.47996,-0.267455,-1.69083,0.0739947
5.80679,2.45903,-0.0945746,-2.76939,-1.47971,-0.267362,-1.69106,0.0740938
5.80746,2.45895,-0.0948036,-2.7694,-1.47946,-0.267268,-1.6913,0.0741931
5.80862,2.45887,-0.0950322,-2.7694,-1.47921,-0.267175,-1.69154,0.0742924
5.80977,2.4588,-0.0952604,-2.7694,-1.47895,-0.26708,-1.69178,0.0743917
5.81057,2.45872,-0.0954882,-2.76941,-1.4787,-0.266986,-1.69202,0.0744911
5.81165,2.45864,-0.0957156,-2.76941,-1.47845,-0.266891,-1.69226,0.0745906
5.81299,2.45856,-0.0959426,-2.76941,-1.4782,-0.266795,-1.69249,0.0746902
5.81403,2.45848,-0.0961692,-2.76941,-1.47795,-0.266699,-1.69273,0.0747898
5.81524,2.4584,-0.0963954,-2.76942,-1.4777,-0.266603,-1.69297,0.0748894
5.81647,2.45832,-0.0966212,-2.76942,-1.47745,-0.266507,-1.69321,0.0749891
5.8176,2.45824,-0.0968466,-2.76942,-1.4772,-0.26641,-1.69344,0.0750889
5.81858,2.45816,-0.0970716,-2.76942,-1.47696,-0.266313,-1.69368,0.0751887
5.8196,2.45808,-0.0972962,-2.76943,-1.47671,-0.266215,-1.69392,0.0752886
5.82122,2.458,-0.0975203,-2.76943,-1.47646,-0.266117,-1.69415,0.0753886
5.82179,2.45792,-0.0977441,-2.76943,-1.47621,-0.266019,-1.69439,0.0754887
5.82306,2.45784,-0.0979674,-2.76943,-1.47596,-0.26592,-1.69463,0.0755888
5.82419,2.45776,-0.0981903,-2.76943,-1.47572,-0.265821,-1.69486,0.075689
5.82539,2.45768,-0.0984128,-2.76944,-1.47547,-0.265721,-1.6951,0.0757892
5.82659,2.4576,-0.0986349,-2.76944,-1.47522,-0.265621,-1.69533,0.0758895
5.82727,2.45752,-0.0988566,-2.76944,-1.47498,-0.265521,-1.69557,0.0759898
5.82855,2.45744,-0.0990779,-2.76944,-1.47473,-0.265421,-1.6958,0.0760903
5.82971,2.45736,-0.0992988,-2.76944,-1.47448,-0.26532,-1.69604,0.0761908
5.83049,2.45728,-0.0995192,-2.76944,-1.47424,-0.265218,-1.69628,0.0762913
5.83156,2.4572,-0.0997393,-2.76944,-1.47399,-0.265117,-1.69651,0.076392
5.83328,2.45712,-0.0999589,-2.76945,-1.47375,-0.265015,-1.69674,0.0764927
5.83385,2.45704,-0.100178,-2.76945,-1.4735,-0.264912,-1.69698,0.0765934
5.83449,2.45696,-0.100397,-2.76945,-1.47326,-0.264809,-1.69721,0.0766943
5.83626,2.45687,-0.100615,-2.76945,-1.47302,-0.264706,-1.69745,0.0767952
5.83783,2.45679,-0.100833,-2.76945,-1.47277,-0.264603,-1.69768,0.0768962
5.83785,2.45671,-0.101051,-2.76945,-1.47253,-0.264499,-1.69792,0.0769972
5.83864,2.45663,-0.101268,-2.76945,-1.47228,-0.264394,-1.69815,0.0770983
5.8398,2.45655,-0.101485,-2.76945,-1.47204,-0.26429,-1.69838,0.0771995
5.84164,2.45647,-0.101701,-2.76945,-1.4718,-0.264185,-1.69862,0.0773007
5.8417,2.45638,-0.101917,-2.76945,-1.47156,-0.264079,-1.69885,0.0774019
5.84285,2.4563,-0.102133,-2.76945,-1.47131,-0.263974,-1.69908,0.0775033
5.8446,2.45614,-0.102563,-2.76945,-1.47083,-0.263761,-1.69955,0.0777061
5.84589,2.45606,-0.102777,-2.76945,-1.47059,-0.263654,-1.69978,0.0778076
5.84693,2.45597,-0.102991,-2.76945,-1.47035,-0.263547,-1.70001,0.0779092
5.84807,2.45589,-0.103205,-2.76945,-1.47011,-0.26344,-1.70024,0.0780108
5.84871,2.45581,-0.103418,-2.76945,-1.46987,-0.263332,-1.70047,0.0781125
5.85093,2.45573,-0.103631,-2.76945,-1.46963,-0.263224,-1.70071,0.0782143
5.85199,2.45556,-0.104055,-2.76945,-1.46915,-0.263007,-1.70117,0.0784181
5.85316,2.45548,-0.104267,-2.76945,-1.46891,-0.262897,-1.7014,0.0785201
5.85387,2.4554,-0.104478,-2.76945,-1.46867,-0.262788,-1.70163,0.0786221
5.85504,2.45532,-0.104689,-2.76945,-1.46843,-0.262678,-1.70186,0.0787243
5.8562,2.45523,-0.104899,-2.76945,-1.46819,-0.262567,-1.70209,0.0788265
5.8569,2.45515,-0.105109,-2.76945,-1.46796,-0.262457,-1.70232,0.0789288
5.85803,2.45507,-0.105318,-2.76945,-1.46772,-0.262346,-1.70255,0.0790312
5.8592,2.45499,-0.105528,-2.76945,-1.46748,-0.262234,-1.70278,0.0791337
5.86037,2.4549,-0.105736,-2.76945,-1.46724,-0.262123,-1.70301,0.0792362
5.86101,2.45482,-0.105945,-2.76945,-1.46701,-0.262011,-1.70324,0.0793388
5.86216,2.45474,-0.106153,-2.76945,-1.46677,-0.261898,-1.70347,0.0794414
5.86331,2.45466,-0.10636,-2.76945,-1.46653,-0.261786,-1.7037,0.0795441
5.86451,2.45457,-0.106567,-2.76945,-1.4663,-0.261672,-1.70393,0.0796469
5.8657,2.45449,-0.106774,-2.76945,-1.46606,-0.261559,-1.70416,0.0797498
5.86633,2.45441,-0.10698,-2.76945,-1.46583,-0.261445,-1.70439,0.0798527
5.86754,2.45432,-0.107186,-2.76945,-1.46559,-0.261331,-1.70462,0.0799557
5.86871,2.45424,-0.107392,-2.76945,-1.46536,-0.261217,-1.70485,0.0800588
5.86935,2.45416,-0.107597,-2.76945,-1.46512,-0.261102,-1.70507,0.0801619
5.87072,2.45408,-0.107801,-2.76945,-1.46489,-0.260986,-1.7053,0.0802652
5.87177,2.45399,-0.108005,-2.76945,-1.46466,-0.260871,-1.70553,0.0803685
5.8724,2.45391,-0.108209,-2.76945,-1.46442,-0.260755,-1.70576,0.0804719
5.87357,2.45383,-0.108413,-2.76945,-1.46419,-0.260639,-1.70599,0.0805753
5.8747,2.45374,-0.108616,-2.76945,-1.46396,-0.260522,-1.70621,0.0806788
5.87537,2.45366,-0.108818,-2.76945,-1.46372,-0.260405,-1.70644,0.0807824
5.87667,2.45358,-0.109021,-2.76945,-1.46349,-0.260288,-1.70667,0.0808861
5.87785,2.45349,-0.109222,-2.76945,-1.46326,-0.26017,-1.70689,0.0809898
5.87855,2.45341,-0.109424,-2.76945,-1.46303,-0.260052,-1.70712,0.0810935
5.87989,2.45333,-0.109625,-2.76945,-1.4628,-0.259933,-1.70735,0.0811974
5.88173,2.45316,-0.110025,-2.76945,-1.46234,-0.259696,-1.7078,0.0814053
5.88282,2.45308,-0.110225,-2.76945,-1.46211,-0.259576,-1.70803,0.0815093
5.88383,2.453,-0.110424,-2.76945,-1.46188,-0.259456,-1.70825,0.0816134
5.8846,2.45291,-0.110623,-2.76945,-1.46165,-0.259336,-1.70848,0.0817176
5.88608,2.45283,-0.110822,-2.76945,-1.46142,-0.259216,-1.7087,0.0818218
5.88696,2.45275,-0.11102,-2.76945,-1.46119,-0.259095,-1.70893,0.0819261
5.8881,2.45266,-0.111218,-2.76945,-1.46096,-0.258974,-1.70915,0.0820305
5.88936,2.45258,-0.111415,-2.76945,-1.46073,-0.258852,-1.70938,0.0821349
5.88991,2.4525,-0.111612,-2.76945,-1.4605,-0.258731,-1.7096,0.0822394
5.8911,2.45241,-0.111809,-2.76945,-1.46027,-0.258609,-1.70983,0.0823439
5.89231,2.45233,-0.112005,-2.76945,-1.46005,-0.258486,-1.71005,0.0824485
5.89405,2.45225,-0.1122,-2.76945,-1.45982,-0.258363,-1.71028,0.0825532
5.89411,2.45216,-0.112396,-2.76945,-1.45959,-0.25824,-1.7105,0.082658
5.89602,2.45208,-0.11259,-2.76945,-1.45937,-0.258116,-1.71072,0.0827628
5.89614,2.452,-0.112785,-2.76945,-1.45914,-0.257993,-1.71095,0.0828677
5.89725,2.45191,-0.112979,-2.76945,-1.45891,-0.257868,-1.71117,0.0829727
5.89842,2.45183,-0.113173,-2.76945,-1.45869,-0.257744,-1.71139,0.0830777
5.90067,2.45174,-0.113366,-2.76945,-1.45846,-0.257619,-1.71162,0.0831828
5.90239,2.45166,-0.113558,-2.76945,-1.45824,-0.257493,-1.71184,0.0832879
5.90408,2.45158,-0.113751,-2.76945,-1.45801,-0.257368,-1.71206,0.0833932
5.90468,2.45149,-0.113943,-2.76945,-1.45779,-0.257242,-1.71229,0.0834985
5.90647,2.45141,-0.114134,-2.76945,-1.45756,-0.257115,-1.71251,0.083604
5.90815,2.45133,-0.114325,-2.76945,-1.45734,-0.256988,-1.71273,0.0837095
5.90932,2.45124,-0.114516,-2.76945,-1.45712,-0.256861,-1.71295,0.0838152
5.91018,2.45116,-0.114706,-2.76945,-1.4569,-0.256734,-1.71317,0.0839209
5.91138,2.45108,-0.114895,-2.76945,-1.45667,-0.256606,-1.7134,0.0840268
5.91196,2.45099,-0.115085,-2.76945,-1.45645,-0.256477,-1.71362,0.0841327
5.91317,2.45091,-0.115273,-2.76945,-1.45623,-0.256348,-1.71384,0.0842387
5.91434,2.45082,-0.115462,-2.76945,-1.45601,-0.256219,-1.71406,0.0843448
5.91552,2.45074,-0.11565,-2.76945,-1.45579,-0.256089,-1.71428,0.084451
5.91672,2.45065,-0.115837,-2.76945,-1.45557,-0.25596,-1.7145,0.0845573
5.91788,2.45057,-0.116024,-2.76945,-1.45535,-0.255829,-1.71472,0.0846637
5.91851,2.45049,-0.116211,-2.76945,-1.45513,-0.255698,-1.71494,0.0847701
5.92037,2.4504,-0.116397,-2.76945,-1.45491,-0.255567,-1.71516,0.0848767
5.92147,2.45032,-0.116582,-2.76945,-1.45469,-0.255436,-1.71538,0.0849833
5.92323,2.45023,-0.116768,-2.76945,-1.45447,-0.255304,-1.7156,0.08509
5.92456,2.45015,-0.116953,-2.76945,-1.45425,-0.255172,-1.71582,0.0851968
5.92608,2.45006,-0.117137,-2.76945,-1.45403,-0.255039,-1.71604,0.0853037
5.92726,2.44998,-0.117321,-2.76945,-1.45381,-0.254906,-1.71626,0.0854107
5.92847,2.4499,-0.117504,-2.76945,-1.4536,-0.254772,-1.71648,0.0855178
5.92967,2.44981,-0.117687,-2.76945,-1.45338,-0.254638,-1.7167,0.085625
5.93028,2.44973,-0.11787,-2.76945,-1.45316,-0.254504,-1.71692,0.0857323
5.93146,2.44964,-0.118052,-2.76945,-1.45295,-0.254369,-1.71714,0.0858397
5.93211,2.44956,-0.118234,-2.76945,-1.45273,-0.254234,-1.71736,0.0859472
5.93325,2.44947,-0.118415,-2.76945,-1.45251,-0.254099,-1.71757,0.0860548
5.93447,2.44939,-0.118596,-2.76945,-1.4523,-0.253963,-1.71779,0.0861625
5.93562,2.4493,-0.118776,-2.76945,-1.45208,-0.253827,-1.71801,0.0862702
5.93626,2.44922,-0.118956,-2.76945,-1.45187,-0.25369,-1.71823,0.0863781
5.93741,2.44913,-0.119135,-2.76945,-1.45166,-0.253553,-1.71845,0.086486
5.9386,2.44905,-0.119314,-2.76945,-1.45144,-0.253415,-1.71866,0.086594
5.93922,2.44896,-0.119493,-2.76945,-1.45123,-0.253278,-1.71888,0.086702
5.9406,2.44888,-0.119671,-2.76945,-1.45102,-0.253139,-1.7191,0.0868102
5.94154,2.44879,-0.119849,-2.76945,-1.4508,-0.253001,-1.71931,0.0869184
5.94268,2.44871,-0.120026,-2.76945,-1.45059,-0.252862,-1.71953,0.0870267
5.94336,2.44862,-0.120203,-2.76945,-1.45038,-0.252723,-1.71975,0.087135
5.9445,2.44853,-0.120379,-2.76945,-1.45017,-0.252583,-1.71996,0.0872435
5.94567,2.44845,-0.120555,-2.76945,-1.44996,-0.252443,-1.72018,0.087352
5.94689,2.44836,-0.120731,-2.76945,-1.44974,-0.252302,-1.72039,0.0874606
5.94787,2.44828,-0.120906,-2.76945,-1.44953,-0.252162,-1.72061,0.0875692
5.95028,2.44819,-0.121081,-2.76945,-1.44932,-0.25202,-1.72083,0.0876779
5.95155,2.44811,-0.121255,-2.76945,-1.44911,-0.251879,-1.72104,0.0877867
5.95306,2.44802,-0.121429,-2.76945,-1.4489,-0.251737,-1.72126,0.0878956
5.95422,2.44793,-0.121602,-2.76945,-1.44869,-0.251595,-1.72147,0.0880046
5.95602,2.44785,-0.121775,-2.76945,-1.44849,-0.251452,-1.72169,0.0881137
5.95834,2.44776,-0.121948,-2.76945,-1.44828,-0.251309,-1.7219,0.0882228
5.95957,2.44759,-0.122291,-2.76945,-1.44786,-0.251021,-1.72233,0.0884415
5.96074,2.4475,-0.122462,-2.76945,-1.44765,-0.250877,-1.72254,0.0885509
5.96192,2.44742,-0.122633,-2.76945,-1.44745,-0.250732,-1.72276,0.0886605
5.96256,2.44733,-0.122803,-2.76945,-1.44724,-0.250587,-1.72297,0.0887702
5.96372,2.44725,-0.122973,-2.76945,-1.44703,-0.250442,-1.72318,0.0888799
5.96487,2.44716,-0.123142,-2.76945,-1.44683,-0.250296,-1.7234,0.0889897
5.96573,2.44707,-0.123311,-2.76945,-1.44662,-0.250149,-1.72361,0.0890996
5.96666,2.44699,-0.12348,-2.76945,-1.44642,-0.250003,-1.72382,0.0892096
5.96862,2.4469,-0.123648,-2.76945,-1.44621,-0.249856,-1.72404,0.0893197
5.96875,2.44681,-0.123815,-2.76945,-1.44601,-0.249708,-1.72425,0.0894298
5.96995,2.44673,-0.123982,-2.76945,-1.4458,-0.24956,-1.72446,0.08954
5.97109,2.44664,-0.124149,-2.76945,-1.4456,-0.249412,-1.72467,0.0896503
5.97175,2.44655,-0.124315,-2.76945,-1.4454,-0.249263,-1.72489,0.0897607
5.97289,2.44647,-0.124481,-2.76945,-1.44519,-0.249114,-1.7251,0.0898712
5.97404,2.44638,-0.124646,-2.76945,-1.44499,-0.248965,-1.72531,0.0899817
5.97466,2.44629,-0.124811,-2.76945,-1.44479,-0.248815,-1.72552,0.0900923
5.9759,2.44621,-0.124976,-2.76945,-1.44459,-0.248665,-1.72573,0.0902029
5.97714,2.44612,-0.12514,-2.76945,-1.44439,-0.248515,-1.72594,0.0903137
5.97825,2.44603,-0.125303,-2.76945,-1.44419,-0.248364,-1.72615,0.0904244
5.97877,2.44595,-0.125466,-2.76945,-1.44398,-0.248213,-1.72636,0.0905353
5.98073,2.44586,-0.125629,-2.76945,-1.44378,-0.248061,-1.72657,0.0906462
5.98078,2.44577,-0.125791,-2.76945,-1.44358,-0.247909,-1.72678,0.0907572
5.98193,2.44568,-0.125953,-2.76945,-1.44338,-0.247757,-1.72699,0.0908683
5.98306,2.4456,-0.126115,-2.76945,-1.44318,-0.247605,-1.7272,0.0909794
5.98369,2.44551,-0.126276,-2.76945,-1.44299,-0.247452,-1.72741,0.0910906
5.98487,2.44542,-0.126436,-2.76945,-1.44279,-0.247298,-1.72762,0.0912018
5.98687,2.44525,-0.126756,-2.76945,-1.44239,-0.246991,-1.72804,0.0914245
5.98802,2.44516,-0.126916,-2.76945,-1.44219,-0.246836,-1.72825,0.091536
5.98917,2.44507,-0.127074,-2.76945,-1.442,-0.246682,-1.72846,0.0916474
5.98978,2.44499,-0.127233,-2.76945,-1.4418,-0.246527,-1.72867,0.091759
5.99175,2.44481,-0.127549,-2.76945,-1.44141,-0.246215,-1.72908,0.0919823
5.99303,2.44472,-0.127706,-2.76945,-1.44121,-0.246059,-1.72929,0.092094
5.99422,2.44464,-0.127863,-2.76945,-1.44102,-0.245903,-1.7295,0.0922058
5.99511,2.44455,-0.128019,-2.76945,-1.44082,-0.245746,-1.72971,0.0923176
5.99627,2.44446,-0.128175,-2.76945,-1.44063,-0.245589,-1.72991,0.0924295
5.99685,2.44437,-0.128331,-2.76945,-1.44043,-0.245432,-1.73012,0.0925415
5.99803,2.44429,-0.128486,-2.76945,-1.44024,-0.245274,-1.73033,0.0926535
5.9992,2.4442,-0.12864,-2.76945,-1.44004,-0.245116,-1.73053,0.0927656
5.99987,2.44411,-0.128795,-2.76945,-1.43985,-0.244958,-1.73074,0.0928777
6.00099,2.44402,-0.128949,-2.76945,-1.43966,-0.244799,-1.73095,0.0929899
6.00217,2.44394,-0.129102,-2.76945,-1.43947,-0.24464,-1.73115,0.0931022
6.00329,2.44385,-0.129255,-2.76945,-1.43927,-0.24448,-1.73136,0.0932145
6.00443,2.44376,-0.129408,-2.76945,-1.43908,-0.244321,-1.73157,0.0933268
6.00505,2.44367,-0.12956,-2.76945,-1.43889,-0.244161,-1.73177,0.0934392
6.00624,2.44358,-0.129712,-2.76945,-1.4387,-0.244,-1.73198,0.0935517
6.00746,2.4435,-0.129863,-2.76945,-1.43851,-0.24384,-1.73218,0.0936643
6.00807,2.44341,-0.130014,-2.76945,-1.43832,-0.243679,-1.73239,0.0937769
6.00931,2.44332,-0.130164,-2.76945,-1.43813,-0.243517,-1.73259,0.0938895
6.01049,2.44323,-0.130315,-2.76945,-1.43794,-0.243355,-1.7328,0.0940023
6.01203,2.44314,-0.130464,-2.76945,-1.43775,-0.243193,-1.733,0.094115
6.01244,2.44306,-0.130614,-2.76945,-1.43756,-0.243031,-1.7332,0.0942279
6.01342,2.44297,-0.130763,-2.76945,-1.43737,-0.242868,-1.73341,0.0943408
6.01545,2.44288,-0.130911,-2.76945,-1.43718,-0.242706,-1.73361,0.0944537
6.01549,2.44279,-0.131059,-2.76945,-1.43699,-0.242542,-1.73381,0.0945667
6.01663,2.44271,-0.131207,-2.76945,-1.43681,-0.242379,-1.73402,0.0946798
6.01733,2.44262,-0.131354,-2.76945,-1.43662,-0.242215,-1.73422,0.0947929
6.01847,2.44253,-0.131501,-2.76945,-1.43643,-0.242051,-1.73442,0.0949061
6.01963,2.44244,-0.131648,-2.76945,-1.43625,-0.241886,-1.73463,0.0950193
6.02146,2.44235,-0.131794,-2.76945,-1.43606,-0.241721,-1.73483,0.0951326
6.02148,2.44226,-0.13194,-2.76945,-1.43587,-0.241556,-1.73503,0.095246
6.02264,2.44218,-0.132085,-2.76945,-1.43569,-0.24139,-1.73523,0.0953594
6.02381,2.44209,-0.13223,-2.76945,-1.4355,-0.241225,-1.73544,0.0954729
6.02442,2.442,-0.132374,-2.76945,-1.43532,-0.241058,-1.73564,0.0955864
6.02645,2.44191,-0.132518,-2.76945,-1.43513,-0.240892,-1.73584,0.0957001
6.02683,2.44182,-0.132662,-2.76945,-1.43495,-0.240725,-1.73604,0.0958137
6.02746,2.44174,-0.132805,-2.76945,-1.43477,-0.240558,-1.73624,0.0959274
6.02935,2.44165,-0.132948,-2.76945,-1.43458,-0.24039,-1.73644,0.0960412
6.02996,2.44156,-0.13309,-2.76945,-1.4344,-0.240223,-1.73664,0.0961551
6.03055,2.44147,-0.133232,-2.76945,-1.43422,-0.240054,-1.73685,0.096269
6.0323,2.44138,-0.133374,-2.76945,-1.43403,-0.239886,-1.73705,0.096383
6.03294,2.44129,-0.133515,-2.76945,-1.43385,-0.239717,-1.73725,0.096497
6.03353,2.44121,-0.133656,-2.76945,-1.43367,-0.239548,-1.73745,0.0966111
6.03482,2.44112,-0.133796,-2.76945,-1.43349,-0.239379,-1.73765,0.0967253
6.03567,2.44103,-0.133936,-2.76945,-1.43331,-0.239209,-1.73785,0.0968395
6.03687,2.44094,-0.134075,-2.76945,-1.43313,-0.239039,-1.73804,0.0969538
6.03806,2.44085,-0.134214,-2.76945,-1.43295,-0.238868,-1.73824,0.0970681
6.03919,2.44076,-0.134353,-2.76945,-1.43277,-0.238697,-1.73844,0.0971826
6.03983,2.44068,-0.134491,-2.76945,-1.43259,-0.238526,-1.73864,0.097297
6.04165,2.44059,-0.134629,-2.76945,-1.43241,-0.238355,-1.73884,0.0974116
6.04232,2.4405,-0.134766,-2.76945,-1.43223,-0.238183,-1.73904,0.0975262
6.04297,2.44041,-0.134903,-2.76945,-1.43205,-0.238011,-1.73924,0.0976408
6.04406,2.44032,-0.135039,-2.76945,-1.43188,-0.237839,-1.73944,0.0977555
6.04528,2.44023,-0.135175,-2.76945,-1.4317,-0.237666,-1.73963,0.0978703
6.04588,2.44015,-0.135311,-2.76945,-1.43152,-0.237493,-1.73983,0.0979852
6.04701,2.44006,-0.135446,-2.76945,-1.43135,-0.237319,-1.74003,0.0981001
6.04818,2.43997,-0.135581,-2.76945,-1.43117,-0.237146,-1.74023,0.098215
6.04994,2.43988,-0.135715,-2.76945,-1.43099,-0.236972,-1.74042,0.0983301
6.04996,2.43979,-0.135849,-2.76945,-1.43082,-0.236797,-1.74062,0.0984451
6.05109,2.4397,-0.135983,-2.76945,-1.43064,-0.236623,-1.74082,0.0985603
6.05238,2.43961,-0.136116,-2.76945,-1.43047,-0.236448,-1.74101,0.0986755
6.05399,2.43953,-0.136249,-2.76945,-1.43029,-0.236272,-1.74121,0.0987907
6.05406,2.43944,-0.136381,-2.76945,-1.43012,-0.236097,-1.74141,0.098906
6.05578,2.43935,-0.136513,-2.76945,-1.42995,-0.235921,-1.7416,0.0990213
6.05641,2.43926,-0.136644,-2.76945,-1.42977,-0.235745,-1.7418,0.0991367
6.05757,2.43917,-0.136775,-2.76945,-1.4296,-0.235568,-1.74199,0.0992522
6.05813,2.43908,-0.136906,-2.76945,-1.42943,-0.235391,-1.74219,0.0993677
6.05949,2.43899,-0.137036,-2.76945,-1.42926,-0.235214,-1.74238,0.0994833
6.06052,2.4389,-0.137166,-2.76945,-1.42908,-0.235036,-1.74258,0.0995989
6.06171,2.43882,-0.137295,-2.76945,-1.42891,-0.234859,-1.74277,0.0997146
6.06231,2.43873,-0.137424,-2.76945,-1.42874,-0.23468,-1.74297,0.0998304
6.0635,2.43864,-0.137553,-2.76945,-1.42857,-0.234502,-1.74316,0.0999462
6.06466,2.43855,-0.137681,-2.76945,-1.4284,-0.234323,-1.74335,0.100062
6.06586,2.43846,-0.137809,-2.76945,-1.42823,-0.234144,-1.74355,0.100178
6.06653,2.43837,-0.137936,-2.76945,-1.42806,-0.233965,-1.74374,0.100294
6.06769,2.43828,-0.138063,-2.76945,-1.42789,-0.233785,-1.74394,0.10041
6.06875,2.4382,-0.138189,-2.76945,-1.42773,-0.233605,-1.74413,0.100526
6.06934,2.43811,-0.138315,-2.76945,-1.42756,-0.233425,-1.74432,0.100642
6.07056,2.43802,-0.138441,-2.76945,-1.42739,-0.233244,-1.74451,0.100759
6.07171,2.43793,-0.138566,-2.76945,-1.42722,-0.233063,-1.74471,0.100875
6.07288,2.43784,-0.138691,-2.76945,-1.42705,-0.232882,-1.7449,0.100991
6.07468,2.43775,-0.138815,-2.76945,-1.42689,-0.2327,-1.74509,0.101108
6.07581,2.43757,-0.139063,-2.76945,-1.42655,-0.232336,-1.74548,0.101341
6.07697,2.43748,-0.139186,-2.76945,-1.42639,-0.232153,-1.74567,0.101457
6.07767,2.4374,-0.139309,-2.76945,-1.42622,-0.231971,-1.74586,0.101574
6.07942,2.43731,-0.139431,-2.76945,-1.42606,-0.231787,-1.74605,0.10169
6.08065,2.43713,-0.139675,-2.76945,-1.42573,-0.23142,-1.74643,0.101924
6.08181,2.43704,-0.139796,-2.76945,-1.42557,-0.231236,-1.74662,0.102041
6.08305,2.43695,-0.139917,-2.76945,-1.4254,-0.231052,-1.74681,0.102158
6.0842,2.43686,-0.140037,-2.76945,-1.42524,-0.230867,-1.747,0.102275
6.08483,2.43677,-0.140157,-2.76945,-1.42508,-0.230682,-1.74719,0.102392
6.08603,2.43669,-0.140277,-2.76945,-1.42492,-0.230497,-1.74738,0.102509
6.08665,2.4366,-0.140396,-2.76945,-1.42475,-0.230311,-1.74757,0.102626
6.08782,2.43651,-0.140515,-2.76945,-1.42459,-0.230126,-1.74776,0.102743
6.08906,2.43642,-0.140633,-2.76945,-1.42443,-0.229939,-1.74795,0.10286
6.08967,2.43633,-0.140751,-2.76945,-1.42427,-0.229753,-1.74814,0.102977
6.09084,2.43624,-0.140868,-2.76945,-1.42411,-0.229566,-1.74833,0.103095
6.09202,2.43615,-0.140985,-2.76945,-1.42395,-0.229379,-1.74852,0.103212
6.0933,2.43606,-0.141102,-2.76945,-1.42379,-0.229192,-1.7487,0.103329
6.09391,2.43597,-0.141218,-2.76945,-1.42363,-0.229004,-1.74889,0.103447
6.09506,2.43589,-0.141334,-2.76945,-1.42347,-0.228816,-1.74908,0.103564
6.0957,2.4358,-0.141449,-2.76945,-1.42331,-0.228628,-1.74927,0.103682
6.09748,2.43571,-0.141564,-2.76945,-1.42316,-0.228439,-1.74946,0.1038
6.09801,2.43562,-0.141679,-2.76945,-1.423,-0.22825,-1.74964,0.103917
6.09862,2.43553,-0.141793,-2.76945,-1.42284,-0.228061,-1.74983,0.104035
6.09979,2.43544,-0.141907,-2.76945,-1.42268,-0.227872,-1.75002,0.104153
6.101,2.43535,-0.142021,-2.76945,-1.42253,-0.227682,-1.7502,0.10427
6.10221,2.43526,-0.142134,-2.76945,-1.42237,-0.227492,-1.75039,0.104388
6.10283,2.43517,-0.142246,-2.76945,-1.42221,-0.227301,-1.75058,0.104506
6.10454,2.43509,-0.142358,-2.76945,-1.42206,-0.227111,-1.75076,0.104624
6.10516,2.435,-0.14247,-2.76945,-1.4219,-0.22692,-1.75095,0.104742
6.10637,2.43491,-0.142582,-2.76945,-1.42175,-0.226729,-1.75113,0.10486
6.10694,2.43482,-0.142693,-2.76945,-1.4216,-0.226537,-1.75132,0.104979
6.10882,2.43473,-0.142803,-2.76945,-1.42144,-0.226345,-1.7515,0.105097
6.1089,2.43464,-0.142913,-2.76945,-1.42129,-0.226153,-1.75169,0.105215
6.11001,2.43455,-0.143023,-2.76945,-1.42114,-0.22596,-1.75187,0.105333
6.11118,2.43446,-0.143132,-2.76945,-1.42098,-0.225768,-1.75206,0.105452
6.11237,2.43438,-0.143241,-2.76945,-1.42083,-0.225575,-1.75224,0.10557
6.11361,2.43429,-0.14335,-2.76945,-1.42068,-0.225381,-1.75243,0.105689
6.11424,2.4342,-0.143458,-2.76945,-1.42053,-0.225188,-1.75261,0.105807
6.11541,2.43411,-0.143565,-2.76945,-1.42038,-0.224994,-1.7528,0.105926
6.11681,2.43402,-0.143673,-2.76945,-1.42022,-0.224799,-1.75298,0.106044
6.11746,2.43393,-0.14378,-2.76945,-1.42007,-0.224605,-1.75316,0.106163
6.11804,2.43384,-0.143886,-2.76945,-1.41992,-0.22441,-1.75335,0.106282
6.12009,2.43366,-0.144098,-2.76945,-1.41963,-0.224019,-1.75371,0.106519
6.12131,2.43358,-0.144203,-2.76945,-1.41948,-0.223823,-1.75389,0.106638
6.12253,2.43349,-0.144308,-2.76945,-1.41933,-0.223627,-1.75408,0.106757
6.12316,2.4334,-0.144412,-2.76945,-1.41918,-0.223431,-1.75426,0.106876
6.12433,2.43331,-0.144516,-2.76945,-1.41903,-0.223234,-1.75444,0.106995
6.12553,2.43322,-0.14462,-2.76945,-1.41889,-0.223037,-1.75462,0.107114
6.12615,2.43313,-0.144723,-2.76945,-1.41874,-0.22284,-1.7548,0.107234
6.12734,2.43304,-0.144826,-2.76945,-1.41859,-0.222643,-1.75499,0.107353
6.12851,2.43295,-0.144928,-2.76945,-1.41845,-0.222445,-1.75517,0.107472
6.12924,2.43286,-0.14503,-2.76945,-1.4183,-0.222247,-1.75535,0.107591
6.13036,2.43278,-0.145132,-2.76945,-1.41815,-0.222048,-1.75553,0.107711
6.13158,2.43269,-0.145233,-2.76945,-1.41801,-0.221849,-1.75571,0.10783
6.13222,2.4326,-0.145334,-2.76945,-1.41787,-0.22165,-1.75589,0.10795
6.13334,2.43251,-0.145434,-2.76945,-1.41772,-0.221451,-1.75607,0.108069
6.13509,2.43242,-0.145534,-2.76945,-1.41758,-0.221252,-1.75625,0.108189
6.13566,2.43233,-0.145634,-2.76945,-1.41743,-0.221052,-1.75643,0.108308
6.13627,2.43224,-0.145733,-2.76945,-1.41729,-0.220851,-1.75661,0.108428
6.13746,2.43215,-0.145832,-2.76945,-1.41715,-0.220651,-1.75679,0.108548
6.13862,2.43206,-0.14593,-2.76945,-1.41701,-0.22045,-1.75697,0.108667
6.13936,2.43198,-0.146028,-2.76945,-1.41686,-0.220249,-1.75714,0.108787
6.14071,2.43189,-0.146126,-2.76945,-1.41672,-0.220048,-1.75732,0.108907
6.14244,2.4318,-0.146223,-2.76945,-1.41658,-0.219846,-1.7575,0.109027
6.1425,2.43171,-0.14632,-2.76945,-1.41644,-0.219644,-1.75768,0.109147
6.14436,2.43162,-0.146416,-2.76945,-1.4163,-0.219442,-1.75786,0.109267
6.14547,2.43144,-0.146608,-2.76945,-1.41602,-0.219037,-1.75821,0.109507
6.14654,2.43135,-0.146703,-2.76945,-1.41588,-0.218834,-1.75839,0.109627
6.14826,2.43126,-0.146798,-2.76945,-1.41574,-0.218631,-1.75857,0.109747
6.14837,2.43117,-0.146892,-2.76945,-1.4156,-0.218427,-1.75874,0.109867
6.14978,2.43108,-0.146986,-2.76945,-1.41547,-0.218223,-1.75892,0.109988
6.15058,2.431,-0.14708,-2.76945,-1.41533,-0.218019,-1.7591,0.110108
6.15187,2.43091,-0.147173,-2.76945,-1.41519,-0.217814,-1.75927,0.110228
6.15273,2.43082,-0.147266,-2.76945,-1.41505,-0.21761,-1.75945,0.110348
6.15333,2.43073,-0.147358,-2.76945,-1.41492,-0.217405,-1.75963,0.110469
6.15455,2.43064,-0.14745,-2.76944,-1.41478,-0.2172,-1.7598,0.110589
6.15565,2.43055,-0.147542,-2.76944,-1.41465,-0.216994,-1.75998,0.110709
6.1568,2.43046,-0.147633,-2.76944,-1.41451,-0.216788,-1.76015,0.11083
6.15749,2.43037,-0.147724,-2.76944,-1.41438,-0.216582,-1.76033,0.11095
6.15861,2.43028,-0.147814,-2.76944,-1.41424,-0.216376,-1.7605,0.111071
6.15976,2.43019,-0.147904,-2.76944,-1.41411,-0.21617,-1.76068,0.111191
6.16048,2.4301,-0.147994,-2.76944,-1.41397,-0.215963,-1.76085,0.111312
6.16154,2.43001,-0.148083,-2.76944,-1.41384,-0.215756,-1.76102,0.111433
6.16356,2.42992,-0.148172,-2.76943,-1.41371,-0.215548,-1.7612,0.111553
6.16359,2.42983,-0.148261,-2.76943,-1.41357,-0.215341,-1.76137,0.111674
6.16474,2.42974,-0.148349,-2.76943,-1.41344,-0.215133,-1.76155,0.111794
6.16592,2.42965,-0.148437,-2.76943,-1.41331,-0.214925,-1.76172,0.111915
6.16665,2.42956,-0.148524,-2.76943,-1.41318,-0.214716,-1.76189,0.112036
6.16772,2.42947,-0.148611,-2.76943,-1.41305,-0.214507,-1.76206,0.112157
6.16949,2.42938,-0.148697,-2.76942,-1.41292,-0.214298,-1.76224,0.112278
6.17065,2.4292,-0.148869,-2.76942,-1.41266,-0.21388,-1.76258,0.112519
6.17241,2.42911,-0.148955,-2.76942,-1.41253,-0.21367,-1.76275,0.11264
6.17364,2.42902,-0.14904,-2.76942,-1.4124,-0.21346,-1.76293,0.112761
6.17367,2.42893,-0.149124,-2.76941,-1.41227,-0.213249,-1.7631,0.112882
6.17486,2.42884,-0.149209,-2.76941,-1.41214,-0.213039,-1.76327,0.113004
6.17554,2.42875,-0.149292,-2.76941,-1.41201,-0.212828,-1.76344,0.113125
6.17666,2.42866,-0.149376,-2.76941,-1.41189,-0.212617,-1.76361,0.113246
6.17784,2.42857,-0.149459,-2.7694,-1.41176,-0.212405,-1.76378,0.113367
6.1793,2.42848,-0.149541,-2.7694,-1.41163,-0.212194,-1.76395,0.113488
6.17985,2.42839,-0.149624,-2.7694,-1.4115,-0.211982,-1.76412,0.113609
6.18144,2.4283,-0.149705,-2.76939,-1.41138,-0.21177,-1.76429,0.113731
6.18201,2.42821,-0.149787,-2.76939,-1.41125,-0.211557,-1.76446,0.113852
6.18284,2.42812,-0.149868,-2.76939,-1.41113,-0.211344,-1.76463,0.113973
6.18386,2.42803,-0.149949,-2.76938,-1.411,-0.211131,-1.7648,0.114095
6.18501,2.42794,-0.150029,-2.76938,-1.41088,-0.210918,-1.76497,0.114216
6.18635,2.42785,-0.150109,-2.76938,-1.41075,-0.210705,-1.76514,0.114338
6.18683,2.42776,-0.150188,-2.76937,-1.41063,-0.210491,-1.76531,0.114459
6.18806,2.42766,-0.150267,-2.76937,-1.41051,-0.210277,-1.76548,0.114581
6.18917,2.42757,-0.150346,-2.76937,-1.41038,-0.210062,-1.76564,0.114702
6.18978,2.42748,-0.150424,-2.76936,-1.41026,-0.209848,-1.76581,0.114824
6.19095,2.42739,-0.150502,-2.76936,-1.41014,-0.209633,-1.76598,0.114946
6.19213,2.4273,-0.150579,-2.76936,-1.41002,-0.209418,-1.76615,0.115067
6.19271,2.42721,-0.150656,-2.76935,-1.4099,-0.209202,-1.76632,0.115189
6.19418,2.42712,-0.150733,-2.76935,-1.40978,-0.208986,-1.76648,0.115311
6.19505,2.42703,-0.150809,-2.76934,-1.40966,-0.20877,-1.76665,0.115432
6.19578,2.42694,-0.150885,-2.76934,-1.40954,-0.208554,-1.76682,0.115554
6.19705,2.42685,-0.150961,-2.76934,-1.40942,-0.208338,-1.76698,0.115676
6.19772,2.42675,-0.151036,-2.76933,-1.4093,-0.208121,-1.76715,0.115798
6.19894,2.42666,-0.151111,-2.76933,-1.40918,-0.207904,-1.76732,0.11592
6.20005,2.42657,-0.151185,-2.76932,-1.40906,-0.207687,-1.76748,0.116042
6.20126,2.42648,-0.151259,-2.76932,-1.40894,-0.207469,-1.76765,0.116164
6.20308,2.42639,-0.151333,-2.76931,-1.40882,-0.207251,-1.76781,0.116286
6.20423,2.42621,-0.151478,-2.7693,-1.40859,-0.206815,-1.76814,0.11653
6.20605,2.42611,-0.151551,-2.7693,-1.40847,-0.206596,-1.76831,0.116652
6.20613,2.42602,-0.151623,-2.76929,-1.40836,-0.206377,-1.76847,0.116774
6.20728,2.42593,-0.151694,-2.76929,-1.40824,-0.206158,-1.76864,0.116897
6.20856,2.42584,-0.151765,-2.76928,-1.40813,-0.205939,-1.7688,0.117019
6.20913,2.42575,-0.151836,-2.76928,-1.40801,-0.205719,-1.76896,0.117141
6.21051,2.42566,-0.151907,-2.76927,-1.4079,-0.205499,-1.76913,0.117263
6.21165,2.42556,-0.151977,-2.76926,-1.40778,-0.205279,-1.76929,0.117386
6.21236,2.42547,-0.152046,-2.76926,-1.40767,-0.205059,-1.76946,0.117508
6.21354,2.42538,-0.152116,-2.76925,-1.40755,-0.204838,-1.76962,0.11763
6.21426,2.42529,-0.152185,-2.76925,-1.40744,-0.204617,-1.76978,0.117753
6.2163,2.4252,-0.152253,-2.76924,-1.40733,-0.204396,-1.76994,0.117875
6.2167,2.4251,-0.152321,-2.76924,-1.40722,-0.204174,-1.77011,0.117998
6.21724,2.42501,-0.152389,-2.76923,-1.40711,-0.203953,-1.77027,0.11812
6.21843,2.42492,-0.152456,-2.76922,-1.40699,-0.203731,-1.77043,0.118243
6.21958,2.42483,-0.152523,-2.76922,-1.40688,-0.203509,-1.77059,0.118366
6.2202,2.42473,-0.15259,-2.76921,-1.40677,-0.203286,-1.77075,0.118488
6.22139,2.42464,-0.152656,-2.7692,-1.40666,-0.203063,-1.77092,0.118611
6.22257,2.42455,-0.152722,-2.7692,-1.40655,-0.20284,-1.77108,0.118734
6.22374,2.42446,-0.152787,-2.76919,-1.40644,-0.202617,-1.77124,0.118856
6.22493,2.42437,-0.152852,-2.76918,-1.40633,-0.202394,-1.7714,0.118979
6.22675,2.42427,-0.152917,-2.76918,-1.40622,-0.20217,-1.77156,0.119102
6.22785,2.42409,-0.153045,-2.76916,-1.40601,-0.201721,-1.77188,0.119348
6.22903,2.424,-0.153109,-2.76916,-1.4059,-0.201497,-1.77204,0.119471
6.22964,2.4239,-0.153172,-2.76915,-1.40579,-0.201272,-1.7722,0.119594
6.23085,2.42381,-0.153234,-2.76914,-1.40569,-0.201047,-1.77236,0.119717
6.232,2.42372,-0.153297,-2.76914,-1.40558,-0.200822,-1.77252,0.11984
6.23289,2.42362,-0.153359,-2.76913,-1.40548,-0.200596,-1.77268,0.119963
6.2339,2.42353,-0.15342,-2.76912,-1.40537,-0.20037,-1.77283,0.120086
6.23502,2.42344,-0.153481,-2.76911,-1.40526,-0.200144,-1.77299,0.120209
6.23565,2.42335,-0.153542,-2.76911,-1.40516,-0.199918,-1.77315,0.120332
6.23683,2.42325,-0.153603,-2.7691,-1.40506,-0.199691,-1.77331,0.120455
6.23796,2.42316,-0.153663,-2.76909,-1.40495,-0.199464,-1.77347,0.120579
6.23911,2.42307,-0.153722,-2.76908,-1.40485,-0.199237,-1.77362,0.120702
6.24086,2.42297,-0.153782,-2.76907,-1.40474,-0.19901,-1.77378,0.120825
6.24204,2.42279,-0.153899,-2.76906,-1.40454,-0.198555,-1.7741,0.121072
6.24267,2.4227,-0.153957,-2.76905,-1.40444,-0.198326,-1.77425,0.121195
6.24387,2.4226,-0.154015,-2.76904,-1.40434,-0.198098,-1.77441,0.121319
6.24501,2.42251,-0.154072,-2.76903,-1.40423,-0.197869,-1.77457,0.121442
6.24618,2.42242,-0.154129,-2.76902,-1.40413,-0.19764,-1.77472,0.121566
6.2468,2.42232,-0.154186,-2.76902,-1.40403,-0.197411,-1.77488,0.121689
6.24799,2.42223,-0.154242,-2.76901,-1.40393,-0.197182,-1.77503,0.121813
6.24918,2.42214,-0.154298,-2.769,-1.40383,-0.196952,-1.77519,0.121936
6.25036,2.42204,-0.154353,-2.76899,-1.40373,-0.196722,-1.77534,0.12206
6.25098,2.42195,-0.154408,-2.76898,-1.40364,-0.196492,-1.7755,0.122184
6.25214,2.42186,-0.154463,-2.76897,-1.40354,-0.196262,-1.77565,0.122307
6.25333,2.42176,-0.154517,-2.76896,-1.40344,-0.196031,-1.77581,0.122431
6.25397,2.42167,-0.154571,-2.76895,-1.40334,-0.1958,-1.77596,0.122555
6.25514,2.42158,-0.154625,-2.76894,-1.40324,-0.195569,-1.77612,0.122678
6.25632,2.42148,-0.154678,-2.76893,-1.40315,-0.195338,-1.77627,0.122802
6.25698,2.42139,-0.15473,-2.76892,-1.40305,-0.195106,-1.77642,0.122926
6.25813,2.42129,-0.154783,-2.76892,-1.40296,-0.194874,-1.77658,0.12305
6.2594,2.4212,-0.154835,-2.76891,-1.40286,-0.194642,-1.77673,0.123174
6.25995,2.42111,-0.154886,-2.7689,-1.40277,-0.19441,-1.77688,0.123298
6.26106,2.42101,-0.154937,-2.76889,-1.40267,-0.194177,-1.77704,0.123422
6.26225,2.42092,-0.154988,-2.76888,-1.40258,-0.193944,-1.77719,0.123546
6.26348,2.42083,-0.155039,-2.76887,-1.40248,-0.193711,-1.77734,0.12367
6.26404,2.42073,-0.155089,-2.76886,-1.40239,-0.193477,-1.77749,0.123794
6.26524,2.42064,-0.155138,-2.76885,-1.4023,-0.193244,-1.77764,0.123918
6.26644,2.42054,-0.155188,-2.76884,-1.4022,-0.19301,-1.7778,0.124042
6.26702,2.42045,-0.155236,-2.76883,-1.40211,-0.192776,-1.77795,0.124166
6.26819,2.42036,-0.155285,-2.76882,-1.40202,-0.192541,-1.7781,0.12429
6.26935,2.42026,-0.155333,-2.7688,-1.40193,-0.192306,-1.77825,0.124414
6.27055,2.42017,-0.155381,-2.76879,-1.40184,-0.192072,-1.7784,0.124539
6.27117,2.42007,-0.155428,-2.76878,-1.40174,-0.191836,-1.77855,0.124663
6.27233,2.41998,-0.155475,-2.76877,-1.40165,-0.191601,-1.7787,0.124787
6.27363,2.41989,-0.155522,-2.76876,-1.40156,-0.191365,-1.77885,0.124911
6.27412,2.41979,-0.155568,-2.76875,-1.40147,-0.191129,-1.779,0.125036
6.27529,2.4197,-0.155614,-2.76874,-1.40139,-0.190893,-1.77915,0.12516
6.2765,2.4196,-0.155659,-2.76873,-1.4013,-0.190657,-1.7793,0.125284
6.27719,2.41951,-0.155705,-2.76872,-1.40121,-0.19042,-1.77945,0.125409
6.27828,2.41941,-0.155749,-2.76871,-1.40112,-0.190184,-1.7796,0.125533
6.27946,2.41932,-0.155794,-2.7687,-1.40103,-0.189946,-1.77975,0.125658
6.28058,2.41923,-0.155838,-2.76868,-1.40094,-0.189709,-1.7799,0.125782
6.2812,2.41913,-0.155881,-2.76867,-1.40086,-0.189472,-1.78004,0.125907
6.2824,2.41904,-0.155925,-2.76866,-1.40077,-0.189234,-1.78019,0.126031
6.28354,2.41894,-0.155967,-2.76865,-1.40069,-0.188996,-1.78034,0.126156
6.28418,2.41885,-0.15601,-2.76864,-1.4006,-0.188757,-1.78049,0.126281
6.28533,2.41875,-0.156052,-2.76863,-1.40051,-0.188519,-1.78063,0.126405
6.28655,2.41866,-0.156094,-2.76861,-1.40043,-0.18828,-1.78078,0.12653
6.28716,2.41857,-0.156135,-2.7686,-1.40035,-0.188041,-1.78093,0.126655
6.2883,2.41847,-0.156176,-2.76859,-1.40026,-0.187802,-1.78108,0.126779
6.2895,2.41838,-0.156217,-2.76858,-1.40018,-0.187562,-1.78122,0.126904
6.29015,2.41828,-0.156257,-2.76857,-1.40009,-0.187323,-1.78137,0.127029
6.29133,2.41819,-0.156297,-2.76855,-1.40001,-0.187083,-1.78151,0.127154
6.29251,2.41809,-0.156337,-2.76854,-1.39993,-0.186842,-1.78166,0.127278
6.29316,2.418,-0.156376,-2.76853,-1.39985,-0.186602,-1.78181,0.127403
6.29435,2.4179,-0.156414,-2.76852,-1.39976,-0.186361,-1.78195,0.127528
6.29553,2.41781,-0.156453,-2.7685,-1.39968,-0.18612,-1.7821,0.127653
6.29616,2.41771,-0.156491,-2.76849,-1.3996,-0.185879,-1.78224,0.127778
6.29738,2.41762,-0.156529,-2.76848,-1.39952,-0.185638,-1.78239,0.127903
6.29856,2.41752,-0.156566,-2.76846,-1.39944,-0.185396,-1.78253,0.128028
6.29922,2.41743,-0.156603,-2.76845,-1.39936,-0.185154,-1.78267,0.128153
6.30037,2.41733,-0.156639,-2.76844,-1.39928,-0.184912,-1.78282,0.128278
6.30154,2.41724,-0.156675,-2.76843,-1.3992,-0.18467,-1.78296,0.128403
6.3027,2.41714,-0.156711,-2.76841,-1.39912,-0.184427,-1.78311,0.128528
6.30333,2.41705,-0.156747,-2.7684,-1.39905,-0.184185,-1.78325,0.128653
6.30451,2.41695,-0.156782,-2.76839,-1.39897,-0.183942,-1.78339,0.128778
6.30565,2.41686,-0.156817,-2.76837,-1.39889,-0.183698,-1.78353,0.128903
6.30629,2.41676,-0.156851,-2.76836,-1.39881,-0.183455,-1.78368,0.129028
6.30745,2.41667,-0.156885,-2.76835,-1.39874,-0.183211,-1.78382,0.129154
6.3086,2.41657,-0.156918,-2.76833,-1.39866,-0.182967,-1.78396,0.129279
6.30924,2.41648,-0.156952,-2.76832,-1.39859,-0.182723,-1.7841,0.129404
6.31043,2.41638,-0.156984,-2.7683,-1.39851,-0.182478,-1.78425,0.129529
6.31153,2.41629,-0.157017,-2.76829,-1.39843,-0.182234,-1.78439,0.129655
6.31271,2.41619,-0.157049,-2.76828,-1.39836,-0.181989,-1.78453,0.12978
6.31336,2.4161,-0.157081,-2.76826,-1.39829,-0.181744,-1.78467,0.129905
6.31451,2.416,-0.157112,-2.76825,-1.39821,-0.181498,-1.78481,0.130031
6.31563,2.41591,-0.157143,-2.76823,-1.39814,-0.181253,-1.78495,0.130156
6.31629,2.41581,-0.157174,-2.76822,-1.39806,-0.181007,-1.78509,0.130282
6.31758,2.41572,-0.157204,-2.76821,-1.39799,-0.180761,-1.78523,0.130407
6.3187,2.41562,-0.157234,-2.76819,-1.39792,-0.180514,-1.78537,0.130532
6.31934,2.41553,-0.157264,-2.76818,-1.39785,-0.180268,-1.78551,0.130658
6.32051,2.41543,-0.157293,-2.76816,-1.39778,-0.180021,-1.78565,0.130783
6.32168,2.41534,-0.157322,-2.76815,-1.3977,-0.179774,-1.78579,0.130909
6.32238,2.41524,-0.15735,-2.76813,-1.39763,-0.179527,-1.78593,0.131035
6.3235,2.41515,-0.157378,-2.76812,-1.39756,-0.179279,-1.78607,0.13116
6.32465,2.41505,-0.157406,-2.7681,-1.39749,-0.179032,-1.78621,0.131286
6.32532,2.41496,-0.157433,-2.76809,-1.39742,-0.178784,-1.78635,0.131411
6.32647,2.41486,-0.15746,-2.76807,-1.39735,-0.178536,-1.78648,0.131537
6.32764,2.41476,-0.157487,-2.76806,-1.39729,-0.178287,-1.78662,0.131663
6.32883,2.41467,-0.157513,-2.76804,-1.39722,-0.178039,-1.78676,0.131788
6.32956,2.41457,-0.157539,-2.76803,-1.39715,-0.17779,-1.7869,0.131914
6.33076,2.41448,-0.157565,-2.76801,-1.39708,-0.177541,-1.78703,0.13204
6.33145,2.41438,-0.15759,-2.768,-1.39701,-0.177292,-1.78717,0.132165
6.33261,2.41429,-0.157615,-2.76798,-1.39695,-0.177042,-1.78731,0.132291
6.33381,2.41419,-0.157639,-2.76796,-1.39688,-0.176793,-1.78744,0.132417
6.33442,2.4141,-0.157663,-2.76795,-1.39681,-0.176543,-1.78758,0.132543
6.33566,2.414,-0.157687,-2.76793,-1.39675,-0.176292,-1.78772,0.132669
6.33676,2.4139,-0.15771,-2.76792,-1.39668,-0.176042,-1.78785,0.132795
6.33764,2.41381,-0.157733,-2.7679,-1.39662,-0.175792,-1.78799,0.13292
6.33878,2.41371,-0.157756,-2.76789,-1.39655,-0.175541,-1.78812,0.133046
6.33939,2.41362,-0.157778,-2.76787,-1.39649,-0.17529,-1.78826,0.133172
6.34055,2.41352,-0.1578,-2.76785,-1.39643,-0.175038,-1.78839,0.133298
6.34171,2.41343,-0.157822,-2.76784,-1.39636,-0.174787,-1.78853,0.133424
6.34247,2.41333,-0.157843,-2.76782,-1.3963,-0.174535,-1.78866,0.13355
6.34351,2.41324,-0.157864,-2.7678,-1.39624,-0.174283,-1.7888,0.133676
6.34469,2.41314,-0.157885,-2.76779,-1.39617,-0.174031,-1.78893,0.133802
6.34581,2.41304,-0.157905,-2.76777,-1.39611,-0.173779,-1.78907,0.133928
6.34641,2.41295,-0.157925,-2.76775,-1.39605,-0.173526,-1.7892,0.134054
6.34763,2.41285,-0.157944,-2.76774,-1.39599,-0.173274,-1.78933,0.13418
6.34869,2.41276,-0.157963,-2.76772,-1.39593,-0.173021,-1.78947,0.134306
6.34932,2.41266,-0.157982,-2.7677,-1.39587,-0.172767,-1.7896,0.134432
6.3505,2.41257,-0.158,-2.76769,-1.39581,-0.172514,-1.78973,0.134558
6.35168,2.41247,-0.158018,-2.76767,-1.39575,-0.17226,-1.78986,0.134684
6.35286,2.41237,-0.158036,-2.76765,-1.39569,-0.172006,-1.79,0.134811
6.35352,2.41228,-0.158053,-2.76764,-1.39563,-0.171752,-1.79013,0.134937
6.3547,2.41218,-0.15807,-2.76762,-1.39557,-0.171498,-1.79026,0.135063
6.35585,2.41209,-0.158087,-2.7676,-1.39552,-0.171243,-1.79039,0.135189
6.35648,2.41199,-0.158103,-2.76758,-1.39546,-0.170989,-1.79052,0.135315
6.35764,2.4119,-0.158119,-2.76757,-1.3954,-0.170734,-1.79065,0.135441
6.35881,2.4118,-0.158134,-2.76755,-1.39534,-0.170479,-1.79078,0.135568
6.35945,2.4117,-0.15815,-2.76753,-1.39529,-0.170223,-1.79091,0.135694
6.3606,2.41161,-0.158164,-2.76751,-1.39523,-0.169968,-1.79105,0.13582
6.36175,2.41151,-0.158179,-2.7675,-1.39518,-0.169712,-1.79118,0.135946
6.36236,2.41142,-0.158193,-2.76748,-1.39512,-0.169456,-1.79131,0.136073
6.36369,2.41132,-0.158207,-2.76746,-1.39507,-0.1692,-1.79144,0.136199
6.36488,2.41123,-0.15822,-2.76744,-1.39501,-0.168943,-1.79156,0.136325
6.36589,2.41113,-0.158233,-2.76742,-1.39496,-0.168686,-1.79169,0.136452
6.36651,2.41103,-0.158246,-2.76741,-1.3949,-0.16843,-1.79182,0.136578
6.36776,2.41094,-0.158258,-2.76739,-1.39485,-0.168172,-1.79195,0.136705
6.36887,2.41084,-0.15827,-2.76737,-1.3948,-0.167915,-1.79208,0.136831
6.36947,2.41075,-0.158282,-2.76735,-1.39474,-0.167658,-1.79221,0.136957
6.37126,2.41065,-0.158293,-2.76733,-1.39469,-0.1674,-1.79234,0.137084
6.3726,2.41046,-0.158315,-2.7673,-1.39459,-0.166884,-1.79259,0.137337
6.37374,2.41036,-0.158325,-2.76728,-1.39454,-0.166625,-1.79272,0.137463
6.37488,2.41027,-0.158335,-2.76726,-1.39449,-0.166367,-1.79285,0.13759
6.37559,2.41017,-0.158344,-2.76724,-1.39444,-0.166108,-1.79297,0.137716
6.37672,2.41008,-0.158354,-2.76722,-1.39439,-0.165849,-1.7931,0.137843
6.37788,2.40998,-0.158362,-2.7672,-1.39434,-0.16559,-1.79323,0.137969
6.37981,2.40988,-0.158371,-2.76718,-1.39429,-0.16533,-1.79335,0.138096
6.38089,2.40969,-0.158387,-2.76715,-1.39419,-0.164811,-1.79361,0.138349
6.38168,2.4096,-0.158394,-2.76713,-1.39414,-0.164551,-1.79373,0.138475
6.38274,2.4095,-0.158401,-2.76711,-1.39409,-0.164291,-1.79386,0.138602
6.38386,2.4094,-0.158408,-2.76709,-1.39405,-0.16403,-1.79398,0.138729
6.3845,2.40931,-0.158414,-2.76707,-1.394,-0.16377,-1.79411,0.138855
6.38568,2.40921,-0.15842,-2.76705,-1.39395,-0.163509,-1.79423,0.138982
6.38688,2.40912,-0.158426,-2.76703,-1.39391,-0.163248,-1.79436,0.139109
6.38761,2.40902,-0.158431,-2.76701,-1.39386,-0.162986,-1.79448,0.139235
6.38874,2.40892,-0.158436,-2.76699,-1.39382,-0.162725,-1.7946,0.139362
6.38991,2.40883,-0.158441,-2.76697,-1.39377,-0.162463,-1.79473,0.139489
6.39055,2.40873,-0.158445,-2.76695,-1.39373,-0.162201,-1.79485,0.139615
6.39168,2.40864,-0.158449,-2.76693,-1.39368,-0.161939,-1.79497,0.139742
6.3929,2.40854,-0.158453,-2.76691,-1.39364,-0.161677,-1.7951,0.139869
6.39404,2.40845,-0.158456,-2.76689,-1.3936,-0.161414,-1.79522,0.139996
6.39473,2.40835,-0.158459,-2.76687,-1.39355,-0.161152,-1.79534,0.140122
6.39593,2.40825,-0.158462,-2.76685,-1.39351,-0.160889,-1.79547,0.140249
6.3966,2.40816,-0.158464,-2.76683,-1.39347,-0.160626,-1.79559,0.140376
6.39782,2.40806,-0.158466,-2.76681,-1.39343,-0.160362,-1.79571,0.140503
6.39863,2.40797,-0.158468,-2.76679,-1.39338,-0.160099,-1.79583,0.140629
6.39971,2.40787,-0.158469,-2.76677,-1.39334,-0.159835,-1.79595,0.140756
6.40088,2.40777,-0.15847,-2.76675,-1.3933,-0.159571,-1.79607,0.140883
6.40163,2.40768,-0.15847,-2.76673,-1.39326,-0.159307,-1.79619,0.14101
6.40281,2.40758,-0.15847,-2.76671,-1.39322,-0.159043,-1.79632,0.141137
6.40398,2.40749,-0.15847,-2.76669,-1.39318,-0.158778,-1.79644,0.141263
6.40461,2.40739,-0.15847,-2.76666,-1.39314,-0.158514,-1.79656,0.14139
6.40579,2.4073,-0.15847,-2.76664,-1.3931,-0.158249,-1.79668,0.141517
6.40694,2.4072,-0.15847,-2.76662,-1.39306,-0.157985,-1.7968,0.141644
6.40811,2.4071,-0.15847,-2.7666,-1.39302,-0.15772,-1.79692,0.141771
6.40874,2.40701,-0.15847,-2.76658,-1.39298,-0.157455,-1.79703,0.141897
6.40994,2.40691,-0.15847,-2.76656,-1.39294,-0.15719,-1.79715,0.142024
6.41107,2.40682,-0.15847,-2.76654,-1.3929,-0.156925,-1.79727,0.142151
6.41169,2.40672,-0.15847,-2.76652,-1.39286,-0.15666,-1.79739,0.142278
6.41285,2.40663,-0.15847,-2.76649,-1.39283,-0.156395,-1.79751,0.142405
6.41402,2.40653,-0.15847,-2.76647,-1.39279,-0.15613,-1.79763,0.142532
6.4152,2.40644,-0.15847,-2.76645,-1.39275,-0.155865,-1.79775,0.142658
6.4158,2.40634,-0.15847,-2.76643,-1.39271,-0.155599,-1.79786,0.142785
6.41697,2.40624,-0.15847,-2.76641,-1.39267,-0.155334,-1.79798,0.142912
6.41816,2.40615,-0.15847,-2.76638,-1.39263,-0.155068,-1.7981,0.143039
6.41879,2.40605,-0.15847,-2.76636,-1.39259,-0.154803,-1.79822,0.143166
6.41991,2.40596,-0.15847,-2.76634,-1.39255,-0.154537,-1.79833,0.143293
6.42107,2.40586,-0.15847,-2.76632,-1.39252,-0.154271,-1.79845,0.143419
6.4217,2.40577,-0.15847,-2.76629,-1.39248,-0.154005,-1.79857,0.143546
6.42284,2.40567,-0.158469,-2.76627,-1.39244,-0.153739,-1.79868,0.143673
6.42403,2.40558,-0.158469,-2.76625,-1.3924,-0.153472,-1.7988,0.1438
6.42468,2.40548,-0.158468,-2.76623,-1.39237,-0.153206,-1.79892,0.143927
6.42582,2.40539,-0.158468,-2.7662,-1.39233,-0.152939,-1.79903,0.144054
6.42699,2.40529,-0.158467,-2.76618,-1.39229,-0.152673,-1.79915,0.144181
6.42832,2.40519,-0.158466,-2.76616,-1.39225,-0.152406,-1.79927,0.144308
6.42895,2.4051,-0.158465,-2.76614,-1.39222,-0.152139,-1.79938,0.144434
6.4301,2.405,-0.158464,-2.76611,-1.39218,-0.151872,-1.7995,0.144561
6.43069,2.40491,-0.158463,-2.76609,-1.39215,-0.151605,-1.79961,0.144688
6.43187,2.40481,-0.158461,-2.76607,-1.39211,-0.151337,-1.79973,0.144815
6.43366,2.40472,-0.15846,-2.76604,-1.39207,-0.151069,-1.79984,0.144942
6.43484,2.40453,-0.158456,-2.766,-1.392,-0.150534,-1.80007,0.145196
6.43662,2.40434,-0.158451,-2.76595,-1.39194,-0.149997,-1.8003,0.14545
6.43775,2.40424,-0.158448,-2.76592,-1.3919,-0.149729,-1.80041,0.145577
6.43891,2.40415,-0.158445,-2.7659,-1.39187,-0.14946,-1.80053,0.145704
6.44062,2.40405,-0.158442,-2.76588,-1.39184,-0.149191,-1.80064,0.145831
6.44235,2.40396,-0.158439,-2.76585,-1.3918,-0.148923,-1.80075,0.145958
6.44297,2.40386,-0.158436,-2.76583,-1.39177,-0.148653,-1.80087,0.146085
6.44412,2.40377,-0.158432,-2.7658,-1.39174,-0.148384,-1.80098,0.146212
6.4453,2.40367,-0.158428,-2.76578,-1.39171,-0.148114,-1.80109,0.146339
6.4459,2.40358,-0.158423,-2.76576,-1.39167,-0.147845,-1.8012,0.146466
6.44709,2.40348,-0.158419,-2.76573,-1.39164,-0.147575,-1.80132,0.146593
6.44828,2.40339,-0.158414,-2.76571,-1.39161,-0.147305,-1.80143,0.14672
6.44892,2.40329,-0.158409,-2.76568,-1.39158,-0.147034,-1.80154,0.146847
6.45015,2.4032,-0.158404,-2.76566,-1.39155,-0.146764,-1.80165,0.146974
6.45129,2.4031,-0.158398,-2.76563,-1.39152,-0.146493,-1.80176,0.147102
6.45266,2.40301,-0.158392,-2.76561,-1.39149,-0.146222,-1.80187,0.147229
6.45307,2.40291,-0.158386,-2.76558,-1.39146,-0.145951,-1.80198,0.147356
6.45424,2.40282,-0.158379,-2.76556,-1.39144,-0.14568,-1.80209,0.147483
6.45499,2.40272,-0.158373,-2.76553,-1.39141,-0.145408,-1.8022,0.14761
6.45632,2.40263,-0.158366,-2.76551,-1.39138,-0.145136,-1.80231,0.147737
6.45731,2.40253,-0.158358,-2.76548,-1.39135,-0.144865,-1.80242,0.147864
6.45793,2.40244,-0.158351,-2.76546,-1.39133,-0.144593,-1.80253,0.147991
6.45909,2.40234,-0.158343,-2.76543,-1.3913,-0.14432,-1.80264,0.148118
6.46031,2.40225,-0.158335,-2.76541,-1.39127,-0.144048,-1.80275,0.148246
6.46147,2.40215,-0.158326,-2.76538,-1.39125,-0.143775,-1.80286,0.148373
6.46209,2.40206,-0.158318,-2.76536,-1.39122,-0.143502,-1.80297,0.1485
6.46327,2.40196,-0.158309,-2.76533,-1.3912,-0.143229,-1.80308,0.148627
6.4645,2.40187,-0.158299,-2.76531,-1.39117,-0.142956,-1.80319,0.148754
6.46511,2.40177,-0.15829,-2.76528,-1.39115,-0.142683,-1.8033,0.148881
6.46626,2.40168,-0.15828,-2.76526,-1.39112,-0.142409,-1.8034,0.149008
6.46812,2.40158,-0.15827,-2.76523,-1.3911,-0.142135,-1.80351,0.149136
6.46926,2.40139,-0.158248,-2.76518,-1.39105,-0.141587,-1.80373,0.14939
6.47094,2.4013,-0.158237,-2.76515,-1.39103,-0.141313,-1.80383,0.149517
6.4727,2.4012,-0.158226,-2.76513,-1.39101,-0.141038,-1.80394,0.149644
6.47332,2.40111,-0.158214,-2.7651,-1.39099,-0.140763,-1.80405,0.149771
6.47465,2.40102,-0.158202,-2.76507,-1.39096,-0.140488,-1.80415,0.149899
6.47652,2.40092,-0.15819,-2.76505,-1.39094,-0.140213,-1.80426,0.150026
6.47782,2.40083,-0.158177,-2.76502,-1.39092,-0.139938,-1.80437,0.150153
6.4779,2.40073,-0.158164,-2.76499,-1.3909,-0.139662,-1.80447,0.15028
6.47913,2.40064,-0.158151,-2.76497,-1.39088,-0.139387,-1.80458,0.150407
6.48092,2.40054,-0.158137,-2.76494,-1.39086,-0.139111,-1.80468,0.150535
6.48153,2.40045,-0.158123,-2.76491,-1.39084,-0.138834,-1.80479,0.150662
6.48269,2.40035,-0.158109,-2.76489,-1.39083,-0.138558,-1.80489,0.150789
6.48444,2.40026,-0.158094,-2.76486,-1.39081,-0.138281,-1.805,0.150916
6.4856,2.40016,-0.158079,-2.76483,-1.39079,-0.138005,-1.8051,0.151044
6.48676,2.40007,-0.158064,-2.76481,-1.39077,-0.137727,-1.8052,0.151171
6.48792,2.39998,-0.158048,-2.76478,-1.39075,-0.13745,-1.80531,0.151298
6.48907,2.39988,-0.158032,-2.76475,-1.39074,-0.137173,-1.80541,0.151425
6.48968,2.39979,-0.158016,-2.76473,-1.39072,-0.136895,-1.80551,0.151553
6.49165,2.39969,-0.157999,-2.7647,-1.39071,-0.136617,-1.80562,0.15168
6.49221,2.3996,-0.157982,-2.76467,-1.39069,-0.136339,-1.80572,0.151807
6.49338,2.3995,-0.157964,-2.76464,-1.39068,-0.136061,-1.80582,0.151934
6.49457,2.39941,-0.157947,-2.76462,-1.39066,-0.135782,-1.80593,0.152062
6.49517,2.39932,-0.157928,-2.76459,-1.39065,-0.135503,-1.80603,0.152189
6.49639,2.39922,-0.15791,-2.76456,-1.39063,-0.135224,-1.80613,0.152316
6.49778,2.39913,-0.157891,-2.76453,-1.39062,-0.134945,-1.80623,0.152444
6.49842,2.39903,-0.157872,-2.76451,-1.39061,-0.134665,-1.80633,0.152571
6.49901,2.39894,-0.157852,-2.76448,-1.3906,-0.134386,-1.80643,0.152698
6.50024,2.39884,-0.157832,-2.76445,-1.39058,-0.134106,-1.80653,0.152826
6.50139,2.39875,-0.157812,-2.76442,-1.39057,-0.133826,-1.80663,0.152953
6.50197,2.39866,-0.157791,-2.76439,-1.39056,-0.133546,-1.80673,0.15308
6.5032,2.39856,-0.157771,-2.76437,-1.39055,-0.133265,-1.80683,0.153207
6.5043,2.39847,-0.157749,-2.76434,-1.39054,-0.132985,-1.80693,0.153335
6.50548,2.39837,-0.157728,-2.76431,-1.39053,-0.132704,-1.80703,0.153462
6.50659,2.39828,-0.157706,-2.76428,-1.39052,-0.132423,-1.80713,0.153589
6.50727,2.39819,-0.157684,-2.76425,-1.39051,-0.132142,-1.80723,0.153717
6.50847,2.39809,-0.157661,-2.76423,-1.3905,-0.13186,-1.80733,0.153844
6.50911,2.398,-0.157638,-2.7642,-1.39049,-0.131579,-1.80743,0.153971
6.5103,2.3979,-0.157615,-2.76417,-1.39048,-0.131297,-1.80753,0.154098
6.51147,2.39781,-0.157591,-2.76414,-1.39048,-0.131015,-1.80762,0.154226
6.5133,2.39772,-0.157567,-2.76411,-1.39047,-0.130733,-1.80772,0.154353
6.51454,2.39753,-0.157518,-2.76405,-1.39045,-0.130168,-1.80792,0.154607
6.51617,2.39743,-0.157493,-2.76402,-1.39045,-0.129885,-1.80801,0.154735
6.51768,2.39725,-0.157443,-2.76397,-1.39044,-0.129319,-1.80821,0.154989
6.51853,2.39715,-0.157417,-2.76394,-1.39043,-0.129036,-1.8083,0.155116
6.51971,2.39706,-0.15739,-2.76391,-1.39043,-0.128752,-1.8084,0.155243
6.52036,2.39697,-0.157364,-2.76388,-1.39042,-0.128469,-1.80849,0.155371
6.52162,2.39687,-0.157337,-2.76385,-1.39042,-0.128185,-1.80859,0.155498
6.52222,2.39678,-0.15731,-2.76382,-1.39041,-0.127901,-1.80869,0.155625
6.52341,2.39669,-0.157282,-2.76379,-1.39041,-0.127617,-1.80878,0.155752
6.52457,2.39659,-0.157254,-2.76376,-1.39041,-0.127332,-1.80887,0.155879
6.52519,2.3965,-0.157226,-2.76373,-1.3904,-0.127048,-1.80897,0.156006
6.52649,2.39641,-0.157197,-2.7637,-1.3904,-0.126763,-1.80906,0.156133
6.52761,2.39631,-0.157169,-2.76367,-1.3904,-0.126478,-1.80916,0.156261
6.52852,2.39622,-0.15714,-2.76364,-1.3904,-0.126193,-1.80925,0.156388
6.52939,2.39613,-0.15711,-2.76361,-1.3904,-0.125908,-1.80934,0.156515
6.53093,2.39603,-0.15708,-2.76358,-1.3904,-0.125623,-1.80944,0.156642
6.53184,2.39594,-0.15705,-2.76355,-1.3904,-0.125337,-1.80953,0.156769
6.533,2.39585,-0.15702,-2.76352,-1.3904,-0.125052,-1.80962,0.156896
6.53379,2.39575,-0.156989,-2.76349,-1.3904,-0.124766,-1.80972,0.157023
6.53529,2.39566,-0.156958,-2.76346,-1.3904,-0.12448,-1.80981,0.15715
6.53537,2.39557,-0.156928,-2.76343,-1.3904,-0.124194,-1.8099,0.157277
6.53664,2.39548,-0.156896,-2.7634,-1.3904,-0.123908,-1.80999,0.157404
6.53794,2.39538,-0.156865,-2.76337,-1.3904,-0.123622,-1.81008,0.157531
6.53932,2.39529,-0.156834,-2.76334,-1.3904,-0.123336,-1.81017,0.157658
6.53989,2.3952,-0.156802,-2.76331,-1.3904,-0.123049,-1.81026,0.157785
6.5406,2.39511,-0.15677,-2.76328,-1.3904,-0.122763,-1.81035,0.157912
6.54168,2.39501,-0.156739,-2.76325,-1.3904,-0.122476,-1.81044,0.158039
6.54352,2.39492,-0.156707,-2.76322,-1.3904,-0.122189,-1.81053,0.158166
6.54355,2.39483,-0.156674,-2.76319,-1.3904,-0.121903,-1.81062,0.158293
6.54536,2.39474,-0.156642,-2.76316,-1.3904,-0.121616,-1.8107,0.15842
6.54596,2.39464,-0.156609,-2.76313,-1.3904,-0.121329,-1.81079,0.158547
6.54653,2.39455,-0.156577,-2.7631,-1.3904,-0.121042,-1.81088,0.158674
6.54775,2.39446,-0.156544,-2.76306,-1.3904,-0.120754,-1.81096,0.158801
6.54892,2.39437,-0.156511,-2.76303,-1.3904,-0.120467,-1.81105,0.158928
6.54953,2.39428,-0.156478,-2.763,-1.3904,-0.120179,-1.81114,0.159055
6.55067,2.39418,-0.156444,-2.76297,-1.3904,-0.119892,-1.81122,0.159182
6.55184,2.39409,-0.156411,-2.76294,-1.3904,-0.119604,-1.81131,0.159309
6.55317,2.394,-0.156377,-2.76291,-1.3904,-0.119317,-1.81139,0.159435
6.55391,2.39391,-0.156343,-2.76288,-1.3904,-0.119029,-1.81147,0.159562
6.55488,2.39382,-0.156309,-2.76285,-1.3904,-0.118741,-1.81156,0.159689
6.55601,2.39373,-0.156275,-2.76281,-1.3904,-0.118453,-1.81164,0.159816
6.55718,2.39364,-0.156241,-2.76278,-1.3904,-0.118164,-1.81172,0.159943
6.5578,2.39354,-0.156206,-2.76275,-1.3904,-0.117876,-1.81181,0.16007
6.55899,2.39345,-0.156172,-2.76272,-1.3904,-0.117588,-1.81189,0.160197
6.56024,2.39336,-0.156137,-2.76269,-1.3904,-0.117299,-1.81197,0.160324
6.562,2.39327,-0.156102,-2.76266,-1.3904,-0.117011,-1.81205,0.16045
6.56228,2.39318,-0.156067,-2.76262,-1.3904,-0.116722,-1.81213,0.160577
6.56383,2.39309,-0.156032,-2.76259,-1.3904,-0.116433,-1.81222,0.160704
6.56442,2.393,-0.155996,-2.76256,-1.3904,-0.116144,-1.8123,0.160831
6.5651,2.39291,-0.155961,-2.76253,-1.3904,-0.115855,-1.81238,0.160957
6.56625,2.39282,-0.155925,-2.7625,-1.3904,-0.115566,-1.81246,0.161084
6.56743,2.39273,-0.155889,-2.76246,-1.3904,-0.115277,-1.81253,0.161211
6.56806,2.39264,-0.155853,-2.76243,-1.3904,-0.114987,-1.81261,0.161338
6.56913,2.39255,-0.155817,-2.7624,-1.3904,-0.114698,-1.81269,0.161464
6.57034,2.39246,-0.15578,-2.76237,-1.3904,-0.114408,-1.81277,0.161591
6.57211,2.39237,-0.155744,-2.76234,-1.3904,-0.114118,-1.81285,0.161718
6.57249,2.39228,-0.155707,-2.7623,-1.3904,-0.113829,-1.81293,0.161844
6.57331,2.39219,-0.15567,-2.76227,-1.3904,-0.113539,-1.813,0.161971
6.57446,2.3921,-0.155633,-2.76224,-1.3904,-0.113249,-1.81308,0.162098
6.57509,2.39201,-0.155596,-2.76221,-1.3904,-0.112959,-1.81316,0.162224
6.5763,2.39192,-0.155559,-2.76217,-1.3904,-0.112668,-1.81323,0.162351
6.5775,2.39183,-0.155521,-2.76214,-1.3904,-0.112378,-1.81331,0.162477
6.57873,2.39174,-0.155483,-2.76211,-1.3904,-0.112088,-1.81338,0.162604
6.57934,2.39165,-0.155445,-2.76207,-1.3904,-0.111797,-1.81346,0.16273
6.58053,2.39156,-0.155407,-2.76204,-1.3904,-0.111506,-1.81353,0.162857
6.58125,2.39147,-0.155368,-2.76201,-1.3904,-0.111216,-1.81361,0.162983
6.58245,2.39138,-0.15533,-2.76198,-1.3904,-0.110925,-1.81368,0.16311
6.58357,2.39129,-0.155291,-2.76194,-1.3904,-0.110633,-1.81376,0.163236
6.58424,2.3912,-0.155252,-2.76191,-1.3904,-0.110342,-1.81383,0.163363
6.58539,2.39111,-0.155212,-2.76188,-1.3904,-0.110051,-1.81391,0.163489
6.58655,2.39102,-0.155173,-2.76184,-1.3904,-0.109759,-1.81398,0.163615
6.5872,2.39093,-0.155133,-2.76181,-1.39041,-0.109468,-1.81405,0.163742
6.58845,2.39085,-0.155093,-2.76178,-1.39041,-0.109176,-1.81413,0.163868
6.58954,2.39076,-0.155052,-2.76174,-1.39041,-0.108884,-1.8142,0.163994
6.59018,2.39067,-0.155012,-2.76171,-1.39041,-0.108592,-1.81427,0.16412
6.59133,2.39058,-0.154971,-2.76168,-1.39042,-0.1083,-1.81434,0.164247
6.59253,2.39049,-0.15493,-2.76164,-1.39042,-0.108008,-1.81441,0.164373
6.59373,2.3904,-0.154888,-2.76161,-1.39042,-0.107715,-1.81449,0.164499
6.59438,2.39031,-0.154846,-2.76157,-1.39042,-0.107423,-1.81456,0.164625
6.5956,2.39023,-0.154805,-2.76154,-1.39043,-0.10713,-1.81463,0.164751
6.59672,2.39014,-0.154762,-2.76151,-1.39043,-0.106837,-1.8147,0.164877
6.59742,2.39005,-0.15472,-2.76147,-1.39044,-0.106544,-1.81477,0.165003
6.59861,2.38996,-0.154677,-2.76144,-1.39044,-0.106251,-1.81484,0.165129
6.59928,2.38987,-0.154634,-2.7614,-1.39044,-0.105958,-1.81491,0.165255
6.60052,2.38979,-0.154591,-2.76137,-1.39045,-0.105664,-1.81498,0.165381
6.60153,2.3897,-0.154547,-2.76134,-1.39046,-0.105371,-1.81505,0.165507
6.60269,2.38961,-0.154503,-2.7613,-1.39046,-0.105077,-1.81512,0.165633
6.60335,2.38952,-0.154459,-2.76127,-1.39047,-0.104783,-1.81519,0.165759
6.60455,2.38943,-0.154414,-2.76123,-1.39047,-0.104489,-1.81526,0.165885
6.60569,2.38935,-0.15437,-2.7612,-1.39048,-0.104195,-1.81533,0.16601
6.60641,2.38926,-0.154324,-2.76116,-1.39049,-0.103901,-1.8154,0.166136
6.60754,2.38917,-0.154279,-2.76113,-1.39049,-0.103606,-1.81547,0.166262
6.60873,2.38908,-0.154233,-2.76109,-1.3905,-0.103312,-1.81553,0.166388
6.60938,2.389,-0.154188,-2.76106,-1.39051,-0.103017,-1.8156,0.166513
6.61056,2.38891,-0.154141,-2.76102,-1.39052,-0.102723,-1.81567,0.166639
6.61171,2.38882,-0.154095,-2.76099,-1.39052,-0.102428,-1.81574,0.166764
6.61238,2.38874,-0.154048,-2.76096,-1.39053,-0.102133,-1.81581,0.16689
6.61354,2.38865,-0.154001,-2.76092,-1.39054,-0.101838,-1.81587,0.167015
6.6147,2.38856,-0.153954,-2.76089,-1.39055,-0.101542,-1.81594,0.167141
6.61538,2.38848,-0.153906,-2.76085,-1.39056,-0.101247,-1.81601,0.167266
6.61656,2.38839,-0.153858,-2.76081,-1.39057,-0.100951,-1.81607,0.167392
6.61769,2.3883,-0.15381,-2.76078,-1.39058,-0.100656,-1.81614,0.167517
6.61835,2.38822,-0.153761,-2.76074,-1.39059,-0.10036,-1.81621,0.167642
6.61952,2.38813,-0.153713,-2.76071,-1.3906,-0.100064,-1.81627,0.167768
6.62069,2.38804,-0.153663,-2.76067,-1.39061,-0.0997678,-1.81634,0.167893
6.62185,2.38796,-0.153614,-2.76064,-1.39062,-0.0994716,-1.8164,0.168018
6.62255,2.38787,-0.153564,-2.7606,-1.39063,-0.0991753,-1.81647,0.168143
6.62368,2.38778,-0.153514,-2.76057,-1.39065,-0.0988789,-1.81653,0.168268
6.62486,2.3877,-0.153464,-2.76053,-1.39066,-0.0985823,-1.8166,0.168393
6.62554,2.38761,-0.153414,-2.7605,-1.39067,-0.0982857,-1.81666,0.168518
6.62666,2.38753,-0.153363,-2.76046,-1.39068,-0.0979889,-1.81673,0.168643
6.6278,2.38744,-0.153312,-2.76042,-1.3907,-0.097692,-1.81679,0.168768
6.62897,2.38735,-0.15326,-2.76039,-1.39071,-0.0973949,-1.81685,0.168893
6.6296,2.38727,-0.153209,-2.76035,-1.39072,-0.0970978,-1.81692,0.169018
6.63078,2.38718,-0.153157,-2.76032,-1.39074,-0.0968005,-1.81698,0.169143
6.63194,2.3871,-0.153105,-2.76028,-1.39075,-0.0965031,-1.81704,0.169268
6.63254,2.38701,-0.153052,-2.76024,-1.39077,-0.0962056,-1.81711,0.169393
6.63369,2.38693,-0.152999,-2.76021,-1.39078,-0.0959079,-1.81717,0.169517
6.63485,2.38684,-0.152946,-2.76017,-1.3908,-0.0956102,-1.81723,0.169642
6.63558,2.38676,-0.152893,-2.76013,-1.39081,-0.0953123,-1.81729,0.169767
6.63672,2.38667,-0.152839,-2.7601,-1.39083,-0.0950143,-1.81736,0.169891
6.63789,2.38659,-0.152785,-2.76006,-1.39085,-0.0947162,-1.81742,0.170016
6.63852,2.3865,-0.152731,-2.76003,-1.39086,-0.094418,-1.81748,0.17014
6.63967,2.38642,-0.152676,-2.75999,-1.39088,-0.0941197,-1.81754,0.170265
6.64086,2.38633,-0.152622,-2.75995,-1.3909,-0.0938212,-1.8176,0.170389
6.64203,2.38625,-0.152567,-2.75992,-1.39092,-0.0935227,-1.81766,0.170514
6.64269,2.38616,-0.152511,-2.75988,-1.39093,-0.093224,-1.81772,0.170638
6.64385,2.38608,-0.152456,-2.75984,-1.39095,-0.0929252,-1.81778,0.170762
6.64504,2.386,-0.1524,-2.7598,-1.39097,-0.0926263,-1.81784,0.170887
6.64565,2.38591,-0.152344,-2.75977,-1.39099,-0.0923273,-1.8179,0.171011
6.64684,2.38583,-0.152287,-2.75973,-1.39101,-0.0920282,-1.81796,0.171135
6.64801,2.38574,-0.15223,-2.75969,-1.39103,-0.0917289,-1.81802,0.171259
6.64868,2.38566,-0.152173,-2.75966,-1.39105,-0.0914296,-1.81808,0.171383
6.64981,2.38558,-0.152116,-2.75962,-1.39107,-0.0911301,-1.81814,0.171507
6.65107,2.38549,-0.152058,-2.75958,-1.39109,-0.0908306,-1.8182,0.171631
6.65164,2.38541,-0.152,-2.75954,-1.39111,-0.0905309,-1.81826,0.171755
6.65282,2.38533,-0.151942,-2.75951,-1.39113,-0.0902311,-1.81831,0.171879
6.65398,2.38524,-0.151884,-2.75947,-1.39115,-0.0899312,-1.81837,0.172003
6.65515,2.38516,-0.151825,-2.75943,-1.39118,-0.0896312,-1.81843,0.172127
6.65579,2.38508,-0.151766,-2.75939,-1.3912,-0.0893311,-1.81849,0.172251
6.65696,2.38499,-0.151707,-2.75936,-1.39122,-0.0890309,-1.81854,0.172374
6.65851,2.38491,-0.151647,-2.75932,-1.39124,-0.0887306,-1.8186,0.172498
6.659,2.38483,-0.151587,-2.75928,-1.39127,-0.0884302,-1.81866,0.172622
6.66017,2.38474,-0.151527,-2.75924,-1.39129,-0.0881297,-1.81871,0.172745
6.66079,2.38466,-0.151467,-2.75921,-1.39131,-0.0878291,-1.81877,0.172869
6.66195,2.38458,-0.151406,-2.75917,-1.39134,-0.0875284,-1.81883,0.172992
6.66312,2.3845,-0.151346,-2.75913,-1.39136,-0.0872276,-1.81888,0.173116
6.66376,2.38441,-0.151284,-2.75909,-1.39139,-0.0869267,-1.81894,0.173239
6.66491,2.38433,-0.151223,-2.75905,-1.39141,-0.0866257,-1.81899,0.173362
6.66607,2.38425,-0.151161,-2.75902,-1.39144,-0.0863246,-1.81905,0.173486
6.6667,2.38417,-0.151099,-2.75898,-1.39146,-0.0860234,-1.8191,0.173609
6.66793,2.38409,-0.151037,-2.75894,-1.39149,-0.0857221,-1.81916,0.173732
6.66902,2.384,-0.150975,-2.7589,-1.39152,-0.0854207,-1.81921,0.173855
6.67017,2.38392,-0.150912,-2.75886,-1.39154,-0.0851192,-1.81927,0.173978
6.67081,2.38384,-0.150849,-2.75882,-1.39157,-0.0848175,-1.81932,0.174101
6.67209,2.38376,-0.150785,-2.75879,-1.3916,-0.0845158,-1.81937,0.174224
6.67316,2.38368,-0.150722,-2.75875,-1.39162,-0.084214,-1.81943,0.174347
6.67381,2.3836,-0.150658,-2.75871,-1.39165,-0.0839121,-1.81948,0.17447
6.67499,2.38352,-0.150594,-2.75867,-1.39168,-0.0836101,-1.81953,0.174593
6.67614,2.38344,-0.150529,-2.75863,-1.39171,-0.083308,-1.81959,0.174716
6.67675,2.38335,-0.150465,-2.75859,-1.39174,-0.0830059,-1.81964,0.174839
6.67791,2.38327,-0.1504,-2.75855,-1.39177,-0.0827036,-1.81969,0.174961
6.67908,2.38319,-0.150335,-2.75851,-1.3918,-0.0824012,-1.81974,0.175084
6.67971,2.38311,-0.150269,-2.75848,-1.39183,-0.0820988,-1.81979,0.175206
6.68086,2.38303,-0.150203,-2.75844,-1.39186,-0.0817962,-1.81985,0.175329
6.68201,2.38295,-0.150137,-2.7584,-1.39189,-0.0814935,-1.8199,0.175452
6.6827,2.38287,-0.150071,-2.75836,-1.39192,-0.0811908,-1.81995,0.175574
6.68384,2.38279,-0.150005,-2.75832,-1.39195,-0.0808879,-1.82,0.175696
6.685,2.38271,-0.149938,-2.75828,-1.39198,-0.080585,-1.82005,0.175819
6.68565,2.38263,-0.149871,-2.75824,-1.39201,-0.080282,-1.8201,0.175941
6.68681,2.38255,-0.149804,-2.7582,-1.39205,-0.0799788,-1.82015,0.176063
6.68794,2.38247,-0.149736,-2.75816,-1.39208,-0.0796756,-1.8202,0.176185
6.68906,2.38239,-0.149668,-2.75812,-1.39211,-0.0793723,-1.82025,0.176307
6.6897,2.38231,-0.1496,-2.75808,-1.39214,-0.079069,-1.8203,0.17643
6.69087,2.38223,-0.149532,-2.75804,-1.39218,-0.0787655,-1.82035,0.176552
6.69203,2.38215,-0.149463,-2.758,-1.39221,-0.0784619,-1.8204,0.176673
6.69269,2.38207,-0.149394,-2.75796,-1.39225,-0.0781583,-1.82045,0.176795
6.69382,2.382,-0.149325,-2.75792,-1.39228,-0.0778546,-1.82049,0.176917
6.69493,2.38192,-0.149256,-2.75788,-1.39231,-0.0775507,-1.82054,0.177039
6.69606,2.38184,-0.149186,-2.75784,-1.39235,-0.0772468,-1.82059,0.177161
6.69669,2.38176,-0.149116,-2.7578,-1.39238,-0.0769428,-1.82064,0.177282
6.69788,2.38168,-0.149046,-2.75776,-1.39242,-0.0766387,-1.82069,0.177404
6.69904,2.3816,-0.148976,-2.75772,-1.39246,-0.0763345,-1.82073,0.177526
6.69968,2.38152,-0.148905,-2.75768,-1.39249,-0.0760303,-1.82078,0.177647
6.70083,2.38145,-0.148834,-2.75764,-1.39253,-0.075726,-1.82083,0.177768
6.70199,2.38137,-0.148763,-2.7576,-1.39257,-0.0754215,-1.82087,0.17789
6.70316,2.38129,-0.148692,-2.75756,-1.3926,-0.0751171,-1.82092,0.178011
6.70377,2.38121,-0.14862,-2.75752,-1.39264,-0.0748125,-1.82097,0.178132
6.70495,2.38114,-0.148548,-2.75748,-1.39268,-0.0745078,-1.82101,0.178254
6.70615,2.38106,-0.148476,-2.75744,-1.39272,-0.0742031,-1.82106,0.178375
6.70675,2.38098,-0.148404,-2.7574,-1.39275,-0.0738983,-1.8211,0.178496
6.70792,2.3809,-0.148331,-2.75736,-1.39279,-0.0735933,-1.82115,0.178617
6.70906,2.38083,-0.148258,-2.75732,-1.39283,-0.0732884,-1.82119,0.178738
6.70971,2.38075,-0.148185,-2.75728,-1.39287,-0.0729833,-1.82124,0.178859
6.71085,2.38067,-0.148112,-2.75724,-1.39291,-0.0726781,-1.82128,0.17898
6.71202,2.3806,-0.148038,-2.7572,-1.39295,-0.0723729,-1.82133,0.179101
6.71266,2.38052,-0.147964,-2.75716,-1.39299,-0.0720676,-1.82137,0.179221
6.71388,2.38044,-0.14789,-2.75712,-1.39303,-0.0717622,-1.82141,0.179342
6.71504,2.38037,-0.147816,-2.75707,-1.39307,-0.0714568,-1.82146,0.179463
6.71569,2.38029,-0.147741,-2.75703,-1.39311,-0.0711513,-1.8215,0.179583
6.71688,2.38021,-0.147666,-2.75699,-1.39315,-0.0708457,-1.82154,0.179704
6.71867,2.38014,-0.147591,-2.75695,-1.3932,-0.07054,-1.82158,0.179824
6.71877,2.38006,-0.147516,-2.75691,-1.39324,-0.0702343,-1.82163,0.179944
6.7199,2.37999,-0.14744,-2.75687,-1.39328,-0.0699284,-1.82167,0.180065
6.72108,2.37991,-0.147364,-2.75683,-1.39332,-0.0696225,-1.82171,0.180185
6.72173,2.37983,-0.147288,-2.75679,-1.39337,-0.0693166,-1.82175,0.180305
6.72285,2.37976,-0.147212,-2.75674,-1.39341,-0.0690105,-1.82179,0.180425
6.72433,2.37968,-0.147135,-2.7567,-1.39345,-0.0687044,-1.82184,0.180545
6.72493,2.37961,-0.147059,-2.75666,-1.3935,-0.0683982,-1.82188,0.180665
6.72606,2.37953,-0.146982,-2.75662,-1.39354,-0.0680919,-1.82192,0.180785
6.72677,2.37946,-0.146904,-2.75658,-1.39358,-0.0677856,-1.82196,0.180905
6.72784,2.37938,-0.146827,-2.75654,-1.39363,-0.0674792,-1.822,0.181025
6.72901,2.37931,-0.146749,-2.75649,-1.39367,-0.0671727,-1.82204,0.181145
6.73018,2.37924,-0.146671,-2.75645,-1.39372,-0.0668662,-1.82208,0.181264
6.73079,2.37916,-0.146593,-2.75641,-1.39377,-0.0665596,-1.82212,0.181384
6.73197,2.37909,-0.146514,-2.75637,-1.39381,-0.0662529,-1.82216,0.181504
6.73318,2.37901,-0.146436,-2.75633,-1.39386,-0.0659461,-1.8222,0.181623
6.73384,2.37894,-0.146357,-2.75628,-1.3939,-0.0656393,-1.82224,0.181743
6.735,2.37887,-0.146278,-2.75624,-1.39395,-0.0653324,-1.82227,0.181862
6.73626,2.37879,-0.146198,-2.7562,-1.394,-0.0650254,-1.82231,0.181981
6.73808,2.37865,-0.146039,-2.75612,-1.39409,-0.0644113,-1.82239,0.18222
6.73889,2.37857,-0.145959,-2.75607,-1.39414,-0.0641042,-1.82243,0.182339
6.7401,2.3785,-0.145878,-2.75603,-1.39419,-0.063797,-1.82246,0.182458
6.74078,2.37843,-0.145798,-2.75599,-1.39424,-0.0634897,-1.8225,0.182577
6.7419,2.37835,-0.145717,-2.75595,-1.39429,-0.0631824,-1.82254,0.182696
6.74372,2.37828,-0.145636,-2.7559,-1.39433,-0.062875,-1.82258,0.182814
6.7438,2.37821,-0.145555,-2.75586,-1.39438,-0.0625676,-1.82261,0.182933
6.74585,2.37814,-0.145473,-2.75582,-1.39443,-0.0622601,-1.82265,0.183052
6.74787,2.37799,-0.14531,-2.75573,-1.39453,-0.0616448,-1.82272,0.183289
6.74933,2.37792,-0.145228,-2.75569,-1.39458,-0.0613371,-1.82276,0.183408
6.74941,2.37785,-0.145145,-2.75565,-1.39463,-0.0610293,-1.82279,0.183526
6.74999,2.37778,-0.145063,-2.7556,-1.39469,-0.0607215,-1.82283,0.183644
6.75117,2.3777,-0.14498,-2.75556,-1.39474,-0.0604136,-1.82286,0.183763
6.75235,2.37763,-0.144897,-2.75552,-1.39479,-0.0601056,-1.8229,0.183881
6.75358,2.37756,-0.144813,-2.75547,-1.39484,-0.0597976,-1.82293,0.183999
6.75473,2.37749,-0.14473,-2.75543,-1.39489,-0.0594895,-1.82297,0.184117
6.75592,2.37742,-0.144646,-2.75539,-1.39495,-0.0591813,-1.823,0.184235
6.75774,2.37735,-0.144562,-2.75534,-1.395,-0.058873,-1.82303,0.184353
6.75882,2.37721,-0.144393,-2.75526,-1.3951,-0.0582564,-1.8231,0.184589
6.75998,2.37714,-0.144309,-2.75521,-1.39516,-0.057948,-1.82313,0.184707
6.76114,2.37707,-0.144224,-2.75517,-1.39521,-0.0576395,-1.82317,0.184824
6.76179,2.377,-0.144139,-2.75513,-1.39527,-0.057331,-1.8232,0.184942
6.76308,2.37693,-0.144053,-2.75508,-1.39532,-0.0570224,-1.82323,0.185059
6.76409,2.37686,-0.143968,-2.75504,-1.39538,-0.0567137,-1.82326,0.185177
6.76471,2.37679,-0.143882,-2.755,-1.39543,-0.056405,-1.8233,0.185294
6.76591,2.37672,-0.143796,-2.75495,-1.39549,-0.0560962,-1.82333,0.185411
6.76768,2.37665,-0.14371,-2.75491,-1.39554,-0.0557874,-1.82336,0.185529
6.76846,2.37658,-0.143623,-2.75486,-1.3956,-0.0554785,-1.82339,0.185646
6.76914,2.37651,-0.143536,-2.75482,-1.39565,-0.0551695,-1.82342,0.185763
6.76993,2.37644,-0.143449,-2.75478,-1.39571,-0.0548604,-1.82345,0.18588
6.77165,2.37637,-0.143362,-2.75473,-1.39577,-0.0545513,-1.82348,0.185997
6.77224,2.37631,-0.143275,-2.75469,-1.39582,-0.0542422,-1.82351,0.186114
6.77291,2.37624,-0.143187,-2.75464,-1.39588,-0.053933,-1.82354,0.18623
6.77465,2.37617,-0.143099,-2.7546,-1.39594,-0.0536237,-1.82357,0.186347
6.77525,2.3761,-0.143011,-2.75455,-1.396,-0.0533144,-1.8236,0.186464
6.77643,2.37603,-0.142923,-2.75451,-1.39606,-0.053005,-1.82363,0.18658
6.77761,2.37597,-0.142834,-2.75446,-1.39611,-0.0526956,-1.82366,0.186697
6.77948,2.3759,-0.142746,-2.75442,-1.39617,-0.0523861,-1.82369,0.186813
6.78053,2.37576,-0.142567,-2.75433,-1.39629,-0.0517669,-1.82374,0.187045
6.78169,2.3757,-0.142478,-2.75429,-1.39635,-0.0514573,-1.82377,0.187162
6.78406,2.37563,-0.142388,-2.75424,-1.39641,-0.0511475,-1.8238,0.187278
6.78465,2.3755,-0.142208,-2.75415,-1.39653,-0.0505278,-1.82386,0.187509
6.78529,2.37543,-0.142118,-2.75411,-1.39659,-0.0502179,-1.82388,0.187625
6.78666,2.37536,-0.142027,-2.75406,-1.39665,-0.0499079,-1.82391,0.187741
6.78758,2.3753,-0.141937,-2.75402,-1.39672,-0.0495979,-1.82394,0.187857
6.78877,2.37523,-0.141846,-2.75397,-1.39678,-0.0492878,-1.82396,0.187972
6.78934,2.37516,-0.141754,-2.75393,-1.39684,-0.0489777,-1.82399,0.188088
6.79073,2.3751,-0.141663,-2.75388,-1.3969,-0.0486675,-1.82401,0.188203
6.79139,2.37503,-0.141571,-2.75384,-1.39696,-0.0483573,-1.82404,0.188318
6.79251,2.37497,-0.141479,-2.75379,-1.39703,-0.048047,-1.82407,0.188434
6.79369,2.3749,-0.141387,-2.75374,-1.39709,-0.0477367,-1.82409,0.188549
6.79445,2.37484,-0.141295,-2.7537,-1.39715,-0.0474263,-1.82412,0.188664
6.79551,2.37477,-0.141203,-2.75365,-1.39722,-0.0471159,-1.82414,0.188779
6.79665,2.37471,-0.14111,-2.75361,-1.39728,-0.0468055,-1.82417,0.188894
6.79782,2.37464,-0.141017,-2.75356,-1.39734,-0.046495,-1.82419,0.189009
6.79901,2.37458,-0.140924,-2.75352,-1.39741,-0.0461844,-1.82421,0.189124
6.80026,2.37452,-0.140831,-2.75347,-1.39747,-0.0458738,-1.82424,0.189238
6.80143,2.37445,-0.140737,-2.75342,-1.39754,-0.0455632,-1.82426,0.189353
6.8026,2.37439,-0.140643,-2.75338,-1.3976,-0.0452525,-1.82428,0.189467
6.80367,2.37432,-0.140549,-2.75333,-1.39767,-0.0449418,-1.82431,0.189582
6.80511,2.37426,-0.140455,-2.75329,-1.39773,-0.0446311,-1.82433,0.189696
6.80687,2.3742,-0.140361,-2.75324,-1.3978,-0.0443202,-1.82435,0.18981
6.80695,2.37413,-0.140266,-2.75319,-1.39787,-0.0440094,-1.82438,0.189924
6.80815,2.37407,-0.140171,-2.75315,-1.39793,-0.0436984,-1.8244,0.190038
6.80878,2.37401,-0.140076,-2.7531,-1.398,-0.0433875,-1.82442,0.190152
6.81,2.37394,-0.139981,-2.75305,-1.39807,-0.0430765,-1.82444,0.190266
6.81114,2.37388,-0.139886,-2.75301,-1.39813,-0.0427654,-1.82446,0.19038
6.81251,2.37382,-0.13979,-2.75296,-1.3982,-0.0424543,-1.82448,0.190494
6.81348,2.37376,-0.139694,-2.75292,-1.39827,-0.0421432,-1.8245,0.190607
6.8147,2.3737,-0.139598,-2.75287,-1.39834,-0.041832,-1.82453,0.190721
6.8155,2.37363,-0.139502,-2.75282,-1.39841,-0.0415208,-1.82455,0.190834
6.8165,2.37357,-0.139405,-2.75278,-1.39847,-0.0412095,-1.82457,0.190948
6.81851,2.37345,-0.139212,-2.75268,-1.39861,-0.0405869,-1.82461,0.191174
6.81954,2.37339,-0.139115,-2.75263,-1.39868,-0.0402755,-1.82463,0.191287
6.82068,2.37333,-0.139017,-2.75259,-1.39875,-0.0399641,-1.82465,0.1914
6.82181,2.37327,-0.13892,-2.75254,-1.39882,-0.0396526,-1.82466,0.191513
6.82252,2.37321,-0.138822,-2.75249,-1.39889,-0.039341,-1.82468,0.191626
6.82368,2.37315,-0.138724,-2.75245,-1.39896,-0.0390295,-1.8247,0.191739
6.82488,2.37309,-0.138626,-2.7524,-1.39903,-0.0387179,-1.82472,0.191851
6.82554,2.37303,-0.138528,-2.75235,-1.3991,-0.0384062,-1.82474,0.191964
6.82673,2.37297,-0.138429,-2.7523,-1.39918,-0.0380946,-1.82476,0.192076
6.8279,2.37291,-0.138331,-2.75226,-1.39925,-0.0377829,-1.82477,0.192188
6.82854,2.37285,-0.138232,-2.75221,-1.39932,-0.0374711,-1.82479,0.192301
6.82969,2.37279,-0.138132,-2.75216,-1.39939,-0.0371593,-1.82481,0.192413
6.83084,2.37273,-0.138033,-2.75211,-1.39946,-0.0368475,-1.82483,0.192525
6.83152,2.37267,-0.137934,-2.75207,-1.39954,-0.0365357,-1.82484,0.192637
6.83268,2.37261,-0.137834,-2.75202,-1.39961,-0.0362238,-1.82486,0.192749
6.83383,2.37255,-0.137734,-2.75197,-1.39968,-0.0359119,-1.82487,0.192861
6.83453,2.37249,-0.137634,-2.75192,-1.39976,-0.0355999,-1.82489,0.192972
6.83568,2.37244,-0.137533,-2.75188,-1.39983,-0.0352879,-1.82491,0.193084
6.83683,2.37238,-0.137433,-2.75183,-1.3999,-0.0349759,-1.82492,0.193195
6.83804,2.37232,-0.137332,-2.75178,-1.39998,-0.0346639,-1.82494,0.193307
6.83864,2.37226,-0.137231,-2.75173,-1.40005,-0.0343519,-1.82495,0.193418
6.83981,2.37221,-0.13713,-2.75168,-1.40013,-0.0340398,-1.82497,0.193529
6.84095,2.37215,-0.137029,-2.75163,-1.4002,-0.0337277,-1.82498,0.19364
6.84158,2.37209,-0.136928,-2.75159,-1.40028,-0.0334156,-1.825,0.193751
6.84276,2.37203,-0.136826,-2.75154,-1.40035,-0.0331034,-1.82501,0.193862
6.84393,2.37198,-0.136724,-2.75149,-1.40043,-0.0327913,-1.82502,0.193973
6.84507,2.37192,-0.136622,-2.75144,-1.4005,-0.0324791,-1.82504,0.194084
6.84569,2.37186,-0.13652,-2.75139,-1.40058,-0.0321669,-1.82505,0.194194
6.84687,2.37181,-0.136418,-2.75134,-1.40066,-0.0318546,-1.82506,0.194305
6.84803,2.37175,-0.136315,-2.7513,-1.40073,-0.0315424,-1.82508,0.194415
6.84873,2.3717,-0.136212,-2.75125,-1.40081,-0.0312301,-1.82509,0.194525
6.84983,2.37164,-0.136109,-2.7512,-1.40089,-0.0309178,-1.8251,0.194636
6.85104,2.37159,-0.136006,-2.75115,-1.40096,-0.0306055,-1.82511,0.194746
6.85165,2.37153,-0.135903,-2.7511,-1.40104,-0.0302932,-1.82513,0.194856
6.85283,2.37148,-0.1358,-2.75105,-1.40112,-0.0299809,-1.82514,0.194966
6.85398,2.37142,-0.135696,-2.751,-1.4012,-0.0296685,-1.82515,0.195075
6.85515,2.37137,-0.135592,-2.75095,-1.40128,-0.0293561,-1.82516,0.195185
6.85577,2.37131,-0.135488,-2.7509,-1.40135,-0.0290438,-1.82517,0.195295
6.85695,2.37126,-0.135384,-2.75086,-1.40143,-0.0287314,-1.82518,0.195404
6.8581,2.3712,-0.13528,-2.75081,-1.40151,-0.0284189,-1.82519,0.195513
6.85932,2.37115,-0.135175,-2.75076,-1.40159,-0.0281065,-1.8252,0.195623
6.85989,2.3711,-0.13507,-2.75071,-1.40167,-0.0277941,-1.82521,0.195732
6.8611,2.37104,-0.134966,-2.75066,-1.40175,-0.0274816,-1.82522,0.195841
6.86173,2.37099,-0.134861,-2.75061,-1.40183,-0.0271691,-1.82523,0.19595
6.8629,2.37094,-0.134755,-2.75056,-1.40191,-0.0268567,-1.82524,0.196059
6.86407,2.37088,-0.13465,-2.75051,-1.40199,-0.0265442,-1.82525,0.196167
6.8647,2.37083,-0.134544,-2.75046,-1.40207,-0.0262317,-1.82526,0.196276
6.86587,2.37078,-0.134439,-2.75041,-1.40215,-0.0259192,-1.82527,0.196385
6.86706,2.37073,-0.134333,-2.75036,-1.40223,-0.0256067,-1.82528,0.196493
6.86799,2.37068,-0.134227,-2.75031,-1.40232,-0.0252942,-1.82529,0.196601
6.86917,2.37062,-0.13412,-2.75026,-1.4024,-0.0249817,-1.8253,0.196709
6.8698,2.37057,-0.134014,-2.75021,-1.40248,-0.0246692,-1.8253,0.196818
6.87094,2.37052,-0.133907,-2.75016,-1.40256,-0.0243567,-1.82531,0.196926
6.87207,2.37047,-0.133801,-2.75011,-1.40264,-0.0240441,-1.82532,0.197034
6.87274,2.37042,-0.133694,-2.75006,-1.40273,-0.0237316,-1.82533,0.197141
6.87454,2.37037,-0.133587,-2.75001,-1.40281,-0.023419,-1.82533,0.197249
6.87544,2.37032,-0.13348,-2.74996,-1.40289,-0.0231065,-1.82534,0.197357
6.87592,2.37027,-0.133372,-2.74991,-1.40297,-0.022794,-1.82535,0.197464
6.87783,2.37017,-0.133157,-2.74981,-1.40314,-0.0221689,-1.82536,0.197679
6.87968,2.37012,-0.133049,-2.74976,-1.40322,-0.0218563,-1.82537,0.197786
6.88089,2.37007,-0.132941,-2.74971,-1.40331,-0.0215438,-1.82537,0.197893
6.88096,2.37002,-0.132833,-2.74966,-1.40339,-0.0212312,-1.82538,0.198
6.88216,2.36997,-0.132724,-2.74961,-1.40348,-0.0209187,-1.82538,0.198107
6.88335,2.36992,-0.132616,-2.74956,-1.40356,-0.0206061,-1.82539,0.198214
6.88402,2.36987,-0.132507,-2.74951,-1.40365,-0.0202935,-1.82539,0.19832
6.88509,2.36982,-0.132398,-2.74945,-1.40373,-0.019981,-1.8254,0.198427
6.88685,2.36977,-0.132289,-2.7494,-1.40382,-0.0196684,-1.8254,0.198533
6.88746,2.36973,-0.13218,-2.74935,-1.4039,-0.0193558,-1.8254,0.198639
6.8881,2.36968,-0.132071,-2.7493,-1.40399,-0.0190433,-1.82541,0.198746
6.88926,2.36963,-0.131961,-2.74925,-1.40408,-0.0187307,-1.82541,0.198852
6.89041,2.36958,-0.131852,-2.7492,-1.40416,-0.0184182,-1.82542,0.198958
6.89101,2.36954,-0.131742,-2.74915,-1.40425,-0.0181056,-1.82542,0.199063
6.89214,2.36949,-0.131632,-2.7491,-1.40433,-0.0177931,-1.82542,0.199169
6.89411,2.36944,-0.131522,-2.74905,-1.40442,-0.0174806,-1.82542,0.199275
6.89432,2.3694,-0.131412,-2.74899,-1.40451,-0.017168,-1.82543,0.19938
6.89531,2.36935,-0.131301,-2.74894,-1.4046,-0.0168555,-1.82543,0.199486
6.89615,2.3693,-0.131191,-2.74889,-1.40468,-0.016543,-1.82543,0.199591
6.89739,2.36926,-0.13108,-2.74884,-1.40477,-0.0162305,-1.82543,0.199696
6.89867,2.36921,-0.130969,-2.74879,-1.40486,-0.015918,-1.82544,0.199801
6.89931,2.36917,-0.130858,-2.74874,-1.40495,-0.0156054,-1.82544,0.199906
6.90052,2.36912,-0.130747,-2.74868,-1.40504,-0.0152929,-1.82544,0.200011
6.90109,2.36908,-0.130636,-2.74863,-1.40512,-0.0149805,-1.82544,0.200116
6.90236,2.36903,-0.130524,-2.74858,-1.40521,-0.014668,-1.82544,0.20022
6.90351,2.36899,-0.130413,-2.74853,-1.4053,-0.0143555,-1.82544,0.200325
6.90489,2.36894,-0.130301,-2.74848,-1.40539,-0.014043,-1.82544,0.200429
6.90553,2.3689,-0.130189,-2.74842,-1.40548,-0.0137306,-1.82544,0.200533
6.90668,2.36885,-0.130077,-2.74837,-1.40557,-0.0134181,-1.82544,0.200637
6.9073,2.36881,-0.129965,-2.74832,-1.40566,-0.0131056,-1.82544,0.200741
6.90857,2.36877,-0.129852,-2.74827,-1.40575,-0.0127932,-1.82544,0.200845
6.90972,2.36872,-0.12974,-2.74822,-1.40584,-0.0124807,-1.82544,0.200949
6.91037,2.36868,-0.129627,-2.74816,-1.40593,-0.0121683,-1.82544,0.201053
6.91159,2.36864,-0.129514,-2.74811,-1.40602,-0.0118559,-1.82544,0.201156
6.91273,2.36859,-0.129401,-2.74806,-1.40611,-0.0115434,-1.82544,0.20126
6.9134,2.36855,-0.129288,-2.74801,-1.40621,-0.011231,-1.82544,0.201363
6.9146,2.36851,-0.129175,-2.74795,-1.4063,-0.0109186,-1.82544,0.201466
6.91638,2.36847,-0.129061,-2.7479,-1.40639,-0.0106063,-1.82544,0.201569
6.9165,2.36843,-0.128948,-2.74785,-1.40648,-0.0102939,-1.82544,0.201672
6.91815,2.36838,-0.128834,-2.74779,-1.40658,-0.00998159,-1.82544,0.201775
6.91871,2.36834,-0.12872,-2.74774,-1.40667,-0.00966927,-1.82544,0.201878
6.91989,2.3683,-0.128606,-2.74769,-1.40676,-0.00935697,-1.82544,0.20198
6.92108,2.36826,-0.128492,-2.74763,-1.40686,-0.00904468,-1.82544,0.202083
6.92227,2.36822,-0.128378,-2.74758,-1.40695,-0.00873242,-1.82544,0.202185
6.92343,2.36818,-0.128264,-2.74753,-1.40705,-0.00842016,-1.82544,0.202287
6.92401,2.36814,-0.128149,-2.74748,-1.40714,-0.00810794,-1.82544,0.202389
6.92517,2.3681,-0.128035,-2.74742,-1.40723,-0.00779573,-1.82544,0.202491
6.92634,2.36806,-0.12792,-2.74737,-1.40733,-0.00748355,-1.82544,0.202593
6.927,2.36802,-0.127805,-2.74732,-1.40743,-0.0071714,-1.82544,0.202695
6.92809,2.36798,-0.12769,-2.74726,-1.40752,-0.00685927,-1.82544,0.202796
6.92933,2.36794,-0.127575,-2.74721,-1.40762,-0.00654716,-1.82544,0.202898
6.9305,2.3679,-0.12746,-2.74715,-1.40771,-0.00623508,-1.82544,0.202999
6.93111,2.36786,-0.127344,-2.7471,-1.40781,-0.00592301,-1.82544,0.2031
6.93236,2.36783,-0.127229,-2.74705,-1.40791,-0.00561096,-1.82544,0.203201
6.933,2.36779,-0.127113,-2.74699,-1.408,-0.00529894,-1.82544,0.203302
6.93432,2.36775,-0.126998,-2.74694,-1.4081,-0.00498694,-1.82544,0.203403
6.93618,2.36767,-0.126766,-2.74683,-1.4083,-0.00436301,-1.82544,0.203604
6.93817,2.36764,-0.12665,-2.74678,-1.40839,-0.00405109,-1.82544,0.203704
6.93931,2.36756,-0.126417,-2.74667,-1.40859,-0.00342732,-1.82544,0.203905
6.9405,2.36753,-0.126301,-2.74661,-1.40869,-0.00311548,-1.82544,0.204005
6.94241,2.36745,-0.126068,-2.74651,-1.40889,-0.00249188,-1.82544,0.204205
6.94354,2.36742,-0.125951,-2.74645,-1.40899,-0.00218012,-1.82544,0.204304
6.94475,2.36738,-0.125834,-2.7464,-1.40909,-0.00186838,-1.82544,0.204404
6.94596,2.36735,-0.125717,-2.74634,-1.40919,-0.00155667,-1.82544,0.204503
6.94714,2.36731,-0.1256,-2.74629,-1.40929,-0.00124498,-1.82544,0.204603
6.94884,2.36728,-0.125482,-2.74623,-1.40939,-0.000933332,-1.82544,0.204702
6.95059,2.36724,-0.125365,-2.74618,-1.40949,-0.000621721,-1.82544,0.204801
6.95179,2.36721,-0.125248,-2.74612,-1.40959,-0.000310137,-1.82544,0.204899
6.95371,2.36718,-0.12513,-2.74607,-1.40969,1.42906e-06,-1.82544,0.204998
6.9547,2.36714,-0.125012,-2.74601,-1.40979,0.000312976,-1.82544,0.205097
6.95649,2.36711,-0.124894,-2.74596,-1.40989,0.000624514,-1.82544,0.205195
6.95764,2.36707,-0.124776,-2.7459,-1.41,0.000936041,-1.82544,0.205293
6.95881,2.36704,-0.124658,-2.74585,-1.4101,0.00124757,-1.82544,0.205391
6.95997,2.36701,-0.12454,-2.74579,-1.4102,0.00155908,-1.82544,0.205489
6.96116,2.36698,-0.124422,-2.74574,-1.4103,0.00187058,-1.82544,0.205587
6.96234,2.36694,-0.124303,-2.74568,-1.41041,0.00218206,-1.82544,0.205685
6.96406,2.36691,-0.124184,-2.74562,-1.41051,0.00249352,-1.82544,0.205782
6.9658,2.36688,-0.124065,-2.74557,-1.41061,0.00280498,-1.82544,0.20588
6.96696,2.36685,-0.123947,-2.74551,-1.41072,0.00311642,-1.82544,0.205977
6.96814,2.36682,-0.123827,-2.74546,-1.41082,0.00342787,-1.82544,0.206074
6.97022,2.36676,-0.123589,-2.74534,-1.41103,0.00405074,-1.82544,0.206267
6.97135,2.36673,-0.123469,-2.74529,-1.41114,0.00436217,-1.82544,0.206364
6.97203,2.3667,-0.12335,-2.74523,-1.41124,0.0046736,-1.82544,0.20646
6.97314,2.36667,-0.12323,-2.74518,-1.41135,0.00498502,-1.82544,0.206556
6.97431,2.36664,-0.12311,-2.74512,-1.41146,0.00529642,-1.82544,0.206652
6.97497,2.36661,-0.12299,-2.74506,-1.41156,0.00560779,-1.82544,0.206748
6.9761,2.36658,-0.122869,-2.74501,-1.41167,0.00591915,-1.82544,0.206844
6.97727,2.36655,-0.122749,-2.74495,-1.41177,0.00623048,-1.82544,0.206939
6.97908,2.36652,-0.122629,-2.74489,-1.41188,0.00654178,-1.82544,0.207035
6.98019,2.36646,-0.122387,-2.74478,-1.4121,0.00716434,-1.82544,0.207225
6.98135,2.36644,-0.122267,-2.74472,-1.4122,0.00747559,-1.82544,0.20732
6.98326,2.36641,-0.122146,-2.74466,-1.41231,0.0077868,-1.82544,0.207415
6.9843,2.36636,-0.121904,-2.74455,-1.41253,0.00840916,-1.82544,0.207604
6.98551,2.36633,-0.121782,-2.74449,-1.41264,0.0087203,-1.82544,0.207698
6.9861,2.3663,-0.121661,-2.74443,-1.41275,0.00903142,-1.82544,0.207792
6.98728,2.36628,-0.121539,-2.74438,-1.41286,0.0093425,-1.82544,0.207886
6.98846,2.36625,-0.121418,-2.74432,-1.41297,0.00965353,-1.82544,0.20798
6.98906,2.36622,-0.121296,-2.74426,-1.41308,0.00996453,-1.82544,0.208074
6.99029,2.3662,-0.121174,-2.7442,-1.41319,0.0102755,-1.82544,0.208167
6.99142,2.36617,-0.121053,-2.74414,-1.4133,0.0105864,-1.82544,0.208261
6.99252,2.36615,-0.120931,-2.74409,-1.41341,0.0108973,-1.82544,0.208354
6.99319,2.36613,-0.120809,-2.74403,-1.41352,0.0112081,-1.82544,0.208447
6.99445,2.3661,-0.120686,-2.74397,-1.41363,0.0115188,-1.82544,0.20854
6.99553,2.36608,-0.120564,-2.74391,-1.41374,0.0118296,-1.82544,0.208633
6.99671,2.36605,-0.120442,-2.74385,-1.41385,0.0121402,-1.82544,0.208726
6.99757,2.36603,-0.120319,-2.7438,-1.41396,0.0124509,-1.82544,0.208819
6.99858,2.36601,-0.120197,-2.74374,-1.41408,0.0127614,-1.82544,0.208911
6.99934,2.36598,-0.120074,-2.74368,-1.41419,0.013072,-1.82544,0.209003
7.00071,2.36596,-0.119952,-2.74362,-1.4143,0.0133824,-1.82544,0.209095
7.00231,2.36592,-0.119706,-2.7435,-1.41452,0.0140032,-1.82544,0.209279
7.00354,2.3659,-0.119583,-2.74344,-1.41464,0.0143135,-1.82544,0.209371
7.0047,2.36587,-0.11946,-2.74338,-1.41475,0.0146238,-1.82544,0.209462
7.00534,2.36585,-0.119337,-2.74332,-1.41486,0.014934,-1.82544,0.209554
7.00648,2.36583,-0.119214,-2.74326,-1.41498,0.0152442,-1.82544,0.209645
7.00833,2.36581,-0.119091,-2.74321,-1.41509,0.0155543,-1.82544,0.209736
7.00841,2.36579,-0.118968,-2.74315,-1.4152,0.0158644,-1.82544,0.209827
7.00952,2.36577,-0.118844,-2.74309,-1.41532,0.0161744,-1.82544,0.209918
7.01071,2.36575,-0.118721,-2.74303,-1.41543,0.0164843,-1.82544,0.210008
7.01161,2.36573,-0.118597,-2.74297,-1.41555,0.0167942,-1.82544,0.210099
7.01252,2.36571,-0.118474,-2.74291,-1.41566,0.017104,-1.82544,0.210189
7.01368,2.36569,-0.11835,-2.74285,-1.41578,0.0174138,-1.82544,0.21028
7.01485,2.36568,-0.118226,-2.74279,-1.41589,0.0177235,-1.82544,0.21037
7.01583,2.36566,-0.118102,-2.74273,-1.41601,0.0180331,-1.82544,0.210459
7.01665,2.36564,-0.117978,-2.74267,-1.41612,0.0183427,-1.82544,0.210549
7.01785,2.36562,-0.117855,-2.74261,-1.41624,0.0186522,-1.82544,0.210639
7.01845,2.3656,-0.11773,-2.74255,-1.41635,0.0189617,-1.82544,0.210728
7.01972,2.36559,-0.117606,-2.74249,-1.41647,0.0192711,-1.82544,0.210818
7.02087,2.36557,-0.117482,-2.74243,-1.41659,0.0195804,-1.82544,0.210907
7.02152,2.36555,-0.117358,-2.74237,-1.4167,0.0198896,-1.82544,0.210996
7.02358,2.36554,-0.117234,-2.7423,-1.41682,0.0201988,-1.82544,0.211084
7.02397,2.36552,-0.117109,-2.74224,-1.41693,0.0205079,-1.82544,0.211173
7.02456,2.3655,-0.116985,-2.74218,-1.41705,0.020817,-1.82543,0.211262
7.02573,2.36549,-0.11686,-2.74212,-1.41717,0.0211259,-1.82543,0.21135
7.0269,2.36547,-0.116736,-2.74206,-1.41729,0.0214349,-1.82543,0.211438
7.02807,2.36546,-0.116611,-2.742,-1.4174,0.0217437,-1.82543,0.211526
7.02868,2.36544,-0.116487,-2.74194,-1.41752,0.0220525,-1.82543,0.211614
7.02987,2.36543,-0.116362,-2.74188,-1.41764,0.0223612,-1.82543,0.211702
7.03109,2.36541,-0.116237,-2.74182,-1.41775,0.0226698,-1.82543,0.21179
7.03227,2.3654,-0.116112,-2.74175,-1.41787,0.0229784,-1.82542,0.211877
7.03293,2.36539,-0.115987,-2.74169,-1.41799,0.0232869,-1.82542,0.211964
7.03411,2.36537,-0.115862,-2.74163,-1.41811,0.0235953,-1.82542,0.212051
7.03528,2.36536,-0.115737,-2.74157,-1.41822,0.0239037,-1.82542,0.212138
7.036,2.36535,-0.115612,-2.74151,-1.41834,0.0242119,-1.82541,0.212225
7.03708,2.36534,-0.115487,-2.74145,-1.41846,0.0245202,-1.82541,0.212312
7.03826,2.36532,-0.115361,-2.74138,-1.41858,0.0248283,-1.82541,0.212398
7.04,2.36531,-0.115236,-2.74132,-1.4187,0.0251363,-1.8254,0.212484
7.04006,2.3653,-0.115111,-2.74126,-1.41882,0.0254443,-1.8254,0.21257
7.04125,2.36529,-0.114985,-2.7412,-1.41893,0.0257522,-1.8254,0.212656
7.0424,2.36528,-0.114859,-2.74114,-1.41905,0.0260601,-1.82539,0.212742
7.04301,2.36527,-0.114734,-2.74107,-1.41917,0.0263678,-1.82539,0.212828
7.04474,2.36526,-0.114608,-2.74101,-1.41929,0.0266755,-1.82539,0.212913
7.04534,2.36525,-0.114482,-2.74095,-1.41941,0.0269831,-1.82538,0.212998
7.04721,2.36524,-0.114357,-2.74089,-1.41953,0.0272906,-1.82538,0.213084
7.04726,2.36523,-0.114231,-2.74082,-1.41965,0.0275981,-1.82537,0.213168
7.04844,2.36522,-0.114105,-2.74076,-1.41977,0.0279055,-1.82537,0.213253
7.04963,2.36521,-0.113979,-2.7407,-1.41989,0.0282128,-1.82536,0.213338
7.05024,2.3652,-0.113853,-2.74064,-1.42001,0.0285201,-1.82536,0.213422
7.05155,2.36519,-0.113727,-2.74057,-1.42013,0.0288273,-1.82535,0.213507
7.053,2.36518,-0.1136,-2.74051,-1.42025,0.0291344,-1.82535,0.213591
7.05359,2.36517,-0.113474,-2.74045,-1.42037,0.0294414,-1.82534,0.213675
7.05426,2.36517,-0.113348,-2.74038,-1.42049,0.0297484,-1.82533,0.213759
7.05538,2.36516,-0.113222,-2.74032,-1.42061,0.0300552,-1.82533,0.213842
7.05652,2.36515,-0.113095,-2.74026,-1.42073,0.030362,-1.82532,0.213926
7.05714,2.36515,-0.112969,-2.74019,-1.42085,0.0306688,-1.82531,0.214009
7.05831,2.36514,-0.112842,-2.74013,-1.42097,0.0309754,-1.82531,0.214092
7.05952,2.36513,-0.112715,-2.74007,-1.42109,0.0312819,-1.8253,0.214175
7.06069,2.36513,-0.112589,-2.74,-1.42121,0.0315884,-1.82529,0.214258
7.06133,2.36512,-0.112462,-2.73994,-1.42133,0.0318948,-1.82529,0.214341
7.06256,2.36512,-0.112335,-2.73987,-1.42145,0.0322011,-1.82528,0.214423
7.06322,2.36511,-0.112208,-2.73981,-1.42157,0.0325073,-1.82527,0.214505
7.06475,2.36511,-0.112081,-2.73975,-1.42169,0.0328134,-1.82526,0.214587
7.06582,2.3651,-0.111955,-2.73968,-1.42182,0.0331195,-1.82525,0.214669
7.06677,2.3651,-0.111828,-2.73962,-1.42194,0.0334255,-1.82525,0.214751
7.06779,2.36509,-0.1117,-2.73955,-1.42206,0.0337313,-1.82524,0.214833
7.06878,2.36509,-0.111573,-2.73949,-1.42218,0.0340371,-1.82523,0.214914
7.06965,2.36509,-0.111446,-2.73942,-1.4223,0.0343428,-1.82522,0.214996
7.07029,2.36508,-0.111319,-2.73936,-1.42242,0.0346485,-1.82521,0.215077
7.07147,2.36508,-0.111192,-2.73929,-1.42255,0.034954,-1.8252,0.215158
7.07266,2.36508,-0.111064,-2.73923,-1.42267,0.0352594,-1.82519,0.215239
7.07324,2.36508,-0.110937,-2.73916,-1.42279,0.0355648,-1.82518,0.215319
7.07514,2.36507,-0.11081,-2.7391,-1.42291,0.03587,-1.82517,0.2154
7.07575,2.36507,-0.110682,-2.73903,-1.42303,0.0361752,-1.82516,0.21548
7.07809,2.36507,-0.110555,-2.73897,-1.42316,0.0364803,-1.82515,0.21556
7.07871,2.36507,-0.1103,-2.73884,-1.4234,0.0370902,-1.82513,0.21572
7.07937,2.36507,-0.110172,-2.73877,-1.42353,0.037395,-1.82512,0.215799
7.08055,2.36507,-0.110044,-2.73871,-1.42365,0.0376997,-1.82511,0.215879
7.08236,2.36507,-0.109917,-2.73864,-1.42377,0.0380044,-1.8251,0.215958
7.08247,2.36507,-0.109789,-2.73857,-1.42389,0.0383088,-1.82509,0.216037
7.08358,2.36507,-0.109661,-2.73851,-1.42402,0.0386132,-1.82507,0.216116
7.08474,2.36507,-0.109533,-2.73844,-1.42414,0.0389175,-1.82506,0.216195
7.08544,2.36507,-0.109405,-2.73837,-1.42426,0.0392216,-1.82505,0.216273
7.08652,2.36507,-0.109277,-2.73831,-1.42439,0.0395256,-1.82504,0.216352
7.08767,2.36507,-0.109149,-2.73824,-1.42451,0.0398295,-1.82503,0.21643
7.08885,2.36507,-0.109021,-2.73817,-1.42464,0.0401333,-1.82501,0.216508
7.08949,2.36507,-0.108893,-2.7381,-1.42476,0.040437,-1.825,0.216586
7.09133,2.36507,-0.108765,-2.73803,-1.42488,0.0407405,-1.82499,0.216664
7.09184,2.36507,-0.108637,-2.73796,-1.42501,0.0410439,-1.82497,0.216742
7.09254,2.36507,-0.108509,-2.73789,-1.42513,0.0413472,-1.82496,0.216819
7.09362,2.36507,-0.10838,-2.73782,-1.42526,0.0416503,-1.82495,0.216897
7.09536,2.36507,-0.108252,-2.73775,-1.42538,0.0419534,-1.82493,0.216974
7.09594,2.36507,-0.108124,-2.73768,-1.42551,0.0422563,-1.82492,0.217051
7.09655,2.36507,-0.107995,-2.73761,-1.42563,0.0425591,-1.8249,0.217128
7.09774,2.36507,-0.107867,-2.73754,-1.42575,0.0428618,-1.82489,0.217204
7.09949,2.36507,-0.107739,-2.73746,-1.42588,0.0431643,-1.82488,0.217281
7.09952,2.36507,-0.10761,-2.73739,-1.426,0.0434668,-1.82486,0.217357
7.10078,2.36507,-0.107482,-2.73732,-1.42613,0.0437691,-1.82485,0.217433
7.10195,2.36507,-0.107353,-2.73725,-1.42625,0.0440713,-1.82483,0.21751
7.10257,2.36507,-0.107224,-2.73717,-1.42638,0.0443734,-1.82482,0.217585
7.10375,2.36507,-0.107096,-2.7371,-1.4265,0.0446754,-1.8248,0.217661
7.10493,2.36507,-0.106967,-2.73702,-1.42663,0.0449772,-1.82478,0.217737
7.10608,2.36507,-0.106839,-2.73695,-1.42676,0.045279,-1.82477,0.217812
7.10729,2.36507,-0.10671,-2.73687,-1.42688,0.0455806,-1.82475,0.217888
7.10788,2.36507,-0.106581,-2.7368,-1.42701,0.0458821,-1.82474,0.217963
7.10903,2.36507,-0.106452,-2.73672,-1.42713,0.0461834,-1.82472,0.218038
7.10971,2.36507,-0.106324,-2.73665,-1.42726,0.0464847,-1.8247,0.218112
7.11082,2.36507,-0.106195,-2.73657,-1.42738,0.0467858,-1.82469,0.218187
7.11202,2.36507,-0.106066,-2.73649,-1.42751,0.0470867,-1.82467,0.218262
7.11267,2.36507,-0.105937,-2.73642,-1.42764,0.0473876,-1.82465,0.218336
7.11384,2.36507,-0.105808,-2.73634,-1.42776,0.0476883,-1.82463,0.21841
7.11506,2.36507,-0.105679,-2.73626,-1.42789,0.0479889,-1.82462,0.218484
7.11585,2.36507,-0.10555,-2.73618,-1.42802,0.0482894,-1.8246,0.218558
7.11697,2.36507,-0.105421,-2.73611,-1.42814,0.0485898,-1.82458,0.218632
7.11818,2.36507,-0.105292,-2.73603,-1.42827,0.04889,-1.82456,0.218705
7.11877,2.36507,-0.105163,-2.73595,-1.4284,0.0491901,-1.82454,0.218778
7.11996,2.36507,-0.105034,-2.73587,-1.42852,0.0494901,-1.82452,0.218852
7.12105,2.36507,-0.104905,-2.73579,-1.42865,0.0497899,-1.82451,0.218925
7.1217,2.36507,-0.104776,-2.73571,-1.42878,0.0500897,-1.82449,0.218998
7.12288,2.36507,-0.104647,-2.73563,-1.4289,0.0503893,-1.82447,0.21907
7.12406,2.36507,-0.104518,-2.73555,-1.42903,0.0506888,-1.82445,0.219143
7.12481,2.36507,-0.104389,-2.73547,-1.42916,0.0509881,-1.82443,0.219215
7.12661,2.36507,-0.104259,-2.73538,-1.42928,0.0512873,-1.82441,0.219287
7.12668,2.36507,-0.10413,-2.7353,-1.42941,0.0515864,-1.82439,0.21936
7.12781,2.36507,-0.104001,-2.73522,-1.42954,0.0518854,-1.82437,0.219431
7.12899,2.36507,-0.103872,-2.73514,-1.42967,0.0521843,-1.82435,0.219503
7.13017,2.36507,-0.103743,-2.73506,-1.42979,0.052483,-1.82433,0.219575
7.13078,2.36507,-0.103613,-2.73497,-1.42992,0.0527816,-1.82431,0.219646
7.13198,2.36507,-0.103484,-2.73489,-1.43005,0.05308,-1.82428,0.219717
7.13322,2.36507,-0.103355,-2.7348,-1.43018,0.0533784,-1.82426,0.219789
7.13383,2.36507,-0.103225,-2.73472,-1.43031,0.0536767,-1.82424,0.21986
7.13499,2.36507,-0.103096,-2.73464,-1.43043,0.0539748,-1.82422,0.21993
7.13613,2.36507,-0.102967,-2.73455,-1.43056,0.0542728,-1.8242,0.220001
7.13731,2.36507,-0.102837,-2.73447,-1.43069,0.0545707,-1.82418,0.220072
7.13796,2.36507,-0.102708,-2.73438,-1.43082,0.0548685,-1.82415,0.220142
7.13993,2.36507,-0.102579,-2.7343,-1.43095,0.0551662,-1.82413,0.220212
7.13999,2.36507,-0.102449,-2.73421,-1.43107,0.0554637,-1.82411,0.220282
7.14188,2.36507,-0.10232,-2.73413,-1.4312,0.0557612,-1.82409,0.220352
7.14194,2.36508,-0.10219,-2.73404,-1.43133,0.0560585,-1.82406,0.220422
7.14307,2.36508,-0.102061,-2.73395,-1.43146,0.0563557,-1.82404,0.220492
7.14421,2.36508,-0.101932,-2.73387,-1.43159,0.0566528,-1.82402,0.220561
7.14485,2.36508,-0.101802,-2.73378,-1.43172,0.0569498,-1.824,0.22063
7.14599,2.36508,-0.101673,-2.73369,-1.43185,0.0572466,-1.82397,0.220699
7.14732,2.36508,-0.101543,-2.73361,-1.43198,0.0575434,-1.82395,0.220768
7.14831,2.36509,-0.101414,-2.73352,-1.4321,0.05784,-1.82392,0.220837
7.14899,2.36509,-0.101284,-2.73343,-1.43223,0.0581365,-1.8239,0.220905
7.15076,2.36509,-0.101155,-2.73335,-1.43236,0.0584328,-1.82388,0.220973
7.1519,2.3651,-0.100896,-2.73317,-1.43262,0.0590252,-1.82383,0.221109
7.15368,2.3651,-0.100766,-2.73308,-1.43275,0.0593213,-1.8238,0.221177
7.15426,2.3651,-0.100637,-2.733,-1.43288,0.0596172,-1.82378,0.221245
7.15486,2.36511,-0.100507,-2.73291,-1.43301,0.0599129,-1.82375,0.221312
7.15601,2.36511,-0.100378,-2.73282,-1.43314,0.0602086,-1.82373,0.221379
7.15717,2.36511,-0.100248,-2.73273,-1.43327,0.0605041,-1.8237,0.221446
7.1578,2.36512,-0.100119,-2.73264,-1.4334,0.0607995,-1.82367,0.221513
7.15892,2.36512,-0.0999892,-2.73255,-1.43353,0.0610948,-1.82365,0.221579
7.16007,2.36513,-0.0998598,-2.73247,-1.43366,0.06139,-1.82362,0.221646
7.16192,2.36513,-0.0997303,-2.73238,-1.43379,0.061685,-1.8236,0.221712
7.16202,2.36514,-0.0996008,-2.73229,-1.43392,0.0619799,-1.82357,0.221778
7.16376,2.36514,-0.0994713,-2.7322,-1.43404,0.0622747,-1.82354,0.221844
7.16382,2.36515,-0.0993419,-2.73211,-1.43417,0.0625694,-1.82352,0.22191
7.16497,2.36516,-0.0992124,-2.73202,-1.4343,0.0628639,-1.82349,0.221975
7.16614,2.36516,-0.099083,-2.73193,-1.43443,0.0631583,-1.82346,0.22204
7.16742,2.36517,-0.0989535,-2.73184,-1.43456,0.0634526,-1.82344,0.222105
7.168,2.36518,-0.0988241,-2.73175,-1.43469,0.0637468,-1.82341,0.22217
7.16964,2.36518,-0.0986947,-2.73166,-1.43482,0.0640408,-1.82338,0.222235
7.17029,2.36519,-0.0985653,-2.73157,-1.43495,0.0643347,-1.82335,0.222299
7.17086,2.3652,-0.0984359,-2.73148,-1.43508,0.0646284,-1.82332,0.222364
7.17204,2.36521,-0.0983065,-2.73139,-1.43522,0.0649221,-1.8233,0.222428
7.17321,2.36521,-0.0981771,-2.7313,-1.43535,0.0652156,-1.82327,0.222492
7.17387,2.36522,-0.0980478,-2.73121,-1.43548,0.0655089,-1.82324,0.222555
7.175,2.36523,-0.0979184,-2.73112,-1.43561,0.0658022,-1.82321,0.222619
7.17617,2.36524,-0.0977891,-2.73103,-1.43574,0.0660953,-1.82318,0.222682
7.17734,2.36525,-0.0976597,-2.73094,-1.43587,0.0663883,-1.82315,0.222745
7.17856,2.36526,-0.0975304,-2.73085,-1.436,0.0666811,-1.82312,0.222808
7.17914,2.36527,-0.0974012,-2.73076,-1.43613,0.0669738,-1.82309,0.22287
7.18044,2.36528,-0.0972719,-2.73067,-1.43626,0.0672664,-1.82306,0.222933
7.18104,2.36529,-0.0971426,-2.73058,-1.43639,0.0675588,-1.82303,0.222995
7.1822,2.3653,-0.0970134,-2.73049,-1.43652,0.0678511,-1.823,0.223057
7.18338,2.36531,-0.0968842,-2.7304,-1.43665,0.0681433,-1.82297,0.223119
7.184,2.36532,-0.096755,-2.7303,-1.43678,0.0684353,-1.82294,0.22318
7.18513,2.36534,-0.0966258,-2.73021,-1.43691,0.0687272,-1.82291,0.223242
7.1863,2.36535,-0.0964966,-2.73012,-1.43704,0.069019,-1.82288,0.223303
7.18754,2.36536,-0.0963675,-2.73003,-1.43717,0.0693106,-1.82285,0.223364
7.1882,2.36537,-0.0962384,-2.72994,-1.4373,0.0696021,-1.82282,0.223425
7.18935,2.36539,-0.0961093,-2.72985,-1.43744,0.0698934,-1.82279,0.223485
7.19051,2.3654,-0.0959802,-2.72975,-1.43757,0.0701846,-1.82276,0.223546
7.19117,2.36541,-0.0958512,-2.72966,-1.4377,0.0704757,-1.82273,0.223606
7.19231,2.36543,-0.0957221,-2.72957,-1.43783,0.0707667,-1.82269,0.223666
7.19354,2.36544,-0.0955931,-2.72948,-1.43796,0.0710575,-1.82266,0.223725
7.19418,2.36546,-0.0954642,-2.72938,-1.43809,0.0713481,-1.82263,0.223785
7.19535,2.36547,-0.0953352,-2.72929,-1.43822,0.0716386,-1.8226,0.223844
7.19654,2.36549,-0.0952063,-2.7292,-1.43835,0.071929,-1.82257,0.223903
7.19722,2.3655,-0.0950773,-2.72911,-1.43848,0.0722193,-1.82253,0.223962
7.19847,2.36552,-0.0949484,-2.72901,-1.43862,0.0725094,-1.8225,0.224021
7.19953,2.36553,-0.0948196,-2.72892,-1.43875,0.0727994,-1.82247,0.224079
7.20014,2.36555,-0.0946907,-2.72883,-1.43888,0.0730892,-1.82244,0.224138
7.20131,2.36557,-0.0945619,-2.72873,-1.43901,0.0733789,-1.8224,0.224196
7.20272,2.36558,-0.0944331,-2.72864,-1.43914,0.0736684,-1.82237,0.224253
7.20324,2.3656,-0.0943044,-2.72855,-1.43927,0.0739578,-1.82234,0.224311
7.20453,2.36562,-0.0941757,-2.72845,-1.4394,0.0742471,-1.8223,0.224368
7.20523,2.36564,-0.094047,-2.72836,-1.43953,0.0745362,-1.82227,0.224426
7.20636,2.36565,-0.0939183,-2.72827,-1.43967,0.0748252,-1.82223,0.224483
7.20752,2.36567,-0.0937897,-2.72817,-1.4398,0.075114,-1.8222,0.224539
7.20813,2.36569,-0.0936611,-2.72808,-1.43993,0.0754027,-1.82217,0.224596
7.20944,2.36571,-0.0935326,-2.72799,-1.44006,0.0756912,-1.82213,0.224652
7.21042,2.36573,-0.0934041,-2.72789,-1.44019,0.0759796,-1.8221,0.224708
7.21158,2.36575,-0.0932756,-2.7278,-1.44032,0.0762679,-1.82206,0.224764
7.21221,2.36577,-0.0931471,-2.7277,-1.44046,0.076556,-1.82203,0.22482
7.21338,2.36579,-0.0930187,-2.72761,-1.44059,0.0768439,-1.82199,0.224875
7.21453,2.36581,-0.0928903,-2.72751,-1.44072,0.0771317,-1.82196,0.224931
7.21513,2.36583,-0.092762,-2.72742,-1.44085,0.0774194,-1.82192,0.224986
7.21631,2.36585,-0.0926337,-2.72732,-1.44098,0.0777069,-1.82189,0.225041
7.21753,2.36588,-0.0925054,-2.72723,-1.44111,0.0779943,-1.82185,0.225095
7.21819,2.3659,-0.0923772,-2.72714,-1.44125,0.0782815,-1.82181,0.22515
7.21935,2.36592,-0.092249,-2.72704,-1.44138,0.0785686,-1.82178,0.225204
7.22051,2.36594,-0.0921208,-2.72694,-1.44151,0.0788555,-1.82174,0.225258
7.22119,2.36597,-0.0919927,-2.72685,-1.44164,0.0791422,-1.82171,0.225311
7.22235,2.36599,-0.0918646,-2.72675,-1.44177,0.0794289,-1.82167,0.225365
7.22353,2.36601,-0.0917366,-2.72666,-1.44191,0.0797153,-1.82163,0.225418
7.22415,2.36604,-0.0916086,-2.72656,-1.44204,0.0800016,-1.8216,0.225471
7.22533,2.36606,-0.0914807,-2.72647,-1.44217,0.0802878,-1.82156,0.225524
7.22652,2.36609,-0.0913528,-2.72637,-1.4423,0.0805738,-1.82152,0.225577
7.22725,2.36611,-0.0912249,-2.72628,-1.44243,0.0808597,-1.82148,0.225629
7.22833,2.36614,-0.0910971,-2.72618,-1.44257,0.0811454,-1.82145,0.225681
7.22952,2.36616,-0.0909694,-2.72608,-1.4427,0.0814309,-1.82141,0.225733
7.23014,2.36619,-0.0908417,-2.72599,-1.44283,0.0817163,-1.82137,0.225785
7.23131,2.36622,-0.090714,-2.72589,-1.44296,0.0820016,-1.82133,0.225837
7.2325,2.36624,-0.0905864,-2.72579,-1.44309,0.0822866,-1.82129,0.225888
7.23311,2.36627,-0.0904588,-2.7257,-1.44323,0.0825716,-1.82126,0.225939
7.23434,2.3663,-0.0903313,-2.7256,-1.44336,0.0828563,-1.82122,0.22599
7.23554,2.36632,-0.0902038,-2.7255,-1.44349,0.083141,-1.82118,0.226041
7.23614,2.36635,-0.0900764,-2.72541,-1.44362,0.0834254,-1.82114,0.226091
7.2373,2.36638,-0.089949,-2.72531,-1.44375,0.0837097,-1.8211,0.226141
7.2385,2.36641,-0.0898217,-2.72521,-1.44389,0.0839939,-1.82106,0.226191
7.23915,2.36644,-0.0896944,-2.72512,-1.44402,0.0842779,-1.82102,0.226241
7.24031,2.36647,-0.0895672,-2.72502,-1.44415,0.0845617,-1.82098,0.226291
7.24149,2.3665,-0.08944,-2.72492,-1.44428,0.0848454,-1.82095,0.22634
7.2421,2.36653,-0.0893129,-2.72482,-1.44442,0.0851289,-1.82091,0.226389
7.24331,2.36656,-0.0891859,-2.72472,-1.44455,0.0854123,-1.82087,0.226438
7.24447,2.36659,-0.0890589,-2.72463,-1.44468,0.0856955,-1.82083,0.226487
7.24565,2.36662,-0.0889319,-2.72453,-1.44481,0.0859785,-1.82079,0.226535
7.24627,2.36665,-0.0888051,-2.72443,-1.44494,0.0862614,-1.82075,0.226583
7.24753,2.36668,-0.0886782,-2.72433,-1.44508,0.0865441,-1.82071,0.226631
7.24864,2.36672,-0.0885514,-2.72423,-1.44521,0.0868267,-1.82066,0.226679
7.24934,2.36675,-0.0884247,-2.72414,-1.44534,0.0871091,-1.82062,0.226727
7.25051,2.36678,-0.0882981,-2.72404,-1.44547,0.0873913,-1.82058,0.226774
7.25193,2.36681,-0.0881714,-2.72394,-1.44561,0.0876734,-1.82054,0.226821
7.25248,2.36685,-0.0880449,-2.72384,-1.44574,0.0879554,-1.8205,0.226868
7.25355,2.36688,-0.0879184,-2.72374,-1.44587,0.0882371,-1.82046,0.226914
7.25422,2.36692,-0.087792,-2.72364,-1.446,0.0885187,-1.82042,0.226961
7.25538,2.36695,-0.0876656,-2.72354,-1.44614,0.0888002,-1.82038,0.227007
7.25652,2.36699,-0.0875393,-2.72344,-1.44627,0.0890814,-1.82034,0.227053
7.25742,2.36702,-0.087413,-2.72334,-1.4464,0.0893626,-1.82029,0.227099
7.25859,2.36706,-0.0872869,-2.72324,-1.44653,0.0896435,-1.82025,0.227144
7.25972,2.36709,-0.0871607,-2.72314,-1.44666,0.0899243,-1.82021,0.227189
7.26038,2.36713,-0.0870347,-2.72304,-1.4468,0.0902049,-1.82017,0.227234
7.26159,2.36716,-0.0869087,-2.72294,-1.44693,0.0904854,-1.82012,0.227279
7.2627,2.3672,-0.0867828,-2.72284,-1.44706,0.0907656,-1.82008,0.227324
7.26336,2.36724,-0.0866569,-2.72274,-1.44719,0.0910458,-1.82004,0.227368
7.26455,2.36728,-0.0865311,-2.72264,-1.44733,0.0913257,-1.82,0.227412
7.26586,2.36731,-0.0864054,-2.72254,-1.44746,0.0916055,-1.81995,0.227456
7.26628,2.36735,-0.0862798,-2.72244,-1.44759,0.0918852,-1.81991,0.2275
7.26761,2.36739,-0.0861542,-2.72234,-1.44772,0.0921646,-1.81987,0.227543
7.26869,2.36743,-0.0860287,-2.72224,-1.44786,0.0924439,-1.81982,0.227586
7.2698,2.36747,-0.0859032,-2.72214,-1.44799,0.092723,-1.81978,0.227629
7.27045,2.36751,-0.0857779,-2.72204,-1.44812,0.093002,-1.81974,0.227672
7.27153,2.36755,-0.0856526,-2.72194,-1.44825,0.0932808,-1.81969,0.227715
7.27269,2.36759,-0.0855273,-2.72184,-1.44838,0.0935594,-1.81965,0.227757
7.27332,2.36763,-0.0854022,-2.72174,-1.44852,0.0938378,-1.8196,0.227799
7.2745,2.36767,-0.0852771,-2.72163,-1.44865,0.0941161,-1.81956,0.227841
7.27568,2.36771,-0.0851521,-2.72153,-1.44878,0.0943942,-1.81952,0.227883
7.2763,2.36775,-0.0850272,-2.72143,-1.44891,0.0946722,-1.81947,0.227924
7.27751,2.3678,-0.0849023,-2.72133,-1.44905,0.0949499,-1.81943,0.227965
7.27865,2.36784,-0.0847775,-2.72123,-1.44918,0.0952275,-1.81938,0.228006
7.27982,2.36788,-0.0846528,-2.72113,-1.44931,0.095505,-1.81934,0.228047
7.28047,2.36792,-0.0845282,-2.72102,-1.44944,0.0957822,-1.81929,0.228087
7.28161,2.36797,-0.0844037,-2.72092,-1.44957,0.0960593,-1.81925,0.228127
7.28282,2.36801,-0.0842792,-2.72082,-1.44971,0.0963362,-1.8192,0.228167
7.28368,2.36806,-0.0841548,-2.72072,-1.44984,0.0966129,-1.81916,0.228207
7.2846,2.3681,-0.0840305,-2.72061,-1.44997,0.0968895,-1.81911,0.228247
7.28578,2.36815,-0.0839063,-2.72051,-1.4501,0.0971659,-1.81906,0.228286
7.28648,2.36819,-0.0837821,-2.72041,-1.45023,0.0974421,-1.81902,0.228325
7.2876,2.36824,-0.083658,-2.7203,-1.45037,0.0977181,-1.81897,0.228364
7.28874,2.36828,-0.0835341,-2.7202,-1.4505,0.097994,-1.81893,0.228402
7.28941,2.36833,-0.0834101,-2.7201,-1.45063,0.0982697,-1.81888,0.228441
7.29058,2.36837,-0.0832863,-2.71999,-1.45076,0.0985452,-1.81883,0.228479
7.29173,2.36842,-0.0831626,-2.71989,-1.45089,0.0988205,-1.81879,0.228517
7.2924,2.36847,-0.0830389,-2.71979,-1.45103,0.0990957,-1.81874,0.228554
7.29353,2.36852,-0.0829154,-2.71968,-1.45116,0.0993707,-1.81869,0.228592
7.29472,2.36856,-0.0827919,-2.71958,-1.45129,0.0996455,-1.81865,0.228629
7.29542,2.36861,-0.0826685,-2.71947,-1.45142,0.0999201,-1.8186,0.228666
7.29658,2.36866,-0.0825452,-2.71937,-1.45155,0.100195,-1.81855,0.228702
7.29775,2.36871,-0.082422,-2.71927,-1.45169,0.100469,-1.8185,0.228739
7.29842,2.36876,-0.0822988,-2.71916,-1.45182,0.100743,-1.81846,0.228775
7.29976,2.36881,-0.0821758,-2.71906,-1.45195,0.101017,-1.81841,0.228811
7.30072,2.36886,-0.0820529,-2.71895,-1.45208,0.101291,-1.81836,0.228847
7.30188,2.36891,-0.08193,-2.71885,-1.45221,0.101564,-1.81831,0.228882
7.30253,2.36896,-0.0818072,-2.71874,-1.45235,0.101837,-1.81826,0.228917
7.30367,2.36901,-0.0816846,-2.71864,-1.45248,0.102111,-1.81822,0.228952
7.30481,2.36906,-0.081562,-2.71853,-1.45261,0.102384,-1.81817,0.228987
7.30544,2.36912,-0.0814395,-2.71843,-1.45274,0.102657,-1.81812,0.229022
7.30659,2.36917,-0.0813171,-2.71832,-1.45287,0.102929,-1.81807,0.229056
7.30776,2.36922,-0.0811948,-2.71822,-1.453,0.103202,-1.81802,0.22909
7.30841,2.36927,-0.0810726,-2.71811,-1.45314,0.103474,-1.81797,0.229124
7.30953,2.36933,-0.0809505,-2.718,-1.45327,0.103746,-1.81792,0.229157
7.31069,2.36938,-0.0808284,-2.7179,-1.4534,0.104018,-1.81788,0.229191
7.31185,2.36943,-0.0807065,-2.71779,-1.45353,0.10429,-1.81783,0.229224
7.31249,2.36949,-0.0805847,-2.71769,-1.45366,0.104561,-1.81778,0.229257
7.31365,2.36954,-0.080463,-2.71758,-1.45379,0.104833,-1.81773,0.229289
7.31481,2.3696,-0.0803413,-2.71747,-1.45392,0.105104,-1.81768,0.229322
7.31549,2.36965,-0.0802198,-2.71737,-1.45406,0.105375,-1.81763,0.229354
7.31663,2.36971,-0.0800984,-2.71726,-1.45419,0.105646,-1.81758,0.229385
7.31781,2.36976,-0.0799771,-2.71715,-1.45432,0.105916,-1.81753,0.229417
7.31847,2.36982,-0.0798558,-2.71704,-1.45445,0.106187,-1.81748,0.229448
7.3196,2.36988,-0.0797347,-2.71694,-1.45458,0.106457,-1.81743,0.22948
7.32076,2.36994,-0.0796137,-2.71683,-1.45471,0.106727,-1.81738,0.22951
7.32144,2.36999,-0.0794928,-2.71672,-1.45484,0.106997,-1.81733,0.229541
7.32258,2.37005,-0.0793719,-2.71662,-1.45497,0.107267,-1.81728,0.229571
7.3237,2.37011,-0.0792512,-2.71651,-1.45511,0.107536,-1.81723,0.229602
7.32485,2.37017,-0.0791306,-2.7164,-1.45524,0.107806,-1.81718,0.229631
7.32561,2.37023,-0.0790101,-2.71629,-1.45537,0.108075,-1.81712,0.229661
7.32679,2.37029,-0.0788897,-2.71618,-1.4555,0.108344,-1.81707,0.22969
7.32798,2.37035,-0.0787694,-2.71607,-1.45563,0.108612,-1.81702,0.22972
7.32863,2.37041,-0.0786493,-2.71597,-1.45576,0.108881,-1.81697,0.229749
7.32979,2.37047,-0.0785292,-2.71586,-1.45589,0.109149,-1.81692,0.229777
7.33107,2.37053,-0.0784092,-2.71575,-1.45602,0.109418,-1.81687,0.229806
7.33166,2.37059,-0.0782894,-2.71564,-1.45615,0.109686,-1.81682,0.229834
7.33288,2.37065,-0.0781696,-2.71553,-1.45628,0.109953,-1.81676,0.229862
7.33351,2.37071,-0.07805,-2.71542,-1.45641,0.110221,-1.81671,0.229889
7.3347,2.37077,-0.0779305,-2.71531,-1.45655,0.110488,-1.81666,0.229917
7.33585,2.37084,-0.0778111,-2.7152,-1.45668,0.110756,-1.81661,0.229944
7.33653,2.3709,-0.0776918,-2.71509,-1.45681,0.111023,-1.81656,0.229971
7.33768,2.37096,-0.0775726,-2.71498,-1.45694,0.11129,-1.8165,0.229998
7.33885,2.37102,-0.0774535,-2.71487,-1.45707,0.111556,-1.81645,0.230024
7.3395,2.37109,-0.0773345,-2.71477,-1.4572,0.111823,-1.8164,0.23005
7.34067,2.37115,-0.0772157,-2.71465,-1.45733,0.112089,-1.81635,0.230076
7.34183,2.37122,-0.077097,-2.71454,-1.45746,0.112355,-1.81629,0.230102
7.34259,2.37128,-0.0769784,-2.71443,-1.45759,0.112621,-1.81624,0.230127
7.34368,2.37135,-0.0768599,-2.71432,-1.45772,0.112887,-1.81619,0.230152
7.34482,2.37141,-0.0767415,-2.71421,-1.45785,0.113152,-1.81613,0.230177
7.346,2.37148,-0.0766232,-2.7141,-1.45798,0.113418,-1.81608,0.230202
7.34667,2.37155,-0.0765051,-2.71399,-1.45811,0.113683,-1.81603,0.230226
7.3478,2.37161,-0.0763871,-2.71388,-1.45824,0.113948,-1.81597,0.23025
7.34897,2.37168,-0.0762692,-2.71377,-1.45837,0.114212,-1.81592,0.230274
7.34959,2.37175,-0.0761514,-2.71366,-1.4585,0.114477,-1.81586,0.230298
7.35076,2.37182,-0.0760337,-2.71355,-1.45863,0.114741,-1.81581,0.230321
7.35193,2.37188,-0.0759162,-2.71344,-1.45876,0.115005,-1.81576,0.230344
7.35256,2.37195,-0.0757988,-2.71332,-1.45889,0.115269,-1.8157,0.230367
7.35369,2.37202,-0.0756815,-2.71321,-1.45902,0.115533,-1.81565,0.23039
7.35485,2.37209,-0.0755643,-2.7131,-1.45915,0.115797,-1.81559,0.230412
7.3556,2.37216,-0.0754473,-2.71299,-1.45928,0.11606,-1.81554,0.230434
7.35675,2.37223,-0.0753304,-2.71288,-1.45941,0.116323,-1.81548,0.230456
7.35791,2.3723,-0.0752136,-2.71276,-1.45954,0.116586,-1.81543,0.230478
7.35854,2.37237,-0.0750969,-2.71265,-1.45967,0.116849,-1.81538,0.230499
7.3597,2.37244,-0.0749804,-2.71254,-1.4598,0.117111,-1.81532,0.23052
7.36088,2.37251,-0.074864,-2.71243,-1.45993,0.117374,-1.81527,0.230541
7.36165,2.37259,-0.0747477,-2.71231,-1.46006,0.117636,-1.81521,0.230562
7.36291,2.37266,-0.0746316,-2.7122,-1.46019,0.117898,-1.81515,0.230582
7.36359,2.37273,-0.0745155,-2.71209,-1.46031,0.11816,-1.8151,0.230602
7.36479,2.3728,-0.0743997,-2.71197,-1.46044,0.118421,-1.81504,0.230622
7.36594,2.37288,-0.0742839,-2.71186,-1.46057,0.118683,-1.81499,0.230642
7.36657,2.37295,-0.0741683,-2.71175,-1.4607,0.118944,-1.81493,0.230661
7.3677,2.37303,-0.0740528,-2.71163,-1.46083,0.119205,-1.81488,0.23068
7.36885,2.3731,-0.0739374,-2.71152,-1.46096,0.119466,-1.81482,0.230699
7.37002,2.37317,-0.0738222,-2.7114,-1.46109,0.119726,-1.81476,0.230717
7.37067,2.37325,-0.0737071,-2.71129,-1.46122,0.119986,-1.81471,0.230736
7.37181,2.37333,-0.0735922,-2.71117,-1.46135,0.120247,-1.81465,0.230754
7.37296,2.3734,-0.0734773,-2.71106,-1.46148,0.120507,-1.8146,0.230772
7.37358,2.37348,-0.0733627,-2.71095,-1.4616,0.120766,-1.81454,0.230789
7.37473,2.37355,-0.0732481,-2.71083,-1.46173,0.121026,-1.81448,0.230806
7.37589,2.37363,-0.0731337,-2.71072,-1.46186,0.121285,-1.81443,0.230823
7.37654,2.37371,-0.0730194,-2.7106,-1.46199,0.121544,-1.81437,0.23084
7.37773,2.37379,-0.0729053,-2.71049,-1.46212,0.121803,-1.81431,0.230857
7.37888,2.37386,-0.0727913,-2.71037,-1.46225,0.122062,-1.81426,0.230873
7.37977,2.37394,-0.0726775,-2.71026,-1.46237,0.122321,-1.8142,0.230889
7.38092,2.37402,-0.0725637,-2.71014,-1.4625,0.122579,-1.81414,0.230904
7.38206,2.3741,-0.0724502,-2.71002,-1.46263,0.122837,-1.81408,0.23092
7.38268,2.37418,-0.0723367,-2.70991,-1.46276,0.123095,-1.81403,0.230935
7.38384,2.37426,-0.0722234,-2.70979,-1.46289,0.123353,-1.81397,0.23095
7.38504,2.37434,-0.0721103,-2.70968,-1.46301,0.12361,-1.81391,0.230965
7.38571,2.37442,-0.0719973,-2.70956,-1.46314,0.123867,-1.81385,0.230979
7.38685,2.3745,-0.0718845,-2.70944,-1.46327,0.124124,-1.8138,0.230993
7.388,2.37458,-0.0717718,-2.70933,-1.4634,0.124381,-1.81374,0.231007
7.38861,2.37466,-0.0716592,-2.70921,-1.46353,0.124638,-1.81368,0.231021
7.3898,2.37475,-0.0715468,-2.70909,-1.46365,0.124894,-1.81362,0.231034
7.39095,2.37483,-0.0714346,-2.70897,-1.46378,0.125151,-1.81356,0.231047
7.39206,2.37491,-0.0713225,-2.70886,-1.46391,0.125407,-1.81351,0.231059
7.39272,2.37499,-0.0712105,-2.70874,-1.46403,0.125662,-1.81345,0.231072
7.39384,2.37508,-0.0710987,-2.70862,-1.46416,0.125918,-1.81339,0.231084
7.39504,2.37516,-0.0709871,-2.70851,-1.46429,0.126173,-1.81333,0.231096
7.39628,2.37525,-0.0708756,-2.70839,-1.46442,0.126428,-1.81327,0.231108
7.39682,2.37533,-0.0707643,-2.70827,-1.46454,0.126683,-1.81321,0.231119
7.39822,2.37542,-0.0706531,-2.70815,-1.46467,0.126938,-1.81315,0.23113
7.39878,2.3755,-0.0705421,-2.70803,-1.4648,0.127193,-1.81309,0.231141
7.39995,2.37559,-0.0704312,-2.70791,-1.46492,0.127447,-1.81303,0.231152
7.40111,2.37567,-0.0703205,-2.7078,-1.46505,0.127701,-1.81298,0.231162
7.40173,2.37576,-0.0702099,-2.70768,-1.46518,0.127955,-1.81292,0.231172
7.40287,2.37585,-0.0700995,-2.70756,-1.4653,0.128209,-1.81286,0.231182
7.40404,2.37593,-0.0699892,-2.70744,-1.46543,0.128462,-1.8128,0.231191
7.40526,2.37602,-0.0698791,-2.70732,-1.46556,0.128715,-1.81274,0.231201
7.40589,2.37611,-0.0697692,-2.7072,-1.46568,0.128968,-1.81268,0.23121
7.40776,2.37629,-0.0695498,-2.70696,-1.46593,0.129474,-1.81256,0.231227
7.4089,2.37638,-0.0694404,-2.70684,-1.46606,0.129726,-1.8125,0.231235
7.41009,2.37646,-0.0693311,-2.70672,-1.46619,0.129978,-1.81244,0.231243
7.41074,2.37655,-0.0692219,-2.7066,-1.46631,0.13023,-1.81238,0.231251
7.41189,2.37664,-0.0691129,-2.70648,-1.46644,0.130482,-1.81232,0.231258
7.41367,2.37673,-0.0690041,-2.70636,-1.46656,0.130733,-1.81226,0.231265
7.41369,2.37683,-0.0688954,-2.70624,-1.46669,0.130985,-1.8122,0.231272
7.41563,2.37692,-0.0687869,-2.70612,-1.46681,0.131236,-1.81214,0.231279
7.41697,2.37701,-0.0686785,-2.706,-1.46694,0.131487,-1.81208,0.231286
7.41705,2.3771,-0.0685703,-2.70588,-1.46706,0.131738,-1.81201,0.231292
7.41828,2.37719,-0.0684622,-2.70576,-1.46719,0.131988,-1.81195,0.231298
7.41949,2.37729,-0.0683544,-2.70564,-1.46732,0.132238,-1.81189,0.231303
7.42004,2.37738,-0.0682466,-2.70552,-1.46744,0.132488,-1.81183,0.231309
7.42192,2.37747,-0.0681391,-2.70539,-1.46757,0.132738,-1.81177,0.231314
7.4224,2.37757,-0.0680317,-2.70527,-1.46769,0.132988,-1.81171,0.231319
7.42304,2.37766,-0.0679245,-2.70515,-1.46781,0.133237,-1.81165,0.231323
7.42419,2.37775,-0.0678174,-2.70503,-1.46794,0.133486,-1.81159,0.231328
7.42582,2.37785,-0.0677106,-2.70491,-1.46806,0.133735,-1.81153,0.231332
7.42656,2.37794,-0.0676039,-2.70478,-1.46819,0.133984,-1.81146,0.231335
7.42805,2.37804,-0.0674973,-2.70466,-1.46831,0.134233,-1.8114,0.231339
7.42833,2.37814,-0.067391,-2.70454,-1.46844,0.134481,-1.81134,0.231342
7.42952,2.37823,-0.0672848,-2.70442,-1.46856,0.134729,-1.81128,0.231345
7.43073,2.37833,-0.0671787,-2.70429,-1.46869,0.134977,-1.81122,0.231347
7.43147,2.37843,-0.0670729,-2.70417,-1.46881,0.135225,-1.81116,0.23135
7.43202,2.37852,-0.0669672,-2.70405,-1.46893,0.135472,-1.81109,0.231352
7.4332,2.37862,-0.0668617,-2.70392,-1.46906,0.135719,-1.81103,0.231354
7.43441,2.37872,-0.0667563,-2.7038,-1.46918,0.135966,-1.81097,0.231355
7.43504,2.37882,-0.0666511,-2.70368,-1.46931,0.136213,-1.81091,0.231357
7.43624,2.37892,-0.0665461,-2.70355,-1.46943,0.13646,-1.81084,0.231358
7.43744,2.37902,-0.0664413,-2.70343,-1.46955,0.136706,-1.81078,0.231358
7.43864,2.37912,-0.0663366,-2.70331,-1.46968,0.136952,-1.81072,0.231359
7.43929,2.37922,-0.0662321,-2.70318,-1.4698,0.137198,-1.81066,0.231359
7.44047,2.37932,-0.0661278,-2.70306,-1.46992,0.137444,-1.81059,0.231359
7.44107,2.37942,-0.0660237,-2.70293,-1.47005,0.137689,-1.81053,0.231359
7.44231,2.37952,-0.0659198,-2.70281,-1.47017,0.137935,-1.81047,0.231359
7.44344,2.37962,-0.065816,-2.70268,-1.47029,0.13818,-1.81041,0.231359
7.44468,2.37972,-0.0657124,-2.70256,-1.47041,0.138425,-1.81034,0.231359
7.44528,2.37982,-0.065609,-2.70243,-1.47054,0.13867,-1.81028,0.231359
7.44646,2.37993,-0.0655057,-2.70231,-1.47066,0.138914,-1.81022,0.231359
7.44706,2.38003,-0.0654026,-2.70218,-1.47078,0.139158,-1.81015,0.231359
7.44848,2.38013,-0.0652997,-2.70206,-1.47091,0.139403,-1.81009,0.231359
7.44946,2.38024,-0.065197,-2.70193,-1.47103,0.139646,-1.81003,0.231359
7.45001,2.38034,-0.0650945,-2.70181,-1.47115,0.13989,-1.80996,0.231359
7.45127,2.38044,-0.0649922,-2.70168,-1.47127,0.140134,-1.8099,0.231359
7.45239,2.38055,-0.06489,-2.70156,-1.47139,0.140377,-1.80984,0.231359
7.45351,2.38065,-0.0647881,-2.70143,-1.47152,0.14062,-1.80977,0.231359
7.4542,2.38076,-0.0646863,-2.7013,-1.47164,0.140863,-1.80971,0.231359
7.45531,2.38087,-0.0645847,-2.70118,-1.47176,0.141106,-1.80964,0.231359
7.45649,2.38097,-0.0644833,-2.70105,-1.47188,0.141348,-1.80958,0.231359
7.45712,2.38108,-0.0643821,-2.70092,-1.472,0.141591,-1.80952,0.231359
7.45841,2.38119,-0.0642811,-2.7008,-1.47213,0.141833,-1.80945,0.231359
7.45968,2.38129,-0.0641802,-2.70067,-1.47225,0.142075,-1.80939,0.231359
7.46022,2.3814,-0.0640796,-2.70055,-1.47237,0.142316,-1.80932,0.231359
7.46142,2.38151,-0.0639791,-2.70042,-1.47249,0.142558,-1.80926,0.231359
7.4625,2.38162,-0.0638789,-2.70029,-1.47261,0.142799,-1.80919,0.231359
7.46317,2.38173,-0.0637788,-2.70016,-1.47273,0.14304,-1.80913,0.231359
7.46431,2.38183,-0.0636789,-2.70004,-1.47285,0.143281,-1.80907,0.231359
7.46552,2.38194,-0.0635792,-2.69991,-1.47297,0.143522,-1.809,0.231359
7.46621,2.38205,-0.0634797,-2.69978,-1.47309,0.143762,-1.80894,0.231359
7.46739,2.38216,-0.0633805,-2.69966,-1.47321,0.144002,-1.80887,0.231359
7.46854,2.38227,-0.0632814,-2.69953,-1.47333,0.144242,-1.80881,0.231359
7.46922,2.38239,-0.0631824,-2.6994,-1.47346,0.144482,-1.80874,0.231359
7.47037,2.3825,-0.0630837,-2.69927,-1.47358,0.144722,-1.80868,0.231359
7.47152,2.38261,-0.0629852,-2.69914,-1.4737,0.144961,-1.80861,0.231359
7.47334,2.38272,-0.0628869,-2.69902,-1.47382,0.1452,-1.80855,0.231359
7.47452,2.38295,-0.0626909,-2.69876,-1.47406,0.145678,-1.80842,0.231359
7.47585,2.38306,-0.0625932,-2.69863,-1.47418,0.145916,-1.80835,0.231359
7.47634,2.38317,-0.0624957,-2.6985,-1.47429,0.146155,-1.80828,0.231359
7.47759,2.38329,-0.0623984,-2.69837,-1.47441,0.146393,-1.80822,0.231359
7.47869,2.3834,-0.0623014,-2.69825,-1.47454,0.146634,-1.80816,0.231368
7.47987,2.38351,-0.0622044,-2.69812,-1.47466,0.146875,-1.8081,0.231374
7.48058,2.38363,-0.0621075,-2.69799,-1.47479,0.147115,-1.80805,0.231377
7.48173,2.38374,-0.0620107,-2.69787,-1.47491,0.147355,-1.80799,0.231379
7.4836,2.38386,-0.0619142,-2.69774,-1.47503,0.147593,-1.80792,0.23138
7.48379,2.38397,-0.061818,-2.69761,-1.47515,0.147832,-1.80786,0.231382
7.48555,2.38409,-0.061722,-2.69748,-1.47528,0.148071,-1.8078,0.231384
7.4856,2.3842,-0.0616261,-2.69735,-1.4754,0.148309,-1.80774,0.231385
7.48677,2.38432,-0.0615304,-2.69722,-1.47552,0.148547,-1.80768,0.231386
7.48793,2.38444,-0.061435,-2.6971,-1.47564,0.148784,-1.80761,0.231386
7.48852,2.38456,-0.0613396,-2.69697,-1.47576,0.149022,-1.80755,0.231386
7.48976,2.38467,-0.0612445,-2.69684,-1.47588,0.149259,-1.80748,0.231386
7.49105,2.38479,-0.0611496,-2.69671,-1.476,0.149495,-1.80742,0.231386
7.49177,2.38491,-0.0610549,-2.69658,-1.47612,0.149732,-1.80735,0.231386
7.49359,2.38503,-0.0609604,-2.69645,-1.47623,0.149968,-1.80729,0.231386
7.49415,2.38515,-0.0608662,-2.69632,-1.47635,0.150203,-1.80722,0.231386
7.49483,2.38527,-0.0607722,-2.69619,-1.47647,0.150439,-1.80716,0.231386
7.49584,2.38539,-0.0606782,-2.69606,-1.47659,0.150674,-1.80709,0.231386
7.49703,2.38551,-0.0605847,-2.69593,-1.4767,0.150908,-1.80702,0.231386
7.49857,2.38563,-0.0604913,-2.6958,-1.47682,0.151142,-1.80695,0.231386
7.49886,2.38575,-0.060398,-2.69567,-1.47693,0.151377,-1.80688,0.231386
7.50005,2.38587,-0.060305,-2.69554,-1.47705,0.151611,-1.80681,0.231386
7.50075,2.38599,-0.0602121,-2.6954,-1.47716,0.151844,-1.80675,0.231386
7.50183,2.38611,-0.0601195,-2.69527,-1.47728,0.152078,-1.80668,0.231386
7.503,2.38624,-0.0600271,-2.69514,-1.4774,0.152311,-1.80661,0.231386
7.50366,2.38636,-0.0599349,-2.69501,-1.47751,0.152544,-1.80654,0.231386
7.5048,2.38648,-0.0598429,-2.69488,-1.47763,0.152777,-1.80647,0.231386
7.50597,2.38661,-0.0597512,-2.69475,-1.47774,0.153009,-1.8064,0.231386
7.50687,2.38673,-0.0596598,-2.69462,-1.47785,0.153241,-1.80633,0.231386
7.50803,2.38685,-0.0595669,-2.69448,-1.47797,0.153474,-1.80627,0.231386
7.50977,2.38698,-0.0594742,-2.69435,-1.47809,0.153706,-1.8062,0.231386
7.51087,2.38723,-0.0592897,-2.69409,-1.47833,0.15417,-1.80607,0.231387
7.51261,2.38735,-0.0591979,-2.69395,-1.47845,0.154402,-1.80601,0.231387
7.51386,2.38761,-0.0590151,-2.69369,-1.47868,0.154864,-1.80587,0.231387
7.51574,2.38773,-0.0589241,-2.69356,-1.4788,0.155095,-1.80581,0.231387
7.51635,2.38786,-0.0588334,-2.69342,-1.47891,0.155325,-1.80574,0.231387
7.51689,2.38799,-0.0587429,-2.69329,-1.47903,0.155556,-1.80567,0.231387
7.51805,2.38812,-0.0586527,-2.69316,-1.47914,0.155786,-1.80561,0.231387
7.51873,2.38824,-0.058563,-2.69302,-1.47926,0.156015,-1.80554,0.231387
7.51992,2.38837,-0.0584734,-2.69289,-1.47937,0.156245,-1.80547,0.231387
7.52108,2.3885,-0.058384,-2.69275,-1.47949,0.156474,-1.8054,0.231387
7.52233,2.38863,-0.0582952,-2.69262,-1.4796,0.156703,-1.80533,0.231387
7.52287,2.38876,-0.0582066,-2.69249,-1.47971,0.156931,-1.80527,0.231386
7.52409,2.38889,-0.0581259,-2.69235,-1.47981,0.157152,-1.80518,0.231378
7.52505,2.38902,-0.0580385,-2.69221,-1.47993,0.157378,-1.80511,0.231376
7.52607,2.38915,-0.057951,-2.69208,-1.48004,0.157605,-1.80505,0.231375
7.52729,2.38929,-0.0578636,-2.69194,-1.48016,0.157832,-1.80498,0.231374
7.52794,2.38942,-0.0577764,-2.69181,-1.48027,0.158058,-1.80491,0.231373
7.52907,2.38955,-0.0576894,-2.69167,-1.48039,0.158285,-1.80485,0.231372
7.53023,2.38968,-0.0576027,-2.69154,-1.4805,0.158511,-1.80478,0.231371
7.53085,2.38981,-0.0575163,-2.6914,-1.48062,0.158737,-1.80471,0.23137
7.53201,2.38995,-0.0574301,-2.69126,-1.48073,0.158962,-1.80464,0.23137
7.53324,2.39008,-0.0573441,-2.69113,-1.48084,0.159187,-1.80457,0.231369
7.53387,2.39021,-0.0572585,-2.69099,-1.48095,0.159412,-1.8045,0.231367
7.53526,2.39036,-0.0572666,-2.69083,-1.48098,0.159585,-1.80438,0.23133
7.53592,2.39049,-0.0571837,-2.69069,-1.4811,0.159804,-1.80432,0.231326
7.53705,2.39063,-0.0571002,-2.69056,-1.48122,0.160027,-1.80426,0.231324
7.53824,2.39076,-0.0570166,-2.69042,-1.48133,0.16025,-1.80419,0.231322
7.53893,2.3909,-0.0569331,-2.69028,-1.48144,0.160473,-1.80412,0.23132
7.54003,2.39104,-0.0568496,-2.69014,-1.48156,0.160696,-1.80406,0.231318
7.54129,2.39117,-0.0567663,-2.69001,-1.48167,0.160918,-1.80399,0.231316
7.54181,2.39131,-0.0566832,-2.68987,-1.48178,0.161141,-1.80392,0.231313
7.54308,2.39145,-0.0566002,-2.68973,-1.48189,0.161363,-1.80385,0.231311
7.54424,2.39158,-0.0565175,-2.68959,-1.482,0.161586,-1.80378,0.231309
7.5449,2.39172,-0.056435,-2.68945,-1.48211,0.161808,-1.80371,0.231307
7.5461,2.39186,-0.0563527,-2.68932,-1.48222,0.16203,-1.80364,0.231304
7.54728,2.392,-0.0562706,-2.68918,-1.48233,0.162252,-1.80357,0.231301
7.54859,2.39214,-0.0561888,-2.68904,-1.48244,0.162473,-1.8035,0.231299
7.54928,2.39228,-0.0561072,-2.6889,-1.48255,0.162694,-1.80342,0.231295
7.5505,2.39242,-0.0560258,-2.68876,-1.48266,0.162915,-1.80335,0.231292
7.55118,2.39256,-0.0559447,-2.68863,-1.48277,0.163136,-1.80328,0.231288
7.55225,2.3927,-0.0558639,-2.68849,-1.48288,0.163356,-1.80321,0.231285
7.55396,2.39284,-0.0557833,-2.68835,-1.48298,0.163577,-1.80313,0.231281
7.55515,2.39312,-0.0556228,-2.68807,-1.4832,0.164016,-1.80299,0.231272
7.55641,2.39326,-0.055543,-2.68793,-1.48331,0.164236,-1.80292,0.231267
7.55696,2.39341,-0.0554634,-2.68779,-1.48341,0.164455,-1.80284,0.231262
7.55813,2.39355,-0.0553841,-2.68765,-1.48352,0.164674,-1.80277,0.231257
7.55932,2.39369,-0.055305,-2.68751,-1.48363,0.164893,-1.8027,0.231251
7.5605,2.39383,-0.0552262,-2.68737,-1.48373,0.165111,-1.80262,0.231246
7.5611,2.39398,-0.0551477,-2.68723,-1.48384,0.165329,-1.80255,0.23124
7.56223,2.39412,-0.0550694,-2.68709,-1.48395,0.165547,-1.80248,0.231233
7.56346,2.39427,-0.0549914,-2.68695,-1.48405,0.165765,-1.8024,0.231227
7.56406,2.39441,-0.0549136,-2.68681,-1.48416,0.165982,-1.80233,0.23122
7.56522,2.39456,-0.054836,-2.68667,-1.48426,0.166199,-1.80225,0.231213
7.56641,2.3947,-0.0547587,-2.68653,-1.48437,0.166416,-1.80218,0.231205
7.56704,2.39485,-0.0546817,-2.68639,-1.48447,0.166633,-1.80211,0.231198
7.56825,2.395,-0.0546808,-2.68623,-1.48451,0.166808,-1.80199,0.231164
7.56939,2.39515,-0.0546055,-2.68608,-1.48462,0.16702,-1.80193,0.231154
7.57005,2.39529,-0.0545298,-2.68594,-1.48474,0.167236,-1.80186,0.231146
7.57127,2.39544,-0.0544542,-2.6858,-1.48485,0.167451,-1.8018,0.231137
7.57263,2.39559,-0.0543787,-2.68566,-1.48495,0.167667,-1.80173,0.231128
7.57351,2.39574,-0.0543033,-2.68551,-1.48506,0.167882,-1.80166,0.231119
7.57414,2.39589,-0.0542282,-2.68537,-1.48517,0.168097,-1.80159,0.231109
7.57562,2.39603,-0.0541534,-2.68523,-1.48528,0.168312,-1.80152,0.231099
7.57652,2.39618,-0.0540787,-2.68509,-1.48538,0.168526,-1.80145,0.231089
7.57712,2.39633,-0.0540043,-2.68494,-1.48549,0.16874,-1.80138,0.231078
7.57831,2.39648,-0.0539301,-2.6848,-1.4856,0.168954,-1.80131,0.231067
7.57947,2.39663,-0.0538562,-2.68466,-1.4857,0.169168,-1.80124,0.231056
7.58018,2.39678,-0.0537825,-2.68451,-1.48581,0.169381,-1.80117,0.231044
7.58126,2.39693,-0.053709,-2.68437,-1.48591,0.169595,-1.80109,0.231032
7.58248,2.39709,-0.0536357,-2.68422,-1.48601,0.169808,-1.80102,0.23102
7.58309,2.39724,-0.0535627,-2.68408,-1.48612,0.17002,-1.80095,0.231008
7.58425,2.39739,-0.0534899,-2.68394,-1.48622,0.170233,-1.80087,0.230995
7.58567,2.39754,-0.0534173,-2.68379,-1.48632,0.170445,-1.8008,0.230982
7.58614,2.39769,-0.053345,-2.68365,-1.48643,0.170657,-1.80073,0.230968
7.5873,2.39785,-0.053273,-2.6835,-1.48653,0.170869,-1.80065,0.230954
7.58849,2.398,-0.0532012,-2.68336,-1.48663,0.17108,-1.80058,0.23094
7.58913,2.39815,-0.0531296,-2.68321,-1.48673,0.171291,-1.8005,0.230926
7.59082,2.39831,-0.0530582,-2.68307,-1.48684,0.171502,-1.80043,0.230912
7.59148,2.39847,-0.0530461,-2.68291,-1.48689,0.171681,-1.80032,0.230877
7.59211,2.39862,-0.0529765,-2.68276,-1.48699,0.171889,-1.80026,0.230862
7.59335,2.39878,-0.0529067,-2.68262,-1.4871,0.172099,-1.80019,0.230847
7.59453,2.39893,-0.0528369,-2.68247,-1.4872,0.172308,-1.80012,0.230831
7.59517,2.39909,-0.0527674,-2.68232,-1.48731,0.172518,-1.80005,0.230816
7.59636,2.39925,-0.0526981,-2.68218,-1.48741,0.172728,-1.79998,0.2308
7.59751,2.3994,-0.052629,-2.68203,-1.48751,0.172937,-1.79991,0.230784
7.59816,2.39956,-0.0525602,-2.68189,-1.48762,0.173146,-1.79984,0.230767
7.59931,2.39972,-0.0524917,-2.68174,-1.48772,0.173355,-1.79977,0.23075
7.6005,2.39988,-0.0524233,-2.68159,-1.48782,0.173563,-1.79969,0.230733
7.60166,2.40003,-0.0523552,-2.68144,-1.48792,0.173771,-1.79962,0.230715
7.60233,2.40019,-0.0522874,-2.6813,-1.48802,0.173979,-1.79955,0.230697
7.60351,2.40035,-0.0522198,-2.68115,-1.48812,0.174187,-1.79947,0.230678
7.60466,2.40051,-0.0521523,-2.681,-1.48822,0.174394,-1.7994,0.230659
7.60526,2.40067,-0.0520852,-2.68086,-1.48832,0.174601,-1.79932,0.23064
7.60643,2.40083,-0.0520182,-2.68071,-1.48842,0.174808,-1.79925,0.23062
7.6076,2.40099,-0.0519515,-2.68056,-1.48852,0.175014,-1.79917,0.230601
7.60823,2.40115,-0.0519134,-2.68041,-1.48859,0.175207,-1.79908,0.230577
7.60948,2.40131,-0.0518479,-2.68026,-1.4887,0.175412,-1.79901,0.230558
7.61067,2.40147,-0.0517825,-2.68011,-1.4888,0.175618,-1.79894,0.230538
7.6113,2.40164,-0.0517173,-2.67996,-1.4889,0.175824,-1.79887,0.230517
7.61249,2.4018,-0.0516524,-2.67981,-1.489,0.176029,-1.7988,0.230497
7.61365,2.40196,-0.0515877,-2.67966,-1.4891,0.176234,-1.79873,0.230476
7.61435,2.40212,-0.0515233,-2.67951,-1.4892,0.176439,-1.79865,0.230454
7.61549,2.40229,-0.0514694,-2.67936,-1.48929,0.17664,-1.79858,0.230437
7.61671,2.40245,-0.0514384,-2.67924,-1.48938,0.176856,-1.79852,0.230496
7.61737,2.40261,-0.0513837,-2.6791,-1.48948,0.177063,-1.79846,0.230493
7.61849,2.40278,-0.0513264,-2.67895,-1.48958,0.177269,-1.79839,0.230483
7.61969,2.40294,-0.0512679,-2.6788,-1.48968,0.177474,-1.79832,0.230469
7.62034,2.4031,-0.051209,-2.67866,-1.48978,0.177678,-1.79825,0.230454
7.62153,2.40327,-0.0511496,-2.67851,-1.48987,0.177882,-1.79818,0.230436
7.62268,2.40344,-0.0510901,-2.67836,-1.48997,0.178086,-1.79811,0.230418
7.62332,2.4036,-0.0510305,-2.67821,-1.49007,0.178289,-1.79803,0.230398
7.62451,2.40377,-0.0509707,-2.67806,-1.49017,0.178492,-1.79796,0.230377
7.62565,2.40393,-0.0509105,-2.67791,-1.49026,0.178694,-1.79789,0.230352
7.62629,2.4041,-0.0508503,-2.67776,-1.49036,0.178895,-1.79781,0.230328
7.62745,2.40427,-0.0507903,-2.67761,-1.49045,0.179096,-1.79774,0.230302
7.6286,2.40444,-0.0507303,-2.67746,-1.49055,0.179298,-1.79766,0.230277
7.62926,2.4046,-0.0506705,-2.6773,-1.49064,0.179499,-1.79759,0.230251
7.63041,2.40477,-0.0506109,-2.67715,-1.49074,0.179699,-1.79751,0.230225
7.63157,2.40494,-0.0505515,-2.677,-1.49083,0.1799,-1.79744,0.230198
7.63215,2.40511,-0.0504923,-2.67685,-1.49093,0.1801,-1.79736,0.230171
7.63342,2.40528,-0.0504334,-2.6767,-1.49102,0.180299,-1.79729,0.230144
7.63449,2.40545,-0.0503747,-2.67654,-1.49112,0.180499,-1.79721,0.230116
7.63573,2.40562,-0.0503164,-2.67639,-1.49121,0.180698,-1.79714,0.230088
7.63632,2.40579,-0.0502582,-2.67624,-1.4913,0.180897,-1.79706,0.23006
7.63749,2.40596,-0.0502003,-2.67609,-1.4914,0.181096,-1.79698,0.230031
7.63862,2.40613,-0.0501426,-2.67593,-1.49149,0.181295,-1.79691,0.230002
7.63931,2.4063,-0.0500852,-2.67578,-1.49158,0.181493,-1.79683,0.229972
7.64047,2.40648,-0.050028,-2.67563,-1.49168,0.181691,-1.79676,0.229943
7.64162,2.40665,-0.0499711,-2.67547,-1.49177,0.181889,-1.79668,0.229912
7.64234,2.40682,-0.0499145,-2.67532,-1.49186,0.182086,-1.7966,0.229882
7.64348,2.40699,-0.0498581,-2.67517,-1.49195,0.182283,-1.79653,0.229851
7.64463,2.40717,-0.049802,-2.67501,-1.49205,0.18248,-1.79645,0.22982
7.64531,2.40734,-0.0497461,-2.67486,-1.49214,0.182677,-1.79637,0.229789
7.64646,2.40752,-0.0496904,-2.6747,-1.49223,0.182873,-1.7963,0.229757
7.64758,2.40769,-0.049635,-2.67455,-1.49232,0.183069,-1.79622,0.229725
7.64822,2.40786,-0.0495799,-2.67439,-1.49241,0.183265,-1.79614,0.229693
7.64937,2.40804,-0.0495251,-2.67424,-1.4925,0.183461,-1.79607,0.22966
7.65055,2.40822,-0.0494705,-2.67408,-1.49259,0.183656,-1.79599,0.229627
7.65174,2.40839,-0.0494162,-2.67393,-1.49268,0.183851,-1.79591,0.229594
7.65237,2.40857,-0.0493622,-2.67377,-1.49277,0.184046,-1.79584,0.22956
7.65353,2.40874,-0.0493084,-2.67362,-1.49286,0.18424,-1.79576,0.229526
7.6547,2.40892,-0.0492548,-2.67346,-1.49295,0.184435,-1.79569,0.229492
7.65531,2.4091,-0.0492014,-2.67331,-1.49305,0.184628,-1.79561,0.229457
7.6565,2.40928,-0.0491483,-2.67315,-1.49314,0.184822,-1.79554,0.229422
7.65776,2.40945,-0.0490955,-2.67299,-1.49323,0.185015,-1.79546,0.229386
7.65834,2.40963,-0.049043,-2.67284,-1.49332,0.185208,-1.79539,0.229351
7.65947,2.40981,-0.0489907,-2.67268,-1.49341,0.185401,-1.79531,0.229314
7.66064,2.40999,-0.0489387,-2.67252,-1.4935,0.185594,-1.79524,0.229278
7.66125,2.41017,-0.048887,-2.67237,-1.49359,0.185786,-1.79516,0.229241
7.66249,2.41035,-0.0488356,-2.67221,-1.49368,0.185978,-1.79509,0.229204
7.66361,2.41053,-0.0487845,-2.67205,-1.49377,0.186169,-1.79501,0.229167
7.66479,2.41071,-0.0487336,-2.67189,-1.49385,0.186361,-1.79493,0.229129
7.66548,2.41089,-0.048683,-2.67174,-1.49394,0.186552,-1.79486,0.229091
7.66661,2.41107,-0.0486327,-2.67158,-1.49403,0.186743,-1.79478,0.229052
7.6678,2.41125,-0.0485826,-2.67142,-1.49412,0.186933,-1.7947,0.229014
7.66846,2.41143,-0.0485329,-2.67126,-1.49421,0.187123,-1.79463,0.228975
7.66959,2.41162,-0.0484834,-2.6711,-1.49429,0.187313,-1.79455,0.228936
7.67075,2.4118,-0.0484342,-2.67094,-1.49438,0.187503,-1.79447,0.228896
7.67141,2.41198,-0.0483852,-2.67079,-1.49447,0.187693,-1.79439,0.228856
7.67254,2.41217,-0.0483366,-2.67063,-1.49455,0.187882,-1.79432,0.228816
7.67372,2.41235,-0.0482882,-2.67047,-1.49464,0.188071,-1.79424,0.228775
7.67449,2.41253,-0.0482401,-2.67031,-1.49472,0.188259,-1.79416,0.228735
7.6756,2.41272,-0.0481923,-2.67015,-1.49481,0.188448,-1.79408,0.228693
7.67685,2.4129,-0.0481448,-2.66999,-1.49489,0.188636,-1.794,0.228652
7.67746,2.41309,-0.0480975,-2.66983,-1.49498,0.188824,-1.79393,0.22861
7.6787,2.41327,-0.0480506,-2.66967,-1.49506,0.189011,-1.79385,0.228568
7.67988,2.41346,-0.0480039,-2.66951,-1.49515,0.189198,-1.79377,0.228525
7.6806,2.41364,-0.0479575,-2.66935,-1.49523,0.189385,-1.79369,0.228483
7.68185,2.41383,-0.0479113,-2.66919,-1.49531,0.189572,-1.79361,0.22844
7.68296,2.41402,-0.0478655,-2.66903,-1.4954,0.189759,-1.79353,0.228396
7.68356,2.4142,-0.0478199,-2.66887,-1.49548,0.189945,-1.79345,0.228353
7.68469,2.41439,-0.0477746,-2.66871,-1.49556,0.190131,-1.79337,0.228309
7.68586,2.41458,-0.0477296,-2.66855,-1.49565,0.190316,-1.79329,0.228264
7.68651,2.41477,-0.0476849,-2.66839,-1.49573,0.190502,-1.79322,0.22822
7.68773,2.41495,-0.0476405,-2.66823,-1.49581,0.190687,-1.79314,0.228175
7.68887,2.41514,-0.0475963,-2.66807,-1.49589,0.190872,-1.79306,0.22813
7.6895,2.41533,-0.0475525,-2.6679,-1.49597,0.191056,-1.79298,0.228084
7.69066,2.41552,-0.047509,-2.66774,-1.49605,0.191241,-1.7929,0.228038
7.69183,2.41571,-0.0474657,-2.66758,-1.49614,0.191425,-1.79282,0.227992
7.693,2.4159,-0.0474228,-2.66742,-1.49622,0.191608,-1.79274,0.227945
7.69361,2.41609,-0.0473801,-2.66726,-1.4963,0.191792,-1.79266,0.227899
7.69478,2.41628,-0.0473377,-2.66709,-1.49638,0.191975,-1.79258,0.227851
7.69593,2.41647,-0.0472956,-2.66693,-1.49646,0.192158,-1.7925,0.227804
7.69655,2.41666,-0.0472538,-2.66677,-1.49654,0.192341,-1.79242,0.227756
7.6977,2.41686,-0.0472124,-2.66661,-1.49662,0.192523,-1.79234,0.227708
7.69888,2.41705,-0.0471712,-2.66644,-1.4967,0.192705,-1.79226,0.22766
7.69954,2.41724,-0.0471303,-2.66628,-1.49677,0.192887,-1.79218,0.227611
7.70067,2.41743,-0.0470897,-2.66612,-1.49685,0.193069,-1.7921,0.227563
7.70184,2.41763,-0.0470494,-2.66596,-1.49693,0.19325,-1.79202,0.227513
7.70253,2.41782,-0.0470094,-2.66579,-1.49701,0.193431,-1.79194,0.227464
7.70368,2.41801,-0.0469698,-2.66563,-1.49709,0.193612,-1.79186,0.227414
7.70487,2.41821,-0.0469304,-2.66546,-1.49717,0.193792,-1.79178,0.227363
7.70554,2.4184,-0.0468914,-2.6653,-1.49724,0.193973,-1.7917,0.227313
7.7067,2.4186,-0.0468526,-2.66514,-1.49732,0.194152,-1.79162,0.227262
7.70785,2.41879,-0.0468142,-2.66497,-1.4974,0.194332,-1.79154,0.227211
7.70961,2.41899,-0.046776,-2.66481,-1.49748,0.194512,-1.79146,0.22716
7.71077,2.41938,-0.0467007,-2.66448,-1.49763,0.19487,-1.7913,0.227056
7.71195,2.41957,-0.0466635,-2.66431,-1.49771,0.195048,-1.79122,0.227003
7.7126,2.41977,-0.0466266,-2.66415,-1.49778,0.195226,-1.79114,0.226951
7.71377,2.41997,-0.0465901,-2.66398,-1.49786,0.195404,-1.79106,0.226898
7.71556,2.42017,-0.0465538,-2.66382,-1.49793,0.195582,-1.79098,0.226844
7.71671,2.42056,-0.0464823,-2.66349,-1.49808,0.195937,-1.79082,0.226737
7.71785,2.42076,-0.0464471,-2.66332,-1.49816,0.196114,-1.79074,0.226682
7.71905,2.42096,-0.0464121,-2.66315,-1.49823,0.19629,-1.79066,0.226628
7.71968,2.42116,-0.0463775,-2.66299,-1.49831,0.196467,-1.79058,0.226573
7.72087,2.42136,-0.0463432,-2.66282,-1.49838,0.196643,-1.7905,0.226518
7.72164,2.42156,-0.0463092,-2.66266,-1.49846,0.196818,-1.79042,0.226462
7.72273,2.42176,-0.0462755,-2.66249,-1.49853,0.196994,-1.79034,0.226406
7.72398,2.42196,-0.0462422,-2.66232,-1.49861,0.197169,-1.79026,0.22635
7.72464,2.42216,-0.0462091,-2.66216,-1.49868,0.197344,-1.79018,0.226294
7.72589,2.42236,-0.0461764,-2.66199,-1.49875,0.197519,-1.7901,0.226237
7.72767,2.42256,-0.0461441,-2.66182,-1.49882,0.197693,-1.79002,0.22618
7.72879,2.42296,-0.0460803,-2.66149,-1.49897,0.198041,-1.78986,0.226065
7.73049,2.42317,-0.0460489,-2.66132,-1.49904,0.198215,-1.78978,0.226007
7.73065,2.42337,-0.0460179,-2.66115,-1.49911,0.198388,-1.7897,0.225949
7.73174,2.42357,-0.0459717,-2.66098,-1.49921,0.198568,-1.78964,0.22589
7.73294,2.42378,-0.0459295,-2.66081,-1.49931,0.198746,-1.78957,0.22583
7.73352,2.42398,-0.0458899,-2.66064,-1.4994,0.198923,-1.7895,0.22577
7.73481,2.42419,-0.0458521,-2.66047,-1.49949,0.199099,-1.78943,0.22571
7.7359,2.42439,-0.0458156,-2.6603,-1.49957,0.199274,-1.78935,0.22565
7.73656,2.42459,-0.04578,-2.66013,-1.49966,0.199449,-1.78928,0.22559
7.7377,2.4248,-0.0457451,-2.65996,-1.49974,0.199623,-1.78921,0.225529
7.73888,2.42501,-0.045711,-2.65979,-1.49982,0.199796,-1.78913,0.225468
7.73961,2.42521,-0.0456776,-2.65962,-1.4999,0.199969,-1.78906,0.225406
7.74084,2.42542,-0.0456449,-2.65944,-1.49998,0.200142,-1.78898,0.225344
7.74151,2.42563,-0.0456128,-2.65927,-1.50006,0.200314,-1.78891,0.225282
7.74266,2.42583,-0.0455813,-2.6591,-1.50014,0.200486,-1.78883,0.22522
7.74384,2.42604,-0.0455505,-2.65893,-1.50022,0.200657,-1.78875,0.225157
7.74464,2.42625,-0.0455202,-2.65876,-1.50029,0.200828,-1.78868,0.225094
7.7457,2.42646,-0.0454906,-2.65859,-1.50037,0.200998,-1.7886,0.225031
7.74687,2.42666,-0.0454615,-2.65842,-1.50045,0.201168,-1.78852,0.224967
7.74793,2.42687,-0.0454329,-2.65825,-1.50052,0.201338,-1.78844,0.224903
7.74899,2.42708,-0.0454048,-2.65808,-1.50059,0.201507,-1.78836,0.224839
7.75085,2.42729,-0.0453773,-2.6579,-1.50067,0.201676,-1.78829,0.224775
7.7509,2.4275,-0.0453503,-2.65773,-1.50074,0.201845,-1.78821,0.22471
7.75204,2.42771,-0.0453238,-2.65756,-1.50081,0.202013,-1.78813,0.224645
7.75327,2.42792,-0.0452978,-2.65739,-1.50088,0.202181,-1.78805,0.22458
7.75384,2.42813,-0.0452723,-2.65722,-1.50096,0.202349,-1.78797,0.224514
7.75563,2.42834,-0.0452473,-2.65704,-1.50103,0.202516,-1.78789,0.224448
7.75626,2.42855,-0.0452227,-2.65687,-1.5011,0.202683,-1.78781,0.224382
7.75685,2.42877,-0.0451986,-2.6567,-1.50117,0.202849,-1.78773,0.224316
7.75854,2.42898,-0.0451747,-2.65653,-1.50124,0.203016,-1.78765,0.224249
7.75913,2.42919,-0.0451514,-2.65635,-1.50131,0.203182,-1.78758,0.224182
7.76105,2.4294,-0.0451285,-2.65618,-1.50138,0.203348,-1.7875,0.224115
7.76146,2.42962,-0.0451061,-2.65601,-1.50144,0.203513,-1.78742,0.224047
7.7629,2.42983,-0.0450841,-2.65584,-1.50151,0.203678,-1.78734,0.223979
7.76406,2.43026,-0.0450416,-2.65549,-1.50165,0.204007,-1.78718,0.223842
7.7652,2.43047,-0.045021,-2.65532,-1.50171,0.204171,-1.7871,0.223774
7.76583,2.43069,-0.0449998,-2.65514,-1.50178,0.204336,-1.78702,0.223705
7.76705,2.4309,-0.0449792,-2.65497,-1.50185,0.2045,-1.78694,0.223635
7.76819,2.43112,-0.0449591,-2.65479,-1.50192,0.204663,-1.78687,0.223566
7.76939,2.43133,-0.0449395,-2.65462,-1.50199,0.204827,-1.78679,0.223496
7.76997,2.43155,-0.0449196,-2.65444,-1.50206,0.20499,-1.78671,0.223425
7.77113,2.43176,-0.0449002,-2.65427,-1.50212,0.205153,-1.78663,0.223355
7.77232,2.43198,-0.0448813,-2.65409,-1.50219,0.205316,-1.78656,0.223284
7.77293,2.4322,-0.0448641,-2.65392,-1.50227,0.20548,-1.78649,0.223213
7.77463,2.43241,-0.0448477,-2.65374,-1.50235,0.205643,-1.78642,0.223142
7.77593,2.43263,-0.0448318,-2.65356,-1.50242,0.205806,-1.78635,0.22307
7.77653,2.43285,-0.0448162,-2.65339,-1.50249,0.205968,-1.78628,0.222998
7.77714,2.43307,-0.0448011,-2.65321,-1.50256,0.20613,-1.78621,0.222926
7.77846,2.43329,-0.0447866,-2.65303,-1.50263,0.206292,-1.78614,0.222853
7.77954,2.43351,-0.0447724,-2.65286,-1.5027,0.206453,-1.78607,0.22278
7.78013,2.43373,-0.0447588,-2.65268,-1.50277,0.206613,-1.78599,0.222707
7.78187,2.43395,-0.0447456,-2.6525,-1.50284,0.206774,-1.78592,0.222633
7.78248,2.43417,-0.0447329,-2.65233,-1.50291,0.206933,-1.78584,0.222559
7.78312,2.43439,-0.0447206,-2.65215,-1.50298,0.207093,-1.78577,0.222485
7.78427,2.43461,-0.0447088,-2.65197,-1.50304,0.207252,-1.78569,0.22241
7.78544,2.43483,-0.0446973,-2.65179,-1.50311,0.207411,-1.78562,0.222335
7.78609,2.43505,-0.0446863,-2.65162,-1.50317,0.20757,-1.78554,0.22226
7.78733,2.43527,-0.0446758,-2.65144,-1.50324,0.207728,-1.78547,0.222184
7.78842,2.43549,-0.0446656,-2.65126,-1.5033,0.207886,-1.78539,0.222108
7.78957,2.43571,-0.0446558,-2.65108,-1.50336,0.208043,-1.78531,0.222032
7.79018,2.43594,-0.0446464,-2.65091,-1.50342,0.2082,-1.78524,0.221955
7.79133,2.43616,-0.0446374,-2.65073,-1.50349,0.208357,-1.78516,0.221879
7.7925,2.43638,-0.0446288,-2.65055,-1.50355,0.208514,-1.78508,0.221801
7.79376,2.43661,-0.0446206,-2.65037,-1.50361,0.20867,-1.785,0.221724
7.79433,2.43683,-0.0446127,-2.65019,-1.50367,0.208826,-1.78493,0.221646
7.79551,2.43706,-0.0446052,-2.65001,-1.50373,0.208982,-1.78485,0.221568
7.79612,2.43728,-0.0445981,-2.64984,-1.50379,0.209137,-1.78477,0.221489
7.79731,2.4375,-0.0445914,-2.64966,-1.50385,0.209292,-1.78469,0.221411
7.7985,2.43773,-0.044585,-2.64948,-1.50391,0.209447,-1.78461,0.221332
7.79967,2.43795,-0.044579,-2.6493,-1.50396,0.209601,-1.78453,0.221252
7.80028,2.43818,-0.0445733,-2.64912,-1.50402,0.209755,-1.78446,0.221173
7.8015,2.43841,-0.044568,-2.64894,-1.50408,0.209909,-1.78438,0.221093
7.80265,2.43863,-0.0445631,-2.64876,-1.50414,0.210062,-1.7843,0.221012
7.8033,2.43886,-0.0445586,-2.64858,-1.50419,0.210216,-1.78422,0.220932
7.8045,2.43909,-0.0445544,-2.6484,-1.50425,0.210369,-1.78414,0.220851
7.80606,2.43931,-0.0445505,-2.64822,-1.50431,0.210521,-1.78406,0.22077
7.80628,2.43954,-0.044547,-2.64804,-1.50436,0.210674,-1.78398,0.220688
7.80754,2.43977,-0.0445439,-2.64786,-1.50442,0.210826,-1.7839,0.220606
7.80816,2.44,-0.0445411,-2.64768,-1.50447,0.210977,-1.78383,0.220524
7.80934,2.44023,-0.0445386,-2.6475,-1.50453,0.211129,-1.78375,0.220442
7.81122,2.44045,-0.0445366,-2.64732,-1.50458,0.21128,-1.78367,0.220359
7.81255,2.44091,-0.0445335,-2.64696,-1.50469,0.211582,-1.78351,0.220193
7.81353,2.44114,-0.0445325,-2.64678,-1.50474,0.211732,-1.78343,0.220109
7.81421,2.44137,-0.0445319,-2.6466,-1.5048,0.211882,-1.78335,0.220025
7.81534,2.4416,-0.0445316,-2.64642,-1.50485,0.212032,-1.78327,0.219941
7.81654,2.44183,-0.0445316,-2.64624,-1.5049,0.212181,-1.78319,0.219856
7.81837,2.44229,-0.0445316,-2.64588,-1.50501,0.21248,-1.78303,0.219686
7.81953,2.44253,-0.0445317,-2.6457,-1.50506,0.212629,-1.78296,0.219601
7.82072,2.44276,-0.0445317,-2.64552,-1.50511,0.212778,-1.78288,0.219515
7.82136,2.44299,-0.0445317,-2.64533,-1.50517,0.212927,-1.7828,0.21943
7.82254,2.44322,-0.0445317,-2.64515,-1.50522,0.213075,-1.78272,0.219343
7.82371,2.44345,-0.0445317,-2.64497,-1.50527,0.213224,-1.78264,0.219257
7.82628,2.44369,-0.0445317,-2.64479,-1.50532,0.213373,-1.78256,0.21917
7.82683,2.44415,-0.0445318,-2.64442,-1.50543,0.213669,-1.7824,0.218995
7.82752,2.44439,-0.0445318,-2.64424,-1.50548,0.213817,-1.78232,0.218908
7.82921,2.44462,-0.0445318,-2.64406,-1.50553,0.213965,-1.78224,0.218819
7.83038,2.44486,-0.0445319,-2.64388,-1.50559,0.214113,-1.78216,0.218731
7.83154,2.44509,-0.044532,-2.6437,-1.50564,0.214261,-1.78208,0.218642
7.83217,2.44533,-0.0445322,-2.64351,-1.50569,0.214408,-1.78201,0.218553
7.83404,2.44556,-0.0445324,-2.64333,-1.50574,0.214555,-1.78193,0.218464
7.83416,2.4458,-0.0445328,-2.64315,-1.5058,0.214703,-1.78185,0.218374
7.83536,2.44603,-0.0445333,-2.64296,-1.50585,0.214849,-1.78177,0.218284
7.83646,2.44627,-0.0445338,-2.64278,-1.5059,0.214996,-1.78169,0.218194
7.83723,2.44651,-0.0445345,-2.6426,-1.50595,0.215143,-1.78161,0.218103
7.83846,2.44674,-0.0445354,-2.64241,-1.506,0.215289,-1.78153,0.218012
7.84004,2.44698,-0.0445364,-2.64223,-1.50606,0.215435,-1.78145,0.21792
7.84038,2.44722,-0.0445375,-2.64205,-1.50611,0.215581,-1.78137,0.217829
7.84156,2.44746,-0.0445389,-2.64186,-1.50616,0.215726,-1.78129,0.217737
7.84225,2.44769,-0.0445404,-2.64168,-1.50621,0.215871,-1.78121,0.217644
7.84339,2.44793,-0.044542,-2.6415,-1.50626,0.216017,-1.78113,0.217552
7.84454,2.44817,-0.0445439,-2.64131,-1.50631,0.216161,-1.78105,0.217459
7.84514,2.44841,-0.0445459,-2.64113,-1.50636,0.216306,-1.78097,0.217365
7.84631,2.44865,-0.0445482,-2.64094,-1.50641,0.21645,-1.78089,0.217272
7.84752,2.44889,-0.0445507,-2.64076,-1.50646,0.216595,-1.78081,0.217178
7.84816,2.44913,-0.0445534,-2.64057,-1.50651,0.216738,-1.78073,0.217084
7.84931,2.44937,-0.0445564,-2.64039,-1.50656,0.216882,-1.78065,0.216989
7.8505,2.44961,-0.0445596,-2.6402,-1.50661,0.217025,-1.78057,0.216894
7.85114,2.44985,-0.044563,-2.64002,-1.50666,0.217169,-1.78049,0.216799
7.85233,2.45009,-0.0445667,-2.63983,-1.50671,0.217311,-1.78041,0.216703
7.85351,2.45033,-0.0445706,-2.63965,-1.50676,0.217454,-1.78033,0.216608
7.8542,2.45057,-0.0445747,-2.63946,-1.50681,0.217596,-1.78025,0.216511
7.85533,2.45082,-0.0445792,-2.63928,-1.50686,0.217738,-1.78017,0.216415
7.8566,2.45106,-0.0445839,-2.63909,-1.5069,0.21788,-1.78009,0.216318
7.8573,2.4513,-0.0445888,-2.63891,-1.50695,0.218022,-1.78001,0.216221
7.85868,2.45154,-0.0445941,-2.63872,-1.507,0.218163,-1.77993,0.216124
7.85929,2.45179,-0.0445997,-2.63853,-1.50705,0.218304,-1.77985,0.216026
7.8605,2.45203,-0.0446055,-2.63835,-1.50709,0.218445,-1.77978,0.215928
7.86147,2.45227,-0.0446117,-2.63816,-1.50714,0.218585,-1.7797,0.21583
7.8621,2.45252,-0.0446181,-2.63797,-1.50719,0.218725,-1.77962,0.215732
7.86379,2.45276,-0.0446249,-2.63779,-1.50723,0.218865,-1.77954,0.215633
7.86449,2.45301,-0.044632,-2.6376,-1.50728,0.219004,-1.77946,0.215533
7.86569,2.45325,-0.0446394,-2.63741,-1.50733,0.219144,-1.77938,0.215434
7.8669,2.4535,-0.0446471,-2.63723,-1.50737,0.219283,-1.7793,0.215334
7.8676,2.45374,-0.0446551,-2.63704,-1.50742,0.219421,-1.77922,0.215234
7.86873,2.45399,-0.0446634,-2.63685,-1.50746,0.21956,-1.77914,0.215134
7.86955,2.45424,-0.0446721,-2.63667,-1.50751,0.219698,-1.77906,0.215033
7.87059,2.45448,-0.0446811,-2.63648,-1.50755,0.219836,-1.77898,0.214932
7.87181,2.45473,-0.0446904,-2.63629,-1.5076,0.219974,-1.7789,0.214831
7.87249,2.45498,-0.0447001,-2.6361,-1.50764,0.220111,-1.77882,0.214729
7.8736,2.45522,-0.0447101,-2.63592,-1.50769,0.220248,-1.77874,0.214627
7.87486,2.45547,-0.0447205,-2.63573,-1.50773,0.220384,-1.77866,0.214525
7.87582,2.45572,-0.0447312,-2.63554,-1.50777,0.220521,-1.77858,0.214422
7.87671,2.45597,-0.0447422,-2.63535,-1.50782,0.220657,-1.7785,0.214319
7.87755,2.45622,-0.0447536,-2.63516,-1.50786,0.220793,-1.77842,0.214216
7.87867,2.45646,-0.0447653,-2.63497,-1.5079,0.220928,-1.77834,0.214113
7.87982,2.45671,-0.0447774,-2.63479,-1.50794,0.221064,-1.77826,0.214009
7.88048,2.45696,-0.0447898,-2.6346,-1.50799,0.221199,-1.77819,0.213905
7.88161,2.45721,-0.0448026,-2.63441,-1.50803,0.221333,-1.77811,0.213801
7.8828,2.45746,-0.0448157,-2.63422,-1.50807,0.221468,-1.77803,0.213696
7.8835,2.45771,-0.0448292,-2.63403,-1.50811,0.221602,-1.77795,0.213591
7.88467,2.45796,-0.044843,-2.63384,-1.50815,0.221736,-1.77787,0.213486
7.88585,2.45821,-0.0448572,-2.63365,-1.50819,0.221869,-1.77779,0.21338
7.88655,2.45846,-0.0448718,-2.63346,-1.50823,0.222002,-1.77771,0.213275
7.8877,2.45872,-0.0448867,-2.63327,-1.50827,0.222135,-1.77763,0.213169
7.88894,2.45897,-0.0449019,-2.63308,-1.50831,0.222268,-1.77755,0.213062
7.88951,2.45922,-0.0449176,-2.63289,-1.50835,0.222401,-1.77747,0.212956
7.89066,2.45947,-0.0449336,-2.6327,-1.50839,0.222533,-1.77739,0.212849
7.89185,2.45972,-0.0449499,-2.63251,-1.50843,0.222664,-1.77732,0.212742
7.89249,2.45998,-0.0449667,-2.63232,-1.50847,0.222796,-1.77724,0.212634
7.89365,2.46023,-0.0449838,-2.63213,-1.50851,0.222927,-1.77716,0.212526
7.89481,2.46048,-0.0450013,-2.63194,-1.50854,0.223058,-1.77708,0.212418
7.89547,2.46074,-0.0450191,-2.63175,-1.50858,0.223189,-1.777,0.21231
7.89661,2.46099,-0.0450374,-2.63156,-1.50862,0.223319,-1.77692,0.212201
7.89779,2.46125,-0.045056,-2.63137,-1.50866,0.223449,-1.77684,0.212092
7.89896,2.4615,-0.0450751,-2.63118,-1.50869,0.223579,-1.77676,0.211983
7.89959,2.46175,-0.0450944,-2.63099,-1.50873,0.223709,-1.77668,0.211873
7.90076,2.46201,-0.0451142,-2.6308,-1.50877,0.223838,-1.77661,0.211763
7.90192,2.46226,-0.0451343,-2.63061,-1.5088,0.223967,-1.77653,0.211653
7.90258,2.46252,-0.0451549,-2.63041,-1.50884,0.224095,-1.77645,0.211543
7.90377,2.46278,-0.0451758,-2.63022,-1.50888,0.224224,-1.77637,0.211432
7.90493,2.46303,-0.0451971,-2.63003,-1.50891,0.224352,-1.77629,0.211321
7.90553,2.46329,-0.0452187,-2.62984,-1.50895,0.22448,-1.77621,0.21121
7.90671,2.46355,-0.0452408,-2.62965,-1.50898,0.224607,-1.77613,0.211098
7.90787,2.4638,-0.0452633,-2.62945,-1.50902,0.224734,-1.77606,0.210986
7.90854,2.46406,-0.0452861,-2.62926,-1.50905,0.224861,-1.77598,0.210874
7.90964,2.46432,-0.0453094,-2.62907,-1.50908,0.224988,-1.7759,0.210761
7.91078,2.46458,-0.0453331,-2.62888,-1.50912,0.225114,-1.77582,0.210649
7.91192,2.46483,-0.0453571,-2.62869,-1.50915,0.22524,-1.77574,0.210535
7.91255,2.46509,-0.0453815,-2.62849,-1.50918,0.225366,-1.77567,0.210422
7.91372,2.46535,-0.0454063,-2.6283,-1.50922,0.225491,-1.77559,0.210308
7.91487,2.46561,-0.0454315,-2.62811,-1.50925,0.225616,-1.77551,0.210194
7.91551,2.46587,-0.0454571,-2.62792,-1.50928,0.225741,-1.77543,0.21008
7.91665,2.46613,-0.0454831,-2.62772,-1.50931,0.225866,-1.77535,0.209966
7.91783,2.46639,-0.0455095,-2.62753,-1.50935,0.22599,-1.77527,0.209851
7.91848,2.46665,-0.0455363,-2.62734,-1.50938,0.226114,-1.7752,0.209736
7.91962,2.46691,-0.0455635,-2.62714,-1.50941,0.226238,-1.77512,0.20962
7.92077,2.46717,-0.0455911,-2.62695,-1.50944,0.226361,-1.77504,0.209505
7.92196,2.46743,-0.0456191,-2.62676,-1.50947,0.226484,-1.77496,0.209389
7.92257,2.46769,-0.0456475,-2.62656,-1.5095,0.226607,-1.77489,0.209272
7.92374,2.46795,-0.0456763,-2.62637,-1.50953,0.226729,-1.77481,0.209156
7.92489,2.46821,-0.0457055,-2.62617,-1.50956,0.226852,-1.77473,0.209039
7.92553,2.46848,-0.0457351,-2.62598,-1.50959,0.226974,-1.77465,0.208921
7.92669,2.46874,-0.0457651,-2.62579,-1.50962,0.227095,-1.77457,0.208804
7.92787,2.469,-0.0457955,-2.62559,-1.50965,0.227217,-1.7745,0.208686
7.9285,2.46926,-0.0458263,-2.6254,-1.50968,0.227338,-1.77442,0.208568
7.92967,2.46953,-0.0458575,-2.6252,-1.5097,0.227458,-1.77434,0.20845
7.93084,2.46979,-0.0458891,-2.62501,-1.50973,0.227579,-1.77426,0.208331
7.932,2.47005,-0.0459211,-2.62481,-1.50976,0.227699,-1.77419,0.208212
7.93263,2.47032,-0.0459535,-2.62462,-1.50979,0.227819,-1.77411,0.208093
7.93378,2.47058,-0.0459864,-2.62442,-1.50981,0.227939,-1.77403,0.207974
7.93501,2.47085,-0.0460196,-2.62423,-1.50984,0.228058,-1.77395,0.207854
7.93564,2.47111,-0.0460533,-2.62403,-1.50987,0.228177,-1.77388,0.207734
7.93685,2.47138,-0.0460873,-2.62384,-1.50989,0.228296,-1.7738,0.207613
7.93803,2.47164,-0.0461218,-2.62364,-1.50992,0.228414,-1.77372,0.207493
7.93864,2.47191,-0.0461567,-2.62345,-1.50995,0.228532,-1.77364,0.207372
7.93985,2.47217,-0.046192,-2.62325,-1.50997,0.22865,-1.77357,0.20725
7.94101,2.47244,-0.0462278,-2.62306,-1.51,0.228768,-1.77349,0.207129
7.94163,2.47271,-0.0462639,-2.62286,-1.51002,0.228885,-1.77341,0.207007
7.94279,2.47297,-0.0463005,-2.62266,-1.51004,0.229002,-1.77334,0.206885
7.94398,2.47324,-0.0463374,-2.62247,-1.51007,0.229119,-1.77326,0.206762
7.94517,2.47351,-0.0463748,-2.62227,-1.51009,0.229235,-1.77318,0.206639
7.9458,2.47377,-0.0464127,-2.62208,-1.51012,0.229351,-1.77311,0.206516
7.94697,2.47404,-0.0464509,-2.62188,-1.51014,0.229467,-1.77303,0.206393
7.94871,2.47431,-0.0464895,-2.62168,-1.51016,0.229582,-1.77295,0.206269
7.94988,2.47485,-0.046568,-2.62129,-1.51021,0.229812,-1.7728,0.206021
7.95104,2.47511,-0.0466079,-2.62109,-1.51023,0.229927,-1.77272,0.205896
7.9517,2.47538,-0.0466481,-2.6209,-1.51025,0.230041,-1.77264,0.205772
7.95284,2.47565,-0.0466888,-2.6207,-1.51027,0.230155,-1.77257,0.205647
7.95415,2.47592,-0.0467299,-2.6205,-1.5103,0.230269,-1.77249,0.205521
7.95523,2.47619,-0.0467714,-2.62031,-1.51032,0.230383,-1.77241,0.205396
7.95711,2.47646,-0.0468134,-2.62011,-1.51034,0.230496,-1.77234,0.20527
7.95725,2.47673,-0.0468557,-2.61991,-1.51036,0.230609,-1.77226,0.205143
7.95892,2.477,-0.0468985,-2.61971,-1.51038,0.230721,-1.77219,0.205017
7.96009,2.47755,-0.0469853,-2.61932,-1.51042,0.230945,-1.77203,0.204763
7.96186,2.47782,-0.0470293,-2.61912,-1.51044,0.231057,-1.77196,0.204635
7.96262,2.47809,-0.0470738,-2.61892,-1.51046,0.231169,-1.77188,0.204508
7.96315,2.47836,-0.0471186,-2.61873,-1.51047,0.23128,-1.7718,0.20438
7.96423,2.47863,-0.0471639,-2.61853,-1.51049,0.231391,-1.77173,0.204251
7.96545,2.47891,-0.0472096,-2.61833,-1.51051,0.231501,-1.77165,0.204123
7.96664,2.47918,-0.0472557,-2.61813,-1.51053,0.231611,-1.77158,0.203994
7.9673,2.47945,-0.0473023,-2.61793,-1.51055,0.231721,-1.7715,0.203865
7.96848,2.47972,-0.0473492,-2.61773,-1.51056,0.231831,-1.77142,0.203735
7.96907,2.48,-0.0473966,-2.61754,-1.51058,0.23194,-1.77135,0.203606
7.97056,2.48027,-0.0474444,-2.61734,-1.5106,0.232049,-1.77127,0.203476
7.97164,2.48055,-0.0474925,-2.61714,-1.51061,0.232158,-1.77119,0.203345
7.97285,2.48082,-0.0475411,-2.61694,-1.51063,0.232267,-1.77112,0.203215
7.97357,2.4811,-0.0475901,-2.61674,-1.51064,0.232375,-1.77104,0.203084
7.97459,2.48137,-0.0476395,-2.61654,-1.51066,0.232483,-1.77097,0.202953
7.97571,2.48165,-0.0476894,-2.61634,-1.51068,0.232591,-1.77089,0.202822
7.97631,2.48192,-0.0477396,-2.61614,-1.51069,0.232698,-1.77082,0.20269
7.9775,2.4822,-0.0477903,-2.61594,-1.51071,0.232805,-1.77074,0.202558
7.97815,2.48247,-0.0478414,-2.61574,-1.51072,0.232912,-1.77066,0.202426
7.97945,2.48275,-0.0478929,-2.61555,-1.51073,0.233019,-1.77059,0.202293
7.98061,2.48303,-0.0479448,-2.61535,-1.51075,0.233125,-1.77051,0.20216
7.98189,2.4833,-0.0479971,-2.61515,-1.51076,0.233231,-1.77044,0.202027
7.98252,2.48358,-0.0480498,-2.61495,-1.51077,0.233337,-1.77036,0.201894
7.98318,2.48386,-0.048103,-2.61475,-1.51079,0.233442,-1.77029,0.201761
7.98507,2.48413,-0.0481565,-2.61455,-1.5108,0.233547,-1.77021,0.201627
7.98531,2.48441,-0.0482105,-2.61435,-1.51081,0.233652,-1.77014,0.201493
7.98712,2.48469,-0.0482648,-2.61415,-1.51083,0.233757,-1.77006,0.201358
7.98877,2.48525,-0.0483748,-2.61375,-1.51085,0.233965,-1.76991,0.201089
7.98949,2.48552,-0.0484305,-2.61355,-1.51086,0.234069,-1.76984,0.200953
7.99055,2.4858,-0.0484866,-2.61334,-1.51087,0.234172,-1.76976,0.200818
7.99169,2.48608,-0.0485431,-2.61314,-1.51088,0.234275,-1.76968,0.200682
7.9935,2.48636,-0.0486,-2.61294,-1.51089,0.234378,-1.76961,0.200546
7.99466,2.48692,-0.0487151,-2.61254,-1.51091,0.234583,-1.76946,0.200273
7.99628,2.48748,-0.0488318,-2.61214,-1.51093,0.234786,-1.76931,0.199999
7.998,2.48776,-0.0488908,-2.61194,-1.51094,0.234888,-1.76923,0.199861
7.99862,2.48804,-0.0489502,-2.61174,-1.51095,0.234989,-1.76916,0.199723
7.9998,2.48833,-0.0490101,-2.61154,-1.51096,0.23509,-1.76909,0.199585
8.00043,2.48861,-0.0490703,-2.61133,-1.51096,0.23519,-1.76901,0.199447
8.00162,2.48889,-0.049131,-2.61113,-1.51097,0.23529,-1.76894,0.199308
8.0028,2.48917,-0.0491921,-2.61093,-1.51098,0.23539,-1.76886,0.199169
8.00399,2.48945,-0.0492536,-2.61073,-1.51099,0.23549,-1.76879,0.19903
8.00464,2.48974,-0.0493156,-2.61053,-1.51099,0.235589,-1.76871,0.19889
8.00581,2.49002,-0.049378,-2.61033,-1.511,0.235688,-1.76864,0.198751
8.00702,2.4903,-0.0494408,-2.61012,-1.51101,0.235787,-1.76856,0.198611
8.00777,2.49059,-0.0495039,-2.60992,-1.51101,0.235886,-1.76849,0.19847
8.00882,2.49087,-0.0495675,-2.60972,-1.51102,0.235984,-1.76841,0.19833
8.01003,2.49115,-0.0496316,-2.60952,-1.51102,0.236082,-1.76834,0.198189
8.01067,2.49144,-0.049696,-2.60932,-1.51103,0.23618,-1.76826,0.198048
8.01184,2.49172,-0.0497608,-2.60911,-1.51103,0.236277,-1.76819,0.197906
8.01326,2.49201,-0.0498261,-2.60891,-1.51104,0.236374,-1.76812,0.197765
8.01371,2.49229,-0.0498918,-2.60871,-1.51104,0.236471,-1.76804,0.197623
8.01481,2.49258,-0.0499579,-2.60851,-1.51105,0.236567,-1.76797,0.197481
8.01601,2.49286,-0.0500244,-2.6083,-1.51105,0.236664,-1.76789,0.197338
8.01774,2.49315,-0.0500913,-2.6081,-1.51105,0.23676,-1.76782,0.197195
8.01894,2.49343,-0.0501587,-2.6079,-1.51106,0.236855,-1.76775,0.197052
8.02033,2.49372,-0.0502265,-2.6077,-1.51106,0.236951,-1.76767,0.196909
8.02186,2.494,-0.0502947,-2.60749,-1.51106,0.237046,-1.7676,0.196765
8.02304,2.49429,-0.0503634,-2.60729,-1.51106,0.23714,-1.76752,0.196621
8.02421,2.49458,-0.0504326,-2.60709,-1.51107,0.237235,-1.76745,0.196477
8.02481,2.49486,-0.0505022,-2.60688,-1.51107,0.237329,-1.76738,0.196332
8.02602,2.49515,-0.0505723,-2.60668,-1.51107,0.237423,-1.7673,0.196187
8.02718,2.49544,-0.0506428,-2.60648,-1.51107,0.237516,-1.76723,0.196042
8.02839,2.49573,-0.0507138,-2.60627,-1.51107,0.237609,-1.76715,0.195896
8.03066,2.49602,-0.0507853,-2.60607,-1.51107,0.237702,-1.76708,0.19575
8.03183,2.4963,-0.0508572,-2.60587,-1.51107,0.237795,-1.76701,0.195604
8.03359,2.49659,-0.0509294,-2.60566,-1.51107,0.237887,-1.76693,0.195457
8.0347,2.49688,-0.0510019,-2.60546,-1.51107,0.237979,-1.76686,0.19531
8.03586,2.49717,-0.0510748,-2.60525,-1.51107,0.23807,-1.76679,0.195162
8.0365,2.49746,-0.0511481,-2.60505,-1.51107,0.238162,-1.76671,0.195015
8.03766,2.49775,-0.0512216,-2.60484,-1.51107,0.238253,-1.76664,0.194867
8.03947,2.49804,-0.0512955,-2.60464,-1.51107,0.238344,-1.76657,0.194718
8.04115,2.49833,-0.0513698,-2.60444,-1.51107,0.238434,-1.7665,0.194569
8.04174,2.49862,-0.0514444,-2.60423,-1.51107,0.238525,-1.76643,0.19442
8.04291,2.49892,-0.0515194,-2.60403,-1.51107,0.238615,-1.76635,0.194271
8.04359,2.49921,-0.0515947,-2.60382,-1.51107,0.238704,-1.76628,0.194121
8.04475,2.4995,-0.0516703,-2.60362,-1.51107,0.238794,-1.76621,0.193971
8.04592,2.49979,-0.0517463,-2.60341,-1.51107,0.238883,-1.76614,0.19382
8.04715,2.50008,-0.0518227,-2.6032,-1.51107,0.238972,-1.76607,0.19367
8.04836,2.50038,-0.0518994,-2.603,-1.51107,0.23906,-1.766,0.193519
8.049,2.50067,-0.0519764,-2.60279,-1.51107,0.239149,-1.76593,0.193367
8.04965,2.50096,-0.0520538,-2.60259,-1.51107,0.239237,-1.76586,0.193216
8.05133,2.50126,-0.0521315,-2.60238,-1.51107,0.239325,-1.76579,0.193064
8.05263,2.50155,-0.0522095,-2.60218,-1.51107,0.239412,-1.76572,0.192911
8.05278,2.50185,-0.0522879,-2.60197,-1.51107,0.239499,-1.76565,0.192759
8.05385,2.50214,-0.0523667,-2.60176,-1.51107,0.239586,-1.76558,0.192606
8.05502,2.50244,-0.0524457,-2.60156,-1.51107,0.239673,-1.76551,0.192452
8.05624,2.50273,-0.0525251,-2.60135,-1.51107,0.239759,-1.76544,0.192299
8.05696,2.50303,-0.0526049,-2.60114,-1.51107,0.239846,-1.76537,0.192145
8.05877,2.50332,-0.0526849,-2.60094,-1.51107,0.239931,-1.7653,0.191991
8.05994,2.50362,-0.0527653,-2.60073,-1.51107,0.240017,-1.76523,0.191837
8.06001,2.50392,-0.052846,-2.60052,-1.51107,0.240102,-1.76516,0.191682
8.06119,2.50421,-0.0529271,-2.60032,-1.51107,0.240188,-1.7651,0.191528
8.06236,2.50451,-0.0530085,-2.60011,-1.51107,0.240272,-1.76503,0.191372
8.06305,2.50481,-0.0530902,-2.5999,-1.51107,0.240357,-1.76496,0.191217
8.06415,2.50511,-0.0531722,-2.5997,-1.51107,0.240441,-1.76489,0.191061
8.06559,2.5054,-0.0532546,-2.59949,-1.51107,0.240525,-1.76482,0.190905
8.06624,2.5057,-0.0533373,-2.59928,-1.51107,0.240609,-1.76476,0.190749
8.06736,2.506,-0.0534203,-2.59907,-1.51107,0.240693,-1.76469,0.190593
8.06799,2.5063,-0.0535037,-2.59887,-1.51107,0.240776,-1.76462,0.190436
8.06915,2.5066,-0.0535873,-2.59866,-1.51107,0.240859,-1.76455,0.190279
8.07034,2.5069,-0.0536713,-2.59845,-1.51107,0.240942,-1.76449,0.190122
8.07094,2.5072,-0.0537556,-2.59824,-1.51107,0.241025,-1.76442,0.189965
8.0721,2.5075,-0.0538402,-2.59803,-1.51107,0.241107,-1.76435,0.189807
8.07328,2.5078,-0.0539251,-2.59783,-1.51107,0.241189,-1.76429,0.189649
8.0745,2.5081,-0.0540104,-2.59762,-1.51107,0.241271,-1.76422,0.189491
8.07509,2.5084,-0.054096,-2.59741,-1.51107,0.241352,-1.76415,0.189333
8.07631,2.5087,-0.0541819,-2.5972,-1.51107,0.241433,-1.76409,0.189174
8.07702,2.509,-0.0542682,-2.59699,-1.51107,0.241514,-1.76402,0.189015
8.07811,2.5093,-0.0543548,-2.59678,-1.51107,0.241595,-1.76395,0.188856
8.07927,2.5096,-0.0544417,-2.59658,-1.51107,0.241676,-1.76389,0.188696
8.08057,2.50991,-0.054529,-2.59637,-1.51107,0.241756,-1.76382,0.188537
8.08115,2.51021,-0.0546166,-2.59616,-1.51107,0.241836,-1.76376,0.188377
8.08234,2.51051,-0.0547045,-2.59595,-1.51107,0.241916,-1.76369,0.188216
8.08352,2.51081,-0.0547929,-2.59574,-1.51107,0.241995,-1.76362,0.188056
8.08414,2.51112,-0.0548816,-2.59553,-1.51107,0.242074,-1.76356,0.187895
8.08589,2.51142,-0.0549706,-2.59532,-1.51107,0.242153,-1.76349,0.187734
8.08591,2.51172,-0.0550601,-2.59511,-1.51107,0.242232,-1.76343,0.187573
8.08712,2.51203,-0.0551499,-2.59491,-1.51107,0.24231,-1.76336,0.187411
8.08889,2.51233,-0.0552402,-2.5947,-1.51106,0.242388,-1.7633,0.18725
8.08955,2.51263,-0.0553308,-2.59449,-1.51106,0.242466,-1.76323,0.187088
8.09009,2.51294,-0.0554218,-2.59428,-1.51106,0.242543,-1.76317,0.186925
8.09128,2.51324,-0.0555132,-2.59407,-1.51106,0.24262,-1.7631,0.186763
8.09246,2.51355,-0.055605,-2.59386,-1.51106,0.242697,-1.76304,0.1866
8.09309,2.51385,-0.0556972,-2.59365,-1.51106,0.242774,-1.76297,0.186436
8.09421,2.51416,-0.0557898,-2.59344,-1.51105,0.24285,-1.76291,0.186273
8.09544,2.51446,-0.0558827,-2.59323,-1.51105,0.242926,-1.76284,0.186109
8.09709,2.51477,-0.0559761,-2.59302,-1.51105,0.243002,-1.76277,0.185946
8.09827,2.51538,-0.056164,-2.5926,-1.51104,0.243152,-1.76264,0.185617
8.0995,2.51569,-0.0562585,-2.59239,-1.51104,0.243227,-1.76258,0.185452
8.10015,2.516,-0.0563535,-2.59218,-1.51104,0.243302,-1.76251,0.185287
8.10129,2.5163,-0.0564489,-2.59197,-1.51103,0.243376,-1.76245,0.185122
8.10248,2.51661,-0.0565447,-2.59176,-1.51103,0.24345,-1.76238,0.184957
8.10313,2.51692,-0.0566409,-2.59155,-1.51102,0.243524,-1.76232,0.184791
8.1043,2.51723,-0.0567375,-2.59134,-1.51102,0.243597,-1.76225,0.184625
8.10548,2.51753,-0.0568345,-2.59113,-1.51101,0.243671,-1.76219,0.184459
8.10618,2.51784,-0.0569319,-2.59092,-1.51101,0.243743,-1.76212,0.184292
8.10724,2.51815,-0.0570296,-2.59071,-1.511,0.243816,-1.76206,0.184126
8.10841,2.51846,-0.0571278,-2.5905,-1.511,0.243888,-1.76199,0.183959
8.11023,2.51877,-0.0572264,-2.59029,-1.51099,0.243961,-1.76193,0.183791
8.11029,2.51908,-0.0573254,-2.59008,-1.51099,0.244032,-1.76186,0.183624
8.11144,2.51939,-0.0574248,-2.58987,-1.51098,0.244104,-1.7618,0.183456
8.11327,2.5197,-0.0575247,-2.58966,-1.51097,0.244175,-1.76173,0.183288
8.11338,2.52,-0.0576249,-2.58945,-1.51097,0.244246,-1.76167,0.18312
8.11448,2.52031,-0.0577256,-2.58924,-1.51096,0.244317,-1.7616,0.182952
8.1152,2.52063,-0.0578267,-2.58903,-1.51095,0.244387,-1.76154,0.182783
8.11628,2.52094,-0.0579282,-2.58882,-1.51094,0.244457,-1.76148,0.182614
8.11745,2.52125,-0.0580301,-2.58861,-1.51094,0.244527,-1.76141,0.182445
8.1182,2.52156,-0.0581324,-2.58839,-1.51093,0.244596,-1.76135,0.182275
8.11928,2.52187,-0.0582351,-2.58818,-1.51092,0.244665,-1.76128,0.182105
8.12047,2.52218,-0.0583382,-2.58797,-1.51091,0.244734,-1.76122,0.181935
8.12167,2.52249,-0.0584417,-2.58776,-1.5109,0.244803,-1.76115,0.181765
8.12286,2.5228,-0.0585456,-2.58755,-1.51089,0.244871,-1.76109,0.181595
8.12349,2.52311,-0.05865,-2.58734,-1.51088,0.24494,-1.76102,0.181424
8.12466,2.52343,-0.0587547,-2.58713,-1.51087,0.245007,-1.76096,0.181253
8.12526,2.52374,-0.0588599,-2.58692,-1.51086,0.245075,-1.76089,0.181082
8.12642,2.52405,-0.0589655,-2.58671,-1.51085,0.245142,-1.76083,0.180911
8.1276,2.52436,-0.0590715,-2.5865,-1.51084,0.245209,-1.76076,0.180739
8.12843,2.52468,-0.0591779,-2.58629,-1.51083,0.245276,-1.7607,0.180567
8.12976,2.52499,-0.0592847,-2.58607,-1.51082,0.245342,-1.76063,0.180395
8.13024,2.5253,-0.0593919,-2.58586,-1.51081,0.245408,-1.76057,0.180222
8.13143,2.52561,-0.0594906,-2.58566,-1.5108,0.245467,-1.76051,0.180058
8.13259,2.52591,-0.059586,-2.58546,-1.5108,0.245525,-1.76045,0.179911
8.13329,2.5262,-0.0596781,-2.58526,-1.51081,0.245582,-1.76039,0.179778
8.13445,2.52649,-0.0597674,-2.58507,-1.51081,0.245637,-1.76034,0.179659
8.13561,2.52677,-0.0598539,-2.58489,-1.51082,0.245692,-1.76029,0.179552
8.13629,2.52703,-0.0599378,-2.58472,-1.51083,0.245745,-1.76025,0.179457
8.13747,2.5273,-0.0600192,-2.58454,-1.51084,0.245797,-1.7602,0.179372
8.13866,2.52755,-0.0600981,-2.58438,-1.51085,0.245847,-1.76016,0.179297
8.13934,2.5278,-0.0601748,-2.58422,-1.51086,0.245896,-1.76013,0.179231
8.14069,2.52804,-0.0602491,-2.58406,-1.51087,0.245944,-1.76009,0.179173
8.14167,2.52828,-0.0603214,-2.58391,-1.51089,0.245991,-1.76006,0.179123
8.14291,2.5285,-0.0603915,-2.58376,-1.5109,0.246036,-1.76002,0.179079
8.1436,2.52873,-0.0604596,-2.58361,-1.51092,0.24608,-1.76,0.179042
8.14424,2.52894,-0.0605258,-2.58347,-1.51093,0.246122,-1.75997,0.17901
8.14609,2.52915,-0.0605901,-2.58334,-1.51095,0.246163,-1.75994,0.178983
8.1467,2.52936,-0.0606526,-2.5832,-1.51096,0.246203,-1.75991,0.178961
8.14862,2.52956,-0.0607134,-2.58308,-1.51098,0.246241,-1.75989,0.178943
8.15003,2.52994,-0.06083,-2.58283,-1.51101,0.246314,-1.75985,0.178919
8.15075,2.53012,-0.0608858,-2.58271,-1.51103,0.246349,-1.75983,0.178912
8.1516,2.5303,-0.0609401,-2.58259,-1.51105,0.246382,-1.75981,0.178907
8.1528,2.53048,-0.060993,-2.58248,-1.51107,0.246414,-1.75979,0.178906
8.15354,2.53065,-0.0610444,-2.58237,-1.51108,0.246445,-1.75977,0.178906
8.15465,2.53081,-0.0610944,-2.58226,-1.5111,0.246474,-1.75976,0.178906
8.15582,2.53097,-0.0611431,-2.58216,-1.51112,0.246502,-1.75974,0.178906
8.15702,2.53113,-0.0611905,-2.58205,-1.51113,0.246529,-1.75972,0.178906
8.15764,2.53128,-0.0612367,-2.58195,-1.51115,0.246555,-1.75971,0.178906
8.15949,2.53143,-0.0612817,-2.58185,-1.51116,0.246579,-1.7597,0.178906
8.16002,2.53157,-0.0613256,-2.58176,-1.51118,0.246603,-1.75968,0.178906
8.16135,2.53171,-0.0613682,-2.58166,-1.51119,0.246625,-1.75967,0.178906
8.16184,2.53185,-0.0614098,-2.58157,-1.51121,0.246646,-1.75966,0.178906
8.16302,2.53198,-0.0614502,-2.58148,-1.51122,0.246667,-1.75965,0.178906
8.16424,2.53211,-0.0614896,-2.5814,-1.51124,0.246686,-1.75964,0.178906
8.16597,2.53223,-0.061528,-2.58131,-1.51125,0.246704,-1.75963,0.178906
8.16764,2.53236,-0.0615653,-2.58123,-1.51126,0.246722,-1.75962,0.178906
8.16829,2.53248,-0.0616017,-2.58114,-1.51128,0.246738,-1.75961,0.178906
8.16945,2.53259,-0.0616371,-2.58107,-1.51129,0.246754,-1.7596,0.178906
8.17009,2.53271,-0.0616716,-2.58099,-1.5113,0.246769,-1.7596,0.178906
8.17127,2.53282,-0.0617051,-2.58091,-1.51131,0.246783,-1.75959,0.178906
8.17241,2.53293,-0.0617378,-2.58084,-1.51133,0.246796,-1.75958,0.178906
8.17304,2.53303,-0.0617695,-2.58077,-1.51134,0.246809,-1.75957,0.178906
8.17425,2.53313,-0.0618005,-2.58069,-1.51135,0.246821,-1.75957,0.178906
8.17586,2.53323,-0.0618306,-2.58063,-1.51136,0.246832,-1.75956,0.178906
8.17713,2.53333,-0.0618599,-2.58056,-1.51137,0.246843,-1.75956,0.178906
8.17715,2.53342,-0.0618884,-2.58049,-1.51138,0.246853,-1.75955,0.178906
8.17836,2.53351,-0.0619161,-2.58043,-1.51139,0.246862,-1.75955,0.178906
8.17965,2.5336,-0.0619431,-2.58037,-1.5114,0.246871,-1.75954,0.178906
8.18016,2.53369,-0.0619694,-2.58031,-1.51141,0.246879,-1.75954,0.178906
8.1813,2.53378,-0.0619949,-2.58025,-1.51142,0.246887,-1.75954,0.178906
8.18246,2.53386,-0.0620198,-2.58019,-1.51143,0.246894,-1.75953,0.178906
8.18306,2.53394,-0.062044,-2.58013,-1.51144,0.2469,-1.75953,0.178906
8.1848,2.53402,-0.0620676,-2.58008,-1.51145,0.246906,-1.75953,0.178906
8.18538,2.53409,-0.0620905,-2.58003,-1.51146,0.246912,-1.75952,0.178906
8.18654,2.53417,-0.0621128,-2.57997,-1.51147,0.246917,-1.75952,0.178906
8.18723,2.53424,-0.0621345,-2.57992,-1.51148,0.246922,-1.75952,0.178906
8.18904,2.53431,-0.0621556,-2.57987,-1.51149,0.246926,-1.75952,0.178906
8.18909,2.53438,-0.0621761,-2.57982,-1.51149,0.24693,-1.75952,0.178906
8.19026,2.53445,-0.062196,-2.57978,-1.5115,0.246933,-1.75951,0.178906
8.19155,2.53451,-0.0622155,-2.57973,-1.51151,0.246936,-1.75951,0.178906
8.19283,2.53458,-0.0622344,-2.57969,-1.51151,0.246939,-1.75951,0.178906
8.19335,2.53464,-0.0622528,-2.57964,-1.51152,0.246941,-1.75951,0.178906
8.19456,2.5347,-0.0622706,-2.5796,-1.51153,0.246943,-1.75951,0.178906
8.19518,2.53476,-0.062288,-2.57956,-1.51153,0.246944,-1.75951,0.178906
8.19636,2.53481,-0.0623049,-2.57952,-1.51154,0.246946,-1.75951,0.178906
8.19751,2.53487,-0.0623214,-2.57948,-1.51155,0.246946,-1.75951,0.178906
8.19817,2.53492,-0.0623374,-2.57944,-1.51155,0.246947,-1.75951,0.178906
8.19931,2.53498,-0.0623529,-2.57941,-1.51156,0.246947,-1.75951,0.178906
8.20056,2.53503,-0.0623681,-2.57937,-1.51156,0.246947,-1.75951,0.178906
8.20176,2.53508,-0.0623827,-2.57934,-1.51157,0.246947,-1.75951,0.178906
8.20321,2.53513,-0.0623968,-2.5793,-1.51157,0.246947,-1.75951,0.178906
8.20366,2.53517,-0.0624104,-2.57927,-1.51158,0.246947,-1.75951,0.178906
8.20439,2.53522,-0.0624236,-2.57924,-1.51158,0.246947,-1.75951,0.178906
8.20631,2.53526,-0.0624363,-2.57921,-1.51159,0.246947,-1.75951,0.178906
8.20632,2.53531,-0.0624485,-2.57918,-1.51159,0.246947,-1.75951,0.178906
8.20749,2.53535,-0.0624603,-2.57915,-1.51159,0.246947,-1.75951,0.178906
8.20866,2.53539,-0.0624717,-2.57912,-1.5116,0.246947,-1.75951,0.178906
8.20971,2.53543,-0.0624827,-2.57909,-1.5116,0.246947,-1.75951,0.178906
8.21107,2.53547,-0.0624932,-2.57906,-1.51161,0.246947,-1.75951,0.178906
8.21169,2.53551,-0.0625034,-2.57904,-1.51161,0.246947,-1.75951,0.178906
8.213,2.53555,-0.0625133,-2.57901,-1.51161,0.246947,-1.75951,0.178906
8.21355,2.53558,-0.0625227,-2.57899,-1.51161,0.246947,-1.75951,0.178906
8.2147,2.53562,-0.0625319,-2.57897,-1.51162,0.246947,-1.75951,0.178906
8.21538,2.53565,-0.0625407,-2.57894,-1.51162,0.246947,-1.75951,0.178906
8.21651,2.53569,-0.0625491,-2.57892,-1.51162,0.246947,-1.75951,0.178906
8.21767,2.53572,-0.0625573,-2.5789,-1.51163,0.246947,-1.75951,0.178906
8.21831,2.53575,-0.0625651,-2.57888,-1.51163,0.246947,-1.75951,0.178906
8.21956,2.53578,-0.0625726,-2.57886,-1.51163,0.246947,-1.75951,0.178906
8.22137,2.53581,-0.0625799,-2.57884,-1.51163,0.246947,-1.75951,0.178906
8.2215,2.53584,-0.0625868,-2.57882,-1.51163,0.246947,-1.75951,0.178906
8.22325,2.53587,-0.0625935,-2.5788,-1.51164,0.246947,-1.75951,0.178906
8.22378,2.5359,-0.0625999,-2.57878,-1.51164,0.246947,-1.75951,0.178906
8.22442,2.53593,-0.0626061,-2.57876,-1.51164,0.246947,-1.75951,0.178906
8.22614,2.53595,-0.062612,-2.57875,-1.51164,0.246947,-1.75951,0.178906
8.22672,2.53598,-0.0626177,-2.57873,-1.51164,0.246947,-1.75951,0.178906
8.22743,2.53601,-0.0626231,-2.57872,-1.51164,0.246947,-1.75951,0.178906
8.22855,2.53603,-0.0626283,-2.5787,-1.51164,0.246947,-1.75951,0.178906
8.22971,2.53605,-0.0626333,-2.57869,-1.51164,0.246947,-1.75951,0.178906
8.23033,2.53608,-0.0626381,-2.57867,-1.51164,0.246947,-1.75951,0.178906
8.23205,2.5361,-0.0626426,-2.57866,-1.51165,0.246947,-1.75951,0.178906
8.23266,2.53612,-0.062647,-2.57864,-1.51165,0.246947,-1.75951,0.178906
8.23329,2.53614,-0.0626512,-2.57863,-1.51165,0.246947,-1.75951,0.178906
8.23514,2.53616,-0.0626552,-2.57862,-1.51165,0.246947,-1.75951,0.178906
8.23576,2.53618,-0.062659,-2.57861,-1.51165,0.246947,-1.75951,0.178906
8.23633,2.5362,-0.0626626,-2.5786,-1.51165,0.246947,-1.75951,0.178906
8.23803,2.53622,-0.062666,-2.57859,-1.51165,0.246947,-1.75951,0.178906
8.23867,2.53624,-0.0626692,-2.57857,-1.51165,0.246947,-1.75951,0.178906
8.23984,2.53626,-0.0626721,-2.57856,-1.51165,0.246947,-1.75951,0.178906
8.24133,2.53628,-0.0626749,-2.57855,-1.51165,0.246947,-1.75951,0.178906
8.24188,2.53629,-0.0626774,-2.57854,-1.51165,0.246947,-1.75951,0.178906
8.24361,2.53631,-0.0626798,-2.57854,-1.51165,0.246947,-1.75951,0.178906
8.24538,2.53634,-0.0626839,-2.57852,-1.51165,0.246947,-1.75951,0.178906
8.24653,2.53637,-0.0626873,-2.5785,-1.51165,0.246947,-1.75951,0.178906
8.24774,2.53639,-0.0626888,-2.57849,-1.51165,0.246947,-1.75951,0.178906
8.24962,2.53641,-0.0626911,-2.57848,-1.51165,0.246947,-1.75951,0.178906
8.25136,2.53643,-0.0626921,-2.57847,-1.51165,0.246947,-1.75951,0.178906
8.25192,2.53644,-0.0626929,-2.57847,-1.51165,0.246947,-1.75951,0.178906
8.25261,2.53645,-0.0626935,-2.57846,-1.51165,0.246947,-1.75951,0.178906
8.25372,2.53646,-0.062694,-2.57846,-1.51165,0.246947,-1.75951,0.178906
8.25488,2.53648,-0.0626944,-2.57845,-1.51165,0.246947,-1.75951,0.178906
8.25609,2.53649,-0.0626946,-2.57844,-1.51165,0.246947,-1.75951,0.178906
8.25749,2.5365,-0.0626946,-2.57844,-1.51165,0.246947,-1.75951,0.178906
8.25806,2.53651,-0.0626946,-2.57844,-1.51165,0.246947,-1.75951,0.178906
8.25924,2.53652,-0.0626947,-2.57843,-1.51165,0.246947,-1.75951,0.178906
8.25986,2.53653,-0.0626947,-2.57843,-1.51165,0.246947,-1.75951,0.178906
8.26105,2.53654,-0.0626947,-2.57842,-1.51165,0.246947,-1.75951,0.178906
8.26223,2.53655,-0.0626948,-2.57842,-1.51165,0.246947,-1.75951,0.178906
8.26284,2.53656,-0.0626948,-2.57841,-1.51165,0.246947,-1.75951,0.178906
8.26412,2.53657,-0.0626948,-2.57841,-1.51165,0.246947,-1.75951,0.178906
8.26516,2.53658,-0.0626949,-2.57841,-1.51165,0.246947,-1.75951,0.178906
8.26644,2.53659,-0.0626949,-2.5784,-1.51165,0.246947,-1.75951,0.178906
8.26769,2.53659,-0.0626949,-2.5784,-1.51165,0.246947,-1.75951,0.178906
8.26838,2.5366,-0.0626949,-2.5784,-1.51165,0.246947,-1.75951,0.178906
8.26892,2.53661,-0.062695,-2.5784,-1.51165,0.246947,-1.75951,0.178906
8.27081,2.53662,-0.062695,-2.57839,-1.51165,0.246947,-1.75951,0.178906
8.27229,2.53662,-0.062695,-2.57839,-1.51165,0.246947,-1.75951,0.178906
8.27237,2.53663,-0.0626951,-2.57839,-1.51165,0.246947,-1.75951,0.178906
8.27419,2.53664,-0.0626951,-2.57839,-1.51165,0.246947,-1.75951,0.178906
8.2747,2.53664,-0.0626951,-2.57839,-1.51165,0.246947,-1.75951,0.178906
8.2759,2.53665,-0.0626951,-2.57839,-1.51165,0.246947,-1.75951,0.178906
8.27653,2.53666,-0.0626952,-2.57838,-1.51165,0.246947,-1.75951,0.178906
8.27774,2.53666,-0.0626952,-2.57838,-1.51165,0.246947,-1.75951,0.178906
8.2786,2.53667,-0.0626952,-2.57838,-1.51165,0.246947,-1.75951,0.178906
8.28038,2.53667,-0.0626953,-2.57838,-1.51165,0.246947,-1.75951,0.178906
8.28182,2.53668,-0.0626953,-2.57838,-1.51165,0.246947,-1.75951,0.178906
8.2827,2.53669,-0.0626953,-2.57838,-1.51165,0.246947,-1.75951,0.178906
8.28337,2.53669,-0.0626954,-2.57838,-1.51165,0.246947,-1.75951,0.178906
8.28452,2.5367,-0.0626954,-2.57838,-1.51165,0.246947,-1.75951,0.178906
8.28567,2.5367,-0.0626954,-2.57838,-1.51165,0.246947,-1.75951,0.178906
8.28684,2.53671,-0.0626955,-2.57838,-1.51165,0.246947,-1.75951,0.178906
8.28744,2.53671,-0.0626955,-2.57838,-1.51165,0.246947,-1.75951,0.178906
8.28862,2.53672,-0.0626955,-2.57838,-1.51165,0.246947,-1.75951,0.178906
8.2898,2.53672,-0.0626956,-2.57838,-1.51165,0.246947,-1.75951,0.178906
8.29109,2.53672,-0.0626956,-2.57838,-1.51165,0.246947,-1.75951,0.178906
8.29181,2.53673,-0.0626956,-2.57838,-1.51165,0.246947,-1.75951,0.178906
8.29303,2.53673,-0.0626956,-2.57838,-1.51165,0.246947,-1.75951,0.178906
8.29352,2.53673,-0.0626957,-2.57838,-1.51165,0.246947,-1.75951,0.178906
8.29469,2.53674,-0.0626957,-2.57838,-1.51165,0.246947,-1.75951,0.178906
8.29542,2.53674,-0.0626957,-2.57838,-1.51165,0.246947,-1.75951,0.178906
8.29647,2.53674,-0.0626958,-2.57838,-1.51165,0.246947,-1.75951,0.178906
8.29763,2.53674,-0.0626958,-2.57838,-1.51165,0.246947,-1.75951,0.178906
8.29882,2.53674,-0.0626958,-2.57838,-1.51165,0.246947,-1.75951,0.178906
8.29946,2.53675,-0.0626958,-2.57838,-1.51165,0.246947,-1.75951,0.178906
8.3006,2.53675,-0.0626959,-2.57838,-1.51165,0.246947,-1.75951,0.178906
8.3025,2.53675,-0.0626959,-2.57838,-1.51165,0.246947,-1.75951,0.178906
8.30293,2.53675,-0.0626959,-2.57838,-1.51165,0.246947,-1.75951,0.178906
8.30358,2.53675,-0.062696,-2.57838,-1.51165,0.246947,-1.75951,0.178906
8.30472,2.53675,-0.062696,-2.57838,-1.51165,0.246947,-1.75951,0.178906
8.30556,2.53675,-0.062696,-2.57838,-1.51165,0.246947,-1.75951,0.178906
8.30658,2.53675,-0.0626961,-2.57838,-1.51165,0.246947,-1.75951,0.178906
8.30769,2.53675,-0.0626961,-2.57838,-1.51165,0.246947,-1.75951,0.178906
8.30882,2.53675,-0.0626961,-2.57838,-1.51165,0.246947,-1.75951,0.178906
8.30948,2.53675,-0.0626961,-2.57838,-1.51165,0.246947,-1.75951,0.178906
8.31064,2.53675,-0.0626962,-2.57838,-1.51165,0.246947,-1.75951,0.178906
8.31261,2.53675,-0.0626962,-2.57838,-1.51165,0.246947,-1.75951,0.178906
8.3136,2.53675,-0.0626963,-2.57838,-1.51165,0.246947,-1.75951,0.178906
8.31475,2.53675,-0.0626963,-2.57838,-1.51165,0.246947,-1.75951,0.178906
8.31557,2.53675,-0.0626963,-2.57838,-1.51165,0.246947,-1.75951,0.178906
8.31675,2.53675,-0.0626964,-2.57838,-1.51165,0.246947,-1.75951,0.178906
8.3179,2.53675,-0.0626964,-2.57838,-1.51165,0.246947,-1.75951,0.178906
8.31856,2.53675,-0.0626964,-2.57838,-1.51165,0.246947,-1.75951,0.178906
8.31974,2.53675,-0.0626964,-2.57838,-1.51165,0.246947,-1.75951,0.178906
8.32115,2.53675,-0.0626965,-2.57838,-1.51165,0.246947,-1.75951,0.178906
8.32177,2.53675,-0.0626965,-2.57838,-1.51165,0.246947,-1.75951,0.178906
8.32298,2.53675,-0.0626965,-2.57838,-1.51165,0.246947,-1.75951,0.178906
8.32417,2.53675,-0.0626966,-2.57838,-1.51165,0.246947,-1.75951,0.178906
8.32478,2.53675,-0.0626966,-2.57838,-1.51165,0.246947,-1.75951,0.178906
8.32599,2.53675,-0.0626966,-2.57838,-1.51165,0.246947,-1.75951,0.178906
8.32661,2.53675,-0.0626967,-2.57838,-1.51165,0.246947,-1.75951,0.178906
8.32782,2.53675,-0.0626967,-2.57838,-1.51165,0.246947,-1.75951,0.178906
8.329,2.53675,-0.0626967,-2.57838,-1.51165,0.246947,-1.75951,0.178906
8.32966,2.53675,-0.0626967,-2.57838,-1.51165,0.246947,-1.75951,0.178906
8.3309,2.53675,-0.0626968,-2.57838,-1.51165,0.246947,-1.75951,0.178906
8.33209,2.53675,-0.0626968,-2.57838,-1.51165,0.246947,-1.75951,0.178906
8.33274,2.53675,-0.0626968,-2.57838,-1.51165,0.246947,-1.75951,0.178906
8.33453,2.53675,-0.0626969,-2.57838,-1.51165,0.246947,-1.75951,0.178906
8.33583,2.53675,-0.0626969,-2.57838,-1.51165,0.246947,-1.75951,0.178906
8.33591,2.53675,-0.0626969,-2.57838,-1.51165,0.246947,-1.75951,0.178906
8.33708,2.53675,-0.062697,-2.57838,-1.51165,0.246947,-1.75951,0.178906
8.33825,2.53675,-0.062697,-2.57838,-1.51165,0.246947,-1.75951,0.178906
8.33887,2.53675,-0.062697,-2.57838,-1.51165,0.246947,-1.75951,0.178906
8.34009,2.53675,-0.0626971,-2.57838,-1.51165,0.246947,-1.75951,0.178906
8.34125,2.53675,-0.0626971,-2.57838,-1.51165,0.246947,-1.75951,0.178906
8.34249,2.53675,-0.0626971,-2.57838,-1.51165,0.246947,-1.75951,0.178906
8.34306,2.53675,-0.0626971,-2.57838,-1.51165,0.246947,-1.75951,0.178906
8.34424,2.53675,-0.0626972,-2.57838,-1.51165,0.246947,-1.75951,0.178906
8.34498,2.53675,-0.0626972,-2.57838,-1.51165,0.246947,-1.75951,0.178906
8.34604,2.53675,-0.0626972,-2.57838,-1.51165,0.246947,-1.75951,0.178906
8.34746,2.53675,-0.0626973,-2.57838,-1.51165,0.246947,-1.75951,0.178906
8.34789,2.53675,-0.0626973,-2.57838,-1.51165,0.246947,-1.75951,0.178906
8.34904,2.53675,-0.0626973,-2.57838,-1.51165,0.246947,-1.75951,0.178906
8.35022,2.53675,-0.0626974,-2.57838,-1.51165,0.246947,-1.75951,0.178906
8.35084,2.53675,-0.0626974,-2.57838,-1.51165,0.246947,-1.75951,0.178906
8.35199,2.53675,-0.0626974,-2.57838,-1.51165,0.246947,-1.75951,0.178906
8.35317,2.53675,-0.0626974,-2.57838,-1.51165,0.246947,-1.75951,0.178906
8.35436,2.53675,-0.0626975,-2.57838,-1.51165,0.246947,-1.75951,0.178906
8.35555,2.53675,-0.0626975,-2.57838,-1.51165,0.246947,-1.75951,0.178906
8.35618,2.53675,-0.0626975,-2.57838,-1.51165,0.246947,-1.75951,0.178906
8.35741,2.53675,-0.0626976,-2.57838,-1.51165,0.246947,-1.75951,0.178906
8.35853,2.53675,-0.0626976,-2.57838,-1.51165,0.246947,-1.75951,0.178906
8.35977,2.53675,-0.0626976,-2.57838,-1.51165,0.246947,-1.75951,0.178906
8.36097,2.53675,-0.0626977,-2.57838,-1.51165,0.246947,-1.75951,0.178906
8.36206,2.53675,-0.0626977,-2.57838,-1.51165,0.246947,-1.75951,0.178906
8.36379,2.53675,-0.0626977,-2.57838,-1.51165,0.246947,-1.7595,0.178906
8.36505,2.53675,-0.0626978,-2.57838,-1.51165,0.246947,-1.7595,0.178906
8.36569,2.53675,-0.0626978,-2.57838,-1.51165,0.246947,-1.7595,0.178906
8.36684,2.53675,-0.0626978,-2.57838,-1.51165,0.246947,-1.7595,0.178906
8.36802,2.53675,-0.0626979,-2.57838,-1.51165,0.246947,-1.7595,0.178906
8.36877,2.53675,-0.0626979,-2.57838,-1.51165,0.246947,-1.7595,0.178906
8.3698,2.53675,-0.0626979,-2.57838,-1.51165,0.246947,-1.7595,0.178906
8.37097,2.53675,-0.062698,-2.57838,-1.51165,0.246947,-1.7595,0.178906
8.3722,2.53675,-0.062698,-2.57838,-1.51165,0.246947,-1.7595,0.178906
8.3728,2.53675,-0.062698,-2.57838,-1.51165,0.246947,-1.7595,0.178906
8.37398,2.53675,-0.0626981,-2.57838,-1.51165,0.246947,-1.7595,0.178906
8.37516,2.53675,-0.0626981,-2.57838,-1.51165,0.246947,-1.7595,0.178906
8.3758,2.53675,-0.0626981,-2.57838,-1.51165,0.246947,-1.7595,0.178906
8.37695,2.53675,-0.0626981,-2.57838,-1.51165,0.246947,-1.7595,0.178906
8.37816,2.53675,-0.0626982,-2.57838,-1.51165,0.246947,-1.7595,0.178906
8.37879,2.53675,-0.0626982,-2.57838,-1.51165,0.246947,-1.7595,0.178906
8.38054,2.53675,-0.0626982,-2.57838,-1.51165,0.246947,-1.7595,0.178906
8.38117,2.53675,-0.0626983,-2.57838,-1.51165,0.246947,-1.7595,0.178906
8.38175,2.53675,-0.0626983,-2.57838,-1.51165,0.246947,-1.7595,0.178906
8.38292,2.53675,-0.0626983,-2.57838,-1.51165,0.246947,-1.7595,0.178906
8.3842,2.53675,-0.0626984,-2.57838,-1.51165,0.246947,-1.7595,0.178906
8.38546,2.53675,-0.0626984,-2.57838,-1.51165,0.246947,-1.7595,0.178906
8.3859,2.53675,-0.0626984,-2.57838,-1.51165,0.246947,-1.7595,0.178906
8.38708,2.53675,-0.0626984,-2.57838,-1.51165,0.246947,-1.7595,0.178906
8.38834,2.53675,-0.0626985,-2.57838,-1.51165,0.246947,-1.7595,0.178906
8.38888,2.53675,-0.0626985,-2.57838,-1.51165,0.246947,-1.7595,0.178906
8.39006,2.53675,-0.0626985,-2.57838,-1.51165,0.246947,-1.7595,0.178906
8.39137,2.53675,-0.0626986,-2.57838,-1.51165,0.246947,-1.7595,0.178906
8.39188,2.53675,-0.0626986,-2.57838,-1.51165,0.246947,-1.7595,0.178906
8.39319,2.53675,-0.0626986,-2.57838,-1.51165,0.246947,-1.7595,0.178906
8.39375,2.53675,-0.0626987,-2.57838,-1.51165,0.246947,-1.7595,0.178906
8.3949,2.53675,-0.0626987,-2.57838,-1.51165,0.246947,-1.7595,0.178906
8.39609,2.53675,-0.0626987,-2.57838,-1.51165,0.246947,-1.7595,0.178906
8.3974,2.53675,-0.0626987,-2.57838,-1.51165,0.246947,-1.7595,0.178906
8.39803,2.53675,-0.0626988,-2.57838,-1.51165,0.246947,-1.7595,0.178906
8.39925,2.53675,-0.0626988,-2.57838,-1.51165,0.246947,-1.7595,0.178906
8.39985,2.53675,-0.0626988,-2.57838,-1.51165,0.246947,-1.7595,0.178906
8.40114,2.53675,-0.0626989,-2.57838,-1.51165,0.246947,-1.7595,0.178906
8.40285,2.53675,-0.0626989,-2.57838,-1.51165,0.246947,-1.7595,0.178906
8.40349,2.53675,-0.0626989,-2.57838,-1.51165,0.246947,-1.7595,0.178906
8.40414,2.53675,-0.062699,-2.57838,-1.51165,0.246947,-1.7595,0.178906
8.40532,2.53675,-0.062699,-2.57838,-1.51165,0.246947,-1.7595,0.178906
8.4065,2.53675,-0.062699,-2.57838,-1.51165,0.246947,-1.7595,0.178906
8.40783,2.53675,-0.0626991,-2.57838,-1.51165,0.246947,-1.7595,0.178906
8.40846,2.53675,-0.0626991,-2.57838,-1.51165,0.246947,-1.7595,0.178906
8.4097,2.53675,-0.0626991,-2.57838,-1.51165,0.246947,-1.7595,0.178906
8.4113,2.53675,-0.0626991,-2.57838,-1.51165,0.246947,-1.7595,0.178906
8.41318,2.53675,-0.0626992,-2.57838,-1.51165,0.246947,-1.7595,0.178906
8.41442,2.53675,-0.0626993,-2.57838,-1.51165,0.246947,-1.7595,0.178906
8.41611,2.53675,-0.0626993,-2.57838,-1.51165,0.246947,-1.7595,0.178906
8.4167,2.53675,-0.0626993,-2.57838,-1.51165,0.246947,-1.7595,0.178906
8.41788,2.53675,-0.0626994,-2.57838,-1.51165,0.246947,-1.7595,0.178906
8.41922,2.53675,-0.0626994,-2.57838,-1.51165,0.246947,-1.7595,0.178906
8.4198,2.53675,-0.0626994,-2.57838,-1.51165,0.246947,-1.7595,0.178906
8.42094,2.53675,-0.0626994,-2.57838,-1.51165,0.246947,-1.7595,0.178906
8.42166,2.53675,-0.0626995,-2.57838,-1.51165,0.246947,-1.7595,0.178906
8.42276,2.53675,-0.0626995,-2.57838,-1.51165,0.246947,-1.7595,0.178906
8.42394,2.53675,-0.0626995,-2.57838,-1.51165,0.246947,-1.7595,0.178906
8.42511,2.53675,-0.0626996,-2.57838,-1.51165,0.246947,-1.7595,0.178906
8.42573,2.53675,-0.0626996,-2.57838,-1.51165,0.246947,-1.7595,0.178906
8.4269,2.53675,-0.0626996,-2.57838,-1.51165,0.246947,-1.7595,0.178906
8.42806,2.53675,-0.0626997,-2.57838,-1.51165,0.246947,-1.7595,0.178906
8.42871,2.53675,-0.0626997,-2.57838,-1.51165,0.246947,-1.7595,0.178906
8.42985,2.53675,-0.0626997,-2.57838,-1.51165,0.246947,-1.7595,0.178906
8.43102,2.53675,-0.0626997,-2.57838,-1.51165,0.246947,-1.7595,0.178906
8.43167,2.53675,-0.0626998,-2.57838,-1.51165,0.246947,-1.7595,0.178906
8.43283,2.53675,-0.0626998,-2.57838,-1.51165,0.246947,-1.7595,0.178906
8.43398,2.53675,-0.0626998,-2.57838,-1.51165,0.246947,-1.7595,0.178906
8.43517,2.53675,-0.0626999,-2.57838,-1.51165,0.246947,-1.7595,0.178906
8.43578,2.53675,-0.0626999,-2.57838,-1.51165,0.246947,-1.7595,0.178906
8.43696,2.53675,-0.0626999,-2.57838,-1.51165,0.246947,-1.7595,0.178906
8.43874,2.53675,-0.0627,-2.57838,-1.51165,0.246947,-1.7595,0.178906
8.43879,2.53675,-0.0627,-2.57838,-1.51165,0.246947,-1.7595,0.178906
8.44054,2.53675,-0.0627,-2.57838,-1.51165,0.246947,-1.7595,0.178906
8.44115,2.53675,-0.0627,-2.57838,-1.51165,0.246947,-1.7595,0.178906
8.44181,2.53675,-0.0627001,-2.57838,-1.51165,0.246947,-1.7595,0.178906
8.44295,2.53675,-0.0627001,-2.57838,-1.51165,0.246947,-1.7595,0.178906
8.44407,2.53675,-0.0627001,-2.57838,-1.51165,0.246947,-1.7595,0.178906
8.44469,2.53675,-0.0627002,-2.57838,-1.51165,0.246947,-1.7595,0.178906
8.44591,2.53675,-0.0627002,-2.57838,-1.51165,0.246947,-1.7595,0.178906
8.4471,2.53675,-0.0627002,-2.57838,-1.51165,0.246947,-1.7595,0.178906
8.44776,2.53675,-0.0627003,-2.57838,-1.51165,0.246947,-1.7595,0.178906
8.44892,2.53675,-0.0627003,-2.57838,-1.51165,0.246946,-1.7595,0.178906
8.4501,2.53675,-0.0627003,-2.57838,-1.51165,0.246946,-1.7595,0.178906
8.4509,2.53675,-0.0627004,-2.57838,-1.51165,0.246946,-1.7595,0.178906
8.45187,2.53675,-0.0627004,-2.57838,-1.51165,0.246946,-1.7595,0.178906
8.45304,2.53675,-0.0627004,-2.57838,-1.51165,0.246946,-1.7595,0.178906
8.45424,2.53675,-0.0627004,-2.57838,-1.51165,0.246946,-1.7595,0.178906
8.45486,2.53675,-0.0627005,-2.57838,-1.51165,0.246946,-1.7595,0.178906
8.456,2.53675,-0.0627005,-2.57838,-1.51165,0.246946,-1.7595,0.178906
8.45723,2.53675,-0.0627005,-2.57838,-1.51165,0.246946,-1.7595,0.178906
8.45906,2.53675,-0.0627006,-2.57838,-1.51165,0.246946,-1.7595,0.178906
8.4597,2.53675,-0.0627006,-2.57838,-1.51165,0.246946,-1.7595,0.178906
8.46086,2.53675,-0.0627006,-2.57838,-1.51165,0.246946,-1.7595,0.178906
8.46232,2.53675,-0.0627007,-2.57838,-1.51165,0.246946,-1.7595,0.178906
8.46346,2.53675,-0.0627007,-2.57838,-1.51165,0.246946,-1.7595,0.178906
8.46463,2.53675,-0.0627007,-2.57838,-1.51165,0.246946,-1.7595,0.178906
8.46577,2.53675,-0.0627007,-2.57838,-1.51165,0.246946,-1.7595,0.178906
8.4681,2.53675,-0.0627008,-2.57838,-1.51165,0.246946,-1.7595,0.178906
8.46887,2.53675,-0.0627008,-2.57838,-1.51165,0.246946,-1.7595,0.178906
8.47019,2.53675,-0.0627009,-2.57838,-1.51165,0.246946,-1.7595,0.178906
8.47077,2.53675,-0.0627009,-2.57838,-1.51165,0.246946,-1.7595,0.178906
8.4719,2.53675,-0.0627009,-2.57838,-1.51165,0.246946,-1.7595,0.178906
8.47306,2.53675,-0.062701,-2.57838,-1.51165,0.246946,-1.7595,0.178906
8.47422,2.53675,-0.062701,-2.57838,-1.51165,0.246946,-1.7595,0.178906
8.47494,2.53675,-0.062701,-2.57838,-1.51165,0.246946,-1.7595,0.178906
8.4766,2.53675,-0.062701,-2.57838,-1.51165,0.246946,-1.7595,0.178906
8.47723,2.53675,-0.0627011,-2.57838,-1.51165,0.246946,-1.7595,0.178906
8.47784,2.53675,-0.0627011,-2.57838,-1.51166,0.246946,-1.7595,0.178906
8.47971,2.53675,-0.0627011,-2.57838,-1.51166,0.246946,-1.7595,0.178906
8.47977,2.53675,-0.0627012,-2.57838,-1.51166,0.246946,-1.7595,0.178906
8.48093,2.53675,-0.0627012,-2.57838,-1.51166,0.246946,-1.7595,0.178906
8.48212,2.53675,-0.0627012,-2.57838,-1.51166,0.246946,-1.7595,0.178906
8.48273,2.53675,-0.0627013,-2.57838,-1.51166,0.246946,-1.7595,0.178906
8.48395,2.53675,-0.0627013,-2.57838,-1.51166,0.246946,-1.7595,0.178906
8.4851,2.53675,-0.0627013,-2.57838,-1.51166,0.246946,-1.7595,0.178906
8.48576,2.53675,-0.0627014,-2.57838,-1.51166,0.246946,-1.7595,0.178906
8.4869,2.53675,-0.0627014,-2.57838,-1.51166,0.246946,-1.7595,0.178906
8.48809,2.53675,-0.0627014,-2.57838,-1.51166,0.246946,-1.7595,0.178906
8.48869,2.53675,-0.0627014,-2.57838,-1.51166,0.246946,-1.7595,0.178906
8.48988,2.53675,-0.0627015,-2.57838,-1.51166,0.246946,-1.7595,0.178906
8.49106,2.53675,-0.0627015,-2.57838,-1.51166,0.246946,-1.7595,0.178906
8.49221,2.53675,-0.0627015,-2.57838,-1.51166,0.246946,-1.7595,0.178906
8.49286,2.53675,-0.0627016,-2.57838,-1.51166,0.246946,-1.7595,0.178906
8.49401,2.53675,-0.0627016,-2.57838,-1.51166,0.246946,-1.7595,0.178906
8.49517,2.53675,-0.0627016,-2.57838,-1.51166,0.246946,-1.7595,0.178906
8.49584,2.53675,-0.0627017,-2.57838,-1.51166,0.246946,-1.7595,0.178906
8.49696,2.53675,-0.0627017,-2.57838,-1.51166,0.246946,-1.7595,0.178906
8.4982,2.53675,-0.0627017,-2.57838,-1.51166,0.246946,-1.7595,0.178906
8.4988,2.53675,-0.0627017,-2.57838,-1.51166,0.246946,-1.7595,0.178906
8.49999,2.53675,-0.0627018,-2.57838,-1.51166,0.246946,-1.7595,0.178906
8.50118,2.53675,-0.0627018,-2.57838,-1.51166,0.246946,-1.7595,0.178906
8.5018,2.53675,-0.0627018,-2.57838,-1.51166,0.246946,-1.7595,0.178906
8.50295,2.53675,-0.0627019,-2.57838,-1.51166,0.246946,-1.7595,0.178906
8.50407,2.53675,-0.0627019,-2.57838,-1.51166,0.246946,-1.7595,0.178906
8.50527,2.53675,-0.0627019,-2.57838,-1.51166,0.246946,-1.7595,0.178906
8.5059,2.53675,-0.062702,-2.57838,-1.51166,0.246946,-1.7595,0.178906
8.50705,2.53675,-0.062702,-2.57838,-1.51166,0.246946,-1.7595,0.178906
8.50822,2.53675,-0.062702,-2.57838,-1.51166,0.246946,-1.7595,0.178906
8.50885,2.53675,-0.062702,-2.57838,-1.51166,0.246946,-1.7595,0.178906
8.51002,2.53675,-0.0627021,-2.57838,-1.51166,0.246946,-1.7595,0.178906
8.51119,2.53675,-0.0627021,-2.57838,-1.51166,0.246946,-1.7595,0.178906
8.51248,2.53675,-0.0627021,-2.57838,-1.51166,0.246946,-1.7595,0.178906
8.51321,2.53675,-0.0627022,-2.57838,-1.51166,0.246946,-1.7595,0.178906
8.51429,2.53675,-0.0627022,-2.57838,-1.51166,0.246946,-1.7595,0.178906
8.51551,2.53675,-0.0627022,-2.57838,-1.51166,0.246946,-1.7595,0.178906
8.51615,2.53675,-0.0627023,-2.57838,-1.51166,0.246946,-1.7595,0.178906
8.51732,2.53675,-0.0627023,-2.57838,-1.51166,0.246946,-1.7595,0.178906
8.51852,2.53675,-0.0627023,-2.57838,-1.51166,0.246946,-1.7595,0.178906
8.51913,2.53675,-0.0627024,-2.57838,-1.51166,0.246946,-1.7595,0.178906
8.52032,2.53675,-0.0627024,-2.57838,-1.51166,0.246946,-1.7595,0.178906
8.52149,2.53675,-0.0627024,-2.57838,-1.51166,0.246946,-1.7595,0.178906
8.52212,2.53675,-0.0627024,-2.57838,-1.51166,0.246946,-1.7595,0.178906
8.52329,2.53675,-0.0627025,-2.57838,-1.51166,0.246946,-1.7595,0.178906
8.5245,2.53675,-0.0627025,-2.57838,-1.51166,0.246946,-1.7595,0.178906
8.52518,2.53675,-0.0627025,-2.57838,-1.51166,0.246946,-1.7595,0.178906
8.52632,2.53675,-0.0627026,-2.57838,-1.51166,0.246946,-1.7595,0.178906
8.52747,2.53675,-0.0627026,-2.57838,-1.51166,0.246946,-1.7595,0.178906
8.52817,2.53675,-0.0627026,-2.57838,-1.51166,0.246946,-1.7595,0.178906
8.5293,2.53675,-0.0627027,-2.57838,-1.51166,0.246946,-1.7595,0.178906
8.5311,2.53675,-0.0627027,-2.57838,-1.51166,0.246946,-1.7595,0.178906
8.53164,2.53675,-0.0627027,-2.57838,-1.51166,0.246946,-1.7595,0.178906
8.53238,2.53675,-0.0627027,-2.57838,-1.51166,0.246946,-1.7595,0.178906
8.53424,2.53675,-0.0627028,-2.57838,-1.51166,0.246946,-1.7595,0.178906
8.53534,2.53675,-0.0627028,-2.57838,-1.51166,0.246946,-1.7595,0.178906
8.53652,2.53675,-0.0627029,-2.57838,-1.51166,0.246946,-1.7595,0.178906
8.53744,2.53675,-0.0627029,-2.57838,-1.51166,0.246946,-1.7595,0.178906
8.53873,2.53675,-0.0627029,-2.57838,-1.51166,0.246946,-1.7595,0.178906
8.53966,2.53675,-0.062703,-2.57838,-1.51166,0.246946,-1.7595,0.178906
8.54125,2.53675,-0.062703,-2.57838,-1.51166,0.246946,-1.7595,0.178906
8.54239,2.53675,-0.062703,-2.57838,-1.51166,0.246946,-1.7595,0.178906
8.54363,2.53675,-0.0627031,-2.57838,-1.51166,0.246946,-1.7595,0.178906
8.54539,2.53675,-0.0627031,-2.57838,-1.51166,0.246946,-1.7595,0.178906
8.54679,2.53675,-0.0627032,-2.57838,-1.51166,0.246946,-1.7595,0.178906
8.5473,2.53675,-0.0627032,-2.57838,-1.51166,0.246946,-1.7595,0.178906
8.54866,2.53675,-0.0627032,-2.57838,-1.51166,0.246946,-1.7595,0.178906
8.5496,2.53675,-0.0627033,-2.57838,-1.51166,0.246946,-1.7595,0.178906
8.55149,2.53675,-0.0627033,-2.57838,-1.51166,0.246946,-1.7595,0.178906
8.55257,2.53675,-0.0627034,-2.57838,-1.51166,0.246946,-1.7595,0.178906
8.55371,2.53675,-0.0627034,-2.57838,-1.51166,0.246946,-1.7595,0.178906
8.55489,2.53675,-0.0627034,-2.57838,-1.51166,0.246946,-1.7595,0.178906
8.55557,2.53675,-0.0627034,-2.57838,-1.51166,0.246946,-1.7595,0.178906
8.55672,2.53675,-0.0627035,-2.57838,-1.51166,0.246946,-1.7595,0.178906
8.55791,2.53675,-0.0627035,-2.57838,-1.51166,0.246946,-1.7595,0.178906
8.55969,2.53675,-0.0627035,-2.57838,-1.51166,0.246946,-1.7595,0.178906
8.56086,2.53675,-0.0627036,-2.57838,-1.51166,0.246946,-1.7595,0.178906
8.56218,2.53675,-0.0627036,-2.57838,-1.51166,0.246946,-1.7595,0.178906
8.56285,2.53675,-0.0627037,-2.57838,-1.51166,0.246946,-1.7595,0.178906
8.56404,2.53675,-0.0627037,-2.57838,-1.51166,0.246946,-1.7595,0.178906
8.56476,2.53675,-0.0627037,-2.57838,-1.51166,0.246946,-1.7595,0.178906
8.56602,2.53675,-0.0627037,-2.57838,-1.51166,0.246946,-1.7595,0.178906
8.56844,2.53675,-0.0627038,-2.57838,-1.51166,0.246946,-1.7595,0.178906
8.5698,2.53675,-0.0627038,-2.57838,-1.51166,0.246946,-1.7595,0.178906
8.56988,2.53675,-0.0627039,-2.57838,-1.51166,0.246946,-1.7595,0.178906
8.57106,2.53675,-0.0627039,-2.57838,-1.51166,0.246946,-1.7595,0.178906
8.5719,2.53675,-0.0627039,-2.57838,-1.51166,0.246946,-1.7595,0.178906
8.57284,2.53675,-0.062704,-2.57838,-1.51166,0.246946,-1.7595,0.178906
8.57403,2.53675,-0.062704,-2.57838,-1.51166,0.246946,-1.7595,0.178906
8.57467,2.53675,-0.062704,-2.57838,-1.51166,0.246946,-1.7595,0.178906
8.57582,2.53675,-0.062704,-2.57838,-1.51166,0.246946,-1.7595,0.178906
8.57703,2.53675,-0.0627041,-2.57838,-1.51166,0.246946,-1.7595,0.178906
8.5782,2.53675,-0.0627041,-2.57838,-1.51166,0.246946,-1.7595,0.178906
8.57884,2.53675,-0.0627041,-2.57838,-1.51166,0.246946,-1.7595,0.178906
8.58007,2.53675,-0.0627042,-2.57838,-1.51166,0.246946,-1.7595,0.178906
8.58071,2.53675,-0.0627042,-2.57838,-1.51166,0.246946,-1.7595,0.178906
8.58187,2.53675,-0.0627042,-2.57838,-1.51166,0.246946,-1.7595,0.178906
8.58304,2.53675,-0.0627043,-2.57838,-1.51166,0.246946,-1.7595,0.178906
8.58418,2.53675,-0.0627043,-2.57838,-1.51166,0.246946,-1.7595,0.178906
8.58477,2.53675,-0.0627043,-2.57838,-1.51166,0.246946,-1.7595,0.178906
8.58595,2.53675,-0.0627043,-2.57838,-1.51166,0.246946,-1.7595,0.178906
8.58716,2.53675,-0.0627044,-2.57838,-1.51166,0.246946,-1.7595,0.178906
8.58784,2.53675,-0.0627044,-2.57838,-1.51166,0.246946,-1.75949,0.178906
8.58924,2.53675,-0.0627044,-2.57838,-1.51166,0.246946,-1.75949,0.178906
8.5898,2.53675,-0.0627045,-2.57838,-1.51166,0.246946,-1.75949,0.178906
8.59158,2.53675,-0.0627045,-2.57838,-1.51166,0.246946,-1.75949,0.178906
8.59212,2.53675,-0.0627045,-2.57838,-1.51166,0.246946,-1.75949,0.178906
8.59274,2.53675,-0.0627046,-2.57838,-1.51166,0.246946,-1.75949,0.178906
8.59458,2.53675,-0.0627046,-2.57838,-1.51166,0.246946,-1.75949,0.178906
8.59629,2.53675,-0.0627047,-2.57838,-1.51166,0.246946,-1.75949,0.178906
8.59793,2.53675,-0.0627047,-2.57838,-1.51166,0.246946,-1.75949,0.178906
8.59904,2.53675,-0.0627047,-2.57838,-1.51166,0.246946,-1.75949,0.178906
8.59972,2.53675,-0.0627048,-2.57838,-1.51166,0.246946,-1.75949,0.178906
8.60084,2.53675,-0.0627048,-2.57838,-1.51166,0.246946,-1.75949,0.178906
8.60202,2.53675,-0.0627048,-2.57838,-1.51166,0.246946,-1.75949,0.178906
8.60265,2.53675,-0.0627049,-2.57838,-1.51166,0.246946,-1.75949,0.178906
8.60379,2.53675,-0.0627049,-2.57838,-1.51166,0.246946,-1.75949,0.178906
8.60578,2.53675,-0.0627049,-2.57838,-1.51166,0.246946,-1.75949,0.178906
8.60622,2.53675,-0.062705,-2.57838,-1.51166,0.246946,-1.75949,0.178906
8.60686,2.53675,-0.062705,-2.57838,-1.51166,0.246946,-1.75949,0.178906
8.60804,2.53675,-0.062705,-2.57838,-1.51166,0.246946,-1.75949,0.178906
8.60921,2.53675,-0.062705,-2.57838,-1.51166,0.246946,-1.75949,0.178906
8.60983,2.53675,-0.0627051,-2.57838,-1.51166,0.246946,-1.75949,0.178906
8.61111,2.53675,-0.0627051,-2.57838,-1.51166,0.246946,-1.75949,0.178906
8.61226,2.53675,-0.0627051,-2.57838,-1.51166,0.246946,-1.75949,0.178906
8.61342,2.53675,-0.0627052,-2.57838,-1.51166,0.246946,-1.75949,0.178906
8.61403,2.53675,-0.0627052,-2.57838,-1.51166,0.246946,-1.75949,0.178906
8.61524,2.53675,-0.0627052,-2.57838,-1.51166,0.246946,-1.75949,0.178906
8.61584,2.53675,-0.0627053,-2.57838,-1.51166,0.246946,-1.75949,0.178906
8.61702,2.53675,-0.0627053,-2.57838,-1.51166,0.246946,-1.75949,0.178906
8.61824,2.53675,-0.0627053,-2.57838,-1.51166,0.246946,-1.75949,0.178906
8.62,2.53675,-0.0627053,-2.57838,-1.51166,0.246946,-1.75949,0.178906
8.62122,2.53675,-0.0627054,-2.57838,-1.51166,0.246946,-1.75949,0.178906
8.62239,2.53675,-0.0627054,-2.57838,-1.51166,0.246946,-1.75949,0.178906
8.62299,2.53675,-0.0627055,-2.57838,-1.51166,0.246946,-1.75949,0.178906
8.62471,2.53675,-0.0627055,-2.57838,-1.51166,0.246946,-1.75949,0.178906
8.62538,2.53675,-0.0627055,-2.57838,-1.51166,0.246946,-1.75949,0.178906
8.62597,2.53675,-0.0627056,-2.57838,-1.51166,0.246946,-1.75949,0.178906
8.62772,2.53675,-0.0627056,-2.57838,-1.51166,0.246946,-1.75949,0.178906
8.62836,2.53675,-0.0627056,-2.57838,-1.51166,0.246946,-1.75949,0.178906
8.62952,2.53675,-0.0627057,-2.57838,-1.51166,0.246946,-1.75949,0.178906
8.63069,2.53675,-0.0627057,-2.57838,-1.51166,0.246946,-1.75949,0.178906
8.63197,2.53675,-0.0627057,-2.57838,-1.51166,0.246946,-1.75949,0.178906
8.63208,2.53675,-0.0627057,-2.57838,-1.51166,0.246946,-1.75949,0.178906
8.63322,2.53675,-0.0627058,-2.57838,-1.51166,0.246946,-1.75949,0.178906
8.63441,2.53675,-0.0627058,-2.57838,-1.51166,0.246946,-1.75949,0.178906
8.63504,2.53675,-0.0627058,-2.57838,-1.51166,0.246946,-1.75949,0.178906
8.63622,2.53675,-0.0627059,-2.57838,-1.51166,0.246946,-1.75949,0.178906
8.63807,2.53675,-0.0627059,-2.57838,-1.51166,0.246946,-1.75949,0.178906
8.63813,2.53675,-0.0627059,-2.57838,-1.51166,0.246946,-1.75949,0.178906
8.63928,2.53675,-0.062706,-2.57838,-1.51166,0.246946,-1.75949,0.178906
8.64045,2.53675,-0.062706,-2.57838,-1.51166,0.246946,-1.75949,0.178906
8.64109,2.53675,-0.062706,-2.57838,-1.51166,0.246946,-1.75949,0.178906
8.6428,2.53675,-0.062706,-2.57838,-1.51166,0.246946,-1.75949,0.178906
8.64351,2.53675,-0.0627061,-2.57838,-1.51166,0.246946,-1.75949,0.178906
8.6448,2.53675,-0.0627061,-2.57838,-1.51166,0.246946,-1.75949,0.178906
8.64544,2.53675,-0.0627061,-2.57838,-1.51166,0.246946,-1.75949,0.178906
8.64661,2.53675,-0.0627062,-2.57838,-1.51166,0.246946,-1.75949,0.178906
8.64779,2.53675,-0.0627062,-2.57838,-1.51166,0.246946,-1.75949,0.178906
8.64841,2.53675,-0.0627062,-2.57838,-1.51166,0.246946,-1.75949,0.178906
8.64956,2.53675,-0.0627063,-2.57838,-1.51166,0.246946,-1.75949,0.178906
8.65073,2.53675,-0.0627063,-2.57838,-1.51166,0.246946,-1.75949,0.178906
8.65138,2.53675,-0.0627063,-2.57838,-1.51166,0.246946,-1.75949,0.178906
8.65254,2.53675,-0.0627063,-2.57838,-1.51166,0.246946,-1.75949,0.178906
8.65373,2.53675,-0.0627064,-2.57838,-1.51166,0.246946,-1.75949,0.178906
8.65438,2.53675,-0.0627064,-2.57838,-1.51166,0.246946,-1.75949,0.178906
8.6555,2.53675,-0.0627064,-2.57838,-1.51166,0.246946,-1.75949,0.178906
8.65672,2.53675,-0.0627065,-2.57838,-1.51166,0.246946,-1.75949,0.178906
8.65736,2.53675,-0.0627065,-2.57838,-1.51166,0.246946,-1.75949,0.178906
8.65863,2.53675,-0.0627065,-2.57838,-1.51166,0.246946,-1.75949,0.178906
8.65977,2.53675,-0.0627066,-2.57838,-1.51166,0.246946,-1.75949,0.178906
8.66147,2.53675,-0.0627066,-2.57838,-1.51166,0.246946,-1.75949,0.178906
8.66263,2.53675,-0.0627067,-2.57838,-1.51166,0.246946,-1.75949,0.178906
8.66448,2.53675,-0.0627067,-2.57838,-1.51166,0.246946,-1.75949,0.178906
8.66566,2.53675,-0.0627067,-2.57838,-1.51166,0.246946,-1.75949,0.178906
8.66633,2.53675,-0.0627068,-2.57838,-1.51166,0.246946,-1.75949,0.178906
8.66816,2.53675,-0.0627068,-2.57838,-1.51166,0.246946,-1.75949,0.178906
8.66881,2.53675,-0.0627068,-2.57838,-1.51166,0.246946,-1.75949,0.178906
8.67004,2.53675,-0.0627069,-2.57838,-1.51166,0.246946,-1.75949,0.178906
8.67135,2.53675,-0.0627069,-2.57838,-1.51166,0.246946,-1.75949,0.178906
8.6726,2.53675,-0.0627069,-2.57838,-1.51166,0.246946,-1.75949,0.178906
8.67316,2.53675,-0.062707,-2.57838,-1.51166,0.246946,-1.75949,0.178906
8.67439,2.53675,-0.062707,-2.57838,-1.51166,0.246946,-1.75949,0.178906
8.67496,2.53675,-0.062707,-2.57838,-1.51166,0.246946,-1.75949,0.178906
8.67611,2.53675,-0.062707,-2.57838,-1.51166,0.246946,-1.75949,0.178906
8.67728,2.53675,-0.0627071,-2.57838,-1.51166,0.246946,-1.75949,0.178906
8.67845,2.53675,-0.0627071,-2.57838,-1.51166,0.246946,-1.75949,0.178906
8.67908,2.53675,-0.0627071,-2.57838,-1.51166,0.246946,-1.75949,0.178906
8.68022,2.53675,-0.0627072,-2.57838,-1.51166,0.246946,-1.75949,0.178906
8.68139,2.53675,-0.0627072,-2.57838,-1.51166,0.246946,-1.75949,0.178906
8.68203,2.53675,-0.0627072,-2.57838,-1.51166,0.246946,-1.75949,0.178906
8.68373,2.53675,-0.0627073,-2.57838,-1.51166,0.246946,-1.75949,0.178906
8.68434,2.53675,-0.0627073,-2.57838,-1.51166,0.246946,-1.75949,0.178906
8.68498,2.53675,-0.0627073,-2.57838,-1.51166,0.246946,-1.75949,0.178906
8.68617,2.53675,-0.0627073,-2.57838,-1.51166,0.246946,-1.75949,0.178906
8.68733,2.53675,-0.0627074,-2.57838,-1.51166,0.246946,-1.75949,0.178906
8.68793,2.53675,-0.0627074,-2.57838,-1.51166,0.246946,-1.75949,0.178906
8.6892,2.53675,-0.0627074,-2.57838,-1.51166,0.246946,-1.75949,0.178906
8.69044,2.53675,-0.0627075,-2.57838,-1.51166,0.246946,-1.75949,0.178906
8.69092,2.53675,-0.0627075,-2.57838,-1.51166,0.246946,-1.75949,0.178906
8.69282,2.53675,-0.0627075,-2.57838,-1.51166,0.246946,-1.75949,0.178906
8.69294,2.53675,-0.0627076,-2.57838,-1.51166,0.246946,-1.75949,0.178906
8.69403,2.53675,-0.0627076,-2.57838,-1.51166,0.246946,-1.75949,0.178906
8.69521,2.53675,-0.0627076,-2.57838,-1.51166,0.246946,-1.75949,0.178906
8.69663,2.53675,-0.0627077,-2.57838,-1.51166,0.246946,-1.75949,0.178906
8.69718,2.53675,-0.0627077,-2.57838,-1.51166,0.246946,-1.75949,0.178906
8.69821,2.53675,-0.0627077,-2.57838,-1.51166,0.246946,-1.75949,0.178906
8.69938,2.53675,-0.0627077,-2.57838,-1.51166,0.246946,-1.75949,0.178906
8.70009,2.53675,-0.0627078,-2.57838,-1.51166,0.246946,-1.75949,0.178906
8.70121,2.53675,-0.0627078,-2.57838,-1.51166,0.246946,-1.75949,0.178906
8.70306,2.53675,-0.0627079,-2.57838,-1.51166,0.246946,-1.75949,0.178906
8.70418,2.53675,-0.0627079,-2.57838,-1.51166,0.246946,-1.75949,0.178906
8.70551,2.53675,-0.0627079,-2.57838,-1.51166,0.246946,-1.75949,0.178906
8.70608,2.53675,-0.062708,-2.57838,-1.51166,0.246946,-1.75949,0.178906
8.70728,2.53675,-0.062708,-2.57838,-1.51166,0.246946,-1.75949,0.178906
8.70853,2.53675,-0.062708,-2.57838,-1.51166,0.246946,-1.75949,0.178906
8.70919,2.53675,-0.062708,-2.57838,-1.51166,0.246946,-1.75949,0.178906
8.71036,2.53675,-0.0627081,-2.57838,-1.51166,0.246946,-1.75949,0.178906
8.71152,2.53675,-0.0627081,-2.57838,-1.51166,0.246946,-1.75949,0.178906
8.71222,2.53675,-0.0627081,-2.57838,-1.51166,0.246946,-1.75949,0.178906
8.71337,2.53675,-0.0627082,-2.57838,-1.51166,0.246946,-1.75949,0.178906
8.71452,2.53675,-0.0627082,-2.57838,-1.51166,0.246946,-1.75949,0.178906
8.71514,2.53675,-0.0627082,-2.57838,-1.51166,0.246946,-1.75949,0.178906
8.71636,2.53675,-0.0627083,-2.57838,-1.51166,0.246946,-1.75949,0.178906
8.71759,2.53675,-0.0627083,-2.57838,-1.51166,0.246946,-1.75949,0.178906
8.71878,2.53675,-0.0627083,-2.57838,-1.51166,0.246946,-1.75949,0.178906
8.71993,2.53675,-0.0627083,-2.57838,-1.51166,0.246946,-1.75949,0.178906
8.72168,2.53675,-0.0627084,-2.57838,-1.51166,0.246946,-1.75949,0.178906
8.72239,2.53675,-0.0627084,-2.57838,-1.51166,0.246946,-1.75949,0.178906
8.72357,2.53675,-0.0627084,-2.57838,-1.51166,0.246946,-1.75949,0.178906
8.7258,2.53675,-0.0627085,-2.57838,-1.51166,0.246946,-1.75949,0.178906
8.72696,2.53675,-0.0627085,-2.57838,-1.51166,0.246946,-1.75949,0.178906
8.72813,2.53675,-0.0627085,-2.57838,-1.51166,0.246946,-1.75949,0.178906
8.72935,2.53675,-0.0627086,-2.57838,-1.51166,0.246946,-1.75949,0.178906
8.73053,2.53675,-0.0627086,-2.57838,-1.51166,0.246946,-1.75949,0.178906
8.73279,2.53675,-0.0627086,-2.57838,-1.51166,0.246946,-1.75949,0.178906
8.73451,2.53675,-0.0627087,-2.57838,-1.51166,0.246946,-1.75949,0.178906
8.73568,2.53675,-0.0627087,-2.57838,-1.51166,0.246946,-1.75949,0.178906
8.73684,2.53675,-0.0627087,-2.57838,-1.51166,0.246946,-1.75949,0.178906
8.73865,2.53675,-0.0627087,-2.57838,-1.51166,0.246946,-1.75949,0.178906
8.73924,2.53675,-0.0627088,-2.57838,-1.51166,0.246946,-1.75949,0.178906
8.74045,2.53675,-0.0627088,-2.57838,-1.51166,0.246946,-1.75949,0.178906
8.74104,2.53675,-0.0627088,-2.57838,-1.51166,0.246946,-1.75949,0.178906
8.74222,2.53675,-0.0627089,-2.57838,-1.51166,0.246946,-1.75949,0.178906
8.74338,2.53675,-0.0627089,-2.57838,-1.51166,0.246946,-1.75949,0.178906
8.74402,2.53675,-0.0627089,-2.57838,-1.51166,0.246946,-1.75949,0.178906
8.7452,2.53675,-0.062709,-2.57838,-1.51166,0.246946,-1.75949,0.178906
8.74637,2.53675,-0.062709,-2.57838,-1.51166,0.246946,-1.75949,0.178906
8.74813,2.53675,-0.062709,-2.57838,-1.51166,0.246946,-1.75949,0.178906
8.74877,2.53675,-0.062709,-2.57838,-1.51166,0.246946,-1.75949,0.178906
8.74991,2.53675,-0.0627091,-2.57838,-1.51167,0.246946,-1.75949,0.178906
8.75164,2.53675,-0.0627091,-2.57838,-1.51167,0.246946,-1.75949,0.178906
8.75228,2.53675,-0.0627091,-2.57838,-1.51167,0.246946,-1.75949,0.178906
8.75348,2.53675,-0.0627092,-2.57838,-1.51167,0.246946,-1.75949,0.178906
8.75484,2.53675,-0.0627092,-2.57838,-1.51167,0.246946,-1.75949,0.178906
8.75611,2.53675,-0.0627092,-2.57838,-1.51167,0.246946,-1.75949,0.178906
8.75774,2.53675,-0.0627093,-2.57838,-1.51167,0.246946,-1.75949,0.178906
8.75893,2.53675,-0.0627093,-2.57838,-1.51167,0.246946,-1.75949,0.178906
8.7607,2.53675,-0.0627093,-2.57838,-1.51167,0.246946,-1.75949,0.178906
8.76194,2.53675,-0.0627093,-2.57838,-1.51167,0.246946,-1.75949,0.178906
8.76424,2.53675,-0.0627094,-2.57838,-1.51167,0.246946,-1.75949,0.178906
8.76537,2.53675,-0.0627094,-2.57838,-1.51167,0.246946,-1.75949,0.178906
8.76653,2.53675,-0.0627094,-2.57838,-1.51167,0.246946,-1.75949,0.178906
8.76767,2.53675,-0.0627095,-2.57838,-1.51167,0.246946,-1.75949,0.178906
8.76891,2.53675,-0.0627095,-2.57838,-1.51167,0.246946,-1.75949,0.178906
8.76958,2.53675,-0.0627095,-2.57838,-1.51167,0.246946,-1.75949,0.178906
8.77071,2.53675,-0.0627096,-2.57838,-1.51167,0.246946,-1.75949,0.178906
8.77187,2.53675,-0.0627096,-2.57838,-1.51167,0.246946,-1.75949,0.178906
8.77303,2.53675,-0.0627096,-2.57838,-1.51167,0.246946,-1.75949,0.178906
8.77367,2.53675,-0.0627096,-2.57838,-1.51167,0.246946,-1.75949,0.178906
8.77485,2.53675,-0.0627097,-2.57838,-1.51167,0.246946,-1.75949,0.178906
8.77601,2.53675,-0.0627097,-2.57838,-1.51167,0.246946,-1.75949,0.178906
8.77712,2.53675,-0.0627097,-2.57838,-1.51167,0.246946,-1.75949,0.178906
8.77774,2.53675,-0.0627098,-2.57838,-1.51167,0.246946,-1.75949,0.178906
8.77892,2.53675,-0.0627098,-2.57838,-1.51167,0.246946,-1.75949,0.178906
8.78007,2.53675,-0.0627098,-2.57838,-1.51167,0.246946,-1.75949,0.178906
8.78146,2.53675,-0.0627099,-2.57838,-1.51167,0.246946,-1.75949,0.178906
8.78187,2.53675,-0.0627099,-2.57838,-1.51167,0.246946,-1.75949,0.178906
8.78302,2.53675,-0.0627099,-2.57838,-1.51167,0.246946,-1.75949,0.178906
8.78424,2.53675,-0.06271,-2.57838,-1.51167,0.246946,-1.75949,0.178906
8.78548,2.53675,-0.06271,-2.57838,-1.51167,0.246946,-1.75949,0.178906
8.78603,2.53675,-0.06271,-2.57838,-1.51167,0.246946,-1.75949,0.178906
8.7872,2.53675,-0.06271,-2.57838,-1.51167,0.246946,-1.75949,0.178906
8.78833,2.53675,-0.0627101,-2.57838,-1.51167,0.246946,-1.75949,0.178906
8.78899,2.53675,-0.0627101,-2.57838,-1.51167,0.246946,-1.75949,0.178906
8.79017,2.53675,-0.0627101,-2.57838,-1.51167,0.246946,-1.75949,0.178906
8.79137,2.53675,-0.0627102,-2.57838,-1.51167,0.246946,-1.75949,0.178906
8.79261,2.53675,-0.0627102,-2.57838,-1.51167,0.246946,-1.75949,0.178906
8.79318,2.53675,-0.0627102,-2.57838,-1.51167,0.246946,-1.75949,0.178906
8.79504,2.53675,-0.0627103,-2.57838,-1.51167,0.246946,-1.75949,0.178906
8.79562,2.53675,-0.0627103,-2.57838,-1.51167,0.246946,-1.75949,0.178906
8.79682,2.53675,-0.0627103,-2.57838,-1.51167,0.246946,-1.75949,0.178906
8.79773,2.53675,-0.0627103,-2.57838,-1.51167,0.246946,-1.75949,0.178906
8.79876,2.53675,-0.0627104,-2.57838,-1.51167,0.246946,-1.75949,0.178906
8.79945,2.53675,-0.0627104,-2.57838,-1.51167,0.246946,-1.75949,0.178906
8.80045,2.53675,-0.0627104,-2.57838,-1.51167,0.246946,-1.75949,0.178906
8.80218,2.53675,-0.0627105,-2.57838,-1.51167,0.246946,-1.75949,0.178906
8.80335,2.53675,-0.0627105,-2.57838,-1.51167,0.246946,-1.75949,0.178906
8.80448,2.53675,-0.0627106,-2.57838,-1.51167,0.246946,-1.75949,0.178906
8.80566,2.53675,-0.0627106,-2.57838,-1.51167,0.246946,-1.75949,0.178906
8.80641,2.53675,-0.0627106,-2.57838,-1.51167,0.246946,-1.75949,0.178906
8.80745,2.53675,-0.0627106,-2.57838,-1.51167,0.246946,-1.75949,0.178906
8.80858,2.53675,-0.0627107,-2.57838,-1.51167,0.246946,-1.75949,0.178906
8.80975,2.53675,-0.0627107,-2.57838,-1.51167,0.246946,-1.75949,0.178906
8.81041,2.53675,-0.0627107,-2.57838,-1.51167,0.246946,-1.75949,0.178906
8.81151,2.53675,-0.0627108,-2.57838,-1.51167,0.246946,-1.75949,0.178906
8.81268,2.53675,-0.0627108,-2.57838,-1.51167,0.246946,-1.75949,0.178906
8.81336,2.53675,-0.0627108,-2.57838,-1.51167,0.246946,-1.75949,0.178906
8.81449,2.53675,-0.0627109,-2.57838,-1.51167,0.246946,-1.75949,0.178906
8.81565,2.53675,-0.0627109,-2.57838,-1.51167,0.246946,-1.75949,0.178906
8.81683,2.53675,-0.0627109,-2.57838,-1.51167,0.246946,-1.75949,0.178906
8.8175,2.53675,-0.062711,-2.57838,-1.51167,0.246946,-1.75949,0.178906
8.81864,2.53675,-0.062711,-2.57838,-1.51167,0.246946,-1.75949,0.178906
8.81976,2.53675,-0.062711,-2.57838,-1.51167,0.246946,-1.75949,0.178906
8.82055,2.53675,-0.062711,-2.57838,-1.51167,0.246946,-1.75949,0.178906
8.82155,2.53675,-0.0627111,-2.57838,-1.51167,0.246946,-1.75949,0.178906
8.8227,2.53675,-0.0627111,-2.57838,-1.51167,0.246946,-1.75948,0.178906
8.82386,2.53675,-0.0627111,-2.57838,-1.51167,0.246946,-1.75948,0.178906
8.82453,2.53675,-0.0627112,-2.57838,-1.51167,0.246946,-1.75948,0.178906
8.82572,2.53675,-0.0627112,-2.57838,-1.51167,0.246946,-1.75948,0.178906
8.82691,2.53675,-0.0627112,-2.57838,-1.51167,0.246946,-1.75948,0.178906
8.82751,2.53675,-0.0627113,-2.57838,-1.51167,0.246946,-1.75948,0.178906
8.82867,2.53675,-0.0627113,-2.57838,-1.51167,0.246946,-1.75948,0.178906
8.82984,2.53675,-0.0627113,-2.57838,-1.51167,0.246946,-1.75948,0.178906
8.83101,2.53675,-0.0627113,-2.57838,-1.51167,0.246946,-1.75948,0.178906
8.83166,2.53675,-0.0627114,-2.57838,-1.51167,0.246946,-1.75948,0.178906
8.83283,2.53675,-0.0627114,-2.57838,-1.51167,0.246946,-1.75948,0.178906
8.83396,2.53675,-0.0627114,-2.57838,-1.51167,0.246946,-1.75948,0.178906
8.83465,2.53675,-0.0627115,-2.57838,-1.51167,0.246946,-1.75948,0.178906
8.83577,2.53675,-0.0627115,-2.57838,-1.51167,0.246946,-1.75948,0.178906
8.83694,2.53675,-0.0627115,-2.57838,-1.51167,0.246946,-1.75948,0.178906
8.83809,2.53675,-0.0627116,-2.57838,-1.51167,0.246946,-1.75948,0.178906
8.8387,2.53675,-0.0627116,-2.57838,-1.51167,0.246946,-1.75948,0.178906
8.84014,2.53675,-0.0627116,-2.57838,-1.51167,0.246946,-1.75948,0.178906
8.84076,2.53675,-0.0627116,-2.57838,-1.51167,0.246946,-1.75948,0.178906
8.84194,2.53675,-0.0627117,-2.57838,-1.51167,0.246946,-1.75948,0.178906
8.84307,2.53675,-0.0627117,-2.57838,-1.51167,0.246946,-1.75948,0.178906
8.84373,2.53675,-0.0627117,-2.57838,-1.51167,0.246946,-1.75948,0.178906
8.84485,2.53675,-0.0627118,-2.57838,-1.51167,0.246946,-1.75948,0.178906
8.84602,2.53675,-0.0627118,-2.57838,-1.51167,0.246946,-1.75948,0.178906
8.84671,2.53675,-0.0627118,-2.57838,-1.51167,0.246946,-1.75948,0.178906
8.84785,2.53675,-0.0627119,-2.57838,-1.51167,0.246946,-1.75948,0.178906
8.84904,2.53675,-0.0627119,-2.57838,-1.51167,0.246946,-1.75948,0.178906
8.84966,2.53675,-0.0627119,-2.57838,-1.51167,0.246946,-1.75948,0.178906
8.85084,2.53675,-0.062712,-2.57838,-1.51167,0.246946,-1.75948,0.178906
8.85203,2.53675,-0.062712,-2.57838,-1.51167,0.246946,-1.75948,0.178906
8.85267,2.53675,-0.062712,-2.57838,-1.51167,0.246946,-1.75948,0.178906
8.85382,2.53675,-0.062712,-2.57838,-1.51167,0.246946,-1.75948,0.178906
8.855,2.53675,-0.0627121,-2.57838,-1.51167,0.246946,-1.75948,0.178906
8.85619,2.53675,-0.0627121,-2.57838,-1.51167,0.246946,-1.75948,0.178906
8.85675,2.53675,-0.0627121,-2.57838,-1.51167,0.246946,-1.75948,0.178906
8.85793,2.53675,-0.0627122,-2.57838,-1.51167,0.246946,-1.75948,0.178906
8.85913,2.53675,-0.0627122,-2.57838,-1.51167,0.246946,-1.75948,0.178906
8.85975,2.53675,-0.0627122,-2.57838,-1.51167,0.246946,-1.75948,0.178906
8.86095,2.53675,-0.0627123,-2.57838,-1.51167,0.246946,-1.75948,0.178906
8.86213,2.53675,-0.0627123,-2.57838,-1.51167,0.246946,-1.75948,0.178906
8.86275,2.53675,-0.0627123,-2.57838,-1.51167,0.246946,-1.75948,0.178906
8.86385,2.53675,-0.0627123,-2.57838,-1.51167,0.246946,-1.75948,0.178906
8.86539,2.53675,-0.0627124,-2.57838,-1.51167,0.246946,-1.75948,0.178906
8.86573,2.53675,-0.0627124,-2.57838,-1.51167,0.246946,-1.75948,0.178906
8.86689,2.53675,-0.0627124,-2.57838,-1.51167,0.246946,-1.75948,0.178906
8.86804,2.53675,-0.0627125,-2.57838,-1.51167,0.246946,-1.75948,0.178906
8.8687,2.53675,-0.0627125,-2.57838,-1.51167,0.246946,-1.75948,0.178906
8.86984,2.53675,-0.0627125,-2.57838,-1.51167,0.246946,-1.75948,0.178906
8.87101,2.53675,-0.0627126,-2.57838,-1.51167,0.246946,-1.75948,0.178906
8.87301,2.53675,-0.0627126,-2.57838,-1.51167,0.246946,-1.75948,0.178906
8.87307,2.53675,-0.0627126,-2.57838,-1.51167,0.246946,-1.75948,0.178906
8.87373,2.53675,-0.0627126,-2.57838,-1.51167,0.246946,-1.75948,0.178906
8.87485,2.53675,-0.0627127,-2.57838,-1.51167,0.246946,-1.75948,0.178906
8.87602,2.53675,-0.0627127,-2.57838,-1.51167,0.246946,-1.75948,0.178906
8.87664,2.53675,-0.0627127,-2.57838,-1.51167,0.246946,-1.75948,0.178906
8.87786,2.53675,-0.0627128,-2.57838,-1.51167,0.246946,-1.75948,0.178906
8.87897,2.53675,-0.0627128,-2.57838,-1.51167,0.246946,-1.75948,0.178905
8.88024,2.53675,-0.0627128,-2.57838,-1.51167,0.246946,-1.75948,0.178905
8.88082,2.53675,-0.0627129,-2.57838,-1.51167,0.246946,-1.75948,0.178905
8.88213,2.53675,-0.0627129,-2.57838,-1.51167,0.246946,-1.75948,0.178905
8.88321,2.53675,-0.0627129,-2.57838,-1.51167,0.246946,-1.75948,0.178905
8.88383,2.53675,-0.062713,-2.57838,-1.51167,0.246946,-1.75948,0.178905
8.88499,2.53675,-0.062713,-2.57838,-1.51167,0.246946,-1.75948,0.178905
8.88629,2.53675,-0.062713,-2.57838,-1.51167,0.246946,-1.75948,0.178905
8.88683,2.53675,-0.062713,-2.57838,-1.51167,0.246946,-1.75948,0.178905
8.888,2.53675,-0.0627131,-2.57838,-1.51167,0.246946,-1.75948,0.178905
8.88919,2.53675,-0.0627131,-2.57838,-1.51167,0.246946,-1.75948,0.178905
8.89002,2.53675,-0.0627131,-2.57838,-1.51167,0.246946,-1.75948,0.178905
8.89097,2.53675,-0.0627132,-2.57838,-1.51167,0.246946,-1.75948,0.178905
8.89215,2.53675,-0.0627132,-2.57838,-1.51167,0.246946,-1.75948,0.178905
8.89277,2.53675,-0.0627132,-2.57838,-1.51167,0.246946,-1.75948,0.178905
8.89393,2.53675,-0.0627133,-2.57838,-1.51167,0.246946,-1.75948,0.178905
8.89514,2.53675,-0.0627133,-2.57838,-1.51167,0.246946,-1.75948,0.178905
8.89686,2.53675,-0.0627133,-2.57838,-1.51167,0.246946,-1.75948,0.178905
8.89809,2.53675,-0.0627134,-2.57838,-1.51167,0.246946,-1.75948,0.178905
8.89921,2.53675,-0.0627134,-2.57838,-1.51167,0.246946,-1.75948,0.178905
8.90039,2.53675,-0.0627134,-2.57838,-1.51167,0.246946,-1.75948,0.178905
8.90101,2.53675,-0.0627135,-2.57838,-1.51167,0.246946,-1.75948,0.178905
8.90234,2.53675,-0.0627135,-2.57838,-1.51167,0.246946,-1.75948,0.178905
8.90339,2.53675,-0.0627135,-2.57838,-1.51167,0.246946,-1.75948,0.178905
8.90469,2.53675,-0.0627136,-2.57838,-1.51167,0.246946,-1.75948,0.178905
8.90528,2.53675,-0.0627136,-2.57838,-1.51167,0.246946,-1.75948,0.178905
8.90652,2.53675,-0.0627136,-2.57838,-1.51167,0.246946,-1.75948,0.178905
8.90726,2.53675,-0.0627136,-2.57838,-1.51167,0.246946,-1.75948,0.178905
8.90844,2.53675,-0.0627137,-2.57838,-1.51167,0.246946,-1.75948,0.178905
8.9096,2.53675,-0.0627137,-2.57838,-1.51167,0.246946,-1.75948,0.178905
8.9108,2.53675,-0.0627137,-2.57838,-1.51167,0.246946,-1.75948,0.178905
8.91147,2.53675,-0.0627138,-2.57838,-1.51167,0.246946,-1.75948,0.178905
8.91262,2.53675,-0.0627138,-2.57838,-1.51167,0.246946,-1.75948,0.178905
8.91383,2.53675,-0.0627138,-2.57838,-1.51167,0.246946,-1.75948,0.178905
8.91517,2.53675,-0.0627139,-2.57838,-1.51167,0.246946,-1.75948,0.178905
8.91578,2.53675,-0.0627139,-2.57838,-1.51167,0.246946,-1.75948,0.178905
8.91646,2.53675,-0.0627139,-2.57838,-1.51167,0.246946,-1.75948,0.178905
8.91817,2.53675,-0.062714,-2.57838,-1.51167,0.246946,-1.75948,0.178905
8.91954,2.53675,-0.062714,-2.57838,-1.51167,0.246946,-1.75948,0.178905
8.92125,2.53675,-0.062714,-2.57838,-1.51167,0.246946,-1.75948,0.178905
8.92189,2.53675,-0.0627141,-2.57838,-1.51167,0.246946,-1.75948,0.178905
8.92371,2.53675,-0.0627141,-2.57838,-1.51167,0.246946,-1.75948,0.178905
8.92486,2.53675,-0.0627142,-2.57838,-1.51167,0.246946,-1.75948,0.178905
8.92615,2.53675,-0.0627142,-2.57838,-1.51167,0.246946,-1.75948,0.178905
8.92683,2.53675,-0.0627142,-2.57838,-1.51167,0.246946,-1.75948,0.178905
8.92806,2.53675,-0.0627143,-2.57838,-1.51167,0.246946,-1.75948,0.178905
8.92959,2.53675,-0.0627143,-2.57838,-1.51167,0.246946,-1.75948,0.178905
8.93025,2.53675,-0.0627143,-2.57838,-1.51167,0.246946,-1.75948,0.178905
8.93095,2.53675,-0.0627143,-2.57838,-1.51167,0.246946,-1.75948,0.178905
8.93203,2.53675,-0.0627144,-2.57838,-1.51167,0.246946,-1.75948,0.178905
8.93322,2.53675,-0.0627144,-2.57838,-1.51167,0.246946,-1.75948,0.178905
8.93387,2.53675,-0.0627144,-2.57838,-1.51167,0.246946,-1.75948,0.178905
8.935,2.53675,-0.0627145,-2.57838,-1.51167,0.246946,-1.75948,0.178905
8.93696,2.53675,-0.0627145,-2.57838,-1.51167,0.246946,-1.75948,0.178905
8.93733,2.53675,-0.0627145,-2.57838,-1.51167,0.246946,-1.75948,0.178905
8.93854,2.53675,-0.0627146,-2.57838,-1.51167,0.246946,-1.75948,0.178905
8.93914,2.53675,-0.0627146,-2.57838,-1.51167,0.246946,-1.75948,0.178905
8.94031,2.53675,-0.0627146,-2.57838,-1.51167,0.246946,-1.75948,0.178905
8.94145,2.53675,-0.0627146,-2.57838,-1.51167,0.246946,-1.75948,0.178905
8.9433,2.53675,-0.0627147,-2.57838,-1.51167,0.246946,-1.75948,0.178905
8.94364,2.53676,-0.0627147,-2.57838,-1.51167,0.246946,-1.75948,0.178905
8.94479,2.53676,-0.0627147,-2.57838,-1.51167,0.246946,-1.75948,0.178905
8.94599,2.53676,-0.0627148,-2.57838,-1.51167,0.246946,-1.75948,0.178905
8.94661,2.53676,-0.0627148,-2.57838,-1.51167,0.246946,-1.75948,0.178905
8.94797,2.53676,-0.0627148,-2.57838,-1.51167,0.246946,-1.75948,0.178905
8.94927,2.53676,-0.0627149,-2.57838,-1.51167,0.246946,-1.75948,0.178905
8.94982,2.53676,-0.0627149,-2.57838,-1.51167,0.246946,-1.75948,0.178905
8.95047,2.53676,-0.0627149,-2.57838,-1.51167,0.246946,-1.75948,0.178905
8.9516,2.53676,-0.0627149,-2.57838,-1.51167,0.246946,-1.75948,0.178905
8.95279,2.53676,-0.062715,-2.57838,-1.51167,0.246946,-1.75948,0.178905
8.95393,2.53676,-0.062715,-2.57838,-1.51167,0.246946,-1.75948,0.178905
8.95459,2.53676,-0.062715,-2.57838,-1.51167,0.246946,-1.75948,0.178905
8.95575,2.53676,-0.0627151,-2.57838,-1.51167,0.246946,-1.75948,0.178905
8.95694,2.53676,-0.0627151,-2.57838,-1.51167,0.246946,-1.75948,0.178905
8.95752,2.53676,-0.0627151,-2.57838,-1.51167,0.246946,-1.75948,0.178905
8.9598,2.53676,-0.0627152,-2.57838,-1.51167,0.246946,-1.75948,0.178905
8.95992,2.53676,-0.0627152,-2.57838,-1.51167,0.246946,-1.75948,0.178905
8.96111,2.53676,-0.0627152,-2.57838,-1.51167,0.246946,-1.75948,0.178905
8.96282,2.53676,-0.0627153,-2.57838,-1.51167,0.246946,-1.75948,0.178905
8.96398,2.53676,-0.0627153,-2.57838,-1.51167,0.246946,-1.75948,0.178905
8.96515,2.53676,-0.0627153,-2.57838,-1.51167,0.246946,-1.75948,0.178905
8.96576,2.53676,-0.0627154,-2.57838,-1.51167,0.246946,-1.75948,0.178905
8.96694,2.53676,-0.0627154,-2.57838,-1.51167,0.246946,-1.75948,0.178905
8.96807,2.53676,-0.0627154,-2.57838,-1.51167,0.246946,-1.75948,0.178905
8.96869,2.53676,-0.0627155,-2.57838,-1.51167,0.246946,-1.75948,0.178905
8.96988,2.53676,-0.0627155,-2.57838,-1.51167,0.246946,-1.75948,0.178905
8.97105,2.53676,-0.0627155,-2.57838,-1.51167,0.246946,-1.75948,0.178905
8.97169,2.53676,-0.0627156,-2.57838,-1.51167,0.246946,-1.75948,0.178905
8.97286,2.53676,-0.0627156,-2.57838,-1.51167,0.246946,-1.75948,0.178905
8.97404,2.53676,-0.0627156,-2.57838,-1.51167,0.246946,-1.75948,0.178905
8.97467,2.53676,-0.0627156,-2.57838,-1.51167,0.246946,-1.75948,0.178905
8.97582,2.53676,-0.0627157,-2.57838,-1.51167,0.246946,-1.75948,0.178905
8.97702,2.53676,-0.0627157,-2.57838,-1.51167,0.246946,-1.75948,0.178905
8.97829,2.53676,-0.0627157,-2.57838,-1.51167,0.246946,-1.75948,0.178905
8.97877,2.53676,-0.0627158,-2.57838,-1.51167,0.246946,-1.75948,0.178905
8.98066,2.53676,-0.0627158,-2.57838,-1.51167,0.246946,-1.75948,0.178905
8.98071,2.53676,-0.0627158,-2.57838,-1.51167,0.246946,-1.75948,0.178905
8.98254,2.53676,-0.0627159,-2.57838,-1.51167,0.246946,-1.75948,0.178905
8.98313,2.53676,-0.0627159,-2.57838,-1.51167,0.246946,-1.75948,0.178905
8.98374,2.53676,-0.0627159,-2.57838,-1.51167,0.246946,-1.75948,0.178905
8.9855,2.53676,-0.0627159,-2.57838,-1.51167,0.246946,-1.75948,0.178905
8.98616,2.53676,-0.062716,-2.57838,-1.51167,0.246946,-1.75948,0.178905
8.98675,2.53676,-0.062716,-2.57838,-1.51167,0.246946,-1.75948,0.178905
8.98819,2.53676,-0.062716,-2.57838,-1.51167,0.246946,-1.75948,0.178905
8.98873,2.53676,-0.0627161,-2.57838,-1.51167,0.246946,-1.75948,0.178905
8.99083,2.53676,-0.0627161,-2.57838,-1.51167,0.246946,-1.75948,0.178905
8.99204,2.53676,-0.0627162,-2.57838,-1.51167,0.246946,-1.75948,0.178905
8.99388,2.53676,-0.0627162,-2.57838,-1.51167,0.246946,-1.75948,0.178905
8.99511,2.53676,-0.0627163,-2.57838,-1.51167,0.246946,-1.75948,0.178905
8.99634,2.53676,-0.0627163,-2.57838,-1.51167,0.246946,-1.75948,0.178905
8.99689,2.53676,-0.0627163,-2.57838,-1.51167,0.246946,-1.75948,0.178905
8.9981,2.53676,-0.0627163,-2.57838,-1.51167,0.246946,-1.75948,0.178905
8.99933,2.53676,-0.0627164,-2.57838,-1.51167,0.246946,-1.75948,0.178905
8.99984,2.53676,-0.0627164,-2.57838,-1.51167,0.246946,-1.75948,0.178905
9.00103,2.53676,-0.0627164,-2.57838,-1.51167,0.246946,-1.75948,0.178905
9.00222,2.53676,-0.0627165,-2.57838,-1.51167,0.246946,-1.75948,0.178905
9.00285,2.53676,-0.0627165,-2.57838,-1.51167,0.246946,-1.75948,0.178905
9.00399,2.53676,-0.0627165,-2.57838,-1.51167,0.246946,-1.75948,0.178905
9.00516,2.53676,-0.0627166,-2.57838,-1.51167,0.246946,-1.75948,0.178905
9.00632,2.53676,-0.0627166,-2.57838,-1.51167,0.246946,-1.75948,0.178905
9.00694,2.53676,-0.0627166,-2.57838,-1.51167,0.246946,-1.75948,0.178905
9.00807,2.53676,-0.0627166,-2.57838,-1.51167,0.246946,-1.75948,0.178905
9.00923,2.53676,-0.0627167,-2.57838,-1.51167,0.246946,-1.75948,0.178905
9.00986,2.53676,-0.0627167,-2.57838,-1.51167,0.246946,-1.75948,0.178905
9.01103,2.53676,-0.0627167,-2.57838,-1.51167,0.246946,-1.75948,0.178905
9.01228,2.53676,-0.0627168,-2.57838,-1.51167,0.246946,-1.75948,0.178905
9.01289,2.53676,-0.0627168,-2.57838,-1.51167,0.246946,-1.75948,0.178905
9.01404,2.53676,-0.0627168,-2.57838,-1.51167,0.246946,-1.75948,0.178905
9.01588,2.53676,-0.0627169,-2.57838,-1.51167,0.246946,-1.75948,0.178905
9.01762,2.53676,-0.0627169,-2.57838,-1.51167,0.246946,-1.75948,0.178905
9.01901,2.53676,-0.0627169,-2.57838,-1.51167,0.246946,-1.75948,0.178905
9.0191,2.53676,-0.062717,-2.57838,-1.51167,0.246946,-1.75948,0.178905
9.02084,2.53676,-0.062717,-2.57838,-1.51167,0.246946,-1.75948,0.178905
9.02147,2.53676,-0.062717,-2.57838,-1.51168,0.246946,-1.75948,0.178905
9.02213,2.53676,-0.0627171,-2.57838,-1.51168,0.246946,-1.75948,0.178905
9.02325,2.53676,-0.0627171,-2.57838,-1.51168,0.246946,-1.75948,0.178905
9.02442,2.53676,-0.0627171,-2.57838,-1.51168,0.246946,-1.75948,0.178905
9.02509,2.53676,-0.0627172,-2.57838,-1.51168,0.246946,-1.75948,0.178905
9.02625,2.53676,-0.0627172,-2.57838,-1.51168,0.246946,-1.75948,0.178905
9.02737,2.53676,-0.0627172,-2.57838,-1.51168,0.246946,-1.75948,0.178905
9.02852,2.53676,-0.0627173,-2.57838,-1.51168,0.246946,-1.75948,0.178905
9.02971,2.53676,-0.0627173,-2.57838,-1.51168,0.246946,-1.75948,0.178905
9.03035,2.53676,-0.0627173,-2.57838,-1.51168,0.246946,-1.75948,0.178905
9.03153,2.53676,-0.0627173,-2.57838,-1.51168,0.246946,-1.75948,0.178905
9.03267,2.53676,-0.0627174,-2.57838,-1.51168,0.246946,-1.75948,0.178905
9.0333,2.53676,-0.0627174,-2.57838,-1.51168,0.246946,-1.75948,0.178905
9.03449,2.53676,-0.0627174,-2.57838,-1.51168,0.246946,-1.75948,0.178905
9.03574,2.53676,-0.0627175,-2.57838,-1.51168,0.246946,-1.75948,0.178905
9.03645,2.53676,-0.0627175,-2.57838,-1.51168,0.246946,-1.75948,0.178905
9.0375,2.53676,-0.0627175,-2.57838,-1.51168,0.246946,-1.75948,0.178905
9.03867,2.53676,-0.0627176,-2.57838,-1.51168,0.246946,-1.75948,0.178905
9.03948,2.53676,-0.0627176,-2.57838,-1.51168,0.246946,-1.75948,0.178905
9.04052,2.53676,-0.0627176,-2.57838,-1.51168,0.246946,-1.75948,0.178905
9.04176,2.53676,-0.0627176,-2.57838,-1.51168,0.246946,-1.75948,0.178905
9.04284,2.53676,-0.0627177,-2.57838,-1.51168,0.246946,-1.75948,0.178905
9.04353,2.53676,-0.0627177,-2.57838,-1.51168,0.246946,-1.75948,0.178905
9.04467,2.53676,-0.0627177,-2.57838,-1.51168,0.246946,-1.75948,0.178905
9.04529,2.53676,-0.0627178,-2.57838,-1.51168,0.246946,-1.75948,0.178905
9.04645,2.53676,-0.0627178,-2.57838,-1.51168,0.246946,-1.75948,0.178905
9.04766,2.53676,-0.0627178,-2.57838,-1.51168,0.246946,-1.75947,0.178905
9.04832,2.53676,-0.0627179,-2.57838,-1.51168,0.246946,-1.75947,0.178905
9.04951,2.53676,-0.0627179,-2.57838,-1.51168,0.246946,-1.75947,0.178905
9.05066,2.53676,-0.0627179,-2.57838,-1.51168,0.246946,-1.75947,0.178905
9.05183,2.53676,-0.0627179,-2.57838,-1.51168,0.246946,-1.75947,0.178905
9.05249,2.53676,-0.062718,-2.57838,-1.51168,0.246946,-1.75947,0.178905
9.05366,2.53676,-0.062718,-2.57838,-1.51168,0.246946,-1.75947,0.178905
9.05484,2.53676,-0.062718,-2.57838,-1.51168,0.246946,-1.75947,0.178905
9.05548,2.53676,-0.0627181,-2.57838,-1.51168,0.246946,-1.75947,0.178905
9.05665,2.53676,-0.0627181,-2.57838,-1.51168,0.246945,-1.75947,0.178905
9.05785,2.53676,-0.0627181,-2.57838,-1.51168,0.246945,-1.75947,0.178905
9.05851,2.53676,-0.0627182,-2.57838,-1.51168,0.246945,-1.75947,0.178905
9.05973,2.53676,-0.0627182,-2.57838,-1.51168,0.246945,-1.75947,0.178905
9.0609,2.53676,-0.0627182,-2.57838,-1.51168,0.246945,-1.75947,0.178905
9.06153,2.53676,-0.0627183,-2.57838,-1.51168,0.246945,-1.75947,0.178905
9.06268,2.53676,-0.0627183,-2.57838,-1.51168,0.246945,-1.75947,0.178905
9.06385,2.53676,-0.0627183,-2.57838,-1.51168,0.246945,-1.75947,0.178905
9.06448,2.53676,-0.0627183,-2.57838,-1.51168,0.246945,-1.75947,0.178905
9.06566,2.53676,-0.0627184,-2.57838,-1.51168,0.246945,-1.75947,0.178905
9.06683,2.53676,-0.0627184,-2.57838,-1.51168,0.246945,-1.75947,0.178905
9.06747,2.53676,-0.0627184,-2.57838,-1.51168,0.246945,-1.75947,0.178905
9.06864,2.53676,-0.0627185,-2.57838,-1.51168,0.246945,-1.75947,0.178905
9.06983,2.53676,-0.0627185,-2.57838,-1.51168,0.246945,-1.75947,0.178905
9.07048,2.53676,-0.0627185,-2.57838,-1.51168,0.246945,-1.75947,0.178905
9.07159,2.53676,-0.0627186,-2.57838,-1.51168,0.246945,-1.75947,0.178905
9.07279,2.53676,-0.0627186,-2.57838,-1.51168,0.246945,-1.75947,0.178905
9.07395,2.53676,-0.0627186,-2.57838,-1.51168,0.246945,-1.75947,0.178905
9.07459,2.53676,-0.0627186,-2.57838,-1.51168,0.246945,-1.75947,0.178905
9.07572,2.53676,-0.0627187,-2.57838,-1.51168,0.246945,-1.75947,0.178905
9.07688,2.53676,-0.0627187,-2.57838,-1.51168,0.246945,-1.75947,0.178905
9.07756,2.53676,-0.0627187,-2.57838,-1.51168,0.246945,-1.75947,0.178905
9.07874,2.53676,-0.0627188,-2.57838,-1.51168,0.246945,-1.75947,0.178905
9.07991,2.53676,-0.0627188,-2.57838,-1.51168,0.246945,-1.75947,0.178905
9.08113,2.53676,-0.0627188,-2.57838,-1.51168,0.246945,-1.75947,0.178905
9.08174,2.53676,-0.0627189,-2.57838,-1.51168,0.246945,-1.75947,0.178905
9.08287,2.53676,-0.0627189,-2.57838,-1.51168,0.246945,-1.75947,0.178905
9.08404,2.53676,-0.0627189,-2.57838,-1.51168,0.246945,-1.75947,0.178905
9.08469,2.53676,-0.0627189,-2.57838,-1.51168,0.246945,-1.75947,0.178905
9.08582,2.53676,-0.062719,-2.57838,-1.51168,0.246945,-1.75947,0.178905
9.08698,2.53676,-0.062719,-2.57838,-1.51168,0.246945,-1.75947,0.178905
9.08763,2.53676,-0.062719,-2.57838,-1.51168,0.246945,-1.75947,0.178905
9.08874,2.53676,-0.0627191,-2.57838,-1.51168,0.246945,-1.75947,0.178905
9.08989,2.53676,-0.0627191,-2.57838,-1.51168,0.246945,-1.75947,0.178905
9.09105,2.53676,-0.0627191,-2.57838,-1.51168,0.246945,-1.75947,0.178905
9.0917,2.53676,-0.0627192,-2.57838,-1.51168,0.246945,-1.75947,0.178905
9.09283,2.53676,-0.0627192,-2.57838,-1.51168,0.246945,-1.75947,0.178905
9.09402,2.53676,-0.0627192,-2.57838,-1.51168,0.246945,-1.75947,0.178905
9.09463,2.53676,-0.0627193,-2.57838,-1.51168,0.246945,-1.75947,0.178905
9.09579,2.53676,-0.0627193,-2.57838,-1.51168,0.246945,-1.75947,0.178905
9.09697,2.53676,-0.0627193,-2.57838,-1.51168,0.246945,-1.75947,0.178905
9.09758,2.53676,-0.0627193,-2.57838,-1.51168,0.246945,-1.75947,0.178905
9.09887,2.53676,-0.0627194,-2.57838,-1.51168,0.246945,-1.75947,0.178905
9.09993,2.53676,-0.0627194,-2.57838,-1.51168,0.246945,-1.75947,0.178905
9.10107,2.53676,-0.0627194,-2.57838,-1.51168,0.246945,-1.75947,0.178905
9.10167,2.53676,-0.0627195,-2.57838,-1.51168,0.246945,-1.75947,0.178905
9.10295,2.53676,-0.0627195,-2.57838,-1.51168,0.246945,-1.75947,0.178905
9.1041,2.53676,-0.0627195,-2.57838,-1.51168,0.246945,-1.75947,0.178905
9.1052,2.53676,-0.0627196,-2.57838,-1.51168,0.246945,-1.75947,0.178905
9.10622,2.53676,-0.0627196,-2.57838,-1.51168,0.246945,-1.75947,0.178905
9.10728,2.53676,-0.0627196,-2.57838,-1.51168,0.246945,-1.75947,0.178905
9.10788,2.53676,-0.0627196,-2.57838,-1.51168,0.246945,-1.75947,0.178905
9.10908,2.53676,-0.0627197,-2.57838,-1.51168,0.246945,-1.75947,0.178905
9.10974,2.53676,-0.0627197,-2.57838,-1.51168,0.246945,-1.75947,0.178905
9.11091,2.53676,-0.0627197,-2.57838,-1.51168,0.246945,-1.75947,0.178905
9.11206,2.53676,-0.0627198,-2.57838,-1.51168,0.246945,-1.75947,0.178905
9.1127,2.53676,-0.0627198,-2.57838,-1.51168,0.246945,-1.75947,0.178905
9.114,2.53676,-0.0627198,-2.57838,-1.51168,0.246945,-1.75947,0.178905
9.11535,2.53676,-0.0627199,-2.57838,-1.51168,0.246945,-1.75947,0.178905
9.11578,2.53676,-0.0627199,-2.57838,-1.51168,0.246945,-1.75947,0.178905
9.11696,2.53676,-0.0627199,-2.57838,-1.51168,0.246945,-1.75947,0.178905
9.11866,2.53676,-0.0627199,-2.57838,-1.51168,0.246945,-1.75947,0.178905
9.11911,2.53676,-0.06272,-2.57838,-1.51168,0.246945,-1.75947,0.178905
9.12017,2.53676,-0.06272,-2.57838,-1.51168,0.246945,-1.75947,0.178905
9.12154,2.53676,-0.06272,-2.57838,-1.51168,0.246945,-1.75947,0.178905
9.12205,2.53676,-0.0627201,-2.57838,-1.51168,0.246945,-1.75947,0.178905
9.1232,2.53676,-0.0627201,-2.57838,-1.51168,0.246945,-1.75947,0.178905
9.12469,2.53676,-0.0627201,-2.57838,-1.51168,0.246945,-1.75947,0.178905
9.1254,2.53676,-0.0627202,-2.57838,-1.51168,0.246945,-1.75947,0.178905
9.12612,2.53676,-0.0627202,-2.57838,-1.51168,0.246945,-1.75947,0.178905
9.12737,2.53676,-0.0627202,-2.57838,-1.51168,0.246945,-1.75947,0.178905
9.1279,2.53676,-0.0627202,-2.57838,-1.51168,0.246945,-1.75947,0.178905
9.12907,2.53676,-0.0627203,-2.57838,-1.51168,0.246945,-1.75947,0.178905
9.13027,2.53676,-0.0627203,-2.57838,-1.51168,0.246945,-1.75947,0.178905
9.13086,2.53676,-0.0627203,-2.57838,-1.51168,0.246945,-1.75947,0.178905
9.13204,2.53676,-0.0627204,-2.57838,-1.51168,0.246945,-1.75947,0.178905
9.13322,2.53676,-0.0627204,-2.57838,-1.51168,0.246945,-1.75947,0.178905
9.13494,2.53676,-0.0627204,-2.57838,-1.51168,0.246945,-1.75947,0.178905
9.13607,2.53676,-0.0627205,-2.57838,-1.51168,0.246945,-1.75947,0.178905
9.13724,2.53676,-0.0627205,-2.57838,-1.51168,0.246945,-1.75947,0.178905
9.13789,2.53676,-0.0627206,-2.57838,-1.51168,0.246945,-1.75947,0.178905
9.13907,2.53676,-0.0627206,-2.57838,-1.51168,0.246945,-1.75947,0.178905
9.14038,2.53676,-0.0627206,-2.57838,-1.51168,0.246945,-1.75947,0.178905
9.14104,2.53676,-0.0627206,-2.57838,-1.51168,0.246945,-1.75947,0.178905
9.14278,2.53676,-0.0627207,-2.57838,-1.51168,0.246945,-1.75947,0.178905
9.1434,2.53676,-0.0627207,-2.57838,-1.51168,0.246945,-1.75947,0.178905
9.14398,2.53676,-0.0627207,-2.57838,-1.51168,0.246945,-1.75947,0.178905
9.14512,2.53676,-0.0627208,-2.57838,-1.51168,0.246945,-1.75947,0.178905
9.14631,2.53676,-0.0627208,-2.57838,-1.51168,0.246945,-1.75947,0.178905
9.14693,2.53676,-0.0627208,-2.57838,-1.51168,0.246945,-1.75947,0.178905
9.14869,2.53676,-0.0627209,-2.57838,-1.51168,0.246945,-1.75947,0.178905
9.1493,2.53676,-0.0627209,-2.57838,-1.51168,0.246945,-1.75947,0.178905
9.14992,2.53676,-0.0627209,-2.57838,-1.51168,0.246945,-1.75947,0.178905
9.15175,2.53676,-0.0627209,-2.57838,-1.51168,0.246945,-1.75947,0.178905
9.15239,2.53676,-0.062721,-2.57838,-1.51168,0.246945,-1.75947,0.178905
9.15298,2.53676,-0.062721,-2.57838,-1.51168,0.246945,-1.75947,0.178905
9.15474,2.53676,-0.062721,-2.57838,-1.51168,0.246945,-1.75947,0.178905
9.1554,2.53676,-0.0627211,-2.57838,-1.51168,0.246945,-1.75947,0.178905
9.15597,2.53676,-0.0627211,-2.57838,-1.51168,0.246945,-1.75947,0.178905
9.15713,2.53676,-0.0627211,-2.57838,-1.51168,0.246945,-1.75947,0.178905
9.15832,2.53676,-0.0627212,-2.57838,-1.51168,0.246945,-1.75947,0.178905
9.15892,2.53676,-0.0627212,-2.57838,-1.51168,0.246945,-1.75947,0.178905
9.16017,2.53676,-0.0627212,-2.57838,-1.51168,0.246945,-1.75947,0.178905
9.16185,2.53676,-0.0627212,-2.57838,-1.51168,0.246945,-1.75947,0.178905
9.16253,2.53676,-0.0627213,-2.57838,-1.51168,0.246945,-1.75947,0.178905
9.16307,2.53676,-0.0627213,-2.57838,-1.51168,0.246945,-1.75947,0.178905
9.16482,2.53676,-0.0627213,-2.57838,-1.51168,0.246945,-1.75947,0.178905
9.16546,2.53676,-0.0627214,-2.57838,-1.51168,0.246945,-1.75947,0.178905
9.16605,2.53676,-0.0627214,-2.57838,-1.51168,0.246945,-1.75947,0.178905
9.16834,2.53676,-0.0627214,-2.57838,-1.51168,0.246945,-1.75947,0.178905
9.16895,2.53676,-0.0627215,-2.57838,-1.51168,0.246945,-1.75947,0.178905
9.17012,2.53676,-0.0627215,-2.57838,-1.51168,0.246945,-1.75947,0.178905
9.17179,2.53676,-0.0627215,-2.57838,-1.51168,0.246945,-1.75947,0.178905
9.1723,2.53676,-0.0627216,-2.57838,-1.51168,0.246945,-1.75947,0.178905
9.17304,2.53676,-0.0627216,-2.57838,-1.51168,0.246945,-1.75947,0.178905
9.17371,2.53676,-0.0627216,-2.57838,-1.51168,0.246945,-1.75947,0.178905
9.17484,2.53676,-0.0627216,-2.57838,-1.51168,0.246945,-1.75947,0.178905
9.17605,2.53676,-0.0627217,-2.57838,-1.51168,0.246945,-1.75947,0.178905
9.17668,2.53676,-0.0627217,-2.57838,-1.51168,0.246945,-1.75947,0.178905
9.17783,2.53676,-0.0627217,-2.57838,-1.51168,0.246945,-1.75947,0.178905
9.17902,2.53676,-0.0627218,-2.57838,-1.51168,0.246945,-1.75947,0.178905
9.18034,2.53676,-0.0627218,-2.57838,-1.51168,0.246945,-1.75947,0.178905
9.18167,2.53676,-0.0627218,-2.57838,-1.51168,0.246945,-1.75947,0.178905
9.18192,2.53676,-0.0627219,-2.57838,-1.51168,0.246945,-1.75947,0.178905
9.18345,2.53676,-0.0627219,-2.57838,-1.51168,0.246945,-1.75947,0.178905
9.18405,2.53676,-0.0627219,-2.57838,-1.51168,0.246945,-1.75947,0.178905
9.18523,2.53676,-0.0627219,-2.57838,-1.51168,0.246945,-1.75947,0.178905
9.18654,2.53676,-0.062722,-2.57838,-1.51168,0.246945,-1.75947,0.178905
9.18702,2.53676,-0.062722,-2.57838,-1.51168,0.246945,-1.75947,0.178905
9.18826,2.53676,-0.062722,-2.57838,-1.51168,0.246945,-1.75947,0.178905
9.18885,2.53676,-0.0627221,-2.57838,-1.51168,0.246945,-1.75947,0.178905
9.19005,2.53676,-0.0627221,-2.57838,-1.51168,0.246945,-1.75947,0.178905
9.19141,2.53676,-0.0627221,-2.57838,-1.51168,0.246945,-1.75947,0.178905
9.19249,2.53676,-0.0627222,-2.57838,-1.51168,0.246945,-1.75947,0.178905
9.19308,2.53676,-0.0627222,-2.57838,-1.51168,0.246945,-1.75947,0.178905
9.19423,2.53676,-0.0627222,-2.57838,-1.51168,0.246945,-1.75947,0.178905
9.19542,2.53676,-0.0627222,-2.57838,-1.51168,0.246945,-1.75947,0.178905
9.19601,2.53676,-0.0627223,-2.57838,-1.51168,0.246945,-1.75947,0.178905
9.19719,2.53676,-0.0627223,-2.57838,-1.51168,0.246945,-1.75947,0.178905
9.19839,2.53676,-0.0627223,-2.57838,-1.51168,0.246945,-1.75947,0.178905
9.19895,2.53676,-0.0627224,-2.57838,-1.51168,0.246945,-1.75947,0.178905
9.20016,2.53676,-0.0627224,-2.57838,-1.51168,0.246945,-1.75947,0.178905
9.20132,2.53676,-0.0627224,-2.57838,-1.51168,0.246945,-1.75947,0.178905
9.20193,2.53676,-0.0627225,-2.57838,-1.51168,0.246945,-1.75947,0.178905
9.20308,2.53676,-0.0627225,-2.57838,-1.51168,0.246945,-1.75947,0.178905
9.20424,2.53676,-0.0627225,-2.57838,-1.51168,0.246945,-1.75947,0.178905
9.20544,2.53676,-0.0627226,-2.57838,-1.51168,0.246945,-1.75947,0.178905
9.20604,2.53676,-0.0627226,-2.57838,-1.51168,0.246945,-1.75947,0.178905
9.20723,2.53676,-0.0627226,-2.57838,-1.51168,0.246945,-1.75947,0.178905
9.20841,2.53676,-0.0627226,-2.57838,-1.51168,0.246945,-1.75947,0.178905
9.20904,2.53676,-0.0627227,-2.57838,-1.51168,0.246945,-1.75947,0.178905
9.21021,2.53676,-0.0627227,-2.57838,-1.51168,0.246945,-1.75947,0.178905
9.21141,2.53676,-0.0627227,-2.57838,-1.51168,0.246945,-1.75947,0.178905
9.21202,2.53676,-0.0627228,-2.57838,-1.51168,0.246945,-1.75947,0.178905
9.21325,2.53676,-0.0627228,-2.57838,-1.51168,0.246945,-1.75947,0.178905
9.21437,2.53676,-0.0627228,-2.57838,-1.51168,0.246945,-1.75947,0.178905
9.21501,2.53676,-0.0627229,-2.57838,-1.51168,0.246945,-1.75947,0.178905
9.21622,2.53676,-0.0627229,-2.57838,-1.51168,0.246945,-1.75947,0.178905
9.21738,2.53676,-0.0627229,-2.57838,-1.51168,0.246945,-1.75947,0.178905
9.21799,2.53676,-0.0627229,-2.57838,-1.51168,0.246945,-1.75947,0.178905
9.21918,2.53676,-0.062723,-2.57838,-1.51168,0.246945,-1.75947,0.178905
9.22035,2.53676,-0.062723,-2.57838,-1.51168,0.246945,-1.75947,0.178905
9.22097,2.53676,-0.062723,-2.57838,-1.51168,0.246945,-1.75947,0.178905
9.22213,2.53676,-0.0627231,-2.57838,-1.51168,0.246945,-1.75947,0.178905
9.22339,2.53676,-0.0627231,-2.57838,-1.51168,0.246945,-1.75947,0.178905
9.22402,2.53676,-0.0627231,-2.57838,-1.51168,0.246945,-1.75947,0.178905
9.22522,2.53676,-0.0627232,-2.57838,-1.51168,0.246945,-1.75947,0.178905
9.22638,2.53676,-0.0627232,-2.57838,-1.51168,0.246945,-1.75947,0.178905
9.22701,2.53676,-0.0627232,-2.57838,-1.51168,0.246945,-1.75947,0.178905
9.22812,2.53676,-0.0627232,-2.57838,-1.51168,0.246945,-1.75947,0.178905
9.22926,2.53676,-0.0627233,-2.57838,-1.51168,0.246945,-1.75947,0.178905
9.23042,2.53676,-0.0627233,-2.57838,-1.51168,0.246945,-1.75947,0.178905
9.23117,2.53676,-0.0627233,-2.57838,-1.51168,0.246945,-1.75947,0.178905
9.2322,2.53676,-0.0627234,-2.57838,-1.51168,0.246945,-1.75947,0.178905
9.23341,2.53676,-0.0627234,-2.57838,-1.51168,0.246945,-1.75947,0.178905
9.23402,2.53676,-0.0627234,-2.57838,-1.51168,0.246945,-1.75947,0.178905
9.2352,2.53676,-0.0627235,-2.57838,-1.51168,0.246945,-1.75947,0.178905
9.23635,2.53676,-0.0627235,-2.57838,-1.51168,0.246945,-1.75947,0.178905
9.2371,2.53676,-0.0627235,-2.57838,-1.51168,0.246945,-1.75947,0.178905
9.2382,2.53676,-0.0627236,-2.57838,-1.51168,0.246945,-1.75947,0.178905
9.23958,2.53676,-0.0627236,-2.57838,-1.51168,0.246945,-1.75947,0.178905
9.24005,2.53676,-0.0627236,-2.57838,-1.51168,0.246945,-1.75947,0.178905
9.24137,2.53676,-0.0627236,-2.57838,-1.51168,0.246945,-1.75947,0.178905
9.24254,2.53676,-0.0627237,-2.57838,-1.51168,0.246945,-1.75947,0.178905
9.24331,2.53676,-0.0627237,-2.57838,-1.51168,0.246945,-1.75947,0.178905
9.24434,2.53676,-0.0627237,-2.57838,-1.51168,0.246945,-1.75947,0.178905
9.24549,2.53676,-0.0627238,-2.57838,-1.51168,0.246945,-1.75947,0.178905
9.24616,2.53676,-0.0627238,-2.57838,-1.51168,0.246945,-1.75947,0.178905
9.24738,2.53676,-0.0627238,-2.57838,-1.51168,0.246945,-1.75947,0.178905
9.24852,2.53676,-0.0627239,-2.57838,-1.51168,0.246945,-1.75947,0.178905
9.24917,2.53676,-0.0627239,-2.57838,-1.51168,0.246945,-1.75947,0.178905
9.25047,2.53676,-0.0627239,-2.57838,-1.51168,0.246945,-1.75947,0.178905
9.25171,2.53676,-0.0627239,-2.57838,-1.51168,0.246945,-1.75947,0.178905
9.25256,2.53676,-0.062724,-2.57838,-1.51168,0.246945,-1.75947,0.178905
9.25363,2.53676,-0.062724,-2.57838,-1.51168,0.246945,-1.75947,0.178905
9.25423,2.53676,-0.062724,-2.57838,-1.51168,0.246945,-1.75947,0.178905
9.25544,2.53676,-0.0627241,-2.57838,-1.51168,0.246945,-1.75947,0.178905
9.25663,2.53676,-0.0627241,-2.57838,-1.51168,0.246945,-1.75947,0.178905
9.25737,2.53676,-0.0627241,-2.57838,-1.51168,0.246945,-1.75947,0.178905
9.25851,2.53676,-0.0627242,-2.57838,-1.51168,0.246945,-1.75947,0.178905
9.25965,2.53676,-0.0627242,-2.57838,-1.51168,0.246945,-1.75947,0.178905
9.26028,2.53676,-0.0627242,-2.57838,-1.51168,0.246945,-1.75947,0.178905
9.26148,2.53676,-0.0627242,-2.57838,-1.51168,0.246945,-1.75947,0.178905
9.26263,2.53676,-0.0627243,-2.57838,-1.51168,0.246945,-1.75947,0.178905
9.26383,2.53676,-0.0627243,-2.57838,-1.51168,0.246945,-1.75947,0.178905
9.26523,2.53676,-0.0627244,-2.57838,-1.51168,0.246945,-1.75947,0.178905
9.2664,2.53676,-0.0627244,-2.57838,-1.51168,0.246945,-1.75947,0.178905
9.26752,2.53676,-0.0627244,-2.57838,-1.51168,0.246945,-1.75947,0.178905
9.26869,2.53676,-0.0627245,-2.57838,-1.51168,0.246945,-1.75947,0.178905
9.26929,2.53676,-0.0627245,-2.57838,-1.51168,0.246945,-1.75947,0.178905
9.27104,2.53676,-0.0627245,-2.57838,-1.51168,0.246945,-1.75946,0.178905
9.27163,2.53676,-0.0627246,-2.57838,-1.51168,0.246945,-1.75946,0.178905
9.27225,2.53676,-0.0627246,-2.57838,-1.51168,0.246945,-1.75946,0.178905
9.27404,2.53676,-0.0627246,-2.57838,-1.51168,0.246945,-1.75946,0.178905
9.27529,2.53676,-0.0627246,-2.57838,-1.51168,0.246945,-1.75946,0.178905
9.27533,2.53676,-0.0627247,-2.57838,-1.51168,0.246945,-1.75946,0.178905
9.27649,2.53676,-0.0627247,-2.57838,-1.51168,0.246945,-1.75946,0.178905
9.27828,2.53676,-0.0627247,-2.57838,-1.51168,0.246945,-1.75946,0.178905
9.27837,2.53676,-0.0627248,-2.57838,-1.51168,0.246945,-1.75946,0.178905
9.2795,2.53676,-0.0627248,-2.57838,-1.51168,0.246945,-1.75946,0.178905
9.28067,2.53676,-0.0627248,-2.57838,-1.51168,0.246945,-1.75946,0.178905
9.28134,2.53676,-0.0627249,-2.57838,-1.51168,0.246945,-1.75946,0.178905
9.28248,2.53676,-0.0627249,-2.57838,-1.51168,0.246945,-1.75946,0.178905
9.28375,2.53676,-0.0627249,-2.57838,-1.51168,0.246945,-1.75946,0.178905
9.28429,2.53676,-0.0627249,-2.57838,-1.51168,0.246945,-1.75946,0.178905
9.28599,2.53676,-0.062725,-2.57838,-1.51169,0.246945,-1.75946,0.178905
9.28727,2.53676,-0.062725,-2.57838,-1.51169,0.246945,-1.75946,0.178905
9.28844,2.53676,-0.0627251,-2.57838,-1.51169,0.246945,-1.75946,0.178905
9.29016,2.53676,-0.0627251,-2.57838,-1.51169,0.246945,-1.75946,0.178905
9.29147,2.53676,-0.0627252,-2.57838,-1.51169,0.246945,-1.75946,0.178905
9.29255,2.53676,-0.0627252,-2.57838,-1.51169,0.246945,-1.75946,0.178905
9.29371,2.53676,-0.0627252,-2.57838,-1.51169,0.246945,-1.75946,0.178905
9.29435,2.53676,-0.0627252,-2.57838,-1.51169,0.246945,-1.75946,0.178905
9.29573,2.53676,-0.0627253,-2.57838,-1.51169,0.246945,-1.75946,0.178905
9.29668,2.53676,-0.0627253,-2.57838,-1.51169,0.246945,-1.75946,0.178905
9.29912,2.53676,-0.0627253,-2.57838,-1.51169,0.246945,-1.75946,0.178905
9.29975,2.53676,-0.0627254,-2.57838,-1.51169,0.246945,-1.75946,0.178905
9.30036,2.53676,-0.0627254,-2.57838,-1.51169,0.246945,-1.75946,0.178905
9.30153,2.53676,-0.0627255,-2.57838,-1.51169,0.246945,-1.75946,0.178905
9.30272,2.53676,-0.0627255,-2.57838,-1.51169,0.246945,-1.75946,0.178905
9.30332,2.53676,-0.0627255,-2.57838,-1.51169,0.246945,-1.75946,0.178905
9.30453,2.53676,-0.0627255,-2.57838,-1.51169,0.246945,-1.75946,0.178905
9.30588,2.53676,-0.0627256,-2.57838,-1.51169,0.246945,-1.75946,0.178905
9.30657,2.53676,-0.0627256,-2.57838,-1.51169,0.246945,-1.75946,0.178905
9.3077,2.53676,-0.0627256,-2.57838,-1.51169,0.246945,-1.75946,0.178905
9.30897,2.53676,-0.0627257,-2.57838,-1.51169,0.246945,-1.75946,0.178905
9.30957,2.53676,-0.0627257,-2.57838,-1.51169,0.246945,-1.75946,0.178905
9.31072,2.53676,-0.0627257,-2.57838,-1.51169,0.246945,-1.75946,0.178905
9.31136,2.53676,-0.0627258,-2.57838,-1.51169,0.246945,-1.75946,0.178905
9.31261,2.53676,-0.0627258,-2.57838,-1.51169,0.246945,-1.75946,0.178905
9.31375,2.53676,-0.0627258,-2.57838,-1.51169,0.246945,-1.75946,0.178905
9.31489,2.53676,-0.0627259,-2.57838,-1.51169,0.246945,-1.75946,0.178905
9.3157,2.53676,-0.0627259,-2.57838,-1.51169,0.246945,-1.75946,0.178905
9.31681,2.53676,-0.0627259,-2.57838,-1.51169,0.246945,-1.75946,0.178905
9.31797,2.53676,-0.0627259,-2.57838,-1.51169,0.246945,-1.75946,0.178905
9.31883,2.53676,-0.062726,-2.57838,-1.51169,0.246945,-1.75946,0.178905
9.31979,2.53676,-0.062726,-2.57838,-1.51169,0.246945,-1.75946,0.178905
9.32067,2.53676,-0.062726,-2.57838,-1.51169,0.246945,-1.75946,0.178905
9.3224,2.53676,-0.0627261,-2.57838,-1.51169,0.246945,-1.75946,0.178905
9.32353,2.53676,-0.0627261,-2.57838,-1.51169,0.246945,-1.75946,0.178905
9.32528,2.53676,-0.0627262,-2.57838,-1.51169,0.246945,-1.75946,0.178905
9.32587,2.53676,-0.0627262,-2.57838,-1.51169,0.246945,-1.75946,0.178905
9.32651,2.53676,-0.0627262,-2.57838,-1.51169,0.246945,-1.75946,0.178905
9.32798,2.53676,-0.0627262,-2.57838,-1.51169,0.246945,-1.75946,0.178905
9.32884,2.53676,-0.0627263,-2.57838,-1.51169,0.246945,-1.75946,0.178905
9.32948,2.53676,-0.0627263,-2.57838,-1.51169,0.246945,-1.75946,0.178905
9.33066,2.53676,-0.0627263,-2.57838,-1.51169,0.246945,-1.75946,0.178905
9.33182,2.53676,-0.0627264,-2.57838,-1.51169,0.246945,-1.75946,0.178905
9.33249,2.53676,-0.0627264,-2.57838,-1.51169,0.246945,-1.75946,0.178905
9.33362,2.53676,-0.0627264,-2.57838,-1.51169,0.246945,-1.75946,0.178905
9.33479,2.53676,-0.0627265,-2.57838,-1.51169,0.246945,-1.75946,0.178905
9.33595,2.53676,-0.0627265,-2.57838,-1.51169,0.246945,-1.75946,0.178905
9.33654,2.53676,-0.0627265,-2.57838,-1.51169,0.246945,-1.75946,0.178905
9.33774,2.53676,-0.0627265,-2.57838,-1.51169,0.246945,-1.75946,0.178905
9.33891,2.53676,-0.0627266,-2.57838,-1.51169,0.246945,-1.75946,0.178905
9.33955,2.53676,-0.0627266,-2.57838,-1.51169,0.246945,-1.75946,0.178905
9.34077,2.53676,-0.0627266,-2.57838,-1.51169,0.246945,-1.75946,0.178905
9.34194,2.53676,-0.0627267,-2.57838,-1.51169,0.246945,-1.75946,0.178905
9.34255,2.53676,-0.0627267,-2.57838,-1.51169,0.246945,-1.75946,0.178905
9.34372,2.53676,-0.0627267,-2.57838,-1.51169,0.246945,-1.75946,0.178905
9.34486,2.53676,-0.0627268,-2.57838,-1.51169,0.246945,-1.75946,0.178905
9.34604,2.53676,-0.0627268,-2.57838,-1.51169,0.246945,-1.75946,0.178905
9.34668,2.53676,-0.0627268,-2.57838,-1.51169,0.246945,-1.75946,0.178905
9.34789,2.53676,-0.0627269,-2.57838,-1.51169,0.246945,-1.75946,0.178905
9.34898,2.53676,-0.0627269,-2.57838,-1.51169,0.246945,-1.75946,0.178905
9.35015,2.53676,-0.0627269,-2.57838,-1.51169,0.246945,-1.75946,0.178905
9.35078,2.53676,-0.0627269,-2.57838,-1.51169,0.246945,-1.75946,0.178905
9.35193,2.53676,-0.062727,-2.57838,-1.51169,0.246945,-1.75946,0.178905
9.35307,2.53676,-0.062727,-2.57838,-1.51169,0.246945,-1.75946,0.178905
9.35368,2.53676,-0.062727,-2.57838,-1.51169,0.246945,-1.75946,0.178905
9.35484,2.53676,-0.0627271,-2.57838,-1.51169,0.246945,-1.75946,0.178905
9.35602,2.53676,-0.0627271,-2.57838,-1.51169,0.246945,-1.75946,0.178905
9.35667,2.53676,-0.0627271,-2.57838,-1.51169,0.246945,-1.75946,0.178905
9.3578,2.53676,-0.0627272,-2.57838,-1.51169,0.246945,-1.75946,0.178905
9.35896,2.53676,-0.0627272,-2.57838,-1.51169,0.246945,-1.75946,0.178905
9.36017,2.53676,-0.0627272,-2.57838,-1.51169,0.246945,-1.75946,0.178905
9.36074,2.53676,-0.0627272,-2.57838,-1.51169,0.246945,-1.75946,0.178905
9.36192,2.53676,-0.0627273,-2.57838,-1.51169,0.246945,-1.75946,0.178905
9.36308,2.53676,-0.0627273,-2.57838,-1.51169,0.246945,-1.75946,0.178905
9.36371,2.53676,-0.0627273,-2.57838,-1.51169,0.246945,-1.75946,0.178905
9.36485,2.53676,-0.0627274,-2.57838,-1.51169,0.246945,-1.75946,0.178905
9.366,2.53676,-0.0627274,-2.57838,-1.51169,0.246945,-1.75946,0.178905
9.36663,2.53676,-0.0627274,-2.57838,-1.51169,0.246945,-1.75946,0.178905
9.36782,2.53676,-0.0627275,-2.57838,-1.51169,0.246945,-1.75946,0.178905
9.36897,2.53676,-0.0627275,-2.57838,-1.51169,0.246945,-1.75946,0.178905
9.37021,2.53676,-0.0627275,-2.57838,-1.51169,0.246945,-1.75946,0.178905
9.37077,2.53676,-0.0627275,-2.57838,-1.51169,0.246945,-1.75946,0.178905
9.37193,2.53676,-0.0627276,-2.57838,-1.51169,0.246945,-1.75946,0.178905
9.37308,2.53676,-0.0627276,-2.57838,-1.51169,0.246945,-1.75946,0.178905
9.37373,2.53676,-0.0627276,-2.57838,-1.51169,0.246945,-1.75946,0.178905
9.37491,2.53676,-0.0627277,-2.57838,-1.51169,0.246945,-1.75946,0.178905
9.37604,2.53676,-0.0627277,-2.57838,-1.51169,0.246945,-1.75946,0.178905
9.37668,2.53676,-0.0627277,-2.57838,-1.51169,0.246945,-1.75946,0.178905
9.37792,2.53676,-0.0627278,-2.57838,-1.51169,0.246945,-1.75946,0.178905
9.37909,2.53676,-0.0627278,-2.57838,-1.51169,0.246945,-1.75946,0.178905
9.38028,2.53676,-0.0627278,-2.57838,-1.51169,0.246945,-1.75946,0.178905
9.38087,2.53676,-0.0627279,-2.57838,-1.51169,0.246945,-1.75946,0.178905
9.38204,2.53676,-0.0627279,-2.57838,-1.51169,0.246945,-1.75946,0.178905
9.38322,2.53676,-0.0627279,-2.57838,-1.51169,0.246945,-1.75946,0.178905
9.38384,2.53676,-0.0627279,-2.57838,-1.51169,0.246945,-1.75946,0.178905
9.38502,2.53676,-0.062728,-2.57838,-1.51169,0.246945,-1.75946,0.178905
9.38647,2.53676,-0.062728,-2.57838,-1.51169,0.246945,-1.75946,0.178905
9.38684,2.53676,-0.062728,-2.57838,-1.51169,0.246945,-1.75946,0.178905
9.38802,2.53676,-0.0627281,-2.57838,-1.51169,0.246945,-1.75946,0.178905
9.38922,2.53676,-0.0627281,-2.57838,-1.51169,0.246945,-1.75946,0.178905
9.39003,2.53676,-0.0627281,-2.57838,-1.51169,0.246945,-1.75946,0.178905
9.39099,2.53676,-0.0627282,-2.57838,-1.51169,0.246945,-1.75946,0.178905
9.39221,2.53676,-0.0627282,-2.57838,-1.51169,0.246945,-1.75946,0.178905
9.39289,2.53676,-0.0627282,-2.57838,-1.51169,0.246945,-1.75946,0.178905
9.39399,2.53676,-0.0627282,-2.57838,-1.51169,0.246945,-1.75946,0.178905
9.39518,2.53676,-0.0627283,-2.57838,-1.51169,0.246945,-1.75946,0.178905
9.3972,2.53676,-0.0627283,-2.57838,-1.51169,0.246945,-1.75946,0.178905
9.39727,2.53676,-0.0627283,-2.57838,-1.51169,0.246945,-1.75946,0.178905
9.39842,2.53676,-0.0627284,-2.57838,-1.51169,0.246945,-1.75946,0.178905
9.39905,2.53676,-0.0627284,-2.57838,-1.51169,0.246945,-1.75946,0.178905
9.40022,2.53676,-0.0627284,-2.57838,-1.51169,0.246945,-1.75946,0.178905
9.40199,2.53676,-0.0627285,-2.57838,-1.51169,0.246945,-1.75946,0.178905
9.40331,2.53676,-0.0627285,-2.57838,-1.51169,0.246945,-1.75946,0.178905
9.40346,2.53676,-0.0627285,-2.57838,-1.51169,0.246945,-1.75946,0.178905
9.40452,2.53676,-0.0627285,-2.57838,-1.51169,0.246945,-1.75946,0.178905
9.40521,2.53676,-0.0627286,-2.57838,-1.51169,0.246945,-1.75946,0.178905
9.40637,2.53676,-0.0627286,-2.57838,-1.51169,0.246945,-1.75946,0.178905
9.40748,2.53676,-0.0627286,-2.57838,-1.51169,0.246945,-1.75946,0.178905
9.40865,2.53676,-0.0627287,-2.57838,-1.51169,0.246945,-1.75946,0.178905
9.40933,2.53676,-0.0627287,-2.57838,-1.51169,0.246945,-1.75946,0.178905
9.41053,2.53676,-0.0627287,-2.57838,-1.51169,0.246945,-1.75946,0.178905
9.41167,2.53676,-0.0627288,-2.57838,-1.51169,0.246945,-1.75946,0.178905
9.4123,2.53676,-0.0627288,-2.57838,-1.51169,0.246945,-1.75946,0.178905
9.41352,2.53676,-0.0627288,-2.57838,-1.51169,0.246945,-1.75946,0.178905
9.41468,2.53676,-0.0627289,-2.57838,-1.51169,0.246945,-1.75946,0.178905
9.41544,2.53676,-0.0627289,-2.57838,-1.51169,0.246945,-1.75946,0.178905
9.41656,2.53676,-0.0627289,-2.57838,-1.51169,0.246945,-1.75946,0.178905
9.41777,2.53676,-0.0627289,-2.57838,-1.51169,0.246945,-1.75946,0.178905
9.41839,2.53676,-0.062729,-2.57838,-1.51169,0.246945,-1.75946,0.178905
9.41957,2.53676,-0.062729,-2.57838,-1.51169,0.246945,-1.75946,0.178905
9.42068,2.53676,-0.062729,-2.57838,-1.51169,0.246945,-1.75946,0.178905
9.42133,2.53676,-0.0627291,-2.57838,-1.51169,0.246945,-1.75946,0.178905
9.42249,2.53676,-0.0627291,-2.57838,-1.51169,0.246945,-1.75946,0.178905
9.42367,2.53676,-0.0627291,-2.57838,-1.51169,0.246945,-1.75946,0.178905
9.42498,2.53676,-0.0627292,-2.57838,-1.51169,0.246945,-1.75946,0.178905
9.42549,2.53676,-0.0627292,-2.57838,-1.51169,0.246945,-1.75946,0.178905
9.42667,2.53676,-0.0627292,-2.57838,-1.51169,0.246945,-1.75946,0.178905
9.42754,2.53676,-0.0627292,-2.57838,-1.51169,0.246945,-1.75946,0.178905
9.42867,2.53676,-0.0627293,-2.57838,-1.51169,0.246945,-1.75946,0.178905
9.42983,2.53676,-0.0627293,-2.57838,-1.51169,0.246945,-1.75946,0.178905
9.43041,2.53676,-0.0627293,-2.57838,-1.51169,0.246945,-1.75946,0.178905
9.43158,2.53676,-0.0627294,-2.57838,-1.51169,0.246945,-1.75946,0.178905
9.43273,2.53676,-0.0627294,-2.57838,-1.51169,0.246945,-1.75946,0.178905
9.43389,2.53676,-0.0627294,-2.57838,-1.51169,0.246945,-1.75946,0.178905
9.43457,2.53676,-0.0627295,-2.57838,-1.51169,0.246945,-1.75946,0.178905
9.43581,2.53676,-0.0627295,-2.57838,-1.51169,0.246945,-1.75946,0.178905
9.43692,2.53676,-0.0627295,-2.57838,-1.51169,0.246945,-1.75946,0.178905
9.43755,2.53676,-0.0627295,-2.57838,-1.51169,0.246945,-1.75946,0.178905
9.43871,2.53676,-0.0627296,-2.57838,-1.51169,0.246945,-1.75946,0.178905
9.43989,2.53676,-0.0627296,-2.57838,-1.51169,0.246945,-1.75946,0.178905
9.44053,2.53676,-0.0627296,-2.57838,-1.51169,0.246945,-1.75946,0.178905
9.4417,2.53676,-0.0627297,-2.57838,-1.51169,0.246945,-1.75946,0.178905
9.44288,2.53676,-0.0627297,-2.57838,-1.51169,0.246945,-1.75946,0.178905
9.44352,2.53676,-0.0627297,-2.57838,-1.51169,0.246945,-1.75946,0.178905
9.44469,2.53676,-0.0627298,-2.57838,-1.51169,0.246945,-1.75946,0.178905
9.44586,2.53676,-0.0627298,-2.57838,-1.51169,0.246945,-1.75946,0.178905
9.44652,2.53676,-0.0627298,-2.57838,-1.51169,0.246945,-1.75946,0.178905
9.44768,2.53676,-0.0627298,-2.57838,-1.51169,0.246945,-1.75946,0.178905
9.44887,2.53676,-0.0627299,-2.57838,-1.51169,0.246945,-1.75946,0.178905
9.44953,2.53676,-0.0627299,-2.57838,-1.51169,0.246945,-1.75946,0.178905
9.45137,2.53676,-0.0627299,-2.57838,-1.51169,0.246945,-1.75946,0.178905
9.45197,2.53676,-0.06273,-2.57838,-1.51169,0.246945,-1.75946,0.178905
9.45263,2.53676,-0.06273,-2.57838,-1.51169,0.246945,-1.75946,0.178905
9.45461,2.53676,-0.06273,-2.57838,-1.51169,0.246945,-1.75946,0.178905
9.45586,2.53676,-0.0627301,-2.57838,-1.51169,0.246945,-1.75946,0.178905
9.45696,2.53676,-0.0627301,-2.57838,-1.51169,0.246945,-1.75946,0.178905
9.45892,2.53676,-0.0627302,-2.57838,-1.51169,0.246945,-1.75946,0.178905
9.45992,2.53676,-0.0627302,-2.57838,-1.51169,0.246945,-1.75946,0.178905
9.46113,2.53676,-0.0627302,-2.57838,-1.51169,0.246945,-1.75946,0.178905
9.46224,2.53676,-0.0627303,-2.57838,-1.51169,0.246945,-1.75946,0.178905
9.46285,2.53676,-0.0627303,-2.57838,-1.51169,0.246945,-1.75946,0.178905
9.46403,2.53676,-0.0627303,-2.57838,-1.51169,0.246945,-1.75946,0.178905
9.46522,2.53676,-0.0627304,-2.57838,-1.51169,0.246945,-1.75946,0.178905
9.46582,2.53676,-0.0627304,-2.57838,-1.51169,0.246945,-1.75946,0.178905
9.467,2.53676,-0.0627304,-2.57838,-1.51169,0.246945,-1.75946,0.178905
9.46817,2.53676,-0.0627305,-2.57838,-1.51169,0.246945,-1.75946,0.178905
9.46876,2.53676,-0.0627305,-2.57838,-1.51169,0.246945,-1.75946,0.178905
9.46989,2.53676,-0.0627305,-2.57838,-1.51169,0.246945,-1.75946,0.178905
9.47165,2.53676,-0.0627305,-2.57838,-1.51169,0.246945,-1.75946,0.178905
9.47231,2.53676,-0.0627306,-2.57838,-1.51169,0.246945,-1.75946,0.178905
9.47356,2.53676,-0.0627306,-2.57838,-1.51169,0.246945,-1.75946,0.178905
9.47412,2.53676,-0.0627306,-2.57838,-1.51169,0.246945,-1.75946,0.178905
9.47533,2.53676,-0.0627307,-2.57838,-1.51169,0.246945,-1.75946,0.178905
9.47589,2.53676,-0.0627307,-2.57838,-1.51169,0.246945,-1.75946,0.178905
9.47713,2.53676,-0.0627307,-2.57838,-1.51169,0.246945,-1.75946,0.178905
9.47783,2.53676,-0.0627308,-2.57838,-1.51169,0.246945,-1.75946,0.178905
9.4801,2.53676,-0.0627308,-2.57838,-1.51169,0.246945,-1.75946,0.178905
9.48126,2.53676,-0.0627308,-2.57838,-1.51169,0.246945,-1.75946,0.178905
9.48253,2.53676,-0.0627309,-2.57838,-1.51169,0.246945,-1.75946,0.178905
9.48309,2.53676,-0.0627309,-2.57838,-1.51169,0.246945,-1.75946,0.178905
9.48484,2.53676,-0.0627309,-2.57838,-1.51169,0.246945,-1.75946,0.178905
9.48492,2.53676,-0.062731,-2.57838,-1.51169,0.246945,-1.75946,0.178905
9.48606,2.53676,-0.062731,-2.57838,-1.51169,0.246945,-1.75946,0.178905
9.48723,2.53676,-0.062731,-2.57838,-1.51169,0.246945,-1.75946,0.178905
9.4879,2.53676,-0.0627311,-2.57838,-1.51169,0.246945,-1.75946,0.178905
9.48908,2.53676,-0.0627311,-2.57838,-1.51169,0.246945,-1.75946,0.178905
9.49084,2.53676,-0.0627311,-2.57838,-1.51169,0.246945,-1.75946,0.178905
9.49094,2.53676,-0.0627312,-2.57838,-1.51169,0.246945,-1.75946,0.178905
9.49208,2.53676,-0.0627312,-2.57838,-1.51169,0.246945,-1.75946,0.178905
9.49384,2.53676,-0.0627312,-2.57838,-1.51169,0.246945,-1.75945,0.178905
9.49521,2.53676,-0.0627313,-2.57838,-1.51169,0.246945,-1.75945,0.178905
9.49638,2.53676,-0.0627313,-2.57838,-1.51169,0.246945,-1.75945,0.178905
9.49709,2.53676,-0.0627313,-2.57838,-1.51169,0.246945,-1.75945,0.178905
9.49878,2.53676,-0.0627314,-2.57838,-1.51169,0.246945,-1.75945,0.178905
9.49937,2.53676,-0.0627314,-2.57838,-1.51169,0.246945,-1.75945,0.178905
9.50058,2.53676,-0.0627314,-2.57838,-1.51169,0.246945,-1.75945,0.178905
9.50129,2.53676,-0.0627315,-2.57838,-1.51169,0.246945,-1.75945,0.178905
9.50269,2.53676,-0.0627315,-2.57838,-1.51169,0.246945,-1.75945,0.178905
9.50347,2.53676,-0.0627315,-2.57838,-1.51169,0.246945,-1.75945,0.178905
9.50475,2.53676,-0.0627315,-2.57838,-1.51169,0.246945,-1.75945,0.178905
9.50546,2.53676,-0.0627316,-2.57838,-1.51169,0.246945,-1.75945,0.178905
9.5066,2.53676,-0.0627316,-2.57838,-1.51169,0.246945,-1.75945,0.178905
9.50722,2.53676,-0.0627316,-2.57838,-1.51169,0.246945,-1.75945,0.178905
9.50848,2.53676,-0.0627317,-2.57838,-1.51169,0.246945,-1.75945,0.178905
9.5096,2.53676,-0.0627317,-2.57838,-1.51169,0.246945,-1.75945,0.178905
9.51027,2.53676,-0.0627317,-2.57838,-1.51169,0.246945,-1.75945,0.178905
9.51146,2.53676,-0.0627318,-2.57838,-1.51169,0.246945,-1.75945,0.178905
9.51265,2.53676,-0.0627318,-2.57838,-1.51169,0.246945,-1.75945,0.178905
9.51333,2.53676,-0.0627318,-2.57838,-1.51169,0.246945,-1.75945,0.178905
9.51459,2.53676,-0.0627318,-2.57838,-1.51169,0.246945,-1.75945,0.178905
9.51527,2.53676,-0.0627319,-2.57838,-1.51169,0.246945,-1.75945,0.178905
9.51648,2.53676,-0.0627319,-2.57838,-1.51169,0.246945,-1.75945,0.178905
9.51824,2.53676,-0.0627319,-2.57838,-1.51169,0.246945,-1.75945,0.178905
9.51946,2.53676,-0.062732,-2.57838,-1.51169,0.246945,-1.75945,0.178905
9.52122,2.53676,-0.062732,-2.57838,-1.51169,0.246945,-1.75945,0.178905
9.5229,2.53676,-0.0627321,-2.57838,-1.51169,0.246945,-1.75945,0.178905
9.52417,2.53676,-0.0627321,-2.57838,-1.51169,0.246945,-1.75945,0.178905
9.52532,2.53676,-0.0627322,-2.57838,-1.51169,0.246945,-1.75945,0.178905
9.5254,2.53676,-0.0627322,-2.57838,-1.51169,0.246945,-1.75945,0.178905
9.52653,2.53676,-0.0627322,-2.57838,-1.51169,0.246945,-1.75945,0.178905
9.52766,2.53676,-0.0627322,-2.57838,-1.51169,0.246945,-1.75945,0.178905
9.52886,2.53676,-0.0627323,-2.57838,-1.51169,0.246945,-1.75945,0.178905
9.53059,2.53676,-0.0627323,-2.57838,-1.51169,0.246945,-1.75945,0.178905
9.53236,2.53676,-0.0627323,-2.57838,-1.51169,0.246945,-1.75945,0.178905
9.53352,2.53676,-0.0627324,-2.57838,-1.51169,0.246945,-1.75945,0.178905
9.53468,2.53676,-0.0627324,-2.57838,-1.51169,0.246945,-1.75945,0.178905
9.53645,2.53676,-0.0627324,-2.57838,-1.51169,0.246945,-1.75945,0.178905
9.53715,2.53676,-0.0627325,-2.57838,-1.51169,0.246945,-1.75945,0.178905
9.53837,2.53676,-0.0627325,-2.57838,-1.51169,0.246945,-1.75945,0.178905
9.54116,2.53676,-0.0627325,-2.57838,-1.51169,0.246945,-1.75945,0.178905
9.54262,2.53676,-0.0627325,-2.57838,-1.51169,0.246945,-1.75945,0.178905
9.54324,2.53676,-0.0627326,-2.57838,-1.51169,0.246945,-1.75945,0.178905
9.54438,2.53676,-0.0627326,-2.57838,-1.51169,0.246945,-1.75945,0.178905
9.54498,2.53676,-0.0627326,-2.57838,-1.51169,0.246945,-1.75945,0.178905
9.54616,2.53676,-0.0627327,-2.57838,-1.51169,0.246945,-1.75945,0.178905
9.54739,2.53676,-0.0627327,-2.57838,-1.51169,0.246945,-1.75945,0.178905
9.5485,2.53676,-0.0627327,-2.57838,-1.51169,0.246945,-1.75945,0.178905
9.54967,2.53676,-0.0627328,-2.57838,-1.51169,0.246945,-1.75945,0.178905
9.55033,2.53676,-0.0627328,-2.57838,-1.51169,0.246945,-1.75945,0.178905
9.55146,2.53676,-0.0627328,-2.57838,-1.51169,0.246945,-1.75945,0.178905
9.55263,2.53676,-0.0627328,-2.57838,-1.51169,0.246945,-1.75945,0.178905
9.55493,2.53676,-0.0627329,-2.57838,-1.51169,0.246945,-1.75945,0.178905
9.55607,2.53676,-0.0627329,-2.57838,-1.51169,0.246945,-1.75945,0.178905
9.55725,2.53676,-0.0627329,-2.57838,-1.5117,0.246945,-1.75945,0.178905
9.55842,2.53676,-0.062733,-2.57838,-1.5117,0.246945,-1.75945,0.178905
9.56019,2.53676,-0.062733,-2.57838,-1.5117,0.246945,-1.75945,0.178905
9.56078,2.53676,-0.062733,-2.57838,-1.5117,0.246945,-1.75945,0.178905
9.56195,2.53676,-0.0627331,-2.57838,-1.5117,0.246945,-1.75945,0.178905
9.56375,2.53676,-0.0627331,-2.57838,-1.5117,0.246945,-1.75945,0.178905
9.56382,2.53676,-0.0627331,-2.57838,-1.5117,0.246945,-1.75945,0.178905
9.56508,2.53676,-0.0627332,-2.57838,-1.5117,0.246945,-1.75945,0.178905
9.5662,2.53676,-0.0627332,-2.57838,-1.5117,0.246945,-1.75945,0.178905
9.56691,2.53676,-0.0627332,-2.57838,-1.5117,0.246945,-1.75945,0.178905
9.56809,2.53676,-0.0627332,-2.57838,-1.5117,0.246945,-1.75945,0.178905
9.5693,2.53676,-0.0627333,-2.57838,-1.5117,0.246945,-1.75945,0.178905
9.56991,2.53676,-0.0627333,-2.57838,-1.5117,0.246945,-1.75945,0.178905
9.57107,2.53676,-0.0627333,-2.57838,-1.5117,0.246945,-1.75945,0.178905
9.57229,2.53676,-0.0627334,-2.57838,-1.5117,0.246945,-1.75945,0.178905
9.57342,2.53676,-0.0627334,-2.57838,-1.5117,0.246945,-1.75945,0.178905
9.57404,2.53676,-0.0627334,-2.57838,-1.5117,0.246945,-1.75945,0.178905
9.57525,2.53676,-0.0627335,-2.57838,-1.5117,0.246945,-1.75945,0.178905
9.57651,2.53676,-0.0627335,-2.57838,-1.5117,0.246945,-1.75945,0.178905
9.57708,2.53676,-0.0627335,-2.57838,-1.5117,0.246945,-1.75945,0.178905
9.57833,2.53676,-0.0627335,-2.57838,-1.5117,0.246945,-1.75945,0.178905
9.57944,2.53676,-0.0627336,-2.57838,-1.5117,0.246945,-1.75945,0.178905
9.58009,2.53676,-0.0627336,-2.57838,-1.5117,0.246945,-1.75945,0.178905
9.58125,2.53676,-0.0627336,-2.57838,-1.5117,0.246945,-1.75945,0.178905
9.58295,2.53676,-0.0627337,-2.57838,-1.5117,0.246945,-1.75945,0.178905
9.58423,2.53676,-0.0627337,-2.57838,-1.5117,0.246945,-1.75945,0.178905
9.58439,2.53676,-0.0627337,-2.57838,-1.5117,0.246945,-1.75945,0.178905
9.58552,2.53676,-0.0627338,-2.57838,-1.5117,0.246945,-1.75945,0.178905
9.58669,2.53676,-0.0627338,-2.57838,-1.5117,0.246945,-1.75945,0.178905
9.5873,2.53676,-0.0627338,-2.57838,-1.5117,0.246945,-1.75945,0.178905
9.5885,2.53676,-0.0627338,-2.57838,-1.5117,0.246945,-1.75945,0.178905
9.58966,2.53676,-0.0627339,-2.57838,-1.5117,0.246945,-1.75945,0.178905
9.59029,2.53676,-0.0627339,-2.57838,-1.5117,0.246945,-1.75945,0.178905
9.59202,2.53676,-0.0627339,-2.57838,-1.5117,0.246945,-1.75945,0.178905
9.5933,2.53676,-0.062734,-2.57838,-1.5117,0.246945,-1.75945,0.178905
9.59556,2.53676,-0.062734,-2.57838,-1.5117,0.246945,-1.75945,0.178905
9.59615,2.53676,-0.062734,-2.57838,-1.5117,0.246945,-1.75945,0.178905
9.59729,2.53676,-0.0627341,-2.57838,-1.5117,0.246945,-1.75945,0.178905
9.59911,2.53676,-0.0627341,-2.57838,-1.5117,0.246945,-1.75945,0.178905
9.60028,2.53676,-0.0627342,-2.57838,-1.5117,0.246945,-1.75945,0.178905
9.60142,2.53676,-0.0627342,-2.57838,-1.5117,0.246945,-1.75945,0.178905
9.60339,2.53676,-0.0627342,-2.57838,-1.5117,0.246945,-1.75945,0.178905
9.60452,2.53676,-0.0627343,-2.57838,-1.5117,0.246945,-1.75945,0.178905
9.6057,2.53676,-0.0627343,-2.57838,-1.5117,0.246945,-1.75945,0.178905
9.60635,2.53676,-0.0627343,-2.57838,-1.5117,0.246945,-1.75945,0.178905
9.60831,2.53676,-0.0627344,-2.57838,-1.5117,0.246945,-1.75945,0.178905
9.61005,2.53676,-0.0627344,-2.57838,-1.5117,0.246945,-1.75945,0.178905
9.61133,2.53676,-0.0627345,-2.57838,-1.5117,0.246945,-1.75945,0.178905
9.61135,2.53676,-0.0627345,-2.57838,-1.5117,0.246945,-1.75945,0.178905
9.61252,2.53676,-0.0627345,-2.57838,-1.5117,0.246945,-1.75945,0.178905
9.61459,2.53676,-0.0627345,-2.57838,-1.5117,0.246945,-1.75945,0.178905
9.61461,2.53676,-0.0627346,-2.57838,-1.5117,0.246945,-1.75945,0.178905
9.61522,2.53676,-0.0627346,-2.57838,-1.5117,0.246945,-1.75945,0.178905
9.61642,2.53676,-0.0627346,-2.57838,-1.5117,0.246945,-1.75945,0.178905
9.61759,2.53676,-0.0627347,-2.57838,-1.5117,0.246945,-1.75945,0.178905
9.61874,2.53676,-0.0627347,-2.57838,-1.5117,0.246945,-1.75945,0.178905
9.61946,2.53676,-0.0627347,-2.57838,-1.5117,0.246945,-1.75945,0.178905
9.62051,2.53676,-0.0627348,-2.57838,-1.5117,0.246945,-1.75945,0.178905
9.62255,2.53676,-0.0627348,-2.57838,-1.5117,0.246945,-1.75945,0.178905
9.62375,2.53676,-0.0627348,-2.57838,-1.5117,0.246945,-1.75945,0.178905
9.62481,2.53676,-0.0627349,-2.57838,-1.5117,0.246945,-1.75945,0.178905
9.6255,2.53676,-0.0627349,-2.57838,-1.5117,0.246945,-1.75945,0.178905
9.62661,2.53676,-0.0627349,-2.57838,-1.5117,0.246945,-1.75945,0.178905
9.62778,2.53676,-0.062735,-2.57838,-1.5117,0.246945,-1.75945,0.178905
9.62854,2.53676,-0.062735,-2.57838,-1.5117,0.246945,-1.75945,0.178905
9.62973,2.53676,-0.062735,-2.57838,-1.5117,0.246945,-1.75945,0.178905
9.63087,2.53676,-0.0627351,-2.57838,-1.5117,0.246945,-1.75945,0.178905
9.6321,2.53676,-0.0627351,-2.57838,-1.5117,0.246945,-1.75945,0.178905
9.6328,2.53676,-0.0627351,-2.57838,-1.5117,0.246945,-1.75945,0.178905
9.63399,2.53676,-0.0627351,-2.57838,-1.5117,0.246945,-1.75945,0.178905
9.63516,2.53676,-0.0627352,-2.57838,-1.5117,0.246945,-1.75945,0.178905
9.6359,2.53676,-0.0627352,-2.57838,-1.5117,0.246945,-1.75945,0.178905
9.63694,2.53676,-0.0627352,-2.57838,-1.5117,0.246945,-1.75945,0.178905
9.63809,2.53676,-0.0627353,-2.57838,-1.5117,0.246945,-1.75945,0.178905
9.63913,2.53676,-0.0627353,-2.57838,-1.5117,0.246945,-1.75945,0.178905
9.6399,2.53676,-0.0627353,-2.57838,-1.5117,0.246945,-1.75945,0.178905
9.64106,2.53676,-0.0627354,-2.57838,-1.5117,0.246945,-1.75945,0.178905
9.64168,2.53676,-0.0627354,-2.57838,-1.5117,0.246945,-1.75945,0.178905
9.64285,2.53676,-0.0627354,-2.57838,-1.5117,0.246945,-1.75945,0.178905
9.64473,2.53676,-0.0627355,-2.57838,-1.5117,0.246945,-1.75945,0.178905
9.6448,2.53676,-0.0627355,-2.57838,-1.5117,0.246945,-1.75945,0.178905
9.64596,2.53676,-0.0627355,-2.57838,-1.5117,0.246945,-1.75945,0.178905
9.64716,2.53676,-0.0627355,-2.57838,-1.5117,0.246945,-1.75945,0.178905
9.64787,2.53676,-0.0627356,-2.57838,-1.5117,0.246945,-1.75945,0.178905
9.64957,2.53676,-0.0627356,-2.57838,-1.5117,0.246945,-1.75945,0.178905
9.65095,2.53676,-0.0627357,-2.57838,-1.5117,0.246945,-1.75945,0.178905
9.65203,2.53676,-0.0627357,-2.57838,-1.5117,0.246945,-1.75945,0.178905
9.65328,2.53676,-0.0627357,-2.57838,-1.5117,0.246945,-1.75945,0.178905
9.65384,2.53676,-0.0627358,-2.57838,-1.5117,0.246945,-1.75945,0.178905
9.65571,2.53676,-0.0627358,-2.57838,-1.5117,0.246945,-1.75945,0.178905
9.65636,2.53676,-0.0627358,-2.57838,-1.5117,0.246945,-1.75945,0.178905
9.65756,2.53676,-0.0627358,-2.57838,-1.5117,0.246945,-1.75945,0.178905
9.6582,2.53676,-0.0627359,-2.57838,-1.5117,0.246945,-1.75945,0.178905
9.65928,2.53676,-0.0627359,-2.57838,-1.5117,0.246944,-1.75945,0.178905
9.66104,2.53676,-0.0627359,-2.57838,-1.5117,0.246944,-1.75945,0.178905
9.66163,2.53676,-0.062736,-2.57838,-1.5117,0.246944,-1.75945,0.178905
9.66228,2.53676,-0.062736,-2.57838,-1.5117,0.246944,-1.75945,0.178905
9.66413,2.53676,-0.062736,-2.57838,-1.5117,0.246944,-1.75945,0.178905
9.66463,2.53676,-0.0627361,-2.57838,-1.5117,0.246944,-1.75945,0.178905
9.66524,2.53676,-0.0627361,-2.57838,-1.5117,0.246944,-1.75945,0.178905
9.66641,2.53676,-0.0627361,-2.57838,-1.5117,0.246944,-1.75945,0.178905
9.66757,2.53676,-0.0627361,-2.57838,-1.5117,0.246944,-1.75945,0.178905
9.6682,2.53676,-0.0627362,-2.57838,-1.5117,0.246944,-1.75945,0.178905
9.66938,2.53676,-0.0627362,-2.57838,-1.5117,0.246944,-1.75945,0.178905
9.67055,2.53676,-0.0627362,-2.57838,-1.5117,0.246944,-1.75945,0.178905
9.6717,2.53676,-0.0627363,-2.57838,-1.5117,0.246944,-1.75945,0.178905
9.67231,2.53676,-0.0627363,-2.57838,-1.5117,0.246944,-1.75945,0.178905
9.67352,2.53676,-0.0627363,-2.57838,-1.5117,0.246944,-1.75945,0.178905
9.67468,2.53676,-0.0627364,-2.57838,-1.5117,0.246944,-1.75945,0.178905
9.67532,2.53676,-0.0627364,-2.57838,-1.5117,0.246944,-1.75945,0.178905
9.67647,2.53676,-0.0627364,-2.57838,-1.5117,0.246944,-1.75945,0.178905
9.67766,2.53676,-0.0627365,-2.57838,-1.5117,0.246944,-1.75945,0.178905
9.67948,2.53676,-0.0627365,-2.57838,-1.5117,0.246944,-1.75945,0.178905
9.68059,2.53676,-0.0627365,-2.57838,-1.5117,0.246944,-1.75945,0.178905
9.68174,2.53676,-0.0627366,-2.57838,-1.5117,0.246944,-1.75945,0.178905
9.68385,2.53676,-0.0627366,-2.57838,-1.5117,0.246944,-1.75945,0.178905
9.68434,2.53676,-0.0627366,-2.57838,-1.5117,0.246944,-1.75945,0.178905
9.68445,2.53676,-0.0627367,-2.57838,-1.5117,0.246944,-1.75945,0.178905
9.68558,2.53676,-0.0627367,-2.57838,-1.5117,0.246944,-1.75945,0.178905
9.68678,2.53676,-0.0627367,-2.57838,-1.5117,0.246944,-1.75945,0.178905
9.68748,2.53676,-0.0627368,-2.57838,-1.5117,0.246944,-1.75945,0.178905
9.68858,2.53676,-0.0627368,-2.57838,-1.5117,0.246944,-1.75945,0.178905
9.68975,2.53676,-0.0627368,-2.57838,-1.5117,0.246944,-1.75945,0.178905
9.69046,2.53676,-0.0627368,-2.57838,-1.5117,0.246944,-1.75945,0.178905
9.69169,2.53676,-0.0627369,-2.57838,-1.5117,0.246944,-1.75945,0.178905
9.69289,2.53676,-0.0627369,-2.57838,-1.5117,0.246944,-1.75945,0.178905
9.69406,2.53676,-0.0627369,-2.57838,-1.5117,0.246944,-1.75945,0.178905
9.69487,2.53676,-0.062737,-2.57838,-1.5117,0.246944,-1.75945,0.178905
9.69591,2.53676,-0.062737,-2.57838,-1.5117,0.246944,-1.75945,0.178905
9.6971,2.53676,-0.062737,-2.57838,-1.5117,0.246944,-1.75945,0.178905
9.69768,2.53676,-0.0627371,-2.57838,-1.5117,0.246944,-1.75945,0.178905
9.69887,2.53676,-0.0627371,-2.57838,-1.5117,0.246944,-1.75945,0.178905
9.70002,2.53676,-0.0627371,-2.57838,-1.5117,0.246944,-1.75945,0.178905
9.70118,2.53676,-0.0627371,-2.57838,-1.5117,0.246944,-1.75945,0.178905
9.7018,2.53676,-0.0627372,-2.57838,-1.5117,0.246944,-1.75945,0.178905
9.70298,2.53676,-0.0627372,-2.57838,-1.5117,0.246944,-1.75945,0.178905
9.70419,2.53676,-0.0627372,-2.57838,-1.5117,0.246944,-1.75945,0.178905
9.7048,2.53676,-0.0627373,-2.57838,-1.5117,0.246944,-1.75945,0.178905
9.70598,2.53676,-0.0627373,-2.57838,-1.5117,0.246944,-1.75945,0.178905
9.70776,2.53676,-0.0627373,-2.57838,-1.5117,0.246944,-1.75945,0.178905
9.70895,2.53676,-0.0627374,-2.57838,-1.5117,0.246944,-1.75945,0.178905
9.71077,2.53676,-0.0627374,-2.57838,-1.5117,0.246944,-1.75945,0.178905
9.71079,2.53676,-0.0627375,-2.57838,-1.5117,0.246944,-1.75945,0.178905
9.71196,2.53676,-0.0627375,-2.57838,-1.5117,0.246944,-1.75945,0.178905
9.71437,2.53676,-0.0627375,-2.57838,-1.5117,0.246944,-1.75945,0.178905
9.71512,2.53676,-0.0627376,-2.57838,-1.5117,0.246944,-1.75945,0.178905
9.71635,2.53676,-0.0627376,-2.57838,-1.5117,0.246944,-1.75945,0.178905
9.71752,2.53676,-0.0627376,-2.57838,-1.5117,0.246944,-1.75945,0.178905
9.71872,2.53676,-0.0627377,-2.57838,-1.5117,0.246944,-1.75945,0.178905
9.72035,2.53676,-0.0627377,-2.57838,-1.5117,0.246944,-1.75945,0.178905
9.72048,2.53676,-0.0627377,-2.57838,-1.5117,0.246944,-1.75945,0.178905
9.72098,2.53676,-0.0627378,-2.57838,-1.5117,0.246944,-1.75945,0.178905
9.72215,2.53676,-0.0627378,-2.57838,-1.5117,0.246944,-1.75945,0.178905
9.72327,2.53676,-0.0627378,-2.57838,-1.5117,0.246944,-1.75945,0.178905
9.72448,2.53676,-0.0627378,-2.57838,-1.5117,0.246944,-1.75945,0.178905
9.7251,2.53676,-0.0627379,-2.57838,-1.5117,0.246944,-1.75945,0.178905
9.72681,2.53676,-0.0627379,-2.57838,-1.5117,0.246944,-1.75944,0.178905
9.72751,2.53676,-0.0627379,-2.57838,-1.5117,0.246944,-1.75944,0.178905
9.72812,2.53676,-0.062738,-2.57838,-1.5117,0.246944,-1.75944,0.178905
9.72933,2.53676,-0.062738,-2.57838,-1.5117,0.246944,-1.75944,0.178905
9.73055,2.53676,-0.062738,-2.57838,-1.5117,0.246944,-1.75944,0.178905
9.73114,2.53676,-0.0627381,-2.57838,-1.5117,0.246944,-1.75944,0.178905
9.73234,2.53676,-0.0627381,-2.57838,-1.5117,0.246944,-1.75944,0.178905
9.73351,2.53676,-0.0627381,-2.57838,-1.5117,0.246944,-1.75944,0.178905
9.73415,2.53676,-0.0627381,-2.57838,-1.5117,0.246944,-1.75944,0.178905
9.73532,2.53676,-0.0627382,-2.57838,-1.5117,0.246944,-1.75944,0.178905
9.73647,2.53676,-0.0627382,-2.57838,-1.5117,0.246944,-1.75944,0.178905
9.73763,2.53676,-0.0627382,-2.57838,-1.5117,0.246944,-1.75944,0.178905
9.73827,2.53676,-0.0627383,-2.57838,-1.5117,0.246944,-1.75944,0.178905
9.73943,2.53676,-0.0627383,-2.57838,-1.5117,0.246944,-1.75944,0.178905
9.74057,2.53676,-0.0627383,-2.57838,-1.5117,0.246944,-1.75944,0.178905
9.74122,2.53676,-0.0627384,-2.57838,-1.5117,0.246944,-1.75944,0.178905
9.74237,2.53676,-0.0627384,-2.57838,-1.5117,0.246944,-1.75944,0.178905
9.74351,2.53676,-0.0627384,-2.57838,-1.5117,0.246944,-1.75944,0.178905
9.74419,2.53676,-0.0627385,-2.57838,-1.5117,0.246944,-1.75944,0.178905
9.74532,2.53676,-0.0627385,-2.57838,-1.5117,0.246944,-1.75944,0.178905
9.74648,2.53676,-0.0627385,-2.57838,-1.5117,0.246944,-1.75944,0.178905
9.74769,2.53676,-0.0627385,-2.57838,-1.5117,0.246944,-1.75944,0.178905
9.74835,2.53676,-0.0627386,-2.57838,-1.5117,0.246944,-1.75944,0.178905
9.74946,2.53676,-0.0627386,-2.57838,-1.5117,0.246944,-1.75944,0.178905
9.75065,2.53676,-0.0627386,-2.57838,-1.5117,0.246944,-1.75944,0.178905
9.75131,2.53676,-0.0627387,-2.57838,-1.5117,0.246944,-1.75944,0.178905
9.75244,2.53676,-0.0627387,-2.57838,-1.5117,0.246944,-1.75944,0.178905
9.7536,2.53676,-0.0627387,-2.57838,-1.5117,0.246944,-1.75944,0.178905
9.75428,2.53676,-0.0627388,-2.57838,-1.5117,0.246944,-1.75944,0.178905
9.75541,2.53676,-0.0627388,-2.57838,-1.5117,0.246944,-1.75944,0.178905
9.75651,2.53676,-0.0627388,-2.57838,-1.5117,0.246944,-1.75944,0.178905
9.75767,2.53676,-0.0627388,-2.57838,-1.5117,0.246944,-1.75944,0.178905
9.75835,2.53676,-0.0627389,-2.57838,-1.5117,0.246944,-1.75944,0.178905
9.75948,2.53676,-0.0627389,-2.57838,-1.5117,0.246944,-1.75944,0.178905
9.7607,2.53676,-0.0627389,-2.57838,-1.5117,0.246944,-1.75944,0.178905
9.76183,2.53676,-0.062739,-2.57838,-1.5117,0.246944,-1.75944,0.178905
9.7625,2.53676,-0.062739,-2.57838,-1.5117,0.246944,-1.75944,0.178905
9.76364,2.53676,-0.062739,-2.57838,-1.5117,0.246944,-1.75944,0.178905
9.76447,2.53676,-0.0627391,-2.57838,-1.5117,0.246944,-1.75944,0.178905
9.76549,2.53676,-0.0627391,-2.57838,-1.5117,0.246944,-1.75944,0.178905
9.76666,2.53676,-0.0627391,-2.57838,-1.5117,0.246944,-1.75944,0.178905
9.76732,2.53676,-0.0627391,-2.57838,-1.5117,0.246944,-1.75944,0.178904
9.7685,2.53676,-0.0627392,-2.57838,-1.5117,0.246944,-1.75944,0.178904
9.76968,2.53676,-0.0627392,-2.57838,-1.5117,0.246944,-1.75944,0.178904
9.7706,2.53676,-0.0627392,-2.57838,-1.5117,0.246944,-1.75944,0.178904
9.77167,2.53676,-0.0627393,-2.57838,-1.5117,0.246944,-1.75944,0.178904
9.77269,2.53676,-0.0627393,-2.57838,-1.5117,0.246944,-1.75944,0.178904
9.77338,2.53676,-0.0627393,-2.57838,-1.5117,0.246944,-1.75944,0.178904
9.77453,2.53676,-0.0627394,-2.57838,-1.5117,0.246944,-1.75944,0.178904
9.77569,2.53676,-0.0627394,-2.57838,-1.5117,0.246944,-1.75944,0.178904
9.77637,2.53676,-0.0627394,-2.57838,-1.5117,0.246944,-1.75944,0.178904
9.77763,2.53676,-0.0627395,-2.57838,-1.5117,0.246944,-1.75944,0.178904
9.77884,2.53676,-0.0627395,-2.57838,-1.5117,0.246944,-1.75944,0.178904
9.77948,2.53676,-0.0627395,-2.57838,-1.5117,0.246944,-1.75944,0.178904
9.78062,2.53676,-0.0627395,-2.57838,-1.5117,0.246944,-1.75944,0.178904
9.78201,2.53676,-0.0627396,-2.57838,-1.5117,0.246944,-1.75944,0.178904
9.78294,2.53676,-0.0627396,-2.57838,-1.5117,0.246944,-1.75944,0.178904
9.78358,2.53676,-0.0627396,-2.57838,-1.5117,0.246944,-1.75944,0.178904
9.78472,2.53676,-0.0627397,-2.57838,-1.5117,0.246944,-1.75944,0.178904
9.78589,2.53676,-0.0627397,-2.57838,-1.5117,0.246944,-1.75944,0.178904
9.78655,2.53676,-0.0627397,-2.57838,-1.5117,0.246944,-1.75944,0.178904
9.78769,2.53676,-0.0627398,-2.57838,-1.5117,0.246944,-1.75944,0.178904
9.78885,2.53676,-0.0627398,-2.57838,-1.5117,0.246944,-1.75944,0.178904
9.78949,2.53676,-0.0627398,-2.57838,-1.5117,0.246944,-1.75944,0.178904
9.79066,2.53676,-0.0627398,-2.57838,-1.5117,0.246944,-1.75944,0.178904
9.79181,2.53676,-0.0627399,-2.57838,-1.5117,0.246944,-1.75944,0.178904
9.79301,2.53676,-0.0627399,-2.57838,-1.5117,0.246944,-1.75944,0.178904
9.7936,2.53676,-0.0627399,-2.57838,-1.5117,0.246944,-1.75944,0.178904
9.79476,2.53676,-0.06274,-2.57838,-1.5117,0.246944,-1.75944,0.178904
9.79597,2.53676,-0.06274,-2.57838,-1.5117,0.246944,-1.75944,0.178904
9.79661,2.53676,-0.06274,-2.57838,-1.5117,0.246944,-1.75944,0.178904
9.79773,2.53676,-0.0627401,-2.57838,-1.5117,0.246944,-1.75944,0.178904
9.79889,2.53676,-0.0627401,-2.57838,-1.5117,0.246944,-1.75944,0.178904
9.80005,2.53676,-0.0627401,-2.57838,-1.5117,0.246944,-1.75944,0.178904
9.80066,2.53676,-0.0627401,-2.57838,-1.5117,0.246944,-1.75944,0.178904
9.80178,2.53676,-0.0627402,-2.57838,-1.5117,0.246944,-1.75944,0.178904
9.80294,2.53676,-0.0627402,-2.57838,-1.5117,0.246944,-1.75944,0.178904
9.80408,2.53676,-0.0627402,-2.57838,-1.5117,0.246944,-1.75944,0.178904
9.8047,2.53676,-0.0627403,-2.57838,-1.5117,0.246944,-1.75944,0.178904
9.80586,2.53676,-0.0627403,-2.57838,-1.5117,0.246944,-1.75944,0.178904
9.80702,2.53676,-0.0627403,-2.57838,-1.5117,0.246944,-1.75944,0.178904
9.80766,2.53676,-0.0627404,-2.57838,-1.5117,0.246944,-1.75944,0.178904
9.80882,2.53676,-0.0627404,-2.57838,-1.5117,0.246944,-1.75944,0.178904
9.81001,2.53676,-0.0627404,-2.57838,-1.5117,0.246944,-1.75944,0.178904
9.81122,2.53676,-0.0627404,-2.57838,-1.5117,0.246944,-1.75944,0.178904
9.81185,2.53676,-0.0627405,-2.57838,-1.5117,0.246944,-1.75944,0.178904
9.81299,2.53676,-0.0627405,-2.57838,-1.5117,0.246944,-1.75944,0.178904
9.81361,2.53676,-0.0627405,-2.57838,-1.5117,0.246944,-1.75944,0.178904
9.81478,2.53676,-0.0627406,-2.57838,-1.5117,0.246944,-1.75944,0.178904
9.81595,2.53676,-0.0627406,-2.57838,-1.5117,0.246944,-1.75944,0.178904
9.81708,2.53676,-0.0627406,-2.57838,-1.5117,0.246944,-1.75944,0.178904
9.8177,2.53676,-0.0627407,-2.57838,-1.5117,0.246944,-1.75944,0.178904
9.81884,2.53676,-0.0627407,-2.57838,-1.5117,0.246944,-1.75944,0.178904
9.82,2.53676,-0.0627407,-2.57838,-1.5117,0.246944,-1.75944,0.178904
9.82063,2.53676,-0.0627408,-2.57838,-1.5117,0.246944,-1.75944,0.178904
9.82179,2.53676,-0.0627408,-2.57838,-1.5117,0.246944,-1.75944,0.178904
9.82294,2.53676,-0.0627408,-2.57838,-1.5117,0.246944,-1.75944,0.178904
9.82408,2.53676,-0.0627408,-2.57838,-1.5117,0.246944,-1.75944,0.178904
9.82473,2.53676,-0.0627409,-2.57838,-1.5117,0.246944,-1.75944,0.178904
9.82591,2.53676,-0.0627409,-2.57838,-1.51171,0.246944,-1.75944,0.178904
9.82715,2.53676,-0.0627409,-2.57838,-1.51171,0.246944,-1.75944,0.178904
9.82773,2.53676,-0.062741,-2.57838,-1.51171,0.246944,-1.75944,0.178904
9.8289,2.53676,-0.062741,-2.57838,-1.51171,0.246944,-1.75944,0.178904
9.83009,2.53676,-0.062741,-2.57838,-1.51171,0.246944,-1.75944,0.178904
9.8307,2.53676,-0.0627411,-2.57838,-1.51171,0.246944,-1.75944,0.178904
9.83186,2.53676,-0.0627411,-2.57838,-1.51171,0.246944,-1.75944,0.178904
9.83303,2.53676,-0.0627411,-2.57838,-1.51171,0.246944,-1.75944,0.178904
9.83437,2.53676,-0.0627411,-2.57838,-1.51171,0.246944,-1.75944,0.178904
9.83481,2.53676,-0.0627412,-2.57838,-1.51171,0.246944,-1.75944,0.178904
9.836,2.53676,-0.0627412,-2.57838,-1.51171,0.246944,-1.75944,0.178904
9.83722,2.53676,-0.0627412,-2.57838,-1.51171,0.246944,-1.75944,0.178904
9.83783,2.53676,-0.0627413,-2.57838,-1.51171,0.246944,-1.75944,0.178904
9.83905,2.53676,-0.0627413,-2.57838,-1.51171,0.246944,-1.75944,0.178904
9.83967,2.53676,-0.0627413,-2.57838,-1.51171,0.246944,-1.75944,0.178904
9.84083,2.53676,-0.0627414,-2.57838,-1.51171,0.246944,-1.75944,0.178904
9.84204,2.53676,-0.0627414,-2.57838,-1.51171,0.246944,-1.75944,0.178904
9.84268,2.53676,-0.0627414,-2.57838,-1.51171,0.246944,-1.75944,0.178904
9.84398,2.53676,-0.0627414,-2.57838,-1.51171,0.246944,-1.75944,0.178904
9.84515,2.53676,-0.0627415,-2.57838,-1.51171,0.246944,-1.75944,0.178904
9.84618,2.53676,-0.0627415,-2.57838,-1.51171,0.246944,-1.75944,0.178904
9.84747,2.53676,-0.0627415,-2.57838,-1.51171,0.246944,-1.75944,0.178904
9.84876,2.53676,-0.0627416,-2.57838,-1.51171,0.246944,-1.75944,0.178904
9.84886,2.53676,-0.0627416,-2.57838,-1.51171,0.246944,-1.75944,0.178904
9.85002,2.53676,-0.0627416,-2.57838,-1.51171,0.246944,-1.75944,0.178904
9.85121,2.53676,-0.0627417,-2.57838,-1.51171,0.246944,-1.75944,0.178904
9.85246,2.53676,-0.0627417,-2.57838,-1.51171,0.246944,-1.75944,0.178904
9.85303,2.53676,-0.0627417,-2.57838,-1.51171,0.246944,-1.75944,0.178904
9.85421,2.53676,-0.0627418,-2.57838,-1.51171,0.246944,-1.75944,0.178904
9.85482,2.53676,-0.0627418,-2.57838,-1.51171,0.246944,-1.75944,0.178904
9.85599,2.53676,-0.0627418,-2.57838,-1.51171,0.246944,-1.75944,0.178904
9.85716,2.53676,-0.0627418,-2.57838,-1.51171,0.246944,-1.75944,0.178904
9.85836,2.53676,-0.0627419,-2.57838,-1.51171,0.246944,-1.75944,0.178904
9.85898,2.53676,-0.0627419,-2.57838,-1.51171,0.246944,-1.75944,0.178904
9.86013,2.53676,-0.0627419,-2.57838,-1.51171,0.246944,-1.75944,0.178904
9.86136,2.53676,-0.062742,-2.57838,-1.51171,0.246944,-1.75944,0.178904
9.86194,2.53676,-0.062742,-2.57838,-1.51171,0.246944,-1.75944,0.178904
9.86309,2.53676,-0.062742,-2.57838,-1.51171,0.246944,-1.75944,0.178904
9.86426,2.53676,-0.0627421,-2.57838,-1.51171,0.246944,-1.75944,0.178904
9.86488,2.53676,-0.0627421,-2.57838,-1.51171,0.246944,-1.75944,0.178904
9.86612,2.53676,-0.0627421,-2.57838,-1.51171,0.246944,-1.75944,0.178904
9.86723,2.53676,-0.0627421,-2.57838,-1.51171,0.246944,-1.75944,0.178904
9.86791,2.53676,-0.0627422,-2.57838,-1.51171,0.246944,-1.75944,0.178904
9.869,2.53676,-0.0627422,-2.57838,-1.51171,0.246944,-1.75944,0.178904
9.87019,2.53676,-0.0627422,-2.57838,-1.51171,0.246944,-1.75944,0.178904
9.87081,2.53676,-0.0627423,-2.57838,-1.51171,0.246944,-1.75944,0.178904
9.87198,2.53676,-0.0627423,-2.57838,-1.51171,0.246944,-1.75944,0.178904
9.87319,2.53676,-0.0627423,-2.57838,-1.51171,0.246944,-1.75944,0.178904
9.87439,2.53676,-0.0627424,-2.57838,-1.51171,0.246944,-1.75944,0.178904
9.87498,2.53676,-0.0627424,-2.57838,-1.51171,0.246944,-1.75944,0.178904
9.87619,2.53676,-0.0627424,-2.57838,-1.51171,0.246944,-1.75944,0.178904
9.8768,2.53676,-0.0627424,-2.57838,-1.51171,0.246944,-1.75944,0.178904
9.878,2.53676,-0.0627425,-2.57838,-1.51171,0.246944,-1.75944,0.178904
9.87925,2.53676,-0.0627425,-2.57838,-1.51171,0.246944,-1.75944,0.178904
9.87984,2.53676,-0.0627425,-2.57838,-1.51171,0.246944,-1.75944,0.178904
9.88099,2.53676,-0.0627426,-2.57838,-1.51171,0.246944,-1.75944,0.178904
9.88222,2.53676,-0.0627426,-2.57838,-1.51171,0.246944,-1.75944,0.178904
9.88339,2.53676,-0.0627426,-2.57838,-1.51171,0.246944,-1.75944,0.178904
9.884,2.53676,-0.0627427,-2.57838,-1.51171,0.246944,-1.75944,0.178904
9.88516,2.53676,-0.0627427,-2.57838,-1.51171,0.246944,-1.75944,0.178904
9.88634,2.53676,-0.0627427,-2.57838,-1.51171,0.246944,-1.75944,0.178904
9.88695,2.53676,-0.0627428,-2.57838,-1.51171,0.246944,-1.75944,0.178904
9.88811,2.53676,-0.0627428,-2.57838,-1.51171,0.246944,-1.75944,0.178904
9.8895,2.53676,-0.0627428,-2.57838,-1.51171,0.246944,-1.75944,0.178904
9.88994,2.53676,-0.0627428,-2.57838,-1.51171,0.246944,-1.75944,0.178904
9.89109,2.53676,-0.0627429,-2.57838,-1.51171,0.246944,-1.75944,0.178904
9.89231,2.53676,-0.0627429,-2.57838,-1.51171,0.246944,-1.75944,0.178904
9.8929,2.53676,-0.0627429,-2.57838,-1.51171,0.246944,-1.75944,0.178904
9.89412,2.53676,-0.062743,-2.57838,-1.51171,0.246944,-1.75944,0.178904
9.89529,2.53676,-0.062743,-2.57838,-1.51171,0.246944,-1.75944,0.178904
9.89591,2.53676,-0.062743,-2.57838,-1.51171,0.246944,-1.75944,0.178904
9.89702,2.53676,-0.0627431,-2.57838,-1.51171,0.246944,-1.75944,0.178904
9.89822,2.53676,-0.0627431,-2.57838,-1.51171,0.246944,-1.75944,0.178904
9.89937,2.53676,-0.0627431,-2.57838,-1.51171,0.246944,-1.75944,0.178904
9.90002,2.53676,-0.0627431,-2.57838,-1.51171,0.246944,-1.75944,0.178904
9.90119,2.53676,-0.0627432,-2.57838,-1.51171,0.246944,-1.75944,0.178904
9.9024,2.53676,-0.0627432,-2.57838,-1.51171,0.246944,-1.75944,0.178904
9.90299,2.53676,-0.0627432,-2.57838,-1.51171,0.246944,-1.75944,0.178904
9.90414,2.53676,-0.0627433,-2.57838,-1.51171,0.246944,-1.75944,0.178904
9.90569,2.53676,-0.0627433,-2.57838,-1.51171,0.246944,-1.75944,0.178904
9.90634,2.53676,-0.0627433,-2.57838,-1.51171,0.246944,-1.75944,0.178904
9.90711,2.53676,-0.0627434,-2.57838,-1.51171,0.246944,-1.75944,0.178904
9.9081,2.53676,-0.0627434,-2.57838,-1.51171,0.246944,-1.75944,0.178904
9.90934,2.53676,-0.0627434,-2.57838,-1.51171,0.246944,-1.75944,0.178904
9.90998,2.53676,-0.0627434,-2.57838,-1.51171,0.246944,-1.75944,0.178904
9.91109,2.53676,-0.0627435,-2.57838,-1.51171,0.246944,-1.75944,0.178904
9.91221,2.53676,-0.0627435,-2.57838,-1.51171,0.246944,-1.75944,0.178904
9.91346,2.53676,-0.0627435,-2.57838,-1.51171,0.246944,-1.75944,0.178904
9.91409,2.53676,-0.0627436,-2.57838,-1.51171,0.246944,-1.75944,0.178904
9.91524,2.53676,-0.0627436,-2.57838,-1.51171,0.246944,-1.75944,0.178904
9.91649,2.53676,-0.0627436,-2.57838,-1.51171,0.246944,-1.75944,0.178904
9.91722,2.53676,-0.0627437,-2.57838,-1.51171,0.246944,-1.75944,0.178904
9.91925,2.53676,-0.0627437,-2.57838,-1.51171,0.246944,-1.75944,0.178904
9.92036,2.53676,-0.0627438,-2.57838,-1.51171,0.246944,-1.75944,0.178904
9.92197,2.53676,-0.0627438,-2.57838,-1.51171,0.246944,-1.75944,0.178904
9.92319,2.53676,-0.0627438,-2.57838,-1.51171,0.246944,-1.75944,0.178904
9.92447,2.53676,-0.0627439,-2.57838,-1.51171,0.246944,-1.75944,0.178904
9.92512,2.53676,-0.0627439,-2.57838,-1.51171,0.246944,-1.75944,0.178904
9.9272,2.53676,-0.0627439,-2.57838,-1.51171,0.246944,-1.75944,0.178904
9.92752,2.53676,-0.062744,-2.57838,-1.51171,0.246944,-1.75944,0.178904
9.92933,2.53676,-0.062744,-2.57838,-1.51171,0.246944,-1.75944,0.178904
9.92942,2.53676,-0.062744,-2.57838,-1.51171,0.246944,-1.75944,0.178904
9.93057,2.53676,-0.0627441,-2.57838,-1.51171,0.246944,-1.75944,0.178904
9.93128,2.53676,-0.0627441,-2.57838,-1.51171,0.246944,-1.75944,0.178904
9.93241,2.53676,-0.0627441,-2.57838,-1.51171,0.246944,-1.75944,0.178904
9.93351,2.53676,-0.0627441,-2.57838,-1.51171,0.246944,-1.75944,0.178904
9.93424,2.53676,-0.0627442,-2.57838,-1.51171,0.246944,-1.75944,0.178904
9.93529,2.53676,-0.0627442,-2.57838,-1.51171,0.246944,-1.75944,0.178904
9.93646,2.53676,-0.0627442,-2.57838,-1.51171,0.246944,-1.75944,0.178904
9.93767,2.53676,-0.0627443,-2.57838,-1.51171,0.246944,-1.75944,0.178904
9.93828,2.53676,-0.0627443,-2.57838,-1.51171,0.246944,-1.75944,0.178904
9.93951,2.53676,-0.0627443,-2.57838,-1.51171,0.246944,-1.75944,0.178904
9.94067,2.53676,-0.0627444,-2.57838,-1.51171,0.246944,-1.75944,0.178904
9.94128,2.53676,-0.0627444,-2.57838,-1.51171,0.246944,-1.75944,0.178904
9.94244,2.53676,-0.0627444,-2.57838,-1.51171,0.246944,-1.75944,0.178904
9.94363,2.53676,-0.0627444,-2.57838,-1.51171,0.246944,-1.75944,0.178904
9.94439,2.53676,-0.0627445,-2.57838,-1.51171,0.246944,-1.75944,0.178904
9.94555,2.53676,-0.0627445,-2.57838,-1.51171,0.246944,-1.75944,0.178904
9.94669,2.53676,-0.0627445,-2.57838,-1.51171,0.246944,-1.75944,0.178904
9.94747,2.53676,-0.0627446,-2.57838,-1.51171,0.246944,-1.75944,0.178904
9.94848,2.53676,-0.0627446,-2.57838,-1.51171,0.246944,-1.75944,0.178904
9.94965,2.53676,-0.0627446,-2.57838,-1.51171,0.246944,-1.75943,0.178904
9.95035,2.53676,-0.0627447,-2.57838,-1.51171,0.246944,-1.75943,0.178904
9.95145,2.53676,-0.0627447,-2.57838,-1.51171,0.246944,-1.75943,0.178904
9.95325,2.53676,-0.0627447,-2.57838,-1.51171,0.246944,-1.75943,0.178904
9.9544,2.53676,-0.0627448,-2.57838,-1.51171,0.246944,-1.75943,0.178904
9.95552,2.53676,-0.0627448,-2.57838,-1.51171,0.246944,-1.75943,0.178904
9.95669,2.53676,-0.0627448,-2.57838,-1.51171,0.246944,-1.75943,0.178904
9.9574,2.53676,-0.0627449,-2.57838,-1.51171,0.246944,-1.75943,0.178904
9.95852,2.53676,-0.0627449,-2.57838,-1.51171,0.246944,-1.75943,0.178904
9.95971,2.53676,-0.0627449,-2.57838,-1.51171,0.246944,-1.75943,0.178904
9.96036,2.53676,-0.062745,-2.57838,-1.51171,0.246944,-1.75943,0.178904
9.96151,2.53676,-0.062745,-2.57838,-1.51171,0.246944,-1.75943,0.178904
9.96331,2.53676,-0.062745,-2.57838,-1.51171,0.246944,-1.75943,0.178904
9.96444,2.53676,-0.0627451,-2.57838,-1.51171,0.246944,-1.75943,0.178904
9.9656,2.53676,-0.0627451,-2.57838,-1.51171,0.246944,-1.75943,0.178904
9.96744,2.53676,-0.0627451,-2.57838,-1.51171,0.246944,-1.75943,0.178904
9.96854,2.53676,-0.0627452,-2.57838,-1.51171,0.246944,-1.75943,0.178904
9.96971,2.53676,-0.0627452,-2.57838,-1.51171,0.246944,-1.75943,0.178904
9.9709,2.53676,-0.0627453,-2.57838,-1.51171,0.246944,-1.75943,0.178904
9.97156,2.53676,-0.0627453,-2.57838,-1.51171,0.246944,-1.75943,0.178904
9.97274,2.53676,-0.0627453,-2.57838,-1.51171,0.246944,-1.75943,0.178904
9.97396,2.53676,-0.0627454,-2.57838,-1.51171,0.246944,-1.75943,0.178904
9.97458,2.53676,-0.0627454,-2.57838,-1.51171,0.246944,-1.75943,0.178904
