0.006626 0.167064 -3.735239 -0.351049 0.279093 0.004477 
0.015815 0.162201 -3.932756 -0.351228 0.279153 0.006453 
0.031465 0.161976 -4.119916 -0.351210 0.279073 0.008223 
0.026288 0.155689 -4.379217 -0.351243 0.279529 0.010461 
0.018706 0.142582 -4.420677 -0.351177 0.279678 0.010739 
0.017088 0.150518 -4.286172 -0.350808 0.279864 0.009456 
0.015180 0.151307 -4.089209 -0.350654 0.279751 0.007693 
0.006858 0.155816 -3.902386 -0.350637 0.279783 0.006032 
0.004553 0.165847 -3.653770 -0.350421 0.279478 0.003889 
-0.002761 0.171074 -3.621727 -0.350550 0.279239 0.003388 
0.012646 0.172063 -3.746213 -0.350688 0.278864 0.004574 
0.014506 0.162914 -3.943392 -0.350901 0.278973 0.006441 
0.015677 0.155209 -4.129572 -0.351105 0.278703 0.008001 
0.016914 0.145200 -4.378731 -0.351001 0.279016 0.010138 
0.017511 0.136290 -4.419147 -0.351222 0.279109 0.010209 
0.016526 0.144692 -4.275084 -0.351011 0.279194 0.009259 
0.007793 0.148932 -4.068313 -0.350836 0.279321 0.007611 
0.005731 0.157749 -3.882371 -0.350464 0.279311 0.006052 
-0.002794 0.162449 -3.634018 -0.350450 0.279334 0.004122 
-0.002330 0.171209 -3.623405 -0.350549 0.279237 0.004030 
0.006253 0.175649 -3.738084 -0.350667 0.279102 0.005330 
0.021902 0.175425 -3.925244 -0.350649 0.279022 0.007101 
0.023595 0.174569 -4.121369 -0.350804 0.279135 0.008542 
0.032314 0.160817 -4.359844 -0.350883 0.279296 0.010584 
0.024275 0.148334 -4.410559 -0.350812 0.279258 0.010535 
0.023462 0.147820 -4.274888 -0.350824 0.279433 0.009040 
0.014097 0.151593 -4.077676 -0.350492 0.279661 0.007059 
0.005775 0.156103 -3.890854 -0.350476 0.279692 0.005397 
-0.003594 0.170276 -3.642523 -0.350234 0.279439 0.003363 
0.010804 0.170548 -3.612229 -0.350225 0.279334 0.003389 
0.011617 0.171062 -3.747900 -0.350214 0.279159 0.004884 
0.028181 0.178845 -3.945539 -0.350299 0.279173 0.006863 
0.036959 0.173711 -4.123107 -0.350320 0.279329 0.008852 
0.031045 0.160507 -4.371624 -0.350403 0.279403 0.010887 
0.031690 0.159957 -4.411825 -0.350565 0.279499 0.010854 
0.023113 0.155646 -4.266800 -0.350448 0.279631 0.009579 
0.014576 0.160088 -4.079139 -0.350432 0.279663 0.007596 
0.005804 0.165351 -3.871224 -0.350412 0.279502 0.005633 
0.003840 0.158172 -3.632054 -0.350476 0.279284 0.003372 
0.010980 0.171638 -3.611924 -0.350378 0.279046 0.003395 
0.019275 0.168409 -3.736911 -0.350549 0.278720 0.004794 
0.028310 0.171575 -3.945449 -0.350511 0.278882 0.006974 
0.036431 0.166733 -4.143508 -0.350368 0.278950 0.008944 
0.030340 0.152439 -4.392330 -0.350298 0.279312 0.010972 
0.029923 0.152039 -4.402728 -0.350140 0.279412 0.010960 
0.029110 0.151525 -4.267057 -0.350152 0.279587 0.009465 
0.013292 0.160043 -4.078843 -0.350112 0.279671 0.007270 
0.018913 0.165449 -3.870980 -0.350082 0.279411 0.005307 
0.010823 0.169660 -3.631643 -0.350231 0.279527 0.003048 
0.010736 0.162323 -3.630714 -0.350443 0.279237 0.002838 
0.012013 0.171597 -3.755772 -0.350531 0.278965 0.004241 
0.029134 0.162237 -3.963696 -0.350897 0.279064 0.006422 
0.030847 0.161245 -4.141551 -0.350893 0.279272 0.008519 
0.032300 0.151304 -4.391549 -0.350788 0.279584 0.010977 
0.032487 0.142123 -4.412017 -0.350851 0.279773 0.011062 
0.024221 0.154601 -4.267401 -0.350616 0.279910 0.009899 
0.015032 0.159464 -4.069884 -0.350437 0.279850 0.007923 
0.020949 0.172146 -3.894135 -0.350193 0.279883 0.006466 
0.010637 0.169064 -3.654955 -0.349912 0.279725 0.003986 
0.009784 0.178930 -3.612557 -0.349845 0.279345 0.003279 
0.024927 0.171491 -3.736418 -0.350043 0.278968 0.004249 
0.027012 0.171794 -3.933077 -0.350350 0.278792 0.006018 
0.036401 0.167262 -4.119357 -0.350688 0.278753 0.007685 
0.030286 0.153726 -4.379111 -0.350612 0.278926 0.010028 
0.030689 0.144613 -4.400417 -0.350674 0.279115 0.010434 
0.022369 0.148601 -4.286362 -0.350497 0.279253 0.009350 
0.013637 0.152840 -4.079592 -0.350323 0.279380 0.007702 
0.011991 0.162057 -3.883252 -0.350109 0.279270 0.006155 
0.010161 0.170576 -3.644795 -0.349902 0.279345 0.004000 
0.003304 0.175179 -3.603499 -0.350037 0.279293 0.003825 
0.011207 0.170791 -3.727952 -0.350056 0.279255 0.004897 
0.020619 0.175379 -3.924948 -0.350329 0.279030 0.006774 
0.030008 0.170848 -4.111228 -0.350666 0.278991 0.008441 
0.032314 0.160817 -4.359844 -0.350883 0.279296 0.010584 
0.025584 0.147621 -4.399923 -0.351139 0.279438 0.010547 
0.016814 0.152362 -4.264776 -0.350957 0.279385 0.009161 
0.007402 0.147774 -4.067779 -0.350684 0.279609 0.007284 
0.006214 0.165622 -3.891172 -0.350569 0.279407 0.005620 
0.004103 0.166600 -3.632678 -0.350417 0.279287 0.003588 
0.004519 0.166999 -3.622280 -0.350575 0.279187 0.003601 
0.012034 0.171461 -3.737502 -0.350372 0.279059 0.004896 
0.020565 0.166890 -3.955509 -0.350387 0.279031 0.006853 
0.037523 0.165952 -4.132033 -0.350696 0.279131 0.008634 
0.031609 0.152748 -4.380550 -0.350778 0.279205 0.010669 
0.024275 0.148334 -4.410559 -0.350812 0.279258 0.010535 
0.024066 0.139038 -4.284958 -0.351046 0.279522 0.009138 
0.007790 0.138924 -4.077011 -0.350907 0.279699 0.007060 
0.006368 0.157593 -3.880151 -0.350787 0.279304 0.005416 
-0.002157 0.162292 -3.631797 -0.350772 0.279328 0.003485 
0.005635 0.175338 -3.621522 -0.350837 0.279182 0.003501 
0.013512 0.171710 -3.756907 -0.350850 0.278955 0.004888 
0.022003 0.158906 -3.944783 -0.350925 0.278920 0.006975 
0.022843 0.158140 -4.142290 -0.350758 0.279041 0.008732 
0.024497 0.148530 -4.381051 -0.350812 0.279253 0.010882 
0.023663 0.147732 -4.401847 -0.350496 0.279453 0.010857 
0.015962 0.152451 -4.266158 -0.350635 0.279392 0.009477 
0.014288 0.152419 -4.089447 -0.350486 0.279472 0.007694 
0.005750 0.156862 -3.901785 -0.350470 0.279503 0.005712 
0.011578 0.162728 -3.652340 -0.350599 0.279139 0.003466 
0.004264 0.167955 -3.620297 -0.350729 0.278900 0.002965 
0.012584 0.163967 -3.734352 -0.350907 0.278762 0.004049 
0.021168 0.167885 -3.921799 -0.350864 0.278733 0.005927 
0.030357 0.163022 -4.119315 -0.351042 0.278793 0.007903 
0.032461 0.152659 -4.379168 -0.351100 0.279197 0.010354 
0.025430 0.155650 -4.410944 -0.350921 0.279540 0.010751 
0.017505 0.150917 -4.275775 -0.350967 0.279764 0.009469 
0.016100 0.159442 -4.069342 -0.350758 0.279842 0.007929 
0.014038 0.168260 -3.883400 -0.350386 0.279832 0.006370 
0.005473 0.173983 -3.633902 -0.350525 0.279568 0.004125 
0.005070 0.183097 -3.612596 -0.350462 0.279380 0.003719 
0.013102 0.171439 -3.736959 -0.350693 0.279051 0.004901 
0.021882 0.175561 -3.943514 -0.350808 0.278927 0.006445 
0.022876 0.166765 -4.129999 -0.350859 0.278945 0.007999 
0.038265 0.157591 -4.389303 -0.350740 0.278969 0.010130 
0.030783 0.161334 -4.399987 -0.350557 0.279121 0.010225 
0.022201 0.156894 -4.285309 -0.350439 0.279256 0.008924 
0.020533 0.156991 -4.078252 -0.350290 0.279332 0.007168 
0.012064 0.169659 -3.872105 -0.350056 0.279461 0.005736 
0.017274 0.174794 -3.644294 -0.349868 0.279296 0.003787 
0.017327 0.183283 -3.613733 -0.349810 0.279296 0.003708 
0.025622 0.180054 -3.738720 -0.349982 0.278969 0.005107 
0.027289 0.179957 -3.945777 -0.350131 0.278893 0.006864 
0.036503 0.174335 -4.132361 -0.350316 0.279142 0.008525 
0.038761 0.155943 -4.381193 -0.350591 0.279444 0.010771 
0.031843 0.151928 -4.400803 -0.350783 0.279397 0.010650 
0.016221 0.150872 -4.275479 -0.350646 0.279773 0.009142 
0.007690 0.155443 -4.057471 -0.350631 0.279800 0.007186 
0.013157 0.168878 -3.860630 -0.350383 0.279642 0.005427 
0.011302 0.178156 -3.633105 -0.350171 0.279529 0.003586 
0.011067 0.178976 -3.612852 -0.350166 0.279337 0.003605 
0.011617 0.171062 -3.747900 -0.350214 0.279159 0.004884 
0.020613 0.175251 -3.955294 -0.350328 0.279035 0.006748 
0.028974 0.169717 -4.143260 -0.350191 0.279291 0.008725 
0.023107 0.164875 -4.391562 -0.350215 0.279368 0.010655 
0.030172 0.160732 -4.391276 -0.350240 0.279316 0.010547 
0.022610 0.147909 -4.276269 -0.350502 0.279440 0.009356 
0.006294 0.148819 -4.067179 -0.350517 0.279330 0.006964 
0.005711 0.157885 -3.900642 -0.350623 0.279216 0.005397 
-0.003466 0.163006 -3.642433 -0.350446 0.279148 0.003473 
0.010980 0.171638 -3.611924 -0.350378 0.279046 0.003395 
0.019563 0.176078 -3.726602 -0.350496 0.278911 0.004696 
0.021399 0.167688 -3.934713 -0.350703 0.278831 0.006878 
0.030224 0.170915 -4.112066 -0.350666 0.278990 0.008762 
0.031221 0.161598 -4.371319 -0.350556 0.279115 0.010893 
0.031207 0.152085 -4.403024 -0.350461 0.279403 0.011286 
0.029736 0.151863 -4.287844 -0.350309 0.279491 0.009773 
0.020989 0.156367 -4.068998 -0.350294 0.279519 0.007495 
0.019732 0.156734 -3.881889 -0.350303 0.279499 0.005725 
0.003470 0.166133 -3.642237 -0.350259 0.279387 0.003255 
0.010765 0.171571 -3.611085 -0.350379 0.279047 0.003074 
0.019447 0.159492 -3.745303 -0.350773 0.278810 0.004250 
0.028032 0.163411 -3.932749 -0.350730 0.278781 0.006128 
0.037268 0.166908 -4.130051 -0.350850 0.278844 0.007999 
0.038721 0.156967 -4.380049 -0.350745 0.279156 0.010457 
0.038754 0.155815 -4.411539 -0.350591 0.279448 0.010746 
0.023765 0.155225 -4.276655 -0.350611 0.279723 0.009572 
0.007704 0.155179 -4.069547 -0.350471 0.279899 0.007815 
0.006758 0.172335 -3.882847 -0.350361 0.279884 0.006157 
-0.002224 0.177659 -3.643748 -0.350342 0.279721 0.003899 
0.012135 0.178954 -3.612309 -0.350487 0.279328 0.003611 
0.021081 0.175304 -3.747151 -0.350821 0.279094 0.005003 
0.022748 0.175207 -3.954208 -0.350970 0.279018 0.006759 
0.024159 0.166811 -4.130295 -0.351180 0.278936 0.008325 
0.025766 0.148840 -4.369272 -0.351292 0.279146 0.010579 
0.025343 0.148312 -4.410016 -0.351133 0.279250 0.010540 
0.024142 0.156647 -4.265113 -0.350923 0.279335 0.009269 
0.014126 0.160841 -4.058047 -0.350428 0.279471 0.007295 
0.004736 0.165373 -3.871767 -0.350090 0.279511 0.005628 
0.003082 0.174983 -3.633006 -0.350037 0.279298 0.003478 
0.010128 0.171728 -3.613305 -0.350056 0.279054 0.003711 
0.011142 0.172574 -3.737740 -0.350203 0.278779 0.004897 
0.013461 0.172056 -3.954652 -0.350515 0.278796 0.006646 
0.023091 0.166832 -4.130838 -0.350858 0.278944 0.008320 
0.024504 0.157914 -4.379693 -0.350907 0.278969 0.010463 
0.017781 0.144847 -4.389425 -0.351163 0.279107 0.010452 
0.023854 0.148978 -4.275421 -0.350976 0.279144 0.009368 
0.008445 0.148511 -4.078168 -0.350999 0.279413 0.007604 
0.007451 0.157306 -3.891683 -0.350948 0.279395 0.006050 
0.006037 0.166224 -3.642829 -0.350900 0.279370 0.003907 
0.005440 0.175135 -3.602413 -0.350679 0.279277 0.003836 
0.012714 0.180288 -3.727727 -0.350470 0.278962 0.005125 
0.022291 0.166576 -3.934475 -0.350872 0.279111 0.006877 
0.023285 0.157780 -4.120960 -0.350923 0.279129 0.008430 
0.024745 0.157223 -4.369600 -0.350912 0.279157 0.010469 
0.031991 0.143770 -4.420127 -0.351000 0.279298 0.010420 
0.023873 0.148091 -4.294836 -0.350982 0.279337 0.009027 
0.015341 0.152662 -4.076828 -0.350966 0.279365 0.007070 
-0.000308 0.152886 -3.889668 -0.350984 0.279445 0.005300 
-0.001962 0.162495 -3.650907 -0.350930 0.279233 0.003151 
0.005372 0.166910 -3.620898 -0.350896 0.279179 0.003285 
0.020167 0.167296 -3.736672 -0.350718 0.278999 0.004793 
0.022291 0.166576 -3.934475 -0.350872 0.279111 0.006877 
0.024199 0.165787 -4.131439 -0.351026 0.279223 0.008640 
0.025853 0.156178 -4.370200 -0.351080 0.279436 0.010789 
0.033080 0.143613 -4.401314 -0.351162 0.279385 0.011080 
0.024134 0.147263 -4.266472 -0.350828 0.279619 0.009689 
0.008081 0.156601 -4.058005 -0.350783 0.279512 0.007513 
0.006824 0.156968 -3.870896 -0.350791 0.279491 0.005743 
0.004538 0.166111 -3.641694 -0.350580 0.279379 0.003260 
0.003700 0.175714 -3.611371 -0.350354 0.279099 0.003182 
0.011779 0.172417 -3.735519 -0.350526 0.278773 0.004260 
0.020075 0.168666 -3.933274 -0.350536 0.278553 0.006237 
0.028221 0.163065 -4.120401 -0.350400 0.278810 0.007892 
0.030091 0.153523 -4.360001 -0.350453 0.279022 0.010363 
0.037452 0.156657 -4.391829 -0.350265 0.279264 0.010760 
0.028917 0.160578 -4.276935 -0.350088 0.279402 0.009355 
0.021076 0.163704 -4.069926 -0.350082 0.279809 0.007705 
0.011840 0.160207 -3.872625 -0.349962 0.279746 0.005834 
0.003169 0.182320 -3.633935 -0.349824 0.279588 0.003688 
0.011484 0.179375 -3.602454 -0.350324 0.279237 0.003618 
0.020066 0.183815 -3.717133 -0.350442 0.279101 0.004919 
0.028751 0.171215 -3.924119 -0.350675 0.278971 0.006672 
0.023508 0.167232 -4.120440 -0.351017 0.278844 0.008332 
0.024745 0.157223 -4.369600 -0.350912 0.279157 0.010469 
0.031843 0.151928 -4.400803 -0.350783 0.279397 0.010650 
0.023026 0.148308 -4.265871 -0.350660 0.279340 0.009369 
0.013925 0.160509 -4.069284 -0.350269 0.279571 0.007603 
0.012064 0.169659 -3.872105 -0.350056 0.279461 0.005736 
0.016670 0.183576 -3.634224 -0.349647 0.279208 0.003690 
0.017327 0.183283 -3.613733 -0.349810 0.279296 0.003708 
0.018125 0.184062 -3.737328 -0.349958 0.279022 0.004574 
0.027227 0.171861 -3.933916 -0.350349 0.278792 0.006339 
0.029135 0.171073 -4.130880 -0.350504 0.278904 0.008102 
0.024529 0.157155 -4.368761 -0.350913 0.279158 0.010148 
0.024974 0.156274 -4.420199 -0.350916 0.279353 0.010423 
0.024329 0.147466 -4.285581 -0.350986 0.279524 0.009354 
0.008733 0.156180 -4.067860 -0.350946 0.279604 0.007506 
0.007322 0.164576 -3.891773 -0.350737 0.279686 0.005940 
0.005258 0.173916 -3.633064 -0.350525 0.279569 0.003804 
0.012591 0.178330 -3.603055 -0.350491 0.279516 0.003938 
0.012954 0.179597 -3.717634 -0.350476 0.279149 0.005131 
0.029101 0.186981 -3.925671 -0.350403 0.279263 0.007098 
0.031163 0.178163 -4.111613 -0.350775 0.279273 0.008657 
0.032073 0.161508 -4.369937 -0.350878 0.279108 0.010577 
0.024932 0.148042 -4.390068 -0.350976 0.279346 0.010554 
0.023462 0.147820 -4.274888 -0.350824 0.279433 0.009040 
0.006711 0.149218 -4.056781 -0.350675 0.279230 0.006976 
0.005501 0.157946 -3.869457 -0.350625 0.279213 0.005102 
0.003196 0.167977 -3.620840 -0.350408 0.278908 0.002960 
0.003225 0.177225 -3.601211 -0.350344 0.278719 0.003196 
0.011343 0.172905 -3.726503 -0.350362 0.278680 0.004589 
0.020507 0.168801 -3.934951 -0.350535 0.278551 0.006879 
0.022004 0.167742 -4.111967 -0.350532 0.278760 0.008655 
0.031173 0.153237 -4.371534 -0.350615 0.279112 0.010998 
0.031408 0.152417 -4.391787 -0.350620 0.279304 0.010978 
0.022638 0.157158 -4.256640 -0.350438 0.279251 0.009592 
0.007014 0.156623 -4.058548 -0.350462 0.279520 0.007507 
0.006173 0.157389 -3.861041 -0.350628 0.279399 0.005750 
-0.003178 0.170675 -3.632125 -0.350392 0.279339 0.003375 
0.003828 0.168443 -3.611281 -0.350565 0.278807 0.003293 
0.012598 0.163702 -3.746428 -0.350747 0.278861 0.004679 
0.021594 0.167891 -3.953822 -0.350861 0.278736 0.006543 
0.029451 0.154621 -4.151258 -0.350779 0.278802 0.008297 
0.031810 0.153080 -4.369313 -0.350937 0.279105 0.010361 
0.031192 0.152349 -4.390948 -0.350620 0.279305 0.010657 
0.023026 0.148308 -4.265871 -0.350660 0.279340 0.009369 
0.015180 0.151307 -4.089209 -0.350654 0.279751 0.007693 
0.013970 0.160035 -3.901885 -0.350603 0.279734 0.005819 
0.005405 0.165758 -3.652388 -0.350742 0.279471 0.003574 
0.012289 0.170925 -3.601288 -0.350704 0.279226 0.003407 
0.014195 0.170658 -3.725484 -0.351020 0.279232 0.004592 
0.023143 0.166486 -3.933093 -0.351193 0.279104 0.006561 
0.024554 0.158090 -4.109180 -0.351403 0.279022 0.008127 
0.027074 0.148127 -4.358636 -0.351619 0.279326 0.010590 
0.026216 0.148087 -4.390363 -0.351296 0.279337 0.010880 
0.024961 0.147933 -4.276022 -0.351144 0.279424 0.009688 
0.022273 0.156412 -4.069293 -0.350615 0.279510 0.007821 
0.006019 0.165419 -3.872063 -0.350411 0.279502 0.005954 
0.003949 0.174629 -3.643700 -0.350199 0.279389 0.003792 
0.004156 0.175089 -3.602117 -0.350358 0.279286 0.003510 
0.011994 0.172484 -3.736358 -0.350525 0.278772 0.004581 
0.027644 0.172260 -3.923518 -0.350507 0.278692 0.006351 
0.029706 0.163443 -4.109460 -0.350880 0.278702 0.007910 
0.031119 0.154525 -4.358315 -0.350928 0.278726 0.010053 
0.024652 0.149757 -4.399017 -0.351124 0.278871 0.010233 
0.022987 0.149332 -4.264728 -0.350814 0.279053 0.009054 
0.007625 0.157225 -4.067259 -0.350778 0.279325 0.007186 
-0.000892 0.161532 -3.861328 -0.350603 0.279451 0.005858 
0.004735 0.167066 -3.623119 -0.350574 0.279186 0.003922 
0.005051 0.183984 -3.593181 -0.350456 0.279187 0.004060 
0.012929 0.180356 -3.728566 -0.350470 0.278961 0.005446 
0.029834 0.170929 -3.935651 -0.350836 0.279061 0.007306 
0.030875 0.170494 -4.121921 -0.350829 0.279082 0.008755 
0.025008 0.165651 -4.370223 -0.350853 0.279159 0.010686 
0.025584 0.147621 -4.399923 -0.351139 0.279438 0.010547 
0.023879 0.148219 -4.264490 -0.350982 0.279333 0.009053 
0.021995 0.148249 -4.056594 -0.350834 0.279409 0.006976 
0.005454 0.149585 -3.869672 -0.350683 0.279210 0.005206 
0.003431 0.167157 -3.641093 -0.350413 0.279100 0.002940 
0.010740 0.172330 -3.622017 -0.350373 0.278858 0.003389 
0.018858 0.168010 -3.747309 -0.350391 0.278820 0.004782 
0.027893 0.171176 -3.955847 -0.350352 0.278982 0.006961 
0.029150 0.170808 -4.142955 -0.350344 0.279003 0.008731 
0.038132 0.165484 -4.382055 -0.350363 0.279166 0.010989 
0.031408 0.152417 -4.391787 -0.350620 0.279304 0.010978 
0.030804 0.151841 -4.287301 -0.350630 0.279482 0.009778 
0.022273 0.156412 -4.069293 -0.350615 0.279510 0.007821 
0.006671 0.164997 -3.881918 -0.350574 0.279594 0.005947 
0.004801 0.174540 -3.642318 -0.350521 0.279382 0.003476 
0.012289 0.170925 -3.601288 -0.350704 0.279226 0.003407 
0.020631 0.176057 -3.726060 -0.350817 0.278903 0.004701 
0.028927 0.172306 -3.923814 -0.350828 0.278683 0.006678 
0.029961 0.162487 -4.111443 -0.350725 0.278988 0.008546 
0.031198 0.152478 -4.360602 -0.350621 0.279301 0.010683 
0.023711 0.156093 -4.401632 -0.350437 0.279456 0.010752 
0.028870 0.152217 -4.277150 -0.350147 0.279399 0.009459 
0.020573 0.155968 -4.079396 -0.350136 0.279619 0.007483 
0.011431 0.169192 -3.881664 -0.349899 0.279562 0.005403 
0.009931 0.170773 -3.631881 -0.350063 0.279247 0.003049 
0.009850 0.163564 -3.600606 -0.350275 0.278953 0.002865 
0.019084 0.167583 -3.725140 -0.350556 0.278909 0.004159 
0.028712 0.172238 -3.922975 -0.350828 0.278684 0.006357 
0.030162 0.162818 -4.100206 -0.350884 0.278889 0.008237 
0.024745 0.157223 -4.369600 -0.350912 0.279157 0.010469 
0.024731 0.147710 -4.401304 -0.350817 0.279445 0.010862 
0.030810 0.151970 -4.256955 -0.350631 0.279478 0.009804 
0.021709 0.164171 -4.060367 -0.350239 0.279709 0.008039 
0.019848 0.173320 -3.863188 -0.350026 0.279599 0.006172 
0.017931 0.174502 -3.623803 -0.350032 0.279384 0.003806 
0.010416 0.179397 -3.602997 -0.350003 0.279245 0.003613 
0.018279 0.176033 -3.726307 -0.350176 0.278919 0.004370 
0.027227 0.171861 -3.933916 -0.350349 0.278792 0.006339 
0.027981 0.163757 -4.130494 -0.350395 0.278622 0.007886 
0.030702 0.154125 -4.368713 -0.350770 0.278826 0.010041 
0.030890 0.144944 -4.389181 -0.350833 0.279015 0.010126 
0.023227 0.148640 -4.254635 -0.350819 0.279241 0.009060 
0.014495 0.152880 -4.047864 -0.350645 0.279368 0.007412 
0.013084 0.161276 -3.871777 -0.350436 0.279450 0.005846 
0.011671 0.170194 -3.622922 -0.350387 0.279425 0.003703 
0.011700 0.179442 -3.603293 -0.350323 0.279236 0.003939 
0.020517 0.183062 -3.738225 -0.350446 0.279292 0.005220 
0.029705 0.178199 -3.935741 -0.350625 0.279352 0.007195 
0.038854 0.174359 -4.132114 -0.350957 0.279125 0.008856 
0.033180 0.160463 -4.370538 -0.351045 0.279387 0.010897 
0.025799 0.147688 -4.400761 -0.351138 0.279437 0.010868 
0.017681 0.152008 -4.275470 -0.351119 0.279476 0.009475 
0.015557 0.152729 -4.077667 -0.350966 0.279364 0.007391 
0.007235 0.157239 -3.890844 -0.350949 0.279395 0.005729 
0.004714 0.167202 -3.641389 -0.350733 0.279091 0.003266 
0.003876 0.176804 -3.611066 -0.350506 0.278811 0.003189 
0.011343 0.172905 -3.726503 -0.350362 0.278680 0.004589 
0.019223 0.168755 -3.934655 -0.350215 0.278560 0.006552 
0.020480 0.168388 -4.121764 -0.350206 0.278581 0.008322 
0.029462 0.163064 -4.360863 -0.350226 0.278744 0.010580 
0.022819 0.157205 -4.401870 -0.350269 0.279177 0.010753 
0.022134 0.149421 -4.266109 -0.350492 0.279061 0.009370 
0.013838 0.153172 -4.068355 -0.350482 0.279280 0.007393 
0.005516 0.157682 -3.881532 -0.350465 0.279311 0.005731 
0.004279 0.167691 -3.632373 -0.350569 0.278999 0.003594 
-0.002820 0.172985 -3.601169 -0.350698 0.278759 0.003414 
0.012411 0.172883 -3.725960 -0.350683 0.278672 0.004594 
0.021815 0.168087 -3.924315 -0.350861 0.278731 0.006890 
0.037048 0.167464 -4.121873 -0.350685 0.278751 0.008648 
0.031637 0.161997 -4.360921 -0.350714 0.279015 0.010906 
0.023887 0.157183 -4.401327 -0.350590 0.279169 0.010759 
0.023289 0.156737 -4.266495 -0.350601 0.279343 0.009585 
0.021406 0.156766 -4.058600 -0.350452 0.279419 0.007508 
0.012916 0.169569 -3.870723 -0.350378 0.279454 0.005421 
0.010583 0.170352 -3.641736 -0.350225 0.279339 0.003042 
0.011200 0.171083 -3.620101 -0.350542 0.279140 0.002746 
0.019542 0.176214 -3.744873 -0.350655 0.278816 0.004041 
0.028443 0.163681 -3.952697 -0.350887 0.278685 0.006114 
0.030855 0.170630 -4.140192 -0.350988 0.278988 0.008100 
0.025572 0.157892 -4.379150 -0.351228 0.278961 0.010468 
0.025195 0.156470 -4.390691 -0.350916 0.279348 0.010770 
0.024134 0.147263 -4.266472 -0.350828 0.279619 0.009689 
0.015625 0.160954 -4.059182 -0.350748 0.279462 0.007942 
0.013300 0.161343 -3.872616 -0.350435 0.279449 0.006167 
0.011646 0.170953 -3.633854 -0.350381 0.279237 0.004017 
0.003890 0.176540 -3.623142 -0.350347 0.278909 0.003818 
0.012017 0.181604 -3.747075 -0.350460 0.278586 0.004792 
0.020050 0.169425 -3.944205 -0.350530 0.278364 0.006552 
0.022112 0.160608 -4.130147 -0.350902 0.278374 0.008110 
0.022899 0.151352 -4.358215 -0.350794 0.278496 0.009946 
0.022840 0.142733 -4.419122 -0.350852 0.278501 0.009999 
0.014110 0.146451 -4.285119 -0.350517 0.278735 0.008928 
0.005137 0.151382 -4.088442 -0.350337 0.278674 0.007273 
0.010643 0.163794 -3.892744 -0.349936 0.278803 0.005829 
0.008579 0.173133 -3.634035 -0.349724 0.278686 0.003693 
0.008632 0.181622 -3.603474 -0.349666 0.278685 0.003615 
0.017167 0.177701 -3.718367 -0.349843 0.278546 0.005020 
0.026115 0.173529 -3.925977 -0.350016 0.278418 0.006989 
0.035793 0.176667 -4.101948 -0.350301 0.278570 0.008558 
0.037857 0.167328 -4.360658 -0.350512 0.278687 0.010694 
0.030974 0.162161 -4.411758 -0.350550 0.278931 0.010861 
0.022592 0.158052 -4.285842 -0.350591 0.278968 0.009252 
0.014014 0.154263 -4.068050 -0.350634 0.278992 0.007399 
0.019192 0.160028 -3.881517 -0.350440 0.278643 0.005739 
0.010714 0.173089 -3.632949 -0.350366 0.278670 0.003704 
0.009829 0.174330 -3.602841 -0.350199 0.278386 0.003731 
0.024167 0.175341 -3.727869 -0.350015 0.278019 0.004912 
0.182883 0.857443 -6.384965 -0.326014 0.269380 0.002766 
0.955519 0.669142 -11.918669 -0.278365 0.250389 0.005253 
2.032688 1.152427 -15.516595 -0.231715 0.249576 0.016111 
2.800331 1.019031 -17.575470 -0.197382 0.254448 0.026875 
4.227686 1.280809 -18.582485 -0.181159 0.266003 0.050121 
4.534885 1.861586 -19.682355 -0.151452 0.289604 0.078073 
4.900110 2.756922 -20.920340 -0.101177 0.325220 0.102265 
5.178804 2.779466 -22.329966 -0.044543 0.357086 0.128256 
5.649534 2.570535 -23.376830 -0.001343 0.387407 0.140087 
6.046617 2.467565 -24.631497 0.027305 0.406502 0.137447 
6.253507 2.729832 -26.055681 0.046689 0.422797 0.137248 
6.289024 2.755111 -27.106206 0.056737 0.432560 0.132346 
6.350573 2.872279 -27.776430 0.052495 0.422695 0.128672 
6.307740 2.398357 -27.904413 0.045624 0.404452 0.135969 
6.243383 2.232042 -27.602034 0.037671 0.384335 0.146909 
5.918161 2.064978 -27.190743 0.022648 0.358843 0.156515 
5.545207 1.968614 -26.370734 0.001318 0.336892 0.161302 
5.135744 1.698538 -25.446292 -0.016446 0.318339 0.154222 
4.707559 1.450839 -24.685913 -0.026508 0.306934 0.142311 
4.434740 0.997655 -23.857806 -0.037935 0.301219 0.127639 
4.088847 0.701109 -22.882723 -0.056194 0.303787 0.107703 
3.531202 0.572308 -21.816471 -0.076463 0.313723 0.085406 
2.985398 0.435377 -20.718088 -0.094054 0.328070 0.064222 
2.440851 0.089020 -19.217269 -0.114586 0.342541 0.041835 
2.071402 -0.504317 -17.504343 -0.143673 0.352865 0.021086 
1.797796 -1.013189 -15.591747 -0.177904 0.362911 0.005015 
1.402884 -1.129989 -13.793664 -0.206226 0.372093 -0.008919 
1.001062 -1.085497 -11.973964 -0.237434 0.379764 -0.020990 
0.770626 -1.005649 -10.724098 -0.274056 0.392057 -0.032976 
0.754533 -1.163843 -10.153381 -0.309938 0.399204 -0.045926 
0.762436 -1.215681 -9.751773 -0.333472 0.401880 -0.056218 
0.922810 -1.318389 -9.679291 -0.353877 0.400751 -0.062964 
0.843001 -1.240586 -9.616218 -0.378131 0.397661 -0.062687 
0.906283 -1.162875 -9.165656 -0.399746 0.391427 -0.057266 
0.927380 -1.034673 -8.625899 -0.404958 0.385154 -0.046311 
0.905820 -0.958014 -8.139345 -0.397531 0.374310 -0.034808 
0.969375 -0.914895 -7.873198 -0.388840 0.369091 -0.029598 
0.812969 -0.837395 -7.544453 -0.387596 0.366451 -0.027658 
0.714572 -0.556911 -7.396043 -0.383915 0.363143 -0.023889 
0.650289 -0.366939 -7.282239 -0.377794 0.359478 -0.016469 
0.525993 -0.272210 -7.142613 -0.373657 0.351999 0.001947 
0.506571 -0.412286 -7.160906 -0.383160 0.343196 0.015627 
0.357143 -0.421196 -7.184244 -0.393745 0.334593 0.028520 
0.245451 -0.288694 -6.954719 -0.396573 0.323078 0.036885 
0.074402 0.012300 -6.520682 -0.396656 0.310486 0.039356 
0.060163 0.107112 -6.081586 -0.404371 0.301176 0.036348 
0.034959 0.019282 -5.718613 -0.416272 0.296450 0.029671 
0.021465 0.064110 -5.401896 -0.417910 0.292097 0.018562 
-0.096769 0.201570 -5.359205 -0.409297 0.286088 0.008951 
-0.195771 0.278483 -5.552992 -0.403017 0.283586 0.001787 
-0.199825 0.279363 -5.964803 -0.403960 0.285956 -0.003079 
-0.141720 0.234539 -6.287263 -0.405994 0.287197 -0.002716 
-0.112123 0.208462 -6.618976 -0.403569 0.286273 0.002323 
-0.126260 0.270215 -6.690650 -0.398634 0.283749 0.007390 
-0.147266 0.211014 -6.529025 -0.395049 0.281284 0.013053 
-0.049812 0.189545 -6.209545 -0.396443 0.279213 0.015822 
0.063860 0.204057 -5.742031 -0.400157 0.279496 0.013808 
0.136747 0.321178 -5.186704 -0.401894 0.280475 0.008123 
0.096135 0.515246 -4.874855 -0.400575 0.284612 0.000578 
0.119331 0.674137 -4.694656 -0.398817 0.289835 -0.007545 
0.143957 0.722964 -4.617064 -0.397669 0.297405 -0.015176 
0.139383 0.683481 -4.619622 -0.399409 0.310504 -0.021750 
0.169983 0.706468 -4.836520 -0.399392 0.323615 -0.024971 
0.071547 0.707595 -4.792961 -0.393663 0.330425 -0.026378 
0.010194 0.774693 -4.569010 -0.386006 0.333453 -0.024054 
0.014723 0.768865 -4.413477 -0.383157 0.334566 -0.015724 
0.019150 0.803426 -4.232632 -0.383074 0.330821 -0.003184 
0.001448 0.895018 -3.846818 -0.381000 0.320152 0.007782 
-0.103812 0.995331 -3.738046 -0.380666 0.305065 0.017738 
-0.241960 1.052842 -3.958885 -0.384655 0.289744 0.024784 
-0.343858 1.073052 -4.241091 -0.392096 0.272814 0.030437 
-0.379159 1.091561 -4.418490 -0.398871 0.253870 0.034366 
-0.403786 1.066969 -4.584657 -0.404339 0.237317 0.036737 
-0.413063 1.034829 -4.568471 -0.409549 0.230180 0.034431 
-0.468108 0.904987 -4.426321 -0.411949 0.227892 0.028130 
-0.484475 0.856052 -4.117638 -0.407018 0.228602 0.019070 
-0.504519 0.804063 -3.875469 -0.398253 0.234713 0.013157 
-0.598958 0.732379 -3.561389 -0.388229 0.245645 0.013554 
-0.715760 0.656396 -3.279707 -0.371814 0.257337 0.022073 
-0.750989 0.571647 -3.058581 -0.352511 0.263698 0.036554 
-0.753295 0.462612 -2.918668 -0.336086 0.267239 0.049206 
-0.619857 0.309166 -2.911041 -0.324389 0.267890 0.053461 
-0.566384 0.206089 -3.139293 -0.314458 0.261581 0.048961 
-0.556028 0.205420 -3.116952 -0.303363 0.250305 0.033715 
-0.523025 0.192910 -2.954173 -0.296363 0.237395 0.014052 
-0.516302 0.018432 -2.817050 -0.295661 0.225171 -0.003575 
-0.443552 -0.153868 -2.691376 -0.295707 0.214503 -0.016503 
-0.424429 -0.247500 -2.522715 -0.290409 0.203880 -0.022041 
-0.421257 -0.189004 -2.617511 -0.282587 0.194547 -0.017392 
-0.389294 -0.133141 -2.861358 -0.277173 0.191451 -0.004973 
-0.348714 -0.184159 -3.135436 -0.276205 0.194473 0.013592 
-0.274078 -0.286943 -3.341070 -0.276068 0.199998 0.033355 
-0.188093 -0.332959 -3.545809 -0.276012 0.208998 0.048815 
-0.110889 -0.386560 -3.555157 -0.278603 0.221636 0.053073 
-0.028782 -0.418256 -3.463400 -0.284265 0.236497 0.043829 
0.002470 -0.403453 -3.260648 -0.291731 0.256381 0.024165 
0.109279 -0.388461 -3.070974 -0.298350 0.276784 0.001036 
0.130747 -0.313597 -2.752833 -0.302190 0.293111 -0.022164 
0.150266 -0.263352 -2.594489 -0.305227 0.307375 -0.038959 
0.212027 -0.264074 -2.599244 -0.309870 0.318681 -0.046531 
0.281974 -0.226402 -2.692973 -0.314548 0.325766 -0.046823 
0.400126 -0.144779 -2.762510 -0.316635 0.328145 -0.042239 
0.453753 -0.036473 -2.928707 -0.317114 0.326328 -0.032339 
0.452966 0.081267 -3.059461 -0.318040 0.321159 -0.023751 
0.384664 0.213796 -3.091269 -0.321153 0.312633 -0.012424 
0.326407 0.304439 -2.981367 -0.326488 0.300938 0.000575 
0.300665 0.427487 -2.875880 -0.333503 0.287113 0.012668 
0.277632 0.554969 -2.729644 -0.341614 0.274118 0.021480 
0.251473 0.610853 -2.808348 -0.349899 0.261903 0.027062 
0.203161 0.625912 -3.059669 -0.356711 0.251276 0.027724 
0.142282 0.577386 -3.349496 -0.361408 0.245111 0.025777 
0.119473 0.498191 -3.571576 -0.364380 0.245736 0.023342 
0.095322 0.435034 -3.797971 -0.364993 0.250971 0.020715 
0.085843 0.389274 -3.753472 -0.362277 0.259518 0.016736 
0.091167 0.352598 -3.583524 -0.356123 0.271301 0.012672 
0.084524 0.319686 -3.425593 -0.348502 0.283268 0.008361 
0.051428 0.254782 -3.260529 -0.341763 0.295025 0.005775 
0.019937 0.200833 -2.963998 -0.336237 0.304081 0.004320 
-0.028330 0.201288 -2.911442 -0.332893 0.308722 0.005015 
-0.034327 0.204989 -3.049381 -0.332702 0.308885 0.007253 
-0.013427 0.212147 -3.283990 -0.334069 0.303516 0.009067 
0.006739 0.246378 -3.513769 -0.335402 0.292137 0.009462 
0.009864 0.275864 -3.807335 -0.336933 0.277730 0.011340 
0.016564 0.279361 -3.862572 -0.339943 0.263632 0.012143 
-0.000932 0.270157 -3.778229 -0.344513 0.250724 0.010926 
-0.001043 0.228832 -3.661677 -0.348982 0.241690 0.008605 
0.042720 0.225464 -3.654187 -0.349299 0.236786 0.006202 
0.040166 0.266889 -3.594207 -0.344992 0.234808 0.003869 
0.054971 0.274280 -3.717406 -0.341070 0.238368 0.005490 
0.053946 0.219291 -3.965265 -0.340809 0.248340 0.010178 
0.034504 0.135386 -4.183002 -0.342534 0.261580 0.016053 
0.060411 0.071008 -4.310029 -0.342493 0.275072 0.020909 
0.126531 0.050658 -4.444271 -0.340028 0.286676 0.023187 
0.226318 0.046512 -4.355116 -0.338567 0.296952 0.018293 
0.260683 0.007247 -4.111120 -0.342386 0.308682 0.008006 
0.280246 -0.020310 -3.824905 -0.348706 0.320505 -0.005096 
0.232391 0.016956 -3.556334 -0.351709 0.325763 -0.016872 
0.153378 0.091628 -3.253805 -0.350445 0.326198 -0.024645 
0.167028 0.087322 -3.303694 -0.351426 0.322855 -0.024101 
0.162327 0.044233 -3.568349 -0.355729 0.316699 -0.016597 
0.184363 0.009815 -3.806152 -0.357541 0.307402 -0.005317 
0.157110 0.051467 -3.977710 -0.355153 0.297237 0.005250 
0.112968 0.088936 -4.338110 -0.350542 0.284926 0.016932 
0.102718 0.082956 -4.580032 -0.346548 0.273666 0.022260 
0.075850 0.039964 -4.614180 -0.343158 0.263232 0.022067 
0.065022 0.038774 -4.508026 -0.339636 0.254876 0.018447 
0.054170 0.104929 -4.368887 -0.336449 0.249699 0.013994 
0.017294 0.130240 -4.113823 -0.335662 0.247629 0.009196 
0.039286 0.155347 -4.062270 -0.338208 0.247374 0.006717 
0.026893 0.152386 -4.188086 -0.342090 0.250148 0.006851 
0.005723 0.155594 -4.321305 -0.345935 0.255862 0.009628 
0.002529 0.191304 -4.395897 -0.349384 0.264039 0.012862 
-0.024242 0.214104 -4.520238 -0.354062 0.273433 0.016484 
-0.019808 0.209791 -4.442365 -0.359408 0.285333 0.016601 
0.006055 0.198188 -4.298139 -0.363351 0.296781 0.013645 
0.008326 0.218823 -4.081607 -0.363707 0.305434 0.008063 
0.031339 0.220360 -3.886075 -0.362576 0.312407 0.001807 
-0.005421 0.233043 -3.718882 -0.363488 0.317798 -0.003667 
-0.001348 0.228143 -3.811486 -0.366411 0.319876 -0.005228 
-0.011475 0.229209 -4.045765 -0.368323 0.317303 -0.003332 
0.013033 0.240401 -4.318268 -0.368851 0.309914 0.000927 
0.043315 0.243571 -4.640021 -0.369590 0.301244 0.004836 
0.036267 0.219947 -5.007090 -0.372466 0.293016 0.008082 
0.021211 0.207641 -5.100667 -0.375604 0.285187 0.007705 
-0.024554 0.235631 -4.979898 -0.376237 0.276986 0.005244 
-0.077873 0.264727 -4.754998 -0.373659 0.270935 0.003336 
-0.115392 0.252152 -4.505372 -0.370725 0.267050 0.003117 
-0.136507 0.232269 -4.146995 -0.367518 0.265138 0.003603 
-0.138628 0.212595 -3.939824 -0.364131 0.265321 0.007364 
-0.129852 0.201579 -3.903198 -0.358419 0.267565 0.012639 
-0.116789 0.165332 -3.997439 -0.351912 0.270741 0.016912 
-0.119416 0.118530 -4.095294 -0.345489 0.274401 0.018708 
-0.100622 0.057600 -4.280573 -0.339310 0.278200 0.019138 
-0.088399 0.038274 -4.282907 -0.333977 0.280978 0.016228 
-0.082298 0.027181 -4.136017 -0.329722 0.282724 0.011332 
-0.073991 0.016758 -3.943100 -0.327230 0.282054 0.005672 
-0.099093 0.029405 -3.810311 -0.326197 0.278766 0.000988 
-0.104912 0.059770 -3.648519 -0.326955 0.273054 -0.001787 
-0.072642 0.103012 -3.689414 -0.329677 0.266063 0.000674 
-0.030464 0.130073 -3.864582 -0.335071 0.258825 0.005844 
0.012559 0.144556 -4.078243 -0.342161 0.253681 0.011192 
0.022454 0.154690 -4.276919 -0.348984 0.252969 0.014246 
0.049042 0.171143 -4.644111 -0.355746 0.254649 0.015630 
0.031539 0.226417 -4.752869 -0.359706 0.258528 0.013218 
0.042131 0.275926 -4.668868 -0.362257 0.266102 0.009510 
0.037770 0.292427 -4.475449 -0.365700 0.277003 0.006929 
0.034358 0.288146 -4.206691 -0.368811 0.289126 0.006208 
0.045060 0.284029 -3.822259 -0.369827 0.300279 0.006423 
0.073480 0.290692 -3.640286 -0.368011 0.308576 0.008709 
0.123901 0.296921 -3.651627 -0.365049 0.314546 0.010624 
0.147839 0.246069 -3.786355 -0.364104 0.319923 0.010626 
0.156147 0.195125 -3.931749 -0.364293 0.323013 0.007875 
0.123029 0.195892 -4.171018 -0.362044 0.321555 0.004975 
0.074620 0.214760 -4.209555 -0.356951 0.315693 0.001297 
0.054617 0.203514 -4.157108 -0.353019 0.306737 -0.001408 
0.047465 0.171871 -4.022284 -0.351636 0.295471 -0.002807 
0.038093 0.153572 -3.862885 -0.349517 0.283080 -0.002355 
-0.005909 0.181136 -3.605435 -0.345493 0.269986 -0.001712 
-0.016646 0.200842 -3.614961 -0.341814 0.258606 0.000293 
-0.035214 0.194371 -3.826367 -0.339439 0.249496 0.002644 
-0.049206 0.169258 -4.048711 -0.337516 0.243024 0.005384 
-0.042085 0.162286 -4.253579 -0.335619 0.240524 0.008959 
-0.047080 0.152521 -4.461499 -0.334715 0.242125 0.014107 
-0.058001 0.156773 -4.428397 -0.335499 0.246698 0.017207 
-0.058305 0.166701 -4.245947 -0.337051 0.252989 0.017855 
-0.072114 0.178847 -4.008638 -0.338601 0.260895 0.016817 
-0.083203 0.186009 -3.779097 -0.340667 0.270021 0.015121 
-0.078675 0.185162 -3.472614 -0.343588 0.278924 0.011679 
-0.085949 0.187882 -3.380093 -0.347443 0.286793 0.009370 
-0.072371 0.190507 -3.472636 -0.351276 0.293397 0.008095 
-0.047931 0.182468 -3.668277 -0.354688 0.298310 0.007275 
-0.038396 0.175700 -3.906301 -0.357131 0.299702 0.006769 
-0.012726 0.190965 -4.182621 -0.358118 0.298708 0.008494 
0.001618 0.218062 -4.265961 -0.358555 0.295956 0.009865 
0.003018 0.224228 -4.202901 -0.360278 0.292209 0.010419 
0.024810 0.226314 -4.074721 -0.362023 0.288305 0.009312 
0.051395 0.233796 -3.976945 -0.361635 0.282941 0.006879 
0.046984 0.305479 -3.808036 -0.358245 0.277430 0.002561 
0.055901 0.330553 -3.845100 -0.355970 0.274035 -0.000029 
0.040619 0.303182 -4.016844 -0.356643 0.272337 0.000272 
0.041156 0.282802 -4.165397 -0.356937 0.271106 0.003050 
0.038391 0.294093 -4.222834 -0.355086 0.270674 0.008344 
0.057286 0.282163 -4.356359 -0.352900 0.270764 0.015267 
0.088269 0.266671 -4.295872 -0.352190 0.272739 0.018601 
0.084293 0.234456 -4.084182 -0.352272 0.275880 0.018841 
0.071679 0.244768 -3.806892 -0.351582 0.279948 0.016774 
0.024941 0.263408 -3.598887 -0.349565 0.284076 0.013239 
-0.014962 0.255262 -3.346532 -0.348216 0.287465 0.008676 
-0.001752 0.212029 -3.349425 -0.348034 0.289739 0.005517 
-0.002600 0.199692 -3.550063 -0.347790 0.290531 0.004470 
0.015082 0.207767 -3.797231 -0.346744 0.289300 0.005333 
0.018485 0.215618 -4.035633 -0.346350 0.286066 0.007308 
0.016593 0.209215 -4.306838 -0.347020 0.281148 0.011000 
0.036886 0.197285 -4.378987 -0.348209 0.276517 0.012504 
0.037899 0.178830 -4.291582 -0.350429 0.272565 0.011791 
0.062689 0.183242 -4.156125 -0.352962 0.270068 0.008328 
0.040847 0.211215 -4.020964 -0.354231 0.268196 0.004208 
-0.011164 0.249825 -3.817392 -0.354323 0.268158 0.000220 
-0.012859 0.246404 -3.835664 -0.355313 0.270081 -0.000018 
-0.039376 0.187232 -3.953606 -0.356866 0.273609 0.003165 
-0.031973 0.158180 -4.045982 -0.357223 0.276912 0.007438 
-0.016361 0.162445 -4.134612 -0.355091 0.280368 0.012546 
-0.005964 0.168676 -4.285200 -0.351659 0.283299 0.017267 
0.023414 0.135225 -4.260932 -0.348666 0.286522 0.017297 
0.016727 0.072512 -4.082698 -0.346874 0.289764 0.013500 
0.012709 0.051832 -3.839169 -0.344145 0.291846 0.007522 
0.002604 0.073014 -3.637725 -0.339996 0.291797 0.001423 
-0.022639 0.103711 -3.415461 -0.336430 0.289369 -0.004297 
0.004299 0.106029 -3.451821 -0.335590 0.285263 -0.006224 
0.008362 0.077164 -3.636420 -0.336420 0.280660 -0.004614 
0.025498 0.069536 -3.867666 -0.336606 0.274933 -0.000994 
0.021889 0.083360 -4.077081 -0.336976 0.269166 0.002228 
0.017007 0.102896 -4.396125 -0.338428 0.265049 0.005357 
0.029459 0.099073 -4.504649 -0.340851 0.262582 0.005970 
0.012846 0.115139 -4.428815 -0.342680 0.261735 0.005436 
0.006044 0.146185 -4.232543 -0.344405 0.262530 0.005205 
-0.003395 0.167937 -4.009973 -0.346681 0.264774 0.006807 
-0.013203 0.195819 -3.725650 -0.350205 0.268734 0.008785 
-0.012872 0.215814 -3.659164 -0.353928 0.273515 0.012712 
-0.014835 0.209862 -3.758213 -0.357023 0.278421 0.017441 
-0.005019 0.227698 -3.917075 -0.359137 0.283549 0.021146 
-0.014860 0.228886 -4.081327 -0.360416 0.288614 0.022470 
-0.012597 0.223955 -4.293260 -0.361567 0.292927 0.022577 
-0.002734 0.214881 -4.293483 -0.361951 0.296097 0.018790 
0.017810 0.191796 -4.136841 -0.360505 0.297440 0.012013 
0.050930 0.178291 -3.928919 -0.357058 0.297354 0.003769 
0.066244 0.160542 -3.783644 -0.353004 0.296253 -0.004098 
0.061920 0.150239 -3.607638 -0.349714 0.294428 -0.011487 
0.053050 0.141793 -3.647140 -0.346720 0.291146 -0.013676 
0.047707 0.147055 -3.810157 -0.344101 0.286628 -0.010905 
0.051176 0.144351 -4.053582 -0.341688 0.281012 -0.004332 
0.039114 0.138395 -4.247497 -0.340915 0.275305 0.003810 
0.041362 0.141403 -4.499341 -0.341837 0.270368 0.011922 
0.030511 0.157721 -4.526959 -0.343490 0.266349 0.016158 
0.003826 0.185774 -4.372486 -0.344921 0.263656 0.016462 
-0.024358 0.207311 -4.140660 -0.345923 0.262581 0.013910 
-0.050496 0.215165 -3.896031 -0.347344 0.262820 0.010497 
-0.058916 0.223630 -3.568339 -0.349078 0.265026 0.006385 
-0.049138 0.226025 -3.470964 -0.350832 0.268668 0.004953 
-0.040375 0.225983 -3.563233 -0.351629 0.272923 0.005588 
-0.027519 0.221145 -3.742526 -0.351168 0.277354 0.007626 
-0.022876 0.203486 -3.935154 -0.350318 0.281938 0.010606 
-0.017547 0.170771 -4.232393 -0.349728 0.286049 0.015001 
-0.020874 0.146320 -4.300855 -0.349418 0.289233 0.017465 
-0.026079 0.137457 -4.201198 -0.349489 0.290591 0.018069 
-0.008054 0.154778 -4.026748 -0.348883 0.289395 0.016941 
0.027813 0.182471 -3.876122 -0.348192 0.286356 0.013351 
0.049701 0.176719 -3.664850 -0.348712 0.283193 0.006709 
0.079861 0.164016 -3.673035 -0.351196 0.281525 -0.000111 
0.088136 0.173270 -3.875949 -0.353366 0.279570 -0.006230 
0.062214 0.208967 -4.070051 -0.353120 0.277684 -0.009471 
0.053714 0.215593 -4.283769 -0.352905 0.276916 -0.009215 
0.019003 0.207170 -4.559473 -0.354415 0.277107 -0.003534 
0.014640 0.171520 -4.526098 -0.355955 0.278087 0.003997 
0.011844 0.184910 -4.294287 -0.355389 0.278575 0.011906 
-0.009092 0.204991 -4.009113 -0.353827 0.279567 0.018129 
-0.009621 0.208824 -3.797381 -0.352365 0.281178 0.021380 
-0.018952 0.183055 -3.552037 -0.351762 0.282631 0.020052 
-0.019273 0.175671 -3.507087 -0.349889 0.283386 0.017048 
-0.019113 0.184764 -3.603039 -0.348054 0.284067 0.013718 
-0.012982 0.165631 -3.827167 -0.346568 0.284232 0.009206 
0.003344 0.155096 -4.000711 -0.346142 0.283269 0.005519 
0.019266 0.149548 -4.310631 -0.345672 0.280996 0.003662 
0.024553 0.145886 -4.371897 -0.344403 0.277524 0.003199 
0.036883 0.163603 -4.261393 -0.342827 0.274085 0.002779 
0.028243 0.135281 -4.076809 -0.343682 0.271811 0.002642 
0.040350 0.125026 -3.931242 -0.345522 0.271221 0.002474 
0.018111 0.157544 -3.723699 -0.345639 0.270593 0.000852 
-0.006357 0.205060 -3.716005 -0.344354 0.270404 0.001077 
0.014499 0.216326 -3.873716 -0.345059 0.271723 0.003622 
-0.000159 0.198794 -4.062732 -0.347753 0.274143 0.007757 
0.017821 0.205176 -4.180774 -0.351068 0.276813 0.012288 
0.010796 0.209343 -4.363198 -0.353445 0.279095 0.017613 
0.006588 0.218892 -4.354599 -0.355310 0.281041 0.019346 
0.013353 0.218373 -4.224681 -0.356927 0.283263 0.017096 
-0.002664 0.203466 -4.007839 -0.358664 0.286004 0.012660 
0.000216 0.216693 -3.819962 -0.359387 0.288916 0.007014 
-0.018532 0.236062 -3.563763 -0.358474 0.290445 0.001420 
-0.018270 0.230662 -3.531118 -0.356746 0.290722 -0.000621 
-0.003850 0.212323 -3.679734 -0.354769 0.289970 0.000617 
0.030561 0.185868 -3.905702 -0.352349 0.288038 0.004042 
0.049634 0.162422 -4.080952 -0.349918 0.285443 0.007520 
0.062133 0.149846 -4.345396 -0.347572 0.283197 0.010281 
0.047129 0.147226 -4.428056 -0.346306 0.280637 0.010220 
0.034643 0.142815 -4.353008 -0.344418 0.277459 0.007610 
0.010192 0.146537 -4.163402 -0.343289 0.274445 0.004361 
-0.014257 0.144200 -3.994113 -0.343970 0.271909 0.002293 
-0.018527 0.156002 -3.734962 -0.345670 0.270087 0.001386 
-0.021458 0.175398 -3.656511 -0.346984 0.268481 0.003429 
-0.023902 0.192367 -3.703408 -0.347986 0.267465 0.006640 
-0.016386 0.180993 -3.882728 -0.349338 0.268202 0.010139 
0.005305 0.163393 -4.050471 -0.350245 0.270460 0.012656 
-0.004458 0.151405 -4.279446 -0.350165 0.273523 0.014672 
-0.001198 0.169671 -4.299249 -0.349555 0.277431 0.013859 
-0.013285 0.162198 -4.183975 -0.349142 0.281605 0.011864 
-0.018763 0.161735 -3.996204 -0.348841 0.285055 0.009407 
-0.012230 0.159069 -3.831811 -0.348223 0.286896 0.008014 
0.007063 0.171150 -3.597108 -0.347497 0.287116 0.006918 
0.029189 0.186250 -3.566326 -0.347700 0.286389 0.006961 
0.040928 0.167927 -3.715113 -0.349582 0.285456 0.006972 
0.067046 0.148739 -3.962328 -0.351618 0.284528 0.005935 
0.065763 0.161474 -4.187629 -0.352160 0.283038 0.003415 
0.054350 0.170754 -4.457178 -0.351765 0.281435 0.001701 
0.053982 0.173635 -4.531870 -0.352384 0.280487 -0.000272 
0.028346 0.175845 -4.406467 -0.353675 0.280074 -0.000782 
0.031156 0.187798 -4.167364 -0.354244 0.279456 0.001265 
0.016752 0.202079 -3.915695 -0.353680 0.278486 0.005564 
0.023051 0.219293 -3.643095 -0.352764 0.277752 0.009336 
0.024583 0.220381 -3.593012 -0.352435 0.277743 0.013234 
0.019254 0.204262 -3.702246 -0.352224 0.278750 0.016015 
0.019207 0.207690 -3.887843 -0.351548 0.279928 0.016692 
0.006835 0.208765 -4.070471 -0.349932 0.280614 0.015647 
0.008687 0.184907 -4.302411 -0.348641 0.281100 0.014235 
0.018899 0.157629 -4.335473 -0.348184 0.281398 0.010968 
0.005868 0.147627 -4.215013 -0.347626 0.280697 0.007207 
0.024924 0.162130 -3.996910 -0.345755 0.279102 0.004064 
0.023862 0.165805 -3.790394 -0.344454 0.277168 0.001885 
0.035856 0.168513 -3.571246 -0.344439 0.276476 -0.000493 
0.051249 0.160409 -3.589240 -0.344969 0.276270 -0.001038 
0.029250 0.166531 -3.764984 -0.344768 0.275784 0.000212 
0.029925 0.184065 -3.952740 -0.344473 0.275531 0.002095 
0.020783 0.198997 -4.183820 -0.345003 0.276022 0.005552 
0.018565 0.178645 -4.435577 -0.347545 0.276929 0.010397 
0.021579 0.172548 -4.470239 -0.349834 0.277486 0.013502 
0.015063 0.188524 -4.297939 -0.351663 0.277897 0.014751 
0.027739 0.197707 -4.069848 -0.353051 0.278828 0.013672 
0.017891 0.209535 -3.887558 -0.354432 0.280112 0.010730 
0.007848 0.211051 -3.629427 -0.356051 0.281857 0.006024 
0.005121 0.216176 -3.570523 -0.357147 0.283680 0.003499 
-0.002384 0.223110 -3.683105 -0.356455 0.285090 0.003380 
-0.002748 0.220251 -3.882603 -0.355661 0.285794 0.005440 
0.003641 0.207091 -4.065371 -0.354775 0.285968 0.008801 
0.029271 0.192124 -4.312131 -0.353243 0.285445 0.012962 
0.036147 0.170706 -4.349119 -0.351297 0.284538 0.014189 
0.034747 0.161406 -4.236754 -0.349440 0.283763 0.012654 
0.032220 0.153186 -4.076629 -0.347901 0.282602 0.008595 
0.005330 0.152500 -3.904540 -0.346001 0.280656 0.003697 
-0.004010 0.176900 -3.680772 -0.344722 0.278685 -0.001138 
-0.000895 0.171849 -3.677383 -0.344593 0.276650 -0.002403 
-0.008092 0.175953 -3.782161 -0.345043 0.274520 -0.000636 
0.008798 0.174467 -3.942936 -0.345676 0.272709 0.003222 
0.006183 0.166462 -4.104524 -0.346687 0.271606 0.007613 
0.006360 0.170432 -4.357149 -0.347930 0.271648 0.012028 
-0.011196 0.163273 -4.380188 -0.348633 0.272538 0.013507 
-0.022945 0.175178 -4.246982 -0.348886 0.273944 0.013078 
-0.033888 0.192116 -4.049342 -0.349268 0.276196 0.011305 
-0.044275 0.191911 -3.861987 -0.349930 0.278534 0.009733 
-0.034487 0.198190 -3.592637 -0.350379 0.280243 0.007700 
-0.025498 0.207649 -3.562242 -0.350470 0.281040 0.007722 
-0.009728 0.204254 -3.687404 -0.350318 0.281809 0.008889 
0.013875 0.188767 -3.882738 -0.350564 0.282335 0.009999 
0.017247 0.168605 -4.074080 -0.351498 0.282997 0.010048 
0.056128 0.160524 -4.366244 -0.352161 0.283524 0.009690 
0.045601 0.164184 -4.441546 -0.351656 0.283510 0.007155 
0.040507 0.172654 -4.332297 -0.350803 0.283433 0.003594 
0.037054 0.174225 -4.163401 -0.350481 0.283047 0.000844 
0.030360 0.171577 -3.977623 -0.350996 0.282778 -0.000060 
0.028686 0.192705 -3.703411 -0.350701 0.281900 -0.000348 
0.027949 0.197171 -3.638907 -0.350350 0.280947 0.001966 
0.043738 0.200565 -3.749250 -0.350309 0.280096 0.005420 
0.038835 0.190002 -3.938981 -0.350697 0.279583 0.008482 
0.040289 0.190590 -4.107514 -0.350682 0.279410 0.010914 
0.028680 0.188912 -4.357542 -0.350848 0.279817 0.013593 
0.007150 0.185309 -4.368924 -0.350885 0.279778 0.014120 
-0.009207 0.187344 -4.224118 -0.350727 0.279393 0.012961 
-0.018728 0.186185 -4.028428 -0.350590 0.278761 0.011739 
-0.008463 0.189830 -3.822975 -0.349926 0.277895 0.010307 
-0.007375 0.206680 -3.564183 -0.348855 0.276900 0.007635 
-0.002979 0.195373 -3.550301 -0.348612 0.276477 0.006034 
0.016773 0.189527 -3.700966 -0.348152 0.276642 0.005143 
0.020376 0.184482 -3.913892 -0.347210 0.276645 0.004516 
0.038626 0.178625 -4.128852 -0.346105 0.276832 0.004525 
0.054099 0.166781 -4.397782 -0.345844 0.277525 0.006315 
0.042102 0.155237 -4.449746 -0.346251 0.278377 0.007014 
0.044568 0.153234 -4.307395 -0.346754 0.279008 0.007135 
0.033970 0.160016 -4.092306 -0.347688 0.279627 0.006900 
0.031352 0.179918 -3.916396 -0.348845 0.280009 0.006321 
0.020750 0.186469 -3.666224 -0.350105 0.280620 0.004512 
0.012250 0.192435 -3.632125 -0.351678 0.281248 0.004132 
0.019868 0.197058 -3.752924 -0.353404 0.282072 0.004905 
0.010512 0.211821 -3.917736 -0.354261 0.282551 0.006494 
0.013925 0.211274 -4.085489 -0.354736 0.282650 0.008930 
0.023971 0.206551 -4.316706 -0.354911 0.282711 0.012163 
0.024122 0.198624 -4.371114 -0.354802 0.282622 0.013507 
0.020881 0.191107 -4.239498 -0.354060 0.282528 0.013070 
0.000269 0.192864 -4.043511 -0.352785 0.282261 0.010971 
-0.014169 0.200845 -3.876463 -0.351460 0.281383 0.008320 
-0.015144 0.191972 -3.657925 -0.350088 0.280492 0.005275 
-0.007963 0.196889 -3.616459 -0.348604 0.279195 0.004018 
0.001650 0.185028 -3.750751 -0.347709 0.277804 0.004436 
0.006792 0.176119 -3.947757 -0.347275 0.276743 0.005878 
0.018373 0.162730 -4.123690 -0.346709 0.275727 0.006904 
0.024636 0.151760 -4.371057 -0.346447 0.275142 0.008299 
0.023533 0.142405 -4.421575 -0.346190 0.275344 0.008032 
0.008160 0.150041 -4.284799 -0.346153 0.275624 0.006112 
-0.012919 0.160340 -4.078125 -0.346265 0.276414 0.004678 
-0.009695 0.174895 -3.884506 -0.346815 0.277135 0.004634 
-0.019367 0.189941 -3.619204 -0.347854 0.277840 0.004661 
-0.014093 0.196694 -3.561768 -0.348771 0.278374 0.006543 
0.005677 0.186029 -3.669457 -0.349632 0.278920 0.009454 
0.004433 0.177730 -3.866504 -0.350645 0.279911 0.011753 
0.016108 0.177958 -4.080522 -0.351430 0.280720 0.012645 
0.011861 0.178560 -4.334633 -0.351898 0.281455 0.013178 
0.018598 0.179981 -4.390697 -0.351882 0.281986 0.011301 
0.023806 0.173835 -4.282035 -0.351768 0.282404 0.008382 
0.021298 0.182782 -4.082340 -0.351557 0.282297 0.005552 
0.032909 0.183939 -3.905080 -0.351231 0.281997 0.003450 
0.023298 0.198803 -3.666843 -0.350983 0.281556 0.001410 
0.036389 0.199789 -3.647184 -0.350648 0.281271 0.001424 
0.043179 0.197070 -3.763698 -0.350335 0.280860 0.003146 
0.036930 0.201205 -3.972423 -0.350137 0.280844 0.005326 
0.038355 0.192544 -4.160585 -0.350187 0.280860 0.007522 
0.025741 0.176144 -4.391867 -0.350296 0.280789 0.010752 
0.026564 0.177437 -4.394078 -0.350447 0.280498 0.011721 
0.018206 0.183201 -4.241195 -0.350258 0.280251 0.011318 
0.009321 0.172629 -4.014296 -0.350350 0.279892 0.009905 
0.006568 0.182891 -3.817356 -0.349968 0.279503 0.008039 
-0.004436 0.181253 -3.567177 -0.349678 0.278966 0.005251 
-0.005906 0.190389 -3.546413 -0.349294 0.278786 0.004840 
-0.007221 0.200331 -3.681812 -0.348735 0.278343 0.005905 
0.006622 0.193212 -3.858731 -0.348445 0.277888 0.007467 
0.020251 0.176249 -4.078592 -0.347902 0.277821 0.009730 
0.035405 0.167895 -4.317643 -0.347778 0.277654 0.011881 
0.041342 0.155156 -4.378807 -0.347539 0.277615 0.011820 
0.031959 0.158543 -4.272633 -0.347206 0.277855 0.009760 
0.030139 0.156038 -4.092634 -0.347075 0.278506 0.006687 
0.015480 0.171248 -3.912145 -0.347308 0.278966 0.003737 
0.015783 0.169716 -3.681299 -0.347814 0.279403 0.001041 
0.020461 0.184005 -3.628470 -0.348840 0.280037 0.000885 
0.026699 0.182491 -3.733368 -0.350127 0.280392 0.003062 
0.034116 0.196892 -3.922135 -0.351297 0.280950 0.006242 
0.033485 0.189947 -4.090209 -0.352462 0.281648 0.009215 
0.031620 0.190796 -4.330539 -0.353087 0.282465 0.012334 
0.020135 0.196373 -4.371675 -0.353535 0.283223 0.012836 
0.012685 0.190129 -4.246665 -0.353591 0.283826 0.011541 
-0.003280 0.206804 -4.039127 -0.353334 0.284009 0.009575 
-0.007148 0.208727 -3.842944 -0.352690 0.283625 0.007808 
-0.004684 0.199720 -3.605345 -0.352121 0.282803 0.005756 
-0.002047 0.200510 -3.564972 -0.351312 0.281537 0.005364 
0.009137 0.196363 -3.689252 -0.350684 0.280328 0.006010 
0.012338 0.187701 -3.906453 -0.349766 0.279188 0.007107 
0.015982 0.178680 -4.102324 -0.349012 0.278137 0.007902 
0.019821 0.160084 -4.361085 -0.348162 0.277377 0.009384 
0.023563 0.149300 -4.402777 -0.347429 0.276875 0.009339 
0.012593 0.155867 -4.278505 -0.346753 0.276362 0.007943 
0.002969 0.161219 -4.071972 -0.346410 0.276209 0.006295 
0.003035 0.160609 -3.886303 -0.346585 0.276467 0.005166 
-0.004570 0.173444 -3.618082 -0.346675 0.276581 0.003471 
-0.002053 0.188536 -3.577271 -0.347052 0.277042 0.003620 
0.003114 0.177037 -3.691409 -0.348088 0.277783 0.005240 
-0.005148 0.181241 -3.888527 -0.349018 0.278830 0.007542 
0.000982 0.185589 -4.085696 -0.349938 0.279775 0.009845 
0.000116 0.168935 -4.314981 -0.351008 0.280766 0.012864 
0.010720 0.170980 -4.346323 -0.351629 0.281271 0.013592 
0.011666 0.168999 -4.221108 -0.351971 0.281817 0.012410 
-0.003235 0.175645 -4.021724 -0.352106 0.282370 0.009899 
-0.004857 0.183351 -3.852137 -0.352062 0.282547 0.007042 
-0.008663 0.192517 -3.640070 -0.351691 0.282350 0.003256 
0.003565 0.193233 -3.617056 -0.351358 0.282068 0.001987 
0.016768 0.186041 -3.761113 -0.351072 0.281612 0.002612 
0.023957 0.183335 -3.958267 -0.350915 0.281113 0.004268 
0.031362 0.180697 -4.156259 -0.350757 0.280613 0.006246 
0.032514 0.164102 -4.366806 -0.350700 0.280537 0.009168 
0.031798 0.156528 -4.410519 -0.350430 0.280356 0.010198 
0.022971 0.153403 -4.298595 -0.350141 0.280210 0.009861 
0.013562 0.158823 -4.092901 -0.349798 0.280056 0.008535 
-0.002710 0.168716 -3.876257 -0.349589 0.279855 0.007008 
-0.004800 0.178814 -3.628479 -0.349371 0.279550 0.005187 
0.002090 0.184110 -3.547033 -0.349334 0.279301 0.005046 
0.009781 0.189663 -3.661950 -0.349284 0.278886 0.006348 
0.016794 0.185866 -3.859408 -0.348974 0.278675 0.007998 
0.025093 0.172237 -4.035514 -0.349056 0.278829 0.009449 
0.025458 0.162453 -4.304326 -0.348788 0.279055 0.011247 
0.031490 0.166436 -4.365060 -0.348432 0.279023 0.010977 
0.022497 0.161725 -4.230433 -0.348157 0.279254 0.009689 
0.013542 0.165769 -4.053169 -0.347983 0.279386 0.007694 
0.020264 0.170001 -3.876253 -0.348120 0.279408 0.006025 
0.005286 0.179445 -3.636897 -0.348396 0.279288 0.003881 
0.013256 0.183703 -3.604668 -0.348685 0.279229 0.003379 
0.031299 0.182377 -3.727296 -0.349481 0.279406 0.004248 
0.042279 0.184673 -3.922977 -0.350091 0.279741 0.005802 
0.038892 0.186066 -4.107676 -0.350717 0.280366 0.007042 
0.037006 0.187051 -4.366276 -0.351501 0.281089 0.009506 
0.040787 0.192546 -4.387811 -0.352102 0.281833 0.010348 
0.027993 0.190753 -4.234715 -0.352453 0.282474 0.010155 
0.021652 0.193993 -4.028841 -0.352766 0.282871 0.009153 
0.006937 0.202089 -3.833889 -0.352728 0.283140 0.008247 
0.003973 0.203156 -3.576776 -0.352254 0.283028 0.006531 
0.009333 0.208969 -3.535474 -0.351891 0.282604 0.006032 
0.021884 0.202198 -3.669676 -0.351441 0.282056 0.006664 
0.019154 0.195875 -3.876832 -0.350672 0.281435 0.007874 
0.022990 0.177801 -4.062825 -0.349982 0.280568 0.008779 
0.034157 0.163491 -4.321924 -0.349098 0.279759 0.010370 
0.037491 0.161692 -4.372655 -0.348302 0.279073 0.009893 
0.025606 0.160252 -4.237903 -0.347522 0.278466 0.008288 
0.021282 0.162799 -4.050975 -0.346873 0.277895 0.006193 
0.003896 0.173609 -3.864076 -0.346496 0.277419 0.004321 
-0.004694 0.180091 -3.625511 -0.346628 0.276966 0.002390 
-0.010293 0.185499 -3.595442 -0.347077 0.276717 0.002857 
0.000392 0.181270 -3.721325 -0.347736 0.276661 0.004902 
0.005324 0.179948 -3.909626 -0.348536 0.276943 0.007644 
0.010932 0.177447 -4.096851 -0.349505 0.277505 0.010065 
0.001549 0.173183 -4.325072 -0.350172 0.278561 0.012441 
0.004193 0.170476 -4.365636 -0.350670 0.279216 0.012726 
-0.001425 0.170367 -4.239935 -0.351003 0.280382 0.011325 
-0.007024 0.179900 -4.052183 -0.351433 0.281255 0.009555 
-0.007471 0.194786 -3.864711 -0.351339 0.281809 0.007569 
-0.015272 0.206666 -3.615066 -0.351435 0.282116 0.005212 
-0.001111 0.197751 -3.573216 -0.351491 0.282198 0.004707 
0.006335 0.193988 -3.706923 -0.351506 0.281973 0.005452 
0.020245 0.194342 -3.903042 -0.351164 0.281714 0.006569 
0.026798 0.181162 -4.118452 -0.350920 0.281694 0.007341 
0.025921 0.156725 -4.385949 -0.350756 0.281347 0.008712 
0.023926 0.148483 -4.436705 -0.350330 0.281269 0.008446 
0.021128 0.149862 -4.312747 -0.349847 0.280983 0.007261 
0.011244 0.156793 -4.096894 -0.349493 0.280450 0.005948 
0.009138 0.167258 -3.902469 -0.349109 0.280059 0.005045 
0.007246 0.178311 -3.636116 -0.348886 0.279560 0.003885 
0.000560 0.184628 -3.587176 -0.349008 0.279126 0.004687 
0.001401 0.194390 -3.703218 -0.348932 0.278762 0.006418 
0.010067 0.182678 -3.890789 -0.349159 0.278439 0.008512 
0.019720 0.186574 -4.077693 -0.349437 0.278402 0.010395 
0.013805 0.173370 -4.326210 -0.349520 0.278476 0.012430 
0.013752 0.164881 -4.356771 -0.349578 0.278477 0.012509 
0.011871 0.164389 -4.221643 -0.349269 0.278660 0.011009 
0.002726 0.167606 -4.032609 -0.349102 0.278981 0.008378 
0.000233 0.176288 -3.844989 -0.348731 0.278973 0.006177 
-0.001183 0.175199 -3.604832 -0.348753 0.279326 0.003483 
0.005350 0.187440 -3.583329 -0.348504 0.279377 0.002858 
0.021883 0.186496 -3.727829 -0.348815 0.279474 0.004024 
0.031810 0.188549 -3.936129 -0.348944 0.279917 0.006203 
0.042595 0.190641 -4.112702 -0.349396 0.280347 0.008091 
0.045767 0.180257 -4.372012 -0.349775 0.280743 0.010548 
0.048853 0.177190 -4.391246 -0.350437 0.281487 0.010531 
0.042936 0.179684 -4.255080 -0.350913 0.281985 0.009149 
0.028843 0.187887 -4.045832 -0.351358 0.282149 0.006978 
0.022070 0.190992 -3.838280 -0.351673 0.282548 0.005334 
0.007548 0.199812 -3.589670 -0.351954 0.282615 0.003517 
0.008626 0.209926 -3.550084 -0.352205 0.282225 0.004099 
0.016887 0.198072 -3.687361 -0.352276 0.281994 0.006232 
0.017396 0.191283 -3.886694 -0.352151 0.281542 0.008743 
0.023973 0.187975 -4.075136 -0.351678 0.281238 0.010721 
0.030497 0.176177 -4.294140 -0.351262 0.280935 0.012778 
0.026566 0.178189 -4.356394 -0.350282 0.280400 0.012717 
0.007003 0.179537 -4.250902 -0.349326 0.280138 0.010545 
0.001549 0.174010 -4.052656 -0.348575 0.279473 0.007921 
0.003833 0.173039 -3.874695 -0.347947 0.278663 0.005391 
-0.007364 0.180453 -3.634395 -0.347592 0.277941 0.002493 
-0.001851 0.178237 -3.582070 -0.347446 0.277415 0.001790 
0.006444 0.175008 -3.707057 -0.347618 0.277089 0.003189 
0.008743 0.175378 -3.904554 -0.347924 0.276912 0.005279 
0.012392 0.174011 -4.092560 -0.348404 0.277203 0.007695 
0.001843 0.162926 -4.343403 -0.348796 0.277886 0.010799 
-0.002146 0.164496 -4.385931 -0.349267 0.278591 0.011835 
-0.006525 0.166080 -4.252043 -0.349910 0.279367 0.011415 
-0.005125 0.163997 -4.044806 -0.350417 0.279994 0.009983 
-0.018505 0.179875 -3.857274 -0.350806 0.280351 0.008329 
-0.018565 0.186433 -3.606265 -0.351096 0.280888 0.005542 
-0.009678 0.188819 -3.562866 -0.351559 0.281296 0.004724 
-0.008620 0.188019 -3.695783 -0.351718 0.281403 0.005255 
0.000420 0.190561 -3.911660 -0.351844 0.281660 0.006464 
0.015390 0.181509 -4.108594 -0.351728 0.281677 0.008005 
0.016803 0.172591 -4.357449 -0.351776 0.281702 0.010149 
0.015675 0.163995 -4.418899 -0.351513 0.281715 0.010196 
0.013071 0.156322 -4.285063 -0.351093 0.281614 0.009122 
0.008940 0.149817 -4.088256 -0.350509 0.281228 0.007139 
-0.001295 0.163822 -3.901999 -0.349944 0.280990 0.005368 
0.002397 0.169732 -3.653640 -0.349431 0.280642 0.003112 
0.001061 0.171726 -3.602440 -0.349260 0.280167 0.002838 
0.007835 0.179150 -3.728527 -0.349035 0.279283 0.004456 
0.016764 0.175866 -3.916722 -0.349203 0.278963 0.006765 
0.025089 0.181364 -4.094847 -0.349149 0.278553 0.008978 
0.019343 0.159866 -4.344418 -0.349290 0.278623 0.011439 
0.013097 0.155294 -4.355613 -0.349486 0.278763 0.011965 
0.004543 0.160103 -4.221305 -0.349303 0.278709 0.010900 
-0.003907 0.171883 -4.034572 -0.349075 0.279031 0.009128 
-0.005816 0.172671 -3.837609 -0.348921 0.278919 0.007365 
-0.000581 0.177048 -3.598866 -0.348739 0.278943 0.005101 
0.006322 0.181327 -3.567180 -0.348707 0.278891 0.004594 
0.020920 0.180759 -3.701530 -0.348534 0.278904 0.005440 
0.028844 0.174962 -3.918164 -0.348399 0.279166 0.006749 
0.038541 0.177212 -4.113550 -0.348688 0.279511 0.007977 
0.048271 0.178310 -4.340425 -0.348824 0.280146 0.009494 
0.042931 0.171609 -4.401143 -0.349193 0.280763 0.009653 
0.043683 0.178681 -4.285805 -0.349471 0.281124 0.008360 
0.036911 0.181786 -4.078254 -0.349786 0.281523 0.006716 
0.024069 0.181410 -3.881592 -0.350450 0.281773 0.005605 
0.018183 0.193802 -3.622683 -0.351023 0.281971 0.003908 
0.027290 0.206263 -3.571426 -0.351415 0.282001 0.003962 
0.036893 0.202320 -3.685777 -0.351913 0.281854 0.005372 
0.031742 0.205803 -3.852681 -0.352043 0.282014 0.007269 
0.040039 0.202052 -4.050435 -0.352054 0.281794 0.009245 
0.040841 0.192532 -4.290579 -0.351786 0.282014 0.011711 
0.031972 0.189258 -4.353392 -0.351328 0.281798 0.012188 
0.021411 0.186840 -4.220080 -0.350715 0.281469 0.011223 
0.023763 0.194094 -4.023634 -0.349869 0.280757 0.009245 
0.012326 0.192423 -3.837207 -0.349255 0.280234 0.007363 
0.008194 0.195695 -3.596620 -0.348925 0.279461 0.004357 
0.004831 0.190598 -3.564687 -0.348482 0.278616 0.003527 
0.010734 0.188369 -3.688777 -0.348166 0.278019 0.004280 
0.017419 0.177927 -3.895400 -0.348063 0.277330 0.005714 
0.025741 0.173417 -4.082222 -0.348079 0.277299 0.007375 
0.026690 0.155739 -4.341690 -0.348028 0.277421 0.009611 
0.020727 0.158707 -4.372923 -0.348170 0.277756 0.010013 
0.007060 0.157140 -4.239479 -0.348358 0.278309 0.009480 
0.007655 0.163507 -4.033408 -0.348485 0.278946 0.008259 
-0.005509 0.179453 -3.846715 -0.348873 0.279303 0.006926 
-0.011987 0.190356 -3.598509 -0.349135 0.279888 0.005210 
-0.016018 0.193470 -3.567125 -0.349921 0.280200 0.005354 
-0.004777 0.204716 -3.690663 -0.350633 0.280431 0.006547 
0.006109 0.190289 -3.886775 -0.351360 0.280760 0.008311 
0.009498 0.179871 -4.081495 -0.352065 0.281143 0.009540 
0.017827 0.174216 -4.348423 -0.352085 0.281312 0.010809 
0.017382 0.164568 -4.378451 -0.351992 0.281602 0.010561 
0.015696 0.164279 -4.262432 -0.351841 0.281690 0.008726 
0.005439 0.169165 -4.065458 -0.351341 0.281638 0.006746 
0.002438 0.170734 -3.879969 -0.350859 0.281345 0.005292 
0.006144 0.176380 -3.643685 -0.350187 0.281095 0.003666 
-0.009763 0.187019 -3.614388 -0.349801 0.280635 0.003910 
-0.003429 0.184924 -3.740156 -0.349483 0.280037 0.005305 
0.011692 0.177722 -3.947717 -0.349513 0.279577 0.007167 
0.011794 0.170039 -4.134440 -0.349396 0.279315 0.008721 
0.019218 0.166513 -4.351847 -0.349244 0.279009 0.010358 
0.012463 0.154076 -4.402857 -0.349493 0.278962 0.010635 
0.003646 0.150456 -4.267925 -0.349370 0.278906 0.009354 
-0.005327 0.155387 -4.071248 -0.349191 0.278845 0.007700 
-0.013668 0.160785 -3.865011 -0.349168 0.278683 0.006379 
-0.007585 0.165695 -3.617548 -0.349144 0.278606 0.004769 
-0.008571 0.183455 -3.567900 -0.348700 0.278423 0.004922 
0.007720 0.173947 -3.693507 -0.348911 0.278612 0.006526 
0.016780 0.176353 -3.891113 -0.348879 0.278963 0.008391 
0.018473 0.175498 -4.087238 -0.349034 0.279076 0.009833 
0.034779 0.164452 -4.335372 -0.349089 0.279569 0.011648 
0.035683 0.162323 -4.384894 -0.349262 0.280045 0.011280 
0.035501 0.161524 -4.277349 -0.349596 0.280218 0.009123 
0.027665 0.164027 -4.077678 -0.349755 0.280719 0.006504 
0.013807 0.171410 -3.888683 -0.350204 0.281075 0.004313 
0.014138 0.179126 -3.638209 -0.350646 0.281322 0.001853 
0.016132 0.187369 -3.587453 -0.351072 0.281400 0.002119 
0.033103 0.186689 -3.703285 -0.351382 0.281492 0.003953 
0.029949 0.197892 -3.892200 -0.351777 0.281836 0.006694 
0.039159 0.192893 -4.071446 -0.351796 0.281991 0.009325 
0.034830 0.187140 -4.322026 -0.351986 0.282346 0.012217 
0.026860 0.182882 -4.354255 -0.351698 0.282406 0.012719 
0.024914 0.184172 -4.228916 -0.351536 0.282113 0.011219 
0.013743 0.181050 -4.021463 -0.350933 0.281967 0.009029 
0.003206 0.187651 -3.833439 -0.350581 0.281440 0.006728 
0.006014 0.204058 -3.583959 -0.349995 0.280528 0.004054 
0.002865 0.199029 -3.552865 -0.349551 0.279682 0.003545 
0.015808 0.193415 -3.687600 -0.349253 0.278845 0.004504 
0.014994 0.187604 -3.885493 -0.348962 0.278115 0.006374 
0.021960 0.175447 -4.083167 -0.348711 0.277901 0.008129 
0.029344 0.163167 -4.343210 -0.348457 0.277693 0.010473 
0.021158 0.158842 -4.374600 -0.348169 0.277754 0.010655 
0.013273 0.153086 -4.240574 -0.348061 0.278265 0.009687 
0.005239 0.165265 -4.043444 -0.347991 0.278487 0.007927 
-0.002795 0.177445 -3.846313 -0.347921 0.278709 0.006167 
0.004663 0.189115 -3.607413 -0.348169 0.279007 0.004124 
0.007568 0.195357 -3.575833 -0.348769 0.279558 0.004049 
0.003866 0.190362 -3.709004 -0.349602 0.279696 0.005124 
0.009017 0.188484 -3.905482 -0.350567 0.280071 0.007218 
0.013079 0.177509 -4.091787 -0.351275 0.280640 0.009095 
0.016089 0.175547 -4.319697 -0.351596 0.281036 0.011152 
0.010964 0.168913 -4.381253 -0.351964 0.281651 0.011632 
0.003953 0.172188 -4.256562 -0.352113 0.281969 0.010559 
-0.005653 0.176652 -4.069444 -0.351776 0.282009 0.008571 
-0.000650 0.181327 -3.883215 -0.351429 0.281948 0.006904 
0.002362 0.178410 -3.644630 -0.350818 0.281697 0.004419 
0.000858 0.188697 -3.592376 -0.350588 0.281226 0.003720 
0.007024 0.194896 -3.717091 -0.350212 0.280631 0.004689 
0.006663 0.178453 -3.914427 -0.349996 0.280466 0.006335 
0.013852 0.175747 -4.111580 -0.349839 0.279968 0.007991 
0.014326 0.159581 -4.360888 -0.349778 0.279709 0.010240 
0.020924 0.156557 -4.392863 -0.349632 0.279381 0.010749 
0.004801 0.157772 -4.268311 -0.349479 0.279188 0.009570 
-0.012392 0.159530 -4.071534 -0.349166 0.278897 0.007808 
-0.014084 0.160385 -3.875409 -0.349010 0.278783 0.006366 
-0.008868 0.165649 -3.617252 -0.348823 0.278614 0.004443 
-0.009466 0.174560 -3.576836 -0.348602 0.278521 0.004372 
-0.000668 0.179067 -3.692353 -0.348719 0.278385 0.005993 
0.007500 0.182587 -3.890198 -0.348518 0.278456 0.007859 
0.016714 0.176964 -4.076782 -0.348703 0.278705 0.009520 
0.018602 0.166534 -4.335797 -0.348762 0.279110 0.011650 
0.019723 0.164473 -4.386158 -0.348934 0.279586 0.011603 
0.019298 0.155109 -4.259718 -0.349169 0.279850 0.009885 
0.012745 0.157658 -4.060344 -0.349648 0.280342 0.007592 
0.012234 0.174326 -3.882660 -0.349702 0.280420 0.005606 
0.011673 0.183155 -3.632423 -0.349975 0.280388 0.003147 
0.013840 0.182481 -3.590060 -0.350624 0.280556 0.002869 
0.023966 0.185387 -3.714355 -0.351073 0.280793 0.004161 
0.032785 0.188485 -3.922055 -0.351035 0.280956 0.006020 
0.036411 0.177998 -4.099343 -0.351580 0.281432 0.008226 
0.038756 0.166944 -4.349103 -0.351643 0.282024 0.010683 
0.031337 0.178784 -4.371648 -0.351241 0.282277 0.011303 
0.030955 0.178405 -4.237655 -0.351251 0.282451 0.010451 
0.028899 0.187351 -4.021367 -0.350880 0.282437 0.008918 
0.020102 0.193373 -3.824384 -0.350853 0.282088 0.007270 
0.016642 0.196088 -3.575382 -0.350528 0.281501 0.004912 
0.007368 0.202449 -3.544121 -0.350168 0.280990 0.004406 
0.014099 0.200890 -3.677761 -0.350167 0.280198 0.005158 
0.027044 0.194755 -3.885264 -0.349709 0.279467 0.006694 
0.034001 0.182991 -4.040517 -0.349618 0.279150 0.007846 
0.040729 0.171003 -4.321051 -0.349201 0.278855 0.010171 
0.031604 0.159430 -4.352894 -0.348804 0.278633 0.010458 
0.029497 0.159365 -4.239935 -0.348329 0.278727 0.009581 
0.020370 0.172325 -4.054279 -0.347932 0.278768 0.008131 
0.004091 0.182090 -3.867981 -0.347722 0.278571 0.006578 
0.011267 0.186220 -3.609042 -0.348024 0.278674 0.004659 
0.005718 0.190109 -3.557110 -0.348485 0.278802 0.004496 
0.015804 0.194039 -3.680262 -0.349088 0.278751 0.005474 
0.019625 0.183755 -3.876660 -0.349791 0.279132 0.007346 
0.023694 0.182164 -4.061606 -0.350593 0.279417 0.008804 
0.020525 0.183103 -4.319910 -0.351057 0.280148 0.010942 
0.015601 0.176801 -4.370229 -0.351585 0.280664 0.011114 
0.008151 0.170557 -4.245219 -0.351640 0.281267 0.009818 
0.000117 0.182736 -4.048089 -0.351570 0.281490 0.008058 
-0.001100 0.182080 -3.862124 -0.351425 0.281756 0.006603 
-0.010042 0.186381 -3.624168 -0.351252 0.281880 0.004660 
-0.011532 0.196404 -3.583990 -0.350863 0.281507 0.004589 
0.003458 0.196994 -3.718874 -0.350843 0.281232 0.005763 
0.010600 0.185927 -3.916243 -0.350744 0.280730 0.007524 
0.010117 0.186139 -4.112310 -0.350411 0.280572 0.008641 
0.018268 0.166432 -4.370043 -0.350691 0.280067 0.010459 
0.009362 0.154303 -4.410063 -0.350458 0.279938 0.010097 
-0.000562 0.151728 -4.274531 -0.350168 0.279603 0.008496 
-0.016687 0.153464 -4.077211 -0.350176 0.279303 0.006739 
-0.019056 0.155500 -3.882163 -0.349851 0.278910 0.005619 
-0.021146 0.165598 -3.634385 -0.349634 0.278604 0.003798 
-0.021788 0.176155 -3.585487 -0.349401 0.278130 0.004382 
-0.006126 0.176188 -3.711955 -0.349385 0.278042 0.006204 
-0.005117 0.167128 -3.910515 -0.349276 0.278158 0.008387 
-0.002921 0.174009 -4.097171 -0.349377 0.278462 0.010051 
0.013554 0.154670 -4.346359 -0.349490 0.278950 0.012292 
0.014224 0.153362 -4.375628 -0.349659 0.279235 0.011944 
0.012779 0.152381 -4.249516 -0.349513 0.279511 0.010116 
-0.002122 0.159027 -4.050132 -0.349647 0.280063 0.007605 
-0.010224 0.162981 -3.871487 -0.349795 0.280188 0.005294 
-0.004137 0.167268 -3.631362 -0.349936 0.280204 0.002714 
0.004089 0.170570 -3.601116 -0.350070 0.280431 0.002848 
0.020650 0.178874 -3.725987 -0.350316 0.280338 0.004250 
0.029677 0.182433 -3.892104 -0.350438 0.280398 0.005826 
0.032908 0.180667 -4.090507 -0.350759 0.280788 0.008230 
0.042581 0.173898 -4.340605 -0.350788 0.281331 0.010795 
0.043241 0.173084 -4.392882 -0.350790 0.281526 0.011391 
0.035162 0.176381 -4.268734 -0.350618 0.281852 0.010313 
0.026630 0.180952 -4.050726 -0.350603 0.281879 0.008356 
0.018093 0.185395 -3.863065 -0.350587 0.281911 0.006374 
0.016204 0.195824 -3.604050 -0.350529 0.281507 0.004244 
0.015257 0.188969 -3.562082 -0.350579 0.281121 0.003746 
0.022947 0.194522 -3.676999 -0.350529 0.280706 0.005048 
0.030721 0.183922 -3.864808 -0.350588 0.280103 0.007142 
0.030670 0.184268 -4.062553 -0.350253 0.279943 0.008900 
0.037692 0.180079 -4.302433 -0.349783 0.279835 0.011154 
0.036129 0.171971 -4.354867 -0.349356 0.279756 0.011529 
0.025827 0.167974 -4.230876 -0.348754 0.279807 0.010230 
0.022442 0.177769 -4.043495 -0.348215 0.279519 0.008031 
0.012185 0.182654 -3.846521 -0.347715 0.279467 0.006050 
0.017596 0.188122 -3.607474 -0.347687 0.279203 0.003792 
0.017375 0.198455 -3.555516 -0.347777 0.278723 0.003419 
0.019932 0.197767 -3.689567 -0.348256 0.278820 0.004597 
0.023037 0.189686 -3.885898 -0.348943 0.278633 0.006475 
0.026254 0.188185 -4.072226 -0.349424 0.278926 0.008250 
0.016102 0.177635 -4.330942 -0.350133 0.279414 0.010711 
0.018311 0.175416 -4.362489 -0.350467 0.279976 0.011325 
0.012192 0.177578 -4.237560 -0.350784 0.280574 0.010251 
0.004351 0.180705 -4.030551 -0.350779 0.280981 0.008602 
0.004249 0.188388 -3.843828 -0.350896 0.281243 0.007048 
-0.004405 0.200358 -3.595565 -0.350670 0.281558 0.005006 
-0.004614 0.200419 -3.564380 -0.350671 0.281554 0.004711 
0.010160 0.200941 -3.698425 -0.350651 0.281280 0.005564 
0.018845 0.188341 -3.905410 -0.350884 0.281150 0.007317 
0.019646 0.188598 -4.101773 -0.350871 0.280983 0.008760 
0.019728 0.171274 -4.350547 -0.350658 0.281013 0.010681 
0.018520 0.155469 -4.380722 -0.350607 0.280732 0.010544 
0.008489 0.169284 -4.255997 -0.350041 0.280502 0.009042 
0.005666 0.162065 -4.048554 -0.349783 0.280295 0.007070 
-0.011767 0.164515 -3.861870 -0.349464 0.279816 0.005302 
-0.014313 0.175237 -3.623347 -0.349242 0.279324 0.003154 
-0.015635 0.176967 -3.584223 -0.348911 0.278947 0.003509 
-0.000376 0.186113 -3.689384 -0.348831 0.278670 0.004925 
0.000809 0.178144 -3.887640 -0.348876 0.278499 0.007114 
0.009609 0.182130 -4.075925 -0.348832 0.278469 0.009313 
0.011432 0.164227 -4.315740 -0.348944 0.278678 0.011888 
0.005221 0.167759 -4.387412 -0.349079 0.278829 0.012258 
0.005275 0.166891 -4.262435 -0.349253 0.279096 0.011077 
-0.003284 0.162213 -4.064057 -0.349302 0.279313 0.008884 
-0.018034 0.170709 -3.875300 -0.349583 0.279389 0.006694 
-0.012123 0.173905 -3.635480 -0.349571 0.279693 0.004108 
-0.004563 0.177893 -3.583303 -0.349702 0.279729 0.003620 
0.011567 0.186062 -3.706497 -0.349950 0.279638 0.004380 
0.020364 0.180041 -3.903479 -0.349977 0.279987 0.006028 
0.036682 0.169252 -4.090921 -0.350033 0.280471 0.007895 
0.038834 0.167251 -4.350560 -0.350032 0.280878 0.010242 
0.040433 0.173685 -4.402383 -0.350144 0.281356 0.010732 
0.033374 0.168599 -4.277907 -0.350352 0.281670 0.009764 
0.025341 0.180778 -4.080776 -0.350282 0.281892 0.008004 
0.017435 0.185687 -3.883556 -0.350424 0.281824 0.006355 
0.015935 0.187267 -3.633773 -0.350587 0.281508 0.004001 
0.015908 0.188548 -3.571937 -0.350742 0.281213 0.003739 
0.023793 0.194304 -3.705963 -0.350850 0.280702 0.004706 
0.032507 0.190952 -3.893319 -0.351019 0.280383 0.006695 
0.032872 0.191697 -4.080666 -0.350842 0.280123 0.008466 
0.033170 0.174440 -4.330279 -0.350628 0.280153 0.010708 
0.032239 0.166799 -4.373153 -0.350358 0.279973 0.011417 
0.021966 0.172051 -4.229533 -0.349692 0.279835 0.010354 
0.011684 0.177695 -4.043492 -0.349186 0.279594 0.008688 
0.016036 0.182791 -3.847409 -0.348676 0.279441 0.007029 
0.013731 0.192822 -3.598792 -0.348459 0.279136 0.004886 
0.019741 0.198214 -3.567344 -0.348259 0.278804 0.004380 
0.027605 0.194850 -3.690653 -0.348432 0.278479 0.005137 
0.022573 0.180926 -3.896511 -0.348843 0.278730 0.006567 
0.024730 0.188831 -4.082023 -0.349098 0.278747 0.007917 
0.034751 0.174236 -4.340208 -0.349502 0.279092 0.009944 
0.029833 0.168063 -4.360181 -0.350030 0.279604 0.010141 
0.022822 0.171338 -4.235490 -0.350179 0.279921 0.009069 
0.015245 0.182893 -4.029105 -0.350114 0.280331 0.007636 
0.008923 0.185245 -3.842645 -0.350433 0.280921 0.006293 
0.001552 0.197260 -3.594678 -0.350527 0.281227 0.004578 
0.009713 0.202344 -3.574219 -0.350809 0.280978 0.004711 
0.011209 0.201807 -3.678468 -0.350967 0.281079 0.005910 
0.021096 0.204883 -3.885624 -0.351250 0.281234 0.007774 
0.022702 0.196690 -4.080820 -0.351617 0.281057 0.009005 
0.024093 0.178652 -4.318958 -0.351731 0.281267 0.010939 
0.022724 0.170748 -4.390501 -0.351462 0.281093 0.010979 
0.013451 0.167752 -4.264823 -0.351334 0.280849 0.009371 
0.010522 0.176923 -4.068188 -0.350800 0.280748 0.007499 
0.000240 0.182568 -3.882146 -0.350294 0.280507 0.005833 
-0.010284 0.189425 -3.633430 -0.349943 0.279972 0.003583 
0.001920 0.191652 -3.583664 -0.349440 0.279403 0.003624 
0.002082 0.192587 -3.709480 -0.349266 0.279136 0.005126 
0.009439 0.181588 -3.907687 -0.349167 0.278634 0.007208 
0.017110 0.177499 -4.084655 -0.349021 0.278511 0.008877 
0.018059 0.159821 -4.344122 -0.348970 0.278632 0.011112 
0.010571 0.163436 -4.385152 -0.348786 0.278788 0.011182 
0.009974 0.162989 -4.250320 -0.348797 0.278962 0.010008 
-0.005939 0.154785 -4.062536 -0.348874 0.279040 0.008022 
-0.013145 0.167634 -3.874956 -0.349120 0.279066 0.006261 
-0.021886 0.172266 -3.625764 -0.349106 0.279091 0.004009 
-0.006131 0.180185 -3.584618 -0.349365 0.279169 0.003942 
0.003102 0.184204 -3.709152 -0.349646 0.279125 0.005236 
0.012291 0.179341 -3.906668 -0.349824 0.279185 0.007211 
0.021505 0.173718 -4.093253 -0.350009 0.279434 0.008872 
0.017268 0.174679 -4.352100 -0.350152 0.280173 0.011005 
0.024601 0.168564 -4.403557 -0.350028 0.280605 0.011166 
0.024392 0.159268 -4.277956 -0.350262 0.280869 0.009768 
0.016383 0.170688 -4.069893 -0.350198 0.281279 0.007694 
0.008497 0.174710 -3.892087 -0.350345 0.281403 0.005704 
0.000172 0.179741 -3.632497 -0.350489 0.281328 0.003465 
0.007514 0.193540 -3.601129 -0.350550 0.280990 0.003180 
0.016700 0.189198 -3.725878 -0.350889 0.280943 0.004578 
0.032518 0.180680 -3.914092 -0.350930 0.280859 0.006773 
0.033535 0.181005 -4.111294 -0.350916 0.280692 0.008537 
0.034512 0.172575 -4.351132 -0.350801 0.280624 0.011008 
0.033847 0.163483 -4.372982 -0.350542 0.280820 0.011409 
0.024225 0.168314 -4.239217 -0.350039 0.280774 0.010339 
0.020692 0.186267 -4.032511 -0.349283 0.280584 0.008369 
0.018133 0.187476 -3.825693 -0.348966 0.280380 0.006614 
0.007842 0.193513 -3.597230 -0.348620 0.280037 0.004344 
0.006964 0.204139 -3.565763 -0.348547 0.279469 0.003952 
0.014392 0.201263 -3.680056 -0.348556 0.279051 0.005037 
0.022842 0.189483 -3.866789 -0.348784 0.278729 0.006810 
0.039313 0.189800 -4.093845 -0.349081 0.278456 0.008553 
0.040710 0.171891 -4.301637 -0.349195 0.278663 0.010512 
0.034277 0.165971 -4.373829 -0.349237 0.279098 0.010980 
0.026809 0.169870 -4.258392 -0.349382 0.279229 0.009580 
0.018552 0.172597 -4.061781 -0.349218 0.279736 0.007918 
0.018087 0.188371 -3.854895 -0.349118 0.280097 0.006273 
0.010285 0.200251 -3.605250 -0.349214 0.280404 0.003916 
0.018953 0.203193 -3.553673 -0.349513 0.280719 0.003747 
0.029031 0.197739 -3.678184 -0.350021 0.280952 0.005144 
0.024943 0.201071 -3.874891 -0.350471 0.281108 0.007020 
0.034285 0.188178 -4.061386 -0.350868 0.281066 0.008792 
0.037457 0.177794 -4.320696 -0.351247 0.281462 0.011248 
0.030380 0.181679 -4.381674 -0.351220 0.281522 0.011304 
0.014235 0.173774 -4.246405 -0.351132 0.281514 0.009915 
0.012374 0.182923 -4.049226 -0.350919 0.281405 0.008048 
0.002945 0.188478 -3.861803 -0.350734 0.281157 0.006066 
0.006396 0.195080 -3.623536 -0.350216 0.280621 0.003804 
0.005012 0.188713 -3.572551 -0.350104 0.280143 0.003634 
0.011394 0.194979 -3.698104 -0.349727 0.279548 0.004924 
0.011318 0.196084 -3.906781 -0.349386 0.279200 0.006997 
0.018524 0.183235 -4.094362 -0.349140 0.279173 0.008758 
0.012585 0.170791 -4.353810 -0.349217 0.279059 0.011108 
0.011902 0.171842 -4.385233 -0.349047 0.278782 0.011404 
0.003736 0.167801 -4.260156 -0.349087 0.278818 0.010115 
-0.012176 0.159597 -4.072373 -0.349165 0.278896 0.008129 
-0.012969 0.168724 -3.874651 -0.349272 0.278778 0.006267 
-0.021710 0.173357 -3.625459 -0.349259 0.278803 0.004015 
-0.014592 0.177704 -3.594611 -0.349226 0.278750 0.003829 
-0.005984 0.181385 -3.698358 -0.349350 0.278803 0.004815 
0.004096 0.175409 -3.895637 -0.349697 0.279143 0.006789 
0.013573 0.178214 -4.082845 -0.349822 0.279394 0.008667 
0.008349 0.163566 -4.342361 -0.349915 0.279847 0.011009 
0.016966 0.157497 -4.394113 -0.350110 0.280270 0.011496 
0.016603 0.156230 -4.279534 -0.350126 0.280637 0.010303 
0.008482 0.161072 -4.081474 -0.350268 0.280568 0.008333 
0.008212 0.177048 -3.893697 -0.350328 0.280834 0.006353 
-0.000375 0.173651 -3.633484 -0.350531 0.280756 0.003897 
0.000074 0.182676 -3.610795 -0.350790 0.280560 0.003176 
0.008394 0.178687 -3.724850 -0.350968 0.280422 0.004260 
0.017758 0.174915 -3.922061 -0.351299 0.280195 0.006242 
0.019015 0.174547 -4.109170 -0.351291 0.280215 0.008012 
0.027145 0.169313 -4.349651 -0.350989 0.280386 0.010585 
0.034459 0.164085 -4.381693 -0.350859 0.280625 0.011087 
0.018423 0.172637 -4.258070 -0.350493 0.280723 0.010118 
0.015903 0.172823 -4.052395 -0.350022 0.280805 0.008677 
0.013607 0.182461 -3.846200 -0.349645 0.280604 0.007138 
0.010798 0.184755 -3.607052 -0.349483 0.280109 0.004773 
0.002416 0.190004 -3.575553 -0.349292 0.279878 0.004266 
0.016908 0.182986 -3.689560 -0.349326 0.279408 0.005243 
0.017468 0.183934 -3.896016 -0.349308 0.279054 0.006680 
0.025991 0.179756 -4.071602 -0.349483 0.278923 0.008033 
0.028008 0.162056 -4.330526 -0.349753 0.279037 0.010274 
0.026934 0.161950 -4.361415 -0.349431 0.279049 0.010242 
0.018855 0.165246 -4.237267 -0.349259 0.279375 0.009164 
0.017451 0.173771 -4.030834 -0.349051 0.279453 0.007624 
0.016960 0.190304 -3.834880 -0.348945 0.279625 0.006294 
0.009086 0.194582 -3.596382 -0.349094 0.279741 0.004356 
0.018011 0.205824 -3.575775 -0.349332 0.280062 0.004378 
0.026988 0.201543 -3.669339 -0.349673 0.280012 0.005481 
0.030011 0.209094 -3.865545 -0.350090 0.280120 0.007144 
0.039876 0.203050 -4.061984 -0.350438 0.280460 0.008798 
0.035505 0.188313 -4.320118 -0.350852 0.280906 0.010825 
0.036150 0.187763 -4.360319 -0.351014 0.281002 0.010791 
0.027808 0.182631 -4.235548 -0.350902 0.281325 0.009497 
0.019727 0.186450 -4.038632 -0.350890 0.281545 0.007841 
0.010144 0.200034 -3.862230 -0.350488 0.281399 0.006064 
0.007791 0.201704 -3.613829 -0.350331 0.281091 0.004026 
0.006495 0.202674 -3.563773 -0.350005 0.280903 0.004066 
0.013769 0.207828 -3.689088 -0.349797 0.280588 0.005355 
0.020911 0.196761 -3.886456 -0.349699 0.280086 0.007116 
0.028341 0.193364 -4.073517 -0.349547 0.279775 0.008779 
0.021117 0.180874 -4.332670 -0.349304 0.279669 0.010802 
0.020823 0.173076 -4.373324 -0.349356 0.279482 0.010874 
0.018414 0.165606 -4.258597 -0.349095 0.279286 0.009466 
0.002314 0.166583 -4.050345 -0.349109 0.279175 0.007395 
0.000428 0.176491 -3.864098 -0.348889 0.278878 0.005843 
-0.007921 0.182282 -3.615440 -0.349027 0.278613 0.003918 
-0.007499 0.182810 -3.574696 -0.349186 0.278509 0.003957 
-0.006028 0.183031 -3.689876 -0.349338 0.278422 0.005470 
0.003007 0.186197 -3.898414 -0.349299 0.278585 0.007650 
0.012221 0.180574 -4.084999 -0.349484 0.278833 0.009310 
0.015264 0.177460 -4.344399 -0.349651 0.279520 0.011656 
0.015686 0.167459 -4.385120 -0.349720 0.279901 0.011721 
0.008042 0.170267 -4.269988 -0.349711 0.280319 0.010315 
-0.000470 0.173951 -4.071395 -0.349701 0.280540 0.008017 
-0.000371 0.181965 -3.873435 -0.349977 0.280702 0.006154 
-0.002288 0.183147 -3.634050 -0.349983 0.280487 0.003788 
-0.008663 0.195622 -3.601554 -0.350223 0.280531 0.003181 
0.014002 0.183416 -3.715876 -0.350450 0.280289 0.004371 
0.015622 0.174958 -3.923147 -0.350657 0.280211 0.006231 
0.024207 0.178877 -4.110594 -0.350615 0.280182 0.008110 
0.018749 0.165049 -4.349857 -0.350702 0.280443 0.010472 
0.026473 0.160092 -4.401847 -0.350730 0.280586 0.010960 
0.017550 0.172862 -4.277722 -0.350330 0.280635 0.009778 
0.007957 0.177584 -4.029912 -0.349995 0.280667 0.007842 
0.013586 0.182597 -3.864470 -0.349804 0.280509 0.006483 
0.003953 0.188342 -3.615516 -0.349622 0.280254 0.004232 
0.010179 0.193801 -3.584907 -0.349421 0.279921 0.004047 
0.010495 0.186707 -3.699701 -0.349464 0.279552 0.005344 
0.019644 0.182867 -3.896074 -0.349796 0.279325 0.007005 
0.027725 0.179049 -4.092989 -0.349807 0.279106 0.008661 
0.029379 0.169439 -4.331751 -0.349861 0.279318 0.010810 
0.036236 0.164836 -4.373047 -0.349727 0.279370 0.010985 
0.019722 0.164893 -4.247961 -0.349421 0.279466 0.009478 
0.018343 0.172659 -4.030596 -0.349219 0.279733 0.007623 
0.016281 0.181476 -3.844654 -0.348847 0.279723 0.006065 
0.014451 0.189995 -3.606198 -0.348640 0.279798 0.003909 
0.022637 0.194320 -3.574807 -0.348928 0.279737 0.003728 
0.024543 0.194053 -3.699004 -0.349244 0.279743 0.004913 
0.034847 0.197529 -3.895762 -0.349685 0.279798 0.006789 
0.037888 0.194936 -4.082395 -0.350013 0.280378 0.008557 
0.041261 0.184884 -4.330468 -0.350551 0.280675 0.010705 
0.035211 0.180515 -4.360772 -0.350905 0.280719 0.010897 
0.035264 0.179647 -4.235795 -0.351079 0.280985 0.009716 
0.020320 0.187940 -4.027929 -0.351201 0.281157 0.007860 
0.010930 0.192471 -3.841649 -0.350863 0.281196 0.006193 
0.009517 0.201389 -3.592795 -0.350815 0.281171 0.004050 
0.009282 0.202210 -3.572542 -0.350810 0.280979 0.004070 
0.023258 0.211311 -3.677407 -0.350411 0.280711 0.005160 
0.024467 0.202583 -3.864731 -0.350461 0.280728 0.007034 
0.031897 0.199185 -4.051792 -0.350309 0.280417 0.008697 
0.032002 0.190981 -4.311282 -0.350031 0.280262 0.010828 
0.024589 0.178836 -4.382784 -0.350117 0.280128 0.011087 
0.015532 0.175908 -4.257945 -0.349989 0.279884 0.009800 
0.005188 0.173456 -4.060043 -0.349701 0.279541 0.007609 
-0.004289 0.170650 -3.872835 -0.349576 0.279290 0.005732 
-0.006594 0.180681 -3.624218 -0.349359 0.278986 0.003589 
0.000707 0.186247 -3.562720 -0.349480 0.278641 0.003435 
0.001567 0.195122 -3.698176 -0.349409 0.278469 0.004825 
0.010057 0.182319 -3.886052 -0.349484 0.278434 0.006912 
0.004900 0.185673 -4.083302 -0.349613 0.278598 0.008783 
0.006353 0.175731 -4.333301 -0.349508 0.278910 0.011241 
0.014970 0.169662 -4.385053 -0.349704 0.279333 0.011728 
0.000175 0.169276 -4.269279 -0.349883 0.279513 0.010220 
-0.007705 0.173426 -4.061126 -0.350030 0.279633 0.008256 
-0.008071 0.172680 -3.873779 -0.350207 0.279892 0.006485 
-0.015696 0.185652 -3.623829 -0.350456 0.279912 0.004134 
-0.015993 0.178375 -3.591716 -0.350669 0.279618 0.003629 
-0.000111 0.177853 -3.726361 -0.350817 0.279623 0.004802 
0.009103 0.172230 -3.912946 -0.351002 0.279871 0.006463 
0.010595 0.171042 -4.120307 -0.350998 0.280084 0.008213 
0.019400 0.164628 -4.359712 -0.350865 0.280535 0.010465 
0.018776 0.163768 -4.411692 -0.350547 0.280739 0.010734 
0.017111 0.163343 -4.277403 -0.350237 0.280921 0.009555 
0.008379 0.167583 -4.070632 -0.350063 0.281048 0.007907 
0.006230 0.169063 -3.883762 -0.349903 0.280748 0.006138 
0.003972 0.187454 -3.634930 -0.349628 0.280446 0.003891 
0.004154 0.188674 -3.604279 -0.349781 0.280154 0.003924 
0.019304 0.181363 -3.697795 -0.349979 0.279773 0.004920 
0.020079 0.182379 -3.905090 -0.349960 0.279417 0.006677 
0.028771 0.169907 -4.081730 -0.350193 0.279283 0.008456 
0.029983 0.160657 -4.341821 -0.350083 0.279407 0.010907 
0.022711 0.164340 -4.383690 -0.349898 0.279562 0.011298 
0.020805 0.164606 -4.259494 -0.349583 0.279557 0.010113 
0.012072 0.168846 -4.052723 -0.349409 0.279684 0.008465 
0.010058 0.186024 -3.866566 -0.348978 0.279677 0.006801 
0.014642 0.190821 -3.617968 -0.348633 0.279609 0.004545 
0.014896 0.199643 -3.576171 -0.348734 0.279508 0.004158 
0.015935 0.199730 -3.689673 -0.348887 0.279423 0.005029 
0.025559 0.194378 -3.896205 -0.349230 0.279575 0.006677 
0.035600 0.189425 -4.092340 -0.349730 0.279628 0.008336 
0.037690 0.179327 -4.340118 -0.349948 0.279933 0.010158 
0.038791 0.178153 -4.371065 -0.350115 0.280217 0.010452 
0.032169 0.172578 -4.255605 -0.350486 0.280624 0.009155 
0.024376 0.184066 -4.048381 -0.350421 0.281034 0.007402 
0.015906 0.196733 -3.842234 -0.350188 0.281164 0.005970 
0.014943 0.204899 -3.614471 -0.350143 0.281330 0.004128 
0.022042 0.210133 -3.564210 -0.350105 0.281085 0.004282 
0.023708 0.210558 -3.698499 -0.350415 0.280902 0.005461 
0.025133 0.201897 -3.886662 -0.350464 0.280919 0.007656 
0.033214 0.198079 -4.083577 -0.350476 0.280700 0.009312 
0.026455 0.194349 -4.332117 -0.350331 0.280497 0.011243 
0.033466 0.181717 -4.362392 -0.350415 0.280447 0.011213 
0.024017 0.177630 -4.237020 -0.350134 0.280491 0.009599 
0.007724 0.187660 -4.038646 -0.350084 0.280195 0.007417 
0.004613 0.172772 -3.841511 -0.349880 0.279798 0.005543 
0.002101 0.182342 -3.634478 -0.349503 0.279596 0.003683 
0.001470 0.192405 -3.562572 -0.349436 0.279212 0.003323 
0.008696 0.189197 -3.688102 -0.349287 0.278894 0.004717 
0.017497 0.193183 -3.876387 -0.349243 0.278864 0.006916 
0.018290 0.184056 -4.074109 -0.349135 0.278981 0.008778 
0.020811 0.174092 -4.323564 -0.349351 0.279285 0.011241 
0.020791 0.164451 -4.385615 -0.349255 0.279578 0.011608 
0.005560 0.164553 -4.260824 -0.349270 0.279665 0.010428 
-0.001622 0.176642 -4.062312 -0.349522 0.279880 0.008353 
-0.009314 0.171611 -3.874627 -0.349733 0.280188 0.006473 
-0.010767 0.181553 -3.624629 -0.349839 0.279876 0.004015 
-0.017424 0.186488 -3.572096 -0.350132 0.279725 0.003533 
-0.001173 0.178003 -3.696558 -0.350497 0.279627 0.004823 
0.001387 0.176794 -3.903377 -0.350814 0.279831 0.006578 
0.010206 0.179892 -4.111076 -0.350776 0.279994 0.008437 
0.019141 0.166207 -4.350390 -0.350854 0.280155 0.010799 
0.012103 0.169069 -4.412512 -0.350674 0.280502 0.011170 
0.010438 0.168644 -4.278223 -0.350364 0.280684 0.009991 
0.008770 0.168741 -4.071166 -0.350215 0.280759 0.008234 
-0.007073 0.178018 -3.893884 -0.350169 0.280655 0.006354 
-0.009593 0.187981 -3.644429 -0.349953 0.280351 0.003890 
-0.010037 0.188862 -3.592991 -0.349949 0.280156 0.003615 
0.004865 0.182115 -3.726946 -0.350141 0.279590 0.004579 
0.006299 0.182838 -3.913750 -0.350286 0.279323 0.006355 
0.014573 0.169967 -4.100787 -0.350361 0.279289 0.008121 
0.016442 0.160425 -4.340388 -0.350414 0.279501 0.010592 
0.016235 0.159965 -4.381971 -0.350255 0.279604 0.010874 
0.014786 0.159607 -4.248520 -0.349944 0.279786 0.010016 
0.005396 0.164139 -4.062241 -0.349606 0.279825 0.008349 
-0.004181 0.177852 -3.855493 -0.349205 0.279675 0.006597 
0.001471 0.182627 -3.606352 -0.349181 0.279599 0.004346 
0.000873 0.191538 -3.565936 -0.348960 0.279506 0.004274 
0.008999 0.196602 -3.689869 -0.349074 0.279183 0.005248 
0.025037 0.187529 -3.886261 -0.349278 0.279192 0.006794 
0.027750 0.178290 -4.082058 -0.349814 0.279294 0.008346 
0.022775 0.172335 -4.330121 -0.350006 0.279651 0.010275 
0.031592 0.166597 -4.370637 -0.350361 0.279975 0.010454 
0.023250 0.161465 -4.245865 -0.350248 0.280298 0.009160 
0.022544 0.177930 -4.049072 -0.350144 0.280471 0.007508 
0.015114 0.181328 -3.862011 -0.350295 0.280782 0.005845 
0.014568 0.189892 -3.623851 -0.350409 0.280849 0.004016 
0.015279 0.198089 -3.572799 -0.350514 0.280936 0.003956 
0.023814 0.194168 -3.687692 -0.350691 0.280797 0.005361 
0.033291 0.196974 -3.874901 -0.350817 0.281048 0.007239 
0.034307 0.197298 -4.072103 -0.350803 0.280880 0.009002 
0.036349 0.178839 -4.320095 -0.351079 0.281183 0.010928 
0.028814 0.174093 -4.361341 -0.350954 0.281335 0.011102 
0.026821 0.167022 -4.236216 -0.350851 0.281039 0.009707 
0.017856 0.181338 -4.038179 -0.350766 0.280695 0.007633 
0.008178 0.178200 -3.862208 -0.350482 0.280543 0.006064 
0.005006 0.188584 -3.602897 -0.350103 0.280147 0.003608 
0.003276 0.199299 -3.572813 -0.349708 0.279586 0.003532 
0.010502 0.196092 -3.698342 -0.349559 0.279268 0.004925 
0.018799 0.192341 -3.896097 -0.349569 0.279048 0.006902 
0.018748 0.192687 -4.093842 -0.349234 0.278889 0.008660 
0.027682 0.179002 -4.333156 -0.349312 0.279049 0.011022 
0.020564 0.174655 -4.364003 -0.349345 0.279102 0.011209 
0.004941 0.173599 -4.238679 -0.349208 0.279477 0.009702 
0.003691 0.174095 -4.021224 -0.349217 0.279453 0.007958 
-0.003933 0.186544 -3.844041 -0.349305 0.279579 0.006184 
-0.012054 0.191386 -3.645982 -0.349447 0.279511 0.004214 
-0.004487 0.195502 -3.563459 -0.349579 0.279543 0.003751 
-0.002629 0.186874 -3.687870 -0.349953 0.279545 0.005041 
0.007258 0.189951 -3.895026 -0.350236 0.279700 0.006905 
0.015774 0.176388 -4.071971 -0.350317 0.279854 0.008677 
0.017925 0.174387 -4.331609 -0.350316 0.280261 0.011024 
0.017952 0.173106 -4.393445 -0.350161 0.280556 0.011286 
0.009370 0.168666 -4.278766 -0.350043 0.280692 0.009985 
0.008354 0.168342 -4.081564 -0.350057 0.280859 0.008222 
-0.008116 0.177280 -3.883495 -0.349854 0.280852 0.006034 
-0.009353 0.187289 -3.634336 -0.349958 0.280539 0.003897 
-0.002732 0.184028 -3.582612 -0.349980 0.280292 0.003513 
-0.001959 0.185566 -3.717139 -0.350122 0.279830 0.004693 
0.014471 0.177650 -3.914064 -0.350478 0.279550 0.006567 
0.015681 0.168922 -4.101388 -0.350529 0.279568 0.008441 
0.009378 0.164568 -4.340674 -0.350389 0.279552 0.010700 
0.016034 0.159633 -4.393207 -0.350096 0.279703 0.011182 
0.007304 0.163351 -4.259204 -0.349761 0.279937 0.010112 
0.005443 0.172500 -4.062025 -0.349547 0.279828 0.008244 
-0.003947 0.177032 -3.875746 -0.349210 0.279867 0.006577 
-0.006011 0.186371 -3.617036 -0.348998 0.279750 0.004441 
0.001524 0.191117 -3.575791 -0.349123 0.279598 0.004267 
0.008952 0.188241 -3.690084 -0.349133 0.279180 0.005352 
0.017877 0.174949 -3.886977 -0.349371 0.279238 0.007111 
0.026898 0.178379 -4.083439 -0.349492 0.279302 0.008662 
0.021682 0.173115 -4.341596 -0.349679 0.279471 0.010585 
0.022104 0.163114 -4.382317 -0.349747 0.279852 0.010650 
0.021554 0.171028 -4.247270 -0.349699 0.280029 0.009372 
0.013257 0.174779 -4.049516 -0.349689 0.280249 0.007395 
0.012503 0.182883 -3.852938 -0.349643 0.280419 0.005848 
0.011741 0.191380 -3.613938 -0.349757 0.280486 0.003698 
0.012212 0.200269 -3.572979 -0.349857 0.280385 0.003632 
0.028309 0.199813 -3.708463 -0.350005 0.280389 0.005126 
0.031090 0.198800 -3.885775 -0.350322 0.280588 0.007228 
0.032999 0.198012 -4.082739 -0.350476 0.280701 0.008991 
0.035480 0.189072 -4.331050 -0.350846 0.280717 0.011139 
0.035250 0.179491 -4.361916 -0.350751 0.281006 0.011212 
0.027084 0.175451 -4.236839 -0.350791 0.281042 0.009923 
0.018136 0.179623 -4.029230 -0.350618 0.281170 0.007954 
0.016035 0.189463 -3.842144 -0.350399 0.280873 0.006081 
0.020593 0.195020 -3.604478 -0.350049 0.280616 0.004139 
0.011560 0.200690 -3.563124 -0.349695 0.280293 0.003639 
0.026140 0.201009 -3.678060 -0.349517 0.280114 0.004826 
0.026264 0.202446 -3.875499 -0.349335 0.279666 0.006591 
0.034298 0.190267 -4.072630 -0.349405 0.279444 0.008351 
0.035798 0.188686 -4.322413 -0.349241 0.279759 0.010704 
0.035303 0.180557 -4.374304 -0.349135 0.279672 0.011085 
0.026896 0.177207 -4.259320 -0.349169 0.279519 0.009790 
0.011487 0.176740 -4.062067 -0.349192 0.279788 0.008027 
0.010647 0.177507 -3.864561 -0.349359 0.279667 0.006269 
0.002130 0.191591 -3.614848 -0.349439 0.279407 0.003919 
-0.004728 0.196193 -3.573552 -0.349574 0.279355 0.003745 
0.003807 0.192273 -3.688446 -0.349750 0.279216 0.005150 
0.020759 0.191206 -3.895316 -0.350058 0.279320 0.006906 
0.022861 0.181365 -4.082401 -0.350277 0.279617 0.008779 
0.025429 0.179763 -4.331642 -0.350434 0.279924 0.011138 
0.018545 0.174596 -4.382742 -0.350472 0.280168 0.011305 
0.010466 0.177893 -4.258594 -0.350300 0.280494 0.010227 
0.002122 0.173283 -4.061055 -0.350348 0.280711 0.008355 
-0.006656 0.178417 -3.883486 -0.350327 0.280555 0.006366 
-0.008332 0.178906 -3.634008 -0.350338 0.280528 0.004006 
-0.009017 0.180480 -3.592663 -0.350329 0.280144 0.003725 
-0.000891 0.185544 -3.716596 -0.350443 0.279822 0.004698 
0.008057 0.181372 -3.924206 -0.350616 0.279694 0.006668 
0.009004 0.164215 -4.110906 -0.350726 0.279709 0.008325 
0.010417 0.155297 -4.359760 -0.350774 0.279734 0.010469 
0.009559 0.155258 -4.391488 -0.350452 0.279745 0.010758 
0.008520 0.155171 -4.277986 -0.350299 0.279831 0.009887 
-0.000817 0.168192 -4.061145 -0.349903 0.279869 0.008141 
-0.009790 0.173123 -3.864467 -0.349723 0.279808 0.006487 
-0.004532 0.186619 -3.636441 -0.349477 0.279646 0.004433 
-0.005217 0.188192 -3.595097 -0.349468 0.279263 0.004152 
-0.003962 0.188347 -3.709438 -0.349621 0.279177 0.005344 
0.012291 0.179341 -3.906668 -0.349824 0.279185 0.007211 
0.013696 0.170816 -4.113101 -0.350033 0.279107 0.008751 
0.008069 0.165281 -4.351310 -0.350063 0.279372 0.010688 
0.008908 0.155679 -4.381633 -0.350289 0.279653 0.010766 
0.007659 0.155653 -4.236946 -0.350137 0.279735 0.009599 
0.006273 0.163291 -4.049927 -0.349934 0.280006 0.007719 
0.005520 0.171395 -3.853349 -0.349888 0.280176 0.006171 
0.003296 0.188634 -3.636007 -0.349459 0.280166 0.004213 
0.004208 0.197163 -3.573718 -0.349723 0.280153 0.003845 
0.019679 0.196370 -3.688416 -0.349713 0.280254 0.005032 
0.029720 0.191417 -3.884550 -0.350214 0.280307 0.006692 
0.024717 0.186742 -4.070779 -0.350561 0.280368 0.008358 
0.027022 0.176711 -4.319395 -0.350778 0.280673 0.010501 
0.027466 0.175830 -4.370833 -0.350781 0.280868 0.010776 
0.026869 0.175383 -4.236001 -0.350792 0.281043 0.009602 
0.018788 0.179202 -4.039085 -0.350781 0.281262 0.007947 
0.009815 0.184132 -3.842407 -0.350601 0.281201 0.006292 
0.007510 0.194163 -3.593791 -0.350385 0.280896 0.004150 
0.013588 0.207780 -3.543857 -0.349966 0.280662 0.004194 
0.027880 0.200430 -3.669101 -0.349842 0.280292 0.005480 
0.035525 0.197101 -3.857001 -0.349689 0.279980 0.007463 
0.035862 0.188597 -4.063977 -0.349577 0.279910 0.008998 
0.044340 0.175537 -4.312545 -0.349650 0.279884 0.011033 
0.036349 0.171415 -4.363044 -0.349521 0.279849 0.010880 
0.027626 0.184517 -4.227683 -0.349280 0.279799 0.009390 
0.018778 0.172170 -4.039612 -0.349383 0.279825 0.007295 
0.009565 0.177793 -3.853028 -0.349198 0.279577 0.005635 
0.001000 0.183516 -3.603531 -0.349336 0.279313 0.003389 
0.001685 0.192472 -3.563411 -0.349436 0.279211 0.003644 
0.017548 0.192837 -3.678642 -0.349578 0.279023 0.005158 
0.026953 0.188041 -3.876997 -0.349756 0.279083 0.007454 
0.029102 0.186561 -4.063868 -0.349916 0.279383 0.009223 
0.023716 0.180335 -4.291984 -0.349951 0.279836 0.011166 
0.017089 0.183467 -4.374054 -0.349929 0.280087 0.011523 
0.024448 0.177765 -4.238697 -0.350133 0.280490 0.010241 
0.016151 0.181516 -4.040943 -0.350122 0.280709 0.008264 
0.007421 0.195011 -3.863160 -0.350042 0.280556 0.006171 
0.005697 0.187140 -3.613896 -0.350112 0.280526 0.003916 
-0.000750 0.192013 -3.592548 -0.350404 0.280378 0.003728 
0.000049 0.192792 -3.716143 -0.350552 0.280105 0.004593 
0.016277 0.184545 -3.924305 -0.350750 0.279925 0.006775 
0.024599 0.180035 -4.111128 -0.350767 0.279893 0.008437 
0.025595 0.170718 -4.370380 -0.350657 0.280018 0.010568 
0.017779 0.158431 -4.391587 -0.350586 0.279976 0.010866 
0.016113 0.158006 -4.257298 -0.350276 0.280158 0.009687 
0.006360 0.170628 -4.050856 -0.349722 0.280296 0.007929 
0.004661 0.171355 -3.885077 -0.349566 0.280187 0.006461 
0.002356 0.181386 -3.636460 -0.349349 0.279883 0.004319 
-0.005321 0.194704 -3.584255 -0.349263 0.279743 0.003726 
0.002059 0.183467 -3.698763 -0.349331 0.279322 0.004916 
0.011665 0.179003 -3.885881 -0.349668 0.279282 0.006904 
0.019746 0.175184 -4.082797 -0.349679 0.279063 0.008559 
0.015115 0.162026 -4.331610 -0.350082 0.279128 0.010921 
0.015512 0.152784 -4.383262 -0.350144 0.279320 0.011300 
0.013606 0.153051 -4.259066 -0.349829 0.279315 0.010115 
0.005155 0.164831 -4.072334 -0.349601 0.279637 0.008343 
0.004186 0.172867 -3.874917 -0.349556 0.279808 0.006475 
0.008817 0.186025 -3.626104 -0.349152 0.279742 0.004113 
0.009312 0.194155 -3.574213 -0.349259 0.279830 0.003733 
0.025564 0.185671 -3.698676 -0.349623 0.279732 0.005023 
0.027472 0.184882 -3.895639 -0.349778 0.279844 0.006785 
0.036492 0.188312 -4.092102 -0.349899 0.279908 0.008335 
0.040106 0.177568 -4.330082 -0.350442 0.280392 0.010489 
0.033222 0.172401 -4.381183 -0.350480 0.280637 0.010656 
0.025996 0.175608 -4.255653 -0.350629 0.280955 0.009263 
0.017263 0.179848 -4.048882 -0.350455 0.281082 0.007614 
0.016639 0.180681 -3.852214 -0.350621 0.280961 0.006178 
0.008161 0.193742 -3.603646 -0.350547 0.280988 0.004143 
0.021956 0.202796 -3.563281 -0.350317 0.280794 0.004072 
0.022271 0.195702 -3.678076 -0.350360 0.280425 0.005370 
0.030198 0.199913 -3.886013 -0.350154 0.280308 0.007229 
0.038520 0.195403 -4.072835 -0.350170 0.280277 0.008891 
0.039757 0.185394 -4.321995 -0.350066 0.280590 0.011028 
0.032135 0.173310 -4.362311 -0.350153 0.280452 0.010992 
0.023366 0.178051 -4.227165 -0.349972 0.280399 0.009606 
0.014306 0.175645 -4.029558 -0.350004 0.280048 0.007741 
0.004829 0.172839 -3.842350 -0.349879 0.279797 0.005864 
0.010287 0.186667 -3.603087 -0.349791 0.279536 0.003502 
0.009818 0.188307 -3.562581 -0.349782 0.279152 0.003541 
0.010656 0.188063 -3.687321 -0.349776 0.279165 0.004721 
0.019845 0.183199 -3.884837 -0.349955 0.279225 0.006697 
0.020901 0.182500 -4.083183 -0.349788 0.279345 0.008775 
0.023422 0.172537 -4.332638 -0.350004 0.279649 0.011238 
0.023502 0.179746 -4.363913 -0.349791 0.279943 0.011423 
0.023509 0.170517 -4.239150 -0.350023 0.280207 0.010346 
0.015025 0.183449 -4.020928 -0.349949 0.280237 0.008285 
0.007139 0.187470 -3.843122 -0.350096 0.280361 0.006295 
-0.001239 0.184012 -3.614092 -0.350299 0.280287 0.004134 
-0.007895 0.188947 -3.561559 -0.350592 0.280135 0.003652 
0.000835 0.185229 -3.695562 -0.350927 0.279901 0.004723 
0.016437 0.176644 -3.882937 -0.350968 0.279818 0.006597 
0.018345 0.175856 -4.079901 -0.351123 0.279930 0.008360 
0.026669 0.170824 -4.339491 -0.350978 0.280006 0.010599 
0.018933 0.165747 -4.391973 -0.350694 0.280258 0.011081 
0.010768 0.161706 -4.266896 -0.350735 0.280294 0.009793 
0.000727 0.166659 -4.070762 -0.350234 0.280241 0.008133 
0.005729 0.171333 -3.884534 -0.349887 0.280179 0.006466 
0.003424 0.181364 -3.635917 -0.349670 0.279875 0.004324 
-0.004278 0.195441 -3.594644 -0.349578 0.279546 0.004046 
0.004042 0.191452 -3.708699 -0.349755 0.279408 0.005131 
0.005011 0.183416 -3.906115 -0.349800 0.279238 0.006999 
0.014137 0.170456 -4.091771 -0.350197 0.279196 0.008449 
0.015551 0.161538 -4.340626 -0.350246 0.279221 0.010593 
0.014879 0.152317 -4.392822 -0.349987 0.279421 0.010967 
0.014329 0.160231 -4.257774 -0.349939 0.279598 0.009689 
0.005180 0.164072 -4.061402 -0.349607 0.279826 0.008028 
0.010639 0.168122 -3.865919 -0.349264 0.279951 0.006688 
0.001921 0.181874 -3.627444 -0.349185 0.279790 0.004647 
0.008435 0.195003 -3.586527 -0.348931 0.279649 0.004363 
0.017406 0.190594 -3.710437 -0.349271 0.279603 0.005440 
0.019314 0.189806 -3.907400 -0.349426 0.279715 0.007203 
0.028072 0.184807 -4.103239 -0.349606 0.279777 0.008536 
0.031182 0.166326 -4.350689 -0.350203 0.280071 0.010468 
0.031410 0.165378 -4.401288 -0.350207 0.280267 0.010422 
0.023949 0.169405 -4.255505 -0.350352 0.280393 0.009048 
0.008540 0.168938 -4.058252 -0.350375 0.280662 0.007284 
0.007787 0.177042 -3.861674 -0.350330 0.280831 0.005737 
0.005938 0.186448 -3.603803 -0.350118 0.280714 0.003922 
0.013272 0.190863 -3.573795 -0.350084 0.280661 0.004056 
0.021653 0.194971 -3.699710 -0.350043 0.280624 0.005665 
0.029950 0.191220 -3.897465 -0.350053 0.280405 0.007642 
0.038776 0.194447 -4.074818 -0.350016 0.280564 0.009526 
0.047077 0.180295 -4.323691 -0.349937 0.280825 0.011555 
0.039287 0.176505 -4.362954 -0.349966 0.280691 0.011094 
0.037582 0.177104 -4.227521 -0.349809 0.280586 0.009600 
0.028757 0.173877 -4.050168 -0.349847 0.280427 0.007716 
0.019568 0.178741 -3.852651 -0.349668 0.280367 0.005740 
0.018090 0.189441 -3.613585 -0.349767 0.279866 0.003597 
0.016995 0.190743 -3.552292 -0.349601 0.279579 0.003329 
0.018225 0.191657 -3.677565 -0.349747 0.279304 0.004836 
0.026762 0.187214 -3.865227 -0.349763 0.279272 0.006819 
0.027818 0.186515 -4.063572 -0.349596 0.279392 0.008897 
0.037034 0.180371 -4.322924 -0.349620 0.279747 0.011135 
0.037478 0.179490 -4.374362 -0.349623 0.279943 0.011410 
0.029137 0.174358 -4.249590 -0.349510 0.280266 0.010116 
0.021256 0.178508 -4.041438 -0.349658 0.280386 0.008152 
0.012719 0.182951 -3.853776 -0.349642 0.280418 0.006169 
0.005046 0.187561 -3.604041 -0.349949 0.280434 0.003923 
0.012541 0.193330 -3.561652 -0.350228 0.279994 0.003434 
0.014447 0.193064 -3.685848 -0.350543 0.280000 0.004619 
0.023636 0.188200 -3.883365 -0.350722 0.280060 0.006595 
0.017828 0.191975 -4.070760 -0.350689 0.280132 0.008473 
0.033386 0.174508 -4.331118 -0.350628 0.280152 0.011029 
0.027005 0.177077 -4.372748 -0.350611 0.280587 0.011419 
0.025100 0.177344 -4.248552 -0.350296 0.280581 0.010234 
0.001102 0.181665 -4.061383 -0.349968 0.280722 0.008245 
0.006568 0.195100 -3.864541 -0.349721 0.280564 0.006487 
0.003760 0.197394 -3.625394 -0.349558 0.280069 0.004121 
-0.003602 0.194261 -3.593567 -0.349747 0.279827 0.003724 
0.004477 0.190964 -3.717715 -0.349919 0.279501 0.004802 
0.006514 0.182905 -3.914589 -0.350285 0.279322 0.006676 
0.014883 0.186756 -4.101196 -0.350243 0.279294 0.008233 
0.022878 0.165823 -4.340963 -0.350211 0.279172 0.010701 
0.015343 0.161077 -4.382209 -0.350086 0.279324 0.010875 
0.007681 0.164773 -4.247663 -0.350072 0.279550 0.009809 
-0.001468 0.168613 -4.051290 -0.349740 0.279777 0.008149 
-0.003530 0.177431 -3.865348 -0.349368 0.279767 0.006590 
-0.012271 0.182063 -3.616156 -0.349354 0.279792 0.004338 
-0.005152 0.186410 -3.585309 -0.349321 0.279739 0.004152 
0.011146 0.186286 -3.709556 -0.349627 0.279644 0.005337 
0.005950 0.190664 -3.905662 -0.349910 0.279521 0.006893 
0.021988 0.181590 -4.102054 -0.350114 0.279530 0.008440 
0.023642 0.171981 -4.340815 -0.350168 0.279742 0.010589 
0.016959 0.167145 -4.380679 -0.350365 0.279888 0.010448 
0.016750 0.157849 -4.255078 -0.350598 0.280151 0.009050 
0.002014 0.166081 -4.078396 -0.350719 0.280326 0.007489 
0.000369 0.175298 -3.882056 -0.350505 0.280216 0.005943 
0.006284 0.188501 -3.633539 -0.350423 0.280142 0.003908 
0.006343 0.197119 -3.572632 -0.350365 0.280137 0.003856 
0.007181 0.196874 -3.697371 -0.350359 0.280151 0.005036 
0.016370 0.192011 -3.894888 -0.350538 0.280211 0.007011 
0.024933 0.186809 -4.071617 -0.350560 0.280368 0.008679 
0.026843 0.185499 -4.341349 -0.350554 0.280587 0.011019 
0.033701 0.180897 -4.382645 -0.350419 0.280639 0.011194 
0.032600 0.172713 -4.257282 -0.350485 0.280623 0.009797 
0.016083 0.173291 -4.059428 -0.350340 0.280612 0.007713 
0.008226 0.186561 -3.861993 -0.350423 0.280546 0.005960 
0.005457 0.187832 -3.623989 -0.350107 0.280338 0.003909 
0.004409 0.197495 -3.562481 -0.349882 0.280054 0.003537 
0.011836 0.194619 -3.676775 -0.349891 0.279636 0.004622 
0.020368 0.190048 -3.894782 -0.349906 0.279608 0.006579 
0.028254 0.186027 -4.072588 -0.349759 0.279485 0.008569 
0.029491 0.176018 -4.321748 -0.349655 0.279797 0.010706 
0.029236 0.167197 -4.363546 -0.349554 0.279898 0.011093 
0.028849 0.166689 -4.259898 -0.349564 0.280075 0.010214 
0.013084 0.183696 -4.041123 -0.349466 0.280158 0.007940 
0.012244 0.184462 -3.843616 -0.349632 0.280038 0.006183 
0.003503 0.189095 -3.594424 -0.349618 0.280062 0.003931 
0.011448 0.194111 -3.573127 -0.349901 0.279814 0.003743 
0.012703 0.194266 -3.687468 -0.350053 0.279727 0.004936 
0.022960 0.189380 -3.884442 -0.350553 0.279779 0.006917 
0.024041 0.187922 -4.071855 -0.350392 0.280088 0.008680 
0.033210 0.173417 -4.331422 -0.350475 0.280440 0.011023 
0.033243 0.172265 -4.362912 -0.350321 0.280731 0.011312 
0.024272 0.176674 -4.239002 -0.349980 0.280777 0.010234 
0.015372 0.189207 -4.031178 -0.349748 0.280908 0.008161 
0.014115 0.189575 -3.844069 -0.349756 0.280888 0.006391 
0.004892 0.195590 -3.615063 -0.349732 0.280537 0.004127 
0.004208 0.197163 -3.573718 -0.349723 0.280153 0.003845 
0.011870 0.193467 -3.708264 -0.349737 0.279927 0.004911 
0.013691 0.185341 -3.904299 -0.350104 0.279749 0.006463 
0.015096 0.176816 -4.110732 -0.350312 0.279672 0.008003 
0.016724 0.167966 -4.360426 -0.350360 0.279696 0.010467 
0.023588 0.163491 -4.371376 -0.350226 0.279743 0.010668 
0.014617 0.167901 -4.247466 -0.349886 0.279789 0.009591 
0.013165 0.168065 -4.041248 -0.349736 0.279864 0.008155 
-0.002872 0.177138 -3.844857 -0.349531 0.279855 0.006609 
-0.005144 0.186017 -3.627730 -0.349160 0.279842 0.004755 
0.001787 0.199545 -3.576415 -0.349064 0.279600 0.004484 
0.010107 0.195557 -3.690470 -0.349241 0.279462 0.005568 
0.018839 0.191317 -3.897241 -0.349416 0.279335 0.007216 
0.020948 0.190861 -4.082968 -0.349729 0.279348 0.008671 
0.022990 0.172402 -4.330960 -0.350005 0.279650 0.010596 
0.022931 0.163784 -4.391867 -0.350063 0.279656 0.010649 
0.015006 0.159051 -4.256697 -0.350108 0.279879 0.009367 
0.006709 0.162802 -4.058943 -0.350098 0.280099 0.007390 
-0.001767 0.175341 -3.883142 -0.349863 0.280232 0.005933 
-0.003180 0.184259 -3.634288 -0.349815 0.280208 0.003789 
0.011225 0.184660 -3.573647 -0.349807 0.280099 0.003842 
0.012326 0.192843 -3.699010 -0.349742 0.280115 0.005238 
0.021274 0.188671 -3.906619 -0.349915 0.279987 0.007207 
0.030488 0.183049 -4.093204 -0.350100 0.280235 0.008868 
0.032142 0.173439 -4.331965 -0.350154 0.280448 0.011018 
0.025258 0.168272 -4.383066 -0.350192 0.280693 0.011184 
0.024621 0.168848 -4.247090 -0.350356 0.280580 0.009696 
0.015432 0.173712 -4.049573 -0.350177 0.280520 0.007721 
0.007264 0.170193 -3.851729 -0.350378 0.280448 0.005855 
-0.001455 0.183945 -3.613254 -0.350300 0.280287 0.003813 
0.005275 0.197141 -3.573175 -0.350044 0.280145 0.003851 
0.012919 0.194333 -3.688307 -0.350052 0.279727 0.005257 
0.028367 0.193777 -3.886704 -0.349876 0.279746 0.007335 
0.029208 0.193011 -4.084211 -0.349709 0.279866 0.009093 
0.030445 0.183002 -4.333370 -0.349605 0.280179 0.011230 
0.029927 0.165752 -4.374544 -0.349564 0.280277 0.011400 
0.022049 0.169381 -4.239159 -0.349550 0.280503 0.010014 
0.020390 0.178862 -4.030744 -0.349496 0.280295 0.007838 
0.011852 0.183304 -3.843083 -0.349480 0.280327 0.005855 
0.003287 0.189027 -3.593585 -0.349619 0.280063 0.003610 
0.011233 0.194044 -3.572288 -0.349901 0.279815 0.003422 
0.019527 0.190815 -3.697275 -0.350073 0.279488 0.004821 
0.022302 0.189673 -3.904933 -0.350390 0.279692 0.006898 
0.023559 0.189305 -4.092041 -0.350381 0.279712 0.008668 
0.033648 0.182936 -4.331741 -0.350568 0.280155 0.011246 
0.033635 0.173423 -4.363446 -0.350473 0.280443 0.011639 
0.031776 0.182051 -4.239035 -0.350098 0.280440 0.010349 
0.022828 0.186223 -4.031425 -0.349925 0.280568 0.008380 
0.014243 0.182304 -3.843979 -0.349968 0.280597 0.006502 
0.005309 0.195989 -3.604665 -0.349890 0.280437 0.004139 
0.005516 0.196450 -3.563082 -0.350049 0.280333 0.003857 
0.013958 0.185063 -3.707393 -0.350438 0.279908 0.005026 
0.015416 0.185027 -3.883265 -0.350588 0.279829 0.006487 
0.016170 0.176923 -4.079843 -0.350634 0.279659 0.008034 
0.017583 0.168005 -4.328698 -0.350682 0.279684 0.010178 
-0.012176 0.151093 -4.379023 -0.350656 0.279796 0.010020 
-0.036879 0.113977 -4.262875 -0.350616 0.279742 0.008175 
-0.035569 0.067991 -4.055720 -0.349825 0.279777 0.005854 
-0.034699 0.064988 -3.848566 -0.348571 0.279547 0.003333 
-0.034231 0.104469 -3.569790 -0.346862 0.279232 0.000348 
-0.044629 0.159093 -3.477700 -0.345524 0.279316 -0.000751 
-0.023429 0.178991 -3.572061 -0.344885 0.279478 0.000022 
0.012558 0.147165 -3.739455 -0.344597 0.279909 0.001678 
0.046032 0.091121 -3.888326 -0.343838 0.280154 0.003656 
0.066781 0.049593 -4.070484 -0.342983 0.281075 0.006676 
0.059366 0.075146 -4.064845 -0.342005 0.282193 0.007736 
0.046186 0.128532 -3.861704 -0.341328 0.283810 0.007153 
0.038500 0.213208 -3.574192 -0.340271 0.284911 0.005154 
0.050713 0.262313 -3.315069 -0.339451 0.285285 0.002484 
0.062769 0.296377 -3.000735 -0.339221 0.285164 -0.001526 
0.065049 0.298474 -2.902425 -0.340496 0.284556 -0.003345 
0.057255 0.327416 -2.990509 -0.342542 0.283485 -0.003043 
0.043658 0.361535 -3.125191 -0.344552 0.282277 -0.000418 
0.013436 0.388713 -3.282985 -0.345975 0.280805 0.002929 
-0.031834 0.415517 -3.533987 -0.347083 0.279453 0.006835 
-0.079585 0.417893 -3.586993 -0.348214 0.277981 0.008650 
-0.129043 0.411612 -3.475578 -0.349095 0.276684 0.009417 
-0.173428 0.427066 -3.326633 -0.349018 0.275263 0.010747 
-0.210871 0.446630 -3.174891 -0.348265 0.273991 0.014428 
-0.283994 0.462509 -2.986701 -0.347399 0.272871 0.019638 
-0.361413 0.481260 -3.036801 -0.346824 0.272010 0.027006 
-0.424513 0.501157 -3.230200 -0.346224 0.270687 0.034900 
-0.493285 0.517586 -3.515129 -0.346130 0.269128 0.043262 
-0.568151 0.530440 -3.794136 -0.346868 0.267319 0.049927 
-0.646100 0.538927 -4.119249 -0.349084 0.265435 0.055824 
-0.752551 0.565619 -4.244636 -0.351841 0.263344 0.059444 
-0.880912 0.588226 -4.181983 -0.354973 0.261374 0.061192 
-1.018040 0.615053 -4.056950 -0.357761 0.259457 0.062131 
-1.160913 0.635038 -3.942340 -0.360762 0.258249 0.063269 
-1.317978 0.679324 -3.737140 -0.363445 0.257426 0.064485 
-1.511917 0.676231 -3.789782 -0.369843 0.256973 0.069805 
-1.707665 0.731518 -4.103106 -0.379190 0.254401 0.080141 
-1.946544 0.884554 -4.359271 -0.383214 0.250935 0.092537 
-2.125943 0.929126 -4.552696 -0.382019 0.242893 0.104589 
-2.267630 0.941250 -4.742987 -0.381515 0.233884 0.108072 
-2.347397 0.895218 -4.625253 -0.383015 0.227016 0.095499 
-2.487882 0.909694 -4.429721 -0.383005 0.218568 0.075725 
-2.651705 1.026180 -4.266403 -0.378111 0.212256 0.057370 
-2.813959 1.131310 -4.160825 -0.370720 0.209400 0.047569 
-2.947268 1.102576 -4.017255 -0.366826 0.206867 0.048514 
-3.048022 1.082785 -4.085409 -0.367818 0.205396 0.059957 
-3.161368 1.138888 -4.249862 -0.367477 0.206072 0.072486 
-3.271183 1.187701 -4.533611 -0.363801 0.203006 0.082114 
-3.376331 1.225384 -4.723532 -0.359081 0.198255 0.086244 
-3.404810 1.125114 -4.884769 -0.361078 0.195946 0.087195 
-3.467911 1.062955 -4.886195 -0.367502 0.194130 0.076567 
-3.545786 1.125547 -4.706111 -0.371623 0.193484 0.057198 
-3.675969 1.193195 -4.505308 -0.374617 0.195021 0.036846 
-3.753903 1.242564 -4.453222 -0.381077 0.197834 0.021219 
-3.839072 1.316149 -4.257433 -0.387697 0.201467 0.012795 
-3.837067 1.388998 -4.164352 -0.392013 0.205485 0.014854 
-3.882977 1.426734 -4.303609 -0.394660 0.208150 0.023341 
-3.953609 1.484031 -4.426334 -0.395898 0.211380 0.032360 
-3.968147 1.459636 -4.503653 -0.395751 0.212841 0.042344 
-4.000255 1.429550 -4.718004 -0.394682 0.212135 0.046110 
-3.988079 1.472037 -4.747128 -0.392287 0.212734 0.040162 
-3.984272 1.506968 -4.609129 -0.390441 0.212118 0.032768 
-4.017188 1.533910 -4.456252 -0.390761 0.208012 0.021383 
-4.093679 1.597076 -4.287000 -0.392139 0.204611 0.012289 
-4.121439 1.608887 -4.055628 -0.391599 0.199314 0.005253 
-4.171204 1.639181 -4.013086 -0.388515 0.189734 0.007082 
-4.206679 1.619274 -4.035238 -0.386414 0.181390 0.014733 
-4.257188 1.568102 -4.145334 -0.387270 0.174780 0.026824 
-4.351288 1.597632 -4.246480 -0.385334 0.168128 0.037738 
-4.389435 1.630652 -4.420405 -0.381574 0.163089 0.040179 
-4.416116 1.596115 -4.468012 -0.379579 0.161163 0.037759 
-4.379420 1.653999 -4.307816 -0.377715 0.159644 0.025791 
-4.347426 1.679515 -4.006101 -0.375766 0.159281 0.017668 
-4.332873 1.669603 -3.747331 -0.375363 0.160362 0.007465 
-4.350921 1.729427 -3.422712 -0.374653 0.162175 -0.000841 
-4.369258 1.679348 -3.342055 -0.375668 0.163777 -0.011839 
-4.363191 1.645604 -3.457680 -0.377345 0.165738 -0.013235 
-4.363317 1.659343 -3.694971 -0.381258 0.168154 -0.016939 
-4.318790 1.685987 -3.970849 -0.387458 0.169812 -0.008191 
-4.207261 1.687688 -4.282814 -0.393630 0.170337 0.006529 
-4.054376 1.739197 -4.398413 -0.398951 0.170492 0.030968 
-4.008684 1.652931 -4.354083 -0.403542 0.170275 0.059560 
-3.975834 1.619755 -4.161580 -0.404882 0.169381 0.083757 
-3.953967 1.548138 -4.009532 -0.406337 0.168450 0.104045 
-3.843383 1.515456 -3.809322 -0.407475 0.168415 0.113328 
-3.778949 1.510701 -3.792733 -0.407794 0.168146 0.110986 
-3.808226 1.491876 -3.966614 -0.407619 0.167563 0.092071 
-3.977237 1.419683 -4.230994 -0.406774 0.167838 0.064682 
-4.158157 1.374346 -4.423433 -0.405752 0.166468 0.033093 
-4.196656 1.342448 -4.615645 -0.405994 0.162297 0.006163 
-4.087510 1.346282 -4.520044 -0.405586 0.157104 -0.003357 
-3.954580 1.422924 -4.265907 -0.404008 0.149501 0.007455 
-4.023248 1.397847 -3.963697 -0.401814 0.141661 0.030600 
-4.120971 1.307580 -3.697801 -0.398486 0.135926 0.058901 
-4.187630 1.208430 -3.383662 -0.393275 0.129399 0.090757 
-4.105396 1.145408 -3.309636 -0.387875 0.124059 0.113285 
-3.945275 1.109494 -3.429436 -0.383843 0.120093 0.121507 
-3.927357 1.177040 -3.683368 -0.379484 0.116401 0.119149 
-3.998606 1.250894 -3.922593 -0.376101 0.113123 0.108029 
-4.067215 1.212346 -4.223829 -0.374953 0.110448 0.094692 
-4.056866 1.147280 -4.323492 -0.375559 0.106041 0.086811 
-4.156327 1.057560 -4.229105 -0.378820 0.101519 0.088032 
-4.325825 0.939620 -4.046335 -0.384736 0.097178 0.092146 
-4.386385 0.941892 -3.832211 -0.391032 0.092297 0.088516 
-4.265949 0.863399 -3.584035 -0.398439 0.088773 0.079834 
-4.026480 0.795233 -3.472170 -0.404253 0.087208 0.067663 
-3.978153 0.737010 -3.576554 -0.407528 0.086820 0.051411 
-3.948999 0.632052 -3.743351 -0.409532 0.089250 0.042433 
-3.772538 0.536205 -3.840442 -0.409137 0.095272 0.051341 
-3.549935 0.470754 -4.051951 -0.406398 0.102101 0.083062 
-3.307242 0.492540 -4.070445 -0.399987 0.109877 0.123923 
-3.205468 0.490914 -3.984588 -0.392870 0.119356 0.151545 
-3.226519 0.470833 -3.877357 -0.385477 0.127835 0.163216 
-3.395675 0.347328 -3.731280 -0.377779 0.134690 0.159888 
-3.641233 0.277987 -3.551556 -0.371998 0.136511 0.137722 
-3.706081 0.252846 -3.574649 -0.370126 0.132228 0.114556 
-3.544446 0.322580 -3.684656 -0.370336 0.122217 0.099160 
-3.422280 0.432290 -3.871659 -0.373490 0.105837 0.096378 
-3.511760 0.553522 -4.045808 -0.379094 0.087403 0.094649 
-3.582339 0.550087 -4.264712 -0.388457 0.068200 0.089034 
-3.654037 0.384827 -4.282913 -0.398003 0.050064 0.087802 
-3.602394 0.351932 -4.074137 -0.403025 0.034348 0.085858 
-3.566850 0.405523 -3.886090 -0.407769 0.022816 0.091603 
-3.719311 0.395363 -3.641988 -0.411629 0.017271 0.106089 
-3.964050 0.377413 -3.274701 -0.408214 0.016568 0.118801 
-4.045412 0.330273 -3.228425 -0.401686 0.018359 0.116026 
-3.710563 0.231238 -3.332016 -0.393513 0.023231 0.098760 
-3.245316 0.111633 -3.447730 -0.383643 0.029375 0.076924 
-2.915415 0.051016 -3.623359 -0.373435 0.037075 0.054724 
-2.587754 0.012964 -3.880573 -0.364512 0.049328 0.044977 
-2.335817 -0.186174 -3.931765 -0.357895 0.062727 0.058524 
-2.035099 -0.225452 -3.858971 -0.352059 0.077181 0.075779 
-1.834600 -0.231356 -3.870032 -0.350546 0.093878 0.089269 
-1.902372 -0.307113 -3.812711 -0.352415 0.106759 0.098714 
-2.118317 -0.359939 -3.635435 -0.356467 0.114514 0.091429 
-2.328575 -0.263485 -3.684347 -0.366205 0.118471 0.074171 
-2.233811 -0.207458 -3.795149 -0.379732 0.113508 0.067707 
-2.067571 -0.095160 -3.813267 -0.392978 0.100907 0.072683 
-1.908051 0.052609 -3.962612 -0.408059 0.082722 0.067468 
-1.716177 0.143442 -4.192268 -0.422551 0.062966 0.065384 
-1.638406 0.032251 -4.062738 -0.430509 0.042554 0.068690 
-1.583219 -0.016186 -3.844107 -0.435151 0.025012 0.078344 
-1.572540 -0.135148 -3.667526 -0.437579 0.012666 0.102209 
-1.673946 -0.378972 -3.364938 -0.431957 0.003351 0.130376 
-1.759537 -0.502199 -3.091446 -0.419861 -0.000018 0.141891 
-1.656376 -0.574058 -3.180349 -0.404066 -0.001020 0.141875 
-1.350284 -0.727524 -3.273806 -0.385358 0.000429 0.133267 
-0.998262 -0.800343 -3.361051 -0.364453 0.005404 0.116797 
-0.603288 -0.770731 -3.735793 -0.346969 0.012841 0.104005 
-0.294659 -0.827759 -4.134251 -0.331586 0.027112 0.116741 
-0.086837 -0.963092 -4.187176 -0.314583 0.043920 0.127868 
-0.009598 -1.026177 -4.259125 -0.305669 0.060207 0.128744 
-0.165964 -1.219672 -4.226709 -0.304888 0.077275 0.126135 
-0.463173 -1.371721 -3.971937 -0.309051 0.091668 0.119770 
-0.734855 -1.310854 -3.770329 -0.320050 0.097170 0.112151 
-0.818669 -1.192948 -3.773772 -0.339196 0.093965 0.119067 
-0.772036 -1.070727 -3.696201 -0.362410 0.080268 0.125370 
-0.796878 -0.863531 -3.803077 -0.389396 0.057821 0.116378 
-0.736472 -0.658012 -3.945594 -0.416182 0.031805 0.101599 
-0.702476 -0.718228 -3.978537 -0.435693 0.004619 0.090031 
-0.584663 -0.660093 -3.882351 -0.449347 -0.018025 0.087055 
-0.579175 -0.676302 -3.873240 -0.458278 -0.034782 0.106145 
-0.729985 -0.833152 -3.715545 -0.456409 -0.041891 0.130291 
-0.927869 -0.901274 -3.546746 -0.441096 -0.040607 0.140894 
-0.805629 -0.977539 -3.663091 -0.424199 -0.036094 0.142487 
-0.504241 -1.068853 -3.841890 -0.402962 -0.028330 0.145197 
-0.246704 -0.984515 -3.982857 -0.374251 -0.017785 0.148084 
-0.065152 -0.976762 -4.565923 -0.357193 -0.000074 0.164492 
0.187877 -0.965027 -4.682294 -0.335588 0.016892 0.181558 
0.302395 -1.164768 -4.540422 -0.316205 0.025485 0.183022 
0.310476 -1.143038 -4.628330 -0.308342 0.036525 0.168023 
0.007446 -1.299236 -4.594247 -0.300156 0.049914 0.140922 
-0.422296 -1.453431 -4.111328 -0.292207 0.053498 0.105963 
-0.548270 -1.500188 -3.926977 -0.298734 0.050444 0.078791 
-0.457413 -1.389206 -3.532265 -0.314633 0.041345 0.070935 
-0.333621 -1.315261 -2.936820 -0.332863 0.025007 0.073536 
-0.282238 -1.089472 -2.766160 -0.352778 0.007093 0.073526 
-0.107967 -0.975997 -3.118333 -0.377400 -0.011942 0.078569 
-0.012559 -1.089488 -3.396974 -0.396591 -0.031841 0.094234 
0.120421 -1.071045 -3.941858 -0.412735 -0.041079 0.120066 
0.107901 -1.058818 -4.498211 -0.422737 -0.046109 0.157761 
-0.134546 -1.329696 -4.496585 -0.423973 -0.044196 0.180926 
-0.239512 -1.393386 -4.249397 -0.419041 -0.031278 0.179179 
-0.153811 -1.411822 -4.285254 -0.407881 -0.022145 0.161387 
0.051543 -1.423482 -4.235834 -0.389543 -0.009088 0.132897 
0.244188 -1.281353 -4.232091 -0.364028 0.013324 0.105184 
0.483106 -1.238227 -4.386677 -0.335942 0.021851 0.094351 
0.547619 -1.336704 -4.526252 -0.312483 0.027156 0.096562 
0.612915 -1.311327 -4.250745 -0.290112 0.041616 0.091585 
0.444052 -1.339004 -4.168052 -0.273214 0.045767 0.091243 
0.125821 -1.469273 -4.058421 -0.265481 0.045156 0.087008 
-0.192829 -1.483916 -3.568855 -0.264992 0.045106 0.082068 
-0.509958 -1.528609 -3.319909 -0.280120 0.035306 0.087121 
-0.520430 -1.214723 -3.110926 -0.294469 0.018165 0.092238 
-0.575749 -1.137595 -2.741049 -0.312769 -0.002261 0.084733 
-0.480176 -1.131850 -2.665901 -0.335328 -0.026635 0.064717 
-0.298120 -1.112808 -3.107121 -0.361419 -0.047062 0.038695 
-0.140982 -1.193672 -3.596782 -0.381471 -0.064443 0.026834 
-0.081284 -1.098483 -4.027692 -0.392309 -0.071070 0.036606 
-0.099168 -1.002060 -4.682381 -0.400438 -0.068947 0.067711 
-0.208644 -1.219149 -4.941847 -0.403298 -0.062069 0.094496 
-0.369677 -1.312884 -4.753005 -0.393626 -0.043863 0.099957 
-0.309721 -1.305229 -4.598274 -0.377011 -0.023161 0.090275 
-0.127834 -1.349746 -4.397351 -0.357479 -0.003727 0.076286 
0.006043 -1.216355 -4.062992 -0.338344 0.023175 0.061873 
0.103917 -1.036004 -3.831233 -0.317117 0.043028 0.058808 
0.131998 -1.016292 -3.746005 -0.298329 0.052415 0.055710 
0.073981 -0.984276 -3.565257 -0.282569 0.064003 0.045218 
-0.058716 -1.110150 -3.449287 -0.276632 0.066279 0.031539 
-0.334494 -1.318630 -3.729218 -0.286442 0.060369 0.017504 
-0.548323 -1.316295 -3.537212 -0.295556 0.050335 0.009246 
-0.819969 -1.405923 -3.322268 -0.310960 0.028356 0.020395 
-0.875840 -1.306583 -3.294323 -0.327311 0.004866 0.026338 
-0.776019 -1.250156 -3.237628 -0.343714 -0.022716 0.025142 
-0.697550 -1.325555 -3.117421 -0.358487 -0.051938 0.021689 
-0.479786 -1.159647 -3.383353 -0.369380 -0.074239 0.011966 
-0.282267 -1.152548 -3.791453 -0.376737 -0.088288 0.014669 
-0.068133 -1.187211 -4.073043 -0.374900 -0.093153 0.039734 
0.051232 -1.140625 -4.485828 -0.367889 -0.083611 0.068239 
0.081057 -1.280451 -4.931568 -0.357269 -0.063675 0.090465 
-0.012122 -1.541023 -4.923582 -0.338604 -0.036327 0.092134 
-0.108894 -1.622304 -4.833805 -0.320627 -0.004736 0.066892 
-0.041651 -1.616396 -4.643122 -0.304840 0.024949 0.035599 
0.096107 -1.511243 -4.132430 -0.286234 0.051394 0.016083 
0.139516 -1.297373 -3.668809 -0.276871 0.072254 0.009862 
0.218794 -1.115454 -3.489691 -0.277336 0.085412 0.003082 
0.168504 -1.132997 -3.268197 -0.280076 0.087815 -0.002403 
0.072590 -1.089163 -3.275454 -0.291232 0.081689 -0.007080 
-0.087105 -1.062140 -3.507314 -0.310722 0.069245 -0.005107 
-0.262516 -1.176042 -3.665259 -0.331525 0.048645 0.012422 
-0.514928 -1.252451 -3.759678 -0.354195 0.022192 0.034624 
-0.694702 -1.291151 -3.890908 -0.374148 -0.007548 0.042113 
-0.671964 -1.270723 -3.852366 -0.386507 -0.036420 0.037520 
-0.556651 -1.282432 -3.840505 -0.393580 -0.062336 0.019800 
-0.361829 -1.115802 -3.874424 -0.394534 -0.084144 -0.007785 
-0.119733 -1.026125 -3.983897 -0.385553 -0.095832 -0.017828 
0.070832 -1.060247 -4.153685 -0.368468 -0.094886 0.004359 
0.259448 -1.023966 -4.577510 -0.349920 -0.080458 0.032830 
0.373278 -1.173539 -4.747854 -0.326478 -0.056737 0.053224 
0.401423 -1.487439 -4.763897 -0.302490 -0.026311 0.063950 
0.257141 -1.619815 -4.691769 -0.281844 0.009734 0.051128 
0.199303 -1.602103 -4.416883 -0.262514 0.044534 0.035568 
0.296919 -1.559826 -3.939806 -0.250154 0.072983 0.032905 
0.353953 -1.329993 -3.590004 -0.249346 0.093563 0.025545 
0.391674 -1.126647 -3.241155 -0.260143 0.103803 0.007530 
0.304219 -1.166609 -3.028299 -0.278815 0.103543 -0.007134 
0.238750 -1.086762 -3.079301 -0.303684 0.093058 -0.028306 
0.158522 -0.962925 -3.355889 -0.334016 0.073556 -0.040245 
0.026627 -1.073695 -3.593641 -0.365857 0.049099 -0.027291 
-0.198187 -1.106278 -3.868797 -0.389644 0.024877 -0.008989 
-0.517331 -1.153817 -4.211890 -0.411007 -0.011694 0.003569 
-0.507873 -1.177391 -4.303296 -0.417245 -0.039296 0.009571 
-0.375439 -1.096501 -4.175555 -0.413051 -0.059316 0.013516 
-0.153534 -0.927073 -4.083280 -0.401110 -0.078965 0.010373 
0.243733 -0.754489 -3.980416 -0.383264 -0.088528 0.017750 
0.521469 -0.720947 -3.958380 -0.357947 -0.086449 0.042452 
0.703480 -0.765944 -4.118502 -0.331793 -0.072722 0.061788 
0.787005 -0.947736 -4.545315 -0.312930 -0.043731 0.070487 
0.766987 -1.257918 -4.565252 -0.292330 -0.009855 0.061498 
0.580466 -1.521695 -4.552473 -0.274401 0.022285 0.030537 
0.519698 -1.544989 -4.591493 -0.261780 0.057663 -0.000224 
0.567723 -1.450556 -4.305192 -0.253738 0.088498 -0.008456 
0.532990 -1.369117 -3.885990 -0.255475 0.107830 -0.013617 
0.512136 -1.219488 -3.559853 -0.266839 0.115123 -0.026267 
0.451078 -1.235459 -3.096195 -0.286458 0.110369 -0.031208 
0.400324 -1.155501 -2.790851 -0.309880 0.098153 -0.030527 
0.444819 -1.001268 -2.909485 -0.337837 0.078298 -0.019198 
0.443119 -1.029024 -3.127633 -0.364830 0.049179 0.010506 
0.268301 -1.203706 -3.400579 -0.388135 0.020638 0.035332 
0.050941 -1.306952 -3.970951 -0.402755 -0.006499 0.044134 
-0.050443 -1.364404 -4.406852 -0.403819 -0.032158 0.038797 
0.045937 -1.290060 -4.451317 -0.395034 -0.048604 0.016108 
0.281406 -1.150841 -4.369101 -0.380581 -0.059706 -0.012710 
0.613141 -0.921714 -4.285559 -0.359331 -0.063937 -0.023662 
0.840692 -0.891931 -4.218703 -0.336978 -0.051599 -0.010893 
1.086190 -0.816233 -4.208667 -0.309795 -0.030557 0.000494 
1.185431 -0.944974 -4.260162 -0.285418 -0.010491 0.009982 
1.116284 -1.226423 -4.392760 -0.271540 0.016601 0.014277 
0.842175 -1.421488 -4.469708 -0.264417 0.049814 0.009586 
0.635465 -1.456499 -4.573657 -0.259174 0.076426 0.013294 
0.666926 -1.348504 -4.381327 -0.261953 0.094798 0.025880 
0.578240 -1.326146 -3.939693 -0.277469 0.103470 0.025870 
0.424566 -1.178911 -3.473843 -0.302110 0.103999 0.011906 
0.360900 -1.034723 -3.150312 -0.327993 0.095677 -0.008393 
0.328062 -0.979352 -2.778822 -0.350621 0.076182 -0.037082 
0.373379 -0.812013 -2.711328 -0.372390 0.051863 -0.050398 
0.391757 -0.895565 -3.070745 -0.395746 0.026693 -0.031554 
0.268222 -1.011646 -3.429508 -0.408802 0.001383 -0.008043 
0.025230 -1.032936 -3.799473 -0.407122 -0.019791 0.006120 
0.055978 -1.047774 -4.347988 -0.396231 -0.036148 0.019712 
0.261833 -0.999691 -4.588716 -0.380479 -0.047923 0.024345 
0.478709 -0.880822 -4.635182 -0.358292 -0.052784 0.027602 
0.733629 -0.742380 -4.731286 -0.335785 -0.046870 0.045064 
0.963687 -0.717406 -4.702467 -0.316194 -0.034453 0.058697 
1.106507 -0.794872 -4.353307 -0.293221 -0.018482 0.055747 
1.179734 -0.830480 -4.237029 -0.279794 -0.000398 0.035798 
1.019156 -0.978648 -4.272187 -0.277426 0.026041 0.003105 
0.761531 -1.119857 -4.188038 -0.276519 0.053236 -0.031502 
0.583613 -1.142249 -4.176424 -0.280821 0.071735 -0.049650 
0.620139 -1.132758 -4.270091 -0.292792 0.083055 -0.045387 
0.629029 -1.122233 -3.972738 -0.311537 0.088008 -0.038363 
0.526942 -1.000497 -3.607043 -0.334063 0.086114 -0.034738 
0.543894 -0.806982 -3.296901 -0.355204 0.077971 -0.033661 
0.637524 -0.779196 -2.914706 -0.371676 0.061568 -0.032143 
0.845550 -0.578220 -2.625862 -0.383318 0.042558 -0.024892 
1.031234 -0.391111 -2.864784 -0.391825 0.024378 -0.003999 
1.179728 -0.428148 -3.305543 -0.393884 0.006781 0.015668 
1.165531 -0.482449 -3.807849 -0.388291 -0.004446 0.014725 
1.239025 -0.576941 -4.377003 -0.377793 -0.013269 -0.006984 
1.507694 -0.713396 -5.043328 -0.367803 -0.016225 -0.042373 
1.886415 -0.563956 -5.212652 -0.352075 -0.008119 -0.074220 
2.208411 -0.410537 -5.105555 -0.333304 0.002028 -0.081985 
2.531938 -0.173360 -4.847287 -0.314751 0.013263 -0.073619 
2.614547 -0.116794 -4.582824 -0.300988 0.031176 -0.061026 
2.659277 -0.047377 -4.259628 -0.293432 0.053455 -0.047580 
2.734134 0.039702 -4.091869 -0.291995 0.076215 -0.032674 
2.783731 0.000091 -3.892975 -0.297249 0.092181 -0.025013 
2.722587 -0.139672 -3.741470 -0.316616 0.110856 -0.024966 
2.575791 -0.123981 -3.649538 -0.338144 0.123520 -0.019224 
2.641174 0.045793 -3.647112 -0.357165 0.126945 -0.011294 
2.738244 0.245642 -3.508712 -0.377248 0.123996 -0.015479 
2.831850 0.397233 -3.459572 -0.400242 0.116048 -0.037673 
2.920844 0.470028 -3.422977 -0.416878 0.100918 -0.070646 
3.048245 0.603024 -3.431174 -0.423741 0.083270 -0.104396 
3.271625 0.677967 -3.444694 -0.425648 0.064668 -0.127951 
3.460022 0.785106 -3.631210 -0.424760 0.049281 -0.122124 
3.651616 0.911984 -3.914761 -0.416809 0.039222 -0.088018 
3.854897 0.893077 -4.266070 -0.401997 0.032787 -0.044740 
3.978460 0.720379 -4.627711 -0.382054 0.033427 -0.013269 
4.000763 0.528293 -5.025841 -0.359423 0.040668 -0.001033 
4.150673 0.415407 -5.128091 -0.338113 0.051381 -0.000546 
4.314265 0.477176 -4.871596 -0.318805 0.066595 -0.007957 
4.351097 0.581866 -4.494385 -0.309889 0.083622 -0.023468 
4.280075 0.639229 -4.041474 -0.305714 0.104913 -0.033974 
4.128471 0.696056 -3.472001 -0.304159 0.122191 -0.028744 
4.067260 0.832242 -3.152488 -0.310972 0.133942 -0.011072 
4.129321 0.792625 -3.184319 -0.330343 0.144501 0.009318 
4.099775 0.790362 -3.314504 -0.352395 0.151298 0.015253 
3.999846 0.820537 -3.561241 -0.372482 0.149127 0.007024 
3.980506 0.911201 -3.872358 -0.390970 0.144397 -0.012384 
4.028246 0.959045 -3.979621 -0.411501 0.136927 -0.042514 
4.017176 1.022484 -3.882631 -0.430038 0.129082 -0.074417 
3.967071 1.026837 -3.706013 -0.437117 0.118069 -0.097726 
3.941131 1.076020 -3.661970 -0.435008 0.103253 -0.099353 
4.009111 1.116025 -3.639072 -0.427920 0.090600 -0.080948 
4.110877 1.065979 -3.755414 -0.413559 0.079164 -0.049316 
4.183730 0.947021 -3.967787 -0.394071 0.069154 -0.023354 
4.225408 0.762151 -4.213994 -0.372342 0.065915 -0.009782 
4.316493 0.604536 -4.354269 -0.351050 0.070148 -0.005945 
4.383905 0.641991 -4.522588 -0.328085 0.078626 -0.015632 
4.484122 0.768771 -4.360447 -0.307705 0.090313 -0.022105 
4.537053 0.873158 -4.062007 -0.297810 0.104184 -0.035090 
4.466208 0.904165 -3.730953 -0.296057 0.120714 -0.035863 
4.389744 0.907705 -3.530976 -0.299795 0.134515 -0.033107 
4.313773 0.907440 -3.230896 -0.310787 0.143634 -0.013056 
4.306927 0.929335 -3.223944 -0.335068 0.151733 0.011680 
4.294880 1.046827 -3.368541 -0.364937 0.155427 0.036568 
4.255292 1.154221 -3.607518 -0.393280 0.153565 0.050370 
4.191392 1.223734 -3.970415 -0.418851 0.150197 0.036042 
4.124503 1.185500 -4.457319 -0.441646 0.146599 0.005012 
4.086216 1.154103 -4.638614 -0.456516 0.139983 -0.035599 
4.072843 1.182698 -4.649469 -0.463566 0.134154 -0.080670 
4.018564 1.377717 -4.541946 -0.461598 0.132052 -0.114810 
3.986545 1.442928 -4.354308 -0.452657 0.131569 -0.141985 
3.888513 1.388472 -4.034057 -0.434953 0.131145 -0.152178 
3.744255 1.286974 -3.972159 -0.413892 0.130809 -0.147220 
3.704431 1.202134 -4.020582 -0.391355 0.132098 -0.124489 
3.636852 1.141207 -4.125715 -0.367535 0.132186 -0.092366 
3.519160 1.149879 -4.202501 -0.345824 0.129784 -0.057660 
3.409339 1.056892 -4.296939 -0.329646 0.128420 -0.024442 
3.348265 1.017257 -4.129415 -0.319030 0.126575 -0.002364 
3.350060 1.058702 -3.913681 -0.314563 0.123132 0.005529 
3.412821 1.123784 -3.573282 -0.317620 0.119027 0.001754 
3.403103 1.180882 -3.403474 -0.327041 0.116276 -0.013987 
3.340485 1.298646 -3.244480 -0.341857 0.113508 -0.041207 
3.354654 1.340757 -3.355558 -0.360524 0.113159 -0.071557 
3.338256 1.378076 -3.616808 -0.381649 0.116195 -0.101180 
3.315081 1.434087 -3.946836 -0.404250 0.122370 -0.123039 
3.381896 1.483238 -4.225822 -0.424920 0.130605 -0.134943 
3.382901 1.581490 -4.541951 -0.439329 0.140418 -0.132814 
3.427374 1.672932 -4.639826 -0.447503 0.152496 -0.125477 
3.521941 1.655203 -4.567089 -0.449996 0.164737 -0.117702 
3.542390 1.641316 -4.299274 -0.444796 0.175966 -0.104176 
3.577899 1.616269 -4.000292 -0.436611 0.187192 -0.085207 
3.627893 1.577478 -3.616195 -0.425305 0.197532 -0.069853 
3.603662 1.546613 -3.375533 -0.410926 0.204282 -0.067272 
3.578774 1.496850 -3.337270 -0.397152 0.207694 -0.072009 
3.525614 1.442507 -3.463083 -0.384540 0.207979 -0.075010 
3.409562 1.460235 -3.587169 -0.373379 0.202050 -0.073166 
3.346368 1.443019 -3.859639 -0.365957 0.191935 -0.066216 
3.330049 1.431024 -3.956056 -0.363140 0.179067 -0.061374 
3.250782 1.404732 -3.854014 -0.363525 0.164386 -0.064230 
3.211991 1.346059 -3.686663 -0.366210 0.150056 -0.071305 
3.180239 1.318211 -3.576572 -0.371244 0.136069 -0.082030 
3.150056 1.373690 -3.406456 -0.377305 0.125342 -0.095693 
3.197635 1.414337 -3.477673 -0.383897 0.119370 -0.102435 
3.232944 1.460653 -3.728906 -0.390288 0.117636 -0.102730 
3.259963 1.441801 -3.998255 -0.397144 0.123406 -0.096390 
3.321560 1.351197 -4.241685 -0.404813 0.135985 -0.084550 
3.305630 1.296816 -4.569423 -0.410825 0.153631 -0.072738 
3.265670 1.281011 -4.623447 -0.415152 0.175529 -0.066110 
3.250390 1.262759 -4.551255 -0.418528 0.199901 -0.065959 
3.184246 1.296589 -4.367782 -0.419486 0.222615 -0.074821 
3.127722 1.255371 -4.146744 -0.419680 0.241776 -0.086870 
3.080075 1.170753 -3.823986 -0.420176 0.257016 -0.098694 
2.985027 1.096597 -3.676241 -0.420931 0.265553 -0.104899 
2.930820 1.037262 -3.688207 -0.421539 0.266204 -0.099997 
2.846376 0.971426 -3.804016 -0.422517 0.260404 -0.085671 
2.710031 0.949603 -3.968351 -0.422564 0.247924 -0.068301 
2.593140 0.888366 -4.248290 -0.421901 0.230339 -0.049606 
2.470557 0.823170 -4.318839 -0.419834 0.210360 -0.038125 
2.323798 0.793193 -4.244024 -0.416741 0.189667 -0.036270 
2.212161 0.753182 -4.101921 -0.411937 0.171092 -0.042133 
2.084893 0.732456 -3.947590 -0.404761 0.154920 -0.054366 
1.941066 0.710162 -3.758897 -0.397291 0.144591 -0.068677 
1.831245 0.644939 -3.770154 -0.388007 0.137578 -0.081742 
1.721156 0.567395 -3.909945 -0.378001 0.135085 -0.089087 
1.627124 0.495874 -4.056721 -0.369230 0.137851 -0.089401 
1.564504 0.408733 -4.180977 -0.363930 0.146040 -0.080921 
1.505016 0.353320 -4.315490 -0.361298 0.157099 -0.066853 
1.407729 0.318525 -4.231611 -0.361449 0.170690 -0.053111 
1.351815 0.267668 -4.030538 -0.365556 0.185868 -0.042990 
1.264399 0.264019 -3.804022 -0.372407 0.200402 -0.040604 
1.183744 0.284531 -3.593490 -0.381014 0.213543 -0.046328 
1.133609 0.327498 -3.382641 -0.391856 0.224647 -0.058313 
1.076931 0.410940 -3.367291 -0.404013 0.232585 -0.071893 
1.045394 0.473679 -3.550008 -0.416126 0.237022 -0.083254 
1.016146 0.505338 -3.836380 -0.427643 0.237725 -0.090073 
0.968841 0.505802 -4.147591 -0.436812 0.234924 -0.092632 
0.917763 0.482452 -4.530940 -0.442927 0.228915 -0.088838 
0.861878 0.481326 -4.701253 -0.445682 0.220826 -0.083272 
0.809196 0.494277 -4.681166 -0.445613 0.211454 -0.078638 
0.765018 0.488836 -4.521110 -0.442300 0.201519 -0.075437 
0.722066 0.480765 -4.340488 -0.435310 0.192242 -0.074855 
0.670515 0.467754 -4.074772 -0.425956 0.184252 -0.077469 
0.621746 0.433829 -3.977393 -0.414489 0.178365 -0.079327 
0.566145 0.396504 -4.027960 -0.402080 0.174462 -0.079633 
0.509684 0.370372 -4.113249 -0.390074 0.173160 -0.078164 
0.455573 0.346238 -4.172297 -0.379342 0.174709 -0.074434 
0.410648 0.315931 -4.284158 -0.370414 0.177826 -0.068812 
0.358011 0.285200 -4.165457 -0.363756 0.181149 -0.064570 
0.315299 0.251825 -3.926213 -0.360173 0.185046 -0.061796 
0.282050 0.244692 -3.685650 -0.359775 0.188400 -0.061207 
0.264096 0.253867 -3.513575 -0.362625 0.190410 -0.063180 
0.252258 0.274045 -3.298674 -0.368130 0.191504 -0.068064 
0.225781 0.292109 -3.341089 -0.376216 0.191775 -0.073548 
0.221943 0.301692 -3.522978 -0.386752 0.191804 -0.078365 
0.257915 0.322741 -3.827670 -0.397981 0.191863 -0.082309 
0.279227 0.335840 -4.124347 -0.409115 0.191927 -0.085500 
0.298800 0.344301 -4.482022 -0.418671 0.193356 -0.085889 
0.320551 0.344348 -4.601177 -0.426209 0.196172 -0.085910 
0.303787 0.343852 -4.525076 -0.430569 0.199619 -0.085175 
0.304357 0.350600 -4.304775 -0.432626 0.204657 -0.083080 
0.313051 0.354418 -4.072944 -0.432127 0.210598 -0.079418 
0.305025 0.354864 -3.743388 -0.428935 0.216550 -0.076143 
0.317846 0.332233 -3.602067 -0.423632 0.221803 -0.072097 
0.317147 0.267168 -3.644759 -0.417339 0.226011 -0.068122 
0.302442 0.171350 -3.775103 -0.410461 0.228306 -0.065829 
0.232926 0.064645 -3.914609 -0.403529 0.228208 -0.063733 
0.143259 -0.019386 -4.103065 -0.395478 0.224642 -0.058859 
0.047551 -0.062856 -4.065300 -0.386188 0.217477 -0.051822 
0.007920 -0.077653 -3.902210 -0.376667 0.207242 -0.042279 
-0.010022 -0.083520 -3.700610 -0.368033 0.193604 -0.031147 
-0.034668 -0.110001 -3.529444 -0.360509 0.177714 -0.019150 
-0.090681 -0.132877 -3.322045 -0.354588 0.162035 -0.008276 
-0.139286 -0.133207 -3.365349 -0.350420 0.146728 0.002737 
-0.157020 -0.133303 -3.531271 -0.348319 0.134178 0.011392 
-0.130749 -0.146787 -3.799133 -0.348374 0.123519 0.017604 
-0.087723 -0.148643 -4.082263 -0.350431 0.117040 0.019073 
-0.048246 -0.136710 -4.417723 -0.354163 0.115468 0.018113 
-0.021182 -0.131573 -4.538694 -0.359575 0.118913 0.013443 
0.010816 -0.108378 -4.470166 -0.366801 0.127461 0.006980 
0.081726 -0.085767 -4.320711 -0.375141 0.140411 0.000981 
0.157588 -0.066039 -4.135131 -0.383502 0.156382 -0.003522 
0.228477 -0.042410 -3.872308 -0.391362 0.174773 -0.007028 
0.278487 -0.033754 -3.850384 -0.398844 0.193821 -0.007862 
0.318818 -0.033533 -3.986052 -0.405739 0.211812 -0.006901 
0.345728 -0.008073 -4.146627 -0.411496 0.226664 -0.004644 
0.386827 0.026477 -4.321110 -0.416051 0.238080 -0.001517 
0.425404 0.051509 -4.558509 -0.419702 0.244357 0.002132 
0.450288 0.064421 -4.578605 -0.422007 0.245242 0.003538 
0.440136 0.061687 -4.442235 -0.423160 0.240605 0.002866 
0.390256 0.068903 -4.272769 -0.423140 0.231367 0.000762 
0.335675 0.104612 -4.126707 -0.420828 0.218070 -0.001339 
0.293449 0.147503 -3.902989 -0.416691 0.201910 -0.003151 
0.238896 0.207609 -3.892879 -0.410660 0.184639 -0.001937 
0.196627 0.234105 -4.023802 -0.403724 0.167389 0.002130 
0.147159 0.223940 -4.193384 -0.395924 0.152194 0.008579 
0.090414 0.192645 -4.336071 -0.387315 0.139334 0.015647 
0.039203 0.172661 -4.502123 -0.378625 0.130080 0.023623 
0.015843 0.173931 -4.458114 -0.370428 0.125003 0.028850 
-0.015174 0.169517 -4.211510 -0.363576 0.123574 0.030903 
-0.030298 0.178588 -3.894111 -0.358236 0.126038 0.029890 
-0.033609 0.171888 -3.619479 -0.355412 0.132331 0.027220 
-0.031066 0.161689 -3.325692 -0.354540 0.139336 0.022334 
-0.017395 0.156006 -3.222159 -0.355713 0.149252 0.017714 
0.030948 0.152313 -3.329425 -0.359575 0.161535 0.013891 
0.098594 0.157253 -3.534103 -0.364967 0.173505 0.009587 
0.158929 0.153836 -3.704578 -0.371067 0.184367 0.004366 
0.215123 0.165569 -3.977075 -0.378021 0.194515 0.000051 
0.250116 0.187066 -4.124381 -0.385727 0.203360 -0.004984 
0.274342 0.209556 -4.099782 -0.393599 0.208912 -0.009510 
0.283001 0.262815 -3.990268 -0.401586 0.211138 -0.011229 
0.286965 0.304292 -3.900253 -0.410458 0.211202 -0.008644 
0.272823 0.356033 -3.735931 -0.418627 0.208906 -0.003721 
0.251228 0.386375 -3.732147 -0.425491 0.203528 0.003751 
0.229804 0.409734 -3.874120 -0.430788 0.196639 0.011733 
0.200124 0.416073 -4.127116 -0.434115 0.189720 0.018191 
0.164048 0.418227 -4.318397 -0.433943 0.182836 0.021966 
0.136907 0.403804 -4.500038 -0.430188 0.176934 0.023425 
0.119672 0.380594 -4.454427 -0.423288 0.172264 0.021046 
0.103803 0.345910 -4.255531 -0.414388 0.169566 0.016702 
0.087014 0.304350 -3.970026 -0.402810 0.167724 0.012272 
0.060024 0.256191 -3.682744 -0.389677 0.166722 0.009953 
0.056237 0.193805 -3.399703 -0.376631 0.166129 0.009228 
0.049463 0.118263 -3.335646 -0.365917 0.166733 0.012299 
0.087340 0.035939 -3.452264 -0.357466 0.167617 0.016100 
0.135414 -0.030658 -3.629992 -0.350663 0.167385 0.017320 
0.166451 -0.060482 -3.813720 -0.345703 0.167183 0.014396 
0.180352 -0.076963 -4.127308 -0.344350 0.167591 0.009271 
0.174278 -0.075903 -4.262435 -0.346432 0.167727 0.000287 
0.169891 -0.049357 -4.188991 -0.351398 0.166776 -0.008882 
0.148397 -0.015100 -4.009728 -0.358896 0.166320 -0.014171 
0.126180 0.024827 -3.820833 -0.368925 0.166833 -0.013739 
0.141229 0.071957 -3.608059 -0.380490 0.167664 -0.009836 
0.146562 0.099546 -3.596345 -0.392669 0.169258 -0.002358 
0.144400 0.143684 -3.730937 -0.403925 0.171986 0.006155 
0.125094 0.189424 -3.979164 -0.413730 0.176479 0.014424 
0.083278 0.238053 -4.216477 -0.420957 0.182468 0.020611 
0.068255 0.274906 -4.462682 -0.426002 0.188074 0.024826 
0.063686 0.282516 -4.468985 -0.428849 0.193652 0.024911 
0.083355 0.289045 -4.341433 -0.428964 0.198371 0.022396 
0.087233 0.268827 -4.122765 -0.425744 0.201456 0.017772 
0.120045 0.229494 -3.924506 -0.419425 0.202805 0.011165 
0.155898 0.178030 -3.661238 -0.413191 0.201820 0.003135 
0.184516 0.122880 -3.593553 -0.403761 0.198428 -0.005728 
0.201492 0.105145 -3.698372 -0.395832 0.195262 -0.009555 
0.201177 0.083838 -3.904054 -0.385359 0.189942 -0.011231 
0.200006 0.056585 -4.105067 -0.375246 0.181952 -0.010403 
0.188596 0.008686 -4.325597 -0.367693 0.174130 -0.004309 
0.167215 -0.038153 -4.372141 -0.363041 0.167308 0.003038 
0.135466 -0.040239 -4.252354 -0.359536 0.159882 0.009713 
0.108569 -0.037055 -4.022700 -0.357605 0.153168 0.014140 
0.089357 -0.008394 -3.804350 -0.357420 0.148317 0.016214 
0.058383 0.023501 -3.581427 -0.360117 0.145640 0.014453 
0.030953 0.056580 -3.546439 -0.365047 0.145638 0.012214 
0.030168 0.086235 -3.654270 -0.370622 0.147379 0.010590 
0.049647 0.148925 -3.823466 -0.376594 0.151297 0.009337 
0.077457 0.176389 -4.004919 -0.384096 0.157821 0.009661 
0.103110 0.201781 -4.271987 -0.392093 0.166000 0.011936 
0.111538 0.224011 -4.335083 -0.399169 0.175225 0.013072 
0.121427 0.244830 -4.245752 -0.404976 0.183845 0.013254 
0.111918 0.259328 -4.044644 -0.409720 0.192105 0.012659 
0.121296 0.279614 -3.864358 -0.413767 0.199856 0.011829 
0.142934 0.278976 -3.660567 -0.416508 0.205307 0.008978 
0.159170 0.277835 -3.633470 -0.416671 0.207574 0.006296 
0.168817 0.267673 -3.752021 -0.415607 0.207803 0.004349 
0.180815 0.216742 -3.963590 -0.414018 0.206578 0.002743 
0.184664 0.169639 -4.144883 -0.411281 0.202253 0.000646 
0.181469 0.139005 -4.364092 -0.406659 0.195988 0.000341 
0.165596 0.126269 -4.372988 -0.400643 0.188646 0.000214 
0.134491 0.124265 -4.241058 -0.394407 0.180919 0.000428 
0.104105 0.097970 -4.040360 -0.388504 0.173073 0.001662 
0.072141 0.055328 -3.813349 -0.382076 0.165230 0.004084 
0.035118 0.071008 -3.537475 -0.375083 0.158686 0.006869 
0.005974 0.079433 -3.508270 -0.369410 0.153841 0.011694 
-0.002449 0.072564 -3.617014 -0.365274 0.150485 0.015863 
0.002315 0.056082 -3.758058 -0.362967 0.148273 0.017978 
0.004308 0.035321 -3.985948 -0.361492 0.148094 0.018827 
0.000329 0.047433 -4.228535 -0.361559 0.150168 0.018495 
0.016429 0.056401 -4.246095 -0.363740 0.152919 0.014839 
0.049292 0.062714 -4.145509 -0.368348 0.157346 0.010120 
0.066490 0.086399 -3.962582 -0.374135 0.162834 0.005700 
0.073314 0.124624 -3.812695 -0.380466 0.168981 0.002652 
0.082951 0.153121 -3.593974 -0.387350 0.175574 0.000735 
0.108280 0.166265 -3.634161 -0.394480 0.181612 0.001065 
0.130222 0.174652 -3.791544 -0.400672 0.186737 0.003006 
0.152521 0.198411 -3.992901 -0.406433 0.192257 0.005977 
0.170855 0.225334 -4.225022 -0.411368 0.196950 0.008598 
0.181036 0.226293 -4.488043 -0.415040 0.199687 0.010649 
0.185038 0.214544 -4.554109 -0.417851 0.201475 0.010503 
0.171889 0.215890 -4.415013 -0.418822 0.201160 0.008389 
0.170068 0.212784 -4.215984 -0.417728 0.198749 0.005352 
0.156607 0.217135 -4.001610 -0.415304 0.195660 0.003391 
0.141084 0.209396 -3.707510 -0.411199 0.190372 0.000957 
0.131556 0.206474 -3.646279 -0.406080 0.184893 0.001637 
0.118250 0.187858 -3.745490 -0.399617 0.179175 0.004622 
0.109051 0.173961 -3.900021 -0.391990 0.173347 0.008618 
0.092102 0.136115 -4.044322 -0.384216 0.168326 0.012387 
0.099772 0.098282 -4.269243 -0.376907 0.164195 0.016190 
0.078087 0.058856 -4.282869 -0.369959 0.160615 0.016957 
0.066941 0.037160 -4.136161 -0.364016 0.157802 0.015193 
0.048702 0.027559 -3.922639 -0.359926 0.156175 0.012326 
0.047329 0.017399 -3.733914 -0.358401 0.155577 0.008929 
0.054690 0.021373 -3.489348 -0.359186 0.155580 0.005076 
0.064943 0.024101 -3.470093 -0.362057 0.156837 0.003406 
0.077351 0.052037 -3.615049 -0.366670 0.159070 0.003660 
0.082766 0.075130 -3.850927 -0.372924 0.162509 0.004810 
0.093866 0.094616 -4.065353 -0.380489 0.166858 0.006308 
0.106187 0.119114 -4.343144 -0.387853 0.172072 0.008598 
0.095606 0.147904 -4.384606 -0.395053 0.177510 0.009587 
0.096924 0.175743 -4.282279 -0.401618 0.183225 0.009399 
0.108691 0.197396 -4.098082 -0.407420 0.188374 0.008414 
0.122664 0.209926 -3.915614 -0.412160 0.192645 0.007417 
0.122770 0.222389 -3.682875 -0.415463 0.195956 0.005703 
0.131096 0.239436 -3.660369 -0.416949 0.198003 0.005728 
0.140133 0.242500 -3.803478 -0.417236 0.198153 0.006360 
0.149572 0.229026 -4.010843 -0.416027 0.197157 0.007350 
0.143347 0.208197 -4.200118 -0.412951 0.194929 0.008017 
0.145818 0.191611 -4.433904 -0.408389 0.191600 0.009280 
0.140111 0.155220 -4.441386 -0.402536 0.187044 0.008472 
0.123052 0.134374 -4.285018 -0.395785 0.181880 0.006517 
0.111062 0.102416 -4.068668 -0.388630 0.176383 0.004606 
0.091989 0.075489 -3.833189 -0.381444 0.170744 0.003144 
0.075407 0.064412 -3.567832 -0.374630 0.165377 0.002145 
0.061307 0.051819 -3.507837 -0.369743 0.161361 0.003343 
0.056788 0.035521 -3.645892 -0.365186 0.157116 0.006844 
0.049548 0.027775 -3.809431 -0.363305 0.154901 0.010130 
0.048181 0.016497 -4.000972 -0.362890 0.153505 0.013402 
0.047103 0.019039 -4.249708 -0.363985 0.153839 0.016206 
0.043507 0.037695 -4.316492 -0.366425 0.155407 0.016176 
0.038968 0.046939 -4.211281 -0.370873 0.158284 0.013624 
0.044575 0.072857 -4.010632 -0.375846 0.162229 0.009761 
0.053291 0.104827 -3.839934 -0.381416 0.166731 0.006093 
0.064695 0.133716 -3.607830 -0.387493 0.172065 0.002473 
0.079305 0.161599 -3.585060 -0.393885 0.177601 0.001572 
0.107780 0.182226 -3.720940 -0.399829 0.182777 0.002888 
0.135595 0.203248 -3.942740 -0.405282 0.187878 0.005733 
0.143460 0.211208 -4.156863 -0.409553 0.192158 0.008786 
0.154414 0.218683 -4.424472 -0.412858 0.195470 0.012325 
0.150413 0.227420 -4.484743 -0.414887 0.197517 0.013357 
0.152427 0.225417 -4.358984 -0.415550 0.198055 0.012181 
0.138149 0.225499 -4.150569 -0.414443 0.197070 0.009351 
0.130726 0.214075 -3.953631 -0.411805 0.194697 0.006071 
0.123641 0.211906 -3.686006 -0.407657 0.191074 0.001988 
0.127058 0.196866 -3.617865 -0.402456 0.186353 -0.000129 
0.129095 0.174517 -3.709702 -0.396495 0.181380 0.000286 
0.116672 0.153908 -3.876706 -0.390365 0.176045 0.002248 
0.104285 0.132900 -4.037514 -0.383915 0.170902 0.005495 
0.095793 0.100604 -4.251473 -0.378184 0.166502 0.010088 
0.068382 0.087684 -4.268388 -0.373142 0.162690 0.013468 
0.050954 0.077019 -4.127316 -0.369051 0.159355 0.015169 
0.038340 0.062870 -3.919015 -0.366434 0.156832 0.015330 
0.025163 0.072408 -3.725510 -0.365259 0.155658 0.014316 
0.024581 0.081373 -3.493544 -0.365691 0.155532 0.011202 
0.023396 0.081259 -3.463743 -0.367625 0.156484 0.008780 
0.044321 0.092232 -3.605481 -0.371067 0.158647 0.006974 
0.062531 0.094684 -3.829086 -0.375371 0.161889 0.005954 
0.093207 0.104686 -4.042064 -0.380580 0.166384 0.005266 
0.113021 0.121227 -4.309626 -0.386229 0.171445 0.006358 
0.118338 0.136052 -4.361426 -0.391911 0.177150 0.006341 
0.129907 0.156851 -4.261233 -0.397393 0.182505 0.006242 
0.139533 0.179171 -4.070784 -0.402388 0.187576 0.006217 
0.138298 0.200503 -3.912439 -0.406591 0.191869 0.006375 
0.146401 0.226574 -3.693270 -0.409792 0.194943 0.005943 
0.149678 0.231757 -3.681326 -0.412006 0.196830 0.006610 
0.153804 0.228777 -3.814062 -0.412822 0.197488 0.007465 
0.172522 0.218847 -3.978562 -0.412229 0.196612 0.007964 
0.177490 0.201322 -4.153393 -0.410409 0.194493 0.007804 
0.177561 0.179319 -4.401863 -0.407495 0.191367 0.008003 
0.156540 0.161207 -4.436848 -0.403129 0.187500 0.007087 
0.146015 0.146544 -4.279294 -0.397938 0.182866 0.005689 
0.119446 0.117566 -4.062742 -0.392539 0.177758 0.004875 
0.099678 0.109487 -3.860394 -0.386505 0.172712 0.005226 
0.080680 0.084855 -3.596402 -0.380912 0.167644 0.005522 
0.066335 0.073577 -3.539162 -0.375854 0.163346 0.007684 
0.055477 0.058724 -3.654563 -0.371454 0.159811 0.010341 
0.050042 0.030562 -3.858339 -0.368427 0.157388 0.012711 
0.049178 0.022448 -4.036130 -0.366385 0.156177 0.013504 
0.054442 0.009094 -4.281590 -0.365820 0.156170 0.013924 
0.057973 0.004292 -4.324517 -0.366976 0.157195 0.011639 
0.059646 0.015542 -4.200084 -0.369317 0.159550 0.008113 
0.067258 0.032006 -4.012401 -0.373068 0.162716 0.004548 
0.073527 0.057861 -3.826344 -0.377879 0.166757 0.002277 
0.075851 0.094169 -3.609832 -0.383264 0.171399 0.000361 
0.088839 0.126485 -3.602903 -0.389141 0.175903 0.001382 
0.103129 0.157539 -3.753880 -0.394857 0.180711 0.004514 
0.122681 0.177034 -3.967098 -0.400166 0.185200 0.007907 
0.138491 0.190010 -4.159924 -0.404719 0.189232 0.010772 
0.149391 0.198774 -4.414314 -0.408337 0.192158 0.013367 
0.153366 0.211145 -4.449694 -0.410819 0.194239 0.012927 
0.148304 0.212926 -4.319485 -0.411782 0.194824 0.010259 
0.151667 0.211438 -4.117974 -0.411641 0.194096 0.006791 
0.149757 0.214580 -3.920179 -0.410183 0.192263 0.003957 
0.135479 0.217766 -3.673248 -0.407608 0.189460 0.001054 
0.132639 0.215951 -3.618008 -0.403925 0.185748 0.000980 
0.127699 0.199024 -3.731378 -0.399537 0.181595 0.002894 
0.120427 0.191294 -3.921141 -0.394115 0.177286 0.006235 
0.112259 0.165414 -4.090853 -0.388502 0.173355 0.009471 
0.105891 0.146300 -4.301151 -0.383160 0.169802 0.012889 
0.090963 0.122508 -4.313071 -0.377867 0.166467 0.014115 
0.071699 0.108431 -4.155805 -0.373483 0.163902 0.013242 
0.056137 0.092539 -3.923371 -0.370239 0.161775 0.011480 
0.054072 0.094454 -3.707610 -0.368469 0.160324 0.009295 
0.043245 0.093906 -3.457127 -0.368332 0.159499 0.006514 
0.040261 0.097135 -3.443470 -0.369598 0.159708 0.006008 
0.042781 0.114151 -3.562416 -0.371882 0.160572 0.006474 
0.051586 0.118127 -3.773093 -0.375536 0.162546 0.007937 
0.065095 0.135112 -3.992776 -0.380061 0.165449 0.009507 
0.081049 0.149057 -4.264260 -0.384925 0.169106 0.011671 
0.080914 0.153708 -4.348265 -0.389714 0.173129 0.011842 
0.094893 0.165094 -4.245903 -0.394457 0.177601 0.010453 
0.099214 0.181812 -4.081400 -0.398690 0.181847 0.008257 
0.093159 0.196289 -3.898469 -0.402141 0.185686 0.006284 
0.105702 0.209406 -3.673901 -0.405111 0.188718 0.003595 
0.115926 0.217222 -3.638753 -0.407304 0.190935 0.003100 
0.114530 0.216850 -3.781392 -0.408426 0.192017 0.004055 
0.124283 0.204228 -3.987835 -0.408980 0.191878 0.005813 
0.120835 0.190853 -4.165937 -0.408101 0.190970 0.007476 
0.119771 0.168924 -4.418231 -0.406151 0.189002 0.009710 
0.105364 0.154949 -4.454317 -0.403039 0.186239 0.009981 
0.093060 0.139535 -4.305410 -0.398980 0.182860 0.008685 
0.069723 0.122693 -4.085798 -0.394138 0.178878 0.007016 
0.051947 0.102219 -3.857427 -0.388836 0.174761 0.005561 
0.048616 0.090377 -3.598546 -0.383466 0.170542 0.004029 
0.034689 0.068868 -3.546944 -0.378802 0.166616 0.004682 
0.039968 0.052956 -3.660776 -0.374883 0.163252 0.007023 
0.041648 0.039020 -3.855354 -0.371752 0.160403 0.009732 
0.042403 0.024243 -4.057197 -0.370075 0.158802 0.012227 
0.041831 0.017219 -4.317764 -0.369628 0.158366 0.014680 
0.045288 0.015445 -4.355803 -0.370601 0.158726 0.014336 
0.037169 0.026438 -4.225246 -0.372305 0.160197 0.011995 
0.048270 0.033826 -4.039588 -0.375314 0.162476 0.008744 
0.063009 0.054244 -3.863479 -0.378871 0.165692 0.005596 
0.073378 0.085108 -3.624891 -0.383005 0.169506 0.002185 
0.094232 0.100882 -3.604889 -0.387548 0.173849 0.001154 
0.114154 0.118372 -3.722177 -0.391590 0.177744 0.001935 
0.133984 0.135401 -3.964130 -0.396915 0.182806 0.004653 
0.141446 0.152474 -4.156947 -0.401123 0.186898 0.007300 
0.152425 0.159191 -4.413624 -0.404434 0.190399 0.010524 
0.151305 0.174929 -4.453247 -0.407056 0.192808 0.011796 
0.150724 0.190897 -4.316528 -0.408560 0.194134 0.010855 
0.150764 0.200823 -4.098010 -0.408984 0.193817 0.009018 
0.152185 0.210213 -3.900659 -0.408123 0.192537 0.006726 
0.139651 0.212197 -3.652108 -0.406038 0.190007 0.003505 
0.145834 0.204353 -3.633485 -0.403034 0.186613 0.002331 
0.138267 0.195918 -3.720441 -0.399876 0.183429 0.002672 
0.136871 0.177131 -3.915728 -0.394690 0.178593 0.004404 
0.137326 0.164343 -4.092052 -0.389622 0.174414 0.006685 
0.127974 0.148457 -4.288694 -0.385546 0.171070 0.009597 
0.116480 0.124403 -4.311899 -0.381056 0.167809 0.011789 
0.099733 0.111935 -4.177089 -0.377300 0.164849 0.012198 
0.078595 0.100793 -3.969083 -0.374185 0.162674 0.012135 
0.069911 0.106721 -3.767362 -0.372229 0.161372 0.011331 
0.064315 0.109479 -3.519445 -0.371261 0.160802 0.008962 
0.066386 0.124701 -3.464881 -0.371799 0.161165 0.007839 
0.080527 0.131429 -3.603220 -0.373345 0.162424 0.007411 
0.091920 0.130788 -3.791937 -0.375907 0.164469 0.007479 
0.100690 0.138871 -3.989322 -0.379374 0.167493 0.007546 
0.112482 0.135890 -4.259510 -0.383395 0.171171 0.008619 
0.111140 0.158105 -4.323375 -0.387740 0.175016 0.008596 
0.109984 0.163054 -4.202839 -0.392378 0.179113 0.007974 
0.107755 0.178426 -4.031728 -0.396784 0.182737 0.007294 
0.102650 0.196805 -3.872567 -0.400526 0.185620 0.006925 
0.102445 0.212364 -3.652371 -0.403806 0.188173 0.006175 
0.105860 0.219662 -3.638977 -0.406326 0.189486 0.006534 
0.105232 0.221871 -3.770609 -0.407912 0.189891 0.007514 
0.106510 0.207032 -3.974970 -0.408486 0.189235 0.008529 
0.109311 0.197605 -4.149215 -0.407576 0.188281 0.008695 
0.113342 0.172310 -4.397267 -0.405487 0.185986 0.009218 
0.113134 0.147644 -4.430332 -0.402442 0.183689 0.008302 
0.094489 0.143553 -4.280418 -0.398469 0.180645 0.006688 
0.073392 0.123862 -4.051076 -0.393968 0.177411 0.005344 
0.058544 0.108972 -3.845622 -0.388945 0.174046 0.005048 
0.037471 0.099153 -3.589312 -0.384215 0.170527 0.004910 
0.041756 0.082259 -3.560440 -0.379989 0.167532 0.006721 
0.027602 0.067429 -3.663938 -0.376397 0.165069 0.009174 
0.023739 0.046982 -3.857703 -0.373636 0.162828 0.011772 
0.023019 0.031334 -4.047479 -0.371646 0.161425 0.013305 
0.034646 0.015776 -4.304662 -0.370931 0.160897 0.014253 
0.042609 0.019154 -4.340463 -0.371383 0.160939 0.012729 
0.046591 0.014770 -4.228601 -0.372866 0.161937 0.009617 
0.047977 0.028880 -4.033011 -0.375351 0.163617 0.006162 
0.055279 0.048441 -3.857871 -0.379079 0.166025 0.003560 
0.050047 0.073988 -3.633371 -0.382936 0.169187 0.001534 
0.063898 0.099047 -3.607317 -0.387577 0.172342 0.002243 
0.079723 0.121536 -3.768439 -0.392226 0.176085 0.004715 
0.094703 0.143722 -3.973364 -0.396393 0.179939 0.008106 
0.107399 0.150517 -4.166585 -0.400348 0.183416 0.010752 
0.116792 0.149783 -4.421199 -0.403552 0.186636 0.013119 
0.120831 0.160372 -4.446791 -0.405887 0.189193 0.012678 
0.124968 0.171551 -4.317372 -0.406940 0.190579 0.010327 
0.131093 0.174063 -4.116076 -0.407091 0.190980 0.007066 
0.125471 0.176829 -3.916776 -0.406282 0.190319 0.004016 
0.121462 0.179512 -3.648443 -0.404189 0.188683 0.000910 
0.131021 0.177022 -3.601062 -0.401630 0.186126 0.000617 
0.138790 0.176209 -3.722700 -0.398246 0.183133 0.002426 
0.136162 0.173391 -3.909609 -0.393914 0.179651 0.005349 
0.133728 0.161520 -4.086640 -0.389646 0.176353 0.008383 
0.116358 0.133017 -4.315726 -0.385340 0.173066 0.011902 
0.112685 0.120626 -4.325062 -0.381085 0.169941 0.012825 
0.110816 0.106294 -4.177456 -0.377496 0.167351 0.012277 
0.104108 0.103297 -3.964549 -0.374637 0.165073 0.010510 
0.094737 0.110046 -3.759168 -0.372837 0.163487 0.008428 
0.097257 0.118784 -3.519996 -0.372304 0.162384 0.005852 
0.100910 0.127743 -3.495678 -0.373526 0.162164 0.005147 
0.100724 0.129592 -3.605980 -0.375276 0.162658 0.005825 
0.107415 0.142732 -3.828459 -0.378223 0.164463 0.007487 
0.125184 0.156927 -4.019673 -0.381962 0.167046 0.009286 
0.123019 0.163946 -4.282790 -0.385921 0.170445 0.011552 
0.120729 0.169528 -4.348467 -0.390062 0.174291 0.012053 
0.117269 0.182815 -4.227963 -0.394000 0.178408 0.010995 
0.118931 0.192728 -4.054601 -0.397639 0.182287 0.008906 
0.118157 0.205287 -3.871860 -0.400779 0.185514 0.006826 
0.128042 0.211599 -3.638434 -0.403155 0.188180 0.004245 
0.128939 0.217287 -3.602585 -0.405047 0.189887 0.003322 
0.133064 0.214306 -3.735321 -0.405863 0.190545 0.004177 
0.134228 0.206473 -3.951847 -0.406066 0.190279 0.005711 
0.123387 0.190594 -4.139400 -0.405369 0.188944 0.007265 
0.129436 0.172884 -4.391193 -0.403385 0.186928 0.009287 
0.117251 0.166202 -4.427122 -0.400702 0.184439 0.009779 
0.099555 0.146127 -4.288028 -0.397161 0.181192 0.008694 
0.079508 0.136557 -4.067716 -0.393070 0.177477 0.007251 
0.059020 0.127347 -3.868733 -0.388814 0.173673 0.006110 
0.051605 0.110131 -3.609030 -0.384288 0.169766 0.004800 
0.034164 0.098457 -3.566334 -0.380361 0.166538 0.005453 
0.035014 0.084372 -3.678595 -0.377075 0.163779 0.007585 
0.033110 0.062791 -3.871579 -0.374805 0.161810 0.010187 
0.027677 0.051309 -4.061394 -0.373430 0.160441 0.012160 
0.020018 0.039307 -4.311531 -0.373023 0.160243 0.014511 
0.022648 0.036864 -4.340019 -0.373681 0.160799 0.014168 
0.020976 0.042983 -4.230811 -0.375093 0.162417 0.012015 
0.022594 0.047016 -4.026487 -0.377488 0.164569 0.008986 
0.034697 0.069749 -3.852236 -0.380388 0.167232 0.006155 
0.041704 0.085739 -3.625495 -0.383823 0.170589 0.002937 
0.058788 0.105632 -3.617682 -0.387535 0.173912 0.002219 
0.076462 0.116588 -3.746059 -0.391140 0.177344 0.003093 
0.088332 0.131969 -3.958718 -0.394874 0.180738 0.005294 
0.106093 0.136779 -4.151291 -0.398519 0.183605 0.007513 
0.107069 0.142548 -4.408345 -0.401359 0.186315 0.010632 
0.110074 0.149053 -4.447771 -0.403561 0.187831 0.011582 
0.116030 0.153902 -4.331168 -0.405138 0.188727 0.010624 
0.108977 0.158721 -4.132565 -0.405601 0.188650 0.008659 
0.104642 0.171540 -3.924864 -0.405042 0.187602 0.006487 
0.095028 0.179503 -3.656808 -0.403397 0.185721 0.003821 
0.111718 0.180343 -3.628340 -0.400809 0.183308 0.002975 
0.119450 0.170674 -3.727185 -0.397650 0.180402 0.003944 
0.125312 0.168955 -3.900507 -0.393628 0.177621 0.005696 
0.122899 0.146319 -4.075304 -0.389437 0.174890 0.007864 
0.114995 0.135018 -4.313142 -0.385326 0.172501 0.010946 
0.105994 0.116184 -4.322504 -0.381442 0.169984 0.012080 
0.099711 0.103416 -4.185401 -0.378327 0.168096 0.011952 
0.087890 0.094042 -3.973359 -0.375838 0.166426 0.010717 
0.079843 0.099814 -3.769417 -0.374204 0.165117 0.009276 
0.083905 0.107017 -3.539862 -0.374002 0.164386 0.006692 
0.093427 0.119126 -3.515891 -0.374717 0.164414 0.005762 
0.101023 0.123885 -3.654960 -0.376601 0.165144 0.005880 
0.112830 0.133522 -3.854928 -0.379250 0.166716 0.006485 
0.126636 0.141002 -4.055257 -0.382235 0.168846 0.007410 
0.136841 0.141202 -4.307346 -0.385913 0.171771 0.009147 
0.139469 0.152957 -4.353049 -0.389527 0.175105 0.009451 
0.134858 0.168936 -4.223463 -0.393285 0.178562 0.008728 
0.135364 0.182164 -4.033679 -0.396579 0.181686 0.007944 
0.128147 0.199826 -3.864673 -0.399686 0.184774 0.007250 
0.138401 0.218063 -3.634014 -0.402137 0.186584 0.005862 
0.132399 0.229479 -3.621154 -0.403991 0.187965 0.005998 
0.144417 0.223026 -3.763154 -0.405148 0.188376 0.006744 
0.145149 0.215058 -3.978003 -0.405352 0.188111 0.007636 
0.148561 0.196977 -4.131973 -0.404665 0.187242 0.007925 
0.155793 0.185201 -4.380558 -0.402961 0.185791 0.008878 
0.143027 0.176535 -4.404183 -0.400133 0.183780 0.008406 
0.134051 0.157362 -4.264416 -0.396743 0.181332 0.007101 
0.116263 0.144055 -4.053788 -0.392998 0.178556 0.005642 
0.097813 0.131663 -3.856312 -0.388924 0.175599 0.005135 
0.072049 0.115243 -3.597807 -0.384887 0.172682 0.004572 
0.064373 0.115216 -3.556130 -0.381354 0.169679 0.005875 
0.059395 0.096959 -3.669188 -0.378422 0.166958 0.008546 
0.043973 0.084265 -3.871455 -0.376418 0.164898 0.011043 
0.037868 0.073339 -4.069686 -0.375040 0.163343 0.012367 
0.043191 0.055121 -4.317506 -0.374668 0.162475 0.013868 
0.037346 0.050461 -4.343912 -0.375347 0.162514 0.012781 
0.040915 0.055686 -4.233750 -0.376601 0.163234 0.010207 
0.048078 0.066230 -4.030240 -0.378625 0.164776 0.007289 
0.037477 0.078932 -3.847570 -0.381447 0.166926 0.005110 
0.035343 0.094245 -3.624562 -0.384409 0.169489 0.003070 
0.044659 0.110964 -3.600056 -0.387826 0.172674 0.003542 
0.062955 0.122880 -3.741882 -0.391423 0.175916 0.005694 
0.073948 0.139110 -3.966854 -0.394829 0.179128 0.008525 
0.089814 0.143272 -4.150420 -0.397837 0.182199 0.010739 
0.088571 0.141124 -4.414970 -0.400413 0.184729 0.012667 
0.096319 0.142081 -4.450764 -0.402170 0.186493 0.011893 
0.099518 0.146012 -4.321798 -0.403113 0.187596 0.009647 
0.105584 0.150435 -4.099944 -0.403412 0.187518 0.006412 
0.099936 0.153960 -3.911576 -0.402597 0.186668 0.003677 
0.091819 0.152027 -3.653352 -0.401342 0.185155 0.001107 
0.088550 0.156980 -3.626253 -0.399059 0.182885 0.001017 
0.091623 0.150190 -3.738356 -0.396203 0.180399 0.003369 
0.093829 0.153110 -3.934182 -0.392952 0.177555 0.006510 
0.088250 0.143113 -4.109938 -0.389638 0.174853 0.009661 
0.089063 0.119754 -4.337603 -0.386090 0.172300 0.013078 
0.074918 0.104951 -4.345326 -0.382823 0.169819 0.014010 
0.069319 0.100387 -4.205787 -0.379971 0.167927 0.013141 
0.064402 0.104549 -3.991046 -0.377544 0.165925 0.010953 
0.063617 0.096502 -3.784279 -0.376165 0.164845 0.008545 
0.074166 0.107586 -3.533435 -0.375773 0.164161 0.005440 
0.081705 0.111709 -3.499529 -0.376063 0.164103 0.004296 
0.088665 0.116625 -3.640819 -0.377625 0.164840 0.005051 
0.099634 0.126087 -3.854243 -0.379792 0.166517 0.006601 
0.105979 0.137174 -4.046987 -0.382435 0.168894 0.008277 
0.122042 0.141018 -4.322429 -0.385440 0.171976 0.010733 
0.130472 0.148450 -4.349280 -0.388599 0.175362 0.011258 
0.131617 0.160999 -4.230044 -0.392055 0.178587 0.010416 
0.130408 0.174047 -4.038287 -0.395032 0.181722 0.008664 
0.142459 0.189042 -3.856912 -0.397825 0.184288 0.006908 
0.144738 0.202790 -3.623400 -0.400313 0.186150 0.004448 
0.152698 0.214215 -3.608914 -0.402159 0.187431 0.003942 
0.165179 0.216522 -3.740301 -0.403414 0.187745 0.004596 
0.167458 0.217027 -3.956069 -0.403880 0.187474 0.006031 
0.165930 0.203541 -4.132246 -0.403644 0.186550 0.007383 
0.160438 0.183440 -4.382968 -0.402327 0.185186 0.009408 
0.157807 0.178459 -4.397429 -0.400111 0.183296 0.009704 
0.129548 0.162218 -4.257955 -0.397193 0.181272 0.008831 
0.120156 0.153175 -4.047122 -0.393735 0.178439 0.007487 
0.102431 0.147965 -3.848354 -0.389772 0.175765 0.006553 
0.085066 0.135185 -3.596982 -0.386185 0.172885 0.005134 
0.084499 0.129369 -3.563501 -0.382690 0.170212 0.005673 
0.081363 0.116753 -3.652861 -0.380201 0.168144 0.007294 
0.071722 0.099870 -3.854546 -0.377902 0.166041 0.009356 
0.073138 0.084178 -4.043236 -0.376553 0.164621 0.010900 
0.071436 0.069079 -4.292486 -0.376004 0.164092 0.012823 
0.064513 0.064935 -4.342442 -0.376195 0.164049 0.012675 
0.060534 0.066431 -4.223766 -0.377319 0.164725 0.010642 
0.058841 0.073959 -4.022376 -0.378887 0.166043 0.008253 
0.060496 0.086848 -3.840845 -0.381058 0.168108 0.006063 
0.056387 0.103559 -3.606541 -0.383690 0.170301 0.003390 
0.062374 0.114030 -3.581592 -0.386510 0.172933 0.003321 
0.078455 0.128037 -3.722216 -0.389772 0.175617 0.004833 
0.094490 0.133162 -3.935823 -0.392932 0.178404 0.007027 
0.102547 0.134422 -4.139237 -0.395964 0.181148 0.009120 
0.101307 0.142281 -4.395090 -0.398469 0.183300 0.011599 
0.095486 0.144387 -4.433044 -0.400385 0.184874 0.011793 
0.107271 0.153409 -4.315643 -0.401608 0.185731 0.010297 
0.093983 0.153162 -4.105228 -0.402433 0.185884 0.007914 
0.083863 0.160161 -3.906806 -0.402240 0.185257 0.005625 
0.083354 0.170055 -3.668958 -0.400896 0.183890 0.003039 
0.082440 0.165153 -3.619963 -0.399325 0.181977 0.002756 
0.085759 0.157048 -3.729312 -0.396640 0.179774 0.004144 
0.096141 0.154157 -3.932791 -0.393747 0.177251 0.006527 
0.089932 0.133815 -4.096457 -0.390346 0.175024 0.008820 
0.085056 0.121357 -4.332971 -0.387046 0.172897 0.011911 
0.071338 0.096682 -4.351070 -0.383849 0.170793 0.012934 
0.064887 0.092208 -4.212913 -0.380675 0.168909 0.012381 
0.061078 0.095324 -3.998772 -0.378415 0.167187 0.010513 
0.060531 0.096464 -3.803561 -0.376971 0.165919 0.008635 
0.063920 0.094970 -3.553433 -0.376671 0.165282 0.005848 
0.071481 0.108212 -3.530244 -0.376896 0.165038 0.004915 
0.083571 0.109361 -3.661097 -0.378000 0.165640 0.005241 
0.099846 0.116147 -3.863779 -0.379862 0.166895 0.006371 
0.104843 0.128971 -4.066015 -0.382331 0.168804 0.007720 
0.118913 0.135102 -4.310749 -0.385001 0.171324 0.009884 
0.118883 0.140051 -4.347594 -0.388021 0.174291 0.010295 
0.125348 0.149660 -4.229691 -0.391013 0.177192 0.009661 
0.124746 0.163934 -4.039306 -0.394140 0.180037 0.008558 
0.129688 0.184718 -3.849736 -0.396896 0.182274 0.007565 
0.125722 0.193894 -3.627418 -0.399581 0.184275 0.005632 
0.126329 0.201792 -3.623526 -0.401455 0.185417 0.005332 
0.138400 0.203828 -3.734965 -0.402553 0.185827 0.006000 
0.148708 0.206681 -3.939062 -0.403159 0.185976 0.006906 
0.154552 0.195833 -4.124060 -0.402900 0.185384 0.007711 
0.164899 0.190238 -4.372249 -0.401795 0.184487 0.008884 
0.148523 0.174685 -4.405211 -0.399821 0.183168 0.008621 
0.135985 0.156986 -4.274567 -0.397226 0.181415 0.007420 
0.128230 0.153875 -4.043933 -0.393887 0.179240 0.006303 
0.119568 0.142364 -3.845242 -0.390285 0.177074 0.005581 
0.104225 0.136547 -3.604949 -0.386970 0.174567 0.004690 
0.090556 0.130761 -3.541367 -0.383804 0.171982 0.005582 
0.086952 0.119264 -3.662988 -0.381146 0.169637 0.007819 
0.086383 0.105466 -3.863391 -0.379301 0.167757 0.009673 
0.088867 0.089752 -4.051538 -0.378274 0.166329 0.011222 
0.086522 0.084458 -4.289574 -0.377656 0.165424 0.012734 
0.079632 0.088939 -4.327240 -0.377948 0.165286 0.011852 
0.074322 0.082028 -4.208483 -0.378811 0.165967 0.009597 
0.072388 0.090248 -4.017186 -0.380373 0.167098 0.007201 
0.072475 0.105430 -3.836969 -0.382207 0.168602 0.005335 
0.068362 0.122764 -3.595328 -0.384674 0.170701 0.003632 
0.074539 0.134061 -3.582149 -0.387487 0.173144 0.004198 
0.075503 0.140744 -3.724014 -0.390648 0.175644 0.006136 
0.090863 0.147049 -3.938697 -0.393639 0.178151 0.008652 
0.090747 0.153497 -4.141797 -0.396478 0.180668 0.010533 
0.102353 0.153025 -4.396781 -0.398713 0.182725 0.012470 
0.102098 0.150876 -4.433314 -0.400335 0.184258 0.011909 
0.105209 0.147470 -4.303420 -0.401491 0.185070 0.009453 
0.097574 0.150305 -4.092513 -0.401809 0.185472 0.006525 
0.086123 0.148898 -3.894010 -0.401354 0.184850 0.004014 
0.078743 0.153883 -3.646570 -0.400050 0.183720 0.001647 
0.085190 0.152114 -3.629403 -0.398290 0.182049 0.001760 
0.082943 0.148264 -3.740173 -0.395899 0.179888 0.003905 
0.086911 0.139839 -3.924806 -0.393050 0.177788 0.006834 
0.075594 0.132384 -4.109625 -0.390043 0.175510 0.009764 
0.070670 0.111566 -4.346354 -0.386801 0.173381 0.012960 
0.072460 0.095372 -4.363746 -0.383857 0.171171 0.013884 
0.059911 0.087945 -4.212328 -0.381351 0.168942 0.012604 
0.048558 0.086709 -3.997011 -0.379126 0.167269 0.010307 
0.055975 0.091978 -3.799916 -0.377970 0.165946 0.007901 
0.058520 0.099957 -3.549812 -0.377443 0.165031 0.005011 
0.057591 0.092214 -3.527258 -0.377499 0.164838 0.004172 
0.063296 0.106333 -3.648623 -0.378677 0.165394 0.004836 
0.071366 0.109681 -3.863282 -0.380245 0.166517 0.006488 
0.083032 0.117828 -4.057359 -0.382422 0.168570 0.008372 
0.096660 0.124318 -4.323423 -0.384928 0.171001 0.010837 
0.095360 0.128958 -4.372047 -0.387468 0.174076 0.011552 
0.100254 0.130852 -4.264156 -0.390193 0.176794 0.010690 
0.105481 0.149298 -4.072975 -0.392966 0.179600 0.009047 
0.109265 0.152759 -3.891716 -0.395684 0.181932 0.007288 
0.110289 0.175711 -3.638278 -0.397788 0.183613 0.004738 
0.118449 0.187467 -3.612555 -0.399793 0.184795 0.003924 
0.130755 0.188683 -3.744248 -0.400896 0.185397 0.004572 
0.140803 0.193115 -3.939023 -0.401491 0.185165 0.005812 
0.147514 0.181913 -4.134714 -0.401394 0.184665 0.006931 
0.158925 0.176919 -4.375023 -0.400444 0.183666 0.009080 
0.151247 0.173035 -4.409547 -0.398544 0.182579 0.009462 
0.132277 0.159946 -4.269629 -0.396081 0.180777 0.008702 
0.125871 0.164354 -4.058490 -0.393010 0.178789 0.007467 
0.118889 0.153423 -3.867967 -0.390045 0.176419 0.006428 
0.104035 0.155607 -3.606130 -0.386835 0.174005 0.005130 
0.106737 0.147942 -3.561232 -0.384155 0.171782 0.005686 
0.104662 0.135176 -3.680394 -0.381987 0.169711 0.007286 
0.104985 0.120265 -3.880559 -0.380311 0.168111 0.009139 
0.100692 0.116363 -4.058685 -0.379205 0.166925 0.010698 
0.107412 0.104768 -4.296797 -0.378948 0.166528 0.012420 
0.093448 0.104008 -4.336108 -0.379121 0.166725 0.012066 
0.089059 0.105233 -4.197483 -0.380088 0.167497 0.010046 
0.086250 0.104422 -3.996852 -0.381393 0.168820 0.007756 
0.086338 0.119604 -3.816635 -0.383226 0.170325 0.005889 
0.081351 0.137163 -3.594646 -0.385531 0.172337 0.003846 
0.085770 0.149926 -3.571011 -0.388013 0.174408 0.004100 
0.091623 0.153534 -3.712532 -0.390711 0.176586 0.005605 
0.105828 0.152523 -3.926830 -0.393593 0.178810 0.007905 
0.117494 0.160670 -4.120907 -0.395771 0.180863 0.009789 
0.113528 0.153499 -4.386386 -0.397900 0.182550 0.011825 
0.112602 0.152658 -4.393650 -0.399354 0.183798 0.011611 
0.115253 0.150499 -4.265671 -0.400340 0.184329 0.009798 
0.099636 0.159349 -4.066220 -0.400459 0.184314 0.007294 
0.095096 0.161828 -3.878453 -0.399811 0.183743 0.004879 
0.087716 0.166813 -3.631013 -0.398507 0.182613 0.002513 
0.088191 0.168406 -3.602657 -0.397049 0.181174 0.002424 
0.087009 0.154526 -3.721581 -0.395049 0.179383 0.004023 
0.091412 0.145613 -3.915230 -0.392364 0.177376 0.006624 
0.081188 0.137377 -4.088575 -0.389684 0.175279 0.009244 
0.077983 0.116116 -4.334616 -0.386926 0.173233 0.012439 
0.074640 0.093682 -4.371142 -0.384511 0.171536 0.013239 
0.063433 0.084390 -4.240578 -0.382177 0.169778 0.012259 
0.046950 0.086920 -4.035698 -0.380411 0.168240 0.010390 
0.047496 0.087280 -3.829012 -0.379293 0.167153 0.008203 
0.050692 0.094837 -3.588762 -0.378929 0.166331 0.005305 
0.050227 0.095854 -3.555595 -0.379085 0.166041 0.004374 
0.062292 0.097762 -3.697380 -0.380182 0.166454 0.005016 
0.077063 0.105058 -3.891590 -0.381560 0.167624 0.006468 
0.080269 0.110723 -4.095660 -0.383598 0.169258 0.008239 
0.085266 0.113770 -4.341676 -0.385812 0.171555 0.010611 
0.089899 0.116072 -4.400346 -0.388204 0.174110 0.011212 
0.086426 0.122951 -4.273031 -0.390577 0.176697 0.010472 
0.082580 0.138313 -4.083132 -0.392895 0.179279 0.009038 
0.085037 0.143375 -3.893095 -0.395281 0.181239 0.007607 
0.085795 0.167777 -3.660682 -0.397373 0.182543 0.005366 
0.099276 0.176593 -3.636293 -0.398913 0.183401 0.004760 
0.118459 0.182847 -3.747231 -0.399977 0.183762 0.005215 
0.127781 0.170091 -3.951996 -0.400533 0.183625 0.006332 
0.133888 0.167671 -4.137617 -0.400215 0.183036 0.007353 
0.144907 0.161519 -4.377391 -0.399113 0.182325 0.009174 
0.130559 0.153057 -4.391087 -0.397411 0.181376 0.009467 
0.120291 0.151013 -4.260070 -0.395187 0.179900 0.008382 
0.115622 0.144834 -4.048670 -0.392510 0.178469 0.007249 
0.102232 0.137754 -3.837942 -0.389684 0.176238 0.006337 
0.096249 0.142690 -3.586059 -0.386771 0.174146 0.005140 
0.093189 0.138326 -3.561158 -0.384391 0.172160 0.005790 
0.092470 0.133207 -3.669469 -0.382491 0.170271 0.007296 
0.101888 0.130499 -3.879068 -0.381206 0.168709 0.009151 
0.098875 0.116635 -4.066187 -0.380491 0.167893 0.010486 
0.098120 0.118168 -4.313625 -0.380145 0.167363 0.011885 
0.098944 0.108831 -4.331872 -0.380532 0.167545 0.011333 
0.101231 0.114762 -4.183730 -0.381301 0.168175 0.009429 
0.092037 0.126921 -3.973611 -0.382680 0.169453 0.007475 
0.084596 0.137485 -3.804293 -0.384389 0.171106 0.005809 
0.093519 0.147315 -3.573554 -0.386579 0.172921 0.004199 
0.089780 0.165002 -3.561680 -0.388709 0.174864 0.004870 
0.100087 0.166023 -3.693841 -0.390780 0.176626 0.006269 
0.112620 0.173816 -3.898612 -0.393119 0.178770 0.008467 
0.123782 0.174226 -4.102158 -0.395351 0.180632 0.010128 
0.126277 0.171694 -4.357281 -0.397284 0.182179 0.011958 
0.124841 0.162988 -4.404361 -0.398791 0.183241 0.011497 
0.134475 0.172318 -4.275970 -0.399532 0.184014 0.009360 
0.118132 0.163979 -4.086509 -0.399610 0.184094 0.006732 
0.106527 0.170601 -3.899028 -0.398938 0.183575 0.004425 
0.099564 0.175985 -3.641190 -0.397792 0.182344 0.002070 
0.092276 0.173780 -3.603480 -0.396205 0.180862 0.002202 
0.098877 0.163563 -3.713487 -0.394175 0.179209 0.004236 
0.098150 0.158416 -3.917574 -0.391948 0.177337 0.007264 
0.087879 0.141819 -4.091133 -0.389327 0.175236 0.009989 
0.079354 0.123499 -4.335841 -0.387034 0.173515 0.012975 
0.076427 0.101464 -4.361969 -0.384777 0.171718 0.013788 
0.066072 0.092083 -4.230023 -0.382765 0.169952 0.012493 
0.042463 0.090659 -4.013569 -0.381192 0.168364 0.010206 
0.050067 0.086747 -3.836942 -0.380099 0.167230 0.007885 
0.039111 0.093470 -3.586548 -0.379750 0.166696 0.004993 
0.046626 0.098352 -3.563573 -0.380034 0.166449 0.004164 
0.050927 0.096462 -3.696005 -0.381002 0.166819 0.005025 
0.058379 0.099080 -3.932298 -0.382254 0.168141 0.006973 
0.074048 0.105393 -4.095923 -0.383800 0.169587 0.008450 
0.085910 0.103965 -4.352890 -0.385881 0.171931 0.011023 
0.075049 0.107297 -4.380561 -0.388114 0.174304 0.011329 
0.077594 0.119175 -4.264220 -0.390127 0.176661 0.010686 
0.079835 0.124170 -4.073344 -0.392514 0.178622 0.008935 
0.080667 0.146397 -3.873565 -0.394298 0.180504 0.007297 
0.087159 0.158250 -3.640786 -0.396154 0.181762 0.004726 
0.086007 0.167614 -3.626438 -0.397698 0.182534 0.004114 
0.104485 0.165800 -3.758082 -0.398658 0.182804 0.004655 
0.114070 0.161472 -3.963471 -0.399154 0.182669 0.005987 
0.121284 0.158007 -4.149693 -0.399003 0.182359 0.007329 
0.125191 0.147637 -4.389968 -0.397935 0.181697 0.009363 
0.125887 0.138897 -4.413570 -0.396386 0.180738 0.009648 
0.116540 0.144988 -4.262686 -0.394266 0.179353 0.008798 
0.098722 0.139736 -4.050386 -0.392073 0.177726 0.007677 
0.101556 0.138934 -3.839019 -0.389515 0.175958 0.006659 
0.096224 0.143449 -3.596991 -0.386765 0.173958 0.005455 
0.096264 0.145530 -3.559619 -0.385143 0.172427 0.005695 
0.096197 0.139990 -3.677785 -0.383406 0.170630 0.007194 
0.105592 0.128163 -3.876667 -0.382186 0.169253 0.008839 
0.110195 0.126253 -4.053815 -0.381382 0.168579 0.010184 
0.116961 0.123020 -4.291713 -0.381067 0.168184 0.011802 
0.110714 0.117696 -4.340593 -0.381427 0.168422 0.011332 
0.105103 0.126972 -4.213533 -0.381855 0.169304 0.009511 
0.094707 0.123454 -4.003243 -0.383184 0.170297 0.007446 
0.100590 0.134184 -3.834519 -0.384563 0.171857 0.005775 
0.093866 0.153074 -3.583804 -0.386378 0.173592 0.004075 
0.096741 0.167371 -3.550552 -0.388529 0.175292 0.004336 
