Timestamp,X_hat,Y_hat
0.00728363,-0.0586216,0.00298787,0
0.00818559,-0.0586216,0.00298765,0
0.00913533,-0.0586215,0.00298988,0
0.0102179,-0.0586216,0.00298842,0
0.0112535,-0.0586215,0.00299017,0
0.0121275,-0.0586216,0.00298853,0
0.013118,-0.0586215,0.00299021,0
0.0141374,-0.0586216,0.00298855,0
0.0151539,-0.0586215,0.00299022,0
0.0161256,-0.0586215,0.00298855,0
0.0171565,-0.0586215,0.00299022,0
0.0181562,-0.0586216,0.00298855,0
0.0191749,-0.0586214,0.00299021,0
0.0204646,-0.0586215,0.00298855,0
0.0214698,-0.0586214,0.00299021,0
0.0221533,-0.0586215,0.00298854,0
0.0231462,-0.0586214,0.00299021,0
0.0241438,-0.0586215,0.00298854,0
0.0251723,-0.0586216,0.00298791,0
0.0261313,-0.0586216,0.00298766,0
0.0271571,-0.0586214,0.00298987,0
0.028155,-0.0586215,0.00298841,0
0.0291277,-0.0586214,0.00299016,0
0.0301435,-0.0586215,0.00298852,0
0.0312206,-0.0586214,0.0029902,0
0.0325357,-0.0586215,0.00298854,0
0.0338787,-0.0586215,0.0029879,0
0.0341718,-0.0586215,0.00298766,0
0.035155,-0.0586214,0.00298987,0
0.0361369,-0.0586215,0.00298841,0
0.0371489,-0.0586214,0.00299016,0
0.0385899,-0.0586215,0.00298852,0
0.039128,-0.0586214,0.0029902,0
0.0401197,-0.0586215,0.00298853,0
0.0411243,-0.0586214,0.0029902,0
0.0421312,-0.0586215,0.00298853,0
0.0431822,-0.0586214,0.0029902,0
0.0442714,-0.0586215,0.00298853,0
0.0451501,-0.0586214,0.0029902,0
0.0461767,-0.0586215,0.00298853,0
0.0471995,-0.0586214,0.0029902,0
0.0481241,-0.0586215,0.00298853,0
0.0493592,-0.0586214,0.0029902,0
0.0503291,-0.0586214,0.00298853,0
0.0513627,-0.0586213,0.0029902,0
0.0523027,-0.0586214,0.00298853,0
0.053299,-0.0586213,0.0029902,0
0.0541355,-0.0586214,0.00298853,0
0.0552908,-0.0586213,0.00299019,0
0.0562774,-0.0586214,0.00298852,0
0.057089,-0.0586213,0.00299019,0
0.0581342,-0.0586214,0.00298852,0
0.0591635,-0.0586213,0.00299019,0
0.0601211,-0.0586214,0.00298852,0
0.0611216,-0.0586213,0.00299019,0
0.0623793,-0.0586213,0.00299083,0
0.0632261,-0.0586213,0.00299107,0
0.0641286,-0.0586214,0.00298886,0
0.0651364,-0.0586213,0.00299032,0
0.0661247,-0.0586214,0.00298857,0
0.0671291,-0.0586213,0.00299021,0
0.0681436,-0.0586214,0.00298853,0
0.0691309,-0.0586213,0.00299019,0
0.0702459,-0.0586214,0.00298852,0
0.0711848,-0.0586213,0.00299018,0
0.0722118,-0.0586214,0.00298852,0
0.0732805,-0.0586213,0.00299018,0
0.0741528,-0.0586212,0.00299082,0
0.0752094,-0.0586212,0.00299106,0
0.0761497,-0.0586214,0.00298884,0
0.0771219,-0.0586214,0.00299029,0
0.0781125,-0.0586215,0.00298854,0
0.079152,-0.0586214,0.00299018,0
0.080136,-0.0586215,0.0029885,0
0.081109,-0.0586214,0.00299016,0
0.082129,-0.0586215,0.00298849,0
0.0831227,-0.0586214,0.00299016,0
0.0841084,-0.0586214,0.00299079,0
0.0851155,-0.0586213,0.00299104,0
0.0861359,-0.0586215,0.00298882,0
0.0871247,-0.0586214,0.00299028,0
0.0881134,-0.0586215,0.00298853,0
0.0892989,-0.0586214,0.00299017,0
0.0901479,-0.0586215,0.00298849,0
0.091143,-0.0586214,0.00299015,0
0.0921179,-0.0586215,0.00298848,0
0.093141,-0.0586214,0.00299015,0
0.0940765,-0.0586215,0.00298848,0
0.0951418,-0.0586214,0.00299015,0
0.0961256,-0.0586215,0.00298848,0
0.0971309,-0.0586214,0.00299015,0
0.0981594,-0.0586215,0.00298848,0
0.0991137,-0.0586214,0.00299015,0
0.100117,-0.0586215,0.00298848,0
0.101127,-0.0586214,0.00299014,0
0.102126,-0.0586214,0.00298848,0
0.103161,-0.0586213,0.00299014,0
0.104137,-0.0586214,0.00298847,0
0.105169,-0.0586213,0.00299014,0
0.106251,-0.0586214,0.00298847,0
0.107209,-0.0586213,0.00299014,0
0.108234,-0.0586214,0.00298847,0
0.109338,-0.0586213,0.00299014,0
0.110763,-0.0586214,0.00298847,0
0.111131,-0.0586213,0.00299014,0
0.11214,-0.0586214,0.00298847,0
0.11317,-0.0586213,0.00299014,0
0.11424,-0.0586214,0.00298847,0
0.115143,-0.0586213,0.00299014,0
0.116237,-0.0586213,0.00299077,0
0.117152,-0.0586213,0.00299102,0
0.118161,-0.0586212,0.00299111,0
0.119155,-0.0586214,0.00298884,0
0.120254,-0.0586213,0.00299028,0
0.12147,-0.0586214,0.00298852,0
0.122125,-0.0586214,0.00298785,0
0.123085,-0.0586214,0.00298759,0
0.12416,-0.0586213,0.0029898,0
0.125123,-0.0586214,0.00298834,0
0.126151,-0.0586213,0.00299008,0
0.12713,-0.0586214,0.00298844,0
0.128111,-0.0586213,0.00299012,0
0.129107,-0.0586214,0.00298846,0
0.130261,-0.0586213,0.00299013,0
0.131543,-0.0586214,0.00298846,0
0.132212,-0.0586213,0.00299013,0
0.133266,-0.0586214,0.00298846,0
0.134273,-0.0586212,0.00299013,0
0.135364,-0.0586214,0.00298846,0
0.136144,-0.0586213,0.00299011,0
0.13738,-0.0586213,0.00298844,0
0.138526,-0.0586213,0.0029901,0
0.139236,-0.0586213,0.00298843,0
0.140229,-0.0586213,0.0029901,0
0.141193,-0.0586213,0.00298843,0
0.142167,-0.0586212,0.0029901,0
0.143197,-0.0586213,0.00298843,0
0.144157,-0.0586212,0.0029901,0
0.145193,-0.0586213,0.00298843,0
0.146152,-0.0586212,0.0029901,0
0.147217,-0.0586213,0.00298843,0
0.148245,-0.0586212,0.0029901,0
0.149171,-0.0586213,0.00298843,0
0.150185,-0.0586212,0.00299009,0
0.151352,-0.0586213,0.00298843,0
0.152232,-0.0586212,0.00299009,0
0.153147,-0.0586213,0.00298843,0
0.154191,-0.0586212,0.00299009,0
0.155162,-0.0586213,0.00298842,0
0.156195,-0.0586212,0.00299009,0
0.157145,-0.0586213,0.00298842,0
0.158193,-0.0586212,0.00299009,0
0.159162,-0.0586213,0.00298842,0
0.160219,-0.0586212,0.00299009,0
0.161171,-0.0586213,0.00298842,0
0.162202,-0.0586212,0.00299009,0
0.163134,-0.0586213,0.00298842,0
0.164213,-0.0586212,0.00299009,0
0.165197,-0.0586213,0.00298842,0
0.16626,-0.0586212,0.00299009,0
0.167227,-0.0586213,0.00298842,0
0.168595,-0.0586211,0.00299008,0
0.169247,-0.0586213,0.00298842,0
0.170148,-0.0586212,0.00299008,0
0.171415,-0.0586212,0.00298841,0
0.172322,-0.0586211,0.00299008,0
0.173179,-0.0586212,0.00298841,0
0.174273,-0.0586211,0.00299008,0
0.17517,-0.0586212,0.00298841,0
0.176261,-0.0586211,0.00299008,0
0.177359,-0.0586212,0.00298841,0
0.178518,-0.0586211,0.00299008,0
0.179252,-0.0586212,0.00298841,0
0.18042,-0.0586211,0.00299008,0
0.181178,-0.0586212,0.00298841,0
0.18222,-0.0586211,0.00299008,0
0.183238,-0.0586212,0.00298841,0
0.184408,-0.0586211,0.00299008,0
0.185198,-0.0586212,0.00298841,0
0.186316,-0.0586211,0.00299007,0
0.187599,-0.0586212,0.00298841,0
0.18818,-0.0586211,0.00299007,0
0.189496,-0.0586212,0.00298841,0
0.190311,-0.0586211,0.00299007,0
0.191141,-0.0586212,0.0029884,0
0.192134,-0.0586211,0.00299007,0
0.19319,-0.0586212,0.0029884,0
0.194225,-0.0586211,0.00299007,0
0.195216,-0.0586212,0.0029884,0
0.196244,-0.0586211,0.00299007,0
0.19714,-0.0586212,0.0029884,0
0.198152,-0.0586211,0.00299007,0
0.199218,-0.0586212,0.0029884,0
0.200153,-0.0586211,0.00299007,0
0.201177,-0.0586212,0.0029884,0
0.202218,-0.058621,0.00299006,0
0.203169,-0.0586211,0.0029884,0
0.204213,-0.0586211,0.00299006,0
0.205156,-0.0586211,0.00298839,0
0.206152,-0.058621,0.00299006,0
0.20716,-0.0586211,0.00298839,0
0.208216,-0.058621,0.00299006,0
0.209176,-0.0586211,0.00298839,0
0.210146,-0.058621,0.00299006,0
0.211149,-0.0586211,0.00298839,0
0.212183,-0.058621,0.00299006,0
0.213178,-0.0586211,0.00298839,0
0.214133,-0.058621,0.00299006,0
0.215121,-0.0586211,0.00298839,0
0.216256,-0.058621,0.00299006,0
0.217133,-0.0586211,0.00298839,0
0.218167,-0.058621,0.00299006,0
0.219246,-0.0586211,0.00298839,0
0.220199,-0.058621,0.00299005,0
0.221134,-0.0586211,0.00298838,0
0.222201,-0.058621,0.00299005,0
0.223135,-0.0586211,0.00298838,0
0.224123,-0.058621,0.00299005,0
0.225176,-0.0586211,0.00298838,0
0.22618,-0.058621,0.00299005,0
0.227136,-0.0586211,0.00298838,0
0.228096,-0.058621,0.00299005,0
0.229167,-0.0586209,0.00299069,0
0.230128,-0.0586209,0.00299093,0
0.231157,-0.058621,0.00298872,0
0.232176,-0.0586209,0.00299017,0
0.233173,-0.0586211,0.00298843,0
0.234172,-0.058621,0.00299007,0
0.235225,-0.058621,0.00298838,0
0.236113,-0.0586209,0.00299005,0
0.237119,-0.058621,0.00298838,0
0.238112,-0.0586209,0.00299004,0
0.23911,-0.058621,0.00298838,0
0.240127,-0.0586209,0.00299004,0
0.24114,-0.058621,0.00298837,0
0.242141,-0.0586209,0.00299004,0
0.24316,-0.058621,0.00298837,0
0.244144,-0.0586209,0.00299004,0
0.245563,-0.0586209,0.00299068,0
0.246106,-0.0586209,0.00299092,0
0.247132,-0.058621,0.00298871,0
0.248222,-0.0586209,0.00299017,0
0.249254,-0.058621,0.00298842,0
0.250215,-0.058621,0.00298775,0
0.251141,-0.058621,0.00298749,0
0.25213,-0.0586209,0.0029897,0
0.253378,-0.058621,0.00298824,0
0.254137,-0.0586209,0.00298998,0
0.25535,-0.058621,0.00298835,0
0.256192,-0.058621,0.00298772,0
0.257158,-0.058621,0.00298748,0
0.258155,-0.0586209,0.00298969,0
0.259204,-0.058621,0.00298823,0
0.260122,-0.0586209,0.00298998,0
0.261176,-0.058621,0.00298834,0
0.26225,-0.0586209,0.00299002,0
0.263114,-0.058621,0.00298836,0
0.264291,-0.0586209,0.00299003,0
0.265167,-0.058621,0.00298836,0
0.26613,-0.0586209,0.00299003,0
0.267134,-0.058621,0.00298836,0
0.268197,-0.0586209,0.00299003,0
0.269122,-0.0586209,0.00298836,0
0.270164,-0.0586208,0.00299002,0
0.271144,-0.0586209,0.00298836,0
0.272113,-0.058621,0.00298772,0
0.273129,-0.058621,0.00298747,0
0.274138,-0.0586209,0.00298969,0
0.275143,-0.0586209,0.00298823,0
0.276129,-0.0586207,0.00299,0
0.277138,-0.0586208,0.00298837,0
0.27817,-0.0586207,0.00299005,0
0.279134,-0.0586207,0.00298839,0
0.280129,-0.0586208,0.00298775,0
0.281133,-0.0586208,0.00298751,0
0.282149,-0.0586207,0.00298972,0
0.283078,-0.0586206,0.00299057,0
0.284115,-0.0586206,0.00299089,0
0.285163,-0.0586207,0.00298871,0
0.286119,-0.0586206,0.00299018,0
0.287209,-0.0586207,0.00298844,0
0.288113,-0.0586206,0.00299008,0
0.289124,-0.0586207,0.0029884,0
0.290191,-0.0586207,0.00298775,0
0.291141,-0.0586208,0.00298751,0
0.292146,-0.0586206,0.00298972,0
0.293131,-0.0586207,0.00298826,0
0.294121,-0.0586206,0.00299,0
0.295231,-0.0586207,0.00298837,0
0.296136,-0.0586206,0.00299005,0
0.297251,-0.0586207,0.00298838,0
0.298128,-0.0586206,0.00299005,0
0.299116,-0.0586207,0.00298838,0
0.300153,-0.0586206,0.00299005,0
0.301147,-0.0586207,0.00298838,0
0.302128,-0.0586206,0.00299005,0
0.30316,-0.0586207,0.00298838,0
0.304123,-0.0586206,0.00299005,0
0.305118,-0.0586207,0.00298838,0
0.306164,-0.0586206,0.00299005,0
0.307215,-0.0586207,0.00298838,0
0.308187,-0.0586206,0.00299005,0
0.309116,-0.0586207,0.00298838,0
0.31016,-0.0586206,0.00299004,0
0.311139,-0.0586205,0.00299068,0
0.312182,-0.0586205,0.00299092,0
0.313142,-0.0586206,0.00298871,0
0.314177,-0.0586205,0.00299017,0
0.315168,-0.0586206,0.00298842,0
0.316155,-0.0586205,0.00299006,0
0.317911,-0.0586206,0.00298838,0
0.318337,-0.0586205,0.00299004,0
0.319645,-0.0586206,0.00298837,0
0.32023,-0.0586207,0.00298773,0
0.321139,-0.0586207,0.00298749,0
0.322172,-0.0586205,0.0029897,0
0.323144,-0.0586206,0.00298824,0
0.324109,-0.0586205,0.00298999,0
0.325168,-0.0586206,0.00298835,0
0.326205,-0.0586205,0.00299003,0
0.327135,-0.0586206,0.00298836,0
0.328212,-0.0586205,0.00299003,0
0.329111,-0.0586205,0.00299067,0
0.330192,-0.0586206,0.00298861,0
0.331172,-0.0586206,0.00298782,0
0.332159,-0.0586205,0.00298982,0
0.333196,-0.0586206,0.00298828,0
0.334225,-0.0586205,0.00299,0
0.33513,-0.0586206,0.00298835,0
0.336208,-0.0586207,0.00298999,0
0.337175,-0.0586207,0.00299062,0
0.338144,-0.0586209,0.00298855,0
0.339106,-0.0586209,0.00298776,0
0.340294,-0.0586209,0.00298746,0
0.341108,-0.0586208,0.00298965,0
0.342119,-0.0586209,0.00298818,0
0.343154,-0.0586208,0.00298993,0
0.344207,-0.0586209,0.00298829,0
0.34512,-0.0586208,0.00298997,0
0.346148,-0.0586209,0.0029883,0
0.347192,-0.0586208,0.00298997,0
0.348132,-0.0586209,0.0029883,0
0.349127,-0.0586208,0.00298997,0
0.350278,-0.0586209,0.0029883,0
0.351146,-0.0586208,0.00298997,0
0.352135,-0.0586209,0.0029883,0
0.353138,-0.0586208,0.00298997,0
0.354125,-0.0586209,0.0029883,0
0.35513,-0.0586208,0.00298997,0
0.35611,-0.0586208,0.0029883,0
0.35716,-0.0586208,0.00298997,0
0.358274,-0.0586208,0.0029883,0
0.359147,-0.0586208,0.00298996,0
0.360209,-0.0586208,0.0029883,0
0.361159,-0.0586207,0.00298996,0
0.362482,-0.0586208,0.00298829,0
0.363142,-0.0586207,0.00298996,0
0.364143,-0.0586208,0.00298829,0
0.365124,-0.0586207,0.00298996,0
0.366117,-0.0586208,0.00298829,0
0.367128,-0.0586207,0.00298996,0
0.368124,-0.0586208,0.00298829,0
0.369126,-0.0586207,0.00298996,0
0.370158,-0.0586208,0.00298829,0
0.371179,-0.0586207,0.00298996,0
0.372113,-0.0586208,0.00298829,0
0.373111,-0.0586208,0.00298765,0
0.374431,-0.0586208,0.00298741,0
0.375308,-0.0586207,0.00298962,0
0.376387,-0.0586208,0.00298816,0
0.377126,-0.0586207,0.0029899,0
0.378123,-0.0586208,0.00298827,0
0.379143,-0.0586207,0.00298995,0
0.38012,-0.0586208,0.00298828,0
0.381133,-0.0586207,0.00298995,0
0.382258,-0.0586208,0.00298828,0
0.383126,-0.0586207,0.00298995,0
0.384121,-0.0586208,0.00298828,0
0.385207,-0.0586207,0.00298995,0
0.38617,-0.0586208,0.00298828,0
0.387191,-0.0586207,0.00298995,0
0.388131,-0.0586208,0.00298828,0
0.389163,-0.0586207,0.00298995,0
0.390165,-0.0586207,0.00298828,0
0.391148,-0.0586206,0.00298995,0
0.392129,-0.0586207,0.00298828,0
0.393136,-0.0586206,0.00298994,0
0.394128,-0.0586207,0.00298828,0
0.395145,-0.0586206,0.00298994,0
0.396176,-0.0586206,0.00298829,0
0.397109,-0.0586205,0.00298997,0
0.398119,-0.0586206,0.0029883,0
0.399209,-0.0586204,0.00298997,0
0.400114,-0.0586205,0.0029883,0
0.401113,-0.0586204,0.00298997,0
0.402114,-0.0586205,0.0029883,0
0.403125,-0.0586204,0.00298997,0
0.404147,-0.0586205,0.0029883,0
0.405156,-0.0586204,0.00298997,0
0.406127,-0.0586205,0.0029883,0
0.407132,-0.0586204,0.00298997,0
0.408142,-0.0586205,0.0029883,0
0.409143,-0.0586205,0.00298766,0
0.410138,-0.0586206,0.00298742,0
0.411136,-0.0586204,0.00298963,0
0.412148,-0.0586205,0.00298817,0
0.413123,-0.0586205,0.00298761,0
0.414148,-0.0586204,0.0029897,0
0.41514,-0.0586205,0.00298819,0
0.416153,-0.0586205,0.00298762,0
0.417121,-0.0586204,0.0029897,0
0.418118,-0.0586205,0.00298819,0
0.419107,-0.0586205,0.00298762,0
0.420269,-0.0586205,0.00298739,0
0.421082,-0.0586204,0.00298962,0
0.42206,-0.0586203,0.00299046,0
0.42324,-0.0586203,0.00299079,0
0.424105,-0.0586204,0.0029886,0
0.425128,-0.0586205,0.00298777,0
0.426052,-0.0586204,0.00298976,0
0.427063,-0.0586205,0.00298821,0
0.428124,-0.0586203,0.00298992,0
0.429109,-0.0586203,0.00299058,0
0.430131,-0.0586203,0.00299083,0
0.431083,-0.0586203,0.00299092,0
0.432109,-0.0586203,0.00299096,0
0.433101,-0.0586203,0.00299097,0
0.434141,-0.0586204,0.00298867,0
0.435166,-0.0586203,0.0029901,0
0.436137,-0.0586203,0.00299064,0
0.437115,-0.0586203,0.00299085,0
0.438141,-0.0586203,0.00299093,0
0.439214,-0.0586204,0.00298865,0
0.440129,-0.0586203,0.00299009,0
0.441163,-0.0586204,0.00298833,0
0.442712,-0.0586203,0.00298997,0
0.443243,-0.0586204,0.00298829,0
0.444215,-0.0586203,0.00298995,0
0.445171,-0.0586204,0.00298828,0
0.446121,-0.0586203,0.00298994,0
0.447147,-0.0586204,0.00298828,0
0.448669,-0.0586204,0.00298764,0
0.449217,-0.0586204,0.00298739,0
0.450152,-0.0586203,0.0029896,0
0.451264,-0.0586204,0.00298814,0
0.45227,-0.0586203,0.00298989,0
0.453138,-0.0586204,0.00298825,0
0.454212,-0.0586203,0.00298993,0
0.455138,-0.0586204,0.00298827,0
0.456142,-0.0586203,0.00298992,0
0.45722,-0.0586204,0.00298825,0
0.458153,-0.0586203,0.00298992,0
0.459176,-0.0586204,0.00298825,0
0.460133,-0.0586203,0.00298991,0
0.461133,-0.0586204,0.00298825,0
0.462152,-0.0586203,0.00298991,0
0.463151,-0.0586203,0.00298824,0
0.464151,-0.0586203,0.00298991,0
0.465139,-0.0586203,0.00298824,0
0.466123,-0.0586202,0.00298991,0
0.467128,-0.0586203,0.00298824,0
0.468131,-0.0586203,0.00298991,0
0.469143,-0.0586203,0.00298824,0
0.470202,-0.0586202,0.00298991,0
0.471112,-0.0586202,0.00299054,0
0.472255,-0.0586202,0.00299079,0
0.47318,-0.0586203,0.00298857,0
0.47422,-0.0586202,0.00299003,0
0.475162,-0.0586203,0.00298829,0
0.476151,-0.0586202,0.00298992,0
0.477165,-0.0586203,0.00298824,0
0.478219,-0.0586202,0.00298991,0
0.479112,-0.0586203,0.00298824,0
0.480156,-0.0586202,0.0029899,0
0.481141,-0.0586203,0.00298823,0
0.48228,-0.0586202,0.0029899,0
0.483131,-0.0586203,0.00298823,0
0.484163,-0.0586202,0.0029899,0
0.485158,-0.0586202,0.00299054,0
0.486113,-0.0586201,0.00299078,0
0.487127,-0.0586203,0.00298857,0
0.488157,-0.0586202,0.00299003,0
0.489509,-0.0586203,0.00298828,0
0.490391,-0.0586202,0.00298991,0
0.491138,-0.0586203,0.00298823,0
0.492164,-0.0586202,0.0029899,0
0.493265,-0.0586203,0.00298823,0
0.494145,-0.0586202,0.00298989,0
0.495097,-0.0586201,0.00299053,0
0.496189,-0.0586201,0.00299077,0
0.497151,-0.0586202,0.00298856,0
0.49833,-0.0586201,0.00299002,0
0.499402,-0.0586202,0.00298827,0
0.500124,-0.0640575,0.00396962,0
0.501113,-0.0680149,0.00446584,0
0.502143,-0.0702548,0.00477708,0
0.503169,-0.0716883,0.00502043,0
0.504123,-0.0728061,0.00521881,0
0.50509,-0.0737618,0.00539743,0
0.506179,-0.0746174,0.00555076,0
0.507123,-0.0753919,0.00567778,0
0.508153,-0.0760808,0.00578884,0
0.509193,-0.0766933,0.0058795,0
0.510206,-0.0772349,0.00595873,0
0.511421,-0.0777095,0.00602004,0
0.512199,-0.0774319,0.00604173,0
0.513125,-0.0772003,0.0060536,0
0.51412,-0.0771168,0.00606879,0
0.515145,-0.0770923,0.0060717,0
0.51615,-0.0770482,0.00608635,0
0.517346,-0.0769842,0.00607951,0
0.518119,-0.0769011,0.00606364,0
0.519124,-0.0767788,0.00603282,0
0.520192,-0.0766259,0.00599783,0
0.52114,-0.07645,0.00595347,0
0.522153,-0.076252,0.00590776,0
0.52312,-0.0760342,0.00585433,0
0.524117,-0.0757986,0.00580076,0
0.525141,-0.075548,0.00574074,0
0.526152,-0.0752843,0.00568155,0
0.527113,-0.0750099,0.00561698,0
0.528119,-0.0747102,0.0055706,0
0.529108,-0.0744082,0.00551083,0
0.53017,-0.0741056,0.00544738,0
0.531149,-0.0738015,0.00537755,0
0.532137,-0.0734955,0.00530982,0
0.533112,-0.0731886,0.00523876,0
0.534119,-0.0728814,0.00517096,0
0.535145,-0.072575,0.00510053,0
0.536103,-0.0722698,0.00503373,0
0.537194,-0.0719668,0.00496467,0
0.538125,-0.0716662,0.00489946,0
0.539114,-0.0713688,0.00483225,0
0.540124,-0.0710747,0.00476901,0
0.541162,-0.0707846,0.00470397,0
0.542146,-0.0704832,0.00465829,0
0.543146,-0.0701911,0.00460279,0
0.544116,-0.0699082,0.00454587,0
0.54517,-0.0696323,0.00448498,0
0.546245,-0.0693621,0.00442751,0
0.547121,-0.0690976,0.00436843,0
0.548104,-0.0688382,0.00431345,0
0.549475,-0.0685844,0.00425712,0
0.550198,-0.0683358,0.00420492,0
0.551109,-0.0680927,0.00415142,0
0.552183,-0.0678547,0.00410198,0
0.553182,-0.067622,0.00405124,0
0.554136,-0.0675332,0.00403185,0
0.555156,-0.0673461,0.00401139,0
0.556148,-0.0670011,0.00394795,0
0.557134,-0.066739,0.00389381,0
0.558208,-0.0665113,0.00384781,0
0.559135,-0.0663001,0.00380219,0
0.560126,-0.066098,0.00376106,0
0.561116,-0.0659026,0.00371889,0
0.562148,-0.0658378,0.00370933,0
0.56318,-0.0658131,0.00370569,0
0.564182,-0.0654555,0.00362926,0
0.56514,-0.0652062,0.00357563,0
0.566138,-0.0650049,0.00353526,0
0.567115,-0.0648263,0.00349762,0
0.568115,-0.0646451,0.00347867,0
0.56914,-0.0644753,0.00345176,0
0.570161,-0.0643146,0.00342365,0
0.571111,-0.0642532,0.00341292,0
0.572501,-0.0640457,0.00337107,0
0.57319,-0.0639664,0.00335508,0
0.574464,-0.0637611,0.00331382,0
0.575226,-0.0635986,0.00327966,0
0.576171,-0.0635445,0.00327288,0
0.57718,-0.063443,0.00325228,0
0.578183,-0.0634108,0.0032504,0
0.579144,-0.0631329,0.00320552,0
0.580117,-0.0630268,0.00319549,0
0.58115,-0.0628276,0.00315553,0
0.582252,-0.0627565,0.00314554,0
0.583142,-0.0627294,0.00314172,0
0.584153,-0.062719,0.00314026,0
0.585185,-0.0625057,0.00309679,0
0.5862,-0.0623579,0.0030687,0
0.587124,-0.0623083,0.00306065,0
0.588136,-0.0621546,0.00303023,0
0.589265,-0.0620181,0.00301754,0
0.590106,-0.061966,0.00301269,0
0.591239,-0.0617694,0.0029586,0
0.59214,-0.0617019,0.00294426,0
0.593144,-0.0616762,0.00293877,0
0.594153,-0.0614785,0.00291599,0
0.595147,-0.0614031,0.00290728,0
0.596156,-0.061322,0.0028926,0
0.597156,-0.0611926,0.00286844,0
0.598124,-0.0611432,0.00285922,0
0.599134,-0.0610306,0.00283852,0
0.600118,-0.0609423,0.00282389,0
0.60111,-0.0609086,0.0028183,0
0.602073,-0.0608957,0.00281617,0
0.603154,-0.060804,0.00279986,0
0.604152,-0.0607355,0.00279079,0
0.605124,-0.0607093,0.00278733,0
0.606311,-0.0606577,0.0027771,0
0.607104,-0.0604928,0.00276094,0
0.608147,-0.0604298,0.00275476,0
0.60914,-0.0603672,0.00274681,0
0.610132,-0.0602706,0.00273021,0
0.611109,-0.0601553,0.00270522,0
0.612197,-0.0601113,0.00269567,0
0.613142,-0.0601038,0.00269822,0
0.614255,-0.0600274,0.00268167,0
0.615127,-0.0599659,0.00267105,0
0.616235,-0.0599132,0.00266063,0
0.617245,-0.0598523,0.00266564,0
0.618177,-0.0597977,0.00266264,0
0.619116,-0.0597488,0.00265757,0
0.6201,-0.0597028,0.00264902,0
0.621454,-0.0596583,0.00264249,0
0.622133,-0.0596514,0.00264312,0
0.62313,-0.0595868,0.00263102,0
0.624121,-0.0595357,0.00262014,0
0.625062,-0.0595267,0.00262225,0
0.626148,-0.0594648,0.00260859,0
0.627112,-0.0594166,0.00260062,0
0.628111,-0.0594211,0.00258902,0
0.629104,-0.0594033,0.00258132,0
0.630117,-0.0593626,0.00258573,0
0.631114,-0.0593217,0.00258713,0
0.632103,-0.0592837,0.00258246,0
0.633105,-0.0592038,0.00258206,0
0.634148,-0.0591928,0.00257437,0
0.635112,-0.0591708,0.00256793,0
0.636157,-0.0591004,0.0025645,0
0.637752,-0.0590513,0.00256292,0
0.638311,-0.0590325,0.00256232,0
0.639132,-0.0590481,0.00255317,0
0.640127,-0.0590541,0.00254968,0
0.641236,-0.0590293,0.00255719,0
0.642353,-0.0590198,0.00256006,0
0.643147,-0.0589663,0.00255028,0
0.644164,-0.0589514,0.00252105,0
0.64522,-0.0589357,0.0025033,0
0.646132,-0.0589424,0.00250395,0
0.647197,-0.0589023,0.00249506,0
0.648306,-0.058887,0.00249167,0
0.649469,-0.0588785,0.00249455,0
0.650249,-0.0588753,0.00249566,0
0.651111,-0.0588592,0.0024962,0
0.6522,-0.0588111,0.00248656,0
0.65316,-0.0587784,0.00248295,0
0.654136,-0.0587532,0.00247916,0
0.65518,-0.0587679,0.00247291,0
0.656138,-0.0587326,0.00247195,0
0.657109,-0.0587031,0.00247384,0
0.658127,-0.0587163,0.00246673,0
0.659135,-0.0586755,0.00246848,0
0.660111,-0.0586699,0.00247469,0
0.661124,-0.0586549,0.00247756,0
0.66211,-0.0586006,0.00248106,0
0.663107,-0.0585648,0.00248376,0
0.664129,-0.0585746,0.00247629,0
0.665189,-0.0585694,0.00247186,0
0.666114,-0.0585208,0.00247301,0
0.667114,-0.0585229,0.00246961,0
0.668137,-0.058515,0.00246412,0
0.669128,-0.0584668,0.00246793,0
0.670116,-0.0584692,0.00246259,0
0.671141,-0.058462,0.00245942,0
0.672128,-0.0584039,0.00247303,0
0.673113,-0.0583996,0.00247552,0
0.67413,-0.0583898,0.00247187,0
0.675107,-0.058343,0.00247567,0
0.676116,-0.0583453,0.00246983,0
0.677136,-0.0583387,0.00246605,0
0.678115,-0.0582946,0.00246736,0
0.679061,-0.058298,0.00246362,0
0.680109,-0.0582926,0.00245802,0
0.681128,-0.058282,0.00245593,0
0.682148,-0.0582373,0.00245854,0
0.683191,-0.0582203,0.00245954,0
0.684114,-0.0582171,0.00246319,0
0.685118,-0.0581739,0.00247202,0
0.686113,-0.0581574,0.00247539,0
0.68711,-0.0581651,0.00246716,0
0.688107,-0.0581299,0.00246669,0
0.689133,-0.0581364,0.00246201,0
0.690124,-0.0581336,0.00245585,0
0.69134,-0.0580954,0.00245949,0
0.692355,-0.0581011,0.00245355,0
0.693138,-0.0580985,0.00245005,0
0.694579,-0.0580615,0.00245208,0
0.695128,-0.0580564,0.00246005,0
0.69613,-0.0580476,0.00246031,0
0.697148,-0.0580376,0.00246019,0
0.698432,-0.058027,0.00245707,0
0.699171,-0.0580163,0.00245585,0
0.700138,-0.0580059,0.00245251,0
0.701184,-0.0579958,0.00245135,0
0.702258,-0.0579859,0.00244818,0
0.703191,-0.0579763,0.00244712,0
0.704161,-0.0579671,0.00244421,0
0.705652,-0.0579635,0.0024431,0
0.706129,-0.0579568,0.00244315,0
0.707105,-0.0579321,0.00245254,0
0.708151,-0.0579146,0.00245458,0
0.709384,-0.0579021,0.0024552,0
0.710156,-0.0578921,0.00245228,0
0.711586,-0.0578832,0.00245113,0
0.712203,-0.0578798,0.00245069,0
0.713219,-0.0578549,0.00246029,0
0.71418,-0.0578454,0.00246396,0
0.715182,-0.0578315,0.00246142,0
0.716158,-0.0578215,0.00245717,0
0.717125,-0.057813,0.00245529,0
0.718113,-0.0578054,0.00245151,0
0.719106,-0.0577983,0.00245,0
0.72011,-0.0577915,0.00244653,0
0.721144,-0.057785,0.00244531,0
0.722128,-0.0577789,0.0024421,0
0.723113,-0.0577729,0.00244111,0
0.72414,-0.0577562,0.00244946,0
0.725136,-0.0577436,0.00245411,0
0.726117,-0.0577349,0.00245277,0
0.72712,-0.057728,0.00245186,0
0.728251,-0.0577219,0.00244842,0
0.72912,-0.0577162,0.00244703,0
0.730128,-0.0577108,0.0024436,0
0.731135,-0.0577057,0.00244238,0
0.732117,-0.0577008,0.00243915,0
0.733143,-0.0576961,0.00243815,0
0.734112,-0.0576917,0.00243515,0
0.735114,-0.0576873,0.00243425,0
0.736125,-0.0576788,0.0024318,0
0.737113,-0.0576623,0.00244259,0
0.738149,-0.057651,0.0024454,0
0.739189,-0.0576437,0.0024464,0
0.740116,-0.0576384,0.0024436,0
0.741123,-0.0576337,0.00244237,0
0.742146,-0.0576295,0.00243912,0
0.743111,-0.0576256,0.00243799,0
0.744116,-0.057622,0.00243482,0
0.745227,-0.0576184,0.00243385,0
0.746122,-0.0576151,0.00243087,0
0.747177,-0.0576119,0.00243009,0
0.748139,-0.0576089,0.0024273,0
0.749126,-0.0576059,0.0024267,0
0.75012,-0.0575924,0.00243527,0
0.751122,-0.0575829,0.00244018,0
0.752113,-0.0575771,0.00243913,0
0.753115,-0.0575729,0.0024385,0
0.754109,-0.0575694,0.00243532,0
0.755108,-0.0575662,0.00243418,0
0.756135,-0.0575633,0.00243096,0
0.757129,-0.0575605,0.00242994,0
0.75812,-0.057558,0.0024269,0
0.759107,-0.0575555,0.00242607,0
0.76012,-0.0575532,0.00242321,0
0.761119,-0.057551,0.00242255,0
0.762781,-0.0575489,0.00241986,0
0.763431,-0.0575363,0.0024305,0
0.764113,-0.0575277,0.00243329,0
0.765294,-0.0575226,0.00243435,0
0.766215,-0.0575192,0.00243162,0
0.767123,-0.0575164,0.00243056,0
0.768122,-0.0575141,0.00242741,0
0.769154,-0.0575242,0.00243109,0
0.770118,-0.0575035,0.00243615,0
0.77112,-0.0574916,0.00243915,0
0.772144,-0.0574852,0.00243701,0
0.773134,-0.0574814,0.00243574,0
0.774169,-0.0574786,0.0024321,0
0.775137,-0.0574763,0.00243058,0
0.776155,-0.0574743,0.00242702,0
0.777126,-0.0574725,0.00242568,0
0.778174,-0.0574709,0.00242234,0
0.779243,-0.0574693,0.00242123,0
0.780322,-0.057468,0.0024181,0
0.781218,-0.0574562,0.00242826,0
0.782131,-0.0574484,0.00243062,0
0.783073,-0.0574442,0.00243131,0
0.784127,-0.0574417,0.00242833,0
0.785113,-0.0574408,0.0024272,0
0.786145,-0.0574614,0.00242012,0
0.787129,-0.0574692,0.00241741,0
0.788148,-0.0574514,0.00241861,0
0.789215,-0.0574399,0.00240479,0
0.790196,-0.0574356,0.00239951,0
0.791114,-0.057426,0.0024045,0
0.79214,-0.0574423,0.00240189,0
0.793144,-0.0574506,0.00239763,0
0.794197,-0.0574422,0.00239241,0
0.795151,-0.0574389,0.00239042,0
0.79627,-0.0574594,0.00238102,0
0.797161,-0.0574582,0.00237331,0
0.798159,-0.0574807,0.00236211,0
0.799146,-0.0574893,0.00235783,0
0.800173,-0.0574942,0.00235741,0
0.801126,-0.0574884,0.00236912,0
0.802249,-0.0574863,0.0023736,0
0.803131,-0.0574833,0.00237704,0
0.804114,-0.0574821,0.00237662,0
0.805122,-0.0574813,0.00237775,0
0.806159,-0.057481,0.00237818,0
0.807555,-0.0574802,0.00237796,0
0.808419,-0.0574798,0.00237788,0
0.809517,-0.0574793,0.00237615,0
0.810484,-0.0574787,0.00237683,0
0.81108,-0.0575,0.00236966,0
0.812422,-0.0575082,0.00236692,0
0.81317,-0.0574904,0.0023699,0
0.814217,-0.0574807,0.00237372,0
0.815102,-0.057466,0.00238465,0
0.81618,-0.057457,0.00239083,0
0.8172,-0.0574401,0.00238637,0
0.818155,-0.0574327,0.00238497,0
0.819195,-0.0574294,0.00238221,0
0.820185,-0.0574276,0.00238192,0
0.821159,-0.0574264,0.00237963,0
0.822198,-0.0574253,0.00237955,0
0.823185,-0.0574244,0.00237737,0
0.824143,-0.0574234,0.00237737,0
0.825278,-0.0574227,0.00237535,0
0.826246,-0.0574336,0.0023795,0
0.827259,-0.0574149,0.00238579,0
0.828154,-0.0574042,0.00238986,0
0.829301,-0.0573993,0.00238854,0
0.83018,-0.0573964,0.00238816,0
0.831608,-0.0573945,0.00238544,0
0.832135,-0.0574144,0.00237805,0
0.833134,-0.0574018,0.00237916,0
0.834122,-0.0574157,0.00237249,0
0.83513,-0.0574221,0.00236959,0
0.83613,-0.057414,0.00237721,0
0.83719,-0.0574073,0.00238225,0
0.838131,-0.0574033,0.00238163,0
0.839227,-0.0574003,0.00238144,0
0.840196,-0.0573763,0.00238544,0
0.841176,-0.0573853,0.00238175,0
0.842299,-0.0573897,0.00237637,0
0.843136,-0.0573905,0.00237461,0
0.844142,-0.0573897,0.00237161,0
0.845152,-0.0573885,0.00237114,0
0.846117,-0.0574086,0.00236178,0
0.847119,-0.0573958,0.00236449,0
0.848142,-0.057378,0.0023755,0
0.849156,-0.0573674,0.00238157,0
0.850139,-0.057362,0.0023809,0
0.851139,-0.0573599,0.00238065,0
0.852139,-0.0573565,0.00237748,0
0.853127,-0.057354,0.00237637,0
0.854188,-0.0573519,0.00237317,0
0.855114,-0.05735,0.00237216,0
0.856213,-0.0573482,0.00236909,0
0.857112,-0.0573467,0.00236833,0
0.858137,-0.0573663,0.00235868,0
0.859156,-0.0573539,0.00236104,0
0.860154,-0.0573491,0.00236194,0
0.861201,-0.057331,0.00237365,0
0.86213,-0.0573228,0.00237497,0
0.863152,-0.0573185,0.00237514,0
0.864108,-0.0573169,0.0023752,0
0.865195,-0.0573141,0.00237212,0
0.866168,-0.057312,0.00236801,0
0.867108,-0.0573214,0.00237082,0
0.868172,-0.0573333,0.00235815,0
0.869196,-0.0573183,0.00235889,0
0.870134,-0.0573097,0.00235779,0
0.871078,-0.0573064,0.00235737,0
0.872133,-0.0572915,0.00236671,0
0.873095,-0.0572858,0.00237027,0
0.874431,-0.0572815,0.00236802,0
0.875231,-0.0572789,0.00236693,0
0.876118,-0.057276,0.00236355,0
0.877172,-0.0572741,0.00236218,0
0.878117,-0.0572734,0.00236165,0
0.879135,-0.0572717,0.00235853,0
0.880304,-0.0572705,0.00235449,0
0.881319,-0.05727,0.00235294,0
0.882361,-0.0572692,0.0023525,0
0.883134,-0.057256,0.00236156,0
0.884111,-0.0572701,0.00235512,0
0.885245,-0.0572569,0.00235797,0
0.886123,-0.057249,0.00235713,0
0.887204,-0.057246,0.00235681,0
0.888172,-0.0572454,0.00235244,0
0.889199,-0.0572426,0.00235208,0
0.890159,-0.0572407,0.00234911,0
0.891118,-0.0572397,0.00234797,0
0.892135,-0.0572293,0.00235515,0
0.893157,-0.0572254,0.00235789,0
0.894379,-0.0572408,0.00235348,0
0.895159,-0.0572256,0.00235486,0
0.896083,-0.0572198,0.00235539,0
0.897081,-0.0572163,0.00235206,0
0.898094,-0.0572149,0.00235078,0
0.899117,-0.0572138,0.00234696,0
0.900225,-0.0572123,0.00234231,0
0.901159,-0.0572117,0.00234054,0
0.90212,-0.0572107,0.00233652,0
0.903116,-0.0572007,0.00234566,0
0.904154,-0.0571944,0.00234733,0
0.905145,-0.057192,0.00234797,0
0.906166,-0.0571904,0.00234781,0
0.907094,-0.0571896,0.0023443,0
0.908101,-0.0571889,0.00234267,0
0.909079,-0.0571979,0.00234276,0
0.910289,-0.0571909,0.00233847,0
0.911251,-0.0571977,0.00233759,0
0.912141,-0.0571903,0.00233324,0
0.913169,-0.0571965,0.00233213,0
0.914185,-0.0571701,0.0023344,0
0.915248,-0.0571576,0.00233305,0
0.916245,-0.0571625,0.00233625,0
0.917231,-0.0571553,0.00233022,0
0.918214,-0.0571708,0.0023208,0
0.919183,-0.0571884,0.00231709,0
0.920257,-0.0571672,0.00231898,0
0.921189,-0.0571757,0.00231113,0
0.922605,-0.0571629,0.00231386,0
0.923176,-0.057158,0.00231491,0
0.924135,-0.0571452,0.00232434,0
0.925307,-0.0571384,0.00232584,0
0.926436,-0.0571539,0.0023192,0
0.92713,-0.057144,0.00231878,0
0.928148,-0.0571563,0.00231294,0
0.929382,-0.0571449,0.00231318,0
0.930135,-0.0571479,0.0023183,0
0.931149,-0.0571488,0.00231811,0
0.932113,-0.057158,0.0023047,0
0.933142,-0.0571454,0.00230493,0
0.934122,-0.0571482,0.00230718,0
0.935459,-0.057149,0.00230831,0
0.93616,-0.0571488,0.00230529,0
0.937132,-0.0571487,0.00230409,0
0.938202,-0.0571307,0.00230733,0
0.939253,-0.0571398,0.00230286,0
0.940153,-0.0571453,0.00229683,0
0.941143,-0.0571565,0.00229836,0
0.942122,-0.0571517,0.0022923,0
0.943135,-0.0571316,0.00229671,0
0.944129,-0.0571239,0.00229839,0
0.945126,-0.057137,0.0022903,0
0.946115,-0.0571264,0.00228949,0
0.947118,-0.0571297,0.00229416,0
0.948104,-0.0571307,0.00229306,0
0.94912,-0.0571134,0.00229912,0
0.950115,-0.0571225,0.00229257,0
0.95113,-0.0571278,0.00228859,0
0.952114,-0.0571301,0.00228388,0
0.95315,-0.0571309,0.00228218,0
0.954112,-0.0571312,0.00228154,0
0.955157,-0.0571314,0.00227847,0
0.95612,-0.0571317,0.00227445,0
0.957162,-0.0571319,0.00227307,0
0.958234,-0.0571321,0.00226976,0
0.959161,-0.0571323,0.00226872,0
0.960387,-0.0571238,0.00227597,0
0.96127,-0.0571184,0.00227995,0
0.962148,-0.0571162,0.00227836,0
0.963126,-0.0571152,0.00227733,0
0.964128,-0.0571145,0.0022736,0
0.965126,-0.0571142,0.00227209,0
0.966109,-0.0571141,0.0022684,0
0.96711,-0.0571139,0.00226691,0
0.968124,-0.0571139,0.00226332,0
0.969129,-0.0571139,0.00226196,0
0.970443,-0.0571139,0.0022585,0
0.971095,-0.0571139,0.00225718,0
0.972184,-0.0571055,0.00226424,0
0.973141,-0.0571002,0.00226812,0
0.974309,-0.0570978,0.00226628,0
0.975116,-0.0570967,0.00226505,0
0.976124,-0.0570961,0.00226125,0
0.977224,-0.0570956,0.00225943,0
0.978226,-0.0570954,0.00225562,0
0.979131,-0.0570868,0.00226431,0
0.980132,-0.0570814,0.00226556,0
0.981124,-0.0570788,0.00226545,0
0.982153,-0.0570777,0.00226167,0
0.983165,-0.0570769,0.00225966,0
0.984521,-0.0570765,0.00225543,0
0.985161,-0.0570762,0.00225341,0
0.986138,-0.057076,0.0022493,0
0.987587,-0.0570843,0.00225116,0
0.988138,-0.0570957,0.00223835,0
0.989134,-0.0570853,0.00223898,0
0.990495,-0.0570879,0.00224087,0
0.991161,-0.0570718,0.00224845,0
0.99211,-0.0570637,0.00224903,0
0.993157,-0.0570602,0.00224866,0
0.994155,-0.0570589,0.00224484,0
0.995127,-0.0570583,0.00224288,0
0.996116,-0.0570669,0.00223882,0
0.997127,-0.0570702,0.00223692,0
0.998148,-0.0570717,0.00223299,0
0.99917,-0.0570885,0.00222443,0
1.00015,-0.0570808,0.00222378,0
1.00122,-0.0570762,0.00222473,0
1.00241,-0.0570662,0.00223236,0
1.00316,-0.0570606,0.00223612,0
1.00415,-0.0570583,0.002234,0
1.00513,-0.0570574,0.00223248,0
1.00613,-0.057057,0.00222836,0
1.00711,-0.0570569,0.00222634,0
1.00815,-0.0570569,0.00222299,0
1.00911,-0.0570572,0.00221911,0
1.01012,-0.0570732,0.00221058,0
1.01113,-0.0570656,0.00220994,0
1.01226,-0.0570611,0.00221085,0
1.01313,-0.0570595,0.00220833,0
1.01416,-0.0570749,0.00220028,0
1.01514,-0.0570591,0.00221017,0
1.0161,-0.0570496,0.00221627,0
1.01725,-0.0570456,0.00221527,0
1.01814,-0.0570441,0.0022141,0
1.01917,-0.0570437,0.00221011,0
1.02013,-0.0570435,0.00220859,0
1.02113,-0.0570436,0.00220421,0
1.02215,-0.0570437,0.00220222,0
1.02317,-0.057044,0.0021982,0
1.02411,-0.0570441,0.00219666,0
1.02516,-0.0570444,0.00219261,0
1.02634,-0.0570446,0.00219107,0
1.02715,-0.0570372,0.00219741,0
1.02813,-0.0570329,0.00220092,0
1.02911,-0.057031,0.00219867,0
1.03013,-0.0570304,0.00219715,0
1.03114,-0.0570302,0.00219307,0
1.03214,-0.0570302,0.00219111,0
1.03315,-0.0570304,0.002187,0
1.03415,-0.0570306,0.00218514,0
1.03517,-0.0570307,0.00218443,0
1.03618,-0.057031,0.00218091,0
1.03708,-0.0570317,0.00217622,0
1.03811,-0.0570319,0.00217443,0
1.03925,-0.0570322,0.00217365,0
1.04021,-0.0570249,0.00218036,0
1.04124,-0.0570133,0.00218076,0
1.04214,-0.0570162,0.00218057,0
1.04319,-0.0570177,0.00218003,0
1.0443,-0.0570255,0.00217972,0
1.04525,-0.0570362,0.0021692,0
1.04618,-0.0570494,0.00216407,0
1.04716,-0.0570474,0.00215887,0
1.0482,-0.0570542,0.00215713,0
1.04924,-0.0570344,0.00216038,0
1.05013,-0.0570325,0.00216262,0
1.05121,-0.0570244,0.00216037,0
1.05219,-0.057014,0.0021662,0
1.05327,-0.0570081,0.00216917,0
1.05428,-0.057013,0.00216993,0
1.05522,-0.0570078,0.00216643,0
1.05616,-0.0570103,0.00216487,0
1.05728,-0.0570044,0.00216065,0
1.05815,-0.0570097,0.00214531,0
1.05952,-0.0569993,0.00214494,0
1.06026,-0.0569942,0.0021432,0
1.06113,-0.0569993,0.00214541,0
1.06241,-0.0569879,0.00215021,0
1.06313,-0.0569961,0.00214572,0
1.06413,-0.0569873,0.00214635,0
1.06529,-0.0569824,0.00214753,0
1.06614,-0.0569949,0.00213764,0
1.06713,-0.0570019,0.00213245,0
1.06814,-0.0570051,0.00212744,0
1.06911,-0.0570065,0.00212569,0
1.07015,-0.0569935,0.00212932,0
1.07118,-0.0570011,0.00212473,0
1.07214,-0.057006,0.00211873,0
1.07313,-0.0569872,0.00213372,0
1.07414,-0.0569908,0.00213154,0
1.07513,-0.0569938,0.00212923,0
1.07613,-0.0569955,0.00212479,0
1.07712,-0.0569962,0.002123,0
1.07814,-0.0569966,0.00211997,0
1.07911,-0.0569971,0.00211633,0
1.08015,-0.0569974,0.00211494,0
1.08111,-0.0569977,0.00211126,0
1.08226,-0.0569843,0.00211694,0
1.08317,-0.0569791,0.00211912,0
1.08416,-0.0569894,0.00211077,0
1.08513,-0.0569818,0.00211331,0
1.08625,-0.0569774,0.00211227,0
1.08718,-0.0569757,0.00211187,0
1.08815,-0.0569753,0.00211143,0
1.08919,-0.0569752,0.00211126,0
1.09017,-0.0569827,0.00209791,0
1.09114,-0.0569949,0.00208178,0
1.09213,-0.0570153,0.00206483,0
1.09312,-0.0570256,0.00205847,0
1.09415,-0.0570234,0.00206443,0
1.09511,-0.0570214,0.00206923,0
1.09612,-0.0570209,0.00206884,0
1.09711,-0.0570075,0.00207685,0
1.09812,-0.0570146,0.0020711,0
1.09912,-0.057019,0.00206819,0
1.10014,-0.0570077,0.00207213,0
1.10118,-0.0570152,0.00206794,0
1.10216,-0.0570198,0.00206259,0
1.10315,-0.0570084,0.00206864,0
1.10413,-0.0570159,0.0020622,0
1.10516,-0.0570205,0.00205912,0
1.10615,-0.0570288,0.00205795,0
1.10777,-0.057032,0.0020575,0
1.10813,-0.0570317,0.00206916,0
1.10912,-0.0570243,0.00207132,0
1.11012,-0.0570346,0.00206185,0
1.11111,-0.0570056,0.00208176,0
1.11212,-0.0570094,0.00207268,0
1.11311,-0.0570109,0.00206922,0
1.11412,-0.0570134,0.00206255,0
1.11511,-0.0570007,0.00206719,0
1.1161,-0.0569929,0.00206695,0
1.1171,-0.0569896,0.00206681,0
1.1181,-0.0569881,0.00206344,0
1.11911,-0.0569932,0.00206458,0
1.12013,-0.0570017,0.00205215,0
1.12111,-0.0569934,0.00205354,0
1.12212,-0.0569883,0.00205228,0
1.12311,-0.0569861,0.00205209,0
1.12423,-0.056985,0.00204883,0
1.12513,-0.0569844,0.00204766,0
1.1262,-0.056984,0.00204427,0
1.12711,-0.0569772,0.00205302,0
1.12817,-0.0569728,0.00205447,0
1.1292,-0.0569709,0.00205487,0
1.13014,-0.0569701,0.00205502,0
1.13122,-0.0569874,0.00204685,0
1.13215,-0.0569762,0.00205638,0
1.13333,-0.0569817,0.00204258,0
1.13422,-0.0569673,0.00204871,0
1.13513,-0.0569618,0.00205106,0
1.13606,-0.05697,0.00204222,0
1.13715,-0.056967,0.00203606,0
1.13813,-0.0569714,0.00203321,0
1.13924,-0.0569671,0.00202972,0
1.14014,-0.0569655,0.00202839,0
1.1411,-0.0569702,0.00202723,0
1.14217,-0.0569666,0.00202467,0
1.14313,-0.0569585,0.00203034,0
1.14407,-0.0569595,0.00203619,0
1.14523,-0.0569539,0.00203356,0
1.14622,-0.0569569,0.0020322,0
1.14719,-0.0569525,0.00202903,0
1.14813,-0.0569452,0.00202189,0
1.1492,-0.0569422,0.00201895,0
1.15021,-0.0569413,0.00201479,0
1.15114,-0.056941,0.00201326,0
1.15213,-0.0569347,0.00201931,0
1.15312,-0.056931,0.00202282,0
1.15413,-0.0569298,0.00202067,0
1.15514,-0.0569406,0.00201217,0
1.15616,-0.0569464,0.0020047,0
1.15718,-0.0569487,0.002002,0
1.15813,-0.0569497,0.00199825,0
1.15914,-0.0569501,0.0019971,0
1.16014,-0.0569503,0.00199379,0
1.16115,-0.0569392,0.00200032,0
1.16213,-0.0569335,0.00200103,0
1.16312,-0.0569363,0.00200336,0
1.16417,-0.0569268,0.00200853,0
1.16516,-0.0569325,0.00200391,0
1.16612,-0.0569361,0.00199773,0
1.16719,-0.0569376,0.00199518,0
1.1682,-0.0569382,0.00199124,0
1.16912,-0.0569384,0.00198981,0
1.17011,-0.0569384,0.00198618,0
1.17116,-0.0569278,0.00199244,0
1.17217,-0.056933,0.00198532,0
1.17311,-0.0569364,0.00198143,0
1.17411,-0.0569376,0.00197994,0
1.17518,-0.0569369,0.00197762,0
1.17622,-0.0569366,0.00197673,0
1.17718,-0.056931,0.0019831,0
1.17814,-0.0569288,0.00198244,0
1.17914,-0.0569279,0.00198195,0
1.1801,-0.0569276,0.00197855,0
1.18116,-0.0569275,0.00197717,0
1.1822,-0.0569275,0.00197352,0
1.18316,-0.0569276,0.00197213,0
1.18418,-0.0569276,0.00197159,0
1.18515,-0.0569219,0.00197804,0
1.18612,-0.0569185,0.00197849,0
1.18715,-0.056917,0.00197837,0
1.18816,-0.0569166,0.00197479,0
1.18922,-0.0569163,0.00197312,0
1.19012,-0.0569162,0.00197248,0
1.19124,-0.0569163,0.00196871,0
1.19222,-0.0569163,0.00196727,0
1.19323,-0.0569163,0.0019634,0
1.19415,-0.0569262,0.00195441,0
1.19514,-0.056922,0.00195447,0
1.19616,-0.056909,0.00196451,0
1.19715,-0.0569126,0.00195877,0
1.19813,-0.0569056,0.00196286,0
1.19921,-0.0568974,0.0019599,0
1.20012,-0.0568943,0.00195831,0
1.20115,-0.0568972,0.00195636,0
1.20213,-0.0568947,0.00195333,0
1.20316,-0.0568937,0.00194868,0
1.20416,-0.056888,0.00195636,0
1.20515,-0.0568847,0.00195792,0
1.20619,-0.0568837,0.00195542,0
1.20723,-0.0568835,0.00195393,0
1.20813,-0.0568837,0.00194982,0
1.20923,-0.056884,0.00194799,0
1.21016,-0.0568934,0.00193641,0
1.21115,-0.0568898,0.00193839,0
1.21217,-0.0568961,0.00192945,0
1.21313,-0.0569002,0.00192526,0
1.21422,-0.0568932,0.00192835,0
1.21514,-0.0568893,0.00193076,0
1.21612,-0.0568883,0.00192839,0
1.21716,-0.0568829,0.00193686,0
1.21814,-0.0568799,0.00193792,0
1.21923,-0.0568788,0.00193832,0
1.22013,-0.0568877,0.00192695,0
1.22113,-0.0568926,0.00192131,0
1.22212,-0.0568864,0.00192376,0
1.22358,-0.0568914,0.00191819,0
1.22414,-0.056895,0.00191185,0
1.22513,-0.0568883,0.00191712,0
1.22613,-0.0568931,0.00190946,0
1.22712,-0.0568966,0.00190567,0
1.22815,-0.0568901,0.00190903,0
1.22913,-0.0568898,0.00191338,0
1.23007,-0.0568902,0.00191204,0
1.23122,-0.0568908,0.00191133,0
1.23214,-0.0568913,0.00190786,0
1.23314,-0.0568919,0.00190649,0
1.23428,-0.0568926,0.00190293,0
1.23517,-0.0568928,0.00190157,0
1.23619,-0.0568947,0.00189704,0
1.23711,-0.0568862,0.00190446,0
1.23827,-0.056883,0.00190729,0
1.23915,-0.0568854,0.00190688,0
1.24015,-0.0568855,0.00190454,0
1.24115,-0.0568855,0.00190365,0
1.24212,-0.0568861,0.00189975,0
1.24313,-0.0568864,0.00189804,0
1.24421,-0.0568899,0.00189614,0
1.24534,-0.0568964,0.00188588,0
1.24617,-0.0568928,0.00188534,0
1.24714,-0.0568903,0.00188626,0
1.24823,-0.0568895,0.00188363,0
1.24913,-0.0568892,0.00188263,0
1.25013,-0.0568898,0.00187907,0
1.25119,-0.0568854,0.00188726,0
1.25213,-0.0568829,0.00188832,0
1.25322,-0.0568821,0.00188849,0
1.25413,-0.0568822,0.00188501,0
1.25568,-0.0568822,0.00188343,0
1.25614,-0.0568819,0.00187959,0
1.25717,-0.0568846,0.00187995,0
1.25811,-0.0568907,0.00186742,0
1.25911,-0.0568875,0.00186922,0
1.26012,-0.0568854,0.00186794,0
1.26112,-0.0568917,0.00185973,0
1.26216,-0.0568885,0.00186114,0
1.26314,-0.0568819,0.00186996,0
1.2642,-0.0568785,0.0018746,0
1.26512,-0.0568775,0.00187284,0
1.26613,-0.0568775,0.00187175,0
1.26709,-0.0568778,0.00186786,0
1.26812,-0.0568781,0.00186616,0
1.26915,-0.0568787,0.00186215,0
1.27015,-0.0568791,0.00186051,0
1.27116,-0.0568797,0.0018566,0
1.2722,-0.0568802,0.00185508,0
1.27316,-0.0568808,0.00185122,0
1.27449,-0.0568815,0.00184988,0
1.27549,-0.0568821,0.00184623,0
1.27644,-0.0568784,0.00185438,0
1.27713,-0.0568763,0.00185537,0
1.2783,-0.0568759,0.00185558,0
1.27911,-0.0568757,0.00185566,0
1.28039,-0.0568762,0.00185212,0
1.28108,-0.0568786,0.0018523,0
1.2822,-0.0568803,0.00184921,0
1.28323,-0.0568797,0.0018463,0
1.28416,-0.0568817,0.00184327,0
1.28547,-0.0568814,0.00184056,0
1.28632,-0.0568757,0.0018438,0
1.2872,-0.0568747,0.00184768,0
1.28816,-0.0568754,0.00184577,0
1.28914,-0.0568806,0.00183526,0
1.29016,-0.0568792,0.00183435,0
1.29114,-0.0568787,0.00183532,0
1.29214,-0.0568857,0.00182452,0
1.29315,-0.0568918,0.00181944,0
1.29418,-0.056892,0.00182246,0
1.29513,-0.0568991,0.00182648,0
1.29611,-0.0569029,0.00183282,0
1.29714,-0.056876,0.00183818,0
1.29812,-0.0568736,0.00183803,0
1.29913,-0.0568754,0.00183847,0
1.30013,-0.0568879,0.00181727,0
1.30113,-0.0568817,0.00183283,0
1.30212,-0.0568871,0.00182045,0
1.30355,-0.0568891,0.00181572,0
1.30412,-0.0568911,0.00181037,0
1.30516,-0.0568953,0.00180917,0
1.30617,-0.0568914,0.00181043,0
1.30712,-0.056893,0.001804,0
1.30815,-0.0568907,0.00180542,0
1.30918,-0.0568898,0.00180596,0
1.31018,-0.0568882,0.00180872,0
1.31135,-0.0568876,0.00180977,0
1.31273,-0.0568873,0.00181017,0
1.31317,-0.0568872,0.00181033,0
1.31413,-0.05689,0.0017963,0
1.31516,-0.0569003,0.001768,0
1.31612,-0.0569006,0.00176554,0
1.31731,-0.056904,0.00175384,0
1.31815,-0.0568974,0.00176902,0
1.31912,-0.0568973,0.00176484,0
1.32028,-0.0568977,0.00176455,0
1.32115,-0.0568934,0.0017688,0
1.32211,-0.0568948,0.00176532,0
1.32319,-0.0568962,0.00175906,0
1.32413,-0.0568963,0.00175882,0
1.32516,-0.0568964,0.00175872,0
1.32615,-0.0569007,0.00174661,0
1.32712,-0.0569023,0.00174198,0
1.32812,-0.0568985,0.00174909,0
1.32911,-0.0568971,0.00175181,0
1.33011,-0.0568989,0.00174087,0
1.33116,-0.0569007,0.00173909,0
1.33212,-0.0569014,0.00173841,0
1.33313,-0.0569043,0.00172794,0
1.33411,-0.0569055,0.00172395,0
1.33508,-0.0569066,0.00171806,0
1.33614,-0.0569065,0.00171884,0
1.33712,-0.0569065,0.00171914,0
1.33827,-0.0569096,0.00170686,0
1.33911,-0.0569114,0.00170433,0
1.34021,-0.056915,0.00169106,0
1.34113,-0.0569128,0.00169741,0
1.34212,-0.0569143,0.00168922,0
1.34344,-0.0569081,0.00170675,0
1.34414,-0.0569034,0.00171275,0
1.34511,-0.0569048,0.00170889,0
1.34612,-0.0569023,0.00171138,0
1.34715,-0.0568999,0.00171639,0
1.34828,-0.0569021,0.00170599,0
1.34911,-0.0568998,0.00171231,0
1.35068,-0.0569013,0.00170365,0
1.35111,-0.056902,0.00170213,0
1.35212,-0.0568986,0.001707,0
1.3531,-0.0568993,0.00170395,0
1.35411,-0.0569001,0.00169827,0
1.3551,-0.056897,0.00170814,0
1.35611,-0.0568946,0.00170963,0
1.35711,-0.0568933,0.00171274,0
1.35811,-0.0568926,0.00171001,0
1.35916,-0.0568888,0.00172003,0
1.36014,-0.0568893,0.00171233,0
1.36112,-0.0568895,0.00170939,0
1.36211,-0.05689,0.00170659,0
1.36314,-0.0568899,0.0017072,0
1.36412,-0.0568898,0.00170359,0
1.36539,-0.0568892,0.00170463,0
1.36626,-0.0568888,0.00170126,0
1.36713,-0.0568882,0.0017024,0
1.36811,-0.0568877,0.00169906,0
1.36958,-0.0568843,0.0017095,0
1.37009,-0.056882,0.00171067,0
1.37113,-0.0568808,0.00171322,0
1.37212,-0.0568803,0.00170994,0
1.37314,-0.0568798,0.00171073,0
1.37408,-0.0568795,0.0017069,0
1.37515,-0.056879,0.00170752,0
1.37616,-0.0568787,0.0017036,0
1.37711,-0.0568782,0.00170421,0
1.3781,-0.0568779,0.00170032,0
1.37912,-0.0568775,0.00170104,0
1.38012,-0.0568748,0.00170655,0
1.38115,-0.0568726,0.00171177,0
1.38213,-0.0568719,0.00170945,0
1.38316,-0.0568715,0.00171028,0
1.3841,-0.0568714,0.00170623,0
1.38526,-0.0568711,0.00170655,0
1.38613,-0.0568711,0.00170237,0
1.38714,-0.0568708,0.00170268,0
1.38817,-0.0568708,0.00169855,0
1.38915,-0.0568706,0.00169892,0
1.39013,-0.0568706,0.00169486,0
1.39121,-0.0568704,0.00169531,0
1.39211,-0.0568681,0.00170057,0
1.3931,-0.0568663,0.00170556,0
1.39415,-0.0568659,0.00170303,0
1.39513,-0.0568658,0.00170367,0
1.39612,-0.0568659,0.00169945,0
1.39713,-0.0568659,0.00169959,0
1.39816,-0.0568661,0.00169525,0
1.39913,-0.0568661,0.0016954,0
1.40017,-0.0568663,0.00169111,0
1.40112,-0.0568663,0.00169134,0
1.40213,-0.0568664,0.00168708,0
1.40313,-0.0568665,0.00168742,0
1.40412,-0.0568667,0.00168331,0
1.40512,-0.0568668,0.00168369,0
1.40618,-0.056865,0.00168887,0
1.40726,-0.0568636,0.00169378,0
1.40814,-0.0568635,0.00169119,0
1.40919,-0.0568636,0.00169178,0
1.41013,-0.056864,0.00168751,0
1.41114,-0.0568642,0.0016876,0
1.41214,-0.0568646,0.00168321,0
1.41313,-0.0568648,0.0016833,0
1.41412,-0.0568653,0.00167898,0
1.41512,-0.0568655,0.00167915,0
1.4162,-0.0568659,0.00167491,0
1.41712,-0.0568661,0.00167516,0
1.41819,-0.0568648,0.00168021,0
1.41913,-0.0568637,0.001685,0
1.42014,-0.0568638,0.00168231,0
1.42133,-0.056864,0.00168275,0
1.42211,-0.0568646,0.00167843,0
1.42365,-0.0568651,0.00167845,0
1.42412,-0.0568656,0.00167399,0
1.42522,-0.056866,0.00167395,0
1.42615,-0.0568648,0.00168037,0
1.42715,-0.0568658,0.00167158,0
1.42815,-0.0568656,0.0016781,0
1.42913,-0.0568652,0.00167701,0
1.43011,-0.0568654,0.00167824,0
1.43113,-0.0568661,0.00167403,0
1.4321,-0.0568666,0.00167398,0
1.43333,-0.0568674,0.00166948,0
1.43414,-0.056868,0.0016694,0
1.43517,-0.0568687,0.0016649,0
1.43611,-0.0568692,0.00166482,0
1.43715,-0.0568693,0.001652,0
1.43811,-0.0568709,0.00165651,0
1.43921,-0.0568713,0.00165495,0
1.44009,-0.0568715,0.00165435,0
1.44115,-0.0568705,0.00166526,0
1.44231,-0.0568701,0.00166598,0
1.44315,-0.0568704,0.00166779,0
1.44412,-0.0568733,0.00166297,0
1.44516,-0.0568736,0.00165407,0
1.44615,-0.0568756,0.00165371,0
1.44718,-0.0568758,0.00165643,0
1.44849,-0.0568752,0.0016445,0
1.44914,-0.0568767,0.0016492,0
1.45015,-0.0568748,0.00164827,0
1.45114,-0.0568765,0.00164921,0
1.45212,-0.0568767,0.00165416,0
1.45321,-0.0568751,0.0016502,0
1.45417,-0.0568769,0.00165167,0
1.4551,-0.056876,0.00164627,0
1.45612,-0.0568874,0.00164742,0
1.45712,-0.0568915,0.00165059,0
1.45813,-0.0568921,0.00163879,0
1.4591,-0.0568923,0.00163428,0
1.4601,-0.0568947,0.00163847,0
1.46111,-0.0568943,0.00163326,0
1.46216,-0.0568941,0.00163128,0
1.46311,-0.0568973,0.00163611,0
1.46412,-0.0568968,0.00162591,0
1.46509,-0.0568966,0.00162201,0
1.46612,-0.0568961,0.00162831,0
1.46712,-0.056897,0.00163156,0
1.46818,-0.0568974,0.00163281,0
1.4691,-0.056898,0.00163147,0
1.47015,-0.0568994,0.00162566,0
1.47111,-0.0569024,0.00163383,0
1.47212,-0.0569015,0.00162498,0
1.47313,-0.0569012,0.00162161,0
1.47416,-0.0569047,0.00162559,0
1.47514,-0.0569037,0.00162128,0
1.4761,-0.0569045,0.00161453,0
1.47712,-0.0569051,0.00161384,0
1.47814,-0.0569054,0.00161875,0
1.47911,-0.0569055,0.00162365,0
1.48015,-0.0569064,0.00162128,0
1.4813,-0.0569068,0.00162037,0
1.48211,-0.0569083,0.00161743,0
1.48314,-0.0569093,0.00161812,0
1.48411,-0.0569104,0.00161415,0
1.48516,-0.0569113,0.00161449,0
1.48614,-0.0569122,0.00161039,0
1.48711,-0.0569131,0.00161077,0
1.48848,-0.056914,0.00160676,0
1.4891,-0.0569148,0.00160718,0
1.49011,-0.0569157,0.00160322,0
1.49119,-0.0569161,0.00161281,0
1.49212,-0.0569165,0.00161332,0
1.49315,-0.0569173,0.00161528,0
1.49413,-0.0569185,0.00161159,0
1.49511,-0.0569194,0.0016119,0
1.49615,-0.0569205,0.00160767,0
1.49713,-0.0569213,0.00160788,0
1.49813,-0.0569217,0.00160796,0
1.49909,-0.0569225,0.00160369,0
1.50014,-0.0569239,0.00159973,0
1.50115,-0.0569247,0.00160921,0
1.5022,-0.0569254,0.0016096,0
1.50316,-0.0569264,0.00161142,0
1.50417,-0.0569276,0.00160757,0
1.50518,-0.0569285,0.00160779,0
1.5061,-0.0569289,0.00160788,0
1.50711,-0.0569303,0.00160521,0
1.50806,-0.0569315,0.00159993,0
1.50915,-0.056929,0.00160015,0
1.51016,-0.0569281,0.00160024,0
1.51109,-0.0569287,0.00159627,0
1.51214,-0.0569301,0.00159315,0
1.51316,-0.0569355,0.00160153,0
1.5141,-0.0569376,0.00160474,0
1.5152,-0.0569384,0.00160596,0
1.51614,-0.0569396,0.00160462,0
1.51724,-0.0569444,0.00159907,0
1.51819,-0.0569463,0.00159836,0
1.51912,-0.0569473,0.00159368,0
1.52017,-0.0569477,0.00159356,0
1.52123,-0.0569485,0.00159824,0
1.5221,-0.0569487,0.00160269,0
1.52335,-0.0569495,0.00159967,0
1.52429,-0.0569501,0.00159994,0
1.5251,-0.0569509,0.00159553,0
1.52614,-0.0569514,0.00159538,0
1.5271,-0.0569522,0.00159093,0
1.52813,-0.0569527,0.00159089,0
1.52909,-0.0569529,0.00159088,0
1.53011,-0.0569495,0.00157964,0
1.53112,-0.0569492,0.00157033,0
1.53213,-0.0569539,0.00157774,0
1.5331,-0.0569513,0.00156862,0
1.53411,-0.0569518,0.0015754,0
1.53514,-0.0569519,0.00157799,0
1.53611,-0.0569525,0.00157808,0
1.53713,-0.0569536,0.00157396,0
1.53813,-0.0569546,0.00157432,0
1.5391,-0.0569558,0.00157036,0
1.54013,-0.0569615,0.00157964,0
1.54112,-0.0569592,0.00157106,0
1.5421,-0.0569592,0.00156877,0
1.54311,-0.0569648,0.00157262,0
1.54411,-0.0569619,0.00156806,0
1.5451,-0.0569619,0.00156136,0
1.5461,-0.0569681,0.00157872,0
1.54717,-0.0569655,0.00157424,0
1.54812,-0.0569658,0.00157341,0
1.54916,-0.0569718,0.00157751,0
1.55012,-0.056969,0.00157293,0
1.55112,-0.0569692,0.00156612,0
1.55212,-0.0569697,0.0015653,0
1.55311,-0.0569707,0.00156101,0
1.55411,-0.0569715,0.00156136,0
1.5551,-0.0569726,0.0015575,0
1.55611,-0.0569735,0.00155805,0
1.55708,-0.0569755,0.00156495,0
1.55811,-0.056977,0.00156586,0
1.5591,-0.0569783,0.00156816,0
1.5601,-0.0569798,0.00156478,0
1.56111,-0.0569809,0.00156529,0
1.5622,-0.0569821,0.00156134,0
1.56309,-0.0569826,0.00155983,0
1.56411,-0.0569841,0.00155702,0
1.56512,-0.0569852,0.00155785,0
1.56618,-0.0569863,0.00155412,0
1.56712,-0.0569872,0.00155467,0
1.56814,-0.0569824,0.00154201,0
1.5691,-0.0569873,0.00154732,0
1.5702,-0.0569894,0.00154637,0
1.57113,-0.056992,0.00155721,0
1.57211,-0.0569939,0.00155827,0
1.57316,-0.0569953,0.00156048,0
1.57413,-0.0569968,0.00155709,0
1.57519,-0.0569978,0.00155754,0
1.57614,-0.0569983,0.00155767,0
1.57743,-0.0569992,0.0015536,0
1.57818,-0.057,0.00155388,0
1.57934,-0.057001,0.00154991,0
1.58013,-0.0570081,0.00155917,0
1.58117,-0.0570048,0.00155046,0
1.58235,-0.0570106,0.00155682,0
1.58317,-0.0570131,0.00155601,0
1.58414,-0.0570079,0.00154854,0
1.58516,-0.0570132,0.00154944,0
1.58619,-0.0570152,0.00155259,0
1.58712,-0.0570164,0.00154957,0
1.58812,-0.0570171,0.00155011,0
1.58918,-0.0570173,0.00155031,0
1.59013,-0.057018,0.00154809,0
1.59112,-0.057012,0.00153426,0
1.59214,-0.0570097,0.00152898,0
1.59331,-0.0570183,0.00154411,0
1.59422,-0.0570153,0.00154263,0
1.59516,-0.0570222,0.00154578,0
1.59619,-0.0570249,0.0015498,0
1.59719,-0.0570196,0.00153834,0
1.59818,-0.0570184,0.00153496,0
1.59915,-0.0570185,0.00152976,0
1.6001,-0.0570261,0.00153902,0
1.60112,-0.0570294,0.00153954,0
1.60217,-0.0570307,0.00153974,0
1.60311,-0.0570253,0.00152786,0
1.60413,-0.0570254,0.00153445,0
1.60517,-0.0570255,0.00153697,0
1.60611,-0.0570273,0.0015373,0
1.60711,-0.0570289,0.00153348,0
1.60814,-0.0570296,0.00153203,0
1.60912,-0.0570313,0.00152958,0
1.61013,-0.05704,0.00153971,0
1.61123,-0.0570362,0.00153141,0
1.61213,-0.0570355,0.00152937,0
1.61313,-0.0570359,0.00152466,0
1.61446,-0.0570364,0.00152499,0
1.61511,-0.0570452,0.00153048,0
1.61611,-0.057043,0.00153531,0
1.61721,-0.0570437,0.00153338,0
1.61811,-0.0570524,0.00154345,0
1.61912,-0.0570484,0.00153506,0
1.62012,-0.0570478,0.00153286,0
1.62113,-0.0570562,0.00153701,0
1.62213,-0.0570515,0.0015323,0
1.62312,-0.0570509,0.00152576,0
1.62414,-0.0570533,0.00153414,0
1.62521,-0.0570555,0.00153449,0
1.62624,-0.0570654,0.00154546,0
1.62772,-0.0570616,0.00153731,0
1.62873,-0.0570602,0.0015342,0
1.62938,-0.057061,0.00153052,0
1.63014,-0.0570621,0.00153019,0
1.63123,-0.0570656,0.00153503,0
1.63212,-0.0570655,0.00153081,0
1.63318,-0.057066,0.0015243,0
1.63417,-0.0570662,0.00152181,0
1.6352,-0.0570705,0.0015289,0
1.63619,-0.0570729,0.00153348,0
1.63713,-0.0570689,0.0015313,0
1.63817,-0.0570662,0.00152353,0
1.63911,-0.0570744,0.00152472,0
1.64014,-0.0570777,0.00152797,0
1.64113,-0.0570799,0.00152545,0
1.64212,-0.0570807,0.00152449,0
1.64315,-0.0570849,0.00153106,0
1.64413,-0.0570875,0.0015364,0
1.64512,-0.0570897,0.00153442,0
1.64617,-0.0570911,0.00153534,0
1.64713,-0.0570925,0.00153164,0
1.64812,-0.057093,0.00153023,0
1.64915,-0.0570945,0.00152745,0
1.65013,-0.0570954,0.00152822,0
1.65114,-0.0570965,0.00152458,0
1.65242,-0.0570973,0.00152507,0
1.65359,-0.0570982,0.00152137,0
1.65441,-0.0570988,0.00152188,0
1.65512,-0.0571026,0.00152721,0
1.65611,-0.057104,0.00152921,0
1.65722,-0.0571058,0.00153282,0
1.65822,-0.0571064,0.00153419,0
1.65912,-0.0571078,0.00153076,0
1.66019,-0.0571151,0.00153112,0
1.6611,-0.0571179,0.00153126,0
1.66214,-0.0571145,0.00151897,0
1.66314,-0.0571066,0.00151042,0
1.66411,-0.057095,0.00150029,0
1.66514,-0.0570977,0.00149231,0
1.66613,-0.0570976,0.00149146,0
1.6671,-0.0570978,0.00148788,0
1.66809,-0.0570977,0.00148893,0
1.66909,-0.0571011,0.00149497,0
1.67008,-0.0571024,0.00149728,0
1.6712,-0.0571039,0.00150147,0
1.67226,-0.0571121,0.0014999,0
1.67311,-0.0571142,0.00150125,0
1.67413,-0.0571149,0.00149965,0
1.67517,-0.0571152,0.00149669,0
1.6761,-0.0571151,0.0014978,0
1.67712,-0.0571151,0.00149468,0
1.67813,-0.0571048,0.00148634,0
1.67911,-0.0571012,0.001479,0
1.68013,-0.0570996,0.00147865,0
1.68113,-0.0571027,0.00148439,0
1.68216,-0.0571159,0.00149962,0
1.68312,-0.0571109,0.00149328,0
1.68413,-0.0571098,0.00149223,0
1.68511,-0.0571098,0.00148836,0
1.68611,-0.05711,0.0014893,0
1.68711,-0.0571108,0.00148639,0
1.68812,-0.0571114,0.00148766,0
1.68911,-0.0571123,0.00148487,0
1.69012,-0.0571239,0.00149569,0
1.69114,-0.0571178,0.00148778,0
1.69216,-0.0571196,0.00149518,0
1.69318,-0.0571221,0.00149552,0
1.6942,-0.057123,0.00149565,0
1.69518,-0.057125,0.00149457,0
1.69609,-0.0571263,0.00149638,0
1.69719,-0.0571268,0.00149707,0
1.69837,-0.0571283,0.0014962,0
1.69934,-0.0571289,0.00149587,0
1.70019,-0.0571304,0.00149464,0
1.70112,-0.0571317,0.00149086,0
1.70211,-0.0571323,0.00148941,0
1.70313,-0.0571329,0.00149114,0
1.70413,-0.0571377,0.00149974,0
1.70514,-0.0571396,0.00150302,0
1.70612,-0.0571312,0.00149244,0
1.70712,-0.0571413,0.00149676,0
1.70812,-0.0571452,0.00149841,0
1.70917,-0.0571475,0.0015013,0
1.71012,-0.0571497,0.00150104,0
1.71116,-0.0571513,0.00149753,0
1.71211,-0.0571524,0.00149834,0
1.7131,-0.0571528,0.00149865,0
1.71421,-0.0571537,0.00149541,0
1.71507,-0.0571545,0.00149634,0
1.71612,-0.0571635,0.0014939,0
1.71709,-0.0571691,0.00150386,0
1.71822,-0.0571731,0.00150512,0
1.71913,-0.0571669,0.00150704,0
1.72007,-0.0571754,0.00150474,0
1.72106,-0.0571772,0.00150565,0
1.72226,-0.0571781,0.0015025,0
1.72312,-0.0571786,0.00150327,0
1.72411,-0.0571792,0.00150008,0
1.72512,-0.0571794,0.0015009,0
1.72614,-0.0571714,0.00149733,0
1.7271,-0.0571708,0.00149823,0
1.72815,-0.0571716,0.0014953,0
1.72913,-0.0571848,0.00150581,0
1.7301,-0.0571905,0.00150727,0
1.73115,-0.0571806,0.00150034,0
1.73216,-0.0571898,0.00150279,0
1.7331,-0.0571936,0.00150667,0
1.73411,-0.0571832,0.00149539,0
1.73518,-0.0571707,0.0014919,0
1.7361,-0.0571656,0.00147874,0
1.73712,-0.0571743,0.00148458,0
1.7381,-0.0571907,0.00149444,0
1.73911,-0.0571844,0.00149151,0
1.74011,-0.057183,0.00148647,0
1.7411,-0.0571984,0.00150511,0
1.74212,-0.0571948,0.0015012,0
1.74311,-0.0571948,0.00150094,0
1.74423,-0.0572083,0.001507,0
1.7451,-0.057201,0.00150255,0
1.74634,-0.0571992,0.00149697,0
1.74714,-0.0571984,0.00149672,0
1.7481,-0.0571987,0.00149372,0
1.7491,-0.0572007,0.00150351,0
1.7501,-0.0572196,0.00150573,0
1.75111,-0.0572093,0.00149876,0
1.7521,-0.057211,0.00150085,0
1.7531,-0.057228,0.00151408,0
1.7541,-0.0572217,0.00150866,0
1.75513,-0.0572202,0.0015039,0
1.75652,-0.0572195,0.00150356,0
1.75715,-0.0572196,0.00150084,0
1.75813,-0.05722,0.00150124,0
1.75913,-0.0572342,0.00150842,0
1.76013,-0.0572255,0.00150354,0
1.7614,-0.0572222,0.00150167,0
1.76212,-0.0572207,0.00149869,0
1.76323,-0.0572203,0.00149524,0
1.76417,-0.0572252,0.0015037,0
1.76512,-0.0572277,0.00150554,0
1.76612,-0.0572295,0.00150733,0
1.76719,-0.0572302,0.00150802,0
1.76819,-0.0572319,0.00150688,0
1.76913,-0.0572334,0.00150409,0
1.77011,-0.0572345,0.00150408,0
1.77112,-0.0572356,0.00150177,0
1.77212,-0.0572365,0.00150196,0
1.77311,-0.0572236,0.0014903,0
1.77413,-0.0572333,0.00149581,0
1.77515,-0.0572371,0.00149791,0
1.7761,-0.0572309,0.00149832,0
1.77712,-0.0572448,0.0015052,0
1.77816,-0.0572509,0.00150962,0
1.77915,-0.0572545,0.0015091,0
1.78011,-0.0572568,0.00150986,0
1.78116,-0.0572586,0.00150781,0
1.78211,-0.05726,0.00150805,0
1.7831,-0.0572614,0.00150583,0
1.78411,-0.0572626,0.00150604,0
1.78515,-0.0572638,0.00150385,0
1.78614,-0.0572647,0.00150409,0
1.78714,-0.0572512,0.00149245,0
1.78812,-0.0572613,0.00149802,0
1.78914,-0.0572713,0.00150727,0
1.79012,-0.0572762,0.00151298,0
1.79137,-0.0572796,0.00151285,0
1.79212,-0.0572817,0.00151377,0
1.79312,-0.057269,0.00150236,0
1.79412,-0.0572798,0.00150789,0
1.79513,-0.0572845,0.00150851,0
1.79614,-0.0572721,0.00150031,0
1.79711,-0.0572835,0.00150392,0
1.79827,-0.0572882,0.00150722,0
1.79914,-0.0572909,0.00150638,0
1.8001,-0.0572925,0.00150714,0
1.80116,-0.0572997,0.00151367,0
1.80217,-0.0573024,0.00151616,0
1.8031,-0.0573057,0.00151686,0
1.80414,-0.0573079,0.00151812,0
1.80511,-0.0573096,0.00151717,0
1.80612,-0.0573112,0.00151523,0
1.80742,-0.0573124,0.00151561,0
1.80816,-0.0573137,0.00151349,0
1.80913,-0.0573146,0.00151377,0
1.81016,-0.057315,0.00151387,0
1.81114,-0.0573228,0.00152213,0
1.81217,-0.0573273,0.00152299,0
1.81312,-0.0573299,0.0015243,0
1.81412,-0.0573319,0.00152246,0
1.81516,-0.0573333,0.0015228,0
1.81612,-0.0573347,0.00152062,0
1.81726,-0.0573357,0.00152085,0
1.81818,-0.0573361,0.00152094,0
1.81917,-0.0573373,0.00151979,0
1.82013,-0.0573378,0.00151935,0
1.82116,-0.0573388,0.00151805,0
1.82215,-0.0573397,0.00151534,0
1.82315,-0.0573467,0.00152388,0
1.82411,-0.0573502,0.00152582,0
1.82515,-0.0573527,0.00152768,0
1.82613,-0.0573545,0.00152606,0
1.82713,-0.0573559,0.00152651,0
1.82819,-0.0573564,0.00152668,0
1.82916,-0.0573577,0.00152557,0
1.83053,-0.0573588,0.00152289,0
1.83143,-0.0573595,0.00152299,0
1.83214,-0.0573603,0.00152081,0
1.83316,-0.0573609,0.00152114,0
1.83413,-0.0573614,0.00151906,0
1.83513,-0.0573616,0.00151826,0
1.8361,-0.0573694,0.00152623,0
1.83714,-0.0573733,0.00153043,0
1.83837,-0.0573757,0.00152973,0
1.83926,-0.0573766,0.00152946,0
1.84012,-0.0573783,0.00152823,0
1.84111,-0.0573793,0.00152889,0
1.84212,-0.0573797,0.00152914,0
1.84313,-0.0573806,0.00152817,0
1.84418,-0.0573813,0.00152559,0
1.84537,-0.0573817,0.00152579,0
1.84636,-0.0573819,0.00152587,0
1.84713,-0.0573823,0.00152494,0
1.84811,-0.0573898,0.00153078,0
1.84916,-0.0573932,0.00153513,0
1.85012,-0.0573955,0.00153551,0
1.85106,-0.0573964,0.00153566,0
1.85211,-0.057398,0.0015354,0
1.85313,-0.0573992,0.00153309,0
1.85415,-0.0573998,0.00153337,0
1.85506,-0.0574006,0.00153131,0
1.85608,-0.0574009,0.00153052,0
1.85712,-0.0574016,0.00152868,0
1.85812,-0.0574118,0.00153151,0
1.85915,-0.0574157,0.00153259,0
1.86008,-0.0574143,0.00153885,0
1.86109,-0.0574145,0.00153993,0
1.8621,-0.0574146,0.00154035,0
1.86313,-0.0574164,0.00153953,0
1.86412,-0.0574176,0.00154041,0
1.86508,-0.0574181,0.00154074,0
1.86612,-0.0574189,0.0015387,0
1.86715,-0.0574194,0.00153667,0
1.86828,-0.0574196,0.00153589,0
1.86906,-0.0574292,0.00153831,0
1.87007,-0.0574328,0.0015368,0
1.87106,-0.0574235,0.00153595,0
1.87214,-0.0574125,0.00152537,0
1.87317,-0.057433,0.00153972,0
1.87415,-0.0574309,0.00154318,0
1.87516,-0.057431,0.00154603,0
1.87646,-0.0574246,0.00153666,0
1.87713,-0.0574399,0.00154311,0
1.87812,-0.0574456,0.00154423,0
1.87915,-0.05743,0.00153613,0
1.88017,-0.0574414,0.00153978,0
1.8812,-0.0574456,0.00154324,0
1.8823,-0.0574294,0.00153267,0
1.88324,-0.0574405,0.00153886,0
1.88415,-0.0574447,0.00153996,0
1.8852,-0.057436,0.00154011,0
1.88614,-0.0574511,0.00154796,0
1.88715,-0.0574574,0.00155296,0
1.88835,-0.0574425,0.001543,0
1.88953,-0.0574548,0.00154936,0
1.89024,-0.0496605,0.00476313,0
1.89133,-0.0492868,0.00645244,0
1.89217,-0.052178,0.00728621,0
1.8931,-0.0545657,0.00806857,0
1.89412,-0.0552431,0.00832271,0
1.89514,-0.0555095,0.00835342,0
1.89611,-0.0559693,0.00710183,0
1.89712,-0.0566381,0.00482271,0
1.89812,-0.0569552,0.00384461,0
1.89914,-0.057084,0.00344243,0
1.9001,-0.0571179,0.00327517,0
1.90113,-0.0571654,0.00317084,0
1.9021,-0.0571974,0.00310232,0
1.90311,-0.0571998,0.00305338,0
1.90407,-0.0572007,0.00303469,0
1.9051,-0.0572522,0.00295761,0
1.9061,-0.0572629,0.00290703,0
1.90711,-0.0573023,0.00284942,0
1.90811,-0.0573314,0.0027993,0
1.9091,-0.0573332,0.0027556,0
1.9101,-0.0573454,0.00271244,0
1.91112,-0.0573839,0.00266163,0
1.91211,-0.0573971,0.00262929,0
1.91311,-0.0574131,0.00259016,0
1.91413,-0.0574301,0.00255146,0
1.91516,-0.0574477,0.00251046,0
1.91611,-0.0574639,0.00247238,0
1.91715,-0.0575002,0.00243057,0
1.9181,-0.057514,0.0024146,0
1.9191,-0.0575148,0.00236638,0
1.92013,-0.0575212,0.00232876,0
1.92151,-0.0575302,0.00229328,0
1.92221,-0.0575605,0.00225872,0
1.92311,-0.0575577,0.0022286,0
1.92408,-0.0575616,0.00219713,0
1.92511,-0.0575764,0.00217716,0
1.92612,-0.0576078,0.00215262,0
1.92711,-0.0576138,0.0021356,0
1.92812,-0.0576123,0.00210422,0
1.92911,-0.0576358,0.00207911,0
1.93014,-0.0576287,0.0020513,0
1.93112,-0.0576288,0.00202791,0
1.93211,-0.0576517,0.00200583,0
1.9331,-0.0576434,0.00198324,0
1.93412,-0.0576425,0.00195979,0
1.93515,-0.0576639,0.00194317,0
1.93611,-0.0576545,0.00191993,0
1.93712,-0.0576523,0.00190086,0
1.93815,-0.0576821,0.00189252,0
1.93913,-0.0576958,0.00188141,0
1.94014,-0.0576833,0.00186083,0
1.94112,-0.0576796,0.00184411,0
1.94213,-0.0576995,0.00183058,0
1.94311,-0.0576886,0.00181324,0
1.94413,-0.0576853,0.00179541,0
1.94515,-0.0577047,0.00178633,0
1.94615,-0.0576931,0.00176771,0
1.94726,-0.0576889,0.00175364,0
1.94811,-0.0576875,0.00173843,0
1.94912,-0.0576965,0.00173459,0
1.95012,-0.0576901,0.00172722,0
1.95121,-0.0577203,0.00172288,0
1.95221,-0.0577318,0.00172122,0
1.95313,-0.0576984,0.00169516,0
1.95418,-0.0577062,0.00168148,0
1.95516,-0.0577298,0.00167819,0
1.95611,-0.0577193,0.00166375,0
1.95712,-0.0577149,0.00165082,0
1.95812,-0.0577126,0.00164167,0
1.95916,-0.0577114,0.00163082,0
1.96016,-0.0577104,0.0016229,0
1.9611,-0.0577192,0.00162093,0
1.96212,-0.0577227,0.00161767,0
1.96313,-0.0577137,0.00161075,0
1.96412,-0.0577423,0.00161173,0
1.96512,-0.0577336,0.00159845,0
1.96615,-0.0577299,0.00159006,0
1.96711,-0.0577277,0.00158063,0
1.96807,-0.0577263,0.00157444,0
1.96912,-0.0577254,0.00156624,0
1.9701,-0.0577452,0.00156845,0
1.97113,-0.0577316,0.00155639,0
1.97211,-0.0577253,0.00154921,0
1.9731,-0.0577219,0.00154103,0
1.97411,-0.0577197,0.00153608,0
1.97512,-0.0577278,0.00153712,0
1.9761,-0.0577308,0.00153683,0
1.97711,-0.0577322,0.00153187,0
1.9781,-0.0577325,0.0015285,0
1.9791,-0.0577324,0.00152246,0
1.98012,-0.0577318,0.00151887,0
1.98117,-0.0577313,0.00151298,0
1.98226,-0.0577304,0.00150963,0
1.98311,-0.0577296,0.00150397,0
1.98414,-0.0577286,0.00150094,0
1.98512,-0.0577282,0.00149978,0
1.9861,-0.0577276,0.00149475,0
1.98716,-0.0577283,0.00148931,0
1.98809,-0.0577285,0.00148724,0
1.98904,-0.0577245,0.00148424,0
1.99013,-0.0578255,0.00150897,0
1.99113,-0.0580663,0.00154041,0
1.99211,-0.0582929,0.00157941,0
1.99318,-0.0584695,0.00161646,0
1.99447,-0.0585652,0.00163834,0
1.99533,-0.0586203,0.0016491,0
1.99611,-0.0586534,0.00165733,0
1.99712,-0.0586627,0.00165906,0
1.99812,-0.0586505,0.00165093,0
1.99914,-0.0586525,0.0016551,0
2.00011,-0.0586481,0.00165415,0
2.00113,-0.0586405,0.00165415,0
2.0021,-0.0586418,0.00165888,0
2.0031,-0.0586361,0.00166154,0
2.00418,-0.0586278,0.00165888,0
2.0051,-0.0586175,0.00165743,0
2.00613,-0.0586062,0.00165284,0
2.00715,-0.0585937,0.00165042,0
2.00818,-0.0585808,0.00164524,0
2.00921,-0.0585671,0.0016424,0
2.01012,-0.0585619,0.00164132,0
2.01115,-0.0585418,0.00163549,0
2.01212,-0.0585249,0.00162873,0
2.01314,-0.0585185,0.00162615,0
2.0141,-0.0585076,0.00162756,0
2.01516,-0.0584946,0.0016279,0
2.01616,-0.0584896,0.00162803,0
2.01716,-0.0584702,0.00162229,0
2.01816,-0.0584538,0.00161541,0
2.01959,-0.0584382,0.00161156,0
2.02014,-0.0584231,0.00160542,0
2.02112,-0.0584174,0.00160307,0
2.02216,-0.0583964,0.00159627,0
2.02312,-0.0583884,0.00159367,0
2.02416,-0.0583775,0.00159487,0
2.02513,-0.0583648,0.00159511,0
2.02623,-0.058352,0.00159069,0
2.02717,-0.0583386,0.00158786,0
2.02811,-0.0583251,0.00158222,0
2.02913,-0.0583113,0.00157899,0
2.03013,-0.0582976,0.00157323,0
2.03112,-0.0582838,0.00157003,0
2.03213,-0.0582542,0.0015562,0
2.03312,-0.0582501,0.00155766,0
2.03414,-0.0582403,0.00155443,0
2.03511,-0.0582284,0.00155245,0
2.03612,-0.0582059,0.00156762,0
2.03711,-0.0581932,0.00157543,0
2.03809,-0.0581814,0.00157779,0
2.03912,-0.0581699,0.00157452,0
2.04013,-0.0581583,0.00157257,0
2.04115,-0.0581468,0.00156774,0
2.04213,-0.0581352,0.00156527,0
2.04314,-0.0581308,0.00156432,0
2.0441,-0.0581221,0.00155994,0
2.04518,-0.0581117,0.00155772,0
2.04614,-0.0580937,0.00155246,0
2.04715,-0.0580802,0.0015466,0
2.04811,-0.058075,0.00154436,0
2.04915,-0.0580707,0.00154722,0
2.0501,-0.0580634,0.00154898,0
2.05115,-0.0580366,0.00153701,0
2.05217,-0.0580392,0.00154076,0
2.05376,-0.0580347,0.00153923,0
2.05413,-0.0580276,0.00153863,0
2.05508,-0.0580249,0.0015384,0
2.05615,-0.0580184,0.00153476,0
2.05728,-0.0580183,0.00153461,0
2.05836,-0.0580041,0.00152928,0
2.0594,-0.0579928,0.00152747,0
2.06016,-0.0579916,0.00152484,0
2.06112,-0.0579852,0.00152352,0
2.06215,-0.0579766,0.00151953,0
2.06312,-0.0579786,0.00152577,0
2.06432,-0.0579746,0.00152566,0
2.06514,-0.0579481,0.00151624,0
2.06614,-0.0579329,0.00150876,0
2.06713,-0.057696,0.00151181,0
2.06819,-0.0571572,0.00154615,0
2.06911,-0.0568295,0.001581,0
2.07011,-0.0566884,0.00159583,0
2.07112,-0.0566281,0.001605,0
2.07211,-0.0565963,0.00160858,0
2.07317,-0.0565735,0.00161438,0
2.0742,-0.0565538,0.00161675,0
2.07512,-0.0565346,0.00162209,0
2.07616,-0.0565669,0.00162937,0
2.07728,-0.0565761,0.00163576,0
2.07814,-0.0565685,0.00163893,0
2.07913,-0.0565523,0.00164075,0
2.08012,-0.0565325,0.0016458,0
2.08112,-0.0565122,0.0016471,0
2.08235,-0.0564915,0.00165173,0
2.08311,-0.0564716,0.00165265,0
2.08412,-0.0564515,0.00165704,0
2.08514,-0.0564324,0.00165769,0
2.08615,-0.0564135,0.00166184,0
2.08714,-0.056449,0.00166733,0
2.08812,-0.0564582,0.00167274,0
2.08922,-0.0564518,0.00167334,0
2.09017,-0.0564371,0.00167733,0
2.09111,-0.0564202,0.00167743,0
2.09212,-0.0564025,0.00168107,0
2.09313,-0.0563849,0.00168089,0
2.09409,-0.0563336,0.00167644,0
2.09512,-0.0564001,0.00167829,0
2.09613,-0.0564727,0.00167947,0
2.09709,-0.0565124,0.00167251,0
2.09813,-0.0565373,0.00166453,0
2.09912,-0.0566178,0.00166217,0
2.10012,-0.0566939,0.0016667,0
2.10116,-0.0567491,0.00166392,0
2.10212,-0.0567948,0.00166189,0
2.10311,-0.0568355,0.00165579,0
2.10415,-0.0568722,0.00165247,0
2.10512,-0.056905,0.0016475,0
2.10611,-0.0569376,0.00164139,0
2.10749,-0.056969,0.00163781,0
2.10828,-0.056999,0.00163145,0
2.10919,-0.0570271,0.00162787,0
2.1101,-0.0570537,0.00162174,0
2.11116,-0.0570793,0.00161818,0
2.1121,-0.0570891,0.00161681,0
2.11312,-0.0571325,0.00161936,0
2.11415,-0.0571624,0.00161622,0
2.11509,-0.057186,0.0016143,0
2.11611,-0.057207,0.0016094,0
2.11711,-0.0572263,0.0016068,0
2.11807,-0.0572447,0.00160167,0
2.11918,-0.0572621,0.00159902,0
2.1201,-0.0572789,0.00159394,0
2.1211,-0.0572948,0.00159136,0
2.12214,-0.0573225,0.00159384,0
2.12312,-0.057343,0.00159518,0
2.1241,-0.0573606,0.00159194,0
2.12517,-0.0573761,0.00159025,0
2.12616,-0.0573908,0.00158588,0
2.12714,-0.0573736,0.00157454,0
2.12845,-0.0574051,0.00157537,0
2.12911,-0.0574246,0.00157599,0
2.1301,-0.0574397,0.00157278,0
2.1311,-0.0574521,0.00157134,0
2.13212,-0.057476,0.00157468,0
2.13311,-0.0574923,0.00157679,0
2.1341,-0.0575058,0.00157428,0
2.13512,-0.0575174,0.00157337,0
2.13611,-0.0575218,0.00157302,0
2.13708,-0.0575355,0.00156965,0
2.13818,-0.0575466,0.00156504,0
2.13913,-0.0575559,0.00156344,0
2.14012,-0.0575594,0.00156283,0
2.14121,-0.0575658,0.0015594,0
2.14234,-0.0575728,0.00155833,0
2.14315,-0.0575801,0.00155478,0
2.14439,-0.0575871,0.00155377,0
2.14516,-0.0576067,0.00155769,0
2.14614,-0.0576354,0.00156325,0
2.14712,-0.0576344,0.00156024,0
2.14812,-0.0576253,0.00154978,0
2.14912,-0.0576534,0.00155548,0
2.15018,-0.0576516,0.00155248,0
2.15117,-0.0576252,0.00154187,0
2.15217,-0.0576475,0.00154483,0
2.15319,-0.0576438,0.00154439,0
2.15432,-0.0576757,0.00155237,0
2.1554,-0.0576797,0.00154959,0
2.15614,-0.0577135,0.00155542,0
2.15715,-0.0577293,0.00155901,0
2.15811,-0.0577375,0.00155747,0
2.15911,-0.0577146,0.00154717,0
2.1601,-0.0577058,0.00154324,0
2.16111,-0.0577345,0.00155021,0
2.16212,-0.0577193,0.00153973,0
2.16313,-0.0576994,0.00153278,0
2.16412,-0.0577218,0.00153833,0
2.16511,-0.0577334,0.00154224,0
2.16616,-0.0577122,0.00153085,0
2.16721,-0.0577041,0.0015265,0
2.16821,-0.0577336,0.001534,0
2.16915,-0.0577478,0.00153884,0
2.17008,-0.0577532,0.00154069,0
2.17111,-0.0577602,0.00154097,0
2.17212,-0.0577645,0.00153828,0
2.17312,-0.0577956,0.00154915,0
2.17419,-0.0578095,0.00155164,0
2.17511,-0.057788,0.00154287,0
2.17613,-0.0577804,0.00153658,0
2.17713,-0.057778,0.0015353,0
2.1781,-0.0577783,0.00153272,0
2.1791,-0.0577795,0.00153311,0
2.18011,-0.0578229,0.00154948,0
2.18119,-0.0578395,0.00155573,0
2.18211,-0.0578221,0.00154748,0
2.18309,-0.0578166,0.00154568,0
2.18413,-0.0578162,0.00154312,0
2.18513,-0.0578174,0.00154372,0
2.18612,-0.0578179,0.00154395,0
2.18709,-0.0578213,0.00154241,0
2.18812,-0.0578233,0.00154279,0
2.18913,-0.0578246,0.00154084,0
2.19023,-0.0577976,0.00153059,0
2.19111,-0.057816,0.00153539,0
2.19223,-0.0578376,0.00154663,0
2.19314,-0.0578485,0.00155023,0
2.19416,-0.0578546,0.0015534,0
2.19511,-0.0578587,0.00155292,0
2.19613,-0.0578615,0.00155445,0
2.19711,-0.0578639,0.00155333,0
2.19812,-0.0578658,0.0015546,0
2.19912,-0.0578677,0.00155336,0
2.20016,-0.0578691,0.00155457,0
2.20177,-0.0578706,0.00155331,0
2.20265,-0.0578711,0.00155283,0
2.20313,-0.0578726,0.00155261,0
2.20417,-0.0578736,0.00155423,0
2.20513,-0.0578884,0.00156027,0
2.20616,-0.0578957,0.00156523,0
2.20712,-0.0578984,0.00156713,0
2.20812,-0.0578743,0.001557,0
2.20908,-0.0578937,0.00156223,0
2.21022,-0.0579024,0.00156673,0
2.21114,-0.0578784,0.00155551,0
2.21212,-0.0578979,0.00156396,0
2.21312,-0.0579064,0.00156621,0
2.21412,-0.0579097,0.00156707,0
2.2151,-0.0579124,0.00156773,0
2.21612,-0.0579278,0.0015768,0
2.21711,-0.0579356,0.00157964,0
2.21813,-0.0579117,0.00157132,0
2.21912,-0.0579314,0.0015775,0
2.22013,-0.05794,0.00158241,0
2.2211,-0.0579447,0.00158293,0
2.2222,-0.057947,0.001585,0
2.22309,-0.0579479,0.00158578,0
2.22409,-0.0579492,0.00158637,0
2.22509,-0.0579497,0.00158659,0
2.22614,-0.0579505,0.00158515,0
2.22714,-0.0579508,0.00158649,0
2.22811,-0.0579653,0.0015924,0
2.22914,-0.0579709,0.00159467,0
2.23012,-0.0579756,0.00159694,0
2.2311,-0.057992,0.00160422,0
2.23215,-0.0579982,0.001607,0
2.23317,-0.0580007,0.0016062,0
2.23411,-0.0579872,0.00160309,0
2.23516,-0.0579956,0.00160479,0
2.23615,-0.0579847,0.00160249,0
2.23711,-0.0579806,0.00160022,0
2.23813,-0.0579929,0.00160577,0
2.23916,-0.0579973,0.00160606,0
2.24012,-0.0580121,0.00161469,0
2.24112,-0.0580182,0.00161708,0
2.2421,-0.0580205,0.00161969,0
2.24311,-0.0580214,0.00161902,0
2.24424,-0.0580214,0.00162053,0
2.24511,-0.0580212,0.00161945,0
2.24607,-0.0580206,0.0016208,0
2.24709,-0.0580201,0.00161965,0
2.24811,-0.0580192,0.00162098,0
2.24911,-0.0580185,0.00161983,0
2.25016,-0.0580174,0.00162117,0
2.25111,-0.0580165,0.00162004,0
2.2521,-0.05803,0.00162827,0
2.25318,-0.0580359,0.00163073,0
2.25414,-0.0580385,0.00163359,0
2.25534,-0.0580398,0.00163322,0
2.25632,-0.0580401,0.00163505,0
2.25715,-0.0580401,0.0016342,0
2.25812,-0.0580118,0.00162432,0
2.25917,-0.0580282,0.00163003,0
2.26014,-0.0580348,0.00163494,0
2.26114,-0.0580089,0.00162371,0
2.26222,-0.0580259,0.00163236,0
2.26319,-0.0580329,0.001635,0
2.26413,-0.0580497,0.00164468,0
2.26544,-0.058057,0.00164869,0
2.26642,-0.0580605,0.00164955,0
2.26718,-0.058062,0.00165198,0
2.26811,-0.0580629,0.00165149,0
2.26916,-0.0580633,0.00165327,0
2.27015,-0.0580634,0.00165395,0
2.27116,-0.0580637,0.00165269,0
2.27215,-0.0580638,0.00165221,0
2.27313,-0.0580492,0.00164705,0
2.27414,-0.0580437,0.00164509,0
2.27513,-0.0580263,0.00163478,0
2.27615,-0.057993,0.00161948,0
2.27712,-0.0580015,0.00161534,0
2.27812,-0.0580275,0.00143446,0
2.27912,-0.0580308,0.00125873,0
2.28013,-0.05801,0.00116557,0
2.28115,-0.0580328,0.00114637,0
2.2821,-0.058015,0.00111919,0
2.28317,-0.0580099,0.00110574,0
2.28414,-0.0580089,0.00110136,0
2.28515,-0.0580102,0.00109761,0
2.28613,-0.0580107,0.00109617,0
2.28715,-0.058029,0.00108738,0
2.2881,-0.058036,0.00108401,0
2.2891,-0.058025,0.00109196,0
2.2901,-0.0580355,0.00112605,0
2.2911,-0.0580396,0.00113908,0
2.29209,-0.058058,0.00113562,0
2.29309,-0.0580675,0.00113474,0
2.29418,-0.0580722,0.00113193,0
2.29508,-0.05806,0.00114053,0
2.2961,-0.0580558,0.00114246,0
2.29714,-0.0580556,0.00114474,0
2.2981,-0.0580572,0.00114317,0
2.29911,-0.0580594,0.00114397,0
2.30013,-0.0580603,0.00114428,0
2.30113,-0.0580628,0.00114324,0
2.30216,-0.0580504,0.00114942,0
2.30317,-0.058032,0.00112484,0
2.30419,-0.0580569,0.00113523,0
2.30523,-0.0580976,0.00116057,0
2.30611,-0.0581144,0.00117245,0
2.30716,-0.0580935,0.00115308,0
2.30812,-0.0581143,0.00116765,0
2.30915,-0.0581236,0.00117178,0
2.31012,-0.0580992,0.00115325,0
2.31112,-0.0581189,0.00116481,0
2.31211,-0.0581272,0.00117171,0
2.31309,-0.0581025,0.0011506,0
2.31411,-0.0581217,0.00116514,0
2.31511,-0.05813,0.00116968,0
2.31611,-0.0581049,0.00115141,0
2.31711,-0.0581394,0.00119282,0
2.31811,-0.0581524,0.00121317,0
2.31913,-0.0581301,0.00119691,0
2.32012,-0.0581226,0.00119071,0
2.32114,-0.0581494,0.0012073,0
2.32212,-0.0581317,0.0011939,0
2.32312,-0.0581263,0.00118597,0
2.3241,-0.0581535,0.00120598,0
2.3255,-0.0581358,0.00119041,0
2.32612,-0.0581299,0.00118551,0
2.32714,-0.0581571,0.00120333,0
2.32812,-0.0581386,0.00119091,0
2.32911,-0.0581326,0.00118377,0
2.33018,-0.0581768,0.00123193,0
2.33112,-0.0581624,0.00123095,0
2.33212,-0.0581582,0.00123224,0
2.33315,-0.0581868,0.00125133,0
2.33412,-0.058169,0.00124104,0
2.33511,-0.058165,0.00124178,0
2.33612,-0.0581641,0.00125094,0
2.33712,-0.0581628,0.00126631,0
2.33813,-0.058161,0.00128757,0
2.33914,-0.0581884,0.00132476,0
2.34019,-0.0581691,0.0013354,0
2.34113,-0.0581762,0.00135583,0
2.34211,-0.0581787,0.00137452,0
2.34311,-0.0581794,0.00139464,0
2.34411,-0.0581794,0.00141125,0
2.34511,-0.0581785,0.00142959,0
2.3461,-0.0581775,0.00144472,0
2.3471,-0.058176,0.0014617,0
2.34812,-0.0581746,0.00147555,0
2.34909,-0.0581729,0.00149131,0
2.3501,-0.0581712,0.00150403,0
2.35111,-0.0581691,0.00151872,0
2.35211,-0.0581673,0.00153042,0
2.3531,-0.0581811,0.00155026,0
2.3541,-0.0581869,0.0015644,0
2.3551,-0.0582178,0.0015943,0
2.35616,-0.0582026,0.00159628,0
2.3571,-0.0581959,0.00160493,0
2.35811,-0.0582212,0.00162788,0
2.35907,-0.0582016,0.00162999,0
2.36011,-0.058193,0.00163441,0
2.36113,-0.058188,0.00164338,0
2.36213,-0.0581851,0.0016507,0
2.36312,-0.0581827,0.00166063,0
2.3641,-0.0581808,0.00166794,0
2.36511,-0.0581787,0.00167751,0
2.36616,-0.0581768,0.00168434,0
2.36712,-0.0581909,0.00169941,0
2.36811,-0.0581968,0.00170893,0
2.3691,-0.0581991,0.0017191,0
2.3701,-0.0581998,0.00172585,0
2.37111,-0.0581995,0.00173457,0
2.3721,-0.0581991,0.00174044,0
2.37309,-0.0581981,0.00174852,0
2.3741,-0.0581973,0.00175385,0
2.37511,-0.058196,0.00176146,0
2.3761,-0.0581949,0.00176636,0
2.37716,-0.0581934,0.00177357,0
2.3781,-0.0581922,0.00177809,0
2.3791,-0.0581906,0.00178494,0
2.38013,-0.0582055,0.00179592,0
2.38113,-0.0582119,0.00180324,0
2.3821,-0.0582146,0.00181131,0
2.38311,-0.0582158,0.00181599,0
2.38413,-0.0582159,0.00182272,0
2.38511,-0.0582159,0.00182665,0
2.38611,-0.0582153,0.00183286,0
2.3871,-0.0582148,0.0018364,0
2.38811,-0.0582138,0.00184228,0
2.3891,-0.058213,0.00184553,0
2.39011,-0.0582119,0.00185113,0
2.39111,-0.0582111,0.00185424,0
2.3921,-0.0582097,0.00185954,0
2.39314,-0.058225,0.00186804,0
2.39412,-0.0582316,0.00187628,0
2.3952,-0.0582348,0.00188041,0
2.39615,-0.058236,0.0018863,0
2.39714,-0.0582365,0.00188931,0
2.39813,-0.0582368,0.00189046,0
2.39919,-0.0582364,0.00189561,0
2.40011,-0.0582357,0.00190156,0
2.40112,-0.0582352,0.00190429,0
2.40212,-0.0582345,0.0019093,0
2.40311,-0.0582336,0.00191144,0
2.40411,-0.0582325,0.001916,0
2.40514,-0.0582481,0.00192364,0
2.40613,-0.0582549,0.0019311,0
2.40713,-0.0582584,0.00193451,0
2.40858,-0.0582597,0.00193971,0
2.40911,-0.0582604,0.00194206,0
2.41011,-0.0582603,0.0019467,0
2.41111,-0.0582604,0.00194881,0
2.41211,-0.0582598,0.00195312,0
2.41311,-0.0582593,0.00195487,0
2.4141,-0.0582585,0.00195906,0
2.41514,-0.0582578,0.00196068,0
2.4161,-0.0582569,0.00196472,0
2.41713,-0.0582727,0.00197266,0
2.4181,-0.0582799,0.00197723,0
2.41913,-0.0582831,0.00198278,0
2.42011,-0.0582847,0.00198509,0
2.42111,-0.0582851,0.00198954,0
2.42211,-0.0582853,0.00199128,0
2.42311,-0.058285,0.00199539,0
2.4241,-0.0582847,0.00199689,0
2.42512,-0.0582839,0.00200081,0
2.42613,-0.0582833,0.00200216,0
2.42713,-0.0582823,0.00200595,0
2.4281,-0.0582816,0.00200731,0
2.42911,-0.0582803,0.0020109,0
2.43012,-0.0582963,0.00201755,0
2.43111,-0.058303,0.00202399,0
2.43218,-0.0583063,0.00202655,0
2.43313,-0.0583075,0.002031,0
2.43412,-0.0583081,0.00203264,0
2.43511,-0.058308,0.00203661,0
2.43611,-0.0583078,0.00203796,0
2.43711,-0.0583072,0.00204172,0
2.43812,-0.0583066,0.00204291,0
2.43914,-0.0583056,0.00204654,0
2.44014,-0.0583048,0.00204762,0
2.44112,-0.0583036,0.00205114,0
2.44217,-0.0583026,0.00205213,0
2.44312,-0.0583013,0.00205558,0
2.44412,-0.0583172,0.00206177,0
2.44514,-0.058324,0.00206804,0
2.44613,-0.0583273,0.00207044,0
2.44714,-0.0583284,0.00207474,0
2.44812,-0.0583289,0.00207624,0
2.44917,-0.0583287,0.00208007,0
2.45013,-0.0583285,0.00208129,0
2.45113,-0.0583278,0.00208494,0
2.45213,-0.0583272,0.00208602,0
2.4531,-0.0583263,0.00208955,0
2.45415,-0.0583255,0.00209158,0
2.4551,-0.0583244,0.00209257,0
2.4561,-0.0583402,0.00210122,0
2.45713,-0.0583475,0.00210494,0
2.45811,-0.0583506,0.00210982,0
2.4591,-0.0583521,0.00211161,0
2.46011,-0.0583524,0.0021156,0
2.46115,-0.0583525,0.00211712,0
2.46213,-0.0583521,0.0021207,0
2.46314,-0.0583517,0.00212178,0
2.46414,-0.0583515,0.00212219,0
2.46511,-0.0583504,0.00212513,0
2.46622,-0.0583491,0.00212932,0
2.46713,-0.0583482,0.00213065,0
2.4681,-0.0583468,0.00213406,0
2.46912,-0.0583456,0.00213492,0
2.4701,-0.0583614,0.00214325,0
2.4711,-0.0583686,0.00214681,0
2.47213,-0.0583716,0.0021516,0
2.47314,-0.058373,0.00215334,0
2.47414,-0.0583732,0.0021573,0
2.47515,-0.0583733,0.00215881,0
2.47616,-0.0583726,0.00216223,0
2.4771,-0.0583602,0.00215593,0
2.47811,-0.0583555,0.00215352,0
2.47912,-0.0583653,0.00216324,0
2.48009,-0.058369,0.00216695,0
2.48111,-0.0583571,0.00216363,0
2.48212,-0.0583816,0.00217798,0
2.48321,-0.0583922,0.002184,0
2.48412,-0.0583967,0.00218989,0
2.48514,-0.0583985,0.002192,0
2.48612,-0.0583988,0.00219607,0
2.48712,-0.0583988,0.00219737,0
2.48814,-0.0583983,0.00220119,0
2.48907,-0.0583981,0.00220265,0
2.49015,-0.0583969,0.00220599,0
2.49118,-0.0583964,0.00220727,0
2.49211,-0.0583955,0.00220815,0
2.49314,-0.0584121,0.00221374,0
2.49412,-0.0584314,0.00222752,0
2.4951,-0.0584092,0.00222011,0
2.49613,-0.058428,0.00223179,0
2.49714,-0.0584235,0.00222861,0
2.4981,-0.0584217,0.0022306,0
2.49913,-0.0584096,0.00222386,0
2.50016,-0.0583874,0.00221998,0
2.5011,-0.0584243,0.00223467,0
2.50216,-0.0584227,0.00224031,0
2.5032,-0.058392,0.00222965,0
2.5041,-0.0583961,0.0022329,0
2.50513,-0.0584097,0.00224198,0
2.50616,-0.0584149,0.00224544,0
2.50712,-0.0584453,0.00226214,0
2.50847,-0.0584275,0.00225984,0
2.50951,-0.0584207,0.00225896,0
2.51047,-0.0584444,0.00227263,0
2.51132,-0.0584242,0.00226567,0
2.51211,-0.0584165,0.00226302,0
2.51311,-0.058382,0.0022519,0
2.51412,-0.0583952,0.00226234,0
2.51512,-0.05843,0.00227885,0
2.51609,-0.0584136,0.00227634,0
2.51713,-0.0584058,0.00227447,0
2.51811,-0.0584484,0.00229316,0
2.5191,-0.0584371,0.00228887,0
2.5201,-0.0584322,0.00229029,0
2.52114,-0.0584593,0.00230266,0
2.52242,-0.0584696,0.00230739,0
2.52333,-0.0584439,0.0023002,0
2.52411,-0.0584329,0.00230052,0
2.52514,-0.0584282,0.0023004,0
2.52645,-0.0584256,0.00230356,0
2.52711,-0.058424,0.00230542,0
2.52811,-0.0584228,0.0023066,0
2.52912,-0.0584214,0.00231028,0
2.53012,-0.0584381,0.00231587,0
2.53111,-0.0584753,0.0023342,0
2.53212,-0.0584618,0.00232974,0
2.53313,-0.0584559,0.00233112,0
2.53411,-0.0584533,0.00233151,0
2.53512,-0.058452,0.0023351,0
2.53612,-0.0584513,0.00233641,0
2.53717,-0.0584506,0.00234029,0
2.53823,-0.0584503,0.00234177,0
2.53925,-0.0584671,0.00234976,0
2.54024,-0.0584751,0.00235342,0
2.54114,-0.0584787,0.00235845,0
2.54213,-0.0584806,0.00236076,0
2.54312,-0.0584521,0.00235324,0
2.54419,-0.0584693,0.00236189,0
2.54512,-0.0584759,0.00236519,0
2.54609,-0.0584788,0.00237044,0
2.54711,-0.0584799,0.00237604,0
2.54811,-0.0584801,0.00237811,0
2.54909,-0.0584796,0.00238224,0
2.55011,-0.058479,0.00238366,0
2.55113,-0.058478,0.00238749,0
2.55212,-0.0585066,0.00240076,0
2.55308,-0.0585175,0.00240583,0
2.55411,-0.0585114,0.00240371,0
2.55509,-0.0585089,0.00240644,0
2.55613,-0.0585074,0.00240783,0
2.55708,-0.0585066,0.00241193,0
2.55815,-0.0585062,0.00241349,0
2.55923,-0.0585061,0.00241413,0
2.56011,-0.0585054,0.00241779,0
2.56112,-0.0585044,0.00242257,0
2.56213,-0.0585036,0.0024252,0
2.56314,-0.0585027,0.0024268,0
2.5641,-0.0585024,0.00242742,0
2.56514,-0.0585122,0.00243878,0
2.56613,-0.058503,0.00243824,0
2.56712,-0.0585168,0.00244145,0
2.56808,-0.0585221,0.00244268,0
2.56912,-0.0585369,0.00245525,0
2.57014,-0.0585418,0.00246361,0
2.57111,-0.058532,0.0024586,0
2.57213,-0.0585278,0.00245986,0
2.57312,-0.0585372,0.0024683,0
2.57411,-0.0585285,0.00246694,0
2.57511,-0.0585359,0.00247407,0
2.57607,-0.0585388,0.00247679,0
2.57705,-0.0585383,0.00248079,0
2.57804,-0.0585381,0.00248232,0
2.57907,-0.0585537,0.00248941,0
2.58006,-0.0585596,0.00249211,0
2.58117,-0.0585623,0.00249661,0
2.58212,-0.0585634,0.00249832,0
2.58307,-0.0585632,0.00250242,0
2.58412,-0.0585621,0.0025072,0
2.58514,-0.0585617,0.00250903,0
2.58609,-0.0585601,0.00251278,0
2.58709,-0.0585589,0.00251399,0
2.58811,-0.0585574,0.00251765,0
2.58913,-0.0585568,0.00251905,0
2.59014,-0.0585548,0.00252249,0
2.59112,-0.0585541,0.00252381,0
2.59209,-0.0585519,0.00252718,0
2.59308,-0.058551,0.00252847,0
2.59408,-0.0585689,0.00253606,0
2.5952,-0.0585758,0.00253896,0
2.59611,-0.0585786,0.00254023,0
2.59709,-0.0585794,0.00254437,0
2.59812,-0.0585796,0.00254698,0
2.59911,-0.0585794,0.00254878,0
2.60009,-0.058568,0.00254501,0
2.60105,-0.0585747,0.00255167,0
2.60208,-0.0585767,0.00255807,0
2.60315,-0.0585769,0.00256041,0
2.60407,-0.058576,0.0025646,0
2.60511,-0.0585751,0.00256603,0
2.60609,-0.0585919,0.00257326,0
2.60708,-0.0585998,0.0025765,0
2.60808,-0.0586027,0.00258148,0
2.60912,-0.0586041,0.00258369,0
2.61018,-0.0586042,0.0025882,0
2.61126,-0.0586042,0.00259007,0
2.61213,-0.0586037,0.00259419,0
2.61313,-0.0585927,0.00258811,0
2.61413,-0.0585989,0.00259724,0
2.61519,-0.0586012,0.00260119,0
2.61622,-0.0586011,0.00260609,0
2.61721,-0.0586005,0.00260783,0
2.61815,-0.0585992,0.00261167,0
2.61917,-0.0585693,0.00260186,0
2.62018,-0.0586024,0.00261537,0
2.62117,-0.0586178,0.00262149,0
2.62217,-0.058595,0.00261649,0
2.62314,-0.0586137,0.00262565,0
2.62414,-0.0586219,0.00263334,0
2.62515,-0.0585964,0.0026254,0
2.62617,-0.0586134,0.00263666,0
2.62717,-0.0586211,0.00264155,0
2.62817,-0.0585947,0.00263591,0
2.62914,-0.0586117,0.00264447,0
2.63013,-0.0586187,0.00265184,0
2.63112,-0.0586211,0.00265463,0
2.63218,-0.0586213,0.00265917,0
2.63323,-0.0586209,0.00266181,0
2.63421,-0.0586384,0.00266641,0
2.63515,-0.0586175,0.00266126,0
2.63614,-0.0586394,0.00267052,0
2.63729,-0.058649,0.0026784,0
2.63819,-0.0586244,0.00267085,0
2.63916,-0.0586418,0.00268223,0
2.64015,-0.0586498,0.00268727,0
2.64124,-0.0586239,0.00268195,0
2.64231,-0.058641,0.00269059,0
2.64312,-0.0586483,0.00269806,0
2.64411,-0.0586509,0.00270083,0
2.64511,-0.0586226,0.00269445,0
2.64617,-0.0585996,0.00268376,0
2.64716,-0.0586478,0.00270506,0
2.64815,-0.0586695,0.00271471,0
2.64919,-0.0585552,0.00262607,0
2.65023,-0.058503,0.00253957,0
2.65116,-0.0584576,0.00249423,0
2.6522,-0.0584401,0.00248074,0
2.65314,-0.0584662,0.00249696,0
2.65419,-0.0584855,0.00251453,0
2.65517,-0.0584868,0.00252569,0
2.65616,-0.0585046,0.0025477,0
2.65712,-0.0585038,0.00255918,0
2.65822,-0.0585197,0.00258084,0
2.65921,-0.058529,0.00260015,0
2.66012,-0.0585548,0.00261553,0
2.66121,-0.0585646,0.00262141,0
2.66212,-0.0585757,0.00263861,0
2.66313,-0.0585844,0.00265494,0
2.66418,-0.0585613,0.00265539,0
2.6652,-0.058583,0.00267471,0
2.66618,-0.0585954,0.00268743,0
2.66716,-0.0585727,0.00268941,0
2.66815,-0.0585941,0.00270487,0
2.66913,-0.0586055,0.00271883,0
2.6701,-0.0585823,0.00271724,0
2.67111,-0.0585732,0.00272343,0
2.6721,-0.0586194,0.00274277,0
2.6731,-0.0586123,0.00274436,0
2.67413,-0.0586107,0.00275205,0
2.67514,-0.0586412,0.00276898,0
2.67611,-0.0586263,0.00277225,0
2.67714,-0.0586213,0.00277636,0
2.67817,-0.0586199,0.00278431,0
2.67911,-0.0586207,0.00279025,0
2.68012,-0.0586113,0.00279038,0
2.68111,-0.0586499,0.00281169,0
2.68215,-0.0586382,0.00281745,0
2.68313,-0.058664,0.00283259,0
2.68411,-0.0586956,0.00284643,0
2.68516,-0.0586822,0.00284428,0
2.68612,-0.0586776,0.00284951,0
2.68718,-0.058707,0.00286416,0
2.68817,-0.0587183,0.00286975,0
2.68911,-0.0586883,0.00286222,0
2.69016,-0.0586668,0.00285661,0
2.69116,-0.0586587,0.00285447,0
2.6921,-0.0586893,0.00287283,0
2.69311,-0.0586853,0.0028805,0
2.6941,-0.0587318,0.00290097,0
2.69511,-0.0587066,0.00289983,0
2.69613,-0.0587142,0.00290641,0
2.69712,-0.0586723,0.00289948,0
2.69823,-0.0587011,0.00291325,0
2.69912,-0.0586681,0.00290908,0
2.70011,-0.0587306,0.00293337,0
2.7011,-0.0587599,0.00294475,0
2.70214,-0.0587248,0.00294347,0
2.70313,-0.0587389,0.00295406,0
2.70417,-0.0587443,0.0029581,0
2.7051,-0.0587482,0.00296542,0
2.70612,-0.0587396,0.00296452,0
2.70712,-0.0587372,0.00296518,0
2.7081,-0.0587363,0.00296543,0
2.70911,-0.0587376,0.00297228,0
2.71012,-0.0587679,0.00298678,0
2.71114,-0.0587711,0.0029893,0
2.71211,-0.0587724,0.00299026,0
2.7131,-0.0587865,0.00300501,0
2.71414,-0.0587928,0.00301224,0
2.71515,-0.0587953,0.00301501,0
2.71609,-0.0587879,0.00301347,0
2.71712,-0.0587954,0.00302522,0
2.71811,-0.0587987,0.00303098,0
2.71911,-0.0587999,0.00303737,0
2.72012,-0.0587909,0.00303244,0
2.72113,-0.0587874,0.00303056,0
2.7221,-0.0587967,0.00304247,0
2.72312,-0.0587899,0.00304361,0
2.7241,-0.0588167,0.00305354,0
2.7251,-0.0588288,0.00306176,0
2.72611,-0.0588348,0.00306598,0
2.72712,-0.0588374,0.0030719,0
2.72825,-0.0588391,0.00307493,0
2.72912,-0.0588399,0.00308022,0
2.73027,-0.0588407,0.00308287,0
2.7311,-0.058841,0.0030879,0
2.73211,-0.0588415,0.00309036,0
2.73309,-0.0588415,0.00309523,0
2.7341,-0.0588417,0.00309753,0
2.73511,-0.0588601,0.00310328,0
2.73611,-0.0588697,0.00310609,0
2.73713,-0.0588742,0.00311156,0
2.73811,-0.0588769,0.00311459,0
2.73911,-0.0588783,0.00312,0
2.74015,-0.0588795,0.00312278,0
2.7411,-0.0588801,0.00312792,0
2.74214,-0.0588807,0.00313139,0
2.74311,-0.0588719,0.00312644,0
2.74412,-0.0588782,0.00313603,0
2.74514,-0.0588808,0.0031405,0
2.74615,-0.0588816,0.00314616,0
2.74713,-0.0589005,0.00314946,0
2.74817,-0.0589097,0.00315466,0
2.7503,-0.0589166,0.00316292,0
2.75135,-0.0589181,0.00316564,0
2.75212,-0.0589189,0.00317073,0
2.75311,-0.0589196,0.00317322,0
2.7541,-0.0589198,0.00317809,0
2.75512,-0.0589201,0.00318038,0
2.75612,-0.0589222,0.00318547,0
2.7571,-0.058923,0.00318741,0
2.75813,-0.0588957,0.00318408,0
2.7591,-0.0589291,0.00319162,0
2.7601,-0.058945,0.00319833,0
2.76111,-0.0589526,0.0032018,0
2.76219,-0.0589559,0.00320743,0
2.76311,-0.0589578,0.00321027,0
2.76417,-0.0589587,0.00321537,0
2.76511,-0.0589594,0.00321783,0
2.76611,-0.0589596,0.00322265,0
2.7671,-0.0589599,0.00322487,0
2.7681,-0.0589598,0.00322949,0
2.76911,-0.0589598,0.00323153,0
2.77025,-0.0589593,0.00323599,0
2.77111,-0.0589591,0.00323789,0
2.7721,-0.0589769,0.00324272,0
2.7731,-0.0589859,0.00324489,0
2.77411,-0.0589899,0.00324989,0
2.77513,-0.058992,0.00325344,0
2.77611,-0.0589933,0.00325611,0
2.77711,-0.0589937,0.00326114,0
2.77813,-0.0589942,0.00326348,0
2.7791,-0.0589942,0.00326818,0
2.7801,-0.0589943,0.00327028,0
2.7811,-0.0589939,0.00327477,0
2.78211,-0.0589937,0.0032767,0
2.78309,-0.058993,0.0032812,0
2.78409,-0.0589928,0.0032829,0
2.78515,-0.0590103,0.00328741,0
2.7861,-0.0590192,0.00328939,0
2.7871,-0.0590231,0.00329426,0
2.7881,-0.0590252,0.00329681,0
2.78915,-0.059026,0.00330176,0
2.79014,-0.0590267,0.0033041,0
2.79111,-0.0590268,0.00330882,0
2.79213,-0.059027,0.00331095,0
2.79312,-0.0590267,0.00331547,0
2.79411,-0.0590266,0.00331742,0
2.79516,-0.0590261,0.00332178,0
2.79611,-0.0590259,0.00332345,0
2.79719,-0.0590251,0.00332776,0
2.79812,-0.0590246,0.00332948,0
2.79912,-0.0590419,0.00333375,0
2.8001,-0.0590507,0.00333556,0
2.80113,-0.0590545,0.00334032,0
2.80214,-0.0590565,0.00334279,0
2.80311,-0.0590573,0.00334768,0
2.80415,-0.0590579,0.00334997,0
2.80513,-0.059058,0.00335465,0
2.80619,-0.059058,0.00335687,0
2.80714,-0.0590576,0.00336141,0
2.80814,-0.0590576,0.00336412,0
2.80912,-0.0590576,0.00336515,0
2.81017,-0.0590488,0.00336284,0
2.8112,-0.0590718,0.0033692,0
2.81215,-0.0590823,0.00337564,0
2.81313,-0.0590864,0.0033781,0
2.81417,-0.0590891,0.00338391,0
2.81531,-0.0590906,0.00338664,0
2.81611,-0.0590835,0.0033842,0
2.81715,-0.0590813,0.00338375,0
2.81814,-0.059073,0.00338033,0
2.81912,-0.0590782,0.00338692,0
2.82014,-0.0591062,0.00340086,0
2.82112,-0.0590932,0.00339992,0
2.82213,-0.0591128,0.0034108,0
2.82313,-0.0591203,0.00341495,0
2.8241,-0.0591251,0.00342114,0
2.82513,-0.0591273,0.00342394,0
2.8261,-0.0591279,0.00342879,0
2.8271,-0.0591282,0.00343064,0
2.82811,-0.059128,0.00343526,0
2.82912,-0.0591281,0.00343704,0
2.83008,-0.0591451,0.00344108,0
2.83108,-0.0591517,0.00344263,0
2.83211,-0.0591551,0.00344722,0
2.83312,-0.0591564,0.00344897,0
2.83411,-0.0591593,0.00345408,0
2.83509,-0.0591533,0.0034496,0
2.83612,-0.0591465,0.0034472,0
2.83715,-0.0591512,0.00345733,0
2.83814,-0.0591458,0.00345482,0
2.83909,-0.0591511,0.00346472,0
2.8401,-0.0591603,0.00347712,0
2.84169,-0.0591631,0.00348272,0
2.84213,-0.059163,0.00348789,0
2.84318,-0.0591551,0.00348249,0
2.84417,-0.0591585,0.00349031,0
2.84516,-0.0591767,0.00349283,0
2.84624,-0.0591848,0.0034969,0
2.8472,-0.0591883,0.0034985,0
2.84816,-0.059182,0.00349597,0
2.84965,-0.0591869,0.00350202,0
2.85012,-0.0591883,0.00350832,0
2.85112,-0.0591886,0.00351071,0
2.85214,-0.059188,0.00351498,0
2.85318,-0.0591874,0.0035165,0
2.85415,-0.0591864,0.0035204,0
2.85515,-0.0591856,0.00352175,0
2.85613,-0.0591844,0.00352553,0
2.85716,-0.0591835,0.00352679,0
2.85812,-0.0591997,0.00352978,0
2.85913,-0.0592078,0.0035308,0
2.86014,-0.0592108,0.00353508,0
2.86119,-0.0592122,0.00353717,0
2.86222,-0.0592125,0.00354171,0
2.86328,-0.0592127,0.00354369,0
2.8641,-0.0592124,0.00354806,0
2.86512,-0.0592053,0.00354291,0
2.86616,-0.0592094,0.00355138,0
2.86712,-0.0592108,0.00355518,0
2.86813,-0.0592109,0.00355994,0
2.86912,-0.0591863,0.00355577,0
2.87022,-0.0592154,0.00356255,0
2.87112,-0.0592307,0.00356489,0
2.87216,-0.0592124,0.00356386,0
2.87333,-0.0592276,0.00357094,0
2.87413,-0.0592357,0.00357463,0
2.87526,-0.0592145,0.00357403,0
2.87622,-0.0592284,0.00358002,0
2.87712,-0.0592355,0.00358581,0
2.8781,-0.0592142,0.00358243,0
2.87917,-0.0592275,0.00359061,0
2.88012,-0.0592346,0.00359367,0
2.88113,-0.0592129,0.00359264,0
2.88213,-0.0592433,0.00359705,0
2.88314,-0.0592589,0.00360207,0
2.88417,-0.0592418,0.00359898,0
2.88517,-0.0592571,0.00360775,0
2.8863,-0.0592655,0.00361146,0
2.88712,-0.0592451,0.00361113,0
2.88815,-0.0592591,0.00361715,0
2.88913,-0.0592665,0.00362303,0
2.89012,-0.0592458,0.00362,0
2.89111,-0.0592591,0.00362819,0
2.89211,-0.0592664,0.00363132,0
2.89311,-0.0592452,0.0036306,0
2.89411,-0.0592754,0.00363481,0
2.8951,-0.0592911,0.00363979,0
2.89613,-0.0592751,0.00363698,0
2.89711,-0.0592904,0.0036457,0
2.89811,-0.0592991,0.00364943,0
2.8991,-0.0592791,0.00364939,0
2.9001,-0.0592931,0.00365533,0
2.90112,-0.0593004,0.00366122,0
2.90213,-0.0592806,0.00365831,0
2.90311,-0.0592705,0.00366106,0
2.90411,-0.0592894,0.0036685,0
2.90509,-0.0592988,0.00367201,0
2.90612,-0.0592789,0.00367182,0
2.90711,-0.0593089,0.00367581,0
2.90813,-0.0593247,0.00368069,0
2.90913,-0.0593089,0.00367796,0
2.91011,-0.0593009,0.00368129,0
2.91111,-0.0593213,0.00368819,0
2.91208,-0.059308,0.00368925,0
2.91311,-0.0593015,0.00369034,0
2.91412,-0.0593217,0.0036996,0
2.9151,-0.0593087,0.00369807,0
2.91609,-0.0593016,0.00370144,0
2.9171,-0.059322,0.00370796,0
2.9181,-0.0593085,0.00370874,0
2.91911,-0.0593016,0.00370949,0
2.92009,-0.0593375,0.00371674,0
2.92109,-0.0593561,0.00371943,0
2.92212,-0.0593413,0.00371981,0
2.9231,-0.0593569,0.00372598,0
2.92411,-0.0593655,0.00373223,0
2.9251,-0.0593471,0.00373032,0
2.92611,-0.0593606,0.00373858,0
2.92709,-0.0593685,0.00374196,0
2.92809,-0.0593495,0.00374212,0
2.9291,-0.0593404,0.0037427,0
2.93009,-0.059359,0.00375123,0
2.93111,-0.0593458,0.00374959,0
2.9321,-0.0593385,0.00375282,0
2.9333,-0.0593582,0.00375885,0
2.93412,-0.059361,0.00375777,0
2.93515,-0.0593627,0.00375863,0
2.9361,-0.0593864,0.00376509,0
2.93711,-0.0593756,0.00376682,0
2.93812,-0.0593708,0.00376827,0
2.93912,-0.0593687,0.00377266,0
2.94011,-0.0593684,0.00377466,0
2.94111,-0.0593682,0.00377915,0
2.94215,-0.0593685,0.00378116,0
2.94311,-0.0593685,0.0037856,0
2.94411,-0.0593689,0.00378752,0
2.94511,-0.0593847,0.00378979,0
2.94613,-0.0593877,0.00378388,0
2.94711,-0.0593737,0.00378795,0
2.94818,-0.0593616,0.00378374,0
2.94909,-0.0593569,0.00378214,0
2.95013,-0.0593732,0.00378375,0
2.95113,-0.059387,0.00379543,0
2.95212,-0.0593933,0.00380154,0
2.95318,-0.0593902,0.00380123,0
2.95413,-0.0593969,0.00380866,0
2.95512,-0.0594148,0.00381407,0
2.95612,-0.05939,0.00381434,0
2.95717,-0.0593716,0.00381202,0
2.9581,-0.0593645,0.00381114,0
2.95911,-0.0594126,0.00383096,0
2.96011,-0.0594276,0.00383217,0
2.96113,-0.0594411,0.00384365,0
2.96211,-0.0594473,0.00384908,0
2.96312,-0.0594504,0.00385518,0
2.96411,-0.0594526,0.00385787,0
2.96513,-0.0594538,0.00386265,0
2.9661,-0.059455,0.00386567,0
2.96715,-0.059456,0.0038678,0
2.96811,-0.0594566,0.00387229,0
2.96913,-0.0594568,0.00387401,0
2.97022,-0.0594576,0.00387839,0
2.97111,-0.0594737,0.0038777,0
2.97212,-0.0594824,0.00388085,0
2.9731,-0.0594857,0.00388206,0
2.97412,-0.0594892,0.00388746,0
2.97513,-0.0594916,0.00389018,0
2.97611,-0.0594925,0.00389122,0
2.97705,-0.0594943,0.00389606,0
2.97812,-0.0594954,0.00390174,0
2.97911,-0.0594966,0.00390429,0
2.9801,-0.0594973,0.00390898,0
2.9811,-0.0594986,0.00391093,0
2.98217,-0.0594935,0.00390892,0
2.98312,-0.0594976,0.00391472,0
2.98411,-0.0595143,0.00391825,0
2.98512,-0.0595236,0.00391976,0
2.98612,-0.0595282,0.00392448,0
2.9871,-0.0595311,0.0039271,0
2.98811,-0.0595329,0.00393217,0
2.98912,-0.0595346,0.00393468,0
2.9901,-0.0595357,0.00393954,0
2.99111,-0.0595369,0.00394184,0
2.9921,-0.0595377,0.0039465,0
2.9931,-0.0595387,0.00394861,0
2.99412,-0.0595393,0.00395311,0
2.99509,-0.0595401,0.00395507,0
2.9961,-0.0595405,0.00395943,0
2.99712,-0.0595411,0.00396218,0
2.99816,-0.0595565,0.00396118,0
2.99912,-0.0595648,0.00396427,0
3.00013,-0.0595694,0.00396622,0
3.00112,-0.0595719,0.0039712,0
3.00213,-0.0595739,0.00397378,0
3.0031,-0.0595753,0.00397875,0
3.0041,-0.0595768,0.00398116,0
3.00513,-0.0595778,0.00398594,0
3.00611,-0.0595789,0.00398816,0
3.00714,-0.0595797,0.00399275,0
3.00811,-0.0595807,0.0039948,0
3.00915,-0.0595957,0.00399615,0
3.01009,-0.0596045,0.00399675,0
3.01112,-0.0596089,0.00400123,0
3.01214,-0.0596118,0.00400387,0
3.01313,-0.0596138,0.00400902,0
3.01411,-0.0596156,0.00401164,0
3.01511,-0.0596168,0.0040166,0
3.01616,-0.0596182,0.00401901,0
3.01722,-0.0596192,0.00402376,0
3.01823,-0.0596199,0.00402608,0
3.01918,-0.0596204,0.00403069,0
3.02012,-0.0596217,0.00403262,0
3.02112,-0.0596366,0.00403372,0
3.02213,-0.0596453,0.00403419,0
3.02311,-0.0596496,0.00403861,0
3.02413,-0.0596526,0.00404121,0
3.02512,-0.0596544,0.00404634,0
3.02612,-0.0596567,0.00404883,0
3.02712,-0.0596393,0.00405101,0
3.0281,-0.0596496,0.00405603,0
3.02909,-0.0596556,0.00405874,0
3.03011,-0.0596585,0.00406363,0
3.03112,-0.0596599,0.00406602,0
3.03212,-0.0596605,0.00406694,0
3.03315,-0.059661,0.00407101,0
3.03412,-0.0596802,0.00407549,0
3.0351,-0.0596875,0.0040772,0
3.03609,-0.0596934,0.00408181,0
3.03715,-0.0596789,0.00408158,0
3.03812,-0.059676,0.00409147,0
3.03916,-0.0596758,0.00409541,0
3.04011,-0.0596713,0.0040939,0
3.0411,-0.0596564,0.00409637,0
3.04211,-0.0596507,0.00409731,0
3.04306,-0.0596485,0.00409767,0
3.04411,-0.0596447,0.00410142,0
3.04513,-0.0596475,0.00410827,0
3.04615,-0.0596486,0.00411089,0
3.04711,-0.0596347,0.00411844,0
3.04811,-0.0596404,0.00411686,0
3.04936,-0.0596425,0.00411626,0
3.05017,-0.0596311,0.00412131,0
3.05119,-0.0596062,0.0041204,0
3.05212,-0.0595931,0.00412219,0
3.05313,-0.0595922,0.00412711,0
3.0541,-0.0595911,0.0041309,0
3.05512,-0.0595709,0.00412865,0
3.05619,-0.0595786,0.00413178,0
3.0571,-0.0595836,0.00413113,0
3.05812,-0.0595795,0.004127,0
3.05939,-0.059578,0.00412542,0
3.0601,-0.0595771,0.00412377,0
3.06111,-0.0595767,0.00412581,0
3.06237,-0.0595835,0.00413218,0
3.06315,-0.0595674,0.00413559,0
3.06415,-0.0595785,0.00413846,0
3.06513,-0.0595858,0.00414179,0
3.06612,-0.0595705,0.00414138,0
3.0671,-0.0595827,0.00414365,0
3.06811,-0.0595708,0.00414515,0
3.06913,-0.0595843,0.00414758,0
3.07013,-0.0595932,0.00415121,0
3.0712,-0.0595926,0.00414629,0
3.07214,-0.0595933,0.0041477,0
3.07311,-0.0596148,0.00415052,0
3.07419,-0.0596086,0.00415312,0
3.07512,-0.0596069,0.00415493,0
3.0761,-0.0596079,0.00415932,0
3.07711,-0.0596106,0.00416124,0
3.07817,-0.0596135,0.00416564,0
3.07912,-0.0596169,0.00416765,0
3.08012,-0.0596202,0.00417211,0
3.08117,-0.0596234,0.00417426,0
3.08211,-0.0596579,0.00417636,0
3.08313,-0.05966,0.00417534,0
3.0841,-0.0596617,0.0041799,0
3.0851,-0.0596838,0.00418457,0
3.08611,-0.0596794,0.00418871,0
3.08711,-0.0596787,0.00419172,0
3.08812,-0.0596991,0.00419873,0
3.08911,-0.0596944,0.00420032,0
3.09012,-0.0596935,0.00420545,0
3.09112,-0.0596957,0.00420808,0
3.0921,-0.0596988,0.00421299,0
3.0931,-0.0597026,0.00421541,0
3.09411,-0.0597063,0.00422024,0
3.0951,-0.0597103,0.0042226,0
3.0961,-0.0597266,0.00422291,0
3.09711,-0.0597376,0.00422414,0
3.09812,-0.0597451,0.00422645,0
3.0991,-0.0597507,0.00423198,0
3.10011,-0.0597556,0.00423525,0
3.10112,-0.0597774,0.00424212,0
3.10212,-0.0597743,0.00424426,0
3.10313,-0.0597742,0.00424975,0
3.1041,-0.0597768,0.00425266,0
3.1051,-0.0597801,0.00425775,0
3.1061,-0.0597841,0.00426033,0
3.10712,-0.0597877,0.00426527,0
3.1081,-0.0597917,0.00426773,0
3.10911,-0.059807,0.00426785,0
3.11009,-0.0598176,0.00426811,0
3.11113,-0.0598245,0.00427269,0
3.11211,-0.0598303,0.00427566,0
3.11312,-0.0598351,0.0042812,0
3.11413,-0.0598399,0.00428427,0
3.11514,-0.0598442,0.00428968,0
3.1161,-0.0598485,0.00429255,0
3.11706,-0.0598525,0.00429775,0
3.1181,-0.0598566,0.00430042,0
3.11909,-0.0598603,0.00430543,0
3.1201,-0.0598641,0.00430792,0
3.12109,-0.0598676,0.00431277,0
3.12212,-0.0598826,0.00431019,0
3.1231,-0.0598925,0.00431271,0
3.12409,-0.0598994,0.00431475,0
3.1251,-0.0599045,0.00432004,0
3.1261,-0.0599096,0.00432248,0
3.12711,-0.0599146,0.00430787,0
3.1281,-0.0599198,0.00429864,0
3.12911,-0.0599242,0.00429615,0
3.13011,-0.0599278,0.00430004,0
3.13111,-0.0599309,0.00430189,0
3.13214,-0.0599345,0.00430699,0
3.13317,-0.059938,0.00430908,0
3.1341,-0.0599411,0.0043143,0
3.13533,-0.059955,0.0043137,0
3.13612,-0.0599641,0.00431759,0
3.13713,-0.0599703,0.00431951,0
3.1381,-0.0599749,0.00432506,0
3.1391,-0.059979,0.00432868,0
3.14014,-0.0599829,0.00433126,0
3.1411,-0.0599862,0.00433687,0
3.1421,-0.0599897,0.00433919,0
3.14316,-0.0599927,0.00434452,0
3.14416,-0.0599959,0.00434662,0
3.14514,-0.0599987,0.00435177,0
3.14612,-0.060012,0.0043509,0
3.14713,-0.0600207,0.00435461,0
3.14816,-0.0600266,0.00435636,0
3.14911,-0.0600308,0.00436178,0
3.15017,-0.0600347,0.00436528,0
3.15113,-0.0600383,0.00436772,0
3.15218,-0.0600414,0.00437321,0
3.15312,-0.0600445,0.0043754,0
3.1541,-0.0600473,0.00438059,0
3.15511,-0.0600502,0.00438257,0
3.15607,-0.0600537,0.00438749,0
3.1571,-0.0600568,0.00438928,0
3.15811,-0.0600693,0.00439116,0
3.1591,-0.0600778,0.00439147,0
3.1601,-0.060083,0.00439614,0
3.16111,-0.0600871,0.00439939,0
3.1621,-0.0600907,0.00440173,0
3.16313,-0.0600937,0.00440713,0
3.16412,-0.0600968,0.00440925,0
3.16526,-0.0600994,0.00441438,0
3.16614,-0.0601022,0.00441629,0
3.16713,-0.060104,0.00442132,0
3.16813,-0.0601068,0.00442303,0
3.16916,-0.0601091,0.00442784,0
3.17012,-0.0601212,0.0044263,0
3.1711,-0.0601289,0.00442951,0
3.17212,-0.060134,0.00443206,0
3.17321,-0.060138,0.00443418,0
3.17412,-0.0601411,0.0044395,0
3.17518,-0.0601442,0.00444159,0
3.17613,-0.0601468,0.00444667,0
3.17712,-0.0601495,0.00444856,0
3.17815,-0.0601518,0.00445347,0
3.17911,-0.0601543,0.00445521,0
3.18012,-0.0601558,0.00446006,0
3.18112,-0.0601585,0.00446162,0
3.18211,-0.0601605,0.00446627,0
3.18311,-0.0601719,0.00446439,0
3.1841,-0.0601793,0.00446737,0
3.18512,-0.0601836,0.00446981,0
3.18614,-0.0601876,0.00447175,0
3.18714,-0.0601907,0.00447692,0
3.18811,-0.0601937,0.00447888,0
3.18912,-0.0601962,0.00448384,0
3.19009,-0.0601988,0.00448562,0
3.19112,-0.060201,0.00449043,0
3.1921,-0.0602034,0.00449206,0
3.19311,-0.0602054,0.00449674,0
3.19412,-0.0602071,0.00449832,0
3.19509,-0.0602093,0.00450285,0
3.19609,-0.0602114,0.0045054,0
3.19711,-0.0602222,0.00450334,0
3.19811,-0.0602293,0.00450623,0
3.19912,-0.060234,0.00450736,0
3.20013,-0.0602373,0.00451218,0
3.20111,-0.0602405,0.00451401,0
3.20211,-0.0602431,0.0045189,0
3.20326,-0.0602458,0.00452064,0
3.20419,-0.0602475,0.00452549,0
3.20511,-0.0602504,0.00452705,0
3.20613,-0.0602526,0.00453169,0
3.20711,-0.0602543,0.00453438,0
3.2082,-0.0602563,0.00453599,0
3.20911,-0.0602581,0.00454064,0
3.21015,-0.0602684,0.00453827,0
3.21111,-0.0602753,0.0045409,0
3.21212,-0.06028,0.0045419,0
3.21326,-0.0602833,0.00454664,0
3.21419,-0.0602846,0.00454845,0
3.21506,-0.060287,0.0045491,0
3.21612,-0.0602894,0.00455352,0
3.21718,-0.0602921,0.00455505,0
3.21812,-0.060296,0.00455948,0
3.21912,-0.0602975,0.00456116,0
3.2201,-0.0602993,0.00456582,0
3.22113,-0.0603028,0.00456898,0
3.22211,-0.0603041,0.00457019,0
3.22323,-0.0603145,0.00457307,0
3.22421,-0.0603211,0.00457135,0
3.22521,-0.0603253,0.00457464,0
3.22623,-0.0603297,0.00457835,0
3.22713,-0.0603332,0.0045843,0
3.22811,-0.0603365,0.0045864,0
3.22917,-0.06034,0.00459118,0
3.2308,-0.060342,0.00459051,0
3.23118,-0.0603445,0.00459621,0
3.23213,-0.0603478,0.0045995,0
3.23312,-0.0603426,0.00460316,0
3.2341,-0.0603406,0.00460455,0
3.23511,-0.060357,0.00460179,0
3.23609,-0.060351,0.00460611,0
3.23711,-0.0603482,0.00460795,0
3.23823,-0.0603471,0.00460865,0
3.23913,-0.0603595,0.00461018,0
3.24008,-0.0603584,0.00461693,0
3.24109,-0.0603573,0.00461962,0
3.24209,-0.0603659,0.00462215,0
3.2431,-0.0603649,0.00462454,0
3.2441,-0.0603629,0.00462726,0
3.2451,-0.0603713,0.00462877,0
3.24611,-0.0603704,0.00463201,0
3.2471,-0.0603765,0.00463246,0
3.24813,-0.0603788,0.00463264,0
3.24909,-0.060384,0.00463713,0
3.25012,-0.0603877,0.00464036,0
3.25112,-0.060391,0.00464702,0
3.25206,-0.0603863,0.00465427,0
3.25309,-0.06039,0.00465963,0
3.25412,-0.0604019,0.00465981,0
3.25517,-0.0604065,0.00465988,0
3.25611,-0.0604051,0.00466929,0
3.25713,-0.0604059,0.00467743,0
3.25812,-0.0604061,0.00468054,0
3.25911,-0.060402,0.0046894,0
3.26013,-0.0604059,0.00469116,0
3.26111,-0.0604236,0.00468466,0
3.26214,-0.0604295,0.00468524,0
3.26313,-0.0604326,0.00468651,0
3.26411,-0.0604291,0.00469501,0
3.26516,-0.0604339,0.00469999,0
3.26617,-0.0604357,0.00470189,0
3.26713,-0.0604416,0.00470676,0
3.26809,-0.0604459,0.00471019,0
3.26921,-0.0604496,0.00471276,0
3.27012,-0.0604527,0.00471757,0
3.2711,-0.060456,0.00471979,0
3.27213,-0.0604589,0.00472425,0
3.27311,-0.0604678,0.00471879,0
3.27414,-0.0604747,0.00471962,0
3.27514,-0.0604799,0.00472071,0
3.27608,-0.060484,0.00472527,0
3.27717,-0.0604881,0.0047277,0
3.2785,-0.0604917,0.00473248,0
3.27942,-0.0604954,0.00473479,0
3.28051,-0.0604988,0.00473936,0
3.28114,-0.0605001,0.00474111,0
3.28212,-0.060504,0.00474569,0
3.2831,-0.0605076,0.00474764,0
3.28415,-0.060509,0.00474839,0
3.28513,-0.0605187,0.00474457,0
3.28611,-0.0605224,0.00474311,0
3.28707,-0.0605273,0.0047453,0
3.28812,-0.060534,0.00475075,0
3.28922,-0.0605366,0.00475284,0
3.29015,-0.06054,0.00475803,0
3.29109,-0.0605413,0.00476002,0
3.29207,-0.0605454,0.00476051,0
3.29308,-0.0605513,0.0047645,0
3.29407,-0.0605535,0.00476603,0
3.29512,-0.0605559,0.00477361,0
3.29658,-0.0605638,0.00477328,0
3.29705,-0.0605692,0.00477593,0
3.29809,-0.0605729,0.00477698,0
3.29913,-0.0605803,0.00477625,0
3.30005,-0.0605872,0.00477663,0
3.3011,-0.0605933,0.00477455,0
3.30212,-0.0605971,0.00478055,0
3.30333,-0.0606015,0.0047838,0
3.30408,-0.0606055,0.00478855,0
3.3051,-0.0606097,0.00479049,0
3.30614,-0.0606135,0.00479462,0
3.30714,-0.0606175,0.00479624,0
3.30812,-0.0606211,0.00480013,0
3.30911,-0.0606248,0.00480156,0
3.31016,-0.0606325,0.00479726,0
3.31117,-0.06064,0.00479483,0
3.31218,-0.0606456,0.00479448,0
3.31315,-0.0606491,0.00479773,0
3.3141,-0.0606533,0.0048032,0
3.31515,-0.060658,0.00480237,0
3.3161,-0.060659,0.00480988,0
3.31712,-0.0606625,0.00480822,0
3.31812,-0.0606672,0.00480721,0
3.3191,-0.0606665,0.00481463,0
3.32005,-0.0606662,0.00481746,0
3.3211,-0.0606724,0.00481702,0
3.32213,-0.060673,0.00482518,0
3.32314,-0.0606777,0.00482016,0
3.32411,-0.0606845,0.00481519,0
3.32513,-0.0606883,0.00481828,0
3.3261,-0.0606931,0.00481512,0
3.3271,-0.0606953,0.0048215,0
3.32814,-0.0606953,0.00483146,0
3.32909,-0.0606992,0.00483249,0
3.33013,-0.0607013,0.0048355,0
3.33122,-0.0607049,0.0048334,0
3.33212,-0.060706,0.00483805,0
3.33318,-0.0607069,0.0048439,0
3.3341,-0.0607094,0.00484701,0
3.33511,-0.0607148,0.00484268,0
3.33611,-0.0607233,0.00483424,0
3.33713,-0.060729,0.00483982,0
3.33811,-0.0607322,0.00484298,0
3.33913,-0.0607381,0.00484209,0
3.34013,-0.0607433,0.00484711,0
3.3412,-0.0607463,0.00485292,0
3.34211,-0.0607499,0.00485518,0
3.34311,-0.0607533,0.00485904,0
3.34411,-0.0607562,0.0048603,0
3.34512,-0.0607612,0.00485791,0
3.34611,-0.0607661,0.00486236,0
3.34717,-0.0607687,0.00486771,0
3.34814,-0.0607746,0.00486092,0
3.34912,-0.0607801,0.0048604,0
3.35013,-0.0607822,0.00486021,0
3.3511,-0.0607879,0.0048638,0
3.35218,-0.0607927,0.00486531,0
3.35317,-0.0607972,0.00486917,0
3.35416,-0.0608001,0.00487665,0
3.35522,-0.060802,0.00487689,0
3.35632,-0.0608073,0.00487657,0
3.35722,-0.0608113,0.00487941,0
3.3581,-0.0608152,0.00488041,0
3.35919,-0.0608188,0.00488385,0
3.36011,-0.0608247,0.00487614,0
3.3611,-0.0608304,0.00487547,0
3.36212,-0.0608354,0.00487549,0
3.36312,-0.0608398,0.00487915,0
3.36413,-0.0608442,0.0048808,0
3.36511,-0.0608459,0.00488143,0
3.36613,-0.0608515,0.00488602,0
3.36712,-0.0608561,0.00488849,0
3.3681,-0.06086,0.00489269,0
3.36913,-0.060864,0.00489421,0
3.3701,-0.0608655,0.00489478,0
3.37107,-0.0608706,0.0048979,0
3.37215,-0.0608746,0.00490209,0
3.3731,-0.06088,0.00489442,0
3.37415,-0.0608855,0.00489368,0
3.37512,-0.0608903,0.00489363,0
3.37616,-0.0608946,0.0048972,0
3.3771,-0.060899,0.00489876,0
3.37811,-0.060903,0.0049027,0
3.37909,-0.0609072,0.00490425,0
3.38011,-0.060911,0.00490804,0
3.38109,-0.0609124,0.00490949,0
3.38211,-0.060917,0.00491306,0
3.38312,-0.0609218,0.00491422,0
3.38411,-0.0609251,0.00491767,0
3.38511,-0.060931,0.00491647,0
3.38616,-0.0609333,0.00491601,0
3.38711,-0.0609347,0.00491123,0
3.38814,-0.0609425,0.00491931,0
3.38912,-0.0609447,0.00491588,0
3.39012,-0.060949,0.00491718,0
3.3912,-0.0609506,0.00491768,0
3.39211,-0.0609562,0.00492111,0
3.39309,-0.0609584,0.00492242,0
3.39418,-0.0609619,0.00492291,0
3.39513,-0.060966,0.00492621,0
3.3961,-0.0609691,0.00493668,0
3.39713,-0.0609737,0.00494235,0
3.39816,-0.0609752,0.00492657,0
3.39906,-0.0609774,0.00492368,0
3.40009,-0.0609817,0.00492448,0
3.40121,-0.0609894,0.00492378,0
3.4021,-0.0609921,0.00492859,0
3.40317,-0.0609966,0.00493116,0
3.40416,-0.0610012,0.00493538,0
3.40512,-0.061006,0.00493694,0
3.40612,-0.0610106,0.00494065,0
3.4071,-0.0610181,0.00493997,0
3.40817,-0.0610235,0.00494218,0
3.40916,-0.0610279,0.0049428,0
3.41012,-0.0610339,0.00494408,0
3.41114,-0.0610316,0.00493795,0
3.41218,-0.0610346,0.00493878,0
3.41308,-0.0610389,0.00493934,0
3.41416,-0.0610434,0.00494295,0
3.41513,-0.0610482,0.0049444,0
3.41612,-0.0610551,0.00494823,0
3.41713,-0.0610606,0.0049496,0
3.41821,-0.0610652,0.00495318,0
3.41913,-0.0610703,0.00495431,0
3.42014,-0.0610778,0.00496562,0
3.42119,-0.0610776,0.00496193,0
3.42214,-0.0610806,0.00495267,0
3.42319,-0.0610889,0.00495597,0
3.42416,-0.0610889,0.00495305,0
3.42518,-0.0610932,0.00495123,0
3.42612,-0.0611012,0.00496183,0
3.42729,-0.0611011,0.00495824,0
3.42817,-0.0611049,0.00495909,0
3.42925,-0.061113,0.00496743,0
3.43011,-0.0611124,0.0049659,0
3.43121,-0.0611162,0.00496416,0
3.43216,-0.061124,0.00497469,0
3.43312,-0.0611232,0.0049714,0
3.43415,-0.0611263,0.00496956,0
3.43511,-0.0611303,0.00497175,0
3.43611,-0.0611374,0.00497077,0
3.43712,-0.0611368,0.00496424,0
3.43813,-0.0611409,0.00496104,0
3.43911,-0.0611496,0.00497155,0
3.44012,-0.0611491,0.00496766,0
3.4411,-0.0611528,0.00496839,0
3.44209,-0.0611617,0.00497704,0
3.44312,-0.0611606,0.00497531,0
3.44414,-0.0611642,0.00497349,0
3.44516,-0.0611735,0.00498431,0
3.44611,-0.0611774,0.00498858,0
3.44711,-0.0611747,0.00498376,0
3.44813,-0.0611776,0.00498057,0
3.44917,-0.0611844,0.00498087,0
3.45014,-0.061187,0.00498098,0
3.45112,-0.0611942,0.00498273,0
3.4521,-0.0611976,0.00498379,0
3.45313,-0.0611947,0.00497818,0
3.45413,-0.0611979,0.00497508,0
3.45511,-0.0612073,0.0049859,0
3.45611,-0.0612061,0.00498157,0
3.45723,-0.0612089,0.00498198,0
3.45809,-0.0612197,0.00499083,0
3.45909,-0.0612242,0.00499757,0
3.4601,-0.0612217,0.00499021,0
3.46112,-0.0612306,0.00499842,0
3.4621,-0.0612319,0.00499117,0
3.46311,-0.0612282,0.00498066,0
3.46442,-0.0612313,0.00497597,0
3.46517,-0.0612421,0.00498668,0
3.46622,-0.0612476,0.00499219,0
3.46712,-0.061252,0.00499453,0
3.46812,-0.0612554,0.00499794,0
3.46911,-0.0612587,0.00499855,0
3.4701,-0.0612617,0.00500125,0
3.47112,-0.0612649,0.00500154,0
3.47215,-0.0612678,0.00500405,0
3.47311,-0.061271,0.00500423,0
3.47409,-0.061274,0.00500666,0
3.4751,-0.0612742,0.00499632,0
3.47611,-0.0612769,0.0049938,0
3.47711,-0.0612804,0.0049925,0
3.47821,-0.061284,0.00499498,0
3.47911,-0.0612879,0.00499561,0
3.48026,-0.0612917,0.00499862,0
3.48113,-0.0612956,0.00499933,0
3.48241,-0.0612992,0.00500227,0
3.48325,-0.0613031,0.00500286,0
3.48412,-0.0613066,0.00500566,0
3.48515,-0.0613104,0.00500611,0
3.48611,-0.061319,0.0050079,0
3.48715,-0.0613233,0.00500734,0
3.48817,-0.0613316,0.00500868,0
3.4891,-0.061327,0.00499806,0
3.49015,-0.061323,0.00499676,0
3.49115,-0.0613244,0.00499648,0
3.49206,-0.0613274,0.00499936,0
3.4932,-0.0613315,0.00500018,0
3.49413,-0.0613331,0.0050005,0
3.4951,-0.061347,0.0050123,0
3.4961,-0.0613374,0.00501034,0
3.49709,-0.0613337,0.00500959,0
3.49814,-0.0613352,0.00500793,0
3.49911,-0.061338,0.00500969,0
3.5001,-0.0613333,0.00500069,0
3.5011,-0.0613448,0.00500706,0
3.5021,-0.061351,0.00501297,0
3.50315,-0.0613562,0.00501475,0
3.50414,-0.0613604,0.00501777,0
3.5051,-0.0613621,0.00501893,0
3.5061,-0.0613675,0.00502091,0
3.50716,-0.061372,0.00502082,0
3.50814,-0.0613759,0.00502306,0
3.50909,-0.0613799,0.00502303,0
3.51011,-0.0613835,0.00502524,0
3.51113,-0.0613878,0.00502515,0
3.51209,-0.061401,0.00503777,0
3.51313,-0.0613921,0.00502056,0
3.51415,-0.0613888,0.00501399,0
3.5151,-0.0613935,0.00501105,0
3.51613,-0.0613978,0.00501281,0
3.5171,-0.0614024,0.00501306,0
3.51812,-0.0614067,0.00501578,0
3.51911,-0.0614111,0.00501626,0
3.5201,-0.0614152,0.00501896,0
3.52112,-0.0614195,0.00501934,0
3.52211,-0.0614183,0.00501087,0
3.52311,-0.0614215,0.00500594,0
3.52411,-0.0614227,0.00500406,0
3.52513,-0.0614433,0.00501653,0
3.52611,-0.0614408,0.0050123,0
3.52712,-0.0614372,0.00500964,0
3.52811,-0.0614385,0.00501173,0
3.52913,-0.0614418,0.00501216,0
3.53047,-0.0614458,0.00501498,0
3.53111,-0.0614502,0.00501554,0
3.53212,-0.0614545,0.0050183,0
3.53316,-0.0614586,0.00501873,0
3.53412,-0.061463,0.00502135,0
3.53512,-0.0614612,0.00501127,0
3.53617,-0.061464,0.00500636,0
3.53714,-0.0614678,0.00500734,0
3.53814,-0.0614723,0.00500754,0
3.53917,-0.0614767,0.00501042,0
3.54013,-0.0614813,0.00501111,0
3.5411,-0.0614856,0.00501402,0
3.54212,-0.0614901,0.0050146,0
3.54319,-0.0614942,0.00501735,0
3.54416,-0.0614985,0.00501775,0
3.54511,-0.0615022,0.00502032,0
3.54612,-0.0615036,0.00502131,0
3.54713,-0.0615094,0.00502327,0
3.54811,-0.0615116,0.00502403,0
3.54945,-0.0615082,0.00501214,0
3.5501,-0.0615225,0.00502016,0
3.5514,-0.0615164,0.00501189,0
3.55218,-0.0615109,0.00501059,0
3.55317,-0.0615127,0.00501029,0
3.55413,-0.0615166,0.00501294,0
3.55518,-0.061522,0.00501351,0
3.55616,-0.0615406,0.0050276,0
3.55713,-0.0615368,0.00502146,0
3.55813,-0.0615388,0.00502042,0
3.55915,-0.0615396,0.00502002,0
3.56013,-0.0615558,0.0050307,0
3.56113,-0.061562,0.00503478,0
3.56215,-0.0615527,0.00502775,0
3.56314,-0.0615524,0.00502315,0
3.5641,-0.0615622,0.00503528,0
3.56512,-0.061569,0.00504021,0
3.56611,-0.0615874,0.00505561,0
3.56711,-0.0615953,0.00506041,0
3.56813,-0.0615855,0.00505116,0
3.56909,-0.0615849,0.005045,0
3.57012,-0.0616005,0.00505648,0
3.57113,-0.0615937,0.00504804,0
3.5721,-0.0615939,0.00504534,0
3.57312,-0.0616103,0.00505589,0
3.5741,-0.0616102,0.00504814,0
3.57506,-0.0616101,0.00504518,0
3.57611,-0.0616118,0.00504432,0
3.57714,-0.0616145,0.00504235,0
3.57817,-0.0616168,0.00504331,0
3.57911,-0.0616341,0.00505445,0
3.58015,-0.0616196,0.00504803,0
3.58121,-0.0616175,0.00504342,0
3.58223,-0.0616335,0.00505569,0
3.58312,-0.0616268,0.00504732,0
3.58436,-0.0616331,0.00504545,0
3.58521,-0.0616306,0.00504207,0
3.58646,-0.0616246,0.00503129,0
3.58713,-0.0616314,0.00502543,0
3.5888,-0.0616294,0.00502443,0
3.58917,-0.0616323,0.00502378,0
3.59012,-0.0616509,0.00503803,0
3.59138,-0.0616446,0.0050307,0
3.5921,-0.0616452,0.00502876,0
3.59309,-0.0616635,0.00503944,0
3.59411,-0.0616564,0.00503373,0
3.59507,-0.0616569,0.00502925,0
3.5961,-0.0616753,0.00504206,0
3.5971,-0.061675,0.00503454,0
3.59814,-0.0616608,0.00501927,0
3.59928,-0.0616748,0.00502431,0
3.60012,-0.0616812,0.00502915,0
3.6011,-0.0616931,0.00503039,0
3.60211,-0.0616825,0.00501952,0
3.60311,-0.0616884,0.00501416,0
3.60411,-0.0617004,0.0050256,0
3.60513,-0.0616991,0.00502932,0
3.60613,-0.0617078,0.00503348,0
3.6071,-0.0616882,0.00501939,0
3.60811,-0.0617009,0.00502843,0
3.60911,-0.0616978,0.00502019,0
3.61013,-0.0616826,0.00500241,0
3.6111,-0.0616969,0.00501001,0
3.6121,-0.0617043,0.00501302,0
3.6131,-0.0616929,0.0050036,0
3.6141,-0.0617091,0.00501115,0
3.61511,-0.0617243,0.00501771,0
3.61609,-0.0617078,0.00500489,0
3.61716,-0.0617222,0.00501463,0
3.61827,-0.0617278,0.00501835,0
3.61911,-0.0617339,0.00502139,0
3.62017,-0.0617384,0.0050211,0
3.62112,-0.06175,0.00502357,0
3.6224,-0.061765,0.00503467,0
3.62312,-0.0617445,0.00501619,0
3.62411,-0.0617388,0.00500548,0
3.62509,-0.0617386,0.00500316,0
3.62612,-0.061741,0.00500151,0
3.62712,-0.0617443,0.005003,0
3.62811,-0.0617481,0.00500258,0
3.62913,-0.0617518,0.00500442,0
3.63011,-0.0617557,0.00500405,0
3.63111,-0.0617572,0.00500391,0
3.63211,-0.0617806,0.00501781,0
3.6331,-0.0617724,0.00501226,0
3.63411,-0.0617718,0.00500786,0
3.63512,-0.0617734,0.00500773,0
3.63614,-0.061766,0.00499421,0
3.63709,-0.0617652,0.00498973,0
3.63812,-0.0617675,0.00498713,0
3.63911,-0.0617684,0.00498614,0
3.64013,-0.0617738,0.00498722,0
3.64116,-0.0617782,0.00498975,0
3.64212,-0.0617799,0.00499072,0
3.64313,-0.0618042,0.00500547,0
3.64412,-0.061796,0.00499802,0
3.6451,-0.0617929,0.00499517,0
3.64614,-0.0618153,0.00500798,0
3.64713,-0.0618058,0.00499859,0
3.64813,-0.0617935,0.00498339,0
3.64912,-0.0617908,0.00497502,0
3.65011,-0.0617924,0.00497413,0
3.65113,-0.0617955,0.00497316,0
3.65217,-0.0618185,0.00498843,0
3.65308,-0.0618273,0.00499426,0
3.65415,-0.0618154,0.00498383,0
3.65511,-0.0618132,0.00497867,0
3.6561,-0.0618147,0.00497881,0
3.65713,-0.0618178,0.00497787,0
3.65814,-0.0618213,0.00497947,0
3.65919,-0.0618227,0.00498008,0
3.66013,-0.0618257,0.00497922,0
3.66109,-0.061829,0.00498076,0
3.66226,-0.0618126,0.00496643,0
3.66315,-0.0618093,0.00496219,0
3.66412,-0.06182,0.00496113,0
3.6652,-0.0618178,0.00496159,0
3.66617,-0.0618206,0.00496152,0
3.66715,-0.0618247,0.00496373,0
3.6681,-0.0618295,0.00496374,0
3.66914,-0.0618342,0.00496588,0
3.6701,-0.061839,0.00496575,0
3.67111,-0.0618436,0.00496773,0
3.67214,-0.0618362,0.00495485,0
3.67319,-0.0618358,0.00495073,0
3.67413,-0.0618596,0.00496238,0
3.67529,-0.0618704,0.00496981,0
3.67622,-0.0618574,0.00495725,0
3.67723,-0.061876,0.00496743,0
3.67809,-0.0618638,0.00495703,0
3.67917,-0.0618614,0.00495391,0
3.68022,-0.0618845,0.00496577,0
3.6811,-0.0618738,0.00495906,0
3.68216,-0.0618812,0.00495656,0
3.68332,-0.0618763,0.00495307,0
3.68411,-0.0618773,0.00495422,0
3.68528,-0.0618777,0.00495466,0
3.68625,-0.0618908,0.00495643,0
3.68716,-0.0618758,0.00494163,0
3.68813,-0.0618943,0.00495123,0
3.68915,-0.0618814,0.0049406,0
3.69015,-0.0618787,0.00493745,0
3.69114,-0.0619024,0.00494952,0
3.69217,-0.0618914,0.00494283,0
3.69317,-0.0619119,0.00495243,0
3.69418,-0.0619211,0.00495846,0
3.69514,-0.0619037,0.00494481,0
3.69614,-0.061899,0.00494022,0
3.69721,-0.0619001,0.00493755,0
3.69817,-0.0618899,0.00492576,0
3.69917,-0.061888,0.00491899,0
3.70012,-0.0618901,0.00491889,0
3.70112,-0.0618937,0.00491822,0
3.70215,-0.0618975,0.00492018,0
3.70325,-0.0619018,0.00492008,0
3.70425,-0.0619285,0.0049364,0
3.70512,-0.0619177,0.00492792,0
3.70611,-0.0619253,0.00492707,0
3.7071,-0.0619292,0.00492487,0
3.70813,-0.0619554,0.00494028,0
3.70911,-0.061953,0.00493263,0
3.71009,-0.0619888,0.00495704,0
3.71111,-0.0619665,0.00493923,0
3.7121,-0.0619334,0.0049164,0
3.71309,-0.0619328,0.00490732,0
3.71411,-0.0619121,0.00490163,0
3.71513,-0.0619081,0.00489961,0
3.71625,-0.0619328,0.00491545,0
3.71714,-0.0619214,0.0049069,0
3.71825,-0.0619192,0.00490441,0
3.7191,-0.0619452,0.00491794,0
3.72011,-0.0619574,0.00492353,0
3.7211,-0.0619397,0.00491237,0
3.72211,-0.0619455,0.00490767,0
3.72311,-0.0619488,0.00490709,0
3.7241,-0.061928,0.00489107,0
3.7251,-0.0619466,0.00490076,0
3.72622,-0.0619558,0.00490426,0
3.72714,-0.0619368,0.00489263,0
3.72814,-0.0619565,0.00490094,0
3.72911,-0.0619762,0.0049086,0
3.73012,-0.0619841,0.00490945,0
3.73111,-0.0619984,0.00491288,0
3.73224,-0.0619793,0.00489726,0
3.73311,-0.0619617,0.00488968,0
3.73413,-0.061968,0.00488791,0
3.73526,-0.0619848,0.00490127,0
3.73611,-0.0619788,0.00489319,0
3.73711,-0.0619517,0.00487531,0
3.73809,-0.0619413,0.00486848,0
3.73912,-0.0619652,0.00488014,0
3.74012,-0.0620017,0.00489963,0
3.74116,-0.0619765,0.00488128,0
3.74213,-0.0619669,0.00487427,0
3.74309,-0.0619705,0.00488292,0
3.74412,-0.0619737,0.00488394,0
3.74511,-0.0619879,0.00488792,0
3.7461,-0.0619835,0.00488528,0
3.74716,-0.0619847,0.00488622,0
3.74811,-0.0619722,0.00487197,0
3.74909,-0.0619688,0.00486683,0
3.75013,-0.0619701,0.00486378,0
3.75115,-0.0619835,0.00486646,0
3.75214,-0.0619886,0.00486749,0
3.7531,-0.0619841,0.00486659,0
3.75417,-0.0619845,0.00486501,0
3.75513,-0.0619869,0.00486614,0
3.75612,-0.0619926,0.00486623,0
3.75718,-0.0619971,0.00486558,0
3.75809,-0.0619988,0.00486534,0
3.75911,-0.0619883,0.00485235,0
3.76013,-0.0619854,0.00484771,0
3.76109,-0.0619866,0.00484485,0
3.76212,-0.0620156,0.00486087,0
3.76311,-0.0620022,0.00485142,0
3.76409,-0.0619986,0.00484846,0
3.76507,-0.0619992,0.00484592,0
3.76613,-0.0620015,0.00484675,0
3.76719,-0.0620046,0.00484586,0
3.76811,-0.0620058,0.00484551,0
3.76909,-0.0620104,0.00484574,0
3.77014,-0.0620142,0.00484739,0
3.77114,-0.0620177,0.00484663,0
3.77209,-0.0620209,0.00484786,0
3.77317,-0.0620081,0.00483361,0
3.77414,-0.062004,0.00482838,0
3.77511,-0.0620024,0.00482638,0
3.77615,-0.062006,0.00482631,0
3.77711,-0.0620206,0.00482726,0
3.77813,-0.062038,0.00483091,0
3.7792,-0.0620497,0.00484155,0
3.78016,-0.0620291,0.00483316,0
3.78113,-0.0620222,0.00482732,0
3.78215,-0.0620212,0.00482643,0
3.78316,-0.0620231,0.00482482,0
3.78412,-0.0620258,0.00482579,0
3.78519,-0.0620125,0.00481146,0
3.7861,-0.0620083,0.00480624,0
3.7871,-0.0620089,0.00480312,0
3.78813,-0.0620111,0.00480386,0
3.78911,-0.0620142,0.00480305,0
3.79013,-0.0620173,0.00480451,0
3.79113,-0.0620207,0.00480386,0
3.79214,-0.0620353,0.00480754,0
3.79319,-0.0620418,0.00480711,0
3.79414,-0.062057,0.00481065,0
3.79517,-0.0620223,0.00479268,0
3.79615,-0.0620397,0.00480022,0
3.79711,-0.0620464,0.0048031,0
3.79813,-0.062023,0.00478872,0
3.79913,-0.0620158,0.00478486,0
3.80008,-0.0620131,0.00478339,0
3.80112,-0.0620165,0.00478368,0
3.80233,-0.0620202,0.00478265,0
3.80309,-0.0620236,0.00478398,0
3.80414,-0.0620271,0.00478326,0
3.80512,-0.0620304,0.00478461,0
3.80609,-0.0620339,0.00478381,0
3.80717,-0.0620372,0.00478503,0
3.80809,-0.0620384,0.00478549,0
3.8091,-0.0620427,0.00478576,0
3.81012,-0.062029,0.00477096,0
3.81116,-0.0620242,0.00476545,0
3.8121,-0.0620244,0.00476213,0
3.81316,-0.0620264,0.00476269,0
3.81412,-0.0620271,0.0047629,0
3.81515,-0.0620313,0.00476348,0
3.81615,-0.0620286,0.00476239,0
3.8171,-0.0620293,0.00476356,0
3.81813,-0.0620296,0.004764,0
3.81912,-0.0620333,0.00476432,0
3.82009,-0.0620367,0.00476303,0
3.8211,-0.0620396,0.00476396,0
3.82211,-0.0620248,0.00474933,0
3.82309,-0.0620194,0.00474385,0
3.82409,-0.0620193,0.00474051,0
3.8251,-0.0620208,0.00474104,0
3.82608,-0.0620234,0.00474003,0
3.82713,-0.0620563,0.00475723,0
3.82809,-0.0620405,0.00474726,0
3.82909,-0.0620352,0.00474379,0
3.8301,-0.0620347,0.00474084,0
3.83111,-0.0620362,0.00474127,0
3.83211,-0.0620384,0.00474005,0
3.8331,-0.0620411,0.004741,0
3.83407,-0.0620747,0.00475686,0
3.83511,-0.0620582,0.00474657,0
3.83612,-0.062052,0.00474264,0
3.8371,-0.0620504,0.00474127,0
3.8381,-0.0620331,0.00472623,0
3.83912,-0.0620265,0.00472049,0
3.84018,-0.0620117,0.0047129,0
3.84116,-0.0620094,0.00471231,0
3.84216,-0.0620114,0.00471117,0
3.84322,-0.0620148,0.00471259,0
3.84416,-0.0620189,0.00471205,0
3.84512,-0.062023,0.00471357,0
3.84609,-0.0620396,0.00471561,0
3.8471,-0.0620658,0.0047311,0
3.84813,-0.0620287,0.00470689,0
3.84925,-0.0620137,0.0046963,0
3.85017,-0.062011,0.00469152,0
3.85115,-0.0620123,0.00469171,0
3.85215,-0.062015,0.00469078,0
3.85321,-0.0620499,0.00470834,0
3.85421,-0.0620341,0.00469845,0
3.85515,-0.0620286,0.00469475,0
3.8562,-0.0620289,0.00469216,0
3.85714,-0.0620311,0.00469282,0
3.85817,-0.062034,0.00469176,0
3.85917,-0.0620499,0.00469562,0
3.86018,-0.0620569,0.0046952,0
3.86111,-0.0620736,0.00469908,0
3.86227,-0.0620663,0.00469552,0
3.8631,-0.0620787,0.00469845,0
3.86415,-0.062083,0.00469727,0
3.86515,-0.0620846,0.00469682,0
3.86613,-0.0620724,0.0046922,0
3.86714,-0.0620695,0.00469267,0
3.86813,-0.0620699,0.00469133,0
3.86912,-0.0620711,0.00469178,0
3.8702,-0.0620727,0.00469009,0
3.87119,-0.0620734,0.00468945,0
3.8721,-0.0620567,0.00467462,0
3.8731,-0.062016,0.00465186,0
3.87418,-0.0620005,0.00464316,0
3.8751,-0.0620314,0.00465683,0
3.87613,-0.0620115,0.00464493,0
3.8771,-0.062038,0.00465512,0
3.87811,-0.0620505,0.00466151,0
3.8795,-0.0620553,0.00466395,0
3.8801,-0.0620592,0.00466374,0
3.88122,-0.0620629,0.00466317,0
3.88214,-0.0620654,0.00466429,0
3.88313,-0.0621015,0.00467964,0
3.88411,-0.0620827,0.00467044,0
3.8851,-0.0620557,0.00465006,0
3.88609,-0.0620442,0.00464167,0
3.8871,-0.062041,0.00463691,0
3.88812,-0.0620408,0.00463649,0
3.88914,-0.062042,0.0046348,0
3.89009,-0.0620435,0.00463542,0
3.89109,-0.0620453,0.00463407,0
3.89209,-0.062047,0.00463476,0
3.89309,-0.0620489,0.00463338,0
3.89409,-0.062051,0.00463398,0
3.89509,-0.0620185,0.0046157,0
3.8961,-0.062041,0.00462584,0
3.8971,-0.0620521,0.00462927,0
3.89814,-0.0620376,0.00461817,0
3.89912,-0.0620314,0.00461075,0
3.90015,-0.06203,0.00460915,0
3.90111,-0.0620306,0.00460711,0
3.90216,-0.0620319,0.00460763,0
3.90315,-0.0620336,0.00460628,0
3.9041,-0.0620352,0.004607,0
3.9051,-0.0620371,0.00460567,0
3.9061,-0.0620388,0.00460634,0
3.90713,-0.0620407,0.00460494,0
3.90813,-0.0620424,0.00460552,0
3.90927,-0.0620445,0.00460402,0
3.91013,-0.062026,0.00459078,0
3.91114,-0.0620189,0.00458573,0
3.91214,-0.0620161,0.00458204,0
3.91312,-0.0620163,0.00457925,0
3.91419,-0.0620174,0.00457954,0
3.91518,-0.062019,0.00457815,0
3.91612,-0.0620207,0.0045789,0
3.91711,-0.0620225,0.00457839,0
3.91812,-0.0620244,0.00457719,0
3.91911,-0.0620261,0.00457798,0
3.92014,-0.062028,0.00457663,0
3.9211,-0.0620091,0.00456351,0
3.92211,-0.0620011,0.0045555,0
3.92307,-0.0619991,0.00455377,0
3.92414,-0.0619995,0.00455179,0
3.92511,-0.0620007,0.00455242,0
3.9261,-0.0620024,0.00455122,0
3.92712,-0.0620041,0.00455208,0
3.9281,-0.062006,0.00455091,0
3.92912,-0.0620078,0.00455171,0
3.9301,-0.0620097,0.00455045,0
3.93111,-0.0620115,0.00455116,0
3.93213,-0.0620137,0.0045498,0
3.93314,-0.0620153,0.00455043,0
3.93412,-0.0619961,0.00453525,0
3.93511,-0.0619877,0.00452922,0
3.9361,-0.0619876,0.00452561,0
3.93715,-0.0619886,0.00452568,0
3.93811,-0.0619901,0.00452429,0
3.9391,-0.0619918,0.00452509,0
3.9401,-0.0619936,0.00452392,0
3.9411,-0.0619954,0.00452473,0
3.94212,-0.0619972,0.0045235,0
3.94311,-0.061999,0.00452424,0
3.9441,-0.0620008,0.00452292,0
3.94509,-0.0620025,0.00452357,0
3.94611,-0.0619835,0.00450838,0
3.9471,-0.0619751,0.00450236,0
3.94822,-0.0619727,0.00449861,0
3.94911,-0.0619727,0.00449864,0
3.9501,-0.0619739,0.00449725,0
3.95113,-0.0619754,0.00449805,0
3.9521,-0.0619771,0.00449688,0
3.9531,-0.0619788,0.00449771,0
3.9541,-0.0619806,0.00449649,0
3.9551,-0.0619823,0.00449724,0
3.95611,-0.0619842,0.00449594,0
3.9571,-0.0619858,0.0044966,0
3.95812,-0.0619876,0.0044952,0
3.9591,-0.0619893,0.00449578,0
3.96009,-0.0619694,0.00448129,0
3.96114,-0.0619607,0.00447329,0
3.96211,-0.0619583,0.00447155,0
3.96311,-0.0619585,0.00446952,0
3.96412,-0.0619595,0.00447007,0
3.96521,-0.061961,0.0044688,0
3.96611,-0.0619625,0.00446957,0
3.96713,-0.0619642,0.00446833,0
3.96809,-0.0619658,0.00446906,0
3.96909,-0.0619675,0.00446774,0
3.9701,-0.061969,0.00446837,0
3.97109,-0.0619707,0.00446697,0
3.9721,-0.0619723,0.00446752,0
3.9731,-0.0619521,0.00445227,0
3.97413,-0.061943,0.00444616,0
3.97512,-0.0619405,0.0044423,0
3.97611,-0.0619404,0.00444221,0
3.97712,-0.0619414,0.00444073,0
3.97822,-0.0619427,0.00444142,0
3.97914,-0.0619442,0.00444018,0
3.98016,-0.0619448,0.0044397,0
3.98111,-0.0619469,0.00443916,0
3.98211,-0.0619486,0.0044401,0
3.98312,-0.0619654,0.00441113,0
3.98414,-0.0618692,0.00438555,0
3.98511,-0.061832,0.00437301,0
3.98611,-0.0618058,0.00435816,0
3.98709,-0.0618021,0.00434949,0
3.98813,-0.0618051,0.00434802,0
3.98911,-0.0618105,0.00434522,0
3.99036,-0.0618161,0.00434601,0
3.99116,-0.0618219,0.00434372,0
3.9921,-0.0618273,0.0043447,0
3.99317,-0.0618294,0.00434507,0
3.9942,-0.0618361,0.00434422,0
3.99512,-0.0618417,0.00434097,0
3.9964,-0.0618464,0.0043415,0
3.99718,-0.0618508,0.00433865,0
3.99832,-0.0618526,0.00433757,0
3.9991,-0.0618378,0.00432286,0
4.00023,-0.0618341,0.00431915,0
4.00111,-0.0618341,0.00431485,0
4.00211,-0.0618732,0.00433087,0
4.0031,-0.0618537,0.00431912,0
4.00411,-0.0618469,0.00431528,0
4.00519,-0.0618463,0.00431049,0
4.00613,-0.0618473,0.00431064,0
4.00713,-0.0618497,0.0043076,0
4.00812,-0.0618318,0.00429647,0
4.00913,-0.0618265,0.00428798,0
4.01012,-0.0618258,0.00428676,0
4.0111,-0.0618269,0.0042834,0
4.01212,-0.0618285,0.00428417,0
4.0131,-0.0618304,0.00428144,0
4.0141,-0.0618324,0.00428242,0
4.01509,-0.0618347,0.00427975,0
4.01618,-0.0618367,0.00428077,0
4.01709,-0.0618389,0.00427804,0
4.0181,-0.0618409,0.00427895,0
4.01911,-0.0618432,0.00427615,0
4.02011,-0.0618457,0.00427699,0
4.0211,-0.0618477,0.00427415,0
4.02211,-0.0618295,0.00426319,0
4.0231,-0.0618231,0.00425464,0
4.0241,-0.0618215,0.00425341,0
4.02511,-0.0618219,0.00424997,0
4.02613,-0.0618227,0.00425073,0
4.02714,-0.0618242,0.00424796,0
4.02812,-0.0618254,0.00424892,0
4.02913,-0.0618269,0.00424618,0
4.03011,-0.0618283,0.00424714,0
4.03116,-0.06183,0.00424436,0
4.03209,-0.0618315,0.00424527,0
4.0332,-0.0618332,0.00424242,0
4.03412,-0.0618345,0.00424327,0
4.0351,-0.0618362,0.00424036,0
4.0361,-0.0618177,0.00422948,0
4.03709,-0.0618105,0.00422089,0
4.03813,-0.0618088,0.00421964,0
4.03913,-0.0618083,0.00421616,0
4.04006,-0.0618084,0.00421692,0
4.04114,-0.0618091,0.00421408,0
4.0421,-0.0618099,0.00421506,0
4.04312,-0.061811,0.00421229,0
4.04412,-0.0618119,0.00421325,0
4.04516,-0.0618131,0.00421043,0
4.04611,-0.0618141,0.00421135,0
4.04713,-0.0618157,0.00420843,0
4.04819,-0.0618169,0.00420928,0
4.04908,-0.0618173,0.00420961,0
4.05017,-0.0617976,0.00419558,0
4.05113,-0.06179,0.00419022,0
4.05209,-0.0617877,0.00418721,0
4.05316,-0.0617873,0.00418296,0
4.05416,-0.0617873,0.00418343,0
4.05513,-0.0617873,0.00418361,0
4.05611,-0.0617877,0.00418052,0
4.05714,-0.0617888,0.00417822,0
4.05811,-0.0617891,0.00417735,0
4.05921,-0.0617902,0.00417583,0
4.06009,-0.0617906,0.00417525,0
4.06111,-0.0617718,0.00416218,0
4.06212,-0.0617634,0.00415797,0
4.06315,-0.0617602,0.00415636,0
4.06407,-0.0617586,0.00415261,0
4.0651,-0.0617978,0.0041659,0
4.06604,-0.0618128,0.00417098,0
4.06715,-0.0617805,0.00416039,0
4.06809,-0.0617671,0.00415399,0
4.06904,-0.0617621,0.00415155,0
4.07009,-0.0617419,0.00414344,0
4.07116,-0.0617354,0.00414265,0
4.07217,-0.0617339,0.0041394,0
4.0731,-0.0617149,0.00412895,0
4.07419,-0.0617075,0.00412075,0
4.07514,-0.0617058,0.00412025,0
4.07613,-0.061708,0.00411712,0
4.07716,-0.0617492,0.00413385,0
4.07816,-0.0617281,0.00412276,0
4.07912,-0.0617178,0.00411926,0
4.08011,-0.061755,0.00413059,0
4.08119,-0.0617319,0.00412269,0
4.08212,-0.061721,0.00411503,0
4.08311,-0.061758,0.00413007,0
4.08412,-0.0617349,0.00411818,0
4.0851,-0.0617237,0.00411424,0
4.08614,-0.0617604,0.0041254,0
4.08712,-0.0617571,0.00412144,0
4.08814,-0.0617139,0.00409918,0
4.08914,-0.0616952,0.00409165,0
4.09018,-0.061729,0.00410152,0
4.09112,-0.0617038,0.00409317,0
4.09209,-0.0616916,0.00408535,0
4.0931,-0.0617277,0.0041003,0
4.09414,-0.0617038,0.00408846,0
4.09543,-0.0616917,0.00408458,0
4.09613,-0.0617278,0.00409572,0
4.09712,-0.0617439,0.00410328,0
4.0981,-0.061709,0.00408677,0
4.09915,-0.0617344,0.00409707,0
4.10013,-0.0617265,0.00408726,0
4.10118,-0.0616798,0.00406819,0
4.10242,-0.0617019,0.00407225,0
4.1031,-0.0617106,0.00407712,0
4.10412,-0.0616725,0.00405992,0
4.1051,-0.0616963,0.00406996,0
4.10646,-0.0617073,0.00407163,0
4.1071,-0.0616697,0.00405847,0
4.10821,-0.0616942,0.00406471,0
4.1091,-0.0617053,0.00407024,0
4.11047,-0.0616681,0.00405312,0
4.11111,-0.0616926,0.0040632,0
4.11211,-0.061704,0.00406482,0
4.11311,-0.0616467,0.00404009,0
4.1141,-0.0616617,0.00404065,0
4.11511,-0.0616689,0.00404407,0
4.1161,-0.0616298,0.00402648,0
4.11713,-0.0616531,0.00403637,0
4.11816,-0.0616632,0.00403805,0
4.11911,-0.0616671,0.00404079,0
4.12009,-0.0616265,0.00402253,0
4.12111,-0.0616495,0.00403218,0
4.12211,-0.0616597,0.00403374,0
4.1231,-0.0616632,0.00403641,0
4.12411,-0.061664,0.00403385,0
4.12523,-0.0616635,0.00403469,0
4.12614,-0.0616633,0.00403501,0
4.12725,-0.0616429,0.00402023,0
4.12815,-0.0616519,0.00401604,0
4.12912,-0.0616554,0.00401444,0
4.13023,-0.0616338,0.00401108,0
4.1311,-0.0616205,0.00400802,0
4.13207,-0.0616155,0.00400685,0
4.13316,-0.0615946,0.00399462,0
4.13432,-0.0616427,0.00401104,0
4.1351,-0.0616026,0.00399444,0
4.13611,-0.0615851,0.00398821,0
4.13715,-0.0615747,0.00398312,0
4.1381,-0.0615707,0.00398118,0
4.13915,-0.0615666,0.00397598,0
4.14008,-0.061542,0.00397175,0
4.14108,-0.0615524,0.00397091,0
4.14211,-0.0615321,0.00396654,0
4.14311,-0.0616141,0.00395785,0
4.14415,-0.0616574,0.003951,0
4.14505,-0.0616361,0.00393247,0
4.14609,-0.0615714,0.0039174,0
4.14707,-0.0615197,0.00390326,0
4.14811,-0.0614745,0.00389556,0
4.14907,-0.061434,0.00388539,0
4.15026,-0.0613969,0.00388019,0
4.15112,-0.0613433,0.00386048,0
4.15209,-0.0613023,0.00385115,0
4.15315,-0.0612703,0.00384231,0
4.15419,-0.0612426,0.00383929,0
4.15511,-0.0612182,0.00383331,0
4.15614,-0.0611961,0.00383185,0
4.15737,-0.0611764,0.00382697,0
4.1583,-0.0611585,0.00382638,0
4.15923,-0.0611427,0.00382225,0
4.16029,-0.0611085,0.00381108,0
4.1611,-0.0610854,0.00380206,0
4.16212,-0.0611066,0.00381471,0
4.1632,-0.0610737,0.00380365,0
4.16411,-0.0610537,0.00380028,0
4.16517,-0.061042,0.00379624,0
4.16613,-0.0610376,0.0037947,0
4.1671,-0.0610327,0.00379679,0
4.16813,-0.0610273,0.003795,0
4.16916,-0.0610252,0.00379431,0
4.17009,-0.0610416,0.00380802,0
4.1711,-0.0610839,0.00382593,0
4.1721,-0.0610836,0.00383363,0
4.1731,-0.0611008,0.00383692,0
4.17412,-0.0610693,0.00382616,0
4.17509,-0.0610923,0.00383261,0
4.1761,-0.0611033,0.00383892,0
4.17711,-0.0610709,0.00382424,0
4.1781,-0.0610948,0.00383464,0
4.1791,-0.06107,0.00382302,0
4.18011,-0.0610964,0.00383469,0
4.18113,-0.0611096,0.00383777,0
4.18215,-0.0611169,0.00384181,0
4.1831,-0.0610838,0.00382601,0
4.1842,-0.0610886,0.00382519,0
4.18565,-0.0610904,0.00382487,0
4.18617,-0.0611294,0.00383956,0
4.18712,-0.061107,0.00383139,0
4.18809,-0.0610876,0.00383353,0
4.18947,-0.0611026,0.003835,0
4.1901,-0.0611345,0.00384296,0
4.19111,-0.0611732,0.00385872,0
4.19213,-0.0611597,0.00385449,0
4.19309,-0.0611587,0.00385251,0
4.19409,-0.061164,0.00385234,0
4.1951,-0.0611716,0.00385593,0
4.19618,-0.0611575,0.0038443,0
4.19712,-0.0611527,0.0038417,0
4.19825,-0.0611548,0.00384069,0
4.19912,-0.0611556,0.0038403,0
4.20014,-0.0611624,0.00384336,0
4.20114,-0.0611681,0.00384749,0
4.20209,-0.0611731,0.00384897,0
4.2031,-0.0611778,0.0038523,0
4.2041,-0.0611821,0.00385337,0
4.2051,-0.0611862,0.00385638,0
4.2061,-0.0611902,0.00385722,0
4.2071,-0.061194,0.00385998,0
4.20811,-0.0611977,0.00386064,0
4.20944,-0.0611775,0.00385005,0
4.21009,-0.0611687,0.00384419,0
4.21109,-0.0611666,0.00384419,0
4.21216,-0.0611674,0.00384386,0
4.21308,-0.0611677,0.00384373,0
4.21411,-0.061171,0.0038455,0
4.21516,-0.0611732,0.0038483,0
4.2161,-0.0611757,0.00384882,0
4.2171,-0.0611779,0.00385108,0
4.21814,-0.0611805,0.00385133,0
4.21912,-0.0611831,0.00385341,0
4.2201,-0.0611856,0.00385349,0
4.22112,-0.0611881,0.00385541,0
4.22211,-0.0611666,0.00384223,0
4.22317,-0.0611566,0.00383768,0
4.22413,-0.0611537,0.00383516,0
4.2251,-0.0611526,0.0038342,0
4.22612,-0.0611548,0.00383505,0
4.22711,-0.0611558,0.00383725,0
4.2281,-0.0611563,0.00383809,0
4.22911,-0.0612012,0.00385604,0
4.23011,-0.0611794,0.00384644,0
4.23109,-0.0611711,0.00384278,0
4.23213,-0.0611671,0.00384052,0
4.23313,-0.0611663,0.00384134,0
4.23414,-0.0611429,0.00382757,0
4.23513,-0.061134,0.00382231,0
4.23618,-0.0611286,0.0038196,0
4.23743,-0.0611271,0.00382033,0
4.23809,-0.0611271,0.00381971,0
4.23911,-0.0611271,0.00381948,0
4.2401,-0.0611281,0.0038201,0
4.24109,-0.061129,0.00382193,0
4.24209,-0.0611301,0.00382162,0
4.2431,-0.061131,0.00382304,0
4.2441,-0.061132,0.00382252,0
4.24518,-0.0611329,0.00382379,0
4.2462,-0.0611339,0.00382315,0
4.24744,-0.0611109,0.00381129,0
4.24857,-0.0611022,0.00380676,0
4.24978,-0.0610961,0.00380254,0
4.2505,-0.061094,0.00380238,0
4.25111,-0.0610743,0.00379784,0
4.25212,-0.0610889,0.00388323,0
4.25316,-0.0611252,0.00404801,0
4.25422,-0.0611371,0.0041155,0
4.25511,-0.0611416,0.00414128,0
4.2561,-0.06116,0.00414907,0
4.25713,-0.0611669,0.00415205,0
4.25813,-0.0611513,0.00415899,0
4.25911,-0.0611453,0.00416164,0
4.26014,-0.0611697,0.00419422,0
4.26107,-0.0612258,0.00423153,0
4.26215,-0.0612485,0.00424915,0
4.26314,-0.0612376,0.0042581,0
4.26415,-0.0612513,0.00425827,0
4.26508,-0.0612549,0.00425673,0
4.26609,-0.0612363,0.0042602,0
4.26712,-0.0612286,0.0042593,0
4.26815,-0.0611977,0.00423099,0
4.26914,-0.0611827,0.00421729,0
4.27014,-0.0611768,0.00421358,0
4.27113,-0.0611741,0.00421107,0
4.27213,-0.0611724,0.00421145,0
4.27314,-0.0611712,0.00421027,0
4.27415,-0.0611701,0.00421102,0
4.27517,-0.061169,0.00420986,0
4.27613,-0.0611658,0.00421029,0
4.27717,-0.0611633,0.00420892,0
4.27818,-0.06118,0.00420575,0
4.27914,-0.0611855,0.00420306,0
4.28017,-0.0611391,0.00417796,0
4.28119,-0.0611646,0.00419056,0
4.28222,-0.0611297,0.00417334,0
4.28317,-0.0611122,0.00416397,0
4.28436,-0.0611052,0.00416209,0
4.28515,-0.061102,0.00416051,0
4.28634,-0.0610999,0.00416146,0
4.28719,-0.0610979,0.00416073,0
4.28817,-0.0611425,0.00418658,0
4.28911,-0.0611145,0.00417138,0
4.29022,-0.0611188,0.0041616,0
4.29117,-0.0611191,0.00415622,0
4.29211,-0.0610709,0.00413055,0
4.29317,-0.0610948,0.00414322,0
4.29415,-0.0611054,0.00415071,0
4.29512,-0.0610613,0.00412763,0
4.29612,-0.0610869,0.00414374,0
4.29721,-0.0610983,0.00414979,0
4.29832,-0.0610544,0.00412837,0
4.29912,-0.0610802,0.00414251,0
4.30027,-0.0610917,0.0041502,0
4.30111,-0.0610214,0.00409804,0
4.30211,-0.0609874,0.004077,0
4.3031,-0.0610196,0.00409329,0
4.30412,-0.0610339,0.00410316,0
4.30511,-0.0609916,0.00408147,0
4.30611,-0.0610177,0.00409833,0
4.3071,-0.0610293,0.00410501,0
4.30812,-0.060986,0.00408431,0
4.30916,-0.0610118,0.00409965,0
4.31014,-0.0610228,0.00410608,0
4.31113,-0.0610433,0.00410623,0
4.3121,-0.061051,0.00410522,0
4.31314,-0.0610701,0.00410235,0
4.31411,-0.061008,0.00407789,0
4.3151,-0.061,0.00406475,0
4.3162,-0.0610404,0.0040841,0
4.31773,-0.0610353,0.00409704,0
4.31892,-0.0610333,0.00410198,0
4.31932,-0.0609796,0.00407721,0
4.3201,-0.0610049,0.00409177,0
4.3211,-0.0609695,0.00407444,0
4.32211,-0.0609981,0.00409019,0
4.32308,-0.061009,0.0040962,0
4.32404,-0.0609491,0.00407867,0
4.32508,-0.0608958,0.00404019,0
4.3261,-0.0608731,0.00402607,0
4.32714,-0.0608831,0.00401676,0
4.32808,-0.0608675,0.0040184,0
4.32907,-0.0608615,0.00401903,0
4.33012,-0.0608591,0.00402121,0
4.33106,-0.0608764,0.00401818,0
4.33207,-0.0608634,0.00402165,0
4.33312,-0.0608581,0.00402219,0
4.33415,-0.0608558,0.00402403,0
4.33506,-0.0608547,0.00402366,0
4.33618,-0.0608537,0.00402489,0
4.3371,-0.060853,0.0040241,0
4.33806,-0.0608259,0.00399757,0
4.33912,-0.060812,0.00398442,0
4.3401,-0.0608066,0.00398145,0
4.34112,-0.060804,0.00397985,0
4.34216,-0.0608023,0.00398112,0
4.3432,-0.060801,0.00398071,0
4.34409,-0.0607992,0.00397997,0
4.34511,-0.060796,0.00396941,0
4.34611,-0.0607923,0.00395788,0
4.34722,-0.0607887,0.00394374,0
4.34832,-0.0607851,0.00393143,0
4.34941,-0.0607818,0.00391757,0
4.35039,-0.0607557,0.00389328,0
4.35125,-0.0607407,0.00387407,0
4.35209,-0.0607333,0.00386118,0
4.35314,-0.0607286,0.00384833,0
4.35427,-0.0607243,0.00383825,0
4.35518,-0.0607656,0.00384724,0
4.3562,-0.0607379,0.00382654,0
4.35721,-0.0607217,0.00380968,0
4.35809,-0.0607586,0.00381902,0
4.35911,-0.0607743,0.00381688,0
4.36021,-0.0607342,0.00379119,0
4.36122,-0.060714,0.00377328,0
4.36214,-0.0607056,0.00376292,0
4.36321,-0.0607015,0.00375299,0
4.36417,-0.0606762,0.00373331,0
4.3654,-0.0606621,0.00371875,0
4.3663,-0.0606552,0.00371046,0
4.36714,-0.0606956,0.0037217,0
4.3681,-0.0606682,0.00370335,0
4.3691,-0.0606523,0.00369207,0
4.37029,-0.06069,0.00370166,0
4.3712,-0.0606618,0.00368532,0
4.37234,-0.0606458,0.0036726,0
4.37335,-0.0606835,0.00368432,0
4.37452,-0.0606555,0.00366676,0
4.37524,-0.0606395,0.00365639,0
4.37611,-0.0606776,0.00366663,0
4.3772,-0.060627,0.00363902,0
4.37815,-0.0605992,0.00362129,0
4.3794,-0.0606085,0.00361907,0
4.38031,-0.0606546,0.00363227,0
4.38122,-0.0606928,0.0036426,0
4.38216,-0.0606385,0.0036181,0
4.38315,-0.0606356,0.00361782,0
4.38423,-0.0605905,0.00359681,0
4.38511,-0.0606141,0.00360436,0
4.38612,-0.0605811,0.00358692,0
4.3871,-0.0605412,0.00356548,0
4.3881,-0.0605664,0.00357056,0
4.38911,-0.0605343,0.00355558,0
4.39011,-0.0605167,0.00354526,0
4.39106,-0.0605531,0.00355834,0
4.3921,-0.0605253,0.00354419,0
4.3931,-0.0605094,0.0035368,0
4.3941,-0.0605468,0.00354855,0
4.3951,-0.060519,0.00353657,0
4.39609,-0.0605098,0.00352761,0
4.3971,-0.0605499,0.00354133,0
4.3981,-0.0605237,0.00352775,0
4.39909,-0.0605086,0.00352077,0
4.40011,-0.0605238,0.00352056,0
4.4011,-0.0605282,0.00352022,0
4.4021,-0.0604842,0.00350001,0
4.40309,-0.0605074,0.00350817,0
4.40409,-0.060518,0.00350976,0
4.40509,-0.060477,0.00349302,0
4.4061,-0.0604573,0.00348281,0
4.40709,-0.0604929,0.00349626,0
4.40809,-0.0605077,0.00350021,0
4.40911,-0.0604667,0.00348449,0
4.41012,-0.0604915,0.0034919,0
4.4111,-0.0605024,0.0034959,0
4.41211,-0.0604608,0.00347778,0
4.41314,-0.0604864,0.00348691,0
4.41411,-0.0604759,0.00347681,0
4.41511,-0.060424,0.00345478,0
4.4161,-0.0604464,0.00345985,0
4.41712,-0.060459,0.00346335,0
4.41811,-0.0604231,0.00344553,0
4.41925,-0.0604148,0.00343809,0
4.42009,-0.0604745,0.00345039,0
4.42113,-0.0605527,0.00345968,0
4.42214,-0.060938,0.00347136,0
4.4231,-0.061244,0.00349687,0
4.4241,-0.0614744,0.00350698,0
4.42514,-0.0615413,0.00349227,0
4.42613,-0.0615895,0.00348426,0
4.42711,-0.0616176,0.00348416,0
4.42813,-0.0616341,0.00348229,0
4.42909,-0.0616492,0.00347806,0
4.43008,-0.0616838,0.0034691,0
4.43109,-0.0617233,0.00346925,0
4.43209,-0.0617421,0.00346118,0
4.43309,-0.0617717,0.00345849,0
4.4341,-0.0617338,0.00343515,0
4.4351,-0.061789,0.00344311,0
4.43609,-0.061819,0.00344276,0
4.43709,-0.0618386,0.00344304,0
4.43809,-0.0618526,0.00343848,0
4.43909,-0.0618064,0.00342206,0
4.44008,-0.0617186,0.00339238,0
4.44112,-0.0617524,0.00339803,0
4.44213,-0.0617734,0.00339743,0
4.44312,-0.0617264,0.00338103,0
4.4441,-0.0617763,0.00338705,0
4.44515,-0.0618022,0.0033913,0
4.44612,-0.0618177,0.00338931,0
4.44719,-0.0618288,0.00338917,0
4.44815,-0.0618378,0.00338533,0
4.4491,-0.0618459,0.00338452,0
4.45019,-0.0617986,0.00336604,0
4.45109,-0.0617668,0.003358,0
4.45216,-0.0617574,0.00335151,0
4.45317,-0.0617586,0.0033501,0
4.4541,-0.061759,0.00334956,0
4.45515,-0.0617691,0.00334727,0
4.45625,-0.0617743,0.00334331,0
4.45711,-0.0618448,0.00335953,0
4.45811,-0.06181,0.00334672,0
4.45911,-0.061799,0.00334145,0
4.46009,-0.0617975,0.00333623,0
4.4612,-0.0617991,0.00333492,0
4.46213,-0.0617993,0.00333236,0
4.4631,-0.0617944,0.00332904,0
4.46414,-0.0617572,0.00331521,0
4.4651,-0.0617059,0.00330445,0
4.46632,-0.06168,0.00330079,0
4.4671,-0.0616507,0.00329636,0
4.4684,-0.0615867,0.00329313,0
4.46925,-0.0615118,0.00328782,0
4.47009,-0.0614374,0.00328468,0
4.47129,-0.0613663,0.00327992,0
4.47231,-0.0612991,0.00327751,0
4.47311,-0.0612359,0.00327357,0
4.47411,-0.0611764,0.00327188,0
4.47516,-0.0610989,0.00325647,0
4.47613,-0.0610693,0.00325059,0
4.47711,-0.0609924,0.00324513,0
4.47814,-0.0609343,0.00324366,0
4.47916,-0.0608851,0.00324126,0
4.48012,-0.060841,0.00324106,0
4.48108,-0.0607994,0.00323943,0
4.4821,-0.0607604,0.00323977,0
4.4831,-0.060724,0.00323832,0
4.48412,-0.0606886,0.00323894,0
4.4851,-0.0606552,0.0032378,0
4.4861,-0.0606233,0.00323853,0
4.4871,-0.060593,0.00323751,0
4.48808,-0.0605436,0.00322637,0
4.48914,-0.0605046,0.00321966,0
4.4901,-0.0604728,0.00321849,0
4.49111,-0.0604453,0.00321696,0
4.49209,-0.0604196,0.00321784,0
4.49309,-0.0604098,0.00321818,0
4.49412,-0.0603773,0.00321887,0
4.49511,-0.060352,0.00321807,0
4.49614,-0.0603295,0.00321925,0
4.49717,-0.0603087,0.00321871,0
4.4981,-0.0602889,0.00321998,0
4.49908,-0.06027,0.00321947,0
4.50026,-0.0602517,0.00322074,0
4.50111,-0.0602139,0.00320845,0
4.50209,-0.0601994,0.00320376,0
4.50311,-0.0601699,0.00320119,0
4.50411,-0.0601485,0.00320181,0
4.50511,-0.0601307,0.00320114,0
4.50621,-0.0601145,0.00320243,0
4.5071,-0.0600994,0.00320199,0
4.50811,-0.0600849,0.00320334,0
4.50914,-0.060071,0.00320289,0
4.51011,-0.0600575,0.0032042,0
4.51115,-0.0600442,0.00320379,0
4.51212,-0.0600391,0.00320363,0
4.51316,-0.060069,0.0032195,0
4.51444,-0.0600804,0.00322556,0
4.51511,-0.0600336,0.00321473,0
4.51616,-0.0600158,0.0032106,0
4.51709,-0.0599695,0.00319507,0
4.51817,-0.0599446,0.00318829,0
4.51915,-0.0599289,0.0031872,0
4.52007,-0.0598902,0.00318212,0
4.52116,-0.0598957,0.00318542,0
4.52237,-0.059937,0.00320108,0
4.52337,-0.059904,0.0031942,0
4.52407,-0.0598562,0.00318502,0
4.52509,-0.0598336,0.00318308,0
4.52607,-0.0598013,0.00317001,0
4.52709,-0.0597814,0.00316541,0
4.52823,-0.0597697,0.00316299,0
4.52917,-0.0597607,0.00316376,0
4.53008,-0.0597528,0.00316321,0
4.53109,-0.0597455,0.00316459,0
4.53212,-0.0597385,0.00316421,0
4.5332,-0.0597313,0.00316568,0
4.53414,-0.0597685,0.00318044,0
4.53514,-0.0597373,0.00317344,0
4.53615,-0.0597604,0.00318376,0
4.53717,-0.0597241,0.00317469,0
4.53817,-0.0597028,0.00316858,0
4.53913,-0.0596722,0.00315627,0
4.54013,-0.0596538,0.00314933,0
4.5411,-0.0596431,0.00314829,0
4.54212,-0.0596347,0.0031477,0
4.54331,-0.0596515,0.00315054,0
4.54425,-0.0596956,0.00316819,0
4.5451,-0.059687,0.00317093,0
4.54617,-0.0596355,0.00315746,0
4.54712,-0.0596091,0.00314983,0
4.54814,-0.0596387,0.0031636,0
4.54909,-0.0596306,0.00315742,0
4.5501,-0.0595772,0.0031396,0
4.55112,-0.0595938,0.00314549,0
4.55212,-0.0595566,0.00313527,0
4.55349,-0.0595351,0.00312892,0
4.55417,-0.0595661,0.00314289,0
4.55511,-0.0595355,0.00313332,0
4.5561,-0.0595168,0.00312958,0
4.5571,-0.0595487,0.00314218,0
4.5581,-0.0595607,0.0031494,0
4.55918,-0.0595197,0.0031355,0
4.56018,-0.0595213,0.00313411,0
4.56111,-0.059542,0.00313611,0
4.56216,-0.0595443,0.00313773,0
4.56311,-0.0595175,0.00313299,0
4.56422,-0.0595034,0.00313198,0
4.56509,-0.0594525,0.00311502,0
4.56609,-0.0594269,0.00310865,0
4.5671,-0.0594562,0.00312011,0
4.5681,-0.0594264,0.00311219,0
4.56911,-0.0594088,0.00310667,0
4.57014,-0.0594409,0.0031209,0
4.57115,-0.0594535,0.00312632,0
4.57211,-0.0593954,0.00310318,0
4.57314,-0.0594061,0.00310576,0
4.57409,-0.0594102,0.00310675,0
4.57523,-0.0594296,0.00311179,0
4.57615,-0.0594339,0.00311486,0
4.57714,-0.0594539,0.00311833,0
4.57809,-0.0594343,0.00311654,0
4.57908,-0.0593992,0.00311037,0
4.58019,-0.059406,0.00311273,0
4.58109,-0.0594282,0.00311592,0
4.58215,-0.0594081,0.00311399,0
4.58308,-0.0593742,0.00310773,0
4.58411,-0.0593815,0.0031102,0
4.58512,-0.0593621,0.00309846,0
4.5861,-0.0593483,0.00309357,0
4.5871,-0.0593619,0.00309414,0
4.58812,-0.0593399,0.00309111,0
4.58909,-0.0593315,0.00308995,0
4.5901,-0.0593219,0.00308907,0
4.59111,-0.0592922,0.00308359,0
4.59209,-0.059279,0.0030826,0
4.59311,-0.0592715,0.00308105,0
4.59408,-0.0592687,0.00308046,0
4.59508,-0.0593041,0.00309502,0
4.59616,-0.0592601,0.00307684,0
4.5971,-0.0592433,0.00306989,0
4.5981,-0.0592292,0.00306354,0
4.5991,-0.0592211,0.00306209,0
4.60011,-0.0591941,0.00305692,0
4.60113,-0.0592216,0.00307098,0
4.60211,-0.0592332,0.0030764,0
4.6031,-0.0592376,0.00307847,0
4.60411,-0.0592379,0.00308055,0
4.60511,-0.0592144,0.00307612,0
4.6061,-0.059244,0.00309057,0
4.60713,-0.059257,0.00309594,0
4.60809,-0.059262,0.00309799,0
4.6091,-0.0592455,0.00308866,0
4.61009,-0.0592348,0.00308228,0
4.61116,-0.0592307,0.00307984,0
4.61213,-0.0592049,0.00307584,0
4.6131,-0.0591951,0.00307431,0
4.6141,-0.0592076,0.00308334,0
4.6151,-0.0592147,0.00308913,0
4.6161,-0.0592343,0.00310081,0
4.61717,-0.0592845,0.00312255,0
4.61819,-0.0593036,0.00313086,0
4.61905,-0.0593135,0.00313359,0
4.62005,-0.0592929,0.0031304,0
4.62109,-0.0593086,0.00313175,0
4.62219,-0.0592727,0.00311705,0
4.62314,-0.0592788,0.0031128,0
4.62417,-0.059256,0.00310717,0
4.62525,-0.0592453,0.00310293,0
4.62626,-0.05924,0.0031019,0
4.62718,-0.0592598,0.00310472,0
4.62816,-0.0592419,0.00309988,0
4.62911,-0.0592324,0.00309832,0
4.6301,-0.0592272,0.00309576,0
4.63122,-0.0592232,0.00309522,0
4.63223,-0.0592197,0.00309298,0
4.63314,-0.0591989,0.00308157,0
4.63424,-0.0591857,0.00307396,0
4.63517,-0.059178,0.0030717,0
4.63611,-0.0591722,0.00306894,0
4.63715,-0.0591901,0.0030726,0
4.63814,-0.0591701,0.00306784,0
4.63914,-0.0591995,0.00308146,0
4.64016,-0.0591526,0.00305971,0
4.64113,-0.059166,0.00306438,0
4.64218,-0.0591301,0.00305022,0
4.64312,-0.0591091,0.00304391,0
4.64412,-0.0591379,0.00305455,0
4.64513,-0.0591084,0.0030455,0
4.64605,-0.0590901,0.00303865,0
4.64711,-0.0591196,0.00305159,0
4.64811,-0.0591303,0.00305576,0
4.6491,-0.0590904,0.00304264,0
4.65011,-0.0591091,0.00304937,0
4.6511,-0.0591154,0.0030534,0
4.65211,-0.0590741,0.00303783,0
4.65309,-0.0590921,0.00304606,0
4.65409,-0.0590983,0.00304822,0
4.65513,-0.0590405,0.00302356,0
4.65611,-0.0590479,0.00302474,0
4.65709,-0.0590494,0.00302668,0
4.65808,-0.0590067,0.0030107,0
4.6591,-0.0589837,0.00300392,0
4.66009,-0.0590105,0.00301432,0
4.66109,-0.05902,0.00302011,0
4.66209,-0.0589807,0.00300566,0
4.66308,-0.0589986,0.00301418,0
4.6641,-0.0590046,0.00301659,0
4.66511,-0.0589644,0.00300325,0
4.66611,-0.0589428,0.00299502,0
4.6671,-0.0589702,0.00300727,0
4.66809,-0.0589639,0.00300064,0
4.66914,-0.0589551,0.00299747,0
4.67013,-0.0589478,0.00299416,0
4.67111,-0.0589409,0.00299343,0
4.6721,-0.0589344,0.00299123,0
4.67311,-0.0589281,0.00299091,0
4.67411,-0.0589219,0.00298887,0
4.67509,-0.0589159,0.00298862,0
4.67608,-0.0589101,0.00298662,0
4.67709,-0.0589044,0.0029863,0
4.6781,-0.0588606,0.00296984,0
4.67909,-0.0588761,0.00297752,0
4.6801,-0.0588814,0.00297987,0
4.68114,-0.0588644,0.00297072,0
4.6821,-0.0588138,0.00294973,0
4.68309,-0.058826,0.00295566,0
4.68408,-0.0588298,0.00295743,0
4.68509,-0.0587904,0.00294484,0
4.68611,-0.0588067,0.00295142,0
4.6871,-0.0588121,0.00295592,0
4.68809,-0.0588112,0.00295609,0
4.6891,-0.0588075,0.00295681,0
4.69009,-0.0588029,0.00295532,0
4.69109,-0.0587979,0.00295544,0
4.69209,-0.058793,0.00295372,0
4.69316,-0.058788,0.00295375,0
4.6941,-0.0587675,0.00294136,0
4.69523,-0.0587537,0.00293616,0
4.6961,-0.0587449,0.00293244,0
4.69713,-0.0587381,0.00293189,0
4.69818,-0.0587323,0.00292998,0
4.69909,-0.0587267,0.00293018,0
4.70009,-0.0587214,0.00292865,0
4.70111,-0.0587163,0.0029289,0
4.7021,-0.0587113,0.00292738,0
4.70313,-0.0587065,0.00292764,0
4.70419,-0.0587018,0.00292612,0
4.70512,-0.0586971,0.00292636,0
4.70611,-0.0586772,0.00291426,0
4.70709,-0.0586639,0.00290931,0
4.70813,-0.0586556,0.00290582,0
4.70914,-0.0586492,0.0029054,0
4.7101,-0.0586437,0.00290376,0
4.71116,-0.0586386,0.00290409,0
4.71219,-0.0586366,0.00290422,0
4.71311,-0.058633,0.00290278,0
4.71427,-0.0586316,0.00290223,0
4.71515,-0.0586254,0.00290149,0
4.71608,-0.0586129,0.00289185,0
4.7171,-0.0585826,0.00288228,0
4.71808,-0.0585686,0.00287989,0
4.71905,-0.0585615,0.00287788,0
4.72012,-0.0585568,0.00287841,0
4.72105,-0.0585531,0.0028781,0
4.72209,-0.0585498,0.00287727,0
4.72313,-0.0585467,0.00287824,0
4.7241,-0.0585437,0.00287736,0
4.7251,-0.0585407,0.00287833,0
4.72613,-0.0585573,0.0028804,0
4.72707,-0.0585269,0.00286887,0
4.72809,-0.0585449,0.00287537,0
4.72912,-0.0585175,0.00286676,0
4.73008,-0.0585018,0.00286082,0
4.73119,-0.058494,0.00285991,0
4.73213,-0.058489,0.00285853,0
4.73311,-0.0585041,0.00286208,0
4.73442,-0.0584883,0.00285925,0
4.73526,-0.0584797,0.00285928,0
4.73612,-0.0584748,0.00285808,0
4.73711,-0.058471,0.00285885,0
4.73816,-0.0584679,0.00285791,0
4.73912,-0.0584649,0.00285874,0
4.74011,-0.0584476,0.00284741,0
4.74116,-0.0584365,0.00284312,0
4.74217,-0.0584303,0.00284045,0
4.74314,-0.0584257,0.00284087,0
4.74414,-0.0584551,0.00285295,0
4.74519,-0.0584332,0.00284671,0
4.74613,-0.0584199,0.00284163,0
4.74716,-0.0584131,0.00284102,0
4.74817,-0.0584088,0.00283963,0
4.74917,-0.0584052,0.00284034,0
4.75009,-0.0584021,0.00283939,0
4.75117,-0.058399,0.00284024,0
4.75212,-0.0583962,0.00283931,0
4.75314,-0.0583791,0.00282983,0
4.75418,-0.0583682,0.00282381,0
4.75518,-0.058362,0.00282303,0
4.75623,-0.0583901,0.00283456,0
4.75717,-0.0583683,0.00282839,0
4.75819,-0.0583882,0.00283666,0
4.75912,-0.0583957,0.00284187,0
4.76011,-0.0583633,0.00282922,0
4.76124,-0.0583464,0.00282432,0
4.76221,-0.058371,0.00283431,0
4.76333,-0.0583484,0.00282747,0
4.76414,-0.058321,0.00281197,0
4.76513,-0.0583388,0.00281916,0
4.76623,-0.0583136,0.00280902,0
4.76722,-0.0582987,0.00280517,0
4.76828,-0.0583232,0.00281541,0
4.76912,-0.0583008,0.00280903,0
4.77011,-0.0583198,0.00281712,0
4.77112,-0.0583271,0.00282231,0
4.77212,-0.0582954,0.00280988,0
4.77313,-0.0582975,0.00280802,0
4.77412,-0.0582959,0.00280598,0
4.77522,-0.0582928,0.00280643,0
4.77612,-0.0583074,0.00280808,0
4.77712,-0.0583236,0.00281991,0
4.77815,-0.0582973,0.00281112,0
4.77919,-0.0582872,0.00280776,0
4.78009,-0.0582759,0.00280481,0
4.7811,-0.0582694,0.00280485,0
4.78225,-0.0582648,0.00280353,0
4.7831,-0.0582609,0.00280405,0
4.78413,-0.0582257,0.00279005,0
4.7851,-0.0582262,0.00278751,0
4.78608,-0.0582242,0.00278521,0
4.78717,-0.0581898,0.00277302,0
4.78811,-0.0582034,0.00277881,0
4.7891,-0.0582084,0.00278347,0
4.79011,-0.0582084,0.00278418,0
4.79116,-0.0582061,0.00278562,0
4.79211,-0.0582032,0.00278489,0
4.79309,-0.0582,0.0027858,0
4.79409,-0.0581968,0.00278485,0
4.79511,-0.0581936,0.00278566,0
4.79609,-0.0581891,0.00278476,0
4.79708,-0.0581854,0.00278556,0
4.79806,-0.0581823,0.00278454,0
4.79911,-0.058166,0.00277508,0
4.80013,-0.0581598,0.00277146,0
4.80109,-0.0581486,0.00276783,0
4.80213,-0.0581443,0.00276651,0
4.80315,-0.0581406,0.00276745,0
4.80415,-0.0581371,0.00276653,0
4.80515,-0.0581337,0.00276741,0
4.80618,-0.0581305,0.0027665,0
4.80712,-0.0581272,0.00276736,0
4.80818,-0.0581242,0.00276642,0
4.80928,-0.0581387,0.0027699,0
4.81011,-0.058155,0.00277987,0
4.81114,-0.0581307,0.0027731,0
4.8121,-0.0580737,0.00274512,0
4.8131,-0.0580761,0.0027461,0
4.81411,-0.058077,0.00274651,0
4.81517,-0.0580774,0.00274666,0
4.81611,-0.0580735,0.00274704,0
4.81713,-0.0580699,0.00274846,0
4.81812,-0.0580666,0.0027478,0
4.81912,-0.0580634,0.00274881,0
4.8201,-0.0580604,0.00274797,0
4.8211,-0.0580574,0.00274889,0
4.82212,-0.0580545,0.00274799,0
4.82311,-0.0580517,0.00274887,0
4.82414,-0.058049,0.00274793,0
4.8251,-0.0580462,0.00274876,0
4.82613,-0.0580311,0.00273781,0
4.82711,-0.0580212,0.00273371,0
4.82809,-0.0580153,0.00273088,0
4.8291,-0.0580108,0.00273115,0
4.8301,-0.058007,0.00272998,0
4.83116,-0.0580035,0.00273083,0
4.83211,-0.0580003,0.00272995,0
4.83314,-0.0579972,0.00273089,0
4.83411,-0.0579943,0.00273013,0
4.83514,-0.0579914,0.00273109,0
4.83636,-0.0580055,0.00273267,0
4.8371,-0.058021,0.00274432,0
4.83851,-0.057998,0.00273605,0
4.8391,-0.057973,0.00272294,0
4.84011,-0.0579593,0.00271607,0
4.84119,-0.057952,0.00271277,0
4.84209,-0.0579492,0.0027115,0
4.84312,-0.057944,0.00271132,0
4.84413,-0.057942,0.00271125,0
4.84509,-0.0579376,0.00271148,0
4.84615,-0.0579505,0.00271521,0
4.84713,-0.0579532,0.00271522,0
4.8481,-0.0579356,0.00271424,0
4.84909,-0.0579267,0.00271246,0
4.85009,-0.0579215,0.00271301,0
4.8511,-0.0579062,0.00270224,0
4.8521,-0.0578964,0.00269821,0
4.8531,-0.0579189,0.00270763,0
4.85412,-0.0578994,0.00270154,0
4.85542,-0.0578879,0.00269691,0
4.85611,-0.057881,0.00269602,0
4.85711,-0.0578767,0.00269459,0
4.85817,-0.0578732,0.0026954,0
4.85913,-0.0578703,0.00269456,0
4.86008,-0.0578675,0.00269556,0
4.86112,-0.0578651,0.00269486,0
4.86246,-0.0578625,0.00269589,0
4.86311,-0.0578484,0.00268518,0
4.86408,-0.0578391,0.00268129,0
4.86509,-0.0578336,0.00267864,0
4.86611,-0.0578296,0.00267918,0
4.86713,-0.0578261,0.00267821,0
4.86809,-0.0578501,0.00269104,0
4.8691,-0.0578326,0.00268413,0
4.87011,-0.057822,0.00268159,0
4.8711,-0.0578162,0.00267931,0
4.8721,-0.0578123,0.00267982,0
4.87318,-0.0578094,0.00267887,0
4.87413,-0.0578067,0.00267982,0
4.87509,-0.0578057,0.00268019,0
4.87611,-0.0578039,0.00267915,0
4.8771,-0.0577904,0.0026703,0
4.87812,-0.0577663,0.00266265,0
4.8791,-0.0577819,0.00267284,0
4.88012,-0.0577624,0.00266521,0
4.8814,-0.0577515,0.00266252,0
4.88236,-0.0577728,0.00267218,0
4.88349,-0.0577818,0.00267844,0
4.88411,-0.0577993,0.00268161,0
4.88509,-0.0577894,0.00268188,0
4.8861,-0.0577574,0.00266875,0
4.8871,-0.0577573,0.00266594,0
4.88814,-0.0577411,0.00266171,0
4.88915,-0.0577223,0.00265185,0
4.8901,-0.057738,0.0026576,0
4.89112,-0.0577445,0.00266228,0
4.89211,-0.0577455,0.00266299,0
4.89313,-0.0577441,0.00266437,0
4.89415,-0.0577161,0.00265199,0
4.89514,-0.0577279,0.00265916,0
4.89614,-0.0577328,0.0026617,0
4.89712,-0.0577074,0.00265238,0
4.8981,-0.0577204,0.00265816,0
4.89911,-0.0577149,0.00265297,0
4.90011,-0.0576837,0.00263711,0
4.90111,-0.0576936,0.00264292,0
4.9021,-0.0576974,0.00264507,0
4.90318,-0.0576717,0.00263589,0
4.90414,-0.0576619,0.00263238,0
4.90595,-0.0576802,0.00264274,0
4.90652,-0.0576858,0.00264561,0
4.90764,-0.057688,0.00264671,0
4.90813,-0.057675,0.00263742,0
4.90911,-0.0576664,0.00263403,0
4.9101,-0.0576611,0.00263151,0
4.9111,-0.057657,0.00263195,0
4.91206,-0.0576536,0.00263096,0
4.91345,-0.0576651,0.00263383,0
4.9144,-0.0576779,0.00264323,0
4.91511,-0.0576576,0.0026377,0
4.91609,-0.0576442,0.00263308,0
4.9171,-0.0576627,0.00264403,0
4.91809,-0.0576447,0.00263642,0
4.91908,-0.0576344,0.00263361,0
4.92019,-0.0576289,0.00263113,0
4.92109,-0.057615,0.00262195,0
4.9221,-0.0576063,0.00261615,0
4.92313,-0.0576009,0.00261526,0
4.92409,-0.057597,0.00261387,0
4.92519,-0.0575935,0.00261465,0
4.9261,-0.0575905,0.00261383,0
4.92709,-0.0575877,0.00261489,0
4.92846,-0.0575866,0.0026153,0
4.92922,-0.0575846,0.0026143,0
4.9301,-0.0575684,0.00261363,0
4.93121,-0.0575746,0.00261378,0
4.93221,-0.0575623,0.00261358,0
4.93311,-0.0575463,0.0026029,0
4.93439,-0.057561,0.00261024,0
4.93518,-0.0575439,0.00260204,0
4.93616,-0.0575338,0.0025991,0
4.9373,-0.057529,0.00259702,0
4.93817,-0.057526,0.00259778,0
4.93916,-0.0575239,0.00259713,0
4.94016,-0.0575353,0.00259985,0
4.94119,-0.057525,0.00259818,0
4.9421,-0.0575195,0.00259899,0
4.94311,-0.0575397,0.0026092,0
4.94416,-0.0575249,0.00260441,0
4.94514,-0.0575301,0.00260194,0
4.94618,-0.057521,0.00259274,0
4.94713,-0.0575142,0.002587,0
4.94814,-0.0575094,0.00258615,0
4.94911,-0.0575057,0.00258486,0
4.95014,-0.0575021,0.0025857,0
4.95113,-0.0575221,0.00259588,0
4.95211,-0.0575067,0.00259128,0
4.95313,-0.0574973,0.00258715,0
4.95414,-0.0574787,0.00258533,0
4.95509,-0.0574929,0.00259441,0
4.9562,-0.0574764,0.00258936,0
4.9572,-0.0574673,0.00258503,0
4.95813,-0.0574761,0.00258632,0
4.95919,-0.0574561,0.00257476,0
4.96013,-0.0574451,0.00257073,0
4.96132,-0.057462,0.00257899,0
4.96214,-0.0574467,0.00257396,0
4.96337,-0.0574376,0.00256975,0
4.96445,-0.0574552,0.0025804,0
4.96514,-0.0574404,0.00257367,0
4.96646,-0.0574316,0.0025713,0
4.96713,-0.0574494,0.00258009,0
4.96818,-0.057435,0.00257521,0
4.96912,-0.0574395,0.00257258,0
4.97057,-0.0574399,0.00257281,0
4.97115,-0.0574385,0.00257166,0
4.9724,-0.0574379,0.00257122,0
4.9731,-0.0574329,0.00257021,0
4.97413,-0.0574309,0.00257218,0
4.97512,-0.0574069,0.00256095,0
4.97614,-0.057391,0.00255727,0
4.97713,-0.0574055,0.0025656,0
4.97812,-0.0574115,0.00257131,0
4.9791,-0.0574127,0.00257229,0
4.9801,-0.057412,0.00257384,0
4.98109,-0.0574105,0.00257308,0
4.98211,-0.0574219,0.00257569,0
4.98311,-0.0574159,0.00256592,0
4.9841,-0.0574136,0.00256219,0
4.98512,-0.0573941,0.00255788,0
4.98612,-0.0573848,0.0025576,0
4.9871,-0.0573813,0.0025575,0
4.98811,-0.0573769,0.00255756,0
4.98911,-0.0573738,0.00255633,0
4.99012,-0.0573712,0.00255716,0
4.99112,-0.0573687,0.00255612,0
4.99214,-0.0573664,0.002557,0
4.99314,-0.0573644,0.00255612,0
4.9941,-0.0573621,0.00255695,0
4.9951,-0.0573516,0.00254679,0
4.99611,-0.0573444,0.00254308,0
4.99711,-0.057361,0.00255115,0
4.99809,-0.0573462,0.00254589,0
4.99911,-0.0573374,0.00254158,0
5.0002,-0.0573323,0.00254114,0
5.00113,-0.0573288,0.0025398,0
5.00256,-0.0573259,0.00254065,0
5.00311,-0.0573235,0.00253973,0
5.00408,-0.0573225,0.00253939,0
5.00508,-0.0573208,0.00254058,0
5.00605,-0.0572982,0.0025292,0
5.00706,-0.0572866,0.00252519,0
5.00809,-0.0572813,0.00252272,0
5.00909,-0.0572769,0.00252229,0
5.01005,-0.0572753,0.00252212,0
5.01125,-0.0572735,0.00252354,0
5.01225,-0.0572718,0.00252297,0
5.0131,-0.0572701,0.00252421,0
5.01417,-0.0572685,0.00252354,0
5.01527,-0.0572669,0.0025247,0
5.01616,-0.0572655,0.00252405,0
5.01728,-0.0572754,0.00252638,0
5.01818,-0.0572668,0.00252478,0
5.01937,-0.0572619,0.00252547,0
5.02018,-0.0572594,0.0025245,0
5.02115,-0.0572494,0.00251634,0
5.02219,-0.0572432,0.002511,0
5.02318,-0.0572398,0.00251063,0
5.02416,-0.0572564,0.00251961,0
5.02518,-0.0572437,0.00251521,0
5.02616,-0.0572361,0.00251117,0
5.02711,-0.0572512,0.00252129,0
5.0284,-0.0572383,0.00251473,0
5.02912,-0.0572304,0.00251235,0
5.0305,-0.0572266,0.00251029,0
5.03126,-0.0572162,0.00250186,0
5.03216,-0.0572097,0.00249647,0
5.03325,-0.057206,0.00249615,0
5.03421,-0.0572218,0.00250504,0
5.0351,-0.0572094,0.00250088,0
5.03613,-0.0572127,0.00249807,0
5.03722,-0.0572017,0.00249731,0
5.03811,-0.0571957,0.00249587,0
5.03913,-0.0571923,0.0024968,0
5.0401,-0.05719,0.00249601,0
5.04112,-0.0571881,0.00249715,0
5.04211,-0.0571865,0.00249649,0
5.04315,-0.057186,0.00249624,0
5.04409,-0.0571762,0.00248732,0
5.04511,-0.057188,0.00249445,0
5.04611,-0.0572034,0.00249805,0
5.04707,-0.0571786,0.00248956,0
5.04808,-0.0571659,0.00248405,0
5.04909,-0.0571781,0.00249346,0
5.05011,-0.0571651,0.002487,0
5.05118,-0.0571602,0.00248453,0
5.05211,-0.0571727,0.00249281,0
5.05311,-0.0571778,0.00249837,0
5.0541,-0.0571797,0.0025005,0
5.05513,-0.0571591,0.00249012,0
5.0561,-0.0571677,0.00249511,0
5.05708,-0.057164,0.00249039,0
5.05811,-0.0571425,0.00247618,0
5.05911,-0.0571494,0.00248122,0
5.06009,-0.0571518,0.00248295,0
5.06109,-0.057134,0.00247514,0
5.06234,-0.0571422,0.00247991,0
5.06314,-0.0571453,0.00248405,0
5.06408,-0.057128,0.00247449,0
5.06511,-0.0571364,0.00248118,0
5.06611,-0.0571502,0.0024845,0
5.06709,-0.0571267,0.0024761,0
5.06811,-0.0571324,0.00248054,0
5.06915,-0.0571345,0.00248224,0
5.0701,-0.0571262,0.00247408,0
5.07111,-0.0571216,0.00247223,0
5.07205,-0.0571185,0.00247035,0
5.07312,-0.0571159,0.00247102,0
5.07409,-0.0571137,0.00247003,0
5.07509,-0.0571116,0.00247101,0
5.07608,-0.0571096,0.00247011,0
5.0771,-0.0571077,0.00247111,0
5.07811,-0.0571059,0.00247019,0
5.07907,-0.0571038,0.00247107,0
5.08011,-0.0571022,0.00247016,0
5.08109,-0.0571003,0.00247102,0
5.08211,-0.0570918,0.00246112,0
5.08316,-0.0570863,0.00245774,0
5.08409,-0.0570828,0.00245519,0
5.0851,-0.05708,0.0024557,0
5.08611,-0.0570774,0.00245463,0
5.0871,-0.0570751,0.00245564,0
5.08809,-0.0570732,0.00245487,0
5.08908,-0.057071,0.0024559,0
5.09006,-0.0570702,0.00245629,0
5.09113,-0.0570678,0.00245662,0
5.09209,-0.0570656,0.0024554,0
5.09313,-0.0570639,0.00245634,0
5.09413,-0.0570717,0.00245624,0
5.09507,-0.0570739,0.00245762,0
5.09612,-0.0570572,0.00244695,0
5.09711,-0.0570482,0.00244326,0
5.09811,-0.0570433,0.0024406,0
5.09913,-0.0570401,0.0024411,0
5.10018,-0.0570376,0.00244013,0
5.10111,-0.0570356,0.00244127,0
5.1021,-0.0570428,0.00244122,0
5.10313,-0.0570351,0.00244176,0
5.1042,-0.05704,0.0024415,0
5.10511,-0.0570316,0.00244199,0
5.10612,-0.0570206,0.0024321,0
5.10712,-0.0570144,0.00242884,0
5.10809,-0.0570104,0.00242634,0
5.10911,-0.0570228,0.00243641,0
5.11015,-0.0570125,0.00243065,0
5.11118,-0.0570061,0.0024289,0
5.11216,-0.0570025,0.00242695,0
5.11317,-0.057,0.00242774,0
5.11413,-0.056999,0.00242804,0
5.11509,-0.0569968,0.00242853,0
5.11609,-0.0570025,0.00242775,0
5.11715,-0.0570037,0.00242888,0
5.11809,-0.0570035,0.00242816,0
5.11914,-0.0570109,0.00242988,0
5.12011,-0.0570279,0.00243878,0
5.12109,-0.0570345,0.00244218,0
5.12207,-0.0570075,0.00242682,0
5.12306,-0.0569939,0.00241772,0
5.12408,-0.056987,0.00241549,0
5.12508,-0.0569917,0.00241419,0
5.12606,-0.056984,0.00241468,0
5.12718,-0.0569796,0.00241372,0
5.12824,-0.056977,0.00241493,0
5.1291,-0.0569751,0.00241424,0
5.13012,-0.0569814,0.00241593,0
5.1311,-0.0569667,0.00241419,0
5.13209,-0.0569596,0.00241499,0
5.13325,-0.0569646,0.00241467,0
5.13421,-0.0569523,0.00240668,0
5.13519,-0.0569455,0.00240144,0
5.13617,-0.0569421,0.00240115,0
5.13715,-0.0569403,0.0024001,0
5.13813,-0.0569524,0.00241045,0
5.13915,-0.0569574,0.00241415,0
5.14008,-0.0569449,0.00240761,0
5.14125,-0.0569383,0.00240278,0
5.14215,-0.0569354,0.00240262,0
5.14315,-0.056947,0.00241057,0
5.14413,-0.0569385,0.00240684,0
5.14538,-0.056928,0.00239443,0
5.14625,-0.0569356,0.00239939,0
5.14712,-0.0569255,0.00239217,0
5.14827,-0.0569193,0.00238988,0
5.14923,-0.0569163,0.00238801,0
5.15019,-0.0569142,0.00238896,0
5.1513,-0.0569128,0.00238833,0
5.15222,-0.0569242,0.00239863,0
5.15315,-0.0569161,0.00239332,0
5.15418,-0.0569112,0.00239168,0
5.15511,-0.0569215,0.00239892,0
5.15608,-0.0569255,0.00240169,0
5.15718,-0.0569258,0.00240303,0
5.15813,-0.0569083,0.00238819,0
5.15912,-0.056899,0.00237928,0
5.16009,-0.0569069,0.0023865,0
5.16114,-0.05691,0.00238926,0
5.1621,-0.0568969,0.00238195,0
5.16312,-0.0569035,0.00238698,0
5.16411,-0.0568939,0.00238257,0
5.1651,-0.0568884,0.00237866,0
5.16611,-0.056898,0.00238769,0
5.16712,-0.056902,0.00239094,0
5.16808,-0.0568907,0.00238456,0
5.1691,-0.0568971,0.0023889,0
5.17012,-0.0568996,0.00239055,0
5.1711,-0.0568821,0.00237376,0
5.1721,-0.0568855,0.0023769,0
5.17311,-0.056887,0.00237802,0
5.1741,-0.0568867,0.00238006,0
5.17512,-0.0568859,0.00237957,0
5.17613,-0.0568842,0.0023809,0
5.1771,-0.0568828,0.00238015,0
5.17811,-0.0568816,0.00238127,0
5.17908,-0.0568803,0.00238034,0
5.18009,-0.0568673,0.00237247,0
5.1811,-0.0568723,0.00237612,0
5.18212,-0.056863,0.00237121,0
5.18313,-0.0568646,0.00236754,0
5.18415,-0.0568652,0.00236614,0
5.18509,-0.0568639,0.00236593,0
5.18612,-0.0568625,0.00236738,0
5.18713,-0.0568611,0.00236676,0
5.18809,-0.0568606,0.00236652,0
5.1891,-0.0568588,0.0023667,0
5.19016,-0.0568573,0.00236823,0
5.1911,-0.0568559,0.0023675,0
5.19206,-0.0568435,0.00235989,0
5.19313,-0.0568483,0.00236362,0
5.19421,-0.0568503,0.00236749,0
5.1951,-0.0568507,0.00236787,0
5.19609,-0.0568613,0.00237814,0
5.19712,-0.0568502,0.00236437,0
5.19812,-0.0568501,0.00235895,0
5.19911,-0.0568428,0.00235512,0
5.20006,-0.0568386,0.00235527,0
5.20142,-0.0568361,0.00235418,0
5.20211,-0.0568343,0.00235528,0
5.20313,-0.0568328,0.00235451,0
5.2041,-0.0568315,0.0023557,0
5.2051,-0.0568303,0.00235493,0
5.20609,-0.0568292,0.00235616,0
5.20712,-0.0568387,0.002364,0
5.20809,-0.0568321,0.00236063,0
5.20932,-0.056828,0.00235694,0
5.21017,-0.0568213,0.00234845,0
5.2111,-0.0568174,0.00234306,0
5.2121,-0.056815,0.0023426,0
5.21309,-0.0568132,0.00234136,0
5.2141,-0.0568116,0.00234247,0
5.21511,-0.0568102,0.00234175,0
5.21609,-0.0568087,0.00234295,0
5.21713,-0.0568076,0.00234229,0
5.2181,-0.0568062,0.00234349,0
5.21924,-0.0568051,0.00234273,0
5.22014,-0.0568041,0.00234398,0
5.22142,-0.0568037,0.00234446,0
5.22211,-0.0567981,0.00233647,0
5.22322,-0.0567959,0.00233342,0
5.22411,-0.056794,0.00233017,0
5.22509,-0.0567962,0.00233873,0
5.22612,-0.0567874,0.0023335,0
5.22717,-0.0567922,0.00234049,0
5.2281,-0.0567942,0.00234273,0
5.22904,-0.056795,0.00234359,0
5.23006,-0.056795,0.00234546,0
5.23109,-0.0567945,0.00234469,0
5.23211,-0.0567883,0.00234539,0
5.2332,-0.0567813,0.00233595,0
5.23413,-0.0567779,0.00233284,0
5.23511,-0.0567812,0.00233063,0
5.23616,-0.0567768,0.00233122,0
5.23713,-0.0567743,0.00233026,0
5.23813,-0.0567781,0.00233156,0
5.23911,-0.0567831,0.002339,0
5.24014,-0.056776,0.0023358,0
5.24113,-0.0567811,0.00234062,0
5.24216,-0.0567745,0.00233623,0
5.24318,-0.0567706,0.00233204,0
5.24419,-0.0567687,0.00233189,0
5.24521,-0.0567641,0.00232241,0
5.24619,-0.0567698,0.00232768,0
5.24714,-0.0567635,0.00232114,0
5.24821,-0.0567595,0.00231913,0
5.2491,-0.056766,0.00232545,0
5.2501,-0.0567601,0.0023221,0
5.25109,-0.0567565,0.0023185,0
5.25216,-0.0567629,0.0023269,0
5.25313,-0.0567573,0.00232156,0
5.25412,-0.0567537,0.00231983,0
5.2551,-0.0567521,0.00231801,0
5.25612,-0.056759,0.00232707,0
5.25709,-0.0567538,0.00232187,0
5.25816,-0.0567506,0.00232018,0
5.25909,-0.0567537,0.00231834,0
5.26008,-0.0567466,0.00231095,0
5.2611,-0.056747,0.00230601,0
5.2621,-0.056742,0.00230576,0
5.26309,-0.0567391,0.00230463,0
5.26412,-0.0567451,0.00231389,0
5.26509,-0.0567398,0.00230901,0
5.26609,-0.0567365,0.00230758,0
5.2671,-0.0567426,0.002314,0
5.26809,-0.0567451,0.00231889,0
5.26908,-0.0567381,0.00231114,0
5.27008,-0.056742,0.00231684,0
5.27111,-0.0567437,0.00231854,0
5.2721,-0.0567332,0.00230423,0
5.27307,-0.0567352,0.00230379,0
5.27411,-0.0567358,0.00230603,0
5.27527,-0.0567281,0.00229769,0
5.27609,-0.0567312,0.0023032,0
5.2772,-0.0567324,0.00230498,0
5.2781,-0.0567251,0.0022991,0
5.2791,-0.0567284,0.00230275,0
5.28011,-0.0567298,0.00230658,0
5.28109,-0.05673,0.00230681,0
5.28213,-0.0567266,0.00230017,0
5.2831,-0.0567245,0.00229539,0
5.28414,-0.0567229,0.00229507,0
5.28515,-0.0567217,0.00229383,0
5.28613,-0.0567204,0.00229487,0
5.28749,-0.0567194,0.00229405,0
5.2881,-0.0567184,0.00229527,0
5.2891,-0.0567176,0.00229449,0
5.29008,-0.0567173,0.00229419,0
5.29111,-0.0567157,0.00229345,0
5.29213,-0.0567119,0.00228763,0
5.29311,-0.0567096,0.00228339,0
5.29411,-0.056708,0.00228332,0
5.29505,-0.0567067,0.00228224,0
5.29613,-0.0567056,0.00228347,0
5.29716,-0.0567047,0.0022828,0
5.29811,-0.0567037,0.00228415,0
5.2991,-0.0567029,0.00228348,0
5.30012,-0.0567021,0.00228479,0
5.30109,-0.0567013,0.00228408,0
5.30205,-0.0567006,0.00228533,0
5.3031,-0.0566999,0.00228456,0
5.30409,-0.0566931,0.00227787,0
5.3051,-0.0566904,0.00227532,0
5.30612,-0.0566878,0.00227394,0
5.30705,-0.0566868,0.00227342,0
5.30807,-0.0566853,0.00227382,0
5.30907,-0.0566843,0.00227283,0
5.3101,-0.0566839,0.00227245,0
5.31105,-0.0566833,0.00227391,0
5.31211,-0.0566827,0.00227329,0
5.31304,-0.056682,0.00227463,0
5.31406,-0.0566814,0.00227392,0
5.31514,-0.0566808,0.0022752,0
5.31611,-0.0566813,0.0022743,0
5.31706,-0.0566787,0.00226758,0
5.31808,-0.0566771,0.00226291,0
5.31914,-0.056676,0.00226296,0
5.32015,-0.0566751,0.00226198,0
5.3211,-0.0566743,0.00226332,0
5.32213,-0.0566736,0.00226273,0
5.32319,-0.0566729,0.00226417,0
5.32417,-0.0566724,0.00226357,0
5.32516,-0.0566718,0.00226498,0
5.32613,-0.0566714,0.00226433,0
5.32712,-0.0566709,0.00226568,0
5.32821,-0.0566705,0.00226499,0
5.32919,-0.05667,0.00226628,0
5.33014,-0.0566697,0.00226554,0
5.33108,-0.0566693,0.00226678,0
5.33212,-0.0566669,0.00225816,0
5.33316,-0.0566654,0.00225555,0
5.33412,-0.0566645,0.0022536,0
5.33511,-0.0566637,0.00225465,0
5.33613,-0.0566633,0.00225402,0
5.33718,-0.0566672,0.00226294,0
5.33817,-0.0566646,0.00225856,0
5.33913,-0.0566628,0.00225738,0
5.34017,-0.056662,0.00225579,0
5.34117,-0.0566613,0.00225686,0
5.34217,-0.0566609,0.00225609,0
5.34334,-0.0566605,0.00225737,0
5.34426,-0.0566582,0.00224886,0
5.34511,-0.056657,0.0022464,0
5.34626,-0.0566603,0.00225188,0
5.3472,-0.0566577,0.00224934,0
5.34811,-0.0566601,0.00225368,0
5.34929,-0.0566572,0.00225043,0
5.35015,-0.0566554,0.00224697,0
5.35112,-0.0566545,0.00224745,0
5.35212,-0.0566578,0.00225393,0
5.3533,-0.0566555,0.00225152,0
5.35422,-0.0566541,0.00224833,0
5.35511,-0.0566571,0.00225618,0
5.3562,-0.056657,0.00225121,0
5.35725,-0.0566567,0.00224991,0
5.35814,-0.0566528,0.00224076,0
5.35912,-0.0566525,0.00223777,0
5.36015,-0.056654,0.0022433,0
5.3611,-0.0566508,0.00224084,0
5.36213,-0.056649,0.00223777,0
5.36312,-0.0566514,0.0022456,0
5.36416,-0.0566492,0.00224114,0
5.36524,-0.0566477,0.00224005,0
5.36623,-0.0566502,0.00224578,0
5.3671,-0.0566481,0.00224326,0
5.3681,-0.0566453,0.00223238,0
5.36909,-0.056647,0.00223633,0
5.37016,-0.0566446,0.00223062,0
5.37113,-0.0566438,0.00222844,0
5.37212,-0.0566455,0.00223466,0
5.37311,-0.0566462,0.00223972,0
5.37411,-0.0566435,0.00223318,0
5.37509,-0.0566419,0.00223139,0
5.37609,-0.0566435,0.00223695,0
5.3771,-0.0566429,0.00223407,0
5.37811,-0.0566412,0.00223126,0
5.3791,-0.0566426,0.00223905,0
5.3801,-0.0566395,0.00222703,0
5.38107,-0.0566376,0.0022222,0
5.38211,-0.0566392,0.00222655,0
5.38309,-0.0566373,0.00222404,0
5.38425,-0.0566361,0.00222105,0
5.38519,-0.0566377,0.00222879,0
5.38609,-0.0566363,0.00222463,0
5.3871,-0.0566375,0.00223095,0
5.38805,-0.056638,0.00223336,0
5.3891,-0.0566385,0.0022356,0
5.39044,-0.0566365,0.00222794,0
5.39145,-0.0566375,0.0022329,0
5.39239,-0.0566381,0.00223445,0
5.39353,-0.0566351,0.00222191,0
5.39428,-0.0566357,0.0022213,0
5.39511,-0.0566359,0.00222107,0
5.39687,-0.0566339,0.00221562,0
5.39712,-0.0566345,0.00222145,0
5.39807,-0.056635,0.00222352,0
5.39911,-0.0566351,0.00222608,0
5.40044,-0.0566351,0.00222706,0
5.40112,-0.056635,0.00222775,0
5.40239,-0.0566333,0.00221971,0
5.40309,-0.0566338,0.00222448,0
5.4041,-0.0566334,0.00221855,0
5.40511,-0.0566331,0.00221715,0
5.40611,-0.0566329,0.00221546,0
5.4071,-0.0566327,0.00221665,0
5.4081,-0.0566325,0.00221604,0
5.40911,-0.0566322,0.0022175,0
5.41029,-0.0566322,0.00221699,0
5.41112,-0.056632,0.00221849,0
5.41209,-0.056632,0.0022179,0
5.4131,-0.0566318,0.00221934,0
5.41409,-0.0566318,0.00221868,0
5.41509,-0.0566309,0.00221261,0
5.41609,-0.0566306,0.00220826,0
5.41706,-0.0566303,0.0022084,0
5.41815,-0.05663,0.00220751,0
5.4192,-0.0566299,0.00220717,0
5.42013,-0.0566296,0.00220882,0
5.42109,-0.0566294,0.0022084,0
5.42209,-0.0566288,0.00221056,0
5.4231,-0.0566281,0.00221026,0
5.42413,-0.0566284,0.00221866,0
5.42514,-0.0566289,0.00222151,0
5.42614,-0.056629,0.00222407,0
5.42715,-0.0566293,0.00222355,0
5.4281,-0.0566289,0.00221737,0
5.4291,-0.0566289,0.00221277,0
5.43012,-0.0566288,0.0022126,0
5.43109,-0.0566288,0.0022114,0
5.43211,-0.0566286,0.00221259,0
5.43311,-0.0566286,0.00221181,0
5.43409,-0.0566285,0.00221311,0
5.43509,-0.0566285,0.00221235,0
5.4361,-0.056628,0.00221363,0
5.43712,-0.0566279,0.00221287,0
5.43808,-0.0566277,0.00221409,0
5.43911,-0.0566278,0.00221327,0
5.44015,-0.0566277,0.00221448,0
5.44109,-0.0566274,0.00220623,0
5.4421,-0.0566273,0.0022038,0
5.44315,-0.0566272,0.0022017,0
5.44415,-0.0566269,0.00220271,0
5.44511,-0.0566268,0.00220196,0
5.44613,-0.0566266,0.00220339,0
5.44714,-0.0566266,0.00220275,0
5.44811,-0.0566264,0.00220418,0
5.44913,-0.0566264,0.00220351,0
5.45008,-0.0566263,0.00220488,0
5.45111,-0.0566263,0.00220416,0
5.4521,-0.0566262,0.00220548,0
5.4531,-0.0566262,0.0022047,0
5.45409,-0.056626,0.00219871,0
5.4551,-0.0566261,0.00219433,0
5.4561,-0.056626,0.00219445,0
5.45709,-0.0566259,0.00219345,0
5.45812,-0.0566257,0.00219486,0
5.4591,-0.0566257,0.00219431,0
5.4601,-0.0566255,0.00219581,0
5.46112,-0.0566255,0.00219522,0
5.46211,-0.0566254,0.00219669,0
5.4631,-0.0566254,0.00219605,0
5.46409,-0.0566253,0.00219747,0
5.46511,-0.0566254,0.00219681,0
5.4661,-0.0566253,0.00219814,0
5.46712,-0.0566254,0.00219742,0
5.46809,-0.0566255,0.00219152,0
5.46913,-0.0566257,0.00218719,0
5.47011,-0.0566257,0.00218732,0
5.4711,-0.0566257,0.00218638,0
5.4721,-0.0566256,0.00218783,0
5.47311,-0.0566256,0.00218733,0
5.47409,-0.0566255,0.00218886,0
5.4751,-0.0566256,0.0021883,0
5.47609,-0.0566255,0.00218981,0
5.47718,-0.0566256,0.0021892,0
5.4782,-0.0566256,0.00219068,0
5.47932,-0.0566256,0.00218999,0
5.48015,-0.0566256,0.00219138,0
5.4812,-0.0566261,0.00218353,0
5.48214,-0.0566264,0.00218138,0
5.48311,-0.0566266,0.00217949,0
5.4841,-0.0566266,0.0021807,0
5.48509,-0.0566266,0.00218012,0
5.48612,-0.0566266,0.00218175,0
5.48714,-0.0566267,0.00218124,0
5.4881,-0.0566267,0.00218282,0
5.48914,-0.0566268,0.00218228,0
5.49013,-0.0566268,0.0021838,0
5.49114,-0.0566269,0.00218321,0
5.4921,-0.056627,0.00218467,0
5.49312,-0.0566271,0.00218405,0
5.49411,-0.0566277,0.00217838,0
5.49511,-0.0566283,0.00217421,0
5.49611,-0.0566285,0.00217446,0
5.49711,-0.0566287,0.00217361,0
5.4982,-0.0566287,0.00217517,0
5.49912,-0.0566288,0.00217471,0
5.5001,-0.0566289,0.00217635,0
5.5012,-0.0566291,0.00217591,0
5.50215,-0.0566291,0.00217749,0
5.50315,-0.0566293,0.00217694,0
5.5041,-0.0566294,0.00217847,0
5.50511,-0.0566295,0.00217787,0
5.50609,-0.0566297,0.00217938,0
5.5071,-0.0566306,0.00217171,0
5.50811,-0.0566313,0.0021697,0
5.5091,-0.0566317,0.0021679,0
5.5101,-0.0566318,0.00216919,0
5.51117,-0.056632,0.00216871,0
5.5121,-0.0566321,0.00217036,0
5.51309,-0.0566323,0.00216992,0
5.51412,-0.0566324,0.00217158,0
5.5151,-0.0566326,0.0021711,0
5.5161,-0.0566327,0.00217269,0
5.51715,-0.0566329,0.00217215,0
5.51809,-0.056633,0.00217371,0
5.51909,-0.0566342,0.00216618,0
5.52009,-0.056635,0.00216424,0
5.52109,-0.0566326,0.00216871,0
5.5221,-0.0566348,0.00216706,0
5.52312,-0.0566359,0.00216445,0
5.52411,-0.0566365,0.00216525,0
5.52512,-0.0566368,0.00216457,0
5.5261,-0.056637,0.00216618,0
5.52711,-0.0566372,0.00216571,0
5.5281,-0.0566373,0.00216734,0
5.52911,-0.0566374,0.00216797,0
5.53017,-0.0566376,0.00216885,0
5.53113,-0.0566379,0.00216803,0
5.53205,-0.0566414,0.00216333,0
5.53309,-0.0566428,0.00216154,0
5.53411,-0.0566414,0.00216004,0
5.53506,-0.0566409,0.00215946,0
5.53611,-0.0566427,0.00216108,0
5.53709,-0.056641,0.00215978,0
5.53808,-0.0566403,0.00215929,0
5.53905,-0.0566425,0.00216068,0
5.54011,-0.0566407,0.00216217,0
5.54109,-0.0566401,0.00216274,0
5.54217,-0.0566427,0.00216263,0
5.5432,-0.0566447,0.00215757,0
5.54427,-0.0566434,0.00215289,0
5.54529,-0.0566457,0.002154,0
5.54642,-0.0566464,0.00215354,0
5.5472,-0.0566466,0.00215531,0
5.54819,-0.0566467,0.00215498,0
5.54912,-0.0566428,0.00216262,0
5.55021,-0.0566454,0.00215935,0
5.55113,-0.0566467,0.00215887,0
5.5521,-0.0566472,0.0021576,0
5.55312,-0.0566474,0.00215898,0
5.55416,-0.0566476,0.00215837,0
5.55525,-0.0566476,0.00215992,0
5.55611,-0.0566478,0.00215933,0
5.55723,-0.0566494,0.00215413,0
5.55811,-0.0566506,0.00215022,0
5.55916,-0.0566468,0.00215658,0
5.56012,-0.05665,0.00215312,0
5.5611,-0.0566515,0.00215271,0
5.56214,-0.0566479,0.00215734,0
5.56311,-0.0566511,0.00215607,0
5.56408,-0.0566528,0.00215349,0
5.56518,-0.0566506,0.00215349,0
5.56614,-0.0566534,0.00215342,0
5.56719,-0.0566497,0.00216103,0
5.56808,-0.0566549,0.00215114,0
5.56914,-0.0566578,0.00214736,0
5.57013,-0.0566544,0.00215082,0
5.57109,-0.0566531,0.00215512,0
5.57211,-0.0566532,0.00215567,0
5.57321,-0.0566585,0.00215182,0
5.57409,-0.0566561,0.00215418,0
5.57515,-0.0566553,0.00215781,0
5.57611,-0.0566555,0.00215805,0
5.5771,-0.056661,0.00215398,0
5.57811,-0.0566636,0.00215037,0
5.5791,-0.0566595,0.00215668,0
5.58012,-0.0566599,0.00215225,0
5.58109,-0.056666,0.00214571,0
5.58209,-0.0566637,0.00214708,0
5.5831,-0.056668,0.00214496,0
5.58411,-0.0566649,0.002148,0
5.58508,-0.0566638,0.00215187,0
5.58609,-0.0566692,0.00214659,0
5.58711,-0.0566682,0.00214467,0
5.58809,-0.0566719,0.00214397,0
5.58911,-0.0566677,0.00215134,0
5.59012,-0.0566663,0.00215392,0
5.59109,-0.0566715,0.00215091,0
5.59209,-0.0566685,0.00215337,0
5.59312,-0.0566694,0.00215039,0
5.59409,-0.0566763,0.00214157,0
5.59509,-0.0566793,0.00213939,0
5.5961,-0.056675,0.00214336,0
5.59719,-0.0566733,0.00214487,0
5.59813,-0.0566788,0.00214168,0
5.59911,-0.0566756,0.00214708,0
5.60009,-0.0566745,0.00214891,0
5.6011,-0.0566802,0.00214587,0
5.60214,-0.056677,0.0021483,0
5.60308,-0.0566758,0.00215193,0
5.60409,-0.0566758,0.00215217,0
5.60516,-0.0566783,0.00214746,0
5.60609,-0.0566803,0.00214367,0
5.6071,-0.0566814,0.00214414,0
5.60811,-0.0566824,0.00214337,0
5.60911,-0.056683,0.00214501,0
5.61017,-0.0566838,0.00214457,0
5.6111,-0.0566844,0.00214628,0
5.61211,-0.056685,0.00214583,0
5.61308,-0.0566856,0.00214747,0
5.6141,-0.0566925,0.00214143,0
5.6151,-0.0566891,0.00214567,0
5.61609,-0.0566879,0.00214703,0
5.6171,-0.0566963,0.00213747,0
5.61819,-0.0566942,0.0021366,0
5.6192,-0.0566935,0.00213918,0
5.6201,-0.0566935,0.00213933,0
5.62108,-0.0566939,0.00214131,0
5.6221,-0.0566945,0.00214102,0
5.62315,-0.0566947,0.0021409,0
5.6241,-0.0566955,0.00214168,0
5.62514,-0.0566961,0.00214384,0
5.62611,-0.0566968,0.00214353,0
5.62715,-0.0566973,0.00214522,0
5.62811,-0.0567046,0.00213926,0
5.62909,-0.0567035,0.00213711,0
5.63013,-0.0567037,0.00213533,0
5.6311,-0.056704,0.00213675,0
5.63209,-0.0566978,0.00214165,0
5.63312,-0.0567026,0.00214093,0
5.63411,-0.0567122,0.00213327,0
5.63509,-0.0567093,0.00213686,0
5.63611,-0.0567037,0.00213724,0
5.63712,-0.0567024,0.00213937,0
5.63813,-0.0567026,0.00213921,0
5.63913,-0.0567033,0.00214104,0
5.64014,-0.0566999,0.00213975,0
5.64123,-0.0566986,0.00213926,0
5.6421,-0.0567071,0.00213384,0
5.64313,-0.0567084,0.00214012,0
5.64411,-0.0567163,0.00213703,0
5.64514,-0.0567198,0.00213693,0
5.6461,-0.0567212,0.00213689,0
5.64712,-0.0567221,0.00213773,0
5.64812,-0.0567226,0.002137,0
5.64922,-0.0567228,0.00213861,0
5.65011,-0.0567231,0.00213811,0
5.6511,-0.0567233,0.00213977,0
5.65211,-0.0567236,0.00213923,0
5.65309,-0.0567237,0.00213903,0
5.65412,-0.0567269,0.00213341,0
5.6551,-0.0567289,0.00213236,0
5.65612,-0.0567297,0.00213196,0
5.6571,-0.0567305,0.00213293,0
5.65812,-0.0567312,0.00213233,0
5.65909,-0.0567316,0.0021341,0
5.66016,-0.0567244,0.00213888,0
5.66106,-0.0567295,0.00213824,0
5.66209,-0.0567314,0.00213799,0
5.66311,-0.0567379,0.00213674,0
5.66411,-0.0567351,0.00213713,0
5.6651,-0.0567313,0.00214237,0
5.66609,-0.0567292,0.0021469,0
5.66708,-0.0567286,0.00214724,0
5.66808,-0.0567315,0.00214276,0
5.66909,-0.0567336,0.0021389,0
5.67009,-0.0567346,0.00213922,0
5.67112,-0.0567354,0.00213821,0
5.6721,-0.0567358,0.00213966,0
5.67328,-0.0567364,0.00213899,0
5.67415,-0.0567368,0.00214053,0
5.67512,-0.0567373,0.00213988,0
5.6761,-0.0567376,0.00214139,0
5.67713,-0.0567381,0.0021407,0
5.6781,-0.0567385,0.00214217,0
5.67909,-0.0567423,0.0021354,0
5.68012,-0.0567447,0.00213386,0
5.68109,-0.0567462,0.00213219,0
5.6821,-0.0567471,0.00213358,0
5.68322,-0.0567479,0.00213305,0
5.68412,-0.0567485,0.00213477,0
5.68513,-0.0567492,0.00213432,0
5.68612,-0.0567498,0.00213603,0
5.68712,-0.0567505,0.00213553,0
5.68811,-0.056751,0.00213718,0
5.68912,-0.0567518,0.00213662,0
5.69006,-0.056752,0.0021364,0
5.6911,-0.0567528,0.0021369,0
5.6921,-0.0567567,0.00213292,0
5.69317,-0.0567593,0.00212948,0
5.69412,-0.0567609,0.00213015,0
5.69512,-0.0567619,0.00212947,0
5.69612,-0.0567628,0.0021312,0
5.69712,-0.0567637,0.00213079,0
5.69811,-0.0567644,0.00213258,0
5.6991,-0.0567652,0.00213216,0
5.70016,-0.0567657,0.00213391,0
5.70115,-0.0567664,0.00213342,0
5.70214,-0.0567669,0.0021351,0
5.70312,-0.0567675,0.00213456,0
5.7041,-0.056768,0.00213619,0
5.7051,-0.0567722,0.00212972,0
5.70612,-0.0567749,0.00212838,0
5.7071,-0.0567765,0.00212685,0
5.70813,-0.0567776,0.0021284,0
5.70911,-0.0567786,0.00212797,0
5.71012,-0.0567792,0.00212983,0
5.7111,-0.0567799,0.00212946,0
5.7121,-0.0567806,0.00213128,0
5.71314,-0.0567814,0.00213085,0
5.71408,-0.056782,0.0021326,0
5.71515,-0.0567826,0.00213211,0
5.7161,-0.0567831,0.0021338,0
5.71712,-0.0567874,0.00212745,0
5.71805,-0.0567901,0.00212622,0
5.71947,-0.0567919,0.00212474,0
5.72038,-0.0567835,0.00213108,0
5.7211,-0.05679,0.00212851,0
5.72214,-0.0567933,0.00212867,0
5.72315,-0.0567854,0.00213243,0
5.7241,-0.0567922,0.00213185,0
5.72511,-0.0567959,0.0021296,0
5.7261,-0.0567979,0.00213064,0
5.72709,-0.056799,0.00212993,0
5.72811,-0.0567997,0.00213162,0
5.72936,-0.0568005,0.00213107,0
5.73009,-0.0568047,0.00212706,0
5.7311,-0.0568077,0.00212365,0
5.73213,-0.0568089,0.00212234,0
5.73307,-0.0568102,0.00212306,0
5.7341,-0.0568112,0.00212546,0
5.73536,-0.056812,0.00212533,0
5.73634,-0.0568128,0.00212735,0
5.73742,-0.0568136,0.00212702,0
5.73816,-0.0568143,0.00212891,0
5.73913,-0.056815,0.00212848,0
5.74018,-0.0568155,0.0021303,0
5.74138,-0.0568157,0.00213099,0
5.74211,-0.0568164,0.00213006,0
5.74311,-0.0568209,0.00212602,0
5.7441,-0.0568303,0.00212356,0
5.74511,-0.0568336,0.00212482,0
5.74613,-0.0568349,0.00212426,0
5.74724,-0.0568354,0.00212614,0
5.74823,-0.0568357,0.00212568,0
5.74933,-0.0568357,0.00212755,0
5.75015,-0.056836,0.00212705,0
5.75135,-0.0568402,0.0021233,0
5.75216,-0.0568328,0.00212454,0
5.75313,-0.0568401,0.0021235,0
5.75425,-0.0568443,0.00212116,0
5.75538,-0.0568462,0.00212252,0
5.75614,-0.0568413,0.00212094,0
5.75731,-0.0568403,0.00212261,0
5.75823,-0.0568413,0.00212218,0
5.75926,-0.056849,0.00212535,0
5.76041,-0.0568526,0.00212534,0
5.76115,-0.0568549,0.00212749,0
5.76217,-0.056851,0.002126,0
5.76351,-0.0568617,0.00212314,0
5.76415,-0.0568696,0.00212009,0
5.76513,-0.0568884,0.00212167,0
5.76628,-0.0568956,0.00212227,0
5.76717,-0.0568683,0.00212097,0
5.76819,-0.0568525,0.00212329,0
5.76926,-0.0568589,0.00212335,0
5.77012,-0.0568575,0.0021194,0
5.77122,-0.0568542,0.00212644,0
5.77215,-0.0568535,0.00212767,0
5.7732,-0.0568649,0.00212677,0
5.77444,-0.0568595,0.00212749,0
5.77509,-0.0568679,0.00212745,0
5.77612,-0.0568657,0.00212299,0
5.77725,-0.0568762,0.00212034,0
5.77818,-0.0568701,0.00212047,0
5.77924,-0.0568674,0.00212491,0
5.78015,-0.0568779,0.00211976,0
5.78121,-0.0568823,0.0021205,0
5.78217,-0.056873,0.00212263,0
5.7831,-0.0568798,0.0021236,0
5.7841,-0.0568831,0.00212047,0
5.78575,-0.056873,0.00212712,0
5.78611,-0.0568798,0.0021236,0
5.7871,-0.0568828,0.00212485,0
5.78813,-0.0568726,0.00212695,0
5.78913,-0.0568839,0.00212246,0
5.79014,-0.0568883,0.00212074,0
5.7911,-0.0568798,0.00212456,0
5.79214,-0.0568885,0.0021193,0
5.7931,-0.0568807,0.00212435,0
5.79409,-0.0568778,0.00212627,0
5.79512,-0.0568766,0.00212523,0
5.79612,-0.0568878,0.00212418,0
5.79709,-0.0568883,0.00212561,0
5.79809,-0.0568885,0.00212615,0
5.79919,-0.0568757,0.00213483,0
5.80013,-0.0568701,0.00213611,0
5.8011,-0.0568678,0.00213968,0
5.80229,-0.0568794,0.00213358,0
5.80312,-0.056872,0.00213797,0
5.80422,-0.056869,0.0021375,0
5.80543,-0.0568797,0.0021362,0
5.80618,-0.0568726,0.00213617,0
5.80725,-0.0568811,0.00213599,0
5.80814,-0.056878,0.00213118,0
5.80914,-0.0568893,0.00212852,0
5.81021,-0.0568825,0.00212822,0
5.81121,-0.0568796,0.00213242,0
5.81222,-0.0568913,0.0021271,0
5.81336,-0.0568964,0.00212768,0
5.81414,-0.0568866,0.00212941,0
5.81509,-0.0568944,0.00213028,0
5.81658,-0.0568985,0.00212695,0
5.81712,-0.0568878,0.00213326,0
5.81813,-0.0568957,0.00212963,0
5.81918,-0.0568921,0.00212977,0
5.82059,-0.0569041,0.00212303,0
5.82158,-0.0568971,0.00212739,0
5.82217,-0.0568948,0.00212728,0
5.82321,-0.0568869,0.00212963,0
5.82427,-0.0568977,0.00212389,0
5.8251,-0.0569159,0.00212048,0
5.82651,-0.0569229,0.00211918,0
5.82712,-0.0569142,0.00212417,0
5.82809,-0.0569117,0.00212361,0
5.82916,-0.0569238,0.00212299,0
5.83018,-0.0569171,0.0021234,0
5.83123,-0.0569146,0.00212356,0
5.83212,-0.0569267,0.00212147,0
5.83311,-0.0569195,0.00212741,0
5.83418,-0.056917,0.00212783,0
5.8351,-0.0569289,0.00212754,0
5.8361,-0.0569219,0.00212798,0
5.83713,-0.0569189,0.00213243,0
5.83809,-0.0569182,0.00213141,0
5.8391,-0.0569184,0.00213434,0
5.8401,-0.0569245,0.0021276,0
5.8411,-0.0569412,0.00212384,0
5.84212,-0.0569359,0.00212306,0
5.84316,-0.0569338,0.00212733,0
5.84414,-0.056933,0.00212896,0
5.84511,-0.0569464,0.00212317,0
5.84614,-0.056947,0.00212876,0
5.84718,-0.0569473,0.0021309,0
5.84813,-0.0569467,0.00212986,0
5.84915,-0.0569334,0.00213675,0
5.85048,-0.0569283,0.00213938,0
5.85135,-0.0569399,0.00213669,0
5.85215,-0.0569446,0.00213284,0
5.85311,-0.0569462,0.00213478,0
5.85417,-0.0569471,0.00213267,0
5.85512,-0.0569474,0.0021352,0
5.85612,-0.0569477,0.00213329,0
5.85706,-0.0569346,0.00213973,0
5.85809,-0.0569297,0.00214219,0
5.85912,-0.0569275,0.00214093,0
5.86009,-0.0569349,0.00214454,0
5.8611,-0.0569378,0.00214263,0
5.8621,-0.0569251,0.00214883,0
5.86312,-0.0569255,0.00214389,0
5.8641,-0.0569406,0.00214031,0
5.86511,-0.056934,0.00213905,0
5.86626,-0.0569314,0.00213857,0
5.86722,-0.0569301,0.00214251,0
5.86816,-0.0569302,0.00214106,0
5.86918,-0.0569389,0.00214458,0
5.87013,-0.0569424,0.00214271,0
5.87117,-0.0569298,0.00214891,0
5.87211,-0.0569249,0.00214886,0
5.87312,-0.056937,0.0021478,0
5.87412,-0.0569289,0.00214721,0
5.87509,-0.0569311,0.00214602,0
5.8761,-0.0569478,0.00213792,0
5.87711,-0.0569412,0.00214111,0
5.87809,-0.056939,0.00214033,0
5.87911,-0.0569527,0.00213955,0
5.88016,-0.0569453,0.00213927,0
5.88112,-0.0569341,0.00214226,0
5.88209,-0.0569298,0.0021434,0
5.88342,-0.0569379,0.00214204,0
5.88415,-0.0569415,0.00214455,0
5.88513,-0.0569441,0.00214254,0
5.88646,-0.0569451,0.00214177,0
5.88713,-0.0569546,0.00214562,0
5.88817,-0.0569582,0.00214709,0
5.88928,-0.0569515,0.0021435,0
5.89021,-0.0569489,0.00214214,0
5.8912,-0.0569515,0.00214728,0
5.89211,-0.0569429,0.00215192,0
5.89357,-0.0569344,0.00215512,0
5.89463,-0.0569363,0.00215504,0
5.89546,-0.0569389,0.00215096,0
5.89612,-0.0569556,0.00214841,0
5.89717,-0.0569488,0.00214728,0
5.89814,-0.0569372,0.00214983,0
5.8991,-0.0569343,0.00214773,0
5.90025,-0.0569333,0.00214694,0
5.9011,-0.056935,0.00214657,0
5.90213,-0.0569369,0.00214953,0
5.9031,-0.0569483,0.0021485,0
5.90409,-0.056944,0.00215009,0
5.90511,-0.0569441,0.00214772,0
5.90614,-0.0569543,0.00215081,0
5.90711,-0.0569652,0.00214421,0
5.90812,-0.0569712,0.0021442,0
5.9091,-0.0569748,0.00214128,0
5.91014,-0.0569769,0.00214353,0
5.91108,-0.0569789,0.00214151,0
5.91211,-0.0569804,0.00214401,0
5.91312,-0.0569822,0.00214206,0
5.91411,-0.0569829,0.00214131,0
5.91511,-0.0569851,0.00214136,0
5.9165,-0.0569867,0.00214461,0
5.91746,-0.0569884,0.00214292,0
5.91831,-0.05699,0.0021455,0
5.91938,-0.0569979,0.00213909,0
5.92043,-0.0570029,0.00213933,0
5.92111,-0.0570063,0.00213671,0
5.92214,-0.0570076,0.00213571,0
5.92347,-0.0570103,0.00213616,0
5.92419,-0.0570124,0.00213978,0
5.92512,-0.0570145,0.0021384,0
5.92609,-0.0570161,0.00214127,0
5.92712,-0.0570179,0.00213957,0
5.9281,-0.0570196,0.0021423,0
5.92917,-0.0570214,0.00214051,0
5.93012,-0.0570229,0.00214316,0
5.93114,-0.0570246,0.00214132,0
5.93217,-0.0570262,0.00214395,0
5.93309,-0.0570343,0.00213773,0
5.93411,-0.0570394,0.00213814,0
5.93516,-0.0570428,0.00213565,0
5.93607,-0.0570441,0.00213471,0
5.93712,-0.0570469,0.00213532,0
5.93815,-0.0570489,0.00213905,0
5.93912,-0.057051,0.00213778,0
5.94014,-0.0570517,0.0021373,0
5.94129,-0.0570541,0.00213783,0
5.9421,-0.0570558,0.00214145,0
5.94322,-0.0570565,0.00214284,0
5.94412,-0.0570579,0.00214059,0
5.9452,-0.0570656,0.00213885,0
5.94614,-0.057071,0.00213488,0
5.94713,-0.0570741,0.00213698,0
5.94819,-0.0570766,0.00213529,0
5.94924,-0.0570873,0.00213938,0
5.95059,-0.057092,0.00213817,0
5.95113,-0.0570854,0.00214005,0
5.95211,-0.0570839,0.00213813,0
5.95325,-0.0570844,0.00214088,0
5.95453,-0.057101,0.00213614,0
5.95513,-0.0570999,0.00213605,0
5.95626,-0.0571097,0.00213477,0
5.95724,-0.0571139,0.0021379,0
5.95819,-0.0571075,0.00213535,0
5.95933,-0.0571148,0.00213917,0
5.96017,-0.0571182,0.00213793,0
5.96111,-0.0571112,0.00213982,0
5.96233,-0.0571184,0.00213908,0
5.96336,-0.0571281,0.00213809,0
5.9641,-0.0571336,0.00213445,0
5.96534,-0.057121,0.00213975,0
5.96615,-0.0571316,0.002137,0
5.96709,-0.0571215,0.00214173,0
5.9681,-0.0571182,0.00214154,0
5.96912,-0.0571331,0.00214195,0
5.97009,-0.0571315,0.00213753,0
5.9711,-0.0571322,0.00213955,0
5.9721,-0.057149,0.00213491,0
5.97309,-0.0571414,0.00213904,0
5.97411,-0.0571392,0.00213885,0
5.97509,-0.0571545,0.00213949,0
5.97609,-0.0571624,0.00213638,0
5.9771,-0.0571506,0.00214177,0
5.97815,-0.0571614,0.00213913,0
5.9791,-0.0571513,0.0021438,0
5.98011,-0.0571477,0.00214357,0
5.98116,-0.0571468,0.00214693,0
5.98211,-0.0571475,0.0021454,0
5.9831,-0.0571709,0.00214131,0
5.9841,-0.0571669,0.00213872,0
5.98509,-0.0571657,0.00214215,0
5.98609,-0.0571819,0.00213821,0
5.9871,-0.0571893,0.00213963,0
5.9881,-0.0571774,0.0021405,0
5.98911,-0.0571727,0.00214521,0
5.99012,-0.0571874,0.00214151,0
5.99111,-0.0571785,0.00214569,0
5.9921,-0.0571753,0.00214535,0
5.99315,-0.0571744,0.0021487,0
5.99416,-0.0571751,0.00214716,0
5.99511,-0.0571758,0.00214996,0
5.9961,-0.057184,0.00214437,0
5.9971,-0.0571889,0.00214514,0
5.99824,-0.057192,0.00214287,0
5.99917,-0.0571939,0.00214569,0
6.00011,-0.0571957,0.0021442,0
6.00109,-0.0571972,0.00214721,0
6.0021,-0.0571988,0.00214573,0
6.00313,-0.0571999,0.00214869,0
6.00412,-0.0572013,0.00214715,0
6.00525,-0.0572024,0.00215004,0
6.00612,-0.0572037,0.00214844,0
6.00712,-0.0572047,0.00215127,0
6.00816,-0.0572059,0.00214962,0
6.00915,-0.0572139,0.00214863,0
6.01023,-0.0572169,0.00214825,0
6.01135,-0.0572202,0.00214489,0
6.01214,-0.0572223,0.00214724,0
6.01311,-0.057233,0.00214683,0
6.01411,-0.057221,0.00215275,0
6.01511,-0.0572323,0.00215035,0
6.01611,-0.0572366,0.00214943,0
6.01718,-0.0572393,0.00215173,0
6.0182,-0.0572335,0.00215359,0
6.01912,-0.0572298,0.00215822,0
6.02016,-0.0572196,0.00215591,0
6.02117,-0.0572324,0.00215561,0
6.02215,-0.0572388,0.00215198,0
6.02314,-0.0572411,0.00215407,0
6.02415,-0.0572264,0.00215475,0
6.02512,-0.0572364,0.00215647,0
6.02617,-0.0572417,0.00215352,0
6.02719,-0.0572276,0.0021583,0
6.02816,-0.0572383,0.00215549,0
6.02915,-0.0572436,0.00215699,0
6.03021,-0.0572461,0.00215477,0
6.03127,-0.0572471,0.00215734,0
6.03214,-0.0572481,0.00215552,0
6.0332,-0.0572559,0.00215459,0
6.03414,-0.0572608,0.00215098,0
6.03516,-0.0572631,0.00215326,0
6.03619,-0.0572636,0.00215171,0
6.03717,-0.057248,0.00215709,0
6.0382,-0.0572587,0.0021547,0
6.03922,-0.0572641,0.00215648,0
6.04018,-0.0572505,0.0021569,0
6.04122,-0.0572615,0.0021588,0
6.04223,-0.0572676,0.00215604,0
6.04311,-0.0572701,0.00215845,0
6.04412,-0.0572718,0.0021567,0
6.04509,-0.0572728,0.00215948,0
6.04618,-0.0572738,0.00215777,0
6.04717,-0.0572654,0.00215942,0
6.0482,-0.0572804,0.0021551,0
6.04913,-0.0572876,0.00215633,0
6.0501,-0.0572748,0.00215663,0
6.05115,-0.0572864,0.0021587,0
6.05209,-0.0572927,0.00215613,0
6.0531,-0.0572791,0.00216097,0
6.05419,-0.0572907,0.00215858,0
6.05508,-0.0572966,0.00216039,0
6.05617,-0.0572831,0.0021607,0
6.05712,-0.0572943,0.00216268,0
6.05821,-0.0573004,0.00215996,0
6.0591,-0.0572864,0.00216462,0
6.06014,-0.0572811,0.00216641,0
6.0611,-0.0573061,0.00216166,0
6.06212,-0.0573,0.00215958,0
6.06311,-0.0572884,0.00216195,0
6.06411,-0.057295,0.00216152,0
6.06509,-0.0572981,0.00216468,0
6.06614,-0.0573007,0.00216322,0
6.06709,-0.0573024,0.00216606,0
6.06808,-0.0572947,0.0021633,0
6.06911,-0.0573027,0.00216689,0
6.07028,-0.0573142,0.00216214,0
6.0711,-0.0573207,0.00216332,0
6.07209,-0.0573247,0.00216122,0
6.07309,-0.0573271,0.00216407,0
6.07413,-0.0573293,0.0021626,0
6.07525,-0.0573301,0.00216204,0
6.07606,-0.0573314,0.00216537,0
6.07727,-0.0573331,0.00216404,0
6.07822,-0.0573356,0.00216436,0
6.07925,-0.0573365,0.00216449,0
6.08046,-0.0573376,0.00216798,0
6.08117,-0.0573389,0.0021666,0
6.08231,-0.0573402,0.00216952,0
6.08316,-0.0573492,0.00216868,0
6.08444,-0.0573527,0.00216837,0
6.08545,-0.0573572,0.0021644,0
6.08622,-0.0573601,0.00216644,0
6.08715,-0.0573624,0.00216483,0
6.08814,-0.0573735,0.00216896,0
6.08916,-0.0573781,0.00216782,0
6.09021,-0.05738,0.00217082,0
6.09109,-0.0573719,0.00216816,0
6.09206,-0.0573794,0.00216898,0
6.09305,-0.0573823,0.00216929,0
6.0941,-0.0573911,0.00216973,0
6.09508,-0.0573871,0.00216565,0
6.09608,-0.0573967,0.00216645,0
6.09718,-0.0574004,0.00216676,0
6.09813,-0.0573944,0.00216686,0
6.09909,-0.0574023,0.0021716,0
6.10007,-0.0574053,0.00217342,0
6.10112,-0.0573973,0.00217027,0
6.10213,-0.0573955,0.00217271,0
6.1031,-0.057396,0.00217506,0
6.1041,-0.0573962,0.00217596,0
6.10509,-0.0574079,0.00217405,0
6.10607,-0.0574026,0.00217553,0
6.10716,-0.057402,0.0021736,0
6.10812,-0.0574196,0.00217442,0
6.1091,-0.0574279,0.00217151,0
6.11017,-0.0574144,0.00217584,0
6.11118,-0.0574264,0.00217371,0
6.1121,-0.0574321,0.00217568,0
6.11309,-0.0574179,0.00217564,0
6.11406,-0.0574308,0.00217451,0
6.11511,-0.0574357,0.00217408,0
6.11622,-0.0574207,0.00217916,0
6.11716,-0.0574321,0.00217723,0
6.11811,-0.0574377,0.00217922,0
6.11917,-0.0574482,0.00217443,0
6.12043,-0.0574539,0.00217571,0
6.12119,-0.057457,0.00217378,0
6.12221,-0.0574586,0.00217672,0
6.12321,-0.0574601,0.00217533,0
6.12419,-0.0574517,0.00217721,0
6.12519,-0.0574502,0.00217554,0
6.12605,-0.0574333,0.00218016,0
6.1271,-0.0574446,0.00217821,0
6.12813,-0.0574506,0.00218038,0
6.12912,-0.0574638,0.00217974,0
6.13036,-0.0574688,0.00218289,0
6.13114,-0.0574712,0.00218141,0
6.13236,-0.0574802,0.00218148,0
6.1331,-0.0574855,0.0021784,0
6.1341,-0.0574709,0.00218249,0
6.13508,-0.0574827,0.0021805,0
6.13609,-0.0574885,0.00218259,0
6.13719,-0.0574822,0.00217974,0
6.13812,-0.0574903,0.00218347,0
6.13911,-0.0574937,0.0021822,0
6.1402,-0.0574779,0.00218677,0
6.14154,-0.057472,0.00218638,0
6.14212,-0.0574875,0.00218785,0
6.14357,-0.0574854,0.00218403,0
6.14417,-0.0574858,0.00218614,0
6.14514,-0.057487,0.00218438,0
6.14612,-0.0574881,0.00218716,0
6.14715,-0.0574896,0.0021856,0
6.14811,-0.0574813,0.00218736,0
6.1491,-0.0574896,0.00218661,0
6.15014,-0.057493,0.00218963,0
6.15112,-0.0574857,0.00218706,0
6.15219,-0.0575117,0.00218916,0
6.15315,-0.0575132,0.00218563,0
6.1542,-0.0575154,0.002188,0
6.1551,-0.0575347,0.00218495,0
6.15611,-0.0575259,0.00218829,0
6.15714,-0.0575134,0.00218657,0
6.15818,-0.0575104,0.00218961,0
6.15916,-0.0575015,0.00218719,0
6.1601,-0.0575098,0.00219127,0
6.16109,-0.0575229,0.00218804,0
6.16212,-0.0575436,0.0021924,0
6.16313,-0.0575542,0.00219475,0
6.16415,-0.0576734,0.00222422,0
6.16516,-0.0577441,0.00224533,0
6.16611,-0.057801,0.00226746,0
6.16713,-0.0578726,0.00227837,0
6.1681,-0.0579049,0.00229188,0
6.16914,-0.0579348,0.00229905,0
6.17013,-0.0579748,0.00230558,0
6.17108,-0.0579935,0.0023109,0
6.1721,-0.0580155,0.00232002,0
6.17312,-0.0580387,0.00232392,0
6.17413,-0.0580618,0.00233138,0
6.1751,-0.0580959,0.00233117,0
6.17611,-0.0581215,0.00233602,0
6.17741,-0.0581358,0.00233708,0
6.17845,-0.0581501,0.00234212,0
6.17909,-0.0581771,0.00234024,0
6.18009,-0.0581875,0.00234734,0
6.18113,-0.0581968,0.00235019,0
6.18221,-0.0582117,0.00235514,0
6.18309,-0.0582285,0.00235656,0
6.1841,-0.0582445,0.00236229,0
6.18511,-0.0582507,0.00236447,0
6.18611,-0.0582714,0.00235759,0
6.18709,-0.0582784,0.00235051,0
6.18809,-0.0582694,0.00235333,0
6.18914,-0.0582733,0.00234807,0
6.1901,-0.0582724,0.0023475,0
6.19111,-0.0582596,0.00234628,0
6.1921,-0.0582509,0.00234849,0
6.19307,-0.0582476,0.00234933,0
6.1941,-0.0582391,0.00234658,0
6.1951,-0.0582318,0.00234184,0
6.19622,-0.0582343,0.00233887,0
6.1971,-0.0582297,0.0023335,0
6.19809,-0.0582241,0.00233354,0
6.19912,-0.0582177,0.00232939,0
6.20009,-0.0582205,0.0023269,0
6.20112,-0.058207,0.00232394,0
6.2021,-0.0581962,0.00232535,0
6.20309,-0.0581974,0.00231886,0
6.2041,-0.0581822,0.00232038,0
6.20512,-0.0581708,0.00231726,0
6.2066,-0.0581713,0.00231529,0
6.20723,-0.0581557,0.00231223,0
6.20816,-0.058152,0.00231145,0
6.20918,-0.0581577,0.00230401,0
6.21065,-0.058152,0.00230309,0
6.21112,-0.0581347,0.00230148,0
6.21214,-0.0581196,0.00230389,0
6.21311,-0.0581154,0.00230023,0
6.2141,-0.0581035,0.00230084,0
6.21512,-0.0581061,0.00229469,0
6.21615,-0.0580988,0.00229415,0
6.21721,-0.0580719,0.00229447,0
6.21809,-0.0580511,0.00229778,0
6.2191,-0.0580542,0.00229244,0
6.22012,-0.0580459,0.00229181,0
6.2211,-0.0580548,0.00228524,0
6.22208,-0.0580583,0.00228273,0
6.22307,-0.0580492,0.0022794,0
6.22411,-0.0580402,0.0022804,0
6.2251,-0.0580317,0.00227686,0
6.22609,-0.058023,0.00227772,0
6.22711,-0.0580197,0.00227806,0
6.2281,-0.0580134,0.00227427,0
6.22912,-0.05801,0.00227503,0
6.2301,-0.0579899,0.00227309,0
6.23109,-0.0579761,0.00227499,0
6.23209,-0.0579789,0.00226976,0
6.23312,-0.0579618,0.00227114,0
6.23409,-0.0579584,0.00226644,0
6.23508,-0.0579671,0.00226479,0
6.2361,-0.0579535,0.00226158,0
6.23723,-0.0579483,0.00226035,0
6.23805,-0.0579367,0.00225918,0
6.23913,-0.0579278,0.00226105,0
6.24011,-0.0579204,0.00225803,0
6.24113,-0.0579132,0.00225926,0
6.24207,-0.0579105,0.00225974,0
6.24308,-0.0579016,0.00225865,0
6.24415,-0.057909,0.00225308,0
6.24524,-0.0579118,0.00225095,0
6.24608,-0.0578908,0.00225054,0
6.24709,-0.0578787,0.00225287,0
6.2482,-0.0578741,0.00225376,0
6.24908,-0.057882,0.00225133,0
6.25011,-0.0578747,0.00224649,0
6.25105,-0.0578542,0.00224881,0
6.2521,-0.0578432,0.00224677,0
6.25309,-0.0578664,0.00224602,0
6.25409,-0.0578752,0.00224573,0
6.25509,-0.0578586,0.00224584,0
6.25608,-0.0578649,0.00224141,0
6.25715,-0.0578583,0.00224164,0
6.25813,-0.0578612,0.00223917,0
6.2591,-0.0578589,0.00224101,0
6.26031,-0.0578487,0.00223805,0
6.26109,-0.057843,0.00223995,0
6.26209,-0.0578545,0.00223643,0
6.26309,-0.0578416,0.00223867,0
6.26411,-0.0578498,0.00223592,0
6.26509,-0.0578514,0.00223735,0
6.26609,-0.0578344,0.0022358,0
6.26711,-0.057825,0.00223865,0
6.26809,-0.0578356,0.00223554,0
6.26916,-0.057822,0.0022377,0
6.27012,-0.0578146,0.00223584,0
6.2711,-0.0578095,0.00223799,0
6.27209,-0.0578146,0.00223417,0
6.27312,-0.0578326,0.00223443,0
6.27476,-0.0578395,0.00223454,0
6.27509,-0.0578231,0.00223567,0
6.27611,-0.0578155,0.00223311,0
6.27709,-0.0578111,0.0022351,0
6.27818,-0.0578085,0.00223283,0
6.27909,-0.0578074,0.00223197,0
6.28009,-0.057805,0.00223116,0
6.28112,-0.057802,0.00223435,0
6.28211,-0.0578009,0.00223557,0
6.28309,-0.0577811,0.00223662,0
6.28411,-0.0577886,0.00223359,0
6.28514,-0.0577993,0.00223357,0
6.28613,-0.0578043,0.00223027,0
6.28709,-0.0578062,0.00222902,0
6.28811,-0.0578055,0.00222893,0
6.28912,-0.0578045,0.00223207,0
6.29009,-0.057804,0.00223326,0
6.29138,-0.0578024,0.00223393,0
6.29212,-0.0578013,0.00223126,0
6.29311,-0.0577999,0.00223333,0
6.29414,-0.0577989,0.00223118,0
6.29515,-0.0577975,0.00223342,0
6.2961,-0.0577968,0.00223133,0
6.29763,-0.0577957,0.00223358,0
6.29837,-0.0578033,0.00223032,0
6.29909,-0.0578071,0.00223197,0
6.3001,-0.0578085,0.0022298,0
6.3011,-0.0578085,0.00223224,0
6.30214,-0.0578084,0.00223038,0
6.30309,-0.057808,0.00223289,0
6.30411,-0.0578077,0.00223102,0
6.30513,-0.0578069,0.00223343,0
6.30608,-0.0578066,0.00223153,0
6.30734,-0.0578058,0.0022339,0
6.3081,-0.0578055,0.00223196,0
6.30913,-0.0578047,0.0022343,0
6.31009,-0.0578043,0.00223231,0
6.3111,-0.0578123,0.00223365,0
6.31215,-0.0578169,0.0022311,0
6.31311,-0.0578186,0.00223013,0
6.31408,-0.0578194,0.00223033,0
6.31509,-0.0578196,0.00223369,0
6.31616,-0.0578199,0.00223221,0
6.31707,-0.0578198,0.00223486,0
6.31811,-0.0578199,0.00223308,0
6.31943,-0.0578197,0.00223558,0
6.32022,-0.0578197,0.00223373,0
6.32114,-0.0578195,0.00223617,0
6.32216,-0.0578194,0.00223424,0
6.32312,-0.0578191,0.00223663,0
6.32412,-0.0578277,0.00223382,0
6.32512,-0.0578325,0.00223575,0
6.32613,-0.057835,0.00223381,0
6.32711,-0.057836,0.0022364,0
6.32809,-0.0578368,0.0022347,0
6.32912,-0.0578371,0.0022373,0
6.33006,-0.0578377,0.00223554,0
6.3311,-0.0578379,0.00223807,0
6.3321,-0.0578383,0.00223627,0
6.33314,-0.0578383,0.00223872,0
6.33429,-0.0578388,0.00223688,0
6.33513,-0.0578475,0.00223855,0
6.3361,-0.0578508,0.00223919,0
6.33725,-0.0578546,0.00223975,0
6.33804,-0.057856,0.00223996,0
6.33911,-0.0578573,0.00223738,0
6.34035,-0.0578672,0.00224026,0
6.3411,-0.0578707,0.0022383,0
6.34224,-0.0578632,0.00223989,0
6.3431,-0.0578718,0.0022381,0
6.34409,-0.0578734,0.00220937,0
6.34524,-0.0578937,0.00215341,0
6.34617,-0.0579093,0.00213845,0
6.3471,-0.0579177,0.00212799,0
6.34821,-0.0579217,0.00212603,0
6.34915,-0.0579243,0.00212147,0
6.35006,-0.0579259,0.0021219,0
6.35109,-0.0579228,0.00211808,0
6.35217,-0.057563,0.00212476,0
6.35311,-0.0572845,0.00216449,0
6.35407,-0.0571535,0.00218858,0
6.35509,-0.0571029,0.00219342,0
6.35614,-0.0570757,0.00219556,0
6.35714,-0.0570645,0.00219184,0
6.35807,-0.0570915,0.00219693,0
6.35909,-0.0571068,0.00219215,0
6.36016,-0.0571097,0.00219178,0
6.36108,-0.0571067,0.00218801,0
6.36211,-0.057101,0.00218863,0
6.36313,-0.0570948,0.00218527,0
6.36409,-0.0570839,0.00218265,0
6.36504,-0.0570754,0.00218389,0
6.36613,-0.0570722,0.00218437,0
6.36705,-0.0570672,0.00218108,0
6.36811,-0.057065,0.00218506,0
6.36904,-0.0570609,0.00217913,0
6.37007,-0.0570517,0.00218008,0
6.37103,-0.057079,0.00218256,0
6.37206,-0.0570911,0.0021834,0
6.37311,-0.057092,0.00218168,0
6.37412,-0.057088,0.00217909,0
6.37507,-0.057082,0.00218076,0
6.37608,-0.0570761,0.00217813,0
6.37717,-0.0570697,0.00217968,0
6.37811,-0.0570637,0.00217706,0
6.3791,-0.0570579,0.00217867,0
6.38017,-0.0570527,0.0021762,0
6.3812,-0.0570515,0.00218034,0
6.38214,-0.0570539,0.00217828,0
6.38306,-0.0570538,0.00218004,0
6.38414,-0.0570527,0.00217776,0
6.38527,-0.0570819,0.00218349,0
6.38611,-0.0570987,0.00218294,0
6.38727,-0.0570783,0.00218097,0
6.38817,-0.0570939,0.00217962,0
6.38913,-0.0570961,0.00218125,0
6.39019,-0.0570958,0.00217936,0
6.39115,-0.0570946,0.00218146,0
6.39223,-0.0570941,0.00218127,0
6.39315,-0.0570963,0.00218184,0
6.39424,-0.0571242,0.00218356,0
6.39511,-0.0571387,0.00218555,0
6.39619,-0.0571434,0.00218363,0
6.39711,-0.0571434,0.00218575,0
6.39816,-0.0571431,0.00218553,0
6.39911,-0.0571142,0.00218392,0
6.40047,-0.0571274,0.00218433,0
6.40154,-0.057133,0.00218617,0
6.4024,-0.0571041,0.00218185,0
6.40342,-0.0570913,0.00218565,0
6.40439,-0.0570894,0.002184,0
6.40516,-0.057119,0.00218679,0
6.40613,-0.0571599,0.0021882,0
6.40716,-0.0571481,0.00218801,0
6.40879,-0.0571719,0.00218886,0
6.40909,-0.0571813,0.00219097,0
6.4101,-0.0571537,0.00218674,0
6.4111,-0.0571401,0.00218909,0
6.41228,-0.0571338,0.00218721,0
6.41318,-0.0571309,0.00218921,0
6.41409,-0.05713,0.00218722,0
6.41522,-0.0571296,0.00218646,0
6.41609,-0.0571616,0.00218335,0
6.41709,-0.0572284,0.00218368,0
6.41808,-0.0572619,0.00218085,0
6.41908,-0.0572946,0.0021759,0
6.42012,-0.0573553,0.00217652,0
6.42115,-0.0573997,0.00217034,0
6.42209,-0.0574359,0.00216792,0
6.42311,-0.0574684,0.00216229,0
6.42409,-0.0574982,0.00216041,0
6.42517,-0.0575265,0.00215563,0
6.42614,-0.0575532,0.00215448,0
6.42712,-0.0575785,0.00215059,0
6.42807,-0.0576022,0.00215004,0
6.42916,-0.0576318,0.0021537,0
6.43039,-0.0576391,0.00215916,0
6.43111,-0.0576419,0.00216124,0
6.4321,-0.0576843,0.00215711,0
6.43319,-0.0577126,0.00215275,0
6.43408,-0.0577346,0.00215224,0
6.4351,-0.0577307,0.00214608,0
6.43616,-0.0577617,0.00214936,0
6.43711,-0.0577845,0.00214742,0
6.43824,-0.0578028,0.00214809,0
6.43914,-0.0578188,0.00214639,0
6.44016,-0.0578333,0.00214722,0
6.4411,-0.0578482,0.00214548,0
6.44215,-0.057868,0.00215353,0
6.44312,-0.0578842,0.00215426,0
6.4441,-0.0578978,0.00215617,0
6.44508,-0.0579104,0.00215511,0
6.44609,-0.0579221,0.0021562,0
6.44709,-0.0579335,0.00215484,0
6.4481,-0.0579443,0.00215587,0
6.44909,-0.057955,0.00215456,0
6.4501,-0.0579651,0.00215568,0
6.45111,-0.057975,0.00215449,0
6.45211,-0.0579788,0.00215403,0
6.45309,-0.0579917,0.00215398,0
6.45412,-0.0580019,0.00215571,0
6.45515,-0.0580111,0.00215487,0
6.45611,-0.0580259,0.00216366,0
6.45709,-0.0580381,0.00216493,0
6.45814,-0.0580427,0.00216542,0
6.45913,-0.0580552,0.00216568,0
6.46014,-0.0580649,0.00216738,0
6.46124,-0.0580736,0.00216639,0
6.46208,-0.0580769,0.00216602,0
6.46315,-0.0580827,0.00216753,0
6.46417,-0.0581072,0.00216485,0
6.46505,-0.0581072,0.00216549,0
6.46624,-0.0581072,0.00216574,0
6.46727,-0.0581209,0.00217399,0
6.46814,-0.0581262,0.00217715,0
6.46919,-0.0581334,0.00217952,0
6.47019,-0.0581407,0.00217886,0
6.47112,-0.0581516,0.00217855,0
6.47265,-0.0581558,0.00217843,0
6.47328,-0.0581612,0.00217998,0
6.47416,-0.0581706,0.00218059,0
6.47518,-0.0581778,0.00217925,0
6.4761,-0.058197,0.00217702,0
6.47713,-0.0581948,0.00217782,0
6.47835,-0.0581965,0.00218028,0
6.47909,-0.0582065,0.00218731,0
6.48006,-0.0582146,0.00219119,0
6.48113,-0.0582214,0.00219108,0
6.48209,-0.0582397,0.00218915,0
6.48312,-0.0582497,0.00218651,0
6.48406,-0.0582558,0.00218732,0
6.48511,-0.0582605,0.00218622,0
6.48607,-0.0582642,0.00218768,0
6.48705,-0.0582657,0.00218823,0
6.48808,-0.0582706,0.00218914,0
6.48914,-0.0582724,0.00218948,0
6.49005,-0.0582759,0.00218779,0
6.4911,-0.0582689,0.00219105,0
6.49209,-0.0582863,0.00219876,0
6.49309,-0.0582848,0.00220274,0
6.49413,-0.0582842,0.00220426,0
6.4952,-0.0582866,0.0022068,0
6.49607,-0.0583024,0.00220253,0
6.49708,-0.0582991,0.00220569,0
6.49809,-0.0583121,0.00220213,0
6.49912,-0.0583096,0.00220398,0
6.50008,-0.0583221,0.0022034,0
6.5011,-0.0583268,0.00220317,0
6.50213,-0.0583387,0.00221073,0
6.50312,-0.0583347,0.00221501,0
6.50408,-0.0583332,0.00221665,0
6.50508,-0.0583464,0.0022158,0
6.50616,-0.0583444,0.00221841,0
6.50715,-0.0583437,0.00221941,0
6.50808,-0.058357,0.00221499,0
6.50918,-0.0583643,0.00221455,0
6.51006,-0.0583574,0.00221616,0
6.51108,-0.0583565,0.00221873,0
6.51251,-0.0583699,0.00221462,0
6.51311,-0.0583767,0.00221432,0
6.51433,-0.0583695,0.00221612,0
6.51517,-0.0583508,0.00221444,0
6.51608,-0.058368,0.00222508,0
6.51706,-0.0583906,0.00222635,0
6.51813,-0.0584028,0.00222642,0
6.51905,-0.0584075,0.00222645,0
6.5201,-0.0584109,0.00222487,0
6.52111,-0.0584136,0.00222593,0
6.5221,-0.0584161,0.00222472,0
6.52322,-0.0584183,0.00222597,0
6.52414,-0.0584206,0.00222487,0
6.52526,-0.0584226,0.0022262,0
6.52655,-0.0584247,0.00222518,0
6.52717,-0.0584266,0.00222658,0
6.52816,-0.0584285,0.00222562,0
6.52921,-0.0584193,0.00223031,0
6.53017,-0.0584343,0.00223547,0
6.53113,-0.0584429,0.00223841,0
6.53212,-0.0584479,0.00223778,0
6.53309,-0.058451,0.00223913,0
6.53416,-0.0584369,0.00223344,0
6.53509,-0.0584317,0.00223355,0
6.53614,-0.0584482,0.00223653,0
6.53715,-0.0584397,0.00223406,0
6.5381,-0.058443,0.00224017,0
6.53909,-0.0584466,0.00224384,0
6.54011,-0.0584501,0.00224366,0
6.54109,-0.0584702,0.00224975,0
6.54208,-0.0584808,0.00224969,0
6.54309,-0.0584695,0.00224669,0
6.54429,-0.0584823,0.00224901,0
6.54509,-0.0584897,0.00225088,0
6.54608,-0.0584772,0.00224521,0
6.54712,-0.0584726,0.00224533,0
6.54807,-0.0584708,0.00224538,0
6.54908,-0.0584735,0.00224474,0
6.5501,-0.0584749,0.00224365,0
6.55109,-0.0584931,0.00224973,0
6.55208,-0.0584916,0.00225307,0
6.55308,-0.0584924,0.00225648,0
6.55412,-0.0585112,0.00226084,0
6.55514,-0.0585208,0.0022634,0
6.55611,-0.0585133,0.00225766,0
6.5571,-0.0585268,0.00226222,0
6.55809,-0.058518,0.0022569,0
6.55914,-0.0585149,0.0022571,0
6.56008,-0.0585316,0.00226034,0
6.56108,-0.05854,0.00226264,0
6.56209,-0.0585281,0.00225708,0
6.56314,-0.0585235,0.00225496,0
6.56408,-0.0585225,0.00225479,0
6.56509,-0.058529,0.00226446,0
6.56612,-0.0585339,0.00226634,0
6.56708,-0.0585207,0.00226386,0
6.5681,-0.058533,0.00226676,0
6.56911,-0.0585567,0.00227379,0
6.57008,-0.0585657,0.00227647,0
6.57122,-0.0585556,0.00227261,0
6.5721,-0.0585529,0.0022694,0
6.57308,-0.0585519,0.00226817,0
6.57413,-0.0585539,0.00226771,0
6.57511,-0.0585557,0.00226925,0
6.57617,-0.0585564,0.00226984,0
6.57713,-0.0585588,0.00227027,0
6.57812,-0.0585668,0.00227697,0
6.57914,-0.0585699,0.00227952,0
6.58006,-0.0585732,0.00228208,0
6.58118,-0.0585763,0.00228145,0
6.58209,-0.0585891,0.00227962,0
6.5831,-0.0585954,0.00227686,0
6.58403,-0.0585983,0.00227759,0
6.58504,-0.0586002,0.00227639,0
6.58617,-0.0586014,0.00227776,0
6.58719,-0.0586027,0.0022768,0
6.58813,-0.0586037,0.00227827,0
6.58916,-0.0586107,0.00228546,0
6.59009,-0.0586151,0.00228991,0
6.59113,-0.0586181,0.00228989,0
6.59211,-0.0586203,0.00229146,0
6.59309,-0.0586222,0.00229028,0
6.59416,-0.0586141,0.0022945,0
6.59512,-0.0586221,0.00229176,0
6.59608,-0.0586164,0.00229483,0
6.59718,-0.0586155,0.00229467,0
6.59821,-0.0586065,0.00229909,0
6.59911,-0.0586146,0.00229644,0
6.60024,-0.0586033,0.00229133,0
6.60113,-0.0586154,0.00229315,0
6.60228,-0.058612,0.00229805,0
6.60318,-0.0586061,0.00229051,0
6.60416,-0.0586262,0.00230277,0
6.60515,-0.0586373,0.00230518,0
6.60613,-0.0586432,0.00230792,0
6.6071,-0.0586571,0.00230414,0
6.60818,-0.0586634,0.00230377,0
6.60911,-0.0586512,0.00229683,0
6.61012,-0.0586615,0.00230158,0
6.61116,-0.0586674,0.00230149,0
6.61221,-0.0586546,0.00229798,0
6.61311,-0.0586649,0.00230086,0
6.61419,-0.0586705,0.00230341,0
6.6151,-0.0586636,0.0023057,0
6.61611,-0.0586617,0.00230889,0
6.61714,-0.0586778,0.00231378,0
6.61819,-0.0586705,0.00231162,0
6.6191,-0.0586833,0.00231471,0
6.62009,-0.0586806,0.00232006,0
6.62117,-0.0586904,0.00231799,0
6.62211,-0.0586955,0.00231822,0
6.62341,-0.0586833,0.00231137,0
6.62409,-0.0586935,0.00231608,0
6.62512,-0.0586994,0.00231597,0
6.62618,-0.0587016,0.00231592,0
6.62711,-0.0586876,0.00231102,0
6.62808,-0.0586827,0.00231089,0
6.62915,-0.058672,0.00231213,0
6.6301,-0.0586996,0.00232606,0
6.63109,-0.0587137,0.00232913,0
6.6321,-0.058705,0.0023266,0
6.63309,-0.0587171,0.00232947,0
6.63409,-0.0587237,0.00233182,0
6.63512,-0.0587182,0.00233384,0
6.63608,-0.0587262,0.00233371,0
6.63709,-0.0587158,0.00232608,0
6.63812,-0.0587268,0.00233041,0
6.63908,-0.058733,0.00233019,0
6.64013,-0.0587211,0.00232637,0
6.64114,-0.0587314,0.00232912,0
6.6421,-0.0587428,0.00233992,0
6.64308,-0.0587339,0.00233705,0
6.6441,-0.0587308,0.00233788,0
6.64516,-0.0587308,0.00233638,0
6.6461,-0.0587471,0.00234294,0
6.6471,-0.0587555,0.00234346,0
6.64808,-0.0587448,0.00233979,0
6.6491,-0.0587557,0.00234239,0
6.65009,-0.0587617,0.00234478,0
6.65115,-0.0587502,0.00233844,0
6.65212,-0.0587456,0.00233795,0
6.65314,-0.0587654,0.00235001,0
6.65414,-0.0587606,0.00235066,0
6.65513,-0.0587595,0.00234961,0
6.65608,-0.058775,0.00235612,0
6.65711,-0.0587684,0.00235099,0
6.65809,-0.0587662,0.00235085,0
6.6591,-0.0587653,0.0023508,0
6.66011,-0.058768,0.00235029,0
6.66127,-0.0587694,0.00234871,0
6.6621,-0.0587854,0.00235533,0
6.6631,-0.0587787,0.00235035,0
6.66411,-0.0587761,0.00235035,0
6.66517,-0.0587816,0.00235696,0
6.66612,-0.0587853,0.00236154,0
6.66711,-0.0587883,0.00236175,0
6.66808,-0.0588053,0.00236891,0
6.66911,-0.0587995,0.002364,0
6.67009,-0.0587886,0.00236646,0
6.67108,-0.0588091,0.00236908,0
6.67215,-0.0588047,0.00236522,0
6.67312,-0.0588035,0.00236207,0
6.67409,-0.0588037,0.0023625,0
6.67509,-0.0588194,0.0023668,0
6.67606,-0.0588255,0.00236841,0
6.67708,-0.0588161,0.00236381,0
6.67809,-0.0588327,0.00237712,0
6.67909,-0.0588273,0.00237498,0
6.68008,-0.0588256,0.00237604,0
6.68108,-0.0588405,0.00238019,0
6.68211,-0.0588337,0.00237743,0
6.68309,-0.0588317,0.00237475,0
6.6841,-0.0588459,0.00238095,0
6.68511,-0.0588513,0.00238331,0
6.68609,-0.0588411,0.00237833,0
6.68709,-0.0588381,0.00237472,0
6.68808,-0.0588519,0.00238089,0
6.6891,-0.0588447,0.00237572,0
6.69015,-0.0588475,0.00238385,0
6.69113,-0.0588643,0.00239167,0
6.69211,-0.0588585,0.00239037,0
6.69308,-0.058857,0.00238807,0
6.6941,-0.0588714,0.00239431,0
6.69509,-0.0588704,0.00239728,0
6.69608,-0.0588655,0.00239226,0
6.69709,-0.0588644,0.00238784,0
6.69811,-0.0588647,0.00238757,0
6.69908,-0.0588798,0.00239169,0
6.70011,-0.058873,0.00238908,0
6.70108,-0.0588707,0.00238646,0
6.70209,-0.0588702,0.00238708,0
6.70317,-0.05887,0.00238731,0
6.7041,-0.0588776,0.00239651,0
6.7051,-0.0588818,0.00239845,0
6.70623,-0.0588845,0.00240068,0
6.7071,-0.0588868,0.00239969,0
6.70816,-0.0588887,0.00240093,0
6.70911,-0.0589044,0.0024055,0
6.7101,-0.0588981,0.00240303,0
6.71111,-0.0588962,0.00240027,0
6.71209,-0.0588961,0.00240074,0
6.7131,-0.058897,0.00239927,0
6.7141,-0.058898,0.00240045,0
6.71511,-0.0588993,0.00239933,0
6.71611,-0.0588998,0.0023989,0
6.7171,-0.0589006,0.00240059,0
6.71812,-0.0589073,0.00240767,0
6.71911,-0.0589111,0.00241312,0
6.72016,-0.0589125,0.00241521,0
6.72112,-0.058913,0.00241601,0
6.72251,-0.0589183,0.00240571,0
6.7231,-0.0589071,0.00239315,0
6.72448,-0.0589028,0.00238835,0
6.72534,-0.0589005,0.00238673,0
6.72611,-0.0588996,0.00238611,0
6.72705,-0.0588991,0.00238826,0
6.72815,-0.0589051,0.00239756,0
6.72914,-0.0589074,0.00240111,0
6.7301,-0.0589088,0.00240524,0
6.73109,-0.0589093,0.00240682,0
6.73209,-0.058919,0.00240668,0
6.73312,-0.058923,0.00240953,0
6.73411,-0.0589247,0.00241024,0
6.73509,-0.0589254,0.00241051,0
6.7361,-0.0589118,0.00241129,0
6.73708,-0.058906,0.00241566,0
6.7381,-0.0589038,0.00241804,0
6.73912,-0.0589026,0.00242285,0
6.7401,-0.0589022,0.00242526,0
6.7411,-0.0589019,0.00243001,0
6.74211,-0.0589085,0.00243643,0
6.74311,-0.058912,0.00244293,0
6.7441,-0.0589142,0.00244575,0
6.74543,-0.058915,0.00244683,0
6.74611,-0.0589166,0.0024508,0
6.74711,-0.0589177,0.00245571,0
6.74809,-0.0589189,0.00245766,0
6.7491,-0.0589058,0.0024571,0
6.75012,-0.0589148,0.00246115,0
6.75109,-0.0589194,0.00246616,0
6.75214,-0.0589222,0.00246797,0
6.7531,-0.0589238,0.00247179,0
6.75409,-0.0589252,0.00247299,0
6.75509,-0.0589328,0.00248077,0
6.75609,-0.0589375,0.00248385,0
6.75713,-0.0589263,0.0024835,0
6.75814,-0.0589365,0.00248707,0
6.75909,-0.0589421,0.0024914,0
6.76008,-0.0589314,0.00248819,0
6.76113,-0.058948,0.00249839,0
6.76213,-0.0589507,0.00249785,0
6.76308,-0.0589524,0.00250002,0
6.76412,-0.0589541,0.00250014,0
6.76511,-0.0589556,0.00250287,0
6.76608,-0.0589572,0.00250328,0
6.76714,-0.0589649,0.00251049,0
6.7681,-0.0589697,0.00251289,0
6.76911,-0.0589729,0.00251641,0
6.7701,-0.0589755,0.00251688,0
6.77109,-0.0589777,0.00251951,0
6.77209,-0.0589798,0.00251961,0
6.77309,-0.0589816,0.00252207,0
6.77415,-0.0589835,0.00252207,0
6.7751,-0.0589852,0.00252446,0
6.77608,-0.058987,0.0025244,0
6.77742,-0.0589885,0.00252674,0
6.77814,-0.0589902,0.00252657,0
6.77911,-0.0589909,0.00252651,0
6.7801,-0.0589981,0.00253353,0
6.78121,-0.0590041,0.00253779,0
6.78221,-0.0590079,0.00253834,0
6.78319,-0.0590105,0.00254068,0
6.78418,-0.0590114,0.00254157,0
6.78508,-0.0590142,0.002543,0
6.78606,-0.0590164,0.00254238,0
6.7871,-0.0590182,0.00254431,0
6.78814,-0.0590201,0.00254386,0
6.78913,-0.0590216,0.00254584,0
6.79011,-0.0590294,0.00255018,0
6.79107,-0.059034,0.0025544,0
6.79219,-0.0590357,0.00255601,0
6.79312,-0.059038,0.00255536,0
6.79413,-0.059034,0.00255231,0
6.7951,-0.059033,0.0025494,0
6.79608,-0.0590332,0.00254826,0
6.79709,-0.0590338,0.0025499,0
6.79809,-0.0590348,0.00254926,0
6.79907,-0.0590298,0.0025463,0
6.80011,-0.0590279,0.00254517,0
6.80114,-0.0590272,0.00254308,0
6.8021,-0.059027,0.00254228,0
6.8031,-0.05904,0.00254862,0
6.80413,-0.0590404,0.00254525,0
6.8051,-0.0590399,0.00254558,0
6.8061,-0.0590329,0.00254518,0
6.8071,-0.0590373,0.00254698,0
6.8081,-0.0590397,0.00254626,0
6.8091,-0.0590278,0.00254368,0
6.81009,-0.0590229,0.00254135,0
6.8111,-0.0590211,0.00254046,0
6.81209,-0.0590204,0.00254232,0
6.81312,-0.059028,0.00254147,0
6.81409,-0.0590181,0.00253866,0
6.81534,-0.059027,0.00254085,0
6.81612,-0.0590303,0.00254169,0
6.81712,-0.0590258,0.00254421,0
6.81818,-0.0590248,0.00254737,0
6.81908,-0.0590254,0.00254744,0
6.82007,-0.0590265,0.00254968,0
6.82109,-0.0590281,0.0025494,0
6.82208,-0.0590296,0.00255156,0
6.82308,-0.0590184,0.00254646,0
6.82409,-0.0590273,0.00255119,0
6.82514,-0.0590308,0.002553,0
6.8261,-0.059034,0.00255287,0
6.8271,-0.0590364,0.00255508,0
6.82806,-0.0590374,0.00255592,0
6.82909,-0.0590522,0.00255987,0
6.8301,-0.0590598,0.0025639,0
6.83108,-0.0590585,0.00255891,0
6.83208,-0.0590585,0.00255858,0
6.83314,-0.0590468,0.00255266,0
6.83409,-0.0590424,0.00255233,0
6.8351,-0.0590416,0.00255112,0
6.83614,-0.0590422,0.00255295,0
6.83713,-0.0590424,0.00255365,0
6.83809,-0.0590448,0.00255516,0
6.83908,-0.059047,0.00255469,0
6.84036,-0.0590478,0.00255451,0
6.84108,-0.0590547,0.00256213,0
6.84231,-0.0590596,0.00256447,0
6.84312,-0.0590704,0.00256701,0
6.84417,-0.0590765,0.00256661,0
6.84522,-0.0590801,0.00256868,0
6.84641,-0.0590758,0.00256891,0
6.84722,-0.0590879,0.00257628,0
6.84852,-0.0590953,0.00257815,0
6.8495,-0.0590873,0.00257609,0
6.85013,-0.0590978,0.00257852,0
6.85125,-0.0591042,0.00258197,0
6.85207,-0.0591084,0.00258198,0
6.85314,-0.0591116,0.00258404,0
6.85415,-0.0591146,0.00258355,0
6.85511,-0.0591173,0.00258543,0
6.85641,-0.0591253,0.00259048,0
6.85711,-0.0591305,0.00259504,0
6.85811,-0.0591346,0.00259525,0
6.85905,-0.0591261,0.00259239,0
6.86014,-0.059124,0.00258954,0
6.8611,-0.059118,0.00259114,0
6.86208,-0.0591121,0.00258496,0
6.86309,-0.059123,0.00258898,0
6.86408,-0.0591296,0.00258952,0
6.86508,-0.0591337,0.00259184,0
6.86609,-0.0591371,0.00259143,0
6.8671,-0.0591398,0.00259326,0
6.86811,-0.0591307,0.0025877,0
6.86909,-0.0591398,0.0025923,0
6.87008,-0.0591506,0.00259895,0
6.87111,-0.059157,0.00260415,0
6.87212,-0.0591616,0.00260477,0
6.8731,-0.0591634,0.002605,0
6.87412,-0.0591679,0.00260556,0
6.87506,-0.0591713,0.0026077,0
6.8761,-0.0591744,0.00260717,0
6.87704,-0.0591772,0.00260891,0
6.87812,-0.0591783,0.00260958,0
6.87912,-0.0591805,0.00260838,0
6.88011,-0.0591829,0.00260993,0
6.88115,-0.0591741,0.00260401,0
6.88215,-0.059178,0.00260247,0
6.88318,-0.0591859,0.00260631,0
6.88411,-0.059184,0.00261121,0
6.8852,-0.0591915,0.00261133,0
6.88612,-0.0592075,0.00261816,0
6.88708,-0.0592159,0.00261975,0
6.88811,-0.0592144,0.00262323,0
6.88914,-0.0592214,0.00262241,0
6.89011,-0.0592259,0.00262368,0
6.89109,-0.0592291,0.00262268,0
6.8921,-0.0592207,0.00261918,0
6.89313,-0.0592123,0.00261692,0
6.89426,-0.0592208,0.0026233,0
6.89516,-0.0592263,0.0026248,0
6.89609,-0.0592408,0.00263237,0
6.8971,-0.0592379,0.00262901,0
6.89811,-0.0592378,0.00262916,0
6.89909,-0.0592392,0.00262768,0
6.90011,-0.059241,0.00262906,0
6.90108,-0.0592539,0.00263337,0
6.90208,-0.0592608,0.00263728,0
6.90312,-0.0592545,0.00263212,0
6.90412,-0.0592631,0.0026367,0
6.90512,-0.0592685,0.00263742,0
6.90609,-0.059266,0.00264056,0
6.9072,-0.059265,0.00264175,0
6.90813,-0.0592674,0.00264261,0
6.90949,-0.0592699,0.00264135,0
6.91013,-0.0592722,0.00264264,0
6.91113,-0.0592747,0.00264158,0
6.91215,-0.0592768,0.00264297,0
6.91314,-0.0592791,0.00264197,0
6.91408,-0.0592812,0.0026434,0
6.91506,-0.0592834,0.00264244,0
6.91611,-0.0592854,0.0026439,0
6.91714,-0.0592919,0.0026494,0
6.9183,-0.0592944,0.00265151,0
6.91917,-0.059297,0.00265477,0
6.92033,-0.0593053,0.00265319,0
6.92119,-0.0593085,0.00265259,0
6.92212,-0.0593013,0.00264864,0
6.92311,-0.0592993,0.00264509,0
6.92412,-0.0592993,0.00264558,0
6.92512,-0.0592961,0.00263793,0
6.92611,-0.0593052,0.00264169,0
6.92713,-0.0593002,0.00263682,0
6.92824,-0.0592984,0.00263665,0
6.9291,-0.0593126,0.00264742,0
6.93005,-0.0593181,0.00265153,0
6.93109,-0.0593131,0.00264873,0
6.93209,-0.0593121,0.00264951,0
6.93309,-0.0593032,0.00264286,0
6.9341,-0.0593099,0.00264731,0
6.93507,-0.0593141,0.0026481,0
6.93608,-0.0593172,0.00265036,0
6.9372,-0.0593183,0.00265122,0
6.93815,-0.0593211,0.00265206,0
6.93909,-0.0593235,0.00265098,0
6.94003,-0.0593244,0.00265057,0
6.94111,-0.0593367,0.00265646,0
6.94207,-0.0593427,0.00266142,0
6.94306,-0.0593449,0.00266332,0
6.94409,-0.0593472,0.0026625,0
6.94513,-0.0593492,0.00266407,0
6.94612,-0.0593514,0.00266312,0
6.94714,-0.0593533,0.00266462,0
6.94817,-0.0593553,0.00266373,0
6.94914,-0.0593572,0.00266527,0
6.95012,-0.0593591,0.00266439,0
6.95108,-0.0593609,0.00266595,0
6.95221,-0.0593628,0.00266509,0
6.95314,-0.0593646,0.0026666,0
6.95419,-0.0593575,0.00266013,0
6.95514,-0.059368,0.0026716,0
6.95613,-0.0593742,0.0026759,0
6.95721,-0.0593778,0.00267914,0
6.95816,-0.0593807,0.00267868,0
6.95921,-0.0593831,0.00268016,0
6.96015,-0.0593767,0.00267357,0
6.96121,-0.0593835,0.00267796,0
6.96218,-0.059388,0.00267869,0
6.96332,-0.0593821,0.00267517,0
6.96424,-0.0593875,0.00268588,0
6.96512,-0.0593889,0.00270189,0
6.96611,-0.0593813,0.00270245,0
6.9671,-0.0593876,0.00270868,0
6.96819,-0.0593919,0.00270985,0
6.96911,-0.0593983,0.0027183,0
6.97013,-0.0593938,0.00271553,0
6.9711,-0.0593928,0.00271557,0
6.9721,-0.0593938,0.00271378,0
6.97311,-0.0593952,0.00271481,0
6.9741,-0.0594056,0.00271853,0
6.97513,-0.0594027,0.00271713,0
6.97609,-0.0594108,0.00271944,0
6.97738,-0.0594156,0.00272252,0
6.97876,-0.0594104,0.00271707,0
6.97924,-0.0594173,0.00272116,0
6.9801,-0.0594169,0.0027231,0
6.9811,-0.0594177,0.00272593,0
6.98211,-0.0594277,0.00273027,0
6.98311,-0.0594251,0.002729,0
6.9841,-0.0594251,0.00272635,0
6.98512,-0.0594261,0.00272703,0
6.98611,-0.0594264,0.00272729,0
6.98709,-0.059436,0.00273087,0
6.98809,-0.0594377,0.00272793,0
6.98909,-0.0594383,0.00272681,0
6.99009,-0.0594395,0.00272389,0
6.99106,-0.0594408,0.00272471,0
6.99208,-0.0594423,0.00272363,0
6.99314,-0.0594436,0.00272507,0
6.99408,-0.0594372,0.00271906,0
6.99509,-0.0594348,0.00271677,0
6.99615,-0.0594346,0.00271722,0
6.99705,-0.0594353,0.00271595,0
6.99811,-0.0594327,0.00271087,0
6.99911,-0.0594402,0.0027122,0
7.00009,-0.0594441,0.00271547,0
7.00112,-0.0594385,0.00271022,0
7.00221,-0.0594442,0.00271515,0
7.00312,-0.0594478,0.00271648,0
7.00419,-0.0594498,0.00271909,0
7.00517,-0.0594549,0.00272555,0
7.00612,-0.0594502,0.00272554,0
7.00712,-0.0594568,0.00272891,0
7.00812,-0.059461,0.00273269,0
7.00915,-0.0594562,0.00272739,0
7.01015,-0.0594549,0.00272682,0
7.01112,-0.0594511,0.00272677,0
7.01215,-0.0594578,0.00273436,0
7.01312,-0.0594622,0.00273632,0
7.0141,-0.0594651,0.002739,0
7.01509,-0.0594752,0.00274385,0
7.01629,-0.0594808,0.0027481,0
7.01709,-0.0594845,0.00274807,0
7.01811,-0.0594799,0.00274464,0
7.01911,-0.0594863,0.00274657,0
7.02008,-0.0594904,0.00274976,0
7.0211,-0.0594862,0.00274423,0
7.0221,-0.0594923,0.00274872,0
7.02326,-0.0594965,0.00274957,0
7.02412,-0.059492,0.00274648,0
7.02509,-0.0594982,0.00274862,0
7.0261,-0.059505,0.00275891,0
7.0271,-0.0595022,0.00275678,0
7.0281,-0.059502,0.00275715,0
7.02909,-0.0595032,0.00275564,0
7.03009,-0.0595048,0.0027569,0
7.0311,-0.0595066,0.00275593,0
7.03213,-0.0595153,0.00276272,0
7.03305,-0.0595136,0.00275895,0
7.03414,-0.0595136,0.00275886,0
7.03518,-0.0595136,0.00275883,0
7.03609,-0.0595164,0.00275963,0
7.03716,-0.0595183,0.002758,0
7.03811,-0.059519,0.00275738,0
7.03908,-0.0595296,0.00277156,0
7.04013,-0.0595337,0.00277698,0
7.04109,-0.0595343,0.00277176,0
7.04222,-0.0595357,0.00277052,0
7.04328,-0.0595348,0.00276139,0
7.0441,-0.0595344,0.0027579,0
7.04519,-0.0595313,0.00275949,0
7.04609,-0.0595345,0.00275735,0
7.04719,-0.0595277,0.00274565,0
7.04826,-0.0595317,0.00274421,0
7.04916,-0.059534,0.00274675,0
7.05018,-0.0595356,0.00274672,0
7.05112,-0.0595393,0.00275621,0
7.05209,-0.0595418,0.00275951,0
7.05318,-0.0595437,0.00276274,0
7.0541,-0.0595456,0.00276257,0
7.05509,-0.0595411,0.00275899,0
7.0561,-0.0595464,0.00276144,0
7.05711,-0.0595497,0.00276508,0
7.05808,-0.0595522,0.00276517,0
7.0591,-0.0595505,0.0027689,0
7.06011,-0.0595483,0.00276202,0
7.06152,-0.0595543,0.00276611,0
7.0621,-0.0595544,0.00276869,0
7.06309,-0.0595551,0.00277212,0
7.06408,-0.0595626,0.00277768,0
7.06511,-0.0595671,0.00278222,0
7.06609,-0.0595643,0.00277692,0
7.0671,-0.0595698,0.00278173,0
7.0685,-0.0595736,0.00278278,0
7.06913,-0.0595705,0.00277945,0
7.07052,-0.0595702,0.00277621,0
7.07135,-0.0595766,0.00278258,0
7.07228,-0.0595751,0.0027786,0
7.07306,-0.0595745,0.00277708,0
7.07408,-0.0595816,0.00278232,0
7.07512,-0.0595801,0.00278123,0
7.07609,-0.0595771,0.0028106,0
7.07708,-0.0595796,0.00283732,0
7.07809,-0.0595766,0.0028406,0
7.07908,-0.0595766,0.00284186,0
7.08006,-0.0595834,0.00284566,0
7.08111,-0.0595822,0.00284295,0
7.08212,-0.0595817,0.00284192,0
7.08312,-0.0595782,0.00283445,0
7.0845,-0.0595832,0.00283436,0
7.08507,-0.0595864,0.00283625,0
7.08608,-0.0595889,0.0028352,0
7.08714,-0.0595928,0.00284464,0
7.08805,-0.0595957,0.00284728,0
7.08908,-0.0595981,0.00284954,0
7.09009,-0.0596006,0.00284826,0
7.09108,-0.0596028,0.00284902,0
7.09206,-0.0596052,0.00284732,0
7.09315,-0.0596072,0.002848,0
7.09408,-0.0596095,0.00284634,0
7.09508,-0.0596114,0.00284717,0
7.09617,-0.0596183,0.00285158,0
7.09709,-0.059621,0.00285326,0
7.09809,-0.05962,0.00284749,0
7.09913,-0.0596206,0.00284671,0
7.10013,-0.0596221,0.00284471,0
7.10108,-0.0596253,0.00285412,0
7.1021,-0.0596278,0.00285689,0
7.10316,-0.0596288,0.00285795,0
7.1041,-0.0596304,0.00285975,0
7.10515,-0.0596326,0.00285837,0
7.1061,-0.0596345,0.00285916,0
7.10716,-0.0596379,0.00285892,0
7.10842,-0.0596391,0.00285883,0
7.10928,-0.0596448,0.00285573,0
7.11012,-0.0596487,0.00285243,0
7.11111,-0.0596485,0.00285538,0
7.11211,-0.0596493,0.00285511,0
7.11312,-0.059652,0.00286511,0
7.11412,-0.0596543,0.00286784,0
7.11505,-0.0596592,0.00286716,0
7.11605,-0.0596604,0.00286701,0
7.1171,-0.0596609,0.00286695,0
7.11811,-0.059666,0.0028633,0
7.11905,-0.0596679,0.00286191,0
7.12014,-0.0596702,0.00286201,0
7.12103,-0.0596725,0.00285987,0
7.12214,-0.0596719,0.00286292,0
7.12313,-0.0596752,0.00285957,0
7.12404,-0.0596779,0.00285888,0
7.12509,-0.0596779,0.0028591,0
7.12611,-0.0596821,0.00286694,0
7.12708,-0.0596853,0.00286824,0
7.12814,-0.0596878,0.00286951,0
7.12919,-0.0596903,0.00286745,0
7.13007,-0.0596925,0.00286752,0
7.13116,-0.0596947,0.00286514,0
7.13217,-0.0596967,0.00286513,0
7.13318,-0.0596989,0.00286271,0
7.13418,-0.0596975,0.00285642,0
7.13522,-0.0597012,0.00285739,0
7.1361,-0.0597037,0.00285964,0
7.13715,-0.059706,0.00285818,0
7.13814,-0.0597089,0.00286763,0
7.13914,-0.0597112,0.00286993,0
7.14013,-0.0597133,0.00287143,0
7.14108,-0.0597157,0.00286933,0
7.1421,-0.0597148,0.00286289,0
7.1431,-0.0597156,0.00285727,0
7.14413,-0.0597166,0.00285609,0
7.14509,-0.0597181,0.00285342,0
7.14615,-0.0597187,0.0028524,0
7.14714,-0.0597197,0.00285306,0
7.14817,-0.0597232,0.00284858,0
7.14914,-0.0597238,0.00285024,0
7.15012,-0.0597267,0.00284673,0
7.15122,-0.0597272,0.00284873,0
7.15214,-0.0597307,0.00285457,0
7.15329,-0.0597332,0.00285871,0
7.15418,-0.0597356,0.00285789,0
7.15515,-0.0597351,0.00285191,0
7.15625,-0.0597383,0.00285343,0
7.15715,-0.0597407,0.00285605,0
7.15815,-0.0597405,0.00284814,0
7.15925,-0.0597434,0.00285229,0
7.16015,-0.0597459,0.0028527,0
7.16107,-0.0597456,0.00284722,0
7.16231,-0.0597486,0.00284919,0
7.16323,-0.0597513,0.00286144,0
7.16423,-0.0597534,0.00286506,0
7.16581,-0.0597554,0.00286721,0
7.16627,-0.0597576,0.00286562,0
7.1675,-0.0597596,0.00286594,0
7.16814,-0.0597597,0.00285701,0
7.16912,-0.0597625,0.00286078,0
7.17015,-0.0597648,0.00286099,0
7.1711,-0.0597648,0.00285529,0
7.17232,-0.059768,0.00286652,0
7.17324,-0.0597701,0.00287397,0
7.17416,-0.0597705,0.00286749,0
7.17512,-0.0597734,0.00287178,0
7.1761,-0.0597666,0.00287428,0
7.17723,-0.0597659,0.00287399,0
7.17814,-0.0597674,0.00287111,0
7.17917,-0.0597679,0.00287002,0
7.18009,-0.059769,0.00286143,0
7.18111,-0.0597701,0.00285849,0
7.18209,-0.0597715,0.00285534,0
7.18308,-0.0597726,0.00285559,0
7.18408,-0.0597756,0.0028705,0
7.18512,-0.0597762,0.00288172,0
7.18611,-0.0597761,0.00287674,0
7.1871,-0.0597772,0.00288448,0
7.18814,-0.0597795,0.00288343,0
7.18909,-0.0597805,0.00287644,0
7.19008,-0.0597819,0.00287071,0
7.1911,-0.0597832,0.00286945,0
7.1921,-0.0597857,0.00287388,0
7.1931,-0.0597865,0.0028704,0
7.19408,-0.0597867,0.00286849,0
7.19509,-0.0597892,0.00286435,0
7.1961,-0.0597927,0.0028675,0
7.1971,-0.0597951,0.00287106,0
7.1981,-0.0597964,0.00286322,0
7.19913,-0.059797,0.00286023,0
7.20008,-0.0597995,0.00287601,0
7.20109,-0.0598008,0.00287677,0
7.20219,-0.0598012,0.00287706,0
7.20308,-0.0598032,0.00287544,0
7.2041,-0.0598054,0.00287253,0
7.20508,-0.0598069,0.00287275,0
7.20607,-0.0598092,0.0028783,0
7.20708,-0.0598105,0.00287525,0
7.20808,-0.0598122,0.00287126,0
7.20911,-0.0598137,0.00287105,0
7.2101,-0.0598152,0.00286922,0
7.21108,-0.0598166,0.00287001,0
7.21209,-0.0598177,0.00287839,0
7.21312,-0.0598186,0.00288416,0
7.21419,-0.0598201,0.00288435,0
7.2152,-0.0598216,0.00288551,0
7.21612,-0.0598234,0.00288388,0
7.21712,-0.0598248,0.00288451,0
7.21809,-0.0598265,0.00288275,0
7.21939,-0.059828,0.00288339,0
7.2201,-0.0598295,0.00288175,0
7.22111,-0.0598309,0.00288249,0
7.2221,-0.0598325,0.0028809,0
7.22314,-0.0598339,0.00288171,0
7.22411,-0.0598348,0.00289016,0
7.22516,-0.0598357,0.00289587,0
7.22609,-0.0598372,0.00289598,0
7.22711,-0.0598387,0.00289705,0
7.2281,-0.0598404,0.00289534,0
7.22907,-0.0598419,0.00289584,0
7.23013,-0.0598439,0.00288652,0
7.23119,-0.0598449,0.00289094,0
7.2321,-0.0598462,0.00289162,0
7.23311,-0.0598474,0.00289339,0
7.23409,-0.0598479,0.00289406,0
7.23517,-0.0598492,0.00289235,0
7.23609,-0.0598507,0.00290126,0
7.23713,-0.0598517,0.00290723,0
7.23834,-0.0598538,0.00289969,0
7.2392,-0.0598547,0.00289681,0
7.24024,-0.0598551,0.00290353,0
7.24106,-0.0598562,0.00290498,0
7.24213,-0.0598574,0.00290682,0
7.24314,-0.059859,0.00290541,0
7.2441,-0.0598605,0.00290605,0
7.24514,-0.0598613,0.00291445,0
7.24612,-0.0598627,0.00290998,0
7.24707,-0.059864,0.00291237,0
7.24806,-0.0598645,0.00291329,0
7.24918,-0.0598678,0.00290628,0
7.25019,-0.0598701,0.00290388,0
7.25106,-0.0598709,0.00290296,0
7.25211,-0.0598728,0.00290229,0
7.25315,-0.0598745,0.00290026,0
7.25409,-0.0598758,0.00290107,0
7.25509,-0.0598759,0.00290755,0
7.25608,-0.0598758,0.00291005,0
7.25712,-0.0598765,0.00291351,0
7.25809,-0.059878,0.00291285,0
7.25909,-0.0598795,0.00291388,0
7.2601,-0.0598827,0.00290462,0
7.26108,-0.0598848,0.0029016,0
7.26211,-0.0598864,0.00289884,0
7.26309,-0.0598875,0.00289955,0
7.26409,-0.0598887,0.00289828,0
7.2651,-0.0598897,0.00289952,0
7.26611,-0.0598909,0.00289847,0
7.26711,-0.059892,0.00289981,0
7.26812,-0.0598932,0.00289883,0
7.26911,-0.0598942,0.00290022,0
7.27009,-0.0598941,0.00290968,0
7.27107,-0.0598941,0.00291621,0
7.27212,-0.0598951,0.00291692,0
7.2731,-0.0598962,0.00291848,0
7.27409,-0.0598976,0.00291722,0
7.2751,-0.0598982,0.00291674,0
7.27611,-0.059899,0.002918,0
7.27712,-0.0599003,0.00291669,0
7.27808,-0.0599015,0.0029177,0
7.27933,-0.0599023,0.00291391,0
7.2801,-0.0599038,0.00291385,0
7.28119,-0.0599061,0.00291473,0
7.28212,-0.0599051,0.00292523,0
7.2831,-0.0599056,0.00292853,0
7.28409,-0.0599068,0.00293105,0
7.28512,-0.0599084,0.00293007,0
7.28617,-0.05991,0.00293108,0
7.28716,-0.0599141,0.00292166,0
7.28821,-0.0599141,0.00292665,0
7.28915,-0.0599148,0.00292806,0
7.29012,-0.0599183,0.00292205,0
7.29111,-0.0599183,0.00292512,0
7.29213,-0.0599188,0.00292911,0
7.29317,-0.0599226,0.00292083,0
7.29439,-0.0599204,0.00293703,0
7.2951,-0.0599197,0.00294399,0
7.29623,-0.0599229,0.00293976,0
7.29713,-0.0599227,0.00294295,0
7.2981,-0.0599231,0.00294665,0
7.2991,-0.0599271,0.00293806,0
7.30009,-0.0599267,0.00294309,0
7.30111,-0.0599302,0.00293617,0
7.3021,-0.0599294,0.00294213,0
7.3031,-0.0599327,0.00293557,0
7.30411,-0.0599318,0.00294178,0
7.30509,-0.0599321,0.00294359,0
7.30608,-0.0599361,0.00293758,0
7.30712,-0.0599356,0.00294067,0
7.30809,-0.0599337,0.00295543,0
7.30909,-0.0599366,0.00295231,0
7.3101,-0.0599354,0.00295928,0
7.31111,-0.0599357,0.00296101,0
7.31211,-0.0599399,0.00295473,0
7.31309,-0.0599427,0.00294927,0
7.31411,-0.0599409,0.00295687,0
7.31509,-0.0599442,0.00295079,0
7.31612,-0.0599465,0.00294887,0
7.31709,-0.0599446,0.0029547,0
7.31808,-0.0599442,0.00295957,0
7.31908,-0.0599487,0.00295129,0
7.32008,-0.0599478,0.00295671,0
7.32107,-0.059948,0.00295827,0
7.32209,-0.0599502,0.00296295,0
7.32309,-0.0599515,0.0029631,0
7.32409,-0.0599488,0.00297271,0
7.32509,-0.0599523,0.00296716,0
7.32611,-0.0599545,0.00296525,0
7.32712,-0.0599523,0.00297084,0
7.32811,-0.0599557,0.00296714,0
7.32908,-0.0599582,0.0029628,0
7.33008,-0.0599557,0.00297089,0
7.33109,-0.0599594,0.00296493,0
7.33207,-0.0599617,0.00296301,0
7.33309,-0.0599635,0.00296049,0
7.33408,-0.0599646,0.00296122,0
7.3351,-0.0599631,0.00297097,0
7.33607,-0.0599581,0.00298604,0
7.33708,-0.0599611,0.00298239,0
7.3381,-0.0599633,0.00298093,0
7.33909,-0.0599608,0.00298659,0
7.34007,-0.0599645,0.00298279,0
7.34109,-0.0599672,0.0029783,0
7.34208,-0.0599644,0.00298625,0
7.34309,-0.0599684,0.00298013,0
7.3441,-0.0599709,0.00297809,0
7.34509,-0.0599682,0.0029839,0
7.34607,-0.0599721,0.00298026,0
7.34709,-0.0599749,0.00297597,0
7.3481,-0.0599737,0.00298692,0
7.34922,-0.0599732,0.00299077,0
7.35011,-0.0599735,0.00299352,0
7.35112,-0.0599746,0.00299242,0
7.35208,-0.0599755,0.00299323,0
7.35313,-0.0599767,0.00299158,0
7.35412,-0.0599777,0.0029923,0
7.35511,-0.059974,0.00299912,0
7.35609,-0.0599779,0.00299569,0
7.35709,-0.0599807,0.00299136,0
7.35809,-0.0599774,0.00299953,0
7.35909,-0.0599818,0.00299346,0
7.36009,-0.0599815,0.00300266,0
7.36125,-0.0599815,0.00300557,0
7.36209,-0.0599815,0.00300668,0
7.36311,-0.0599819,0.00300841,0
7.36408,-0.059983,0.00300687,0
7.36512,-0.0599834,0.00300628,0
7.36613,-0.0599873,0.00299593,0
7.36715,-0.0599887,0.00299198,0
7.36814,-0.059991,0.00298723,0
7.36913,-0.0599902,0.00298447,0
7.37011,-0.0599899,0.00298342,0
7.37115,-0.0599943,0.00297017,0
7.37209,-0.0599978,0.00296593,0
7.37309,-0.0600002,0.00296369,0
7.37409,-0.0600073,0.00295645,0
7.37513,-0.0600101,0.00295368,0
7.37608,-0.0600072,0.00295973,0
7.3771,-0.060012,0.00295675,0
7.3781,-0.0600128,0.0029514,0
7.37913,-0.0600199,0.0029427,0
7.38009,-0.0600238,0.00293789,0
7.38111,-0.0600257,0.00293913,0
7.38208,-0.060027,0.00293949,0
7.3831,-0.0600275,0.00293962,0
7.38414,-0.0600251,0.0029538,0
7.38504,-0.0600243,0.00295922,0
7.38625,-0.0600295,0.002956,0
7.38712,-0.0600263,0.00296226,0
7.38816,-0.0600222,0.00296618,0
7.38916,-0.0600245,0.00296883,0
7.39019,-0.0600256,0.00297234,0
7.39112,-0.0600329,0.0029635,0
7.39232,-0.0600302,0.00297048,0
7.39309,-0.0600264,0.00297138,0
7.39416,-0.0600323,0.00296468,0
7.39508,-0.0600259,0.00298082,0
7.39609,-0.0600225,0.00299221,0
7.39708,-0.060025,0.00299761,0
7.39812,-0.0600327,0.00299249,0
7.39908,-0.0600367,0.0029878,0
7.40004,-0.0600318,0.00299698,0
7.4011,-0.0600365,0.00299135,0
7.40222,-0.060039,0.00298987,0
7.40312,-0.0600374,0.00298561,0
7.40409,-0.0600375,0.00298604,0
7.4051,-0.0600381,0.00298528,0
7.40608,-0.0600389,0.00298734,0
7.40706,-0.0600392,0.00298813,0
7.40806,-0.0600296,0.0030108,0
7.40908,-0.0600254,0.00302094,0
7.4101,-0.0600315,0.0030172,0
7.41111,-0.0600339,0.00301577,0
7.41208,-0.0600366,0.00301491,0
7.41313,-0.0600389,0.00301196,0
7.41427,-0.0600404,0.00301257,0
7.41509,-0.0600415,0.00301155,0
7.41604,-0.0600423,0.00301314,0
7.41709,-0.060036,0.0030216,0
7.41809,-0.060041,0.00301877,0
7.4191,-0.0600443,0.00301505,0
7.42008,-0.060046,0.00301545,0
7.42111,-0.0600473,0.00301447,0
7.42219,-0.060044,0.00302786,0
7.42321,-0.0600424,0.00303306,0
7.42415,-0.0600421,0.00303667,0
7.42515,-0.0600427,0.00303625,0
7.42645,-0.0600434,0.00303763,0
7.42719,-0.0600443,0.00303654,0
7.4281,-0.060045,0.00303775,0
7.4291,-0.060046,0.00303665,0
7.4301,-0.0600467,0.00303792,0
7.43113,-0.0600477,0.0030369,0
7.43211,-0.0600481,0.00303652,0
7.43311,-0.0600449,0.0030485,0
7.43413,-0.0600431,0.00305613,0
7.4351,-0.060043,0.00305725,0
7.43607,-0.0600435,0.00305886,0
7.4371,-0.0600443,0.00305759,0
7.43809,-0.0600451,0.0030585,0
7.43912,-0.060046,0.00305706,0
7.44037,-0.0600468,0.00305799,0
7.4411,-0.0600479,0.00305663,0
7.44209,-0.0600487,0.00305766,0
7.44311,-0.0600497,0.00305642,0
7.44409,-0.0600506,0.00305755,0
7.44506,-0.060047,0.0030683,0
7.44611,-0.060045,0.00307537,0
7.44709,-0.0600449,0.00307612,0
7.44808,-0.0600454,0.00307743,0
7.44913,-0.0600462,0.00307596,0
7.45009,-0.0600554,0.00306774,0
7.4511,-0.0600516,0.00307051,0
7.4521,-0.0600499,0.00307428,0
7.45308,-0.0600493,0.00307572,0
7.45419,-0.0600496,0.00307465,0
7.45511,-0.0600587,0.0030666,0
7.45617,-0.060051,0.00306669,0
7.45709,-0.0600484,0.00306964,0
7.45809,-0.0600523,0.0030722,0
7.45914,-0.0600455,0.00308419,0
7.46007,-0.0600431,0.00308825,0
7.4611,-0.0600518,0.00308198,0
7.46212,-0.0600568,0.00307639,0
7.4631,-0.0600592,0.00307581,0
7.46409,-0.0600607,0.00307414,0
7.4651,-0.0600617,0.00307521,0
7.46608,-0.0600621,0.00307562,0
7.46709,-0.0600634,0.00307599,0
7.4681,-0.0600645,0.00307471,0
7.46908,-0.0600653,0.00307599,0
7.47009,-0.0600663,0.00307506,0
7.4711,-0.060062,0.00308858,0
7.47211,-0.0600599,0.00309369,0
7.4731,-0.0600594,0.00309703,0
7.4741,-0.0600592,0.0030983,0
7.47511,-0.0600598,0.00309676,0
7.47613,-0.0600562,0.0030945,0
7.47709,-0.0600561,0.00309166,0
7.47814,-0.060057,0.00309227,0
7.47915,-0.0600584,0.00309098,0
7.48027,-0.0600639,0.00309512,0
7.48121,-0.0600716,0.00308325,0
7.48213,-0.0600665,0.00308809,0
7.48323,-0.0600691,0.00309284,0
7.48412,-0.0600603,0.00310602,0
7.4852,-0.0600569,0.00311052,0
7.48646,-0.0600652,0.00311573,0
7.48733,-0.0600501,0.00312095,0
7.48839,-0.0600339,0.00312408,0
7.48918,-0.0600291,0.00312309,0
7.49025,-0.0600381,0.00311558,0
7.49114,-0.0600346,0.00311828,0
7.49213,-0.0600339,0.00312302,0
7.49318,-0.0600355,0.00312252,0
7.49422,-0.0600376,0.00312452,0
7.49514,-0.0600347,0.00313514,0
7.49608,-0.0600349,0.00316211,0
7.49714,-0.0600257,0.00318063,0
7.49814,-0.0600221,0.00319199,0
7.49912,-0.0600318,0.00318499,0
7.5001,-0.0600274,0.00319166,0
7.50108,-0.0600262,0.00319225,0
7.5021,-0.0600359,0.00318793,0
7.50308,-0.0600319,0.00318928,0
7.50409,-0.0600299,0.00319447,0
7.50508,-0.0600402,0.00318534,0
7.50609,-0.0600356,0.00319164,0
7.5071,-0.0600342,0.00319212,0
7.50811,-0.0600441,0.00318793,0
7.50909,-0.0600452,0.00319046,0
7.51008,-0.0600342,0.00320413,0
7.51109,-0.0600404,0.00319934,0
7.51208,-0.0600438,0.00319951,0
7.5131,-0.0600358,0.00320383,0
7.51409,-0.0600322,0.00321021,0
7.51509,-0.0600423,0.0032013,0
7.51609,-0.0600472,0.0032,0
7.5171,-0.0600397,0.00320391,0
7.51808,-0.0600465,0.00320246,0
7.51911,-0.0600509,0.00319724,0
7.52008,-0.0600423,0.00320666,0
7.52109,-0.0600448,0.00320914,0
7.52209,-0.0600454,0.00321368,0
7.52312,-0.060036,0.0032195,0
7.52409,-0.0600423,0.00321863,0
7.52509,-0.0600464,0.00321342,0
7.5261,-0.0600372,0.00322262,0
7.52708,-0.0600339,0.00322388,0
7.5281,-0.0600436,0.00322005,0
7.5291,-0.0600492,0.00321362,0
7.53011,-0.0600406,0.00322256,0
7.53108,-0.0600483,0.00321602,0
7.53209,-0.0600521,0.0032159,0
7.53309,-0.0600436,0.00322015,0
7.53409,-0.0600507,0.00321895,0
7.53508,-0.060055,0.00321378,0
7.53608,-0.0600405,0.00323218,0
7.53707,-0.0600338,0.00323833,0
7.53808,-0.0600425,0.00323629,0
7.53908,-0.0600477,0.00323026,0
7.54009,-0.0600385,0.0032392,0
7.5411,-0.0600463,0.00323259,0
7.5421,-0.06005,0.0032324,0
7.54309,-0.060041,0.00323641,0
7.54408,-0.0600481,0.00323515,0
7.54509,-0.0600525,0.00322984,0
7.54608,-0.0600428,0.0032392,0
7.54708,-0.0600507,0.0032328,0
7.54808,-0.0600492,0.00324164,0
7.5491,-0.0600482,0.00324262,0
7.5501,-0.0600476,0.00324672,0
7.55111,-0.0600481,0.00324449,0
7.55213,-0.0600481,0.00324722,0
7.55308,-0.0600487,0.0032446,0
7.5541,-0.0600488,0.00324725,0
7.55509,-0.0600496,0.00324465,0
7.5561,-0.0600498,0.00324735,0
7.55709,-0.0600505,0.00324677,0
7.55809,-0.0600513,0.00324451,0
7.55911,-0.0600516,0.00324756,0
7.56017,-0.0600525,0.00324522,0
7.56111,-0.0600471,0.00325699,0
7.56208,-0.0600445,0.00325919,0
7.56321,-0.0600433,0.00326366,0
7.56413,-0.0600435,0.0032615,0
7.56511,-0.0600434,0.00326424,0
7.56609,-0.0600441,0.00326158,0
7.56716,-0.0600443,0.0032642,0
7.5681,-0.0600451,0.00326151,0
7.56904,-0.0600575,0.00325651,0
7.5701,-0.0600515,0.00325743,0
7.5711,-0.0600482,0.0032629,0
7.57236,-0.060047,0.00326499,0
7.57316,-0.0600413,0.00327492,0
7.57411,-0.0600385,0.00327635,0
7.57512,-0.0600371,0.00328049,0
7.57608,-0.0600371,0.00327819,0
7.57709,-0.0600369,0.00328085,0
7.57813,-0.0600375,0.00327809,0
7.57909,-0.0600376,0.00328065,0
7.58012,-0.0600384,0.0032779,0
7.58111,-0.0600386,0.00328051,0
7.58209,-0.0600395,0.00327783,0
7.58311,-0.0600397,0.00328052,0
7.58412,-0.0600406,0.00327791,0
7.58521,-0.0600409,0.00328068,0
7.58609,-0.0600357,0.00328701,0
7.58709,-0.0600323,0.00329444,0
7.58808,-0.0600316,0.00329349,0
7.58908,-0.0600312,0.00329655,0
7.59009,-0.0600317,0.00329388,0
7.59109,-0.0600325,0.00329336,0
7.59208,-0.0600328,0.00329316,0
7.59316,-0.0600485,0.00327854,0
7.59411,-0.0600434,0.00327487,0
7.59508,-0.0600411,0.00327558,0
7.59611,-0.0600548,0.00326239,0
7.59709,-0.0600481,0.00326579,0
7.59807,-0.0600382,0.00327684,0
7.59909,-0.0600333,0.003284,0
7.60009,-0.0600324,0.00328198,0
7.60109,-0.0600327,0.00328212,0
7.60204,-0.0600337,0.00327767,0
7.60311,-0.0600345,0.00327738,0
7.60408,-0.0600357,0.00327305,0
7.60508,-0.0600366,0.00327309,0
7.60607,-0.0600514,0.00326043,0
7.60709,-0.0600446,0.00326499,0
7.60809,-0.0600418,0.00326453,0
7.60909,-0.0600407,0.00326436,0
7.61013,-0.0600414,0.00326291,0
7.61109,-0.060042,0.00326461,0
7.61209,-0.0600355,0.00327462,0
7.61309,-0.0600317,0.00328224,0
7.61421,-0.0600309,0.00328139,0
7.6151,-0.0600448,0.00327413,0
7.61628,-0.0600376,0.00327506,0
7.61712,-0.0600341,0.00327903,0
7.61826,-0.0600331,0.00327715,0
7.61912,-0.060033,0.0032786,0
7.62009,-0.060026,0.00328847,0
7.6211,-0.0600219,0.00329601,0
7.6221,-0.0600209,0.00329504,0
7.62311,-0.0600207,0.00329643,0
7.62411,-0.0600212,0.00329313,0
7.62509,-0.0600214,0.00329395,0
7.62627,-0.0600221,0.00329062,0
7.6271,-0.0600225,0.00329157,0
7.6281,-0.0600233,0.00328846,0
7.6291,-0.0600236,0.00328727,0
7.63009,-0.0600244,0.00328584,0
7.6311,-0.0600172,0.00330058,0
7.63212,-0.0600133,0.00330434,0
7.63309,-0.0600119,0.00330578,0
7.63422,-0.0600113,0.00330841,0
7.6351,-0.0599967,0.00334852,0
7.6361,-0.0599833,0.00337548,0
7.63709,-0.0599765,0.00339014,0
7.63812,-0.059974,0.00339235,0
7.63913,-0.0599727,0.00339562,0
7.64006,-0.0599722,0.00339372,0
7.6411,-0.0599715,0.00339582,0
7.6421,-0.0599653,0.00340153,0
7.64308,-0.0599603,0.00340958,0
7.64413,-0.0599583,0.0034092,0
7.64514,-0.0599575,0.00340906,0
7.64611,-0.0599567,0.00340809,0
7.6471,-0.0599559,0.00341043,0
7.64815,-0.0599555,0.0034083,0
7.64916,-0.0599549,0.00341031,0
7.65009,-0.0599546,0.00340816,0
7.65109,-0.0599541,0.00341025,0
7.65207,-0.059954,0.0034082,0
7.65308,-0.0599535,0.00341042,0
7.65411,-0.0599534,0.0034085,0
7.65513,-0.0599469,0.00341843,0
7.65609,-0.059942,0.00342261,0
7.6571,-0.0599402,0.00342421,0
7.65811,-0.0599391,0.00342387,0
7.65911,-0.0599383,0.00342638,0
7.66007,-0.059938,0.00342734,0
7.6612,-0.0599374,0.00342751,0
7.66211,-0.0599373,0.00342464,0
7.66309,-0.0599368,0.00342645,0
7.66416,-0.0599367,0.00342428,0
7.66503,-0.0599367,0.00342346,0
7.66607,-0.0599365,0.00342332,0
7.6671,-0.0599361,0.00342631,0
7.66807,-0.0599299,0.00343214,0
7.66907,-0.0599276,0.00343437,0
7.67017,-0.059924,0.00344147,0
7.67111,-0.0599223,0.00344322,0
7.67208,-0.0599217,0.00344388,0
7.67313,-0.0599125,0.0034413,0
7.67405,-0.0599094,0.00344265,0
7.67509,-0.0599176,0.00344005,0
7.67606,-0.0599113,0.00344286,0
7.6771,-0.0599187,0.00344011,0
7.67812,-0.059927,0.00343525,0
7.6791,-0.0599175,0.00343497,0
7.68021,-0.0599119,0.00344141,0
7.68114,-0.059904,0.00344851,0
7.68206,-0.0599079,0.00345687,0
7.68308,-0.0599001,0.00345735,0
7.68414,-0.0598975,0.00345925,0
7.6851,-0.0598969,0.00345684,0
7.6861,-0.0598966,0.00345879,0
7.68713,-0.0598968,0.00345655,0
7.68814,-0.0598968,0.00345857,0
7.68958,-0.0598971,0.00345642,0
7.69017,-0.0598972,0.00345855,0
7.69109,-0.0598976,0.00345649,0
7.69207,-0.0599069,0.00345822,0
7.69308,-0.0598944,0.00346409,0
7.69412,-0.0598872,0.00347207,0
7.6951,-0.0598848,0.00347158,0
7.69614,-0.0598839,0.00347139,0
7.69717,-0.0598991,0.0034662,0
7.69813,-0.0599067,0.00345822,0
7.69916,-0.0599091,0.00345839,0
7.70009,-0.0599001,0.00345666,0
7.70113,-0.0598967,0.00345889,0
7.70211,-0.0598959,0.00345728,0
7.70309,-0.0598955,0.00345666,0
7.70411,-0.0598954,0.00345982,0
7.7051,-0.0599117,0.00345086,0
7.70607,-0.0599037,0.00345548,0
7.7071,-0.0599006,0.00345724,0
7.70808,-0.0599138,0.00345115,0
7.70908,-0.0599106,0.00345013,0
7.71009,-0.0599094,0.00344974,0
7.71112,-0.0599261,0.00343931,0
7.71217,-0.0599324,0.00343532,0
7.71317,-0.0599266,0.00343587,0
7.71413,-0.0599244,0.00343608,0
7.71509,-0.0599306,0.00342763,0
7.71612,-0.0599357,0.00342567,0
7.7174,-0.0599382,0.00342409,0
7.71831,-0.0599394,0.00342843,0
7.71914,-0.0599405,0.00342873,0
7.72011,-0.0599581,0.00342523,0
7.72111,-0.0599673,0.00341918,0
7.72237,-0.0599707,0.00342168,0
7.72309,-0.0599544,0.0034298,0
7.72409,-0.0599457,0.00344077,0
7.72511,-0.05996,0.00343498,0
7.72607,-0.0599502,0.00344117,0
7.72709,-0.059944,0.00344538,0
7.72813,-0.0599019,0.00326346,0
7.72911,-0.05983,0.00311158,0
7.73008,-0.0598025,0.00305357,0
7.73107,-0.0597539,0.0030271,0
7.7321,-0.0597167,0.00302027,0
7.73317,-0.0596839,0.00301381,0
7.7341,-0.0596531,0.00301302,0
7.7351,-0.0596239,0.00300869,0
7.73613,-0.0596128,0.00300704,0
7.73709,-0.0595735,0.0030077,0
7.7381,-0.059544,0.00300525,0
7.73908,-0.0595186,0.00300638,0
7.74009,-0.0595002,0.0030261,0
7.74108,-0.0594935,0.00303805,0
7.74211,-0.0594675,0.00306865,0
7.74321,-0.0594492,0.00309026,0
7.7442,-0.0594355,0.0031098,0
7.74513,-0.0594249,0.00312213,0
7.74609,-0.0594156,0.00313733,0
7.74711,-0.059408,0.00314776,0
7.74808,-0.0594013,0.00316189,0
7.7491,-0.0593961,0.00317148,0
7.75009,-0.0593917,0.00318484,0
7.75111,-0.0593885,0.00319368,0
7.75214,-0.059386,0.00320638,0
7.75318,-0.0593846,0.00321461,0
7.75417,-0.0593836,0.00322677,0
7.7551,-0.0593769,0.00324073,0
7.75616,-0.0593769,0.00325322,0
7.75709,-0.0593767,0.00326043,0
7.7581,-0.0593767,0.00326318,0
7.7591,-0.0593771,0.00327419,0
7.7601,-0.0593673,0.00329647,0
7.76109,-0.0593703,0.0033037,0
7.76209,-0.059376,0.00331009,0
7.76316,-0.0593813,0.00331398,0
7.76417,-0.0593858,0.00332297,0
7.76508,-0.0594025,0.00331765,0
7.76613,-0.0593949,0.00333598,0
7.76708,-0.0594029,0.00334102,0
7.76809,-0.0593986,0.00335635,0
7.76912,-0.059399,0.00336572,0
7.77011,-0.0594022,0.00337561,0
7.77105,-0.0594021,0.00338294,0
7.77206,-0.0594066,0.00339132,0
7.77317,-0.0594083,0.00339452,0
7.77413,-0.0594134,0.00339595,0
7.77513,-0.0594249,0.00339919,0
7.77606,-0.0594351,0.00340437,0
7.77722,-0.0594436,0.0034117,0
7.7783,-0.0594572,0.00341124,0
7.77909,-0.0594529,0.0034263,0
7.7801,-0.0594537,0.00343481,0
7.78123,-0.0594582,0.00344289,0
7.78206,-0.0594643,0.00344486,0
7.78325,-0.0594837,0.00344184,0
7.78413,-0.0594841,0.00344567,0
7.78511,-0.0594858,0.00345585,0
7.78608,-0.0594907,0.00345899,0
7.78712,-0.0594966,0.00346486,0
7.78815,-0.0595031,0.00346609,0
7.78911,-0.0595233,0.00346292,0
7.79014,-0.059523,0.00346625,0
7.79118,-0.0595174,0.0034819,0
7.79218,-0.0595164,0.00349041,0
7.79309,-0.0595337,0.00348919,0
7.79419,-0.0595462,0.00348372,0
7.79524,-0.0595396,0.0034948,0
7.79612,-0.0595384,0.00350127,0
7.79716,-0.0595559,0.00349975,0
7.79813,-0.0595537,0.00350237,0
7.79923,-0.0595538,0.00351129,0
7.80009,-0.0595573,0.00351323,0
7.80114,-0.059562,0.00351799,0
7.80212,-0.0595673,0.00351812,0
7.80307,-0.0595723,0.00352248,0
7.80439,-0.0595858,0.00352022,0
7.80553,-0.059593,0.00352409,0
7.80642,-0.0595986,0.00352384,0
7.80713,-0.0596032,0.00352795,0
7.80829,-0.0596164,0.00352552,0
7.80909,-0.059614,0.00353162,0
7.81011,-0.0595998,0.00353966,0
7.81109,-0.0595956,0.00354995,0
7.81209,-0.0595985,0.00355142,0
7.81308,-0.0596189,0.00354776,0
7.81408,-0.0596159,0.00354873,0
7.81509,-0.0596075,0.00356216,0
7.81612,-0.0596213,0.00356118,0
7.81714,-0.0596317,0.00356062,0
7.8181,-0.0596201,0.00356562,0
7.81909,-0.0596313,0.00356724,0
7.82011,-0.0596406,0.0035622,0
7.82109,-0.0596311,0.0035713,0
7.82213,-0.059647,0.00356805,0
7.8231,-0.0596563,0.00356583,0
7.82409,-0.0596505,0.00356472,0
7.82509,-0.059688,0.00354598,0
7.82609,-0.060006,0.00355245,0
7.82708,-0.0602649,0.00358243,0
7.8281,-0.0604527,0.00357634,0
7.82908,-0.0605429,0.00357032,0
7.83008,-0.0605856,0.00357625,0
7.83109,-0.0606458,0.00357716,0
7.83209,-0.0606904,0.00357179,0
7.8332,-0.0606988,0.00358175,0
7.83409,-0.0607374,0.00357964,0
7.83509,-0.0607675,0.00358006,0
7.83608,-0.0607657,0.0035861,0
7.83708,-0.0607978,0.00358918,0
7.83808,-0.060823,0.00358718,0
7.83908,-0.0608423,0.00358625,0
7.84008,-0.0608213,0.00359659,0
7.84109,-0.0608115,0.00360412,0
7.84209,-0.0607895,0.00361871,0
7.84308,-0.0608143,0.00361803,0
7.8441,-0.0608348,0.00361855,0
7.8451,-0.0608516,0.00361686,0
7.8461,-0.060865,0.00362107,0
7.84709,-0.0608778,0.00362117,0
7.84809,-0.0608619,0.00363295,0
7.84908,-0.0608887,0.00363185,0
7.85009,-0.0609079,0.00363245,0
7.85109,-0.0609219,0.00363106,0
7.85208,-0.0609331,0.00363538,0
7.85309,-0.0609077,0.00364048,0
7.85409,-0.0608915,0.00365206,0
7.85509,-0.0608905,0.00365466,0
7.85608,-0.0608967,0.00365937,0
7.85708,-0.0609062,0.00365907,0
7.85808,-0.0608863,0.00366994,0
7.85907,-0.0609133,0.0036683,0
7.86008,-0.0609312,0.00366832,0
7.86111,-0.0609135,0.00367333,0
7.86209,-0.0609411,0.0036757,0
7.86307,-0.0609587,0.00367156,0
7.86408,-0.0609387,0.00368104,0
7.86509,-0.0609664,0.00367924,0
7.86608,-0.0609509,0.0036831,0
7.86708,-0.0609344,0.00368858,0
7.86811,-0.0609294,0.00369518,0
7.86913,-0.0609325,0.00369551,0
7.87009,-0.0609385,0.00369934,0
7.87109,-0.0609453,0.00369887,0
7.87208,-0.0609507,0.00370244,0
7.87307,-0.0609536,0.00370141,0
7.8741,-0.0609429,0.00370274,0
7.87508,-0.0609376,0.00370098,0
7.87609,-0.0609288,0.00370483,0
7.87708,-0.0608894,0.00370556,0
7.87809,-0.0608392,0.00371108,0
7.8791,-0.0607803,0.00371699,0
7.88009,-0.0607241,0.00372776,0
7.88109,-0.0606734,0.00372992,0
7.88215,-0.0606262,0.00373462,0
7.88311,-0.0605817,0.00373435,0
7.88407,-0.0605392,0.00373833,0
7.88512,-0.0604988,0.00373773,0
7.88608,-0.0604601,0.00374146,0
7.88709,-0.0604234,0.00374063,0
7.88808,-0.0604094,0.00374031,0
7.8891,-0.0603548,0.00374624,0
7.8902,-0.0603113,0.00375582,0
7.89122,-0.0602759,0.00375641,0
7.89208,-0.0602624,0.00375663,0
7.89307,-0.0602218,0.00375655,0
7.89412,-0.0601893,0.00375976,0
7.89516,-0.0601611,0.00375802,0
7.8961,-0.0601503,0.00375736,0
7.8971,-0.0601609,0.00375468,0
7.89811,-0.0601222,0.00375308,0
7.89908,-0.0600471,0.00376213,0
7.90005,-0.0600244,0.00377051,0
7.9013,-0.0600158,0.00377371,0
7.90208,-0.0599997,0.00377163,0
7.90311,-0.0599606,0.00377427,0
7.9042,-0.0599553,0.00377019,0
7.90515,-0.0599696,0.00376641,0
7.90607,-0.0599183,0.00376498,0
7.90709,-0.0598855,0.00377058,0
7.90808,-0.059873,0.00377272,0
7.90906,-0.0598593,0.00377035,0
7.91005,-0.0598721,0.00376655,0
7.91135,-0.0598708,0.0037585,0
7.91238,-0.0598342,0.00376427,0
7.91309,-0.0598015,0.00376967,0
7.91416,-0.0597891,0.00377173,0
7.91513,-0.0597772,0.00376877,0
7.91607,-0.0597649,0.00377036,0
7.91715,-0.05978,0.00376211,0
7.91804,-0.0597558,0.00376368,0
7.91907,-0.0597362,0.00376427,0
7.92008,-0.0597203,0.00376078,0
7.92113,-0.0597308,0.0037603,0
7.92216,-0.0597283,0.00376077,0
7.9231,-0.0597238,0.00375846,0
7.92407,-0.0597427,0.00375376,0
7.92513,-0.0597656,0.00374438,0
7.92626,-0.0596972,0.00375636,0
7.9271,-0.0596596,0.00376516,0
7.92809,-0.0596409,0.00376918,0
7.92912,-0.0596298,0.00376713,0
7.93009,-0.0596255,0.00376634,0
7.93109,-0.0596193,0.00376698,0
7.93212,-0.0596204,0.00376068,0
7.93309,-0.0596446,0.00375023,0
7.9341,-0.0596538,0.00374624,0
7.93509,-0.059656,0.00373952,0
7.93607,-0.0596346,0.00374112,0
7.9371,-0.0596484,0.00373438,0
7.93812,-0.0596524,0.00373034,0
7.93909,-0.0596425,0.00373143,0
7.94018,-0.0596313,0.00373776,0
7.94117,-0.0596228,0.00373829,0
7.9421,-0.059615,0.00373972,0
7.94314,-0.0596076,0.00373832,0
7.94411,-0.0596035,0.00372921,0
7.94511,-0.0596,0.00371832,0
7.9461,-0.0595962,0.00371096,0
7.94714,-0.0595927,0.00370158,0
7.94809,-0.0595895,0.00369476,0
7.94915,-0.0595864,0.00368577,0
7.95011,-0.0595715,0.00369215,0
7.9511,-0.0595613,0.00368994,0
7.95231,-0.0595573,0.0036891,0
7.95326,-0.059551,0.00367892,0
7.95445,-0.0595459,0.00367195,0
7.95509,-0.0595418,0.0036632,0
7.95604,-0.0595376,0.00365718,0
7.95714,-0.0595341,0.00364918,0
7.9581,-0.0595327,0.00364612,0
7.95928,-0.0595277,0.00363722,0
7.96009,-0.0595234,0.00363179,0
7.96108,-0.0595218,0.00362972,0
7.9621,-0.059505,0.00361776,0
7.96317,-0.0594959,0.00362714,0
7.96408,-0.0594925,0.00363073,0
7.96514,-0.059475,0.00362427,0
7.96608,-0.0594791,0.00362067,0
7.96711,-0.0594786,0.00361465,0
7.96814,-0.059476,0.0036107,0
7.96902,-0.0594751,0.0036092,0
7.97004,-0.0594583,0.00359798,0
7.97115,-0.0594628,0.00359372,0
7.97206,-0.0594646,0.0035921,0
7.97311,-0.0594492,0.00358506,0
7.97407,-0.0594266,0.00359156,0
7.97507,-0.0594165,0.00358944,0
7.97609,-0.0594122,0.00358862,0
7.97708,-0.059409,0.00358688,0
7.97806,-0.0594063,0.00358199,0
7.97916,-0.0594036,0.00357913,0
7.98013,-0.0594012,0.00357401,0
7.98109,-0.0593988,0.00357132,0
7.98206,-0.0594221,0.00355906,0
7.98314,-0.0594056,0.00355976,0
7.98406,-0.0593955,0.00355831,0
7.98508,-0.0593904,0.0035573,0
7.98619,-0.0593754,0.003566,0
7.98716,-0.0593656,0.00357033,0
7.9881,-0.0593603,0.00356779,0
7.98962,-0.0593704,0.00357107,0
7.99034,-0.059358,0.00356306,0
7.9911,-0.0593513,0.00355899,0
7.99226,-0.0593611,0.00355894,0
7.99308,-0.0593488,0.00355325,0
7.99419,-0.0593426,0.00354725,0
7.99513,-0.0593388,0.00354469,0
7.99612,-0.0593618,0.00353279,0
7.99718,-0.0593453,0.00353434,0
7.99814,-0.0593354,0.00353369,0
7.99913,-0.0593304,0.00353342,0
8.00047,-0.0593155,0.00354277,0
8.00138,-0.059306,0.00354775,0
8.00213,-0.0593011,0.00354582,0
8.00317,-0.0592976,0.00354438,0
8.00416,-0.0592949,0.00354028,0
8.00508,-0.0592922,0.00353836,0
8.00613,-0.0592898,0.00353428,0
8.00712,-0.0592873,0.00353257,0
8.00821,-0.0592989,0.00353365,0
8.00919,-0.0592872,0.00352909,0
8.0101,-0.0593075,0.00351633,0
8.01117,-0.0592898,0.00351777,0
8.01224,-0.0592674,0.00352994,0
8.01329,-0.059255,0.00353618,0
8.01421,-0.0592747,0.00352719,0
8.01518,-0.0592568,0.00352933,0
8.01619,-0.0592722,0.00352086,0
8.01721,-0.0592781,0.00351612,0
8.0181,-0.0592527,0.00351909,0
8.01911,-0.0592393,0.00352202,0
8.02014,-0.0592469,0.00352476,0
8.02111,-0.0592342,0.0035207,0
8.0221,-0.059228,0.00351583,0
8.02319,-0.0592504,0.00350628,0
8.0241,-0.059222,0.00351871,0
8.02513,-0.0592048,0.003527,0
8.02612,-0.0592227,0.00351898,0
8.02717,-0.0592047,0.00352136,0
8.02811,-0.059194,0.00352078,0
8.02931,-0.0592143,0.0035127,0
8.03023,-0.0591972,0.00351251,0
8.03116,-0.059201,0.00351896,0
8.03209,-0.0592002,0.00351845,0
8.0331,-0.0592116,0.00352286,0
8.03409,-0.0591996,0.00351626,0
8.03509,-0.059179,0.00350841,0
8.03608,-0.0591945,0.00349404,0
8.03711,-0.0591635,0.00350777,0
8.03808,-0.0591721,0.0035057,0
8.03908,-0.0591756,0.00350348,0
8.04009,-0.0591499,0.00350716,0
8.04107,-0.0591366,0.00351025,0
8.04207,-0.0591565,0.00350051,0
8.04309,-0.0591395,0.00350281,0
8.04407,-0.0591296,0.00350254,0
8.04509,-0.0591507,0.00349487,0
8.04608,-0.0591735,0.00349226,0
8.04708,-0.0591405,0.00349486,0
8.04817,-0.059151,0.00348685,0
8.04943,-0.0591558,0.00348253,0
8.05045,-0.0591184,0.00349876,0
8.05124,-0.0591246,0.00350063,0
8.05208,-0.0591275,0.00349666,0
8.05308,-0.0591013,0.0035026,0
8.05408,-0.059114,0.00349571,0
8.05509,-0.0591195,0.00349151,0
8.05607,-0.0590945,0.00349467,0
8.05715,-0.0590816,0.0034977,0
8.0581,-0.0591018,0.00348801,0
8.05908,-0.0591107,0.00348285,0
8.06017,-0.0590747,0.0034985,0
8.0612,-0.059061,0.00350448,0
8.0621,-0.0590765,0.00349755,0
8.0631,-0.0590812,0.00349445,0
8.06412,-0.0590814,0.0034903,0
8.0651,-0.0590799,0.00348878,0
8.0661,-0.059078,0.00348528,0
8.06718,-0.0590759,0.00348406,0
8.06807,-0.0590478,0.00348843,0
8.06908,-0.0590339,0.00349179,0
8.07008,-0.0590538,0.00348232,0
8.07108,-0.0590626,0.00347716,0
8.07207,-0.0590652,0.00347255,0
8.07311,-0.0590528,0.0034837,0
8.07411,-0.059018,0.00349458,0
8.07509,-0.0590274,0.00349232,0
8.07609,-0.0590318,0.00348639,0
8.07709,-0.0590324,0.00348387,0
8.07819,-0.0590312,0.00348003,0
8.07911,-0.0590294,0.00347868,0
8.0801,-0.0590414,0.00348008,0
8.08115,-0.0590439,0.00348068,0
8.08208,-0.0590569,0.00348269,0
8.08309,-0.0590188,0.00348632,0
8.0841,-0.0590128,0.00347362,0
8.08509,-0.0589992,0.00347935,0
8.08608,-0.0589907,0.00348002,0
8.08709,-0.0589602,0.00348784,0
8.08809,-0.0589716,0.00348145,0
8.08912,-0.0589769,0.00347728,0
8.09012,-0.0589783,0.00347253,0
8.09109,-0.0589777,0.00347094,0
8.09209,-0.0589766,0.0034675,0
8.0931,-0.0589752,0.00346635,0
8.09412,-0.0589478,0.00347077,0
8.09513,-0.0589606,0.00346652,0
8.09609,-0.0589635,0.00346073,0
8.09709,-0.0589379,0.00346645,0
8.09807,-0.0589392,0.00347205,0
8.09908,-0.0589383,0.00347426,0
8.1001,-0.058937,0.00347184,0
8.10109,-0.0589352,0.00347073,0
8.10212,-0.0589335,0.0034672,0
8.1031,-0.0589316,0.00346585,0
8.10411,-0.0589299,0.00346236,0
8.10508,-0.0589281,0.00346114,0
8.10612,-0.0589266,0.00345781,0
8.10712,-0.0589249,0.00345676,0
8.1081,-0.0589243,0.00345636,0
8.10907,-0.0589223,0.00345376,0
8.11012,-0.0589207,0.00345009,0
8.11111,-0.0589191,0.00344914,0
8.11238,-0.0589318,0.00345072,0
8.11344,-0.0589087,0.00345927,0
8.1144,-0.0588998,0.00346254,0
8.11541,-0.0588914,0.00346216,0
8.11609,-0.0588872,0.00345869,0
8.11711,-0.0588843,0.00345726,0
8.11809,-0.0588822,0.00345366,0
8.11909,-0.0588803,0.00345232,0
8.12009,-0.0588787,0.00344888,0
8.12109,-0.0588771,0.00344771,0
8.12213,-0.0588756,0.00344438,0
8.12308,-0.0588741,0.00344335,0
8.12409,-0.0588604,0.0034523,0
8.12511,-0.0588515,0.00345729,0
8.1261,-0.0588468,0.00345594,0
8.12713,-0.0588438,0.00345501,0
8.12821,-0.0588426,0.00345466,0
8.12932,-0.0588398,0.00345107,0
8.13008,-0.0588387,0.0034497,0
8.13111,-0.0546048,0.00316907,0
8.13216,-0.0532184,0.00680484,0
8.13307,-0.0524457,0.00816056,0
8.1341,-0.0519207,0.0085439,0
8.13531,-0.0515136,0.00858006,0
8.13606,-0.0512115,0.00850036,0
8.13706,-0.0512587,0.00840627,0
8.13811,-0.0513721,0.00830272,0
8.13913,-0.0514218,0.00820103,0
8.14008,-0.0514365,0.00810874,0
8.1411,-0.051525,0.00773176,0
8.14207,-0.0517791,0.00706946,0
8.1431,-0.051923,0.00677742,0
8.14413,-0.0519995,0.00667082,0
8.1451,-0.0520412,0.00663256,0
8.14621,-0.0520158,0.00660241,0
8.14719,-0.0520753,0.00661586,0
8.14813,-0.052129,0.00662847,0
8.14917,-0.0521176,0.00661937,0
8.15015,-0.0521606,0.00663395,0
8.15115,-0.0513593,0.006487,0
8.15214,-0.0506235,0.00556079,0
8.15324,-0.0505671,0.00498154,0
8.15418,-0.0506543,0.00472564,0
8.15519,-0.0508298,0.00461777,0
8.15615,-0.0508337,0.00461712,0
8.15722,-0.0508996,0.00469024,0
8.15814,-0.0509302,0.00471927,0
8.15913,-0.051088,0.00471225,0
8.16017,-0.0512255,0.00468645,0
8.16115,-0.0513611,0.0046574,0
8.16218,-0.0514243,0.00464012,0
8.16316,-0.0515779,0.00461593,0
8.16413,-0.0517072,0.00458685,0
8.16512,-0.0518341,0.00455738,0
8.16612,-0.0519524,0.00453301,0
8.16713,-0.0520665,0.00450699,0
8.16815,-0.0521782,0.00448531,0
8.1692,-0.0522861,0.00447276,0
8.17015,-0.0523921,0.00446217,0
8.17112,-0.0524434,0.00445011,0
8.17211,-0.0525793,0.00443408,0
8.17316,-0.0526967,0.00440689,0
8.17411,-0.0528124,0.0043812,0
8.17512,-0.0529205,0.00436146,0
8.17614,-0.0530242,0.00433851,0
8.17713,-0.053126,0.00432032,0
8.17813,-0.0531769,0.00430516,0
8.17912,-0.0533031,0.00428893,0
8.18017,-0.0534121,0.0042619,0
8.18124,-0.0534708,0.00424904,0
8.18215,-0.0535964,0.00422768,0
8.18312,-0.0537024,0.00420569,0
8.18413,-0.0537601,0.00418889,0
8.18514,-0.0538805,0.0041725,0
8.18616,-0.0539827,0.00414703,0
8.18709,-0.0540813,0.00412888,0
8.18812,-0.0541736,0.00410941,0
8.18912,-0.0542626,0.00408937,0
8.19015,-0.054349,0.00407443,0
8.19119,-0.0543939,0.00406119,0
8.19216,-0.0544992,0.00404721,0
8.19311,-0.0545903,0.00402429,0
8.19409,-0.0546403,0.004014,0
8.19512,-0.054744,0.00399507,0
8.19608,-0.0548315,0.00397741,0
8.19715,-0.0548801,0.00396305,0
8.19813,-0.0549785,0.00394931,0
8.19913,-0.0550622,0.00392798,0
8.20017,-0.0551082,0.00391882,0
8.20118,-0.055202,0.00390111,0
8.20215,-0.0552811,0.00388534,0
8.20323,-0.0553576,0.00386694,0
8.20426,-0.0554286,0.00385441,0
8.20518,-0.0554972,0.00383796,0
8.2061,-0.0555635,0.00382662,0
8.20713,-0.0556287,0.00381262,0
8.2081,-0.0556929,0.00379718,0
8.2091,-0.0557266,0.00379142,0
8.21006,-0.055804,0.00377646,0
8.2111,-0.0558703,0.00376356,0
8.21209,-0.0559078,0.00375182,0
8.21308,-0.0559824,0.00374148,0
8.2142,-0.0560462,0.00372441,0
8.21512,-0.0560817,0.0037179,0
8.2161,-0.0561526,0.00370338,0
8.21713,-0.0561876,0.00369597,0
8.21832,-0.0562009,0.00369314,0
8.21911,-0.0562954,0.00367427,0
8.22008,-0.0563422,0.00366074,0
8.2211,-0.0563637,0.00365896,0
8.22207,-0.0564461,0.0036433,0
8.2231,-0.0565115,0.0036292,0
8.22409,-0.0565419,0.00361835,0
8.2251,-0.0566043,0.00361005,0
8.22613,-0.0566358,0.00359878,0
8.22708,-0.0566754,0.0035938,0
8.22809,-0.0567353,0.00357954,0
8.22908,-0.0567663,0.00357326,0
8.23008,-0.0568046,0.00356355,0
8.23109,-0.0568606,0.00355487,0
8.23207,-0.0568902,0.00354602,0
8.23311,-0.0569262,0.00353686,0
8.2342,-0.05694,0.00353336,0
8.23508,-0.0569902,0.00352226,0
8.23612,-0.05704,0.00351992,0
8.23711,-0.0570591,0.00351903,0
8.23808,-0.0571105,0.003509,0
8.2391,-0.057152,0.00349698,0
8.2401,-0.0571883,0.00349128,0
8.2411,-0.0572022,0.00348911,0
8.24207,-0.057248,0.00347937,0
8.24309,-0.0572853,0.00346781,0
8.24409,-0.0573182,0.00346271,0
8.24507,-0.0573496,0.0034531,0
8.24609,-0.0573796,0.0034489,0
8.24712,-0.0574092,0.0034398,0
8.24808,-0.0574372,0.00343603,0
8.24909,-0.0574775,0.00342501,0
8.2501,-0.057498,0.00342164,0
8.25117,-0.0575058,0.00342035,0
8.25208,-0.0575396,0.00341397,0
8.25312,-0.0575683,0.00340448,0
8.25409,-0.057594,0.00340103,0
8.25514,-0.0576189,0.00339274,0
8.25607,-0.0576426,0.00338993,0
8.25708,-0.0576659,0.00338204,0
8.2581,-0.057698,0.00337772,0
8.2591,-0.0577152,0.0033702,0
8.26012,-0.0577344,0.0033689,0
8.26112,-0.0577537,0.003364,0
8.26208,-0.057774,0.00335705,0
8.26308,-0.0577936,0.00335542,0
8.26408,-0.0578133,0.00334839,0
8.26534,-0.0578322,0.00334673,0
8.26609,-0.0578512,0.00333978,0
8.26711,-0.0578693,0.00333825,0
8.2681,-0.0578872,0.00333147,0
8.26911,-0.0579045,0.00333014,0
8.27015,-0.0579218,0.00332353,0
8.27109,-0.057938,0.0033224,0
8.27212,-0.0579544,0.00331594,0
8.27308,-0.05797,0.003315,0
8.27409,-0.0579858,0.00330873,0
8.27508,-0.0580004,0.00330797,0
8.27609,-0.0580142,0.0033018,0
8.2771,-0.0580273,0.00330109,0
8.27809,-0.0580415,0.00329508,0
8.27912,-0.0580547,0.00329476,0
8.28062,-0.0580687,0.00328911,0
8.28113,-0.058074,0.00328696,0
8.28216,-0.0580842,0.0032882,0
8.2833,-0.058096,0.00328333,0
8.28411,-0.0581132,0.00328277,0
8.28519,-0.0581229,0.00327856,0
8.28622,-0.0581406,0.00327644,0
8.2871,-0.0581512,0.00326914,0
8.28811,-0.0581667,0.00326413,0
8.28907,-0.0581726,0.00326222,0
8.29011,-0.0581848,0.00326676,0
8.2911,-0.0582023,0.00326425,0
8.29213,-0.058216,0.00326564,0
8.29317,-0.0582328,0.00326073,0
8.29419,-0.0582423,0.00326198,0
8.29509,-0.0582562,0.00325748,0
8.29611,-0.0582459,0.00328595,0
8.29711,-0.0582484,0.00329251,0
8.29811,-0.0582547,0.00329756,0
8.29909,-0.0582603,0.00329435,0
8.30007,-0.0582669,0.00329559,0
8.30108,-0.0582925,0.00329334,0
8.30209,-0.0583022,0.00329248,0
8.30307,-0.0583546,0.00329673,0
8.30408,-0.0583546,0.00330104,0
8.30509,-0.0583267,0.00329371,0
8.30607,-0.0583419,0.003293,0
8.30707,-0.0583717,0.0032889,0
8.30809,-0.0584004,0.00329014,0
8.30904,-0.0584113,0.00329062,0
8.31008,-0.0584483,0.00324282,0
8.31108,-0.0584767,0.00320677,0
8.31208,-0.0584936,0.0031972,0
8.31323,-0.0585,0.00319355,0
8.31409,-0.0585106,0.00319676,0
8.3151,-0.0585187,0.00319603,0
8.31609,-0.0585248,0.00319844,0
8.3171,-0.0585297,0.0031973,0
8.31809,-0.0585333,0.00319947,0
8.3191,-0.0585363,0.00319817,0
8.32014,-0.0585375,0.00319767,0
8.3211,-0.05854,0.00319776,0
8.32215,-0.0585415,0.00320022,0
8.32309,-0.0585428,0.00319891,0
8.3241,-0.0585436,0.00320079,0
8.32508,-0.0585444,0.00319924,0
8.32609,-0.0585448,0.003201,0
8.32711,-0.0585454,0.00319939,0
8.3281,-0.0585456,0.00319878,0
8.32908,-0.058546,0.00319858,0
8.3301,-0.058546,0.00320083,0
8.33117,-0.0585464,0.00319939,0
8.33209,-0.0585463,0.00320115,0
8.33342,-0.0585466,0.00319953,0
8.33409,-0.0585465,0.00320122,0
8.33509,-0.0585467,0.00319956,0
8.33608,-0.0585466,0.00320124,0
8.33707,-0.0585468,0.00319958,0
8.33809,-0.0585467,0.00320125,0
8.33908,-0.0585468,0.00319959,0
8.34008,-0.0585467,0.00320125,0
8.34107,-0.0585469,0.00319959,0
8.34211,-0.0585467,0.00320125,0
8.3431,-0.0585469,0.00319959,0
8.34413,-0.0585467,0.00320125,0
8.34507,-0.0585469,0.00319959,0
8.34614,-0.0585467,0.00320125,0
8.34724,-0.0585469,0.00319959,0
8.34808,-0.0585467,0.00320125,0
8.34915,-0.0585467,0.00320188,0
8.35008,-0.0585469,0.00319983,0
8.35127,-0.0585467,0.00320134,0
8.35211,-0.0585469,0.00319962,0
8.35307,-0.0585467,0.00320126,0
8.3542,-0.0585469,0.00319959,0
8.35551,-0.0585467,0.00320125,0
8.35609,-0.058546,0.00319941,0
8.35714,-0.0585455,0.00320101,0
8.3581,-0.0585456,0.00319932,0
8.35909,-0.0585454,0.00320097,0
8.3601,-0.0585455,0.00319931,0
8.36113,-0.0585455,0.00319867,0
8.36218,-0.0585456,0.00319843,0
8.36312,-0.0585454,0.00320063,0
8.36409,-0.0585455,0.00319917,0
8.36512,-0.0585453,0.00320091,0
8.36609,-0.0585455,0.00319928,0
8.36712,-0.0585453,0.00320095,0
8.36814,-0.0585455,0.00319929,0
8.36928,-0.0585453,0.00320096,0
8.37035,-0.0585455,0.00319929,0
8.37115,-0.0585453,0.00320095,0
8.37213,-0.0585455,0.00319929,0
8.3731,-0.0585453,0.00320095,0
8.37416,-0.0585454,0.00319929,0
8.37515,-0.0585453,0.00320095,0
8.37617,-0.0585454,0.00319929,0
8.37707,-0.0585453,0.00320095,0
8.37811,-0.0585454,0.00319929,0
8.37909,-0.0585453,0.00320095,0
8.38014,-0.0585454,0.00319928,0
8.3813,-0.0585453,0.00320095,0
8.38215,-0.0585454,0.00319928,0
8.38321,-0.0585452,0.00320094,0
8.38412,-0.0585454,0.00319928,0
8.38514,-0.0585453,0.00320094,0
8.38612,-0.0585454,0.00319928,0
8.38717,-0.0585453,0.00320094,0
8.38809,-0.0585454,0.00319927,0
8.38908,-0.0585452,0.00320093,0
8.3901,-0.0585454,0.00319928,0
8.39109,-0.0585452,0.00320093,0
8.39208,-0.0585454,0.00319927,0
8.3931,-0.0585452,0.00320093,0
8.39409,-0.0585454,0.00319927,0
8.39518,-0.0585452,0.00320093,0
8.39615,-0.0585454,0.00319927,0
8.39711,-0.0585452,0.00320093,0
8.3981,-0.0585454,0.00319926,0
8.3994,-0.0585452,0.00320093,0
8.40017,-0.0585454,0.00319926,0
8.4011,-0.0585452,0.00320092,0
8.40213,-0.0585454,0.00319926,0
8.40312,-0.0585452,0.00320092,0
8.40408,-0.0585454,0.00319926,0
8.40511,-0.0585452,0.00320092,0
8.40609,-0.0585453,0.00319925,0
8.4071,-0.0585452,0.00320092,0
8.40811,-0.0585453,0.00319925,0
8.40924,-0.0585452,0.00320091,0
8.41046,-0.0585453,0.00319925,0
8.41109,-0.0585452,0.00320091,0
8.41217,-0.0585451,0.00320155,0
8.41312,-0.0585451,0.00320178,0
8.41426,-0.0585453,0.00319958,0
8.4151,-0.0585452,0.00320103,0
8.41609,-0.0585453,0.00319929,0
8.4171,-0.0585452,0.00320092,0
8.4181,-0.0585453,0.00319925,0
8.41908,-0.0585451,0.0032009,0
8.42009,-0.0585453,0.00319924,0
8.42109,-0.0585451,0.0032009,0
8.42209,-0.0585453,0.00319924,0
8.42311,-0.0585451,0.0032009,0
8.42408,-0.0585453,0.00319923,0
8.4251,-0.0585451,0.0032009,0
8.42608,-0.0585453,0.00319924,0
8.42709,-0.0585451,0.00320089,0
8.42809,-0.0585453,0.00319923,0
8.42908,-0.0585451,0.00320089,0
8.43008,-0.0585453,0.00319923,0
8.43112,-0.0585451,0.00320089,0
8.43208,-0.0585453,0.00319923,0
8.43308,-0.0585451,0.00320089,0
8.43408,-0.0585452,0.00319922,0
8.43508,-0.0585451,0.00320089,0
8.43607,-0.0585453,0.00319922,0
8.43707,-0.0585451,0.00320088,0
8.43808,-0.0585453,0.00319922,0
8.43908,-0.0585451,0.00320088,0
8.44007,-0.0585452,0.00319922,0
8.44108,-0.0585451,0.00320088,0
8.4422,-0.0585452,0.00319921,0
8.44307,-0.0585451,0.00320088,0
8.44408,-0.0585452,0.00319922,0
8.4451,-0.0585451,0.00320087,0
8.44608,-0.0585452,0.00319921,0
8.44709,-0.0585451,0.00320087,0
8.44814,-0.058545,0.0032015,0
8.44908,-0.058545,0.00320175,0
8.4501,-0.0585452,0.00319954,0
8.45111,-0.0585453,0.0031987,0
8.45209,-0.0585453,0.00319838,0
8.45308,-0.0585451,0.00320055,0
8.45411,-0.0585452,0.00319908,0
8.45527,-0.058545,0.00320082,0
8.4562,-0.0585452,0.00319918,0
8.4571,-0.058545,0.00320085,0
8.45808,-0.0585452,0.0031992,0
8.45912,-0.058545,0.00320086,0
8.46011,-0.0585452,0.0031992,0
8.46113,-0.058545,0.00320086,0
8.46209,-0.0585452,0.00319919,0
8.46308,-0.058545,0.00320085,0
8.46413,-0.0585452,0.00319919,0
8.46508,-0.058545,0.00320085,0
8.46608,-0.0585452,0.00319919,0
8.46713,-0.058545,0.00320085,0
8.4681,-0.0585452,0.00319919,0
8.46907,-0.058545,0.00320085,0
8.47014,-0.0585451,0.00319919,0
8.47121,-0.058545,0.00320084,0
8.47208,-0.0585451,0.00319918,0
8.4731,-0.058545,0.00320084,0
8.47404,-0.0585449,0.00320148,0
8.47544,-0.0585449,0.00320172,0
8.47688,-0.0585449,0.00320181,0
8.47751,-0.0585451,0.00319955,0
8.47809,-0.058545,0.00320098,0
8.47916,-0.0585451,0.00319923,0
8.48007,-0.058545,0.00320086,0
8.48107,-0.0585451,0.00319918,0
8.48212,-0.058545,0.00320084,0
8.48323,-0.0585451,0.00319917,0
8.48409,-0.058545,0.00320083,0
8.48509,-0.0585451,0.00319917,0
8.48613,-0.0585449,0.00320083,0
8.48709,-0.0585451,0.00319917,0
8.48805,-0.0585452,0.00319853,0
8.48911,-0.0585452,0.00319829,0
8.49008,-0.058545,0.00320049,0
8.49105,-0.0585451,0.00319904,0
8.4921,-0.0585449,0.00320078,0
8.49308,-0.0585451,0.00319914,0
8.49409,-0.0585449,0.00320081,0
8.49511,-0.0585451,0.00319916,0
8.49618,-0.0585451,0.00319852,0
8.4971,-0.0585451,0.00319828,0
8.4981,-0.058545,0.00320048,0
8.4991,-0.0585451,0.00319903,0
8.50019,-0.0585451,0.00319847,0
8.50109,-0.0585451,0.00319826,0
8.50219,-0.0585449,0.00320047,0
8.50318,-0.0585449,0.00320132,0
8.50416,-0.0585448,0.00320164,0
8.5051,-0.058545,0.00319946,0
8.50613,-0.0585449,0.00320093,0
8.50708,-0.058545,0.00319919,0
8.5081,-0.0585449,0.00320082,0
8.50913,-0.058545,0.00319915,0
8.51007,-0.0585449,0.00320081,0
8.51109,-0.058545,0.00319914,0
8.51207,-0.0585449,0.0032008,0
8.5131,-0.058545,0.00319914,0
8.51413,-0.0585449,0.0032008,0
8.51507,-0.0585448,0.00320143,0
8.51608,-0.0585448,0.00320167,0
8.51715,-0.058545,0.00319947,0
8.51809,-0.0585451,0.00319863,0
8.51909,-0.0585451,0.00319831,0
8.52012,-0.0585449,0.00320048,0
8.52111,-0.058545,0.00319901,0
8.52204,-0.0585451,0.00319845,0
8.52317,-0.0585451,0.00319823,0
8.52418,-0.0585449,0.00320045,0
8.52511,-0.058545,0.003199,0
8.52647,-0.0585448,0.00320074,0
8.52709,-0.058545,0.0031991,0
8.52809,-0.0585448,0.00320078,0
8.5291,-0.058545,0.00319912,0
8.53011,-0.0585448,0.00320078,0
8.53108,-0.058545,0.00319912,0
8.53211,-0.0585448,0.00320078,0
8.53309,-0.058545,0.00319912,0
8.53409,-0.0585448,0.00320078,0
8.5351,-0.058545,0.00319912,0
8.53613,-0.0585448,0.00320077,0
8.53709,-0.0585449,0.00319911,0
8.53812,-0.0585448,0.00320077,0
8.53911,-0.0585449,0.00319911,0
8.54016,-0.0585448,0.00320077,0
8.5411,-0.0585449,0.00319911,0
8.54217,-0.0585448,0.00320077,0
8.54306,-0.0585447,0.0032014,0
8.54413,-0.0585447,0.00320164,0
8.54511,-0.0585449,0.00319944,0
8.54613,-0.0585448,0.00320089,0
8.5471,-0.0585449,0.00319915,0
8.54816,-0.0585447,0.00320078,0
8.54918,-0.0585449,0.00319911,0
8.55004,-0.058545,0.00319847,0
8.55105,-0.0585448,0.00320052,0
8.5521,-0.0585449,0.00319901,0
8.55308,-0.058545,0.00319843,0
8.55411,-0.058545,0.0031982,0
8.55508,-0.0585448,0.00320041,0
8.55606,-0.0585447,0.00320126,0
8.55709,-0.0585449,0.00319928,0
8.55808,-0.0585447,0.00320082,0
8.55904,-0.0585449,0.00319912,0
8.56006,-0.0585449,0.00319847,0
8.56108,-0.0585447,0.00320051,0
8.56216,-0.0585449,0.003199,0
8.56316,-0.0585447,0.00320071,0
8.56407,-0.0585449,0.00319907,0
8.56515,-0.0585447,0.00320074,0
8.56611,-0.0585448,0.00319908,0
8.56708,-0.0585447,0.00320074,0
8.56819,-0.0585449,0.00319908,0
8.56917,-0.0585447,0.00320074,0
8.57009,-0.0585449,0.00319908,0
8.57112,-0.0585447,0.00320074,0
8.57216,-0.0585448,0.00319908,0
8.57308,-0.0585447,0.00320074,0
8.57417,-0.0585448,0.00319907,0
8.57511,-0.0585447,0.00320073,0
8.57631,-0.0585448,0.00319907,0
8.57713,-0.0585447,0.00320073,0
8.57823,-0.0585448,0.00319907,0
8.57907,-0.0585447,0.00320073,0
8.5801,-0.0585448,0.00319907,0
8.5811,-0.0585447,0.00320073,0
8.58209,-0.0585448,0.00319906,0
8.58335,-0.0585447,0.00320073,0
8.58412,-0.0585448,0.00319906,0
8.58507,-0.0585446,0.00320072,0
8.58608,-0.0585448,0.00319906,0
8.5871,-0.0585446,0.00320072,0
8.58813,-0.0585448,0.00319906,0
8.58909,-0.0585446,0.00320072,0
8.59006,-0.0585448,0.00319906,0
8.59108,-0.0585446,0.00320071,0
8.59223,-0.0585448,0.00319906,0
8.59313,-0.0585446,0.00320071,0
8.5941,-0.0585448,0.00319905,0
8.59509,-0.0585446,0.00320071,0
8.59609,-0.0585448,0.00319905,0
8.59709,-0.0585446,0.00320071,0
8.59814,-0.0585448,0.00319905,0
8.59909,-0.0585446,0.00320071,0
8.6001,-0.0585447,0.00319904,0
8.60109,-0.0585446,0.0032007,0
8.60209,-0.0585448,0.00319905,0
8.60317,-0.0585446,0.0032007,0
8.60407,-0.0585447,0.00319904,0
8.60509,-0.0585446,0.0032007,0
8.60611,-0.0585447,0.00319904,0
8.60708,-0.0585446,0.0032007,0
8.6081,-0.0585447,0.00319904,0
8.6091,-0.0585446,0.00320069,0
8.61009,-0.0585447,0.00319903,0
8.61108,-0.0585446,0.0032007,0
8.61208,-0.0585447,0.00319903,0
8.6131,-0.0585446,0.00320069,0
8.61409,-0.0585447,0.00319903,0
8.61509,-0.0585446,0.00320069,0
8.61608,-0.0585447,0.00319903,0
8.61708,-0.0585445,0.00320069,0
8.61809,-0.0585447,0.00319902,0
8.61912,-0.0585445,0.00320068,0
8.62007,-0.0585447,0.00319902,0
8.62107,-0.0585445,0.00320068,0
8.62206,-0.0585447,0.00319902,0
8.62307,-0.0585445,0.00320068,0
8.62406,-0.0585447,0.00319902,0
8.62507,-0.0585445,0.00320068,0
8.62608,-0.0585447,0.00319902,0
8.62709,-0.0585445,0.00320067,0
8.62807,-0.0585447,0.00319901,0
8.62907,-0.0585445,0.00320068,0
8.63008,-0.0585447,0.00319901,0
8.63108,-0.0585445,0.00320067,0
8.63207,-0.0585447,0.00319901,0
8.63308,-0.0585445,0.00320067,0
8.63413,-0.0585447,0.00319901,0
8.63508,-0.0585445,0.00320067,0
8.63609,-0.0585446,0.00319901,0
8.63709,-0.0585445,0.00320066,0
8.6381,-0.0585446,0.003199,0
8.63908,-0.0585445,0.00320066,0
8.64008,-0.0585446,0.003199,0
8.64108,-0.0585445,0.00320066,0
8.6421,-0.0585444,0.0032013,0
8.64307,-0.0585444,0.00320153,0
8.64408,-0.0585446,0.00319933,0
8.64508,-0.0585445,0.00320078,0
8.64607,-0.0585446,0.00319905,0
8.64707,-0.0585445,0.00320067,0
8.64832,-0.0585446,0.003199,0
8.64909,-0.0585445,0.00320065,0
8.65009,-0.0585446,0.00319899,0
8.65109,-0.0585444,0.00320065,0
8.65208,-0.0585446,0.00319899,0
8.6531,-0.0585444,0.00320065,0
8.6545,-0.0585446,0.00319899,0
8.65509,-0.0585444,0.00320065,0
8.65609,-0.0585446,0.00319898,0
8.65709,-0.0585444,0.00320064,0
8.6581,-0.0585446,0.00319898,0
8.6594,-0.0585444,0.00320064,0
8.66007,-0.0585446,0.00319898,0
8.66108,-0.0585444,0.00320064,0
8.66209,-0.0585446,0.00319898,0
8.66308,-0.0585444,0.00320064,0
8.66408,-0.0585446,0.00319897,0
8.66507,-0.0585444,0.00320063,0
8.66609,-0.0585446,0.00319897,0
8.66716,-0.0585444,0.00320063,0
8.66814,-0.0585446,0.00319897,0
8.66914,-0.0585444,0.00320063,0
8.6701,-0.0585445,0.00319897,0
8.67111,-0.0585444,0.00320063,0
8.67212,-0.0585445,0.00319897,0
8.67316,-0.0585444,0.00320063,0
8.67409,-0.0585445,0.00319896,0
8.6751,-0.0585444,0.00320062,0
8.67618,-0.0585445,0.00319896,0
8.67721,-0.0585444,0.00320062,0
8.67817,-0.0585445,0.00319896,0
8.67909,-0.0585444,0.00320062,0
8.68015,-0.0585445,0.00319896,0
8.68111,-0.0585444,0.00320062,0
8.68208,-0.0585443,0.00320125,0
8.68309,-0.0585445,0.0031992,0
8.6841,-0.0585446,0.00319841,0
8.68509,-0.0585444,0.00320041,0
8.68613,-0.0585445,0.00319887,0
8.68707,-0.0585443,0.00320058,0
8.6881,-0.0585445,0.00319893,0
8.6891,-0.0585443,0.0032006,0
8.69008,-0.0585445,0.00319895,0
8.69109,-0.0585443,0.00320061,0
8.69207,-0.0585443,0.00320124,0
8.69308,-0.0585442,0.00320148,0
8.69411,-0.0585444,0.00319928,0
8.69507,-0.0585443,0.00320073,0
8.69609,-0.0585445,0.00319899,0
8.69712,-0.0585443,0.00320062,0
8.69809,-0.0585445,0.00319894,0
8.69913,-0.0585443,0.0032006,0
8.70008,-0.0585445,0.00319894,0
8.70111,-0.0585443,0.0032006,0
8.70209,-0.0585444,0.00319893,0
8.70309,-0.0585445,0.0031983,0
8.7041,-0.0585445,0.00319805,0
8.70512,-0.0585443,0.00320026,0
8.70607,-0.0585444,0.0031988,0
8.70714,-0.0585443,0.00320054,0
8.7081,-0.0585444,0.00319891,0
8.70907,-0.0585443,0.00320058,0
8.71007,-0.0585442,0.00320122,0
8.71131,-0.0585442,0.00320146,0
8.71208,-0.0585444,0.00319926,0
8.71306,-0.0585445,0.00319842,0
8.71414,-0.0585443,0.00320039,0
8.71505,-0.0585444,0.00319885,0
8.71606,-0.0585443,0.00320055,0
8.71735,-0.0585444,0.00319891,0
8.71811,-0.0585442,0.00320057,0
8.71907,-0.0585444,0.00319891,0
8.72015,-0.0585443,0.00320058,0
8.72116,-0.0585444,0.00319891,0
8.72207,-0.0585442,0.00320057,0
8.72311,-0.0585444,0.00319891,0
8.72412,-0.0585442,0.00320057,0
8.72511,-0.0585444,0.00319891,0
8.72619,-0.0585442,0.00320057,0
8.72709,-0.0585444,0.00319891,0
8.7281,-0.0585442,0.00320057,0
8.72918,-0.0585444,0.0031989,0
8.73022,-0.0585442,0.00320056,0
8.73116,-0.0585444,0.0031989,0
8.73224,-0.0585442,0.00320056,0
8.73313,-0.0585444,0.0031989,0
8.73409,-0.0585444,0.00319827,0
8.73525,-0.0585442,0.00320032,0
8.73611,-0.0585444,0.00319881,0
8.73714,-0.0585444,0.00319823,0
8.73811,-0.0585442,0.0032003,0
8.73907,-0.0585443,0.00319879,0
8.74013,-0.0585442,0.00320052,0
8.74108,-0.0585443,0.00319888,0
8.74208,-0.0585442,0.00320055,0
8.7431,-0.0585443,0.00319889,0
8.7441,-0.0585442,0.00320055,0
8.74513,-0.0585443,0.00319889,0
8.74615,-0.0585442,0.00320055,0
8.74709,-0.0585443,0.00319888,0
8.7481,-0.0585442,0.00320054,0
8.74909,-0.0585443,0.00319888,0
8.75009,-0.0585441,0.00320054,0
8.75107,-0.0585441,0.00320118,0
8.75212,-0.0585441,0.00320142,0
8.75308,-0.0585443,0.00319921,0
8.75406,-0.0585441,0.00320067,0
8.75508,-0.0585443,0.00319892,0
8.75608,-0.0585441,0.00320055,0
8.75708,-0.0585441,0.00320117,0
8.75805,-0.058544,0.00320141,0
8.75909,-0.0585442,0.00319921,0
8.76011,-0.0585441,0.00320066,0
8.76107,-0.0585441,0.00320121,0
8.76211,-0.058544,0.00320142,0
8.76311,-0.0585442,0.00319921,0
8.76408,-0.0585441,0.00320066,0
8.7651,-0.0585443,0.00319892,0
8.76614,-0.0585443,0.00319825,0
8.76709,-0.0585443,0.00319799,0
8.7681,-0.0585441,0.00320019,0
8.76908,-0.0585443,0.00319873,0
8.77037,-0.0585441,0.00320047,0
8.77145,-0.0585442,0.00319884,0
8.77231,-0.0585443,0.00319822,0
8.77308,-0.0585443,0.00319798,0
8.77409,-0.0585441,0.00320018,0
8.77509,-0.058544,0.00320102,0
8.77611,-0.058544,0.00320134,0
8.77712,-0.0585442,0.00319917,0
8.77808,-0.058544,0.00320063,0
8.77911,-0.0585442,0.0031989,0
8.78044,-0.0585441,0.00320053,0
8.78108,-0.0585442,0.00319885,0
8.78208,-0.058544,0.00320051,0
8.78319,-0.058544,0.00320114,0
8.78415,-0.058544,0.00320138,0
8.78514,-0.0585442,0.00319918,0
8.78608,-0.058544,0.00320063,0
8.78707,-0.0585442,0.00319889,0
8.78809,-0.058544,0.00320052,0
8.78911,-0.0585442,0.00319885,0
8.79012,-0.058544,0.0032005,0
8.79111,-0.0585442,0.00319884,0
8.79208,-0.058544,0.0032005,0
8.7931,-0.0585442,0.00319883,0
8.79412,-0.058544,0.00320049,0
8.79511,-0.0585442,0.00319883,0
8.79611,-0.0585442,0.0031982,0
8.79709,-0.0585442,0.00319795,0
8.79808,-0.0585442,0.00319786,0
8.79911,-0.0585442,0.00319782,0
8.80009,-0.058544,0.0032001,0
8.80123,-0.0585442,0.00319868,0
8.80217,-0.0585442,0.00319813,0
8.80309,-0.058544,0.00320022,0
8.80414,-0.0585439,0.00320102,0
8.80515,-0.0585441,0.00319903,0
8.80604,-0.0585442,0.00319826,0
8.80711,-0.058544,0.00320027,0
8.80814,-0.0585441,0.00319874,0
8.80906,-0.058544,0.00320045,0
8.81011,-0.0585441,0.0031988,0
8.81112,-0.058544,0.00320047,0
8.8121,-0.0585439,0.00320111,0
8.8131,-0.0585441,0.00319905,0
8.81408,-0.0585439,0.00320056,0
8.81504,-0.0585441,0.00319884,0
8.81602,-0.0585439,0.00320048,0
8.81702,-0.0585441,0.00319881,0
8.81813,-0.0585439,0.00320047,0
8.81907,-0.0585441,0.00319881,0
8.82003,-0.0585439,0.00320047,0
8.82105,-0.0585441,0.0031988,0
8.82205,-0.0585441,0.00319817,0
8.82307,-0.0585439,0.00320022,0
8.82406,-0.0585441,0.00319871,0
8.82505,-0.0585439,0.00320043,0
8.82608,-0.0585441,0.00319879,0
8.82715,-0.0585439,0.00320045,0
8.8281,-0.0585441,0.00319879,0
8.82908,-0.0585439,0.00320046,0
8.83012,-0.0585441,0.0031988,0
8.83115,-0.0585439,0.00320045,0
8.83216,-0.0585441,0.00319879,0
8.83309,-0.0585439,0.00320045,0
8.83409,-0.058544,0.00319879,0
8.83512,-0.0585439,0.00320045,0
8.83608,-0.058544,0.00319879,0
8.83706,-0.0585439,0.00320045,0
8.83813,-0.058544,0.00319879,0
8.83907,-0.0585439,0.00320045,0
8.84008,-0.058544,0.00319879,0
8.84113,-0.0585439,0.00320044,0
8.84213,-0.058544,0.00319878,0
8.84343,-0.0585439,0.00320044,0
8.84413,-0.058544,0.00319878,0
8.84509,-0.0585439,0.00320044,0
8.84618,-0.058544,0.00319878,0
8.84715,-0.0585438,0.00320044,0
8.84817,-0.058544,0.00319877,0
8.84919,-0.0585439,0.00320044,0
8.85033,-0.058544,0.00319877,0
8.85114,-0.0585438,0.00320043,0
8.85212,-0.058544,0.00319877,0
8.85311,-0.0585438,0.00320043,0
8.85413,-0.058544,0.00319877,0
8.85513,-0.0585438,0.00320043,0
8.85611,-0.058544,0.00319876,0
8.85719,-0.0585438,0.00320043,0
8.85826,-0.058544,0.00319876,0
8.85916,-0.0585438,0.00320042,0
