Timestamp,X_obj,Y_obj
0.0096946,0.000235802,0.000164944,0
0.00980296,0.000235799,0.000164943,0
0.0102608,0.000237107,0.000158953,0
0.0107801,0.000235825,0.000164955,0
0.0118357,0.000237104,0.000158952,0
0.0127584,0.000235822,0.000164954,0
0.0137894,0.000237102,0.000158952,0
0.0148068,0.000235819,0.000164953,0
0.01578,0.00023707,0.000158939,0
0.016853,0.000235816,0.000164953,0
0.0177775,0.000237096,0.00015895,0
0.0187719,0.000235813,0.000164952,0
0.0198254,0.000237093,0.00015895,0
0.0207709,0.000235782,0.000164939,0
0.0217894,0.000237061,0.000158937,0
0.0227663,0.000235808,0.000164951,0
0.0237665,0.000237059,0.000158936,0
0.0248337,0.000235777,0.000164938,0
0.0257898,0.000237056,0.000158936,0
0.0267818,0.000235802,0.00016495,0
0.0277603,0.000237082,0.000158947,0
0.0287715,0.000235771,0.000164937,0
0.0299263,0.000237051,0.000158934,0
0.0307622,0.000235796,0.000164948,0
0.031779,0.000237076,0.000158946,0
0.0327792,0.000235794,0.000164948,0
0.0337694,0.000237045,0.000158933,0
0.0347726,0.000235791,0.000164947,0
0.035816,0.000237041,0.000158932,0
0.0367667,0.000235788,0.000164947,0
0.0377831,0.000237038,0.000158932,0
0.0387833,0.000235785,0.000164946,0
0.0398114,0.000237065,0.000158943,0
0.0409985,0.000235782,0.000164945,0
0.041768,0.000237033,0.000158931,0
0.0427956,0.000235779,0.000164945,0
0.0437699,0.000237059,0.000158942,0
0.0447736,0.000235777,0.000164944,0
0.0457613,0.000237056,0.000158942,0
0.0467665,0.000235745,0.000164931,0
0.047778,0.000237053,0.000158941,0
0.0488414,0.000235743,0.000164931,0
0.0498416,0.000237022,0.000158928,0
0.0508454,0.000235768,0.000164942,0
0.0518508,0.000237019,0.000158928,0
0.0528904,0.000235737,0.000164929,0
0.0538068,0.000237016,0.000158927,0
0.0547991,0.000235734,0.000164929,0
0.0558239,0.000237013,0.000158926,0
0.0568148,0.00023576,0.00016494,0
0.057809,0.000237011,0.000158926,0
0.058831,0.000235757,0.00016494,0
0.0597805,0.000237065,0.000158949,0
0.0608395,0.000235773,0.000164942,0
0.0617998,0.00023699,0.000158922,0
0.0627689,0.000235746,0.000164937,0
0.0637905,0.000237002,0.000158924,0
0.064871,0.000235719,0.000164925,0
0.0657752,0.000237028,0.000158935,0
0.0668548,0.000235697,0.000164922,0
0.0677893,0.000237033,0.000158929,0
0.0687627,0.000235703,0.000164922,0
0.0697947,0.00023697,0.000158918,0
0.0708337,0.000235726,0.000164926,0
0.0717681,0.000236995,0.000158922,0
0.0727913,0.000235709,0.000164923,0
0.0737677,0.000235709,0.000164923,0
0.0747663,0.000235734,0.000164935,0
0.075858,0.000236984,0.00015892,0
0.0768002,0.000235721,0.000164925,0
0.0778495,0.000236995,0.000158929,0
0.0788867,0.000236995,0.000158929,0
0.0797614,0.000237043,0.000158937,0
0.0808669,0.000235685,0.000164918,0
0.0818021,0.000236972,0.000158917,0
0.0828068,0.000235693,0.00016492,0
0.0837847,0.000235693,0.00016492,0
0.0848345,0.000236925,0.000158902,0
0.0857679,0.000237005,0.00015893,0
0.0867956,0.000235737,0.000164934,0
0.0877717,0.000236971,0.000158917,0
0.0887641,0.000235673,0.000164923,0
0.089722,0.000236998,0.000158929,0
0.0907577,0.000235715,0.00016493,0
0.0918143,0.000236988,0.000158927,0
0.0927236,0.000236993,0.000158928,0
0.0937236,0.000236953,0.000158921,0
0.0947943,0.000235688,0.000164918,0
0.0958146,0.00023696,0.000158914,0
0.0968725,0.000235684,0.000164924,0
0.0978016,0.000236989,0.000158919,0
0.0988314,0.00023566,0.000164913,0
0.099774,0.000236956,0.000158921,0
0.100767,0.000235702,0.00016492,0
0.10198,0.000235707,0.00016492,0
0.102737,0.00023567,0.000164922,0
0.103796,0.000237008,0.000158929,0
0.104805,0.0002357,0.000164927,0
0.105912,0.0002357,0.000164927,0
0.106737,0.000235649,0.00016491,0
0.108116,0.000235682,0.000164924,0
0.109161,0.000236967,0.000158922,0
0.109925,0.000235686,0.000164924,0
0.1109,0.000236966,0.000158922,0
0.111948,0.000235683,0.000164923,0
0.11307,0.000236963,0.000158921,0
0.113898,0.00023568,0.000164923,0
0.115399,0.00023568,0.000164923,0
0.116161,0.000235706,0.000164934,0
0.116989,0.000235706,0.000164934,0
0.118091,0.000235723,0.000164937,0
0.118732,0.000235723,0.000164937,0
0.11983,0.000235657,0.000164911,0
0.12097,0.000236886,0.0001589,0
0.122258,0.000236886,0.0001589,0
0.122916,0.000236985,0.000158924,0
0.124004,0.000235673,0.00016492,0
0.124719,0.000236914,0.000158905,0
0.1264,0.00023689,0.000158893,0
0.127828,0.000236942,0.000158916,0
0.129381,0.000235659,0.000164918,0
0.12976,0.000235656,0.000164916,0
0.130945,0.00023566,0.000164918,0
0.132073,0.000236915,0.000158912,0
0.133235,0.000236957,0.000158927,0
0.134076,0.000236934,0.000158915,0
0.134928,0.000235652,0.000164916,0
0.135991,0.000236927,0.000158914,0
0.137083,0.00023563,0.000164913,0
0.138308,0.00023563,0.000164913,0
0.139322,0.00023563,0.000164913,0
0.139866,0.000236926,0.000158913,0
0.141195,0.000235668,0.000164919,0
0.141884,0.000235615,0.000164902,0
0.14288,0.000235635,0.000164912,0
0.144109,0.000236939,0.000158915,0
0.144876,0.000236939,0.000158915,0
0.146126,0.000235592,0.000164898,0
0.147173,0.000236912,0.00015891,0
0.148039,0.000235633,0.000164912,0
0.148905,0.000236933,0.000158914,0
0.149955,0.000235616,0.000164909,0
0.150937,0.000236907,0.000158909,0
0.152099,0.000235657,0.000164924,0
0.152852,0.000236929,0.000158913,0
0.154047,0.00023563,0.000164911,0
0.154912,0.000236934,0.000158921,0
0.155847,0.000235592,0.000164897,0
0.156825,0.000236881,0.000158904,0
0.157817,0.000235596,0.000164905,0
0.158895,0.000236917,0.00015891,0
0.159901,0.000235596,0.000164898,0
0.16086,0.0002369,0.000158907,0
0.161808,0.000235616,0.000164908,0
0.162768,0.000236895,0.000158906,0
0.164055,0.000235583,0.000164895,0
0.164882,0.000236892,0.000158905,0
0.1658,0.000235609,0.000164907,0
0.166893,0.000236889,0.000158905,0
0.167873,0.000235606,0.000164906,0
0.168852,0.000236886,0.000158904,0
0.169848,0.000235603,0.000164906,0
0.170833,0.000236883,0.000158903,0
0.17182,0.000235601,0.000164905,0
0.172862,0.00023688,0.000158903,0
0.173821,0.000235598,0.000164904,0
0.174795,0.000236877,0.000158902,0
0.175822,0.000235595,0.000164904,0
0.176807,0.000236874,0.000158902,0
0.177867,0.000235592,0.000164903,0
0.17875,0.000236872,0.000158901,0
0.179833,0.000235589,0.000164903,0
0.181002,0.000236869,0.0001589,0
0.181848,0.000235586,0.000164902,0
0.182885,0.000236866,0.0001589,0
0.183874,0.000235584,0.000164901,0
0.184896,0.000236863,0.000158899,0
0.185724,0.000235581,0.000164901,0
0.186852,0.00023686,0.000158898,0
0.187905,0.000235578,0.0001649,0
0.188782,0.000236857,0.000158898,0
0.189765,0.00023685,0.000158897,0
0.190982,0.000236855,0.000158897,0
0.191937,0.000235572,0.000164899,0
0.19275,0.000236852,0.000158897,0
0.193774,0.000235569,0.000164898,0
0.195084,0.00023682,0.000158884,0
0.19602,0.000235566,0.000164897,0
0.196778,0.000236846,0.000158895,0
0.198287,0.00023556,0.000164895,0
0.199058,0.000236863,0.000158898,0
0.199884,0.000235544,0.000164893,0
0.200855,0.000236787,0.000158878,0
0.202115,0.000235573,0.000164898,0
0.202921,0.000236843,0.000158894,0
0.20383,0.000235556,0.000164895,0
0.204857,0.000236835,0.000158893,0
0.206135,0.000235552,0.000164894,0
0.207513,0.000236832,0.000158892,0
0.207873,0.000235549,0.000164894,0
0.208929,0.000236829,0.000158892,0
0.20985,0.000235547,0.000164893,0
0.210782,0.000236826,0.000158891,0
0.211974,0.000235515,0.00016488,0
0.212941,0.000236823,0.00015889,0
0.213905,0.000235541,0.000164892,0
0.214896,0.000236792,0.000158878,0
0.215892,0.000235518,0.000164888,0
0.216846,0.000236834,0.000158892,0
0.217975,0.00023556,0.000164895,0
0.219054,0.0002368,0.000158886,0
0.219785,0.000235527,0.000164889,0
0.220823,0.000236811,0.000158888,0
0.221861,0.00023553,0.000164889,0
0.222768,0.000236809,0.000158887,0
0.224065,0.000235498,0.000164877,0
0.225003,0.000236797,0.000158878,0
0.225939,0.000235474,0.000164871,0
0.227106,0.000235479,0.000164873,0
0.228196,0.000235483,0.000164873,0
0.229501,0.000235539,0.000164891,0
0.230191,0.000236834,0.000158898,0
0.230919,0.000235565,0.000164902,0
0.231848,0.000236838,0.000158906,0
0.232802,0.000235508,0.000164885,0
0.23389,0.000236753,0.000158877,0
0.234917,0.000235486,0.000164881,0
0.236137,0.000236831,0.00015889,0
0.236935,0.000235523,0.000164887,0
0.238099,0.000236792,0.000158883,0
0.23886,0.000235478,0.000164872,0
0.239846,0.000236758,0.00015887,0
0.24098,0.000235504,0.000164884,0
0.241857,0.000236755,0.000158869,0
0.242924,0.000235472,0.000164871,0
0.243806,0.000236781,0.000158881,0
0.244883,0.000235518,0.000164886,0
0.246181,0.000236752,0.000158869,0
0.246745,0.000235455,0.000164875,0
0.24793,0.000236766,0.000158878,0
0.248913,0.000235509,0.000164883,0
0.250178,0.000235514,0.000164885,0
0.250837,0.000235393,0.000164848,0
0.251865,0.000236728,0.000158865,0
0.253071,0.000235526,0.000164887,0
0.253784,0.000236771,0.000158879,0
0.254793,0.000236776,0.000158879,0
0.255838,0.000235406,0.000164851,0
0.25708,0.000236695,0.000158852,0
0.258364,0.000235466,0.000164868,0
0.259114,0.000235499,0.000164882,0
0.259994,0.000236784,0.000158881,0
0.261271,0.000235461,0.000164875,0
0.262057,0.000236731,0.000158871,0
0.262864,0.000235442,0.000164864,0
0.263862,0.000236775,0.000158879,0
0.26519,0.000235458,0.000164874,0
0.26608,0.00023673,0.000158871,0
0.267096,0.000235487,0.000164879,0
0.267795,0.000236728,0.000158863,0
0.268982,0.000235469,0.000164876,0
0.269803,0.000236747,0.000158874,0
0.270863,0.000235465,0.000164875,0
0.27219,0.000236744,0.000158873,0
0.273144,0.000235462,0.000164874,0
0.273964,0.000236741,0.000158872,0
0.274812,0.00023543,0.000164861,0
0.275784,0.000236709,0.000158859,0
0.276788,0.000235427,0.000164861,0
0.277773,0.000236706,0.000158859,0
0.278817,0.000235424,0.00016486,0
0.279771,0.000236703,0.000158858,0
0.28113,0.000235421,0.00016486,0
0.281862,0.000236701,0.000158857,0
0.282764,0.000235418,0.000164859,0
0.283803,0.000236698,0.000158857,0
0.284769,0.000235415,0.000164858,0
0.285773,0.000236696,0.000158856,0
0.28684,0.000235413,0.000164858,0
0.287786,0.000236692,0.000158856,0
0.288788,0.00023541,0.000164857,0
0.28981,0.00023669,0.000158855,0
0.290878,0.000235407,0.000164856,0
0.29179,0.000236686,0.000158854,0
0.292778,0.000235404,0.000164856,0
0.293892,0.000236712,0.000158866,0
0.295238,0.000235401,0.000164855,0
0.295824,0.000236681,0.000158853,0
0.297118,0.000235398,0.000164855,0
0.297748,0.000236673,0.000158852,0
0.29889,0.000235424,0.000164866,0
0.299833,0.000236724,0.000158868,0
0.300788,0.000235425,0.000164866,0
0.301835,0.000236651,0.000158848,0
0.302819,0.000235393,0.00016486,0
0.304098,0.000236714,0.000158866,0
0.304851,0.000235412,0.000164856,0
0.30598,0.000236662,0.000158856,0
0.30685,0.000236662,0.000158856,0
0.308073,0.000235429,0.000164866,0
0.308822,0.000236716,0.000158866,0
0.309741,0.000235386,0.000164852,0
0.310968,0.000235413,0.000164862,0
0.311835,0.000236706,0.000158864,0
0.312885,0.000236711,0.000158864,0
0.313905,0.00023539,0.000164859,0
0.314963,0.000235397,0.000164859,0
0.316544,0.000235401,0.000164861,0
0.317117,0.000236682,0.000158859,0
0.318097,0.0002354,0.000164861,0
0.319206,0.000236679,0.000158859,0
0.319877,0.000235397,0.00016486,0
0.320943,0.000236676,0.000158858,0
0.322346,0.000235394,0.000164859,0
0.323243,0.000236673,0.000158857,0
0.323935,0.000235391,0.000164859,0
0.325377,0.000236665,0.000158856,0
0.325899,0.000235388,0.000164858,0
0.326814,0.000236667,0.000158856,0
0.328069,0.00023538,0.000164855,0
0.329014,0.000235356,0.000164845,0
0.329968,0.00023664,0.000158845,0
0.331103,0.000236628,0.000158842,0
0.331918,0.000236632,0.000158842,0
0.335318,0.000235417,0.000164862,0
0.337002,0.000236675,0.000158864,0
0.338088,0.00023534,0.000164842,0
0.33887,0.00023537,0.000164854,0
0.339806,0.00023664,0.000158843,0
0.341021,0.000235342,0.000164842,0
0.341951,0.000235342,0.000164842,0
0.342804,0.000236578,0.000158833,0
0.344005,0.000236578,0.000158833,0
0.344846,0.000235365,0.000164846,0
0.345874,0.000236604,0.000158837,0
0.346886,0.000235349,0.000164843,0
0.347785,0.000236615,0.000158839,0
0.348889,0.000235305,0.000164834,0
0.349864,0.00023531,0.000164836,0
0.350848,0.000235355,0.00016485,0
0.352077,0.00023536,0.000164852,0
0.352728,0.000236616,0.000158846,0
0.353874,0.000236581,0.000158833,0
0.35478,0.000235368,0.000164853,0
0.355925,0.000236652,0.000158852,0
0.356921,0.000235334,0.000164847,0
0.357811,0.000236618,0.000158846,0
0.35899,0.000235315,0.000164836,0
0.359814,0.000235315,0.000164836,0
0.3609,0.00023661,0.000158845,0
0.361761,0.000235359,0.000164851,0
0.362774,0.000235325,0.000164845,0
0.364051,0.000236609,0.000158844,0
0.364984,0.000235335,0.000164847,0
0.365774,0.000235335,0.000164847,0
0.367066,0.000236588,0.000158833,0
0.367834,0.000236613,0.000158844,0
0.368884,0.000236613,0.000158844,0
0.37015,0.000236606,0.000158843,0
0.371284,0.000236611,0.000158844,0
0.372199,0.000235299,0.000164833,0
0.372788,0.000235337,0.000164845,0
0.373917,0.000235341,0.000164847,0
0.37499,0.000236629,0.000158846,0
0.375891,0.000236592,0.00015884,0
0.37676,0.000235318,0.000164843,0
0.377779,0.000236599,0.000158841,0
0.378704,0.000235288,0.00016483,0
0.379788,0.000236577,0.000158837,0
0.380797,0.000235326,0.000164843,0
0.381883,0.000236613,0.000158844,0
0.382732,0.000236589,0.000158832,0
0.384694,0.000235276,0.000164835,0
0.385187,0.000236601,0.000158841,0
0.38614,0.000235327,0.000164843,0
0.387048,0.000235303,0.000164832,0
0.388511,0.000235303,0.000164832,0
0.388794,0.000235284,0.000164836,0
0.389908,0.000236612,0.000158843,0
0.390907,0.000236588,0.000158831,0
0.391775,0.000236588,0.000158831,0
0.392895,0.000235279,0.000164828,0
0.393766,0.000235279,0.000164828,0
0.394858,0.000236511,0.000158818,0
0.396014,0.000235274,0.000164826,0
0.396849,0.000236553,0.000158825,0
0.397791,0.000235268,0.000164826,0
0.398909,0.000236528,0.00015882,0
0.399756,0.00023529,0.000164837,0
0.400831,0.000236546,0.000158823,0
0.401817,0.000235284,0.000164828,0
0.402793,0.000236528,0.00015882,0
0.403858,0.000235236,0.00016482,0
0.405136,0.000235236,0.00016482,0
0.405886,0.000236527,0.000158812,0
0.406798,0.000235263,0.000164824,0
0.407702,0.000236533,0.000158821,0
0.408807,0.000235269,0.000164824,0
0.409811,0.000236513,0.000158818,0
0.410995,0.000236518,0.000158818,0
0.411787,0.000235294,0.000164837,0
0.412869,0.000236562,0.000158833,0
0.413811,0.000235256,0.00016483,0
0.415091,0.000236523,0.000158819,0
0.415768,0.000235274,0.000164833,0
0.416948,0.000236555,0.000158831,0
0.417836,0.000235272,0.000164832,0
0.418845,0.000236552,0.000158831,0
0.419767,0.000235269,0.000164832,0
0.42088,0.000236519,0.000158818,0
0.421798,0.000235266,0.000164831,0
0.422869,0.000236545,0.000158829,0
0.42375,0.000235263,0.00016483,0
0.424879,0.000236542,0.000158829,0
0.425934,0.00023526,0.00016483,0
0.426977,0.00023654,0.000158828,0
0.427827,0.000235229,0.000164817,0
0.42893,0.000236537,0.000158827,0
0.429911,0.000235254,0.000164829,0
0.430748,0.000236534,0.000158827,0
0.431777,0.000235222,0.000164816,0
0.432902,0.000236531,0.000158826,0
0.433861,0.000235229,0.000164824,0
0.434801,0.000236554,0.000158837,0
0.435904,0.000235247,0.000164827,0
0.43687,0.000236547,0.000158828,0
0.437882,0.000235258,0.000164836,0
0.439042,0.00023652,0.000158824,0
0.439772,0.00023524,0.000164825,0
0.440858,0.000236521,0.000158824,0
0.441798,0.000235258,0.000164828,0
0.442831,0.000236521,0.000158824,0
0.443867,0.000235233,0.000164824,0
0.444932,0.000236512,0.000158822,0
0.446096,0.00023523,0.000164823,0
0.446774,0.00023651,0.000158821,0
0.447792,0.000235199,0.000164811,0
0.448818,0.000236507,0.000158821,0
0.449773,0.000235225,0.000164822,0
0.450887,0.000236505,0.00015882,0
0.451787,0.000235223,0.000164822,0
0.452815,0.000236502,0.00015882,0
0.454315,0.000235215,0.000164819,0
0.45477,0.000236471,0.000158807,0
0.455778,0.000235188,0.000164808,0
0.456815,0.000236463,0.000158806,0
0.457775,0.000235185,0.000164807,0
0.458786,0.000236465,0.000158806,0
0.459952,0.000236465,0.000158806,0
0.460794,0.000236463,0.000158805,0
0.461863,0.00023518,0.000164806,0
0.463072,0.000236488,0.000158817,0
0.463842,0.000236488,0.000158817,0
0.465004,0.000235167,0.000164797,0
0.465907,0.00023644,0.000158801,0
0.46683,0.000235178,0.000164813,0
0.467847,0.000236517,0.000158821,0
0.468822,0.000235209,0.000164818,0
0.469771,0.00023646,0.000158811,0
0.470764,0.0180897,0.00349655,0
0.471902,0.0260781,0.00483253,0
0.47283,0.0304822,0.00614564,0
0.473755,0.0345786,0.00760657,0
0.474786,0.0389109,0.00898793,0
0.475997,0.0436687,0.0105842,0
0.476786,0.0480943,0.0119534,0
0.47784,0.0532333,0.0136421,0
0.479003,0.0565758,0.0145472,0
0.479777,0.059012,0.0152443,0
0.480907,0.0637384,0.0165822,0
0.481823,0.0653151,0.0169451,0
0.48277,0.0679339,0.01771,0
0.483766,0.0702216,0.0184831,0
0.484841,0.0722941,0.019044,0
0.48579,0.0766688,0.0218909,0
0.486888,0.0725609,0.0173546,0
0.487887,0.0763293,0.0198954,0
0.488835,0.0771823,0.0201538,0
0.489888,0.0805357,0.021161,0
0.490971,0.0808221,0.0210132,0
0.491928,0.0780277,0.0200612,0
0.492809,0.0776606,0.0198788,0
0.493981,0.0772064,0.0196267,0
0.494848,0.0794974,0.0218683,0
0.496093,0.072954,0.016577,0
0.496892,0.0749738,0.0185805,0
0.49779,0.0749738,0.0185805,0
0.498794,0.0729062,0.018052,0
0.499848,0.0717453,0.0176024,0
0.500805,0.0705304,0.0171572,0
0.50176,0.0692744,0.0166874,0
0.502765,0.070405,0.0184898,0
0.50383,0.064321,0.0135717,0
0.504763,0.0653107,0.0152116,0
0.505774,0.064061,0.0148492,0
0.506754,0.0627253,0.0145267,0
0.507779,0.0613723,0.0140678,0
0.508771,0.0600325,0.0136179,0
0.509944,0.0587112,0.013158,0
0.510775,0.0574088,0.0127266,0
0.511756,0.0579969,0.0142527,0
0.512914,0.0530501,0.00997285,0
0.513833,0.0536077,0.011386,0
0.514777,0.0536077,0.011386,0
0.515775,0.051277,0.0108186,0
0.516839,0.0501011,0.010457,0
0.517762,0.0490929,0.0100745,0
0.518807,0.0478431,0.00972231,0
0.51986,0.0496511,0.0114544,0
0.520804,0.0445845,0.00743669,0
0.521764,0.0433388,0.00879943,0
0.522802,0.0348644,0.00809182,0
0.523872,0.0348824,0.00799087,0
0.524846,0.0324513,0.00749859,0
0.525781,0.0303175,0.0068643,0
0.526793,0.0293963,0.00659609,0
0.527914,0.0295333,0.00664718,0
0.528963,0.0278994,0.00608659,0
0.529913,0.0278329,0.00614132,0
0.530789,0.0278329,0.00614132,0
0.531787,0.0263413,0.00566539,0
0.532781,0.0254514,0.00544298,0
0.533775,0.0238019,0.00504483,0
0.534771,0.0231985,0.00484339,0
0.53577,0.0233637,0.0047989,0
0.536777,0.0225696,0.00461127,0
0.537955,0.0210981,0.00427216,0
0.538747,0.0204226,0.00410672,0
0.539779,0.0206631,0.00414026,0
0.540758,0.0199154,0.00398555,0
0.541777,0.0187497,0.00367214,0
0.542793,0.0186923,0.0036586,0
0.543781,0.0174839,0.0033713,0
0.544806,0.0170675,0.00321822,0
0.545834,0.0170436,0.00318951,0
0.54683,0.0160974,0.00292881,0
0.547786,0.0161949,0.00289368,0
0.548914,0.0155705,0.00277508,0
0.54989,0.0144337,0.00263346,0
0.550962,0.0146757,0.00260149,0
0.551895,0.0140857,0.00248077,0
0.552917,0.0130938,0.00228494,0
0.554012,0.0128108,0.00215434,0
0.554985,0.0127688,0.00213956,0
0.555827,0.0118913,0.00195074,0
0.556855,0.0114754,0.00186099,0
0.557857,0.0112788,0.00173708,0
0.558787,0.0112323,0.00172594,0
0.559928,0.0104369,0.00156659,0
0.560796,0.0102304,0.00146811,0
0.561765,0.0101853,0.00145246,0
0.562943,0.00954665,0.00136961,0
0.563875,0.00945392,0.00136902,0
0.564914,0.00890272,0.0012128,0
0.565874,0.00876043,0.00127859,0
0.566699,0.00828803,0.00106077,0
0.567837,0.0083924,0.0010171,0
0.56906,0.0083924,0.0010171,0
0.569763,0.00785152,0.000866655,0
0.570887,0.00734301,0.000907549,0
0.571896,0.00691781,0.000711191,0
0.572759,0.00679171,0.000782598,0
0.573792,0.00619209,0.000686878,0
0.57478,0.00609833,0.000605311,0
0.575839,0.0060392,0.000594429,0
0.576784,0.00566677,0.000478175,0
0.577877,0.00566677,0.000478175,0
0.578905,0.00569657,0.000518846,0
0.579769,0.00553208,0.000390983,0
0.581,0.0053329,0.000324653,0
0.581881,0.00494734,0.000311257,0
0.58323,0.0046009,0.000211506,0
0.584103,0.00463494,0.00026228,0
0.584764,0.00463494,0.00026228,0
0.585921,0.00439088,0.000206111,0
0.586925,0.00456843,0.000174086,0
0.58834,0.0046253,0.000211125,0
0.589101,0.00396165,9.77795e-06,0
0.590088,0.00376602,3.99901e-05,0
0.590993,0.00376602,3.99901e-05,0
0.591811,0.0035972,4.75903e-06,0
0.593283,0.00324537,7.7275e-05,0
0.594118,0.00280732,0.000110825,0
0.59477,0.00281177,0.000179447,0
0.59589,0.00292719,0.000206462,0
0.596735,0.00265306,0.000275142,0
0.597777,0.00250453,0.000310432,0
0.598898,0.00250794,0.000307102,0
0.599875,0.00236554,0.000330474,0
0.600738,0.00222771,0.000361525,0
0.601934,0.00209157,0.000383358,0
0.602732,0.00175728,0.000358749,0
0.60377,0.00162375,0.000395057,0
0.604798,0.0016271,0.000391635,0
0.605847,0.00114328,0.00032675,0
0.607077,0.00119831,0.000403153,0
0.608024,0.000850165,0.000417907,0
0.609081,0.00112381,0.000492957,0
0.610025,0.00084592,0.000474392,0
0.610864,0.000917315,0.000548473,0
0.612141,0.000806618,0.000565804,0
0.612845,0.00064487,0.000523575,0
0.614007,0.000524787,0.000535209,0
0.614787,0.000524787,0.000535209,0
0.615893,0.000239587,0.000515272,0
0.61697,0.000167347,0.000641024,0
0.617948,0.000196403,0.000699138,0
0.61879,4.95278e-05,0.000655928,0
0.619784,0.000180337,0.000674734,0
0.620815,0.000269931,0.000740112,0
0.62182,0.000228603,0.000692991,0
0.622832,0.000228603,0.000692991,0
0.623928,0.000493987,0.000661509,0
0.624834,0.00058493,0.000712734,0
0.625768,0.000363487,0.000729196,0
0.626871,0.000260048,0.000763761,0
0.627774,0.000373257,0.000685639,0
0.628756,0.000718497,0.000802387,0
0.629791,0.000946086,0.000763947,0
0.630902,0.000946086,0.000763947,0
0.631975,0.00101906,0.000784842,0
0.63279,0.00109043,0.000798636,0
0.633786,0.00115929,0.000819035,0
0.634812,0.00129635,0.000853138,0
0.635821,0.00136143,0.000863369,0
0.636774,0.00147694,0.000816646,0
0.637818,0.00171438,0.000797437,0
0.638905,0.00162462,0.000831746,0
0.639899,0.00167108,0.000852559,0
0.641092,0.00167108,0.000852559,0
0.641883,0.00178854,0.000886943,0
0.642929,0.00178548,0.000883203,0
0.643941,0.0018407,0.000901129,0
0.645647,0.00189563,0.000910566,0
0.64592,0.00194792,0.000927307,0
0.647216,0.00194792,0.000927307,0
0.647953,0.00210269,0.00088767,0
0.648829,0.00240367,0.000764211,0
0.65001,0.00241714,0.000842317,0
0.65112,0.00232092,0.000860396,0
0.652077,0.00232092,0.000860396,0
0.652795,0.00252275,0.000930317,0
0.654039,0.00270388,0.000861871,0
0.65497,0.00260779,0.000811439,0
0.656292,0.00288554,0.000850307,0
0.656921,0.0027593,0.000922993,0
0.658038,0.00270711,0.000900397,0
0.658777,0.00293065,0.000846393,0
0.659968,0.00283325,0.000887982,0
0.660992,0.00283325,0.000887982,0
0.661886,0.00313345,0.000931609,0
0.663056,0.00308484,0.00090125,0
0.664089,0.00308484,0.00090125,0
0.664745,0.0031989,0.000956141,0
0.665771,0.00331079,0.000914538,0
0.667028,0.00331079,0.000914538,0
0.667715,0.00338322,0.000933884,0
0.668789,0.00333381,0.000904279,0
0.669812,0.00343949,0.000957885,0
0.670778,0.00346995,0.000966861,0
0.671767,0.00349448,0.000980829,0
0.672796,0.00349448,0.000980829,0
0.673863,0.003284,0.0010345,0
0.674803,0.00349463,0.000967595,0
0.675827,0.00352018,0.000981082,0
0.676736,0.00336115,0.00105897,0
0.677767,0.00361995,0.000937838,0
0.678789,0.00373178,0.000973945,0
0.679972,0.00375497,0.000990936,0
0.681479,0.00358947,0.00107101,0
0.682086,0.00367791,0.00103771,0
0.682761,0.00380359,0.00101996,0
0.684064,0.00376592,0.000991366,0
0.684848,0.00376592,0.000991366,0
0.685774,0.00380785,0.00100877,0
0.686775,0.00375709,0.00106087,0
0.687759,0.00372372,0.00103943,0
0.68885,0.00418167,0.000928523,0
0.689911,0.00382722,0.00109404,0
0.690848,0.00382722,0.00109404,0
0.691981,0.00411192,0.000995288,0
0.692749,0.00386867,0.0011201,0
0.693771,0.0037869,0.00115758,0
0.69476,0.00397673,0.00108477,0
0.69579,0.00410474,0.00106933,0
0.696807,0.00383385,0.00116956,0
0.697809,0.00384132,0.00119041,0
0.699227,0.00400867,0.00109689,0
0.69984,0.00393646,0.00112515,0
0.700917,0.00393646,0.00112515,0
0.701857,0.003956,0.00115001,0
0.702771,0.00397307,0.00115362,0
0.703872,0.0039706,0.00114964,0
0.704897,0.00400376,0.00116838,0
0.705809,0.00400376,0.00116838,0
0.706898,0.00421935,0.00110024,0
0.70788,0.00415239,0.00116252,0
0.709055,0.00407201,0.00118999,0
0.709937,0.00411777,0.00114617,0
0.710885,0.00414381,0.00114799,0
0.711852,0.00414143,0.00114398,0
0.712735,0.00411074,0.00113022,0
0.713799,0.00441408,0.00102974,0
0.715011,0.00419537,0.00108342,0
0.715876,0.00419305,0.00107938,0
0.716738,0.00426949,0.00112981,0
0.717822,0.00405364,0.00120687,0
0.718848,0.00405364,0.00120687,0
0.719989,0.00402993,0.00120363,0
0.720892,0.00418785,0.00118507,0
0.721886,0.00437076,0.00109437,0
0.722852,0.00442769,0.00114076,0
0.723745,0.00452499,0.00109606,0
0.725294,0.0043424,0.0011944,0
0.726084,0.00449254,0.00111812,0
0.726995,0.00465685,0.0009951,0
0.727743,0.00465685,0.0009951,0
0.729093,0.00450644,0.0012004,0
0.730221,0.00469026,0.00113266,0
0.731056,0.00469026,0.00113266,0
0.73252,0.00460616,0.00119429,0
0.733029,0.00453061,0.0012319,0
0.73386,0.0043839,0.0012714,0
0.735054,0.00453576,0.00126726,0
0.735849,0.00450144,0.00124097,0
0.737088,0.00449932,0.00123693,0
0.738754,0.0045269,0.0011741,0
0.739966,0.00489418,0.000986682,0
0.741036,0.00474887,0.0012114,0
0.741808,0.0048511,0.00115783,0
0.742829,0.00493371,0.001149,0
0.743839,0.00471606,0.00120907,0
0.744776,0.00472248,0.00122123,0
0.745778,0.00472918,0.00122777,0
0.747,0.00492084,0.00114899,0
0.747835,0.00501505,0.00112278,0
0.748777,0.00501505,0.00112278,0
0.749812,0.00495051,0.00116988,0
0.750737,0.00502954,0.00116123,0
0.751844,0.00477443,0.00128325,0
0.752859,0.00499435,0.00114754,0
0.75372,0.00490941,0.0012082,0
0.754952,0.00484038,0.00124991,0
0.755838,0.00502132,0.00116831,0
0.756783,0.00510884,0.00115027,0
0.757783,0.00493991,0.00124599,0
0.758786,0.00508457,0.00113904,0
0.759854,0.00513164,0.00117216,0
0.760777,0.00495193,0.00128411,0
0.761818,0.0050598,0.0012261,0
0.762827,0.00513346,0.00121059,0
0.763763,0.00496426,0.0013051,0
0.764775,0.0050712,0.00125361,0
0.766064,0.00518186,0.00117142,0
0.76685,0.00502084,0.00126897,0
0.767814,0.00513043,0.00121141,0
0.768775,0.00520146,0.00120279,0
0.769893,0.004954,0.00133477,0
0.770943,0.00495229,0.00133068,0
0.771727,0.00502985,0.00131887,0
0.772789,0.00502985,0.00131887,0
0.773855,0.00507264,0.00127773,0
0.774797,0.00505501,0.0012599,0
0.775789,0.00502278,0.00132022,0
0.776814,0.00520021,0.00124288,0
0.777816,0.00509773,0.00131505,0
0.77888,0.00507053,0.00129899,0
0.779778,0.00507635,0.00130918,0
0.780763,0.00507476,0.00130508,0
0.781763,0.00526092,0.00122001,0
0.782814,0.00526092,0.00122001,0
0.784091,0.00526092,0.00122001,0
0.785064,0.00526565,0.00122707,0
0.785832,0.00527164,0.0013221,0
0.786877,0.00527164,0.0013221,0
0.787791,0.00519412,0.00136804,0
0.788835,0.0052253,0.00140409,0
0.789871,0.00523173,0.00140649,0
0.790839,0.0052301,0.00140223,0
0.791765,0.00504787,0.0015092,0
0.792767,0.00515885,0.00144229,0
0.793887,0.00515027,0.00145273,0
0.794792,0.00515027,0.00145273,0
0.795782,0.00515291,0.00144869,0
0.796791,0.00519688,0.00147094,0
0.79777,0.00519688,0.00147094,0
0.799202,0.0051953,0.00146673,0
0.799745,0.00516834,0.00152442,0
0.800767,0.00516081,0.00153288,0
0.801876,0.00516397,0.00152516,0
0.802763,0.00516397,0.00152516,0
0.80376,0.00490996,0.00166972,0
0.80487,0.00486726,0.00173402,0
0.805764,0.00486576,0.00173013,0
0.806715,0.00501036,0.0015978,0
0.807747,0.00501036,0.0015978,0
0.808761,0.00498084,0.00165242,0
0.809797,0.00509854,0.00162097,0
0.810909,0.00509854,0.00162097,0
0.812031,0.00522103,0.00154699,0
0.812773,0.00503734,0.00164882,0
0.813767,0.00508724,0.00166492,0
0.814818,0.00505163,0.00163535,0
0.815754,0.00491643,0.00175462,0
0.816788,0.0050348,0.00168075,0
0.817792,0.00498829,0.00167028,0
0.818772,0.00493108,0.0017386,0
0.819787,0.00506002,0.00166582,0
0.8211,0.00495053,0.0017298,0
0.82178,0.00495053,0.0017298,0
0.822867,0.00507921,0.00165601,0
0.823807,0.00497903,0.00172282,0
0.824797,0.00497903,0.00172282,0
0.825933,0.0049578,0.00170392,0
0.826764,0.00497618,0.00169318,0
0.827716,0.00498789,0.00169651,0
0.82876,0.00499991,0.00169376,0
0.829765,0.00499991,0.00169376,0
0.830795,0.00519222,0.00158803,0
0.831911,0.00503788,0.00170617,0
0.832732,0.00521629,0.00159017,0
0.833769,0.00511669,0.00165772,0
0.834764,0.00525254,0.00159706,0
0.835747,0.0051791,0.00161011,0
0.836882,0.0051791,0.00161011,0
0.837853,0.00514051,0.00164753,0
0.838942,0.00514426,0.00165481,0
0.839911,0.00516734,0.00166919,0
0.840809,0.00516627,0.00166526,0
0.841878,0.0051798,0.00167438,0
0.842791,0.00519289,0.0016754,0
0.844017,0.00520416,0.00168409,0
0.844861,0.00521667,0.00168477,0
0.845796,0.00522782,0.00169334,0
0.847128,0.0052666,0.0016381,0
0.847941,0.00528453,0.00164173,0
0.849029,0.00529671,0.00164448,0
0.849911,0.0053331,0.00160048,0
0.85107,0.0053331,0.00160048,0
0.852255,0.00550713,0.00148102,0
0.852802,0.00537304,0.00161817,0
0.853842,0.00559528,0.00153146,0
0.854889,0.00557504,0.00152088,0
0.855864,0.0056081,0.00147726,0
0.856829,0.00544697,0.00159284,0
0.858339,0.00544697,0.00159284,0
0.859161,0.00558809,0.00153649,0
0.860732,0.00567425,0.00153148,0
0.861158,0.00551844,0.00164849,0
0.861992,0.00567274,0.00152839,0
0.862988,0.00567274,0.00152839,0
0.863926,0.00571601,0.00156108,0
0.864849,0.00569758,0.00155152,0
0.865769,0.00573144,0.00157752,0
0.866766,0.00576532,0.00152738,0
0.867763,0.00577891,0.00153819,0
0.868774,0.00578504,0.00154081,0
0.869809,0.00579076,0.00155512,0
0.870765,0.00579076,0.00155512,0
0.871792,0.00580405,0.00157393,0
0.873075,0.00563553,0.00169801,0
0.873803,0.00576898,0.00163258,0
0.87477,0.0056407,0.00171955,0
0.875826,0.00560713,0.00176707,0
0.877554,0.00578243,0.00165495,0
0.878486,0.00583602,0.0016269,0
0.879297,0.00583524,0.00162283,0
0.880196,0.00602485,0.00149961,0
0.881137,0.00570622,0.00170127,0
0.88192,0.00570622,0.00170127,0
0.88294,0.0058472,0.00164004,0
0.883933,0.00572269,0.001731,0
0.884938,0.00569291,0.00177203,0
0.886081,0.00569068,0.00178928,0
0.887046,0.00567453,0.00178021,0
0.887873,0.00587397,0.00168128,0
0.888895,0.0057518,0.00176373,0
0.88983,0.00572192,0.00181296,0
0.890862,0.00572081,0.00182175,0
0.89175,0.0057456,0.00178266,0
0.892791,0.00592981,0.00165368,0
0.893835,0.00592981,0.00165368,0
0.89478,0.00574077,0.00177679,0
0.895798,0.0057761,0.00173413,0
0.896705,0.0057761,0.00173413,0
0.897833,0.00597192,0.00162856,0
0.898807,0.0059386,0.00168342,0
0.899825,0.00595554,0.00171254,0
0.90087,0.00596277,0.00171736,0
0.901782,0.00583437,0.00180839,0
0.902852,0.00598075,0.00172758,0
0.903858,0.00584302,0.00182555,0
0.904879,0.00598975,0.00174463,0
0.905851,0.00602227,0.00171792,0
0.906845,0.00586487,0.00184028,0
0.907955,0.00602127,0.00171848,0
0.909494,0.00605788,0.0016794,0
0.909798,0.00606832,0.00169192,0
0.91103,0.0058865,0.00180816,0
0.911901,0.00605628,0.0016976,0
0.913272,0.00607485,0.00171793,0
0.913826,0.00590691,0.00183935,0
0.914827,0.00606444,0.00171856,0
0.915826,0.00591367,0.00185864,0
0.916903,0.00604191,0.00178844,0
0.917892,0.00591811,0.00183389,0
0.91871,0.00591783,0.00181725,0
0.919865,0.00573656,0.00201091,0
0.920824,0.00590282,0.00188112,0
0.921805,0.00566512,0.00212604,0
0.922798,0.00571431,0.00209654,0
0.923825,0.00604549,0.00183996,0
0.924745,0.00609006,0.0018003,0
0.925738,0.00592105,0.00192537,0
0.926782,0.00593736,0.00194036,0
0.927759,0.00610724,0.00182366,0
0.929136,0.00610724,0.00182366,0
0.929937,0.00597274,0.0019098,0
0.930714,0.00597031,0.00190977,0
0.931749,0.00597262,0.00191474,0
0.93295,0.00597443,0.00192909,0
0.933833,0.00597817,0.00193494,0
0.934848,0.00614504,0.00182135,0
0.935743,0.00600817,0.00190918,0
0.936739,0.00599062,0.00197761,0
0.937747,0.00599274,0.00199124,0
0.938763,0.00599275,0.00198757,0
0.939838,0.00599695,0.00199176,0
0.940767,0.00618633,0.0018378,0
0.941715,0.00602392,0.00196713,0
0.942842,0.00602524,0.00197175,0
0.94372,0.0060253,0.0019681,0
0.944843,0.00602614,0.00198219,0
0.94578,0.00602893,0.00198777,0
0.946739,0.00603048,0.0020011,0
0.947878,0.00603501,0.00201927,0
0.948789,0.00603801,0.0020241,0
0.949733,0.00603801,0.0020241,0
0.950721,0.00621942,0.00186936,0
0.951807,0.00605087,0.00204787,0
0.95281,0.00604686,0.00206393,0
0.953826,0.00604984,0.00206878,0
0.954775,0.00605002,0.00206521,0
0.955819,0.00622804,0.00189688,0
0.956823,0.00608373,0.00199332,0
0.95783,0.00623532,0.0019119,0
0.958819,0.00608516,0.00201479,0
0.959711,0.00608516,0.00201479,0
0.960834,0.00623311,0.00195049,0
0.961754,0.00624804,0.00190901,0
0.962776,0.00609674,0.00204732,0
0.963786,0.0062442,0.00197021,0
0.964798,0.00625063,0.00194215,0
0.966029,0.00610169,0.00207209,0
0.966815,0.00625685,0.00194962,0
0.967822,0.00611036,0.00203794,0
0.968851,0.00610536,0.00209434,0
0.969784,0.00610132,0.0021045,0
0.971043,0.006257,0.00198748,0
0.971875,0.0062675,0.00194431,0
0.972811,0.00611653,0.0020786,0
0.973802,0.00626342,0.00200484,0
0.974815,0.00626662,0.00197713,0
0.975759,0.00611954,0.00210791,0
0.976905,0.00626751,0.00203791,0
0.977788,0.00627028,0.00200028,0
0.978792,0.0061289,0.00208653,0
0.979765,0.00612804,0.00213458,0
0.980774,0.00612175,0.00215301,0
0.981786,0.0062754,0.00202712,0
0.982901,0.00627967,0.00199118,0
0.983851,0.0061333,0.00212337,0
0.984779,0.0062811,0.00205379,0
0.985779,0.00612866,0.00214811,0
0.986776,0.00628238,0.00207291,0
0.9879,0.00628138,0.00203348,0
0.988794,0.00613543,0.00217319,0
0.989903,0.00628603,0.00209488,0
0.990796,0.00613208,0.00219601,0
0.991816,0.00629215,0.00206021,0
0.992884,0.00629015,0.00202577,0
0.993815,0.0061453,0.00215584,0
0.994797,0.00629352,0.00208616,0
0.995836,0.00628849,0.0020482,0
0.996841,0.00614388,0.00218884,0
0.997832,0.00629474,0.00211045,0
0.998782,0.00613947,0.00221223,0
0.999816,0.00629535,0.00212874,0
1.00078,0.00614063,0.00222661,0
1.00187,0.00615098,0.00223034,0
1.00279,0.00615007,0.00223299,0
1.004,0.00629495,0.00211277,0
1.00477,0.00614416,0.00220083,0
1.00585,0.0062981,0.00212592,0
1.00682,0.00628868,0.00208642,0
1.00779,0.00614598,0.0022281,0
1.00892,0.00614598,0.0022281,0
1.00996,0.0062865,0.0021182,0
1.01099,0.00614665,0.00225136,0
1.01201,0.00629689,0.00218075,0
1.01276,0.00628616,0.00214026,0
1.01379,0.00614661,0.00222933,0
1.01475,0.00630149,0.00214557,0
1.01576,0.00628586,0.00211421,0
1.01688,0.00614682,0.00224861,0
1.01776,0.00629709,0.00217819,0
1.01877,0.0062836,0.00213823,0
1.02009,0.00614402,0.00228018,0
1.02077,0.00629708,0.00220151,0
1.02178,0.00628131,0.00216875,0
1.02277,0.00628487,0.00217073,0
1.02397,0.00629728,0.00223167,0
1.02494,0.00628162,0.0021899,0
1.0258,0.00628162,0.0021899,0
1.02679,0.00629783,0.00220075,0
1.02777,0.00614106,0.00229588,0
1.02878,0.00629495,0.00216104,0
1.02982,0.00627755,0.0021742,0
1.03084,0.00613827,0.00231556,0
1.03173,0.0061513,0.00238308,0
1.03292,0.00613255,0.0023375,0
1.03381,0.00615023,0.00239694,0
1.03478,0.00628314,0.00226929,0
1.0358,0.00626389,0.00222906,0
1.03678,0.00612827,0.0023629,0
1.0378,0.00612919,0.00236,0
1.03897,0.00614169,0.00242759,0
1.03983,0.00612798,0.00238377,0
1.04093,0.00613151,0.00238962,0
1.042,0.00609836,0.00238949,0
1.04279,0.00605522,0.00239945,0
1.04379,0.00612939,0.00238865,0
1.04476,0.00616144,0.00235049,0
1.04578,0.0061569,0.00235918,0
1.04679,0.006291,0.00222032,0
1.04776,0.00615304,0.00237329,0
1.04874,0.00615406,0.00237046,0
1.04987,0.00615229,0.00237701,0
1.05081,0.00615208,0.00239411,0
1.05177,0.00615518,0.00239511,0
1.05274,0.00615881,0.00241498,0
1.05395,0.00615989,0.00241221,0
1.0548,0.00616142,0.00242855,0
1.0557,0.00616615,0.00242909,0
1.05679,0.00616096,0.0023924,0
1.05786,0.00616553,0.00239092,0
1.05901,0.00632046,0.00232497,0
1.05981,0.00632125,0.00232221,0
1.06092,0.00632125,0.00232221,0
1.06185,0.00627701,0.00227589,0
1.06301,0.00640639,0.00213648,0
1.06381,0.00640639,0.00213648,0
1.06475,0.00641085,0.00215245,0
1.06579,0.0062831,0.00228635,0
1.06705,0.00631386,0.00244981,0
1.06805,0.00631471,0.00244711,0
1.06877,0.00632797,0.00253277,0
1.06977,0.00632797,0.00253277,0
1.07074,0.00637158,0.00259119,0
1.07215,0.00626882,0.00274263,0
1.07295,0.00628843,0.00280283,0
1.07388,0.00628843,0.00280283,0
1.07479,0.00630024,0.00275956,0
1.07594,0.00631123,0.00274762,0
1.07677,0.00631123,0.00274762,0
1.07772,0.00632543,0.00275237,0
1.0787,0.00632968,0.00276559,0
1.07974,0.00633794,0.00276011,0
1.08076,0.00634059,0.00275521,0
1.08178,0.00634418,0.00276846,0
1.08287,0.00647565,0.00262521,0
1.08371,0.0064864,0.00263047,0
1.08471,0.0064864,0.00263047,0
1.0857,0.0063742,0.00277294,0
1.08679,0.00649864,0.00264801,0
1.08784,0.00645072,0.00253324,0
1.08882,0.0063309,0.00266957,0
1.08976,0.00637338,0.0027338,0
1.09082,0.00637478,0.00273141,0
1.09178,0.00637972,0.00273978,0
1.09271,0.00637883,0.00275384,0
1.09378,0.00638229,0.00274937,0
1.09489,0.00638373,0.00274703,0
1.09583,0.00638412,0.00275875,0
1.09688,0.00650617,0.00261524,0
1.09783,0.00638792,0.00276599,0
1.09895,0.00639121,0.00276152,0
1.09996,0.00637675,0.00272055,0
1.10077,0.00637771,0.00271112,0
1.10193,0.00649161,0.00258379,0
1.10275,0.00649152,0.00258,0
1.10379,0.0064901,0.00259296,0
1.10485,0.00649119,0.00258937,0
1.10575,0.00637409,0.00274156,0
1.10692,0.00649057,0.00259828,0
1.1079,0.00648884,0.00261077,0
1.10879,0.00649025,0.00260711,0
1.10976,0.00648868,0.00261955,0
1.11078,0.00647384,0.00256322,0
1.11186,0.00646953,0.00257067,0
1.1128,0.0064681,0.00256729,0
1.11387,0.00646447,0.00258072,0
1.11479,0.00646375,0.00257751,0
1.11581,0.00646138,0.0025911,0
1.11681,0.00646164,0.00258821,0
1.11781,0.00645897,0.00260137,0
1.11882,0.00645953,0.00259843,0
1.11986,0.00645712,0.00261152,0
1.12092,0.00645793,0.00260852,0
1.12189,0.00645575,0.00262154,0
1.12288,0.00645681,0.00261848,0
1.12379,0.00643628,0.00257879,0
1.12478,0.00643399,0.00257072,0
1.12583,0.00642767,0.00258598,0
1.12678,0.0063209,0.0027225,0
1.12783,0.00642542,0.00259104,0
1.1298,0.00631724,0.00273983,0
1.13125,0.00631899,0.00273783,0
1.13256,0.00631468,0.00275342,0
1.13277,0.00631265,0.00276414,0
1.13378,0.00645404,0.00262674,0
1.13476,0.00644748,0.00263831,0
1.13577,0.0062851,0.00271685,0
1.13706,0.0062851,0.00271685,0
1.13787,0.00633762,0.00278269,0
1.13886,0.0063773,0.00259922,0
1.13974,0.00633971,0.00258602,0
1.1408,0.00637843,0.00260819,0
1.14175,0.0063764,0.00260565,0
1.14282,0.00621336,0.00270256,0
1.14379,0.00635285,0.00256232,0
1.14484,0.00630646,0.00257189,0
1.14585,0.00624871,0.00271802,0
1.14682,0.00636455,0.00264235,0
1.14786,0.0062086,0.00272914,0
1.1488,0.00636837,0.0026571,0
1.14979,0.00630822,0.0026,0
1.15082,0.00630666,0.00261005,0
1.1519,0.00630898,0.00260946,0
1.1529,0.0063081,0.00262463,0
1.15382,0.00619049,0.00271287,0
1.15477,0.00622478,0.00272931,0
1.15578,0.0062433,0.00277898,0
1.15678,0.00628034,0.00280565,0
1.15778,0.00618444,0.00294218,0
1.15876,0.0062753,0.00281331,0
1.15978,0.00622025,0.00295892,0
1.16078,0.00621466,0.00271444,0
1.16179,0.00622696,0.00300933,0
1.16278,0.00625402,0.00283204,0
1.16375,0.00629689,0.00283147,0
1.1648,0.00633846,0.00269372,0
1.16576,0.00633744,0.00269177,0
1.16675,0.00624162,0.00258941,0
1.1678,0.00630489,0.00263915,0
1.1688,0.00611293,0.00268474,0
1.16982,0.00604199,0.00287063,0
1.17076,0.0061739,0.0027546,0
1.17185,0.00626126,0.00286476,0
1.17299,0.00619552,0.0028258,0
1.17381,0.00615528,0.00281355,0
1.17489,0.00612881,0.00277678,0
1.17572,0.00614246,0.00256681,0
1.1768,0.00621199,0.00263768,0
1.17775,0.00614353,0.00258222,0
1.1788,0.00614151,0.00259386,0
1.17984,0.00614419,0.00259466,0
1.18081,0.00605834,0.00275374,0
1.18177,0.00621796,0.00267054,0
1.18277,0.00614692,0.00262989,0
1.18423,0.00614867,0.00262491,0
1.18522,0.00614672,0.0026418,0
1.18578,0.00613944,0.00284475,0
1.18685,0.00622478,0.00270029,0
1.18793,0.00611815,0.00280455,0
1.18878,0.00615497,0.00282622,0
1.19002,0.00609497,0.00301764,0
1.19076,0.00626093,0.00272993,0
1.19187,0.00611147,0.00262595,0
1.19286,0.00611147,0.00262595,0
1.19375,0.00618843,0.00267813,0
1.19491,0.00618843,0.00267813,0
1.19602,0.00613924,0.00268752,0
1.19678,0.00619655,0.0027128,0
1.19779,0.00611489,0.00284929,0
1.19881,0.00610986,0.0028628,0
1.1998,0.00603318,0.003005,0
1.20092,0.00619433,0.00291902,0
1.20181,0.00628124,0.00294928,0
1.20273,0.00617664,0.00293999,0
1.20377,0.00623812,0.00294782,0
1.20489,0.00617893,0.00294633,0
1.20581,0.00610125,0.00287985,0
1.20678,0.00615087,0.00289886,0
1.20784,0.00614363,0.00289351,0
1.20879,0.00608873,0.00289514,0
1.20979,0.00614774,0.00290328,0
1.21075,0.00614003,0.00291405,0
1.21185,0.00612997,0.00270447,0
1.21289,0.00610516,0.0028672,0
1.21378,0.00610748,0.00286616,0
1.21475,0.00604429,0.00285193,0
1.21584,0.00617059,0.00273183,0
1.2169,0.00612582,0.00292385,0
1.21782,0.00607942,0.00293161,0
1.2188,0.00621362,0.0027962,0
1.21979,0.00613735,0.0029516,0
1.22087,0.00605238,0.00288486,0
1.22175,0.00603433,0.00304839,0
1.22287,0.00609599,0.0028991,0
1.22386,0.00614266,0.0029218,0
1.22481,0.00594541,0.00319227,0
1.22577,0.0061724,0.0029794,0
1.22675,0.00616123,0.00313265,0
1.22779,0.00607401,0.00292373,0
1.22903,0.00607401,0.00292373,0
1.22975,0.00613243,0.00278201,0
1.23077,0.00604671,0.00271485,0
1.23175,0.00604251,0.00272346,0
1.23277,0.00597852,0.0028652,0
1.2338,0.00604253,0.00273044,0
1.23477,0.00612995,0.00280385,0
1.23578,0.00604662,0.00274105,0
1.23673,0.00604535,0.00275079,0
1.23782,0.00598455,0.00289215,0
1.2388,0.00604612,0.00276076,0
1.23985,0.00595704,0.00269508,0
1.24076,0.00589425,0.00284967,0
1.2418,0.00604977,0.00276688,0
1.2428,0.00596096,0.0027214,0
1.24377,0.00590305,0.00286022,0
1.24481,0.00605554,0.00279234,0
1.24581,0.00596883,0.00273088,0
1.24682,0.0059092,0.00288454,0
1.24776,0.00606491,0.00280143,0
1.24892,0.00591691,0.00289909,0
1.24991,0.00603469,0.00276002,0
1.25076,0.00587131,0.002851,0
1.25198,0.00596334,0.00290944,0
1.25277,0.00608021,0.00279029,0
1.25377,0.00591367,0.00270937,0
1.25485,0.00586352,0.0028638,0
1.25579,0.00586352,0.0028638,0
1.25701,0.00590774,0.00272762,0
1.25782,0.00590774,0.00272762,0
1.2589,0.00601682,0.00280261,0
1.25979,0.00587298,0.00288456,0
1.26078,0.00587298,0.00288456,0
1.26179,0.00592334,0.002546,0
1.26288,0.00581686,0.00284418,0
1.26377,0.00587699,0.00285355,0
1.26487,0.00585076,0.0027075,0
1.26585,0.00596414,0.00276953,0
1.26684,0.00581776,0.00286589,0
1.26781,0.00591567,0.00292442,0
1.26889,0.00586492,0.00272952,0
1.26973,0.00581896,0.00287439,0
1.27081,0.00586385,0.00288966,0
1.27171,0.00586644,0.00288933,0
1.27279,0.00586073,0.00289686,0
1.27394,0.00586333,0.00289655,0
1.27479,0.00586391,0.00289267,0
1.27584,0.00586145,0.00290352,0
1.2769,0.00585956,0.00290002,0
1.27779,0.00590713,0.0027544,0
1.27883,0.00590266,0.00276553,0
1.27982,0.00590483,0.00276527,0
1.28127,0.0058399,0.00274866,0
1.28188,0.00585383,0.002762,0
1.28281,0.00592106,0.00296979,0
1.28383,0.00592307,0.00298499,0
1.28482,0.00596838,0.00283936,0
1.28584,0.00590637,0.00282204,0
1.28694,0.00588194,0.00298031,0
1.28783,0.00603866,0.002898,0
1.28883,0.00604481,0.00291247,0
1.28987,0.00605261,0.00290885,0
1.29081,0.00605493,0.00291851,0
1.29184,0.00605493,0.00291851,0
1.29284,0.00606039,0.00271601,0
1.2938,0.00592991,0.0028498,0
1.29487,0.00594865,0.00284721,0
1.29587,0.00606209,0.00292471,0
1.29697,0.00599769,0.00290839,0
1.29818,0.00599995,0.00290835,0
1.29907,0.00601888,0.00291928,0
1.29982,0.00601888,0.00291928,0
1.30087,0.00598626,0.00286333,0
1.30191,0.00598851,0.00286331,0
1.30308,0.00598851,0.00286331,0
1.30387,0.00603883,0.00311834,0
1.30476,0.00621336,0.00305468,0
1.30584,0.00629918,0.00306979,0
1.30679,0.00617481,0.00300824,0
1.30776,0.00617368,0.00299739,0
1.30879,0.00617168,0.00300338,0
1.30986,0.00617465,0.00299614,0
1.31075,0.00602496,0.00307938,0
1.31175,0.00617298,0.00299284,0
1.31283,0.00605769,0.00293378,0
1.31375,0.00605599,0.0029232,0
1.31653,0.00614377,0.00294326,0
1.31719,0.00614377,0.00294326,0
1.31829,0.00608356,0.0030875,0
1.31876,0.00610379,0.00314362,0
1.32013,0.00612115,0.003091,0
1.32075,0.0060848,0.00308819,0
1.3219,0.00607599,0.00309011,0
1.32291,0.00607599,0.00309011,0
1.32373,0.0061276,0.00310991,0
1.32482,0.00604986,0.0030748,0
1.32581,0.00605171,0.00308311,0
1.32689,0.00605315,0.00307683,0
1.3278,0.00599738,0.00303426,0
1.32888,0.00598989,0.00302307,0
1.32977,0.00598178,0.00302695,0
1.33076,0.00598178,0.00302695,0
1.33196,0.00599894,0.00287426,0
1.33276,0.00590168,0.0030038,0
1.33397,0.00595144,0.00317052,0
1.33518,0.00607092,0.00324306,0
1.33579,0.00608907,0.00309358,0
1.33693,0.00596151,0.00302844,0
1.33784,0.00595403,0.00301962,0
1.33889,0.00594593,0.00302251,0
1.33982,0.00594221,0.00301786,0
1.34082,0.00593678,0.00302184,0
1.34208,0.00587812,0.00297036,0
1.34287,0.00586617,0.0029695,0
1.34384,0.00585702,0.00296371,0
1.34498,0.00584523,0.00296638,0
1.34636,0.00584175,0.00296187,0
1.34676,0.00583404,0.00296548,0
1.34778,0.00584209,0.00281303,0
1.3488,0.00583488,0.00281686,0
1.34976,0.00583009,0.00281232,0
1.35077,0.00582371,0.00281635,0
1.352,0.00581969,0.00281197,0
1.35276,0.00575673,0.00276956,0
1.35379,0.00574624,0.00276044,0
1.35476,0.00573484,0.00276334,0
1.35596,0.0057285,0.00275839,0
1.35691,0.00571951,0.00276197,0
1.35776,0.00571393,0.00275737,0
1.35878,0.00563704,0.00273887,0
1.35977,0.00570443,0.00275886,0
1.36097,0.00570183,0.00276325,0
1.36209,0.00562861,0.00273685,0
1.3628,0.00556578,0.00269642,0
1.36388,0.00556814,0.0026972,0
1.36478,0.00555873,0.00283832,0
1.36578,0.00562325,0.00286415,0
1.36676,0.0056723,0.00291083,0
1.3678,0.00568195,0.00276415,0
1.36878,0.00560604,0.00289359,0
1.36976,0.00574065,0.00296184,0
1.37118,0.00574065,0.00296184,0
1.37182,0.00562035,0.00289838,0
1.37277,0.005693,0.00277846,0
1.37372,0.00555911,0.00270339,0
1.37501,0.00554992,0.00285299,0
1.37579,0.00568076,0.00277114,0
1.37685,0.0055508,0.00270991,0
1.37785,0.00554546,0.00285012,0
1.37877,0.00565848,0.00276905,0
1.37987,0.00565848,0.00276905,0
1.38076,0.00525278,0.00259591,0
1.38207,0.00462581,0.00231914,0
1.38282,0.00430399,0.0023475,0
1.38382,0.00416371,0.00241936,0
1.38491,0.00421102,0.00242242,0
1.38615,0.00420961,0.00240843,0
1.38696,0.00425895,0.00242552,0
1.38773,0.0043219,0.00260585,0
1.38945,0.00432131,0.00245925,0
1.38972,0.00421782,0.00238887,0
1.39076,0.00422048,0.00238985,0
1.39199,0.00422664,0.00239244,0
1.39292,0.0042881,0.00240591,0
1.39389,0.0043005,0.00255571,0
1.39508,0.00430334,0.00240374,0
1.39574,0.00419665,0.00234458,0
1.39681,0.00420557,0.00233905,0
1.39787,0.00421539,0.00234539,0
1.39877,0.0042298,0.00234446,0
1.39977,0.00424533,0.0023534,0
1.40078,0.00425466,0.00220726,0
1.4018,0.00427085,0.00221713,0
1.4028,0.00429001,0.00221865,0
1.40377,0.00431745,0.00237586,0
1.40485,0.00438037,0.00224975,0
1.40576,0.00445968,0.00230086,0
1.40676,0.004365,0.00225029,0
1.40781,0.00432938,0.00235156,0
1.40885,0.00432648,0.00221125,0
1.40976,0.00447446,0.00242302,0
1.41079,0.00436103,0.00222589,0
1.41178,0.00437769,0.00222613,0
1.41322,0.00437769,0.00222613,0
1.41378,0.00441205,0.00223964,0
1.41481,0.00442991,0.00225151,0
1.41591,0.00444796,0.00225344,0
1.41678,0.00446885,0.00226695,0
1.41778,0.00448976,0.00227043,0
1.41884,0.00444,0.00223816,0
1.41976,0.00445352,0.00223714,0
1.42078,0.00448256,0.00239332,0
1.42178,0.00448091,0.00224922,0
1.42278,0.0046206,0.00232468,0
1.42378,0.00453655,0.00241104,0
1.42475,0.00453064,0.00227412,0
1.4258,0.00462599,0.00244388,0
1.42674,0.00457498,0.00242888,0
1.42776,0.00465464,0.00245521,0
1.42874,0.00460955,0.00244226,0
1.42983,0.00470847,0.00261349,0
1.43076,0.00467845,0.00233096,0
1.43224,0.00467845,0.00233096,0
1.43287,0.00477423,0.00249994,0
1.43383,0.0046406,0.00229462,0
1.43492,0.00455146,0.00240138,0
1.43583,0.00470287,0.00247244,0
1.4368,0.00470203,0.00234124,0
1.43788,0.00459408,0.00227934,0
1.43884,0.00463541,0.002435,0
1.43976,0.00469014,0.0023166,0
1.44077,0.00457374,0.00225828,0
1.44183,0.00642688,0.00243654,0
1.44289,0.00896167,0.0022623,0
1.44419,0.00930419,0.0022294,0
1.44485,0.00924398,0.00227464,0
1.44688,0.00906866,0.00231531,0
1.44796,0.00869769,0.00224666,0
1.44881,0.00846226,0.00227045,0
1.44979,0.00839234,0.00230615,0
1.45089,0.00795925,0.00206217,0
1.4518,0.00799184,0.00220817,0
1.45361,0.00792771,0.00225801,0
1.45425,0.00763463,0.00220798,0
1.45496,0.00770865,0.00226434,0
1.45585,0.00757733,0.00212811,0
1.45766,0.00733918,0.00220936,0
1.45841,0.00733918,0.00220936,0
1.45933,0.00736116,0.00223665,0
1.45997,0.00734852,0.00227276,0
1.46102,0.00724006,0.00214072,0
1.46204,0.00720334,0.00228579,0
1.46285,0.00705846,0.00225569,0
1.4638,0.00698292,0.00225289,0
1.46484,0.00687417,0.00211757,0
1.46593,0.00680639,0.00211628,0
1.46678,0.00674578,0.00212788,0
1.46805,0.00668695,0.00212955,0
1.46875,0.00662855,0.00214023,0
1.46983,0.00657521,0.00214259,0
1.47075,0.00652092,0.00215398,0
1.47176,0.00647279,0.00215679,0
1.47275,0.00647279,0.00215679,0
1.47382,0.00630523,0.00213544,0
1.47476,0.00615731,0.0021092,0
1.4764,0.00611517,0.00212183,0
1.47718,0.0060818,0.00212555,0
1.47798,0.0060471,0.00213821,0
1.47892,0.0060593,0.00228532,0
1.4803,0.0060759,0.00217934,0
1.48109,0.00595193,0.00215594,0
1.48221,0.00605587,0.00233738,0
1.48311,0.00597756,0.00219556,0
1.48404,0.00581373,0.00228348,0
1.48495,0.00581373,0.00228348,0
1.48581,0.00557824,0.00342654,0
1.48693,0.00551312,0.00374772,0
1.48795,0.00555151,0.00372836,0
1.4888,0.00541844,0.00381852,0
1.48977,0.00541844,0.00381852,0
1.49071,0.0052865,0.00373428,0
1.49181,0.00530167,0.0039099,0
1.4928,0.00527107,0.00393017,0
1.49377,0.00521831,0.00392132,0
1.49499,0.00530193,0.00391376,0
1.49577,0.00530193,0.00391376,0
1.49678,0.00507808,0.00384344,0
1.49845,0.00504902,0.00387359,0
1.4988,0.00507652,0.00403589,0
1.50005,0.00507652,0.00403589,0
1.50083,0.00504142,0.00407363,0
1.50186,0.00502646,0.00390967,0
1.50279,0.00494969,0.00395087,0
1.50381,0.00495491,0.00404444,0
1.50493,0.00505287,0.00394651,0
1.50574,0.00486922,0.00388779,0
1.50689,0.00501012,0.00391032,0
1.50784,0.00484916,0.00375516,0
1.50883,0.00494115,0.00365102,0
1.50993,0.00483891,0.00363664,0
1.51098,0.00483891,0.00363664,0
1.51183,0.00493242,0.00348262,0
1.51287,0.00482936,0.00348525,0
1.51407,0.00490271,0.00348621,0
1.51477,0.00483454,0.00329957,0
1.51577,0.0047313,0.00330044,0
1.51683,0.00482066,0.00320839,0
1.51797,0.00472604,0.00321762,0
1.51877,0.00487793,0.00327052,0
1.51991,0.00482012,0.00308757,0
1.52115,0.00472351,0.00311079,0
1.5218,0.00472351,0.00311079,0
1.5228,0.00481132,0.00298499,0
1.5238,0.00472493,0.00300814,0
1.52476,0.00481897,0.00292495,0
1.52578,0.00458507,0.00277136,0
1.52677,0.00463627,0.00288452,0
1.52776,0.00479449,0.00293707,0
1.52874,0.00473411,0.00277526,0
1.52976,0.00464493,0.00280488,0
1.53087,0.00480056,0.00286678,0
1.5318,0.00474071,0.00269865,0
1.53277,0.00458399,0.00259926,0
1.53374,0.00465102,0.00271402,0
1.5348,0.00481316,0.00278041,0
1.53576,0.00481316,0.00278041,0
1.53682,0.00468651,0.0024755,0
1.53787,0.00476248,0.00260478,0
1.53879,0.00467701,0.00264325,0
1.5398,0.00468073,0.00253095,0
1.54075,0.00491325,0.00273051,0
1.54184,0.00475774,0.00263884,0
1.5429,0.00490276,0.00280031,0
1.54394,0.00491277,0.00268077,0
1.54483,0.00475773,0.00258116,0
1.54584,0.00475515,0.00256552,0
1.54677,0.00475505,0.00255275,0
1.5478,0.00476013,0.00253455,0
1.54889,0.00468799,0.00238433,0
1.54974,0.00476882,0.00250927,0
1.55083,0.00477235,0.00250187,0
1.5518,0.00470449,0.00233512,0
1.55282,0.00478254,0.00247958,0
1.55409,0.00470168,0.00242879,0
1.55498,0.0046169,0.00227729,0
1.55646,0.00453153,0.00232436,0
1.55714,0.00467848,0.00249815,0
1.55779,0.00484609,0.002451,0
1.55903,0.0046974,0.00237254,0
1.56055,0.00469948,0.00235704,0
1.56158,0.00470112,0.0023344,0
1.562,0.00470427,0.00233791,0
1.5633,0.00470577,0.00233089,0
1.56381,0.00479128,0.00225284,0
1.56472,0.00455877,0.00224333,0
1.56581,0.00455877,0.00224333,0
1.56678,0.00472377,0.00230182,0
1.56775,0.0047331,0.00229138,0
1.56879,0.00473401,0.00228552,0
1.57004,0.00474396,0.00227814,0
1.57087,0.00474822,0.00227616,0
1.57184,0.00466898,0.00212462,0
1.57283,0.00466898,0.00212462,0
1.57476,0.00466717,0.00221316,0
1.57607,0.00466717,0.00221316,0
1.57707,0.00458172,0.00206053,0
1.57778,0.00466204,0.00217986,0
1.57883,0.00466517,0.00218354,0
1.57988,0.00457998,0.00214845,0
1.5808,0.0046654,0.00216776,0
1.58205,0.00467173,0.00216455,0
1.58283,0.00467661,0.00216113,0
1.58375,0.00468184,0.00215098,0
1.58482,0.00459306,0.00200965,0
1.58596,0.00450454,0.00196284,0
1.58677,0.00459101,0.00210191,0
1.58779,0.0045848,0.00208477,0
1.58935,0.0047532,0.00216054,0
1.58979,0.00450252,0.00193616,0
1.59084,0.0047568,0.00214709,0
1.59183,0.00474515,0.00204022,0
1.59283,0.0045187,0.00201519,0
1.59389,0.00450023,0.00190801,0
1.59485,0.00433282,0.0018311,0
1.59592,0.00432838,0.00181923,0
1.59685,0.0043305,0.00181912,0
1.59793,0.0043305,0.00181912,0
1.59909,0.0042373,0.00167067,0
1.59982,0.00433651,0.00179584,0
1.60105,0.00433919,0.00179981,0
1.60195,0.00460923,0.00199996,0
1.603,0.00462121,0.00200318,0
1.60383,0.00453825,0.00196478,0
1.60495,0.0045414,0.00196873,0
1.60611,0.00453096,0.0019503,0
1.60685,0.0045341,0.00195426,0
1.60787,0.00443299,0.00179921,0
1.60875,0.00453631,0.00194144,0
1.60985,0.00453677,0.00194012,0
1.61074,0.00454154,0.00192922,0
1.61175,0.00454154,0.00192922,0
1.61295,0.00444724,0.00188404,0
1.61385,0.00444193,0.00188431,0
1.61493,0.00443945,0.00187169,0
1.61628,0.00443696,0.00186849,0
1.61678,0.00443778,0.00185699,0
1.61815,0.00443734,0.00185257,0
1.61902,0.00443755,0.00184893,0
1.61989,0.00444042,0.00183842,0
1.62118,0.00443799,0.00183325,0
1.62181,0.00444495,0.00182756,0
1.62344,0.00424323,0.00165917,0
1.62376,0.00435328,0.00180045,0
1.62479,0.00423729,0.00164435,0
1.62579,0.00423203,0.0016312,0
1.62677,0.00422707,0.0016277,0
1.62778,0.00422707,0.0016277,0
1.62883,0.00422762,0.00161502,0
1.62979,0.00423024,0.00160484,0
1.63085,0.0042308,0.00160398,0
1.63191,0.00423183,0.00159012,0
1.63284,0.0041817,0.00165796,0
1.6338,0.00413733,0.0015542,0
1.6348,0.0041778,0.00164533,0
1.63577,0.00423435,0.00157121,0
1.63686,0.00431457,0.00161705,0
1.63779,0.00408169,0.00149119,0
1.63878,0.00407647,0.00148908,0
1.63989,0.00408511,0.00148183,0
1.64077,0.0040904,0.0014837,0
1.64181,0.00410008,0.0014774,0
1.64283,0.00400713,0.00145072,0
1.64376,0.00400299,0.00143994,0
1.64478,0.00412137,0.00157509,0
1.64586,0.00417185,0.0015006,0
1.64671,0.00424607,0.00154136,0
1.64783,0.00424877,0.00154579,0
1.64888,0.00413568,0.00155456,0
1.64979,0.00436722,0.0016576,0
1.6509,0.00411078,0.00155474,0
1.65179,0.00409256,0.00154537,0
1.65278,0.0040609,0.00142099,0
1.65384,0.003903,0.00134749,0
1.6548,0.003903,0.00134749,0
1.65575,0.00430881,0.00167571,0
1.6569,0.0042697,0.00157905,0
1.6578,0.0042697,0.00157905,0
1.65879,0.00380913,0.0012866,0
1.65978,0.00392483,0.00141686,0
1.66075,0.00392483,0.00141686,0
1.66184,0.00381234,0.00127157,0
1.66283,0.00400227,0.00143954,0
1.66382,0.00409561,0.00146191,0
1.66494,0.00409561,0.00146191,0
1.66598,0.00405507,0.00136494,0
1.66706,0.00405507,0.00136494,0
1.66827,0.00411518,0.00144084,0
1.66878,0.00412496,0.00142766,0
1.67,0.00413662,0.00143436,0
1.67089,0.00413662,0.00143436,0
1.67172,0.0041405,0.00142124,0
1.67277,0.00401618,0.00129309,0
1.67425,0.00375578,0.00119745,0
1.67478,0.00384186,0.00120907,0
1.67582,0.00414832,0.00141424,0
1.67696,0.00414832,0.00141424,0
1.6779,0.00417763,0.00141166,0
1.67881,0.0041873,0.00140456,0
1.68028,0.00409525,0.0013819,0
1.68096,0.00409171,0.00137071,0
1.68213,0.00409117,0.00136831,0
1.68288,0.00409547,0.00135692,0
1.68377,0.00409726,0.00135521,0
1.68478,0.00410218,0.00134469,0
1.68585,0.00423949,0.00147332,0
1.68679,0.00417626,0.00138594,0
1.68783,0.00401082,0.0013026,0
1.68881,0.00400123,0.00129739,0
1.68994,0.00420503,0.00146391,0
1.69075,0.00416004,0.00134827,0
1.69188,0.00400552,0.00126566,0
1.69273,0.00399942,0.00126138,0
1.69406,0.00400063,0.00124917,0
1.69478,0.00400234,0.00124707,0
1.6959,0.00400721,0.00123628,0
1.69715,0.00400971,0.0012349,0
1.69787,0.00391541,0.00120225,0
1.69883,0.003767,0.00106802,0
1.69992,0.00390459,0.00118395,0
1.70099,0.00390351,0.00117952,0
1.70195,0.00390583,0.00116678,0
1.70298,0.00390607,0.00116367,0
1.70391,0.00390978,0.00115183,0
1.70485,0.00381097,0.00112784,0
1.70614,0.00380246,0.00111326,0
1.70707,0.00379801,0.00110756,0
1.70787,0.003799,0.00109312,0
1.70915,0.00379796,0.00108877,0
1.71001,0.00380061,0.00107587,0
1.71088,0.00380126,0.00107263,0
1.71189,0.00380546,0.00106065,0
1.71293,0.00380747,0.00105825,0
1.71394,0.00381287,0.00104702,0
1.71486,0.00381594,0.00104529,0
1.71619,0.00372144,0.00101424,0
1.71705,0.00371183,0.0010097,0
1.71787,0.00371199,0.000995453,0
1.71893,0.00371246,0.000988313,0
1.72007,0.00371359,0.000982474,0
1.72083,0.00371767,0.000969838,0
1.72194,0.00363279,0.000888386,0
1.72302,0.00388281,0.0010223,0
1.72383,0.0036317,0.000932458,0
1.72494,0.00346801,0.000789601,0
1.72584,0.00361232,0.00091058,0
1.72677,0.00361497,0.000896065,0
1.72781,0.00361542,0.000891858,0
1.72875,0.00346874,0.000770987,0
1.73002,0.00362137,0.000876359,0
1.73083,0.00347502,0.000738205,0
1.73189,0.00347772,0.000736442,0
1.73282,0.00337772,0.000711794,0
1.73374,0.0033358,0.000840876,0
1.73477,0.00320417,0.00086615,0
1.73575,0.00313248,0.00082667,0
1.73678,0.00347394,0.00110413,0
1.73786,0.00387136,0.00133676,0
1.73877,0.00374593,0.0011919,0
1.73985,0.00358549,0.00109984,0
1.74079,0.00373419,0.00119385,0
1.74181,0.00374053,0.00112226,0
1.74285,0.00359118,0.00102476,0
1.7439,0.00373959,0.00113045,0
1.7448,0.00364751,0.00103543,0
1.7458,0.00386132,0.00119979,0
1.74677,0.00386132,0.00119979,0
1.74788,0.00368674,0.00102569,0
1.74877,0.00362474,0.000995276,0
1.74982,0.00347046,0.000876349,0
1.75108,0.00347023,0.000830672,0
1.75176,0.00351967,0.000922021,0
1.75279,0.00350867,0.000850635,0
1.75384,0.00335703,0.000759191,0
1.75489,0.0035061,0.000867391,0
1.75574,0.00356316,0.000894327,0
1.75681,0.00381984,0.000970417,0
1.75778,0.00352325,0.000759658,0
1.75896,0.0033552,0.000677609,0
1.76008,0.0033552,0.000677609,0
1.76089,0.00367426,0.000840855,0
1.76192,0.00374558,0.000877934,0
1.76279,0.0036873,0.000815973,0
1.76387,0.00358441,0.000722033,0
1.76476,0.00341338,0.000693106,0
1.76584,0.00339054,0.000612969,0
1.76677,0.00339324,0.00065487,0
1.76779,0.00354334,0.000700144,0
1.76876,0.00354484,0.000689866,0
1.76977,0.00338074,0.000548203,0
1.77104,0.00321567,0.000470621,0
1.77184,0.00337308,0.000573812,0
1.77292,0.00326167,0.00049637,0
1.77395,0.00326596,0.000534356,0
1.77482,0.00340807,0.000583869,0
1.77586,0.00324812,0.000447503,0
1.7772,0.00325445,0.000494177,0
1.77808,0.00325765,0.000499464,0
1.7787,0.00340522,0.0005419,0
1.78001,0.00340952,0.000534483,0
1.78096,0.00324717,0.000402323,0
1.78179,0.00308332,0.000323761,0
1.78281,0.00328694,0.000472564,0
1.78372,0.00328694,0.000472564,0
1.78473,0.00313445,0.000378143,0
1.78577,0.00313445,0.000378143,0
1.7868,0.00328936,0.000416009,0
1.78777,0.00329091,0.000410144,0
1.78879,0.00329353,0.000394817,0
1.78981,0.00312136,0.000268647,0
1.79077,0.00313956,0.000308939,0
1.79176,0.00328882,0.000367475,0
1.79296,0.00329574,0.000347379,0
1.79376,0.00304447,0.000274252,0
1.7948,0.00318327,0.000321475,0
1.79577,0.00318637,0.000313545,0
1.79689,0.00318702,0.000291781,0
1.79775,0.00318582,0.000284982,0
1.79881,0.0031916,0.000274653,0
1.79975,0.00318756,0.000262334,0
1.80072,0.00286084,6.61712e-05,0
1.80179,0.00318292,0.000241225,0
1.80284,0.00319746,0.000232511,0
1.80372,0.00320168,0.000228781,0
1.80511,0.00310583,0.000206314,0
1.80582,0.00310583,0.000206314,0
1.80678,0.00309324,0.000182024,0
1.80772,0.00309159,0.000173708,0
1.80877,0.00309336,0.000157038,0
1.80987,0.00308945,0.000144873,0
1.81078,0.00309239,0.00012922,0
1.8117,0.00309603,0.000128667,0
1.81277,0.00309666,0.000108375,0
1.81379,0.00309992,0.000113768,0
1.81488,0.0029512,3.15286e-05,0
1.81589,0.00309778,8.52908e-05,0
1.81685,0.00310447,7.33545e-05,0
1.81774,0.00301191,5.31368e-05,0
1.81873,0.00299994,4.69645e-05,0
1.81974,0.00299964,2.92964e-05,0
1.82077,0.00300141,2.62901e-05,0
1.82179,0.00300141,2.62901e-05,0
1.82272,0.0029994,2.91795e-06,0
1.82377,0.00282247,0.000127801,0
1.82483,0.00282247,0.000127801,0
1.82578,0.0029959,4.1746e-05,0
1.82679,0.00282343,0.000155836,0
1.82781,0.00286162,0.000116791,0
1.82879,0.00286162,0.000116791,0
1.82974,0.00291478,8.70939e-05,0
1.83084,0.00290488,9.3033e-05,0
1.83191,0.00290435,0.000110899,0
1.83282,0.0029076,0.000105448,0
1.83429,0.002906,0.000114222,0
1.83494,0.00290774,0.000131484,0
1.83586,0.0029069,0.000138865,0
1.83676,0.00296095,0.000106406,0
1.83777,0.00280669,0.000188172,0
1.8388,0.00279412,0.000198492,0
1.83986,0.00279157,0.000219177,0
1.84075,0.00278868,0.000228976,0
1.84181,0.00279193,0.000223497,0
1.84286,0.0026025,0.000360519,0
1.84391,0.0026025,0.000360519,0
1.84497,0.00264413,0.000325978,0
1.84575,0.00259282,0.000385951,0
1.84691,0.00245692,0.000459774,0
1.84825,0.00278524,0.000301934,0
1.84892,0.00280108,0.000324329,0
1.8498,0.00280108,0.000324329,0
1.85105,0.00270962,0.000346406,0
1.8519,0.00269715,0.000353428,0
1.85277,0.00269341,0.000377784,0
1.85421,0.00269155,0.000387321,0
1.85479,0.00269811,0.000376289,0
1.85572,0.00269524,0.000407764,0
1.85679,0.00269445,0.000430231,0
1.85789,0.00269427,0.000437424,0
1.85872,0.00269756,0.000431898,0
1.8598,0.0025083,0.000561418,0
1.86082,0.00236297,0.000638228,0
1.86194,0.00259429,0.000484262,0
1.8628,0.00240095,0.000602423,0
1.86391,0.00225086,0.000672721,0
1.86513,0.0024476,0.000561999,0
1.86575,0.00263194,0.000485256,0
1.86676,0.00282918,0.000374956,0
1.86776,0.00253438,0.000604313,0
1.86881,0.00240387,0.00066728,0
1.86981,0.00259354,0.000579722,0
1.8708,0.00249459,0.000587139,0
1.87203,0.00248332,0.000605443,0
1.87315,0.00247808,0.000616707,0
1.87401,0.00247775,0.000637304,0
1.87492,0.00247468,0.000647376,0
1.8761,0.00247539,0.000666201,0
1.87691,0.00267098,0.000574251,0
1.87783,0.00261541,0.000634002,0
1.879,0.0026845,0.00060129,0
1.88003,0.0026205,0.000657461,0
1.88093,0.00239552,0.000725408,0
1.88177,0.00237312,0.000733869,0
1.88288,0.00236859,0.000755671,0
1.88395,0.00236473,0.000767681,0
1.88481,0.00236421,0.000787782,0
1.8858,0.0023612,0.000797646,0
1.88684,0.00216277,0.000916957,0
1.88821,0.00236023,0.000825174,0
1.88882,0.00236208,0.000842937,0
1.88982,0.00236122,0.000850856,0
1.89088,0.002069,0.000963352,0
1.89231,0.00225415,0.000873469,0
1.89304,0.0022519,0.000894583,0
1.89415,0.00224821,0.000906281,0
1.89484,0.00224802,0.000926318,0
1.89607,0.0022453,0.000936189,0
1.8968,0.00224302,0.000960565,0
1.89801,0.00224476,0.000963785,0
1.89889,0.00204624,0.00105485,0
1.8998,0.00224603,0.000989586,0
1.90079,0.00245076,0.000909351,0
1.90221,0.00245076,0.000909351,0
1.90277,0.00224849,0.00103079,0
1.90385,0.00195422,0.00113106,0
1.90476,0.00207909,0.00109897,0
1.90579,0.00215214,0.00106365,0
1.90679,0.00194053,0.001178,0
1.90779,0.00193597,0.00119105,0
1.90877,0.00193392,0.00120282,0
1.90977,0.00193452,0.00122152,0
1.91082,0.00193233,0.00123003,0
1.9118,0.00184156,0.00124117,0
1.91291,0.00203024,0.00115725,0
1.91376,0.00182207,0.001272,0
1.9148,0.00181721,0.00128431,0
1.91578,0.00202131,0.00121274,0
1.91682,0.00172033,0.00130822,0
1.918,0.00191101,0.0012363,0
1.91894,0.00191101,0.0012363,0
1.9198,0.00182432,0.001319,0
1.9208,0.0019063,0.00128619,0
1.92185,0.00169079,0.00139827,0
1.92307,0.00169079,0.00139827,0
1.92415,0.00181205,0.00132993,0
1.92495,0.00181205,0.00132993,0
1.92588,0.00174267,0.00141885,0
1.92674,0.00177756,0.00137982,0
1.9278,0.00156617,0.00148976,0
1.92882,0.00152474,0.00155408,0
1.92984,0.00152363,0.0015801,0
1.93077,0.00173478,0.00148577,0
1.93177,0.00173478,0.00148577,0
1.93304,0.0014543,0.00164792,0
1.93381,0.00183888,0.00152294,0
1.93475,0.00183888,0.00152294,0
1.93577,0.00175932,0.00152842,0
1.93708,0.00167089,0.00158919,0
1.93774,0.0015525,0.00164506,0
1.93894,0.00188248,0.00151904,0
1.93992,0.0017251,0.00156827,0
1.94086,0.00147127,0.00165675,0
1.94214,0.00147127,0.00165675,0
1.943,0.00156914,0.00164658,0
1.94406,0.00145582,0.00170758,0
1.94477,0.00145582,0.00170758,0
1.94576,0.00177374,0.00161061,0
1.94706,0.0015717,0.00170426,0
1.94778,0.00166055,0.00167699,0
1.94882,0.00156154,0.0017286,0
1.9499,0.00166004,0.00170235,0
1.95089,0.00168538,0.00165778,0
1.952,0.00147011,0.00175927,0
1.95278,0.00133953,0.00181623,0
1.954,0.00134275,0.00181032,0
1.95474,0.00164938,0.00172823,0
1.95602,0.00165277,0.0017226,0
1.95678,0.00166325,0.00174618,0
1.95782,0.00166058,0.00175623,0
1.95898,0.00169783,0.00172156,0
1.96009,0.0019042,0.00164848,0
1.9609,0.00169185,0.00175079,0
1.96187,0.0016501,0.00181556,0
1.96282,0.0016512,0.00183687,0
1.96378,0.00164767,0.00184549,0
1.96482,0.00156454,0.00184744,0
1.96585,0.00154734,0.00185546,0
1.96684,0.00154298,0.00187723,0
1.96786,0.00153711,0.00189245,0
1.9689,0.00153126,0.00190627,0
1.96996,0.00152807,0.00192728,0
1.97085,0.00152191,0.00193816,0
1.97202,0.0015192,0.00195827,0
1.97286,0.00151345,0.00196852,0
1.97391,0.00151104,0.00198806,0
1.975,0.00150552,0.00199781,0
1.9762,0.00142203,0.00200007,0
1.97708,0.00140235,0.00200986,0
1.97782,0.00139561,0.00203339,0
1.97902,0.00138672,0.00204776,0
1.98013,0.00138108,0.00207066,0
1.98095,0.00136916,0.00208895,0
1.98199,0.00136769,0.00210516,0
1.98305,0.00135991,0.00211697,0
1.98398,0.00127593,0.00211978,0
1.98498,0.00125443,0.00213114,0
1.98594,0.00124606,0.00215623,0
1.98698,0.00123566,0.002172,0
1.98792,0.00122865,0.0021962,0
1.9888,0.00143441,0.00213735,0
1.99008,0.00132523,0.00220095,0
1.99076,0.00121632,0.00224464,0
1.99183,0.00120283,0.00226496,0
1.99329,0.00120283,0.00226496,0
1.99378,0.000880277,0.00234999,0
1.99481,0.000867767,0.00236582,0
1.99578,0.0010445,0.00237257,0
1.99697,0.0010445,0.00237257,0
1.99779,0.000796767,0.00243624,0
1.99883,0.00101784,0.00236152,0
1.99978,0.000809312,0.00228025,0
2.001,0.000683377,0.00231188,0
2.00209,0.000996451,0.00223357,0
2.00294,0.000998237,0.00224895,0
2.00381,0.00102939,0.00223778,0
2.00506,0.000915825,0.00227767,0
2.00592,0.000974087,0.00230994,0
2.00686,0.000976654,0.00232478,0
2.00789,0.000975909,0.00234834,0
2.00878,0.000971039,0.0023581,0
2.00996,0.000679684,0.0024389,0
2.01125,0.00088177,0.00238641,0
2.01186,0.000873539,0.00240219,0
2.01294,0.000868941,0.00242848,0
2.0142,0.000860804,0.00244127,0
2.01494,0.000856627,0.00246606,0
2.016,0.000849228,0.00247803,0
2.01718,0.000845746,0.0025022,0
2.01803,0.000621044,0.00257795,0
2.01878,0.000835903,0.00253729,0
2.01993,0.000760143,0.00253909,0
2.02083,0.000744426,0.00256248,0
2.02178,0.000514767,0.00264233,0
2.02278,0.000725452,0.00259665,0
2.02388,0.000725452,0.00259665,0
2.02486,0.000710128,0.00263583,0
2.02597,0.000484927,0.00272245,0
2.02683,0.00062879,0.0026629,0
2.02778,0.000611359,0.00268731,0
2.02887,0.000599006,0.0027022,0
2.03,0.000591266,0.00272994,0
2.03089,0.000578539,0.00275027,0
2.03221,0.000573426,0.00277041,0
2.03309,0.000344087,0.00284651,0
2.03397,0.000335545,0.00286171,0
2.03478,0.000330179,0.00288665,0
2.03573,0.000542018,0.00283976,0
2.03674,0.000474015,0.00285273,0
2.03787,0.000451426,0.00286355,0
2.03881,0.000442778,0.00289061,0
2.03975,0.000431461,0.00290549,0
2.04076,0.000423985,0.00293202,0
2.04175,0.000413439,0.00294542,0
2.04277,0.000407001,0.00297102,0
2.04376,0.000398278,0.00298699,0
2.04477,0.00039023,0.00300259,0
2.04572,0.000164394,0.00308469,0
2.04678,0.000377883,0.00305343,0
2.04777,0.000374603,0.00308772,0
2.04899,8.3528e-05,0.00313931,0
2.05011,0.000288395,0.00311818,0
2.05082,0.000277835,0.00314628,0
2.05176,0.000270991,0.00318352,0
2.0528,0.000260715,0.00320906,0
2.05387,0.000253881,0.00324278,0
2.05484,3.94305e-05,0.00328763,0
2.05594,5.90053e-05,0.00331708,0
2.0569,0.000148427,0.00328889,0
2.05793,8.23716e-05,0.00337516,0
2.05883,9.53532e-05,0.00339735,0
2.05979,0.000104745,0.00342787,0
2.06083,0.000117045,0.00344751,0
2.06177,0.000123646,0.00347625,0
2.06282,0.000137604,0.00349345,0
2.06401,0.00014379,0.00352035,0
2.0648,6.36773e-05,0.00348607,0
2.0658,3.36151e-06,0.00347856,0
2.06678,2.6555e-05,0.00349483,0
2.06779,4.06393e-05,0.00351591,0
2.06879,5.16725e-05,0.00354511,0
2.06974,6.60551e-05,0.00356298,0
2.07078,7.68819e-05,0.00358964,0
2.07201,9.06454e-05,0.00360579,0
2.07279,0.000100896,0.00363098,0
2.07387,0.000114205,0.00364582,0
2.07479,0.000124112,0.00366979,0
2.0758,0.000137162,0.00368354,0
2.07677,0.000202306,0.0036716,0
2.07776,0.000227539,0.00368301,0
2.07877,0.000240687,0.00370977,0
2.07992,0.000477552,0.00377194,0
2.08083,0.000269182,0.00375336,0
2.08209,0.00028481,0.00376888,0
2.08283,0.00029688,0.0037935,0
2.08373,0.000311952,0.00380783,0
2.08499,0.000323587,0.00383138,0
2.08573,0.000559228,0.00388722,0
2.08686,0.000570593,0.00390952,0
2.08776,0.000416083,0.0038429,0
2.08877,0.000439357,0.00386319,0
2.08987,0.00045722,0.0038796,0
2.09078,0.000471316,0.00390635,0
2.09178,0.000709459,0.00396254,0
2.09283,0.000502662,0.00394705,0
2.09387,0.000519523,0.00396158,0
2.09477,0.000532887,0.00398535,0
2.09579,0.000549322,0.00399889,0
2.09711,0.00056236,0.00402177,0
2.09779,0.000795637,0.0040755,0
2.09879,0.000593075,0.00405157,0
2.10001,0.000826285,0.00411104,0
2.1009,0.000669256,0.00404583,0
2.10179,0.000693715,0.00406523,0
2.10278,0.000713053,0.004081,0
2.10378,0.00094892,0.00414321,0
2.10495,0.000747804,0.00412262,0
2.1058,0.00098348,0.00418234,0
2.10723,0.000759966,0.00414215,0
2.10795,0.0010171,0.00421932,0
2.10878,0.0010169,0.00419521,0
2.10983,0.00109365,0.00421087,0
2.11078,0.00111959,0.00422484,0
2.11184,0.00113759,0.00425148,0
2.11292,0.00115837,0.00426816,0
2.11378,0.00117586,0.00429354,0
2.11479,0.000979628,0.00427631,0
2.11581,0.00121309,0.00433258,0
2.11672,0.00123579,0.00434624,0
2.11783,0.00124928,0.00436953,0
2.1188,0.00126872,0.00438246,0
2.11992,0.00128773,0.00440461,0
2.12081,0.00134709,0.00437333,0
2.12189,0.00137103,0.00439284,0
2.12277,0.00117722,0.00437957,0
2.12374,0.0011962,0.00441126,0
2.12484,0.00137863,0.0044599,0
2.12578,0.00123956,0.00448084,0
2.12676,0.00143156,0.00453331,0
2.12797,0.00142278,0.0045211,0
2.1295,0.001293,0.00452466,0
2.1298,0.001293,0.00452466,0
2.13085,0.0013246,0.00452664,0
2.13174,0.00134923,0.00454486,0
2.13297,0.00158545,0.00459374,0
2.13379,0.00138538,0.00457631,0
2.13488,0.00140353,0.00459867,0
2.13621,0.00142486,0.00461097,0
2.13693,0.00142147,0.00460629,0
2.13777,0.00167868,0.004668,0
2.13897,0.00156329,0.00460319,0
2.13983,0.00155949,0.00462783,0
2.1408,0.00178708,0.00467849,0
2.14178,0.00164278,0.00465677,0
2.14277,0.00187506,0.00467126,0
2.144,0.00170077,0.00469564,0
2.14486,0.00168088,0.00474359,0
2.14615,0.00168088,0.00474359,0
2.14676,0.0016965,0.00476038,0
2.14801,0.001738,0.00479351,0
2.14883,0.00175674,0.00481458,0
2.14979,0.00180732,0.00477641,0
2.15079,0.00204875,0.00481274,0
2.15184,0.00190107,0.00478953,0
2.15282,0.00189449,0.00483508,0
2.15382,0.00212454,0.0048704,0
2.15485,0.00197225,0.00485636,0
2.15584,0.00197016,0.00489096,0
2.15685,0.00198724,0.00492143,0
2.15775,0.00200758,0.00493457,0
2.15884,0.00221927,0.00494593,0
2.15982,0.00206645,0.00497046,0
2.16104,0.00206312,0.00496601,0
2.16175,0.00228993,0.00499754,0
2.16298,0.00213371,0.00498017,0
2.16406,0.00213457,0.00501529,0
2.16481,0.00217036,0.00498677,0
2.16588,0.0022029,0.00499453,0
2.16697,0.00222571,0.00501786,0
2.16786,0.0022514,0.00503259,0
2.16888,0.00227417,0.00505626,0
2.16988,0.00230009,0.00506961,0
2.17079,0.00232275,0.00509234,0
2.17177,0.00234853,0.00510494,0
2.17279,0.00237111,0.00512697,0
2.1739,0.0026097,0.00514901,0
2.17475,0.0024195,0.00516038,0
2.17602,0.00246332,0.00511747,0
2.17705,0.00249479,0.00513499,0
2.17795,0.00252312,0.00514988,0
2.17884,0.00254816,0.00517542,0
2.17975,0.0025766,0.00519015,0
2.18094,0.00260171,0.00521405,0
2.18187,0.00262981,0.00522768,0
2.18301,0.0028659,0.00525731,0
2.18406,0.00268246,0.00526344,0
2.18506,0.00270707,0.00528565,0
2.18593,0.00273481,0.0052977,0
2.18694,0.0027725,0.00526273,0
2.18802,0.00280845,0.0052705,0
2.18902,0.00283524,0.00529534,0
2.19001,0.00286508,0.00531118,0
2.19098,0.0028919,0.00533581,0
2.1922,0.00292099,0.00535255,0
2.19312,0.00294976,0.0053683,0
2.19396,0.00297598,0.00539149,0
2.19487,0.00300527,0.00540422,0
2.19592,0.00303128,0.00542637,0
2.19681,0.00306909,0.00537983,0
2.19799,0.00310273,0.00539737,0
2.19894,0.00313389,0.00541244,0
2.20001,0.00316175,0.00543812,0
2.2009,0.00319289,0.00545292,0
2.2021,0.00322066,0.00547684,0
2.20296,0.00325135,0.00549043,0
2.20389,0.00327868,0.00551332,0
2.20482,0.00330901,0.00552595,0
2.20595,0.00333188,0.00552806,0
2.20686,0.0033626,0.00555579,0
2.20784,0.00339056,0.00558105,0
2.20877,0.00342344,0.0055315,0
2.20987,0.00345773,0.00554784,0
2.21075,0.00348992,0.00556204,0
2.21194,0.00351886,0.00558692,0
2.21286,0.0033494,0.00560562,0
2.21381,0.00357617,0.00566731,0
2.21501,0.00380546,0.0056313,0
2.21571,0.00384308,0.00565351,0
2.21677,0.00366635,0.00566638,0
2.21776,0.00389503,0.00568133,0
2.21877,0.00372441,0.00571673,0
2.21974,0.00375899,0.00572521,0
2.22079,0.00398618,0.00566044,0
2.22175,0.0040225,0.00572326,0
2.22275,0.00384376,0.00569852,0
2.22386,0.00407837,0.0057094,0
2.22479,0.00411003,0.00570857,0
2.22577,0.00393975,0.00574545,0
2.22677,0.00377297,0.00578246,0
2.22776,0.00400421,0.00576867,0
2.22876,0.00383194,0.00581277,0
2.22978,0.00406451,0.00580225,0
2.23075,0.00428631,0.00582186,0
2.23175,0.00432117,0.00582156,0
2.23278,0.00433701,0.00578594,0
2.23374,0.00438461,0.0057992,0
2.23477,0.00440836,0.00581759,0
2.23576,0.00440836,0.00581759,0
2.23678,0.00447928,0.00585819,0
2.23778,0.00451217,0.00586619,0
2.23876,0.00434653,0.00591612,0
2.23982,0.00459416,0.00597039,0
2.2409,0.00460258,0.00593661,0
2.24203,0.00444982,0.00595801,0
2.24314,0.00469378,0.00601733,0
2.24376,0.00471001,0.00597632,0
2.24475,0.00474403,0.00597597,0
2.24611,0.00474403,0.00597597,0
2.24684,0.00460214,0.00595974,0
2.24776,0.00460214,0.00595974,0
2.24881,0.0046642,0.0059973,0
2.24982,0.00492017,0.00604383,0
2.25105,0.00472991,0.00602632,0
2.25184,0.00498634,0.00607246,0
2.25276,0.00498593,0.00603325,0
2.25375,0.00503409,0.00604263,0
2.25508,0.00508573,0.0061192,0
2.2559,0.00506611,0.00599917,0
2.25707,0.00491809,0.00603029,0
2.25816,0.00491809,0.00603029,0
2.26035,0.00501416,0.00611176,0
2.26092,0.00501832,0.00606933,0
2.2619,0.00524943,0.00604309,0
2.26289,0.00511991,0.00611135,0
2.26399,0.00533641,0.00610246,0
2.26486,0.00534584,0.0060524,0
2.26576,0.00515117,0.00607397,0
2.26689,0.00515117,0.00607397,0
2.26778,0.00540841,0.00608108,0
2.26876,0.00548756,0.00616451,0
2.26974,0.00551272,0.00617611,0
2.27081,0.00554389,0.00619465,0
2.27177,0.00557718,0.0062013,0
2.27283,0.00560727,0.00621772,0
2.27373,0.00564042,0.00622419,0
2.27483,0.00564544,0.006167,0
2.27576,0.00548297,0.00620134,0
2.27676,0.00556218,0.00629468,0
2.27778,0.00574443,0.00620211,0
2.27877,0.00555271,0.00617256,0
2.27977,0.0058235,0.00621925,0
2.28079,0.00580786,0.00617407,0
2.28178,0.00566869,0.00621278,0
2.28282,0.00593302,0.00627244,0
2.2838,0.00591865,0.00621504,0
2.2848,0.00577655,0.00626263,0
2.28584,0.00604459,0.00631137,0
2.28682,0.00602394,0.00626075,0
2.28784,0.00588502,0.00629827,0
2.28879,0.0061509,0.00635595,0
2.28977,0.00609279,0.00621638,0
2.29076,0.00595355,0.00625773,0
2.29183,0.00622488,0.00630779,0
2.29277,0.00620039,0.00625774,0
2.29376,0.00606306,0.00630151,0
2.29478,0.00633417,0.0063519,0
2.29595,0.00630685,0.00629825,0
2.29678,0.00617051,0.00633898,0
2.29779,0.00644027,0.00639615,0
2.29887,0.00641306,0.00632979,0
2.29976,0.00627419,0.0063802,0
2.30077,0.00654798,0.00642684,0
2.30183,0.00647119,0.00628913,0
2.30277,0.00633742,0.00632366,0
2.30383,0.00661067,0.00638222,0
2.30478,0.00658009,0.00631676,0
2.30578,0.00644388,0.00637098,0
2.30682,0.00672069,0.00641805,0
2.30777,0.00668446,0.00635875,0
2.30877,0.0065517,0.00640286,0
2.30971,0.00672602,0.00635812,0
2.3108,0.00679048,0.00638719,0
2.31177,0.00665536,0.00644102,0
2.31285,0.00693426,0.00648657,0
2.31377,0.00684231,0.00634151,0
2.31477,0.00688236,0.00633461,0
2.31581,0.0069196,0.0063549,0
2.31679,0.00678866,0.00641052,0
2.31784,0.00706667,0.00646659,0
2.3188,0.00694835,0.00652381,0
2.31987,0.00690008,0.00644919,0
2.3208,0.00715903,0.00648414,0
2.32179,0.00721102,0.00650912,0
2.32285,0.00691407,0.00638121,0
2.32378,0.00720163,0.00642789,0
2.32484,0.00715613,0.00635301,0
2.32576,0.00719498,0.00636646,0
2.32676,0.00723646,0.00637617,0
2.32777,0.00727433,0.00639527,0
2.3288,0.00731413,0.00640631,0
2.32986,0.0073535,0.00641622,0
2.33097,0.00739031,0.00643339,0
2.33181,0.00726535,0.00649131,0
2.33279,0.00748937,0.00646092,0
2.33405,0.00727266,0.00642436,0
2.335,0.00756042,0.00647443,0
2.33582,0.00745431,0.00654171,0
2.3371,0.00745381,0.00654533,0
2.33779,0.00745381,0.00654533,0
2.33882,0.00765364,0.00649871,0
2.33982,0.00768579,0.00651284,0
2.34123,0.00768323,0.00651036,0
2.34198,0.00768067,0.0065079,0
2.3428,0.00769137,0.00650562,0
2.34389,0.00773053,0.00652278,0
2.34477,0.00773053,0.00652278,0
2.34582,0.00773053,0.00652278,0
2.34672,0.00773053,0.00652278,0
2.34776,0.00793364,0.00647137,0
2.34876,0.00793364,0.00647137,0
2.34977,0.00794001,0.00671172,0
2.35077,0.00794001,0.00671172,0
2.35178,0.00811948,0.00690314,0
2.35303,0.00811948,0.00690314,0
2.35374,0.00822527,0.00700947,0
2.35486,0.00817243,0.00714854,0
2.3559,0.00839603,0.00711057,0
2.35685,0.00825847,0.00714758,0
2.3581,0.00828425,0.00714079,0
2.35929,0.00831178,0.00712495,0
2.36003,0.00833703,0.00711973,0
2.36076,0.00836579,0.00710566,0
2.36188,0.00839224,0.0071021,0
2.36286,0.00842209,0.00708957,0
2.36386,0.00844954,0.00708739,0
2.36486,0.00848028,0.0070761,0
2.36584,0.00850853,0.00707504,0
2.36696,0.00854,0.00706475,0
2.36784,0.00849102,0.00697474,0
2.36878,0.00852004,0.0069577,0
2.36979,0.00855012,0.00696057,0
2.37095,0.00877689,0.00690922,0
2.37185,0.0087192,0.00706177,0
2.37277,0.0086367,0.00695658,0
2.37408,0.00866909,0.00694583,0
2.3748,0.00869917,0.00694856,0
2.37587,0.00873392,0.00694398,0
2.37703,0.00876608,0.00694883,0
2.37779,0.00880116,0.00694396,0
2.37914,0.00901767,0.00689918,0
2.37986,0.00898008,0.0070486,0
2.38094,0.00880562,0.00685732,0
2.38198,0.00898566,0.00676861,0
2.38278,0.00886685,0.00684223,0
2.38396,0.00890313,0.00684136,0
2.38532,0.00893691,0.00684927,0
2.38578,0.00912198,0.00677707,0
2.3869,0.00915152,0.00678344,0
2.38783,0.00904342,0.00685216,0
2.38877,0.00922026,0.00678708,0
2.38984,0.00912671,0.0066721,0
2.39079,0.00902106,0.00674822,0
2.39181,0.00933473,0.00678809,0
2.39281,0.00923994,0.0066917,0
2.39377,0.00927772,0.00668375,0
2.39482,0.00931645,0.0066942,0
2.3959,0.00931645,0.0066942,0
2.39706,0.00943418,0.00672309,0
2.39777,0.00960427,0.00683229,0
2.39884,0.00949218,0.00672668,0
2.39989,0.00952416,0.00671607,0
2.40091,0.00941389,0.00660544,0
2.40224,0.00931354,0.00667614,0
2.40304,0.00962676,0.00672347,0
2.40415,0.00952449,0.00661461,0
2.40516,0.00960223,0.00663722,0
2.40619,0.00958769,0.0066109,0
2.40704,0.00958769,0.0066109,0
2.40824,0.00980585,0.00654545,0
2.40895,0.00966614,0.00662315,0
2.40982,0.00956798,0.00671203,0
2.41078,0.00965053,0.00673442,0
2.41188,0.00967897,0.00673014,0
2.41284,0.00970993,0.00673662,0
2.41401,0.0097417,0.00673227,0
2.41496,0.0097708,0.00673728,0
2.41622,0.00980273,0.00673259,0
2.41688,0.00983205,0.00673736,0
2.418,0.00978169,0.00683784,0
2.41879,0.0100363,0.00685074,0
2.41983,0.00991737,0.00673242,0
2.42094,0.00994337,0.00672899,0
2.42207,0.00997439,0.00672196,0
2.42296,0.0100049,0.0067269,0
2.42377,0.00993137,0.00662513,0
2.42487,0.0100815,0.00653504,0
2.42578,0.00998834,0.0066176,0
2.42683,0.0100193,0.0066247,0
2.42785,0.010053,0.00662173,0
2.42878,0.0100841,0.00662796,0
2.42983,0.0101178,0.00662449,0
2.43081,0.0101487,0.00663027,0
2.43181,0.0101823,0.00662635,0
2.43334,0.0102131,0.0066317,0
2.43382,0.0102466,0.00662736,0
2.43496,0.0102773,0.00663232,0
2.43625,0.0103106,0.0066276,0
2.43718,0.0102278,0.006534,0
2.43812,0.0102527,0.00652018,0
2.43903,0.0102832,0.0065261,0
2.43977,0.0104386,0.00643236,0
2.44076,0.0103472,0.00652984,0
2.44178,0.0103805,0.0065264,0
2.44302,0.0104111,0.00653219,0
2.44382,0.0104442,0.00652827,0
2.44484,0.0104747,0.00653359,0
2.44577,0.0105077,0.00652922,0
2.44675,0.010538,0.00653411,0
2.44779,0.0105675,0.00633551,0
2.4489,0.0106494,0.0065515,0
2.44982,0.0105034,0.00642791,0
2.45122,0.0105318,0.00641993,0
2.45176,0.01056,0.0064244,0
2.45275,0.0105931,0.0064215,0
2.45376,0.0106236,0.00642752,0
2.45484,0.0106567,0.00642386,0
2.45576,0.0106871,0.00642935,0
2.45681,0.0107201,0.00642519,0
2.45774,0.0107503,0.00643019,0
2.45888,0.0106593,0.00632553,0
2.45976,0.0106794,0.00632101,0
2.46089,0.0107119,0.00631748,0
2.46175,0.0107418,0.00632423,0
2.46273,0.0107743,0.00632104,0
2.46384,0.0108641,0.00635361,0
2.46492,0.0108859,0.00634443,0
2.46582,0.0108909,0.0061461,0
2.46684,0.0109281,0.00633194,0
2.46782,0.0110244,0.0063727,0
2.4693,0.0109749,0.00633066,0
2.46974,0.0106863,0.00610704,0
2.4708,0.0108293,0.00618657,0
2.47177,0.0108699,0.00620299,0
2.47278,0.010802,0.00630575,0
2.47376,0.010999,0.0062367,0
2.47477,0.0109615,0.00620129,0
2.47577,0.010998,0.00621061,0
2.47682,0.0110319,0.00620693,0
2.47786,0.0111638,0.00610764,0
2.47886,0.0110653,0.00600241,0
2.47977,0.011085,0.00599825,0
2.48081,0.0111201,0.00599551,0
2.48179,0.0111496,0.0060025,0
2.48285,0.0110842,0.00610624,0
2.48375,0.0112117,0.00600526,0
2.48478,0.0114442,0.00613216,0
2.48579,0.0112741,0.00601076,0
2.48679,0.0113007,0.00599901,0
2.48783,0.0113298,0.00600224,0
2.4888,0.0113601,0.00599773,0
2.48977,0.0113896,0.00600235,0
2.49076,0.0112833,0.00589782,0
2.49177,0.0113021,0.00588519,0
2.49274,0.0113308,0.00589046,0
2.49377,0.0113619,0.00588717,0
2.4948,0.0113904,0.00589253,0
2.49577,0.0114213,0.00588837,0
2.49686,0.0114213,0.00588837,0
2.49776,0.011391,0.00600062,0
2.49876,0.0115085,0.00589273,0
2.49978,0.0115389,0.00588754,0
2.50083,0.0115667,0.0058913,0
2.50175,0.0115968,0.00588563,0
2.50274,0.0114826,0.00578623,0
2.50377,0.0114818,0.00578618,0
2.50477,0.0114262,0.00573829,0
2.50577,0.0116802,0.00588285,0
2.50678,0.0116493,0.0058554,0
2.50776,0.0115621,0.00596999,0
2.5088,0.0119026,0.00599846,0
2.50984,0.0118549,0.00611327,0
2.51077,0.0118841,0.00611506,0
2.51177,0.0119128,0.00610528,0
2.51278,0.0120222,0.00598835,0
2.51376,0.0120482,0.00597787,0
2.51479,0.0120728,0.00597671,0
2.51579,0.0119512,0.00586231,0
2.51675,0.0119612,0.0058512,0
2.51775,0.011987,0.0058416,0
2.51875,0.0120101,0.00584211,0
2.51973,0.0120356,0.00583304,0
2.52075,0.0119807,0.00595249,0
2.52177,0.0120837,0.00582355,0
2.52277,0.0121883,0.00585985,0
2.52375,0.0121195,0.00580824,0
2.52476,0.0119965,0.00570587,0
2.52576,0.0120042,0.00568516,0
2.52677,0.0120262,0.00568541,0
2.52775,0.0119767,0.00579943,0
2.52876,0.0120744,0.00567872,0
2.5297,0.0121069,0.00582846,0
2.53081,0.0119618,0.00591038,0
2.5319,0.0121493,0.00581837,0
2.53277,0.0121448,0.00565233,0
2.53384,0.0122593,0.00568533,0
2.53474,0.0119444,0.00549349,0
2.53582,0.0118974,0.00561497,0
2.53678,0.0120824,0.00552233,0
2.53778,0.0119503,0.00561303,0
2.53875,0.0121389,0.00552134,0
2.53981,0.0120706,0.00548393,0
2.54077,0.0121057,0.00547998,0
2.54177,0.0121331,0.00548398,0
2.54278,0.012163,0.0054783,0
2.54384,0.0121902,0.0054813,0
2.54482,0.0122191,0.00547487,0
2.5458,0.0122451,0.00547709,0
2.54685,0.0122729,0.00546993,0
2.54776,0.0121385,0.00536706,0
2.54887,0.0121492,0.00534934,0
2.54976,0.0121754,0.00535314,0
2.55079,0.0122012,0.00534679,0
2.55177,0.012224,0.00534873,0
2.55274,0.0122488,0.00534137,0
2.55377,0.0122711,0.00534274,0
2.55476,0.0122954,0.00533486,0
2.55576,0.0123171,0.00533572,0
2.55676,0.0123409,0.00532734,0
2.55783,0.012305,0.00545949,0
2.55884,0.0124778,0.0053582,0
2.55977,0.0122309,0.00520937,0
2.56079,0.0122408,0.00519141,0
2.56178,0.0122408,0.00519141,0
2.56276,0.0122855,0.00518628,0
2.56377,0.0123053,0.00518721,0
2.56505,0.0122741,0.00531292,0
2.56576,0.0122741,0.00531292,0
2.56676,0.0126572,0.00518851,0
2.56778,0.0123256,0.00529928,0
2.56877,0.0123256,0.00529928,0
2.56983,0.0124754,0.00502523,0
2.57079,0.0123812,0.00527672,0
2.57177,0.0123812,0.00527672,0
2.57277,0.0125486,0.00518172,0
2.57376,0.0128231,0.0053135,0
2.57483,0.0128231,0.0053135,0
2.57583,0.0124777,0.00512841,0
2.57677,0.0124389,0.00524521,0
2.57778,0.0127273,0.00539162,0
2.57878,0.012756,0.00538864,0
2.58001,0.0127714,0.005385,0
2.58097,0.0127849,0.00537263,0
2.58179,0.0126735,0.0051162,0
2.58275,0.0126671,0.00510021,0
2.58377,0.0126799,0.005086,0
2.58478,0.0126906,0.00508169,0
2.58576,0.0127036,0.00506833,0
2.58675,0.0127145,0.00506383,0
2.58776,0.0127279,0.0050505,0
2.58876,0.012739,0.00504599,0
2.5898,0.0127525,0.00503264,0
2.59077,0.0127638,0.00502809,0
2.59177,0.0127773,0.00501469,0
2.59288,0.0127882,0.00500889,0
2.59379,0.0128022,0.00499658,0
2.59478,0.0126412,0.00488732,0
2.59569,0.0126359,0.00486366,0
2.59678,0.0126462,0.00485941,0
2.59779,0.0126462,0.00485941,0
2.59879,0.0126342,0.00498791,0
2.59986,0.0127534,0.00501809,0
2.60074,0.0127885,0.00486721,0
2.60175,0.0127885,0.00486721,0
2.60277,0.0128399,0.00518757,0
2.60383,0.0125866,0.00486209,0
2.60476,0.0125566,0.0050092,0
2.60584,0.0127455,0.00493686,0
2.60684,0.0128534,0.00513311,0
2.60777,0.0126277,0.00467447,0
2.6088,0.0130542,0.00506105,0
2.60989,0.0123365,0.00465919,0
2.61071,0.0124135,0.00467207,0
2.61186,0.012599,0.00476549,0
2.61278,0.0131136,0.00487674,0
2.61384,0.0126537,0.00477204,0
2.61476,0.0123202,0.00475054,0
2.61572,0.0126184,0.0048808,0
2.61672,0.0128023,0.00463426,0
2.61782,0.0123711,0.00457245,0
2.61881,0.012467,0.00475834,0
2.61976,0.0126242,0.00499796,0
2.62075,0.0126242,0.00499796,0
2.62176,0.0131218,0.00489224,0
2.62275,0.0124201,0.00453959,0
2.62371,0.0124352,0.00436035,0
2.6248,0.0125486,0.00455836,0
2.62575,0.0125486,0.00455836,0
2.62679,0.0125693,0.00453958,0
2.62779,0.012284,0.00438934,0
2.62878,0.012284,0.00438934,0
2.6298,0.0124864,0.00431886,0
2.63077,0.0122233,0.00433107,0
2.63177,0.0125193,0.00446976,0
2.63286,0.0125226,0.00447359,0
2.63391,0.0125724,0.00447291,0
2.63474,0.012414,0.00436316,0
2.63574,0.012414,0.00436316,0
2.63677,0.0124232,0.00419778,0
2.6377,0.0125394,0.00438152,0
2.63882,0.0125293,0.0045385,0
2.63979,0.0125391,0.0045271,0
2.64079,0.0127386,0.00447131,0
2.64176,0.0124669,0.00432027,0
2.64286,0.0124745,0.0041535,0
2.64436,0.0124772,0.00429906,0
2.64482,0.0124913,0.00429905,0
2.64591,0.0125071,0.00429008,0
2.64691,0.0125205,0.00428937,0
2.64785,0.0125356,0.00427994,0
2.64881,0.0123681,0.00417682,0
2.64985,0.0123613,0.00415684,0
2.651,0.0123719,0.00415548,0
2.65184,0.0123843,0.00414644,0
2.65289,0.0123945,0.00414553,0
2.65383,0.0124066,0.00413603,0
2.65487,0.0124166,0.00413485,0
2.65592,0.0124285,0.00412509,0
2.65705,0.0124382,0.00412362,0
2.65783,0.0124498,0.00411357,0
2.6589,0.0124593,0.00411182,0
2.65989,0.0122895,0.00400025,0
2.66089,0.0123032,0.00385159,0
2.6618,0.0116099,0.00352787,0
2.66277,0.0113919,0.0033082,0
2.66378,0.0114439,0.00329985,0
2.66484,0.0113719,0.00325198,0
2.66586,0.0114095,0.00324077,0
2.66688,0.0114545,0.00324492,0
2.66802,0.0116273,0.00328707,0
2.66878,0.0115437,0.00323835,0
2.66982,0.0114244,0.00314637,0
2.67085,0.0114518,0.00314162,0
2.67179,0.0114946,0.00329415,0
2.67275,0.0117958,0.00326092,0
2.67381,0.0115572,0.00312501,0
2.67478,0.0115643,0.00311471,0
2.67578,0.0115957,0.00310131,0
2.67678,0.0116201,0.00310241,0
2.67777,0.0116469,0.00308762,0
2.67882,0.0116697,0.00308807,0
2.6798,0.0116944,0.00307263,0
2.68083,0.0117155,0.00307264,0
2.68178,0.0117397,0.00305693,0
2.68279,0.0117585,0.00305643,0
2.68383,0.0116359,0.00296453,0
2.68476,0.0116413,0.00295611,0
2.68579,0.0116615,0.00294081,0
2.68679,0.0116737,0.00294001,0
2.68776,0.0116899,0.00292328,0
2.68882,0.0117023,0.00292229,0
2.68982,0.011734,0.00307324,0
2.69077,0.0118766,0.00295833,0
2.69184,0.0117412,0.00288554,0
2.69275,0.0117458,0.00288203,0
2.69387,0.0117602,0.00286473,0
2.69502,0.0117713,0.00286363,0
2.69576,0.0117863,0.00284653,0
2.69678,0.0116536,0.0027706,0
2.69776,0.0116523,0.00274507,0
2.69876,0.0116603,0.00274461,0
2.69982,0.0116698,0.0027274,0
2.70077,0.0118273,0.00278004,0
2.70179,0.0118327,0.00276091,0
2.70308,0.0116749,0.00270124,0
2.70378,0.011678,0.00268155,0
2.70485,0.0118633,0.0029062,0
2.70583,0.0119876,0.00279052,0
2.70678,0.011703,0.00266518,0
2.70778,0.0115502,0.0025626,0
2.70876,0.0115423,0.00255403,0
2.70975,0.0115518,0.00253852,0
2.71079,0.0117093,0.00259149,0
2.71176,0.0115551,0.00251886,0
2.71277,0.0115524,0.00251596,0
2.71376,0.0115586,0.00249889,0
2.71476,0.0115619,0.00249822,0
2.71578,0.0115691,0.00248142,0
2.71679,0.0115726,0.00248067,0
2.71772,0.0115797,0.00246378,0
2.71876,0.0115829,0.00246293,0
2.71994,0.011449,0.00237306,0
2.72076,0.0114305,0.00236329,0
2.72175,0.0115973,0.00240094,0
2.72274,0.0115906,0.00239832,0
2.72375,0.0115861,0.00237858,0
2.72482,0.0116104,0.00254914,0
2.72578,0.0116044,0.00252888,0
2.72675,0.0118628,0.00247712,0
2.72779,0.0112287,0.00221654,0
2.72878,0.0113687,0.00227219,0
2.72978,0.0114358,0.00228229,0
2.73083,0.011372,0.00244152,0
2.73177,0.0115485,0.00231864,0
2.73285,0.0114393,0.00229645,0
2.734,0.0114896,0.00230299,0
2.73477,0.0115333,0.00232411,0
2.73577,0.0117523,0.00255178,0
2.7369,0.0115544,0.00228557,0
2.73781,0.0119049,0.0025991,0
2.73876,0.011742,0.00238504,0
2.73979,0.0114273,0.00225668,0
2.7408,0.011421,0.00224777,0
2.74177,0.0114329,0.00225893,0
2.74278,0.0114436,0.00225994,0
2.74381,0.0114461,0.00226746,0
2.74478,0.0114275,0.00225677,0
2.74578,0.0119014,0.00221212,0
2.74677,0.0116748,0.00213914,0
2.74778,0.0115534,0.00210998,0
2.74876,0.0112661,0.00197959,0
2.74978,0.0111379,0.00194476,0
2.75075,0.0110462,0.00191633,0
2.75175,0.0110994,0.00193593,0
2.75275,0.0108623,0.00186918,0
2.75381,0.0109358,0.00189394,0
2.75477,0.0107135,0.00183157,0
2.75579,0.0106552,0.00182156,0
2.75678,0.0106003,0.00180527,0
2.75783,0.0105498,0.00179873,0
2.75876,0.0105054,0.00178558,0
2.75979,0.0102879,0.00169027,0
2.7608,0.0102291,0.00167027,0
2.76179,0.010197,0.00167004,0
2.76278,0.0101672,0.00166219,0
2.76375,0.0101385,0.00166272,0
2.76476,0.0101148,0.0016563,0
2.76577,0.0100923,0.00165835,0
2.76677,0.0100742,0.00165331,0
2.76779,0.0100568,0.00165655,0
2.76889,0.0100434,0.00165258,0
2.76978,0.0100303,0.00165676,0
2.77096,0.0100207,0.0016536,0
2.77178,0.0101387,0.00169547,0
2.77276,0.00999264,0.00165273,0
2.77377,0.00981618,0.00156827,0
2.77477,0.00978971,0.00155705,0
2.77576,0.00978736,0.00156469,0
2.77677,0.00978514,0.00156394,0
2.77777,0.00978176,0.00157076,0
2.77879,0.00978127,0.00157002,0
2.77976,0.00978003,0.00157705,0
2.78076,0.00978143,0.00157647,0
2.78176,0.00978185,0.00158361,0
2.78278,0.00978471,0.00158307,0
2.78377,0.00978642,0.00159019,0
2.78478,0.0097904,0.0015896,0
2.78582,0.00979307,0.00159662,0
2.78678,0.00962726,0.0015076,0
2.78777,0.00960758,0.00150534,0
2.78878,0.0096151,0.00150622,0
2.78979,0.00997622,0.00296126,0
2.79079,0.00982857,0.0030471,0
2.79178,0.00981663,0.00306718,0
2.79287,0.00980813,0.00308053,0
2.79378,0.00991727,0.00307034,0
2.79471,0.00990195,0.0030847,0
2.79575,0.00988868,0.00310333,0
2.79678,0.00975326,0.00314674,0
2.79778,0.00956323,0.00296173,0
2.79876,0.00965938,0.0029473,0
2.79989,0.0095324,0.0029905,0
2.80077,0.00952989,0.00301008,0
2.80178,0.00952944,0.0030226,0
2.80275,0.00952777,0.0030416,0
2.80378,0.00964666,0.00302397,0
2.80486,0.00951955,0.00306952,0
2.80576,0.0095924,0.003264,0
2.80685,0.00989814,0.00344864,0
2.80777,0.0099129,0.0034606,0
2.80876,0.0097256,0.00327555,0
2.80974,0.00931834,0.00291046,0
2.81094,0.00937685,0.00310586,0
2.81175,0.00937685,0.00310586,0
2.81278,0.00930464,0.0029441,0
2.81376,0.00943103,0.00293157,0
2.81475,0.00937799,0.00315534,0
2.81576,0.00943169,0.00295597,0
2.81676,0.00937801,0.00317338,0
2.81777,0.00961385,0.00316065,0
2.81873,0.00939793,0.00319086,0
2.81984,0.0096052,0.00309796,0
2.8209,0.00921948,0.0029805,0
2.82178,0.00923867,0.0027872,0
2.82286,0.00908479,0.00265274,0
2.82375,0.00916267,0.00278384,0
2.82482,0.00938098,0.00270535,0
2.82592,0.00909355,0.00249938,0
2.82677,0.00909355,0.00249938,0
2.82786,0.00945601,0.00274264,0
2.82877,0.00938978,0.00251776,0
2.82974,0.00916312,0.00250189,0
2.83076,0.00945283,0.00261076,0
2.83187,0.0093859,0.0023807,0
2.83286,0.0091593,0.00238042,0
2.83384,0.00929059,0.00239892,0
2.83484,0.00919899,0.00217122,0
2.83577,0.00897711,0.00217244,0
2.8368,0.00901858,0.00200642,0
2.83778,0.00887152,0.00190564,0
2.83887,0.00895962,0.00207148,0
2.83975,0.00895962,0.00207148,0
2.84077,0.00895772,0.00201478,0
2.84176,0.00917986,0.00193543,0
2.84277,0.00889282,0.00177538,0
2.84376,0.00896186,0.0019293,0
2.84477,0.00911125,0.00197004,0
2.84578,0.00901968,0.00174792,0
2.84678,0.0087121,0.001584,0
2.84778,0.00878367,0.00174294,0
2.84876,0.00899787,0.00167257,0
2.84979,0.00871488,0.0015178,0
2.85077,0.00878317,0.00168596,0
2.85177,0.00899851,0.00160836,0
2.85279,0.00871302,0.00146394,0
2.85378,0.00878344,0.00162895,0
2.85478,0.00899819,0.0015532,0
2.85582,0.00871129,0.00141141,0
2.85677,0.00878282,0.00157624,0
2.85775,0.00883942,0.00142478,0
2.85877,0.00853094,0.00126936,0
2.85977,0.00860228,0.00144456,0
2.86076,0.0088097,0.00136609,0
2.8618,0.00852136,0.00123052,0
2.86282,0.00859258,0.00139923,0
2.86375,0.00879772,0.00132815,0
2.8648,0.00851028,0.00118707,0
2.86576,0.00858104,0.00136461,0
2.86676,0.00878727,0.00128631,0
2.86782,0.00849723,0.0011541,0
2.86881,0.00857028,0.00132555,0
2.86978,0.00862101,0.00117414,0
2.87083,0.00830991,0.00102782,0
2.87184,0.00838279,0.00120897,0
2.87276,0.0085811,0.00112901,0
2.87383,0.00829023,0.00100156,0
2.87478,0.00836314,0.0011758,0
2.87576,0.00855908,0.00110301,0
2.87676,0.00826946,0.000969446,0
2.8778,0.00834205,0.00115203,0
2.87881,0.00853897,0.00107192,0
2.8798,0.00824714,0.000946605,0
2.88082,0.00832213,0.00112274,0
2.88176,0.00847042,0.00116922,0
2.88275,0.0085062,0.00100793,0
2.88375,0.00803044,0.000822456,0
2.88479,0.00810652,0.000999228,0
2.8858,0.00829429,0.000924743,0
2.88676,0.00800472,0.000796745,0
2.88778,0.00807939,0.000982835,0
2.88877,0.00826745,0.000900707,0
2.88977,0.00797634,0.000780548,0
2.89076,0.00805359,0.00095999,0
2.8918,0.00823939,0.00088498,0
2.89355,0.00794916,0.000758029,0
2.89438,0.00802575,0.000945273,0
2.89496,0.00821202,0.00086274,0
2.89603,0.00777451,0.000666392,0
2.89681,0.00783174,0.000838648,0
2.89793,0.00801164,0.00076213,0
2.89881,0.00772144,0.000638305,0
2.89976,0.00779761,0.00082699,0
2.90076,0.00808537,0.000938706,0
2.90179,0.00768336,0.000625921,0
2.90276,0.00776245,0.000807887,0
2.90374,0.00790584,0.000850482,0
2.90481,0.00773859,0.000799509,0
2.90606,0.00791154,0.000720268,0
2.90676,0.00747195,0.000516568,0
2.90773,0.00753512,0.000702352,0
2.90884,0.0078201,0.000813363,0
2.90975,0.00753144,0.000704379,0
2.91077,0.00779438,0.000809489,0
2.91176,0.00779438,0.000809489,0
2.91296,0.00766308,0.000605129,0
2.91375,0.00746307,0.000681256,0
2.91476,0.00772985,0.000787277,0
2.91577,0.00761282,0.000591724,0
2.91672,0.00741816,0.00066513,0
2.91801,0.00741816,0.00066513,0
2.91896,0.00768462,0.000772453,0
2.91979,0.00756288,0.000576957,0
2.92079,0.00740572,0.000490542,0
2.92181,0.00741045,0.000494376,0
2.92276,0.00731822,0.000630134,0
2.9238,0.00759914,0.000750162,0
2.92477,0.0074807,0.000547721,0
2.92581,0.00728878,0.000627785,0
2.92677,0.0075553,0.000733501,0
2.92787,0.00755562,0.000739995,0
2.92895,0.00753744,0.000728513,0
2.92978,0.00752013,0.000726234,0
2.93098,0.00750292,0.000716826,0
2.93175,0.00736668,0.000515609,0
2.93275,0.00704127,0.000514668,0
2.93389,0.00728094,0.000614757,0
2.93484,0.00699291,0.000500516,0
2.93576,0.00724771,0.000610665,0
2.93677,0.0071243,0.00040663,0
2.93782,0.00681049,0.000283874,0
2.93881,0.00721014,0.000595188,0
2.93973,0.00721014,0.000595188,0
2.94079,0.00720368,0.000601359,0
2.94175,0.0071866,0.000593893,0
2.94277,0.00689115,0.000303887,0
2.94393,0.00700232,0.000500052,0
2.94478,0.0070221,0.000494215,0
2.94591,0.0070273,0.000498149,0
2.94676,0.00784151,0.000588578,0
2.94776,0.0108503,0.00101787,0
2.9489,0.0108554,0.0010218,0
2.94998,0.0118213,0.00110529,0
2.95082,0.0122638,0.00110544,0
2.95173,0.0122689,0.00110935,0
2.95284,0.0123614,0.0011062,0
2.95376,0.0124502,0.00109048,0
2.95469,0.0125845,0.00106418,0
2.95577,0.0124562,0.000863774,0
2.95683,0.0122974,0.000956318,0
2.95793,0.012231,0.000920006,0
2.95898,0.0121281,0.000708169,0
2.95985,0.0123012,0.000895882,0
2.96097,0.0123354,0.000890539,0
2.96189,0.0123596,0.000872236,0
2.96278,0.0123547,0.000861986,0
2.96378,0.0122587,0.000830121,0
2.96494,0.0122391,0.000819831,0
2.96592,0.0120271,0.000777149,0
2.96676,0.0116639,0.000727335,0
2.96791,0.0111933,0.000467984,0
2.96877,0.0108801,0.000556234,0
2.96976,0.0104363,0.000297837,0
2.97075,0.0101654,0.000263679,0
2.97179,0.00991237,0.000221628,0
2.97274,0.00981414,0.000403083,0
2.97379,0.00945557,0.000165885,0
2.97476,0.00925005,0.000143489,0
2.97577,0.00919302,0.000320727,0
2.97681,0.00900748,0.000302515,0
2.97783,0.00869467,7.3703e-05,0
2.97874,0.00852498,5.88829e-05,0
2.97977,0.00850833,0.000243115,0
2.98079,0.00822256,2.5797e-05,0
2.98175,0.00843542,0.000124783,0
2.98276,0.00797378,0.000138926,0
2.98388,0.00767057,9.78953e-05,0
2.98475,0.00732811,0.000151222,0
2.98581,0.00721793,0.000163271,0
2.98676,0.00721793,0.000163271,0
2.98775,0.00715981,3.00399e-05,0
2.98875,0.00724743,6.64837e-05,0
2.98976,0.00685228,0.000177808,0
2.99076,0.00688154,1.0652e-05,0
2.99174,0.00713579,0.000257868,0
2.99272,0.00736225,0.000355483,0
2.99377,0.00734835,0.000200105,0
2.9949,0.00708107,0.000282717,0
2.99593,0.00669388,0.000140162,0
2.99675,0.00623227,0.000102546,0
2.99778,0.00630529,0.000207404,0
2.99878,0.00609331,0.000109155,0
2.99975,0.00616556,0.000213686,0
3.00077,0.00582219,0.000319951,0
3.00181,0.00588239,0.00012148,0
3.00274,0.00597611,0.000225123,0
3.0038,0.00564391,0.000322091,0
3.00478,0.00571102,0.000130425,0
3.00577,0.00569172,0.000293445,0
3.00675,0.00569172,0.000293445,0
3.00776,0.00542201,0.000203899,0
3.00876,0.0053993,0.000374879,0
3.00981,0.00576774,6.30931e-05,0
3.01077,0.00544548,0.000166704,0
3.01178,0.00544548,0.000166704,0
3.01311,0.00499552,0.000426739,0
3.0138,0.00508791,0.000220163,0
3.01475,0.00517443,0.000326099,0
3.0158,0.00487377,0.000418881,0
3.01679,0.00485283,0.000289854,0
3.0178,0.00492048,0.000396192,0
3.01875,0.00477361,0.000288342,0
3.0198,0.00483438,0.000396789,0
3.02077,0.00483438,0.000396789,0
3.02183,0.00462817,0.00029535,0
3.02279,0.00470803,0.00040305,0
3.02377,0.00470803,0.00040305,0
3.02478,0.00451298,0.000299793,0
3.02644,0.00448716,0.000464511,0
3.02704,0.0041902,0.000568102,0
3.02795,0.00428291,0.000366671,0
3.02907,0.00450482,0.000270144,0
3.02984,0.00433154,0.000465867,0
3.03106,0.00403599,0.00057037,0
3.03178,0.00413371,0.000368878,0
3.03275,0.00420588,0.000478405,0
3.03376,0.00433657,0.000432238,0
3.03476,0.00419602,0.000329819,0
3.03576,0.00399043,0.000541897,0
3.03679,0.00420307,0.000450929,0
3.03775,0.0039238,0.000370254,0
3.03876,0.00387703,0.000550995,0
3.03977,0.00387703,0.000550995,0
3.04077,0.003857,0.000409825,0
3.04178,0.00380391,0.000415317,0
3.04276,0.00380391,0.000415317,0
3.04378,0.00359597,0.000446654,0
3.04478,0.00379438,0.000360689,0
3.04578,0.00377462,0.000520447,0
3.04684,0.0035006,0.000452543,0
3.04776,0.00369917,0.000359665,0
3.04875,0.00352976,0.000563088,0
3.04977,0.00379879,0.000318762,0
3.05083,0.00352915,0.000419346,0
3.05175,0.00332921,0.000630115,0
3.05279,0.00305998,0.000730416,0
3.05376,0.00331494,0.000492694,0
3.05476,0.00337811,0.000435634,0
3.05579,0.00320847,0.000631023,0
3.05681,0.00310082,0.000523442,0
3.05774,0.00310082,0.000523442,0
3.05886,0.00313754,0.00063721,0
3.06009,0.00328181,0.000428492,0
3.06078,0.00325578,0.000424433,0
3.0618,0.00320152,0.000426058,0
3.06281,0.00317535,0.000430236,0
3.06383,0.00314243,0.000431543,0
3.06479,0.00287582,0.000695299,0
3.06575,0.00276227,0.000592911,0
3.06668,0.00294476,0.000506327,0
3.06775,0.00293114,0.000503126,0
3.06905,0.00293671,0.000499337,0
3.06977,0.0028776,0.000503333,0
3.07091,0.00284983,0.000500652,0
3.07172,0.00282365,0.000504689,0
3.07279,0.00279646,0.000502044,0
3.07384,0.00280204,0.000498253,0
3.07474,0.00274423,0.000503523,0
3.07573,0.00271912,0.000507649,0
3.07683,0.0027247,0.00050386,0
3.0778,0.00269848,0.00050133,0
3.07887,0.00267376,0.000505527,0
3.07972,0.00278452,0.000469202,0
3.08094,0.00237533,0.00077122,0
3.08175,0.00249418,0.000570811,0
3.08276,0.00246582,0.000575874,0
3.08376,0.00227767,0.00077804,0
3.08481,0.00224649,0.000785635,0
3.08578,0.00238643,0.000573889,0
3.08695,0.00228462,0.000725616,0
3.08777,0.00205823,0.000806178,0
3.08876,0.00194224,0.000873689,0
3.08976,0.00191201,0.000874568,0
3.09075,0.00191201,0.000874568,0
3.09176,0.00203288,0.000665071,0
3.09277,0.00205924,0.000784988,0
3.09379,0.00184191,0.000861982,0
3.09475,0.00180504,0.000872562,0
3.09576,0.00178613,0.000867508,0
3.09677,0.00176675,0.00086945,0
3.09776,0.00174036,0.000868811,0
3.09876,0.00188736,0.000662411,0
3.09976,0.00183048,0.000832782,0
3.10078,0.00160523,0.000922367,0
3.10176,0.00156695,0.000925782,0
3.10276,0.00154773,0.000927255,0
3.10378,0.00152541,0.000922553,0
3.10476,0.00150433,0.000924779,0
3.10575,0.00164426,0.000715666,0
3.10679,0.00174564,0.000688869,0
3.10775,0.00163528,0.000834228,0
3.10878,0.00142317,0.000917332,0
3.10975,0.00154892,0.000716762,0
3.11078,0.00172796,0.000634137,0
3.11184,0.00155481,0.000828774,0
3.11275,0.00149632,0.00071414,0
3.11376,0.00158646,0.000687094,0
3.11476,0.00158646,0.000687094,0
3.11575,0.00117724,0.000977552,0
3.11678,0.00113739,0.000988875,0
3.11776,0.0012819,0.000779106,0
3.11875,0.00145214,0.000698499,0
3.11975,0.00144024,0.000688871,0
3.12076,0.00141832,0.000692204,0
3.12169,0.00138936,0.000694102,0
3.12282,0.00117814,0.000778245,0
3.12385,0.00133552,0.000697917,0
3.12475,0.0011607,0.000899584,0
3.12576,0.00104143,0.000829558,0
3.12675,0.00102244,0.000966608,0
3.12774,0.000824574,0.00103784,0
3.12878,0.00095275,0.000843724,0
3.12975,0.000951262,0.000962256,0
3.13076,0.000758658,0.0010384,0
3.13175,0.000886742,0.000838049,0
3.13282,0.00088556,0.000963486,0
3.1338,0.000693808,0.00103285,0
3.13481,0.000824094,0.00083942,0
3.1358,0.000985345,0.000754882,0
3.13678,0.000811173,0.000954804,0
3.1379,0.000704932,0.000881939,0
3.13891,0.000678316,0.00102049,0
3.13979,0.000488386,0.00108931,0
3.14076,0.000618393,0.000895478,0
3.14178,0.000618393,0.000895478,0
3.14282,0.000763413,0.00080844,0
3.1438,0.000740697,0.000804679,0
3.14477,0.000718024,0.000808708,0
3.14579,0.000694332,0.000805941,0
3.14677,0.000672094,0.000809812,0
3.14776,0.000483161,0.00101005,0
3.14876,0.00022274,0.00114271,0
3.14982,0.000346668,0.000953482,0
3.15071,0.000491788,0.00087471,0
3.15192,0.000486411,0.000866616,0
3.15277,0.000463762,0.000862393,0
3.15384,0.000436829,0.000869875,0
3.15477,0.000248195,0.000939497,0
3.15575,0.000381344,0.000875027,0
3.15682,0.000202522,0.00106746,0
3.15776,0.000354535,0.000864068,0
3.15888,0.000354535,0.000864068,0
3.15971,0.00013909,0.00107009,0
3.1607,0.000223578,0.000916156,0
3.16181,0.000197903,0.000921751,0
3.16323,7.78893e-06,0.00112075,0
3.16378,0.000183464,0.00120135,0
3.16482,0.00011958,0.000923,0
3.16583,0.00011958,0.000923,0
3.16679,4.52229e-05,0.00109669,0
3.16776,0.000245847,0.000841793,0
3.16884,7.18245e-05,0.000913659,0
3.16975,3.85976e-05,0.00091665,0
3.17074,1.70388e-05,0.00092057,0
3.17181,4.2569e-06,0.000916749,0
3.17287,0.000190655,0.00112132,0
3.17377,4.5064e-05,0.000916107,0
3.1749,6.45988e-05,0.000919135,0
3.17576,2.50084e-05,0.000764133,0
3.17678,1.25589e-05,0.000900506,0
3.17778,0.000183869,0.000965351,0
3.17882,0.000214876,0.000974084,0
3.17976,0.000238091,0.000971062,0
3.18077,0.000258368,0.000973408,0
3.18176,0.000446845,0.00117003,0
3.18283,0.00046619,0.00117295,0
3.18376,0.000487466,0.00116851,0
3.18479,0.00050685,0.0011711,0
3.18579,0.000526945,0.00116757,0
3.18676,0.000546417,0.00116984,0
3.18775,0.000619182,0.00121553,0
3.1888,0.000480192,0.00102306,0
3.18984,0.000668779,0.00121973,0
3.19078,0.000689063,0.00122171,0
3.19175,0.00071029,0.00121729,0
3.19276,0.000729923,0.00121949,0
3.19381,0.00075057,0.00121514,0
3.19476,0.000769703,0.0012174,0
3.19575,0.000789898,0.00121313,0
3.19678,0.000641651,0.00101585,0
3.19782,0.000828451,0.0012113,0
3.19876,0.000846847,0.00121374,0
3.19975,0.000916089,0.00125787,0
3.20081,0.000942568,0.00126567,0
3.20186,0.000968573,0.00126491,0
3.2029,0.000816551,0.00106355,0
3.20382,0.000788445,0.00101105,0
3.20474,0.000788445,0.00101105,0
3.20576,0.000732218,0.000986556,0
3.20677,0.000560589,0.000784077,0
3.20784,0.000909959,0.00118512,0
3.20908,0.000928592,0.00105826,0
3.20976,0.000757062,0.000855986,0
3.21076,0.000697756,0.00083824,0
3.21176,0.0010024,0.00119201,0
3.21279,0.000760927,0.00096403,0
3.21389,0.0010098,0.00105642,0
3.21479,0.00108707,0.00110697,0
3.21582,0.00102239,0.00109433,0
3.21675,0.00113383,0.00111058,0
3.21773,0.00107433,0.00109813,0
3.21874,0.00104333,0.00104237,0
3.21977,0.000804413,0.000822422,0
3.22073,0.00107743,0.00103598,0
3.22175,0.00135184,0.00125719,0
3.22277,0.00128421,0.00123402,0
3.22373,0.00126615,0.00110493,0
3.22478,0.0012925,0.00110659,0
3.22577,0.00139018,0.00128772,0
3.22674,0.00136744,0.00123764,0
3.22775,0.00150502,0.00129959,0
3.22879,0.00153147,0.00130107,0
3.22976,0.00155309,0.00130725,0
3.23074,0.00139971,0.00110142,0
3.23175,0.0015813,0.00130113,0
3.23276,0.0014754,0.00123271,0
3.23374,0.00148215,0.00114213,0
3.23475,0.00167959,0.00134615,0
3.23575,0.00140851,0.00108693,0
3.23681,0.00166852,0.001293,0
3.23808,0.00166852,0.001293,0
3.2388,0.00182286,0.00135514,0
3.23979,0.00184907,0.0013636,0
3.24074,0.00186129,0.00135726,0
3.24175,0.00187414,0.00135806,0
3.24274,0.00188859,0.00135262,0
3.24374,0.00190217,0.00135209,0
3.24479,0.00191568,0.00135221,0
3.24575,0.00193032,0.00134701,0
3.24675,0.00194372,0.00134865,0
3.24785,0.00199578,0.00138844,0
3.24876,0.00201542,0.00139511,0
3.24976,0.00203088,0.0013891,0
3.25074,0.0020502,0.0013933,0
3.25179,0.00204562,0.00139003,0
3.25277,0.00191178,0.00119016,0
3.25391,0.00191178,0.00119016,0
3.25477,0.00182741,0.00112221,0
3.25574,0.00184408,0.00111819,0
3.25675,0.00186472,0.00112488,0
3.25778,0.00187772,0.00111848,0
3.25873,0.00189833,0.00112506,0
3.25974,0.00195038,0.00116584,0
3.26081,0.00197208,0.00117404,0
3.26177,0.00199077,0.00117054,0
3.26272,0.00198636,0.00116739,0
3.26382,0.00200361,0.00116987,0
3.26477,0.00218542,0.00136092,0
3.26587,0.00220213,0.00136357,0
3.26681,0.00229516,0.00137813,0
3.26778,0.00231212,0.001381,0
3.26883,0.00230767,0.00137779,0
3.26979,0.00232156,0.00137322,0
3.27079,0.00227069,0.00136375,0
3.27178,0.00226625,0.00136054,0
3.27276,0.00228023,0.00135608,0
3.27377,0.00226385,0.00131576,0
3.27477,0.00234585,0.00132287,0
3.27577,0.00236224,0.0013276,0
3.27675,0.00237508,0.00132459,0
3.27776,0.00238741,0.00132814,0
3.27879,0.00240135,0.00132513,0
3.27976,0.0024142,0.00132882,0
3.28082,0.00242853,0.00132595,0
3.28179,0.00247142,0.00137223,0
3.28278,0.00249081,0.00137402,0
3.28374,0.00234288,0.00118292,0
3.28476,0.00242581,0.00131592,0
3.28589,0.00252938,0.00137097,0
3.28674,0.00252938,0.00137097,0
3.28776,0.0024055,0.00118401,0
3.28878,0.00248993,0.00131737,0
3.28978,0.00259162,0.00137219,0
3.29076,0.0024544,0.00118272,0
3.29172,0.00256536,0.00136487,0
3.29281,0.00267102,0.00141696,0
3.29372,0.00267102,0.00141696,0
3.29476,0.00262075,0.0013666,0
3.29576,0.00240777,0.0011585,0
3.29678,0.00267373,0.00140256,0
3.29784,0.00244678,0.00116383,0
3.299,0.0025508,0.00121204,0
3.29974,0.00270852,0.00137185,0
3.30102,0.00281068,0.00141914,0
3.30181,0.00267214,0.0012363,0
3.30276,0.00278717,0.00141176,0
3.30379,0.00285944,0.0014267,0
3.30477,0.00274419,0.0012729,0
3.30577,0.00283784,0.00141849,0
3.30686,0.00293137,0.00146224,0
3.30775,0.00279417,0.00127909,0
3.30877,0.00288745,0.00141377,0
3.30977,0.00297778,0.00146351,0
3.31071,0.00284161,0.0012742,0
3.31188,0.00295781,0.00145634,0
3.31276,0.00295781,0.00145634,0
3.31378,0.00288736,0.00127517,0
3.31471,0.00298261,0.00141039,0
3.31575,0.00291102,0.00126929,0
3.31674,0.00291102,0.00126929,0
3.31781,0.0031204,0.00150033,0
3.31875,0.00298729,0.00131617,0
3.31976,0.00308334,0.00145768,0
3.32077,0.00316866,0.00149802,0
3.32176,0.00303188,0.00131586,0
3.32274,0.00297315,0.00126116,0
3.32375,0.00313972,0.0014487,0
3.32477,0.00307191,0.00130568,0
3.32578,0.00301778,0.00126329,0
3.32686,0.00318534,0.00144471,0
3.32775,0.00311492,0.00130836,0
3.3288,0.0030632,0.00125966,0
3.3298,0.00322882,0.00144764,0
3.33076,0.0031583,0.00130465,0
3.33171,0.00312572,0.0013023,0
3.33277,0.00312572,0.0013023,0
3.33384,0.0033804,0.0015412,0
3.33476,0.00317374,0.00130144,0
3.33585,0.00318734,0.00130206,0
3.33675,0.00318367,0.00129926,0
3.33776,0.00321643,0.00130093,0
3.33869,0.00323161,0.00129735,0
3.33976,0.00324545,0.00130053,0
3.34078,0.00324182,0.00129775,0
3.34168,0.0034111,0.00148262,0
3.34281,0.00333472,0.00134558,0
3.34376,0.00332152,0.0013419,0
3.34478,0.00331794,0.00133916,0
3.34584,0.0033329,0.00133447,0
3.34685,0.00334676,0.00133686,0
3.34805,0.00336166,0.00133258,0
3.34873,0.00337514,0.00133511,0
3.34977,0.00338974,0.00133094,0
3.35088,0.00340293,0.00133359,0
3.3519,0.00341726,0.00132954,0
3.35274,0.00343058,0.00133044,0
3.35392,0.00344361,0.00133188,0
3.35479,0.00345764,0.00132786,0
3.35573,0.00347025,0.00133078,0
3.3568,0.00348404,0.00132701,0
3.35775,0.00351084,0.00136757,0
3.3588,0.00352611,0.00136769,0
3.35976,0.003539,0.0013701,0
3.36078,0.0035531,0.00136521,0
3.36178,0.00356566,0.00136732,0
3.36286,0.00357932,0.00136278,0
3.36388,0.00359157,0.00136505,0
3.36492,0.00360498,0.00136064,0
3.36602,0.00361698,0.00136304,0
3.3668,0.00363015,0.00135876,0
3.36778,0.00364194,0.0013613,0
3.36885,0.0036549,0.00135715,0
3.36995,0.0036665,0.0013598,0
3.37078,0.00367929,0.00135577,0
3.37179,0.00355342,0.00120983,0
3.37283,0.0036672,0.00135131,0
3.37385,0.00372457,0.00139278,0
3.37479,0.0037409,0.00139257,0
3.37576,0.00375263,0.00139506,0
3.37697,0.00391331,0.00157471,0
3.3779,0.00377668,0.00139204,0
3.37886,0.0037891,0.00138738,0
3.37985,0.00380013,0.00138953,0
3.38096,0.00381235,0.00138501,0
3.38181,0.00382318,0.00138731,0
3.3828,0.00383521,0.00138293,0
3.3838,0.00384586,0.00138536,0
3.38476,0.00385772,0.00138111,0
3.38576,0.00387749,0.00141939,0
3.38675,0.00388987,0.00141884,0
3.38794,0.00404557,0.00160373,0
3.38879,0.00391343,0.00141576,0
3.38977,0.00406845,0.00160018,0
3.39074,0.00407988,0.00159505,0
3.39179,0.00408992,0.00159678,0
3.39282,0.00410115,0.00159182,0
3.39379,0.00411099,0.00159371,0
3.39475,0.0041298,0.00162406,0
3.39584,0.00413984,0.00162963,0
3.39679,0.00415105,0.00162415,0
3.39799,0.00416095,0.00162494,0
3.39894,0.00415777,0.00162239,0
3.39975,0.00403822,0.00143845,0
3.40083,0.00419208,0.001615,0
3.40174,0.00416981,0.00158008,0
3.40277,0.00420911,0.00160707,0
3.40386,0.00422066,0.00161338,0
3.40492,0.00412181,0.00146585,0
3.40584,0.00424279,0.00161444,0
3.40676,0.00428192,0.00164228,0
3.4078,0.00415202,0.0014673,0
3.4088,0.00427227,0.00160488,0
3.4099,0.00416749,0.00145825,0
3.41076,0.00416749,0.00145825,0
3.41176,0.00427162,0.00159446,0
3.41275,0.00428448,0.00162374,0
3.41375,0.00417672,0.00145244,0
3.41476,0.00432914,0.00162799,0
3.4162,0.00436553,0.00166607,0
3.41723,0.0042145,0.00148145,0
3.41792,0.00422011,0.00145087,0
3.41883,0.00439422,0.00165615,0
3.41974,0.00437601,0.00162336,0
3.42071,0.00437601,0.00162336,0
3.42193,0.00439319,0.00161943,0
3.42277,0.00428655,0.00146668,0
3.42376,0.00427243,0.00143666,0
3.42479,0.00427968,0.00142778,0
3.42576,0.00426667,0.00142727,0
3.42675,0.00426667,0.00142727,0
3.42794,0.00441254,0.00163367,0
3.42876,0.00444884,0.0016368,0
3.42973,0.00444046,0.00163792,0
3.43073,0.00433091,0.00148684,0
3.4318,0.00433091,0.00148684,0
3.43274,0.00418285,0.0012787,0
3.43384,0.00432589,0.00144708,0
3.4348,0.00420825,0.00126762,0
3.43574,0.00433047,0.00144251,0
3.43672,0.00437812,0.00147646,0
3.43778,0.00452166,0.00165817,0
3.43906,0.00441403,0.00150913,0
3.43976,0.00441403,0.00150913,0
3.44076,0.00453947,0.0016574,0
3.44187,0.00441276,0.00147017,0
3.44277,0.00442013,0.00147115,0
3.44408,0.00456099,0.00164252,0
3.44472,0.00443562,0.00146777,0
3.44575,0.004444,0.00146266,0
3.44687,0.00445099,0.00146452,0
3.44774,0.00445927,0.00145958,0
3.44881,0.00446614,0.00146161,0
3.44991,0.00447351,0.00148848,0
3.45087,0.00447903,0.00149378,0
3.45189,0.00448701,0.00148817,0
3.45288,0.00449374,0.00148897,0
3.45386,0.00450162,0.0014832,0
3.45477,0.00450808,0.00148448,0
3.45581,0.00451584,0.00147895,0
3.45681,0.00452221,0.00148043,0
3.45803,0.00452987,0.00147509,0
3.45884,0.00453614,0.00147677,0
3.45985,0.00454371,0.00147162,0
3.46123,0.00454989,0.00147348,0
3.46191,0.00455487,0.0014994,0
3.46322,0.00468789,0.00167895,0
3.46412,0.00456661,0.00149865,0
3.46486,0.00457261,0.00149931,0
3.46588,0.00457978,0.00149337,0
3.46678,0.00471303,0.00166848,0
3.46784,0.00459262,0.00148884,0
3.46895,0.00459488,0.00152068,0
3.46978,0.00472686,0.00169179,0
3.47079,0.00473199,0.00169224,0
3.47212,0.00473863,0.00168531,0
3.47275,0.00474293,0.00168533,0
3.47378,0.00462446,0.00150626,0
3.47492,0.00475516,0.00168,0
3.47604,0.00475981,0.00164627,0
3.47688,0.00476535,0.00167114,0
3.47778,0.00477148,0.00166918,0
3.47876,0.00477139,0.00170065,0
3.47993,0.00477581,0.00169768,0
3.4808,0.00465738,0.00152624,0
3.48177,0.00478578,0.0016906,0
3.48281,0.00478966,0.00166259,0
3.48376,0.00479608,0.00168113,0
3.48489,0.00467909,0.00151474,0
3.48583,0.00480752,0.00168053,0
3.4868,0.00481132,0.00165243,0
3.48787,0.0048164,0.00167116,0
3.48893,0.00482128,0.0016765,0
3.48979,0.00482762,0.00167149,0
3.49079,0.00483224,0.00167257,0
3.49174,0.00483164,0.00169592,0
3.49276,0.00483375,0.00170024,0
3.49387,0.00483915,0.00169377,0
3.49475,0.00484334,0.00169388,0
3.49576,0.0047289,0.0015172,0
3.49676,0.00473425,0.00151945,0
3.49775,0.00474271,0.00148466,0
3.49878,0.00474236,0.00150934,0
3.49974,0.00474812,0.00150767,0
3.50076,0.004868,0.00167966,0
3.50175,0.00487054,0.00167347,0
3.50276,0.00487604,0.00167308,0
3.50379,0.00487544,0.00169599,0
3.50473,0.00487708,0.00169831,0
3.50577,0.00488089,0.00169751,0
3.50677,0.00488089,0.00169751,0
3.50788,0.00477311,0.0015226,0
3.50874,0.00490331,0.00165702,0
3.50977,0.00478521,0.00151282,0
3.51077,0.00491555,0.00165376,0
3.51176,0.0049104,0.0016781,0
3.51276,0.00480066,0.00150935,0
3.51382,0.00492056,0.00168065,0
3.51477,0.00492266,0.00167251,0
3.51577,0.00480501,0.0015345,0
3.51682,0.0048187,0.00150665,0
3.51779,0.0049363,0.00167149,0
3.51887,0.0049363,0.00167149,0
3.51983,0.00494421,0.00167104,0
3.52079,0.00482379,0.00151948,0
3.52175,0.00495245,0.00166662,0
3.52279,0.00494415,0.00168219,0
3.52375,0.00483483,0.00152148,0
3.52482,0.00485328,0.00149139,0
3.52585,0.00485949,0.00149125,0
3.52684,0.00484742,0.00150927,0
3.52797,0.00484742,0.00150927,0
3.52882,0.00487196,0.0014842,0
3.52975,0.00484633,0.00153547,0
3.53072,0.00486438,0.00151446,0
3.5318,0.0048629,0.00151286,0
3.53298,0.00497549,0.00167579,0
3.53389,0.00486997,0.00150425,0
3.53482,0.0048721,0.00150606,0
3.53609,0.00498402,0.00166542,0
3.53668,0.00488322,0.00149909,0
3.53783,0.0048818,0.00149751,0
3.53885,0.00477576,0.00133485,0
3.53973,0.00490589,0.00147115,0
3.54076,0.00489037,0.00149337,0
3.54172,0.00489341,0.00149265,0
3.54275,0.0048828,0.00152095,0
3.54382,0.00498999,0.00168245,0
3.5448,0.00487804,0.00151694,0
3.54576,0.00499766,0.00167824,0
3.54679,0.0048712,0.00153797,0
3.5478,0.00489466,0.00151339,0
3.54886,0.00489735,0.00151095,0
3.54976,0.0049011,0.00150517,0
3.55089,0.00500742,0.00167014,0
3.55178,0.00490599,0.00150205,0
3.55281,0.00490783,0.00150408,0
3.55375,0.00491112,0.00149909,0
3.55482,0.00501582,0.00166342,0
3.55576,0.00490245,0.00152117,0
3.55682,0.00500354,0.00168806,0
3.55776,0.00490311,0.00152013,0
3.55876,0.00490445,0.00152107,0
3.55976,0.00490715,0.00151524,0
3.56075,0.00490844,0.00151671,0
3.56176,0.00501269,0.00167261,0
3.56292,0.00501379,0.00167418,0
3.56375,0.00501637,0.00166874,0
3.56478,0.00501688,0.00167026,0
3.56581,0.00502015,0.0016653,0
3.56682,0.00502135,0.00166731,0
3.56776,0.00502401,0.00166226,0
3.56876,0.00500943,0.00168792,0
3.56975,0.00500879,0.00168559,0
3.5708,0.0050091,0.00168678,0
3.57176,0.00501116,0.00168043,0
3.57274,0.00501169,0.00168161,0
3.5738,0.00501372,0.0016758,0
3.57477,0.00501435,0.00167728,0
3.57584,0.00501648,0.00167171,0
3.57678,0.00501719,0.00167343,0
3.57776,0.0050194,0.00166808,0
3.5788,0.00502017,0.00167002,0
3.57977,0.00500873,0.00166128,0
3.58077,0.00502647,0.00166796,0
3.58175,0.00501063,0.00168534,0
3.58275,0.00500756,0.00168996,0
3.58378,0.00500873,0.00168391,0
3.5848,0.00500874,0.00168471,0
3.58594,0.00499551,0.00167464,0
3.58687,0.00499924,0.00167809,0
3.58772,0.00503356,0.00165337,0
3.58885,0.0049577,0.00149874,0
3.58989,0.00492578,0.00151207,0
3.59082,0.00492411,0.00151812,0
3.59178,0.0050179,0.00167013,0
3.59292,0.0050179,0.00167013,0
3.5938,0.00492657,0.00151267,0
3.59477,0.00502028,0.00166794,0
3.59576,0.00489667,0.0015238,0
3.59674,0.0049303,0.0015117,0
3.59781,0.00502468,0.00165964,0
3.59873,0.00489961,0.00152323,0
3.59972,0.00493554,0.00150435,0
3.60084,0.00492032,0.001526,0
3.6022,0.00491954,0.00152483,0
3.60288,0.00493214,0.00152823,0
3.60379,0.00500177,0.00167228,0
3.60477,0.00487656,0.00153563,0
3.60576,0.00491321,0.00151654,0
3.60679,0.00500299,0.00167005,0
3.60779,0.0048796,0.00152634,0
3.60876,0.00491559,0.00151526,0
3.60977,0.00491893,0.0015068,0
3.61078,0.00498759,0.00168424,0
3.61175,0.00485888,0.00154364,0
3.61276,0.00489487,0.0015319,0
3.61376,0.00498351,0.00167619,0
3.61475,0.00485837,0.00153931,0
3.61578,0.00489658,0.00152114,0
3.61683,0.00498288,0.00167305,0
3.61781,0.00494437,0.00168304,0
3.61878,0.00485721,0.00153485,0
3.61976,0.00489874,0.00151369,0
3.62081,0.00498485,0.0016652,0
3.62178,0.00486165,0.00152277,0
3.62277,0.0048805,0.00153301,0
3.62379,0.00496178,0.00167925,0
3.62475,0.00483653,0.00154287,0
3.62576,0.00487635,0.00152515,0
3.62678,0.00495909,0.00167539,0
3.62777,0.00483589,0.00153226,0
3.62873,0.00487556,0.00152366,0
3.62977,0.00495871,0.00166558,0
3.63075,0.00483434,0.00153045,0
3.63177,0.00487593,0.00151406,0
3.63281,0.0049574,0.0016642,0
3.63377,0.00491482,0.00167332,0
3.63476,0.00481118,0.00154689,0
3.6357,0.00485219,0.00153043,0
3.63675,0.0048882,0.00169115,0
3.63775,0.00480672,0.00153764,0
3.63877,0.00492799,0.00167563,0
3.63976,0.00488666,0.0016797,0
3.64076,0.00480464,0.00153469,0
3.64176,0.0048499,0.00151571,0
3.64275,0.00492868,0.00166402,0
3.64376,0.00480633,0.00152282,0
3.64475,0.00484866,0.00151512,0
3.64579,0.0049275,0.00165617,0
3.64676,0.0048801,0.00167174,0
3.64778,0.00478041,0.00153904,0
3.64877,0.00489676,0.00167872,0
3.64976,0.00485275,0.00168166,0
3.65077,0.00477297,0.00153764,0
3.65189,0.00477297,0.00153764,0
3.65274,0.00489422,0.00166753,0
3.65373,0.00477112,0.00152778,0
3.65482,0.00481786,0.00151848,0
3.65577,0.00477269,0.00152102,0
3.6568,0.00488992,0.00166175,0
3.65776,0.00484441,0.00166666,0
3.65875,0.00474446,0.00154113,0
3.65975,0.00478835,0.00152578,0
3.66075,0.00486033,0.00167087,0
3.66174,0.0047386,0.00152978,0
3.66275,0.00478291,0.00152306,0
3.66377,0.00485524,0.00166081,0
3.66478,0.00473256,0.00152793,0
3.66582,0.0047794,0.00151433,0
3.66679,0.00478009,0.00151448,0
3.66782,0.00472902,0.00151974,0
3.66919,0.00477535,0.00151483,0
3.66978,0.00484633,0.00165159,0
3.67077,0.00472452,0.00151993,0
3.67179,0.00477302,0.00150728,0
3.6728,0.00481869,0.00166798,0
3.67375,0.0046934,0.00153086,0
3.67475,0.00473955,0.0015249,0
3.67577,0.0048081,0.0016604,0
3.67676,0.00468626,0.00152822,0
3.67775,0.00473473,0.00151549,0
3.67871,0.00473491,0.00151557,0
3.67977,0.00468131,0.00151975,0
3.68076,0.00472908,0.00151503,0
3.68176,0.00479633,0.00165062,0
3.68275,0.00467552,0.00151978,0
3.6838,0.00472572,0.00150871,0
3.68481,0.00479063,0.00165094,0
3.68576,0.00464788,0.00152807,0
3.68676,0.00464788,0.00152807,0
3.68774,0.00475591,0.00165962,0
3.68876,0.00469865,0.00167042,0
3.68982,0.00463071,0.00152537,0
3.69076,0.00468226,0.00151801,0
3.69177,0.00474686,0.00165156,0
3.69275,0.00462667,0.00152141,0
3.69382,0.00473979,0.00165189,0
3.6948,0.00468495,0.00166019,0
3.6958,0.00461905,0.00151673,0
3.69675,0.00467219,0.0015106,0
3.69779,0.00471102,0.00165782,0
3.69875,0.00458611,0.00153016,0
3.69977,0.00463704,0.00151887,0
3.7008,0.0046959,0.0016581,0
3.70182,0.00457797,0.00152051,0
3.7028,0.00462805,0.00151739,0
3.70379,0.00468788,0.00164932,0
3.70482,0.00456903,0.00152,0
3.70575,0.0046216,0.00150988,0
3.70676,0.00467928,0.00164919,0
3.70775,0.0045626,0.00151294,0
3.70882,0.00461432,0.00151085,0
3.70979,0.00467295,0.00164242,0
3.7108,0.00453004,0.00152714,0
3.71176,0.00457843,0.00151909,0
3.71276,0.00463303,0.00165678,0
3.71377,0.00451645,0.00151992,0
3.71476,0.00456783,0.00151769,0
3.7158,0.00462376,0.00164766,0
3.71678,0.00450622,0.00151933,0
3.7178,0.00455988,0.00151055,0
3.71879,0.00456007,0.00151011,0
3.71974,0.00455776,0.00150586,0
3.72075,0.00455407,0.00150875,0
3.72182,0.00460577,0.00164128,0
3.72278,0.00448845,0.00151425,0
3.7237,0.00454364,0.0015062,0
3.72475,0.00457077,0.00165434,0
3.72575,0.0044507,0.00152118,0
3.72676,0.00450327,0.00151973,0
3.7278,0.00455534,0.00164734,0
3.72875,0.00443903,0.00151987,0
3.72978,0.00449389,0.00151148,0
3.73077,0.00454372,0.00164685,0
3.73183,0.00442978,0.00151251,0
3.73277,0.00448381,0.00151225,0
3.73391,0.00448381,0.00151225,0
3.73488,0.00441974,0.00151373,0
3.73575,0.00440017,0.00138241,0
3.73682,0.00440017,0.00138241,0
3.73778,0.00447922,0.00152395,0
3.73886,0.0044865,0.00164625,0
3.73985,0.00446813,0.00152062,0
3.74087,0.00444819,0.00138576,0
3.74193,0.00445062,0.00151522,0
3.74283,0.00445971,0.00137194,0
3.74384,0.00446808,0.00150044,0
3.74478,0.00444936,0.00163473,0
3.74579,0.00439381,0.00150777,0
3.74685,0.0043913,0.00150348,0
3.74792,0.00434134,0.00137399,0
3.74895,0.00444915,0.00149804,0
3.74984,0.00443186,0.00163623,0
3.75086,0.00435471,0.0015123,0
3.75177,0.00434424,0.00151721,0
3.75277,0.00438641,0.00164345,0
3.75377,0.00438145,0.00164568,0
3.75476,0.00434141,0.00163537,0
3.75573,0.00433954,0.00163934,0
3.75676,0.00429551,0.00150413,0
3.75776,0.00437394,0.00164374,0
3.75877,0.00433406,0.00163348,0
3.7598,0.00433177,0.00163779,0
3.76079,0.00433141,0.00163381,0
3.76174,0.00430228,0.00164642,0
3.76275,0.00429591,0.00164293,0
3.76377,0.00429213,0.00164554,0
3.76474,0.00429213,0.00164554,0
3.76576,0.00432313,0.00164853,0
3.76676,0.00427683,0.00151352,0
3.76777,0.00431168,0.00164532,0
3.76877,0.00437155,0.00163739,0
3.76977,0.00426264,0.00151231,0
3.77076,0.00429485,0.00163856,0
3.77176,0.00432755,0.00164659,0
3.7727,0.00420231,0.00150233,0
3.77376,0.00430512,0.00163324,0
3.7747,0.00430512,0.00163324,0
3.77576,0.00427917,0.001757,0
3.77682,0.00420625,0.00164318,0
3.77774,0.00419961,0.00164001,0
3.77878,0.00426067,0.00164062,0
3.77974,0.00426083,0.00163376,0
3.78096,0.004256,0.0016374,0
3.78178,0.00425193,0.00163349,0
3.78271,0.00424633,0.00163719,0
3.78379,0.00420589,0.00150693,0
3.78481,0.00423691,0.00163694,0
3.78575,0.00430031,0.00163149,0
3.78692,0.00423056,0.001635,0
3.78777,0.0042232,0.00163356,0
3.78876,0.00418955,0.00164357,0
3.78976,0.00417994,0.00164,0
3.79077,0.00417217,0.00164292,0
3.79179,0.00412646,0.00163307,0
3.79275,0.00412242,0.00163742,0
3.79376,0.00412017,0.00163334,0
3.79477,0.004116,0.00163717,0
3.79576,0.00415338,0.00163791,0
3.79679,0.00410675,0.00163599,0
3.7978,0.0041036,0.00163289,0
3.79876,0.00407262,0.00164194,0
3.79976,0.00410535,0.00164333,0
3.80076,0.00405598,0.00164037,0
3.80181,0.00405169,0.00163632,0
3.80277,0.00404629,0.00163958,0
3.80376,0.00404232,0.00163514,0
3.8048,0.00407776,0.00164332,0
3.80581,0.00403023,0.00163316,0
3.80677,0.00402444,0.00163761,0
3.80777,0.00402091,0.00163344,0
3.80878,0.0040157,0.00163729,0
3.80982,0.00401242,0.00163332,0
3.81078,0.00400756,0.00163734,0
3.81175,0.00397647,0.00163719,0
3.81277,0.00396511,0.00164151,0
3.81377,0.00393273,0.00151617,0
3.81473,0.00393273,0.00151617,0
3.81575,0.00405075,0.00176082,0
3.81683,0.00405075,0.00176082,0
3.81775,0.00395159,0.00163342,0
3.81877,0.00396708,0.0016357,0
3.81977,0.0040368,0.00163223,0
3.82081,0.00403546,0.00163511,0
3.82181,0.003988,0.00162822,0
3.8229,0.00398341,0.00163485,0
3.82377,0.00398394,0.00163478,0
3.82482,0.00398161,0.00163209,0
3.82582,0.00398161,0.00163209,0
3.82676,0.00397593,0.00175854,0
3.82776,0.00401269,0.00163912,0
3.82878,0.00396556,0.00163792,0
3.82977,0.0039661,0.00163787,0
3.83075,0.00396228,0.00151969,0
3.83176,0.00405589,0.00163872,0
3.8328,0.00398167,0.00164117,0
3.83373,0.00398167,0.00164117,0
3.83478,0.00403756,0.00164897,0
3.83579,0.00393594,0.00164348,0
3.83676,0.00389083,0.00153391,0
3.83775,0.00397251,0.00164901,0
3.83878,0.00388425,0.001648,0
3.83978,0.00381841,0.00152709,0
3.84082,0.00393029,0.00165792,0
3.84181,0.00393215,0.00165697,0
3.84275,0.00388243,0.00154764,0
3.84375,0.00396518,0.00166041,0
3.84479,0.00388563,0.00166171,0
3.84581,0.00385284,0.00154169,0
3.84683,0.00393685,0.00166773,0
3.84776,0.00386253,0.0016551,0
3.84876,0.00380245,0.00155042,0
3.84983,0.00386655,0.00154723,0
3.85078,0.00388035,0.00166703,0
3.85176,0.00380075,0.00165462,0
3.85276,0.00376903,0.00155044,0
3.85385,0.00385654,0.00165986,0
3.85475,0.00376072,0.00154857,0
3.8558,0.00382539,0.00154646,0
3.85676,0.00382091,0.00155365,0
3.85791,0.00381683,0.00154593,0
3.85874,0.00380789,0.00155472,0
3.85975,0.00379236,0.00165805,0
3.86079,0.00370274,0.00166123,0
3.86175,0.00367626,0.00154196,0
3.86276,0.00375684,0.00166597,0
3.86375,0.00368134,0.00165041,0
3.86475,0.00365164,0.00154871,0
3.86577,0.00369308,0.00154404,0
3.86678,0.00377046,0.00166651,0
3.86775,0.00375142,0.00154596,0
3.86877,0.00368074,0.00165894,0
3.86979,0.00372975,0.00154744,0
3.87071,0.00364501,0.00154819,0
3.87178,0.00368156,0.00154488,0
3.87278,0.00370939,0.00166311,0
3.87393,0.00367684,0.00165193,0
3.87478,0.00358485,0.00165385,0
3.87576,0.00359526,0.00143246,0
3.87677,0.00363229,0.00165829,0
3.87808,0.00366169,0.00154435,0
3.87877,0.00352532,0.00154138,0
3.87979,0.0035618,0.001539,0
3.88073,0.00357498,0.00154852,0
3.88171,0.00358028,0.00164731,0
3.88277,0.00354302,0.00165269,0
3.88376,0.00339644,0.00152725,0
3.88486,0.00346796,0.00165146,0
3.88573,0.00339266,0.00163481,0
3.8868,0.00336944,0.00153801,0
3.88776,0.00344737,0.00164296,0
3.88878,0.00337034,0.00164348,0
3.88975,0.0033517,0.00153102,0
3.89086,0.00342538,0.00165246,0
3.89178,0.00335198,0.0016363,0
3.89276,0.00333034,0.00154134,0
3.89377,0.00339879,0.00154118,0
3.89476,0.0033927,0.00154874,0
3.89598,0.00332393,0.00163883,0
3.89692,0.0033511,0.0015479,0
3.89775,0.0033511,0.0015479,0
3.89875,0.00325532,0.00153923,0
3.89978,0.00332896,0.0016435,0
3.90085,0.00332896,0.0016435,0
3.90176,0.00323296,0.00153312,0
3.9028,0.00329623,0.00155014,0
3.90374,0.00333993,0.00154406,0
3.90481,0.00333993,0.00154406,0
3.90576,0.00328235,0.00164567,0
3.90678,0.00319801,0.00164615,0
3.90776,0.00318348,0.00153784,0
3.90879,0.00318348,0.00153784,0
3.90972,0.00323125,0.00175186,0
3.91072,0.00312823,0.00154147,0
3.91177,0.00319398,0.00154229,0
3.91284,0.00319965,0.00164332,0
3.91374,0.00310794,0.00153395,0
3.91473,0.00316708,0.00155316,0
3.91588,0.00316682,0.00164441,0
3.91686,0.00316682,0.00164441,0
3.91778,0.00314403,0.00154775,0
3.91899,0.00313552,0.0015555,0
3.91977,0.00313002,0.00154846,0
3.9209,0.00313131,0.00154907,0
3.92194,0.00309666,0.00155187,0
3.92279,0.00307027,0.00155154,0
3.92374,0.00299142,0.00153466,0
3.92474,0.00304944,0.00155431,0
3.92577,0.00304493,0.00154585,0
3.92676,0.00303476,0.00155525,0
3.92774,0.0030274,0.00154807,0
3.92879,0.00301513,0.00155685,0
3.92978,0.00300774,0.00154961,0
3.93077,0.00300984,0.00164675,0
3.93172,0.00296369,0.00154464,0
3.93277,0.00296369,0.00154464,0
3.93377,0.00294384,0.00154475,0
3.93474,0.00293042,0.00155326,0
3.9358,0.00293175,0.00155393,0
3.93714,0.00292293,0.00164156,0
3.93803,0.00284038,0.00154502,0
3.93875,0.00289157,0.00155698,0
3.93986,0.00289186,0.00165202,0
3.94083,0.00281534,0.00153963,0
3.94178,0.00284645,0.00164513,0
3.9428,0.00279401,0.00154102,0
3.94385,0.00285441,0.00156294,0
3.94512,0.00282609,0.00154545,0
3.94578,0.00281193,0.00155436,0
3.9468,0.00280338,0.00154708,0
3.94775,0.0027915,0.00155647,0
3.94887,0.00278358,0.00154932,0
3.94974,0.00277203,0.0015589,0
3.95087,0.00280726,0.00164466,0
3.95171,0.00279771,0.00156121,0
3.95276,0.00283849,0.00146386,0
3.95387,0.00277369,0.00156216,0
3.95473,0.00280758,0.00164828,0
3.9557,0.00274902,0.0015644,0
3.95675,0.00266744,0.00154635,0
3.95775,0.00265611,0.00146612,0
3.95876,0.00270951,0.00165124,0
3.95977,0.00262944,0.00164765,0
3.96074,0.00261936,0.00164114,0
3.96175,0.00260741,0.00165054,0
3.96276,0.0025546,0.00164272,0
3.96389,0.00254451,0.00165339,0
3.96477,0.00254576,0.00165393,0
3.96576,0.00254187,0.00164709,0
3.96676,0.0025574,0.00166962,0
3.96776,0.00260271,0.00166479,0
3.96894,0.0025934,0.00167323,0
3.96978,0.00258987,0.00166742,0
3.97077,0.00258033,0.00167757,0
3.97176,0.00255129,0.00165793,0
3.97286,0.00253719,0.0016665,0
3.97383,0.00252933,0.00165939,0
3.97475,0.00251788,0.00166905,0
3.97578,0.00251031,0.00166212,0
3.97703,0.00245244,0.00167147,0
3.97808,0.00249332,0.00166653,0
3.97878,0.00243661,0.00167451,0
3.97974,0.0024306,0.00166923,0
3.98076,0.00242201,0.00167921,0
3.9818,0.00241571,0.00167188,0
3.98291,0.002408,0.00168251,0
3.98374,0.0024027,0.00167584,0
3.98477,0.00237098,0.00167116,0
3.98583,0.00240723,0.00166321,0
3.98676,0.00240448,0.00158851,0
3.98775,0.0024075,0.00167919,0
3.98877,0.0023293,0.00167545,0
3.98973,0.00232944,0.0015865,0
3.99077,0.00237615,0.00169354,0
3.99177,0.00230412,0.00167146,0
3.99277,0.00230074,0.00160007,0
3.99382,0.00235052,0.00169006,0
3.99477,0.00225288,0.00166858,0
3.99569,0.00223711,0.00165928,0
3.99683,0.00229318,0.00168531,0
3.99776,0.00222019,0.00166287,0
3.99882,0.00221657,0.00159291,0
3.99973,0.00227369,0.00160123,0
4.00079,0.00219943,0.00159656,0
4.00203,0.00225585,0.00160613,0
4.00281,0.00227926,0.00169442,0
4.00378,0.00216813,0.0015919,0
4.0048,0.00220744,0.00169797,0
4.00609,0.00212634,0.00158,0
4.00686,0.00214037,0.00166504,0
4.00778,0.00209724,0.00157994,0
4.00874,0.00213599,0.00168478,0
4.00975,0.00206309,0.0016618,0
4.01082,0.0020612,0.00159501,0
4.01176,0.00210464,0.00168157,0
4.0129,0.0020294,0.00167511,0
4.0138,0.00203215,0.00159252,0
4.01494,0.00203215,0.00159252,0
4.016,0.00198418,0.00174621,0
4.01678,0.00199963,0.00160676,0
4.01775,0.00202121,0.00167368,0
4.01874,0.0019423,0.00166437,0
4.01979,0.00194144,0.00158176,0
4.02081,0.00193381,0.00165146,0
4.02175,0.00160917,0.00150281,0
4.02274,0.00148863,0.00138519,0
4.02377,0.00140252,0.00140945,0
4.02475,0.00127424,0.001396,0
4.02575,0.00121943,0.00129991,0
4.02675,0.00120227,0.00130497,0
4.02777,0.00120227,0.00130497,0
4.02876,0.00100741,0.0013381,0
4.02981,0.00096573,0.0012472,0
4.03078,0.000956944,0.00125691,0
4.03176,0.00082312,0.00127929,0
4.03281,0.000824428,0.00127998,0
4.03377,0.000797397,0.00121384,0
4.03477,0.000781482,0.00126979,0
4.03577,0.000769544,0.0012997,0
4.03676,0.000748715,0.00129697,0
4.03775,0.000724158,0.00130945,0
4.03876,0.000705874,0.00130535,0
4.03975,0.000685897,0.00131852,0
4.04074,0.000671956,0.00131528,0
4.04175,0.000656069,0.00132928,0
4.04277,0.00064596,0.00132673,0
4.04375,0.000633624,0.00134139,0
4.04475,0.000626816,0.00133941,0
4.0458,0.000626816,0.00133941,0
4.04675,0.000584187,0.00126996,0
4.04776,0.000586033,0.00134604,0
4.04877,0.000559423,0.00135247,0
4.04994,0.000555932,0.0013705,0
4.0508,0.000557331,0.00136943,0
4.05178,0.000555541,0.00138549,0
4.05276,0.000558407,0.00138468,0
4.05382,0.000557958,0.00140099,0
4.05476,0.00057861,0.00133439,0
4.05577,0.000603675,0.00143098,0
4.0568,0.00055158,0.00139332,0
4.05778,0.000564968,0.00134125,0
4.05876,0.000593835,0.00142067,0
4.05978,0.000554885,0.00142362,0
4.06086,0.000575314,0.00135805,0
4.06197,0.000601321,0.00145405,0
4.06278,0.000567278,0.00143931,0
4.06399,0.000584869,0.00139141,0
4.06481,0.000615704,0.00147015,0
4.06581,0.000595422,0.00140874,0
4.06687,0.000642808,0.0014238,0
4.06783,0.000629028,0.00150358,0
4.06904,0.000575829,0.00146069,0
4.06979,0.000575829,0.00146069,0
4.07077,0.000593384,0.0014121,0
4.07173,0.000602205,0.00142963,0
4.07279,0.000602205,0.00142963,0
4.07378,0.000633841,0.00152319,0
4.07478,0.000633841,0.00152319,0
4.07581,0.000639584,0.00153698,0
4.07694,0.000647122,0.00153753,0
4.07776,0.000604979,0.00153477,0
4.07878,0.00065517,0.00146494,0
4.07983,0.000638171,0.00153906,0
4.08076,0.000617567,0.00146101,0
4.08187,0.000658455,0.00149328,0
4.08289,0.000665024,0.00149437,0
4.08383,0.000646986,0.00156837,0
4.08473,0.000606329,0.00154719,0
4.08588,0.000648986,0.00158052,0
4.08673,0.000668804,0.00152394,0
4.08771,0.000672751,0.00153825,0
4.08877,0.000674263,0.00153938,0
4.08981,0.000657785,0.00160848,0
4.09071,0.000681528,0.00155138,0
4.09175,0.000681528,0.00155138,0
4.09278,0.000647516,0.00159431,0
4.09375,0.000665462,0.00154884,0
4.0947,0.000665567,0.00154611,0
4.0958,0.000663286,0.00156118,0
4.09675,0.000664923,0.00155929,0
4.09777,0.000666434,0.00156044,0
4.09876,0.000644716,0.00162593,0
4.09972,0.000665551,0.00157324,0
4.10071,0.000662874,0.00158451,0
4.10175,0.000664388,0.00158568,0
4.10279,0.00066162,0.00160018,0
4.10376,0.000662679,0.00159774,0
4.10485,0.000659663,0.00161205,0
4.1058,0.000647596,0.00158022,0
4.1067,0.000642149,0.00159119,0
4.10774,0.00064118,0.00158858,0
4.10877,0.000636231,0.00160317,0
4.10976,0.000635305,0.00160071,0
4.11087,0.00068309,0.00155703,0
4.1118,0.00067269,0.00163292,0
4.11275,0.000623974,0.00162812,0
4.1139,0.000621605,0.00162398,0
4.11486,0.000616022,0.00163744,0
4.11615,0.000614704,0.00163446,0
4.11691,0.000609365,0.0016482,0
4.11785,0.000607889,0.00164504,0
4.11883,0.000590817,0.00162782,0
4.11976,0.000587239,0.00162118,0
4.12078,0.000580032,0.00163486,0
4.12186,0.000576741,0.00163213,0
4.12297,0.000569606,0.00164598,0
4.12404,0.000566417,0.00164294,0
4.12504,0.000559244,0.00165661,0
4.12585,0.000555976,0.00165341,0
4.12709,0.000548707,0.00166693,0
4.12795,0.000545328,0.00166358,0
4.12884,0.00053793,0.00167694,0
4.12976,0.000512997,0.00171769,0
4.131,0.000516651,0.00165438,0
4.13205,0.000511345,0.00164725,0
4.13323,0.000502235,0.00166063,0
4.1339,0.000497056,0.00165766,0
4.13477,0.000465892,0.00171381,0
4.13589,0.00048307,0.00166794,0
4.13698,0.000474109,0.00168134,0
4.13813,0.000469086,0.00167788,0
4.13885,0.000438201,0.00173254,0
4.13974,0.00045501,0.00168752,0
4.14077,0.000436736,0.00166715,0
4.14182,0.000408161,0.00170023,0
4.14276,0.000397133,0.00171312,0
4.14377,0.000390556,0.00170981,0
4.14476,0.000380213,0.00172302,0
4.14575,0.000373885,0.00171935,0
4.14676,0.000363629,0.00173237,0
4.14774,0.000357341,0.00172853,0
4.14874,0.000347106,0.00174139,0
4.14977,0.000340822,0.00173739,0
4.15076,0.000330571,0.00175009,0
4.15179,0.000324255,0.00174594,0
4.15277,0.000313955,0.00175849,0
4.15376,0.000299822,0.00171913,0
4.15477,0.000288381,0.00172777,0
4.15574,0.000280668,0.0017238,0
4.15675,0.000268978,0.00173709,0
4.1577,0.000261447,0.00173334,0
4.15875,0.000250026,0.00174625,0
4.15976,0.000242591,0.00174231,0
4.16077,0.00023122,0.00175505,0
4.16176,0.00022382,0.00175094,0
4.16276,0.000212468,0.00176352,0
4.16378,0.000205069,0.00175925,0
4.16474,0.000193701,0.00177168,0
4.16575,0.000186272,0.00176726,0
4.16675,0.000174884,0.00177954,0
4.16778,0.000161302,0.00173817,0
4.16875,0.000149078,0.00174636,0
4.16975,0.00010746,0.00175138,0
4.17075,0.000128142,0.00175712,0
4.17178,0.00012011,0.00175096,0
4.17277,0.000108104,0.00176357,0
4.17375,9.95044e-05,0.0017596,0
4.17475,5.43523e-05,0.00178134,0
4.17577,4.6395e-05,0.00177877,0
4.17676,3.56813e-05,0.00179051,0
4.17779,6.06675e-05,0.0017765,0
4.17875,1.71422e-05,0.00179554,0
4.17976,4.12962e-05,0.00178376,0
4.18074,7.18923e-06,0.00176427,0
4.18175,1.60615e-05,0.00175725,0
4.18275,2.826e-05,0.00177021,0
4.18376,3.66597e-05,0.00176608,0
4.1848,4.89611e-05,0.00177853,0
4.18576,5.72726e-05,0.00177407,0
4.18678,3.80488e-05,0.00177684,0
4.18777,1.5268e-05,0.00176107,0
4.18876,9.60481e-05,0.00175174,0
4.18978,0.000106886,0.00174759,0
4.19074,0.000119708,0.00176081,0
4.19176,9.77479e-05,0.00174683,0
4.19277,0.000142183,0.00176792,0
4.19376,0.000152485,0.00176628,0
4.19474,0.000165249,0.00177881,0
4.19589,0.000174087,0.00177432,0
4.197,0.000186975,0.00178668,0
4.19781,0.000141218,0.00175041,0
4.19877,0.000178306,0.00178266,0
4.19977,0.000133553,0.00174752,0
4.20079,0.000159303,0.00166639,0
4.20174,0.000136458,0.00172622,0
4.20298,0.000234468,0.00171837,0
4.20391,0.000186367,0.00175943,0
4.20476,0.000147318,0.00175001,0
4.20582,0.000151227,0.00175353,0
4.20694,0.000172531,0.00179891,0
4.20785,0.000220411,0.00172924,0
4.2088,0.000199624,0.00176799,0
4.20973,0.000292074,0.00181392,0
4.21077,0.000252744,0.00180063,0
4.21177,0.000327695,0.00173023,0
4.21276,0.000335342,0.00174379,0
4.21376,0.000346034,0.00178007,0
4.21473,0.000394824,0.00176554,0
4.21578,0.000404475,0.00175986,0
4.21679,0.00038895,0.00180423,0
4.21775,0.000435763,0.00176742,0
4.21876,0.000422273,0.00180954,0
4.21974,0.000458913,0.00173354,0
4.2207,0.000442737,0.00177034,0
4.2218,0.000477565,0.00178256,0
4.22279,0.000477565,0.00178256,0
4.22376,0.000477947,0.00177574,0
4.22477,0.000516617,0.00180406,0
4.22598,0.000530508,0.00175505,0
4.22675,0.000516568,0.00179736,0
4.22775,0.000527598,0.0017962,0
4.22877,0.000541454,0.00180889,0
4.22977,0.000574992,0.00181481,0
4.23077,0.000615642,0.00179322,0
4.23176,0.000601517,0.00177494,0
4.23274,0.000587887,0.00177623,0
4.23376,0.000621264,0.00177982,0
4.23476,0.000661434,0.00175943,0
4.23576,0.000647978,0.00174343,0
4.23679,0.000648443,0.0017569,0
4.23779,0.000648873,0.00160835,0
4.23877,0.000381553,0.00162068,0
4.23979,4.47958e-05,0.00166675,0
4.24111,9.52101e-05,0.00167242,0
4.24181,1.5001e-05,0.00160187,0
4.24276,2.94204e-05,0.001639,0
4.24378,1.5778e-05,0.00164367,0
4.24473,1.5778e-05,0.00164367,0
4.24574,7.86073e-05,0.00161511,0
4.24678,7.63569e-05,0.00166155,0
4.24783,7.63569e-05,0.00166155,0
4.24893,0.000131648,0.00163565,0
4.24997,0.000124153,0.00166516,0
4.25076,0.000185014,0.00165006,0
4.25175,0.000177286,0.0016392,0
4.25279,0.000192214,0.00164056,0
4.25378,0.000229336,0.00160213,0
4.25478,0.000227566,0.0016443,0
4.25578,0.000283713,0.00161427,0
4.25679,0.000301699,0.00162368,0
4.25776,0.000292252,0.00161822,0
4.25874,0.000290082,0.00166121,0
4.25982,0.000345136,0.00163033,0
4.26082,0.000341555,0.00163809,0
4.26181,0.000336745,0.00166412,0
4.2628,0.000336745,0.00166412,0
4.26376,0.000347569,0.00167116,0
4.26479,0.000389409,0.00168421,0
4.26576,0.000436545,0.00160603,0
4.26679,0.000417508,0.00163919,0
4.26775,0.000478136,0.00163554,0
4.26884,0.000493039,0.00162201,0
4.26974,0.00048039,0.00160146,0
4.27084,0.000490563,0.00165556,0
4.27177,0.000507043,0.00165698,0
4.27274,0.000507043,0.00165698,0
4.27384,0.000505114,0.0016922,0
4.27481,0.000587664,0.00167466,0
4.27578,0.000622417,0.00163962,0
4.27677,0.000605559,0.00167834,0
4.27777,0.000652542,0.00162757,0
4.27879,0.000688022,0.00160804,0
4.27977,0.000666523,0.00162143,0
4.2807,0.000713626,0.00163468,0
4.28181,0.000765686,0.00159612,0
4.28274,0.000786275,0.00160186,0
4.28371,0.00077076,0.00162981,0
4.28478,0.000791602,0.00164391,0
4.28577,0.000791602,0.00164391,0
4.28686,0.00080841,0.00165208,0
4.2878,0.000848751,0.00164225,0
4.28878,0.000881535,0.00162663,0
4.28975,0.000868632,0.00165334,0
4.29078,0.000839212,0.00165941,0
4.29178,0.000839212,0.00165941,0
4.29271,0.000889241,0.00167659,0
4.29378,0.00086822,0.00168676,0
4.29485,0.00099035,0.00155192,0
4.29579,0.000958872,0.00159784,0
4.29689,0.000927308,0.00159199,0
4.29791,0.000995919,0.00159832,0
4.29882,0.00101921,0.00167364,0
4.29981,0.0010814,0.00166278,0
4.3008,0.00110153,0.00165729,0
4.30181,0.00112746,0.00166979,0
4.30279,0.0011687,0.00165518,0
4.30391,0.001176,0.00168082,0
4.30477,0.00119849,0.00167811,0
4.306,0.00123254,0.00162532,0
4.30673,0.00123001,0.00163033,0
4.30775,0.00127612,0.00163129,0
4.30876,0.00130114,0.00162945,0
4.30974,0.00130839,0.0016599,0
4.31079,0.00133186,0.00165869,0
4.31177,0.00137803,0.00165843,0
4.31278,0.00140114,0.00165672,0
4.31376,0.00142915,0.00167094,0
4.31477,0.00145243,0.00166894,0
4.31611,0.00148059,0.00168289,0
4.31678,0.00148616,0.0016974,0
4.31778,0.0015137,0.00164025,0
4.31874,0.00152995,0.00163194,0
4.31981,0.001558,0.00164688,0
4.32079,0.00158311,0.00164642,0
4.32178,0.0016118,0.00166166,0
4.3228,0.00161877,0.00167925,0
4.32383,0.00166493,0.00167505,0
4.32473,0.00168953,0.00167328,0
4.32573,0.0017181,0.00168764,0
4.32688,0.00174272,0.00168548,0
4.3281,0.00177132,0.00169945,0
4.32878,0.00177115,0.00164205,0
4.3299,0.00179048,0.00164977,0
4.33093,0.0018147,0.00164844,0
4.33181,0.00182839,0.00168626,0
4.33294,0.00187048,0.00166297,0
4.33383,0.00188829,0.0017157,0
4.33483,0.00192665,0.00167968,0
4.33577,0.00195379,0.00168973,0
4.33734,0.00197898,0.00168693,0
4.33776,0.00200892,0.00170099,0
4.33877,0.00200399,0.00164286,0
4.33974,0.00202221,0.00165024,0
4.34082,0.00203145,0.00167403,0
4.34174,0.00206359,0.00168865,0
4.34276,0.00209668,0.0017017,0
4.34376,0.00213514,0.00168167,0
4.34474,0.00215888,0.00167532,0
4.34575,0.00218896,0.00168873,0
4.34676,0.00221511,0.00168667,0
4.34775,0.00224489,0.00170041,0
4.34876,0.00227034,0.00169762,0
4.34984,0.00227034,0.00169762,0
4.35083,0.00233653,0.00170992,0
4.35176,0.00231846,0.00166311,0
4.35277,0.00232789,0.00165267,0
4.35375,0.0023567,0.00166689,0
4.35477,0.00238412,0.00166581,0
4.35574,0.00241472,0.00168013,0
4.35675,0.00242778,0.00170901,0
4.35776,0.00247207,0.00169157,0
4.35886,0.00250037,0.00172906,0
4.35978,0.00253006,0.00170616,0
4.36078,0.00255408,0.00169806,0
4.36173,0.00258449,0.00171002,0
4.36275,0.00261117,0.00170671,0
4.36376,0.00263505,0.00167785,0
4.36473,0.00265947,0.00166937,0
4.36574,0.00268991,0.00168279,0
4.36676,0.00271558,0.00167984,0
4.36778,0.00274629,0.00169149,0
4.36874,0.00277081,0.00168873,0
4.36975,0.00279977,0.00170093,0
4.37076,0.00282539,0.0016968,0
4.37175,0.0028544,0.00170862,0
4.37276,0.00283441,0.00172498,0
4.3742,0.00283441,0.00172498,0
4.37481,0.00291231,0.00171013,0
4.37577,0.00292902,0.00170797,0
4.37693,0.00292902,0.00170797,0
4.37775,0.00293946,0.00170489,0
4.37877,0.00294703,0.00164587,0
4.37978,0.00298498,0.00167458,0
4.38074,0.00301786,0.00171454,0
4.38176,0.00308235,0.00172851,0
4.38274,0.00308359,0.00168722,0
4.38374,0.00309596,0.00169445,0
4.38476,0.00312548,0.00168931,0
4.38578,0.00315604,0.00170097,0
4.38679,0.00317618,0.00169603,0
4.38784,0.00315307,0.00164633,0
4.38879,0.00313015,0.00163663,0
4.38996,0.00312062,0.00165359,0
4.39082,0.00310856,0.00165287,0
4.39175,0.00310155,0.00166847,0
4.39297,0.00309154,0.00166624,0
4.39375,0.00308676,0.00168105,0
4.39481,0.00307074,0.00172366,0
4.39584,0.00307892,0.0016712,0
4.39677,0.0030685,0.00168615,0
4.39786,0.00306297,0.00172932,0
4.39884,0.0030561,0.00172447,0
4.39976,0.00306287,0.0016915,0
4.40076,0.00302346,0.00169346,0
4.40181,0.00304906,0.00174556,0
4.40275,0.00304906,0.00174556,0
4.40378,0.00305225,0.00173923,0
4.40478,0.00305176,0.00171516,0
4.40575,0.00305631,0.00169996,0
4.40676,0.00305631,0.00169996,0
4.40778,0.00302368,0.00171685,0
4.40897,0.00305664,0.00170345,0
4.40973,0.00305664,0.00170345,0
4.41076,0.00299911,0.001655,0
4.41176,0.00303436,0.0016564,0
4.41274,0.00300965,0.00163857,0
4.41373,0.00300965,0.00163857,0
4.41469,0.00301635,0.001621,0
4.41576,0.00305181,0.00167988,0
4.41676,0.00305181,0.00167988,0
4.41777,0.00306556,0.00171274,0
4.41875,0.00307208,0.00171419,0
4.41973,0.00304721,0.00173597,0
4.42073,0.00307825,0.00176887,0
4.42185,0.00307825,0.00176887,0
4.42272,0.00306323,0.00170676,0
4.42373,0.00307219,0.00171943,0
4.42477,0.00308059,0.00165936,0
4.42576,0.00308974,0.00167313,0
4.42677,0.00306171,0.0016814,0
4.42774,0.00309991,0.00173209,0
4.42876,0.00311,0.00173475,0
4.42977,0.00312117,0.00174789,0
4.43077,0.00312738,0.00174199,0
4.432,0.00312738,0.00174199,0
4.43278,0.00308188,0.00163591,0
4.43375,0.00311522,0.00168042,0
4.43475,0.00311522,0.00168042,0
4.43577,0.00310529,0.00165386,0
4.43675,0.00314136,0.00168889,0
4.43776,0.00315729,0.00164673,0
4.43875,0.00315729,0.00164673,0
4.4397,0.00313815,0.0016669,0
4.44078,0.00317995,0.0016449,0
4.44178,0.00313111,0.0015523,0
4.44278,0.00312787,0.0015971,0
4.44371,0.00317479,0.00165748,0
4.44481,0.00318683,0.00159784,0
4.44571,0.00318798,0.0016636,0
4.44677,0.00317164,0.00159954,0
4.44784,0.00317164,0.00159954,0
4.44873,0.00319307,0.00164197,0
4.4497,0.00323792,0.00169306,0
4.45072,0.00325,0.00169491,0
4.45172,0.00326366,0.00170656,0
4.45281,0.00326327,0.00170781,0
4.45384,0.00328465,0.00171205,0
4.45502,0.00325998,0.00163742,0
4.4557,0.0032596,0.00163866,0
4.4568,0.00326522,0.00164283,0
4.45828,0.00327341,0.00163867,0
4.4591,0.0032865,0.00165331,0
4.45971,0.00329504,0.00164935,0
4.46075,0.00330783,0.0016627,0
4.46187,0.00332109,0.00172834,0
4.46285,0.00336921,0.00171679,0
4.46396,0.00334286,0.00167136,0
4.46487,0.00335105,0.00167678,0
4.46576,0.00332459,0.001601,0
4.46678,0.00333054,0.00160607,0
4.46793,0.00333905,0.00160251,0
4.46877,0.00335244,0.0016177,0
4.46976,0.00336126,0.00161418,0
4.47079,0.00337434,0.001628,0
4.47176,0.00338332,0.00162373,0
4.47286,0.0033966,0.00163692,0
4.47382,0.00340575,0.00163204,0
4.47483,0.00341919,0.00164464,0
4.47578,0.00342848,0.00163919,0
4.47682,0.00344205,0.00165128,0
4.47783,0.00345146,0.00164532,0
4.47885,0.00342856,0.00158666,0
4.47979,0.00343005,0.00157294,0
4.48092,0.00344298,0.00158668,0
4.48185,0.00345241,0.00158373,0
4.48284,0.00346567,0.00159763,0
4.4838,0.00347475,0.00159327,0
4.48478,0.00348814,0.00160642,0
4.4859,0.0034974,0.00160144,0
4.48678,0.00351095,0.001614,0
4.4882,0.00352033,0.00160843,0
4.48889,0.00352271,0.00153968,0
4.4898,0.00354338,0.00161436,0
4.49075,0.00355716,0.00162588,0
4.49208,0.00351664,0.00146607,0
4.49302,0.00353384,0.00155172,0
4.49375,0.00354255,0.00154736,0
4.49477,0.00355622,0.00156201,0
4.49578,0.00356526,0.00155781,0
4.49676,0.00357855,0.00157104,0
4.49785,0.00358771,0.00156608,0
4.49879,0.00358759,0.00149419,0
4.49973,0.00361048,0.00157311,0
4.50075,0.00362406,0.00158514,0
4.50173,0.00364735,0.00166432,0
4.50281,0.00368401,0.00155228,0
4.50403,0.00366176,0.00159002,0
4.50488,0.00362962,0.00152138,0
4.50588,0.00362951,0.00150592,0
4.50679,0.00362725,0.0014322,0
4.50802,0.00363619,0.00142859,0
4.50903,0.00364921,0.00144171,0
4.50976,0.00365787,0.00143651,0
4.51076,0.00360946,0.00146541,0
4.51175,0.00325023,0.00147994,0
4.51278,0.00305662,0.00159003,0
4.5139,0.00299814,0.00160222,0
4.51474,0.00293855,0.00156567,0
4.51608,0.00288402,0.00156375,0
4.51686,0.00283575,0.00159549,0
4.51779,0.00280102,0.00169768,0
4.51875,0.00275784,0.00170099,0
4.51979,0.00266751,0.00167316,0
4.52077,0.00264795,0.00178119,0
4.52172,0.00266287,0.00172265,0
4.52274,0.00259561,0.0016315,0
4.52382,0.00257817,0.00160195,0
4.52476,0.0025794,0.00161204,0
4.52584,0.00257714,0.00160088,0
4.5267,0.00258071,0.00161113,0
4.52777,0.00258071,0.00161113,0
4.52876,0.00258076,0.00159884,0
4.52975,0.00260629,0.00170459,0
4.53078,0.00262602,0.00164561,0
4.53175,0.00262602,0.00164561,0
4.53274,0.00264076,0.00166153,0
4.53413,0.00261238,0.00159577,0
4.53476,0.00271905,0.00179841,0
4.5357,0.00274398,0.00179389,0
4.53677,0.00270468,0.00165023,0
4.53809,0.00270441,0.00165088,0
4.53896,0.00273359,0.0017228,0
4.53977,0.00279303,0.00177986,0
4.54074,0.00279576,0.00167066,0
4.54176,0.00283965,0.00177433,0
4.54274,0.00285835,0.00175433,0
4.54385,0.0028627,0.00165768,0
4.54494,0.00290427,0.00173808,0
4.54575,0.002931,0.00174138,0
4.54675,0.00295287,0.00172134,0
4.54782,0.00298049,0.00172455,0
4.54887,0.00300337,0.00170426,0
4.54984,0.00299123,0.00165408,0
4.55091,0.00300597,0.00162681,0
4.55184,0.00303333,0.00163103,0
4.55281,0.00305642,0.00161293,0
4.55384,0.00306151,0.00151392,0
4.55485,0.00311034,0.00160893,0
4.55577,0.00314226,0.00162622,0
4.5568,0.00314686,0.00152132,0
4.55777,0.00320327,0.00164278,0
4.55876,0.0032314,0.00164008,0
4.55995,0.00323898,0.0015481,0
4.56091,0.00329145,0.00164916,0
4.56178,0.00332343,0.00166129,0
4.56276,0.00330364,0.00157915,0
4.56374,0.00329904,0.00147403,0
4.56476,0.00335026,0.00157564,0
4.56585,0.00338066,0.00158857,0
4.56674,0.00340616,0.00158203,0
4.56775,0.00340897,0.00148372,0
4.56877,0.00351518,0.00163796,0
4.56975,0.00349573,0.00160048,0
4.57077,0.00354145,0.00169233,0
4.57171,0.00359969,0.00164482,0
4.57271,0.00357293,0.00158691,0
4.57376,0.00363213,0.00167444,0
4.57475,0.00359568,0.0014403,0
4.57573,0.00359125,0.00150499,0
4.57676,0.00360652,0.00148784,0
4.57777,0.00360652,0.00148784,0
4.57877,0.00371071,0.0015401,0
4.57979,0.00365513,0.00139173,0
4.58078,0.00368216,0.00134959,0
4.58186,0.00368997,0.00137832,0
4.58354,0.00371419,0.00136998,0
4.58374,0.00377055,0.00149165,0
4.58483,0.00376023,0.00136461,0
4.58578,0.00372017,0.00131679,0
4.58676,0.00373384,0.00129698,0
4.58774,0.00375975,0.00130483,0
4.58875,0.00378091,0.0012942,0
4.58975,0.00380563,0.00130087,0
4.59076,0.00382577,0.00128904,0
4.59181,0.00384992,0.00129514,0
4.5929,0.00386955,0.00128287,0
4.59379,0.00389309,0.00128807,0
4.59477,0.00389317,0.00128856,0
4.59584,0.00386099,0.00119886,0
4.59677,0.00392441,0.00127291,0
4.59775,0.00388935,0.0011541,0
4.59877,0.0039535,0.00127308,0
4.59978,0.00402772,0.00135514,0
4.60091,0.00405619,0.00134827,0
4.60177,0.00418876,0.00152356,0
4.60278,0.00417839,0.00139189,0
4.60371,0.00412458,0.00133505,0
4.60474,0.00413344,0.00130721,0
4.60575,0.00423244,0.00136393,0
4.60676,0.00412834,0.00122299,0
4.60777,0.00412876,0.00120585,0
4.60875,0.00416694,0.00132902,0
4.6099,0.00422195,0.00124704,0
4.61077,0.00417195,0.00120869,0
4.61176,0.0042573,0.0012399,0
4.61275,0.00428194,0.00125128,0
4.61376,0.00429628,0.00123697,0
4.61481,0.00431292,0.00123935,0
4.61576,0.00432545,0.00122385,0
4.61676,0.00434205,0.00122667,0
4.61783,0.00432485,0.00123538,0
4.6188,0.00437435,0.00121433,0
4.61974,0.00430051,0.00114226,0
4.62076,0.00430797,0.00113753,0
4.62174,0.00432086,0.00112506,0
4.62277,0.00433738,0.00113065,0
4.62381,0.00439177,0.00124531,0
4.62475,0.00449273,0.00130314,0
4.62588,0.00446829,0.00116818,0
4.62676,0.00439519,0.00111677,0
4.6278,0.00444052,0.00122214,0
4.62874,0.00444052,0.00122214,0
4.6298,0.00441823,0.00108366,0
4.63078,0.00447884,0.00122132,0
4.63177,0.00453232,0.00112926,0
4.63275,0.00440939,0.00100868,0
4.63375,0.00444308,0.00110738,0
4.63475,0.00444308,0.00110738,0
4.63599,0.00442602,0.000982803,0
4.63699,0.00442799,0.000980272,0
4.63773,0.00442799,0.000980272,0
4.63876,0.00444782,0.000976698,0
4.63977,0.00445514,0.000965128,0
4.64078,0.00451558,0.00110579,0
4.64176,0.00456982,0.00101161,0
4.64279,0.00444745,0.000983186,0
4.64376,0.00451877,0.00109443,0
4.64477,0.00454915,0.000936509,0
4.6459,0.00447395,0.000872482,0
4.64677,0.00448346,0.000871193,0
4.64786,0.00449701,0.000865834,0
4.64875,0.00451286,0.000873629,0
4.64989,0.00452465,0.000867371,0
4.65085,0.00459073,0.00101068,0
4.65176,0.00464448,0.000918191,0
4.65277,0.00456904,0.000879394,0
4.65375,0.00461989,0.00100077,0
4.65479,0.00467514,0.000918353,0
4.65576,0.00459355,0.000868343,0
4.65681,0.0045877,0.000921172,0
4.65778,0.00462608,0.000818349,0
4.65876,0.00454255,0.000783393,0
4.65977,0.00454299,0.000783582,0
4.66085,0.00463783,0.000822467,0
4.66171,0.00463783,0.000822467,0
4.66273,0.00466504,0.00100647,0
4.66382,0.00477384,0.00105305,0
4.66476,0.00473399,0.000921295,0
4.66581,0.00473823,0.00091096,0
4.66677,0.00473823,0.00091096,0
4.66775,0.00468709,0.000767328,0
4.66876,0.00474752,0.000899059,0
4.66977,0.00470765,0.000925388,0
4.67073,0.00476089,0.000888195,0
4.67175,0.00476422,0.000885601,0
4.67277,0.00476718,0.000874637,0
4.67375,0.00477113,0.000874,0
4.67475,0.00477165,0.000874168,0
4.67574,0.00477314,0.000863959,0
4.67679,0.00483738,0.000943802,0
4.6777,0.00483792,0.000943978,0
4.67878,0.00485304,0.000941945,0
4.67973,0.00481043,0.000963169,0
4.68076,0.00492731,0.00100324,0
4.68186,0.00492731,0.00100324,0
4.68297,0.00501548,0.00106803,0
4.68378,0.00486056,0.000927559,0
4.68475,0.00490194,0.00103571,0
4.68574,0.00495938,0.000939326,0
4.68676,0.00486172,0.000880556,0
4.6878,0.00491753,0.00101362,0
4.68879,0.00497054,0.00090644,0
4.69,0.00487087,0.000856875,0
4.6908,0.00486,0.00083287,0
4.69179,0.00492879,0.000979244,0
4.69276,0.00504518,0.00102213,0
4.69376,0.00493051,0.000796016,0
4.6947,0.00479702,0.000718029,0
4.69574,0.00496839,0.000913767,0
4.69676,0.00490958,0.000763761,0
4.69774,0.00485736,0.000862344,0
4.69879,0.00496145,0.000897092,0
4.69978,0.00497033,0.000906355,0
4.70074,0.00490049,0.000744618,0
4.70175,0.00484606,0.000842481,0
4.70273,0.00484606,0.000842481,0
4.70393,0.00489083,0.000732716,0
4.70483,0.00489083,0.000732716,0
4.70569,0.00488139,0.00078594,0
4.7068,0.00487288,0.000777473,0
4.70786,0.00487288,0.000777473,0
4.70877,0.00487053,0.000781277,0
4.70989,0.00498274,0.000826647,0
4.71079,0.00485025,0.000768716,0
4.71179,0.00478013,0.000613006,0
4.71295,0.00472567,0.000718606,0
4.71373,0.00483155,0.000755507,0
4.71486,0.00483426,0.000760794,0
4.71572,0.00476277,0.000603847,0
4.7168,0.00464704,0.000628941,0
4.71773,0.00473901,0.000656196,0
4.7187,0.00474396,0.000671008,0
4.71986,0.00473955,0.000669042,0
4.72109,0.00473444,0.000673258,0
4.72195,0.00472806,0.000668368,0
4.72295,0.0047242,0.000672417,0
4.72398,0.00471856,0.000666988,0
4.72495,0.00471527,0.000670385,0
4.72619,0.00471013,0.000664345,0
4.72673,0.0047073,0.000667187,0
4.72791,0.00471458,0.00073996,0
4.72903,0.00482007,0.000785207,0
4.72975,0.00474581,0.000629386,0
4.73086,0.00454055,0.000422545,0
4.73207,0.00459966,0.000569838,0
4.73283,0.00459452,0.000575167,0
4.73377,0.00458988,0.000572054,0
4.73475,0.004508,0.00041452,0
4.73577,0.00450272,0.000409786,0
4.73675,0.00450003,0.000413694,0
4.73776,0.00449538,0.000408249,0
4.73874,0.00442801,0.000330851,0
4.73975,0.00440884,0.000316804,0
4.74094,0.00440402,0.000323327,0
4.74201,0.00439844,0.000322202,0
4.74282,0.0043945,0.000329009,0
4.74376,0.00447096,0.000490893,0
4.74475,0.0043858,0.000331746,0
4.74579,0.0043858,0.000331746,0
4.74676,0.00438092,0.000327949,0
4.74775,0.00437838,0.000332873,0
4.74877,0.00431543,0.000360263,0
4.74975,0.00431862,0.000364531,0
4.75098,0.00431862,0.000364531,0
4.75178,0.00432208,0.000358031,0
4.75301,0.00432239,0.000350186,0
4.75376,0.00432458,0.000351406,0
4.75475,0.0043245,0.000343403,0
4.75573,0.0043245,0.000343403,0
4.75674,0.00438027,0.000305227,0
4.75776,0.00446438,0.000476061,0
4.75874,0.00452536,0.000551041,0
4.75979,0.00445057,0.000393363,0
4.76074,0.00431915,0.00033211,0
4.76175,0.00424109,0.00024084,0
4.76279,0.00435419,0.000273961,0
4.76376,0.00423722,0.000239298,0
4.76474,0.0042203,0.000225028,0
4.76577,0.004347,0.000277255,0
4.76674,0.00431673,0.000403555,0
4.76774,0.00434257,0.000275354,0
4.76889,0.00421984,0.000228887,0
4.76978,0.00429599,0.000393145,0
4.77074,0.00442046,0.000436143,0
4.77171,0.00421216,0.000228151,0
4.77282,0.00428692,0.000383095,0
4.77391,0.00434763,0.000354192,0
4.77471,0.00421249,0.000300482,0
4.77579,0.00432703,0.000345384,0
4.77678,0.00432912,0.000351659,0
4.77775,0.00419571,0.000309069,0
4.77875,0.00430929,0.000343258,0
4.77972,0.00431422,0.00035728,0
4.78073,0.00430941,0.000352768,0
4.78169,0.00430539,0.000355118,0
4.78275,0.0042988,0.000348893,0
4.78377,0.00419925,0.000177093,0
4.78477,0.00419925,0.000177093,0
4.78586,0.00415544,0.000297136,0
4.78685,0.00427384,0.00033948,0
4.78771,0.00411597,8.73661e-05,0
4.78878,0.00419478,0.000257833,0
4.78974,0.00418502,0.000253744,0
4.79076,0.00434137,0.000402752,0
4.79181,0.00429851,0.000304374,0
4.79286,0.00417087,0.000272927,0
4.79374,0.0041514,0.000259653,0
4.79482,0.00414431,0.000263204,0
4.7958,0.00407107,0.000179342,0
4.79676,0.00405119,0.000175779,0
4.79778,0.00404168,0.000174454,0
4.79879,0.00403569,0.000183579,0
4.79976,0.0040274,0.000182359,0
4.80095,0.00402142,0.000189597,0
4.8019,0.00401381,0.000187334,0
4.80279,0.00400853,0.000193715,0
4.80404,0.00400151,0.000190633,0
4.80476,0.00399673,0.000196235,0
4.80579,0.00388819,1.33019e-05,0
4.80675,0.00388369,1.78786e-05,0
4.80777,0.00387689,1.33916e-05,0
4.80876,0.00397538,0.000197295,0
4.80977,0.00390207,0.000112915,0
4.81075,0.0037794,7.13023e-05,0
4.81174,0.00376994,7.28803e-05,0
4.81278,0.00376436,6.4302e-05,0
4.81376,0.00386046,0.000115011,0
4.81489,0.00385484,0.000122109,0
4.81575,0.00384754,0.000119754,0
4.81675,0.0037373,5.54106e-05,0
4.81779,0.00383568,0.000122938,0
4.81878,0.00372521,5.33449e-05,0
4.81974,0.00371842,5.73344e-05,0
4.82075,0.00371376,5.25808e-05,0
4.82176,0.0037072,5.71511e-05,0
4.82276,0.00380958,0.000129875,0
4.82375,0.00362888,0.000136945,0
4.82475,0.00360912,0.000140875,0
4.82582,0.00359951,0.000142296,0
4.82675,0.00359379,0.000133598,0
4.82776,0.00358519,0.000134837,0
4.82877,0.00357929,0.000127945,0
4.82975,0.00357118,0.000130141,0
4.83076,0.00356581,0.00012403,0
4.83183,0.00355814,0.000126973,0
4.83276,0.00355287,0.000121402,0
4.83377,0.00354576,0.000125178,0
4.83476,0.00354073,0.000120219,0
4.83575,0.00353381,0.000124563,0
4.83675,0.00346145,0.000198577,0
4.83775,0.00343926,0.000211017,0
4.83875,0.00343144,0.000203122,0
4.83975,0.00342307,0.000202848,0
4.84075,0.00341628,0.000194801,0
4.84176,0.00340771,0.000196345,0
4.84273,0.00340142,0.000189278,0
4.84375,0.00339339,0.000191616,0
4.84476,0.00338752,0.000185313,0
4.84573,0.00337985,0.000188375,0
4.84678,0.00337428,0.000182746,0
4.84769,0.00336685,0.000186432,0
4.84878,0.00336147,0.000181381,0
4.84977,0.00328674,0.000263519,0
4.85074,0.00326612,0.000266499,0
4.85174,0.0032559,0.000267256,0
4.85277,0.00324907,0.000257617,0
4.85374,0.00323988,0.000258228,0
4.85478,0.00323286,0.000250411,0
4.85574,0.00322415,0.000252007,0
4.85677,0.00321765,0.000244992,0
4.85775,0.00320938,0.000247357,0
4.8588,0.00320322,0.000241072,0
4.85975,0.00319523,0.000244113,0
4.86078,0.00305148,0.000281342,0
4.86176,0.00303308,0.000292771,0
4.86275,0.00303308,0.000292771,0
4.86382,0.00302169,0.000285608,0
4.86483,0.00308786,0.000312058,0
4.86589,0.00307721,0.000313721,0
4.86697,0.00307007,0.000306028,0
4.86788,0.00298984,0.00027157,0
4.86876,0.00317884,0.000109211,0
4.86976,0.00794153,0.0287716,0
4.87084,0.00477335,0.0272537,0
4.87184,0.00118046,0.0245086,0
4.87275,0.00140306,0.0225122,0
4.87373,0.00355162,0.0208671,0
4.87476,0.00534748,0.0194949,0
4.87595,0.00534748,0.0194949,0
4.87675,0.00806811,0.0171697,0
4.8778,0.00916562,0.0165934,0
4.87884,0.0102576,0.0156981,0
4.87975,0.0102576,0.0156981,0
4.88075,0.0117124,0.0143912,0
4.88173,0.0117124,0.0143912,0
4.88282,0.0130993,0.0134591,0
4.88377,0.0135256,0.0129243,0
4.88475,0.0140144,0.0127368,0
4.88577,0.014334,0.0122524,0
4.88675,0.0147329,0.0119848,0
4.88776,0.0150242,0.0118097,0
4.88878,0.0153339,0.0116436,0
4.88978,0.0155054,0.0113172,0
4.89084,0.0157892,0.011244,0
4.89177,0.0159179,0.0110638,0
4.89275,0.0155821,0.00861907,0
4.8938,0.0157278,0.00833884,0
4.89475,0.0157083,0.00814612,0
4.89591,0.0147684,0.00804114,0
4.89676,0.0131864,0.00799034,0
4.89774,0.0131844,0.00798828,0
4.89872,0.0129707,0.00798153,0
4.89979,0.013884,0.00765395,0
4.90075,0.013884,0.00765395,0
4.9017,0.0167952,0.00662325,0
4.90288,0.016796,0.00662734,0
4.90377,0.0152737,0.00579257,0
4.90476,0.0146583,0.00390698,0
4.90583,0.0141874,0.0036066,0
4.90684,0.0140409,0.00360367,0
4.90774,0.0139066,0.00375962,0
4.90881,0.0139885,0.00371032,0
4.90981,0.0137307,0.00373165,0
4.91079,0.0134619,0.00359974,0
4.91179,0.0132258,0.00352874,0
4.91275,0.0130259,0.00353722,0
4.91373,0.0127971,0.00346464,0
4.91474,0.0125736,0.00340561,0
4.91574,0.012351,0.00333763,0
4.91675,0.012133,0.00326884,0
4.91776,0.0119192,0.00321197,0
4.91874,0.0117038,0.00314235,0
4.91975,0.0114939,0.00308735,0
4.92096,0.0112824,0.00301976,0
4.92189,0.0110763,0.00296703,0
4.92276,0.0108689,0.00290144,0
4.92385,0.010667,0.00285088,0
4.92523,0.0104423,0.00273683,0
4.92585,0.0104423,0.00273683,0
4.92703,0.0102233,0.00272901,0
4.92795,0.00990998,0.00273353,0
4.92874,0.00971786,0.0026501,0
4.92982,0.0095092,0.00260184,0
4.93074,0.00931884,0.00253909,0
4.9318,0.00913563,0.00249709,0
4.93301,0.00895084,0.00243784,0
4.9337,0.00877274,0.00239572,0
4.93476,0.00859249,0.00233918,0
4.93576,0.00840356,0.00226216,0
4.93676,0.00824527,0.00224881,0
4.93783,0.00820645,0.00222295,0
4.93872,0.00791839,0.00217763,0
4.93972,0.00775315,0.0021069,0
4.94075,0.00757589,0.00207049,0
4.9418,0.0073998,0.00198429,0
4.94272,0.00724429,0.00194989,0
4.94377,0.00721921,0.00195665,0
4.94472,0.00695831,0.00191543,0
4.94576,0.00680766,0.00185223,0
4.94676,0.00664767,0.00181939,0
4.94777,0.00649977,0.00177,0
4.94875,0.00635901,0.00174113,0
4.94976,0.00620601,0.00166774,0
4.95079,0.00608068,0.00166641,0
4.95175,0.00604555,0.00164175,0
4.95275,0.00581958,0.00160644,0
4.9538,0.0056789,0.00152716,0
4.95474,0.0055411,0.00149934,0
4.95577,0.00551764,0.00150489,0
4.95678,0.00530475,0.00145756,0
4.95829,0.00530475,0.00145756,0
4.95889,0.00504714,0.00136862,0
4.95978,0.00494177,0.00136066,0
4.96079,0.00482709,0.00132131,0
4.96177,0.00471602,0.00129987,0
4.96277,0.00460353,0.0012603,0
4.96377,0.00441122,0.00122198,0
4.96476,0.00438338,0.00119238,0
4.96581,0.00420754,0.00116754,0
4.96676,0.00409952,0.00112151,0
4.96776,0.00407819,0.00110597,0
4.96877,0.00407819,0.00110597,0
4.96975,0.00382394,0.00106393,0
4.97076,0.00373052,0.00102115,0
4.97184,0.00373052,0.00102115,0
4.97279,0.0035499,0.000973435,0
4.97377,0.00346278,0.000946638,0
4.97478,0.00344933,0.00094309,0
4.97584,0.00343427,0.000951546,0
4.97682,0.00323023,0.000886819,0
4.97775,0.00319537,0.000871373,0
4.97884,0.00312165,0.000858193,0
4.97978,0.00299804,0.000836908,0
4.98076,0.00291762,0.000800703,0
4.98177,0.00284331,0.000789956,0
4.98275,0.00277324,0.000766482,0
4.98376,0.00270416,0.00074185,0
4.98476,0.00264023,0.000734121,0
4.98574,0.00257244,0.00070622,0
4.98677,0.00251105,0.000698641,0
4.98775,0.00244605,0.000671352,0
4.98876,0.00238681,0.000664468,0
4.98975,0.00232511,0.000637859,0
4.99076,0.00226929,0.000631788,0
4.99182,0.00220941,0.000605857,0
4.99288,0.0021561,0.000600403,0
4.99376,0.00209662,0.000567283,0
4.99478,0.00208687,0.000579242,0
4.99581,0.00199671,0.000549775,0
4.99681,0.00194471,0.000534649,0
4.99779,0.00192783,0.000525208,0
4.99877,0.00184718,0.000517236,0
4.99975,0.00179507,0.000483531,0
5.00077,0.00178375,0.000494479,0
5.00177,0.0017046,0.000467072,0
5.0028,0.00166111,0.000461377,0
5.00378,0.00161197,0.000432569,0
5.00477,0.00160385,0.000443765,0
5.00577,0.00153171,0.000418234,0
5.00677,0.00149125,0.000409278,0
5.00776,0.00147793,0.000399061,0
5.00877,0.00141556,0.000394928,0
5.00975,0.00137183,0.000366054,0
5.01075,0.00136819,0.000377682,0
5.01174,0.00130182,0.000352921,0
5.01275,0.00126767,0.000349887,0
5.01374,0.00122841,0.000328945,0
5.01474,0.00119761,0.000329973,0
5.01574,0.0011645,0.000315995,0
5.01676,0.00112957,0.000296632,0
5.01777,0.00112317,0.000308006,0
5.01874,0.00107179,0.000285792,0
5.01978,0.00104204,0.000281975,0
5.02074,0.00103074,0.000271024,0
5.02172,0.000985461,0.000270835,0
5.02276,0.000955777,0.000249556,0
5.02375,0.000931938,0.000251811,0
5.02476,0.000904859,0.000232866,0
5.02576,0.000881273,0.000236153,0
5.02676,0.0008537,0.000218283,0
5.02775,0.000830927,0.000222079,0
5.02882,0.000804138,0.000204731,0
5.02977,0.00078149,0.000206899,0
5.03076,0.000772677,0.000196421,0
5.03174,0.000738159,0.000199349,0
5.03275,0.000711743,0.000181565,0
5.03375,0.000690314,0.000188838,0
5.03476,0.000664322,0.000171141,0
5.03575,0.000641103,0.000175313,0
5.03674,0.000621113,0.00015241,0
5.03775,0.000602179,0.0001576,0
5.03874,0.000569953,0.000152562,0
5.03977,0.000549037,0.000160866,0
5.04085,0.00053654,0.000152501,0
5.04184,0.000508622,0.000157531,0
5.04281,0.000485568,0.000141341,0
5.04376,0.000478893,0.000152057,0
5.04476,0.00044909,0.000135771,0
5.04575,0.000432322,0.000141077,0
5.04676,0.000412753,0.000126043,0
5.04776,0.000398985,0.00013243,0
5.04884,0.000380444,0.00011787,0
5.04975,0.00037321,0.000123223,0
5.05076,0.000356438,0.000109461,0
5.05175,0.000397082,0.000109016,0
5.05279,0.0001952,0.000123782,0
5.05381,0.000128327,0.000136853,0
5.05479,0.000176023,0.000113732,0
5.05576,0.000200314,0.000122283,0
5.05675,0.000332098,8.94174e-05,0
5.05776,0.000297943,9.01849e-05,0
5.05876,0.000232823,8.30099e-05,0
5.05978,0.000153863,2.03328e-05,0
5.06082,6.63583e-05,8.94801e-05,0
5.06184,9.20163e-06,0.000128597,0
5.06275,1.7183e-05,0.00012478,0
5.06379,3.4953e-05,0.000116769,0
5.06481,5.07859e-05,0.000104792,0
5.06586,6.84776e-05,0.000109056,0
5.06696,7.99396e-05,0.00010077,0
5.06802,9.15087e-05,0.000105628,0
5.06931,9.78756e-05,9.79257e-05,0
5.06994,0.000105548,0.000103246,0
5.07085,0.000108922,9.61093e-05,0
5.07192,0.000108922,9.61093e-05,0
5.0731,0.000115751,9.49995e-05,0
5.07406,0.000119599,0.000100859,0
5.07488,0.000119599,0.000100859,0
5.07577,0.000123007,0.000100269,0
5.07687,0.000122596,9.38614e-05,0
5.07776,0.000122596,9.38614e-05,0
5.07876,0.000125006,9.99264e-05,0
5.07975,0.000124345,9.35508e-05,0
5.08075,0.000126335,9.96774e-05,0
5.08175,0.000125332,9.33781e-05,0
5.08276,0.000127129,9.95285e-05,0
5.08375,0.000125938,9.32683e-05,0
5.08477,0.000127654,9.94243e-05,0
5.08575,0.000126378,9.31751e-05,0
5.08675,0.000127971,9.93588e-05,0
5.08773,0.000126594,9.31384e-05,0
5.08882,0.000128138,9.93234e-05,0
5.08976,0.000126772,9.30982e-05,0
5.09076,0.000128293,9.92861e-05,0
5.09175,0.000126883,9.30652e-05,0
5.09275,0.000128367,9.92679e-05,0
5.09376,0.00012694,9.30503e-05,0
5.09475,0.000128415,9.92544e-05,0
5.09574,0.000126946,9.30528e-05,0
5.09675,0.000128449,9.92384e-05,0
5.09776,0.000127022,9.30308e-05,0
5.09876,0.00012845,9.92433e-05,0
5.09975,0.000126982,9.30325e-05,0
5.10076,0.000128525,9.92221e-05,0
5.10174,0.000126979,9.30376e-05,0
5.10276,0.00012848,9.92266e-05,0
5.10408,0.000127081,9.30028e-05,0
5.10477,0.000128501,9.92272e-05,0
5.10575,0.000126943,9.30419e-05,0
5.10675,0.000128504,9.92191e-05,0
5.10775,0.000127059,9.30105e-05,0
5.10882,0.000128476,9.92329e-05,0
5.10974,0.000126999,9.30179e-05,0
5.11077,0.000128538,9.92165e-05,0
5.11173,0.000126985,9.30264e-05,0
5.11278,0.000128485,9.92243e-05,0
5.11381,0.000127048,9.30083e-05,0
5.11474,0.000128471,9.92349e-05,0
5.11596,0.000126993,9.30149e-05,0
5.11672,0.000128566,9.92045e-05,0
5.11774,0.000127008,9.30163e-05,0
5.11875,0.000128456,9.92332e-05,0
5.11977,0.000127036,9.30013e-05,0
5.12075,0.000128514,9.92255e-05,0
5.12182,0.000126938,9.30316e-05,0
5.12277,0.000128495,9.92243e-05,0
5.12379,0.000127043,9.30037e-05,0
5.12484,0.000128462,9.92404e-05,0
5.12575,0.00012698,9.30127e-05,0
5.12678,0.000128521,9.92254e-05,0
5.12791,0.000126964,9.30223e-05,0
5.12881,0.000128466,9.92342e-05,0
5.12978,0.000127025,9.30051e-05,0
5.13076,0.000128451,9.92456e-05,0
5.13177,0.00012697,9.30124e-05,0
5.13275,0.000128513,9.92301e-05,0
5.13383,0.000126955,9.3022e-05,0
5.13474,0.000127664,9.60054e-05,0
5.13574,0.000128581,9.93897e-05,0
5.13675,0.000126969,9.29912e-05,0
5.13775,0.00012848,9.92336e-05,0
5.13877,0.000126992,9.3022e-05,0
5.13991,0.000128399,9.92521e-05,0
5.14078,0.000126978,9.30162e-05,0
5.14176,0.000128505,9.9222e-05,0
5.14279,0.000126946,9.30336e-05,0
5.14376,0.000128442,9.92303e-05,0
5.14477,0.000127005,9.30196e-05,0
5.1458,0.000128426,9.92398e-05,0
5.14678,0.00012695,9.30293e-05,0
5.14776,0.00012852,9.92082e-05,0
5.14876,0.000126965,9.30332e-05,0
5.14975,0.000128409,9.92358e-05,0
5.15074,0.000126993,9.30204e-05,0
5.15176,0.000128466,9.92271e-05,0
5.1528,0.000126895,9.30526e-05,0
5.15375,0.000128446,9.9225e-05,0
5.15476,0.000126999,9.30263e-05,0
5.15576,0.000128412,9.92404e-05,0
5.15676,0.000126936,9.30366e-05,0
5.15777,0.000128471,9.92247e-05,0
5.1588,0.00012692,9.30474e-05,0
5.15979,0.000128416,9.92329e-05,0
5.16074,0.000127014,9.30169e-05,0
5.1618,0.00012843,9.92363e-05,0
5.16275,0.000126871,9.30594e-05,0
5.16375,0.000128428,9.92303e-05,0
5.16478,0.000126983,9.30306e-05,0
5.1658,0.000128397,9.92457e-05,0
5.16675,0.000126921,9.30402e-05,0
5.16775,0.000128456,9.92305e-05,0
5.16878,0.000126904,9.30504e-05,0
5.16975,0.000128401,9.92392e-05,0
5.17075,0.000126966,9.30337e-05,0
5.17178,0.000128386,9.92506e-05,0
5.17275,0.00012691,9.30414e-05,0
5.17374,0.00012848,9.92208e-05,0
5.17474,0.000126924,9.30436e-05,0
5.17579,0.000128337,9.92642e-05,0
5.17676,0.000126922,9.30369e-05,0
5.17774,0.000128449,9.92366e-05,0
5.17881,0.000126891,9.3051e-05,0
5.17976,0.000128387,9.92471e-05,0
5.18079,0.00012695,9.30346e-05,0
5.18181,0.000128371,9.92588e-05,0
5.18274,0.000126894,9.30422e-05,0
5.18375,0.000128433,9.92435e-05,0
5.18475,0.000126878,9.30519e-05,0
5.18574,0.000128378,9.92525e-05,0
5.18681,0.000126973,9.30206e-05,0
5.18807,0.000128425,9.92423e-05,0
5.1888,0.000126891,9.30406e-05,0
5.18987,0.000128397,9.92497e-05,0
5.19079,0.000126914,9.30341e-05,0
5.19179,0.000128372,9.92634e-05,0
5.19298,0.000126848,9.30571e-05,0
5.19382,0.000128392,9.92589e-05,0
5.19477,0.000126918,9.30319e-05,0
5.19587,0.000128402,9.92518e-05,0
5.19682,0.000126903,9.30405e-05,0
5.19786,0.000128344,9.92677e-05,0
5.19887,0.000126884,9.30439e-05,0
5.19976,0.000128366,9.92694e-05,0
5.20076,0.000126836,9.30568e-05,0
5.20211,0.000128409,9.92588e-05,0
5.20285,0.000126882,9.3038e-05,0
5.20376,0.000126882,9.3038e-05,0
5.20488,0.000128452,9.9426e-05,0
5.20583,0.000126825,9.303e-05,0
5.20677,0.000128394,9.92588e-05,0
5.20787,0.000126894,9.30498e-05,0
5.20881,0.000128295,9.92818e-05,0
5.20979,0.000126872,9.30459e-05,0
5.21077,0.000128398,9.92523e-05,0
5.21185,0.000126869,9.30556e-05,0
5.21282,0.000128342,9.92594e-05,0
5.21385,0.000126867,9.30577e-05,0
5.2148,0.000128309,9.92726e-05,0
5.21577,0.000126841,9.30598e-05,0
5.21674,0.000126841,9.30598e-05,0
5.21779,0.000126903,9.30516e-05,0
5.21899,0.00012832,9.9262e-05,0
5.21979,0.00012689,9.30494e-05,0
5.22081,0.000128359,9.92572e-05,0
5.22176,0.000126782,9.30851e-05,0
5.22312,0.000128302,9.927e-05,0
5.22402,0.000126925,9.30425e-05,0
5.22482,0.000128401,9.92343e-05,0
5.22585,0.000126865,9.30581e-05,0
5.22682,0.000128281,9.92763e-05,0
5.22774,0.000126792,9.30766e-05,0
5.22876,0.000128387,9.92432e-05,0
5.22977,0.000128387,9.92432e-05,0
5.23075,0.000126843,9.307e-05,0
5.23181,0.000128279,9.9277e-05,0
5.23281,0.000128284,9.92764e-05,0
5.2338,0.000126814,9.30828e-05,0
5.2348,0.000128313,9.92694e-05,0
5.23589,0.000126853,9.30612e-05,0
5.23684,0.000128364,9.92505e-05,0
5.23776,0.000126823,9.30744e-05,0
5.23876,0.000128301,9.92672e-05,0
5.23975,0.000126835,9.30648e-05,0
5.24086,0.000128327,9.92614e-05,0
5.24175,0.000126811,9.30766e-05,0
5.24303,0.000128294,9.92764e-05,0
5.24375,0.000126807,9.3077e-05,0
5.24474,0.000128291,9.9278e-05,0
5.24578,0.000126803,9.30773e-05,0
5.24678,0.000128288,9.92797e-05,0
5.24772,0.0001268,9.30775e-05,0
5.24936,0.000128285,9.92813e-05,0
5.25003,0.000126791,9.30803e-05,0
5.25077,0.000128282,9.9283e-05,0
5.25202,0.000126827,9.30633e-05,0
5.25274,0.000128308,9.92775e-05,0
5.25404,0.000126797,9.30762e-05,0
5.25482,0.000128249,9.92876e-05,0
5.25576,0.000126828,9.30674e-05,0
5.25678,0.000128257,9.92928e-05,0
5.25781,0.000126781,9.30726e-05,0
5.25875,0.000128321,9.92768e-05,0
5.2598,0.000126766,9.30822e-05,0
5.26082,0.000128266,9.92859e-05,0
5.26174,0.000126827,9.30653e-05,0
5.26279,0.000128284,9.92833e-05,0
5.26376,0.000126768,9.30793e-05,0
5.26484,0.000128255,9.92965e-05,0
5.26595,0.000126774,9.30715e-05,0
5.26686,0.000128344,9.92694e-05,0
5.26779,0.000128344,9.92694e-05,0
5.26877,0.000128231,9.92992e-05,0
5.26981,0.000126809,9.30605e-05,0
5.27074,0.000128293,9.92844e-05,0
5.27178,0.000128298,9.92823e-05,0
5.27312,0.000126795,9.30641e-05,0
5.27385,0.000126724,9.3088e-05,0
5.27478,0.000128303,9.92837e-05,0
5.27576,0.000126824,9.30552e-05,0
5.27668,0.000127496,9.6049e-05,0
5.27782,0.000127496,9.6049e-05,0
5.27872,0.000128369,9.94434e-05,0
5.27971,0.000126742,9.3055e-05,0
5.28074,0.000128232,9.93026e-05,0
5.28182,0.000126802,9.30708e-05,0
5.28281,0.000128276,9.92836e-05,0
5.28377,0.000126779,9.30735e-05,0
5.28491,0.000128231,9.92977e-05,0
5.28601,0.000126775,9.30772e-05,0
5.28682,0.00012826,9.9283e-05,0
5.28796,0.000126772,9.30797e-05,0
5.28897,0.000128257,9.92825e-05,0
5.28979,0.000126769,9.30819e-05,0
5.2908,0.000128254,9.92823e-05,0
5.29178,0.000126766,9.30839e-05,0
5.29293,0.00012825,9.92824e-05,0
5.29379,0.000126763,9.30856e-05,0
5.29475,0.000128247,9.92827e-05,0
5.29574,0.000126761,9.3087e-05,0
5.29675,0.000128244,9.92832e-05,0
5.29777,0.000126725,9.31026e-05,0
5.29876,0.000128241,9.92839e-05,0
5.29974,0.000126755,9.30894e-05,0
5.30068,0.000128231,9.92856e-05,0
5.30174,0.000128205,9.92989e-05,0
5.30276,0.000126719,9.31046e-05,0
5.30374,0.00012823,9.92931e-05,0
5.30475,0.000126722,9.31042e-05,0
5.30578,0.000128168,9.93084e-05,0
5.30674,0.000126702,9.31085e-05,0
5.30785,0.000128194,9.93024e-05,0
5.30914,0.00012671,9.31067e-05,0
5.30987,0.000128227,9.92888e-05,0
5.31105,0.000126737,9.30994e-05,0
5.31191,0.000128168,9.93106e-05,0
5.31287,0.000128168,9.93106e-05,0
5.3138,0.00012827,9.92791e-05,0
5.31476,0.000126715,9.31044e-05,0
5.31602,0.00012816,9.9308e-05,0
5.31679,0.00012671,9.31045e-05,0
5.31776,0.000128185,9.93077e-05,0
5.31879,0.000126728,9.30941e-05,0
5.31979,0.000128207,9.93038e-05,0
5.32075,0.000126671,9.31078e-05,0
5.3218,0.000128223,9.92942e-05,0
5.32276,0.000126722,9.31001e-05,0
5.32381,0.000128156,9.93128e-05,0
5.32468,0.000126698,9.31047e-05,0
5.32603,0.000128175,9.93149e-05,0
5.32682,0.000126686,9.31018e-05,0
5.32788,0.000126686,9.31018e-05,0
5.32885,0.000128186,9.93186e-05,0
5.32978,0.000126662,9.31133e-05,0
5.33076,0.000126662,9.31133e-05,0
5.33183,0.000128128,9.93281e-05,0
5.33285,0.000126717,9.30991e-05,0
5.33373,0.000128171,9.93183e-05,0
5.33477,0.000128208,9.93037e-05,0
5.33577,0.000126708,9.30943e-05,0
5.33676,0.00012669,9.30972e-05,0
5.33777,0.000128208,9.93047e-05,0
5.33875,0.000126609,9.31244e-05,0
5.33975,0.000128201,9.93079e-05,0
5.34087,0.000126697,9.31004e-05,0
5.34183,0.000126697,9.31004e-05,0
5.34271,0.000126705,9.30908e-05,0
5.34384,0.000128208,9.9308e-05,0
5.34496,0.000128182,9.93213e-05,0
5.34604,0.000128192,9.93133e-05,0
5.34696,0.000126686,9.31007e-05,0
5.34777,0.000126686,9.31007e-05,0
5.34901,0.000126658,9.31072e-05,0
5.35027,0.000127407,9.60811e-05,0
5.3508,0.000128214,9.94859e-05,0
5.35175,0.000128188,9.94993e-05,0
5.35276,0.000126585,9.31039e-05,0
5.35368,0.000128151,9.93329e-05,0
5.35475,0.00012665,9.31186e-05,0
5.35576,0.00012665,9.31186e-05,0
5.3568,0.000126637,9.31183e-05,0
5.35784,0.000128157,9.93141e-05,0
5.35883,0.000126662,9.31093e-05,0
5.35978,0.00012812,9.93281e-05,0
5.36079,0.000126603,9.31315e-05,0
5.36178,0.00012814,9.93214e-05,0
5.36273,0.000126638,9.31245e-05,0
5.36377,0.000128149,9.93122e-05,0
5.36476,0.000126627,9.31279e-05,0
5.36575,0.000126627,9.31279e-05,0
5.36691,0.000126594,9.31376e-05,0
5.3678,0.000126594,9.31376e-05,0
5.36878,0.000126658,9.31222e-05,0
5.36976,0.000128083,9.93333e-05,0
5.37081,0.000126613,9.3128e-05,0
5.37173,0.00012815,9.93156e-05,0
5.37276,0.00012815,9.93156e-05,0
5.37372,0.000128096,9.93235e-05,0
5.37487,0.000126694,9.3108e-05,0
5.3758,0.000126694,9.3108e-05,0
5.37677,0.000126583,9.31368e-05,0
5.37784,0.000128137,9.93133e-05,0
5.37888,0.000126678,9.31063e-05,0
5.37972,0.000128178,9.92972e-05,0
5.38086,0.000126584,9.31366e-05,0
5.38182,0.000126584,9.31366e-05,0
5.38272,0.000126683,9.31114e-05,0
5.38377,0.000128075,9.93316e-05,0
5.38477,0.000128075,9.93316e-05,0
5.38588,0.000126646,9.31192e-05,0
5.38672,0.0001266,9.31317e-05,0
5.38788,0.000128097,9.93263e-05,0
5.38875,0.000126615,9.31272e-05,0
5.38974,0.00012662,9.31251e-05,0
5.39077,0.000128107,9.93254e-05,0
5.39219,0.000126619,9.31248e-05,0
5.39277,0.000128104,9.93269e-05,0
5.3941,0.000126616,9.31249e-05,0
5.39468,0.000128101,9.93285e-05,0
5.3959,0.000126613,9.31251e-05,0
5.39692,0.000128099,9.93302e-05,0
5.39781,0.00012661,9.31252e-05,0
5.39877,0.000128096,9.93319e-05,0
5.39981,0.000126606,9.31253e-05,0
5.40073,0.00012806,9.93479e-05,0
5.40175,0.000126603,9.31254e-05,0
5.40278,0.00012809,9.93354e-05,0
5.40374,0.000126567,9.31397e-05,0
5.40475,0.000128087,9.93372e-05,0
5.40589,0.000126563,9.31397e-05,0
5.40667,0.000126588,9.31277e-05,0
5.40776,0.000126593,9.31256e-05,0
5.4088,0.000128048,9.9355e-05,0
5.40977,0.000126557,9.31398e-05,0
5.41076,0.000128078,9.93425e-05,0
5.41187,0.000126554,9.31399e-05,0
5.4128,0.000128072,9.93508e-05,0
5.41408,0.000126528,9.3146e-05,0
5.41478,0.000128002,9.93694e-05,0
5.41585,0.0001266,9.31205e-05,0
5.41675,0.000128045,9.93601e-05,0
5.41774,0.000126576,9.31319e-05,0
5.41876,0.000128045,9.93553e-05,0
5.41975,0.000126503,9.31492e-05,0
5.42079,0.000128081,9.93526e-05,0
5.42176,0.000126555,9.31302e-05,0
5.42275,0.000127199,9.61424e-05,0
5.42375,0.000128148,9.95117e-05,0
5.42475,0.000126503,9.31284e-05,0
5.42575,0.000127985,9.93776e-05,0
5.42676,0.000126548,9.31487e-05,0
5.42776,0.000128026,9.93596e-05,0
5.42877,0.000126529,9.31497e-05,0
5.42974,0.000128014,9.9359e-05,0
5.43079,0.000126525,9.31531e-05,0
5.43175,0.000128044,9.93442e-05,0
5.43275,0.000126552,9.31481e-05,0
5.43376,0.000126552,9.31481e-05,0
5.43474,0.000127985,9.93641e-05,0
5.43576,0.000126482,9.31671e-05,0
5.4367,0.000128049,9.93457e-05,0
5.43773,0.000126532,9.31562e-05,0
5.43876,0.000127973,9.9365e-05,0
5.43979,0.000126504,9.31636e-05,0
5.4408,0.000127991,9.93594e-05,0
5.44191,0.000126512,9.31628e-05,0
5.44278,0.000127995,9.93589e-05,0
5.44382,0.000126509,9.31642e-05,0
5.44483,0.000127992,9.93591e-05,0
5.44576,0.000126506,9.31652e-05,0
5.44684,0.00012799,9.93597e-05,0
5.44778,0.000126535,9.31522e-05,0
5.44879,0.000128015,9.93536e-05,0
5.44977,0.000126476,9.31731e-05,0
5.45077,0.000127945,9.93713e-05,0
5.45178,0.000126516,9.31626e-05,0
5.45274,0.000127988,9.93615e-05,0
5.45373,0.000126495,9.31679e-05,0
5.45475,0.000127977,9.93646e-05,0
5.45591,0.000126489,9.31689e-05,0
5.45671,0.000127973,9.93661e-05,0
5.45777,0.000126519,9.31552e-05,0
5.45885,0.000128,9.93601e-05,0
5.45976,0.000126457,9.31775e-05,0
5.46077,0.00012796,9.93708e-05,0
5.46182,0.000126477,9.31707e-05,0
5.46275,0.000126477,9.31707e-05,0
5.46385,0.000126532,9.31502e-05,0
5.46483,0.000128,9.93628e-05,0
5.46575,0.000128,9.93628e-05,0
5.46675,0.000127984,9.93613e-05,0
5.46778,0.000126497,9.31637e-05,0
5.46877,0.000127937,9.93748e-05,0
5.46972,0.000127937,9.93748e-05,0
5.4708,0.000128021,9.93545e-05,0
5.47175,0.000126477,9.31616e-05,0
5.47274,0.000126477,9.31616e-05,0
5.47372,0.000126491,9.31569e-05,0
5.47476,0.000127947,9.9381e-05,0
5.47575,0.000127947,9.9381e-05,0
5.47682,0.000128,9.93623e-05,0
5.47784,0.000126491,9.31615e-05,0
5.47871,0.000127888,9.93975e-05,0
5.47981,0.000126498,9.31525e-05,0
5.48073,0.000128006,9.93634e-05,0
5.48174,0.000128006,9.93634e-05,0
5.4828,0.00012796,9.93756e-05,0
5.4838,0.000126442,9.31715e-05,0
5.48469,0.000127899,9.93977e-05,0
5.48581,0.000126496,9.31508e-05,0
5.48676,0.000128,9.93681e-05,0
5.48774,0.000126444,9.31644e-05,0
5.48875,0.000127886,9.94029e-05,0
5.48977,0.000126487,9.31514e-05,0
5.49081,0.000126487,9.31514e-05,0
5.49182,0.000127961,9.9386e-05,0
5.49271,0.000127147,9.61531e-05,0
5.49376,0.000127152,9.6151e-05,0
5.49474,0.000126407,9.3156e-05,0
5.4958,0.000126444,9.31399e-05,0
5.49689,0.000127946,9.93855e-05,0
5.49779,0.000126459,9.31674e-05,0
5.49878,0.000127945,9.93775e-05,0
5.49969,0.000126454,9.31656e-05,0
5.50079,0.000127941,9.93756e-05,0
5.50177,0.000126451,9.31688e-05,0
5.50273,0.000127937,9.93749e-05,0
5.50371,0.000126482,9.31568e-05,0
5.50476,0.000127963,9.93669e-05,0
5.50576,0.000126423,9.31798e-05,0
5.50675,0.000127893,9.93833e-05,0
5.50789,0.00012643,9.31846e-05,0
5.50877,0.000127936,9.93723e-05,0
5.50987,0.000126411,9.31907e-05,0
5.51077,0.000127925,9.93743e-05,0
5.51183,0.000126437,9.31789e-05,0
5.51283,0.000127921,9.93749e-05,0
5.5138,0.000126434,9.31803e-05,0
5.51478,0.000127918,9.93755e-05,0
5.51585,0.000126431,9.31814e-05,0
5.51701,0.000127915,9.93763e-05,0
5.51785,0.000126428,9.31824e-05,0
5.51876,0.000127911,9.93773e-05,0
5.51979,0.000126425,9.31832e-05,0
5.5209,0.000127908,9.93783e-05,0
5.52169,0.000126422,9.31839e-05,0
5.52284,0.000127905,9.93795e-05,0
5.5238,0.000126452,9.317e-05,0
5.52476,0.0001279,9.93873e-05,0
5.52586,0.000126393,9.31912e-05,0
5.52674,0.000127862,9.93914e-05,0
5.5279,0.0001264,9.31945e-05,0
5.52875,0.000127905,9.93817e-05,0
5.52972,0.000126412,9.31852e-05,0
5.53082,0.000127894,9.9385e-05,0
5.53206,0.000126406,9.31861e-05,0
5.53274,0.000127889,9.9387e-05,0
5.53375,0.000126403,9.31864e-05,0
5.53476,0.000127855,9.94026e-05,0
5.53594,0.000126399,9.31866e-05,0
5.53679,0.000127852,9.94042e-05,0
5.5381,0.000126365,9.32007e-05,0
5.53875,0.000127849,9.94059e-05,0
5.5398,0.00012636,9.32011e-05,0
5.54089,0.000127846,9.94076e-05,0
5.54173,0.000126358,9.32009e-05,0
5.54306,0.000126358,9.32009e-05,0
5.54374,0.000126354,9.32012e-05,0
5.54475,0.00012784,9.94111e-05,0
5.54575,0.00012635,9.32013e-05,0
5.54673,0.000127837,9.94128e-05,0
5.54775,0.000126347,9.32013e-05,0
5.54884,0.000127835,9.94146e-05,0
5.54975,0.000126344,9.32014e-05,0
5.55077,0.000127865,9.94021e-05,0
5.55177,0.00012634,9.32014e-05,0
5.55283,0.000127858,9.94105e-05,0
5.55379,0.000126314,9.32076e-05,0
5.55477,0.000127789,9.9429e-05,0
5.55573,0.000126354,9.31963e-05,0
5.55675,0.000127864,9.94058e-05,0
5.55776,0.000126366,9.31865e-05,0
5.55882,0.000126366,9.31865e-05,0
5.55974,0.000126276,9.3215e-05,0
5.56085,0.000127803,9.94282e-05,0
5.56175,0.000126352,9.31949e-05,0
5.56275,0.00012703,9.61912e-05,0
5.56378,0.000127887,9.95854e-05,0
5.56474,0.000126304,9.31842e-05,0
5.56578,0.000127806,9.94303e-05,0
5.56675,0.000126318,9.32122e-05,0
5.56775,0.000127805,9.94222e-05,0
5.56875,0.000126313,9.32104e-05,0
5.56974,0.000127801,9.94201e-05,0
5.57077,0.000126311,9.32135e-05,0
5.57176,0.000127798,9.94194e-05,0
5.57273,0.000126309,9.32161e-05,0
5.57376,0.000127794,9.94188e-05,0
5.57484,0.000126306,9.32183e-05,0
5.57577,0.000127792,9.94182e-05,0
5.57699,0.000126304,9.32201e-05,0
5.57778,0.000127787,9.94191e-05,0
5.57877,0.000126301,9.32218e-05,0
5.57975,0.000127784,9.94192e-05,0
5.58075,0.000126297,9.32237e-05,0
5.58174,0.000127781,9.94193e-05,0
5.58277,0.000126295,9.32249e-05,0
5.58384,0.000127778,9.94199e-05,0
5.58477,0.000127778,9.94199e-05,0
5.58577,0.000127808,9.94064e-05,0
5.58685,0.000126318,9.32194e-05,0
5.58777,0.000127782,9.94135e-05,0
5.58879,0.000126278,9.32294e-05,0
5.58977,0.000127766,9.94235e-05,0
5.59076,0.000126286,9.32217e-05,0
5.59176,0.000127818,9.94105e-05,0
5.59282,0.000126265,9.32332e-05,0
5.59377,0.000127761,9.94195e-05,0
5.59475,0.000126326,9.32168e-05,0
5.59582,0.000127745,9.94308e-05,0
5.59677,0.000126271,9.32247e-05,0
5.59778,0.000127807,9.94151e-05,0
5.59878,0.000126255,9.32347e-05,0
5.59975,0.000127752,9.94239e-05,0
5.60075,0.000126316,9.32179e-05,0
5.60177,0.000127736,9.94353e-05,0
5.60281,0.000126261,9.32256e-05,0
5.60377,0.000127798,9.94198e-05,0
5.60478,0.000126245,9.32354e-05,0
5.60575,0.000127743,9.94287e-05,0
5.60678,0.000126307,9.32185e-05,0
5.60774,0.000127728,9.94402e-05,0
5.60903,0.000126218,9.32403e-05,0
5.60976,0.00012776,9.94324e-05,0
5.61076,0.000126258,9.32299e-05,0
5.61181,0.000127739,9.94389e-05,0
5.61276,0.00012628,9.32175e-05,0
5.61374,0.000127763,9.94337e-05,0
5.61477,0.00012622,9.32379e-05,0
5.6161,0.000127693,9.94521e-05,0
5.61676,0.00012626,9.32267e-05,0
5.61779,0.000127736,9.94428e-05,0
5.61874,0.000126272,9.32172e-05,0
5.61975,0.000127755,9.94388e-05,0
5.62087,0.000126211,9.32379e-05,0
5.62175,0.000127718,9.94432e-05,0
5.62275,0.00012628,9.32192e-05,0
5.62376,0.000127705,9.94542e-05,0
5.62474,0.000127705,9.94542e-05,0
5.62575,0.000127742,9.9439e-05,0
5.62677,0.000126317,9.32025e-05,0
5.62774,0.000127702,9.94567e-05,0
5.62882,0.000126179,9.32437e-05,0
5.62982,0.000126221,9.3227e-05,0
5.6308,0.000126276,9.32172e-05,0
5.63176,0.000126276,9.32172e-05,0
5.63274,0.000126211,9.32268e-05,0
5.63375,0.000126993,9.61986e-05,0
5.63476,0.000127789,9.9613e-05,0
5.63574,0.000126169,9.32168e-05,0
5.63674,0.000127742,9.94429e-05,0
5.63785,0.000126244,9.32353e-05,0
5.63876,0.000127678,9.94514e-05,0
5.63979,0.000126252,9.32235e-05,0
5.64077,0.000127726,9.94422e-05,0
5.64175,0.000126185,9.32436e-05,0
5.64279,0.000127736,9.94317e-05,0
5.64377,0.000126235,9.32388e-05,0
5.64475,0.000127668,9.94483e-05,0
5.64575,0.000126244,9.32313e-05,0
5.6467,0.000127742,9.94276e-05,0
5.64774,0.000126177,9.32503e-05,0
5.6488,0.00012772,9.94317e-05,0
5.64976,0.000126226,9.32447e-05,0
5.65068,0.000127658,9.94485e-05,0
5.65174,0.000126236,9.32365e-05,0
5.65279,0.000127706,9.94418e-05,0
5.65379,0.000126168,9.32548e-05,0
5.65466,0.000127716,9.94326e-05,0
5.65579,0.000126244,9.32367e-05,0
5.65674,0.000127612,9.9465e-05,0
5.65771,0.000127648,9.94505e-05,0
5.65912,0.00012773,9.943e-05,0
5.65997,0.000126155,9.32643e-05,0
5.66078,0.000127655,9.94491e-05,0
5.66195,0.000127659,9.9447e-05,0
5.66274,0.000126226,9.324e-05,0
5.66373,0.000126178,9.32533e-05,0
5.66496,0.000126151,9.32652e-05,0
5.66584,0.000126191,9.32495e-05,0
5.66672,0.000126164,9.32613e-05,0
5.66775,0.000126214,9.32431e-05,0
5.66926,0.000127712,9.94365e-05,0
5.67009,0.000127717,9.94359e-05,0
5.67104,0.000126173,9.32525e-05,0
5.67186,0.000127669,9.94485e-05,0
5.673,0.000126187,9.32481e-05,0
5.6737,0.000127674,9.94483e-05,0
5.67476,0.000126186,9.32478e-05,0
5.67585,0.000127671,9.94498e-05,0
5.67676,0.00012615,9.32622e-05,0
5.67776,0.000127669,9.94515e-05,0
5.67877,0.000127669,9.94515e-05,0
5.67974,0.000126147,9.32624e-05,0
5.68078,0.000127632,9.94677e-05,0
5.68179,0.000126144,9.32622e-05,0
5.68274,0.000127629,9.94693e-05,0
5.68374,0.00012614,9.32628e-05,0
5.68474,0.000127627,9.94707e-05,0
5.68575,0.00012617,9.32485e-05,0
5.68674,0.000127625,9.94721e-05,0
5.68777,0.000127625,9.94721e-05,0
5.68878,0.000126133,9.32631e-05,0
5.68974,0.000127592,9.94815e-05,0
5.69074,0.000126176,9.32522e-05,0
5.69177,0.000127634,9.94723e-05,0
5.69278,0.000126095,9.32722e-05,0
5.69374,0.000127606,9.94798e-05,0
5.69474,0.000126121,9.32638e-05,0
5.69584,0.000126121,9.32638e-05,0
5.69707,0.000126199,9.32377e-05,0
5.6978,0.000126173,9.32495e-05,0
5.69874,0.000126145,9.32498e-05,0
5.69977,0.000127667,9.94621e-05,0
5.70076,0.000126092,9.32687e-05,0
5.70176,0.000127599,9.948e-05,0
5.70291,0.000126165,9.32433e-05,0
5.70379,0.000127671,9.94633e-05,0
5.70475,0.000127671,9.94633e-05,0
5.70575,0.000126829,9.62427e-05,0
5.70681,0.0001277,9.96333e-05,0
5.70776,0.000126121,9.32318e-05,0
5.7088,0.000127623,9.94771e-05,0
5.70998,0.000127623,9.94771e-05,0
5.71081,0.000127556,9.94912e-05,0
5.71188,0.000127592,9.94766e-05,0
5.71275,0.00012612,9.32658e-05,0
5.71378,0.000127622,9.94723e-05,0
5.71474,0.000126075,9.32802e-05,0
5.71576,0.000127574,9.94823e-05,0
5.71674,0.000126123,9.32639e-05,0
5.71774,0.000127579,9.94801e-05,0
5.71876,0.00012609,9.32798e-05,0
5.71973,0.000127576,9.94797e-05,0
5.72106,0.000126087,9.32818e-05,0
5.72176,0.000127571,9.948e-05,0
5.72278,0.000126116,9.32696e-05,0
5.72404,0.000127601,9.9466e-05,0
5.72475,0.000126114,9.32708e-05,0
5.72575,0.000127565,9.94807e-05,0
5.72676,0.000126141,9.32647e-05,0
5.72778,0.000127572,9.94731e-05,0
5.7287,0.000126133,9.32607e-05,0
5.72986,0.00012753,9.94893e-05,0
5.73081,0.000126089,9.32855e-05,0
5.73175,0.000127536,9.94882e-05,0
5.73279,0.000126094,9.32831e-05,0
5.73382,0.000127557,9.94825e-05,0
5.73477,0.000126134,9.32612e-05,0
5.73578,0.000127583,9.94707e-05,0
5.73667,0.000127583,9.94707e-05,0
5.73776,0.000127573,9.94805e-05,0
5.73891,0.000126039,9.32908e-05,0
5.73972,0.000127586,9.94701e-05,0
5.74092,0.00012756,9.94834e-05,0
5.74175,0.000127497,9.95007e-05,0
5.74275,0.000127497,9.95007e-05,0
5.74372,0.000127606,9.94665e-05,0
5.74478,0.000126095,9.32813e-05,0
5.74571,0.000126095,9.32813e-05,0
5.74676,0.00012609,9.32761e-05,0
5.7477,0.000127594,9.94719e-05,0
5.74872,0.000126051,9.32859e-05,0
5.74968,0.000127548,9.94841e-05,0
5.75072,0.000126066,9.32813e-05,0
5.75176,0.000127553,9.9484e-05,0
5.7527,0.000126065,9.32809e-05,0
5.75389,0.00012607,9.32787e-05,0
5.75479,0.000127556,9.94849e-05,0
5.75569,0.000126067,9.32788e-05,0
5.75673,0.000127553,9.94867e-05,0
5.75784,0.000126063,9.32789e-05,0
5.75874,0.00012755,9.94884e-05,0
5.75977,0.00012606,9.3279e-05,0
5.76087,0.000127547,9.94902e-05,0
5.76183,0.000126057,9.3279e-05,0
5.76276,0.000127544,9.9492e-05,0
5.76375,0.000126053,9.32791e-05,0
5.76492,0.000127541,9.94938e-05,0
5.76594,0.00012605,9.32791e-05,0
5.76695,0.000127538,9.94955e-05,0
5.76781,0.000126047,9.32792e-05,0
5.7688,0.000127536,9.94973e-05,0
5.76976,0.000126043,9.32792e-05,0
5.77075,0.000127533,9.94991e-05,0
5.77178,0.00012604,9.32793e-05,0
5.77283,0.00012753,9.95008e-05,0
5.77387,0.000126037,9.32793e-05,0
5.77478,0.000127527,9.95026e-05,0
5.77585,0.000126034,9.32794e-05,0
5.77702,0.00012673,9.62712e-05,0
5.77795,0.000127595,9.96632e-05,0
5.77888,0.000126014,9.3262e-05,0
5.77978,0.000127516,9.95075e-05,0
5.78088,0.000126029,9.32897e-05,0
5.7818,0.000127515,9.94996e-05,0
5.78284,0.000126024,9.32879e-05,0
5.78387,0.00012751,9.94976e-05,0
5.7848,0.000126021,9.3291e-05,0
5.7858,0.000127507,9.94969e-05,0
5.78676,0.000126019,9.32936e-05,0
5.78783,0.000127472,9.95103e-05,0
5.78877,0.000126016,9.32959e-05,0
5.78984,0.000127501,9.94961e-05,0
5.79096,0.000126013,9.32979e-05,0
5.7918,0.000127497,9.94961e-05,0
5.79273,0.00012601,9.32997e-05,0
5.79385,0.000127462,9.95101e-05,0
5.79477,0.000126004,9.33083e-05,0
5.79574,0.000127435,9.95171e-05,0
5.79687,0.000125934,9.33259e-05,0
5.7978,0.000125934,9.33259e-05,0
5.79886,0.000127469,9.95073e-05,0
5.7998,0.000127474,9.95067e-05,0
5.80077,0.000126005,9.33091e-05,0
5.80179,0.00012749,9.95027e-05,0
5.80289,0.000125908,9.33345e-05,0
5.80376,0.000127425,9.95181e-05,0
5.80472,0.00012743,9.95175e-05,0
5.80578,0.000125992,9.33065e-05,0
5.80682,0.000127476,9.95067e-05,0
5.80775,0.000125968,9.33185e-05,0
5.80871,0.000125968,9.33185e-05,0
5.80978,0.000127413,9.95232e-05,0
5.81074,0.000125947,9.33234e-05,0
5.81178,0.000127434,9.95175e-05,0
5.81273,0.00012598,9.3316e-05,0
5.81375,0.000125984,9.33139e-05,0
5.81488,0.000125984,9.33139e-05,0
5.81575,0.000127414,9.95299e-05,0
5.81676,0.00012592,9.33296e-05,0
5.8178,0.000127425,9.95217e-05,0
5.81879,0.000125975,9.33151e-05,0
5.8198,0.00012741,9.95268e-05,0
5.82077,0.000125936,9.33244e-05,0
5.82175,0.000125936,9.33244e-05,0
5.82274,0.000125974,9.33085e-05,0
5.82384,0.000127456,9.95164e-05,0
5.82478,0.000127456,9.95164e-05,0
5.82578,0.000125883,9.33431e-05,0
5.82677,0.000127386,9.95348e-05,0
5.82783,0.000127386,9.95348e-05,0
5.82876,0.000125983,9.33108e-05,0
5.82988,0.000127435,9.95241e-05,0
5.83089,0.000125932,9.33227e-05,0
5.83175,0.000125932,9.33227e-05,0
5.83276,0.000127384,9.95375e-05,0
5.83374,0.000125917,9.3326e-05,0
5.83473,0.000125917,9.3326e-05,0
5.83576,0.000127409,9.95381e-05,0
5.83676,0.000125932,9.33217e-05,0
5.8378,0.000127376,9.95411e-05,0
5.83867,0.000125936,9.33204e-05,0
5.83997,0.000125941,9.33182e-05,0
5.84069,0.000127417,9.95265e-05,0
5.84172,0.000125973,9.33036e-05,0
5.84284,0.000127444,9.95207e-05,0
5.84377,0.000125918,9.33167e-05,0
5.84486,0.000127426,9.95259e-05,0
5.84585,0.000125943,9.33096e-05,0
5.84676,0.000127434,9.95253e-05,0
