Timestamp,X_hat,Y_hat
0.00971916,-0.0542402,0.00803982,0
0.010424,-0.0542394,0.00804396,0
0.0114327,-0.0542402,0.00803982,0
0.0124298,-0.0542394,0.00804396,0
0.0134152,-0.0542402,0.00803981,0
0.0144236,-0.0542393,0.00804396,0
0.015438,-0.0542402,0.00803981,0
0.016435,-0.0542393,0.00804396,0
0.0174096,-0.0542402,0.00803981,0
0.0184133,-0.0542393,0.00804396,0
0.019429,-0.0542402,0.00803981,0
0.0204371,-0.0542393,0.00804395,0
0.0214283,-0.0542402,0.00803981,0
0.022424,-0.0542393,0.00804395,0
0.0234355,-0.0542402,0.0080398,0
0.0244474,-0.0542393,0.00804395,0
0.0254356,-0.0542402,0.0080398,0
0.0264171,-0.0542393,0.00804395,0
0.0274211,-0.0542402,0.0080398,0
0.028421,-0.0542393,0.00804395,0
0.0294305,-0.0542402,0.0080398,0
0.0304319,-0.0542393,0.00804395,0
0.0314286,-0.0542402,0.0080398,0
0.0324291,-0.0542393,0.00804394,0
0.0334197,-0.0542401,0.0080398,0
0.0344061,-0.0542393,0.00804394,0
0.0354231,-0.0542401,0.00803979,0
0.0364824,-0.0542393,0.00804394,0
0.0374216,-0.0542401,0.00803979,0
0.0386926,-0.0542392,0.00804394,0
0.0394533,-0.0542401,0.00803979,0
0.0406611,-0.0542392,0.00804394,0
0.0414732,-0.0542401,0.00803979,0
0.0424409,-0.0542392,0.00804393,0
0.0434453,-0.0542401,0.00803979,0
0.0444269,-0.0542392,0.00804393,0
0.0454756,-0.0542401,0.00803978,0
0.0464191,-0.0542392,0.00804393,0
0.0474489,-0.0542401,0.00803978,0
0.0484442,-0.0542392,0.00804393,0
0.0494541,-0.0542401,0.00803978,0
0.0504503,-0.0542392,0.00804393,0
0.0514175,-0.0542401,0.00803978,0
0.0524368,-0.0542392,0.00804393,0
0.053431,-0.0542401,0.00803978,0
0.054461,-0.0542392,0.00804392,0
0.055491,-0.0542401,0.00803978,0
0.0564284,-0.0542392,0.00804392,0
0.0574518,-0.0542401,0.00803977,0
0.0585201,-0.0542392,0.00804392,0
0.0594196,-0.05424,0.00803977,0
0.0604406,-0.0542392,0.00804392,0
0.0618365,-0.05424,0.00803977,0
0.0624404,-0.0542391,0.00804392,0
0.063469,-0.05424,0.00803977,0
0.0644166,-0.0542391,0.00804391,0
0.0654559,-0.05424,0.00803977,0
0.0664269,-0.0542391,0.00804391,0
0.0674188,-0.05424,0.00803977,0
0.0684391,-0.0542391,0.00804391,0
0.06952,-0.05424,0.00803976,0
0.0704763,-0.05424,0.00803976,0
0.0714237,-0.05424,0.00803976,0
0.0724315,-0.0542391,0.00804391,0
0.0734293,-0.0542391,0.00804391,0
0.074446,-0.05424,0.00803976,0
0.0754827,-0.05424,0.00803976,0
0.0764154,-0.054239,0.00804393,0
0.0774578,-0.0542399,0.00803977,0
0.0784351,-0.0542399,0.00803977,0
0.079437,-0.0542399,0.00803978,0
0.080475,-0.054239,0.00804392,0
0.0814624,-0.0542399,0.00803977,0
0.0824772,-0.054239,0.00804392,0
0.083494,-0.054239,0.00804392,0
0.0844776,-0.054239,0.00804392,0
0.0853972,-0.054239,0.00804392,0
0.0864853,-0.0542399,0.00803977,0
0.0874406,-0.0542399,0.00803977,0
0.0884564,-0.0542399,0.00803977,0
0.0894582,-0.0542389,0.00804391,0
0.0905841,-0.0542399,0.00803977,0
0.0914575,-0.054239,0.00804391,0
0.0925012,-0.0542399,0.00803976,0
0.0935151,-0.054239,0.00804391,0
0.0944454,-0.0542398,0.00803976,0
0.0954795,-0.054239,0.00804391,0
0.0964804,-0.0542398,0.00803976,0
0.0974515,-0.0542389,0.0080439,0
0.0985016,-0.0542398,0.00803976,0
0.0995994,-0.0542389,0.0080439,0
0.100476,-0.0542398,0.00803975,0
0.101444,-0.0542389,0.00804391,0
0.102475,-0.0542398,0.00803975,0
0.103521,-0.0542389,0.0080439,0
0.10448,-0.0542398,0.00803976,0
0.105791,-0.0542389,0.0080439,0
0.106463,-0.0542398,0.00803975,0
0.107619,-0.0542389,0.0080439,0
0.108489,-0.0542398,0.00803975,0
0.109578,-0.0542389,0.0080439,0
0.110789,-0.0542398,0.00803975,0
0.111986,-0.0542389,0.00804389,0
0.11245,-0.0542389,0.00804389,0
0.113477,-0.0542389,0.00804389,0
0.116181,-0.0542389,0.00804389,0
0.117315,-0.0542389,0.00804389,0
0.11744,-0.0542398,0.00803974,0
0.118527,-0.0542389,0.00804389,0
0.119572,-0.0542397,0.00803974,0
0.120599,-0.0542397,0.00803973,0
0.121447,-0.0542397,0.00803973,0
0.122456,-0.0542398,0.00803974,0
0.123515,-0.0542388,0.00804388,0
0.124481,-0.0542388,0.00804388,0
0.12643,-0.0542397,0.00803973,0
0.12739,-0.0542388,0.00804388,0
0.128178,-0.0542397,0.00803973,0
0.128944,-0.0542388,0.00804388,0
0.129481,-0.0542397,0.00803973,0
0.130616,-0.0542388,0.00804388,0
0.131439,-0.0542397,0.00803973,0
0.132593,-0.0542388,0.00804387,0
0.13348,-0.0542388,0.00804387,0
0.13449,-0.0542388,0.00804387,0
0.135448,-0.0542397,0.00803973,0
0.136554,-0.0542388,0.00804387,0
0.137659,-0.0542397,0.00803972,0
0.138525,-0.0542388,0.00804387,0
0.139475,-0.0542388,0.00804387,0
0.141095,-0.0542397,0.00803972,0
0.141795,-0.0542388,0.00804387,0
0.142585,-0.0542396,0.00803972,0
0.143506,-0.0542388,0.00804387,0
0.144821,-0.0542397,0.00803972,0
0.145499,-0.0542387,0.00804386,0
0.146454,-0.0542396,0.00803972,0
0.147441,-0.0542387,0.00804386,0
0.148464,-0.0542396,0.00803972,0
0.149438,-0.0542387,0.00804386,0
0.150461,-0.0542396,0.00803971,0
0.151431,-0.0542387,0.00804386,0
0.152433,-0.0542396,0.00803971,0
0.153452,-0.0542387,0.00804386,0
0.154413,-0.0542396,0.00803971,0
0.155427,-0.0542387,0.00804385,0
0.156414,-0.0542396,0.00803971,0
0.157419,-0.0542387,0.00804385,0
0.158422,-0.0542396,0.00803971,0
0.15948,-0.0542387,0.00804385,0
0.160429,-0.0542396,0.0080397,0
0.161427,-0.0542387,0.00804385,0
0.162428,-0.0542396,0.0080397,0
0.163456,-0.0542396,0.0080397,0
0.164452,-0.0542396,0.0080397,0
0.16545,-0.0542387,0.00804385,0
0.166464,-0.0542396,0.0080397,0
0.167435,-0.0542387,0.00804384,0
0.168464,-0.0542395,0.0080397,0
0.169473,-0.0542387,0.00804384,0
0.170438,-0.0542395,0.0080397,0
0.171463,-0.0542386,0.00804384,0
0.172427,-0.0542395,0.00803969,0
0.173478,-0.0542386,0.00804384,0
0.174455,-0.0542395,0.00803969,0
0.175416,-0.0542386,0.00804384,0
0.176436,-0.0542395,0.00803969,0
0.177438,-0.0542386,0.00804384,0
0.178455,-0.0542395,0.00803969,0
0.179471,-0.0542386,0.00804383,0
0.180468,-0.0542395,0.00803969,0
0.181455,-0.0542386,0.00804383,0
0.182432,-0.0542395,0.00803968,0
0.183435,-0.0542386,0.00804383,0
0.184427,-0.0542395,0.00803968,0
0.185434,-0.0542386,0.00804383,0
0.186453,-0.0542395,0.00803968,0
0.187478,-0.0542386,0.00804383,0
0.188445,-0.0542395,0.00803968,0
0.189441,-0.0542386,0.00804382,0
0.190459,-0.0542395,0.00803968,0
0.191433,-0.0542386,0.00804382,0
0.192448,-0.0542394,0.00803968,0
0.193465,-0.0542386,0.00804382,0
0.1946,-0.0542386,0.00804382,0
0.195489,-0.0542385,0.00804382,0
0.196789,-0.0542385,0.00804382,0
0.197924,-0.0542385,0.00804382,0
0.198469,-0.0542394,0.00803967,0
0.199464,-0.0542385,0.00804381,0
0.20042,-0.0542394,0.00803967,0
0.20146,-0.0542385,0.00804382,0
0.202447,-0.0542394,0.00803967,0
0.203454,-0.0542385,0.00804381,0
0.204435,-0.0542394,0.00803966,0
0.20544,-0.0542385,0.00804381,0
0.206454,-0.0542394,0.00803966,0
0.207541,-0.0542385,0.00804381,0
0.208519,-0.0542394,0.00803966,0
0.209434,-0.0542385,0.00804381,0
0.210431,-0.0542394,0.00803966,0
0.21157,-0.0542394,0.00803966,0
0.212416,-0.0542394,0.00803966,0
0.213432,-0.0542385,0.0080438,0
0.214433,-0.0542394,0.00803966,0
0.215422,-0.0542384,0.0080438,0
0.216435,-0.0542394,0.00803966,0
0.217466,-0.0542385,0.0080438,0
0.218427,-0.0542393,0.00803965,0
0.219495,-0.0542384,0.0080438,0
0.220469,-0.0542393,0.00803965,0
0.221407,-0.0542384,0.0080438,0
0.222544,-0.0542393,0.00803965,0
0.223439,-0.0542384,0.00804379,0
0.224504,-0.0542393,0.00803965,0
0.225577,-0.0542393,0.00803965,0
0.226592,-0.0542384,0.00804379,0
0.227626,-0.0542384,0.00804379,0
0.228728,-0.0542384,0.00804379,0
0.229642,-0.0542393,0.00803964,0
0.230605,-0.0542384,0.00804379,0
0.231475,-0.0542393,0.00803964,0
0.232444,-0.0542384,0.00804379,0
0.233446,-0.0542392,0.00803963,0
0.234569,-0.0542384,0.00804378,0
0.235452,-0.0542393,0.00803964,0
0.236439,-0.0542384,0.00804378,0
0.237553,-0.0542393,0.00803964,0
0.238469,-0.0542384,0.00804378,0
0.239447,-0.0542384,0.00804378,0
0.240594,-0.0542384,0.00804378,0
0.241492,-0.0542392,0.00803963,0
0.242459,-0.0542392,0.00803963,0
0.24368,-0.0542384,0.00804378,0
0.244898,-0.0542392,0.00803963,0
0.245818,-0.0542384,0.00804378,0
0.24672,-0.0542392,0.00803963,0
0.247899,-0.0542383,0.00804377,0
0.24859,-0.0542392,0.00803963,0
0.249462,-0.0542383,0.00804377,0
0.250749,-0.0542392,0.00803963,0
0.251785,-0.0542383,0.00804377,0
0.252552,-0.0542392,0.00803962,0
0.253488,-0.0542383,0.00804377,0
0.254467,-0.0542392,0.00803962,0
0.255631,-0.0542392,0.00803962,0
0.256407,-0.0542383,0.00804376,0
0.257438,-0.0542392,0.00803962,0
0.258999,-0.0542383,0.00804377,0
0.259528,-0.0542392,0.00803962,0
0.260461,-0.0542383,0.00804376,0
0.261447,-0.0542392,0.00803961,0
0.262477,-0.0542383,0.00804376,0
0.263514,-0.0542392,0.00803962,0
0.264416,-0.0542383,0.00804376,0
0.265435,-0.0542391,0.00803961,0
0.266472,-0.0542383,0.00804376,0
0.26746,-0.0542391,0.00803961,0
0.268438,-0.0542383,0.00804376,0
0.269456,-0.0542391,0.00803961,0
0.270618,-0.0542382,0.00804375,0
0.271519,-0.0542391,0.00803961,0
0.272606,-0.0542391,0.00803961,0
0.2736,-0.0542391,0.0080396,0
0.274653,-0.0542382,0.00804375,0
0.275464,-0.0542391,0.0080396,0
0.276364,-0.0542392,0.00803958,0
0.277439,-0.0542392,0.00803958,0
0.278436,-0.0542383,0.00804373,0
0.279415,-0.0542392,0.00803958,0
0.280488,-0.0542383,0.00804372,0
0.281424,-0.0542391,0.00803958,0
0.282387,-0.0542383,0.00804372,0
0.283456,-0.0542391,0.00803958,0
0.284443,-0.0542382,0.00804372,0
0.285472,-0.0542391,0.00803957,0
0.28644,-0.0542382,0.00804372,0
0.287414,-0.0542391,0.00803957,0
0.288514,-0.0542391,0.00803957,0
0.289451,-0.0542391,0.00803957,0
0.29039,-0.0542382,0.00804372,0
0.291437,-0.0542391,0.00803957,0
0.292451,-0.0542382,0.00804371,0
0.293463,-0.0542391,0.00803957,0
0.294607,-0.0542382,0.00804371,0
0.295634,-0.0542391,0.00803956,0
0.29648,-0.0542382,0.00804371,0
0.297479,-0.0542382,0.00804371,0
0.298549,-0.0542391,0.00803956,0
0.299555,-0.0542382,0.00804371,0
0.300471,-0.0542391,0.00803956,0
0.301455,-0.0542382,0.00804371,0
0.302622,-0.054239,0.00803956,0
0.30366,-0.0542382,0.0080437,0
0.3045,-0.0542391,0.00803956,0
0.305721,-0.0542382,0.00804371,0
0.306878,-0.054239,0.00803955,0
0.30797,-0.0542382,0.0080437,0
0.30851,-0.0542391,0.00803956,0
0.309582,-0.0542382,0.0080437,0
0.310511,-0.054239,0.00803955,0
0.311426,-0.0542381,0.0080437,0
0.312438,-0.054239,0.00803955,0
0.313797,-0.0542381,0.00804369,0
0.314442,-0.054239,0.00803955,0
0.315429,-0.0542381,0.00804369,0
0.316557,-0.054239,0.00803955,0
0.317545,-0.0542381,0.00804369,0
0.318493,-0.054239,0.00803954,0
0.3195,-0.0542381,0.00804369,0
0.320443,-0.054239,0.00803954,0
0.321624,-0.0542381,0.00804369,0
0.322504,-0.054239,0.00803954,0
0.32361,-0.0542381,0.00804369,0
0.324756,-0.0542381,0.00804369,0
0.325499,-0.0542381,0.00804368,0
0.326446,-0.054239,0.00803954,0
0.327696,-0.054239,0.00803954,0
0.328734,-0.0542381,0.00804368,0
0.329512,-0.0542381,0.00804368,0
0.330995,-0.0542381,0.00804368,0
0.331529,-0.0542389,0.00803953,0
0.332496,-0.054238,0.00804368,0
0.335347,-0.0542389,0.00803953,0
0.337027,-0.0542389,0.00803953,0
0.338101,-0.054238,0.00804368,0
0.338524,-0.0542389,0.00803953,0
0.339436,-0.054238,0.00804367,0
0.340502,-0.0542389,0.00803953,0
0.341659,-0.054238,0.00804367,0
0.342484,-0.0542389,0.00803952,0
0.343442,-0.0542389,0.00803952,0
0.344647,-0.054238,0.00804367,0
0.345471,-0.054238,0.00804367,0
0.34648,-0.054238,0.00804367,0
0.347457,-0.054238,0.00804367,0
0.348433,-0.0542389,0.00803952,0
0.349428,-0.054238,0.00804366,0
0.350795,-0.054238,0.00804366,0
0.35191,-0.054238,0.00804367,0
0.352425,-0.0542389,0.00803952,0
0.353421,-0.054238,0.00804366,0
0.354432,-0.0542389,0.00803951,0
0.355417,-0.054238,0.00804366,0
0.356437,-0.0542388,0.00803954,0
0.357442,-0.0542379,0.00804368,0
0.358416,-0.0542388,0.00803953,0
0.359416,-0.0542379,0.00804368,0
0.360528,-0.0542379,0.00804368,0
0.361721,-0.0542379,0.00804368,0
0.362419,-0.0542388,0.00803953,0
0.363592,-0.0542379,0.00804367,0
0.364441,-0.0542388,0.00803953,0
0.365448,-0.0542379,0.00804367,0
0.366432,-0.0542379,0.00804367,0
0.367433,-0.0542379,0.00804367,0
0.368423,-0.0542387,0.00803952,0
0.369424,-0.0542379,0.00804367,0
0.370498,-0.0542387,0.00803952,0
0.371702,-0.0542378,0.00804367,0
0.372802,-0.0542387,0.00803952,0
0.373432,-0.0542379,0.00804367,0
0.374504,-0.0542387,0.00803952,0
0.375461,-0.0542378,0.00804366,0
0.376543,-0.0542387,0.00803952,0
0.377458,-0.0542378,0.00804366,0
0.378455,-0.0542387,0.00803951,0
0.379427,-0.0542378,0.00804366,0
0.380426,-0.0542387,0.00803951,0
0.381437,-0.0542378,0.00804366,0
0.382443,-0.0542387,0.00803951,0
0.383529,-0.0542378,0.00804365,0
0.385265,-0.0542387,0.00803951,0
0.385752,-0.0542378,0.00804366,0
0.38662,-0.0542378,0.00804366,0
0.38846,-0.0542378,0.00804366,0
0.388647,-0.0542378,0.00804365,0
0.389425,-0.0542387,0.00803951,0
0.390436,-0.0542387,0.00803951,0
0.39173,-0.0542387,0.00803951,0
0.392491,-0.0542378,0.00804365,0
0.393413,-0.0542378,0.00804365,0
0.394474,-0.0542386,0.0080395,0
0.395534,-0.0542378,0.00804365,0
0.396381,-0.0542384,0.00803953,0
0.397458,-0.0542375,0.00804368,0
0.398416,-0.0542383,0.00803953,0
0.39963,-0.0542375,0.00804368,0
0.400457,-0.0542384,0.00803953,0
0.401451,-0.0542375,0.00804368,0
0.40245,-0.0542383,0.00803953,0
0.40344,-0.0542374,0.00804367,0
0.404417,-0.0542374,0.00804367,0
0.405427,-0.0542383,0.00803953,0
0.406459,-0.0542375,0.00804367,0
0.407478,-0.0542375,0.00804367,0
0.408415,-0.0542383,0.00803953,0
0.409432,-0.0542375,0.00804367,0
0.411034,-0.0542383,0.00803952,0
0.411721,-0.0542374,0.00804367,0
0.412429,-0.0542383,0.00803952,0
0.413466,-0.0542374,0.00804367,0
0.414495,-0.0542383,0.00803952,0
0.415434,-0.0542374,0.00804367,0
0.416435,-0.0542383,0.00803952,0
0.417432,-0.0542374,0.00804366,0
0.418429,-0.0542383,0.00803952,0
0.419452,-0.0542374,0.00804366,0
0.420596,-0.0542374,0.00804366,0
0.421434,-0.0542374,0.00804366,0
0.422885,-0.0542383,0.00803951,0
0.423699,-0.0542374,0.00804366,0
0.424443,-0.0542383,0.00803951,0
0.425462,-0.0542374,0.00804366,0
0.42646,-0.0542383,0.00803951,0
0.427425,-0.0542374,0.00804365,0
0.428434,-0.0542382,0.00803951,0
0.429415,-0.0542374,0.00804365,0
0.430444,-0.0542382,0.00803951,0
0.431478,-0.0542382,0.00803951,0
0.432433,-0.0542382,0.0080395,0
0.433441,-0.0542373,0.00804365,0
0.43443,-0.0542382,0.0080395,0
0.435434,-0.0542373,0.00804365,0
0.436431,-0.0542382,0.0080395,0
0.437471,-0.0542373,0.00804364,0
0.43842,-0.0542382,0.0080395,0
0.439425,-0.0542373,0.00804364,0
0.440426,-0.0542382,0.0080395,0
0.441746,-0.0542373,0.00804364,0
0.442434,-0.0542382,0.0080395,0
0.443432,-0.0542373,0.00804364,0
0.444433,-0.0542382,0.00803949,0
0.445445,-0.0542373,0.00804364,0
0.446438,-0.0542382,0.00803949,0
0.44745,-0.0542373,0.00804364,0
0.448494,-0.0542382,0.00803949,0
0.449446,-0.0542373,0.00804363,0
0.450564,-0.0542382,0.00803949,0
0.45143,-0.0542373,0.00804363,0
0.452487,-0.0542381,0.00803949,0
0.45358,-0.0542381,0.00803949,0
0.454478,-0.0542381,0.00803948,0
0.455441,-0.0542372,0.00804363,0
0.456414,-0.0542381,0.00803948,0
0.457448,-0.0542372,0.00804363,0
0.458442,-0.0542381,0.00803948,0
0.459459,-0.0542381,0.00803948,0
0.460534,-0.0542372,0.00804363,0
0.461637,-0.0542372,0.00804362,0
0.462492,-0.0542372,0.00804362,0
0.463503,-0.0542381,0.00803948,0
0.464538,-0.0542381,0.00803948,0
0.465453,-0.0542381,0.00803947,0
0.466427,-0.0542372,0.00804362,0
0.467465,-0.0542381,0.00803948,0
0.468444,-0.0542372,0.00804362,0
0.469425,-0.0542381,0.00803947,0
0.470426,-0.0665723,0.0103455,0
0.471482,-0.0665723,0.0103455,0
0.472415,-0.0751296,0.0121753,0
0.47343,-0.0779604,0.0131846,0
0.474481,-0.0779604,0.0131846,0
0.475443,-0.0842678,0.0152432,0
0.476472,-0.0873121,0.016188,0
0.477453,-0.0908474,0.0173534,0
0.478426,-0.0931893,0.0179805,0
0.479507,-0.0948533,0.0184604,0
0.480594,-0.0948533,0.0184604,0
0.481421,-0.0992631,0.0196382,0
0.48244,-0.101086,0.020167,0
0.483445,-0.101086,0.020167,0
0.484406,-0.104129,0.0210896,0
0.485453,-0.107168,0.023057,0
0.48643,-0.104346,0.0199229,0
0.487421,-0.106967,0.021679,0
0.488449,-0.107573,0.021858,0
0.48941,-0.109852,0.0225514,0
0.490416,-0.110124,0.0224526,0
0.491415,-0.108211,0.0217952,0
0.492429,-0.107975,0.0216696,0
0.493414,-0.107679,0.0214958,0
0.494425,-0.10928,0.0230449,0
0.49548,-0.104844,0.0193916,0
0.496499,-0.106189,0.0207738,0
0.497428,-0.106189,0.0207738,0
0.49844,-0.104867,0.0204112,0
0.499424,-0.104083,0.0201006,0
0.500543,-0.10326,0.019793,0
0.501475,-0.102409,0.0194683,0
0.502437,-0.103206,0.0207135,0
0.503426,-0.099018,0.0173149,0
0.504418,-0.0997166,0.0184479,0
0.505455,-0.0988671,0.0181971,0
0.506432,-0.0979574,0.0179739,0
0.507422,-0.0970349,0.0176564,0
0.508431,-0.0961207,0.0173451,0
0.509475,-0.0961207,0.0173451,0
0.510426,-0.0943283,0.0167279,0
0.511538,-0.0947436,0.0177816,0
0.512596,-0.0913332,0.0148235,0
0.513563,-0.0913332,0.0148235,0
0.514436,-0.0917254,0.0157991,0
0.515542,-0.0901255,0.015405,0
0.516665,-0.0893166,0.015154,0
0.517434,-0.0893166,0.015154,0
0.518515,-0.0885285,0.0148906,0
0.519436,-0.0877602,0.0146439,0
0.520481,-0.085316,0.0130672,0
0.521506,-0.085316,0.0130672,0
0.522449,-0.0787877,0.0135112,0
0.523548,-0.0787877,0.0135112,0
0.524423,-0.0771164,0.0130981,0
0.525524,-0.0756401,0.0126582,0
0.526411,-0.0750017,0.0124712,0
0.527497,-0.0750017,0.0124712,0
0.52858,-0.0750945,0.0125048,0
0.529929,-0.0738618,0.0121211,0
0.530547,-0.0739157,0.0121518,0
0.531822,-0.0726937,0.0118539,0
0.53257,-0.0727776,0.0118257,0
0.533488,-0.0722643,0.0116638,0
0.534497,-0.0711226,0.0113869,0
0.535458,-0.0705986,0.0112532,0
0.536474,-0.0707103,0.0112209,0
0.537466,-0.0702652,0.0110816,0
0.538434,-0.0692464,0.0108454,0
0.539434,-0.0687796,0.0107311,0
0.54047,-0.0688344,0.0107595,0
0.541425,-0.0684232,0.0106415,0
0.542534,-0.0675073,0.0104327,0
0.543449,-0.067574,0.0104115,0
0.544623,-0.0667371,0.0102109,0
0.545549,-0.0663376,0.0101139,0
0.546445,-0.0664288,0.0100812,0
0.547472,-0.0656625,0.00991048,0
0.5487,-0.0657274,0.00988445,0
0.549451,-0.0654048,0.00978847,0
0.550517,-0.0646193,0.00969061,0
0.551432,-0.0646704,0.00967715,0
0.552456,-0.0643726,0.00957859,0
0.55353,-0.0636852,0.00944107,0
0.554503,-0.0633746,0.00936261,0
0.555516,-0.0634565,0.00933616,0
0.556457,-0.062848,0.00920345,0
0.557481,-0.0625586,0.00913916,0
0.559118,-0.0623064,0.00906667,0
0.559699,-0.0623864,0.00904129,0
0.56049,-0.0618347,0.00892888,0
0.56153,-0.0615747,0.00887498,0
0.562457,-0.0616566,0.00884538,0
0.563549,-0.0610975,0.00880296,0
0.564614,-0.061147,0.00878302,0
0.565573,-0.0606478,0.00869057,0
0.566624,-0.0606635,0.00871577,0
0.567527,-0.0602183,0.00858141,0
0.569092,-0.060288,0.00854917,0
0.56947,-0.0601019,0.0084936,0
0.570464,-0.0599095,0.00844109,0
0.571505,-0.0596734,0.00844731,0
0.572432,-0.0592595,0.00832947,0
0.573471,-0.0592881,0.00835606,0
0.574517,-0.0588717,0.00828744,0
0.575461,-0.0586862,0.00824989,0
0.5768,-0.0587617,0.00821857,0
0.57791,-0.0583832,0.00815772,0
0.578508,-0.0584014,0.00818364,0
0.579418,-0.0584014,0.00818364,0
0.580503,-0.0581454,0.00804508,0
0.581622,-0.0581454,0.00804508,0
0.582685,-0.0579964,0.0080103,0
0.583466,-0.057656,0.00799536,0
0.58455,-0.057656,0.00799536,0
0.585587,-0.0575623,0.00790728,0
0.586519,-0.0576053,0.00792997,0
0.58766,-0.0576423,0.00795333,0
0.588542,-0.0571789,0.00780972,0
0.589735,-0.0570438,0.00777533,0
0.590485,-0.0570438,0.00777533,0
0.591484,-0.0570438,0.00777533,0
0.592586,-0.0568007,0.00771865,0
0.593487,-0.0564958,0.00769284,0
0.59464,-0.056375,0.00766989,0
0.595604,-0.056375,0.00766989,0
0.596426,-0.0566477,0.00763186,0
0.59748,-0.0565446,0.00761221,0
0.598474,-0.056442,0.00758783,0
0.599634,-0.0563413,0.00756937,0
0.600482,-0.0562437,0.0075456,0
0.601431,-0.0561473,0.00752819,0
0.602426,-0.0560144,0.00755305,0
0.603435,-0.0559116,0.0075405,0
0.604422,-0.0558194,0.00751541,0
0.605499,-0.0557296,0.00749603,0
0.606515,-0.0556419,0.0074716,0
0.60741,-0.0553992,0.00745869,0
0.608445,-0.0554624,0.00743586,0
0.609435,-0.0553919,0.00741423,0
0.610419,-0.0553151,0.00739271,0
0.612221,-0.0552363,0.00737833,0
0.612713,-0.0551223,0.00740509,0
0.613435,-0.0550371,0.00739461,0
0.614801,-0.0550371,0.00739461,0
0.61561,-0.0549622,0.00737229,0
0.616455,-0.0547856,0.00731661,0
0.617969,-0.0548577,0.00728888,0
0.618449,-0.0548011,0.00727158,0
0.619544,-0.0546996,0.00730144,0
0.620567,-0.0546612,0.00724832,0
0.621514,-0.0544721,0.00723592,0
0.622496,-0.0544984,0.007266,0
0.623715,-0.0544381,0.00724912,0
0.624515,-0.0542478,0.00724739,0
0.625513,-0.0542732,0.00727002,0
0.626782,-0.0543447,0.00724614,0
0.627449,-0.0543874,0.0072586,0
0.628437,-0.0541466,0.00717543,0
0.629434,-0.05405,0.007204,0
0.630536,-0.053985,0.00719695,0
0.631499,-0.0539324,0.00717998,0
0.632641,-0.0538809,0.00716792,0
0.633458,-0.0538311,0.00715129,0
0.634446,-0.0537816,0.00714077,0
0.635479,-0.0537342,0.00712518,0
0.636475,-0.0536871,0.00711557,0
0.637449,-0.0536051,0.00714531,0
0.638497,-0.0534368,0.00715343,0
0.639924,-0.0534967,0.00712714,0
0.640479,-0.0534625,0.00711018,0
0.641449,-0.0534218,0.00709348,0
0.642747,-0.0533792,0.00708384,0
0.643514,-0.0533389,0.00706886,0
0.64456,-0.0532988,0.00705975,0
0.645661,-0.0532606,0.0070456,0
0.646675,-0.0532606,0.0070456,0
0.647463,-0.0532937,0.00706703,0
0.648494,-0.0530664,0.0071071,0
0.64945,-0.0530551,0.00705024,0
0.65062,-0.0530551,0.00705024,0
0.651465,-0.0529925,0.00707873,0
0.652482,-0.0529493,0.00706556,0
0.653668,-0.0528489,0.00702512,0
0.654444,-0.0528808,0.00703732,0
0.655522,-0.0529133,0.00705705,0
0.656666,-0.0527194,0.00702728,0
0.657467,-0.0526774,0.00701954,0
0.658496,-0.0526824,0.00702122,0
0.659605,-0.0527477,0.00698957,0
0.660432,-0.0527477,0.00698957,0
0.661554,-0.0525363,0.00695358,0
0.662449,-0.052568,0.00697163,0
0.663459,-0.052568,0.00697163,0
0.664468,-0.0524872,0.00693078,0
0.66558,-0.052406,0.00695366,0
0.666465,-0.052406,0.00695366,0
0.667612,-0.0523729,0.0069492,0
0.668503,-0.0523521,0.00693441,0
0.669525,-0.0523844,0.00695193,0
0.670521,-0.0523094,0.00691195,0
0.67139,-0.0522865,0.00690281,0
0.67249,-0.0522676,0.00689022,0
0.673391,-0.052248,0.00688343,0
0.674487,-0.0522618,0.00689053,0
0.675445,-0.0522423,0.00687827,0
0.676457,-0.0522964,0.00687503,0
0.677628,-0.0522964,0.00687503,0
0.67852,-0.0522435,0.00690549,0
0.679542,-0.0521465,0.00686289,0
0.680508,-0.0521465,0.00686289,0
0.682611,-0.0521961,0.00682467,0
0.683474,-0.0521074,0.00683398,0
0.684418,-0.0521316,0.00685078,0
0.685436,-0.052099,0.00683284,0
0.686458,-0.0520043,0.00684647,0
0.687409,-0.0520273,0.00686129,0
0.688457,-0.0520273,0.00686129,0
0.689418,-0.051965,0.00682936,0
0.69043,-0.0519504,0.00681531,0
0.691422,-0.0520127,0.00678836,0
0.692422,-0.0520079,0.00677366,0
0.693471,-0.0519164,0.0067891,0
0.694413,-0.0519729,0.0067632,0
0.695503,-0.0519662,0.00675365,0
0.696522,-0.0518777,0.00676432,0
0.697414,-0.0519334,0.00674398,0
0.698493,-0.0519282,0.00672957,0
0.699551,-0.0518091,0.00678872,0
0.700764,-0.0518572,0.00676643,0
0.7015,-0.0518512,0.00675605,0
0.70252,-0.0518403,0.00674375,0
0.703532,-0.0518268,0.0067385,0
0.704496,-0.0518147,0.00672787,0
0.705464,-0.0518022,0.0067228,0
0.706537,-0.0517907,0.00671252,0
0.708036,-0.0517779,0.00670734,0
0.708657,-0.0516944,0.00671859,0
0.709539,-0.0517483,0.00669685,0
0.710829,-0.051715,0.00672436,0
0.711735,-0.051697,0.00672311,0
0.712693,-0.051697,0.00672311,0
0.713856,-0.0517149,0.00672706,0
0.714428,-0.0516318,0.00673519,0
0.715464,-0.0516532,0.00675382,0
0.716476,-0.0516004,0.00671897,0
0.717487,-0.051628,0.00673178,0
0.71844,-0.0516184,0.00671929,0
0.719429,-0.0516184,0.00671929,0
0.720547,-0.0516332,0.00671894,0
0.721842,-0.0516505,0.00666961,0
0.722441,-0.0515475,0.00671515,0
0.723623,-0.0514816,0.00669466,0
0.72484,-0.0515392,0.00665947,0
0.725671,-0.0515359,0.0066492,0
0.726664,-0.0514307,0.0066991,0
0.727449,-0.0514435,0.00672024,0
0.729175,-0.0513598,0.00666432,0
0.729598,-0.0514166,0.00663379,0
0.731081,-0.0514158,0.00661621,0
0.732655,-0.0513954,0.00660362,0
0.733492,-0.0513676,0.00663554,0
0.73468,-0.0514459,0.00656501,0
0.735863,-0.0513889,0.00657359,0
0.737039,-0.0514098,0.00658905,0
0.738835,-0.0513388,0.00660279,0
0.739471,-0.0513878,0.00662686,0
0.740437,-0.0512453,0.00660276,0
0.741525,-0.0512302,0.00659262,0
0.742626,-0.0512857,0.00656302,0
0.743563,-0.0512286,0.00656912,0
0.744483,-0.0512487,0.00658579,0
0.745507,-0.0512429,0.00657456,0
0.746436,-0.0512369,0.00656723,0
0.747619,-0.0512305,0.00655417,0
0.749113,-0.051164,0.00656928,0
0.749461,-0.0511527,0.00656105,0
0.750512,-0.0512058,0.00653075,0
0.751643,-0.0511512,0.00653673,0
0.752426,-0.0511976,0.00651196,0
0.753743,-0.0511714,0.00653722,0
0.75459,-0.0511017,0.00655816,0
0.756085,-0.0511481,0.00652651,0
0.75651,-0.0511488,0.00651389,0
0.757526,-0.051087,0.00652336,0
0.758452,-0.0510755,0.00652074,0
0.759463,-0.0511012,0.00652513,0
0.760485,-0.0510673,0.00649926,0
0.761436,-0.0510634,0.0064859,0
0.762579,-0.0511144,0.00645602,0
0.76346,-0.0510622,0.00646375,0
0.764453,-0.0510512,0.00646294,0
0.765442,-0.0511027,0.00642808,0
0.76656,-0.051025,0.00648188,0
0.767696,-0.0510084,0.00647945,0
0.76847,-0.051058,0.00644828,0
0.769542,-0.0510089,0.00645424,0
0.770607,-0.0510522,0.00642833,0
0.771517,-0.0510538,0.00641277,0
0.772599,-0.0509963,0.00643087,0
0.773426,-0.0510395,0.00639956,0
0.774618,-0.0509644,0.00645366,0
0.775436,-0.0509766,0.00646598,0
0.776511,-0.0509966,0.00641863,0
0.777439,-0.0509989,0.00639976,0
0.77863,-0.0509425,0.00641656,0
0.779556,-0.0509602,0.00642482,0
0.780427,-0.0509562,0.00641778,0
0.78216,-0.0509562,0.00641778,0
0.782633,-0.0509523,0.00640366,0
0.78351,-0.0509523,0.00640366,0
0.784484,-0.0509479,0.00639582,0
0.785518,-0.0509479,0.00639582,0
0.786525,-0.0509426,0.0063272,0
0.787504,-0.0509951,0.00629251,0
0.788425,-0.0509951,0.00629251,0
0.78943,-0.0509724,0.00626466,0
0.790446,-0.0509679,0.006263,0
0.791442,-0.0509672,0.00625718,0
0.792448,-0.0510149,0.00622946,0
0.793417,-0.0510198,0.00621932,0
0.794464,-0.0510198,0.00621932,0
0.795486,-0.0510168,0.00621919,0
0.796455,-0.0510246,0.00621965,0
0.797423,-0.0509931,0.00620135,0
0.798807,-0.0509931,0.00620135,0
0.799464,-0.0510117,0.00616148,0
0.800445,-0.0510158,0.00615273,0
0.801497,-0.0510158,0.00615273,0
0.802411,-0.0510126,0.00615515,0
0.803464,-0.0510618,0.00612482,0
0.80442,-0.0510874,0.00608366,0
0.805457,-0.0510902,0.00607769,0
0.8065,-0.0510902,0.00607769,0
0.807463,-0.0511144,0.00609339,0
0.808467,-0.0511338,0.00605277,0
0.809488,-0.0510514,0.00607161,0
0.810416,-0.0510514,0.00607161,0
0.811466,-0.0510908,0.00604606,0
0.812466,-0.0510916,0.00604661,0
0.814228,-0.0510571,0.00603549,0
0.814525,-0.0510571,0.00603549,0
0.815645,-0.0510797,0.00605017,0
0.816523,-0.0510472,0.00603933,0
0.817621,-0.0510893,0.00601305,0
0.818473,-0.0511205,0.00601742,0
0.819543,-0.0510343,0.00604239,0
0.820481,-0.051069,0.00601476,0
0.821432,-0.051019,0.00604312,0
0.82244,-0.0510539,0.00601377,0
0.823462,-0.0510528,0.00601293,0
0.824431,-0.0509966,0.00603991,0
0.825556,-0.0510301,0.00601616,0
0.826439,-0.0510095,0.0060476,0
0.827576,-0.0509959,0.00605233,0
0.828438,-0.050987,0.00604733,0
0.829447,-0.0509779,0.00604653,0
0.830403,-0.0509684,0.00603979,0
0.831773,-0.0509596,0.00603951,0
0.832496,-0.05095,0.00603256,0
0.833475,-0.0508939,0.00606063,0
0.834643,-0.0509256,0.00603015,0
0.83564,-0.0509224,0.00601918,0
0.836746,-0.0508484,0.0060854,0
0.837439,-0.0508743,0.00605682,0
0.838527,-0.050871,0.00604906,0
0.839426,-0.0508886,0.00605068,0
0.840439,-0.0508543,0.00603641,0
0.84144,-0.0508442,0.00602739,0
0.842452,-0.0508345,0.00602397,0
0.843756,-0.050826,0.00601525,0
0.845032,-0.0508166,0.00601206,0
0.845419,-0.0508166,0.00601206,0
0.846649,-0.0507808,0.00603887,0
0.847425,-0.0507677,0.00603364,0
0.848507,-0.0507586,0.00602901,0
0.849491,-0.0507586,0.00602901,0
0.850497,-0.0507328,0.00605667,0
0.85146,-0.0507339,0.0060534,0
0.852452,-0.0507033,0.00603621,0
0.854119,-0.0506716,0.00601281,0
0.854455,-0.0506849,0.00601725,0
0.855571,-0.0506613,0.00604452,0
0.85648,-0.0506498,0.00604274,0
0.857431,-0.0506498,0.00604274,0
0.859374,-0.0506731,0.005995,0
0.860085,-0.0506129,0.0059956,0
0.861419,-0.0506129,0.0059956,0
0.861828,-0.0506126,0.00599202,0
0.862487,-0.0506126,0.00599202,0
0.863606,-0.0506064,0.00598525,0
0.864462,-0.0505936,0.00596749,0
0.865548,-0.0505936,0.00596749,0
0.866488,-0.0505455,0.00597847,0
0.86742,-0.0505361,0.00597101,0
0.868506,-0.0505361,0.00597101,0
0.869465,-0.0505307,0.00596351,0
0.870446,-0.0505261,0.00595078,0
0.871465,-0.0505196,0.00594355,0
0.872549,-0.0505158,0.00593211,0
0.873522,-0.0505112,0.00592633,0
0.874484,-0.0505389,0.00588594,0
0.875839,-0.0505067,0.00590603,0
0.878599,-0.0504896,0.00588136,0
0.8798,-0.0504778,0.00588016,0
0.880535,-0.0504915,0.00587834,0
0.881554,-0.0504576,0.0059024,0
0.883061,-0.0504576,0.0059024,0
0.883489,-0.0504787,0.00585543,0
0.884501,-0.050445,0.00587376,0
0.885642,-0.0504652,0.00584272,0
0.886646,-0.0504664,0.00582812,0
0.887562,-0.0504771,0.0058317,0
0.888635,-0.0504578,0.00581298,0
0.889421,-0.0504231,0.00583774,0
0.890475,-0.0504434,0.00580105,0
0.891418,-0.0504438,0.00579231,0
0.892424,-0.0504267,0.00581931,0
0.893715,-0.0504169,0.00581817,0
0.894702,-0.050429,0.00581535,0
0.895413,-0.0503973,0.0058391,0
0.896444,-0.050404,0.00583946,0
0.898326,-0.050404,0.00583946,0
0.898462,-0.0504088,0.00578378,0
0.899499,-0.0503967,0.00576091,0
0.900655,-0.0503967,0.00576091,0
0.901964,-0.0503913,0.00575484,0
0.902463,-0.0503624,0.00577485,0
0.903642,-0.0503781,0.00574229,0
0.904572,-0.0503559,0.0057577,0
0.905473,-0.0503711,0.00572504,0
0.906484,-0.0503483,0.00574076,0
0.907549,-0.0503402,0.0057396,0
0.90857,-0.0503483,0.00573492,0
0.90953,-0.0503227,0.00575919,0
0.911433,-0.0503244,0.00575123,0
0.912497,-0.0503228,0.00573845,0
0.913907,-0.05031,0.0057244,0
0.915184,-0.0503166,0.00571855,0
0.915477,-0.050305,0.00570582,0
0.916513,-0.0503112,0.00569995,0
0.91742,-0.0503315,0.00566485,0
0.918464,-0.0503016,0.0057177,0
0.91945,-0.0503017,0.00572658,0
0.920424,-0.0503118,0.00567721,0
0.921413,-0.0503446,0.00559956,0
0.922432,-0.0503612,0.00559013,0
0.923445,-0.0503272,0.00561052,0
0.924406,-0.0503291,0.0056106,0
0.925425,-0.0502959,0.0056326,0
0.926423,-0.0502985,0.00563123,0
0.927434,-0.0502873,0.00562087,0
0.928426,-0.0502834,0.00560851,0
0.929482,-0.0502626,0.00563429,0
0.930447,-0.0502643,0.00563174,0
0.93143,-0.0502626,0.00562574,0
0.932438,-0.0502613,0.00561326,0
0.933493,-0.0502587,0.00560665,0
0.934459,-0.0502562,0.00559429,0
0.935425,-0.050238,0.00561935,0
0.93643,-0.0502476,0.00557946,0
0.93742,-0.0502494,0.00556958,0
0.938412,-0.0502479,0.00555763,0
0.939424,-0.050245,0.00555222,0
0.940411,-0.0502425,0.00554077,0
0.941413,-0.050226,0.00556734,0
0.942422,-0.0502265,0.00556419,0
0.943425,-0.0502256,0.00555847,0
0.944472,-0.0502251,0.00554622,0
0.945423,-0.0502232,0.00553985,0
0.946461,-0.0502222,0.00552814,0
0.947443,-0.0502202,0.00552206,0
0.948403,-0.0502192,0.00551059,0
0.949436,-0.0502172,0.00550476,0
0.950413,-0.0502153,0.00549308,0
0.951417,-0.0502022,0.00551978,0
0.95241,-0.0502086,0.00548088,0
0.95342,-0.0502115,0.00546732,0
0.954427,-0.0502095,0.00546151,0
0.955413,-0.0502012,0.00548759,0
0.956656,-0.0501959,0.00548555,0
0.957411,-0.0501865,0.00550625,0
0.958452,-0.0501909,0.00547013,0
0.959449,-0.0501858,0.0054865,0
0.960587,-0.0501901,0.00545106,0
0.961666,-0.0501923,0.00543594,0
0.96252,-0.050182,0.0054621,0
0.963434,-0.0501785,0.00545425,0
0.964473,-0.0501847,0.00541483,0
0.965528,-0.0501803,0.00543174,0
0.966499,-0.0501757,0.00542987,0
0.967573,-0.0501761,0.00542162,0
0.968468,-0.0501701,0.00544863,0
0.969512,-0.0501738,0.00540725,0
0.970529,-0.0501768,0.00539783,0
0.971475,-0.0501761,0.00538562,0
0.972514,-0.0501689,0.00541301,0
0.973561,-0.050167,0.00540855,0
0.974453,-0.0501719,0.00536631,0
0.975595,-0.0501698,0.00538302,0
0.976497,-0.0501657,0.00538117,0
0.977814,-0.0501693,0.00533618,0
0.97846,-0.0501675,0.00535977,0
0.979486,-0.05016,0.00538886,0
0.980533,-0.0501609,0.0053533,0
0.981554,-0.0501655,0.00533822,0
0.982534,-0.0501644,0.00533162,0
0.983476,-0.0501616,0.00535406,0
0.984428,-0.0501585,0.00535169,0
0.985588,-0.0501609,0.00530604,0
0.986564,-0.0501623,0.00532995,0
0.987509,-0.0501603,0.0052881,0
0.9885,-0.0501611,0.00531299,0
0.989488,-0.0501587,0.0053057,0
0.990507,-0.0501582,0.00526587,0
0.991579,-0.0501617,0.00528536,0
0.992676,-0.0501544,0.00528515,0
0.993539,-0.0501557,0.00530895,0
0.994494,-0.0501537,0.00530626,0
0.9955,-0.050154,0.00526024,0
0.996489,-0.0501513,0.00528373,0
0.99747,-0.0501494,0.00527623,0
0.998485,-0.0501473,0.00523611,0
0.999569,-0.0501533,0.00525557,0
1.00056,-0.0501474,0.0052189,0
1.00144,-0.0501533,0.00524116,0
1.00246,-0.0501466,0.00523636,0
1.0035,-0.0501476,0.0052323,0
1.00447,-0.0501486,0.00522083,0
1.0055,-0.0501526,0.00525008,0
1.00645,-0.0501469,0.00520722,0
1.00749,-0.0501537,0.00523227,0
1.00846,-0.0501527,0.00522461,0
1.00949,-0.0501479,0.00518404,0
1.01048,-0.050156,0.0052036,0
1.01151,-0.0501536,0.00520198,0
1.01247,-0.0501494,0.00515595,0
1.01347,-0.0501571,0.00518172,0
1.01444,-0.0501551,0.00521071,0
1.01544,-0.0501471,0.00517364,0
1.01644,-0.0501582,0.0051931,0
1.01741,-0.0501565,0.0051909,0
1.01839,-0.050151,0.00514453,0
1.01942,-0.0501607,0.00516996,0
1.02044,-0.05016,0.00516268,0
1.02143,-0.050152,0.00512191,0
1.02251,-0.0501633,0.00514239,0
1.02343,-0.0501608,0.00514102,0
1.02452,-0.0501529,0.00509463,0
1.02543,-0.0501641,0.00512136,0
1.02653,-0.0501605,0.00511388,0
1.02819,-0.0501536,0.00510962,0
1.0286,-0.0501665,0.00513506,0
1.02945,-0.0501563,0.00513281,0
1.03061,-0.0501687,0.00512161,0
1.03142,-0.0501702,0.00511524,0
1.03287,-0.0501612,0.00506859,0
1.0335,-0.0501753,0.00509599,0
1.03456,-0.0501637,0.00505288,0
1.03563,-0.0501668,0.00504551,0
1.03648,-0.0501805,0.00507125,0
1.03773,-0.0501807,0.00507035,0
1.03899,-0.0501721,0.00502365,0
1.03941,-0.0501721,0.00502365,0
1.04051,-0.0501804,0.00504589,0
1.04206,-0.050204,0.00504398,0
1.04245,-0.0502344,0.00503512,0
1.04343,-0.0501838,0.00504061,0
1.04442,-0.0501498,0.00503183,0
1.04541,-0.0501623,0.00506501,0
1.04643,-0.0501662,0.00505704,0
1.04746,-0.0501831,0.00509026,0
1.04842,-0.0501702,0.00504335,0
1.04946,-0.0501722,0.00503688,0
1.05045,-0.050173,0.00502313,0
1.05144,-0.0501716,0.00502052,0
1.05244,-0.0501718,0.00500737,0
1.05346,-0.0501698,0.00500487,0
1.05446,-0.0501695,0.00499168,0
1.05547,-0.050167,0.00498941,0
1.0565,-0.0501713,0.00501287,0
1.05752,-0.0501713,0.00501287,0
1.05847,-0.0501682,0.00501389,0
1.06011,-0.0501514,0.00496322,0
1.06042,-0.0501514,0.00496322,0
1.06161,-0.050182,0.00499522,0
1.06247,-0.050182,0.00499522,0
1.06343,-0.050182,0.00499522,0
1.06441,-0.0501789,0.00498418,0
1.06544,-0.0501789,0.00498418,0
1.0668,-0.0501789,0.00498418,0
1.06743,-0.0501576,0.00487124,0
1.06845,-0.050149,0.0048102,0
1.06958,-0.050149,0.0048102,0
1.07049,-0.0501195,0.004768,0
1.07142,-0.0501279,0.0047587,0
1.07248,-0.0501033,0.00475623,0
1.07345,-0.0500915,0.00471118,0
1.07463,-0.0500839,0.00470976,0
1.07543,-0.0500851,0.00473765,0
1.07644,-0.0500863,0.00474474,0
1.07745,-0.0500828,0.00473575,0
1.07841,-0.0500783,0.00473803,0
1.07943,-0.0500753,0.00472889,0
1.08046,-0.0500705,0.00473098,0
1.08143,-0.050068,0.00472183,0
1.08245,-0.050068,0.00472183,0
1.08343,-0.0500616,0.00471472,0
1.08444,-0.0500571,0.00471647,0
1.08544,-0.0500826,0.00474867,0
1.08641,-0.050051,0.00471202,0
1.08745,-0.0500507,0.00469916,0
1.08844,-0.0500838,0.00477847,0
1.08948,-0.050055,0.00473404,0
1.09047,-0.0500554,0.00473242,0
1.09141,-0.0500556,0.00472178,0
1.09246,-0.050054,0.00472336,0
1.09344,-0.0500546,0.00471365,0
1.09442,-0.0500532,0.0047151,0
1.09548,-0.0500539,0.00470539,0
1.09641,-0.0500539,0.00470539,0
1.09752,-0.0500533,0.00469718,0
1.09846,-0.050052,0.00469868,0
1.09941,-0.0500631,0.0047254,0
1.10045,-0.0500634,0.00473032,0
1.10148,-0.0500659,0.00472011,0
1.10241,-0.0500668,0.00472111,0
1.10346,-0.0500686,0.00471054,0
1.10448,-0.0500686,0.00471142,0
1.10542,-0.0500712,0.00470143,0
1.10647,-0.0500706,0.00470207,0
1.10792,-0.0500726,0.00469186,0
1.10848,-0.0500726,0.00469186,0
1.10962,-0.0500725,0.00469281,0
1.11043,-0.0500855,0.00472001,0
1.11141,-0.0500893,0.0047133,0
1.11243,-0.0500911,0.00471408,0
1.11341,-0.0500945,0.00470326,0
1.11442,-0.0500958,0.00470394,0
1.11546,-0.0500983,0.00469303,0
1.11644,-0.050099,0.00469351,0
1.11746,-0.0501017,0.0046829,0
1.11846,-0.0501022,0.00468344,0
1.1195,-0.0501048,0.0046729,0
1.12042,-0.0501048,0.0046729,0
1.1216,-0.0501075,0.00466301,0
1.12257,-0.0501077,0.00466366,0
1.12344,-0.0501228,0.00468962,0
1.12445,-0.0501253,0.00469373,0
1.12543,-0.0501253,0.00469373,0
1.12696,-0.0501316,0.00468351,0
1.12739,-0.050134,0.00467536,0
1.12843,-0.050134,0.00467536,0
1.13018,-0.0501377,0.00466735,0
1.13087,-0.0501377,0.00466735,0
1.13151,-0.0501407,0.00465658,0
1.13261,-0.0501407,0.00465658,0
1.13345,-0.0501199,0.00464226,0
1.13441,-0.0501199,0.00464226,0
1.13543,-0.0501253,0.0046329,0
1.13644,-0.0501672,0.00467507,0
1.1378,-0.050171,0.0046673,0
1.13847,-0.0501334,0.00462692,0
1.13945,-0.0502047,0.00466225,0
1.14047,-0.050179,0.0046456,0
1.14141,-0.0501814,0.00464603,0
1.14243,-0.0502256,0.00467576,0
1.14342,-0.0501997,0.00467333,0
1.14442,-0.0502317,0.00466672,0
1.14557,-0.0502317,0.00466672,0
1.1464,-0.0502051,0.00466121,0
1.14757,-0.0501946,0.00461416,0
1.14838,-0.0502354,0.00465103,0
1.14946,-0.0501941,0.00460142,0
1.15062,-0.0502367,0.00463962,0
1.15153,-0.0502388,0.00463142,0
1.15321,-0.0502383,0.00463059,0
1.15385,-0.0502399,0.00461887,0
1.15462,-0.0502559,0.00465494,0
1.15559,-0.0502335,0.00464237,0
1.15643,-0.0502206,0.00460677,0
1.15761,-0.050195,0.00458834,0
1.15847,-0.0501984,0.00459,0
1.15961,-0.0502025,0.00457954,0
1.1605,-0.0501769,0.00457617,0
1.16152,-0.0502471,0.00464554,0
1.16247,-0.0501755,0.00453907,0
1.16363,-0.0502226,0.00456203,0
1.16455,-0.0501944,0.0045613,0
1.16541,-0.0502305,0.00455687,0
1.16646,-0.0502312,0.00455821,0
1.16743,-0.0502996,0.0046267,0
1.16855,-0.050257,0.00459121,0
1.16963,-0.0503285,0.0046572,0
1.17042,-0.0503167,0.00462626,0
1.1715,-0.0502892,0.00460674,0
1.17292,-0.0502288,0.00453063,0
1.17354,-0.0502771,0.00455545,0
1.17457,-0.0503064,0.00456288,0
1.17546,-0.0503247,0.00458829,0
1.17643,-0.0503773,0.00463364,0
1.1775,-0.0503316,0.00458258,0
1.17846,-0.0503801,0.00461987,0
1.17952,-0.0503826,0.0046108,0
1.18054,-0.050382,0.00460923,0
1.1815,-0.0503836,0.00459709,0
1.18258,-0.0503334,0.0045548,0
1.18357,-0.0503837,0.0045819,0
1.18523,-0.0503836,0.00458436,0
1.18568,-0.050385,0.00457269,0
1.18645,-0.0503335,0.00453035,0
1.18743,-0.0503849,0.00455841,0
1.18855,-0.0503527,0.00455533,0
1.18944,-0.0503273,0.00454036,0
1.19041,-0.0503134,0.00450611,0
1.19153,-0.0504179,0.00457703,0
1.19242,-0.0504179,0.00457703,0
1.19347,-0.0503659,0.00454007,0
1.19469,-0.0503659,0.00454007,0
1.19552,-0.0504011,0.00453268,0
1.19659,-0.0503428,0.00448964,0
1.19769,-0.0503634,0.00451346,0
1.19857,-0.0503665,0.00451736,0
1.19949,-0.05037,0.00450803,0
1.20064,-0.0503163,0.0044667,0
1.20153,-0.0502849,0.00444866,0
1.20262,-0.0502562,0.00444579,0
1.20344,-0.0503316,0.00445061,0
1.20444,-0.0502907,0.00444442,0
1.20546,-0.0503332,0.00444467,0
1.20646,-0.0503885,0.00448983,0
1.20745,-0.0503557,0.00447593,0
1.20852,-0.0503623,0.00447887,0
1.20964,-0.0504019,0.00447699,0
1.21046,-0.0503627,0.00447063,0
1.21144,-0.0503696,0.00446245,0
1.21265,-0.0504286,0.0045071,0
1.21347,-0.0503969,0.00449336,0
1.21443,-0.0504406,0.00450319,0
1.21548,-0.0504044,0.00448599,0
1.21642,-0.0503875,0.00445209,0
1.21745,-0.0504212,0.00444606,0
1.21852,-0.0504212,0.00444606,0
1.21941,-0.0503844,0.00443093,0
1.22051,-0.0504448,0.00447639,0
1.22142,-0.0504109,0.00446235,0
1.22247,-0.0504179,0.00446526,0
1.22349,-0.0503857,0.00444957,0
1.22461,-0.0504308,0.00446073,0
1.22552,-0.0503701,0.00440789,0
1.22649,-0.0503329,0.0044011,0
1.2275,-0.0504414,0.00444518,0
1.22845,-0.0504414,0.00444518,0
1.22951,-0.0504496,0.00444216,0
1.23047,-0.0505102,0.00448797,0
1.23149,-0.0505145,0.00448143,0
1.23252,-0.0505145,0.00448143,0
1.23351,-0.0505172,0.00447547,0
1.23446,-0.0504568,0.00442474,0
1.23571,-0.0504568,0.00442474,0
1.2366,-0.0505172,0.00446704,0
1.23762,-0.0505195,0.00445977,0
1.23859,-0.05052,0.00446149,0
1.23963,-0.0505217,0.00445183,0
1.24052,-0.0505847,0.0044967,0
1.24145,-0.0505875,0.00448935,0
1.24246,-0.0505234,0.00444609,0
1.24362,-0.0505862,0.00447703,0
1.2445,-0.0505866,0.00448065,0
1.2455,-0.0505237,0.00442707,0
1.24649,-0.050585,0.00446907,0
1.24749,-0.0505876,0.00446252,0
1.24888,-0.0505215,0.00441944,0
1.24959,-0.0505857,0.00445164,0
1.25063,-0.0505452,0.00444719,0
1.25156,-0.0506207,0.00448405,0
1.25251,-0.0505571,0.00444367,0
1.25345,-0.050518,0.00442505,0
1.25464,-0.0506346,0.00448057,0
1.25543,-0.0506331,0.00447368,0
1.25664,-0.0505916,0.00446702,0
1.25747,-0.050643,0.00446683,0
1.25853,-0.0506369,0.00446721,0
1.25953,-0.0505705,0.00441432,0
1.26041,-0.0506353,0.00445762,0
1.26155,-0.050596,0.00444282,0
1.26263,-0.0506734,0.00449069,0
1.26379,-0.0506794,0.00448458,0
1.26459,-0.0506379,0.00447811,0
1.2655,-0.0506925,0.00447842,0
1.26661,-0.0506171,0.00443498,0
1.26746,-0.0506859,0.00446845,0
1.26845,-0.0506182,0.00442801,0
1.26942,-0.0506886,0.00446209,0
1.27042,-0.0506462,0.00445766,0
1.27141,-0.0506594,0.00445129,0
1.27242,-0.0506614,0.00445349,0
1.27345,-0.0506651,0.00444586,0
1.2744,-0.0506665,0.00444835,0
1.27547,-0.05067,0.00444066,0
1.27649,-0.0506696,0.00444072,0
1.27743,-0.0506709,0.00444314,0
1.27845,-0.050674,0.00443545,0
1.27942,-0.050674,0.00443545,0
1.28044,-0.0507204,0.00444675,0
1.28146,-0.0507123,0.00443737,0
1.28242,-0.0507123,0.00443737,0
1.28348,-0.0506375,0.00439413,0
1.28447,-0.0506362,0.00438363,0
1.28542,-0.0506805,0.00439547,0
1.28644,-0.0506702,0.00438656,0
1.28743,-0.0505922,0.00434277,0
1.28854,-0.0505895,0.00433267,0
1.28947,-0.0505857,0.0043351,0
1.2904,-0.0505856,0.00432835,0
1.29144,-0.0505856,0.00432835,0
1.29241,-0.0506101,0.00436745,0
1.29341,-0.0506751,0.00437569,0
1.29445,-0.0506637,0.00437742,0
1.29552,-0.0505868,0.00432383,0
1.29664,-0.0505868,0.00432383,0
1.29746,-0.0506313,0.00433511,0
1.29859,-0.0506198,0.00432754,0
1.29946,-0.0506198,0.00432754,0
1.30043,-0.0506424,0.0043662,0
1.30203,-0.0506424,0.0043662,0
1.30328,-0.0506424,0.0043662,0
1.30352,-0.0506301,0.00432714,0
1.30446,-0.0504917,0.00423403,0
1.30578,-0.0504917,0.00423403,0
1.30641,-0.0505215,0.0042662,0
1.30742,-0.0505239,0.00427374,0
1.30839,-0.0505269,0.00426967,0
1.3094,-0.0505269,0.00426967,0
1.31056,-0.0506096,0.00431855,0
1.31146,-0.0505307,0.00427719,0
1.31245,-0.0505307,0.00427719,0
1.31348,-0.0506147,0.0043255,0
1.31464,-0.0506147,0.0043255,0
1.31672,-0.0505572,0.00431187,0
1.31769,-0.0505783,0.00430851,0
1.31862,-0.0505807,0.00431376,0
1.32026,-0.0505686,0.00427514,0
1.32053,-0.0505586,0.00431168,0
1.32163,-0.0505876,0.00431401,0
1.32244,-0.0505956,0.00431288,0
1.32349,-0.0505988,0.00431856,0
1.32445,-0.0505619,0.00429941,0
1.32546,-0.0506175,0.00432388,0
1.32645,-0.0506201,0.00431861,0
1.32744,-0.0506211,0.00432319,0
1.32885,-0.0506616,0.00435286,0
1.32973,-0.0506687,0.00436084,0
1.33047,-0.0506762,0.00435842,0
1.33155,-0.0506762,0.00435842,0
1.33244,-0.0507354,0.00437497,0
1.33345,-0.0506884,0.00436183,0
1.33449,-0.0506081,0.00431204,0
1.33542,-0.0506118,0.00431386,0
1.33643,-0.0507017,0.00435917,0
1.33743,-0.0507088,0.00436559,0
1.33841,-0.0507163,0.00436394,0
1.33942,-0.0507209,0.0043675,0
1.34042,-0.0507266,0.0043651,0
1.34141,-0.0507691,0.00440104,0
1.34241,-0.0507792,0.00440199,0
1.34344,-0.0507875,0.00440637,0
1.34447,-0.0507957,0.00440452,0
1.34554,-0.050802,0.00440841,0
1.34651,-0.0508092,0.00440632,0
1.34745,-0.0508153,0.00441009,0
1.34844,-0.0508219,0.00440785,0
1.34943,-0.0508268,0.00441141,0
1.35043,-0.0508328,0.00440906,0
1.35144,-0.0508373,0.00441252,0
1.35251,-0.0508373,0.00441252,0
1.35354,-0.0508912,0.00444903,0
1.35442,-0.0508912,0.00444903,0
1.35545,-0.0509007,0.00444749,0
1.3564,-0.0509146,0.00444939,0
1.35747,-0.0509201,0.00445306,0
1.35849,-0.0509748,0.00446635,0
1.35942,-0.0509283,0.00445254,0
1.36043,-0.0509283,0.00445254,0
1.36145,-0.0509856,0.00446931,0
1.36246,-0.0509856,0.00446931,0
1.36343,-0.051029,0.00449725,0
1.36441,-0.0510328,0.00450238,0
1.36545,-0.0509901,0.00448509,0
1.36653,-0.0509901,0.00448509,0
1.36748,-0.0509562,0.00445283,0
1.36849,-0.0509569,0.00445323,0
1.36944,-0.051008,0.00446651,0
1.37074,-0.050917,0.00441997,0
1.37145,-0.0509156,0.00441459,0
1.37245,-0.0510041,0.00446509,0
1.37351,-0.0509576,0.00444641,0
1.37449,-0.0510517,0.00449891,0
1.37559,-0.0510587,0.00449838,0
1.37655,-0.050971,0.00445339,0
1.37752,-0.0510624,0.00449636,0
1.37852,-0.0510678,0.00450237,0
1.3799,-0.0509913,0.00445685,0
1.38047,-0.0512733,0.00457715,0
1.3821,-0.0517068,0.00466684,0
1.38275,-0.051932,0.00475007,0
1.38385,-0.052032,0.0048032,0
1.38446,-0.0519567,0.00476862,0
1.38542,-0.0520011,0.0048017,0
1.38649,-0.0520039,0.004812,0
1.38744,-0.0519716,0.00480081,0
1.38842,-0.0519321,0.00477881,0
1.38947,-0.0520082,0.00482103,0
1.39077,-0.0520054,0.00482811,0
1.39201,-0.052003,0.00482702,0
1.3925,-0.0519624,0.00481841,0
1.39344,-0.0519594,0.00481729,0
1.39462,-0.0519556,0.00482135,0
1.39576,-0.0519556,0.00482135,0
1.39648,-0.0520272,0.00486749,0
1.39741,-0.0520223,0.00486386,0
1.39849,-0.0520142,0.00486526,0
1.39945,-0.0520053,0.00485986,0
1.40045,-0.0519949,0.00486027,0
1.40141,-0.0519853,0.00485429,0
1.40237,-0.0519853,0.00485429,0
1.40344,-0.0519631,0.00484754,0
1.40443,-0.0519145,0.00483429,0
1.4054,-0.0519145,0.00483429,0
1.40641,-0.0518613,0.00479984,0
1.40743,-0.0519625,0.00486771,0
1.40847,-0.0519582,0.0048644,0
1.40949,-0.0519582,0.0048644,0
1.41044,-0.0519376,0.0048561,0
1.4114,-0.0519277,0.00485685,0
1.41241,-0.0519277,0.00485685,0
1.41343,-0.0519191,0.00485049,0
1.41443,-0.0518965,0.00484211,0
1.4163,-0.051884,0.00484078,0
1.41649,-0.051884,0.00484078,0
1.41745,-0.0518601,0.00483192,0
1.41869,-0.0518961,0.00485519,0
1.41942,-0.0518961,0.00485519,0
1.42048,-0.0518883,0.00485687,0
1.42142,-0.0518817,0.00485075,0
1.42245,-0.0517778,0.00479938,0
1.42345,-0.0518502,0.00484147,0
1.42453,-0.0518502,0.00484147,0
1.42542,-0.0517923,0.00482079,0
1.42644,-0.0518275,0.00483115,0
1.42751,-0.0518275,0.00483115,0
1.42848,-0.0517764,0.00481501,0
1.42953,-0.0518095,0.004825,0
1.43053,-0.0517574,0.00480837,0
1.4317,-0.0517509,0.00480342,0
1.43317,-0.0517015,0.00478832,0
1.43352,-0.0518276,0.00484554,0
1.43494,-0.0517819,0.00483179,0
1.43544,-0.0518613,0.00485966,0
1.43649,-0.0517586,0.00481166,0
1.43749,-0.0517444,0.00480295,0
1.43857,-0.0518206,0.00484685,0
1.43955,-0.0518112,0.00484091,0
1.44054,-0.0517575,0.00482341,0
1.44156,-0.0518396,0.00486486,0
1.44284,-0.0505791,0.00484325,0
1.44377,-0.0488108,0.00486438,0
1.44549,-0.0485757,0.00488827,0
1.44558,-0.048638,0.00495834,0
1.44699,-0.0487592,0.00493023,0
1.44788,-0.0490191,0.00497984,0
1.44854,-0.0490142,0.00493596,0
1.44949,-0.0491855,0.00496558,0
1.45044,-0.0492338,0.00494091,0
1.45144,-0.0495161,0.00501194,0
1.45364,-0.0495604,0.00497751,0
1.4554,-0.0497667,0.00501436,0
1.45612,-0.0497174,0.00497658,0
1.45711,-0.049788,0.00497243,0
1.45778,-0.0499766,0.00501694,0
1.45857,-0.0499633,0.00499928,0
1.45981,-0.049974,0.00497555,0
1.46046,-0.049974,0.00497555,0
1.46143,-0.0500783,0.00496903,0
1.46245,-0.0501804,0.00499108,0
1.46343,-0.0502345,0.00499427,0
1.46445,-0.0502872,0.00498992,0
1.46544,-0.050334,0.00499081,0
1.46647,-0.0503793,0.00498544,0
1.46752,-0.0504216,0.00498563,0
1.46844,-0.0504637,0.00497959,0
1.46945,-0.0505022,0.00497931,0
1.47045,-0.0505414,0.0049728,0
1.47145,-0.0505764,0.00497223,0
1.47243,-0.0505764,0.00497223,0
1.47364,-0.0506107,0.00496723,0
1.47438,-0.0507996,0.00500927,0
1.47543,-0.0507996,0.00500927,0
1.47674,-0.0508552,0.00500078,0
1.47771,-0.0508809,0.00499345,0
1.47871,-0.0509032,0.00499189,0
1.47989,-0.0509032,0.00499189,0
1.48119,-0.0508645,0.00496788,0
1.48188,-0.0509519,0.00498549,0
1.48269,-0.0509376,0.00496102,0
1.48369,-0.0510832,0.00500027,0
1.48457,-0.0510832,0.00500027,0
1.48567,-0.0510236,0.00495916,0
1.48652,-0.0512655,0.00389445,0
1.48797,-0.0512655,0.00389445,0
1.48853,-0.0513343,0.0038486,0
1.48942,-0.0513343,0.0038486,0
1.49045,-0.0513701,0.00382509,0
1.49142,-0.0513944,0.00380996,0
1.49242,-0.0514202,0.00379022,0
1.49345,-0.0514431,0.00377783,0
1.49442,-0.0514252,0.00379246,0
1.49544,-0.0514252,0.00379246,0
1.49664,-0.0515595,0.00385597,0
1.49764,-0.0515834,0.00384441,0
1.49853,-0.0516052,0.00382528,0
1.49992,-0.0516232,0.00381318,0
1.50051,-0.051588,0.00383609,0
1.50142,-0.0516516,0.00379058,0
1.50275,-0.0516279,0.00380736,0
1.5035,-0.0516827,0.00378068,0
1.50459,-0.0517176,0.00381612,0
1.5055,-0.051615,0.00378736,0
1.50647,-0.051781,0.00392804,0
1.50755,-0.0516836,0.00391247,0
1.50852,-0.051799,0.0040234,0
1.50958,-0.0516993,0.00399902,0
1.51081,-0.0518103,0.00410908,0
1.51169,-0.0517084,0.00408048,0
1.51256,-0.0517107,0.00412116,0
1.51359,-0.0518232,0.00421949,0
1.51458,-0.0517747,0.00422078,0
1.51563,-0.0517838,0.00425355,0
1.51652,-0.0518973,0.00435309,0
1.51753,-0.051797,0.00432055,0
1.51854,-0.0519052,0.0044143,0
1.51958,-0.0518024,0.00437977,0
1.52117,-0.0518028,0.00441014,0
1.52149,-0.0519133,0.00449422,0
1.52252,-0.0518645,0.0044899,0
1.52352,-0.0518143,0.00448723,0
1.52453,-0.0519188,0.00457135,0
1.52545,-0.0518127,0.00453292,0
1.52644,-0.0519761,0.00464116,0
1.52745,-0.0519864,0.00466306,0
1.52845,-0.0518792,0.00462886,0
1.52944,-0.0518786,0.00464487,0
1.53047,-0.0519869,0.00472448,0
1.53146,-0.0518815,0.00468386,0
1.5325,-0.0518795,0.00470433,0
1.53356,-0.0519896,0.00477519,0
1.53448,-0.0519913,0.00479593,0
1.53543,-0.0518814,0.00475225,0
1.53651,-0.0518772,0.00476958,0
1.53744,-0.0518737,0.00478026,0
1.53844,-0.0519821,0.00485368,0
1.53943,-0.0519821,0.00485368,0
1.54046,-0.0518232,0.00479785,0
1.54145,-0.0519328,0.00486345,0
1.54246,-0.0518832,0.00485183,0
1.54347,-0.05183,0.00483901,0
1.54444,-0.0519393,0.00491013,0
1.54539,-0.0519432,0.00492322,0
1.54642,-0.0519455,0.00493434,0
1.54744,-0.0519441,0.00494922,0
1.5486,-0.0519441,0.00494922,0
1.54941,-0.0519425,0.00497134,0
1.55042,-0.0519422,0.00497879,0
1.55141,-0.0519412,0.00499246,0
1.55241,-0.0519396,0.0049989,0
1.55351,-0.0519976,0.00503635,0
1.55439,-0.0520056,0.00504601,0
1.55546,-0.0521195,0.00511323,0
1.55666,-0.0520731,0.00509288,0
1.55751,-0.0519064,0.00503049,0
1.55855,-0.0520113,0.0050871,0
1.55951,-0.0520121,0.00510022,0
1.56115,-0.0520145,0.00510661,0
1.56167,-0.0520131,0.00511828,0
1.56254,-0.0520121,0.00512313,0
1.56366,-0.0520121,0.00512313,0
1.56452,-0.0518999,0.00508235,0
1.56569,-0.0521202,0.00519097,0
1.56642,-0.0520121,0.00515126,0
1.56747,-0.0520106,0.00515548,0
1.5685,-0.0520063,0.00516517,0
1.56962,-0.0520057,0.00516922,0
1.57067,-0.0520032,0.0051793,0
1.57156,-0.0520024,0.00518316,0
1.57251,-0.0520011,0.0051935,0
1.57345,-0.0521138,0.00524944,0
1.57478,-0.0520633,0.0052314,0
1.57565,-0.0520672,0.00523676,0
1.5766,-0.0520688,0.005248,0
1.57746,-0.0521845,0.00530489,0
1.57844,-0.052075,0.00526483,0
1.57945,-0.0521361,0.00529163,0
1.58042,-0.0520792,0.00528084,0
1.58208,-0.052077,0.00528564,0
1.58245,-0.0520758,0.00529058,0
1.58342,-0.0520744,0.00530018,0
1.58452,-0.0520757,0.00530398,0
1.58542,-0.0521369,0.00533632,0
1.58657,-0.0521369,0.00533632,0
1.58747,-0.052148,0.00535373,0
1.58849,-0.052148,0.00535373,0
1.58954,-0.0521475,0.00536802,0
1.59052,-0.0520378,0.00532117,0
1.59149,-0.0520378,0.00532117,0
1.5925,-0.0522067,0.00541762,0
1.59347,-0.0521565,0.00539823,0
1.59439,-0.052274,0.00545407,0
1.59544,-0.052279,0.00546498,0
1.59655,-0.0522789,0.005465,0
1.59754,-0.0522793,0.00546779,0
1.59859,-0.0522789,0.00547721,0
1.59941,-0.0522281,0.00545073,0
1.60078,-0.0522788,0.00548934,0
1.60184,-0.0522784,0.00549196,0
1.60278,-0.0521614,0.00544958,0
1.60353,-0.0521553,0.00545007,0
1.60483,-0.0522148,0.00547933,0
1.60571,-0.052222,0.00548419,0
1.60652,-0.0522242,0.0054948,0
1.60766,-0.0522242,0.0054948,0
1.60857,-0.052227,0.00550916,0
1.60951,-0.0522289,0.00551283,0
1.61046,-0.0522286,0.00552254,0
1.61165,-0.0522299,0.00552591,0
1.61248,-0.0522299,0.00552591,0
1.61359,-0.0523031,0.0055625,0
1.61447,-0.0523069,0.00557401,0
1.61542,-0.0523108,0.00557902,0
1.61648,-0.0523124,0.00558977,0
1.61744,-0.0523124,0.00558977,0
1.61847,-0.0523169,0.00560097,0
1.61944,-0.0523171,0.00561106,0
1.62042,-0.0523187,0.00561463,0
1.62153,-0.0523187,0.00561463,0
1.62246,-0.0523859,0.00564866,0
1.62347,-0.0523859,0.00564866,0
1.6245,-0.0523937,0.00566472,0
1.62542,-0.0523992,0.00567672,0
1.62648,-0.0524045,0.00568206,0
1.62741,-0.0524045,0.00568206,0
1.62845,-0.0524078,0.0056967,0
1.62945,-0.0524079,0.00570668,0
1.63048,-0.0524094,0.00571023,0
1.63187,-0.0524086,0.00571981,0
1.63244,-0.0525239,0.00577306,0
1.63343,-0.0524795,0.00575351,0
1.63447,-0.0524795,0.00575351,0
1.63544,-0.0525309,0.00578761,0
1.63656,-0.0523626,0.00571905,0
1.6375,-0.0525254,0.00580901,0
1.63845,-0.0525309,0.00581348,0
1.63952,-0.0525268,0.0058215,0
1.64047,-0.052525,0.00582323,0
1.64139,-0.052525,0.00582323,0
1.64244,-0.0525202,0.00583061,0
1.64347,-0.0525909,0.00586255,0
1.64447,-0.0525909,0.00586255,0
1.64546,-0.0525915,0.00586568,0
1.64666,-0.0524267,0.00579856,0
1.64753,-0.0525881,0.00588885,0
1.64844,-0.0525881,0.00588885,0
1.64948,-0.0525881,0.00588885,0
1.65047,-0.0524325,0.00582367,0
1.65148,-0.0526265,0.00590725,0
1.65256,-0.0526265,0.00590725,0
1.65338,-0.0526786,0.00595715,0
1.65442,-0.0526786,0.00595715,0
1.65548,-0.0526814,0.00596781,0
1.65648,-0.0525156,0.00589916,0
1.65742,-0.0525156,0.00589916,0
1.65838,-0.0525156,0.00589916,0
1.65944,-0.0527535,0.0060148,0
1.66044,-0.0527603,0.0060204,0
1.66148,-0.0526493,0.00598347,0
1.66266,-0.0527569,0.00603461,0
1.66371,-0.0527132,0.00601396,0
1.6646,-0.0526509,0.00600159,0
1.66555,-0.0526432,0.00601059,0
1.66663,-0.0525966,0.00598276,0
1.6677,-0.0527568,0.00607361,0
1.66848,-0.052646,0.00602858,0
1.66947,-0.0526393,0.00603769,0
1.6708,-0.0526356,0.00603932,0
1.67167,-0.0526329,0.00604839,0
1.67247,-0.0526329,0.00604839,0
1.67345,-0.0528147,0.00611767,0
1.67462,-0.0527571,0.00611287,0
1.67558,-0.0526362,0.00606579,0
1.6765,-0.0526362,0.00606579,0
1.67747,-0.0526203,0.00607391,0
1.67845,-0.0526158,0.00608199,0
1.67942,-0.0526816,0.00610083,0
1.68047,-0.0526863,0.00611174,0
1.68153,-0.0526888,0.00611658,0
1.68243,-0.052688,0.00612764,0
1.68344,-0.052689,0.00613202,0
1.68444,-0.0526877,0.00614249,0
1.68541,-0.0526867,0.00614763,0
1.68641,-0.0526409,0.00612041,0
1.68741,-0.0527574,0.00618122,0
1.68841,-0.0527662,0.00618804,0
1.68941,-0.0527203,0.00616671,0
1.6904,-0.0526608,0.00615935,0
1.69142,-0.0527697,0.00621967,0
1.69244,-0.0527761,0.00622587,0
1.69343,-0.0527774,0.00623756,0
1.69449,-0.0527784,0.00624226,0
1.69545,-0.0527772,0.00625298,0
1.69645,-0.0527777,0.0062572,0
1.69747,-0.052845,0.00628303,0
1.69845,-0.0528541,0.00628937,0
1.69946,-0.0528568,0.00630222,0
1.70044,-0.0528597,0.00630857,0
1.70142,-0.0528603,0.00632067,0
1.70243,-0.0528623,0.00632611,0
1.70343,-0.0528619,0.00633759,0
1.70443,-0.0529323,0.00635747,0
1.70553,-0.0529403,0.00637085,0
1.70645,-0.0529456,0.0063781,0
1.70746,-0.052947,0.0063914,0
1.70845,-0.0529499,0.00639772,0
1.70942,-0.0529502,0.00640997,0
1.71041,-0.0529519,0.00641554,0
1.71143,-0.0529512,0.00642716,0
1.71255,-0.052952,0.00643216,0
1.71344,-0.052952,0.00643216,0
1.71442,-0.0529505,0.00644783,0
1.71542,-0.053018,0.00647264,0
1.71644,-0.0530267,0.00647914,0
1.71745,-0.0530288,0.00649234,0
1.71845,-0.0530306,0.00650065,0
1.71945,-0.053032,0.00650806,0
1.72046,-0.0530314,0.00652017,0
1.72149,-0.0530314,0.00652017,0
1.72244,-0.0529216,0.00649071,0
1.72339,-0.0530973,0.00655619,0
1.72457,-0.0530973,0.00655619,0
1.72541,-0.053115,0.00657811,0
1.72643,-0.0531153,0.00659154,0
1.72752,-0.0531171,0.00659786,0
1.72867,-0.0531171,0.00659786,0
1.72975,-0.0531174,0.00661541,0
1.73047,-0.0531166,0.00662756,0
1.73158,-0.0531167,0.00663232,0
1.73251,-0.0531877,0.00665288,0
1.73347,-0.0532185,0.00656726,0
1.73446,-0.0533114,0.00655336,0
1.73542,-0.0533628,0.00658422,0
1.73653,-0.0533635,0.00658422,0
1.73749,-0.0529625,0.00632518,0
1.73846,-0.0529454,0.00634274,0
1.73947,-0.0530581,0.00641,0
1.74048,-0.0530638,0.00643481,0
1.74166,-0.0530638,0.00643481,0
1.74253,-0.0529549,0.00640181,0
1.74346,-0.0530667,0.0064895,0
1.74452,-0.0530667,0.0064895,0
1.74555,-0.053025,0.00647278,0
1.74645,-0.052987,0.00644885,0
1.74759,-0.0531051,0.00652202,0
1.74846,-0.0530036,0.00649051,0
1.74975,-0.053157,0.00660105,0
1.75057,-0.0530522,0.00656891,0
1.75157,-0.0531591,0.00663628,0
1.75251,-0.0532362,0.00666254,0
1.75348,-0.0531364,0.00662985,0
1.75444,-0.0532431,0.00669671,0
1.75545,-0.0532521,0.00671117,0
1.75662,-0.0532126,0.00669256,0
1.75748,-0.0530397,0.00664725,0
1.75857,-0.053136,0.00671116,0
1.75969,-0.0532541,0.00677155,0
1.76081,-0.0532584,0.0067886,0
1.76155,-0.0531491,0.00675132,0
1.76262,-0.0531021,0.00672935,0
1.76365,-0.0531445,0.00677581,0
1.76457,-0.0531055,0.0067594,0
1.76554,-0.0533383,0.00686801,0
1.76659,-0.0532434,0.00684219,0
1.76758,-0.0533566,0.00690171,0
1.76856,-0.0532551,0.00687406,0
1.76957,-0.0532562,0.00688481,0
1.77047,-0.053258,0.00690183,0
1.77154,-0.0533741,0.00695917,0
1.77266,-0.0533816,0.00697594,0
1.77361,-0.0533462,0.00694884,0
1.77465,-0.05346,0.0070105,0
1.77563,-0.0533618,0.00697629,0
1.77676,-0.0533615,0.00699382,0
1.77785,-0.0534746,0.00704921,0
1.77849,-0.0533726,0.00701989,0
1.77948,-0.0533718,0.00702868,0
1.78099,-0.053372,0.0070438,0
1.78159,-0.0534852,0.00709808,0
1.78245,-0.053562,0.00712159,0
1.78342,-0.0534654,0.0070861,0
1.78443,-0.0534639,0.00710268,0
1.78542,-0.0535751,0.00715867,0
1.78641,-0.0534757,0.00712475,0
1.78743,-0.0534725,0.00713984,0
1.78844,-0.0534737,0.00714757,0
1.78942,-0.0534741,0.00716184,0
1.79043,-0.0534768,0.00717011,0
1.79142,-0.0535849,0.00722853,0
1.79244,-0.053484,0.00719177,0
1.79345,-0.0534793,0.00720565,0
1.79444,-0.0536573,0.00726355,0
1.79542,-0.0535636,0.0072346,0
1.79645,-0.0535648,0.00724384,0
1.79742,-0.0535643,0.00725888,0
1.79842,-0.0535674,0.00726727,0
1.79941,-0.0535679,0.0072818,0
1.80045,-0.0535706,0.00729031,0
1.80142,-0.0536778,0.00734808,0
1.80241,-0.0535783,0.00731229,0
1.80342,-0.0535727,0.00732572,0
1.80444,-0.0535721,0.007332,0
1.80547,-0.0536405,0.00735124,0
1.80645,-0.053651,0.0073595,0
1.80743,-0.0536537,0.00737544,0
1.80843,-0.0536571,0.0073849,0
1.80945,-0.0536581,0.00740014,0
1.81047,-0.0536608,0.00740855,0
1.81149,-0.053661,0.00742308,0
1.81245,-0.0536629,0.00743091,0
1.81347,-0.0536625,0.00744493,0
1.81439,-0.0536645,0.00745293,0
1.81542,-0.0537698,0.00750921,0
1.81641,-0.0536707,0.00747579,0
1.81742,-0.0536661,0.00748404,0
1.81842,-0.0537323,0.00750175,0
1.81942,-0.0537428,0.00750975,0
1.82042,-0.0537453,0.0075257,0
1.82144,-0.0537485,0.00753526,0
1.82241,-0.0537495,0.00755063,0
1.82342,-0.0537521,0.00755919,0
1.82445,-0.0537528,0.00757453,0
1.82543,-0.05386,0.00762441,0
1.82643,-0.0537613,0.00759726,0
1.82743,-0.0537583,0.00760557,0
1.82842,-0.0538609,0.00766038,0
1.82942,-0.0537638,0.00762622,0
1.83043,-0.0538264,0.00764362,0
1.83142,-0.0538355,0.00765149,0
1.83244,-0.0538381,0.0076676,0
1.83431,-0.0538414,0.00767743,0
1.83448,-0.0538425,0.00769313,0
1.83557,-0.0538453,0.00770201,0
1.83645,-0.0538457,0.00771704,0
1.83742,-0.0538125,0.00768713,0
1.83845,-0.0539191,0.00774363,0
1.83942,-0.05393,0.00775455,0
1.84042,-0.053934,0.00777262,0
1.84142,-0.0539383,0.00778318,0
1.84243,-0.05394,0.00779957,0
1.84349,-0.0539438,0.00780968,0
1.84449,-0.0540472,0.00786535,0
1.84554,-0.0539546,0.00783513,0
1.84655,-0.0540505,0.00789008,0
1.84747,-0.0539564,0.00786012,0
1.84844,-0.0539525,0.00786948,0
1.84947,-0.05395,0.00788319,0
1.85113,-0.05395,0.00788319,0
1.85163,-0.0540178,0.00790606,0
1.85253,-0.0540287,0.00791472,0
1.85356,-0.0540312,0.00793155,0
1.85454,-0.0540348,0.00794195,0
1.85545,-0.054036,0.00795816,0
1.85642,-0.054031,0.007967,0
1.85742,-0.0540315,0.00798252,0
1.85846,-0.0540339,0.00799131,0
1.85942,-0.0540339,0.00800632,0
1.86044,-0.0540361,0.00801528,0
1.86146,-0.0541366,0.00806836,0
1.86254,-0.0541121,0.00803895,0
1.86345,-0.0541166,0.00805556,0
1.86441,-0.0542203,0.00810414,0
1.86542,-0.0541296,0.0080834,0
1.86649,-0.0540952,0.00805494,0
1.86763,-0.0540952,0.00805494,0
1.86875,-0.0540328,0.00807284,0
1.86942,-0.0541309,0.00813556,0
1.87045,-0.0542015,0.00814452,0
1.8715,-0.0542115,0.00816101,0
1.87244,-0.0542174,0.00817263,0
1.87347,-0.0542199,0.00819071,0
1.87442,-0.0542243,0.00820151,0
1.87542,-0.0542261,0.00821836,0
1.87641,-0.054229,0.00822943,0
1.87748,-0.054134,0.00820381,0
1.87843,-0.0542246,0.00825548,0
1.87944,-0.054135,0.00822772,0
1.88041,-0.0542928,0.00827853,0
1.88141,-0.0543105,0.00828823,0
1.88245,-0.054316,0.00830715,0
1.88342,-0.0543209,0.0083193,0
1.88442,-0.0543235,0.00833705,0
1.88582,-0.0543279,0.00834772,0
1.88658,-0.0543279,0.00834772,0
1.88741,-0.0543332,0.00837446,0
1.88846,-0.0543342,0.0083906,0
1.88946,-0.0543371,0.00839993,0
1.89046,-0.054403,0.00841333,0
1.89198,-0.0544156,0.00842329,0
1.89247,-0.0544195,0.00844174,0
1.89344,-0.0544243,0.00845369,0
1.89444,-0.0544267,0.00847141,0
1.89559,-0.0544309,0.0084821,0
1.89643,-0.0544325,0.00849894,0
1.89805,-0.0544359,0.00850891,0
1.89916,-0.0544359,0.00850891,0
1.89963,-0.0544367,0.0085257,0
1.90054,-0.0544396,0.00853448,0
1.90184,-0.0544401,0.00854956,0
1.90243,-0.0544449,0.00857457,0
1.90347,-0.0545102,0.00858183,0
1.90452,-0.0544261,0.00856372,0
1.90556,-0.0544261,0.00856372,0
1.90655,-0.0545262,0.00862644,0
1.90743,-0.0545315,0.00863951,0
1.90843,-0.0545351,0.00865171,0
1.90951,-0.0545368,0.00866869,0
1.91043,-0.0545405,0.00867863,0
1.91152,-0.0545405,0.00867863,0
1.91245,-0.0546188,0.00870075,0
1.91352,-0.0546232,0.00871983,0
1.91461,-0.0546287,0.00873241,0
1.91545,-0.0546287,0.00873241,0
1.9164,-0.0547,0.00875707,0
1.91766,-0.0547,0.00875707,0
1.91851,-0.0547126,0.0087748,0
1.91941,-0.0547201,0.00878921,0
1.92047,-0.0547228,0.00882094,0
1.92151,-0.0547313,0.00883965,0
1.92252,-0.0547313,0.00883965,0
1.92359,-0.0547949,0.00886283,0
1.92451,-0.0547949,0.00886283,0
1.92576,-0.0548147,0.00887457,0
1.92707,-0.0548474,0.00893205,0
1.92767,-0.0548256,0.00890897,0
1.92843,-0.0548305,0.00892733,0
1.92951,-0.0548613,0.00897586,0
1.93051,-0.0548621,0.00899384,0
1.93151,-0.0548621,0.00899384,0
1.93246,-0.0547775,0.00897435,0
1.9337,-0.0547704,0.00898816,0
1.93444,-0.0547972,0.00903117,0
1.93563,-0.0547672,0.00900889,0
1.93645,-0.0548605,0.00904332,0
1.9376,-0.0547795,0.00902925,0
1.93859,-0.0548613,0.00906785,0
1.93955,-0.0547825,0.00904848,0
1.94061,-0.0547487,0.00902703,0
1.94145,-0.0549263,0.00909225,0
1.94276,-0.0549431,0.0091106,0
1.94346,-0.0548631,0.00909338,0
1.94442,-0.0549436,0.00913961,0
1.94545,-0.0549559,0.00915039,0
1.94646,-0.054874,0.00913894,0
1.94744,-0.0548702,0.00914955,0
1.94861,-0.0549569,0.00919257,0
1.94951,-0.0548817,0.00917453,0
1.95065,-0.0549619,0.00921785,0
1.95156,-0.0549468,0.00919093,0
1.95243,-0.0549516,0.00920797,0
1.95345,-0.0550418,0.00924732,0
1.95442,-0.0550279,0.00922922,0
1.95544,-0.0549787,0.00925126,0
1.95645,-0.0549738,0.00927143,0
1.95744,-0.054978,0.00928225,0
1.95845,-0.0549546,0.00926217,0
1.95942,-0.0549613,0.00927137,0
1.96048,-0.0549635,0.00929014,0
1.96148,-0.0549947,0.00933877,0
1.96245,-0.0549963,0.00935737,0
1.96349,-0.0550011,0.00936719,0
1.9646,-0.0550011,0.00936719,0
1.96541,-0.0550752,0.00938183,0
1.96641,-0.0550805,0.00940075,0
1.96743,-0.0550869,0.00941513,0
1.96843,-0.0550934,0.00942856,0
1.96941,-0.0550979,0.00944694,0
1.97042,-0.0551045,0.00945832,0
1.97144,-0.0551088,0.00947609,0
1.97243,-0.0551151,0.00948703,0
1.97344,-0.0551192,0.0095044,0
1.97449,-0.0551254,0.009515,0
1.97546,-0.0551854,0.00952042,0
1.97646,-0.0552014,0.00953105,0
1.97743,-0.0552084,0.00955118,0
1.9784,-0.0552169,0.00956496,0
1.97945,-0.0552232,0.00958465,0
1.98049,-0.0552314,0.00959728,0
1.98139,-0.0552372,0.0096162,0
1.98272,-0.0552449,0.00962822,0
1.98343,-0.0553053,0.00963401,0
1.98444,-0.0553225,0.00964572,0
1.98552,-0.0553306,0.00966691,0
1.98639,-0.0553402,0.00968167,0
1.98746,-0.0553474,0.00970224,0
1.9885,-0.0553573,0.00971519,0
1.98946,-0.0552854,0.00971322,0
1.99052,-0.0553631,0.00974725,0
1.99152,-0.0553748,0.00976514,0
1.99246,-0.0553748,0.00976514,0
1.99375,-0.0554368,0.00976424,0
1.99444,-0.0554631,0.00979814,0
1.99556,-0.0554631,0.00979814,0
1.99663,-0.0554936,0.00985487,0
1.99769,-0.055479,0.00983641,0
1.99886,-0.0555168,0.00985491,0
1.99942,-0.0555127,0.00975526,0
2.00062,-0.0555127,0.00975526,0
2.00144,-0.0555386,0.00977817,0
2.00244,-0.0555398,0.00979271,0
2.00349,-0.0555206,0.00978888,0
2.00443,-0.0556015,0.00982035,0
2.00543,-0.0555636,0.00984654,0
2.00651,-0.0555642,0.00986069,0
2.00741,-0.0555671,0.00988086,0
2.00851,-0.0555729,0.00989148,0
2.00948,-0.0556254,0.00990566,0
2.01043,-0.0556393,0.00991881,0
2.01148,-0.0556474,0.00993359,0
2.01244,-0.0556529,0.00995563,0
2.01345,-0.055661,0.00996834,0
2.01441,-0.0556662,0.00998934,0
2.01543,-0.0556737,0.0100015,0
2.01654,-0.0556823,0.0100218,0
2.01742,-0.0556884,0.0100339,0
2.01848,-0.0556939,0.0100537,0
2.01948,-0.0557487,0.0100588,0
2.02042,-0.0557619,0.0100788,0
2.02141,-0.0557712,0.0100946,0
2.02248,-0.0557798,0.0101101,0
2.02342,-0.0557798,0.0101101,0
2.02445,-0.0557951,0.0101449,0
2.02541,-0.0558012,0.0101661,0
2.02644,-0.0558561,0.0101713,0
2.02746,-0.0558705,0.010192,0
2.02846,-0.0558815,0.0102061,0
2.02953,-0.0558892,0.0102291,0
2.03067,-0.055898,0.0102431,0
2.03144,-0.0559063,0.0102647,0
2.03252,-0.0559149,0.0102799,0
2.03347,-0.0559232,0.0102944,0
2.03445,-0.0559292,0.0103156,0
2.03544,-0.0559376,0.0103278,0
2.03649,-0.0559869,0.0103406,0
2.03744,-0.0560049,0.0103518,0
2.03843,-0.0560133,0.0103743,0
2.03946,-0.0560235,0.0103884,0
2.04042,-0.056031,0.0104105,0
2.04142,-0.0560407,0.0104236,0
2.04243,-0.0560476,0.010445,0
2.04343,-0.056056,0.0104598,0
2.04443,-0.0560639,0.0104744,0
2.04546,-0.0560698,0.0104963,0
2.04644,-0.0560773,0.010517,0
2.04744,-0.0560819,0.0105445,0
2.04847,-0.0561328,0.0105459,0
2.04944,-0.0561463,0.010573,0
2.05058,-0.056156,0.0105961,0
2.05142,-0.0561631,0.0106256,0
2.05244,-0.0561726,0.0106469,0
2.05342,-0.0561797,0.0106739,0
2.05441,-0.056232,0.0106719,0
2.05545,-0.0562479,0.0106962,0
2.05652,-0.0562612,0.0107169,0
2.05742,-0.0562703,0.0107441,0
2.05843,-0.0562816,0.0107634,0
2.05945,-0.0562905,0.0107883,0
2.06046,-0.0563014,0.0108058,0
2.06146,-0.0563084,0.0108295,0
2.06244,-0.0563204,0.0108453,0
2.06349,-0.0563271,0.0108677,0
2.06446,-0.0563389,0.0108823,0
2.06544,-0.0563876,0.0108808,0
2.06643,-0.056406,0.0108957,0
2.06743,-0.0564182,0.0109138,0
2.06844,-0.0564282,0.0109376,0
2.06943,-0.0564405,0.0109536,0
2.07045,-0.0564504,0.0109756,0
2.07142,-0.0564623,0.0109904,0
2.07243,-0.0564718,0.0110113,0
2.07344,-0.0564834,0.0110252,0
2.07445,-0.0564926,0.0110453,0
2.07541,-0.056504,0.0110584,0
2.07641,-0.0565514,0.0110537,0
2.07741,-0.0565712,0.0110652,0
2.07843,-0.0565827,0.0110872,0
2.07944,-0.056596,0.0111029,0
2.08049,-0.0566072,0.0111244,0
2.08142,-0.0566204,0.0111387,0
2.08246,-0.0566311,0.0111593,0
2.08343,-0.0566439,0.0111727,0
2.08444,-0.0566543,0.0111925,0
2.08546,-0.0566669,0.0112052,0
2.08646,-0.0566772,0.0112244,0
2.08746,-0.0567254,0.011211,0
2.08843,-0.0567439,0.0112285,0
2.08944,-0.0567586,0.0112434,0
2.09042,-0.0567707,0.0112654,0
2.09142,-0.0567852,0.0112798,0
2.09244,-0.0567972,0.0113005,0
2.09345,-0.0568112,0.011314,0
2.09442,-0.0568228,0.0113339,0
2.09543,-0.0568366,0.0113467,0
2.09647,-0.056848,0.011366,0
2.09746,-0.0568592,0.0113802,0
2.09845,-0.056874,0.0113935,0
2.09943,-0.0568852,0.0114122,0
2.10044,-0.0569314,0.0113964,0
2.10144,-0.0569507,0.0114133,0
2.10243,-0.0569664,0.0114276,0
2.10343,-0.0569796,0.0114492,0
2.10443,-0.0569952,0.0114632,0
2.10546,-0.0570083,0.0114836,0
2.10657,-0.0570083,0.0114836,0
2.10789,-0.0570364,0.0115164,0
2.10869,-0.0570387,0.0115034,0
2.10945,-0.0570941,0.0115179,0
2.11043,-0.0571145,0.0115312,0
2.11144,-0.0571293,0.0115533,0
2.11244,-0.0571461,0.0115684,0
2.1135,-0.0571606,0.0115896,0
2.11446,-0.0571791,0.0116034,0
2.1154,-0.0571911,0.0116238,0
2.11645,-0.0572092,0.0116369,0
2.1175,-0.057221,0.0116566,0
2.1185,-0.0572368,0.0116691,0
2.11954,-0.0572524,0.011688,0
2.1205,-0.0572958,0.01167,0
2.12151,-0.0572958,0.01167,0
2.1227,-0.0573345,0.0117015,0
2.12362,-0.0573476,0.0117234,0
2.12452,-0.0573476,0.0117234,0
2.12549,-0.0573273,0.0117441,0
2.12654,-0.0573846,0.0117815,0
2.12804,-0.0573687,0.011802,0
2.1285,-0.057365,0.0117971,0
2.12956,-0.0574287,0.0118216,0
2.13054,-0.0574402,0.0118124,0
2.1315,-0.0574552,0.0118295,0
2.13245,-0.0574722,0.0118421,0
2.13346,-0.0574871,0.0118614,0
2.13458,-0.0575042,0.0118736,0
2.13558,-0.0575191,0.0118923,0
2.13653,-0.057529,0.0119036,0
2.13762,-0.0575438,0.0119218,0
2.13867,-0.0575588,0.0119333,0
2.13959,-0.0576317,0.0119079,0
2.1406,-0.0576314,0.0119281,0
2.14158,-0.0576409,0.011951,0
2.14251,-0.0576936,0.0119545,0
2.14359,-0.0577065,0.0119529,0
2.14464,-0.0577383,0.0119878,0
2.14556,-0.0577269,0.0120241,0
2.14645,-0.05774,0.0120389,0
2.14755,-0.0577534,0.0120573,0
2.14845,-0.0577733,0.0120681,0
2.14948,-0.0577886,0.0120858,0
2.15051,-0.0578259,0.0120626,0
2.15151,-0.0578458,0.0120781,0
2.15255,-0.0578953,0.012078,0
2.15363,-0.057893,0.0121126,0
2.15448,-0.0579053,0.0121281,0
2.15566,-0.0579514,0.0121335,0
2.15663,-0.0579522,0.0121606,0
2.15747,-0.057964,0.0121816,0
2.15847,-0.0579804,0.0121938,0
2.15942,-0.0580243,0.0121957,0
2.16047,-0.0580257,0.0122248,0
2.16143,-0.0580364,0.0122395,0
2.16248,-0.058079,0.0122407,0
2.16342,-0.0580819,0.012268,0
2.16445,-0.0581089,0.0122514,0
2.16544,-0.0581337,0.0122598,0
2.16641,-0.0581518,0.0122789,0
2.16742,-0.0581718,0.0122922,0
2.16841,-0.0581898,0.0123115,0
2.16944,-0.05821,0.0123238,0
2.17043,-0.0582279,0.0123425,0
2.17141,-0.058248,0.0123542,0
2.1725,-0.0582659,0.0123724,0
2.17346,-0.058286,0.0123837,0
2.17442,-0.0583039,0.0124015,0
2.17541,-0.0583364,0.0123748,0
2.17641,-0.0583605,0.0123899,0
2.17742,-0.0583823,0.0124031,0
2.17841,-0.0584018,0.0124237,0
2.17942,-0.0584237,0.0124368,0
2.18047,-0.0584434,0.0124563,0
2.18151,-0.058465,0.0124686,0
2.18251,-0.0584844,0.0124874,0
2.18359,-0.0585059,0.0124992,0
2.18447,-0.0585251,0.0125174,0
2.18545,-0.0585466,0.0125286,0
2.18644,-0.0585748,0.0125074,0
2.18745,-0.0586019,0.0125156,0
2.18846,-0.0586226,0.0125357,0
2.18946,-0.0586455,0.0125495,0
2.19044,-0.0586662,0.0125694,0
2.19144,-0.0586886,0.0125838,0
2.19247,-0.0587107,0.0125975,0
2.19346,-0.058731,0.0126164,0
2.19442,-0.0587535,0.012628,0
2.19546,-0.0587736,0.0126461,0
2.19643,-0.058802,0.0126168,0
2.19737,-0.0588274,0.0126317,0
2.19841,-0.0588511,0.0126449,0
2.19946,-0.0588726,0.0126655,0
2.20041,-0.0588963,0.0126785,0
2.20141,-0.0589177,0.0126978,0
2.20245,-0.0589411,0.0127099,0
2.2034,-0.0589621,0.0127285,0
2.20443,-0.0589853,0.01274,0
2.20544,-0.0590033,0.0127442,0
2.20641,-0.0590267,0.0127661,0
2.20745,-0.0590482,0.0127862,0
2.20845,-0.0590731,0.0127547,0
2.20942,-0.0590989,0.0127687,0
2.21043,-0.0591233,0.0127812,0
2.21144,-0.0591455,0.0128011,0
2.21241,-0.0591726,0.0128136,0
2.21337,-0.0591894,0.012862,0
2.21451,-0.0592084,0.0128437,0
2.2155,-0.0592344,0.012859,0
2.2165,-0.0592622,0.0128699,0
2.21747,-0.0592813,0.0128876,0
2.21843,-0.0593066,0.01291,0
2.21946,-0.0593326,0.0129184,0
2.22046,-0.0593511,0.0128818,0
2.22148,-0.0593785,0.0129281,0
2.22244,-0.0593975,0.0129078,0
2.22343,-0.0594217,0.0129242,0
2.22455,-0.0594458,0.0129265,0
2.22547,-0.0594702,0.012948,0
2.22644,-0.0594969,0.0129693,0
2.22748,-0.059519,0.0129691,0
2.22842,-0.0595415,0.0129948,0
2.22942,-0.0595648,0.0129974,0
2.23043,-0.0595812,0.0130217,0
2.23145,-0.0596076,0.0130242,0
2.23244,-0.0596208,0.0130024,0
2.23342,-0.0596537,0.0130116,0
2.23448,-0.0596746,0.0130298,0
2.23544,-0.0596746,0.0130298,0
2.23641,-0.0596998,0.0130518,0
2.23761,-0.0597281,0.0130633,0
2.23848,-0.059753,0.0130716,0
2.23943,-0.0597783,0.0130985,0
2.24044,-0.0598141,0.013149,0
2.24156,-0.0598222,0.0131283,0
2.24258,-0.0598558,0.0131346,0
2.24356,-0.0598896,0.0131895,0
2.24454,-0.0599009,0.0131611,0
2.24606,-0.0599288,0.0131662,0
2.24647,-0.0599391,0.013132,0
2.24755,-0.0599712,0.0131478,0
2.24856,-0.0600103,0.0131989,0
2.2495,-0.0600181,0.0131784,0
2.25048,-0.0600615,0.0132262,0
2.25152,-0.0600675,0.0132031,0
2.25249,-0.0601116,0.0132512,0
2.25351,-0.0601135,0.0132267,0
2.25496,-0.0601468,0.0132332,0
2.25567,-0.0601869,0.0132912,0
2.25655,-0.0601755,0.0132109,0
2.25764,-0.0602094,0.0132197,0
2.25881,-0.0602536,0.0132752,0
2.25966,-0.0602817,0.0132827,0
2.26057,-0.0602845,0.0132534,0
2.26205,-0.060313,0.0132539,0
2.26244,-0.0603245,0.013279,0
2.26369,-0.0603606,0.0132892,0
2.26453,-0.0603795,0.0133024,0
2.26545,-0.0603861,0.0132678,0
2.26651,-0.0603861,0.0132678,0
2.2675,-0.0604357,0.013295,0
2.26847,-0.0604925,0.0133551,0
2.26949,-0.060512,0.0133655,0
2.27043,-0.0605357,0.0133807,0
2.27146,-0.0605357,0.0133807,0
2.27267,-0.0605608,0.0133877,0
2.27353,-0.0606087,0.0134083,0
2.2746,-0.0606087,0.0134083,0
2.27548,-0.0606143,0.0133712,0
2.27658,-0.0606344,0.0133772,0
2.27746,-0.060691,0.0134438,0
2.27847,-0.060689,0.0134026,0
2.27948,-0.0606882,0.0133636,0
2.28044,-0.0607478,0.0134191,0
2.28148,-0.0607391,0.0133902,0
2.28245,-0.0607739,0.0133976,0
2.28342,-0.0608297,0.0134628,0
2.28451,-0.0608218,0.0134254,0
2.28554,-0.0608539,0.0134381,0
2.28652,-0.060913,0.0134965,0
2.28753,-0.0609008,0.0134638,0
2.28844,-0.0609343,0.0134687,0
2.28946,-0.0609926,0.0135341,0
2.29053,-0.0609545,0.0134399,0
2.29141,-0.0609871,0.0134466,0
2.2924,-0.0610498,0.0135075,0
2.29344,-0.0610349,0.0134751,0
2.29447,-0.0610681,0.0134826,0
2.29543,-0.0611314,0.0135445,0
2.29641,-0.0611116,0.0135089,0
2.29737,-0.0612078,0.0135809,0
2.29842,-0.0612078,0.0135809,0
2.29942,-0.061191,0.0135372,0
2.30042,-0.0612216,0.0135476,0
2.30148,-0.0612882,0.0136085,0
2.30241,-0.0612371,0.0135154,0
2.3034,-0.0612705,0.0135141,0
2.3044,-0.0613374,0.0135839,0
2.30542,-0.0613183,0.0135408,0
2.30645,-0.0613492,0.0135522,0
2.30741,-0.0614193,0.0136149,0
2.3085,-0.0613962,0.013576,0
2.30944,-0.0614288,0.0135796,0
2.31046,-0.0614983,0.0136492,0
2.3115,-0.0614753,0.0136017,0
2.31247,-0.0615055,0.0136112,0
2.31346,-0.0615785,0.0136744,0
2.31441,-0.0615465,0.0135733,0
2.31539,-0.0615465,0.0135733,0
2.31652,-0.0615741,0.0135893,0
2.31757,-0.0616059,0.0135987,0
2.31858,-0.0616795,0.0136704,0
2.31988,-0.0617195,0.0136803,0
2.32046,-0.0616878,0.0136304,0
2.32145,-0.0617868,0.0137074,0
2.32249,-0.0617868,0.0137074,0
2.32347,-0.0617023,0.0135883,0
2.32452,-0.0617841,0.0136551,0
2.32546,-0.0617545,0.0136052,0
2.32644,-0.0617832,0.0136164,0
2.32746,-0.0618137,0.0136249,0
2.32853,-0.0618417,0.01364,0
2.32945,-0.061871,0.0136494,0
2.33052,-0.0619,0.0136581,0
2.33148,-0.0619273,0.0136718,0
2.33253,-0.0619591,0.0136786,0
2.33351,-0.0619994,0.0136944,0
2.33502,-0.0619672,0.0136354,0
2.33561,-0.0620521,0.0137072,0
2.33668,-0.0620958,0.0137195,0
2.33745,-0.062097,0.0137235,0
2.33843,-0.062097,0.0137235,0
2.33953,-0.0621219,0.0137292,0
2.34041,-0.0621441,0.013739,0
2.3419,-0.0621441,0.013739,0
2.34249,-0.0621441,0.013739,0
2.3436,-0.0621803,0.013751,0
2.34443,-0.0621803,0.013751,0
2.34545,-0.0621803,0.013751,0
2.34645,-0.0621803,0.013751,0
2.34744,-0.0622091,0.013755,0
2.34845,-0.0622091,0.013755,0
2.34947,-0.0622091,0.013755,0
2.35042,-0.0623285,0.0138848,0
2.35144,-0.0624543,0.0140187,0
2.35252,-0.0624543,0.0140187,0
2.35346,-0.0625291,0.0140938,0
2.35451,-0.0626067,0.0141526,0
2.35548,-0.0626505,0.0141668,0
2.35643,-0.0626743,0.0141552,0
2.35748,-0.0626935,0.0141517,0
2.35877,-0.0627139,0.0141419,0
2.35955,-0.0627327,0.0141395,0
2.36052,-0.0627539,0.014131,0
2.36146,-0.0627736,0.0141297,0
2.36249,-0.0627955,0.0141222,0
2.36348,-0.0628158,0.0141218,0
2.36455,-0.0628384,0.0141152,0
2.36541,-0.0628593,0.0141156,0
2.36644,-0.0628823,0.0141096,0
2.36742,-0.0628498,0.0140485,0
2.36846,-0.0628711,0.0140379,0
2.36949,-0.0628932,0.014041,0
2.37044,-0.0629438,0.0140507,0
2.37141,-0.0630127,0.0141132,0
2.37242,-0.0629569,0.0140416,0
2.37351,-0.0629806,0.0140352,0
2.37441,-0.0629806,0.0140352,0
2.37551,-0.0630279,0.0140361,0
2.37665,-0.0630513,0.0140405,0
2.37783,-0.0630768,0.0140382,0
2.37917,-0.0630768,0.0140382,0
2.37943,-0.0632029,0.0141125,0
2.38043,-0.0630836,0.0139814,0
2.3814,-0.0631053,0.0139684,0
2.38246,-0.0631283,0.013973,0
2.38363,-0.0631546,0.0139734,0
2.38447,-0.0631791,0.0139798,0
2.38549,-0.0632055,0.0139794,0
2.38646,-0.0632055,0.0139794,0
2.38751,-0.0632275,0.013985,0
2.38844,-0.0632562,0.0139847,0
2.38943,-0.0632779,0.01399,0
2.39049,-0.0632148,0.0139118,0
2.39146,-0.0633614,0.0139944,0
2.39246,-0.0633614,0.0139944,0
2.3934,-0.0633249,0.0139246,0
2.39454,-0.0633249,0.0139246,0
2.39592,-0.0633531,0.013933,0
2.39668,-0.0633849,0.013935,0
2.39743,-0.0634373,0.0139553,0
2.39849,-0.0635549,0.0140307,0
2.3999,-0.0634802,0.01396,0
2.40064,-0.0635037,0.0139538,0
2.40272,-0.0634583,0.0138754,0
2.4038,-0.0635788,0.0139622,0
2.40532,-0.0635095,0.0138881,0
2.40636,-0.0635646,0.0139048,0
2.40659,-0.0635559,0.0138876,0
2.4076,-0.0635825,0.0138971,0
2.40871,-0.0636128,0.0138981,0
2.40944,-0.0636412,0.0139056,0
2.41049,-0.0636992,0.0139218,0
2.41143,-0.0637198,0.0139196,0
2.41242,-0.0637422,0.0139248,0
2.41342,-0.0637651,0.0139225,0
2.41443,-0.0637862,0.0139266,0
2.41542,-0.0638092,0.0139241,0
2.41647,-0.0638251,0.0139281,0
2.41749,-0.0638837,0.0139413,0
2.41843,-0.0639681,0.0140077,0
2.41947,-0.0638868,0.0139266,0
2.42049,-0.0639057,0.0139248,0
2.42141,-0.063928,0.0139205,0
2.42245,-0.0639499,0.0139246,0
2.42348,-0.0639,0.0138548,0
2.42455,-0.0639,0.0138548,0
2.42543,-0.0639411,0.0138508,0
2.42643,-0.0639634,0.0138563,0
2.4274,-0.0639875,0.0138548,0
2.42842,-0.0640098,0.0138596,0
2.42941,-0.0640339,0.0138578,0
2.4304,-0.0640561,0.0138623,0
2.43142,-0.0640801,0.0138601,0
2.43242,-0.0641022,0.0138643,0
2.43343,-0.0641261,0.0138617,0
2.43441,-0.0641481,0.0138656,0
2.43542,-0.0641719,0.0138628,0
2.43641,-0.0641155,0.0137986,0
2.43758,-0.0641334,0.0137895,0
2.43869,-0.0641552,0.0137941,0
2.43943,-0.064179,0.0137927,0
2.4404,-0.0642009,0.0137975,0
2.44144,-0.0642246,0.0137955,0
2.4424,-0.0642464,0.0137999,0
2.44343,-0.06427,0.0137976,0
2.44442,-0.0642918,0.0138017,0
2.4454,-0.0643153,0.013799,0
2.44642,-0.0643369,0.0138027,0
2.44743,-0.0643369,0.0138027,0
2.44872,-0.0644152,0.0138154,0
2.44945,-0.0643149,0.0137304,0
2.45041,-0.0643352,0.0137252,0
2.45143,-0.0643553,0.0137286,0
2.45244,-0.0643788,0.0137269,0
2.45346,-0.0644005,0.0137313,0
2.45443,-0.064424,0.013729,0
2.45543,-0.0644456,0.0137331,0
2.45643,-0.0644689,0.0137305,0
2.45743,-0.0644904,0.0137342,0
2.45843,-0.0644281,0.0136621,0
2.45947,-0.0644425,0.0136592,0
2.46045,-0.0644655,0.013657,0
2.46143,-0.0644867,0.0136619,0
2.4625,-0.0645097,0.0136598,0
2.46346,-0.0645722,0.0136825,0
2.46447,-0.0645879,0.0136764,0
2.46544,-0.0645879,0.0136764,0
2.46643,-0.064618,0.0136681,0
2.46742,-0.0646851,0.0136964,0
2.46866,-0.0646509,0.0136674,0
2.46946,-0.0644524,0.0135131,0
2.47047,-0.0645517,0.0135682,0
2.47142,-0.0645801,0.0135797,0
2.47243,-0.0646064,0.0135798,0
2.47342,-0.0646702,0.0136031,0
2.47448,-0.0646447,0.0135787,0
2.47552,-0.0646447,0.0135787,0
2.47642,-0.0646959,0.0135826,0
2.47744,-0.064717,0.0135866,0
2.47841,-0.0646497,0.0135141,0
2.47947,-0.0646641,0.0135115,0
2.4805,-0.064689,0.0135099,0
2.48142,-0.064689,0.0135099,0
2.48241,-0.0647342,0.0135132,0
2.48345,-0.0647545,0.0135173,0
2.48443,-0.0649158,0.0136052,0
2.48581,-0.064799,0.0135215,0
2.4868,-0.064818,0.0135136,0
2.48785,-0.0648388,0.013516,0
2.48842,-0.0648604,0.0135131,0
2.4894,-0.0648814,0.0135164,0
2.49042,-0.0648086,0.0134443,0
2.49143,-0.0648223,0.0134358,0
2.49242,-0.0648427,0.0134395,0
2.49342,-0.0648648,0.0134374,0
2.49443,-0.0648851,0.0134412,0
2.49568,-0.0649071,0.0134384,0
2.49642,-0.0649071,0.0134384,0
2.49751,-0.0649502,0.0134389,0
2.49845,-0.064969,0.0134417,0
2.49943,-0.0649906,0.0134381,0
2.50042,-0.0650104,0.0134408,0
2.50145,-0.0650317,0.0134369,0
2.50241,-0.0650317,0.0134369,0
2.50342,-0.0649528,0.0133682,0
2.5044,-0.0649528,0.0133682,0
2.50542,-0.0649143,0.0133351,0
2.5064,-0.0650909,0.013435,0
2.50741,-0.0650695,0.0134161,0
2.50837,-0.0650695,0.0134161,0
2.5094,-0.065272,0.0135145,0
2.51043,-0.0652922,0.0135154,0
2.51141,-0.0653121,0.0135083,0
2.51243,-0.06533,0.0135076,0
2.51346,-0.0653484,0.0135003,0
2.5145,-0.0653484,0.0135003,0
2.51549,-0.0652822,0.0134203,0
2.51643,-0.0652895,0.0134125,0
2.51741,-0.0653077,0.0134057,0
2.51841,-0.0653241,0.013406,0
2.51941,-0.0653421,0.0133996,0
2.52042,-0.065359,0.0133995,0
2.52142,-0.065376,0.0133927,0
2.52241,-0.0654487,0.0134176,0
2.52341,-0.0654015,0.0133818,0
2.52441,-0.0653168,0.0133109,0
2.52536,-0.0653225,0.0132964,0
2.52654,-0.0653379,0.0132963,0
2.52742,-0.0653557,0.0132908,0
2.52845,-0.0653718,0.0132913,0
2.52944,-0.0654455,0.01331,0
2.53047,-0.0653961,0.0132815,0
2.53154,-0.0654746,0.013302,0
2.53252,-0.0654216,0.0132721,0
2.53345,-0.065501,0.0132946,0
2.5345,-0.0652836,0.0131617,0
2.53543,-0.0652836,0.0131617,0
2.53647,-0.0653794,0.0131811,0
2.53745,-0.0653794,0.0131811,0
2.53843,-0.065336,0.013157,0
2.53943,-0.0653719,0.0131536,0
2.5404,-0.0653961,0.0131509,0
2.54149,-0.0654154,0.013153,0
2.54249,-0.0654362,0.0131487,0
2.54395,-0.0654551,0.0131504,0
2.54443,-0.0654752,0.0131456,0
2.54543,-0.0654933,0.0131467,0
2.54642,-0.0655126,0.0131413,0
2.54741,-0.0654199,0.0130699,0
2.54846,-0.0654274,0.0130572,0
2.54946,-0.0654456,0.0130594,0
2.5504,-0.0654635,0.0130546,0
2.55143,-0.0654793,0.0130555,0
2.55246,-0.0654965,0.01305,0
2.55339,-0.0654965,0.01305,0
2.55444,-0.0655288,0.0130445,0
2.55542,-0.0655438,0.0130447,0
2.55646,-0.0655668,0.0130386,0
2.55743,-0.0655815,0.0130384,0
2.55842,-0.0656614,0.0130589,0
2.55951,-0.0656614,0.0130589,0
2.56062,-0.0654908,0.0129556,0
2.56143,-0.0654976,0.0129426,0
2.56243,-0.065513,0.0129436,0
2.56355,-0.0655285,0.012938,0
2.56448,-0.0655421,0.0129381,0
2.56543,-0.0655572,0.0129319,0
2.56642,-0.0657492,0.0130308,0
2.56758,-0.0655889,0.0129285,0
2.56841,-0.0655914,0.0129201,0
2.56951,-0.0655914,0.0129201,0
2.57046,-0.0656245,0.0129169,0
2.57142,-0.0656282,0.012902,0
2.57245,-0.0657095,0.0129296,0
2.57344,-0.0657095,0.0129296,0
2.57442,-0.065899,0.01302,0
2.57543,-0.065899,0.01302,0
2.5765,-0.0656659,0.0128768,0
2.57743,-0.0658645,0.012977,0
2.57846,-0.0658838,0.0129741,0
2.57947,-0.0658938,0.0129706,0
2.58044,-0.0659025,0.0129611,0
2.58149,-0.0657943,0.0128789,0
2.58242,-0.0657897,0.0128671,0
2.58344,-0.0657983,0.0128566,0
2.58448,-0.0658054,0.0128529,0
2.58545,-0.0658142,0.0128429,0
2.58644,-0.0658215,0.012839,0
2.58748,-0.0658304,0.0128291,0
2.58843,-0.0658378,0.0128252,0
2.58943,-0.0658469,0.0128152,0
2.59043,-0.0658544,0.0128112,0
2.59141,-0.0658634,0.0128012,0
2.59243,-0.0658709,0.0127972,0
2.5935,-0.0658709,0.0127972,0
2.59445,-0.0657683,0.0127107,0
2.59546,-0.0657683,0.0127107,0
2.59655,-0.065771,0.0126898,0
2.59746,-0.065771,0.0126898,0
2.59872,-0.0657793,0.0126806,0
2.59949,-0.0657856,0.0126774,0
2.60053,-0.0658679,0.0126982,0
2.60148,-0.0658678,0.0126918,0
2.60244,-0.0659468,0.0127109,0
2.60351,-0.0656689,0.0125687,0
2.60446,-0.0657486,0.012585,0
2.60551,-0.0658223,0.0126097,0
2.60641,-0.0658568,0.0126345,0
2.60747,-0.0659512,0.012668,0
2.60848,-0.0657537,0.0125523,0
2.60941,-0.0660674,0.0127169,0
2.61057,-0.0655706,0.0124381,0
2.6114,-0.0656238,0.012447,0
2.61244,-0.0657502,0.0125093,0
2.61347,-0.0660869,0.0126873,0
2.61444,-0.0657861,0.0125114,0
2.61543,-0.0655723,0.0123928,0
2.61643,-0.0657704,0.0124825,0
2.61742,-0.0658623,0.0125165,0
2.61847,-0.0655791,0.0123684,0
2.61948,-0.0656603,0.0123922,0
2.62041,-0.0657834,0.012453,0
2.62149,-0.0660045,0.0125594,0
2.62244,-0.0660938,0.0125844,0
2.6235,-0.0656079,0.0123395,0
2.62455,-0.0656039,0.012319,0
2.62542,-0.0656946,0.0123499,0
2.62641,-0.0656142,0.0123086,0
2.6275,-0.0657068,0.0123344,0
2.62845,-0.0655085,0.0122293,0
2.62953,-0.0655911,0.0122472,0
2.63043,-0.0656353,0.0122838,0
2.63147,-0.0654633,0.0121852,0
2.63244,-0.0656678,0.012281,0
2.63348,-0.0656895,0.0122803,0
2.63444,-0.0657023,0.0122806,0
2.63545,-0.0655905,0.0122021,0
2.63643,-0.0655905,0.0122021,0
2.63743,-0.0656776,0.0122174,0
2.63841,-0.0656748,0.0122121,0
2.63943,-0.06568,0.0122026,0
2.64041,-0.0658089,0.01227,0
2.64143,-0.0656199,0.0121643,0
2.64243,-0.0656199,0.0121643,0
2.64344,-0.0656246,0.0121468,0
2.64447,-0.0656331,0.0121454,0
2.64544,-0.0656427,0.0121378,0
2.64661,-0.0656507,0.0121359,0
2.64741,-0.0656599,0.012128,0
2.64841,-0.0655429,0.0120553,0
2.64942,-0.0655369,0.0120401,0
2.65046,-0.0655429,0.0120377,0
2.65141,-0.0655502,0.01203,0
2.65243,-0.0655559,0.0120279,0
2.65343,-0.065563,0.0120199,0
2.65446,-0.0655685,0.0120176,0
2.65545,-0.0655754,0.0120094,0
2.65647,-0.0655754,0.0120094,0
2.65742,-0.0655874,0.0119985,0
2.65841,-0.0655926,0.0119958,0
2.65944,-0.0654739,0.0119172,0
2.66075,-0.065482,0.011813,0
2.6616,-0.0650015,0.0115878,0
2.66272,-0.0648516,0.0115463,0
2.66346,-0.0648865,0.0115392,0
2.66453,-0.0648865,0.0115392,0
2.66553,-0.0648356,0.0115047,0
2.66641,-0.0648906,0.0114971,0
2.66747,-0.0650089,0.0115249,0
2.66851,-0.0650089,0.0115249,0
2.66948,-0.0648664,0.0114249,0
2.67046,-0.0648842,0.0114203,0
2.67149,-0.0649069,0.0114111,0
2.67254,-0.0651196,0.0114999,0
2.67344,-0.0649536,0.0114046,0
2.67443,-0.0649573,0.0113961,0
2.67546,-0.0649778,0.0113855,0
2.67642,-0.0649948,0.0113849,0
2.67742,-0.065012,0.0113733,0
2.6785,-0.0650266,0.0113722,0
2.6794,-0.0650424,0.01136,0
2.68044,-0.0650557,0.0113586,0
2.68144,-0.0650711,0.0113463,0
2.68242,-0.0650828,0.0113445,0
2.68343,-0.0649968,0.0112796,0
2.68445,-0.0649992,0.0112723,0
2.68556,-0.0650118,0.0112603,0
2.68648,-0.0650189,0.0112582,0
2.68745,-0.0650287,0.0112452,0
2.68843,-0.0650359,0.011243,0
2.68944,-0.0650433,0.0112297,0
2.69045,-0.0651536,0.0112649,0
2.69143,-0.0650586,0.0112131,0
2.69241,-0.0650586,0.0112131,0
2.69355,-0.0650688,0.0111957,0
2.69441,-0.0650688,0.0111957,0
2.69547,-0.065075,0.0111935,0
2.69642,-0.0649907,0.0111261,0
2.69743,-0.0649883,0.011107,0
2.69846,-0.0649923,0.0111051,0
2.69952,-0.0649974,0.0110917,0
2.7005,-0.0651047,0.0111265,0
2.70143,-0.0651068,0.0111117,0
2.70251,-0.0649962,0.0110689,0
2.70346,-0.0649968,0.0110538,0
2.7045,-0.0651042,0.011089,0
2.70547,-0.0652075,0.0111259,0
2.70651,-0.0652075,0.0111259,0
2.70745,-0.0649019,0.0109652,0
2.70848,-0.0648948,0.0109577,0
2.70943,-0.0648998,0.0109454,0
2.71044,-0.0650069,0.0109804,0
2.71144,-0.0648987,0.0109286,0
2.71242,-0.0648951,0.010925,0
2.71341,-0.0648977,0.0109116,0
2.71445,-0.0648982,0.0109095,0
2.71542,-0.0649014,0.0108963,0
2.71649,-0.064902,0.0108941,0
2.71751,-0.064902,0.0108941,0
2.71847,-0.0649056,0.0108786,0
2.71945,-0.0648113,0.0108148,0
2.72045,-0.0648113,0.0108148,0
2.72141,-0.0649101,0.0108308,0
2.72242,-0.0649101,0.0108308,0
2.72342,-0.0648987,0.010812,0
2.72439,-0.0648987,0.010812,0
2.72545,-0.0648868,0.0108069,0
2.72642,-0.0648804,0.0107911,0
2.72755,-0.0646441,0.0106933,0
2.72849,-0.064739,0.0107301,0
2.72946,-0.0647835,0.0107354,0
2.73048,-0.0647084,0.0107216,0
2.73151,-0.0648574,0.0107571,0
2.73245,-0.06478,0.0107401,0
2.73366,-0.0648148,0.0107446,0
2.73444,-0.0648148,0.0107446,0
2.73544,-0.064841,0.0107557,0
2.73672,-0.0648516,0.0107257,0
2.7375,-0.0650601,0.0108176,0
2.73863,-0.0650601,0.0108176,0
2.73947,-0.0649771,0.0107909,0
2.7405,-0.0647512,0.0106926,0
2.74146,-0.0647574,0.0106985,0
2.7424,-0.0647627,0.0106975,0
2.74335,-0.0647623,0.0107009,0
2.74442,-0.0647474,0.0106918,0
2.7454,-0.0650729,0.0106592,0
2.74636,-0.0650729,0.0106592,0
2.74744,-0.0648284,0.0105851,0
2.74841,-0.0646278,0.0104933,0
2.74941,-0.0645372,0.0104675,0
2.75046,-0.0644718,0.0104461,0
2.75141,-0.0645066,0.0104579,0
2.7524,-0.0643406,0.01041,0
2.75351,-0.0643894,0.0104253,0
2.75448,-0.0642337,0.0103804,0
2.75541,-0.0641912,0.0103717,0
2.75643,-0.064152,0.0103586,0
2.75745,-0.0641149,0.0103523,0
2.75842,-0.0640821,0.0103414,0
2.75939,-0.0640821,0.0103414,0
2.76038,-0.0639297,0.0102738,0
2.76145,-0.0638625,0.0102562,0
2.76238,-0.0638625,0.0102562,0
2.76349,-0.0638177,0.0102475,0
2.7644,-0.0637991,0.0102413,0
2.76541,-0.0637813,0.0102408,0
2.76649,-0.0637666,0.0102355,0
2.76742,-0.0637523,0.0102359,0
2.76846,-0.0637408,0.0102313,0
2.76944,-0.0637408,0.0102313,0
2.77042,-0.0637294,0.0102324,0
2.77145,-0.0637997,0.0102554,0
2.77247,-0.0636965,0.010224,0
2.77343,-0.0635723,0.0101638,0
2.77445,-0.0635517,0.0101542,0
2.77542,-0.0635477,0.0101576,0
2.77636,-0.0635439,0.0101552,0
2.77747,-0.0635392,0.0101581,0
2.77844,-0.0635365,0.0101557,0
2.77941,-0.0635333,0.0101586,0
2.78044,-0.0635318,0.0101563,0
2.78146,-0.0635298,0.0101594,0
2.78243,-0.0635293,0.0101571,0
2.78349,-0.0635281,0.0101601,0
2.78441,-0.0635284,0.0101578,0
2.78547,-0.0635279,0.0101607,0
2.78646,-0.0634109,0.0100973,0
2.78758,-0.0634109,0.0100973,0
2.78837,-0.0633976,0.0100925,0
2.78946,-0.0636447,0.011096,0
2.79045,-0.0636447,0.011096,0
2.79148,-0.0635296,0.0111653,0
2.79243,-0.0635296,0.0111653,0
2.79342,-0.0635942,0.0111636,0
2.79467,-0.0635811,0.0111715,0
2.79555,-0.0635811,0.0111715,0
2.79641,-0.0634734,0.0112103,0
2.79742,-0.0633396,0.0110805,0
2.79848,-0.0634036,0.0110685,0
2.79945,-0.0633133,0.0110963,0
2.80045,-0.0633091,0.0111078,0
2.80142,-0.0633062,0.0111144,0
2.80247,-0.0633025,0.0111254,0
2.80362,-0.0633025,0.0111254,0
2.80457,-0.0632918,0.0111405,0
2.80547,-0.0632875,0.0111429,0
2.80658,-0.0632875,0.0111429,0
2.80753,-0.0635032,0.0112742,0
2.80836,-0.0633737,0.0111463,0
2.80968,-0.0633737,0.0111463,0
2.81046,-0.0631398,0.0110199,0
2.81142,-0.0631241,0.0110223,0
2.81253,-0.0632111,0.0110117,0
2.81347,-0.0631225,0.0110366,0
2.81443,-0.0632072,0.0110258,0
2.81544,-0.0631132,0.0110473,0
2.81652,-0.0632025,0.0110382,0
2.81751,-0.0631074,0.0110551,0
2.81838,-0.063323,0.0111751,0
2.81971,-0.0631153,0.0110624,0
2.82088,-0.0633117,0.0111273,0
2.82138,-0.062986,0.0109122,0
2.82243,-0.0630531,0.010908,0
2.8235,-0.0629441,0.0108128,0
2.82474,-0.0629378,0.0107692,0
2.82563,-0.0631433,0.0108445,0
2.82641,-0.062942,0.0106999,0
2.82755,-0.0629231,0.0106587,0
2.82843,-0.0631284,0.0107309,0
2.82953,-0.0631385,0.0107055,0
2.83052,-0.0629199,0.0105596,0
2.83151,-0.063117,0.0106324,0
2.83257,-0.0631275,0.0106037,0
2.83346,-0.062908,0.0104682,0
2.83447,-0.0629956,0.0104785,0
2.83547,-0.06299,0.0104518,0
2.83649,-0.0627728,0.010317,0
2.83753,-0.0628598,0.0103331,0
2.8389,-0.0627553,0.0102611,0
2.83941,-0.0627515,0.0102397,0
2.84059,-0.062851,0.0102579,0
2.84144,-0.0627439,0.0101955,0
2.84242,-0.0629571,0.0102719,0
2.84344,-0.0627559,0.0101589,0
2.84445,-0.0627373,0.0101288,0
2.84546,-0.0628374,0.0101544,0
2.84643,-0.062835,0.0101326,0
2.8475,-0.0626196,0.0100168,0
2.84844,-0.0626015,0.00998984,0
2.84947,-0.0628113,0.0100731,0
2.85055,-0.0626129,0.0099637,0
2.85191,-0.0625916,0.00994277,0
2.8525,-0.0628031,0.0100213,0
2.85351,-0.0626029,0.00991903,0
2.85444,-0.0625822,0.00989563,0
2.8555,-0.0627941,0.00997572,0
2.85654,-0.0625929,0.00987524,0
2.85745,-0.0625721,0.00985142,0
2.85849,-0.0626756,0.00987946,0
2.85948,-0.0624595,0.00976957,0
2.86053,-0.0624377,0.00975265,0
2.86143,-0.0626462,0.00983138,0
2.86251,-0.062444,0.00973519,0
2.86358,-0.0624212,0.00971352,0
2.86446,-0.062629,0.00979759,0
2.86549,-0.0624274,0.00969757,0
2.86653,-0.0624034,0.00968175,0
2.86751,-0.0626129,0.00976107,0
2.86854,-0.0624094,0.00966717,0
2.86954,-0.0623861,0.00964687,0
2.87045,-0.062489,0.00967592,0
2.87159,-0.062271,0.00957228,0
2.87254,-0.0622467,0.00955845,0
2.87365,-0.0624523,0.00963709,0
2.87449,-0.0622483,0.00954648,0
2.87548,-0.0622232,0.00952764,0
2.87653,-0.062428,0.00961145,0
2.87754,-0.0622248,0.00951659,0
2.87847,-0.0621986,0.00950328,0
2.87946,-0.0624049,0.00958225,0
2.88043,-0.0622002,0.00949309,0
2.88153,-0.0621748,0.00947508,0
2.88243,-0.0622739,0.00950454,0
2.88356,-0.06237,0.00952772,0
2.88456,-0.0620382,0.00939699,0
2.88546,-0.0620124,0.00937913,0
2.88657,-0.0622143,0.00946249,0
2.88753,-0.0620111,0.00937146,0
2.88848,-0.0619835,0.00935984,0
2.88943,-0.0621864,0.00943811,0
2.89044,-0.0619821,0.00935248,0
2.89147,-0.0619555,0.00933605,0
2.89244,-0.0621576,0.00941943,0
2.89397,-0.061954,0.00932911,0
2.89455,-0.061926,0.00931785,0
2.89579,-0.0621293,0.00939624,0
2.89664,-0.0618232,0.00925802,0
2.8977,-0.0617811,0.00923621,0
2.89857,-0.0619807,0.00931895,0
2.89952,-0.0617771,0.00923078,0
2.90044,-0.0617472,0.00922014,0
2.90146,-0.061946,0.00929733,0
2.90251,-0.0617412,0.00921437,0
2.90343,-0.0617126,0.00919889,0
2.90448,-0.0618117,0.00922833,0
2.90545,-0.0616892,0.00918774,0
2.90642,-0.0618861,0.00926905,0
2.90744,-0.0615824,0.0091283,0
2.90843,-0.0615382,0.00911255,0
2.9094,-0.0617351,0.00918926,0
2.91041,-0.0615287,0.00910858,0
2.91143,-0.0617069,0.00917853,0
2.91241,-0.0617025,0.00917947,0
2.91342,-0.0616919,0.00917106,0
2.91446,-0.0614675,0.00908181,0
2.91542,-0.0616484,0.00915237,0
2.91646,-0.0616474,0.00915386,0
2.91751,-0.061426,0.00906255,0
2.91843,-0.0616066,0.00913401,0
2.91945,-0.0616031,0.0091357,0
2.92043,-0.0614945,0.00907599,0
2.92141,-0.0614945,0.00907599,0
2.92253,-0.0614667,0.00906607,0
2.92344,-0.0613393,0.00902483,0
2.92451,-0.0615299,0.00910505,0
2.92555,-0.0615299,0.00910222,0
2.92655,-0.0613083,0.00901504,0
2.92744,-0.0614889,0.00908536,0
2.92846,-0.0614855,0.00908711,0
2.92943,-0.061473,0.00907918,0
2.93048,-0.0614574,0.00907487,0
2.93142,-0.061442,0.00906563,0
2.93242,-0.0614279,0.00906132,0
2.9335,-0.0611122,0.00891774,0
2.93446,-0.0612778,0.0089869,0
2.93543,-0.0610717,0.00890253,0
2.93643,-0.0612442,0.00897593,0
2.93743,-0.0612437,0.00897267,0
2.93841,-0.0610269,0.00888784,0
2.93942,-0.0612074,0.00895707,0
2.94047,-0.0611994,0.0089586,0
2.94143,-0.061184,0.0089507,0
2.94242,-0.0611718,0.00894686,0
2.94343,-0.0610658,0.00888827,0
2.94442,-0.0610494,0.0088804,0
2.94544,-0.0610595,0.00887364,0
2.9465,-0.0611219,0.00887734,0
2.94742,-0.0616185,0.00893341,0
2.94855,-0.063694,0.00922733,0
2.94948,-0.0643579,0.00928232,0
2.95038,-0.0645897,0.00929368,0
2.95145,-0.0646601,0.00927972,0
2.95242,-0.0647205,0.00927482,0
2.9534,-0.0647783,0.00926125,0
2.95441,-0.0648261,0.00925542,0
2.95544,-0.0648676,0.00924036,0
2.95642,-0.0646604,0.00916035,0
2.95741,-0.064611,0.00913256,0
2.95855,-0.064611,0.00913256,0
2.9594,-0.0646524,0.00911049,0
2.96042,-0.0646725,0.0091041,0
2.9615,-0.0646856,0.00908875,0
2.96242,-0.0646786,0.00907896,0
2.96343,-0.0646087,0.00905424,0
2.9645,-0.0645915,0.00904442,0
2.9654,-0.0644414,0.00901222,0
2.96641,-0.0641868,0.00897509,0
2.96753,-0.0641868,0.00897509,0
2.96841,-0.063638,0.00885145,0
2.96946,-0.0634222,0.0088117,0
2.97043,-0.0632316,0.00878542,0
2.97141,-0.0632316,0.00878542,0
2.97242,-0.0628868,0.00873485,0
2.97344,-0.0627306,0.00870981,0
2.97445,-0.0627306,0.00870981,0
2.97544,-0.0624465,0.00866985,0
2.97642,-0.0623146,0.00865457,0
2.97749,-0.0621907,0.00863539,0
2.97842,-0.0620699,0.00862247,0
2.97941,-0.0619585,0.00860542,0
2.9804,-0.0618539,0.00859424,0
2.98141,-0.0619974,0.00865994,0
2.98244,-0.0615779,0.0085253,0
2.98348,-0.0615779,0.0085253,0
2.98453,-0.0614618,0.00850073,0
2.98545,-0.0612216,0.0084612,0
2.98641,-0.0611418,0.0084502,0
2.98746,-0.0610687,0.0084457,0
2.98845,-0.0609966,0.00843662,0
2.98945,-0.0611514,0.00850904,0
2.99051,-0.0608748,0.00842943,0
2.99144,-0.060793,0.00841513,0
2.99252,-0.0608664,0.00844137,0
2.99348,-0.0610229,0.00850882,0
2.99451,-0.0611041,0.00853792,0
2.99549,-0.0608166,0.00845035,0
2.9965,-0.0607436,0.00843935,0
2.99742,-0.0603214,0.0083207,0
2.9985,-0.0604678,0.00838753,0
2.99942,-0.0602178,0.00831075,0
3.00043,-0.060364,0.00837784,0
3.00145,-0.0601231,0.00830174,0
3.00248,-0.0600606,0.00829417,0
3.00352,-0.0602221,0.0083619,0
3.00447,-0.0599889,0.00829223,0
3.0055,-0.0599306,0.00827992,0
3.0064,-0.0600146,0.00830667,0
3.00745,-0.059776,0.00822785,0
3.00852,-0.0597194,0.00822112,0
3.00959,-0.0598015,0.0082424,0
3.01057,-0.0599506,0.00831307,0
3.0114,-0.0597241,0.00823879,0
3.01291,-0.0597918,0.00825805,0
3.0137,-0.0595078,0.00819589,0
3.01449,-0.0594655,0.00819384,0
3.01546,-0.0596241,0.00826008,0
3.01652,-0.0594203,0.00819371,0
3.01753,-0.0592992,0.00813805,0
3.01849,-0.0594452,0.00820405,0
3.01946,-0.0592368,0.00813376,0
3.02041,-0.0593783,0.00819831,0
3.02142,-0.0591719,0.00812715,0
3.02248,-0.0591247,0.00812092,0
3.02342,-0.0592799,0.00818599,0
3.02456,-0.0590781,0.00812087,0
3.02596,-0.0590335,0.00810985,0
3.02681,-0.0591162,0.00813554,0
3.02764,-0.0589073,0.0080613,0
3.02915,-0.058863,0.00805568,0
3.02951,-0.0590125,0.00811972,0
3.03067,-0.0589938,0.00812397,0
3.0315,-0.0587858,0.0080491,0
3.03262,-0.0587445,0.00804353,0
3.03341,-0.0588958,0.00810733,0
3.03465,-0.0589823,0.00813657,0
3.03544,-0.0587759,0.00806253,0
3.03644,-0.0587357,0.00805549,0
3.03752,-0.0588827,0.00811834,0
3.03846,-0.0585762,0.00802662,0
3.0394,-0.0586462,0.00804122,0
3.04058,-0.058725,0.00806629,0
3.04147,-0.0585185,0.00799133,0
3.0424,-0.0584779,0.0079849,0
3.04348,-0.0586227,0.00804659,0
3.04455,-0.0583265,0.00795796,0
3.04548,-0.0584598,0.00801472,0
3.04671,-0.0585493,0.00804377,0
3.04755,-0.058249,0.00794595,0
3.04844,-0.0583823,0.00800748,0
3.04947,-0.0583688,0.00800635,0
3.05044,-0.0584434,0.00803043,0
3.05144,-0.0582532,0.00795828,0
3.05245,-0.058219,0.00795209,0
3.05351,-0.0580293,0.00788015,0
3.05441,-0.0580936,0.00789972,0
3.05541,-0.0581334,0.00793652,0
3.05645,-0.0581206,0.00794091,0
3.05742,-0.0579341,0.00787058,0
3.05845,-0.0580641,0.00793135,0
3.05942,-0.0580514,0.00793092,0
3.06042,-0.0580296,0.00793108,0
3.0614,-0.0580073,0.00792551,0
3.06241,-0.0579843,0.00792468,0
3.0634,-0.0579624,0.00791916,0
3.0644,-0.0579396,0.00791825,0
3.0654,-0.057857,0.00787272,0
3.0664,-0.0576654,0.00779887,0
3.06742,-0.0577915,0.0078587,0
3.06844,-0.0577782,0.00785831,0
3.06945,-0.057756,0.00785845,0
3.0704,-0.0577335,0.00785292,0
3.07146,-0.0577105,0.00785216,0
3.07243,-0.0576885,0.00784675,0
3.07341,-0.0576659,0.00784596,0
3.0744,-0.0576444,0.00784052,0
3.07543,-0.0576221,0.0078397,0
3.07643,-0.0576009,0.00783423,0
3.07743,-0.0575789,0.00783336,0
3.0784,-0.057558,0.00782784,0
3.07944,-0.0576307,0.00785032,0
3.0805,-0.057455,0.00778083,0
3.08141,-0.0574224,0.00777491,0
3.08243,-0.057399,0.00776881,0
3.08344,-0.0573763,0.00776827,0
3.08441,-0.0573548,0.00776303,0
3.08546,-0.0573326,0.00776239,0
3.08643,-0.0573699,0.00779665,0
3.08745,-0.0572097,0.00773837,0
3.08846,-0.0572097,0.00773837,0
3.0894,-0.0571012,0.00768591,0
3.0904,-0.0571012,0.00768591,0
3.09142,-0.057085,0.00768274,0
3.09247,-0.0570654,0.00768386,0
3.09341,-0.0571918,0.00773999,0
3.09445,-0.0570379,0.00768419,0
3.09556,-0.0570087,0.00767428,0
3.09686,-0.0569887,0.00767465,0
3.09742,-0.0569716,0.00767071,0
3.09858,-0.0569533,0.00767115,0
3.09939,-0.056935,0.00766712,0
3.10039,-0.0568451,0.00762376,0
3.10147,-0.0568451,0.00762376,0
3.10238,-0.0568149,0.00761882,0
3.10338,-0.0567979,0.00761522,0
3.10445,-0.0567788,0.00761588,0
3.10551,-0.0567605,0.00761176,0
3.10644,-0.0567406,0.00761241,0
3.10745,-0.0568069,0.00762837,0
3.10846,-0.0568399,0.00766657,0
3.10942,-0.0566896,0.00760657,0
3.1105,-0.0566596,0.00760142,0
3.11139,-0.0567796,0.00765595,0
3.1125,-0.0567695,0.00766001,0
3.11342,-0.0566119,0.00759554,0
3.11441,-0.0566705,0.00761167,0
3.11559,-0.0567391,0.00762733,0
3.1164,-0.0564938,0.00754691,0
3.11745,-0.0564626,0.00753652,0
3.11844,-0.0564451,0.00753795,0
3.11942,-0.0565589,0.00759111,0
3.12057,-0.056547,0.00759521,0
3.12144,-0.0565281,0.00759036,0
3.12248,-0.0565081,0.00758905,0
3.12359,-0.0563546,0.00752583,0
3.12454,-0.0564596,0.0075788,0
3.1255,-0.0564492,0.00757769,0
3.12644,-0.056249,0.00748277,0
3.12751,-0.0563464,0.00752628,0
3.12848,-0.056206,0.00747452,0
3.1295,-0.0561766,0.00746546,0
3.13043,-0.0562862,0.00752166,0
3.13146,-0.0561495,0.0074665,0
3.13249,-0.0561199,0.00746185,0
3.13354,-0.0562298,0.00751318,0
3.13482,-0.0560937,0.00746271,0
3.13558,-0.0560655,0.00745339,0
3.13657,-0.0561733,0.00750929,0
3.13753,-0.0561638,0.00750902,0
3.13842,-0.0559721,0.00741649,0
3.13953,-0.0560648,0.00745858,0
3.14051,-0.0559299,0.0074085,0
3.14142,-0.0559013,0.00739968,0
3.14255,-0.0560056,0.00745438,0
3.14351,-0.0559942,0.00745484,0
3.14452,-0.0559749,0.00745495,0
3.14544,-0.0559555,0.00744967,0
3.14642,-0.0559355,0.00744909,0
3.1476,-0.0559165,0.00744393,0
3.1484,-0.0558973,0.00744308,0
3.14941,-0.0557138,0.00734892,0
3.15044,-0.0556807,0.00733724,0
3.15146,-0.055781,0.00739167,0
3.15244,-0.0557701,0.00739234,0
3.15357,-0.0557508,0.00739279,0
3.15446,-0.0557322,0.00738762,0
3.15544,-0.0555946,0.00733459,0
3.1565,-0.0556829,0.00737942,0
3.1574,-0.0556709,0.00738368,0
3.15842,-0.0556535,0.00737962,0
3.15943,-0.0556535,0.00737962,0
3.1604,-0.0556163,0.00737437,0
3.16142,-0.0555559,0.0073387,0
3.16239,-0.0555309,0.00732995,0
3.16348,-0.0555113,0.00732942,0
3.1644,-0.0553792,0.00727372,0
3.16542,-0.0554661,0.00732179,0
3.16643,-0.0555266,0.00733862,0
3.16741,-0.0555462,0.00737302,0
3.16842,-0.0554224,0.00732092,0
3.16942,-0.0553959,0.00731642,0
3.1704,-0.0553775,0.00731129,0
3.17143,-0.0553592,0.0073115,0
3.17241,-0.0553592,0.0073115,0
3.17341,-0.0553239,0.00730709,0
3.17443,-0.0553069,0.00730257,0
3.17539,-0.0552498,0.00726827,0
3.17645,-0.0553358,0.00731061,0
3.17741,-0.0552139,0.00726339,0
3.1784,-0.055189,0.00725496,0
3.17943,-0.0551694,0.00725464,0
3.18044,-0.0551519,0.00725062,0
3.18144,-0.0551337,0.00725101,0
3.1824,-0.0551168,0.00724655,0
3.1834,-0.0550986,0.00724718,0
3.18441,-0.0550818,0.00724295,0
3.18541,-0.0550644,0.00724295,0
3.18644,-0.0550474,0.00723895,0
3.18745,-0.0549937,0.00720495,0
3.18843,-0.0549708,0.00719719,0
3.18941,-0.0549525,0.00719721,0
3.19043,-0.054935,0.00719341,0
3.19151,-0.0549169,0.00719405,0
3.1924,-0.0548999,0.00719012,0
3.1934,-0.0548822,0.00719071,0
3.1944,-0.0548655,0.00718673,0
3.19543,-0.0548481,0.00718727,0
3.19645,-0.0548318,0.00718324,0
3.19742,-0.0548146,0.00718372,0
3.19856,-0.0547985,0.00717962,0
3.19942,-0.0547472,0.00714673,0
3.20049,-0.0547255,0.00713895,0
3.20142,-0.0547075,0.00713948,0
3.2027,-0.0547075,0.00713948,0
3.20354,-0.0546905,0.00713619,0
3.20442,-0.0547065,0.00717013,0
3.2057,-0.0546957,0.00717,0
3.20642,-0.054742,0.00718471,0
3.2076,-0.054742,0.00718471,0
3.2084,-0.0547727,0.00719479,0
3.20946,-0.0545962,0.00712812,0
3.21038,-0.0545962,0.00712812,0
3.2114,-0.0546502,0.00716597,0
3.21241,-0.0546986,0.0071839,0
3.21353,-0.0545233,0.00711773,0
3.21441,-0.0544666,0.00708049,0
3.21543,-0.054508,0.00708693,0
3.21644,-0.054426,0.00707339,0
3.2174,-0.054426,0.00707339,0
3.21841,-0.054482,0.00711592,0
3.21949,-0.0545288,0.00712868,0
3.22043,-0.0544518,0.00711572,0
3.22143,-0.0543737,0.00709732,0
3.2224,-0.0543737,0.00709732,0
3.22342,-0.0543115,0.00706117,0
3.22443,-0.05429,0.00705775,0
3.22542,-0.054334,0.00706685,0
3.22639,-0.0543464,0.00709911,0
3.22748,-0.054248,0.00705397,0
3.22845,-0.0542265,0.00705062,0
3.22942,-0.0542115,0.00704635,0
3.23041,-0.0541964,0.00704765,0
3.23143,-0.0541822,0.00704361,0
3.23241,-0.0542521,0.00708856,0
3.23352,-0.0541298,0.0070127,0
3.23442,-0.0541045,0.00700555,0
3.23541,-0.0541742,0.00704635,0
3.23652,-0.0541056,0.00703765,0
3.23742,-0.0541056,0.00703765,0
3.2386,-0.0539925,0.00699011,0
3.23942,-0.0539712,0.00698198,0
3.24044,-0.0539595,0.00698406,0
3.24143,-0.0539474,0.00698122,0
3.24243,-0.0539342,0.00698269,0
3.24358,-0.0539216,0.00698077,0
3.24447,-0.0539091,0.0069784,0
3.24541,-0.0538958,0.00697972,0
3.24642,-0.0538833,0.0069763,0
3.24744,-0.0538442,0.00694654,0
3.24839,-0.0538274,0.00693967,0
3.2495,-0.0538274,0.00693967,0
3.25041,-0.0538136,0.00694155,0
3.25143,-0.0538002,0.00693865,0
3.25242,-0.053786,0.0069401,0
3.25342,-0.0537729,0.00693722,0
3.25447,-0.0538338,0.00697973,0
3.25541,-0.053825,0.00697976,0
3.25641,-0.0538104,0.00698033,0
3.25741,-0.0537962,0.00697571,0
3.2584,-0.053781,0.00697573,0
3.2594,-0.0537668,0.00697118,0
3.26042,-0.0537277,0.0069408,0
3.26142,-0.0537097,0.00693295,0
3.26247,-0.0536937,0.00693319,0
3.26349,-0.0536788,0.00692931,0
3.26449,-0.0536629,0.00692954,0
3.26557,-0.0536629,0.00692954,0
3.26647,-0.0536483,0.00692548,0
3.26747,-0.053584,0.00691542,0
3.26848,-0.0535692,0.00691121,0
3.26952,-0.0535692,0.00691121,0
3.27039,-0.0535917,0.0069187,0
3.27153,-0.0535917,0.0069187,0
3.27248,-0.0535917,0.0069187,0
3.27342,-0.053579,0.00691957,0
3.27447,-0.0535872,0.00694521,0
3.27544,-0.0535131,0.00693261,0
3.27644,-0.0535208,0.00693304,0
3.27752,-0.0535089,0.0069329,0
3.27841,-0.0534847,0.00692812,0
3.27943,-0.0534728,0.00692338,0
3.28061,-0.0534728,0.00692338,0
3.28138,-0.0534272,0.00688901,0
3.28236,-0.0534272,0.00688901,0
3.28338,-0.0534108,0.00688558,0
3.2844,-0.0533984,0.00688196,0
3.28538,-0.0534498,0.00692137,0
3.28643,-0.0533752,0.00688115,0
3.28743,-0.0533555,0.00687662,0
3.28841,-0.0533435,0.00687274,0
3.28939,-0.0533936,0.00691168,0
3.29047,-0.0533203,0.00687164,0
3.29146,-0.0533011,0.0068673,0
3.29243,-0.0533326,0.00687239,0
3.29341,-0.0532567,0.00683424,0
3.29453,-0.0532374,0.00682564,0
3.29562,-0.0532855,0.00686476,0
3.29645,-0.0533191,0.0068736,0
3.29759,-0.0532431,0.00683563,0
3.29868,-0.0532865,0.00686576,0
3.29947,-0.0532118,0.00683038,0
3.30044,-0.0532104,0.00685045,0
3.30153,-0.0531369,0.00681566,0
3.30249,-0.0531195,0.00680743,0
3.30353,-0.0531474,0.00681652,0
3.30447,-0.0530946,0.00680409,0
3.30551,-0.0530614,0.006776,0
3.30648,-0.0531038,0.00680555,0
3.30748,-0.0530363,0.00677322,0
3.30845,-0.0530187,0.00676562,0
3.30951,-0.053061,0.00680252,0
3.31066,-0.0529958,0.00676606,0
3.3117,-0.0529777,0.00676293,0
3.31243,-0.0530039,0.00676685,0
3.31371,-0.0529529,0.00676024,0
3.31466,-0.052938,0.00675623,0
3.31577,-0.0529784,0.00679237,0
3.31646,-0.0529162,0.00675626,0
3.31746,-0.0529523,0.00678852,0
3.31863,-0.0528749,0.00672402,0
3.31949,-0.0528555,0.00671788,0
3.32046,-0.052895,0.00674938,0
3.32157,-0.0528333,0.00671946,0
3.32246,-0.0528168,0.00671216,0
3.32344,-0.0528547,0.00674798,0
3.32445,-0.052845,0.0067474,0
3.32543,-0.0527812,0.00671326,0
3.32647,-0.052816,0.00674058,0
3.32743,-0.0528054,0.00674405,0
3.32845,-0.0527437,0.0067055,0
3.32959,-0.0527769,0.0067372,0
3.33044,-0.0527672,0.00673594,0
3.33173,-0.052706,0.00670219,0
3.33243,-0.0527259,0.00670187,0
3.33342,-0.0527138,0.00670243,0
3.33479,-0.0526545,0.00666525,0
3.33543,-0.0526851,0.00669667,0
3.33642,-0.0526757,0.00669624,0
3.33742,-0.0526627,0.00669735,0
3.33843,-0.0526505,0.00669316,0
3.33942,-0.0526375,0.0066937,0
3.34041,-0.0526255,0.00668958,0
3.34141,-0.0526121,0.00668977,0
3.3424,-0.0525563,0.00665271,0
3.34343,-0.0525732,0.00665672,0
3.34441,-0.0525629,0.00665335,0
3.34541,-0.0525501,0.0066547,0
3.34641,-0.0525381,0.00665116,0
3.34742,-0.0525253,0.00665224,0
3.3485,-0.0525136,0.00664861,0
3.34939,-0.0525011,0.00664961,0
3.35042,-0.0524895,0.0066459,0
3.35141,-0.0524772,0.00664682,0
3.3524,-0.0524656,0.00664433,0
3.3534,-0.0524542,0.00664147,0
3.35441,-0.0524421,0.00664238,0
3.3554,-0.052431,0.0066385,0
3.35642,-0.0524179,0.00663924,0
3.35741,-0.052397,0.00660937,0
3.3584,-0.0523841,0.00660744,0
3.35941,-0.0523729,0.00660395,0
3.36047,-0.0523608,0.00660549,0
3.36145,-0.0523498,0.00660221,0
3.3624,-0.052338,0.00660352,0
3.36342,-0.0523272,0.00660013,0
3.36439,-0.0523156,0.00660135,0
3.3654,-0.052305,0.00659788,0
3.3664,-0.0522936,0.00659901,0
3.36741,-0.0522832,0.00659545,0
3.3684,-0.0522719,0.00659651,0
3.3694,-0.0522616,0.00659288,0
3.3704,-0.0522505,0.00659386,0
3.3714,-0.0522327,0.00656515,0
3.3724,-0.0522544,0.00659336,0
3.3734,-0.0522125,0.00656292,0
3.37441,-0.0521989,0.00656129,0
3.37541,-0.0521886,0.0065578,0
3.37652,-0.0521886,0.0065578,0
3.37741,-0.0521676,0.00655635,0
3.37843,-0.0521568,0.00655781,0
3.3794,-0.0521469,0.00655456,0
3.3804,-0.0521363,0.00655593,0
3.38142,-0.0521266,0.00655258,0
3.38242,-0.0521162,0.00655386,0
3.38344,-0.0521066,0.00655043,0
3.3844,-0.0520963,0.00655163,0
3.38552,-0.0520805,0.00652344,0
3.38646,-0.0520698,0.0065221,0
3.38745,-0.0520602,0.00651907,0
3.38845,-0.0520492,0.00652079,0
3.38948,-0.0520398,0.00651793,0
3.39045,-0.0520297,0.00651968,0
3.39142,-0.0520205,0.0065167,0
3.39241,-0.0520105,0.00651834,0
3.39341,-0.0520015,0.00651525,0
3.39445,-0.0519862,0.00649251,0
3.39547,-0.0519771,0.0064869,0
3.39657,-0.0519771,0.0064869,0
3.39815,-0.0519581,0.00648662,0
3.39895,-0.0519581,0.00648662,0
3.39945,-0.0519401,0.00648649,0
3.40044,-0.05193,0.00648822,0
3.4014,-0.0519454,0.00651235,0
3.40244,-0.0519454,0.00651235,0
3.40343,-0.0519038,0.00648411,0
3.40445,-0.0519038,0.00648411,0
3.40564,-0.0518723,0.00645923,0
3.40648,-0.051855,0.00645896,0
3.40752,-0.051855,0.00645896,0
3.40853,-0.0518455,0.00645331,0
3.40956,-0.0518574,0.00648136,0
3.41041,-0.0518309,0.0064563,0
3.41141,-0.0518399,0.00648055,0
3.4124,-0.0518406,0.00646149,0
3.41342,-0.0518167,0.0064538,0
3.41443,-0.0518055,0.00645516,0
3.41545,-0.0518055,0.00645516,0
3.41674,-0.051775,0.0064266,0
3.41742,-0.0517815,0.00642839,0
3.4185,-0.0517777,0.00644952,0
3.41942,-0.0517511,0.0064301,0
3.42045,-0.0517596,0.0064494,0
3.42144,-0.0517358,0.00642969,0
3.42242,-0.0517436,0.00644878,0
3.42342,-0.0517205,0.00642908,0
3.42445,-0.0517284,0.00644824,0
3.42544,-0.0517216,0.0064528,0
3.42644,-0.0517287,0.00645158,0
3.4275,-0.0517202,0.00643066,0
3.4284,-0.0517141,0.00642546,0
3.42943,-0.0516912,0.00642522,0
3.43045,-0.051697,0.00642445,0
3.43142,-0.0516753,0.00640264,0
3.43245,-0.0516823,0.00642198,0
3.43351,-0.0516823,0.00642198,0
3.43441,-0.051682,0.00642617,0
3.43541,-0.0516615,0.00642673,0
3.43644,-0.0516667,0.00642559,0
3.43741,-0.0516338,0.00640214,0
3.4384,-0.0516235,0.00639591,0
3.43943,-0.0516038,0.00637503,0
3.44046,-0.0516038,0.00637503,0
3.4414,-0.0516012,0.00639896,0
3.44242,-0.0515944,0.00639678,0
3.44349,-0.0515869,0.00639881,0
3.4444,-0.0515803,0.00639613,0
3.44543,-0.0515729,0.00639818,0
3.44639,-0.0515664,0.00639541,0
3.44739,-0.051559,0.00639734,0
3.44846,-0.0515526,0.00639447,0
3.44942,-0.0515458,0.00637443,0
3.45044,-0.0515404,0.00636931,0
3.45148,-0.0515332,0.00637174,0
3.45244,-0.051527,0.00636973,0
3.4534,-0.0515199,0.00637227,0
3.45442,-0.0515138,0.00636994,0
3.45542,-0.0515069,0.00637232,0
3.45643,-0.0515009,0.00636986,0
3.45746,-0.051494,0.00637211,0
3.45842,-0.0514881,0.00636952,0
3.45941,-0.0514813,0.00637165,0
3.46045,-0.0514754,0.00636895,0
3.46154,-0.0514705,0.00634962,0
3.46258,-0.0514652,0.00634446,0
3.46349,-0.0514593,0.00634733,0
3.46445,-0.0514536,0.00634548,0
3.46543,-0.0514471,0.00634819,0
3.46644,-0.0514411,0.00634574,0
3.46744,-0.0514352,0.00634854,0
3.46843,-0.0514322,0.00632516,0
3.46938,-0.0514322,0.00632516,0
3.47047,-0.0514213,0.00632346,0
3.47144,-0.051415,0.0063268,0
3.47256,-0.0514104,0.00632533,0
3.47343,-0.0514043,0.0063283,0
3.47443,-0.0513987,0.00632612,0
3.4754,-0.0513987,0.00632612,0
3.4764,-0.0513921,0.00633021,0
3.4774,-0.0513863,0.00633012,0
3.4784,-0.0513848,0.00630695,0
3.4794,-0.0513801,0.00630759,0
3.48045,-0.0513753,0.00630594,0
3.48148,-0.0513701,0.00630965,0
3.48239,-0.0513658,0.00632759,0
3.48342,-0.0513598,0.00631337,0
3.48444,-0.0513548,0.00630862,0
3.48542,-0.0513548,0.00630862,0
3.4864,-0.0513446,0.00632901,0
3.48741,-0.0513396,0.00631468,0
3.48894,-0.0513347,0.0063096,0
3.48981,-0.0513288,0.00631168,0
3.4908,-0.0513241,0.00630956,0
3.49141,-0.051323,0.00629205,0
3.49244,-0.05132,0.00628771,0
3.49341,-0.0513148,0.00629081,0
3.49442,-0.0513104,0.00628938,0
3.49542,-0.0513058,0.00629279,0
3.4964,-0.0513021,0.00629123,0
3.49741,-0.0512937,0.00631275,0
3.49843,-0.0512926,0.00629444,0
3.49941,-0.0512874,0.00629435,0
3.50045,-0.0512847,0.00629114,0
3.50141,-0.0512815,0.00629409,0
3.50244,-0.0512763,0.00629303,0
3.50345,-0.0512753,0.00627588,0
3.50443,-0.0512727,0.00627296,0
3.50541,-0.0512687,0.00627221,0
3.50642,-0.0512687,0.00627221,0
3.50742,-0.0512637,0.0062757,0
3.50841,-0.0512603,0.00627423,0
3.50945,-0.051249,0.00629627,0
3.51044,-0.0512496,0.00627858,0
3.51143,-0.0512379,0.00629594,0
3.51253,-0.0512401,0.00627784,0
3.51355,-0.0512355,0.00627738,0
3.51444,-0.0512303,0.00627352,0
3.5155,-0.0512276,0.00627787,0
3.51651,-0.051229,0.00625647,0
3.51748,-0.0512184,0.00627454,0
3.51876,-0.0512142,0.00627478,0
3.51957,-0.0512182,0.00626031,0
3.52042,-0.0512061,0.00627258,0
3.52149,-0.0512105,0.00626102,0
3.52245,-0.0511979,0.00627314,0
3.52348,-0.0512023,0.00626115,0
3.52451,-0.0511996,0.0062562,0
3.52548,-0.0511858,0.00627585,0
3.52642,-0.0511815,0.00627595,0
3.5276,-0.0511878,0.00626122,0
3.52849,-0.0511747,0.00627285,0
3.52966,-0.0511698,0.00627741,0
3.53041,-0.0511854,0.00623973,0
3.53141,-0.0511729,0.00625425,0
3.53295,-0.0511729,0.00625425,0
3.53341,-0.051166,0.00625799,0
3.53447,-0.0511635,0.00625563,0
3.53557,-0.05116,0.00625818,0
3.53644,-0.0511574,0.00625581,0
3.53745,-0.0511539,0.00625826,0
3.5384,-0.0511518,0.00625597,0
3.53941,-0.0511353,0.00627429,0
3.54044,-0.0511451,0.00625785,0
3.5414,-0.051142,0.00625727,0
3.54241,-0.0511484,0.00623665,0
3.54344,-0.0511484,0.00623665,0
3.54439,-0.0511498,0.00623731,0
3.54541,-0.0511391,0.00623767,0
3.54643,-0.0511527,0.00622069,0
3.5474,-0.0511356,0.00623664,0
3.54839,-0.0511328,0.00623729,0
3.5495,-0.0511294,0.00624024,0
3.5505,-0.0511294,0.00624024,0
3.55141,-0.0511242,0.00624034,0
3.55246,-0.0511221,0.00623792,0
3.55343,-0.0511189,0.00624034,0
3.5544,-0.0511168,0.00623779,0
3.55543,-0.0511232,0.00622306,0
3.55648,-0.0511226,0.006223,0
3.5574,-0.0511204,0.00622172,0
3.5584,-0.0511187,0.00622008,0
3.55941,-0.051116,0.00622312,0
3.56043,-0.0511143,0.00622113,0
3.56143,-0.0511111,0.00622377,0
3.56242,-0.0511093,0.00622162,0
3.5634,-0.0511066,0.00622431,0
3.56441,-0.0511052,0.0062222,0
3.56541,-0.051102,0.00622456,0
3.56639,-0.0511002,0.00622212,0
3.56741,-0.0510974,0.00622456,0
3.56842,-0.0511065,0.00620579,0
3.56936,-0.051106,0.00620636,0
3.5704,-0.0511048,0.0062045,0
3.57139,-0.0511025,0.00620786,0
3.57242,-0.0511012,0.00620602,0
3.5734,-0.0510988,0.00620901,0
3.57441,-0.0510975,0.00620697,0
3.5754,-0.0510951,0.00620981,0
3.57641,-0.0510937,0.00620761,0
3.57743,-0.0510913,0.0062103,0
3.5784,-0.0510899,0.00620796,0
3.57939,-0.0510969,0.006213,0
3.58044,-0.0510838,0.00620739,0
3.58154,-0.0510938,0.00619439,0
3.58244,-0.0510951,0.00619022,0
3.5835,-0.0510951,0.00619022,0
3.58443,-0.0510934,0.00619342,0
3.58548,-0.0510926,0.0061919,0
3.58652,-0.0511009,0.00619789,0
3.58751,-0.0510983,0.00619551,0
3.58873,-0.0510729,0.00621066,0
3.58964,-0.0510603,0.00620778,0
3.59055,-0.0510818,0.00619771,0
3.59159,-0.0510823,0.00619268,0
3.59267,-0.0510805,0.00619527,0
3.59343,-0.0511032,0.00618092,0
3.59446,-0.0510788,0.00619393,0
3.59549,-0.0510765,0.00619397,0
3.59664,-0.0510984,0.00618457,0
3.59749,-0.0510746,0.00619211,0
3.59849,-0.0510711,0.00619694,0
3.59945,-0.0510947,0.0061825,0
3.6008,-0.0510693,0.00619474,0
3.60144,-0.0510798,0.00617978,0
3.60265,-0.0510689,0.00617783,0
3.6036,-0.0510706,0.00617663,0
3.60455,-0.0510825,0.00618278,0
3.60544,-0.0511074,0.00616914,0
3.60648,-0.0510816,0.00618155,0
3.60744,-0.0510795,0.00618168,0
3.60852,-0.0511038,0.00617322,0
3.60943,-0.0510784,0.00618011,0
3.61041,-0.0510757,0.00618519,0
3.61142,-0.0510874,0.0061684,0
3.61249,-0.0511162,0.00615821,0
3.61345,-0.0510909,0.00616558,0
3.61443,-0.0510883,0.00617141,0
3.61556,-0.0511152,0.00615898,0
3.61646,-0.0510848,0.00617013,0
3.61748,-0.0510832,0.00617039,0
3.61849,-0.0511092,0.00616266,0
3.61943,-0.0511107,0.00615848,0
3.62048,-0.0510816,0.00617237,0
3.62162,-0.0510793,0.00617252,0
3.62256,-0.0511064,0.00616467,0
3.62348,-0.051093,0.00615688,0
3.62443,-0.0510935,0.00616038,0
3.62545,-0.0511226,0.00614868,0
3.62645,-0.0510947,0.00616023,0
3.62746,-0.0510936,0.00616066,0
3.62855,-0.0511219,0.00615395,0
3.62943,-0.0510945,0.00615989,0
3.63042,-0.0510921,0.00616508,0
3.63152,-0.0511219,0.00615317,0
3.63243,-0.0510929,0.00616382,0
3.63354,-0.0510914,0.00616372,0
3.63448,-0.0511203,0.00615665,0
3.63544,-0.0511366,0.00613916,0
3.6365,-0.0511083,0.00615053,0
3.63745,-0.0511371,0.00614208,0
3.63847,-0.0511387,0.00614363,0
3.63945,-0.0511086,0.00615132,0
3.64045,-0.0511367,0.00614777,0
3.64147,-0.0511393,0.00614378,0
3.64248,-0.0511077,0.00615628,0
3.64344,-0.0511062,0.00615642,0
3.64445,-0.0511373,0.00615012,0
3.64546,-0.0511078,0.00615483,0
3.6465,-0.0511056,0.00615968,0
3.64752,-0.0511379,0.00614822,0
3.6485,-0.0511542,0.00613649,0
3.64948,-0.0511254,0.00614199,0
3.65049,-0.0511554,0.00613927,0
3.65151,-0.0511586,0.0061357,0
3.65249,-0.0511259,0.00614766,0
3.65361,-0.0511572,0.00613966,0
3.65445,-0.0511593,0.00614079,0
3.65551,-0.051127,0.00614722,0
3.65644,-0.0511578,0.00614432,0
3.65748,-0.0511268,0.00614827,0
3.65846,-0.0511583,0.00614488,0
3.65946,-0.0511767,0.00612876,0
3.66046,-0.0511462,0.00613883,0
3.66146,-0.0511457,0.00613935,0
3.66247,-0.0511802,0.00613498,0
3.66356,-0.0511494,0.0061391,0
3.66456,-0.0511481,0.00614437,0
3.66542,-0.0511839,0.00613467,0
3.66657,-0.0511514,0.00614355,0
3.66744,-0.051151,0.00614344,0
3.66855,-0.051186,0.00613877,0
3.66941,-0.051154,0.00614217,0
3.67041,-0.0511523,0.00614699,0
3.67141,-0.0511887,0.00613712,0
3.67241,-0.0511551,0.00614536,0
3.6734,-0.0511704,0.00613385,0
3.67441,-0.0512099,0.00612809,0
3.67542,-0.0511779,0.00613173,0
3.67645,-0.0511767,0.00613726,0
3.67744,-0.0512144,0.00612843,0
3.67841,-0.0511809,0.00613676,0
3.6794,-0.0511807,0.00613671,0
3.68043,-0.0512176,0.00613288,0
3.68143,-0.0511846,0.00613569,0
3.6825,-0.0511832,0.00614057,0
3.68342,-0.0512215,0.0061315,0
3.68443,-0.0511868,0.00613915,0
3.68561,-0.0511864,0.00613868,0
3.68655,-0.0512405,0.00612444,0
3.68743,-0.0512102,0.00612568,0
3.68841,-0.0512097,0.00613105,0
3.68945,-0.051249,0.00612306,0
3.69042,-0.0512522,0.00612461,0
3.69139,-0.0512166,0.00612929,0
3.69244,-0.0512151,0.0061345,0
3.69343,-0.051255,0.00612611,0
3.69453,-0.0512195,0.00613324,0
3.69558,-0.0512573,0.00612699,0
3.6965,-0.0512603,0.00612815,0
3.69743,-0.0512237,0.00613199,0
3.69842,-0.0512387,0.00612711,0
3.69947,-0.0512832,0.0061177,0
3.70043,-0.051248,0.00612513,0
3.70141,-0.0512487,0.00612545,0
3.70244,-0.0512889,0.00612326,0
3.70341,-0.0512544,0.00612504,0
3.70441,-0.0512538,0.00613008,0
3.70543,-0.0512953,0.00612252,0
3.70642,-0.051259,0.00612916,0
3.70742,-0.0512593,0.00612876,0
3.70848,-0.0513,0.00612634,0
3.70948,-0.0512643,0.00612745,0
3.71045,-0.0512633,0.00613207,0
3.71158,-0.0513227,0.00611552,0
3.71257,-0.0512894,0.00612075,0
3.71349,-0.0512906,0.00612082,0
3.71442,-0.0513324,0.00611954,0
3.71542,-0.051297,0.00612077,0
3.71646,-0.0512967,0.00612582,0
3.71758,-0.0513399,0.00611901,0
3.71854,-0.0513028,0.00612508,0
3.71942,-0.0513035,0.00612476,0
3.7204,-0.0513045,0.0061277,0
3.72145,-0.0513073,0.00612512,0
3.72246,-0.0513088,0.00612773,0
3.72345,-0.051353,0.00612074,0
3.72443,-0.0513149,0.0061263,0
3.72555,-0.0513329,0.00611752,0
3.72653,-0.0513796,0.00611512,0
3.72745,-0.0513434,0.00611585,0
3.72843,-0.0513434,0.0061212,0
3.72943,-0.0513882,0.00611523,0
3.73043,-0.0513504,0.00612078,0
3.73158,-0.0513514,0.00612042,0
3.73245,-0.0513951,0.00611957,0
3.73346,-0.051358,0.0061195,0
3.73465,-0.0513576,0.00612417,0
3.73551,-0.0514027,0.006118,0
3.73649,-0.051382,0.00611555,0
3.73744,-0.051362,0.00611048,0
3.73841,-0.051391,0.00611835,0
3.73941,-0.0513701,0.00611233,0
3.74044,-0.0513505,0.00611282,0
3.74141,-0.0513826,0.00611563,0
3.74242,-0.0513433,0.00612216,0
3.74342,-0.051371,0.00612541,0
3.74444,-0.0514169,0.00612431,0
3.74539,-0.0514229,0.00611994,0
3.74642,-0.0514249,0.00612271,0
3.74742,-0.0514274,0.00612034,0
3.74841,-0.0513854,0.00612609,0
3.74951,-0.0514293,0.00612172,0
3.75046,-0.0514513,0.00611588,0
3.7514,-0.0514585,0.00611249,0
3.75244,-0.051461,0.00611586,0
3.75357,-0.0514645,0.00611403,0
3.7544,-0.0514923,0.00612087,0
3.75541,-0.0514937,0.00611786,0
3.75642,-0.0514935,0.00611784,0
3.75741,-0.05147,0.00611426,0
3.75841,-0.0514976,0.00612108,0
3.75952,-0.0514976,0.00612108,0
3.76044,-0.0514997,0.00612033,0
3.76144,-0.0515198,0.00611162,0
3.76244,-0.0515198,0.00611162,0
3.76336,-0.0515245,0.00611352,0
3.76441,-0.0515273,0.00611147,0
3.76538,-0.0515289,0.00611473,0
3.76641,-0.0515061,0.00610892,0
3.76747,-0.0515143,0.00611066,0
3.76842,-0.0514731,0.00611591,0
3.76945,-0.0515208,0.00611329,0
3.77041,-0.0515264,0.00611465,0
3.77134,-0.051504,0.00610888,0
3.77265,-0.0515635,0.0061199,0
3.77342,-0.0515635,0.0061199,0
3.77442,-0.0515199,0.00611767,0
3.77541,-0.0515646,0.00612002,0
3.77643,-0.0515886,0.0061104,0
3.77742,-0.0515933,0.00611238,0
3.77846,-0.0515513,0.00611176,0
3.77939,-0.0515514,0.00611631,0
3.78047,-0.051555,0.00611361,0
3.78142,-0.051558,0.00611611,0
3.78242,-0.0515621,0.00611338,0
3.78343,-0.051565,0.00611602,0
3.78446,-0.051569,0.00611319,0
3.78541,-0.0515254,0.00611678,0
3.78645,-0.0515739,0.00611418,0
3.78748,-0.0515792,0.00611501,0
3.78844,-0.0516027,0.00610793,0
3.78953,-0.0516027,0.00610793,0
3.79042,-0.0516152,0.00610807,0
3.79142,-0.051647,0.00611472,0
3.79245,-0.05165,0.00611157,0
3.79344,-0.0516519,0.00611424,0
3.79439,-0.051655,0.00611146,0
3.79543,-0.0516294,0.00611081,0
3.79641,-0.0516619,0.006112,0
3.79742,-0.0516644,0.00611402,0
3.79849,-0.0516861,0.00610764,0
3.79944,-0.0516637,0.00610655,0
3.80042,-0.0516981,0.00610848,0
3.80151,-0.0516981,0.00610848,0
3.80243,-0.0517054,0.0061088,0
3.80351,-0.0517054,0.0061088,0
3.80451,-0.0516842,0.006106,0
3.80548,-0.0517174,0.00611292,0
3.80644,-0.0517217,0.00610975,0
3.80743,-0.0517244,0.00611254,0
3.80847,-0.0517283,0.00610978,0
3.80942,-0.0517309,0.00611244,0
3.81046,-0.0517346,0.00610957,0
3.81142,-0.0517564,0.0061096,0
3.81243,-0.0517646,0.00610653,0
3.81342,-0.0517677,0.00610983,0
3.81442,-0.0517677,0.00610983,0
3.81542,-0.0517253,0.00610692,0
3.81644,-0.0517253,0.00610692,0
3.81744,-0.0517749,0.00611191,0
3.81841,-0.0517645,0.00611027,0
3.81942,-0.0517167,0.0061126,0
3.82046,-0.0517167,0.0061126,0
3.82145,-0.0517511,0.00611526,0
3.82242,-0.0517511,0.00611526,0
3.82344,-0.0517543,0.00611068,0
3.82459,-0.0517563,0.00611249,0
3.82545,-0.0517563,0.00611249,0
3.82642,-0.0517783,0.00610696,0
3.82742,-0.0517355,0.00610754,0
3.82842,-0.0517681,0.00610837,0
3.8294,-0.0517681,0.00610837,0
3.83043,-0.0517681,0.00610837,0
3.83147,-0.0517544,0.00610847,0
3.83241,-0.0517072,0.00610769,0
3.8334,-0.0517589,0.00610597,0
3.8345,-0.0517655,0.00610617,0
3.83546,-0.0517211,0.00610054,0
3.83654,-0.0517917,0.00610432,0
3.83743,-0.0518074,0.00609935,0
3.83847,-0.0517673,0.00610048,0
3.8395,-0.0518287,0.00610117,0
3.84042,-0.0518592,0.00610447,0
3.84147,-0.0517977,0.00609432,0
3.84245,-0.0517968,0.00609499,0
3.84341,-0.0518168,0.00609071,0
3.84448,-0.0517749,0.00609264,0
3.84552,-0.0518303,0.00609176,0
3.84646,-0.0518391,0.00609529,0
3.84746,-0.0517958,0.00608764,0
3.84843,-0.0518476,0.0060964,0
3.84949,-0.0518759,0.00608977,0
3.8505,-0.0518322,0.00609215,0
3.85145,-0.0518367,0.00608826,0
3.8525,-0.0518921,0.00609687,0
3.85354,-0.0519016,0.00609048,0
3.85443,-0.0518545,0.00609335,0
3.85563,-0.0519086,0.00609217,0
3.85645,-0.0518639,0.00609362,0
3.85745,-0.0518684,0.00608905,0
3.85851,-0.0518719,0.00609459,0
3.85942,-0.0518787,0.00608873,0
3.86044,-0.0519018,0.00609496,0
3.86145,-0.0519643,0.00609284,0
3.86247,-0.0519717,0.0060982,0
3.86346,-0.0519279,0.00608972,0
3.86449,-0.0519806,0.00610056,0
3.86558,-0.0519908,0.00609422,0
3.86656,-0.0519629,0.00609768,0
3.86761,-0.0519206,0.0060897,0
3.86843,-0.051924,0.00609683,0
3.86946,-0.0519836,0.00609513,0
3.87057,-0.0519404,0.0060963,0
3.87148,-0.0519996,0.00609603,0
3.87248,-0.0519751,0.00609857,0
3.87398,-0.051966,0.00609267,0
3.87452,-0.0519891,0.00610051,0
3.87555,-0.0520527,0.00609918,0
3.87645,-0.0520285,0.00610205,0
3.87748,-0.0520216,0.00609648,0
3.87853,-0.0519932,0.00610053,0
3.87949,-0.0520882,0.00610287,0
3.88045,-0.0520637,0.00610479,0
3.88155,-0.0520554,0.0060985,0
3.88242,-0.0520604,0.00610475,0
3.88379,-0.0520868,0.00610117,0
3.88443,-0.052181,0.00611408,0
3.88543,-0.0521399,0.00610233,0
3.88653,-0.0521925,0.00611399,0
3.88743,-0.052202,0.00610758,0
3.88845,-0.0521559,0.00610869,0
3.88956,-0.0522098,0.0061085,0
3.89055,-0.0522166,0.00611338,0
3.89143,-0.052173,0.00610264,0
3.89243,-0.0522243,0.00611398,0
3.89352,-0.0522337,0.00610723,0
3.8944,-0.0521873,0.00610768,0
3.89546,-0.0521915,0.00610246,0
3.89647,-0.0522461,0.00611298,0
3.89741,-0.0522225,0.00610408,0
3.89843,-0.0522466,0.00611409,0
3.89941,-0.0522903,0.00611077,0
3.9004,-0.0522453,0.00611053,0
3.90146,-0.0523006,0.00611106,0
3.90244,-0.0523082,0.00611607,0
3.90356,-0.0522653,0.00610467,0
3.90457,-0.052236,0.00610924,0
3.9054,-0.0522761,0.00610577,0
3.90641,-0.0522816,0.00611029,0
3.90746,-0.0523405,0.00611018,0
3.90842,-0.0523474,0.00611505,0
3.90953,-0.0523225,0.00610747,0
3.91041,-0.0523775,0.00612004,0
3.91141,-0.0523882,0.0061137,0
3.91243,-0.0523436,0.00611352,0
3.91339,-0.0523494,0.00610842,0
3.91441,-0.0524048,0.00612008,0
3.9154,-0.0523648,0.00610722,0
3.91641,-0.0523684,0.0061135,0
3.91748,-0.0524263,0.00611382,0
3.91852,-0.0523833,0.00611218,0
3.91944,-0.0523892,0.00610683,0
3.92067,-0.0523939,0.00611211,0
3.92144,-0.0524196,0.00611102,0
3.92243,-0.0524283,0.00611693,0
3.92342,-0.0524378,0.00611124,0
3.92445,-0.0524941,0.00612377,0
3.92542,-0.0524549,0.00611062,0
3.92641,-0.0524589,0.0061169,0
3.92744,-0.0524668,0.00611085,0
3.92841,-0.0524728,0.00611625,0
3.92941,-0.0524813,0.00611019,0
3.93043,-0.0524873,0.00611564,0
3.9314,-0.0525454,0.00611673,0
3.9324,-0.0525205,0.00612043,0
3.93359,-0.0525205,0.00612043,0
3.93442,-0.052536,0.00612128,0
3.93581,-0.0525453,0.00611539,0
3.93651,-0.052552,0.006121,0
3.93748,-0.0526103,0.00612249,0
3.93847,-0.0525689,0.00612012,0
3.93939,-0.0525759,0.0061147,0
3.94048,-0.0526304,0.00612764,0
3.94144,-0.0526088,0.00612008,0
3.94245,-0.052647,0.00612765,0
3.94341,-0.0526062,0.00611299,0
3.94441,-0.0526267,0.00612557,0
3.94541,-0.0526375,0.00611991,0
3.94675,-0.0526443,0.00612543,0
3.94742,-0.0526535,0.00611944,0
3.94841,-0.0526599,0.00612488,0
3.94946,-0.0526688,0.00611877,0
3.95057,-0.0526688,0.00611877,0
3.95148,-0.052653,0.00611819,0
3.95244,-0.0526282,0.00612277,0
3.95344,-0.0526715,0.00611855,0
3.95444,-0.0526463,0.00612224,0
3.95543,-0.0526905,0.00611804,0
3.9564,-0.0527478,0.00613103,0
3.9574,-0.0527597,0.00612465,0
3.95841,-0.0527175,0.00612162,0
3.95943,-0.0527736,0.00612447,0
3.96041,-0.0527814,0.00612933,0
3.96149,-0.0527814,0.00612933,0
3.96242,-0.0527906,0.00612321,0
3.96358,-0.0528279,0.00612899,0
3.96442,-0.0528349,0.00612161,0
3.96541,-0.0528384,0.00612672,0
3.96642,-0.0528286,0.00611154,0
3.96747,-0.0527981,0.00611526,0
3.96842,-0.0528046,0.00610942,0
3.96949,-0.0528046,0.00610942,0
3.97042,-0.0528163,0.0061076,0
3.97142,-0.0528372,0.00612156,0
3.9724,-0.0528478,0.00611603,0
3.97347,-0.0528541,0.00612134,0
3.97447,-0.0528629,0.00611506,0
3.976,-0.0528691,0.00612025,0
3.97644,-0.05291,0.0061142,0
3.97754,-0.0528826,0.00611802,0
3.97852,-0.0529227,0.00611292,0
3.97941,-0.0529277,0.00611698,0
3.98043,-0.0529346,0.0061105,0
3.98139,-0.0529389,0.00611556,0
3.9824,-0.0529461,0.00610906,0
3.98351,-0.0529507,0.00611409,0
3.98444,-0.0529507,0.00611409,0
3.98552,-0.0529735,0.00611775,0
3.98651,-0.0529493,0.00612367,0
3.98743,-0.0529589,0.00611849,0
3.98849,-0.052951,0.00611348,0
3.98962,-0.053006,0.00611651,0
3.99044,-0.0530139,0.00612172,0
3.99142,-0.0529754,0.00610488,0
3.99242,-0.0530261,0.00612058,0
3.9935,-0.0530368,0.00611423,0
3.99444,-0.0529959,0.00610861,0
3.9955,-0.0530643,0.0061239,0
3.99642,-0.0530752,0.00613033,0
3.99754,-0.0530384,0.00611324,0
3.99857,-0.0530897,0.0061292,0
3.99954,-0.0531013,0.00612297,0
4.00055,-0.0530618,0.00611722,0
4.0018,-0.0531153,0.00612173,0
4.00301,-0.0530773,0.00611576,0
4.00387,-0.0530536,0.0061097,0
4.00536,-0.0531401,0.0061269,0
4.00576,-0.0531052,0.00610818,0
4.00659,-0.0531711,0.00613644,0
4.00754,-0.0531534,0.00613187,0
4.00843,-0.0531933,0.00613778,0
4.00948,-0.0531584,0.00611919,0
4.01051,-0.0532097,0.00613554,0
4.01148,-0.0532214,0.00612936,0
4.01243,-0.0531829,0.00612285,0
4.01359,-0.0532359,0.0061278,0
4.01444,-0.0532447,0.00613311,0
4.01582,-0.0532094,0.00611498,0
4.01644,-0.053259,0.00613153,0
4.01743,-0.0532703,0.00612532,0
4.01848,-0.0532463,0.00613126,0
4.01954,-0.0533018,0.00613819,0
4.02044,-0.0533138,0.00614464,0
4.02146,-0.0533096,0.0061481,0
4.02243,-0.0535349,0.00625128,0
4.02344,-0.0536296,0.00628243,0
4.02441,-0.0536794,0.0063167,0
4.02545,-0.053768,0.00632599,0
4.02641,-0.0538183,0.00634318,0
4.0274,-0.053831,0.00634029,0
4.0285,-0.0538763,0.00635638,0
4.02956,-0.0539568,0.00636835,0
4.0304,-0.0539971,0.00638207,0
4.03141,-0.0540032,0.00637536,0
4.0324,-0.054086,0.00640994,0
4.0334,-0.0541161,0.006407,0
4.03444,-0.0541175,0.00641795,0
4.0354,-0.0541266,0.00639777,0
4.03641,-0.0541419,0.00640015,0
4.03744,-0.0541598,0.00639202,0
4.03842,-0.0541734,0.00639535,0
4.0395,-0.0541881,0.00638675,0
4.04043,-0.0541987,0.00638949,0
4.04144,-0.0542106,0.00638032,0
4.04239,-0.0542185,0.00638259,0
4.0434,-0.054228,0.00637297,0
4.04443,-0.0542336,0.00637485,0
4.0454,-0.0542336,0.00637485,0
4.0465,-0.0542757,0.0063768,0
4.0474,-0.0542647,0.0063718,0
4.04845,-0.054284,0.00636788,0
4.04945,-0.054284,0.00636788,0
4.05041,-0.0542874,0.00635721,0
4.05153,-0.0542874,0.00635721,0
4.05245,-0.0542895,0.00634663,0
4.05342,-0.0542885,0.00634772,0
4.05452,-0.0542898,0.00633698,0
4.05552,-0.0542876,0.00633789,0
4.05643,-0.0542601,0.00631732,0
4.0575,-0.0542971,0.00634388,0
4.05845,-0.0543,0.0063353,0
4.05949,-0.0542698,0.00632605,0
4.06051,-0.0542977,0.00632454,0
4.06153,-0.0542959,0.00632586,0
4.06247,-0.0542676,0.0063046,0
4.06358,-0.0542921,0.00631532,0
4.06443,-0.0542924,0.00630499,0
4.0655,-0.0542606,0.00629511,0
4.06657,-0.0542872,0.00629449,0
4.06755,-0.0542555,0.00628483,0
4.06847,-0.0542543,0.00627366,0
4.06972,-0.054291,0.00630329,0
4.07063,-0.0542927,0.00629514,0
4.07143,-0.0542611,0.00628466,0
4.07243,-0.0542887,0.00628453,0
4.0734,-0.0542573,0.0062745,0
4.07442,-0.0542568,0.00626343,0
4.0754,-0.0542833,0.00627652,0
4.07641,-0.054254,0.00625445,0
4.07743,-0.0542507,0.0062552,0
4.07842,-0.0542798,0.0062571,0
4.07942,-0.0542584,0.00626466,0
4.08041,-0.0542599,0.00625583,0
4.08142,-0.0542875,0.00626966,0
4.08241,-0.0542593,0.00624736,0
4.08344,-0.0542568,0.00624815,0
4.08442,-0.0542577,0.00623785,0
4.08548,-0.0542858,0.00625248,0
4.08644,-0.0542573,0.00623003,0
4.08739,-0.0542549,0.00623102,0
4.08841,-0.0542556,0.00622092,0
4.08948,-0.0542556,0.00622092,0
4.0904,-0.0542552,0.00621301,0
4.09143,-0.0542537,0.00621499,0
4.09243,-0.0542537,0.00621499,0
4.0934,-0.0542653,0.00622865,0
4.09442,-0.054268,0.00621911,0
4.09542,-0.0542679,0.00622099,0
4.09677,-0.0542705,0.00621137,0
4.09742,-0.0542704,0.00621347,0
4.09842,-0.0542735,0.00620407,0
4.09939,-0.0542731,0.00620622,0
4.10036,-0.0542759,0.00619687,0
4.10142,-0.054276,0.00619923,0
4.10242,-0.054279,0.00619002,0
4.1034,-0.0542793,0.00619252,0
4.10442,-0.0542824,0.00618344,0
4.1054,-0.0542918,0.00620624,0
4.1064,-0.0542966,0.00619947,0
4.10743,-0.0542983,0.00620208,0
4.1084,-0.0543028,0.00619281,0
4.10942,-0.0543045,0.00619532,0
4.11042,-0.0542864,0.00619142,0
4.11141,-0.0542807,0.0061747,0
4.11239,-0.0543154,0.00617884,0
4.11341,-0.0543181,0.00618252,0
4.11443,-0.054323,0.00617405,0
4.1154,-0.054325,0.00617693,0
4.11647,-0.0543297,0.00616827,0
4.11742,-0.0543318,0.00617129,0
4.1184,-0.0543446,0.00618402,0
4.1194,-0.0543481,0.00618943,0
4.1204,-0.0543541,0.00618081,0
4.12142,-0.0543574,0.00618353,0
4.12242,-0.0543634,0.00617479,0
4.12345,-0.0543667,0.00617773,0
4.12442,-0.0543727,0.00616912,0
4.12547,-0.0543759,0.00617217,0
4.12641,-0.054382,0.00616367,0
4.12746,-0.0543854,0.00616684,0
4.12841,-0.0543915,0.00615846,0
4.1294,-0.054395,0.00616173,0
4.13043,-0.0544083,0.00617574,0
4.13141,-0.054413,0.00618151,0
4.13244,-0.0544203,0.00617311,0
4.13357,-0.054425,0.00617601,0
4.13442,-0.0544325,0.00616756,0
4.13543,-0.0544367,0.00617061,0
4.13643,-0.0544442,0.0061622,0
4.13748,-0.0544487,0.00616545,0
4.13842,-0.0544559,0.00615716,0
4.1394,-0.0544605,0.00616052,0
4.14042,-0.0544741,0.00617545,0
4.14141,-0.0544797,0.0061814,0
4.14241,-0.0544883,0.00617313,0
4.1434,-0.0544938,0.00617606,0
4.14441,-0.054502,0.00616757,0
4.14543,-0.0545073,0.00617075,0
4.14642,-0.0545154,0.0061624,0
4.14742,-0.0545208,0.0061657,0
4.14843,-0.0545288,0.00615746,0
4.1494,-0.0545342,0.00616087,0
4.15045,-0.0545423,0.00615275,0
4.15143,-0.0545476,0.00615627,0
4.15245,-0.0545557,0.00614825,0
4.15341,-0.0545665,0.0061761,0
4.15445,-0.0545754,0.00617079,0
4.15541,-0.0545817,0.00617418,0
4.15639,-0.0545908,0.00616565,0
4.15741,-0.054597,0.0061689,0
4.15843,-0.0546059,0.00616064,0
4.15942,-0.054612,0.00616402,0
4.16043,-0.0546208,0.00615587,0
4.16142,-0.054627,0.00615937,0
4.1624,-0.0546358,0.00615135,0
4.16336,-0.0546358,0.00615135,0
4.1644,-0.0546507,0.00614704,0
4.1654,-0.0546569,0.00615076,0
4.16641,-0.0546569,0.00615076,0
4.16742,-0.0546657,0.00614294,0
4.16841,-0.0546855,0.0061672,0
4.16941,-0.0547153,0.0061644,0
4.1704,-0.054702,0.0061611,0
4.17144,-0.0547085,0.00616602,0
4.17241,-0.0547178,0.00615798,0
4.17341,-0.0547247,0.0061614,0
4.17439,-0.0547569,0.00614705,0
4.1754,-0.0547634,0.00614951,0
4.1764,-0.0547718,0.00614207,0
4.17751,-0.0547555,0.00615243,0
4.17843,-0.0547866,0.00613995,0
4.1794,-0.0547709,0.00614877,0
4.18039,-0.0548054,0.00616292,0
4.18142,-0.0548125,0.00616844,0
4.18239,-0.0548219,0.00616017,0
4.18348,-0.0548287,0.00616371,0
4.18453,-0.0548382,0.00615578,0
4.18538,-0.0548449,0.00615955,0
4.18665,-0.0548449,0.00615955,0
4.18742,-0.0548178,0.00616989,0
4.1884,-0.0548746,0.00617702,0
4.18944,-0.0548831,0.00618057,0
4.19049,-0.0548929,0.00617212,0
4.19142,-0.0548787,0.00618246,0
4.19241,-0.0548787,0.00618246,0
4.19342,-0.0549185,0.00617039,0
4.19441,-0.0549283,0.00616242,0
4.19547,-0.0549354,0.00616621,0
4.19684,-0.0549354,0.00616621,0
4.19775,-0.0549308,0.006169,0
4.19854,-0.0549308,0.006169,0
4.19942,-0.0549412,0.00616252,0
4.20048,-0.0549624,0.00621518,0
4.20135,-0.0549466,0.00617383,0
4.203,-0.0549466,0.00617383,0
4.20365,-0.0549839,0.00620968,0
4.20452,-0.0549678,0.00616828,0
4.20567,-0.054958,0.00616199,0
4.20653,-0.0549455,0.0061742,0
4.20753,-0.0549774,0.00613053,0
4.20844,-0.0550105,0.00617867,0
4.20951,-0.054998,0.00615424,0
4.21055,-0.0550305,0.00614852,0
4.21162,-0.0550205,0.00614634,0
4.21245,-0.0550732,0.00619592,0
4.21341,-0.0550633,0.00619906,0
4.21438,-0.0550716,0.0061747,0
4.2155,-0.0551054,0.00618473,0
4.21644,-0.0551142,0.0061901,0
4.2174,-0.0551044,0.00616014,0
4.21841,-0.0551538,0.00617587,0
4.2198,-0.0551445,0.00614677,0
4.22062,-0.0551717,0.00620118,0
4.22143,-0.0551615,0.00617669,0
4.22239,-0.0551704,0.00617863,0
4.22349,-0.0552007,0.00619251,0
4.22441,-0.0551886,0.0061758,0
4.22543,-0.0552003,0.00616589,0
4.22647,-0.0552268,0.00619199,0
4.22743,-0.0552181,0.0061637,0
4.22847,-0.0552266,0.00616546,0
4.22947,-0.0552371,0.00615765,0
4.23044,-0.0552453,0.00616201,0
4.23148,-0.0552744,0.00617763,0
4.23269,-0.0552814,0.00618398,0
4.23343,-0.0552729,0.00618404,0
4.23443,-0.0552811,0.00618902,0
4.23552,-0.0553098,0.00620381,0
4.23641,-0.0553172,0.00620954,0
4.23752,-0.0553027,0.00620697,0
4.23852,-0.0553039,0.00631029,0
4.23949,-0.0551359,0.00629711,0
4.24047,-0.0548422,0.00626617,0
4.24153,-0.0547926,0.00626808,0
4.2425,-0.0548646,0.00631278,0
4.24341,-0.0548556,0.00628801,0
4.2444,-0.0548721,0.00628998,0
4.24547,-0.0549199,0.00630219,0
4.24644,-0.0549329,0.00630719,0
4.24741,-0.0549168,0.00627967,0
4.2485,-0.0549582,0.00630128,0
4.24999,-0.0549723,0.00629568,0
4.25044,-0.0549526,0.00627923,0
4.25159,-0.0549956,0.00629035,0
4.25244,-0.0550065,0.00629592,0
4.25345,-0.0550024,0.00629829,0
4.25442,-0.0550443,0.00632333,0
4.25562,-0.0550287,0.00629707,0
4.25649,-0.0550685,0.0063185,0
4.25751,-0.0550818,0.00631269,0
4.25856,-0.0550914,0.0063158,0
4.25944,-0.0550757,0.00628813,0
4.26052,-0.0551146,0.00631015,0
4.26143,-0.0551281,0.00630478,0
4.2624,-0.0551107,0.00628818,0
4.26356,-0.0551525,0.00629959,0
4.26454,-0.0551349,0.00628465,0
4.26543,-0.0551499,0.00627638,0
4.26641,-0.0551982,0.00633148,0
4.26748,-0.0551851,0.00630857,0
4.26868,-0.0551983,0.00631057,0
4.26943,-0.0552399,0.00632316,0
4.27052,-0.0552321,0.00633826,0
4.27166,-0.05524,0.00630178,0
4.27243,-0.0552522,0.00630172,0
4.27364,-0.0552469,0.00630461,0
4.27449,-0.0552527,0.00627922,0
4.27549,-0.0552961,0.00628991,0
4.27653,-0.0553355,0.00631739,0
4.27742,-0.0553247,0.00629156,0
4.27843,-0.0553437,0.00632453,0
4.27949,-0.0553834,0.00634196,0
4.28046,-0.0553695,0.00633361,0
4.28151,-0.0553887,0.00632169,0
4.28243,-0.0554256,0.00634902,0
4.28351,-0.0554398,0.00634506,0
4.2844,-0.05543,0.00632644,0
4.28545,-0.0554462,0.00631808,0
4.28643,-0.0554807,0.00634682,0
4.28741,-0.0554736,0.00631882,0
4.28842,-0.0554884,0.00632131,0
4.28942,-0.0555258,0.00633824,0
4.29041,-0.0555178,0.0063207,0
4.2914,-0.0555121,0.00632309,0
4.2924,-0.0555231,0.00636471,0
4.29341,-0.0555201,0.00630036,0
4.29442,-0.0555201,0.00630036,0
4.2954,-0.0555709,0.00635684,0
4.29644,-0.0555667,0.00636923,0
4.29741,-0.0556285,0.00637275,0
4.2984,-0.0556319,0.00631463,0
4.2994,-0.0556758,0.00632307,0
4.30041,-0.0556905,0.00632779,0
4.30144,-0.0557093,0.00632008,0
4.30239,-0.0557255,0.00632277,0
4.30339,-0.0557445,0.00631432,0
4.30441,-0.0557608,0.00631713,0
4.30546,-0.0557608,0.00631713,0
4.30643,-0.0557843,0.00635199,0
4.30742,-0.0558041,0.00634277,0
4.3084,-0.0558041,0.00634277,0
4.30939,-0.0558409,0.00633434,0
4.31044,-0.0558579,0.00633611,0
4.31154,-0.0558579,0.00633611,0
4.3124,-0.0558949,0.00632869,0
4.3134,-0.0559151,0.00631957,0
4.31442,-0.0559321,0.00632165,0
4.3154,-0.0559524,0.00631272,0
4.3164,-0.0559524,0.00631272,0
4.3174,-0.055977,0.00634358,0
4.3184,-0.0559891,0.00635002,0
4.31939,-0.0560094,0.0063404,0
4.3204,-0.0560276,0.00634141,0
4.3214,-0.0560482,0.00633158,0
4.32239,-0.0560658,0.00633314,0
4.32339,-0.0560867,0.00632373,0
4.32441,-0.0561045,0.00632566,0
4.32542,-0.0561251,0.00631644,0
4.3264,-0.056143,0.00631864,0
4.32748,-0.0561636,0.00630969,0
4.32843,-0.0561643,0.00635005,0
4.32941,-0.0561785,0.00634541,0
4.33035,-0.0561785,0.00634541,0
4.33142,-0.0562176,0.00633679,0
4.33246,-0.0562363,0.00633839,0
4.33352,-0.0562494,0.00630266,0
4.33443,-0.0562767,0.00632825,0
4.33541,-0.0562963,0.00632201,0
4.33651,-0.0562963,0.00632201,0
4.33745,-0.0563361,0.00631563,0
4.33845,-0.0563335,0.0063565,0
4.33939,-0.0563469,0.00635209,0
4.34044,-0.0563646,0.00635375,0
4.34139,-0.0563646,0.00635375,0
4.34244,-0.0564008,0.00631862,0
4.34341,-0.0564281,0.00633317,0
4.34442,-0.0564453,0.00633825,0
4.34542,-0.0564669,0.00632968,0
4.34639,-0.0564858,0.00633181,0
4.34747,-0.0565071,0.00632301,0
4.34844,-0.0565255,0.00632564,0
4.34939,-0.0565255,0.00632564,0
4.35042,-0.0565728,0.00631855,0
4.35141,-0.0565611,0.00635159,0
4.35242,-0.0565684,0.00635949,0
4.3534,-0.0565891,0.00635036,0
4.35441,-0.0566088,0.0063518,0
4.35539,-0.0566307,0.0063426,0
4.35647,-0.0566309,0.00634259,0
4.35748,-0.056672,0.00633607,0
4.3584,-0.0566924,0.00631086,0
4.35943,-0.0567136,0.00632739,0
4.36041,-0.056731,0.00633367,0
4.36139,-0.0567527,0.0063261,0
4.3624,-0.0567719,0.00632909,0
4.36345,-0.0567892,0.00634972,0
4.36439,-0.0568068,0.00635627,0
4.3654,-0.0568285,0.00634768,0
4.36643,-0.056847,0.00635041,0
4.3674,-0.0568682,0.00634236,0
4.36845,-0.0568866,0.00634565,0
4.36944,-0.0569074,0.00633791,0
4.37042,-0.0569258,0.00634145,0
4.37141,-0.0569465,0.00633397,0
4.37241,-0.0569411,0.00634896,0
4.37339,-0.0569411,0.00634896,0
4.3744,-0.0569887,0.006335,0
4.37547,-0.0570009,0.00633718,0
4.3764,-0.0570009,0.00633718,0
4.37743,-0.0570167,0.00636758,0
4.37846,-0.0570154,0.00638212,0
4.3794,-0.0570154,0.00638212,0
4.38041,-0.0570726,0.00636372,0
4.38159,-0.057111,0.00632706,0
4.38246,-0.0571125,0.00635627,0
4.3834,-0.0571217,0.00635195,0
4.38442,-0.0571428,0.00635619,0
4.38544,-0.0571428,0.00635619,0
4.38672,-0.0571791,0.0063529,0
4.38741,-0.0571638,0.00638791,0
4.38844,-0.0571486,0.00639527,0
4.38942,-0.0571486,0.00639527,0
4.39047,-0.0571427,0.00638422,0
4.39154,-0.057135,0.00638539,0
4.39249,-0.0571308,0.00637528,0
4.39357,-0.0571245,0.00637748,0
4.39455,-0.0571168,0.00637055,0
4.39539,-0.0571168,0.00637055,0
4.39642,-0.0571177,0.00637606,0
4.39748,-0.0571105,0.00636573,0
4.39848,-0.0571129,0.00636943,0
4.39959,-0.0571087,0.00637371,0
4.4006,-0.057109,0.00636469,0
4.40158,-0.0570871,0.00639699,0
4.40242,-0.0571053,0.00636191,0
4.40346,-0.0571085,0.00637567,0
4.40445,-0.0571084,0.00636813,0
4.40555,-0.0571086,0.00638568,0
4.40641,-0.0571081,0.00636279,0
4.4075,-0.0570874,0.00637906,0
4.40847,-0.0570905,0.00638727,0
4.40941,-0.05711,0.00636233,0
4.4105,-0.0570977,0.00639448,0
4.41142,-0.0570749,0.00643274,0
4.41242,-0.0570963,0.00639678,0
4.41343,-0.0570798,0.00640974,0
4.41437,-0.0570845,0.00641785,0
4.4154,-0.057085,0.00642252,0
4.41639,-0.0571112,0.00638317,0
4.41742,-0.057096,0.0063966,0
4.41841,-0.0571207,0.00636047,0
4.41954,-0.0571268,0.0063614,0
4.4204,-0.0571125,0.006385,0
4.42142,-0.0571344,0.00636318,0
4.42241,-0.0571243,0.00639737,0
4.42342,-0.0571244,0.00640701,0
4.42447,-0.057131,0.00639914,0
4.42542,-0.0571353,0.00640247,0
4.42641,-0.0571427,0.00639423,0
4.42746,-0.0571252,0.006429,0
4.42853,-0.0571516,0.00639398,0
4.42943,-0.0571593,0.00639394,0
4.4304,-0.0571674,0.00638576,0
4.4314,-0.0571721,0.00639073,0
4.43258,-0.0571801,0.00638352,0
4.4335,-0.0571413,0.00646581,0
4.4344,-0.0571647,0.00643593,0
4.4354,-0.057173,0.00643508,0
4.43644,-0.0571585,0.00645603,0
4.43742,-0.0571838,0.00643269,0
4.43841,-0.0571952,0.00641993,0
4.43962,-0.0571952,0.00641993,0
4.4408,-0.0571826,0.0064505,0
4.44161,-0.0572123,0.00642302,0
4.44241,-0.057179,0.0064876,0
4.44342,-0.0571764,0.00650131,0
4.44441,-0.0572091,0.00646044,0
4.44549,-0.0572189,0.00645793,0
4.44645,-0.0572029,0.00647962,0
4.4474,-0.0572079,0.00650303,0
4.44847,-0.0572373,0.00644816,0
4.44942,-0.0572233,0.00647543,0
4.45044,-0.0572543,0.00644012,0
4.45141,-0.0572632,0.00644056,0
4.45246,-0.0572726,0.00643252,0
4.45346,-0.0572786,0.00643763,0
4.45449,-0.0572876,0.00643045,0
4.45545,-0.0572709,0.00648288,0
4.45645,-0.057275,0.00648084,0
4.45749,-0.0572809,0.00648456,0
4.45874,-0.0572902,0.00647528,0
4.45944,-0.0572964,0.00647886,0
4.46042,-0.0573055,0.00647048,0
4.46141,-0.0573116,0.00647447,0
4.46242,-0.0573483,0.00643479,0
4.46341,-0.0573304,0.00646704,0
4.4644,-0.0573362,0.00646414,0
4.46541,-0.0573182,0.00651733,0
4.46641,-0.0573225,0.00651465,0
4.46741,-0.0573286,0.00651793,0
4.4684,-0.0573381,0.00650825,0
4.4694,-0.0573444,0.0065115,0
4.4704,-0.0573536,0.00650277,0
4.47142,-0.05736,0.00650654,0
4.47242,-0.0573694,0.00649825,0
4.4734,-0.0573759,0.00650244,0
4.47441,-0.0573854,0.00649456,0
4.47541,-0.057392,0.00649914,0
4.4764,-0.0573936,0.00649109,0
4.4774,-0.0574003,0.00649602,0
4.47841,-0.0573846,0.00653737,0
4.4794,-0.0573858,0.00654764,0
4.4804,-0.0573949,0.00653894,0
4.48141,-0.0574016,0.00654178,0
4.4824,-0.0574109,0.00653297,0
4.48341,-0.0574173,0.00653678,0
4.48442,-0.0574267,0.00652849,0
4.48543,-0.0574333,0.00653273,0
4.48642,-0.0574428,0.00652485,0
4.48748,-0.0574494,0.00652949,0
4.48841,-0.0574589,0.00652199,0
4.4894,-0.0574655,0.00652699,0
4.49042,-0.0574752,0.00651982,0
4.49148,-0.0574752,0.00651982,0
4.49245,-0.0574593,0.00657262,0
4.49341,-0.0574654,0.0065764,0
4.49444,-0.057475,0.00656705,0
4.4954,-0.0574813,0.00657073,0
4.49643,-0.0574906,0.00656235,0
4.49742,-0.057497,0.00656655,0
4.49839,-0.0575064,0.00655861,0
4.49939,-0.0575129,0.00656323,0
4.50041,-0.0575224,0.00655569,0
4.50142,-0.0575288,0.00656066,0
4.5024,-0.057574,0.00652052,0
4.50339,-0.0575486,0.00655465,0
4.50462,-0.0575265,0.00660283,0
4.50541,-0.0575264,0.00661426,0
4.5065,-0.0575264,0.00661426,0
4.50743,-0.0575421,0.00660846,0
4.50842,-0.0575513,0.00659988,0
4.5094,-0.0575575,0.00660396,0
4.5104,-0.0575128,0.00664595,0
4.51147,-0.0572763,0.0065749,0
4.51242,-0.0571428,0.00649931,0
4.51345,-0.0571027,0.00649137,0
4.51443,-0.0570618,0.0065171,0
4.5154,-0.0570244,0.0065189,0
4.51644,-0.0570244,0.0065189,0
4.51745,-0.0569556,0.00649063,0
4.51854,-0.0569381,0.00642551,0
4.51949,-0.0568759,0.00644522,0
4.52074,-0.0568505,0.00643517,0
4.5214,-0.0568733,0.00641199,0
4.5224,-0.0568271,0.00647545,0
4.52344,-0.0568153,0.00649634,0
4.5244,-0.0568165,0.00648983,0
4.52541,-0.0568151,0.00649801,0
4.52655,-0.0568151,0.00649801,0
4.52765,-0.0568179,0.00649139,0
4.52844,-0.0568181,0.00650034,0
4.52951,-0.0568231,0.00649389,0
4.53043,-0.0568499,0.00646894,0
4.5314,-0.0568499,0.00646894,0
4.53247,-0.0568603,0.00645839,0
4.53343,-0.0568409,0.00650427,0
4.5344,-0.0568409,0.00650427,0
4.5354,-0.0569014,0.00643189,0
4.53646,-0.0569187,0.00643501,0
4.53745,-0.056905,0.00646756,0
4.53851,-0.0569117,0.00648624,0
4.53942,-0.0569528,0.00644752,0
4.54056,-0.0569528,0.00644752,0
4.5414,-0.056985,0.00645275,0
4.5424,-0.056998,0.00646726,0
4.54352,-0.056998,0.00646726,0
4.54441,-0.0570297,0.00647988,0
4.54545,-0.0570482,0.00647829,0
4.54646,-0.0570632,0.00649282,0
4.54742,-0.0570823,0.00649129,0
4.54841,-0.0570981,0.00650599,0
4.54941,-0.0570897,0.00654134,0
4.55039,-0.0570998,0.00656083,0
4.55141,-0.0571187,0.00655858,0
4.55241,-0.0571346,0.00657173,0
4.5534,-0.0571541,0.0065691,0
4.55442,-0.0571717,0.00657579,0
4.55546,-0.0571937,0.0065645,0
4.55643,-0.0571942,0.00656449,0
4.55785,-0.0572362,0.00655436,0
4.5584,-0.0572555,0.00655689,0
4.55944,-0.0572555,0.00655689,0
4.56046,-0.0572968,0.00655194,0
4.56149,-0.0573188,0.00654424,0
4.56239,-0.0573051,0.00660165,0
4.56339,-0.0573195,0.00660076,0
4.56439,-0.057337,0.00660537,0
4.5654,-0.0573579,0.00659709,0
4.56641,-0.0573754,0.00660225,0
4.5674,-0.0573957,0.00659567,0
4.56842,-0.0574505,0.00656492,0
4.56939,-0.0574369,0.00659148,0
4.57041,-0.0574495,0.00660437,0
4.57142,-0.0575084,0.00656216,0
4.57245,-0.0574898,0.00660283,0
4.57342,-0.0575111,0.00661948,0
4.5744,-0.057525,0.00662845,0
4.57544,-0.0575019,0.00666137,0
4.5764,-0.0575123,0.00667384,0
4.57739,-0.0575123,0.00667384,0
4.57844,-0.0575839,0.00663898,0
4.57943,-0.0575661,0.00666389,0
4.58043,-0.0575848,0.00669338,0
4.58147,-0.0575902,0.0066739,0
4.58245,-0.0576069,0.00668003,0
4.58351,-0.0576069,0.00668003,0
4.58443,-0.0576387,0.00668448,0
4.58542,-0.0576387,0.00668448,0
4.58646,-0.0576204,0.00673191,0
4.58742,-0.0576383,0.00672684,0
4.58848,-0.0576529,0.00673453,0
4.58946,-0.0576699,0.00673027,0
4.59044,-0.0576838,0.00673879,0
4.59138,-0.0577005,0.00673491,0
4.59248,-0.0577005,0.00673491,0
4.59345,-0.057714,0.00674373,0
4.59444,-0.0577302,0.00674014,0
4.59557,-0.0577302,0.00674014,0
4.5964,-0.0577079,0.00680245,0
4.59743,-0.0577518,0.00675128,0
4.59846,-0.0577518,0.00675128,0
4.59945,-0.0577717,0.00675183,0
4.60047,-0.0578229,0.00669547,0
4.60148,-0.0578426,0.00670022,0
4.60259,-0.0579091,0.006663,0
4.60343,-0.0579268,0.00667112,0
4.60442,-0.0578895,0.00671072,0
4.60542,-0.0578956,0.00672996,0
4.60653,-0.0579638,0.00669144,0
4.60745,-0.0578917,0.00678914,0
4.60841,-0.057892,0.00680098,0
4.60948,-0.0579562,0.00677315,0
4.61039,-0.0579215,0.00679995,0
4.6114,-0.0579804,0.00677869,0
4.61242,-0.0579973,0.00677114,0
4.61341,-0.0580071,0.00678134,0
4.6144,-0.0580184,0.00678,0
4.61543,-0.0580269,0.006791,0
4.61646,-0.0580383,0.00678937,0
4.61741,-0.0580263,0.00678365,0
4.61836,-0.0580263,0.00678365,0
4.6194,-0.0580091,0.00684856,0
4.62042,-0.0580091,0.00684856,0
4.62135,-0.0580141,0.00685211,0
4.62244,-0.0580229,0.006861,0
4.62345,-0.0580341,0.0068574,0
4.6244,-0.0580419,0.00686703,0
4.62539,-0.0581112,0.00682759,0
4.62647,-0.058124,0.00683229,0
4.62741,-0.0580733,0.00686807,0
4.62839,-0.0580739,0.00688511,0
4.62942,-0.0581065,0.00689977,0
4.63042,-0.0580886,0.0068917,0
4.63136,-0.0580991,0.00688715,0
4.63243,-0.058167,0.00686069,0
4.63341,-0.0580819,0.00694424,0
4.63438,-0.058073,0.00696731,0
4.63535,-0.0581432,0.00692605,0
4.63657,-0.0580927,0.00696279,0
4.6374,-0.0580939,0.00696476,0
4.63846,-0.058099,0.00697269,0
4.63941,-0.0581071,0.00696765,0
4.64042,-0.0581119,0.00697585,0
4.64148,-0.0581199,0.00697155,0
4.64251,-0.0581906,0.00694415,0
4.64343,-0.0581058,0.00696399,0
4.64446,-0.0581206,0.00698072,0
4.64564,-0.0581756,0.00699663,0
4.6465,-0.0581233,0.00704105,0
4.64787,-0.0581297,0.00704212,0
4.64846,-0.0581387,0.00704599,0
4.64953,-0.0581494,0.00704078,0
4.65048,-0.0581573,0.00704527,0
4.65143,-0.0581669,0.00704138,0
4.65246,-0.0582395,0.00701049,0
4.65344,-0.0581871,0.00703745,0
4.65446,-0.0581855,0.00704939,0
4.65544,-0.0582598,0.00701086,0
4.65649,-0.0582031,0.00704556,0
4.65753,-0.0581617,0.00710553,0
4.65845,-0.058225,0.00708039,0
4.65941,-0.0581673,0.00710454,0
4.66044,-0.0581673,0.00710454,0
4.66142,-0.0582325,0.00707781,0
4.6624,-0.058213,0.007048,0
4.66342,-0.0582876,0.00701619,0
4.66445,-0.058298,0.00700994,0
4.66543,-0.0583006,0.00701723,0
4.66641,-0.0583006,0.00701723,0
4.66747,-0.0583042,0.00701825,0
4.6684,-0.0583063,0.00702572,0
4.66939,-0.0582784,0.00700766,0
4.6704,-0.0583148,0.00703348,0
4.67142,-0.0583168,0.0070354,0
4.67242,-0.0583185,0.00704309,0
4.67356,-0.0583212,0.00704353,0
4.67443,-0.0583212,0.00704353,0
4.67541,-0.0583219,0.0070507,0
4.6764,-0.058326,0.0070505,0
4.67741,-0.0583704,0.00699533,0
4.67844,-0.0583805,0.00699686,0
4.67955,-0.0583805,0.00699686,0
4.68036,-0.058431,0.00695474,0
4.68143,-0.058431,0.00695474,0
4.68262,-0.0584911,0.00691022,0
4.6834,-0.0583837,0.00700738,0
4.68449,-0.0583692,0.00703456,0
4.68541,-0.0583692,0.00703456,0
4.6864,-0.0584512,0.00699945,0
4.68751,-0.0583833,0.00704014,0
4.68844,-0.0583779,0.00705082,0
4.68941,-0.0584576,0.00702243,0
4.69043,-0.0583888,0.00705668,0
4.69155,-0.0583804,0.00707341,0
4.69245,-0.0583831,0.00707584,0
4.69341,-0.0584628,0.00704652,0
4.69441,-0.0584279,0.00709907,0
4.6954,-0.0583357,0.00715296,0
4.69639,-0.0584077,0.00712224,0
4.6974,-0.0584122,0.00712149,0
4.69841,-0.0583297,0.0071583,0
4.69939,-0.0584009,0.00713455,0
4.7004,-0.0584064,0.00712841,0
4.7014,-0.0584042,0.00713484,0
4.70239,-0.0583192,0.00717305,0
4.70339,-0.058391,0.00714923,0
4.70441,-0.0583962,0.00714312,0
4.7054,-0.0583107,0.00718672,0
4.70639,-0.0583408,0.00721304,0
4.70741,-0.0583342,0.0072191,0
4.70846,-0.0583342,0.0072191,0
4.70944,-0.0584088,0.00718553,0
4.71042,-0.0583287,0.00721403,0
4.71146,-0.0583165,0.00722577,0
4.71254,-0.058229,0.00726076,0
4.7134,-0.0583015,0.00723544,0
4.7144,-0.0583059,0.00722733,0
4.71541,-0.0583027,0.00723196,0
4.71641,-0.0581719,0.00732339,0
4.71745,-0.0582348,0.00730469,0
4.71842,-0.0582375,0.00729459,0
4.71942,-0.0582337,0.00729609,0
4.72043,-0.0582295,0.00729331,0
4.72145,-0.0582244,0.00729681,0
4.72292,-0.058221,0.00729414,0
4.72342,-0.0582164,0.00729801,0
4.72442,-0.0582134,0.00729579,0
4.72541,-0.0582091,0.00730007,0
4.72641,-0.0582064,0.00729822,0
4.72741,-0.0581581,0.00735888,0
4.72843,-0.05823,0.0073279,0
4.72942,-0.0582308,0.00732462,0
4.73042,-0.0582308,0.00732462,0
4.73144,-0.0581284,0.00736592,0
4.73243,-0.0581284,0.00736592,0
4.73344,-0.0581201,0.00736452,0
4.73448,-0.0581173,0.00736108,0
4.73543,-0.0581173,0.00736108,0
4.73644,-0.0581069,0.00736157,0
4.73755,-0.0581032,0.00736519,0
4.73842,-0.0580561,0.00741852,0
4.73941,-0.0580424,0.00742807,0
4.74046,-0.0580385,0.0074234,0
4.74157,-0.0580341,0.00742401,0
4.74247,-0.0580309,0.00741913,0
4.74344,-0.0580266,0.00742108,0
4.74443,-0.0580238,0.0074169,0
4.7454,-0.0580238,0.0074169,0
4.74642,-0.0580199,0.00741934,0
4.74736,-0.0580176,0.00741575,0
4.74843,-0.0580176,0.00741575,0
4.74946,-0.0579736,0.00739665,0
4.75057,-0.0579752,0.00739351,0
4.75144,-0.0579765,0.00739762,0
4.75246,-0.0579762,0.00740284,0
4.7536,-0.0579762,0.00740284,0
4.75444,-0.0579765,0.00740712,0
4.7554,-0.0579765,0.00740712,0
4.75646,-0.0580181,0.00742757,0
4.75744,-0.0580139,0.00743308,0
4.7585,-0.0580118,0.00743112,0
4.75948,-0.0580532,0.00737928,0
4.76041,-0.0580607,0.00737154,0
4.7614,-0.0579694,0.00741363,0
4.76248,-0.0579154,0.0074767,0
4.7634,-0.0579924,0.00745333,0
4.76439,-0.057911,0.00747703,0
4.76542,-0.0578993,0.00748689,0
4.76647,-0.0579857,0.0074503,0
4.76745,-0.0579025,0.00748067,0
4.7685,-0.0579815,0.0074511,0
4.76949,-0.0578961,0.00748294,0
4.77041,-0.0578857,0.00748757,0
4.77145,-0.0579717,0.00745786,0
4.7725,-0.057889,0.00748263,0
4.77347,-0.0578769,0.0074942,0
4.77457,-0.0579188,0.00751417,0
4.77549,-0.0578238,0.00755102,0
4.77646,-0.0579021,0.00751985,0
4.77741,-0.0579036,0.00751551,0
4.77842,-0.0578097,0.00754466,0
4.77941,-0.0578874,0.00752088,0
4.78054,-0.0578908,0.00751119,0
4.78144,-0.0578866,0.00751416,0
4.78241,-0.0578821,0.00751223,0
4.7834,-0.0578767,0.00751638,0
4.78442,-0.0578727,0.00751421,0
4.78591,-0.0577759,0.00755181,0
4.78642,-0.0578569,0.00752237,0
4.78739,-0.0578133,0.00757518,0
4.7884,-0.0578006,0.0075784,0
4.7894,-0.057793,0.00758102,0
4.79041,-0.0578334,0.00759939,0
4.79142,-0.0578697,0.00754562,0
4.79241,-0.0577806,0.00756714,0
4.79342,-0.0577663,0.0075761,0
4.7944,-0.0577605,0.00757342,0
4.7954,-0.0577091,0.00763113,0
4.79639,-0.0576945,0.00763333,0
4.79739,-0.0576871,0.00763399,0
4.79841,-0.0576821,0.00762742,0
4.79939,-0.0576755,0.007628,0
4.80042,-0.0576705,0.00762272,0
4.80141,-0.0576644,0.00762402,0
4.80243,-0.0576598,0.00761933,0
4.80346,-0.0576541,0.00762118,0
4.80441,-0.0576499,0.00761703,0
4.8054,-0.0576444,0.00761927,0
4.8064,-0.0576406,0.00761568,0
4.80739,-0.0576352,0.00761834,0
4.80841,-0.0576316,0.00761514,0
4.8094,-0.0575801,0.00767313,0
4.81039,-0.0575659,0.00767551,0
4.81141,-0.0575587,0.00767613,0
4.81241,-0.0575541,0.00766974,0
4.8134,-0.0575478,0.00767035,0
4.81439,-0.0575431,0.0076651,0
4.81539,-0.0575371,0.00766639,0
4.81644,-0.0575322,0.0076617,0
4.81741,-0.0575266,0.0076635,0
4.8184,-0.0575225,0.00765929,0
4.81942,-0.0575171,0.00766156,0
4.82049,-0.0575132,0.00765778,0
4.8214,-0.057508,0.00766043,0
4.8224,-0.057504,0.00765691,0
4.8234,-0.0574525,0.00771455,0
4.82439,-0.0574381,0.00771674,0
4.8254,-0.0574308,0.00771719,0
4.8264,-0.0574262,0.00771065,0
4.82742,-0.0574195,0.00771097,0
4.82841,-0.0574148,0.00770567,0
4.82942,-0.0574085,0.00770665,0
4.83044,-0.0574041,0.00770188,0
4.8314,-0.0573981,0.00770336,0
4.83243,-0.0573937,0.00769896,0
4.83342,-0.0573881,0.00770101,0
4.83439,-0.0573839,0.00769703,0
4.83541,-0.0573784,0.00769946,0
4.8364,-0.0573277,0.00775003,0
4.83748,-0.0573117,0.00775804,0
4.83844,-0.0573056,0.007752,0
4.83941,-0.0572991,0.00775121,0
4.84039,-0.0572937,0.00774506,0
4.84141,-0.0572871,0.00774553,0
4.84241,-0.057282,0.00774004,0
4.84341,-0.0572757,0.00774105,0
4.8444,-0.057271,0.00773609,0
4.84541,-0.0572649,0.00773759,0
4.8464,-0.0572604,0.00773309,0
4.84764,-0.0572545,0.00773501,0
4.84841,-0.0572501,0.0077309,0
4.8494,-0.0571977,0.00778702,0
4.85041,-0.0571828,0.00778843,0
4.85136,-0.057175,0.00778831,0
4.8524,-0.0571695,0.007781,0
4.8534,-0.0571625,0.00778076,0
4.85444,-0.0571569,0.00777471,0
4.85544,-0.0571501,0.00777515,0
4.85646,-0.0571449,0.00776964,0
4.85744,-0.0571385,0.0077706,0
4.85841,-0.0571335,0.00776559,0
4.85945,-0.0571272,0.00776701,0
4.86047,-0.0570271,0.00779205,0
4.8614,-0.0570137,0.00779925,0
4.86239,-0.0570137,0.00779925,0
4.86347,-0.0570044,0.0077929,0
4.86444,-0.0570494,0.00781047,0
4.86545,-0.0570413,0.00781091,0
4.86642,-0.0570356,0.00780488,0
4.86743,-0.0569794,0.00778036,0
4.86853,-0.0570258,0.00779896,0
4.86938,-0.0604014,0.0274698,0
4.87041,-0.0582122,0.0264209,0
4.87142,-0.0582122,0.0264209,0
4.87239,-0.053939,0.0231447,0
4.87342,-0.0524502,0.0220104,0
4.87442,-0.0512041,0.0210657,0
4.87542,-0.0512041,0.0210657,0
4.87647,-0.050158,0.0202608,0
4.87748,-0.0492564,0.0195774,0
4.87854,-0.0485543,0.0190765,0
4.87943,-0.0477921,0.0184642,0
4.88058,-0.0471779,0.0180054,0
4.88141,-0.046716,0.0176727,0
4.88249,-0.0462425,0.0173149,0
4.88346,-0.0457954,0.0169464,0
4.88443,-0.0454436,0.0166749,0
4.88546,-0.0451464,0.016463,0
4.88645,-0.0448721,0.0162218,0
4.88742,-0.0445904,0.0160425,0
4.88858,-0.0443891,0.0159216,0
4.88938,-0.0442046,0.0157382,0
4.89053,-0.0440404,0.0155972,0
4.89143,-0.0438779,0.0154752,0
4.89244,-0.0437839,0.0153564,0
4.89358,-0.0439759,0.013745,0
4.89445,-0.0439072,0.0134834,0
4.89546,-0.0438845,0.0134236,0
4.89644,-0.044533,0.0133528,0
4.89751,-0.0456261,0.0133177,0
4.8984,-0.045815,0.0133483,0
4.89948,-0.0457738,0.013313,0
4.90041,-0.0451424,0.0130852,0
4.90139,-0.0431693,0.0123742,0
4.9024,-0.0431311,0.012371,0
4.90342,-0.0441836,0.0117908,0
4.9044,-0.0446351,0.0104282,0
4.90542,-0.0449353,0.0102737,0
4.9064,-0.0450371,0.0102685,0
4.9074,-0.0451304,0.0103731,0
4.9084,-0.0450743,0.010336,0
4.9094,-0.0452753,0.0102979,0
4.91041,-0.0454392,0.0102537,0
4.91158,-0.0456029,0.0102019,0
4.91247,-0.0457619,0.0101586,0
4.9134,-0.0459199,0.0101068,0
4.91442,-0.0460742,0.0100645,0
4.91541,-0.0462279,0.010016,0
4.91641,-0.0463784,0.00996706,0
4.91744,-0.0465259,0.00992634,0
4.9184,-0.0466746,0.00987686,0
4.91941,-0.0468196,0.0098375,0
4.92046,-0.0469656,0.00978949,0
4.92159,-0.0471078,0.00975177,0
4.92239,-0.047251,0.0097052,0
4.92353,-0.0473903,0.00966905,0
4.92445,-0.0475309,0.00962371,0
4.92545,-0.0475309,0.00962371,0
4.92643,-0.0476828,0.00961432,0
4.92763,-0.0479129,0.00958334,0
4.9286,-0.0479129,0.00958334,0
4.92944,-0.0481896,0.0094902,0
4.9304,-0.048321,0.00944581,0
4.93142,-0.0484474,0.00941577,0
4.93242,-0.048575,0.00937385,0
4.93339,-0.048575,0.00937385,0
4.93441,-0.0488224,0.00930378,0
4.93545,-0.0489421,0.00927591,0
4.93641,-0.0490615,0.00923953,0
4.93743,-0.0490882,0.00922078,0
4.93842,-0.0492871,0.00918862,0
4.93939,-0.0492871,0.00918862,0
4.94046,-0.0495236,0.00911296,0
4.94138,-0.0496362,0.00907511,0
4.94241,-0.0496362,0.00907511,0
4.94339,-0.0497697,0.009032,0
4.94439,-0.0497697,0.009032,0
4.94541,-0.0500539,0.00895841,0
4.9464,-0.0501643,0.00893503,0
4.94739,-0.0502664,0.00890023,0
4.94839,-0.0503636,0.00887962,0
4.94943,-0.0504621,0.00884654,0
4.95042,-0.0505557,0.00882673,0
4.95138,-0.0505799,0.00880909,0
4.95243,-0.0507359,0.00878409,0
4.9534,-0.0508267,0.00874515,0
4.95439,-0.0509219,0.00872593,0
4.9554,-0.0509443,0.00871223,0
4.95642,-0.0510914,0.00867899,0
4.95743,-0.0510914,0.00867899,0
4.95869,-0.0512692,0.00861652,0
4.95952,-0.0513419,0.00861052,0
4.9604,-0.0514211,0.00858285,0
4.96147,-0.0514211,0.00858285,0
4.9624,-0.0515754,0.00853978,0
4.96339,-0.0517082,0.00851286,0
4.96441,-0.0517274,0.00849197,0
4.9654,-0.0518489,0.00847439,0
4.96644,-0.0519234,0.00844218,0
4.96742,-0.0519339,0.00844231,0
4.96841,-0.0519339,0.00844231,0
4.96946,-0.0521137,0.00840122,0
4.97047,-0.0521782,0.00837129,0
4.97143,-0.0521782,0.00837129,0
4.97237,-0.0523029,0.00833762,0
4.97343,-0.0523595,0.00832832,0
4.97444,-0.0523722,0.00831598,0
4.97551,-0.0523826,0.00832149,0
4.97672,-0.0523826,0.00832149,0
4.97742,-0.0525445,0.008274,0
4.9784,-0.0525985,0.00825606,0
4.97943,-0.0526838,0.00824106,0
4.98046,-0.0527394,0.00821577,0
4.98148,-0.0527907,0.00820806,0
4.98244,-0.052839,0.00819158,0
4.98343,-0.0528867,0.0081743,0
4.98466,-0.0528867,0.0081743,0
4.98544,-0.0529777,0.00814917,0
4.98641,-0.0530201,0.00814369,0
4.98742,-0.0530649,0.0081246,0
4.9884,-0.0531058,0.00811962,0
4.98941,-0.0531058,0.00811962,0
4.99038,-0.053187,0.0080966,0
4.9914,-0.053187,0.0080966,0
4.99236,-0.0532283,0.00807847,0
4.99344,-0.0532651,0.00807449,0
4.99451,-0.0533043,0.00805676,0
4.99535,-0.0533129,0.00805947,0
4.99672,-0.0532597,0.00817761,0
4.99757,-0.0532939,0.00817185,0
4.99847,-0.0533073,0.00816027,0
4.99945,-0.053363,0.00815458,0
5.00045,-0.0533974,0.00813556,0
5.00142,-0.0534068,0.00813852,0
5.00242,-0.0534615,0.00811942,0
5.00344,-0.0534915,0.00811533,0
5.00445,-0.0535241,0.00809916,0
5.00544,-0.053531,0.00810285,0
5.00641,-0.0535809,0.00808507,0
5.00742,-0.053618,0.00807154,0
5.00849,-0.053618,0.00807154,0
5.00944,-0.0536611,0.00806855,0
5.01034,-0.0536902,0.00805164,0
5.01139,-0.0536938,0.00805637,0
5.01239,-0.0537632,0.00803692,0
5.01342,-0.0537903,0.00802233,0
5.01441,-0.0538116,0.00802293,0
5.0154,-0.0538345,0.00801316,0
5.01643,-0.0538578,0.00800213,0
5.01743,-0.053863,0.00800742,0
5.01841,-0.0538985,0.00799197,0
5.01939,-0.0539183,0.00799142,0
5.0204,-0.0539268,0.00798157,0
5.02139,-0.0539581,0.00798134,0
5.02242,-0.0539786,0.00796654,0
5.02342,-0.0539951,0.00796801,0
5.0244,-0.0540138,0.00795483,0
5.02545,-0.0540301,0.00795702,0
5.02639,-0.0540301,0.00795702,0
5.02739,-0.0540649,0.00794713,0
5.02842,-0.0540834,0.00793507,0
5.02948,-0.0540986,0.0079379,0
5.03049,-0.0541051,0.00792917,0
5.03135,-0.054129,0.00793112,0
5.03241,-0.0541472,0.00791876,0
5.03347,-0.054162,0.00792372,0
5.03443,-0.05418,0.00791142,0
5.03538,-0.05418,0.00791142,0
5.03644,-0.0542098,0.00789835,0
5.03737,-0.0542229,0.00790187,0
5.03841,-0.0542451,0.00789833,0
5.03944,-0.0542451,0.00789833,0
5.04041,-0.0542593,0.00790484,0
5.04139,-0.0542875,0.00790159,0
5.0425,-0.0543032,0.00789103,0
5.04344,-0.054308,0.0078977,0
5.04442,-0.054308,0.0078977,0
5.04539,-0.0543286,0.0078864,0
5.04638,-0.0543537,0.00787959,0
5.04749,-0.0543537,0.00787959,0
5.04847,-0.0543632,0.00788395,0
5.04939,-0.054381,0.0078775,0
5.05041,-0.054381,0.0078775,0
5.05149,-0.0543926,0.00786795,0
5.05245,-0.0543644,0.0078679,0
5.05345,-0.054504,0.00787777,0
5.05463,-0.0545502,0.00788676,0
5.05539,-0.0545172,0.00787093,0
5.05642,-0.0545004,0.00787662,0
5.0575,-0.0544094,0.00785388,0
5.0585,-0.0544329,0.00785444,0
5.05948,-0.054478,0.00784938,0
5.06049,-0.0545325,0.00780605,0
5.06154,-0.054593,0.00773016,0
5.06254,-0.0546325,0.00770312,0
5.06351,-0.0546507,0.00770576,0
5.06453,-0.054663,0.0077113,0
5.06539,-0.0546739,0.00771956,0
5.06656,-0.0546861,0.00771662,0
5.06753,-0.0546941,0.00772235,0
5.06852,-0.054702,0.00771899,0
5.06963,-0.0547064,0.00772431,0
5.07062,-0.0547117,0.00772063,0
5.07145,-0.054714,0.00772555,0
5.07271,-0.0547177,0.00772165,0
5.07365,-0.0547188,0.00772632,0
5.07451,-0.0547214,0.00772227,0
5.07557,-0.0547217,0.00772681,0
5.07647,-0.0547232,0.00772265,0
5.07741,-0.0547229,0.00772708,0
5.07842,-0.0547229,0.00772708,0
5.07944,-0.0547241,0.00772729,0
5.08041,-0.0547255,0.00772306,0
5.08141,-0.0547248,0.00772741,0
5.0826,-0.054726,0.00772316,0
5.08341,-0.0547252,0.00772748,0
5.08444,-0.0547252,0.00772748,0
5.08543,-0.0547255,0.00772754,0
5.0864,-0.0547266,0.00772327,0
5.08749,-0.0547256,0.00772757,0
5.08849,-0.0547267,0.00772329,0
5.08941,-0.0547257,0.00772759,0
5.09041,-0.0547268,0.00772332,0
5.09141,-0.0547268,0.00772332,0
5.0925,-0.0547258,0.00772761,0
5.09353,-0.0547268,0.00772333,0
5.09447,-0.0547258,0.00772761,0
5.09546,-0.0547269,0.00772334,0
5.09648,-0.0547258,0.00772762,0
5.09746,-0.0547269,0.00772334,0
5.09841,-0.0547259,0.00772763,0
5.09949,-0.0547269,0.00772334,0
5.10056,-0.0547258,0.00772762,0
5.10141,-0.0547269,0.00772335,0
5.10247,-0.0547258,0.00772763,0
5.10342,-0.0547269,0.00772334,0
5.10444,-0.0547259,0.00772764,0
5.10552,-0.0547269,0.00772335,0
5.1065,-0.0547258,0.00772762,0
5.10741,-0.0547269,0.00772334,0
5.10845,-0.0547259,0.00772764,0
5.10946,-0.0547269,0.00772334,0
5.11043,-0.0547258,0.00772762,0
5.11149,-0.0547269,0.00772335,0
5.11244,-0.0547258,0.00772762,0
5.11343,-0.0547268,0.00772333,0
5.11447,-0.0547258,0.00772763,0
5.11552,-0.0547268,0.00772333,0
5.11647,-0.0547258,0.00772762,0
5.11743,-0.0547269,0.00772334,0
5.11844,-0.0547258,0.00772762,0
5.11946,-0.0547268,0.00772332,0
5.12058,-0.0547258,0.00772762,0
5.12145,-0.0547268,0.00772333,0
5.12249,-0.0547257,0.00772761,0
5.12346,-0.0547268,0.00772332,0
5.12447,-0.0547258,0.00772763,0
5.12555,-0.0547268,0.00772332,0
5.12659,-0.0547257,0.00772761,0
5.1276,-0.0547268,0.00772333,0
5.12871,-0.0547257,0.00772761,0
5.12952,-0.0547268,0.00772331,0
5.13046,-0.0547258,0.00772762,0
5.13147,-0.0547268,0.00772331,0
5.13245,-0.0547257,0.0077276,0
5.13346,-0.0547268,0.00772332,0
5.13463,-0.0547257,0.00772761,0
5.13542,-0.0547262,0.00772553,0
5.13652,-0.0547271,0.00772319,0
5.13747,-0.054726,0.0077276,0
5.13849,-0.054727,0.00772329,0
5.13948,-0.054726,0.00772759,0
5.14042,-0.054727,0.00772328,0
5.14141,-0.054726,0.00772758,0
5.14244,-0.054727,0.0077233,0
5.14343,-0.0547259,0.00772758,0
5.14442,-0.054727,0.00772328,0
5.14542,-0.054726,0.00772758,0
5.14641,-0.054727,0.00772329,0
5.14742,-0.0547259,0.00772757,0
5.14841,-0.054727,0.0077233,0
5.14942,-0.0547259,0.00772757,0
5.15048,-0.0547269,0.00772327,0
5.15141,-0.0547259,0.00772757,0
5.15245,-0.054727,0.00772329,0
5.15345,-0.0547259,0.00772755,0
5.15445,-0.0547269,0.00772328,0
5.15543,-0.0547259,0.00772757,0
5.15651,-0.0547269,0.00772328,0
5.15753,-0.0547259,0.00772755,0
5.15843,-0.054727,0.00772328,0
5.15943,-0.0547259,0.00772755,0
5.16048,-0.0547269,0.00772327,0
5.1615,-0.0547259,0.00772756,0
5.16243,-0.0547269,0.00772327,0
5.16347,-0.0547258,0.00772754,0
5.1644,-0.0547269,0.00772327,0
5.16541,-0.0547259,0.00772756,0
5.16645,-0.0547269,0.00772326,0
5.16743,-0.0547258,0.00772754,0
5.16842,-0.0547269,0.00772327,0
5.16947,-0.0547258,0.00772754,0
5.17041,-0.0547268,0.00772325,0
5.17142,-0.0547259,0.00772755,0
5.17248,-0.0547268,0.00772325,0
5.1735,-0.0547258,0.00772753,0
5.17442,-0.0547269,0.00772326,0
5.17542,-0.0547258,0.00772754,0
5.17649,-0.0547268,0.00772324,0
5.17741,-0.0547258,0.00772753,0
5.17843,-0.0547269,0.00772326,0
5.17945,-0.0547258,0.00772753,0
5.18044,-0.0547268,0.00772324,0
5.18148,-0.0547258,0.00772754,0
5.18245,-0.0547268,0.00772324,0
5.18343,-0.0547258,0.00772752,0
5.18455,-0.0547268,0.00772325,0
5.18557,-0.0547258,0.00772752,0
5.18648,-0.0547268,0.00772323,0
5.18744,-0.0547258,0.00772753,0
5.18846,-0.0547268,0.00772323,0
5.18946,-0.0547257,0.00772752,0
5.19056,-0.0547268,0.00772323,0
5.19145,-0.0547257,0.00772752,0
5.19253,-0.0547268,0.00772323,0
5.19343,-0.0547257,0.00772751,0
5.19444,-0.0547268,0.00772323,0
5.19554,-0.0547257,0.00772752,0
5.19667,-0.0547267,0.00772322,0
5.19765,-0.0547257,0.00772752,0
5.19851,-0.0547267,0.00772321,0
5.19946,-0.0547257,0.00772752,0
5.20054,-0.0547267,0.00772321,0
5.20179,-0.0547257,0.00772751,0
5.20262,-0.0547268,0.00772322,0
5.20343,-0.0547257,0.00772751,0
5.20441,-0.0547262,0.00772544,0
5.20547,-0.0547268,0.0077231,0
5.20648,-0.0547256,0.00772751,0
5.20744,-0.0547267,0.0077232,0
5.20847,-0.0547257,0.0077275,0
5.20945,-0.0547267,0.0077232,0
5.2105,-0.0547256,0.00772749,0
5.21146,-0.0547267,0.00772321,0
5.21244,-0.0547257,0.0077275,0
5.21344,-0.0547266,0.0077232,0
5.21441,-0.0547256,0.00772749,0
5.21544,-0.0547266,0.0077232,0
5.21653,-0.0547257,0.00772735,0
5.21749,-0.0547267,0.00772307,0
5.21844,-0.0547257,0.00772736,0
5.2194,-0.0547267,0.00772306,0
5.22049,-0.0547257,0.00772735,0
5.22146,-0.0547267,0.00772307,0
5.22278,-0.0547256,0.00772733,0
5.22341,-0.0547267,0.00772306,0
5.22471,-0.0547257,0.00772735,0
5.22571,-0.0547267,0.00772306,0
5.22676,-0.0547257,0.00772734,0
5.22768,-0.0547267,0.00772305,0
5.22877,-0.0547256,0.00772732,0
5.22941,-0.0547267,0.00772306,0
5.23041,-0.0547257,0.00772734,0
5.23144,-0.0547257,0.00772734,0
5.23243,-0.0547266,0.00772305,0
5.23344,-0.0547256,0.00772733,0
5.23443,-0.0547267,0.00772305,0
5.23539,-0.0547256,0.00772733,0
5.2364,-0.0547267,0.00772305,0
5.23742,-0.0547256,0.00772733,0
5.23839,-0.0547266,0.00772304,0
5.23939,-0.0547256,0.00772732,0
5.24041,-0.0547266,0.00772304,0
5.24139,-0.0547256,0.00772732,0
5.24263,-0.0547256,0.00772732,0
5.24342,-0.0547256,0.00772732,0
5.24442,-0.0547266,0.00772303,0
5.24542,-0.0547256,0.00772732,0
5.24641,-0.0547266,0.00772303,0
5.24744,-0.0547256,0.00772732,0
5.24842,-0.0547266,0.00772303,0
5.24952,-0.0547266,0.00772303,0
5.2505,-0.0547256,0.00772731,0
5.2515,-0.0547266,0.00772303,0
5.25245,-0.0547255,0.00772731,0
5.25344,-0.0547266,0.00772303,0
5.25455,-0.0547255,0.00772731,0
5.25546,-0.0547265,0.00772301,0
5.25652,-0.0547256,0.00772731,0
5.25745,-0.0547265,0.00772301,0
5.25847,-0.0547255,0.0077273,0
5.25952,-0.0547266,0.00772302,0
5.26055,-0.0547255,0.0077273,0
5.2615,-0.0547265,0.007723,0
5.2625,-0.0547255,0.00772731,0
5.26346,-0.0547265,0.007723,0
5.26447,-0.0547255,0.0077273,0
5.26551,-0.0547265,0.007723,0
5.26653,-0.0547255,0.00772729,0
5.26743,-0.0547265,0.00772301,0
5.26851,-0.0547255,0.0077273,0
5.2695,-0.0547265,0.00772299,0
5.27046,-0.0547255,0.0077273,0
5.27154,-0.0547265,0.007723,0
5.27246,-0.0547255,0.00772729,0
5.27348,-0.0547265,0.00772299,0
5.27444,-0.0547254,0.00772729,0
5.27539,-0.0547265,0.00772299,0
5.2764,-0.0547253,0.00772744,0
5.2774,-0.0547258,0.00772536,0
5.2784,-0.0547264,0.00772303,0
5.27941,-0.0547252,0.00772744,0
5.28041,-0.0547263,0.00772312,0
5.28139,-0.0547253,0.00772743,0
5.28239,-0.0547263,0.00772313,0
5.28341,-0.0547253,0.00772742,0
5.28457,-0.0547253,0.00772742,0
5.28548,-0.0547253,0.00772742,0
5.28656,-0.0547263,0.00772313,0
5.2874,-0.0547252,0.00772742,0
5.2885,-0.0547263,0.00772313,0
5.28943,-0.0547252,0.00772741,0
5.29046,-0.0547263,0.00772313,0
5.29139,-0.0547252,0.00772741,0
5.29239,-0.0547262,0.00772313,0
5.29342,-0.0547252,0.00772741,0
5.29441,-0.0547262,0.00772312,0
5.2954,-0.0547252,0.0077274,0
5.29641,-0.0547262,0.00772312,0
5.29746,-0.0547262,0.00772312,0
5.2984,-0.0547262,0.00772312,0
5.29941,-0.0547252,0.0077274,0
5.30039,-0.0547252,0.0077274,0
5.30139,-0.0547262,0.00772312,0
5.30242,-0.0547252,0.0077274,0
5.30341,-0.0547262,0.00772312,0
5.30441,-0.0547262,0.00772312,0
5.30542,-0.0547252,0.00772739,0
5.30646,-0.0547262,0.00772311,0
5.30742,-0.0547252,0.00772739,0
5.30866,-0.0547262,0.00772311,0
5.30945,-0.0547252,0.00772739,0
5.31073,-0.0547262,0.00772311,0
5.31163,-0.0547252,0.00772739,0
5.31242,-0.0547261,0.0077231,0
5.31357,-0.0547251,0.00772738,0
5.31448,-0.0547262,0.00772311,0
5.31545,-0.0547251,0.00772738,0
5.31665,-0.0547261,0.00772309,0
5.31755,-0.0547251,0.00772738,0
5.31841,-0.0547261,0.0077231,0
5.31948,-0.0547251,0.00772738,0
5.32055,-0.0547261,0.0077231,0
5.32144,-0.0547251,0.00772737,0
5.32243,-0.0547261,0.00772309,0
5.32347,-0.0547251,0.00772738,0
5.32444,-0.0547261,0.00772308,0
5.32552,-0.0547251,0.00772737,0
5.32676,-0.0547261,0.00772308,0
5.32789,-0.0547251,0.00772737,0
5.32843,-0.0547261,0.00772309,0
5.32947,-0.0547261,0.00772309,0
5.33044,-0.054725,0.00772737,0
5.33187,-0.054725,0.00772737,0
5.33243,-0.0547261,0.00772307,0
5.3334,-0.0547251,0.00772737,0
5.33441,-0.0547261,0.00772308,0
5.33541,-0.054725,0.00772736,0
5.3364,-0.054726,0.00772306,0
5.33749,-0.054725,0.00772736,0
5.33844,-0.0547261,0.00772307,0
5.33939,-0.054725,0.00772735,0
5.34039,-0.0547261,0.00772307,0
5.34147,-0.054725,0.00772736,0
5.34239,-0.054725,0.00772736,0
5.3434,-0.054725,0.00772736,0
5.34438,-0.0547261,0.00772306,0
5.34587,-0.0547261,0.00772306,0
5.34649,-0.054726,0.00772306,0
5.34739,-0.054725,0.00772736,0
5.34846,-0.054725,0.00772736,0
5.34949,-0.054725,0.00772735,0
5.35043,-0.0547255,0.00772529,0
5.35144,-0.054726,0.00772293,0
5.35292,-0.0547249,0.00772735,0
5.35363,-0.0547249,0.00772735,0
5.35443,-0.054725,0.00772734,0
5.35541,-0.054725,0.00772734,0
5.35641,-0.0547251,0.00772719,0
5.35741,-0.0547261,0.0077229,0
5.3584,-0.0547251,0.00772718,0
5.35938,-0.0547261,0.0077229,0
5.36049,-0.0547261,0.0077229,0
5.36143,-0.0547261,0.0077229,0
5.36237,-0.0547251,0.00772718,0
5.36339,-0.0547251,0.00772718,0
5.36443,-0.0547251,0.00772717,0
5.36539,-0.0547251,0.00772717,0
5.36646,-0.0547261,0.00772289,0
5.36743,-0.054725,0.00772717,0
5.36872,-0.0547261,0.00772289,0
5.36944,-0.0547251,0.00772717,0
5.37041,-0.054726,0.00772288,0
5.37175,-0.054725,0.00772716,0
5.37292,-0.0547261,0.00772289,0
5.37355,-0.054725,0.00772716,0
5.37448,-0.054726,0.00772288,0
5.37539,-0.054725,0.00772717,0
5.37649,-0.054726,0.00772288,0
5.37744,-0.054725,0.00772715,0
5.37841,-0.054726,0.00772288,0
5.37967,-0.054725,0.00772716,0
5.38044,-0.054726,0.00772288,0
5.38176,-0.0547249,0.00772714,0
5.38243,-0.054726,0.00772287,0
5.38342,-0.054725,0.00772716,0
5.38442,-0.054726,0.00772286,0
5.38541,-0.054725,0.00772715,0
5.38641,-0.054726,0.00772287,0
5.38741,-0.0547249,0.00772714,0
5.38841,-0.054726,0.00772286,0
5.38942,-0.0547249,0.00772714,0
5.39041,-0.054726,0.00772286,0
5.39176,-0.0547249,0.00772714,0
5.39245,-0.054726,0.00772286,0
5.39342,-0.0547249,0.00772714,0
5.39441,-0.054726,0.00772285,0
5.39593,-0.0547249,0.00772714,0
5.39657,-0.0547259,0.00772285,0
5.39744,-0.0547249,0.00772714,0
5.39844,-0.0547259,0.00772285,0
5.39944,-0.0547249,0.00772713,0
5.4005,-0.0547249,0.00772713,0
5.4014,-0.0547249,0.00772713,0
5.40242,-0.0547259,0.00772284,0
5.40347,-0.0547259,0.00772284,0
5.40444,-0.0547259,0.00772284,0
5.40545,-0.0547259,0.00772284,0
5.40639,-0.0547259,0.00772283,0
5.40741,-0.0547249,0.00772713,0
5.40843,-0.0547249,0.00772713,0
5.4094,-0.0547249,0.00772712,0
5.41042,-0.0547259,0.00772283,0
5.41148,-0.0547259,0.00772283,0
5.41245,-0.0547259,0.00772283,0
5.41345,-0.0547248,0.00772712,0
5.4144,-0.0547258,0.00772282,0
5.41544,-0.0547248,0.00772712,0
5.41646,-0.0547257,0.00772297,0
5.41739,-0.0547247,0.00772727,0
5.4184,-0.0547257,0.00772296,0
5.41943,-0.0547246,0.00772726,0
5.4204,-0.0547257,0.00772297,0
5.42145,-0.0547246,0.00772726,0
5.4228,-0.0547251,0.00772519,0
5.42343,-0.0547258,0.00772286,0
5.42446,-0.0547246,0.00772727,0
5.42542,-0.0547256,0.00772295,0
5.42638,-0.0547246,0.00772725,0
5.42738,-0.0547257,0.00772296,0
5.42843,-0.0547246,0.00772725,0
5.42939,-0.0547256,0.00772296,0
5.43043,-0.0547256,0.00772296,0
5.43141,-0.0547246,0.00772724,0
5.43242,-0.0547256,0.00772296,0
5.43341,-0.0547246,0.00772725,0
5.43443,-0.0547256,0.00772295,0
5.43546,-0.0547246,0.00772723,0
5.43666,-0.0547246,0.00772723,0
5.43739,-0.0547246,0.00772724,0
5.43839,-0.0547256,0.00772295,0
5.43945,-0.0547246,0.00772723,0
5.4404,-0.0547256,0.00772295,0
5.4415,-0.0547246,0.00772723,0
5.44264,-0.0547256,0.00772295,0
5.44347,-0.0547246,0.00772723,0
5.4445,-0.0547246,0.00772723,0
5.44549,-0.0547246,0.00772722,0
5.44641,-0.0547256,0.00772294,0
5.44739,-0.0547256,0.00772294,0
5.44835,-0.0547256,0.00772294,0
5.44936,-0.0547245,0.00772721,0
5.45038,-0.0547255,0.00772293,0
5.45134,-0.0547255,0.00772293,0
5.4525,-0.0547245,0.00772722,0
5.45339,-0.0547256,0.00772294,0
5.45449,-0.0547245,0.00772721,0
5.45551,-0.0547255,0.00772293,0
5.45645,-0.0547245,0.00772721,0
5.4575,-0.0547255,0.00772293,0
5.45846,-0.0547245,0.00772721,0
5.45946,-0.0547255,0.00772293,0
5.46049,-0.0547245,0.0077272,0
5.46143,-0.0547255,0.00772292,0
5.46239,-0.0547245,0.0077272,0
5.46342,-0.0547255,0.00772291,0
5.46438,-0.0547245,0.00772721,0
5.46541,-0.0547255,0.00772292,0
5.46655,-0.0547244,0.0077272,0
5.4675,-0.0547255,0.00772291,0
5.46842,-0.0547245,0.0077272,0
5.46942,-0.0547254,0.0077229,0
5.47041,-0.0547245,0.0077272,0
5.4714,-0.0547255,0.00772291,0
5.4724,-0.0547244,0.00772719,0
5.47354,-0.0547255,0.0077229,0
5.47442,-0.0547244,0.00772719,0
5.4754,-0.0547254,0.0077229,0
5.47662,-0.0547244,0.00772719,0
5.47785,-0.0547255,0.0077229,0
5.47875,-0.0547244,0.0077272,0
5.47954,-0.0547254,0.00772289,0
5.48043,-0.0547244,0.00772719,0
5.48141,-0.0547254,0.0077229,0
5.4824,-0.0547244,0.00772718,0
5.48339,-0.0547254,0.00772289,0
5.48439,-0.0547244,0.00772718,0
5.48544,-0.0547254,0.00772288,0
5.48639,-0.0547244,0.00772719,0
5.4874,-0.0547254,0.00772289,0
5.4886,-0.0547243,0.00772718,0
5.48939,-0.0547254,0.00772287,0
5.4905,-0.0547244,0.00772718,0
5.49139,-0.0547244,0.00772718,0
5.49239,-0.0547243,0.00772717,0
5.49341,-0.0547248,0.00772511,0
5.49442,-0.0547254,0.00772276,0
5.49539,-0.0547243,0.00772718,0
5.49641,-0.0547254,0.00772287,0
5.49738,-0.0547243,0.00772716,0
5.49839,-0.0547253,0.00772287,0
5.4994,-0.0547243,0.00772716,0
5.5004,-0.0547253,0.00772287,0
5.50139,-0.0547243,0.00772716,0
5.50239,-0.0547253,0.00772287,0
5.50339,-0.0547243,0.00772716,0
5.50443,-0.0547253,0.00772287,0
5.5054,-0.0547243,0.00772715,0
5.50642,-0.0547253,0.00772286,0
5.5074,-0.0547253,0.00772286,0
5.50843,-0.0547253,0.00772287,0
5.50944,-0.0547243,0.00772715,0
5.5104,-0.0547253,0.00772286,0
5.51144,-0.0547253,0.00772286,0
5.5124,-0.0547253,0.00772286,0
5.5134,-0.0547242,0.00772714,0
5.51439,-0.0547253,0.00772286,0
5.51539,-0.0547242,0.00772714,0
5.5164,-0.0547253,0.00772286,0
5.51739,-0.0547242,0.00772713,0
5.5184,-0.0547253,0.00772285,0
5.51944,-0.0547242,0.00772713,0
5.52044,-0.0547252,0.00772285,0
5.52141,-0.0547242,0.00772713,0
5.52242,-0.0547252,0.00772285,0
5.52344,-0.0547242,0.00772713,0
5.52443,-0.0547252,0.00772285,0
5.52556,-0.0547242,0.00772712,0
5.52643,-0.0547252,0.00772284,0
5.52776,-0.0547252,0.00772284,0
5.5284,-0.0547252,0.00772284,0
5.52943,-0.0547242,0.00772712,0
5.53041,-0.0547252,0.00772284,0
5.53141,-0.0547242,0.00772712,0
5.53239,-0.0547252,0.00772283,0
5.53348,-0.0547242,0.00772712,0
5.53442,-0.0547252,0.00772283,0
5.53543,-0.0547241,0.00772711,0
5.5364,-0.0547253,0.00772268,0
5.5374,-0.0547243,0.00772696,0
5.5384,-0.0547253,0.00772267,0
5.53941,-0.0547243,0.00772696,0
5.54117,-0.0547253,0.00772267,0
5.54164,-0.0547243,0.00772696,0
5.54239,-0.0547243,0.00772696,0
5.54353,-0.0547243,0.00772696,0
5.54457,-0.0547253,0.00772267,0
5.54539,-0.0547242,0.00772695,0
5.54642,-0.0547253,0.00772266,0
5.54742,-0.0547242,0.00772695,0
5.54841,-0.0547253,0.00772266,0
5.54942,-0.0547242,0.00772695,0
5.5504,-0.0547253,0.00772266,0
5.55141,-0.0547242,0.00772695,0
5.55284,-0.0547253,0.00772266,0
5.55335,-0.0547253,0.00772266,0
5.5544,-0.0547252,0.00772264,0
5.55539,-0.0547242,0.00772695,0
5.55641,-0.0547252,0.00772265,0
5.55746,-0.0547242,0.00772694,0
5.5584,-0.0547242,0.00772694,0
5.55941,-0.0547241,0.00772693,0
5.56048,-0.0547252,0.00772264,0
5.5614,-0.0547242,0.00772694,0
5.5624,-0.0547247,0.00772487,0
5.56342,-0.0547252,0.00772253,0
5.56443,-0.0547241,0.00772695,0
5.56539,-0.0547252,0.00772263,0
5.56641,-0.0547242,0.00772693,0
5.56743,-0.0547252,0.00772264,0
5.56843,-0.0547241,0.00772693,0
5.56941,-0.0547252,0.00772264,0
5.5704,-0.0547241,0.00772692,0
5.57139,-0.0547252,0.00772263,0
5.57243,-0.0547241,0.00772692,0
5.57341,-0.0547251,0.00772263,0
5.57459,-0.0547241,0.00772692,0
5.57543,-0.0547251,0.00772263,0
5.57647,-0.0547241,0.00772691,0
5.57747,-0.0547241,0.00772691,0
5.57846,-0.0547241,0.00772691,0
5.57951,-0.0547251,0.00772263,0
5.58035,-0.0547241,0.00772691,0
5.58142,-0.0547251,0.00772262,0
5.58244,-0.0547241,0.0077269,0
5.58338,-0.0547251,0.00772262,0
5.58471,-0.0547251,0.00772262,0
5.58545,-0.0547241,0.0077269,0
5.58645,-0.0547251,0.00772262,0
5.5874,-0.0547251,0.00772261,0
5.58845,-0.0547251,0.00772261,0
5.58944,-0.054724,0.00772689,0
5.5904,-0.0547251,0.00772261,0
5.59137,-0.0547251,0.00772262,0
5.59237,-0.0547251,0.00772262,0
5.59342,-0.054725,0.0077226,0
5.59438,-0.0547241,0.0077269,0
5.59538,-0.0547241,0.0077269,0
5.59644,-0.054724,0.00772688,0
5.59739,-0.054724,0.00772688,0
5.59834,-0.054724,0.00772688,0
5.59941,-0.054725,0.00772259,0
5.60039,-0.054724,0.00772689,0
5.60136,-0.054724,0.00772689,0
5.60238,-0.054724,0.00772687,0
5.60346,-0.054724,0.00772687,0
5.60444,-0.054725,0.0077226,0
5.60552,-0.054724,0.00772688,0
5.6065,-0.054725,0.00772259,0
5.6074,-0.054724,0.00772688,0
5.60842,-0.054725,0.00772259,0
5.60945,-0.0547239,0.00772687,0
5.61039,-0.054725,0.00772259,0
5.61143,-0.054724,0.00772687,0
5.61248,-0.054725,0.00772258,0
5.61348,-0.0547239,0.00772687,0
5.61448,-0.054725,0.00772258,0
5.6154,-0.0547239,0.00772686,0
5.61643,-0.0547248,0.00772272,0
5.61744,-0.0547238,0.00772702,0
5.61846,-0.0547248,0.00772272,0
5.61946,-0.0547238,0.00772701,0
5.62042,-0.0547248,0.00772272,0
5.62144,-0.0547237,0.00772701,0
5.62241,-0.0547248,0.00772271,0
5.62341,-0.0547238,0.00772702,0
5.62439,-0.0547248,0.00772271,0
5.62543,-0.0547237,0.007727,0
5.62654,-0.0547248,0.00772271,0
5.62741,-0.0547238,0.00772702,0
5.62843,-0.0547247,0.0077227,0
5.62948,-0.0547237,0.007727,0
5.6304,-0.0547247,0.0077227,0
5.63141,-0.0547238,0.00772701,0
5.63246,-0.0547247,0.0077227,0
5.63347,-0.0547237,0.00772699,0
5.63452,-0.0547242,0.00772494,0
5.63542,-0.0547248,0.00772259,0
5.63644,-0.0547236,0.007727,0
5.63747,-0.0547247,0.0077227,0
5.63846,-0.0547237,0.00772699,0
5.63958,-0.0547247,0.00772269,0
5.64045,-0.0547237,0.00772699,0
5.64143,-0.0547247,0.0077227,0
5.64255,-0.0547236,0.00772697,0
5.64348,-0.0547247,0.0077227,0
5.64448,-0.0547237,0.00772698,0
5.64549,-0.0547246,0.00772268,0
5.64643,-0.0547237,0.00772698,0
5.64746,-0.0547247,0.0077227,0
5.64861,-0.0547236,0.00772696,0
5.6494,-0.0547247,0.00772269,0
5.65047,-0.0547237,0.00772698,0
5.65141,-0.0547246,0.00772268,0
5.65253,-0.0547236,0.00772697,0
5.65342,-0.0547247,0.00772269,0
5.65441,-0.0547236,0.00772695,0
5.65543,-0.0547246,0.00772269,0
5.65649,-0.0547236,0.00772697,0
5.65751,-0.0547246,0.00772267,0
5.65845,-0.0547236,0.00772696,0
5.65945,-0.0547246,0.00772268,0
5.6605,-0.0547236,0.00772695,0
5.66165,-0.0547246,0.00772267,0
5.66257,-0.0547236,0.00772696,0
5.66368,-0.0547246,0.00772268,0
5.6645,-0.0547236,0.00772695,0
5.66543,-0.0547246,0.00772267,0
5.66641,-0.0547236,0.00772695,0
5.6674,-0.0547246,0.00772266,0
5.66842,-0.0547236,0.00772695,0
5.66972,-0.0547246,0.00772267,0
5.67063,-0.0547235,0.00772694,0
5.67152,-0.0547246,0.00772266,0
5.67244,-0.0547235,0.00772694,0
5.67339,-0.0547246,0.00772266,0
5.67444,-0.0547235,0.00772694,0
5.67542,-0.0547245,0.00772266,0
5.67643,-0.0547235,0.00772694,0
5.67741,-0.0547235,0.00772694,0
5.67839,-0.0547245,0.00772265,0
5.6794,-0.0547235,0.00772694,0
5.68045,-0.0547245,0.00772265,0
5.68142,-0.0547235,0.00772693,0
5.68239,-0.0547235,0.00772693,0
5.68344,-0.0547245,0.00772265,0
5.68448,-0.0547235,0.00772693,0
5.68541,-0.0547245,0.00772264,0
5.68641,-0.0547235,0.00772693,0
5.6874,-0.0547245,0.00772264,0
5.68842,-0.0547235,0.00772693,0
5.68946,-0.0547245,0.00772263,0
5.6904,-0.0547235,0.00772694,0
5.69137,-0.0547245,0.00772264,0
5.69253,-0.0547245,0.00772264,0
5.69344,-0.0547234,0.00772692,0
5.69447,-0.0547245,0.00772263,0
5.69548,-0.0547234,0.00772692,0
5.6964,-0.0547244,0.00772262,0
5.6974,-0.0547235,0.00772693,0
5.69866,-0.0547244,0.00772262,0
5.6995,-0.0547234,0.00772692,0
5.70041,-0.0547245,0.00772263,0
5.70153,-0.0547234,0.00772691,0
5.70255,-0.0547244,0.00772261,0
5.70341,-0.0547234,0.00772692,0
5.70449,-0.0547245,0.00772262,0
5.70542,-0.0547234,0.00772691,0
5.70639,-0.0547239,0.00772484,0
5.70739,-0.0547245,0.0077225,0
5.70883,-0.0547234,0.00772692,0
5.70949,-0.0547244,0.00772261,0
5.71045,-0.0547234,0.0077269,0
5.71177,-0.0547244,0.0077226,0
5.71247,-0.0547234,0.0077269,0
5.71343,-0.0547244,0.00772262,0
5.71441,-0.0547233,0.00772689,0
5.7154,-0.0547244,0.00772261,0
5.71639,-0.0547233,0.00772689,0
5.71739,-0.0547244,0.00772261,0
5.71839,-0.0547233,0.00772689,0
5.71945,-0.0547244,0.0077226,0
5.72043,-0.0547233,0.00772689,0
5.72145,-0.0547243,0.0077226,0
5.72242,-0.0547233,0.00772688,0
5.72339,-0.0547243,0.0077226,0
5.72443,-0.0547233,0.00772688,0
5.72565,-0.0547243,0.0077226,0
5.72644,-0.0547233,0.00772688,0
5.72739,-0.0547233,0.00772688,0
5.72839,-0.0547233,0.00772687,0
5.72944,-0.0547243,0.00772259,0
5.73045,-0.0547243,0.00772259,0
5.73147,-0.0547243,0.00772259,0
5.73256,-0.0547233,0.00772687,0
5.73341,-0.0547243,0.00772259,0
5.73462,-0.0547243,0.00772259,0
5.73555,-0.0547233,0.00772687,0
5.73641,-0.0547244,0.00772244,0
5.73742,-0.0547234,0.00772672,0
5.73839,-0.0547244,0.00772244,0
5.73939,-0.0547234,0.0077267,0
5.74048,-0.0547244,0.00772243,0
5.74139,-0.0547234,0.00772672,0
5.74242,-0.0547244,0.00772242,0
5.74343,-0.0547233,0.0077267,0
5.7444,-0.0547244,0.00772243,0
5.74549,-0.0547234,0.00772671,0
5.74643,-0.0547244,0.00772241,0
5.7474,-0.0547234,0.00772671,0
5.74843,-0.0547244,0.00772243,0
5.74939,-0.0547233,0.0077267,0
5.7504,-0.0547244,0.00772242,0
5.7514,-0.0547233,0.0077267,0
5.75239,-0.0547244,0.00772241,0
5.75339,-0.0547233,0.0077267,0
5.75441,-0.0547243,0.00772241,0
5.75539,-0.0547233,0.0077267,0
5.75639,-0.0547243,0.00772241,0
5.7574,-0.0547233,0.0077267,0
5.75839,-0.0547243,0.0077224,0
5.75939,-0.0547233,0.00772669,0
5.7604,-0.0547243,0.0077224,0
5.76142,-0.0547233,0.00772669,0
5.76239,-0.0547243,0.0077224,0
5.7634,-0.0547233,0.00772669,0
5.7644,-0.0547243,0.00772239,0
5.76541,-0.0547233,0.00772669,0
5.7664,-0.0547243,0.00772239,0
5.76745,-0.0547233,0.00772669,0
5.76839,-0.0547243,0.00772239,0
5.76939,-0.0547232,0.00772668,0
5.77039,-0.0547243,0.00772239,0
5.77139,-0.0547232,0.00772668,0
5.77239,-0.0547243,0.00772238,0
5.77339,-0.0547232,0.00772668,0
5.77439,-0.0547243,0.00772238,0
5.7754,-0.0547232,0.00772668,0
5.7764,-0.0547237,0.00772461,0
5.77736,-0.0547237,0.00772461,0
5.77843,-0.0547232,0.00772669,0
5.77944,-0.0547242,0.00772237,0
5.7804,-0.0547232,0.00772667,0
5.78142,-0.0547242,0.00772237,0
5.7824,-0.0547232,0.00772666,0
5.78342,-0.0547242,0.00772237,0
5.7844,-0.0547232,0.00772666,0
5.78541,-0.0547242,0.00772237,0
5.78643,-0.0547232,0.00772666,0
5.78747,-0.0547242,0.00772237,0
5.78841,-0.0547232,0.00772665,0
5.78946,-0.0547242,0.00772237,0
5.79041,-0.0547232,0.00772665,0
5.7914,-0.0547242,0.00772237,0
5.79249,-0.0547231,0.00772665,0
5.79343,-0.0547242,0.00772237,0
5.79439,-0.0547232,0.00772665,0
5.79543,-0.0547241,0.00772236,0
5.79641,-0.0547231,0.00772664,0
5.7974,-0.0547231,0.00772664,0
5.79843,-0.0547231,0.00772664,0
5.7994,-0.0547242,0.00772236,0
5.8004,-0.0547231,0.00772664,0
5.80147,-0.0547242,0.00772236,0
5.80249,-0.0547242,0.00772236,0
5.8034,-0.0547231,0.00772663,0
5.8045,-0.0547241,0.00772235,0
5.8054,-0.0547231,0.00772663,0
5.80646,-0.0547241,0.00772236,0
5.80742,-0.0547241,0.00772236,0
5.8084,-0.0547231,0.00772663,0
5.80946,-0.0547241,0.00772234,0
5.81044,-0.0547241,0.00772234,0
5.81139,-0.0547231,0.00772663,0
5.81241,-0.0547241,0.00772235,0
5.81344,-0.0547231,0.00772663,0
5.8144,-0.0547231,0.00772663,0
5.8154,-0.0547241,0.00772235,0
5.81644,-0.054723,0.00772662,0
5.81741,-0.0547241,0.00772234,0
5.81843,-0.0547231,0.00772663,0
5.81945,-0.0547231,0.00772663,0
5.82039,-0.0547241,0.00772233,0
5.82139,-0.054723,0.00772662,0
5.82243,-0.054723,0.00772662,0
5.82338,-0.0547241,0.00772234,0
5.82443,-0.0547241,0.00772234,0
5.82544,-0.054723,0.00772661,0
5.82635,-0.054724,0.00772232,0
5.82739,-0.054724,0.00772232,0
5.82844,-0.0547231,0.00772662,0
5.82943,-0.0547241,0.00772233,0
5.83036,-0.054723,0.00772661,0
5.83141,-0.054723,0.00772661,0
5.83243,-0.054724,0.00772232,0
5.8334,-0.054723,0.00772661,0
5.8344,-0.054723,0.00772661,0
5.83542,-0.054724,0.00772233,0
5.83639,-0.054723,0.00772661,0
5.83742,-0.054723,0.00772661,0
5.8384,-0.054724,0.00772231,0
5.83941,-0.054723,0.00772661,0
5.84041,-0.054724,0.00772231,0
5.8414,-0.054723,0.00772661,0
5.8424,-0.054724,0.00772231,0
5.8434,-0.0547229,0.0077266,0
5.84441,-0.054724,0.00772231,0
5.8454,-0.054723,0.0077266,0
5.84644,-0.054724,0.00772231,0
5.84741,-0.0547229,0.0077266,0
