0.031994 0.189007 -2.910795 -0.353497 0.278983 -0.002922 
0.033645 0.179919 -3.076789 -0.353711 0.279089 -0.001350 
0.042641 0.184108 -3.284184 -0.353826 0.278964 0.000515 
0.051776 0.170755 -3.512261 -0.354063 0.279025 0.002568 
0.059969 0.173515 -3.699174 -0.353868 0.279285 0.004119 
0.051828 0.178073 -3.657581 -0.353682 0.279242 0.003619 
0.042849 0.182875 -3.491250 -0.353502 0.279186 0.001938 
0.040624 0.200115 -3.273908 -0.353073 0.279175 -0.000020 
0.031201 0.205798 -3.056139 -0.352889 0.278923 -0.001976 
0.036372 0.202180 -2.870964 -0.352600 0.278858 -0.003217 
0.043334 0.191066 -2.923103 -0.352671 0.278430 -0.002617 
0.037833 0.178783 -3.088454 -0.353073 0.278297 -0.001147 
0.046829 0.182972 -3.295848 -0.353187 0.278173 0.000718 
0.056011 0.177980 -3.523711 -0.353365 0.278237 0.002667 
0.049966 0.172567 -3.699550 -0.353398 0.278495 0.004014 
0.042025 0.177457 -3.646721 -0.353371 0.278353 0.003205 
0.032582 0.173499 -3.491002 -0.353091 0.278393 0.001616 
0.031009 0.190317 -3.283516 -0.352825 0.278475 -0.000349 
0.029348 0.190543 -3.046113 -0.352676 0.278546 -0.002079 
0.035850 0.195331 -2.861019 -0.352649 0.278475 -0.003099 
0.043052 0.183525 -2.903065 -0.352725 0.278235 -0.002493 
0.044750 0.182798 -3.068844 -0.352881 0.278344 -0.001025 
0.046435 0.172558 -3.266327 -0.352941 0.278741 0.000836 
0.048313 0.172400 -3.504569 -0.353089 0.278669 0.002887 
0.057352 0.174942 -3.720446 -0.353215 0.278926 0.004096 
0.049652 0.179140 -3.657523 -0.353194 0.278971 0.003294 
0.033997 0.179235 -3.500709 -0.353211 0.279056 0.001497 
0.025923 0.192438 -3.302435 -0.353294 0.278991 -0.000577 
0.017110 0.189468 -3.064390 -0.353333 0.278823 -0.002410 
0.023396 0.194189 -2.878457 -0.353306 0.278753 -0.003750 
0.031512 0.190390 -2.930981 -0.353486 0.278607 -0.002935 
0.032728 0.181791 -3.087959 -0.353537 0.278621 -0.001035 
0.041917 0.176927 -3.285476 -0.353716 0.278681 0.000941 
0.043618 0.175678 -3.524022 -0.353711 0.278897 0.002986 
0.052228 0.178838 -3.700537 -0.353674 0.279056 0.004549 
0.044375 0.191065 -3.648636 -0.353435 0.279204 0.003951 
0.034892 0.188130 -3.491774 -0.353309 0.278957 0.002047 
0.025077 0.192656 -3.273471 -0.352973 0.278994 -0.000236 
0.022959 0.193505 -3.045322 -0.352820 0.278878 -0.002293 
0.028764 0.199609 -2.879576 -0.352782 0.278432 -0.003646 
0.036335 0.179842 -2.911438 -0.353076 0.278089 -0.002923 
0.037537 0.171506 -3.056341 -0.353286 0.278004 -0.001652 
0.031916 0.166101 -3.264204 -0.353317 0.278264 0.000310 
0.040448 0.161529 -3.482211 -0.353332 0.278237 0.002267 
0.049267 0.164628 -3.689910 -0.353294 0.278400 0.004126 
0.048501 0.181832 -3.648440 -0.353015 0.278311 0.003629 
0.040623 0.185460 -3.513056 -0.353001 0.278537 0.002242 
0.039157 0.185889 -3.294762 -0.353011 0.278514 0.000178 
0.029557 0.190482 -3.077298 -0.352675 0.278549 -0.001784 
0.028980 0.199676 -2.880415 -0.352782 0.278431 -0.003325 
0.037731 0.186466 -2.901731 -0.353190 0.278559 -0.002701 
0.039799 0.177777 -3.057327 -0.353563 0.278565 -0.001117 
0.035031 0.172282 -3.263808 -0.353915 0.278818 0.000530 
0.044214 0.167290 -3.491671 -0.354093 0.278883 0.002480 
0.045730 0.165343 -3.688100 -0.354095 0.279284 0.003915 
0.051828 0.178073 -3.657581 -0.353682 0.279242 0.003619 
0.036388 0.178236 -3.501606 -0.353699 0.279326 0.002144 
0.034164 0.195475 -3.284264 -0.353269 0.279316 0.000186 
0.031805 0.197016 -3.066209 -0.353111 0.279012 -0.001878 
0.029696 0.197473 -2.880482 -0.352797 0.278999 -0.003332 
0.044225 0.189953 -2.922865 -0.352839 0.278710 -0.002618 
0.038538 0.186851 -3.067748 -0.353177 0.278388 -0.001233 
0.046854 0.182213 -3.284917 -0.353193 0.278361 0.000403 
0.041596 0.168717 -3.512943 -0.353440 0.278523 0.002457 
0.049750 0.172500 -3.698711 -0.353399 0.278496 0.003693 
0.049588 0.180922 -3.667312 -0.353341 0.278495 0.003294 
0.040978 0.177763 -3.490797 -0.353378 0.278336 0.001730 
0.032293 0.190363 -3.283811 -0.353145 0.278466 -0.000023 
0.023473 0.187265 -3.076112 -0.353183 0.278303 -0.001881 
0.029302 0.183354 -2.870447 -0.353057 0.278325 -0.003104 
0.037465 0.187916 -2.922756 -0.353178 0.278183 -0.002393 
0.038969 0.186986 -3.069426 -0.353176 0.278387 -0.000591 
0.041481 0.177416 -3.276459 -0.353552 0.278588 0.001269 
0.042316 0.176521 -3.504312 -0.353385 0.278713 0.003000 
0.051098 0.170763 -3.689219 -0.353571 0.278963 0.004019 
0.050720 0.179118 -3.656980 -0.353515 0.278963 0.003299 
0.042129 0.175071 -3.499880 -0.353557 0.278996 0.001395 
0.033229 0.187604 -3.292056 -0.353325 0.279127 -0.000679 
0.024463 0.192995 -3.053795 -0.353305 0.278963 -0.002616 
0.030461 0.190046 -2.878171 -0.353331 0.278701 -0.003858 
0.038167 0.185977 -2.910747 -0.353354 0.278652 -0.003030 
0.046447 0.173235 -3.067439 -0.353430 0.278613 -0.001237 
0.040874 0.176190 -3.275087 -0.353401 0.278877 0.000621 
0.042575 0.174941 -3.513633 -0.353396 0.279093 0.002666 
0.051185 0.178101 -3.690148 -0.353359 0.279253 0.004229 
0.050372 0.186944 -3.648893 -0.353139 0.279161 0.003837 
0.048217 0.188295 -3.492368 -0.352978 0.278865 0.002042 
0.032117 0.189272 -3.284116 -0.352992 0.278754 -0.000029 
0.022934 0.194264 -3.056254 -0.352814 0.278690 -0.001979 
0.022069 0.195790 -2.869679 -0.352974 0.278381 -0.003421 
0.029223 0.175623 -2.911940 -0.353109 0.278137 -0.002711 
0.037551 0.171242 -3.068416 -0.353127 0.278102 -0.001023 
0.038802 0.170746 -3.285871 -0.353118 0.278127 0.000721 
0.047574 0.165483 -3.493785 -0.353138 0.278287 0.002684 
0.056178 0.168514 -3.700646 -0.353101 0.278451 0.004221 
0.047908 0.180342 -3.659143 -0.352704 0.278699 0.003610 
0.045994 0.181001 -3.492526 -0.352549 0.278591 0.001821 
0.037093 0.193534 -3.284701 -0.352316 0.278721 -0.000252 
0.028763 0.198437 -3.055457 -0.352460 0.278650 -0.002517 
0.028373 0.198451 -2.879042 -0.352630 0.278721 -0.003973 
0.037099 0.185999 -2.911290 -0.353032 0.278660 -0.003035 
0.046905 0.181867 -3.087172 -0.353528 0.278521 -0.001355 
0.041701 0.176860 -3.284637 -0.353717 0.278681 0.000620 
0.043850 0.175380 -3.471508 -0.353876 0.278982 0.002389 
0.045759 0.174592 -3.668471 -0.354031 0.279094 0.004151 
0.046094 0.190622 -3.657948 -0.353919 0.279288 0.003949 
0.043979 0.190950 -3.502567 -0.353605 0.279279 0.002469 
0.033963 0.195143 -3.295501 -0.353110 0.279415 0.000494 
0.031651 0.205046 -3.077230 -0.352893 0.279115 -0.001674 
0.037024 0.201759 -2.880819 -0.352763 0.278950 -0.003224 
0.037602 0.193736 -2.901821 -0.352978 0.278850 -0.002812 
0.045239 0.190799 -3.047299 -0.352986 0.278436 -0.001432 
0.039532 0.178056 -3.254233 -0.353229 0.278406 0.000321 
0.041434 0.177139 -3.481543 -0.353382 0.278523 0.002057 
0.042422 0.168214 -3.698374 -0.353433 0.278545 0.003585 
0.041609 0.177058 -3.657119 -0.353213 0.278453 0.003192 
0.040144 0.176964 -3.511593 -0.353062 0.278536 0.001705 
0.031225 0.190385 -3.284354 -0.352824 0.278474 -0.000028 
0.028953 0.199264 -3.067228 -0.352453 0.278461 -0.001882 
0.027865 0.191337 -2.881173 -0.352519 0.278436 -0.003226 
0.028706 0.191743 -2.902798 -0.352675 0.278339 -0.002598 
0.037451 0.187761 -3.048877 -0.352851 0.278204 -0.000897 
0.046874 0.182077 -3.266646 -0.353034 0.278456 0.001058 
0.048777 0.181160 -3.493956 -0.353188 0.278572 0.002795 
0.050469 0.180304 -3.690081 -0.353344 0.278685 0.004237 
0.043608 0.174900 -3.657482 -0.353549 0.279012 0.003511 
0.035040 0.179973 -3.511098 -0.353526 0.278859 0.001817 
0.026556 0.192904 -3.292876 -0.353452 0.278890 -0.000244 
0.024390 0.185393 -3.064942 -0.353357 0.278771 -0.002197 
0.023396 0.194189 -2.878457 -0.353306 0.278753 -0.003750 
0.031102 0.190120 -2.911033 -0.353328 0.278703 -0.002921 
0.039430 0.185739 -3.067510 -0.353346 0.278668 -0.001234 
0.048202 0.180476 -3.275424 -0.353366 0.278828 0.000729 
0.042623 0.183302 -3.513418 -0.353337 0.279096 0.002561 
0.058250 0.173958 -3.689862 -0.353384 0.279201 0.004121 
0.050807 0.186455 -3.657909 -0.353303 0.279253 0.003509 
0.041587 0.191949 -3.501671 -0.353117 0.279009 0.001822 
0.032815 0.197212 -3.293756 -0.353096 0.278849 -0.000141 
0.017373 0.197897 -3.065013 -0.353274 0.278826 -0.002193 
0.015392 0.191083 -2.879197 -0.353172 0.278522 -0.003537 
0.023011 0.179677 -2.910844 -0.353406 0.278182 -0.002918 
0.031602 0.183724 -3.067944 -0.353364 0.278149 -0.001014 
0.040374 0.178461 -3.275859 -0.353385 0.278309 0.000949 
0.041005 0.177756 -3.442181 -0.353219 0.278426 0.002411 
0.042706 0.176507 -3.680727 -0.353214 0.278642 0.004456 
0.034799 0.180244 -3.659388 -0.353033 0.278791 0.003936 
0.040159 0.176700 -3.523669 -0.352902 0.278634 0.002334 
0.039003 0.193918 -3.305784 -0.352793 0.278616 0.000382 
0.030256 0.198421 -3.086938 -0.352779 0.278645 -0.001896 
0.028764 0.199609 -2.879576 -0.352782 0.278432 -0.003646 
0.037059 0.187022 -2.910146 -0.353186 0.278373 -0.003350 
0.038764 0.186424 -3.045579 -0.353343 0.278478 -0.001856 
0.033923 0.173327 -3.263207 -0.353747 0.278539 0.000210 
0.043394 0.176004 -3.480762 -0.353872 0.278795 0.002062 
0.045543 0.174524 -3.667632 -0.354032 0.279095 0.003831 
0.045180 0.182614 -3.647469 -0.353815 0.279194 0.003740 
0.043299 0.182122 -3.512341 -0.353506 0.279377 0.002240 
0.034427 0.203903 -3.284888 -0.353210 0.279318 0.000402 
0.025607 0.200805 -3.077189 -0.353248 0.279155 -0.001456 
0.031919 0.204767 -2.880324 -0.353227 0.279273 -0.003112 
0.038933 0.202142 -2.901902 -0.353240 0.278845 -0.002590 
0.047462 0.198093 -3.047142 -0.353416 0.278710 -0.001211 
0.041755 0.185349 -3.254076 -0.353658 0.278680 0.000541 
0.049654 0.180312 -3.481642 -0.353516 0.278753 0.002165 
0.051347 0.179456 -3.677767 -0.353672 0.278867 0.003606 
0.043616 0.184284 -3.656123 -0.353643 0.278728 0.003092 
0.041500 0.184612 -3.500742 -0.353329 0.278719 0.001612 
0.031459 0.189565 -3.304607 -0.352829 0.278666 -0.000048 
0.029605 0.198843 -3.077083 -0.352616 0.278553 -0.001889 
0.027865 0.191337 -2.881173 -0.352519 0.278436 -0.003226 
0.028706 0.191743 -2.902798 -0.352675 0.278339 -0.002598 
0.051668 0.186813 -3.049233 -0.352689 0.278391 -0.000903 
0.046698 0.180986 -3.266951 -0.352882 0.278744 0.001052 
0.048385 0.180002 -3.493422 -0.353036 0.278861 0.002468 
0.050078 0.179146 -3.689547 -0.353192 0.278974 0.003909 
0.042828 0.182591 -3.647717 -0.353174 0.279211 0.003408 
0.041635 0.200310 -3.501456 -0.353058 0.279012 0.001718 
0.033056 0.196520 -3.283663 -0.353102 0.279037 -0.000134 
0.024237 0.193422 -3.075964 -0.353140 0.278873 -0.001993 
0.030288 0.198963 -2.869779 -0.353108 0.278611 -0.003314 
0.031317 0.190187 -2.911872 -0.353328 0.278703 -0.002600 
0.046973 0.190092 -3.068686 -0.353310 0.278618 -0.000804 
0.047766 0.180964 -3.266408 -0.353203 0.278736 0.001057 
0.041924 0.175362 -3.503778 -0.353233 0.279001 0.002673 
0.050922 0.169672 -3.689524 -0.353419 0.279251 0.004013 
0.043217 0.173741 -3.656948 -0.353397 0.279300 0.003184 
0.041822 0.191129 -3.521924 -0.353122 0.279201 0.001803 
0.033467 0.196791 -3.303611 -0.353259 0.278941 -0.000148 
0.024647 0.193693 -3.095912 -0.353297 0.278778 -0.002006 
0.016043 0.190662 -2.889051 -0.353335 0.278614 -0.003544 
0.023903 0.178564 -2.910606 -0.353574 0.278462 -0.002919 
0.032237 0.174311 -3.036736 -0.353592 0.278422 -0.001205 
0.033944 0.173191 -3.244937 -0.353588 0.278634 0.000866 
0.041648 0.167950 -3.453394 -0.353288 0.278802 0.002823 
0.042946 0.175815 -3.670634 -0.353220 0.278830 0.004463 
0.034623 0.179153 -3.659693 -0.352881 0.279079 0.003930 
0.047358 0.188256 -3.524096 -0.352656 0.278876 0.002332 
0.030895 0.197323 -3.295681 -0.352453 0.278864 0.000170 
0.028972 0.198376 -3.086642 -0.352459 0.278653 -0.002222 
0.028085 0.190782 -2.889350 -0.352684 0.278530 -0.003875 
0.029080 0.183158 -2.899954 -0.353058 0.278330 -0.003451 
0.037825 0.179176 -3.046033 -0.353233 0.278195 -0.001751 
0.040553 0.169673 -3.253905 -0.353608 0.278395 0.000430 
0.050023 0.172350 -3.471459 -0.353733 0.278650 0.002282 
0.051098 0.170763 -3.689219 -0.353571 0.278963 0.004019 
0.043648 0.173876 -3.658625 -0.353395 0.279299 0.003826 
0.049799 0.185738 -3.503129 -0.353156 0.279524 0.002349 
0.040611 0.190602 -3.305613 -0.352977 0.279464 0.000373 
0.038997 0.199188 -3.067995 -0.352770 0.279538 -0.001461 
0.031091 0.204097 -2.870774 -0.352911 0.279469 -0.003111 
0.038494 0.192623 -2.901583 -0.353147 0.279130 -0.002813 
0.046976 0.180213 -3.047038 -0.353382 0.278992 -0.001329 
0.048644 0.180116 -3.254095 -0.353531 0.278917 0.000427 
0.050962 0.179598 -3.471006 -0.353843 0.278933 0.002176 
0.051299 0.171095 -3.677982 -0.353730 0.278863 0.003711 
0.043809 0.175231 -3.646245 -0.353707 0.278912 0.003203 
0.041500 0.184612 -3.500742 -0.353329 0.278719 0.001612 
0.038988 0.194182 -3.293708 -0.352953 0.278517 -0.000248 
0.037086 0.195099 -3.066398 -0.352799 0.278401 -0.001985 
0.028329 0.200097 -2.870560 -0.352619 0.278339 -0.003318 
0.035531 0.188292 -2.912605 -0.352695 0.278100 -0.002712 
0.044516 0.183618 -3.048591 -0.352876 0.278152 -0.001006 
0.039306 0.178483 -3.276402 -0.353064 0.278317 0.000944 
0.041865 0.177273 -3.483220 -0.353381 0.278521 0.002699 
0.043141 0.176018 -3.689743 -0.353378 0.278734 0.004128 
0.035805 0.172126 -3.646984 -0.353573 0.278681 0.003417 
0.042568 0.184590 -3.500199 -0.353650 0.278711 0.001617 
0.033830 0.188701 -3.323774 -0.353475 0.278842 -0.000057 
0.024600 0.185332 -3.096127 -0.353356 0.278774 -0.001902 
0.022980 0.193790 -2.888855 -0.353148 0.278853 -0.003763 
0.030428 0.181421 -2.890462 -0.353231 0.278797 -0.003124 
0.038997 0.176348 -3.036845 -0.353253 0.278949 -0.001431 
0.040511 0.184280 -3.254924 -0.353185 0.278976 0.000530 
0.049700 0.179417 -3.452440 -0.353363 0.279037 0.002505 
0.051339 0.170072 -3.679126 -0.353577 0.279151 0.004025 
0.043192 0.174500 -3.667880 -0.353390 0.279112 0.003499 
0.042843 0.182746 -3.521596 -0.353502 0.279190 0.001912 
0.026743 0.183723 -3.313344 -0.353515 0.279079 -0.000159 
0.017367 0.197768 -3.095359 -0.353273 0.278830 -0.002219 
0.016245 0.190994 -2.877815 -0.353494 0.278514 -0.003852 
0.024104 0.178896 -2.899369 -0.353733 0.278362 -0.003228 
0.031781 0.174936 -3.045991 -0.353588 0.278235 -0.001533 
0.041232 0.178500 -3.244131 -0.353707 0.278297 0.000659 
0.049803 0.172906 -3.463282 -0.353569 0.278557 0.002931 
0.044014 0.175793 -3.670091 -0.353541 0.278822 0.004468 
0.029043 0.183673 -3.649038 -0.353335 0.279022 0.004056 
0.034691 0.187798 -3.503011 -0.353150 0.279057 0.002356 
0.025502 0.192662 -3.305494 -0.352971 0.278997 0.000380 
0.030256 0.198421 -3.086938 -0.352779 0.278645 -0.001896 
0.022040 0.186541 -2.889308 -0.353039 0.278570 -0.003657 
0.022404 0.178451 -2.909471 -0.353255 0.278471 -0.003566 
0.038260 0.178687 -3.055049 -0.353397 0.278287 -0.002079 
0.039920 0.169206 -3.263464 -0.353451 0.278496 0.000097 
0.041434 0.177139 -3.481543 -0.353382 0.278523 0.002057 
0.043342 0.176350 -3.678507 -0.353537 0.278635 0.003820 
0.043608 0.174900 -3.657482 -0.353549 0.279012 0.003511 
0.042166 0.183926 -3.522673 -0.353332 0.278909 0.002234 
0.026570 0.192640 -3.304951 -0.353292 0.278989 0.000386 
0.032043 0.206204 -3.077764 -0.353045 0.278826 -0.001347 
0.024091 0.202752 -2.880759 -0.353245 0.278754 -0.002892 
0.031781 0.198947 -2.901259 -0.353427 0.278606 -0.002692 
0.039847 0.186138 -3.057112 -0.353504 0.278568 -0.001221 
0.041707 0.176988 -3.254291 -0.353717 0.278677 0.000646 
0.050937 0.180357 -3.481938 -0.353837 0.278745 0.002491 
0.052166 0.170741 -3.688676 -0.353892 0.278955 0.004025 
0.043656 0.183261 -3.657267 -0.353490 0.279015 0.003407 
0.041587 0.191949 -3.501671 -0.353117 0.279009 0.001822 
0.046791 0.196956 -3.304206 -0.352929 0.278848 -0.000153 
0.037145 0.193188 -3.086956 -0.352651 0.278881 -0.002011 
0.028146 0.198878 -2.901211 -0.352465 0.278631 -0.003350 
0.035427 0.194803 -2.901763 -0.352490 0.278579 -0.003137 
0.044149 0.181701 -3.037125 -0.352730 0.278629 -0.001647 
0.038752 0.185747 -3.244468 -0.352854 0.278605 0.000217 
0.047437 0.173147 -3.451454 -0.353087 0.278475 0.001970 
0.056404 0.168087 -3.678477 -0.353266 0.278540 0.003598 
0.042084 0.175546 -3.667279 -0.353223 0.278833 0.003179 
0.033731 0.180686 -3.521734 -0.353199 0.278679 0.001806 
0.025415 0.185324 -3.304566 -0.353183 0.278706 0.000170 
0.030647 0.199580 -3.087471 -0.352931 0.278356 -0.001569 
0.021868 0.195458 -2.880916 -0.352815 0.278480 -0.003113 
0.037343 0.195315 -2.892500 -0.352967 0.278470 -0.002478 
0.045173 0.183326 -3.028100 -0.353039 0.278240 -0.000987 
0.046665 0.182138 -3.235461 -0.353036 0.278452 0.000763 
0.056135 0.184815 -3.453016 -0.353161 0.278708 0.002615 
0.057171 0.184252 -3.669632 -0.353152 0.278733 0.004038 
0.042588 0.183282 -3.657810 -0.353169 0.279023 0.003402 
0.041318 0.183392 -3.531393 -0.353176 0.279011 0.001580 
0.032136 0.188385 -3.303531 -0.352998 0.278946 -0.000370 
0.030691 0.197933 -3.095954 -0.352942 0.278737 -0.002224 
0.029569 0.191159 -2.878409 -0.353163 0.278422 -0.003857 
0.029994 0.191165 -2.910433 -0.353161 0.278424 -0.003241 
0.031202 0.182958 -3.024989 -0.353372 0.278335 -0.001945 
0.040687 0.185371 -3.254619 -0.353337 0.278689 0.000536 
0.050110 0.179687 -3.472388 -0.353521 0.278941 0.002492 
0.050710 0.179613 -3.679988 -0.353349 0.278873 0.004243 
0.043717 0.191357 -3.669127 -0.353271 0.279116 0.003932 
0.035149 0.196430 -3.522744 -0.353249 0.278964 0.002238 
0.033031 0.197279 -3.294595 -0.353095 0.278848 0.000180 
0.038651 0.202685 -3.086732 -0.353065 0.278587 -0.001782 
0.022720 0.195369 -2.879534 -0.353137 0.278472 -0.003428 
0.029472 0.184316 -2.900488 -0.353210 0.278041 -0.003124 
0.038216 0.180334 -3.046566 -0.353385 0.277906 -0.001423 
0.040312 0.170364 -3.263998 -0.353603 0.278207 0.000424 
0.041650 0.177206 -3.482382 -0.353382 0.278522 0.002378 
0.050206 0.171876 -3.689457 -0.353403 0.278683 0.004020 
0.049627 0.179899 -3.668455 -0.353188 0.278783 0.003608 
0.040231 0.184302 -3.512522 -0.352849 0.278826 0.001915 
0.031747 0.197234 -3.294299 -0.352775 0.278857 -0.000146 
0.037609 0.201948 -3.076343 -0.352750 0.278784 -0.002102 
0.036984 0.202782 -2.879675 -0.352916 0.278663 -0.003539 
0.037146 0.194360 -2.911075 -0.352974 0.278663 -0.003139 
0.032309 0.181913 -3.025590 -0.353540 0.278614 -0.001625 
0.041305 0.186102 -3.232984 -0.353654 0.278489 0.000240 
0.050728 0.180418 -3.450753 -0.353838 0.278741 0.002196 
0.051932 0.171562 -3.668423 -0.353888 0.278763 0.004044 
0.044939 0.183306 -3.657562 -0.353810 0.279006 0.003733 
0.036169 0.188047 -3.522416 -0.353628 0.278953 0.002348 
0.033657 0.197617 -3.315382 -0.353252 0.278751 0.000488 
0.031990 0.197714 -3.108325 -0.353103 0.278827 -0.001269 
0.029894 0.207684 -2.890893 -0.352885 0.278526 -0.003116 
0.036886 0.195939 -2.901754 -0.352963 0.278282 -0.002805 
0.045153 0.183461 -3.046370 -0.353198 0.278145 -0.001642 
0.047013 0.174312 -3.243549 -0.353412 0.278255 0.000225 
0.048264 0.173816 -3.461004 -0.353403 0.278279 0.001969 
0.043080 0.167922 -3.677883 -0.353597 0.278633 0.003603 
0.035612 0.181178 -3.656862 -0.353509 0.278496 0.003306 
0.034558 0.181356 -3.531284 -0.353515 0.278483 0.001805 
0.032287 0.190234 -3.314157 -0.353144 0.278470 -0.000049 
0.030619 0.190331 -3.107101 -0.352995 0.278545 -0.001805 
0.028692 0.192007 -2.890723 -0.352835 0.278240 -0.003227 
0.036422 0.187179 -2.912367 -0.352863 0.278379 -0.002713 
0.037839 0.178911 -3.058108 -0.353073 0.278293 -0.001121 
0.040011 0.186551 -3.255696 -0.353168 0.278408 0.000858 
0.048783 0.181289 -3.463610 -0.353189 0.278568 0.002821 
0.050469 0.180304 -3.690081 -0.353344 0.278685 0.004237 
0.043390 0.184711 -3.678292 -0.353478 0.278638 0.003715 
0.042731 0.176168 -3.531599 -0.353708 0.278711 0.002017 
0.033355 0.190213 -3.313614 -0.353465 0.278462 -0.000043 
0.024407 0.194384 -3.106005 -0.353292 0.278590 -0.002013 
0.030195 0.191497 -2.899196 -0.353320 0.278325 -0.003550 
0.030774 0.183474 -2.920198 -0.353535 0.278225 -0.003138 
0.032062 0.182476 -3.066029 -0.353534 0.278430 -0.001657 
0.040787 0.168853 -3.274158 -0.353613 0.278587 0.000411 
0.049822 0.172018 -3.482696 -0.353574 0.278750 0.002590 
0.051361 0.179192 -3.689843 -0.353512 0.278965 0.004236 
0.051199 0.187614 -3.658443 -0.353454 0.278965 0.003836 
0.042407 0.183235 -3.512579 -0.353338 0.279097 0.002241 
0.040747 0.192716 -3.304164 -0.353283 0.278888 0.000065 
0.031517 0.189347 -3.076517 -0.353164 0.278821 -0.001780 
0.030025 0.190535 -2.869155 -0.353168 0.278609 -0.003530 
0.037691 0.187489 -2.900587 -0.353343 0.278272 -0.003016 
0.038482 0.178883 -3.025541 -0.353397 0.278282 -0.001732 
0.040365 0.178854 -3.233437 -0.353545 0.278206 0.000346 
0.048030 0.174636 -3.440751 -0.353398 0.278087 0.001989 
0.056145 0.169666 -3.669156 -0.353255 0.278159 0.003933 
0.048688 0.172651 -3.668908 -0.353078 0.278500 0.003714 
0.039966 0.185753 -3.533547 -0.352838 0.278450 0.002224 
0.038393 0.202571 -3.326060 -0.352571 0.278531 0.000258 
0.036484 0.203359 -3.129096 -0.352416 0.278419 -0.001504 
0.034999 0.204676 -2.891388 -0.352421 0.278202 -0.003228 
0.035556 0.187533 -2.901673 -0.352701 0.278288 -0.003027 
0.044501 0.183882 -3.036515 -0.353036 0.278053 -0.001635 
0.039949 0.178455 -3.243835 -0.353387 0.278306 0.000333 
0.049573 0.173103 -3.450368 -0.353729 0.278459 0.001980 
0.057928 0.167441 -3.668680 -0.353592 0.278719 0.003931 
0.050695 0.179877 -3.667912 -0.353509 0.278775 0.003614 
0.042818 0.183505 -3.532527 -0.353495 0.279001 0.002227 
0.032978 0.188790 -3.325156 -0.353154 0.278849 0.000259 
0.024292 0.201390 -3.118171 -0.352921 0.278979 -0.001494 
0.030129 0.206863 -2.911146 -0.352890 0.278718 -0.003136 
0.044689 0.198713 -2.912252 -0.352938 0.278613 -0.002710 
0.045891 0.190378 -3.057154 -0.353149 0.278528 -0.001439 
0.047511 0.181920 -3.264426 -0.353357 0.278449 0.000422 
0.049419 0.181132 -3.461389 -0.353512 0.278561 0.002184 
0.050167 0.172899 -3.688313 -0.353557 0.278396 0.003706 
0.050239 0.180501 -3.677167 -0.353504 0.278587 0.003286 
0.041469 0.185242 -3.542020 -0.353322 0.278534 0.001901 
0.032938 0.189813 -3.324012 -0.353307 0.278562 -0.000056 
0.023730 0.195564 -3.107082 -0.353123 0.278309 -0.001691 
0.029343 0.191586 -2.900578 -0.352998 0.278332 -0.003234 
0.043926 0.192556 -2.912400 -0.352982 0.278042 -0.002598 
0.045584 0.183596 -3.048048 -0.353197 0.278144 -0.001000 
0.054403 0.186694 -3.255747 -0.353159 0.278307 0.000858 
0.055895 0.185507 -3.463109 -0.353155 0.278520 0.002608 
0.057171 0.184252 -3.669632 -0.353152 0.278733 0.004038 
0.049868 0.179207 -3.658362 -0.353193 0.278971 0.003614 
0.041299 0.184280 -3.511979 -0.353170 0.278818 0.001921 
0.032312 0.189475 -3.303226 -0.353150 0.278659 -0.000363 
0.031061 0.189971 -3.085771 -0.353159 0.278634 -0.002107 
0.029368 0.190827 -2.889646 -0.353004 0.278521 -0.003549 
0.036623 0.187511 -2.901130 -0.353022 0.278280 -0.003021 
0.045159 0.183590 -3.016024 -0.353199 0.278141 -0.001616 
0.039748 0.178123 -3.255072 -0.353228 0.278406 0.000642 
0.048357 0.181282 -3.431586 -0.353191 0.278565 0.002205 
0.049843 0.179966 -3.669294 -0.353187 0.278782 0.003929 
0.050542 0.187906 -3.678934 -0.353291 0.278877 0.003818 
0.041819 0.201008 -3.543572 -0.353051 0.278827 0.002328 
0.040353 0.201437 -3.325279 -0.353060 0.278803 0.000263 
0.039465 0.193842 -3.127987 -0.353286 0.278679 -0.001390 
0.023218 0.202977 -2.900411 -0.353082 0.278667 -0.003232 
0.030867 0.190940 -2.890780 -0.353324 0.278511 -0.002902 
0.032701 0.183071 -3.026124 -0.353692 0.278325 -0.001297 
0.041520 0.186170 -3.233823 -0.353654 0.278488 0.000561 
0.042361 0.185403 -3.431330 -0.353487 0.278609 0.002318 
0.058191 0.175869 -3.669304 -0.353532 0.278722 0.004147 
0.050131 0.187635 -3.658986 -0.353133 0.278973 0.003831 
0.041146 0.192309 -3.523000 -0.352953 0.278920 0.002124 
0.039262 0.192339 -3.315105 -0.352804 0.278997 0.000047 
0.037401 0.201488 -3.117926 -0.352591 0.278887 -0.001820 
0.028395 0.207571 -2.889759 -0.352566 0.278535 -0.003763 
0.036455 0.195804 -2.900076 -0.352964 0.278284 -0.003447 
0.038289 0.187936 -3.035420 -0.353332 0.278098 -0.001842 
0.040560 0.179057 -3.252546 -0.353703 0.278111 0.000011 
0.042684 0.178336 -3.450349 -0.353857 0.278223 0.002095 
0.045043 0.176795 -3.668404 -0.354015 0.278526 0.004159 
0.038003 0.180178 -3.657759 -0.353997 0.278766 0.003952 
0.036122 0.179686 -3.522631 -0.353687 0.278950 0.002452 
0.033898 0.196926 -3.305289 -0.353258 0.278939 0.000494 
0.024662 0.193428 -3.107988 -0.353138 0.278876 -0.001377 
0.030087 0.198631 -2.881015 -0.352949 0.278711 -0.003005 
0.038019 0.194135 -2.891423 -0.353136 0.278750 -0.002800 
0.038980 0.186491 -3.046418 -0.353342 0.278477 -0.001535 
0.040471 0.185304 -3.253780 -0.353338 0.278689 0.000215 
0.050048 0.171591 -3.460528 -0.353739 0.278839 0.001967 
0.044019 0.175170 -3.677430 -0.353706 0.278916 0.003498 
0.043152 0.175524 -3.666736 -0.353544 0.278824 0.003184 
0.035040 0.179973 -3.511098 -0.353526 0.278859 0.001817 
0.033226 0.197483 -3.313704 -0.353254 0.278753 -0.000154 
0.031083 0.199091 -3.096488 -0.353094 0.278449 -0.001897 
0.029631 0.199255 -2.890270 -0.352945 0.278523 -0.003332 
0.044167 0.191864 -2.902307 -0.352987 0.278230 -0.002592 
0.045631 0.191957 -3.047833 -0.353138 0.278147 -0.001105 
0.041079 0.186529 -3.255153 -0.353489 0.278400 0.000863 
0.035418 0.182147 -3.461872 -0.353673 0.278374 0.002511 
0.051087 0.181035 -3.668446 -0.353661 0.278486 0.003941 
0.044698 0.183998 -3.667656 -0.353805 0.278818 0.003727 
0.035713 0.188671 -3.531670 -0.353624 0.278766 0.002020 
0.027182 0.193242 -3.313663 -0.353609 0.278793 0.000064 
0.018362 0.190144 -3.105963 -0.353647 0.278630 -0.001795 
0.023371 0.194948 -2.889389 -0.353300 0.278564 -0.003436 
0.030627 0.191632 -2.900874 -0.353318 0.278324 -0.002908 
0.038328 0.186912 -3.036563 -0.353179 0.278385 -0.001528 
0.047100 0.181650 -3.244478 -0.353200 0.278545 0.000435 
0.041527 0.184605 -3.452126 -0.353171 0.278809 0.002293 
0.050494 0.179545 -3.679149 -0.353350 0.278874 0.003922 
0.049915 0.187568 -3.658147 -0.353134 0.278974 0.003510 
0.041347 0.192641 -3.511764 -0.353112 0.278821 0.001816 
0.032857 0.205444 -3.323887 -0.353037 0.278856 -0.000271 
0.023386 0.202767 -3.106333 -0.352912 0.278601 -0.002122 
0.022962 0.203933 -2.898428 -0.353237 0.278380 -0.003867 
0.031479 0.191542 -2.899492 -0.353640 0.278316 -0.003224 
0.039525 0.179620 -3.035930 -0.353711 0.278086 -0.001412 
0.041931 0.186440 -3.253771 -0.353811 0.278393 0.000548 
0.050703 0.181177 -3.461685 -0.353832 0.278553 0.002511 
0.051778 0.179591 -3.679445 -0.353670 0.278865 0.004248 
0.051174 0.188373 -3.669375 -0.353448 0.278776 0.004151 
0.049293 0.187880 -3.534247 -0.353139 0.278959 0.002651 
0.040152 0.201105 -3.336516 -0.352901 0.278902 0.000571 
0.038028 0.201826 -3.138713 -0.352748 0.278791 -0.001512 
0.028582 0.198390 -2.910227 -0.352629 0.278724 -0.003678 
0.043344 0.190571 -2.900095 -0.352837 0.278520 -0.003561 
0.051879 0.186650 -3.014989 -0.353013 0.278382 -0.002156 
0.054151 0.177772 -3.232116 -0.353384 0.278395 -0.000302 
0.041666 0.176840 -3.429028 -0.353548 0.278608 0.001460 
0.057109 0.176155 -3.657771 -0.353371 0.278631 0.003513 
0.049675 0.188260 -3.668240 -0.353129 0.278786 0.003504 
0.049494 0.188212 -3.523010 -0.353298 0.278860 0.002343 
0.048137 0.205098 -3.316362 -0.353030 0.278941 0.000698 
0.031185 0.206164 -3.109492 -0.352723 0.278838 -0.001057 
0.036998 0.202518 -2.891751 -0.352757 0.278761 -0.002909 
0.037390 0.203676 -2.892285 -0.352909 0.278473 -0.002582 
0.038181 0.195070 -3.017239 -0.352962 0.278483 -0.001298 
0.047564 0.190410 -3.233865 -0.353299 0.278448 0.000343 
0.042145 0.185336 -3.430491 -0.353488 0.278610 0.001998 
0.050871 0.180968 -3.667607 -0.353661 0.278487 0.003620 
0.043591 0.185043 -3.667055 -0.353637 0.278539 0.003407 
0.049038 0.188836 -3.532264 -0.353293 0.278673 0.002015 
0.040313 0.202460 -3.324135 -0.353214 0.278516 -0.000052 
0.031077 0.198963 -3.126834 -0.353094 0.278453 -0.001923 
0.028758 0.199480 -2.909922 -0.352782 0.278436 -0.003672 
0.036671 0.195872 -2.900915 -0.352964 0.278283 -0.003126 
0.045656 0.191198 -3.036901 -0.353144 0.278336 -0.001419 
0.047100 0.181650 -3.244478 -0.353200 0.278545 0.000435 
0.041944 0.185004 -3.441728 -0.353329 0.278709 0.002306 
0.050911 0.179944 -3.668751 -0.353508 0.278774 0.003935 
0.043630 0.184019 -3.668199 -0.353484 0.278826 0.003722 
0.035713 0.188671 -3.531670 -0.353624 0.278766 0.002020 
0.034006 0.189791 -3.323469 -0.353628 0.278554 -0.000051 
0.032338 0.189888 -3.116413 -0.353479 0.278629 -0.001807 
0.023131 0.195639 -2.899482 -0.353295 0.278377 -0.003442 
0.030627 0.191632 -2.900874 -0.353318 0.278324 -0.002908 
0.039371 0.187650 -3.046952 -0.353494 0.278188 -0.001208 
0.048143 0.182387 -3.254866 -0.353514 0.278348 0.000755 
0.049394 0.181891 -3.472321 -0.353505 0.278373 0.002499 
0.057534 0.176162 -3.689795 -0.353369 0.278634 0.004129 
0.043214 0.183620 -3.678596 -0.353325 0.278926 0.003709 
0.049038 0.188836 -3.532264 -0.353293 0.278673 0.002015 
0.047411 0.197165 -3.355339 -0.353085 0.278756 0.000129 
0.030451 0.198625 -3.106047 -0.352937 0.278549 -0.002231 
0.029610 0.199391 -2.908540 -0.353104 0.278429 -0.003988 
0.037260 0.187354 -2.898910 -0.353345 0.278273 -0.003658 
0.045882 0.190771 -3.014732 -0.353309 0.278425 -0.002043 
0.047765 0.190742 -3.222628 -0.353458 0.278349 0.000035 
0.049450 0.180501 -3.420112 -0.353518 0.278746 0.001896 
0.058896 0.183938 -3.648598 -0.353637 0.278813 0.004062 
0.051045 0.195643 -3.669465 -0.353237 0.279067 0.004040 
0.050254 0.204248 -3.544511 -0.353184 0.279057 0.002756 
0.041072 0.209241 -3.316648 -0.353005 0.278993 0.000806 
0.038707 0.210653 -3.128939 -0.352846 0.278693 -0.001283 
0.030330 0.207195 -2.899910 -0.353049 0.278618 -0.003444 
0.030458 0.199925 -2.899820 -0.353260 0.278327 -0.003333 
0.039141 0.187846 -3.034038 -0.353654 0.278090 -0.002158 
0.048089 0.183675 -3.241647 -0.353828 0.277963 -0.000189 
0.049170 0.182216 -3.429061 -0.353666 0.278271 0.001575 
0.050608 0.172539 -3.666984 -0.353721 0.278484 0.003403 
0.050502 0.188929 -3.677790 -0.353444 0.278590 0.003503 
0.049301 0.197265 -3.532888 -0.353234 0.278675 0.002232 
0.047680 0.205722 -3.325616 -0.353026 0.278754 0.000371 
0.031620 0.205676 -3.118508 -0.352886 0.278930 -0.001386 
0.030786 0.206571 -2.890655 -0.353053 0.278806 -0.003117 
0.030915 0.199301 -2.890565 -0.353265 0.278515 -0.003006 
0.039033 0.194981 -3.015857 -0.353284 0.278476 -0.001613 
0.048632 0.190388 -3.233322 -0.353620 0.278440 0.000349 
0.050037 0.181863 -3.439755 -0.353829 0.278362 0.001888 
0.044611 0.176660 -3.666727 -0.354017 0.278528 0.003517 
0.036914 0.180336 -3.676572 -0.353834 0.278680 0.003291 
0.042490 0.176859 -3.541692 -0.353702 0.278523 0.002011 
0.034269 0.198220 -3.324093 -0.353569 0.278556 0.000166 
0.031709 0.199429 -3.117274 -0.353251 0.278352 -0.001590 
0.022038 0.196420 -2.910957 -0.352968 0.278196 -0.003132 
0.036646 0.196631 -2.911847 -0.352957 0.278095 -0.002811 
0.045368 0.183529 -3.047209 -0.353198 0.278145 -0.001321 
0.054140 0.178266 -3.255123 -0.353218 0.278305 0.000642 
0.048527 0.182245 -3.461627 -0.353343 0.278282 0.002185 
0.050407 0.172208 -3.678220 -0.353562 0.278584 0.003712 
0.050432 0.171449 -3.667289 -0.353568 0.278772 0.003397 
0.048822 0.188769 -3.531426 -0.353294 0.278674 0.001694 
0.047154 0.188866 -3.324369 -0.353145 0.278749 -0.000062 
0.038808 0.194135 -3.148478 -0.353122 0.278592 -0.001409 
0.029866 0.198435 -2.910523 -0.352949 0.278715 -0.003352 
0.036912 0.195180 -2.890822 -0.352969 0.278471 -0.003120 
0.052310 0.186785 -3.016667 -0.353012 0.278380 -0.001514 
0.054018 0.185665 -3.224867 -0.353008 0.278592 0.000557 
0.047947 0.181012 -3.411638 -0.353034 0.278661 0.002219 
0.063825 0.179839 -3.649397 -0.353020 0.278777 0.003943 
0.042146 0.183642 -3.679139 -0.353004 0.278934 0.003704 
0.040248 0.193293 -3.553585 -0.352784 0.278645 0.002099 
0.046109 0.198007 -3.335629 -0.352759 0.278572 0.000143 
0.037283 0.194781 -3.158275 -0.352796 0.278413 -0.001741 
0.021606 0.196285 -2.909279 -0.352969 0.278197 -0.003774 
0.029256 0.184249 -2.899649 -0.353210 0.278042 -0.003444 
0.037638 0.188357 -3.025565 -0.353169 0.278006 -0.001835 
0.047693 0.183140 -3.233775 -0.353510 0.278157 0.000454 
0.048774 0.181682 -3.421188 -0.353349 0.278465 0.002218 
0.057540 0.176290 -3.659449 -0.353369 0.278630 0.004155 
0.042409 0.192070 -3.679763 -0.352945 0.278937 0.003920 
0.048924 0.195842 -3.544430 -0.352922 0.279063 0.002534 
0.047457 0.196271 -3.326136 -0.352932 0.279039 0.000469 
0.038028 0.201826 -3.138713 -0.352748 0.278791 -0.001512 
0.036327 0.203075 -2.900166 -0.352753 0.278575 -0.003558 
0.036408 0.187444 -2.900291 -0.353023 0.278281 -0.003342 
0.037375 0.179929 -3.024941 -0.353229 0.278003 -0.002052 
0.046586 0.184185 -3.233174 -0.353343 0.277878 0.000134 
0.048030 0.174636 -3.440751 -0.353398 0.278087 0.001989 
0.057260 0.178005 -3.668398 -0.353517 0.278155 0.003834 
0.042498 0.185824 -3.678530 -0.353310 0.278358 0.003716 
0.058914 0.217498 -3.727317 -0.351950 0.277594 0.002174 
0.262486 0.477961 -5.878869 -0.338307 0.267221 -0.001151 
0.797294 0.723973 -9.183279 -0.314382 0.250976 -0.000854 
1.266268 1.106499 -11.672472 -0.291186 0.238586 0.002311 
1.804649 1.426015 -13.844137 -0.275321 0.227259 0.008817 
2.551688 1.692583 -15.874561 -0.265985 0.219111 0.019333 
2.973852 1.966014 -17.627610 -0.251823 0.214262 0.029352 
3.200802 2.306869 -18.849775 -0.229131 0.209694 0.036513 
3.196119 2.391871 -19.601285 -0.207275 0.206472 0.042263 
3.120852 2.366098 -19.893332 -0.192376 0.205900 0.039430 
3.063839 2.318530 -20.090893 -0.182287 0.205062 0.030739 
3.006891 2.225752 -20.150107 -0.172041 0.201789 0.019491 
2.988977 2.194471 -20.078374 -0.161666 0.195377 0.004875 
3.058361 2.092506 -20.021642 -0.157519 0.185067 -0.007614 
3.050898 1.961574 -20.189729 -0.158912 0.176182 -0.011871 
3.056044 1.878824 -20.431325 -0.164292 0.166961 -0.008495 
2.947016 1.797983 -20.638557 -0.171972 0.154916 0.003025 
2.754287 1.669810 -20.567361 -0.179243 0.145226 0.020096 
2.661724 1.485329 -20.371749 -0.186541 0.140153 0.039443 
2.559042 1.253259 -19.896742 -0.196933 0.139764 0.054393 
2.521348 1.122775 -19.132671 -0.209489 0.146169 0.060684 
2.395936 1.090064 -18.229905 -0.221101 0.157590 0.055916 
2.120156 1.126103 -17.330784 -0.228146 0.174291 0.041725 
1.911581 1.032037 -16.371045 -0.232539 0.194846 0.021333 
1.760540 0.823508 -15.563959 -0.237537 0.216404 0.001186 
1.712935 0.542790 -14.916455 -0.243614 0.236660 -0.015563 
1.651194 0.377694 -14.318316 -0.247756 0.255653 -0.025994 
1.485825 0.278842 -13.752511 -0.248751 0.270356 -0.029449 
1.306078 0.219008 -13.214319 -0.246898 0.277546 -0.027507 
1.172375 0.124295 -12.542742 -0.245269 0.281702 -0.025966 
1.044510 0.010295 -11.864972 -0.250202 0.286175 -0.026370 
1.025486 0.001073 -11.415172 -0.259951 0.289464 -0.033171 
0.847920 0.087201 -11.031346 -0.268631 0.285776 -0.045599 
0.663218 0.304005 -10.705510 -0.273981 0.280966 -0.057095 
0.512802 0.356607 -10.671132 -0.287519 0.272630 -0.064242 
0.306339 0.324253 -10.653481 -0.313257 0.265036 -0.060861 
0.229549 0.250209 -10.530342 -0.332788 0.259582 -0.051956 
0.088145 0.316627 -10.311201 -0.350728 0.252155 -0.037655 
0.001444 0.518370 -10.181949 -0.364467 0.248632 -0.022841 
-0.055895 0.634691 -9.934550 -0.377356 0.251824 -0.011805 
-0.190937 0.726078 -9.493806 -0.389196 0.260876 -0.002088 
-0.259711 0.777698 -8.989694 -0.396460 0.272506 0.007137 
-0.474930 0.906687 -8.433551 -0.398931 0.287777 0.016654 
-0.567511 0.930672 -7.827361 -0.404644 0.303467 0.024278 
-0.565377 0.955622 -7.592534 -0.413652 0.317864 0.028750 
-0.509385 0.944058 -7.455348 -0.419664 0.328246 0.029904 
-0.440235 0.940194 -7.400579 -0.419658 0.332147 0.027971 
-0.389917 0.913464 -7.326956 -0.420306 0.333196 0.023300 
-0.376276 0.790491 -7.283846 -0.427113 0.331970 0.018898 
-0.354141 0.733154 -7.070635 -0.433622 0.330213 0.015313 
-0.321722 0.704069 -6.588276 -0.435434 0.320332 0.010918 
-0.348584 0.724238 -6.137611 -0.430016 0.308139 0.010296 
-0.311351 0.678847 -5.833898 -0.425979 0.297405 0.012204 
-0.283814 0.636951 -5.536523 -0.425299 0.286832 0.014907 
-0.265107 0.603068 -5.415719 -0.423434 0.277404 0.018397 
-0.212880 0.608709 -5.425692 -0.417731 0.270454 0.018810 
-0.225509 0.581361 -5.574508 -0.410848 0.265388 0.013265 
-0.208836 0.513468 -5.706620 -0.404401 0.263812 0.001250 
-0.192680 0.444762 -5.834837 -0.397319 0.264531 -0.012836 
-0.201516 0.361114 -5.610289 -0.389090 0.266327 -0.026976 
-0.207924 0.302806 -5.172033 -0.381337 0.271729 -0.037420 
-0.189035 0.208808 -4.615423 -0.375593 0.277983 -0.041539 
-0.204635 0.196834 -4.106047 -0.369125 0.281952 -0.039321 
-0.185496 0.279506 -3.623029 -0.360680 0.284398 -0.031954 
-0.182899 0.375346 -3.434656 -0.355027 0.285675 -0.018451 
-0.184359 0.453506 -3.453576 -0.354954 0.285848 -0.003319 
-0.150462 0.498432 -3.552298 -0.357824 0.285474 0.009313 
-0.144761 0.530974 -3.684846 -0.361116 0.282605 0.015943 
-0.108644 0.590443 -3.958347 -0.364036 0.279634 0.014202 
-0.081912 0.627248 -4.114405 -0.368416 0.276682 0.003354 
-0.113521 0.703715 -4.086658 -0.372885 0.274504 -0.011722 
-0.156447 0.770235 -3.923977 -0.377597 0.273057 -0.024011 
-0.196511 0.802125 -3.761197 -0.383353 0.273407 -0.028063 
-0.214038 0.771818 -3.549211 -0.390658 0.272912 -0.022846 
-0.219124 0.705529 -3.534346 -0.398034 0.272265 -0.008160 
-0.218177 0.616018 -3.628847 -0.403795 0.272456 0.012286 
-0.271241 0.583724 -3.778482 -0.407255 0.274401 0.032978 
-0.278369 0.607265 -3.869956 -0.408854 0.277851 0.049515 
-0.296305 0.654870 -3.934353 -0.408526 0.281276 0.058336 
-0.299734 0.670706 -3.807438 -0.405534 0.286074 0.057923 
-0.278752 0.571417 -3.539759 -0.398044 0.290906 0.046897 
-0.304802 0.432676 -3.201507 -0.385559 0.294026 0.028892 
-0.322859 0.324979 -2.849581 -0.370279 0.294423 0.007898 
-0.314341 0.260081 -2.419346 -0.354524 0.292444 -0.012135 
-0.268442 0.203198 -2.239417 -0.338833 0.287291 -0.025374 
-0.189207 0.141779 -2.242611 -0.322335 0.278025 -0.030912 
-0.165133 0.089129 -2.355125 -0.306599 0.264875 -0.028653 
-0.172361 0.023587 -2.518199 -0.294502 0.248892 -0.019920 
-0.193652 0.037898 -2.796917 -0.287147 0.232966 -0.006250 
-0.217762 0.079215 -2.864038 -0.284920 0.217702 0.007468 
-0.209258 0.109050 -2.756322 -0.285982 0.204082 0.018358 
-0.194488 0.079703 -2.591058 -0.289071 0.194578 0.023679 
-0.187675 0.027795 -2.438886 -0.293456 0.190557 0.022827 
-0.187809 -0.041080 -2.259219 -0.299098 0.192775 0.015720 
-0.163818 -0.068938 -2.246161 -0.305078 0.201361 0.006275 
-0.125205 -0.080234 -2.358227 -0.310770 0.215322 -0.002370 
-0.052085 -0.084555 -2.522486 -0.315429 0.234033 -0.007590 
0.019424 -0.085927 -2.639362 -0.318142 0.254482 -0.009065 
0.076932 -0.075322 -2.841196 -0.320129 0.274291 -0.005570 
0.102644 -0.062174 -2.838785 -0.323893 0.292670 -0.001320 
0.122732 -0.026259 -2.711478 -0.328952 0.308496 0.002774 
0.121956 -0.019526 -2.520531 -0.333101 0.317848 0.005576 
0.158444 -0.015320 -2.274134 -0.337247 0.323293 0.006752 
0.217771 -0.034393 -2.019219 -0.340735 0.322537 0.004553 
0.303258 0.003546 -1.993926 -0.342988 0.316394 0.000616 
0.410232 0.072384 -2.096046 -0.342270 0.307355 -0.006755 
0.447001 0.110875 -2.210619 -0.341004 0.298695 -0.017481 
0.509519 0.161987 -2.498549 -0.339952 0.293893 -0.031823 
0.497926 0.192014 -2.916532 -0.336831 0.287332 -0.044148 
0.411940 0.323991 -3.039318 -0.329192 0.280355 -0.051841 
0.391423 0.393683 -3.043871 -0.324366 0.273563 -0.048808 
0.285717 0.417262 -2.881212 -0.326512 0.268769 -0.035379 
0.247791 0.381704 -2.589383 -0.332414 0.265281 -0.014857 
0.211367 0.415580 -2.232309 -0.336222 0.260280 0.006700 
0.189668 0.455427 -2.093534 -0.338683 0.254440 0.025596 
0.218826 0.451922 -2.175162 -0.343023 0.254547 0.036417 
0.204251 0.375272 -2.380279 -0.350475 0.258938 0.037989 
0.157476 0.370481 -2.545635 -0.355197 0.265096 0.030344 
0.122689 0.389056 -2.709429 -0.354446 0.273762 0.018310 
0.111905 0.358687 -2.760759 -0.353068 0.282032 0.005380 
0.132996 0.314804 -2.782033 -0.352894 0.291303 -0.010634 
0.195852 0.300589 -2.733499 -0.351525 0.299528 -0.023046 
0.222974 0.331666 -2.639658 -0.346156 0.302207 -0.027784 
0.185596 0.355492 -2.461786 -0.340875 0.302085 -0.025554 
0.168502 0.291235 -2.529425 -0.341328 0.300869 -0.014895 
0.120124 0.208742 -2.724209 -0.346096 0.295868 0.001012 
0.090805 0.256668 -2.971758 -0.348642 0.285255 0.016850 
0.057774 0.352301 -3.157127 -0.348766 0.272098 0.030823 
0.011714 0.413160 -3.426844 -0.352356 0.259971 0.040463 
-0.016501 0.458510 -3.515411 -0.360077 0.250245 0.041492 
-0.035360 0.461433 -3.395019 -0.367302 0.242593 0.035681 
-0.055562 0.468816 -3.179413 -0.369523 0.238092 0.024803 
-0.032972 0.461084 -3.033270 -0.368291 0.238266 0.010642 
-0.023560 0.374602 -2.870568 -0.366180 0.243758 -0.003182 
0.001690 0.281429 -2.855793 -0.362011 0.253280 -0.012494 
0.009665 0.213171 -2.974709 -0.354455 0.265457 -0.015664 
0.010119 0.113219 -3.122811 -0.345516 0.278648 -0.012578 
0.085298 0.028612 -3.255349 -0.336586 0.291993 -0.007763 
0.141708 -0.047680 -3.443149 -0.329854 0.302034 -0.003349 
0.188587 -0.071395 -3.490087 -0.325499 0.311269 -0.004536 
0.211710 -0.058380 -3.436139 -0.324601 0.317310 -0.010680 
0.157038 0.006882 -3.308006 -0.326594 0.317587 -0.019413 
0.144213 0.034681 -3.146109 -0.332200 0.313243 -0.026849 
0.120630 0.070097 -2.945998 -0.341454 0.306010 -0.030729 
0.158756 0.093329 -2.939424 -0.352189 0.295219 -0.029252 
0.157873 0.126095 -3.047106 -0.361586 0.283393 -0.023586 
0.160888 0.191037 -3.218331 -0.368340 0.273198 -0.014803 
0.122390 0.250411 -3.479195 -0.372261 0.265798 -0.004776 
0.078170 0.296722 -3.760481 -0.372904 0.261981 0.006746 
0.060203 0.294957 -3.808289 -0.370509 0.260892 0.015795 
0.009946 0.263734 -3.709516 -0.366744 0.263244 0.021897 
0.001929 0.182700 -3.562511 -0.362348 0.269472 0.024211 
0.003365 0.123816 -3.436888 -0.356827 0.276214 0.022311 
-0.011758 0.066861 -3.259573 -0.350180 0.281240 0.015527 
-0.003416 0.040250 -3.271102 -0.344099 0.285661 0.007751 
0.013089 -0.044818 -3.412109 -0.340990 0.289822 0.000959 
0.003447 -0.100226 -3.550601 -0.339613 0.290735 -0.005324 
-0.014243 -0.130384 -3.632323 -0.338545 0.288555 -0.009578 
-0.031922 -0.124115 -3.764170 -0.337375 0.283633 -0.009971 
-0.048256 -0.101607 -3.735744 -0.336900 0.276871 -0.009009 
-0.040623 -0.079071 -3.538979 -0.337061 0.269156 -0.006061 
-0.027845 -0.056861 -3.324367 -0.336098 0.262648 -0.003023 
-0.045332 -0.048148 -3.080746 -0.335087 0.255482 0.000579 
-0.047893 -0.020126 -2.890329 -0.334899 0.252810 0.001532 
-0.044742 -0.026850 -2.991197 -0.334456 0.251174 0.001133 
-0.057159 0.010320 -3.224648 -0.331135 0.250067 -0.000803 
-0.034155 0.034321 -3.519048 -0.328529 0.252157 -0.002502 
-0.023787 0.048072 -3.809918 -0.329701 0.256909 -0.003210 
0.018949 0.038274 -4.057401 -0.333917 0.262179 -0.003102 
0.042425 0.075589 -4.016931 -0.338630 0.267465 -0.004114 
0.075941 0.123128 -3.860679 -0.344077 0.273336 -0.006306 
0.092304 0.163318 -3.677248 -0.351035 0.279983 -0.010179 
0.073847 0.183173 -3.461996 -0.360247 0.287720 -0.013152 
0.074146 0.221180 -3.199170 -0.370287 0.295138 -0.014345 
0.055263 0.324483 -3.115071 -0.377778 0.301131 -0.010646 
0.060910 0.372018 -3.164999 -0.384030 0.306383 -0.003129 
0.092139 0.382309 -3.359229 -0.390038 0.310219 0.005118 
0.082244 0.383552 -3.543576 -0.393561 0.312235 0.011962 
0.068215 0.418478 -3.773729 -0.392184 0.312107 0.017766 
0.053365 0.471702 -3.795944 -0.387795 0.309475 0.019771 
0.043420 0.484831 -3.696067 -0.384496 0.305141 0.018467 
0.054643 0.453341 -3.518381 -0.382145 0.300240 0.015087 
0.046347 0.420533 -3.362853 -0.377401 0.292517 0.011041 
0.028901 0.423161 -3.117488 -0.370647 0.282281 0.006442 
0.043820 0.386820 -3.109546 -0.364458 0.273175 0.003655 
0.049374 0.306321 -3.281677 -0.361631 0.265573 0.002016 
0.066451 0.252540 -3.485643 -0.358609 0.260774 0.000649 
0.056436 0.222889 -3.634423 -0.353027 0.257608 -0.000289 
0.058463 0.239789 -3.808117 -0.345663 0.255438 -0.000624 
0.052397 0.228755 -3.804480 -0.339637 0.256247 -0.002226 
0.038096 0.192015 -3.594160 -0.336544 0.260607 -0.003658 
0.043014 0.162301 -3.312701 -0.334518 0.265304 -0.004480 
0.020510 0.159964 -3.002894 -0.332638 0.269629 -0.004293 
0.051714 0.153020 -2.662962 -0.331565 0.273858 -0.003536 
0.058019 0.141719 -2.645001 -0.333734 0.277919 -0.001502 
0.073322 0.104856 -2.795857 -0.338801 0.281829 0.001066 
0.081297 0.092097 -3.025998 -0.344020 0.284855 0.003160 
0.069168 0.145841 -3.245013 -0.347818 0.285946 0.004221 
0.083784 0.192524 -3.544089 -0.351323 0.286474 0.004675 
0.098235 0.215201 -3.651117 -0.355813 0.286671 0.002084 
0.116100 0.244982 -3.591501 -0.359776 0.286152 -0.002506 
0.135931 0.280567 -3.442757 -0.362256 0.285325 -0.007250 
0.122452 0.298628 -3.271207 -0.363110 0.285014 -0.010189 
0.102225 0.305133 -3.082637 -0.364051 0.284554 -0.011827 
0.093480 0.289675 -3.085572 -0.365610 0.284324 -0.009665 
0.095945 0.267813 -3.230430 -0.367361 0.284709 -0.003557 
0.093502 0.266081 -3.392633 -0.367363 0.284381 0.004242 
0.087089 0.281618 -3.514994 -0.366123 0.283988 0.011528 
0.067534 0.277051 -3.703612 -0.365512 0.284353 0.017358 
0.043066 0.272063 -3.695597 -0.364597 0.284715 0.017560 
0.018104 0.265323 -3.515531 -0.362580 0.284378 0.013290 
0.019910 0.238207 -3.260873 -0.358606 0.283737 0.006259 
0.009192 0.218414 -3.005785 -0.353461 0.282327 -0.001635 
-0.000538 0.191390 -2.718879 -0.348851 0.280614 -0.009707 
0.016905 0.151584 -2.664887 -0.345105 0.278840 -0.013467 
0.013017 0.137853 -2.783837 -0.340855 0.275921 -0.013284 
0.023682 0.135830 -3.012619 -0.336186 0.272162 -0.010077 
0.019765 0.137411 -3.233860 -0.333107 0.268698 -0.004803 
0.026696 0.152797 -3.554642 -0.332652 0.265845 0.001495 
0.010918 0.175646 -3.672426 -0.334419 0.263309 0.005320 
-0.002607 0.205578 -3.610578 -0.337111 0.261112 0.006953 
-0.013265 0.242674 -3.450578 -0.340881 0.259166 0.006648 
-0.010455 0.259187 -3.284942 -0.346237 0.259118 0.005055 
0.002435 0.264492 -3.064485 -0.352154 0.260801 0.002098 
0.019048 0.272825 -2.993973 -0.360291 0.264772 -0.000335 
0.022189 0.307851 -3.096351 -0.365507 0.269551 -0.000598 
0.030108 0.308119 -3.247476 -0.369355 0.275825 0.001190 
0.043525 0.300466 -3.423924 -0.372130 0.283117 0.004104 
0.041237 0.284229 -3.647398 -0.374168 0.290621 0.008999 
0.058971 0.279957 -3.647480 -0.374031 0.297292 0.012349 
0.072475 0.287531 -3.503152 -0.371570 0.302063 0.013349 
0.090668 0.293949 -3.303457 -0.367509 0.304879 0.011605 
0.117375 0.256106 -3.126565 -0.363432 0.305891 0.006948 
0.139046 0.217413 -2.899955 -0.359365 0.304821 -0.001074 
0.157632 0.195420 -2.907453 -0.355008 0.301423 -0.008731 
0.167166 0.185116 -3.040852 -0.350404 0.296107 -0.014756 
0.164397 0.172667 -3.249547 -0.346620 0.289263 -0.018456 
0.168146 0.154558 -3.463225 -0.344477 0.281802 -0.019130 
0.164229 0.154177 -3.706483 -0.343337 0.274318 -0.015517 
0.128295 0.174183 -3.719995 -0.342726 0.267420 -0.010195 
0.081029 0.217125 -3.573866 -0.342291 0.261357 -0.003769 
0.026099 0.237920 -3.365986 -0.343467 0.256762 0.003244 
-0.019000 0.228285 -3.196202 -0.345012 0.254478 0.009334 
-0.054652 0.218127 -2.892354 -0.346885 0.253446 0.014670 
-0.061824 0.214842 -2.828105 -0.348041 0.254542 0.017945 
-0.053476 0.200816 -2.928609 -0.349258 0.258028 0.018154 
-0.031156 0.187985 -3.133130 -0.350294 0.263051 0.015251 
-0.020440 0.170724 -3.304402 -0.350407 0.268146 0.010645 
0.010191 0.153430 -3.556789 -0.349701 0.274165 0.005410 
0.010798 0.145960 -3.625342 -0.348792 0.280085 -0.000415 
0.000857 0.150158 -3.533160 -0.348940 0.285394 -0.004896 
0.013429 0.159027 -3.356206 -0.349526 0.288532 -0.006484 
0.044841 0.173002 -3.166055 -0.349580 0.289346 -0.005576 
0.086869 0.168791 -2.914573 -0.349436 0.288347 -0.004927 
0.114637 0.138683 -2.882523 -0.351402 0.288420 -0.004349 
0.143004 0.106895 -3.068013 -0.353850 0.288609 -0.005559 
0.113895 0.125704 -3.312173 -0.354526 0.287796 -0.008527 
0.087201 0.168699 -3.538931 -0.353745 0.286211 -0.011268 
0.071692 0.183730 -3.814628 -0.353793 0.284358 -0.010294 
0.063359 0.174845 -3.848300 -0.355946 0.282411 -0.007484 
0.068433 0.176634 -3.655252 -0.357383 0.280158 -0.002661 
0.062108 0.195715 -3.355300 -0.357585 0.276930 0.003218 
0.052490 0.229613 -3.124883 -0.356717 0.274122 0.007844 
0.029397 0.230978 -2.886329 -0.356410 0.273108 0.009557 
0.020452 0.211369 -2.858535 -0.356072 0.272874 0.010321 
0.008095 0.222708 -2.971773 -0.354386 0.273174 0.009880 
-0.008999 0.224623 -3.135481 -0.351482 0.273701 0.008512 
0.013382 0.192729 -3.325146 -0.349757 0.275085 0.006043 
0.024316 0.160931 -3.614261 -0.348997 0.276369 0.003505 
0.037156 0.147899 -3.639458 -0.347152 0.276274 0.000234 
0.044245 0.165644 -3.506140 -0.343654 0.274970 -0.002578 
0.056699 0.174016 -3.292503 -0.341509 0.273997 -0.004237 
0.062027 0.146431 -3.094976 -0.343318 0.274681 -0.005026 
0.070895 0.134811 -2.885296 -0.345979 0.275534 -0.006002 
0.051456 0.165428 -2.874479 -0.346418 0.275299 -0.005862 
0.066844 0.199400 -3.039687 -0.346161 0.275040 -0.004811 
0.055561 0.207335 -3.294773 -0.348349 0.276115 -0.002752 
0.080814 0.194425 -3.516920 -0.352594 0.278064 -0.000441 
0.054716 0.196904 -3.722564 -0.356439 0.279616 0.003180 
0.063584 0.227589 -3.695182 -0.357987 0.280426 0.005374 
0.073285 0.255775 -3.532270 -0.358274 0.280825 0.005309 
0.070692 0.255031 -3.332478 -0.359579 0.282148 0.003340 
0.084467 0.242401 -3.160067 -0.361440 0.284213 0.000483 
0.056860 0.253319 -2.918968 -0.361715 0.285901 -0.002430 
0.038778 0.268730 -2.870126 -0.360334 0.286412 -0.002622 
0.042203 0.264722 -3.000649 -0.358746 0.286412 -0.000293 
0.043012 0.222713 -3.223077 -0.358707 0.286426 0.003252 
0.067662 0.211298 -3.425366 -0.357474 0.284946 0.006181 
0.071200 0.211994 -3.637309 -0.354721 0.282568 0.008023 
0.065992 0.206563 -3.646441 -0.352189 0.280691 0.006067 
0.078256 0.198500 -3.567008 -0.350796 0.279342 0.001943 
0.058830 0.184327 -3.380856 -0.349310 0.277524 -0.004231 
0.060099 0.183589 -3.188082 -0.347235 0.275473 -0.009436 
0.041392 0.188604 -2.939579 -0.345293 0.273273 -0.012549 
0.030695 0.190475 -2.883934 -0.344484 0.271912 -0.010996 
0.034063 0.170110 -2.967031 -0.345100 0.270848 -0.005908 
0.029155 0.164743 -3.153706 -0.346897 0.270247 0.000827 
0.050383 0.175202 -3.339767 -0.347763 0.269757 0.006695 
0.027054 0.190553 -3.594642 -0.348137 0.270258 0.011417 
0.018896 0.192371 -3.644918 -0.349252 0.271947 0.011909 
0.012051 0.193273 -3.553701 -0.351347 0.273791 0.009318 
0.002754 0.201313 -3.348776 -0.352756 0.276021 0.005418 
0.018787 0.220667 -3.134902 -0.353267 0.277408 0.001418 
0.018599 0.223865 -2.900020 -0.353581 0.278708 -0.003001 
0.051378 0.199719 -2.852814 -0.354701 0.280368 -0.005011 
0.063983 0.178446 -2.982019 -0.355803 0.282389 -0.005459 
0.076433 0.174559 -3.216663 -0.356455 0.284246 -0.004601 
0.086121 0.190265 -3.444557 -0.356167 0.285463 -0.002984 
0.080395 0.191472 -3.707007 -0.355666 0.286216 0.000101 
0.082616 0.198867 -3.772279 -0.355769 0.286503 0.001869 
0.076764 0.186848 -3.651907 -0.356185 0.286523 0.002616 
0.088557 0.199854 -3.427960 -0.355776 0.285459 0.002067 
0.076005 0.219508 -3.211461 -0.355012 0.283802 0.000338 
0.070729 0.234856 -2.960433 -0.354598 0.282084 -0.002752 
0.059648 0.210731 -2.925466 -0.354615 0.280708 -0.004431 
0.035689 0.204925 -3.027061 -0.354663 0.278976 -0.004177 
0.033294 0.211678 -3.205496 -0.354123 0.277208 -0.002062 
0.031327 0.219189 -3.378270 -0.353417 0.275345 0.001664 
0.023975 0.221646 -3.603279 -0.353068 0.273718 0.006204 
0.022233 0.210117 -3.630481 -0.352664 0.272491 0.008650 
0.018074 0.204473 -3.510035 -0.351748 0.271929 0.008529 
0.009719 0.206416 -3.315185 -0.349820 0.271578 0.006420 
0.002911 0.206202 -3.137291 -0.348390 0.271692 0.003332 
0.011865 0.203405 -2.903941 -0.347454 0.272353 -0.001317 
0.016241 0.195939 -2.888844 -0.346863 0.273079 -0.003684 
0.030495 0.182687 -3.009493 -0.346621 0.274136 -0.004344 
0.070106 0.173412 -3.203348 -0.347137 0.275125 -0.003661 
0.075198 0.176399 -3.397467 -0.347907 0.276361 -0.002649 
0.084388 0.177686 -3.662486 -0.349648 0.277960 -0.001044 
0.078783 0.179860 -3.701279 -0.351564 0.279533 -0.000529 
0.064651 0.196091 -3.586135 -0.353233 0.280863 -0.000842 
0.042823 0.217272 -3.370384 -0.354717 0.282140 -0.000962 
0.035026 0.223324 -3.176139 -0.356297 0.282934 -0.000564 
0.033628 0.225919 -2.959678 -0.357898 0.283486 -0.000896 
0.038149 0.226021 -2.879382 -0.359024 0.283539 0.000153 
0.054881 0.216153 -2.983659 -0.359399 0.283816 0.001456 
0.061919 0.211598 -3.170185 -0.359096 0.283794 0.002791 
0.066977 0.208312 -3.375764 -0.358462 0.283405 0.003467 
0.064058 0.200641 -3.643917 -0.357539 0.283081 0.004619 
0.058846 0.212615 -3.697178 -0.356168 0.282176 0.004783 
0.058036 0.214684 -3.595758 -0.354551 0.280639 0.003791 
0.056290 0.210155 -3.391679 -0.352986 0.278709 0.002353 
0.068908 0.196521 -3.207279 -0.351475 0.276867 0.000679 
0.061614 0.185251 -2.967303 -0.350607 0.275536 -0.002442 
0.067442 0.172642 -2.915039 -0.348926 0.274430 -0.004131 
0.061228 0.158742 -3.038357 -0.347574 0.273626 -0.004361 
0.065659 0.155119 -3.223149 -0.346783 0.273334 -0.003992 
0.071845 0.150653 -3.411057 -0.346158 0.273319 -0.002341 
0.082855 0.152419 -3.630890 -0.346449 0.273852 0.000472 
0.071628 0.167049 -3.665311 -0.346672 0.274519 0.002161 
0.060767 0.174759 -3.544014 -0.347434 0.274868 0.002812 
0.058410 0.193834 -3.339741 -0.348437 0.275533 0.002894 
0.036488 0.207548 -3.153408 -0.350132 0.276524 0.002538 
0.028519 0.221664 -2.923026 -0.351980 0.277312 0.000937 
0.012908 0.223412 -2.889428 -0.353586 0.277989 0.000769 
0.019370 0.220719 -3.009841 -0.355203 0.278531 0.001327 
0.047311 0.212618 -3.222202 -0.356680 0.279221 0.002013 
0.065579 0.200336 -3.404126 -0.357550 0.279972 0.002285 
0.075548 0.199991 -3.658593 -0.357856 0.280894 0.002812 
0.074409 0.204620 -3.717468 -0.357340 0.281771 0.001674 
0.065353 0.214652 -3.602131 -0.356800 0.282490 -0.000169 
0.062288 0.221709 -3.406943 -0.355959 0.282964 -0.001733 
0.052693 0.226533 -3.224562 -0.355297 0.283008 -0.002122 
0.056764 0.224840 -2.970756 -0.354677 0.282561 -0.002661 
0.061805 0.215110 -2.914367 -0.354101 0.281944 -0.001332 
0.067617 0.206167 -3.030190 -0.353832 0.280963 0.000180 
0.065719 0.200642 -3.216551 -0.353379 0.280142 0.001416 
0.063128 0.186553 -3.400610 -0.352987 0.279320 0.001792 
0.059532 0.189839 -3.626060 -0.352150 0.278328 0.002244 
0.055135 0.192868 -3.655146 -0.351325 0.277503 0.001252 
0.035663 0.188722 -3.510736 -0.350569 0.276564 -0.000127 
0.038556 0.189728 -3.296464 -0.349928 0.275367 -0.001012 
0.035266 0.194259 -3.105247 -0.349264 0.274411 -0.000846 
0.039287 0.194084 -2.873305 -0.348631 0.273587 -0.000756 
0.039286 0.204714 -2.857269 -0.348395 0.273114 0.000765 
0.033692 0.209079 -2.972735 -0.348522 0.273079 0.002386 
0.037143 0.206757 -3.179316 -0.349008 0.273563 0.004141 
0.032620 0.199947 -3.383043 -0.349530 0.274098 0.004824 
0.043570 0.192242 -3.636038 -0.350369 0.274722 0.005146 
0.054437 0.191332 -3.721724 -0.351331 0.275800 0.003573 
0.057687 0.203001 -3.599882 -0.352381 0.277000 0.000253 
0.053339 0.203101 -3.396972 -0.353520 0.278046 -0.003000 
0.049960 0.209920 -3.217761 -0.354450 0.279572 -0.005099 
0.039045 0.213266 -2.969342 -0.355251 0.281046 -0.006605 
0.037731 0.212771 -2.900703 -0.356224 0.282385 -0.005153 
0.044304 0.208255 -3.009871 -0.357050 0.283601 -0.001712 
0.049290 0.205646 -3.211391 -0.357536 0.284269 0.001975 
0.058978 0.209142 -3.392100 -0.357496 0.284425 0.005143 
0.073931 0.200457 -3.642387 -0.357213 0.284357 0.007602 
0.063549 0.197335 -3.691990 -0.356595 0.284052 0.006803 
0.050105 0.196941 -3.573231 -0.355809 0.283072 0.003580 
0.048876 0.198279 -3.381698 -0.354685 0.281614 -0.000545 
0.040772 0.204586 -3.202221 -0.353529 0.280018 -0.003927 
0.039655 0.200293 -2.953499 -0.352447 0.277978 -0.006604 
0.048613 0.190648 -2.894717 -0.351546 0.276184 -0.006338 
0.053047 0.184823 -3.023625 -0.350933 0.274453 -0.003866 
0.057940 0.177853 -3.216047 -0.350163 0.273016 -0.000491 
0.056744 0.171242 -3.418143 -0.349395 0.272579 0.002651 
0.049827 0.176164 -3.670367 -0.348867 0.272385 0.005757 
0.041728 0.179177 -3.702686 -0.348367 0.272736 0.006148 
0.033956 0.189255 -3.587644 -0.348147 0.273445 0.004631 
0.040994 0.190518 -3.367839 -0.348308 0.274221 0.002025 
0.035165 0.200248 -3.167173 -0.348898 0.274997 -0.000694 
0.044370 0.200837 -2.905004 -0.349707 0.275941 -0.003579 
0.042583 0.200479 -2.871228 -0.351000 0.277093 -0.004080 
0.049125 0.195740 -2.993929 -0.352309 0.278210 -0.002893 
0.057000 0.198886 -3.189479 -0.353720 0.279428 -0.000907 
0.063324 0.194181 -3.376770 -0.354704 0.280558 0.001506 
0.076569 0.202225 -3.646205 -0.355429 0.281562 0.004173 
0.073063 0.211667 -3.697534 -0.356006 0.282363 0.004777 
0.073592 0.209288 -3.582717 -0.356190 0.283009 0.003582 
0.071991 0.216858 -3.394859 -0.355987 0.283281 0.001381 
0.069041 0.226165 -3.216494 -0.355612 0.283085 -0.001147 
0.064974 0.227654 -2.966119 -0.355135 0.282788 -0.004153 
0.063522 0.213062 -2.933620 -0.355240 0.282212 -0.004874 
0.062753 0.216133 -3.058530 -0.355051 0.281378 -0.003686 
0.069803 0.198353 -3.247631 -0.355000 0.280491 -0.001165 
0.062167 0.206000 -3.427020 -0.354618 0.279622 0.001370 
0.061759 0.201082 -3.637523 -0.354319 0.278702 0.004197 
0.059886 0.196072 -3.702499 -0.353868 0.277865 0.005536 
0.048092 0.211977 -3.559979 -0.352806 0.277170 0.004692 
0.034527 0.219733 -3.373279 -0.351644 0.276379 0.002380 
0.028677 0.213671 -3.167160 -0.350576 0.275908 0.000399 
0.037082 0.215415 -2.918762 -0.349447 0.275526 -0.002297 
0.032897 0.209777 -2.846932 -0.348688 0.274873 -0.003100 
0.046098 0.193329 -2.962002 -0.348308 0.274696 -0.002030 
0.054219 0.188487 -3.160061 -0.348166 0.274764 -0.000059 
0.048142 0.183706 -3.377179 -0.348191 0.274838 0.001576 
0.052429 0.181660 -3.635731 -0.348832 0.275229 0.003933 
0.048467 0.191727 -3.696314 -0.349404 0.275843 0.004209 
0.036769 0.207665 -3.589717 -0.350269 0.276104 0.002816 
0.032152 0.209838 -3.400494 -0.351232 0.276679 0.000842 
0.028842 0.211298 -3.200634 -0.352521 0.277435 -0.001120 
0.031133 0.217880 -2.949379 -0.353452 0.277954 -0.003575 
0.042800 0.210416 -2.916108 -0.354626 0.278722 -0.003971 
0.055579 0.200865 -3.028972 -0.355645 0.279983 -0.002891 
0.060427 0.205167 -3.225846 -0.356245 0.280938 -0.000915 
0.057751 0.204980 -3.403272 -0.356721 0.282036 0.001287 
0.068794 0.205595 -3.654595 -0.356857 0.282861 0.004389 
0.062140 0.200231 -3.718609 -0.356735 0.283203 0.005507 
0.053648 0.213136 -3.596162 -0.356334 0.283251 0.004967 
0.051064 0.215104 -3.400275 -0.356011 0.282858 0.003526 
0.038760 0.213786 -3.203154 -0.355234 0.282244 0.001331 
0.045730 0.209930 -2.963319 -0.354144 0.281104 -0.001901 
0.046179 0.202173 -2.889163 -0.353077 0.279842 -0.003773 
0.054709 0.190597 -3.011923 -0.352020 0.278361 -0.003989 
0.050133 0.178403 -3.207695 -0.351133 0.277079 -0.003302 
0.061488 0.165441 -3.405796 -0.350402 0.275974 -0.001653 
0.059401 0.169198 -3.637118 -0.349559 0.274977 0.001045 
0.057375 0.172217 -3.713116 -0.348891 0.274242 0.002588 
0.049054 0.186836 -3.583025 -0.348478 0.273908 0.003025 
0.041120 0.193127 -3.389398 -0.348448 0.273556 0.002661 
0.033861 0.198238 -3.194693 -0.348587 0.273485 0.001974 
0.027511 0.201871 -2.946398 -0.349061 0.273780 0.000369 
0.023900 0.195506 -2.882967 -0.350077 0.274365 0.000000 
0.035579 0.196384 -2.993873 -0.351023 0.275063 0.000341 
0.048541 0.186778 -3.186538 -0.352199 0.276237 0.001034 
0.060508 0.184797 -3.368601 -0.353001 0.277611 0.001303 
0.072940 0.191053 -3.612817 -0.353742 0.278995 0.002057 
0.076778 0.193886 -3.692595 -0.354360 0.280318 0.001877 
0.071897 0.200694 -3.577678 -0.354644 0.281866 0.000678 
0.065709 0.218744 -3.391931 -0.354692 0.282750 -0.000559 
0.065815 0.217110 -3.207406 -0.354714 0.283295 -0.001373 
0.065941 0.225118 -2.960830 -0.354832 0.283548 -0.002555 
0.072993 0.221992 -2.910783 -0.354852 0.283299 -0.002296 
0.066679 0.218552 -3.034880 -0.355033 0.283074 -0.001218 
0.080846 0.204366 -3.230819 -0.355114 0.282233 0.000120 
0.066107 0.206548 -3.425386 -0.355096 0.281601 0.000928 
0.080074 0.201287 -3.661549 -0.355112 0.280580 0.002129 
0.062471 0.197375 -3.712959 -0.354663 0.279466 0.002198 
0.058770 0.210139 -3.568466 -0.354101 0.278424 0.000936 
0.046661 0.219655 -3.374418 -0.353246 0.277243 -0.000073 
0.042240 0.216111 -3.171883 -0.352480 0.276193 -0.000437 
0.037899 0.220298 -2.927856 -0.351661 0.275331 -0.001195 
0.027727 0.219140 -2.860507 -0.350874 0.274726 -0.000285 
0.032986 0.207683 -2.988177 -0.350141 0.274420 0.001524 
0.039172 0.203217 -3.176085 -0.349515 0.274405 0.003175 
0.045363 0.198127 -3.371333 -0.349055 0.274484 0.003856 
0.046212 0.186337 -3.627297 -0.348964 0.275179 0.004696 
0.045402 0.184028 -3.674845 -0.348818 0.275666 0.003360 
0.051988 0.194649 -3.566050 -0.348907 0.276082 0.000558 
0.052525 0.192297 -3.355457 -0.349418 0.276711 -0.002158 
0.046679 0.202393 -3.208145 -0.349841 0.277401 -0.003959 
0.042096 0.213943 -2.968946 -0.350741 0.277783 -0.005671 
0.046437 0.202946 -2.897653 -0.351784 0.278502 -0.005178 
0.060694 0.204274 -3.013887 -0.353046 0.279187 -0.002586 
0.053064 0.208945 -3.201445 -0.354133 0.280132 0.000050 
0.059323 0.206022 -3.398524 -0.355265 0.280787 0.002464 
0.072488 0.206858 -3.636685 -0.356203 0.281496 0.004947 
0.060493 0.204570 -3.717637 -0.356704 0.282068 0.005200 
0.053724 0.216409 -3.611840 -0.356953 0.282294 0.003688 
0.037624 0.217386 -3.403588 -0.356967 0.282183 0.001617 
0.035676 0.219198 -3.205480 -0.356966 0.281783 -0.000460 
0.024212 0.218807 -2.957217 -0.356506 0.280965 -0.002605 
0.028390 0.208808 -2.897473 -0.355933 0.280351 -0.002560 
0.039595 0.204525 -3.003483 -0.355146 0.279237 -0.001258 
0.035993 0.199179 -3.192607 -0.354050 0.278431 0.000609 
0.047251 0.192857 -3.349521 -0.353114 0.277801 0.001859 
0.042146 0.186747 -3.640624 -0.351536 0.277116 0.003629 
0.036514 0.188314 -3.712980 -0.350078 0.276689 0.003230 
0.045717 0.190836 -3.588177 -0.349097 0.276033 0.001399 
0.033414 0.189519 -3.391056 -0.348320 0.275419 -0.000796 
0.030398 0.191353 -3.193491 -0.347998 0.275027 -0.002879 
0.028214 0.184729 -2.946143 -0.347898 0.274716 -0.004491 
0.030102 0.186522 -2.875044 -0.348531 0.274311 -0.004094 
0.033964 0.185743 -2.991121 -0.349170 0.274494 -0.001934 
0.047895 0.179904 -3.189287 -0.350478 0.274807 0.001019 
0.046874 0.181056 -3.385813 -0.351586 0.275514 0.003219 
0.053040 0.193508 -3.643459 -0.352446 0.276471 0.005366 
0.057926 0.197206 -3.703280 -0.353379 0.277593 0.005532 
0.060535 0.209655 -3.576320 -0.353941 0.278706 0.003818 
0.054793 0.226722 -3.376582 -0.354319 0.279772 0.001309 
0.055364 0.223217 -3.197480 -0.354675 0.280692 -0.001118 
0.063059 0.224188 -2.957184 -0.354999 0.281556 -0.003706 
0.056895 0.217468 -2.905237 -0.355214 0.282258 -0.004098 
0.073474 0.215630 -3.020536 -0.355372 0.282637 -0.002591 
0.076001 0.205795 -3.239645 -0.355589 0.282937 -0.000102 
0.077411 0.197398 -3.415732 -0.355798 0.282855 0.001464 
0.092412 0.197074 -3.665805 -0.355457 0.282790 0.003819 
0.082853 0.195244 -3.717619 -0.354990 0.282195 0.003988 
0.071843 0.202835 -3.592203 -0.354467 0.281395 0.002277 
0.066417 0.206556 -3.374327 -0.353651 0.280540 -0.000111 
0.060549 0.210637 -3.177782 -0.352672 0.279597 -0.002197 
0.054654 0.215998 -2.919401 -0.351847 0.278359 -0.004546 
0.050788 0.203917 -2.859252 -0.351293 0.277226 -0.004602 
0.049341 0.198912 -2.956252 -0.350840 0.276391 -0.002647 
0.048938 0.194124 -3.136409 -0.350542 0.275467 0.000206 
0.055418 0.183973 -3.346930 -0.350115 0.274783 0.002918 
0.049675 0.172483 -3.587803 -0.350185 0.274475 0.005929 
0.034650 0.181231 -3.691727 -0.349805 0.274409 0.006698 
0.033619 0.190528 -3.576866 -0.349747 0.274211 0.005407 
0.032405 0.189249 -3.398240 -0.349767 0.274571 0.002982 
0.038794 0.200189 -3.197567 -0.349859 0.274976 -0.000063 
0.030317 0.202619 -2.965035 -0.350021 0.275475 -0.003619 
0.039213 0.195254 -2.869641 -0.350556 0.276253 -0.004936 
0.058231 0.190146 -3.001657 -0.351378 0.277379 -0.004408 
0.062863 0.194381 -3.197692 -0.351979 0.278334 -0.002753 
0.069234 0.198037 -3.384768 -0.352905 0.279467 -0.000444 
0.068960 0.205713 -3.634500 -0.353802 0.280659 0.002563 
0.059007 0.210251 -3.708260 -0.354416 0.281699 0.004001 
0.039148 0.179232 -3.605765 -0.355133 0.282287 0.003973 
-0.028713 0.109455 -3.411055 -0.355352 0.282321 0.003259 
-0.072125 0.041835 -3.228408 -0.354416 0.281710 0.002524 
-0.054213 0.030246 -2.964021 -0.352089 0.280492 0.000685 
-0.021604 0.086690 -2.841212 -0.349268 0.278837 -0.001464 
0.018460 0.180852 -2.910889 -0.346166 0.276981 -0.003764 
0.018414 0.248290 -3.059533 -0.344237 0.275595 -0.006127 
0.049559 0.238656 -3.227467 -0.343635 0.274437 -0.008202 
0.060160 0.165787 -3.440074 -0.343648 0.273499 -0.008403 
0.079522 0.104599 -3.461234 -0.343744 0.272958 -0.008119 
0.101721 0.099662 -3.301998 -0.343613 0.273259 -0.007134 
0.098149 0.141253 -3.043421 -0.343337 0.274800 -0.005416 
0.095086 0.213548 -2.776179 -0.342523 0.277116 -0.003481 
0.098084 0.289718 -2.455626 -0.341522 0.279478 -0.002682 
0.116557 0.331102 -2.307423 -0.341069 0.281930 -0.001609 
0.144873 0.342986 -2.380466 -0.341770 0.284139 -0.000503 
0.168927 0.343948 -2.510162 -0.343833 0.285803 -0.000066 
0.179606 0.365295 -2.646333 -0.346564 0.286516 -0.000462 
0.184302 0.409634 -2.844960 -0.349454 0.286717 -0.000036 
0.193427 0.453316 -2.869277 -0.352033 0.286096 -0.000529 
0.208348 0.503597 -2.750855 -0.354409 0.284939 -0.001431 
0.212783 0.525922 -2.573373 -0.356186 0.283551 -0.002086 
0.192865 0.526478 -2.419491 -0.357165 0.282520 -0.002034 
0.133838 0.522987 -2.225216 -0.357394 0.281661 -0.002390 
0.086141 0.510999 -2.220487 -0.356380 0.280751 -0.000892 
0.089329 0.484321 -2.402721 -0.355108 0.280081 0.002039 
0.105147 0.458602 -2.677664 -0.353335 0.279050 0.005209 
0.111541 0.446650 -2.939707 -0.351150 0.277705 0.007107 
0.104794 0.434479 -3.280956 -0.349452 0.276365 0.008624 
0.064389 0.425152 -3.430897 -0.348890 0.275516 0.007530 
0.016837 0.413178 -3.411652 -0.349003 0.274305 0.004236 
-0.036344 0.397885 -3.309200 -0.349790 0.272927 0.000594 
-0.072077 0.390827 -3.185846 -0.351313 0.271522 -0.002801 
-0.106054 0.393455 -2.984145 -0.353092 0.269909 -0.004940 
-0.120124 0.400594 -2.963614 -0.355300 0.269242 -0.003484 
-0.152835 0.410319 -3.114435 -0.357492 0.269120 0.001467 
-0.200082 0.394921 -3.331278 -0.359543 0.269102 0.008279 
-0.247692 0.377835 -3.571739 -0.361123 0.269570 0.016022 
-0.302456 0.337770 -3.864035 -0.362705 0.270565 0.024135 
-0.347038 0.316229 -3.988438 -0.363518 0.271086 0.029604 
-0.378647 0.303620 -3.894383 -0.364272 0.271485 0.032904 
-0.403940 0.293930 -3.749000 -0.364683 0.272217 0.035703 
-0.446037 0.285232 -3.620939 -0.364775 0.272685 0.037201 
-0.507600 0.271243 -3.428574 -0.364115 0.272415 0.036927 
-0.549580 0.236963 -3.420100 -0.363095 0.271738 0.036914 
-0.582005 0.198883 -3.592864 -0.362890 0.270730 0.036975 
-0.622216 0.156390 -3.812229 -0.362879 0.269682 0.035605 
-0.657638 0.146372 -3.996917 -0.362478 0.267746 0.032459 
-0.702275 0.159940 -4.221539 -0.361592 0.265126 0.028861 
-0.741087 0.179476 -4.262143 -0.360509 0.262153 0.024565 
-0.769152 0.185438 -4.141207 -0.360328 0.259556 0.021053 
-0.811944 0.176500 -3.920290 -0.360265 0.256660 0.018163 
-0.853833 0.167561 -3.666188 -0.359881 0.253950 0.017867 
-0.905292 0.155455 -3.414971 -0.360328 0.252169 0.019178 
-0.974954 0.167677 -3.378634 -0.363175 0.250557 0.022924 
-1.053980 0.234062 -3.532251 -0.364350 0.249066 0.028542 
-1.095195 0.285065 -3.713631 -0.362233 0.246071 0.034846 
-1.125662 0.312943 -3.859127 -0.359953 0.242408 0.038924 
-1.150493 0.297584 -4.024155 -0.359583 0.240975 0.039861 
-1.165669 0.249671 -4.042613 -0.359446 0.239046 0.035236 
-1.210456 0.238522 -3.925297 -0.357791 0.237311 0.024284 
-1.240975 0.271238 -3.745659 -0.355180 0.237207 0.012084 
-1.227349 0.307272 -3.592912 -0.353322 0.237481 0.006730 
-1.230519 0.393106 -3.383707 -0.352247 0.238574 0.011419 
-1.226680 0.480966 -3.314772 -0.352591 0.240713 0.028007 
-1.257902 0.546764 -3.437280 -0.354222 0.242459 0.052812 
-1.291348 0.614626 -3.654362 -0.355192 0.243663 0.078498 
-1.298872 0.640330 -3.833667 -0.357090 0.244457 0.097997 
-1.311930 0.650738 -4.073542 -0.361670 0.245267 0.107507 
-1.305816 0.704329 -4.127554 -0.367397 0.246197 0.104879 
-1.334921 0.811000 -3.961022 -0.375519 0.247048 0.089418 
-1.389960 0.894637 -3.765364 -0.380926 0.247496 0.072651 
-1.451598 1.004784 -3.512560 -0.385673 0.247311 0.049187 
-1.522838 1.053639 -3.170666 -0.390379 0.246870 0.026418 
-1.564114 1.046867 -3.057682 -0.393514 0.246063 0.016385 
-1.587115 0.989381 -3.125468 -0.396017 0.245727 0.016774 
-1.620388 0.930261 -3.277159 -0.395476 0.245405 0.027876 
-1.663925 0.906084 -3.466740 -0.390673 0.245095 0.042970 
-1.690965 0.906962 -3.703115 -0.382629 0.244589 0.054449 
-1.705513 0.910603 -3.791901 -0.373926 0.243956 0.055538 
-1.718419 0.910741 -3.652059 -0.365744 0.242781 0.047078 
-1.754709 0.911575 -3.426013 -0.357896 0.240415 0.036995 
-1.793372 0.890549 -3.211103 -0.352129 0.236146 0.028770 
-1.826057 0.826035 -2.946762 -0.348111 0.230383 0.026080 
-1.796221 0.752248 -2.847438 -0.346682 0.223636 0.030047 
-1.759404 0.740648 -2.976248 -0.347208 0.217198 0.041270 
-1.777896 0.761407 -3.178955 -0.349304 0.212415 0.054702 
-1.835520 0.788859 -3.416664 -0.351216 0.208955 0.061980 
-1.898265 0.805729 -3.681695 -0.352727 0.207710 0.059872 
-1.919069 0.837569 -3.779141 -0.353961 0.208724 0.051447 
-1.908118 0.888911 -3.661602 -0.355373 0.211214 0.042233 
-1.899608 0.921805 -3.442458 -0.357726 0.215325 0.033415 
-1.900488 0.941370 -3.249270 -0.361465 0.220642 0.023720 
-1.956028 0.924109 -3.015277 -0.366140 0.227084 0.014477 
-1.973621 0.893774 -2.960849 -0.370875 0.233477 0.007970 
-1.963539 0.879655 -3.097794 -0.375949 0.239055 0.009040 
-1.912504 0.892363 -3.330251 -0.382248 0.244485 0.020350 
-1.868342 0.921423 -3.521045 -0.388115 0.249207 0.034921 
-1.877297 0.949155 -3.774210 -0.391929 0.252302 0.048893 
-1.897905 0.980454 -3.857476 -0.393483 0.254497 0.058484 
-1.877775 0.970180 -3.727659 -0.393226 0.255498 0.066723 
-1.869763 0.948881 -3.540750 -0.391612 0.254742 0.067823 
-1.877942 0.961816 -3.318263 -0.389609 0.252274 0.059117 
-1.899401 0.975191 -3.037403 -0.386971 0.248547 0.047142 
-1.886603 1.007228 -2.919755 -0.383367 0.243185 0.038899 
-1.870343 1.014462 -2.982275 -0.380408 0.237723 0.034040 
-1.856189 0.963128 -3.180620 -0.376404 0.228926 0.030135 
-1.890381 0.948025 -3.366364 -0.373461 0.222017 0.029899 
-1.911694 0.908978 -3.601805 -0.371318 0.215977 0.033579 
-1.905720 0.855949 -3.655640 -0.368304 0.211437 0.036841 
-1.903167 0.872278 -3.527320 -0.363853 0.208449 0.035423 
-1.854848 0.884193 -3.295318 -0.359089 0.206660 0.036644 
-1.763313 0.875503 -3.035215 -0.354769 0.207050 0.042685 
-1.713974 0.849022 -2.735389 -0.351564 0.209261 0.053575 
-1.723008 0.831590 -2.633967 -0.350089 0.212386 0.063998 
-1.762631 0.836299 -2.721366 -0.348788 0.217487 0.076931 
-1.720346 0.826515 -2.916257 -0.349950 0.222099 0.082084 
-1.617286 0.813403 -3.136944 -0.353512 0.226745 0.079206 
-1.577156 0.831220 -3.406826 -0.358339 0.230982 0.072894 
-1.614802 0.861002 -3.534978 -0.364905 0.233902 0.052493 
-1.634688 0.847696 -3.414968 -0.371456 0.236066 0.030149 
-1.616952 0.842414 -3.246307 -0.376963 0.237599 0.015666 
-1.544771 0.831164 -3.073509 -0.382159 0.238171 -0.000635 
-1.487697 0.808280 -2.812799 -0.385195 0.238284 -0.005421 
-1.433299 0.802131 -2.704064 -0.385851 0.238294 0.007650 
-1.382949 0.785548 -2.822738 -0.384320 0.238943 0.024772 
-1.329689 0.731553 -3.007510 -0.380150 0.239969 0.049818 
-1.293972 0.740931 -3.181423 -0.373454 0.240299 0.080876 
-1.255289 0.752639 -3.443470 -0.367219 0.240507 0.103290 
-1.169017 0.741287 -3.526215 -0.362258 0.240613 0.116000 
-1.076130 0.797649 -3.407168 -0.358274 0.239224 0.122188 
-1.010467 0.816019 -3.227812 -0.356188 0.237205 0.114295 
-0.980770 0.796361 -3.018386 -0.356001 0.235018 0.100011 
-0.971551 0.759529 -2.770478 -0.357235 0.231808 0.083642 
-0.976110 0.706798 -2.668094 -0.360189 0.229475 0.069733 
-0.990444 0.658423 -2.749619 -0.363912 0.228100 0.056849 
-1.045140 0.651352 -2.908011 -0.367525 0.227135 0.046272 
-1.100418 0.624116 -3.096635 -0.370153 0.227230 0.038743 
-1.146885 0.555926 -3.354924 -0.371938 0.228872 0.026067 
-1.185128 0.518130 -3.448700 -0.372386 0.230748 0.019418 
-1.197700 0.460284 -3.362401 -0.371684 0.233560 0.012778 
-1.203240 0.448006 -3.186232 -0.369536 0.236818 0.009638 
-1.230255 0.408852 -3.031259 -0.367105 0.239748 0.010543 
-1.248403 0.338010 -2.804543 -0.362965 0.242408 0.013831 
-1.271981 0.326475 -2.744061 -0.358079 0.244019 0.022258 
-1.278415 0.311746 -2.884022 -0.353835 0.244204 0.034182 
-1.271521 0.279999 -3.060536 -0.350502 0.243636 0.052953 
-1.339081 0.298662 -3.243942 -0.347821 0.240925 0.067380 
-1.411644 0.308637 -3.483569 -0.346488 0.235557 0.073336 
-1.405573 0.324223 -3.540657 -0.345723 0.229415 0.075711 
-1.342551 0.419779 -3.433075 -0.345979 0.221530 0.070250 
-1.296120 0.498649 -3.244019 -0.348133 0.212690 0.065964 
-1.234136 0.552984 -3.038079 -0.351420 0.205435 0.055783 
-1.261766 0.577297 -2.823326 -0.354491 0.199648 0.042044 
-1.304974 0.566798 -2.808892 -0.357004 0.196180 0.026799 
-1.313128 0.513381 -2.946706 -0.358508 0.195911 0.010602 
-1.265306 0.496289 -3.151960 -0.359718 0.197598 0.008272 
-1.145420 0.470805 -3.338036 -0.360143 0.201166 0.005596 
-1.016686 0.445094 -3.570650 -0.359436 0.207670 0.015911 
-0.946509 0.409034 -3.701532 -0.357715 0.215243 0.029285 
-0.924382 0.310948 -3.597525 -0.355186 0.224048 0.041310 
-0.924274 0.211664 -3.428531 -0.353162 0.233680 0.059822 
-0.921452 0.060105 -3.261740 -0.352793 0.242101 0.068591 
-0.865857 0.022960 -3.011234 -0.352879 0.249798 0.072989 
-0.775232 -0.005155 -2.889926 -0.353196 0.254384 0.068955 
-0.610417 0.011987 -2.966543 -0.353463 0.256192 0.059329 
-0.409444 -0.001189 -3.118845 -0.353598 0.256585 0.043633 
-0.252183 -0.059078 -3.326113 -0.355034 0.255545 0.026624 
-0.164722 -0.086265 -3.597691 -0.356292 0.254048 0.003253 
-0.090620 -0.061779 -3.696383 -0.355916 0.252851 -0.013544 
-0.058804 -0.062847 -3.566093 -0.354148 0.251145 -0.029632 
-0.038741 -0.029794 -3.363697 -0.351345 0.249829 -0.039017 
-0.075230 0.001959 -3.175515 -0.349222 0.248547 -0.038537 
-0.034895 -0.002209 -2.931140 -0.347306 0.245958 -0.028468 
0.116056 0.079765 -2.804142 -0.343747 0.243616 -0.013349 
0.325235 0.046062 -2.875880 -0.340477 0.242665 0.003896 
0.485753 -0.023962 -3.076310 -0.340865 0.247686 0.018111 
0.550901 -0.131137 -3.412204 -0.341892 0.256607 0.022301 
0.441549 -0.170981 -3.763526 -0.338529 0.266111 0.022046 
0.404251 -0.194066 -3.917627 -0.333733 0.276227 0.015072 
0.423721 -0.168276 -3.882686 -0.333072 0.286308 0.004480 
0.493313 -0.158961 -3.575985 -0.337973 0.294471 0.002257 
0.593195 -0.141316 -3.222389 -0.342797 0.299164 -0.002245 
0.514421 -0.147474 -2.833168 -0.346926 0.300325 -0.001005 
0.451732 -0.192174 -2.771789 -0.352749 0.300511 -0.012891 
0.332304 -0.280953 -2.955409 -0.361313 0.300249 -0.022274 
0.223908 -0.300593 -3.200088 -0.368417 0.297831 -0.040042 
0.249384 -0.242122 -3.392122 -0.370713 0.292612 -0.049953 
0.217736 -0.121626 -3.650999 -0.368579 0.286425 -0.048583 
0.314113 -0.073632 -3.724860 -0.367050 0.278996 -0.048034 
0.244220 -0.063798 -3.662369 -0.365406 0.272245 -0.033660 
0.162085 -0.082788 -3.463796 -0.357711 0.264305 -0.024943 
0.102574 -0.031771 -3.238492 -0.345329 0.256261 -0.006165 
0.073461 -0.101009 -2.987684 -0.337798 0.250906 0.013375 
0.123353 -0.126404 -2.929399 -0.335693 0.248468 0.028526 
0.007900 -0.027263 -3.050156 -0.332317 0.244485 0.038222 
-0.043095 0.011744 -3.203388 -0.326432 0.239258 0.043013 
0.018388 0.064479 -3.386511 -0.324728 0.235809 0.038493 
0.065283 0.035329 -3.592058 -0.329236 0.235003 0.034735 
0.259150 0.041456 -3.683360 -0.340494 0.234469 0.018742 
0.298446 0.050754 -3.490195 -0.344761 0.234226 0.001927 
0.273064 0.067356 -3.283059 -0.346608 0.236634 -0.018045 
0.271658 -0.022839 -3.116531 -0.350800 0.242657 -0.036924 
0.341509 -0.106402 -2.837121 -0.355391 0.251727 -0.044692 
0.462640 -0.137266 -2.648158 -0.355715 0.260499 -0.043894 
0.574860 -0.137367 -2.727134 -0.352116 0.271610 -0.032461 
0.659023 -0.160426 -3.008823 -0.347720 0.284473 -0.017809 
0.623065 -0.255709 -3.298350 -0.344060 0.294800 -0.003363 
0.544924 -0.340765 -3.621218 -0.341315 0.304660 0.009044 
0.418359 -0.431599 -3.854770 -0.339609 0.311579 0.015357 
0.401046 -0.409048 -3.803179 -0.337694 0.312572 0.017623 
0.435785 -0.374204 -3.580500 -0.338082 0.307516 0.010597 
0.531262 -0.296540 -3.301810 -0.341506 0.298895 0.007688 
0.582801 -0.212364 -3.045087 -0.346678 0.288372 -0.000977 
0.461733 -0.218331 -2.837812 -0.350973 0.277122 -0.006715 
0.347579 -0.270778 -2.886561 -0.353972 0.266598 -0.016365 
0.270192 -0.198675 -3.046715 -0.355426 0.257224 -0.026954 
0.217881 -0.137924 -3.208637 -0.354854 0.250278 -0.026780 
0.214239 -0.029438 -3.379471 -0.352794 0.244828 -0.028136 
0.069067 0.094914 -3.457602 -0.349099 0.240961 -0.019362 
-0.026757 0.096522 -3.357224 -0.345930 0.239342 -0.013082 
-0.007133 0.049608 -3.207629 -0.341753 0.239190 -0.003386 
0.006816 0.044703 -3.103619 -0.336795 0.238254 0.011754 
0.117478 0.012314 -2.908842 -0.333751 0.238226 0.020326 
0.188910 -0.017175 -2.852984 -0.333114 0.242234 0.036921 
0.129293 -0.075544 -3.020833 -0.333712 0.247163 0.046896 
0.022057 -0.119917 -3.238514 -0.334400 0.252518 0.048899 
-0.047765 -0.163019 -3.458541 -0.336507 0.258075 0.044913 
0.000385 -0.133105 -3.768747 -0.341402 0.262362 0.038572 
0.103205 -0.050844 -3.881764 -0.348482 0.266625 0.024195 
0.083035 0.060604 -3.761341 -0.355921 0.269530 0.010271 
0.006593 0.115595 -3.550501 -0.364439 0.270674 -0.010315 
-0.090529 0.078679 -3.378094 -0.371683 0.271934 -0.028847 
-0.133096 0.012379 -3.121866 -0.378948 0.273830 -0.052476 
-0.129123 -0.047201 -3.003589 -0.381789 0.274200 -0.068873 
-0.072449 -0.018374 -3.081519 -0.381071 0.276972 -0.074656 
-0.023731 0.046645 -3.326806 -0.376234 0.279476 -0.073333 
-0.063399 0.114460 -3.571260 -0.367407 0.281191 -0.063156 
-0.068572 0.097135 -3.850399 -0.358190 0.282260 -0.047898 
-0.118791 0.017760 -3.927630 -0.350246 0.281790 -0.023663 
-0.144722 -0.008833 -3.794279 -0.344338 0.279313 -0.004749 
-0.164835 -0.002776 -3.523658 -0.338361 0.274020 0.016149 
-0.224392 0.029789 -3.256276 -0.335275 0.266039 0.032735 
-0.251188 0.142113 -3.018093 -0.335144 0.256120 0.039424 
-0.309957 0.196382 -2.853725 -0.337687 0.244874 0.045117 
-0.286423 0.221590 -2.881905 -0.341344 0.233423 0.039711 
-0.230010 0.279350 -2.996596 -0.346039 0.223860 0.029199 
-0.113503 0.269855 -3.116261 -0.352463 0.217842 0.009631 
0.025205 0.282376 -3.327455 -0.357433 0.215707 -0.011038 
0.058404 0.281045 -3.463377 -0.358226 0.218237 -0.024683 
0.023622 0.214956 -3.383118 -0.355190 0.225111 -0.038596 
-0.016005 0.147707 -3.210436 -0.351685 0.236730 -0.034156 
0.016950 0.060519 -3.032000 -0.349404 0.250033 -0.027473 
0.110268 0.039788 -2.780149 -0.346458 0.263057 -0.006556 
0.165971 0.096220 -2.699841 -0.342177 0.274784 0.017353 
0.178772 0.080406 -2.873875 -0.340503 0.283270 0.039593 
0.121134 0.012585 -3.101518 -0.343250 0.289072 0.062187 
0.025162 -0.093637 -3.337418 -0.349666 0.292129 0.071122 
-0.063774 -0.159110 -3.576877 -0.357076 0.290544 0.070810 
-0.077573 -0.187137 -3.617918 -0.364029 0.285056 0.060424 
-0.044811 -0.099872 -3.475861 -0.369674 0.277235 0.037594 
0.019421 0.011291 -3.274243 -0.373206 0.267277 0.010098 
0.055221 0.125942 -3.065949 -0.373837 0.257912 -0.014116 
0.028520 0.144926 -2.804585 -0.371807 0.250753 -0.041282 
-0.038505 0.095442 -2.693034 -0.368344 0.246757 -0.058902 
-0.034188 0.053012 -2.817009 -0.362850 0.246529 -0.065647 
-0.020213 -0.023445 -3.057942 -0.353721 0.247030 -0.061203 
0.000442 0.019160 -3.341599 -0.341337 0.248611 -0.050160 
-0.003995 -0.006474 -3.692258 -0.330889 0.251985 -0.031795 
0.011248 -0.021337 -3.835948 -0.323741 0.255862 -0.012884 
0.051593 -0.043491 -3.699537 -0.319216 0.258170 0.001494 
0.130045 -0.052064 -3.471150 -0.317469 0.259054 0.017514 
0.264693 -0.089678 -3.272441 -0.319109 0.259137 0.027656 
0.231679 -0.111189 -3.042015 -0.324435 0.259511 0.028350 
0.150197 -0.120621 -2.960169 -0.332753 0.260909 0.025849 
0.082513 -0.086981 -3.057853 -0.342359 0.262824 0.023119 
0.027875 0.022508 -3.241574 -0.351258 0.264402 0.018088 
0.069869 0.122828 -3.434083 -0.359845 0.265482 0.008323 
0.084370 0.189145 -3.719522 -0.369004 0.266754 -0.000454 
0.050042 0.231743 -3.846831 -0.376763 0.268508 -0.020282 
-0.021471 0.228974 -3.743166 -0.381497 0.269819 -0.033537 
-0.131188 0.205707 -3.614966 -0.383181 0.270443 -0.042635 
-0.199643 0.109995 -3.409749 -0.384228 0.270460 -0.046876 
-0.201151 0.054376 -3.161529 -0.382701 0.270432 -0.038240 
-0.137433 0.019728 -3.019529 -0.377609 0.269873 -0.034026 
-0.088528 0.063397 -3.095751 -0.369226 0.269223 -0.018111 
-0.071725 0.078356 -3.318689 -0.360415 0.269376 -0.004599 
-0.158725 -0.005459 -3.566272 -0.352519 0.269351 0.007264 
-0.218233 -0.069506 -3.821876 -0.344467 0.268377 0.018277 
-0.227532 -0.096775 -3.905820 -0.337260 0.265219 0.026378 
-0.176931 -0.105018 -3.653585 -0.332151 0.259107 0.031512 
-0.152502 -0.028491 -3.391828 -0.330000 0.253581 0.031260 
-0.190661 0.049567 -3.092545 -0.329484 0.245217 0.021880 
-0.161288 0.062245 -2.764322 -0.331483 0.236810 0.006742 
-0.088054 0.112650 -2.597899 -0.334470 0.230236 -0.007990 
0.014609 0.116766 -2.686268 -0.338396 0.224230 -0.025633 
0.170808 0.137484 -2.850922 -0.342973 0.222004 -0.029432 
0.211890 0.139573 -3.093545 -0.347263 0.224330 -0.027028 
0.185655 0.089844 -3.440264 -0.350826 0.229911 -0.016524 
0.134864 0.040281 -3.674557 -0.351839 0.239098 -0.004393 
0.146322 0.032558 -3.660509 -0.350122 0.249662 0.011660 
0.244677 0.032075 -3.537931 -0.348793 0.260077 0.025131 
0.363781 0.026718 -3.357793 -0.349259 0.271575 0.037054 
0.411067 0.008451 -3.115696 -0.351147 0.282213 0.045735 
0.386329 -0.077592 -3.017487 -0.354352 0.291508 0.044441 
0.310520 -0.169303 -3.132447 -0.358903 0.300789 0.036444 
0.238801 -0.305942 -3.367399 -0.363279 0.306109 0.023973 
0.196346 -0.351508 -3.589855 -0.366835 0.308097 0.006535 
0.186419 -0.306373 -3.808805 -0.369733 0.307026 -0.012340 
0.201771 -0.230529 -3.824460 -0.372568 0.302416 -0.031206 
0.201501 -0.087146 -3.612934 -0.372372 0.295059 -0.045574 
0.195749 -0.078394 -3.308048 -0.369113 0.285660 -0.062944 
0.150899 -0.091150 -3.037393 -0.362644 0.275323 -0.065377 
0.120684 -0.121156 -2.797025 -0.355646 0.267175 -0.068412 
0.064285 -0.161952 -2.708749 -0.347761 0.259649 -0.052623 
-0.039448 -0.101470 -2.830189 -0.336606 0.252350 -0.032195 
-0.159763 -0.041074 -3.049896 -0.325136 0.244987 -0.013140 
-0.152580 -0.030946 -3.283728 -0.317800 0.238442 0.013755 
-0.084467 -0.016245 -3.556057 -0.314899 0.232981 0.031020 
-0.001771 0.056067 -3.678870 -0.314165 0.226650 0.046978 
0.059928 0.110710 -3.555680 -0.315029 0.221458 0.055109 
0.049705 0.164621 -3.383395 -0.320451 0.220564 0.055049 
0.002825 0.138548 -3.255423 -0.329353 0.222553 0.046791 
-0.064239 0.115577 -3.014017 -0.340988 0.227807 0.031667 
-0.048816 0.185346 -2.819520 -0.350963 0.236336 0.006074 
0.045509 0.263428 -2.872050 -0.358568 0.245898 -0.012057 
0.110975 0.361861 -3.071962 -0.367489 0.257696 -0.031167 
0.099796 0.368839 -3.279130 -0.377257 0.270858 -0.047104 
0.012072 0.317740 -3.526542 -0.384256 0.282848 -0.049399 
-0.088251 0.234902 -3.648011 -0.387148 0.292908 -0.044349 
-0.164670 0.162290 -3.542987 -0.388194 0.300780 -0.033959 
-0.169483 0.061689 -3.400799 -0.388750 0.303737 -0.022432 
-0.170286 0.077604 -3.216669 -0.386071 0.302799 -0.009217 
-0.087143 0.087271 -2.947261 -0.378567 0.297623 -0.000679 
-0.005934 0.085663 -2.802904 -0.369366 0.289895 0.008180 
0.012453 0.001670 -2.901163 -0.362218 0.282692 0.014146 
0.063569 -0.054349 -3.138985 -0.355492 0.275081 0.011758 
0.010571 -0.025680 -3.376921 -0.344851 0.264908 0.015063 
0.003307 0.021418 -3.637734 -0.333089 0.254993 0.014689 
-0.048490 0.035679 -3.736753 -0.325933 0.245058 0.013653 
-0.127270 -0.018198 -3.572148 -0.324434 0.235978 0.000667 
-0.084208 -0.026314 -3.277793 -0.324317 0.229019 -0.006945 
-0.001764 0.004141 -2.937763 -0.322783 0.219202 -0.021140 
0.121496 0.074892 -2.621881 -0.322067 0.212094 -0.029570 
0.222058 0.138971 -2.506301 -0.324292 0.210744 -0.021788 
0.247051 0.096172 -2.604858 -0.329234 0.213348 -0.012090 
0.157945 0.051429 -2.794927 -0.332965 0.220804 0.008400 
0.088548 -0.007137 -3.028025 -0.335339 0.232609 0.024701 
0.112628 -0.064124 -3.341867 -0.338930 0.245683 0.041469 
0.202507 -0.029887 -3.573466 -0.342169 0.259655 0.053717 
0.282274 0.057180 -3.589615 -0.344091 0.272717 0.056511 
0.295990 0.081733 -3.468849 -0.348266 0.283602 0.055062 
0.263845 -0.007641 -3.327579 -0.356327 0.294451 0.048175 
0.192575 -0.144138 -3.139895 -0.366674 0.303041 0.032901 
0.136440 -0.284225 -3.093458 -0.374618 0.306460 0.008305 
0.165035 -0.277884 -3.251768 -0.379220 0.307277 -0.017395 
0.229561 -0.238301 -3.492216 -0.382919 0.305566 -0.046997 
0.280981 -0.122463 -3.688616 -0.384961 0.302179 -0.067100 
0.245971 -0.028786 -3.854853 -0.384476 0.297775 -0.080882 
0.202695 -0.051609 -3.878217 -0.380798 0.291955 -0.081756 
0.134522 -0.058381 -3.725203 -0.372848 0.284977 -0.075233 
0.090898 -0.113950 -3.475301 -0.362496 0.278098 -0.060965 
0.064261 -0.178216 -3.248950 -0.351872 0.271493 -0.041798 
-0.037062 -0.159395 -2.991475 -0.339745 0.265443 -0.023666 
-0.126748 -0.140278 -2.853701 -0.329372 0.259987 -0.009048 
-0.150768 -0.193703 -2.882051 -0.316404 0.250346 0.009262 
-0.128570 -0.168217 -3.026244 -0.307994 0.241373 0.024564 
-0.033351 -0.137085 -3.201197 -0.304806 0.232356 0.035628 
0.087522 -0.059219 -3.417630 -0.304487 0.223943 0.045103 
0.059999 0.061609 -3.546678 -0.305568 0.216754 0.049431 
-0.041726 0.062082 -3.527621 -0.311412 0.213034 0.038647 
-0.111705 -0.001981 -3.417111 -0.322043 0.214674 0.022669 
-0.122659 0.004245 -3.234700 -0.333441 0.218957 -0.004926 
-0.032068 0.111991 -2.977745 -0.341980 0.225158 -0.028090 
0.026401 0.246623 -2.857500 -0.350022 0.234295 -0.049789 
-0.000011 0.323116 -2.983932 -0.359793 0.246356 -0.057573 
-0.072005 0.257098 -3.205877 -0.370904 0.259486 -0.047582 
-0.171805 0.102029 -3.396679 -0.378962 0.272107 -0.036139 
-0.218645 -0.019622 -3.599986 -0.382889 0.283261 -0.010909 
-0.158867 -0.073965 -3.739301 -0.385480 0.291479 0.008513 
-0.079888 -0.020888 -3.618090 -0.386994 0.297090 0.028751 
-0.017165 0.086501 -3.424794 -0.385566 0.299379 0.043063 
0.000707 0.188813 -3.213711 -0.380020 0.297575 0.052014 
0.037432 0.177026 -2.948960 -0.372696 0.293469 0.054635 
0.091784 0.064702 -2.808748 -0.367029 0.287669 0.051576 
0.132573 -0.042720 -2.926569 -0.362450 0.280730 0.035569 
0.199128 -0.069919 -3.116670 -0.355039 0.273267 0.014457 
0.171222 0.007592 -3.299227 -0.343893 0.263925 -0.011567 
0.144407 0.027362 -3.527159 -0.334114 0.254169 -0.038808 
0.139809 0.035992 -3.642907 -0.328584 0.245589 -0.055829 
0.188997 0.003216 -3.497839 -0.325254 0.237162 -0.066613 
0.301529 0.018875 -3.211575 -0.321869 0.228898 -0.061608 
0.377864 0.031862 -2.955117 -0.319486 0.223208 -0.044633 
0.384401 0.009814 -2.746621 -0.319800 0.222689 -0.023331 
0.278849 -0.091960 -2.726582 -0.322664 0.226766 -0.002232 
0.210702 -0.153007 -2.874811 -0.325375 0.235312 0.020831 
0.205159 -0.167158 -3.051198 -0.327240 0.245251 0.038496 
0.247412 -0.089363 -3.258984 -0.330039 0.256796 0.049411 
0.302413 -0.007846 -3.525925 -0.336660 0.269208 0.058287 
0.260585 -0.008857 -3.694896 -0.345854 0.280123 0.058589 
0.181464 -0.008548 -3.625736 -0.354752 0.288579 0.053115 
0.059235 -0.089351 -3.502115 -0.364249 0.293634 0.035051 
0.006813 -0.188257 -3.359943 -0.375280 0.296167 0.010932 
0.020029 -0.160580 -3.136977 -0.385548 0.295687 -0.020980 
0.057519 -0.089381 -3.051963 -0.392270 0.291647 -0.048717 
0.141937 0.034652 -3.132256 -0.393273 0.285352 -0.063341 
0.177510 0.099303 -3.293359 -0.390379 0.280636 -0.076953 
0.163804 0.001055 -3.494857 -0.385758 0.277004 -0.072691 
0.149166 -0.082885 -3.795592 -0.378462 0.276473 -0.063435 
0.084281 -0.133678 -3.965339 -0.365823 0.275735 -0.049520 
0.032601 -0.098774 -3.881888 -0.348242 0.274263 -0.026949 
-0.010329 -0.036393 -3.707854 -0.332078 0.272905 -0.010917 
-0.125136 -0.032075 -3.479032 -0.321508 0.269526 0.007392 
-0.127634 -0.034685 -3.103256 -0.315910 0.262934 0.023249 
-0.140001 0.014261 -2.805460 -0.312843 0.253565 0.036022 
-0.068868 0.094907 -2.784682 -0.314311 0.241545 0.045449 
0.004609 0.177880 -2.950176 -0.321703 0.230373 0.048579 
0.006686 0.205561 -3.145537 -0.332585 0.221840 0.034210 
-0.047617 0.221277 -3.385153 -0.343426 0.216470 0.017192 
-0.111273 0.241685 -3.528463 -0.352644 0.217263 -0.007128 
-0.116194 0.252735 -3.438507 -0.360624 0.222580 -0.032719 
-0.080805 0.318966 -3.309050 -0.366104 0.230431 -0.048029 
-0.037717 0.358009 -3.202872 -0.367430 0.241393 -0.057465 
-0.004875 0.362337 -3.027653 -0.366916 0.253679 -0.051994 
-0.016247 0.254271 -2.961686 -0.367209 0.266454 -0.035397 
-0.055098 0.103028 -3.068273 -0.369739 0.278669 -0.013347 
-0.063890 -0.050117 -3.261944 -0.371938 0.287813 0.007047 
-0.030110 -0.099421 -3.471091 -0.371929 0.292791 0.028448 
0.060409 -0.090021 -3.728796 -0.371150 0.293952 0.044929 
0.139053 -0.058203 -3.827341 -0.371031 0.292399 0.055485 
0.133636 0.019987 -3.678987 -0.370969 0.288923 0.061151 
0.088965 -0.000342 -3.420460 -0.369219 0.283643 0.058397 
0.092186 -0.006869 -3.177620 -0.364774 0.277252 0.044346 
0.146098 -0.019689 -2.885592 -0.358583 0.270570 0.017979 
0.244593 -0.042325 -2.748639 -0.350982 0.264830 -0.012205 
0.228206 -0.012422 -2.859187 -0.341460 0.259758 -0.045717 
0.137549 0.000139 -2.996889 -0.331776 0.254649 -0.068858 
0.079340 -0.007009 -3.218298 -0.324291 0.248870 -0.074026 
0.107000 -0.062302 -3.422177 -0.319342 0.242675 -0.068868 
0.214499 -0.062481 -3.484363 -0.316209 0.236155 -0.042952 
0.344626 -0.085987 -3.400200 -0.315969 0.231060 -0.020863 
0.354559 -0.090987 -3.252918 -0.317763 0.229783 0.009431 
0.265686 -0.097263 -3.158243 -0.320749 0.231007 0.033455 
0.179251 -0.089126 -2.997927 -0.324447 0.236685 0.048066 
0.145516 -0.050091 -2.928483 -0.330146 0.244689 0.059825 
0.208726 -0.018444 -3.033240 -0.337121 0.254696 0.065098 
0.241643 0.051337 -3.203342 -0.344971 0.265208 0.061120 
0.224363 0.089086 -3.421077 -0.353237 0.274994 0.048527 
0.191004 0.079677 -3.652772 -0.361521 0.282567 0.029710 
0.104943 0.006380 -3.848060 -0.372542 0.289873 -0.001279 
0.028797 -0.057024 -3.766587 -0.382535 0.294979 -0.030089 
0.015508 -0.088876 -3.585818 -0.390824 0.296109 -0.059000 
0.034593 -0.095743 -3.350950 -0.395378 0.294949 -0.072124 
0.086582 -0.005813 -3.105536 -0.395047 0.290948 -0.076664 
0.139321 0.031059 -2.987282 -0.389453 0.286104 -0.071005 
0.127259 -0.079396 -3.046557 -0.381225 0.283130 -0.057681 
0.132543 -0.129858 -3.278560 -0.369504 0.283057 -0.042744 
0.109563 -0.175124 -3.543036 -0.354385 0.281757 -0.029154 
0.058649 -0.188762 -3.778345 -0.335846 0.278944 -0.017168 
0.001683 -0.107400 -3.926720 -0.319218 0.275433 -0.005889 
-0.098164 -0.129990 -3.823355 -0.310108 0.268493 0.003358 
-0.083403 -0.134831 -3.471158 -0.307086 0.259856 0.014537 
-0.115371 -0.077949 -3.111224 -0.306387 0.247263 0.024759 
-0.082325 0.002107 -2.804848 -0.309986 0.232106 0.027423 
0.000809 0.132759 -2.655899 -0.319144 0.220350 0.024011 
0.007802 0.194446 -2.728522 -0.331077 0.211779 0.009992 
-0.035656 0.213642 -2.906679 -0.342050 0.206811 -0.003331 
-0.097121 0.184774 -3.070059 -0.350970 0.209681 -0.024285 
-0.088464 0.161428 -3.304238 -0.358360 0.218127 -0.031234 
-0.007602 0.222466 -3.511138 -0.363188 0.228597 -0.034867 
0.067733 0.323353 -3.468632 -0.362607 0.242750 -0.029064 
0.077537 0.373227 -3.352640 -0.359851 0.257169 -0.010172 
0.082121 0.299957 -3.245953 -0.359572 0.271754 0.005909 
0.044718 0.153912 -3.035467 -0.363852 0.286113 0.027911 
0.054606 -0.042702 -2.963622 -0.369094 0.295339 0.041695 
0.068637 -0.114961 -3.100880 -0.371998 0.300315 0.053007 
0.129048 -0.122518 -3.347017 -0.373449 0.300984 0.058810 
0.200957 -0.050658 -3.564255 -0.375781 0.298050 0.058397 
0.220154 0.073677 -3.787782 -0.379384 0.293196 0.049897 
0.224099 0.111432 -3.839218 -0.381041 0.286850 0.036241 
0.232143 0.146970 -3.662788 -0.378547 0.278513 0.010301 
0.258643 0.128641 -3.413911 -0.372086 0.269917 -0.018981 
0.290648 0.068923 -3.128450 -0.365755 0.263661 -0.043021 
0.266630 0.013989 -2.886195 -0.358619 0.260771 -0.066714 
0.126803 0.016219 -2.788385 -0.348241 0.257434 -0.075747 
0.111078 0.034181 -2.875675 -0.335094 0.253485 -0.070177 
0.093474 0.038721 -3.071703 -0.323640 0.249197 -0.052881 
0.161487 0.019550 -3.245441 -0.317769 0.245249 -0.032820 
0.286180 -0.011423 -3.481101 -0.315154 0.241504 0.001381 
0.280947 -0.081958 -3.554590 -0.315480 0.239171 0.022014 
0.225144 -0.109427 -3.496049 -0.315862 0.237758 0.038804 
0.143052 -0.126767 -3.397891 -0.319248 0.238903 0.050073 
0.124261 -0.139139 -3.250922 -0.325143 0.242254 0.051854 
0.172393 -0.014401 -3.017339 -0.331969 0.246709 0.052262 
0.154566 0.080637 -2.878129 -0.340167 0.253039 0.043038 
0.153140 0.106501 -2.955548 -0.349960 0.261440 0.028238 
0.085697 0.092071 -3.214241 -0.360551 0.268851 0.001929 
0.026524 0.038401 -3.479005 -0.370449 0.275421 -0.026440 
-0.013874 -0.046448 -3.769946 -0.379264 0.280523 -0.049378 
-0.037521 -0.078587 -3.896052 -0.385455 0.284375 -0.067139 
-0.010081 -0.051186 -3.738284 -0.388470 0.285889 -0.067395 
0.051209 -0.046210 -3.470090 -0.388574 0.286863 -0.065355 
0.110274 0.036062 -3.242306 -0.384433 0.288212 -0.050517 
0.124836 0.013464 -3.128092 -0.376707 0.288801 -0.033505 
0.064369 -0.026591 -3.049018 -0.364969 0.289719 -0.021201 
-0.011056 -0.053799 -3.213066 -0.352652 0.289545 -0.005342 
-0.039388 -0.123105 -3.392226 -0.342852 0.286918 0.010229 
-0.068205 -0.116003 -3.518554 -0.335410 0.282779 0.022927 
-0.090597 -0.095192 -3.646702 -0.329794 0.273815 0.033995 
-0.102348 -0.060571 -3.702428 -0.325844 0.260834 0.038125 
-0.092912 -0.012588 -3.545323 -0.324697 0.246884 0.028662 
-0.065722 -0.012187 -3.315393 -0.327576 0.233056 0.017156 
-0.020595 -0.020876 -3.067224 -0.333569 0.220690 -0.007176 
-0.029527 -0.023785 -2.731979 -0.339237 0.213110 -0.022588 
-0.009571 0.000719 -2.583996 -0.342276 0.209298 -0.034265 
0.003573 0.039411 -2.714305 -0.342152 0.209710 -0.038763 
0.039352 0.101963 -2.946517 -0.340075 0.215271 -0.033027 
0.102470 0.114581 -3.220091 -0.337366 0.224274 -0.019999 
0.142880 0.099359 -3.511731 -0.335029 0.236396 -0.003917 
0.189369 0.024284 -3.630544 -0.334084 0.251102 0.012601 
0.198846 -0.090612 -3.572910 -0.334897 0.264198 0.024903 
0.182784 -0.177197 -3.434877 -0.336494 0.275163 0.030460 
0.220746 -0.213304 -3.272625 -0.339152 0.284714 0.035338 
0.246089 -0.265062 -3.042650 -0.345307 0.291351 0.032312 
0.303611 -0.196966 -2.929991 -0.353970 0.297915 0.025628 
0.340851 -0.116039 -3.087716 -0.362378 0.300932 0.017790 
0.355046 -0.021523 -3.305582 -0.367325 0.299999 -0.000070 
0.379371 0.016621 -3.587259 -0.371694 0.298407 -0.017260 
0.354011 -0.033883 -3.864330 -0.376717 0.295774 -0.039712 
0.378453 -0.004513 -3.870576 -0.378907 0.291669 -0.051100 
0.338476 0.001516 -3.634930 -0.377292 0.286740 -0.060512 
0.328909 0.075154 -3.383952 -0.372769 0.282322 -0.058248 
0.241439 0.144596 -3.178296 -0.365259 0.275709 -0.044246 
0.141352 0.109408 -2.928217 -0.357691 0.269035 -0.031964 
0.117763 0.138447 -2.779037 -0.349617 0.262472 -0.004637 
0.134856 0.133346 -2.891174 -0.342873 0.255149 0.014867 
0.210640 0.167651 -3.026042 -0.337103 0.249348 0.035864 
0.230095 0.122625 -3.258719 -0.334012 0.244189 0.049382 
0.141456 0.038949 -3.567016 -0.332542 0.241290 0.054032 
0.085617 -0.008448 -3.714866 -0.330329 0.240531 0.050969 
0.065199 -0.002557 -3.600378 -0.327896 0.239982 0.044392 
0.154358 0.077457 -3.381302 -0.328585 0.240856 0.026917 
0.185909 0.105179 -3.147865 -0.333859 0.244390 0.006793 
0.163368 0.118935 -2.922281 -0.340712 0.249340 -0.017085 
0.096714 0.050980 -2.810230 -0.346711 0.252764 -0.040766 
-0.025402 -0.038408 -2.919337 -0.352556 0.257202 -0.049751 
-0.057712 -0.134796 -3.182882 -0.360800 0.261890 -0.056377 
-0.093377 -0.135492 -3.413802 -0.369174 0.266374 -0.051886 
-0.076706 -0.072719 -3.641088 -0.373854 0.269966 -0.039480 
-0.078532 0.024237 -3.762399 -0.373646 0.271496 -0.027984 
-0.063111 0.090735 -3.684952 -0.370598 0.272390 -0.016903 
0.004774 0.051004 -3.567211 -0.367468 0.274290 -0.010029 
0.045092 -0.062874 -3.331445 -0.363758 0.277000 -0.006212 
0.091294 -0.076639 -3.077547 -0.358862 0.280756 -0.006120 
0.074845 -0.084335 -2.967187 -0.351537 0.283556 0.000906 
-0.025215 -0.005052 -3.071075 -0.342029 0.283371 0.003609 
-0.075435 0.028340 -3.273508 -0.336825 0.280826 0.011982 
-0.063447 -0.005150 -3.498861 -0.337841 0.276266 0.013772 
-0.027402 0.043583 -3.608084 -0.340681 0.268582 0.011468 
0.025120 0.115965 -3.666192 -0.342864 0.256467 0.001109 
0.122507 0.181300 -3.431979 -0.346211 0.243892 -0.011771 
0.126963 0.241960 -3.223850 -0.351734 0.234371 -0.017167 
0.127615 0.165313 -3.025759 -0.357424 0.227584 -0.026839 
0.077795 0.147161 -2.742639 -0.357913 0.225408 -0.022175 
0.101089 0.166729 -2.624858 -0.353910 0.227361 -0.015716 
0.181017 0.195323 -2.757696 -0.348350 0.232514 0.000012 
0.232016 0.216032 -3.027001 -0.344948 0.242000 0.018714 
0.242585 0.148526 -3.339945 -0.341869 0.253444 0.030787 
0.200219 0.023723 -3.659582 -0.338741 0.263807 0.045418 
0.148245 -0.101925 -3.821528 -0.336437 0.273150 0.054632 
0.148869 -0.203496 -3.761942 -0.339088 0.279977 0.056211 
0.159611 -0.251660 -3.640627 -0.344896 0.282333 0.052173 
0.215476 -0.167403 -3.355504 -0.352005 0.282478 0.040974 
0.270319 -0.097496 -3.106776 -0.355679 0.280316 0.018240 
0.326768 -0.049801 -2.885142 -0.361276 0.277075 -0.008345 
0.404262 -0.033417 -2.965163 -0.368677 0.276954 -0.038856 
0.362865 -0.073168 -3.174493 -0.373158 0.275858 -0.064380 
0.342966 0.006306 -3.389436 -0.371156 0.275180 -0.076346 
0.245561 -0.016230 -3.655643 -0.366375 0.275797 -0.078479 
0.192370 -0.010007 -3.774340 -0.360728 0.277271 -0.067847 
0.138691 -0.030472 -3.652589 -0.354796 0.277471 -0.052401 
0.117012 -0.032165 -3.422325 -0.347109 0.276304 -0.033007 
0.183333 0.035799 -3.215723 -0.338236 0.272828 -0.016817 
0.157575 0.074930 -3.037776 -0.331062 0.267405 0.000032 
0.220702 0.092434 -2.888512 -0.328972 0.262586 0.015519 
0.196788 0.036697 -2.990447 -0.331773 0.257324 0.033418 
0.116140 0.030939 -3.161748 -0.335217 0.252100 0.047431 
0.105986 0.012166 -3.354554 -0.339358 0.247320 0.054452 
0.119884 0.020692 -3.604655 -0.344740 0.244572 0.053068 
0.157702 0.143151 -3.767291 -0.350123 0.243856 0.033768 
0.154826 0.238251 -3.651408 -0.355097 0.244894 0.008344 
0.154573 0.267821 -3.440770 -0.359576 0.248538 -0.022961 
0.071931 0.201452 -3.200187 -0.364295 0.253972 -0.046358 
0.001359 0.060912 -2.991625 -0.368400 0.260753 -0.058152 
-0.059399 -0.084472 -2.831668 -0.370277 0.266911 -0.064441 
-0.117378 -0.075990 -2.912096 -0.367996 0.271188 -0.050862 
-0.118642 -0.058241 -3.126211 -0.365287 0.274901 -0.036859 
-0.105058 -0.036272 -3.327672 -0.363178 0.277001 -0.011667 
-0.027361 0.032465 -3.544134 -0.359255 0.277428 0.010411 
0.035466 -0.061196 -3.663284 -0.354722 0.276237 0.025652 
0.022574 -0.117435 -3.618325 -0.350142 0.276223 0.032461 
0.018707 -0.188936 -3.532013 -0.345990 0.275351 0.031487 
-0.041746 -0.215091 -3.357679 -0.341717 0.272481 0.024198 
-0.046408 -0.097843 -3.094461 -0.336087 0.269072 0.013274 
-0.108618 -0.038648 -2.954856 -0.333303 0.263080 -0.002636 
-0.044156 0.005774 -2.954824 -0.334721 0.255629 -0.020635 
0.010541 0.058657 -3.046813 -0.338006 0.247513 -0.029237 
0.133904 0.101149 -3.189590 -0.340998 0.237388 -0.037980 
0.239735 0.160898 -3.376982 -0.343553 0.230105 -0.033925 
0.206406 0.125080 -3.510906 -0.348474 0.227767 -0.025802 
0.169182 0.097726 -3.479528 -0.352545 0.228982 -0.015766 
0.123199 0.125596 -3.326846 -0.351902 0.233621 -0.004962 
0.170740 0.175283 -3.136158 -0.347036 0.241158 0.007605 
0.263577 0.223262 -2.980087 -0.343763 0.248559 0.015018 
0.333291 0.225461 -2.861089 -0.343238 0.260216 0.022589 
0.390968 0.213014 -2.950594 -0.343293 0.271314 0.032780 
0.396303 0.088779 -3.137132 -0.343676 0.278820 0.041603 
0.344706 -0.033841 -3.342804 -0.346813 0.287006 0.047981 
0.305765 -0.205660 -3.656626 -0.354141 0.293165 0.048113 
0.286027 -0.264411 -3.848002 -0.361153 0.295468 0.036533 
0.296250 -0.148833 -3.767833 -0.365490 0.295571 0.012804 
0.302212 -0.035969 -3.592310 -0.368728 0.292907 -0.016943 
0.337156 0.085814 -3.364080 -0.372047 0.288034 -0.043399 
0.351270 0.048272 -3.088406 -0.375055 0.283330 -0.069136 
0.316075 -0.022940 -2.888511 -0.374942 0.278915 -0.075700 
0.293013 -0.057655 -2.974467 -0.370209 0.274967 -0.076778 
0.255872 -0.118751 -3.104326 -0.362449 0.272295 -0.063168 
0.181556 -0.056214 -3.319797 -0.353031 0.270829 -0.040931 
0.080888 -0.038257 -3.610065 -0.343456 0.268865 -0.021237 
0.029357 0.017853 -3.733173 -0.334232 0.265988 0.004632 
0.040470 0.034968 -3.598495 -0.327190 0.260687 0.022506 
0.063184 0.056193 -3.392577 -0.324294 0.254141 0.039232 
0.112399 0.066772 -3.183096 -0.326282 0.247575 0.050025 
0.074980 0.062163 -2.962289 -0.330198 0.240539 0.053998 
0.062518 0.056167 -2.840613 -0.333948 0.235331 0.049069 
0.024925 0.058396 -2.905874 -0.339095 0.231942 0.038946 
0.042762 0.121739 -3.068783 -0.345872 0.232288 0.016629 
0.112156 0.195946 -3.255962 -0.352383 0.234859 -0.008417 
0.141429 0.287787 -3.466294 -0.357185 0.240034 -0.025808 
0.120476 0.277203 -3.664424 -0.360490 0.248000 -0.045321 
0.038973 0.171733 -3.662755 -0.363540 0.256729 -0.052382 
-0.024374 0.004884 -3.519655 -0.366373 0.266640 -0.051860 
-0.083181 -0.134348 -3.326111 -0.367241 0.275297 -0.044651 
-0.056636 -0.166370 -3.085755 -0.365376 0.280915 -0.037476 
0.029846 -0.158301 -2.887312 -0.361101 0.285859 -0.027457 
0.117516 -0.174766 -2.939927 -0.358432 0.290139 -0.021169 
0.210774 -0.168506 -3.162925 -0.355430 0.293742 -0.015765 
0.194176 -0.217328 -3.429179 -0.350784 0.294953 -0.006338 
0.112943 -0.197716 -3.686306 -0.344407 0.293969 0.002698 
0.071003 -0.111893 -3.877602 -0.341076 0.288908 0.016090 
0.048349 -0.104115 -3.764104 -0.341836 0.282089 0.024107 
0.015589 -0.033256 -3.457564 -0.343453 0.272840 0.025066 
-0.020027 -0.006460 -3.190670 -0.344577 0.259078 0.013900 
0.035644 0.038980 -2.862861 -0.345361 0.245339 -0.001506 
0.072201 0.116553 -2.701722 -0.348013 0.233964 -0.017895 
0.122409 0.141306 -2.793321 -0.351659 0.224234 -0.030238 
0.163318 0.256869 -2.952449 -0.352898 0.219148 -0.026177 
0.175757 0.267213 -3.155548 -0.351681 0.218624 -0.022927 
0.177002 0.244672 -3.471537 -0.349408 0.222037 -0.004623 
0.159825 0.182963 -3.734996 -0.346946 0.230238 0.012474 
0.178286 0.117409 -3.715907 -0.343543 0.240636 0.029234 
0.241570 0.187594 -3.537819 -0.339005 0.250664 0.046706 
0.273554 0.248119 -3.302001 -0.336649 0.261937 0.058991 
0.294768 0.241907 -3.019901 -0.339433 0.271802 0.068593 
0.315503 0.149968 -2.865476 -0.345386 0.279336 0.070941 
0.271602 0.020165 -2.927713 -0.353081 0.285109 0.060486 
0.308927 -0.119250 -3.125827 -0.362079 0.289915 0.036857 
0.290837 -0.145783 -3.388139 -0.370634 0.292478 0.006915 
0.259874 -0.115400 -3.639656 -0.377351 0.292940 -0.032003 
0.279954 -0.023527 -3.772489 -0.380874 0.292420 -0.056251 
0.309063 0.054601 -3.719417 -0.381281 0.290281 -0.079948 
0.371465 0.017019 -3.488785 -0.377666 0.288437 -0.093099 
0.343235 -0.068528 -3.252883 -0.371063 0.287138 -0.094732 
0.320536 -0.150058 -3.075562 -0.361850 0.286407 -0.087346 
0.288495 -0.208052 -2.999848 -0.350541 0.285400 -0.073418 
0.227041 -0.202364 -3.084970 -0.340560 0.284169 -0.058932 
0.134410 -0.166590 -3.268729 -0.328768 0.280146 -0.034755 
0.091552 -0.153270 -3.463712 -0.322085 0.273941 -0.010604 
0.057031 -0.095821 -3.587922 -0.319588 0.266156 0.016601 
0.059333 -0.024597 -3.697759 -0.321312 0.254376 0.041357 
0.060341 0.059284 -3.569380 -0.326337 0.242270 0.058656 
0.022987 0.116285 -3.350200 -0.334316 0.232392 0.066284 
-0.046486 0.148832 -3.162503 -0.342493 0.224606 0.054879 
-0.083457 0.192174 -2.897943 -0.349944 0.220965 0.032655 
-0.060317 0.199227 -2.686801 -0.356495 0.222515 -0.001286 
-0.002331 0.249083 -2.768989 -0.360621 0.228396 -0.025682 
0.048082 0.297634 -2.986220 -0.361702 0.236743 -0.051017 
0.074648 0.264556 -3.223473 -0.360633 0.247845 -0.058775 
0.052346 0.189783 -3.545431 -0.359073 0.259986 -0.050020 
-0.031059 0.037608 -3.778021 -0.359383 0.271937 -0.039365 
-0.076733 -0.138423 -3.738463 -0.360650 0.282166 -0.015804 
-0.069215 -0.251016 -3.591950 -0.360801 0.287434 0.001372 
-0.036147 -0.239412 -3.373388 -0.359420 0.288941 0.021466 
0.022578 -0.157207 -3.149505 -0.358651 0.286940 0.036389 
0.072917 -0.026265 -2.943357 -0.358989 0.281857 0.047509 
0.137404 0.018362 -2.954593 -0.359595 0.275698 0.052633 
0.144432 -0.014551 -3.077945 -0.360134 0.270864 0.050003 
0.190798 -0.035360 -3.314352 -0.359762 0.267179 0.031707 
0.185649 -0.099215 -3.588825 -0.356990 0.262590 0.007010 
0.151484 -0.021944 -3.757354 -0.350679 0.259588 -0.021574 
0.136534 0.002490 -3.707645 -0.345542 0.257452 -0.047736 
0.107208 0.073514 -3.497877 -0.341697 0.255058 -0.060423 
0.147231 0.144254 -3.171877 -0.338139 0.251792 -0.066996 
0.215657 0.167531 -2.874157 -0.334568 0.247383 -0.058913 
0.342713 0.217244 -2.735881 -0.332858 0.244809 -0.043016 
0.370585 0.137815 -2.885100 -0.334029 0.244446 -0.024071 
0.329389 0.062280 -3.108197 -0.336175 0.245337 -0.007220 
0.308235 0.067289 -3.336331 -0.337584 0.249282 0.011007 
0.311487 0.095734 -3.572281 -0.339137 0.254596 0.028365 
0.428223 0.130325 -3.683766 -0.342357 0.260906 0.041658 
0.425116 0.146629 -3.592585 -0.346750 0.267255 0.055890 
0.420028 0.128781 -3.418747 -0.350267 0.274436 0.061042 
0.348938 0.097366 -3.238563 -0.353277 0.280721 0.059659 
0.264229 0.012074 -3.025237 -0.358448 0.285987 0.043101 
0.221677 -0.105315 -2.909414 -0.365586 0.290077 0.018554 
0.206746 -0.147393 -3.013613 -0.371847 0.292298 -0.015257 
0.209186 -0.126115 -3.208146 -0.374106 0.291395 -0.043998 
0.209324 -0.064871 -3.389293 -0.373829 0.287493 -0.059848 
0.261068 0.002266 -3.601047 -0.372352 0.281803 -0.076366 
0.332109 -0.055472 -3.766930 -0.369327 0.277012 -0.072988 
0.334765 -0.138323 -3.688264 -0.364604 0.274002 -0.067418 
0.362665 -0.181114 -3.489704 -0.356698 0.273885 -0.059558 
0.301698 -0.219725 -3.310497 -0.344791 0.272603 -0.042857 
0.204273 -0.140210 -3.126414 -0.330150 0.273146 -0.033561 
0.078781 -0.122126 -3.023351 -0.319163 0.272738 -0.014105 
0.076057 -0.108518 -3.054319 -0.314879 0.270521 0.006743 
0.082575 -0.052785 -3.080482 -0.314471 0.265759 0.024697 
0.149271 -0.021388 -3.200360 -0.317087 0.257886 0.037922 
0.195128 0.072780 -3.416818 -0.323450 0.248458 0.044303 
0.185238 0.098065 -3.579084 -0.335002 0.240574 0.029321 
0.171529 0.111394 -3.532833 -0.347296 0.234782 0.012463 
0.133180 0.161548 -3.331057 -0.357110 0.232199 -0.015257 
0.161380 0.247781 -3.093548 -0.364225 0.234432 -0.039384 
0.267018 0.340405 -2.885603 -0.370285 0.239395 -0.057045 
0.297920 0.416765 -2.814211 -0.374084 0.246913 -0.070598 
0.330184 0.380696 -2.996669 -0.373032 0.257222 -0.068223 
0.334821 0.291234 -3.221645 -0.370115 0.265621 -0.058513 
0.355555 0.154521 -3.463142 -0.367197 0.276969 -0.038900 
0.433823 0.025618 -3.645085 -0.367728 0.284842 -0.020216 
0.521296 -0.018264 -3.772228 -0.366369 0.290391 -0.000166 
0.653594 0.052363 -3.701070 -0.360493 0.293055 0.011164 
0.807653 0.051598 -3.478226 -0.355277 0.294257 0.015220 
0.993682 0.161240 -3.303811 -0.353929 0.298808 0.013188 
1.050201 0.208293 -3.210786 -0.353735 0.301176 0.004463 
1.045782 0.259436 -3.092612 -0.350337 0.302428 -0.011992 
1.047951 0.354200 -3.204703 -0.347097 0.301866 -0.029246 
1.099616 0.339386 -3.372741 -0.347648 0.298904 -0.045976 
1.270189 0.388225 -3.407947 -0.351224 0.296654 -0.057280 
1.283677 0.403084 -3.496033 -0.354643 0.291962 -0.067538 
1.335076 0.474133 -3.586539 -0.357161 0.286943 -0.073498 
1.343254 0.550008 -3.559313 -0.359029 0.282814 -0.066721 
1.302777 0.629295 -3.429927 -0.360584 0.279403 -0.056541 
1.339362 0.718157 -3.292970 -0.364760 0.276507 -0.043749 
1.268010 0.810637 -3.098054 -0.368010 0.276109 -0.018826 
1.309459 0.893113 -2.896824 -0.370944 0.275484 0.003302 
1.366958 0.868890 -2.989141 -0.374928 0.274533 0.017971 
1.396725 0.831729 -3.155009 -0.378054 0.277034 0.032842 
1.465455 0.800704 -3.368029 -0.377740 0.279349 0.036258 
1.545347 0.765716 -3.562030 -0.376168 0.283089 0.027537 
1.593810 0.849032 -3.644855 -0.375881 0.290997 0.015932 
1.700150 0.898250 -3.582439 -0.376131 0.298845 0.003263 
1.728850 0.891732 -3.377620 -0.374252 0.305281 -0.010928 
1.759188 0.873844 -3.174301 -0.371006 0.311415 -0.025464 
1.809422 0.748110 -3.047550 -0.370752 0.316987 -0.039953 
1.860940 0.679497 -2.925697 -0.372023 0.322005 -0.051391 
1.935288 0.696246 -2.947605 -0.372349 0.325591 -0.058626 
1.977566 0.658939 -3.135223 -0.371778 0.326719 -0.068904 
1.997817 0.676740 -3.350912 -0.370027 0.327940 -0.076842 
1.977012 0.610194 -3.585607 -0.368243 0.327908 -0.073664 
2.001514 0.532968 -3.692079 -0.367317 0.326295 -0.068531 
1.986537 0.562004 -3.620318 -0.366482 0.324100 -0.073055 
1.943502 0.632081 -3.386002 -0.364575 0.320678 -0.070454 
1.952324 0.737503 -3.160766 -0.363992 0.314821 -0.059439 
1.919681 0.752767 -2.906319 -0.365676 0.308439 -0.050431 
1.894141 0.718113 -2.756765 -0.368025 0.302759 -0.043676 
1.847160 0.685500 -2.868170 -0.369715 0.297655 -0.034478 
1.836807 0.728893 -3.067813 -0.370685 0.293197 -0.026845 
1.895188 0.775925 -3.270727 -0.370787 0.289498 -0.022562 
1.884586 0.781443 -3.517021 -0.369777 0.289038 -0.022028 
1.827458 0.787727 -3.676586 -0.367670 0.290705 -0.024461 
1.837451 0.751635 -3.611030 -0.364710 0.292328 -0.028451 
1.857238 0.732161 -3.367939 -0.361476 0.295304 -0.030801 
1.845981 0.680416 -3.166208 -0.359610 0.299158 -0.032009 
1.812965 0.620061 -3.011005 -0.359261 0.303267 -0.029915 
1.768131 0.603260 -2.832414 -0.358773 0.307194 -0.025101 
1.762624 0.615589 -2.894677 -0.359006 0.308793 -0.016693 
1.769370 0.639678 -3.104400 -0.360749 0.310327 -0.009026 
1.748815 0.637285 -3.364577 -0.364623 0.311841 -0.007813 
1.748461 0.627259 -3.611541 -0.368057 0.310616 -0.011822 
1.785607 0.675900 -3.775111 -0.370259 0.309038 -0.021327 
1.805783 0.730200 -3.692911 -0.371641 0.308406 -0.032359 
1.781420 0.744098 -3.526188 -0.373498 0.307576 -0.044395 
1.707419 0.753679 -3.331982 -0.375416 0.307090 -0.055231 
1.638393 0.769750 -3.121082 -0.375838 0.306295 -0.061780 
1.612944 0.822945 -2.986210 -0.374358 0.304858 -0.059825 
1.593245 0.843366 -3.084827 -0.374056 0.303216 -0.053131 
1.587200 0.818440 -3.271089 -0.375506 0.301379 -0.042856 
1.571458 0.799348 -3.466833 -0.376438 0.299136 -0.033127 
1.502592 0.821923 -3.710180 -0.375335 0.296443 -0.017975 
1.512019 0.858396 -3.833066 -0.373772 0.293192 -0.002719 
1.504812 0.889986 -3.761156 -0.372910 0.290966 0.004338 
1.494131 0.934638 -3.558062 -0.372130 0.289407 0.003893 
1.505591 0.923960 -3.329891 -0.371570 0.288507 -0.006209 
1.493123 0.895016 -3.053793 -0.369871 0.287746 -0.023801 
1.501982 0.879221 -2.799199 -0.367906 0.286749 -0.041086 
1.554192 0.848668 -2.795730 -0.367290 0.287602 -0.046907 
1.580422 0.868436 -2.942411 -0.367130 0.289937 -0.045339 
1.591809 0.890520 -3.123438 -0.365993 0.292010 -0.038985 
1.580324 0.882057 -3.353566 -0.364118 0.294626 -0.029914 
1.538399 0.859732 -3.590468 -0.362521 0.298492 -0.025902 
1.494232 0.806875 -3.583277 -0.362440 0.301353 -0.028952 
1.509426 0.782576 -3.376445 -0.363259 0.303108 -0.034048 
1.523444 0.814131 -3.106353 -0.363849 0.303452 -0.040019 
1.558654 0.840183 -2.838852 -0.364784 0.301925 -0.044682 
1.591542 0.836886 -2.650347 -0.366726 0.300515 -0.045659 
1.601080 0.826235 -2.703838 -0.369684 0.298922 -0.042537 
1.590146 0.812035 -2.929371 -0.372347 0.297312 -0.035814 
1.564827 0.811634 -3.161752 -0.374117 0.296675 -0.027078 
1.517471 0.823358 -3.438795 -0.375329 0.296303 -0.017099 
1.474701 0.815244 -3.619311 -0.376524 0.295587 -0.009186 
1.448271 0.816485 -3.543592 -0.376855 0.295575 -0.006863 
1.454635 0.790995 -3.362200 -0.375595 0.295583 -0.011241 
1.474043 0.761207 -3.196011 -0.373233 0.295202 -0.022188 
1.506854 0.728683 -3.004959 -0.370725 0.295388 -0.035054 
1.544897 0.688084 -2.870195 -0.367787 0.296398 -0.050025 
1.565519 0.662007 -2.973598 -0.364903 0.297104 -0.059076 
1.564664 0.637319 -3.161372 -0.362335 0.297990 -0.058866 
1.556169 0.599211 -3.363147 -0.360184 0.298563 -0.049121 
1.519031 0.558708 -3.608831 -0.359187 0.299064 -0.033390 
1.473115 0.527491 -3.819425 -0.359255 0.299534 -0.014821 
1.425557 0.514645 -3.797238 -0.359530 0.299602 0.000209 
1.365940 0.525951 -3.664738 -0.359970 0.298587 0.008175 
1.302895 0.544446 -3.501790 -0.360849 0.297484 0.008673 
1.244670 0.558958 -3.295399 -0.362882 0.295843 0.001080 
1.206295 0.546966 -3.112757 -0.366215 0.292989 -0.012087 
1.188790 0.514106 -3.121642 -0.369673 0.289814 -0.025637 
1.170222 0.480225 -3.276604 -0.372488 0.286861 -0.038036 
1.136566 0.419458 -3.471751 -0.374533 0.284590 -0.047284 
1.076322 0.371870 -3.713573 -0.375534 0.283676 -0.051019 
0.994314 0.351025 -3.903223 -0.374593 0.283987 -0.048844 
0.902899 0.341764 -3.885497 -0.371656 0.285118 -0.042023 
0.801413 0.320658 -3.717768 -0.367209 0.286494 -0.031566 
0.720574 0.272531 -3.483495 -0.362620 0.287326 -0.019559 
0.673254 0.239421 -3.216222 -0.357586 0.287350 -0.008804 
0.637831 0.198877 -3.010469 -0.352755 0.286810 -0.001527 
0.601140 0.169951 -3.014349 -0.348798 0.284964 0.001316 
0.554990 0.168494 -3.164352 -0.345771 0.281004 -0.001170 
0.515714 0.207659 -3.295193 -0.344706 0.277195 -0.005739 
0.495739 0.285745 -3.485280 -0.345120 0.271839 -0.009767 
0.474497 0.365038 -3.607801 -0.347295 0.265244 -0.011231 
0.428989 0.436164 -3.510484 -0.350518 0.258977 -0.010782 
0.372619 0.463350 -3.319294 -0.354382 0.253525 -0.007160 
0.316878 0.485554 -3.135500 -0.357477 0.249508 -0.001324 
0.253868 0.496012 -2.923453 -0.359858 0.247543 0.004713 
0.195565 0.495351 -2.803692 -0.361026 0.247274 0.010199 
0.150866 0.504177 -2.898642 -0.361145 0.248667 0.015579 
0.117915 0.465031 -3.081410 -0.360788 0.251400 0.019125 
0.128359 0.405120 -3.297243 -0.360873 0.254774 0.019950 
0.138110 0.326015 -3.526810 -0.361255 0.258620 0.018396 
0.154566 0.260012 -3.699486 -0.361866 0.262221 0.014651 
0.146753 0.242798 -3.642268 -0.362000 0.265307 0.008119 
0.124626 0.243701 -3.462041 -0.362181 0.268196 0.001168 
0.117480 0.246860 -3.263823 -0.362499 0.270503 -0.004794 
0.093853 0.215554 -3.022325 -0.362750 0.273093 -0.011917 
0.089885 0.195801 -2.843921 -0.362102 0.275848 -0.018783 
0.087065 0.175392 -2.877396 -0.359516 0.277675 -0.023383 
0.065097 0.175545 -3.049241 -0.355341 0.278618 -0.026390 
0.052549 0.191697 -3.268588 -0.351366 0.278750 -0.026524 
0.027874 0.198291 -3.496253 -0.348105 0.277248 -0.022886 
0.012664 0.217556 -3.651252 -0.345393 0.273770 -0.015505 
-0.015535 0.248575 -3.575516 -0.343739 0.267586 -0.006267 
-0.030878 0.282164 -3.418208 -0.344153 0.259674 0.004271 
-0.077055 0.289391 -3.243722 -0.347020 0.251003 0.013788 
-0.120659 0.295232 -3.049421 -0.351184 0.242493 0.020444 
-0.157797 0.306668 -2.915325 -0.355305 0.235470 0.022851 
-0.174689 0.302182 -2.995702 -0.358875 0.230999 0.021385 
-0.177904 0.274910 -3.188312 -0.361953 0.229872 0.015693 
-0.171563 0.250903 -3.426652 -0.362915 0.232029 0.006463 
-0.162624 0.229298 -3.646481 -0.361611 0.236846 -0.003780 
-0.148349 0.202642 -3.811759 -0.358577 0.244202 -0.012961 
-0.118610 0.163456 -3.720601 -0.354992 0.252945 -0.019917 
-0.096987 0.134768 -3.498494 -0.352307 0.261548 -0.022023 
-0.072057 0.111739 -3.259623 -0.349900 0.268991 -0.018627 
-0.065414 0.102326 -2.981379 -0.348211 0.274373 -0.010225 
-0.083874 0.103755 -2.798569 -0.348058 0.277082 0.001050 
-0.098763 0.097830 -2.847789 -0.349870 0.277117 0.013364 
-0.099229 0.101015 -3.028098 -0.353209 0.274387 0.022728 
-0.078695 0.133566 -3.221244 -0.355847 0.270077 0.025024 
-0.045494 0.123221 -3.445506 -0.358297 0.264405 0.019674 
-0.016049 0.130707 -3.631161 -0.360308 0.260278 0.006942 
0.004964 0.144514 -3.645215 -0.360522 0.256660 -0.010605 
-0.026353 0.168744 -3.535598 -0.357806 0.253022 -0.026904 
-0.024915 0.197014 -3.355953 -0.354081 0.250883 -0.035885 
-0.027740 0.173968 -3.190217 -0.351680 0.249537 -0.034916 
0.001659 0.151804 -3.016819 -0.350056 0.249417 -0.024831 
0.050895 0.137411 -3.054787 -0.348353 0.249587 -0.007637 
0.079462 0.108404 -3.226640 -0.346757 0.250297 0.010399 
0.097784 0.120009 -3.454290 -0.346169 0.253197 0.023248 
0.095344 0.087839 -3.711374 -0.347350 0.257261 0.028991 
0.097032 0.100084 -3.865864 -0.348706 0.261381 0.026694 
0.080067 0.133230 -3.771502 -0.350264 0.266351 0.014640 
0.081749 0.150437 -3.538709 -0.352091 0.269916 0.000251 
0.101683 0.154467 -3.274346 -0.355447 0.272481 -0.013548 
0.127060 0.159541 -2.987853 -0.358149 0.273865 -0.024536 
0.164031 0.163719 -2.790625 -0.359396 0.273569 -0.029385 
0.161121 0.184658 -2.822553 -0.360212 0.273604 -0.028212 
0.164190 0.196740 -3.021583 -0.361560 0.273914 -0.020962 
0.151029 0.223154 -3.292294 -0.362006 0.272929 -0.010012 
0.131999 0.253331 -3.570085 -0.360659 0.271133 0.002524 
0.116944 0.272425 -3.837053 -0.358746 0.268920 0.014417 
0.110952 0.262466 -3.834240 -0.358815 0.266485 0.021307 
0.108612 0.257314 -3.664631 -0.359019 0.263705 0.022663 
0.120442 0.267092 -3.432738 -0.358150 0.260050 0.018926 
0.114553 0.301618 -3.167314 -0.357120 0.256325 0.010080 
0.128217 0.284785 -2.955094 -0.357726 0.254735 -0.000871 
0.131737 0.247653 -2.949595 -0.359114 0.254003 -0.009859 
0.107266 0.248812 -3.055877 -0.359277 0.254465 -0.015633 
0.070097 0.255557 -3.218354 -0.358441 0.255994 -0.016119 
0.057410 0.249597 -3.405774 -0.357355 0.257744 -0.011170 
0.047177 0.242230 -3.539280 -0.356280 0.260047 -0.003609 
0.061336 0.201934 -3.452566 -0.354148 0.262328 0.004217 
0.056995 0.196206 -3.239848 -0.350987 0.264447 0.009792 
0.054689 0.188044 -3.037745 -0.347359 0.265876 0.011392 
0.058122 0.162150 -2.834356 -0.344658 0.266195 0.009258 
0.063095 0.152253 -2.701160 -0.342965 0.266416 0.003656 
0.069195 0.131216 -2.810171 -0.342301 0.264935 -0.001585 
0.094049 0.113346 -3.010244 -0.343044 0.262476 -0.005907 
0.102074 0.111055 -3.271841 -0.345130 0.259290 -0.008959 
0.109529 0.120966 -3.559138 -0.348415 0.256311 -0.009117 
0.114297 0.132878 -3.798221 -0.352493 0.254017 -0.007835 
0.081097 0.163833 -3.773817 -0.355669 0.252630 -0.007092 
0.062692 0.190795 -3.640832 -0.358390 0.252368 -0.005636 
0.037698 0.214839 -3.469820 -0.360495 0.254060 -0.003751 
0.019554 0.239129 -3.240512 -0.361956 0.256846 -0.001409 
0.035931 0.241380 -3.054721 -0.362906 0.259771 0.001625 
0.057510 0.236516 -3.067006 -0.362768 0.263358 0.005965 
0.077758 0.221973 -3.189663 -0.362372 0.267156 0.009664 
0.103264 0.204896 -3.368465 -0.361988 0.270346 0.011606 
0.113190 0.190016 -3.582012 -0.361917 0.272881 0.011601 
0.112263 0.183431 -3.760876 -0.361474 0.274341 0.009815 
0.099007 0.186066 -3.709770 -0.360503 0.274611 0.005125 
0.090081 0.180449 -3.544118 -0.359433 0.273778 -0.000747 
0.108684 0.171361 -3.349143 -0.358371 0.271599 -0.006152 
0.117328 0.160430 -3.125342 -0.356686 0.268914 -0.011323 
0.131123 0.154953 -2.967250 -0.354151 0.265921 -0.015162 
0.145606 0.124122 -3.030317 -0.351461 0.262949 -0.015987 
0.157076 0.110965 -3.158251 -0.349127 0.260878 -0.015042 
0.142143 0.096494 -3.382754 -0.346973 0.259296 -0.011929 
0.125363 0.094309 -3.602316 -0.345698 0.257926 -0.006223 
0.106083 0.114608 -3.763303 -0.345393 0.256291 0.001062 
0.082420 0.146789 -3.673854 -0.346147 0.254938 0.006326 
0.068884 0.172939 -3.476088 -0.348068 0.253968 0.009655 
0.057372 0.195319 -3.240009 -0.350823 0.253832 0.010446 
0.051689 0.221017 -2.975388 -0.353714 0.253741 0.008154 
0.050842 0.247361 -2.788170 -0.355952 0.254390 0.003955 
0.057659 0.272440 -2.826463 -0.357701 0.256260 0.000292 
0.062205 0.261558 -2.990374 -0.358734 0.258725 -0.002438 
0.086343 0.245500 -3.169195 -0.358827 0.261439 -0.004022 
0.094623 0.228888 -3.406063 -0.357964 0.264469 -0.003421 
0.115558 0.214501 -3.576572 -0.356439 0.267024 -0.001481 
0.113037 0.198188 -3.542085 -0.354790 0.269234 -0.000436 
0.125479 0.184917 -3.404765 -0.353598 0.270656 0.000391 
0.123414 0.184580 -3.255264 -0.352806 0.270938 0.000825 
0.121042 0.196495 -3.081865 -0.352410 0.270171 0.000230 
0.127081 0.198073 -2.955858 -0.352884 0.268674 -0.001031 
0.150349 0.202190 -3.041162 -0.354443 0.266225 -0.002125 
0.166576 0.199161 -3.197286 -0.355892 0.264501 -0.003398 
0.183017 0.195448 -3.391933 -0.357505 0.262874 -0.005346 
0.183251 0.198153 -3.608796 -0.358278 0.261847 -0.007115 
0.169710 0.215781 -3.768451 -0.358636 0.261491 -0.007770 
0.148769 0.227774 -3.698525 -0.358568 0.261826 -0.007387 
0.120808 0.234512 -3.533010 -0.358063 0.262677 -0.005115 
0.093456 0.233971 -3.302197 -0.357451 0.263420 -0.000753 
0.072688 0.231423 -3.053598 -0.356688 0.263637 0.004485 
0.059825 0.224385 -2.864024 -0.356271 0.263804 0.009246 
0.059896 0.210102 -2.914901 -0.355885 0.263335 0.012949 
0.072240 0.202871 -3.090686 -0.355276 0.262890 0.013864 
0.081678 0.187791 -3.307991 -0.354722 0.262078 0.011314 
0.088679 0.163976 -3.569638 -0.354070 0.261185 0.006256 
0.095770 0.147396 -3.766784 -0.353531 0.260569 -0.000140 
0.101678 0.139537 -3.727991 -0.352783 0.260027 -0.007728 
0.108760 0.140132 -3.560860 -0.351982 0.259656 -0.014027 
0.103027 0.140025 -3.352077 -0.350873 0.259759 -0.017083 
0.094638 0.151398 -3.110533 -0.350167 0.260364 -0.016889 
0.075827 0.146211 -2.936523 -0.350223 0.261050 -0.013640 
0.068632 0.144017 -2.983718 -0.350721 0.261980 -0.006929 
0.063808 0.150316 -3.144497 -0.351634 0.262817 0.000876 
0.058265 0.158066 -3.342893 -0.352695 0.263186 0.007691 
0.068393 0.165023 -3.544238 -0.354558 0.263534 0.012264 
0.075680 0.172879 -3.695850 -0.356419 0.263507 0.013345 
0.056358 0.185759 -3.623474 -0.357791 0.263342 0.009898 
0.062442 0.207575 -3.443926 -0.358609 0.262888 0.003858 
0.052399 0.220700 -3.213951 -0.359019 0.262632 -0.002364 
0.041230 0.225980 -3.007742 -0.359000 0.262291 -0.007543 
0.038362 0.219656 -2.829501 -0.358895 0.261801 -0.009855 
0.042694 0.201208 -2.896932 -0.358053 0.261204 -0.007889 
0.054642 0.194295 -3.092589 -0.356637 0.260868 -0.003788 
0.073904 0.182154 -3.320288 -0.355090 0.260771 0.000814 
0.085488 0.172802 -3.577247 -0.353367 0.261019 0.004850 
0.102446 0.168146 -3.777234 -0.351610 0.261027 0.006473 
0.103387 0.171574 -3.734814 -0.349981 0.261207 0.004661 
0.112983 0.178106 -3.563314 -0.349137 0.261590 0.000504 
0.102727 0.182138 -3.338596 -0.349128 0.261623 -0.004020 
0.103242 0.189698 -3.102494 -0.350052 0.261771 -0.008414 
0.107598 0.197890 -2.890287 -0.351772 0.261803 -0.010885 
0.092949 0.202523 -2.930219 -0.353674 0.261721 -0.009814 
0.088420 0.210686 -3.087109 -0.355861 0.261781 -0.006481 
0.077292 0.221974 -3.277452 -0.357866 0.262182 -0.002109 
0.078798 0.225095 -3.501171 -0.359277 0.262499 0.002973 
0.077077 0.228938 -3.672021 -0.360045 0.262638 0.006806 
0.072708 0.240238 -3.637287 -0.360130 0.263151 0.009088 
0.078894 0.251700 -3.475596 -0.359572 0.263569 0.008895 
0.089067 0.251584 -3.280074 -0.358614 0.263660 0.007116 
0.097247 0.243124 -3.069880 -0.357555 0.263660 0.003522 
0.104137 0.234491 -2.889736 -0.356176 0.263674 -0.000423 
0.113494 0.217181 -2.945828 -0.355326 0.263605 -0.002850 
0.117088 0.212529 -3.116332 -0.354544 0.263504 -0.004080 
0.115603 0.196644 -3.338677 -0.354485 0.263060 -0.004379 
0.108591 0.183991 -3.563586 -0.354566 0.262945 -0.003609 
0.116241 0.180038 -3.758824 -0.354578 0.262727 -0.002595 
0.115797 0.180920 -3.707386 -0.354575 0.262532 -0.002870 
0.100377 0.180947 -3.533140 -0.354433 0.262710 -0.003690 
0.091384 0.177510 -3.288061 -0.354153 0.262736 -0.004559 
0.082276 0.181078 -3.055148 -0.353503 0.263152 -0.004909 
0.066394 0.173097 -2.853830 -0.353097 0.263329 -0.004641 
0.067656 0.164876 -2.871154 -0.352991 0.263421 -0.001981 
0.069734 0.156546 -3.031487 -0.353039 0.263431 0.001203 
0.056979 0.157689 -3.242085 -0.353027 0.263173 0.004244 
0.058968 0.160404 -3.489810 -0.353474 0.262338 0.006302 
0.052409 0.166783 -3.683333 -0.353744 0.261649 0.006902 
0.043255 0.174771 -3.676232 -0.354015 0.260562 0.004462 
0.039483 0.188335 -3.544129 -0.354089 0.259134 0.000631 
0.043242 0.187382 -3.350490 -0.354265 0.258212 -0.003480 
0.053434 0.182572 -3.128440 -0.354144 0.257240 -0.007037 
0.065456 0.183999 -2.971128 -0.353975 0.256844 -0.009152 
0.079386 0.165605 -3.025573 -0.353611 0.257227 -0.008038 
0.096944 0.160214 -3.185342 -0.353470 0.258564 -0.005299 
0.107158 0.150904 -3.398127 -0.353197 0.259864 -0.001751 
0.106182 0.154968 -3.611394 -0.353319 0.262109 0.002226 
0.098064 0.155344 -3.801011 -0.353795 0.264205 0.005158 
0.102670 0.165736 -3.739843 -0.354366 0.265890 0.005311 
0.106647 0.186089 -3.541340 -0.355197 0.267177 0.003557 
0.108372 0.199678 -3.318842 -0.355918 0.267993 0.000322 
0.109128 0.206546 -3.072647 -0.356848 0.268329 -0.004065 
0.115409 0.210285 -2.889316 -0.357311 0.268348 -0.007975 
0.123299 0.206060 -2.936265 -0.357816 0.268199 -0.009080 
0.130286 0.212800 -3.100875 -0.357755 0.267412 -0.008138 
0.137446 0.211476 -3.301622 -0.357427 0.266631 -0.005197 
0.137458 0.207188 -3.536809 -0.356960 0.265619 -0.000784 
0.129573 0.216773 -3.711614 -0.356243 0.264374 0.003685 
0.112458 0.222990 -3.658771 -0.355406 0.263062 0.006309 
0.102047 0.233053 -3.520050 -0.354704 0.261784 0.007187 
0.091814 0.244104 -3.315595 -0.354481 0.260206 0.006523 
0.087808 0.249985 -3.096567 -0.354292 0.258768 0.004153 
0.084040 0.254422 -2.905131 -0.354273 0.257615 0.000792 
0.082567 0.239214 -2.928587 -0.354701 0.257043 -0.001580 
0.082244 0.230672 -3.055542 -0.355077 0.256864 -0.003185 
0.090424 0.223065 -3.246415 -0.355278 0.257497 -0.003784 
0.097981 0.215352 -3.451584 -0.354996 0.258236 -0.003118 
0.085235 0.209697 -3.628386 -0.354713 0.259690 -0.001683 
0.071097 0.203048 -3.581843 -0.353968 0.261599 -0.000713 
0.062699 0.194507 -3.423123 -0.353078 0.262974 -0.000074 
0.054795 0.203975 -3.234161 -0.352222 0.264062 0.000710 
0.061140 0.198281 -3.002114 -0.351789 0.264654 0.000784 
0.066541 0.194465 -2.829854 -0.351339 0.264686 0.000493 
0.081508 0.195712 -2.910241 -0.351639 0.264210 0.000435 
0.096739 0.181275 -3.070554 -0.352366 0.263352 0.000205 
0.104919 0.179219 -3.309900 -0.353166 0.262463 -0.000729 
0.113510 0.177433 -3.569194 -0.354125 0.261478 -0.001676 
0.108459 0.182679 -3.778529 -0.355044 0.260968 -0.002369 
0.088418 0.188608 -3.742528 -0.355980 0.260528 -0.003817 
0.074876 0.199426 -3.586862 -0.356563 0.260030 -0.004737 
0.069333 0.204717 -3.394132 -0.357021 0.259948 -0.004455 
0.064291 0.208490 -3.162944 -0.357331 0.260337 -0.003505 
0.059862 0.203088 -2.984249 -0.357702 0.260918 -0.001854 
0.062337 0.200271 -3.022516 -0.357557 0.261771 0.000995 
0.072549 0.191482 -3.162533 -0.357445 0.262964 0.003965 
0.073882 0.179061 -3.360627 -0.357200 0.263937 0.005814 
0.081721 0.178888 -3.585834 -0.356865 0.264871 0.006356 
0.087354 0.171055 -3.757845 -0.356265 0.265617 0.005759 
0.090380 0.165848 -3.679471 -0.355663 0.265768 0.002489 
0.085256 0.165591 -3.517084 -0.355034 0.265774 -0.001885 
0.079004 0.158011 -3.305695 -0.354139 0.265588 -0.005793 
0.073147 0.161598 -3.086142 -0.353325 0.264735 -0.008824 
0.068490 0.158122 -2.901039 -0.352718 0.263591 -0.010164 
0.080966 0.154901 -2.957585 -0.352247 0.262272 -0.008169 
0.087844 0.146037 -3.138294 -0.351972 0.261295 -0.005104 
0.095563 0.137578 -3.340628 -0.351854 0.260221 -0.001410 
0.104216 0.136239 -3.572856 -0.351845 0.259434 0.002152 
0.098829 0.150421 -3.741156 -0.351899 0.259028 0.004594 
0.092899 0.172544 -3.678633 -0.352232 0.258782 0.004236 
0.087467 0.192918 -3.542571 -0.352742 0.258998 0.002972 
0.074026 0.200700 -3.343178 -0.353350 0.259254 0.000793 
0.062148 0.216590 -3.091351 -0.354384 0.259589 -0.001761 
0.066191 0.221577 -2.880897 -0.355645 0.260484 -0.003929 
0.070144 0.218156 -2.910825 -0.356470 0.261319 -0.003632 
0.075224 0.222159 -3.055184 -0.357235 0.262358 -0.002253 
0.086280 0.212401 -3.261850 -0.357609 0.263646 -0.000620 
0.096050 0.212475 -3.489869 -0.357591 0.264569 0.001212 
0.096194 0.216730 -3.687237 -0.356908 0.265557 0.002525 
0.101266 0.218579 -3.636756 -0.356092 0.266185 0.002013 
0.105450 0.222191 -3.483399 -0.355269 0.266423 0.000950 
0.108910 0.228400 -3.287554 -0.354590 0.265989 -0.000708 
0.105875 0.231121 -3.070575 -0.354263 0.265405 -0.002450 
0.095851 0.222225 -2.884354 -0.354180 0.264582 -0.003895 
0.095643 0.218060 -2.945423 -0.354526 0.263443 -0.003502 
0.103432 0.226228 -3.130515 -0.354775 0.262272 -0.002246 
0.112430 0.216833 -3.335747 -0.355467 0.261279 -0.000795 
0.108384 0.214813 -3.560423 -0.356435 0.260574 0.000536 
0.103155 0.220343 -3.725039 -0.356872 0.260159 0.001804 
0.094995 0.225788 -3.664033 -0.356681 0.259923 0.001644 
0.087313 0.230371 -3.510072 -0.356661 0.259956 0.000919 
0.085466 0.230000 -3.295982 -0.356194 0.260226 0.000126 
0.085013 0.236254 -3.072184 -0.355842 0.260965 -0.000444 
0.068348 0.225956 -2.869799 -0.355131 0.261719 -0.000831 
0.067978 0.214885 -2.894775 -0.354565 0.262489 0.000520 
0.082192 0.203510 -3.042025 -0.353987 0.263174 0.002088 
0.075332 0.196412 -3.258075 -0.353708 0.263825 0.003069 
0.081689 0.182278 -3.492060 -0.353470 0.263999 0.003179 
0.088736 0.176476 -3.693264 -0.353497 0.264164 0.002575 
0.078816 0.172004 -3.675523 -0.353375 0.264128 -0.000415 
0.075490 0.165553 -3.544221 -0.353430 0.263549 -0.004051 
0.066247 0.171704 -3.333485 -0.353565 0.263103 -0.006971 
0.064456 0.175494 -3.115659 -0.353711 0.262223 -0.008701 
0.056409 0.175207 -2.932035 -0.353887 0.261393 -0.008961 
0.058889 0.168814 -2.959442 -0.354249 0.260999 -0.005975 
0.054926 0.166251 -3.111036 -0.354582 0.260672 -0.002022 
0.058674 0.158996 -3.302544 -0.355101 0.260389 0.001790 
0.055672 0.162273 -3.545867 -0.355388 0.260644 0.005874 
0.043867 0.170168 -3.733005 -0.355650 0.260759 0.007865 
0.036813 0.173816 -3.710284 -0.355791 0.260901 0.007030 
0.034343 0.180988 -3.549417 -0.355591 0.261179 0.003518 
0.046015 0.180132 -3.327286 -0.355442 0.261346 -0.000158 
0.049514 0.184464 -3.104840 -0.355101 0.261286 -0.004045 
0.059845 0.175696 -2.905635 -0.354525 0.261368 -0.006998 
0.072959 0.165393 -2.956510 -0.354106 0.261757 -0.007272 
0.086932 0.154710 -3.113853 -0.353522 0.262254 -0.005710 
0.094939 0.156874 -3.324078 -0.353008 0.262712 -0.003221 
0.102960 0.158774 -3.546378 -0.352335 0.263268 -0.000103 
0.104660 0.148269 -3.755938 -0.352236 0.263764 0.002387 
0.105194 0.155375 -3.705191 -0.352189 0.264139 0.002321 
0.105741 0.172516 -3.549971 -0.352398 0.264119 0.001284 
0.092288 0.190570 -3.329805 -0.353094 0.263898 -0.000973 
0.086752 0.204393 -3.107971 -0.354137 0.263618 -0.003653 
0.095940 0.201643 -2.918643 -0.355287 0.263234 -0.005509 
0.093317 0.206660 -2.946798 -0.356698 0.262969 -0.005399 
0.097960 0.207446 -3.101627 -0.357806 0.262673 -0.003581 
0.102457 0.215869 -3.309899 -0.358536 0.262583 -0.000956 
0.105927 0.223290 -3.519858 -0.358792 0.262787 0.001979 
0.108071 0.222433 -3.699390 -0.358786 0.262993 0.004718 
0.107142 0.229026 -3.641313 -0.358101 0.263571 0.005289 
0.097613 0.241323 -3.478131 -0.357386 0.263811 0.004456 
0.085436 0.246319 -3.283083 -0.356243 0.263775 0.002785 
0.095600 0.246597 -3.045140 -0.355445 0.263763 0.000403 
0.096593 0.236196 -2.868242 -0.354402 0.263246 -0.002034 
0.108253 0.221180 -2.908266 -0.354016 0.262685 -0.002504 
0.113697 0.209567 -3.050308 -0.353765 0.262279 -0.002629 
0.119319 0.198523 -3.264812 -0.353507 0.261692 -0.002171 
0.118984 0.190577 -3.480204 -0.353390 0.261435 -0.001284 
0.119300 0.182210 -3.705450 -0.353437 0.261271 -0.000405 
0.103590 0.183173 -3.673613 -0.353280 0.261089 -0.001020 
0.088629 0.191832 -3.519101 -0.353236 0.261175 -0.001958 
0.088024 0.192530 -3.304162 -0.353243 0.261148 -0.002739 
0.081295 0.204619 -3.089057 -0.353334 0.261456 -0.003517 
0.068208 0.205557 -2.895150 -0.353828 0.261425 -0.003665 
0.070541 0.196691 -2.919269 -0.354208 0.261602 -0.001970 
0.067332 0.199927 -3.065977 -0.354822 0.261841 0.000272 
0.071362 0.189582 -3.293560 -0.355524 0.262225 0.002438 
0.067684 0.193185 -3.510215 -0.356132 0.262285 0.004301 
0.063312 0.188225 -3.724569 -0.356801 0.262344 0.005305 
0.062503 0.196445 -3.690652 -0.356745 0.262346 0.003943 
0.054571 0.201361 -3.542048 -0.357045 0.262187 0.001612 
0.044688 0.197661 -3.342231 -0.356928 0.262126 -0.001222 
0.047895 0.194947 -3.122754 -0.356475 0.261780 -0.004041 
0.051326 0.191907 -2.946538 -0.355861 0.261536 -0.005936 
0.063522 0.174220 -2.979595 -0.355173 0.261737 -0.005448 
0.062990 0.156815 -3.146890 -0.354804 0.261855 -0.003782 
0.077147 0.146829 -3.346350 -0.354212 0.262167 -0.001611 
0.091777 0.145211 -3.577619 -0.353560 0.262485 0.001072 
0.085142 0.148316 -3.755464 -0.353211 0.262753 0.002951 
0.076825 0.151783 -3.714176 -0.352872 0.262998 0.002444 
0.068738 0.155473 -3.547607 -0.352860 0.263221 0.000762 
0.067495 0.165353 -3.328793 -0.352964 0.262912 -0.001401 
0.059172 0.179640 -3.098190 -0.353202 0.262557 -0.004085 
0.066224 0.176934 -2.909947 -0.353709 0.262189 -0.005951 
0.067893 0.178009 -2.941123 -0.354181 0.261895 -0.005324 
0.077641 0.175787 -3.096447 -0.354825 0.261276 -0.003618 
0.080181 0.175465 -3.283851 -0.355137 0.261288 -0.001522 
0.090925 0.178682 -3.524709 -0.355416 0.261444 0.001600 
0.085984 0.182104 -3.722797 -0.355545 0.261608 0.003791 
0.079429 0.194112 -3.683268 -0.355466 0.261845 0.004148 
0.078731 0.210184 -3.528897 -0.355201 0.262121 0.003100 
0.063088 0.210537 -3.311391 -0.355220 0.262197 0.001356 
0.061694 0.218567 -3.081950 -0.355177 0.262365 -0.001128 
0.067984 0.222664 -2.903357 -0.355315 0.262389 -0.003439 
0.068539 0.204770 -2.951326 -0.355760 0.262573 -0.004233 
0.077126 0.208586 -3.073344 -0.356043 0.262531 -0.003902 
0.093021 0.207047 -3.257749 -0.356196 0.262733 -0.003096 
0.102013 0.201229 -3.473841 -0.356381 0.262987 -0.001782 
0.109764 0.204349 -3.682083 -0.356022 0.263158 0.000071 
0.110098 0.211123 -3.642573 -0.355816 0.263632 0.000313 
0.100536 0.214795 -3.491681 -0.355000 0.263968 0.000214 
0.092062 0.228085 -3.278196 -0.354601 0.264003 -0.000248 
0.096650 0.233113 -3.064681 -0.353931 0.263943 -0.000931 
0.094497 0.235216 -2.870472 -0.353606 0.263549 -0.001730 
0.093943 0.228997 -2.901805 -0.353648 0.262982 -0.001323 
0.101102 0.217565 -3.045820 -0.353716 0.262566 -0.000481 
0.115986 0.210431 -3.270813 -0.353906 0.262013 0.000405 
0.117090 0.203757 -3.504466 -0.354422 0.261365 0.000969 
0.118334 0.212910 -3.708486 -0.354667 0.261007 0.001664 
0.118305 0.213439 -3.684335 -0.354986 0.260810 0.000405 
0.103563 0.221541 -3.538000 -0.355107 0.260988 -0.001182 
0.096114 0.225826 -3.331525 -0.355253 0.261107 -0.002504 
0.088946 0.228396 -3.116101 -0.355251 0.261700 -0.003505 
0.082572 0.223010 -2.922517 -0.355464 0.262193 -0.003773 
0.091881 0.216249 -2.947584 -0.355505 0.262897 -0.001982 
0.079924 0.213039 -3.095108 -0.355527 0.263769 0.000133 
0.082260 0.202378 -3.302446 -0.355750 0.264258 0.001987 
0.083748 0.191183 -3.518505 -0.355817 0.264848 0.003186 
0.085035 0.189434 -3.702021 -0.355980 0.265152 0.003671 
0.076394 0.185631 -3.677236 -0.356013 0.265012 0.001978 
0.066751 0.200374 -3.517962 -0.355924 0.264485 -0.000770 
0.063256 0.193712 -3.318934 -0.355662 0.264092 -0.003390 
0.059531 0.197878 -3.090957 -0.355325 0.263129 -0.005440 
0.055982 0.193357 -2.906455 -0.354886 0.262264 -0.006460 
0.061395 0.184400 -2.941638 -0.354461 0.261370 -0.004882 
0.060191 0.178183 -3.101313 -0.353852 0.260831 -0.002343 
0.059167 0.162655 -3.311801 -0.353307 0.260484 0.000254 
0.066821 0.158932 -3.542122 -0.352995 0.260275 0.002841 
0.066554 0.159211 -3.739028 -0.352661 0.260116 0.004279 
0.057353 0.173175 -3.696620 -0.352248 0.259797 0.003353 
0.056114 0.172654 -3.528925 -0.352262 0.259969 0.001243 
0.054675 0.181580 -3.328687 -0.352372 0.259854 -0.001582 
0.054549 0.189920 -3.087467 -0.352809 0.259915 -0.004369 
0.055252 0.189153 -2.899577 -0.353307 0.260166 -0.006134 
0.058288 0.187603 -2.940675 -0.353957 0.260532 -0.005521 
0.062356 0.176757 -3.096633 -0.354666 0.261097 -0.003617 
0.066566 0.181215 -3.295727 -0.354943 0.262058 -0.001005 
0.076975 0.181885 -3.483841 -0.355083 0.262876 0.001186 
0.073007 0.191403 -3.712967 -0.355168 0.263614 0.003561 
0.081344 0.201283 -3.672717 -0.355096 0.264319 0.003590 
0.081499 0.217265 -3.516964 -0.355153 0.264588 0.002227 
0.073163 0.222040 -3.318066 -0.355296 0.264520 -0.000065 
0.078808 0.226687 -3.099271 -0.355272 0.264448 -0.002342 
0.084968 0.225093 -2.911266 -0.355611 0.263800 -0.004207 
0.085267 0.218785 -2.941217 -0.355974 0.263225 -0.004116 
0.094382 0.216097 -3.106100 -0.356461 0.262707 -0.002744 
0.103243 0.204587 -3.312781 -0.356846 0.262289 -0.000985 
0.110930 0.209490 -3.530811 -0.356635 0.261984 0.000868 
0.119123 0.212250 -3.717724 -0.356440 0.262244 0.002419 
0.109914 0.216829 -3.676674 -0.355933 0.262209 0.001913 
0.099490 0.220231 -3.522427 -0.355120 0.262548 0.000529 
0.089279 0.224222 -3.296252 -0.354467 0.262779 -0.001111 
0.093654 0.219303 -3.060249 -0.353869 0.263094 -0.002640 
0.091760 0.219827 -2.875361 -0.353555 0.263080 -0.003773 
0.099049 0.215359 -2.918335 -0.353419 0.263131 -0.002957 
0.099351 0.198752 -3.064834 -0.353367 0.263049 -0.001266 
0.094759 0.194348 -3.271011 -0.353872 0.263015 0.000387 
0.095553 0.194476 -3.497720 -0.353858 0.262852 0.001804 
0.096991 0.194576 -3.691862 -0.354167 0.262679 0.002610 
0.081893 0.196142 -3.668736 -0.354327 0.262302 0.001673 
0.073519 0.201418 -3.541462 -0.354463 0.262054 -0.000355 
0.071596 0.202470 -3.332423 -0.354468 0.261843 -0.002748 
0.070568 0.212418 -3.114448 -0.354571 0.261534 -0.004590 
0.069091 0.213341 -2.919162 -0.354415 0.261420 -0.005710 
0.078296 0.209385 -2.952873 -0.354756 0.261361 -0.004234 
0.080338 0.192200 -3.090413 -0.355029 0.261458 -0.001890 
0.076479 0.195335 -3.300035 -0.355319 0.261712 0.000937 
0.079898 0.184388 -3.518906 -0.355704 0.262291 0.003425 
0.082544 0.190516 -3.726653 -0.355809 0.262786 0.005391 
0.082843 0.197690 -3.693338 -0.355922 0.263067 0.004348 
0.066990 0.196831 -3.555099 -0.355945 0.263345 0.001891 
0.071813 0.200185 -3.334093 -0.355771 0.263563 -0.001356 
0.068632 0.200433 -3.113826 -0.355462 0.263549 -0.004389 
0.080509 0.200139 -2.915541 -0.355146 0.263625 -0.006800 
0.080020 0.192138 -2.937086 -0.355041 0.263534 -0.006393 
0.086581 0.179839 -3.084465 -0.354633 0.263411 -0.004599 
0.087828 0.179966 -3.294581 -0.354459 0.263342 -0.001885 
0.081498 0.167115 -3.515812 -0.354219 0.263418 0.001134 
0.081637 0.168288 -3.725327 -0.353877 0.263069 0.003527 
0.073687 0.173671 -3.695506 -0.353685 0.262837 0.003663 
0.065510 0.179902 -3.549656 -0.353814 0.262395 0.002296 
0.048526 0.191376 -3.340283 -0.353754 0.261720 -0.000194 
0.054307 0.198137 -3.120040 -0.354036 0.261073 -0.002780 
0.053165 0.191499 -2.920766 -0.354416 0.260663 -0.005068 
0.060622 0.197770 -2.950001 -0.354687 0.260043 -0.005294 
0.063571 0.198240 -3.084586 -0.355317 0.259852 -0.003789 
0.073627 0.193023 -3.292796 -0.355658 0.260003 -0.001500 
0.076705 0.199286 -3.502221 -0.355762 0.260496 0.001108 
0.071803 0.201684 -3.701453 -0.355737 0.260947 0.003614 
0.072828 0.207015 -3.672942 -0.355540 0.261800 0.004164 
0.057730 0.213559 -3.519878 -0.355190 0.262461 0.003535 
0.056127 0.211873 -3.303033 -0.354894 0.263012 0.001779 
0.060683 0.207422 -3.074064 -0.354614 0.263133 -0.000714 
0.065514 0.210383 -2.895479 -0.354279 0.263454 -0.003357 
0.071901 0.206669 -2.933955 -0.354300 0.263220 -0.004140 
0.093912 0.194132 -3.076106 -0.354528 0.262984 -0.003940 
0.095537 0.185051 -3.290716 -0.354901 0.263000 -0.003049 
0.103604 0.181497 -3.475556 -0.355072 0.262682 -0.002023 
0.105111 0.189301 -3.723981 -0.355003 0.262713 -0.000088 
0.105797 0.198257 -3.683860 -0.355102 0.262611 0.000167 
0.090609 0.207343 -3.551516 -0.354893 0.262607 -0.000148 
0.075506 0.224288 -3.347333 -0.354633 0.262787 -0.000830 
0.075118 0.225053 -3.133234 -0.354639 0.262760 -0.001290 
0.074010 0.218015 -2.927764 -0.354700 0.262543 -0.002293 
0.075074 0.218616 -2.919883 -0.354856 0.262440 -0.001318 
0.090620 0.202063 -3.065052 -0.355116 0.262251 0.000058 
0.092508 0.201411 -3.280286 -0.355429 0.262269 0.001165 
0.086369 0.188532 -3.485542 -0.355673 0.262241 0.002276 
0.094718 0.192519 -3.690420 -0.355790 0.262118 0.003177 
0.086790 0.196392 -3.687351 -0.355768 0.262173 0.002002 
0.084219 0.197344 -3.541225 -0.355449 0.261977 0.000194 
0.088836 0.200990 -3.324117 -0.354951 0.262200 -0.001774 
0.078795 0.205942 -3.127982 -0.354450 0.262147 -0.003434 
0.075858 0.205729 -2.932705 -0.353821 0.262330 -0.004887 
0.082930 0.191938 -2.945853 -0.353592 0.262661 -0.003946 
0.097912 0.183144 -3.082095 -0.353477 0.262670 -0.002353 
0.098699 0.173888 -3.310163 -0.353368 0.262792 -0.000518 
0.092863 0.168415 -3.517187 -0.353399 0.263053 0.001124 
0.095254 0.175499 -3.722952 -0.353659 0.263261 0.002454 
0.096355 0.184102 -3.710119 -0.354081 0.263158 0.001726 
0.089271 0.189552 -3.552794 -0.354537 0.262897 0.000049 
0.082031 0.203553 -3.333724 -0.354937 0.262632 -0.002000 
0.067215 0.204576 -3.125768 -0.355271 0.262512 -0.003745 
0.074985 0.209673 -2.928894 -0.355723 0.262334 -0.005068 
0.076675 0.210613 -2.941800 -0.356036 0.262135 -0.003785 
0.071067 0.205464 -3.088971 -0.356067 0.262388 -0.001770 
0.080055 0.200269 -3.297724 -0.356087 0.262547 0.000514 
0.080647 0.190810 -3.506682 -0.355820 0.262764 0.002684 
0.073790 0.193719 -3.714034 -0.355471 0.263036 0.004216 
0.072344 0.202096 -3.682339 -0.355094 0.263045 0.003490 
0.062685 0.198070 -3.525781 -0.354815 0.263086 0.001581 
0.059501 0.208198 -3.327163 -0.354435 0.262698 -0.000927 
0.056276 0.210092 -3.098414 -0.354114 0.262303 -0.003305 
0.054040 0.204235 -2.910614 -0.354167 0.261713 -0.005284 
0.060598 0.202235 -2.941446 -0.354175 0.261097 -0.005090 
0.069080 0.189824 -3.086901 -0.354410 0.260959 -0.003606 
0.077899 0.192922 -3.294600 -0.354372 0.261122 -0.001748 
0.072038 0.188208 -3.512556 -0.354396 0.261195 0.000209 
0.080030 0.190636 -3.710705 -0.354043 0.261555 0.002068 
0.080411 0.205772 -3.670980 -0.353777 0.262032 0.002206 
0.079191 0.214995 -3.506664 -0.353561 0.261925 0.001276 
0.071326 0.218880 -3.310587 -0.353549 0.262143 -0.000059 
0.056758 0.218818 -3.134959 -0.353728 0.262314 -0.001194 
0.063252 0.223999 -2.907444 -0.353861 0.262140 -0.002817 
0.064899 0.215954 -2.927903 -0.354398 0.262032 -0.002400 
0.074937 0.211523 -3.051270 -0.355059 0.261978 -0.001317 
0.084757 0.206374 -3.276912 -0.355560 0.262036 -0.000004 
0.086468 0.204631 -3.492451 -0.355721 0.262341 0.001097 
0.095245 0.198745 -3.707704 -0.355907 0.262596 0.002089 
0.087357 0.201595 -3.705779 -0.355731 0.262937 0.001228 
0.079264 0.205156 -3.569555 -0.355719 0.263164 -0.000479 
0.077467 0.212523 -3.362588 -0.355358 0.263531 -0.002346 
0.068299 0.217250 -3.146801 -0.355020 0.263565 -0.003666 
0.067063 0.217482 -2.941422 -0.354869 0.263640 -0.004781 
0.074943 0.205248 -2.944706 -0.354950 0.263582 -0.003501 
0.076576 0.197048 -3.091286 -0.355159 0.263495 -0.001588 
0.078828 0.189057 -3.288999 -0.355525 0.263316 0.000607 
0.086669 0.185930 -3.496007 -0.355531 0.262909 0.002256 
0.080423 0.189442 -3.712071 -0.355498 0.262986 0.003466 
0.071370 0.195248 -3.688987 -0.355303 0.262569 0.002311 
0.075669 0.201110 -3.552452 -0.354945 0.262137 0.000285 
0.079402 0.215252 -3.334223 -0.354373 0.261796 -0.002102 
0.069280 0.212996 -3.106814 -0.354085 0.261449 -0.003946 
0.066937 0.214273 -2.900834 -0.353767 0.261243 -0.005380 
0.066831 0.198045 -2.924271 -0.353719 0.261147 -0.004227 
0.075375 0.193732 -3.081587 -0.353736 0.261111 -0.002219 
0.090575 0.184483 -3.291435 -0.353459 0.261226 0.000273 
0.085869 0.187084 -3.509777 -0.353592 0.261582 0.002445 
0.080468 0.181123 -3.725817 -0.353787 0.261936 0.003758 
0.080350 0.187898 -3.702900 -0.353741 0.262317 0.002704 
0.080221 0.195588 -3.564793 -0.354016 0.262488 0.000468 
0.079310 0.211491 -3.344154 -0.354078 0.262752 -0.002449 
0.071656 0.215214 -3.113833 -0.354391 0.262961 -0.005036 
0.071707 0.214868 -2.916088 -0.354726 0.263120 -0.006794 
0.081420 0.218025 -2.947668 -0.355179 0.263346 -0.006065 
0.084577 0.209179 -3.084451 -0.355714 0.263438 -0.003820 
0.088287 0.215908 -3.284317 -0.355975 0.263830 -0.000879 
0.091052 0.215261 -3.514982 -0.356125 0.263944 0.002142 
0.086327 0.218750 -3.713909 -0.356253 0.264107 0.004654 
0.077696 0.215306 -3.693862 -0.355962 0.263972 0.004560 
0.069080 0.212018 -3.547693 -0.355998 0.263816 0.002971 
0.066313 0.222544 -3.338677 -0.355776 0.263328 0.000475 
0.071035 0.228934 -3.161398 -0.355577 0.262792 -0.001512 
0.059112 0.219160 -2.931087 -0.355183 0.262165 -0.004535 
0.071893 0.212612 -2.940007 -0.355060 0.261594 -0.005077 
0.078400 0.201601 -3.074167 -0.354965 0.261086 -0.004227 
0.085629 0.197872 -3.272464 -0.354655 0.260875 -0.002256 
0.086685 0.197172 -3.470810 -0.354488 0.260994 -0.000178 
0.086883 0.196434 -3.700883 -0.353998 0.261126 0.002190 
0.079447 0.199283 -3.682365 -0.353662 0.261560 0.002626 
0.070980 0.211429 -3.548986 -0.353267 0.261797 0.001772 
0.069769 0.210901 -3.332675 -0.353123 0.262059 0.000343 
0.068342 0.210306 -3.115525 -0.352979 0.262323 -0.001408 
0.053134 0.210171 -2.907035 -0.353161 0.262492 -0.003480 
0.061219 0.197645 -2.906421 -0.353566 0.262429 -0.003478 
0.070385 0.193439 -3.049440 -0.354065 0.262288 -0.002735 
0.072857 0.184892 -3.255330 -0.354594 0.262201 -0.001190 
0.083356 0.188571 -3.471198 -0.355194 0.262161 0.000352 
0.085675 0.188053 -3.688109 -0.355506 0.262178 0.002101 
0.071981 0.195850 -3.697698 -0.355619 0.262374 0.001989 
0.071172 0.205343 -3.553330 -0.355561 0.262171 0.001045 
0.069720 0.205507 -3.347112 -0.355411 0.262245 -0.000390 
0.060699 0.202077 -3.150649 -0.355290 0.262181 -0.001940 
0.059247 0.202242 -2.944431 -0.355140 0.262256 -0.003376 
0.058999 0.193549 -2.955883 -0.355040 0.262352 -0.002963 
0.066614 0.181492 -3.090644 -0.355113 0.262123 -0.001793 
0.075170 0.176162 -3.297719 -0.355134 0.262284 -0.000151 
0.076446 0.174907 -3.504242 -0.355131 0.262497 0.001278 
0.077266 0.174276 -3.720020 -0.355124 0.262523 0.002380 
0.076231 0.182924 -3.708272 -0.354904 0.262436 0.001641 
0.074814 0.191191 -3.562531 -0.354694 0.262522 0.000049 
0.073193 0.199649 -3.355259 -0.354486 0.262601 -0.001812 
0.070271 0.208949 -3.128277 -0.353952 0.262495 -0.003658 
0.068531 0.201444 -2.932367 -0.353856 0.262379 -0.004995 
0.075826 0.197104 -2.944996 -0.353720 0.262426 -0.004153 
0.083502 0.193144 -3.091617 -0.353575 0.262298 -0.002458 
0.091986 0.180212 -3.309839 -0.353649 0.262267 -0.000397 
0.086125 0.175498 -3.527795 -0.353674 0.262340 0.001559 
0.087577 0.175334 -3.734013 -0.353823 0.262266 0.002995 
0.080962 0.188500 -3.711611 -0.354057 0.262122 0.002382 
0.080836 0.206198 -3.564807 -0.354262 0.261915 0.000697 
0.073179 0.219800 -3.356135 -0.354504 0.261750 -0.001365 
0.072781 0.220206 -3.137298 -0.354835 0.261718 -0.003425 
0.079925 0.224966 -2.919638 -0.355130 0.261636 -0.005055 
0.081612 0.215898 -2.941241 -0.355513 0.261816 -0.004323 
0.091120 0.218073 -3.087171 -0.355646 0.262251 -0.002734 
0.093725 0.215969 -3.264788 -0.355810 0.262739 -0.000638 
0.095673 0.214157 -3.462895 -0.355811 0.263138 0.001439 
0.096788 0.211547 -3.681799 -0.355496 0.263738 0.003492 
0.096612 0.210457 -3.682103 -0.355343 0.264026 0.003485 
0.087666 0.214107 -3.547262 -0.355009 0.264260 0.002093 
0.078290 0.228152 -3.329277 -0.354767 0.264011 0.000033 
0.076583 0.229272 -3.121077 -0.354771 0.263800 -0.002038 
0.081048 0.227362 -2.912828 -0.354632 0.263257 -0.004216 
0.080069 0.221137 -2.912137 -0.354676 0.262686 -0.004425 
0.094508 0.205629 -3.056705 -0.354769 0.262218 -0.003370 
0.095197 0.199308 -3.263071 -0.354962 0.261572 -0.001823 
0.095797 0.199233 -3.470671 -0.354790 0.261505 -0.000072 
0.096894 0.206766 -3.699148 -0.354563 0.261632 0.001876 
0.089178 0.211330 -3.689579 -0.354375 0.261591 0.001992 
0.072444 0.211942 -3.556315 -0.353905 0.261594 0.001134 
0.064344 0.216648 -3.339985 -0.353889 0.261620 -0.000181 
0.063261 0.208850 -3.123585 -0.353956 0.261592 -0.001499 
0.062636 0.209684 -2.926917 -0.354121 0.261471 -0.002935 
0.063873 0.201369 -2.927427 -0.354500 0.261459 -0.002505 
0.066430 0.200681 -3.061479 -0.354979 0.261556 -0.001327 
0.075598 0.195953 -3.277265 -0.355317 0.261522 -0.000006 
0.077525 0.194277 -3.493643 -0.355477 0.261827 0.001415 
0.079237 0.192534 -3.709182 -0.355637 0.262133 0.002516 
0.071349 0.195383 -3.707257 -0.355462 0.262474 0.001655 
0.062428 0.198275 -3.561483 -0.355134 0.262898 -0.000051 
0.068136 0.211018 -3.354549 -0.354891 0.262927 -0.001804 
0.058288 0.206918 -3.148537 -0.354455 0.263059 -0.003353 
0.056576 0.208662 -2.932997 -0.354294 0.262753 -0.004454 
0.056672 0.192766 -2.945198 -0.354405 0.262558 -0.003609 
0.065370 0.180423 -3.091492 -0.354639 0.262419 -0.001804 
0.073009 0.176965 -3.309737 -0.354486 0.262112 0.000153 
0.075112 0.176380 -3.525810 -0.354799 0.262129 0.001581 
0.076349 0.176148 -3.731189 -0.354949 0.262055 0.002696 
0.075515 0.185127 -3.708205 -0.354888 0.261868 0.001648 
0.066817 0.197470 -3.561911 -0.354654 0.262007 -0.000156 
0.064459 0.199011 -3.343856 -0.354495 0.261703 -0.002220 
0.063208 0.199507 -3.126401 -0.354504 0.261678 -0.003964 
0.062260 0.207408 -2.910714 -0.354300 0.261944 -0.005177 
0.069482 0.195467 -2.934489 -0.354218 0.261798 -0.003915 
0.070992 0.194665 -3.050813 -0.354216 0.261998 -0.002087 
0.087470 0.185333 -3.291303 -0.354259 0.262109 0.000704 
0.082056 0.180388 -3.457583 -0.354448 0.262266 0.002385 
0.084240 0.187011 -3.704931 -0.354548 0.262578 0.003997 
0.084460 0.186456 -3.713108 -0.354713 0.262671 0.003348 
0.076199 0.198310 -3.575831 -0.354642 0.262902 0.001215 
0.074108 0.207656 -3.365738 -0.354589 0.262695 -0.001602 
0.072883 0.216649 -3.166338 -0.354698 0.262579 -0.004106 
0.086467 0.216928 -2.927605 -0.354862 0.262542 -0.006152 
0.079530 0.213801 -2.927802 -0.355049 0.262303 -0.005933 
0.088731 0.209194 -3.064626 -0.355229 0.262355 -0.003905 
0.099291 0.211714 -3.263367 -0.355516 0.262696 -0.001393 
0.101214 0.210661 -3.472406 -0.355511 0.262907 0.000999 
0.104291 0.216924 -3.681831 -0.355614 0.263401 0.003606 
0.096763 0.212306 -3.692730 -0.355490 0.263549 0.003806 
0.081585 0.220898 -3.537379 -0.355447 0.263635 0.002548 
0.087206 0.226303 -3.329516 -0.355417 0.263374 0.000585 
0.085129 0.235385 -3.131498 -0.355204 0.263266 -0.001603 
0.082555 0.236859 -2.912604 -0.355046 0.262963 -0.003988 
0.081770 0.221582 -2.902035 -0.355154 0.262578 -0.004087 
0.088928 0.210149 -3.046051 -0.355223 0.262161 -0.003244 
0.096593 0.205932 -3.253364 -0.355076 0.262042 -0.001601 
0.104103 0.209743 -3.471699 -0.354711 0.262026 0.000246 
0.105394 0.208224 -3.690298 -0.354549 0.262338 0.002305 
0.089282 0.208524 -3.680935 -0.354074 0.262354 0.002306 
0.073448 0.217408 -3.546074 -0.353868 0.262353 0.001029 
0.077993 0.213451 -3.340113 -0.353422 0.262384 -0.000520 
0.076501 0.214639 -3.132751 -0.353425 0.262172 -0.002270 
0.061034 0.216082 -2.914940 -0.353597 0.261960 -0.004008 
0.069335 0.203624 -2.915165 -0.354001 0.261896 -0.003685 
0.071363 0.195959 -3.069617 -0.354527 0.261615 -0.002415 
0.074099 0.195840 -3.276131 -0.354997 0.261531 -0.000654 
0.076658 0.194631 -3.482949 -0.355315 0.261736 0.001102 
0.078977 0.194113 -3.699861 -0.355627 0.261752 0.002851 
0.071985 0.205857 -3.689001 -0.355549 0.261996 0.002540 
0.063408 0.201546 -3.543976 -0.355431 0.262127 0.001265 
0.060720 0.210025 -3.337247 -0.354903 0.262214 -0.000601 
0.059052 0.210122 -3.130190 -0.354753 0.262289 -0.002358 
0.063597 0.206166 -2.924229 -0.354308 0.262321 -0.003906 
0.063108 0.198165 -2.945774 -0.354202 0.262229 -0.003500 
0.063395 0.181822 -3.080197 -0.354309 0.262049 -0.002438 
0.071711 0.177184 -3.297366 -0.354325 0.262022 -0.000802 
0.072746 0.176620 -3.513982 -0.354317 0.262047 0.000620 
0.080483 0.180005 -3.710149 -0.354118 0.262120 0.001844 
0.072987 0.184013 -3.708757 -0.354094 0.262173 0.001310 
0.065333 0.197093 -3.572852 -0.354175 0.262115 -0.000174 
0.056801 0.201664 -3.354845 -0.354159 0.262142 -0.002131 
0.062878 0.206445 -3.137728 -0.354134 0.262069 -0.003766 
0.062058 0.207076 -2.921951 -0.354142 0.262043 -0.004868 
0.063510 0.198828 -2.923300 -0.354520 0.262030 -0.004117 
0.072711 0.194222 -3.060125 -0.354700 0.262082 -0.002089 
0.067306 0.188883 -3.268826 -0.354729 0.262342 0.000194 
0.077194 0.191960 -3.475983 -0.355012 0.262497 0.002058 
0.079096 0.191043 -3.703292 -0.355166 0.262614 0.003795 
0.079585 0.199044 -3.681748 -0.355272 0.262706 0.003388 
0.078732 0.199553 -3.544933 -0.355437 0.262593 0.001579 
0.076440 0.208568 -3.346076 -0.355225 0.262485 -0.000930 
0.075021 0.217357 -3.127568 -0.355176 0.262465 -0.003099 
0.079551 0.213665 -2.909531 -0.354890 0.262397 -0.005278 
0.087242 0.209860 -2.930032 -0.355072 0.262249 -0.005078 
0.088483 0.200502 -3.076078 -0.355129 0.262451 -0.003493 
0.089780 0.199111 -3.264330 -0.354967 0.262759 -0.001408 
0.098398 0.201877 -3.483266 -0.354770 0.263021 0.000759 
0.100757 0.200336 -3.701322 -0.354928 0.263325 0.002823 
0.093066 0.204141 -3.680821 -0.354747 0.263473 0.002623 
0.085163 0.208528 -3.556368 -0.354727 0.263511 0.001552 
0.083959 0.217385 -3.338698 -0.354677 0.263490 -0.000297 
0.082878 0.218843 -3.151285 -0.354839 0.263181 -0.002060 
0.081224 0.228453 -2.912523 -0.354785 0.262969 -0.004210 
0.087767 0.217461 -2.902292 -0.354858 0.262534 -0.004200 
0.088781 0.218307 -3.026726 -0.355006 0.262260 -0.003014 
0.090448 0.218210 -3.233783 -0.355155 0.262184 -0.001257 
0.098065 0.205632 -3.441312 -0.355067 0.262062 0.000490 
0.099814 0.212744 -3.679643 -0.355003 0.262281 0.002431 
0.092332 0.216487 -3.690327 -0.354820 0.262433 0.002526 
0.076450 0.217010 -3.555682 -0.354672 0.262428 0.001353 
0.067477 0.221941 -3.359004 -0.354492 0.262367 -0.000301 
0.065569 0.222729 -3.162041 -0.354338 0.262255 -0.002064 
0.071148 0.219903 -2.924047 -0.354367 0.261987 -0.003896 
0.072169 0.211520 -2.923719 -0.354747 0.261975 -0.003786 
0.080852 0.199442 -3.057937 -0.355141 0.261738 -0.002611 
0.075016 0.193968 -3.264961 -0.355172 0.262000 -0.000969 
0.084036 0.197398 -3.461423 -0.355292 0.262064 0.000581 
0.092634 0.200301 -3.698630 -0.355254 0.262232 0.002092 
0.086069 0.202172 -3.698144 -0.355246 0.262852 0.001872 
0.070475 0.210364 -3.553191 -0.355044 0.263038 0.000601 
0.054415 0.210318 -3.346082 -0.354905 0.263214 -0.001156 
0.052071 0.211595 -3.140102 -0.354587 0.263009 -0.002590 
0.064730 0.204361 -2.913898 -0.354481 0.262788 -0.003901 
0.057593 0.200902 -2.925331 -0.354509 0.262648 -0.003374 
0.065182 0.189604 -3.071024 -0.354576 0.262231 -0.001889 
0.073216 0.177425 -3.268154 -0.354646 0.262008 -0.000129 
0.074428 0.177953 -3.484465 -0.354790 0.261746 0.001300 
0.067894 0.173795 -3.710837 -0.354811 0.261632 0.002608 
0.074575 0.177879 -3.708658 -0.354779 0.261585 0.001754 
0.066289 0.190492 -3.582313 -0.354702 0.261628 -0.000064 
0.056650 0.196109 -3.363704 -0.354519 0.261376 -0.002341 
0.056153 0.212512 -3.198096 -0.354413 0.261553 -0.003698 
0.047123 0.200220 -2.930225 -0.354359 0.261666 -0.005406 
0.055097 0.204708 -2.933079 -0.354322 0.261615 -0.004335 
0.071187 0.194868 -3.069922 -0.354374 0.261903 -0.002422 
0.066433 0.189108 -3.288479 -0.354567 0.262255 -0.000145 
0.068557 0.188388 -3.486281 -0.354720 0.262367 0.001938 
0.070748 0.195140 -3.703283 -0.354821 0.262674 0.003577 
0.077885 0.198599 -3.691850 -0.354793 0.262814 0.003050 
0.076669 0.207199 -3.534872 -0.354742 0.262801 0.001149 
0.067963 0.219935 -3.346157 -0.354668 0.262837 -0.001259 
0.072717 0.225694 -3.127600 -0.354476 0.262485 -0.003535 
0.071460 0.226061 -2.940491 -0.354484 0.262464 -0.005305 
0.085570 0.218664 -2.920505 -0.354529 0.262169 -0.005181 
0.093904 0.214411 -3.046635 -0.354547 0.262129 -0.003467 
0.088701 0.209405 -3.244100 -0.354735 0.262290 -0.001492 
0.104800 0.208428 -3.452352 -0.354721 0.262401 0.000580 
0.106958 0.206555 -3.681645 -0.354721 0.262804 0.002952 
0.100128 0.209877 -3.702184 -0.354701 0.263047 0.003040 
0.099578 0.217791 -3.567136 -0.354653 0.263225 0.001762 
0.091094 0.230723 -3.348914 -0.354579 0.263256 -0.000299 
0.089621 0.231023 -3.160966 -0.354588 0.263236 -0.002390 
0.088336 0.232671 -2.912022 -0.354751 0.262920 -0.004422 
0.096663 0.219454 -2.901315 -0.355161 0.263045 -0.004415 
0.097213 0.211540 -3.036362 -0.355209 0.262868 -0.003136 
0.106161 0.207368 -3.243971 -0.355383 0.262740 -0.001167 
0.101245 0.210031 -3.431128 -0.355517 0.263092 0.000710 
0.102289 0.209074 -3.690166 -0.355349 0.263220 0.002736 
0.094156 0.213239 -3.690995 -0.355003 0.263280 0.002839 
0.085386 0.217980 -3.555848 -0.354821 0.263226 0.001453 
0.082827 0.219189 -3.349030 -0.354504 0.263022 -0.000302 
0.073115 0.217204 -3.141568 -0.354374 0.262579 -0.002160 
0.070709 0.210384 -2.923728 -0.354274 0.262272 -0.004119 
0.078213 0.215760 -2.923760 -0.354392 0.261935 -0.004004 
0.078676 0.200509 -3.057879 -0.354652 0.261467 -0.002936 
0.080344 0.200412 -3.264936 -0.354801 0.261392 -0.001180 
0.088900 0.195082 -3.472011 -0.354823 0.261553 0.000462 
0.090802 0.194165 -3.699321 -0.354977 0.261669 0.002199 
0.083656 0.213939 -3.699482 -0.354681 0.262015 0.002092 
0.075972 0.208514 -3.554219 -0.354732 0.262426 0.000816 
0.059959 0.216829 -3.346896 -0.354534 0.262606 -0.001045 
0.058090 0.216594 -3.151076 -0.354226 0.262780 -0.002493 
0.057033 0.208037 -2.923743 -0.354299 0.262941 -0.004126 
0.057665 0.208504 -2.914184 -0.354456 0.262840 -0.003793 
0.066147 0.196094 -3.059639 -0.354691 0.262702 -0.002309 
0.075073 0.182802 -3.256531 -0.354930 0.262760 -0.000550 
0.069043 0.186381 -3.473434 -0.354896 0.262837 0.000981 
0.077582 0.191194 -3.690082 -0.355006 0.262525 0.002518 
0.077173 0.200179 -3.699122 -0.354943 0.262341 0.002087 
0.068140 0.196492 -3.563351 -0.354821 0.262285 0.000485 
0.059416 0.210116 -3.355222 -0.354741 0.262128 -0.001583 
0.057273 0.211724 -3.138005 -0.354582 0.261824 -0.003326 
0.056238 0.212288 -2.921389 -0.354590 0.261798 -0.004749 
0.056428 0.213114 -2.933160 -0.354583 0.261609 -0.004113 
0.072694 0.204365 -3.069698 -0.354788 0.261609 -0.002194 
0.074144 0.194945 -3.246928 -0.354844 0.261815 -0.000313 
0.075401 0.194578 -3.434037 -0.354836 0.261835 0.001457 
0.077754 0.192908 -3.682439 -0.354994 0.262143 0.003495 
0.077820 0.200381 -3.701638 -0.354940 0.262339 0.003050 
0.069539 0.213124 -3.544946 -0.354864 0.262377 0.001257 
0.067703 0.221514 -3.336836 -0.354657 0.262456 -0.000924 
0.072885 0.217401 -3.128654 -0.354534 0.262481 -0.003110 
0.070351 0.217851 -2.910903 -0.354223 0.262465 -0.005180 
0.085610 0.217641 -2.921648 -0.354375 0.262456 -0.004866 
0.093681 0.204960 -3.047155 -0.354453 0.262414 -0.003369 
0.095388 0.203840 -3.255356 -0.354448 0.262626 -0.001298 
0.089815 0.206795 -3.463004 -0.354420 0.262890 0.000560 
0.092537 0.197163 -3.701222 -0.354795 0.263094 0.002715 
0.085256 0.201238 -3.700670 -0.354770 0.263146 0.002502 
0.084882 0.210243 -3.565318 -0.354875 0.263036 0.001231 
0.076574 0.224266 -3.346790 -0.354954 0.262779 -0.000824 
0.068870 0.229507 -3.138333 -0.355254 0.262611 -0.002782 
0.068036 0.230402 -2.910480 -0.355421 0.262486 -0.004513 
0.076096 0.218635 -2.920798 -0.355820 0.262235 -0.004197 
0.091543 0.218601 -3.046427 -0.355804 0.262147 -0.002696 
0.093451 0.217813 -3.243391 -0.355959 0.262259 -0.000933 
0.094901 0.208393 -3.420622 -0.356015 0.262464 0.000948 
0.088858 0.202459 -3.669229 -0.355886 0.262829 0.002872 
0.087220 0.210111 -3.691191 -0.355189 0.263040 0.003058 
0.085602 0.218047 -3.556687 -0.354820 0.263226 0.001774 
0.083061 0.218369 -3.369282 -0.354508 0.263214 -0.000322 
0.072933 0.215984 -3.172219 -0.354220 0.262871 -0.002192 
0.070552 0.208406 -2.943447 -0.354127 0.262753 -0.004466 
0.076779 0.213865 -2.912838 -0.353925 0.262420 -0.004652 
0.091897 0.207185 -3.047631 -0.354116 0.261854 -0.003367 
0.093302 0.198660 -3.254064 -0.354325 0.261776 -0.001827 
0.094947 0.189443 -3.450404 -0.354539 0.261886 -0.000281 
0.089807 0.201789 -3.688717 -0.354603 0.261869 0.001774 
0.090282 0.200277 -3.698877 -0.354613 0.262249 0.001761 
0.083271 0.203552 -3.574186 -0.354762 0.262567 0.000688 
0.067697 0.221385 -3.367182 -0.354657 0.262460 -0.000950 
0.066897 0.221128 -3.170819 -0.354670 0.262627 -0.002393 
0.066519 0.221399 -2.933712 -0.354841 0.262690 -0.003797 
0.060456 0.218047 -2.914256 -0.355191 0.262537 -0.003239 
0.069178 0.204945 -3.049618 -0.355431 0.262588 -0.001749 
0.078126 0.200773 -3.257227 -0.355605 0.262460 0.000221 
0.072491 0.195631 -3.453014 -0.355794 0.262622 0.001554 
0.073132 0.203789 -3.690745 -0.355563 0.262562 0.003175 
0.079612 0.207540 -3.699803 -0.355372 0.262614 0.002628 
0.070626 0.212214 -3.563817 -0.355191 0.262562 0.000922 
0.074963 0.217574 -3.355659 -0.354841 0.262310 -0.001367 
0.064900 0.213407 -3.148807 -0.354405 0.262442 -0.003237 
0.062541 0.214949 -2.930752 -0.354246 0.262139 -0.005301 
0.068735 0.211783 -2.912433 -0.353944 0.261902 -0.004753 
0.076605 0.198770 -3.049177 -0.353863 0.261959 -0.002947 
