-0.302299 -0.450294 -3.779816 0.170385 0.450417 -0.008718 
-0.300398 -0.460466 -3.978139 0.170325 0.450814 -0.006536 
-0.298691 -0.461587 -4.186339 0.170329 0.451025 -0.004465 
-0.304929 -0.467723 -4.415837 0.170616 0.451485 -0.002207 
-0.298669 -0.463416 -4.416717 0.170972 0.451444 -0.002104 
-0.300259 -0.446231 -4.262584 0.171405 0.451440 -0.003151 
-0.302530 -0.437353 -4.045457 0.171776 0.451427 -0.005005 
-0.303799 -0.426713 -3.837575 0.171678 0.450930 -0.006853 
-0.312417 -0.429480 -3.618639 0.171481 0.450667 -0.009020 
-0.311677 -0.436148 -3.627261 0.170953 0.450181 -0.009231 
-0.295882 -0.444008 -3.760978 0.170593 0.449895 -0.008268 
-0.299999 -0.449924 -3.977314 0.170078 0.450241 -0.006628 
-0.298360 -0.459269 -4.204000 0.169865 0.450355 -0.005108 
-0.297285 -0.460856 -4.421759 0.170027 0.450667 -0.003371 
-0.305152 -0.458142 -4.401564 0.170361 0.451103 -0.003576 
-0.306266 -0.442469 -4.257590 0.170784 0.451479 -0.004637 
-0.308576 -0.442345 -4.083100 0.171256 0.451566 -0.005783 
-0.310705 -0.441000 -3.877959 0.171575 0.451360 -0.006896 
-0.311927 -0.431256 -3.640875 0.171631 0.451146 -0.008404 
-0.311817 -0.437638 -3.621371 0.171425 0.450662 -0.007952 
-0.296042 -0.444611 -3.735673 0.171070 0.450184 -0.006649 
-0.301137 -0.456752 -3.951319 0.170511 0.449959 -0.005218 
-0.291768 -0.461148 -4.155869 0.170014 0.449825 -0.004207 
-0.296758 -0.466839 -4.391857 0.169662 0.450084 -0.002907 
-0.311476 -0.460667 -4.410471 0.169858 0.450669 -0.003679 
-0.312458 -0.452888 -4.273746 0.169905 0.450848 -0.005599 
-0.314718 -0.454281 -4.077392 0.170364 0.451311 -0.007375 
-0.316975 -0.445667 -3.872341 0.170895 0.451396 -0.008599 
-0.312208 -0.449427 -3.636873 0.171341 0.451423 -0.009801 
-0.312260 -0.457165 -3.629749 0.171447 0.451326 -0.008726 
-0.304185 -0.459838 -3.746559 0.171440 0.450906 -0.006678 
-0.295022 -0.463943 -3.955007 0.171268 0.450777 -0.004388 
-0.292985 -0.472001 -4.151881 0.170902 0.450598 -0.002514 
-0.297776 -0.467482 -4.398281 0.170462 0.450383 -0.000998 
-0.304186 -0.464384 -4.415761 0.170159 0.450621 -0.001867 
-0.305382 -0.456672 -4.278197 0.170204 0.450801 -0.004108 
-0.314714 -0.444274 -4.068695 0.170435 0.450933 -0.006824 
-0.323227 -0.440590 -3.870102 0.170445 0.451153 -0.009121 
-0.317125 -0.436567 -3.642053 0.170464 0.451268 -0.011071 
-0.310241 -0.441178 -3.634733 0.170757 0.451410 -0.010215 
-0.302806 -0.453702 -3.762460 0.171002 0.451375 -0.008082 
-0.300539 -0.461957 -3.972249 0.170796 0.451295 -0.005258 
-0.306595 -0.466875 -4.171095 0.170930 0.451463 -0.002967 
-0.304952 -0.466212 -4.389084 0.170787 0.451199 -0.000896 
-0.298034 -0.452942 -4.398461 0.170885 0.450965 -0.001219 
-0.298839 -0.444072 -4.261431 0.170778 0.450856 -0.003133 
-0.314953 -0.442830 -4.041104 0.170605 0.450647 -0.005834 
-0.316681 -0.441574 -3.851174 0.170442 0.450341 -0.008560 
-0.324360 -0.437092 -3.631784 0.170135 0.450361 -0.010833 
-0.316879 -0.440836 -3.621100 0.169952 0.450209 -0.010928 
-0.314523 -0.441855 -3.766388 0.169632 0.450406 -0.009442 
-0.298906 -0.450705 -3.965839 0.169751 0.450421 -0.006938 
-0.298098 -0.460097 -4.175636 0.170018 0.450637 -0.004447 
-0.296617 -0.460790 -4.406005 0.170188 0.450760 -0.001752 
-0.304534 -0.456558 -4.407673 0.170535 0.450819 -0.001329 
-0.313452 -0.443659 -4.253202 0.170933 0.450864 -0.002484 
-0.308038 -0.438713 -4.086922 0.171123 0.450706 -0.004164 
-0.309698 -0.429232 -3.878507 0.171177 0.450498 -0.006340 
-0.312046 -0.428186 -3.637444 0.171170 0.450284 -0.009348 
-0.311907 -0.435951 -3.614346 0.170793 0.450083 -0.010181 
-0.303199 -0.448788 -3.737633 0.170393 0.450035 -0.009321 
-0.301143 -0.457734 -3.953921 0.170021 0.450049 -0.007788 
-0.299411 -0.459613 -4.151189 0.170019 0.450449 -0.006032 
-0.304131 -0.466525 -4.401236 0.169981 0.451092 -0.003466 
-0.297575 -0.454941 -4.434230 0.170550 0.451345 -0.002858 
-0.306237 -0.442998 -4.281741 0.171103 0.451676 -0.003378 
-0.301476 -0.446887 -4.076619 0.171550 0.451707 -0.004606 
-0.303974 -0.437581 -3.881661 0.172086 0.451604 -0.005837 
-0.312740 -0.432190 -3.643400 0.172106 0.451440 -0.007774 
-0.297777 -0.439677 -3.622032 0.171739 0.451137 -0.007965 
-0.289022 -0.444154 -3.745103 0.171398 0.451092 -0.007209 
-0.286542 -0.443316 -3.949635 0.170774 0.450722 -0.006083 
-0.291788 -0.457307 -4.154653 0.170362 0.450973 -0.004973 
-0.296803 -0.462239 -4.401573 0.170016 0.451043 -0.003358 
-0.296737 -0.454766 -4.420772 0.170069 0.451239 -0.003803 
-0.312309 -0.437454 -4.286536 0.170335 0.451240 -0.004864 
-0.313937 -0.438381 -4.080623 0.170638 0.451602 -0.006306 
-0.316065 -0.437036 -3.875481 0.170957 0.451397 -0.007419 
-0.311298 -0.440797 -3.640013 0.171403 0.451423 -0.008621 
-0.312256 -0.447157 -3.621052 0.171518 0.450947 -0.008175 
-0.311443 -0.446643 -3.756723 0.171529 0.450772 -0.006681 
-0.295383 -0.446597 -3.963831 0.171390 0.450596 -0.004924 
-0.293778 -0.454790 -4.159027 0.171022 0.450419 -0.003692 
-0.298832 -0.458699 -4.404804 0.170523 0.450201 -0.002392 
-0.305717 -0.454089 -4.412124 0.170230 0.450059 -0.003248 
-0.313346 -0.441768 -4.265287 0.170143 0.450190 -0.005047 
-0.315182 -0.433378 -4.057177 0.170350 0.450269 -0.007229 
-0.323504 -0.428868 -3.870354 0.170367 0.450300 -0.008891 
-0.318039 -0.424688 -3.644525 0.170709 0.450422 -0.010205 
-0.318113 -0.441546 -3.626685 0.170750 0.450510 -0.009340 
-0.302411 -0.442536 -3.754297 0.170920 0.450709 -0.007204 
-0.293711 -0.455401 -3.973358 0.170847 0.450677 -0.004821 
-0.299742 -0.461077 -4.161273 0.170974 0.451034 -0.002845 
-0.298034 -0.452942 -4.398461 0.170885 0.450965 -0.001219 
-0.291554 -0.449190 -4.407519 0.171076 0.451018 -0.001765 
-0.300338 -0.444184 -4.260297 0.171098 0.450866 -0.003780 
-0.315908 -0.426974 -4.060631 0.171038 0.450854 -0.006389 
-0.309658 -0.431109 -3.851906 0.170840 0.450870 -0.008569 
-0.318894 -0.434607 -3.654605 0.170960 0.450807 -0.010440 
-0.310467 -0.430973 -3.613121 0.170667 0.450934 -0.010615 
-0.302860 -0.452414 -3.749241 0.170689 0.450990 -0.009026 
-0.300937 -0.453467 -3.958280 0.170694 0.451200 -0.006634 
-0.299641 -0.454858 -4.146533 0.170856 0.451508 -0.004549 
-0.291101 -0.459822 -4.406962 0.171001 0.451583 -0.001989 
-0.298367 -0.456011 -4.418485 0.171185 0.451734 -0.001573 
-0.307114 -0.442150 -4.294055 0.171431 0.451495 -0.002748 
-0.308821 -0.441030 -4.085854 0.171427 0.451284 -0.004819 
-0.310769 -0.439218 -3.887747 0.171428 0.450884 -0.006896 
-0.311154 -0.429298 -3.637206 0.171002 0.450564 -0.009349 
-0.317688 -0.431762 -3.614928 0.170498 0.450126 -0.009747 
-0.308765 -0.444533 -3.739053 0.170098 0.450077 -0.008565 
-0.307407 -0.461419 -3.945701 0.169831 0.449996 -0.006921 
-0.312176 -0.466914 -4.152183 0.169479 0.450249 -0.005274 
-0.310475 -0.468162 -4.390729 0.169484 0.450465 -0.003229 
-0.311462 -0.460932 -4.422547 0.170018 0.450767 -0.003050 
-0.313885 -0.444546 -4.289209 0.170767 0.450963 -0.004122 
-0.316203 -0.444028 -4.072298 0.171079 0.450947 -0.005871 
-0.318723 -0.443842 -3.866623 0.171550 0.451030 -0.007312 
-0.321053 -0.433052 -3.628938 0.171773 0.450537 -0.009140 
-0.312940 -0.436329 -3.608694 0.171432 0.450284 -0.008902 
-0.304257 -0.448407 -3.742913 0.171039 0.450047 -0.007727 
-0.301521 -0.448526 -3.949426 0.170568 0.449964 -0.005965 
-0.291984 -0.461216 -4.155030 0.170014 0.449826 -0.004528 
-0.296495 -0.458411 -4.392481 0.169722 0.450086 -0.002690 
-0.303282 -0.456735 -4.421503 0.169731 0.450711 -0.003257 
-0.304900 -0.448799 -4.286998 0.170099 0.450896 -0.004541 
-0.314024 -0.445718 -4.079694 0.170426 0.451312 -0.006516 
-0.316021 -0.438683 -3.883964 0.170945 0.451778 -0.008075 
-0.311470 -0.442511 -3.647657 0.171390 0.451805 -0.009598 
-0.305276 -0.445677 -3.629338 0.171693 0.451568 -0.009049 
-0.304248 -0.445095 -3.765848 0.171705 0.451392 -0.007234 
-0.294883 -0.448868 -3.963059 0.171374 0.451165 -0.005252 
-0.292147 -0.448986 -4.169573 0.170903 0.451081 -0.003490 
-0.297397 -0.453098 -4.396240 0.170562 0.450959 -0.001856 
-0.297418 -0.452963 -4.414511 0.170403 0.450864 -0.002511 
-0.298399 -0.445183 -4.277786 0.170450 0.451043 -0.004431 
-0.314063 -0.444695 -4.078550 0.170272 0.451025 -0.006831 
-0.316100 -0.436636 -3.881676 0.170638 0.451204 -0.008704 
-0.317762 -0.436411 -3.644273 0.170787 0.451275 -0.010435 
-0.310917 -0.439998 -3.635810 0.170926 0.451130 -0.009894 
-0.302993 -0.444521 -3.741992 0.171065 0.451186 -0.008166 
-0.294528 -0.456565 -3.940801 0.170997 0.450963 -0.005765 
-0.300168 -0.461083 -4.129249 0.170972 0.451031 -0.003461 
-0.298316 -0.460482 -4.378423 0.170831 0.450770 -0.001095 
-0.298146 -0.459520 -4.408464 0.170679 0.450487 -0.001115 
-0.298929 -0.441530 -4.282151 0.170637 0.450192 -0.002818 
-0.307481 -0.436823 -4.082414 0.170493 0.450125 -0.005430 
-0.315846 -0.441298 -3.903145 0.170286 0.450247 -0.007958 
-0.318582 -0.431402 -3.652851 0.170501 0.449944 -0.010742 
-0.325227 -0.436739 -3.621091 0.170297 0.450270 -0.011146 
-0.310220 -0.446292 -3.746401 0.170406 0.450467 -0.009868 
-0.300816 -0.451088 -3.944756 0.170228 0.450527 -0.007572 
-0.307095 -0.465457 -4.144123 0.170456 0.450980 -0.005182 
-0.298286 -0.461865 -4.374830 0.170659 0.451053 -0.002380 
-0.298015 -0.453829 -4.417875 0.170879 0.451158 -0.001560 
-0.299892 -0.444314 -4.274050 0.171259 0.450963 -0.002509 
-0.301337 -0.434766 -4.066473 0.171314 0.450754 -0.004364 
-0.310109 -0.429503 -3.858559 0.171335 0.450594 -0.006327 
-0.311173 -0.428411 -3.617791 0.171007 0.450371 -0.009008 
-0.310120 -0.428168 -3.605173 0.170527 0.450265 -0.009632 
-0.301412 -0.441006 -3.728459 0.170127 0.450216 -0.008772 
-0.293071 -0.446403 -3.934696 0.170104 0.450378 -0.007451 
-0.298513 -0.460597 -4.120605 0.169850 0.450725 -0.006007 
-0.296731 -0.454637 -4.390426 0.170068 0.451235 -0.003777 
-0.297133 -0.455301 -4.412900 0.170386 0.451433 -0.003160 
-0.299628 -0.446517 -4.290709 0.171083 0.451438 -0.003813 
-0.301933 -0.446263 -4.085873 0.171555 0.451520 -0.004933 
-0.310668 -0.432145 -3.900751 0.171800 0.451273 -0.006057 
-0.305740 -0.434550 -3.652902 0.171933 0.450913 -0.007882 
-0.305357 -0.432999 -3.611015 0.171621 0.450522 -0.008158 
-0.296185 -0.437077 -3.723688 0.171122 0.450376 -0.007389 
-0.294169 -0.444999 -3.938832 0.170597 0.450103 -0.006171 
-0.292303 -0.454772 -4.143349 0.170218 0.450306 -0.005274 
-0.297078 -0.460396 -4.380177 0.169867 0.450564 -0.003653 
-0.296802 -0.452984 -4.430561 0.169922 0.450763 -0.003803 
-0.304640 -0.450378 -4.296319 0.170089 0.451277 -0.004875 
-0.314177 -0.437689 -4.090716 0.170643 0.451415 -0.006312 
-0.308503 -0.433571 -3.896072 0.170987 0.451539 -0.007331 
-0.304258 -0.444180 -3.650659 0.171384 0.451183 -0.008415 
-0.304425 -0.435135 -3.611920 0.171606 0.451089 -0.007844 
-0.303869 -0.442921 -3.716622 0.171558 0.450907 -0.006540 
-0.294357 -0.454851 -3.933157 0.171009 0.450581 -0.004788 
-0.293168 -0.463444 -4.138751 0.170800 0.450504 -0.003569 
-0.298614 -0.468510 -4.383994 0.170453 0.450575 -0.002596 
-0.305264 -0.464721 -4.411567 0.170155 0.450625 -0.003472 
-0.313766 -0.452174 -4.284382 0.170231 0.450668 -0.005611 
-0.314951 -0.444205 -4.086127 0.170275 0.450839 -0.007800 
-0.316819 -0.444440 -3.890307 0.170583 0.451014 -0.009248 
-0.318676 -0.444418 -3.633795 0.170890 0.451181 -0.010644 
-0.318680 -0.443795 -3.626456 0.171055 0.451086 -0.009674 
-0.310566 -0.447492 -3.744409 0.171202 0.450954 -0.007311 
-0.302255 -0.451507 -3.954239 0.171351 0.450833 -0.004705 
-0.307251 -0.456053 -4.110122 0.171003 0.450890 -0.003012 
-0.298341 -0.459723 -4.389355 0.170837 0.450582 -0.000780 
-0.290793 -0.455993 -4.397870 0.170707 0.450626 -0.001321 
-0.306864 -0.447041 -4.280441 0.170754 0.450530 -0.003575 
-0.315343 -0.434733 -4.069557 0.170663 0.450655 -0.006606 
-0.323076 -0.438740 -3.880729 0.170298 0.450677 -0.008800 
-0.317841 -0.434364 -3.641986 0.170480 0.450701 -0.011064 
-0.310144 -0.438040 -3.632141 0.170297 0.450548 -0.010839 
-0.309098 -0.447602 -3.759077 0.170398 0.450845 -0.008919 
-0.308083 -0.456533 -3.927292 0.170506 0.450958 -0.006710 
-0.299067 -0.452480 -4.116416 0.170550 0.450927 -0.004190 
-0.297639 -0.461662 -4.377346 0.170662 0.451051 -0.001417 
-0.297583 -0.453695 -4.419553 0.170881 0.451157 -0.000918 
-0.299442 -0.445067 -4.295141 0.171255 0.451154 -0.002208 
-0.308799 -0.431910 -4.096571 0.171492 0.451098 -0.004609 
-0.317136 -0.427136 -3.897673 0.171349 0.451031 -0.006900 
-0.310671 -0.421426 -3.646007 0.170897 0.450660 -0.009782 
-0.310076 -0.429815 -3.613655 0.170515 0.450646 -0.010288 
-0.308016 -0.438111 -3.726830 0.169982 0.450549 -0.009306 
-0.306155 -0.447260 -3.924008 0.169769 0.450658 -0.007439 
-0.297014 -0.460484 -4.121740 0.169531 0.450715 -0.005359 
-0.294647 -0.462419 -4.382217 0.169533 0.451121 -0.002692 
-0.302724 -0.450286 -4.425253 0.170098 0.451287 -0.002090 
-0.305241 -0.450622 -4.292345 0.170730 0.451477 -0.002954 
-0.307801 -0.449412 -4.085526 0.171047 0.451272 -0.004709 
-0.316727 -0.436121 -3.888634 0.171285 0.451215 -0.006468 
-0.312470 -0.437969 -3.649200 0.171423 0.450668 -0.008941 
-0.304782 -0.441252 -3.596933 0.171080 0.450413 -0.009319 
-0.303573 -0.440203 -3.740477 0.170775 0.450044 -0.008468 
-0.300947 -0.456779 -3.935345 0.170027 0.449855 -0.007126 
-0.305949 -0.461454 -4.121573 0.169680 0.449917 -0.005460 
-0.311165 -0.466718 -4.379730 0.169493 0.450086 -0.003536 
-0.310458 -0.459171 -4.431792 0.169550 0.450283 -0.003045 
-0.311861 -0.451168 -4.298126 0.169919 0.450468 -0.004007 
-0.314509 -0.443712 -4.092541 0.170602 0.450842 -0.005559 
-0.323443 -0.439804 -3.897008 0.170935 0.451069 -0.006898 
-0.319759 -0.443278 -3.650007 0.171542 0.451005 -0.008735 
-0.319073 -0.434322 -3.609886 0.171443 0.450903 -0.008480 
-0.311170 -0.438710 -3.734339 0.171423 0.450865 -0.007408 
-0.301417 -0.451332 -3.940782 0.170869 0.450727 -0.005650 
-0.306225 -0.455804 -4.146119 0.170364 0.450693 -0.004318 
-0.305067 -0.463766 -4.392991 0.170161 0.450431 -0.002810 
-0.304350 -0.456713 -4.422046 0.170052 0.450719 -0.003262 
-0.311529 -0.445145 -4.296301 0.169961 0.451041 -0.004761 
-0.313412 -0.445116 -4.088405 0.170109 0.451117 -0.006838 
-0.322608 -0.449636 -3.892248 0.170383 0.451341 -0.008394 
-0.318010 -0.445103 -3.655725 0.170887 0.451371 -0.010022 
-0.318593 -0.436457 -3.627385 0.171267 0.451377 -0.009464 
-0.303395 -0.445184 -3.764466 0.171383 0.451385 -0.007550 
-0.301970 -0.453845 -3.952629 0.171334 0.451402 -0.005354 
-0.301210 -0.461820 -4.118861 0.171287 0.451228 -0.003781 
-0.299621 -0.469648 -4.367410 0.171086 0.450965 -0.001632 
-0.299170 -0.461145 -4.417489 0.170988 0.450876 -0.001776 
-0.306414 -0.447794 -4.301533 0.170750 0.450722 -0.003274 
-0.314943 -0.433968 -4.112512 0.170671 0.450470 -0.005675 
-0.316651 -0.432847 -3.904312 0.170667 0.450258 -0.007747 
-0.318327 -0.432358 -3.654834 0.170656 0.450231 -0.010106 
-0.311231 -0.437131 -3.613269 0.170624 0.450364 -0.010503 
-0.302919 -0.450503 -3.728683 0.170541 0.450510 -0.009000 
-0.301622 -0.451894 -3.916936 0.170703 0.450817 -0.006915 
-0.301030 -0.461353 -4.125894 0.170969 0.451034 -0.004745 
-0.292490 -0.466317 -4.386323 0.171114 0.451109 -0.002185 
-0.299346 -0.462236 -4.417794 0.171141 0.451164 -0.001782 
-0.300765 -0.444089 -4.293702 0.171422 0.450876 -0.002849 
-0.302889 -0.443368 -4.095899 0.171576 0.450764 -0.004932 
-0.310571 -0.429007 -3.898159 0.171340 0.450411 -0.006680 
-0.311683 -0.436276 -3.657607 0.170954 0.450185 -0.009257 
-0.311059 -0.435417 -3.605626 0.170636 0.449982 -0.009527 
-0.302088 -0.439826 -3.729536 0.170296 0.449935 -0.008450 
-0.299551 -0.450155 -3.925638 0.169913 0.450325 -0.006905 
-0.298322 -0.459771 -4.132376 0.169857 0.450535 -0.005371 
-0.296998 -0.462442 -4.382464 0.170174 0.451138 -0.003024 
-0.297770 -0.455144 -4.415121 0.170709 0.451440 -0.002524 
-0.299219 -0.455502 -4.281670 0.171020 0.451622 -0.003382 
-0.301234 -0.438323 -4.095513 0.171451 0.451615 -0.005045 
-0.317143 -0.436520 -3.899032 0.171444 0.451315 -0.006481 
-0.304686 -0.434308 -3.640284 0.171453 0.450806 -0.008506 
-0.311832 -0.437374 -3.609295 0.171265 0.450563 -0.008582 
-0.295573 -0.436474 -3.732399 0.170805 0.450181 -0.007711 
-0.300428 -0.449307 -3.937952 0.170241 0.450144 -0.006274 
-0.297931 -0.458613 -4.132910 0.169705 0.450247 -0.005044 
-0.310427 -0.459802 -4.390514 0.169543 0.450468 -0.003333 
-0.311026 -0.461420 -4.431563 0.169854 0.450860 -0.003378 
-0.312644 -0.453484 -4.297059 0.170223 0.451046 -0.004661 
-0.315069 -0.436576 -4.090954 0.170812 0.451135 -0.006311 
-0.317139 -0.437143 -3.906370 0.171278 0.451409 -0.007451 
-0.312646 -0.439060 -3.649505 0.171576 0.450956 -0.008948 
-0.313054 -0.429323 -3.620860 0.171804 0.450674 -0.008383 
-0.304807 -0.440913 -3.746062 0.171573 0.450344 -0.006880 
-0.295442 -0.444686 -3.943273 0.171242 0.450116 -0.004898 
-0.300459 -0.449097 -4.117426 0.170735 0.450079 -0.003861 
-0.305690 -0.454096 -4.363507 0.170388 0.450150 -0.002567 
-0.305267 -0.454842 -4.433215 0.170226 0.450251 -0.002947 
-0.312924 -0.451769 -4.306008 0.170075 0.450570 -0.004982 
-0.321806 -0.440124 -4.117598 0.170302 0.450894 -0.007397 
-0.323650 -0.441118 -3.910846 0.170603 0.451258 -0.009160 
-0.325962 -0.440471 -3.663588 0.170915 0.451237 -0.010883 
-0.319475 -0.435839 -3.604616 0.171270 0.451187 -0.010407 
-0.303451 -0.453152 -3.722259 0.171164 0.451279 -0.008048 
-0.302439 -0.452205 -3.912123 0.171343 0.451018 -0.005315 
-0.301207 -0.451813 -4.110163 0.171358 0.450850 -0.003230 
-0.306032 -0.455919 -4.368854 0.171019 0.450730 -0.000980 
-0.305627 -0.455777 -4.419148 0.170862 0.450638 -0.001019 
-0.298910 -0.442418 -4.301565 0.170632 0.450385 -0.003159 
-0.315159 -0.434035 -4.111674 0.170670 0.450470 -0.005996 
-0.316870 -0.442922 -3.912170 0.170596 0.450637 -0.008618 
-0.318714 -0.434139 -3.661638 0.170642 0.450613 -0.011404 
-0.311402 -0.438845 -3.620913 0.170611 0.450746 -0.011480 
-0.302828 -0.443789 -3.736951 0.170588 0.450894 -0.009760 
-0.308251 -0.448240 -3.926238 0.170564 0.450961 -0.007135 
-0.300351 -0.452526 -4.116120 0.170871 0.450936 -0.004516 
-0.298291 -0.461241 -4.367491 0.170825 0.450959 -0.001410 
-0.305588 -0.456800 -4.420292 0.171015 0.450925 -0.000705 
-0.306378 -0.448194 -4.295338 0.171069 0.450915 -0.001989 
-0.300973 -0.442856 -4.086636 0.171098 0.450655 -0.004273 
-0.316831 -0.433315 -3.897278 0.170985 0.450452 -0.006783 
-0.318111 -0.432290 -3.655672 0.170656 0.450230 -0.009785 
-0.310163 -0.437152 -3.612726 0.170303 0.450355 -0.010498 
-0.301408 -0.441629 -3.735798 0.169961 0.450310 -0.009742 
-0.299547 -0.450778 -3.932976 0.169748 0.450419 -0.007875 
-0.297646 -0.460951 -4.131299 0.169688 0.450816 -0.005693 
-0.310323 -0.462607 -4.381870 0.169844 0.451231 -0.003019 
-0.303792 -0.450264 -4.425796 0.170419 0.451295 -0.002096 
-0.297698 -0.446269 -4.293522 0.170765 0.451427 -0.002524 
-0.307059 -0.432489 -4.087613 0.171167 0.451276 -0.003955 
-0.309409 -0.431340 -3.911979 0.171486 0.451076 -0.005416 
-0.311776 -0.429406 -3.651502 0.171484 0.450669 -0.008083 
-0.304720 -0.433156 -3.608794 0.171299 0.450515 -0.008794 
-0.302681 -0.441316 -3.740239 0.170607 0.450323 -0.008469 
-0.300424 -0.449930 -3.945290 0.170076 0.450238 -0.007244 
-0.305201 -0.455032 -4.109350 0.169564 0.450389 -0.006201 
-0.310833 -0.460695 -4.377905 0.169535 0.450658 -0.004290 
-0.310590 -0.461909 -4.440579 0.169691 0.450953 -0.003706 
-0.310863 -0.445831 -4.318231 0.169958 0.451231 -0.004138 
-0.313120 -0.437216 -4.113180 0.170488 0.451316 -0.005363 
-0.322730 -0.432129 -3.918723 0.170990 0.451262 -0.006381 
-0.318654 -0.434445 -3.672256 0.171445 0.450910 -0.007890 
-0.319508 -0.433834 -3.600870 0.171606 0.450810 -0.008152 
-0.304599 -0.440453 -3.704479 0.171414 0.450241 -0.007162 
-0.295431 -0.445181 -3.920266 0.171076 0.450206 -0.005842 
-0.300449 -0.449591 -4.094418 0.170569 0.450169 -0.004805 
-0.298358 -0.450434 -4.371183 0.170258 0.450195 -0.003428 
-0.304630 -0.454998 -4.430995 0.169904 0.450244 -0.003583 
-0.312877 -0.443408 -4.305793 0.170134 0.450574 -0.005087 
-0.314961 -0.443711 -4.109134 0.170441 0.450749 -0.006856 
-0.316614 -0.443878 -3.914153 0.170750 0.450923 -0.007983 
-0.318664 -0.434804 -3.667519 0.171121 0.450905 -0.009490 
-0.312224 -0.438532 -3.608761 0.171417 0.450852 -0.008909 
-0.304717 -0.443455 -3.725342 0.171715 0.451009 -0.007194 
-0.303532 -0.451424 -3.923598 0.171670 0.450837 -0.005005 
-0.302127 -0.459949 -4.130031 0.171462 0.450759 -0.003466 
-0.300024 -0.460534 -4.346104 0.171149 0.450776 -0.002037 
-0.299385 -0.461212 -4.416651 0.170987 0.450877 -0.002096 
-0.307214 -0.439967 -4.310038 0.170965 0.450826 -0.004033 
-0.307594 -0.440448 -4.110616 0.170629 0.450987 -0.006433 
-0.316131 -0.436006 -3.922954 0.170645 0.451019 -0.008415 
-0.317592 -0.435449 -3.674315 0.170634 0.450991 -0.010454 
-0.317627 -0.443552 -3.613838 0.170574 0.450980 -0.010298 
-0.309440 -0.439647 -3.720644 0.170773 0.451039 -0.008354 
-0.301151 -0.452782 -3.919757 0.170858 0.451103 -0.005959 
-0.292815 -0.457557 -4.118655 0.171001 0.451170 -0.003667 
-0.291790 -0.457625 -4.358279 0.171175 0.451106 -0.001300 
-0.298867 -0.453740 -4.419257 0.171201 0.451166 -0.001244 
-0.300114 -0.444510 -4.303557 0.171259 0.450968 -0.002856 
-0.302230 -0.434405 -4.104396 0.171318 0.450572 -0.005359 
-0.310807 -0.428939 -3.915590 0.171180 0.450317 -0.007656 
-0.312523 -0.427426 -3.664968 0.171016 0.450002 -0.010331 
-0.311874 -0.427325 -3.602056 0.170692 0.449988 -0.010915 
-0.302688 -0.431667 -3.726805 0.170352 0.449941 -0.009517 
-0.293306 -0.445583 -3.914443 0.170109 0.450186 -0.007431 
-0.298470 -0.451613 -4.113052 0.170074 0.450634 -0.005141 
-0.296995 -0.452435 -4.373767 0.170244 0.450760 -0.002473 
-0.304515 -0.457445 -4.427088 0.170529 0.451011 -0.001669 
-0.305918 -0.449442 -4.293422 0.170899 0.451196 -0.002632 
-0.300451 -0.436007 -4.096581 0.171147 0.451038 -0.004390 
-0.309640 -0.431143 -3.899065 0.171325 0.450978 -0.006366 
-0.311140 -0.429563 -3.649281 0.171161 0.450663 -0.008720 
-0.310731 -0.428771 -3.596462 0.170843 0.450460 -0.009310 
-0.301800 -0.432157 -3.719228 0.170349 0.450127 -0.008548 
-0.292875 -0.445448 -3.916120 0.170111 0.450184 -0.006789 
-0.298557 -0.458951 -4.112123 0.169862 0.450343 -0.005351 
-0.303927 -0.456186 -4.381302 0.169893 0.450615 -0.003224 
-0.304310 -0.457737 -4.423189 0.170205 0.451006 -0.002948 
-0.312758 -0.446478 -4.309224 0.170594 0.451435 -0.004143 
-0.308166 -0.442074 -4.103048 0.171099 0.451470 -0.005796 
-0.310686 -0.441888 -3.897373 0.171570 0.451552 -0.007237 
-0.312775 -0.431790 -3.649595 0.171787 0.451247 -0.009058 
-0.313507 -0.438578 -3.608466 0.171737 0.450861 -0.009235 
-0.303904 -0.442520 -3.722816 0.171239 0.450714 -0.007825 
-0.302108 -0.449887 -3.929783 0.170879 0.450347 -0.005958 
-0.299635 -0.458434 -4.135673 0.170349 0.450261 -0.004412 
-0.304387 -0.454938 -4.383217 0.170063 0.450334 -0.002581 
-0.310203 -0.460127 -4.433774 0.169704 0.450570 -0.002409 
-0.318280 -0.447575 -4.338614 0.169782 0.450616 -0.003932 
-0.320292 -0.440275 -4.130808 0.170142 0.450983 -0.006120 
-0.322377 -0.440578 -3.934149 0.170449 0.451159 -0.007889 
-0.325322 -0.440398 -3.696451 0.170918 0.451239 -0.009946 
-0.319306 -0.444133 -3.605669 0.171212 0.451183 -0.009981 
-0.311576 -0.439603 -3.721730 0.171416 0.451055 -0.008365 
-0.302910 -0.451316 -3.909301 0.171188 0.450732 -0.006271 
-0.309006 -0.455210 -4.107004 0.171168 0.450613 -0.004295 
-0.306766 -0.463458 -4.365409 0.170804 0.450442 -0.002153 
-0.305447 -0.455309 -4.426182 0.170544 0.450444 -0.001983 
-0.313605 -0.449966 -4.299746 0.170409 0.450196 -0.003690 
-0.314379 -0.441726 -4.121439 0.170296 0.450271 -0.005893 
-0.315611 -0.442118 -3.923398 0.170281 0.450439 -0.007977 
-0.317240 -0.433267 -3.673705 0.170329 0.450415 -0.010442 
-0.324578 -0.446415 -3.601958 0.170228 0.450642 -0.010708 
-0.316372 -0.443398 -3.728179 0.170422 0.450893 -0.009105 
-0.307378 -0.448465 -3.906586 0.170401 0.451049 -0.006796 
-0.299089 -0.461600 -4.105699 0.170485 0.451113 -0.004400 
-0.296546 -0.462443 -4.365871 0.170335 0.451231 -0.001726 
-0.304084 -0.457311 -4.428765 0.170531 0.451010 -0.001027 
-0.305115 -0.448013 -4.313904 0.170589 0.450812 -0.002318 
-0.320517 -0.439096 -4.115292 0.170471 0.450796 -0.004501 
-0.315352 -0.433066 -3.916683 0.170506 0.450348 -0.006791 
-0.316828 -0.432245 -3.655968 0.170336 0.450221 -0.009459 
-0.317052 -0.431919 -3.612708 0.170175 0.450119 -0.010383 
-0.309124 -0.437066 -3.726229 0.170149 0.450270 -0.009626 
-0.300615 -0.450757 -3.933519 0.170069 0.450427 -0.007880 
-0.306646 -0.456433 -4.121434 0.170197 0.450784 -0.005904 
-0.304930 -0.457946 -4.372056 0.170361 0.451099 -0.003229 
-0.305363 -0.457979 -4.435808 0.170686 0.451113 -0.002324 
-0.299927 -0.453691 -4.324025 0.171195 0.451157 -0.002771 
-0.309523 -0.439091 -4.097863 0.171602 0.450814 -0.004182 
-0.303013 -0.424919 -3.911411 0.171535 0.450459 -0.005621 
-0.304513 -0.423338 -3.661627 0.171371 0.450144 -0.007975 
-0.311480 -0.435193 -3.608685 0.170959 0.449987 -0.008569 
-0.302941 -0.439737 -3.730918 0.170617 0.449943 -0.008134 
-0.300684 -0.448351 -3.935969 0.170087 0.449858 -0.006910 
-0.291667 -0.454928 -4.141129 0.169896 0.450300 -0.005911 
-0.297710 -0.460862 -4.389736 0.170024 0.450665 -0.003987 
-0.297442 -0.462834 -4.441478 0.170174 0.451148 -0.003718 
-0.306303 -0.441968 -4.329214 0.170792 0.451299 -0.004374 
-0.309024 -0.442113 -4.134776 0.171421 0.451481 -0.005507 
-0.310238 -0.432762 -3.940113 0.171637 0.451370 -0.006411 
-0.304854 -0.435791 -3.683010 0.171766 0.451197 -0.007909 
-0.305533 -0.434090 -3.611320 0.171774 0.450809 -0.008164 
-0.297448 -0.437258 -3.705122 0.171601 0.450479 -0.007060 
-0.287910 -0.449947 -3.910725 0.171046 0.450342 -0.005623 
-0.293585 -0.454065 -4.105369 0.170703 0.450217 -0.004604 
-0.290837 -0.455200 -4.361643 0.170228 0.450330 -0.003209 
-0.304308 -0.448481 -4.452177 0.170111 0.450726 -0.003393 
-0.305907 -0.441433 -4.337086 0.170474 0.451104 -0.005017 
-0.315056 -0.437593 -4.140714 0.170807 0.451332 -0.006678 
-0.316245 -0.429000 -3.935120 0.171016 0.451409 -0.007897 
-0.318343 -0.428286 -3.688701 0.171328 0.451387 -0.009299 
-0.312400 -0.439623 -3.609066 0.171570 0.451140 -0.008915 
-0.311412 -0.447274 -3.715445 0.171523 0.450957 -0.006969 
-0.302699 -0.450625 -3.902802 0.171354 0.450637 -0.004980 
-0.300877 -0.458751 -4.098837 0.170987 0.450459 -0.003428 
-0.299021 -0.458774 -4.355349 0.170681 0.450293 -0.002032 
-0.298598 -0.459519 -4.425057 0.170518 0.450393 -0.002412 
-0.306690 -0.446703 -4.317820 0.170437 0.450341 -0.004565 
-0.315155 -0.434658 -4.119012 0.170505 0.450564 -0.006967 
-0.323692 -0.430216 -3.931351 0.170521 0.450596 -0.008949 
-0.317872 -0.433734 -3.683264 0.170486 0.450516 -0.010775 
-0.317404 -0.434101 -3.613318 0.170480 0.450695 -0.010396 
-0.309922 -0.438264 -3.740830 0.170784 0.450663 -0.008367 
-0.301652 -0.450512 -3.920529 0.170874 0.450535 -0.005630 
-0.292946 -0.463248 -4.109244 0.170800 0.450499 -0.003222 
-0.298751 -0.459994 -4.369407 0.170994 0.450678 -0.000767 
-0.305828 -0.456109 -4.430385 0.171021 0.450737 -0.000711 
-0.306399 -0.448059 -4.313608 0.170910 0.450820 -0.002644 
-0.315555 -0.434570 -4.103801 0.170988 0.450665 -0.005354 
-0.317042 -0.434006 -3.903778 0.170819 0.450547 -0.008074 
-0.311196 -0.429027 -3.673746 0.170684 0.450375 -0.010660 
-0.310594 -0.437287 -3.611049 0.170301 0.450357 -0.011140 
-0.316451 -0.441351 -3.725891 0.170115 0.450319 -0.009735 
-0.299943 -0.451313 -3.925104 0.170065 0.450614 -0.007232 
-0.305389 -0.464884 -4.103675 0.169976 0.450867 -0.004818 
-0.304115 -0.466037 -4.375627 0.170305 0.451093 -0.001841 
-0.297195 -0.462544 -4.428784 0.170658 0.451246 -0.001142 
-0.305903 -0.449706 -4.305498 0.171058 0.451295 -0.002002 
-0.308421 -0.440265 -4.128810 0.171435 0.451098 -0.003888 
-0.310135 -0.439273 -3.950955 0.171432 0.450890 -0.005985 
-0.311850 -0.437760 -3.700333 0.171267 0.450576 -0.008660 
-0.312102 -0.436154 -3.595237 0.170951 0.450178 -0.009847 
-0.310499 -0.443825 -3.717666 0.170423 0.449894 -0.009193 
-0.301372 -0.456785 -3.903322 0.170025 0.449852 -0.007742 
-0.299463 -0.457574 -4.100285 0.169871 0.449965 -0.005980 
-0.297359 -0.467936 -4.360139 0.169813 0.450369 -0.003529 
-0.304623 -0.464647 -4.444429 0.170158 0.450627 -0.002535 
-0.313144 -0.460991 -4.341611 0.170494 0.450864 -0.003311 
-0.316033 -0.452843 -4.146119 0.171182 0.451050 -0.004869 
-0.310157 -0.448393 -3.940238 0.171367 0.451076 -0.006196 
-0.312638 -0.439453 -3.691927 0.171736 0.451059 -0.008344 
-0.313116 -0.437420 -3.608999 0.171585 0.450572 -0.008908 
-0.303991 -0.449858 -3.721888 0.171027 0.450424 -0.008035 
-0.302122 -0.449623 -3.917708 0.170719 0.450249 -0.006587 
-0.299650 -0.458170 -4.123598 0.170189 0.450163 -0.005042 
-0.297801 -0.467576 -4.381468 0.169977 0.450280 -0.003227 
-0.304011 -0.464045 -4.453140 0.169841 0.450431 -0.002857 
-0.312259 -0.452455 -4.327939 0.170072 0.450761 -0.004360 
-0.320957 -0.449367 -4.152658 0.170400 0.451179 -0.005720 
-0.316150 -0.444895 -3.947320 0.170905 0.451213 -0.007052 
-0.317811 -0.444670 -3.709917 0.171054 0.451285 -0.008783 
-0.311748 -0.440044 -3.618921 0.171407 0.451232 -0.008923 
-0.303865 -0.443544 -3.723960 0.171393 0.451001 -0.007510 
-0.309149 -0.455759 -3.890150 0.170992 0.450867 -0.005719 
-0.307569 -0.463194 -4.096278 0.170630 0.450502 -0.004173 
-0.305256 -0.463840 -4.343536 0.170319 0.450522 -0.002450 
-0.304231 -0.463489 -4.444963 0.170006 0.450338 -0.002208 
-0.311845 -0.442177 -4.339189 0.169985 0.450287 -0.003823 
-0.321008 -0.438072 -4.130741 0.170157 0.450415 -0.006113 
-0.322218 -0.429344 -3.943417 0.170208 0.450398 -0.007987 
-0.324746 -0.428765 -3.695321 0.170518 0.450378 -0.010031 
-0.318102 -0.442040 -3.603678 0.170585 0.450600 -0.010284 
-0.318527 -0.442467 -3.709851 0.171069 0.450717 -0.008775 
-0.302709 -0.450984 -3.898065 0.171029 0.450633 -0.006580 
-0.294009 -0.463849 -4.117126 0.170956 0.450601 -0.004198 
-0.292333 -0.464339 -4.366604 0.170967 0.450628 -0.001838 
-0.299435 -0.459694 -4.438514 0.171000 0.450499 -0.001467 
-0.307507 -0.447013 -4.313007 0.171077 0.450541 -0.002964 
-0.308781 -0.436503 -4.135472 0.170980 0.450048 -0.004839 
-0.317318 -0.432060 -3.947810 0.170996 0.450080 -0.006821 
-0.318167 -0.430901 -3.707882 0.170669 0.449857 -0.009182 
-0.318818 -0.439837 -3.603611 0.170600 0.450032 -0.010277 
-0.310258 -0.444517 -3.707573 0.170417 0.450082 -0.009187 
-0.301245 -0.450471 -3.905394 0.170391 0.450430 -0.007217 
-0.300628 -0.460689 -4.103421 0.170652 0.450835 -0.005362 
-0.299128 -0.462270 -4.353204 0.170815 0.451150 -0.003008 
-0.291348 -0.459259 -4.447401 0.171007 0.451399 -0.002021 
-0.300296 -0.445729 -4.334208 0.171412 0.451260 -0.002888 
-0.309269 -0.440799 -4.137530 0.171592 0.451199 -0.004543 
-0.311002 -0.438919 -3.940262 0.171594 0.450799 -0.006299 
-0.305221 -0.441414 -3.691031 0.171405 0.450431 -0.008440 
-0.304343 -0.431733 -3.597252 0.170987 0.450128 -0.009097 
-0.296286 -0.444150 -3.710684 0.170750 0.449987 -0.008229 
-0.301142 -0.456982 -3.916236 0.170186 0.449950 -0.006792 
-0.299449 -0.457838 -4.112361 0.170030 0.450063 -0.005350 
-0.297513 -0.459907 -4.371160 0.170031 0.450471 -0.003325 
-0.297083 -0.470301 -4.454303 0.170123 0.450955 -0.002656 
-0.306470 -0.466291 -4.340791 0.170621 0.451101 -0.003746 
-0.316248 -0.452910 -4.145280 0.171181 0.451051 -0.005189 
-0.311030 -0.448168 -3.959891 0.171529 0.450988 -0.006535 
-0.320232 -0.442288 -3.712614 0.171713 0.450732 -0.008144 
-0.306727 -0.440382 -3.609790 0.171729 0.450240 -0.008694 
-0.298225 -0.443151 -3.693194 0.171398 0.449810 -0.007578 
-0.303556 -0.454472 -3.888587 0.170844 0.449393 -0.006127 
-0.301668 -0.455124 -4.103821 0.170531 0.449411 -0.005020 
-0.298727 -0.465312 -4.350217 0.169991 0.449709 -0.003514 
-0.298248 -0.458090 -4.462132 0.170048 0.449916 -0.003396 
-0.305843 -0.446920 -4.346785 0.170116 0.450338 -0.004906 
-0.314992 -0.443080 -4.150412 0.170448 0.450565 -0.006567 
-0.317015 -0.435286 -3.965614 0.170974 0.450842 -0.007811 
-0.319159 -0.442933 -3.719410 0.171227 0.450818 -0.009109 
-0.312928 -0.446601 -3.629467 0.171522 0.450761 -0.008823 
-0.305217 -0.441184 -3.726114 0.171731 0.450440 -0.006866 
-0.303227 -0.457603 -3.923203 0.171306 0.450258 -0.004888 
-0.294078 -0.461443 -4.119575 0.170974 0.450031 -0.003228 
-0.299046 -0.458015 -4.366280 0.170687 0.450104 -0.001717 
-0.291536 -0.453783 -4.446419 0.170564 0.449968 -0.001995 
-0.299152 -0.442478 -4.349343 0.170473 0.450295 -0.004161 
-0.308579 -0.446802 -4.140271 0.170586 0.450421 -0.006668 
-0.316835 -0.434819 -3.972647 0.170656 0.450648 -0.008775 
-0.318712 -0.434661 -3.734406 0.170803 0.450720 -0.010826 
-0.319367 -0.442974 -3.622796 0.170899 0.450801 -0.010951 
-0.311831 -0.438648 -3.719747 0.171261 0.450768 -0.009001 
-0.303151 -0.450624 -3.919394 0.171194 0.450544 -0.006278 
-0.301750 -0.458526 -4.118489 0.171150 0.450372 -0.003768 
-0.307421 -0.462414 -4.348215 0.171132 0.450256 -0.001176 
-0.298853 -0.457710 -4.450819 0.170855 0.450022 -0.000504 
-0.299402 -0.440540 -4.344759 0.170808 0.449919 -0.002227 
-0.315259 -0.430999 -4.155401 0.170695 0.449716 -0.004738 
-0.317638 -0.429322 -3.955616 0.170695 0.449318 -0.007457 
-0.041887 -0.399826 -5.408053 0.172587 0.443291 -0.011445 
0.733110 -0.566408 -12.181508 0.178180 0.420271 -0.014367 
0.965731 -0.024703 -15.989828 0.175265 0.402373 -0.015544 
1.010372 0.422779 -18.625895 0.162194 0.384425 -0.016242 
1.553290 1.084557 -20.424539 0.139628 0.364869 -0.013105 
1.888195 1.518476 -21.446337 0.122851 0.349930 -0.005134 
1.956959 1.892595 -21.275800 0.110741 0.335428 0.001409 
1.648504 1.812191 -20.585922 0.095182 0.324045 0.000949 
1.308952 1.544917 -19.911094 0.078128 0.311728 -0.008573 
1.000302 1.301031 -19.533916 0.066578 0.294940 -0.023948 
0.705683 1.255249 -19.383327 0.064474 0.282002 -0.044124 
0.545868 1.358521 -19.569808 0.067366 0.277811 -0.059346 
0.368759 1.398269 -19.661660 0.076078 0.264082 -0.059803 
0.121812 1.440326 -19.789224 0.088953 0.249929 -0.045332 
0.024586 1.260896 -19.983205 0.106467 0.240979 -0.021177 
-0.178270 1.075152 -20.084129 0.126280 0.234387 0.004608 
-0.157099 0.757047 -19.792421 0.146714 0.230592 0.022471 
-0.054791 0.542530 -19.224301 0.163715 0.238257 0.029272 
0.129096 0.418466 -18.547380 0.179458 0.252046 0.025963 
0.218835 0.382327 -17.759980 0.188517 0.272324 0.015740 
0.223919 0.211747 -16.913236 0.187245 0.302282 0.000523 
0.122967 -0.039738 -16.194588 0.178110 0.339168 -0.015221 
0.092499 -0.298557 -15.474579 0.169123 0.378908 -0.028003 
0.230954 -0.587352 -14.754916 0.158418 0.419373 -0.035964 
0.465399 -0.747770 -13.997401 0.145777 0.460180 -0.037600 
0.681054 -0.929273 -13.271306 0.137648 0.497611 -0.026112 
0.650248 -1.004950 -12.424908 0.138964 0.529280 -0.003927 
0.464727 -1.136825 -11.529600 0.148476 0.558198 0.021517 
0.373577 -1.264883 -10.795399 0.159531 0.576621 0.042197 
0.341660 -1.525655 -10.033740 0.175961 0.586828 0.060604 
0.520034 -1.702201 -9.416769 0.195203 0.590912 0.066822 
0.764467 -1.872376 -8.895155 0.216789 0.584777 0.061994 
0.790194 -2.029605 -8.752968 0.237395 0.574284 0.048454 
0.781171 -2.089129 -8.602269 0.258666 0.562150 0.027682 
0.559115 -2.043114 -8.506234 0.279112 0.549549 0.005649 
0.389334 -2.001574 -8.594337 0.297638 0.537754 -0.014595 
0.224391 -1.955385 -8.604128 0.310084 0.530115 -0.033869 
0.029107 -2.007912 -8.371714 0.316501 0.523471 -0.048930 
-0.098891 -1.998594 -8.005752 0.316796 0.519334 -0.056820 
-0.149240 -1.980384 -7.494073 0.309315 0.517220 -0.057309 
-0.236999 -1.949192 -6.893536 0.294829 0.515361 -0.052144 
-0.238738 -1.873050 -6.414451 0.276052 0.515516 -0.044346 
-0.280110 -1.754026 -6.148219 0.256602 0.515423 -0.035945 
-0.293650 -1.634469 -6.047591 0.236858 0.514770 -0.029928 
-0.258760 -1.551381 -6.060155 0.218818 0.514345 -0.028450 
-0.251281 -1.513857 -6.175427 0.204949 0.511623 -0.029151 
-0.277549 -1.520874 -6.135626 0.197331 0.506714 -0.031199 
-0.306477 -1.471168 -5.941007 0.195567 0.502599 -0.034262 
-0.376860 -1.355892 -5.744350 0.200831 0.498341 -0.034824 
-0.440266 -1.214681 -5.554798 0.211106 0.493105 -0.032015 
-0.496544 -1.125739 -5.399962 0.223270 0.488379 -0.028970 
-0.556910 -1.128693 -5.397411 0.233988 0.484523 -0.025117 
-0.537710 -1.218590 -5.559100 0.243829 0.479904 -0.020135 
-0.471522 -1.291720 -5.782094 0.250602 0.475919 -0.016878 
-0.403921 -1.330442 -6.008959 0.252955 0.473552 -0.016992 
-0.327592 -1.309568 -6.203225 0.251067 0.471803 -0.018928 
-0.327362 -1.245980 -6.162519 0.245887 0.470180 -0.023059 
-0.291387 -1.179862 -5.786226 0.236386 0.468922 -0.028666 
-0.238282 -1.106955 -5.325732 0.223080 0.470208 -0.033099 
-0.172725 -1.011044 -4.834758 0.209941 0.473333 -0.033875 
-0.132804 -0.859400 -4.407648 0.198467 0.479741 -0.030776 
-0.206148 -0.713756 -4.197640 0.187860 0.488320 -0.022750 
-0.346550 -0.589175 -4.239085 0.176597 0.498260 -0.011196 
-0.423629 -0.521204 -4.374849 0.166427 0.505167 0.000804 
-0.463313 -0.468125 -4.523561 0.157784 0.507977 0.009163 
-0.393805 -0.427752 -4.746401 0.151370 0.507919 0.013373 
-0.324667 -0.361179 -4.792352 0.148832 0.502207 0.013675 
-0.334210 -0.282345 -4.596126 0.149542 0.489562 0.012829 
-0.393002 -0.194438 -4.393768 0.151415 0.474879 0.012966 
-0.484022 -0.119391 -4.209583 0.155112 0.456219 0.015245 
-0.556742 -0.062757 -3.995427 0.159332 0.436845 0.017327 
-0.561877 0.019587 -3.857202 0.162331 0.415771 0.018317 
-0.510756 0.071912 -3.888754 0.161781 0.397458 0.016488 
-0.473480 0.149066 -3.961189 0.159789 0.382310 0.011726 
-0.446808 0.209209 -4.003927 0.154287 0.373623 0.005248 
-0.437379 0.280947 -4.066510 0.143871 0.370703 0.001554 
-0.455290 0.351743 -3.963094 0.130530 0.370632 0.002089 
-0.459980 0.437687 -3.614152 0.115361 0.373507 0.006693 
-0.459433 0.545822 -3.262905 0.099062 0.380567 0.014816 
-0.422223 0.678434 -2.948357 0.083762 0.388825 0.024603 
-0.353474 0.736062 -2.564667 0.070201 0.394719 0.033880 
-0.329353 0.713749 -2.324867 0.059757 0.399670 0.041788 
-0.322543 0.619108 -2.395493 0.055560 0.404760 0.047805 
-0.332964 0.529712 -2.595904 0.059917 0.408565 0.051349 
-0.315113 0.466928 -2.868409 0.070747 0.412867 0.050984 
-0.274133 0.418099 -3.247723 0.085389 0.418650 0.046170 
-0.243578 0.313465 -3.532479 0.107823 0.424755 0.034752 
-0.246757 0.131589 -3.535982 0.131929 0.430445 0.019235 
-0.257646 -0.038922 -3.494305 0.154498 0.437522 0.002910 
-0.258197 -0.158205 -3.411204 0.172452 0.443299 -0.010486 
-0.244704 -0.230799 -3.228397 0.184632 0.446879 -0.019163 
-0.242144 -0.306451 -3.204710 0.190526 0.450274 -0.020911 
-0.261851 -0.450723 -3.359607 0.189990 0.452006 -0.015967 
-0.250722 -0.610336 -3.473050 0.184061 0.451117 -0.007668 
-0.188859 -0.712481 -3.454070 0.173096 0.447000 0.000127 
-0.094505 -0.749620 -3.501859 0.159394 0.444021 0.004273 
-0.043555 -0.731764 -3.432193 0.150704 0.444314 0.002750 
-0.026540 -0.703854 -3.244547 0.150413 0.447707 -0.003118 
-0.038725 -0.752751 -3.081363 0.154386 0.453764 -0.010526 
-0.060081 -0.831462 -2.928589 0.158626 0.459970 -0.018067 
-0.118241 -0.966404 -2.745026 0.163414 0.463537 -0.026011 
-0.206117 -1.019036 -2.782571 0.171509 0.466526 -0.032757 
-0.214882 -1.074979 -2.994823 0.182050 0.467941 -0.036352 
-0.228064 -1.145873 -3.170850 0.192324 0.464694 -0.037829 
-0.238918 -1.209668 -3.364374 0.198957 0.458469 -0.037728 
-0.260673 -1.171181 -3.724551 0.203581 0.450766 -0.034247 
-0.306540 -1.061693 -3.944601 0.206758 0.440184 -0.028739 
-0.326457 -0.961214 -3.942091 0.206178 0.429665 -0.024491 
-0.353178 -0.903325 -3.832537 0.198216 0.419145 -0.021452 
-0.324924 -0.885277 -3.562921 0.189029 0.411062 -0.020986 
-0.337912 -0.835533 -3.229220 0.181805 0.404706 -0.023072 
-0.242589 -0.708571 -2.936078 0.170202 0.401541 -0.026316 
-0.190565 -0.558950 -2.931672 0.156977 0.403417 -0.026825 
-0.169072 -0.396242 -3.028927 0.146884 0.408890 -0.021711 
-0.210719 -0.366674 -3.270858 0.141450 0.417941 -0.011309 
-0.244005 -0.429684 -3.553309 0.137463 0.427195 0.001783 
-0.289391 -0.561041 -3.735371 0.133142 0.435622 0.011516 
-0.321424 -0.582998 -3.732793 0.133124 0.443778 0.013885 
-0.316167 -0.524013 -3.635710 0.140923 0.451408 0.009928 
-0.311662 -0.476868 -3.496433 0.153620 0.456642 0.002203 
-0.310280 -0.525190 -3.319182 0.165160 0.460411 -0.007748 
-0.349113 -0.578192 -3.345607 0.175530 0.463245 -0.016449 
-0.418302 -0.623956 -3.625344 0.186431 0.464330 -0.021491 
-0.476693 -0.664253 -3.978470 0.195777 0.462868 -0.024396 
-0.503892 -0.735265 -4.302117 0.199459 0.460395 -0.027086 
-0.467615 -0.789216 -4.583984 0.199439 0.456521 -0.027736 
-0.428253 -0.741634 -4.646625 0.199163 0.450540 -0.026413 
-0.383065 -0.646423 -4.455752 0.195837 0.444406 -0.022983 
-0.384199 -0.564318 -4.213118 0.187407 0.438678 -0.016546 
-0.412373 -0.501216 -3.904210 0.176575 0.432742 -0.006695 
-0.426927 -0.459815 -3.586070 0.166240 0.428040 0.003024 
-0.352619 -0.483910 -3.362820 0.156303 0.423363 0.009730 
-0.316169 -0.535413 -3.358642 0.145999 0.420011 0.011190 
-0.186490 -0.481502 -3.428754 0.139384 0.419117 0.007503 
-0.189611 -0.362345 -3.565279 0.139259 0.421492 0.001729 
-0.210484 -0.235148 -3.783809 0.143203 0.425260 -0.002580 
-0.238092 -0.244042 -3.976463 0.146504 0.430735 -0.005110 
-0.294240 -0.271545 -4.032916 0.150133 0.437058 -0.005722 
-0.305437 -0.279203 -4.018530 0.156336 0.443743 -0.004166 
-0.301180 -0.239915 -3.985846 0.163198 0.451295 -0.002274 
-0.292879 -0.233236 -3.885277 0.168060 0.458502 -0.001805 
-0.270710 -0.187570 -3.833137 0.171280 0.465251 -0.001010 
-0.237143 -0.161196 -3.962876 0.173738 0.471562 0.003926 
-0.233044 -0.101094 -4.207839 0.174656 0.476869 0.011495 
-0.196622 -0.113032 -4.395806 0.170906 0.479992 0.019713 
-0.198344 -0.193580 -4.655472 0.163763 0.481250 0.026628 
-0.144590 -0.249126 -4.678837 0.158101 0.481132 0.027526 
-0.135980 -0.288706 -4.507113 0.156048 0.481302 0.021251 
-0.117575 -0.306006 -4.226751 0.156722 0.481010 0.010432 
-0.176281 -0.310878 -4.007803 0.159210 0.482134 -0.001333 
-0.209836 -0.317632 -3.798456 0.162826 0.481657 -0.010104 
-0.295304 -0.388233 -3.667410 0.167578 0.478472 -0.016700 
-0.326903 -0.466030 -3.808768 0.170717 0.476863 -0.019025 
-0.313019 -0.559681 -4.065965 0.174904 0.473705 -0.020384 
-0.332870 -0.605984 -4.255148 0.179886 0.467259 -0.020780 
-0.317599 -0.626887 -4.474776 0.183462 0.460583 -0.020204 
-0.315465 -0.609417 -4.624463 0.185208 0.453910 -0.017916 
-0.327047 -0.573791 -4.546871 0.186583 0.445115 -0.012931 
-0.354469 -0.534614 -4.412827 0.186845 0.436715 -0.005523 
-0.408186 -0.536234 -4.324679 0.184716 0.431256 0.001403 
-0.447932 -0.548449 -4.155167 0.182031 0.426153 0.004645 
-0.468342 -0.573414 -4.005071 0.179749 0.422911 0.003227 
-0.428993 -0.605888 -4.067883 0.177455 0.423093 -0.002385 
-0.377083 -0.618662 -4.115357 0.175947 0.424528 -0.010576 
-0.343730 -0.604555 -4.217275 0.175100 0.428888 -0.017880 
-0.295574 -0.604508 -4.362243 0.175451 0.434876 -0.021296 
-0.316754 -0.625278 -4.505213 0.175775 0.442397 -0.021623 
-0.324375 -0.673068 -4.441270 0.176711 0.450649 -0.020194 
-0.354330 -0.691896 -4.310573 0.178477 0.459256 -0.017640 
-0.356664 -0.697475 -4.150123 0.180351 0.466524 -0.014829 
-0.365480 -0.668117 -3.943690 0.181502 0.472312 -0.013436 
-0.341868 -0.630292 -3.846502 0.181612 0.477794 -0.012223 
-0.313459 -0.555153 -4.009158 0.182485 0.481101 -0.008844 
-0.284867 -0.518822 -4.192766 0.181965 0.481428 -0.004158 
-0.229863 -0.534583 -4.390698 0.179004 0.480875 -0.000211 
-0.205625 -0.553065 -4.627065 0.175849 0.478915 0.003186 
-0.177654 -0.551766 -4.763082 0.175563 0.476256 0.005141 
-0.180349 -0.534658 -4.662086 0.177287 0.473018 0.004388 
-0.204192 -0.506119 -4.467317 0.178912 0.470206 0.002752 
-0.228734 -0.498481 -4.253408 0.180230 0.466335 0.001783 
-0.282400 -0.506638 -3.977151 0.181255 0.462366 0.000439 
-0.306244 -0.535060 -3.839232 0.181840 0.458959 -0.002104 
-0.327087 -0.599273 -3.909373 0.181059 0.455827 -0.005681 
-0.324982 -0.658476 -4.004665 0.179525 0.452249 -0.010763 
-0.332560 -0.652934 -4.116570 0.177316 0.449245 -0.016685 
-0.323914 -0.631004 -4.284568 0.175234 0.446336 -0.020615 
-0.333927 -0.584021 -4.368806 0.172834 0.442704 -0.021340 
-0.355591 -0.543229 -4.276155 0.169892 0.438843 -0.019546 
-0.373042 -0.505311 -4.140045 0.166610 0.435907 -0.014827 
-0.372531 -0.477620 -3.970614 0.164551 0.432460 -0.008168 
-0.375262 -0.465022 -3.769230 0.163667 0.430744 -0.003026 
-0.337860 -0.458149 -3.656913 0.163893 0.430190 0.000397 
-0.330223 -0.443044 -3.747382 0.165133 0.431789 0.003077 
-0.288663 -0.406020 -3.919287 0.167836 0.435083 0.004796 
-0.271106 -0.405517 -4.119429 0.171231 0.440254 0.005051 
-0.266436 -0.426076 -4.387809 0.174152 0.446468 0.004484 
-0.275666 -0.458013 -4.518528 0.176654 0.453516 0.001883 
-0.300360 -0.489130 -4.438775 0.178820 0.460447 -0.003426 
-0.315380 -0.495760 -4.264213 0.180034 0.466444 -0.009370 
-0.312081 -0.507340 -4.039596 0.179937 0.471539 -0.014172 
-0.319084 -0.493660 -3.794379 0.178245 0.474514 -0.017825 
-0.314592 -0.485606 -3.646983 0.175241 0.475704 -0.017986 
-0.292520 -0.481234 -3.709046 0.171431 0.475559 -0.014977 
-0.278236 -0.484126 -3.864941 0.167412 0.474047 -0.010745 
-0.260737 -0.471412 -4.032614 0.164469 0.471757 -0.006525 
-0.255914 -0.453124 -4.254658 0.163169 0.469187 -0.001940 
-0.263348 -0.418435 -4.373783 0.162937 0.465739 0.001447 
-0.290849 -0.388860 -4.286433 0.163611 0.461633 0.002858 
-0.312310 -0.367486 -4.116856 0.164066 0.456418 0.004030 
-0.344239 -0.375705 -3.945317 0.164950 0.451261 0.004113 
-0.358861 -0.398520 -3.687262 0.165898 0.444335 0.002137 
-0.365554 -0.437112 -3.558763 0.166585 0.438032 -0.000603 
-0.369910 -0.463628 -3.603324 0.167206 0.432794 -0.003068 
-0.380430 -0.479002 -3.757026 0.167585 0.427808 -0.006263 
-0.380079 -0.493783 -3.921046 0.167331 0.423704 -0.009040 
-0.399289 -0.509988 -4.118601 0.167218 0.421178 -0.010792 
-0.407586 -0.503132 -4.255654 0.166947 0.420298 -0.012392 
-0.427401 -0.493925 -4.177998 0.166352 0.421190 -0.014574 
-0.437411 -0.469867 -4.010251 0.165861 0.423728 -0.016479 
-0.437578 -0.445465 -3.816823 0.165376 0.427346 -0.016659 
-0.427940 -0.419696 -3.596571 0.164745 0.431755 -0.015430 
-0.407794 -0.408501 -3.473520 0.163701 0.436676 -0.011716 
-0.407055 -0.378790 -3.590803 0.162949 0.442257 -0.005422 
-0.377230 -0.355623 -3.810908 0.162014 0.447169 0.001541 
-0.357250 -0.342055 -4.027706 0.161166 0.451282 0.007224 
-0.318487 -0.339780 -4.261019 0.160572 0.454876 0.011281 
-0.293222 -0.346388 -4.406133 0.160706 0.457492 0.012193 
-0.267697 -0.337568 -4.320590 0.162062 0.459405 0.009439 
-0.268331 -0.347737 -4.139198 0.163907 0.460903 0.004612 
-0.278990 -0.367974 -3.947465 0.166157 0.461797 -0.000530 
-0.284530 -0.381706 -3.724522 0.168776 0.462079 -0.006178 
-0.289126 -0.412073 -3.615512 0.171124 0.462269 -0.010746 
-0.282850 -0.436715 -3.703489 0.172727 0.461937 -0.013103 
-0.272652 -0.444262 -3.875623 0.173653 0.461504 -0.013799 
-0.273850 -0.464687 -4.040474 0.173518 0.460190 -0.012644 
-0.272056 -0.465129 -4.250891 0.172887 0.458108 -0.009146 
-0.273679 -0.483941 -4.369801 0.170835 0.455456 -0.004798 
-0.288995 -0.473377 -4.262603 0.168327 0.451922 -0.001192 
-0.297983 -0.450382 -4.072371 0.166067 0.448433 0.001520 
-0.303191 -0.439425 -3.889891 0.164367 0.444719 0.002928 
-0.319324 -0.443955 -3.651438 0.163351 0.441734 0.001785 
-0.324534 -0.467985 -3.533190 0.163174 0.439252 -0.000559 
-0.338836 -0.483174 -3.619877 0.164029 0.437633 -0.002777 
-0.332643 -0.506420 -3.808680 0.165486 0.436839 -0.005213 
-0.327147 -0.524645 -3.997344 0.167459 0.436911 -0.008093 
-0.315379 -0.558611 -4.251442 0.170132 0.437806 -0.009769 
-0.325999 -0.581463 -4.374931 0.173345 0.439324 -0.011342 
-0.335130 -0.589053 -4.283414 0.176333 0.441381 -0.013587 
-0.339430 -0.579753 -4.112010 0.178314 0.443496 -0.014670 
-0.340538 -0.579279 -3.932997 0.179592 0.445777 -0.014348 
-0.329825 -0.574411 -3.722643 0.179620 0.447972 -0.013549 
-0.307966 -0.575019 -3.636256 0.178819 0.450392 -0.011348 
-0.289170 -0.581301 -3.753587 0.177022 0.453050 -0.008131 
-0.270234 -0.573030 -3.951738 0.175492 0.456203 -0.005201 
-0.260351 -0.558952 -4.126805 0.174158 0.458938 -0.003425 
-0.243874 -0.535067 -4.373695 0.173381 0.462312 -0.001723 
-0.251778 -0.521893 -4.538569 0.172994 0.465362 -0.000600 
-0.249171 -0.505638 -4.457551 0.173264 0.467730 -0.000877 
-0.264010 -0.509928 -4.284821 0.173697 0.469051 -0.001396 
-0.286119 -0.513591 -4.070332 0.173647 0.469173 -0.001964 
-0.289763 -0.525056 -3.842480 0.173714 0.467916 -0.003799 
-0.286895 -0.537627 -3.674662 0.173620 0.465759 -0.005779 
-0.277357 -0.541242 -3.752027 0.173446 0.462161 -0.006876 
-0.280224 -0.547415 -3.890395 0.172928 0.459231 -0.007706 
-0.276774 -0.554896 -4.069688 0.172407 0.455496 -0.008348 
-0.286771 -0.545786 -4.312547 0.171999 0.451875 -0.007967 
-0.311366 -0.545886 -4.464836 0.171673 0.448626 -0.007411 
-0.337301 -0.539243 -4.400904 0.171703 0.445931 -0.008394 
-0.363124 -0.524747 -4.216517 0.171944 0.443510 -0.009064 
-0.380970 -0.515643 -4.013336 0.172149 0.441412 -0.009187 
-0.376614 -0.503493 -3.790357 0.172388 0.439539 -0.009188 
-0.375621 -0.489436 -3.630692 0.171999 0.438275 -0.007847 
-0.372273 -0.486927 -3.697781 0.171380 0.437693 -0.004992 
-0.352579 -0.496067 -3.875950 0.170373 0.437771 -0.002133 
-0.333161 -0.500410 -4.050921 0.169559 0.438711 -0.000675 
-0.321189 -0.512792 -4.284102 0.168846 0.440566 -0.000353 
-0.333251 -0.507390 -4.411238 0.168881 0.443344 -0.002314 
-0.332515 -0.494147 -4.320222 0.169126 0.446288 -0.006449 
-0.346914 -0.473857 -4.147766 0.169730 0.449713 -0.010952 
-0.345079 -0.469770 -3.948257 0.169906 0.453015 -0.013929 
-0.344422 -0.471487 -3.721609 0.170362 0.455749 -0.015812 
-0.326810 -0.462990 -3.582682 0.170584 0.458002 -0.014969 
-0.300219 -0.472777 -3.673354 0.170374 0.459457 -0.011313 
-0.273848 -0.472652 -3.850264 0.170561 0.460551 -0.005905 
-0.262128 -0.461834 -4.046789 0.170656 0.461085 -0.000608 
-0.250943 -0.458124 -4.294061 0.170703 0.461245 0.004756 
-0.248594 -0.448641 -4.453659 0.170620 0.460974 0.007737 
-0.271852 -0.441630 -4.369527 0.170651 0.460361 0.006640 
-0.289817 -0.437133 -4.197148 0.170503 0.459214 0.002945 
-0.300545 -0.435918 -3.989096 0.169851 0.457719 -0.002425 
-0.313527 -0.450724 -3.728062 0.169403 0.456033 -0.008830 
-0.311537 -0.464052 -3.582497 0.168982 0.453879 -0.013720 
-0.306539 -0.468711 -3.648807 0.168475 0.451648 -0.015032 
-0.314059 -0.481654 -3.813868 0.167908 0.449521 -0.013430 
-0.306960 -0.494027 -3.984556 0.167676 0.447297 -0.009907 
-0.305393 -0.503297 -4.188155 0.167304 0.445406 -0.005340 
-0.325641 -0.500349 -4.341479 0.167163 0.443762 -0.000730 
-0.347739 -0.488746 -4.274618 0.167070 0.442100 0.001069 
-0.363500 -0.475214 -4.110412 0.166987 0.440949 0.000480 
-0.372793 -0.467545 -3.921540 0.166865 0.440126 -0.001811 
-0.368989 -0.469392 -3.698699 0.166842 0.439486 -0.005581 
-0.364512 -0.473070 -3.577895 0.166812 0.439238 -0.009122 
-0.351615 -0.484192 -3.665616 0.167066 0.439726 -0.010713 
-0.346172 -0.502629 -3.869636 0.167913 0.441048 -0.010922 
-0.340976 -0.506166 -4.078573 0.169508 0.442956 -0.009754 
-0.336214 -0.518992 -4.322275 0.171522 0.445158 -0.007235 
-0.330408 -0.516847 -4.475414 0.173637 0.447922 -0.004533 
-0.317633 -0.511033 -4.411198 0.175608 0.450891 -0.003468 
-0.318000 -0.513521 -4.221320 0.176864 0.453929 -0.003468 
-0.316677 -0.515924 -4.016603 0.177317 0.456853 -0.004728 
-0.313899 -0.517421 -3.776794 0.176971 0.459471 -0.007230 
-0.301740 -0.513279 -3.637063 0.175872 0.461561 -0.009690 
-0.286886 -0.508232 -3.702702 0.174150 0.463280 -0.010703 
-0.279021 -0.505446 -3.893514 0.172415 0.464494 -0.010316 
-0.277905 -0.495081 -4.117942 0.170571 0.464904 -0.008550 
-0.280318 -0.490545 -4.315479 0.169648 0.464763 -0.006021 
-0.290629 -0.485619 -4.515899 0.168725 0.463532 -0.002301 
-0.291504 -0.477195 -4.428550 0.168621 0.461525 -0.000591 
-0.303551 -0.462536 -4.228164 0.169352 0.459104 0.000032 
-0.303241 -0.454431 -4.004675 0.170204 0.456111 -0.000503 
-0.297710 -0.466219 -3.747867 0.171078 0.452779 -0.002195 
-0.298848 -0.483858 -3.580682 0.171750 0.449788 -0.004394 
-0.298340 -0.501458 -3.638824 0.172114 0.446628 -0.005493 
-0.310425 -0.522965 -3.818966 0.172288 0.444432 -0.006383 
-0.321552 -0.538111 -4.018070 0.172347 0.442711 -0.007720 
-0.336660 -0.542303 -4.258342 0.171840 0.441411 -0.008439 
-0.343270 -0.544516 -4.416997 0.171186 0.440711 -0.009308 
-0.356582 -0.525390 -4.340918 0.170505 0.440129 -0.010719 
-0.346761 -0.504082 -4.135495 0.169846 0.440134 -0.011276 
-0.342996 -0.495775 -3.924050 0.169092 0.440370 -0.010226 
-0.330678 -0.477521 -3.673195 0.168411 0.441310 -0.008826 
-0.324415 -0.473541 -3.526770 0.167631 0.442686 -0.006237 
-0.295965 -0.467944 -3.597121 0.167208 0.444514 -0.002451 
-0.289933 -0.453150 -3.799045 0.167325 0.447191 0.000889 
-0.286123 -0.456280 -4.017162 0.167636 0.450065 0.002487 
-0.283382 -0.460141 -4.273507 0.168103 0.453046 0.003083 
-0.297666 -0.471810 -4.444580 0.168823 0.455936 0.001925 
-0.300358 -0.471658 -4.375199 0.169619 0.457947 -0.002018 
-0.304852 -0.477750 -4.192464 0.170526 0.459473 -0.006720 
-0.302761 -0.485850 -3.991944 0.171583 0.460473 -0.010547 
-0.301471 -0.498332 -3.752744 0.172607 0.460517 -0.013581 
-0.283859 -0.501066 -3.610823 0.173556 0.460182 -0.014223 
-0.285045 -0.506897 -3.679460 0.174162 0.459629 -0.011606 
-0.284955 -0.503455 -3.873154 0.174680 0.458805 -0.007587 
-0.276368 -0.512267 -4.086183 0.174637 0.457823 -0.003579 
-0.280213 -0.513102 -4.327366 0.174000 0.456932 -0.000013 
-0.299114 -0.513496 -4.481138 0.173031 0.455939 0.001384 
-0.304128 -0.487172 -4.383152 0.171762 0.454533 -0.000202 
-0.310948 -0.477101 -4.180509 0.170533 0.453019 -0.003098 
-0.318458 -0.465585 -3.966866 0.169313 0.451126 -0.006302 
-0.325498 -0.454958 -3.756046 0.168248 0.449519 -0.008549 
-0.332532 -0.457685 -3.578145 0.166932 0.447052 -0.009637 
-0.332446 -0.467535 -3.661827 0.166387 0.445244 -0.008183 
-0.339573 -0.475614 -3.807936 0.166174 0.444071 -0.006364 
-0.342661 -0.487201 -4.027849 0.166908 0.442689 -0.004085 
-0.345182 -0.493586 -4.266191 0.167678 0.442072 -0.002580 
-0.348194 -0.493967 -4.390042 0.168645 0.442112 -0.002379 
-0.346859 -0.499260 -4.326508 0.170051 0.442377 -0.004389 
-0.344508 -0.489053 -4.148261 0.171238 0.443005 -0.007474 
-0.341353 -0.496551 -3.939859 0.172139 0.443903 -0.010326 
-0.343505 -0.501374 -3.742199 0.172735 0.445224 -0.012756 
-0.335490 -0.493784 -3.588514 0.172945 0.446583 -0.013606 
-0.324887 -0.487932 -3.665799 0.173156 0.448343 -0.011442 
-0.310940 -0.490331 -3.856554 0.172514 0.449998 -0.007970 
-0.311129 -0.484573 -4.078227 0.171922 0.451760 -0.004307 
-0.304407 -0.474928 -4.310636 0.171524 0.453573 -0.000549 
-0.291493 -0.478559 -4.467995 0.171031 0.455514 0.001659 
-0.281033 -0.464752 -4.395098 0.170807 0.457347 0.000958 
-0.280720 -0.453717 -4.216175 0.170873 0.458850 -0.001690 
-0.281577 -0.458988 -3.995804 0.170983 0.460252 -0.004739 
-0.284453 -0.461214 -3.755655 0.171434 0.460902 -0.007766 
-0.292756 -0.457591 -3.588247 0.171445 0.461126 -0.009768 
-0.292712 -0.472721 -3.659996 0.171182 0.460651 -0.009290 
-0.298543 -0.481771 -3.856160 0.170644 0.459666 -0.007512 
-0.298290 -0.491309 -4.072997 0.170108 0.457685 -0.005526 
-0.305344 -0.496014 -4.300212 0.169603 0.455568 -0.003438 
-0.299284 -0.499970 -4.424070 0.169266 0.453248 -0.002227 
-0.309671 -0.485868 -4.360575 0.169197 0.450734 -0.002995 
-0.328473 -0.484500 -4.183455 0.169188 0.448353 -0.004638 
-0.325676 -0.471304 -3.976469 0.169434 0.446108 -0.006257 
-0.330378 -0.463355 -3.739103 0.169798 0.444196 -0.007965 
-0.341761 -0.470020 -3.585382 0.170219 0.442817 -0.008792 
-0.328565 -0.476067 -3.649333 0.170510 0.442159 -0.007774 
-0.335158 -0.487569 -3.826159 0.170436 0.441846 -0.005995 
-0.340793 -0.492711 -4.021946 0.170246 0.442008 -0.004661 
-0.344851 -0.500538 -4.258840 0.169879 0.442833 -0.003047 
-0.334254 -0.509151 -4.401993 0.169349 0.443828 -0.002319 
-0.332949 -0.506389 -4.336788 0.169203 0.445241 -0.003992 
-0.331614 -0.503736 -4.157537 0.168890 0.446733 -0.006531 
-0.331471 -0.493663 -3.948573 0.169108 0.448519 -0.009160 
-0.331522 -0.483792 -3.720500 0.169485 0.450401 -0.011454 
-0.324147 -0.486053 -3.577733 0.169947 0.452145 -0.012218 
-0.314828 -0.480247 -3.654722 0.170478 0.453914 -0.010380 
-0.304804 -0.490384 -3.855737 0.170744 0.455403 -0.007468 
-0.295376 -0.492132 -4.089103 0.171392 0.456907 -0.004049 
-0.278531 -0.495842 -4.321573 0.171710 0.457783 -0.000726 
-0.284659 -0.494878 -4.468300 0.172042 0.458615 0.000850 
-0.278315 -0.482711 -4.397341 0.172449 0.458757 0.000586 
-0.280881 -0.481631 -4.220869 0.172767 0.458557 -0.001195 
-0.283648 -0.471104 -4.011852 0.172989 0.458069 -0.003691 
-0.294046 -0.472269 -3.800731 0.172963 0.457341 -0.006826 
-0.303239 -0.481118 -3.631398 0.172565 0.456417 -0.009242 
-0.303677 -0.485087 -3.679553 0.172058 0.455180 -0.009799 
-0.296019 -0.502496 -3.842282 0.171468 0.454089 -0.009173 
-0.302105 -0.510590 -4.036464 0.170776 0.452818 -0.008030 
-0.308154 -0.509828 -4.253439 0.170308 0.451459 -0.006048 
-0.307126 -0.512952 -4.409435 0.169815 0.450041 -0.004122 
-0.306817 -0.498595 -4.318878 0.169430 0.448599 -0.003480 
-0.321705 -0.485288 -4.135020 0.169185 0.447535 -0.003730 
-0.322000 -0.471506 -3.939976 0.168791 0.446271 -0.004288 
-0.324011 -0.467160 -3.713973 0.168809 0.445298 -0.005370 
-0.339124 -0.464056 -3.568319 0.168493 0.444617 -0.006517 
-0.339248 -0.470892 -3.639014 0.168288 0.444146 -0.006465 
-0.332253 -0.484432 -3.833095 0.168368 0.444215 -0.005995 
-0.318299 -0.485724 -4.037696 0.168699 0.444338 -0.005534 
-0.319104 -0.498853 -4.274560 0.169422 0.445425 -0.004692 
-0.305672 -0.503289 -4.449729 0.170210 0.446407 -0.004224 
-0.315730 -0.504794 -4.368927 0.171474 0.447996 -0.005050 
-0.318322 -0.485665 -4.186062 0.172882 0.449719 -0.006213 
-0.311545 -0.479015 -4.002879 0.173564 0.451369 -0.007049 
-0.311432 -0.476815 -3.768521 0.174048 0.453153 -0.007948 
-0.316286 -0.470014 -3.604987 0.173922 0.454792 -0.008465 
-0.304328 -0.480107 -3.677956 0.173218 0.456245 -0.007359 
-0.297752 -0.485998 -3.832147 0.172063 0.457653 -0.005883 
-0.284377 -0.485326 -4.036063 0.170799 0.458353 -0.004653 
-0.285640 -0.484233 -4.280368 0.169533 0.458970 -0.003454 
-0.282190 -0.476778 -4.443168 0.168792 0.459067 -0.002722 
-0.289713 -0.471490 -4.379941 0.168661 0.458825 -0.003519 
-0.298560 -0.463950 -4.204822 0.168700 0.458099 -0.004538 
-0.309621 -0.453568 -3.990817 0.169239 0.456717 -0.005201 
-0.314114 -0.454937 -3.755649 0.169698 0.455088 -0.006168 
-0.327717 -0.458887 -3.593388 0.170620 0.453057 -0.006665 
-0.316914 -0.476896 -3.646941 0.170986 0.451166 -0.005738 
-0.320090 -0.486043 -3.822146 0.171253 0.449107 -0.004692 
-0.314222 -0.501355 -4.015698 0.170999 0.447461 -0.004091 
-0.315621 -0.513609 -4.258457 0.170765 0.446065 -0.004069 
-0.323976 -0.514619 -4.418732 0.170601 0.445092 -0.004621 
-0.333495 -0.507796 -4.362481 0.170641 0.444384 -0.006707 
-0.341896 -0.501239 -4.173370 0.170351 0.443841 -0.008998 
-0.348887 -0.488323 -3.986629 0.170106 0.443867 -0.010438 
-0.349203 -0.479956 -3.761382 0.170152 0.444031 -0.011317 
-0.347770 -0.472560 -3.569599 0.170034 0.444476 -0.010939 
-0.335813 -0.472022 -3.626532 0.169566 0.445457 -0.008312 
-0.324277 -0.472533 -3.796976 0.169417 0.446649 -0.005145 
-0.313009 -0.481601 -3.997143 0.169209 0.447842 -0.002221 
-0.308897 -0.481032 -4.236513 0.169227 0.449764 0.000018 
-0.300095 -0.483972 -4.421348 0.169542 0.451449 0.000586 
-0.300015 -0.483166 -4.376405 0.169864 0.453352 -0.001439 
-0.309797 -0.476839 -4.207790 0.170695 0.455020 -0.004540 
-0.319437 -0.468269 -4.007380 0.171220 0.456110 -0.007924 
-0.322495 -0.471714 -3.797883 0.171824 0.457052 -0.010983 
-0.318132 -0.476890 -3.622573 0.172423 0.457375 -0.012564 
-0.302889 -0.476735 -3.686671 0.172437 0.457280 -0.011332 
-0.288158 -0.484343 -3.856014 0.172723 0.457011 -0.008801 
-0.271758 -0.490876 -4.056532 0.172538 0.456449 -0.005643 
-0.277714 -0.492426 -4.287870 0.172538 0.455764 -0.002401 
-0.283412 -0.495033 -4.455761 0.172365 0.455352 -0.000072 
-0.290152 -0.487428 -4.393601 0.171930 0.454532 -0.000214 
-0.298161 -0.479714 -4.205025 0.171487 0.453700 -0.002178 
-0.306387 -0.472066 -4.015610 0.171044 0.452869 -0.004463 
-0.314701 -0.471235 -3.752499 0.170228 0.451641 -0.007535 
-0.322804 -0.470986 -3.593340 0.169574 0.450523 -0.009735 
-0.321091 -0.475263 -3.652484 0.168585 0.449368 -0.009652 
-0.312786 -0.492469 -3.817730 0.167996 0.448276 -0.008064 
-0.312357 -0.497212 -4.014775 0.167814 0.447249 -0.006182 
-0.311592 -0.495701 -4.245078 0.167999 0.446804 -0.003481 
-0.319488 -0.506361 -4.402194 0.168250 0.446307 -0.001687 
-0.321967 -0.488586 -4.321066 0.169013 0.446130 -0.002156 
-0.324863 -0.480567 -4.155920 0.169701 0.446320 -0.003740 
-0.327727 -0.473178 -3.949496 0.170383 0.446694 -0.005612 
-0.323347 -0.478720 -3.720832 0.170815 0.447104 -0.008111 
-0.324311 -0.481084 -3.574535 0.170950 0.447755 -0.009927 
-0.316294 -0.488771 -3.667336 0.171066 0.448570 -0.009485 
-0.306076 -0.488928 -3.843679 0.170919 0.449578 -0.007929 
-0.303177 -0.493764 -4.062106 0.170897 0.450737 -0.005879 
-0.299854 -0.498593 -4.312557 0.170878 0.451899 -0.003213 
-0.297299 -0.485696 -4.448771 0.170977 0.452865 -0.001621 
-0.303968 -0.486569 -4.408456 0.171285 0.454245 -0.001821 
-0.297559 -0.485542 -4.233293 0.171607 0.455130 -0.003187 
-0.298639 -0.480378 -4.026393 0.171952 0.456064 -0.005062 
-0.300620 -0.473709 -3.777310 0.172306 0.456616 -0.007539 
-0.300333 -0.474876 -3.599818 0.171966 0.456967 -0.009317 
-0.292696 -0.487170 -3.650880 0.171726 0.456820 -0.009039 
-0.289753 -0.486828 -3.815811 0.171096 0.456633 -0.007559 
-0.288198 -0.493503 -4.032871 0.170741 0.456079 -0.005699 
-0.292711 -0.503660 -4.260821 0.170037 0.455376 -0.003305 
-0.306164 -0.491425 -4.446986 0.169805 0.454357 -0.001620 
-0.314951 -0.490023 -4.384679 0.169647 0.452975 -0.001977 
-0.324553 -0.479256 -4.208350 0.169548 0.451394 -0.003303 
-0.328584 -0.472617 -4.000254 0.169743 0.449767 -0.005359 
-0.325721 -0.471082 -3.761830 0.170065 0.448372 -0.007503 
-0.329766 -0.473955 -3.585439 0.170356 0.447033 -0.009165 
-0.331480 -0.487618 -3.646732 0.170423 0.446188 -0.009000 
-0.325152 -0.489841 -3.802846 0.170742 0.445594 -0.007632 
-0.325056 -0.497653 -4.019915 0.170860 0.445336 -0.006103 
-0.324222 -0.498548 -4.247767 0.171027 0.445460 -0.004372 
-0.329591 -0.505140 -4.422530 0.170825 0.445999 -0.003347 
-0.328830 -0.498461 -4.349614 0.170708 0.446463 -0.004036 
-0.342849 -0.492433 -4.173000 0.170571 0.447206 -0.005604 
-0.334056 -0.482757 -3.985299 0.170151 0.447979 -0.007373 
-0.333411 -0.477908 -3.757365 0.170012 0.448993 -0.009223 
-0.331930 -0.472782 -3.581403 0.169717 0.449914 -0.010471 
-0.322295 -0.473650 -3.634990 0.169718 0.451194 -0.009460 
-0.305280 -0.485754 -3.803084 0.169652 0.452053 -0.007259 
-0.295618 -0.478545 -4.012923 0.170040 0.453362 -0.004883 
-0.294013 -0.482931 -4.254062 0.170505 0.454440 -0.002215 
-0.285956 -0.482285 -4.442423 0.171006 0.455275 -0.000355 
-0.301274 -0.476458 -4.391634 0.171517 0.456047 -0.000754 
-0.303968 -0.468108 -4.215251 0.172046 0.456138 -0.002646 
-0.306959 -0.467033 -4.006755 0.172362 0.455935 -0.005044 
-0.309555 -0.474679 -3.777143 0.172455 0.455818 -0.007639 
-0.304028 -0.476739 -3.598698 0.172273 0.455270 -0.009838 
-0.303735 -0.483176 -3.658995 0.171910 0.454700 -0.009773 
-0.295775 -0.493180 -3.823492 0.171533 0.453899 -0.008616 
-0.301500 -0.495780 -4.039999 0.171202 0.453397 -0.006968 
-0.307297 -0.505982 -4.267654 0.170818 0.452703 -0.004901 
-0.305682 -0.504039 -4.423807 0.170521 0.452144 -0.003092 
-0.313227 -0.487984 -4.362814 0.170466 0.451334 -0.003023 
-0.320830 -0.479376 -4.186847 0.170031 0.450312 -0.004031 
-0.321510 -0.466623 -3.960924 0.169788 0.449333 -0.004890 
-0.322252 -0.461967 -3.723140 0.169326 0.448252 -0.006274 
-0.316344 -0.462375 -3.568236 0.169159 0.447327 -0.007202 
-0.315620 -0.468677 -3.630211 0.168797 0.446754 -0.006495 
-0.314665 -0.476449 -3.815552 0.168593 0.446485 -0.005256 
-0.314760 -0.485087 -4.020850 0.168703 0.446417 -0.004364 
-0.314609 -0.504817 -4.267175 0.168899 0.447017 -0.003412 
-0.314929 -0.499545 -4.431375 0.169426 0.447715 -0.003030 
-0.318436 -0.493402 -4.367970 0.170427 0.448306 -0.004710 
-0.314593 -0.492466 -4.192216 0.171390 0.449209 -0.006729 
-0.317177 -0.486792 -3.976842 0.172220 0.450058 -0.008281 
-0.319392 -0.489080 -3.751286 0.172832 0.450805 -0.009716 
-0.304597 -0.483294 -3.598926 0.173034 0.451543 -0.010024 
-0.294186 -0.491230 -3.654939 0.172826 0.452530 -0.007940 
-0.289822 -0.494800 -3.843011 0.172331 0.453389 -0.005531 
-0.291389 -0.486777 -4.050026 0.171593 0.454487 -0.003453 
-0.293465 -0.486619 -4.296855 0.170802 0.455398 -0.001625 
-0.289522 -0.490818 -4.460243 0.170140 0.456348 -0.000802 
-0.295846 -0.479861 -4.405883 0.169888 0.456769 -0.002038 
-0.296620 -0.471621 -4.227576 0.169775 0.456845 -0.004241 
-0.312673 -0.462283 -4.019109 0.169820 0.456737 -0.006417 
-0.307985 -0.463997 -3.781353 0.169959 0.456189 -0.008248 
-0.311775 -0.467826 -3.606944 0.170403 0.455137 -0.009275 
-0.313049 -0.471218 -3.630872 0.170542 0.453907 -0.007891 
-0.306488 -0.487223 -3.797737 0.170444 0.452542 -0.005986 
-0.307415 -0.499613 -4.005634 0.170529 0.451333 -0.004012 
-0.314989 -0.498205 -4.232405 0.170388 0.449796 -0.002362 
-0.323401 -0.507082 -4.415902 0.170331 0.448729 -0.001865 
-0.331877 -0.499522 -4.370040 0.170056 0.447825 -0.003631 
-0.341802 -0.492319 -4.190727 0.170091 0.447103 -0.006254 
-0.344422 -0.489951 -4.001035 0.170096 0.446517 -0.008980 
-0.345947 -0.487611 -3.762184 0.169938 0.446013 -0.011019 
-0.346798 -0.486350 -3.587684 0.169937 0.445803 -0.011832 
-0.338211 -0.491037 -3.643030 0.169913 0.445943 -0.010060 
-0.328081 -0.487900 -3.802409 0.169789 0.446188 -0.007194 
-0.325059 -0.499383 -4.013407 0.169721 0.446962 -0.004063 
-0.314642 -0.499106 -4.243943 0.169741 0.447883 -0.001268 
-0.312403 -0.503127 -4.410094 0.169723 0.448848 0.000186 
-0.311975 -0.499517 -4.357202 0.169905 0.450080 -0.000856 
-0.313211 -0.487077 -4.199008 0.170303 0.451215 -0.003523 
-0.320675 -0.479574 -3.998656 0.170339 0.452576 -0.006581 
-0.322008 -0.483333 -3.768125 0.170459 0.453598 -0.009616 
-0.316687 -0.482149 -3.611776 0.170943 0.454397 -0.011643 
-0.315359 -0.493527 -3.664334 0.170866 0.455156 -0.010950 
-0.306494 -0.491324 -3.842831 0.171057 0.455602 -0.008751 
-0.298358 -0.496430 -4.052966 0.171359 0.455769 -0.006151 
-0.288964 -0.500731 -4.274329 0.171347 0.455738 -0.002911 
-0.288819 -0.499430 -4.453498 0.171688 0.455385 -0.000491 
-0.296932 -0.485624 -4.392277 0.171938 0.455153 -0.000755 
-0.291865 -0.486437 -4.215747 0.171926 0.454325 -0.002311 
-0.308393 -0.475587 -3.997120 0.171981 0.453837 -0.004473 
-0.311065 -0.471179 -3.756524 0.171837 0.452767 -0.007147 
-0.312064 -0.476096 -3.598223 0.171312 0.451884 -0.009140 
-0.311548 -0.473081 -3.658000 0.170855 0.451029 -0.009174 
-0.309847 -0.487393 -3.821616 0.170122 0.450269 -0.008120 
-0.308378 -0.501405 -4.037748 0.169554 0.449424 -0.006469 
-0.305909 -0.500073 -4.265286 0.169096 0.448964 -0.004399 
-0.312513 -0.501304 -4.421340 0.168932 0.448174 -0.002698 
-0.313609 -0.500001 -4.360047 0.169098 0.447887 -0.002966 
-0.315721 -0.489666 -4.195969 0.169483 0.447500 -0.003896 
-0.325283 -0.476217 -4.001297 0.170043 0.447449 -0.005018 
-0.320724 -0.470661 -3.763631 0.170394 0.447192 -0.006960 
-0.322593 -0.470896 -3.567811 0.170702 0.447367 -0.008408 
-0.322566 -0.472177 -3.629646 0.170857 0.447662 -0.008145 
-0.313302 -0.479317 -3.794367 0.170659 0.448288 -0.007114 
-0.311310 -0.482775 -4.000957 0.170647 0.449069 -0.005692 
-0.308479 -0.495836 -4.237870 0.170408 0.450131 -0.004192 
-0.306851 -0.491204 -4.424297 0.170611 0.451010 -0.002862 
-0.299537 -0.482948 -4.393072 0.170992 0.452105 -0.003493 
-0.307257 -0.473636 -4.218482 0.171365 0.453094 -0.004644 
-0.308121 -0.468405 -4.012421 0.171710 0.454027 -0.006197 
-0.308804 -0.461955 -3.775709 0.171903 0.454669 -0.007718 
-0.302291 -0.467439 -3.611388 0.172020 0.455075 -0.008659 
-0.300758 -0.468478 -3.644012 0.171854 0.455357 -0.007723 
-0.291391 -0.482130 -3.819575 0.171452 0.455503 -0.006267 
-0.289306 -0.481827 -4.016234 0.171144 0.455327 -0.004498 
-0.286577 -0.482075 -4.253094 0.170675 0.455248 -0.002762 
-0.292310 -0.484282 -4.427180 0.170184 0.454643 -0.001717 
-0.300074 -0.478302 -4.374045 0.170058 0.454213 -0.002520 
-0.308895 -0.462266 -4.216982 0.169997 0.453395 -0.004299 
-0.318718 -0.470830 -4.019524 0.169921 0.452473 -0.006052 
-0.315357 -0.461687 -3.801977 0.170298 0.451273 -0.007999 
-0.325616 -0.469762 -3.595503 0.170385 0.450258 -0.009424 
-0.321090 -0.478230 -3.638262 0.170814 0.449179 -0.008815 
-0.314633 -0.487723 -3.794286 0.170921 0.448294 -0.007336 
-0.322077 -0.489881 -4.001482 0.171074 0.447708 -0.005686 
-0.314941 -0.501076 -4.229196 0.171173 0.447210 -0.003951 
-0.321051 -0.504705 -4.414824 0.170993 0.446992 -0.002604 
-0.321141 -0.488681 -4.372277 0.171103 0.447184 -0.003423 
-0.328401 -0.484322 -4.215258 0.170800 0.447211 -0.005105 
-0.335389 -0.481285 -4.006867 0.170484 0.447610 -0.007070 
-0.335413 -0.465871 -3.778651 0.170418 0.448060 -0.009017 
-0.334477 -0.476714 -3.582027 0.170010 0.448783 -0.010357 
-0.324907 -0.475800 -3.645402 0.169864 0.449588 -0.009346 
-0.314708 -0.475069 -3.802331 0.169723 0.450402 -0.007450 
-0.312461 -0.479483 -4.010903 0.169864 0.451470 -0.005393 
-0.302939 -0.488101 -4.250374 0.169982 0.452489 -0.003148 
-0.302163 -0.483380 -4.438183 0.170507 0.453376 -0.001502 
-0.304371 -0.477455 -4.387149 0.171348 0.454056 -0.002227 
-0.306005 -0.478511 -4.211582 0.171651 0.454423 -0.003694 
-0.308459 -0.470851 -4.025106 0.172175 0.454702 -0.005580 
-0.303464 -0.465783 -3.796457 0.172362 0.454538 -0.007850 
-0.304593 -0.472686 -3.609258 0.172142 0.454226 -0.009510 
-0.310931 -0.484724 -3.649870 0.171735 0.454080 -0.009219 
-0.295161 -0.491826 -3.794519 0.171381 0.453606 -0.007942 
-0.286018 -0.495794 -4.021237 0.171049 0.453383 -0.006307 
-0.290876 -0.498748 -4.248438 0.170556 0.452972 -0.004345 
-0.296771 -0.502310 -4.434905 0.170377 0.452753 -0.002678 
-0.304473 -0.488234 -4.393631 0.170470 0.452425 -0.002955 
-0.312454 -0.481048 -4.229206 0.170347 0.451790 -0.003661 
-0.313766 -0.468762 -4.012842 0.170261 0.450912 -0.004853 
-0.315705 -0.456814 -3.775691 0.170332 0.450130 -0.006354 
-0.317333 -0.461446 -3.589265 0.170128 0.449250 -0.007685 
-0.316427 -0.466529 -3.620588 0.169613 0.448386 -0.006945 
-0.314615 -0.474261 -3.774202 0.169086 0.448105 -0.005996 
-0.313929 -0.490591 -3.989265 0.168823 0.447837 -0.005000 
-0.312483 -0.490883 -4.225829 0.168674 0.447767 -0.003591 
-0.312312 -0.500972 -4.410103 0.168773 0.448075 -0.003007 
-0.320538 -0.490791 -4.377083 0.169159 0.448704 -0.004273 
-0.330714 -0.478697 -4.211384 0.169871 0.448947 -0.006070 
-0.326474 -0.476474 -4.005818 0.170681 0.449557 -0.007736 
-0.321184 -0.473385 -3.780294 0.171176 0.449966 -0.009056 
-0.322582 -0.474509 -3.587296 0.171639 0.450427 -0.009547 
-0.305991 -0.476090 -3.641902 0.171480 0.450799 -0.007989 
-0.303844 -0.486826 -3.799785 0.171414 0.451379 -0.005775 
-0.300593 -0.489480 -4.017603 0.171087 0.451962 -0.003712 
-0.297061 -0.484593 -4.255458 0.170814 0.452741 -0.001773 
-0.294015 -0.487809 -4.449429 0.170321 0.453415 -0.000975 
-0.300732 -0.478009 -4.394536 0.170221 0.454125 -0.002539 
-0.308991 -0.476034 -4.235610 0.170221 0.454730 -0.005197 
-0.310801 -0.468403 -4.016568 0.170422 0.454998 -0.007693 
-0.312919 -0.467553 -3.788419 0.170575 0.454882 -0.009751 
-0.314637 -0.465938 -3.603226 0.170736 0.454580 -0.010878 
-0.308312 -0.476896 -3.657585 0.170988 0.454159 -0.009641 
-0.308032 -0.482736 -3.806319 0.171117 0.453511 -0.007085 
-0.307589 -0.487743 -4.015439 0.171094 0.452584 -0.004574 
-0.306259 -0.493991 -4.254668 0.170904 0.451940 -0.002090 
-0.305992 -0.490311 -4.420313 0.170779 0.450913 -0.000608 
-0.307536 -0.479000 -4.366916 0.170856 0.450155 -0.001622 
-0.323970 -0.484798 -4.198174 0.170636 0.449570 -0.003936 
-0.325709 -0.473270 -3.987471 0.170383 0.448787 -0.006741 
-0.335651 -0.475058 -3.767096 0.170353 0.448246 -0.009549 
-0.330109 -0.477383 -3.600726 0.170331 0.447797 -0.011118 
-0.322572 -0.473159 -3.632248 0.170367 0.447752 -0.010715 
-0.321356 -0.481758 -3.789226 0.170316 0.447765 -0.008814 
-0.319480 -0.491172 -3.998480 0.170262 0.447973 -0.006318 
-0.317565 -0.501609 -4.208878 0.170362 0.448468 -0.003507 
-0.316685 -0.503399 -4.407529 0.170682 0.448875 -0.001435 
-0.316695 -0.489421 -4.367269 0.171099 0.449641 -0.001624 
-0.310332 -0.487500 -4.221309 0.171268 0.450244 -0.003331 
-0.318315 -0.476838 -4.002315 0.171326 0.450843 -0.005721 
-0.325911 -0.475027 -3.792552 0.171161 0.451532 -0.008334 
-0.325775 -0.478043 -3.604433 0.170968 0.452360 -0.010433 
-0.316911 -0.475419 -3.644733 0.170672 0.452686 -0.010358 
-0.300103 -0.478207 -3.810631 0.170510 0.453262 -0.008898 
-0.297599 -0.497161 -4.019023 0.170229 0.453748 -0.006619 
-0.302419 -0.487554 -4.249530 0.170466 0.454493 -0.003928 
-0.301148 -0.488186 -4.448715 0.170634 0.454612 -0.001529 
-0.295029 -0.475592 -4.399925 0.171206 0.454665 -0.001170 
-0.304228 -0.470234 -4.225416 0.171551 0.454515 -0.002201 
-0.306612 -0.467934 -4.018292 0.171716 0.454022 -0.003950 
-0.309421 -0.465640 -3.779145 0.171878 0.453528 -0.006315 
-0.303893 -0.467700 -3.600699 0.171697 0.452980 -0.008514 
-0.304051 -0.473384 -3.639905 0.171338 0.452218 -0.008751 
-0.302929 -0.479672 -3.782520 0.170820 0.451559 -0.008109 
-0.308065 -0.490790 -3.997021 0.170108 0.451047 -0.006993 
-0.313373 -0.492991 -4.203131 0.169619 0.450445 -0.005332 
-0.311529 -0.491997 -4.409883 0.169317 0.450081 -0.003570 
-0.311300 -0.482416 -4.379017 0.169222 0.449792 -0.003642 
-0.327628 -0.471133 -4.214582 0.169445 0.449218 -0.004565 
-0.322228 -0.465172 -3.998542 0.169639 0.448864 -0.005879 
-0.324591 -0.463007 -3.773148 0.169963 0.448466 -0.006973 
-0.325805 -0.453656 -3.578485 0.170178 0.448355 -0.007877 
-0.318991 -0.456612 -3.611299 0.170325 0.448025 -0.007047 
-0.310228 -0.461482 -3.776792 0.170144 0.448083 -0.005688 
-0.309679 -0.479925 -3.993304 0.170186 0.448390 -0.004383 
-0.308431 -0.490429 -4.219456 0.170125 0.448793 -0.003190 
-0.306630 -0.494713 -4.414276 0.170105 0.449763 -0.002404 
-0.313916 -0.477284 -4.380802 0.170381 0.450675 -0.003776 
-0.315484 -0.470866 -4.224435 0.170738 0.451238 -0.005689 
-0.316564 -0.465703 -4.017535 0.171083 0.452172 -0.007563 
-0.318578 -0.467659 -3.780742 0.171537 0.452819 -0.009306 
-0.319540 -0.469271 -3.596759 0.171836 0.453373 -0.010126 
-0.303816 -0.470498 -3.640672 0.171839 0.453653 -0.008881 
-0.301668 -0.481234 -3.798555 0.171773 0.454233 -0.006667 
-0.298940 -0.490737 -4.006428 0.171398 0.454434 -0.004486 
-0.295755 -0.491608 -4.234033 0.170924 0.454541 -0.002423 
-0.300904 -0.478870 -4.429924 0.170699 0.454421 -0.000972 
-0.301368 -0.477853 -4.396757 0.170544 0.454131 -0.001902 
-0.309272 -0.463688 -4.228524 0.170308 0.453783 -0.003997 
-0.325646 -0.460867 -3.998875 0.170146 0.453192 -0.006363 
-0.335397 -0.461830 -3.790270 0.170122 0.452462 -0.008535 
-0.323050 -0.466718 -3.614293 0.170086 0.451582 -0.009878 
-0.324280 -0.471756 -3.646702 0.170214 0.450734 -0.009150 
-0.316715 -0.482295 -3.803327 0.170153 0.450127 -0.007350 
-0.316926 -0.496888 -4.011290 0.170223 0.449486 -0.005383 
-0.317506 -0.503520 -4.229436 0.170510 0.448948 -0.003533 
-0.324685 -0.507128 -4.415607 0.170651 0.448738 -0.002191 
-0.319300 -0.502073 -4.363372 0.171009 0.448503 -0.003005 
-0.321167 -0.493053 -4.196539 0.171223 0.448398 -0.004899 
-0.336568 -0.484136 -3.997927 0.171105 0.448382 -0.007082 
-0.337154 -0.474548 -3.758622 0.170837 0.448161 -0.009226 
-0.336443 -0.475708 -3.613154 0.170500 0.448515 -0.010388 
-0.333641 -0.476437 -3.633999 0.169855 0.448690 -0.009755 
-0.323530 -0.483044 -3.789999 0.169501 0.449214 -0.008069 
-0.313585 -0.491134 -3.988726 0.169460 0.450129 -0.005786 
-0.310751 -0.494187 -4.216942 0.169291 0.450813 -0.003736 
-0.309525 -0.490219 -4.425842 0.169813 0.451891 -0.001788 
-0.302935 -0.489144 -4.395910 0.170304 0.452702 -0.001993 
-0.318833 -0.474773 -4.251351 0.170869 0.453468 -0.003382 
-0.313975 -0.471819 -4.024150 0.171363 0.453879 -0.005343 
-0.309182 -0.467083 -3.806737 0.171708 0.453814 -0.007305 
-0.317526 -0.471693 -3.609197 0.171660 0.454030 -0.009177 
-0.309860 -0.474739 -3.640630 0.171484 0.453693 -0.008663 
-0.293439 -0.482261 -3.795133 0.170967 0.453311 -0.007393 
-0.298078 -0.495026 -4.001525 0.170404 0.453274 -0.005635 
-0.296000 -0.494852 -4.228529 0.170097 0.453102 -0.003892 
-0.301876 -0.499302 -4.434410 0.169913 0.453077 -0.002565 
-0.302930 -0.489768 -4.403248 0.170139 0.452797 -0.002964 
-0.312298 -0.476116 -4.227685 0.170541 0.452650 -0.004420 
-0.307770 -0.469929 -4.031297 0.170899 0.452209 -0.006074 
-0.317260 -0.471719 -3.794329 0.171029 0.451761 -0.007584 
-0.319036 -0.468193 -3.588578 0.171042 0.450980 -0.008685 
-0.304959 -0.465081 -3.631518 0.171076 0.450125 -0.007747 
-0.303238 -0.479528 -3.776864 0.170502 0.449460 -0.006038 
-0.301266 -0.485805 -3.983526 0.169988 0.448806 -0.004165 
-0.306602 -0.497254 -4.209264 0.169435 0.448393 -0.002741 
-0.319518 -0.498320 -4.404499 0.169269 0.448607 -0.001620 
-0.312582 -0.485415 -4.360523 0.169201 0.448460 -0.002861 
-0.321671 -0.474231 -4.213695 0.169587 0.448887 -0.004993 
-0.323683 -0.466931 -4.005889 0.169947 0.449255 -0.007182 
-0.326153 -0.468263 -3.778351 0.170406 0.449715 -0.009252 
-0.328223 -0.468830 -3.593767 0.170872 0.449989 -0.010391 
-0.320894 -0.474321 -3.637885 0.171162 0.450326 -0.009260 
-0.312070 -0.480350 -3.786251 0.171293 0.450765 -0.006931 
-0.310323 -0.482494 -3.995596 0.171451 0.451264 -0.004545 
-0.300684 -0.488110 -4.214204 0.171268 0.451516 -0.002268 
-0.305581 -0.486335 -4.420775 0.171128 0.452060 -0.000732 
-0.305283 -0.479160 -4.387459 0.171016 0.452341 -0.001774 
-0.305582 -0.472433 -4.219312 0.170892 0.452796 -0.003990 
-0.321173 -0.464342 -4.008929 0.170767 0.452970 -0.006809 
-0.322830 -0.464740 -3.778865 0.170751 0.453135 -0.009509 
-0.330724 -0.470103 -3.602417 0.170698 0.453543 -0.011080 
-0.323388 -0.466210 -3.645176 0.170893 0.453597 -0.010368 
-0.315317 -0.478891 -3.770683 0.170816 0.453555 -0.008871 
-0.306595 -0.482636 -4.000461 0.170807 0.453338 -0.006279 
-0.298108 -0.485560 -4.209986 0.170804 0.452929 -0.003667 
-0.305121 -0.487583 -4.418859 0.170958 0.452341 -0.001375 
-0.298503 -0.480965 -4.388784 0.171008 0.451720 -0.001233 
-0.307572 -0.473621 -4.243172 0.171047 0.450999 -0.002599 
-0.317035 -0.466914 -4.024259 0.171077 0.450460 -0.004869 
-0.319889 -0.463725 -3.814314 0.171087 0.449682 -0.007575 
-0.329011 -0.474228 -3.604847 0.170835 0.449229 -0.009965 
-0.321992 -0.477476 -3.633763 0.170657 0.448895 -0.010414 
-0.313027 -0.482014 -3.788019 0.170318 0.448853 -0.009362 
-0.312234 -0.491141 -3.985741 0.170425 0.448970 -0.007501 
-0.317667 -0.505728 -4.214072 0.170332 0.449420 -0.005453 
-0.316813 -0.506759 -4.423654 0.170658 0.449639 -0.003067 
-0.309615 -0.504459 -4.395095 0.170998 0.450161 -0.002624 
-0.310748 -0.487899 -4.231707 0.171426 0.450344 -0.003344 
-0.282216 -0.481779 -4.034460 0.171475 0.450881 -0.005219 
-0.283661 -0.492117 -3.813932 0.171388 0.451423 -0.008149 
-0.278991 -0.533238 -3.603627 0.171411 0.452294 -0.011214 
-0.280948 -0.571646 -3.613588 0.171942 0.453535 -0.011797 
-0.294925 -0.568856 -3.759534 0.172603 0.454996 -0.010766 
-0.321490 -0.549436 -3.937317 0.173054 0.456559 -0.009003 
-0.327673 -0.534122 -4.145755 0.173812 0.457980 -0.007379 
-0.304611 -0.551865 -4.292243 0.174029 0.459173 -0.005921 
-0.284404 -0.575675 -4.199798 0.174349 0.459868 -0.006723 
-0.274159 -0.564470 -3.969667 0.173296 0.460242 -0.008763 
-0.283209 -0.530283 -3.675275 0.171426 0.460175 -0.011470 
-0.288802 -0.477462 -3.359105 0.168563 0.459610 -0.014024 
-0.291824 -0.405287 -3.063817 0.165035 0.458369 -0.015819 
-0.267184 -0.361484 -2.986433 0.159890 0.456669 -0.014674 
-0.246839 -0.327120 -3.034725 0.153881 0.454154 -0.011366 
-0.237479 -0.273269 -3.155818 0.147042 0.450971 -0.006698 
-0.220450 -0.212455 -3.299646 0.140099 0.447073 -0.000964 
-0.218789 -0.148002 -3.434035 0.133172 0.442327 0.005111 
-0.221398 -0.072513 -3.350935 0.126952 0.437009 0.009013 
-0.209371 -0.023480 -3.146992 0.122156 0.430988 0.012242 
-0.191047 0.002047 -2.902304 0.119125 0.424525 0.014188 
-0.186355 0.006279 -2.687414 0.117545 0.418152 0.014898 
-0.189569 0.000000 -2.556112 0.118301 0.412322 0.014955 
-0.198277 -0.019721 -2.674245 0.121222 0.407712 0.015820 
-0.224493 -0.029749 -2.885849 0.125811 0.404965 0.016349 
-0.252000 -0.074086 -3.219480 0.132734 0.403377 0.015318 
-0.289609 -0.139441 -3.561327 0.140788 0.403954 0.012621 
-0.334147 -0.191881 -3.900724 0.149409 0.406591 0.008507 
-0.364324 -0.235195 -4.031513 0.158410 0.411201 0.001757 
-0.396046 -0.265323 -4.017482 0.166529 0.417909 -0.005624 
-0.433549 -0.293095 -3.932097 0.172888 0.426274 -0.012078 
-0.448024 -0.332466 -3.827795 0.177250 0.435426 -0.016784 
-0.461107 -0.370648 -3.726765 0.179852 0.445431 -0.019118 
-0.472860 -0.387767 -3.834966 0.180848 0.455375 -0.017844 
-0.484184 -0.381796 -4.037446 0.180083 0.464766 -0.014141 
-0.468992 -0.381071 -4.293157 0.177534 0.472162 -0.008186 
-0.453094 -0.378185 -4.491765 0.174197 0.476967 -0.000103 
-0.401827 -0.399758 -4.706970 0.170872 0.480469 0.010434 
-0.395234 -0.394006 -4.699955 0.169632 0.482736 0.020085 
-0.421020 -0.363789 -4.621136 0.171112 0.484276 0.027739 
-0.506168 -0.336098 -4.495886 0.174306 0.485551 0.032088 
-0.593553 -0.334346 -4.389957 0.178602 0.485677 0.031474 
-0.682065 -0.396000 -4.270640 0.182772 0.483476 0.025834 
-0.752217 -0.485084 -4.354556 0.186609 0.480295 0.016701 
-0.797513 -0.596837 -4.552387 0.190467 0.476078 0.004576 
-0.891824 -0.691935 -4.765583 0.194899 0.469821 -0.009575 
-0.991779 -0.751066 -4.947083 0.198615 0.461893 -0.023547 
-1.077805 -0.795210 -5.128736 0.200517 0.453299 -0.036192 
-1.140098 -0.805137 -5.071482 0.202181 0.443664 -0.046889 
-1.197984 -0.819414 -4.861229 0.203007 0.433312 -0.053470 
-1.246008 -0.849547 -4.636040 0.202118 0.424990 -0.057040 
-1.299028 -0.875530 -4.413331 0.199327 0.417853 -0.058451 
-1.362307 -0.856051 -4.169439 0.197009 0.412247 -0.056632 
-1.387645 -0.815703 -4.169601 0.194389 0.409772 -0.050649 
-1.432633 -0.728479 -4.378114 0.191934 0.412556 -0.042848 
-1.450307 -0.637955 -4.712404 0.189842 0.419760 -0.034031 
-1.454193 -0.524859 -4.912717 0.186788 0.423319 -0.025142 
-1.526440 -0.446081 -5.084874 0.182650 0.423985 -0.018335 
-1.517891 -0.411291 -5.042667 0.177431 0.425844 -0.015547 
-1.602105 -0.380514 -4.884698 0.173089 0.426994 -0.014806 
-1.615658 -0.341368 -4.649275 0.171095 0.426880 -0.014236 
-1.641727 -0.300845 -4.407369 0.171030 0.427621 -0.013589 
-1.686073 -0.257768 -4.261686 0.172101 0.429745 -0.015737 
-1.713050 -0.219931 -4.308193 0.174280 0.431867 -0.018818 
-1.740658 -0.203570 -4.405045 0.177598 0.431887 -0.022696 
-1.789191 -0.210223 -4.539386 0.180421 0.432429 -0.027470 
-1.781581 -0.230952 -4.714959 0.182535 0.435254 -0.031767 
-1.778506 -0.235564 -4.909314 0.184441 0.437363 -0.032523 
-1.793022 -0.191133 -4.874633 0.185868 0.439109 -0.031229 
-1.798773 -0.125520 -4.708602 0.184871 0.439829 -0.028051 
-1.880940 -0.026108 -4.450607 0.181493 0.437444 -0.027064 
-1.900746 0.066823 -4.163346 0.176015 0.434130 -0.028160 
-1.911988 0.152020 -3.896419 0.169686 0.429512 -0.028606 
-1.946210 0.241788 -3.874257 0.162266 0.423856 -0.023761 
-1.960220 0.298544 -3.935048 0.153828 0.418160 -0.013732 
-2.004283 0.341221 -4.070784 0.145600 0.411918 -0.002267 
-2.018120 0.408181 -4.194580 0.139487 0.406810 0.007027 
-1.979484 0.448445 -4.311250 0.135623 0.402552 0.008014 
-1.958459 0.464003 -4.234248 0.133008 0.399034 -0.000092 
-1.937714 0.480829 -4.004231 0.131839 0.396157 -0.013457 
-1.973268 0.472439 -3.744602 0.132388 0.392714 -0.023714 
-2.062363 0.429973 -3.511502 0.134278 0.388882 -0.028552 
-2.112508 0.391804 -3.321238 0.136384 0.385082 -0.028821 
-2.148257 0.362945 -3.398720 0.139545 0.381042 -0.024289 
-2.110459 0.365193 -3.575101 0.143455 0.377380 -0.017381 
-2.056893 0.376777 -3.851063 0.147604 0.375441 -0.011436 
-2.103924 0.361645 -4.158574 0.151505 0.376296 -0.008875 
-2.163526 0.335965 -4.428169 0.155158 0.379805 -0.009208 
-2.244551 0.297270 -4.493425 0.158533 0.385620 -0.014003 
-2.280076 0.266636 -4.394952 0.161336 0.393383 -0.023067 
-2.264911 0.272952 -4.216836 0.163138 0.402326 -0.030976 
-2.259675 0.280616 -4.010582 0.163817 0.411050 -0.037232 
-2.264500 0.283185 -3.804465 0.163010 0.418981 -0.042387 
-2.298836 0.217201 -3.814070 0.161234 0.425114 -0.045788 
-2.324816 0.163761 -3.926289 0.159399 0.429208 -0.044637 
-2.317157 0.134097 -4.117182 0.157276 0.431667 -0.036338 
-2.275352 0.138924 -4.346499 0.155419 0.432567 -0.028903 
-2.236072 0.162545 -4.540338 0.154655 0.431565 -0.027858 
-2.250244 0.171747 -4.521131 0.154709 0.429930 -0.035110 
-2.277033 0.173576 -4.353787 0.155984 0.427215 -0.041602 
-2.312793 0.124458 -4.109444 0.157214 0.423769 -0.046538 
-2.329981 0.083244 -3.901067 0.158673 0.419146 -0.053315 
-2.339461 0.078485 -3.713484 0.160557 0.412871 -0.056116 
-2.346807 0.069659 -3.747927 0.162107 0.405470 -0.055123 
-2.343278 0.087094 -3.889195 0.162891 0.396683 -0.051396 
-2.328267 0.086692 -4.064285 0.163075 0.389250 -0.046104 
-2.326006 0.056739 -4.249038 0.162885 0.381042 -0.036850 
-2.359544 0.018494 -4.428147 0.162454 0.373936 -0.029638 
-2.391520 -0.029009 -4.394128 0.160817 0.368968 -0.029654 
-2.378817 -0.036898 -4.216621 0.159314 0.366448 -0.034387 
-2.349005 -0.031817 -3.956842 0.158226 0.367053 -0.040053 
-2.285345 0.038254 -3.718030 0.157453 0.370226 -0.045745 
-2.217798 0.066914 -3.493031 0.155425 0.375261 -0.053291 
-2.158807 0.041604 -3.422775 0.152539 0.381416 -0.055523 
-2.159194 0.028270 -3.542202 0.150358 0.388423 -0.047635 
-2.197070 0.035801 -3.778192 0.149112 0.395625 -0.038351 
-2.155245 0.067638 -4.019931 0.147442 0.401513 -0.030439 
-2.076624 0.112379 -4.251942 0.146530 0.405442 -0.014999 
-2.017549 0.160326 -4.332010 0.146743 0.409178 -0.011879 
-2.053511 0.172320 -4.245616 0.148726 0.412471 -0.019264 
-2.101434 0.119686 -4.047444 0.150724 0.414180 -0.026777 
-2.076947 0.047023 -3.839034 0.152783 0.414876 -0.042217 
-1.990084 0.020105 -3.617730 0.155841 0.415343 -0.059358 
-1.881607 -0.001268 -3.629928 0.159611 0.414961 -0.061258 
-1.823286 -0.018794 -3.766224 0.162747 0.414201 -0.053918 
-1.762331 -0.065931 -3.926683 0.164070 0.412261 -0.047750 
-1.722577 -0.115203 -4.064260 0.164887 0.409434 -0.030500 
-1.699284 -0.143272 -4.255339 0.164722 0.406646 -0.011449 
-1.705186 -0.132167 -4.221294 0.162871 0.404214 -0.003640 
-1.711963 -0.085327 -4.069902 0.159499 0.400356 0.007004 
-1.676756 -0.013440 -3.849016 0.155357 0.396000 0.010978 
-1.614071 0.037332 -3.643195 0.150599 0.392292 0.009355 
-1.543489 0.087714 -3.434491 0.145841 0.389673 0.006543 
-1.507291 0.121637 -3.431312 0.140958 0.388083 0.004827 
-1.488863 0.120501 -3.553099 0.136949 0.386910 0.003723 
-1.506188 0.105185 -3.773954 0.134912 0.387236 0.000339 
-1.539626 0.086326 -3.992461 0.134931 0.388931 0.002379 
-1.591099 0.019076 -4.230516 0.136688 0.391012 -0.001009 
-1.644191 -0.025256 -4.242224 0.139878 0.392500 -0.010428 
-1.670405 -0.063830 -4.081777 0.144721 0.393389 -0.024756 
-1.669616 -0.157822 -3.889563 0.150633 0.394147 -0.044351 
-1.650220 -0.201811 -3.689344 0.156909 0.395188 -0.059424 
-1.648914 -0.290555 -3.492834 0.162700 0.396251 -0.068936 
-1.691046 -0.425545 -3.522180 0.167834 0.397839 -0.069218 
-1.734246 -0.458279 -3.691738 0.173213 0.400173 -0.066265 
-1.715426 -0.490084 -3.915344 0.176870 0.403334 -0.057125 
-1.699452 -0.516440 -4.142481 0.178797 0.407580 -0.041647 
-1.738613 -0.434211 -4.390616 0.179686 0.411769 -0.032662 
-1.805079 -0.397382 -4.392128 0.178299 0.414745 -0.027296 
-1.796476 -0.348897 -4.271297 0.174458 0.416211 -0.028311 
-1.720383 -0.248380 -4.067303 0.169089 0.415675 -0.032837 
-1.649121 -0.172389 -3.900292 0.162906 0.414025 -0.034270 
-1.573096 -0.106642 -3.703119 0.156331 0.411560 -0.039205 
-1.542212 -0.075455 -3.697293 0.150624 0.407622 -0.037343 
-1.554415 -0.170075 -3.810814 0.146423 0.403459 -0.041442 
-1.561070 -0.235981 -3.967612 0.145482 0.400522 -0.046702 
-1.545273 -0.267198 -4.144736 0.148012 0.398013 -0.058135 
-1.382442 -0.345026 -4.292758 0.152227 0.395224 -0.066590 
-1.227487 -0.310380 -4.232024 0.158187 0.392537 -0.062732 
-1.130490 -0.357483 -4.069370 0.164656 0.390485 -0.063442 
-1.101654 -0.465273 -3.845376 0.170339 0.389098 -0.048357 
-1.112199 -0.579746 -3.643130 0.174826 0.389414 -0.035865 
-1.099847 -0.707701 -3.458499 0.177946 0.391102 -0.019745 
-1.062898 -0.747609 -3.547949 0.179624 0.393553 -0.002416 
-0.969608 -0.723578 -3.767220 0.179377 0.397072 0.007659 
-0.820194 -0.685200 -4.060189 0.177819 0.401833 0.015643 
-0.653626 -0.640578 -4.343877 0.175828 0.409050 0.020184 
-0.559266 -0.625229 -4.576827 0.173906 0.416163 0.016933 
-0.497051 -0.693406 -4.585138 0.171845 0.425433 0.008993 
-0.418274 -0.683268 -4.432263 0.169852 0.436026 -0.002440 
-0.377893 -0.720505 -4.231812 0.169107 0.445900 -0.017398 
-0.337909 -0.693537 -3.997834 0.169940 0.454762 -0.026631 
-0.341385 -0.653153 -3.728039 0.171645 0.461344 -0.038278 
-0.319920 -0.669499 -3.645535 0.172500 0.464425 -0.039658 
-0.158055 -0.706435 -3.612827 0.171531 0.462607 -0.036187 
-0.029398 -0.775325 -3.675921 0.168559 0.457294 -0.029417 
0.168869 -0.804626 -3.786658 0.165912 0.451532 -0.016240 
0.245798 -0.836414 -4.029408 0.167200 0.449426 0.002089 
0.239190 -0.796519 -4.150113 0.173277 0.448981 0.021109 
0.149901 -0.833299 -4.244603 0.179403 0.452125 0.033649 
0.130222 -0.820423 -4.212493 0.184141 0.456017 0.041287 
0.136797 -0.814017 -4.109952 0.187879 0.458932 0.042038 
0.139324 -0.768661 -3.969519 0.191242 0.463601 0.040143 
0.154991 -0.758342 -3.960803 0.192444 0.465871 0.031961 
0.072186 -0.841715 -4.017753 0.190200 0.466395 0.020223 
0.083334 -0.918073 -4.120077 0.186615 0.465398 0.003442 
-0.029558 -0.989170 -4.271004 0.183157 0.463062 -0.021721 
-0.053857 -0.997417 -4.452281 0.181001 0.459675 -0.039928 
-0.105318 -1.014537 -4.475138 0.179399 0.457396 -0.064884 
-0.145065 -0.969937 -4.307278 0.179841 0.454305 -0.074770 
-0.226763 -0.992468 -4.013082 0.180424 0.451855 -0.078902 
-0.320316 -1.050982 -3.714921 0.181391 0.450441 -0.077165 
-0.349713 -0.997440 -3.468682 0.182387 0.449710 -0.063213 
-0.289249 -0.968635 -3.439146 0.183274 0.448570 -0.043987 
-0.237934 -0.879408 -3.590768 0.182343 0.446222 -0.016056 
-0.233407 -0.721914 -3.860943 0.179622 0.442324 0.008311 
-0.227594 -0.644799 -4.164453 0.174891 0.437329 0.031157 
-0.190860 -0.556686 -4.467392 0.170256 0.430201 0.049955 
-0.159780 -0.435120 -4.516445 0.165194 0.422686 0.057308 
-0.040073 -0.379517 -4.446448 0.159066 0.415057 0.054454 
0.054273 -0.344302 -4.235726 0.153734 0.409482 0.047496 
0.053382 -0.391636 -4.006367 0.151296 0.406818 0.031227 
0.017664 -0.517622 -3.716056 0.152133 0.408172 0.008451 
0.007221 -0.657547 -3.613807 0.156106 0.415111 -0.014711 
0.099916 -0.789015 -3.636421 0.164383 0.425191 -0.032078 
0.194341 -0.867871 -3.761445 0.175611 0.437426 -0.039392 
0.232812 -0.892327 -3.923176 0.186228 0.450285 -0.039849 
0.174678 -0.933808 -4.108398 0.191211 0.459619 -0.031088 
0.052081 -1.039503 -4.148416 0.193771 0.468788 -0.018115 
-0.043671 -1.065663 -4.074173 0.193368 0.474923 0.000000 
-0.093862 -1.065153 -3.922002 0.189802 0.475850 0.014007 
-0.023320 -1.006002 -3.814722 0.181256 0.474603 0.021446 
0.094604 -0.857354 -3.636642 0.172882 0.470464 0.025258 
0.162117 -0.696040 -3.705457 0.166350 0.465286 0.029388 
0.209277 -0.630517 -3.885008 0.161389 0.461189 0.035814 
0.155366 -0.645443 -4.153282 0.158857 0.458437 0.035652 
0.124749 -0.630072 -4.377349 0.160405 0.457439 0.031275 
0.076936 -0.653676 -4.640470 0.165686 0.457595 0.019811 
0.004331 -0.668301 -4.579846 0.173087 0.457781 0.003342 
-0.151360 -0.643190 -4.328944 0.180388 0.455666 -0.015704 
-0.224088 -0.739635 -4.026782 0.183990 0.452342 -0.028902 
-0.258002 -0.762323 -3.677292 0.186209 0.445539 -0.031785 
-0.241376 -0.783662 -3.373087 0.185253 0.437802 -0.038510 
-0.137134 -0.811695 -3.328565 0.180464 0.428746 -0.028664 
-0.121345 -0.781944 -3.442986 0.173467 0.420362 -0.014503 
-0.180651 -0.769506 -3.683648 0.165826 0.415473 -0.002199 
-0.283685 -0.746196 -3.973248 0.159523 0.412439 0.012388 
-0.340695 -0.680121 -4.265432 0.155312 0.412060 0.022530 
-0.306651 -0.585897 -4.327022 0.152462 0.413791 0.028650 
-0.245458 -0.470368 -4.285959 0.152824 0.417526 0.032006 
-0.233767 -0.334422 -4.167026 0.155705 0.421306 0.027253 
-0.321122 -0.336777 -4.034962 0.159802 0.426283 0.016421 
-0.418979 -0.420077 -3.869125 0.163804 0.431577 0.004189 
-0.528597 -0.535277 -3.860879 0.168544 0.435794 -0.018053 
-0.581778 -0.732265 -3.968652 0.173714 0.439417 -0.035177 
-0.572057 -0.825531 -4.118820 0.179973 0.442836 -0.056064 
-0.568759 -0.871956 -4.280808 0.186558 0.446132 -0.076409 
-0.545772 -0.911289 -4.467653 0.193047 0.449976 -0.091095 
-0.533107 -0.905283 -4.432576 0.198715 0.454760 -0.096993 
-0.581201 -0.945088 -4.290590 0.201611 0.459084 -0.095370 
-0.635314 -0.969364 -4.092473 0.201399 0.463078 -0.085923 
-0.641927 -0.868950 -3.926471 0.198561 0.465475 -0.065994 
-0.639115 -0.807231 -3.747790 0.192407 0.465020 -0.040843 
-0.605525 -0.633656 -3.763769 0.184498 0.462514 -0.013404 
-0.629758 -0.461327 -3.900089 0.175110 0.456125 0.014859 
-0.585673 -0.362961 -4.106054 0.164281 0.446548 0.039655 
-0.469063 -0.226166 -4.299437 0.153923 0.435983 0.055471 
-0.341248 -0.151790 -4.482419 0.144898 0.423470 0.058620 
-0.219642 -0.130132 -4.460054 0.138537 0.412566 0.054894 
-0.156959 -0.169140 -4.241439 0.135554 0.404856 0.031712 
-0.225943 -0.315252 -3.929852 0.137682 0.399842 0.012002 
-0.316355 -0.457427 -3.650999 0.144482 0.399091 -0.014071 
-0.356499 -0.602606 -3.338671 0.154023 0.400585 -0.031715 
-0.331769 -0.689877 -3.260399 0.164667 0.402472 -0.038087 
-0.263597 -0.758854 -3.369118 0.174831 0.406960 -0.042598 
-0.252184 -0.781441 -3.609761 0.184014 0.411341 -0.030671 
-0.295215 -0.851925 -3.895266 0.189616 0.416275 -0.018645 
-0.337266 -0.913098 -4.210343 0.190304 0.422268 0.000178 
-0.437646 -0.978338 -4.343297 0.187704 0.428243 0.013631 
-0.466505 -0.918297 -4.336774 0.183766 0.434886 0.021259 
-0.482745 -0.858088 -4.252283 0.179028 0.441130 0.022859 
-0.381342 -0.763951 -4.110464 0.172824 0.446447 0.018973 
-0.282733 -0.670539 -3.878412 0.166766 0.450313 0.003812 
-0.209074 -0.683805 -3.795256 0.162685 0.453666 -0.010149 
-0.209594 -0.715268 -3.848973 0.162457 0.457450 -0.028582 
-0.227566 -0.744248 -3.976960 0.166097 0.461954 -0.044462 
-0.276593 -0.826875 -4.162154 0.172083 0.466020 -0.047791 
-0.356276 -0.819671 -4.391214 0.179169 0.468723 -0.050261 
-0.438240 -0.786161 -4.420908 0.186591 0.469230 -0.051458 
-0.502922 -0.839691 -4.256862 0.191154 0.466299 -0.051158 
-0.450917 -0.800070 -4.041007 0.192420 0.462677 -0.049008 
-0.410543 -0.776211 -3.817102 0.192124 0.456740 -0.044877 
-0.285814 -0.752401 -3.554520 0.188825 0.448589 -0.034107 
-0.190629 -0.701647 -3.564221 0.181052 0.441178 -0.016957 
-0.197295 -0.638818 -3.789450 0.171870 0.434231 0.002287 
-0.265087 -0.557083 -4.085153 0.165042 0.427363 0.027665 
-0.350128 -0.456061 -4.345864 0.160103 0.420705 0.046189 
-0.319739 -0.406405 -4.630592 0.155029 0.415795 0.061966 
-0.267369 -0.314401 -4.643845 0.153137 0.412014 0.057022 
-0.269307 -0.247601 -4.430364 0.154395 0.409223 0.040733 
-0.296960 -0.277139 -4.155311 0.156397 0.409119 0.011656 
-0.406733 -0.423104 -3.868261 0.158010 0.412111 -0.022094 
-0.538351 -0.569090 -3.585326 0.161862 0.416805 -0.048073 
-0.611294 -0.767035 -3.538617 0.168285 0.424734 -0.074997 
-0.621027 -0.835753 -3.661268 0.176310 0.433485 -0.084571 
-0.622739 -0.900533 -3.854105 0.182606 0.441338 -0.089343 
-0.575531 -0.932331 -3.992436 0.187557 0.448683 -0.082987 
-0.620064 -0.947582 -4.274901 0.191136 0.454708 -0.066842 
-0.640755 -0.956158 -4.396458 0.194125 0.460165 -0.049793 
-0.621199 -0.900896 -4.369389 0.193886 0.462193 -0.028966 
-0.601176 -0.849694 -4.287883 0.190565 0.462007 -0.007380 
-0.581902 -0.707671 -4.184072 0.185308 0.460895 0.011087 
-0.598011 -0.573496 -3.988868 0.180936 0.456176 0.021401 
-0.559616 -0.470322 -3.929604 0.174939 0.447912 0.026716 
-0.420803 -0.455077 -3.960922 0.165488 0.439268 0.018244 
-0.264687 -0.431386 -4.067731 0.157238 0.429469 0.010778 
-0.127107 -0.421212 -4.186206 0.153540 0.420842 -0.003111 
-0.053671 -0.478334 -4.363249 0.153675 0.415247 -0.009018 
-0.176174 -0.601822 -4.359948 0.156110 0.412695 -0.015716 
-0.260324 -0.708845 -4.177614 0.161083 0.412442 -0.022964 
-0.299008 -0.830654 -3.875608 0.168384 0.412909 -0.027267 
-0.228654 -0.875244 -3.621717 0.176295 0.414961 -0.025285 
-0.131754 -0.813444 -3.398162 0.183040 0.419745 -0.022549 
-0.120682 -0.814770 -3.398294 0.187056 0.422847 -0.013747 
-0.192705 -0.852831 -3.585134 0.187241 0.427316 0.003076 
-0.292875 -0.910902 -3.926397 0.184379 0.433318 0.014964 
-0.361525 -1.003435 -4.257745 0.179849 0.437266 0.028073 
-0.402047 -1.001867 -4.598619 0.175515 0.440382 0.037143 
-0.375085 -0.904868 -4.731522 0.171232 0.443966 0.032589 
-0.348715 -0.769388 -4.682745 0.169459 0.446002 0.019073 
-0.347149 -0.636445 -4.441085 0.169890 0.447205 -0.007598 
-0.351179 -0.661424 -4.201403 0.170977 0.448293 -0.030378 
-0.370678 -0.800269 -3.906609 0.172052 0.449325 -0.058947 
-0.371165 -0.890086 -3.683664 0.174943 0.447331 -0.068679 
-0.365437 -1.012090 -3.717435 0.177467 0.445238 -0.069203 
-0.331797 -0.992046 -3.823549 0.181815 0.444664 -0.062483 
-0.399875 -0.923806 -4.016905 0.188219 0.443423 -0.046723 
-0.396289 -0.893395 -4.219172 0.193916 0.442707 -0.035059 
-0.366549 -0.813501 -4.255072 0.195308 0.441331 -0.018122 
-0.337654 -0.751771 -4.238896 0.191423 0.439928 -0.006001 
-0.259874 -0.647011 -4.138361 0.184651 0.439143 0.006780 
-0.246873 -0.554739 -4.032456 0.177269 0.438513 0.017964 
-0.281473 -0.480825 -3.881527 0.169084 0.439539 0.027887 
-0.248972 -0.434692 -3.877996 0.161070 0.440473 0.031877 
-0.223171 -0.325211 -3.976672 0.155110 0.440158 0.035040 
-0.190588 -0.217450 -4.170259 0.151554 0.440649 0.026282 
-0.160612 -0.167411 -4.294286 0.149676 0.439882 0.016904 
-0.212691 -0.195556 -4.431145 0.149293 0.438034 0.007584 
-0.300391 -0.337811 -4.352676 0.149839 0.436244 -0.011262 
-0.395885 -0.512463 -4.129578 0.153362 0.434680 -0.025436 
-0.517991 -0.696238 -3.852848 0.159856 0.433386 -0.042723 
-0.581841 -0.779226 -3.595373 0.167894 0.433928 -0.061426 
-0.646306 -0.852938 -3.350836 0.176321 0.434292 -0.079282 
-0.631912 -0.878735 -3.294833 0.183376 0.434266 -0.086107 
-0.603796 -0.895628 -3.466825 0.187944 0.434190 -0.085472 
-0.573910 -0.949730 -3.766214 0.189369 0.433357 -0.072790 
-0.545596 -0.938517 -4.030779 0.188683 0.431232 -0.052392 
-0.503617 -0.862814 -4.327220 0.185410 0.427809 -0.025614 
-0.448687 -0.765065 -4.404818 0.180364 0.423720 0.011793 
-0.365791 -0.575856 -4.310638 0.174357 0.419236 0.038573 
-0.360479 -0.442932 -4.118775 0.167742 0.414193 0.059428 
-0.285734 -0.342765 -3.929842 0.160125 0.410612 0.058496 
-0.200947 -0.256107 -3.643374 0.152729 0.409981 0.046989 
-0.116252 -0.260997 -3.585391 0.147750 0.410765 0.027906 
-0.015223 -0.313874 -3.657769 0.145178 0.416116 0.006243 
-0.003673 -0.385312 -3.794097 0.145804 0.422982 -0.004713 
-0.067640 -0.559905 -3.956471 0.148393 0.431768 -0.018891 
-0.095862 -0.689126 -4.131717 0.154862 0.441507 -0.019087 
-0.120799 -0.739234 -4.114755 0.163329 0.449614 -0.016310 
-0.025591 -0.767236 -3.963048 0.171696 0.456310 -0.006856 
-0.010336 -0.758161 -3.800803 0.178352 0.460528 0.007826 
-0.012882 -0.776780 -3.673417 0.182396 0.462086 0.022216 
-0.062571 -0.839184 -3.482621 0.183210 0.460876 0.034044 
-0.080257 -0.904918 -3.556986 0.180496 0.458896 0.044954 
-0.096111 -0.958014 -3.796488 0.177235 0.456145 0.045773 
-0.086878 -0.929965 -4.147425 0.176006 0.454297 0.033623 
-0.065482 -0.836425 -4.481130 0.177170 0.453525 0.013318 
-0.104636 -0.781266 -4.840518 0.179471 0.454770 -0.017463 
-0.161027 -0.735904 -4.907245 0.183446 0.456962 -0.045032 
-0.302478 -0.832745 -4.775047 0.188131 0.458810 -0.067882 
-0.357453 -0.912963 -4.476756 0.192819 0.459962 -0.080608 
-0.371106 -0.976749 -4.172830 0.195561 0.459415 -0.082447 
-0.331535 -1.025573 -3.792248 0.197154 0.457555 -0.073999 
-0.357301 -0.984696 -3.618433 0.197585 0.454405 -0.062867 
-0.404343 -0.919019 -3.626802 0.196262 0.449344 -0.046576 
-0.376692 -0.864571 -3.774727 0.190411 0.444536 -0.028311 
-0.332554 -0.744273 -3.964003 0.181820 0.438683 -0.011609 
-0.294883 -0.605037 -4.248898 0.171435 0.432326 0.008054 
-0.220042 -0.477370 -4.358320 0.160336 0.427580 0.022921 
-0.216742 -0.368517 -4.307314 0.151464 0.424933 0.036898 
-0.288640 -0.297206 -4.206795 0.144209 0.422401 0.046376 
-0.363800 -0.261480 -4.072322 0.140391 0.422053 0.044212 
-0.356874 -0.188475 -3.863207 0.141376 0.422274 0.033467 
-0.287685 -0.159762 -3.842932 0.145950 0.423395 0.014755 
-0.226875 -0.138964 -3.958913 0.153686 0.424601 -0.000480 
-0.270264 -0.255416 -4.137700 0.162005 0.425716 -0.019366 
-0.382721 -0.479229 -4.232612 0.170332 0.427373 -0.027828 
-0.469801 -0.718234 -4.397251 0.178409 0.429722 -0.032823 
-0.515908 -0.961197 -4.323422 0.186308 0.432790 -0.043735 
-0.488757 -1.070197 -4.105964 0.192935 0.436161 -0.046522 
-0.452626 -1.083486 -3.834881 0.196860 0.440346 -0.056270 
-0.456663 -1.059085 -3.658836 0.197178 0.443896 -0.058084 
-0.460439 -1.007333 -3.448199 0.194152 0.447072 -0.055300 
-0.420510 -0.986302 -3.477655 0.187896 0.449495 -0.043886 
-0.356882 -0.951786 -3.672063 0.179833 0.450644 -0.026241 
-0.272066 -0.828419 -3.934721 0.171771 0.450749 -0.001636 
-0.203011 -0.712454 -4.212550 0.164290 0.449231 0.016851 
-0.197190 -0.531831 -4.522664 0.158517 0.446470 0.035222 
-0.215860 -0.369675 -4.587505 0.154511 0.442667 0.040057 
-0.207721 -0.322750 -4.440471 0.152109 0.437913 0.036217 
-0.152733 -0.294228 -4.184465 0.152007 0.433280 0.027814 
-0.097555 -0.350119 -3.937881 0.154044 0.428507 0.013653 
-0.007883 -0.441346 -3.630600 0.157455 0.425389 0.002277 
0.038001 -0.540848 -3.514628 0.162239 0.424616 -0.006738 
-0.005883 -0.661909 -3.566805 0.168433 0.425447 -0.014439 
-0.043933 -0.791450 -3.735565 0.174094 0.428452 -0.020009 
-0.040494 -0.873575 -3.885823 0.178829 0.432539 -0.016536 
-0.033622 -0.900160 -4.162422 0.181552 0.436361 -0.009792 
-0.013815 -0.842180 -4.237804 0.181815 0.440197 -0.000659 
-0.050507 -0.791781 -4.166421 0.179735 0.443262 0.012181 
-0.112529 -0.787746 -4.025650 0.176026 0.445519 0.026703 
-0.156457 -0.734153 -3.920535 0.171553 0.447767 0.039941 
-0.183227 -0.716795 -3.794934 0.166989 0.449749 0.037529 
-0.186861 -0.655372 -3.884664 0.163560 0.452656 0.027526 
-0.217684 -0.596224 -4.099821 0.163153 0.456412 0.001385 
-0.254688 -0.607931 -4.354733 0.165461 0.459994 -0.027003 
-0.312547 -0.645045 -4.575497 0.170470 0.464103 -0.050914 
-0.340735 -0.782787 -4.770036 0.176879 0.467299 -0.070462 
-0.394026 -0.882908 -4.709253 0.185301 0.468682 -0.072414 
-0.420008 -0.943653 -4.489130 0.193526 0.468430 -0.076875 
-0.414783 -0.986460 -4.220862 0.199166 0.466359 -0.066862 
-0.429985 -0.968539 -3.927606 0.203458 0.462076 -0.049679 
-0.473945 -0.924214 -3.605788 0.204219 0.456171 -0.036997 
-0.523223 -0.867755 -3.542379 0.200418 0.448146 -0.019185 
-0.483076 -0.745966 -3.682386 0.192156 0.439830 -0.001988 
-0.432687 -0.574283 -3.928659 0.180559 0.431179 0.011654 
-0.370222 -0.432531 -4.195888 0.167474 0.422624 0.026466 
-0.339256 -0.293657 -4.532296 0.154348 0.416576 0.032721 
-0.400888 -0.268841 -4.618699 0.143885 0.411837 0.026653 
-0.454341 -0.238914 -4.501047 0.137627 0.409119 0.017137 
-0.465887 -0.216258 -4.280683 0.136797 0.408751 -0.004521 
-0.453166 -0.230819 -3.998006 0.140862 0.408786 -0.018502 
-0.429540 -0.270383 -3.670717 0.149094 0.410176 -0.029210 
-0.427595 -0.394779 -3.539800 0.159461 0.412006 -0.036189 
-0.474755 -0.591947 -3.568239 0.170102 0.414662 -0.036806 
-0.503367 -0.801837 -3.659200 0.180023 0.418340 -0.036410 
-0.553680 -0.985789 -3.797602 0.187222 0.421603 -0.039214 
-0.539758 -1.102345 -4.031745 0.191401 0.425408 -0.042143 
-0.472884 -1.112635 -4.102111 0.192010 0.428769 -0.043116 
-0.431817 -1.111033 -3.997021 0.189146 0.430376 -0.042788 
-0.374344 -1.027325 -3.879024 0.183493 0.432576 -0.037663 
-0.317231 -0.961965 -3.747836 0.176909 0.434495 -0.025334 
-0.258372 -0.871756 -3.626298 0.171629 0.436908 -0.006272 
-0.166778 -0.682467 -3.725230 0.168521 0.440407 0.010451 
-0.138790 -0.569693 -3.962684 0.165969 0.444239 0.025408 
-0.126754 -0.448379 -4.258984 0.165237 0.448855 0.034492 
-0.177881 -0.386084 -4.484422 0.166133 0.452987 0.026977 
-0.190509 -0.452636 -4.697737 0.167916 0.455945 0.025635 
-0.144578 -0.508968 -4.647195 0.169466 0.458819 0.012623 
-0.079496 -0.569770 -4.356104 0.171950 0.460005 0.003999 
-0.034146 -0.576484 -4.054081 0.174484 0.459446 -0.000820 
0.002884 -0.604928 -3.727245 0.176054 0.458825 -0.010650 
-0.073895 -0.667612 -3.407097 0.175876 0.456235 -0.008759 
-0.125934 -0.743411 -3.365447 0.174349 0.453309 -0.008053 
-0.161247 -0.762022 -3.519754 0.171639 0.449754 -0.001247 
-0.128165 -0.761537 -3.773967 0.168307 0.444314 0.009368 
-0.096628 -0.657616 -4.057721 0.164579 0.439220 0.020112 
-0.113263 -0.575554 -4.380307 0.161474 0.433407 0.029849 
-0.150623 -0.514496 -4.484472 0.159804 0.428843 0.036405 
-0.225895 -0.519206 -4.411712 0.159403 0.424561 0.028589 
-0.303714 -0.614920 -4.265291 0.159961 0.420810 0.014988 
-0.354828 -0.682070 -4.114158 0.162982 0.418977 -0.006056 
-0.348427 -0.734643 -3.928406 0.168385 0.418461 -0.030442 
-0.368956 -0.794666 -3.891344 0.176621 0.419121 -0.050294 
-0.412787 -0.860953 -3.996078 0.186090 0.422447 -0.071176 
-0.460920 -0.953940 -4.107041 0.194730 0.426769 -0.081458 
-0.494399 -1.062071 -4.208767 0.202307 0.431945 -0.086908 
-0.454592 -1.068443 -4.366006 0.206308 0.437913 -0.084172 
-0.426300 -1.113225 -4.347054 0.205524 0.443350 -0.075863 
-0.427091 -1.052499 -4.195470 0.200800 0.449120 -0.061121 
-0.483315 -0.915528 -3.994719 0.194007 0.453967 -0.044115 
-0.503501 -0.823344 -3.850650 0.184835 0.457311 -0.023266 
-0.464346 -0.632849 -3.677510 0.174300 0.459992 -0.000825 
-0.398138 -0.430680 -3.718229 0.163395 0.459364 0.022445 
-0.265245 -0.258790 -3.926290 0.152967 0.457318 0.043421 
-0.230436 -0.134740 -4.224423 0.144717 0.455353 0.050869 
-0.280683 -0.156391 -4.453151 0.139566 0.451787 0.045103 
-0.372524 -0.278366 -4.663374 0.139145 0.447878 0.028953 
-0.347363 -0.404861 -4.598290 0.143244 0.443485 0.005139 
-0.297146 -0.494071 -4.354374 0.151795 0.437590 -0.012339 
-0.198350 -0.536303 -4.025357 0.163269 0.432316 -0.033317 
-0.217509 -0.591184 -3.699493 0.175878 0.426369 -0.038116 
-0.289849 -0.738851 -3.371396 0.186197 0.420751 -0.042382 
-0.354711 -0.926412 -3.266963 0.192394 0.417021 -0.036093 
-0.432282 -1.096931 -3.391418 0.194860 0.413231 -0.025002 
-0.393764 -1.187327 -3.631994 0.193297 0.411430 -0.021236 
-0.349587 -1.130617 -3.911905 0.188918 0.410813 -0.011945 
-0.309752 -1.029680 -4.265531 0.182277 0.411588 -0.003966 
-0.308541 -0.851607 -4.416241 0.175019 0.414256 0.000562 
-0.264991 -0.752900 -4.390166 0.168021 0.418007 0.006798 
-0.218627 -0.645755 -4.256696 0.162201 0.422775 0.009883 
-0.152523 -0.535383 -4.128838 0.158181 0.428447 0.006063 
-0.120047 -0.475607 -3.902513 0.156675 0.434912 0.009338 
-0.125773 -0.456537 -3.866508 0.158405 0.441836 0.005627 
-0.205860 -0.491827 -3.938326 0.163251 0.449286 0.006148 
-0.223728 -0.566869 -4.066132 0.169785 0.455713 0.003586 
-0.184995 -0.593455 -4.161220 0.176369 0.462133 -0.003757 
-0.103496 -0.595197 -4.335624 0.182515 0.466170 -0.011340 
-0.012136 -0.609259 -4.314403 0.185356 0.469146 -0.017843 
-0.000704 -0.631436 -4.172121 0.184875 0.470168 -0.025563 
-0.084192 -0.737129 -3.973795 0.181500 0.469519 -0.029450 
-0.128904 -0.794519 -3.811108 0.177369 0.467592 -0.022922 
-0.128016 -0.802706 -3.618060 0.173290 0.463841 -0.012364 
-0.075128 -0.663334 -3.650301 0.169652 0.458882 0.006860 
-0.043073 -0.490280 -3.876360 0.166573 0.452973 0.030226 
-0.048617 -0.364675 -4.150695 0.164105 0.446156 0.048387 
-0.112255 -0.376062 -4.378370 0.162400 0.439755 0.055688 
-0.174843 -0.453672 -4.614363 0.161027 0.434338 0.046319 
-0.244333 -0.626033 -4.627594 0.161540 0.430413 0.027727 
-0.314576 -0.725073 -4.447143 0.164640 0.428474 -0.008530 
-0.383105 -0.788348 -4.205047 0.171205 0.427502 -0.039635 
-0.438809 -0.822643 -3.975981 0.179106 0.427701 -0.070560 
-0.469746 -0.831912 -3.641505 0.186553 0.428508 -0.091092 
-0.519431 -0.898053 -3.502328 0.191516 0.428620 -0.093433 
-0.521145 -1.006105 -3.550921 0.193650 0.429555 -0.092061 
-0.543182 -1.010334 -3.708268 0.193300 0.430529 -0.074296 
-0.500327 -1.011320 -3.921103 0.189638 0.431539 -0.052563 
-0.490339 -0.933248 -4.208130 0.183144 0.433120 -0.023639 
-0.559383 -0.780024 -4.307434 0.175836 0.433911 0.000248 
-0.563596 -0.607008 -4.253290 0.168053 0.434609 0.019990 
-0.493127 -0.442187 -4.146570 0.161697 0.434469 0.030216 
-0.422867 -0.292494 -4.016443 0.154107 0.433640 0.036192 
-0.351696 -0.179246 -3.847975 0.147863 0.432954 0.030370 
-0.290032 -0.186869 -3.820251 0.144626 0.431919 0.021870 
-0.290876 -0.244862 -3.909607 0.144060 0.430078 0.013757 
-0.285310 -0.411602 -4.038952 0.145947 0.428907 -0.000377 
-0.257080 -0.511817 -4.124904 0.151529 0.428189 -0.010220 
-0.214641 -0.606210 -4.252962 0.162145 0.428251 -0.019002 
-0.113431 -0.621792 -4.187269 0.174464 0.429733 -0.025486 
-0.086450 -0.701878 -3.994795 0.184511 0.431971 -0.032503 
-0.115727 -0.816601 -3.791024 0.190746 0.434976 -0.033576 
-0.199194 -1.012172 -3.639390 0.193491 0.438523 -0.031890 
-0.261545 -1.133737 -3.459214 0.193232 0.441377 -0.027309 
-0.239611 -1.161267 -3.537107 0.189359 0.444390 -0.018465 
-0.150452 -1.061889 -3.751104 0.184497 0.446817 -0.007092 
-0.072113 -0.873745 -4.053148 0.180421 0.448332 0.010568 
-0.020209 -0.704250 -4.313315 0.176357 0.449150 0.023869 
0.010150 -0.623966 -4.622783 0.171333 0.450276 0.037102 
0.018860 -0.574532 -4.725001 0.167350 0.451294 0.036226 
0.017404 -0.527327 -4.605244 0.165582 0.452919 0.030352 
0.023966 -0.519373 -4.400379 0.166107 0.454640 0.017421 
-0.035933 -0.557349 -4.163500 0.168678 0.457662 0.002419 
-0.101719 -0.575586 -3.841080 0.173954 0.460352 -0.008249 
-0.145307 -0.643705 -3.683533 0.179865 0.462500 -0.022301 
-0.123053 -0.659494 -3.667149 0.183944 0.463296 -0.023652 
-0.126943 -0.663586 -3.795056 0.184241 0.461997 -0.025253 
-0.096010 -0.657089 -3.943819 0.181423 0.459131 -0.020586 
-0.077705 -0.663835 -4.187419 0.176424 0.454554 -0.009090 
-0.124375 -0.727678 -4.233788 0.170012 0.448847 0.001622 
-0.160508 -0.733395 -4.138389 0.163043 0.442306 0.012926 
-0.191680 -0.667746 -3.996297 0.157703 0.435855 0.024810 
-0.150697 -0.497790 -3.888129 0.154907 0.429040 0.032596 
-0.124990 -0.297215 -3.730682 0.153757 0.423758 0.032032 
-0.135195 -0.203127 -3.799188 0.153293 0.419759 0.027992 
-0.168311 -0.341045 -3.938638 0.153915 0.417821 0.014856 
-0.255075 -0.537188 -4.131183 0.158277 0.418355 0.003820 
-0.328101 -0.783288 -4.289398 0.165021 0.420374 -0.018304 
-0.384384 -0.922775 -4.498810 0.173973 0.425303 -0.037814 
-0.412751 -0.947409 -4.476079 0.184701 0.431011 -0.057973 
-0.462625 -0.931883 -4.314679 0.195852 0.436392 -0.077034 
-0.499371 -0.940200 -4.055447 0.203465 0.441564 -0.092428 
-0.506590 -1.048288 -3.826688 0.205255 0.445739 -0.096319 
-0.510625 -1.158619 -3.538264 0.202693 0.448647 -0.092897 
-0.487035 -1.158325 -3.504354 0.196924 0.450217 -0.078861 
-0.458546 -1.099519 -3.621916 0.189652 0.451050 -0.056107 
-0.434901 -0.935433 -3.874058 0.179912 0.451990 -0.026526 
-0.455151 -0.716215 -4.154044 0.171020 0.452028 0.005628 
-0.451725 -0.591802 -4.487216 0.163727 0.451288 0.033606 
-0.411575 -0.473500 -4.599547 0.157360 0.450228 0.046211 
-0.345523 -0.375427 -4.542529 0.152945 0.447308 0.047040 
-0.208045 -0.294927 -4.371950 0.150045 0.443648 0.034323 
-0.147786 -0.256473 -4.158583 0.150178 0.439460 0.022662 
-0.181637 -0.348781 -3.865265 0.153027 0.434416 0.001767 
-0.194341 -0.506409 -3.690219 0.158332 0.430579 -0.006763 
-0.205977 -0.645358 -3.707438 0.166350 0.427352 -0.013353 
-0.180286 -0.731604 -3.790143 0.175086 0.424472 -0.018599 
-0.138691 -0.728812 -3.934401 0.182373 0.422787 -0.014739 
-0.108651 -0.727305 -4.162442 0.186111 0.422136 -0.015305 
-0.119907 -0.774299 -4.208439 0.186422 0.421838 -0.005715 
-0.134306 -0.854824 -4.100682 0.183271 0.423620 0.001448 
-0.197233 -0.936991 -3.942579 0.177827 0.426116 0.010290 
-0.211189 -0.941166 -3.822330 0.171996 0.429836 0.018372 
-0.179742 -0.807543 -3.693977 0.166838 0.434438 0.023064 
-0.160697 -0.682199 -3.749246 0.163389 0.438465 0.019322 
-0.138392 -0.530354 -3.972471 0.161905 0.443178 0.016482 
-0.116464 -0.503098 -4.246947 0.161473 0.447067 0.005177 
-0.133760 -0.606027 -4.421644 0.162992 0.450404 -0.003116 
-0.136701 -0.646044 -4.628534 0.167214 0.453675 -0.012417 
-0.134315 -0.734146 -4.609891 0.173018 0.456473 -0.023815 
-0.151317 -0.723431 -4.402974 0.180141 0.459245 -0.030313 
-0.221263 -0.714262 -4.113419 0.187540 0.461609 -0.037488 
-0.289197 -0.758405 -3.868858 0.192960 0.462407 -0.045534 
-0.303382 -0.776169 -3.586048 0.195220 0.462541 -0.054448 
-0.290769 -0.763028 -3.536217 0.193230 0.460253 -0.052630 
-0.225418 -0.746836 -3.693226 0.187289 0.456009 -0.042651 
-0.188176 -0.660353 -3.914671 0.178779 0.451342 -0.025469 
-0.182431 -0.618220 -4.139150 0.169461 0.444696 0.001271 
-0.166423 -0.575866 -4.400319 0.160152 0.439136 0.030325 
-0.174671 -0.466719 -4.470536 0.153537 0.433742 0.054490 
-0.171355 -0.345138 -4.369733 0.149092 0.428698 0.062149 
-0.122978 -0.224803 -4.190736 0.147549 0.425608 0.061014 
-0.110458 -0.204495 -4.006125 0.147845 0.423646 0.040718 
-0.178566 -0.271705 -3.778667 0.150368 0.423168 0.021769 
-0.301375 -0.454347 -3.697954 0.155586 0.424936 -0.009103 
-0.427629 -0.697556 -3.765596 0.162474 0.427405 -0.034906 
-0.513660 -0.821040 -3.874872 0.169752 0.429771 -0.048693 
-0.537569 -0.924408 -4.034746 0.178814 0.432657 -0.071557 
-0.524504 -0.967230 -4.223861 0.186884 0.434676 -0.078529 
-0.513717 -0.949431 -4.278860 0.192803 0.436534 -0.080931 
-0.496669 -0.980866 -4.147659 0.195479 0.437547 -0.074881 
-0.529768 -1.069421 -3.973812 0.194512 0.437746 -0.059423 
-0.527287 -1.063163 -3.835258 0.191341 0.438319 -0.040497 
-0.480080 -1.042678 -3.664375 0.186529 0.438491 -0.017329 
-0.411735 -0.909011 -3.687917 0.181571 0.439548 0.006783 
-0.435121 -0.699385 -3.864909 0.176455 0.440132 0.020194 
-0.448086 -0.602324 -4.099821 0.171357 0.439915 0.024510 
-0.396994 -0.470422 -4.318298 0.165896 0.439823 0.022744 
-0.318116 -0.444752 -4.559887 0.161149 0.438229 0.009768 
-0.227064 -0.441737 -4.592972 0.157687 0.436427 0.001446 
-0.163304 -0.476138 -4.431052 0.156665 0.435624 -0.013420 
-0.188191 -0.559853 -4.130400 0.158133 0.434266 -0.024784 
-0.204530 -0.654895 -3.848998 0.162743 0.434009 -0.030976 
-0.193574 -0.702452 -3.523149 0.168986 0.434537 -0.035858 
-0.149326 -0.730310 -3.394376 0.175079 0.434304 -0.034993 
-0.061763 -0.688259 -3.482868 0.179611 0.435465 -0.027525 
-0.027884 -0.669437 -3.696662 0.181386 0.435489 -0.012824 
-0.063881 -0.720628 -3.903788 0.180058 0.435591 0.005226 
-0.070936 -0.757124 -4.218572 0.176446 0.436384 0.031043 
-0.117099 -0.812435 -4.362543 0.171865 0.436543 0.050374 
-0.115047 -0.777197 -4.337411 0.168097 0.437802 0.062675 
-0.103150 -0.683910 -4.263038 0.165539 0.439459 0.059259 
-0.119882 -0.582254 -4.165368 0.164304 0.440527 0.042237 
-0.111139 -0.468035 -4.010919 0.164771 0.443114 0.013858 
-0.104694 -0.501780 -3.934815 0.166128 0.445854 -0.016486 
-0.143693 -0.624061 -4.011204 0.169098 0.448344 -0.036188 
-0.158226 -0.742120 -4.137269 0.173559 0.451724 -0.057357 
-0.159850 -0.890669 -4.215151 0.179587 0.454366 -0.059215 
-0.182428 -0.903986 -4.391397 0.186079 0.457144 -0.054460 
-0.217553 -0.880740 -4.372265 0.192007 0.459329 -0.050257 
-0.270220 -0.863603 -4.200658 0.195469 0.459428 -0.036644 
-0.270151 -0.804781 -3.971966 0.194909 0.458859 -0.030513 
-0.254019 -0.751280 -3.790448 0.190311 0.455612 -0.015112 
-0.172512 -0.667108 -3.585660 0.181787 0.451723 0.001778 
-0.131812 -0.552541 -3.594240 0.170893 0.447588 0.020577 
-0.145274 -0.480970 -3.800805 0.159836 0.442594 0.037703 
-0.166432 -0.356214 -4.076476 0.150918 0.438730 0.048850 
-0.170959 -0.273931 -4.318353 0.144596 0.435275 0.045168 
-0.136826 -0.190583 -4.606972 0.142164 0.432517 0.041163 
-0.137117 -0.111534 -4.666004 0.143362 0.430617 0.024422 
-0.172254 -0.168862 -4.499707 0.147105 0.428687 0.008746 
-0.246545 -0.313202 -4.228053 0.153422 0.427939 -0.006498 
-0.331377 -0.519197 -3.948350 0.161546 0.427806 -0.026191 
-0.418064 -0.757353 -3.590708 0.170727 0.427671 -0.041558 
-0.427987 -0.911401 -3.443637 0.180071 0.429071 -0.057950 
-0.450719 -0.983957 -3.501953 0.187903 0.429956 -0.072096 
-0.453691 -1.043079 -3.680455 0.193117 0.430635 -0.081151 
-0.440824 -1.038902 -3.874443 0.194772 0.431730 -0.077922 
-0.433725 -1.099751 -4.170841 0.192600 0.431624 -0.064013 
-0.403790 -1.122326 -4.291775 0.187971 0.431841 -0.041865 
-0.385465 -1.029576 -4.251387 0.182534 0.431984 -0.014693 
-0.343082 -0.898740 -4.148750 0.176732 0.431966 0.012233 
-0.280434 -0.687893 -4.010345 0.171660 0.433641 0.032758 
-0.284356 -0.522733 -3.812131 0.167345 0.434671 0.037660 
-0.261339 -0.433642 -3.799890 0.163803 0.436257 0.035383 
-0.210313 -0.389501 -3.940043 0.160286 0.438773 0.021365 
-0.173987 -0.411359 -4.141411 0.158390 0.440137 0.010259 
-0.083615 -0.412551 -4.335095 0.158277 0.442471 -0.001195 
-0.036529 -0.475470 -4.486401 0.159954 0.444891 -0.010734 
-0.074909 -0.551180 -4.475767 0.164702 0.446377 -0.010414 
-0.058914 -0.591610 -4.283587 0.169877 0.449084 -0.017882 
-0.052111 -0.651286 -3.949012 0.175230 0.451085 -0.013972 
-0.028420 -0.632863 -3.710453 0.178579 0.451297 -0.006632 
0.019804 -0.605911 -3.436718 0.179750 0.451530 0.004205 
0.029593 -0.593400 -3.388708 0.177920 0.450346 0.022090 
0.025450 -0.603846 -3.570452 0.173681 0.449469 0.040233 
0.006640 -0.648088 -3.863772 0.168397 0.448401 0.055175 
-0.021995 -0.718874 -4.157208 0.164043 0.447278 0.061730 
-0.060670 -0.668667 -4.502399 0.161014 0.446543 0.052506 
-0.079070 -0.649455 -4.664349 0.159693 0.445603 0.030106 
-0.138994 -0.612339 -4.609243 0.161515 0.444643 0.004100 
-0.176791 -0.598511 -4.407424 0.165909 0.443965 -0.029446 
-0.173528 -0.697627 -4.178958 0.171946 0.442686 -0.051242 
-0.180258 -0.822016 -3.856495 0.179402 0.442798 -0.071290 
-0.211290 -0.911433 -3.668629 0.187582 0.443037 -0.082872 
-0.207954 -1.003676 -3.699864 0.194974 0.443378 -0.079943 
-0.229993 -1.008892 -3.818785 0.199433 0.445291 -0.072414 
-0.327431 -0.990840 -3.977104 0.200479 0.445833 -0.062802 
-0.363994 -0.966593 -4.237032 0.197914 0.446832 -0.046901 
-0.357029 -0.864183 -4.303925 0.192057 0.447151 -0.028818 
-0.350113 -0.791688 -4.225455 0.183091 0.445521 -0.009911 
-0.285578 -0.611537 -4.086058 0.172343 0.444298 0.014152 
-0.244482 -0.430675 -3.957689 0.160944 0.441704 0.035230 
-0.244550 -0.331081 -3.777276 0.150874 0.438391 0.050947 
-0.231501 -0.256041 -3.776846 0.142893 0.436122 0.052518 
-0.255518 -0.240917 -3.912275 0.139134 0.433808 0.044988 
-0.233486 -0.251993 -4.097189 0.139717 0.432306 0.030036 
-0.214915 -0.277493 -4.262398 0.144693 0.432152 0.008366 
-0.257579 -0.368978 -4.462391 0.153193 0.431372 -0.006220 
-0.296297 -0.491350 -4.452494 0.163392 0.431847 -0.028722 
-0.369662 -0.682706 -4.250918 0.174686 0.432724 -0.040064 
-0.446221 -0.892759 -4.001096 0.184721 0.433133 -0.049634 
-0.456393 -1.091526 -3.742950 0.192460 0.434507 -0.060994 
-0.466218 -1.191619 -3.463169 0.198165 0.434689 -0.063458 
-0.438366 -1.198466 -3.437355 0.200863 0.435352 -0.063596 
-0.400869 -1.110357 -3.590398 0.199910 0.435747 -0.050815 
-0.348204 -1.043289 -3.861529 0.195612 0.435289 -0.029400 
-0.312236 -0.936895 -4.144610 0.188849 0.435638 -0.005590 
-0.260071 -0.853234 -4.450176 0.182095 0.435947 0.011221 
-0.202754 -0.761580 -4.622938 0.172500 0.437542 0.029463 
-0.184039 -0.641595 -4.572942 0.166276 0.439734 0.026193 
-0.220278 -0.516277 -4.370699 0.161176 0.442006 0.022182 
-0.223711 -0.417753 -4.205716 0.158478 0.444422 0.015193 
-0.189871 -0.359936 -3.930805 0.157758 0.447103 -0.000438 
-0.192723 -0.370372 -3.795836 0.159118 0.448325 -0.010441 
-0.116956 -0.399275 -3.818585 0.162974 0.449589 -0.020091 
-0.069819 -0.447517 -3.911280 0.167487 0.449827 -0.022730 
-0.050825 -0.551429 -4.018215 0.171274 0.449477 -0.023347 
-0.055342 -0.610374 -4.203967 0.174404 0.448564 -0.020350 
-0.073980 -0.673216 -4.247330 0.177010 0.446676 -0.017107 
-0.041527 -0.637637 -4.100531 0.178243 0.444751 -0.004098 
-0.005123 -0.580498 -3.928125 0.177057 0.442807 0.012408 
-0.004650 -0.535622 -3.792175 0.173839 0.439971 0.032674 
-0.014164 -0.484533 -3.625729 0.169693 0.437778 0.053511 
-0.026483 -0.481200 -3.635122 0.164250 0.436350 0.064755 
-0.055048 -0.504448 -3.843197 0.158776 0.435504 0.062731 
-0.075042 -0.532367 -4.087615 0.154877 0.436104 0.046266 
-0.120239 -0.583563 -4.321951 0.154171 0.436950 0.019887 
-0.172403 -0.643447 -4.607396 0.156775 0.438702 -0.012497 
-0.196403 -0.699868 -4.652628 0.162623 0.441001 -0.042051 
-0.224735 -0.735700 -4.478536 0.171338 0.443042 -0.064265 
-0.249381 -0.826324 -4.185378 0.181432 0.445505 -0.082674 
-0.279344 -0.888563 -3.881338 0.190605 0.447195 -0.081203 
-0.272153 -0.985252 -3.558249 0.196662 0.448789 -0.081185 
-0.263254 -1.033516 -3.423693 0.199539 0.450446 -0.064962 
-0.267155 -1.018949 -3.510078 0.199008 0.451109 -0.043156 
-0.263800 -0.958807 -3.715575 0.194951 0.451754 -0.019878 
-0.244983 -0.796398 -3.990844 0.187608 0.451865 0.005367 
-0.227868 -0.625917 -4.338911 0.177914 0.450751 0.029103 
-0.176252 -0.407944 -4.512862 0.166634 0.448602 0.041675 
-0.140512 -0.251807 -4.481216 0.155217 0.445917 0.045399 
-0.148109 -0.168323 -4.370968 0.144543 0.442133 0.037905 
-0.140898 -0.184218 -4.187011 0.137028 0.438558 0.019231 
-0.150022 -0.203193 -3.904708 0.135106 0.434241 0.005818 
-0.105435 -0.219446 -3.793805 0.137740 0.430713 -0.015005 
-0.076660 -0.226199 -3.800200 0.144940 0.428485 -0.028929 
-0.050057 -0.296279 -3.863520 0.155233 0.426649 -0.038798 
-0.042158 -0.478801 -3.925933 0.166493 0.425953 -0.046059 
-0.035245 -0.691914 -4.080855 0.176739 0.425751 -0.048363 
-0.001947 -0.890830 -4.081128 0.184038 0.426206 -0.049743 
0.032679 -0.974445 -3.986723 0.188286 0.427259 -0.050204 
0.082798 -0.978755 -3.820872 0.191169 0.428419 -0.049802 
0.137671 -0.889186 -3.691744 0.191023 0.429508 -0.040875 
0.226370 -0.726927 -3.547194 0.187872 0.431547 -0.024152 
0.355296 -0.511563 -3.583748 0.181112 0.433836 -0.001615 
0.493513 -0.383794 -3.818427 0.172466 0.437209 0.027916 
0.581426 -0.259581 -4.142284 0.163446 0.442464 0.052960 
0.654253 -0.138145 -4.451203 0.155196 0.449046 0.067804 
0.754584 -0.016610 -4.771638 0.148886 0.458291 0.073893 
0.813253 0.112931 -4.892064 0.146291 0.468453 0.066903 
0.830962 0.155045 -4.738377 0.147863 0.478826 0.056831 
0.886865 0.143454 -4.479234 0.151806 0.488797 0.043469 
0.928447 0.115129 -4.196398 0.156106 0.495508 0.028758 
0.962227 0.069481 -3.787525 0.162044 0.501982 0.022919 
1.040285 0.000922 -3.622445 0.166577 0.505302 0.018310 
1.070553 -0.049330 -3.652116 0.169457 0.505072 0.015970 
1.143634 -0.083063 -3.773061 0.170399 0.503151 0.026686 
1.214470 -0.116290 -3.947384 0.168292 0.499613 0.032810 
1.227091 -0.140044 -4.188188 0.164453 0.493521 0.034758 
1.254750 -0.112755 -4.286783 0.160175 0.486673 0.044798 
1.292196 -0.011775 -4.259238 0.155450 0.479193 0.053596 
1.301619 0.134517 -4.156832 0.150381 0.470959 0.061312 
1.324834 0.243394 -4.042406 0.146825 0.464060 0.074881 
1.309981 0.254468 -3.866637 0.145929 0.457465 0.082416 
1.292645 0.204431 -3.805753 0.147016 0.452306 0.085813 
1.344333 0.166008 -3.911506 0.149033 0.449834 0.082271 
1.397778 0.183801 -4.053136 0.151764 0.448508 0.068726 
1.414872 0.182284 -4.134295 0.154977 0.449141 0.054876 
1.421990 0.115280 -4.276935 0.157726 0.451744 0.045219 
1.391820 -0.014312 -4.261212 0.158876 0.456164 0.026242 
1.408841 -0.112785 -4.043544 0.159619 0.462741 0.015470 
1.430804 -0.166321 -3.787978 0.160200 0.470375 0.017499 
1.420287 -0.160398 -3.617212 0.160220 0.478843 0.017551 
1.454974 -0.129528 -3.422481 0.158992 0.486894 0.013152 
1.502352 -0.065042 -3.414981 0.157378 0.493953 0.014843 
1.516630 -0.031279 -3.575663 0.155219 0.499545 0.023159 
1.519577 -0.054344 -3.857562 0.152983 0.503487 0.031368 
1.522536 -0.042703 -4.138074 0.152438 0.506008 0.038082 
1.577114 0.008038 -4.476383 0.153971 0.506957 0.046249 
1.631835 0.058474 -4.630478 0.156940 0.507017 0.052845 
1.589577 0.080756 -4.587626 0.161573 0.506185 0.056800 
1.527615 0.076350 -4.421729 0.166644 0.503741 0.060004 
1.524094 0.039445 -4.213932 0.171037 0.500770 0.063028 
1.514620 0.018509 -3.947118 0.172802 0.497928 0.064647 
1.470250 -0.020258 -3.763155 0.173140 0.494180 0.064077 
1.454233 -0.066104 -3.773815 0.172009 0.490927 0.065175 
1.421298 -0.049004 -3.901273 0.169869 0.487546 0.065253 
1.435969 -0.012801 -4.058462 0.165000 0.484416 0.066851 
1.434330 -0.007656 -4.289399 0.157977 0.481581 0.067009 
1.383725 0.026631 -4.377804 0.151604 0.477832 0.062800 
1.342654 0.069984 -4.266812 0.146094 0.473891 0.055430 
1.354682 0.151505 -4.057971 0.140557 0.469776 0.049446 
1.326680 0.221698 -3.856348 0.136365 0.465657 0.045363 
1.285809 0.273555 -3.635070 0.135570 0.462000 0.039195 
1.226720 0.268584 -3.591004 0.138393 0.459154 0.036221 
1.194876 0.249164 -3.743696 0.143070 0.457869 0.037316 
1.223161 0.249276 -3.965695 0.149209 0.458109 0.044428 
1.243048 0.217689 -4.201450 0.156568 0.459267 0.055883 
1.240704 0.175908 -4.467085 0.163681 0.461815 0.063330 
1.233301 0.123570 -4.563058 0.168614 0.465591 0.061501 
1.218360 0.126502 -4.418939 0.171345 0.470162 0.054671 
1.214918 0.168206 -4.194462 0.171779 0.475615 0.049665 
1.236776 0.201236 -3.976278 0.169758 0.481178 0.048651 
1.238422 0.210435 -3.746648 0.164985 0.486486 0.048970 
1.245404 0.185506 -3.667733 0.158376 0.491761 0.049924 
1.222220 0.179665 -3.772828 0.151410 0.496223 0.047957 
1.230118 0.231856 -3.927271 0.145194 0.499344 0.041258 
1.270288 0.284284 -4.077745 0.139321 0.501087 0.032855 
1.275232 0.344111 -4.276103 0.135091 0.501181 0.026340 
1.257798 0.355512 -4.318055 0.133558 0.499402 0.028069 
1.239491 0.303711 -4.152516 0.134788 0.496256 0.037749 
1.200397 0.250056 -3.939038 0.138082 0.491824 0.051099 
1.191540 0.214384 -3.719646 0.142969 0.485948 0.065096 
1.177345 0.206256 -3.489418 0.148526 0.479251 0.074610 
1.151724 0.228704 -3.426896 0.153495 0.471600 0.075115 
1.163005 0.218941 -3.561206 0.156176 0.463778 0.067003 
1.183690 0.191712 -3.753907 0.156811 0.456637 0.051458 
1.186515 0.148314 -3.977819 0.155875 0.450280 0.033322 
1.192614 0.101799 -4.253973 0.153636 0.446018 0.020389 
1.178066 0.075702 -4.365414 0.151199 0.443621 0.014344 
1.127994 0.086975 -4.251732 0.149638 0.443393 0.018549 
1.097548 0.084043 -4.063646 0.149111 0.445232 0.032206 
1.098002 0.080499 -3.852630 0.149398 0.449438 0.047987 
1.107554 0.073853 -3.597375 0.150308 0.454136 0.057998 
1.140536 0.085476 -3.485235 0.151203 0.461272 0.064436 
1.176539 0.077833 -3.599693 0.152294 0.469544 0.064223 
1.194575 0.074342 -3.818559 0.153406 0.478519 0.057375 
1.218261 0.049590 -4.081153 0.154213 0.487349 0.048020 
1.227489 0.012994 -4.416749 0.154612 0.494949 0.039799 
1.211426 -0.020931 -4.597434 0.155973 0.501182 0.033858 
1.178809 -0.043973 -4.534947 0.157875 0.505120 0.031685 
1.131034 -0.040671 -4.386764 0.160595 0.507073 0.035183 
1.097764 -0.022117 -4.222140 0.163915 0.507505 0.043749 
1.083096 -0.027532 -4.019812 0.167559 0.506551 0.053204 
1.072666 -0.051210 -3.953259 0.171084 0.504617 0.060404 
1.051925 -0.106657 -4.095870 0.174228 0.502855 0.062484 
1.021756 -0.151445 -4.310889 0.176799 0.501159 0.057761 
0.975410 -0.187355 -4.537516 0.178458 0.498993 0.046511 
0.901205 -0.230374 -4.787034 0.179087 0.496442 0.033116 
0.798587 -0.294053 -4.848222 0.178581 0.492904 0.018293 
0.683373 -0.342491 -4.704748 0.177040 0.487805 0.003579 
0.587785 -0.384588 -4.439523 0.174426 0.481319 -0.006495 
0.503095 -0.408311 -4.158497 0.171629 0.473626 -0.010742 
0.405200 -0.426840 -3.808389 0.169020 0.464977 -0.010416 
0.318294 -0.441340 -3.613676 0.166455 0.456475 -0.004969 
0.262150 -0.457894 -3.641324 0.164228 0.448368 0.003814 
0.212197 -0.452572 -3.737687 0.162964 0.442053 0.011011 
0.169456 -0.447341 -3.900273 0.161705 0.436648 0.016318 
0.110559 -0.439338 -4.145919 0.160779 0.432510 0.018213 
0.043493 -0.423396 -4.278591 0.159736 0.429460 0.015694 
-0.019270 -0.397988 -4.189813 0.159230 0.427208 0.009491 
-0.066825 -0.348013 -4.026597 0.158581 0.425038 0.002075 
-0.091430 -0.287718 -3.859104 0.158338 0.423480 -0.003417 
-0.091804 -0.215680 -3.642608 0.158513 0.422335 -0.004693 
-0.108931 -0.158297 -3.541157 0.158421 0.421995 -0.000609 
-0.128400 -0.126842 -3.655682 0.158157 0.423040 0.008521 
-0.137699 -0.155134 -3.835992 0.157321 0.425434 0.019707 
-0.148275 -0.193974 -4.001697 0.156568 0.428305 0.029071 
-0.120981 -0.228360 -4.206436 0.155226 0.432821 0.034211 
-0.098343 -0.251912 -4.263712 0.154588 0.438680 0.032807 
-0.098972 -0.269781 -4.142922 0.155412 0.445147 0.024347 
-0.127233 -0.284671 -3.945365 0.157521 0.451985 0.012821 
-0.178274 -0.327953 -3.796919 0.159420 0.458593 0.000820 
-0.237622 -0.384700 -3.629247 0.160898 0.463340 -0.010392 
-0.285083 -0.449632 -3.583392 0.162979 0.465921 -0.017944 
-0.323248 -0.496045 -3.750149 0.164887 0.466952 -0.021468 
-0.350494 -0.523994 -3.964711 0.167580 0.465442 -0.022542 
-0.378675 -0.552138 -4.152830 0.170111 0.461929 -0.021853 
-0.361377 -0.558424 -4.375672 0.172183 0.456968 -0.019127 
-0.367757 -0.546946 -4.435975 0.174520 0.450915 -0.016567 
-0.357282 -0.517673 -4.331847 0.176179 0.444632 -0.014383 
-0.379998 -0.496872 -4.186126 0.177274 0.439622 -0.012278 
-0.399504 -0.453169 -4.039579 0.177889 0.435173 -0.010163 
-0.445755 -0.436626 -3.835542 0.177328 0.431268 -0.009927 
-0.456467 -0.415444 -3.749051 0.175058 0.427989 -0.010201 
-0.462498 -0.415136 -3.843267 0.171527 0.425552 -0.010414 
-0.466148 -0.403125 -4.008572 0.167922 0.424356 -0.010589 
-0.484986 -0.402334 -4.166778 0.164871 0.424028 -0.010030 
-0.510460 -0.417051 -4.379425 0.162032 0.424515 -0.008249 
-0.530934 -0.446877 -4.458322 0.159724 0.425706 -0.007663 
-0.543024 -0.493856 -4.321884 0.158734 0.427086 -0.008960 
-0.548438 -0.516588 -4.092344 0.160004 0.428703 -0.012457 
-0.542153 -0.541877 -3.840705 0.162063 0.430902 -0.017241 
-0.537966 -0.559120 -3.585200 0.164499 0.433116 -0.023740 
-0.540906 -0.580736 -3.456317 0.167228 0.435399 -0.028531 
-0.542631 -0.601595 -3.578828 0.170138 0.437429 -0.030319 
-0.547014 -0.625961 -3.807215 0.172064 0.439302 -0.029717 
-0.540268 -0.644386 -4.058689 0.173076 0.440722 -0.027397 
-0.537052 -0.655563 -4.354226 0.173177 0.441413 -0.023053 
-0.533956 -0.629028 -4.485565 0.173213 0.441142 -0.019292 
-0.522861 -0.577936 -4.410813 0.172773 0.440029 -0.016400 
-0.517938 -0.536125 -4.223494 0.171616 0.438174 -0.013397 
-0.502920 -0.489606 -4.025868 0.169695 0.436154 -0.009941 
-0.452805 -0.485690 -3.745062 0.167169 0.433090 -0.006949 
-0.402796 -0.522867 -3.604681 0.164039 0.429645 -0.004188 
-0.302448 -0.545876 -3.665155 0.161530 0.427505 -0.002691 
-0.273025 -0.556797 -3.817270 0.161478 0.427888 -0.002724 
-0.250596 -0.533899 -4.031335 0.164393 0.430354 -0.004363 
-0.285521 -0.541170 -4.276862 0.167384 0.434361 -0.005737 
-0.299304 -0.552170 -4.469338 0.171000 0.440312 -0.008600 
-0.331265 -0.572551 -4.404558 0.173079 0.445679 -0.011861 
-0.334015 -0.578404 -4.270953 0.175595 0.451604 -0.014642 
-0.335473 -0.564198 -4.120250 0.177932 0.456765 -0.015995 
-0.319161 -0.551254 -3.876698 0.178660 0.460065 -0.016796 
-0.317728 -0.536854 -3.780162 0.177471 0.461963 -0.014246 
-0.285120 -0.508159 -3.892944 0.175770 0.462154 -0.008733 
-0.214729 -0.480475 -4.038631 0.172803 0.459216 -0.001265 
-0.171068 -0.484443 -4.231156 0.168476 0.455787 0.005640 
-0.116310 -0.472931 -4.420500 0.165067 0.452570 0.010715 
-0.113383 -0.488239 -4.545656 0.163524 0.449981 0.013228 
-0.135896 -0.429206 -4.419802 0.165206 0.447850 0.010786 
-0.181674 -0.409135 -4.238553 0.167399 0.448244 0.005982 
-0.211852 -0.373868 -4.064865 0.169387 0.448916 0.000319 
-0.272868 -0.396448 -3.810500 0.171266 0.449578 -0.005189 
-0.294718 -0.416792 -3.682516 0.172870 0.450560 -0.008768 
-0.312151 -0.469292 -3.781845 0.173138 0.451054 -0.009848 
-0.306011 -0.508765 -3.892876 0.172389 0.449192 -0.009499 
-0.300458 -0.506861 -4.024389 0.170004 0.446398 -0.007827 
-0.263183 -0.473520 -4.210000 0.166899 0.441876 -0.004230 
-0.268716 -0.460881 -4.272660 0.162976 0.436480 -0.000512 
-0.269419 -0.434650 -4.140699 0.159623 0.430931 0.002084 
-0.298342 -0.455485 -3.953974 0.155756 0.426792 0.003307 
-0.318541 -0.447143 -3.784748 0.153868 0.423657 0.002126 
-0.344066 -0.455990 -3.570130 0.153618 0.422742 -0.002183 
-0.336957 -0.443092 -3.466997 0.155152 0.423535 -0.007805 
-0.360232 -0.468271 -3.591416 0.157376 0.425516 -0.012265 
-0.361525 -0.476786 -3.762791 0.160535 0.428605 -0.014963 
-0.369966 -0.507299 -3.983399 0.164182 0.432130 -0.014723 
-0.347391 -0.500107 -4.243289 0.167955 0.434606 -0.011060 
-0.349827 -0.532241 -4.382207 0.170146 0.436650 -0.006102 
-0.329255 -0.538944 -4.293450 0.171553 0.437553 -0.002309 
-0.334650 -0.537252 -4.128302 0.171875 0.438530 0.000176 
-0.318299 -0.512856 -3.937817 0.171886 0.438880 0.000987 
-0.305748 -0.497027 -3.717155 0.170544 0.440196 -0.001172 
-0.283717 -0.489125 -3.634308 0.168516 0.442223 -0.004523 
-0.277193 -0.511284 -3.787865 0.167082 0.445433 -0.007144 
-0.272183 -0.520230 -4.003142 0.166546 0.449528 -0.010051 
-0.277309 -0.551893 -4.242375 0.166971 0.454170 -0.012257 
-0.277295 -0.544239 -4.520010 0.168804 0.458517 -0.012246 
-0.280366 -0.531491 -4.630274 0.171467 0.461818 -0.010804 
-0.287721 -0.509543 -4.520519 0.174826 0.463022 -0.008513 
-0.292430 -0.505567 -4.320515 0.176772 0.462466 -0.004825 
-0.267342 -0.493113 -4.110302 0.177831 0.459599 -0.000444 
-0.255974 -0.508758 -3.852214 0.177398 0.455275 0.002183 
-0.214092 -0.507193 -3.741621 0.176307 0.450473 0.003526 
-0.198331 -0.525119 -3.836878 0.173948 0.446156 0.002985 
-0.189305 -0.510792 -3.999430 0.171974 0.443149 0.000772 
-0.210947 -0.518301 -4.189681 0.170472 0.441497 -0.002889 
-0.238298 -0.500958 -4.444296 0.169466 0.441055 -0.005544 
-0.272676 -0.508364 -4.547951 0.168594 0.441778 -0.007987 
-0.293233 -0.505450 -4.452173 0.168114 0.442194 -0.009402 
-0.322454 -0.513332 -4.238186 0.168031 0.442365 -0.009758 
-0.329064 -0.507267 -4.008313 0.168058 0.442193 -0.008485 
-0.321640 -0.505800 -3.718483 0.167899 0.441053 -0.006722 
-0.298861 -0.492050 -3.531221 0.167359 0.438774 -0.004165 
-0.265852 -0.483177 -3.589548 0.166161 0.436457 -0.000308 
-0.246028 -0.483508 -3.734637 0.164252 0.434237 0.002302 
-0.247494 -0.499516 -3.934734 0.161900 0.432735 0.002927 
-0.244547 -0.491294 -4.173676 0.160846 0.432460 0.001995 
-0.258713 -0.504520 -4.315628 0.160268 0.433426 -0.001564 
-0.297210 -0.483125 -4.240120 0.160710 0.435404 -0.007522 
-0.330030 -0.467911 -4.086516 0.161911 0.438001 -0.012899 
-0.349121 -0.450264 -3.901092 0.163780 0.440123 -0.015358 
-0.360377 -0.452459 -3.681483 0.165674 0.442086 -0.015436 
-0.332587 -0.471333 -3.581419 0.166839 0.442835 -0.011955 
-0.296568 -0.491553 -3.681558 0.168011 0.442794 -0.005527 
-0.252647 -0.506384 -3.862370 0.168908 0.442328 0.000949 
-0.222039 -0.512618 -4.048568 0.169216 0.441765 0.006042 
-0.212750 -0.491274 -4.309725 0.169386 0.441560 0.008937 
-0.219419 -0.487870 -4.428335 0.169090 0.441622 0.007983 
-0.234273 -0.474888 -4.376873 0.168846 0.442481 0.003953 
-0.249063 -0.473900 -4.193462 0.168028 0.444169 -0.003723 
-0.264349 -0.490297 -4.032955 0.167409 0.446048 -0.010574 
-0.280513 -0.481732 -3.805459 0.167605 0.448131 -0.016406 
-0.287989 -0.484264 -3.709579 0.167897 0.449886 -0.018494 
-0.272090 -0.480593 -3.799129 0.168580 0.451134 -0.015806 
-0.262558 -0.477470 -3.989617 0.169422 0.451587 -0.009445 
-0.245671 -0.483551 -4.195092 0.170207 0.451226 -0.001161 
-0.236643 -0.491016 -4.442279 0.170980 0.450161 0.007631 
-0.236745 -0.509865 -4.548030 0.171338 0.448745 0.013012 
-0.232637 -0.507681 -4.446956 0.171674 0.447174 0.013005 
-0.251659 -0.503657 -4.252112 0.171680 0.446125 0.008360 
-0.258182 -0.491735 -4.049557 0.171748 0.444985 0.000723 
-0.270927 -0.495253 -3.790532 0.171217 0.444539 -0.008801 
-0.295693 -0.500198 -3.688820 0.170517 0.444489 -0.016209 
-0.318244 -0.521137 -3.789772 0.169718 0.444261 -0.019719 
-0.316675 -0.538185 -3.962176 0.169126 0.444170 -0.019327 
-0.313842 -0.553447 -4.143206 0.168710 0.443793 -0.015725 
-0.316156 -0.553946 -4.371990 0.168237 0.442992 -0.009256 
-0.312536 -0.532019 -4.428403 0.168239 0.441945 -0.003065 
-0.317565 -0.512228 -4.307158 0.168050 0.440450 0.001249 
-0.307604 -0.500785 -4.088184 0.167163 0.438828 0.003508 
-0.305795 -0.495672 -3.904345 0.166227 0.437644 0.003695 
-0.290655 -0.491119 -3.663011 0.165131 0.436448 0.001359 
-0.304688 -0.489907 -3.538830 0.163998 0.436042 -0.002694 
-0.304532 -0.490807 -3.639503 0.163193 0.435950 -0.006306 
-0.326868 -0.499368 -3.853909 0.162968 0.436795 -0.009499 
-0.349942 -0.491253 -4.050996 0.163341 0.437748 -0.011931 
-0.352028 -0.495172 -4.316552 0.164290 0.438564 -0.011861 
-0.347619 -0.493579 -4.455104 0.165758 0.439228 -0.010292 
-0.343752 -0.506031 -4.359429 0.166954 0.439378 -0.008949 
-0.332758 -0.513256 -4.164876 0.168347 0.439373 -0.006771 
-0.320859 -0.512080 -3.938380 0.169476 0.439360 -0.004986 
-0.308514 -0.511888 -3.697894 0.170276 0.439530 -0.004474 
-0.293663 -0.498134 -3.587740 0.170696 0.440374 -0.004284 
-0.276727 -0.494709 -3.690280 0.170574 0.441515 -0.003846 
-0.286703 -0.501316 -3.901461 0.169728 0.443044 -0.004033 
-0.295808 -0.508899 -4.130673 0.168554 0.444758 -0.004876 
-0.304004 -0.508604 -4.400711 0.167277 0.446570 -0.005536 
-0.300515 -0.489442 -4.539073 0.166777 0.447909 -0.006619 
-0.305870 -0.471867 -4.442983 0.166409 0.448797 -0.008249 
-0.298379 -0.450718 -4.219536 0.166550 0.448914 -0.008483 
-0.284624 -0.447871 -4.000904 0.166889 0.448410 -0.007008 
-0.264695 -0.447302 -3.744539 0.167536 0.447476 -0.004645 
-0.244216 -0.454648 -3.623221 0.168136 0.446365 -0.001004 
-0.222744 -0.471541 -3.726073 0.168519 0.445370 0.003194 
-0.223384 -0.485517 -3.894674 0.168752 0.444632 0.005516 
-0.232809 -0.506290 -4.107969 0.169094 0.444432 0.005430 
-0.248833 -0.515536 -4.355961 0.169031 0.444379 0.003394 
-0.266710 -0.516777 -4.486880 0.169178 0.444417 -0.000901 
-0.283239 -0.508806 -4.388646 0.168575 0.444318 -0.007022 
-0.285473 -0.506262 -4.202089 0.167938 0.443533 -0.011990 
-0.308541 -0.498005 -3.991531 0.167489 0.442612 -0.014576 
-0.302706 -0.504741 -3.737321 0.167272 0.441289 -0.014666 
-0.295101 -0.503227 -3.592721 0.167282 0.440075 -0.011741 
-0.299556 -0.502638 -3.677056 0.167130 0.439077 -0.006438 
-0.295818 -0.508647 -3.853887 0.166941 0.438606 -0.000686 
-0.286140 -0.504656 -4.057603 0.167147 0.438672 0.003427 
-0.298443 -0.514897 -4.305330 0.166920 0.439078 0.005248 
-0.298010 -0.526666 -4.433495 0.166682 0.439754 0.003950 
-0.307121 -0.526728 -4.358659 0.166509 0.440657 -0.001354 
-0.325443 -0.521689 -4.170005 0.166682 0.441418 -0.007742 
-0.336005 -0.512230 -3.983367 0.166891 0.442129 -0.013380 
-0.346610 -0.500372 -3.750562 0.167276 0.442360 -0.017366 
-0.348373 -0.507640 -3.638351 0.167540 0.442162 -0.017811 
-0.340940 -0.509533 -3.750043 0.168021 0.441655 -0.014156 
-0.325383 -0.524874 -3.927693 0.168576 0.441384 -0.008637 
-0.303372 -0.535704 -4.125332 0.169329 0.440978 -0.003350 
-0.295017 -0.540512 -4.371389 0.169957 0.441152 0.001144 
-0.281577 -0.544067 -4.478528 0.170909 0.442032 0.002634 
-0.276350 -0.527509 -4.382746 0.171665 0.443134 0.000340 
-0.271531 -0.511323 -4.201587 0.172252 0.444318 -0.003488 
-0.279447 -0.503819 -4.017827 0.172128 0.445586 -0.007844 
-0.293684 -0.507967 -3.783643 0.171594 0.446694 -0.011831 
-0.297841 -0.497684 -3.686920 0.170693 0.447284 -0.013346 
-0.277379 -0.490761 -3.790815 0.169474 0.447542 -0.011594 
-0.264794 -0.494112 -3.960788 0.168503 0.447290 -0.007971 
-0.258645 -0.482975 -4.143137 0.167471 0.446615 -0.003381 
-0.252903 -0.472630 -4.378306 0.166758 0.446143 0.001799 
-0.235148 -0.470242 -4.457521 0.166309 0.445559 0.005283 
-0.235537 -0.460119 -4.337838 0.166535 0.445264 0.005926 
-0.237445 -0.459331 -4.140874 0.166689 0.445152 0.004163 
-0.248740 -0.455806 -3.940850 0.167339 0.445391 0.000892 
-0.267202 -0.455212 -3.728109 0.167642 0.445292 -0.003110 
-0.285704 -0.464123 -3.595688 0.167881 0.445391 -0.007401 
-0.287516 -0.462642 -3.682465 0.167895 0.444839 -0.009076 
-0.286944 -0.475773 -3.863752 0.167170 0.443706 -0.008998 
-0.293289 -0.482287 -4.048612 0.166489 0.442054 -0.007521 
-0.290215 -0.492691 -4.268023 0.165467 0.440342 -0.004247 
-0.288358 -0.494393 -4.395884 0.164823 0.438629 -0.001325 
-0.287852 -0.479081 -4.286752 0.164445 0.436994 -0.000022 
-0.295636 -0.470940 -4.103752 0.164328 0.436166 -0.000065 
-0.304653 -0.464362 -3.898592 0.164519 0.435724 -0.001065 
-0.314731 -0.468265 -3.679665 0.164795 0.435758 -0.003564 
-0.324287 -0.475848 -3.552148 0.165210 0.436660 -0.006155 
-0.325596 -0.496294 -3.660284 0.165391 0.437437 -0.007661 
-0.326379 -0.510413 -3.851134 0.165782 0.438705 -0.008708 
-0.319234 -0.519149 -4.074039 0.166057 0.439638 -0.009024 
-0.319446 -0.530789 -4.300201 0.166469 0.440337 -0.008163 
-0.320006 -0.524074 -4.436809 0.167166 0.440749 -0.006791 
-0.314580 -0.519291 -4.348034 0.167841 0.440703 -0.006295 
-0.315314 -0.511221 -4.198614 0.168372 0.440980 -0.005639 
-0.302511 -0.502397 -3.977860 0.169073 0.441057 -0.005245 
-0.311230 -0.507678 -3.754178 0.169501 0.441563 -0.005818 
-0.305733 -0.515179 -3.641304 0.170087 0.442461 -0.006817 
-0.305105 -0.512410 -3.753057 0.170433 0.443812 -0.007039 
-0.290374 -0.527695 -3.956634 0.170826 0.445356 -0.007136 
-0.281157 -0.530987 -4.168755 0.170817 0.447040 -0.007552 
-0.287073 -0.541237 -4.435471 0.171076 0.448454 -0.006624 
-0.285958 -0.553205 -4.559958 0.171159 0.449321 -0.005674 
-0.286255 -0.536368 -4.448542 0.171432 0.449411 -0.005791 
-0.293758 -0.529942 -4.256592 0.171464 0.449058 -0.005514 
-0.279729 -0.509906 -4.044563 0.171602 0.448366 -0.005212 
-0.279602 -0.504852 -3.779789 0.171143 0.447278 -0.005287 
-0.271593 -0.504049 -3.657738 0.170505 0.446058 -0.004945 
-0.262289 -0.505389 -3.761624 0.169865 0.445243 -0.003515 
-0.252397 -0.525776 -3.944969 0.168934 0.444904 -0.002590 
-0.250323 -0.525833 -4.136891 0.168301 0.444724 -0.002421 
-0.263481 -0.526959 -4.379903 0.167977 0.444849 -0.002302 
-0.278329 -0.527752 -4.499558 0.167969 0.444967 -0.003049 
-0.287073 -0.514514 -4.382467 0.168050 0.444823 -0.005194 
-0.303410 -0.502838 -4.175611 0.168112 0.444146 -0.006721 
-0.297210 -0.485569 -4.001701 0.168068 0.443033 -0.007195 
-0.306645 -0.481822 -3.715973 0.167915 0.441243 -0.007678 
-0.300187 -0.488870 -3.585664 0.167703 0.439935 -0.006908 
-0.283881 -0.491819 -3.661367 0.167055 0.438495 -0.004590 
-0.282554 -0.497545 -3.827828 0.166704 0.437744 -0.002683 
-0.272962 -0.492490 -4.031858 0.166113 0.437326 -0.001770 
-0.278512 -0.491045 -4.266259 0.165971 0.437877 -0.001223 
-0.292826 -0.495261 -4.416632 0.166100 0.438855 -0.002008 
-0.308056 -0.482950 -4.339027 0.166333 0.440003 -0.004740 
-0.322658 -0.478906 -4.150108 0.166341 0.441223 -0.007271 
-0.323280 -0.465111 -3.962941 0.166588 0.442065 -0.009264 
-0.323155 -0.457104 -3.716364 0.166470 0.442318 -0.010445 
-0.308066 -0.457003 -3.586616 0.166473 0.442387 -0.009693 
-0.297660 -0.468021 -3.654777 0.165924 0.442038 -0.006527 
-0.287236 -0.470569 -3.836769 0.165602 0.441613 -0.002600 
-0.270098 -0.470186 -4.048071 0.165466 0.441434 0.000762 
-0.268005 -0.470276 -4.287151 0.165319 0.441361 0.003134 
-0.274720 -0.485010 -4.449757 0.165220 0.441807 0.003308 
-0.285061 -0.475775 -4.371808 0.165916 0.442632 0.000142 
-0.303768 -0.470912 -4.180019 0.166731 0.443592 -0.004003 
-0.307907 -0.464815 -3.987977 0.167402 0.444164 -0.008142 
-0.311240 -0.466417 -3.757083 0.167858 0.444627 -0.011496 
-0.306740 -0.479256 -3.624104 0.168406 0.444762 -0.012363 
-0.299083 -0.491584 -3.722324 0.168651 0.444722 -0.009882 
-0.282534 -0.505523 -3.904483 0.168413 0.443963 -0.005958 
-0.273466 -0.515719 -4.097325 0.168359 0.443356 -0.001938 
-0.270986 -0.514028 -4.329601 0.168225 0.442901 0.001732 
-0.284108 -0.505025 -4.484953 0.168128 0.442733 0.003108 
-0.292031 -0.500502 -4.378771 0.167989 0.442677 0.001381 
-0.301694 -0.504758 -4.187130 0.167942 0.442709 -0.002102 
-0.304173 -0.497193 -3.983842 0.167982 0.442885 -0.006217 
-0.314476 -0.501522 -3.759339 0.167932 0.442915 -0.010637 
-0.331249 -0.510517 -3.640968 0.168013 0.443103 -0.013330 
-0.332167 -0.519174 -3.733602 0.168278 0.443119 -0.012988 
-0.324482 -0.523528 -3.922645 0.168584 0.443095 -0.010689 
-0.324456 -0.538189 -4.113177 0.168813 0.442547 -0.007746 
-0.317120 -0.548199 -4.357399 0.169244 0.441865 -0.003776 
-0.316546 -0.546242 -4.465479 0.169426 0.441403 -0.001291 
-0.326290 -0.547495 -4.364724 0.169889 0.440789 -0.001312 
-0.328633 -0.536963 -4.187731 0.170113 0.440304 -0.003192 
-0.308791 -0.533128 -3.987563 0.170140 0.440324 -0.006131 
-0.317959 -0.529253 -3.744032 0.169987 0.440444 -0.009995 
-0.326490 -0.525956 -3.636477 0.169999 0.440677 -0.012370 
-0.316821 -0.542312 -3.757076 0.169413 0.441478 -0.012480 
-0.314622 -0.545309 -3.922083 0.169240 0.442156 -0.011341 
-0.304502 -0.552309 -4.120505 0.169047 0.442783 -0.009052 
-0.300542 -0.546664 -4.352699 0.168941 0.443466 -0.005501 
-0.290823 -0.543798 -4.492130 0.168974 0.443806 -0.002621 
-0.289347 -0.528692 -4.403245 0.169077 0.444366 -0.001797 
-0.281910 -0.516033 -4.210360 0.169160 0.444484 -0.001952 
-0.267524 -0.490733 -3.985574 0.169334 0.444553 -0.002718 
-0.267419 -0.482589 -3.757268 0.169058 0.444711 -0.004555 
-0.267815 -0.482704 -3.611199 0.168888 0.444786 -0.006037 
-0.264981 -0.485337 -3.701218 0.168232 0.445350 -0.006112 
-0.254695 -0.491605 -3.894598 0.167561 0.445685 -0.005416 
-0.259848 -0.488874 -4.099186 0.167266 0.445943 -0.004515 
-0.264359 -0.486070 -4.336637 0.166975 0.446203 -0.002677 
-0.262895 -0.485977 -4.482163 0.166823 0.446120 -0.001190 
-0.270240 -0.478846 -4.380947 0.166704 0.445491 -0.000984 
-0.265063 -0.462449 -4.178378 0.167134 0.444670 -0.001124 
-0.252250 -0.457825 -3.954103 0.167163 0.443594 -0.001563 
-0.248023 -0.458292 -3.718262 0.167472 0.442765 -0.002751 
-0.241899 -0.458632 -3.564197 0.167305 0.441838 -0.003358 
-0.256857 -0.465251 -3.656170 0.167255 0.441380 -0.003003 
-0.255636 -0.465218 -3.849474 0.166945 0.441207 -0.002518 
-0.254026 -0.474034 -4.052009 0.166412 0.441124 -0.002257 
-0.259903 -0.479236 -4.295574 0.166063 0.441197 -0.001926 
-0.273756 -0.487652 -4.425833 0.165681 0.441115 -0.002248 
-0.296489 -0.483671 -4.329997 0.165690 0.441260 -0.003988 
-0.298012 -0.481854 -4.163913 0.165694 0.440863 -0.005449 
-0.306741 -0.467607 -3.948445 0.165938 0.440612 -0.006546 
-0.301560 -0.461089 -3.724227 0.166297 0.440164 -0.007211 
-0.302469 -0.467694 -3.572950 0.166403 0.439861 -0.006975 
-0.303511 -0.491691 -3.669608 0.166722 0.439588 -0.005140 
-0.296217 -0.497203 -3.858118 0.167180 0.439852 -0.003168 
-0.289336 -0.503736 -4.064363 0.167631 0.440311 -0.002180 
-0.303698 -0.506955 -4.309367 0.167933 0.441019 -0.001759 
-0.304688 -0.511005 -4.460335 0.168393 0.441904 -0.002549 
-0.321537 -0.514770 -4.392957 0.168834 0.442867 -0.005405 
-0.331267 -0.503659 -4.213267 0.169217 0.443292 -0.008474 
-0.332675 -0.505141 -4.015531 0.169355 0.443748 -0.010565 
-0.334120 -0.504849 -3.778967 0.169505 0.443819 -0.011974 
-0.327266 -0.507657 -3.637044 0.169482 0.443559 -0.011959 
-0.326104 -0.523472 -3.714131 0.169376 0.443368 -0.009561 
-0.316967 -0.536073 -3.904524 0.169304 0.443331 -0.006511 
-0.307562 -0.540869 -4.102879 0.169126 0.443390 -0.004215 
-0.298534 -0.537832 -4.341763 0.169165 0.443557 -0.002061 
-0.297892 -0.539032 -4.485077 0.169165 0.443764 -0.001543 
-0.313930 -0.531232 -4.399138 0.169366 0.443960 -0.003508 
-0.316203 -0.523105 -4.219696 0.169572 0.444045 -0.006358 
-0.318254 -0.514783 -4.010747 0.169778 0.444125 -0.008861 
-0.320149 -0.504481 -3.782078 0.169837 0.443724 -0.011017 
-0.313287 -0.497905 -3.638796 0.169720 0.443180 -0.011420 
-0.312869 -0.520766 -3.735445 0.169565 0.442611 -0.009252 
-0.303139 -0.531877 -3.915135 0.169182 0.442186 -0.006183 
-0.286304 -0.538899 -4.124670 0.168833 0.441716 -0.003353 
-0.276427 -0.535328 -4.354833 0.168716 0.441782 -0.000545 
-0.275757 -0.527279 -4.478519 0.168780 0.441799 0.000210 
-0.276495 -0.520713 -4.404468 0.168982 0.442273 -0.001127 
-0.285327 -0.510586 -4.194195 0.169196 0.442973 -0.004170 
-0.301271 -0.504677 -3.984422 0.169377 0.443723 -0.007002 
-0.301989 -0.497826 -3.753905 0.169250 0.444171 -0.009807 
-0.294190 -0.494009 -3.618867 0.168953 0.444288 -0.010867 
-0.290578 -0.493703 -3.702615 0.168158 0.444181 -0.009317 
-0.287615 -0.493497 -3.849276 0.167688 0.444088 -0.007183 
-0.269207 -0.492804 -4.048798 0.167072 0.443801 -0.004124 
-0.264983 -0.492315 -4.279454 0.166448 0.443618 -0.000771 
-0.262260 -0.491417 -4.436207 0.165983 0.443338 0.001357 
-0.269346 -0.485865 -4.344312 0.165852 0.443090 0.001229 
-0.278278 -0.472702 -4.177765 0.166091 0.443036 -0.000556 
-0.280852 -0.471228 -3.958871 0.166249 0.442733 -0.002941 
-0.283987 -0.462619 -3.738389 0.166617 0.442723 -0.006079 
-0.286380 -0.470455 -3.570309 0.166712 0.442613 -0.008405 
-0.287337 -0.478089 -3.661800 0.166823 0.442342 -0.008377 
-0.287081 -0.493801 -3.837501 0.166723 0.441978 -0.007027 
-0.270629 -0.492597 -4.045143 0.166431 0.441513 -0.004943 
-0.268634 -0.499530 -4.306302 0.166238 0.441060 -0.001837 
-0.267142 -0.490189 -4.432199 0.166151 0.440787 -0.000113 
-0.281756 -0.489254 -4.351203 0.166145 0.440688 -0.000042 
-0.275858 -0.475685 -4.156039 0.166394 0.440528 -0.001159 
-0.284591 -0.471445 -3.949268 0.166568 0.440655 -0.002807 
-0.279250 -0.460619 -3.730869 0.166957 0.441162 -0.005201 
-0.286714 -0.466599 -3.593783 0.166741 0.441666 -0.007126 
-0.293956 -0.474076 -3.675839 0.167009 0.442491 -0.006998 
-0.286029 -0.489752 -3.870825 0.167074 0.443126 -0.006214 
-0.284929 -0.492097 -4.077653 0.167230 0.443627 -0.004792 
-0.284084 -0.503264 -4.326279 0.167486 0.444229 -0.002982 
-0.284467 -0.495458 -4.462583 0.168031 0.444353 -0.001603 
-0.293477 -0.499803 -4.381309 0.168473 0.444499 -0.001972 
-0.296215 -0.489805 -4.196444 0.169014 0.444208 -0.003209 
-0.305887 -0.492814 -3.990127 0.169297 0.444052 -0.004752 
-0.302008 -0.496085 -3.762235 0.169747 0.443893 -0.006923 
-0.296864 -0.499697 -3.625677 0.169877 0.443737 -0.008846 
-0.304257 -0.512729 -3.716592 0.169786 0.443796 -0.008928 
-0.311238 -0.526013 -3.900223 0.169698 0.443865 -0.008446 
-0.310703 -0.544191 -4.104660 0.169581 0.444074 -0.007770 
-0.302346 -0.540598 -4.351959 0.169624 0.444054 -0.006265 
-0.308425 -0.544858 -4.496309 0.169438 0.444021 -0.005207 
-0.323443 -0.534810 -4.394006 0.169495 0.443733 -0.005541 
-0.325110 -0.514827 -4.199900 0.169786 0.443057 -0.006222 
-0.333132 -0.515873 -4.005344 0.169603 0.442415 -0.006797 
-0.319805 -0.504007 -3.748593 0.169521 0.441619 -0.007957 
-0.319443 -0.501047 -3.614523 0.169053 0.440928 -0.008470 
-0.318269 -0.508101 -3.697590 0.168687 0.440548 -0.007462 
-0.309358 -0.521129 -3.882407 0.168289 0.440507 -0.006332 
-0.307445 -0.522540 -4.086709 0.167970 0.440713 -0.005539 
-0.305943 -0.524222 -4.271063 0.167808 0.441015 -0.004733 
-0.305490 -0.526770 -4.475375 0.167961 0.441519 -0.004273 
-0.313293 -0.516062 -4.401611 0.168188 0.442044 -0.005502 
-0.315061 -0.499446 -4.175015 0.168613 0.442221 -0.007133 
-0.308760 -0.494990 -4.001158 0.168799 0.442249 -0.007844 
-0.309987 -0.484622 -3.756735 0.169020 0.441941 -0.008381 
-0.294280 -0.483791 -3.605353 0.168706 0.441811 -0.007925 
-0.285067 -0.488140 -3.681485 0.168524 0.441854 -0.005845 
-0.274588 -0.492829 -3.848951 0.168025 0.441901 -0.003518 
-0.271137 -0.495151 -4.055532 0.167539 0.442386 -0.001763 
-0.268324 -0.498068 -4.302018 0.167211 0.442975 -0.000368 
-0.273548 -0.489457 -4.454487 0.167115 0.443897 -0.000182 
-0.273416 -0.483868 -4.398469 0.166990 0.444556 -0.002174 
-0.282057 -0.472914 -4.199965 0.167211 0.445067 -0.004582 
-0.283940 -0.472885 -3.992070 0.167359 0.445143 -0.006660 
-0.270993 -0.472449 -3.755557 0.167518 0.445113 -0.008069 
-0.264742 -0.466475 -3.603564 0.167717 0.444765 -0.008151 
-0.263768 -0.473109 -3.660183 0.167675 0.444385 -0.005838 
-0.255299 -0.475146 -3.850293 0.167677 0.443783 -0.002885 
-0.260184 -0.486596 -4.059439 0.167284 0.443463 -0.000163 
-0.257890 -0.486355 -4.287283 0.166978 0.443291 0.001900 
-0.250665 -0.490314 -4.450497 0.166963 0.443071 0.002298 
-0.273466 -0.494559 -4.373147 0.166754 0.443118 0.000007 
-0.291215 -0.486289 -4.182121 0.167113 0.443213 -0.003478 
-0.294179 -0.476717 -3.991680 0.167328 0.442919 -0.006635 
-0.290267 -0.471363 -3.751497 0.167676 0.442664 -0.009540 
-0.299366 -0.482524 -3.596528 0.167745 0.442412 -0.010697 
-0.291548 -0.493497 -3.682367 0.167678 0.441986 -0.008839 
-0.291235 -0.500489 -3.862590 0.167961 0.441629 -0.005994 
-0.289619 -0.508324 -4.062524 0.167918 0.441456 -0.003163 
-0.280030 -0.512422 -4.302996 0.167748 0.441330 -0.000256 
-0.287284 -0.500270 -4.458695 0.168159 0.441411 0.000896 
-0.295430 -0.505199 -4.353032 0.168113 0.441639 -0.000733 
-0.311204 -0.498328 -4.173301 0.168142 0.442105 -0.003584 
-0.319712 -0.495267 -3.982046 0.167986 0.442419 -0.006852 
-0.321801 -0.495800 -3.750304 0.167968 0.442586 -0.010194 
-0.315918 -0.492495 -3.624530 0.168148 0.442813 -0.011914 
-0.314445 -0.502152 -3.718061 0.167925 0.443100 -0.010925 
-0.306606 -0.514534 -3.896083 0.168014 0.442973 -0.008831 
-0.312656 -0.519323 -4.064583 0.168147 0.443137 -0.006514 
-0.296846 -0.527868 -4.348572 0.168433 0.443069 -0.002797 
-0.296645 -0.527956 -4.475532 0.168761 0.443090 -0.000981 
-0.304740 -0.524293 -4.404738 0.169100 0.443330 -0.001141 
-0.314500 -0.511800 -4.228641 0.169655 0.443472 -0.002925 
-0.316598 -0.511838 -4.019906 0.169802 0.443549 -0.005323 
-0.318248 -0.502851 -3.788484 0.169691 0.443431 -0.008443 
-0.312374 -0.499153 -3.620288 0.169711 0.443554 -0.010766 
-0.317779 -0.504072 -3.690793 0.169194 0.443695 -0.010607 
-0.315933 -0.512957 -3.875896 0.168821 0.443706 -0.009369 
-0.312224 -0.529819 -4.082297 0.167912 0.443608 -0.007393 
-0.302171 -0.525157 -4.312156 0.167643 0.443385 -0.004579 
-0.307581 -0.520095 -4.469739 0.167523 0.443164 -0.002348 
-0.307781 -0.509898 -4.399510 0.167592 0.442778 -0.002066 
-0.309236 -0.499855 -4.214941 0.167813 0.442479 -0.002976 
-0.318491 -0.502465 -3.998226 0.167938 0.442223 -0.004507 
-0.313468 -0.488148 -3.749947 0.168190 0.441870 -0.006541 
-0.307275 -0.490894 -3.593432 0.168005 0.441513 -0.008117 
-0.313989 -0.495099 -3.674573 0.167815 0.441474 -0.007970 
-0.311941 -0.503652 -3.848439 0.167283 0.441385 -0.007041 
-0.303841 -0.508358 -4.064769 0.167266 0.441359 -0.005726 
-0.301335 -0.518057 -4.302149 0.166891 0.441564 -0.003892 
-0.292496 -0.505317 -4.447797 0.166833 0.441435 -0.002401 
-0.299764 -0.500985 -4.386553 0.166856 0.441479 -0.002562 
-0.300737 -0.492325 -4.181797 0.167066 0.441556 -0.003460 
-0.295297 -0.487387 -3.966901 0.167414 0.441489 -0.004459 
-0.289591 -0.483899 -3.730979 0.167750 0.441798 -0.005766 
-0.289685 -0.476609 -3.586678 0.167794 0.442163 -0.006717 
-0.281927 -0.482718 -3.670158 0.167920 0.442597 -0.005940 
-0.272929 -0.488408 -3.855904 0.167734 0.442846 -0.004600 
-0.278304 -0.495128 -4.061012 0.167534 0.443389 -0.003601 
-0.268211 -0.502121 -4.308051 0.167182 0.443926 -0.001994 
-0.273742 -0.500291 -4.451413 0.167038 0.444464 -0.001368 
-0.281805 -0.488003 -4.368328 0.167276 0.444609 -0.002262 
-0.290127 -0.483493 -4.181505 0.167292 0.444640 -0.003924 
-0.292471 -0.482216 -3.975525 0.167610 0.444435 -0.005358 
-0.287696 -0.476592 -3.738698 0.167962 0.444177 -0.006979 
-0.283233 -0.478400 -3.595879 0.168427 0.443647 -0.007610 
-0.283544 -0.485832 -3.689886 0.168540 0.443374 -0.006620 
-0.275485 -0.498770 -3.876085 0.168464 0.443341 -0.005174 
-0.282476 -0.511559 -4.082723 0.168542 0.443320 -0.003748 
-0.267705 -0.511687 -4.319882 0.168723 0.443157 -0.002344 
-0.273953 -0.507654 -4.463177 0.168595 0.443127 -0.001711 
-0.282735 -0.503170 -4.388723 0.168778 0.443082 -0.003149 
-0.291451 -0.489939 -4.223015 0.169017 0.443028 -0.004613 
-0.299879 -0.491879 -4.015849 0.168827 0.442576 -0.006144 
-0.308429 -0.486421 -3.778428 0.168848 0.442411 -0.007760 
-0.294524 -0.493107 -3.624143 0.168641 0.442001 -0.008482 
-0.286192 -0.496838 -3.677506 0.168462 0.441855 -0.007346 
-0.291195 -0.501513 -3.863734 0.168115 0.441916 -0.005679 
-0.297079 -0.515347 -4.070973 0.168025 0.442175 -0.003933 
-0.288240 -0.513136 -4.298087 0.168058 0.442531 -0.002415 
-0.287325 -0.516180 -4.462798 0.168206 0.443217 -0.001602 
-0.296235 -0.504426 -4.388433 0.168600 0.443463 -0.003150 
-0.305365 -0.501473 -4.211475 0.168927 0.443883 -0.005151 
-0.321641 -0.501587 -4.003528 0.169066 0.444060 -0.007229 
-0.322381 -0.483970 -3.775245 0.169016 0.443941 -0.009169 
-0.308644 -0.482363 -3.619906 0.168867 0.443535 -0.010317 
-0.314993 -0.493906 -3.683526 0.168625 0.443298 -0.009082 
-0.305910 -0.505219 -3.860699 0.168239 0.442876 -0.006976 
-0.296834 -0.516661 -4.068219 0.167854 0.442457 -0.004897 
-0.301605 -0.512278 -4.296349 0.167574 0.442336 -0.002724 
-0.300773 -0.512651 -4.451434 0.167580 0.442354 -0.001571 
-0.302381 -0.495853 -4.388339 0.168015 0.442362 -0.002696 
-0.310918 -0.491410 -4.200677 0.168031 0.442394 -0.004678 
-0.313693 -0.490268 -3.993020 0.168347 0.442190 -0.006755 
-0.322876 -0.485276 -3.765157 0.168526 0.442126 -0.008704 
-0.316640 -0.479038 -3.601089 0.168565 0.441679 -0.009415 
-0.314593 -0.486317 -3.664503 0.168037 0.441385 -0.008068 
-0.304618 -0.498743 -3.841438 0.167483 0.441242 -0.005962 
-0.295541 -0.510185 -4.048958 0.167098 0.440823 -0.003883 
-0.293664 -0.510343 -4.287199 0.166950 0.440751 -0.001831 
-0.284828 -0.507611 -4.441545 0.166822 0.441000 -0.000891 
-0.292631 -0.496902 -4.367781 0.167049 0.441525 -0.002119 
-0.302869 -0.492905 -4.190222 0.167543 0.441666 -0.004441 
-0.305345 -0.494365 -3.993029 0.168002 0.442130 -0.006537 
-0.307767 -0.487336 -3.765276 0.168519 0.442593 -0.008711 
-0.301447 -0.483768 -3.610833 0.168700 0.442814 -0.009763 
-0.285930 -0.485456 -3.696328 0.168863 0.443198 -0.008236 
-0.283372 -0.495921 -3.874160 0.168640 0.443682 -0.006035 
-0.295473 -0.505078 -4.072965 0.168418 0.443891 -0.003527 
-0.285624 -0.510756 -4.322757 0.168237 0.444146 -0.000955 
-0.283221 -0.503415 -4.467830 0.167976 0.444346 0.000427 
-0.290873 -0.490856 -4.404693 0.168057 0.444394 -0.000480 
-0.291904 -0.490916 -4.195416 0.167883 0.444463 -0.002873 
-0.293567 -0.491443 -3.995698 0.167867 0.444633 -0.005600 
-0.302971 -0.486647 -3.797342 0.168045 0.444573 -0.007896 
-0.297821 -0.490129 -3.630438 0.168175 0.444413 -0.009793 
-0.282593 -0.489709 -3.682461 0.168029 0.444219 -0.009190 
-0.281618 -0.497617 -3.849532 0.167984 0.444045 -0.007296 
-0.280721 -0.513256 -4.058096 0.167886 0.443682 -0.005009 
-0.279568 -0.520595 -4.297629 0.167849 0.443327 -0.002531 
-0.278933 -0.511293 -4.455254 0.168084 0.443066 -0.000518 
-0.286219 -0.496817 -4.403583 0.168019 0.442637 -0.000783 
-0.295257 -0.490104 -4.216693 0.168051 0.442100 -0.002438 
-0.297252 -0.496653 -4.018801 0.167993 0.441698 -0.004411 
-0.306033 -0.490997 -3.768465 0.167854 0.441435 -0.006977 
-0.307536 -0.490067 -3.621795 0.167851 0.441231 -0.008779 
-0.291920 -0.498496 -3.683049 0.167483 0.441126 -0.008400 
-0.297965 -0.503908 -3.858889 0.167451 0.441384 -0.007053 
-0.296737 -0.513524 -4.065627 0.167395 0.441594 -0.005520 
-0.302324 -0.520082 -4.304979 0.167519 0.442147 -0.003268 
-0.294125 -0.517193 -4.461546 0.167713 0.442402 -0.001691 
-0.293953 -0.501996 -4.390636 0.167977 0.442876 -0.001848 
-0.302476 -0.497818 -4.215050 0.168152 0.443007 -0.003202 
-0.310744 -0.484819 -3.997666 0.168227 0.443037 -0.004942 
-0.312621 -0.484661 -3.759425 0.168375 0.443109 -0.006993 
-0.305536 -0.488519 -3.602671 0.168022 0.443032 -0.008571 
-0.304030 -0.489551 -3.683912 0.167698 0.443224 -0.008316 
-0.295166 -0.510939 -3.868944 0.167241 0.443180 -0.007082 
-0.293890 -0.512194 -4.075467 0.167244 0.443393 -0.005653 
-0.299341 -0.516638 -4.313371 0.167062 0.443370 -0.003710 
-0.298470 -0.518035 -4.469600 0.167221 0.443675 -0.002241 
-0.300297 -0.500680 -4.398327 0.167821 0.443590 -0.002717 
-0.302384 -0.491104 -4.223317 0.168199 0.443391 -0.003961 
-0.304312 -0.489428 -4.006939 0.168359 0.443086 -0.005383 
-0.307253 -0.479241 -3.760543 0.168898 0.442788 -0.006889 
-0.308197 -0.485446 -3.615461 0.168686 0.442291 -0.007939 
-0.300369 -0.496913 -3.678293 0.168453 0.441955 -0.007025 
-0.291195 -0.501513 -3.863734 0.168115 0.441916 -0.005679 
-0.296266 -0.514413 -4.068448 0.167550 0.441880 -0.004563 
-0.302148 -0.518991 -4.304674 0.167366 0.441859 -0.003262 
-0.293527 -0.516326 -4.458181 0.167237 0.442108 -0.002643 
-0.309134 -0.508391 -4.373920 0.167439 0.442303 -0.003966 
-0.317825 -0.495920 -4.197280 0.167673 0.442437 -0.005744 
-0.312553 -0.482688 -3.981330 0.168079 0.442374 -0.007169 
-0.314891 -0.481283 -3.745004 0.168397 0.442165 -0.008577 
-0.315996 -0.488843 -3.612302 0.168497 0.442055 -0.009004 
-0.300772 -0.487800 -3.656987 0.168516 0.441767 -0.007431 
-0.291625 -0.500895 -3.824372 0.168278 0.441819 -0.005325 
-0.290004 -0.509353 -4.031644 0.168070 0.441741 -0.003464 
-0.295173 -0.506256 -4.289586 0.167942 0.441913 -0.001645 
-0.294322 -0.507517 -4.464085 0.167942 0.442123 -0.000832 
-0.301608 -0.512928 -4.399462 0.167735 0.442447 -0.002173 
-0.296104 -0.501268 -4.241449 0.167972 0.442674 -0.004613 
-0.305027 -0.497855 -4.022908 0.168139 0.442990 -0.006897 
-0.308212 -0.496984 -3.795303 0.168613 0.442883 -0.008960 
-0.302544 -0.492994 -3.631005 0.168957 0.443012 -0.010005 
-0.287108 -0.501891 -3.685226 0.168907 0.443101 -0.008662 
-0.278765 -0.506537 -3.853778 0.169049 0.443165 -0.006345 
-0.276889 -0.515951 -4.063032 0.168995 0.443372 -0.003848 
-0.273905 -0.517154 -4.301874 0.168680 0.443579 -0.001477 
-0.279710 -0.523257 -4.467621 0.168642 0.444025 -0.000124 
-0.272922 -0.502195 -4.404320 0.168791 0.443976 -0.001135 
-0.279869 -0.490925 -4.226060 0.168535 0.444383 -0.003231 
-0.288857 -0.485730 -4.017307 0.168554 0.444224 -0.005515 
-0.304515 -0.485113 -3.787726 0.168376 0.444201 -0.007888 
-0.290753 -0.484264 -3.621455 0.168221 0.443984 -0.009350 
-0.290406 -0.491989 -3.694971 0.168171 0.443799 -0.008341 
-0.274622 -0.499354 -3.851696 0.167976 0.443423 -0.006434 
-0.280502 -0.503181 -4.050237 0.167957 0.443304 -0.004137 
-0.279525 -0.511611 -4.290076 0.168073 0.443236 -0.001666 
-0.278455 -0.502797 -4.456717 0.168145 0.443067 0.000020 
-0.272614 -0.498367 -4.395228 0.168497 0.443019 -0.000467 
-0.281129 -0.484804 -4.218283 0.168578 0.442866 -0.002240 
-0.290070 -0.471248 -4.009315 0.168657 0.442710 -0.004628 
-0.298663 -0.474774 -3.779447 0.168454 0.442636 -0.007110 
-0.306661 -0.477331 -3.611644 0.168101 0.442280 -0.008995 
-0.304973 -0.477143 -3.662234 0.167623 0.442180 -0.008708 
-0.288753 -0.484997 -3.827974 0.167265 0.441897 -0.007130 
-0.279000 -0.497619 -4.034417 0.166711 0.441759 -0.005372 
-0.284235 -0.501996 -4.273159 0.166530 0.441735 -0.003108 
-0.290453 -0.498491 -4.440606 0.166721 0.441903 -0.001216 
-0.291725 -0.498279 -4.379619 0.167040 0.441904 -0.001491 
-0.292873 -0.481455 -4.204155 0.167309 0.441988 -0.002840 
-0.295608 -0.481336 -3.997642 0.167779 0.442072 -0.004602 
-0.306122 -0.484750 -3.769698 0.168219 0.442013 -0.006773 
-0.315148 -0.488309 -3.603582 0.168340 0.441953 -0.008349 
-0.306966 -0.484634 -3.675305 0.168214 0.442004 -0.007979 
-0.290486 -0.494067 -3.850367 0.167845 0.442101 -0.006735 
-0.296779 -0.498916 -4.066645 0.167818 0.442176 -0.005420 
-0.301794 -0.503849 -4.313565 0.167473 0.442245 -0.003805 
-0.301426 -0.512982 -4.479264 0.167578 0.442360 -0.002559 
-0.308884 -0.509476 -4.406248 0.167594 0.442593 -0.003356 
-0.311363 -0.501058 -4.230704 0.168125 0.442684 -0.004927 
-0.313419 -0.492112 -4.014416 0.168496 0.442670 -0.006460 
-0.315497 -0.492285 -3.787411 0.168803 0.442841 -0.008203 
-0.318048 -0.491469 -3.623014 0.169280 0.442739 -0.009355 
-0.302417 -0.500163 -3.696344 0.169072 0.442734 -0.008346 
-0.293855 -0.505364 -3.873074 0.169050 0.442890 -0.006678 
-0.291295 -0.506574 -4.079892 0.168732 0.443095 -0.004923 
-0.289264 -0.514761 -4.307112 0.168367 0.442920 -0.003076 
-0.302174 -0.515699 -4.472001 0.168201 0.443130 -0.001929 
-0.308805 -0.511523 -4.408536 0.167901 0.443168 -0.002727 
-0.302687 -0.498509 -4.221550 0.167986 0.443101 -0.004493 
-0.304332 -0.489292 -4.025210 0.168200 0.442991 -0.006039 
-0.299821 -0.492097 -3.787759 0.168492 0.442731 -0.007876 
-0.301505 -0.491634 -3.634055 0.168807 0.442721 -0.008715 
-0.301335 -0.500449 -3.707877 0.168910 0.442824 -0.007712 
-0.285654 -0.501304 -3.853759 0.168921 0.442928 -0.006230 
-0.283793 -0.510453 -4.050938 0.168708 0.443037 -0.004363 
-0.282307 -0.511769 -4.288645 0.168712 0.443254 -0.002639 
-0.288393 -0.516158 -4.463341 0.168527 0.443225 -0.001607 
-0.295857 -0.512780 -4.420672 0.168543 0.443462 -0.002430 
-0.295348 -0.504495 -4.242660 0.168110 0.443529 -0.004306 
-0.296745 -0.486586 -4.034868 0.168224 0.443323 -0.006265 
-0.304443 -0.481216 -3.796065 0.167923 0.443151 -0.008196 
-0.297578 -0.484519 -3.631134 0.167734 0.442981 -0.009125 
-0.296157 -0.492136 -3.673762 0.167363 0.442783 -0.008085 
-0.287203 -0.496180 -3.851025 0.167189 0.442651 -0.006089 
-0.270687 -0.496758 -4.048879 0.167044 0.442662 -0.004005 
-0.275681 -0.501825 -4.277529 0.166857 0.442827 -0.001735 
-0.282115 -0.498388 -4.444137 0.167048 0.442995 -0.000165 
-0.290015 -0.494522 -4.392452 0.167228 0.443140 -0.000659 
-0.292534 -0.485081 -4.215764 0.167605 0.442943 -0.002545 
-0.294194 -0.475600 -4.007348 0.167659 0.442734 -0.004721 
-0.295847 -0.465990 -3.768587 0.167713 0.442522 -0.006870 
-0.296982 -0.473021 -3.611734 0.167494 0.442214 -0.008555 
-0.304413 -0.484279 -3.663821 0.167413 0.441887 -0.007956 
-0.288369 -0.493223 -3.829867 0.167208 0.441892 -0.006383 
-0.272726 -0.493576 -4.047373 0.167227 0.441816 -0.004639 
-0.271287 -0.503253 -4.285296 0.167172 0.442030 -0.002811 
-0.278138 -0.500215 -4.462302 0.167520 0.442298 -0.001253 
-0.286665 -0.496687 -4.389829 0.167858 0.442540 -0.002055 
-0.287578 -0.480683 -4.234619 0.168122 0.442816 -0.003424 
-0.289159 -0.473249 -4.028491 0.168483 0.443182 -0.004970 
-0.289946 -0.463993 -3.800423 0.168375 0.443061 -0.006806 
-0.298775 -0.466596 -3.615731 0.168502 0.442807 -0.007720 
-0.304448 -0.479320 -3.678274 0.168092 0.442851 -0.006808 
-0.295315 -0.492151 -3.833584 0.167694 0.442806 -0.005331 
-0.285884 -0.488451 -4.049995 0.167415 0.442774 -0.003795 
-0.284486 -0.497104 -4.286774 0.167207 0.442700 -0.002281 
-0.290987 -0.501892 -4.471867 0.167180 0.442771 -0.001261 
-0.300233 -0.506168 -4.408025 0.167462 0.442823 -0.002607 
-0.310208 -0.493742 -4.231090 0.168016 0.442966 -0.004712 
-0.306047 -0.489473 -4.023236 0.168519 0.443002 -0.007007 
-0.317212 -0.492466 -3.785438 0.169122 0.442851 -0.009171 
-0.312522 -0.494701 -3.620450 0.169421 0.442410 -0.010425 
-0.311935 -0.503117 -3.683873 0.169366 0.442413 -0.009410 
-0.310543 -0.510626 -3.840546 0.169162 0.442138 -0.007503 
-0.301419 -0.513707 -4.047850 0.168836 0.441723 -0.005527 
-0.291610 -0.518361 -4.296500 0.168501 0.441690 -0.003270 
-0.297433 -0.514322 -4.471819 0.168375 0.441664 -0.002022 
-0.312460 -0.514410 -4.408559 0.168362 0.441758 -0.002933 
-0.320346 -0.510388 -4.230753 0.168215 0.441882 -0.004923 
-0.315271 -0.498111 -4.033378 0.168615 0.442012 -0.007009 
-0.317101 -0.489593 -3.794921 0.168821 0.442088 -0.009165 
-0.311695 -0.494031 -3.630000 0.169106 0.442214 -0.010426 
-0.311068 -0.503471 -3.694567 0.169204 0.442504 -0.009096 
-0.301873 -0.508206 -3.861737 0.169025 0.442560 -0.007094 
-0.285317 -0.509807 -4.060735 0.169034 0.442858 -0.004696 
-0.290077 -0.515695 -4.309638 0.168842 0.443215 -0.002445 
-0.288331 -0.508061 -4.475202 0.168745 0.443327 -0.001082 
-0.295965 -0.505646 -4.402491 0.168914 0.443848 -0.001885 
-0.303852 -0.501625 -4.224685 0.168767 0.443972 -0.003875 
-0.297245 -0.480610 -4.016154 0.168746 0.443997 -0.006047 
-0.291182 -0.475564 -3.786961 0.168612 0.443825 -0.008312 
-0.292037 -0.484310 -3.621159 0.168541 0.443992 -0.009676 
-0.290622 -0.492056 -3.694133 0.168170 0.443799 -0.008662 
-0.282053 -0.497129 -3.840516 0.168147 0.443952 -0.006968 
-0.279954 -0.497091 -4.049251 0.168000 0.443875 -0.004570 
-0.277405 -0.497806 -4.279077 0.167848 0.443989 -0.001870 
-0.261123 -0.497563 -4.456678 0.167709 0.443808 0.000233 
-0.276114 -0.488796 -4.416210 0.167920 0.443816 0.000162 
-0.284461 -0.483527 -4.240320 0.167943 0.443659 -0.001185 
-0.285682 -0.464527 -4.032223 0.167904 0.443165 -0.003138 
-0.279203 -0.459082 -3.792632 0.167612 0.442892 -0.005390 
-0.280083 -0.457292 -3.593982 0.167292 0.442485 -0.007462 
-0.286690 -0.477887 -3.664316 0.166825 0.442340 -0.007415 
-0.278618 -0.481312 -3.818810 0.166654 0.442018 -0.006362 
-0.277213 -0.489837 -4.025243 0.166445 0.441940 -0.004823 
-0.269292 -0.485755 -4.263527 0.166652 0.441828 -0.002989 
-0.268901 -0.485769 -4.439942 0.166823 0.441757 -0.001533 
-0.284982 -0.486099 -4.389300 0.167291 0.441958 -0.001820 
-0.294813 -0.481208 -4.224351 0.167793 0.441909 -0.003185 
-0.296869 -0.472262 -4.008063 0.168164 0.441895 -0.004718 
-0.298900 -0.464075 -3.780843 0.168530 0.442070 -0.006565 
-0.300182 -0.462948 -3.604666 0.168527 0.441861 -0.008020 
-0.299006 -0.479882 -3.666084 0.168091 0.441854 -0.007537 
-0.296549 -0.497420 -3.830911 0.167495 0.441949 -0.006176 
-0.294863 -0.498404 -4.057382 0.167341 0.442066 -0.004760 
-0.293223 -0.507750 -4.284068 0.167127 0.442180 -0.003240 
-0.291875 -0.501403 -4.479444 0.167183 0.442585 -0.002230 
-0.307078 -0.502581 -4.416489 0.167323 0.442968 -0.003148 
-0.309557 -0.494163 -4.240945 0.167853 0.443058 -0.004719 
-0.312245 -0.485684 -4.034216 0.168382 0.443145 -0.006585 
-0.321435 -0.490076 -3.807713 0.168655 0.443364 -0.008115 
-0.309177 -0.488717 -3.632969 0.168984 0.443062 -0.009255 
-0.308590 -0.497133 -3.696392 0.168928 0.443065 -0.008239 
-0.307830 -0.505108 -3.862624 0.168882 0.442891 -0.006666 
-0.306842 -0.514033 -4.079455 0.168832 0.442913 -0.005139 
-0.303872 -0.514971 -4.306222 0.168357 0.443021 -0.003397 
-0.302893 -0.523503 -4.480631 0.168146 0.442941 -0.002473 
-0.311049 -0.518681 -4.426963 0.168172 0.442799 -0.003603 
-0.319955 -0.506277 -4.249485 0.168405 0.442934 -0.005703 
-0.321400 -0.496728 -4.041908 0.168460 0.442725 -0.007557 
-0.316385 -0.491796 -3.794988 0.168806 0.442655 -0.009172 
-0.303260 -0.490791 -3.630938 0.168973 0.442444 -0.009997 
-0.310220 -0.502937 -3.685847 0.169047 0.442403 -0.008441 
-0.308795 -0.511598 -3.874009 0.168998 0.442419 -0.006246 
-0.299343 -0.508033 -4.072149 0.168879 0.442482 -0.004054 
-0.296621 -0.517664 -4.310368 0.168504 0.442686 -0.001899 
-0.295588 -0.517706 -4.454216 0.168351 0.442605 -0.001054 
-0.295531 -0.509840 -4.430994 0.168244 0.442698 -0.002102 
-0.303370 -0.497457 -4.252972 0.168156 0.442825 -0.004197 
-0.312310 -0.483901 -4.044004 0.168235 0.442669 -0.006585 
-0.306424 -0.479946 -3.815116 0.168253 0.442784 -0.008856 
-0.299721 -0.474826 -3.618786 0.168122 0.442614 -0.010184 
-0.300095 -0.499610 -3.671946 0.168111 0.442519 -0.009274 
-0.291336 -0.503857 -3.830100 0.168095 0.442483 -0.006944 
-0.281931 -0.508653 -4.028455 0.167917 0.442542 -0.004648 
-0.279799 -0.509767 -4.268679 0.167924 0.442756 -0.001960 
-0.270663 -0.489751 -4.446441 0.168080 0.442921 0.000036 
-0.277960 -0.494667 -4.404826 0.168038 0.443155 -0.000361 
-0.293716 -0.478053 -4.228472 0.168297 0.443341 -0.002032 
-0.287203 -0.473760 -4.020371 0.168159 0.443360 -0.003995 
-0.280490 -0.469135 -3.801034 0.167862 0.443279 -0.006267 
-0.280872 -0.459737 -3.623260 0.167597 0.443066 -0.008143 
-0.287412 -0.472107 -3.675109 0.167348 0.443019 -0.007544 
-0.271368 -0.481052 -3.841154 0.167143 0.443024 -0.005972 
-0.269507 -0.490201 -4.038333 0.166929 0.443133 -0.004105 
-0.260760 -0.494705 -4.257179 0.166915 0.443105 -0.001827 
-0.267200 -0.491396 -4.454133 0.167106 0.443278 -0.000282 
-0.276168 -0.487508 -4.402991 0.167607 0.443430 -0.000782 
-0.284907 -0.483398 -4.226566 0.167782 0.443562 -0.002456 
-0.287419 -0.473827 -4.019533 0.168158 0.443360 -0.004316 
-0.290188 -0.472557 -3.781529 0.168474 0.443153 -0.006367 
-0.291974 -0.479167 -3.614821 0.168418 0.442753 -0.008045 
-0.284073 -0.483033 -3.666507 0.168237 0.442609 -0.007550 
-0.289814 -0.494624 -3.841951 0.167841 0.442288 -0.006086 
-0.288362 -0.494788 -4.048169 0.167691 0.442213 -0.004651 
-0.286701 -0.495014 -4.285572 0.167542 0.442142 -0.002921 
-0.285922 -0.503877 -4.471218 0.167491 0.442160 -0.001688 
-0.294690 -0.499657 -4.408839 0.167833 0.442214 -0.002496 
-0.303797 -0.487585 -4.242598 0.168225 0.442448 -0.004288 
-0.314249 -0.482903 -4.026515 0.168883 0.442491 -0.005934 
-0.308798 -0.478459 -3.788611 0.169065 0.442514 -0.007877 
-0.303217 -0.481807 -3.623385 0.169197 0.442353 -0.009132 
-0.309957 -0.494508 -3.686470 0.169107 0.442405 -0.008225 
-0.315457 -0.506791 -3.851822 0.168705 0.442272 -0.006755 
-0.314022 -0.515947 -4.016977 0.168490 0.442379 -0.005504 
-0.304194 -0.521489 -4.285040 0.168149 0.442539 -0.003587 
-0.309581 -0.517937 -4.469376 0.167859 0.442605 -0.002667 
-0.310632 -0.518282 -4.416566 0.168014 0.442699 -0.003590 
-0.318913 -0.505539 -4.259874 0.168090 0.442738 -0.005383 
-0.321864 -0.505488 -4.052521 0.168559 0.442822 -0.007465 
-0.316391 -0.491925 -3.825334 0.168807 0.442659 -0.009198 
-0.318285 -0.491401 -3.640446 0.169121 0.442646 -0.010331 
-0.318390 -0.507628 -3.663883 0.169169 0.442549 -0.009178 
-0.309583 -0.503513 -3.821823 0.169212 0.442516 -0.006953 
-0.307096 -0.512325 -4.039788 0.168842 0.442528 -0.004778 
-0.297698 -0.517249 -4.268489 0.168664 0.442592 -0.002508 
-0.295958 -0.509744 -4.464399 0.168568 0.442708 -0.001171 
-0.303006 -0.505968 -4.411332 0.168427 0.442846 -0.001981 
-0.311133 -0.501255 -4.243619 0.168285 0.442781 -0.003977 
-0.312142 -0.492195 -4.045058 0.168177 0.442665 -0.006160 
-0.312903 -0.483698 -3.806058 0.168062 0.442732 -0.008310 
-0.306833 -0.479045 -3.619287 0.168088 0.442662 -0.009972 
-0.306696 -0.486708 -3.661619 0.168037 0.442474 -0.009257 
-0.290483 -0.503946 -3.828718 0.167774 0.442475 -0.007260 
-0.289421 -0.504517 -3.996718 0.167940 0.442591 -0.005155 
-0.279967 -0.501474 -4.267625 0.167982 0.442760 -0.002386 
-0.271142 -0.498247 -4.444979 0.168019 0.442919 -0.000501 
-0.285456 -0.490659 -4.403434 0.168062 0.443208 -0.000895 
-0.294435 -0.485857 -4.237103 0.168242 0.443151 -0.002575 
-0.294987 -0.477421 -4.029288 0.168129 0.443222 -0.004431 
-0.295990 -0.468233 -3.800382 0.168020 0.443101 -0.006588 
-0.289092 -0.462910 -3.623160 0.167730 0.442835 -0.008250 
-0.288566 -0.479422 -3.674723 0.167457 0.442737 -0.007760 
-0.286915 -0.488510 -3.840717 0.167242 0.442842 -0.006188 
-0.285054 -0.497660 -4.037896 0.167029 0.442952 -0.004320 
-0.275608 -0.494224 -4.266382 0.166910 0.443018 -0.002154 
-0.281855 -0.499967 -4.453458 0.167037 0.443376 -0.000499 
-0.283759 -0.500222 -4.402030 0.167513 0.443477 -0.001107 
-0.292682 -0.487452 -4.277905 0.167912 0.443526 -0.002289 
-0.294962 -0.478180 -4.018356 0.168123 0.443410 -0.004746 
-0.304408 -0.481616 -3.789870 0.168241 0.443344 -0.006912 
-0.298167 -0.476001 -3.633140 0.168115 0.442990 -0.008593 
-0.297225 -0.492115 -3.674305 0.167684 0.442791 -0.008090 
-0.295398 -0.500112 -3.839994 0.167316 0.442609 -0.006511 
-0.293576 -0.508238 -4.036029 0.166949 0.442431 -0.004959 
-0.291909 -0.508334 -4.243086 0.166800 0.442356 -0.003203 
-0.284614 -0.504590 -4.460582 0.167164 0.442340 -0.001677 
-0.292561 -0.509085 -4.409112 0.167286 0.442482 -0.002067 
-0.294783 -0.492367 -4.264538 0.167876 0.442578 -0.003447 
-0.312193 -0.499932 -4.037935 0.168283 0.442568 -0.005085 
-0.314465 -0.491054 -3.820808 0.168654 0.442554 -0.006939 
-0.300851 -0.482048 -3.635213 0.168715 0.442435 -0.008171 
-0.307753 -0.486327 -3.666899 0.168683 0.442487 -0.007663 
-0.299688 -0.499137 -3.822752 0.168606 0.442449 -0.006192 
-0.297632 -0.508083 -4.039040 0.168234 0.442463 -0.004659 
-0.295705 -0.509759 -4.255418 0.168074 0.442768 -0.003237 
-0.301509 -0.506607 -4.450151 0.167943 0.442934 -0.002330 
-0.301257 -0.507793 -4.417051 0.167771 0.443212 -0.003267 
-0.310189 -0.494630 -4.250504 0.168010 0.443159 -0.005052 
-0.319789 -0.490037 -4.033040 0.168347 0.443194 -0.007014 
-0.314995 -0.485301 -3.815627 0.168692 0.443130 -0.008976 
-0.309561 -0.480491 -3.631076 0.169041 0.443067 -0.010001 
-0.301881 -0.483801 -3.674584 0.169025 0.442828 -0.008858 
-0.308428 -0.496198 -3.822208 0.169103 0.442798 -0.006737 
-0.299528 -0.508731 -4.030033 0.168871 0.442667 -0.004664 
-0.304299 -0.504347 -4.258162 0.168590 0.442547 -0.002492 
-0.302847 -0.504511 -4.464381 0.168440 0.442472 -0.001056 
-0.302003 -0.504207 -4.420577 0.167958 0.442362 -0.001975 
-0.311150 -0.491111 -4.253192 0.168196 0.442309 -0.004081 
-0.320185 -0.494277 -4.044654 0.168158 0.442146 -0.006261 
-0.314774 -0.488810 -3.805606 0.168186 0.441882 -0.008518 
-0.309120 -0.484556 -3.629233 0.168371 0.441913 -0.010192 
-0.301415 -0.488625 -3.661809 0.168348 0.441863 -0.009364 
-0.292684 -0.502120 -3.839592 0.168268 0.442016 -0.007270 
-0.298740 -0.507037 -4.038439 0.168402 0.442184 -0.004979 
-0.289758 -0.512361 -4.277538 0.168383 0.442347 -0.002721 
-0.280645 -0.501465 -4.444583 0.168473 0.442698 -0.000935 
-0.287894 -0.498021 -4.402753 0.168491 0.442934 -0.001437 
-0.295758 -0.484879 -4.235663 0.168409 0.442873 -0.003216 
-0.303854 -0.480797 -4.026672 0.168261 0.442993 -0.005501 
-0.304663 -0.480660 -3.787888 0.168087 0.443057 -0.007547 
-0.298182 -0.475737 -3.621064 0.167956 0.442892 -0.009222 
-0.297393 -0.483821 -3.673251 0.167742 0.442795 -0.008515 
-0.288414 -0.488623 -3.839583 0.167561 0.442852 -0.006835 
-0.287405 -0.497683 -4.038143 0.167670 0.442969 -0.004652 
-0.271096 -0.498722 -4.277580 0.167685 0.443083 -0.002286 
-0.277731 -0.495616 -4.455425 0.168034 0.443351 -0.000407 
-0.279002 -0.495404 -4.394437 0.168353 0.443351 -0.000681 
-0.280830 -0.487407 -4.228748 0.168721 0.443534 -0.002260 
-0.289314 -0.474475 -4.010526 0.168795 0.443564 -0.004321 
-0.283506 -0.478250 -3.823131 0.168761 0.443492 -0.006199 
-0.285454 -0.476439 -3.625023 0.168762 0.443093 -0.008276 
-0.283788 -0.485371 -3.664896 0.168220 0.443178 -0.008199 
-0.275346 -0.496758 -3.809207 0.167832 0.442753 -0.007030 
-0.280355 -0.501562 -4.025781 0.167485 0.442818 -0.005390 
-0.278500 -0.510839 -4.253306 0.167273 0.442932 -0.003548 
-0.277196 -0.502846 -4.440200 0.167340 0.442955 -0.001883 
-0.277607 -0.503116 -4.420252 0.167497 0.443051 -0.001870 
-0.280527 -0.494338 -4.266038 0.168192 0.443053 -0.003139 
-0.296928 -0.477174 -4.049483 0.168613 0.443143 -0.004776 
-0.298830 -0.476257 -3.822174 0.168767 0.443026 -0.006513 
-0.293195 -0.471116 -3.626386 0.168956 0.442864 -0.007846 
-0.291749 -0.479493 -3.658082 0.168579 0.442855 -0.007120 
-0.290789 -0.487136 -3.813077 0.168373 0.442582 -0.005856 
-0.288733 -0.496082 -4.029365 0.168002 0.442596 -0.004323 
-0.301022 -0.496811 -4.245387 0.167680 0.442714 -0.002895 
-0.292721 -0.501185 -4.450480 0.167504 0.442588 -0.001889 
-0.293074 -0.493589 -4.407309 0.167555 0.442777 -0.002924 
-0.308993 -0.501922 -4.249871 0.167478 0.442859 -0.004936 
-0.318545 -0.488968 -4.032192 0.167873 0.442898 -0.007003 
-0.314403 -0.483811 -3.804924 0.168381 0.442742 -0.008957 
-0.315880 -0.482888 -3.609638 0.168538 0.442628 -0.010078 
-0.315527 -0.490483 -3.652808 0.168487 0.442439 -0.009043 
-0.299502 -0.498540 -3.799439 0.168287 0.442251 -0.007130 
-0.297666 -0.506931 -4.007550 0.168080 0.442172 -0.004948 
-0.303135 -0.510487 -4.226040 0.167903 0.441956 -0.002664 
-0.293705 -0.506786 -4.442450 0.167625 0.441924 -0.001128 
-0.300079 -0.494311 -4.409955 0.167386 0.441968 -0.001735 
-0.308407 -0.489930 -4.253478 0.167403 0.442003 -0.003422 
-0.317812 -0.485134 -4.055123 0.167581 0.441944 -0.005719 
-0.320145 -0.484351 -3.826136 0.167734 0.441829 -0.008097 
-0.314485 -0.479969 -3.619417 0.167917 0.441855 -0.009745 
-0.300084 -0.480219 -3.661890 0.168087 0.441857 -0.009142 
-0.299307 -0.498337 -3.818549 0.168129 0.442156 -0.007464 
-0.305626 -0.511683 -4.016772 0.168203 0.442322 -0.005390 
-0.304576 -0.512511 -4.245463 0.168371 0.442446 -0.003338 
-0.302844 -0.514390 -4.442732 0.168369 0.442846 -0.001581 
-0.296117 -0.511201 -4.411351 0.168554 0.443082 -0.002095 
-0.304398 -0.498459 -4.254659 0.168630 0.443120 -0.003887 
-0.305630 -0.498851 -4.056619 0.168616 0.443288 -0.005972 
-0.306632 -0.489662 -3.827712 0.168507 0.443168 -0.008129 
-0.306558 -0.480888 -3.640684 0.168237 0.443142 -0.009677 
-0.298465 -0.493807 -3.682491 0.167992 0.443182 -0.009072 
-0.289767 -0.506150 -3.828785 0.167758 0.443043 -0.007267 
-0.287931 -0.514540 -4.036896 0.167551 0.442964 -0.005085 
-0.278687 -0.511436 -4.276619 0.167591 0.443130 -0.002611 
-0.291559 -0.503518 -4.464300 0.167650 0.443253 -0.000624 
-0.285920 -0.499419 -4.414047 0.168161 0.443305 -0.000803 
-0.286833 -0.483415 -4.258837 0.168425 0.443581 -0.002172 
-0.296304 -0.486092 -4.041283 0.168550 0.443326 -0.004023 
-0.305501 -0.480836 -3.801345 0.168569 0.443163 -0.006602 
-0.299517 -0.483520 -3.613645 0.168382 0.442803 -0.008474 
-0.298092 -0.491761 -3.663611 0.167846 0.442700 -0.008404 
-0.282063 -0.500441 -3.817581 0.167481 0.442607 -0.007461 
-0.280658 -0.508966 -4.024014 0.167272 0.442529 -0.005921 
-0.279432 -0.508703 -4.252401 0.167287 0.442365 -0.003862 
-0.285919 -0.513756 -4.449570 0.167419 0.442534 -0.002213 
-0.278297 -0.501672 -4.409253 0.167507 0.442672 -0.002177 
-0.280298 -0.484758 -4.235172 0.168097 0.442764 -0.003211 
-0.289466 -0.480030 -4.019385 0.168435 0.442798 -0.004531 
-0.291569 -0.479445 -3.803312 0.168748 0.442781 -0.005959 
-0.292395 -0.478943 -3.617881 0.168741 0.442759 -0.007087 
-0.283580 -0.474801 -3.680045 0.168457 0.442709 -0.006383 
-0.274897 -0.486880 -3.814263 0.168063 0.442472 -0.005208 
-0.279881 -0.492443 -4.019905 0.167711 0.442726 -0.003882 
-0.278041 -0.501456 -4.235355 0.167338 0.442741 -0.002670 
-0.277221 -0.502087 -4.451132 0.167346 0.442767 -0.001568 
-0.278038 -0.503251 -4.418574 0.167496 0.443053 -0.002511 
-0.286735 -0.490908 -4.272281 0.167730 0.443191 -0.004316 
-0.289376 -0.474068 -4.065337 0.168318 0.443281 -0.006287 
-0.299433 -0.478106 -3.828139 0.168753 0.443410 -0.008131 
-0.294544 -0.489265 -3.622927 0.168988 0.443149 -0.009248 
-0.294507 -0.480410 -3.645720 0.169212 0.443062 -0.008409 
-0.284896 -0.484746 -3.802492 0.168875 0.443018 -0.006394 
-0.283012 -0.484775 -4.010388 0.168726 0.442942 -0.004317 
-0.288309 -0.497248 -4.237270 0.168327 0.442817 -0.002578 
-0.293553 -0.501231 -4.433591 0.167985 0.442690 -0.000918 
-0.292869 -0.493027 -4.431155 0.167721 0.442687 -0.001659 
-0.294272 -0.475246 -4.253710 0.167836 0.442485 -0.003644 
-0.302608 -0.470472 -4.054812 0.167693 0.442417 -0.005935 
-0.312705 -0.473487 -3.816470 0.167974 0.442259 -0.008094 
-0.314854 -0.472007 -3.629600 0.168134 0.441958 -0.009862 
-0.301152 -0.480197 -3.662433 0.168408 0.441865 -0.009147 
-0.300299 -0.480706 -3.799247 0.168573 0.441978 -0.007338 
-0.291815 -0.493638 -4.017470 0.168499 0.441947 -0.005277 
-0.298093 -0.498752 -4.245824 0.168633 0.442120 -0.003333 
-0.303512 -0.503826 -4.442450 0.168444 0.442281 -0.001679 
-0.311635 -0.500156 -4.420272 0.168624 0.442431 -0.002520 
-0.305329 -0.496323 -4.253753 0.168645 0.442553 -0.004201 
-0.305921 -0.486864 -4.044795 0.168379 0.442337 -0.006371 
-0.314204 -0.473600 -3.815336 0.168294 0.442268 -0.008741 
-0.314354 -0.474278 -3.628828 0.168118 0.442527 -0.010191 
-0.313196 -0.490324 -3.670831 0.167687 0.442327 -0.009367 
-0.304412 -0.495329 -3.818054 0.167665 0.442479 -0.007352 
-0.295665 -0.499833 -4.036900 0.167650 0.442451 -0.005074 
-0.293507 -0.501706 -4.266192 0.167651 0.442854 -0.002702 
-0.293318 -0.502051 -4.453844 0.167980 0.442882 -0.000937 
-0.294484 -0.495390 -4.413199 0.168506 0.443366 -0.001342 
-0.295613 -0.479453 -4.257150 0.168769 0.443643 -0.003032 
-0.298100 -0.470641 -4.039184 0.169139 0.443630 -0.005207 
-0.299365 -0.469881 -3.809654 0.168971 0.443507 -0.007580 
-0.300863 -0.468822 -3.632638 0.168968 0.443299 -0.009356 
-0.299457 -0.476175 -3.663190 0.168436 0.443003 -0.008945 
-0.290324 -0.489007 -3.818500 0.168038 0.442957 -0.007469 
-0.288262 -0.497824 -4.004442 0.167666 0.442967 -0.005910 
-0.285727 -0.498275 -4.222193 0.167355 0.442983 -0.003840 
-0.284912 -0.498282 -4.430631 0.167528 0.442915 -0.001768 
-0.285041 -0.491012 -4.430721 0.167739 0.443206 -0.001878 
-0.286678 -0.482188 -4.276803 0.168114 0.443199 -0.002821 
-0.288686 -0.464882 -4.060300 0.168544 0.443188 -0.004458 
-0.289937 -0.464386 -3.842845 0.168535 0.443163 -0.006202 
-0.291213 -0.463131 -3.636322 0.168532 0.442950 -0.007631 
-0.290828 -0.462101 -3.667202 0.168381 0.442666 -0.007330 
-0.282145 -0.474180 -3.801420 0.167987 0.442429 -0.006155 
-0.272761 -0.478840 -4.018045 0.167650 0.442394 -0.004514 
-0.285098 -0.487929 -4.234282 0.167269 0.442508 -0.002981 
-0.284063 -0.488493 -4.450898 0.167277 0.442534 -0.001558 
-0.291553 -0.484356 -4.419161 0.167300 0.442582 -0.002066 
-0.293098 -0.468818 -4.273510 0.167721 0.442960 -0.003769 
-0.295370 -0.459940 -4.056383 0.168092 0.442946 -0.005622 
-0.290361 -0.455136 -3.839809 0.168439 0.442881 -0.007263 
-0.300208 -0.459236 -3.633796 0.168875 0.443013 -0.008812 
-0.299414 -0.467191 -3.655637 0.168660 0.442912 -0.008079 
-0.290717 -0.479534 -3.801930 0.168426 0.442774 -0.006275 
-0.281333 -0.484195 -4.018556 0.168089 0.442739 -0.004634 
-0.286342 -0.488998 -4.235130 0.167743 0.442804 -0.002993 
-0.291351 -0.493802 -4.451704 0.167396 0.442870 -0.001352 
-0.299009 -0.481372 -4.418913 0.167477 0.442923 -0.002285 
-0.307337 -0.476991 -4.262436 0.167494 0.442958 -0.003973 
-0.301716 -0.471585 -4.054573 0.167524 0.442697 -0.005936 
-0.319295 -0.470856 -3.826917 0.167989 0.442690 -0.007999 
-0.313948 -0.473384 -3.641437 0.168125 0.442337 -0.009234 
-0.299829 -0.481175 -3.663872 0.168241 0.442144 -0.008506 
-0.299217 -0.480992 -3.810780 0.168412 0.442068 -0.006703 
-0.290685 -0.485563 -4.028787 0.168397 0.442040 -0.004746 
-0.288830 -0.494841 -4.256312 0.168184 0.442154 -0.002905 
-0.302229 -0.503780 -4.442746 0.168123 0.442272 -0.001352 
-0.295984 -0.499208 -4.431551 0.168319 0.442133 -0.001879 
-0.304480 -0.486533 -4.274020 0.168395 0.442172 -0.003992 
-0.306550 -0.477323 -4.045657 0.168606 0.442059 -0.006154 
-0.308233 -0.476962 -3.826524 0.168596 0.442036 -0.008540 
-0.310188 -0.484534 -3.629776 0.168692 0.441921 -0.010198 
-0.309112 -0.484949 -3.671654 0.168531 0.442015 -0.009589 
-0.300960 -0.490421 -3.828436 0.168666 0.442268 -0.007908 
-0.292235 -0.504045 -4.036565 0.168587 0.442425 -0.005840 
-0.283013 -0.510060 -4.265571 0.168562 0.442776 -0.003576 
-0.288997 -0.507376 -4.453271 0.168748 0.443136 -0.001704 
-0.297051 -0.495481 -4.412607 0.169146 0.443383 -0.001995 
-0.297385 -0.487499 -4.278399 0.169195 0.443560 -0.002952 
-0.297890 -0.470703 -4.070369 0.169141 0.443634 -0.004912 
-0.299357 -0.470274 -3.852076 0.169131 0.443610 -0.006977 
-0.300896 -0.477447 -3.644929 0.169068 0.443394 -0.008622 
-0.299465 -0.485560 -3.664549 0.168531 0.443287 -0.008526 
-0.290519 -0.489210 -3.799391 0.168197 0.443053 -0.007134 
-0.281135 -0.493870 -4.016016 0.167860 0.443018 -0.005493 
-0.287212 -0.498652 -4.233134 0.167834 0.443091 -0.003858 
-0.286788 -0.499818 -4.441038 0.168159 0.443312 -0.002113 
-0.287414 -0.500156 -4.420251 0.168316 0.443408 -0.002420 
-0.296796 -0.496017 -4.276393 0.168814 0.443550 -0.003484 
-0.291980 -0.482161 -4.069697 0.169224 0.443300 -0.005235 
-0.292552 -0.472837 -3.842468 0.169117 0.443178 -0.006750 
-0.293828 -0.471583 -3.635945 0.169114 0.442965 -0.008179 
-0.292810 -0.470086 -3.657266 0.168805 0.442579 -0.007545 
-0.283260 -0.482519 -3.802178 0.168249 0.442434 -0.006056 
-0.273043 -0.486381 -3.998008 0.167596 0.442198 -0.004390 
-0.270073 -0.487320 -4.224774 0.167121 0.442307 -0.002648 
-0.276103 -0.483740 -4.441676 0.167154 0.442384 -0.001117 
-0.290920 -0.483890 -4.409601 0.167143 0.442482 -0.001733 
-0.299449 -0.479840 -4.264362 0.167319 0.442616 -0.003112 
-0.287504 -0.471909 -4.047591 0.167852 0.442790 -0.004972 
-0.289359 -0.462631 -3.820066 0.168064 0.442677 -0.006813 
-0.291926 -0.470806 -3.614606 0.168477 0.442757 -0.008149 
-0.291548 -0.479161 -3.646845 0.168420 0.442756 -0.007429 
-0.283847 -0.483880 -3.782535 0.168559 0.442817 -0.006048 
-0.281575 -0.492759 -3.999662 0.168188 0.442831 -0.004195 
-0.286584 -0.497562 -4.216236 0.167842 0.442896 -0.002554 
-0.285132 -0.497726 -4.422454 0.167692 0.442822 -0.001119 
-0.292603 -0.494478 -4.410131 0.167710 0.443063 -0.001967 
-0.293819 -0.485878 -4.253153 0.167761 0.443050 -0.003867 
-0.295244 -0.477217 -4.064990 0.167810 0.443033 -0.006063 
-0.304427 -0.472225 -3.837128 0.167988 0.442969 -0.008012 
