-0.281187 -0.431047 -4.172122 0.170554 0.451875 -0.002310 
-0.280566 -0.431258 -4.361451 0.170885 0.451902 0.000096 
-0.285586 -0.435567 -4.601033 0.170704 0.451877 0.002681 
-0.285570 -0.426576 -4.642095 0.170769 0.451696 0.002866 
-0.286616 -0.417014 -4.515159 0.170668 0.451399 0.000946 
-0.288055 -0.408089 -4.314921 0.170558 0.451284 -0.001879 
-0.296460 -0.411540 -4.134508 0.170198 0.451119 -0.004721 
-0.305215 -0.406643 -3.873240 0.170052 0.451045 -0.007602 
-0.304573 -0.406671 -3.840673 0.169729 0.451034 -0.008213 
-0.289155 -0.415954 -3.985932 0.169680 0.451136 -0.006948 
-0.287039 -0.426059 -4.185093 0.169621 0.451531 -0.004445 
-0.286225 -0.435322 -4.364545 0.169888 0.451743 -0.001928 
-0.284319 -0.436009 -4.626937 0.170059 0.451868 0.001382 
-0.277177 -0.432319 -4.650587 0.170412 0.452017 0.002428 
-0.285446 -0.409963 -4.527620 0.170719 0.451780 0.001791 
-0.293801 -0.404301 -4.309308 0.170582 0.451520 -0.000160 
-0.295749 -0.402489 -4.111200 0.170583 0.451120 -0.002237 
-0.297921 -0.400352 -3.869832 0.170423 0.450619 -0.005239 
-0.290670 -0.403898 -3.846234 0.170079 0.450369 -0.006285 
-0.288807 -0.413149 -3.977984 0.169540 0.450466 -0.005965 
-0.287618 -0.421741 -4.183578 0.169330 0.450389 -0.004746 
-0.286149 -0.432049 -4.380223 0.169269 0.450786 -0.003206 
-0.284455 -0.442682 -4.620128 0.169369 0.451286 -0.000742 
-0.285252 -0.434625 -4.663716 0.169910 0.451399 0.000072 
-0.286640 -0.426886 -4.542126 0.170439 0.451683 -0.000261 
-0.288681 -0.418204 -4.337914 0.170970 0.451767 -0.001164 
-0.290071 -0.409943 -4.143557 0.171338 0.451944 -0.002075 
-0.292208 -0.408206 -3.895994 0.171497 0.451636 -0.003791 
-0.285170 -0.411068 -3.833872 0.171317 0.451289 -0.004162 
-0.276239 -0.414454 -3.956638 0.170823 0.450955 -0.003400 
-0.273781 -0.422737 -4.150453 0.170134 0.450771 -0.002484 
-0.271869 -0.424148 -4.354755 0.169814 0.450977 -0.001691 
-0.276232 -0.429501 -4.611530 0.169305 0.451139 -0.000084 
-0.283332 -0.434736 -4.661792 0.169267 0.451384 -0.000238 
-0.284452 -0.419192 -4.548164 0.169690 0.451764 -0.001325 
-0.286731 -0.419697 -4.332396 0.170156 0.452035 -0.002759 
-0.296106 -0.415430 -4.158192 0.170653 0.452173 -0.003797 
-0.299271 -0.414694 -3.912316 0.171286 0.452159 -0.005204 
-0.285766 -0.422565 -3.853272 0.171558 0.452055 -0.004732 
-0.276968 -0.418058 -3.968790 0.171440 0.451918 -0.003110 
-0.275388 -0.425492 -4.174918 0.171079 0.451552 -0.001564 
-0.273782 -0.433686 -4.370114 0.170711 0.451375 -0.000333 
-0.279013 -0.438685 -4.616196 0.170365 0.451446 0.000961 
-0.285928 -0.433445 -4.664793 0.170079 0.451119 0.000394 
-0.286130 -0.433356 -4.537833 0.169751 0.451099 -0.001422 
-0.294379 -0.421245 -4.339864 0.169820 0.451322 -0.003503 
-0.302438 -0.408307 -4.153665 0.169896 0.451355 -0.004948 
-0.297230 -0.412427 -3.896867 0.170178 0.451470 -0.006452 
-0.297443 -0.411742 -3.858344 0.170342 0.451373 -0.005777 
-0.289768 -0.424958 -3.975978 0.170581 0.451525 -0.003637 
-0.281432 -0.429733 -4.174876 0.170724 0.451593 -0.001346 
-0.281290 -0.438439 -4.362743 0.170995 0.451618 0.000523 
-0.279869 -0.437973 -4.610239 0.170852 0.451359 0.002247 
-0.286720 -0.434515 -4.649048 0.170713 0.451508 0.001680 
-0.295047 -0.420878 -4.521559 0.170636 0.451263 -0.000453 
-0.304465 -0.415817 -4.311128 0.170655 0.451105 -0.003379 
-0.297629 -0.418591 -4.122047 0.170147 0.450738 -0.005566 
-0.306370 -0.413959 -3.872854 0.170161 0.450762 -0.007818 
-0.305296 -0.413852 -3.841965 0.169839 0.450750 -0.007786 
-0.296970 -0.427489 -3.969455 0.169916 0.450995 -0.005654 
-0.280439 -0.428331 -4.179384 0.169931 0.451104 -0.002940 
-0.278686 -0.430346 -4.358382 0.170088 0.451599 -0.000529 
-0.291363 -0.432002 -4.608953 0.170243 0.452014 0.002146 
-0.277982 -0.423869 -4.651754 0.170793 0.452028 0.002640 
-0.286254 -0.411520 -4.537484 0.171029 0.452169 0.001451 
-0.287705 -0.402100 -4.360253 0.171085 0.451964 -0.000430 
-0.289211 -0.400648 -4.140816 0.170922 0.451653 -0.002809 
-0.298254 -0.403421 -3.889856 0.170723 0.451387 -0.005592 
-0.290821 -0.405748 -3.835607 0.170226 0.450846 -0.006606 
-0.282066 -0.410225 -3.958678 0.169885 0.450800 -0.005850 
-0.280292 -0.426711 -4.154928 0.169459 0.450619 -0.004193 
-0.278560 -0.428591 -4.352197 0.169457 0.451020 -0.002436 
-0.277524 -0.438931 -4.612593 0.169720 0.451432 0.000009 
-0.277669 -0.431295 -4.666036 0.170098 0.451637 0.000816 
-0.287204 -0.419127 -4.533200 0.170814 0.451881 -0.000043 
-0.281745 -0.415076 -4.337718 0.171157 0.452007 -0.001383 
-0.291128 -0.410416 -4.121092 0.171494 0.452042 -0.003024 
-0.292855 -0.408408 -3.893477 0.171495 0.451638 -0.004754 
-0.292471 -0.406857 -3.851590 0.171183 0.451246 -0.005030 
-0.282908 -0.409776 -3.964797 0.170531 0.450812 -0.003935 
-0.280475 -0.417300 -4.169543 0.169848 0.450439 -0.002704 
-0.278676 -0.434546 -4.354861 0.169416 0.450447 -0.001362 
-0.283040 -0.439899 -4.611637 0.168907 0.450608 0.000246 
-0.290293 -0.437104 -4.672920 0.169087 0.450956 0.000296 
-0.292087 -0.430259 -4.538720 0.169608 0.451429 -0.000994 
-0.300948 -0.418750 -4.332040 0.169994 0.451848 -0.002753 
-0.303884 -0.418963 -4.136763 0.170623 0.452030 -0.004206 
-0.299333 -0.422791 -3.900455 0.171068 0.452058 -0.005729 
-0.293525 -0.426986 -3.851257 0.171522 0.452105 -0.005482 
-0.285619 -0.421366 -3.967013 0.171573 0.451689 -0.003860 
-0.283870 -0.437094 -4.174195 0.171153 0.451319 -0.001888 
-0.280934 -0.436881 -4.369472 0.170524 0.451136 -0.000435 
-0.285773 -0.440722 -4.616087 0.170026 0.450918 0.001186 
-0.284516 -0.440669 -4.664999 0.169547 0.450819 0.000831 
-0.292803 -0.428056 -4.538653 0.169624 0.450862 -0.000987 
-0.300898 -0.423973 -4.329662 0.169475 0.450982 -0.003272 
-0.302284 -0.416336 -4.142643 0.169678 0.451253 -0.005152 
-0.304362 -0.416509 -3.915639 0.169985 0.451424 -0.006895 
-0.298339 -0.420637 -3.867279 0.170439 0.451471 -0.006327 
-0.290228 -0.434342 -3.993930 0.170515 0.451716 -0.004515 
-0.275215 -0.434409 -4.183310 0.170856 0.451643 -0.002109 
-0.288182 -0.443213 -4.371421 0.170797 0.451760 0.000086 
-0.285631 -0.434672 -4.630235 0.170551 0.451594 0.002341 
-0.285462 -0.433710 -4.660276 0.170399 0.451311 0.002321 
-0.292479 -0.420787 -4.522151 0.169996 0.451246 0.000200 
-0.301057 -0.415321 -4.333345 0.169858 0.450990 -0.002098 
-0.301918 -0.414418 -4.154109 0.169533 0.450775 -0.004510 
-0.310827 -0.401493 -3.903863 0.169605 0.450804 -0.007187 
-0.311293 -0.409731 -3.841709 0.169543 0.450794 -0.007673 
-0.288958 -0.414999 -3.967357 0.169686 0.450942 -0.006286 
-0.280845 -0.429225 -4.166775 0.169923 0.451294 -0.003897 
-0.280401 -0.430526 -4.356409 0.170407 0.451609 -0.001497 
-0.279383 -0.439979 -4.597391 0.170676 0.451829 0.001289 
-0.279266 -0.423915 -4.651458 0.171113 0.452036 0.002313 
-0.281197 -0.422889 -4.538194 0.171435 0.451842 0.001443 
-0.282641 -0.413341 -4.330617 0.171490 0.451633 -0.000412 
-0.283474 -0.403190 -4.131752 0.171229 0.451228 -0.002588 
-0.291819 -0.398023 -3.890432 0.170926 0.451058 -0.005483 
-0.290605 -0.405681 -3.836446 0.170227 0.450845 -0.006285 
-0.274134 -0.414721 -3.969086 0.169697 0.450840 -0.005644 
-0.279353 -0.419463 -4.154475 0.169349 0.450902 -0.004298 
-0.277620 -0.421342 -4.351744 0.169348 0.451303 -0.002542 
-0.275516 -0.431705 -4.611597 0.169290 0.451707 -0.000091 
-0.276489 -0.424738 -4.655490 0.169984 0.452108 0.000717 
-0.285398 -0.412233 -4.543441 0.170542 0.452255 0.000165 
-0.287285 -0.411580 -4.328207 0.170856 0.452238 -0.000942 
-0.289607 -0.401183 -4.132944 0.171239 0.451847 -0.002166 
-0.291959 -0.399513 -3.884542 0.171397 0.451539 -0.004204 
-0.285163 -0.401684 -3.832513 0.171223 0.451004 -0.004581 
-0.276735 -0.412806 -3.964749 0.170674 0.450481 -0.004042 
-0.274324 -0.429450 -4.158778 0.169926 0.450293 -0.003021 
-0.272459 -0.439222 -4.363296 0.169548 0.450496 -0.002124 
-0.277427 -0.435794 -4.610001 0.169261 0.450569 -0.000614 
-0.284439 -0.433691 -4.661191 0.169434 0.451105 -0.000558 
-0.285190 -0.426108 -4.537380 0.169641 0.451382 -0.001528 
-0.294688 -0.414442 -4.332920 0.170349 0.451806 -0.002650 
-0.296125 -0.414542 -4.138778 0.170659 0.451980 -0.003456 
-0.298658 -0.413340 -3.883343 0.171135 0.451866 -0.004530 
-0.291807 -0.416798 -3.844533 0.171273 0.451717 -0.003963 
-0.283513 -0.420027 -3.969520 0.171102 0.451390 -0.002564 
-0.281040 -0.428574 -4.175410 0.170572 0.451304 -0.001019 
-0.279650 -0.436835 -4.369767 0.170204 0.451128 -0.000108 
-0.285074 -0.432782 -4.625727 0.169921 0.451013 0.001075 
-0.284425 -0.433955 -4.673266 0.169594 0.451204 0.000071 
-0.285647 -0.425484 -4.546635 0.169646 0.451194 -0.001855 
-0.294939 -0.414109 -4.338276 0.170030 0.451614 -0.004256 
-0.304376 -0.417938 -4.152212 0.170309 0.451650 -0.005818 
-0.299375 -0.422519 -3.936996 0.170750 0.451869 -0.007040 
-0.293298 -0.418158 -3.858076 0.171263 0.451915 -0.006551 
-0.284795 -0.430704 -3.985260 0.171187 0.451871 -0.004411 
-0.276478 -0.434590 -4.164744 0.171335 0.451746 -0.001780 
-0.274354 -0.435311 -4.362547 0.171181 0.451858 0.000304 
-0.272717 -0.434778 -4.610881 0.171039 0.451598 0.002349 
-0.279230 -0.438651 -4.680786 0.170690 0.451459 0.002188 
-0.286899 -0.425306 -4.532805 0.170450 0.451302 0.000074 
-0.294993 -0.411968 -4.352801 0.170207 0.451143 -0.002656 
-0.295614 -0.411757 -4.163472 0.169876 0.451116 -0.005063 
-0.304570 -0.407193 -3.913441 0.169890 0.451141 -0.007635 
-0.304821 -0.415364 -3.852125 0.169829 0.451130 -0.007800 
-0.288966 -0.424383 -3.968715 0.169781 0.451226 -0.005867 
-0.280173 -0.429781 -4.158359 0.169919 0.451481 -0.003249 
-0.279553 -0.429992 -4.347689 0.170250 0.451508 -0.000842 
-0.278125 -0.439175 -4.608619 0.170362 0.451631 0.001930 
-0.285181 -0.435425 -4.651327 0.170547 0.451786 0.002642 
-0.287281 -0.426106 -4.537008 0.170927 0.451595 0.001346 
-0.288483 -0.407993 -4.348326 0.170882 0.451294 -0.000947 
-0.289338 -0.406962 -4.138744 0.170556 0.451075 -0.003334 
-0.305902 -0.404968 -3.897324 0.170387 0.450674 -0.006336 
-0.290713 -0.412882 -3.853787 0.169855 0.450460 -0.007150 
-0.281502 -0.417983 -3.967604 0.169509 0.450602 -0.006067 
-0.279224 -0.426733 -4.154385 0.169138 0.450611 -0.004187 
-0.277276 -0.428545 -4.352493 0.169137 0.451011 -0.002110 
-0.283089 -0.434676 -4.614014 0.169426 0.451474 0.000764 
-0.284062 -0.427709 -4.657907 0.170120 0.451875 0.001573 
-0.285665 -0.420038 -4.535479 0.170648 0.452159 0.000919 
-0.294182 -0.415731 -4.329547 0.170823 0.452285 -0.000409 
-0.288715 -0.402296 -4.132706 0.171071 0.452127 -0.002167 
-0.290215 -0.400715 -3.882922 0.170907 0.451812 -0.004521 
-0.297638 -0.411946 -3.839234 0.170500 0.451468 -0.005443 
-0.288243 -0.406571 -3.951388 0.169906 0.451038 -0.004772 
-0.279573 -0.418907 -4.146298 0.169514 0.450809 -0.003649 
-0.277363 -0.435882 -4.351564 0.168925 0.450720 -0.002320 
-0.282532 -0.432786 -4.609506 0.168796 0.450893 -0.000502 
-0.289522 -0.421563 -4.671413 0.169035 0.451243 -0.000235 
-0.298453 -0.418177 -4.548647 0.169529 0.451576 -0.000998 
-0.293606 -0.414728 -4.344453 0.170188 0.451897 -0.002015 
-0.303215 -0.409641 -4.149996 0.170690 0.451843 -0.003033 
-0.298200 -0.404709 -3.903076 0.171036 0.451773 -0.004648 
-0.299127 -0.411700 -3.842837 0.171144 0.451482 -0.004491 
-0.291048 -0.414996 -3.966985 0.170972 0.451156 -0.003413 
-0.281746 -0.426866 -4.152336 0.170422 0.450826 -0.001956 
-0.279489 -0.435480 -4.357387 0.169891 0.450741 -0.000732 
-0.284496 -0.431028 -4.602948 0.169451 0.450527 0.000464 
-0.290285 -0.427720 -4.671561 0.168992 0.450672 -0.000123 
-0.298379 -0.424159 -4.535337 0.169004 0.450899 -0.001831 
-0.299717 -0.408161 -4.348103 0.169266 0.451173 -0.003816 
-0.302284 -0.416336 -4.142643 0.169678 0.451253 -0.005152 
-0.297492 -0.420855 -3.896243 0.170118 0.451468 -0.006669 
-0.298950 -0.421240 -3.858568 0.170756 0.451666 -0.006005 
-0.291228 -0.426095 -3.975987 0.171054 0.451822 -0.003970 
-0.275388 -0.425492 -4.174918 0.171079 0.451552 -0.001564 
-0.274225 -0.442581 -4.362457 0.170970 0.451567 0.000415 
-0.279869 -0.437973 -4.610239 0.170852 0.451359 0.002247 
-0.286961 -0.433823 -4.659141 0.170718 0.451320 0.001674 
-0.294395 -0.421299 -4.531414 0.170473 0.451355 -0.000460 
-0.295620 -0.412306 -4.332015 0.170364 0.451239 -0.002964 
-0.303956 -0.407532 -4.133116 0.170221 0.451172 -0.005255 
-0.298352 -0.411117 -3.884191 0.170186 0.451092 -0.007402 
-0.298522 -0.412079 -3.854150 0.170338 0.451376 -0.007382 
-0.297059 -0.421242 -3.970688 0.170281 0.451573 -0.005450 
-0.282068 -0.430429 -4.149352 0.170556 0.451685 -0.003253 
-0.280556 -0.431753 -4.338444 0.170719 0.451992 -0.000848 
-0.279081 -0.432574 -4.599159 0.170889 0.452118 0.001821 
-0.279313 -0.432276 -4.651673 0.171054 0.452033 0.002418 
-0.280344 -0.422978 -4.536812 0.171113 0.451835 0.001127 
-0.281306 -0.405557 -4.338037 0.171063 0.451721 -0.001160 
-0.289707 -0.399001 -4.148927 0.170773 0.451178 -0.003451 
-0.298750 -0.401773 -3.897967 0.170574 0.450913 -0.006234 
-0.291277 -0.405124 -3.844861 0.170230 0.450659 -0.006933 
-0.289218 -0.413420 -3.958036 0.169697 0.450562 -0.005952 
-0.280029 -0.418283 -4.155552 0.169519 0.450622 -0.003976 
-0.278780 -0.428035 -4.344019 0.169622 0.450926 -0.001787 
-0.270416 -0.434090 -4.604753 0.169919 0.451289 0.000767 
-0.285370 -0.426996 -4.668543 0.170446 0.451695 0.001561 
-0.279909 -0.423467 -4.545828 0.170949 0.451928 0.000799 
-0.289486 -0.409754 -4.339081 0.171351 0.451778 -0.000953 
-0.298459 -0.404823 -4.142403 0.171530 0.451717 -0.002607 
-0.292894 -0.407385 -3.892334 0.171341 0.451350 -0.005069 
-0.292486 -0.406593 -3.839514 0.171023 0.451148 -0.005660 
-0.290466 -0.413865 -3.951545 0.170336 0.450764 -0.004993 
-0.287993 -0.422412 -4.157435 0.169807 0.450678 -0.003448 
-0.277975 -0.436485 -4.342853 0.169241 0.450916 -0.001998 
-0.283143 -0.433388 -4.600795 0.169113 0.451088 -0.000180 
-0.283076 -0.435692 -4.663774 0.169421 0.451671 0.000398 
-0.284848 -0.419727 -4.540292 0.170008 0.451958 -0.000682 
-0.293781 -0.415819 -4.344758 0.170341 0.452185 -0.002022 
-0.296239 -0.407537 -4.150943 0.171030 0.452370 -0.002937 
-0.298136 -0.406491 -3.893288 0.171183 0.452249 -0.004648 
-0.285087 -0.413738 -3.843498 0.171459 0.451957 -0.004503 
-0.283944 -0.420162 -3.967842 0.171100 0.451392 -0.003206 
-0.275058 -0.432431 -4.163591 0.170709 0.451162 -0.001762 
-0.272578 -0.431593 -4.368122 0.170084 0.450792 -0.000636 
-0.277808 -0.436593 -4.614204 0.169738 0.450862 0.000658 
-0.277619 -0.436518 -4.663659 0.169580 0.450771 0.000298 
-0.286082 -0.424996 -4.537618 0.169809 0.451102 -0.001527 
-0.295030 -0.420824 -4.330009 0.169983 0.451230 -0.003496 
-0.296664 -0.421879 -4.154442 0.170286 0.451596 -0.004964 
-0.299125 -0.413075 -3.887860 0.170814 0.451674 -0.006457 
-0.299514 -0.413481 -3.849641 0.171131 0.451865 -0.005788 
-0.291644 -0.426494 -3.986385 0.171212 0.451922 -0.003982 
-0.289990 -0.425574 -4.143682 0.171068 0.451650 -0.001859 
-0.281693 -0.429325 -4.341436 0.171058 0.451430 0.000117 
-0.278600 -0.437663 -4.598459 0.170372 0.451252 0.001944 
-0.285267 -0.433507 -4.679385 0.170241 0.451215 0.001987 
-0.293593 -0.419870 -4.551896 0.170164 0.450971 -0.000146 
-0.301494 -0.415584 -4.362014 0.169857 0.450996 -0.002766 
-0.303593 -0.415622 -4.153279 0.170005 0.451073 -0.005164 
-0.305222 -0.406772 -3.903586 0.170052 0.451049 -0.007628 
-0.305889 -0.415342 -3.852668 0.170150 0.451138 -0.007805 
-0.290861 -0.425031 -3.959708 0.170418 0.451430 -0.005871 
-0.282309 -0.429738 -4.159445 0.170561 0.451497 -0.003259 
-0.282105 -0.430348 -4.359173 0.171051 0.451624 -0.000865 
-0.286649 -0.436168 -4.608914 0.170860 0.451980 0.001706 
-0.287122 -0.435178 -4.671522 0.171031 0.451707 0.002297 
-0.280121 -0.413527 -4.536292 0.171019 0.451550 0.001029 
-0.288458 -0.408752 -4.337394 0.170876 0.451483 -0.001262 
-0.295967 -0.403308 -4.148046 0.170418 0.451219 -0.003554 
-0.304312 -0.398141 -3.906726 0.170114 0.451049 -0.006449 
-0.296839 -0.401491 -3.853621 0.169771 0.450795 -0.007148 
-0.294955 -0.410878 -3.967100 0.169390 0.450986 -0.006173 
-0.285526 -0.416433 -4.154523 0.169206 0.451234 -0.004191 
-0.269884 -0.426042 -4.343042 0.169319 0.451437 -0.002002 
-0.275233 -0.423412 -4.593950 0.169508 0.451803 0.000781 
-0.282907 -0.420394 -4.658293 0.170011 0.452157 0.001788 
-0.285296 -0.427999 -4.525296 0.170431 0.452056 0.001036 
-0.286732 -0.418844 -4.360140 0.170647 0.451949 -0.000216 
-0.296107 -0.404799 -4.142156 0.170889 0.451700 -0.002276 
-0.290543 -0.407361 -3.892087 0.170700 0.451334 -0.004737 
-0.297890 -0.400982 -3.828555 0.170416 0.450803 -0.005528 
-0.289175 -0.404435 -3.950482 0.169921 0.450471 -0.005086 
-0.286965 -0.421411 -4.155748 0.169332 0.450382 -0.003757 
-0.277556 -0.426830 -4.361442 0.168989 0.450536 -0.002431 
-0.282532 -0.432786 -4.609506 0.168796 0.450893 -0.000502 
-0.282652 -0.425908 -4.652017 0.169168 0.451286 -0.000009 
-0.291536 -0.414162 -4.529036 0.169721 0.451623 -0.000876 
-0.301168 -0.418194 -4.323862 0.170158 0.451754 -0.002104 
-0.302558 -0.409933 -4.129505 0.170527 0.451931 -0.003014 
-0.297543 -0.405001 -3.882585 0.170872 0.451861 -0.004629 
-0.299127 -0.411700 -3.842837 0.171144 0.451482 -0.004491 
-0.289980 -0.415018 -3.966442 0.170651 0.451148 -0.003407 
-0.281955 -0.426804 -4.121151 0.170421 0.450823 -0.002251 
-0.279892 -0.426366 -4.336080 0.169954 0.450553 -0.001137 
-0.277794 -0.427080 -4.582499 0.169642 0.450574 0.000265 
-0.284073 -0.431773 -4.672657 0.169289 0.450628 0.000084 
-0.285208 -0.415965 -4.546953 0.169553 0.450909 -0.001632 
-0.294989 -0.412591 -4.360140 0.170042 0.451237 -0.003626 
-0.303923 -0.408684 -4.164606 0.170375 0.451463 -0.004966 
-0.299519 -0.404354 -3.908975 0.171038 0.451589 -0.006259 
-0.293518 -0.417602 -3.849898 0.171427 0.451821 -0.005901 
-0.285619 -0.421366 -3.967013 0.171573 0.451689 -0.003860 
-0.284194 -0.430027 -4.155175 0.171523 0.451706 -0.001664 
-0.275696 -0.433446 -4.341693 0.171354 0.451387 0.000004 
-0.266103 -0.438167 -4.589503 0.171018 0.451355 0.001940 
-0.271917 -0.434101 -4.669048 0.170565 0.451311 0.001667 
-0.286873 -0.416810 -4.550861 0.170350 0.451211 -0.000686 
-0.287205 -0.408930 -4.351223 0.170072 0.451375 -0.003191 
-0.288678 -0.408630 -4.163276 0.170063 0.451355 -0.005282 
-0.290314 -0.409164 -3.914941 0.170205 0.451615 -0.007327 
-0.290525 -0.418358 -3.854769 0.170298 0.451892 -0.007177 
-0.282803 -0.423213 -3.972188 0.170596 0.452048 -0.005141 
-0.281550 -0.422957 -4.151959 0.170770 0.451974 -0.002401 
-0.272998 -0.427664 -4.351696 0.170914 0.452041 0.000211 
-0.271369 -0.436515 -4.601389 0.170866 0.452065 0.002675 
-0.279122 -0.431449 -4.663444 0.171061 0.451844 0.003053 
-0.273257 -0.418001 -4.547243 0.171153 0.451598 0.001229 
-0.281633 -0.412203 -4.347201 0.170857 0.451243 -0.001377 
-0.297941 -0.401909 -4.136751 0.170747 0.450849 -0.004188 
-0.299221 -0.400885 -3.895146 0.170419 0.450627 -0.007191 
-0.292576 -0.404905 -3.832490 0.170391 0.450569 -0.007889 
-0.283605 -0.409314 -3.956400 0.170051 0.450523 -0.006812 
-0.281550 -0.427516 -4.143700 0.169773 0.450817 -0.004834 
-0.272758 -0.432914 -4.333344 0.169911 0.451071 -0.002215 
-0.270826 -0.434360 -4.584805 0.170077 0.451385 0.000780 
-0.277458 -0.430604 -4.659537 0.170264 0.451542 0.002107 
-0.278644 -0.422534 -4.526710 0.170635 0.451726 0.001466 
-0.294635 -0.405099 -4.330104 0.170898 0.451720 -0.000185 
-0.296367 -0.403220 -4.132835 0.170900 0.451320 -0.001941 
-0.290104 -0.397842 -3.892405 0.170607 0.451048 -0.004515 
-0.290409 -0.404726 -3.817870 0.170233 0.450652 -0.005623 
-0.289021 -0.412465 -3.939460 0.169704 0.450368 -0.005290 
-0.286523 -0.421770 -4.134418 0.169168 0.450471 -0.004060 
-0.285119 -0.430296 -4.340851 0.168959 0.450393 -0.002520 
-0.275855 -0.428079 -4.599988 0.168994 0.450752 -0.000386 
-0.283552 -0.434180 -4.653614 0.169431 0.451291 0.000411 
-0.286223 -0.426486 -4.531728 0.170281 0.451583 -0.000248 
-0.295936 -0.414888 -4.326430 0.170988 0.452008 -0.001692 
-0.297830 -0.414364 -4.141541 0.171302 0.451995 -0.002825 
-0.293031 -0.409499 -3.893782 0.171648 0.451926 -0.004761 
-0.293105 -0.416579 -3.832162 0.171434 0.451627 -0.004919 
-0.277545 -0.423619 -3.945626 0.171079 0.451150 -0.003936 
-0.275025 -0.423805 -4.151301 0.170608 0.451067 -0.002496 
-0.279679 -0.436306 -4.345616 0.169885 0.450930 -0.001367 
-0.283733 -0.424870 -4.602800 0.169494 0.451098 0.000352 
-0.281810 -0.425503 -4.673643 0.169012 0.451189 0.000620 
-0.290345 -0.421582 -4.558749 0.169189 0.451328 -0.000786 
-0.298602 -0.418855 -4.362138 0.169353 0.451835 -0.002447 
-0.301122 -0.418669 -4.156463 0.169824 0.451918 -0.003888 
-0.304240 -0.409572 -3.910372 0.170516 0.451908 -0.005400 
-0.290951 -0.417511 -3.850490 0.170786 0.451804 -0.005249 
-0.283531 -0.429771 -3.966142 0.170872 0.451670 -0.003744 
-0.282925 -0.429717 -4.143395 0.171043 0.451598 -0.001967 
-0.281607 -0.445579 -4.348900 0.170622 0.451230 -0.000638 
-0.279535 -0.445534 -4.606251 0.170316 0.451063 0.001079 
-0.286604 -0.432265 -4.665870 0.170248 0.450838 0.000716 
-0.294327 -0.427410 -4.548451 0.169949 0.450683 -0.001319 
-0.295336 -0.418350 -4.349890 0.169841 0.450566 -0.003502 
-0.310697 -0.410456 -4.152422 0.169876 0.450837 -0.005370 
-0.305247 -0.406013 -3.914518 0.170059 0.450860 -0.007313 
-0.304825 -0.414740 -3.844787 0.169994 0.451036 -0.006830 
-0.297103 -0.419595 -3.962206 0.170292 0.451192 -0.004794 
-0.288357 -0.433355 -4.152065 0.170372 0.451443 -0.002071 
-0.279129 -0.439242 -4.350725 0.170347 0.451791 0.000219 
-0.277406 -0.431370 -4.599988 0.170417 0.451821 0.002474 
-0.284066 -0.427086 -4.650569 0.170285 0.451781 0.002543 
-0.285266 -0.409495 -4.534654 0.170401 0.451586 0.000827 
-0.300729 -0.408675 -4.324181 0.170065 0.451469 -0.001881 
-0.302194 -0.398991 -4.134875 0.169961 0.451165 -0.004391 
-0.297261 -0.402019 -3.894364 0.169930 0.450899 -0.007186 
-0.297317 -0.409987 -3.852158 0.169710 0.450793 -0.007685 
-0.296239 -0.410924 -3.966804 0.169711 0.450995 -0.006499 
-0.280837 -0.419840 -4.165416 0.169829 0.451010 -0.004316 
-0.287117 -0.434209 -4.364783 0.170056 0.451463 -0.001927 
-0.278934 -0.430955 -4.574703 0.170417 0.451633 0.000568 
-0.285331 -0.428019 -4.669687 0.170600 0.451982 0.001876 
-0.286758 -0.419257 -4.546953 0.170975 0.451978 0.001228 
-0.288403 -0.410040 -4.350613 0.171189 0.451868 -0.000318 
-0.289484 -0.408582 -4.163200 0.171028 0.451560 -0.002082 
-0.290568 -0.406602 -3.903018 0.170706 0.451145 -0.004423 
-0.296822 -0.401004 -3.828012 0.170095 0.450795 -0.005522 
-0.287737 -0.412419 -3.939756 0.169383 0.450359 -0.004964 
-0.277912 -0.417439 -4.135052 0.168882 0.450413 -0.003625 
-0.284011 -0.431341 -4.341452 0.168792 0.450672 -0.002200 
-0.282727 -0.432989 -4.590397 0.168955 0.450988 -0.000167 
-0.282685 -0.434534 -4.664308 0.169269 0.451382 0.000725 
-0.284632 -0.419659 -4.541130 0.170008 0.451958 -0.000361 
-0.294634 -0.415730 -4.346140 0.170662 0.452192 -0.001706 
-0.297394 -0.414852 -4.150558 0.171139 0.452087 -0.003153 
-0.300182 -0.412694 -3.893140 0.171460 0.451687 -0.004863 
-0.286468 -0.410849 -3.821501 0.171478 0.451199 -0.005118 
-0.278020 -0.422108 -3.935466 0.171089 0.450770 -0.003923 
-0.275084 -0.421894 -4.130743 0.170460 0.450587 -0.002470 
-0.273067 -0.429817 -4.345887 0.169935 0.450314 -0.001252 
-0.277842 -0.435441 -4.582714 0.169583 0.450571 0.000369 
-0.284268 -0.431977 -4.653547 0.169447 0.450723 0.000418 
-0.284952 -0.416921 -4.548936 0.169707 0.451195 -0.000996 
-0.286749 -0.409554 -4.341969 0.170067 0.451562 -0.002864 
-0.296099 -0.406046 -4.156833 0.170559 0.451888 -0.004216 
-0.305700 -0.410708 -3.910382 0.170989 0.452204 -0.005733 
-0.292798 -0.409798 -3.841268 0.171482 0.452011 -0.005358 
-0.284962 -0.421658 -3.946522 0.171409 0.451777 -0.003841 
-0.283079 -0.421688 -4.154417 0.171261 0.451701 -0.001763 
-0.273776 -0.433557 -4.339768 0.170711 0.451371 -0.000307 
-0.278768 -0.429369 -4.597405 0.170430 0.451255 0.001518 
-0.285033 -0.424550 -4.655858 0.169981 0.451021 0.000944 
-0.285604 -0.416500 -4.539081 0.169870 0.451104 -0.000989 
-0.301685 -0.416411 -4.350243 0.169850 0.451185 -0.003401 
-0.302894 -0.407682 -4.162919 0.169901 0.451168 -0.005276 
-0.305182 -0.407795 -3.904730 0.170206 0.451336 -0.007313 
-0.298870 -0.404253 -3.846062 0.170714 0.451574 -0.006844 
-0.291436 -0.416778 -3.973790 0.170959 0.451539 -0.004710 
-0.282643 -0.422176 -4.163433 0.171097 0.451793 -0.002092 
-0.274541 -0.426130 -4.342079 0.171245 0.451669 0.000219 
-0.279150 -0.430169 -4.601608 0.170907 0.451549 0.002791 
-0.271834 -0.426140 -4.662638 0.170942 0.451508 0.002847 
-0.279752 -0.421488 -4.526109 0.170802 0.451447 0.001146 
-0.288760 -0.416157 -4.335627 0.170663 0.451193 -0.001793 
-0.303967 -0.407037 -4.156124 0.170387 0.451082 -0.004311 
-0.298383 -0.410487 -3.925468 0.170192 0.450908 -0.007113 
-0.298576 -0.410792 -3.840930 0.170025 0.450990 -0.008326 
-0.290063 -0.423832 -3.945107 0.169783 0.451037 -0.007131 
-0.281245 -0.429990 -4.123819 0.169915 0.451480 -0.004828 
-0.279973 -0.430622 -4.323004 0.170083 0.451599 -0.002428 
-0.277826 -0.432000 -4.575303 0.170249 0.451912 0.000888 
-0.277547 -0.424358 -4.660770 0.170629 0.452120 0.002311 
-0.278974 -0.415595 -4.538037 0.171005 0.452116 0.001664 
-0.287771 -0.409573 -4.341054 0.171032 0.451768 0.000015 
-0.282391 -0.403476 -4.143284 0.171067 0.451319 -0.001954 
-0.290607 -0.405579 -3.901875 0.170553 0.450858 -0.004737 
-0.290818 -0.395740 -3.826910 0.170296 0.450468 -0.006055 
-0.282125 -0.408314 -3.938120 0.169737 0.450321 -0.005824 
-0.280091 -0.426380 -4.143691 0.169300 0.450520 -0.004501 
-0.278622 -0.436687 -4.340336 0.169239 0.450918 -0.002961 
-0.277121 -0.438268 -4.590120 0.169403 0.451233 -0.000608 
-0.284097 -0.427309 -4.664102 0.169801 0.451682 0.000288 
-0.285485 -0.419570 -4.542512 0.170330 0.451965 -0.000045 
-0.294854 -0.415174 -4.337962 0.170827 0.452099 -0.001057 
-0.296747 -0.414650 -4.153074 0.171141 0.452085 -0.002190 
-0.291772 -0.408695 -3.905010 0.171333 0.451728 -0.004120 
-0.291598 -0.407082 -3.831938 0.171020 0.451333 -0.004691 
-0.282667 -0.410468 -3.954704 0.170526 0.451000 -0.003928 
-0.272882 -0.414465 -4.148856 0.169871 0.450766 -0.002904 
-0.277712 -0.428057 -4.343476 0.169301 0.450918 -0.001782 
-0.283143 -0.433388 -4.600795 0.169113 0.451088 -0.000180 
-0.282417 -0.426729 -4.672270 0.169164 0.451478 -0.000029 
-0.291106 -0.414779 -4.568398 0.169558 0.451720 -0.001230 
-0.300040 -0.410871 -4.372864 0.169891 0.451946 -0.002570 
-0.302344 -0.410618 -4.168028 0.170363 0.452028 -0.003690 
-0.298181 -0.405596 -3.922490 0.171030 0.451966 -0.004989 
-0.298210 -0.413571 -3.831667 0.170970 0.451950 -0.004806 
-0.290936 -0.408418 -3.956982 0.171178 0.451635 -0.003517 
-0.282701 -0.420265 -4.142876 0.170949 0.451313 -0.002066 
-0.280445 -0.428879 -4.347927 0.170419 0.451228 -0.000841 
-0.285259 -0.433480 -4.583610 0.169914 0.451199 0.000465 
-0.285076 -0.433534 -4.663411 0.169757 0.451112 0.000079 
-0.291884 -0.420672 -4.556471 0.169355 0.451050 -0.001748 
-0.300609 -0.407048 -4.348341 0.169435 0.450893 -0.003815 
-0.309154 -0.411990 -4.162039 0.169545 0.451209 -0.005379 
-0.311251 -0.411276 -3.915620 0.169857 0.451188 -0.006781 
-0.304106 -0.406936 -3.836156 0.170049 0.451226 -0.006286 
-0.289103 -0.415866 -3.954128 0.170323 0.451329 -0.004038 
-0.280638 -0.427911 -4.152936 0.170254 0.451106 -0.001636 
-0.279845 -0.437038 -4.350658 0.170362 0.451223 0.000226 
-0.292730 -0.429378 -4.599031 0.170422 0.451355 0.002160 
-0.278590 -0.428800 -4.669868 0.170438 0.451074 0.002102 
-0.286025 -0.416276 -4.542140 0.170193 0.451109 -0.000032 
-0.294529 -0.403208 -4.342188 0.170108 0.451046 -0.002748 
-0.303322 -0.397810 -4.152545 0.169970 0.450791 -0.005367 
-0.305046 -0.405681 -3.903281 0.169900 0.450761 -0.007622 
-0.304181 -0.405513 -3.841207 0.169577 0.450745 -0.007886 
-0.288742 -0.414931 -3.968195 0.169687 0.450942 -0.005965 
-0.279058 -0.421442 -4.157601 0.169657 0.451476 -0.003348 
-0.278197 -0.422345 -4.336838 0.169983 0.451691 -0.000935 
-0.277348 -0.423504 -4.576766 0.170310 0.451914 0.001426 
-0.277090 -0.424982 -4.651516 0.170625 0.452307 0.002639 
-0.285966 -0.403851 -4.527176 0.171083 0.452360 0.001353 
-0.281219 -0.398220 -4.338965 0.171276 0.452012 -0.000950 
-0.289997 -0.393086 -4.161397 0.171297 0.451856 -0.002939 
-0.291302 -0.391302 -3.930723 0.170975 0.451445 -0.005627 
-0.284489 -0.393838 -3.825341 0.170634 0.450996 -0.006922 
-0.275317 -0.397916 -3.938014 0.170135 0.450851 -0.006153 
-0.281259 -0.409839 -4.124695 0.169897 0.450630 -0.004381 
-0.279815 -0.419388 -4.332272 0.169842 0.450839 -0.002526 
-0.270794 -0.425735 -4.572515 0.169976 0.451290 0.000046 
-0.277823 -0.423266 -4.677058 0.170316 0.451739 0.001020 
-0.279379 -0.407233 -4.554415 0.170903 0.452027 0.000262 
-0.288312 -0.403326 -4.358881 0.171236 0.452253 -0.001078 
-0.297936 -0.397974 -4.152348 0.171579 0.452100 -0.002725 
-0.299484 -0.404754 -3.902780 0.171356 0.451782 -0.004974 
-0.292897 -0.406863 -3.819566 0.171180 0.451244 -0.005646 
-0.283702 -0.401821 -3.942956 0.170746 0.450913 -0.004668 
-0.273983 -0.413291 -4.117909 0.170038 0.450483 -0.003198 
-0.278791 -0.417763 -4.323247 0.169532 0.450449 -0.001866 
-0.290918 -0.426913 -4.570668 0.169153 0.450568 -0.000038 
-0.290897 -0.428322 -4.662850 0.169308 0.450867 0.000198 
-0.292065 -0.421139 -4.549437 0.169673 0.451244 -0.000784 
-0.294062 -0.414104 -4.353707 0.170193 0.451710 -0.002343 
-0.296951 -0.405956 -4.158215 0.170880 0.451896 -0.003900 
-0.299311 -0.413671 -3.911172 0.171133 0.451872 -0.005519 
-0.293953 -0.417113 -3.840882 0.171591 0.451728 -0.005573 
-0.292483 -0.416892 -3.956062 0.171439 0.451641 -0.004060 
-0.284032 -0.428672 -4.142795 0.171211 0.451319 -0.002287 
-0.273815 -0.432534 -4.338624 0.170557 0.451084 -0.000621 
-0.279071 -0.436774 -4.595638 0.170217 0.450966 0.000987 
-0.285321 -0.432219 -4.666166 0.169928 0.450830 0.001042 
-0.285435 -0.424793 -4.540135 0.169812 0.451100 -0.000564 
-0.301253 -0.416276 -4.351921 0.169852 0.451184 -0.002759 
-0.302639 -0.408638 -4.164902 0.170055 0.451454 -0.004640 
-0.304692 -0.409571 -3.926965 0.170355 0.451815 -0.006698 
-0.298202 -0.414818 -3.846344 0.170639 0.452139 -0.006747 
-0.283655 -0.423124 -3.973570 0.170918 0.452055 -0.004825 
-0.274661 -0.428190 -4.151977 0.170898 0.452210 -0.002515 
-0.280516 -0.432776 -4.339587 0.170872 0.452279 -0.000533 
-0.278664 -0.432175 -4.588761 0.170731 0.452018 0.001833 
-0.277874 -0.431004 -4.669935 0.170422 0.451642 0.002095 
-0.285529 -0.417923 -4.534030 0.170342 0.451584 0.000610 
-0.294058 -0.404097 -4.345010 0.170263 0.451332 -0.001792 
-0.302636 -0.398631 -4.156205 0.170125 0.451076 -0.004089 
-0.297247 -0.402284 -3.906440 0.170089 0.450998 -0.006557 
-0.297666 -0.402161 -3.844070 0.170086 0.450991 -0.007147 
-0.289329 -0.416293 -3.948552 0.169997 0.451325 -0.005958 
-0.280598 -0.429788 -4.126336 0.169917 0.451478 -0.003865 
-0.279959 -0.430886 -4.335079 0.170243 0.451698 -0.001799 
-0.278894 -0.431978 -4.575846 0.170570 0.451920 0.000883 
-0.270898 -0.428899 -4.670882 0.170762 0.452169 0.002191 
-0.286758 -0.419257 -4.546953 0.170975 0.451978 0.001228 
-0.287576 -0.409370 -4.360163 0.170874 0.451673 -0.000319 
-0.296435 -0.411445 -4.151320 0.170682 0.451222 -0.002492 
-0.297452 -0.401992 -3.910338 0.170413 0.451003 -0.005278 
-0.289988 -0.404950 -3.814811 0.169910 0.450646 -0.006581 
-0.288560 -0.413712 -3.937545 0.169534 0.450650 -0.005933 
-0.279386 -0.418311 -4.122985 0.169195 0.450611 -0.004587 
-0.285029 -0.432837 -4.320131 0.169100 0.451057 -0.002834 
-0.283529 -0.434417 -4.569915 0.169264 0.451372 -0.000481 
-0.290141 -0.431549 -4.664060 0.169446 0.451722 0.000506 
-0.291946 -0.424209 -4.552868 0.170134 0.452106 0.000160 
-0.287163 -0.418979 -4.358463 0.170645 0.451951 -0.000857 
-0.302985 -0.409838 -4.162910 0.170850 0.451941 -0.002083 
-0.305813 -0.406656 -3.904349 0.171018 0.451253 -0.004107 
-0.298574 -0.409186 -3.830990 0.170680 0.450807 -0.004787 
-0.289402 -0.413264 -3.943663 0.170180 0.450661 -0.004018 
-0.280685 -0.417239 -4.138358 0.169847 0.450436 -0.002999 
-0.286018 -0.438567 -4.342448 0.169222 0.450397 -0.002100 
-0.284467 -0.432410 -4.599355 0.169280 0.450809 -0.000821 
-0.291116 -0.438397 -4.670708 0.169237 0.451246 -0.000674 
-0.291585 -0.423274 -4.566936 0.169498 0.451718 -0.001767 
-0.294018 -0.415751 -4.362189 0.170181 0.452091 -0.002998 
-0.302783 -0.420137 -4.167709 0.170456 0.452314 -0.003912 
-0.297988 -0.414649 -3.912612 0.170966 0.452151 -0.004878 
-0.304671 -0.418211 -3.842023 0.170773 0.452091 -0.004601 
-0.296765 -0.412591 -3.957779 0.170824 0.451675 -0.002978 
-0.273271 -0.424648 -4.154418 0.170442 0.451344 -0.001213 
-0.284990 -0.433007 -4.349020 0.169744 0.451259 0.000024 
-0.283108 -0.433788 -4.594600 0.169431 0.451281 0.001105 
-0.289138 -0.429789 -4.673305 0.168978 0.451238 0.000511 
-0.290729 -0.413356 -4.556857 0.169246 0.451332 -0.001532 
-0.300310 -0.409651 -4.358806 0.169577 0.451561 -0.003835 
-0.301743 -0.410374 -4.172003 0.169722 0.451828 -0.005611 
-0.304707 -0.409307 -3.914890 0.170196 0.451716 -0.007327 
-0.298194 -0.405433 -3.844985 0.170545 0.451854 -0.007166 
-0.290289 -0.409069 -3.931754 0.170690 0.451718 -0.005098 
-0.275155 -0.425791 -4.122403 0.170913 0.451638 -0.002161 
-0.273971 -0.433760 -4.320659 0.170869 0.451466 0.000028 
-0.286727 -0.433370 -4.568942 0.170717 0.451307 0.002073 
-0.278134 -0.429424 -4.660614 0.170433 0.451261 0.002429 
-0.285809 -0.416208 -4.542979 0.170194 0.451109 0.000289 
-0.294554 -0.402449 -4.353120 0.170114 0.450857 -0.002433 
-0.302455 -0.398163 -4.163238 0.169808 0.450883 -0.005053 
-0.304131 -0.397674 -3.913760 0.169796 0.450855 -0.007413 
-0.304592 -0.405783 -3.821259 0.169734 0.450841 -0.007872 
-0.288736 -0.414803 -3.937849 0.169687 0.450937 -0.005939 
-0.280595 -0.419780 -4.117638 0.169988 0.451100 -0.003314 
-0.272219 -0.425578 -4.317680 0.170284 0.451455 -0.000708 
-0.278266 -0.430888 -4.558949 0.170578 0.451726 0.002186 
-0.278706 -0.431050 -4.653046 0.170903 0.451744 0.003066 
-0.280107 -0.413791 -4.548368 0.171179 0.451649 0.001658 
-0.288860 -0.409416 -4.359868 0.171194 0.451681 -0.000645 
-0.291192 -0.399378 -4.159868 0.171252 0.451286 -0.003469 
-0.292472 -0.398353 -3.918262 0.170924 0.451065 -0.006472 
-0.292752 -0.405996 -3.832795 0.170544 0.450857 -0.007895 
-0.290451 -0.414983 -3.935876 0.170005 0.450948 -0.006907 
-0.280611 -0.420268 -4.143247 0.169664 0.451100 -0.004939 
-0.272034 -0.425734 -4.332053 0.169801 0.451355 -0.002642 
-0.276779 -0.431886 -4.593031 0.169769 0.451810 0.000238 
-0.277327 -0.424913 -4.668948 0.170465 0.452214 0.001662 
-0.278955 -0.416483 -4.557451 0.171000 0.452309 0.001323 
-0.287888 -0.412575 -4.361917 0.171333 0.452536 -0.000017 
-0.296398 -0.398884 -4.154626 0.171413 0.452378 -0.001763 
-0.292141 -0.400733 -3.915193 0.171550 0.451831 -0.004237 
-0.291789 -0.407909 -3.820167 0.171013 0.451523 -0.005326 
-0.283283 -0.411301 -3.910910 0.170517 0.451187 -0.005180 
-0.281507 -0.418532 -4.136147 0.169997 0.450726 -0.003968 
-0.279010 -0.427838 -4.331105 0.169461 0.450828 -0.002738 
-0.284226 -0.433102 -4.589262 0.169274 0.450997 -0.000814 
-0.284224 -0.433623 -4.662030 0.169435 0.451104 -0.000237 
-0.285827 -0.425952 -4.539601 0.169964 0.451388 -0.000891 
-0.287849 -0.418157 -4.354803 0.170489 0.451666 -0.002135 
-0.297218 -0.413761 -4.150253 0.170986 0.451799 -0.003147 
-0.284876 -0.404544 -3.903670 0.171366 0.451680 -0.004653 
-0.292842 -0.408151 -3.832785 0.171493 0.451629 -0.004702 
-0.284347 -0.411049 -3.946536 0.171163 0.451204 -0.003612 
-0.275461 -0.423317 -4.142284 0.170771 0.450974 -0.002167 
-0.272787 -0.431532 -4.336938 0.170083 0.450789 -0.000931 
-0.277601 -0.436132 -4.572621 0.169578 0.450759 0.000376 
-0.275637 -0.428533 -4.673595 0.169156 0.450858 0.000512 
-0.291453 -0.420537 -4.558148 0.169357 0.451049 -0.001106 
-0.292839 -0.412900 -4.371130 0.169560 0.451319 -0.002986 
-0.294707 -0.413135 -4.175310 0.169868 0.451494 -0.004434 
-0.296933 -0.405151 -3.928980 0.170391 0.451764 -0.005947 
-0.298005 -0.413863 -3.827769 0.170646 0.451945 -0.006085 
-0.291149 -0.418364 -3.934494 0.171106 0.452010 -0.004363 
-0.275331 -0.426882 -4.122708 0.171066 0.451926 -0.002167 
-0.274362 -0.434918 -4.320125 0.171021 0.451755 -0.000299 
-0.272050 -0.435565 -4.567383 0.170710 0.451776 0.001424 
-0.271025 -0.435213 -4.668810 0.170397 0.451591 0.001666 
-0.286053 -0.425524 -4.561770 0.170129 0.451299 -0.000268 
-0.294342 -0.412389 -4.362656 0.170044 0.451235 -0.002663 
-0.288070 -0.407404 -4.164648 0.169912 0.451066 -0.004633 
-0.303923 -0.406990 -3.915957 0.169892 0.451139 -0.006672 
-0.297210 -0.402785 -3.834816 0.170082 0.451178 -0.006820 
-0.296010 -0.420376 -3.950731 0.169965 0.451372 -0.005104 
-0.287016 -0.425443 -4.129138 0.169945 0.451528 -0.002794 
-0.279460 -0.422526 -4.318271 0.170462 0.451794 -0.000606 
-0.277831 -0.431377 -4.567965 0.170414 0.451818 0.001858 
-0.284195 -0.419816 -4.650659 0.170496 0.452072 0.002432 
-0.285442 -0.410586 -4.534959 0.170554 0.451874 0.000820 
-0.294436 -0.405519 -4.356551 0.170575 0.451719 -0.001489 
-0.295919 -0.394947 -4.147831 0.170476 0.451222 -0.003659 
-0.297225 -0.393164 -3.917157 0.170154 0.450812 -0.006347 
-0.297336 -0.409100 -3.832744 0.169716 0.450600 -0.007345 
-0.289017 -0.413088 -3.946799 0.169538 0.450462 -0.006260 
-0.287156 -0.422237 -4.143978 0.169325 0.450572 -0.004393 
-0.278579 -0.427703 -4.332783 0.169463 0.450827 -0.002096 
-0.277302 -0.438735 -4.583086 0.169721 0.451427 0.000356 
-0.284935 -0.427484 -4.677559 0.170282 0.451788 0.001233 
-0.286121 -0.419413 -4.544733 0.170653 0.451972 0.000591 
-0.295511 -0.414882 -4.358453 0.170990 0.452011 -0.001076 
-0.296740 -0.405266 -4.151715 0.171046 0.451801 -0.002609 
-0.298481 -0.402994 -3.912025 0.170888 0.451298 -0.004969 
-0.298066 -0.402073 -3.828859 0.170569 0.451091 -0.005534 
-0.281654 -0.409202 -3.940942 0.169892 0.450606 -0.004867 
-0.279391 -0.417688 -4.115647 0.169360 0.450517 -0.003617 
-0.277100 -0.427454 -4.352188 0.168984 0.450723 -0.002104 
-0.282285 -0.433349 -4.569067 0.168790 0.451076 -0.000469 
-0.281791 -0.426391 -4.693057 0.169007 0.451382 0.000279 
-0.291355 -0.423471 -4.579850 0.169658 0.451816 -0.000817 
-0.300657 -0.411602 -4.394499 0.170208 0.452145 -0.002274 
-0.295850 -0.407130 -4.189162 0.170714 0.452179 -0.003606 
-0.291950 -0.410537 -3.943000 0.171322 0.452114 -0.005122 
-0.292622 -0.408707 -3.840963 0.171329 0.451723 -0.005351 
-0.284322 -0.411808 -3.935604 0.171157 0.451392 -0.003926 
-0.275044 -0.422918 -4.131886 0.170613 0.450874 -0.002155 
-0.272571 -0.431465 -4.337776 0.170083 0.450788 -0.000610 
-0.277363 -0.426945 -4.584177 0.169644 0.450573 0.000907 
-0.283842 -0.431970 -4.685571 0.169449 0.450726 0.001034 
-0.291895 -0.420177 -4.579478 0.169521 0.450960 -0.000804 
-0.293255 -0.413299 -4.381528 0.169718 0.451419 -0.002999 
-0.295253 -0.406264 -4.185797 0.170237 0.451885 -0.004558 
-0.290501 -0.409760 -3.938253 0.170524 0.451813 -0.006389 
-0.299054 -0.414728 -3.847726 0.170961 0.452146 -0.006431 
-0.283850 -0.423327 -3.954461 0.171076 0.452150 -0.004491 
-0.275572 -0.426190 -4.132801 0.171071 0.451738 -0.002174 
-0.273971 -0.433760 -4.320659 0.170869 0.451466 0.000028 
-0.271683 -0.433648 -4.578849 0.170564 0.451298 0.002066 
-0.277522 -0.428822 -4.669325 0.170117 0.451066 0.002107 
-0.285661 -0.424366 -4.562303 0.169977 0.451010 0.000059 
-0.294213 -0.419659 -4.362566 0.169833 0.450944 -0.002553 
-0.302919 -0.406923 -4.173851 0.169907 0.450979 -0.004961 
-0.304548 -0.398073 -3.924158 0.169955 0.450955 -0.007425 
-0.298273 -0.403387 -3.842698 0.170238 0.451280 -0.007795 
-0.297725 -0.420557 -3.948758 0.170284 0.451383 -0.006072 
-0.288932 -0.425955 -4.138402 0.170422 0.451637 -0.003453 
-0.273703 -0.425955 -4.328621 0.170763 0.451563 -0.000726 
-0.271355 -0.427002 -4.569684 0.170771 0.451776 0.002282 
-0.271378 -0.426764 -4.653384 0.170938 0.451695 0.003174 
-0.286802 -0.417610 -4.538471 0.170987 0.451597 0.001883 
-0.295091 -0.404475 -4.339358 0.170903 0.451533 -0.000512 
-0.295905 -0.395212 -4.159907 0.170636 0.451321 -0.003029 
-0.297031 -0.402216 -3.907279 0.170090 0.450997 -0.006236 
-0.304141 -0.406536 -3.842351 0.169730 0.451033 -0.007571 
-0.288732 -0.415426 -3.945188 0.169521 0.451032 -0.006909 
-0.287047 -0.425666 -4.142672 0.169461 0.451429 -0.005049 
-0.278470 -0.431132 -4.331477 0.169598 0.451684 -0.002751 
-0.276955 -0.432977 -4.593336 0.169922 0.452098 0.000232 
-0.284702 -0.437560 -4.668825 0.170372 0.452260 0.001658 
-0.286724 -0.420409 -4.578443 0.171129 0.452270 0.001517 
-0.295482 -0.415410 -4.382604 0.171310 0.452208 0.000183 
-0.289839 -0.400885 -4.185458 0.171405 0.451762 -0.001569 
-0.291339 -0.399304 -3.935675 0.171241 0.451447 -0.003923 
-0.292069 -0.406194 -3.829116 0.170865 0.451048 -0.005647 
-0.283980 -0.409985 -3.930257 0.170527 0.450812 -0.005513 
-0.281329 -0.427320 -4.114193 0.169773 0.450812 -0.004487 
-0.286265 -0.424522 -4.319621 0.169479 0.451069 -0.003265 
-0.283913 -0.426191 -4.568022 0.169321 0.451377 -0.001227 
-0.282593 -0.427819 -4.672575 0.169316 0.451766 -0.000035 
-0.291678 -0.416404 -4.560831 0.170028 0.452202 -0.000593 
-0.294008 -0.415392 -4.366926 0.170506 0.452096 -0.001398 
-0.295445 -0.415492 -4.172784 0.170815 0.452269 -0.002204 
-0.297735 -0.405726 -3.936243 0.171192 0.452063 -0.003717 
-0.299275 -0.403542 -3.823513 0.171361 0.451580 -0.004261 
-0.282823 -0.411695 -3.936738 0.170837 0.451383 -0.003279 
-0.281908 -0.418443 -4.120936 0.170479 0.450826 -0.002355 
-0.279866 -0.427125 -4.325148 0.169948 0.450742 -0.001452 
-0.278032 -0.436267 -4.570943 0.169576 0.450760 -0.000266 
-0.283766 -0.424992 -4.681763 0.169336 0.451011 -0.000355 
-0.292516 -0.421138 -4.566030 0.169513 0.451151 -0.002081 
-0.294338 -0.413012 -4.369995 0.169879 0.451329 -0.003634 
-0.303472 -0.409437 -4.185698 0.170371 0.451655 -0.004665 
-0.291372 -0.408783 -3.920221 0.170851 0.451628 -0.005733 
-0.292253 -0.416669 -3.830780 0.171112 0.451620 -0.005234 
-0.284307 -0.412072 -3.947679 0.171317 0.451491 -0.003297 
-0.275400 -0.424476 -4.125158 0.171084 0.451356 -0.001197 
-0.279993 -0.428880 -4.331334 0.170579 0.451321 0.000456 
-0.277895 -0.429594 -4.577753 0.170267 0.451342 0.001858 
-0.276234 -0.429400 -4.676959 0.169632 0.451152 0.001464 
-0.284086 -0.417275 -4.559630 0.169545 0.451287 -0.000683 
-0.292638 -0.412568 -4.359893 0.169401 0.451220 -0.003295 
-0.301150 -0.408884 -4.161300 0.169411 0.451440 -0.005592 
-0.295699 -0.404441 -3.923396 0.169593 0.451463 -0.007535 
-0.297166 -0.404432 -3.843299 0.170070 0.451559 -0.007475 
-0.289484 -0.417519 -3.930587 0.170309 0.451708 -0.005309 
-0.280932 -0.422226 -4.130324 0.170453 0.451775 -0.002697 
-0.273031 -0.426512 -4.320206 0.170759 0.451749 -0.000078 
-0.278467 -0.431220 -4.570185 0.170737 0.451825 0.002495 
-0.278424 -0.423509 -4.673084 0.170957 0.451939 0.002942 
-0.279235 -0.414768 -4.566400 0.170852 0.451834 0.001002 
-0.294676 -0.404828 -4.366645 0.170580 0.451531 -0.001496 
-0.296357 -0.395211 -4.176499 0.170475 0.451228 -0.004327 
-0.297469 -0.402480 -3.935947 0.170089 0.451002 -0.006904 
-0.297029 -0.402318 -3.841850 0.169764 0.450984 -0.007783 
-0.288052 -0.406599 -3.935414 0.169423 0.450934 -0.006680 
-0.286177 -0.416012 -4.144668 0.169369 0.451142 -0.004184 
-0.284712 -0.425696 -4.333975 0.169473 0.451445 -0.001674 
-0.283647 -0.426788 -4.574742 0.169801 0.451668 0.001008 
-0.284047 -0.427974 -4.669983 0.170279 0.451973 0.002202 
-0.286107 -0.419678 -4.556808 0.170812 0.452070 0.001221 
-0.295248 -0.406453 -4.359077 0.171050 0.452013 -0.000859 
-0.297196 -0.404642 -4.160969 0.171051 0.451614 -0.002936 
-0.298912 -0.403128 -3.910347 0.170886 0.451299 -0.005611 
-0.298753 -0.401252 -3.825199 0.170413 0.450806 -0.006811 
-0.289822 -0.404638 -3.947966 0.169919 0.450473 -0.006049 
-0.287156 -0.422237 -4.143978 0.169325 0.450572 -0.004393 
-0.285071 -0.421935 -4.340636 0.169018 0.450396 -0.002624 
-0.290683 -0.427733 -4.590921 0.169148 0.450760 -0.000058 
-0.290191 -0.430031 -4.685924 0.169458 0.451345 0.001135 
-0.292205 -0.422630 -4.543547 0.170144 0.451725 0.000495 
-0.287579 -0.419378 -4.368861 0.170803 0.452051 -0.000870 
-0.297380 -0.415117 -4.162633 0.171298 0.452186 -0.002524 
-0.299235 -0.405839 -3.935108 0.171511 0.452073 -0.004365 
-0.293033 -0.408977 -3.821015 0.171487 0.451819 -0.005338 
-0.284512 -0.412634 -3.923833 0.171150 0.451581 -0.004562 
-0.282490 -0.420428 -4.108631 0.170624 0.451304 -0.003318 
-0.280233 -0.429042 -4.313683 0.170094 0.451219 -0.002094 
-0.277504 -0.429290 -4.550542 0.169624 0.451139 -0.000358 
-0.276446 -0.430090 -4.683459 0.169466 0.451246 0.000173 
-0.284718 -0.417741 -4.569189 0.169702 0.451387 -0.001016 
-0.285888 -0.410036 -4.383009 0.169906 0.451657 -0.002576 
-0.295696 -0.415159 -4.178140 0.170496 0.452077 -0.003810 
-0.298162 -0.406484 -3.941904 0.171025 0.452159 -0.005329 
-0.291993 -0.418248 -3.840101 0.171101 0.452000 -0.005569 
-0.284721 -0.422350 -3.936429 0.171404 0.451965 -0.003835 
-0.276008 -0.425702 -4.123785 0.171235 0.451645 -0.001846 
-0.273770 -0.433428 -4.309422 0.170710 0.451367 -0.000281 
-0.278346 -0.428841 -4.556661 0.170271 0.451151 0.001557 
-0.283998 -0.433197 -4.667605 0.169761 0.451108 0.001683 
-0.284809 -0.424455 -4.560922 0.169655 0.451003 -0.000256 
-0.293146 -0.419681 -4.362023 0.169512 0.450936 -0.002547 
-0.301899 -0.415306 -4.173523 0.169527 0.450968 -0.004851 
-0.303904 -0.407878 -3.935372 0.169886 0.451331 -0.007013 
-0.297447 -0.411973 -3.823261 0.170016 0.451364 -0.007351 
-0.297221 -0.412820 -3.939289 0.170338 0.451573 -0.005849 
-0.282487 -0.430307 -4.086983 0.170553 0.451678 -0.003843 
-0.281053 -0.439361 -4.317567 0.170664 0.451797 -0.001044 
-0.280029 -0.439429 -4.557190 0.170838 0.451733 0.001323 
-0.271614 -0.426696 -4.670815 0.170778 0.451601 0.002198 
-0.279294 -0.412857 -4.545842 0.170704 0.451354 0.001028 
-0.287871 -0.407391 -4.357037 0.170566 0.451099 -0.001269 
-0.289168 -0.406000 -4.168785 0.170404 0.450791 -0.003354 
-0.297104 -0.409818 -3.918426 0.170037 0.450805 -0.005817 
-0.296858 -0.400604 -3.834206 0.169776 0.450602 -0.006807 
-0.288473 -0.406374 -3.938473 0.169746 0.450940 -0.005723 
-0.279724 -0.420757 -4.135671 0.169660 0.451285 -0.003970 
-0.278844 -0.422547 -4.334321 0.169980 0.451693 -0.001898 
-0.278218 -0.433158 -4.574770 0.170401 0.452201 0.000561 
-0.277550 -0.434365 -4.669468 0.170559 0.452498 0.001760 
-0.272933 -0.421362 -4.546776 0.171289 0.452454 0.000895 
-0.282147 -0.415740 -4.360191 0.171474 0.452206 -0.000766 
-0.283879 -0.413861 -4.162923 0.171476 0.451805 -0.002522 
-0.292081 -0.416228 -3.933589 0.171121 0.451443 -0.004677 
-0.291891 -0.414982 -3.807163 0.170641 0.451134 -0.006166 
-0.283175 -0.418435 -3.929090 0.170146 0.450801 -0.005725 
-0.274001 -0.423034 -4.114531 0.169808 0.450763 -0.004378 
-0.286097 -0.432815 -4.320674 0.169421 0.451065 -0.002840 
-0.284443 -0.442425 -4.559436 0.169368 0.451278 -0.000690 
-0.283518 -0.435332 -4.685104 0.169585 0.451582 0.000700 
-0.292844 -0.423225 -4.583452 0.170302 0.451830 0.000135 
-0.287538 -0.411146 -4.398992 0.170863 0.452058 -0.001000 
-0.289667 -0.409801 -4.193851 0.171182 0.451852 -0.002114 
-0.299285 -0.404321 -3.956972 0.171523 0.451695 -0.003735 
-0.292714 -0.415421 -3.832696 0.171282 0.451338 -0.004592 
-0.276689 -0.413701 -3.935546 0.170827 0.450764 -0.003701 
-0.281947 -0.417420 -4.119792 0.170326 0.450539 -0.002670 
-0.280169 -0.434530 -4.323381 0.169735 0.450452 -0.001983 
-0.284508 -0.440642 -4.569224 0.169220 0.450802 -0.000690 
-0.284029 -0.433420 -4.681139 0.169277 0.451009 -0.000571 
-0.292980 -0.429898 -4.576643 0.169612 0.451248 -0.001989 
-0.294978 -0.422863 -4.380913 0.170131 0.451714 -0.003548 
-0.303696 -0.418888 -4.186218 0.170465 0.451939 -0.004567 
-0.305577 -0.418107 -3.940638 0.170778 0.451917 -0.005648 
-0.292429 -0.417759 -3.831085 0.171265 0.451908 -0.005241 
-0.290762 -0.416583 -3.927689 0.171119 0.451627 -0.003066 
-0.282096 -0.428295 -4.115261 0.170892 0.451304 -0.000972 
-0.279623 -0.436842 -4.321151 0.170362 0.451218 0.000573 
-0.291743 -0.436608 -4.567214 0.169888 0.451052 0.001981 
-0.283998 -0.433197 -4.667605 0.169761 0.451108 0.001683 
-0.284133 -0.425635 -4.559845 0.169486 0.451284 -0.000578 
-0.293102 -0.421328 -4.370506 0.169500 0.451317 -0.003203 
-0.301567 -0.409283 -4.171698 0.169569 0.451541 -0.005605 
-0.304318 -0.418156 -3.924121 0.169973 0.451805 -0.007551 
-0.298062 -0.422582 -3.823247 0.170262 0.451937 -0.007580 
-0.289660 -0.418610 -3.930892 0.170462 0.451996 -0.005315 
-0.280786 -0.439639 -4.120661 0.170330 0.451956 -0.002482 
-0.272058 -0.443256 -4.320093 0.170321 0.451735 0.000137 
-0.277681 -0.438783 -4.549604 0.170362 0.451622 0.002624 
-0.276595 -0.430335 -4.662892 0.170267 0.451539 0.003391 
-0.284343 -0.424721 -4.556404 0.169975 0.451195 0.001670 
-0.293088 -0.410961 -4.366545 0.169896 0.450943 -0.001052 
-0.294838 -0.418825 -4.165899 0.169667 0.450823 -0.003989 
-0.296272 -0.409772 -3.935314 0.169557 0.450703 -0.006788 
-0.296747 -0.417617 -3.830738 0.169335 0.450591 -0.007877 
-0.295950 -0.426094 -3.925346 0.169281 0.450597 -0.006566 
-0.287420 -0.439921 -4.114367 0.169360 0.450849 -0.004164 
-0.286325 -0.441643 -4.313856 0.169680 0.451256 -0.001771 
-0.286112 -0.442646 -4.556005 0.170330 0.451486 0.001226 
-0.278774 -0.439275 -4.671531 0.170685 0.451646 0.002515 
-0.287482 -0.426438 -4.548245 0.171086 0.451695 0.001654 
-0.282694 -0.421830 -4.361178 0.171432 0.451634 -0.000333 
-0.298359 -0.421341 -4.161943 0.171254 0.451616 -0.002733 
-0.306287 -0.415775 -3.910225 0.170793 0.451345 -0.005615 
-0.306472 -0.406696 -3.824328 0.170530 0.451144 -0.007247 
-0.297563 -0.419201 -3.936377 0.169972 0.450996 -0.006695 
-0.287522 -0.424154 -4.132512 0.169471 0.451049 -0.005035 
-0.278334 -0.429018 -4.330028 0.169292 0.451109 -0.003060 
-0.283489 -0.435441 -4.571058 0.169418 0.451660 -0.000166 
-0.283673 -0.436559 -4.667138 0.169897 0.451964 0.001349 
-0.292367 -0.423985 -4.555928 0.170457 0.452111 0.001118 
-0.295088 -0.424131 -4.361490 0.171087 0.452294 -0.000015 
-0.296733 -0.414914 -4.165150 0.171301 0.452184 -0.001561 
-0.300369 -0.413290 -3.916452 0.171779 0.451885 -0.003925 
-0.293105 -0.416579 -3.832162 0.171434 0.451627 -0.004919 
-0.292321 -0.415536 -3.943682 0.171126 0.451255 -0.004683 
-0.282799 -0.427962 -4.137210 0.170412 0.451019 -0.003875 
-0.280751 -0.436515 -4.311076 0.169880 0.450930 -0.002946 
-0.285350 -0.441048 -4.547598 0.169376 0.450900 -0.001319 
-0.283788 -0.434112 -4.671046 0.169271 0.451197 -0.000565 
-0.291394 -0.422448 -4.578706 0.169505 0.451529 -0.001132 
-0.293288 -0.421924 -4.393818 0.169819 0.451515 -0.002265 
-0.302416 -0.418220 -4.179175 0.170310 0.451836 -0.003270 
-0.304715 -0.417837 -3.943993 0.170781 0.451914 -0.004364 
-0.291581 -0.417225 -3.822364 0.171108 0.451806 -0.004586 
-0.283233 -0.411965 -3.916790 0.170995 0.451479 -0.003266 
-0.267670 -0.419527 -4.103022 0.170801 0.451108 -0.001706 
-0.272789 -0.440788 -4.307950 0.170177 0.451069 -0.000486 
-0.277709 -0.428998 -4.554441 0.169949 0.451145 0.000920 
-0.284018 -0.433061 -4.685876 0.169602 0.451014 0.001028 
-0.277309 -0.429086 -4.569652 0.169466 0.451044 -0.000693 
-0.293127 -0.420569 -4.381438 0.169506 0.451128 -0.002888 
-0.295164 -0.412510 -4.184564 0.169872 0.451307 -0.004761 
-0.297242 -0.412684 -3.957559 0.170179 0.451478 -0.006504 
-0.298307 -0.421268 -3.826001 0.170433 0.451655 -0.006616 
-0.290384 -0.425791 -3.932184 0.170572 0.451712 -0.004889 
-0.282458 -0.430836 -4.111134 0.170873 0.451875 -0.002584 
-0.280334 -0.431557 -4.308936 0.170719 0.451987 -0.000501 
-0.279114 -0.431422 -4.567669 0.170735 0.451827 0.001532 
-0.278291 -0.431403 -4.680333 0.170581 0.451742 0.002082 
-0.286038 -0.425789 -4.573845 0.170288 0.451398 0.000362 
-0.294568 -0.411962 -4.384825 0.170210 0.451145 -0.002040 
-0.295160 -0.402503 -4.175866 0.169943 0.450929 -0.004211 
-0.296426 -0.401743 -3.946336 0.169774 0.450806 -0.006584 
-0.304160 -0.405649 -3.822937 0.169736 0.450840 -0.007230 
-0.288568 -0.423096 -3.938903 0.169628 0.450934 -0.005514 
-0.279991 -0.428562 -4.127708 0.169766 0.451189 -0.003216 
-0.279111 -0.430352 -4.326359 0.170086 0.451597 -0.001144 
-0.270982 -0.435587 -4.566840 0.170389 0.451767 0.001429 
-0.278251 -0.432426 -4.681476 0.170734 0.452029 0.002397 
-0.280110 -0.423798 -4.557065 0.171108 0.452027 0.001107 
-0.289492 -0.409882 -4.369427 0.171351 0.451782 -0.000979 
-0.297412 -0.404709 -4.160131 0.171050 0.451615 -0.003257 
-0.298300 -0.402526 -3.919059 0.170570 0.451104 -0.005933 
-0.291688 -0.405394 -3.824913 0.170388 0.450755 -0.006920 
-0.282370 -0.426885 -3.927923 0.169766 0.450791 -0.005936 
-0.288030 -0.431268 -4.134643 0.169582 0.450764 -0.004288 
-0.279018 -0.437222 -4.332464 0.169556 0.451112 -0.002318 
-0.284582 -0.434660 -4.582533 0.169745 0.451479 0.000143 
-0.276978 -0.432739 -4.677035 0.170089 0.452016 0.001124 
-0.286351 -0.428994 -4.575599 0.170747 0.452261 0.000664 
-0.281085 -0.415890 -4.389994 0.171154 0.452202 -0.000787 
-0.297170 -0.415178 -4.193818 0.171300 0.452189 -0.002229 
-0.298824 -0.405568 -3.955056 0.171354 0.451977 -0.004378 
-0.291836 -0.416269 -3.820382 0.170954 0.451520 -0.005222 
-0.282482 -0.419128 -3.902404 0.170301 0.451082 -0.004421 
-0.280701 -0.426230 -4.097296 0.169781 0.450617 -0.003183 
-0.278444 -0.434844 -4.302347 0.169251 0.450532 -0.001959 
-0.290524 -0.435634 -4.549553 0.168930 0.450653 -0.000236 
-0.289594 -0.429165 -4.682560 0.168982 0.451051 0.000184 
-0.291266 -0.429718 -4.578616 0.169293 0.451238 -0.001021 
-0.293310 -0.431044 -4.383101 0.169754 0.451700 -0.002475 
-0.295520 -0.414069 -4.177835 0.170343 0.451789 -0.003804 
-0.306013 -0.417619 -3.931621 0.170942 0.451825 -0.005320 
-0.299768 -0.411773 -3.809974 0.171141 0.451480 -0.005428 
-0.291931 -0.423634 -3.915228 0.171068 0.451246 -0.003911 
-0.282150 -0.427007 -4.102042 0.170579 0.450918 -0.001916 
-0.279677 -0.435554 -4.307932 0.170049 0.450832 -0.000371 
-0.284469 -0.431035 -4.554332 0.169609 0.450617 0.001146 
-0.290538 -0.435790 -4.675674 0.169257 0.450674 0.001259 
-0.283546 -0.424274 -4.579488 0.169176 0.450900 -0.000585 
-0.292011 -0.412230 -4.380680 0.169244 0.451123 -0.002987 
-0.301840 -0.417217 -4.194081 0.169675 0.451448 -0.004877 
-0.303630 -0.409722 -3.956768 0.170035 0.451811 -0.006718 
-0.305065 -0.410343 -3.835393 0.170505 0.452091 -0.006947 
-0.290666 -0.410492 -3.943295 0.171001 0.452106 -0.004796 
-0.282008 -0.431588 -4.132226 0.170869 0.452067 -0.002283 
-0.273859 -0.427182 -4.310656 0.171075 0.451945 -0.000077 
-0.272029 -0.435700 -4.549112 0.170869 0.451870 0.002079 
-0.278357 -0.438876 -4.661133 0.170527 0.451546 0.002528 
-0.285817 -0.425593 -4.544338 0.170288 0.451393 0.000708 
-0.294328 -0.412654 -4.374732 0.170204 0.451333 -0.002034 
-0.295599 -0.412022 -4.175548 0.170036 0.451214 -0.004433 
-0.297732 -0.410908 -3.935323 0.170030 0.451000 -0.007120 
-0.298167 -0.419777 -3.831891 0.169961 0.451174 -0.007895 
-0.290506 -0.432728 -3.937450 0.170041 0.451229 -0.006384 
-0.281666 -0.429766 -4.126879 0.170238 0.451486 -0.003870 
-0.273765 -0.434052 -4.316761 0.170545 0.451461 -0.001251 
-0.280054 -0.438670 -4.568122 0.170844 0.451544 0.001637 
-0.279626 -0.439186 -4.672913 0.171007 0.451654 0.002831 
-0.280884 -0.429461 -4.580221 0.171231 0.451366 0.002163 
-0.281629 -0.411973 -4.382284 0.171182 0.451252 0.000197 
-0.290469 -0.414935 -4.192855 0.170985 0.450994 -0.002317 
-0.305966 -0.412963 -3.950893 0.170494 0.450585 -0.005314 
-0.299754 -0.416596 -3.813792 0.170304 0.450421 -0.007231 
-0.297644 -0.426410 -3.905103 0.169759 0.450702 -0.006879 
-0.288624 -0.422980 -4.101565 0.169638 0.450766 -0.005329 
-0.279658 -0.437296 -4.299601 0.169553 0.451110 -0.003255 
-0.285030 -0.443786 -4.539793 0.169678 0.451662 -0.000683 
-0.285004 -0.444965 -4.667058 0.170159 0.451970 0.001127 
-0.286135 -0.428926 -4.576438 0.170748 0.452260 0.000985 
-0.287525 -0.420666 -4.382080 0.171116 0.452437 0.000074 
-0.289822 -0.411028 -4.175885 0.171493 0.452235 -0.001465 
-0.291764 -0.409088 -3.947432 0.171494 0.451831 -0.003516 
-0.292272 -0.415781 -3.811366 0.171118 0.451427 -0.004894 
-0.283115 -0.419594 -3.911963 0.170459 0.451183 -0.004754 
-0.273329 -0.423591 -4.106115 0.169804 0.450949 -0.003730 
-0.278816 -0.436890 -4.321227 0.169397 0.451013 -0.002627 
-0.276022 -0.438920 -4.548299 0.169075 0.451409 -0.000891 
-0.283097 -0.435556 -4.682045 0.169262 0.451576 -0.000258 
-0.284049 -0.428305 -4.569471 0.169628 0.451952 -0.000919 
-0.293835 -0.424309 -4.375319 0.170283 0.452186 -0.001943 
-0.294808 -0.415649 -4.170563 0.170493 0.452262 -0.002841 
-0.298214 -0.414221 -3.934780 0.171131 0.452061 -0.004255 
-0.299560 -0.421090 -3.812172 0.171237 0.451763 -0.004687 
-0.284388 -0.419281 -3.916405 0.171104 0.451196 -0.003481 
-0.274434 -0.431571 -4.111610 0.170391 0.450959 -0.002032 
-0.272364 -0.431004 -4.296194 0.169924 0.450684 -0.000892 
-0.284095 -0.439620 -4.551488 0.169227 0.450608 0.000292 
-0.290117 -0.436014 -4.672615 0.168934 0.450668 0.000302 
-0.290472 -0.427896 -4.556677 0.168823 0.450750 -0.001311 
-0.306491 -0.419710 -4.379700 0.169022 0.450934 -0.003198 
-0.301442 -0.415930 -4.164269 0.169522 0.451155 -0.004524 
-0.303956 -0.415616 -3.928248 0.169993 0.451234 -0.005939 
-0.298351 -0.419621 -3.817519 0.170444 0.451274 -0.005961 
-0.290629 -0.424476 -3.934938 0.170743 0.451430 -0.003925 
-0.282286 -0.429122 -4.103490 0.170885 0.451493 -0.001608 
-0.280666 -0.437579 -4.310762 0.170677 0.451415 0.000253 
-0.279005 -0.437805 -4.548165 0.170529 0.451343 0.001983 
-0.278372 -0.438612 -4.649058 0.170368 0.451448 0.001898 
-0.293791 -0.430081 -4.541484 0.170252 0.451444 -0.000363 
-0.294396 -0.420879 -4.393217 0.169986 0.451236 -0.002585 
-0.295843 -0.421338 -4.194338 0.169971 0.451405 -0.004991 
-0.296605 -0.412841 -3.955338 0.169857 0.451472 -0.007141 
-0.304750 -0.417017 -3.811991 0.169975 0.451602 -0.007774 
-0.296217 -0.430194 -3.897898 0.169893 0.451743 -0.005923 
-0.288075 -0.435171 -4.077687 0.170194 0.451906 -0.003298 
-0.279523 -0.439878 -4.277424 0.170338 0.451972 -0.000686 
-0.277807 -0.441391 -4.528046 0.170502 0.452287 0.001989 
-0.277163 -0.432584 -4.662663 0.170572 0.452116 0.003058 
-0.293244 -0.423137 -4.568241 0.170785 0.451930 0.001748 
-0.287605 -0.418619 -4.379793 0.170809 0.451862 -0.000555 
-0.295981 -0.412821 -4.179751 0.170513 0.451507 -0.003161 
-0.297695 -0.402052 -3.958116 0.170254 0.450913 -0.006281 
-0.297962 -0.409437 -3.811957 0.169873 0.450697 -0.007652 
-0.303834 -0.413237 -3.914724 0.169527 0.450560 -0.006876 
-0.295297 -0.417680 -4.102385 0.169511 0.450529 -0.004894 
-0.286116 -0.431927 -4.301260 0.169427 0.450873 -0.002499 
-0.284400 -0.433441 -4.551882 0.169591 0.451187 0.000175 
-0.284590 -0.434687 -4.678308 0.170072 0.451496 0.001665 
-0.293916 -0.422580 -4.576657 0.170789 0.451744 0.001100 
-0.294669 -0.414476 -4.380079 0.170834 0.451914 -0.000447 
-0.297182 -0.404906 -4.173045 0.171211 0.451713 -0.002307 
-0.292033 -0.407867 -3.933374 0.171180 0.451446 -0.004781 
-0.299613 -0.410547 -3.827940 0.170829 0.451098 -0.006077 
-0.289823 -0.413893 -3.918978 0.170013 0.450753 -0.005604 
-0.288002 -0.422019 -4.115013 0.169646 0.450575 -0.004051 
-0.277961 -0.426972 -4.311148 0.169146 0.450628 -0.002392 
-0.282936 -0.432927 -4.559212 0.168953 0.450984 -0.000462 
-0.289602 -0.438549 -4.683918 0.169077 0.451335 0.000603 
-0.290507 -0.422937 -4.571130 0.169502 0.451714 -0.000163 
-0.299616 -0.420121 -4.375901 0.169987 0.452229 -0.001509 
-0.294157 -0.416070 -4.180418 0.170330 0.452354 -0.002848 
-0.296470 -0.415423 -3.933161 0.170641 0.452334 -0.004571 
-0.298185 -0.414330 -3.820735 0.170963 0.452139 -0.005121 
-0.290604 -0.425235 -3.924006 0.170737 0.451619 -0.004240 
-0.288319 -0.424601 -4.109428 0.170270 0.451344 -0.002779 
-0.279626 -0.427817 -4.315055 0.169943 0.450929 -0.001446 
-0.284465 -0.431658 -4.561671 0.169444 0.450711 0.000175 
-0.283664 -0.440759 -4.663617 0.169225 0.450812 0.000516 
-0.291500 -0.428898 -4.558363 0.169298 0.451046 -0.001001 
-0.299565 -0.416088 -4.402511 0.169375 0.451083 -0.002472 
-0.301844 -0.416594 -4.186743 0.169840 0.451354 -0.003907 
-0.297663 -0.412460 -3.960618 0.170502 0.451484 -0.005547 
-0.298527 -0.420712 -3.817824 0.170597 0.451562 -0.005967 
-0.291014 -0.425506 -3.904058 0.170894 0.451715 -0.004226 
-0.283128 -0.429527 -4.081865 0.171041 0.451591 -0.002236 
-0.281749 -0.437293 -4.299230 0.170839 0.451324 -0.000382 
-0.271739 -0.441615 -4.536642 0.170345 0.451192 0.001567 
-0.277986 -0.437582 -4.679938 0.170216 0.451163 0.002199 
-0.285862 -0.424698 -4.573540 0.170136 0.451110 0.000368 
-0.295072 -0.419699 -4.394294 0.170155 0.450955 -0.002263 
-0.303168 -0.415616 -4.185303 0.170007 0.451076 -0.004548 
-0.305630 -0.407564 -3.956406 0.170371 0.451252 -0.007037 
-0.299411 -0.420846 -3.832739 0.170435 0.451470 -0.007906 
-0.291045 -0.425729 -3.917592 0.170410 0.451616 -0.006481 
-0.290601 -0.427030 -4.107226 0.170894 0.451931 -0.004081 
-0.282071 -0.440857 -4.296246 0.170973 0.452183 -0.001679 
-0.280590 -0.441550 -4.526615 0.171142 0.452305 0.001015 
-0.286143 -0.428953 -4.672213 0.171075 0.452277 0.002506 
-0.287200 -0.418897 -4.568283 0.171140 0.451890 0.001530 
-0.295321 -0.414055 -4.370224 0.170997 0.451822 -0.000440 
-0.303481 -0.408190 -4.171021 0.170702 0.451466 -0.002725 
-0.289278 -0.397924 -3.939640 0.170127 0.450950 -0.005512 
-0.289963 -0.405709 -3.803879 0.169903 0.450834 -0.006895 
-0.288946 -0.414742 -3.906665 0.169685 0.450934 -0.006234 
-0.287301 -0.423958 -4.103005 0.169471 0.451044 -0.004688 
-0.279356 -0.429891 -4.301369 0.169766 0.451400 -0.002724 
-0.285572 -0.426908 -4.541583 0.170118 0.451675 -0.000255 
-0.278697 -0.432296 -4.667723 0.170573 0.451932 0.001126 
-0.280326 -0.423866 -4.556226 0.171108 0.452028 0.000786 
-0.289036 -0.410507 -4.360173 0.171347 0.451969 -0.000652 
-0.297880 -0.412846 -4.163405 0.171315 0.451617 -0.002195 
-0.284772 -0.411055 -3.914512 0.171161 0.451201 -0.004228 
-0.285023 -0.409449 -3.809416 0.170845 0.450803 -0.005415 
-0.282950 -0.408232 -3.890886 0.170217 0.450418 -0.004827 
-0.280693 -0.416846 -4.095937 0.169686 0.450333 -0.003602 
-0.278195 -0.426152 -4.290895 0.169150 0.450436 -0.002372 
-0.276475 -0.428288 -4.548856 0.169150 0.450844 -0.000667 
-0.282249 -0.435022 -4.673324 0.169105 0.451475 0.000397 
-0.291139 -0.423404 -4.580689 0.169659 0.451815 -0.000496 
-0.293572 -0.415880 -4.375943 0.170342 0.452188 -0.001727 
-0.289012 -0.420101 -4.182057 0.170948 0.452318 -0.002646 
-0.291062 -0.411027 -3.935423 0.171318 0.452300 -0.004153 
-0.292361 -0.409534 -3.812599 0.171483 0.452005 -0.004690 
-0.284100 -0.411612 -3.906097 0.171157 0.451387 -0.003580 
-0.282542 -0.428166 -4.101508 0.170731 0.451207 -0.002244 
-0.272756 -0.432162 -4.295660 0.170076 0.450973 -0.001219 
-0.277811 -0.436071 -4.541436 0.169577 0.450756 0.000081 
-0.283597 -0.433285 -4.682816 0.169278 0.451008 0.000071 
-0.298298 -0.416950 -4.566612 0.169217 0.451194 -0.001647 
-0.300799 -0.417652 -4.380351 0.169683 0.451469 -0.003428 
-0.302667 -0.417887 -4.184531 0.169991 0.451644 -0.004876 
-0.304918 -0.409144 -3.949134 0.170520 0.451725 -0.006074 
-0.298681 -0.412683 -3.828846 0.170815 0.451665 -0.005763 
-0.290824 -0.424679 -3.915829 0.170901 0.451525 -0.003591 
-0.289801 -0.424226 -4.082685 0.170914 0.451354 -0.001801 
-0.280926 -0.436000 -4.301441 0.170688 0.451034 0.000587 
-0.271789 -0.440097 -4.558506 0.170357 0.450815 0.002196 
-0.277394 -0.436092 -4.669235 0.169905 0.450775 0.002218 
-0.285701 -0.423343 -4.561160 0.169823 0.450723 -0.000255 
-0.301299 -0.415381 -4.381123 0.169699 0.450901 -0.003100 
-0.303188 -0.415480 -4.203573 0.169848 0.450981 -0.005203 
-0.297302 -0.411525 -3.974686 0.169867 0.451097 -0.007474 
-0.298558 -0.420935 -3.831357 0.170113 0.451463 -0.008222 
-0.290629 -0.425329 -3.907194 0.170252 0.451516 -0.006469 
-0.289552 -0.426164 -4.087269 0.170578 0.451730 -0.003735 
-0.280960 -0.431895 -4.288150 0.170876 0.452084 -0.000808 
-0.272439 -0.435971 -4.529164 0.171026 0.451966 0.002093 
-0.278907 -0.431382 -4.664283 0.171062 0.451843 0.003374 
-0.279052 -0.423326 -4.579530 0.170953 0.451929 0.002057 
-0.294910 -0.413785 -4.390172 0.170840 0.451726 -0.000453 
-0.303871 -0.400093 -4.199474 0.170760 0.451475 -0.003497 
-0.304547 -0.407850 -3.967938 0.170210 0.451342 -0.006403 
-0.298119 -0.411416 -3.831676 0.170020 0.451178 -0.007999 
-0.296398 -0.412380 -3.913756 0.169697 0.451368 -0.007423 
-0.287908 -0.425184 -4.101632 0.169622 0.451333 -0.005336 
-0.285792 -0.435289 -4.300793 0.169563 0.451729 -0.002834 
-0.284095 -0.435914 -4.532001 0.169733 0.451851 0.000182 
-0.284047 -0.427974 -4.669983 0.170279 0.451973 0.002202 
-0.285265 -0.419272 -4.578434 0.170656 0.451973 0.001849 
-0.294889 -0.413920 -4.371901 0.170999 0.451820 0.000202 
-0.297078 -0.411417 -4.183887 0.171005 0.451233 -0.001882 
-0.298142 -0.410325 -3.943120 0.170678 0.451010 -0.004563 
-0.291732 -0.403748 -3.816431 0.170400 0.450373 -0.006264 
-0.282622 -0.415922 -3.917243 0.169682 0.450126 -0.006020 
-0.287687 -0.428693 -4.091611 0.169116 0.450086 -0.004879 
-0.285127 -0.429903 -4.298430 0.168799 0.450290 -0.003123 
-0.290538 -0.435370 -4.537478 0.168770 0.450554 -0.000865 
-0.290077 -0.437037 -4.673758 0.169087 0.450955 0.000617 
-0.291882 -0.429697 -4.562567 0.169775 0.451339 0.000271 
-0.294105 -0.422235 -4.389005 0.170459 0.451715 -0.000665 
-0.296362 -0.413620 -4.183954 0.170990 0.451801 -0.001889 
-0.298675 -0.412974 -3.936696 0.171301 0.451780 -0.003612 
-0.292426 -0.407752 -3.822388 0.171335 0.451529 -0.004690 
-0.283880 -0.412167 -3.914274 0.170993 0.451481 -0.004229 
-0.281858 -0.419961 -4.099072 0.170467 0.451203 -0.002985 
-0.279816 -0.428643 -4.303285 0.169936 0.451119 -0.002081 
-0.283475 -0.425928 -4.539354 0.169322 0.451371 -0.000559 
-0.282465 -0.435090 -4.672485 0.169105 0.451475 0.000076 
-0.283826 -0.418854 -4.568951 0.169534 0.451667 -0.001017 
-0.293176 -0.415345 -4.383815 0.170025 0.451994 -0.002369 
-0.302109 -0.411438 -4.188281 0.170358 0.452220 -0.003709 
-0.296879 -0.406438 -3.942200 0.170705 0.452150 -0.005003 
-0.291925 -0.410023 -3.821616 0.171319 0.452098 -0.005018 
-0.284668 -0.413860 -3.905868 0.171462 0.451964 -0.003913 
-0.284196 -0.429505 -4.082408 0.171362 0.451599 -0.002242 
-0.281964 -0.437360 -4.298391 0.170838 0.451325 -0.000703 
-0.280102 -0.437254 -4.524557 0.170530 0.451154 0.000719 
-0.285738 -0.432618 -4.676564 0.170086 0.450930 0.001030 
-0.285923 -0.423539 -4.590667 0.169823 0.450728 -0.000602 
-0.301981 -0.414330 -4.412546 0.169869 0.450624 -0.002804 
-0.310513 -0.409758 -4.194539 0.169884 0.450652 -0.004761 
-0.311764 -0.409263 -3.977084 0.169875 0.450628 -0.006505 
-0.297948 -0.409702 -3.824033 0.170032 0.450796 -0.007023 
-0.297810 -0.427142 -3.910144 0.170236 0.450994 -0.005286 
-0.282556 -0.427901 -4.089432 0.170571 0.451108 -0.002873 
-0.281548 -0.436961 -4.287993 0.170680 0.451225 -0.000690 
-0.286959 -0.442428 -4.527041 0.170651 0.451489 0.001567 
-0.279015 -0.438584 -4.681624 0.170691 0.451458 0.002509 
-0.287092 -0.426031 -4.586464 0.170769 0.451504 0.000986 
-0.295622 -0.412204 -4.397444 0.170690 0.451252 -0.001416 
-0.297318 -0.411579 -4.166236 0.170520 0.451130 -0.004431 
-0.298374 -0.410880 -3.967890 0.170353 0.451011 -0.006510 
-0.298796 -0.410236 -3.832753 0.170189 0.450897 -0.007677 
-0.289995 -0.415607 -3.926622 0.170001 0.451135 -0.006580 
-0.281001 -0.420674 -4.105029 0.169980 0.451290 -0.004270 
-0.279953 -0.430757 -4.304733 0.170242 0.451694 -0.001773 
-0.277996 -0.432962 -4.545262 0.170401 0.452196 0.000908 
-0.278187 -0.434208 -4.671688 0.170881 0.452505 0.002397 
-0.278921 -0.417635 -4.588941 0.171154 0.452600 0.001612 
-0.280782 -0.408486 -4.391762 0.171367 0.452491 -0.000255 
-0.289379 -0.402132 -4.183543 0.171235 0.452043 -0.002212 
-0.297796 -0.404567 -3.953370 0.170879 0.451681 -0.004688 
-0.290512 -0.398214 -3.807028 0.170438 0.451131 -0.006049 
-0.282079 -0.409208 -3.908918 0.169889 0.450604 -0.005483 
-0.280232 -0.418093 -4.094021 0.169516 0.450614 -0.004245 
-0.278828 -0.426618 -4.300454 0.169308 0.450536 -0.002705 
-0.277174 -0.436228 -4.539216 0.169254 0.450749 -0.000556 
-0.276881 -0.429602 -4.674443 0.169629 0.451154 0.000501 
-0.293535 -0.421781 -4.572454 0.170312 0.451451 -0.000172 
-0.295557 -0.413987 -4.387655 0.170838 0.451728 -0.001416 
-0.297591 -0.395921 -4.182084 0.171274 0.451528 -0.002739 
-0.299076 -0.394605 -3.944377 0.171270 0.451312 -0.004463 
-0.299858 -0.409232 -3.830694 0.171000 0.450816 -0.005113 
-0.284028 -0.407715 -3.914436 0.170704 0.450336 -0.003888 
-0.274027 -0.411644 -4.109427 0.170049 0.450102 -0.002543 
-0.279044 -0.416055 -4.283579 0.169543 0.450065 -0.001505 
-0.284082 -0.430107 -4.519783 0.169132 0.450320 -0.000101 
-0.288833 -0.435968 -4.672911 0.168614 0.450659 0.000628 
-0.282895 -0.424695 -4.589343 0.169013 0.450992 -0.000593 
-0.291938 -0.414405 -4.413313 0.169552 0.451702 -0.002384 
-0.301915 -0.411235 -4.207390 0.170200 0.452125 -0.004044 
-0.304644 -0.410987 -3.970531 0.170669 0.452204 -0.005779 
-0.299249 -0.414932 -3.828617 0.171119 0.452241 -0.006096 
-0.284906 -0.423048 -3.894312 0.171396 0.452150 -0.004444 
-0.283520 -0.430685 -4.081331 0.171193 0.451879 -0.002564 
-0.280832 -0.439165 -4.288060 0.170664 0.451793 -0.000697 
-0.278994 -0.438299 -4.525158 0.170363 0.451433 0.001039 
-0.284367 -0.425235 -4.677788 0.169978 0.451211 0.001566 
-0.277663 -0.421389 -4.591910 0.169843 0.451246 -0.000180 
-0.293071 -0.412601 -4.423644 0.169726 0.451234 -0.002389 
-0.302235 -0.408496 -4.215196 0.169898 0.451363 -0.004679 
-0.296784 -0.404053 -3.977292 0.170080 0.451386 -0.006622 
-0.298018 -0.404343 -3.844680 0.170392 0.451567 -0.007159 
-0.290329 -0.408046 -3.930610 0.170536 0.451431 -0.005412 
-0.282498 -0.429812 -4.109990 0.170719 0.451588 -0.002899 
-0.281050 -0.429353 -4.308870 0.170734 0.451419 -0.000493 
-0.286936 -0.433308 -4.537757 0.170716 0.451304 0.001778 
-0.285903 -0.433350 -4.681606 0.170563 0.451222 0.002623 
-0.286740 -0.423850 -4.585854 0.170464 0.450929 0.000998 
-0.301529 -0.414331 -4.395953 0.170029 0.450717 -0.001507 
-0.303017 -0.413766 -4.195930 0.169860 0.450599 -0.004227 
-0.305102 -0.404291 -3.955491 0.169913 0.450388 -0.007018 
-0.305048 -0.405159 -3.830514 0.169739 0.450654 -0.008199 
-0.296294 -0.418891 -3.924598 0.169492 0.450889 -0.006998 
-0.280389 -0.420072 -4.113740 0.169664 0.451095 -0.004592 
-0.285989 -0.425613 -4.303333 0.169793 0.451450 -0.001974 
-0.284709 -0.426638 -4.544939 0.170121 0.451672 0.001028 
-0.276551 -0.431981 -4.671374 0.170256 0.451920 0.002736 
-0.277481 -0.415611 -4.569517 0.170686 0.452111 0.002285 
-0.286647 -0.401627 -4.382718 0.170930 0.451866 0.000520 
-0.288618 -0.408936 -4.173893 0.170866 0.451651 -0.001768 
-0.290703 -0.399461 -3.933454 0.170918 0.451440 -0.004559 
-0.298056 -0.402567 -3.805852 0.170403 0.451181 -0.006478 
-0.289363 -0.415141 -3.917063 0.169843 0.451034 -0.006247 
-0.280451 -0.428168 -4.101880 0.169445 0.450993 -0.005117 
-0.279175 -0.429423 -4.308403 0.169448 0.451206 -0.003688 
-0.277435 -0.431695 -4.548093 0.169607 0.451709 -0.001328 
-0.283885 -0.437249 -4.673638 0.169731 0.452059 0.000058 
-0.285304 -0.428880 -4.593326 0.170267 0.452158 0.000014 
-0.287787 -0.419838 -4.410444 0.170963 0.452154 -0.000588 
-0.288800 -0.410155 -4.204544 0.171019 0.451943 -0.001800 
-0.298659 -0.403983 -3.977759 0.171367 0.451599 -0.003428 
-0.291858 -0.405503 -3.822616 0.171031 0.450953 -0.004356 
-0.283594 -0.417459 -3.894465 0.170634 0.450709 -0.003771 
-0.274043 -0.420636 -4.068364 0.169984 0.450283 -0.002727 
-0.272243 -0.428626 -4.282669 0.169458 0.450011 -0.001830 
-0.277233 -0.434317 -4.518658 0.169106 0.450269 -0.000530 
-0.283005 -0.431795 -4.672114 0.168968 0.450620 0.000089 
-0.284419 -0.424049 -4.599140 0.169338 0.450813 -0.000925 
-0.294161 -0.421699 -4.413470 0.169982 0.451428 -0.002605 
-0.303505 -0.418062 -4.197989 0.170472 0.451750 -0.003931 
-0.299108 -0.413861 -3.972703 0.171135 0.451880 -0.005250 
-0.293296 -0.417406 -3.820391 0.171427 0.451816 -0.005555 
-0.285406 -0.420777 -3.895084 0.171412 0.451582 -0.004116 
-0.276016 -0.425309 -4.081363 0.171075 0.451542 -0.002449 
-0.274242 -0.441795 -4.277614 0.170649 0.451361 -0.000792 
-0.285470 -0.442674 -4.523438 0.170007 0.451475 0.000615 
-0.283906 -0.426483 -4.675873 0.169808 0.451492 0.000924 
-0.284315 -0.426855 -4.590496 0.169639 0.451576 -0.000610 
-0.292154 -0.414473 -4.412474 0.169551 0.451703 -0.002705 
-0.293774 -0.406015 -4.205202 0.169759 0.451781 -0.004566 
-0.303616 -0.409986 -3.968844 0.170195 0.451909 -0.006089 
-0.297153 -0.413952 -3.826387 0.170324 0.451938 -0.006400 
-0.289640 -0.418746 -3.912621 0.170621 0.452090 -0.004660 
-0.282002 -0.431460 -4.101880 0.170868 0.452063 -0.002257 
-0.274356 -0.434790 -4.289779 0.171020 0.451751 -0.000273 
-0.280223 -0.439633 -4.538081 0.170996 0.451828 0.001657 
-0.287579 -0.434554 -4.680776 0.171035 0.451519 0.001970 
-0.288174 -0.425745 -4.574931 0.170930 0.451414 0.000351 
-0.289855 -0.416128 -4.384786 0.170826 0.451111 -0.002480 
-0.298278 -0.418691 -4.184959 0.170471 0.450753 -0.004981 
-0.299731 -0.408750 -3.934961 0.170365 0.450441 -0.007439 
-0.306767 -0.404716 -3.821202 0.170223 0.450570 -0.008197 
-0.290470 -0.414095 -3.916462 0.170011 0.450755 -0.006567 
-0.281261 -0.419095 -4.095708 0.169991 0.450910 -0.003936 
-0.279949 -0.420750 -4.296036 0.170313 0.451316 -0.001222 
-0.278281 -0.430624 -4.546873 0.170418 0.451627 0.001557 
-0.277644 -0.431200 -4.682849 0.170583 0.451740 0.003045 
-0.278163 -0.414559 -4.600940 0.170856 0.451835 0.002581 
-0.279829 -0.405207 -4.422871 0.170911 0.451630 0.000379 
-0.289033 -0.400079 -4.213279 0.170930 0.451472 -0.002226 
-0.298493 -0.403251 -3.972717 0.170889 0.451306 -0.005021 
-0.299144 -0.402410 -3.824665 0.170565 0.451095 -0.007139 
-0.290028 -0.414455 -3.895132 0.169846 0.450843 -0.006869 
-0.281922 -0.419033 -4.081116 0.169829 0.450813 -0.005528 
-0.273150 -0.424295 -4.289030 0.169808 0.450973 -0.003565 
-0.271040 -0.434529 -4.518538 0.169750 0.451373 -0.001088 
-0.284521 -0.437092 -4.675859 0.170054 0.452066 0.000695 
-0.285893 -0.420362 -4.595332 0.170649 0.452168 0.000546 
-0.280635 -0.416643 -4.411086 0.171150 0.452393 -0.000485 
-0.288928 -0.402885 -4.204634 0.171231 0.452234 -0.001911 
-0.291306 -0.400456 -3.967165 0.171395 0.451738 -0.003634 
-0.291573 -0.407841 -3.821006 0.171014 0.451522 -0.005005 
-0.282172 -0.402338 -3.902813 0.170420 0.451088 -0.004309 
-0.272668 -0.413876 -4.076927 0.169711 0.450659 -0.003161 
-0.270652 -0.421799 -4.292071 0.169186 0.450386 -0.001943 
-0.282754 -0.431708 -4.528561 0.168800 0.450692 -0.000430 
-0.281897 -0.432841 -4.672714 0.168800 0.450899 0.000409 
-0.283071 -0.425786 -4.589648 0.169165 0.451280 -0.000599 
-0.292374 -0.413917 -4.404297 0.169715 0.451609 -0.002056 
-0.309239 -0.405513 -4.198356 0.170236 0.451796 -0.003601 
-0.304688 -0.409341 -3.962048 0.170681 0.451823 -0.005124 
-0.299508 -0.413352 -3.819295 0.171130 0.451861 -0.005762 
-0.291859 -0.416032 -3.904081 0.171121 0.451438 -0.004330 
-0.282945 -0.419052 -4.080201 0.170794 0.451019 -0.002649 
-0.280760 -0.435268 -4.296399 0.170210 0.450742 -0.001006 
-0.285311 -0.431440 -4.532706 0.169765 0.450715 0.000517 
-0.291123 -0.427895 -4.685018 0.169473 0.450778 0.000822 
-0.291115 -0.427868 -4.589243 0.169147 0.450761 -0.000700 
-0.299781 -0.416156 -4.401672 0.169374 0.451084 -0.002793 
-0.308279 -0.412737 -4.215154 0.169543 0.451403 -0.004461 
-0.310767 -0.413181 -3.968201 0.170007 0.451670 -0.006191 
-0.304674 -0.409185 -3.835927 0.170354 0.451802 -0.006620 
-0.304273 -0.418197 -3.922663 0.170617 0.452003 -0.004666 
-0.289316 -0.426233 -4.069837 0.170738 0.451824 -0.002759 
-0.288050 -0.426993 -4.299368 0.170907 0.451947 -0.000385 
-0.286019 -0.435180 -4.526587 0.170541 0.451772 0.001462 
-0.285202 -0.435289 -4.669597 0.170388 0.451691 0.001987 
-0.292251 -0.421735 -4.572750 0.169992 0.451442 0.000154 
-0.293716 -0.412051 -4.383443 0.169888 0.451138 -0.002356 
-0.294778 -0.411481 -4.215444 0.169721 0.451022 -0.004460 
-0.304439 -0.414984 -3.986119 0.169839 0.450957 -0.006947 
-0.305271 -0.414611 -3.831034 0.169833 0.450939 -0.008101 
-0.297557 -0.419073 -3.906031 0.169971 0.450992 -0.006669 
-0.281934 -0.427794 -4.075136 0.170089 0.451003 -0.004139 
-0.280623 -0.429449 -4.275464 0.170410 0.451409 -0.001425 
-0.279558 -0.430541 -4.516231 0.170738 0.451632 0.001257 
-0.279363 -0.430758 -4.673537 0.171067 0.451656 0.003047 
-0.287250 -0.417379 -4.590147 0.171152 0.451513 0.002160 
-0.288916 -0.408026 -4.412077 0.171207 0.451308 -0.000042 
-0.289771 -0.406996 -4.202495 0.170881 0.451089 -0.002429 
-0.298532 -0.402228 -3.971573 0.170736 0.451019 -0.005336 
-0.298815 -0.409348 -3.813339 0.170195 0.450704 -0.007336 
-0.297597 -0.418049 -3.904888 0.169817 0.450705 -0.006984 
-0.288618 -0.422852 -4.071219 0.169637 0.450761 -0.005303 
-0.279846 -0.428114 -4.279133 0.169617 0.450922 -0.003340 
-0.278152 -0.438747 -4.519039 0.169716 0.451421 -0.000876 
-0.284499 -0.427973 -4.686576 0.170119 0.451880 0.000905 
-0.285893 -0.420362 -4.595332 0.170649 0.452168 0.000546 
-0.280869 -0.415823 -4.390833 0.171155 0.452201 -0.000466 
-0.289627 -0.410825 -4.194994 0.171335 0.452139 -0.001799 
-0.284892 -0.404178 -3.957023 0.171533 0.451595 -0.003735 
-0.292465 -0.406728 -3.821244 0.171182 0.451242 -0.005005 
-0.291306 -0.413519 -3.892235 0.170657 0.450763 -0.004626 
-0.281520 -0.417516 -4.086387 0.170002 0.450529 -0.003601 
-0.279680 -0.426529 -4.301836 0.169630 0.450544 -0.002390 
-0.277342 -0.427934 -4.538162 0.169312 0.450753 -0.000981 
-0.290878 -0.429210 -4.682264 0.169303 0.451060 -0.000142 
-0.284724 -0.417870 -4.599535 0.169703 0.451392 -0.001042 
-0.293833 -0.415053 -4.404306 0.170188 0.451906 -0.002388 
-0.296090 -0.406439 -4.199255 0.170719 0.451991 -0.003613 
-0.298651 -0.414485 -3.963449 0.171130 0.452067 -0.004923 
-0.292616 -0.408578 -3.810617 0.171328 0.451719 -0.005325 
-0.284967 -0.411258 -3.895403 0.171319 0.451296 -0.003893 
-0.275401 -0.414699 -4.081377 0.170829 0.450969 -0.002220 
-0.273169 -0.422554 -4.297360 0.170305 0.450695 -0.000681 
-0.277567 -0.426755 -4.522646 0.169642 0.450565 0.000638 
-0.283426 -0.431571 -4.675173 0.169291 0.450626 0.001047 
-0.290827 -0.420199 -4.578935 0.169200 0.450952 -0.000798 
-0.292669 -0.411937 -4.401171 0.169408 0.451036 -0.003006 
-0.287601 -0.409045 -4.205154 0.169902 0.451450 -0.004673 
-0.297806 -0.404926 -3.948633 0.170554 0.451677 -0.006287 
-0.299745 -0.413284 -3.836727 0.170971 0.451767 -0.006738 
-0.285113 -0.413731 -3.892114 0.171301 0.451867 -0.005184 
-0.276818 -0.426737 -4.060882 0.171384 0.451927 -0.002763 
-0.275371 -0.426278 -4.259761 0.171400 0.451758 -0.000357 
-0.273105 -0.435286 -4.507234 0.171029 0.451775 0.001470 
-0.271614 -0.426696 -4.670815 0.170778 0.451601 0.002198 
-0.285541 -0.418181 -4.594722 0.170343 0.451592 0.000558 
-0.286724 -0.400956 -4.425453 0.170293 0.451483 -0.002076 
-0.287579 -0.399925 -4.215871 0.169967 0.451264 -0.004463 
-0.302996 -0.399999 -3.976196 0.169784 0.451430 -0.006830 
-0.296763 -0.403768 -3.820825 0.169752 0.451361 -0.008092 
-0.296114 -0.404088 -3.896109 0.169916 0.451465 -0.006552 
-0.288236 -0.417494 -4.075274 0.170157 0.451625 -0.004143 
-0.286748 -0.418058 -4.275297 0.170326 0.451744 -0.001422 
-0.271990 -0.426947 -4.506476 0.170767 0.451770 0.001371 
-0.286274 -0.434644 -4.662801 0.170874 0.451605 0.002951 
-0.288117 -0.417025 -4.579453 0.171314 0.451421 0.001846 
-0.289783 -0.407673 -4.401384 0.171369 0.451217 -0.000356 
-0.298159 -0.401875 -4.201342 0.171073 0.450862 -0.002961 
-0.299680 -0.400159 -3.969829 0.170750 0.450453 -0.005970 
-0.300379 -0.407679 -3.821992 0.170367 0.450238 -0.007984 
-0.298503 -0.416672 -3.893050 0.169826 0.450326 -0.007612 
-0.296402 -0.426513 -4.080136 0.169607 0.450623 -0.005739 
-0.279846 -0.428114 -4.279133 0.169617 0.450922 -0.003340 
-0.284954 -0.426177 -4.519949 0.169801 0.451475 -0.000551 
-0.284302 -0.427018 -4.668000 0.170125 0.451687 0.001566 
-0.292574 -0.424446 -4.597511 0.170616 0.452215 0.001400 
-0.286676 -0.410876 -4.402347 0.170866 0.452055 0.000283 
-0.296300 -0.405524 -4.195814 0.171208 0.451902 -0.001364 
-0.290889 -0.400057 -3.956767 0.171237 0.451638 -0.003622 
-0.291372 -0.407509 -3.809769 0.170855 0.451423 -0.005314 
-0.290147 -0.406826 -3.899959 0.170383 0.451139 -0.005380 
-0.288387 -0.423049 -4.084133 0.169798 0.450859 -0.004353 
-0.278931 -0.420107 -4.289612 0.169513 0.451016 -0.003131 
-0.276378 -0.421445 -4.526777 0.169196 0.451224 -0.001401 
-0.290162 -0.431414 -4.682331 0.169287 0.451628 -0.000150 
-0.284250 -0.428637 -4.580708 0.169787 0.452051 -0.000610 
-0.292921 -0.416301 -4.385798 0.170179 0.452280 -0.001734 
-0.295619 -0.407327 -4.202076 0.170874 0.452277 -0.002656 
-0.289321 -0.402350 -3.955452 0.170899 0.452198 -0.003944 
-0.297531 -0.404744 -3.821893 0.170871 0.451853 -0.004577 
-0.289655 -0.407851 -3.884510 0.170697 0.451519 -0.003768 
-0.273891 -0.415081 -4.059505 0.170344 0.451049 -0.002517 
-0.278523 -0.418462 -4.264537 0.169685 0.450728 -0.001178 
-0.276225 -0.418844 -4.499719 0.169214 0.450650 -0.000084 
-0.281458 -0.423322 -4.673033 0.168707 0.450613 0.000632 
-0.296218 -0.415605 -4.617736 0.168588 0.450804 -0.001033 
-0.305824 -0.411140 -4.430617 0.168925 0.450844 -0.003021 
-0.308343 -0.410954 -4.224942 0.169396 0.450927 -0.004461 
-0.311033 -0.411730 -3.989226 0.170019 0.451294 -0.005882 
-0.306505 -0.415321 -3.836618 0.170631 0.451239 -0.006513 
-0.299226 -0.419294 -3.902600 0.170933 0.451200 -0.004753 
-0.283819 -0.428083 -4.070866 0.171050 0.451212 -0.002544 
-0.281936 -0.428112 -4.278762 0.170902 0.451135 -0.000467 
-0.287602 -0.432623 -4.515827 0.170719 0.451113 0.001155 
-0.286422 -0.440822 -4.678999 0.170349 0.450933 0.001771 
-0.293624 -0.419240 -4.593174 0.170171 0.450786 0.000142 
-0.294645 -0.410437 -4.455305 0.170064 0.450678 -0.002092 
-0.302950 -0.406293 -4.215129 0.169914 0.450795 -0.004672 
-0.304129 -0.398195 -3.986527 0.169957 0.450962 -0.006835 
-0.304969 -0.407206 -3.832801 0.170046 0.451228 -0.007570 
-0.297431 -0.412759 -3.908104 0.170337 0.451570 -0.006144 
-0.289264 -0.418495 -4.076961 0.170632 0.451921 -0.003833 
-0.281129 -0.423601 -4.287096 0.170934 0.452088 -0.001234 
-0.272583 -0.428437 -4.517179 0.171078 0.452158 0.001352 
-0.278622 -0.433720 -4.662672 0.171045 0.452412 0.002725 
-0.286965 -0.419717 -4.588536 0.171135 0.452082 0.001510 
-0.288631 -0.410365 -4.410467 0.171190 0.451877 -0.000691 
-0.296719 -0.396898 -4.200117 0.170947 0.451714 -0.003395 
-0.298024 -0.395114 -3.969443 0.170625 0.451303 -0.006083 
-0.291831 -0.397860 -3.812927 0.170440 0.450947 -0.007660 
-0.289981 -0.406094 -3.894917 0.169905 0.450847 -0.006973 
-0.281444 -0.410537 -4.082578 0.169889 0.450815 -0.004991 
-0.279615 -0.428311 -4.292048 0.169777 0.451019 -0.002390 
-0.270331 -0.426230 -4.532914 0.169971 0.451473 0.000399 
-0.284939 -0.426861 -4.670221 0.170448 0.451694 0.002203 
-0.279509 -0.422701 -4.588784 0.170958 0.451742 0.001730 
-0.288219 -0.409342 -4.392730 0.171197 0.451683 0.000292 
-0.290343 -0.408621 -4.194927 0.171351 0.451572 -0.001792 
-0.291796 -0.398680 -3.944929 0.171246 0.451260 -0.004250 
-0.284957 -0.401975 -3.828615 0.170898 0.450999 -0.005860 
-0.291078 -0.404690 -3.899053 0.170398 0.450572 -0.005694 
-0.288427 -0.422025 -4.082990 0.169644 0.450572 -0.004667 
-0.285907 -0.422211 -4.288665 0.169173 0.450489 -0.003227 
-0.284175 -0.424091 -4.485933 0.169171 0.450890 -0.001470 
-0.283309 -0.425616 -4.672508 0.169332 0.451199 -0.000028 
-0.291581 -0.423044 -4.602019 0.169823 0.451727 -0.000194 
-0.286739 -0.419724 -4.428171 0.170483 0.452052 -0.001238 
-0.295644 -0.406568 -4.213008 0.170880 0.452088 -0.002341 
-0.297748 -0.405983 -3.996935 0.171193 0.452071 -0.003769 
-0.292378 -0.399391 -3.822172 0.171394 0.451533 -0.004794 
-0.284503 -0.402498 -3.884790 0.171220 0.451199 -0.003985 
-0.282240 -0.410984 -4.059495 0.170689 0.451110 -0.002735 
-0.280224 -0.418906 -4.274639 0.170164 0.450837 -0.001517 
-0.277534 -0.418130 -4.510355 0.169541 0.450470 -0.000096 
-0.282943 -0.423699 -4.683974 0.169186 0.450721 0.000614 
-0.283721 -0.416109 -4.608780 0.169234 0.450908 -0.001037 
-0.293502 -0.412736 -4.421967 0.169724 0.451236 -0.003031 
-0.302411 -0.409587 -4.215501 0.170051 0.451651 -0.004686 
-0.298229 -0.405453 -3.989377 0.170713 0.451781 -0.006326 
-0.292828 -0.409269 -3.817117 0.171163 0.451814 -0.006617 
-0.292226 -0.417949 -3.892616 0.171267 0.451915 -0.004972 
-0.283707 -0.421504 -4.060863 0.171257 0.451690 -0.002648 
-0.282112 -0.429203 -4.279067 0.171055 0.451423 -0.000473 
-0.279167 -0.429383 -4.516765 0.170586 0.451343 0.001584 
-0.277259 -0.420394 -4.669949 0.170177 0.451069 0.002324 
-0.284275 -0.407992 -4.604591 0.169934 0.451111 0.000780 
-0.293068 -0.402593 -4.414947 0.169796 0.450856 -0.001838 
-0.301163 -0.398511 -4.205956 0.169648 0.450976 -0.004123 
-0.302605 -0.398841 -3.976730 0.169632 0.451141 -0.006503 
-0.303901 -0.407228 -3.832258 0.169725 0.451220 -0.007565 
-0.297014 -0.412359 -3.897706 0.170179 0.451469 -0.006131 
-0.296416 -0.421690 -4.076318 0.170445 0.451682 -0.003935 
-0.288496 -0.426863 -4.285614 0.170746 0.451849 -0.001657 
-0.287015 -0.427556 -4.515984 0.170915 0.451972 0.001038 
-0.286881 -0.435870 -4.661429 0.171025 0.451895 0.002303 
-0.287005 -0.418694 -4.587392 0.170981 0.451795 0.001196 
-0.295319 -0.404800 -4.399211 0.170903 0.451542 -0.000885 
-0.303278 -0.398603 -4.188771 0.170449 0.451087 -0.003478 
-0.304390 -0.405872 -3.948219 0.170062 0.450862 -0.006056 
-0.303959 -0.405317 -3.811700 0.169577 0.450740 -0.007539 
-0.295198 -0.409665 -3.904425 0.169235 0.450691 -0.006756 
-0.293096 -0.419506 -4.091511 0.169016 0.450988 -0.004883 
-0.285177 -0.424679 -4.300807 0.169317 0.451156 -0.002604 
-0.290984 -0.430681 -4.531983 0.169606 0.451614 0.000296 
-0.283435 -0.427371 -4.678694 0.169963 0.451778 0.001880 
-0.291531 -0.423709 -4.607899 0.170301 0.452018 0.001720 
-0.294485 -0.413778 -4.422195 0.170842 0.451728 0.000163 
-0.297260 -0.412636 -4.214538 0.171159 0.451525 -0.001914 
-0.298302 -0.402424 -3.984488 0.170896 0.451117 -0.004385 
-0.292976 -0.404817 -3.817279 0.170873 0.450669 -0.006276 
-0.290676 -0.404027 -3.876580 0.170080 0.450373 -0.006311 
-0.289093 -0.421340 -4.061059 0.169647 0.450382 -0.005290 
-0.287037 -0.430286 -4.277347 0.169276 0.450396 -0.003757 
-0.292423 -0.436512 -4.505463 0.169241 0.450848 -0.001814 
-0.290444 -0.438954 -4.662293 0.169233 0.451432 -0.000025 
-0.290930 -0.423465 -4.611874 0.169660 0.451818 -0.000201 
-0.292736 -0.415604 -4.427914 0.170187 0.452095 -0.001124 
-0.301912 -0.420260 -4.213486 0.170619 0.452414 -0.002025 
-0.296922 -0.414569 -3.977498 0.170971 0.452155 -0.003325 
-0.298383 -0.404655 -3.823274 0.171193 0.451860 -0.004262 
-0.282528 -0.403897 -3.896084 0.170890 0.451569 -0.003351 
-0.281420 -0.419698 -4.070404 0.170468 0.451198 -0.002317 
-0.279379 -0.428380 -4.274616 0.169937 0.451113 -0.001413 
-0.277081 -0.428762 -4.509798 0.169466 0.451035 -0.000320 
-0.276029 -0.429691 -4.673061 0.169308 0.451146 0.000185 
-0.283872 -0.417959 -4.598153 0.169381 0.451384 -0.001358 
-0.285721 -0.419082 -4.421747 0.169683 0.451752 -0.003146 
-0.302634 -0.419039 -4.216021 0.170145 0.451935 -0.004587 
-0.305953 -0.410274 -3.981167 0.170996 0.452025 -0.005791 
-0.300188 -0.422180 -3.829070 0.171229 0.451958 -0.005991 
-0.285165 -0.421468 -3.884991 0.171407 0.451769 -0.004110 
-0.283564 -0.429039 -4.072848 0.171205 0.451498 -0.001908 
-0.281720 -0.428045 -4.279600 0.170903 0.451135 -0.000146 
-0.279254 -0.436720 -4.515836 0.170374 0.451053 0.001374 
-0.277979 -0.428198 -4.678579 0.170122 0.450879 0.001780 
-0.278379 -0.419186 -4.591843 0.169858 0.450678 -0.000173 
-0.293345 -0.410757 -4.402248 0.169577 0.450755 -0.002684 
-0.301889 -0.406443 -4.244932 0.169593 0.450791 -0.004693 
-0.304627 -0.405803 -3.965651 0.169903 0.450768 -0.007032 
-0.305620 -0.406785 -3.822946 0.170209 0.451137 -0.007563 
-0.298107 -0.411579 -3.909181 0.170506 0.451289 -0.005822 
-0.282901 -0.420699 -4.088683 0.170782 0.451400 -0.003305 
-0.281676 -0.429691 -4.288083 0.170891 0.451516 -0.000801 
-0.287523 -0.434670 -4.518114 0.171026 0.451688 0.001785 
-0.286227 -0.426283 -4.662586 0.170933 0.451608 0.002847 
-0.287480 -0.417182 -4.577232 0.170991 0.451415 0.001209 
-0.295325 -0.404928 -4.429557 0.170904 0.451546 -0.000911 
-0.304615 -0.407138 -4.219036 0.170711 0.451097 -0.003726 
-0.306097 -0.406445 -3.988667 0.170541 0.450974 -0.006420 
-0.306292 -0.406228 -3.831362 0.170213 0.450950 -0.008211 
-0.304852 -0.414733 -3.893403 0.169836 0.450946 -0.007511 
-0.288553 -0.424634 -4.061431 0.169785 0.451237 -0.005303 
-0.287242 -0.426289 -4.261759 0.170106 0.451643 -0.002589 
-0.292873 -0.431200 -4.492629 0.170242 0.451814 0.000318 
-0.284659 -0.428576 -4.661272 0.170596 0.452169 0.002524 
-0.285883 -0.420003 -4.600069 0.170973 0.452172 0.002145 
-0.287293 -0.411607 -4.423982 0.171183 0.452254 0.000579 
-0.289194 -0.401434 -4.225659 0.171243 0.451858 -0.001602 
-0.290259 -0.400342 -3.984892 0.170915 0.451636 -0.004284 
-0.305361 -0.397733 -3.816231 0.170433 0.451045 -0.006376 
-0.296878 -0.410245 -3.896257 0.169872 0.450894 -0.006440 
-0.288201 -0.422453 -4.060821 0.169479 0.450661 -0.005291 
-0.286145 -0.431399 -4.277109 0.169107 0.450675 -0.003758 
-0.284880 -0.432159 -4.506639 0.169276 0.450799 -0.001385 
-0.283558 -0.434309 -4.683960 0.169432 0.451295 0.000385 
-0.285153 -0.427030 -4.603953 0.170121 0.451682 0.000335 
-0.295179 -0.422342 -4.419894 0.170781 0.451728 -0.000696 
-0.297436 -0.413727 -4.214843 0.171311 0.451813 -0.001920 
-0.299942 -0.404028 -3.977463 0.171687 0.451608 -0.003754 
-0.293486 -0.398346 -3.821572 0.171562 0.451253 -0.005114 
-0.285222 -0.410302 -3.893420 0.171165 0.451010 -0.004529 
-0.275671 -0.413479 -4.067319 0.170515 0.450584 -0.003485 
-0.286739 -0.422258 -4.271776 0.169654 0.450591 -0.002256 
-0.284272 -0.430933 -4.508012 0.169125 0.450509 -0.000736 
-0.290246 -0.428744 -4.672705 0.169145 0.450959 0.000191 
-0.290592 -0.421019 -4.599188 0.169195 0.451144 -0.000818 
-0.299291 -0.417932 -4.423907 0.169523 0.451562 -0.002178 
-0.301307 -0.410009 -4.208763 0.170049 0.451836 -0.003396 
-0.311303 -0.405951 -3.983426 0.170702 0.452066 -0.004715 
-0.305706 -0.409563 -3.830275 0.170993 0.452003 -0.005340 
-0.298859 -0.413672 -3.894579 0.171293 0.451965 -0.004222 
-0.283344 -0.429594 -4.081026 0.171040 0.451591 -0.002557 
-0.281892 -0.429759 -4.287244 0.170890 0.451517 -0.001122 
-0.280029 -0.429652 -4.513410 0.170583 0.451346 0.000300 
-0.285014 -0.425437 -4.675272 0.169975 0.451213 0.000604 
-0.292969 -0.420284 -4.610367 0.169843 0.450972 -0.000835 
-0.301090 -0.415442 -4.412308 0.169700 0.450904 -0.002805 
-0.309781 -0.402971 -4.235668 0.169934 0.451039 -0.004584 
-0.311032 -0.402475 -4.018214 0.169925 0.451014 -0.006328 
-0.304537 -0.407071 -3.834479 0.170047 0.451227 -0.006928 
-0.297234 -0.411804 -3.889528 0.170343 0.451376 -0.005482 
-0.288891 -0.416449 -4.058081 0.170485 0.451439 -0.003165 
-0.287930 -0.433870 -4.256856 0.170535 0.451553 -0.000878 
-0.293945 -0.430555 -4.485834 0.170728 0.451728 0.001282 
-0.285375 -0.426373 -4.661205 0.170611 0.451601 0.002531 
-0.285350 -0.417354 -4.606493 0.170350 0.451403 0.001194 
-0.300509 -0.399873 -4.426775 0.170133 0.451295 -0.001428 
-0.309537 -0.393655 -4.216878 0.169999 0.450848 -0.004027 
-0.311065 -0.401323 -3.986724 0.169771 0.450723 -0.006616 
-0.304631 -0.404760 -3.820116 0.169581 0.450554 -0.008187 
-0.296716 -0.408890 -3.883877 0.169560 0.450508 -0.007063 
-0.287938 -0.414024 -4.061445 0.169539 0.450664 -0.005074 
-0.286890 -0.424108 -4.261149 0.169801 0.451068 -0.002577 
-0.285632 -0.434252 -4.492038 0.170064 0.451475 0.000216 
-0.292267 -0.431147 -4.669883 0.170413 0.451743 0.002095 
-0.293250 -0.423266 -4.598587 0.170785 0.451934 0.001722 
-0.294438 -0.405418 -4.421980 0.170901 0.451732 0.000058 
-0.296385 -0.403606 -4.223873 0.170902 0.451332 -0.002019 
-0.305166 -0.397950 -3.973537 0.170762 0.451069 -0.004586 
-0.305426 -0.395951 -3.826019 0.170286 0.450569 -0.006376 
-0.289809 -0.404380 -3.887274 0.169918 0.450465 -0.005997 
-0.287594 -0.421227 -4.062194 0.169328 0.450372 -0.004642 
-0.285714 -0.431264 -4.278787 0.169109 0.450674 -0.003116 
-0.291494 -0.428769 -4.528017 0.169297 0.451041 -0.000975 
-0.283518 -0.435332 -4.685104 0.169585 0.451582 0.000700 
-0.285281 -0.419760 -4.604043 0.170332 0.451973 0.000224 
-0.288243 -0.419214 -4.419698 0.170967 0.451967 -0.000915 
-0.304457 -0.411231 -4.223611 0.171325 0.452246 -0.002467 
-0.306594 -0.409494 -3.976049 0.171483 0.451937 -0.004184 
-0.294213 -0.415534 -3.831561 0.171601 0.451348 -0.005239 
-0.278157 -0.414444 -3.893134 0.171140 0.450958 -0.004637 
-0.276370 -0.421418 -4.057679 0.170619 0.450489 -0.003373 
-0.280350 -0.425220 -4.272567 0.169798 0.450259 -0.002042 
-0.278060 -0.434987 -4.509108 0.169422 0.450465 -0.000529 
-0.284274 -0.432105 -4.683893 0.169447 0.450727 0.000392 
-0.284821 -0.424713 -4.621614 0.169656 0.451011 -0.000308 
-0.286825 -0.417806 -4.456230 0.170176 0.451481 -0.001893 
-0.296384 -0.414237 -4.239909 0.170666 0.451804 -0.003540 
-0.299074 -0.415013 -4.004193 0.171289 0.452171 -0.004961 
-0.293061 -0.418226 -3.840644 0.171422 0.452008 -0.005574 
-0.285797 -0.421935 -3.894550 0.171564 0.451870 -0.004443 
-0.283948 -0.420812 -4.070956 0.171262 0.451503 -0.002655 
-0.274799 -0.424653 -4.267329 0.170930 0.451275 -0.000994 
-0.279638 -0.428494 -4.513944 0.170431 0.451057 0.000627 
-0.277993 -0.427933 -4.666503 0.169962 0.450780 0.001151 
-0.278408 -0.428434 -4.611472 0.169794 0.450868 -0.000409 
-0.294226 -0.419917 -4.423258 0.169834 0.450952 -0.002605 
-0.296302 -0.410835 -4.225241 0.170047 0.450843 -0.004793 
-0.298380 -0.411008 -3.998236 0.170353 0.451015 -0.006536 
-0.298910 -0.403230 -3.844918 0.170560 0.451287 -0.007158 
-0.291631 -0.407204 -3.910900 0.170862 0.451247 -0.005398 
-0.276056 -0.424285 -4.080220 0.170921 0.451255 -0.002764 
-0.275025 -0.424225 -4.289497 0.171095 0.451186 -0.000371 
-0.280019 -0.429293 -4.518147 0.170908 0.451350 0.001900 
-0.271946 -0.432719 -4.672641 0.170736 0.451029 0.002952 
-0.272285 -0.415610 -4.597766 0.170691 0.450930 0.001523 
-0.288359 -0.406136 -4.407569 0.170577 0.450727 -0.001308 
-0.296050 -0.401912 -4.248872 0.170272 0.450756 -0.003632 
-0.305021 -0.397082 -3.986766 0.170126 0.450682 -0.006834 
-0.312745 -0.401483 -3.840359 0.169921 0.450806 -0.008425 
-0.297290 -0.411268 -3.913994 0.169865 0.451088 -0.007423 
-0.288769 -0.424701 -4.060592 0.169784 0.451238 -0.005624 
-0.287457 -0.426357 -4.260920 0.170105 0.451644 -0.002910 
-0.279347 -0.430704 -4.481987 0.170413 0.451622 0.000004 
-0.277835 -0.432027 -4.671078 0.170576 0.451929 0.002410 
-0.286148 -0.418553 -4.621094 0.170985 0.451796 0.002454 
-0.288034 -0.408644 -4.434847 0.171204 0.451498 0.000901 
-0.289742 -0.407524 -4.226646 0.171200 0.451286 -0.001170 
-0.305392 -0.397523 -3.995706 0.170927 0.450980 -0.003963 
-0.299166 -0.391643 -3.826900 0.170642 0.450528 -0.006273 
-0.290266 -0.403756 -3.896528 0.169922 0.450277 -0.006324 
-0.281301 -0.408294 -4.050784 0.169583 0.450236 -0.005273 
-0.286749 -0.422617 -4.267039 0.169329 0.450587 -0.003855 
-0.292792 -0.428550 -4.515646 0.169458 0.450952 -0.001931 
-0.285252 -0.434625 -4.663716 0.169910 0.451399 0.000072 
-0.286173 -0.418647 -4.604281 0.170501 0.451693 0.000225 
-0.288221 -0.410094 -4.430415 0.171032 0.451782 -0.000705 
-0.289457 -0.409863 -4.225035 0.171183 0.451856 -0.001819 
-0.298899 -0.403291 -3.987852 0.171372 0.451411 -0.003434 
-0.298750 -0.410277 -3.831295 0.170832 0.451095 -0.004793 
-0.289846 -0.412382 -3.892226 0.170184 0.450466 -0.004293 
-0.280471 -0.416650 -4.066430 0.169686 0.450328 -0.003255 
-0.278671 -0.424640 -4.280735 0.169161 0.450056 -0.002358 
-0.276333 -0.426045 -4.517061 0.168843 0.450265 -0.000950 
-0.289875 -0.427450 -4.691509 0.168834 0.450576 -0.000137 
-0.291074 -0.419636 -4.619374 0.169206 0.450768 -0.000830 
-0.293513 -0.412241 -4.444974 0.169890 0.451146 -0.002087 
-0.302857 -0.408604 -4.229492 0.170380 0.451468 -0.003413 
-0.299158 -0.412343 -3.994567 0.171147 0.451503 -0.004621 
-0.301278 -0.411391 -3.831847 0.171627 0.451399 -0.005131 
-0.293603 -0.414830 -3.905701 0.171611 0.451165 -0.004013 
-0.277537 -0.414655 -4.082463 0.171471 0.450985 -0.002231 
-0.275568 -0.430939 -4.297823 0.170887 0.450709 -0.000908 
-0.287662 -0.431464 -4.532953 0.170407 0.450731 0.000185 
-0.285806 -0.440843 -4.695049 0.169868 0.450832 0.000479 
-0.285340 -0.432185 -4.619007 0.169442 0.450722 -0.001160 
-0.293548 -0.411841 -4.451169 0.169571 0.450953 -0.003372 
-0.302040 -0.408293 -4.234305 0.169740 0.451267 -0.005014 
-0.303902 -0.408400 -4.008139 0.170047 0.451438 -0.006436 
-0.305155 -0.407802 -3.856113 0.170364 0.451426 -0.006632 
-0.290381 -0.415783 -3.923486 0.170643 0.451334 -0.004338 
-0.274758 -0.424504 -4.092591 0.170761 0.451345 -0.001808 
-0.274199 -0.432811 -4.270060 0.170873 0.451270 0.000074 
-0.280301 -0.436834 -4.498109 0.170854 0.451155 0.002024 
-0.286843 -0.440598 -4.682059 0.170673 0.450939 0.002729 
-0.279706 -0.427362 -4.626845 0.170445 0.450692 0.001179 
-0.295498 -0.410348 -4.456687 0.170385 0.450685 -0.001777 
-0.303849 -0.405309 -4.245713 0.170083 0.450519 -0.004697 
-0.306269 -0.411864 -4.015797 0.170023 0.450114 -0.007286 
-0.307727 -0.411829 -3.839925 0.170173 0.450193 -0.008747 
-0.299571 -0.416650 -3.893593 0.170147 0.450334 -0.007617 
-0.291013 -0.421229 -4.062984 0.170290 0.450397 -0.004979 
-0.274535 -0.430560 -4.303475 0.170247 0.450508 -0.002188 
0.236861 -0.590045 -7.835866 0.163188 0.436244 0.000336 
0.576938 -0.413326 -12.688092 0.152842 0.413455 -0.000436 
0.664821 0.089852 -15.392290 0.138100 0.396853 -0.005020 
0.905717 0.431068 -17.268895 0.114068 0.378500 -0.010208 
1.610111 0.653891 -18.702880 0.087523 0.356399 -0.016943 
2.153447 0.786166 -19.606135 0.064077 0.336475 -0.019465 
2.282020 0.963049 -19.996291 0.043892 0.318262 -0.022115 
2.006967 1.172708 -20.155463 0.026256 0.305340 -0.029241 
1.707048 1.128913 -19.943808 0.012431 0.291193 -0.037701 
1.554331 0.851256 -19.559574 0.005396 0.275324 -0.047488 
1.464415 0.675062 -19.070274 0.006817 0.264797 -0.056799 
1.315812 0.588829 -18.667373 0.017520 0.260117 -0.058736 
1.126808 0.625258 -18.172541 0.032756 0.256073 -0.052040 
0.891086 0.691823 -17.492649 0.052517 0.245195 -0.037120 
0.643194 0.523352 -16.967446 0.074806 0.234723 -0.015610 
0.605665 0.269844 -16.331909 0.098056 0.229131 0.004913 
0.447650 -0.050799 -15.701771 0.119148 0.230271 0.020755 
0.527612 -0.209736 -15.239764 0.138623 0.240151 0.031609 
0.494891 -0.280856 -14.850409 0.154786 0.257539 0.033510 
0.519767 -0.283624 -14.471995 0.163097 0.283516 0.028799 
0.464606 -0.486458 -14.069480 0.163996 0.319034 0.022747 
0.426468 -0.697202 -13.418242 0.162097 0.360987 0.016013 
0.310913 -1.006692 -12.460402 0.159441 0.406263 0.008513 
0.343706 -1.172137 -11.389463 0.154661 0.454943 0.001691 
0.392306 -1.315269 -10.369435 0.150858 0.499043 -0.001483 
0.368338 -1.267375 -9.332282 0.151095 0.539068 0.002396 
0.405754 -1.295579 -8.648091 0.157928 0.574877 0.012857 
0.425000 -1.351555 -8.123059 0.167953 0.597549 0.028633 
0.503562 -1.562789 -7.936590 0.179032 0.612990 0.041438 
0.704175 -1.624461 -7.867107 0.193656 0.619138 0.046961 
0.696051 -1.600484 -7.945962 0.212793 0.617714 0.045131 
0.623816 -1.487604 -7.974839 0.231872 0.612741 0.036348 
0.417155 -1.442928 -7.914145 0.252479 0.603968 0.019706 
0.191915 -1.517890 -7.769152 0.269983 0.589132 0.000200 
0.094820 -1.585072 -7.605529 0.282956 0.571573 -0.019515 
0.050518 -1.673344 -7.326679 0.290342 0.551703 -0.036889 
-0.033796 -1.700049 -7.057148 0.291070 0.530227 -0.049836 
-0.105770 -1.669841 -6.873525 0.288835 0.510528 -0.055088 
-0.136541 -1.649191 -6.730693 0.283346 0.492469 -0.050487 
-0.147808 -1.635016 -6.648921 0.273969 0.476198 -0.039470 
-0.153838 -1.559116 -6.578055 0.259723 0.464602 -0.025092 
-0.257686 -1.475015 -6.440855 0.242740 0.454542 -0.010947 
-0.445889 -1.388559 -6.108736 0.224744 0.448280 -0.004915 
-0.507883 -1.362164 -5.723426 0.207033 0.445672 -0.008350 
-0.476732 -1.405158 -5.297069 0.192419 0.444089 -0.018275 
-0.395217 -1.408394 -4.919050 0.182453 0.443803 -0.032280 
-0.335785 -1.306513 -4.705785 0.177560 0.446906 -0.044779 
-0.386019 -1.186243 -4.791427 0.179823 0.451621 -0.048425 
-0.470730 -1.063251 -5.123896 0.188849 0.459509 -0.043732 
-0.475408 -1.044386 -5.552149 0.200732 0.468355 -0.031824 
-0.499739 -1.049422 -5.921257 0.213080 0.472931 -0.015436 
-0.467304 -1.025130 -6.166492 0.225501 0.476242 0.000114 
-0.446254 -0.961641 -6.169417 0.234801 0.481227 0.010341 
-0.387057 -0.866069 -6.067110 0.240321 0.486019 0.013865 
-0.316582 -0.761026 -5.819054 0.241084 0.490123 0.011378 
-0.286675 -0.732039 -5.503205 0.234532 0.494062 0.003242 
-0.201408 -0.750622 -5.134218 0.220120 0.495558 -0.008371 
-0.213142 -0.801142 -4.893509 0.201578 0.495821 -0.018418 
-0.024079 -0.731251 -4.704246 0.183683 0.495702 -0.024721 
-0.024153 -0.629139 -4.709986 0.171216 0.500314 -0.025941 
0.100054 -0.482376 -4.756727 0.165088 0.505349 -0.019672 
0.035095 -0.420665 -4.903487 0.161473 0.510746 -0.007766 
-0.054426 -0.362037 -4.788767 0.157971 0.514080 0.005028 
-0.138853 -0.339473 -4.590638 0.155182 0.513717 0.016622 
-0.268035 -0.295406 -4.422309 0.155572 0.512048 0.022165 
-0.249005 -0.273068 -4.161874 0.158305 0.505390 0.022001 
-0.222629 -0.266828 -3.929425 0.160289 0.493887 0.017798 
-0.178628 -0.251963 -3.964634 0.160271 0.479715 0.012786 
-0.240309 -0.143728 -4.146675 0.161181 0.461376 0.009657 
-0.312548 -0.050462 -4.378213 0.162143 0.444935 0.009782 
-0.372389 0.051652 -4.651335 0.160769 0.425070 0.012093 
-0.422634 0.086524 -4.829712 0.156670 0.407388 0.014579 
-0.425849 0.124141 -4.718060 0.152438 0.393251 0.014486 
-0.435482 0.236814 -4.407611 0.147912 0.383655 0.012080 
-0.419780 0.359549 -4.061675 0.140731 0.381046 0.009025 
-0.400100 0.484551 -3.647594 0.130187 0.382322 0.009038 
-0.413876 0.591775 -3.212533 0.118371 0.386410 0.013339 
-0.405504 0.627851 -3.073837 0.105760 0.393613 0.022587 
-0.402955 0.576544 -3.111981 0.092861 0.402759 0.033453 
-0.422280 0.510783 -3.219743 0.081458 0.411295 0.042845 
-0.406806 0.510470 -3.355437 0.073754 0.416752 0.049109 
-0.408153 0.516106 -3.498693 0.071388 0.419556 0.051030 
-0.408233 0.523344 -3.452320 0.074971 0.419741 0.046406 
-0.425900 0.462313 -3.373559 0.084008 0.419155 0.037312 
-0.462783 0.376838 -3.325784 0.097846 0.418412 0.025217 
-0.510435 0.227791 -3.270570 0.116051 0.417911 0.011104 
-0.563377 0.066806 -3.277672 0.135940 0.418312 -0.003638 
-0.577174 -0.101583 -3.473205 0.155648 0.419326 -0.016085 
-0.548649 -0.205604 -3.735041 0.173106 0.420945 -0.024891 
-0.509125 -0.277493 -3.984839 0.186457 0.422027 -0.027708 
-0.472742 -0.357254 -4.222395 0.193485 0.423225 -0.023241 
-0.470702 -0.476364 -4.369760 0.193784 0.424060 -0.013888 
-0.498092 -0.632180 -4.257144 0.189133 0.423799 -0.003703 
-0.535437 -0.740629 -4.019705 0.180785 0.423122 0.003988 
-0.502132 -0.803141 -3.723225 0.170063 0.421852 0.006211 
-0.431412 -0.818131 -3.296479 0.159530 0.418682 0.001292 
-0.325560 -0.824936 -2.968270 0.151005 0.417186 -0.010086 
-0.268387 -0.859581 -2.890395 0.148855 0.418642 -0.023209 
-0.274357 -0.908550 -3.041877 0.153491 0.422015 -0.034617 
-0.334670 -0.991358 -3.332034 0.162686 0.428082 -0.042716 
-0.389530 -1.036861 -3.710877 0.174081 0.434537 -0.045445 
-0.410307 -1.105494 -4.060998 0.186138 0.439505 -0.044079 
-0.428790 -1.104181 -4.179231 0.198195 0.443978 -0.042052 
-0.361198 -1.071710 -4.166273 0.208747 0.447748 -0.038802 
-0.328129 -0.986147 -4.029969 0.216435 0.448896 -0.033956 
-0.323352 -0.908027 -3.825050 0.217140 0.448787 -0.027325 
-0.316301 -0.831451 -3.724902 0.213018 0.448861 -0.020070 
-0.336270 -0.730000 -3.843204 0.202963 0.448019 -0.006564 
-0.295004 -0.670172 -3.982026 0.190080 0.444431 0.005048 
-0.250180 -0.656287 -4.130302 0.173016 0.442502 0.011209 
-0.159508 -0.584879 -4.213393 0.157181 0.441500 0.010984 
-0.136686 -0.494386 -4.237311 0.148667 0.442411 0.006508 
-0.105322 -0.373503 -4.027022 0.144537 0.445347 -0.001383 
-0.128707 -0.319535 -3.813256 0.141671 0.449695 -0.007724 
-0.170522 -0.362398 -3.541965 0.139559 0.453463 -0.009556 
-0.231654 -0.453339 -3.317276 0.140800 0.455931 -0.007409 
-0.284939 -0.541233 -3.252910 0.146415 0.458662 -0.005038 
-0.299744 -0.608924 -3.391870 0.154778 0.459058 -0.004135 
-0.281427 -0.651263 -3.551821 0.162377 0.455786 -0.006083 
-0.253322 -0.622458 -3.806538 0.169523 0.452294 -0.010111 
-0.225169 -0.522680 -4.118091 0.177493 0.447889 -0.012122 
-0.238142 -0.488269 -4.418503 0.184019 0.441263 -0.009598 
-0.290392 -0.499462 -4.540086 0.185047 0.435817 -0.006012 
-0.320966 -0.522578 -4.545226 0.182460 0.432296 -0.002086 
-0.366298 -0.503856 -4.407068 0.180312 0.428972 0.001115 
-0.358988 -0.464129 -4.157818 0.177852 0.427464 0.000647 
-0.303507 -0.407252 -3.918193 0.172644 0.428678 -0.002279 
-0.277604 -0.349185 -3.815138 0.166309 0.430791 -0.002633 
-0.250421 -0.267278 -3.836703 0.160954 0.433411 0.001399 
-0.256295 -0.221189 -3.976911 0.155494 0.437895 0.008086 
-0.230477 -0.229008 -4.197062 0.148232 0.440900 0.015474 
-0.268948 -0.301342 -4.367498 0.141118 0.443356 0.019240 
-0.220175 -0.315293 -4.283275 0.137505 0.445471 0.016332 
-0.255611 -0.299506 -4.123199 0.138868 0.447794 0.008388 
-0.211417 -0.233660 -3.933680 0.142718 0.449865 -0.000835 
-0.245390 -0.210461 -3.792336 0.148314 0.452574 -0.008323 
-0.281888 -0.187192 -3.779801 0.155847 0.455524 -0.010485 
-0.298943 -0.250085 -3.998272 0.164246 0.458059 -0.006456 
-0.312659 -0.320604 -4.322876 0.171957 0.460394 -0.000150 
-0.267601 -0.408346 -4.632742 0.178936 0.462495 0.004779 
-0.241616 -0.408197 -4.896346 0.185716 0.464662 0.007857 
-0.176887 -0.385614 -5.063633 0.191546 0.466263 0.009652 
-0.166488 -0.330368 -4.964974 0.193703 0.467255 0.009286 
-0.170939 -0.351802 -4.768135 0.190967 0.468584 0.009364 
-0.211233 -0.369237 -4.537156 0.185665 0.469011 0.009845 
-0.242257 -0.426735 -4.287243 0.178959 0.469823 0.007769 
-0.234620 -0.468079 -4.076072 0.171264 0.471418 0.001703 
-0.243229 -0.494751 -4.063099 0.163994 0.473349 -0.006358 
-0.208699 -0.468002 -4.126200 0.159700 0.475399 -0.014402 
-0.223364 -0.452501 -4.211182 0.157231 0.476463 -0.019053 
-0.225709 -0.440593 -4.362489 0.156035 0.476505 -0.018516 
-0.259507 -0.447160 -4.581168 0.155984 0.475251 -0.012255 
-0.285658 -0.453951 -4.575908 0.159302 0.471149 -0.004536 
-0.301693 -0.483583 -4.506639 0.163106 0.466381 0.001620 
-0.299908 -0.517361 -4.345289 0.168656 0.458318 0.006469 
-0.296571 -0.531934 -4.211638 0.173537 0.451490 0.006795 
-0.292931 -0.504754 -4.073632 0.179999 0.443526 0.004558 
-0.306494 -0.482146 -4.197157 0.185786 0.437628 0.001869 
-0.318982 -0.486649 -4.407611 0.189297 0.433152 -0.001101 
-0.331051 -0.559946 -4.643701 0.190235 0.430077 -0.004421 
-0.298446 -0.632330 -4.865025 0.189594 0.429742 -0.008703 
-0.270372 -0.711804 -5.003814 0.189054 0.432388 -0.013810 
-0.253824 -0.709485 -4.897457 0.189389 0.437983 -0.020221 
-0.253140 -0.662077 -4.656291 0.190024 0.446374 -0.024175 
-0.272085 -0.575747 -4.405078 0.189635 0.455881 -0.023489 
-0.281986 -0.535836 -4.141937 0.186676 0.464544 -0.017940 
-0.303901 -0.516344 -3.951151 0.180999 0.473101 -0.010060 
-0.295795 -0.520911 -4.045149 0.174704 0.480999 -0.001452 
-0.272964 -0.511408 -4.185015 0.169163 0.486126 0.004997 
-0.240218 -0.501246 -4.343473 0.163153 0.488595 0.007393 
-0.177772 -0.452149 -4.525876 0.157918 0.488290 0.007016 
-0.163840 -0.413851 -4.670162 0.155151 0.485640 0.006122 
-0.159253 -0.356349 -4.616350 0.156042 0.479409 0.004855 
-0.186876 -0.357166 -4.488063 0.159235 0.472322 0.004569 
-0.221413 -0.387805 -4.334016 0.163981 0.464410 0.005029 
-0.264987 -0.426501 -4.170774 0.171076 0.456463 0.004280 
-0.283502 -0.459484 -4.046504 0.179351 0.449016 0.002081 
-0.280558 -0.495295 -4.119442 0.185539 0.441918 -0.000904 
-0.278772 -0.524975 -4.246893 0.188716 0.437414 -0.004453 
-0.289233 -0.538555 -4.401667 0.189749 0.434151 -0.007785 
-0.289924 -0.556426 -4.556129 0.188507 0.431964 -0.009811 
-0.312423 -0.594704 -4.695339 0.183570 0.431826 -0.011477 
-0.317033 -0.606632 -4.595136 0.175922 0.432491 -0.013754 
-0.341920 -0.560299 -4.398784 0.169310 0.434654 -0.014670 
-0.332198 -0.494548 -4.158877 0.163977 0.437252 -0.013745 
-0.335569 -0.428407 -3.893606 0.158639 0.439942 -0.010867 
-0.333284 -0.369482 -3.744390 0.154223 0.443374 -0.006935 
-0.312831 -0.309187 -3.808766 0.151768 0.447482 -0.000221 
-0.333454 -0.275956 -4.012583 0.152963 0.452276 0.006946 
-0.325871 -0.304975 -4.254166 0.155346 0.456656 0.012110 
-0.301183 -0.356497 -4.520131 0.158384 0.461193 0.014444 
-0.271781 -0.409934 -4.719797 0.163016 0.463962 0.013720 
-0.258764 -0.434964 -4.677711 0.169111 0.464906 0.008924 
-0.240508 -0.450590 -4.518124 0.174949 0.464459 0.002108 
-0.241779 -0.465775 -4.315641 0.179652 0.462897 -0.004748 
-0.257636 -0.461420 -4.106948 0.184646 0.460779 -0.010195 
-0.274823 -0.485013 -3.981759 0.187840 0.458289 -0.013548 
-0.295897 -0.511000 -4.062358 0.188615 0.456333 -0.014152 
-0.305277 -0.532654 -4.242475 0.186539 0.455264 -0.013627 
-0.302361 -0.528587 -4.432559 0.183686 0.455078 -0.012670 
-0.301648 -0.505390 -4.612218 0.179840 0.455391 -0.011151 
-0.273492 -0.481872 -4.699189 0.174722 0.456645 -0.009439 
-0.257766 -0.457709 -4.571762 0.168946 0.457956 -0.007855 
-0.244712 -0.395335 -4.319365 0.164398 0.458334 -0.004333 
-0.248178 -0.345663 -4.063238 0.160394 0.457872 0.001333 
-0.260858 -0.327862 -3.828525 0.156164 0.455933 0.007631 
-0.271641 -0.317461 -3.653107 0.152690 0.452552 0.012916 
-0.298308 -0.317159 -3.710010 0.151077 0.448353 0.016694 
-0.312328 -0.322109 -3.912439 0.151370 0.444079 0.016671 
-0.326929 -0.324360 -4.127270 0.153288 0.439997 0.012538 
-0.338255 -0.343433 -4.377520 0.156053 0.436842 0.005771 
-0.345757 -0.371732 -4.586835 0.160039 0.434990 -0.002071 
-0.365070 -0.398668 -4.564093 0.165621 0.434146 -0.010607 
-0.381650 -0.441788 -4.403558 0.170603 0.433355 -0.017201 
-0.382728 -0.500373 -4.197320 0.173875 0.433403 -0.020852 
-0.363791 -0.516409 -3.948201 0.176654 0.433424 -0.021118 
-0.346827 -0.513411 -3.766999 0.178926 0.434056 -0.018324 
-0.315756 -0.491570 -3.777123 0.180386 0.435204 -0.011606 
-0.309612 -0.487612 -3.969920 0.179142 0.437691 -0.003093 
-0.300413 -0.459531 -4.230916 0.175661 0.441416 0.005819 
-0.309559 -0.439657 -4.450224 0.172269 0.444965 0.010370 
-0.294656 -0.422350 -4.649412 0.168066 0.449959 0.011500 
-0.288370 -0.419294 -4.617954 0.162940 0.455248 0.006398 
-0.287667 -0.391656 -4.419490 0.159259 0.460752 -0.001470 
-0.272816 -0.355749 -4.165830 0.157733 0.465297 -0.008559 
-0.261666 -0.329484 -3.902468 0.157264 0.468246 -0.012210 
-0.253179 -0.322031 -3.713920 0.157793 0.469792 -0.011107 
-0.262375 -0.338748 -3.774714 0.159283 0.469109 -0.004318 
-0.269360 -0.368582 -3.964574 0.161817 0.466421 0.004721 
-0.287498 -0.398048 -4.190751 0.164671 0.462474 0.012024 
-0.293912 -0.416254 -4.426275 0.167289 0.457486 0.015372 
-0.278994 -0.422889 -4.597468 0.169193 0.452430 0.013964 
-0.268366 -0.409949 -4.570684 0.171059 0.446513 0.006740 
-0.268418 -0.418596 -4.395038 0.171633 0.441878 -0.002398 
-0.278709 -0.439731 -4.209043 0.171308 0.438359 -0.011103 
-0.299290 -0.457501 -3.999043 0.170838 0.436350 -0.017333 
-0.315749 -0.462539 -3.841233 0.170624 0.435576 -0.019332 
-0.333278 -0.460348 -3.910072 0.170312 0.436289 -0.016069 
-0.331228 -0.459018 -4.058793 0.169368 0.437265 -0.009008 
-0.325859 -0.450945 -4.230966 0.167991 0.438704 -0.000462 
-0.312541 -0.434672 -4.435122 0.167000 0.441244 0.008362 
-0.308359 -0.416848 -4.603119 0.166332 0.444413 0.014741 
-0.306891 -0.414231 -4.554108 0.165061 0.447075 0.016059 
-0.329154 -0.410870 -4.379611 0.163612 0.450545 0.012119 
-0.326587 -0.405407 -4.185230 0.162351 0.453162 0.004341 
-0.323336 -0.408521 -3.936945 0.162153 0.454709 -0.005327 
-0.290753 -0.418742 -3.751043 0.161765 0.455771 -0.014295 
-0.266031 -0.430665 -3.810479 0.162178 0.456261 -0.019081 
-0.250060 -0.418314 -3.998503 0.164213 0.456185 -0.018302 
-0.249210 -0.421587 -4.251954 0.167260 0.456134 -0.012560 
-0.254189 -0.428179 -4.533946 0.170443 0.456037 -0.003737 
-0.280419 -0.439567 -4.745603 0.173577 0.456268 0.005358 
-0.271242 -0.430772 -4.733163 0.176377 0.456508 0.010366 
-0.277610 -0.438894 -4.560441 0.178719 0.456820 0.012509 
-0.260315 -0.435286 -4.341411 0.179546 0.456953 0.009573 
-0.252727 -0.442370 -4.090712 0.178360 0.457517 0.003576 
-0.244778 -0.438410 -3.910813 0.176934 0.457329 -0.002250 
-0.245609 -0.461310 -3.931960 0.173718 0.457407 -0.007591 
-0.245542 -0.465728 -4.073671 0.170961 0.457128 -0.009706 
-0.273160 -0.494343 -4.280505 0.167861 0.456759 -0.009950 
-0.309044 -0.491015 -4.493871 0.165626 0.455893 -0.008155 
-0.328046 -0.497628 -4.662383 0.164776 0.454426 -0.005054 
-0.336015 -0.494311 -4.594949 0.164632 0.452660 -0.003472 
-0.340529 -0.494690 -4.405796 0.165423 0.450852 -0.002551 
-0.341619 -0.488880 -4.165189 0.167060 0.448537 -0.002449 
-0.329690 -0.500318 -3.932107 0.168744 0.446218 -0.003434 
-0.317265 -0.504900 -3.757585 0.170319 0.444191 -0.005219 
-0.303987 -0.511265 -3.830331 0.172055 0.442482 -0.005612 
-0.312327 -0.516258 -4.026144 0.174115 0.441516 -0.005694 
-0.325569 -0.518434 -4.282993 0.175714 0.440882 -0.005394 
-0.334074 -0.521714 -4.570838 0.176184 0.440505 -0.004142 
-0.346075 -0.514773 -4.776551 0.175915 0.440814 -0.002812 
-0.350604 -0.496426 -4.755440 0.175557 0.441519 -0.002896 
-0.338963 -0.488374 -4.559382 0.174645 0.442750 -0.003691 
-0.310021 -0.483816 -4.310147 0.173071 0.444804 -0.005086 
-0.289298 -0.478725 -4.041326 0.172137 0.447871 -0.006700 
-0.275720 -0.463637 -3.816446 0.171754 0.451669 -0.007397 
-0.260254 -0.458980 -3.850580 0.171312 0.455873 -0.005965 
-0.279895 -0.467433 -4.010068 0.170765 0.460337 -0.003037 
-0.284997 -0.464766 -4.239566 0.169987 0.463948 -0.000258 
-0.299954 -0.471205 -4.488766 0.169462 0.466670 0.002185 
-0.315532 -0.462525 -4.691526 0.168238 0.467576 0.002990 
-0.307435 -0.456512 -4.653111 0.167318 0.466936 0.000580 
-0.302520 -0.443847 -4.470648 0.166598 0.464675 -0.002654 
-0.287860 -0.425550 -4.239971 0.166886 0.461005 -0.005523 
-0.273251 -0.414991 -4.002170 0.167281 0.457238 -0.007317 
-0.268052 -0.423445 -3.841603 0.168345 0.453066 -0.007152 
-0.262946 -0.426721 -3.923580 0.170422 0.449703 -0.004108 
-0.279963 -0.445619 -4.109107 0.172864 0.447173 -0.000528 
-0.302223 -0.464376 -4.333272 0.174984 0.445640 0.002476 
-0.315147 -0.482250 -4.572815 0.176471 0.444805 0.003967 
-0.324659 -0.476992 -4.734866 0.176994 0.444419 0.003614 
-0.324667 -0.477453 -4.664700 0.176343 0.444401 0.000467 
-0.321429 -0.468575 -4.447155 0.174466 0.444149 -0.003923 
-0.328970 -0.468890 -4.218891 0.171553 0.444158 -0.007866 
-0.326759 -0.456543 -3.941885 0.168250 0.444194 -0.010792 
-0.324772 -0.453546 -3.730828 0.165367 0.444527 -0.012072 
-0.321444 -0.443477 -3.773238 0.163031 0.445184 -0.009825 
-0.319063 -0.417844 -3.943025 0.161615 0.446163 -0.005982 
-0.312144 -0.407244 -4.156859 0.161222 0.447783 -0.001562 
-0.323284 -0.396227 -4.411870 0.161789 0.449344 0.002488 
-0.309112 -0.402771 -4.603919 0.163046 0.450997 0.005178 
-0.299228 -0.408023 -4.575101 0.164780 0.452358 0.004515 
-0.286120 -0.416774 -4.411649 0.167288 0.453578 0.002240 
-0.267894 -0.419021 -4.216987 0.170165 0.454187 -0.000542 
-0.268474 -0.423552 -4.052265 0.172052 0.454356 -0.002792 
-0.264771 -0.431633 -3.848141 0.174718 0.454394 -0.005128 
-0.269588 -0.438157 -3.924067 0.176121 0.453961 -0.004140 
-0.270649 -0.462540 -4.111763 0.176442 0.453701 -0.002382 
-0.283248 -0.480057 -4.327376 0.176001 0.453813 -0.001066 
-0.286797 -0.494355 -4.559977 0.174946 0.454055 -0.000613 
-0.275206 -0.501567 -4.707638 0.173623 0.454560 -0.001479 
-0.262960 -0.484537 -4.617309 0.172136 0.455418 -0.004064 
-0.265538 -0.466512 -4.414799 0.170642 0.456173 -0.006872 
-0.259074 -0.453277 -4.185612 0.168958 0.457148 -0.008158 
-0.275009 -0.432659 -3.941078 0.167634 0.457521 -0.007710 
-0.297994 -0.421647 -3.772172 0.166244 0.457187 -0.005391 
-0.299234 -0.421618 -3.831871 0.164963 0.456255 -0.001015 
-0.309172 -0.414646 -4.013411 0.163893 0.454543 0.003372 
-0.307803 -0.415093 -4.191805 0.163260 0.452459 0.006255 
-0.301329 -0.410045 -4.437365 0.162832 0.449869 0.007584 
-0.305935 -0.425417 -4.628472 0.162894 0.447147 0.007124 
-0.308699 -0.427917 -4.599682 0.164000 0.444383 0.003302 
-0.306833 -0.437565 -4.447324 0.165854 0.442425 -0.001832 
-0.320813 -0.457619 -4.235591 0.168265 0.441140 -0.006827 
-0.327669 -0.460136 -4.037594 0.171447 0.440774 -0.010992 
-0.331671 -0.473925 -3.844674 0.174390 0.441248 -0.013134 
-0.344240 -0.490813 -3.912534 0.176517 0.442492 -0.011958 
-0.350886 -0.492763 -4.064912 0.177633 0.444192 -0.008801 
-0.338471 -0.503900 -4.266823 0.177411 0.445952 -0.005242 
-0.335655 -0.508418 -4.476456 0.175944 0.448163 -0.001780 
-0.316244 -0.495587 -4.660473 0.173643 0.450066 0.000225 
-0.304287 -0.478700 -4.602932 0.170870 0.452079 -0.000666 
-0.293584 -0.461969 -4.431049 0.168250 0.454179 -0.002749 
-0.284741 -0.427252 -4.229172 0.166237 0.456008 -0.005019 
-0.299604 -0.404326 -4.009632 0.164769 0.457808 -0.006643 
-0.296128 -0.400735 -3.826693 0.164303 0.459193 -0.006601 
-0.293412 -0.394987 -3.883855 0.164348 0.459955 -0.004191 
-0.293670 -0.403605 -4.056510 0.165101 0.460080 -0.000709 
-0.281326 -0.409983 -4.260040 0.166201 0.459550 0.002749 
-0.272341 -0.431859 -4.482755 0.167833 0.458656 0.005430 
-0.258291 -0.445941 -4.661040 0.169522 0.456764 0.006661 
-0.252312 -0.456700 -4.619403 0.171056 0.455182 0.005293 
-0.263858 -0.463220 -4.449486 0.172603 0.452554 0.001475 
-0.288485 -0.480475 -4.247233 0.173743 0.450580 -0.002857 
-0.310641 -0.481745 -4.033371 0.174353 0.448785 -0.007380 
-0.322936 -0.488014 -3.870414 0.174293 0.447116 -0.011405 
-0.330219 -0.488396 -3.927032 0.173647 0.446024 -0.012503 
-0.318982 -0.490864 -4.078753 0.172359 0.445391 -0.011750 
-0.305325 -0.494860 -4.255522 0.170902 0.445225 -0.009091 
-0.295366 -0.479609 -4.455814 0.169098 0.445578 -0.004944 
-0.292660 -0.460291 -4.606936 0.167476 0.446073 -0.000328 
-0.290924 -0.442191 -4.531654 0.165993 0.447018 0.002864 
-0.298382 -0.419878 -4.361969 0.164851 0.448015 0.004633 
-0.293546 -0.398632 -4.159482 0.164188 0.449205 0.005132 
-0.306452 -0.393521 -3.953122 0.163883 0.450223 0.003910 
-0.313604 -0.392590 -3.794797 0.163715 0.451107 0.001572 
-0.308485 -0.407245 -3.861088 0.163939 0.451453 -0.000428 
-0.311731 -0.417437 -3.980723 0.164675 0.451773 -0.001728 
-0.296984 -0.432009 -4.240567 0.166200 0.451888 -0.004232 
-0.281651 -0.453723 -4.453383 0.167675 0.451801 -0.005303 
-0.274214 -0.471342 -4.649596 0.169655 0.451867 -0.005294 
-0.282942 -0.471864 -4.611824 0.172215 0.452117 -0.005946 
-0.290387 -0.471068 -4.463895 0.174460 0.452153 -0.005854 
-0.294777 -0.471435 -4.266025 0.176052 0.452543 -0.005070 
-0.304747 -0.467283 -4.057501 0.177189 0.452876 -0.004160 
-0.302664 -0.460308 -3.875572 0.176909 0.453414 -0.003790 
-0.290043 -0.474270 -3.917190 0.175534 0.453708 -0.002528 
-0.280508 -0.459879 -4.057713 0.173237 0.454143 -0.001540 
-0.263332 -0.458406 -4.256637 0.170535 0.454525 -0.001245 
-0.260526 -0.447955 -4.466226 0.167888 0.454822 -0.000739 
-0.259041 -0.435775 -4.636690 0.165573 0.454743 0.000121 
-0.268684 -0.417733 -4.592149 0.164084 0.454426 -0.000343 
-0.281794 -0.406780 -4.438161 0.163503 0.453926 -0.000621 
-0.305683 -0.398211 -4.215451 0.163860 0.453111 -0.000637 
-0.317378 -0.397551 -3.982018 0.164650 0.452109 -0.001188 
-0.316546 -0.412261 -3.799303 0.165664 0.450638 -0.001895 
-0.315961 -0.427579 -3.832908 0.167007 0.449200 -0.001505 
-0.308096 -0.448246 -3.977518 0.168321 0.447916 -0.001321 
-0.292743 -0.473802 -4.191549 0.169448 0.446680 -0.001625 
-0.291529 -0.501208 -4.445197 0.170555 0.445930 -0.002290 
-0.311229 -0.508124 -4.646973 0.171631 0.445423 -0.003332 
-0.323242 -0.503568 -4.622764 0.172619 0.445312 -0.005467 
-0.326963 -0.486963 -4.477055 0.173529 0.445418 -0.007495 
-0.335393 -0.475319 -4.272052 0.173916 0.445835 -0.008612 
-0.341450 -0.463786 -4.048531 0.173821 0.446330 -0.008742 
-0.329863 -0.453593 -3.866998 0.173086 0.447089 -0.007938 
-0.307592 -0.458158 -3.892813 0.171782 0.448277 -0.005062 
-0.283734 -0.456546 -4.031144 0.170367 0.449951 -0.001747 
-0.266693 -0.452628 -4.239774 0.168968 0.452065 0.001290 
-0.258432 -0.444747 -4.446717 0.167913 0.454241 0.003466 
-0.259865 -0.440912 -4.641494 0.167304 0.456384 0.004573 
-0.278916 -0.435324 -4.607470 0.167007 0.458234 0.003303 
-0.293476 -0.423049 -4.448682 0.167075 0.459461 0.000641 
-0.310399 -0.423365 -4.238219 0.167212 0.459640 -0.002399 
-0.315411 -0.429252 -4.018643 0.167799 0.459064 -0.005326 
-0.313239 -0.436802 -3.850686 0.168221 0.457775 -0.007751 
-0.296583 -0.451397 -3.892510 0.168935 0.456034 -0.007678 
-0.273136 -0.468711 -4.050848 0.169963 0.453881 -0.005882 
-0.277350 -0.478365 -4.250747 0.170869 0.452028 -0.003583 
-0.281685 -0.481142 -4.493158 0.172148 0.450568 -0.000791 
-0.284719 -0.484240 -4.682511 0.172940 0.449185 0.001409 
-0.295281 -0.477300 -4.643615 0.173785 0.448589 0.001547 
-0.304478 -0.462686 -4.498093 0.174035 0.448159 0.000070 
-0.312182 -0.457446 -4.289636 0.173735 0.447991 -0.001887 
-0.317108 -0.452277 -4.047526 0.172469 0.447796 -0.004445 
-0.313845 -0.443304 -3.846794 0.171077 0.447647 -0.006606 
-0.298438 -0.447954 -3.853400 0.168642 0.447630 -0.006363 
-0.284066 -0.444376 -3.986456 0.166915 0.447645 -0.004735 
-0.283627 -0.442087 -4.182973 0.165335 0.448055 -0.002202 
-0.284897 -0.449627 -4.390952 0.164327 0.448858 0.000412 
-0.281143 -0.444544 -4.599300 0.164055 0.449632 0.002697 
-0.296420 -0.439741 -4.549654 0.164719 0.450691 0.002613 
-0.300062 -0.425182 -4.406233 0.165936 0.451372 0.001215 
-0.305717 -0.427336 -4.199738 0.167352 0.452049 -0.001212 
-0.304346 -0.432609 -3.991812 0.168590 0.452387 -0.004062 
-0.303658 -0.436831 -3.815309 0.169997 0.452449 -0.006616 
-0.285458 -0.449254 -3.847265 0.170887 0.452322 -0.006661 
-0.280226 -0.460704 -4.023551 0.171462 0.451925 -0.005534 
-0.274071 -0.464540 -4.252737 0.172094 0.451726 -0.003594 
-0.273141 -0.481331 -4.492790 0.172151 0.451655 -0.001018 
-0.279149 -0.477887 -4.691422 0.172343 0.451826 0.001168 
-0.286337 -0.466346 -4.661452 0.172579 0.452165 0.001192 
-0.292878 -0.454182 -4.495802 0.172330 0.452382 0.000053 
-0.299161 -0.443076 -4.266706 0.171909 0.452872 -0.001998 
-0.297938 -0.436473 -4.015993 0.171299 0.453400 -0.004458 
-0.295228 -0.430014 -3.827107 0.170371 0.453926 -0.006324 
-0.290265 -0.431546 -3.835934 0.169077 0.454273 -0.005995 
-0.284731 -0.431872 -3.990525 0.167801 0.454257 -0.004178 
-0.279892 -0.440660 -4.208243 0.166790 0.454252 -0.001672 
-0.290579 -0.447786 -4.436242 0.165943 0.453881 0.000829 
-0.310514 -0.449310 -4.622047 0.165449 0.453188 0.002509 
-0.320350 -0.448774 -4.579697 0.165606 0.452007 0.001806 
-0.324932 -0.435392 -4.412434 0.166172 0.450775 -0.000399 
-0.324466 -0.432986 -4.203460 0.166982 0.449114 -0.003215 
-0.325089 -0.439678 -3.984312 0.168049 0.447646 -0.006247 
-0.325906 -0.447095 -3.818823 0.169435 0.446381 -0.008367 
-0.317284 -0.460460 -3.883178 0.170797 0.445466 -0.007902 
-0.306188 -0.468137 -4.052472 0.172045 0.445223 -0.006029 
-0.322149 -0.476937 -4.273397 0.172950 0.445368 -0.003555 
-0.321261 -0.479119 -4.514469 0.173430 0.445878 -0.000880 
-0.326335 -0.487691 -4.692358 0.173537 0.446991 0.001095 
-0.323293 -0.475629 -4.639843 0.173137 0.448209 0.000601 
-0.334003 -0.463217 -4.481942 0.172244 0.449410 -0.001081 
-0.322131 -0.456215 -4.271054 0.171001 0.450824 -0.003470 
-0.318037 -0.452747 -4.038737 0.169728 0.452096 -0.006268 
-0.313230 -0.441602 -3.828135 0.168510 0.453561 -0.008548 
-0.300817 -0.442542 -3.848069 0.167547 0.454815 -0.008137 
-0.295353 -0.446765 -3.994321 0.166724 0.455849 -0.006012 
-0.284869 -0.438263 -4.206371 0.166962 0.456868 -0.002666 
-0.283132 -0.439912 -4.438722 0.167285 0.457277 0.000664 
-0.289562 -0.436244 -4.640413 0.167801 0.457454 0.003808 
-0.292843 -0.433380 -4.602070 0.168622 0.456806 0.004158 
-0.290547 -0.424737 -4.457834 0.169481 0.455720 0.002783 
-0.282783 -0.436549 -4.239840 0.170355 0.454480 0.000284 
-0.282579 -0.442571 -4.030242 0.171106 0.452816 -0.002749 
-0.288401 -0.453721 -3.840016 0.171497 0.451386 -0.005905 
-0.285241 -0.470195 -3.888890 0.171869 0.450119 -0.006802 
-0.287387 -0.474636 -4.042922 0.172167 0.449008 -0.006177 
-0.295727 -0.485688 -4.259053 0.172417 0.448520 -0.005077 
-0.293696 -0.493875 -4.486272 0.172052 0.448345 -0.003229 
-0.299087 -0.489701 -4.663269 0.171927 0.448317 -0.001339 
-0.303909 -0.468623 -4.601348 0.171427 0.448351 -0.001377 
-0.307225 -0.456661 -4.415798 0.170374 0.448638 -0.001844 
-0.310751 -0.444637 -4.199064 0.169319 0.448922 -0.002607 
-0.300094 -0.432410 -3.951196 0.168273 0.449101 -0.003664 
-0.302781 -0.429989 -3.764785 0.166992 0.449665 -0.004348 
-0.298051 -0.431222 -3.826126 0.165865 0.449927 -0.003422 
-0.294392 -0.433084 -3.991124 0.165219 0.450308 -0.001950 
-0.284293 -0.439947 -4.207817 0.164867 0.450840 -0.000317 
-0.291572 -0.437566 -4.455913 0.165374 0.451217 0.001177 
-0.293274 -0.439182 -4.641896 0.166175 0.451544 0.001967 
-0.291949 -0.443981 -4.601370 0.167747 0.451719 0.000902 
-0.292331 -0.438302 -4.447059 0.169547 0.451415 -0.001133 
-0.284745 -0.437620 -4.231531 0.171151 0.451330 -0.003224 
-0.276990 -0.445233 -4.017058 0.172698 0.451243 -0.004890 
-0.281436 -0.445064 -3.843654 0.173813 0.451345 -0.006046 
-0.282543 -0.453796 -3.886833 0.174235 0.451453 -0.005343 
-0.280215 -0.464064 -4.051750 0.173851 0.451839 -0.004093 
-0.276088 -0.467566 -4.257254 0.173197 0.452604 -0.002661 
-0.278419 -0.466452 -4.502101 0.172251 0.453229 -0.001468 
-0.286926 -0.461787 -4.674229 0.171002 0.454079 -0.000745 
-0.282115 -0.455391 -4.628649 0.169600 0.454515 -0.001760 
-0.285427 -0.444052 -4.450438 0.168381 0.454896 -0.003197 
-0.296709 -0.426442 -4.222991 0.167362 0.454852 -0.004159 
-0.302454 -0.411705 -3.997717 0.166808 0.454484 -0.004591 
-0.302084 -0.407864 -3.795617 0.166504 0.453690 -0.004082 
-0.308865 -0.408912 -3.841523 0.166496 0.452983 -0.001969 
-0.302916 -0.425519 -3.999678 0.166714 0.451813 0.000258 
-0.312454 -0.442240 -4.206940 0.167085 0.450662 0.001798 
-0.308670 -0.459547 -4.452482 0.167623 0.449516 0.002336 
-0.305648 -0.469530 -4.634905 0.168368 0.448656 0.001853 
-0.319306 -0.470513 -4.588075 0.169315 0.447784 -0.001113 
-0.326023 -0.467718 -4.437934 0.170287 0.447040 -0.004850 
-0.325825 -0.470163 -4.239196 0.171544 0.446624 -0.008019 
-0.330582 -0.477007 -4.021603 0.172285 0.446334 -0.010310 
-0.333328 -0.476394 -3.838096 0.172921 0.446327 -0.011128 
-0.324237 -0.473344 -3.883973 0.172951 0.446658 -0.009133 
-0.320134 -0.484591 -4.033737 0.172561 0.447416 -0.005945 
-0.306728 -0.483695 -4.224120 0.171782 0.448215 -0.002459 
-0.291736 -0.476101 -4.454251 0.170731 0.449393 0.000888 
-0.284689 -0.473625 -4.640250 0.169636 0.450807 0.002875 
-0.286053 -0.450616 -4.596880 0.168668 0.452443 0.002381 
-0.289874 -0.443437 -4.438998 0.167903 0.453881 0.000584 
-0.288095 -0.431136 -4.229720 0.167495 0.455083 -0.001706 
-0.301183 -0.417467 -4.010231 0.167089 0.456006 -0.003983 
-0.301750 -0.418544 -3.834121 0.167071 0.456364 -0.005445 
-0.295792 -0.431419 -3.877015 0.167468 0.456420 -0.004851 
-0.290338 -0.442672 -4.023793 0.168044 0.456019 -0.003377 
-0.278245 -0.448718 -4.232679 0.168824 0.455296 -0.001524 
-0.267119 -0.471260 -4.461646 0.169649 0.454480 0.000197 
-0.270976 -0.475651 -4.648788 0.170592 0.453387 0.001428 
-0.268684 -0.467658 -4.607665 0.171612 0.452413 0.000604 
-0.280972 -0.459984 -4.451607 0.172455 0.451617 -0.001407 
-0.292394 -0.452142 -4.233475 0.172974 0.450806 -0.003682 
-0.302145 -0.453104 -4.024870 0.172951 0.450076 -0.005854 
-0.302231 -0.459270 -3.848060 0.172416 0.449568 -0.007193 
-0.306598 -0.453051 -3.877835 0.171495 0.449031 -0.006767 
-0.293582 -0.457121 -4.021742 0.170035 0.448863 -0.005045 
-0.294539 -0.461456 -4.227967 0.168569 0.448803 -0.002734 
-0.289284 -0.469844 -4.435287 0.167400 0.448699 -0.000215 
-0.290780 -0.467180 -4.621654 0.166302 0.449026 0.001999 
-0.282091 -0.455118 -4.580794 0.166069 0.449155 0.002041 
-0.289459 -0.443625 -4.405594 0.166135 0.449568 0.000903 
-0.298320 -0.432115 -4.198914 0.166521 0.449986 -0.000856 
-0.301447 -0.433155 -3.991866 0.167143 0.450358 -0.002945 
-0.304599 -0.433435 -3.795750 0.167772 0.450542 -0.004719 
-0.306554 -0.442701 -3.847650 0.168351 0.450751 -0.004671 
-0.293991 -0.459744 -4.002625 0.168889 0.450680 -0.003961 
-0.280311 -0.468970 -4.229610 0.169327 0.450710 -0.002772 
-0.288088 -0.474196 -4.456829 0.169780 0.450892 -0.001475 
-0.280815 -0.479572 -4.663609 0.170078 0.451062 -0.000160 
-0.283001 -0.464528 -4.623292 0.170984 0.451557 -0.000674 
-0.292357 -0.461148 -4.468502 0.171476 0.451887 -0.002053 
-0.293071 -0.454067 -4.273068 0.171675 0.452344 -0.003285 
-0.301757 -0.450723 -4.037095 0.172002 0.452755 -0.004593 
-0.307864 -0.448303 -3.851474 0.171684 0.453344 -0.005614 
-0.290871 -0.449221 -3.883606 0.171207 0.453517 -0.004673 
-0.285512 -0.450638 -4.038502 0.170083 0.453789 -0.002862 
-0.281421 -0.443109 -4.234165 0.169345 0.453888 -0.001193 
-0.276362 -0.452453 -4.460061 0.168170 0.453977 0.000664 
-0.280049 -0.448457 -4.634294 0.167401 0.453934 0.001923 
-0.286921 -0.443590 -4.580922 0.167107 0.453784 0.001120 
-0.302177 -0.432952 -4.423283 0.166843 0.453296 -0.000769 
-0.312996 -0.433892 -4.215221 0.167141 0.452574 -0.002946 
-0.325117 -0.433990 -3.987449 0.167764 0.451667 -0.005109 
-0.322427 -0.434067 -3.822098 0.168400 0.450667 -0.006682 
-0.312771 -0.446302 -3.854421 0.169287 0.449453 -0.006500 
-0.308080 -0.463714 -4.001348 0.169819 0.448481 -0.004915 
-0.311272 -0.468790 -4.210420 0.170758 0.447579 -0.003062 
-0.305592 -0.471114 -4.429446 0.171401 0.447000 -0.001108 
-0.305884 -0.470076 -4.637284 0.171741 0.446652 0.000644 
-0.313791 -0.466339 -4.615944 0.171922 0.446801 0.000123 
-0.321381 -0.455041 -4.470252 0.171989 0.447219 -0.001361 
-0.328391 -0.461123 -4.251144 0.171608 0.447804 -0.003537 
-0.333347 -0.451619 -4.030826 0.170855 0.448667 -0.005916 
-0.323533 -0.450325 -3.842798 0.170055 0.449429 -0.007575 
-0.312011 -0.450152 -3.862970 0.169260 0.450402 -0.007163 
-0.299827 -0.451315 -4.008186 0.168623 0.451677 -0.005577 
-0.295251 -0.464825 -4.205794 0.168058 0.452913 -0.003398 
-0.284130 -0.456480 -4.415624 0.167973 0.453925 -0.000690 
-0.288508 -0.447233 -4.624801 0.168047 0.454759 0.001699 
-0.281962 -0.444512 -4.586387 0.168550 0.455188 0.002149 
-0.283149 -0.436441 -4.453560 0.168920 0.455372 0.001507 
-0.300752 -0.434954 -4.236835 0.169391 0.455177 -0.000241 
-0.304265 -0.440728 -4.018394 0.169658 0.454591 -0.002521 
-0.293392 -0.446488 -3.830350 0.169935 0.453909 -0.004826 
-0.288661 -0.455247 -3.869211 0.170040 0.452824 -0.005496 
-0.282375 -0.466455 -4.032879 0.170135 0.452321 -0.004992 
-0.275905 -0.476964 -4.238663 0.170237 0.451632 -0.003880 
-0.284183 -0.479920 -4.466654 0.170706 0.451246 -0.002255 
-0.284475 -0.478882 -4.674492 0.171046 0.450899 -0.000503 
-0.292836 -0.473769 -4.624722 0.171396 0.450763 -0.000354 
-0.300704 -0.460004 -4.450294 0.171480 0.450607 -0.001164 
-0.307949 -0.445380 -4.223885 0.171245 0.450248 -0.002243 
-0.300412 -0.439462 -4.006759 0.170797 0.449877 -0.003546 
-0.297852 -0.437806 -3.789048 0.169674 0.449539 -0.004626 
-0.286748 -0.441738 -3.839104 0.168531 0.449370 -0.004116 
-0.281692 -0.450560 -3.992232 0.167194 0.449352 -0.002836 
-0.284957 -0.456565 -4.207187 0.166357 0.449690 -0.001512 
-0.289443 -0.454520 -4.433706 0.166059 0.450139 0.000011 
-0.295207 -0.452391 -4.629583 0.166081 0.450592 0.001234 
-0.297052 -0.454557 -4.598712 0.166706 0.451173 0.000600 
-0.293903 -0.442297 -4.433608 0.167749 0.451323 -0.001202 
-0.320199 -0.429510 -4.216124 0.168776 0.451480 -0.003600 
-0.376536 -0.431398 -3.985148 0.169521 0.451167 -0.007054 
-0.426103 -0.445227 -3.794540 0.170188 0.450615 -0.010544 
-0.466491 -0.444391 -3.809662 0.170493 0.449367 -0.012582 
-0.467135 -0.439565 -3.928386 0.170051 0.447953 -0.013302 
-0.435220 -0.432790 -4.118581 0.168522 0.445844 -0.013094 
-0.394781 -0.448055 -4.323274 0.166843 0.444054 -0.011195 
-0.375429 -0.466530 -4.480334 0.165128 0.442214 -0.008074 
-0.392763 -0.466670 -4.411887 0.163829 0.441372 -0.006163 
-0.424175 -0.449513 -4.240684 0.162477 0.440524 -0.004691 
-0.441927 -0.382792 -4.009237 0.161960 0.439882 -0.003485 
-0.438404 -0.311513 -3.764426 0.161327 0.438993 -0.003442 
-0.426856 -0.261377 -3.579907 0.160231 0.438046 -0.003344 
-0.419539 -0.256583 -3.599276 0.157860 0.436755 -0.002022 
-0.434241 -0.264667 -3.762023 0.155555 0.435538 -0.000185 
-0.472419 -0.276234 -3.986693 0.153697 0.434207 0.001809 
-0.489530 -0.283703 -4.239582 0.151881 0.432732 0.002922 
-0.502600 -0.281299 -4.437580 0.150936 0.431892 0.001813 
-0.509627 -0.296567 -4.397483 0.151786 0.431348 -0.002454 
-0.494838 -0.322894 -4.235756 0.154653 0.431491 -0.008163 
-0.504755 -0.372652 -4.025471 0.158463 0.432461 -0.013755 
-0.513654 -0.417209 -3.817021 0.162470 0.434289 -0.018823 
-0.550509 -0.447567 -3.655263 0.167045 0.436999 -0.021905 
-0.561454 -0.449016 -3.724210 0.171370 0.439674 -0.021845 
-0.567498 -0.450736 -3.884540 0.174415 0.442326 -0.020879 
-0.568986 -0.445525 -4.135503 0.176391 0.445248 -0.019438 
-0.579505 -0.431446 -4.394417 0.176817 0.448045 -0.017760 
-0.600315 -0.398674 -4.634017 0.176243 0.450442 -0.014966 
-0.607087 -0.351795 -4.651560 0.173997 0.452621 -0.010663 
-0.623807 -0.311186 -4.554880 0.170894 0.454570 -0.002926 
-0.631846 -0.299140 -4.386307 0.167753 0.456538 0.008292 
-0.644747 -0.287745 -4.192924 0.166371 0.458829 0.020466 
-0.676460 -0.278879 -3.998374 0.166245 0.461823 0.031327 
-0.719046 -0.250544 -4.010477 0.166903 0.464925 0.039328 
-0.759548 -0.217556 -4.143433 0.168082 0.467546 0.042828 
-0.812730 -0.194413 -4.303455 0.169345 0.469192 0.041165 
-0.877203 -0.197460 -4.480034 0.170096 0.469750 0.034566 
-0.958647 -0.218621 -4.633473 0.169745 0.468302 0.023837 
-1.061967 -0.219160 -4.553590 0.168228 0.464873 0.010141 
-1.156341 -0.182737 -4.358058 0.165687 0.459465 -0.004262 
-1.249951 -0.155319 -4.096994 0.162599 0.452226 -0.016117 
-1.333396 -0.117068 -3.816683 0.159113 0.443493 -0.023319 
-1.429713 -0.068874 -3.575917 0.155854 0.434580 -0.027120 
-1.530859 -0.043195 -3.601296 0.152770 0.426120 -0.026232 
-1.624419 -0.024485 -3.745543 0.150291 0.418391 -0.023001 
-1.727403 0.012654 -3.950576 0.149546 0.411517 -0.017061 
-1.871056 0.074371 -4.327841 0.150564 0.409370 -0.008655 
-1.873536 0.099266 -4.711527 0.152046 0.410812 0.001390 
-1.887665 0.153574 -4.583833 0.153388 0.402906 0.010491 
-1.949654 0.208681 -4.340227 0.154059 0.392630 0.014691 
-1.973663 0.219733 -4.091080 0.152346 0.386740 0.014037 
-2.123602 0.277275 -3.851091 0.151047 0.381076 0.009104 
-2.176406 0.337191 -3.656365 0.150947 0.376361 0.001097 
-2.186194 0.350758 -3.707691 0.149429 0.375463 -0.009201 
-2.256026 0.375253 -3.944442 0.146996 0.377113 -0.021701 
-2.349665 0.415975 -4.373616 0.147079 0.385769 -0.028578 
-2.331911 0.409123 -4.641761 0.147694 0.392957 -0.023862 
-2.459429 0.441523 -4.843881 0.148822 0.397549 -0.013254 
-2.381903 0.429065 -4.803841 0.149901 0.404381 -0.002708 
-2.439798 0.389997 -4.632339 0.152311 0.410779 -0.000540 
-2.476122 0.431828 -4.451288 0.156264 0.417427 -0.006827 
-2.455703 0.411802 -4.231583 0.160295 0.424698 -0.012690 
-2.610791 0.379279 -4.091298 0.163499 0.429379 -0.018252 
-2.701534 0.384570 -4.276864 0.165735 0.436532 -0.026667 
-2.699872 0.362738 -4.449803 0.167034 0.438535 -0.031370 
-2.716564 0.382489 -4.663691 0.167659 0.434190 -0.034934 
-2.670025 0.427275 -4.837265 0.165602 0.430744 -0.036711 
-2.698236 0.401141 -5.040054 0.162200 0.427707 -0.034234 
-2.898565 0.426987 -5.013166 0.161464 0.422898 -0.035626 
-2.949165 0.455520 -4.857030 0.160825 0.421232 -0.036522 
-2.947716 0.415010 -4.637040 0.157962 0.416578 -0.037113 
-2.979876 0.487461 -4.362614 0.155389 0.408654 -0.042722 
-2.944573 0.529047 -4.052648 0.153924 0.399859 -0.047253 
-3.037256 0.521624 -4.066442 0.152702 0.391427 -0.044361 
-3.010543 0.549819 -4.182420 0.150678 0.383805 -0.044654 
-2.992261 0.487678 -4.335763 0.148821 0.373434 -0.046274 
-3.044300 0.474462 -4.510548 0.147912 0.363970 -0.044054 
-3.075725 0.535739 -4.732171 0.147376 0.358892 -0.043721 
-3.149204 0.507277 -4.725695 0.147296 0.354513 -0.045817 
-3.171676 0.508977 -4.554722 0.147930 0.351964 -0.049402 
-3.190780 0.523082 -4.311280 0.148808 0.352732 -0.053928 
-3.223402 0.464761 -4.135375 0.149652 0.355011 -0.056091 
-3.265620 0.454691 -3.905648 0.151148 0.360246 -0.056086 
-3.274176 0.434346 -3.932570 0.151640 0.365660 -0.054256 
-3.274427 0.400499 -4.105252 0.152050 0.371225 -0.050948 
-3.251150 0.402420 -4.309773 0.153371 0.377419 -0.043815 
-3.236158 0.410601 -4.562910 0.153929 0.382810 -0.040774 
-3.170805 0.406587 -4.783344 0.153463 0.387637 -0.041873 
-3.128327 0.404757 -4.728378 0.153470 0.391351 -0.039941 
-3.185211 0.410443 -4.592348 0.153949 0.394503 -0.042007 
-3.157740 0.459186 -4.400684 0.153490 0.398027 -0.045396 
-3.114520 0.467188 -4.183152 0.151791 0.399127 -0.046161 
-3.035754 0.454798 -3.951129 0.150449 0.398523 -0.052701 
-3.002033 0.483223 -3.977846 0.148903 0.397439 -0.052999 
-2.999451 0.439414 -4.151211 0.146515 0.393864 -0.062524 
-2.899941 0.408943 -4.280564 0.143958 0.387903 -0.065441 
-2.771452 0.411185 -4.481532 0.142621 0.380249 -0.061008 
-2.642801 0.397355 -4.674973 0.141974 0.372691 -0.052191 
-2.570647 0.379663 -4.632976 0.142707 0.365040 -0.033434 
-2.603319 0.310676 -4.444808 0.144454 0.356826 -0.020796 
-2.646259 0.216860 -4.235252 0.146985 0.351172 -0.001543 
-2.599418 0.179349 -4.025096 0.150923 0.348531 0.008560 
-2.494761 0.185922 -3.846946 0.155203 0.347032 0.015095 
-2.364724 0.195787 -3.869660 0.158404 0.347382 0.017594 
-2.337136 0.239241 -4.049637 0.159534 0.350760 0.011826 
-2.440812 0.216852 -4.306187 0.159803 0.356176 0.000923 
-2.509854 0.149251 -4.557673 0.158005 0.362185 -0.010722 
-2.647916 0.079989 -4.780149 0.154062 0.368561 -0.028102 
-2.717773 0.057133 -4.788346 0.149670 0.374736 -0.045703 
-2.735817 0.084530 -4.653787 0.146621 0.378638 -0.064338 
-2.729023 0.166042 -4.452477 0.144450 0.380966 -0.073990 
-2.700234 0.146013 -4.226894 0.142866 0.382921 -0.074128 
-2.737451 0.107949 -4.031933 0.144175 0.383726 -0.068215 
-2.781896 0.114255 -3.996459 0.147413 0.383307 -0.052784 
-2.854324 0.033831 -4.106335 0.150034 0.381738 -0.031806 
-2.865566 0.081409 -4.273864 0.152630 0.379227 -0.011782 
-2.885624 0.161532 -4.441459 0.154967 0.374188 -0.002969 
-2.795357 0.189756 -4.591372 0.154753 0.365667 0.004623 
-2.653726 0.248131 -4.540498 0.151713 0.356071 -0.000630 
-2.630011 0.247415 -4.421114 0.147380 0.346774 -0.011832 
-2.702420 0.169375 -4.234260 0.142925 0.335896 -0.029309 
-2.836054 0.218446 -4.039517 0.139162 0.326530 -0.057795 
-2.856619 0.203793 -3.828018 0.136144 0.317612 -0.074092 
-2.730232 0.205865 -3.874778 0.134469 0.310301 -0.085824 
-2.658171 0.252175 -3.998026 0.136294 0.305732 -0.082244 
-2.686896 0.174468 -4.133923 0.137510 0.303348 -0.077557 
-2.870578 0.010593 -4.285035 0.139640 0.302998 -0.059974 
-3.003304 -0.132029 -4.440407 0.142913 0.304599 -0.041677 
-2.923226 -0.251723 -4.375002 0.147102 0.307376 -0.019576 
-2.698503 -0.305580 -4.217280 0.151187 0.311625 -0.005754 
-2.475502 -0.276332 -4.020131 0.155208 0.315710 0.000955 
-2.375202 -0.318017 -3.788595 0.157365 0.320393 -0.008177 
-2.407110 -0.372869 -3.638251 0.158066 0.326175 -0.027874 
-2.428866 -0.395605 -3.744115 0.158207 0.332982 -0.050033 
-2.293958 -0.394920 -3.959129 0.157646 0.338530 -0.068827 
-1.995132 -0.281458 -4.231785 0.156376 0.341860 -0.076551 
-1.736933 -0.149679 -4.510151 0.154092 0.345998 -0.065823 
-1.659476 -0.096450 -4.771665 0.151959 0.350539 -0.038277 
-1.689592 -0.067092 -4.719903 0.151349 0.352045 -0.014960 
-1.680384 -0.123742 -4.527282 0.150473 0.353426 0.016486 
-1.486789 -0.192810 -4.284656 0.149291 0.354635 0.040354 
-1.325034 -0.169826 -4.083422 0.150663 0.355126 0.047577 
-1.321190 -0.210094 -3.786009 0.151971 0.353103 0.033771 
-1.511338 -0.318816 -3.724024 0.151405 0.349718 -0.001012 
-1.688648 -0.408359 -3.808824 0.150828 0.345407 -0.037724 
-1.651915 -0.506831 -3.931073 0.149192 0.339316 -0.071231 
-1.552813 -0.563909 -4.138847 0.148697 0.331602 -0.092035 
-1.491852 -0.534445 -4.353116 0.147188 0.324422 -0.093927 
-1.596608 -0.601636 -4.352195 0.145218 0.317978 -0.080873 
-1.758396 -0.652397 -4.205990 0.146059 0.312811 -0.055411 
-1.808090 -0.667617 -4.024737 0.149137 0.310882 -0.033519 
-1.692832 -0.689513 -3.856834 0.152906 0.310851 -0.015112 
-1.447728 -0.635026 -3.685270 0.157119 0.312298 -0.014071 
-1.357881 -0.560405 -3.773686 0.162195 0.314757 -0.026448 
-1.373791 -0.564187 -3.980981 0.166178 0.317824 -0.046985 
-1.364677 -0.615201 -4.201401 0.167593 0.320684 -0.072552 
-1.258148 -0.679222 -4.362386 0.167366 0.322672 -0.088824 
-1.036556 -0.794571 -4.598337 0.166372 0.325310 -0.087814 
-1.014769 -0.887173 -4.546704 0.164927 0.329243 -0.076038 
-1.171625 -0.969350 -4.367468 0.163609 0.332801 -0.058562 
-1.231709 -1.074629 -4.108608 0.163147 0.337016 -0.033548 
-1.048274 -1.115126 -3.840965 0.163438 0.342501 -0.016579 
-0.800245 -1.149061 -3.659587 0.165580 0.348381 -0.014513 
-0.615087 -1.203342 -3.724856 0.169315 0.357663 -0.027951 
-0.607695 -1.291723 -3.888044 0.172869 0.365963 -0.054009 
-0.659927 -1.404169 -4.090817 0.176548 0.370293 -0.072451 
-0.525089 -1.443464 -4.342300 0.179731 0.373453 -0.087462 
-0.228728 -1.377357 -4.576124 0.183919 0.372603 -0.082449 
0.029330 -1.299460 -4.557421 0.187521 0.369162 -0.057018 
0.072921 -1.280085 -4.483630 0.188818 0.365960 -0.023801 
-0.026234 -1.267794 -4.351593 0.189658 0.363175 0.010866 
-0.068161 -1.248710 -4.199001 0.189288 0.362069 0.034399 
0.104870 -1.142703 -4.042529 0.187399 0.361960 0.049501 
0.316648 -1.057425 -3.977200 0.180722 0.362396 0.044316 
0.295379 -1.031073 -3.965040 0.173331 0.364129 0.025130 
0.159866 -1.014241 -4.180563 0.168865 0.370208 -0.006028 
0.074454 -1.052941 -4.453579 0.169823 0.380708 -0.038679 
0.108329 -1.112631 -4.787079 0.173763 0.391255 -0.062008 
0.118789 -1.079909 -4.906623 0.179459 0.400766 -0.071082 
-0.000460 -1.132745 -4.796597 0.182382 0.410091 -0.065257 
-0.340732 -1.274316 -4.565282 0.185359 0.413762 -0.047175 
-0.472718 -1.236284 -4.181362 0.188269 0.417288 -0.021390 
-0.233513 -1.210393 -3.752758 0.188579 0.414661 0.004410 
0.136250 -1.046282 -3.624797 0.184166 0.409672 0.024528 
0.477222 -0.840514 -3.698475 0.180036 0.405097 0.032474 
0.422295 -0.793419 -3.973291 0.174085 0.397970 0.029753 
0.259862 -0.825981 -4.326620 0.166873 0.391188 0.026844 
0.152149 -0.901655 -4.610160 0.157937 0.385421 0.021416 
0.254970 -0.954475 -4.686704 0.150887 0.375495 0.020899 
0.257126 -0.876028 -4.595635 0.148709 0.368331 0.023053 
0.197397 -0.785904 -4.420561 0.150271 0.361887 0.025544 
0.011805 -0.792389 -4.207149 0.154132 0.355236 0.031219 
-0.079579 -0.770560 -3.897807 0.160972 0.351650 0.032828 
0.107775 -0.890073 -3.784910 0.168434 0.349617 0.034705 
0.297323 -0.970322 -3.835136 0.175212 0.348342 0.021879 
0.336496 -1.088326 -4.004763 0.180190 0.352796 0.005260 
0.210317 -1.245439 -4.217383 0.184796 0.360303 -0.014113 
0.015660 -1.306967 -4.416359 0.189550 0.369379 -0.034738 
-0.009887 -1.221658 -4.431231 0.191891 0.378080 -0.050395 
0.167735 -1.159296 -4.344986 0.189047 0.386319 -0.047246 
0.323492 -0.985707 -4.202726 0.182636 0.392572 -0.031702 
0.250531 -0.840877 -4.017679 0.173966 0.396032 -0.003403 
0.188901 -0.741650 -3.790030 0.163534 0.400834 0.032857 
0.147973 -0.616119 -3.828150 0.154756 0.406769 0.061036 
0.250309 -0.435553 -4.039271 0.149507 0.412403 0.079276 
0.237432 -0.399026 -4.347236 0.147035 0.417804 0.078255 
0.005837 -0.413317 -4.714339 0.146004 0.422007 0.056472 
-0.349792 -0.594883 -5.010962 0.147098 0.422113 0.029660 
-0.561250 -0.795116 -4.979709 0.151181 0.418557 -0.008256 
-0.588962 -0.936163 -4.774200 0.159158 0.411340 -0.041629 
-0.505007 -1.032852 -4.426707 0.169280 0.399445 -0.064555 
-0.469662 -1.096887 -4.005824 0.178804 0.384577 -0.072134 
-0.583554 -1.148202 -3.651882 0.185927 0.370885 -0.067833 
-0.743925 -1.198165 -3.615166 0.193216 0.354243 -0.050580 
-0.750454 -1.208921 -3.737718 0.196857 0.340471 -0.036219 
-0.589242 -1.145272 -3.924427 0.194689 0.326490 -0.032309 
-0.408725 -1.103871 -4.182495 0.186106 0.316858 -0.028208 
-0.383771 -1.026310 -4.420638 0.176716 0.311182 -0.031176 
-0.468494 -0.910246 -4.372680 0.167837 0.307963 -0.039168 
-0.459814 -0.823514 -4.272481 0.158640 0.307805 -0.044053 
-0.273174 -0.674480 -4.151908 0.149984 0.313340 -0.034287 
-0.153098 -0.602570 -4.045416 0.145572 0.320294 -0.014349 
-0.232829 -0.645886 -3.921701 0.146181 0.330439 0.014890 
-0.400701 -0.759310 -3.955194 0.149303 0.344728 0.040239 
-0.469717 -0.895164 -4.115637 0.154411 0.361069 0.046541 
-0.232735 -0.909586 -4.264368 0.162635 0.378641 0.038245 
0.000866 -0.922062 -4.431044 0.172957 0.394971 0.016086 
0.129812 -0.932137 -4.582202 0.179053 0.409328 -0.016689 
0.016787 -1.128379 -4.482108 0.181923 0.421353 -0.042485 
-0.153247 -1.205919 -4.317644 0.183184 0.430287 -0.064148 
-0.173200 -1.191659 -4.171358 0.186152 0.435382 -0.068086 
-0.038739 -1.092904 -4.044268 0.188048 0.437465 -0.052127 
0.151782 -0.878672 -3.971835 0.186781 0.435128 -0.020417 
0.120614 -0.704045 -4.075169 0.181908 0.429006 0.019385 
0.006975 -0.565124 -4.254328 0.174653 0.417995 0.055235 
-0.134105 -0.471086 -4.434317 0.166096 0.408081 0.076599 
-0.070267 -0.401109 -4.631123 0.157000 0.397924 0.077246 
-0.070913 -0.384283 -4.864398 0.151348 0.388182 0.066206 
-0.219147 -0.426159 -4.822329 0.148872 0.379475 0.036882 
-0.526288 -0.604950 -4.658569 0.147583 0.368340 -0.004814 
-0.831303 -0.782883 -4.382511 0.147902 0.358131 -0.047950 
-0.857456 -0.903803 -4.059533 0.153446 0.349177 -0.077943 
-0.772131 -0.926916 -3.734382 0.164250 0.339333 -0.092741 
-0.767369 -0.912973 -3.719313 0.176092 0.334466 -0.082768 
-0.847576 -1.016576 -3.807499 0.182564 0.331512 -0.060966 
-1.116538 -1.119066 -3.981884 0.186528 0.326335 -0.046777 
-1.157746 -1.106522 -4.235272 0.189503 0.324777 -0.036934 
-0.948026 -1.097816 -4.385907 0.188250 0.323816 -0.032965 
-0.653303 -0.946596 -4.369944 0.180963 0.323035 -0.038146 
-0.492680 -0.856569 -4.237402 0.170912 0.323728 -0.039576 
-0.482921 -0.784929 -4.071275 0.162249 0.325463 -0.043046 
-0.433150 -0.659732 -3.947436 0.155598 0.327929 -0.035528 
-0.282934 -0.632125 -3.834613 0.149449 0.331116 -0.012855 
-0.077079 -0.564277 -3.955270 0.145878 0.338195 0.019628 
-0.081460 -0.518033 -4.198773 0.148466 0.347330 0.048569 
-0.178667 -0.607753 -4.487822 0.154058 0.358861 0.065445 
-0.267109 -0.742898 -4.678164 0.159642 0.373312 0.059728 
-0.265005 -0.843709 -4.817054 0.165188 0.388243 0.034225 
-0.066055 -0.981806 -4.712273 0.172179 0.401921 -0.000432 
0.107013 -1.036519 -4.379816 0.178286 0.410323 -0.039611 
0.070166 -1.202968 -4.086474 0.179312 0.417290 -0.071904 
-0.029543 -1.230240 -3.887424 0.182094 0.424137 -0.088265 
-0.114209 -1.207891 -3.687550 0.189103 0.428278 -0.080299 
-0.094825 -1.154271 -3.827727 0.194815 0.425666 -0.053434 
0.069846 -1.026276 -4.130927 0.193595 0.422210 -0.009951 
0.103273 -0.887971 -4.417571 0.186104 0.414210 0.031880 
-0.061778 -0.730304 -4.677416 0.178627 0.404120 0.052225 
-0.077001 -0.576940 -4.776845 0.172476 0.398089 0.056334 
-0.137274 -0.531710 -4.708648 0.165202 0.392467 0.047259 
-0.141572 -0.465049 -4.586993 0.158747 0.387959 0.024809 
-0.257232 -0.542361 -4.400297 0.154909 0.381200 0.002882 
-0.546101 -0.735234 -4.226570 0.151445 0.372152 -0.025830 
-0.733458 -0.844137 -4.062114 0.151685 0.365418 -0.045811 
-0.805164 -1.007317 -3.951694 0.156603 0.355494 -0.056036 
-0.767044 -1.060353 -3.909985 0.164617 0.347957 -0.049841 
-0.715705 -1.039466 -4.061930 0.174613 0.342778 -0.044588 
-0.755001 -1.116261 -4.130488 0.179689 0.335117 -0.036839 
-0.928285 -1.223653 -4.302846 0.183829 0.328756 -0.039156 
-0.950399 -1.188941 -4.256847 0.187271 0.325841 -0.051022 
-0.830154 -1.214704 -4.114794 0.186669 0.322745 -0.062346 
-0.526045 -1.113100 -3.915311 0.179350 0.321651 -0.071891 
-0.342982 -1.039106 -3.711353 0.169998 0.321875 -0.077883 
-0.341411 -0.961032 -3.552847 0.162827 0.321495 -0.071491 
-0.344061 -0.862407 -3.684380 0.157744 0.325245 -0.048797 
-0.242440 -0.717990 -4.008690 0.154182 0.331499 -0.011723 
-0.098232 -0.608635 -4.381308 0.153458 0.338719 0.037891 
-0.014411 -0.525790 -4.689739 0.156039 0.348236 0.076111 
-0.117384 -0.597365 -4.959679 0.158698 0.361231 0.087570 
-0.218507 -0.752271 -4.900284 0.162673 0.376384 0.076500 
-0.114608 -0.859210 -4.575999 0.166603 0.390330 0.045415 
0.033286 -0.978347 -4.198199 0.169666 0.401356 0.006158 
0.160306 -0.985560 -3.953121 0.173028 0.414038 -0.028898 
0.097573 -1.057202 -3.791825 0.179208 0.428140 -0.060885 
-0.108303 -1.190671 -3.878755 0.188912 0.437280 -0.069618 
-0.237020 -1.192131 -4.082214 0.196229 0.443016 -0.062777 
-0.200968 -1.171927 -4.358875 0.195934 0.443346 -0.034270 
-0.065754 -0.985077 -4.666617 0.191251 0.436834 -0.005796 
-0.026279 -0.755266 -4.833485 0.184878 0.426962 0.016880 
-0.076405 -0.670379 -4.728718 0.175971 0.414240 0.026507 
-0.169759 -0.585730 -4.529113 0.167508 0.404362 0.022668 
-0.161186 -0.492789 -4.332407 0.162215 0.393866 0.013852 
-0.205303 -0.499981 -4.221608 0.157961 0.379775 -0.001484 
-0.348641 -0.580334 -4.066143 0.153451 0.366330 -0.022172 
-0.548981 -0.718505 -4.119271 0.150764 0.351962 -0.037930 
-0.726531 -0.890856 -4.209389 0.154445 0.339464 -0.043988 
-0.669626 -0.933568 -4.203654 0.163993 0.329028 -0.040383 
-0.624588 -1.013919 -4.348651 0.173439 0.321285 -0.025801 
-0.495749 -1.029025 -4.458773 0.178722 0.318598 -0.018237 
-0.571372 -1.083202 -4.269055 0.182790 0.314484 -0.023470 
-0.639975 -1.130263 -4.087479 0.188033 0.313862 -0.030480 
-0.573445 -1.148566 -3.864712 0.188728 0.317828 -0.042901 
-0.336262 -1.143674 -3.684186 0.182293 0.321370 -0.053959 
-0.099632 -1.046925 -3.530395 0.173615 0.326700 -0.053193 
0.033904 -0.877546 -3.609817 0.166365 0.334555 -0.045457 
0.049984 -0.683364 -3.839666 0.159717 0.343971 -0.019203 
0.038849 -0.546157 -4.161388 0.152659 0.354737 0.019057 
0.206970 -0.413559 -4.500388 0.146481 0.366468 0.066917 
0.362360 -0.361798 -4.860388 0.142616 0.377851 0.101721 
0.399917 -0.404409 -4.802601 0.142333 0.387538 0.117835 
0.328740 -0.598104 -4.619327 0.142189 0.400523 0.104795 
0.230077 -0.715838 -4.386815 0.150108 0.415899 0.071417 
0.261836 -0.824517 -4.141725 0.165394 0.432363 0.028059 
0.335997 -0.930301 -4.049464 0.182343 0.443191 -0.019681 
0.297594 -1.096500 -4.154022 0.194474 0.454906 -0.062613 
0.153717 -1.265936 -4.331904 0.202197 0.459083 -0.085508 
-0.185482 -1.399367 -4.508901 0.207501 0.457033 -0.086933 
-0.257022 -1.336442 -4.540594 0.207755 0.451966 -0.066612 
-0.224399 -1.268805 -4.679619 0.202815 0.439224 -0.032388 
-0.028588 -1.021353 -4.615246 0.195204 0.425660 -0.004201 
-0.072277 -0.845451 -4.538566 0.186305 0.407970 0.008927 
-0.285784 -0.746637 -4.403879 0.175316 0.387877 0.016993 
-0.437240 -0.682095 -4.232178 0.163149 0.370169 0.011340 
-0.425006 -0.639347 -4.071753 0.152370 0.350629 0.001157 
-0.372570 -0.635131 -3.997273 0.145848 0.333493 -0.006422 
-0.365124 -0.654336 -3.996160 0.143315 0.318006 -0.019726 
-0.492101 -0.805456 -4.049103 0.143637 0.305350 -0.022262 
-0.641688 -0.966115 -4.117696 0.149504 0.297940 -0.018953 
-0.651057 -1.079208 -4.236500 0.160931 0.295527 -0.008310 
-0.576704 -1.196527 -4.265217 0.174293 0.296507 -0.010530 
-0.478853 -1.197759 -4.258886 0.186063 0.307005 -0.021656 
-0.409756 -1.243054 -3.997156 0.193632 0.316867 -0.038515 
-0.506080 -1.300455 -3.810573 0.197328 0.325871 -0.058690 
-0.439039 -1.246851 -3.638758 0.197232 0.341138 -0.078854 
-0.279316 -1.194276 -3.764907 0.192865 0.354379 -0.086860 
0.028083 -0.994601 -4.100361 0.183847 0.368419 -0.081419 
0.133904 -0.779344 -4.497386 0.174188 0.382588 -0.055526 
0.137742 -0.682846 -4.766938 0.163316 0.393230 -0.011498 
0.241687 -0.534569 -4.802497 0.153182 0.399351 0.039756 
0.372087 -0.477044 -4.699907 0.143702 0.405790 0.083998 
0.566141 -0.372005 -4.533383 0.142296 0.415412 0.113679 
0.501004 -0.353343 -4.426630 0.150574 0.425341 0.113329 
0.337610 -0.411545 -4.447591 0.162433 0.435152 0.097351 
0.154754 -0.716617 -4.290264 0.169959 0.445122 0.065940 
0.074559 -0.861310 -4.259559 0.175306 0.445921 0.023146 
-0.005138 -1.045219 -4.290151 0.180708 0.444239 -0.011648 
0.069147 -1.041597 -4.291147 0.183824 0.440321 -0.040389 
-0.066628 -1.171333 -4.367530 0.184929 0.430005 -0.057877 
-0.226931 -1.196357 -4.579304 0.186609 0.418525 -0.058491 
-0.353751 -1.206889 -4.573757 0.188728 0.404139 -0.045379 
-0.510949 -1.175076 -4.518217 0.188716 0.385084 -0.037910 
-0.501602 -1.012381 -4.415241 0.184734 0.368254 -0.030534 
-0.507911 -0.898149 -4.213544 0.179110 0.350719 -0.028851 
-0.636924 -0.781222 -3.933238 0.174550 0.334881 -0.034634 
-0.580280 -0.662307 -3.851048 0.169958 0.322834 -0.042674 
-0.490530 -0.665350 -3.939241 0.162445 0.312922 -0.046068 
-0.385947 -0.607140 -4.079706 0.156015 0.307920 -0.045908 
-0.393822 -0.666246 -4.283571 0.153041 0.305324 -0.031771 
-0.538820 -0.855855 -4.453459 0.151478 0.306230 -0.008600 
-0.651064 -1.005551 -4.359237 0.153252 0.311199 0.015786 
-0.562186 -1.078291 -4.144575 0.157603 0.317820 0.030912 
-0.379571 -1.050195 -3.906298 0.164637 0.326278 0.027377 
-0.224503 -0.905582 -3.701857 0.171983 0.339243 0.001613 
-0.144857 -0.946870 -3.615870 0.177340 0.354015 -0.020564 
-0.253178 -1.092521 -3.759514 0.180898 0.370078 -0.046818 
-0.285925 -1.164912 -4.057148 0.183094 0.387388 -0.071455 
-0.171538 -1.234605 -4.423421 0.183478 0.402184 -0.076372 
0.075765 -1.005975 -4.707376 0.181862 0.414852 -0.068180 
0.192653 -0.792802 -4.901910 0.178783 0.422725 -0.034532 
0.240961 -0.642337 -4.837524 0.173451 0.424056 0.010574 
0.307839 -0.490512 -4.498523 0.167006 0.419768 0.056424 
0.430415 -0.474058 -4.229241 0.158998 0.413676 0.090940 
0.551786 -0.339443 -4.121561 0.155358 0.410895 0.110682 
0.431769 -0.394931 -4.037170 0.156984 0.409499 0.108477 
0.248803 -0.485886 -4.230909 0.159295 0.407376 0.084255 
-0.043647 -0.712863 -4.359403 0.159932 0.407447 0.043633 
-0.165702 -0.810663 -4.461398 0.160451 0.403399 -0.002877 
-0.262857 -0.902502 -4.604806 0.163119 0.400055 -0.046673 
-0.268683 -0.883456 -4.687884 0.167910 0.394613 -0.075911 
-0.358933 -1.018733 -4.529556 0.171081 0.386357 -0.083930 
-0.506328 -1.146142 -4.306947 0.174761 0.376333 -0.073971 
-0.668810 -1.270022 -4.056009 0.179262 0.365753 -0.059809 
-0.673824 -1.258191 -3.784169 0.184649 0.351927 -0.046201 
-0.560556 -1.093701 -3.651649 0.185876 0.340678 -0.042485 
-0.510902 -0.934250 -3.810328 0.184152 0.332020 -0.034069 
-0.602134 -0.856116 -4.037060 0.182416 0.326225 -0.030809 
-0.613526 -0.808893 -4.254775 0.179701 0.322232 -0.034533 
-0.578120 -0.857760 -4.428324 0.173602 0.321603 -0.030101 
-0.418764 -0.819079 -4.658154 0.164655 0.326083 -0.021949 
-0.313264 -0.766573 -4.637270 0.159139 0.331416 -0.003343 
-0.387189 -0.789593 -4.475425 0.156839 0.336817 0.017456 
-0.442441 -0.862948 -4.209795 0.154989 0.345196 0.032813 
-0.397095 -0.909862 -3.978849 0.154504 0.353903 0.029358 
-0.251334 -0.918437 -3.741847 0.157561 0.360771 0.021276 
-0.086391 -0.881999 -3.676420 0.164003 0.369150 -0.001048 
0.003691 -0.945354 -3.870634 0.166659 0.376026 -0.026238 
-0.046071 -1.128045 -4.084442 0.167752 0.382676 -0.054571 
-0.072319 -1.175016 -4.305264 0.171260 0.390288 -0.077755 
0.007046 -1.144019 -4.559920 0.177476 0.397711 -0.085861 
0.228178 -0.998574 -4.631950 0.182808 0.406794 -0.070188 
0.322462 -0.825358 -4.600930 0.186497 0.414793 -0.034322 
0.321870 -0.747053 -4.492967 0.188179 0.420173 0.012358 
0.317997 -0.629411 -4.323038 0.186757 0.422603 0.053183 
0.348010 -0.518541 -4.141866 0.181447 0.423809 0.084542 
0.471552 -0.420857 -4.184921 0.172409 0.423485 0.099369 
0.395120 -0.408992 -4.364948 0.164746 0.420604 0.103876 
0.159424 -0.518097 -4.550293 0.157418 0.417023 0.086895 
-0.062065 -0.656424 -4.766406 0.151821 0.410244 0.053480 
-0.244122 -0.718918 -4.900667 0.149509 0.402160 0.017771 
-0.263558 -0.752077 -4.767749 0.150539 0.392631 -0.017740 
-0.313824 -0.783282 -4.493476 0.155100 0.380264 -0.043500 
-0.422331 -0.966053 -4.116525 0.160487 0.369014 -0.058964 
-0.543790 -1.181798 -3.729805 0.167405 0.358341 -0.063741 
-0.621568 -1.227335 -3.416152 0.175869 0.348779 -0.072407 
-0.582663 -1.143181 -3.453568 0.183888 0.340150 -0.070499 
-0.443696 -1.006005 -3.669829 0.188328 0.333645 -0.063871 
-0.416433 -0.914746 -4.032107 0.188852 0.327342 -0.056896 
-0.425729 -0.929968 -4.393772 0.186192 0.322484 -0.052183 
-0.403343 -0.949024 -4.681126 0.182073 0.319786 -0.044088 
-0.264144 -0.834963 -4.717761 0.177015 0.319554 -0.030490 
-0.058925 -0.646292 -4.638372 0.170267 0.322345 -0.002085 
-0.009471 -0.522939 -4.449271 0.164250 0.328113 0.034176 
-0.054348 -0.479794 -4.229908 0.159053 0.337261 0.061914 
-0.102872 -0.636085 -3.974177 0.155174 0.349470 0.074213 
0.043164 -0.712254 -3.811408 0.152290 0.363010 0.070771 
0.240449 -0.803902 -3.822336 0.150132 0.377987 0.047737 
0.389037 -0.795599 -3.998826 0.152191 0.394132 0.019491 
0.412329 -0.894657 -4.204842 0.157762 0.411400 -0.011566 
0.289901 -1.020819 -4.440426 0.164352 0.422622 -0.035307 
0.165055 -1.107764 -4.531005 0.174262 0.437218 -0.054814 
0.192381 -1.122860 -4.484615 0.182199 0.445632 -0.055212 
0.299225 -0.976206 -4.354740 0.187310 0.447752 -0.034560 
0.398621 -0.858671 -4.226299 0.188522 0.446008 -0.002775 
0.379005 -0.780271 -4.014320 0.186817 0.440859 0.030333 
0.330225 -0.688804 -4.011196 0.184551 0.434775 0.050745 
0.353059 -0.554029 -4.229244 0.181839 0.427560 0.066927 
0.352389 -0.474602 -4.570376 0.176153 0.419706 0.070061 
0.189558 -0.503108 -4.917927 0.168325 0.410230 0.057764 
-0.082409 -0.650118 -5.181924 0.161360 0.398459 0.028459 
-0.394583 -0.872787 -5.077201 0.157194 0.385824 -0.008099 
-0.516256 -0.958620 -4.748318 0.156501 0.373134 -0.043506 
-0.482922 -1.023541 -4.287863 0.158296 0.358815 -0.061127 
-0.461548 -1.021824 -3.811606 0.162809 0.343495 -0.063081 
-0.507378 -1.046314 -3.414648 0.167906 0.331242 -0.058507 
-0.627266 -1.219393 -3.379965 0.173699 0.322845 -0.051995 
-0.722489 -1.312726 -3.471904 0.180552 0.318435 -0.048301 
-0.678021 -1.311352 -3.710249 0.185100 0.316434 -0.053162 
-0.535523 -1.211298 -4.114526 0.184941 0.320131 -0.049866 
-0.450207 -1.062445 -4.429712 0.182352 0.325275 -0.051812 
-0.504700 -0.919472 -4.548822 0.178829 0.327254 -0.054072 
-0.457064 -0.809226 -4.521888 0.174327 0.331667 -0.042086 
-0.320737 -0.648533 -4.432166 0.168143 0.336353 -0.018107 
-0.051658 -0.507386 -4.323561 0.161419 0.340792 0.018215 
0.116229 -0.400597 -4.189706 0.156320 0.346875 0.051504 
0.112436 -0.428981 -4.169588 0.153387 0.355832 0.080080 
0.044835 -0.536167 -4.236815 0.151947 0.366798 0.086527 
0.115548 -0.617987 -4.313459 0.151564 0.377253 0.076339 
0.297562 -0.717809 -4.332826 0.151755 0.387840 0.051380 
0.413728 -0.754566 -4.537850 0.155247 0.400069 0.013894 
0.408189 -0.837503 -4.563351 0.164277 0.416066 -0.030226 
0.284665 -1.005041 -4.466762 0.176983 0.430478 -0.061335 
0.136785 -1.099204 -4.344610 0.189071 0.443108 -0.078207 
0.075343 -1.132388 -4.198808 0.195383 0.450905 -0.064982 
0.135351 -1.057478 -4.085787 0.197075 0.450468 -0.035499 
0.177966 -0.910940 -4.113961 0.195253 0.446664 -0.003549 
0.187960 -0.839202 -4.239866 0.190321 0.437888 0.021530 
0.174621 -0.738317 -4.400547 0.184938 0.428898 0.040919 
0.156522 -0.594451 -4.619386 0.180173 0.419743 0.043435 
0.109271 -0.453796 -4.941847 0.174413 0.407174 0.047739 
-0.050109 -0.392767 -4.978962 0.164953 0.394222 0.034521 
-0.311347 -0.542747 -4.875656 0.154583 0.379365 0.010654 
-0.531913 -0.760719 -4.624268 0.149216 0.364950 -0.011376 
-0.611587 -0.888486 -4.198437 0.150344 0.352264 -0.027019 
-0.499370 -0.965997 -3.742117 0.153224 0.339422 -0.032355 
-0.421380 -0.921740 -3.504638 0.156471 0.326423 -0.039224 
-0.467731 -0.916045 -3.478395 0.162597 0.318720 -0.041131 
-0.553060 -0.997303 -3.756734 0.172919 0.318181 -0.046265 
-0.595725 -1.068173 -3.980975 0.181568 0.318005 -0.051652 
-0.565715 -1.149745 -4.164623 0.182629 0.314718 -0.055790 
-0.359105 -1.011414 -4.205139 0.177937 0.314467 -0.060422 
-0.237278 -0.852846 -4.106638 0.172845 0.315845 -0.067508 
-0.130278 -0.714438 -3.969277 0.168087 0.317816 -0.062571 
-0.009482 -0.603468 -3.882570 0.161058 0.324202 -0.044839 
0.180639 -0.459847 -3.818319 0.153823 0.332741 -0.006873 
0.415911 -0.236859 -3.971185 0.149114 0.342579 0.038820 
0.594593 -0.126103 -4.207980 0.145671 0.354954 0.072770 
0.650387 -0.176900 -4.341217 0.141006 0.368446 0.087024 
0.638566 -0.389901 -4.453972 0.139010 0.384220 0.083474 
0.768452 -0.427734 -4.671096 0.145878 0.402985 0.059575 
0.993416 -0.479443 -4.668462 0.158799 0.422964 0.032639 
1.095437 -0.454893 -4.719589 0.169295 0.439425 -0.002591 
1.151187 -0.479188 -4.654453 0.179575 0.457237 -0.031856 
1.154544 -0.616472 -4.392805 0.185976 0.468180 -0.051961 
1.105747 -0.701340 -4.059801 0.189026 0.473517 -0.049994 
1.196358 -0.664850 -3.964008 0.187728 0.476943 -0.027834 
1.357954 -0.522759 -4.097496 0.184822 0.477007 0.005921 
1.443552 -0.166349 -4.411153 0.183709 0.475799 0.034350 
1.469268 -0.057735 -4.742933 0.180179 0.470306 0.059530 
1.371625 0.001131 -5.110006 0.170922 0.460740 0.067430 
1.312602 0.052867 -5.132619 0.159045 0.447952 0.061755 
1.448854 0.171779 -4.956771 0.147104 0.429769 0.050218 
1.521163 0.359333 -4.611283 0.138329 0.412315 0.030009 
1.520414 0.411437 -4.257066 0.132414 0.395506 0.008204 
1.497322 0.273446 -3.914290 0.130295 0.379555 -0.008288 
1.403306 0.174548 -3.767598 0.133243 0.366276 -0.015170 
1.481767 0.037584 -3.780785 0.137003 0.354517 -0.000583 
1.666184 0.001499 -3.873471 0.141056 0.347359 0.028497 
1.758017 0.074342 -3.959877 0.146462 0.345306 0.062058 
1.853065 -0.008697 -4.080544 0.152378 0.347561 0.092251 
1.854096 -0.051485 -4.077843 0.156733 0.357023 0.099247 
1.928972 -0.043850 -4.030097 0.159222 0.371485 0.086004 
2.107608 -0.015123 -4.001686 0.159182 0.389326 0.065993 
2.217622 0.132025 -4.025500 0.157844 0.408736 0.036021 
2.252555 0.229567 -3.977195 0.154348 0.426846 0.018793 
2.345089 0.281274 -4.109232 0.148326 0.444005 0.013983 
2.409921 0.395901 -4.264334 0.144024 0.458737 0.021084 
2.538103 0.468481 -4.440518 0.142527 0.471043 0.046037 
2.648736 0.427782 -4.647834 0.143438 0.482082 0.065641 
2.630420 0.413229 -4.859231 0.146875 0.490710 0.093291 
2.678049 0.347666 -4.816618 0.151586 0.495942 0.116005 
2.724540 0.373914 -4.619475 0.155166 0.498792 0.131106 
2.780051 0.445615 -4.270324 0.155850 0.497164 0.140767 
2.852753 0.409426 -3.909726 0.153052 0.491230 0.140629 
2.849172 0.412303 -3.628953 0.148075 0.483243 0.126239 
2.766076 0.385583 -3.653857 0.141412 0.471518 0.102213 
2.686133 0.364694 -3.923350 0.133520 0.458086 0.079626 
2.633584 0.421443 -4.270449 0.126356 0.443835 0.055395 
2.522448 0.447492 -4.524720 0.121836 0.426550 0.040662 
2.445389 0.490544 -4.739915 0.120030 0.410216 0.044037 
2.349500 0.493862 -4.663953 0.121291 0.396725 0.042313 
2.275140 0.479918 -4.454257 0.127258 0.386141 0.048095 
2.263425 0.437082 -4.245195 0.138039 0.382301 0.061969 
2.237564 0.348522 -4.094941 0.149129 0.383510 0.070565 
2.195745 0.283730 -3.879188 0.161332 0.389220 0.072513 
2.223399 0.246470 -3.882207 0.170080 0.399166 0.074822 
2.241579 0.236479 -3.924707 0.172905 0.410325 0.072895 
2.178410 0.234686 -4.023440 0.169475 0.421573 0.069628 
2.141411 0.253745 -4.212599 0.160424 0.432459 0.065952 
2.130797 0.282355 -4.477558 0.148569 0.442985 0.066012 
2.097431 0.368337 -4.627587 0.137097 0.452913 0.064695 
2.110883 0.441144 -4.641043 0.127004 0.461067 0.068419 
2.098275 0.487483 -4.502908 0.119917 0.467850 0.074269 
2.068002 0.514796 -4.313051 0.116703 0.473116 0.077220 
2.078382 0.503519 -4.051767 0.118864 0.476256 0.076405 
2.091155 0.539717 -3.973783 0.126512 0.478853 0.072374 
2.133429 0.561582 -4.072834 0.137784 0.480597 0.067710 
2.181020 0.516975 -4.300762 0.150529 0.480004 0.064843 
2.141913 0.434877 -4.533293 0.161355 0.476365 0.061382 
2.101374 0.294105 -4.700291 0.167108 0.468593 0.063543 
2.065704 0.239084 -4.637470 0.166549 0.456100 0.067800 
2.038636 0.295819 -4.450574 0.160666 0.441456 0.067274 
2.023008 0.378901 -4.198284 0.151597 0.426443 0.067189 
1.963212 0.486189 -4.021786 0.141872 0.413007 0.069402 
1.890277 0.529884 -3.862310 0.132815 0.403181 0.073454 
1.917099 0.495124 -3.948811 0.125203 0.397821 0.076971 
1.933325 0.483578 -4.107448 0.120798 0.396843 0.070796 
1.944484 0.503396 -4.281936 0.120142 0.399349 0.056375 
1.945096 0.544813 -4.417088 0.122841 0.406341 0.043827 
1.888527 0.608792 -4.535770 0.128400 0.415012 0.042501 
1.847714 0.624269 -4.481410 0.135229 0.423932 0.051573 
1.861796 0.559684 -4.313381 0.141523 0.433197 0.067679 
1.849030 0.499887 -4.138444 0.146389 0.441211 0.082221 
1.830413 0.448921 -3.969463 0.148741 0.447529 0.089207 
1.811012 0.476939 -3.810347 0.147948 0.453386 0.086728 
1.763174 0.559670 -3.867330 0.145122 0.457467 0.075454 
1.763516 0.623812 -4.052668 0.139949 0.461399 0.060453 
1.788344 0.632001 -4.291614 0.134560 0.465823 0.050418 
1.771672 0.564362 -4.541033 0.131029 0.469852 0.046969 
1.773513 0.462426 -4.786579 0.129681 0.473471 0.052164 
1.759222 0.390170 -4.775077 0.130772 0.475274 0.058434 
1.751849 0.387212 -4.596560 0.133312 0.474356 0.062203 
1.772549 0.418036 -4.328328 0.136585 0.469890 0.062445 
1.784997 0.434754 -3.997769 0.140073 0.462399 0.058262 
1.783866 0.428150 -3.743936 0.142590 0.454330 0.053061 
1.789482 0.372768 -3.683971 0.144297 0.444595 0.048885 
1.787962 0.349321 -3.810310 0.144788 0.435239 0.047043 
1.753921 0.352862 -4.054172 0.143687 0.427768 0.048548 
1.731109 0.357808 -4.305971 0.140835 0.422234 0.054125 
1.696408 0.375716 -4.571093 0.136460 0.418896 0.061839 
1.664044 0.373352 -4.567099 0.131925 0.418742 0.067275 
1.670516 0.351326 -4.459225 0.129195 0.421351 0.070264 
1.647852 0.339448 -4.264823 0.129084 0.426831 0.069293 
1.617037 0.321226 -4.109534 0.131494 0.433900 0.065979 
1.578037 0.294858 -3.943669 0.135931 0.440925 0.061140 
1.531286 0.259551 -3.975893 0.140474 0.446981 0.058390 
1.502893 0.204890 -4.087901 0.143933 0.451579 0.059777 
1.478411 0.155609 -4.259888 0.146634 0.454925 0.065322 
1.449603 0.112276 -4.425109 0.148732 0.457922 0.072604 
1.424829 0.072731 -4.651533 0.150218 0.462048 0.080368 
1.370098 0.038999 -4.701613 0.151235 0.466830 0.083032 
1.286902 0.010313 -4.644517 0.151297 0.472359 0.080222 
1.210492 -0.021756 -4.502910 0.150370 0.477434 0.072891 
1.132424 -0.040067 -4.311813 0.148894 0.480984 0.062632 
1.074153 -0.060728 -4.089235 0.146930 0.481807 0.052436 
1.020822 -0.082951 -4.040666 0.145454 0.479855 0.046619 
0.940842 -0.105672 -4.137819 0.145257 0.475061 0.045516 
0.846735 -0.152993 -4.329658 0.146495 0.467129 0.048840 
0.763716 -0.209279 -4.519719 0.148482 0.457305 0.054959 
0.670589 -0.263706 -4.718801 0.150639 0.445928 0.060658 
0.588241 -0.308100 -4.652210 0.152857 0.434051 0.061659 
0.507903 -0.332740 -4.428182 0.154080 0.423378 0.057336 
0.428505 -0.348133 -4.128726 0.154718 0.414401 0.047710 
0.352587 -0.360152 -3.892774 0.155060 0.408654 0.035211 
0.289879 -0.387991 -3.695145 0.154494 0.405776 0.022224 
0.225140 -0.412760 -3.761087 0.154122 0.405348 0.012843 
0.160742 -0.446881 -3.959467 0.152888 0.406373 0.008060 
0.085942 -0.474858 -4.238259 0.151535 0.408162 0.006957 
-0.010970 -0.474199 -4.493559 0.151173 0.410408 0.007904 
-0.089063 -0.461640 -4.752643 0.152032 0.412818 0.009475 
-0.172581 -0.441656 -4.774366 0.154212 0.415615 0.008546 
-0.232852 -0.431066 -4.650299 0.157617 0.418606 0.005251 
-0.289933 -0.463017 -4.472402 0.161845 0.422789 0.000027 
-0.342937 -0.499831 -4.268943 0.166522 0.427029 -0.007544 
-0.400735 -0.550319 -4.050283 0.170134 0.431482 -0.016380 
-0.431483 -0.587908 -4.057174 0.172578 0.435592 -0.023452 
-0.463472 -0.607189 -4.146655 0.173228 0.438202 -0.028614 
-0.476706 -0.613296 -4.318501 0.172541 0.439454 -0.032304 
-0.492171 -0.605550 -4.484801 0.170185 0.438341 -0.032930 
-0.510333 -0.573577 -4.706805 0.166236 0.434304 -0.030319 
-0.533707 -0.526318 -4.719505 0.161258 0.427702 -0.025441 
-0.564962 -0.457875 -4.584235 0.156259 0.419139 -0.018797 
-0.592598 -0.395249 -4.369435 0.151701 0.408914 -0.011754 
-0.594804 -0.334121 -4.145739 0.148271 0.398988 -0.005047 
-0.602547 -0.283947 -3.886602 0.146044 0.389662 -0.001127 
-0.615793 -0.267460 -3.859211 0.145515 0.382303 0.000925 
-0.618752 -0.277242 -3.950796 0.146418 0.377169 0.000781 
-0.630945 -0.299892 -4.127963 0.148030 0.374110 -0.002156 
-0.652992 -0.334868 -4.301894 0.150673 0.373120 -0.007172 
-0.652743 -0.379740 -4.486426 0.153579 0.373502 -0.012328 
-0.672486 -0.424477 -4.454169 0.156141 0.375137 -0.018809 
-0.673587 -0.453414 -4.292087 0.158015 0.377111 -0.024094 
-0.682389 -0.459996 -4.073526 0.158913 0.380003 -0.027066 
-0.684449 -0.449827 -3.868929 0.158488 0.382956 -0.027665 
-0.687248 -0.439047 -3.676028 0.156781 0.386874 -0.026871 
-0.654969 -0.432056 -3.711799 0.154115 0.391535 -0.023375 
-0.604804 -0.428369 -3.889917 0.150801 0.396854 -0.019357 
-0.561787 -0.415438 -4.149661 0.147872 0.403004 -0.015419 
-0.498911 -0.390100 -4.388496 0.145523 0.409113 -0.012111 
-0.455248 -0.370908 -4.630438 0.144407 0.414783 -0.008392 
-0.418632 -0.339856 -4.650860 0.145126 0.419809 -0.005249 
-0.395845 -0.312327 -4.531188 0.146933 0.422715 -0.001981 
-0.385843 -0.307992 -4.341628 0.149531 0.424161 0.001236 
-0.373481 -0.324514 -4.162261 0.152469 0.423384 0.004348 
-0.356389 -0.340017 -3.977976 0.155256 0.421136 0.005768 
-0.347269 -0.365509 -3.993542 0.157658 0.418009 0.006386 
-0.322265 -0.405961 -4.113848 0.158843 0.414103 0.005220 
-0.253066 -0.449047 -4.247370 0.158752 0.408353 0.002256 
-0.215517 -0.526483 -4.393135 0.156953 0.403856 -0.002757 
-0.136247 -0.545233 -4.573179 0.157198 0.401395 -0.007723 
-0.143870 -0.575717 -4.575945 0.160353 0.401526 -0.012719 
-0.180221 -0.547109 -4.515491 0.165349 0.404082 -0.015974 
-0.245771 -0.585500 -4.380972 0.168727 0.408050 -0.015647 
-0.254012 -0.588255 -4.248476 0.170303 0.410200 -0.013224 
-0.275419 -0.587845 -4.077010 0.170603 0.414924 -0.009489 
-0.228560 -0.559388 -4.134193 0.170832 0.419601 -0.003580 
-0.204051 -0.543861 -4.246856 0.169996 0.422137 0.001138 
-0.193187 -0.532571 -4.424733 0.166554 0.424579 0.005410 
-0.184326 -0.525411 -4.587482 0.161313 0.426932 0.008972 
-0.187796 -0.468752 -4.850695 0.157543 0.428354 0.011385 
-0.185600 -0.428069 -4.844863 0.154777 0.427490 0.011137 
-0.177742 -0.452796 -4.649314 0.150741 0.425091 0.008915 
-0.166163 -0.464912 -4.406681 0.147275 0.422565 0.003836 
-0.154696 -0.466930 -4.141674 0.148219 0.419761 -0.001068 
-0.167293 -0.444144 -3.892094 0.152378 0.417240 -0.006026 
-0.185426 -0.439211 -3.903784 0.156903 0.416035 -0.008339 
-0.221472 -0.467008 -4.076515 0.161036 0.415830 -0.007055 
-0.288225 -0.494877 -4.316497 0.166120 0.415856 -0.003914 
-0.302464 -0.524390 -4.553813 0.170258 0.414936 -0.001177 
-0.290788 -0.587043 -4.792262 0.170320 0.413621 0.000751 
-0.265667 -0.586284 -4.764188 0.168410 0.412096 -0.000896 
-0.227294 -0.539286 -4.572296 0.166826 0.409519 -0.003235 
-0.215996 -0.481994 -4.331155 0.164814 0.406652 -0.004658 
-0.230609 -0.424174 -4.119926 0.160381 0.404830 -0.004687 
-0.250836 -0.413083 -3.931662 0.155295 0.403224 -0.003354 
-0.272624 -0.397560 -3.943528 0.151536 0.402620 -0.000076 
-0.277388 -0.408463 -4.067213 0.149213 0.403241 0.002201 
-0.281785 -0.425126 -4.236598 0.146850 0.405197 0.002492 
-0.268180 -0.409068 -4.380617 0.145850 0.408277 -0.000111 
-0.240239 -0.371083 -4.521056 0.147423 0.411176 -0.001881 
-0.245252 -0.347892 -4.469539 0.149828 0.413891 -0.003932 
-0.248458 -0.349149 -4.330440 0.151737 0.416574 -0.004301 
-0.259961 -0.372768 -4.147865 0.153644 0.417679 -0.001837 
-0.281515 -0.385809 -3.978833 0.156105 0.417239 0.001701 
-0.287328 -0.385116 -3.805053 0.157546 0.415255 0.004210 
-0.265883 -0.385400 -3.850762 0.156920 0.412055 0.006789 
-0.234001 -0.357588 -4.022419 0.155378 0.408903 0.007783 
-0.204973 -0.328280 -4.232779 0.154329 0.405297 0.007779 
-0.181413 -0.341128 -4.459845 0.152497 0.402762 0.006777 
-0.163890 -0.374791 -4.696854 0.150836 0.402365 0.005410 
-0.174620 -0.400605 -4.741454 0.151452 0.403482 0.002552 
-0.197718 -0.394849 -4.618642 0.154684 0.406498 -0.000210 
-0.236470 -0.408552 -4.426577 0.158409 0.410372 -0.002724 
-0.243231 -0.421283 -4.195301 0.161354 0.413922 -0.004224 
-0.253078 -0.437005 -3.965109 0.163152 0.417206 -0.004527 
-0.252204 -0.428966 -3.934229 0.164492 0.419693 -0.001866 
-0.231046 -0.442391 -4.033570 0.163612 0.420992 0.001687 
-0.226519 -0.473505 -4.198429 0.160511 0.421353 0.004685 
-0.205637 -0.477321 -4.376753 0.156488 0.420939 0.005775 
-0.203911 -0.480169 -4.572647 0.153425 0.420277 0.005232 
-0.206358 -0.433042 -4.589110 0.151505 0.419732 0.001306 
-0.232698 -0.397882 -4.473025 0.149962 0.419234 -0.003161 
-0.255659 -0.373919 -4.311797 0.149626 0.418516 -0.006323 
-0.290099 -0.360178 -4.137636 0.150659 0.417399 -0.007564 
-0.290829 -0.391500 -3.940683 0.152358 0.416030 -0.006454 
-0.290048 -0.427849 -3.952307 0.153714 0.413725 -0.002828 
-0.276111 -0.446384 -4.057888 0.155691 0.411064 0.001470 
-0.256383 -0.460243 -4.234296 0.158029 0.408183 0.005492 
-0.245269 -0.469409 -4.403975 0.160233 0.405072 0.007061 
-0.246632 -0.489588 -4.618060 0.161550 0.402522 0.006771 
-0.246734 -0.504939 -4.620260 0.162246 0.400885 0.003340 
-0.275074 -0.514066 -4.483174 0.162479 0.399901 -0.002649 
-0.290930 -0.516009 -4.282108 0.161639 0.400256 -0.009224 
-0.308407 -0.516725 -4.069969 0.159520 0.401385 -0.015349 
-0.323251 -0.495540 -3.842098 0.157556 0.403462 -0.019857 
-0.289223 -0.468236 -3.830279 0.155354 0.406005 -0.019190 
-0.259927 -0.455332 -3.952074 0.153378 0.409176 -0.014149 
-0.243012 -0.425005 -4.164636 0.151683 0.412366 -0.005537 
-0.231066 -0.425370 -4.338581 0.150894 0.414904 0.003196 
-0.219738 -0.417109 -4.628577 0.150653 0.417374 0.013328 
-0.221753 -0.401749 -4.674621 0.151084 0.419135 0.018951 
-0.222698 -0.404147 -4.575482 0.151704 0.419894 0.019338 
-0.214598 -0.387720 -4.394150 0.152939 0.419908 0.015085 
-0.203918 -0.389853 -4.183958 0.154364 0.419121 0.007423 
-0.195076 -0.408359 -3.948071 0.155671 0.418140 -0.002257 
-0.170800 -0.436935 -3.942287 0.157250 0.417467 -0.009465 
-0.181821 -0.478593 -4.077828 0.159207 0.417158 -0.013269 
-0.183976 -0.493184 -4.274880 0.162006 0.417581 -0.013490 
-0.210994 -0.499468 -4.489314 0.164368 0.418284 -0.010609 
-0.225733 -0.491873 -4.719883 0.165873 0.418724 -0.004825 
-0.243793 -0.461916 -4.713785 0.166236 0.418969 0.000440 
-0.243540 -0.436618 -4.549781 0.164800 0.418197 0.004695 
-0.238709 -0.417689 -4.317781 0.161390 0.416801 0.007541 
-0.225180 -0.391650 -4.079084 0.156910 0.414480 0.008599 
-0.220100 -0.379217 -3.843410 0.152167 0.412303 0.007078 
-0.216548 -0.368063 -3.831099 0.147908 0.410262 0.005358 
-0.238971 -0.353531 -3.972086 0.144951 0.408428 0.003273 
-0.258749 -0.345427 -4.177100 0.143561 0.407157 0.001315 
-0.277508 -0.358679 -4.376261 0.143950 0.406065 -0.000246 
-0.292794 -0.376936 -4.611313 0.145754 0.405242 -0.000686 
-0.305585 -0.401025 -4.613432 0.148953 0.405038 -0.002030 
-0.298820 -0.418086 -4.444739 0.152686 0.404199 -0.003119 
-0.299747 -0.440599 -4.226557 0.156695 0.403788 -0.003964 
-0.290103 -0.459914 -4.008227 0.159929 0.403591 -0.004369 
-0.271212 -0.475056 -3.788311 0.162555 0.403329 -0.004976 
-0.268130 -0.481219 -3.823669 0.164122 0.403887 -0.004181 
-0.265919 -0.494488 -4.009449 0.164039 0.405042 -0.002963 
-0.265743 -0.488419 -4.252528 0.162647 0.406510 -0.002198 
-0.276471 -0.484896 -4.492316 0.160265 0.408624 -0.002067 
-0.271041 -0.473312 -4.741253 0.157467 0.410725 -0.002042 
-0.265613 -0.446451 -4.743703 0.154764 0.413369 -0.003309 
-0.254722 -0.415308 -4.585754 0.152728 0.416148 -0.004342 
-0.247725 -0.391159 -4.351763 0.151923 0.418753 -0.004258 
-0.250053 -0.378164 -4.123168 0.151839 0.421137 -0.002582 
-0.256420 -0.378862 -3.907496 0.152623 0.422783 -0.000391 
-0.265177 -0.403094 -3.908427 0.153894 0.423895 0.002891 
-0.267339 -0.411967 -4.029655 0.155123 0.424122 0.005765 
-0.265275 -0.438087 -4.236897 0.156238 0.423172 0.006750 
-0.263682 -0.444286 -4.426525 0.156850 0.421270 0.005312 
-0.255148 -0.451687 -4.642782 0.156976 0.418459 0.002795 
-0.255426 -0.452801 -4.649980 0.156969 0.415201 -0.002000 
-0.262979 -0.448438 -4.515828 0.156990 0.411785 -0.006562 
-0.277860 -0.456864 -4.314666 0.157235 0.408601 -0.009792 
-0.299258 -0.454204 -4.140548 0.158038 0.405954 -0.010803 
-0.318486 -0.461244 -3.930162 0.158611 0.403764 -0.010073 
-0.305376 -0.463246 -3.939464 0.159090 0.402246 -0.006749 
-0.296005 -0.455508 -4.052609 0.159158 0.401444 -0.002224 
-0.278060 -0.462823 -4.225060 0.158806 0.401155 0.001922 
-0.258260 -0.465513 -4.423572 0.158006 0.401716 0.004652 
-0.236859 -0.461871 -4.608479 0.156767 0.402742 0.006324 
-0.238295 -0.457094 -4.592292 0.155511 0.404659 0.004729 
-0.256172 -0.444659 -4.439871 0.154612 0.406864 0.001208 
-0.280641 -0.429071 -4.225130 0.153568 0.409393 -0.002796 
-0.298506 -0.416378 -4.012017 0.152669 0.411590 -0.006264 
-0.301332 -0.403341 -3.801472 0.151781 0.413683 -0.008770 
-0.288878 -0.405304 -3.822550 0.150970 0.415224 -0.008044 
-0.270774 -0.417566 -3.971832 0.150742 0.416170 -0.005183 
-0.253082 -0.420741 -4.195581 0.150903 0.416944 -0.001206 
-0.231787 -0.426414 -4.411352 0.152013 0.417311 0.002982 
-0.228135 -0.431269 -4.657904 0.153923 0.417519 0.006813 
-0.228293 -0.426336 -4.685049 0.156371 0.417436 0.007828 
-0.238653 -0.432141 -4.563964 0.158890 0.416917 0.006396 
-0.247759 -0.437372 -4.419022 0.160769 0.416192 0.004032 
-0.257702 -0.466471 -4.228644 0.162155 0.415070 0.000100 
-0.259667 -0.481928 -4.004679 0.163159 0.413604 -0.004753 
-0.249407 -0.494021 -3.975547 0.163078 0.412177 -0.008040 
-0.243857 -0.502991 -4.091989 0.162703 0.410999 -0.009733 
-0.234977 -0.505611 -4.274303 0.162057 0.410387 -0.009337 
-0.230645 -0.498773 -4.459873 0.161314 0.410674 -0.007662 
-0.238814 -0.500586 -4.690840 0.160345 0.411150 -0.003990 
-0.246360 -0.486782 -4.696108 0.159313 0.412074 -0.001303 
-0.253607 -0.464530 -4.557608 0.158172 0.413074 0.000761 
-0.261724 -0.441404 -4.335646 0.157032 0.413876 0.001933 
-0.248692 -0.429810 -4.142029 0.155665 0.414240 0.002441 
-0.243640 -0.412303 -3.894438 0.154170 0.414174 0.001824 
-0.232477 -0.407617 -3.883588 0.153084 0.414000 0.002282 
-0.222718 -0.410333 -4.015904 0.152275 0.413471 0.003044 
-0.216182 -0.413369 -4.240887 0.152430 0.412978 0.003711 
-0.227351 -0.432941 -4.455802 0.153262 0.412506 0.003942 
-0.225572 -0.444514 -4.711841 0.154642 0.412048 0.004025 
-0.233978 -0.452855 -4.730772 0.156668 0.412010 0.002153 
-0.236931 -0.457275 -4.584567 0.159038 0.412101 -0.001085 
-0.237883 -0.453323 -4.357260 0.160981 0.412267 -0.004030 
-0.229164 -0.454446 -4.131401 0.162412 0.412650 -0.006116 
-0.238074 -0.460553 -3.895948 0.162833 0.413345 -0.007325 
-0.227490 -0.466877 -3.878889 0.162312 0.413938 -0.005812 
-0.235180 -0.469550 -4.016902 0.161171 0.414683 -0.002705 
-0.239239 -0.463028 -4.214298 0.158975 0.415127 0.000589 
-0.248899 -0.451850 -4.419309 0.156166 0.415420 0.003353 
-0.251680 -0.426378 -4.632553 0.153301 0.415193 0.005480 
-0.258520 -0.399809 -4.637844 0.151074 0.414770 0.005203 
-0.259422 -0.375030 -4.484637 0.148507 0.413705 0.002715 
-0.257753 -0.353229 -4.252371 0.147203 0.412420 0.000168 
-0.253587 -0.352536 -4.033657 0.147199 0.411210 -0.001990 
-0.260413 -0.354816 -3.818151 0.148294 0.409791 -0.003630 
-0.253940 -0.367121 -3.833832 0.150303 0.408695 -0.002809 
-0.262312 -0.389243 -3.975264 0.152723 0.408007 -0.000716 
-0.271790 -0.410842 -4.188863 0.155471 0.407147 0.001635 
-0.273285 -0.429200 -4.419992 0.157926 0.406423 0.003117 
-0.264701 -0.452592 -4.637437 0.159386 0.405813 0.003872 
-0.268883 -0.469382 -4.654411 0.160069 0.405740 0.002125 
-0.265991 -0.456919 -4.525009 0.160794 0.405701 -0.001308 
-0.274279 -0.454414 -4.341931 0.160474 0.406109 -0.005225 
-0.280565 -0.444060 -4.150519 0.159889 0.406698 -0.008271 
-0.283521 -0.436713 -3.930564 0.158800 0.408120 -0.010332 
-0.276602 -0.435051 -3.911785 0.157689 0.409887 -0.009139 
-0.274659 -0.438071 -4.030617 0.156389 0.411806 -0.005599 
-0.264325 -0.437477 -4.252358 0.154963 0.413778 -0.001393 
-0.255616 -0.428975 -4.435369 0.154234 0.415953 0.003051 
-0.255852 -0.431578 -4.657258 0.153583 0.417712 0.006818 
-0.245963 -0.423624 -4.669047 0.153484 0.418892 0.007442 
-0.248148 -0.417937 -4.534313 0.154158 0.419654 0.005825 
-0.266819 -0.427058 -4.334167 0.154714 0.419939 0.002550 
-0.274685 -0.431450 -4.153295 0.155794 0.418909 -0.001376 
-0.276657 -0.456292 -3.930688 0.156892 0.417727 -0.005810 
-0.278400 -0.476952 -3.945350 0.157873 0.415338 -0.008499 
-0.262629 -0.491579 -4.067519 0.158751 0.413518 -0.008818 
-0.253730 -0.501759 -4.274512 0.159822 0.411666 -0.007815 
-0.257483 -0.512661 -4.472496 0.160559 0.410094 -0.006158 
-0.267311 -0.503580 -4.705180 0.161596 0.408868 -0.003030 
-0.268869 -0.500929 -4.711232 0.162258 0.408313 -0.001108 
-0.276733 -0.486934 -4.571887 0.162667 0.408166 -0.000344 
-0.289949 -0.478725 -4.378070 0.162385 0.408425 -0.000602 
-0.294132 -0.466410 -4.181826 0.161494 0.408621 -0.001383 
-0.303882 -0.459948 -3.930272 0.159912 0.409224 -0.003507 
-0.296027 -0.445717 -3.924431 0.157766 0.409743 -0.004328 
-0.280796 -0.452731 -4.041794 0.155480 0.410219 -0.004510 
-0.272579 -0.447763 -4.231997 0.153440 0.410857 -0.004111 
-0.273442 -0.455262 -4.424840 0.151950 0.411555 -0.003085 
-0.269468 -0.450735 -4.641366 0.151513 0.412422 -0.001448 
-0.283863 -0.437294 -4.643477 0.152080 0.413392 -0.001034 
-0.286689 -0.430827 -4.503626 0.153242 0.414066 -0.001044 
-0.284783 -0.418885 -4.301685 0.154923 0.414414 -0.001862 
-0.283183 -0.413724 -4.090638 0.156557 0.414378 -0.002240 
-0.274404 -0.419712 -3.867139 0.157794 0.413900 -0.003245 
-0.255831 -0.430090 -3.880214 0.158537 0.413292 -0.002622 
-0.242438 -0.436455 -4.036042 0.158831 0.412646 -0.001362 
-0.227309 -0.434273 -4.242244 0.158706 0.411903 0.000081 
-0.225512 -0.432384 -4.478198 0.158251 0.411256 0.001503 
-0.222142 -0.422781 -4.704140 0.157530 0.410792 0.003153 
-0.227258 -0.409501 -4.682872 0.156976 0.410639 0.003187 
-0.231641 -0.388261 -4.526853 0.156150 0.410654 0.002269 
-0.227820 -0.372840 -4.329871 0.155125 0.411081 0.001275 
-0.225349 -0.364937 -4.113393 0.154367 0.411321 0.000399 
-0.230351 -0.363042 -3.855605 0.153720 0.412083 -0.000880 
-0.225994 -0.365047 -3.825375 0.152742 0.412621 -0.000203 
-0.222546 -0.376103 -3.930201 0.152189 0.413278 0.001419 
-0.233487 -0.378569 -4.136730 0.151694 0.413863 0.003173 
-0.245975 -0.389508 -4.342340 0.151460 0.414454 0.004385 
-0.245636 -0.388755 -4.578303 0.151478 0.414104 0.005474 
-0.262969 -0.394740 -4.616027 0.151749 0.413461 0.004264 
-0.260065 -0.395502 -4.489199 0.152221 0.412559 0.002016 
-0.274120 -0.385969 -4.280263 0.153234 0.411289 -0.000911 
-0.274735 -0.393054 -4.103537 0.154461 0.409925 -0.003340 
-0.281975 -0.405612 -3.876780 0.155643 0.408980 -0.005517 
-0.288863 -0.426938 -3.869074 0.157096 0.408064 -0.005531 
-0.294444 -0.450148 -4.026614 0.158546 0.407546 -0.004404 
-0.291121 -0.471759 -4.225598 0.159854 0.407642 -0.002888 
-0.299525 -0.477323 -4.432030 0.160463 0.407921 -0.001899 
-0.307089 -0.492490 -4.668786 0.160846 0.408481 -0.000832 
-0.306322 -0.486955 -4.675976 0.160725 0.409146 -0.001914 
-0.296970 -0.485167 -4.527548 0.159930 0.409724 -0.003926 
-0.308210 -0.479210 -4.317281 0.158828 0.410440 -0.006094 
-0.304627 -0.472976 -4.108743 0.157737 0.411053 -0.007620 
-0.307524 -0.470494 -3.891147 0.156455 0.411614 -0.008600 
-0.302695 -0.464133 -3.892725 0.155538 0.412158 -0.007412 
-0.297908 -0.467175 -4.040053 0.154884 0.412912 -0.004964 
-0.280902 -0.469529 -4.260142 0.154889 0.413402 -0.002264 
-0.272218 -0.468545 -4.469290 0.155234 0.414140 -0.000098 
-0.265965 -0.475315 -4.720178 0.156167 0.414708 0.002131 
-0.255081 -0.468927 -4.722254 0.157504 0.415210 0.001998 
-0.261018 -0.469265 -4.590136 0.159098 0.415425 0.000798 
-0.267830 -0.468855 -4.404904 0.160694 0.415446 -0.001320 
-0.266529 -0.471723 -4.199428 0.161950 0.415214 -0.003199 
-0.272402 -0.486905 -3.982592 0.162953 0.414929 -0.005391 
-0.273380 -0.493130 -3.981902 0.162909 0.414359 -0.005600 
-0.257169 -0.500591 -4.105221 0.162391 0.413973 -0.004625 
-0.253380 -0.500467 -4.299116 0.161440 0.413783 -0.003487 
-0.241458 -0.504508 -4.492182 0.160143 0.413533 -0.002452 
-0.235600 -0.489061 -4.696942 0.158980 0.413720 -0.000890 
-0.244318 -0.473283 -4.683652 0.157478 0.413974 -0.001066 
-0.247881 -0.460758 -4.538542 0.156431 0.414077 -0.001566 
-0.257792 -0.435765 -4.312320 0.155303 0.414315 -0.001991 
-0.255102 -0.417788 -4.087984 0.154616 0.414176 -0.001995 
-0.260006 -0.402645 -3.884335 0.153906 0.413710 -0.001799 
-0.249757 -0.395335 -3.846970 0.153159 0.412969 -0.000029 
-0.239918 -0.403052 -3.963375 0.152315 0.411674 0.002469 
-0.224593 -0.399914 -4.151002 0.152196 0.410737 0.004573 
-0.217483 -0.400573 -4.345869 0.152046 0.409664 0.005600 
-0.219561 -0.398062 -4.591867 0.152558 0.408855 0.006358 
-0.231893 -0.400544 -4.619244 0.153499 0.408368 0.004610 
-0.238584 -0.408286 -4.501952 0.154720 0.408200 0.001582 
-0.237623 -0.404574 -4.303066 0.156021 0.408354 -0.001700 
-0.248951 -0.409674 -4.115332 0.156771 0.408689 -0.004237 
-0.244503 -0.406991 -3.868183 0.157422 0.409196 -0.006185 
-0.243350 -0.408931 -3.839582 0.157407 0.409758 -0.005525 
-0.246086 -0.416462 -3.967463 0.156877 0.410656 -0.002851 
-0.240200 -0.410800 -4.167387 0.156128 0.411320 0.000415 
-0.239481 -0.410226 -4.354955 0.154695 0.412205 0.003269 
-0.239667 -0.408797 -4.603453 0.153433 0.412818 0.006072 
-0.249811 -0.395307 -4.621663 0.152557 0.413661 0.005852 
-0.268786 -0.385173 -4.492865 0.151645 0.414348 0.003722 
-0.276461 -0.381315 -4.280814 0.151174 0.414463 0.000479 
-0.280160 -0.388539 -4.057941 0.151269 0.414160 -0.003406 
-0.268999 -0.386629 -3.859589 0.151600 0.413669 -0.005809 
-0.266816 -0.404871 -3.850601 0.152598 0.412976 -0.006031 
-0.272024 -0.426036 -3.989261 0.153901 0.411977 -0.004236 
-0.262118 -0.439775 -4.192108 0.155430 0.411173 -0.001320 
-0.266605 -0.453658 -4.394905 0.156949 0.410470 0.001596 
-0.270904 -0.467466 -4.647156 0.158311 0.409675 0.004152 
-0.275744 -0.473333 -4.668585 0.159393 0.409042 0.003907 
-0.287825 -0.475728 -4.552409 0.160167 0.408628 0.001640 
-0.284638 -0.478306 -4.351203 0.160461 0.408188 -0.001834 
-0.293449 -0.482651 -4.158181 0.160092 0.408212 -0.005633 
-0.301099 -0.479551 -3.935199 0.159614 0.408516 -0.009190 
-0.299358 -0.490760 -3.942276 0.159054 0.409166 -0.010058 
-0.294952 -0.495456 -4.066063 0.158386 0.410299 -0.008881 
-0.289246 -0.500892 -4.274989 0.157719 0.411629 -0.006172 
-0.292060 -0.493314 -4.475513 0.157620 0.412928 -0.003137 
-0.294713 -0.494158 -4.707437 0.157464 0.414228 0.000299 
-0.298128 -0.486506 -4.700361 0.157193 0.415595 0.001583 
-0.297765 -0.479840 -4.546805 0.157232 0.416147 0.000960 
-0.306626 -0.468330 -4.340125 0.157617 0.416565 -0.000799 
-0.293552 -0.475916 -4.141207 0.157400 0.416342 -0.003094 
-0.296999 -0.474218 -3.941964 0.157720 0.415952 -0.005819 
-0.299492 -0.480291 -3.928064 0.157836 0.415293 -0.007304 
-0.286545 -0.486527 -4.070138 0.157969 0.414550 -0.007315 
-0.280550 -0.495525 -4.265762 0.158081 0.413482 -0.006189 
-0.275145 -0.496006 -4.463392 0.158575 0.412423 -0.004531 
-0.260440 -0.483720 -4.694303 0.158844 0.411312 -0.001605 
-0.254691 -0.476647 -4.718963 0.159382 0.410612 -0.000230 
-0.256181 -0.465351 -4.568333 0.159775 0.410035 0.000118 
-0.256307 -0.456157 -4.354857 0.159828 0.410010 -0.000125 
-0.255820 -0.446361 -4.150092 0.159566 0.409789 -0.000691 
-0.254378 -0.429682 -3.891521 0.159027 0.409938 -0.002280 
-0.242977 -0.435695 -3.879275 0.157865 0.410330 -0.002366 
-0.236702 -0.429206 -3.979220 0.156312 0.410683 -0.001894 
-0.229780 -0.423789 -4.192135 0.154757 0.411240 -0.000877 
-0.215545 -0.423077 -4.364323 0.153172 0.411928 0.000064 
-0.217633 -0.412647 -4.590380 0.152291 0.412363 0.001814 
-0.220957 -0.401985 -4.611058 0.151562 0.412872 0.002450 
-0.220773 -0.386532 -4.479456 0.151824 0.413338 0.002345 
-0.221228 -0.370399 -4.277307 0.152248 0.413703 0.002299 
-0.223906 -0.361561 -4.075315 0.153102 0.413794 0.002032 
-0.227996 -0.368338 -3.841968 0.154004 0.413597 0.001359 
-0.223967 -0.380708 -3.844364 0.154884 0.413566 0.001661 
-0.225808 -0.387623 -3.978515 0.155324 0.413118 0.002293 
-0.220362 -0.399757 -4.193324 0.155736 0.412819 0.002745 
-0.215366 -0.411139 -4.387042 0.156151 0.412329 0.002895 
-0.216401 -0.427777 -4.630478 0.156207 0.412075 0.002897 
-0.224763 -0.414160 -4.647380 0.156299 0.411757 0.001605 
-0.234252 -0.417223 -4.520864 0.156425 0.411514 -0.000325 
-0.243306 -0.419501 -4.292912 0.156392 0.411159 -0.002163 
-0.250780 -0.414457 -4.097369 0.156252 0.411089 -0.003171 
-0.249194 -0.405313 -3.850783 0.155661 0.411045 -0.004019 
-0.254222 -0.417313 -3.843075 0.155092 0.410980 -0.002722 
-0.251018 -0.417798 -3.979642 0.154616 0.411075 -0.000581 
-0.246959 -0.418895 -4.187596 0.153979 0.411270 0.001822 
-0.243771 -0.429645 -4.393553 0.153434 0.411752 0.003360 
-0.249829 -0.435314 -4.630084 0.153403 0.412018 0.004655 
-0.265942 -0.435767 -4.658405 0.153713 0.412133 0.003660 
-0.284171 -0.435891 -4.531345 0.154337 0.412240 0.001186 
-0.289970 -0.434215 -4.332351 0.155298 0.411866 -0.001871 
-0.296251 -0.440413 -4.124554 0.156365 0.411397 -0.004494 
-0.303447 -0.454617 -3.906280 0.157535 0.410834 -0.007327 
-0.300587 -0.474039 -3.896215 0.158364 0.410422 -0.007871 
-0.297723 -0.494504 -4.031685 0.159515 0.410224 -0.007259 
-0.299961 -0.512482 -4.239428 0.160363 0.410456 -0.005958 
-0.301494 -0.522392 -4.426466 0.161106 0.410778 -0.004743 
-0.301253 -0.524777 -4.665021 0.161584 0.411291 -0.003030 
-0.307977 -0.515005 -4.705903 0.161811 0.412017 -0.003072 
-0.314135 -0.511819 -4.579830 0.161340 0.412328 -0.004461 
-0.318462 -0.491969 -4.371602 0.160501 0.412716 -0.005982 
-0.307836 -0.479111 -4.165012 0.159462 0.412711 -0.006750 
-0.310615 -0.473627 -3.926553 0.157879 0.412504 -0.007698 
-0.298100 -0.460670 -3.897513 0.156691 0.412419 -0.006363 
-0.292368 -0.460041 -4.033528 0.155420 0.412210 -0.003884 
-0.281504 -0.463701 -4.231874 0.154769 0.411972 -0.001255 
-0.272100 -0.468497 -4.430229 0.154591 0.412032 0.001042 
-0.263963 -0.464347 -4.669351 0.154799 0.411918 0.003196 
-0.259122 -0.452944 -4.700372 0.155687 0.412181 0.002836 
-0.264005 -0.453039 -4.555636 0.156801 0.412289 0.001012 
-0.254915 -0.452868 -4.348582 0.157921 0.412290 -0.001402 
-0.260243 -0.452081 -4.152409 0.159038 0.412202 -0.003502 
-0.256540 -0.456443 -3.924822 0.159639 0.412331 -0.005679 
-0.250562 -0.459676 -3.905665 0.159941 0.412095 -0.005452 
-0.248200 -0.460567 -4.020606 0.159621 0.412287 -0.003940 
-0.243336 -0.470114 -4.227393 0.158603 0.412472 -0.001748 
-0.238378 -0.462939 -4.433750 0.157703 0.412662 0.000235 
-0.231854 -0.448178 -4.660440 0.156537 0.413039 0.002419 
-0.227912 -0.441327 -4.669595 0.155624 0.413397 0.002638 
-0.231531 -0.413930 -4.513427 0.154841 0.413983 0.001609 
-0.235642 -0.394012 -4.306037 0.154003 0.414371 0.000409 
-0.248872 -0.385539 -4.100144 0.153561 0.414532 -0.000479 
-0.247919 -0.376862 -3.863118 0.153128 0.414589 -0.001661 
-0.246310 -0.383131 -3.844749 0.152602 0.414095 -0.000563 
-0.245340 -0.380639 -3.960701 0.152467 0.413440 0.001279 
-0.230983 -0.393998 -4.168410 0.152394 0.412410 0.003253 
-0.231859 -0.407906 -4.354442 0.152467 0.411578 0.004598 
-0.226481 -0.408379 -4.600689 0.152802 0.410429 0.005575 
-0.237112 -0.410417 -4.617963 0.153265 0.409833 0.004166 
-0.242772 -0.407149 -4.490287 0.154081 0.408992 0.001378 
-0.242157 -0.409195 -4.281151 0.155181 0.408475 -0.001779 
-0.254201 -0.412092 -4.093351 0.155947 0.408242 -0.004309 
-0.251222 -0.423635 -3.867056 0.156659 0.408087 -0.006060 
-0.259147 -0.428787 -3.870083 0.157101 0.408430 -0.005217 
-0.250323 -0.434816 -4.018449 0.157232 0.408869 -0.002887 
-0.247045 -0.437477 -4.187650 0.157064 0.409543 -0.000143 
-0.249559 -0.446086 -4.396476 0.156530 0.410642 0.002459 
-0.251768 -0.438035 -4.636057 0.156116 0.411750 0.005147 
-0.255465 -0.429419 -4.675615 0.155532 0.412740 0.005114 
-0.268532 -0.417159 -4.548308 0.155281 0.413963 0.003074 
-0.283260 -0.419429 -4.357317 0.154924 0.414606 0.000018 
-0.284423 -0.422227 -4.156826 0.154891 0.415344 -0.003036 
-0.287210 -0.430699 -3.915445 0.154977 0.415415 -0.006267 
-0.282318 -0.443653 -3.893452 0.155370 0.415467 -0.007225 
-0.276792 -0.447306 -4.029084 0.155998 0.415257 -0.006170 
-0.278898 -0.462547 -4.228040 0.156704 0.414820 -0.004208 
-0.281856 -0.477698 -4.428378 0.157733 0.414390 -0.001929 
-0.277054 -0.479174 -4.659718 0.158703 0.413629 0.000654 
-0.289056 -0.487741 -4.703512 0.159764 0.412667 0.001252 
-0.292523 -0.475798 -4.579272 0.160322 0.411817 -0.000029 
-0.297169 -0.479768 -4.371162 0.160763 0.410763 -0.002314 
-0.300029 -0.476708 -4.191563 0.160774 0.409989 -0.005046 
-0.309177 -0.476674 -3.949247 0.160274 0.408961 -0.008143 
-0.301534 -0.479063 -3.926183 0.159778 0.408423 -0.008862 
-0.290428 -0.483516 -4.049007 0.158795 0.408361 -0.007774 
-0.301212 -0.484003 -4.235817 0.158153 0.408465 -0.005673 
-0.289344 -0.482197 -4.423922 0.157540 0.408986 -0.003149 
-0.283881 -0.477062 -4.664589 0.156949 0.409754 0.000079 
-0.288428 -0.467605 -4.667845 0.156852 0.410653 0.001358 
-0.293612 -0.457571 -4.535124 0.156591 0.411440 0.001149 
-0.292078 -0.443956 -4.328600 0.156354 0.412360 -0.000177 
-0.284634 -0.441799 -4.121405 0.156201 0.412946 -0.001827 
-0.277809 -0.430595 -3.892064 0.156110 0.413344 -0.004204 
-0.276979 -0.439805 -3.879966 0.155723 0.413522 -0.004730 
-0.268856 -0.444748 -4.012596 0.155539 0.413578 -0.004307 
-0.267667 -0.453340 -4.218190 0.155330 0.413501 -0.003088 
-0.253958 -0.453318 -4.425546 0.155831 0.413341 -0.001663 
-0.246735 -0.457175 -4.654189 0.156143 0.413134 0.000282 
-0.249313 -0.456772 -4.676605 0.156949 0.413061 0.000574 
-0.243560 -0.435566 -4.534884 0.157576 0.413107 0.000264 
-0.246340 -0.433800 -4.319888 0.158058 0.412809 -0.000842 
-0.247989 -0.423961 -4.116210 0.158437 0.412605 -0.001418 
-0.248345 -0.414570 -3.889820 0.158331 0.412482 -0.002612 
-0.238531 -0.417402 -3.859474 0.157512 0.412121 -0.002035 
-0.226093 -0.413449 -3.982379 0.156267 0.412053 -0.000726 
-0.220853 -0.421573 -4.177624 0.154938 0.411850 0.001164 
-0.222845 -0.417261 -4.372101 0.153692 0.411703 0.002736 
-0.225092 -0.421770 -4.608376 0.152547 0.411655 0.004695 
-0.222674 -0.414273 -4.627328 0.151959 0.411834 0.004581 
-0.230354 -0.400434 -4.502355 0.151884 0.411587 0.003411 
-0.239953 -0.395841 -4.284891 0.152221 0.411623 0.001449 
-0.243821 -0.393918 -4.088708 0.152865 0.411239 -0.000318 
-0.241622 -0.397770 -3.852648 0.153951 0.411283 -0.002172 
-0.245524 -0.405644 -3.844637 0.155018 0.411212 -0.002077 
-0.234224 -0.422868 -3.981046 0.156036 0.411244 -0.001037 
-0.236487 -0.440088 -4.199721 0.156890 0.411287 0.000579 
-0.238214 -0.440945 -4.396636 0.157697 0.411425 0.001683 
-0.238932 -0.450443 -4.653915 0.158126 0.411560 0.002846 
-0.246585 -0.448414 -4.672243 0.158296 0.412094 0.001965 
-0.255264 -0.436958 -4.545363 0.158525 0.412425 -0.000180 
-0.263360 -0.432876 -4.336372 0.158377 0.412546 -0.002465 
-0.262833 -0.434733 -4.148787 0.158032 0.413085 -0.004237 
-0.269840 -0.430808 -3.920983 0.157721 0.413292 -0.005861 
-0.267683 -0.430988 -3.901626 0.157238 0.413370 -0.005195 
-0.256282 -0.437420 -4.027576 0.156563 0.413882 -0.003157 
-0.266879 -0.447088 -4.234855 0.155858 0.414175 -0.000971 
-0.265258 -0.455546 -4.442126 0.155650 0.414096 0.000890 
-0.256022 -0.452049 -4.639428 0.155530 0.414159 0.002761 
-0.264201 -0.446989 -4.669459 0.155723 0.413936 0.002523 
-0.280995 -0.445218 -4.553322 0.155880 0.413557 0.000696 
-0.278054 -0.446482 -4.354871 0.156345 0.412834 -0.001815 
-0.290397 -0.446776 -4.156606 0.156968 0.411933 -0.004325 
-0.302533 -0.446610 -3.916758 0.157432 0.410928 -0.007118 
-0.298616 -0.455782 -3.885378 0.157851 0.410032 -0.007734 
-0.293001 -0.465680 -4.019776 0.158114 0.409244 -0.006884 
-0.293992 -0.472583 -4.217974 0.158558 0.408801 -0.005020 
-0.287026 -0.484740 -4.415648 0.158809 0.408587 -0.003265 
-0.292591 -0.482178 -4.665717 0.158998 0.408954 -0.000804 
-0.284550 -0.470217 -4.687770 0.159088 0.409098 -0.000178 
-0.290560 -0.451597 -4.574487 0.159048 0.409801 -0.000831 
-0.289548 -0.444831 -4.358018 0.158763 0.410338 -0.002039 
-0.294386 -0.442101 -4.160618 0.157964 0.410820 -0.003364 
-0.291865 -0.435717 -3.922276 0.157194 0.411437 -0.004869 
-0.287306 -0.437391 -3.880809 0.156057 0.411876 -0.004501 
-0.275221 -0.435619 -4.004324 0.155119 0.412384 -0.003204 
-0.270917 -0.438030 -4.209523 0.154311 0.412860 -0.001765 
-0.260610 -0.444434 -4.384632 0.153799 0.413290 -0.000413 
-0.259326 -0.446082 -4.633577 0.153962 0.413605 0.001619 
-0.260159 -0.446880 -4.654373 0.154278 0.413806 0.001594 
-0.255934 -0.435036 -4.531147 0.155161 0.414050 0.000401 
-0.260414 -0.433715 -4.326253 0.156121 0.413861 -0.001044 
-0.258223 -0.427816 -4.142188 0.157279 0.413535 -0.002400 
-0.247888 -0.425825 -3.896601 0.158090 0.413142 -0.003806 
-0.241565 -0.436261 -3.878193 0.158181 0.412614 -0.003147 
-0.240576 -0.434656 -4.013559 0.158040 0.412151 -0.001646 
-0.238780 -0.442023 -4.220526 0.157679 0.411784 0.000221 
-0.236300 -0.441185 -4.425057 0.157055 0.411414 0.001347 
-0.240898 -0.445718 -4.661579 0.156551 0.411384 0.002974 
-0.238912 -0.438356 -4.678854 0.155961 0.411564 0.002219 
-0.245521 -0.434418 -4.531689 0.155495 0.411683 0.000529 
-0.252696 -0.422199 -4.302831 0.155242 0.411894 -0.001520 
-0.252845 -0.422877 -4.116323 0.155066 0.412153 -0.002970 
-0.260288 -0.418464 -3.879502 0.154920 0.412267 -0.004266 
-0.258984 -0.418554 -3.861527 0.154758 0.412352 -0.003284 
-0.250644 -0.422678 -3.957312 0.154740 0.412309 -0.001545 
-0.248142 -0.431754 -4.187353 0.154529 0.412420 0.001259 
-0.240477 -0.435971 -4.394667 0.154676 0.412301 0.002902 
-0.239884 -0.436175 -4.632612 0.154849 0.412238 0.004627 
-0.241213 -0.435325 -4.661519 0.155016 0.411964 0.003960 
-0.251938 -0.430073 -4.534492 0.155522 0.411733 0.001600 
-0.248891 -0.424887 -4.356383 0.156193 0.411494 -0.001041 
-0.253238 -0.431460 -4.158738 0.156777 0.411108 -0.003345 
-0.257291 -0.430234 -3.920438 0.157413 0.410909 -0.005722 
-0.251665 -0.435649 -3.901891 0.158020 0.411248 -0.005507 
-0.236830 -0.436286 -4.018809 0.158352 0.411356 -0.003684 
-0.242846 -0.442226 -4.218800 0.158639 0.411811 -0.001079 
-0.247594 -0.447857 -4.407010 0.158447 0.412159 0.001224 
-0.244181 -0.458933 -4.656228 0.158062 0.412743 0.003686 
-0.249421 -0.448784 -4.686169 0.157810 0.413361 0.003662 
-0.254439 -0.438018 -4.548406 0.157071 0.413855 0.001860 
-0.267856 -0.430995 -4.338081 0.156458 0.414300 -0.000634 
-0.282908 -0.429904 -4.147557 0.155964 0.414086 -0.003355 
-0.290233 -0.433120 -3.905909 0.155281 0.413905 -0.006140 
-0.282550 -0.436531 -3.883988 0.154939 0.413654 -0.006544 
-0.281818 -0.443226 -3.988384 0.154737 0.413185 -0.005234 
-0.274855 -0.445504 -4.207707 0.155060 0.412597 -0.002954 
-0.282929 -0.447376 -4.386776 0.155534 0.412013 -0.000641 
-0.291681 -0.458597 -4.648388 0.156269 0.411634 0.002019 
-0.287694 -0.460065 -4.671290 0.157067 0.410942 0.002531 
-0.285077 -0.444905 -4.548235 0.158133 0.410339 0.001346 
-0.289424 -0.451478 -4.350590 0.158716 0.409953 -0.000958 
-0.292479 -0.448621 -4.151882 0.158885 0.409274 -0.003356 
-0.302831 -0.450680 -3.911558 0.159012 0.408829 -0.006150 
-0.302692 -0.458444 -3.888461 0.158635 0.408628 -0.006983 
-0.292218 -0.463364 -4.020844 0.157810 0.408666 -0.006229 
-0.281285 -0.469430 -4.216740 0.157141 0.408999 -0.004570 
-0.277176 -0.472044 -4.402830 0.156492 0.409571 -0.002797 
-0.279472 -0.471330 -4.641482 0.155865 0.410389 -0.000319 
-0.284476 -0.461249 -4.653992 0.155772 0.411101 0.000633 
-0.275443 -0.452163 -4.521627 0.155673 0.412075 0.000418 
-0.275869 -0.437413 -4.315885 0.155926 0.412723 -0.000913 
-0.268410 -0.435520 -4.120765 0.155932 0.413408 -0.001933 
-0.276245 -0.432265 -3.883411 0.155938 0.413811 -0.003557 
-0.268724 -0.437032 -3.873870 0.155908 0.413946 -0.003337 
-0.261478 -0.441127 -4.018814 0.156052 0.413820 -0.002284 
-0.245896 -0.449576 -4.224460 0.155852 0.413642 -0.001065 
-0.246427 -0.457725 -4.420742 0.156127 0.413481 0.000156 
-0.246753 -0.466065 -4.678555 0.156403 0.413328 0.001645 
-0.256410 -0.461254 -4.689182 0.157075 0.413208 0.001416 
-0.251808 -0.447987 -4.554414 0.157646 0.413066 -0.000080 
-0.247482 -0.442132 -4.369263 0.158162 0.412724 -0.001424 
-0.250027 -0.441187 -4.174520 0.158639 0.412618 -0.002550 
-0.252163 -0.439450 -3.926957 0.158798 0.412309 -0.004267 
-0.251525 -0.438855 -3.887052 0.158640 0.412205 -0.003908 
-0.247725 -0.447729 -3.991268 0.157782 0.412286 -0.002273 
-0.236594 -0.443584 -4.197576 0.157025 0.412145 -0.000398 
-0.232396 -0.452446 -4.382432 0.156011 0.412139 0.001172 
-0.234643 -0.456955 -4.618707 0.154865 0.412092 0.003131 
-0.239531 -0.444624 -4.648038 0.154308 0.412134 0.003119 
-0.252948 -0.428243 -4.532130 0.153926 0.412312 0.001728 
-0.254392 -0.418695 -4.324553 0.153982 0.412102 -0.000127 
-0.256037 -0.409478 -4.128213 0.154196 0.411992 -0.001673 
-0.259969 -0.424907 -3.891183 0.154715 0.411786 -0.003520 
-0.255469 -0.428389 -3.852620 0.155495 0.411654 -0.003284 
-0.249904 -0.433065 -3.989396 0.156277 0.411732 -0.001915 
-0.236027 -0.441335 -4.197805 0.156720 0.411569 -0.000064 
-0.236934 -0.450907 -4.405629 0.157306 0.411795 0.001459 
-0.243891 -0.464848 -4.643757 0.157538 0.412065 0.003174 
-0.259526 -0.456805 -4.673541 0.157909 0.412182 0.002717 
-0.252528 -0.445161 -4.547009 0.157827 0.412404 0.000898 
-0.259556 -0.441100 -4.337474 0.157357 0.412516 -0.001382 
-0.259914 -0.432461 -4.148769 0.157086 0.412491 -0.003572 
-0.274746 -0.440430 -3.899750 0.156686 0.412553 -0.005501 
-0.271953 -0.440766 -3.878173 0.155880 0.412625 -0.005472 
-0.276051 -0.446296 -4.003471 0.155364 0.412958 -0.003754 
-0.265532 -0.442753 -4.201068 0.154923 0.413012 -0.001556 
-0.255926 -0.447218 -4.388187 0.154586 0.412972 0.000432 
-0.261209 -0.459955 -4.627144 0.154346 0.412945 0.002800 
-0.275996 -0.451377 -4.648208 0.154560 0.412961 0.002997 
-0.278330 -0.441238 -4.513637 0.154944 0.412578 0.001721 
-0.281821 -0.437892 -4.305912 0.155276 0.411807 -0.000348 
-0.277965 -0.431149 -4.117940 0.155638 0.411179 -0.002649 
-0.282083 -0.428141 -3.889428 0.156127 0.410505 -0.005026 
-0.291932 -0.437118 -3.878783 0.156379 0.409612 -0.005336 
-0.292336 -0.452016 -4.002208 0.156281 0.409053 -0.004581 
-0.278499 -0.459264 -4.209473 0.156572 0.408602 -0.003046 
-0.278291 -0.460497 -4.416539 0.156895 0.408824 -0.001622 
-0.278161 -0.469460 -4.665098 0.157167 0.408857 0.000195 
-0.278930 -0.472041 -4.676106 0.157631 0.409533 0.000170 
-0.286944 -0.470527 -4.542170 0.157950 0.410335 -0.000908 
-0.287826 -0.455153 -4.345682 0.158208 0.410796 -0.002566 
-0.279957 -0.452989 -4.170510 0.158057 0.411384 -0.003600 
-0.294180 -0.446771 -3.932365 0.157918 0.412119 -0.005437 
-0.285103 -0.452815 -3.871749 0.157556 0.412618 -0.005174 
-0.274133 -0.459382 -3.996022 0.156880 0.413131 -0.003778 
-0.269661 -0.470087 -4.202275 0.156014 0.413604 -0.001913 
-0.266249 -0.471385 -4.407711 0.155375 0.413801 -0.000474 
-0.263192 -0.464987 -4.635407 0.155112 0.414200 0.001479 
-0.271096 -0.461771 -4.686835 0.155454 0.414456 0.001536 
-0.265890 -0.457286 -4.562138 0.155803 0.414402 0.000138 
-0.269934 -0.456454 -4.366260 0.156600 0.414306 -0.001636 
-0.259563 -0.446359 -4.181150 0.157471 0.413923 -0.003198 
-0.263707 -0.451848 -3.934584 0.158060 0.413340 -0.004815 
-0.258856 -0.453148 -3.895411 0.158535 0.412632 -0.004567 
-0.252112 -0.464228 -4.012140 0.158789 0.412218 -0.002741 
-0.251208 -0.470482 -4.219345 0.158597 0.411571 -0.000873 
-0.242294 -0.473502 -4.395465 0.158269 0.411152 0.000808 
-0.239564 -0.473749 -4.632325 0.157800 0.411073 0.002543 
-0.251825 -0.464809 -4.690520 0.157055 0.410881 0.002083 
-0.258675 -0.460179 -4.553449 0.156594 0.410813 0.000387 
-0.265152 -0.440021 -4.334230 0.156237 0.411118 -0.001774 
-0.257772 -0.436081 -4.136823 0.155937 0.411229 -0.003424 
-0.256794 -0.428163 -3.888865 0.155497 0.411474 -0.004921 
