Timestamp,tau1,tau2,tau3,tau4,tau5,tau6,tau7
0.0128265,-6.94082e-05,12.3376,-0.898041,19.62,0.0127852,-0.017146,-9.68971e-05
0.0139878,-7.31946e-05,12.3376,-0.898044,19.62,0.0127836,-0.0171538,-9.70405e-05
0.0147868,-6.94019e-05,12.3376,-0.89804,19.62,0.0127852,-0.0171463,-9.68965e-05
0.0157522,-6.84269e-05,12.3376,-0.898038,19.6199,0.0127867,-0.0171389,-9.73111e-05
0.0169121,-7.60217e-05,12.3376,-0.898045,19.62,0.0127835,-0.0171541,-9.76002e-05
0.0177509,-7.22216e-05,12.3376,-0.898041,19.62,0.0127851,-0.0171467,-9.74554e-05
0.0188158,-6.56001e-05,12.3376,-0.898035,19.6199,0.0127866,-0.0171394,-9.67515e-05
0.0197592,-7.31963e-05,12.3376,-0.898042,19.62,0.0127835,-0.0171547,-9.70407e-05
0.0208796,-6.94036e-05,12.3376,-0.898038,19.62,0.0127851,-0.0171472,-9.68967e-05
0.0217565,-6.84247e-05,12.3376,-0.898036,19.6199,0.0127866,-0.0171398,-9.7311e-05
0.0228099,-6.94028e-05,12.3376,-0.898037,19.62,0.012785,-0.0171475,-9.68964e-05
0.0237852,-7.31915e-05,12.3376,-0.89804,19.62,0.0127834,-0.0171553,-9.70403e-05
0.0252067,-6.93988e-05,12.3376,-0.898036,19.62,0.012785,-0.0171478,-9.68962e-05
0.0258831,-6.84247e-05,12.3376,-0.898034,19.6199,0.0127865,-0.0171404,-9.73109e-05
0.0268927,-6.94033e-05,12.3376,-0.898035,19.62,0.0127849,-0.0171481,-9.68965e-05
0.0283643,-7.22208e-05,12.3376,-0.898038,19.62,0.0127849,-0.0171482,-9.74554e-05
0.0288916,-6.93978e-05,12.3376,-0.898035,19.62,0.0127849,-0.0171484,-9.68961e-05
0.0299711,-7.22171e-05,12.3376,-0.898037,19.62,0.0127849,-0.0171485,-9.7455e-05
0.0307939,-6.93995e-05,12.3376,-0.898034,19.62,0.0127849,-0.0171487,-9.68962e-05
0.0317319,-7.22186e-05,12.3376,-0.898036,19.62,0.0127848,-0.0171488,-9.74552e-05
0.0327839,-6.9399e-05,12.3376,-0.898033,19.62,0.0127848,-0.017149,-9.68961e-05
0.0337865,-7.22186e-05,12.3376,-0.898035,19.62,0.0127848,-0.0171491,-9.74552e-05
0.0350427,-6.93986e-05,12.3376,-0.898032,19.62,0.0127848,-0.0171493,-9.68961e-05
0.0357808,-7.22185e-05,12.3376,-0.898034,19.62,0.0127847,-0.0171494,-9.74552e-05
0.0370275,-6.93981e-05,12.3376,-0.898032,19.62,0.0127847,-0.0171496,-9.6896e-05
0.0379696,-7.22183e-05,12.3376,-0.898034,19.62,0.0127847,-0.0171497,-9.74552e-05
0.0388052,-6.93976e-05,12.3376,-0.898031,19.62,0.0127847,-0.0171499,-9.68959e-05
0.0398387,-7.22182e-05,12.3376,-0.898033,19.62,0.0127847,-0.01715,-9.74552e-05
0.0407904,-6.93971e-05,12.3376,-0.89803,19.62,0.0127847,-0.0171502,-9.68959e-05
0.0417509,-7.2218e-05,12.3376,-0.898032,19.62,0.0127846,-0.0171503,-9.74552e-05
0.042763,-6.93966e-05,12.3376,-0.898029,19.62,0.0127846,-0.0171505,-9.68958e-05
0.0439199,-7.22179e-05,12.3376,-0.898031,19.62,0.0127846,-0.0171506,-9.74552e-05
0.0448099,-6.93961e-05,12.3376,-0.898029,19.62,0.0127846,-0.0171508,-9.68958e-05
0.0457721,-7.31883e-05,12.3377,-0.898032,19.62,0.012783,-0.0171586,-9.70397e-05
0.0467588,-6.93956e-05,12.3376,-0.898028,19.62,0.0127845,-0.0171511,-9.68957e-05
0.047825,-6.84249e-05,12.3376,-0.898026,19.6199,0.012786,-0.0171437,-9.73112e-05
0.0488119,-6.93982e-05,12.3376,-0.898027,19.62,0.0127845,-0.0171514,-9.68959e-05
0.0497646,-6.55981e-05,12.3376,-0.898023,19.6199,0.0127861,-0.0171439,-9.6751e-05
0.0507331,-6.93924e-05,12.3376,-0.898026,19.62,0.0127844,-0.0171517,-9.68955e-05
0.051662,-7.69844e-05,12.3377,-0.898033,19.62,0.0127813,-0.017167,-9.71843e-05
0.0528121,-6.93916e-05,12.3376,-0.898026,19.62,0.0127844,-0.017152,-9.68954e-05
0.0538007,-6.84225e-05,12.3376,-0.898024,19.62,0.0127859,-0.0171446,-9.7311e-05
0.0548409,-6.9399e-05,12.3376,-0.898025,19.62,0.0127844,-0.0171523,-9.68958e-05
0.0558314,-7.22205e-05,12.3376,-0.898027,19.62,0.0127843,-0.0171523,-9.74557e-05
0.0567832,-6.93914e-05,12.3376,-0.898024,19.62,0.0127843,-0.0171526,-9.68953e-05
0.0577428,-7.2215e-05,12.3376,-0.898026,19.62,0.0127843,-0.0171527,-9.74551e-05
0.0588894,-6.93924e-05,12.3376,-0.898023,19.62,0.0127843,-0.0171529,-9.68953e-05
0.0598057,-7.22166e-05,12.3376,-0.898025,19.62,0.0127842,-0.017153,-9.74553e-05
0.0607624,-6.93923e-05,12.3376,-0.898023,19.62,0.0127842,-0.0171532,-9.68953e-05
0.0618456,-7.22164e-05,12.3376,-0.898025,19.62,0.0127842,-0.0171533,-9.74553e-05
0.0628046,-6.93919e-05,12.3376,-0.898022,19.62,0.0127842,-0.0171535,-9.68952e-05
0.0637446,-7.22163e-05,12.3376,-0.898024,19.62,0.0127842,-0.0171536,-9.74553e-05
0.0647117,-6.93914e-05,12.3376,-0.898021,19.62,0.0127842,-0.0171538,-9.68952e-05
0.0662618,-7.22161e-05,12.3376,-0.898023,19.62,0.0127841,-0.0171539,-9.74553e-05
0.0667333,-6.93909e-05,12.3376,-0.89802,19.62,0.0127841,-0.0171541,-9.68951e-05
0.0677535,-7.22159e-05,12.3377,-0.898022,19.62,0.0127841,-0.0171542,-9.74553e-05
0.0688311,-6.93905e-05,12.3377,-0.89802,19.62,0.0127841,-0.0171544,-9.68951e-05
0.0697628,-7.22157e-05,12.3377,-0.898022,19.62,0.012784,-0.0171545,-9.74553e-05
0.0707887,-6.939e-05,12.3377,-0.898019,19.62,0.012784,-0.0171547,-9.6895e-05
0.0717764,-7.22155e-05,12.3377,-0.898021,19.62,0.012784,-0.0171548,-9.74553e-05
0.0727406,-6.93896e-05,12.3377,-0.898018,19.62,0.012784,-0.017155,-9.6895e-05
0.0737561,-7.22153e-05,12.3377,-0.89802,19.62,0.012784,-0.0171551,-9.74553e-05
0.0749976,-6.93892e-05,12.3377,-0.898017,19.62,0.012784,-0.0171553,-9.68949e-05
0.0758211,-7.22151e-05,12.3377,-0.898019,19.62,0.0127839,-0.0171554,-9.74553e-05
0.0767963,-6.93887e-05,12.3377,-0.898016,19.62,0.0127839,-0.0171556,-9.68949e-05
0.077835,-7.22149e-05,12.3377,-0.898019,19.62,0.0127839,-0.0171557,-9.74553e-05
0.0788557,-6.93883e-05,12.3377,-0.898016,19.62,0.0127839,-0.0171559,-9.68948e-05
0.0797528,-7.22147e-05,12.3377,-0.898018,19.62,0.0127838,-0.017156,-9.74553e-05
0.0808414,-6.93879e-05,12.3377,-0.898015,19.62,0.0127838,-0.0171562,-9.68948e-05
0.0818284,-7.22145e-05,12.3377,-0.898017,19.62,0.0127838,-0.0171563,-9.74553e-05
0.0829223,-6.93874e-05,12.3377,-0.898014,19.62,0.0127838,-0.0171565,-9.68947e-05
0.0843109,-7.22143e-05,12.3377,-0.898016,19.62,0.0127838,-0.0171566,-9.74553e-05
0.0848611,-6.9387e-05,12.3377,-0.898013,19.62,0.0127838,-0.0171568,-9.68947e-05
0.0859828,-7.22141e-05,12.3377,-0.898016,19.62,0.0127837,-0.0171568,-9.74553e-05
0.0868367,-6.93866e-05,12.3377,-0.898013,19.62,0.0127837,-0.0171571,-9.68946e-05
0.0879839,-7.22138e-05,12.3377,-0.898015,19.62,0.0127837,-0.0171571,-9.74553e-05
0.0890188,-6.93862e-05,12.3377,-0.898012,19.62,0.0127837,-0.0171574,-9.68946e-05
0.0898398,-7.22136e-05,12.3377,-0.898014,19.62,0.0127836,-0.0171574,-9.74552e-05
0.0908235,-6.93858e-05,12.3377,-0.898011,19.62,0.0127836,-0.0171577,-9.68945e-05
0.0918261,-7.22134e-05,12.3377,-0.898013,19.62,0.0127836,-0.0171577,-9.74552e-05
0.0930575,-6.93853e-05,12.3377,-0.89801,19.62,0.0127836,-0.017158,-9.68945e-05
0.0937692,-7.22132e-05,12.3377,-0.898012,19.62,0.0127836,-0.017158,-9.74552e-05
0.0953068,-6.93849e-05,12.3377,-0.89801,19.62,0.0127836,-0.0171583,-9.68945e-05
0.0970285,-7.22129e-05,12.3377,-0.898012,19.62,0.0127835,-0.0171583,-9.74552e-05
0.0978343,-7.60128e-05,12.3377,-0.898015,19.62,0.0127819,-0.0171661,-9.76001e-05
0.0989949,-7.31772e-05,12.3377,-0.898012,19.62,0.0127819,-0.0171664,-9.70385e-05
0.100469,-7.22118e-05,12.3377,-0.89801,19.62,0.0127834,-0.0171589,-9.74551e-05
0.10088,-6.84191e-05,12.3377,-0.898006,19.62,0.012785,-0.0171515,-9.7311e-05
0.102218,-6.55862e-05,12.3377,-0.898003,19.62,0.012785,-0.0171517,-9.67496e-05
0.102927,-7.31756e-05,12.3377,-0.898011,19.62,0.0127818,-0.017167,-9.70384e-05
0.103894,-6.93829e-05,12.3377,-0.898007,19.62,0.0127834,-0.0171595,-9.68944e-05
0.105064,-6.93839e-05,12.3377,-0.898006,19.62,0.0127834,-0.0171598,-9.68942e-05
0.106149,-6.93839e-05,12.3377,-0.898006,19.62,0.0127834,-0.0171598,-9.68942e-05
0.107222,-6.84204e-05,12.3377,-0.898004,19.62,0.0127849,-0.0171524,-9.73113e-05
0.108051,-6.93834e-05,12.3377,-0.898005,19.62,0.0127833,-0.0171601,-9.68943e-05
0.109374,-7.22114e-05,12.3377,-0.898007,19.62,0.0127833,-0.0171601,-9.74551e-05
0.109961,-6.93796e-05,12.3377,-0.898004,19.62,0.0127833,-0.0171604,-9.6894e-05
0.11091,-7.22094e-05,12.3377,-0.898006,19.62,0.0127832,-0.0171605,-9.74549e-05
0.111844,-7.60111e-05,12.3377,-0.89801,19.62,0.0127816,-0.0171682,-9.76e-05
0.112856,-7.2211e-05,12.3377,-0.898006,19.62,0.0127832,-0.0171607,-9.74551e-05
0.113825,-6.55813e-05,12.3377,-0.897999,19.62,0.0127848,-0.0171535,-9.67492e-05
0.114828,-7.31757e-05,12.3377,-0.898006,19.62,0.0127816,-0.0171688,-9.70383e-05
0.115773,-6.9383e-05,12.3377,-0.898002,19.62,0.0127832,-0.0171613,-9.68943e-05
0.116794,-6.84157e-05,12.3377,-0.898,19.62,0.0127847,-0.0171539,-9.7311e-05
0.117764,-6.93819e-05,12.3377,-0.898001,19.62,0.0127831,-0.0171616,-9.6894e-05
0.118763,-7.22116e-05,12.3377,-0.898003,19.62,0.0127831,-0.0171616,-9.74552e-05
0.119789,-7.04321e-05,12.3377,-0.898001,19.62,0.0127831,-0.0171618,-9.71006e-05
0.120755,-6.96587e-05,12.3377,-0.898,19.62,0.012783,-0.0171621,-9.69527e-05
0.121789,-7.22799e-05,12.3377,-0.898002,19.62,0.012783,-0.0171621,-9.74683e-05
0.122834,-6.93879e-05,12.3377,-0.897999,19.62,0.012783,-0.0171623,-9.68952e-05
0.123884,-7.22063e-05,12.3377,-0.898001,19.62,0.012783,-0.0171624,-9.74544e-05
0.124912,-6.93809e-05,12.3377,-0.897999,19.62,0.012783,-0.0171627,-9.68942e-05
0.125972,-7.22063e-05,12.3377,-0.898001,19.62,0.0127829,-0.0171627,-9.74544e-05
0.126937,-6.93825e-05,12.3377,-0.897998,19.62,0.0127829,-0.0171629,-9.68945e-05
0.127788,-7.22054e-05,12.3377,-0.898,19.62,0.0127829,-0.017163,-9.74543e-05
0.12891,-6.93829e-05,12.3377,-0.897997,19.62,0.0127829,-0.0171632,-9.68946e-05
0.129916,-7.22044e-05,12.3377,-0.897999,19.62,0.0127829,-0.0171633,-9.74541e-05
0.130771,-6.93832e-05,12.3377,-0.897996,19.62,0.0127829,-0.0171635,-9.68947e-05
0.131769,-7.22034e-05,12.3377,-0.897998,19.62,0.0127828,-0.0171636,-9.7454e-05
0.132906,-6.93834e-05,12.3377,-0.897996,19.62,0.0127828,-0.0171638,-9.68948e-05
0.133865,-7.22026e-05,12.3377,-0.897998,19.62,0.0127828,-0.0171639,-9.74539e-05
0.134853,-6.93835e-05,12.3377,-0.897995,19.62,0.0127828,-0.0171641,-9.68949e-05
0.135789,-7.22019e-05,12.3377,-0.897997,19.62,0.0127827,-0.0171642,-9.74537e-05
0.136877,-6.93836e-05,12.3377,-0.897994,19.62,0.0127827,-0.0171644,-9.68949e-05
0.137762,-7.22012e-05,12.3377,-0.897996,19.62,0.0127827,-0.0171645,-9.74537e-05
0.138862,-6.93836e-05,12.3377,-0.897993,19.62,0.0127827,-0.0171647,-9.6895e-05
0.139714,-7.22006e-05,12.3377,-0.897995,19.62,0.0127827,-0.0171648,-9.74536e-05
0.140812,-6.93835e-05,12.3377,-0.897993,19.62,0.0127827,-0.017165,-9.6895e-05
0.142008,-7.22e-05,12.3377,-0.897995,19.62,0.0127826,-0.0171651,-9.74535e-05
0.143048,-6.93834e-05,12.3377,-0.897992,19.62,0.0127826,-0.0171653,-9.6895e-05
0.144033,-7.21995e-05,12.3377,-0.897994,19.62,0.0127826,-0.0171654,-9.74534e-05
0.14528,-6.93832e-05,12.3377,-0.897991,19.62,0.0127826,-0.0171656,-9.6895e-05
0.145884,-7.21991e-05,12.3377,-0.897993,19.62,0.0127825,-0.0171657,-9.74534e-05
0.146856,-6.9383e-05,12.3377,-0.89799,19.62,0.0127825,-0.0171659,-9.6895e-05
0.147876,-7.21987e-05,12.3377,-0.897992,19.62,0.0127825,-0.017166,-9.74533e-05
0.148984,-6.93828e-05,12.3377,-0.89799,19.62,0.0127825,-0.0171662,-9.6895e-05
0.14981,-7.21983e-05,12.3378,-0.897992,19.62,0.0127825,-0.0171663,-9.74533e-05
0.150814,-6.93825e-05,12.3378,-0.897989,19.62,0.0127825,-0.0171665,-9.6895e-05
0.151847,-7.21979e-05,12.3378,-0.897991,19.62,0.0127824,-0.0171666,-9.74533e-05
0.152985,-6.93822e-05,12.3378,-0.897988,19.62,0.0127824,-0.0171668,-9.6895e-05
0.153849,-7.21976e-05,12.3378,-0.89799,19.62,0.0127824,-0.0171669,-9.74532e-05
0.154766,-6.93819e-05,12.3378,-0.897987,19.62,0.0127824,-0.0171671,-9.68949e-05
0.155799,-7.21973e-05,12.3378,-0.897989,19.62,0.0127823,-0.0171672,-9.74532e-05
0.157622,-6.93815e-05,12.3378,-0.897987,19.62,0.0127823,-0.0171674,-9.68949e-05
0.157968,-7.21971e-05,12.3378,-0.897989,19.62,0.0127823,-0.0171675,-9.74532e-05
0.159682,-6.93811e-05,12.3378,-0.897986,19.62,0.0127823,-0.0171677,-9.68949e-05
0.159984,-7.21968e-05,12.3378,-0.897988,19.62,0.0127823,-0.0171678,-9.74532e-05
0.160855,-7.21968e-05,12.3378,-0.897988,19.62,0.0127823,-0.0171678,-9.74532e-05
0.164331,-7.2196e-05,12.3378,-0.897987,19.62,0.0127822,-0.0171681,-9.74531e-05
0.164482,-7.97886e-05,12.3378,-0.897994,19.62,0.0127791,-0.0171834,-9.7742e-05
0.1652,-7.31724e-05,12.3378,-0.897987,19.62,0.0127806,-0.0171761,-9.70388e-05
0.166043,-7.21954e-05,12.3378,-0.897986,19.62,0.0127821,-0.0171687,-9.74531e-05
0.167146,-6.93845e-05,12.3378,-0.897983,19.62,0.0127821,-0.0171689,-9.6895e-05
0.16779,-7.22021e-05,12.3378,-0.897985,19.62,0.0127821,-0.017169,-9.74537e-05
0.168906,-6.93814e-05,12.3378,-0.897982,19.62,0.0127821,-0.0171692,-9.68949e-05
0.169827,-7.21957e-05,12.3378,-0.897984,19.62,0.0127821,-0.0171693,-9.74531e-05
0.170803,39.1804,-30.4314,32.7382,18.5511,0.252093,0.434415,-9.67498e-05
0.17179,39.446,-30.537,32.9655,18.5526,0.252281,0.435664,-9.74531e-05
0.172802,39.7117,-30.6426,33.1928,18.554,0.252469,0.436919,-9.74531e-05
0.173745,38.4527,-29.0566,32.1069,18.692,0.200719,0.382778,-0.0473956
0.174822,37.958,-28.334,31.6791,18.7618,0.162124,0.359203,-0.0811276
0.175767,37.958,-28.334,31.6791,18.7618,0.162124,0.359203,-0.0811276
0.176795,36.7731,-26.8823,30.6551,18.9171,0.0725668,0.30928,-0.164342
0.177806,36.3233,-26.2262,30.2646,19.0048,0.0208115,0.283404,-0.213686
0.178748,35.9005,-25.6059,29.8971,19.0953,-0.0341396,0.257488,-0.266098
0.179761,35.4893,-25.0044,29.5392,19.1899,-0.0923297,0.230864,-0.321999
0.180757,35.0892,-24.4207,29.1907,19.288,-0.153612,0.203531,-0.380748
0.181743,34.6995,-23.8537,28.8509,19.3893,-0.217665,0.175342,-0.442201
0.182758,34.32,-23.3034,28.5197,19.4935,-0.284141,0.146478,-0.505782
0.18375,33.9501,-22.7693,28.1966,19.6,-0.352823,0.116999,-0.571427
0.184758,33.5898,-22.2507,27.8816,19.7086,-0.42346,0.086941,-0.638609
0.18577,33.2384,-21.7472,27.5742,19.8189,-0.495821,0.0563321,-0.707316
0.186728,32.896,-21.2582,27.2744,19.9308,-0.569677,0.0252023,-0.777075
0.187805,32.5618,-20.7834,26.9817,20.0438,-0.644829,-0.00641551,-0.847916
0.188733,31.9707,-20.2171,26.4692,20.1566,-0.721255,-0.0397421,-0.919413
0.189811,31.6528,-19.769,26.1903,20.2715,-0.798436,-0.0722438,-0.991626
0.190759,31.348,-19.3359,25.9226,20.3871,-0.876392,-0.105102,-1.06417
0.191743,31.0504,-18.915,25.6611,20.5031,-0.954892,-0.13834,-1.13709
0.192827,30.7602,-18.506,25.4058,20.6194,-1.03384,-0.171894,-1.21003
0.19377,30.4767,-18.1085,25.1563,20.7358,-1.11312,-0.205732,-1.2831
0.194755,30.194,-17.7139,24.9074,20.8546,-1.19414,-0.240498,-1.35746
0.19576,29.9239,-17.3385,24.6693,20.9709,-1.27377,-0.274795,-1.4303
0.196811,29.6603,-16.9735,24.4369,21.0869,-1.35329,-0.309306,-1.50277
0.197699,29.4027,-16.6187,24.2096,21.2026,-1.4327,-0.34397,-1.57504
0.19875,29.1513,-16.2736,23.9876,21.3179,-1.51191,-0.378756,-1.64686
0.199777,28.9057,-15.9381,23.7705,21.4326,-1.59084,-0.413636,-1.71836
0.200779,28.6659,-15.6117,23.5584,21.5467,-1.66941,-0.448581,-1.78931
0.201744,28.1663,-15.1895,23.1246,21.6588,-1.74771,-0.484811,-1.85985
0.202747,27.9375,-14.8807,22.922,21.7716,-1.82538,-0.519802,-1.92975
0.203753,27.7193,-14.5824,22.7284,21.8835,-1.90252,-0.554742,-1.99918
0.204801,27.5063,-14.2922,22.5393,21.9946,-1.97901,-0.589664,-2.06787
0.205766,27.2981,-14.0099,22.3543,22.1048,-2.05485,-0.624512,-2.13599
0.20679,27.0948,-13.7351,22.1736,22.214,-2.13,-0.659266,-2.20333
0.207765,26.8962,-13.4677,21.9968,22.3222,-2.20443,-0.693905,-2.27007
0.208811,26.6979,-13.202,21.8203,22.4316,-2.27958,-0.729109,-2.33735
0.209759,26.5084,-12.9488,21.6512,22.5376,-2.35249,-0.763449,-2.40265
0.210758,26.3192,-12.697,21.4825,22.6449,-2.426,-0.798335,-2.46846
0.211731,26.1384,-12.4573,21.321,22.7487,-2.49722,-0.83231,-2.53227
0.212779,25.962,-12.2239,21.1632,22.8515,-2.56753,-0.866082,-2.59525
0.213804,25.7895,-11.9967,21.0088,22.9531,-2.63696,-0.899625,-2.6576
0.214724,25.3561,-11.671,20.6321,23.0523,-2.70562,-0.934171,-2.71915
0.215767,25.1916,-11.4556,20.4845,23.1516,-2.77327,-0.967214,-2.78008
0.216774,25.0364,-11.2481,20.3449,23.2497,-2.84003,-0.999953,-2.84021
0.217743,24.8847,-11.0459,20.2083,23.3466,-2.90582,-1.03243,-2.89968
0.218763,24.7334,-10.8449,20.072,23.4443,-2.972,-1.06528,-2.95952
0.219754,24.5888,-10.6533,19.9415,23.5388,-3.03594,-1.09714,-3.01747
0.220761,24.4445,-10.4626,19.8111,23.634,-3.1002,-1.12936,-3.07579
0.221792,24.3067,-10.2809,19.6863,23.726,-3.16223,-1.16059,-3.13226
0.22277,24.1692,-10.1002,19.5618,23.8187,-3.22454,-1.19213,-3.18908
0.22376,24.0379,-9.92788,19.4425,23.9083,-3.28467,-1.22268,-3.24411
0.224744,23.9098,-9.76007,19.3261,23.9966,-3.34382,-1.25289,-3.29836
0.225807,23.7846,-9.59662,19.2121,24.0838,-3.40205,-1.28274,-3.35204
0.226766,23.6626,-9.4374,19.1008,24.1698,-3.45936,-1.31222,-3.40499
0.228152,23.2756,-9.17482,18.7641,24.2552,-3.51697,-1.34319,-3.45846
0.2288,23.1567,-9.0206,18.6555,24.3405,-3.57362,-1.37254,-3.51117
0.229777,23.0405,-8.87034,18.5491,24.4246,-3.62934,-1.40151,-3.56332
0.230774,22.9352,-8.72919,18.4521,24.5058,-3.68302,-1.42947,-3.61365
0.231742,22.8325,-8.59168,18.3572,24.5859,-3.73571,-1.45708,-3.66342
0.232751,22.7323,-8.45772,18.2646,24.6648,-3.78754,-1.4843,-3.71248
0.233758,22.6345,-8.32718,18.1739,24.7426,-3.8385,-1.51113,-3.76102
0.234739,22.5392,-8.19998,18.0853,24.8192,-3.88861,-1.53758,-3.80889
0.235739,22.4461,-8.07603,17.9986,24.8947,-3.93787,-1.56363,-3.85627
0.236804,22.0904,-7.85124,17.6891,24.968,-3.98632,-1.59055,-3.903
0.237754,22.0018,-7.73356,17.6063,25.0414,-4.03392,-1.61583,-3.94927
0.238755,21.9209,-7.62095,17.5299,25.1136,-4.08074,-1.64069,-3.99491
0.239749,21.8419,-7.51119,17.4553,25.1849,-4.12669,-1.66519,-4.04007
0.240787,21.765,-7.40423,17.3824,25.255,-4.17185,-1.6893,-4.08458
0.241765,21.6899,-7.29997,17.3111,25.3241,-4.21623,-1.71303,-4.12864
0.243276,21.6169,-7.19836,17.2414,25.3922,-4.25984,-1.73636,-4.17208
0.244113,21.8817,-7.30219,17.466,25.3932,-4.25984,-1.73512,-4.17208
0.244771,21.4728,-6.99869,17.1038,25.528,-4.34656,-1.78284,-4.25925
0.24579,21.4035,-6.90264,17.0373,25.5943,-4.38878,-1.80551,-4.30209
0.247088,21.0729,-6.70727,16.7494,25.6573,-4.42939,-1.82856,-4.34346
0.24781,21.0087,-6.61803,16.6873,25.7203,-4.46928,-1.85,-4.38444
0.248846,20.9516,-6.53311,16.6312,25.7824,-4.5085,-1.87104,-4.4249
0.249769,20.896,-6.45034,16.5764,25.8436,-4.54699,-1.89172,-4.46497
0.250759,20.842,-6.36966,16.5229,25.9038,-4.58482,-1.91204,-4.5045
0.251768,20.7893,-6.29101,16.4705,25.9632,-4.62199,-1.93199,-4.54367
0.252809,21.0541,-6.39462,16.6946,25.9641,-4.62202,-1.93075,-4.54367
0.253837,20.6882,-6.1396,16.3694,26.0791,-4.69442,-1.97082,-4.62064
0.254782,20.6333,-6.06317,16.315,26.137,-4.7304,-1.99014,-4.65925
0.255758,20.8979,-6.1667,16.539,26.138,-4.73044,-1.9889,-4.65925
0.256889,20.5404,-5.92308,16.2209,26.2478,-4.79923,-2.02685,-4.73386
0.257708,20.2248,-5.74874,15.9461,26.3022,-4.83336,-2.04635,-4.77139
0.258753,20.4895,-5.85223,16.1699,26.3032,-4.8334,-2.04511,-4.77139
0.259767,20.1452,-5.62128,15.8631,26.4082,-4.89877,-2.08099,-4.84381
0.260749,20.1035,-5.55762,15.8199,26.4611,-4.93121,-2.09823,-4.88013
0.261768,20.0691,-5.4989,15.783,26.5121,-4.96255,-2.11472,-4.91546
0.262894,20.036,-5.44167,15.7472,26.5624,-4.99329,-2.13092,-4.95031
0.263809,20.0037,-5.38588,15.712,26.6119,-5.02352,-2.14679,-4.9849
0.264758,19.9726,-5.33149,15.6778,26.6607,-5.05325,-2.16235,-5.01906
0.265779,19.9422,-5.27847,15.6442,26.7087,-5.08249,-2.1776,-5.05298
0.266738,19.9129,-5.22679,15.6115,26.7561,-5.11125,-2.19255,-5.08649
0.26784,19.8844,-5.17641,15.5795,26.8028,-5.13955,-2.2072,-5.11979
0.268723,19.5924,-5.02409,15.3252,26.8479,-5.1673,-2.22279,-5.1527
0.269759,19.5656,-4.97626,15.2947,26.8932,-5.1947,-2.23685,-5.18541
0.270981,19.8301,-5.07943,15.5178,26.8941,-5.19479,-2.23561,-5.18541
0.27193,19.5254,-4.88819,15.2448,26.982,-5.2482,-2.26407,-5.24987
0.272752,19.5058,-4.84492,15.2203,27.0263,-5.27482,-2.27755,-5.28223
0.273697,19.7702,-4.94799,15.4432,27.0271,-5.27493,-2.27631,-5.28223
0.274755,19.4698,-4.76335,15.1739,27.1112,-5.32575,-2.30312,-5.3448
0.275774,19.4468,-4.72125,15.1465,27.1536,-5.3511,-2.3158,-5.37635
0.276748,19.7111,-4.82422,15.3691,27.1544,-5.35121,-2.31457,-5.37635
0.277846,19.4148,-4.64582,15.1034,27.2349,-5.39974,-2.33977,-5.43734
0.278814,19.394,-4.60676,15.0778,27.2755,-5.42394,-2.35167,-5.46804
0.279717,19.394,-4.60676,15.0778,27.2755,-5.42394,-2.35167,-5.46804
0.28077,19.1016,-4.4342,14.8155,27.3527,-5.47032,-2.37537,-5.52761
0.281762,19.088,-4.40002,14.7959,27.3917,-5.4935,-2.38648,-5.55771
0.282717,19.3521,-4.50285,15.0182,27.3925,-5.49363,-2.38524,-5.55771
0.28375,19.0739,-4.3396,14.7679,27.4665,-5.53793,-2.40748,-5.61585
0.284807,19.0619,-4.30791,14.7496,27.5039,-5.56006,-2.4179,-5.64508
0.285764,19.3259,-4.41063,14.9717,27.5047,-5.56021,-2.41666,-5.64508
0.286768,19.0505,-4.25208,14.7238,27.5757,-5.60261,-2.43753,-5.70181
0.287754,19.0397,-4.22265,14.7065,27.6116,-5.62381,-2.44726,-5.73045
0.288763,19.0351,-4.19654,14.6944,27.6462,-5.64438,-2.45652,-5.75825
0.28976,19.0308,-4.1711,14.6826,27.6805,-5.66461,-2.4656,-5.78593
0.290748,19.0269,-4.14631,14.6712,27.7143,-5.68457,-2.47447,-5.81333
0.291746,18.7594,-4.01963,14.4383,27.7469,-5.70411,-2.48436,-5.84063
0.292816,18.7563,-3.99613,14.4275,27.7799,-5.72355,-2.49282,-5.86766
0.29386,18.7587,-3.97524,14.4213,27.8124,-5.74278,-2.50105,-5.89461
0.294866,18.7614,-3.95489,14.4154,27.8445,-5.7617,-2.50911,-5.92126
0.295759,18.7642,-3.93506,14.4095,27.8762,-5.78038,-2.51698,-5.94779
0.296764,18.7673,-3.91573,14.4039,27.9075,-5.79883,-2.52467,-5.97403
0.29775,19.031,-4.01806,14.6251,27.9081,-5.79902,-2.52344,-5.97403
0.298747,18.774,-3.87852,14.3929,27.9688,-5.83502,-2.53948,-6.02606
0.299823,18.7721,-3.85823,14.383,27.9996,-5.85313,-2.54681,-6.05239
0.300748,18.776,-3.84084,14.3779,28.0293,-5.87073,-2.55377,-6.07796
0.301774,18.78,-3.8239,14.373,28.0587,-5.88808,-2.56058,-6.10346
0.302835,18.5208,-3.70523,14.1474,28.0872,-5.90501,-2.56845,-6.12872
0.304249,18.7843,-3.80741,14.3682,28.0878,-5.90522,-2.56722,-6.12872
0.304838,18.535,-3.67559,14.1427,28.1443,-5.93876,-2.58121,-6.1789
0.306096,18.5449,-3.662,14.1425,28.1729,-5.95566,-2.58749,-6.20428
0.306798,18.8082,-3.76405,14.3631,28.1735,-5.95587,-2.58626,-6.20428
0.307768,18.5649,-3.6362,14.1425,28.2285,-5.98852,-2.59945,-6.25389
0.309328,18.5697,-3.62167,14.1381,28.2561,-6.0048,-2.6053,-6.27863
0.309907,18.5697,-3.62167,14.1381,28.2561,-6.0048,-2.6053,-6.27863
0.31081,18.0633,-3.39393,13.6976,28.3087,-6.03615,-2.6188,-6.32728
0.311839,18.3266,-3.49594,13.9179,28.3092,-6.03639,-2.61758,-6.32728
0.312834,18.0946,-3.37554,13.707,28.3611,-6.06728,-2.62925,-6.37531
0.313866,18.3578,-3.47746,13.9271,28.3616,-6.06752,-2.62802,-6.37531
0.314824,18.3785,-3.47042,13.936,28.3876,-6.08292,-2.6331,-6.39931
0.315734,18.3991,-3.46379,13.9447,28.4128,-6.09781,-2.63793,-6.4225
0.316765,18.4143,-3.45517,13.9489,28.4382,-6.11283,-2.64276,-6.44608
0.318018,18.1664,-3.34503,13.7333,28.4627,-6.12747,-2.64865,-6.4694
0.318759,18.4442,-3.43852,13.957,28.488,-6.14247,-2.65198,-6.49267
0.319795,17.9531,-3.22133,13.5298,28.5358,-6.171,-2.66312,-6.5387
0.320881,18.216,-3.32302,13.7494,28.5362,-6.17127,-2.6619,-6.5387
0.322129,17.9926,-3.21047,13.546,28.583,-6.19917,-2.67123,-6.58368
0.322796,18.2555,-3.31207,13.7654,28.5834,-6.19944,-2.67001,-6.58368
0.323933,18.0366,-3.20209,13.5658,28.6292,-6.22672,-2.67887,-6.62806
0.324885,18.2994,-3.3036,13.785,28.6296,-6.22699,-2.67765,-6.62806
0.325969,18.0849,-3.19607,13.5891,28.6744,-6.25372,-2.68604,-6.67183
0.326945,18.0849,-3.19607,13.5891,28.6744,-6.25372,-2.68604,-6.67183
0.328554,18.1036,-3.19116,13.5961,28.6968,-6.26714,-2.68952,-6.69367
0.329072,18.1269,-3.18841,13.607,28.7186,-6.28025,-2.69277,-6.71507
0.330004,18.1503,-3.18563,13.618,28.7406,-6.29347,-2.69601,-6.73671
0.330915,18.1736,-3.18285,13.6287,28.7628,-6.30684,-2.69921,-6.75873
0.331755,18.1964,-3.18022,13.6392,28.7843,-6.31982,-2.70225,-6.78008
0.332818,18.219,-3.17765,13.6494,28.8056,-6.3327,-2.70519,-6.8014
0.333801,18.0009,-3.07157,13.4506,28.8473,-6.35781,-2.71201,-6.84362
0.334793,18.2632,-3.17269,13.669,28.8476,-6.35813,-2.71079,-6.84362
0.335872,18.285,-3.17029,13.6784,28.8683,-6.3707,-2.71345,-6.86454
0.33681,18.0493,-3.06896,13.4736,28.8881,-6.38263,-2.71714,-6.88504
0.337849,18.0705,-3.06668,13.4827,28.9085,-6.39497,-2.71963,-6.90578
0.338845,18.0915,-3.06449,13.4915,28.9286,-6.40728,-2.72201,-6.92652
0.339727,18.1175,-3.06428,13.5044,28.9486,-6.41954,-2.72428,-6.94712
0.340786,18.1432,-3.06407,13.517,28.9684,-6.43166,-2.72649,-6.9677
0.341809,17.9317,-2.96292,13.3238,29.0073,-6.45532,-2.73186,-7.00845
0.342683,17.9566,-2.96279,13.3358,29.0266,-6.4672,-2.73383,-7.02864
0.343779,18.2185,-3.06354,13.5534,29.0268,-6.46754,-2.73261,-7.02864
0.344859,18.015,-2.9664,13.3669,29.0639,-6.49026,-2.73738,-7.06802
0.345853,18.2767,-3.06705,13.5843,29.0641,-6.4906,-2.73617,-7.06802
0.346843,18.3004,-3.06679,13.5951,29.083,-6.50222,-2.73791,-7.08802
0.347757,18.0898,-2.9676,13.4027,29.1196,-6.52474,-2.7423,-7.12736
0.34884,18.0898,-2.9676,13.4027,29.1196,-6.52474,-2.7423,-7.12736
0.349734,17.8782,-2.8685,13.2095,29.1556,-6.54707,-2.7464,-7.16648
0.350763,17.9055,-2.87015,13.2234,29.1738,-6.55841,-2.74776,-7.18611
0.351817,18.167,-2.97057,13.4402,29.174,-6.55878,-2.74655,-7.18611
0.35281,17.9688,-2.87717,13.2582,29.2089,-6.58047,-2.75018,-7.2244
0.353765,17.9949,-2.87864,13.271,29.2266,-6.59158,-2.75136,-7.24383
0.354782,18.2562,-2.97889,13.4875,29.2268,-6.59196,-2.75015,-7.24383
0.355768,18.0555,-2.88512,13.3035,29.261,-6.61331,-2.75339,-7.28164
0.356788,18.3166,-2.98526,13.5198,29.2611,-6.61369,-2.75218,-7.28164
0.357757,18.3414,-2.9864,13.5314,29.2785,-6.62465,-2.75317,-7.30077
0.358725,18.1335,-2.89037,13.3413,29.3124,-6.64589,-2.75612,-7.33861
0.359764,18.1335,-2.89037,13.3413,29.3124,-6.64589,-2.75612,-7.33861
0.360775,18.1571,-2.89138,13.3518,29.3294,-6.65677,-2.75693,-7.35769
0.361788,17.9525,-2.79713,13.1645,29.3626,-6.6778,-2.75953,-7.39529
0.362771,18.2134,-2.89702,13.3803,29.3627,-6.6782,-2.75832,-7.39529
0.363791,18.0127,-2.80452,13.1963,29.3956,-6.69903,-2.76071,-7.43261
0.364789,18.0397,-2.80708,13.2096,29.4121,-6.70963,-2.76127,-7.4513
0.365778,18.3003,-2.9068,13.4251,29.4122,-6.71004,-2.76006,-7.4513
0.366729,18.1021,-2.81567,13.243,29.4441,-6.73039,-2.76212,-7.48784
0.367765,18.1277,-2.8179,13.2551,29.4604,-6.74087,-2.76252,-7.50642
0.368777,18.3881,-2.91744,13.4703,29.4604,-6.74129,-2.76132,-7.50642
0.369732,18.1873,-2.82578,13.2862,29.4918,-6.76142,-2.7631,-7.54264
0.370739,18.2117,-2.82768,13.2971,29.5078,-6.77181,-2.76337,-7.56099
0.371713,18.2117,-2.82768,13.2971,29.5078,-6.77181,-2.76337,-7.56099
0.372802,18.0087,-2.73557,13.1113,29.5387,-6.79175,-2.76489,-7.59698
0.373763,18.0371,-2.73915,13.1255,29.5544,-6.80209,-2.76499,-7.61532
0.374682,18.2971,-2.83842,13.3401,29.5544,-6.80253,-2.76379,-7.61532
0.37578,18.1023,-2.74961,13.1609,29.5849,-6.82226,-2.76504,-7.65099
0.376769,18.1294,-2.75276,13.174,29.6004,-6.83245,-2.76505,-7.66903
0.377704,18.1607,-2.75762,13.1906,29.6154,-6.84249,-2.76496,-7.68676
0.378774,18.4204,-2.85664,13.4047,29.6154,-6.84294,-2.76376,-7.68676
0.379853,18.222,-2.76687,13.2226,29.6453,-6.86238,-2.76472,-7.72196
0.380847,18.4815,-2.86575,13.4365,29.6452,-6.86283,-2.76352,-7.72196
0.381827,18.0171,-2.67484,13.0351,29.6752,-6.88194,-2.76554,-7.75735
0.383032,18.2766,-2.77371,13.2489,29.6752,-6.8824,-2.76434,-7.75735
0.384047,18.3008,-2.77597,13.2595,29.6902,-6.89244,-2.76413,-7.77513
0.384791,18.3346,-2.78193,13.278,29.7048,-6.90237,-2.7638,-7.79263
0.385813,18.3632,-2.78583,13.2921,29.7197,-6.91235,-2.76352,-7.81031
0.387064,18.16,-2.69476,13.106,29.7493,-6.93186,-2.764,-7.84561
0.387707,18.4191,-2.7933,13.3192,29.7492,-6.93234,-2.76281,-7.84561
0.388809,18.4463,-2.7968,13.332,29.7639,-6.9423,-2.76241,-7.86323
0.389855,17.9821,-2.60668,12.9312,29.7936,-6.96138,-2.76393,-7.89855
0.390844,18.2411,-2.70513,13.1442,29.7935,-6.96186,-2.76273,-7.89855
0.391844,18.2671,-2.70829,13.1561,29.8079,-6.97176,-2.76226,-7.91604
0.392768,18.0744,-2.62157,12.9787,29.8366,-6.99078,-2.76238,-7.9504
0.393755,18.3331,-2.71981,13.1913,29.8364,-6.99127,-2.76118,-7.9504
0.394761,18.3632,-2.72444,13.2064,29.8507,-7.00108,-2.76061,-7.96759
0.39587,18.3973,-2.73065,13.2249,29.8646,-7.01069,-2.75998,-7.98447
0.396986,18.1961,-2.64093,13.0406,29.893,-7.02963,-2.7599,-8.01864
0.397792,18.4545,-2.7389,13.2527,29.8928,-7.03013,-2.75871,-8.01864
0.398966,18.4823,-2.74274,13.266,29.9068,-7.03985,-2.75803,-8.03562
0.39989,18.2563,-2.65043,13.0709,29.9207,-7.04887,-2.7585,-8.05231
0.400833,18.2833,-2.654,13.0834,29.9347,-7.05849,-2.75778,-8.06919
0.401853,18.3098,-2.65744,13.0955,29.9486,-7.06816,-2.75702,-8.08614
0.402785,18.1139,-2.56992,12.9155,29.9764,-7.08694,-2.75658,-8.11985
0.403791,18.3718,-2.66756,13.127,29.9762,-7.08746,-2.7554,-8.11985
0.404804,18.179,-2.58128,12.9496,30.0035,-7.10594,-2.75486,-8.15296
0.405801,18.2084,-2.58574,12.964,30.0172,-7.11545,-2.75399,-8.16954
0.406868,18.466,-2.68317,13.1751,30.0169,-7.11598,-2.75281,-8.16954
0.407771,18.4994,-2.68916,13.1927,30.0301,-7.12535,-2.75188,-8.18583
0.408738,18.3026,-2.6015,13.0121,30.0571,-7.14357,-2.75118,-8.21848
0.409789,18.56,-2.69871,13.2228,30.0568,-7.14411,-2.75,-8.21848
0.410777,18.5872,-2.70231,13.2353,30.0702,-7.1536,-2.74901,-8.23488
0.411773,18.3876,-2.61373,13.0523,30.097,-7.17178,-2.74816,-8.26736
0.412714,18.6446,-2.7107,13.2627,30.0967,-7.17233,-2.74698,-8.26736
0.41388,18.1865,-2.52469,12.8682,30.1236,-7.18998,-2.74722,-8.29977
0.41494,18.2114,-2.52752,12.8787,30.1369,-7.19938,-2.74615,-8.31614
0.415786,18.4683,-2.62439,13.0888,30.1366,-7.19993,-2.74497,-8.31614
0.416849,18.5027,-2.6307,13.1071,30.1494,-7.20925,-2.74382,-8.33209
0.417791,18.3086,-2.54423,12.9287,30.1759,-7.22724,-2.74273,-8.36418
0.418721,18.3367,-2.5482,12.9417,30.1889,-7.23663,-2.74154,-8.38036
0.419792,18.5932,-2.64476,13.1513,30.1886,-7.23719,-2.74036,-8.38036
0.420778,18.4009,-2.55904,12.9744,30.2144,-7.25498,-2.73913,-8.41188
0.421792,18.4275,-2.56237,12.9861,30.2274,-7.26428,-2.73791,-8.42783
0.423052,18.6837,-2.65869,13.1953,30.227,-7.26485,-2.73673,-8.42783
0.423756,18.4885,-2.57198,13.0161,30.2527,-7.28258,-2.73538,-8.45914
0.424741,18.5135,-2.5747,13.0264,30.2656,-7.29185,-2.7341,-8.47509
0.425688,18.5135,-2.5747,13.0264,30.2656,-7.29185,-2.7341,-8.47509
0.42677,18.3158,-2.48712,12.8452,30.2911,-7.30953,-2.73264,-8.50626
0.427747,18.3447,-2.49123,12.8587,30.3039,-7.31882,-2.73129,-8.52207
0.428859,18.6004,-2.58719,13.0672,30.3034,-7.31942,-2.73011,-8.52207
0.4298,18.4103,-2.50235,12.8922,30.3288,-7.33701,-2.72853,-8.553
0.430755,18.4376,-2.50581,12.9043,30.3415,-7.34622,-2.72714,-8.56873
0.431714,18.693,-2.60153,13.1124,30.341,-7.34682,-2.72597,-8.56873
0.432798,18.7244,-2.60646,13.1278,30.3533,-7.35591,-2.72454,-8.58404
0.43378,18.5257,-2.51841,12.9458,30.3788,-7.37351,-2.72285,-8.61491
0.434719,18.5508,-2.52104,12.9561,30.3913,-7.38272,-2.72139,-8.63051
0.435751,18.8058,-2.61642,13.1636,30.3908,-7.38333,-2.72022,-8.63051
0.436824,18.6093,-2.52924,12.9833,30.4158,-7.40078,-2.71843,-8.66095
0.43777,18.3783,-2.43603,12.7852,30.4289,-7.40932,-2.71811,-8.67639
0.438777,18.6331,-2.53128,12.9924,30.4283,-7.40994,-2.71694,-8.67639
0.439748,18.4393,-2.44511,12.8144,30.4532,-7.4274,-2.71503,-8.70672
0.440733,18.4668,-2.44847,12.8265,30.4657,-7.43653,-2.71349,-8.72214
0.441848,18.7212,-2.54347,13.0334,30.4651,-7.43715,-2.71233,-8.72214
0.442722,18.5298,-2.45808,12.8573,30.4898,-7.45449,-2.71034,-8.75218
0.443749,18.5558,-2.46079,12.8681,30.5021,-7.46358,-2.70876,-8.76737
0.444775,18.8099,-2.55552,13.0745,30.5015,-7.46421,-2.7076,-8.76737
0.445755,18.6156,-2.46907,12.8961,30.5261,-7.48148,-2.70553,-8.79715
0.44677,18.6399,-2.47113,12.9056,30.5383,-7.49055,-2.70391,-8.81233
0.447805,18.8937,-2.5656,13.1116,30.5377,-7.49119,-2.70275,-8.81233
0.448737,18.6967,-2.47817,12.931,30.5622,-7.50841,-2.70061,-8.84195
0.44975,18.7197,-2.47963,12.9392,30.5744,-7.51746,-2.69895,-8.85698
0.45071,18.7197,-2.47963,12.9392,30.5744,-7.51746,-2.69895,-8.85698
0.451765,18.5204,-2.39136,12.7568,30.5988,-7.53466,-2.69674,-8.88649
0.452755,18.5471,-2.39416,12.768,30.6109,-7.54375,-2.69502,-8.90155
0.453706,18.5782,-2.39853,12.7829,30.6227,-7.55267,-2.69329,-8.9162
0.454747,18.6087,-2.40265,12.7972,30.6345,-7.56154,-2.69156,-8.93086
0.455752,18.6387,-2.40654,12.811,30.6462,-7.57039,-2.68982,-8.94538
0.45678,18.668,-2.41019,12.8244,30.658,-7.57924,-2.68807,-8.95994
0.457744,18.6969,-2.4136,12.8373,30.6697,-7.58808,-2.6863,-8.97438
0.458762,18.7252,-2.41679,12.8497,30.6813,-7.5969,-2.68452,-8.98886
0.459794,18.753,-2.41975,12.8618,30.693,-7.60572,-2.68273,-9.00323
0.460748,18.5279,-2.32904,12.6691,30.7054,-7.61385,-2.68208,-9.01765
0.461739,18.807,-2.42504,12.8845,30.7162,-7.62334,-2.67911,-9.03197
0.462772,18.8383,-2.42917,12.8993,30.7278,-7.63217,-2.67725,-9.04634
0.46371,18.8383,-2.42917,12.8993,30.7278,-7.63217,-2.67725,-9.04634
0.46523,18.6374,-2.34005,12.7157,30.7518,-7.64901,-2.67474,-9.07487
0.465753,18.8893,-2.43313,12.9193,30.7509,-7.6497,-2.67359,-9.07487
0.466828,18.6877,-2.34355,12.7351,30.7755,-7.66712,-2.6709,-9.1042
0.46777,18.7121,-2.34498,12.7441,30.7873,-7.67606,-2.66901,-9.11862
0.46875,18.9636,-2.43777,12.9473,30.7864,-7.67675,-2.66787,-9.11862
0.469734,18.7688,-2.35075,12.7687,30.8102,-7.69358,-2.66523,-9.14686
0.470733,18.7917,-2.35158,12.7765,30.8219,-7.70246,-2.66332,-9.16124
0.471828,18.7917,-2.35158,12.7765,30.8219,-7.70246,-2.66332,-9.16124
0.472805,18.5945,-2.26365,12.596,30.8455,-7.71925,-2.66061,-9.1893
0.473787,18.6212,-2.26575,12.6069,30.8571,-7.72814,-2.65864,-9.20352
0.474778,18.8721,-2.3581,12.8093,30.8562,-7.72885,-2.6575,-9.20352
0.475862,18.6824,-2.27273,12.6349,30.8797,-7.74555,-2.65472,-9.23132
0.476844,18.7074,-2.27413,12.6444,30.8912,-7.75436,-2.65274,-9.24545
0.478026,18.9579,-2.36618,12.8464,30.8903,-7.75507,-2.6516,-9.24545
0.478887,18.987,-2.36898,12.8591,30.9015,-7.76377,-2.6496,-9.25918
0.480117,19.0155,-2.37153,12.8714,30.9127,-7.77241,-2.64761,-9.27295
0.480795,19.0389,-2.37214,12.8794,30.9241,-7.78118,-2.64561,-9.28686
0.481761,19.0618,-2.37254,12.887,30.9355,-7.78999,-2.64357,-9.3008
0.482779,19.0841,-2.37272,12.8941,30.9469,-7.79879,-2.64153,-9.31478
0.483802,18.8564,-2.28128,12.6999,30.9593,-7.80687,-2.64063,-9.32866
0.485032,18.878,-2.2812,12.7064,30.9707,-7.81567,-2.63858,-9.34261
0.486028,18.8993,-2.28096,12.7127,30.9821,-7.82447,-2.63653,-9.35647
0.487202,18.9251,-2.28232,12.7226,30.9934,-7.8333,-2.63445,-9.3704
0.488099,18.9506,-2.28346,12.7322,31.0048,-7.84208,-2.63238,-9.38419
0.488771,18.9756,-2.28443,12.7414,31.0161,-7.85085,-2.6303,-9.39802
0.489769,19.0002,-2.28519,12.7503,31.0273,-7.85961,-2.62821,-9.41172
0.490878,19.0243,-2.28573,12.7586,31.0386,-7.86836,-2.62612,-9.42546
0.491823,19.0479,-2.28607,12.7667,31.0498,-7.87709,-2.62402,-9.43908
0.492819,19.2965,-2.37668,12.9665,31.0487,-7.87784,-2.6229,-9.43908
0.493752,19.0938,-2.28615,12.7816,31.0722,-7.89454,-2.61981,-9.46631
0.494954,19.0938,-2.28615,12.7816,31.0722,-7.89454,-2.61981,-9.46631
0.49615,18.885,-2.19338,12.5918,31.0959,-7.91135,-2.61668,-9.49371
0.496855,19.1332,-2.28371,12.7911,31.0948,-7.91211,-2.61556,-9.49371
0.49786,18.928,-2.19222,12.6043,31.1184,-7.92898,-2.61237,-9.52107
0.499264,19.1759,-2.28234,12.8033,31.1173,-7.92975,-2.61125,-9.52107
0.499777,19.2016,-2.28314,12.8128,31.1284,-7.93847,-2.60909,-9.53461
0.500753,18.9945,-2.19089,12.6244,31.152,-7.95519,-2.60591,-9.56171
0.501758,19.242,-2.28068,12.8229,31.1508,-7.95596,-2.6048,-9.56171
0.502746,19.0383,-2.18969,12.6374,31.1741,-7.97255,-2.60159,-9.58845
0.503785,19.0621,-2.18966,12.6454,31.1851,-7.98119,-2.59942,-9.60173
0.504709,18.838,-2.09992,12.4547,31.1971,-7.98886,-2.59839,-9.61478
0.505899,18.8608,-2.0996,12.462,31.2078,-7.99731,-2.59624,-9.62771
0.506937,19.1077,-2.189,12.6598,31.2066,-7.99809,-2.59513,-9.62771
0.507807,18.9148,-2.1018,12.4832,31.2292,-8.01421,-2.59184,-9.65357
0.508775,18.9363,-2.10085,12.4893,31.2402,-8.02275,-2.58962,-9.66672
0.509802,19.1828,-2.18991,12.6866,31.2389,-8.02353,-2.58851,-9.66672
0.510775,18.9876,-2.10169,12.5081,31.2616,-8.03974,-2.58511,-9.69258
0.511767,18.7615,-2.0112,12.3162,31.2738,-8.04744,-2.58398,-9.70551
0.512729,18.7859,-2.01121,12.3246,31.2843,-8.05584,-2.58171,-9.71825
0.513721,19.032,-2.09997,12.5214,31.283,-8.05663,-2.5806,-9.71825
0.514741,18.8433,-2.01397,12.3484,31.3054,-8.07251,-2.57715,-9.74349
0.515753,18.8666,-2.0133,12.3559,31.3161,-8.08094,-2.57484,-9.75622
0.516715,19.1122,-2.10172,12.5522,31.3148,-8.08174,-2.57374,-9.75622
0.517751,18.9207,-2.0146,12.3769,31.3369,-8.09751,-2.57021,-9.78112
0.518747,18.9423,-2.01319,12.383,31.3476,-8.10588,-2.56787,-9.79379
0.51978,19.1875,-2.10127,12.5788,31.3463,-8.10669,-2.56677,-9.79379
0.520741,18.9933,-2.01311,12.4015,31.3683,-8.12236,-2.56318,-9.81845
0.521758,19.0134,-2.01103,12.4065,31.3789,-8.13069,-2.56082,-9.83092
0.523021,19.0377,-2.01045,12.4146,31.3892,-8.13893,-2.55843,-9.84322
0.523771,19.0615,-2.00965,12.4225,31.3995,-8.14711,-2.55607,-9.8554
0.524744,18.8407,-1.9211,12.2352,31.4114,-8.15463,-2.55474,-9.86789
0.525769,18.8637,-1.91998,12.2424,31.4217,-8.16278,-2.55235,-9.88
0.526798,18.8912,-1.92034,12.2531,31.4319,-8.17097,-2.54992,-9.89217
0.528058,18.9181,-1.92046,12.2635,31.4421,-8.17909,-2.5475,-9.90419
0.529659,19.1621,-2.00764,12.4579,31.4406,-8.17991,-2.54641,-9.90419
0.529728,18.7268,-1.83285,12.0888,31.464,-8.19461,-2.54367,-9.92839
0.530805,18.9962,-1.91933,12.2922,31.4729,-8.20367,-2.54008,-9.94057
0.53186,19.0259,-1.92014,12.3046,31.4829,-8.21174,-2.53759,-9.95236
0.532855,19.0499,-1.91898,12.3126,31.493,-8.21971,-2.53515,-9.96415
0.533767,19.0735,-1.91759,12.3202,31.503,-8.22771,-2.53267,-9.97584
0.534826,19.0965,-1.91598,12.3274,31.513,-8.2357,-2.53018,-9.98759
0.535739,19.1191,-1.91415,12.3341,31.5229,-8.24368,-2.52769,-9.99923
0.536876,18.8985,-1.82584,12.1474,31.5344,-8.25081,-2.52627,-10.011
0.537866,19.1412,-1.9121,12.3405,31.5329,-8.25165,-2.52518,-10.011
0.538831,18.9465,-1.82305,12.1632,31.5543,-8.26677,-2.52119,-10.0343
0.539737,18.9725,-1.82212,12.1727,31.5644,-8.27487,-2.51859,-10.046
0.541085,18.9976,-1.82097,12.1814,31.5743,-8.28278,-2.51604,-10.0576
0.542295,18.9976,-1.82097,12.1814,31.5743,-8.28278,-2.51604,-10.0576
0.542787,18.8048,-1.73226,12.0058,31.5957,-8.29788,-2.51194,-10.0808
0.544277,19.0467,-1.81794,12.1979,31.5941,-8.29873,-2.51086,-10.0808
0.544869,19.0706,-1.81607,12.2057,31.6041,-8.30676,-2.50823,-10.0924
0.546081,19.0985,-1.81563,12.2166,31.6138,-8.31465,-2.50561,-10.1037
0.547312,19.1214,-1.81326,12.2235,31.6238,-8.32259,-2.50299,-10.1152
0.548171,18.9024,-1.7255,12.0384,31.6353,-8.3297,-2.50142,-10.1267
0.548989,18.9244,-1.72281,12.0446,31.6452,-8.33766,-2.49877,-10.1381
0.550231,18.9458,-1.71989,12.0503,31.6551,-8.3456,-2.49611,-10.1496
0.551094,18.7307,-1.63345,11.8686,31.6665,-8.3527,-2.49449,-10.161
0.551945,18.7562,-1.63185,11.8775,31.6763,-8.36059,-2.49182,-10.1723
0.552788,18.7813,-1.63005,11.8862,31.6861,-8.36847,-2.48914,-10.1836
0.553954,18.8106,-1.62964,11.8982,31.6957,-8.37636,-2.48642,-10.1948
0.554774,18.8393,-1.62895,11.9098,31.7054,-8.38418,-2.48371,-10.2059
0.555723,18.6549,-1.54241,11.7413,31.7263,-8.39884,-2.47935,-10.2279
0.556882,18.895,-1.62678,11.9314,31.7245,-8.39972,-2.47828,-10.2279
0.557849,18.922,-1.62528,11.9416,31.734,-8.40744,-2.47555,-10.2388
0.55877,18.9527,-1.62514,11.9548,31.7433,-8.41501,-2.47284,-10.2494
0.559877,18.7388,-1.53909,11.7743,31.7545,-8.42175,-2.47118,-10.2601
0.560789,18.7641,-1.53691,11.7831,31.7639,-8.42939,-2.46842,-10.2709
0.561979,18.7887,-1.53446,11.7915,31.7733,-8.43701,-2.46565,-10.2815
0.562815,18.8176,-1.53338,11.8031,31.7826,-8.44465,-2.46285,-10.2922
0.563747,18.8459,-1.53203,11.8144,31.7919,-8.45222,-2.46006,-10.3027
0.565009,18.8737,-1.53042,11.8251,31.8011,-8.45976,-2.45726,-10.3132
0.565958,18.9008,-1.52854,11.8354,31.8103,-8.46727,-2.45446,-10.3236
0.566752,18.9273,-1.52639,11.8452,31.8195,-8.47477,-2.45164,-10.3341
0.567841,18.9532,-1.52397,11.8545,31.8287,-8.48224,-2.44882,-10.3444
0.568896,18.9784,-1.52129,11.8632,31.8378,-8.48969,-2.44599,-10.3547
0.569769,19.0036,-1.51835,11.8719,31.8471,-8.49727,-2.4431,-10.3651
0.570743,19.0277,-1.51517,11.8797,31.8562,-8.50468,-2.44026,-10.3754
0.571768,19.0513,-1.51175,11.8871,31.8652,-8.51208,-2.43741,-10.3856
0.572898,19.0743,-1.50809,11.8941,31.8743,-8.51946,-2.43456,-10.3958
0.573979,18.8595,-1.4219,11.7135,31.8852,-8.52592,-2.43274,-10.4059
0.574927,18.8816,-1.41792,11.7197,31.8942,-8.53328,-2.42987,-10.4161
0.57584,18.9033,-1.41373,11.7256,31.9033,-8.54063,-2.427,-10.4262
0.57678,18.9292,-1.41091,11.7349,31.9122,-8.54801,-2.42408,-10.4363
0.577725,18.9546,-1.40784,11.7437,31.9211,-8.55533,-2.42118,-10.4464
0.578858,18.9795,-1.40455,11.7521,31.93,-8.56263,-2.41827,-10.4564
0.579922,19.0039,-1.40101,11.7601,31.9389,-8.56991,-2.41534,-10.4664
0.580936,19.0276,-1.39722,11.7676,31.9477,-8.57718,-2.41242,-10.4763
0.581913,19.0509,-1.3932,11.7747,31.9566,-8.58443,-2.40948,-10.4862
0.582918,19.0738,-1.38889,11.7815,31.9656,-8.59182,-2.40648,-10.4963
0.583796,19.096,-1.38439,11.7877,31.9743,-8.59904,-2.40354,-10.5061
0.584808,18.882,-1.29869,11.6081,31.9851,-8.60532,-2.40162,-10.516
0.585779,18.9033,-1.29388,11.6137,31.9939,-8.61251,-2.39867,-10.5258
0.586879,18.924,-1.28886,11.6188,32.0027,-8.6197,-2.3957,-10.5356
0.58783,18.9491,-1.2852,11.6273,32.0113,-8.62691,-2.3927,-10.5453
0.58878,18.9736,-1.28129,11.6353,32.02,-8.63406,-2.38971,-10.5551
0.590008,18.9976,-1.27716,11.643,32.0287,-8.64119,-2.38671,-10.5647
0.591066,19.021,-1.27279,11.6501,32.0373,-8.64831,-2.38371,-10.5744
0.591866,19.0439,-1.26817,11.6569,32.0459,-8.6554,-2.38069,-10.584
0.592932,19.0662,-1.26332,11.6632,32.0544,-8.66248,-2.37767,-10.5936
0.594367,19.0881,-1.25823,11.6691,32.063,-8.66955,-2.37465,-10.6031
0.595009,19.0881,-1.25823,11.6691,32.063,-8.66955,-2.37465,-10.6031
0.595991,18.8964,-1.16778,11.4963,32.0822,-8.68269,-2.3696,-10.6221
0.597052,18.9171,-1.1621,11.5012,32.0909,-8.68986,-2.36649,-10.6318
0.597934,18.9373,-1.15621,11.5059,32.0995,-8.69701,-2.36339,-10.6414
0.598911,18.9615,-1.15172,11.5136,32.1079,-8.70404,-2.36031,-10.6509
0.599904,18.9852,-1.14698,11.5209,32.1164,-8.71101,-2.35724,-10.6602
0.600893,19.0083,-1.14203,11.5278,32.1247,-8.71796,-2.35417,-10.6695
0.601787,19.0309,-1.13685,11.5344,32.1331,-8.72489,-2.35109,-10.6788
0.602907,19.0529,-1.13142,11.5404,32.1414,-8.7318,-2.348,-10.688
0.604219,18.8421,-1.04713,11.3641,32.1519,-8.73773,-2.34593,-10.6972
0.605225,18.8632,-1.04138,11.3695,32.1602,-8.74461,-2.34282,-10.7064
0.605844,18.8839,-1.03542,11.3745,32.1685,-8.75146,-2.33971,-10.7155
0.60689,18.9087,-1.03075,11.3827,32.1767,-8.75835,-2.33657,-10.7247
0.60798,18.9331,-1.02584,11.3906,32.1848,-8.76516,-2.33344,-10.7337
0.608824,18.9568,-1.0207,11.398,32.193,-8.77195,-2.33029,-10.7427
0.609942,18.98,-1.01531,11.405,32.2011,-8.77872,-2.32715,-10.7517
0.610788,18.7714,-0.931878,11.2307,32.2115,-8.78451,-2.325,-10.7606
0.611856,18.7937,-0.926146,11.237,32.2196,-8.79123,-2.32183,-10.7695
0.612843,18.8153,-0.920173,11.2428,32.2276,-8.79793,-2.31866,-10.7783
0.613952,18.8412,-0.915482,11.2519,32.2355,-8.80466,-2.31546,-10.7871
0.614897,18.8664,-0.910517,11.2605,32.2435,-8.81131,-2.31226,-10.7959
0.616204,18.8912,-0.905323,11.2687,32.2514,-8.81794,-2.30906,-10.8045
0.61683,18.9152,-0.899861,11.2764,32.2593,-8.82454,-2.30585,-10.8132
0.61793,18.9387,-0.894145,11.2837,32.2671,-8.83112,-2.30263,-10.8218
0.618979,18.9616,-0.888172,11.2904,32.2749,-8.83767,-2.29941,-10.8303
0.619812,18.984,-0.881957,11.2968,32.2827,-8.8442,-2.29618,-10.8388
0.620795,19.0057,-0.875499,11.3027,32.2905,-8.85071,-2.29294,-10.8473
0.621976,19.0269,-0.868803,11.3081,32.2982,-8.8572,-2.2897,-10.8558
0.622935,18.8185,-0.785704,11.1345,32.3084,-8.86269,-2.28744,-10.8641
0.623801,18.8388,-0.778705,11.1393,32.3161,-8.86915,-2.28418,-10.8726
0.624874,18.8587,-0.77149,11.1437,32.3238,-8.87559,-2.28092,-10.8809
0.62585,18.8826,-0.765534,11.1513,32.3314,-8.88206,-2.27762,-10.8893
0.626951,18.906,-0.759329,11.1585,32.339,-8.88847,-2.27433,-10.8976
0.627857,18.9289,-0.752901,11.1652,32.3466,-8.89485,-2.27104,-10.9059
0.629026,18.9512,-0.74623,11.1716,32.3542,-8.90121,-2.26774,-10.9141
0.63004,18.9729,-0.739311,11.1774,32.3617,-8.90755,-2.26443,-10.9223
0.630983,18.9941,-0.732159,11.1829,32.3692,-8.91386,-2.26111,-10.9304
0.63202,19.0147,-0.724769,11.1879,32.3767,-8.92016,-2.25779,-10.9386
0.63287,19.0349,-0.717157,11.1925,32.3841,-8.92644,-2.25447,-10.9466
0.633982,19.0544,-0.709318,11.1966,32.3916,-8.93271,-2.25114,-10.9547
0.635008,18.8466,-0.626743,11.024,32.4016,-8.93796,-2.24878,-10.9628
0.635874,19.092,-0.692997,11.2038,32.4064,-8.94519,-2.24446,-10.9708
0.636792,19.1101,-0.684524,11.2068,32.4138,-8.95142,-2.24111,-10.9788
0.637804,18.906,-0.603232,11.0371,32.4237,-8.95667,-2.2387,-10.9869
0.638843,18.9233,-0.594474,11.0395,32.4311,-8.96281,-2.23536,-10.9948
0.639846,18.9401,-0.585546,11.0416,32.4385,-8.96899,-2.23199,-11.0028
0.640863,18.961,-0.577833,11.0468,32.4458,-8.9752,-2.22859,-11.0107
0.641741,18.9814,-0.569889,11.0515,32.453,-8.98134,-2.2252,-11.0186
0.642842,19.0014,-0.561753,11.056,32.4603,-8.98747,-2.22181,-11.0265
0.643841,19.2265,-0.635023,11.2308,32.4576,-8.98847,-2.22084,-11.0265
0.644772,19.0397,-0.54481,11.0637,32.4747,-8.99966,-2.21501,-11.0421
0.645833,19.058,-0.536011,11.0669,32.4819,-9.00573,-2.2116,-11.0499
0.646815,19.0716,-0.525456,11.0664,32.4892,-9.01187,-2.20815,-11.0578
0.647817,19.089,-0.516277,11.0689,32.4964,-9.01796,-2.20472,-11.0656
0.648772,18.8819,-0.434364,10.8973,32.5063,-9.02298,-2.20226,-11.0733
0.649866,18.8986,-0.42495,10.8992,32.5134,-9.02899,-2.19884,-11.0811
0.650758,18.9149,-0.415347,10.9009,32.5205,-9.03499,-2.19542,-11.0887
0.651786,18.9353,-0.406955,10.9057,32.5275,-9.04102,-2.19195,-11.0965
0.652792,18.9553,-0.39834,10.9102,32.5345,-9.04698,-2.18851,-11.104
0.653732,18.9747,-0.389525,10.9142,32.5415,-9.05292,-2.18506,-11.1117
0.654785,18.9937,-0.38049,10.918,32.5485,-9.05884,-2.1816,-11.1192
0.655821,19.012,-0.37123,10.9212,32.5554,-9.06473,-2.17813,-11.1267
0.656797,19.03,-0.361759,10.9242,32.5623,-9.0706,-2.17467,-11.1341
0.657773,19.0473,-0.352072,10.9266,32.5692,-9.07645,-2.17119,-11.1416
0.65885,19.0643,-0.342183,10.9288,32.5761,-9.08228,-2.16772,-11.149
0.659784,18.8587,-0.261168,10.7588,32.5858,-9.08707,-2.16518,-11.1564
0.661105,18.8749,-0.251043,10.7605,32.5926,-9.09287,-2.16169,-11.1637
0.66182,18.8906,-0.24072,10.7617,32.5994,-9.09865,-2.1582,-11.1711
0.663027,18.9104,-0.231586,10.7661,32.6062,-9.10445,-2.15467,-11.1784
0.663803,18.9296,-0.222223,10.7701,32.6129,-9.11018,-2.15116,-11.1857
0.664784,18.9485,-0.21267,10.7738,32.6196,-9.11589,-2.14765,-11.1929
0.665953,18.9668,-0.20289,10.777,32.6262,-9.12158,-2.14412,-11.2001
0.666806,18.9846,-0.192897,10.7799,32.6328,-9.12724,-2.1406,-11.2072
0.667708,18.7814,-0.112887,10.6122,32.6424,-9.13184,-2.138,-11.2144
0.668939,18.7984,-0.102637,10.6146,32.649,-9.13746,-2.13446,-11.2214
0.669894,18.8149,-0.0921785,10.6164,32.6556,-9.14305,-2.13092,-11.2285
0.670831,18.8355,-0.0828773,10.6215,32.662,-9.14866,-2.12734,-11.2355
0.671809,18.8555,-0.0733368,10.6261,32.6684,-9.1542,-2.12378,-11.2425
0.672828,18.8751,-0.063597,10.6305,32.6749,-9.15971,-2.12021,-11.2493
0.673924,18.894,-0.0536219,10.6343,32.6812,-9.1652,-2.11664,-11.2562
0.674831,18.9125,-0.0434251,10.6378,32.6876,-9.17065,-2.11306,-11.263
0.675827,19.1315,-0.112057,10.8066,32.6845,-9.17169,-2.11213,-11.263
0.676789,18.9478,-0.0223671,10.6435,32.7002,-9.18149,-2.10589,-11.2765
0.677894,18.9647,-0.0115159,10.6458,32.7064,-9.18687,-2.10229,-11.2832
0.678749,18.7586,0.0691889,10.4764,32.716,-9.19127,-2.09957,-11.29
0.680127,18.7748,0.0802419,10.4781,32.7222,-9.19665,-2.09595,-11.2967
0.68128,18.7948,0.0899969,10.4828,32.7282,-9.2019,-2.0924,-11.3032
0.681738,18.8145,0.100151,10.4874,32.7344,-9.2072,-2.08878,-11.3098
0.682786,18.8336,0.110507,10.4914,32.7405,-9.21247,-2.08515,-11.3164
0.683781,18.8521,0.120932,10.495,32.7464,-9.2176,-2.08159,-11.3227
0.684749,18.8702,0.131748,10.4983,32.7524,-9.22282,-2.07794,-11.3292
0.685752,18.8878,0.142776,10.5013,32.7584,-9.22801,-2.07429,-11.3356
0.686752,18.9046,0.153854,10.5036,32.7643,-9.23306,-2.07071,-11.3419
0.687731,18.9212,0.165314,10.5058,32.7703,-9.23821,-2.06704,-11.3482
0.688743,18.9373,0.17698,10.5075,32.7762,-9.24333,-2.06337,-11.3546
0.689736,18.7367,0.25514,10.3428,32.7853,-9.24727,-2.06067,-11.3607
0.690735,18.752,0.267038,10.344,32.7912,-9.25235,-2.05699,-11.367
0.691754,18.7711,0.277642,10.3482,32.7968,-9.25734,-2.05334,-11.3731
0.692788,18.7897,0.288476,10.3519,32.8025,-9.26227,-2.04971,-11.3793
0.693728,18.8078,0.299524,10.3554,32.8082,-9.26718,-2.04607,-11.3853
0.694765,18.8255,0.31097,10.3585,32.8139,-9.27216,-2.04234,-11.3915
0.69604,18.8426,0.322453,10.3611,32.8195,-9.27701,-2.03868,-11.3974
0.696833,18.8593,0.334338,10.3634,32.8252,-9.28195,-2.03494,-11.4035
0.697739,19.0737,0.26907,10.5279,32.8218,-9.283,-2.03404,-11.4035
0.698772,18.8908,0.358344,10.3667,32.8362,-9.29153,-2.02759,-11.4153
0.699725,19.1048,0.293424,10.5308,32.8328,-9.29259,-2.0267,-11.4153
0.700723,19.1156,0.307356,10.5285,32.8385,-9.29742,-2.02297,-11.4213
0.701871,18.9265,0.398698,10.3626,32.8531,-9.30595,-2.01641,-11.4332
0.702815,18.9265,0.398698,10.3626,32.8531,-9.30595,-2.01641,-11.4332
0.703842,18.9361,0.412953,10.3595,32.8587,-9.31078,-2.01265,-11.4392
0.705245,18.75,0.503324,10.1961,32.8732,-9.31929,-2.00604,-11.4511
0.705797,18.7632,0.516647,10.1958,32.8788,-9.32407,-2.00226,-11.457
0.706724,18.9758,0.452754,10.3585,32.8753,-9.32513,-2.00137,-11.457
0.707765,18.7965,0.540941,10.2005,32.8894,-9.33343,-1.9948,-11.4687
0.708753,18.8083,0.55483,10.1991,32.8949,-9.33811,-1.99102,-11.4746
0.70969,18.8238,0.567451,10.2006,32.9001,-9.34275,-1.98726,-11.4803
0.710744,18.8388,0.580278,10.2017,32.9054,-9.34733,-1.98352,-11.486
0.711774,18.8534,0.593294,10.2026,32.9106,-9.35188,-1.97978,-11.4916
0.712741,18.8675,0.606506,10.203,32.9158,-9.35641,-1.97602,-11.4973
0.713771,18.8812,0.619903,10.2032,32.921,-9.36092,-1.97226,-11.5028
0.71467,19.092,0.55743,10.3642,32.9174,-9.36198,-1.9714,-11.5028
0.715711,18.8944,0.63349,10.2029,32.9261,-9.3654,-1.9685,-11.5084
0.716801,18.7051,0.724777,10.0378,32.9402,-9.3733,-1.96177,-11.5196
0.71776,18.9154,0.662638,10.1984,32.9366,-9.37437,-1.9609,-11.5196
0.718785,18.9276,0.676948,10.1973,32.9417,-9.37893,-1.95703,-11.5252
0.719763,18.7453,0.76629,10.0376,32.9556,-9.38676,-1.95025,-11.5363
0.720778,18.7565,0.781176,10.0359,32.9608,-9.39131,-1.94631,-11.542
0.721863,18.9659,0.719756,10.1957,32.9571,-9.39238,-1.94545,-11.542
0.722815,18.7859,0.808167,10.0379,32.9706,-9.40001,-1.93872,-11.5528
0.723773,18.7958,0.823357,10.0353,32.9757,-9.40436,-1.93487,-11.5582
0.724995,18.8093,0.837294,10.0354,32.9805,-9.40867,-1.93105,-11.5636
0.725759,19.0177,0.776597,10.1943,32.9768,-9.40974,-1.9302,-11.5636
0.726745,18.6272,0.926493,9.87632,32.994,-9.41616,-1.92422,-11.5742
0.728115,18.6357,0.942199,9.87267,32.999,-9.42041,-1.92036,-11.5795
0.728925,18.6521,0.95547,9.87501,33.0036,-9.42467,-1.9165,-11.5847
0.729916,18.8598,0.895294,10.0332,32.9999,-9.42574,-1.91565,-11.5847
0.730953,18.6837,0.982842,9.87896,33.0131,-9.43303,-1.90877,-11.5951
0.731836,18.6947,0.998105,9.8773,33.0178,-9.43717,-1.90488,-11.6002
0.732775,18.7054,1.01377,9.87533,33.0227,-9.44141,-1.9009,-11.6055
0.733803,18.9121,0.954327,10.0327,33.0189,-9.44249,-1.90006,-11.6055
0.734824,18.7333,1.04237,9.87658,33.0317,-9.4495,-1.89323,-11.6154
0.735853,18.5362,1.11744,9.7167,33.0403,-9.45246,-1.89017,-11.6204
0.736865,18.7425,1.05834,9.87355,33.0364,-9.45354,-1.88934,-11.6204
0.737813,18.5662,1.14557,9.71965,33.049,-9.46045,-1.88244,-11.6302
0.738794,18.5786,1.16075,9.71919,33.0536,-9.4644,-1.87853,-11.6351
0.741017,18.7841,1.10221,9.87539,33.0497,-9.46548,-1.8777,-11.6351
0.742795,18.4047,1.24729,9.56736,33.0661,-9.47109,-1.8716,-11.6446
0.743262,19.0198,1.07276,10.0347,33.0543,-9.47433,-1.86912,-11.6446
0.744229,18.64,1.21856,9.72642,33.0708,-9.48001,-1.86278,-11.6542
0.744674,19.0488,1.10316,10.0369,33.0629,-9.48217,-1.86114,-11.6542
0.745025,18.6763,1.24681,9.7344,33.0791,-9.48775,-1.85476,-11.6635
0.746156,18.8803,1.18937,9.8893,33.0752,-9.48884,-1.85394,-11.6635
0.746906,18.8803,1.18937,9.8893,33.0752,-9.48884,-1.85394,-11.6635
0.747991,18.8852,1.20774,9.8832,33.0797,-9.49264,-1.84991,-11.6683
0.748838,18.8975,1.22324,9.88277,33.0837,-9.49637,-1.84601,-11.6727
0.749781,18.9052,1.24036,9.87883,33.0879,-9.50005,-1.84209,-11.6772
0.750812,18.717,1.3314,9.71655,33.1003,-9.50634,-1.83503,-11.6863
0.751746,18.9198,1.2749,9.87037,33.0963,-9.50742,-1.83422,-11.6863
0.75287,18.7348,1.36502,9.71062,33.1086,-9.51369,-1.82712,-11.6953
0.753787,18.7413,1.38261,9.70577,33.1127,-9.51729,-1.8232,-11.6998
0.754742,18.9433,1.32667,9.85893,33.1087,-9.51837,-1.82239,-11.6998
0.755966,18.7611,1.4154,9.70145,33.1206,-9.52439,-1.81542,-11.7086
0.756764,18.9627,1.35984,9.85418,33.1165,-9.52547,-1.81461,-11.7086
0.758042,18.7706,1.43231,9.69889,33.1246,-9.52796,-1.81144,-11.7131
0.758771,18.5831,1.52259,9.53764,33.1367,-9.53385,-1.80439,-11.7219
0.759733,18.7842,1.46738,9.6899,33.1325,-9.53494,-1.80359,-11.7219
0.760816,18.6042,1.55567,9.5343,33.1443,-9.54086,-1.79646,-11.7307
0.761802,18.6121,1.57314,9.53076,33.1483,-9.54429,-1.79249,-11.735
0.76278,18.8125,1.5185,9.68236,33.1441,-9.54537,-1.79169,-11.735
0.763741,18.6349,1.60581,9.52887,33.1556,-9.55104,-1.78462,-11.7435
0.765201,18.6417,1.62374,9.52445,33.1594,-9.55439,-1.78063,-11.7478
0.766522,18.8413,1.56967,9.6754,33.1552,-9.55548,-1.77984,-11.7478
0.767015,18.6622,1.65736,9.5209,33.1666,-9.56099,-1.77274,-11.7561
0.767812,18.8613,1.60368,9.67142,33.1623,-9.56207,-1.77195,-11.7561
0.768801,18.8668,1.62225,9.66606,33.1661,-9.56534,-1.76796,-11.7602
0.769745,18.6862,1.71059,9.51064,33.1775,-9.57077,-1.76074,-11.7685
0.770839,18.4924,1.78253,9.35482,33.1855,-9.57288,-1.75752,-11.7726
0.772084,18.6908,1.7294,9.50464,33.1811,-9.57397,-1.75674,-11.7726
0.77324,18.5132,1.81648,9.35172,33.1923,-9.57923,-1.74956,-11.7807
0.773745,18.5211,1.83452,9.34834,33.1958,-9.58235,-1.74554,-11.7847
0.774833,18.5325,1.85137,9.3476,33.1991,-9.58546,-1.74155,-11.7886
0.775745,18.5436,1.8684,9.34668,33.2023,-9.5885,-1.73758,-11.7925
0.776852,18.7407,1.81622,9.49541,33.1979,-9.58959,-1.7368,-11.7925
0.777765,18.5645,1.90296,9.34385,33.2088,-9.59447,-1.72961,-11.8001
0.778753,18.5743,1.92079,9.34202,33.212,-9.59748,-1.72553,-11.804
0.780212,18.5799,1.94007,9.33704,33.2154,-9.60048,-1.72141,-11.8078
0.780766,18.776,1.88867,9.4849,33.2109,-9.60157,-1.72064,-11.8078
0.781807,18.5977,1.97619,9.33203,33.2216,-9.60634,-1.71333,-11.8152
0.782742,18.4065,2.04664,9.17875,33.2293,-9.60811,-1.71005,-11.819
0.783775,18.6021,1.99561,9.32614,33.2249,-9.6092,-1.70929,-11.819
0.78476,18.4267,2.08188,9.17572,33.2353,-9.61379,-1.70202,-11.8262
0.78578,18.4343,2.10055,9.1724,33.2384,-9.61657,-1.69796,-11.8298
0.786764,18.4454,2.11806,9.1717,33.2412,-9.61935,-1.69393,-11.8334
0.787758,18.4561,2.13575,9.1707,33.244,-9.62205,-1.68992,-11.8369
0.788833,18.4664,2.1536,9.1695,33.2468,-9.62472,-1.6859,-11.8403
0.789774,18.6605,2.10374,9.31556,33.2422,-9.62581,-1.68515,-11.8403
0.790788,18.6701,2.12195,9.31376,33.245,-9.62845,-1.68113,-11.8437
0.792012,18.6793,2.14033,9.31175,33.2477,-9.63105,-1.6771,-11.847
0.792766,18.4959,2.22916,9.15584,33.258,-9.63516,-1.66965,-11.8538
0.793956,18.6889,2.18008,9.30103,33.2533,-9.63626,-1.66891,-11.8538
0.794762,18.3158,2.31667,9.00257,33.2681,-9.6392,-1.66224,-11.8605
0.795803,18.3199,2.33663,8.99677,33.2709,-9.64171,-1.65815,-11.8639
0.796862,18.5124,2.28792,9.14149,33.2662,-9.6428,-1.65741,-11.8639
0.797923,18.5238,2.30593,9.14124,33.2686,-9.64534,-1.65333,-11.8671
0.798929,18.5349,2.32413,9.14066,33.2711,-9.64778,-1.64929,-11.8704
0.799814,18.5417,2.34374,9.13702,33.2737,-9.6502,-1.64519,-11.8736
0.800776,18.3629,2.43112,8.98517,33.2835,-9.65394,-1.63766,-11.88
0.801739,18.5542,2.3834,9.1288,33.2787,-9.65504,-1.63693,-11.88
0.80279,18.5598,2.40344,9.12425,33.2812,-9.65742,-1.63281,-11.8832
0.803873,18.3835,2.4898,8.9745,33.2907,-9.66095,-1.62536,-11.8894
0.805092,18.3835,2.4898,8.9745,33.2907,-9.66095,-1.62536,-11.8894
0.80607,18.3886,2.51002,8.9696,33.2931,-9.66324,-1.62123,-11.8924
0.807144,18.397,2.52912,8.96724,33.2953,-9.66551,-1.61717,-11.8954
0.807829,18.4051,2.54873,8.96474,33.2976,-9.66775,-1.61303,-11.8984
0.808875,18.4129,2.56846,8.96194,33.2998,-9.66997,-1.60889,-11.9015
0.810169,18.4203,2.58833,8.95897,33.302,-9.67216,-1.60476,-11.9044
0.811424,18.4274,2.60835,8.95566,33.3041,-9.67432,-1.60062,-11.9073
0.811963,18.2452,2.67446,8.81058,33.3112,-9.67536,-1.59719,-11.9102
0.813152,18.2517,2.69455,8.80699,33.3133,-9.67746,-1.59305,-11.9131
0.814005,18.258,2.71477,8.80326,33.3153,-9.67953,-1.58892,-11.9159
0.814826,18.2677,2.73424,8.80207,33.3173,-9.68162,-1.58476,-11.9187
0.815902,18.2771,2.75386,8.80072,33.3192,-9.68363,-1.58062,-11.9214
0.816795,18.465,2.7087,8.94145,33.3142,-9.68473,-1.57991,-11.9214
0.817894,18.465,2.7087,8.94145,33.3142,-9.68473,-1.57991,-11.9214
0.819126,18.1155,2.85836,8.65471,33.3297,-9.6884,-1.56888,-11.9295
0.819884,18.1199,2.87957,8.64973,33.3316,-9.69029,-1.56467,-11.932
0.820829,18.1239,2.90125,8.64447,33.3335,-9.69224,-1.56037,-11.9348
0.821975,18.1351,2.92063,8.64462,33.3351,-9.69415,-1.55619,-11.9373
0.82286,18.1459,2.94019,8.64444,33.3367,-9.69596,-1.55206,-11.9398
0.823798,18.1564,2.95985,8.64417,33.3382,-9.69773,-1.54792,-11.9422
0.824918,18.1664,2.97967,8.6435,33.3397,-9.69947,-1.54377,-11.9447
0.825835,18.176,2.99965,8.64263,33.3412,-9.70118,-1.53963,-11.9469
0.826774,18.1851,3.01979,8.64137,33.3426,-9.70285,-1.53548,-11.9493
0.827933,18.1939,3.04008,8.63991,33.344,-9.70448,-1.53133,-11.9515
0.828831,18.2022,3.06053,8.63808,33.3453,-9.70607,-1.52719,-11.9537
0.829836,18.2101,3.08112,8.63607,33.3466,-9.70764,-1.52303,-11.9559
0.830793,18.0332,3.14444,8.49588,33.3531,-9.70808,-1.51956,-11.9581
0.831891,18.0406,3.16511,8.49355,33.3544,-9.70958,-1.5154,-11.9601
0.832774,18.0476,3.18592,8.49087,33.3556,-9.71106,-1.51124,-11.9623
0.833935,18.058,3.20604,8.49082,33.3567,-9.71254,-1.50706,-11.9643
0.834962,18.068,3.22633,8.49041,33.3578,-9.71395,-1.50289,-11.9664
0.835835,18.0777,3.24675,8.48985,33.3588,-9.71533,-1.49872,-11.9683
0.836832,18.0868,3.26732,8.48894,33.3598,-9.71668,-1.49455,-11.9703
0.837807,18.0956,3.28805,8.48771,33.3607,-9.718,-1.49038,-11.9722
0.838773,18.104,3.30893,8.48628,33.3616,-9.71928,-1.4862,-11.974
0.839767,18.1119,3.32995,8.48447,33.3625,-9.72053,-1.48202,-11.9759
0.840833,18.1194,3.35111,8.48249,33.3634,-9.72174,-1.47784,-11.9777
0.84181,18.1266,3.37242,8.48015,33.3642,-9.72293,-1.47366,-11.9795
0.842872,17.9518,3.43422,8.34226,33.3704,-9.723,-1.47014,-11.9812
0.843799,17.9584,3.45559,8.33961,33.3711,-9.72413,-1.46595,-11.983
0.844769,17.9648,3.47708,8.33681,33.3719,-9.72524,-1.46176,-11.9847
0.845791,17.9744,3.49793,8.33641,33.3725,-9.72636,-1.45755,-11.9864
0.846744,17.812,3.57963,8.20048,33.3791,-9.72733,-1.44981,-11.9897
0.847748,17.9925,3.54006,8.33495,33.3736,-9.72843,-1.44916,-11.9897
0.848854,18.0009,3.56133,8.33387,33.3741,-9.72941,-1.44496,-11.9912
0.849755,18.0125,3.58163,8.33507,33.3744,-9.73038,-1.44083,-11.9928
0.850774,18.0201,3.60322,8.33341,33.3749,-9.73126,-1.43664,-11.9942
0.85184,18.0273,3.62492,8.33141,33.3753,-9.73215,-1.43243,-11.9958
0.852841,18.2065,3.5864,8.46482,33.3698,-9.73324,-1.43179,-11.9958
0.85375,18.0405,3.66879,8.3266,33.376,-9.73384,-1.42401,-11.9986
0.854833,17.6916,3.79074,8.05253,33.3879,-9.73323,-1.41672,-12.0015
0.855846,17.8702,3.75259,8.18544,33.3824,-9.73433,-1.41608,-12.0015
0.85676,17.8759,3.77473,8.18244,33.3826,-9.73512,-1.41186,-12.0029
0.857781,17.7191,3.85435,8.05147,33.3884,-9.73548,-1.40414,-12.0055
0.858855,17.8969,3.81682,8.18373,33.3828,-9.73658,-1.40351,-12.0055
0.859751,17.9051,3.83861,8.18265,33.3828,-9.73725,-1.39929,-12.0069
0.860816,17.9163,3.85946,8.18395,33.3827,-9.73791,-1.39514,-12.0081
0.861878,17.9236,3.88159,8.18226,33.3827,-9.73848,-1.39093,-12.0093
0.862747,17.9305,3.90382,8.18041,33.3827,-9.73905,-1.38671,-12.0104
0.864432,17.7668,3.98502,8.04479,33.3882,-9.73901,-1.37887,-12.0127
0.86509,17.7668,3.98502,8.04479,33.3882,-9.73901,-1.37887,-12.0127
0.866212,17.7727,4.00746,8.04224,33.3881,-9.73949,-1.37465,-12.0139
0.866927,17.7819,4.02892,8.04215,33.3879,-9.73997,-1.37049,-12.0149
0.867916,17.7906,4.05093,8.04176,33.3876,-9.7404,-1.36625,-12.016
0.868895,17.7991,4.07305,8.04122,33.3873,-9.74079,-1.36202,-12.017
0.869887,17.807,4.09533,8.04031,33.3869,-9.74116,-1.35778,-12.018
0.870771,17.8147,4.11773,8.03922,33.3865,-9.74149,-1.35354,-12.0189
0.871823,17.8218,4.14028,8.03775,33.3861,-9.7418,-1.3493,-12.0199
0.872783,17.8287,4.16295,8.03612,33.3856,-9.74207,-1.34507,-12.0208
0.87403,17.835,4.18576,8.03413,33.3852,-9.74232,-1.34083,-12.0217
0.874947,17.6673,4.24313,7.90301,33.3905,-9.74145,-1.33719,-12.0225
0.875835,17.6732,4.26597,7.90073,33.39,-9.74165,-1.33296,-12.0234
0.876891,17.6788,4.28893,7.89829,33.3895,-9.74182,-1.32872,-12.0242
0.877818,17.6875,4.31135,7.89814,33.3887,-9.742,-1.32446,-12.025
0.878899,17.6958,4.3339,7.89782,33.388,-9.74211,-1.32022,-12.0258
0.879784,17.7038,4.35659,7.89717,33.3873,-9.7422,-1.31598,-12.0266
0.880779,17.7115,4.37979,7.89644,33.3865,-9.74226,-1.31165,-12.0272
0.882409,17.7186,4.40273,7.89524,33.3856,-9.74229,-1.30741,-12.0279
0.882972,17.7254,4.4258,7.89388,33.3848,-9.74229,-1.30318,-12.0285
0.883771,17.7318,4.44899,7.8922,33.3839,-9.74227,-1.29894,-12.0292
0.884841,17.5664,4.5053,7.76329,33.389,-9.74113,-1.2952,-12.0298
0.885805,17.4066,4.58425,7.63236,33.3932,-9.73986,-1.28731,-12.031
0.886911,17.5778,4.55186,7.7591,33.3871,-9.74094,-1.28674,-12.031
0.887871,17.5865,4.57468,7.75926,33.386,-9.74085,-1.28248,-12.0315
0.888777,17.4356,4.65147,7.63516,33.3897,-9.7394,-1.27467,-12.0324
0.889819,17.606,4.61971,7.76125,33.3836,-9.74049,-1.2741,-12.0324
0.890796,17.6134,4.64292,7.76056,33.3824,-9.74026,-1.26985,-12.0329
0.891763,17.6238,4.66527,7.76211,33.381,-9.74003,-1.26568,-12.0332
0.892918,17.6303,4.68879,7.76081,33.3798,-9.7397,-1.26145,-12.0336
0.893811,17.6365,4.71241,7.75936,33.3784,-9.73937,-1.25721,-12.0339
0.894854,17.4732,4.7669,7.63249,33.3833,-9.73793,-1.25353,-12.0342
0.895832,17.4789,4.79014,7.63064,33.382,-9.73754,-1.24937,-12.0345
0.896793,17.4841,4.81394,7.6285,33.3806,-9.73713,-1.24512,-12.0348
0.897881,17.6525,4.78365,7.75308,33.3744,-9.73821,-1.24457,-12.0348
0.898841,17.5003,4.85987,7.62856,33.3775,-9.73626,-1.23678,-12.0353
0.899798,17.5046,4.88402,7.62581,33.3761,-9.73572,-1.23254,-12.0354
0.900782,17.5117,4.9073,7.62514,33.3744,-9.73523,-1.22835,-12.0357
0.901793,17.5185,4.9307,7.62433,33.3728,-9.73468,-1.22418,-12.0358
0.902731,17.6856,4.90146,7.74784,33.3665,-9.73576,-1.22364,-12.0358
0.903746,17.5309,4.97789,7.62185,33.3695,-9.73348,-1.21583,-12.036
0.904806,17.3666,5.03149,7.49469,33.3742,-9.73171,-1.21213,-12.0362
0.9058,17.5332,5.00264,7.61774,33.3679,-9.73279,-1.21159,-12.0362
0.90676,17.3808,5.07838,7.49371,33.3706,-9.73042,-1.20373,-12.0364
0.907901,17.3858,5.10271,7.49172,33.3688,-9.72965,-1.19948,-12.0363
0.908783,17.3936,5.12618,7.4918,33.3668,-9.72893,-1.19528,-12.0364
0.909758,17.4011,5.14978,7.49174,33.3648,-9.72816,-1.1911,-12.0364
0.910766,17.4081,5.17352,7.49131,33.3628,-9.72735,-1.18691,-12.0364
0.911765,17.573,5.14594,7.61308,33.3563,-9.72843,-1.18638,-12.0364
0.912798,17.421,5.22135,7.48977,33.3587,-9.72564,-1.17853,-12.0362
0.91375,17.4237,5.24639,7.48628,33.3567,-9.72469,-1.17427,-12.0361
0.915291,17.4237,5.24639,7.48628,33.3567,-9.72469,-1.17427,-12.0361
0.916252,17.4292,5.27059,7.48484,33.3545,-9.7238,-1.17007,-12.036
0.916797,17.2757,5.34628,7.36078,33.3567,-9.72078,-1.16213,-12.0357
0.917856,17.4393,5.31975,7.48145,33.3501,-9.72186,-1.16161,-12.0357
0.918721,17.4438,5.34513,7.47954,33.3478,-9.72083,-1.15725,-12.0355
0.919744,17.2924,5.42031,7.35714,33.3497,-9.71768,-1.14932,-12.0351
0.920747,17.2961,5.44533,7.35459,33.3474,-9.71659,-1.14506,-12.0349
0.921744,17.3028,5.46951,7.35428,33.3448,-9.71554,-1.14086,-12.0346
0.922694,17.3091,5.4938,7.35363,33.3423,-9.71442,-1.13669,-12.0344
0.92373,17.1531,5.54343,7.23346,33.3464,-9.7122,-1.13304,-12.0341
0.924786,17.1589,5.56777,7.23251,33.3438,-9.71106,-1.12792,-12.0338
0.925786,17.1677,5.59195,7.23381,33.3412,-9.70995,-1.12194,-12.0334
0.926789,17.1759,5.61624,7.23472,33.3386,-9.70877,-1.11594,-12.0331
0.927879,17.1838,5.64063,7.23549,33.3359,-9.70756,-1.10991,-12.0326
0.929202,17.3447,5.6162,7.35401,33.3291,-9.70864,-1.10941,-12.0326
0.929803,17.1984,5.6902,7.23616,33.3301,-9.70502,-1.09775,-12.0316
0.930862,17.205,5.71537,7.23604,33.3271,-9.7037,-1.09162,-12.0312
0.931791,17.365,5.69158,7.35392,33.3203,-9.70477,-1.09113,-12.0312
0.932812,17.214,5.76645,7.23279,33.3211,-9.70098,-1.07934,-12.0301
0.933801,17.2163,5.79237,7.22967,33.3181,-9.69955,-1.07319,-12.0294
0.934773,17.2182,5.81883,7.2262,33.3149,-9.6981,-1.06699,-12.0289
0.935735,17.0643,5.86694,7.10798,33.3186,-9.69566,-1.06132,-12.0283
0.936784,17.0691,5.892,7.10659,33.3154,-9.69424,-1.05517,-12.0278
0.937791,17.0769,5.9167,7.10753,33.3119,-9.69282,-1.04899,-12.0271
0.938778,17.0841,5.94154,7.10802,33.3085,-9.69134,-1.04282,-12.0266
0.939886,17.2423,5.91922,7.2244,33.3015,-9.69241,-1.04234,-12.0266
0.940837,17.0976,5.99154,7.1084,33.3014,-9.6883,-1.03042,-12.0252
0.9418,17.1006,6.01757,7.10605,33.2978,-9.68667,-1.02419,-12.0244
0.942781,17.2579,5.9959,7.2218,33.2908,-9.68774,-1.02372,-12.0244
0.943842,17.1118,6.06819,7.10494,33.2904,-9.68349,-1.01173,-12.0229
0.94488,17.2686,6.04694,7.22027,33.2833,-9.68456,-1.01127,-12.0229
0.945882,17.1185,6.12006,7.10062,33.2829,-9.68015,-0.999232,-12.0213
0.946788,17.1196,6.14659,7.09687,33.2792,-9.67839,-0.99297,-12.0206
0.948326,16.9646,6.19426,6.97848,33.2824,-9.67555,-0.987113,-12.0197
0.949254,17.1206,6.17364,7.09316,33.2753,-9.67662,-0.986656,-12.0197
0.949843,16.9725,6.24598,6.97522,33.2745,-9.67209,-0.974581,-12.0182
0.950906,16.979,6.27181,6.97554,33.2703,-9.67033,-0.968285,-12.0175
0.951859,16.9821,6.29858,6.97355,33.2662,-9.66845,-0.961973,-12.0165
0.95322,16.988,6.32411,6.97334,33.262,-9.66669,-0.955706,-12.0158
0.953986,16.9936,6.34974,6.97312,33.2578,-9.66487,-0.949447,-12.0148
0.954908,17.1479,6.3304,7.08654,33.2506,-9.66594,-0.949004,-12.0148
0.955818,16.8496,6.4209,6.85862,33.2564,-9.66005,-0.937314,-12.0129
0.956818,16.8511,6.44745,6.85546,33.2522,-9.65808,-0.931007,-12.0121
0.95787,17.0049,6.42852,6.96845,33.2449,-9.65914,-0.930568,-12.0121
0.958851,17.0122,6.45415,6.96957,33.2404,-9.65728,-0.924265,-12.011
0.959823,17.019,6.47991,6.97027,33.2358,-9.65533,-0.917985,-12.0101
0.960845,17.0224,6.50657,6.96873,33.2313,-9.65328,-0.911668,-12.009
0.961968,16.8757,6.57802,6.85275,33.2295,-9.6481,-0.899428,-12.0068
0.962762,17.0282,6.56016,6.96469,33.2221,-9.64917,-0.899,-12.0068
0.963863,17.0304,6.58709,6.96223,33.2175,-9.64708,-0.892667,-12.0058
0.964801,17.0356,6.61326,6.96197,33.2127,-9.64504,-0.886366,-12.0047
0.965893,17.0372,6.64037,6.95908,33.2081,-9.64287,-0.880043,-12.0036
0.966947,16.8874,6.6845,6.8451,33.2108,-9.63965,-0.874125,-12.0024
0.967755,16.7386,6.75591,6.72805,33.2087,-9.63417,-0.861827,-12.0001
0.968898,16.8897,6.73911,6.83893,33.2012,-9.63523,-0.86141,-12.0001
0.969797,16.7496,6.80842,6.7282,33.1987,-9.62983,-0.849181,-11.9979
0.970752,16.753,6.83522,6.72678,33.1938,-9.62755,-0.842854,-11.9968
0.971814,16.9032,6.81906,6.83705,33.1862,-9.62861,-0.842444,-11.9968
0.972843,16.9091,6.84534,6.83756,33.1811,-9.6264,-0.836133,-11.9955
0.973752,16.9146,6.87174,6.83765,33.176,-9.62414,-0.829832,-11.9944
0.974794,16.9168,6.89898,6.83556,33.1709,-9.62177,-0.823494,-11.993
0.975804,16.9185,6.92632,6.83304,33.1657,-9.6194,-0.817142,-11.9918
0.976773,16.7724,6.9961,6.71847,33.163,-9.61353,-0.804845,-11.9892
0.977769,16.7736,7.02343,6.71572,33.1577,-9.61109,-0.798501,-11.9878
0.978775,16.9219,7.00877,6.82455,33.1501,-9.61215,-0.798107,-11.9878
0.979785,16.6329,7.09124,6.6052,33.1548,-9.60522,-0.786289,-11.9852
0.980846,16.781,7.07678,6.71381,33.1471,-9.60628,-0.785896,-11.9852
0.981772,16.6396,7.14497,6.60294,33.1439,-9.60025,-0.77362,-11.9825
0.982779,16.7871,7.13094,6.71113,33.1362,-9.60131,-0.773232,-11.9825
0.983832,16.7895,7.15841,6.70937,33.1307,-9.59872,-0.766895,-11.9812
0.984809,16.7948,7.18518,6.70975,33.125,-9.59621,-0.760576,-11.9797
0.985787,16.7966,7.21281,6.70759,33.1195,-9.59356,-0.754233,-11.9784
0.986828,16.6532,7.2812,6.59569,33.116,-9.5872,-0.741904,-11.9754
0.987702,16.6544,7.3093,6.59335,33.1102,-9.58446,-0.735503,-11.9738
0.988779,16.6544,7.3093,6.59335,33.1102,-9.58446,-0.735503,-11.9738
0.990044,16.6583,7.33622,6.59271,33.1045,-9.58184,-0.729197,-11.9725
0.990755,16.5197,7.40314,6.48457,33.1007,-9.57536,-0.716923,-11.9695
0.991949,16.6651,7.39081,6.59111,33.0928,-9.57642,-0.716553,-11.9695
0.992932,16.668,7.41894,6.59018,33.0867,-9.57358,-0.710151,-11.9678
0.99393,16.6735,7.44594,6.59085,33.0807,-9.57087,-0.703842,-11.9663
0.994889,16.6757,7.47376,6.58942,33.0747,-9.56802,-0.697507,-11.9646
0.996291,16.5333,7.51309,6.48186,33.0766,-9.56411,-0.69152,-11.9631
0.996905,16.5352,7.54081,6.4802,33.0706,-9.56123,-0.685175,-11.9613
0.997946,16.5366,7.56861,6.47813,33.0645,-9.55833,-0.678833,-11.9598
0.998919,16.5408,7.59625,6.4782,33.0582,-9.55544,-0.672479,-11.958
0.999787,16.6842,7.58543,6.58332,33.0502,-9.5565,-0.672125,-11.958
1.0008,16.8274,7.57485,6.68825,33.0421,-9.55755,-0.671774,-11.958
1.0018,16.9702,7.5645,6.793,33.034,-9.55861,-0.671426,-11.958
1.00279,16.551,7.70826,6.47399,33.033,-9.54344,-0.647085,-11.9511
1.00376,16.4053,7.74761,6.36443,33.0349,-9.53921,-0.64101,-11.9494
1.00537,16.3991,7.77749,6.35733,33.0286,-9.53596,-0.634551,-11.9474
1.00581,16.4013,7.80533,6.35599,33.0222,-9.533,-0.62822,-11.9459
1.00721,16.5432,7.79578,6.45988,33.014,-9.53405,-0.62788,-11.9459
1.00802,16.4108,7.86082,6.35728,33.0091,-9.5269,-0.615622,-11.9425
1.0094,16.4153,7.88864,6.3578,33.0024,-9.52381,-0.609323,-11.9406
1.0101,16.4163,7.91723,6.35589,32.9959,-9.5206,-0.602982,-11.9389
1.01102,16.4201,7.94517,6.35596,32.9891,-9.51748,-0.596675,-11.937
1.01195,16.4233,7.97322,6.35559,32.9824,-9.51431,-0.590383,-11.9352
1.01287,16.4263,8.0013,6.35524,32.9757,-9.5111,-0.584092,-11.9332
1.0142,16.2889,8.03753,6.25199,32.9773,-9.50682,-0.578127,-11.9314
1.01506,16.2916,8.06553,6.25142,32.9705,-9.50356,-0.571837,-11.9294
1.01576,16.2938,8.09361,6.25043,32.9637,-9.50028,-0.565549,-11.9276
1.01694,16.2986,8.12161,6.2515,32.9567,-9.49699,-0.559243,-11.9255
1.01781,16.4377,8.11421,6.35337,32.9483,-9.49804,-0.558926,-11.9255
1.01904,16.307,8.17784,6.2528,32.9426,-9.49028,-0.54666,-11.9215
1.01976,16.3106,8.20607,6.25303,32.9355,-9.48689,-0.540369,-11.9196
1.02095,16.1729,8.24176,6.15,32.9369,-9.48232,-0.534348,-11.9173
1.02174,16.1761,8.26989,6.14998,32.9298,-9.4789,-0.528052,-11.9154
1.02278,16.1791,8.29808,6.14993,32.9226,-9.47543,-0.521773,-11.9132
1.02406,16.1844,8.32622,6.15153,32.9152,-9.47196,-0.515476,-11.9111
1.02512,16.1895,8.35443,6.15311,32.9079,-9.46844,-0.509193,-11.9089
1.02599,16.1942,8.38271,6.15437,32.9005,-9.46489,-0.502909,-11.9067
1.02674,16.1984,8.41106,6.1553,32.893,-9.46132,-0.496626,-11.9046
1.02795,16.2024,8.43947,6.15619,32.8856,-9.45772,-0.490346,-11.9022
1.02894,16.0694,8.47324,6.05678,32.8867,-9.45304,-0.484363,-11.9001
1.02988,16.073,8.50157,6.0574,32.8792,-9.44938,-0.478087,-11.8977
1.03189,16.076,8.52997,6.0576,32.8717,-9.44569,-0.471815,-11.8955
1.03253,16.0816,8.55833,6.05978,32.8639,-9.44201,-0.465525,-11.893
1.03315,16.0866,8.58679,6.06152,32.8562,-9.43827,-0.45925,-11.8908
1.03402,16.0915,8.61529,6.06325,32.8484,-9.43451,-0.452976,-11.8883
1.03494,16.0958,8.64387,6.06454,32.8406,-9.43072,-0.446705,-11.886
1.03597,16.0999,8.67197,6.06568,32.8329,-9.42698,-0.440506,-11.8835
1.03682,16.1035,8.70017,6.06639,32.8252,-9.42321,-0.434308,-11.8812
1.03791,16.1068,8.72842,6.06708,32.8175,-9.4194,-0.428111,-11.8787
1.0388,16.1097,8.75675,6.06735,32.8097,-9.41556,-0.421914,-11.8763
1.03989,16.1123,8.78515,6.0676,32.8019,-9.41169,-0.41572,-11.8738
1.0409,16.1123,8.78515,6.0676,32.8019,-9.41169,-0.41572,-11.8738
1.04174,15.9833,8.84487,5.96977,32.7951,-9.40279,-0.403603,-11.8688
1.04275,15.9851,8.8738,5.96945,32.7871,-9.39875,-0.397342,-11.8664
1.04368,16.118,8.87129,6.06675,32.7782,-9.3998,-0.397078,-11.8664
1.04478,16.122,8.89991,6.06813,32.7701,-9.39583,-0.390873,-11.8638
1.04576,15.9941,8.95978,5.97147,32.7628,-9.38662,-0.378703,-11.8587
1.04677,16.1262,8.95792,6.06818,32.7538,-9.38767,-0.378447,-11.8587
1.04777,15.9976,9.01757,5.97106,32.7465,-9.37842,-0.366271,-11.8535
1.04883,16.1292,9.01614,6.06739,32.7375,-9.37947,-0.366019,-11.8535
1.04978,16.0024,9.07559,5.97175,32.7299,-9.3701,-0.353863,-11.8484
1.05077,16.0016,9.10497,5.96981,32.7217,-9.36583,-0.347652,-11.8459
1.05196,16.0033,9.13383,5.96973,32.7134,-9.36168,-0.341486,-11.8432
1.05277,16.0033,9.13383,5.96973,32.7134,-9.36168,-0.341486,-11.8432
1.05388,15.8755,9.19211,5.87347,32.706,-9.3522,-0.329437,-11.8381
1.05484,15.8764,9.22148,5.87288,32.6975,-9.34786,-0.323219,-11.8355
1.05584,16.0064,9.22132,5.96803,32.6883,-9.34891,-0.322981,-11.8355
1.05675,15.8827,9.27932,5.87501,32.6804,-9.33932,-0.310913,-11.8303
1.05786,16.0122,9.27959,5.96978,32.6712,-9.34036,-0.31068,-11.8303
1.05879,16.012,9.30932,5.96863,32.6627,-9.33593,-0.304491,-11.8275
1.05989,15.8846,9.3675,5.87312,32.6547,-9.32608,-0.292397,-11.8222
1.06077,16.0132,9.36842,5.96731,32.6454,-9.32713,-0.29217,-11.8222
1.06179,15.8852,9.42634,5.87146,32.6374,-9.31723,-0.280095,-11.8169
1.06275,16.0133,9.42768,5.96528,32.6281,-9.31827,-0.279874,-11.8169
1.06385,15.8837,9.45609,5.86933,32.6288,-9.31268,-0.273943,-11.8143
1.06483,15.8847,9.48536,5.86907,32.62,-9.30826,-0.267837,-11.8115
1.06591,15.8826,9.5152,5.86659,32.6114,-9.30367,-0.261699,-11.8089
1.06689,15.8831,9.5451,5.86606,32.6024,-9.29911,-0.255529,-11.8061
1.06791,15.883,9.57506,5.8651,32.5935,-9.29452,-0.249382,-11.8035
1.06877,15.8829,9.60505,5.86422,32.5846,-9.2899,-0.243242,-11.8007
1.07026,15.8823,9.63509,5.86295,32.5756,-9.28527,-0.237111,-11.7981
1.07101,15.7554,9.66231,5.76924,32.5761,-9.27958,-0.231194,-11.7953
1.07276,15.7545,9.6922,5.76781,32.5671,-9.27492,-0.22508,-11.7927
1.07295,15.7535,9.72267,5.76646,32.558,-9.27014,-0.218894,-11.7898
1.07389,15.6303,9.77929,5.67476,32.5491,-9.25972,-0.206871,-11.7843
1.0748,15.7557,9.78274,5.76666,32.5396,-9.26077,-0.206673,-11.7843
1.07695,15.7594,9.84248,5.76795,32.5211,-9.25143,-0.194546,-11.7789
1.07835,15.7593,9.87266,5.76733,32.5118,-9.24663,-0.188476,-11.7762
1.07889,15.6348,9.89852,5.6756,32.5121,-9.2408,-0.18259,-11.7732
1.07983,15.6345,9.92855,5.67478,32.5029,-9.23599,-0.176523,-11.7705
1.08097,15.634,9.95859,5.67398,32.4935,-9.23115,-0.170465,-11.7676
1.0818,15.6356,9.98879,5.67463,32.484,-9.22632,-0.164386,-11.7648
1.08337,15.637,10.019,5.6753,32.4745,-9.22145,-0.158327,-11.7619
1.08395,15.638,10.0493,5.6756,32.4649,-9.21656,-0.152274,-11.7591
1.08499,15.6389,10.0796,5.67591,32.4553,-9.21165,-0.146229,-11.7561
1.08618,15.6393,10.1099,5.67582,32.4457,-9.20671,-0.140193,-11.7533
1.08696,15.6395,10.1403,5.67574,32.4361,-9.20176,-0.134166,-11.7503
1.08786,15.6393,10.1706,5.67528,32.4265,-9.19679,-0.128148,-11.7474
1.08886,15.639,10.2011,5.67484,32.4168,-9.19179,-0.122139,-11.7444
1.08987,15.5164,10.2251,5.58476,32.417,-9.18573,-0.116304,-11.7416
1.09098,15.5158,10.2553,5.58416,32.4073,-9.18069,-0.110312,-11.7385
1.09184,15.5148,10.2856,5.58317,32.3976,-9.17563,-0.104328,-11.7356
1.09282,15.636,10.2925,5.67205,32.3877,-9.17667,-0.104168,-11.7356
1.09388,15.5168,10.3466,5.58446,32.3778,-9.16548,-0.0923333,-11.7297
1.09482,15.5175,10.3771,5.58496,32.3679,-9.16036,-0.0863526,-11.7266
1.09583,15.3949,10.4006,5.49505,32.3679,-9.15405,-0.0804781,-11.7236
1.0968,15.3953,10.431,5.49537,32.3579,-9.14892,-0.0745053,-11.7205
1.09781,15.3952,10.4614,5.49528,32.348,-9.14375,-0.0685548,-11.7176
1.09944,15.3974,10.492,5.49701,32.3377,-9.13858,-0.0625792,-11.7145
1.10015,15.3992,10.5226,5.49834,32.3276,-9.13337,-0.0566226,-11.7115
1.10073,15.5185,10.5309,5.58592,32.3175,-9.13442,-0.0564792,-11.7115
1.10199,15.4019,10.5845,5.50076,32.3069,-9.12279,-0.0446399,-11.7052
1.10295,15.4029,10.6152,5.50172,32.2966,-9.11753,-0.0387115,-11.702
1.10376,15.4034,10.6453,5.5022,32.2865,-9.11235,-0.0328841,-11.699
1.1049,15.2855,10.6663,5.41587,32.2866,-9.10609,-0.0271963,-11.6958
1.10595,15.4039,10.6755,5.5027,32.2764,-9.10714,-0.0270622,-11.6958
1.10695,15.4038,10.7057,5.50282,32.2663,-9.10189,-0.0212441,-11.6928
1.10777,15.406,10.7361,5.50468,32.2559,-9.09664,-0.0153943,-11.6896
1.10893,15.2872,10.7878,5.41824,32.2454,-9.08472,-0.00373718,-11.6832
1.10982,15.2861,10.8186,5.41785,32.235,-9.07926,0.00214808,-11.68
1.11097,15.4031,10.8288,5.50377,32.2247,-9.08031,0.00226996,-11.68
1.11183,15.4016,10.8603,5.5033,32.2141,-9.07472,0.0082341,-11.6767
1.11277,15.284,10.911,5.41781,32.2035,-9.06277,0.0197595,-11.6703
1.11402,15.2819,10.9418,5.41677,32.193,-9.05723,0.0256027,-11.6671
1.1148,15.3979,10.9528,5.50196,32.1827,-9.05828,0.0257148,-11.6671
1.11573,15.1661,10.9914,5.33268,32.1824,-9.04529,0.0370274,-11.6608
1.11702,15.1637,11.022,5.33154,32.1719,-9.03965,0.0428397,-11.6574
1.11809,15.2791,11.0335,5.41637,32.1615,-9.04069,0.0429474,-11.6574
1.11902,15.1671,11.0832,5.3352,32.1504,-9.02862,0.0544061,-11.651
1.12007,15.282,11.0952,5.41966,32.1399,-9.02966,0.0545089,-11.651
1.12105,15.0545,11.133,5.2539,32.1391,-9.0163,0.0659209,-11.6444
1.12203,15.1692,11.1451,5.33818,32.1285,-9.01734,0.0660216,-11.6444
1.123,15.056,11.1946,5.25647,32.1172,-9.00495,0.0775199,-11.6378
1.12383,15.056,11.2257,5.25739,32.1061,-8.99915,0.0833362,-11.6345
1.12479,15.1699,11.2385,5.34112,32.0956,-9.00019,0.0834296,-11.6345
1.12617,15.0602,11.2874,5.26208,32.084,-8.98779,0.0948389,-11.6278
1.12695,15.1736,11.3005,5.34545,32.0733,-8.98883,0.0949274,-11.6278
1.12775,15.0584,11.3503,5.26294,32.0615,-8.97594,0.106522,-11.6208
1.12875,14.9443,11.3679,5.18009,32.061,-8.96901,0.112212,-11.6172
1.12976,15.0572,11.3814,5.26311,32.0503,-8.97006,0.112296,-11.6172
1.13077,14.9483,11.4296,5.18492,32.0385,-8.95749,0.123642,-11.6105
1.13177,14.9485,11.4609,5.18619,32.0272,-8.95153,0.129409,-11.6071
1.13292,15.0606,11.4751,5.26867,32.0164,-8.95257,0.129486,-11.6071
1.13386,14.9528,11.523,5.19148,32.0044,-8.93986,0.140812,-11.6002
1.13484,15.0643,11.5376,5.2736,31.9936,-8.9409,0.140883,-11.6002
1.1358,14.9535,11.5854,5.19442,31.9815,-8.92795,0.152236,-11.5931
1.13677,15.0645,11.6005,5.27619,31.9706,-8.929,0.152303,-11.5931
1.13781,15.0631,11.6321,5.2765,31.9591,-8.92292,0.158021,-11.5894
1.13877,14.9511,11.6793,5.19669,31.947,-8.90983,0.169315,-11.5823
1.13979,14.9511,11.6793,5.19669,31.947,-8.90983,0.169315,-11.5823
1.14078,14.8389,11.726,5.11673,31.9349,-8.89669,0.180578,-11.5752
1.14178,14.949,11.7419,5.19779,31.924,-8.89773,0.180636,-11.5752
1.14286,14.8405,11.7889,5.1207,31.9114,-8.88451,0.191926,-11.5681
1.1438,14.8418,11.8208,5.12315,31.8995,-8.87833,0.197649,-11.5646
1.14477,14.9511,11.8374,5.20368,31.8885,-8.87937,0.197699,-11.5646
1.14579,14.8438,11.8835,5.12751,31.8759,-8.86616,0.208855,-11.5575
1.14679,14.8422,11.9151,5.128,31.8641,-8.85989,0.214503,-11.5537
1.14775,14.9507,11.9323,5.20799,31.853,-8.86093,0.214545,-11.5537
1.14883,14.7341,11.9605,5.0514,31.8516,-8.84655,0.225612,-11.5465
1.15006,14.8424,11.9778,5.13122,31.8405,-8.8476,0.225653,-11.5465
1.15126,14.8398,12.0095,5.13105,31.8286,-8.84126,0.231267,-11.5428
1.15213,14.8412,12.0413,5.1337,31.8165,-8.83509,0.236867,-11.5393
1.1531,14.8424,12.0736,5.13641,31.8042,-8.82874,0.242539,-11.5355
1.15399,14.8411,12.1056,5.1372,31.7921,-8.82235,0.248154,-11.5319
1.15476,14.8396,12.1376,5.138,31.7799,-8.81597,0.253767,-11.5281
1.15599,14.8376,12.1697,5.13839,31.7678,-8.80957,0.259363,-11.5244
1.15685,14.8356,12.2016,5.13881,31.7556,-8.80315,0.264943,-11.5206
1.15788,14.8331,12.2336,5.13886,31.7435,-8.79672,0.270508,-11.517
1.15888,14.7246,12.2464,5.06071,31.7427,-8.78923,0.276041,-11.5132
1.15983,14.7219,12.2782,5.06061,31.7305,-8.78276,0.281581,-11.5096
1.1608,14.8276,12.2976,5.13869,31.7192,-8.78381,0.281597,-11.5096
1.16173,14.8245,12.3296,5.13847,31.707,-8.77733,0.28712,-11.5059
1.16276,14.8233,12.3614,5.13941,31.6948,-8.77098,0.29257,-11.5023
1.16388,14.8198,12.3934,5.13888,31.6826,-8.76444,0.29806,-11.4986
1.16476,14.9244,12.4137,5.21626,31.6711,-8.76548,0.298066,-11.4986
1.1658,14.9202,12.4459,5.21524,31.6589,-8.75894,0.303552,-11.495
1.16679,14.9161,12.4775,5.21421,31.6468,-8.75251,0.308916,-11.4913
1.1678,14.8056,12.4883,5.13448,31.6463,-8.74486,0.314333,-11.4877
1.16877,14.7991,12.5199,5.13188,31.6342,-8.73824,0.319747,-11.484
1.16993,14.7923,12.5515,5.12894,31.6221,-8.7316,0.32515,-11.4805
1.17086,14.7875,12.5835,5.12763,31.6098,-8.72496,0.33059,-11.4768
1.17176,14.7824,12.6155,5.126,31.5974,-8.71828,0.336009,-11.4733
1.17278,14.7773,12.6475,5.12448,31.585,-8.71159,0.341417,-11.4696
1.17379,14.7718,12.6796,5.12265,31.5727,-8.70489,0.346814,-11.4661
1.17476,14.7664,12.7116,5.12091,31.5602,-8.69816,0.352198,-11.4625
1.17572,14.8684,12.734,5.19658,31.5486,-8.69921,0.35218,-11.4625
1.17681,14.7551,12.7745,5.11689,31.5358,-8.68492,0.362711,-11.4555
1.17788,14.7469,12.806,5.11313,31.5236,-8.67809,0.368015,-11.4521
1.17883,14.6396,12.8145,5.03581,31.5231,-8.67037,0.373288,-11.4485
1.17975,14.7409,12.8375,5.11097,31.5113,-8.67141,0.373262,-11.4485
1.18085,14.6295,12.8775,5.03286,31.4982,-8.65692,0.383795,-11.4416
1.18176,14.7303,12.901,5.10768,31.4864,-8.65796,0.383764,-11.4416
1.18284,14.7234,12.9331,5.10503,31.4739,-8.65103,0.389082,-11.4381
1.18382,14.6114,12.9731,5.0268,31.4604,-8.63624,0.399679,-11.4311
1.18484,14.6045,13.005,5.02424,31.4478,-8.62927,0.40498,-11.4275
1.18578,14.7043,13.0293,5.09837,31.4359,-8.63031,0.404939,-11.4275
1.18683,14.5942,13.0686,5.02154,31.4224,-8.61556,0.415413,-11.4205
1.18781,14.5866,13.1005,5.01849,31.4097,-8.6085,0.420674,-11.4171
1.18883,14.6856,13.1254,5.09212,31.3978,-8.60955,0.420626,-11.4171
1.19009,14.4765,13.1391,4.94173,31.3962,-8.59361,0.431102,-11.4101
1.19078,14.5753,13.1641,5.0152,31.3842,-8.59466,0.431052,-11.4101
1.19185,14.4606,13.2031,4.93551,31.3704,-8.57921,0.441685,-11.4029
1.19276,14.4545,13.2353,4.93379,31.3573,-8.57209,0.446956,-11.3993
1.1938,14.5525,13.261,5.00675,31.3452,-8.57313,0.446898,-11.3993
1.19476,14.446,13.2996,4.9328,31.3312,-8.55808,0.457304,-11.3923
1.19576,14.4392,13.3318,4.93064,31.3181,-8.55088,0.462523,-11.3888
1.19677,14.5365,13.3581,5.0031,31.306,-8.55192,0.462458,-11.3888
1.19819,14.5316,13.3904,5.00227,31.2928,-8.54488,0.467611,-11.3852
1.19943,14.4224,13.4282,4.92671,31.2787,-8.52948,0.477999,-11.378
1.20043,14.4224,13.4282,4.92671,31.2787,-8.52948,0.477999,-11.378
1.20109,14.4148,13.461,4.92414,31.2652,-8.52207,0.4833,-11.3744
1.20197,14.5111,13.4881,4.99594,31.253,-8.52311,0.483226,-11.3744
1.20282,14.4013,13.5264,4.92026,31.2383,-8.50737,0.493788,-11.3672
1.20392,14.2913,13.5647,4.84468,31.2234,-8.49142,0.504393,-11.3598
1.205,14.3868,13.5924,4.91599,31.2111,-8.49246,0.504311,-11.3598
1.20643,14.4821,13.6204,4.98713,31.1988,-8.49351,0.504227,-11.3598
1.20742,14.2812,13.6295,4.84323,31.1965,-8.477,0.514608,-11.3527
1.20835,14.3697,13.6902,4.91257,31.1706,-8.47069,0.519624,-11.349
1.20958,14.3608,13.7228,4.90926,31.1571,-8.46317,0.524788,-11.3453
1.20993,14.3608,13.7228,4.90926,31.1571,-8.46317,0.524788,-11.3453
1.21133,14.2545,13.7596,4.83634,31.1422,-8.4474,0.535097,-11.3381
1.21243,14.2474,13.7925,4.83447,31.1284,-8.43985,0.540279,-11.3343
1.21308,14.2474,13.7925,4.83447,31.1284,-8.43985,0.540279,-11.3343
1.21421,14.2346,13.8583,4.83166,31.1008,-8.4249,0.550528,-11.3269
1.21538,14.3279,13.8879,4.90149,31.0882,-8.42595,0.550424,-11.3269
1.21632,14.2229,13.9246,4.82984,31.0729,-8.40989,0.560755,-11.3195
1.21727,14.1236,13.9287,4.75918,31.0711,-8.4011,0.56614,-11.3158
1.21841,14.1157,13.9612,4.75691,31.0573,-8.39349,0.571212,-11.312
1.21916,14.1074,13.9945,4.75437,31.0432,-8.38573,0.576398,-11.3082
1.22041,14.1997,14.0248,4.82355,31.0305,-8.38678,0.576285,-11.3082
1.22185,14.0062,14.0301,4.68554,31.0277,-8.36982,0.586546,-11.3009
1.22285,14.1902,14.0914,4.82343,31.0023,-8.37191,0.586312,-11.3009
1.22348,13.8981,14.0995,4.61572,30.9974,-8.34571,0.602022,-11.2894
1.22443,14.0811,14.1616,4.75298,30.9719,-8.3478,0.601779,-11.2894
1.22553,14.0811,14.1616,4.75298,30.9719,-8.3478,0.601779,-11.2894
1.22615,13.9848,14.1977,4.68794,30.9558,-8.33185,0.611929,-11.2819
1.22743,13.9792,14.2304,4.6874,30.9418,-8.3243,0.616807,-11.2782
1.22831,13.9792,14.2304,4.6874,30.9418,-8.3243,0.616807,-11.2782
1.2297,13.9692,14.2969,4.68752,30.913,-8.30908,0.626749,-11.2705
1.23052,13.9692,14.2969,4.68752,30.913,-8.30908,0.626749,-11.2705
1.2315,13.9601,14.3639,4.68843,30.884,-8.29377,0.636677,-11.2627
1.23236,13.955,14.3983,4.68885,30.8691,-8.28586,0.641809,-11.2586
1.23352,13.9498,14.432,4.68891,30.8544,-8.27811,0.646793,-11.2547
1.23424,13.9498,14.432,4.68891,30.8544,-8.27811,0.646793,-11.2547
1.23527,13.9389,14.4993,4.68886,30.8251,-8.26258,0.656693,-11.2468
1.2363,13.9332,14.5329,4.68875,30.8105,-8.25479,0.661615,-11.2428
1.23778,13.8387,14.5329,4.62169,30.8089,-8.24594,0.666673,-11.2389
1.23849,14.0153,14.6003,4.75477,30.7828,-8.24804,0.666367,-11.2389
1.23929,13.8271,14.5982,4.62095,30.7801,-8.2306,0.67618,-11.2311
1.2403,13.8209,14.6314,4.62053,30.7654,-8.22273,0.681045,-11.227
1.24109,13.8161,14.6653,4.62111,30.7505,-8.21486,0.68596,-11.2231
1.24228,13.9035,14.6997,4.68709,30.7374,-8.21591,0.685799,-11.2231
1.2433,13.8063,14.7318,4.62207,30.7211,-8.19937,0.695477,-11.2152
1.24428,13.8013,14.7649,4.62248,30.7064,-8.19159,0.700214,-11.2112
1.24526,13.888,14.8,4.68799,30.6932,-8.19264,0.700045,-11.2112
1.24628,13.7885,14.8312,4.62149,30.6769,-8.1758,0.709723,-11.2032
1.24738,13.6963,14.8289,4.55613,30.6754,-8.16689,0.714595,-11.1993
1.24837,13.7826,14.8643,4.62134,30.6622,-8.16794,0.714422,-11.1993
1.24939,13.7748,14.8972,4.62001,30.6474,-8.15988,0.719172,-11.1952
1.2504,13.7686,14.9303,4.61966,30.6326,-8.152,0.723854,-11.1913
1.25076,13.6737,14.9622,4.55678,30.6155,-8.13496,0.733608,-11.1832
1.25176,13.6671,14.9956,4.55647,30.6004,-8.12684,0.738369,-11.179
1.2528,13.7522,15.032,4.62089,30.587,-8.12789,0.738183,-11.179
1.2538,13.6573,15.0612,4.55773,30.5708,-8.11124,0.747455,-11.1712
1.2549,13.6502,15.0938,4.55687,30.556,-8.10319,0.752042,-11.1672
1.25577,13.6429,15.1271,4.55614,30.5408,-8.09498,0.75676,-11.163
1.25682,13.6371,15.1605,4.55629,30.5256,-8.08693,0.761405,-11.1591
1.25779,13.6312,15.1938,4.55653,30.5104,-8.07883,0.766029,-11.1549
1.25875,13.5417,15.1889,4.49306,30.5091,-8.06983,0.770707,-11.151
1.25977,13.5355,15.222,4.49308,30.4939,-8.06169,0.775311,-11.147
1.26078,13.5311,15.2552,4.49437,30.4787,-8.05371,0.779843,-11.1429
1.26181,13.5264,15.2883,4.49537,30.4635,-8.04568,0.784357,-11.139
1.26279,13.5216,15.3215,4.49642,30.4482,-8.03763,0.788863,-11.1349
1.2638,13.5164,15.3546,4.49717,30.433,-8.02954,0.79336,-11.1309
1.26478,13.5111,15.3877,4.49798,30.4177,-8.02143,0.797848,-11.1268
1.26584,13.5053,15.4214,4.49852,30.4021,-8.01313,0.80246,-11.1227
1.26678,13.4995,15.4551,4.49912,30.3865,-8.0048,0.80706,-11.1184
1.26774,13.5812,15.4943,4.56138,30.3727,-8.00585,0.80684,-11.1184
1.26891,13.4874,15.521,4.49972,30.3558,-7.98843,0.815942,-11.1102
1.26979,13.4874,15.521,4.49972,30.3558,-7.98843,0.815942,-11.1102
1.27099,13.3919,15.547,4.4369,30.3388,-7.97071,0.825077,-11.1019
1.27188,13.4728,15.5867,4.4987,30.325,-7.97176,0.82485,-11.1019
1.27288,13.3802,15.6138,4.43816,30.3074,-7.95398,0.834086,-11.0937
1.27376,13.3747,15.6479,4.43915,30.2915,-7.9455,0.838672,-11.0895
1.27476,13.4549,15.6883,4.50049,30.2776,-7.94655,0.838437,-11.0895
1.27585,13.3615,15.7158,4.43981,30.2594,-7.92834,0.847866,-11.081
1.2768,13.354,15.7489,4.43943,30.2437,-7.91981,0.852322,-11.0767
1.27777,13.346,15.7827,4.4388,30.2276,-7.9111,0.856907,-11.0725
1.27889,13.34,15.8159,4.43939,30.2119,-7.90276,0.861267,-11.0684
1.27993,13.34,15.8159,4.43939,30.2119,-7.90276,0.861267,-11.0684
1.28078,13.3336,15.8491,4.4397,30.1962,-7.89438,0.865602,-11.0643
1.28179,13.2416,15.8743,4.37992,30.1785,-7.87632,0.874633,-11.056
1.28278,13.3203,15.916,4.44021,30.1644,-7.87737,0.874382,-11.056
1.28379,13.3133,15.9498,4.4404,30.1484,-7.86875,0.878825,-11.0517
1.28475,13.2224,15.975,4.38158,30.1303,-7.85059,0.887854,-11.0433
1.2859,13.3003,16.0173,4.44142,30.1162,-7.85164,0.887595,-11.0433
1.28686,13.2927,16.0509,4.44112,30.1001,-7.84297,0.891993,-11.0392
1.28808,13.2867,16.0847,4.44202,30.084,-7.83448,0.896311,-11.0349
1.28902,13.3638,16.1276,4.5014,30.0698,-7.83553,0.896044,-11.0349
1.2898,13.3556,16.1614,4.50071,30.0537,-7.82681,0.900401,-11.0308
1.29073,13.2706,16.1517,4.44106,30.0517,-7.81703,0.905022,-11.0264
1.29175,13.2608,16.1843,4.43917,30.0359,-7.80826,0.90928,-11.0223
1.29278,13.2507,16.2175,4.4374,30.0197,-7.79931,0.913671,-11.0179
1.29383,13.2421,16.2508,4.43648,30.0035,-7.79054,0.917983,-11.0138
1.29483,13.2334,16.2842,4.43567,29.9873,-7.78174,0.922274,-11.0095
1.29575,13.2245,16.3175,4.43462,29.9711,-7.77292,0.926551,-11.0054
1.29675,13.3,16.3618,4.49294,29.9567,-7.77398,0.926268,-11.0054
1.29775,13.2909,16.3953,4.49183,29.9404,-7.76515,0.930529,-11.0012
1.29881,13.2817,16.4281,4.49047,29.9245,-7.75647,0.934633,-10.9972
1.30013,13.2709,16.4606,4.48809,29.9085,-7.74757,0.938787,-10.9929
1.30082,13.1853,16.448,4.42774,29.9069,-7.7376,0.943232,-10.9888
1.30176,13.1744,16.4803,4.42535,29.8909,-7.72865,0.947377,-10.9846
1.30286,13.1633,16.5125,4.42275,29.8748,-7.71968,0.951513,-10.9806
1.30383,13.1537,16.5457,4.42138,29.8584,-7.7107,0.955724,-10.9764
1.30479,13.1438,16.5789,4.41977,29.842,-7.7017,0.959919,-10.9724
1.30582,13.134,16.6121,4.41829,29.8256,-7.69268,0.964103,-10.9682
1.30679,13.1239,16.6452,4.41658,29.8091,-7.68364,0.968275,-10.9641
1.30797,13.1138,16.6783,4.41497,29.7927,-7.67458,0.972432,-10.96
1.30883,13.1035,16.7113,4.41314,29.7762,-7.66551,0.976562,-10.9559
1.30977,13.0932,16.7444,4.41139,29.7597,-7.65642,0.980673,-10.9518
1.3111,13.0827,16.7774,4.40944,29.7432,-7.6473,0.984729,-10.9477
1.31177,13.0722,16.8103,4.40758,29.7266,-7.63817,0.988689,-10.9436
1.31276,13.0614,16.8433,4.40554,29.71,-7.62902,0.992578,-10.9395
1.31375,12.979,16.8287,4.3476,29.7082,-7.61879,0.996721,-10.9354
1.31503,12.9682,16.8614,4.3456,29.6916,-7.6096,1.00048,-10.9314
1.31606,12.9575,16.8941,4.34367,29.675,-7.60038,1.00417,-10.9272
1.31678,13.0288,16.9419,4.39934,29.6602,-7.60144,1.00385,-10.9272
1.31775,12.9384,16.9612,4.34163,29.6412,-7.58192,1.01139,-10.9191
1.31876,12.9287,16.9947,4.34063,29.6243,-7.57267,1.01492,-10.9149
1.3199,12.9172,17.0279,4.33836,29.6073,-7.5632,1.01847,-10.9108
1.32076,12.9076,17.0607,4.33724,29.5907,-7.55413,1.02184,-10.9067
1.32201,12.8974,17.0941,4.33592,29.5738,-7.54482,1.02523,-10.9027
1.32276,12.8875,17.1268,4.33468,29.5572,-7.53569,1.0285,-10.8986
1.32373,12.8772,17.1602,4.33326,29.5403,-7.52635,1.0318,-10.8945
1.32477,12.8671,17.1928,4.33191,29.5236,-7.51717,1.035,-10.8904
1.32576,12.8567,17.2255,4.33039,29.507,-7.50797,1.03815,-10.8864
1.32676,12.7774,17.2084,4.27469,29.5054,-7.49767,1.04162,-10.8823
1.32788,12.7671,17.2408,4.27321,29.4887,-7.48841,1.04471,-10.8783
1.32889,12.758,17.2742,4.27283,29.4717,-7.47913,1.04776,-10.8742
1.32979,12.7488,17.3076,4.27227,29.4547,-7.46983,1.05078,-10.8701
1.33121,12.7394,17.3409,4.27176,29.4377,-7.4605,1.05378,-10.866
1.33191,12.8075,17.3914,4.32542,29.4225,-7.46156,1.05341,-10.866
1.33281,12.72,17.4081,4.27041,29.4033,-7.44159,1.05975,-10.8576
1.33379,12.6411,17.3901,4.21513,29.4014,-7.43094,1.06311,-10.8534
1.33484,12.7087,17.4409,4.26853,29.3862,-7.432,1.06274,-10.8534
1.33601,12.623,17.457,4.21471,29.3671,-7.41217,1.06889,-10.8452
1.3368,12.6128,17.4906,4.21392,29.3497,-7.40254,1.0718,-10.8409
1.33781,12.6023,17.5247,4.21297,29.332,-7.39272,1.07477,-10.8366
1.33876,12.5935,17.5585,4.21306,29.3147,-7.38331,1.0776,-10.8324
1.33975,12.5844,17.5923,4.21298,29.2974,-7.37387,1.08039,-10.8282
1.3412,12.5753,17.626,4.21293,29.2801,-7.36442,1.08317,-10.824
1.34186,12.566,17.6597,4.21269,29.2628,-7.35495,1.08593,-10.8199
1.34284,12.6318,17.712,4.26495,29.2474,-7.35601,1.08555,-10.8199
1.34384,12.4814,17.6743,4.15998,29.2436,-7.33488,1.09179,-10.8114
1.34484,12.4705,17.7072,4.15876,29.2263,-7.32514,1.09456,-10.8071
1.34577,12.4621,17.7416,4.15938,29.2086,-7.31563,1.09726,-10.8029
1.34682,12.4537,17.7758,4.16002,29.191,-7.30608,1.09994,-10.7986
1.34773,12.445,17.8101,4.16047,29.1734,-7.29652,1.1026,-10.7944
1.34879,12.4363,17.8442,4.16094,29.1558,-7.28695,1.10525,-10.79
1.3499,12.4273,17.8783,4.16121,29.1383,-7.27736,1.10789,-10.7858
1.3508,12.4915,17.932,4.21249,29.1227,-7.27842,1.10749,-10.7858
1.3518,12.4089,17.9463,4.16161,29.1031,-7.25814,1.11312,-10.7772
1.3528,12.4727,18.0004,4.21261,29.0875,-7.25921,1.11271,-10.7772
1.35382,12.3886,18.0137,4.16072,29.0678,-7.23866,1.11836,-10.7685
1.35475,12.3775,18.047,4.15971,29.0502,-7.22878,1.12099,-10.764
1.35571,12.4406,18.1017,4.21028,29.0345,-7.22984,1.12057,-10.764
1.35677,12.295,18.0597,4.1089,29.0307,-7.20836,1.1265,-10.7554
1.35784,12.2838,18.0927,4.10779,29.0131,-7.19843,1.12908,-10.751
1.35875,12.2751,18.1273,4.10849,28.9951,-7.18873,1.1316,-10.7468
1.35976,12.3375,18.1825,4.15866,28.9794,-7.1898,1.13118,-10.7468
1.36079,12.2572,18.1962,4.10975,28.9593,-7.16927,1.13658,-10.7381
1.36176,12.2467,18.2301,4.10936,28.9414,-7.1593,1.13912,-10.7336
1.36276,12.3084,18.2858,4.15912,28.9256,-7.16037,1.13869,-10.7336
1.36376,12.2281,18.2985,4.11013,28.9056,-7.13979,1.14405,-10.725
1.36482,12.217,18.3322,4.10939,28.8877,-7.12978,1.14655,-10.7206
1.36579,12.2781,18.3885,4.15873,28.8718,-7.13085,1.14611,-10.7206
1.3668,12.1976,18.4003,4.10969,28.8519,-7.11018,1.15141,-10.7119
1.36773,12.1976,18.4003,4.10969,28.8519,-7.11018,1.15141,-10.7119
1.36879,12.1863,18.4338,4.10884,28.8339,-7.10014,1.15387,-10.7074
1.36975,12.1057,18.4452,4.05989,28.8137,-7.07917,1.15915,-10.6986
1.37078,12.0953,18.4795,4.05978,28.7955,-7.06911,1.16159,-10.6942
1.37168,12.1552,18.5367,4.10845,28.7795,-7.07017,1.16114,-10.6942
1.37276,12.0771,18.5487,4.06133,28.7592,-7.04939,1.16631,-10.6855
1.37376,12.0664,18.5828,4.06112,28.7409,-7.03929,1.16871,-10.6809
1.37484,12.0569,18.6172,4.06163,28.7228,-7.02942,1.17105,-10.6766
1.37578,12.116,18.6752,4.10974,28.7067,-7.03048,1.1706,-10.6766
1.37674,11.9787,18.6278,4.01452,28.7026,-7.00853,1.17615,-10.6678
1.37775,11.9678,18.6613,4.01413,28.6844,-6.99837,1.17851,-10.6633
1.37877,11.9591,18.6965,4.01538,28.6659,-6.98846,1.18081,-10.659
1.37974,11.9503,18.7316,4.01664,28.6474,-6.97851,1.18309,-10.6545
1.38077,11.9413,18.7666,4.01771,28.629,-6.96856,1.18536,-10.6501
1.38176,11.9323,18.8015,4.01879,28.6106,-6.9586,1.18763,-10.6457
1.38275,11.923,18.8363,4.01967,28.5921,-6.94863,1.18989,-10.6413
1.38385,11.9136,18.871,4.02057,28.5737,-6.93865,1.19215,-10.6368
1.38476,11.904,18.9056,4.02127,28.5553,-6.92865,1.19439,-10.6324
1.38576,11.8944,18.9402,4.02199,28.5369,-6.91863,1.19662,-10.6278
1.38694,11.8276,18.9149,3.97573,28.5348,-6.90754,1.19933,-10.6234
1.38777,11.8845,18.9747,4.02252,28.5185,-6.90861,1.19885,-10.6234
1.38877,11.809,18.9844,3.9778,28.4977,-6.88745,1.20375,-10.6145
1.38977,11.7988,19.0192,3.97832,28.4789,-6.87717,1.20599,-10.6098
1.39081,11.855,19.0795,4.0247,28.4625,-6.87824,1.2055,-10.6098
1.39215,11.7804,19.0894,3.98074,28.4415,-6.85705,1.21036,-10.6008
1.39281,11.8362,19.1501,4.02685,28.4251,-6.85812,1.20987,-10.6008
1.39376,11.7587,19.1589,3.98111,28.4037,-6.83624,1.21485,-10.5916
1.39481,11.814,19.22,4.02695,28.3872,-6.8373,1.21435,-10.5916
1.39573,11.8028,19.2544,4.02678,28.3685,-6.827,1.21657,-10.587
1.39682,11.7267,19.2619,3.98177,28.3477,-6.80553,1.2214,-10.578
1.39774,11.6608,19.2343,3.93618,28.3456,-6.79413,1.22408,-10.5734
1.39879,11.7155,19.2959,3.98164,28.329,-6.7952,1.22358,-10.5734
1.39984,11.6419,19.3041,3.93838,28.3081,-6.77389,1.2283,-10.5645
1.40082,11.6315,19.3389,3.939,28.2891,-6.76352,1.23043,-10.5599
1.40172,11.6855,19.4011,3.98406,28.2725,-6.76459,1.22993,-10.5599
1.40283,11.6128,19.4094,3.94159,28.2512,-6.74323,1.2346,-10.5509
1.40391,11.6019,19.4439,3.94186,28.2323,-6.73284,1.23671,-10.5464
1.4049,11.6553,19.5066,3.98652,28.2156,-6.7339,1.2362,-10.5464
1.40582,11.5824,19.5138,3.94393,28.1945,-6.71248,1.24083,-10.5374
1.40681,11.5712,19.5481,3.94406,28.1756,-6.70204,1.24291,-10.5328
1.40793,11.5712,19.5481,3.94406,28.1756,-6.70204,1.24291,-10.5328
1.40888,11.5611,19.5828,3.94482,28.1567,-6.69183,1.24495,-10.5283
1.40983,11.4879,19.5891,3.90223,28.1354,-6.67007,1.24955,-10.5192
1.41088,11.5402,19.6527,3.94624,28.1185,-6.67114,1.24902,-10.5192
1.41253,11.5295,19.6879,3.94688,28.0993,-6.66067,1.25107,-10.5145
1.41274,11.5295,19.6879,3.94688,28.0993,-6.66067,1.25107,-10.5145
1.41379,11.5088,19.7585,3.94862,28.0609,-6.63994,1.2551,-10.5054
1.41528,11.4974,19.794,3.94892,28.0413,-6.62924,1.25717,-10.5008
1.41596,11.4859,19.8295,3.94924,28.0217,-6.61855,1.25924,-10.496
1.41703,11.4235,19.7994,3.90613,28.0195,-6.607,1.2618,-10.4915
1.41779,11.4745,19.8641,3.94934,28.0025,-6.60807,1.26126,-10.4915
1.4188,11.4009,19.868,3.9065,27.9812,-6.58602,1.26581,-10.4823
1.41968,11.4515,19.933,3.94945,27.9642,-6.58709,1.26527,-10.4823
1.42082,11.38,19.9382,3.90821,27.9427,-6.56524,1.26972,-10.4733
1.42182,11.3684,19.9721,3.9082,27.9235,-6.5547,1.27169,-10.4687
1.42273,11.3577,20.0067,3.90881,27.9045,-6.54438,1.2736,-10.4642
1.42376,11.347,20.0411,3.90946,27.8854,-6.53403,1.27549,-10.4597
1.42477,11.3361,20.0755,3.90991,27.8663,-6.52366,1.27737,-10.4552
1.42578,11.3252,20.1098,3.91041,27.8472,-6.51327,1.27924,-10.4507
1.42677,11.314,20.144,3.91072,27.828,-6.50285,1.2811,-10.4462
1.42774,11.3028,20.1781,3.91107,27.8089,-6.49241,1.28294,-10.4417
1.42887,11.2428,20.1455,3.86946,27.807,-6.48087,1.28535,-10.4372
1.42995,11.2315,20.1793,3.8698,27.7878,-6.47037,1.28717,-10.4326
1.43079,11.2198,20.2137,3.86996,27.7683,-6.45964,1.28903,-10.4281
1.43196,11.209,20.2494,3.87095,27.7484,-6.44891,1.29088,-10.4234
1.43282,11.1979,20.285,3.87174,27.7286,-6.43818,1.29272,-10.4189
1.43376,11.1868,20.3205,3.87258,27.7087,-6.42745,1.29456,-10.4142
1.43478,11.1758,20.3551,3.87321,27.6893,-6.41693,1.29636,-10.4097
1.43625,11.1648,20.3897,3.87388,27.6699,-6.4064,1.29814,-10.4052
1.43688,11.1533,20.4248,3.87437,27.6501,-6.39564,1.29996,-10.4006
1.43777,11.0948,20.3918,3.83412,27.6476,-6.3838,1.30235,-10.3959
1.4388,11.0833,20.4266,3.83464,27.6279,-6.37302,1.30416,-10.3913
1.43983,11.0728,20.462,3.83579,27.6082,-6.36247,1.30592,-10.3868
1.44081,11.0623,20.4972,3.83697,27.5885,-6.3519,1.30766,-10.3822
1.44178,11.0515,20.5324,3.83796,27.5688,-6.34132,1.3094,-10.3777
1.44274,11.0976,20.6011,3.87821,27.5513,-6.34239,1.30881,-10.3777
1.44376,11.0866,20.6363,3.87911,27.5316,-6.3318,1.31054,-10.3731
1.44478,11.0175,20.6364,3.83993,27.5097,-6.30925,1.31462,-10.3639
1.44581,11.0629,20.7057,3.87979,27.4922,-6.31032,1.31402,-10.3639
1.4471,10.9936,20.7058,3.84058,27.4699,-6.28753,1.31812,-10.3546
1.44796,10.9936,20.7058,3.84058,27.4699,-6.28753,1.31812,-10.3546
1.44887,10.9819,20.741,3.8411,27.4498,-6.27664,1.31985,-10.35
1.44977,10.9124,20.7405,3.80194,27.4273,-6.25357,1.32396,-10.3407
1.45094,10.957,20.8105,3.84131,27.4097,-6.25464,1.32335,-10.3407
1.4519,10.8898,20.8106,3.8036,27.3874,-6.23201,1.32734,-10.3315
1.45284,10.934,20.8809,3.84271,27.3697,-6.23309,1.32673,-10.3315
1.45376,10.8676,20.8817,3.8057,27.3471,-6.21044,1.33068,-10.3223
1.45479,10.8562,20.9174,3.80671,27.3268,-6.19953,1.33236,-10.3176
1.45584,10.8997,20.9882,3.84544,27.3091,-6.2006,1.33174,-10.3176
1.45693,10.8335,20.987,3.80834,27.2871,-6.17812,1.33563,-10.3085
1.45788,10.7778,20.9498,3.76976,27.2849,-6.16608,1.33791,-10.3039
1.45874,10.8209,21.021,3.80826,27.2672,-6.16716,1.33729,-10.3039
1.45998,10.7557,21.02,3.77194,27.2448,-6.14459,1.34112,-10.2948
1.46085,10.7983,21.0915,3.81018,27.227,-6.14566,1.34049,-10.2948
1.46209,10.7327,21.0904,3.7738,27.2044,-6.12281,1.34433,-10.2855
1.4629,10.775,21.1623,3.81179,27.1865,-6.12388,1.3437,-10.2855
1.46386,10.7626,21.1971,3.81217,27.1663,-6.11285,1.34531,-10.2808
1.46476,10.697,21.1948,3.77571,27.1438,-6.08993,1.34912,-10.2715
1.46583,10.7386,21.2672,3.81332,27.1259,-6.09101,1.34848,-10.2715
1.46678,10.7258,21.3017,3.81338,27.1057,-6.07995,1.35007,-10.2669
1.46784,10.7141,21.3369,3.81419,27.0855,-6.06912,1.35162,-10.2623
1.46981,10.6602,21.2982,3.77687,27.0832,-6.05695,1.35384,-10.2577
1.47025,10.7012,21.3712,3.8141,27.0653,-6.05803,1.35319,-10.2577
1.47076,10.6345,21.3662,3.77688,27.0428,-6.03474,1.35697,-10.2483
1.4717,10.5674,21.3617,3.73973,27.0197,-6.01094,1.3608,-10.2389
1.47293,10.6078,21.4351,3.7766,27.0016,-6.01201,1.36014,-10.2389
1.47383,10.5439,21.4323,3.74155,26.9787,-5.98893,1.36383,-10.2297
1.4747,10.5316,21.467,3.74208,26.9582,-5.97779,1.36534,-10.225
1.47625,10.5713,21.5409,3.77857,26.9401,-5.97886,1.36468,-10.225
1.47711,10.5596,21.5765,3.77948,26.9197,-5.96796,1.36616,-10.2205
1.47812,10.5085,21.5376,3.74417,26.9174,-5.95597,1.36828,-10.2159
1.47906,10.4957,21.572,3.74438,26.897,-5.94479,1.36978,-10.2113
1.48014,10.5348,21.6465,3.7805,26.8788,-5.94586,1.36911,-10.2113
1.4809,10.4707,21.6419,3.74543,26.8557,-5.92242,1.37275,-10.2019
1.48221,10.5094,21.7167,3.78129,26.8375,-5.9235,1.37208,-10.2019
1.48317,10.4968,21.7524,3.78183,26.8167,-5.9123,1.37355,-10.1973
1.48377,10.4845,21.7873,3.78241,26.7963,-5.90134,1.37498,-10.1927
1.48476,10.471,21.8212,3.78215,26.7759,-5.8901,1.37644,-10.1881
1.48585,10.4575,21.8551,3.78194,26.7555,-5.87886,1.3779,-10.1833
1.48682,10.4951,21.9307,3.81716,26.7372,-5.87994,1.37722,-10.1833
1.48776,10.4301,21.9225,3.78122,26.7147,-5.85631,1.38078,-10.174
1.48887,10.4163,21.956,3.78071,26.6942,-5.84501,1.3822,-10.1695
1.48978,10.4014,21.9887,3.7796,26.6737,-5.83343,1.38365,-10.1647
1.49077,10.3506,21.9458,3.74426,26.6716,-5.82102,1.38575,-10.1601
1.49191,10.3368,21.979,3.74384,26.6512,-5.80965,1.38714,-10.1554
1.49295,10.3229,22.0121,3.74327,26.6307,-5.79826,1.38852,-10.1509
1.49398,10.3096,22.0467,3.74341,26.6098,-5.78687,1.38988,-10.1462
1.49486,10.2961,22.0812,3.74338,26.589,-5.77547,1.39123,-10.1417
1.49593,10.2827,22.1156,3.74342,26.5682,-5.76405,1.39258,-10.137
1.49679,10.269,22.15,3.74328,26.5473,-5.75263,1.39393,-10.1325
1.49781,10.2554,22.1842,3.74321,26.5265,-5.7412,1.39527,-10.1278
1.49876,10.2416,22.2183,3.74296,26.5057,-5.72976,1.3966,-10.1233
1.49978,10.2278,22.2523,3.74278,26.4849,-5.7183,1.39793,-10.1186
1.50078,10.2139,22.2863,3.74242,26.4641,-5.70683,1.39925,-10.114
1.50191,10.1999,22.3201,3.74213,26.4433,-5.69535,1.40056,-10.1094
1.50278,10.1513,22.2757,3.70827,26.441,-5.68277,1.40259,-10.1048
1.50384,10.1374,22.3091,3.708,26.4202,-5.67126,1.40389,-10.1002
1.50479,10.1233,22.3425,3.70757,26.3994,-5.65972,1.40518,-10.0956
1.50583,10.1098,22.3774,3.70782,26.3782,-5.64819,1.40645,-10.0909
1.50681,10.0962,22.4122,3.70789,26.3571,-5.63665,1.40772,-10.0864
1.50777,10.0826,22.4469,3.70804,26.3359,-5.6251,1.40899,-10.0817
1.50876,10.0688,22.4814,3.708,26.3148,-5.61355,1.41025,-10.0772
1.50977,10.055,22.5159,3.70803,26.2937,-5.60199,1.41151,-10.0725
1.51075,10.0411,22.5502,3.70789,26.2726,-5.59043,1.41276,-10.0679
1.51176,10.0272,22.5845,3.70781,26.2515,-5.57885,1.41401,-10.0632
1.51281,10.013,22.6186,3.70755,26.2304,-5.56726,1.41525,-10.0587
1.51393,9.99893,22.6526,3.70736,26.2093,-5.55566,1.41649,-10.054
1.51475,9.98466,22.6865,3.707,26.1882,-5.54405,1.41771,-10.0494
1.51576,9.93834,22.6402,3.67476,26.1859,-5.53135,1.41968,-10.0447
1.51683,9.92412,22.6737,3.67442,26.1649,-5.51971,1.42089,-10.0401
1.51783,9.90991,22.7072,3.67415,26.1438,-5.50805,1.4221,-10.0355
1.51882,9.8961,22.7422,3.6743,26.1224,-5.49639,1.42328,-10.0309
1.51978,9.92754,22.8228,3.70589,26.1035,-5.49747,1.42253,-10.0309
1.52081,9.86837,22.8118,3.67461,26.0795,-5.47306,1.42565,-10.0216
1.52184,9.89939,22.8928,3.70595,26.0607,-5.47414,1.4249,-10.0216
1.52273,9.8394,22.88,3.67405,26.0367,-5.44946,1.42804,-10.0122
1.52416,9.82522,22.9145,3.67393,26.0154,-5.43778,1.42921,-10.0076
1.52479,9.81014,22.9478,3.67327,25.994,-5.42583,1.43041,-10.0028
1.5257,9.76558,22.9004,3.64217,25.9916,-5.41306,1.43233,-9.99823
1.52678,9.75144,22.9343,3.64212,25.9702,-5.40134,1.43348,-9.99355
1.52812,9.73803,22.9691,3.64251,25.949,-5.38988,1.43459,-9.98905
1.52876,9.72427,23.0045,3.64294,25.9273,-5.37815,1.43571,-9.98435
1.52977,9.71036,23.0397,3.6432,25.9057,-5.36643,1.43684,-9.97975
1.53076,9.69645,23.0748,3.64351,25.884,-5.35471,1.43796,-9.97504
1.53177,9.68237,23.1098,3.64365,25.8624,-5.34298,1.43908,-9.97042
1.5328,9.66829,23.1446,3.64384,25.8408,-5.33125,1.44019,-9.9657
1.53504,9.65405,23.1793,3.64386,25.8193,-5.31951,1.4413,-9.96107
1.53604,9.65405,23.1793,3.64386,25.8193,-5.31951,1.4413,-9.96107
1.53764,9.62541,23.2483,3.64384,25.7762,-5.29601,1.4435,-9.95171
1.53838,9.62541,23.2483,3.64384,25.7762,-5.29601,1.4435,-9.95171
1.53895,9.65359,23.3316,3.6735,25.7571,-5.29708,1.44272,-9.95171
1.54036,9.58159,23.3516,3.64344,25.7112,-5.26045,1.44678,-9.93752
1.54164,9.58159,23.3516,3.64344,25.7112,-5.26045,1.44678,-9.93752
1.54219,9.60916,23.4353,3.67274,25.6921,-5.26153,1.44599,-9.93752
1.54292,9.55071,23.4198,3.64227,25.6674,-5.23613,1.44901,-9.92788
1.54389,9.49374,23.4036,3.61251,25.6433,-5.21122,1.45196,-9.91847
1.54486,9.52074,23.4878,3.64148,25.6241,-5.2123,1.45116,-9.91847
1.5459,9.46509,23.4711,3.61235,25.6006,-5.18786,1.45402,-9.90926
1.54679,9.49168,23.5557,3.64108,25.5813,-5.18893,1.45322,-9.90926
1.54784,9.43612,23.5383,3.61201,25.5578,-5.1644,1.45603,-9.90003
1.54879,9.4623,23.6232,3.6405,25.5385,-5.16548,1.45522,-9.90003
1.54978,9.4623,23.6232,3.6405,25.5385,-5.16548,1.45522,-9.90003
1.55078,9.40682,23.6051,3.61148,25.515,-5.14085,1.45799,-9.89076
1.5518,9.39205,23.6395,3.61133,25.4932,-5.12892,1.45896,-9.88613
1.55283,9.37651,23.6728,3.6107,25.4714,-5.11673,1.45996,-9.88129
1.5538,9.32153,23.6555,3.58237,25.4472,-5.09174,1.4627,-9.87191
1.55485,9.30669,23.6894,3.58215,25.4254,-5.07978,1.46366,-9.86727
1.55578,9.33169,23.7752,3.60994,25.406,-5.08086,1.46284,-9.86727
1.55685,9.27843,23.7588,3.58273,25.382,-5.05632,1.46548,-9.85806
1.55778,9.30302,23.8449,3.61029,25.3626,-5.0574,1.46466,-9.85806
1.55872,9.2495,23.8284,3.58308,25.3382,-5.03258,1.46731,-9.84871
1.55975,9.21015,23.7752,3.55539,25.336,-5.01947,1.46906,-9.84392
1.56078,9.23438,23.8616,3.58273,25.3165,-5.02055,1.46823,-9.84392
1.56178,9.18186,23.8448,3.55612,25.2923,-4.99589,1.47081,-9.83468
1.56278,9.16711,23.8792,3.55621,25.2703,-4.98383,1.47171,-9.82988
1.56379,9.19073,23.9661,3.5832,25.2508,-4.98491,1.47088,-9.82988
1.56475,9.13878,23.9497,3.55715,25.2263,-4.9602,1.47344,-9.82053
1.56584,9.12371,23.9837,3.55697,25.2044,-4.94812,1.47432,-9.8158
1.56682,9.1094,24.0186,3.55736,25.1824,-4.93629,1.47518,-9.81106
1.56778,9.0949,24.0534,3.55756,25.1605,-4.92444,1.47602,-9.80642
1.56882,9.08041,24.088,3.55783,25.1386,-4.91258,1.47686,-9.80166
1.56978,9.06575,24.1225,3.55793,25.1168,-4.9007,1.47769,-9.797
1.57079,9.05111,24.1569,3.55809,25.0949,-4.8888,1.47852,-9.79223
1.57182,9.05111,24.1569,3.55809,25.0949,-4.8888,1.47852,-9.79223
1.5728,8.99964,24.1369,3.53219,25.0708,-4.86388,1.481,-9.78278
1.57378,8.98452,24.1714,3.53217,25.0485,-4.85169,1.48182,-9.778
1.5748,8.97013,24.2069,3.53269,25.0263,-4.83975,1.48262,-9.77322
1.57575,8.95556,24.2422,3.53304,25.0041,-4.82781,1.48341,-9.76853
1.57679,8.94073,24.2768,3.53312,24.9818,-4.81596,1.48428,-9.76382
1.57777,8.92591,24.3106,3.53321,24.9596,-4.80404,1.48508,-9.7591
1.57881,8.911,24.3444,3.5333,24.9374,-4.79207,1.48585,-9.75431
1.57978,8.89586,24.378,3.53317,24.9153,-4.78011,1.48662,-9.74963
1.5809,8.8807,24.4115,3.53304,24.8932,-4.76816,1.48739,-9.74488
1.58173,8.86533,24.4449,3.5327,24.871,-4.75622,1.48816,-9.74024
1.58274,8.84958,24.4788,3.53234,24.8485,-4.74403,1.48895,-9.73542
1.58376,8.81411,24.4221,3.50701,24.8461,-4.73102,1.4906,-9.73082
1.58478,8.7987,24.455,3.50661,24.8241,-4.7191,1.49138,-9.72614
1.58573,8.81836,24.545,3.53127,24.8043,-4.72018,1.49051,-9.72614
1.58682,8.76806,24.5239,3.50626,24.7791,-4.69528,1.49291,-9.71691
1.58787,8.75187,24.5571,3.50542,24.7567,-4.68312,1.4937,-9.71227
1.58874,8.73532,24.5907,3.50457,24.7337,-4.67074,1.49453,-9.70745
1.58994,8.71961,24.6247,3.50402,24.7114,-4.65888,1.49531,-9.70294
1.5908,8.70389,24.6586,3.50349,24.689,-4.64702,1.49608,-9.69834
1.59179,8.68762,24.693,3.50272,24.6662,-4.63492,1.49687,-9.69376
1.59281,8.67134,24.7272,3.50198,24.6435,-4.62283,1.49767,-9.68908
1.5939,8.65487,24.7613,3.50103,24.6208,-4.61076,1.49847,-9.68452
1.59478,8.63841,24.7952,3.50011,24.5981,-4.59869,1.49927,-9.67987
1.59577,8.60406,24.7375,3.47549,24.5954,-4.58556,1.50096,-9.67534
1.59677,8.58763,24.771,3.47454,24.5727,-4.57351,1.50176,-9.67071
1.59783,8.57167,24.8056,3.47385,24.5502,-4.56174,1.50253,-9.66629
1.59879,8.55533,24.8406,3.47314,24.5273,-4.54971,1.50331,-9.66167
1.59979,8.53881,24.8754,3.47224,24.5044,-4.53771,1.5041,-9.65716
1.60076,8.5223,24.9101,3.47137,24.4815,-4.52571,1.50489,-9.65256
1.60179,8.50561,24.9447,3.4703,24.4587,-4.51374,1.50568,-9.64807
1.6028,8.48931,24.9785,3.46932,24.4363,-4.50201,1.50645,-9.64357
1.60384,8.47289,25.0121,3.46822,24.414,-4.49028,1.50721,-9.63912
1.60488,8.45595,25.0463,3.46695,24.3913,-4.47829,1.50798,-9.63463
1.60585,8.43902,25.0802,3.46571,24.3685,-4.4663,1.50875,-9.63005
1.60693,8.42191,25.1141,3.46428,24.3458,-4.45431,1.50951,-9.62557
1.608,8.42191,25.1141,3.46428,24.3458,-4.45431,1.50951,-9.62557
1.60932,8.37219,25.088,3.43922,24.3206,-4.42925,1.51195,-9.61653
1.6098,8.35514,25.1213,3.43784,24.298,-4.41726,1.5127,-9.61196
1.61079,8.33755,25.1551,3.43621,24.2749,-4.40502,1.51347,-9.60742
1.61181,8.32097,25.1893,3.43513,24.2524,-4.39329,1.51419,-9.60296
1.61285,8.30383,25.224,3.43381,24.2294,-4.3813,1.51491,-9.59851
1.61383,8.3184,25.318,3.45546,24.2093,-4.38238,1.51399,-9.59851
1.61487,8.26944,25.2929,3.43109,24.1836,-4.35735,1.51637,-9.58952
1.61577,8.25218,25.3272,3.42968,24.1608,-4.34539,1.51709,-9.58497
1.61678,8.23515,25.3606,3.42816,24.1385,-4.33366,1.51779,-9.58062
1.61786,8.20433,25.2994,3.4055,24.1363,-4.32084,1.51941,-9.57616
1.61882,8.18734,25.3324,3.40399,24.114,-4.30908,1.52009,-9.5718
1.62022,8.16998,25.366,3.40248,24.0912,-4.29705,1.52078,-9.56724
1.62078,8.15303,25.4006,3.40121,24.0685,-4.28527,1.52143,-9.56287
1.62175,8.13608,25.4351,3.39999,24.0458,-4.27348,1.52207,-9.5584
1.62277,8.11897,25.4694,3.3986,24.0231,-4.26169,1.52272,-9.55402
1.62376,8.10188,25.5035,3.39726,24.0005,-4.24988,1.52335,-9.54953
1.62476,8.08462,25.5375,3.39575,23.9779,-4.23807,1.52398,-9.54514
1.62575,8.06737,25.5714,3.3943,23.9553,-4.22624,1.5246,-9.54064
1.62674,8.04996,25.6051,3.39267,23.9327,-4.2144,1.52522,-9.53624
1.62787,8.03257,25.6387,3.3911,23.9101,-4.20254,1.52583,-9.53173
1.62874,8.04441,25.7348,3.41115,23.8899,-4.20362,1.52488,-9.53173
1.62998,7.9854,25.6099,3.36768,23.8849,-4.17744,1.52799,-9.52271
1.63078,7.96734,25.6417,3.36553,23.8623,-4.16529,1.52862,-9.51822
1.63181,7.94894,25.674,3.36341,23.8393,-4.15287,1.52925,-9.51353
1.63281,7.9311,25.7092,3.36185,23.816,-4.14072,1.52984,-9.50905
1.63379,7.91325,25.7443,3.36033,23.7927,-4.12857,1.53044,-9.50447
1.63479,7.89528,25.7792,3.35865,23.7694,-4.11645,1.53104,-9.49999
1.63578,7.87735,25.814,3.35703,23.7462,-4.10434,1.53164,-9.49541
1.63686,7.85927,25.8486,3.35523,23.7231,-4.09223,1.53224,-9.49094
1.63783,7.84124,25.883,3.35349,23.7,-4.08013,1.53285,-9.48637
1.63878,7.82305,25.9173,3.35157,23.6769,-4.06803,1.53345,-9.4819
1.63975,7.80491,25.9514,3.34973,23.6539,-4.05594,1.53404,-9.47732
1.64074,7.77687,25.8876,3.32889,23.6513,-4.04276,1.53561,-9.47285
1.64177,7.75922,25.9207,3.32713,23.6288,-4.0309,1.53619,-9.46837
1.64276,7.74155,25.9554,3.32553,23.606,-4.01903,1.53673,-9.46399
1.64376,7.72349,25.9906,3.32391,23.5826,-4.00691,1.53729,-9.4594
1.64487,7.70527,26.0256,3.32212,23.5594,-3.9948,1.53785,-9.45491
1.64587,7.68709,26.0605,3.32038,23.5361,-3.98269,1.53841,-9.45032
1.6468,7.6688,26.0951,3.31851,23.513,-3.97058,1.53897,-9.44579
1.64785,7.65039,26.1295,3.31651,23.4898,-3.95847,1.53954,-9.4413
1.6488,7.63199,26.1636,3.31453,23.4667,-3.94636,1.54011,-9.43672
1.64983,7.61339,26.1974,3.31232,23.4436,-3.93423,1.54068,-9.43223
1.65078,7.59451,26.2301,3.30985,23.4205,-3.92204,1.54129,-9.42767
1.65211,7.56612,26.1746,3.2906,23.4167,-3.90692,1.54336,-9.42332
1.6528,7.54859,26.2518,3.29478,23.395,-3.89651,1.5434,-9.41854
1.65379,7.52979,26.3265,3.29764,23.3729,-3.8858,1.54377,-9.41406
1.65476,7.51,26.3984,3.29975,23.35,-3.87433,1.54442,-9.40947
1.65582,7.49022,26.4691,3.30153,23.3275,-3.86318,1.54506,-9.40498
1.65678,7.47065,26.5388,3.30325,23.3054,-3.85232,1.54568,-9.40039
1.65775,7.4511,26.6075,3.3047,23.2836,-3.84175,1.54626,-9.3959
1.6588,7.43174,26.6751,3.30611,23.2621,-3.83143,1.54681,-9.39132
1.65979,7.41239,26.7417,3.30724,23.2409,-3.82134,1.54732,-9.38683
1.66082,7.39321,26.8073,3.30835,23.2199,-3.81146,1.54778,-9.38224
1.66186,7.37401,26.872,3.3092,23.1991,-3.80175,1.54821,-9.37775
1.66322,7.35497,26.9357,3.31003,23.1786,-3.79221,1.54859,-9.37316
1.66377,7.33589,26.9985,3.3106,23.1582,-3.7828,1.54892,-9.36866
1.66474,7.31141,26.9596,3.29486,23.1586,-3.77243,1.55022,-9.36406
1.66584,7.2926,27.0205,3.2953,23.1385,-3.76324,1.55046,-9.35956
1.66673,7.27393,27.0806,3.29574,23.1185,-3.75414,1.55066,-9.35495
1.66789,7.25522,27.1417,3.29623,23.0983,-3.74514,1.55079,-9.35044
1.66881,7.23703,27.2009,3.29673,23.0786,-3.73639,1.55088,-9.34592
1.66977,7.21835,27.2605,3.29699,23.0585,-3.7275,1.55092,-9.34139
1.67072,7.19977,27.3192,3.29724,23.0386,-3.71866,1.55094,-9.33675
1.67177,7.1811,27.3772,3.29727,23.0187,-3.70987,1.55091,-9.33221
1.67299,7.16296,27.4333,3.29735,22.9994,-3.70129,1.55085,-9.32766
1.67368,7.14028,27.3879,3.28178,23.0003,-3.69145,1.55177,-9.3231
1.67474,7.1219,27.4435,3.28175,22.9807,-3.6827,1.55163,-9.31843
1.67575,7.10385,27.4993,3.28181,22.961,-3.67414,1.55144,-9.31395
1.67679,7.08544,27.5555,3.28184,22.941,-3.6654,1.55122,-9.30927
1.67778,7.06693,27.611,3.28166,22.9211,-3.65667,1.55098,-9.30468
1.67877,7.0485,27.6658,3.2815,22.9012,-3.64794,1.55071,-9.29999
1.68032,7.02997,27.72,3.28114,22.8814,-3.6392,1.55042,-9.29539
1.68127,7.01151,27.7734,3.28081,22.8616,-3.63044,1.55011,-9.29068
1.68205,6.99296,27.8263,3.28027,22.8419,-3.62166,1.54977,-9.28607
1.68275,6.99543,27.9293,3.29477,22.8212,-3.62274,1.54873,-9.28607
1.68385,6.95588,27.9301,3.27908,22.8025,-3.60401,1.54903,-9.27674
1.6849,6.93735,27.9811,3.27844,22.7828,-3.59512,1.54862,-9.27202
1.68573,6.91638,27.9271,3.26314,22.7839,-3.58492,1.54926,-9.2673
1.6869,6.89802,27.9768,3.26248,22.7642,-3.57595,1.54882,-9.26257
1.68778,6.87951,28.026,3.26161,22.7445,-3.56691,1.54836,-9.25795
1.68882,6.88106,28.1297,3.27555,22.7238,-3.56799,1.5473,-9.25795
1.68984,6.84248,28.1267,3.26029,22.7043,-3.54873,1.54736,-9.24853
1.69092,6.82385,28.1763,3.25944,22.6842,-3.53958,1.54684,-9.24388
1.69189,6.80491,28.2243,3.25837,22.6641,-3.53018,1.54633,-9.23904
1.69297,6.78624,28.2729,3.25739,22.6441,-3.52093,1.54581,-9.23439
1.69416,6.76761,28.3209,3.25645,22.624,-3.51163,1.54527,-9.22964
1.69479,6.74887,28.3684,3.25533,22.6039,-3.50227,1.54472,-9.22498
1.696,6.73018,28.4154,3.25427,22.5838,-3.49285,1.54417,-9.22022
1.69677,6.71138,28.462,3.25304,22.5637,-3.48337,1.54361,-9.21556
1.69784,6.71138,28.462,3.25304,22.5637,-3.48337,1.54361,-9.21556
1.69883,6.67451,28.4478,3.23776,22.5447,-3.46333,1.54354,-9.2062
1.69977,6.67417,28.5529,3.25057,22.5239,-3.46441,1.54247,-9.2062
1.70075,6.63744,28.5387,3.23552,22.5043,-3.44408,1.54235,-9.19681
1.70194,6.63672,28.6441,3.2481,22.4835,-3.44516,1.54128,-9.19681
1.7029,6.60018,28.628,3.23305,22.4638,-3.42455,1.54114,-9.18738
1.70435,6.58137,28.6713,3.23166,22.4436,-3.41457,1.54054,-9.18255
1.70493,6.58007,28.7771,3.2439,22.4227,-3.41565,1.53946,-9.18255
1.70574,6.54376,28.7602,3.22907,22.4025,-3.39463,1.53929,-9.17308
1.70667,6.54376,28.7602,3.22907,22.4025,-3.39463,1.53929,-9.17308
1.70774,6.52474,28.8024,3.22741,22.3822,-3.38445,1.53869,-9.16834
1.7088,6.48892,28.7826,3.21271,22.3619,-3.36302,1.53853,-9.15883
1.70977,6.46995,28.8256,3.21132,22.341,-3.35265,1.53792,-9.15397
1.71071,6.45116,28.8695,3.21001,22.3202,-3.34245,1.5373,-9.1493
1.71176,6.43241,28.9129,3.20875,22.2993,-3.33218,1.53669,-9.14453
1.71274,6.42981,29.0196,3.22021,22.2784,-3.33326,1.53559,-9.14453
1.71375,6.3947,28.9987,3.20596,22.2575,-3.31148,1.53548,-9.13505
1.71479,6.37545,29.0398,3.2042,22.2367,-3.30082,1.53489,-9.13025
1.71585,6.37227,29.1469,3.21531,22.2158,-3.3019,1.53379,-9.13025
1.71681,6.35318,29.189,3.21375,22.1949,-3.29139,1.53319,-9.12544
1.71778,6.33394,29.2308,3.21201,22.1739,-3.28083,1.5326,-9.12073
1.71883,6.31865,29.1627,3.1994,22.1743,-3.26911,1.53313,-9.1159
1.71977,6.3149,29.2702,3.21017,22.1534,-3.27019,1.53203,-9.1159
1.72083,6.29573,29.3093,3.20821,22.1329,-3.25946,1.53145,-9.11117
1.72178,6.26107,29.2816,3.1939,22.1117,-3.23649,1.53138,-9.10149
1.72332,6.25675,29.3894,3.20433,22.0907,-3.23757,1.53027,-9.10149
1.72415,6.23711,29.4284,3.20228,22.0696,-3.22641,1.52969,-9.09655
1.72526,6.2026,29.4006,3.18822,22.0478,-3.20306,1.52963,-9.08685
1.72656,6.19771,29.5089,3.1983,22.0269,-3.20414,1.52852,-9.08685
1.7272,6.19771,29.5089,3.1983,22.0269,-3.20414,1.52852,-9.08685
1.72838,6.15765,29.5856,3.19371,21.9841,-3.18118,1.52741,-9.07696
1.72884,6.13756,29.6252,3.19148,21.9624,-3.16974,1.52686,-9.07211
1.72976,6.11727,29.6631,3.18909,21.9408,-3.15801,1.52633,-9.06708
1.73103,6.0884,29.5203,3.16516,21.9394,-3.13226,1.52756,-9.05713
1.73189,6.08259,29.6292,3.17469,21.9184,-3.13334,1.52644,-9.05713
1.73285,6.06283,29.6655,3.17234,21.8972,-3.12169,1.52594,-9.05226
1.73379,6.04304,29.7051,3.17025,21.8754,-3.11025,1.52542,-9.04753
1.73544,6.02304,29.743,3.168,21.8537,-3.09851,1.52493,-9.04261
1.73576,6.00295,29.7807,3.16561,21.832,-3.08673,1.52444,-9.03777
1.73675,5.9829,29.8182,3.1633,21.8102,-3.07489,1.52396,-9.03283
1.73802,5.96925,29.7463,3.15193,21.809,-3.0617,1.52461,-9.0279
1.73879,5.94934,29.7831,3.14965,21.7872,-3.04978,1.52416,-9.02296
1.73979,5.92931,29.8197,3.14723,21.7654,-3.03782,1.52371,-9.01812
1.74076,5.90914,29.8581,3.14502,21.7432,-3.02582,1.52325,-9.01317
1.74176,5.88884,29.8962,3.14263,21.721,-3.0138,1.52281,-9.00833
1.74276,5.8686,29.9341,3.14032,21.6988,-3.00174,1.52238,-9.00338
1.7438,5.84825,29.9717,3.13786,21.6766,-2.98965,1.52196,-8.99853
1.74479,5.83603,29.8986,3.12731,21.6754,-2.97646,1.5227,-8.99357
1.74611,5.81583,29.9356,3.12489,21.6532,-2.96431,1.5223,-8.98871
1.7469,5.79569,29.9723,3.12256,21.631,-2.95212,1.52191,-8.98375
1.74779,5.77521,30.0109,3.12018,21.6084,-2.93991,1.52152,-8.97888
1.74887,5.75478,30.0492,3.11785,21.5858,-2.92769,1.52114,-8.97391
1.74985,5.73424,30.0873,3.11538,21.5633,-2.91544,1.52077,-8.96903
1.75116,5.71378,30.1251,3.11298,21.5408,-2.90318,1.52042,-8.96406
1.75179,5.69322,30.1626,3.11042,21.5183,-2.8909,1.52008,-8.95918
1.7528,5.67273,30.1998,3.10795,21.4958,-2.87859,1.51975,-8.95419
1.75398,5.65213,30.2368,3.10532,21.4734,-2.86626,1.51943,-8.9493
1.75475,5.64134,30.1619,3.09562,21.4719,-2.85283,1.52027,-8.94431
1.75578,5.6209,30.1983,3.09303,21.4495,-2.84044,1.51996,-8.93941
1.75687,5.60052,30.2344,3.09054,21.4271,-2.82802,1.51966,-8.93441
1.7578,5.56935,30.1981,3.07865,21.4025,-2.80206,1.52021,-8.9245
1.75886,5.55908,30.3101,3.08547,21.3815,-2.80314,1.51905,-8.9245
1.75997,5.53828,30.3476,3.08282,21.3588,-2.79067,1.51876,-8.91959
1.7608,5.51774,30.3863,3.08041,21.336,-2.77847,1.51846,-8.91467
1.76186,5.49691,30.4232,3.07767,21.3134,-2.76598,1.51819,-8.90974
1.76283,5.48585,30.5356,3.08402,21.2924,-2.76705,1.51703,-8.90974
1.76382,5.45533,30.4963,3.07223,21.2681,-2.74094,1.51767,-8.89978
1.76514,5.44597,30.4197,3.06339,21.2665,-2.7273,1.51859,-8.89474
1.76579,5.42512,30.454,3.06048,21.2439,-2.71445,1.51836,-8.8897
1.76679,5.40453,30.4896,3.05783,21.2213,-2.70183,1.51811,-8.88466
1.76777,5.3835,30.5271,3.05508,21.1983,-2.6892,1.51785,-8.87971
1.76883,5.36255,30.5643,3.0524,21.1754,-2.67656,1.5176,-8.87466
1.76983,5.35039,30.6775,3.05807,21.1543,-2.67763,1.51643,-8.87466
1.77092,5.3296,30.7139,3.05521,21.1319,-2.66524,1.51619,-8.86981
1.77178,5.3089,30.7501,3.05245,21.1095,-2.65282,1.51594,-8.86485
1.77288,5.2894,30.7851,3.0494,21.0778,-2.64166,1.51695,-8.85971
1.7739,5.2691,30.8196,3.04572,21.0365,-2.62941,1.51707,-8.8547
1.77483,5.2475,30.8527,3.04133,20.995,-2.61635,1.51712,-8.84959
1.77584,5.22569,30.8854,3.03663,20.9531,-2.60333,1.51746,-8.84459
1.77682,5.2176,30.8038,3.02715,20.9317,-2.58938,1.51936,-8.83944
1.77782,5.19624,30.8359,3.02246,20.8888,-2.57666,1.52041,-8.8344
1.77886,5.17511,30.8676,3.01786,20.8455,-2.56407,1.52179,-8.82921
1.77981,5.16126,30.9819,3.0225,20.8245,-2.56514,1.5206,-8.82921
1.78103,5.13951,31.0157,3.01765,20.7816,-2.55264,1.52224,-8.82414
1.7818,5.12526,31.1302,3.02204,20.7606,-2.55371,1.52104,-8.82414
1.78274,5.09739,31.0797,3.00798,20.6934,-2.52833,1.52638,-8.81392
1.78378,5.07641,31.1104,3.00305,20.6485,-2.51615,1.52886,-8.80865
1.78479,5.0616,31.2253,3.00709,20.6275,-2.51722,1.52766,-8.80865
1.7859,5.04025,31.2542,3.00164,20.5816,-2.50484,1.53044,-8.80341
1.78683,5.01426,31.1965,2.98739,20.5098,-2.47996,1.53777,-8.79305
1.78799,5.01426,31.1965,2.98739,20.5098,-2.47996,1.53777,-8.79305
1.78932,4.99383,31.224,2.98216,20.4626,-2.46797,1.5412,-8.78771
1.78978,4.97336,31.2529,2.97686,20.4157,-2.45627,1.54476,-8.78262
1.79099,4.9526,31.2821,2.97161,20.3688,-2.44435,1.54857,-8.77724
1.79185,4.93179,31.3112,2.96616,20.3216,-2.43251,1.55258,-8.77201
1.7928,4.91117,31.34,2.96086,20.2741,-2.42071,1.55677,-8.7666
1.79383,4.89043,31.3686,2.95532,20.2263,-2.40896,1.56113,-8.76134
1.79485,4.86464,31.3088,2.94142,20.1575,-2.38304,1.57024,-8.7508
1.79583,4.84797,31.4249,2.94432,20.1365,-2.38411,1.56902,-8.7508
1.79704,4.82739,31.4525,2.93901,20.0913,-2.37225,1.57383,-8.74529
1.79838,4.80684,31.4819,2.93363,20.0471,-2.36092,1.5787,-8.74007
1.79902,4.78646,31.5094,2.9283,20.003,-2.34944,1.58376,-8.73457
1.79997,4.78344,31.4204,2.92043,19.9807,-2.33691,1.59007,-8.72925
1.80097,4.76339,31.4476,2.91536,19.938,-2.32543,1.59517,-8.72376
1.80202,4.74327,31.4748,2.91019,19.896,-2.31391,1.60025,-8.71841
1.80287,4.72292,31.5041,2.90527,19.8542,-2.30236,1.60529,-8.71291
1.80396,4.7025,31.5332,2.90027,19.8131,-2.29079,1.61031,-8.70749
1.8048,4.68203,31.5623,2.89525,19.7726,-2.27918,1.61529,-8.70212
1.80575,4.66169,31.5911,2.8904,19.7328,-2.26754,1.62024,-8.69661
1.80685,4.64125,31.6198,2.88543,19.6936,-2.25585,1.62514,-8.69123
1.80781,4.62091,31.6483,2.88062,19.6549,-2.24413,1.62998,-8.68573
1.80933,4.60044,31.6767,2.8757,19.6168,-2.23235,1.63476,-8.68034
1.80979,4.59916,31.5873,2.86953,19.6001,-2.21946,1.64071,-8.67483
1.81077,4.57889,31.6153,2.86478,19.563,-2.2076,1.64536,-8.66943
1.81183,4.55871,31.6431,2.86018,19.5263,-2.19569,1.64993,-8.66391
1.8128,4.53798,31.6731,2.85545,19.4896,-2.18374,1.65441,-8.6585
1.81389,4.51732,31.7029,2.85084,19.4534,-2.17177,1.65881,-8.65298
1.81478,4.49656,31.7326,2.84613,19.4176,-2.15976,1.66315,-8.64757
1.81589,4.47588,31.7621,2.84154,19.3822,-2.14771,1.6674,-8.64205
1.81678,4.45567,31.8804,2.84225,19.3613,-2.14878,1.66615,-8.64205
1.81786,4.43484,31.8202,2.8324,19.3134,-2.12375,1.67556,-8.63122
1.81891,4.41403,31.8492,2.82773,19.2792,-2.11156,1.67955,-8.62579
1.81982,4.39326,31.9679,2.82808,19.2583,-2.11262,1.6783,-8.62579
1.8208,4.39424,31.7872,2.81853,19.2341,-2.08645,1.68834,-8.61503
1.82217,4.37331,31.906,2.81878,19.2132,-2.08751,1.68709,-8.61503
1.82324,4.35285,31.846,2.80969,19.1681,-2.06193,1.69557,-8.60413
1.82397,4.33154,31.965,2.8097,19.1472,-2.06299,1.69432,-8.60413
1.82472,4.31088,31.9065,2.80079,19.103,-2.03726,1.70246,-8.59321
1.82575,4.29019,31.9345,2.7964,19.0709,-2.02472,1.70583,-8.58764
1.82677,4.26832,32.0538,2.79606,19.05,-2.02579,1.70458,-8.58764
1.82784,4.24729,32.0836,2.79152,19.0185,-2.01346,1.70777,-8.58228
1.82873,4.24995,31.9018,2.78374,18.9977,-1.98629,1.7165,-8.57132
1.82977,4.2053,32.1409,2.78248,18.9559,-1.98841,1.71398,-8.57132
1.83109,4.18435,32.1685,2.77802,18.9249,-1.97567,1.717,-8.56573
1.83201,4.18747,31.9876,2.77088,18.9051,-1.94819,1.72523,-8.55475
1.83327,4.1663,32.0152,2.76644,18.8741,-1.93505,1.72808,-8.54914
1.83375,4.14333,32.1352,2.7654,18.8532,-1.93611,1.72681,-8.54914
1.83476,4.12202,32.1627,2.76094,18.8225,-1.92293,1.72958,-8.54344
1.83575,4.09865,32.2829,2.75966,18.8016,-1.92399,1.72831,-8.54344
1.8368,4.07807,32.2256,2.7518,18.7612,-1.89702,1.73471,-8.53237
1.83785,4.05611,32.255,2.74712,18.7307,-1.88379,1.73726,-8.52678
1.83874,4.03478,32.2821,2.74263,18.7009,-1.87052,1.73976,-8.5211
1.83988,4.01328,32.3108,2.73808,18.6715,-1.85747,1.74211,-8.51563
1.84082,3.99186,32.3393,2.73363,18.6422,-1.84438,1.74438,-8.51006
1.84177,3.97033,32.3677,2.72907,18.6132,-1.83126,1.74659,-8.50459
1.84275,3.94887,32.3961,2.72462,18.5843,-1.8181,1.74872,-8.49901
1.8439,3.95213,32.3032,2.72227,18.5764,-1.80383,1.75206,-8.49353
1.84511,3.93081,32.3313,2.71794,18.5478,-1.79057,1.75405,-8.48794
1.84577,3.90942,32.3592,2.71354,18.5194,-1.77727,1.75598,-8.4824
1.84696,3.8874,32.3894,2.709,18.4907,-1.76394,1.75782,-8.4769
1.84807,3.86544,32.4193,2.70454,18.4622,-1.75058,1.75962,-8.47131
1.84883,3.84337,32.4493,2.69996,18.4338,-1.73721,1.76136,-8.46581
1.84978,3.82138,32.479,2.69549,18.4056,-1.72382,1.76304,-8.4602
1.85079,3.7993,32.5086,2.69089,18.3775,-1.7104,1.76468,-8.4547
1.85186,3.7773,32.5381,2.6864,18.3496,-1.69696,1.76626,-8.44908
1.85278,3.7552,32.5674,2.68179,18.3219,-1.68349,1.76779,-8.44357
1.85377,3.73318,32.5966,2.67728,18.2943,-1.66999,1.76926,-8.43795
1.85476,3.73775,32.5036,2.67603,18.2875,-1.6554,1.77198,-8.43244
1.8559,3.71589,32.5324,2.67163,18.2602,-1.64184,1.77336,-8.42681
1.85678,3.69392,32.5611,2.6671,18.233,-1.62825,1.77469,-8.42128
1.85778,3.67144,32.592,2.66257,18.2054,-1.61465,1.77595,-8.41564
1.85881,3.64884,32.6228,2.65788,18.178,-1.60103,1.77718,-8.41011
1.85976,3.62633,32.6534,2.65331,18.1508,-1.58741,1.77836,-8.40447
1.86079,3.60372,32.6839,2.6486,18.1237,-1.57378,1.77951,-8.39893
1.86213,3.57591,32.8067,2.6445,18.103,-1.57484,1.77821,-8.39893
1.86285,3.5591,32.7438,2.63937,18.0704,-1.54675,1.78167,-8.38785
1.86378,3.53091,32.8668,2.63504,18.0498,-1.54781,1.78037,-8.38785
1.86518,3.5428,32.68,2.63456,18.0382,-1.51857,1.78497,-8.37673
1.86578,3.52108,32.7072,2.63017,18.0121,-1.50481,1.78594,-8.37106
1.86678,3.49254,32.8305,2.6256,17.9915,-1.50587,1.78463,-8.37106
1.86777,3.47624,32.7661,2.62097,17.9593,-1.4772,1.78772,-8.35979
1.86879,3.45373,32.7952,2.61624,17.9329,-1.46338,1.78857,-8.3542
1.86979,3.42463,32.9187,2.61132,17.9123,-1.46444,1.78726,-8.3542
1.87078,3.40839,32.8561,2.60667,17.8807,-1.4363,1.79017,-8.34313
1.87171,3.38546,32.8838,2.60367,17.8539,-1.41698,1.79122,-8.33745
1.87293,3.36248,32.9138,2.60348,17.8284,-1.39142,1.79179,-8.33192
1.87379,3.33957,32.9433,2.6034,17.8029,-1.36562,1.7924,-8.32629
1.87528,3.30953,33.0673,2.59788,17.7824,-1.36667,1.79108,-8.32629
1.87587,3.28634,33.0966,2.59759,17.757,-1.3407,1.79168,-8.32075
1.87693,3.29363,33.0014,2.60321,17.7523,-1.3135,1.79357,-8.3151
1.87812,3.27075,33.0282,2.60328,17.7272,-1.28648,1.79416,-8.30943
1.87894,3.24798,33.0548,2.60351,17.7021,-1.25931,1.79473,-8.30365
1.87996,3.23199,32.9875,2.60887,17.672,-1.20568,1.79707,-8.29218
1.881,3.20104,33.1121,2.60276,17.6514,-1.20674,1.79575,-8.29218
1.88201,3.1775,33.1404,2.60235,17.6264,-1.18024,1.79622,-8.28649
1.88288,3.1539,33.1705,2.60191,17.6015,-1.15431,1.79664,-8.28081
1.88378,3.13037,33.1984,2.60157,17.5767,-1.12749,1.79707,-8.27512
1.88481,3.13866,33.1011,2.608,17.5725,-1.09949,1.7988,-8.26932
1.88609,3.11534,33.1285,2.60785,17.5479,-1.07238,1.79918,-8.26361
1.8869,3.09212,33.1556,2.60786,17.5235,-1.04513,1.79953,-8.2578
1.88784,3.06005,33.2808,2.60103,17.503,-1.04618,1.79819,-8.2578
1.88884,3.04428,33.2142,2.60667,17.4741,-0.992434,1.80011,-8.24626
1.88993,3.02035,33.2432,2.60612,17.4497,-0.96588,1.80037,-8.2405
1.89084,2.99658,33.2701,2.60575,17.4253,-0.938446,1.80064,-8.23467
1.89185,2.97276,33.2987,2.60534,17.4011,-0.911598,1.80085,-8.22884
1.89295,2.94883,33.3271,2.60483,17.377,-0.884587,1.80105,-8.22312
1.89401,2.92501,33.3552,2.60448,17.353,-0.857447,1.80121,-8.21729
1.89511,2.93447,33.2573,2.61171,17.3495,-0.829116,1.8027,-8.21156
1.89601,2.91086,33.2849,2.61154,17.3258,-0.801698,1.80282,-8.20571
1.89714,2.88716,33.3123,2.61128,17.3022,-0.774147,1.80291,-8.19997
1.89824,2.86288,33.342,2.61057,17.2782,-0.747575,1.80297,-8.19412
1.89893,2.8385,33.3715,2.60975,17.2543,-0.720866,1.80301,-8.18837
1.90013,2.81423,33.4008,2.6091,17.2306,-0.694025,1.80302,-8.1825
1.90104,2.78989,33.4298,2.60836,17.207,-0.667028,1.80302,-8.17674
1.90183,2.76567,33.4586,2.60779,17.1835,-0.639878,1.803,-8.17087
1.90277,2.74136,33.4872,2.60712,17.1602,-0.612581,1.80296,-8.1651
1.90376,2.71718,33.5156,2.60662,17.1369,-0.585138,1.8029,-8.15921
1.90476,2.68215,33.6423,2.59787,17.1166,-0.586188,1.80155,-8.15921
1.9059,2.66876,33.5716,2.60559,17.0907,-0.529838,1.80272,-8.14753
1.90691,2.67991,33.4723,2.61405,17.0879,-0.500938,1.80396,-8.14173
1.90778,2.6562,33.4978,2.61404,17.065,-0.472206,1.80384,-8.1357
1.9088,2.63218,33.525,2.61369,17.0422,-0.444118,1.80369,-8.1299
1.91001,2.59642,33.6521,2.60445,17.022,-0.445166,1.80233,-8.1299
1.91091,2.58276,33.5837,2.61187,16.9959,-0.389792,1.80329,-8.11815
1.9118,2.55812,33.6129,2.61107,16.9729,-0.362454,1.80306,-8.11221
1.9128,2.53364,33.6399,2.61044,16.95,-0.334224,1.80284,-8.10626
1.91379,2.50957,33.6681,2.61011,16.9277,-0.306249,1.80257,-8.10043
1.91478,2.48538,33.696,2.60966,16.9055,-0.278121,1.8023,-8.0947
1.91583,2.48538,33.696,2.60966,16.9055,-0.278121,1.8023,-8.0947
1.91679,2.4613,33.7237,2.60937,16.8833,-0.249869,1.80201,-8.08884
1.91795,2.43713,33.7512,2.60897,16.8612,-0.221501,1.80169,-8.08308
1.91902,2.41255,33.7789,2.60832,16.8386,-0.193343,1.80138,-8.07707
1.92005,2.3879,33.8065,2.60759,16.8162,-0.165104,1.80103,-8.07116
1.92095,2.36337,33.834,2.60701,16.7939,-0.136752,1.80066,-8.06513
1.92182,2.33875,33.8612,2.60634,16.7716,-0.108279,1.80027,-8.0592
1.92276,2.31425,33.8883,2.60582,16.7494,-0.0796886,1.79987,-8.05316
1.92387,2.32839,33.7864,2.61645,16.7481,-0.0496275,1.80072,-8.04733
1.92518,2.29022,33.9148,2.60563,16.7281,-0.0506731,1.79934,-8.04733
1.92582,2.27963,33.8391,2.61508,16.7037,0.00704444,1.79995,-8.0353
1.92697,2.25453,33.8678,2.6139,16.6812,0.0345984,1.79951,-8.02922
1.92811,2.22966,33.8943,2.61261,16.6588,0.0622208,1.79909,-8.02312
1.929,2.19075,34.0231,2.6013,16.6388,0.0611763,1.79772,-8.02312
1.92982,2.16607,34.0511,2.59964,16.617,0.0871632,1.79726,-8.01716
1.93077,2.14132,34.0791,2.59768,16.5952,0.112702,1.79679,-8.01129
1.93182,2.117,34.1048,2.59589,16.5735,0.138366,1.79631,-8.00517
1.93333,2.09267,34.1306,2.59389,16.5517,0.163632,1.79581,-7.9991
1.93392,2.06831,34.1561,2.59167,16.5301,0.188521,1.7953,-7.99307
1.93493,2.04405,34.1816,2.58941,16.5084,0.213041,1.79477,-7.98692
1.93597,2.05992,34.0776,2.59905,16.5067,0.238249,1.79561,-7.98087
1.93688,2.03587,34.1028,2.59662,16.485,0.26208,1.79505,-7.9747
1.93798,2.01173,34.128,2.59393,16.4634,0.285587,1.79448,-7.96862
1.93908,1.98682,34.1556,2.59094,16.4413,0.308777,1.79387,-7.96243
1.94005,1.94606,34.2853,2.5784,16.4215,0.307736,1.79248,-7.96243
1.94083,1.93694,34.2104,2.5844,16.3973,0.354205,1.79267,-7.95013
1.94182,1.8958,34.3403,2.57162,16.3775,0.353164,1.79128,-7.95013
1.94291,1.88854,34.2618,2.57775,16.3543,0.398059,1.79148,-7.93793
1.94411,1.88854,34.2618,2.57775,16.3543,0.398059,1.79148,-7.93793
1.9448,1.86448,34.2864,2.57431,16.3328,0.419852,1.79087,-7.9318
1.94591,1.84016,34.3129,2.57067,16.3113,0.440972,1.79024,-7.92567
1.94679,1.83243,34.2362,2.57618,16.2872,0.484465,1.79036,-7.91323
1.94785,1.79038,34.3665,2.56278,16.2675,0.483425,1.78897,-7.91323
1.94957,1.78218,34.2917,2.56782,16.2429,0.526021,1.78909,-7.90077
1.95004,1.73976,34.4222,2.55417,16.2233,0.524982,1.7877,-7.90077
1.95083,1.69714,34.5528,2.54039,16.2036,0.523944,1.7863,-7.90077
1.95187,1.70664,34.3718,2.55467,16.1761,0.588108,1.78723,-7.88172
1.95276,1.6825,34.3957,2.55049,16.1543,0.608405,1.78666,-7.8753
1.95413,1.6825,34.3957,2.55049,16.1543,0.608405,1.78666,-7.8753
1.95507,1.67598,34.3205,2.55521,16.1305,0.647864,1.78685,-7.86307
1.95581,1.63263,34.4514,2.54094,16.1109,0.646826,1.78544,-7.86307
1.95682,1.62508,34.3785,2.54517,16.0863,0.686068,1.78562,-7.85065
1.9578,1.58136,34.5097,2.53065,16.0667,0.685031,1.78421,-7.85065
1.95888,1.57429,34.4359,2.53484,16.0422,0.723677,1.78443,-7.8382
1.96005,1.57429,34.4359,2.53484,16.0422,0.723677,1.78443,-7.8382
1.9613,1.52362,34.4926,2.52427,15.9983,0.760753,1.78326,-7.8257
1.96179,1.47916,34.624,2.50925,15.9788,0.759717,1.78185,-7.8257
1.96284,1.49754,34.5221,2.51861,15.976,0.779289,1.78267,-7.81943
1.96417,1.4529,34.6537,2.50346,15.9565,0.778254,1.78126,-7.81943
1.96487,1.44601,34.5787,2.50743,15.9314,0.816324,1.78157,-7.80665
1.96618,1.42054,34.6059,2.50194,15.9092,0.834876,1.78102,-7.80014
1.9673,1.39501,34.6328,2.49627,15.887,0.853313,1.78049,-7.79374
1.96878,1.34334,34.6902,2.48444,15.8428,0.889097,1.77943,-7.78107
1.97,1.31705,34.7191,2.47839,15.8204,0.907203,1.7789,-7.77455
1.97102,1.29071,34.748,2.47216,15.7979,0.925187,1.77839,-7.76813
1.9718,1.26504,34.7761,2.46612,15.776,0.942708,1.7779,-7.76174
1.97288,1.23937,34.8041,2.45999,15.7541,0.960148,1.77741,-7.7554
1.97419,1.26018,34.6994,2.47017,15.7516,0.97854,1.77834,-7.7491
1.97494,1.2348,34.727,2.46415,15.7298,0.995835,1.77785,-7.74268
1.97605,1.20882,34.7549,2.45785,15.7075,1.01342,1.77736,-7.73623
1.97699,1.18252,34.7847,2.45139,15.6853,1.03057,1.77687,-7.7298
1.97785,1.15615,34.8143,2.44475,15.6632,1.04763,1.77638,-7.72347
1.97883,1.12991,34.8437,2.4382,15.6411,1.06461,1.77591,-7.71703
1.97979,1.10418,34.8725,2.43164,15.6196,1.08118,1.77545,-7.71081
1.98082,1.07858,34.901,2.42517,15.598,1.09771,1.77498,-7.70447
1.98222,1.1007,34.7964,2.43585,15.5957,1.11523,1.77594,-7.69822
1.98285,1.02734,34.9576,2.41205,15.555,1.13066,1.77404,-7.69184
1.98403,1.00117,34.9861,2.40526,15.5331,1.14743,1.77356,-7.68542
1.98509,0.975661,35.014,2.39868,15.5117,1.16382,1.7731,-7.67901
1.98591,0.949535,35.0422,2.39184,15.4898,1.18052,1.77262,-7.67256
1.98708,0.972255,34.9368,2.403,15.487,1.19821,1.77358,-7.666
1.98791,0.946918,34.9641,2.39636,15.4656,1.21449,1.77313,-7.65966
1.98876,0.898013,35.0976,2.37831,15.4466,1.21346,1.77169,-7.65966
1.98977,0.894346,35.0233,2.38234,15.4221,1.24697,1.77217,-7.64683
1.99075,0.84507,35.1569,2.36404,15.4031,1.24594,1.77073,-7.64683
1.99177,0.841375,35.0822,2.36808,15.3783,1.27961,1.77124,-7.63382
1.99297,0.791728,35.216,2.34951,15.3594,1.27858,1.7698,-7.63382
1.99375,0.765919,35.243,2.34261,15.3377,1.29503,1.76937,-7.62719
1.9949,0.789598,35.1378,2.35414,15.3351,1.31215,1.77035,-7.62078
1.99571,0.7881,35.057,2.35921,15.3104,1.34631,1.77092,-7.60742
1.99703,0.737898,35.1911,2.34025,15.2915,1.34528,1.76948,-7.60742
1.99795,0.711364,35.2198,2.333,15.2696,1.36165,1.76904,-7.60075
1.99895,0.684251,35.2505,2.32531,15.2478,1.37762,1.76859,-7.59431
1.99982,0.65672,35.2814,2.31757,15.2255,1.39388,1.76815,-7.58763
2.00076,0.630206,35.3096,2.31009,15.2038,1.41009,1.76775,-7.58106
2.00212,0.603842,35.3376,2.30274,15.1821,1.42629,1.76735,-7.57437
2.00285,0.577439,35.3653,2.29526,15.1605,1.44246,1.76695,-7.56778
2.00378,0.602668,35.2583,2.30772,15.1576,1.45965,1.76801,-7.56108
2.00479,0.57652,35.2856,2.30033,15.136,1.47579,1.76762,-7.55447
2.00584,0.550495,35.3128,2.29304,15.1144,1.49192,1.76723,-7.54775
2.00677,0.523332,35.3424,2.28519,15.0925,1.50803,1.76682,-7.54112
2.00772,0.496293,35.3717,2.27742,15.0706,1.5241,1.76644,-7.53439
2.00879,0.469201,35.4009,2.26951,15.0488,1.54014,1.76606,-7.52775
2.00981,0.44282,35.4294,2.26185,15.0275,1.55582,1.76569,-7.52114
2.01083,0.415872,35.4582,2.25398,15.0058,1.57182,1.76531,-7.51444
2.01194,0.38893,35.4868,2.24604,14.9842,1.58779,1.76495,-7.50778
2.01276,0.362119,35.5151,2.23819,14.9626,1.60376,1.76459,-7.50101
2.01397,0.388435,35.408,2.25124,14.9596,1.62072,1.76569,-7.49433
2.01488,0.335261,35.5433,2.23022,14.941,1.6197,1.76423,-7.49433
2.01594,0.335863,35.4632,2.23579,14.917,1.65227,1.76498,-7.48097
2.01676,0.282318,35.5986,2.21451,14.8985,1.65125,1.76353,-7.48097
2.01793,0.254565,35.6289,2.20618,14.8767,1.66716,1.76315,-7.47415
2.01888,0.227305,35.6583,2.19783,14.8553,1.68272,1.7628,-7.46757
2.01978,0.199626,35.6882,2.18945,14.8336,1.69859,1.76244,-7.46074
2.02105,0.199626,35.6882,2.18945,14.8336,1.69859,1.76244,-7.46074
2.02233,0.174176,35.6331,2.18731,14.7879,1.7475,1.76292,-7.44026
2.02279,0.174176,35.6331,2.18731,14.7879,1.7475,1.76292,-7.44026
2.02394,0.147443,35.6599,2.17933,14.7663,1.76367,1.76261,-7.43327
2.02536,0.120099,35.6871,2.17107,14.7444,1.78016,1.76229,-7.42623
2.02581,0.120793,35.6079,2.17672,14.7198,1.81276,1.76313,-7.41262
2.02699,0.0655739,35.7441,2.15426,14.7015,1.81175,1.76166,-7.41262
2.0284,0.0378593,35.7728,2.14574,14.6797,1.82784,1.76135,-7.40561
2.02922,0.0101015,35.8029,2.13692,14.6585,1.84324,1.76104,-7.39899
2.03012,-0.0169411,35.8307,2.12852,14.6373,1.85896,1.76075,-7.39211
2.03076,-0.0440112,35.8584,2.12001,14.6162,1.87466,1.76046,-7.38533
2.03175,0.0145672,35.6398,2.14948,14.6103,1.90812,1.76281,-7.37161
2.0328,-0.0415848,35.7763,2.12635,14.5922,1.90711,1.76134,-7.37161
2.03406,-0.0682499,35.8033,2.11807,14.5711,1.92283,1.76105,-7.36468
2.03474,-0.0677825,35.7272,2.12356,14.5465,1.95491,1.76189,-7.35103
2.03576,-0.124493,35.8639,2.10004,14.5284,1.9539,1.76042,-7.35103
2.03674,-0.152282,35.8929,2.09112,14.5072,1.96956,1.76013,-7.34418
2.03781,-0.180504,35.9237,2.08198,14.486,1.98488,1.75982,-7.33735
2.03876,-0.208164,35.9521,2.07303,14.4649,2.00051,1.75954,-7.33048
2.03981,-0.235661,35.9804,2.06421,14.4438,2.01613,1.75926,-7.32349
2.04082,-0.26319,36.0083,2.05528,14.4228,2.03176,1.75899,-7.3166
2.0418,-0.290573,36.0361,2.04645,14.4019,2.04738,1.75871,-7.30959
2.04275,-0.287651,35.9542,2.05308,14.3776,2.07994,1.75966,-7.29551
2.04399,-0.34585,36.0915,2.0285,14.3597,2.07893,1.75818,-7.29551
2.04488,-0.314795,35.9813,2.04425,14.3568,2.09556,1.75939,-7.28859
2.04579,-0.342427,36.0103,2.03518,14.336,2.11085,1.75911,-7.28169
2.04688,-0.36948,36.037,2.02633,14.3153,2.12646,1.75885,-7.27473
2.04782,-0.366758,35.9574,2.03289,14.2909,2.15868,1.75976,-7.26064
2.04948,-0.425706,36.095,2.00777,14.2732,2.15767,1.75828,-7.26064
2.05085,-0.39468,35.986,2.02364,14.27,2.17427,1.75949,-7.25366
2.0517,-0.513129,36.2615,1.97301,14.2345,2.17225,1.75653,-7.25366
2.05354,-0.420778,35.9378,2.02054,14.2243,2.22191,1.76018,-7.23246
2.05391,-0.539983,36.2136,1.96936,14.189,2.21989,1.75721,-7.23246
2.05501,-0.509729,36.1065,1.98504,14.1852,2.23671,1.75843,-7.22532
2.05609,-0.629666,36.3825,1.93334,14.15,2.2347,1.75546,-7.22532
2.05707,-0.532814,36.0477,1.98348,14.1394,2.28602,1.75934,-7.2033
2.05783,-0.653509,36.324,1.93123,14.1043,2.28401,1.75637,-7.2033
2.05867,-0.588667,36.102,1.96475,14.0974,2.31784,1.75897,-7.18881
2.05972,-0.649297,36.2403,1.93841,14.0799,2.31683,1.75748,-7.18881
2.06049,-0.584786,36.0217,1.97172,14.0732,2.34992,1.76005,-7.17461
2.0615,-0.706612,36.2984,1.91863,14.0383,2.34791,1.75708,-7.17461
2.06267,-0.736168,36.3297,1.90823,14.0175,2.36326,1.75685,-7.16763
2.06326,-0.736168,36.3297,1.90823,14.0175,2.36326,1.75685,-7.16763
2.06375,-0.734013,36.2531,1.91431,13.993,2.39518,1.75792,-7.1534
2.06483,-0.762405,36.2812,1.90447,13.9723,2.41074,1.75777,-7.14616
2.06575,-0.791389,36.3097,1.89437,13.9513,2.42662,1.7576,-7.13888
2.06677,-0.82023,36.3393,1.8842,13.9309,2.44185,1.75742,-7.13178
2.06774,-0.848501,36.3683,1.87409,13.911,2.45674,1.75724,-7.12491
2.06878,-0.877205,36.3975,1.86393,13.8907,2.47196,1.75705,-7.11778
2.06988,-0.843425,36.2875,1.88136,13.8877,2.48817,1.75836,-7.11073
2.07086,-0.871803,36.3161,1.87135,13.8675,2.50339,1.75817,-7.10356
2.0718,-0.900205,36.3445,1.86122,13.8473,2.51862,1.75798,-7.09648
2.07276,-0.929727,36.3753,1.85065,13.8268,2.53384,1.75776,-7.08928
2.07414,-0.959269,36.4058,1.83995,13.8064,2.54904,1.75755,-7.08218
2.07478,-0.988642,36.4361,1.82936,13.7861,2.56422,1.75735,-7.07496
2.07579,-1.01801,36.4661,1.81867,13.7659,2.57939,1.75716,-7.06784
2.0771,-0.983572,36.3564,1.83662,13.7628,2.59555,1.75846,-7.0606
2.07789,-1.01258,36.3857,1.82609,13.7427,2.61071,1.75827,-7.05346
2.08009,-1.1054,36.5542,1.78687,13.7056,2.62486,1.75658,-7.0462
2.08106,-1.13513,36.5852,1.77582,13.6857,2.6397,1.75636,-7.03917
2.0818,-1.129,36.5045,1.78343,13.663,2.67067,1.75746,-7.02483
2.08273,-1.19356,36.6442,1.75422,13.6461,2.66967,1.75596,-7.02483
2.08384,-1.18668,36.5623,1.76224,13.6235,2.70069,1.75704,-7.01036
2.08477,-1.18668,36.5623,1.76224,13.6235,2.70069,1.75704,-7.01036
2.08592,-1.21512,36.5897,1.75177,13.6039,2.71587,1.75685,-7.00311
2.08733,-1.20843,36.5087,1.75974,13.5811,2.74696,1.7579,-6.98859
2.08782,-1.27374,36.6486,1.72997,13.5644,2.74596,1.7564,-6.98859
2.08887,-1.26759,36.5674,1.73783,13.541,2.77764,1.75747,-6.97374
2.08993,-1.33328,36.7075,1.70778,13.5243,2.77664,1.75596,-6.97374
2.09082,-1.3639,36.7389,1.69624,13.5041,2.7918,1.75574,-6.96633
2.09182,-1.29068,36.5172,1.73463,13.4983,2.82375,1.75836,-6.95175
2.0932,-1.35675,36.6574,1.70429,13.4816,2.82275,1.75686,-6.95175
2.09429,-1.38565,36.6853,1.69342,13.4621,2.8379,1.75666,-6.94442
2.09482,-1.41647,36.7177,1.68162,13.4423,2.85274,1.75642,-6.93712
2.09633,-1.44789,36.7502,1.6695,13.4222,2.86785,1.7562,-6.92976
2.09744,-1.47837,36.7803,1.65792,13.4022,2.88323,1.75602,-6.92216
2.09773,-1.54536,36.9208,1.62691,13.3856,2.88224,1.75451,-6.92216
2.1,-1.50074,36.7272,1.65478,13.3598,2.92974,1.757,-6.89983
2.10077,-1.56812,36.8678,1.62347,13.3434,2.92875,1.75549,-6.89983
2.10178,-1.55776,36.7792,1.6332,13.3211,2.96051,1.75671,-6.88469
2.10277,-1.58687,36.8071,1.62206,13.3019,2.97562,1.75653,-6.87719
2.10377,-1.61679,36.8369,1.61033,13.2827,2.99041,1.75632,-6.86994
2.10508,-1.64656,36.8664,1.59873,13.2636,3.0052,1.75613,-6.86257
2.1062,-1.71487,37.0073,1.56673,13.2473,3.00421,1.75461,-6.86257
2.10688,-1.70591,36.9247,1.57545,13.2255,3.03481,1.75572,-6.84787
2.10811,-1.7746,37.0657,1.54318,13.2093,3.03382,1.75421,-6.84787
2.10941,-1.73612,36.9539,1.56358,13.2062,3.04994,1.75552,-6.84039
2.11009,-1.76537,36.9807,1.55228,13.1869,3.06537,1.75535,-6.83265
2.11085,-1.79541,37.0094,1.54044,13.1676,3.08052,1.75515,-6.82515
2.1119,-1.78553,36.923,1.54999,13.145,3.11245,1.75631,-6.80972
2.11277,-1.81504,36.9508,1.53841,13.1259,3.12759,1.75614,-6.8021
2.11383,-1.87256,36.9839,1.50717,13.1076,3.1427,1.75575,-6.79464
2.11479,-1.94238,37.1252,1.47403,13.0915,3.14171,1.75424,-6.79464
2.11578,-1.99233,37.0506,1.44037,13.0701,3.17187,1.75577,-6.78023
2.11681,-2.05276,37.0839,1.40672,13.0514,3.18693,1.75573,-6.77299
2.11777,-2.12314,37.2254,1.37316,13.0354,3.18594,1.75421,-6.77299
2.11896,-2.10099,37.0069,1.37374,13.0313,3.21754,1.75721,-6.75918
2.11987,-2.16061,37.0392,1.34033,13.0131,3.2327,1.75721,-6.75225
2.12076,-2.23138,37.1808,1.30647,12.9972,3.23171,1.75569,-6.75225
2.12187,-2.27921,37.1028,1.27367,12.9772,3.2631,1.75725,-6.73861
2.12274,-2.35035,37.2446,1.23954,12.9614,3.26212,1.75573,-6.73861
2.12375,-2.39699,37.1652,1.20745,12.9416,3.29395,1.75733,-6.72509
2.12482,-2.4685,37.3071,1.17304,12.9258,3.29296,1.7558,-6.72509
2.1259,-2.50997,37.227,1.14412,12.9067,3.32418,1.75744,-6.71201
2.12679,-2.58185,37.369,1.10942,12.891,3.3232,1.75591,-6.71201
2.12792,-2.6372,37.398,1.07836,12.8737,3.33853,1.75597,-6.7055
2.12925,-2.6372,37.398,1.07836,12.8737,3.33853,1.75597,-6.7055
2.12991,-2.67219,37.3141,1.05343,12.8554,3.36966,1.75756,-6.69269
2.13076,-2.72495,37.3417,1.02411,12.8384,3.38514,1.75758,-6.68611
2.1319,-2.77816,37.3694,0.994574,12.821,3.40095,1.7576,-6.67951
2.13296,-2.82986,37.3984,0.965983,12.8041,3.41617,1.7576,-6.67308
2.13379,-2.88205,37.4274,0.93717,12.7869,3.43173,1.75758,-6.66662
2.13487,-2.86025,37.3138,0.944606,12.7852,3.44827,1.7591,-6.66007
2.13607,-2.90985,37.3414,0.917288,12.7684,3.46354,1.75909,-6.65374
2.13689,-2.98322,37.4838,0.881446,12.753,3.46256,1.75756,-6.65374
2.13783,-2.93739,37.2592,0.89808,12.7494,3.49543,1.76051,-6.64082
2.139,-2.98728,37.289,0.870989,12.732,3.51102,1.76047,-6.63423
2.13987,-3.06104,37.4315,0.834842,12.7167,3.51004,1.75894,-6.63423
2.14163,-3.11015,37.4586,0.808071,12.6995,3.52596,1.75893,-6.62762
2.14221,-3.16043,37.4904,0.780902,12.682,3.54156,1.75886,-6.62102
2.14302,-3.13444,37.3762,0.791212,12.6802,3.5581,1.76038,-6.61453
2.14407,-3.15631,37.2903,0.775973,12.6608,3.59084,1.76186,-6.60114
2.14484,-3.23083,37.4331,0.739237,12.6456,3.58986,1.76033,-6.60114
2.14584,-3.27808,37.4609,0.713831,12.6284,3.60572,1.76031,-6.59439
2.14702,-3.32586,37.493,0.688145,12.6113,3.62092,1.76024,-6.58799
2.14784,-3.3449,37.411,0.674915,12.5921,3.65281,1.76169,-6.57478
2.14914,-3.42015,37.554,0.637613,12.577,3.65184,1.76016,-6.57478
2.15011,-3.4657,37.5826,0.613255,12.5602,3.66729,1.76012,-6.56809
2.15109,-3.43574,37.4699,0.626397,12.5585,3.68339,1.76159,-6.5616
2.15219,-3.48007,37.4975,0.602788,12.5417,3.69883,1.76155,-6.55485
2.15322,-3.52401,37.5249,0.579374,12.525,3.71428,1.7615,-6.54817
2.15409,-3.59999,37.668,0.541503,12.5101,3.7133,1.75997,-6.54817
2.15513,-3.56886,37.5547,0.555638,12.508,3.72974,1.76142,-6.54135
2.15618,-3.68882,37.7268,0.494296,12.4766,3.74388,1.75982,-6.53474
2.15706,-3.73146,37.7531,0.471686,12.46,3.75933,1.75977,-6.52785
2.15793,-3.69846,37.6386,0.487013,12.458,3.77577,1.76121,-6.52098
2.15878,-3.74011,37.6642,0.464965,12.4416,3.79123,1.76116,-6.51413
2.15971,-3.78127,37.6895,0.443304,12.4251,3.80672,1.76108,-6.50714
2.16082,-3.82361,37.7174,0.421041,12.4084,3.82223,1.76098,-6.50021
2.1618,-3.86546,37.7449,0.399116,12.3917,3.83774,1.76088,-6.49314
2.16274,-3.90703,37.7721,0.377309,12.375,3.85324,1.76078,-6.48614
2.16372,-3.98467,37.9157,0.338156,12.3603,3.85227,1.75924,-6.48614
2.16476,-4.02593,37.9426,0.316557,12.3437,3.86778,1.75914,-6.47901
2.16579,-4.10391,38.0862,0.277145,12.3291,3.86681,1.7576,-6.47901
2.1668,-4.14423,38.1125,0.255889,12.3129,3.88201,1.7575,-6.47208
2.16782,-4.18257,38.1356,0.235731,12.2971,3.89725,1.75742,-6.465
2.16876,-4.18257,38.1356,0.235731,12.2971,3.89725,1.75742,-6.465
2.16979,-4.21915,38.1557,0.216454,12.2816,3.91256,1.75733,-6.45796
2.17107,-4.29786,38.2995,0.176496,12.2671,3.91159,1.75579,-6.45796
2.17184,-4.33426,38.3195,0.157404,12.2515,3.927,1.75566,-6.45075
2.1728,-4.37053,38.3395,0.13838,12.2359,3.9425,1.75553,-6.44357
2.17383,-4.40567,38.3568,0.120106,12.2202,3.95839,1.7554,-6.43608
2.17479,-4.44068,38.3742,0.101909,12.2044,3.97438,1.75525,-6.42863
2.17593,-4.47538,38.3915,0.0839978,12.1885,3.99047,1.75509,-6.42102
2.17677,-4.55516,38.5354,0.0432073,12.1742,3.98951,1.75354,-6.42102
2.17796,-4.58923,38.5524,0.0254958,12.1586,4.00535,1.75337,-6.41359
2.17904,-4.62303,38.5694,0.00805404,12.1429,4.02128,1.75317,-6.406
2.17976,-4.57556,38.4398,0.0323664,12.1414,4.03859,1.75454,-6.3983
2.18077,-4.60798,38.4543,0.0158753,12.1255,4.05504,1.75435,-6.39042
2.18195,-4.68849,38.5984,-0.0254906,12.1113,4.05408,1.7528,-6.39042
2.18284,-4.67404,38.4862,-0.0176146,12.093,4.08822,1.75391,-6.37459
2.18378,-4.70769,38.5035,-0.0346474,12.0765,4.10489,1.75369,-6.36665
2.18477,-4.74018,38.5183,-0.0509165,12.0599,4.12195,1.75351,-6.3584
2.18579,-4.77351,38.5358,-0.0677009,12.0433,4.13873,1.75329,-6.35037
2.1868,-4.80659,38.5531,-0.0842696,12.0266,4.15555,1.7531,-6.34219
2.1879,-4.83961,38.5705,-0.100843,12.0099,4.17239,1.75291,-6.33408
2.18879,-4.87237,38.5879,-0.117191,11.9932,4.18927,1.75274,-6.32582
2.18973,-4.9044,38.6049,-0.133284,11.9768,4.20584,1.75257,-6.31779
2.19079,-4.9044,38.6049,-0.133284,11.9768,4.20584,1.75257,-6.31779
2.19184,-4.93619,38.6219,-0.149156,11.9604,4.22247,1.75241,-6.3096
2.19276,-4.91758,38.5116,-0.137977,11.9408,4.25715,1.75365,-6.293
2.19381,-4.95018,38.529,-0.154029,11.9236,4.27457,1.75352,-6.28444
2.19484,-4.98284,38.5487,-0.170213,11.9067,4.29131,1.75338,-6.27608
2.19598,-5.01607,38.5686,-0.186627,11.8894,4.3084,1.75326,-6.26757
2.19687,-5.09915,38.7132,-0.230052,11.8757,4.30744,1.75171,-6.26757
2.1978,-5.08135,38.6078,-0.218932,11.8554,4.34222,1.75308,-6.25062
2.19878,-5.11249,38.6245,-0.2343,11.8385,4.35931,1.75305,-6.24207
2.19979,-5.11249,38.6245,-0.2343,11.8385,4.35931,1.75305,-6.24207
2.20083,-5.09234,38.518,-0.221786,11.8184,4.39382,1.75449,-6.22509
2.2018,-5.1244,38.5373,-0.237475,11.8013,4.41095,1.75446,-6.21632
2.20277,-5.20842,38.6822,-0.281662,11.7878,4.40999,1.75291,-6.21632
2.20384,-5.19011,38.5806,-0.269959,11.767,4.44448,1.7544,-6.19914
2.20576,-5.22179,38.5996,-0.285545,11.75,4.46157,1.75443,-6.19039
2.20681,-5.22179,38.5996,-0.285545,11.75,4.46157,1.75443,-6.19039
2.20822,-5.28715,38.6423,-0.317792,11.7157,4.4954,1.75447,-6.17287
2.20937,-5.28715,38.6423,-0.317792,11.7157,4.4954,1.75447,-6.17287
2.21055,-5.35317,38.6852,-0.350262,11.6809,4.52981,1.75461,-6.15492
2.21145,-5.35317,38.6852,-0.350262,11.6809,4.52981,1.75461,-6.15492
2.21266,-5.41847,38.7275,-0.382452,11.6463,4.5641,1.75482,-6.13693
2.21347,-5.41847,38.7275,-0.382452,11.6463,4.5641,1.75482,-6.13693
2.2145,-5.53765,38.8941,-0.444415,11.6155,4.58077,1.75341,-6.12761
2.21557,-5.53765,38.8941,-0.444415,11.6155,4.58077,1.75341,-6.12761
2.21651,-5.37723,38.5206,-0.355156,11.6027,4.63552,1.75864,-6.1002
2.21761,-5.54953,38.8113,-0.447014,11.5767,4.63362,1.75553,-6.1002
2.21822,-5.43995,38.5589,-0.385824,11.5681,4.67042,1.75913,-6.08163
2.21941,-5.55745,38.7223,-0.447114,11.5378,4.68725,1.75784,-6.0721
2.22012,-5.55745,38.7223,-0.447114,11.5378,4.68725,1.75784,-6.0721
2.22166,-5.62592,38.7728,-0.481401,11.5032,4.72087,1.75828,-6.05406
2.2224,-5.62592,38.7728,-0.481401,11.5032,4.72087,1.75828,-6.05406
2.22318,-5.66027,38.798,-0.498645,11.4858,4.73775,1.75853,-6.045
2.22378,-5.63814,38.697,-0.484288,11.4645,4.77262,1.76068,-6.02658
2.22475,-5.66994,38.7187,-0.500182,11.4477,4.78936,1.761,-6.0174
2.22575,-5.70163,38.7401,-0.5161,11.431,4.80608,1.76131,-6.0083
2.22674,-5.73409,38.7637,-0.532486,11.4145,4.82244,1.76159,-5.99926
2.22812,-5.82216,38.9094,-0.579992,11.4018,4.82149,1.76003,-5.99926
2.22883,-5.79862,38.8103,-0.565205,11.3815,4.85505,1.76218,-5.98121
2.22979,-5.83063,38.8333,-0.581461,11.3651,4.87132,1.76247,-5.97215
2.23082,-5.86147,38.8536,-0.597043,11.3488,4.88793,1.76281,-5.96293
2.23186,-5.89311,38.8762,-0.613092,11.3325,4.90421,1.7631,-5.95376
2.23275,-5.86684,38.7748,-0.596705,11.3126,4.93766,1.76525,-5.93543
2.2338,-5.95603,38.9206,-0.645143,11.3002,4.93672,1.7637,-5.93543
2.23477,-5.89794,38.7967,-0.612546,11.2964,4.95391,1.76555,-5.92628
2.23575,-5.9299,38.8208,-0.628898,11.2804,4.96983,1.76582,-5.91717
2.23684,-5.9607,38.8423,-0.644626,11.2643,4.98605,1.76613,-5.90796
2.23783,-5.993,38.8664,-0.661093,11.248,5.00229,1.7664,-5.8986
2.23874,-6.02523,38.8902,-0.677627,11.2318,5.01849,1.76669,-5.88933
2.23971,-6.05721,38.9139,-0.693994,11.2157,5.03468,1.76699,-5.87994
2.24081,-6.08911,38.9372,-0.71041,11.1996,5.05084,1.76729,-5.87063
2.2418,-6.12075,38.9603,-0.726651,11.1836,5.067,1.7676,-5.8612
2.24277,-6.21139,39.1064,-0.776289,11.1715,5.06606,1.76604,-5.8612
2.24376,-6.18363,39.0058,-0.75906,11.1517,5.09927,1.76822,-5.84237
2.24476,-6.21488,39.0282,-0.775232,11.1359,5.1154,1.76853,-5.83298
2.24646,-6.24478,39.0479,-0.790529,11.1201,5.13185,1.76888,-5.82327
2.24736,-6.18435,38.9237,-0.756299,11.1163,5.14893,1.77075,-5.81383
2.24822,-6.27573,39.0699,-0.806578,11.1044,5.148,1.76919,-5.81383
2.24874,-6.24541,38.9669,-0.787858,11.0849,5.1812,1.77138,-5.79477
2.24978,-6.27634,38.9886,-0.803743,11.0689,5.19767,1.77171,-5.78497
2.25074,-6.30721,39.0101,-0.819695,11.053,5.21412,1.77205,-5.77525
2.25173,-6.339,39.0339,-0.83622,11.0372,5.23023,1.77236,-5.76561
2.25291,-6.37073,39.0574,-0.852825,11.0215,5.24631,1.77268,-5.75606
2.25373,-6.40221,39.0807,-0.869268,11.0058,5.26237,1.773,-5.74639
2.25493,-6.43363,39.1038,-0.885767,10.9902,5.27841,1.77333,-5.73681
2.25587,-6.4648,39.1265,-0.902097,10.9746,5.29445,1.77367,-5.7271
2.25691,-6.4959,39.1491,-0.918486,10.9592,5.31047,1.77401,-5.71748
2.25779,-6.43353,39.0249,-0.882872,10.9553,5.32743,1.77591,-5.70773
2.25878,-6.55755,39.1934,-0.950989,10.9284,5.34252,1.7747,-5.69807
2.25981,-6.49454,39.0687,-0.914968,10.9246,5.35947,1.7766,-5.68828
2.26091,-6.52663,39.0932,-0.931928,10.909,5.37548,1.77692,-5.67851
2.26188,-6.55682,39.1144,-0.947923,10.8938,5.39147,1.7773,-5.66879
2.26292,-6.58859,39.1384,-0.964735,10.8783,5.40747,1.77762,-5.65894
2.26392,-6.62028,39.1621,-0.981619,10.8629,5.42344,1.77797,-5.64918
2.26481,-6.65174,39.1855,-0.998345,10.8476,5.43939,1.77833,-5.6393
2.2658,-6.68312,39.2087,-1.01513,10.8324,5.45533,1.77869,-5.62951
2.26679,-6.71425,39.2315,-1.03175,10.8172,5.47126,1.77906,-5.6196
2.26782,-6.74531,39.2542,-1.04843,10.8021,5.48718,1.77943,-5.60978
2.26894,-6.77613,39.2765,-1.06494,10.787,5.50309,1.7798,-5.59983
2.26995,-6.71165,39.1519,-1.02796,10.7831,5.51993,1.78174,-5.58997
2.27116,-6.74199,39.1737,-1.04422,10.7682,5.53585,1.78212,-5.57998
2.27206,-6.8374,39.3205,-1.09792,10.7571,5.53492,1.78055,-5.57998
2.27278,-6.80419,39.2196,-1.07772,10.7381,5.56768,1.78285,-5.56005
2.27383,-6.83666,39.2439,-1.09522,10.7227,5.58388,1.78324,-5.54991
2.27601,-6.86705,39.2651,-1.11155,10.7076,5.60005,1.78367,-5.53968
2.27691,-6.73729,39.0179,-1.03679,10.6996,5.63358,1.78758,-5.51968
2.2779,-6.92983,39.3118,-1.14572,10.6778,5.63174,1.78445,-5.51968
2.27847,-6.92983,39.3118,-1.14572,10.6778,5.63174,1.78445,-5.51968
2.27966,-6.99326,39.3581,-1.18019,10.6477,5.66398,1.78529,-5.49923
2.28061,-6.99326,39.3581,-1.18019,10.6477,5.66398,1.78529,-5.49923
2.28146,-7.12488,39.5331,-1.25432,10.6218,5.67882,1.78409,-5.48926
2.28232,-6.99235,39.2833,-1.17791,10.6139,5.71236,1.78813,-5.46902
2.28271,-7.08959,39.4303,-1.2332,10.6032,5.71144,1.78657,-5.46902
2.28387,-7.12051,39.4522,-1.25016,10.5885,5.72747,1.78702,-5.45872
2.28473,-7.08157,39.3449,-1.22693,10.5704,5.76014,1.78949,-5.43837
2.28583,-7.17935,39.4919,-1.28268,10.5599,5.75922,1.78793,-5.43837
2.28675,-7.14204,39.3886,-1.26059,10.5419,5.7913,1.79033,-5.41832
2.28772,-7.17151,39.4089,-1.27701,10.5276,5.80704,1.79077,-5.40821
2.28876,-7.20202,39.4315,-1.29408,10.5135,5.82249,1.79116,-5.39815
2.28974,-7.30051,39.5786,-1.35045,10.5031,5.82158,1.7896,-5.39815
2.29075,-7.26276,39.4759,-1.32822,10.4853,5.85341,1.79197,-5.37805
2.29173,-7.19278,39.348,-1.28767,10.4815,5.87012,1.79398,-5.36774
2.29281,-7.22268,39.3697,-1.3045,10.4674,5.88564,1.79437,-5.35766
2.29384,-7.2543,39.3939,-1.32229,10.4532,5.90116,1.79475,-5.34744
2.29476,-7.28587,39.4179,-1.34014,10.4389,5.91665,1.79516,-5.33731
2.29584,-7.38529,39.565,-1.39733,10.4288,5.91573,1.79359,-5.33731
2.29678,-7.41676,39.5887,-1.41517,10.4146,5.93122,1.794,-5.32705
2.2978,-7.44817,39.612,-1.43307,10.4006,5.9467,1.79441,-5.31687
2.29877,-7.40774,39.5057,-1.4091,10.3826,5.97922,1.79689,-5.29594
2.29971,-7.43715,39.5258,-1.42572,10.3687,5.99506,1.79735,-5.28538
2.30074,-7.53745,39.673,-1.48369,10.3587,5.99415,1.79578,-5.28538
2.30173,-7.49827,39.5702,-1.46069,10.3409,6.02609,1.7982,-5.26474
2.30271,-7.59893,39.7175,-1.51897,10.331,6.02518,1.79664,-5.26474
2.30372,-7.45668,39.4639,-1.43614,10.3232,6.05839,1.80068,-5.2438
2.30479,-7.48533,39.4827,-1.45251,10.3094,6.07426,1.80117,-5.23323
2.30575,-7.58638,39.6301,-1.51115,10.2996,6.07335,1.7996,-5.23323
2.30677,-7.61826,39.6542,-1.52949,10.2856,6.08893,1.80001,-5.22275
2.30779,-7.65011,39.6779,-1.54794,10.2717,6.10446,1.80046,-5.21236
2.30872,-7.6804,39.6989,-1.56536,10.2578,6.12029,1.80096,-5.20165
2.30972,-7.63929,39.5932,-1.54099,10.2396,6.15321,1.80352,-5.18007
2.31077,-7.66901,39.6133,-1.55821,10.2259,6.16905,1.80403,-5.16943
2.31172,-7.69981,39.6358,-1.57615,10.2123,6.18456,1.80451,-5.15889
2.31285,-7.73057,39.658,-1.59418,10.1987,6.20006,1.805,-5.14844
2.31372,-7.76109,39.68,-1.61204,10.1852,6.21556,1.8055,-5.13786
2.31476,-7.76109,39.68,-1.61204,10.1852,6.21556,1.8055,-5.13786
2.31579,-7.79154,39.7016,-1.62997,10.1717,6.23106,1.806,-5.12735
2.31735,-7.82175,39.723,-1.64773,10.1583,6.24656,1.8065,-5.11672
2.31839,-7.77991,39.6182,-1.62316,10.1404,6.2791,1.80913,-5.09508
2.3193,-7.77991,39.6182,-1.62316,10.1404,6.2791,1.80913,-5.09508
2.32034,-7.91426,39.787,-1.70197,10.1172,6.29433,1.80812,-5.08409
2.32124,-7.87358,39.6839,-1.6781,10.099,6.3271,1.8108,-5.06222
2.32233,-7.97732,39.8314,-1.73913,10.0898,6.3262,1.80924,-5.06222
2.3228,-8.00988,39.8547,-1.75831,10.076,6.34225,1.80982,-5.05113
2.32396,-7.96767,39.7498,-1.73376,10.0581,6.37483,1.81259,-5.02936
2.32479,-7.99684,39.769,-1.7512,10.045,6.39048,1.81321,-5.0185
2.32579,-8.10128,39.9165,-1.81287,10.036,6.38958,1.81165,-5.0185
2.32678,-7.95288,39.6643,-1.72597,10.0279,6.42208,1.81592,-4.99725
2.32781,-8.05754,39.8118,-1.78785,10.019,6.42118,1.81436,-4.99725
2.32879,-8.01333,39.7064,-1.76236,10.0017,6.45313,1.81708,-4.97566
2.32977,-8.04369,39.7272,-1.78069,9.98856,6.46879,1.81771,-4.96478
2.33074,-8.14887,39.8747,-1.84304,9.97971,6.46789,1.81614,-4.96478
2.33178,-8.10658,39.773,-1.81889,9.96248,6.49947,1.81887,-4.9433
2.33284,-8.13638,39.793,-1.83695,9.94948,6.5151,1.8195,-4.93226
2.33447,-8.13638,39.793,-1.83695,9.94948,6.5151,1.8195,-4.93226
2.33483,-8.19827,39.8371,-1.87482,9.92378,6.54576,1.8207,-4.91066
2.33647,-8.22968,39.859,-1.89401,9.91074,6.56139,1.82133,-4.89967
2.33691,-8.33591,40.0066,-1.9573,9.90212,6.56049,1.81977,-4.89967
2.33778,-8.26017,39.8803,-1.91276,9.89802,6.57669,1.82195,-4.88878
2.33883,-8.29057,39.9013,-1.93156,9.88537,6.592,1.82257,-4.87797
2.33984,-8.31935,39.9195,-1.94926,9.87271,6.60763,1.82324,-4.86682
2.34102,-8.35011,39.9404,-1.96821,9.85989,6.62329,1.82388,-4.85574
2.34173,-8.30458,39.834,-1.942,9.84245,6.65577,1.82677,-4.83322
2.34287,-8.33528,39.8544,-1.96084,9.82943,6.6717,1.82747,-4.8218
2.34383,-8.44259,40.002,-2.02514,9.82108,6.67081,1.82591,-4.8218
2.34481,-8.47338,40.0221,-2.0442,9.80819,6.68672,1.82661,-4.81049
2.34584,-8.50464,40.0442,-2.06377,9.79567,6.70198,1.82726,-4.79953
2.34683,-8.45595,39.9348,-2.03606,9.77892,6.734,1.83023,-4.77721
2.34778,-8.48592,39.9539,-2.05475,9.76621,6.74989,1.83095,-4.76585
2.34876,-8.48592,39.9539,-2.05475,9.76621,6.74989,1.83095,-4.76585
2.3498,-8.43842,39.8481,-2.02797,9.74963,6.78129,1.83386,-4.74388
2.35074,-8.54682,39.9958,-2.09328,9.74154,6.7804,1.8323,-4.74388
2.35177,-8.50104,39.8921,-2.06742,9.72459,6.81208,1.83523,-4.72155
2.35267,-8.53353,39.9152,-2.08791,9.71193,6.8276,1.83594,-4.71033
2.35377,-8.64244,40.0628,-2.15369,9.70396,6.82671,1.83438,-4.71033
2.35478,-8.59644,39.9596,-2.12801,9.6874,6.85793,1.83736,-4.68821
2.35578,-8.62615,39.9789,-2.14695,9.67519,6.87339,1.83811,-4.67685
2.3568,-8.73559,40.1265,-2.21321,9.66733,6.8725,1.83656,-4.67685
2.35776,-8.68798,40.0215,-2.18665,9.65103,6.90372,1.83955,-4.65462
2.35876,-8.71726,40.0399,-2.20551,9.63898,6.91918,1.84032,-4.6433
2.3597,-8.8272,40.1875,-2.27224,9.63124,6.91829,1.83877,-4.6433
2.36076,-8.66794,39.9332,-2.17792,9.62276,6.95042,1.84334,-4.62093
2.36173,-8.7781,40.0809,-2.24487,9.61509,6.94954,1.84178,-4.62093
2.36276,-8.72849,39.9735,-2.21702,9.5987,6.98112,1.84483,-4.59823
2.36375,-8.76091,39.9962,-2.23785,9.58638,6.99659,1.84559,-4.58669
2.36471,-8.79256,40.0183,-2.25846,9.57442,7.01171,1.84635,-4.57549
2.3659,-8.82391,40.04,-2.27888,9.56253,7.02682,1.84711,-4.56418
2.36678,-8.85515,40.0614,-2.29934,9.55072,7.04193,1.84787,-4.55295
2.36775,-8.88611,40.0825,-2.31962,9.53896,7.05702,1.84864,-4.5416
2.36876,-8.91697,40.1032,-2.33994,9.52728,7.07212,1.84942,-4.53033
2.36974,-9.0285,40.2509,-2.40817,9.51992,7.07124,1.84787,-4.53033
2.37078,-8.97806,40.1439,-2.38027,9.50404,7.10231,1.851,-4.50763
2.37177,-9.00898,40.1641,-2.40058,9.49224,7.11772,1.85181,-4.49596
2.37286,-9.00898,40.1641,-2.40058,9.49224,7.11772,1.85181,-4.49596
2.3738,-9.03912,40.1836,-2.42064,9.48075,7.1328,1.85262,-4.48462
2.37475,-9.069,40.2029,-2.44054,9.46929,7.14791,1.85342,-4.47316
2.37573,-9.09948,40.2223,-2.46076,9.45764,7.16332,1.85425,-4.46154
2.37677,-9.1297,40.2414,-2.48083,9.44602,7.17874,1.85509,-4.44981
2.37774,-9.15917,40.2599,-2.50066,9.43469,7.19384,1.85592,-4.4384
2.37872,-9.18906,40.2784,-2.5206,9.42315,7.20928,1.85676,-4.42663
2.37974,-9.30212,40.4259,-2.59027,9.41615,7.2084,1.85521,-4.42663
2.38075,-9.24777,40.3144,-2.56016,9.40043,7.23983,1.85846,-4.40339
2.3818,-9.27512,40.3294,-2.57874,9.38919,7.25529,1.85935,-4.39166
2.38274,-9.38868,40.4768,-2.64889,9.38231,7.25442,1.8578,-4.39166
2.38372,-9.33232,40.3638,-2.61767,9.36683,7.2857,1.86102,-4.36843
2.38485,-9.24751,40.2335,-2.5669,9.36221,7.30211,1.86344,-4.35661
2.38581,-9.2756,40.2502,-2.58608,9.35103,7.31734,1.8643,-4.3449
2.38675,-9.38971,40.3977,-2.65677,9.34429,7.31647,1.86275,-4.3449
2.38776,-9.33432,40.2862,-2.62601,9.32831,7.34818,1.86602,-4.32126
2.38892,-9.36273,40.3024,-2.64545,9.31698,7.36374,1.86693,-4.30936
2.38978,-9.47735,40.4499,-2.71662,9.31036,7.36286,1.86539,-4.30936
2.39123,-9.42274,40.3398,-2.68645,9.2943,7.39457,1.86869,-4.28562
2.39173,-9.45279,40.3582,-2.70698,9.28289,7.41012,1.86961,-4.27358
2.3928,-9.48344,40.3767,-2.72785,9.27132,7.42596,1.87056,-4.26139
2.39375,-9.51245,40.3943,-2.74799,9.26027,7.44116,1.87148,-4.24959
2.39476,-9.54139,40.4117,-2.76816,9.24931,7.45636,1.8724,-4.23788
2.3958,-9.57009,40.4288,-2.78817,9.23835,7.47157,1.87333,-4.22603
2.39681,-9.4829,40.2983,-2.73589,9.23376,7.48766,1.87581,-4.21425
2.39795,-9.59874,40.4457,-2.80824,9.22744,7.48679,1.87427,-4.21425
2.39887,-9.54157,40.3343,-2.77682,9.21175,7.51815,1.87767,-4.19049
2.39985,-9.57018,40.3506,-2.79677,9.20063,7.53369,1.87867,-4.1783
2.40082,-9.68651,40.498,-2.86961,9.19443,7.53282,1.87713,-4.1783
2.40175,-9.80297,40.6452,-2.94254,9.18824,7.53195,1.87558,-4.1783
2.40285,-9.66055,40.4065,-2.86005,9.16756,7.57965,1.88157,-4.14231
2.40382,-9.68693,40.4193,-2.87871,9.15659,7.59546,1.88266,-4.12983
2.40475,-9.80392,40.5665,-2.95219,9.15055,7.59459,1.88112,-4.12983
2.40574,-9.83348,40.5843,-2.97318,9.13981,7.60983,1.88208,-4.11791
2.40678,-9.77309,40.4693,-2.93996,9.12423,7.64141,1.88568,-4.09369
2.40787,-9.80108,40.4841,-2.95978,9.11323,7.65726,1.88675,-4.08114
2.40874,-9.80108,40.4841,-2.95978,9.11323,7.65726,1.88675,-4.08114
2.4099,-9.82992,40.501,-2.98046,9.10255,7.67249,1.88777,-4.06916
2.41083,-9.85854,40.5176,-3.00101,9.09189,7.68771,1.8888,-4.05706
2.41176,-9.79853,40.4036,-2.96797,9.07599,7.71962,1.89247,-4.03242
2.41273,-9.91672,40.5508,-3.04264,9.07024,7.71876,1.89093,-4.03242
2.4138,-9.94557,40.567,-3.06338,9.05948,7.73427,1.89201,-4.02009
2.41476,-9.88568,40.4541,-3.03069,9.04379,7.7658,1.89571,-3.99563
2.41572,-10.0044,40.6012,-3.10583,9.03815,7.76494,1.89417,-3.99563
2.41675,-10.0328,40.6167,-3.12647,9.02755,7.78042,1.89528,-3.98332
2.41776,-9.97138,40.5024,-3.09297,9.01202,7.81191,1.89903,-3.95878
2.41871,-10.0906,40.6494,-3.1686,9.0065,7.81105,1.89749,-3.95878
2.41976,-10.1184,40.6642,-3.18896,8.99601,7.82653,1.89863,-3.94631
2.42075,-10.0556,40.5485,-3.15467,8.98058,7.85802,1.90242,-3.92166
2.42178,-10.0556,40.5485,-3.15467,8.98058,7.85802,1.90242,-3.92166
2.42328,-10.0828,40.5626,-3.17483,8.97016,7.8735,1.90358,-3.90924
2.42409,-10.0208,40.4486,-3.14098,8.95457,7.90502,1.90738,-3.88447
2.4251,-10.1408,40.5956,-3.21748,8.94928,7.90416,1.90585,-3.88447
2.42605,-10.1698,40.6118,-3.23884,8.93878,7.91961,1.90702,-3.87189
2.42701,-10.2004,40.6305,-3.26139,8.92841,7.93473,1.90815,-3.85966
2.42774,-10.2314,40.649,-3.2841,8.91786,7.95013,1.90933,-3.84707
2.42881,-10.2599,40.6644,-3.30541,8.90756,7.96548,1.91055,-3.8346
2.42987,-10.2882,40.6796,-3.32653,8.89732,7.98085,1.91177,-3.822
2.43082,-10.3164,40.6945,-3.34768,8.88713,7.99621,1.91299,-3.8095
2.43182,-10.3443,40.7091,-3.36866,8.87696,8.01157,1.91422,-3.79688
2.43278,-10.2508,40.5768,-3.31192,8.87183,8.02779,1.91699,-3.78435
2.43379,-10.2782,40.591,-3.33265,8.86169,8.04315,1.91824,-3.77169
2.43475,-10.3056,40.605,-3.35343,8.85159,8.05851,1.91949,-3.75912
2.43597,-10.3351,40.6217,-3.37553,8.84135,8.07388,1.92072,-3.74643
2.43674,-10.3645,40.6381,-3.3977,8.83116,8.0892,1.92197,-3.73384
2.43779,-10.3936,40.6542,-3.41972,8.82101,8.1045,1.92324,-3.72115
2.43875,-10.4227,40.6701,-3.44178,8.81094,8.11978,1.92451,-3.70855
2.43978,-10.4514,40.6858,-3.46367,8.80092,8.13504,1.9258,-3.69584
2.4408,-10.4801,40.7012,-3.48561,8.79096,8.15029,1.92709,-3.68323
2.44176,-10.5085,40.7163,-3.50737,8.78103,8.16553,1.92839,-3.6705
2.44268,-10.5367,40.7311,-3.52913,8.77116,8.18075,1.9297,-3.65782
2.44388,-10.4419,40.5992,-3.47142,8.76591,8.19682,1.93255,-3.64517
2.44475,-10.4696,40.6137,-3.49285,8.75607,8.21204,1.93387,-3.6324
2.4459,-10.4972,40.6278,-3.51432,8.74628,8.22725,1.9352,-3.61971
2.44676,-10.5253,40.642,-3.53594,8.73631,8.24276,1.93656,-3.60666
2.44778,-10.5549,40.6586,-3.55881,8.72645,8.25795,1.93789,-3.59395
2.44884,-10.5843,40.6749,-3.58153,8.71661,8.2731,1.93923,-3.58115
2.44984,-10.6136,40.6909,-3.60429,8.70686,8.28821,1.94059,-3.56845
2.45074,-10.6425,40.7067,-3.62689,8.69717,8.30331,1.94195,-3.55563
2.45182,-10.6714,40.7222,-3.64951,8.68754,8.31838,1.94332,-3.54292
2.45295,-10.7,40.7374,-3.67195,8.67795,8.33344,1.9447,-3.53009
2.45383,-10.7285,40.7523,-3.69443,8.66843,8.34849,1.94608,-3.51735
2.4549,-10.6321,40.6207,-3.63561,8.66311,8.36437,1.949,-3.50449
2.45589,-10.6601,40.6352,-3.65779,8.65364,8.3794,1.9504,-3.49172
2.45681,-10.6878,40.6494,-3.67981,8.6442,8.39442,1.9518,-3.47883
2.45782,-10.7177,40.6662,-3.70339,8.63467,8.40943,1.95319,-3.46603
2.4588,-10.7474,40.6827,-3.72682,8.62516,8.42439,1.9546,-3.45312
2.45977,-10.777,40.6989,-3.75029,8.61574,8.43933,1.95602,-3.44031
2.46085,-10.8063,40.7148,-3.77357,8.60638,8.45424,1.95745,-3.4274
2.46184,-10.8354,40.7304,-3.79688,8.59709,8.46912,1.95888,-3.41458
2.46276,-10.8643,40.7458,-3.82,8.58784,8.48399,1.96033,-3.40166
2.46386,-10.7671,40.6148,-3.76067,8.58252,8.49968,1.9633,-3.38882
2.46497,-10.7954,40.6296,-3.78347,8.57334,8.51452,1.96475,-3.37587
2.4659,-10.8236,40.6441,-3.8063,8.56422,8.52935,1.96622,-3.36301
2.46686,-10.8538,40.6612,-3.8305,8.555,8.54416,1.96766,-3.35003
2.46798,-10.884,40.678,-3.85475,8.54583,8.55892,1.96913,-3.33715
2.46898,-11.0104,40.8238,-3.93786,8.54213,8.55808,1.96762,-3.33715
2.47003,-10.9435,40.7107,-3.90291,8.52771,8.58835,1.97209,-3.3113
2.47118,-10.9736,40.7268,-3.92716,8.51854,8.60333,1.97361,-3.29806
2.47212,-11.0011,40.7397,-3.9498,8.50957,8.61827,1.97518,-3.28488
2.47282,-11.0301,40.755,-3.9736,8.50074,8.63292,1.97667,-3.272
2.47405,-10.9315,40.6242,-3.91323,8.49542,8.64838,1.97969,-3.25901
2.47513,-10.96,40.6389,-3.93672,8.48663,8.66299,1.98121,-3.24611
2.4759,-10.9881,40.6534,-3.96002,8.47788,8.67758,1.98273,-3.23309
2.47689,-11.0185,40.6704,-3.98492,8.46905,8.69216,1.98423,-3.22016
2.47791,-11.0487,40.687,-4.00965,8.46026,8.70669,1.98575,-3.20712
2.47897,-11.0786,40.7034,-4.03441,8.45155,8.72119,1.98728,-3.19418
2.47983,-11.1083,40.7194,-4.05896,8.4429,8.73567,1.98882,-3.18114
2.48099,-11.1378,40.7351,-4.08351,8.43432,8.75012,1.99037,-3.1682
2.48196,-11.167,40.7505,-4.10786,8.42579,8.76455,1.99192,-3.15514
2.48286,-11.196,40.7655,-4.13221,8.41733,8.77896,1.99347,-3.14217
2.48412,-11.096,40.635,-4.07087,8.41204,8.7942,1.99654,-3.12909
2.48508,-11.1244,40.6494,-4.09487,8.40363,8.80859,1.99811,-3.11609
2.48597,-11.1525,40.6636,-4.11867,8.39526,8.82297,1.99968,-3.10297
2.48684,-11.1829,40.6804,-4.1441,8.38682,8.83734,2.00123,-3.08994
2.48797,-11.213,40.6967,-4.16935,8.3784,8.85166,2.00281,-3.07681
2.48889,-11.243,40.7128,-4.19462,8.37007,8.86595,2.00439,-3.06378
2.48983,-11.2726,40.7286,-4.21967,8.36179,8.88022,2.00598,-3.05064
2.49088,-11.302,40.744,-4.24471,8.35359,8.89447,2.00757,-3.0376
2.49188,-11.3311,40.759,-4.26954,8.34542,8.90869,2.00917,-3.02444
2.49284,-11.36,40.7738,-4.29438,8.33733,8.9229,2.01078,-3.01138
2.49385,-11.3886,40.7882,-4.319,8.32926,8.9371,2.01239,-2.9982
2.49504,-11.5188,40.9331,-4.40607,8.32648,8.93626,2.01089,-2.9982
2.49582,-11.4452,40.8161,-4.36804,8.31327,8.96547,2.01563,-2.9719
2.49685,-11.3435,40.6851,-4.30539,8.30785,8.98077,2.01878,-2.95851
2.49774,-11.3692,40.6957,-4.32819,8.29984,8.99522,2.02048,-2.94502
2.49875,-11.3966,40.7088,-4.35222,8.29193,9.00941,2.0221,-2.93182
2.49974,-11.4263,40.7244,-4.37785,8.28394,9.02359,2.02372,-2.91865
2.50078,-11.4557,40.7397,-4.40333,8.27596,9.03771,2.02535,-2.90538
2.50186,-11.4849,40.7547,-4.42882,8.26805,9.05181,2.02699,-2.8922
2.50276,-11.5138,40.7693,-4.4541,8.26019,9.06589,2.02864,-2.87892
2.50376,-11.5426,40.7837,-4.47937,8.2524,9.07995,2.0303,-2.86573
2.50475,-11.571,40.7977,-4.50442,8.24465,9.094,2.03196,-2.85242
2.50582,-11.5992,40.8114,-4.52947,8.23695,9.10804,2.03363,-2.8392
2.50671,-11.6271,40.8248,-4.55432,8.22928,9.12207,2.03531,-2.82587
2.50774,-11.6549,40.8379,-4.57916,8.22166,9.13609,2.03699,-2.81261
2.5088,-11.5503,40.7064,-4.51454,8.21633,9.15094,2.04016,-2.79924
2.50976,-11.5774,40.719,-4.53903,8.20874,9.16495,2.04186,-2.78595
2.51076,-11.605,40.7314,-4.5637,8.20101,9.17925,2.04359,-2.77226
2.51179,-11.6343,40.7463,-4.58968,8.19337,9.19325,2.04527,-2.75895
2.51277,-11.6632,40.7608,-4.61548,8.18576,9.2072,2.04697,-2.74552
2.51381,-11.692,40.775,-4.64129,8.17823,9.22113,2.04868,-2.73221
2.51473,-11.6157,40.6584,-4.60218,8.16535,9.24977,2.05361,-2.70544
2.51582,-11.6157,40.6584,-4.60218,8.16535,9.24977,2.05361,-2.70544
2.51695,-11.6434,40.6717,-4.62738,8.15791,9.26365,2.05534,-2.69198
2.51827,-11.6728,40.6872,-4.65388,8.1506,9.27724,2.05701,-2.67889
2.51891,-11.7026,40.7027,-4.68058,8.14316,9.29107,2.05874,-2.6654
2.51977,-11.7323,40.7178,-4.70727,8.13578,9.30485,2.06049,-2.65203
2.52094,-11.7616,40.7325,-4.73374,8.12847,9.31862,2.06224,-2.63854
2.52179,-11.7906,40.7468,-4.76018,8.12122,9.33235,2.064,-2.62516
2.52279,-11.8193,40.7609,-4.78639,8.11402,9.34607,2.06577,-2.61168
2.52381,-11.8478,40.7745,-4.81258,8.10688,9.35976,2.06755,-2.59828
2.52533,-11.876,40.7878,-4.83853,8.09977,9.37344,2.06933,-2.58478
2.52578,-11.9039,40.8009,-4.86447,8.09272,9.3871,2.07112,-2.57136
2.52676,-11.7972,40.6701,-4.7983,8.08738,9.40159,2.07439,-2.55783
2.52793,-11.8244,40.6825,-4.8238,8.08036,9.41524,2.07619,-2.54434
2.52881,-11.8515,40.6946,-4.84923,8.07339,9.42888,2.07799,-2.53088
2.52983,-11.8808,40.7092,-4.87619,8.06634,9.44251,2.07977,-2.51729
2.53082,-11.91,40.7235,-4.90316,8.05933,9.4561,2.08158,-2.50381
2.53186,-11.9387,40.7375,-4.92991,8.05237,9.46966,2.0834,-2.49023
2.53342,-11.9673,40.7511,-4.95663,8.04548,9.4832,2.08522,-2.47675
2.53404,-11.8603,40.6212,-4.89023,8.04009,9.49754,2.08852,-2.46316
2.53483,-11.9956,40.7643,-4.98312,8.03863,9.49671,2.08705,-2.46316
2.53579,-12.0236,40.7772,-5.00958,8.03184,9.51021,2.08888,-2.44966
2.53686,-11.9457,40.6619,-4.97042,8.01965,9.538,2.09401,-2.42253
2.5379,-12.0813,40.8049,-5.06378,8.01829,9.53717,2.09254,-2.42253
2.53884,-12.1092,40.8169,-5.09019,8.01145,9.55086,2.09446,-2.40864
2.53977,-12.1379,40.8311,-5.11747,8.00491,9.564,2.09626,-2.3954
2.54075,-12.1644,40.8422,-5.14319,7.99832,9.57739,2.09814,-2.38176
2.54177,-12.1908,40.8532,-5.16888,7.9918,9.59079,2.10001,-2.36821
2.54286,-12.1062,40.7315,-5.1255,7.97995,9.61843,2.10524,-2.34092
2.54382,-12.2427,40.8741,-5.21978,7.97878,9.61761,2.10377,-2.34092
2.54476,-12.2682,40.8841,-5.24501,7.97229,9.63103,2.10566,-2.32718
2.5459,-12.1588,40.7541,-5.17704,7.96699,9.64501,2.10895,-2.31379
2.54674,-12.1838,40.7636,-5.20193,7.96049,9.65841,2.11086,-2.3
2.54781,-12.2086,40.7729,-5.2268,7.95404,9.67184,2.11276,-2.28629
2.54884,-12.2357,40.7847,-5.25324,7.94752,9.68528,2.11465,-2.27244
2.54991,-12.2634,40.7963,-5.2801,7.94086,9.69896,2.1166,-2.25841
2.55075,-12.4006,40.9384,-5.37529,7.9399,9.69813,2.11514,-2.25841
2.55192,-12.3165,40.8184,-5.33259,7.92795,9.7257,2.12044,-2.23081
2.55284,-12.3434,40.8291,-5.35904,7.92141,9.73934,2.12242,-2.21667
2.55382,-12.3675,40.8368,-5.38365,7.91498,9.75294,2.12443,-2.20264
2.55479,-12.3931,40.8469,-5.40942,7.90865,9.7663,2.12636,-2.18876
2.55575,-12.2806,40.7148,-5.33911,7.90311,9.78047,2.12977,-2.17493
2.55698,-12.3057,40.7244,-5.36463,7.89678,9.79379,2.13173,-2.16112
2.55776,-12.3305,40.7337,-5.38994,7.89047,9.80713,2.1337,-2.1472
2.55877,-12.3577,40.7455,-5.41707,7.88412,9.82045,2.13564,-2.13335
2.55982,-12.3847,40.7569,-5.444,7.87777,9.83373,2.13762,-2.1194
2.56087,-12.4115,40.7681,-5.47092,7.87148,9.84699,2.1396,-2.10555
2.56177,-12.4379,40.779,-5.49762,7.86524,9.86023,2.1416,-2.09159
2.56285,-12.4641,40.7895,-5.52429,7.85905,9.87344,2.1436,-2.07773
2.56379,-12.6029,40.9308,-5.62136,7.85848,9.87262,2.14215,-2.07773
2.56479,-12.5157,40.8097,-5.57714,7.84677,9.89983,2.14763,-2.04987
2.56569,-12.541,40.8193,-5.60333,7.84067,9.913,2.14966,-2.03587
2.56671,-12.4252,40.6849,-5.53051,7.83501,9.92726,2.15321,-2.02168
2.5678,-12.4499,40.694,-5.5563,7.82894,9.94044,2.15523,-2.00764
2.56872,-12.4745,40.7029,-5.5821,7.82287,9.95361,2.15729,-1.99369
2.5699,-12.5014,40.7142,-5.60955,7.81677,9.96676,2.15931,-1.97962
2.57078,-12.5282,40.7253,-5.637,7.8107,9.97987,2.16137,-1.96566
2.57173,-12.5546,40.736,-5.66424,7.80467,9.99294,2.16344,-1.9516
2.57275,-12.5808,40.7464,-5.69145,7.7987,10.006,2.16551,-1.93764
2.57378,-12.6067,40.7565,-5.71842,7.79277,10.019,2.1676,-1.92357
2.57474,-12.6323,40.7662,-5.74535,7.78689,10.032,2.16969,-1.9096
2.57575,-12.6576,40.7757,-5.77206,7.78104,10.045,2.17179,-1.89552
2.57683,-12.6827,40.7848,-5.79873,7.77523,10.058,2.1739,-1.88152
2.5778,-12.567,40.6532,-5.72603,7.76958,10.0717,2.17745,-1.86742
2.57874,-12.5915,40.6618,-5.75231,7.7638,10.0847,2.17957,-1.8534
2.57975,-12.6156,40.6701,-5.77836,7.75804,10.0976,2.1817,-1.83926
2.58081,-12.6423,40.6809,-5.80628,7.75226,10.1106,2.18381,-1.8252
2.58187,-12.6685,40.6913,-5.83398,7.74649,10.1234,2.18595,-1.81105
2.58277,-12.6946,40.7014,-5.86162,7.74078,10.1363,2.1881,-1.79695
2.5838,-12.7204,40.7112,-5.88917,7.73512,10.1491,2.19025,-1.78291
2.585,-12.7459,40.7206,-5.91647,7.7295,10.1619,2.19241,-1.76875
2.58597,-12.7711,40.7298,-5.94373,7.72392,10.1746,2.19458,-1.7547
2.58684,-12.7959,40.7385,-5.97076,7.71838,10.1874,2.19676,-1.74053
2.58788,-12.6791,40.6074,-5.89721,7.71273,10.2009,2.20037,-1.72646
2.58883,-12.7033,40.6156,-5.92382,7.70722,10.2137,2.20256,-1.71227
2.58984,-12.7273,40.6236,-5.9504,7.70174,10.2264,2.20475,-1.69817
2.59091,-12.7537,40.634,-5.97866,7.69624,10.2391,2.20693,-1.68395
2.59197,-12.7798,40.644,-6.0069,7.69076,10.2517,2.20914,-1.66984
2.59278,-12.8057,40.6537,-6.03492,7.68533,10.2643,2.21135,-1.65564
2.59375,-12.8312,40.6631,-6.06288,7.67996,10.2769,2.21357,-1.64154
2.59489,-12.8564,40.6721,-6.09059,7.67462,10.2894,2.21579,-1.62733
2.59589,-12.8814,40.6808,-6.11826,7.66934,10.302,2.21803,-1.61323
2.59697,-12.906,40.6892,-6.14567,7.66408,10.3145,2.22027,-1.59901
2.59772,-12.9304,40.6972,-6.17305,7.65887,10.3269,2.22251,-1.58489
2.59875,-12.8118,40.5661,-6.09813,7.65322,10.3402,2.22618,-1.57065
2.59987,-12.8355,40.5737,-6.12508,7.64804,10.3527,2.22844,-1.5565
2.60084,-12.8596,40.581,-6.15226,7.64276,10.3654,2.23075,-1.54196
2.60176,-12.8855,40.5906,-6.18087,7.63757,10.3778,2.233,-1.5278
2.60287,-12.911,40.5999,-6.20926,7.63241,10.3902,2.23527,-1.51355
2.60376,-12.9364,40.6088,-6.23762,7.62731,10.4025,2.23755,-1.49941
2.60477,-12.9613,40.6174,-6.26571,7.62224,10.4148,2.23983,-1.48516
2.60582,-12.986,40.6257,-6.29375,7.61723,10.4271,2.24212,-1.47102
2.60681,-13.0103,40.6336,-6.32154,7.61224,10.4394,2.24442,-1.45677
2.6078,-13.0343,40.6412,-6.34927,7.6073,10.4516,2.24672,-1.44261
2.60888,-12.9144,40.5105,-6.27335,7.60167,10.4646,2.25044,-1.42834
2.60982,-12.9378,40.5175,-6.3006,7.59675,10.4768,2.25275,-1.4141
2.61076,-12.9609,40.5243,-6.32775,7.59187,10.489,2.25508,-1.39991
2.61178,-13.1047,40.6621,-6.43143,7.59263,10.4882,2.25367,-1.39991
2.61279,-13.0117,40.5422,-6.38548,7.58208,10.5133,2.2597,-1.37139
2.61381,-13.0374,40.5507,-6.41456,7.57714,10.5257,2.26209,-1.3568
2.61487,-13.0601,40.5563,-6.44162,7.57228,10.538,2.2645,-1.34234
2.61577,-13.0843,40.5641,-6.46989,7.56753,10.55,2.26684,-1.32806
2.61686,-13.2287,40.7015,-6.57426,7.56843,10.5492,2.26544,-1.32806
2.61779,-13.1334,40.5786,-6.52567,7.55809,10.574,2.27158,-1.29487
2.61877,-13.1583,40.5853,-6.55317,7.55338,10.5859,2.27398,-1.27548
2.61972,-13.1808,40.5891,-6.5789,7.54863,10.5981,2.27647,-1.25568
2.6208,-13.0603,40.4583,-6.50103,7.54298,10.6108,2.28025,-1.23617
2.62189,-13.084,40.4641,-6.52776,7.5383,10.6227,2.28266,-1.21658
2.62278,-13.1076,40.4698,-6.55444,7.53366,10.6346,2.28507,-1.19695
2.62436,-13.1334,40.4778,-6.58288,7.529,10.6465,2.28745,-1.17771
2.62512,-13.2785,40.6145,-6.6883,7.5301,10.6456,2.28607,-1.17771
2.62597,-13.1843,40.4928,-6.63944,7.51979,10.67,2.29227,-1.13906
2.62686,-13.2092,40.4998,-6.66737,7.51525,10.6817,2.29469,-1.11963
2.62777,-13.2319,40.504,-6.6937,7.51069,10.6937,2.29718,-1.09982
2.62879,-13.2561,40.5103,-6.72123,7.50622,10.7054,2.2996,-1.08026
2.62989,-13.28,40.5163,-6.7487,7.50177,10.7171,2.30203,-1.06065
2.63078,-13.3036,40.5221,-6.77591,7.49734,10.7287,2.30446,-1.04098
2.63194,-13.327,40.5275,-6.80304,7.49295,10.7403,2.3069,-1.02126
2.63279,-13.3499,40.5326,-6.8299,7.48857,10.7519,2.30934,-1.00147
2.63369,-13.2267,40.4016,-6.74993,7.48289,10.7643,2.31317,-0.981625
2.63498,-13.249,40.4062,-6.77641,7.47855,10.7759,2.31562,-0.961734
2.63606,-13.271,40.4105,-6.80264,7.47421,10.7875,2.31808,-0.941769
2.63679,-13.2954,40.4172,-6.83086,7.46988,10.799,2.32051,-0.92223
2.63779,-13.4417,40.5527,-6.93797,7.47129,10.7982,2.31914,-0.92223
2.63873,-13.3433,40.4295,-6.88676,7.46128,10.822,2.32543,-0.88297
2.63976,-13.3667,40.4352,-6.9144,7.45704,10.8334,2.32789,-0.863242
2.64089,-13.5132,40.5704,-7.02191,7.45852,10.8326,2.32652,-0.863242
2.64178,-13.4106,40.4431,-6.96766,7.4486,10.8565,2.33291,-0.823273
2.64273,-13.4331,40.4478,-6.9948,7.44444,10.8678,2.33539,-0.803375
2.64384,-13.4534,40.4497,-7.02025,7.44023,10.8794,2.33796,-0.783074
2.64472,-13.3283,40.3191,-6.9389,7.43453,10.8916,2.3418,-0.763059
2.64576,-13.3499,40.3231,-6.96547,7.4304,10.903,2.3443,-0.743008
2.6468,-13.371,40.3268,-6.99181,7.42629,10.9143,2.3468,-0.72289
2.64816,-13.3947,40.3329,-7.02017,7.42218,10.9256,2.34928,-0.703206
2.64893,-13.418,40.3386,-7.04828,7.41809,10.9368,2.35178,-0.683449
2.65,-13.4412,40.344,-7.07632,7.41406,10.948,2.35429,-0.663659
2.65079,-13.4638,40.349,-7.10409,7.41006,10.9592,2.35681,-0.643789
2.65192,-13.4862,40.3537,-7.13171,7.4061,10.9704,2.35933,-0.623869
2.65286,-13.5083,40.3581,-7.1592,7.40218,10.9815,2.36186,-0.603899
2.65386,-13.3823,40.2282,-7.07719,7.3965,10.9934,2.36576,-0.583853
2.65486,-13.4037,40.2321,-7.10419,7.39262,11.0045,2.3683,-0.56377
2.65586,-13.4247,40.2356,-7.13092,7.38876,11.0155,2.37085,-0.543612
2.65695,-13.4482,40.2414,-7.15968,7.38491,11.0265,2.37337,-0.523891
2.65782,-13.4712,40.2469,-7.18818,7.38108,11.0375,2.37592,-0.504097
2.6588,-13.4941,40.252,-7.21661,7.37731,11.0485,2.37847,-0.484268
2.65984,-13.5165,40.2568,-7.24475,7.37357,11.0594,2.38103,-0.46436
2.66083,-13.5386,40.2612,-7.27274,7.36987,11.0702,2.3836,-0.4444
2.66191,-13.5604,40.2652,-7.30058,7.36622,11.0811,2.38618,-0.42439
2.66287,-13.5818,40.269,-7.32814,7.36258,11.0919,2.38875,-0.404304
2.6639,-13.7302,40.4018,-7.4385,7.36455,11.091,2.38741,-0.404304
2.66524,-13.4751,40.1426,-7.27224,7.3534,11.1142,2.39527,-0.363979
2.66588,-13.6237,40.2754,-7.38279,7.35541,11.1134,2.39393,-0.363979
2.66678,-13.5109,40.1429,-7.32218,7.34622,11.136,2.40055,-0.322591
2.66778,-13.5334,40.1479,-7.35094,7.34265,11.1467,2.40311,-0.302729
2.66883,-13.5535,40.1498,-7.37782,7.339,11.1577,2.40579,-0.282424
2.66978,-13.5747,40.1541,-7.40572,7.33555,11.1681,2.40832,-0.262346
2.67084,-13.7236,40.2862,-7.5169,7.33766,11.1673,2.40698,-0.262346
2.67206,-13.6163,40.1616,-7.46102,7.32872,11.189,2.41343,-0.222039
2.67275,-13.7654,40.2935,-7.57245,7.33087,11.1881,2.41209,-0.222039
2.67386,-13.6347,40.1623,-7.48684,7.3253,11.1996,2.41607,-0.201443
2.67481,-13.6546,40.1652,-7.51398,7.32196,11.2099,2.41863,-0.181147
2.67577,-13.6751,40.1679,-7.54159,7.31856,11.2205,2.42126,-0.160927
2.67676,-13.5655,40.0408,-7.48424,7.30958,11.2424,2.42787,-0.120322
2.67775,-13.7149,40.1723,-7.59622,7.31182,11.2416,2.42654,-0.120322
2.67882,-13.7343,40.174,-7.62322,7.30849,11.2521,2.42919,-0.0999313
2.67981,-13.6248,40.0479,-7.56613,7.29967,11.2736,2.43577,-0.0593964
2.6807,-13.7744,40.1789,-7.67848,7.30197,11.2728,2.43445,-0.0593964
2.68176,-13.6635,40.0519,-7.62039,7.29323,11.2942,2.44103,-0.0186479
2.68277,-13.6813,40.0521,-7.64639,7.28999,11.3046,2.44372,0.00200165
2.68374,-13.7009,40.0546,-7.67395,7.28686,11.3147,2.44633,0.0223061
2.68483,-13.8508,40.1851,-7.78678,7.28923,11.3139,2.44501,0.0223061
2.68577,-13.5892,39.9281,-7.6155,7.27823,11.3358,2.4529,0.0630734
2.68679,-13.6057,39.9271,-7.6407,7.27507,11.3461,2.45562,0.0839203
2.68774,-13.7557,40.0575,-7.75383,7.27749,11.3452,2.45431,0.0839203
2.68878,-13.6476,39.9346,-7.69841,7.26894,11.3662,2.46087,0.123995
2.68982,-13.6659,39.9353,-7.72529,7.26585,11.3763,2.46359,0.144499
2.69077,-13.8161,40.0652,-7.83877,7.26832,11.3755,2.46229,0.144499
2.69179,-13.7057,39.9406,-7.78181,7.25992,11.3962,2.4689,0.184905
2.69277,-13.7231,39.9402,-7.8082,7.25694,11.4063,2.47164,0.205554
2.6937,-13.8736,40.0698,-7.92203,7.25947,11.4055,2.47034,0.205554
2.6948,-13.761,39.9436,-7.86359,7.25118,11.426,2.47698,0.246271
2.69578,-13.9116,40.0728,-7.97766,7.25374,11.4252,2.47568,0.246271
2.69678,-13.6448,39.8139,-7.80232,7.24286,11.4467,2.48372,0.287577
2.69779,-13.6606,39.812,-7.82766,7.23995,11.4567,2.4865,0.308483
2.69869,-13.6808,39.815,-7.85661,7.23714,11.4665,2.48916,0.328573
2.69977,-13.7008,39.8176,-7.88552,7.23433,11.4762,2.49185,0.348687
2.70075,-13.8516,39.9464,-8.00011,7.23696,11.4754,2.49056,0.348687
2.70177,-13.7396,39.8217,-7.9426,7.22885,11.4955,2.49726,0.389104
2.7028,-13.7564,39.8206,-7.96914,7.2261,11.5053,2.50005,0.409784
2.70374,-13.9075,39.949,-8.08407,7.22878,11.5045,2.49876,0.409784
2.70501,-13.9261,39.95,-8.11225,7.22616,11.5141,2.50146,0.430119
2.70576,-13.8091,39.8206,-8.05106,7.21816,11.5342,2.50829,0.471314
2.70673,-13.8245,39.8183,-8.07688,7.21551,11.5439,2.51109,0.491674
2.70779,-13.9758,39.9461,-8.19226,7.21826,11.5431,2.5098,0.491674
2.70872,-13.8415,39.8182,-8.10414,7.21292,11.5534,2.51381,0.511355
2.70976,-13.8582,39.8178,-8.13135,7.21034,11.5629,2.51654,0.530595
2.71081,-13.8723,39.8146,-8.15662,7.20771,11.5726,2.51936,0.550024
2.7118,-13.7516,39.6825,-8.0936,7.19965,11.5929,2.52629,0.588313
2.7127,-13.9031,39.8098,-8.20948,7.20247,11.5921,2.52501,0.588313
2.71377,-13.9198,39.8081,-8.23708,7.19982,11.6019,2.52788,0.607182
2.71478,-13.8009,39.6797,-8.1762,7.19189,11.6217,2.5347,0.643072
2.71574,-13.9526,39.8065,-8.29241,7.19475,11.6208,2.53343,0.643072
2.71677,-13.8321,39.6772,-8.23063,7.18693,11.6405,2.54025,0.678144
2.71775,-13.9839,39.8037,-8.34705,7.18982,11.6397,2.53898,0.678144
2.7188,-13.9979,39.8005,-8.37323,7.18733,11.6491,2.54182,0.695647
2.71983,-14.0137,39.7996,-8.40103,7.18495,11.6584,2.54456,0.712551
2.72096,-13.7362,39.5397,-8.21905,7.17421,11.6789,2.55279,0.746746
2.72178,-13.7488,39.5357,-8.24437,7.17176,11.6883,2.55564,0.76372
2.72283,-13.9008,39.6616,-8.36128,7.17472,11.6875,2.55437,0.76372
2.72383,-13.7834,39.5367,-8.30269,7.16703,11.7067,2.56117,0.796546
2.72481,-13.7981,39.5343,-8.32996,7.16466,11.7159,2.56404,0.813068
2.72634,-13.9502,39.6598,-8.44719,7.16765,11.7151,2.56278,0.813068
2.72735,-13.9666,39.6593,-8.47593,7.1654,11.7241,2.56556,0.829266
2.72857,-13.9828,39.6584,-8.50462,7.16317,11.7331,2.56836,0.84527
2.72906,-13.9964,39.6547,-8.53133,7.1609,11.7423,2.57126,0.861619
2.7302,-14.0097,39.6507,-8.55795,7.15868,11.7514,2.57414,0.877798
2.7311,-14.0227,39.6464,-8.58428,7.15646,11.7606,2.57704,0.894018
2.73222,-13.8952,39.5125,-8.51862,7.14896,11.7796,2.58409,0.926181
2.73312,-13.7547,39.3831,-8.42644,7.14365,11.7895,2.58825,0.942186
2.73378,-13.9072,39.5075,-8.54444,7.14674,11.7887,2.587,0.942186
2.73497,-13.9212,39.5048,-8.57191,7.14459,11.7975,2.58983,0.957777
2.73585,-13.9378,39.5042,-8.60142,7.14246,11.8064,2.59265,0.973425
2.7367,-13.9519,39.5008,-8.62914,7.14029,11.8153,2.59558,0.989227
2.73776,-13.9657,39.4971,-8.65659,7.13817,11.8242,2.59851,1.00508
2.73879,-13.9792,39.493,-8.68392,7.13607,11.8331,2.60143,1.02079
2.73974,-13.9923,39.4886,-8.71097,7.13399,11.842,2.60437,1.03655
2.74075,-14.0052,39.484,-8.73795,7.13193,11.8508,2.60731,1.05218
2.74202,-14.0176,39.479,-8.76466,7.12987,11.8596,2.61025,1.06787
2.74285,-13.736,39.2222,-8.57972,7.11941,11.8788,2.61863,1.09907
2.74376,-13.8888,39.3453,-8.69867,7.12261,11.8779,2.61739,1.09907
2.74478,-13.9004,39.3397,-8.72488,7.12058,11.8867,2.62035,1.11458
2.74573,-13.9168,39.3387,-8.75489,7.11864,11.8952,2.6232,1.12986
2.74676,-13.9308,39.3348,-8.78309,7.11664,11.9038,2.62618,1.1453
2.74775,-13.9444,39.3307,-8.81103,7.1147,11.9124,2.62915,1.1608
2.74872,-13.9577,39.3262,-8.83884,7.1128,11.9209,2.63212,1.17617
2.74974,-13.8301,39.1943,-8.77416,7.10577,11.9387,2.6393,1.20693
2.75079,-13.9833,39.3162,-8.89378,7.10904,11.9379,2.63807,1.20693
2.75183,-13.9955,39.3108,-8.92093,7.10719,11.9463,2.64106,1.22232
2.75273,-14.0097,39.3076,-8.94972,7.10542,11.9545,2.64397,1.23729
2.7538,-14.0213,39.3015,-8.97651,7.1036,11.9628,2.64698,1.25264
2.75493,-14.0327,39.2951,-9.00321,7.10182,11.9712,2.64997,1.26788
2.75573,-14.186,39.4162,-9.12326,7.10513,11.9703,2.64876,1.26788
2.75687,-13.7589,39.0324,-8.84209,7.08983,11.9978,2.66149,1.31406
2.7578,-13.9123,39.1534,-8.96232,7.09316,11.997,2.66027,1.31406
2.75882,-13.9202,39.1436,-8.98646,7.09133,12.0054,2.66337,1.32957
2.75972,-13.9351,39.141,-9.01618,7.08967,12.0134,2.66626,1.34455
2.76086,-13.9476,39.1354,-9.04404,7.0879,12.0215,2.66929,1.35976
2.76172,-13.9599,39.1297,-9.0718,7.08621,12.0296,2.67231,1.37489
2.76273,-13.9718,39.1237,-9.09925,7.08453,12.0377,2.67533,1.39011
2.76375,-13.9833,39.1173,-9.1266,7.08288,12.0457,2.67835,1.4052
2.76475,-13.841,38.9907,-9.03278,7.07786,12.0545,2.68258,1.42038
2.76579,-13.7089,38.8571,-8.96525,7.07124,12.0712,2.68985,1.45062
2.76676,-13.8624,38.9768,-9.08626,7.07464,12.0703,2.68865,1.45062
2.76797,-13.8757,38.9718,-9.11512,7.07308,12.0782,2.69166,1.46567
2.76877,-13.8908,38.9688,-9.14545,7.07157,12.0858,2.69462,1.48048
2.76994,-13.9034,38.9631,-9.17395,7.07005,12.0936,2.69767,1.49546
2.7708,-13.9156,38.9571,-9.20213,7.06859,12.1012,2.70071,1.51052
2.77174,-13.9275,38.9506,-9.23015,7.06716,12.1089,2.70376,1.52546
2.77282,-13.939,38.9439,-9.25787,7.06575,12.1165,2.70681,1.54048
2.77386,-13.9502,38.9368,-9.28547,7.06436,12.124,2.70986,1.55539
2.77476,-13.961,38.9294,-9.31278,7.06299,12.1315,2.71292,1.57038
2.77576,-13.9715,38.9217,-9.33998,7.06163,12.139,2.71598,1.58526
2.77674,-13.9816,38.9137,-9.36688,7.06029,12.1465,2.71904,1.60024
2.77776,-13.9924,38.9053,-9.3943,7.05894,12.154,2.72216,1.61541
2.77874,-13.848,38.7792,-9.29877,7.05414,12.1623,2.72641,1.63036
2.77983,-13.8573,38.7705,-9.32512,7.05283,12.1696,2.72947,1.64521
2.78078,-13.8661,38.7616,-9.35117,7.05152,12.1769,2.73254,1.66015
2.78203,-13.8778,38.7547,-9.37952,7.05026,12.1842,2.73558,1.675
2.78291,-13.889,38.7474,-9.40759,7.04899,12.1915,2.73865,1.68992
2.78379,-13.9001,38.7399,-9.43557,7.04775,12.1986,2.74171,1.70472
2.78476,-13.9107,38.7321,-9.46324,7.04654,12.2058,2.74478,1.7196
2.78622,-13.921,38.7239,-9.4908,7.04535,12.2129,2.74785,1.73437
2.78678,-13.9309,38.7155,-9.51805,7.04419,12.2199,2.75093,1.74922
2.78784,-13.7866,38.5905,-9.42241,7.03952,12.2278,2.75517,1.76401
2.78881,-13.7959,38.5816,-9.44927,7.03839,12.2348,2.75824,1.77875
2.78994,-13.8048,38.5724,-9.47583,7.03726,12.2417,2.76132,1.79357
2.79109,-13.8165,38.5653,-9.50469,7.03619,12.2486,2.76438,1.8083
2.79182,-13.8278,38.5577,-9.53324,7.03511,12.2555,2.76746,1.82309
2.79283,-13.9818,38.6732,-9.65628,7.03865,12.2546,2.7663,1.82309
2.79377,-13.8494,38.5418,-9.58982,7.03307,12.269,2.77362,1.8525
2.7949,-14.0035,38.6568,-9.71301,7.03661,12.2681,2.77246,1.8525
2.79578,-14.0138,38.6481,-9.74108,7.03564,12.2748,2.77554,1.86712
2.7972,-14.0228,38.6392,-9.76819,7.03469,12.2813,2.77856,1.88153
2.79785,-14.0295,38.6276,-9.79343,7.03374,12.2879,2.78167,1.89614
2.79873,-13.8816,38.5014,-9.69488,7.02924,12.2954,2.78591,1.91087
2.79984,-13.8868,38.4896,-9.71905,7.0283,12.3019,2.78895,1.92523
2.80082,-14.041,38.6037,-9.84262,7.03186,12.301,2.7878,1.92523
2.8018,-14.0489,38.5937,-9.86906,7.03095,12.3074,2.79082,1.93972
2.80282,-14.0567,38.5835,-9.89545,7.03003,12.3138,2.79386,1.95413
2.80386,-14.2109,38.697,-10.0192,7.03358,12.313,2.79272,1.95413
2.80478,-14.2153,38.684,-10.043,7.03264,12.3193,2.79579,1.96865
2.80594,-14.0671,38.5419,-9.96439,7.02719,12.3331,2.80312,1.998
2.80677,-14.2213,38.6549,-10.0884,7.03075,12.3322,2.80198,1.998
2.80776,-14.2229,38.6389,-10.11,7.02976,12.3388,2.80512,2.01284
2.80882,-14.2265,38.6252,-10.1333,7.02878,12.3452,2.80817,2.02752
2.80984,-14.2277,38.6087,-10.1547,7.02772,12.3517,2.81133,2.04242
2.81074,-14.2287,38.5922,-10.176,7.02666,12.3582,2.81448,2.05746
2.81175,-14.0754,38.4636,-10.0728,7.022,12.3656,2.81876,2.07243
2.81277,-14.076,38.4469,-10.0938,7.02088,12.3721,2.82191,2.08752
2.81394,-14.0766,38.4302,-10.1148,7.01974,12.3786,2.82507,2.10254
2.81474,-14.08,38.4155,-10.138,7.01861,12.3852,2.82821,2.11768
2.8158,-14.0832,38.4007,-10.1612,7.01745,12.3916,2.83137,2.13271
2.81674,-14.2375,38.5119,-10.2858,7.02102,12.3908,2.83026,2.13271
2.81778,-14.089,38.3705,-10.2072,7.01514,12.4045,2.83771,2.16289
2.81881,-14.0917,38.3551,-10.2301,7.014,12.4109,2.84088,2.17789
2.81985,-14.0917,38.337,-10.2509,7.01281,12.4174,2.84415,2.19328
2.82083,-14.0939,38.3213,-10.2735,7.01168,12.4237,2.84732,2.20827
2.82181,-14.0958,38.3054,-10.2959,7.01052,12.4301,2.85051,2.22336
2.82297,-13.9433,38.1792,-10.1932,7.0058,12.4372,2.85481,2.23833
2.82395,-13.9448,38.1631,-10.2153,7.00465,12.4435,2.85801,2.25339
2.82477,-13.9462,38.1469,-10.2374,7.00351,12.4497,2.86121,2.26835
2.82584,-13.9503,38.1326,-10.2617,7.00241,12.4559,2.86439,2.28341
2.8268,-13.9542,38.1181,-10.286,7.00131,12.462,2.8676,2.29833
2.82777,-13.9579,38.1034,-10.3101,7.00024,12.468,2.8708,2.31331
2.82877,-13.9614,38.0885,-10.3341,6.99919,12.4741,2.87402,2.32817
2.82979,-13.9645,38.0733,-10.3578,6.99817,12.48,2.87723,2.3431
2.83086,-13.9674,38.0579,-10.3815,6.99717,12.4859,2.88045,2.35791
2.83175,-13.97,38.0422,-10.4049,6.99619,12.4918,2.88367,2.37279
2.83282,-13.9724,38.0264,-10.4282,6.99523,12.4976,2.8869,2.38755
2.83376,-14.1266,38.1344,-10.5539,6.99879,12.4967,2.88581,2.38755
2.83478,-13.9765,37.9939,-10.4744,6.99336,12.5091,2.89335,2.41713
2.83582,-13.8239,37.8698,-10.3714,6.98889,12.5157,2.89767,2.43194
2.83695,-13.8232,37.8508,-10.3922,6.98794,12.5214,2.90099,2.44694
2.83781,-13.8243,37.8341,-10.4147,6.98705,12.5271,2.90421,2.46174
2.83884,-13.8284,37.8193,-10.4396,6.9862,12.5327,2.90742,2.47643
2.84047,-13.8321,37.8043,-10.4643,6.98534,12.5382,2.91065,2.49117
2.84117,-13.8321,37.8043,-10.4643,6.98534,12.5382,2.91065,2.49117
2.84237,-13.9898,37.8957,-10.615,6.98806,12.5427,2.91281,2.50578
2.84328,-13.8419,37.7578,-10.5375,6.98298,12.5543,2.92034,2.53498
2.84381,-13.6913,37.6354,-10.4359,6.97872,12.5605,2.92471,2.54989
2.84485,-13.6915,37.617,-10.4578,6.97796,12.5659,2.92803,2.56469
2.84589,-13.6937,37.6008,-10.4815,6.97729,12.5711,2.93124,2.57915
2.84705,-13.6985,37.5863,-10.5073,6.97665,12.5762,2.93444,2.59367
2.84783,-13.7032,37.5717,-10.5331,6.97603,12.5812,2.93766,2.60804
2.84878,-13.7075,37.5568,-10.5586,6.97544,12.5862,2.94088,2.62247
2.84982,-13.7115,37.5416,-10.584,6.9749,12.5911,2.9441,2.63676
2.85083,-13.7152,37.526,-10.6091,6.97439,12.5959,2.94731,2.65112
2.85259,-13.7186,37.5103,-10.6341,6.97392,12.6007,2.95052,2.66534
2.85277,-13.7186,37.5103,-10.6341,6.97392,12.6007,2.95052,2.66534
2.85375,-13.5707,37.3736,-10.5567,6.96957,12.6109,2.958,2.69381
2.85517,-13.5731,37.3572,-10.581,6.96918,12.6155,2.96121,2.70806
2.85584,-13.5763,37.3403,-10.6058,6.96882,12.6202,2.96447,2.72248
2.85687,-13.5812,37.3254,-10.6321,6.96851,12.6247,2.96766,2.73667
2.85887,-13.5859,37.3103,-10.6584,6.96821,12.6291,2.97085,2.75071
2.85949,-13.5859,37.3103,-10.6584,6.96821,12.6291,2.97085,2.75071
2.86042,-13.744,37.3981,-10.8113,6.97142,12.6325,2.97299,2.76481
2.86149,-13.4441,37.1602,-10.6086,6.9641,12.6428,2.98144,2.79281
2.86233,-13.7516,37.3659,-10.8627,6.971,12.641,2.97936,2.79281
2.86275,-13.6021,37.2466,-10.7617,6.96741,12.6461,2.98364,2.807
2.86378,-13.455,37.1107,-10.6851,6.96374,12.6553,2.99106,2.83508
2.86473,-13.6087,37.213,-10.8123,6.96717,12.6544,2.99003,2.83508
2.8658,-13.6088,37.1935,-10.835,6.96701,12.6585,2.99329,2.84926
2.86676,-13.4612,37.0589,-10.7582,6.96349,12.6671,3.00055,2.87663
2.8677,-13.6148,37.1606,-10.8855,6.96691,12.6662,2.99952,2.87663
2.86893,-13.467,37.0252,-10.8084,6.9635,12.6748,3.00682,2.90421
2.86974,-13.468,37.0069,-10.8321,6.9635,12.6785,3.00997,2.91792
2.87074,-13.6215,37.1079,-10.9595,6.9669,12.6776,3.00895,2.91792
2.87174,-13.4733,36.974,-10.8824,6.96365,12.6857,3.01609,2.94492
2.87275,-13.4735,36.9549,-10.9055,6.96373,12.6892,3.01924,2.95861
2.87372,-13.4735,36.9549,-10.9055,6.96373,12.6892,3.01924,2.95861
2.87473,-13.3239,36.8203,-10.8271,6.96065,12.697,3.02637,2.98554
2.87573,-13.3263,36.8027,-10.852,6.96083,12.7004,3.02949,2.99931
2.87677,-13.4796,36.9025,-10.9796,6.96418,12.6995,3.02847,2.99931
2.87776,-13.4839,36.8866,-11.0063,6.9644,12.7028,3.03152,3.0127
2.87942,-13.3361,36.7524,-10.9294,6.96156,12.7101,3.0387,3.03974
2.88039,-13.3361,36.7524,-10.9294,6.96156,12.7101,3.0387,3.03974
2.88132,-13.6426,36.9505,-11.1849,6.9682,12.7083,3.03669,3.03974
2.88233,-13.3424,36.6968,-11.0041,6.96253,12.7196,3.04805,3.08088
2.88306,-13.4956,36.7953,-11.132,6.96583,12.7187,3.04705,3.08088
2.88373,-13.4997,36.7772,-11.1587,6.96619,12.7218,3.05021,3.09465
2.88479,-13.3445,36.6363,-11.0756,6.96359,12.7287,3.05751,3.12214
2.88573,-13.1906,36.5181,-10.9703,6.96067,12.7326,3.06157,3.13565
2.8868,-13.3437,36.6159,-11.0983,6.96393,12.7317,3.06058,3.13565
2.88782,-13.1958,36.4835,-11.0214,6.96146,12.7382,3.06752,3.162
2.88872,-13.2004,36.4665,-11.0486,6.96191,12.7409,3.07057,3.17535
2.88974,-13.3534,36.5636,-11.1768,6.96515,12.74,3.06958,3.17535
2.89134,-13.3566,36.5463,-11.203,6.9656,12.7426,3.07256,3.18849
2.89233,-13.3596,36.5286,-11.2291,6.96611,12.7452,3.07554,3.2015
2.89316,-13.3601,36.5085,-11.253,6.96663,12.7477,3.07859,3.21485
2.89427,-13.3612,36.4879,-11.2775,6.96722,12.7503,3.08169,3.22835
2.89515,-13.2094,36.35,-11.1973,6.9652,12.7562,3.08885,3.25539
2.89578,-13.3622,36.4457,-11.3256,6.96837,12.7553,3.08787,3.25539
2.89674,-13.3621,36.4243,-11.3493,6.96895,12.7577,3.09096,3.26892
2.8977,-13.0551,36.1906,-11.1385,6.9638,12.7643,3.09897,3.29553
2.89877,-13.2077,36.2859,-11.2669,6.96695,12.7634,3.098,3.29553
2.89973,-13.2061,36.2642,-11.2893,6.96752,12.7657,3.10099,3.30868
2.90082,-13.0577,36.1317,-11.2119,6.96565,12.7709,3.10784,3.33468
2.90182,-13.2102,36.2263,-11.3404,6.96876,12.77,3.10688,3.33468
2.90274,-13.2109,36.2058,-11.3648,6.96942,12.7721,3.10986,3.34773
2.90377,-13.0608,36.0723,-11.2861,6.96772,12.777,3.11669,3.37358
2.90475,-13.2133,36.1662,-11.4146,6.97079,12.7761,3.11574,3.37358
2.90573,-13.2129,36.1449,-11.4382,6.97152,12.7781,3.1187,3.38666
2.90687,-13.2144,36.1254,-11.4636,6.97227,12.78,3.12159,3.39937
2.90775,-13.2135,36.1035,-11.4867,6.97301,12.7818,3.12456,3.41241
2.90883,-13.2123,36.0814,-11.5098,6.97378,12.7836,3.12752,3.42534
2.91001,-13.0585,35.9664,-11.4039,6.97156,12.7863,3.13142,3.43837
2.91085,-13.0568,35.944,-11.4265,6.97236,12.788,3.13436,3.4513
2.91186,-13.0548,35.9214,-11.4488,6.97316,12.7897,3.13731,3.46431
2.91281,-13.0556,35.9005,-11.4736,6.97401,12.7914,3.14022,3.47722
2.9138,-13.0561,35.8792,-11.4981,6.97484,12.7929,3.14315,3.49019
2.91504,-13.0564,35.8578,-11.5225,6.97569,12.7945,3.14607,3.50303
2.91578,-13.0562,35.8361,-11.5465,6.97657,12.7959,3.14899,3.51594
2.91681,-13.0559,35.8141,-11.5704,6.97746,12.7974,3.1519,3.52873
2.91777,-13.0551,35.7918,-11.594,6.97837,12.7988,3.1548,3.54158
2.91882,-13.0542,35.7693,-11.6175,6.97929,12.8001,3.1577,3.55432
2.91977,-13.0529,35.7465,-11.6407,6.98022,12.8014,3.1606,3.56713
2.92085,-13.0514,35.7235,-11.6637,6.98117,12.8026,3.16348,3.57983
2.92176,-13.0495,35.7003,-11.6864,6.98212,12.8038,3.16637,3.59261
2.92275,-12.8958,35.5871,-11.5801,6.98026,12.8059,3.17017,3.60528
2.92434,-12.8934,35.5636,-11.6024,6.98124,12.807,3.17304,3.61804
2.92563,-12.8934,35.5636,-11.6024,6.98124,12.807,3.17304,3.61804
2.92602,-12.891,35.5178,-11.6491,6.98326,12.8091,3.17875,3.64341
2.92707,-12.7403,35.4062,-11.5451,6.98154,12.811,3.18257,3.65631
2.92787,-12.7408,35.3835,-11.5699,6.98263,12.8119,3.18547,3.6691
2.92874,-12.74,35.3609,-11.5936,6.9837,12.8128,3.18831,3.68169
2.92998,-12.742,35.3398,-11.6198,6.98484,12.8136,3.19111,3.69415
2.93079,-12.7436,35.3184,-11.6456,6.98597,12.8143,3.19392,3.70664
2.9317,-12.745,35.2968,-11.6713,6.98715,12.815,3.19673,3.71899
2.93278,-12.7459,35.2748,-11.6965,6.98835,12.8156,3.19953,3.73139
2.93389,-12.7466,35.2525,-11.7216,6.98958,12.8161,3.20232,3.74365
2.93475,-12.7468,35.23,-11.7464,6.99084,12.8166,3.20511,3.75597
2.93584,-12.7467,35.2071,-11.771,6.99212,12.817,3.20789,3.76817
2.93675,-12.7467,35.2071,-11.771,6.99212,12.817,3.20789,3.76817
2.93774,-12.5947,35.0741,-11.6901,6.99212,12.8186,3.21431,3.79257
2.9388,-12.5937,35.0507,-11.7138,6.99347,12.8189,3.21707,3.80479
2.93976,-12.5934,35.0267,-11.7381,6.99487,12.8191,3.21987,3.81714
2.94083,-12.5947,35.0045,-11.7638,6.99626,12.8193,3.2226,3.8293
2.94177,-12.5958,34.982,-11.7895,6.99766,12.8193,3.22533,3.84132
2.94282,-12.5965,34.9593,-11.8147,6.99909,12.8194,3.22804,3.85339
2.94376,-12.597,34.9362,-11.8398,7.00054,12.8194,3.23075,3.86533
2.94481,-12.597,34.9129,-11.8646,7.00202,12.8193,3.23346,3.87733
2.94584,-12.5967,34.8893,-11.8891,7.00351,12.8191,3.23615,3.88921
2.9468,-12.5961,34.8653,-11.9133,7.00502,12.819,3.23884,3.90116
2.94792,-12.5952,34.8412,-11.9373,7.00655,12.8187,3.24152,3.91299
2.94926,-12.5939,34.8167,-11.961,7.00808,12.8185,3.24419,3.9249
2.94989,-12.4422,34.7084,-11.8553,7.00724,12.819,3.24772,3.9367
2.9509,-12.4403,34.6837,-11.8785,7.00882,12.8187,3.25038,3.94857
2.95181,-12.4383,34.6587,-11.9015,7.0104,12.8183,3.25302,3.96034
2.95275,-12.4389,34.6352,-11.9268,7.01203,12.8178,3.25565,3.97219
2.95376,-12.4392,34.6114,-11.952,7.01365,12.8173,3.25828,3.98395
2.95483,-12.4393,34.5874,-11.9769,7.01529,12.8167,3.2609,3.99563
2.95576,-12.4389,34.5631,-12.0014,7.01696,12.816,3.26351,4.00737
2.95677,-12.4383,34.5385,-12.0258,7.01864,12.8153,3.26611,4.01898
2.95776,-12.4373,34.5136,-12.0498,7.02034,12.8146,3.2687,4.03067
2.95877,-12.5871,34.5952,-12.1791,7.02258,12.8137,3.26786,4.03067
2.95976,-12.4344,34.4631,-12.0971,7.02378,12.813,3.27387,4.05387
2.96076,-12.2829,34.3564,-11.9911,7.02332,12.813,3.27728,4.0654
2.96182,-12.2786,34.3288,-12.0123,7.0251,12.8121,3.27991,4.07723
2.96281,-12.2762,34.3029,-12.0351,7.02688,12.8111,3.28245,4.08874
2.96375,-12.2764,34.2785,-12.0602,7.02866,12.8101,3.28497,4.10033
2.96486,-12.2764,34.2538,-12.0852,7.03044,12.8091,3.28751,4.11178
2.96577,-12.2761,34.2288,-12.1098,7.03224,12.8079,3.29003,4.12328
2.96675,-12.2755,34.2036,-12.1343,7.03406,12.8068,3.29254,4.13466
2.96777,-12.2744,34.1781,-12.1584,7.03591,12.8055,3.29505,4.14609
2.96876,-12.2732,34.1523,-12.1823,7.03777,12.8043,3.29754,4.15741
2.96977,-12.2715,34.1262,-12.2058,7.03964,12.8029,3.30003,4.16879
2.97081,-12.2696,34.0999,-12.2292,7.04152,12.8016,3.30251,4.18006
2.97182,-12.2673,34.0734,-12.2523,7.04342,12.8002,3.30498,4.1914
2.97276,-12.2648,34.0466,-12.2752,7.04532,12.7987,3.30745,4.20263
2.9739,-12.1131,33.9417,-12.1684,7.0453,12.7981,3.31072,4.21395
2.97512,-12.1101,33.9147,-12.1908,7.04725,12.7966,3.31316,4.22515
2.97582,-12.1068,33.8874,-12.2129,7.04919,12.795,3.3156,4.23644
2.97692,-12.1062,33.8616,-12.2374,7.05117,12.7934,3.31801,4.24762
2.97779,-12.1052,33.8354,-12.2616,7.05313,12.7917,3.32043,4.25885
2.97894,-12.1041,33.809,-12.2857,7.05512,12.7899,3.32284,4.26996
2.97976,-12.1025,33.7824,-12.3094,7.05712,12.7881,3.32524,4.28113
2.98078,-12.1007,33.7555,-12.3329,7.05914,12.7863,3.32763,4.29221
2.98176,-12.0986,33.7283,-12.3561,7.06118,12.7844,3.33001,4.30323
2.98283,-12.0961,33.7009,-12.379,7.06322,12.7824,3.33239,4.31432
2.98368,-11.9452,33.5979,-12.2724,7.06357,12.7814,3.33554,4.32529
2.98476,-11.9422,33.5703,-12.2948,7.06566,12.7793,3.3379,4.33634
2.98589,-11.939,33.5424,-12.3171,7.06775,12.7773,3.34024,4.34728
2.98694,-12.087,33.6173,-12.4464,7.06941,12.7763,3.33946,4.34728
2.98783,-11.9375,33.4891,-12.366,7.07199,12.773,3.34489,4.36918
2.98881,-11.9363,33.462,-12.39,7.07412,12.7707,3.3472,4.38011
2.98977,-11.9329,33.4329,-12.412,7.07632,12.7684,3.34957,4.39114
2.99072,-12.0806,33.5067,-12.5413,7.07788,12.7675,3.34879,4.39114
2.99176,-11.928,33.3779,-12.458,7.08059,12.7638,3.35409,4.41256
2.99292,-11.9256,33.3499,-12.481,7.08278,12.7614,3.35636,4.4234
2.99375,-11.9256,33.3499,-12.481,7.08278,12.7614,3.35636,4.4234
2.99474,-11.9191,33.2935,-12.5255,7.08713,12.7564,3.36085,4.44472
2.99574,-11.916,33.2648,-12.5479,7.08935,12.7539,3.3631,4.45541
2.99675,-11.9115,33.2361,-12.5691,7.09151,12.7513,3.36531,4.46597
2.99786,-11.7598,33.1355,-12.4611,7.09232,12.7496,3.36826,4.47644
2.99878,-11.755,33.1067,-12.482,7.09454,12.747,3.37044,4.487
3.00033,-11.9021,33.1783,-12.6112,7.09589,12.7461,3.36968,4.487
3.00073,-11.7507,33.0514,-12.5285,7.09902,12.7415,3.37477,4.50801
3.00179,-11.7462,33.0216,-12.5496,7.10134,12.7387,3.37699,4.51864
3.00296,-11.8932,33.0924,-12.6787,7.10262,12.7377,3.37624,4.51864
3.00376,-11.8902,33.0639,-12.7013,7.10488,12.7349,3.37838,4.52914
3.00482,-11.8872,33.0352,-12.7238,7.10714,12.732,3.38053,4.53953
3.00586,-11.8817,33.0044,-12.744,7.10946,12.729,3.38272,4.5502
3.00677,-11.876,32.9734,-12.7642,7.11181,12.726,3.38489,4.56077
3.00777,-11.7172,32.8417,-12.6745,7.11536,12.7208,3.38995,4.58205
3.00879,-11.8638,32.9108,-12.8036,7.11648,12.7198,3.38922,4.58205
3.00972,-11.56,32.712,-12.5861,7.11892,12.7155,3.39491,4.60306
3.01084,-11.7064,32.7808,-12.7152,7.12,12.7146,3.39417,4.60306
3.01182,-11.5514,32.6523,-12.6286,7.12362,12.7091,3.39908,4.62401
3.01279,-11.5502,32.6234,-12.6526,7.12601,12.7058,3.40118,4.6345
3.01381,-11.6964,32.6914,-12.7816,7.12701,12.7049,3.40045,4.6345
3.01477,-11.6938,32.6623,-12.8044,7.12932,12.7015,3.40251,4.64482
3.01576,-11.6911,32.633,-12.827,7.13166,12.6982,3.40454,4.65501
3.01677,-11.6859,32.6017,-12.8475,7.13409,12.6947,3.40663,4.66546
3.01781,-11.6805,32.5701,-12.8678,7.13654,12.6912,3.40869,4.67581
3.01874,-11.5231,32.4401,-12.7787,7.1406,12.685,3.4135,4.69656
3.01973,-11.6689,32.5064,-12.9076,7.14143,12.6841,3.41279,4.69656
3.02074,-11.6627,32.4743,-12.9272,7.14387,12.6805,3.41482,4.70696
3.02172,-11.6584,32.4438,-12.9485,7.14625,12.6769,3.41679,4.71705
3.02286,-11.5062,32.3459,-12.8388,7.14794,12.6741,3.41953,4.72742
3.02376,-11.4995,32.3135,-12.8578,7.15042,12.6704,3.42153,4.73768
3.02475,-11.3429,32.1847,-12.769,7.15471,12.6638,3.42618,4.75828
3.02574,-11.4883,32.2496,-12.8978,7.15539,12.6629,3.42549,4.75828
3.02676,-11.4837,32.2181,-12.9187,7.15786,12.659,3.42746,4.76858
3.02778,-11.4811,32.1881,-12.9414,7.16028,12.6552,3.42936,4.77855
3.02907,-11.4761,32.1561,-12.9619,7.16277,12.6512,3.43132,4.78878
3.02984,-11.4709,32.124,-12.9823,7.16529,12.6472,3.43326,4.79888
3.03093,-11.3148,31.9959,-12.8935,7.16985,12.6401,3.43779,4.81911
3.03174,-11.4597,32.0591,-13.0222,7.17035,12.6391,3.4371,4.81911
3.03275,-11.4536,32.0264,-13.0417,7.17289,12.635,3.43901,4.82924
3.03371,-11.1537,31.8372,-12.8249,7.17706,12.6286,3.44411,4.84913
3.03473,-11.2983,31.8998,-12.9536,7.1775,12.6277,3.44343,4.84913
3.03579,-11.2918,31.8668,-12.9726,7.1801,12.6234,3.4453,4.8591
3.03678,-11.1413,31.7429,-12.8884,7.18488,12.6158,3.44963,4.87889
3.03777,-11.2858,31.8046,-13.017,7.18522,12.6149,3.44896,4.87889
3.03899,-11.2814,31.7724,-13.0379,7.18785,12.6105,3.45079,4.88875
3.03979,-11.1296,31.648,-12.9524,7.19283,12.6025,3.45506,4.90826
3.04081,-11.2739,31.7089,-13.0808,7.19308,12.6016,3.45439,4.90826
3.04174,-11.2686,31.676,-13.1009,7.19577,12.597,3.4562,4.91811
3.04275,-11.2652,31.6446,-13.1228,7.19839,12.5925,3.45794,4.92765
3.04385,-11.2594,31.6112,-13.1424,7.20108,12.5878,3.45973,4.93745
3.04477,-11.2535,31.5778,-13.1619,7.20381,12.5831,3.4615,4.94712
3.0458,-11.2473,31.5441,-13.181,7.20653,12.5784,3.46326,4.95688
3.04681,-11.2409,31.5102,-13.2,7.20926,12.5737,3.465,4.96653
3.04779,-11.0905,31.4173,-13.0905,7.21196,12.5698,3.46738,4.97626
3.04882,-11.0837,31.3834,-13.1091,7.21472,12.565,3.4691,4.98589
3.04974,-11.0767,31.3493,-13.1275,7.21749,12.5601,3.47081,4.99559
3.05077,-11.0724,31.3164,-13.1483,7.22025,12.5552,3.47249,5.00519
3.05168,-11.0678,31.2832,-13.1688,7.223,12.5502,3.47418,5.01484
3.05274,-11.0631,31.2499,-13.1893,7.22577,12.5452,3.47585,5.02437
3.05378,-11.0581,31.2164,-13.2093,7.22855,12.5402,3.4775,5.03395
3.05475,-11.0529,31.1827,-13.2293,7.23134,12.5351,3.47915,5.04341
3.05573,-11.0473,31.1488,-13.2489,7.23414,12.5299,3.48078,5.05293
3.05681,-11.0416,31.1147,-13.2683,7.23696,12.5247,3.4824,5.06233
3.05777,-11.0356,31.0805,-13.2875,7.23978,12.5195,3.484,5.07181
3.05879,-11.0295,31.0461,-13.3065,7.24261,12.5143,3.4856,5.08116
3.05972,-11.023,31.0115,-13.3252,7.24545,12.509,3.48718,5.0906
3.06095,-10.8737,30.9214,-13.2159,7.24866,12.5046,3.48937,5.09992
3.06174,-10.8669,30.8868,-13.2342,7.25154,12.4992,3.49093,5.10932
3.0629,-10.86,30.852,-13.2524,7.25443,12.4938,3.49247,5.11861
3.06378,-10.8556,30.8183,-13.2729,7.25732,12.4883,3.49399,5.12798
3.06474,-10.8511,30.7844,-13.2933,7.26019,12.4828,3.49551,5.13726
3.06576,-10.8465,30.7503,-13.3134,7.26309,12.4772,3.49702,5.14645
3.06683,-10.8415,30.716,-13.3333,7.266,12.4716,3.49851,5.1557
3.06784,-10.9837,30.7697,-13.461,7.26544,12.4707,3.49791,5.1557
3.06873,-10.8308,30.6469,-13.3723,7.27187,12.4603,3.50146,5.17402
3.06984,-10.6831,30.5591,-13.2639,7.27547,12.4555,3.50351,5.18309
3.07095,-10.6752,30.5228,-13.2809,7.27856,12.4496,3.50499,5.19241
3.07176,-10.6692,30.488,-13.2997,7.28157,12.4438,3.5064,5.20145
3.07279,-10.6657,30.4541,-13.3208,7.28456,12.438,3.5078,5.21056
3.07381,-10.6621,30.4201,-13.3418,7.28753,12.4321,3.5092,5.21953
3.07497,-10.6582,30.3859,-13.3624,7.29053,12.4261,3.51058,5.22854
3.07583,-10.6542,30.3515,-13.3828,7.29356,12.4201,3.51195,5.23742
3.07679,-10.6497,30.3169,-13.4029,7.2966,12.414,3.51331,5.24636
3.07865,-10.6451,30.2821,-13.4229,7.29966,12.4079,3.51465,5.25517
3.07938,-10.6451,30.2821,-13.4229,7.29966,12.4079,3.51465,5.25517
3.07979,-10.6351,30.2121,-13.4619,7.30583,12.3956,3.5173,5.27279
3.08132,-10.6351,30.2121,-13.4619,7.30583,12.3956,3.5173,5.27279
3.08179,-10.4847,30.0906,-13.3741,7.31325,12.3838,3.5205,5.29065
3.08277,-10.4788,30.0552,-13.3928,7.31639,12.3775,3.52177,5.29941
3.08377,-10.4748,30.0213,-13.4131,7.31944,12.3713,3.52299,5.30787
3.08474,-10.4705,29.9872,-13.4332,7.3225,12.365,3.52421,5.31639
3.08645,-10.6114,30.0361,-13.5603,7.32136,12.3641,3.52365,5.31639
3.08733,-10.6114,30.0361,-13.5603,7.32136,12.3641,3.52365,5.31639
3.08825,-10.4574,29.8831,-13.4929,7.33195,12.3457,3.52781,5.34181
3.0894,-10.4511,29.8463,-13.5109,7.3353,12.3389,3.52903,5.35058
3.09024,-10.4455,29.8089,-13.5295,7.33875,12.332,3.53026,5.35941
3.09076,-10.4406,29.7732,-13.5488,7.34198,12.3254,3.53141,5.36798
3.0917,-10.581,29.8204,-13.6757,7.34062,12.3245,3.53086,5.36798
3.09293,-10.4295,29.7019,-13.5862,7.34838,12.3121,3.53366,5.38476
3.09381,-10.4241,29.6658,-13.6049,7.35165,12.3053,3.53477,5.3932
3.09481,-10.2777,29.5838,-13.496,7.35633,12.2995,3.53639,5.40142
3.09576,-10.2719,29.5477,-13.5143,7.35967,12.2927,3.53748,5.40989
3.09678,-10.266,29.5115,-13.5325,7.36301,12.2857,3.53855,5.41825
3.09774,-10.2627,29.476,-13.553,7.36634,12.2788,3.5396,5.42669
3.09875,-10.2592,29.4404,-13.5733,7.36966,12.2717,3.54064,5.435
3.09974,-10.2546,29.4052,-13.5926,7.37291,12.2648,3.54166,5.44318
3.10072,-10.2498,29.3697,-13.6117,7.3762,12.2578,3.54265,5.45126
3.10179,-10.2447,29.3341,-13.6306,7.37951,12.2508,3.54363,5.4594
3.10314,-10.2396,29.2983,-13.6493,7.38284,12.2437,3.5446,5.46744
3.1038,-10.235,29.2618,-13.6684,7.38628,12.2365,3.54558,5.47572
3.10504,-10.2302,29.2252,-13.6873,7.38973,12.2291,3.54654,5.48388
3.10582,-10.3695,29.2685,-13.8138,7.38787,12.2282,3.54603,5.48388
3.10673,-10.0792,29.1096,-13.5968,7.3984,12.2156,3.54888,5.4999
3.10778,-10.2183,29.1525,-13.7231,7.39649,12.2147,3.54838,5.4999
3.10883,-10.2101,29.1145,-13.7388,7.40002,12.2073,3.54931,5.50811
3.10981,-10.0618,28.9994,-13.6504,7.40892,12.1933,3.55157,5.52426
3.11078,-10.2007,29.0414,-13.7766,7.4069,12.1924,3.55107,5.52426
3.11182,-10.1949,29.004,-13.7944,7.41042,12.1848,3.55195,5.53233
3.11285,-10.0457,28.8888,-13.7048,7.41949,12.1707,3.55412,5.54834
3.11383,-10.1844,28.93,-13.8309,7.41735,12.1697,3.55363,5.54834
3.11477,-10.0346,28.8149,-13.7406,7.42655,12.1555,3.55573,5.56428
3.11575,-10.0277,28.777,-13.7572,7.43015,12.1477,3.55654,5.57235
3.11674,-10.1661,28.8172,-13.8832,7.4279,12.1468,3.55606,5.57235
3.11775,-10.0174,28.7036,-13.7937,7.43713,12.1324,3.55804,5.58803
3.11876,-9.87196,28.6257,-13.684,7.44312,12.1254,3.55928,5.59595
3.11976,-10.0101,28.6653,-13.8098,7.44077,12.1245,3.55881,5.59595
3.12075,-9.8636,28.553,-13.7219,7.45022,12.1099,3.56068,5.61155
3.12174,-9.8585,28.5155,-13.7398,7.45388,12.1019,3.5614,5.6195
3.12275,-9.99645,28.5542,-13.8656,7.45142,12.101,3.56093,5.6195
3.12375,-9.85172,28.4427,-13.779,7.46101,12.086,3.56273,5.63485
3.12491,-9.84598,28.4047,-13.7962,7.46474,12.0779,3.56339,5.6427
3.12656,-9.98369,28.4425,-13.9218,7.46216,12.077,3.56293,5.6427
3.12684,-9.9797,28.4055,-13.9408,7.46574,12.0689,3.56356,5.65029
3.12772,-10.1173,28.4427,-14.0663,7.4631,12.068,3.5631,5.65029
3.12871,-9.97185,28.3303,-13.9786,7.47301,12.0526,3.56479,5.66561
3.1298,-9.82859,28.2543,-13.8701,7.47958,12.045,3.56585,5.67351
3.13089,-9.96599,28.291,-13.9956,7.47685,12.0441,3.56541,5.67351
3.13173,-9.81283,28.1755,-13.9003,7.48733,12.0283,3.56701,5.68903
3.13275,-9.8065,28.1361,-13.9168,7.49121,12.0198,3.56756,5.69683
3.13382,-9.79981,28.0966,-13.9328,7.49508,12.0112,3.56811,5.7047
3.1348,-9.7951,28.0583,-13.9507,7.49879,12.0029,3.56861,5.71231
3.13593,-9.79008,28.02,-13.9683,7.50249,11.9945,3.56911,5.71997
3.13682,-9.78502,27.9815,-13.9858,7.5062,11.986,3.56959,5.72752
3.13774,-9.77963,27.9429,-14.003,7.50992,11.9775,3.57006,5.73513
3.13878,-9.77416,27.9042,-14.0201,7.51366,11.969,3.57051,5.74262
3.14026,-9.76838,27.8654,-14.0368,7.51741,11.9605,3.57095,5.75019
3.14095,-9.62599,27.7928,-13.9285,7.52432,11.9529,3.57179,5.75764
3.14184,-9.61992,27.7541,-13.9449,7.52813,11.9443,3.5722,5.76517
3.14277,-9.61379,27.7152,-13.9612,7.53195,11.9356,3.57259,5.7726
3.14375,-9.61014,27.677,-13.9797,7.53573,11.9269,3.57295,5.7801
3.14484,-9.6064,27.6386,-13.9981,7.53949,11.9182,3.57332,5.78746
3.14575,-9.60236,27.6001,-14.0161,7.54328,11.9094,3.57366,5.79489
3.14676,-9.59822,27.5615,-14.034,7.54708,11.9006,3.57399,5.80218
3.14784,-9.59374,27.5228,-14.0516,7.55091,11.8918,3.57431,5.80954
3.14875,-9.58916,27.4839,-14.0691,7.55475,11.8829,3.5746,5.81678
3.14978,-9.58426,27.4449,-14.0862,7.5586,11.874,3.57489,5.82408
3.15076,-9.57928,27.4058,-14.1031,7.56247,11.8651,3.57516,5.83127
3.15172,-9.57399,27.3666,-14.1198,7.56635,11.8561,3.57541,5.83854
3.15277,-9.56857,27.3273,-14.1363,7.57024,11.8471,3.57565,5.84573
3.15374,-9.4275,27.2579,-14.0283,7.57781,11.839,3.57626,5.85287
3.1548,-9.42174,27.2186,-14.0444,7.58177,11.8299,3.57646,5.86008
3.15576,-9.41593,27.1793,-14.0604,7.58574,11.8208,3.57665,5.86719
3.15692,-9.41258,27.1405,-14.0786,7.58965,11.8117,3.57682,5.87438
3.15783,-9.54788,27.1696,-14.2028,7.58586,11.8108,3.57644,5.87438
3.15875,-9.40543,27.0626,-14.1144,7.59749,11.7933,3.57712,5.88855
3.15974,-9.40161,27.0235,-14.1321,7.60143,11.784,3.57724,5.89554
3.16082,-9.39555,26.983,-14.1475,7.60557,11.7745,3.57736,5.90274
3.16179,-9.3913,26.9437,-14.1647,7.60955,11.7652,3.57745,5.90969
3.16275,-9.38672,26.9042,-14.1815,7.61353,11.7559,3.57752,5.91671
3.16375,-9.52156,26.9315,-14.3053,7.60949,11.755,3.57716,5.91671
3.1647,-9.37718,26.825,-14.2146,7.62153,11.7371,3.57763,5.93059
3.16573,-9.51186,26.8516,-14.3383,7.6174,11.7362,3.57727,5.93059
3.16675,-9.22889,26.719,-14.1201,7.63376,11.7193,3.57803,5.94429
3.16773,-9.22097,26.6787,-14.1335,7.63792,11.7098,3.57804,5.95117
3.16891,-9.21752,26.6401,-14.1512,7.64187,11.7005,3.578,5.958
3.16981,-9.21405,26.6014,-14.1687,7.64579,11.6911,3.57797,5.96472
3.17073,-9.21111,26.5621,-14.1866,7.64985,11.6814,3.57792,5.97163
3.17174,-9.20723,26.5232,-14.2037,7.65383,11.6719,3.57786,5.97828
3.17276,-9.20307,26.4841,-14.2205,7.65785,11.6623,3.57778,5.98499
3.17376,-9.19885,26.4449,-14.2371,7.66189,11.6527,3.57769,5.99159
3.17477,-9.19435,26.4056,-14.2535,7.66596,11.6431,3.57758,5.99826
3.17574,-9.18981,26.3662,-14.2697,7.67004,11.6334,3.57745,6.00483
3.17679,-9.18499,26.3267,-14.2857,7.67416,11.6237,3.57731,6.01147
3.17773,-9.18015,26.2871,-14.3015,7.67829,11.6139,3.57715,6.01801
3.17875,-9.04141,26.2244,-14.194,7.68713,11.605,3.5773,6.02463
3.17974,-9.17503,26.2473,-14.3171,7.68245,11.6041,3.57697,6.02463
3.18077,-9.03374,26.1457,-14.2273,7.6955,11.5853,3.57688,6.03775
3.18176,-9.16721,26.1681,-14.3503,7.69073,11.5844,3.57656,6.03775
3.1829,-9.16247,26.1275,-14.366,7.69503,11.5742,3.57634,6.0444
3.18374,-9.29586,26.1493,-14.4889,7.69019,11.5733,3.57603,6.0444
3.18474,-9.15357,26.0476,-14.3979,7.7034,11.5542,3.57584,6.05738
3.18579,-9.28682,26.0689,-14.5207,7.69847,11.5533,3.57553,6.05738
3.18678,-9.27889,26.0271,-14.5332,7.70288,11.5431,3.57526,6.06394
3.18784,-9.2726,25.9865,-14.5474,7.70713,11.5331,3.57496,6.07048
3.18873,-9.26437,25.9446,-14.5596,7.71155,11.5228,3.57465,6.07705
3.18977,-9.25593,25.9027,-14.5716,7.71599,11.5125,3.57432,6.08374
3.19077,-9.2475,25.8607,-14.5836,7.72042,11.5022,3.57397,6.09035
3.19179,-9.10607,25.7993,-14.4728,7.73004,11.4928,3.5739,6.09706
3.19272,-9.23887,25.8187,-14.5953,7.72485,11.4919,3.5736,6.09706
3.19376,-9.23028,25.7766,-14.607,7.72928,11.4816,3.57322,6.10369
3.19519,-9.2235,25.7356,-14.6204,7.7335,11.4715,3.57282,6.11029
3.19573,-9.35614,25.7542,-14.7428,7.7282,11.4706,3.57254,6.11029
3.19682,-9.34734,25.7117,-14.7542,7.73257,11.4602,3.57213,6.11693
3.19776,-9.33762,25.6699,-14.7648,7.73686,11.45,3.57171,6.12353
3.19879,-9.47011,25.6876,-14.8871,7.73144,11.4491,3.57143,6.12353
3.19974,-9.45843,25.6443,-14.8957,7.7359,11.4387,3.571,6.13018
3.20082,-9.44591,25.6016,-14.9037,7.74027,11.4285,3.57055,6.13684
3.20174,-9.43088,25.5584,-14.9093,7.74473,11.4183,3.57009,6.14344
3.20324,-9.56314,25.575,-15.0313,7.73914,11.4174,3.56983,6.14344
3.20437,-9.54801,25.5315,-15.0368,7.74358,11.4072,3.56935,6.15019
3.20564,-9.401,25.4722,-14.9205,7.75368,11.3978,3.56911,6.1569
3.20664,-9.53311,25.4881,-15.0424,7.74801,11.3969,3.56885,6.1569
3.20732,-9.23591,25.3676,-14.8065,7.76888,11.3775,3.5683,6.17099
3.20826,-9.35165,25.3384,-14.9324,7.7679,11.3659,3.56747,6.17823
3.2092,-9.48354,25.3535,-15.0542,7.76209,11.365,3.56722,6.17823
3.2102,-9.32437,25.2504,-14.9454,7.77703,11.3447,3.56627,6.19259
3.21123,-9.31062,25.2068,-14.9518,7.78148,11.3341,3.56568,6.19966
3.21212,-9.29474,25.1621,-14.956,7.78618,11.3234,3.56505,6.20696
3.21333,-9.28114,25.1185,-14.9624,7.79066,11.3128,3.5644,6.21406
3.21377,-9.26744,25.0749,-14.9687,7.79513,11.3023,3.56375,6.22124
3.21475,-9.3989,25.0881,-15.0901,7.78905,11.3014,3.56351,6.22124
3.21566,-9.10911,24.9748,-14.8601,7.8102,11.2819,3.56263,6.23552
3.21679,-9.09309,24.9311,-14.8641,7.81483,11.2713,3.56194,6.24265
3.21777,-9.22432,24.9437,-14.9853,7.80864,11.2704,3.56171,6.24265
3.21872,-9.07081,24.8465,-14.881,7.82347,11.2503,3.56051,6.25663
3.21982,-9.2019,24.8585,-15.0022,7.81719,11.2494,3.56028,6.25663
3.22077,-9.0466,24.7608,-14.8959,7.83239,11.229,3.55901,6.27067
3.22175,-9.03355,24.7174,-14.9023,7.83698,11.2181,3.55825,6.27769
3.22274,-9.16442,24.7285,-15.0233,7.83056,11.2172,3.55803,6.27769
3.22372,-9.01156,24.6324,-14.919,7.84579,11.1968,3.55667,6.29149
3.22471,-8.99849,24.589,-14.9252,7.85045,11.1858,3.55585,6.29854
3.22568,-8.98761,24.5464,-14.9335,7.85491,11.175,3.55501,6.30534
3.22677,-8.97664,24.5038,-14.9416,7.85938,11.1642,3.55417,6.31222
3.22768,-8.83536,24.4517,-14.8292,7.87054,11.1542,3.55352,6.31897
3.22876,-8.96581,24.4612,-14.9498,7.86387,11.1534,3.55331,6.31897
3.23023,-8.81642,24.3672,-14.8479,7.87958,11.1324,3.55173,6.3325
3.23089,-8.94672,24.3761,-14.9684,7.87281,11.1315,3.55154,6.3325
3.23186,-8.93638,24.3328,-14.9768,7.87748,11.1203,3.55062,6.33939
3.23303,-8.92815,24.2903,-14.9872,7.88194,11.1092,3.54968,6.34602
3.23371,-8.77744,24.1955,-14.8833,7.89834,11.0875,3.54793,6.35954
3.23482,-8.90746,24.2033,-15.0036,7.89139,11.0866,3.54774,6.35954
3.23578,-8.89698,24.1598,-15.0116,7.89615,11.0753,3.54674,6.3663
3.2368,-8.88865,24.1171,-15.0217,7.90067,11.0642,3.54573,6.37282
3.23779,-8.87814,24.0736,-15.0295,7.90544,11.0528,3.5447,6.37952
3.2387,-8.86777,24.03,-15.0375,7.91024,11.0413,3.54365,6.3861
3.23972,-8.58758,23.9305,-14.8129,7.93431,11.0202,3.54182,6.39931
3.24083,-8.71718,23.9368,-14.9329,7.92711,11.0193,3.54165,6.39931
3.24178,-8.70668,23.8934,-14.9406,7.93199,11.0078,3.54053,6.40594
3.24278,-8.83621,23.8991,-15.0605,7.92472,11.007,3.54037,6.40594
3.24379,-8.69304,23.8079,-14.9626,7.94127,10.9849,3.53827,6.41886
3.2448,-8.68585,23.764,-14.973,7.94618,10.9731,3.53708,6.4254
3.2466,-8.54659,23.7152,-14.861,7.95866,10.9621,3.53604,6.43198
3.2474,-8.8051,23.7244,-15.1004,7.94376,10.9604,3.53573,6.43198
3.24841,-8.53061,23.6292,-14.8803,7.96841,10.9389,3.5336,6.44468
3.24938,-8.53061,23.6292,-14.8803,7.96841,10.9389,3.5336,6.44468
3.25018,-8.78884,23.6373,-15.1194,7.95332,10.9371,3.5333,6.44468
3.25092,-8.50852,23.4975,-14.9101,7.98354,10.9029,3.52973,6.46407
3.25181,-8.50352,23.454,-14.9221,7.98845,10.8909,3.52839,6.47037
3.25285,-8.49364,23.4093,-14.9295,7.99371,10.8787,3.52704,6.47682
3.25401,-8.4878,23.3664,-14.9407,7.99849,10.8671,3.5257,6.48291
3.25487,-8.48168,23.3235,-14.9517,8.00327,10.8553,3.52436,6.48905
3.25591,-8.47569,23.2805,-14.9626,8.00806,10.8436,3.523,6.49505
3.25679,-8.46947,23.2375,-14.9733,8.01288,10.8318,3.52163,6.50111
3.25787,-8.4633,23.1944,-14.984,8.01773,10.82,3.52024,6.50704
3.25869,-8.32855,23.1502,-14.8755,8.03064,10.809,3.51895,6.51302
3.25975,-8.32229,23.1074,-14.886,8.03559,10.7971,3.51753,6.51889
3.26077,-8.45059,23.1082,-15.0049,8.02752,10.7962,3.51741,6.51889
3.2618,-8.31203,23.0217,-14.9088,8.04543,10.7732,3.51461,6.53064
3.26299,-8.30798,22.9789,-14.9211,8.0503,10.7612,3.51313,6.53649
3.2638,-8.30204,22.9352,-14.9315,8.05546,10.7489,3.51161,6.54233
3.26481,-8.2978,22.8923,-14.9436,8.06039,10.7369,3.51009,6.54812
3.26583,-8.29355,22.8494,-14.9555,8.06533,10.7248,3.50856,6.55378
3.2668,-8.28908,22.8064,-14.9672,8.0703,10.7127,3.50701,6.55948
3.26825,-8.28464,22.7634,-14.9788,8.07529,10.7005,3.50544,6.56507
3.2688,-8.27996,22.7203,-14.9902,8.08031,10.6884,3.50386,6.57071
3.26977,-8.2753,22.6772,-15.0015,8.08536,10.6762,3.50225,6.57624
3.27072,-8.14284,22.6363,-14.8942,8.099,10.6648,3.50073,6.58183
3.27176,-8.13805,22.5934,-14.9053,8.10415,10.6525,3.49908,6.58731
3.27276,-8.13303,22.5505,-14.916,8.10932,10.6402,3.49742,6.59286
3.27377,-8.13065,22.5076,-14.9292,8.11436,10.6279,3.49574,6.5983
3.27476,-8.128,22.4647,-14.942,8.11941,10.6155,3.49404,6.60378
3.27578,-8.1254,22.4217,-14.9548,8.12448,10.6031,3.49233,6.60914
3.27677,-8.12251,22.3787,-14.9673,8.12959,10.5907,3.4906,6.61455
3.27778,-8.11956,22.3357,-14.9797,8.13472,10.5783,3.48885,6.61987
3.27875,-8.11653,22.2926,-14.9919,8.13988,10.5658,3.48708,6.62513
3.27976,-8.11324,22.2495,-15.0038,8.14506,10.5533,3.48529,6.63045
3.28076,-8.10995,22.2064,-15.0157,8.15027,10.5408,3.48349,6.63566
3.28176,-8.10642,22.1632,-15.0272,8.15551,10.5283,3.48167,6.64093
3.28277,-8.10289,22.12,-15.0387,8.16076,10.5157,3.47983,6.6461
3.28378,-7.9724,22.0825,-14.9324,8.17521,10.5039,3.47802,6.65133
3.28479,-7.96872,22.0396,-14.9437,8.18056,10.4913,3.47614,6.65647
3.28575,-7.96481,21.9966,-14.9546,8.18594,10.4787,3.47424,6.66168
3.28676,-7.9635,21.9535,-14.9679,8.19116,10.466,3.47232,6.66678
3.28779,-7.96191,21.9105,-14.9809,8.1964,10.4533,3.47038,6.67194
3.28879,-7.96036,21.8674,-14.9938,8.20166,10.4405,3.46843,6.67697
3.28983,-7.95852,21.8242,-15.0064,8.20696,10.4278,3.46646,6.68207
3.29076,-7.95666,21.7811,-15.019,8.21227,10.415,3.46447,6.68705
3.29173,-7.95453,21.7379,-15.0312,8.21762,10.4022,3.46247,6.69209
3.29278,-7.95238,21.6947,-15.0433,8.22298,10.3894,3.46044,6.69702
3.29375,-7.94997,21.6514,-15.0551,8.22837,10.3765,3.4584,6.70202
3.2948,-7.94756,21.6082,-15.0669,8.23379,10.3637,3.45634,6.70692
3.29575,-7.94489,21.5649,-15.0783,8.23922,10.3508,3.45426,6.71189
3.29674,-7.81634,21.5309,-14.973,8.25445,10.3387,3.45219,6.71676
3.29776,-7.81349,21.4879,-14.9841,8.25998,10.3258,3.45007,6.7217
3.29875,-7.81067,21.4448,-14.9952,8.26553,10.3128,3.44793,6.72655
3.2998,-7.81016,21.4016,-15.0085,8.27093,10.2999,3.44577,6.73148
3.3008,-7.80963,21.3584,-15.0216,8.27633,10.2868,3.4436,6.73628
3.30181,-7.80886,21.3152,-15.0344,8.28176,10.2738,3.44141,6.74115
3.30276,-7.80806,21.272,-15.0471,8.28722,10.2607,3.43921,6.74589
3.30378,-7.80697,21.2287,-15.0595,8.2927,10.2477,3.43698,6.75071
3.30476,-7.80586,21.1854,-15.0718,8.29821,10.2346,3.43474,6.75541
3.30576,-7.80447,21.1421,-15.0838,8.30374,10.2215,3.43249,6.76018
3.30674,-7.80307,21.0988,-15.0957,8.30929,10.2084,3.43021,6.76485
3.30781,-7.8014,21.0554,-15.1073,8.31487,10.1952,3.42792,6.7696
3.30907,-7.67451,21.0247,-15.0028,8.3308,10.1829,3.4256,6.77428
3.30986,-7.67277,20.9816,-15.0142,8.33647,10.1697,3.42326,6.77891
3.31078,-7.67077,20.9385,-15.0253,8.34217,10.1565,3.42091,6.78363
3.31195,-7.67134,20.8952,-15.0387,8.3477,10.1433,3.41854,6.78824
3.31285,-7.6716,20.8519,-15.0518,8.35324,10.13,3.41616,6.79291
3.31382,-7.67188,20.8086,-15.0648,8.3588,10.1167,3.41376,6.79747
3.31476,-7.67186,20.7653,-15.0775,8.36439,10.1034,3.41134,6.80209
3.31596,-7.6718,20.7219,-15.0901,8.37001,10.0901,3.40891,6.8066
3.31676,-7.67145,20.6785,-15.1023,8.37565,10.0768,3.40646,6.81117
3.31785,-7.67107,20.6352,-15.1145,8.38132,10.0634,3.40399,6.81565
3.31875,-7.66973,20.5924,-15.1258,8.38688,10.0504,3.40156,6.8201
3.31973,-7.5446,20.5646,-15.0222,8.40345,10.0378,3.39902,6.82455
3.32075,-7.54307,20.5221,-15.0332,8.40912,10.0247,3.39655,6.82899
3.32174,-7.54411,20.4794,-15.0465,8.41463,10.0115,3.39405,6.83334
3.32273,-7.54488,20.4367,-15.0595,8.42015,9.99825,3.39155,6.83775
3.32374,-7.54562,20.3939,-15.0724,8.42572,9.985,3.38903,6.84205
3.32476,-7.54609,20.3511,-15.085,8.43133,9.97172,3.38648,6.84642
3.32575,-7.54654,20.3083,-15.0975,8.43697,9.9584,3.38392,6.85069
3.32673,-7.54671,20.2655,-15.1097,8.44265,9.94507,3.38135,6.85503
3.32774,-7.54688,20.2226,-15.1218,8.44836,9.93169,3.37875,6.85927
3.32874,-7.54678,20.1797,-15.1335,8.45411,9.9183,3.37613,6.86358
3.32973,-7.54668,20.1368,-15.1452,8.45988,9.90488,3.3735,6.8678
3.33073,-7.54632,20.0939,-15.1566,8.46569,9.89143,3.37085,6.87211
3.33174,-7.54597,20.051,-15.168,8.47153,9.87796,3.36817,6.87632
3.33277,-7.42164,20.0271,-15.0644,8.48885,9.86527,3.36541,6.88061
3.33371,-7.42111,19.9844,-15.0754,8.49479,9.85175,3.3627,6.88481
3.33481,-7.42285,19.9414,-15.0885,8.50056,9.83819,3.35996,6.8891
3.33579,-7.42457,19.8985,-15.1015,8.50633,9.82459,3.35722,6.89327
3.33674,-7.54813,19.8785,-15.2159,8.49473,9.82379,3.35729,6.89327
3.33774,-7.42738,19.8124,-15.1267,8.51799,9.79735,3.35167,6.90164
3.33873,-7.42665,19.769,-15.1371,8.52421,9.78344,3.34881,6.90593
3.3397,-7.55003,19.7482,-15.2513,8.51246,9.78264,3.3489,6.90593
3.34071,-7.42861,19.683,-15.1611,8.53602,9.75612,3.34315,6.9142
3.34176,-7.42744,19.6395,-15.1709,8.54232,9.74217,3.34024,6.91847
3.3427,-7.55066,19.6179,-15.285,8.53042,9.74137,3.34033,6.91847
3.34379,-7.42853,19.5534,-15.1938,8.55427,9.71478,3.33447,6.92676
3.34473,-7.42709,19.5101,-15.2031,8.56063,9.70078,3.3315,6.93092
3.34567,-7.30426,19.4895,-15.1002,8.57873,9.68786,3.32847,6.93511
3.34674,-7.42725,19.467,-15.214,8.56667,9.68706,3.32857,6.93511
3.34773,-7.30699,19.4036,-15.1241,8.59073,9.66033,3.32255,6.94337
3.34883,-7.30758,19.3602,-15.1351,8.59701,9.64624,3.31952,6.94751
3.34993,-7.43041,19.3368,-15.2487,8.5848,9.64545,3.31963,6.94751
3.35075,-7.31188,19.2739,-15.16,8.60893,9.61861,3.3135,6.95568
3.35176,-7.31188,19.2304,-15.1703,8.61529,9.6045,3.31042,6.95985
3.35278,-7.43454,19.2062,-15.2837,8.60293,9.60372,3.31054,6.95985
3.35378,-7.31524,19.1442,-15.194,8.62736,9.57682,3.30431,6.96794
3.35473,-7.31492,19.1007,-15.2037,8.63379,9.56268,3.30117,6.97199
3.35574,-7.43742,19.0756,-15.317,8.62128,9.56189,3.3013,6.97199
3.35676,-7.31742,19.0145,-15.2262,8.646,9.53493,3.29496,6.98003
3.35776,-7.31655,18.9711,-15.2353,8.65251,9.52075,3.29177,6.98416
3.35876,-7.31655,18.9711,-15.2353,8.65251,9.52075,3.29177,6.98416
3.35976,-7.19604,18.9111,-15.1437,8.67759,9.49372,3.28532,6.99218
3.36073,-7.19747,18.8676,-15.1547,8.68399,9.47949,3.28208,6.99622
3.36171,-7.31964,18.8411,-15.2676,8.67121,9.47871,3.28222,6.99622
3.36274,-7.32257,18.7975,-15.2801,8.67721,9.46476,3.27902,7.00025
3.36379,-7.20424,18.7376,-15.1899,8.70256,9.43729,3.27239,7.00823
3.36475,-7.32624,18.7102,-15.3026,8.68964,9.43652,3.27254,7.00823
3.36576,-7.20738,18.651,-15.2118,8.7152,9.40907,3.26581,7.01617
3.36673,-7.20784,18.6075,-15.2215,8.72173,9.39478,3.26248,7.02013
3.3677,-7.32968,18.5793,-15.334,8.70867,9.39401,3.26264,7.02013
3.36874,-7.33168,18.5358,-15.3453,8.71481,9.38003,3.25935,7.02409
3.36973,-7.21185,18.4778,-15.253,8.74074,9.35248,3.25251,7.03195
3.37087,-7.21185,18.4778,-15.253,8.74074,9.35248,3.25251,7.03195
3.37177,-7.09176,18.4207,-15.1603,8.76695,9.32493,3.24557,7.03979
3.37274,-7.21335,18.3913,-15.2726,8.75366,9.32416,3.24574,7.03979
3.37374,-7.09767,18.3338,-15.1838,8.77955,9.29652,3.23875,7.04764
3.37473,-7.0994,18.2903,-15.1942,8.78607,9.28216,3.2353,7.05161
3.37577,-7.22083,18.2601,-15.3063,8.77264,9.28139,3.23547,7.05161
3.37679,-7.22432,18.2165,-15.3184,8.77877,9.26732,3.23206,7.0554
3.37776,-7.10757,18.1603,-15.2281,8.80505,9.23961,3.22496,7.06309
3.37876,-7.22884,18.1292,-15.34,8.79147,9.23884,3.22515,7.06309
3.38074,-7.22987,18.0855,-15.3495,8.79807,9.22447,3.22162,7.067
3.38151,-7.22987,18.0855,-15.3495,8.79807,9.22447,3.22162,7.067
3.38258,-7.23342,17.9983,-15.3699,8.81094,9.19597,3.2146,7.07465
3.38289,-7.11369,17.9862,-15.2677,8.83153,9.18205,3.21076,7.07854
3.38378,-6.99545,17.93,-15.1749,8.85927,9.15318,3.20315,7.08649
3.38475,-7.11641,17.8975,-15.2864,8.84542,9.15242,3.20335,7.08649
3.38574,-7.11899,17.8537,-15.2971,8.8519,9.13807,3.19974,7.09039
3.38678,-7.00494,17.7998,-15.2084,8.87847,9.11039,3.19236,7.09795
3.38807,-7.12574,17.7664,-15.3197,8.86448,9.10964,3.19257,7.09795
3.38926,-7.12804,17.7228,-15.3299,8.87101,9.09528,3.18892,7.10169
3.38981,-7.0156,17.6692,-15.2424,8.89766,9.06754,3.18145,7.10916
3.39084,-7.13624,17.6351,-15.3535,8.88352,9.06679,3.18167,7.10916
3.39176,-7.13786,17.5915,-15.3629,8.89014,9.0524,3.17799,7.11293
3.39272,-7.1413,17.548,-15.374,8.8964,9.0383,3.17436,7.11655
3.3938,-7.14258,17.5045,-15.3829,8.9031,9.02388,3.17066,7.12031
3.39472,-7.02344,17.4963,-15.2809,8.92416,9.01023,3.1667,7.12398
3.39578,-7.02449,17.4531,-15.2895,8.93097,8.99581,3.16294,7.12775
3.39675,-7.02556,17.4099,-15.298,8.93779,8.98138,3.15918,7.13144
3.39781,-7.02882,17.3662,-15.3085,8.94439,8.96694,3.15539,7.13522
3.39882,-7.03205,17.3225,-15.319,8.95098,8.95248,3.15161,7.1389
3.39988,-7.03503,17.2788,-15.3291,8.95761,8.93802,3.1478,7.14265
3.40099,-7.03798,17.2352,-15.3391,8.96425,8.92356,3.14398,7.1463
3.40175,-7.04064,17.1915,-15.3489,8.97093,8.90909,3.14015,7.15003
3.40285,-7.04327,17.148,-15.3585,8.97763,8.89463,3.13631,7.15366
3.40372,-6.92561,17.1419,-15.2574,8.99912,8.8809,3.1322,7.15737
3.40477,-6.92793,17.0987,-15.2667,9.00592,8.86642,3.12832,7.16103
3.40576,-6.93016,17.0555,-15.2758,9.01276,8.85194,3.12443,7.16465
3.40676,-6.93456,17.0117,-15.2868,9.01935,8.83745,3.12052,7.16835
3.40778,-6.93892,16.9679,-15.2977,9.02595,8.82293,3.1166,7.17193
3.40877,-6.943,16.9241,-15.3084,9.03258,8.80842,3.11268,7.17559
3.40975,-6.94704,16.8804,-15.3189,9.03924,8.7939,3.10874,7.17914
3.41074,-6.95076,16.8368,-15.3291,9.04593,8.77939,3.10479,7.18276
3.41182,-6.95444,16.7931,-15.3391,9.05265,8.76487,3.10082,7.18628
3.41278,-6.95781,16.7496,-15.3488,9.05941,8.75036,3.09684,7.18987
3.4139,-6.96115,16.706,-15.3584,9.06619,8.73583,3.09285,7.19337
3.415,-6.9642,16.6625,-15.3677,9.073,8.72131,3.08884,7.19696
3.41577,-7.08365,16.622,-15.4774,9.05772,8.72058,3.08912,7.19696
3.41674,-6.8506,16.6164,-15.2763,9.10207,8.69297,3.0805,7.20402
3.41775,-6.85338,16.5734,-15.2851,9.10901,8.67842,3.07644,7.20751
3.41873,-6.9727,16.5323,-15.3947,9.09361,8.6777,3.07673,7.20751
3.41975,-6.8621,16.4872,-15.3059,9.12213,8.64987,3.06846,7.2144
3.42094,-6.86675,16.4435,-15.3163,9.12889,8.63527,3.06437,7.21794
3.42172,-6.87076,16.4006,-15.3262,9.13555,8.62094,3.06035,7.22131
3.42296,-6.87508,16.3569,-15.3362,9.14239,8.60632,3.05622,7.22482
3.42373,-6.87877,16.314,-15.3457,9.14912,8.59198,3.05217,7.22817
3.42477,-6.9978,16.2713,-15.4548,9.13343,8.59126,3.05247,7.22817
3.42624,-6.88559,16.2283,-15.3639,9.1627,8.56326,3.04402,7.23493
3.42725,-6.88686,16.1856,-15.3708,9.16999,8.54859,3.03983,7.23842
3.42771,-7.00574,16.1421,-15.4797,9.15416,8.54787,3.04014,7.23842
3.42882,-6.89211,16.0988,-15.3868,9.18454,8.51893,3.0313,7.24544
3.42972,-6.89211,16.0988,-15.3868,9.18454,8.51893,3.0313,7.24544
3.43072,-6.8931,16.0562,-15.3933,9.19191,8.50424,3.02706,7.24887
3.43177,-7.01184,16.0119,-15.5021,9.17592,8.50353,3.02738,7.24887
3.43289,-6.89846,15.971,-15.4095,9.20583,8.47544,3.0187,7.25571
3.43375,-6.89902,15.9285,-15.4154,9.2133,8.46072,3.01442,7.25925
3.4348,-7.01762,15.8834,-15.524,9.19717,8.46002,3.01474,7.25925
3.43573,-6.90376,15.8435,-15.4307,9.22744,8.43183,3.00595,7.26613
3.43674,-6.90415,15.8011,-15.4362,9.23501,8.41705,3.00161,7.2696
3.43778,-7.02261,15.7553,-15.5446,9.21874,8.41635,3.00194,7.2696
3.43875,-6.90827,15.7163,-15.4506,9.24936,8.38806,2.99303,7.27657
3.43976,-6.90838,15.6741,-15.4557,9.25704,8.37324,2.98863,7.28006
3.44077,-7.0267,15.6274,-15.5639,9.24062,8.37254,2.98897,7.28006
3.44174,-6.79381,15.6364,-15.3612,9.28806,8.34485,2.9796,7.28704
3.44274,-6.79358,15.5946,-15.3658,9.29589,8.32998,2.97514,7.29064
3.44392,-6.91177,15.5473,-15.4739,9.27936,8.32929,2.97549,7.29064
3.44477,-6.91588,15.5042,-15.4826,9.28641,8.3147,2.97109,7.29411
3.44574,-6.91972,15.4612,-15.491,9.29347,8.30008,2.9667,7.29764
3.4468,-6.92171,15.4183,-15.4975,9.30102,8.28516,2.9622,7.30114
3.44777,-6.92343,15.3755,-15.5037,9.30863,8.27026,2.95768,7.30472
3.44871,-6.92515,15.3327,-15.5098,9.31626,8.25534,2.95314,7.30822
3.44991,-6.80822,15.3395,-15.4077,9.34057,8.24143,2.94831,7.31174
3.45076,-6.80933,15.2978,-15.4133,9.34814,8.22681,2.94383,7.31518
3.45193,-6.92719,15.2487,-15.5209,9.33128,8.22612,2.9442,7.31518
3.45323,-6.93044,15.2059,-15.5285,9.33853,8.21147,2.9397,7.31871
3.45379,-6.9337,15.1631,-15.5359,9.3458,8.19679,2.9352,7.32215
3.45476,-6.81832,15.1281,-15.4391,9.37847,8.16753,2.92556,7.32922
3.4558,-6.81926,15.0859,-15.4442,9.38637,8.15256,2.9209,7.33282
3.45675,-6.93689,15.0355,-15.5515,9.36927,8.15188,2.92128,7.33282
3.45782,-6.82489,15.0012,-15.4578,9.40127,8.12318,2.91174,7.33977
3.45875,-6.82572,14.9592,-15.4625,9.40925,8.10818,2.90704,7.34326
3.45968,-6.94322,14.908,-15.5696,9.392,8.1075,2.90743,7.34326
3.46072,-6.83078,14.8747,-15.4753,9.42434,8.07876,2.89777,7.35021
3.46178,-6.71382,14.8845,-15.3726,9.44978,8.06441,2.89263,7.35378
3.46285,-6.71624,14.8426,-15.3787,9.45745,8.04968,2.88795,7.35721
3.46375,-6.83357,14.7906,-15.4856,9.44005,8.04901,2.88835,7.35721
3.46477,-6.72542,14.7571,-15.3948,9.47223,8.02013,2.87858,7.36411
3.46582,-6.73025,14.7137,-15.4028,9.47983,8.00504,2.87378,7.36764
3.46672,-6.84744,14.6609,-15.5095,9.46229,8.00437,2.87418,7.36764
3.46776,-6.73855,14.6285,-15.4177,9.49481,7.97549,2.86433,7.3744
3.46874,-6.74068,14.5863,-15.423,9.50284,7.96041,2.85949,7.37779
3.46971,-6.85774,14.5327,-15.5295,9.48516,7.95975,2.8599,7.37779
3.47076,-6.86145,14.49,-15.5364,9.4927,7.94498,2.85514,7.38119
3.47176,-6.74984,14.4593,-15.4416,9.52616,7.91577,2.84507,7.38795
3.47274,-6.86677,14.405,-15.5479,9.50834,7.91511,2.84549,7.38795
3.47375,-6.86832,14.3627,-15.5525,9.51647,7.90004,2.84059,7.39137
3.47474,-6.6394,14.388,-15.3508,9.5682,7.87149,2.82999,7.39814
3.47574,-6.7562,14.3331,-15.4569,9.55027,7.87083,2.83041,7.39814
3.47676,-6.75757,14.2913,-15.4612,9.55852,7.85575,2.82546,7.40153
3.47777,-6.64983,14.261,-15.3694,9.592,7.82648,2.8152,7.4083
3.47873,-6.7665,14.2054,-15.4754,9.57392,7.82583,2.81563,7.4083
3.47974,-6.7698,14.1627,-15.4812,9.58192,7.81074,2.81065,7.41174
3.48073,-6.77499,14.1198,-15.4889,9.58943,7.79594,2.80576,7.41502
3.48179,-6.77798,14.0772,-15.4944,9.59748,7.78084,2.80076,7.41843
3.48278,-6.78103,14.0347,-15.4998,9.60557,7.76576,2.79574,7.42175
3.48373,-6.67013,14.007,-15.4045,9.64018,7.73625,2.78521,7.42848
3.48477,-6.78654,13.9499,-15.5101,9.62183,7.73561,2.78566,7.42848
3.48572,-6.78906,13.9075,-15.5149,9.63,7.72054,2.7806,7.43188
3.48675,-6.56328,13.9384,-15.3153,9.68284,7.69197,2.76965,7.43852
3.48781,-6.67957,13.8807,-15.4208,9.66438,7.69133,2.77011,7.43852
3.48876,-6.68198,13.8388,-15.4253,9.67268,7.67626,2.76501,7.44182
3.48973,-6.57674,13.8113,-15.3348,9.70675,7.647,2.75443,7.44842
3.4907,-6.69289,13.7528,-15.44,9.68816,7.64636,2.7549,7.44842
3.49177,-6.69717,13.7101,-15.4462,9.6962,7.63129,2.74977,7.45176
3.49278,-6.59122,13.6837,-15.3547,9.73059,7.60205,2.73914,7.45825
3.49373,-6.70724,13.6245,-15.4597,9.71186,7.60142,2.73961,7.45825
3.49476,-6.71121,13.582,-15.4654,9.72,7.58635,2.73445,7.46146
3.49578,-6.60454,13.5568,-15.373,9.75473,7.55713,2.72374,7.46787
3.4969,-6.60454,13.5568,-15.373,9.75473,7.55713,2.72374,7.46787
3.49782,-6.72385,13.4545,-15.4829,9.74411,7.54144,2.71903,7.47114
3.49892,-6.61335,13.4724,-15.3849,9.77083,7.5273,2.71345,7.47426
3.49974,-6.61887,13.4293,-15.3917,9.77883,7.51221,2.70824,7.47751
3.50075,-6.62204,13.3875,-15.3963,9.78721,7.49714,2.70302,7.48067
3.50176,-6.5169,13.3631,-15.3047,9.8225,7.46763,2.69205,7.48705
3.50292,-6.63255,13.3019,-15.4092,9.80338,7.467,2.69254,7.48705
3.50376,-6.63753,13.2591,-15.4153,9.81151,7.45194,2.68729,7.49027
3.50477,-6.64439,13.2161,-15.4232,9.81913,7.43718,2.68214,7.49332
3.50575,-6.64905,13.1736,-15.4289,9.82732,7.42212,2.67688,7.4965
3.50687,-6.65366,13.1311,-15.4346,9.83554,7.40708,2.6716,7.49962
3.50784,-6.43159,13.1717,-15.2369,9.89085,7.37824,2.65999,7.50587
3.50913,-6.547,13.1092,-15.341,9.87149,7.37762,2.6605,7.50587
3.51023,-6.55127,13.0672,-15.3462,9.87986,7.36258,2.65518,7.50895
3.51085,-6.55955,13.0237,-15.3551,9.88737,7.34783,2.64996,7.51204
3.51182,-6.56585,12.9808,-15.362,9.89543,7.33276,2.64465,7.51508
3.51324,-6.57193,12.9379,-15.3686,9.90353,7.31773,2.63931,7.51819
3.51376,-6.57793,12.8951,-15.3751,9.91167,7.3027,2.63396,7.5212
3.51479,-6.58362,12.8524,-15.3813,9.91985,7.28768,2.62861,7.52428
3.51591,-6.58929,12.8098,-15.3874,9.92806,7.27266,2.62325,7.52727
3.5169,-6.59466,12.7673,-15.3932,9.93631,7.25766,2.61787,7.53033
3.51809,-6.60002,12.7248,-15.3989,9.94459,7.24265,2.61249,7.53331
3.51907,-6.60508,12.6825,-15.4043,9.95291,7.22766,2.60709,7.53636
3.51977,-6.61014,12.6403,-15.4096,9.96126,7.21267,2.60169,7.53933
3.52087,-6.50002,12.6636,-15.3113,9.98954,7.19828,2.59574,7.54238
3.5218,-6.61492,12.5981,-15.4147,9.96965,7.19768,2.59627,7.54238
3.52274,-6.50939,12.58,-15.3211,10.0065,7.16831,2.58486,7.5484
3.52378,-6.51629,12.5371,-15.3279,10.0147,7.15331,2.57941,7.55137
3.52491,-6.52096,12.4948,-15.3325,10.0234,7.13802,2.57384,7.55447
3.52573,-6.52759,12.4521,-15.339,10.0316,7.12305,2.56837,7.55742
3.5268,-6.53387,12.4095,-15.3451,10.0399,7.10807,2.5629,7.56044
3.52773,-6.54017,12.367,-15.3512,10.0481,7.0931,2.55742,7.56336
3.52868,-6.54616,12.3245,-15.357,10.0565,7.07815,2.55193,7.56636
3.52978,-6.4376,12.3497,-15.2598,10.0851,7.06379,2.54588,7.56927
3.53076,-6.44331,12.3077,-15.2652,10.0935,7.04884,2.54037,7.57225
3.53191,-6.44901,12.2658,-15.2706,10.102,7.0339,2.53485,7.57514
3.53289,-6.45675,12.2227,-15.2777,10.1101,7.01894,2.52932,7.57811
3.53381,-6.46444,12.1798,-15.2848,10.1183,7.00398,2.52379,7.58098
3.53477,-6.47185,12.1369,-15.2915,10.1265,6.98904,2.51825,7.58391
3.53578,-6.47921,12.0941,-15.2982,10.1347,6.9741,2.51271,7.58673
3.53685,-6.48624,12.0515,-15.3045,10.143,6.95918,2.50716,7.58963
3.53771,-6.60049,11.9824,-15.4069,10.1224,6.9586,2.50773,7.58963
3.53876,-6.49991,11.9665,-15.3165,10.1597,6.92935,2.49603,7.59531
3.53977,-6.50655,11.9242,-15.3223,10.1681,6.91444,2.49045,7.5981
3.54074,-6.51098,11.8825,-15.3259,10.1771,6.89924,2.48474,7.60102
3.54175,-6.51725,11.8404,-15.3313,10.1856,6.88436,2.47913,7.60385
3.54275,-6.40938,11.8687,-15.2344,10.2149,6.87004,2.47293,7.60665
3.54373,-6.41531,11.827,-15.2394,10.2235,6.85515,2.46731,7.60952
3.54471,-6.42123,11.7854,-15.2443,10.2321,6.84026,2.46168,7.6123
3.54576,-6.42918,11.7426,-15.251,10.2404,6.82536,2.45603,7.61518
3.54686,-6.43668,11.7006,-15.2574,10.2485,6.81076,2.4505,7.61789
3.54772,-6.44432,11.658,-15.2637,10.2569,6.79585,2.44485,7.62073
3.54875,-6.4519,11.6155,-15.2699,10.2653,6.78095,2.43919,7.62347
3.55,-6.45873,11.5739,-15.2755,10.2736,6.76636,2.43363,7.62622
3.55071,-6.46555,11.5323,-15.2811,10.2819,6.75176,2.42806,7.62889
3.55171,-6.47207,11.4908,-15.2863,10.2903,6.73715,2.42248,7.63164
3.55277,-6.47858,11.4495,-15.2915,10.2987,6.72252,2.41688,7.6343
3.55371,-6.4848,11.4082,-15.2963,10.3072,6.70789,2.41127,7.63705
3.5547,-6.59835,11.3353,-15.3978,10.286,6.70733,2.41188,7.63705
3.55575,-6.38347,11.399,-15.2043,10.3457,6.67912,2.39938,7.64246
3.55676,-6.38984,11.3575,-15.209,10.3546,6.66413,2.3936,7.64518
3.55773,-6.39783,11.3154,-15.2153,10.3629,6.64944,2.38793,7.64793
3.55876,-6.4058,11.2734,-15.2214,10.3713,6.63473,2.38225,7.65059
3.55974,-6.41346,11.2316,-15.2273,10.3797,6.62003,2.37657,7.65331
3.56078,-6.42108,11.1898,-15.233,10.3882,6.60532,2.37087,7.65594
3.56183,-6.42838,11.1481,-15.2385,10.3968,6.59061,2.36516,7.65865
3.56275,-6.43566,11.1066,-15.2438,10.4053,6.57589,2.35943,7.66126
3.56388,-6.54886,11.0318,-15.3447,10.3837,6.57534,2.36007,7.66126
3.5648,-6.44959,11.0237,-15.2537,10.4227,6.54644,2.34794,7.66657
3.56578,-6.45434,10.9831,-15.2565,10.432,6.53142,2.34206,7.66931
3.5668,-6.45434,10.9831,-15.2565,10.432,6.53142,2.34206,7.66931
3.56778,-6.3544,10.9766,-15.1648,10.4714,6.50249,2.32984,7.67465
3.56882,-6.36121,10.9351,-15.1693,10.4805,6.48744,2.32391,7.67733
3.56973,-6.36965,10.893,-15.1754,10.489,6.4727,2.31809,7.68004
3.57079,-6.37805,10.8511,-15.1813,10.4976,6.45794,2.31228,7.68264
3.57186,-6.38653,10.8084,-15.1872,10.5064,6.44289,2.30633,7.68537
3.57272,-6.39455,10.7667,-15.1927,10.5151,6.42815,2.30049,7.68795
3.57385,-6.50735,10.6898,-15.293,10.4931,6.42762,2.30115,7.68795
3.57475,-6.40991,10.6836,-15.203,10.5326,6.3987,2.2888,7.69317
3.57572,-6.52263,10.6063,-15.3032,10.5105,6.39818,2.28946,7.69317
3.5768,-6.42264,10.6017,-15.2107,10.5508,6.36898,2.27692,7.69848
3.57791,-6.53528,10.5239,-15.3107,10.5287,6.36845,2.27759,7.69848
3.57897,-6.43706,10.5187,-15.2196,10.5689,6.33923,2.26501,7.70374
3.57977,-6.3295,10.5567,-15.122,10.6007,6.32474,2.2583,7.70636
3.58074,-6.44203,10.4785,-15.2219,10.5785,6.32422,2.25897,7.70636
3.58192,-6.44864,10.4376,-15.2258,10.5875,6.30953,2.25304,7.70902
3.58276,-6.45755,10.3954,-15.2317,10.5961,6.2948,2.24711,7.7116
3.58391,-6.46419,10.354,-15.2354,10.6054,6.27978,2.24105,7.7143
3.58485,-6.25253,10.4302,-15.0432,10.669,6.25081,2.22751,7.71962
3.58578,-6.36487,10.351,-15.1428,10.6466,6.2503,2.2282,7.71962
3.58685,-6.37123,10.3102,-15.1461,10.656,6.23531,2.2221,7.72224
3.58778,-6.2776,10.3051,-15.0586,10.6961,6.20613,2.20934,7.72749
3.58876,-6.38982,10.2252,-15.158,10.6736,6.20562,2.21002,7.72749
3.59006,-6.39786,10.1832,-15.1627,10.6827,6.19067,2.20392,7.73015
3.59085,-6.30322,10.1796,-15.0741,10.7231,6.16158,2.19112,7.7353
3.59191,-6.41532,10.099,-15.1734,10.7005,6.16108,2.19182,7.7353
3.59291,-6.42291,10.0575,-15.1775,10.7098,6.14616,2.18569,7.73784
3.59374,-6.32726,10.0554,-15.0878,10.7506,6.11713,2.17286,7.74293
3.59471,-6.43924,9.97415,-15.1869,10.7278,6.11663,2.17356,7.74293
3.59588,-6.44614,9.93302,-15.1903,10.7372,6.10175,2.16741,7.74554
3.59677,-6.45492,9.89127,-15.1954,10.746,6.08716,2.16138,7.74801
3.59771,-6.34957,9.93228,-15.0996,10.7784,6.07277,2.15451,7.75061
3.59878,-6.35615,9.89176,-15.1026,10.788,6.0579,2.14834,7.75313
3.59981,-6.46796,9.80968,-15.2014,10.7651,6.0574,2.14905,7.75313
3.60074,-6.37091,9.80955,-15.1099,10.8069,6.02815,2.13596,7.75828
3.60175,-6.3791,9.76786,-15.1142,10.8161,6.01329,2.12976,7.76089
3.60277,-6.38534,9.7271,-15.1166,10.8261,5.99814,2.12343,7.76346
3.60372,-6.39324,9.68564,-15.1207,10.8354,5.98332,2.11721,7.76607
3.6048,-6.40107,9.64437,-15.1245,10.8448,5.96849,2.111,7.76858
3.60578,-6.40862,9.60319,-15.1281,10.8542,5.95369,2.10478,7.77118
3.60675,-6.41615,9.56216,-15.1317,10.8636,5.93889,2.09856,7.77368
3.60777,-6.42336,9.52125,-15.1349,10.8731,5.92411,2.09232,7.77627
3.60876,-6.43055,9.48048,-15.138,10.8827,5.90933,2.08608,7.77877
3.60971,-6.43744,9.43983,-15.1409,10.8922,5.89457,2.07983,7.78136
3.61085,-6.33297,9.48382,-15.0456,10.9252,5.88028,2.07284,7.78386
3.61174,-6.33959,9.44363,-15.0482,10.9349,5.86552,2.06657,7.78645
3.61277,-6.34621,9.40358,-15.0507,10.9447,5.85076,2.06029,7.78896
3.61378,-6.3548,9.36201,-15.0549,10.954,5.836,2.05401,7.79155
3.61476,-6.36328,9.3206,-15.059,10.9634,5.82124,2.04772,7.79409
3.61576,-6.3717,9.27931,-15.0629,10.9729,5.80649,2.04143,7.79657
3.61693,-6.37979,9.23814,-15.0666,10.9823,5.79176,2.03514,7.79913
3.6179,-6.38784,9.19714,-15.0701,10.9918,5.77704,2.02884,7.80159
3.61877,-6.39556,9.15626,-15.0734,11.0014,5.76233,2.02254,7.80413
3.62,-6.40326,9.11554,-15.0765,11.011,5.74762,2.01622,7.80658
3.62079,-6.41064,9.07494,-15.0794,11.0207,5.73293,2.0099,7.80912
3.62173,-6.52158,8.9883,-15.1769,10.997,5.73248,2.01066,7.80912
3.62279,-6.42506,8.99415,-15.0847,11.0402,5.70357,1.99724,7.81409
3.62387,-6.32128,9.04105,-14.9898,11.0738,5.68934,1.99013,7.81654
3.62479,-6.32611,9.00208,-14.9901,11.0843,5.67438,1.98363,7.81912
3.626,-6.33293,8.96234,-14.9923,11.0942,5.65972,1.97726,7.82159
3.62695,-6.34167,8.92105,-14.9962,11.1038,5.64504,1.97088,7.82414
3.62781,-6.35042,8.87992,-14.9999,11.1133,5.63037,1.96451,7.82659
3.62883,-6.35889,8.83887,-15.0035,11.1229,5.61571,1.95814,7.82912
3.62983,-6.36731,8.798,-15.0069,11.1325,5.60106,1.95176,7.83154
3.63081,-6.37541,8.75726,-15.01,11.1422,5.58643,1.94537,7.83404
3.63189,-6.38348,8.71668,-15.013,11.1519,5.57181,1.93898,7.83645
3.63298,-6.39122,8.67623,-15.0157,11.1617,5.55719,1.93258,7.83893
3.63383,-6.39893,8.63594,-15.0184,11.1716,5.54258,1.92617,7.84133
3.635,-6.29595,8.68498,-14.9241,11.2056,5.52842,1.91897,7.84381
3.63583,-6.30338,8.64517,-14.9264,11.2156,5.51382,1.91255,7.8462
3.63677,-6.3105,8.60548,-14.9284,11.2256,5.49923,1.90611,7.84868
3.63781,-6.31986,8.56422,-14.9324,11.2352,5.48462,1.89968,7.85107
3.63881,-6.32889,8.52311,-14.936,11.2449,5.47002,1.89325,7.85353
3.63983,-6.33791,8.48213,-14.9396,11.2545,5.45544,1.88681,7.85589
3.6408,-6.3466,8.4413,-14.9428,11.2643,5.44087,1.88037,7.85832
3.64181,-6.35524,8.40065,-14.946,11.274,5.42631,1.87392,7.86066
3.64278,-6.36354,8.36013,-14.9488,11.2839,5.41176,1.86747,7.86307
3.64372,-6.37181,8.31979,-14.9515,11.2938,5.39722,1.86101,7.86539
3.64478,-6.26976,8.37067,-14.8579,11.3282,5.38311,1.85373,7.8678
3.64577,-6.27772,8.33083,-14.8603,11.3382,5.36859,1.84726,7.87011
3.647,-6.28537,8.29111,-14.8625,11.3483,5.35407,1.84077,7.87251
3.64783,-6.29523,8.24979,-14.8665,11.358,5.33954,1.83429,7.87482
3.6488,-6.30475,8.20864,-14.8702,11.3677,5.32502,1.82781,7.8772
3.64979,-6.31425,8.16764,-14.8738,11.3774,5.31051,1.82132,7.87949
3.65072,-6.32341,8.12679,-14.8771,11.3872,5.29602,1.81484,7.88184
3.65179,-6.33244,8.08611,-14.8802,11.397,5.28154,1.80834,7.88414
3.65277,-6.34104,8.0464,-14.883,11.4067,5.26737,1.80198,7.88634
3.65377,-6.34963,8.00601,-14.8857,11.4167,5.2529,1.79548,7.88867
3.65476,-6.24856,8.05878,-14.7928,11.4515,5.23884,1.78813,7.89091
3.65574,-6.25652,8.0197,-14.795,11.4614,5.22468,1.78174,7.89318
3.65676,-6.2667,7.97896,-14.7991,11.4709,5.2105,1.77535,7.89538
3.65777,-6.27653,7.93837,-14.8029,11.4804,5.19631,1.76895,7.89764
3.65873,-6.2863,7.89795,-14.8065,11.49,5.18211,1.76255,7.8998
3.6597,-6.29574,7.85767,-14.8098,11.4997,5.16792,1.75614,7.90203
3.66073,-6.30511,7.81757,-14.813,11.5094,5.15373,1.74972,7.90418
3.66177,-6.41446,7.72342,-14.9081,11.4844,5.15333,1.75057,7.90418
3.66273,-6.32315,7.73779,-14.8187,11.5291,5.12534,1.73686,7.90853
3.66375,-6.32988,7.69916,-14.8193,11.5397,5.11086,1.73027,7.91079
3.6648,-6.33855,7.65963,-14.8218,11.5497,5.09667,1.7238,7.91294
3.66577,-6.3469,7.62024,-14.8239,11.5597,5.08247,1.71733,7.91517
3.66674,-6.35522,7.58099,-14.8259,11.5698,5.06826,1.71085,7.91731
3.66772,-6.25417,7.63723,-14.733,11.6052,5.05444,1.7035,7.91954
3.66876,-6.2622,7.59845,-14.7347,11.6155,5.04022,1.69699,7.92169
3.66975,-6.27216,7.55795,-14.7381,11.6253,5.02599,1.69048,7.92392
3.67075,-6.28206,7.51765,-14.7414,11.6352,5.01174,1.68397,7.92605
3.67173,-6.39101,7.4217,-14.8359,11.6099,5.01136,1.68483,7.92605
3.67333,-6.30113,7.4375,-14.7472,11.6552,4.98329,1.67092,7.93037
3.67435,-6.31059,7.39688,-14.7498,11.6654,4.96878,1.66425,7.93261
3.67525,-6.41941,7.30035,-14.8441,11.64,4.96841,1.66512,7.93261
3.67612,-6.32714,7.31728,-14.7528,11.6868,4.93955,1.65075,7.93703
3.67677,-6.33614,7.27724,-14.7549,11.6972,4.92509,1.64406,7.93918
3.67772,-6.34286,7.23843,-14.7549,11.7084,4.91036,1.63722,7.94145
3.67873,-6.3513,7.19948,-14.7567,11.7187,4.89625,1.63066,7.94356
3.67971,-6.35942,7.16064,-14.7581,11.729,4.88214,1.62409,7.94576
3.68069,-6.25899,7.21969,-14.6656,11.765,4.86838,1.61664,7.94787
3.68183,-6.36753,7.12197,-14.7595,11.7394,4.86801,1.61752,7.94787
3.68273,-6.27687,7.14123,-14.6697,11.7855,4.8401,1.60346,7.95218
3.68378,-6.38533,7.04313,-14.7635,11.7598,4.83974,1.60435,7.95218
3.68477,-6.39301,7.00415,-14.7643,11.7706,4.82532,1.59761,7.95441
3.68575,-6.30164,7.02418,-14.6736,11.8174,4.79713,1.58337,7.95873
3.68675,-6.40997,6.92551,-14.7672,11.7916,4.79678,1.58426,7.95873
3.68775,-6.41733,6.88699,-14.7675,11.8025,4.78239,1.5775,7.96088
3.68875,-6.32502,6.90852,-14.676,11.8497,4.75424,1.5632,7.96525
3.68973,-6.43322,6.80929,-14.7693,11.8239,4.75389,1.5641,7.96525
3.69079,-6.3405,6.83175,-14.6773,11.8713,4.72577,1.54976,7.9696
3.69172,-6.34705,6.79421,-14.6768,11.8826,4.71139,1.54295,7.97175
3.69273,-6.34705,6.79421,-14.6768,11.8826,4.71139,1.54295,7.97175
3.69373,-6.35533,6.75559,-14.678,11.8931,4.69731,1.53628,7.97395
3.69472,-6.2638,6.77826,-14.5868,11.9407,4.66917,1.52188,7.97831
3.69573,-6.37176,6.67806,-14.6799,11.9146,4.66883,1.52279,7.97831
3.69678,-6.37991,6.63918,-14.6807,11.9256,4.65445,1.51597,7.98046
3.69773,-6.28969,6.66146,-14.5905,11.973,4.62635,1.50153,7.98478
3.69875,-6.39753,6.5607,-14.6834,11.9469,4.62602,1.50245,7.98478
3.70057,-6.40505,6.52227,-14.6835,11.958,4.61169,1.49561,7.98699
3.70147,-6.40505,6.52227,-14.6835,11.958,4.61169,1.49561,7.98699
3.70228,-6.42162,6.44479,-14.6851,11.9796,4.58332,1.48207,7.99128
3.70306,-6.42899,6.40611,-14.6849,11.9911,4.56872,1.47507,7.99345
3.7046,-6.43605,6.36761,-14.6844,12.0026,4.55415,1.46807,7.9957
3.7053,-6.43605,6.36761,-14.6844,12.0026,4.55415,1.46807,7.9957
3.70655,-6.34259,6.39314,-14.5906,12.0517,4.52528,1.44722,8.00013
3.70748,-6.34259,6.39314,-14.5906,12.0517,4.52528,1.44722,8.00013
3.70826,-6.25546,6.38237,-14.4954,12.1142,4.48157,1.41533,8.00681
3.70875,-6.36288,6.27994,-14.5876,12.0878,4.48126,1.41626,8.00681
3.70992,-6.37136,6.24081,-14.5882,12.0994,4.46674,1.4061,8.00911
3.71075,-6.28297,6.26411,-14.4988,12.1486,4.43809,1.38494,8.01355
3.71204,-6.39026,6.16114,-14.5909,12.1221,4.43778,1.38588,8.01355
3.71278,-6.49753,6.05802,-14.6829,12.0957,4.43747,1.38683,8.01355
3.71376,-6.40812,6.08371,-14.5929,12.1447,4.40953,1.3657,8.01783
3.71475,-6.31081,6.14782,-14.5027,12.1823,4.39572,1.3547,8.01988
3.71583,-6.31614,6.11199,-14.5004,12.1948,4.38136,1.34414,8.02209
3.71677,-6.32359,6.07507,-14.5001,12.2067,4.3673,1.33381,8.02414
3.71777,-6.33273,6.03635,-14.5012,12.2181,4.35322,1.32362,8.02633
3.71883,-6.34198,5.99781,-14.5023,12.2296,4.33915,1.31341,8.02836
3.71976,-6.35085,5.95938,-14.5031,12.2412,4.3251,1.30316,8.03053
3.7207,-6.3598,5.92118,-14.5039,12.2529,4.31105,1.29288,8.03253
3.72177,-6.3683,5.88312,-14.5044,12.2646,4.29703,1.28256,8.03468
3.72275,-6.37689,5.84528,-14.5048,12.2765,4.28301,1.2722,8.03667
3.72384,-6.38505,5.80758,-14.5049,12.2884,4.269,1.2618,8.03881
3.72474,-6.3933,5.77009,-14.505,12.3004,4.25499,1.25137,8.04079
3.72577,-6.40112,5.73274,-14.5047,12.3125,4.24101,1.24089,8.04292
3.72674,-6.3024,5.80109,-14.4133,12.3515,4.2273,1.22941,8.0449
3.72774,-6.30995,5.76425,-14.4128,12.3637,4.21332,1.21887,8.04703
3.72875,-6.31762,5.72761,-14.4123,12.3761,4.19933,1.20829,8.049
3.72981,-6.32704,5.68905,-14.4133,12.388,4.18535,1.19787,8.05114
3.73084,-6.33654,5.65072,-14.4143,12.4,4.17137,1.18742,8.0531
3.73179,-6.34563,5.61251,-14.415,12.412,4.15742,1.17694,8.05521
3.73278,-6.45206,5.50616,-14.5059,12.3851,4.15714,1.17792,8.05521
3.73379,-6.36352,5.53672,-14.416,12.4363,4.12955,1.15589,8.05923
3.73486,-6.37233,5.49913,-14.4163,12.4486,4.11563,1.14531,8.06116
3.73583,-6.37872,5.463,-14.4144,12.4617,4.10146,1.13443,8.06327
3.73677,-6.38722,5.42577,-14.4144,12.4741,4.08757,1.12378,8.0652
3.73773,-6.28905,5.49595,-14.3235,12.5136,4.07396,1.11212,8.06728
3.73877,-6.39523,5.38871,-14.4141,12.4866,4.07369,1.11311,8.06728
3.73977,-6.30504,5.42267,-14.3226,12.5388,4.04621,1.09068,8.07129
3.74079,-6.3151,5.38422,-14.3239,12.551,4.03234,1.08011,8.0732
3.74178,-6.42114,5.27647,-14.4142,12.5239,4.03207,1.08111,8.0732
3.74277,-6.33244,5.30921,-14.3239,12.5763,4.00437,1.05862,8.07721
3.74379,-6.34168,5.27131,-14.3244,12.5887,3.99055,1.04797,8.07926
3.74477,-6.44759,5.16306,-14.4146,12.5615,3.99029,1.04897,8.07926
3.74575,-6.35798,5.19745,-14.3233,12.6144,3.96269,1.02631,8.08322
3.74675,-6.36697,5.16017,-14.3235,12.6269,3.9489,1.01557,8.0851
3.74776,-6.47274,5.05142,-14.4135,12.5996,3.94865,1.01658,8.0851
3.74873,-6.38225,5.08746,-14.3214,12.653,3.92112,0.993733,8.08904
3.74976,-6.39047,5.0507,-14.3209,12.6658,3.90738,0.982913,8.09107
3.75089,-6.29121,5.12481,-14.2289,12.7068,3.8936,0.970762,8.09298
3.75177,-6.29922,5.08852,-14.2282,12.7197,3.87989,0.959884,8.09502
3.75278,-6.30731,5.05248,-14.2275,12.7326,3.86616,0.948977,8.09689
3.75387,-6.31716,5.01441,-14.2283,12.7451,3.85244,0.938252,8.09893
3.75478,-6.32708,4.9766,-14.2292,12.7577,3.83873,0.927504,8.10078
3.75575,-6.33658,4.93891,-14.2297,12.7703,3.82504,0.916732,8.10278
3.75688,-6.34616,4.90147,-14.2301,12.7829,3.81136,0.905932,8.1046
3.75777,-6.35527,4.86421,-14.2302,12.7957,3.7977,0.895102,8.10657
3.75876,-6.36446,4.82719,-14.2303,12.8084,3.78405,0.884243,8.10837
3.75994,-6.37318,4.79033,-14.23,12.8213,3.77042,0.873356,8.11033
3.76075,-6.27684,4.8645,-14.1406,12.8618,3.75702,0.861408,8.11211
3.7618,-6.28524,4.8282,-14.14,12.8748,3.7434,0.850461,8.11406
3.76283,-6.29376,4.79213,-14.1394,12.8879,3.72978,0.839485,8.11584
3.76379,-6.30396,4.75405,-14.1403,12.9006,3.71618,0.828689,8.11778
3.76479,-6.31424,4.71624,-14.1412,12.9132,3.70257,0.817872,8.11954
3.76622,-6.32407,4.67857,-14.1417,12.9259,3.68899,0.807031,8.12144
3.76675,-6.33398,4.64116,-14.1422,12.9387,3.67542,0.796164,8.12318
3.76776,-6.34341,4.60393,-14.1424,12.9516,3.66188,0.785269,8.12506
3.76877,-6.35291,4.56696,-14.1425,12.9645,3.64834,0.774346,8.12677
3.76974,-6.36194,4.53017,-14.1422,12.9775,3.63482,0.763395,8.12864
3.77075,-6.3709,4.49437,-14.142,12.9902,3.62158,0.7525,8.1303
3.77177,-6.4756,4.38199,-14.2305,12.9624,3.62137,0.753551,8.1303
3.77272,-6.28336,4.53583,-14.0523,13.0439,3.59531,0.729559,8.13379
3.7738,-6.28956,4.50214,-14.0495,13.0577,3.58179,0.718266,8.13565
3.77475,-6.30005,4.46495,-14.0505,13.0703,3.56852,0.707448,8.13732
3.77578,-6.31004,4.42795,-14.051,13.083,3.55524,0.696608,8.13915
3.77674,-6.32013,4.39117,-14.0516,13.0957,3.54196,0.685739,8.14079
3.77847,-6.32973,4.35457,-14.0517,13.1085,3.52871,0.674838,8.14259
3.77931,-6.32973,4.35457,-14.0517,13.1085,3.52871,0.674838,8.14259
3.7803,-6.44376,4.2047,-14.14,13.0934,3.51524,0.66497,8.14422
3.78137,-6.35823,4.24459,-14.0514,13.1478,3.48839,0.64179,8.14768
3.78244,-6.36737,4.20734,-14.0508,13.1614,3.47463,0.63061,8.14952
3.78269,-6.27029,4.28657,-13.9605,13.2036,3.46108,0.618124,8.1512
3.78375,-6.27898,4.25062,-13.9597,13.2171,3.44763,0.606982,8.15302
3.78494,-6.28975,4.21346,-13.9606,13.2297,3.43444,0.596124,8.15463
3.78569,-6.30003,4.17648,-13.9612,13.2425,3.42127,0.585243,8.15639
3.78675,-6.31039,4.13975,-13.9618,13.2553,3.4081,0.574332,8.15797
3.78775,-6.32025,4.1032,-13.9619,13.2682,3.39495,0.563389,8.1597
3.78877,-6.33019,4.0669,-13.9621,13.2811,3.38179,0.552418,8.16126
3.78973,-6.43408,3.95199,-14.0496,13.253,3.3816,0.553497,8.16126
3.79075,-6.34934,3.99415,-13.9616,13.3075,3.35522,0.5303,8.16455
3.79173,-6.35642,3.95998,-13.9592,13.3215,3.34183,0.51894,8.16629
3.79274,-6.46018,3.84462,-14.0465,13.2933,3.34165,0.520025,8.16629
3.79379,-6.37434,3.88917,-13.9577,13.348,3.31557,0.496746,8.16956
3.79473,-6.38119,3.8556,-13.9549,13.3622,3.30217,0.485304,8.17114
3.7957,-6.38119,3.8556,-13.9549,13.3622,3.30217,0.485304,8.17114
3.79674,-6.2946,3.90185,-13.8654,13.4175,3.27609,0.46185,8.17443
3.79775,-6.30283,3.86667,-13.8638,13.4313,3.26268,0.450541,8.17619
3.79873,-6.40632,3.75054,-13.9508,13.4031,3.26251,0.451635,8.17619
3.79974,-6.32305,3.79386,-13.864,13.4576,3.23642,0.428465,8.17946
3.80074,-6.33104,3.75933,-13.8621,13.4717,3.22303,0.417086,8.18103
3.80174,-6.34054,3.72343,-13.8616,13.485,3.20993,0.405983,8.18273
3.80273,-6.44383,3.60672,-13.9483,13.4566,3.20976,0.407084,8.18273
3.80417,-6.35923,3.65231,-13.8603,13.5117,3.18373,0.383706,8.18595
3.80475,-6.36647,3.61863,-13.8577,13.5261,3.17037,0.37222,8.18749
3.80574,-6.46961,3.50149,-13.9442,13.4977,3.17021,0.373326,8.18749
3.80675,-6.3823,3.54951,-13.8536,13.5543,3.1437,0.349394,8.19078
3.80769,-6.39083,3.51411,-13.852,13.5683,3.13036,0.338057,8.19251
3.80871,-6.39083,3.51411,-13.852,13.5683,3.13036,0.338057,8.19251
3.80975,-6.30459,3.5631,-13.7625,13.6243,3.10442,0.314388,8.19573
3.81076,-6.40751,3.44536,-13.8488,13.5958,3.10426,0.315502,8.19573
3.81172,-6.41585,3.41057,-13.847,13.6099,3.09094,0.304095,8.19728
3.81271,-6.33091,3.45819,-13.7584,13.666,3.06475,0.280406,8.2005
3.81375,-6.43368,3.34001,-13.8444,13.6375,3.06459,0.281524,8.2005
3.81474,-6.44123,3.30579,-13.8419,13.6518,3.05132,0.270051,8.20221
3.81572,-6.35538,3.35507,-13.7525,13.7084,3.02519,0.246223,8.20541
3.81676,-6.45801,3.23647,-13.8384,13.6798,3.02505,0.247347,8.20541
3.81776,-6.46533,3.2029,-13.8356,13.6943,3.01179,0.235806,8.20695
3.81885,-6.37865,3.25378,-13.7454,13.7512,2.9857,0.211837,8.21015
3.81975,-6.37865,3.25378,-13.7454,13.7512,2.9857,0.211837,8.21015
3.82097,-6.38525,3.22089,-13.742,13.7659,2.97248,0.200225,8.21185
3.82179,-6.39398,3.18661,-13.7405,13.7798,2.9595,0.188905,8.21337
3.82277,-6.40227,3.1519,-13.7385,13.794,2.94626,0.177463,8.21507
3.82375,-6.31613,3.20335,-13.6486,13.8515,2.91998,0.15335,8.2183
3.82479,-6.41838,3.08376,-13.734,13.8228,2.91984,0.154485,8.2183
3.82576,-6.42723,3.04389,-13.7314,13.8382,2.90542,0.142762,8.21977
3.82675,-6.35982,3.01205,-13.6509,13.8928,2.88086,0.121543,8.22305
3.82774,-6.46192,2.89205,-13.7362,13.8641,2.88072,0.122684,8.22305
3.82875,-6.47628,2.82167,-13.7362,13.8776,2.86806,0.112336,8.22486
3.82979,-6.30153,2.9246,-13.5673,13.9605,2.84398,0.0899409,8.22842
3.83071,-6.4035,2.80431,-13.6524,13.9318,2.84385,0.0910847,8.22842
3.83179,-6.41665,2.73776,-13.6519,13.9444,2.83192,0.0810138,8.23019
3.83274,-6.34535,2.72308,-13.5704,13.996,2.80905,0.060681,8.23397
3.83374,-6.44717,2.60238,-13.6552,13.9672,2.80892,0.0618295,8.23397
3.83479,-6.46068,2.53677,-13.6556,13.9786,2.79762,0.0521882,8.23598
3.83579,-6.47585,2.4713,-13.6575,13.9891,2.7867,0.0428774,8.23781
3.83683,-6.48837,2.40786,-13.6572,14.0003,2.77571,0.0333233,8.23985
3.83793,-6.39915,2.46668,-13.5722,14.0401,2.76498,0.0226479,8.24172
3.83888,-6.41085,2.40538,-13.5715,14.051,2.75427,0.0131475,8.24379
3.83987,-6.42243,2.34508,-13.5706,14.0619,2.74365,0.00366955,8.24569
3.84081,-6.4354,2.28329,-13.5711,14.072,2.73315,-0.00556506,8.24778
3.84197,-6.44824,2.2225,-13.5715,14.0821,2.72273,-0.0147846,8.24969
3.84281,-6.46042,2.16254,-13.5714,14.0921,2.71241,-0.0239926,8.25176
3.84381,-6.47249,2.10352,-13.5713,14.1021,2.70217,-0.0331987,8.25365
3.84475,-6.48388,2.04534,-13.5707,14.1121,2.692,-0.0424087,8.25571
3.84579,-6.39394,2.11021,-13.4859,14.1509,2.682,-0.0527924,8.2576
3.84693,-6.40464,2.05384,-13.4848,14.1609,2.67194,-0.0620238,8.25964
3.84781,-6.41527,1.99831,-13.4837,14.1708,2.66192,-0.0712704,8.26152
3.84883,-6.42733,1.94113,-13.4839,14.1802,2.65193,-0.0803069,8.26355
3.84979,-6.43932,1.8848,-13.484,14.1896,2.64197,-0.0893609,8.2654
3.85079,-6.54035,1.76212,-13.568,14.1606,2.64186,-0.0881885,8.2654
3.85178,-6.46201,1.77434,-13.4833,14.2085,2.62215,-0.107533,8.26921
3.85276,-6.47268,1.72023,-13.4825,14.218,2.61229,-0.116662,8.27118
3.85394,-6.48139,1.66816,-13.4798,14.2284,2.60222,-0.126099,8.273
3.85473,-6.49144,1.61547,-13.4785,14.238,2.59238,-0.135296,8.27496
3.85576,-6.50143,1.56354,-13.4771,14.2477,2.58252,-0.144528,8.27673
3.85744,-6.51087,1.51221,-13.4753,14.2574,2.57267,-0.153793,8.27866
3.85831,-6.51087,1.51221,-13.4753,14.2574,2.57267,-0.153793,8.27866
3.85941,-6.52917,1.41154,-13.4712,14.2772,2.55293,-0.172446,8.28232
3.86006,-6.52917,1.41154,-13.4712,14.2772,2.55293,-0.172446,8.28232
3.86135,-6.44596,1.43627,-13.3829,14.3266,2.53302,-0.19251,8.28599
3.86238,-6.45436,1.38825,-13.3803,14.3368,2.5231,-0.20199,8.2877
3.86312,-6.45436,1.38825,-13.3803,14.3368,2.5231,-0.20199,8.2877
3.86421,-6.47226,1.29042,-13.3759,14.3571,2.50298,-0.220899,8.29133
3.86529,-6.48165,1.24167,-13.3741,14.367,2.493,-0.230275,8.29318
3.86635,-6.49118,1.1925,-13.3723,14.3772,2.48277,-0.239748,8.29489
3.86724,-6.59142,1.06794,-13.4553,14.348,2.48269,-0.238553,8.29489
3.8685,-6.50901,1.09789,-13.368,14.3974,2.46272,-0.258722,8.29834
3.86926,-6.50901,1.09789,-13.368,14.3974,2.46272,-0.258722,8.29834
3.8701,-6.61757,0.925466,-13.4482,14.3787,2.45237,-0.267137,8.30017
3.87075,-6.53189,0.960509,-13.3581,14.4296,2.43206,-0.287891,8.30359
3.87184,-6.53993,0.914676,-13.355,14.4405,2.42168,-0.297657,8.30523
3.87288,-6.63986,0.7894,-13.4377,14.4112,2.42161,-0.296453,8.30523
3.87372,-6.45317,0.953286,-13.2641,14.4921,2.40117,-0.318717,8.30862
3.87485,-6.46027,0.909957,-13.2605,14.5031,2.39091,-0.328577,8.31038
3.87579,-6.46549,0.868657,-13.2551,14.515,2.3804,-0.338782,8.31199
3.87681,-6.47432,0.823692,-13.2529,14.5256,2.37007,-0.348507,8.31375
3.87774,-6.48316,0.779306,-13.2507,14.5364,2.35968,-0.358282,8.31531
3.87876,-6.49158,0.735262,-13.2481,14.5472,2.34929,-0.368096,8.31702
3.87972,-6.59116,0.609262,-13.3304,14.5179,2.34922,-0.366883,8.31702
3.88076,-6.50802,0.648631,-13.2426,14.5693,2.32839,-0.387878,8.32022
3.88183,-6.51605,0.606023,-13.2397,14.5805,2.3179,-0.397846,8.32171
3.88278,-6.52161,0.565401,-13.2346,14.5926,2.30716,-0.408164,8.32339
3.88377,-6.52927,0.523642,-13.2313,14.6041,2.29661,-0.418237,8.32486
3.88481,-6.43709,0.608905,-13.1457,14.645,2.28607,-0.429582,8.3265
3.88585,-6.44441,0.5681,-13.1421,14.6567,2.27543,-0.439752,8.32795
3.88685,-6.45123,0.527664,-13.1382,14.6685,2.26477,-0.449974,8.32957
3.88776,-6.46019,0.48517,-13.136,14.6799,2.25405,-0.460009,8.331
3.88879,-6.46864,0.443093,-13.1333,14.6914,2.24332,-0.47009,8.33259
3.88988,-6.47721,0.401429,-13.1308,14.703,2.23255,-0.480214,8.33398
3.89075,-6.48527,0.36016,-13.1278,14.7147,2.22178,-0.490386,8.33552
3.89185,-6.49341,0.319351,-13.1249,14.7265,2.21097,-0.500607,8.33688
3.89275,-6.50104,0.278919,-13.1215,14.7385,2.20014,-0.510875,8.33839
3.89386,-6.50875,0.238949,-13.1182,14.7506,2.18928,-0.521007,8.33973
3.89492,-6.51595,0.199352,-13.1145,14.7628,2.17841,-0.530963,8.34122
3.89576,-6.42455,0.287889,-13.0296,14.8046,2.16755,-0.542039,8.34253
3.89683,-6.43144,0.249135,-13.0256,14.8171,2.15662,-0.551718,8.34399
3.89787,-6.4384,0.210772,-13.0217,14.8296,2.14566,-0.561242,8.3453
3.89874,-6.44696,0.170205,-13.0191,14.8417,2.13467,-0.570606,8.34674
3.89992,-6.45553,0.130083,-13.0164,14.8538,2.12365,-0.579827,8.34802
3.90078,-6.46372,0.0902627,-13.0135,14.866,2.11263,-0.588914,8.34942
3.90175,-6.4718,0.0508459,-13.0104,14.8783,2.1016,-0.597877,8.35073
3.90276,-6.47975,0.0118198,-13.0072,14.8906,2.09054,-0.606725,8.35198
3.90375,-6.5781,-0.116654,-13.0881,14.8611,2.0905,-0.605481,8.35198
3.90473,-6.49486,-0.0651485,-13.0002,14.9156,2.06839,-0.624116,8.35454
3.90599,-6.40382,0.0256012,-12.9157,14.9577,2.05733,-0.633921,8.35586
3.90677,-6.5072,-0.138969,-12.9907,14.9418,2.04594,-0.641341,8.3571
3.90777,-6.41594,-0.0473606,-12.906,14.9841,2.03484,-0.650998,8.35842
3.90879,-6.42479,-0.0866944,-12.9035,14.9963,2.02365,-0.659317,8.35963
3.91004,-6.43129,-0.123158,-12.8991,15.0093,2.01247,-0.667577,8.36092
3.91086,-6.43984,-0.161895,-12.8963,15.0217,2.00126,-0.67576,8.36211
3.91175,-6.44797,-0.200199,-12.8932,15.0342,1.99004,-0.683881,8.36337
3.91275,-6.4561,-0.238183,-12.8901,15.0468,1.9788,-0.691943,8.36452
3.91372,-6.46386,-0.275822,-12.8867,15.0595,1.96756,-0.699952,8.36575
3.91477,-6.47158,-0.313089,-12.8832,15.0723,1.9563,-0.707912,8.36688
3.91576,-6.4789,-0.349241,-12.8795,15.0848,1.94526,-0.715667,8.36805
3.91678,-6.48622,-0.385856,-12.8756,15.0978,1.93396,-0.723541,8.36916
3.91776,-6.49317,-0.421373,-12.8716,15.1105,1.92288,-0.731228,8.37032
3.91877,-6.50012,-0.45736,-12.8674,15.1236,1.91153,-0.739039,8.37141
3.9197,-6.40924,-0.362226,-12.7832,15.1661,1.90042,-0.747934,8.37256
3.92073,-6.41586,-0.396758,-12.7789,15.1791,1.88925,-0.755538,8.37362
3.9218,-6.42418,-0.43359,-12.7759,15.1917,1.87805,-0.763108,8.37475
3.92273,-6.43243,-0.470064,-12.7729,15.2043,1.86682,-0.770654,8.37579
3.92372,-6.44034,-0.506248,-12.7695,15.217,1.85558,-0.778177,8.37689
3.92477,-6.44819,-0.5421,-12.7661,15.2298,1.84432,-0.78568,8.3779
3.92578,-6.45571,-0.577657,-12.7624,15.2427,1.83305,-0.793166,8.37897
3.92673,-6.46318,-0.612894,-12.7587,15.2556,1.82176,-0.800636,8.37996
3.92773,-6.56027,-0.743621,-12.8381,15.226,1.82175,-0.799363,8.37996
3.92872,-6.47741,-0.682495,-12.7505,15.2818,1.79912,-0.815538,8.38198
3.92976,-6.48221,-0.715034,-12.7444,15.2959,1.78755,-0.823141,8.38305
3.93073,-6.57914,-0.846045,-12.8237,15.2663,1.78755,-0.821865,8.38305
3.93173,-6.49547,-0.783005,-12.7354,15.3225,1.7648,-0.838,8.38506
3.93272,-6.49994,-0.814717,-12.7289,15.3369,1.75316,-0.845585,8.38605
3.93383,-6.49994,-0.814717,-12.7289,15.3369,1.75316,-0.845585,8.38605
3.93478,-6.41564,-0.74976,-12.6401,15.3936,1.73028,-0.861702,8.38807
3.9358,-6.42158,-0.783225,-12.6348,15.4075,1.71857,-0.869263,8.38913
3.93673,-6.5182,-0.914722,-12.7138,15.378,1.71858,-0.867981,8.38913
3.93774,-6.4371,-0.853036,-12.6275,15.4339,1.69559,-0.884035,8.39111
3.93878,-6.44269,-0.885637,-12.6219,15.4481,1.68386,-0.891569,8.39206
3.9397,-6.53914,-1.01741,-12.7007,15.4185,1.68386,-0.890283,8.39206
3.94076,-6.54636,-1.05171,-12.6965,15.4319,1.67237,-0.897652,8.39307
3.94176,-6.46212,-0.985495,-12.6075,15.4893,1.64909,-0.913816,8.39499
3.94277,-6.46706,-1.01699,-12.6013,15.5038,1.63733,-0.92134,8.39592
3.94375,-6.56329,-1.14912,-12.6799,15.4742,1.63734,-0.920049,8.39592
3.94472,-6.38418,-0.950756,-12.5136,15.5608,1.61422,-0.93734,8.39782
3.94574,-6.38858,-0.981387,-12.5069,15.5755,1.60243,-0.944854,8.39881
3.94672,-6.48466,-1.11371,-12.5853,15.5459,1.60244,-0.943561,8.39881
3.94774,-6.40499,-1.05087,-12.5001,15.6021,1.57926,-0.959519,8.40067
3.94878,-6.41103,-1.08328,-12.4948,15.6164,1.56745,-0.967,8.40155
3.9498,-6.50694,-1.21586,-12.573,15.5868,1.56747,-0.965703,8.40155
3.95104,-6.51459,-1.24998,-12.5691,15.6002,1.5559,-0.973018,8.40248
3.95179,-6.52217,-1.28376,-12.5651,15.6138,1.54433,-0.980321,8.40332
3.95284,-6.52748,-1.31537,-12.5592,15.6283,1.53253,-0.987784,8.40424
3.95378,-6.44218,-1.24476,-12.4691,15.6871,1.50889,-1.00402,8.40596
3.95474,-6.53782,-1.37777,-12.547,15.6575,1.50892,-1.00272,8.40596
3.95587,-6.54266,-1.40859,-12.5406,15.6722,1.49711,-1.01019,8.40689
3.95676,-6.45859,-1.33815,-12.4516,15.7305,1.47367,-1.02626,8.40863
3.95779,-6.45859,-1.33815,-12.4516,15.7305,1.47367,-1.02626,8.40863
3.95885,-6.46324,-1.36817,-12.4451,15.7454,1.46185,-1.03373,8.40947
3.95982,-6.46759,-1.39863,-12.4382,15.7607,1.44978,-1.04135,8.41041
3.96089,-6.47393,-1.43076,-12.433,15.7751,1.43795,-1.04881,8.41125
3.9619,-6.47998,-1.46263,-12.4276,15.7895,1.42611,-1.05626,8.41217
3.96287,-6.39669,-1.39197,-12.3391,15.8482,1.40244,-1.07245,8.41389
3.96382,-6.49184,-1.52565,-12.4165,15.8186,1.40248,-1.07114,8.41389
3.96477,-6.49758,-1.55667,-12.4109,15.8333,1.39068,-1.07858,8.4147
3.96584,-6.42321,-1.4841,-12.3265,15.8915,1.35629,-1.09464,8.41635
3.96682,-6.5182,-1.61803,-12.4037,15.8619,1.35633,-1.09332,8.41635
3.96826,-6.53073,-1.64679,-12.4003,15.8766,1.33402,-1.10071,8.41719
3.96892,-6.45005,-1.54318,-12.3213,15.92,1.31211,-1.10924,8.4179
3.96984,-6.46215,-1.57123,-12.3174,15.9348,1.28957,-1.11661,8.41869
3.97082,-6.47386,-1.59976,-12.3131,15.9498,1.26715,-1.12413,8.4194
3.97176,-6.48699,-1.63,-12.3102,15.964,1.24521,-1.13148,8.42016
3.97292,-6.58169,-1.76431,-12.3872,15.9344,1.24525,-1.13016,8.42016
3.97388,-6.51275,-1.68957,-12.3038,15.9925,1.20104,-1.14613,8.42154
3.97475,-6.44148,-1.61135,-12.2182,16.0515,1.15591,-1.16222,8.42287
3.97591,-6.53597,-1.74591,-12.2949,16.0219,1.15596,-1.16089,8.42287
3.97681,-6.54824,-1.77469,-12.291,16.0362,1.1336,-1.16818,8.42348
3.97773,-6.47943,-1.6986,-12.2076,16.0936,1.08912,-1.18386,8.42473
3.97872,-6.57376,-1.83339,-12.2842,16.064,1.08917,-1.18253,8.42473
3.97973,-6.49102,-1.72649,-12.2031,16.108,1.06652,-1.1911,8.42538
3.98076,-6.50427,-1.75611,-12.2001,16.1215,1.04441,-1.19817,8.42593
3.98172,-6.51538,-1.78336,-12.1951,16.136,1.02163,-1.20538,8.42656
3.98274,-6.52612,-1.8111,-12.1897,16.1508,0.998969,-1.21273,8.42712
3.98378,-6.53828,-1.8406,-12.1857,16.1648,0.976817,-1.21991,8.42775
3.9848,-6.55037,-1.86979,-12.1816,16.1788,0.954574,-1.22707,8.42829
3.98575,-6.56217,-1.89873,-12.1772,16.1929,0.932271,-1.23421,8.4289
3.98689,-6.57391,-1.92737,-12.1728,16.2069,0.909883,-1.24134,8.42942
3.9879,-6.50291,-1.84832,-12.0871,16.2648,0.864821,-1.25687,8.43053
3.98892,-6.59668,-1.98377,-12.1631,16.2352,0.864889,-1.25554,8.43053
3.98986,-6.51399,-1.87604,-12.082,16.279,0.842218,-1.26395,8.43111
3.99086,-6.44385,-1.79708,-11.9972,16.3362,0.797295,-1.27925,8.43217
3.99194,-6.53747,-1.93269,-12.073,16.3066,0.797366,-1.27791,8.43217
3.99275,-6.54776,-1.96029,-12.0672,16.3212,0.774722,-1.28509,8.43267
3.99375,-6.56128,-1.99177,-12.0644,16.3342,0.753194,-1.29194,8.43323
3.99473,-6.57292,-2.02078,-12.0598,16.348,0.730952,-1.29893,8.4337
3.99571,-6.58432,-2.04959,-12.055,16.3619,0.708679,-1.30589,8.43424
3.99674,-6.59563,-2.07803,-12.05,16.3758,0.686307,-1.31285,8.43469
3.99771,-6.60662,-2.10619,-12.0448,16.3898,0.663867,-1.31978,8.43522
3.99893,-6.61749,-2.13404,-12.0395,16.4039,0.641352,-1.32671,8.4357
3.99971,-6.62825,-2.16159,-12.034,16.4179,0.618765,-1.33362,8.43615
4.00102,-6.54558,-2.05267,-11.9528,16.4616,0.596035,-1.34186,8.43667
4.00175,-6.55604,-2.07961,-11.9471,16.4758,0.573317,-1.34875,8.43711
4.00272,-6.56618,-2.1063,-11.941,16.49,0.550544,-1.35563,8.43763
4.00417,-6.57767,-2.13552,-11.9362,16.5037,0.528464,-1.36248,8.43808
4.00502,-6.58884,-2.16441,-11.9312,16.5175,0.506305,-1.36931,8.43859
4.00589,-6.60001,-2.19305,-11.9261,16.5313,0.484085,-1.37613,8.43901
4.00694,-6.61086,-2.22138,-11.9208,16.5451,0.461794,-1.38293,8.43951
4.00777,-6.62168,-2.24939,-11.9153,16.559,0.439424,-1.38971,8.43992
4.0089,-6.63218,-2.27711,-11.9096,16.573,0.416989,-1.39649,8.44041
4.00976,-6.64264,-2.30453,-11.9038,16.587,0.39448,-1.40324,8.44081
4.01075,-6.65279,-2.33167,-11.8978,16.6011,0.371912,-1.40999,8.44129
4.01192,-6.6629,-2.35852,-11.8917,16.6152,0.349273,-1.41673,8.44169
4.01316,-6.6727,-2.38511,-11.8853,16.6294,0.326579,-1.42345,8.44216
4.01377,-6.68248,-2.41141,-11.8789,16.6436,0.30382,-1.43017,8.44256
4.01481,-6.59962,-2.30044,-11.7976,16.6873,0.280908,-1.43824,8.44304
4.01587,-6.60911,-2.32616,-11.7909,16.7017,0.258035,-1.44494,8.44344
4.01676,-6.61831,-2.35165,-11.7839,16.7161,0.235115,-1.45163,8.44392
4.01778,-6.62885,-2.37968,-11.7782,16.73,0.212894,-1.45831,8.44432
4.01901,-6.63909,-2.40743,-11.7723,16.7439,0.190608,-1.46497,8.44479
4.01985,-6.64934,-2.43493,-11.7664,16.7579,0.168269,-1.47161,8.44518
4.0208,-6.65929,-2.46214,-11.7601,16.7719,0.145867,-1.47824,8.44563
4.02179,-6.6692,-2.48905,-11.7539,16.786,0.123392,-1.48486,8.44601
4.02283,-6.67882,-2.51567,-11.7473,16.8001,0.100859,-1.49147,8.44645
4.02379,-6.68841,-2.542,-11.7408,16.8144,0.078257,-1.49807,8.44682
4.02492,-6.69771,-2.56807,-11.7339,16.8286,0.055601,-1.50466,8.44726
4.02574,-6.61527,-2.45624,-11.653,16.8723,0.0327668,-1.5126,8.44762
4.02682,-6.6243,-2.48172,-11.6459,16.8867,0.00999608,-1.51918,8.44806
4.02785,-6.63331,-2.50693,-11.6388,16.9011,-0.0128341,-1.52574,8.44841
4.02881,-6.6434,-2.53468,-11.6328,16.915,-0.0349568,-1.53229,8.44885
4.02979,-6.65306,-2.56276,-11.6263,16.9293,-0.0570119,-1.53896,8.44921
4.03112,-6.66289,-2.59001,-11.62,16.9433,-0.0792387,-1.54547,8.44962
4.03178,-6.75431,-2.72789,-11.6937,16.914,-0.0791177,-1.54409,8.44962
4.03274,-6.76404,-2.75485,-11.6873,16.928,-0.101426,-1.55059,8.44995
4.03394,-6.85539,-2.89282,-11.761,16.8987,-0.101304,-1.54922,8.44995
4.03489,-6.86518,-2.9189,-11.7546,16.9125,-0.123821,-1.55556,8.45034
4.03591,-6.79004,-2.82713,-11.665,16.9711,-0.170539,-1.56976,8.45105
4.03693,-6.7045,-2.7099,-11.5813,17.0162,-0.194092,-1.57778,8.45138
4.03829,-6.70953,-2.73062,-11.5708,17.0321,-0.217045,-1.58445,8.45182
4.03935,-6.71613,-2.75342,-11.5619,17.0472,-0.239121,-1.59098,8.45219
4.04034,-6.72406,-2.77884,-11.5543,17.0617,-0.260795,-1.59748,8.45264
4.04104,-6.73173,-2.80411,-11.5465,17.0763,-0.282059,-1.60398,8.45301
4.04238,-6.73888,-2.82928,-11.5384,17.091,-0.302924,-1.61046,8.45346
4.04329,-6.82972,-2.96765,-11.6116,17.0618,-0.30279,-1.60909,8.45346
4.0443,-6.75209,-2.87903,-11.5217,17.1204,-0.343547,-1.62341,8.45426
4.0452,-6.7581,-2.90418,-11.5128,17.1356,-0.363759,-1.63001,8.45466
4.04619,-6.76193,-2.92636,-11.5023,17.1513,-0.383613,-1.63662,8.45503
4.04739,-6.76725,-2.95064,-11.4933,17.1663,-0.402738,-1.64308,8.45548
4.04821,-6.76725,-2.95064,-11.4933,17.1663,-0.402738,-1.64308,8.45548
4.04925,-6.86281,-3.11331,-11.557,17.1522,-0.421434,-1.64815,8.45586
4.04976,-6.78148,-3.0223,-11.4654,17.2116,-0.458374,-1.66243,8.45668
4.05072,-6.69517,-2.90766,-11.3828,17.2563,-0.476899,-1.67039,8.45715
4.05259,-6.69722,-2.92876,-11.3714,17.2725,-0.495005,-1.67699,8.45754
4.05334,-6.69722,-2.92876,-11.3714,17.2725,-0.495005,-1.67699,8.45754
4.05422,-6.70625,-2.97775,-11.3532,17.3027,-0.529776,-1.68988,8.4584
4.05534,-6.71126,-3.00332,-11.3446,17.3176,-0.54681,-1.69631,8.45887
4.05634,-6.71609,-3.02924,-11.3357,17.3329,-0.563978,-1.70285,8.45925
4.05739,-6.72062,-3.05442,-11.3269,17.3479,-0.580548,-1.70926,8.45969
4.05798,-6.72062,-3.05442,-11.3269,17.3479,-0.580548,-1.70926,8.45969
4.05937,-6.72908,-3.10411,-11.3089,17.3782,-0.613096,-1.72206,8.46047
4.06032,-6.81895,-3.2432,-11.3812,17.3491,-0.612941,-1.72067,8.46047
4.06073,-6.73654,-3.1535,-11.2903,17.409,-0.645218,-1.73496,8.46124
4.06176,-6.74006,-3.17757,-11.2809,17.4244,-0.660836,-1.74135,8.46157
4.06279,-6.82976,-3.31677,-11.353,17.3954,-0.660677,-1.73996,8.46157
4.06373,-6.65486,-3.08374,-11.1881,17.4852,-0.692073,-1.75566,8.46232
4.06479,-6.65772,-3.1072,-11.1784,17.5008,-0.707231,-1.76205,8.46273
4.06578,-6.65857,-3.12825,-11.1669,17.5174,-0.722561,-1.76858,8.46306
4.06673,-6.66304,-3.1542,-11.1586,17.5325,-0.737432,-1.77496,8.46348
4.0684,-6.66738,-3.17982,-11.1503,17.5478,-0.752182,-1.78132,8.46379
4.06915,-6.66738,-3.17982,-11.1503,17.5478,-0.752182,-1.78132,8.46379
4.07037,-6.67553,-3.23058,-11.1332,17.5783,-0.781241,-1.79403,8.46446
4.07129,-6.67925,-3.25561,-11.1245,17.5937,-0.79557,-1.80037,8.46481
4.07227,-6.68283,-3.28094,-11.1156,17.6094,-0.810081,-1.80684,8.46508
4.07334,-6.77195,-3.42049,-11.1872,17.5806,-0.809909,-1.80544,8.46508
4.07415,-6.68952,-3.32975,-11.0977,17.6405,-0.838132,-1.81949,8.46565
4.07522,-6.69245,-3.35438,-11.0883,17.6565,-0.852287,-1.82595,8.46596
4.07625,-6.60459,-3.2363,-11.0061,17.7019,-0.866494,-1.83381,8.46619
4.07677,-6.6935,-3.37597,-11.0775,17.6731,-0.866317,-1.83241,8.46619
4.07777,-6.61018,-3.2833,-10.9877,17.7335,-0.893722,-1.84646,8.46672
4.07881,-6.61272,-3.30651,-10.9783,17.7494,-0.907197,-1.85277,8.46701
4.07989,-6.70145,-3.44627,-11.0496,17.7207,-0.907017,-1.85137,8.46701
4.08074,-6.6214,-3.35676,-10.9628,17.7796,-0.933369,-1.86511,8.46746
4.08179,-6.62546,-3.38208,-10.9548,17.7952,-0.94661,-1.87139,8.46763
4.08277,-6.62933,-3.4066,-10.9467,17.8104,-0.959489,-1.87754,8.46784
4.08377,-6.63315,-3.43088,-10.9386,17.8258,-0.972308,-1.88369,8.46797
4.08475,-6.63668,-3.45494,-10.9303,17.8413,-0.985056,-1.88983,8.46816
4.0857,-6.72506,-3.59488,-11.0013,17.8125,-0.984869,-1.88842,8.46816
4.08678,-6.6434,-3.50238,-10.9136,17.8724,-1.01038,-1.90211,8.46841
4.0879,-6.55644,-3.38351,-10.8325,17.9176,-1.0234,-1.9098,8.46849
4.08878,-6.64466,-3.52352,-10.9034,17.889,-1.02321,-1.9084,8.46849
4.08983,-6.56235,-3.43017,-10.8151,17.9495,-1.04866,-1.92223,8.46871
4.09076,-6.56684,-3.45623,-10.8076,17.9651,-1.06133,-1.92849,8.46885
4.09175,-6.65489,-3.59632,-10.8782,17.9365,-1.06114,-1.92708,8.46885
4.09282,-6.65734,-3.61984,-10.8689,17.953,-1.074,-1.93347,8.4689
4.09432,-6.66163,-3.64489,-10.8614,17.9685,-1.08627,-1.9396,8.46901
4.09483,-6.66385,-3.66741,-10.8521,17.9848,-1.09875,-1.94585,8.46907
4.09579,-6.66607,-3.68975,-10.8429,18.0012,-1.11117,-1.9521,8.46909
4.09676,-6.58024,-3.57162,-10.763,18.0463,-1.12374,-1.95977,8.46918
4.09776,-6.58225,-3.59347,-10.7536,18.0628,-1.13607,-1.96602,8.4692
4.09875,-6.58402,-3.61513,-10.744,18.0794,-1.14835,-1.97228,8.46928
4.0999,-6.58765,-3.63936,-10.736,18.0955,-1.1606,-1.97852,8.46929
4.1009,-6.59101,-3.66333,-10.7277,18.1116,-1.1728,-1.98475,8.46936
4.10175,-6.67854,-3.80364,-10.7979,18.0831,-1.17259,-1.98334,8.46936
4.1029,-6.68189,-3.82743,-10.7897,18.0993,-1.18474,-1.98956,8.46934
4.10389,-6.76935,-3.96777,-10.8598,18.0708,-1.18453,-1.98815,8.46934
4.10479,-6.68633,-3.87098,-10.7716,18.1321,-1.20863,-2.00188,8.46933
4.10577,-6.68736,-3.89134,-10.7615,18.1491,-1.22064,-2.00812,8.46936
4.10677,-6.68646,-3.90919,-10.7498,18.167,-1.23287,-2.0145,8.46932
4.10768,-6.77369,-4.04961,-10.8197,18.1386,-1.23266,-2.01308,8.46932
4.10871,-6.68749,-3.92874,-10.7399,18.1838,-1.24459,-2.02063,8.46937
4.10982,-6.68856,-3.94814,-10.73,18.2006,-1.25631,-2.02675,8.46934
4.11078,-6.68745,-3.96507,-10.7183,18.2184,-1.26824,-2.03303,8.46939
4.11186,-6.68825,-3.9847,-10.7081,18.2357,-1.28017,-2.0393,8.46937
4.11277,-6.68881,-4.00411,-10.6977,18.2531,-1.29209,-2.04559,8.46942
4.11375,-6.77575,-4.14463,-10.7674,18.2247,-1.29187,-2.04417,8.46942
4.11476,-6.77636,-4.16396,-10.7571,18.2421,-1.30376,-2.05046,8.4694
4.11576,-6.77677,-4.18316,-10.7466,18.2596,-1.31563,-2.05674,8.46945
4.11675,-6.86358,-4.32371,-10.8162,18.2313,-1.31541,-2.05533,8.46945
4.11776,-6.77394,-4.21559,-10.7228,18.2959,-1.3393,-2.06938,8.46949
4.11876,-6.77251,-4.23161,-10.7109,18.3141,-1.35113,-2.07571,8.46948
4.1197,-6.85916,-4.3722,-10.7803,18.2859,-1.3509,-2.07429,8.46948
4.12076,-6.68096,-4.12047,-10.6159,18.3799,-1.37523,-2.08998,8.46959
4.1218,-6.67761,-4.13347,-10.6025,18.3989,-1.38705,-2.09638,8.4697
4.12275,-6.67827,-4.15174,-10.5924,18.4164,-1.39864,-2.10262,8.46974
4.12387,-6.7647,-4.29239,-10.6616,18.3882,-1.39841,-2.1012,8.46974
4.12472,-6.76511,-4.31052,-10.6514,18.4057,-1.41,-2.10744,8.46984
4.12574,-6.7656,-4.32854,-10.6412,18.4233,-1.42157,-2.11368,8.46986
4.12673,-6.76392,-4.34408,-10.6291,18.4419,-1.43335,-2.12007,8.46994
4.12772,-6.67445,-4.23414,-10.536,18.5073,-1.45713,-2.13429,8.47004
4.12872,-6.76059,-4.37485,-10.605,18.4793,-1.45689,-2.13287,8.47004
4.12979,-6.75894,-4.39008,-10.593,18.498,-1.46866,-2.13928,8.47005
4.1313,-6.84501,-4.5308,-10.6619,18.4699,-1.46842,-2.13786,8.47005
4.13172,-6.67147,-4.28196,-10.5016,18.5626,-1.49216,-2.15339,8.47014
4.13277,-6.66949,-4.29734,-10.4893,18.5818,-1.50412,-2.15993,8.47022
4.1337,-6.66763,-4.31259,-10.477,18.601,-1.51607,-2.16649,8.47023
4.13474,-6.6676,-4.33015,-10.4663,18.6194,-1.52776,-2.1729,8.47031
4.13578,-6.66766,-4.34756,-10.4557,18.6377,-1.53944,-2.1793,8.47031
4.13676,-6.66759,-4.3649,-10.445,18.656,-1.55108,-2.18569,8.47037
4.13776,-6.6676,-4.38208,-10.4344,18.6744,-1.5627,-2.19207,8.47033
4.13875,-6.75322,-4.52287,-10.503,18.6464,-1.56245,-2.19065,8.47033
4.13973,-6.66732,-4.41603,-10.413,18.7112,-1.58586,-2.20482,8.47032
4.14075,-6.66685,-4.43319,-10.4019,18.73,-1.59765,-2.21131,8.47033
4.14185,-6.66468,-4.44738,-10.3895,18.7494,-1.6094,-2.21782,8.47026
4.1427,-6.66435,-4.46391,-10.3787,18.7679,-1.62089,-2.22417,8.47027
4.14368,-6.57899,-4.33904,-10.2999,18.8138,-1.63239,-2.23182,8.47019
4.14475,-6.66428,-4.47987,-10.3682,18.786,-1.63214,-2.23039,8.47019
4.14574,-6.58039,-4.37337,-10.2801,18.8495,-1.65488,-2.24422,8.47008
4.14677,-6.57974,-4.38916,-10.2691,18.8679,-1.66634,-2.25055,8.47003
4.14776,-6.66486,-4.52999,-10.3372,18.8402,-1.66608,-2.24912,8.47003
4.14879,-6.58176,-4.42387,-10.2494,18.9019,-1.68964,-2.2628,8.46978
4.14974,-6.66676,-4.56471,-10.3175,18.8742,-1.68938,-2.26137,8.46978
4.15079,-6.66592,-4.58159,-10.3062,18.8995,-1.70167,-2.26658,8.46946
4.15177,-6.57987,-4.47544,-10.2181,18.9886,-1.72341,-2.28133,8.46929
4.15286,-6.66471,-4.61628,-10.286,18.9609,-1.72314,-2.2799,8.46929
4.15374,-6.66283,-4.63194,-10.2749,18.9926,-1.73398,-2.28688,8.46929
4.15474,-6.57829,-4.50879,-10.1977,19.051,-1.74487,-2.29527,8.46917
4.15573,-6.57621,-4.52375,-10.1865,19.0831,-1.7557,-2.30253,8.46919
4.1568,-6.57435,-4.53847,-10.1755,19.1155,-1.7665,-2.30993,8.46908
4.15797,-6.57396,-4.55564,-10.1656,19.1469,-1.77727,-2.31746,8.46913
4.15889,-6.57374,-4.57249,-10.156,19.1786,-1.78801,-2.32511,8.46904
4.15983,-6.57324,-4.58912,-10.1462,19.2105,-1.79868,-2.33288,8.46909
4.16083,-6.57291,-4.60543,-10.1366,19.2426,-1.8093,-2.34076,8.469
4.16176,-6.57225,-4.62147,-10.1267,19.2749,-1.81986,-2.34876,8.46905
4.16278,-6.57176,-4.63719,-10.117,19.3075,-1.83038,-2.35686,8.46896
4.16387,-6.57096,-4.65265,-10.1072,19.3403,-1.84083,-2.36507,8.46902
4.16478,-6.48615,-4.52697,-10.0301,19.4007,-1.85152,-2.37481,8.46893
4.16604,-6.48527,-4.54188,-10.0203,19.4339,-1.86187,-2.38322,8.46899
4.16685,-6.48456,-4.55651,-10.0106,19.4673,-1.87217,-2.39172,8.4689
4.16782,-6.48533,-4.57363,-10.0021,19.4997,-1.88244,-2.40029,8.46896
4.16879,-6.48627,-4.59043,-9.99385,19.5323,-1.89264,-2.40893,8.46886
4.16971,-6.48692,-4.60702,-9.98539,19.5652,-1.90277,-2.41764,8.46889
4.1707,-6.48771,-4.62327,-9.97705,19.5982,-1.91285,-2.42642,8.46876
4.17175,-6.48816,-4.63924,-9.96852,19.6314,-1.92286,-2.43525,8.46877
4.17267,-6.48875,-4.65489,-9.9601,19.6648,-1.93283,-2.44415,8.46863
4.17417,-6.48901,-4.67026,-9.95149,19.6984,-1.94274,-2.45311,8.46861
4.17488,-6.48941,-4.68532,-9.943,19.7322,-1.9526,-2.46213,8.46846
4.17622,-6.48949,-4.70012,-9.93432,19.7662,-1.96241,-2.4712,8.46843
4.17676,-6.4062,-4.57386,-9.85891,19.8275,-1.97246,-2.48176,8.46826
4.17786,-6.40617,-4.58812,-9.85021,19.8618,-1.98218,-2.49095,8.46822
4.17874,-6.40627,-4.60209,-9.84162,19.8963,-1.99186,-2.50018,8.46804
4.1797,-6.32624,-4.49393,-9.76028,19.9905,-2.01142,-2.52017,8.46778
4.18075,-6.40953,-4.63468,-9.82695,19.9635,-2.01113,-2.51874,8.46778
4.18173,-6.41096,-4.65061,-9.81952,19.9973,-2.02066,-2.52807,8.46768
4.18278,-6.41427,-4.66865,-9.81371,20.0302,-2.02994,-2.53722,8.46751
4.18427,-6.49745,-4.80935,-9.8803,20.0032,-2.02964,-2.53579,8.46751
4.18508,-6.4167,-4.69889,-9.79865,20.0987,-2.04876,-2.556,8.46711
4.18572,-6.41781,-4.71354,-9.79108,20.1333,-2.05809,-2.56544,8.46683
4.18682,-6.41674,-4.72547,-9.78172,20.1691,-2.06758,-2.57512,8.46666
4.18778,-6.41769,-4.73961,-9.77409,20.204,-2.07681,-2.58464,8.46639
4.18877,-6.41831,-4.75343,-9.76625,20.2391,-2.086,-2.5942,8.46622
4.18986,-6.33625,-4.62638,-9.69224,20.3011,-2.09544,-2.60523,8.46593
4.19089,-6.33676,-4.63972,-9.6844,20.3365,-2.10447,-2.61488,8.46576
4.19178,-6.41951,-4.78034,-9.75064,20.3097,-2.10416,-2.61345,8.46576
4.19275,-6.33942,-4.66793,-9.6699,20.4057,-2.12278,-2.63432,8.46526
4.19371,-6.34162,-4.68301,-9.66324,20.4388,-2.13206,-2.64382,8.46492
4.19476,-6.34177,-4.6954,-9.65487,20.4725,-2.14145,-2.65353,8.46465
4.19576,-6.34393,-4.71,-9.64819,20.5046,-2.15061,-2.66303,8.4643
4.19677,-6.34586,-4.72425,-9.64132,20.5363,-2.15972,-2.67251,8.46401
4.19775,-6.34789,-4.73827,-9.63452,20.5675,-2.1688,-2.68196,8.46363
4.19897,-6.34972,-4.75203,-9.62756,20.5983,-2.17785,-2.69136,8.4633
4.19975,-6.35161,-4.76552,-9.62063,20.6286,-2.18688,-2.70072,8.46288
4.20075,-6.3533,-4.77877,-9.61353,20.6587,-2.19588,-2.71003,8.46252
4.20172,-6.35505,-4.79178,-9.60645,20.6883,-2.20488,-2.71928,8.46207
4.20275,-6.27449,-4.66413,-9.53347,20.7442,-2.21419,-2.7299,8.46168
4.20376,-6.27614,-4.6767,-9.52628,20.7731,-2.22317,-2.73902,8.46119
4.20481,-6.27759,-4.68908,-9.51893,20.8018,-2.23215,-2.74807,8.46076
4.20589,-6.28081,-4.70403,-9.51297,20.8295,-2.24114,-2.75703,8.46024
4.2068,-6.2838,-4.71872,-9.50681,20.857,-2.25012,-2.76591,8.45977
4.20802,-6.28685,-4.73322,-9.50068,20.8842,-2.25909,-2.7747,8.4592
4.20885,-6.28966,-4.74747,-9.49435,20.9111,-2.26804,-2.7834,8.45869
4.20979,-6.29248,-4.76147,-9.48801,20.9378,-2.277,-2.79202,8.45807
4.2108,-6.29508,-4.77524,-9.48148,20.9642,-2.28595,-2.80055,8.45752
4.21171,-6.29769,-4.78878,-9.47493,20.9904,-2.2949,-2.80899,8.45686
4.21276,-6.21849,-4.66187,-9.40286,21.0426,-2.30419,-2.81879,8.45627
4.21379,-6.22095,-4.675,-9.39615,21.0684,-2.31315,-2.82706,8.45558
4.21478,-6.22318,-4.68794,-9.38926,21.0939,-2.32211,-2.83524,8.45495
4.21587,-6.22714,-4.70346,-9.38373,21.1187,-2.33109,-2.84332,8.45423
4.21684,-6.23084,-4.71872,-9.37799,21.1432,-2.34006,-2.85131,8.45357
4.2179,-6.23458,-4.73378,-9.37225,21.1676,-2.34903,-2.85921,8.4528
4.21878,-6.23805,-4.7486,-9.36631,21.1919,-2.35798,-2.86702,8.4521
4.21977,-6.24152,-4.76317,-9.36033,21.2159,-2.36694,-2.87474,8.45129
4.22082,-6.24474,-4.77751,-9.35415,21.2398,-2.37589,-2.88237,8.45055
4.22179,-6.24795,-4.79161,-9.34795,21.2635,-2.38485,-2.88992,8.44971
4.22276,-6.16985,-4.66548,-9.2766,21.3132,-2.39415,-2.89882,8.44893
4.22377,-6.25092,-4.80549,-9.34155,21.2872,-2.3938,-2.89739,8.44893
4.22482,-6.17565,-4.69265,-9.26364,21.36,-2.41208,-2.91351,8.44726
4.22604,-6.18013,-4.70871,-9.2584,21.3826,-2.42105,-2.92072,8.44637
4.22737,-6.26104,-4.84863,-9.32323,21.3567,-2.4207,-2.91928,8.44637
4.22809,-6.18677,-4.73767,-9.24598,21.4286,-2.43916,-2.93506,8.4446
4.22946,-6.26758,-4.87754,-9.31073,21.4027,-2.43881,-2.93363,8.4446
4.2303,-6.26758,-4.87754,-9.31073,21.4027,-2.43881,-2.93363,8.4446
4.23135,-6.19466,-4.7785,-9.22551,21.4976,-2.46659,-2.95622,8.44187
4.23217,-6.1966,-4.79073,-9.21812,21.5205,-2.47572,-2.96314,8.4409
4.23278,-6.19817,-4.80312,-9.21035,21.5439,-2.48505,-2.97014,8.43999
4.23381,-6.12123,-4.67769,-9.13983,21.5914,-2.49436,-2.9782,8.43904
4.23482,-6.12459,-4.6918,-9.13366,21.613,-2.50332,-2.98475,8.43816
4.23587,-6.12799,-4.70573,-9.1275,21.6346,-2.51227,-2.99123,8.43718
4.23679,-6.13283,-4.72224,-9.12249,21.6555,-2.52123,-2.99762,8.43627
4.23788,-6.13761,-4.73845,-9.11744,21.6764,-2.53018,-3.00394,8.43525
4.23876,-6.14216,-4.75446,-9.11219,21.6972,-2.53911,-3.01019,8.4343
4.23979,-6.14667,-4.77018,-9.1069,21.7179,-2.54803,-3.01637,8.43324
4.2408,-6.15089,-4.78565,-9.10139,21.7386,-2.55694,-3.02248,8.43225
4.24186,-6.23104,-4.92512,-9.16565,21.7131,-2.55658,-3.02105,8.43225
4.24293,-6.159,-4.81579,-9.09008,21.7798,-2.57475,-3.03451,8.43015
4.24374,-6.16289,-4.83048,-9.08428,21.8003,-2.58365,-3.04044,8.42904
4.24488,-6.16472,-4.84251,-9.07676,21.8218,-2.59272,-3.04645,8.42797
4.24579,-6.24467,-4.98183,-9.14087,21.7964,-2.59235,-3.04502,8.42797
4.24675,-6.09186,-4.73146,-9.00049,21.8881,-2.61089,-3.05948,8.42581
4.24777,-6.09523,-4.7453,-8.99426,21.9084,-2.61979,-3.06519,8.42472
4.2489,-6.09672,-4.75649,-8.98645,21.9296,-2.62888,-3.07099,8.42356
4.24972,-6.10148,-4.77273,-8.98134,21.9494,-2.63778,-3.0766,8.42251
4.25084,-6.10615,-4.7886,-8.97615,21.9691,-2.64669,-3.08215,8.42136
4.25182,-6.11062,-4.80434,-8.97082,21.9888,-2.65557,-3.08764,8.42028
4.25272,-6.11506,-4.81979,-8.96544,22.0084,-2.66444,-3.09308,8.4191
4.25393,-6.11922,-4.83498,-8.95986,22.0281,-2.6733,-3.09847,8.41799
4.25474,-6.12334,-4.8499,-8.95424,22.0477,-2.68216,-3.10381,8.41679
4.25577,-6.1272,-4.86456,-8.94841,22.0672,-2.691,-3.1091,8.41566
4.25677,-6.13102,-4.87896,-8.94256,22.0868,-2.69984,-3.11435,8.41444
4.25775,-6.05527,-4.75423,-8.87286,22.1314,-2.70906,-3.12099,8.4133
4.25875,-6.05886,-4.76818,-8.86681,22.1509,-2.71789,-3.12615,8.41207
4.25973,-6.06398,-4.78433,-8.86208,22.1695,-2.72653,-3.13115,8.41093
4.26075,-6.06904,-4.80019,-8.85729,22.1881,-2.73518,-3.1361,8.4097
4.26176,-6.14821,-4.93895,-8.92083,22.1631,-2.73479,-3.13467,8.4097
4.26276,-6.07855,-4.83111,-8.84723,22.2253,-2.75244,-3.14587,8.40727
4.26377,-6.08123,-4.84378,-8.84046,22.2448,-2.76124,-3.15081,8.40605
4.26471,-6.08567,-4.85863,-8.83518,22.2634,-2.76986,-3.1556,8.40479
4.2657,-6.08983,-4.87322,-8.82968,22.282,-2.77849,-3.16036,8.40358
4.26671,-6.09396,-4.88755,-8.82414,22.3006,-2.78711,-3.16508,8.40229
4.26776,-6.09782,-4.90166,-8.8184,22.3193,-2.79573,-3.16976,8.40107
4.26873,-6.10165,-4.91551,-8.81263,22.3379,-2.80435,-3.17442,8.39977
4.26972,-6.10522,-4.92914,-8.80666,22.3566,-2.81297,-3.17904,8.39854
4.27071,-6.03008,-4.80417,-8.73747,22.4,-2.82199,-3.18506,8.39723
4.27174,-6.03342,-4.81738,-8.73131,22.4187,-2.83061,-3.18963,8.39599
4.27269,-6.11206,-4.95569,-8.79446,22.394,-2.83021,-3.1882,8.39599
4.27373,-6.04308,-4.84858,-8.72138,22.4551,-2.84785,-3.19863,8.39341
4.27475,-6.04598,-4.86136,-8.7148,22.4741,-2.85664,-3.20319,8.39204
4.27571,-6.0504,-4.87632,-8.70952,22.4924,-2.86523,-3.20762,8.39078
4.27681,-6.12885,-5.01443,-8.77254,22.4678,-2.86482,-3.20619,8.39078
4.27776,-6.05887,-4.90539,-8.69868,22.5288,-2.8824,-3.21638,8.38815
4.27875,-6.06118,-4.91712,-8.69165,22.5479,-2.89114,-3.22082,8.38677
4.27974,-6.13949,-5.05508,-8.75457,22.5235,-2.89074,-3.2194,8.38677
4.28066,-5.99064,-4.80682,-8.61734,22.6089,-2.90869,-3.23086,8.38413
4.28176,-5.99249,-4.81789,-8.60995,22.628,-2.91742,-3.23524,8.38282
4.28279,-6.07065,-4.95575,-8.67277,22.6036,-2.91701,-3.23381,8.38282
4.28375,-6.00273,-4.84965,-8.6006,22.6636,-2.93453,-3.24367,8.38017
4.28487,-6.00594,-4.86271,-8.59432,22.6822,-2.94323,-3.24794,8.37877
4.2857,-6.08397,-5.00042,-8.65705,22.6579,-2.94282,-3.24652,8.37877
4.28676,-6.01529,-4.89279,-8.5843,22.7178,-2.96024,-3.25621,8.37608
4.28774,-6.01793,-4.90501,-8.57759,22.7365,-2.9689,-3.2604,8.37473
4.28875,-6.09581,-5.04255,-8.64022,22.7123,-2.96849,-3.25897,8.37473
4.28976,-6.10015,-5.05688,-8.63496,22.7302,-2.97696,-3.26305,8.37333
4.29077,-6.02874,-4.94489,-8.55999,22.791,-2.99448,-3.27264,8.37058
4.2918,-6.10649,-5.08227,-8.62252,22.7669,-2.99406,-3.27121,8.37058
4.29281,-6.10856,-5.09343,-8.6154,22.7857,-3.00268,-3.27532,8.36923
4.29371,-6.03472,-4.9695,-8.54728,22.8277,-3.01155,-3.28074,8.36784
4.29476,-6.03655,-4.98018,-8.53997,22.8465,-3.02017,-3.28481,8.36649
4.29572,-5.96419,-4.86659,-8.4642,22.9077,-3.03782,-3.29431,8.36374
4.29673,-6.04171,-5.00375,-8.52657,22.8837,-3.0374,-3.29288,8.36374
4.29776,-6.04496,-5.01649,-8.52043,22.9021,-3.04601,-3.29689,8.36233
4.29874,-5.9754,-4.90674,-8.44703,22.9618,-3.06342,-3.30615,8.3596
4.29966,-5.97826,-4.91887,-8.4406,22.9801,-3.07197,-3.31008,8.35825
4.30073,-6.0556,-5.05579,-8.50285,22.9563,-3.07154,-3.30866,8.35825
4.30184,-5.98713,-4.94708,-8.43046,23.0152,-3.08869,-3.31769,8.35552
4.30273,-5.98967,-4.95836,-8.42379,23.0336,-3.09721,-3.32155,8.35408
4.30373,-6.06687,-5.0951,-8.48595,23.0099,-3.09678,-3.32013,8.35408
4.30475,-5.99766,-4.985,-8.41299,23.0688,-3.11385,-3.32902,8.35135
4.30572,-5.99979,-4.9955,-8.40603,23.0872,-3.12233,-3.33282,8.34989
4.30673,-5.99979,-4.9955,-8.40603,23.0872,-3.12233,-3.33282,8.34989
4.30776,-6.00344,-5.00822,-8.40038,23.1049,-3.13062,-3.33651,8.34854
4.30876,-5.93338,-4.89672,-8.32669,23.1642,-3.1478,-3.34532,8.34572
4.30976,-6.01031,-5.03316,-8.38867,23.1406,-3.14737,-3.3439,8.34572
4.31076,-6.01356,-5.04538,-8.38264,23.1587,-3.15581,-3.34761,8.34425
4.31176,-6.09046,-5.18169,-8.44459,23.1352,-3.15537,-3.34619,8.34425
4.31275,-6.02125,-5.07142,-8.37166,23.1941,-3.17246,-3.35487,8.3414
4.31378,-6.02388,-5.08319,-8.3651,23.2126,-3.18101,-3.35859,8.33996
4.31473,-6.02489,-5.09194,-8.35726,23.2315,-3.18955,-3.36232,8.33846
4.31573,-6.02743,-5.10291,-8.35073,23.2497,-3.1979,-3.36595,8.33707
4.31676,-5.95565,-4.98812,-8.27574,23.3094,-3.21505,-3.37457,8.33424
4.31773,-6.03225,-5.12405,-8.33749,23.2861,-3.21461,-3.37316,8.33424
4.31876,-6.03457,-5.13431,-8.33082,23.3043,-3.22294,-3.37674,8.33278
4.31972,-5.96193,-5.01101,-8.26378,23.3449,-3.23154,-3.38163,8.33143
4.3208,-5.96406,-5.02083,-8.25695,23.3631,-3.23986,-3.38517,8.32997
4.32174,-5.96601,-5.03052,-8.25001,23.3814,-3.24816,-3.3887,8.32858
4.32329,-5.96953,-5.04264,-8.24434,23.3991,-3.25647,-3.3922,8.32712
4.32441,-5.97282,-5.05449,-8.23849,23.417,-3.26475,-3.39568,8.32574
4.32529,-5.97613,-5.06612,-8.23267,23.4348,-3.27301,-3.39914,8.32427
4.32625,-5.9792,-5.0775,-8.22667,23.4526,-3.28126,-3.40259,8.32287
4.32728,-5.98213,-5.08889,-8.2205,23.4708,-3.28966,-3.40608,8.32136
4.32855,-5.98497,-5.09973,-8.21434,23.4886,-3.29786,-3.40949,8.31996
4.32946,-5.91167,-4.97507,-8.14675,23.5294,-3.3065,-3.41429,8.31848
4.33025,-6.06392,-5.2455,-8.26963,23.4836,-3.3056,-3.41147,8.31848
4.33114,-5.91681,-4.99592,-8.13398,23.5655,-3.32301,-3.42109,8.31556
4.33172,-5.91909,-5.0061,-8.12735,23.5837,-3.33132,-3.4245,8.31413
4.33273,-5.91979,-5.01334,-8.11945,23.6025,-3.33962,-3.42792,8.31262
4.3338,-5.92364,-5.02557,-8.11419,23.6199,-3.34774,-3.43123,8.31123
4.33494,-5.92743,-5.03741,-8.10887,23.6374,-3.35586,-3.43451,8.30975
4.33579,-5.93105,-5.04911,-8.10344,23.6548,-3.36394,-3.43777,8.30835
4.33683,-5.93464,-5.06052,-8.098,23.6723,-3.372,-3.441,8.30685
4.33787,-5.93799,-5.07166,-8.09238,23.6898,-3.38004,-3.44422,8.30542
4.33909,-5.94132,-5.08252,-8.08675,23.7073,-3.38806,-3.44742,8.30391
4.33989,-5.94441,-5.09312,-8.08094,23.7248,-3.39607,-3.45059,8.30247
4.34093,-5.94748,-5.10345,-8.07513,23.7424,-3.40406,-3.45375,8.30095
4.34188,-5.95032,-5.11354,-8.06914,23.76,-3.41203,-3.45689,8.29951
4.34287,-5.95315,-5.12337,-8.06316,23.7776,-3.42,-3.46002,8.29798
4.34373,-5.88024,-4.99872,-7.99596,23.8176,-3.42841,-3.46453,8.29653
4.34483,-5.88288,-5.00814,-7.98983,23.8353,-3.43635,-3.46762,8.29499
4.34579,-5.8853,-5.01734,-7.98354,23.8529,-3.44428,-3.4707,8.29354
4.34687,-5.8893,-5.02898,-7.97854,23.8701,-3.45221,-3.47375,8.29201
4.34787,-5.89305,-5.04032,-7.97335,23.8874,-3.46011,-3.47677,8.29054
4.34878,-5.9684,-5.17426,-8.03429,23.865,-3.45964,-3.47538,8.29054
4.34983,-5.90032,-5.06227,-7.96283,23.9218,-3.47584,-3.48276,8.28751
4.35082,-5.9756,-5.19605,-8.02372,23.8996,-3.47537,-3.48137,8.28751
4.35178,-5.90536,-5.0807,-7.95049,23.9572,-3.49166,-3.48876,8.28442
4.35279,-5.90863,-5.09076,-7.94498,23.9745,-3.49946,-3.4917,8.28286
4.3538,-5.90992,-5.09809,-7.93781,23.9927,-3.50742,-3.4947,8.28134
4.35477,-5.91299,-5.10768,-7.93216,24.0101,-3.51521,-3.49762,8.27978
4.35574,-5.91578,-5.11697,-7.9263,24.0275,-3.52298,-3.50052,8.2783
4.35682,-5.84362,-4.99276,-7.85976,24.0669,-3.53122,-3.50479,8.27674
4.3579,-5.91862,-5.12606,-7.92048,24.0449,-3.53075,-3.5034,8.27674
4.35875,-5.92122,-5.13492,-7.91449,24.0623,-3.53849,-3.50627,8.27525
4.3598,-5.92553,-5.14596,-7.90995,24.079,-3.54607,-3.50904,8.27372
4.36075,-5.92787,-5.15429,-7.90377,24.0965,-3.5538,-3.51187,8.27222
4.36177,-6.00276,-5.28726,-7.96443,24.0746,-3.55332,-3.51048,8.27222
4.36278,-5.93252,-5.1701,-7.89147,24.1312,-3.56905,-3.51743,8.26916
4.36371,-5.93307,-5.1751,-7.88387,24.1493,-3.57676,-3.52024,8.26758
4.36475,-5.9333,-5.18018,-7.87596,24.1677,-3.58463,-3.5231,8.26606
4.36572,-5.8607,-5.05468,-7.80915,24.2068,-3.59266,-3.52722,8.26457
4.36679,-5.86278,-5.06172,-7.80286,24.2241,-3.60023,-3.52994,8.26305
4.36773,-5.86623,-5.07124,-7.79769,24.241,-3.60779,-3.53262,8.26159
4.36874,-5.86966,-5.08049,-7.79251,24.2579,-3.61534,-3.53528,8.26005
4.36974,-5.87285,-5.08951,-7.78715,24.2749,-3.62287,-3.53793,8.25858
4.37075,-5.87603,-5.09828,-7.78178,24.2919,-3.63039,-3.54056,8.25702
4.37173,-5.95055,-5.2305,-7.84221,24.2703,-3.62991,-3.53917,8.25702
4.37276,-5.8819,-5.11507,-7.7707,24.3259,-3.6454,-3.54577,8.25395
4.37375,-5.8829,-5.1207,-7.76355,24.3438,-3.65304,-3.54842,8.25242
4.37471,-5.95731,-5.25267,-7.82391,24.3224,-3.65255,-3.54704,8.25242
4.37577,-5.88815,-5.1362,-7.75201,24.3781,-3.66799,-3.55357,8.24935
4.37677,-5.88896,-5.14117,-7.74474,24.3961,-3.67562,-3.55619,8.24774
4.37767,-5.96327,-5.27288,-7.80504,24.3747,-3.67513,-3.5548,8.24774
4.37876,-5.8913,-5.14844,-7.73877,24.4133,-3.68308,-3.55873,8.24625
4.37978,-5.89364,-5.15546,-7.7328,24.4305,-3.69055,-3.56127,8.24468
4.38075,-5.96787,-5.28699,-7.79307,24.4092,-3.69006,-3.55989,8.24468
4.38176,-5.96827,-5.29129,-7.78549,24.4273,-3.69767,-3.56248,8.24315
4.38283,-5.97041,-5.29788,-7.7794,24.4447,-3.70512,-3.565,8.24159
4.38379,-5.9706,-5.30175,-7.77168,24.4628,-3.71272,-3.56758,8.24007
4.38474,-5.9709,-5.30554,-7.76405,24.481,-3.72032,-3.57015,8.23849
4.38571,-5.97098,-5.30913,-7.75627,24.4993,-3.72793,-3.57273,8.237
4.38675,-5.97113,-5.31258,-7.74854,24.5175,-3.73554,-3.5753,8.23544
4.38775,-6.04517,-5.44348,-7.8087,24.4964,-3.73505,-3.57392,8.23544
4.38878,-6.04512,-5.4467,-7.80084,24.5147,-3.74265,-3.57649,8.23396
4.38975,-6.04514,-5.44978,-7.79303,24.5331,-3.75027,-3.57906,8.23242
4.39095,-5.96951,-5.31949,-7.72375,24.5728,-3.75837,-3.58302,8.23097
4.39173,-6.04345,-5.45012,-7.78385,24.5519,-3.75788,-3.58165,8.23097
4.39274,-5.96801,-5.32266,-7.70698,24.6096,-3.77348,-3.58812,8.22807
4.3939,-5.9679,-5.32539,-7.69909,24.628,-3.78113,-3.59069,8.22658
4.39471,-6.04174,-5.45574,-7.75914,24.6072,-3.78064,-3.58931,8.22658
4.39575,-5.96792,-5.33042,-7.68365,24.6642,-3.79611,-3.59569,8.22375
4.39689,-6.04169,-5.46058,-7.74367,24.6434,-3.79562,-3.59432,8.22375
4.39773,-5.96755,-5.33507,-7.66788,24.7008,-3.81125,-3.60072,8.2209
4.39874,-6.04126,-5.46505,-7.72785,24.6801,-3.81075,-3.59936,8.2209
4.39974,-6.03927,-5.46455,-7.7185,24.6991,-3.8184,-3.60191,8.2195
4.40075,-5.88984,-5.20631,-7.58145,24.7776,-3.83456,-3.60966,8.21669
4.40178,-5.96344,-5.33609,-7.64136,24.7569,-3.83406,-3.6083,8.21669
4.40272,-5.96155,-5.33547,-7.6321,24.776,-3.84172,-3.61084,8.21524
4.40374,-5.88886,-5.21207,-7.55753,24.8329,-3.8574,-3.61718,8.21247
4.40476,-5.96237,-5.34157,-7.61738,24.8124,-3.8569,-3.61582,8.21247
4.40581,-5.96185,-5.34326,-7.60926,24.831,-3.86454,-3.61832,8.21111
4.40671,-5.88901,-5.21938,-7.53461,24.8878,-3.88014,-3.62459,8.20833
4.40773,-5.96242,-5.34859,-7.59442,24.8674,-3.87964,-3.62323,8.20833
4.40876,-5.96186,-5.34985,-7.5863,24.886,-3.88724,-3.62571,8.20688
4.40975,-5.88885,-5.22545,-7.51155,24.9428,-3.90278,-3.63191,8.2041
4.41083,-5.96216,-5.35436,-7.5713,24.9225,-3.90228,-3.63055,8.2041
4.41178,-5.96136,-5.35523,-7.56303,24.9412,-3.90984,-3.63299,8.20273
4.41275,-5.96235,-5.35843,-7.55626,24.959,-3.91725,-3.63536,8.20131
4.41388,-5.88818,-5.23034,-7.48818,24.9979,-3.92532,-3.63913,8.19994
4.4148,-5.88739,-5.23092,-7.47993,25.0165,-3.93286,-3.64154,8.19849
4.41579,-5.88643,-5.23133,-7.47156,25.0351,-3.94039,-3.64394,8.19713
4.41679,-5.88709,-5.23421,-7.46451,25.0534,-3.94791,-3.64632,8.19569
4.41779,-5.88759,-5.23692,-7.45735,25.0716,-3.95542,-3.64868,8.19432
4.41878,-5.88818,-5.23951,-7.45027,25.0898,-3.9629,-3.65103,8.19287
4.4198,-5.8886,-5.24195,-7.44308,25.1079,-3.97035,-3.65336,8.1915
4.42085,-5.88908,-5.24421,-7.43594,25.1261,-3.97779,-3.65568,8.19004
4.42191,-5.88939,-5.24632,-7.42868,25.1443,-3.98521,-3.65798,8.18866
4.42291,-5.88976,-5.24826,-7.42148,25.1625,-3.9926,-3.66026,8.1872
4.4238,-5.88996,-5.25005,-7.41417,25.1806,-3.99998,-3.66253,8.18581
4.42482,-5.89023,-5.25167,-7.40691,25.1988,-4.00734,-3.66479,8.18434
4.42581,-5.89034,-5.25315,-7.39953,25.217,-4.01468,-3.66703,8.18295
4.42675,-5.8905,-5.25448,-7.39222,25.2351,-4.022,-3.66925,8.18147
4.42775,-5.81771,-5.12838,-7.32532,25.273,-4.02983,-3.67281,8.18008
4.42876,-5.81781,-5.12951,-7.31797,25.2911,-4.03712,-3.675,8.1786
4.42976,-5.81776,-5.13052,-7.31051,25.3092,-4.04439,-3.67719,8.17721
4.43074,-5.8193,-5.13393,-7.30436,25.3269,-4.05165,-3.67934,8.17573
4.43173,-5.82066,-5.13712,-7.29807,25.3446,-4.05889,-3.68147,8.17432
4.43276,-5.82204,-5.14018,-7.29182,25.3623,-4.06609,-3.68357,8.17286
4.43376,-5.82339,-5.14304,-7.28555,25.38,-4.07327,-3.68566,8.17136
4.4348,-5.82456,-5.1457,-7.27917,25.3976,-4.08041,-3.68773,8.16993
4.43576,-5.82577,-5.14816,-7.27281,25.4153,-4.08754,-3.68978,8.16841
4.43699,-5.82679,-5.15044,-7.26633,25.4329,-4.09463,-3.69181,8.16696
4.43778,-5.82786,-5.15252,-7.25989,25.4506,-4.10171,-3.69382,8.16544
4.43877,-5.82875,-5.15443,-7.25333,25.4682,-4.10877,-3.69581,8.16398
4.43975,-5.82968,-5.15615,-7.24681,25.4859,-4.1158,-3.69778,8.16245
4.44075,-5.75801,-5.03169,-7.18088,25.5227,-4.12334,-3.70107,8.16099
4.44176,-5.75884,-5.03317,-7.17429,25.5403,-4.13034,-3.70301,8.15945
4.44278,-5.7595,-5.03449,-7.16758,25.5579,-4.13732,-3.70493,8.15798
4.44376,-5.76173,-5.03816,-7.16217,25.5751,-4.14428,-3.70681,8.15644
4.44472,-5.76377,-5.04159,-7.15661,25.5923,-4.15121,-3.70868,8.15496
4.44576,-5.76586,-5.04486,-7.15111,25.6095,-4.15812,-3.71052,8.1534
4.4468,-5.76775,-5.04791,-7.14546,25.6266,-4.16499,-3.71234,8.1519
4.44775,-5.76966,-5.05073,-7.13984,25.6438,-4.17183,-3.71414,8.15032
4.44878,-5.77138,-5.05335,-7.13409,25.6609,-4.17865,-3.71591,8.14881
4.44976,-5.77312,-5.05574,-7.12836,25.6781,-4.18545,-3.71767,8.14722
4.45075,-5.77468,-5.05793,-7.1225,25.6952,-4.19222,-3.71941,8.1457
4.45177,-5.77626,-5.05991,-7.11666,25.7124,-4.19897,-3.72112,8.1441
4.45276,-5.77765,-5.06171,-7.1107,25.7295,-4.2057,-3.72282,8.14257
4.45379,-5.77908,-5.06329,-7.10477,25.7467,-4.21242,-3.7245,8.14097
4.45473,-5.70826,-4.94013,-7.0396,25.7825,-4.21964,-3.72748,8.13944
4.45575,-5.70957,-4.94145,-7.03359,25.7996,-4.22632,-3.72913,8.13783
4.45679,-5.7107,-4.9426,-7.02744,25.8167,-4.23298,-3.73075,8.1363
4.45772,-5.71338,-4.94606,-7.02258,25.8335,-4.23962,-3.73235,8.13468
4.45876,-5.71585,-4.94927,-7.01757,25.8502,-4.24624,-3.73392,8.13314
4.45974,-5.71837,-4.9523,-7.0126,25.8669,-4.25282,-3.73547,8.13151
4.46072,-5.72069,-4.9551,-7.00749,25.8836,-4.25938,-3.73699,8.12996
4.46177,-5.72302,-4.95766,-7.0024,25.9002,-4.26592,-3.7385,8.12831
4.46274,-5.72515,-4.96,-6.99716,25.9169,-4.27242,-3.73999,8.12674
4.46378,-5.72729,-4.96211,-6.99194,25.9336,-4.27891,-3.74145,8.12509
4.46471,-5.72924,-4.96401,-6.98659,25.9503,-4.28538,-3.7429,8.12351
4.46573,-5.73121,-4.96569,-6.98125,25.967,-4.29182,-3.74433,8.12186
4.46672,-5.73313,-4.96709,-6.97594,25.9834,-4.29812,-3.74571,8.12031
4.46772,-5.73507,-4.96829,-6.97063,25.9998,-4.30441,-3.74707,8.11868
4.46871,-5.66509,-4.84624,-6.90624,26.0344,-4.31122,-3.74971,8.11712
4.46973,-5.66688,-4.84719,-6.90083,26.0507,-4.31749,-3.75103,8.11548
4.47076,-5.66998,-4.85042,-6.89652,26.0668,-4.32374,-3.75231,8.11391
4.47177,-5.67308,-4.8534,-6.8922,26.0828,-4.32997,-3.75358,8.11226
4.47274,-5.67597,-4.85616,-6.88773,26.0988,-4.33618,-3.75481,8.11067
4.47377,-5.67886,-4.85867,-6.88327,26.1148,-4.34237,-3.75603,8.109
4.47476,-5.68153,-4.86096,-6.87865,26.1309,-4.34854,-3.75723,8.1074
4.47571,-5.6842,-4.86302,-6.87403,26.1469,-4.35469,-3.7584,8.10571
4.47674,-5.68667,-4.86485,-6.86927,26.163,-4.36083,-3.75956,8.1041
4.47773,-5.68915,-4.86647,-6.86452,26.1791,-4.36695,-3.76069,8.10241
4.47871,-5.69143,-4.86787,-6.85962,26.1952,-4.37305,-3.76181,8.10079
4.47972,-5.62224,-4.74718,-6.7959,26.229,-4.37969,-3.76421,8.09909
4.48084,-5.62436,-4.74829,-6.79088,26.2451,-4.38576,-3.7653,8.09747
4.48178,-5.62799,-4.75163,-6.78712,26.2608,-4.39182,-3.76635,8.09577
4.48279,-5.6314,-4.75471,-6.78319,26.2765,-4.39786,-3.76738,8.09414
4.4838,-5.6348,-4.75753,-6.77926,26.2922,-4.40387,-3.7684,8.09242
4.48473,-5.63798,-4.76011,-6.77517,26.308,-4.40986,-3.76939,8.09077
4.48576,-5.70936,-4.88139,-6.83398,26.2904,-4.40931,-3.7681,8.09077
4.48679,-5.64412,-4.76452,-6.76685,26.3394,-4.42178,-3.77131,8.08739
4.48775,-5.64547,-4.76402,-6.76125,26.3558,-4.42784,-3.77228,8.08562
4.48878,-5.64827,-4.76569,-6.7569,26.3716,-4.43375,-3.77321,8.08397
4.4897,-5.71957,-4.88647,-6.81568,26.3541,-4.4332,-3.77193,8.08397
4.49079,-5.65366,-4.76832,-6.74806,26.4031,-4.44554,-3.77502,8.08059
4.49178,-5.72492,-4.88885,-6.80683,26.3857,-4.44499,-3.77374,8.08059
4.49307,-5.65464,-4.76695,-6.74221,26.4196,-4.45155,-3.77594,8.07883
4.49385,-5.5882,-4.64812,-6.67415,26.4687,-4.46394,-3.77897,8.07543
4.49477,-5.65938,-4.7684,-6.73288,26.4515,-4.46339,-3.77769,8.07543
4.49573,-5.66153,-4.76886,-6.72804,26.4676,-4.46934,-3.77855,8.07376
4.49674,-5.59614,-4.65153,-6.66089,26.5163,-4.48163,-3.78149,8.07038
4.49776,-5.59812,-4.65148,-6.65594,26.5323,-4.48753,-3.78231,8.06867
4.49873,-5.66923,-4.77127,-6.71464,26.5152,-4.48698,-3.78103,8.06867
4.49976,-5.60499,-4.65533,-6.64852,26.5631,-4.49904,-3.78385,8.06532
4.50072,-5.67607,-4.77487,-6.70722,26.546,-4.49848,-3.78257,8.06532
4.50177,-5.67778,-4.77398,-6.70209,26.5621,-4.50433,-3.78334,8.06357
4.50273,-5.54038,-4.53544,-6.57555,26.6276,-4.51697,-3.78737,8.06018
4.50373,-5.61138,-4.65471,-6.63421,26.6106,-4.51641,-3.78609,8.06018
4.50476,-5.61276,-4.65336,-6.62884,26.6267,-4.52221,-3.78683,8.05851
4.50573,-5.54895,-4.53813,-6.56312,26.6744,-4.5342,-3.78947,8.05514
4.50677,-5.61991,-4.65702,-6.62177,26.6575,-4.53365,-3.7882,8.05514
4.50774,-5.62263,-4.6574,-6.61754,26.6732,-4.53939,-3.78887,8.0534
4.50881,-5.55829,-4.54114,-6.55144,26.7207,-4.55125,-3.79141,8.05001
4.50972,-5.6292,-4.65965,-6.61008,26.704,-4.55069,-3.79014,8.05001
4.51073,-5.63152,-4.65932,-6.60556,26.7197,-4.55637,-3.79077,8.04833
4.51177,-5.56663,-4.54204,-6.53906,26.7671,-4.56812,-3.79321,8.04494
4.5127,-5.56865,-4.54118,-6.5343,26.7831,-4.57386,-3.7938,8.04316
4.51373,-5.63951,-4.65917,-6.59292,26.7665,-4.5733,-3.79254,8.04316
4.51471,-5.57576,-4.54331,-6.52744,26.8131,-4.58483,-3.79487,8.03981
4.51576,-5.57576,-4.54331,-6.52744,26.8131,-4.58483,-3.79487,8.03981
4.51697,-5.57751,-4.54172,-6.52252,26.8288,-4.59041,-3.79541,8.03814
4.51801,-5.51314,-4.42508,-6.45653,26.8756,-4.60196,-3.79765,8.03475
4.51903,-5.5839,-4.54254,-6.51511,26.8592,-4.6014,-3.79639,8.03475
4.51974,-5.58697,-4.54264,-6.51131,26.8746,-4.60693,-3.79687,8.033
4.52071,-5.59143,-4.54483,-6.5087,26.8892,-4.61231,-3.7973,8.03136
4.52171,-5.59426,-4.54441,-6.50472,26.9046,-4.6178,-3.79774,8.0296
4.52276,-5.59693,-4.54383,-6.50064,26.9199,-4.62326,-3.79816,8.02792
4.52371,-5.53136,-4.42522,-6.43372,26.9668,-4.6347,-3.80023,8.02449
4.52474,-5.60204,-4.54189,-6.4923,26.9506,-4.63413,-3.79898,8.02449
4.52577,-5.60451,-4.5406,-6.48808,26.966,-4.63955,-3.79937,8.02274
4.52673,-5.54004,-4.4234,-6.42215,27.0121,-4.6508,-3.80132,8.01936
4.5277,-5.61069,-4.53967,-6.48072,26.9961,-4.65023,-3.80008,8.01936
4.52878,-5.47534,-4.30584,-6.35604,27.0582,-4.66199,-3.80322,8.01599
4.52975,-5.54593,-4.42197,-6.41458,27.0422,-4.66142,-3.80198,8.01599
4.53074,-5.54932,-4.42205,-6.41117,27.0572,-4.66677,-3.80228,8.01433
4.53174,-5.55434,-4.42422,-6.40914,27.0715,-4.67197,-3.80254,8.01261
4.53268,-5.55753,-4.4238,-6.40558,27.0865,-4.67727,-3.8028,8.01093
4.5338,-5.56075,-4.42321,-6.40208,27.1015,-4.68254,-3.80305,8.00917
4.53481,-5.56374,-4.42233,-6.39839,27.1164,-4.68779,-3.80328,8.0075
4.53648,-5.56674,-4.42121,-6.39471,27.1314,-4.69303,-3.8035,8.00574
4.53695,-5.49902,-4.30469,-6.33235,27.1622,-4.69883,-3.80494,8.00407
4.53776,-5.57235,-4.41832,-6.38708,27.1614,-4.70347,-3.8039,8.00232
4.5387,-5.57486,-4.41657,-6.38302,27.1767,-4.70877,-3.80409,8.00062
4.53976,-5.57898,-4.41689,-6.38033,27.1914,-4.71394,-3.80425,7.99888
4.54072,-5.58141,-4.41464,-6.37625,27.2064,-4.7191,-3.80441,7.99722
4.54182,-5.51343,-4.29775,-6.31368,27.2369,-4.72482,-3.80579,7.99549
4.54286,-5.51571,-4.29525,-6.30948,27.2519,-4.72995,-3.80592,7.99384
4.54396,-5.51801,-4.29256,-6.30532,27.2668,-4.73508,-3.80605,7.99212
4.54484,-5.52161,-4.29198,-6.30224,27.2815,-4.74018,-3.80615,7.99048
4.54578,-5.52521,-4.29115,-6.29917,27.2961,-4.74528,-3.80623,7.98876
4.5468,-5.52864,-4.29014,-6.29598,27.3108,-4.75036,-3.8063,7.98712
4.54784,-5.53207,-4.28889,-6.29279,27.3254,-4.75541,-3.80635,7.9854
4.54896,-5.5353,-4.28741,-6.28945,27.34,-4.76045,-3.80639,7.98375
4.54973,-5.53853,-4.2857,-6.28612,27.3546,-4.76547,-3.80642,7.98203
4.55076,-5.54156,-4.28377,-6.28264,27.3693,-4.77047,-3.80643,7.98039
4.55185,-5.5446,-4.28162,-6.27918,27.3839,-4.77547,-3.80643,7.97867
4.55285,-5.54745,-4.27926,-6.27557,27.3985,-4.78044,-3.80641,7.97703
4.55381,-5.55031,-4.27669,-6.27198,27.4132,-4.78541,-3.80638,7.97532
4.55476,-5.48266,-4.16108,-6.20971,27.4429,-4.79093,-3.80756,7.97369
4.55576,-5.48536,-4.15825,-6.20599,27.4575,-4.79588,-3.8075,7.97199
4.55689,-5.48787,-4.15522,-6.20214,27.4722,-4.8008,-3.80744,7.97037
4.55782,-5.49188,-4.15426,-6.19954,27.4865,-4.80572,-3.80735,7.96867
4.55872,-5.49568,-4.15305,-6.19677,27.5008,-4.81062,-3.80724,7.96705
4.55982,-5.49951,-4.15164,-6.19404,27.515,-4.81549,-3.80712,7.96535
4.56077,-5.50313,-4.15,-6.19115,27.5293,-4.82034,-3.80698,7.96372
4.56176,-5.50674,-4.14812,-6.18826,27.5436,-4.82518,-3.80683,7.96201
4.56274,-5.51016,-4.14601,-6.18522,27.5579,-4.82999,-3.80666,7.96038
4.56374,-5.51357,-4.14366,-6.18219,27.5722,-4.83479,-3.80648,7.95868
4.56473,-5.51678,-4.1411,-6.17901,27.5864,-4.83957,-3.80629,7.95705
4.56577,-5.52,-4.13831,-6.17584,27.6007,-4.84435,-3.80608,7.95535
4.56725,-5.45281,-4.02406,-6.11398,27.6297,-4.84968,-3.80706,7.95373
4.56824,-5.4558,-4.021,-6.11063,27.6439,-4.85442,-3.80682,7.95207
4.56918,-5.45876,-4.01773,-6.10726,27.6582,-4.85916,-3.80657,7.95038
4.56981,-5.463,-4.0165,-6.10498,27.6721,-4.86387,-3.8063,7.94877
4.57078,-5.46722,-4.015,-6.10269,27.6861,-4.86857,-3.80601,7.94707
4.57173,-5.47127,-4.01331,-6.10026,27.7,-4.87324,-3.80571,7.94545
4.57279,-5.47531,-4.01137,-6.09784,27.7139,-4.87789,-3.80538,7.94375
4.57383,-5.47914,-4.00919,-6.09526,27.7279,-4.88252,-3.80505,7.94213
4.57478,-5.48296,-4.00677,-6.09268,27.7418,-4.88713,-3.8047,7.94043
4.57603,-5.48657,-4.00411,-6.08994,27.7557,-4.89172,-3.80433,7.93881
4.57678,-5.49018,-4.00123,-6.08721,27.7696,-4.8963,-3.80395,7.93711
4.57775,-5.4936,-3.99812,-6.08432,27.7836,-4.90086,-3.80356,7.93549
4.57874,-5.49701,-3.9948,-6.08145,27.7975,-4.90542,-3.80316,7.93379
4.57985,-5.4301,-3.88174,-6.01985,27.8256,-4.91054,-3.80392,7.93218
4.58077,-5.43333,-3.87814,-6.01683,27.8395,-4.91507,-3.80349,7.93049
4.58175,-5.43638,-3.87434,-6.01367,27.8534,-4.91958,-3.80305,7.92889
4.58296,-5.4409,-3.87253,-6.01175,27.867,-4.92408,-3.80258,7.92721
4.58377,-5.44521,-3.87046,-6.00967,27.8806,-4.92855,-3.8021,7.92561
4.58474,-5.44954,-3.8682,-6.00761,27.8942,-4.93301,-3.8016,7.92392
4.58574,-5.45366,-3.86569,-6.00539,27.9078,-4.93745,-3.80108,7.92232
4.58672,-5.45777,-3.86293,-6.00317,27.9213,-4.94187,-3.80055,7.92063
4.58775,-5.46167,-3.85994,-6.00079,27.9349,-4.94626,-3.80001,7.91902
4.58886,-5.46556,-3.85671,-5.99841,27.9485,-4.95065,-3.79945,7.91733
4.58975,-5.46925,-3.85325,-5.99587,27.9621,-4.95501,-3.79888,7.91573
4.59077,-5.53937,-3.96129,-6.05451,27.9483,-4.95442,-3.79772,7.91573
4.59172,-5.47644,-3.84568,-5.99066,27.9892,-4.9637,-3.79771,7.91244
4.5927,-5.40985,-3.73384,-5.92936,28.0165,-4.96862,-3.79826,7.91077
4.59379,-5.4116,-3.72747,-5.92522,28.0307,-4.97304,-3.79765,7.90915
4.59477,-5.41495,-3.72315,-5.92244,28.0442,-4.97734,-3.79703,7.9075
4.59583,-5.41955,-3.72075,-5.92071,28.0575,-4.98164,-3.79638,7.90593
4.59676,-5.42416,-3.71813,-5.919,28.0708,-4.98593,-3.79572,7.90428
4.59776,-5.4286,-3.71532,-5.91716,28.084,-4.99018,-3.79504,7.9027
4.5988,-5.43302,-3.71227,-5.91531,28.0972,-4.99442,-3.79435,7.90104
4.59972,-5.43724,-3.70897,-5.9133,28.1105,-4.99863,-3.79365,7.89946
4.60089,-5.44143,-3.70543,-5.91129,28.1237,-5.00284,-3.79292,7.89781
4.60177,-5.44543,-3.70166,-5.90912,28.137,-5.00702,-3.79219,7.89623
4.60277,-5.44941,-3.69766,-5.90695,28.1502,-5.01118,-3.79144,7.89457
4.60375,-5.4532,-3.69345,-5.90462,28.1634,-5.01533,-3.79068,7.89299
4.60503,-5.45698,-3.68901,-5.9023,28.1767,-5.01948,-3.78991,7.89134
4.60586,-5.39052,-3.57844,-5.84113,28.2032,-5.0242,-3.79027,7.88978
4.60678,-5.39411,-3.57373,-5.83866,28.2164,-5.02831,-3.78948,7.88814
4.60794,-5.39751,-3.56883,-5.83605,28.2296,-5.03242,-3.78867,7.88658
4.60886,-5.40239,-3.56584,-5.83467,28.2425,-5.0365,-3.78784,7.88495
4.60976,-5.40705,-3.5626,-5.83312,28.2554,-5.04057,-3.78699,7.88339
4.61085,-5.41173,-3.55916,-5.8316,28.2683,-5.04463,-3.78613,7.88175
4.61177,-5.41619,-3.55548,-5.82991,28.2812,-5.04865,-3.78525,7.88019
4.61334,-5.42064,-3.55156,-5.82822,28.2941,-5.05266,-3.78436,7.87855
4.61438,-5.42064,-3.55156,-5.82822,28.2941,-5.05266,-3.78436,7.87855
4.61502,-5.42911,-3.54301,-5.82451,28.3199,-5.06064,-3.78254,7.87536
4.6157,-5.43314,-3.5384,-5.82249,28.3328,-5.0646,-3.78161,7.8738
4.61676,-5.36705,-3.42912,-5.76164,28.3588,-5.06923,-3.78179,7.87214
4.61774,-5.37096,-3.42429,-5.75955,28.3714,-5.07308,-3.78086,7.87063
4.61875,-5.37633,-3.42135,-5.75868,28.3838,-5.07692,-3.7799,7.86904
4.61975,-5.44637,-3.52542,-5.81748,28.371,-5.07632,-3.77877,7.86904
4.62071,-5.38659,-3.4147,-5.75658,28.4084,-5.08455,-3.77792,7.86592
4.62174,-5.45664,-3.51846,-5.81539,28.3957,-5.08395,-3.77679,7.86592
4.62278,-5.39486,-3.40501,-5.75285,28.4336,-5.09219,-3.77587,7.86276
4.62377,-5.39799,-3.39871,-5.75014,28.4465,-5.09604,-3.77482,7.86121
4.62472,-5.40269,-3.39442,-5.74878,28.4589,-5.09979,-3.77377,7.85962
4.62572,-5.40719,-3.38988,-5.74724,28.4712,-5.10354,-3.7727,7.85811
4.62673,-5.41167,-3.38512,-5.7457,28.4836,-5.10727,-3.77162,7.85652
4.62774,-5.41594,-3.38016,-5.744,28.496,-5.11099,-3.77053,7.85501
4.62879,-5.35016,-3.27231,-5.68344,28.5208,-5.1153,-3.77053,7.85342
4.62975,-5.35422,-3.26707,-5.68157,28.5332,-5.119,-3.7694,7.85192
4.63072,-5.35974,-3.26368,-5.68093,28.5452,-5.12268,-3.76825,7.85033
4.63174,-5.36504,-3.26003,-5.68011,28.5573,-5.12635,-3.76708,7.84883
4.63271,-5.37031,-3.25613,-5.67928,28.5694,-5.12999,-3.7659,7.84724
4.63374,-5.37536,-3.25199,-5.67828,28.5815,-5.13362,-3.7647,7.84572
4.63472,-5.44544,-3.35386,-5.73721,28.5692,-5.13301,-3.7636,7.84572
4.63573,-5.3852,-3.24297,-5.67608,28.6057,-5.14082,-3.76226,7.84261
4.63683,-5.38847,-3.236,-5.67361,28.6183,-5.14448,-3.76101,7.84098
4.63783,-5.45857,-3.3374,-5.73257,28.6061,-5.14387,-3.75991,7.84098
4.63872,-5.39769,-3.22569,-5.67094,28.6424,-5.1516,-3.75851,7.83791
4.64002,-5.40056,-3.2181,-5.66816,28.6551,-5.15523,-3.75723,7.83638
4.64076,-5.47069,-3.31902,-5.72717,28.643,-5.15463,-3.75614,7.83638
4.64169,-5.40918,-3.20646,-5.66504,28.6795,-5.16238,-3.75466,7.83328
4.64272,-5.34169,-3.09769,-5.60306,28.7041,-5.16659,-3.75445,7.83178
4.64372,-5.41179,-3.19829,-5.66206,28.6921,-5.16598,-3.75336,7.83178
4.64475,-5.35131,-3.0874,-5.60081,28.728,-5.17361,-3.75185,7.8288
4.64574,-5.35519,-3.08078,-5.59891,28.7403,-5.17718,-3.75051,7.82725
4.64673,-5.36044,-3.07612,-5.59817,28.7521,-5.18065,-3.74917,7.8258
4.64774,-5.36565,-3.07118,-5.59742,28.7639,-5.18411,-3.74782,7.82427
4.64872,-5.37066,-3.06603,-5.5965,28.7757,-5.18755,-3.74646,7.82282
4.64972,-5.37564,-3.06063,-5.59557,28.7875,-5.19097,-3.74508,7.8213
4.65077,-5.38042,-3.05502,-5.59448,28.7993,-5.19438,-3.7437,7.81984
4.65171,-5.45059,-3.15433,-5.65359,28.7876,-5.19377,-3.74262,7.81984
4.65273,-5.38974,-3.04311,-5.59211,28.8229,-5.20115,-3.74088,7.81687
4.65375,-5.39423,-3.03674,-5.5908,28.8349,-5.20459,-3.73943,7.81532
4.6547,-5.46443,-3.13556,-5.64996,28.8233,-5.20398,-3.73835,7.81532
4.65572,-5.33276,-2.9249,-5.52883,28.87,-5.21189,-3.73763,7.81237
4.65683,-5.33538,-2.91608,-5.52596,28.8823,-5.2153,-3.73616,7.81092
4.65771,-5.34104,-2.91119,-5.52566,28.8938,-5.21862,-3.73469,7.80943
4.65874,-5.34647,-2.90603,-5.52517,28.9053,-5.22193,-3.73321,7.80802
4.65975,-5.35189,-2.90064,-5.52468,28.9168,-5.22522,-3.73172,7.80652
4.66117,-5.35709,-2.89503,-5.52402,28.9283,-5.22849,-3.73021,7.8051
4.6617,-5.36227,-2.88917,-5.52335,28.9398,-5.23174,-3.72869,7.80361
4.66283,-5.36725,-2.88309,-5.52251,28.9513,-5.23497,-3.72716,7.80219
4.66371,-5.4375,-2.98061,-5.58177,28.94,-5.23436,-3.72609,7.80219
4.66472,-5.44246,-2.97414,-5.58094,28.9515,-5.23758,-3.72455,7.80069
4.66574,-5.3114,-2.76623,-5.46035,28.9971,-5.24527,-3.72351,7.79776
4.6667,-5.38164,-2.86341,-5.51961,28.9859,-5.24466,-3.72246,7.79776
4.66782,-5.32045,-2.75239,-5.45798,29.0202,-5.25168,-3.72034,7.79486
4.66893,-5.39071,-2.84925,-5.51727,29.0091,-5.25107,-3.71928,7.79486
4.66974,-5.33196,-2.74148,-5.45771,29.0428,-5.25804,-3.71709,7.79197
4.67086,-5.40224,-2.83801,-5.51703,29.0318,-5.25742,-3.71604,7.79197
4.67173,-5.34304,-2.72968,-5.45712,29.0653,-5.2643,-3.7138,7.78907
4.67273,-5.34687,-2.72144,-5.4554,29.0769,-5.26744,-3.71214,7.78765
4.67368,-5.4172,-2.81748,-5.51477,29.066,-5.26682,-3.71109,7.78765
4.67472,-5.35735,-2.70842,-5.45435,29.0992,-5.27354,-3.70883,7.7848
4.67573,-5.36096,-2.69955,-5.45246,29.1108,-5.27665,-3.70714,7.78332
4.67674,-5.36592,-2.69256,-5.45172,29.122,-5.27967,-3.70546,7.78195
4.67777,-5.30051,-2.58995,-5.39155,29.1439,-5.28331,-3.70481,7.78052
4.67876,-5.30525,-2.5827,-5.39063,29.155,-5.28632,-3.70311,7.77916
4.6798,-5.37561,-2.67791,-5.45006,29.1442,-5.2857,-3.70207,7.77916
4.68102,-5.38181,-2.67219,-5.45039,29.1551,-5.28869,-3.70035,7.77773
4.6819,-5.32185,-2.56331,-5.38993,29.188,-5.2953,-3.69787,7.7749
4.68272,-5.39226,-2.65802,-5.44941,29.1773,-5.29468,-3.69684,7.7749
4.68387,-5.33185,-2.54856,-5.3886,29.2103,-5.30128,-3.69431,7.77208
4.68533,-5.33587,-2.53984,-5.38711,29.2216,-5.30426,-3.69251,7.77071
4.68631,-5.40631,-2.63405,-5.44665,29.2111,-5.30365,-3.69149,7.77071
4.68754,-5.34672,-2.52579,-5.38655,29.2435,-5.31011,-3.68892,7.76795
4.6884,-5.34672,-2.52579,-5.38655,29.2435,-5.31011,-3.68892,7.76795
4.68927,-5.42251,-2.6121,-5.44577,29.244,-5.31242,-3.68607,7.76652
4.69038,-5.29027,-2.40746,-5.32428,29.2873,-5.31953,-3.68443,7.76373
4.69134,-5.29511,-2.39945,-5.32352,29.2985,-5.32249,-3.68255,7.76238
4.69221,-5.3656,-2.49282,-5.38313,29.2882,-5.32187,-3.68153,7.76238
4.6932,-5.30471,-2.38307,-5.32198,29.3206,-5.32829,-3.67883,7.75965
4.69431,-5.31087,-2.37645,-5.32236,29.3313,-5.33115,-3.67697,7.75827
4.69472,-5.38141,-2.46931,-5.38202,29.3211,-5.33053,-3.67595,7.75827
4.69573,-5.32135,-2.3607,-5.32161,29.3531,-5.33684,-3.67319,7.75556
4.69713,-5.32565,-2.3516,-5.32044,29.364,-5.33965,-3.67132,7.75426
4.69773,-5.39624,-2.44395,-5.38016,29.3538,-5.33903,-3.67031,7.75426
4.69875,-5.33704,-2.33671,-5.32049,29.385,-5.34513,-3.66755,7.75163
4.69972,-5.34114,-2.32704,-5.31917,29.3959,-5.34789,-3.66564,7.75026
4.70074,-5.34656,-2.31919,-5.31899,29.4063,-5.35057,-3.66375,7.74901
4.70184,-5.34656,-2.31919,-5.31899,29.4063,-5.35057,-3.66375,7.74901
4.70271,-5.28653,-2.21134,-5.25864,29.4371,-5.35653,-3.66092,7.74643
4.70375,-5.29166,-2.20289,-5.25822,29.4476,-5.35924,-3.65895,7.74508
4.70473,-5.36232,-2.29423,-5.31803,29.4377,-5.35862,-3.65795,7.74508
4.70577,-5.30452,-2.18931,-5.25959,29.4679,-5.36448,-3.65502,7.7425
4.70678,-5.30922,-2.18022,-5.25883,29.4785,-5.36713,-3.653,7.74123
4.70774,-5.37993,-2.27105,-5.3187,29.4686,-5.36651,-3.65201,7.74123
4.70872,-5.32137,-2.16531,-5.25965,29.4987,-5.37227,-3.649,7.73866
4.70977,-5.32581,-2.15557,-5.25869,29.5092,-5.37488,-3.64695,7.73731
4.71071,-5.39658,-2.24588,-5.31862,29.4995,-5.37425,-3.64596,7.73731
4.71175,-5.40236,-2.23775,-5.3188,29.5097,-5.37678,-3.64393,7.73607
4.71274,-5.34133,-2.12907,-5.2577,29.54,-5.38251,-3.64079,7.7335
4.71372,-5.41215,-2.21887,-5.31769,29.5303,-5.38188,-3.63981,7.7335
4.71467,-5.34536,-2.11856,-5.25643,29.5505,-5.38506,-3.63871,7.73218
4.71572,-5.28372,-2.00948,-5.19483,29.5807,-5.39074,-3.63552,7.72968
4.71674,-5.28887,-2.00044,-5.19451,29.5909,-5.39327,-3.6334,7.72847
4.71773,-5.35972,-2.08972,-5.25453,29.5814,-5.39264,-3.63243,7.72847
4.71873,-5.30201,-1.98561,-5.19627,29.6106,-5.39819,-3.6292,7.72599
4.71976,-5.30683,-1.97593,-5.19569,29.6208,-5.40068,-3.62705,7.72477
4.72074,-5.37774,-2.0647,-5.25578,29.6114,-5.40005,-3.62607,7.72477
4.72174,-5.38407,-2.05659,-5.25648,29.6213,-5.40246,-3.62395,7.72351
4.72273,-5.32379,-1.9495,-5.19609,29.6506,-5.40793,-3.62059,7.72104
4.72367,-5.39476,-2.03775,-5.25624,29.6413,-5.4073,-3.61962,7.72104
4.72475,-5.39916,-2.0271,-5.25534,29.6515,-5.40973,-3.61744,7.71985
4.72573,-5.3382,-1.91938,-5.1944,29.6808,-5.41513,-3.61403,7.71743
4.72667,-5.2714,-1.82064,-5.13314,29.7002,-5.41816,-3.61278,7.71618
4.72773,-5.3424,-1.90837,-5.19334,29.691,-5.41753,-3.61182,7.71618
4.72872,-5.28389,-1.80403,-5.13448,29.7194,-5.42282,-3.60839,7.71384
4.72973,-5.28914,-1.79435,-5.13431,29.7293,-5.42518,-3.60614,7.71268
4.7308,-5.36021,-1.88156,-5.19457,29.7202,-5.42455,-3.60519,7.71268
4.73175,-5.36698,-1.87344,-5.19571,29.7298,-5.42683,-3.60296,7.71147
4.73272,-5.30742,-1.76791,-5.136,29.7582,-5.43203,-3.59939,7.70909
4.73375,-5.37855,-1.8546,-5.19633,29.7492,-5.4314,-3.59844,7.70909
4.73474,-5.38339,-1.84395,-5.19585,29.7591,-5.43368,-3.59615,7.70794
4.73577,-5.32311,-1.73773,-5.13555,29.7873,-5.43881,-3.59253,7.70559
4.73688,-5.39431,-1.8239,-5.19595,29.7784,-5.43818,-3.59159,7.70559
4.73774,-5.39894,-1.81268,-5.19531,29.7883,-5.44043,-3.58928,7.70438
4.7388,-5.33802,-1.70591,-5.1345,29.8164,-5.44549,-3.58562,7.70209
4.73975,-5.33802,-1.70591,-5.1345,29.8164,-5.44549,-3.58562,7.70209
4.74078,-5.34226,-1.69436,-5.13354,29.8262,-5.44771,-3.58329,7.70098
4.74171,-5.28224,-1.589,-5.07351,29.854,-5.45272,-3.57957,7.69875
4.74297,-5.35353,-1.67429,-5.134,29.8453,-5.45208,-3.57864,7.69875
4.74373,-5.35906,-1.66391,-5.13415,29.8549,-5.45427,-3.57627,7.69758
4.74473,-5.29986,-1.55964,-5.07482,29.8822,-5.45919,-3.57249,7.69536
4.74585,-5.37121,-1.64441,-5.13539,29.8736,-5.45855,-3.57156,7.69536
4.74684,-5.37636,-1.63347,-5.13523,29.8831,-5.46069,-3.56918,7.69428
4.74843,-5.38299,-1.6242,-5.13632,29.8923,-5.46276,-3.56682,7.69315
4.74935,-5.31644,-1.52857,-5.07532,29.9103,-5.46552,-3.56534,7.69208
4.75045,-5.3928,-1.6013,-5.13563,29.9113,-5.46698,-3.56201,7.69094
4.75159,-5.3928,-1.6013,-5.13563,29.9113,-5.46698,-3.56201,7.69094
4.75253,-5.33666,-1.48321,-5.07448,29.9486,-5.47397,-3.55553,7.68767
4.75335,-5.33666,-1.48321,-5.07448,29.9486,-5.47397,-3.55553,7.68767
4.75439,-5.27391,-1.37497,-5.01223,29.9764,-5.47885,-3.55147,7.68549
4.75533,-5.34543,-1.45832,-5.07296,29.968,-5.47821,-3.55056,7.68549
4.75615,-5.28535,-1.35355,-5.01297,29.9949,-5.48295,-3.54658,7.68339
4.75742,-5.35692,-1.43656,-5.07375,29.9866,-5.48231,-3.54567,7.68339
4.75846,-5.36411,-1.42723,-5.07538,29.9955,-5.48431,-3.54323,7.68232
4.75937,-5.30492,-1.32363,-5.01616,30.022,-5.48893,-3.53919,7.68023
4.76051,-5.37657,-1.40611,-5.07701,30.0138,-5.48829,-3.53829,7.68023
4.76158,-5.37657,-1.40611,-5.07701,30.0138,-5.48829,-3.53829,7.68023
4.76267,-5.38708,-1.38235,-5.07703,30.0323,-5.49226,-3.53328,7.67812
4.76351,-5.38708,-1.38235,-5.07703,30.0323,-5.49226,-3.53328,7.67812
4.76441,-5.39864,-1.35965,-5.07795,30.0504,-5.49612,-3.52828,7.67606
4.76529,-5.39864,-1.35965,-5.07795,30.0504,-5.49612,-3.52828,7.67606
4.76664,-5.33652,-1.25286,-5.01633,30.0771,-5.50065,-3.52408,7.67399
4.76769,-5.48019,-1.41551,-5.13838,30.061,-5.49938,-3.5223,7.67399
4.76864,-5.27842,-1.1329,-4.9537,30.1128,-5.50709,-3.51729,7.671
4.76941,-5.35025,-1.21396,-5.01472,30.1049,-5.50645,-3.5164,7.671
4.77031,-5.2844,-1.12161,-4.95435,30.1217,-5.50897,-3.51475,7.67
4.77148,-5.29456,-1.09698,-4.95414,30.1397,-5.51272,-3.50968,7.66809
4.77212,-5.29456,-1.09698,-4.95414,30.1397,-5.51272,-3.50968,7.66809
4.77277,-5.3721,-1.16552,-5.01562,30.1407,-5.51394,-3.50624,7.66718
4.77378,-5.31426,-1.0646,-4.95764,30.1656,-5.51817,-3.50202,7.6653
4.77476,-5.38626,-1.14459,-5.01882,30.1579,-5.51753,-3.50114,7.6653
4.77576,-5.39174,-1.13235,-5.01908,30.1665,-5.5193,-3.49861,7.66432
4.77681,-5.33167,-1.02966,-4.95923,30.191,-5.52335,-3.49441,7.66246
4.77774,-5.33167,-1.02966,-4.95923,30.191,-5.52335,-3.49441,7.66246
4.77876,-5.3367,-1.01709,-4.95912,30.1996,-5.52505,-3.49183,7.66157
4.77984,-5.34324,-1.00615,-4.96029,30.2078,-5.52671,-3.48928,7.66062
4.78074,-5.34953,-0.994764,-4.96125,30.2162,-5.52839,-3.48666,7.65974
4.78177,-5.35583,-0.983235,-4.96223,30.2245,-5.53005,-3.48403,7.65877
4.78274,-5.36193,-0.971514,-4.96304,30.2329,-5.53169,-3.48139,7.65789
4.78379,-5.36801,-0.959605,-4.96384,30.2412,-5.53332,-3.47873,7.65693
4.78477,-5.37389,-0.947519,-4.96448,30.2495,-5.53493,-3.47607,7.65605
4.78573,-5.37976,-0.935253,-4.96511,30.2578,-5.53654,-3.4734,7.6551
4.78678,-5.38543,-0.922818,-4.96558,30.2661,-5.53812,-3.47071,7.65423
4.78778,-5.45777,-1.00066,-5.02708,30.2587,-5.53748,-3.46986,7.65423
4.78877,-5.39657,-0.897442,-4.96635,30.2827,-5.54127,-3.46532,7.65244
4.7898,-5.32967,-0.807029,-4.90514,30.2983,-5.54347,-3.46346,7.65152
4.79082,-5.3334,-0.792323,-4.90399,30.3068,-5.54505,-3.4607,7.65066
4.79173,-5.3387,-0.779309,-4.90416,30.315,-5.54659,-3.45798,7.64977
4.79283,-5.34528,-0.767645,-4.90542,30.3231,-5.54812,-3.45525,7.64896
4.79377,-5.41775,-0.844585,-4.96703,30.3158,-5.54747,-3.4544,7.64896
4.79472,-5.35832,-0.743866,-4.90784,30.3391,-5.55113,-3.44975,7.64726
4.79579,-5.36472,-0.731714,-4.90897,30.347,-5.55261,-3.44698,7.64637
4.79679,-5.36942,-0.717617,-4.90866,30.3553,-5.55411,-3.44417,7.64555
4.79775,-5.3756,-0.705153,-4.9096,30.3633,-5.55556,-3.44139,7.64471
4.79878,-5.38168,-0.69246,-4.91046,30.3712,-5.557,-3.43861,7.64384
4.79984,-5.3876,-0.679646,-4.91119,30.3791,-5.55843,-3.43582,7.64306
4.80085,-5.39351,-0.66666,-4.91192,30.387,-5.55984,-3.43302,7.6422
4.80195,-5.32655,-0.578016,-4.85068,30.4019,-5.56189,-3.43104,7.64142
4.80278,-5.33223,-0.564885,-4.85122,30.4097,-5.56328,-3.42823,7.64057
4.80377,-5.33773,-0.5516,-4.8516,30.4176,-5.56466,-3.4254,7.63981
4.80477,-5.34474,-0.539667,-4.85327,30.4252,-5.56601,-3.42256,7.63897
4.80577,-5.35153,-0.527537,-4.85477,30.4328,-5.56736,-3.41971,7.63822
4.80677,-5.35834,-0.515254,-4.85627,30.4404,-5.56869,-3.41685,7.63738
4.80779,-5.36493,-0.502785,-4.8576,30.448,-5.56999,-3.41399,7.63662
4.80878,-5.3715,-0.49013,-4.85892,30.4556,-5.57129,-3.41111,7.63578
4.80978,-5.37787,-0.477297,-4.86007,30.4631,-5.57256,-3.40823,7.63502
4.81077,-5.38421,-0.464285,-4.8612,30.4707,-5.57382,-3.40533,7.63419
4.81176,-5.39036,-0.451105,-4.86217,30.4782,-5.57507,-3.40243,7.63345
4.81283,-5.39649,-0.437753,-4.86314,30.4857,-5.5763,-3.39953,7.63262
4.81372,-5.40243,-0.42424,-4.86394,30.4932,-5.57753,-3.39661,7.63189
4.81473,-5.33534,-0.337501,-4.80262,30.5072,-5.57936,-3.39455,7.6311
4.81577,-5.40837,-0.410822,-4.86474,30.5005,-5.57872,-3.39375,7.6311
4.81676,-5.41413,-0.397249,-4.86538,30.5078,-5.57989,-3.39087,7.63039
4.81775,-5.42139,-0.384985,-4.86731,30.515,-5.58105,-3.38798,7.62962
4.81881,-5.42691,-0.3708,-4.86777,30.5224,-5.58223,-3.38502,7.6289
4.81991,-5.5001,-0.443394,-4.93003,30.5158,-5.58158,-3.38422,7.6289
4.82075,-5.43782,-0.342309,-4.86858,30.5371,-5.58452,-3.37914,7.62744
4.82184,-5.44164,-0.326234,-4.86761,30.5446,-5.58568,-3.37617,7.62668
4.82272,-5.51494,-0.398282,-4.92996,30.5382,-5.58503,-3.37538,7.62668
4.82375,-5.5202,-0.383669,-4.93021,30.5454,-5.58615,-3.37246,7.62604
4.82479,-5.52546,-0.3689,-4.93046,30.5527,-5.58727,-3.36953,7.62532
4.82576,-5.52901,-0.352292,-4.92926,30.5603,-5.58842,-3.36655,7.62469
4.82676,-5.60247,-0.423611,-4.99175,30.5539,-5.58777,-3.36576,7.62469
4.82774,-5.53264,-0.335887,-4.92813,30.5677,-5.58953,-3.36362,7.62401
4.8288,-5.53613,-0.319386,-4.92688,30.5751,-5.59065,-3.36068,7.62344
4.8298,-5.53809,-0.301053,-4.92434,30.5828,-5.59181,-3.35769,7.62279
4.83079,-5.54147,-0.284111,-4.92301,30.5904,-5.59295,-3.35469,7.62225
4.83176,-5.54488,-0.267038,-4.9217,30.5979,-5.59411,-3.35169,7.62166
4.83277,-5.54821,-0.24993,-4.92031,30.6055,-5.59526,-3.34869,7.62116
4.83379,-5.55159,-0.232742,-4.91898,30.613,-5.59642,-3.34569,7.6206
4.83476,-5.55485,-0.215482,-4.91755,30.6206,-5.59757,-3.34269,7.62014
4.83575,-5.55817,-0.198144,-4.91617,30.6281,-5.59872,-3.33968,7.61962
4.83679,-5.56137,-0.180736,-4.91468,30.6356,-5.59987,-3.33668,7.61919
4.83801,-5.56463,-0.163252,-4.91325,30.6431,-5.60101,-3.33368,7.6187
4.83882,-5.56777,-0.145699,-4.91172,30.6506,-5.60216,-3.33068,7.6183
4.83971,-5.49719,-0.059291,-4.84747,30.6639,-5.60392,-3.3285,7.61785
4.84078,-5.50024,-0.0417729,-4.84586,30.6714,-5.60506,-3.32549,7.61748
4.84176,-5.50494,-0.0259109,-4.84565,30.6785,-5.60615,-3.32253,7.61705
4.84275,-5.5095,-0.00993022,-4.84532,30.6856,-5.60724,-3.31957,7.61671
4.8437,-5.51408,0.00615552,-4.84502,30.6927,-5.60832,-3.31659,7.61629
4.84476,-5.58806,-0.0622349,-4.90795,30.6867,-5.60767,-3.31584,7.61629
4.84572,-5.52297,0.038657,-4.84419,30.7068,-5.61043,-3.31061,7.61553
4.84668,-5.52571,0.0567519,-4.84233,30.7141,-5.6115,-3.30756,7.61519
4.84773,-5.53009,0.0732252,-4.84187,30.7211,-5.61252,-3.30456,7.61479
4.84875,-5.53432,0.0898161,-4.84128,30.7281,-5.61354,-3.30155,7.61448
4.84974,-5.53859,0.106502,-4.84072,30.7351,-5.61455,-3.29854,7.6141
4.85074,-5.61279,0.0392134,-4.90384,30.7293,-5.6139,-3.2978,7.6141
4.85171,-5.54689,0.140171,-4.83941,30.749,-5.61653,-3.29248,7.61342
4.85274,-5.47508,0.225745,-4.77416,30.7618,-5.61819,-3.29013,7.61313
4.85377,-5.54933,0.158824,-4.83732,30.7561,-5.61753,-3.2894,7.61313
4.85473,-5.48461,0.258212,-4.77392,30.7754,-5.62009,-3.28404,7.61251
4.85576,-5.48851,0.275627,-4.77307,30.7824,-5.62106,-3.28093,7.61215
4.85675,-5.56287,0.209258,-4.83632,30.7768,-5.62041,-3.2802,7.61215
4.85778,-5.49923,0.307412,-4.77385,30.7957,-5.62288,-3.2748,7.61154
4.85875,-5.57366,0.241411,-4.83716,30.7901,-5.62222,-3.27407,7.61154
4.85975,-5.57735,0.25931,-4.83613,30.797,-5.62314,-3.27094,7.61127
4.86075,-5.58264,0.275654,-4.83647,30.8036,-5.624,-3.26787,7.61093
4.86173,-5.58617,0.293798,-4.83532,30.8105,-5.6249,-3.26473,7.61067
4.86283,-5.58978,0.311972,-4.83426,30.8173,-5.62577,-3.26159,7.61033
4.86384,-5.59324,0.330263,-4.83305,30.8241,-5.62663,-3.25845,7.61009
4.86474,-5.52211,0.413522,-4.7684,30.8363,-5.62814,-3.25602,7.60978
4.8659,-5.52547,0.431771,-4.76712,30.8431,-5.62899,-3.25287,7.60957
4.86675,-5.52889,0.450091,-4.76589,30.8498,-5.62984,-3.24973,7.60928
4.86772,-5.53374,0.467181,-4.76587,30.8564,-5.63066,-3.24658,7.60909
4.86881,-5.53862,0.484383,-4.76588,30.8629,-5.63147,-3.24342,7.60881
4.86974,-5.54339,0.501652,-4.7658,30.8694,-5.63227,-3.24026,7.60862
4.87072,-5.54819,0.519027,-4.76575,30.8759,-5.63305,-3.23709,7.60834
4.87175,-5.55285,0.5365,-4.76557,30.8824,-5.63381,-3.23392,7.60815
4.87282,-5.55753,0.554074,-4.76543,30.8888,-5.63457,-3.23075,7.60788
4.8738,-5.56207,0.571744,-4.76516,30.8952,-5.6353,-3.22758,7.6077
4.87476,-5.56664,0.589512,-4.76492,30.9015,-5.63602,-3.2244,7.60743
4.87588,-5.57107,0.607371,-4.76456,30.9079,-5.63673,-3.22122,7.60726
4.87684,-5.57553,0.625324,-4.76424,30.9142,-5.63743,-3.21803,7.607
4.87773,-5.50477,0.706045,-4.69994,30.9256,-5.63876,-3.21552,7.60684
4.87882,-5.50909,0.723991,-4.69951,30.9318,-5.63944,-3.21233,7.6066
4.87976,-5.51328,0.742021,-4.69896,30.938,-5.64009,-3.20912,7.60645
4.88082,-5.51907,0.758889,-4.69977,30.944,-5.64072,-3.20591,7.60622
4.88173,-5.52469,0.775878,-4.70043,30.9501,-5.64134,-3.20269,7.60607
4.8828,-5.53032,0.792954,-4.70111,30.956,-5.64194,-3.19946,7.60587
4.88373,-5.53591,0.810148,-4.70176,30.962,-5.64253,-3.19623,7.60563
4.88475,-5.54135,0.827453,-4.70228,30.9679,-5.64309,-3.19299,7.60548
4.88581,-5.54679,0.844874,-4.70281,30.9738,-5.64363,-3.18975,7.60524
4.8868,-5.55207,0.862402,-4.7032,30.9796,-5.64416,-3.1865,7.60508
4.88779,-5.55737,0.88004,-4.70362,30.9855,-5.64467,-3.18324,7.60485
4.88878,-5.56252,0.897781,-4.7039,30.9913,-5.64517,-3.17998,7.60469
4.88971,-5.49218,0.976273,-4.64002,31.0019,-5.64631,-3.17738,7.60447
4.89077,-5.49716,0.994032,-4.64016,31.0076,-5.64678,-3.1741,7.60432
4.89175,-5.50215,1.01189,-4.64033,31.0133,-5.64724,-3.17082,7.60411
4.89278,-5.50857,1.02864,-4.6417,31.0188,-5.64766,-3.16753,7.60397
4.89387,-5.51498,1.04552,-4.64307,31.0243,-5.64808,-3.16423,7.60375
4.89481,-5.52125,1.0625,-4.64432,31.0298,-5.64847,-3.16092,7.60361
4.8958,-5.52752,1.0796,-4.64557,31.0352,-5.64885,-3.1576,7.60339
4.89678,-5.53361,1.09683,-4.64667,31.0406,-5.6492,-3.15428,7.60324
4.89781,-5.5397,1.11418,-4.64778,31.046,-5.64954,-3.15095,7.60301
4.89882,-5.54562,1.13164,-4.64875,31.0513,-5.64986,-3.14761,7.60287
4.89974,-5.55154,1.14923,-4.64972,31.0567,-5.65017,-3.14427,7.60264
4.90079,-5.55729,1.16692,-4.65055,31.0619,-5.65046,-3.14092,7.6025
4.9019,-5.56306,1.18473,-4.65139,31.0672,-5.65073,-3.13757,7.60228
4.9027,-5.56866,1.20264,-4.65209,31.0724,-5.65099,-3.13421,7.60215
4.90378,-5.49827,1.2789,-4.58823,31.0821,-5.6519,-3.13148,7.60194
4.90485,-5.50369,1.29683,-4.58878,31.0873,-5.65213,-3.1281,7.60182
4.90575,-5.50912,1.31487,-4.58935,31.0924,-5.65236,-3.12472,7.60163
4.90676,-5.51597,1.33185,-4.59112,31.0974,-5.65255,-3.12133,7.60152
4.90773,-5.52281,1.34897,-4.59289,31.1023,-5.65273,-3.11792,7.60133
4.90877,-5.5295,1.36618,-4.59453,31.1073,-5.6529,-3.11452,7.60122
4.90975,-5.53619,1.38352,-4.59617,31.1122,-5.65304,-3.1111,7.60102
4.91078,-5.54269,1.40098,-4.59765,31.117,-5.65317,-3.10768,7.60091
4.91177,-5.54918,1.41856,-4.59913,31.1218,-5.65328,-3.10425,7.60071
4.91275,-5.5555,1.43627,-4.60046,31.1266,-5.65338,-3.10082,7.6006
4.91376,-5.56181,1.45409,-4.6018,31.1314,-5.65346,-3.09738,7.60041
4.91473,-5.56796,1.47202,-4.60298,31.1361,-5.65353,-3.09393,7.60031
4.91572,-5.5741,1.49007,-4.60418,31.1408,-5.65358,-3.09048,7.60013
4.91677,-5.58008,1.50822,-4.60523,31.1455,-5.65362,-3.08702,7.60003
4.9178,-5.50954,1.58231,-4.5413,31.1544,-5.65431,-3.08417,7.59986
4.91874,-5.51531,1.60048,-4.54219,31.159,-5.65433,-3.0807,7.59979
4.91977,-5.5211,1.61876,-4.54309,31.1636,-5.65433,-3.07722,7.59963
4.92073,-5.52832,1.63603,-4.54519,31.168,-5.6543,-3.07373,7.59957
4.92177,-5.53551,1.65343,-4.54729,31.1725,-5.65427,-3.07024,7.59942
4.92272,-5.54256,1.67093,-4.54925,31.1769,-5.65422,-3.06674,7.59935
4.92377,-5.54959,1.68856,-4.55121,31.1812,-5.65416,-3.06323,7.5992
4.92475,-5.55643,1.70631,-4.55301,31.1855,-5.65407,-3.05972,7.59913
4.92582,-5.56326,1.72418,-4.5548,31.1898,-5.65397,-3.0562,7.59898
4.92679,-5.56991,1.74217,-4.55644,31.1941,-5.65386,-3.05267,7.59891
4.9278,-5.57655,1.76028,-4.55808,31.1983,-5.65373,-3.04914,7.59877
4.92884,-5.50609,1.83247,-4.49427,31.2065,-5.65425,-3.0462,7.59871
4.92983,-5.5125,1.85061,-4.49572,31.2107,-5.6541,-3.04265,7.59858
4.93084,-5.51875,1.86886,-4.49703,31.2148,-5.65393,-3.03911,7.59854
4.93175,-5.52659,1.88615,-4.49969,31.2189,-5.65374,-3.03555,7.59842
4.93276,-5.53423,1.90357,-4.50218,31.2228,-5.65353,-3.03198,7.59838
4.93386,-5.54189,1.92109,-4.50468,31.2268,-5.65332,-3.02841,7.59825
4.93482,-5.54934,1.93875,-4.50701,31.2307,-5.65308,-3.02483,7.59821
4.93584,-5.55677,1.95653,-4.50934,31.2346,-5.65282,-3.02125,7.59808
4.93682,-5.56401,1.97444,-4.51149,31.2385,-5.65255,-3.01766,7.59803
4.93777,-5.57122,1.99247,-4.51363,31.2423,-5.65227,-3.01407,7.59791
4.93877,-5.57825,2.01062,-4.51561,31.2461,-5.65197,-3.01047,7.59787
4.93988,-5.58527,2.02889,-4.51759,31.2499,-5.65166,-3.00687,7.59775
4.94092,-5.5921,2.04726,-4.5194,31.2536,-5.65133,-3.00326,7.59773
4.94188,-5.59892,2.06576,-4.52122,31.2573,-5.65099,-2.99965,7.59762
4.94297,-5.5281,2.13592,-4.45718,31.2647,-5.65132,-2.99659,7.59761
4.94376,-5.5347,2.15444,-4.45881,31.2684,-5.65096,-2.99296,7.59752
4.94484,-5.54113,2.17306,-4.46029,31.272,-5.65059,-2.98934,7.59752
4.94639,-5.54915,2.19076,-4.46313,31.2755,-5.65019,-2.9857,7.59745
4.94714,-5.55699,2.20859,-4.4658,31.279,-5.64979,-2.98205,7.59746
4.94832,-5.56482,2.22653,-4.46848,31.2825,-5.64937,-2.9784,7.59739
4.94927,-5.57246,2.24459,-4.47099,31.2859,-5.64894,-2.97475,7.5974
4.95028,-5.58008,2.26277,-4.47349,31.2893,-5.64849,-2.97109,7.59732
4.95123,-5.65785,2.2125,-4.53943,31.2857,-5.64782,-2.97055,7.59732
4.95226,-5.5875,2.28107,-4.47581,31.2926,-5.64802,-2.96743,7.59734
4.95332,-5.52426,2.36792,-4.41429,31.3028,-5.64773,-2.96063,7.59729
4.95412,-5.53144,2.38675,-4.41644,31.3061,-5.64722,-2.95688,7.59723
4.95479,-5.53845,2.40568,-4.41844,31.3094,-5.6467,-2.95313,7.59727
4.95574,-5.54702,2.42336,-4.42175,31.3126,-5.64616,-2.94944,7.59722
4.95673,-5.55538,2.44117,-4.42488,31.3157,-5.64562,-2.94575,7.59726
4.95778,-5.56374,2.45909,-4.42802,31.3187,-5.64506,-2.94206,7.59721
4.95873,-5.57183,2.47677,-4.43092,31.3217,-5.6445,-2.93844,7.59724
4.95976,-5.57988,2.49459,-4.4338,31.3246,-5.64392,-2.93481,7.59719
4.96077,-5.58772,2.51254,-4.4365,31.3275,-5.64332,-2.93117,7.59722
4.96172,-5.59554,2.53062,-4.43918,31.3304,-5.64271,-2.92752,7.59718
4.96275,-5.60316,2.54882,-4.44169,31.3333,-5.64208,-2.92386,7.59722
4.96378,-5.68145,2.50077,-4.50801,31.33,-5.64141,-2.92334,7.59722
4.96481,-5.53985,2.63345,-4.38018,31.3422,-5.64146,-2.91703,7.59725
4.96581,-5.54557,2.65314,-4.3811,31.3451,-5.6408,-2.91327,7.59727
4.96674,-5.55447,2.67065,-4.38471,31.3477,-5.6401,-2.90958,7.59727
4.96773,-5.56315,2.68831,-4.38812,31.3504,-5.63941,-2.90587,7.59736
4.96869,-5.6416,2.641,-4.45456,31.3472,-5.63873,-2.90536,7.59736
4.96973,-5.58022,2.72401,-4.39471,31.3555,-5.63797,-2.89844,7.59743
4.97072,-5.58705,2.74335,-4.39658,31.3582,-5.63722,-2.89464,7.59742
4.97174,-5.59527,2.76149,-4.39961,31.3608,-5.63645,-2.89091,7.59751
4.97337,-5.6739,2.71492,-4.46618,31.3576,-5.63578,-2.89041,7.59751
4.97428,-5.6739,2.71492,-4.46618,31.3576,-5.63578,-2.89041,7.59751
4.97547,-5.61944,2.81704,-4.40831,31.3682,-5.6341,-2.87962,7.59764
4.97639,-5.61944,2.81704,-4.40831,31.3682,-5.6341,-2.87962,7.59764
4.97736,-5.69821,2.77103,-4.47499,31.3651,-5.63342,-2.87912,7.59764
4.9783,-5.48202,2.9687,-4.28028,31.3819,-5.63295,-2.86893,7.59794
4.97934,-5.63964,2.87722,-4.41367,31.3759,-5.63159,-2.86795,7.59794
4.98009,-5.71854,2.83177,-4.48044,31.3729,-5.63091,-2.86746,7.59794
4.9813,-5.58494,2.98065,-4.35565,31.3862,-5.62968,-2.85678,7.59825
4.98238,-5.66392,2.93556,-4.42247,31.3832,-5.629,-2.85629,7.59825
4.9834,-5.59785,3.02154,-4.35877,31.391,-5.62796,-2.84895,7.59849
4.98409,-5.60654,3.04014,-4.3622,31.3932,-5.62706,-2.84516,7.59867
4.98548,-5.68565,2.9956,-4.42912,31.3903,-5.62638,-2.84468,7.59867
4.98626,-5.54291,3.12331,-4.30056,31.4006,-5.62597,-2.83798,7.59896
4.98743,-5.63049,3.09788,-4.37073,31.3998,-5.62439,-2.83371,7.59907
4.98829,-5.63049,3.09788,-4.37073,31.3998,-5.62439,-2.83371,7.59907
4.9892,-5.64706,3.13636,-4.37693,31.404,-5.62252,-2.82605,7.59938
4.99028,-5.57574,3.19923,-4.31271,31.4089,-5.62229,-2.82271,7.59958
4.99139,-5.65506,3.15561,-4.37978,31.4061,-5.62161,-2.82225,7.59958
4.99229,-5.58376,3.21875,-4.3156,31.4109,-5.62131,-2.81883,7.5997
4.99325,-5.60091,3.25647,-4.32229,31.4148,-5.61936,-2.81122,7.60002
4.9943,-5.68037,3.21341,-4.38947,31.412,-5.61868,-2.81076,7.60002
4.99502,-5.68799,3.23345,-4.39201,31.414,-5.61769,-2.80687,7.60023
4.99628,-5.62663,3.31421,-4.33235,31.4204,-5.61632,-2.79963,7.60057
4.99686,-5.70624,3.2717,-4.39963,31.4177,-5.61564,-2.79918,7.60057
4.99778,-5.71355,3.29165,-4.40192,31.4195,-5.61463,-2.79537,7.60069
4.99877,-5.64812,3.37414,-4.33883,31.4259,-5.61321,-2.78812,7.60106
4.99984,-5.72786,3.33219,-4.40621,31.4232,-5.61253,-2.78767,7.60106
5.00083,-5.66346,3.41307,-4.344,31.4292,-5.61111,-2.78056,7.60149
5.00177,-5.59031,3.4749,-4.2783,31.4336,-5.61074,-2.77717,7.60176
5.00297,-5.67012,3.43331,-4.34573,31.431,-5.61006,-2.77673,7.60176
5.00377,-5.60822,3.51199,-4.28565,31.4366,-5.60857,-2.76964,7.60223
5.00475,-5.61627,3.53153,-4.28856,31.4381,-5.60747,-2.76579,7.60242
5.00577,-5.69622,3.49049,-4.35609,31.4356,-5.60678,-2.76535,7.60242
5.00679,-5.63508,3.56852,-4.29667,31.4409,-5.6052,-2.75821,7.60289
5.00776,-5.64267,3.58839,-4.2992,31.4424,-5.60404,-2.75434,7.60317
5.00884,-5.72277,3.54791,-4.36683,31.4398,-5.60336,-2.75391,7.60317
5.00984,-5.73195,3.56687,-4.3707,31.4412,-5.60218,-2.75011,7.60336
5.01102,-5.74092,3.58597,-4.37438,31.4425,-5.60101,-2.7463,7.60364
5.01178,-5.74827,3.60636,-4.3767,31.4439,-5.59981,-2.74241,7.60384
5.01276,-5.60198,3.72675,-4.24546,31.4514,-5.59872,-2.73547,7.60438
5.01379,-5.68224,3.68699,-4.31321,31.449,-5.59804,-2.73505,7.60438
5.01478,-5.68915,3.70747,-4.31516,31.4503,-5.5968,-2.73115,7.60471
5.01575,-5.62726,3.78518,-4.25517,31.4549,-5.595,-2.72384,7.60529
5.01675,-5.70767,3.74597,-4.32302,31.4525,-5.59431,-2.72342,7.60529
5.01795,-5.71604,3.76593,-4.32622,31.4537,-5.59304,-2.71951,7.60555
5.01894,-5.72578,3.78484,-4.33055,31.4547,-5.59176,-2.71568,7.60588
5.01974,-5.73386,3.80506,-4.3335,31.4558,-5.59047,-2.71177,7.60614
5.02082,-5.74178,3.82533,-4.3363,31.4569,-5.58915,-2.70785,7.60648
5.02177,-5.67663,3.90432,-4.27361,31.4612,-5.58719,-2.70042,7.60712
5.02299,-5.67663,3.90432,-4.27361,31.4612,-5.58719,-2.70042,7.60712
5.02379,-5.68425,3.9247,-4.27617,31.4622,-5.58585,-2.6965,7.60741
5.02475,-5.69329,3.94401,-4.27992,31.463,-5.58451,-2.69266,7.60778
5.02577,-5.70234,3.96384,-4.28368,31.4639,-5.58315,-2.68873,7.60808
5.02682,-5.71122,3.98375,-4.2873,31.4647,-5.58177,-2.6848,7.60846
5.02773,-5.72006,4.00377,-4.29089,31.4655,-5.58039,-2.68087,7.60876
5.02887,-5.72869,4.02388,-4.29429,31.4663,-5.57898,-2.67694,7.60915
5.02977,-5.73728,4.04409,-4.29768,31.467,-5.57757,-2.67301,7.60945
5.03074,-5.81829,4.00727,-4.36596,31.4649,-5.57689,-2.67262,7.60945
5.03178,-5.82666,4.02735,-4.36914,31.4656,-5.5755,-2.66877,7.60984
5.03273,-5.83499,4.04754,-4.37229,31.4663,-5.57409,-2.66492,7.61015
5.03372,-5.91616,4.01126,-4.4407,31.4642,-5.57341,-2.66454,7.61015
5.0347,-5.92267,4.03245,-4.44231,31.4649,-5.57201,-2.66068,7.61055
5.03573,-5.84794,4.08961,-4.37547,31.4677,-5.57127,-2.6572,7.6109
5.03674,-5.85258,4.11147,-4.37551,31.4684,-5.56986,-2.65334,7.61135
5.03776,-5.93389,4.07574,-4.44401,31.4663,-5.56918,-2.65297,7.61135
5.03875,-5.9403,4.09713,-4.44554,31.467,-5.56774,-2.64911,7.61175
5.03976,-5.94657,4.11859,-4.44693,31.4677,-5.56631,-2.64524,7.61225
5.04082,-5.95119,4.14081,-4.44694,31.4683,-5.56489,-2.64137,7.61269
5.04177,-5.95572,4.16351,-4.44687,31.469,-5.56342,-2.63742,7.61326
5.04277,-5.96028,4.18625,-4.44683,31.4697,-5.56195,-2.63347,7.61377
5.0439,-5.96472,4.20905,-4.44668,31.4703,-5.56048,-2.62952,7.61439
5.04486,-5.96924,4.23187,-4.44659,31.4709,-5.55902,-2.62557,7.61496
5.0458,-5.97364,4.25472,-4.4464,31.4715,-5.55755,-2.62163,7.61564
5.04678,-5.97812,4.27761,-4.44627,31.4721,-5.55609,-2.61769,7.61625
5.04769,-5.98249,4.30052,-4.44604,31.4727,-5.55462,-2.61376,7.61698
5.04873,-5.9051,4.35718,-4.37701,31.4752,-5.55384,-2.61017,7.61764
5.04979,-5.90939,4.37997,-4.37671,31.4757,-5.55237,-2.60624,7.6184
5.05082,-5.91374,4.40279,-4.37647,31.4762,-5.5509,-2.60231,7.61911
5.05177,-5.91969,4.42452,-4.37757,31.4766,-5.54943,-2.59846,7.6199
5.05271,-5.92567,4.44632,-4.3787,31.477,-5.54797,-2.5946,7.62061
5.05374,-5.93153,4.4686,-4.37972,31.4774,-5.54647,-2.59067,7.62142
5.05475,-5.93736,4.4905,-4.38072,31.4777,-5.54499,-2.58681,7.62219
5.05573,-5.94318,4.51246,-4.38171,31.478,-5.54349,-2.58295,7.62291
5.05673,-5.94888,4.53492,-4.3826,31.4783,-5.54195,-2.57902,7.62375
5.05775,-5.95459,4.55698,-4.3835,31.4785,-5.54044,-2.57516,7.62449
5.0588,-5.96017,4.5791,-4.38428,31.4787,-5.53891,-2.5713,7.62532
5.05972,-5.96578,4.60127,-4.3851,31.4789,-5.53737,-2.56743,7.62608
5.0607,-5.88894,4.65522,-4.31659,31.4808,-5.53651,-2.56389,7.62693
5.06176,-5.97126,4.6235,-4.3858,31.479,-5.53582,-2.56357,7.62693
5.06271,-5.90144,4.69885,-4.3193,31.4809,-5.53336,-2.55615,7.62857
5.06377,-5.9068,4.72153,-4.31991,31.481,-5.53176,-2.55219,7.62937
5.06481,-5.98926,4.69034,-4.38922,31.4793,-5.53108,-2.55187,7.62937
5.06573,-5.92063,4.76489,-4.32374,31.4809,-5.52854,-2.54444,7.63102
5.0667,-5.92574,4.78771,-4.32413,31.4809,-5.5269,-2.54048,7.6319
5.06777,-6.00835,4.75707,-4.39354,31.4792,-5.52621,-2.54017,7.6319
5.06873,-5.9392,4.83141,-4.32765,31.4806,-5.52361,-2.53272,7.63357
5.06969,-5.9442,4.8544,-4.32796,31.4805,-5.52194,-2.52876,7.63438
5.07076,-6.02694,4.8243,-4.39747,31.4788,-5.52125,-2.52845,7.63438
5.07175,-5.9573,4.89843,-4.33118,31.48,-5.51858,-2.521,7.63607
5.0727,-5.9573,4.89843,-4.33118,31.48,-5.51858,-2.521,7.63607
5.07383,-5.96204,4.92156,-4.33126,31.4798,-5.51688,-2.51704,7.63698
5.07489,-5.8919,4.99575,-4.26458,31.4808,-5.51412,-2.50949,7.63873
5.07571,-5.97482,4.96637,-4.3342,31.4792,-5.51343,-2.50919,7.63873
5.07675,-5.98119,4.98906,-4.33566,31.4788,-5.51168,-2.50523,7.63957
5.0779,-5.91225,5.06243,-4.27,31.4795,-5.50887,-2.49768,7.64132
5.0787,-5.91831,5.08508,-4.2712,31.4791,-5.50708,-2.49372,7.64224
5.07976,-6.00142,5.05642,-4.34095,31.4776,-5.50639,-2.49343,7.64224
5.08073,-5.93359,5.12856,-4.27626,31.478,-5.50353,-2.48595,7.64397
5.08171,-6.01679,5.10025,-4.34607,31.4765,-5.50284,-2.48567,7.64397
5.08271,-6.02274,5.12327,-4.34718,31.476,-5.50103,-2.48171,7.6448
5.08382,-5.95262,5.19623,-4.28059,31.4762,-5.49807,-2.47414,7.64655
5.0847,-5.87491,5.24698,-4.21152,31.477,-5.4969,-2.47045,7.64749
5.08574,-5.95824,5.2192,-4.28141,31.4756,-5.49621,-2.47018,7.64749
5.08677,-5.89099,5.2902,-4.21726,31.4755,-5.4932,-2.46268,7.64925
5.0879,-5.97441,5.26279,-4.28721,31.4741,-5.49251,-2.46241,7.64925
5.08888,-5.98159,5.2854,-4.28936,31.4733,-5.49063,-2.45844,7.6501
5.08982,-5.99026,5.30708,-4.29275,31.4725,-5.48874,-2.45455,7.65101
5.09073,-5.92048,5.3793,-4.22651,31.4721,-5.48558,-2.44688,7.65276
5.09175,-6.00409,5.3526,-4.29659,31.4707,-5.48489,-2.44662,7.65276
5.09271,-5.92726,5.40196,-4.22833,31.4712,-5.48364,-2.44291,7.6536
5.09383,-5.85847,5.47282,-4.16295,31.4706,-5.48045,-2.43531,7.65535
5.09483,-5.94216,5.44648,-4.23308,31.4692,-5.47976,-2.43505,7.65535
5.09579,-5.94868,5.46973,-4.23467,31.4682,-5.47774,-2.43101,7.6563
5.0968,-6.03248,5.44375,-4.30489,31.4669,-5.47704,-2.43075,7.6563
5.09771,-5.96653,5.51355,-4.24189,31.466,-5.47377,-2.42315,7.65805
5.0987,-5.97459,5.53646,-4.24479,31.4648,-5.47171,-2.41911,7.6589
5.09975,-5.98079,5.55991,-4.24611,31.4637,-5.46967,-2.41507,7.65983
5.10072,-5.98862,5.58246,-4.24882,31.4625,-5.46762,-2.41112,7.66067
5.10181,-5.99625,5.60507,-4.25133,31.4613,-5.46559,-2.40716,7.66159
5.10272,-5.91984,5.65264,-4.1835,31.4613,-5.46424,-2.40346,7.66243
5.10373,-5.92727,5.67516,-4.18587,31.46,-5.46218,-2.3995,7.66336
5.10475,-5.9347,5.69773,-4.18824,31.4587,-5.46011,-2.39555,7.6642
5.10577,-6.01886,5.67316,-4.25869,31.4574,-5.45942,-2.39532,7.6642
5.10673,-5.95266,5.74207,-4.19557,31.4559,-5.45592,-2.38765,7.66597
5.1078,-5.96146,5.76433,-4.19908,31.4544,-5.45382,-2.3837,7.66689
5.10878,-5.96859,5.78757,-4.2012,31.4529,-5.45167,-2.37967,7.66773
5.1098,-5.97719,5.80992,-4.20454,31.4514,-5.44952,-2.37572,7.66865
5.11079,-5.98573,5.83236,-4.20785,31.4499,-5.44739,-2.37178,7.66948
5.11174,-5.99412,5.85483,-4.21101,31.4483,-5.44524,-2.36783,7.6704
5.11276,-6.00248,5.87736,-4.21417,31.4467,-5.44308,-2.36389,7.67122
5.11374,-6.01066,5.89994,-4.21716,31.4451,-5.4409,-2.35994,7.67214
5.11562,-6.01882,5.92258,-4.22014,31.4434,-5.43872,-2.356,7.67297
5.11614,-6.01882,5.92258,-4.22014,31.4434,-5.43872,-2.356,7.67297
5.11676,-5.9501,5.99065,-4.15501,31.4411,-5.43501,-2.34832,7.67473
5.11779,-5.95791,6.01373,-4.15769,31.4393,-5.43275,-2.3443,7.67568
5.11873,-5.96571,6.03685,-4.16038,31.4375,-5.43048,-2.34027,7.67655
5.11976,-5.97501,6.05912,-4.16431,31.4357,-5.42823,-2.33633,7.67749
5.12073,-5.98427,6.08146,-4.16822,31.4338,-5.42599,-2.33239,7.67834
5.12173,-5.99336,6.10384,-4.17198,31.4319,-5.42373,-2.32845,7.67927
5.12275,-6.00242,6.12628,-4.17572,31.4299,-5.42146,-2.32451,7.68011
5.12377,-6.01127,6.14877,-4.17928,31.428,-5.41918,-2.32057,7.68103
5.12479,-6.02009,6.17133,-4.18283,31.4259,-5.41688,-2.31663,7.68187
5.12578,-6.02871,6.19394,-4.1862,31.4239,-5.41457,-2.31269,7.6828
5.12681,-6.03731,6.21662,-4.18955,31.4218,-5.41226,-2.30875,7.68364
5.12772,-5.9606,6.26021,-4.12167,31.4207,-5.41062,-2.305,7.68457
5.1289,-5.96894,6.28281,-4.12481,31.4186,-5.40828,-2.30106,7.68543
5.12996,-5.97709,6.30547,-4.12779,31.4164,-5.40593,-2.29711,7.68637
5.13076,-5.98697,6.32778,-4.13222,31.4142,-5.40355,-2.29317,7.68724
5.1318,-5.99663,6.35015,-4.13647,31.4119,-5.40117,-2.28922,7.68818
5.13278,-6.00629,6.37258,-4.14072,31.4096,-5.39879,-2.28528,7.68903
5.13377,-6.01573,6.39507,-4.14477,31.4073,-5.39638,-2.28133,7.68997
5.13478,-6.02513,6.41762,-4.14881,31.405,-5.39397,-2.27739,7.69082
5.13575,-6.03432,6.44022,-4.15265,31.4026,-5.39154,-2.27344,7.69175
5.1368,-6.04346,6.46289,-4.15648,31.4002,-5.3891,-2.26949,7.6926
5.13776,-6.05241,6.4856,-4.16012,31.3977,-5.38665,-2.26555,7.69354
5.13897,-6.06132,6.50838,-4.16375,31.3952,-5.3842,-2.2616,7.69439
5.13975,-5.98443,6.55015,-4.09581,31.3936,-5.38242,-2.25783,7.69534
5.14146,-5.99303,6.57286,-4.09918,31.3911,-5.37994,-2.25388,7.69625
5.14241,-5.99303,6.57286,-4.09918,31.3911,-5.37994,-2.25388,7.69625
5.14368,-6.01167,6.61806,-4.10711,31.3859,-5.37494,-2.24599,7.6981
5.14457,-6.01167,6.61806,-4.10711,31.3859,-5.37494,-2.24599,7.6981
5.14543,-6.03167,6.66359,-4.11617,31.3805,-5.36986,-2.23801,7.69995
5.14635,-6.03167,6.66359,-4.11617,31.3805,-5.36986,-2.23801,7.69995
5.1468,-6.0514,6.71022,-4.125,31.3749,-5.36463,-2.22988,7.70182
5.14839,-6.13732,6.69249,-4.19659,31.3741,-5.36394,-2.22973,7.70182
5.1494,-6.13732,6.69249,-4.19659,31.3741,-5.36394,-2.22973,7.70182
5.15086,-6.15619,6.73781,-4.20471,31.3686,-5.3589,-2.22195,7.70361
5.15197,-6.00086,6.81884,-4.06772,31.3644,-5.35512,-2.2143,7.70547
5.15302,-6.08691,6.80163,-4.13939,31.3637,-5.35442,-2.21415,7.70547
5.15391,-5.92945,6.88338,-4.00065,31.3593,-5.35051,-2.20635,7.70741
5.15496,-6.10166,6.84947,-4.14406,31.3578,-5.34912,-2.20606,7.70741
5.1559,-6.02615,6.8888,-4.07739,31.3556,-5.3472,-2.20228,7.70834
5.15671,-6.19856,6.85559,-4.22095,31.3541,-5.34581,-2.20201,7.70834
5.15741,-6.04706,6.93432,-4.0872,31.3496,-5.34193,-2.19436,7.71029
5.1583,-6.13333,6.91798,-4.15902,31.3489,-5.34124,-2.19423,7.71029
5.15942,-6.06586,6.98081,-4.09526,31.3434,-5.33661,-2.18636,7.71224
5.16026,-6.06586,6.98081,-4.09526,31.3434,-5.33661,-2.18636,7.71224
5.16114,-6.08397,7.02702,-4.10275,31.3372,-5.3313,-2.17846,7.71417
5.16226,-6.09367,7.04978,-4.10702,31.334,-5.32863,-2.17456,7.71518
5.16278,-6.1034,7.07309,-4.11133,31.3308,-5.32592,-2.17057,7.71612
5.16375,-6.11285,7.09594,-4.1154,31.3276,-5.32326,-2.16666,7.71713
5.16474,-6.19943,7.0808,-4.18741,31.3269,-5.32257,-2.16654,7.71713
5.1657,-6.13145,7.14183,-4.12329,31.3211,-5.31789,-2.15886,7.71908
5.16671,-6.1406,7.16485,-4.12712,31.3178,-5.3152,-2.15496,7.72003
5.16774,-6.14789,7.18867,-4.12938,31.3145,-5.31245,-2.15097,7.72108
5.16877,-6.15675,7.21129,-4.13297,31.3112,-5.30977,-2.14715,7.72203
5.1697,-6.07869,7.24876,-4.06429,31.3084,-5.30774,-2.14336,7.7231
5.17076,-6.08729,7.27132,-4.06767,31.305,-5.30506,-2.13953,7.72407
5.17173,-6.09749,7.29367,-4.07236,31.3016,-5.30234,-2.1357,7.72514
5.17272,-6.10764,7.3161,-4.07702,31.2982,-5.29963,-2.13187,7.72612
5.17374,-6.11757,7.33859,-4.08149,31.2947,-5.2969,-2.12803,7.72719
5.17481,-6.12745,7.36114,-4.08593,31.2912,-5.29414,-2.12418,7.72817
5.17572,-6.21446,7.34771,-4.15822,31.2906,-5.29345,-2.12409,7.72817
5.17682,-6.14672,7.40644,-4.09439,31.284,-5.2886,-2.11649,7.73022
5.17785,-6.15624,7.42964,-4.09851,31.2803,-5.28574,-2.11256,7.73131
5.17875,-6.24339,7.41672,-4.17088,31.2798,-5.28505,-2.11247,7.73131
5.17974,-6.17477,7.47526,-4.10634,31.273,-5.28013,-2.10486,7.73339
5.18074,-6.184,7.49862,-4.11023,31.2692,-5.27725,-2.10092,7.73442
5.18176,-6.27128,7.48622,-4.18269,31.2687,-5.27655,-2.10084,7.73442
5.18273,-6.11451,7.5568,-4.04502,31.2622,-5.27226,-2.09329,7.73654
5.1838,-6.12327,7.58013,-4.04851,31.2583,-5.26935,-2.08935,7.73768
5.1847,-6.13371,7.60282,-4.0534,31.2544,-5.26646,-2.08549,7.73872
5.18577,-6.14392,7.62556,-4.0581,31.2505,-5.26359,-2.08163,7.73985
5.18674,-6.15408,7.64836,-4.06277,31.2466,-5.2607,-2.07777,7.74088
5.1877,-6.24156,7.6368,-4.13535,31.2461,-5.26,-2.07769,7.74088
5.18873,-6.1739,7.69413,-4.07169,31.2386,-5.25487,-2.07004,7.74304
5.18974,-6.1819,7.71777,-4.07455,31.2346,-5.2519,-2.06609,7.74419
5.19073,-6.19156,7.74076,-4.07881,31.2305,-5.24895,-2.06223,7.74524
5.19173,-6.20102,7.76381,-4.08288,31.2264,-5.24601,-2.05836,7.74639
5.19274,-6.21044,7.78691,-4.08693,31.2223,-5.24306,-2.0545,7.74745
5.19386,-6.21966,7.81005,-4.0908,31.2182,-5.2401,-2.05063,7.74861
5.19475,-6.14106,7.84363,-4.0219,31.2145,-5.23782,-2.04682,7.74968
5.19574,-6.1501,7.86718,-4.02562,31.2102,-5.23477,-2.04287,7.75088
5.19676,-6.16082,7.89009,-4.03075,31.2059,-5.23177,-2.03901,7.75197
5.19773,-6.17131,7.91306,-4.03568,31.2017,-5.22877,-2.03514,7.75314
5.19872,-6.18174,7.93608,-4.04058,31.1974,-5.22575,-2.03127,7.75422
5.19972,-6.19195,7.95914,-4.04527,31.193,-5.22273,-2.0274,7.75538
5.20066,-6.27994,7.94959,-4.11817,31.1927,-5.22203,-2.02735,7.75538
5.20176,-6.21203,8.00542,-4.05441,31.1843,-5.21665,-2.01967,7.75763
5.2032,-6.22023,8.02927,-4.05745,31.1798,-5.21355,-2.01572,7.75874
5.20442,-6.22993,8.0525,-4.06172,31.1754,-5.21047,-2.01186,7.75992
5.2053,-6.22993,8.0525,-4.06172,31.1754,-5.21047,-2.01186,7.75992
5.20636,-6.32788,8.06756,-4.13906,31.1705,-5.20665,-2.00788,7.76105
5.20748,-6.3375,8.09151,-4.14324,31.1659,-5.20352,-2.00394,7.76226
5.20816,-6.3375,8.09151,-4.14324,31.1659,-5.20352,-2.00394,7.76226
5.20942,-6.1875,8.18092,-4.00782,31.1526,-5.19538,-1.99205,7.76581
5.21051,-6.1875,8.18092,-4.00782,31.1526,-5.19538,-1.99205,7.76581
5.2112,-6.3642,8.16466,-4.15403,31.1519,-5.19399,-1.99198,7.76581
5.21242,-6.21308,8.2537,-4.01768,31.1383,-5.18575,-1.98007,7.76958
5.21331,-6.30153,8.24598,-4.09085,31.138,-5.18506,-1.98004,7.76958
5.21381,-6.23083,8.30271,-4.02483,31.1286,-5.17933,-1.97202,7.77211
5.21474,-6.31937,8.29533,-4.09805,31.1283,-5.17863,-1.972,7.77211
5.21579,-6.32993,8.3191,-4.10302,31.1236,-5.17546,-1.96813,7.7733
5.21675,-6.25994,8.3733,-4.03766,31.1144,-5.16995,-1.96048,7.77573
5.21767,-6.17953,8.40402,-3.96743,31.1099,-5.16748,-1.95662,7.77702
5.21874,-6.26818,8.39712,-4.04071,31.1096,-5.16679,-1.95661,7.77702
5.22025,-6.35688,8.3904,-4.11403,31.1093,-5.1661,-1.9566,7.77702
5.22122,-6.28962,8.44358,-4.05094,31.1001,-5.16053,-1.94904,7.77948
5.22248,-6.30119,8.4673,-4.05676,31.0951,-5.15734,-1.94517,7.78068
5.22325,-6.14114,8.52888,-3.91702,31.0855,-5.15215,-1.93722,7.78322
5.22415,-6.31881,8.51657,-4.0638,31.0849,-5.15076,-1.93721,7.78322
5.22474,-6.24864,8.5711,-3.99833,31.075,-5.14489,-1.92935,7.78578
5.22624,-6.33758,8.56537,-4.07179,31.0748,-5.1442,-1.92935,7.78578
5.22739,-6.35027,8.58908,-4.07852,31.0698,-5.14095,-1.92552,7.78708
5.2282,-6.35027,8.58908,-4.07852,31.0698,-5.14095,-1.92552,7.78708
5.22925,-6.37155,8.63633,-4.08862,31.0597,-5.13458,-1.91793,7.78952
5.23038,-6.38037,8.66081,-4.09215,31.0545,-5.13129,-1.91402,7.79077
5.23113,-6.29994,8.69022,-4.02202,31.0495,-5.12867,-1.91011,7.79199
5.23174,-6.30825,8.71409,-4.02515,31.0443,-5.12542,-1.90628,7.79329
5.23273,-6.31665,8.7385,-4.02834,31.039,-5.1221,-1.90238,7.79455
5.23374,-6.32659,8.76232,-4.0328,31.0338,-5.11882,-1.89857,7.79588
5.23482,-6.33649,8.78619,-4.03724,31.0286,-5.11556,-1.89476,7.79712
5.23579,-6.34621,8.81008,-4.04152,31.0233,-5.11228,-1.89095,7.79845
5.23674,-6.3559,8.83399,-4.04578,31.018,-5.10899,-1.88715,7.7997
5.23814,-6.36537,8.85793,-4.04985,31.0127,-5.1057,-1.88334,7.80104
5.23902,-6.37481,8.8819,-4.05391,31.0073,-5.10239,-1.87954,7.8023
5.24013,-6.38404,8.9059,-4.05778,31.002,-5.09908,-1.87574,7.80365
5.24094,-6.3127,8.95725,-3.99151,30.9913,-5.09311,-1.86812,7.80629
5.24178,-6.40224,8.95397,-4.06532,30.9911,-5.09243,-1.86815,7.80629
5.24286,-6.41122,8.97804,-4.06899,30.9856,-5.08909,-1.86436,7.80758
5.24384,-6.33211,9.00457,-4.00007,30.9804,-5.08648,-1.86062,7.80894
5.24477,-6.34079,9.02854,-4.00351,30.9748,-5.08314,-1.85682,7.81024
5.2458,-6.34933,9.05253,-4.0068,30.9693,-5.07977,-1.85303,7.81164
5.24691,-6.35963,9.07651,-4.01158,30.9637,-5.07637,-1.84925,7.81296
5.24792,-6.36973,9.10053,-4.01616,30.958,-5.07298,-1.84546,7.81436
5.24927,-6.37981,9.12456,-4.02075,30.9524,-5.06958,-1.84168,7.81568
5.25021,-6.38968,9.14862,-4.02514,30.9467,-5.06618,-1.8379,7.81708
5.25081,-6.39949,9.1727,-4.02951,30.941,-5.06276,-1.83412,7.8184
5.25176,-6.4091,9.19681,-4.03369,30.9352,-5.05934,-1.83034,7.81981
5.25282,-6.41866,9.22093,-4.03785,30.9295,-5.05591,-1.82657,7.82113
5.25376,-6.42802,9.24508,-4.04183,30.9237,-5.05247,-1.8228,7.82255
5.25485,-6.34734,9.2706,-3.97171,30.9179,-5.04972,-1.81898,7.82388
5.25576,-6.35643,9.29463,-3.97547,30.9121,-5.04627,-1.81521,7.82531
5.25677,-6.36548,9.31868,-3.97921,30.9062,-5.04281,-1.81144,7.82666
5.25784,-6.37618,9.34275,-3.9843,30.9003,-5.03932,-1.80768,7.8281
5.25876,-6.38682,9.36684,-3.98935,30.8944,-5.03585,-1.80392,7.82945
5.2598,-6.39727,9.39095,-3.99423,30.8884,-5.03236,-1.80017,7.83088
5.2608,-6.40766,9.41509,-3.99908,30.8824,-5.02887,-1.79641,7.83222
5.26182,-6.41783,9.43924,-4.00373,30.8764,-5.02536,-1.79266,7.83365
5.26276,-6.42795,9.46341,-4.00835,30.8704,-5.02185,-1.78891,7.83499
5.26383,-6.43784,9.4876,-4.01277,30.8643,-5.01834,-1.78517,7.83642
5.26482,-6.44769,9.51181,-4.01717,30.8582,-5.01481,-1.78142,7.83777
5.26577,-6.45732,9.53604,-4.02138,30.8521,-5.01128,-1.77768,7.83921
5.26691,-6.3765,9.55988,-3.95126,30.846,-5.00843,-1.77387,7.84056
5.26776,-6.38585,9.58399,-3.95525,30.8398,-5.00488,-1.77013,7.84201
5.26878,-6.39516,9.60811,-3.95921,30.8336,-5.00133,-1.7664,7.84338
5.26975,-6.40612,9.63228,-3.96452,30.8274,-4.99775,-1.76267,7.84484
5.27075,-6.49665,9.63316,-4.03889,30.8273,-4.99707,-1.76276,7.84484
5.27172,-6.50758,9.65751,-4.04418,30.821,-4.9935,-1.75903,7.84621
5.27273,-6.51818,9.68139,-4.04919,30.8149,-4.99,-1.75538,7.84764
5.27381,-6.527,9.70575,-4.05275,30.8086,-4.98643,-1.75166,7.849
5.27485,-6.61768,9.70728,-4.12722,30.8085,-4.98574,-1.75175,7.849
5.27583,-6.62635,9.7318,-4.13062,30.8022,-4.98215,-1.74803,7.85047
5.27674,-6.63485,9.75585,-4.13392,30.7959,-4.97862,-1.74439,7.85184
5.27784,-6.55063,9.77836,-4.06106,30.7896,-4.97571,-1.74058,7.85334
5.2791,-6.55718,9.80273,-4.06274,30.7831,-4.9721,-1.73686,7.85478
5.27974,-6.64801,9.80489,-4.1373,30.7831,-4.97142,-1.73696,7.85478
5.28073,-6.65443,9.82944,-4.13884,30.7766,-4.9678,-1.73325,7.85635
5.28177,-6.66268,9.85356,-4.1419,30.7703,-4.96423,-1.72962,7.85782
5.28276,-6.66896,9.87815,-4.14332,30.7637,-4.96061,-1.72591,7.85942
5.28377,-6.67531,9.90274,-4.14481,30.7572,-4.95697,-1.7222,7.86097
5.28491,-6.6815,9.92735,-4.14615,30.7506,-4.95332,-1.7185,7.86262
5.28577,-6.77255,9.93047,-4.22084,30.7506,-4.95264,-1.71861,7.86262
5.28675,-6.77881,9.95525,-4.22223,30.744,-4.94899,-1.71491,7.86421
5.28791,-6.78489,9.97954,-4.22348,30.7375,-4.94541,-1.71128,7.86588
5.28873,-6.7892,10.0043,-4.22327,30.7308,-4.94176,-1.70758,7.86752
5.28973,-6.70223,10.0253,-4.1482,30.7241,-4.93876,-1.70376,7.86929
5.29074,-6.70646,10.0498,-4.14792,30.7174,-4.93509,-1.70006,7.871
5.29172,-6.71061,10.0744,-4.14755,30.7106,-4.9314,-1.69637,7.87283
5.29273,-6.7167,10.0992,-4.14879,30.7038,-4.92769,-1.69268,7.8746
5.29383,-6.72268,10.1239,-4.14991,30.697,-4.924,-1.68898,7.87648
5.29475,-6.7287,10.1481,-4.1511,30.6903,-4.92037,-1.68537,7.87824
5.29578,-6.73464,10.1729,-4.15219,30.6834,-4.91665,-1.68168,7.88013
5.29685,-6.74062,10.1976,-4.15333,30.6765,-4.91293,-1.678,7.88195
5.29775,-6.74648,10.2224,-4.15435,30.6695,-4.9092,-1.67431,7.88387
5.2987,-6.75233,10.2467,-4.1554,30.6627,-4.90554,-1.67071,7.88567
5.29975,-6.75807,10.271,-4.15634,30.6558,-4.90187,-1.66711,7.88757
5.30071,-6.76385,10.2953,-4.15732,30.6489,-4.89819,-1.6635,7.8894
5.30172,-6.76951,10.3196,-4.15819,30.642,-4.89449,-1.6599,7.89132
5.30276,-6.68361,10.3384,-4.08412,30.635,-4.89146,-1.65615,7.89317
5.30375,-6.68916,10.3626,-4.08491,30.6279,-4.88774,-1.65255,7.89512
5.30478,-6.69663,10.387,-4.08728,30.6209,-4.88399,-1.64895,7.89699
5.30575,-6.70395,10.4114,-4.08952,30.6138,-4.88025,-1.64535,7.89895
5.30673,-6.71128,10.4358,-4.09178,30.6067,-4.8765,-1.64174,7.90081
5.30774,-6.71846,10.4602,-4.0939,30.5996,-4.87273,-1.63814,7.90275
5.30872,-6.72565,10.4847,-4.09605,30.5924,-4.86895,-1.63454,7.90461
5.30973,-6.81745,10.4912,-4.17115,30.5924,-4.86828,-1.6347,7.90461
5.31075,-6.73973,10.5336,-4.10009,30.578,-4.86137,-1.62735,7.90841
5.3117,-6.74483,10.5585,-4.1005,30.5706,-4.85751,-1.62367,7.91039
5.31278,-6.83673,10.5654,-4.17565,30.5706,-4.85684,-1.62384,7.91039
5.31374,-6.75859,10.6074,-4.10427,30.556,-4.84987,-1.61649,7.91422
5.31472,-6.76361,10.6323,-4.10463,30.5485,-4.84599,-1.61282,7.91613
5.31572,-6.76361,10.6323,-4.10463,30.5485,-4.84599,-1.61282,7.91613
5.31678,-6.68505,10.6737,-4.03296,30.5336,-4.83898,-1.60547,7.91999
5.31777,-6.69169,10.6986,-4.03464,30.5261,-4.83506,-1.60181,7.922
5.31871,-6.78375,10.7064,-4.10987,30.5261,-4.83438,-1.60199,7.922
5.31975,-6.70681,10.7486,-4.03952,30.5109,-4.82718,-1.59451,7.92589
5.32093,-6.79893,10.7566,-4.11478,30.511,-4.82651,-1.59469,7.92589
5.3219,-6.80728,10.7818,-4.11785,30.5033,-4.82257,-1.59104,7.92789
5.32272,-6.72965,10.823,-4.047,30.4881,-4.81546,-1.58364,7.93173
5.32369,-6.73595,10.8479,-4.04843,30.4804,-4.8115,-1.58,7.93362
5.32471,-6.7439,10.8724,-4.05121,30.4728,-4.80761,-1.57645,7.93557
5.32572,-6.75185,10.897,-4.054,30.4652,-4.80373,-1.57289,7.93742
5.32675,-6.84417,10.906,-4.12936,30.4653,-4.80306,-1.57308,7.93742
5.32773,-6.76742,10.9461,-4.05931,30.4499,-4.79593,-1.56579,7.94121
5.32872,-6.76742,10.9461,-4.05931,30.4499,-4.79593,-1.56579,7.94121
5.32973,-6.6885,10.9862,-3.9875,30.4343,-4.78869,-1.55843,7.94504
5.33072,-6.69601,11.0111,-3.98992,30.4264,-4.78468,-1.55481,7.94702
5.33174,-6.78845,11.0207,-4.06533,30.4265,-4.78401,-1.55501,7.94702
5.33274,-6.71453,11.0604,-3.99766,30.4109,-4.77679,-1.54774,7.95079
5.33384,-6.7219,11.0854,-3.99999,30.4029,-4.77278,-1.54413,7.95265
5.33479,-6.81442,11.0954,-4.07545,30.403,-4.77211,-1.54433,7.95265
5.3358,-6.73982,11.1346,-4.00726,30.3873,-4.76484,-1.53708,7.95638
5.33682,-6.7468,11.1596,-4.00926,30.3792,-4.76082,-1.53348,7.95831
5.33773,-6.83941,11.17,-4.08476,30.3793,-4.76015,-1.53369,7.95831
5.33905,-6.75556,11.1842,-4.01275,30.3713,-4.75682,-1.52997,7.96012
5.33988,-6.76415,11.2089,-4.01607,30.3634,-4.75284,-1.52646,7.96202
5.34109,-6.77093,11.2338,-4.01793,30.3553,-4.74879,-1.52286,7.96386
5.34179,-6.77945,11.2589,-4.02119,30.3472,-4.74469,-1.51929,7.96579
5.34278,-6.78792,11.2841,-4.02442,30.339,-4.74062,-1.51571,7.96763
5.34389,-6.71185,11.3235,-3.9551,30.3224,-4.73304,-1.50828,7.97143
5.34474,-6.71185,11.3235,-3.9551,30.3224,-4.73304,-1.50828,7.97143
5.34581,-6.71996,11.3484,-3.95803,30.3142,-4.72896,-1.50471,7.97334
5.34678,-6.72985,11.3731,-3.96246,30.3062,-4.72494,-1.50124,7.97513
5.34776,-6.73963,11.3983,-3.96677,30.2979,-4.72084,-1.49769,7.97703
5.34877,-6.7494,11.4234,-3.97109,30.2897,-4.71674,-1.49414,7.97882
5.34974,-6.75896,11.4486,-3.97523,30.2814,-4.71264,-1.4906,7.9807
5.35082,-6.76848,11.4737,-3.97935,30.2731,-4.70853,-1.48707,7.98247
5.35174,-6.77779,11.4988,-3.98329,30.2648,-4.70442,-1.48354,7.98433
5.35275,-6.78707,11.5239,-3.98722,30.2565,-4.70031,-1.48001,7.98609
5.35379,-6.79614,11.549,-3.99097,30.2482,-4.69619,-1.4765,7.98794
5.35473,-6.80518,11.5741,-3.99471,30.2398,-4.69207,-1.47298,7.98969
5.35571,-6.81402,11.5992,-3.99827,30.2314,-4.68795,-1.46948,7.99153
5.35677,-6.82284,11.6242,-4.00183,30.223,-4.68382,-1.46597,7.99328
5.35768,-6.83147,11.6492,-4.00523,30.2146,-4.67968,-1.46248,7.99513
5.35875,-6.74692,11.6611,-3.93286,30.206,-4.67621,-1.45874,7.99688
5.35977,-6.75532,11.6859,-3.93607,30.1975,-4.67206,-1.45525,7.99873
5.36076,-6.76369,11.7108,-3.93928,30.1891,-4.66791,-1.45176,8.0005
5.36174,-6.77379,11.7359,-3.94388,30.1806,-4.66374,-1.44829,8.00236
5.36273,-6.78384,11.761,-3.94846,30.172,-4.65958,-1.44482,8.00411
5.36375,-6.79371,11.7861,-3.95288,30.1635,-4.65542,-1.44135,8.00595
5.36479,-6.80353,11.8112,-3.95728,30.1549,-4.65125,-1.43789,8.00769
5.36574,-6.81314,11.8363,-3.96149,30.1463,-4.64707,-1.43443,8.00952
5.36674,-6.82271,11.8614,-3.96569,30.1377,-4.64289,-1.43098,8.01125
5.36788,-6.83207,11.8864,-3.9697,30.1291,-4.6387,-1.42754,8.01307
5.36875,-6.84138,11.9115,-3.97369,30.1204,-4.63451,-1.42409,8.01481
5.36974,-6.8505,11.9365,-3.97751,30.1117,-4.63032,-1.42066,8.01663
5.37079,-6.85958,11.9615,-3.98132,30.103,-4.62612,-1.41723,8.01836
5.37172,-6.775,11.9715,-3.90904,30.0942,-4.62257,-1.41353,8.02019
5.3728,-6.78384,11.9964,-3.91266,30.0854,-4.61835,-1.41011,8.02193
5.3738,-6.79248,12.0212,-3.9161,30.0767,-4.61414,-1.40669,8.02377
5.37489,-6.803,12.0463,-3.92109,30.0679,-4.60989,-1.40328,8.02552
5.37574,-6.81331,12.0714,-3.92588,30.0591,-4.60566,-1.39987,8.02735
5.37678,-6.82359,12.0965,-3.93068,30.0502,-4.60143,-1.39647,8.02908
5.37775,-6.83365,12.1216,-3.93528,30.0414,-4.59719,-1.39307,8.0309
5.37875,-6.84366,12.1467,-3.93986,30.0325,-4.59294,-1.38968,8.03262
5.37971,-6.85345,12.1717,-3.94424,30.0236,-4.58869,-1.38629,8.03443
5.3809,-6.86319,12.1968,-3.94861,30.0147,-4.58443,-1.3829,8.03615
5.38176,-6.87271,12.2218,-3.95278,30.0058,-4.58017,-1.37952,8.03796
5.38274,-6.88219,12.2468,-3.95694,29.9968,-4.5759,-1.37615,8.03968
5.38371,-6.89147,12.2718,-3.96091,29.9878,-4.57163,-1.37278,8.04149
5.38473,-6.80695,12.2801,-3.88885,29.9787,-4.568,-1.36912,8.04322
5.38577,-6.81597,12.3049,-3.89262,29.9697,-4.56372,-1.36576,8.04504
5.38672,-6.82495,12.3297,-3.89638,29.9606,-4.55943,-1.3624,8.04678
5.38773,-6.83565,12.3549,-3.90152,29.9516,-4.55511,-1.35905,8.04861
5.38874,-6.84629,12.38,-3.90662,29.9425,-4.55081,-1.3557,8.05035
5.38978,-6.85673,12.4051,-3.91156,29.9334,-4.5465,-1.35236,8.05217
5.39078,-6.86712,12.4302,-3.91647,29.9242,-4.54219,-1.34902,8.05389
5.39174,-6.87727,12.4552,-3.92118,29.9151,-4.53787,-1.34569,8.05569
5.39276,-6.88737,12.4803,-3.92586,29.9059,-4.53355,-1.34236,8.05741
5.39375,-6.89725,12.5053,-3.93034,29.8967,-4.52922,-1.33903,8.05921
5.39502,-6.90707,12.5303,-3.9348,29.8875,-4.52489,-1.33571,8.06093
5.39576,-6.91668,12.5553,-3.93907,29.8783,-4.52055,-1.3324,8.06274
5.39715,-6.83224,12.5621,-3.86719,29.8689,-4.51685,-1.32877,8.06446
5.39781,-6.84157,12.5869,-3.87125,29.8596,-4.5125,-1.32546,8.06628
5.3988,-6.85086,12.6117,-3.87529,29.8503,-4.50814,-1.32216,8.06801
5.39976,-6.86187,12.6369,-3.88069,29.841,-4.50376,-1.31887,8.06983
5.40122,-6.87281,12.662,-3.88607,29.8316,-4.4994,-1.31557,8.07156
5.40176,-6.88354,12.6871,-3.89127,29.8223,-4.49502,-1.31228,8.07337
5.40283,-6.89421,12.7122,-3.89643,29.8129,-4.49065,-1.309,8.07508
5.4038,-6.90465,12.7373,-3.90139,29.8035,-4.48626,-1.30572,8.07689
5.4048,-6.91502,12.7624,-3.90631,29.7941,-4.48188,-1.30244,8.07859
5.40602,-6.92516,12.7874,-3.91103,29.7846,-4.47749,-1.29917,8.08039
5.40677,-6.84103,12.793,-3.83953,29.775,-4.47373,-1.29557,8.0821
5.40783,-6.85087,12.8178,-3.84402,29.7655,-4.46933,-1.29231,8.0839
5.40874,-6.86062,12.8427,-3.84845,29.756,-4.46492,-1.28905,8.08566
5.40989,-6.87219,12.8679,-3.85436,29.7465,-4.46049,-1.2858,8.08738
5.41089,-6.88352,12.8931,-3.86005,29.737,-4.45607,-1.28255,8.08918
5.41191,-6.8948,12.9182,-3.86574,29.7274,-4.45165,-1.27931,8.09087
5.41279,-6.90584,12.9434,-3.8712,29.7178,-4.44722,-1.27607,8.09266
5.41383,-6.9168,12.9685,-3.87663,29.7082,-4.44279,-1.27284,8.09435
5.41476,-6.92751,12.9936,-3.88184,29.6986,-4.43835,-1.26961,8.09612
5.4158,-6.93815,13.0186,-3.88702,29.689,-4.43391,-1.26638,8.0978
5.41678,-6.94856,13.0437,-3.89198,29.6793,-4.42947,-1.26316,8.09958
5.41774,-6.8645,13.0479,-3.82065,29.6695,-4.42565,-1.2596,8.10127
5.41875,-6.87459,13.0727,-3.82537,29.6598,-4.4212,-1.25638,8.10305
5.41979,-6.88463,13.0976,-3.83007,29.6501,-4.41674,-1.25317,8.10474
5.42073,-6.89637,13.1228,-3.83612,29.6404,-4.41225,-1.24998,8.10653
5.42172,-6.90802,13.148,-3.84213,29.6306,-4.40778,-1.24678,8.10822
5.42273,-6.91945,13.1732,-3.84794,29.6208,-4.40331,-1.24359,8.11
5.42371,-6.9308,13.1983,-3.85371,29.611,-4.39883,-1.2404,8.11167
5.42473,-6.9419,13.2235,-3.85925,29.6012,-4.39435,-1.23722,8.11344
5.42571,-6.95291,13.2486,-3.86475,29.5914,-4.38986,-1.23404,8.11511
5.42673,-6.96368,13.2736,-3.87004,29.5815,-4.38537,-1.23086,8.11687
5.42774,-6.97438,13.2986,-3.87529,29.5717,-4.38087,-1.22769,8.11854
5.42873,-6.98484,13.3236,-3.88032,29.5618,-4.37637,-1.22453,8.12031
5.42973,-6.99523,13.3486,-3.88533,29.5519,-4.37187,-1.22137,8.12199
5.43074,-6.91078,13.3512,-3.8138,29.5418,-4.36799,-1.21784,8.12376
5.43172,-6.92087,13.3759,-3.81856,29.5319,-4.36347,-1.21469,8.12545
5.43272,-6.93073,13.4007,-3.82313,29.5219,-4.35895,-1.21154,8.12724
5.43375,-6.94247,13.4259,-3.82922,29.5119,-4.3544,-1.2084,8.12895
5.43471,-6.95395,13.4511,-3.8351,29.5019,-4.34987,-1.20526,8.13074
5.43571,-6.96539,13.4762,-3.84096,29.4918,-4.34534,-1.20213,8.13243
5.43674,-6.9764,13.5008,-3.84648,29.482,-4.34089,-1.19907,8.13417
5.43781,-6.98733,13.5254,-3.85195,29.4721,-4.33644,-1.19601,8.13583
5.43871,-6.99818,13.5505,-3.85733,29.462,-4.33187,-1.19289,8.13761
5.43974,-7.00896,13.5755,-3.86266,29.4519,-4.32731,-1.18977,8.1393
5.44072,-7.01935,13.6,-3.86768,29.4419,-4.32284,-1.18672,8.14106
5.44174,-7.02966,13.6245,-3.87267,29.4319,-4.31835,-1.18368,8.14273
5.44271,-6.94496,13.6251,-3.80107,29.4218,-4.31447,-1.18025,8.1445
5.44377,-6.95498,13.6495,-3.80582,29.4117,-4.30997,-1.17721,8.14618
5.44496,-6.9667,13.6743,-3.81192,29.4017,-4.30542,-1.17418,8.14797
5.44573,-6.97834,13.6991,-3.81799,29.3916,-4.3009,-1.17115,8.14966
5.44677,-6.98973,13.7238,-3.82382,29.3814,-4.29636,-1.16812,8.15144
5.44774,-7.00103,13.7486,-3.82961,29.3713,-4.29182,-1.1651,8.15312
5.44876,-7.01226,13.7738,-3.8353,29.3609,-4.28717,-1.16201,8.15493
5.44988,-7.02323,13.7985,-3.84083,29.3507,-4.28261,-1.15899,8.15661
5.45072,-7.03396,13.8231,-3.84614,29.3404,-4.27805,-1.15597,8.15839
5.45172,-7.04478,13.8482,-3.85153,29.3299,-4.27339,-1.1529,8.1601
5.45273,-7.0552,13.8728,-3.85659,29.3196,-4.26882,-1.14988,8.16189
5.45372,-7.06555,13.8973,-3.86163,29.3093,-4.26424,-1.14688,8.16358
5.45468,-7.07567,13.9218,-3.86645,29.2989,-4.25966,-1.14387,8.16538
5.45572,-6.99077,13.9208,-3.79485,29.2883,-4.25569,-1.14047,8.16708
5.45676,-7.00061,13.9453,-3.79945,29.2781,-4.25107,-1.13625,8.1689
5.45772,-7.01235,13.9703,-3.8056,29.2678,-4.24642,-1.13202,8.17061
5.45875,-7.02394,13.9958,-3.81159,29.2573,-4.2417,-1.12769,8.17249
5.45972,-7.03536,14.0206,-3.81749,29.2469,-4.23707,-1.12342,8.17417
5.46077,-7.04646,14.0455,-3.8231,29.2364,-4.23243,-1.11915,8.17601
5.46175,-7.05754,14.0702,-3.82874,29.2259,-4.22778,-1.11487,8.17768
5.46277,-7.06831,14.095,-3.83409,29.2153,-4.22313,-1.11058,8.17952
5.46375,-7.07907,14.1197,-3.83948,29.2047,-4.21848,-1.10628,8.18119
5.46471,-7.08952,14.1444,-3.84457,29.1941,-4.21382,-1.10197,8.18304
5.46571,-7.09998,14.169,-3.84972,29.1834,-4.20916,-1.09765,8.18472
5.4667,-7.11013,14.1937,-3.85457,29.1726,-4.20449,-1.09333,8.18659
5.46772,-7.1203,14.2182,-3.85948,29.1618,-4.19981,-1.08901,8.18828
5.46876,-7.03504,14.2159,-3.78768,29.151,-4.19574,-1.08425,8.19016
5.46975,-7.04492,14.2403,-3.79237,29.1401,-4.19105,-1.07991,8.19186
5.47093,-7.05643,14.2652,-3.79832,29.1292,-4.18634,-1.07558,8.19376
5.4719,-7.06793,14.2901,-3.80432,29.1183,-4.18165,-1.07124,8.19546
5.47274,-7.07928,14.3155,-3.81012,29.1071,-4.17685,-1.06681,8.19739
5.47375,-7.09044,14.3403,-3.81585,29.0962,-4.17216,-1.06248,8.19908
5.47474,-7.10127,14.3651,-3.82127,29.0852,-4.16746,-1.05814,8.20096
5.47573,-7.11211,14.3898,-3.82674,29.0741,-4.16276,-1.05381,8.20265
5.47675,-7.12262,14.4145,-3.83191,29.0631,-4.15805,-1.04947,8.20452
5.47816,-7.13314,14.4391,-3.83713,29.052,-4.15335,-1.04513,8.20622
5.47869,-7.04813,14.4357,-3.76564,29.0408,-4.14924,-1.04034,8.20811
5.47976,-7.05835,14.4602,-3.77063,29.0297,-4.14452,-1.036,8.20981
5.48077,-7.07018,14.4852,-3.77686,29.0185,-4.13978,-1.03167,8.21171
5.48178,-7.08201,14.5101,-3.78315,29.0073,-4.13506,-1.02733,8.21341
5.48273,-7.09349,14.5351,-3.78911,28.9961,-4.13033,-1.02299,8.21529
5.48376,-7.10496,14.5599,-3.79511,28.9849,-4.1256,-1.01866,8.21698
5.48475,-7.11609,14.5848,-3.8008,28.9736,-4.12087,-1.01433,8.21885
5.48577,-7.12721,14.6095,-3.80654,28.9624,-4.11614,-1.01,8.22054
5.48675,-7.13801,14.6343,-3.81196,28.9511,-4.1114,-1.00567,8.22241
5.48775,-7.23329,14.6633,-3.88836,28.9511,-4.1108,-1.00613,8.22241
5.48873,-7.15928,14.6836,-3.8226,28.9284,-4.10192,-0.997014,8.22598
5.48975,-7.16799,14.7081,-3.82639,28.9168,-4.0971,-0.992587,8.2277
5.49076,-7.17819,14.7327,-3.83133,28.9054,-4.09233,-0.988267,8.2296
5.49176,-7.18842,14.7573,-3.83635,28.8939,-4.08758,-0.983943,8.23132
5.49275,-7.19833,14.7818,-3.84107,28.8825,-4.08283,-0.979619,8.23323
5.49373,-7.11294,14.7765,-3.76947,28.871,-4.07867,-0.974828,8.23496
5.49475,-7.12257,14.8008,-3.77396,28.8595,-4.07391,-0.970503,8.23689
5.49573,-7.13415,14.8257,-3.78008,28.848,-4.06912,-0.966189,8.23863
5.49668,-7.22949,14.8557,-3.85646,28.848,-4.06853,-0.96666,8.23863
5.49773,-7.15666,14.8753,-3.79174,28.8249,-4.05959,-0.957558,8.24229
5.49874,-7.16581,14.9,-3.79585,28.8131,-4.05474,-0.953148,8.24425
5.49967,-7.26117,14.9303,-3.87222,28.8131,-4.05414,-0.953624,8.24425
5.50075,-7.18738,14.9493,-3.80678,28.7899,-4.04517,-0.944546,8.24791
5.5018,-7.19625,14.9738,-3.81071,28.778,-4.04032,-0.940146,8.24968
5.50274,-7.20659,14.9984,-3.81579,28.7664,-4.03551,-0.935855,8.25162
5.50377,-7.21695,15.0229,-3.82094,28.7547,-4.03074,-0.931562,8.25337
5.50474,-7.22699,15.0474,-3.82579,28.743,-4.02595,-0.927271,8.25531
5.50573,-7.23705,15.0719,-3.83071,28.7313,-4.02117,-0.922981,8.25707
5.50672,-7.15141,15.0651,-3.75899,28.7196,-4.01696,-0.918206,8.25902
5.50775,-7.16118,15.0893,-3.76368,28.7078,-4.01216,-0.913917,8.26079
5.50877,-7.17258,15.1142,-3.76963,28.6961,-4.00734,-0.909639,8.26275
5.50974,-7.26799,15.1456,-3.84596,28.696,-4.00675,-0.91013,8.26275
5.51075,-7.19504,15.1637,-3.78131,28.6725,-3.99773,-0.901086,8.26646
5.51177,-7.20434,15.1883,-3.78562,28.6604,-3.99285,-0.896713,8.26825
5.51268,-7.29976,15.2201,-3.86194,28.6604,-3.99226,-0.897209,8.26825
5.51369,-7.22585,15.2376,-3.79656,28.6367,-3.9832,-0.888194,8.27196
5.51473,-7.23452,15.2619,-3.80032,28.6246,-3.97832,-0.883834,8.27394
5.51567,-7.32994,15.2941,-3.87662,28.6246,-3.97773,-0.884334,8.27394
5.51674,-7.25515,15.3109,-3.81057,28.6008,-3.96866,-0.875337,8.27767
5.51773,-7.26355,15.3352,-3.81417,28.5887,-3.96377,-0.870987,8.27948
5.51873,-7.27345,15.3596,-3.81893,28.5767,-3.95893,-0.866749,8.28146
5.51973,-7.18793,15.3513,-3.74749,28.5648,-3.95468,-0.862002,8.28325
5.52075,-7.19754,15.3754,-3.75204,28.5528,-3.94986,-0.857762,8.28523
5.5218,-7.20911,15.4003,-3.75821,28.5409,-3.945,-0.853533,8.28703
5.52274,-7.22034,15.425,-3.76406,28.5288,-3.94017,-0.849303,8.289
5.52374,-7.23157,15.4497,-3.76996,28.5168,-3.93533,-0.845079,8.29078
5.52477,-7.24245,15.4744,-3.77554,28.5048,-3.93048,-0.840861,8.29274
5.52573,-7.3379,15.5076,-3.85179,28.5047,-3.92991,-0.841376,8.29274
5.52675,-7.26388,15.5235,-3.7865,28.4806,-3.92079,-0.832436,8.29646
5.52777,-7.27267,15.5478,-3.79044,28.4683,-3.91586,-0.828125,8.29825
5.52876,-7.28293,15.5723,-3.79553,28.4562,-3.91099,-0.823928,8.30022
5.52972,-7.2932,15.5967,-3.80069,28.4441,-3.90614,-0.819729,8.30199
5.53072,-7.30315,15.621,-3.80554,28.432,-3.90128,-0.815533,8.30396
5.53174,-7.21768,15.6114,-3.73426,28.4199,-3.89699,-0.810816,8.30574
5.53277,-7.22734,15.6355,-3.73889,28.4077,-3.89212,-0.806625,8.30771
5.53379,-7.23896,15.6603,-3.74514,28.3956,-3.88723,-0.802443,8.3095
5.53472,-7.25023,15.6851,-3.75106,28.3834,-3.88236,-0.798262,8.31147
5.5357,-7.34568,15.7193,-3.82724,28.3833,-3.88179,-0.798791,8.31147
5.53675,-7.27242,15.7344,-3.76269,28.3589,-3.87261,-0.789917,8.31519
5.53775,-7.28159,15.7587,-3.76697,28.3464,-3.86765,-0.785648,8.31698
5.53871,-7.37703,15.7933,-3.84311,28.3463,-3.86708,-0.786182,8.31698
5.53976,-7.30282,15.8077,-3.77784,28.3219,-3.85787,-0.777341,8.32071
5.54069,-7.31135,15.8318,-3.78157,28.3094,-3.85291,-0.773085,8.3227
5.54173,-7.40679,15.8668,-3.85769,28.3093,-3.85234,-0.773623,8.3227
5.5427,-7.23626,15.8454,-3.71565,28.2849,-3.84368,-0.764265,8.32645
5.54376,-7.24452,15.8693,-3.71922,28.2724,-3.83872,-0.76002,8.32826
5.54478,-7.25621,15.8942,-3.7255,28.2601,-3.83378,-0.755898,8.33025
5.54576,-7.26788,15.9189,-3.73183,28.2477,-3.82889,-0.751771,8.33203
5.54672,-7.2792,15.9436,-3.73784,28.2353,-3.824,-0.747651,8.33399
5.54769,-7.37463,15.9791,-3.81391,28.2352,-3.82343,-0.748197,8.33399
5.54873,-7.30148,15.9928,-3.74962,28.2106,-3.8142,-0.739432,8.3377
5.55003,-7.31068,16.017,-3.75397,28.198,-3.80922,-0.735224,8.33949
5.55075,-7.32133,16.0415,-3.75945,28.1856,-3.80429,-0.731132,8.34144
5.55185,-7.33198,16.0658,-3.76499,28.1732,-3.79939,-0.72704,8.3432
5.55276,-7.34231,16.0902,-3.77021,28.1608,-3.79448,-0.722951,8.34514
5.55373,-7.35263,16.1144,-3.77549,28.1483,-3.78957,-0.718867,8.3469
5.55475,-7.36264,16.1387,-3.78047,28.1359,-3.78465,-0.714786,8.34885
5.55572,-7.27725,16.1264,-3.70952,28.1235,-3.78029,-0.71015,8.35062
5.55679,-7.37265,16.1628,-3.78551,28.1234,-3.77973,-0.710708,8.35062
5.55775,-7.38235,16.1869,-3.79025,28.1109,-3.77481,-0.706632,8.35257
5.55876,-7.30813,16.1995,-3.72521,28.0858,-3.76541,-0.69783,8.35634
5.5598,-7.31787,16.2243,-3.72999,28.0727,-3.76027,-0.69357,8.35818
5.56074,-7.41325,16.2611,-3.80593,28.0726,-3.75972,-0.694133,8.35818
5.56175,-7.33989,16.2732,-3.74165,28.0477,-3.75041,-0.685488,8.3619
5.56276,-7.3488,16.2973,-3.74577,28.0349,-3.74541,-0.681347,8.36389
5.56371,-7.44417,16.3345,-3.82168,28.0347,-3.74486,-0.681915,8.36389
5.56475,-7.36987,16.3459,-3.75668,28.0098,-3.73553,-0.6733,8.36761
5.56585,-7.46522,16.3833,-3.83257,28.0096,-3.73498,-0.673871,8.36761
5.56678,-7.37848,16.3698,-3.76062,27.997,-3.73052,-0.669172,8.36941
5.56774,-7.38856,16.394,-3.76569,27.9844,-3.72557,-0.665161,8.37137
5.56874,-7.31148,16.4046,-3.69849,27.9589,-3.71604,-0.656359,8.37521
5.5698,-7.40682,16.4423,-3.77433,27.9587,-3.71548,-0.656935,8.37521
5.57078,-7.41676,16.4667,-3.77933,27.9458,-3.71045,-0.65283,8.37704
5.57171,-7.4282,16.4914,-3.7855,27.9332,-3.70549,-0.648843,8.37902
5.57275,-7.43785,16.5157,-3.79027,27.9203,-3.70048,-0.64475,8.38083
5.57437,-7.36126,16.526,-3.72354,27.8947,-3.69095,-0.636014,8.38466
5.57551,-7.45656,16.5642,-3.79931,27.8945,-3.6904,-0.636597,8.38466
5.5763,-7.37031,16.55,-3.72779,27.8818,-3.68591,-0.631945,8.38668
5.57724,-7.47481,16.6129,-3.80796,27.8684,-3.68022,-0.628364,8.38855
5.57821,-7.30386,16.5849,-3.66624,27.8427,-3.67115,-0.618991,8.39244
5.57874,-7.39913,16.6234,-3.74197,27.8425,-3.67061,-0.619578,8.39244
5.57977,-7.4097,16.6485,-3.74742,27.8294,-3.66545,-0.615448,8.39449
5.58071,-7.33322,16.6581,-3.68086,27.8035,-3.65586,-0.606727,8.39837
5.58172,-7.42847,16.697,-3.75654,27.8033,-3.65532,-0.607318,8.39837
5.58273,-7.43857,16.7213,-3.76172,27.7904,-3.65031,-0.60332,8.40019
5.58367,-7.36663,16.7316,-3.69886,27.7651,-3.64091,-0.59486,8.40396
5.58474,-7.46185,16.7708,-3.7745,27.7648,-3.64037,-0.595456,8.40396
5.58572,-7.47131,16.7949,-3.77914,27.7519,-3.63538,-0.591477,8.40594
5.58672,-7.48251,16.8192,-3.78523,27.7392,-3.63044,-0.587618,8.40769
5.58773,-7.49159,16.8431,-3.78957,27.7263,-3.62544,-0.583646,8.40967
5.58881,-7.50072,16.867,-3.794,27.7133,-3.62041,-0.579685,8.41146
5.58981,-7.50951,16.8908,-3.79811,27.7003,-3.61538,-0.575724,8.41345
5.59067,-7.3367,16.8591,-3.6552,27.6746,-3.6063,-0.566502,8.4173
5.59171,-7.43185,16.8989,-3.73074,27.6743,-3.60576,-0.567106,8.4173
5.59322,-7.44042,16.9224,-3.73474,27.6613,-3.60072,-0.563158,8.41913
5.5941,-7.36745,16.9312,-3.6712,27.6358,-3.59127,-0.554776,8.42293
5.59539,-7.46257,16.9713,-3.7467,27.6355,-3.59073,-0.555385,8.42293
5.59624,-7.46257,16.9713,-3.7467,27.6355,-3.59073,-0.555385,8.42293
5.59674,-7.48425,17.0203,-3.75827,27.6094,-3.58063,-0.547539,8.42673
5.59774,-7.49568,17.0452,-3.76452,27.5964,-3.57559,-0.543623,8.42871
5.59874,-7.41951,17.0528,-3.69847,27.5703,-3.56596,-0.535095,8.4325
5.5997,-7.4287,17.0765,-3.703,27.5572,-3.56092,-0.531202,8.43428
5.60072,-7.52374,17.1172,-3.7784,27.5569,-3.56038,-0.531818,8.43428
5.60176,-7.53437,17.1412,-3.78405,27.5441,-3.55542,-0.528041,8.43622
5.60273,-7.45854,17.1478,-3.71838,27.5185,-3.54598,-0.519752,8.43995
5.60373,-7.45854,17.1478,-3.71838,27.5185,-3.54598,-0.519752,8.43995
5.60483,-7.46713,17.1712,-3.72245,27.5054,-3.54092,-0.51587,8.44174
5.60579,-7.39238,17.1778,-3.65767,27.4796,-3.53139,-0.507592,8.4455
5.60674,-7.48735,17.2191,-3.73298,27.4793,-3.53086,-0.508215,8.4455
5.60774,-7.49723,17.2431,-3.73803,27.4661,-3.52579,-0.50434,8.44749
5.60876,-7.42347,17.2499,-3.67408,27.4403,-3.51627,-0.496082,8.45123
5.60973,-7.5184,17.2914,-3.74933,27.44,-3.51574,-0.496709,8.45123
5.61072,-7.52797,17.3153,-3.7542,27.4268,-3.51066,-0.492852,8.45301
5.61173,-7.45325,17.3213,-3.68954,27.4009,-3.50111,-0.484618,8.45673
5.61271,-7.45325,17.3213,-3.68954,27.4009,-3.50111,-0.484618,8.45673
5.61375,-7.46218,17.3449,-3.69386,27.3877,-3.49602,-0.480772,8.45871
5.61479,-7.47286,17.3687,-3.69965,27.3747,-3.49101,-0.477037,8.46046
5.6158,-7.48334,17.393,-3.70522,27.3614,-3.48591,-0.473194,8.46244
5.61684,-7.49385,17.4172,-3.71086,27.3482,-3.48082,-0.469359,8.46422
5.61771,-7.50402,17.4413,-3.71618,27.3349,-3.47572,-0.46553,8.46618
5.61878,-7.51419,17.4654,-3.72156,27.3216,-3.47062,-0.461709,8.46795
5.61974,-7.52402,17.4893,-3.72662,27.3083,-3.46552,-0.457895,8.46991
5.62165,-7.53384,17.5132,-3.73174,27.295,-3.46042,-0.454088,8.47168
5.62235,-7.53384,17.5132,-3.73174,27.295,-3.46042,-0.454088,8.47168
5.62338,-7.55284,17.5608,-3.74141,27.2684,-3.45023,-0.44649,8.4754
5.62426,-7.55284,17.5608,-3.74141,27.2684,-3.45023,-0.44649,8.4754
5.62468,-7.47684,17.5661,-3.67583,27.2416,-3.44034,-0.438056,8.47921
5.62631,-7.48604,17.5904,-3.68037,27.2277,-3.43504,-0.434068,8.48125
5.62728,-7.49511,17.6142,-3.68489,27.2142,-3.42985,-0.430198,8.48306
5.62824,-7.50562,17.6383,-3.69052,27.2009,-3.42475,-0.426452,8.48503
5.62905,-7.51612,17.6624,-3.69621,27.1876,-3.41968,-0.422712,8.48679
5.62982,-7.52631,17.6863,-3.70161,27.1743,-3.41461,-0.418981,8.48874
5.63152,-7.53649,17.7102,-3.70706,27.161,-3.40953,-0.415256,8.49049
5.63181,-7.54634,17.734,-3.7122,27.1477,-3.40445,-0.411537,8.49243
5.63275,-7.64089,17.7775,-3.78701,27.1473,-3.40394,-0.412193,8.49243
5.63376,-7.56568,17.7813,-3.72226,27.121,-3.39429,-0.404112,8.49612
5.63481,-7.5752,17.8049,-3.72719,27.1076,-3.3892,-0.400406,8.49787
5.63585,-7.58264,17.8279,-3.73041,27.094,-3.38403,-0.396592,8.49985
5.63674,-7.59187,17.8514,-3.73512,27.0807,-3.37891,-0.392898,8.50162
5.63772,-7.60075,17.8747,-3.73951,27.0673,-3.37382,-0.389199,8.50358
5.63879,-7.51525,17.8539,-3.66931,27.0543,-3.36923,-0.384843,8.50536
5.63977,-7.5239,17.877,-3.67353,27.0409,-3.36413,-0.381151,8.50733
5.64072,-7.53258,17.9001,-3.67781,27.0275,-3.35902,-0.377462,8.50912
5.64178,-7.54285,17.924,-3.68331,27.014,-3.35388,-0.373777,8.51111
5.64291,-7.55311,17.9479,-3.68887,27.0006,-3.34877,-0.370092,8.51289
5.64372,-7.56307,17.9716,-3.69414,26.9871,-3.34366,-0.366415,8.51486
5.64479,-7.57303,17.9953,-3.69945,26.9736,-3.33854,-0.362745,8.51663
5.64574,-7.58265,18.0189,-3.70446,26.9602,-3.33343,-0.35908,8.51859
5.64673,-7.67692,18.0637,-3.77897,26.9597,-3.33292,-0.359753,8.51859
5.6477,-7.68635,18.0869,-3.7839,26.9465,-3.32791,-0.356203,8.52032
5.64873,-7.69545,18.1099,-3.78853,26.9333,-3.32288,-0.352654,8.52224
5.65021,-7.78965,18.155,-3.86297,26.9328,-3.32238,-0.35333,8.52224
5.65081,-7.70266,18.132,-3.79172,26.92,-3.31787,-0.3491,8.52398
5.65247,-7.7096,18.1541,-3.79464,26.9067,-3.31282,-0.345545,8.52592
5.65339,-7.80375,18.1994,-3.86902,26.9062,-3.31232,-0.346224,8.52592
5.65428,-7.6294,18.1537,-3.72614,26.88,-3.30299,-0.337521,8.52976
5.65506,-7.73053,18.2219,-3.80345,26.8656,-3.2972,-0.334415,8.53165
5.65625,-7.73727,18.2447,-3.80615,26.8517,-3.29192,-0.330632,8.53374
5.65674,-7.74227,18.2669,-3.8075,26.8375,-3.28655,-0.326741,8.53569
5.65808,-7.74873,18.2892,-3.81001,26.8238,-3.28135,-0.323084,8.53778
5.65875,-7.75532,18.3118,-3.81264,26.8098,-3.27607,-0.319309,8.53973
5.6599,-7.7616,18.334,-3.815,26.7961,-3.27089,-0.315655,8.54184
5.66106,-7.76794,18.3561,-3.81747,26.7824,-3.26571,-0.312002,8.54377
5.66196,-7.77403,18.3781,-3.81969,26.7687,-3.26052,-0.308349,8.54591
5.66279,-7.78019,18.4001,-3.82202,26.7549,-3.25532,-0.304696,8.54786
5.66375,-7.69224,18.3759,-3.75001,26.7417,-3.25061,-0.300349,8.55002
5.66474,-7.69825,18.3977,-3.75223,26.7279,-3.2454,-0.296692,8.552
5.66573,-7.70402,18.4195,-3.7542,26.7141,-3.24018,-0.293034,8.55418
5.6667,-7.71176,18.4423,-3.75778,26.7002,-3.23493,-0.289378,8.55618
5.66793,-7.71922,18.4649,-3.76109,26.6864,-3.22971,-0.285719,8.55836
5.66889,-7.72675,18.4876,-3.76453,26.6725,-3.22448,-0.282065,8.56035
5.66973,-7.6476,18.4859,-3.69702,26.6453,-3.2145,-0.274075,8.56451
5.67084,-7.7413,18.5326,-3.77095,26.6447,-3.21401,-0.274774,8.56451
5.67177,-7.74831,18.5551,-3.77393,26.6308,-3.20878,-0.271134,8.56668
5.67276,-7.67028,18.5533,-3.70739,26.6038,-3.19889,-0.263272,8.57077
5.67375,-7.7639,18.6003,-3.78123,26.6033,-3.19841,-0.263975,8.57077
5.67475,-7.77073,18.6226,-3.78414,26.5894,-3.19316,-0.260348,8.57274
5.67577,-7.77904,18.6453,-3.78819,26.5757,-3.18799,-0.256835,8.57485
5.67672,-7.78558,18.6675,-3.79089,26.5617,-3.18276,-0.253206,8.57681
5.67784,-7.6984,18.6422,-3.71962,26.5483,-3.17799,-0.248879,8.57896
5.67896,-7.70476,18.6641,-3.72219,26.5343,-3.17273,-0.245257,8.58093
5.67996,-7.71086,18.686,-3.72449,26.5203,-3.16746,-0.241638,8.5831
5.68083,-7.71892,18.7088,-3.72839,26.5063,-3.16217,-0.238022,8.58508
5.68185,-7.72667,18.7316,-3.73201,26.4923,-3.15691,-0.234407,8.58723
5.6828,-7.82004,18.7793,-3.80561,26.4917,-3.15643,-0.235119,8.58723
5.68373,-7.74203,18.7769,-3.7392,26.4643,-3.14639,-0.227201,8.59134
5.68488,-7.7496,18.7995,-3.74275,26.4502,-3.14112,-0.22361,8.59328
5.68589,-7.75511,18.8214,-3.7446,26.4359,-3.13577,-0.21991,8.59545
5.6869,-7.76245,18.8439,-3.74797,26.4219,-3.13049,-0.216336,8.5974
5.68781,-7.76947,18.8662,-3.75105,26.4079,-3.12523,-0.21276,8.59953
5.68877,-7.68339,18.8403,-3.68083,26.3944,-3.12045,-0.208473,8.60147
5.68971,-7.69024,18.8624,-3.68378,26.3804,-3.11519,-0.204909,8.6036
5.69075,-7.69714,18.8845,-3.68684,26.3663,-3.10992,-0.20135,8.60554
5.69174,-7.70564,18.9075,-3.6911,26.3523,-3.10464,-0.197796,8.60767
5.69281,-7.71416,18.9304,-3.69544,26.3382,-3.09938,-0.194244,8.60959
5.69381,-7.72239,18.9533,-3.69952,26.3241,-3.09412,-0.190702,8.61169
5.69482,-7.73065,18.9761,-3.70367,26.3101,-3.08887,-0.18717,8.61359
5.69576,-7.73859,18.9988,-3.70753,26.296,-3.08361,-0.183646,8.61566
5.69675,-7.74655,19.0214,-3.71146,26.282,-3.07836,-0.18013,8.61754
5.69788,-7.83946,19.0703,-3.78462,26.2813,-3.07789,-0.180858,8.61754
5.69874,-7.76188,19.0664,-3.71883,26.2538,-3.06785,-0.173118,8.62147
5.69975,-7.76926,19.0888,-3.72227,26.2398,-3.0626,-0.169621,8.62352
5.70071,-7.77655,19.1106,-3.72573,26.226,-3.05746,-0.166244,8.62535
5.70173,-7.78355,19.1324,-3.72891,26.2122,-3.05231,-0.162868,8.62736
5.70274,-7.69785,19.1048,-3.65918,26.199,-3.04762,-0.158757,8.62919
5.70374,-7.70465,19.1264,-3.66221,26.1851,-3.04245,-0.155375,8.63121
5.70475,-7.7116,19.1484,-3.6654,26.171,-3.03716,-0.15188,8.63308
5.70573,-7.72004,19.1709,-3.66972,26.1571,-3.03196,-0.148498,8.6351
5.70674,-7.72848,19.1934,-3.67412,26.1432,-3.02679,-0.145116,8.63693
5.70774,-7.73662,19.2157,-3.67822,26.1293,-3.0216,-0.141739,8.63894
5.70871,-7.82916,19.2655,-3.75104,26.1286,-3.02114,-0.142477,8.63894
5.70969,-7.83728,19.2878,-3.75518,26.1147,-3.01595,-0.139105,8.64075
5.71076,-7.75874,19.2818,-3.68885,26.0872,-3.00594,-0.131515,8.64458
5.71174,-7.7646,19.3033,-3.69116,26.073,-3.00063,-0.128041,8.64662
5.71273,-7.85699,19.3534,-3.76383,26.0724,-3.00017,-0.128784,8.64662
5.71387,-7.77961,19.3473,-3.69847,26.0451,-2.99021,-0.121322,8.65044
5.71478,-7.78526,19.3686,-3.70068,26.0309,-2.98493,-0.117851,8.65229
5.71571,-7.70011,19.3402,-3.63146,26.0176,-2.98015,-0.113754,8.65431
5.71679,-7.70732,19.3619,-3.63493,26.0035,-2.97494,-0.110398,8.65613
5.71771,-7.7161,19.3846,-3.63959,25.9895,-2.9697,-0.107043,8.65814
5.71873,-7.72489,19.4071,-3.64432,25.9755,-2.96449,-0.103689,8.65995
5.72028,-7.81705,19.4577,-3.71678,25.9748,-2.96403,-0.104438,8.65995
5.72124,-7.82548,19.4802,-3.72117,25.9608,-2.95882,-0.101093,8.66193
5.72171,-7.8339,19.5027,-3.72562,25.9467,-2.9536,-0.0977543,8.66371
5.72329,-7.75669,19.4969,-3.66048,25.9185,-2.94332,-0.0900049,8.66755
5.72434,-7.76285,19.5185,-3.66309,25.9043,-2.93801,-0.086582,8.66954
5.72527,-7.76285,19.5185,-3.66309,25.9043,-2.93801,-0.086582,8.66954
5.72642,-7.7769,19.5628,-3.66971,25.8754,-2.92726,-0.0796396,8.67338
5.72735,-7.7769,19.5628,-3.66971,25.8754,-2.92726,-0.0796396,8.67338
5.7283,-7.8765,19.6363,-3.74582,25.8604,-2.92152,-0.0769925,8.67518
5.72877,-7.79226,19.6079,-3.6774,25.8465,-2.91656,-0.0727248,8.6772
5.72973,-7.71536,19.6013,-3.61263,25.8185,-2.90634,-0.0651016,8.68099
5.7307,-7.72264,19.6232,-3.61623,25.8042,-2.90107,-0.0617451,8.68276
5.7318,-7.81435,19.6746,-3.68828,25.8035,-2.90062,-0.0625056,8.68276
5.73274,-7.74005,19.668,-3.62569,25.7763,-2.89073,-0.0552806,8.6864
5.73373,-7.74857,19.6907,-3.63024,25.7621,-2.88546,-0.0519409,8.68834
5.73485,-7.84016,19.7423,-3.70217,25.7614,-2.88502,-0.0527045,8.68834
5.73572,-7.76501,19.7349,-3.63898,25.7342,-2.87514,-0.0455106,8.69191
5.7367,-7.8565,19.7866,-3.71084,25.7334,-2.87469,-0.0462762,8.69191
5.73771,-7.77915,19.7781,-3.64592,25.706,-2.86469,-0.0389874,8.69551
5.73874,-7.78521,19.7993,-3.64861,25.6917,-2.85944,-0.0356684,8.69724
5.7397,-7.70137,19.7691,-3.58068,25.6785,-2.85468,-0.0317012,8.69913
5.74077,-7.79273,19.8211,-3.65242,25.6777,-2.85424,-0.0324696,8.69913
5.74178,-7.71808,19.8134,-3.58971,25.6504,-2.8443,-0.0252961,8.70271
5.74345,-7.80936,19.8655,-3.66137,25.6497,-2.84386,-0.0260665,8.70271
5.74371,-7.80936,19.8655,-3.66137,25.6497,-2.84386,-0.0260665,8.70271
5.74478,-7.74323,19.8804,-3.60332,25.6078,-2.82855,-0.0154903,8.708
5.74574,-7.83437,19.9328,-3.67486,25.607,-2.82811,-0.0162636,8.708
5.74688,-7.75863,19.9246,-3.61134,25.5792,-2.81799,-0.0089258,8.71156
5.74774,-7.76691,19.947,-3.61578,25.5649,-2.81272,-0.00565071,8.71343
5.74874,-7.85791,19.9996,-3.68719,25.5641,-2.81228,-0.00642698,8.71343
5.74975,-7.86603,20.0216,-3.69159,25.5501,-2.80712,-0.00327915,8.71507
5.75079,-7.78909,20.0119,-3.62723,25.5227,-2.79714,0.00389085,8.71854
5.75169,-7.78909,20.0119,-3.62723,25.5227,-2.79714,0.00389085,8.71854
5.75272,-7.79498,20.0329,-3.62981,25.5084,-2.79186,0.00713536,8.72041
5.7539,-7.71925,20.0236,-3.56643,25.4808,-2.78182,0.014299,8.72393
5.75473,-7.81001,20.0765,-3.63763,25.48,-2.78139,0.0135181,8.72393
5.75636,-7.81748,20.0984,-3.64152,25.4657,-2.77611,0.0167605,8.7256
5.75734,-7.74287,20.0894,-3.57907,25.4382,-2.76611,0.0239002,8.72909
5.75828,-7.83349,20.1425,-3.65015,25.4374,-2.76567,0.0231165,8.72909
5.75885,-7.84049,20.1646,-3.65361,25.4228,-2.76029,0.0264521,8.73097
5.75974,-7.84751,20.1865,-3.65715,25.4082,-2.75491,0.029778,8.73267
5.76078,-7.85407,20.2079,-3.66032,25.3939,-2.74966,0.03298,8.73451
5.76178,-7.86066,20.2292,-3.66356,25.3796,-2.7444,0.0361734,8.73617
5.76283,-7.86696,20.2504,-3.66652,25.3654,-2.73914,0.0393602,8.73802
5.76369,-7.78298,20.218,-3.59876,25.3519,-2.73431,0.0433325,8.73968
5.76472,-7.78908,20.239,-3.60158,25.3376,-2.72905,0.046513,8.74154
5.76573,-7.79522,20.26,-3.60449,25.3233,-2.72379,0.0496903,8.74321
5.76678,-7.8029,20.2819,-3.60856,25.309,-2.71851,0.0528681,8.74508
5.76774,-7.81058,20.3038,-3.61269,25.2947,-2.71326,0.0560439,8.74675
5.76872,-7.81799,20.3256,-3.61656,25.2804,-2.708,0.0592102,8.7486
5.76976,-7.82541,20.3472,-3.6205,25.2661,-2.70275,0.0623678,8.75025
5.77077,-7.83251,20.3688,-3.62415,25.2518,-2.6975,0.065518,8.75209
5.77172,-7.83963,20.3903,-3.62787,25.2375,-2.69225,0.0686612,8.75373
5.77273,-7.84644,20.4117,-3.6313,25.2232,-2.687,0.0717983,8.75556
5.77383,-7.85328,20.433,-3.6348,25.2089,-2.68175,0.0749295,8.7572
5.77472,-7.85981,20.4542,-3.63802,25.1946,-2.67651,0.0780558,8.75902
5.77571,-7.77662,20.421,-3.57101,25.1812,-2.67168,0.0819762,8.76066
5.77676,-7.78294,20.442,-3.57407,25.1669,-2.66643,0.0850944,8.76248
5.77773,-7.78929,20.4629,-3.57722,25.1526,-2.66118,0.0882084,8.76412
5.77874,-7.79714,20.4848,-3.58151,25.1383,-2.65591,0.0913228,8.76595
5.77979,-7.80501,20.5067,-3.58586,25.124,-2.65067,0.0944343,8.76758
5.78072,-7.81258,20.5284,-3.58994,25.1097,-2.64543,0.0975358,8.76938
5.78179,-7.82015,20.55,-3.59408,25.0954,-2.6402,0.100628,8.77098
5.78283,-7.82741,20.5715,-3.59793,25.0811,-2.63496,0.103712,8.77277
5.78376,-7.83467,20.593,-3.60184,25.0668,-2.62973,0.106789,8.77436
5.78473,-7.84161,20.6143,-3.60545,25.0525,-2.6245,0.109859,8.77614
5.78574,-7.84857,20.6355,-3.60914,25.0383,-2.61927,0.112923,8.77772
5.78681,-7.85522,20.6567,-3.61254,25.024,-2.61404,0.115982,8.77949
5.78772,-7.77275,20.6227,-3.54621,25.0106,-2.60922,0.119845,8.78107
5.78875,-7.77918,20.6436,-3.54945,24.9963,-2.60399,0.122895,8.78283
5.78975,-7.78563,20.6644,-3.55276,24.9821,-2.59876,0.125941,8.78441
5.79075,-7.79357,20.6862,-3.5572,24.9678,-2.59351,0.128988,8.78618
5.79175,-7.80151,20.708,-3.56169,24.9535,-2.58829,0.132031,8.78775
5.79273,-7.80915,20.7296,-3.56591,24.9392,-2.58307,0.135065,8.78949
5.79377,-7.81679,20.7511,-3.57019,24.9249,-2.57785,0.138089,8.79104
5.79471,-7.8241,20.7726,-3.57416,24.9106,-2.57264,0.141105,8.79276
5.79574,-7.83141,20.7939,-3.5782,24.8964,-2.56742,0.144114,8.79429
5.79683,-7.83841,20.8151,-3.58194,24.8821,-2.56221,0.147116,8.796
5.79791,-7.84541,20.8362,-3.58574,24.8679,-2.557,0.150112,8.79753
5.79885,-7.76354,20.8016,-3.51995,24.8546,-2.5522,0.15392,8.79923
5.79974,-7.7703,20.8224,-3.52359,24.8403,-2.54699,0.156907,8.80075
5.80079,-7.77675,20.8432,-3.52693,24.8261,-2.54178,0.159889,8.80245
5.80177,-7.785,20.865,-3.53174,24.8118,-2.53655,0.162872,8.80397
5.80274,-7.79292,20.8867,-3.53624,24.7975,-2.53135,0.165852,8.80566
5.80375,-7.80085,20.9083,-3.54082,24.7833,-2.52615,0.168821,8.80715
5.80474,-7.80846,20.9297,-3.5451,24.769,-2.52096,0.171781,8.80882
5.80574,-7.81605,20.9511,-3.54943,24.7548,-2.51577,0.174733,8.81029
5.80675,-7.82331,20.9724,-3.55346,24.7406,-2.51058,0.177677,8.81195
5.80776,-7.83057,20.9935,-3.55754,24.7264,-2.50539,0.180615,8.81341
5.80877,-7.83751,21.0145,-3.56132,24.7121,-2.5002,0.183546,8.81505
5.80977,-7.92545,21.0708,-3.6301,24.7112,-2.49981,0.182722,8.81505
5.81098,-7.76319,21,-3.49999,24.6847,-2.49023,0.190219,8.81814
5.81173,-7.76989,21.0207,-3.50366,24.6705,-2.48504,0.193137,8.8196
5.81272,-7.85771,21.077,-3.57234,24.6695,-2.48465,0.19231,8.8196
5.81376,-7.78595,21.0632,-3.5131,24.6426,-2.47487,0.198744,8.82261
5.81472,-7.79202,21.0835,-3.51625,24.6283,-2.4697,0.201652,8.82423
5.81571,-7.87965,21.1401,-3.58477,24.6274,-2.46931,0.200824,8.82423
5.81673,-7.8873,21.1612,-3.58923,24.6134,-2.4642,0.203616,8.82564
5.81795,-7.81287,21.1455,-3.52794,24.5862,-2.45433,0.210145,8.82866
5.81876,-7.81847,21.166,-3.53072,24.5717,-2.44902,0.213156,8.83031
5.81973,-7.82558,21.1866,-3.53478,24.5577,-2.44391,0.215942,8.83172
5.82101,-7.74507,21.1503,-3.47031,24.5447,-2.4392,0.21956,8.83331
5.82209,-7.75194,21.1707,-3.4742,24.5307,-2.43411,0.222346,8.83472
5.82314,-7.76026,21.1922,-3.47917,24.5167,-2.42898,0.225137,8.8363
5.82386,-7.84744,21.2491,-3.54731,24.5157,-2.4286,0.224303,8.8363
5.82474,-7.7765,21.2347,-3.48889,24.4887,-2.41878,0.230713,8.83925
5.82571,-7.78283,21.2551,-3.49237,24.4744,-2.4136,0.233601,8.84065
5.82737,-7.86981,21.3122,-3.56034,24.4734,-2.41321,0.232765,8.84065
5.8284,-7.79805,21.297,-3.50133,24.4464,-2.40337,0.239142,8.84356
5.82931,-7.8849,21.3542,-3.5692,24.4454,-2.40299,0.238305,8.84356
5.83031,-7.89224,21.3755,-3.57342,24.4311,-2.39778,0.241186,8.84512
5.8314,-7.81835,21.3596,-3.51272,24.4033,-2.38766,0.24787,8.84809
5.83251,-7.81835,21.3596,-3.51272,24.4033,-2.38766,0.24787,8.84809
5.83349,-7.91039,21.4372,-3.58316,24.3877,-2.382,0.250001,8.8495
5.83437,-7.74926,21.3629,-3.45435,24.361,-2.37226,0.257484,8.85247
5.83521,-7.83578,21.4204,-3.52194,24.36,-2.37188,0.256643,8.85247
5.83605,-7.84236,21.4414,-3.52558,24.3454,-2.3666,0.2596,8.85407
5.83731,-7.7689,21.4249,-3.46532,24.3177,-2.35651,0.266203,8.85704
5.8383,-7.85521,21.4826,-3.53273,24.3167,-2.35613,0.26536,8.85704
5.83912,-7.86152,21.5032,-3.53624,24.3022,-2.3509,0.268293,8.85844
5.83973,-7.7891,21.4871,-3.47684,24.2746,-2.34085,0.274846,8.86138
5.84076,-7.8752,21.545,-3.54407,24.2736,-2.34047,0.274001,8.86138
5.84173,-7.88079,21.5648,-3.54702,24.2594,-2.33536,0.276783,8.86291
5.84271,-7.888,21.5854,-3.55131,24.2455,-2.33031,0.279444,8.86423
5.84375,-7.89328,21.6051,-3.55402,24.2313,-2.32519,0.282217,8.86576
5.84474,-7.89861,21.6247,-3.55683,24.2172,-2.32004,0.284984,8.86711
5.84569,-7.81787,21.5861,-3.4924,24.2041,-2.31526,0.288602,8.86865
5.84674,-7.82298,21.6055,-3.49504,24.1899,-2.31011,0.291372,8.87001
5.84774,-7.82781,21.6248,-3.49742,24.1757,-2.30495,0.294144,8.87157
5.84877,-7.83439,21.6452,-3.50122,24.1615,-2.29977,0.296921,8.87295
5.84973,-7.84067,21.6654,-3.50474,24.1473,-2.29462,0.2997,8.8745
5.85074,-7.84698,21.6857,-3.50834,24.1331,-2.28947,0.302472,8.87586
5.85182,-7.85298,21.7058,-3.51166,24.1189,-2.28431,0.305238,8.8774
5.85271,-7.85899,21.7257,-3.51505,24.1047,-2.27916,0.307998,8.87876
5.85377,-7.86468,21.7456,-3.51814,24.0905,-2.27401,0.310754,8.88029
5.85487,-7.8704,21.7654,-3.52131,24.0763,-2.26886,0.313506,8.88163
5.85573,-7.8758,21.7851,-3.52419,24.0621,-2.26371,0.316254,8.88316
5.85684,-7.79622,21.7461,-3.4608,24.0489,-2.25892,0.319854,8.88451
5.85777,-7.80142,21.7655,-3.46354,24.0347,-2.25376,0.322597,8.88604
5.85875,-7.80666,21.7849,-3.46636,24.0205,-2.24861,0.325338,8.88738
5.85998,-7.8133,21.8054,-3.47023,24.0063,-2.24344,0.328084,8.88891
5.86096,-7.81994,21.8257,-3.47416,23.9921,-2.2383,0.330828,8.89025
5.8618,-7.82629,21.8459,-3.47781,23.9779,-2.23315,0.333563,8.89175
5.86307,-7.83263,21.8661,-3.48153,23.9637,-2.22801,0.336289,8.89307
5.86382,-7.83866,21.8861,-3.48495,23.9495,-2.22287,0.339008,8.89456
5.86472,-7.84468,21.906,-3.48844,23.9353,-2.21774,0.341721,8.89585
5.86576,-7.85029,21.9254,-3.49157,23.9214,-2.21271,0.344314,8.8973
5.86672,-7.8559,21.9447,-3.49477,23.9075,-2.20768,0.346904,8.89857
5.86771,-7.77695,21.9048,-3.43196,23.8947,-2.20299,0.350358,8.90001
5.86871,-7.86121,21.9639,-3.49768,23.8936,-2.20264,0.349497,8.90001
5.86973,-7.78915,21.9441,-3.4391,23.8669,-2.19288,0.35556,8.90273
5.87076,-7.79436,21.9634,-3.44199,23.8526,-2.18775,0.358275,8.90401
5.87178,-7.87838,22.0226,-3.50751,23.8515,-2.1874,0.357412,8.90401
5.8727,-7.8848,22.0427,-3.51131,23.8376,-2.18233,0.360013,8.90545
5.87372,-7.81197,22.0221,-3.45218,23.8105,-2.17249,0.366185,8.90815
5.87474,-7.81665,22.0409,-3.45468,23.7963,-2.16733,0.36889,8.90941
5.87576,-7.90035,22.1003,-3.51994,23.7951,-2.16698,0.368025,8.90941
5.87675,-7.82928,22.0771,-3.46233,23.7681,-2.15705,0.374177,8.91207
5.87786,-7.91283,22.1366,-3.52746,23.767,-2.1567,0.373311,8.91207
5.87879,-7.83918,22.1569,-3.46645,23.7393,-2.14639,0.379578,8.91475
5.87971,-7.75962,22.1418,-3.40249,23.7268,-2.14195,0.38277,8.91617
5.88085,-7.84302,22.2014,-3.46751,23.7257,-2.14161,0.381903,8.91617
5.88186,-7.77221,22.232,-3.40864,23.7009,-2.1328,0.38692,8.91872
5.88275,-7.85544,22.2917,-3.47352,23.6998,-2.13246,0.386052,8.91872
5.88371,-7.86072,22.3371,-3.4758,23.6869,-2.12801,0.388066,8.9199
5.88474,-7.78923,22.3693,-3.41644,23.6634,-2.11981,0.392537,8.92232
5.88573,-7.794,22.4156,-3.41829,23.6513,-2.11564,0.394224,8.92361
5.88676,-7.8769,22.4755,-3.4829,23.6502,-2.11531,0.393354,8.92361
5.88774,-7.80632,22.5096,-3.42431,23.6284,-2.10778,0.397122,8.92591
5.88878,-7.81075,22.5569,-3.42595,23.617,-2.10395,0.398505,8.92696
5.88983,-7.81075,22.5569,-3.42595,23.617,-2.10395,0.398505,8.92696
5.89076,-7.73952,22.5926,-3.36688,23.5965,-2.09701,0.401691,8.92917
5.89176,-7.74512,22.6405,-3.36942,23.5857,-2.09339,0.402836,8.93037
5.89277,-7.82761,22.7007,-3.4337,23.5846,-2.09305,0.401963,8.93037
5.89384,-7.75886,22.7378,-3.37665,23.5655,-2.08676,0.404585,8.93248
5.89472,-7.7641,22.7846,-3.37904,23.5553,-2.0834,0.405459,8.93344
5.89588,-7.77055,22.8307,-3.38239,23.5454,-2.0801,0.406235,8.93454
5.89675,-7.77695,22.876,-3.38577,23.5357,-2.0769,0.406944,8.93545
5.89776,-7.78298,22.9205,-3.38886,23.5261,-2.07376,0.40759,8.93653
5.89877,-7.86497,22.9809,-3.45272,23.525,-2.07343,0.406714,8.93653
5.89972,-7.79463,23.0074,-3.39483,23.5074,-2.06763,0.408725,8.93847
5.90068,-7.7169,22.989,-3.33276,23.4992,-2.06491,0.410172,8.93936
5.90184,-7.79873,23.0495,-3.39649,23.498,-2.06458,0.409295,8.93936
5.9027,-7.72935,23.0729,-3.33949,23.481,-2.05894,0.411091,8.94131
5.90375,-7.73449,23.114,-3.34199,23.4718,-2.05598,0.411584,8.94238
5.90476,-7.81605,23.1746,-3.40551,23.4706,-2.05565,0.410705,8.94238
5.90571,-7.74748,23.195,-3.34928,23.454,-2.05015,0.412365,8.94427
5.90674,-7.75226,23.2342,-3.35162,23.445,-2.04722,0.412796,8.94514
5.90777,-7.75824,23.2731,-3.35489,23.4361,-2.04431,0.413149,8.94617
5.90874,-7.83945,23.3338,-3.41812,23.4349,-2.04399,0.412268,8.94617
5.90973,-7.76983,23.3492,-3.36124,23.4185,-2.03854,0.413848,8.94803
5.91076,-7.77393,23.3859,-3.36311,23.4096,-2.03559,0.414257,8.94889
5.91175,-7.85487,23.4467,-3.42613,23.4084,-2.03528,0.413376,8.94889
5.91273,-7.8601,23.4834,-3.42887,23.3996,-2.03234,0.413724,8.94992
5.91372,-7.78804,23.4936,-3.37019,23.383,-2.02675,0.415395,8.95182
5.9147,-7.78804,23.4936,-3.37019,23.383,-2.02675,0.415395,8.95182
5.91576,-7.71571,23.5017,-3.31135,23.3662,-2.02103,0.417108,8.95375
5.91672,-7.7963,23.5627,-3.37408,23.3651,-2.02071,0.416224,8.95375
5.91774,-7.80112,23.5975,-3.37659,23.3559,-2.01765,0.416707,8.95465
5.91881,-7.73141,23.605,-3.31988,23.339,-2.01183,0.418535,8.95659
5.9197,-7.81172,23.6661,-3.38238,23.3378,-2.01152,0.41765,8.95659
5.92072,-7.81597,23.6994,-3.38444,23.3286,-2.00839,0.41817,8.95766
5.92174,-7.7456,23.704,-3.32729,23.3114,-2.00243,0.42009,8.9596
5.9227,-7.82563,23.7652,-3.38957,23.3102,-2.00212,0.419204,8.9596
5.92381,-7.82959,23.7972,-3.39149,23.3009,-1.99891,0.419778,8.96049
5.92474,-7.75862,23.7991,-3.33396,23.2835,-1.99279,0.421821,8.96243
5.92571,-7.83838,23.8604,-3.39601,23.2823,-1.99249,0.420933,8.96243
5.92678,-7.76209,23.8297,-3.33547,23.274,-1.9895,0.422463,8.96351
5.92772,-7.69067,23.829,-3.27765,23.2562,-1.9832,0.424651,8.96548
5.92874,-7.77025,23.8905,-3.33956,23.255,-1.98289,0.423763,8.96548
5.92975,-7.77506,23.9212,-3.34221,23.2454,-1.97949,0.42449,8.96639
5.93072,-7.70627,23.9206,-3.28651,23.2272,-1.97302,0.426846,8.96835
5.9318,-7.78557,23.9821,-3.34819,23.226,-1.97272,0.425957,8.96835
5.93276,-7.78978,24.0117,-3.35035,23.2162,-1.96925,0.426752,8.96942
5.9338,-7.72033,24.0088,-3.29421,23.1977,-1.96261,0.429238,8.97134
5.93481,-7.79934,24.0704,-3.35566,23.1965,-1.96231,0.428347,8.97134
5.93579,-7.80326,24.0989,-3.35766,23.1865,-1.95876,0.429212,8.97222
5.93674,-7.80835,24.1278,-3.36057,23.1766,-1.95524,0.430033,8.97326
5.93783,-7.81193,24.1556,-3.36234,23.1665,-1.95166,0.430954,8.97413
5.93935,-7.73662,24.1213,-3.30272,23.1575,-1.94832,0.432788,8.97519
5.94002,-7.81525,24.183,-3.36386,23.1563,-1.94802,0.431895,8.97519
5.94139,-7.74317,24.1752,-3.30577,23.137,-1.94095,0.434757,8.97714
5.94221,-7.67102,24.1672,-3.2476,23.117,-1.93362,0.437892,8.97915
5.94341,-7.74936,24.2291,-3.30851,23.1158,-1.93333,0.436999,8.97915
5.9443,-7.67417,24.1942,-3.24903,23.1061,-1.92969,0.439133,8.98009
5.94505,-7.75669,24.2835,-3.31215,23.0941,-1.92552,0.439426,8.98119
5.9463,-7.68853,24.2761,-3.2572,23.0739,-1.9181,0.442677,8.98315
5.94729,-7.76648,24.3381,-3.3178,23.0726,-1.91781,0.441783,8.98315
5.94839,-7.77045,24.3641,-3.31997,23.062,-1.91397,0.44293,8.98402
5.94995,-7.70177,24.3548,-3.26468,23.0415,-1.90641,0.446279,8.98593
5.95114,-7.70177,24.3548,-3.26468,23.0415,-1.90641,0.446279,8.98593
5.95221,-7.70875,24.4052,-3.26827,23.0196,-1.89851,0.448808,8.98782
5.95339,-7.71346,24.4309,-3.271,23.0087,-1.89454,0.450068,8.98884
5.95452,-7.71823,24.4569,-3.27382,22.9975,-1.89049,0.45144,8.98969
5.95539,-7.71823,24.4569,-3.27382,22.9975,-1.89049,0.45144,8.98969
5.95634,-7.72708,24.507,-3.27895,22.9754,-1.8825,0.454053,8.9915
5.95756,-7.65422,24.47,-3.22143,22.9653,-1.87866,0.456374,8.9925
5.95805,-7.80821,24.5945,-3.34109,22.9628,-1.8781,0.454578,8.9925
5.95919,-7.73943,24.5822,-3.28589,22.9411,-1.87004,0.458461,8.99432
5.96033,-7.81617,24.6446,-3.3455,22.9398,-1.86976,0.457563,8.99432
5.96126,-7.74537,24.6295,-3.28881,22.9182,-1.86173,0.461407,8.9961
5.96228,-7.74754,24.6526,-3.28965,22.9065,-1.85745,0.462992,8.99692
5.96321,-7.74933,24.675,-3.29019,22.8949,-1.85324,0.464505,8.99792
5.96416,-7.67631,24.6355,-3.23268,22.8848,-1.84935,0.466857,8.99872
5.9653,-7.67943,24.6582,-3.23429,22.8734,-1.84519,0.468333,8.99971
5.96618,-7.75566,24.7207,-3.2935,22.8721,-1.84492,0.467433,8.99971
5.9672,-7.68704,24.7043,-3.23863,22.8503,-1.83678,0.471359,9.0015
5.96784,-7.69147,24.7276,-3.24133,22.8387,-1.83255,0.472909,9.00229
5.96875,-7.69415,24.75,-3.2426,22.8268,-1.82824,0.474558,9.00326
5.96979,-7.69831,24.7729,-3.24511,22.8151,-1.82396,0.476136,9.00404
5.97081,-7.70214,24.7956,-3.24732,22.8034,-1.81969,0.477736,9.00499
5.97175,-7.706,24.8181,-3.24961,22.7916,-1.8154,0.479348,9.00575
5.97277,-7.70955,24.8404,-3.25162,22.7798,-1.81109,0.480977,9.00668
5.97378,-7.71312,24.8625,-3.2537,22.768,-1.80677,0.482622,9.00743
5.97483,-7.71638,24.8844,-3.2555,22.7561,-1.80243,0.484283,9.00835
5.97573,-7.71638,24.8844,-3.2555,22.7561,-1.80243,0.484283,9.00835
5.97675,-7.64757,24.8648,-3.20068,22.7335,-1.79397,0.488559,9.01
5.97777,-7.65068,24.8861,-3.20245,22.7214,-1.78958,0.49027,9.01073
5.97884,-7.65357,24.9076,-3.20396,22.7092,-1.78509,0.492096,9.01166
5.97974,-7.65791,24.9297,-3.20669,22.6971,-1.78066,0.493847,9.01238
5.98073,-7.66194,24.9517,-3.20914,22.6849,-1.77624,0.495614,9.01328
5.98177,-7.66599,24.9735,-3.21166,22.6728,-1.77181,0.497387,9.01397
5.98273,-7.66973,24.9951,-3.2139,22.6606,-1.76737,0.49917,9.01485
5.98377,-7.67347,25.0164,-3.21621,22.6484,-1.76292,0.500963,9.01552
5.98476,-7.6769,25.0376,-3.21822,22.6361,-1.75846,0.502767,9.01638
5.98572,-7.68034,25.0586,-3.22031,22.6239,-1.75399,0.504582,9.01704
5.98674,-7.68347,25.0794,-3.22211,22.6116,-1.74951,0.506408,9.01788
5.98775,-7.68654,25.0996,-3.22395,22.5995,-1.74511,0.508147,9.01853
5.98882,-7.61545,25.0566,-3.16819,22.5887,-1.74095,0.510807,9.01934
5.98981,-7.68933,25.1196,-3.22552,22.5874,-1.7407,0.509901,9.01934
5.99077,-7.62111,25.0969,-3.17143,22.5639,-1.73189,0.514563,9.02083
5.99172,-7.62383,25.1169,-3.173,22.5514,-1.72734,0.516463,9.02148
5.9927,-7.62766,25.1375,-3.17542,22.5392,-1.72286,0.518283,9.02229
5.99376,-7.6315,25.158,-3.1779,22.5269,-1.71839,0.520117,9.02292
5.99472,-7.63503,25.1783,-3.18009,22.5146,-1.7139,0.521961,9.02371
5.99574,-7.63857,25.1984,-3.18235,22.5022,-1.70941,0.523815,9.02431
5.99676,-7.64179,25.2184,-3.18433,22.4898,-1.7049,0.525681,9.02509
5.99775,-7.64503,25.2382,-3.18637,22.4775,-1.70039,0.527557,9.02568
5.99879,-7.64796,25.2578,-3.18813,22.465,-1.69586,0.529446,9.02644
5.99968,-7.72071,25.3211,-3.24457,22.4637,-1.69561,0.528538,9.02644
6.00079,-7.65091,25.2773,-3.18997,22.4526,-1.69132,0.531346,9.02702
6.00174,-7.65356,25.2966,-3.19153,22.4401,-1.68677,0.533257,9.02778
6.00269,-7.65484,25.3149,-3.19206,22.4274,-1.68213,0.535273,9.02836
6.00374,-7.72725,25.3783,-3.24822,22.426,-1.68189,0.534364,9.02836
6.00484,-7.72954,25.3974,-3.24951,22.4135,-1.6773,0.536298,9.02913
6.00574,-7.73186,25.4163,-3.25088,22.4009,-1.67273,0.538247,9.02971
6.00676,-7.8039,25.4797,-3.30675,22.3996,-1.67249,0.537338,9.02971
6.00778,-7.80438,25.4972,-3.30665,22.387,-1.66792,0.539288,9.03047
6.00875,-7.73353,25.4689,-3.25078,22.3629,-1.65882,0.544246,9.03185
6.00973,-7.80523,25.5323,-3.30638,22.3615,-1.65859,0.543336,9.03185
6.01075,-7.80417,25.5486,-3.30512,22.3486,-1.65388,0.545428,9.03248
6.01169,-7.66026,25.4548,-3.19263,22.3255,-1.64493,0.55139,9.03394
6.01275,-7.73173,25.5183,-3.24805,22.3242,-1.6447,0.55048,9.03394
6.0138,-7.73044,25.5343,-3.24655,22.3112,-1.63992,0.552623,9.03479
6.01496,-7.73208,25.5525,-3.24741,22.2983,-1.63519,0.554699,9.03547
6.01591,-7.80319,25.6161,-3.30254,22.297,-1.63496,0.553788,9.03547
6.01691,-7.73209,25.5866,-3.24652,22.272,-1.62561,0.559083,9.03701
6.01774,-7.73192,25.6039,-3.24591,22.2586,-1.62071,0.561391,9.03789
6.01875,-7.73038,25.6197,-3.24428,22.2451,-1.61581,0.563699,9.03859
6.01976,-7.73004,25.6364,-3.24356,22.2319,-1.61097,0.565915,9.03947
6.02075,-7.72975,25.653,-3.24294,22.2187,-1.60615,0.568142,9.04017
6.02181,-7.72925,25.6695,-3.24211,22.2054,-1.60133,0.570376,9.04105
6.02278,-7.72884,25.6859,-3.2414,22.1921,-1.59649,0.572617,9.04175
6.02373,-7.65802,25.6386,-3.18609,22.1802,-1.59188,0.575778,9.04263
6.02473,-7.65758,25.6548,-3.18537,22.1669,-1.58703,0.578035,9.04333
6.02572,-7.65689,25.6709,-3.18443,22.1536,-1.58218,0.5803,9.04422
6.02675,-7.72682,25.7346,-3.23862,22.1522,-1.58196,0.579389,9.04422
6.02775,-7.65823,25.7054,-3.18472,22.1268,-1.57247,0.584871,9.04578
6.02874,-7.65885,25.7225,-3.18486,22.1134,-1.56762,0.587158,9.04646
6.02971,-7.65784,25.7386,-3.18368,22.0998,-1.56269,0.589545,9.04732
6.03075,-7.65828,25.7554,-3.1837,22.0865,-1.55782,0.59183,9.04798
6.03181,-7.65843,25.7722,-3.18346,22.0731,-1.55298,0.594122,9.04881
6.03279,-7.65867,25.7888,-3.18334,22.0597,-1.54814,0.596412,9.04946
6.03373,-7.65866,25.8054,-3.18299,22.0463,-1.54329,0.598702,9.05027
6.03477,-7.6587,25.8218,-3.18274,22.0329,-1.53845,0.600994,9.0509
6.03577,-7.65849,25.8381,-3.18226,22.0195,-1.53361,0.603288,9.0517
6.03697,-7.65849,25.8381,-3.18226,22.0195,-1.53361,0.603288,9.0517
6.03787,-7.58937,25.8065,-3.12815,21.9941,-1.52414,0.608793,9.05309
6.03885,-7.58917,25.8225,-3.12775,21.9807,-1.5193,0.611092,9.05369
6.03973,-7.58872,25.8387,-3.12709,21.9671,-1.51435,0.613503,9.05448
6.04072,-7.58971,25.8558,-3.12762,21.9536,-1.5095,0.615814,9.05507
6.04173,-7.59042,25.8727,-3.12791,21.9402,-1.50467,0.618126,9.05582
6.04275,-7.5912,25.8896,-3.12831,21.9268,-1.49985,0.62043,9.05637
6.04373,-7.5917,25.9063,-3.12845,21.9134,-1.49503,0.622729,9.05709
6.04474,-7.59225,25.9228,-3.12869,21.9001,-1.49022,0.625025,9.05761
6.04587,-7.59253,25.9393,-3.12869,21.8867,-1.48541,0.627318,9.05831
6.04679,-7.59285,25.9556,-3.12877,21.8733,-1.4806,0.629608,9.05881
6.04777,-7.59291,25.9718,-3.12862,21.86,-1.47579,0.631897,9.05948
6.04872,-7.59302,25.9879,-3.12856,21.8466,-1.47099,0.634185,9.05996
6.04974,-7.59287,26.0039,-3.12825,21.8333,-1.46619,0.636471,9.06062
6.05075,-7.5257,25.9557,-3.07612,21.8213,-1.46159,0.63967,9.06108
6.05188,-7.52547,25.9714,-3.07578,21.8079,-1.45679,0.641956,9.06172
6.05276,-7.5253,25.9871,-3.07554,21.7946,-1.452,0.644242,9.06218
6.05378,-7.52621,26.0039,-3.07609,21.7812,-1.44719,0.646538,9.0628
6.0548,-7.52715,26.0206,-3.07673,21.7679,-1.44241,0.648833,9.06323
6.05587,-7.52784,26.0371,-3.07714,21.7546,-1.43763,0.651122,9.06382
6.05675,-7.52856,26.0536,-3.07763,21.7412,-1.43286,0.653403,9.06422
6.05773,-7.529,26.0699,-3.07786,21.7279,-1.42809,0.655679,9.06479
6.05876,-7.46331,26.0219,-3.02697,21.716,-1.42352,0.658864,9.06516
6.05974,-7.46364,26.038,-3.02714,21.7027,-1.41876,0.661131,9.0657
6.0608,-7.46401,26.0539,-3.0274,21.6894,-1.41401,0.663395,9.06605
6.06172,-7.46543,26.0709,-3.02843,21.6762,-1.40924,0.665665,9.06657
6.06298,-7.46686,26.0879,-3.02954,21.6629,-1.40451,0.667932,9.06689
6.0638,-7.46802,26.1047,-3.0304,21.6497,-1.39978,0.670189,9.06738
6.06477,-7.4692,26.1213,-3.03133,21.6364,-1.39506,0.672436,9.06766
6.06574,-7.46961,26.1384,-3.03165,21.6197,-1.39104,0.675952,9.06812
6.06682,-7.46974,26.1559,-3.03175,21.5959,-1.38673,0.682514,9.0684
6.06777,-7.47027,26.1717,-3.03213,21.5713,-1.3819,0.689485,9.06882
6.06889,-7.4709,26.187,-3.03266,21.5465,-1.37707,0.69656,9.06904
6.06978,-7.47122,26.2022,-3.03292,21.5215,-1.37233,0.703694,9.06943
6.07073,-7.47152,26.2171,-3.03322,21.4963,-1.36768,0.71088,9.06962
6.07177,-7.40691,26.1676,-2.98328,21.4724,-1.36329,0.719033,9.06997
6.07283,-7.40703,26.1822,-2.98348,21.447,-1.3588,0.726325,9.07014
6.07394,-7.40686,26.1965,-2.98342,21.4215,-1.35438,0.733669,9.07047
6.07476,-7.40804,26.2117,-2.98447,21.3966,-1.34997,0.740761,9.07061
6.07577,-7.40886,26.2269,-2.9852,21.3716,-1.34567,0.747887,9.07091
6.07674,-7.40969,26.2419,-2.98601,21.3465,-1.34144,0.755058,9.07102
6.0778,-7.41021,26.2566,-2.98654,21.3212,-1.33726,0.762285,9.07128
6.07879,-7.41073,26.2711,-2.98714,21.2958,-1.33313,0.769567,9.07135
6.07979,-7.41096,26.2854,-2.98747,21.2702,-1.32905,0.776898,9.07159
6.08077,-7.41112,26.2993,-2.98779,21.2446,-1.32499,0.784215,9.07172
6.08175,-7.41123,26.3131,-2.9881,21.219,-1.32094,0.791332,9.07176
6.08275,-7.34781,26.2623,-2.93924,21.1947,-1.3171,0.799241,9.07196
6.08377,-7.34778,26.2757,-2.93947,21.169,-1.31313,0.80612,9.07198
6.08474,-7.34748,26.2888,-2.93945,21.1433,-1.3092,0.812892,9.07216
6.08578,-7.34848,26.303,-2.94049,21.1182,-1.30526,0.819542,9.07217
6.08678,-7.34916,26.317,-2.94125,21.093,-1.3014,0.826094,9.07232
6.08777,-7.34984,26.3309,-2.94208,21.0678,-1.29757,0.832546,9.0723
6.08879,-7.35025,26.3445,-2.94264,21.0426,-1.29376,0.838905,9.07242
6.08976,-7.35064,26.3579,-2.94326,21.0174,-1.28998,0.845178,9.07238
6.09081,-7.35075,26.3711,-2.94362,20.9921,-1.28623,0.85137,9.07248
6.09174,-7.35086,26.3841,-2.94404,20.9667,-1.28249,0.857486,9.07241
6.09274,-7.35069,26.3969,-2.9442,20.9414,-1.27878,0.863533,9.07249
6.09377,-7.35052,26.4095,-2.94442,20.9159,-1.27508,0.869515,9.0724
6.09473,-7.35009,26.4219,-2.94439,20.8905,-1.2714,0.875436,9.07247
6.09573,-7.28807,26.3698,-2.89682,20.8663,-1.26789,0.882213,9.07237
6.09677,-7.28752,26.3819,-2.89672,20.8408,-1.26424,0.888027,9.07242
6.09774,-7.28698,26.3938,-2.89668,20.8152,-1.2606,0.893792,9.07231
6.09874,-7.28743,26.4067,-2.89737,20.7901,-1.25695,0.899493,9.07235
6.09976,-7.28785,26.4196,-2.89809,20.7651,-1.25334,0.905149,9.07223
6.10072,-7.28801,26.4322,-2.89857,20.7399,-1.24975,0.910757,9.07224
6.10175,-7.28817,26.4447,-2.8991,20.7148,-1.24617,0.916321,9.07209
6.10277,-7.28804,26.457,-2.89937,20.6895,-1.2426,0.921844,9.07208
6.10376,-7.28791,26.4691,-2.8997,20.6642,-1.23904,0.92733,9.0719
6.10486,-7.2875,26.481,-2.89977,20.6389,-1.23549,0.932782,9.07188
6.10584,-7.2871,26.4927,-2.8999,20.6135,-1.23195,0.938202,9.07169
6.10674,-7.28643,26.5043,-2.89978,20.5881,-1.22842,0.943594,9.07165
6.10774,-7.28577,26.5157,-2.89972,20.5626,-1.2249,0.94896,9.07144
6.10882,-7.22494,26.4626,-2.85315,20.5384,-1.22152,0.955213,9.07139
6.10979,-7.22417,26.4737,-2.85302,20.5128,-1.21801,0.960534,9.07117
6.11074,-7.22314,26.4846,-2.85265,20.4872,-1.2145,0.965836,9.07112
6.11175,-7.22335,26.4967,-2.85328,20.4621,-1.21097,0.9711,9.07089
6.11275,-7.22324,26.5086,-2.85364,20.4369,-1.20748,0.976346,9.07081
6.11378,-7.22316,26.5204,-2.85407,20.4117,-1.204,0.981566,9.07056
6.11476,-7.22279,26.5319,-2.85424,20.3865,-1.20053,0.986765,9.07046
6.11577,-7.22243,26.5434,-2.85447,20.3612,-1.19706,0.991944,9.07018
6.11674,-7.22178,26.5546,-2.85444,20.3358,-1.19359,0.997106,9.07006
6.11779,-7.22115,26.5657,-2.85447,20.3104,-1.19013,1.00225,9.06977
6.11876,-7.22024,26.5766,-2.85424,20.2849,-1.18668,1.00739,9.06963
6.11975,-7.21934,26.5874,-2.85408,20.2594,-1.18322,1.01251,9.06932
6.1207,-7.21817,26.598,-2.85366,20.2338,-1.17978,1.01762,9.06917
6.12169,-7.15887,26.5441,-2.80843,20.2096,-1.17646,1.02363,9.06885
6.12292,-7.1576,26.5545,-2.80794,20.1839,-1.17302,1.02872,9.06869
6.124,-7.15636,26.5647,-2.80754,20.1581,-1.16958,1.0338,9.06836
6.12479,-7.15602,26.576,-2.80779,20.133,-1.16612,1.03887,9.06819
6.12573,-7.15568,26.5872,-2.80809,20.1077,-1.16269,1.04392,9.06784
6.12672,-7.15527,26.5985,-2.80828,20.0847,-1.15885,1.04803,9.06764
6.12776,-7.15484,26.6086,-2.80853,20.0606,-1.15519,1.05317,9.06727
6.12872,-7.15411,26.6188,-2.80852,20.0368,-1.15168,1.05819,9.06705
6.12979,-7.15329,26.6289,-2.80849,20.0134,-1.14829,1.06313,9.06674
6.13078,-7.15238,26.639,-2.80842,19.9904,-1.14497,1.06803,9.06634
6.13175,-7.15118,26.6492,-2.80807,19.9677,-1.14167,1.07287,9.0661
6.13283,-7.0933,26.5949,-2.76405,19.9467,-1.13849,1.07855,9.0657
6.13377,-7.14996,26.6592,-2.80776,19.9454,-1.13838,1.07764,9.0657
6.13474,-7.09172,26.6163,-2.76406,19.903,-1.13184,1.0879,9.06503
6.13585,-7.0901,26.6264,-2.7634,19.8813,-1.12843,1.09259,9.06475
6.13676,-7.14631,26.6907,-2.80676,19.8799,-1.12832,1.09168,9.06475
6.13774,-7.08887,26.6485,-2.7637,19.8395,-1.12162,1.10155,9.06403
6.13871,-7.087,26.6583,-2.7629,19.8187,-1.11814,1.10605,9.06359
6.13975,-7.14275,26.7226,-2.80589,19.8173,-1.11803,1.10515,9.06359
6.1407,-7.08503,26.6798,-2.76264,19.7786,-1.1112,1.11463,9.06284
6.14218,-7.14047,26.7441,-2.8054,19.7773,-1.11109,1.11373,9.06284
6.14271,-7.08269,26.6893,-2.76146,19.7586,-1.10765,1.11894,9.0625
6.14381,-7.08146,26.6998,-2.76117,19.7392,-1.10412,1.12307,9.06205
6.14474,-7.02245,26.6555,-2.71694,19.7017,-1.09698,1.13224,9.06125
6.14573,-7.02093,26.6659,-2.71641,19.6826,-1.09333,1.13627,9.0609
6.14745,-7.07578,26.7302,-2.75869,19.6812,-1.09324,1.13537,9.0609
6.14836,-7.07578,26.7302,-2.75869,19.6812,-1.09324,1.13537,9.0609
6.14937,-7.0193,26.6999,-2.7171,19.6268,-1.08186,1.14795,9.05958
6.15022,-7.07367,26.7641,-2.75902,19.6255,-1.08177,1.14705,9.05958
6.15078,-7.0161,26.7208,-2.71517,19.5896,-1.06532,1.15557,9.05863
6.15174,-7.01533,26.7321,-2.71485,19.5719,-1.05706,1.15916,9.05821
6.15273,-7.06924,26.7963,-2.7564,19.5706,-1.05697,1.15826,9.05821
6.15373,-7.01358,26.7537,-2.71407,19.5377,-1.04,1.16603,9.05725
6.15468,-6.95892,26.7003,-2.67226,19.5217,-1.03162,1.17035,9.0567
6.15571,-7.01253,26.7645,-2.71357,19.5204,-1.03153,1.16944,9.0567
6.15669,-6.95775,26.7226,-2.67197,19.4884,-1.01458,1.17686,9.05568
6.15772,-6.95639,26.7331,-2.67121,19.4717,-1.00592,1.18011,9.05519
6.15875,-7.00952,26.7973,-2.71215,19.4704,-1.00583,1.1792,9.05519
6.15996,-6.95548,26.7559,-2.67118,19.4393,-0.988899,1.18627,9.0541
6.16071,-7.0083,26.8201,-2.71186,19.438,-0.988816,1.18536,9.0541
6.16171,-7.0065,26.8303,-2.7108,19.4217,-0.979978,1.18844,9.05348
6.16273,-6.95113,26.7872,-2.6688,19.3911,-0.962465,1.19526,9.05232
6.16369,-6.94906,26.7971,-2.6675,19.3752,-0.953479,1.19817,9.05177
6.16473,-7.00124,26.8612,-2.70768,19.3739,-0.9534,1.19727,9.05177
6.16575,-6.94672,26.8188,-2.66639,19.3444,-0.935869,1.20369,9.0506
6.16673,-6.94439,26.8284,-2.66493,19.3288,-0.926752,1.20645,9.04994
6.16768,-6.99609,26.8925,-2.70473,19.3275,-0.926677,1.20556,9.04994
6.16873,-6.9429,26.839,-2.66412,19.3137,-0.91785,1.20909,9.04938
6.16971,-6.88724,26.7948,-2.62195,19.2847,-0.899751,1.2152,9.04814
6.17132,-6.93863,26.8589,-2.66151,19.2834,-0.899679,1.2143,9.04814
6.17208,-6.93684,26.8695,-2.66052,19.2682,-0.890816,1.21686,9.04747
6.17341,-6.9359,26.881,-2.66017,19.2535,-0.882165,1.21931,9.04689
6.17426,-6.9359,26.881,-2.66017,19.2535,-0.882165,1.21931,9.04689
6.17484,-6.93169,26.9017,-2.65768,19.2236,-0.864238,1.22421,9.04558
6.17578,-6.92942,26.9122,-2.65633,19.2086,-0.855364,1.22666,9.04486
6.17673,-6.92692,26.9227,-2.65478,19.1933,-0.846591,1.22912,9.04421
6.1777,-6.92448,26.9327,-2.65329,19.1788,-0.837488,1.23144,9.0435
6.17882,-6.92184,26.9426,-2.65163,19.1643,-0.828359,1.23372,9.04287
6.17973,-6.91918,26.9525,-2.64999,19.1499,-0.819195,1.23597,9.04215
6.18072,-6.86658,26.8983,-2.6099,19.1369,-0.810065,1.23907,9.04152
6.18177,-6.86389,26.908,-2.60824,19.1227,-0.80085,1.24124,9.04079
6.18274,-6.86103,26.9177,-2.60642,19.1085,-0.791612,1.24338,9.04015
6.18375,-6.85909,26.9285,-2.60538,19.0944,-0.782745,1.24547,9.03941
6.18472,-6.85697,26.9393,-2.60418,19.0803,-0.773843,1.24753,9.03876
6.18575,-6.85484,26.95,-2.60299,19.0664,-0.764916,1.24956,9.038
6.18687,-6.85251,26.9605,-2.60163,19.0525,-0.755955,1.25156,9.03733
6.18774,-6.85015,26.971,-2.60028,19.0387,-0.746962,1.25353,9.03655
6.18885,-6.84759,26.9814,-2.59876,19.0249,-0.73794,1.25547,9.03585
6.18972,-6.84501,26.9917,-2.59725,19.0112,-0.728888,1.25738,9.03506
6.19077,-6.84223,27.0019,-2.59556,18.9976,-0.71981,1.25926,9.03435
6.19172,-6.83944,27.012,-2.5939,18.9841,-0.710707,1.26112,9.03354
6.19275,-6.83646,27.0221,-2.59206,18.9706,-0.701579,1.26295,9.03281
6.19374,-6.78568,26.9682,-2.55353,18.9584,-0.692474,1.26565,9.03199
6.19473,-6.78266,26.9781,-2.55169,18.945,-0.683301,1.26743,9.03125
6.19582,-6.77964,26.9879,-2.54986,18.9317,-0.674108,1.26918,9.03042
6.19693,-6.77733,26.9989,-2.5486,18.9184,-0.665287,1.2709,9.02967
6.19785,-6.77501,27.0098,-2.54735,18.9051,-0.656433,1.2726,9.02882
6.19882,-6.7725,27.0206,-2.54594,18.8919,-0.647556,1.27428,9.02805
6.2,-6.76996,27.0313,-2.54454,18.8788,-0.638648,1.27594,9.02717
6.20079,-6.76722,27.0419,-2.54297,18.8657,-0.62971,1.27757,9.02637
6.20189,-6.76446,27.0524,-2.54141,18.8527,-0.620743,1.27919,9.02547
6.20281,-6.7615,27.0627,-2.53967,18.8397,-0.61175,1.28078,9.02465
6.20379,-6.75852,27.073,-2.53795,18.8268,-0.602731,1.28236,9.02373
6.20486,-6.70925,27.0196,-2.50068,18.8152,-0.593721,1.2848,9.0229
6.20605,-6.70623,27.0297,-2.49894,18.8023,-0.584654,1.28634,9.02196
6.2072,-6.70302,27.0397,-2.49704,18.7896,-0.575566,1.28786,9.02112
6.20783,-6.70067,27.0509,-2.49585,18.7768,-0.566847,1.28935,9.02017
6.20873,-6.74625,27.1145,-2.53083,18.7756,-0.566818,1.28846,9.02017
6.20981,-6.69556,27.073,-2.49317,18.7514,-0.549316,1.29228,9.01832
6.21131,-6.6928,27.0838,-2.49165,18.7388,-0.540507,1.29372,9.01742
6.21249,-6.69002,27.0943,-2.49014,18.7265,-0.531534,1.29512,9.01648
6.21336,-6.69002,27.0943,-2.49014,18.7265,-0.531534,1.29512,9.01648
6.21431,-6.684,27.1155,-2.48679,18.7015,-0.513776,1.29792,9.01454
6.21526,-6.68086,27.1259,-2.48504,18.6891,-0.504859,1.2993,9.0135
6.21629,-6.63308,27.073,-2.44904,18.6776,-0.496066,1.30158,9.01253
6.21742,-6.62992,27.0832,-2.44728,18.6653,-0.487094,1.30293,9.01148
6.21816,-6.67413,27.1466,-2.48118,18.6641,-0.487075,1.30205,9.01148
6.21935,-6.62401,27.1046,-2.4441,18.6407,-0.469473,1.30558,9.00945
6.22039,-6.62127,27.1157,-2.44269,18.6284,-0.460809,1.30688,9.00846
6.22142,-6.61761,27.1257,-2.44057,18.616,-0.45186,1.30822,9.00734
6.22192,-6.61761,27.1257,-2.44057,18.616,-0.45186,1.30822,9.00734
6.22291,-6.61167,27.1474,-2.43743,18.5917,-0.434399,1.31076,9.00523
6.22373,-6.60849,27.1581,-2.4357,18.5796,-0.425627,1.31201,9.0042
6.22476,-6.60535,27.1684,-2.43402,18.5679,-0.416699,1.31323,9.00309
6.22574,-6.602,27.1787,-2.43216,18.5561,-0.40775,1.31443,9.00206
6.22687,-6.59863,27.1888,-2.43032,18.5443,-0.398782,1.31561,9.00092
6.22773,-6.59507,27.1988,-2.42831,18.5326,-0.389796,1.31679,8.99987
6.22872,-6.54919,27.1456,-2.39392,18.5221,-0.380798,1.31882,8.99871
6.22968,-6.59149,27.2088,-2.42631,18.5209,-0.380794,1.31795,8.99871
6.23081,-6.54278,27.1664,-2.39053,18.4987,-0.363129,1.3211,8.99647
6.23174,-6.53891,27.1763,-2.38831,18.4869,-0.354187,1.32226,8.99535
6.23286,-6.53587,27.1871,-2.38679,18.4752,-0.345492,1.32336,8.99415
6.23384,-6.53265,27.1977,-2.38509,18.4636,-0.336769,1.32446,8.99304
6.23475,-6.52938,27.2083,-2.38341,18.4521,-0.328021,1.32555,8.99182
6.23576,-6.52592,27.2187,-2.38155,18.4405,-0.319248,1.32663,8.99068
6.23673,-6.56697,27.2817,-2.41295,18.4393,-0.319252,1.32576,8.99068
6.2383,-6.51875,27.2392,-2.37768,18.4175,-0.301632,1.32876,8.98826
6.23939,-6.51421,27.2482,-2.37501,18.4058,-0.292532,1.32986,8.98697
6.24028,-6.51421,27.2482,-2.37501,18.4058,-0.292532,1.32986,8.98697
6.24066,-6.50544,27.2674,-2.36993,18.3823,-0.27479,1.33203,8.98445
6.24174,-6.46112,27.2144,-2.33687,18.3718,-0.266007,1.33396,8.98325
6.24274,-6.50128,27.2773,-2.36757,18.3707,-0.266018,1.33309,8.98325
6.24373,-6.4972,27.287,-2.36529,18.3593,-0.257109,1.33412,8.98197
6.24477,-6.49369,27.2978,-2.36345,18.3479,-0.248564,1.33514,8.98077
6.24573,-6.44535,27.2542,-2.32821,18.3261,-0.23086,1.33808,8.97819
6.24675,-6.48478,27.317,-2.35834,18.3249,-0.230876,1.33721,8.97819
6.24798,-6.48021,27.3264,-2.35571,18.3134,-0.222001,1.33824,8.97684
6.24874,-6.47629,27.3368,-2.35358,18.3022,-0.213372,1.33923,8.97561
6.24969,-6.47225,27.3472,-2.35141,18.2907,-0.204834,1.34024,8.97424
6.25075,-6.46732,27.3563,-2.34849,18.2793,-0.195892,1.34126,8.97296
6.25175,-6.46235,27.3652,-2.34558,18.2679,-0.186937,1.34226,8.97158
6.25274,-6.41887,27.3114,-2.31324,18.2578,-0.177936,1.34413,8.97029
6.25381,-6.4139,27.3202,-2.31035,18.2464,-0.168945,1.34513,8.96889
6.25479,-6.40876,27.3289,-2.3073,18.2351,-0.159944,1.34612,8.9676
6.25585,-6.40435,27.3387,-2.30485,18.2238,-0.151311,1.34709,8.9662
6.25684,-6.39975,27.3485,-2.30226,18.2125,-0.142655,1.34807,8.96488
6.25775,-6.39516,27.3581,-2.29969,18.2012,-0.133984,1.34904,8.96346
6.25876,-6.39038,27.3676,-2.29696,18.19,-0.12529,1.35,8.96213
6.25977,-6.38559,27.3771,-2.29426,18.1788,-0.116574,1.35096,8.96069
6.2608,-6.38062,27.3864,-2.29139,18.1676,-0.107838,1.35191,8.95934
6.26186,-6.37563,27.3955,-2.28855,18.1564,-0.099081,1.35287,8.95788
6.26284,-6.37047,27.4046,-2.28554,18.1453,-0.0903058,1.35381,8.95651
6.26382,-6.3653,27.4136,-2.28257,18.1342,-0.0815132,1.35475,8.95503
6.26468,-6.35995,27.4225,-2.27943,18.1231,-0.0727043,1.35569,8.95365
6.26584,-6.31848,27.3689,-2.24881,18.1132,-0.0638401,1.35748,8.95216
6.26677,-6.31314,27.3775,-2.2457,18.1021,-0.0550001,1.35841,8.95075
6.26776,-6.3078,27.3861,-2.24262,18.0911,-0.0461467,1.35934,8.94925
6.26877,-6.30297,27.3959,-2.23993,18.0801,-0.0376561,1.36025,8.94783
6.26981,-6.29813,27.4055,-2.23727,18.069,-0.0291402,1.36115,8.94631
6.27084,-6.29311,27.415,-2.23445,18.0581,-0.0206074,1.36206,8.94487
6.27176,-6.28809,27.4244,-2.23166,18.0471,-0.0120495,1.36296,8.94332
6.27277,-6.28288,27.4337,-2.2287,18.0362,-0.0034674,1.36385,8.94185
6.27379,-6.27765,27.4428,-2.22577,18.0253,0.00513745,1.36474,8.94028
6.2748,-6.27225,27.4519,-2.22267,18.0145,0.0137639,1.36563,8.93879
6.27582,-6.26683,27.4608,-2.2196,18.0036,0.0224105,1.36652,8.93719
6.27679,-6.26124,27.4696,-2.21638,17.9928,0.0310763,1.3674,8.93568
6.27787,-6.22158,27.4162,-2.18729,17.9831,0.0398142,1.36913,8.93407
6.27889,-6.216,27.4248,-2.18409,17.9723,0.0485159,1.37,8.93254
6.27976,-6.21042,27.4333,-2.18091,17.9616,0.0572332,1.37087,8.93091
6.28079,-6.20529,27.443,-2.17809,17.9508,0.0655931,1.37172,8.92937
6.2817,-6.20016,27.4525,-2.1753,17.9401,0.0739799,1.37257,8.92772
6.28276,-6.19486,27.4619,-2.17235,17.9294,0.0823854,1.37342,8.92615
6.28374,-6.18954,27.4711,-2.16943,17.9187,0.090818,1.37426,8.92446
6.28474,-6.18404,27.4803,-2.16634,17.9081,0.0992763,1.3751,8.92287
6.28574,-6.17852,27.4893,-2.16328,17.8975,0.107759,1.37594,8.92116
6.28674,-6.17282,27.4982,-2.16005,17.8869,0.116265,1.37678,8.91954
6.28773,-6.16711,27.5069,-2.15685,17.8763,0.124792,1.37761,8.91782
6.28879,-6.16123,27.5156,-2.15349,17.8658,0.13334,1.37843,8.91617
6.28974,-6.15534,27.5241,-2.15016,17.8553,0.141907,1.37926,8.91443
6.29072,-6.1175,27.4708,-2.12259,17.8459,0.150562,1.38092,8.91277
6.29184,-6.11162,27.4792,-2.11929,17.8354,0.159165,1.38174,8.911
6.29278,-6.10557,27.4874,-2.11583,17.8249,0.167784,1.38255,8.90932
6.29377,-6.10011,27.4968,-2.11287,17.8144,0.176049,1.38335,8.90754
6.29474,-6.09447,27.506,-2.10976,17.804,0.184341,1.38414,8.90584
6.29574,-6.08884,27.5151,-2.10668,17.7936,0.192652,1.38494,8.90403
6.29679,-6.08301,27.524,-2.10344,17.7832,0.200989,1.38572,8.9023
6.29779,-6.07714,27.5329,-2.10018,17.7729,0.209352,1.38651,8.90051
6.29872,-6.0712,27.5416,-2.09689,17.7625,0.21774,1.38729,8.89867
6.29976,-6.06509,27.5502,-2.09344,17.7522,0.22615,1.38807,8.8969
6.30076,-6.05898,27.5586,-2.09002,17.7419,0.234582,1.38885,8.89503
6.30177,-6.05268,27.567,-2.08645,17.7317,0.243035,1.38963,8.89325
6.30278,-6.04638,27.5752,-2.0829,17.7215,0.251506,1.3904,8.89136
6.30374,-6.01046,27.522,-2.05696,17.7123,0.260082,1.392,8.88955
6.30477,-6.00418,27.53,-2.05344,17.7021,0.268589,1.39276,8.88765
6.30574,-5.99774,27.5379,-2.04978,17.6919,0.277112,1.39353,8.88582
6.30675,-5.99183,27.5469,-2.04657,17.6817,0.285286,1.39427,8.8839
6.30776,-5.98575,27.5558,-2.04322,17.6715,0.293485,1.39502,8.88205
6.30873,-5.97967,27.5646,-2.03989,17.6614,0.301702,1.39576,8.8801
6.30979,-5.97341,27.5732,-2.03641,17.6513,0.309947,1.3965,8.87823
6.31074,-5.96714,27.5817,-2.03295,17.6412,0.318217,1.39724,8.87625
6.31175,-5.96068,27.5901,-2.02933,17.6312,0.326511,1.39797,8.87435
6.31272,-5.95423,27.5984,-2.02573,17.6211,0.334827,1.3987,8.87235
6.31376,-5.94759,27.6065,-2.02199,17.6111,0.343166,1.39943,8.87043
6.31474,-5.94095,27.6145,-2.01827,17.6011,0.351524,1.40016,8.86841
6.31574,-5.93414,27.6223,-2.01439,17.5912,0.359901,1.40088,8.86647
6.3168,-5.90025,27.5692,-1.99019,17.5823,0.368398,1.40243,8.86443
6.31775,-5.89347,27.5769,-1.98635,17.5723,0.376811,1.40315,8.86247
6.31876,-5.88669,27.5845,-1.98255,17.5624,0.385239,1.40386,8.86041
6.31976,-5.88023,27.5931,-1.97899,17.5525,0.393322,1.40457,8.85843
6.32075,-5.87378,27.6017,-1.97547,17.5426,0.401429,1.40527,8.85635
6.32177,-5.86716,27.6101,-1.97179,17.5327,0.409554,1.40596,8.85435
6.3228,-5.86053,27.6184,-1.96814,17.5229,0.417706,1.40666,8.85223
6.32386,-5.85371,27.6265,-1.96433,17.513,0.425883,1.40735,8.85021
6.32477,-5.8469,27.6345,-1.96055,17.5033,0.434084,1.40804,8.84807
6.32582,-5.83991,27.6424,-1.95661,17.4935,0.442307,1.40873,8.84602
6.32676,-5.83291,27.6502,-1.95271,17.4837,0.450552,1.40941,8.84386
6.3278,-5.82575,27.6578,-1.94865,17.474,0.458816,1.4101,8.84179
6.32877,-5.79371,27.6048,-1.92601,17.4653,0.467216,1.4116,8.83961
6.32975,-5.78658,27.6123,-1.92199,17.4556,0.475517,1.41228,8.83752
6.33081,-5.77944,27.6196,-1.918,17.4459,0.483835,1.41295,8.83532
6.33176,-5.7726,27.628,-1.91423,17.4362,0.491812,1.41362,8.83321
6.33288,-5.76575,27.6362,-1.91049,17.4266,0.499813,1.41428,8.83099
6.33389,-5.75874,27.6444,-1.9066,17.417,0.507833,1.41494,8.82885
6.33482,-5.75172,27.6524,-1.90273,17.4074,0.51588,1.4156,8.8266
6.33581,-5.74452,27.6603,-1.89871,17.3978,0.523953,1.41625,8.82443
6.33683,-5.73732,27.668,-1.89472,17.3883,0.532049,1.4169,8.82216
6.33775,-5.72995,27.6756,-1.89058,17.3787,0.540169,1.41755,8.81997
6.3388,-5.72257,27.6831,-1.88646,17.3692,0.54831,1.4182,8.81768
6.33984,-5.71502,27.6904,-1.88219,17.3597,0.556471,1.41885,8.81547
6.34118,-5.68485,27.6376,-1.86112,17.3512,0.564783,1.42031,8.81315
6.34188,-5.67734,27.6448,-1.8569,17.3418,0.572982,1.42095,8.81092
6.34292,-5.66984,27.6518,-1.85272,17.3324,0.581197,1.42159,8.80858
6.34383,-5.66257,27.6599,-1.8487,17.3229,0.589077,1.42222,8.80633
6.34475,-5.65532,27.6679,-1.84473,17.3135,0.59698,1.42284,8.80397
6.34579,-5.64802,27.6756,-1.8407,17.3043,0.604995,1.42345,8.80174
6.34673,-5.6407,27.6831,-1.83668,17.2951,0.613035,1.42405,8.79939
6.34773,-5.63322,27.6906,-1.83252,17.286,0.621097,1.42465,8.79713
6.34874,-5.62573,27.6979,-1.82838,17.2768,0.629177,1.42525,8.79475
6.34972,-5.61806,27.705,-1.8241,17.2677,0.637275,1.42584,8.79246
6.35077,-5.63883,27.7647,-1.83945,17.2668,0.63713,1.42503,8.79246
6.3517,-5.582,27.6594,-1.80024,17.2504,0.653666,1.42783,8.78773
6.35274,-5.57388,27.6652,-1.79564,17.2412,0.662074,1.42843,8.78526
6.35374,-5.56646,27.6731,-1.79158,17.232,0.669881,1.42901,8.78292
6.35471,-5.55905,27.6809,-1.78756,17.223,0.677706,1.42958,8.78046
6.35575,-5.55147,27.6886,-1.78338,17.2139,0.685554,1.43015,8.77809
6.35675,-5.54388,27.6961,-1.77924,17.2049,0.693427,1.43071,8.77561
6.35773,-5.53612,27.7035,-1.77494,17.1958,0.701324,1.43128,8.7732
6.35875,-5.52836,27.7108,-1.77066,17.1868,0.709243,1.43184,8.77069
6.35974,-5.52042,27.7179,-1.76624,17.1779,0.717184,1.4324,8.76826
6.3607,-5.53932,27.7772,-1.78011,17.177,0.717026,1.4316,8.76826
6.36172,-5.50438,27.7317,-1.75731,17.16,0.733122,1.43351,8.76326
6.36274,-5.49581,27.7374,-1.75244,17.1509,0.741376,1.43408,8.76065
6.36383,-5.51407,27.7966,-1.7658,17.15,0.741215,1.43328,8.76065
6.36475,-5.47929,27.7506,-1.74317,17.1331,0.757399,1.43519,8.75559
6.36575,-5.45256,27.6969,-1.72501,17.1249,0.765852,1.43655,8.75305
6.36675,-5.47041,27.7559,-1.73805,17.124,0.765687,1.43576,8.75305
6.36774,-5.43633,27.7106,-1.71601,17.1071,0.781605,1.43766,8.74794
6.36874,-5.42785,27.7168,-1.71125,17.0981,0.789592,1.43821,8.74526
6.36973,-5.41965,27.724,-1.70669,17.0892,0.797333,1.43875,8.74273
6.37072,-5.41146,27.731,-1.70217,17.0804,0.805088,1.43927,8.74008
6.37172,-5.40308,27.7379,-1.69751,17.0716,0.812578,1.43982,8.73752
6.37273,-5.39469,27.7446,-1.69288,17.0628,0.819909,1.44036,8.73484
6.37374,-5.38613,27.7512,-1.6881,17.054,0.827115,1.44091,8.73225
6.37472,-5.37757,27.7577,-1.68336,17.0452,0.834197,1.44145,8.72955
6.37573,-5.36883,27.7641,-1.67848,17.0365,0.84116,1.44198,8.72694
6.37674,-5.38455,27.8228,-1.68982,17.0356,0.840982,1.4412,8.72694
6.37774,-5.35119,27.7765,-1.66865,17.019,0.85474,1.44306,8.72157
6.37875,-5.32656,27.723,-1.65238,17.011,0.861681,1.4444,8.71877
6.3797,-5.34186,27.7815,-1.66338,17.0102,0.861501,1.44361,8.71877
6.38074,-5.30916,27.736,-1.6428,16.9936,0.874632,1.44545,8.71336
6.38174,-5.30002,27.7419,-1.63768,16.9847,0.881072,1.446,8.71062
6.38271,-5.2913,27.7487,-1.63292,16.9761,0.887293,1.44652,8.70784
6.38373,-5.28241,27.7554,-1.62801,16.9674,0.893407,1.44704,8.70514
6.3847,-5.27352,27.7619,-1.62314,16.9588,0.899428,1.44757,8.70233
6.38572,-5.26446,27.7683,-1.61812,16.9501,0.905362,1.44809,8.6996
6.38671,-5.25541,27.7746,-1.61314,16.9415,0.91121,1.44861,8.69676
6.38774,-5.24618,27.7808,-1.60802,16.9329,0.916976,1.44914,8.69401
6.38871,-5.23696,27.7868,-1.60294,16.9244,0.922663,1.44966,8.69114
6.38969,-5.2501,27.8449,-1.61223,16.9236,0.922468,1.44888,8.69114
6.39071,-5.2182,27.7986,-1.59254,16.9073,0.933813,1.45071,8.68548
6.39168,-5.19557,27.7453,-1.57798,16.8994,0.939591,1.45203,8.68262
6.3927,-5.20828,27.8032,-1.58693,16.8986,0.939394,1.45125,8.68262
6.39373,-5.17704,27.7576,-1.56781,16.8823,0.950343,1.45306,8.6769
6.39473,-5.16745,27.7632,-1.5625,16.8736,0.955715,1.4536,8.67391
6.39572,-5.15807,27.7696,-1.55732,16.8651,0.960927,1.45412,8.67107
6.39681,-5.1487,27.776,-1.55219,16.8566,0.966066,1.45464,8.66812
6.3977,-5.13916,27.7822,-1.54692,16.8481,0.971145,1.45516,8.66526
6.39881,-5.12963,27.7883,-1.54168,16.8396,0.976167,1.45568,8.66228
6.39975,-5.11994,27.7942,-1.53631,16.8312,0.981134,1.4562,8.65939
6.4008,-5.1309,27.8518,-1.54386,16.8304,0.980926,1.45542,8.65939
6.40175,-5.10041,27.8058,-1.5255,16.8144,0.990912,1.45724,8.65346
6.40275,-5.09023,27.8103,-1.51981,16.8058,0.995825,1.45778,8.65037
6.40376,-5.09023,27.8103,-1.51981,16.8058,0.995825,1.45778,8.65037
6.40477,-5.06019,27.7638,-1.50186,16.7898,1.00554,1.45959,8.64439
6.40579,-5.05013,27.7693,-1.49626,16.7813,1.01032,1.46012,8.64137
6.40768,-5.04043,27.7756,-1.49095,16.7729,1.01496,1.46064,8.6383
6.40794,-5.04043,27.7756,-1.49095,16.7729,1.01496,1.46064,8.6383
6.40894,-5.04,27.8391,-1.49182,16.7638,1.01933,1.46039,8.63532
6.40981,-5.01042,27.7941,-1.4743,16.7476,1.02878,1.46221,8.62909
6.41076,-5.00013,27.8002,-1.46855,16.739,1.03342,1.46276,8.62585
6.41173,-5.00889,27.8573,-1.47435,16.7382,1.0332,1.462,8.62585
6.41276,-4.97984,27.8114,-1.45731,16.7225,1.04221,1.46381,8.6197
6.4137,-4.9609,27.7588,-1.44589,16.7149,1.04686,1.46511,8.61659
6.41473,-4.96923,27.8158,-1.45134,16.7142,1.04663,1.46435,8.61659
6.41576,-4.9408,27.7706,-1.43483,16.6985,1.05545,1.46615,8.61036
6.41672,-4.93046,27.7759,-1.4291,16.6902,1.05977,1.46668,8.60712
6.4177,-4.93811,27.8327,-1.43402,16.6895,1.05954,1.46593,8.60712
6.41872,-4.91007,27.788,-1.41785,16.6739,1.06816,1.46771,8.60081
6.41975,-4.89944,27.7929,-1.41189,16.6656,1.07238,1.46825,8.59763
6.42072,-4.88911,27.7986,-1.40619,16.6575,1.07651,1.46876,8.59439
6.42175,-4.87863,27.8043,-1.40035,16.6494,1.08059,1.46927,8.59124
6.42271,-4.86816,27.8098,-1.39456,16.6414,1.08465,1.46978,8.58798
6.42372,-4.85754,27.8151,-1.38863,16.6333,1.08868,1.4703,8.5848
6.42472,-4.84694,27.8204,-1.38274,16.6253,1.09269,1.47081,8.58151
6.4257,-4.83031,27.7691,-1.37323,16.618,1.09692,1.47207,8.5783
6.42674,-4.81979,27.7741,-1.36744,16.61,1.10088,1.47258,8.57498
6.42772,-4.82544,27.8305,-1.37075,16.6093,1.10064,1.47183,8.57498
6.42883,-4.79869,27.7861,-1.35574,16.594,1.10874,1.47358,8.5684
6.42974,-4.78773,27.7909,-1.34959,16.5859,1.11271,1.4741,8.56507
6.43067,-4.7927,27.8471,-1.35236,16.5852,1.11246,1.47335,8.56507
6.43172,-4.76621,27.802,-1.33762,16.57,1.12042,1.4751,8.55841
6.43271,-4.75514,27.8064,-1.33144,16.562,1.12432,1.47562,8.55495
6.43371,-4.74418,27.8117,-1.3253,16.5541,1.12813,1.47612,8.55164
6.43472,-4.73323,27.8168,-1.3192,16.5463,1.13192,1.47662,8.54822
6.43572,-4.72214,27.8218,-1.31297,16.5384,1.13568,1.47712,8.54488
6.43677,-4.71106,27.8267,-1.30679,16.5306,1.13943,1.47762,8.54143
6.43773,-4.71444,27.8825,-1.30828,16.5299,1.13918,1.47688,8.54143
6.4387,-4.68547,27.7804,-1.29288,16.5157,1.14714,1.47935,8.53459
6.43972,-4.67413,27.7839,-1.28651,16.5078,1.15091,1.47987,8.53113
6.44068,-4.66309,27.7895,-1.28036,16.5,1.15461,1.48035,8.52764
6.44173,-4.6519,27.795,-1.27408,16.4922,1.15827,1.48084,8.52422
6.44273,-4.64072,27.8003,-1.26784,16.4845,1.16192,1.48133,8.5207
6.4437,-4.64297,27.8559,-1.26843,16.4838,1.16166,1.4806,8.5207
6.44472,-4.6181,27.8105,-1.25515,16.469,1.16916,1.48231,8.5137
6.44648,-4.61989,27.866,-1.25537,16.4684,1.16889,1.48157,8.5137
6.44732,-4.61989,27.866,-1.25537,16.4684,1.16889,1.48157,8.5137
6.44833,-4.58331,27.8251,-1.23548,16.4458,1.18005,1.48379,8.50302
6.44929,-4.5714,27.8287,-1.22873,16.4379,1.18374,1.48431,8.49928
6.45021,-4.55916,27.8323,-1.22171,16.4299,1.1875,1.48485,8.49556
6.45073,-4.54734,27.8366,-1.21502,16.4222,1.1911,1.48535,8.49189
6.45168,-4.53495,27.7858,-1.20906,16.4151,1.19495,1.48659,8.48831
6.45272,-4.52344,27.7899,-1.20262,16.4076,1.19844,1.48708,8.4847
6.45372,-4.51177,27.795,-1.19602,16.4,1.20191,1.48757,8.48117
6.45476,-4.50013,27.8,-1.18947,16.3925,1.20537,1.48805,8.47752
6.4557,-4.48835,27.8048,-1.18279,16.3851,1.20881,1.48853,8.47395
6.45669,-4.48784,27.8597,-1.18118,16.3845,1.20853,1.48781,8.47395
6.45774,-4.46468,27.8141,-1.16941,16.3702,1.21566,1.48949,8.46667
6.45924,-4.45265,27.8175,-1.16261,16.3626,1.21914,1.48999,8.46289
6.45965,-4.44063,27.8218,-1.15577,16.3552,1.22255,1.49046,8.45926
6.46075,-4.43919,27.8765,-1.15341,16.3547,1.22226,1.48974,8.45926
6.46187,-4.41633,27.8302,-1.14195,16.3404,1.22938,1.49143,8.45179
6.46275,-4.40404,27.8331,-1.13496,16.3329,1.23282,1.49192,8.448
6.46384,-4.40191,27.8876,-1.13204,16.3323,1.23253,1.49121,8.448
6.46468,-4.38196,27.7863,-1.12416,16.3188,1.23982,1.49359,8.44054
6.46589,-4.36981,27.789,-1.11732,16.3114,1.24324,1.49408,8.43666
6.46677,-4.36722,27.8434,-1.11403,16.3108,1.24295,1.49336,8.43666
6.46776,-4.34541,27.7982,-1.10343,16.2968,1.2499,1.495,8.42911
6.46874,-4.34235,27.8525,-1.09977,16.2962,1.24961,1.49429,8.42911
6.46981,-4.32966,27.8558,-1.09247,16.2888,1.25298,1.49477,8.42529
6.47074,-4.3081,27.8091,-1.08216,16.2748,1.25994,1.49643,8.41759
6.47175,-4.29559,27.8122,-1.07504,16.2674,1.2633,1.49691,8.41363
6.47272,-4.29559,27.8122,-1.07504,16.2674,1.2633,1.49691,8.41363
6.47376,-4.27477,27.766,-1.06533,16.2536,1.27014,1.49854,8.40593
6.47482,-4.26217,27.7698,-1.05812,16.2463,1.27346,1.49901,8.40203
6.47585,-4.25772,27.8237,-1.05333,16.2458,1.27316,1.49831,8.40203
6.47674,-4.23711,27.7791,-1.04379,16.232,1.27993,1.49992,8.39425
6.47774,-4.23219,27.8328,-1.03862,16.2315,1.27963,1.49921,8.39425
6.47876,-4.21929,27.8362,-1.03122,16.2243,1.2829,1.49968,8.39021
6.47975,-4.19899,27.7899,-1.022,16.2106,1.28968,1.50131,8.38226
6.48072,-4.1861,27.793,-1.0146,16.2035,1.29294,1.50177,8.37828
6.48198,-4.18023,27.8465,-1.00867,16.2029,1.29263,1.50107,8.37828
6.48287,-4.16043,27.8007,-0.999863,16.1895,1.29929,1.50267,8.37034
6.48372,-4.1475,27.8034,-0.992469,16.1824,1.30251,1.50314,8.36622
6.48497,-4.1475,27.8034,-0.992469,16.1824,1.30251,1.50314,8.36622
6.48571,-4.12835,27.7571,-0.984222,16.169,1.30913,1.50472,8.3582
6.48674,-4.11529,27.7605,-0.9767,16.162,1.31233,1.50518,8.35414
6.48769,-4.10824,27.8137,-0.969829,16.1615,1.31201,1.50448,8.35414
6.48872,-4.08923,27.769,-0.961687,16.1482,1.31857,1.50604,8.34603
6.48975,-4.07612,27.772,-0.954172,16.1412,1.32174,1.5065,8.34183
6.49069,-4.07068,27.7229,-0.953979,16.1349,1.32516,1.50762,8.33779
6.49169,-4.06293,27.7759,-0.946541,16.1344,1.32483,1.50693,8.33779
6.49274,-4.04455,27.7314,-0.938944,16.1213,1.33131,1.50847,8.32957
6.49378,-4.03134,27.735,-0.931355,16.1144,1.33443,1.5089,8.32531
6.49479,-4.02288,27.7878,-0.923341,16.1139,1.33411,1.50821,8.32531
6.49636,-4.00477,27.7436,-0.915982,16.101,1.34052,1.50973,8.31701
6.49728,-3.99134,27.7468,-0.908215,16.0942,1.3436,1.51017,8.3128
6.49774,-3.98216,27.7994,-0.899624,16.0937,1.34327,1.50948,8.3128
6.49931,-3.96406,27.7538,-0.892358,16.0806,1.34982,1.51103,8.30418
6.50029,-3.95061,27.7565,-0.88461,16.0739,1.35288,1.51146,8.29985
6.50103,-3.93681,27.7592,-0.876573,16.067,1.35599,1.51191,8.29553
6.50169,-3.93681,27.7592,-0.876573,16.067,1.35599,1.51191,8.29553
6.50283,-3.9196,27.7137,-0.870036,16.0541,1.3624,1.51343,8.28693
6.50375,-3.90603,27.717,-0.862191,16.0475,1.36542,1.51385,8.28257
6.50482,-3.89541,27.7693,-0.852446,16.0471,1.36508,1.51317,8.28257
6.50577,-3.87868,27.7252,-0.846264,16.0346,1.37129,1.51465,8.27408
6.5067,-3.8649,27.7281,-0.838255,16.028,1.37427,1.51506,8.26978
6.50774,-3.85357,27.7801,-0.827928,16.0276,1.37393,1.51439,8.26978
6.50871,-3.8373,27.7353,-0.822171,16.0153,1.38009,1.51585,8.26119
6.50966,-3.82548,27.7873,-0.811454,16.0148,1.37975,1.51518,8.26119
6.51071,-3.8112,27.7907,-0.803059,16.0083,1.3827,1.51557,8.25674
6.51174,-3.79702,27.7939,-0.794716,16.002,1.38559,1.51596,8.25245
6.51274,-3.78291,27.796,-0.786493,15.9956,1.38853,1.51637,8.24797
6.51367,-3.77012,27.8477,-0.774989,15.9952,1.38818,1.5157,8.24797
6.51474,-3.76868,27.798,-0.778157,15.9892,1.39147,1.51677,8.24357
6.51577,-3.75473,27.7998,-0.770063,15.983,1.39435,1.51716,8.23915
6.51675,-3.74069,27.8006,-0.76192,15.9766,1.39729,1.51757,8.23472
6.51774,-3.72644,27.8022,-0.753605,15.9702,1.40022,1.51797,8.23018
6.51874,-3.71206,27.8038,-0.745178,15.9638,1.40316,1.51837,8.22573
6.51968,-3.69796,27.8052,-0.736987,15.9576,1.40604,1.51876,8.22125
6.52073,-3.68371,27.8565,-0.724307,15.9572,1.40568,1.51809,8.22125
6.52173,-3.66924,27.8578,-0.715802,15.951,1.40855,1.51848,8.21685
6.52281,-3.65482,27.859,-0.707364,15.9448,1.41141,1.51887,8.21234
6.52374,-3.64034,27.8591,-0.698904,15.9384,1.41435,1.51927,8.20781
6.52475,-3.62592,27.8592,-0.690512,15.9321,1.41728,1.51968,8.20317
6.52574,-3.61138,27.8591,-0.682007,15.9258,1.42022,1.52008,8.19861
6.52675,-3.59689,27.859,-0.673572,15.9195,1.42316,1.52049,8.19394
6.52783,-3.59824,27.808,-0.679079,15.9135,1.42648,1.52155,8.18936
6.52879,-3.58392,27.8079,-0.670795,15.9072,1.42942,1.52196,8.18466
6.52976,-3.56949,27.8077,-0.662395,15.9008,1.43237,1.52237,8.18005
6.53078,-3.55478,27.8084,-0.653774,15.8945,1.4353,1.52277,8.17533
6.53181,-3.53995,27.809,-0.645041,15.8881,1.43824,1.52318,8.17069
6.53276,-3.52516,27.8096,-0.636373,15.8818,1.44117,1.52359,8.16594
6.5338,-3.51026,27.8101,-0.627591,15.8755,1.4441,1.524,8.16127
6.53477,-3.49542,27.8105,-0.618883,15.8692,1.44702,1.52441,8.1565
6.53584,-3.48045,27.8108,-0.610062,15.863,1.44993,1.52482,8.1518
6.53672,-3.46555,27.8111,-0.601315,15.8567,1.45285,1.52523,8.147
6.53774,-3.45053,27.8112,-0.592455,15.8505,1.45575,1.52565,8.14228
6.53886,-3.43556,27.8113,-0.583669,15.8442,1.45865,1.52607,8.13745
6.53978,-3.43913,27.7612,-0.591009,15.8384,1.46193,1.52713,8.1327
6.54073,-3.42435,27.7612,-0.582385,15.8322,1.46483,1.52755,8.12784
6.54185,-3.40945,27.7611,-0.573648,15.826,1.46772,1.52797,8.12306
6.54278,-3.39423,27.762,-0.564652,15.8198,1.47059,1.52838,8.11817
6.54375,-3.37889,27.7627,-0.555547,15.8136,1.47347,1.5288,8.11336
6.54481,-3.36361,27.7633,-0.546511,15.8074,1.47633,1.52921,8.10845
6.5458,-3.34821,27.7639,-0.537367,15.8013,1.47918,1.52963,8.10361
6.54689,-3.33288,27.7643,-0.5283,15.7952,1.48202,1.53005,8.09867
6.54775,-3.31743,27.7647,-0.519124,15.7892,1.48486,1.53047,8.09381
6.5488,-3.30204,27.7649,-0.510027,15.7831,1.48769,1.53088,8.08884
6.54984,-3.28654,27.7651,-0.500821,15.7771,1.49051,1.5313,8.08395
6.55071,-3.27111,27.7651,-0.491693,15.7711,1.49333,1.53172,8.07895
6.55185,-3.27692,27.7158,-0.500895,15.7654,1.49653,1.53277,8.07404
6.55273,-3.26169,27.7157,-0.491938,15.7594,1.49934,1.53319,8.06901
6.55372,-3.24633,27.7156,-0.482873,15.7534,1.50213,1.53361,8.06406
6.55484,-3.23061,27.7164,-0.473507,15.7475,1.50492,1.53402,8.059
6.55575,-3.21477,27.717,-0.464038,15.7416,1.50769,1.53442,8.05402
6.55698,-3.199,27.7176,-0.454642,15.7357,1.51046,1.53483,8.04894
6.55777,-3.18311,27.718,-0.44514,15.7298,1.51321,1.53524,8.04394
6.55875,-3.16025,27.7669,-0.42549,15.7295,1.51281,1.53462,8.04394
6.55978,-3.15162,27.7186,-0.426391,15.7183,1.51864,1.53605,8.03389
6.56073,-3.13622,27.7177,-0.417347,15.7125,1.52138,1.53646,8.02874
6.56176,-3.12049,27.7178,-0.407984,15.7068,1.52405,1.53686,8.02378
6.56275,-3.10483,27.7177,-0.398699,15.7012,1.52671,1.53725,8.01869
6.56375,-3.11315,27.6691,-0.409967,15.6958,1.52978,1.53826,8.01368
6.56479,-3.09769,27.6689,-0.400856,15.6902,1.53244,1.53864,8.00854
6.56578,-3.07333,27.7174,-0.379994,15.6899,1.53203,1.53803,8.00854
6.56675,-3.06562,27.6702,-0.381663,15.679,1.53772,1.5394,7.99832
6.56773,-3.04974,27.6697,-0.372234,15.6733,1.54041,1.53979,7.99312
6.56872,-3.02464,27.718,-0.350761,15.6731,1.54,1.53918,7.99312
6.56971,-3.01754,27.6704,-0.352969,15.6623,1.54565,1.54054,7.98279
6.57072,-3.00171,27.6696,-0.34361,15.6567,1.54832,1.54092,7.97745
6.57174,-2.98552,27.6697,-0.333901,15.6512,1.55092,1.54129,7.97229
6.57275,-2.9594,27.7176,-0.311612,15.651,1.5505,1.54069,7.97229
6.57372,-2.95315,27.6695,-0.314546,15.6403,1.55611,1.54203,7.96183
6.57469,-2.93726,27.6683,-0.305157,15.6348,1.55875,1.54241,7.95641
6.57568,-2.91039,27.7161,-0.282254,15.6346,1.55832,1.54181,7.95641
6.57669,-2.93188,27.62,-0.308832,15.6243,1.56433,1.54374,7.94584
6.57773,-2.9161,27.6186,-0.29953,15.6188,1.56696,1.54412,7.94048
6.57875,-2.89954,27.619,-0.289563,15.6134,1.56951,1.54447,7.9351
6.57977,-2.87192,27.6665,-0.266049,15.6132,1.56908,1.54387,7.9351
6.58073,-2.86631,27.6195,-0.269524,15.6028,1.57461,1.54517,7.92441
6.58172,-2.84992,27.6187,-0.259723,15.5974,1.5772,1.54553,7.91898
6.58273,-2.82154,27.666,-0.235593,15.5972,1.57676,1.54493,7.91898
6.58373,-2.81659,27.6185,-0.239638,15.5869,1.58224,1.54622,7.90819
6.58471,-2.80026,27.6174,-0.22992,15.5816,1.5848,1.54658,7.90262
6.5857,-2.77112,27.6644,-0.205172,15.5815,1.58436,1.54599,7.90262
6.58677,-2.76684,27.6166,-0.209789,15.5713,1.5898,1.54726,7.89175
6.5878,-2.75038,27.6151,-0.199966,15.5661,1.59235,1.54762,7.88623
6.58869,-2.75038,27.6151,-0.199966,15.5661,1.59235,1.54762,7.88623
6.58973,-2.73367,27.6145,-0.189924,15.5609,1.59483,1.54796,7.8807
6.59074,-2.73026,27.5663,-0.195303,15.5508,1.60027,1.54922,7.86959
6.59168,-2.71341,27.5654,-0.185155,15.5456,1.60279,1.54956,7.86401
6.59271,-2.68276,27.6121,-0.15917,15.5455,1.60235,1.54898,7.86401
6.59374,-2.67909,27.5653,-0.164305,15.5356,1.60769,1.55021,7.85294
6.59478,-2.64793,27.6118,-0.137905,15.5354,1.60724,1.54963,7.85294
6.59617,-2.63089,27.6105,-0.127633,15.5303,1.60973,1.54997,7.84722
6.59676,-2.6134,27.6101,-0.116945,15.5253,1.61215,1.55029,7.8417
6.59776,-2.59636,27.6086,-0.10668,15.5203,1.61463,1.55062,7.83595
6.5991,-2.5792,27.6071,-0.0963101,15.5153,1.61709,1.55096,7.83029
6.60009,-2.56214,27.6054,-0.0860363,15.5103,1.61956,1.55129,7.82451
6.60071,-2.54498,27.6037,-0.0756638,15.5053,1.62202,1.55162,7.81883
6.6017,-2.56084,27.5559,-0.0932336,15.5005,1.62493,1.55253,7.81303
6.60271,-2.54419,27.5541,-0.0832681,15.4956,1.62733,1.55285,7.80742
6.60371,-2.52694,27.5532,-0.0728181,15.4908,1.62971,1.55316,7.80171
6.60518,-2.50959,27.5521,-0.0622763,15.4859,1.63209,1.55347,7.79606
6.60573,-2.49232,27.5509,-0.0518219,15.4811,1.63447,1.55378,7.79031
6.60674,-2.47496,27.5497,-0.0412734,15.4764,1.63684,1.55409,7.78463
6.60776,-2.45767,27.5483,-0.0308138,15.4716,1.6392,1.55439,7.77883
6.60877,-2.44028,27.5468,-0.0202603,15.4668,1.64156,1.5547,7.77311
6.60973,-2.42298,27.5453,-0.00979518,15.4621,1.64391,1.555,7.76728
6.61071,-2.44057,27.4983,-0.0287589,15.4575,1.64672,1.55586,7.76152
6.61174,-2.42322,27.4966,-0.0182852,15.4527,1.64911,1.55617,7.75553
6.61276,-2.40535,27.4957,-0.00733489,15.4481,1.65144,1.55646,7.74974
6.61372,-2.38757,27.4947,0.00352189,15.4434,1.65376,1.55675,7.74385
6.61474,-2.3697,27.4937,0.014468,15.4388,1.65607,1.55703,7.73803
6.61574,-2.35191,27.4925,0.0253192,15.4342,1.65838,1.55732,7.7321
6.6168,-2.33404,27.4911,0.0362582,15.4296,1.66067,1.5576,7.72626
6.61777,-2.31625,27.4897,0.0471028,15.425,1.66296,1.55788,7.7203
6.61878,-2.29809,27.4882,0.0582569,15.4204,1.66529,1.55817,7.7143
6.62,-2.2803,27.4866,0.0690916,15.4159,1.66757,1.55844,7.70831
6.62073,-2.26243,27.4848,0.080018,15.4114,1.66983,1.55872,7.70241
6.62188,-2.2822,27.4385,0.0592288,15.4071,1.67257,1.55955,7.69639
6.62285,-2.24464,27.483,0.0908514,15.407,1.67209,1.559,7.69639
6.62374,-2.24628,27.4356,0.0812002,15.3982,1.67707,1.56008,7.68439
6.62469,-2.22837,27.4335,0.0921177,15.3937,1.67936,1.56036,7.6783
6.62573,-2.19003,27.4778,0.124374,15.3936,1.67888,1.55981,7.6783
6.62677,-2.19169,27.4309,0.114704,15.3849,1.68381,1.56087,7.66623
6.62786,-2.17388,27.4285,0.125515,15.3805,1.68608,1.56114,7.66
6.62876,-2.13477,27.4725,0.158405,15.3804,1.68559,1.5606,7.66
6.62975,-2.13722,27.4252,0.148072,15.3719,1.69048,1.56165,7.64785
6.63068,-2.11934,27.4225,0.15895,15.3676,1.69273,1.56192,7.64167
6.63179,-2.07944,27.4663,0.192476,15.3675,1.69224,1.56138,7.64167
6.6327,-2.0609,27.4644,0.203913,15.3632,1.69442,1.56163,7.63551
6.63373,-2.04226,27.4623,0.215435,15.359,1.6966,1.56188,7.62943
6.63473,-2.0869,27.3699,0.169605,15.3505,1.70204,1.56346,7.61688
6.63569,-2.04624,27.4135,0.203765,15.3505,1.70154,1.56293,7.61688
6.63687,-2.02846,27.4103,0.21452,15.3463,1.70375,1.56318,7.61053
6.63772,-2.03214,27.363,0.203127,15.3379,1.7086,1.5642,7.59802
6.63867,-1.9907,27.4064,0.237925,15.3379,1.7081,1.56367,7.59802
6.63974,-1.97202,27.4038,0.249448,15.3337,1.71029,1.56392,7.59174
6.64082,-1.9765,27.3562,0.237384,15.3254,1.7151,1.56492,7.57917
6.64171,-1.93428,27.3992,0.272822,15.3254,1.7146,1.56439,7.57917
6.64273,-1.93928,27.3514,0.260314,15.3173,1.71938,1.56539,7.56654
6.64375,-1.92102,27.3484,0.271465,15.3132,1.72154,1.56563,7.56009
6.64477,-1.87801,27.3913,0.307543,15.3132,1.72103,1.56511,7.56009
6.64568,-1.92656,27.3012,0.258539,15.3052,1.72623,1.56661,7.5475
6.64673,-1.90848,27.298,0.269544,15.3012,1.72837,1.56684,7.5411
6.64768,-1.86496,27.3407,0.306047,15.3012,1.72786,1.56632,7.5411
6.64886,-1.86958,27.2948,0.293889,15.2933,1.73251,1.56726,7.52841
6.64995,-1.85076,27.2922,0.305497,15.2894,1.73462,1.56748,7.52187
6.65072,-1.8313,27.2903,0.317678,15.2855,1.73666,1.56769,7.51554
6.65176,-1.78674,27.3327,0.355037,15.2855,1.73614,1.56717,7.51554
6.65275,-1.79253,27.2862,0.341892,15.2779,1.74073,1.56809,7.50275
6.65372,-1.74744,27.3284,0.37968,15.2779,1.74021,1.56758,7.50275
6.65475,-1.72845,27.3253,0.391418,15.2741,1.74228,1.56779,7.49616
6.65575,-1.73572,27.2775,0.377011,15.2665,1.74688,1.56871,7.48314
6.65674,-1.68984,27.3195,0.415444,15.2665,1.74635,1.5682,7.48314
6.65781,-1.6708,27.316,0.427231,15.2627,1.74841,1.56841,7.47659
6.65874,-1.67891,27.268,0.412115,15.2552,1.75297,1.56931,7.46349
6.65973,-1.70691,27.2226,0.384483,15.2515,1.75553,1.57002,7.45679
6.66075,-1.66025,27.2643,0.423559,15.2515,1.75501,1.56951,7.45679
6.66203,-1.64089,27.2615,0.435628,15.2478,1.75699,1.5697,7.45031
6.66271,-1.6207,27.2594,0.448381,15.2442,1.75896,1.56988,7.44372
6.66395,-1.60107,27.2562,0.460652,15.2405,1.76098,1.57007,7.43708
6.66478,-1.60989,27.2084,0.444917,15.2332,1.76551,1.57095,7.42366
6.66574,-1.56192,27.2497,0.485071,15.2332,1.76498,1.57045,7.42366
6.66674,-1.54242,27.2463,0.497203,15.2296,1.76697,1.57063,7.41689
6.66779,-1.60001,27.1579,0.44068,15.2224,1.77195,1.57198,7.40353
6.66882,-1.55152,27.199,0.481264,15.2225,1.77142,1.57148,7.40353
6.66974,-1.53225,27.1954,0.493228,15.2189,1.77339,1.57166,7.39682
6.67072,-1.54056,27.1495,0.477954,15.2119,1.77779,1.57248,7.38338
6.67174,-1.49128,27.1904,0.519188,15.2119,1.77725,1.57199,7.38338
6.67273,-1.47118,27.1873,0.531818,15.2085,1.77919,1.57216,7.37653
6.67377,-1.48044,27.141,0.515757,15.2016,1.78354,1.57297,7.36303
6.67478,-1.43037,27.1816,0.557639,15.2017,1.783,1.57248,7.36303
6.67574,-1.41028,27.1782,0.570279,15.1983,1.78491,1.57264,7.35625
6.67665,-1.42049,27.1315,0.55342,15.1915,1.78922,1.57343,7.34267
6.67779,-1.36963,27.1718,0.595954,15.1916,1.78867,1.57294,7.34267
6.67889,-1.34971,27.1681,0.608424,15.1883,1.79057,1.5731,7.33575
6.67974,-1.41225,27.0808,0.547811,15.1815,1.79538,1.57436,7.32208
6.68071,-1.36086,27.121,0.590778,15.1816,1.79484,1.57387,7.32208
6.68173,-1.3412,27.1171,0.603053,15.1784,1.79671,1.57402,7.3152
6.68338,-1.31992,27.1147,0.61669,15.1752,1.79852,1.57415,7.30835
6.68429,-1.31992,27.1147,0.61669,15.1752,1.79852,1.57415,7.30835
6.68544,-1.27877,27.1078,0.642735,15.1687,1.80223,1.57442,7.29443
6.68648,-1.27877,27.1078,0.642735,15.1687,1.80223,1.57442,7.29443
6.68753,-1.26911,27.0569,0.638197,15.1589,1.80843,1.5753,7.273
6.68844,-1.26911,27.0569,0.638197,15.1589,1.80843,1.5753,7.273
6.68915,-1.16237,27.136,0.727397,15.1591,1.80732,1.57436,7.273
6.68969,-1.17404,27.0884,0.709232,15.1526,1.81162,1.5751,7.25863
6.69073,-1.15269,27.0852,0.722903,15.1496,1.81341,1.57522,7.25161
6.69186,-1.16741,27.0367,0.702263,15.1433,1.8176,1.57595,7.2375
6.69285,-1.11285,27.0759,0.747845,15.1434,1.81704,1.57548,7.2375
6.69377,-1.14704,27.0324,0.715097,15.1402,1.81942,1.57608,7.2304
6.69475,-1.16151,26.9855,0.694718,15.1342,1.82349,1.57677,7.21647
6.69574,-1.10642,27.0245,0.740736,15.1343,1.82293,1.57631,7.21647
6.69688,-1.08622,27.0199,0.753414,15.1313,1.82472,1.57643,7.2092
6.69779,-1.06443,27.0169,0.767485,15.1284,1.82643,1.57653,7.20231
6.69879,-1.04355,27.013,0.780751,15.1255,1.82818,1.57663,7.19515
6.69974,-1.02225,27.0088,0.794361,15.1226,1.82995,1.57674,7.18794
6.70073,-1.00143,27.0047,0.807572,15.1197,1.83168,1.57684,7.18076
6.70183,-0.98055,27.0004,0.820853,15.1169,1.83341,1.57694,7.17366
6.70281,-0.923605,27.0388,0.868404,15.117,1.83283,1.57649,7.17366
6.70374,-0.938992,26.9917,0.847223,15.1113,1.83683,1.57714,7.15931
6.70474,-0.918306,26.9871,0.86032,15.1085,1.83854,1.57723,7.15205
6.70572,-0.898353,26.9817,0.872789,15.1057,1.84029,1.57733,7.14473
6.70676,-0.935715,26.939,0.837418,15.1028,1.84256,1.57787,7.13744
6.70779,-0.915288,26.9343,0.850309,15.1,1.84425,1.57796,7.13022
6.70876,-0.894961,26.9295,0.8631,15.0973,1.84594,1.57805,7.12289
6.70987,-0.873404,26.9254,0.876933,15.0946,1.84761,1.57813,7.11563
6.71074,-0.8146,26.9631,0.926022,15.0948,1.84703,1.57768,7.11563
6.71173,-0.830487,26.9169,0.904417,15.0893,1.85095,1.57828,7.10098
6.71276,-0.809125,26.9125,0.918068,15.0866,1.85261,1.57835,7.09358
6.71386,-0.788534,26.9071,0.931063,15.084,1.8543,1.57843,7.08612
6.71479,-0.767242,26.9026,0.944656,15.0814,1.85594,1.5785,7.0787
6.71577,-0.745915,26.8979,0.958292,15.0788,1.85758,1.57857,7.07135
6.71677,-0.724699,26.8931,0.971818,15.0763,1.85921,1.57863,7.0639
6.71771,-0.70343,26.8882,0.985404,15.0737,1.86083,1.5787,7.05652
6.71877,-0.682288,26.8833,0.998866,15.0712,1.86245,1.57876,7.04903
6.71974,-0.722292,26.8413,0.961318,15.0685,1.86465,1.57926,7.04161
6.72078,-0.701486,26.8362,0.974499,15.0661,1.86626,1.57931,7.03408
6.72177,-0.680623,26.8311,0.987742,15.0636,1.86787,1.57937,7.02662
6.72274,-0.658655,26.8266,1.00189,15.0612,1.86945,1.57942,7.01905
6.72371,-0.636648,26.822,1.01609,15.0587,1.87104,1.57946,7.01157
6.7248,-0.614756,26.8173,1.03017,15.0564,1.87261,1.57951,7.00397
6.72575,-0.592823,26.8125,1.04431,15.054,1.87418,1.57955,6.99646
6.72677,-0.57103,26.8076,1.05831,15.0516,1.87574,1.57959,6.98884
6.72779,-0.549195,26.8026,1.07237,15.0493,1.8773,1.57963,6.98131
6.72875,-0.527498,26.7975,1.08629,15.047,1.87884,1.57966,6.97365
6.72976,-0.505755,26.7923,1.10026,15.0448,1.88038,1.5797,6.96608
6.73073,-0.484514,26.7872,1.11383,15.0426,1.88189,1.57973,6.95855
6.7317,-0.526985,26.7458,1.07423,15.0401,1.88402,1.58018,6.95094
6.7328,-0.506085,26.7406,1.08751,15.0379,1.88551,1.5802,6.94335
6.73374,-0.483839,26.7359,1.10193,15.0357,1.88698,1.58022,6.93584
6.73477,-0.461384,26.7311,1.11648,15.0336,1.88849,1.58024,6.92806
6.73575,-0.439249,26.7262,1.1308,15.0314,1.88996,1.58025,6.92051
6.73694,-0.417249,26.7213,1.145,15.0294,1.89142,1.58026,6.91285
6.73776,-0.39521,26.7162,1.15924,15.0273,1.89288,1.58027,6.90526
6.73875,-0.372935,26.7109,1.17363,15.0252,1.89435,1.58027,6.8974
6.73973,-0.306924,26.7462,1.22869,15.0255,1.89374,1.57987,6.8974
6.74073,-0.240644,26.7815,1.28397,15.0257,1.89312,1.57946,6.8974
6.74178,-0.306977,26.6948,1.21617,15.0192,1.89869,1.58027,6.87421
6.74269,-0.240162,26.7298,1.27189,15.0194,1.89807,1.57987,6.87421
6.74372,-0.332466,26.6471,1.18655,15.0149,1.90223,1.58068,6.85841
6.74473,-0.312077,26.6407,1.19936,15.0129,1.90369,1.58067,6.85042
6.74584,-0.244728,26.6755,1.25553,15.0132,1.90308,1.58027,6.85042
6.74675,-0.266592,26.6306,1.22899,15.0091,1.9065,1.58064,6.8348
6.74774,-0.198707,26.6653,1.2856,15.0094,1.90588,1.58025,6.8348
6.74883,-0.222276,26.6194,1.25761,15.0053,1.90932,1.58061,6.81897
6.74973,-0.199304,26.6139,1.2726,15.0034,1.91074,1.58058,6.811
6.75079,-0.130614,26.6483,1.32988,15.0037,1.91012,1.58019,6.811
6.75174,-0.154367,26.6029,1.30177,14.9998,1.91349,1.58053,6.79524
6.75275,-0.133017,26.5964,1.31538,14.998,1.9149,1.5805,6.78712
6.75366,-0.111229,26.5898,1.32935,14.9962,1.91632,1.58048,6.77893
6.75474,-0.0889623,26.584,1.34376,14.9944,1.91767,1.58045,6.77094
6.7557,-0.136682,26.5442,1.29983,14.9924,1.91966,1.5808,6.76304
6.75676,-0.0666512,26.5781,1.35823,14.9927,1.91903,1.58041,6.76304
6.75781,-0.0914192,26.5329,1.32927,14.989,1.92233,1.58072,6.74706
6.75871,-0.0678536,26.5274,1.34474,14.9873,1.92368,1.58067,6.73884
6.75973,0.00298268,26.561,1.40381,14.9876,1.92305,1.58029,6.73884
6.76075,-0.0215924,26.5162,1.37502,14.9841,1.92632,1.58057,6.7228
6.76171,0.0497812,26.5497,1.43454,14.9844,1.92569,1.58019,6.7228
6.76273,0.0234017,26.5039,1.40422,14.9809,1.92896,1.58046,6.70653
6.76372,0.0467408,26.4978,1.41951,14.9793,1.93028,1.5804,6.69834
6.76474,0.0706915,26.4918,1.43529,14.9778,1.93157,1.58034,6.69021
6.76576,0.0998011,26.4856,1.45514,14.9762,1.93282,1.58029,6.68217
6.76672,0.128842,26.4793,1.47493,14.9748,1.93413,1.58021,6.67405
6.76778,0.157984,26.473,1.49482,14.9733,1.93543,1.58014,6.66606
6.7688,0.23124,26.5057,1.55591,14.9736,1.93479,1.57977,6.66606
6.76965,0.187042,26.4665,1.51464,14.9718,1.93671,1.58007,6.65799
6.77069,0.170676,26.4199,1.49215,14.9686,1.93995,1.58028,6.64184
6.77178,0.200031,26.4132,1.51222,14.9671,1.94123,1.5802,6.63375
6.77296,0.274093,26.4457,1.57397,14.9675,1.94059,1.57984,6.63375
6.77411,0.260196,26.4011,1.55364,14.9643,1.94374,1.58003,6.61787
6.77484,0.290687,26.3947,1.57466,14.9629,1.94501,1.57993,6.60975
6.77583,0.365555,26.4269,1.63709,14.9633,1.94436,1.57957,6.60975
6.77674,0.350739,26.382,1.61602,14.9602,1.94747,1.57975,6.59397
6.77775,0.381263,26.3754,1.6371,14.9589,1.94871,1.57965,6.58598
6.77871,0.45694,26.4073,1.7002,14.9593,1.94806,1.57929,6.58598
6.77973,0.441202,26.3621,1.67839,14.9563,1.95114,1.57945,6.57024
6.78078,0.4703,26.3546,1.69826,14.955,1.95238,1.57935,6.56217
6.7818,0.4703,26.3546,1.69826,14.955,1.95238,1.57935,6.56217
6.78276,0.453434,26.3093,1.67551,14.9522,1.95541,1.57949,6.54642
6.7838,0.483612,26.3022,1.69632,14.9509,1.95661,1.57938,6.53842
6.78475,0.560633,26.3337,1.76054,14.9513,1.95596,1.57904,6.53842
6.78576,0.545454,26.2894,1.73924,14.9486,1.95894,1.57915,6.52266
6.78692,0.575478,26.2821,1.75991,14.9474,1.96014,1.57904,6.51457
6.78773,0.653307,26.3132,1.82481,14.9478,1.95948,1.57869,6.51457
6.78873,0.637183,26.2687,1.80272,14.9451,1.96242,1.5788,6.49879
6.78973,0.667219,26.2611,1.82342,14.944,1.96359,1.57868,6.49078
6.79068,0.697975,26.2542,1.84475,14.9429,1.9647,1.57855,6.48283
6.79171,0.776883,26.285,1.91055,14.9433,1.96404,1.57822,6.48283
6.79274,0.759509,26.2402,1.88743,14.9408,1.96693,1.5783,6.46699
6.7938,0.838955,26.2708,1.95368,14.9412,1.96627,1.57796,6.46699
6.79477,0.740409,26.1946,1.86284,14.9384,1.96983,1.57837,6.45094
6.79588,0.820125,26.2251,1.92932,14.9388,1.96917,1.57804,6.45094
6.79674,0.801754,26.1799,1.90535,14.9364,1.97203,1.5781,6.43483
6.79774,0.834003,26.173,1.92792,14.9354,1.97313,1.57796,6.42674
6.79871,0.914528,26.2032,1.99508,14.9358,1.97246,1.57763,6.42674
6.79973,0.897357,26.1592,1.97217,14.9335,1.97526,1.57767,6.41078
6.80076,0.928077,26.1514,1.99345,14.9326,1.97634,1.57752,6.40257
6.80173,0.959723,26.1442,2.01556,14.9317,1.97737,1.57737,6.39462
6.80275,1.04133,26.174,2.08361,14.9322,1.97669,1.57705,6.39462
6.80376,1.02282,26.1297,2.05959,14.9301,1.97942,1.57707,6.37857
6.80477,0.971256,26.0919,2.01225,14.9288,1.98115,1.57724,6.37031
6.80577,1.0534,26.1215,2.08076,14.9292,1.98047,1.57692,6.37031
6.80672,1.03504,26.0777,2.05688,14.9272,1.98313,1.57692,6.35417
6.80767,1.06671,26.07,2.07898,14.9264,1.98416,1.57675,6.34598
6.80876,1.14966,26.0993,2.14817,14.9269,1.98349,1.57643,6.34598
6.80988,1.18237,26.0921,2.17117,14.9261,1.98446,1.57627,6.33784
6.81072,1.21513,26.0849,2.19422,14.9254,1.98543,1.5761,6.32979
6.81179,1.19463,26.0398,2.1685,14.9236,1.98809,1.57606,6.31324
6.81266,1.14249,26.0026,2.12067,14.9224,1.98976,1.57619,6.30473
6.81369,1.17457,25.9952,2.14316,14.9218,1.99071,1.57602,6.29665
6.81477,1.25887,26.024,2.21347,14.9222,1.99002,1.57571,6.29665
6.8158,1.24131,25.9813,2.19032,14.9206,1.99254,1.57565,6.28037
6.81668,1.27366,25.9735,2.213,14.92,1.99348,1.57545,6.27201
6.81781,1.35877,26.002,2.28399,14.9204,1.9928,1.57515,6.27201
6.81902,1.34007,25.959,2.2599,14.9189,1.99526,1.57507,6.25568
6.81983,1.42572,25.9873,2.33134,14.9194,1.99457,1.57477,6.25568
6.82074,1.40537,25.9434,2.30583,14.9179,1.99703,1.57467,6.23913
6.82175,1.43895,25.9357,2.32958,14.9174,1.99791,1.57447,6.23081
6.82272,1.52541,25.9637,2.4017,14.9179,1.99722,1.57417,6.23081
6.82378,1.55859,25.956,2.42513,14.9175,1.99808,1.57397,6.22255
6.82467,1.45117,25.8845,2.32699,14.9157,2.00116,1.57414,6.20591
6.82568,1.53817,25.9123,2.39957,14.9161,2.00047,1.57384,6.20591
6.82674,1.57008,25.9037,2.42192,14.9158,2.00134,1.57363,6.19753
6.82773,1.54972,25.8605,2.39643,14.9145,2.00368,1.57348,6.18081
6.82866,1.58259,25.8523,2.41958,14.9142,2.0045,1.57326,6.1723
6.82974,1.67067,25.8797,2.49306,14.9147,2.00381,1.57297,6.1723
6.83076,1.65014,25.8369,2.46747,14.9136,2.00608,1.57281,6.15569
6.8317,1.68292,25.8284,2.49057,14.9133,2.00689,1.57258,6.14724
6.83273,1.7718,25.8555,2.56472,14.9138,2.00619,1.57229,6.14724
6.83385,1.75013,25.8126,2.53819,14.9129,2.00841,1.57211,6.13054
6.83476,1.83955,25.8395,2.6128,14.9134,2.00771,1.57183,6.13054
6.83575,1.81617,25.7957,2.5848,14.9124,2.00993,1.57163,6.11358
6.83679,1.85005,25.7873,2.60881,14.9123,2.01068,1.57139,6.10495
6.83771,1.85005,25.7873,2.60881,14.9123,2.01068,1.57139,6.10495
6.83874,1.88347,25.779,2.63248,14.9121,2.01142,1.57114,6.09657
6.83973,1.8598,25.7355,2.60425,14.9114,2.01358,1.57092,6.07948
6.8407,1.95057,25.7619,2.67999,14.9119,2.01287,1.57064,6.07948
6.84175,1.98425,25.7532,2.70384,14.9118,2.0136,1.57039,6.07078
6.84277,1.96095,25.7101,2.67594,14.9111,2.01572,1.57014,6.05361
6.84367,2.05252,25.7362,2.75236,14.9116,2.01501,1.56987,6.05361
6.84469,2.08614,25.7272,2.77618,14.9116,2.01571,1.56961,6.04497
6.84574,2.06169,25.6839,2.74732,14.911,2.01778,1.56934,6.02772
6.84676,2.15408,25.7097,2.82442,14.9115,2.01707,1.56908,6.02772
6.84785,2.12891,25.6663,2.79497,14.9111,2.01911,1.5688,6.01041
6.84871,2.16186,25.6571,2.81822,14.9111,2.01979,1.56853,6.00159
6.84969,2.16186,25.6571,2.81822,14.9111,2.01979,1.56853,6.00159
6.85071,2.13632,25.6143,2.78849,14.9107,2.02176,1.56823,5.98433
6.85226,2.1705,25.6054,2.8128,14.9108,2.0224,1.56795,5.97554
6.85338,2.26423,25.6307,2.89103,14.9113,2.02168,1.56769,5.97554
6.85429,2.24117,25.5886,2.86338,14.9111,2.02361,1.56737,5.95802
6.8553,2.27661,25.5799,2.88875,14.9112,2.02422,1.56707,5.94912
6.85575,2.37115,25.6049,2.96766,14.9118,2.0235,1.56682,5.94912
6.85677,2.3556,25.5618,2.94637,14.9116,2.02537,1.56648,5.93123
6.85778,2.45068,25.5865,3.02573,14.9121,2.02465,1.56624,5.93123
6.85871,2.43788,25.5443,3.00809,14.9121,2.02667,1.56586,5.91394
6.85968,2.5335,25.5688,3.08791,14.9126,2.02594,1.56561,5.91394
6.86073,2.57416,25.5595,3.11839,14.9129,2.02657,1.5653,5.90533
6.86171,2.46338,25.4928,3.01903,14.9123,2.02923,1.56516,5.88831
6.86268,2.55953,25.5172,3.0993,14.9129,2.0285,1.56492,5.88831
6.86375,2.59927,25.5078,3.12905,14.9131,2.02911,1.5646,5.87971
6.86478,2.64206,25.4995,3.16137,14.9134,2.02966,1.56429,5.8714
6.86588,2.68334,25.4904,3.19242,14.9138,2.03027,1.56396,5.86287
6.86701,2.72458,25.4813,3.22345,14.9141,2.03086,1.56364,5.85445
6.86775,2.76551,25.4721,3.25422,14.9145,2.03145,1.56331,5.84597
6.86877,2.80634,25.4629,3.28494,14.9149,2.03204,1.56298,5.8376
6.86988,2.84689,25.4535,3.31543,14.9153,2.03262,1.56265,5.82915
6.87107,2.88736,25.4441,3.34587,14.9157,2.0332,1.56231,5.8208
6.87176,2.92757,25.4347,3.37609,14.9161,2.03378,1.56198,5.81237
6.8729,2.96771,25.4251,3.40627,14.9165,2.03436,1.56164,5.80404
6.87377,3.0076,25.4155,3.43625,14.917,2.03493,1.5613,5.79561
6.87477,2.94807,25.3828,3.38321,14.9169,2.03624,1.56119,5.78727
6.87578,2.9874,25.3732,3.41272,14.9174,2.03681,1.56084,5.77884
6.87677,3.02668,25.3635,3.44222,14.9179,2.03738,1.5605,5.77049
6.87768,3.06777,25.3542,3.47321,14.9184,2.03792,1.56015,5.76204
6.87883,3.10877,25.3448,3.50414,14.919,2.03849,1.5598,5.75369
6.87973,3.20921,25.3675,3.58803,14.9195,2.03775,1.55958,5.75369
6.88072,3.19026,25.3259,3.5656,14.9201,2.03959,1.55909,5.73689
6.88185,3.23151,25.3161,3.59671,14.9207,2.04014,1.55872,5.72827
6.88282,3.27061,25.3058,3.62607,14.9214,2.04073,1.55835,5.71976
6.88388,3.31076,25.2961,3.65633,14.922,2.04126,1.55799,5.71131
6.88527,3.35088,25.2863,3.68656,14.9226,2.0418,1.55763,5.70295
6.88588,3.39084,25.2765,3.71663,14.9233,2.04234,1.55727,5.69448
6.88671,3.3285,25.2446,3.66123,14.9234,2.04362,1.55711,5.68609
6.88782,3.368,25.2346,3.69088,14.9241,2.04415,1.55674,5.67759
6.88878,3.40748,25.2247,3.72051,14.9248,2.04468,1.55636,5.66916
6.88971,3.44877,25.215,3.75162,14.9256,2.04518,1.55599,5.66062
6.89072,3.48998,25.2053,3.78267,14.9263,2.0457,1.55561,5.65216
6.89173,3.53094,25.1955,3.81349,14.9271,2.04621,1.55522,5.64361
6.8927,3.57179,25.1856,3.84422,14.928,2.04671,1.55484,5.63513
6.89376,3.61235,25.1757,3.87467,14.9288,2.0472,1.55445,5.62655
6.89475,3.65277,25.1656,3.90502,14.9296,2.04769,1.55406,5.61805
6.89569,3.69287,25.1555,3.93508,14.9305,2.04818,1.55367,5.60943
6.89688,3.73284,25.1453,3.96503,14.9314,2.04865,1.55328,5.60089
6.89784,3.77249,25.135,3.99469,14.9323,2.04913,1.55288,5.59222
6.89873,3.74563,25.0935,3.96529,14.9336,2.05081,1.55227,5.57491
6.89992,3.74563,25.0935,3.96529,14.9336,2.05081,1.55227,5.57491
6.90087,3.85115,25.1142,4.05347,14.9342,2.05005,1.55208,5.57491
6.90173,3.82416,25.0733,4.02395,14.9355,2.05169,1.55146,5.55764
6.90275,3.8645,25.0631,4.05416,14.9365,2.05212,1.55105,5.54892
6.90373,3.90309,25.0523,4.08287,14.9376,2.05259,1.55063,5.53992
6.90482,3.94292,25.042,4.11265,14.9387,2.053,1.55021,5.53116
6.90576,3.98234,25.0317,4.14206,14.9397,2.05342,1.54979,5.52228
6.90671,4.02158,25.0212,4.17134,14.9408,2.05383,1.54937,5.51347
6.90776,4.06045,25.0107,4.20029,14.942,2.05424,1.54894,5.50454
6.90875,4.09911,25.0001,4.22908,14.9431,2.05464,1.54851,5.49568
6.90985,4.1374,24.9895,4.25753,14.9443,2.05503,1.54808,5.48669
6.91083,4.1374,24.9895,4.25753,14.9443,2.05503,1.54808,5.48669
6.91175,4.10477,24.9484,4.22314,14.946,2.05656,1.54738,5.4687
6.91279,4.14203,24.9376,4.25074,14.9472,2.05693,1.54694,5.45969
6.91378,4.17963,24.9266,4.27857,14.9485,2.0573,1.54649,5.45038
6.91475,4.21849,24.9161,4.30749,14.9497,2.05765,1.54605,5.44131
6.91592,4.32773,24.9353,4.39883,14.9504,2.05688,1.54588,5.44131
6.91678,4.29523,24.8948,4.36452,14.9523,2.05834,1.54514,5.42302
6.9177,4.405,24.9138,4.4563,14.9529,2.05757,1.54498,5.42302
6.91878,4.36792,24.8731,4.41817,14.9549,2.059,1.54424,5.40478
6.91978,4.47822,24.8919,4.5104,14.9556,2.05823,1.54408,5.40478
6.92075,4.43948,24.8511,4.47086,14.9576,2.05962,1.54333,5.38634
6.92202,4.3654,24.8215,4.40531,14.9584,2.0607,1.54302,5.3769
6.92285,4.47623,24.84,4.498,14.959,2.05992,1.54287,5.3769
6.92374,4.51215,24.8292,4.52447,14.9605,2.06023,1.5424,5.36771
6.92471,4.54992,24.8186,4.55248,14.9619,2.06048,1.54194,5.35838
6.92575,4.58592,24.8073,4.57899,14.9634,2.06078,1.54146,5.34892
6.92672,4.54491,24.7666,4.53746,14.9657,2.0621,1.54065,5.32979
6.92768,4.65706,24.7846,4.63127,14.9664,2.06132,1.5405,5.32979
6.92877,4.69215,24.7731,4.65701,14.9679,2.06158,1.54002,5.32012
6.92975,4.65025,24.7329,4.61475,14.9704,2.06286,1.53919,5.30096
6.93076,4.76319,24.7505,4.70923,14.971,2.06208,1.53905,5.30096
6.93177,4.79759,24.7389,4.7344,14.9726,2.06232,1.53855,5.29126
6.93301,4.75332,24.6986,4.69015,14.9752,2.06356,1.5377,5.27185
6.93379,4.75332,24.6986,4.69015,14.9752,2.06356,1.5377,5.27185
6.93465,4.78659,24.6868,4.71434,14.9768,2.06379,1.5372,5.26193
6.93591,4.82132,24.6756,4.7398,14.9785,2.06398,1.53671,5.25226
6.93674,4.85631,24.664,4.76544,14.9802,2.06418,1.53619,5.24226
6.93773,4.81085,24.6238,4.72013,14.983,2.06537,1.53529,5.22226
6.93879,4.92564,24.6407,4.81619,14.9837,2.06458,1.53516,5.22226
6.93972,4.95996,24.629,4.84128,14.9854,2.06477,1.53463,5.21227
6.94097,4.99558,24.6177,4.86748,14.9872,2.06493,1.53412,5.20236
6.94174,5.02934,24.6058,4.89211,14.989,2.06512,1.53359,5.1923
6.94278,5.06279,24.5939,4.91647,14.9908,2.06528,1.53306,5.18212
6.94372,5.09605,24.5819,4.94068,14.9926,2.06544,1.53253,5.172
6.94477,5.12897,24.5698,4.96459,14.9945,2.06559,1.53199,5.16175
6.94575,5.16175,24.5577,4.9884,14.9964,2.06575,1.53145,5.15155
6.94674,5.07731,24.5294,4.91408,14.9976,2.06668,1.53103,5.14123
6.94777,5.10936,24.5173,4.93728,14.9995,2.06682,1.53048,5.13096
6.94881,5.1411,24.5051,4.9602,15.0014,2.06696,1.52993,5.12055
6.94975,5.17505,24.4932,4.98499,15.0034,2.06706,1.52938,5.1102
6.9509,5.20864,24.4811,5.00947,15.0054,2.06718,1.52882,5.09974
6.95173,5.24213,24.4691,5.03388,15.0074,2.0673,1.52826,5.08935
6.95293,5.27527,24.457,5.05798,15.0094,2.0674,1.52769,5.07884
6.95373,5.30825,24.4448,5.08197,15.0114,2.0675,1.52712,5.06841
6.9547,5.3409,24.4325,5.10567,15.0135,2.06759,1.52655,5.05785
6.95576,5.3734,24.4202,5.12927,15.0156,2.06767,1.52598,5.04736
6.95677,5.40557,24.4078,5.15257,15.0177,2.06775,1.52541,5.03674
6.95773,5.43761,24.3954,5.17579,15.0198,2.06782,1.52483,5.02619
6.95872,5.46934,24.3829,5.19872,15.0219,2.06788,1.52425,5.0155
6.95969,5.3809,24.3556,5.12105,15.0233,2.06875,1.52376,5.00489
6.96078,5.41193,24.3431,5.1434,15.0255,2.0688,1.52317,4.99414
6.96177,5.44284,24.3305,5.16567,15.0277,2.06885,1.52258,4.98345
6.96275,5.47586,24.3182,5.18969,15.0299,2.06886,1.52199,4.97263
6.96374,5.50872,24.3058,5.2136,15.0322,2.0689,1.52139,4.96189
6.96493,5.54129,24.2933,5.23726,15.0344,2.06893,1.52078,4.95104
6.96575,5.57373,24.2808,5.26081,15.0367,2.06895,1.52018,4.94027
6.96677,5.60583,24.2682,5.28409,15.039,2.06896,1.51957,4.92938
6.96779,5.63779,24.2556,5.30726,15.0413,2.06896,1.51895,4.91856
6.9687,5.66944,24.2429,5.33015,15.0436,2.06896,1.51834,4.90762
6.96972,5.70155,24.2299,5.35342,15.046,2.06895,1.51771,4.89654
6.97069,5.73274,24.2171,5.37594,15.0484,2.06894,1.51708,4.88556
6.97172,5.64092,24.1907,5.29543,15.0501,2.06973,1.51654,4.87465
6.97272,5.67143,24.1779,5.31739,15.0525,2.0697,1.51591,4.86362
6.9738,5.70184,24.165,5.33927,15.0549,2.06967,1.51528,4.85265
6.97476,5.73441,24.1523,5.36296,15.0573,2.06961,1.51464,4.84155
6.9758,5.76684,24.1396,5.38654,15.0598,2.06957,1.514,4.83053
6.97677,5.79899,24.1268,5.40989,15.0623,2.06951,1.51336,4.81941
6.97773,5.831,24.114,5.43313,15.0648,2.06945,1.51271,4.80836
6.97875,5.86269,24.1011,5.4561,15.0674,2.06938,1.51206,4.7972
6.97981,5.89425,24.0881,5.47897,15.0699,2.0693,1.5114,4.78611
6.98077,5.9255,24.0751,5.50157,15.0725,2.06922,1.51074,4.77491
6.98179,5.95662,24.062,5.52409,15.0751,2.06913,1.51008,4.76378
6.98278,5.98744,24.0488,5.54634,15.0777,2.06903,1.50942,4.75252
6.98376,6.01815,24.0356,5.56852,15.0803,2.06893,1.50875,4.74134
6.98478,5.92254,24.0102,5.48481,15.0823,2.06964,1.50815,4.73003
6.98576,5.9526,23.997,5.50644,15.0849,2.06953,1.50747,4.71878
6.98675,5.98237,23.9837,5.52783,15.0876,2.06941,1.50679,4.70741
6.98771,6.01457,23.9706,5.55125,15.0903,2.06926,1.50611,4.69611
6.98873,6.04644,23.9575,5.57441,15.0931,2.06913,1.50542,4.6847
6.98979,6.07823,23.9443,5.59751,15.0958,2.06899,1.50473,4.67337
6.99073,6.10971,23.931,5.62033,15.0986,2.06884,1.50404,4.66194
6.99173,6.14105,23.9177,5.64307,15.1014,2.06869,1.50334,4.65058
6.99274,6.17209,23.9044,5.66554,15.1042,2.06852,1.50264,4.63911
6.99375,6.20301,23.8909,5.68793,15.107,2.06835,1.50193,4.62772
6.99478,6.23362,23.8774,5.71006,15.1099,2.06818,1.50123,4.61621
6.99587,6.26413,23.8639,5.73211,15.1128,2.068,1.50052,4.60477
6.99677,6.16548,23.8393,5.64586,15.1149,2.06864,1.49985,4.59321
6.99792,6.19535,23.8258,5.66737,15.1178,2.06845,1.49913,4.58172
6.99876,6.22493,23.8122,5.68864,15.1207,2.06825,1.49841,4.5701
6.99976,6.25699,23.7988,5.71201,15.1237,2.06801,1.49768,4.55856
7.00075,6.28873,23.7853,5.73509,15.1267,2.06781,1.49695,4.54691
7.00175,6.32039,23.7717,5.75814,15.1297,2.06759,1.49621,4.53535
7.00277,6.35173,23.7581,5.78091,15.1327,2.06736,1.49548,4.52368
7.00376,6.38295,23.7444,5.80359,15.1357,2.06712,1.49473,4.5121
7.00489,6.41386,23.7307,5.826,15.1388,2.06688,1.49399,4.5004
7.00583,6.54478,23.7408,5.93581,15.1395,2.06605,1.49395,4.5004
7.00676,6.47515,23.7031,5.87041,15.1449,2.06638,1.49249,4.47705
7.00783,6.50553,23.6892,5.89242,15.148,2.06612,1.49173,4.46539
7.00875,6.4019,23.6651,5.80195,15.1505,2.06671,1.49098,4.45338
7.00973,6.43168,23.6512,5.82345,15.1536,2.06642,1.49022,4.44167
7.01088,6.46114,23.6373,5.84467,15.1568,2.06615,1.48946,4.42983
7.01177,6.49319,23.6235,5.86807,15.1599,2.06584,1.48869,4.41808
7.01275,6.52491,23.6097,5.8912,15.1631,2.06556,1.48791,4.40622
7.01392,6.55656,23.5958,5.91429,15.1664,2.06526,1.48713,4.39445
7.01484,6.58789,23.5818,5.9371,15.1696,2.06496,1.48635,4.38258
7.01575,6.61909,23.5678,5.95983,15.1729,2.06464,1.48556,4.37079
7.01674,6.64998,23.5537,5.98228,15.1762,2.06432,1.48477,4.35889
7.0177,6.68076,23.5396,6.00466,15.1795,2.064,1.48398,4.34707
7.01873,6.71123,23.5255,6.02677,15.1828,2.06367,1.48319,4.33514
7.01969,6.60679,23.5029,5.93572,15.1853,2.06418,1.48241,4.32352
7.02076,6.63663,23.4888,5.9573,15.1887,2.06383,1.48161,4.31153
7.02178,6.66848,23.475,5.98063,15.192,2.06346,1.48082,4.29984
7.02273,6.70057,23.4609,6.00411,15.1954,2.0631,1.48001,4.28781
7.02371,6.73197,23.447,6.02707,15.1988,2.06274,1.47921,4.2761
7.02474,6.76307,23.433,6.04977,15.2022,2.06237,1.47841,4.26428
7.02571,6.79405,23.419,6.07238,15.2056,2.06198,1.4776,4.25253
7.02674,6.82473,23.4049,6.09473,15.209,2.06159,1.47679,4.24065
7.02773,6.8553,23.3908,6.11701,15.2125,2.0612,1.47598,4.22883
7.02879,6.88558,23.3766,6.13903,15.2159,2.06079,1.47516,4.21689
7.02976,6.91576,23.3623,6.16098,15.2194,2.06038,1.47434,4.20502
7.03073,6.94566,23.348,6.18269,15.223,2.05996,1.47351,4.19302
7.03165,6.83844,23.3263,6.08929,15.2258,2.06039,1.47267,4.18107
7.0328,6.86827,23.3117,6.11092,15.2294,2.05994,1.47182,4.16877
7.03374,6.90019,23.2975,6.13434,15.233,2.05949,1.47098,4.15678
7.03469,6.93179,23.2832,6.15749,15.2366,2.05905,1.47014,4.14469
7.03644,7.06957,23.2902,6.27318,15.2374,2.0582,1.47015,4.14469
7.0375,6.85639,23.2476,6.08743,15.2431,2.05899,1.46842,4.12057
7.03831,7.13271,23.2612,6.31947,15.2447,2.05728,1.46845,4.12057
7.03934,7.16459,23.2464,6.34286,15.2484,2.0568,1.46757,4.10829
7.04032,7.08916,23.2098,6.2727,15.2553,2.05666,1.46578,4.08338
7.04132,7.1178,23.1945,6.29334,15.2592,2.05623,1.46485,4.07076
7.04173,7.25709,23.2008,6.41032,15.2599,2.05538,1.46487,4.07076
7.04271,7.28594,23.1853,6.43116,15.2638,2.05488,1.46397,4.05823
7.04373,7.31666,23.1703,6.4536,15.2676,2.05436,1.46308,4.04584
7.04469,7.09179,23.128,6.25799,15.2737,2.05511,1.46122,4.02111
7.04581,7.23184,23.1339,6.37563,15.2745,2.05426,1.46125,4.02111
7.04673,7.25913,23.1187,6.3952,15.2783,2.05375,1.46034,4.00874
7.04773,7.18019,23.0832,6.32221,15.2852,2.05358,1.45852,3.98407
7.04877,7.32098,23.0888,6.44049,15.286,2.05272,1.45855,3.98407
7.04974,7.2409,23.0534,6.36656,15.293,2.0525,1.4567,3.95934
7.05105,7.26975,23.0382,6.38745,15.297,2.05199,1.45578,3.94678
7.05175,7.4113,23.0434,6.50637,15.2977,2.05113,1.45581,3.94678
7.05276,7.33152,23.0084,6.43275,15.3048,2.05089,1.45396,3.92219
7.05371,7.35991,22.993,6.45327,15.3088,2.05035,1.45303,3.90967
7.05478,7.5022,22.9979,6.57284,15.3096,2.04949,1.45307,3.90967
7.05572,7.53282,22.9828,6.59527,15.3135,2.0489,1.45216,3.89727
7.05674,7.44827,22.9475,6.51761,15.3208,2.04865,1.45024,3.87225
7.05769,7.44827,22.9475,6.51761,15.3208,2.04865,1.45024,3.87225
7.05889,7.47592,22.9319,6.53754,15.3249,2.04806,1.4493,3.85962
7.05974,7.39221,22.8969,6.46059,15.3323,2.04772,1.44737,3.83444
7.0607,7.53575,22.9012,6.58123,15.3331,2.04685,1.44741,3.83444
7.06194,7.56563,22.8856,6.60303,15.3372,2.04625,1.44645,3.82165
7.06274,7.48293,22.8507,6.52695,15.3447,2.0459,1.44449,3.79641
7.06367,7.62721,22.8547,6.64823,15.3455,2.04504,1.44454,3.79641
7.06474,7.65663,22.839,6.66968,15.3497,2.04441,1.44357,3.7837
7.06575,7.57201,22.8042,6.592,15.3574,2.04402,1.44158,3.7584
7.06679,7.71703,22.8078,6.71392,15.3581,2.04315,1.44164,3.7584
7.06775,7.74578,22.7919,6.7348,15.3624,2.0425,1.44065,3.74555
7.06875,7.65931,22.7572,6.6556,15.3701,2.04208,1.43864,3.72014
7.06982,7.65931,22.7572,6.6556,15.3701,2.04208,1.43864,3.72014
7.07077,7.57148,22.7227,6.57525,15.3779,2.04161,1.43661,3.69465
7.0717,7.60179,22.7069,6.59748,15.3823,2.04094,1.4356,3.68179
7.0727,7.74805,22.7099,6.72046,15.383,2.04006,1.43567,3.68179
7.07373,7.66645,22.676,6.64541,15.3909,2.03957,1.43363,3.6565
7.07473,7.69607,22.6601,6.66707,15.3953,2.03889,1.43261,3.64355
7.07574,7.7279,22.6445,6.69063,15.3997,2.03817,1.43162,3.63094
7.07676,7.87514,22.6471,6.81446,15.4005,2.03729,1.43169,3.63094
7.07771,7.79077,22.6132,6.73711,15.4085,2.03676,1.42961,3.6056
7.07871,7.81948,22.5972,6.75803,15.413,2.03605,1.42857,3.59261
7.07974,7.96745,22.5994,6.88249,15.4138,2.03517,1.42865,3.59261
7.08069,7.73288,22.5635,6.67883,15.4211,2.03545,1.42647,3.56718
7.08169,7.76082,22.5474,6.69912,15.4257,2.03472,1.42542,3.55423
7.08271,7.90929,22.5494,6.824,15.4264,2.03385,1.4255,3.55423
7.08378,7.82668,22.5159,6.74817,15.4347,2.03318,1.42338,3.52871
7.08473,7.85685,22.4997,6.77035,15.4393,2.03243,1.42231,3.51565
7.08577,8.00605,22.5013,6.89586,15.4401,2.03155,1.4224,3.51565
7.08678,8.03868,22.4854,6.92017,15.4447,2.03076,1.42137,3.50294
7.08775,7.95084,22.4517,6.83994,15.4532,2.0301,1.41916,3.47715
7.08874,8.10076,22.4529,6.96608,15.4539,2.02922,1.41926,3.47715
7.08976,8.13025,22.4365,6.98772,15.4586,2.02841,1.41819,3.46406
7.09075,8.04038,22.4029,6.90581,15.4672,2.0277,1.41596,3.43818
7.09169,8.19104,22.4038,7.03257,15.468,2.02682,1.41605,3.43818
7.09273,8.22001,22.3872,7.0538,15.4727,2.026,1.41497,3.42513
7.09375,8.12827,22.3537,6.97033,15.4814,2.02526,1.41272,3.39915
7.09472,8.00496,22.3366,6.8634,15.4854,2.02531,1.41152,3.38595
7.0957,8.15635,22.3371,6.99081,15.4862,2.02442,1.41162,3.38595
7.09673,8.06808,22.3043,6.9103,15.4949,2.0236,1.40938,3.3601
7.09772,8.0984,22.2877,6.93269,15.4998,2.02278,1.40826,3.34695
7.09873,8.25051,22.2879,7.06071,15.5006,2.0219,1.40837,3.34695
7.09972,8.16319,22.2552,6.98103,15.5094,2.02106,1.40609,3.32108
7.10071,8.19274,22.2385,7.00278,15.5143,2.02021,1.40496,3.30783
7.10173,8.34558,22.2383,7.13142,15.5151,2.01932,1.40508,3.30783
7.10274,8.37768,22.2219,7.15538,15.5199,2.01842,1.40398,3.29492
7.10377,8.28511,22.1889,7.07128,15.529,2.01756,1.40163,3.26873
7.10474,8.43867,22.1884,7.20055,15.5298,2.01667,1.40175,3.26873
7.10578,8.46758,22.1715,7.22179,15.5348,2.01576,1.40062,3.25542
7.10672,8.37305,22.1387,7.13605,15.5439,2.01485,1.39824,3.22911
7.10769,8.37305,22.1387,7.13605,15.5439,2.01485,1.39824,3.22911
7.10873,8.40124,22.1217,7.15671,15.549,2.01393,1.3971,3.21584
7.10976,8.30775,22.0892,7.07185,15.5582,2.01296,1.3947,3.1894
7.11068,8.4625,22.0881,7.20216,15.559,2.01206,1.39482,3.1894
7.11173,8.49308,22.071,7.22482,15.5641,2.01113,1.39367,3.17599
7.11274,8.4007,22.0386,7.14093,15.5735,2.01015,1.39123,3.14953
7.11372,8.43051,22.0216,7.16298,15.5787,2.00919,1.39007,3.13621
7.11472,8.58622,22.02,7.29411,15.5794,2.00829,1.3902,3.13621
7.11575,8.49433,21.988,7.2107,15.5888,2.00726,1.38777,3.10998
7.11674,8.52335,21.9709,7.23208,15.5941,2.0063,1.38658,3.09654
7.11774,8.67977,21.969,7.36383,15.5948,2.0054,1.38672,3.09654
7.11886,8.71142,21.952,7.38749,15.5999,2.0044,1.38557,3.08344
7.11967,8.74275,21.935,7.41088,15.6051,2.00342,1.38441,3.07023
7.12087,8.6143,21.9199,7.29967,15.6096,2.00335,1.38307,3.05684
7.1217,8.51313,21.8877,7.20839,15.6194,2.00223,1.38053,3.02987
7.12278,8.67051,21.8853,7.34096,15.6202,2.00132,1.38068,3.02987
7.12382,8.70141,21.8679,7.36397,15.6255,2.00027,1.37948,3.01631
7.12473,8.60721,21.8362,7.27862,15.6353,1.99915,1.37693,2.98955
7.12571,8.76529,21.8334,7.4118,15.6361,1.99825,1.37708,2.98955
7.12674,8.7957,21.8159,7.43443,15.6415,1.9972,1.37587,2.97609
7.12776,8.69942,21.7843,7.34736,15.6514,1.99603,1.3733,2.94932
7.12886,8.8582,21.7811,7.48114,15.6522,1.99512,1.37345,2.94932
7.12977,8.88783,21.7636,7.50312,15.6576,1.99406,1.37223,2.93574
7.13077,8.78953,21.7321,7.41437,15.6676,1.99284,1.36963,2.90891
7.13174,8.94903,21.7286,7.54877,15.6684,1.99194,1.36979,2.90891
7.13286,8.9781,21.711,7.57031,15.6739,1.99085,1.36856,2.89538
7.13386,8.71793,21.6834,7.34516,15.6832,1.99051,1.36577,2.86844
7.13485,8.8779,21.6797,7.47997,15.684,1.98961,1.36594,2.86844
7.13583,8.90605,21.6621,7.50073,15.6895,1.9885,1.36469,2.85476
7.13675,8.81008,21.631,7.41398,15.6998,1.98719,1.36204,2.82773
7.13782,8.97075,21.6268,7.54939,15.7006,1.98628,1.36221,2.82773
7.13881,9.00157,21.6091,7.57243,15.7061,1.98515,1.36095,2.81413
7.13971,9.03463,21.5915,7.59739,15.7116,1.98401,1.35972,2.8007
7.14075,9.0649,21.5737,7.61998,15.7173,1.98291,1.35844,2.7871
7.14175,9.0949,21.5558,7.64234,15.7229,1.98176,1.35717,2.77339
7.1428,8.9922,21.5248,7.54993,15.7335,1.98037,1.35444,2.74604
7.14374,9.15426,21.5199,7.68654,15.7342,1.97945,1.35461,2.74604
7.14482,9.02138,21.5069,7.57162,15.7392,1.97921,1.35315,2.73238
7.14572,8.91917,21.4765,7.47967,15.7498,1.97781,1.35042,2.70522
7.14669,9.0817,21.4714,7.6167,15.7505,1.97689,1.3506,2.70522
7.14771,9.11346,21.4534,7.64057,15.7562,1.97567,1.34931,2.69142
7.14877,9.1477,21.4356,7.66658,15.7619,1.97448,1.34805,2.678
7.1497,9.17893,21.4175,7.69002,15.7677,1.97331,1.34673,2.66423
7.15082,9.21006,21.3995,7.7134,15.7735,1.9721,1.34543,2.65055
7.15173,9.10748,21.369,7.62116,15.7844,1.97059,1.34261,2.62307
7.15269,9.13753,21.3509,7.64363,15.7903,1.96936,1.34129,2.60927
7.15372,9.30167,21.345,7.78205,15.791,1.96845,1.34149,2.60927
7.1548,9.33451,21.3271,7.80692,15.7968,1.96721,1.3402,2.59584
7.15575,9.36699,21.3091,7.8315,15.8026,1.96599,1.3389,2.5823
7.15673,9.39667,21.2908,7.85369,15.8085,1.96477,1.33757,2.56858
7.15778,9.26098,21.2789,7.7364,15.8136,1.96443,1.33604,2.55474
7.15875,9.28996,21.2607,7.758,15.8196,1.96317,1.3347,2.54097
7.15977,9.31864,21.2425,7.77935,15.8255,1.9619,1.33336,2.52708
7.16076,9.2163,21.2125,7.68737,15.8368,1.96024,1.33046,2.49936
7.16175,9.38205,21.2058,7.82718,15.8375,1.95932,1.33067,2.49936
7.16273,9.41351,21.1873,7.85089,15.8435,1.95804,1.32931,2.48556
7.16383,9.44732,21.1692,7.87664,15.8495,1.95673,1.32799,2.47194
7.16499,9.47824,21.1507,7.89991,15.8555,1.95546,1.32662,2.45814
7.16578,9.50887,21.1322,7.92295,15.8616,1.95414,1.32526,2.44424
7.16678,9.53931,21.1137,7.94584,15.8677,1.95283,1.32389,2.43042
7.16789,9.56942,21.0952,7.96845,15.8738,1.9515,1.32252,2.41649
7.16888,9.59941,21.0766,7.99097,15.8799,1.95017,1.32114,2.40265
7.16969,9.46153,21.0658,7.87184,15.8853,1.94976,1.31955,2.38869
7.17076,9.49087,21.0473,7.89382,15.8914,1.94842,1.31816,2.37482
7.17189,9.5199,21.0288,7.91554,15.8976,1.94707,1.31677,2.36082
7.17286,9.55218,21.0101,7.94,15.9038,1.94567,1.31539,2.34691
7.17379,9.5841,20.9914,7.96417,15.91,1.94432,1.31399,2.33291
7.17476,9.61592,20.9727,7.98827,15.9162,1.94295,1.31259,2.319
7.17579,9.6474,20.954,8.01207,15.9225,1.94157,1.31119,2.30501
7.1771,9.67871,20.9352,8.03575,15.9287,1.94018,1.30978,2.29111
7.17808,9.70968,20.9165,8.05914,15.935,1.93878,1.30837,2.2771
7.17879,9.7405,20.8977,8.08242,15.9413,1.93738,1.30696,2.26319
7.17976,9.77099,20.8789,8.10542,15.9476,1.93597,1.30554,2.24917
7.18075,9.9408,20.8699,8.24874,15.9483,1.93504,1.30577,2.24917
7.18174,9.66133,20.8502,8.00741,15.9595,1.93407,1.30246,2.22119
7.18282,9.69101,20.8314,8.02975,15.9659,1.93264,1.30103,2.20722
7.18374,9.71758,20.8124,8.04942,15.9724,1.93121,1.29956,2.19286
7.18471,9.75028,20.7935,8.07431,15.9787,1.9297,1.29814,2.17885
7.18584,9.78255,20.7745,8.09884,15.9852,1.92827,1.29669,2.16475
7.18685,9.81479,20.7555,8.12336,15.9916,1.92681,1.29525,2.15076
7.18778,9.84666,20.7365,8.14756,15.9981,1.92535,1.2938,2.13668
7.18881,9.87836,20.7174,8.17165,16.0045,1.92388,1.29235,2.12269
7.18982,9.9097,20.6984,8.19542,16.011,1.92239,1.29089,2.10861
7.19074,9.94088,20.6793,8.21908,16.0175,1.92091,1.28943,2.09461
7.19172,9.97172,20.6602,8.24244,16.024,1.91941,1.28797,2.08051
7.19274,10.0024,20.6411,8.26569,16.0305,1.91791,1.2865,2.06649
7.19374,10.0328,20.6219,8.28866,16.0371,1.9164,1.28503,2.05237
7.19485,9.89028,20.6133,8.16569,16.0429,1.91582,1.2833,2.03832
7.19577,9.91996,20.5942,8.18809,16.0495,1.9143,1.28183,2.02416
7.19686,9.94951,20.5751,8.2104,16.0561,1.91277,1.28034,2.01008
7.19793,9.98219,20.5558,8.23534,16.0627,1.91119,1.27886,1.99588
7.19881,10.0147,20.5365,8.26015,16.0694,1.90965,1.27737,1.98178
7.19981,10.0469,20.5172,8.28471,16.076,1.9081,1.27588,1.9676
7.20076,10.0789,20.4978,8.30913,16.0827,1.90653,1.27438,1.95351
7.20182,10.1106,20.4785,8.33323,16.0894,1.90496,1.27288,1.93933
7.2028,10.142,20.4591,8.35721,16.0961,1.90338,1.27137,1.92523
7.20395,10.1732,20.4397,8.38089,16.1029,1.90179,1.26987,1.91104
7.20476,10.0295,20.4319,8.2569,16.1089,1.90114,1.26808,1.89693
7.2059,10.0599,20.4126,8.27997,16.1157,1.89954,1.26656,1.88271
7.20672,10.0901,20.3933,8.30294,16.1225,1.89793,1.26504,1.86857
7.20782,10.1235,20.3737,8.32856,16.1293,1.89628,1.26353,1.85432
7.20876,10.1568,20.3541,8.35403,16.1361,1.89466,1.262,1.84018
7.2098,10.1896,20.3346,8.37922,16.1429,1.89303,1.26046,1.82596
7.21073,10.2223,20.3149,8.40427,16.1498,1.89139,1.25893,1.81183
7.21176,10.2546,20.2953,8.42899,16.1567,1.88974,1.25739,1.79761
7.21276,10.2868,20.2757,8.45356,16.1636,1.88808,1.25584,1.78348
7.21373,10.3185,20.2561,8.47782,16.1705,1.88642,1.25429,1.76925
7.21476,10.3501,20.2364,8.50194,16.1774,1.88475,1.25274,1.75511
7.21573,10.3813,20.2167,8.52576,16.1843,1.88307,1.25119,1.74087
7.21681,10.4123,20.197,8.54945,16.1913,1.88138,1.24963,1.7267
7.21772,10.2657,20.1904,8.42304,16.1975,1.88064,1.24777,1.71242
7.21873,10.2961,20.1708,8.44614,16.2045,1.87894,1.24621,1.69822
7.21978,10.3261,20.1512,8.46894,16.2115,1.87723,1.24463,1.68391
7.22077,10.3595,20.1313,8.49463,16.2186,1.87547,1.24307,1.66967
7.22175,10.3924,20.1114,8.51999,16.2256,1.87376,1.24148,1.65534
7.22273,10.4253,20.0915,8.54525,16.2327,1.87202,1.2399,1.64112
7.22374,10.4578,20.0716,8.57018,16.2398,1.87028,1.23831,1.6268
7.22475,10.4901,20.0517,8.59496,16.2469,1.86853,1.23672,1.61258
7.22575,10.522,20.0317,8.61941,16.2539,1.86678,1.23472,1.59826
7.22675,10.5537,20.0116,8.64372,16.261,1.86502,1.23233,1.58402
7.22776,10.585,19.9917,8.66771,16.2682,1.86326,1.22991,1.56968
7.22872,10.6162,19.9717,8.69158,16.2754,1.86148,1.22748,1.55543
7.22975,10.647,19.9517,8.71513,16.2827,1.8597,1.22503,1.54105
7.23078,10.4979,19.9463,8.58657,16.2893,1.85888,1.22227,1.52677
7.23174,10.5279,19.9264,8.60952,16.2966,1.85708,1.2198,1.51235
7.23276,10.5579,19.9065,8.63239,16.304,1.85528,1.21732,1.49804
7.23377,10.5911,19.8863,8.65797,16.3113,1.85343,1.21484,1.48357
7.23475,10.6242,19.8661,8.68343,16.3187,1.85162,1.21233,1.46925
7.23578,10.6568,19.8459,8.70857,16.3262,1.8498,1.20982,1.4548
7.23678,10.6893,19.8257,8.73361,16.3336,1.84797,1.2073,1.44049
7.23779,10.7214,19.8055,8.75827,16.3411,1.84612,1.20477,1.42603
7.23872,10.7534,19.7853,8.78283,16.3486,1.84428,1.20223,1.41171
7.23977,10.7849,19.765,8.80701,16.3561,1.84242,1.19969,1.39724
7.24077,10.8162,19.7448,8.83111,16.3636,1.84056,1.19713,1.38291
7.24174,10.8472,19.7245,8.85485,16.3712,1.83869,1.19456,1.36842
7.24273,10.6959,19.7201,8.7245,16.3781,1.83778,1.19165,1.35406
7.24373,10.7263,19.7,8.74766,16.3857,1.83588,1.18907,1.3383
7.24485,10.7573,19.6798,8.77078,16.3934,1.83397,1.18648,1.3185
7.24582,10.7911,19.6594,8.79646,16.4011,1.8321,1.18387,1.29918
7.24676,10.8249,19.6389,8.82203,16.4088,1.83023,1.18124,1.27981
7.24774,10.8581,19.6184,8.84721,16.4165,1.82835,1.17861,1.26034
7.24879,10.8913,19.598,8.87226,16.4242,1.82645,1.17598,1.24082
7.24975,10.9238,19.5775,8.89686,16.432,1.82454,1.17334,1.2212
7.25076,10.9563,19.5571,8.92133,16.4397,1.82263,1.1707,1.20153
7.25177,10.9882,19.5366,8.94537,16.4475,1.8207,1.16805,1.18176
7.25275,11.02,19.5162,8.9693,16.4553,1.81877,1.16539,1.16194
7.25377,11.0513,19.4957,8.99281,16.4631,1.81682,1.16272,1.14202
7.25478,11.0824,19.4753,9.01622,16.4709,1.81487,1.16004,1.12206
7.2557,10.9285,19.4722,8.88305,16.4782,1.81388,1.15701,1.102
7.25676,10.9589,19.4519,8.90579,16.486,1.81191,1.15432,1.0819
7.25785,10.9888,19.4315,8.92813,16.4939,1.80993,1.15161,1.06171
7.25877,11.0222,19.4109,8.9535,16.5019,1.8079,1.14891,1.04207
7.25975,11.0551,19.3902,8.97844,16.5098,1.8059,1.14618,1.02234
7.26081,11.088,19.3695,9.00333,16.5178,1.80389,1.14345,1.00256
7.26181,11.1203,19.3489,9.02778,16.5258,1.80187,1.14072,0.982689
7.26288,11.1525,19.3282,9.05212,16.5338,1.79984,1.13798,0.962769
7.2638,11.1842,19.3076,9.07604,16.5418,1.7978,1.13523,0.942747
7.26477,11.2158,19.2869,9.09985,16.5498,1.79575,1.13247,0.922683
7.26577,11.247,19.2662,9.12332,16.5578,1.7937,1.12971,0.902533
7.26672,11.2777,19.2456,9.14647,16.5659,1.79164,1.12693,0.882299
7.26767,11.1216,19.2437,9.01144,16.5734,1.79054,1.12379,0.862027
7.26908,11.1516,19.2231,9.03392,16.5815,1.78847,1.121,0.841658
7.26979,11.1815,19.2026,9.05634,16.5896,1.78638,1.1182,0.821254
7.27077,11.2146,19.1817,9.08152,16.5978,1.78424,1.1154,0.801359
7.27174,11.2476,19.1608,9.10659,16.606,1.78214,1.11258,0.781423
7.27283,11.2802,19.1399,9.13129,16.6142,1.78003,1.10975,0.761394
7.27379,11.3126,19.119,9.15588,16.6224,1.7779,1.10692,0.741322
7.27472,11.3445,19.0981,9.18004,16.6306,1.77576,1.10409,0.721147
7.27576,11.3763,19.0773,9.20409,16.6389,1.77362,1.10124,0.70093
7.27677,11.4076,19.0564,9.22772,16.6471,1.77147,1.09839,0.680611
7.27776,11.4388,19.0355,9.25127,16.6554,1.76932,1.09553,0.660254
7.27875,11.4695,19.0146,9.2744,16.6637,1.76715,1.09267,0.639797
7.27973,11.311,19.0139,9.13745,16.6714,1.76596,1.08941,0.619304
7.28073,11.341,18.9931,9.15993,16.6798,1.76378,1.08652,0.598714
7.28179,11.3708,18.9723,9.18235,16.6881,1.76159,1.08363,0.578089
7.28277,11.4039,18.9512,9.20755,16.6965,1.75935,1.08073,0.557982
7.28375,11.4369,18.9301,9.23266,16.7049,1.75715,1.07782,0.537834
7.28475,11.4694,18.909,9.25738,16.7133,1.75493,1.0749,0.517593
7.28579,11.5018,18.8879,9.28201,16.7218,1.7527,1.07198,0.497311
7.28677,11.5337,18.8668,9.30619,16.7302,1.75047,1.06905,0.476924
7.28776,11.5654,18.8456,9.33028,16.7387,1.74822,1.06611,0.456497
7.28876,11.5967,18.8245,9.35394,16.7472,1.74597,1.06317,0.435968
7.28979,11.6279,18.8034,9.37751,16.7557,1.74372,1.06022,0.415401
7.29078,11.6585,18.7824,9.40066,16.7642,1.74145,1.05726,0.394735
7.29177,11.6891,18.7613,9.42374,16.7728,1.73918,1.05429,0.374032
7.29289,11.7192,18.7402,9.44641,16.7813,1.73689,1.05132,0.353232
7.2938,11.5576,18.7408,9.30682,16.7893,1.73559,1.04793,0.332399
7.29476,11.587,18.7198,9.32886,16.7979,1.73329,1.04494,0.311471
7.29573,11.6163,18.6988,9.35084,16.8066,1.73098,1.04194,0.290511
7.29672,11.6488,18.6774,9.37567,16.8152,1.72863,1.03893,0.270078
7.29773,11.6813,18.6561,9.40041,16.8239,1.72631,1.03591,0.249608
7.29877,11.7133,18.6347,9.42477,16.8326,1.72397,1.03288,0.229048
7.29973,11.7452,18.6134,9.44904,16.8413,1.72162,1.02985,0.208447
7.30074,11.7767,18.592,9.47287,16.85,1.71927,1.02681,0.187744
7.30175,11.8079,18.5707,9.49661,16.8588,1.71691,1.02377,0.167002
7.30272,11.8387,18.5493,9.51993,16.8675,1.71454,1.02071,0.14616
7.30377,11.8694,18.528,9.54317,16.8763,1.71216,1.01765,0.125282
7.30474,11.8997,18.5067,9.56599,16.8851,1.70977,1.01458,0.104305
7.3057,11.7361,18.5084,9.42472,16.8933,1.70837,1.01109,0.083295
7.30676,11.7656,18.4872,9.4469,16.9022,1.70597,1.008,0.0621888
7.30773,11.795,18.466,9.46903,16.911,1.70356,1.00491,0.0410509
7.30877,11.8277,18.4443,9.49403,16.9199,1.7011,1.00181,0.0204476
7.30975,11.8603,18.4227,9.51893,16.9288,1.69868,0.998696,-0.000193912
7.3108,11.8924,18.4011,9.54345,16.9377,1.69624,0.995579,-0.0209271
7.31175,11.9245,18.3795,9.56788,16.9466,1.69379,0.992458,-0.0417006
7.31271,11.956,18.3579,9.59186,16.9556,1.69133,0.989329,-0.0625772
7.31375,11.9874,18.3364,9.61574,16.9645,1.68887,0.986195,-0.0834928
7.31479,12.0183,18.3148,9.6392,16.9735,1.6864,0.983053,-0.104509
7.31579,12.0491,18.2932,9.66256,16.9825,1.68392,0.979904,-0.125563
7.31678,12.0794,18.2717,9.68551,16.9915,1.68143,0.976747,-0.146715
7.31781,12.1096,18.2501,9.70838,17.0005,1.67893,0.973583,-0.167901
7.31872,12.1394,18.2286,9.73084,17.0096,1.67643,0.97041,-0.189184
7.31968,11.9729,18.2317,9.5871,17.0181,1.67492,0.966785,-0.210498
7.32071,12.002,18.2102,9.60902,17.0272,1.6724,0.963594,-0.231893
7.32173,12.0307,18.1888,9.63064,17.0363,1.66987,0.960394,-0.253363
7.32273,12.0632,18.167,9.6555,17.0454,1.66729,0.957193,-0.274226
7.32371,12.0952,18.1451,9.67994,17.0546,1.66474,0.953975,-0.295189
7.32477,12.1272,18.1233,9.70435,17.0638,1.66218,0.950754,-0.316178
7.32585,12.1586,18.1014,9.72831,17.0729,1.65961,0.947527,-0.337271
7.32676,12.19,18.0796,9.75218,17.0821,1.65704,0.944295,-0.358401
7.32781,12.2208,18.0578,9.77562,17.0914,1.65445,0.941055,-0.379632
7.32887,12.2515,18.036,9.79896,17.1006,1.65186,0.937809,-0.4009
7.32977,12.2817,18.0142,9.82188,17.1098,1.64926,0.934554,-0.422267
7.33089,12.3118,17.9924,9.8447,17.1191,1.64666,0.93129,-0.443245
7.3318,12.3413,17.9707,9.86713,17.1284,1.64405,0.928018,-0.46401
7.33283,12.1724,17.975,9.72146,17.1372,1.64242,0.924276,-0.484238
7.33376,12.2012,17.9533,9.74329,17.1465,1.63978,0.920987,-0.504306
7.33491,12.2298,17.9317,9.76507,17.1559,1.63713,0.917689,-0.523893
7.33587,12.2619,17.9096,9.78984,17.1652,1.63442,0.91439,-0.543375
7.33681,12.2939,17.8874,9.81452,17.1746,1.63176,0.911074,-0.562391
7.33777,12.3255,17.8653,9.83884,17.184,1.62907,0.907753,-0.581319
7.33894,12.3568,17.8432,9.86307,17.1935,1.62638,0.904427,-0.599829
7.33976,12.3877,17.8212,9.88689,17.2029,1.62368,0.901093,-0.618295
7.34092,12.4185,17.7991,9.91063,17.2124,1.62098,0.897752,-0.636387
7.34174,12.4487,17.777,9.93397,17.2218,1.61826,0.894402,-0.654475
7.34281,12.4789,17.7549,9.95724,17.2313,1.61554,0.891045,-0.672225
7.34372,12.5085,17.7329,9.98012,17.2409,1.61281,0.887678,-0.690005
7.34475,12.5085,17.7329,9.98012,17.2409,1.61281,0.887678,-0.690005
7.34573,12.5381,17.7108,10.003,17.2504,1.61007,0.884302,-0.707476
7.34673,12.3956,17.6944,9.87776,17.2691,1.60558,0.877039,-0.742252
7.34772,12.4246,17.672,9.90011,17.2789,1.60276,0.873562,-0.759928
7.34877,12.4535,17.6497,9.92241,17.2887,1.59994,0.870075,-0.77732
7.34974,12.4855,17.6273,9.94728,17.2983,1.59714,0.866665,-0.794438
7.35076,12.5167,17.6053,9.97163,17.3078,1.59443,0.863315,-0.810925
7.35177,12.5481,17.5829,9.99608,17.3175,1.59163,0.859886,-0.827864
7.3527,12.5793,17.5606,10.0204,17.3272,1.58883,0.856447,-0.844545
7.35376,12.6101,17.5382,10.0444,17.3369,1.58602,0.853,-0.861339
7.35473,12.8121,17.5097,10.2155,17.3373,1.58501,0.853495,-0.861339
7.35572,12.6704,17.4939,10.0913,17.3562,1.58043,0.846153,-0.89426
7.35675,12.4982,17.5003,9.94325,17.3655,1.57861,0.842178,-0.910734
7.35773,12.5271,17.4786,9.96565,17.3751,1.57583,0.838764,-0.927017
7.35874,12.56,17.4562,9.99144,17.3848,1.57298,0.835351,-0.943111
7.35975,12.5923,17.4339,10.0168,17.3945,1.57018,0.831916,-0.959341
7.36069,12.6245,17.4116,10.0421,17.4042,1.56736,0.828472,-0.975365
7.36175,12.6562,17.3893,10.0669,17.4139,1.56452,0.825019,-0.991536
7.36272,12.6878,17.367,10.0916,17.4236,1.56167,0.821555,-1.00751
7.36372,12.7189,17.3447,10.1159,17.4334,1.55881,0.818081,-1.02365
7.36474,12.7499,17.3224,10.1402,17.4432,1.55594,0.814596,-1.03959
7.36579,12.9536,17.2927,10.3128,17.4436,1.55493,0.815108,-1.03959
7.3668,12.607,17.3078,10.015,17.4625,1.55119,0.80708,-1.07164
7.36786,12.6333,17.2857,10.0352,17.4726,1.54827,0.803476,-1.08807
7.36864,12.6671,17.263,10.0619,17.4824,1.54528,0.799965,-1.10402
7.36974,12.7004,17.2403,10.0881,17.4924,1.54238,0.796426,-1.1201
7.37072,12.7336,17.2177,10.1141,17.5024,1.53946,0.792883,-1.13598
7.37175,12.7662,17.195,10.1398,17.5123,1.53652,0.789333,-1.15201
7.37271,12.7986,17.1724,10.1653,17.5223,1.53358,0.785777,-1.16785
7.37373,12.8306,17.1498,10.1904,17.5323,1.53062,0.782211,-1.18386
7.3747,12.8624,17.1271,10.2153,17.5423,1.52766,0.778638,-1.19968
7.37569,13.0676,17.0963,10.3892,17.5427,1.52664,0.779164,-1.19968
7.37673,12.9255,17.0816,10.2648,17.5626,1.52165,0.771389,-1.23178
7.37773,12.9527,17.0591,10.2858,17.5729,1.51864,0.767706,-1.24807
7.37873,13.1584,17.0279,10.4602,17.5733,1.51762,0.768237,-1.24807
7.3797,13.0135,17.014,10.3333,17.5931,1.5126,0.760496,-1.27987
7.3807,12.8381,17.0225,10.1827,17.6031,1.51055,0.756262,-1.29601
7.38174,12.8675,17.0001,10.2056,17.6133,1.50754,0.752627,-1.312
7.3827,12.9009,16.9771,10.232,17.6234,1.50447,0.749,-1.32783
7.38425,12.9338,16.9542,10.2579,17.6337,1.50143,0.745353,-1.34381
7.38473,13.1404,16.9224,10.433,17.634,1.50041,0.745891,-1.34381
7.38573,12.9995,16.908,10.3095,17.6543,1.49526,0.737966,-1.37588
7.38671,13.028,16.8852,10.3318,17.6648,1.49219,0.734213,-1.39195
7.38772,13.0596,16.8624,10.3566,17.675,1.48908,0.730556,-1.40789
7.3887,13.2668,16.8301,10.5322,17.6754,1.48805,0.731101,-1.40789
7.3897,13.2984,16.8072,10.5571,17.6856,1.48498,0.727427,-1.42365
7.39135,13.1494,16.7941,10.4268,17.7061,1.4798,0.719416,-1.45569
7.39221,13.3571,16.7615,10.6028,17.7065,1.47878,0.719965,-1.45569
7.39271,13.2037,16.7484,10.4688,17.7274,1.47339,0.711764,-1.48845
7.39426,13.2342,16.7252,10.4926,17.738,1.47018,0.707975,-1.50477
7.39477,13.0559,16.7354,10.3395,17.748,1.4681,0.703701,-1.52057
7.39574,13.0857,16.7124,10.3628,17.7586,1.4649,0.699895,-1.53689
7.39704,13.119,16.6892,10.3891,17.769,1.46173,0.696174,-1.55269
7.39771,13.3275,16.656,10.5659,17.7694,1.4607,0.696731,-1.55269
7.3987,13.185,16.6425,10.4411,17.7901,1.45536,0.688619,-1.58475
7.39972,13.3938,16.609,10.6182,17.7905,1.45434,0.689179,-1.58475
7.40076,13.2455,16.5965,10.4885,17.8113,1.44896,0.681042,-1.61676
7.40174,13.2733,16.5736,10.5101,17.822,1.44576,0.677191,-1.63302
7.40274,13.4826,16.5398,10.6875,17.8223,1.44473,0.677757,-1.63302
7.40374,13.3355,16.5275,10.559,17.843,1.43933,0.669662,-1.66476
7.40471,13.1531,16.5388,10.4024,17.8534,1.43712,0.665219,-1.68087
7.40574,13.3627,16.5047,10.5801,17.8538,1.4361,0.665788,-1.68087
7.40675,13.2175,16.4924,10.4531,17.8746,1.43059,0.657649,-1.71269
7.40773,13.2475,16.4692,10.4766,17.8854,1.42733,0.65375,-1.72899
7.40873,13.4576,16.4347,10.6547,17.8857,1.42631,0.654323,-1.72899
7.40971,13.3141,16.4223,10.5292,17.9067,1.42079,0.646139,-1.76074
7.41075,13.3476,16.3985,10.5556,17.9175,1.41746,0.64224,-1.77683
7.41175,13.3798,16.3752,10.581,17.9282,1.41419,0.638417,-1.79275
7.41275,13.4119,16.3519,10.6063,17.9389,1.41091,0.634591,-1.80848
7.41375,13.4435,16.3287,10.6312,17.9496,1.40761,0.630758,-1.8244
7.41471,13.4749,16.3054,10.6559,17.9603,1.40431,0.626916,-1.84015
7.41576,13.5058,16.2822,10.6801,17.971,1.401,0.623065,-1.85608
7.41674,13.5058,16.2822,10.6801,17.971,1.401,0.623065,-1.85608
7.41777,13.5365,16.259,10.7043,17.9817,1.39767,0.619206,-1.87186
7.41876,13.3859,16.2479,10.5727,18.0033,1.39195,0.610789,-1.90394
7.41972,13.4159,16.2244,10.5963,18.0143,1.38853,0.60682,-1.92024
7.42082,13.6277,16.1887,10.7759,18.0146,1.38751,0.60741,-1.92024
7.4218,13.4825,16.1772,10.6489,18.0359,1.38178,0.599053,-1.95198
7.42277,13.6946,16.1412,10.8288,18.0362,1.38075,0.599646,-1.95198
7.42374,13.5442,16.1303,10.6974,18.0579,1.37495,0.591172,-1.98402
7.42474,13.5769,16.1064,10.7232,18.069,1.37149,0.587181,-2.0001
7.42563,13.6086,16.0829,10.7481,18.0799,1.3681,0.583268,-2.01603
7.42671,13.8213,16.0465,10.9285,18.0801,1.36707,0.583868,-2.01603
7.42774,13.671,16.0361,10.7973,18.1017,1.36127,0.575431,-2.04771
7.42875,13.4852,16.0496,10.6378,18.1126,1.35884,0.5708,-2.0638
7.42974,13.6982,16.0129,10.8184,18.1129,1.35781,0.571403,-2.0638
7.43088,13.5498,16.0025,10.6888,18.1345,1.35187,0.562931,-2.09559
7.43177,13.5799,15.9789,10.7124,18.1458,1.34839,0.55888,-2.11188
7.4327,13.7934,15.9418,10.8934,18.146,1.34736,0.559487,-2.11188
7.43372,13.6466,15.9313,10.7652,18.1678,1.34141,0.550974,-2.14361
7.43475,13.6759,15.9078,10.7881,18.1791,1.3379,0.546911,-2.15969
7.43568,13.8898,15.8704,10.9695,18.1793,1.33687,0.547523,-2.15969
7.43672,13.7406,15.8604,10.8391,18.2012,1.33087,0.538973,-2.1914
7.43772,13.7686,15.837,10.861,18.2125,1.32732,0.534891,-2.20767
7.43869,13.8002,15.8133,10.8859,18.2236,1.32376,0.53091,-2.22346
7.43971,14.0147,15.7755,11.0678,18.2238,1.32273,0.531528,-2.22346
7.4407,13.8622,15.7662,10.9347,18.2458,1.3167,0.522906,-2.25522
7.4417,13.6742,15.781,10.7733,18.257,1.31414,0.518171,-2.27154
7.44275,13.889,15.7429,10.9555,18.2572,1.31311,0.518793,-2.27154
7.44374,13.7383,15.7336,10.824,18.2794,1.30692,0.51014,-2.3034
7.44474,13.7684,15.7098,10.8476,18.2909,1.30332,0.506005,-2.31955
7.44572,13.8017,15.6858,10.8739,18.3021,1.29969,0.501979,-2.33555
7.44673,14.0171,15.6472,11.0566,18.3023,1.29866,0.502606,-2.33555
7.44772,13.868,15.6064,10.9262,18.324,1.29286,0.494476,-2.36734
7.44872,13.8979,15.5552,10.9495,18.3355,1.28923,0.490639,-2.38343
7.4497,14.1137,15.5163,11.1324,18.3357,1.2882,0.49127,-2.38343
7.45072,13.9635,15.4511,11.001,18.357,1.28253,0.483631,-2.41509
7.45171,13.992,15.3982,11.0231,18.3674,1.27941,0.480243,-2.43129
7.45269,14.2082,15.3589,11.2064,18.3676,1.27838,0.480879,-2.43129
7.45373,14.0554,15.2909,11.0727,18.387,1.27358,0.474038,-2.46286
7.45474,13.8664,15.276,10.9104,18.3964,1.27189,0.470385,-2.47886
7.45572,14.083,15.2365,11.094,18.3965,1.27086,0.471025,-2.47886
7.45672,13.9318,15.1663,10.9617,18.4143,1.26675,0.464872,-2.51041
7.45775,13.9623,15.1109,10.9855,18.4231,1.2644,0.462189,-2.52655
7.45865,13.9964,15.0577,11.0124,18.4321,1.26171,0.459412,-2.54219
7.45972,14.2135,15.0177,11.1964,18.4322,1.26068,0.460058,-2.54219
7.46077,14.0629,14.9507,11.0647,18.448,1.25759,0.454703,-2.57354
7.4618,14.0917,14.8978,11.087,18.4558,1.25564,0.452379,-2.5896
7.46272,14.3092,14.8575,11.2714,18.456,1.25461,0.453028,-2.5896
7.46381,14.3415,14.8056,11.2968,18.4634,1.25269,0.450838,-2.60517
7.46472,14.1832,14.7447,11.1585,18.4781,1.25011,0.445846,-2.63681
7.46576,14.4011,14.704,11.3432,18.4783,1.24907,0.4465,-2.63681
7.46671,14.2411,14.6464,11.2036,18.4925,1.24654,0.441653,-2.66851
7.46768,14.0494,14.6392,11.0389,18.4995,1.24589,0.438891,-2.68464
7.46881,14.2676,14.5983,11.2239,18.4996,1.24485,0.439548,-2.68464
7.46971,14.1132,14.545,11.089,18.5133,1.24244,0.434878,-2.71612
7.4708,14.1431,14.4983,11.1123,18.5203,1.2408,0.432817,-2.73208
7.4717,14.3617,14.457,11.2977,18.5204,1.23976,0.433478,-2.73208
7.47277,14.3949,14.411,11.3238,18.5272,1.23806,0.4315,-2.7479
7.47372,14.2375,14.3623,11.1863,18.5408,1.23577,0.426804,-2.77963
7.47477,14.4565,14.3207,11.372,18.5409,1.23474,0.42747,-2.77963
7.47573,14.485,14.2764,11.3942,18.5478,1.23303,0.425429,-2.79558
7.47672,14.3251,14.2314,11.2546,18.5614,1.23066,0.420701,-2.82736
7.47775,14.5445,14.1895,11.4406,18.5615,1.22962,0.421371,-2.82736
7.47879,14.5718,14.1468,11.4617,18.5684,1.22787,0.419297,-2.84352
7.47975,14.4094,14.1052,11.3201,18.5821,1.22539,0.414474,-2.8754
7.48078,14.6293,14.0629,11.5065,18.5822,1.22435,0.415148,-2.8754
7.48173,14.2456,14.0659,11.1773,18.5959,1.22275,0.409572,-2.90736
7.48274,14.2712,14.0258,11.197,18.603,1.22092,0.407377,-2.92344
7.48374,14.4913,13.9833,11.3836,18.6031,1.21989,0.408055,-2.92344
7.48474,14.3378,13.9455,11.2495,18.6171,1.21707,0.403071,-2.95516
7.48573,14.3667,13.9059,11.2719,18.6244,1.21514,0.400806,-2.97141
7.48674,14.5871,13.863,11.4589,18.6245,1.21411,0.401488,-2.97141
7.48774,14.6197,13.8238,11.4845,18.6316,1.21209,0.399274,-2.98715
7.48873,14.6517,13.7849,11.5097,18.6389,1.21009,0.397021,-3.00307
7.48971,14.4863,13.7517,11.3655,18.6538,1.20695,0.391611,-3.03536
7.49072,14.5135,13.7141,11.3866,18.6613,1.2048,0.389202,-3.05144
7.49173,14.7346,13.6707,11.574,18.6614,1.20376,0.389892,-3.05144
7.49284,14.7653,13.6333,11.5981,18.6689,1.20157,0.387519,-3.0674
7.4937,14.3792,13.6471,11.2668,18.6842,1.19922,0.381195,-3.09946
7.49471,14.6005,13.6034,11.4545,18.6842,1.19818,0.381888,-3.09946
7.49583,14.6265,13.5672,11.4746,18.6921,1.19585,0.37934,-3.11559
7.49674,14.4682,13.5381,11.3364,18.7079,1.19214,0.373518,-3.14773
7.49769,14.4974,13.5021,11.3592,18.716,1.18969,0.370871,-3.16403
7.49872,14.7192,13.458,11.5473,18.716,1.18866,0.371569,-3.16403
7.4997,14.5623,13.431,11.4103,18.7321,1.18475,0.365612,-3.19578
7.50076,14.5905,13.396,11.4323,18.7405,1.18223,0.362852,-3.21186
7.50175,14.8127,13.3515,11.6207,18.7405,1.18119,0.363555,-3.21186
7.50272,14.6532,13.3265,11.4816,18.757,1.17703,0.357385,-3.24358
7.50373,14.6801,13.2924,11.5024,18.7656,1.17437,0.354515,-3.25984
7.50474,14.9027,13.2476,11.6911,18.7656,1.17334,0.355221,-3.25984
7.50569,14.7107,13.2583,11.5264,18.7741,1.17165,0.351695,-3.27563
7.50672,14.5439,13.2362,11.3812,18.7915,1.16719,0.345134,-3.30772
7.50769,14.7668,13.1911,11.5701,18.7915,1.16615,0.345845,-3.30772
7.50882,14.7968,13.1571,11.5936,18.8003,1.16239,0.3429,-3.32406
7.50979,14.6357,13.1351,11.4539,18.8181,1.14837,0.336204,-3.35615
7.5107,14.859,13.0897,11.6431,18.8181,1.14733,0.336918,-3.35615
7.51177,14.8877,13.0566,11.6659,18.8272,1.13959,0.33383,-3.37225
7.51276,14.724,13.0367,11.524,18.8455,1.12486,0.326945,-3.40429
7.51368,14.7514,13.0045,11.5456,18.8547,1.11681,0.323791,-3.42056
7.51473,14.9751,12.9587,11.7353,18.8547,1.11577,0.324511,-3.42056
7.51572,14.813,12.9403,11.5948,18.873,1.1005,0.317569,-3.4523
7.5167,15.0369,12.8942,11.7846,18.873,1.09946,0.318292,-3.4523
7.51773,15.0636,12.8626,11.8056,18.8824,1.09113,0.315052,-3.46839
7.51874,14.8951,12.846,11.6597,18.9013,1.07526,0.307863,-3.50049
7.51975,14.6962,12.8615,11.4895,18.9109,1.06768,0.303824,-3.51682
7.52074,14.9205,12.8151,11.6797,18.9109,1.06665,0.304551,-3.51682
7.52172,14.7583,12.7992,11.5391,18.9299,1.05061,0.2973,-3.5487
7.52271,14.7872,12.7682,11.5621,18.9397,1.04205,0.2939,-3.56485
7.52374,15.0119,12.7215,11.7525,18.9397,1.04101,0.294632,-3.56485
7.52475,14.8516,12.7062,11.6136,18.9591,1.02475,0.287231,-3.59664
7.52573,14.8793,12.6758,11.6355,18.969,1.01592,0.283764,-3.61293
7.52672,15.1043,12.6288,11.8262,18.969,1.01489,0.2845,-3.61293
7.52775,14.9415,12.615,11.6852,18.9887,0.998118,0.276958,-3.64468
7.52872,15.1667,12.5678,11.8761,18.9886,0.997083,0.277696,-3.64468
7.52978,14.9983,12.5552,11.7303,19.0087,0.979933,0.26996,-3.67675
7.53071,15.0243,12.5257,11.7508,19.019,0.9707,0.266368,-3.69286
7.53166,15.0243,12.5257,11.7508,19.019,0.9707,0.266368,-3.69286
7.53277,15.0538,12.4961,11.7743,19.029,0.961441,0.262858,-3.70886
7.53382,14.8867,12.4846,11.6296,19.0496,0.944002,0.25491,-3.74101
7.53488,15.1126,12.4368,11.821,19.0496,0.942968,0.255655,-3.74101
7.53574,15.1418,12.4071,11.8443,19.06,0.933739,0.251979,-3.75714
7.53674,14.9768,12.3961,11.7014,19.0809,0.916147,0.243908,-3.78922
7.53772,15.203,12.3479,11.893,19.0809,0.915113,0.244657,-3.78922
7.53875,15.231,12.3188,11.9153,19.0914,0.905642,0.240928,-3.8055
7.53972,15.0636,12.3091,11.7703,19.1126,0.88756,0.232753,-3.83754
7.54071,15.2901,12.2606,11.9623,19.1125,0.886527,0.233506,-3.83754
7.54174,15.3174,12.2322,11.9839,19.1231,0.876761,0.229748,-3.85362
7.5427,15.1487,12.2258,11.8379,19.1438,0.857883,0.221237,-3.88569
7.54369,15.1487,12.2258,11.8379,19.1438,0.857883,0.221237,-3.88569
7.54479,15.175,12.1966,11.8581,19.1672,0.851713,0.212279,-3.90199
7.54577,15.009,12.1879,11.7131,19.2144,0.8403,0.19343,-3.93407
7.54709,15.236,12.1389,11.9055,19.2143,0.839267,0.19419,-3.93407
7.54778,15.2665,12.1102,11.9291,19.2381,0.832982,0.185064,-3.95014
7.54874,15.1071,12.102,11.7897,19.2856,0.821423,0.166146,-3.98206
7.54977,15.3345,12.0527,11.9824,19.2855,0.82039,0.166911,-3.98206
7.55083,15.1687,12.0467,11.8376,19.3345,0.808448,0.147354,-4.01383
7.55203,15.1968,12.0197,11.8593,19.3595,0.801836,0.137738,-4.02995
7.55276,15.4245,11.9701,12.0522,19.3594,0.800803,0.138507,-4.02995
7.55393,15.2601,11.9657,11.9086,19.4095,0.788563,0.118542,-4.06126
7.55469,15.2871,11.9395,11.9293,19.4351,0.781781,0.108672,-4.07736
7.55575,15.2871,11.9395,11.9293,19.4351,0.781781,0.108672,-4.07736
7.55705,15.12,11.937,11.7835,19.4864,0.769216,0.0882206,-4.10878
7.55778,15.1505,11.9106,11.8072,19.512,0.762415,0.078379,-4.12471
7.55888,15.3787,11.8604,12.0005,19.5119,0.761384,0.0791545,-4.12471
7.55981,15.218,11.8577,11.86,19.5631,0.748788,0.0588028,-4.15607
7.56077,15.4464,11.8073,12.0535,19.5629,0.747756,0.0595809,-4.15607
7.56173,15.4801,11.7807,12.08,19.5885,0.74094,0.0497901,-4.17211
7.56274,15.3124,11.78,11.9336,19.6412,0.727976,0.0288281,-4.20361
7.56372,15.5412,11.7293,12.1273,19.641,0.726945,0.0296101,-4.20361
7.56472,15.5699,11.7037,12.1495,19.6675,0.719921,0.0194344,-4.21975
7.56574,15.3995,11.7045,12.0008,19.7213,0.706666,-0.00196953,-4.25122
7.56682,15.6285,11.6535,12.1948,19.7212,0.705635,-0.00118376,-4.25122
7.56776,15.6553,11.6289,12.2153,19.7485,0.698385,-0.0116876,-4.26722
7.56875,15.6553,11.6289,12.2153,19.7485,0.698385,-0.0116876,-4.26722
7.56971,15.2797,11.6584,11.8905,19.8312,0.678559,-0.0449205,-4.31496
7.57071,15.509,11.607,12.0847,19.831,0.677528,-0.0441302,-4.31496
7.57176,15.5349,11.5828,12.1044,19.8587,0.67017,-0.0547774,-4.33133
7.57277,15.3681,11.5853,11.9587,19.9137,0.65656,-0.0765474,-4.36291
7.57382,15.5977,11.5336,12.1532,19.9135,0.65553,-0.0757534,-4.36291
7.57474,15.6268,11.5094,12.1756,19.9413,0.648109,-0.0864221,-4.37874
7.5757,15.6592,11.485,12.2009,19.9689,0.640716,-0.0969852,-4.39442
7.57673,15.4851,11.4897,12.049,20.0256,0.626673,-0.119456,-4.42623
7.57779,15.7151,11.4376,12.2438,20.0254,0.625644,-0.118657,-4.42623
7.57875,15.7426,11.4142,12.2649,20.0539,0.618047,-0.129584,-4.44206
7.5797,15.57,11.4197,12.1143,20.1112,0.603822,-0.152247,-4.47359
7.58074,15.8003,11.3673,12.3093,20.111,0.602793,-0.151444,-4.47359
7.58171,15.5962,11.3968,12.1342,20.1402,0.596095,-0.16335,-4.48961
7.58281,15.4213,11.4037,11.9816,20.1984,0.581618,-0.186357,-4.52121
7.58373,15.6517,11.351,12.1768,20.1982,0.58059,-0.185551,-4.52121
7.58473,15.6818,11.3277,12.2,20.227,0.572893,-0.196565,-4.5371
7.58574,15.5136,11.3339,12.0531,20.2847,0.55847,-0.219324,-4.56867
7.5867,15.7444,11.2809,12.2485,20.2845,0.557443,-0.218514,-4.56867
7.58772,15.773,11.2579,12.2705,20.3137,0.549615,-0.229651,-4.58466
7.58874,15.6021,11.2652,12.1213,20.3723,0.534926,-0.252695,-4.61615
7.58967,15.8332,11.212,12.3169,20.3721,0.533898,-0.251881,-4.61615
7.59078,15.8608,11.1896,12.3381,20.4017,0.525917,-0.263059,-4.63195
7.59173,15.6874,11.1985,12.1869,20.4586,0.510199,-0.285445,-4.66343
7.59296,15.9187,11.1449,12.3827,20.4584,0.509172,-0.284628,-4.66343
7.59381,15.7142,11.1762,12.2073,20.4869,0.501781,-0.296216,-4.67974
7.59471,15.7441,11.1538,12.2306,20.5136,0.492912,-0.306311,-4.69523
7.59583,15.9756,11.1001,12.4266,20.5134,0.491886,-0.305492,-4.69523
7.59676,15.7993,11.1096,12.273,20.5669,0.47489,-0.326461,-4.72704
7.59772,15.8284,11.0872,12.2956,20.593,0.465782,-0.336275,-4.74303
7.59878,15.8533,11.0654,12.3145,20.6192,0.456448,-0.346159,-4.75915
7.59978,15.8817,11.0431,12.3366,20.6444,0.446992,-0.355624,-4.77514
7.60072,15.9099,11.0209,12.3584,20.6693,0.43738,-0.364951,-4.79093
7.6018,15.9376,10.9988,12.3797,20.6938,0.427603,-0.374123,-4.8069
7.60277,15.965,10.9767,12.401,20.718,0.417675,-0.383149,-4.82269
7.60371,15.9919,10.9548,12.4218,20.7419,0.407594,-0.392036,-4.83866
7.6048,16.0187,10.9329,12.4424,20.7654,0.397373,-0.40079,-4.85445
7.60577,16.0449,10.9111,12.4626,20.7887,0.38701,-0.409417,-4.87044
7.60669,15.6314,10.9774,12.1087,20.8348,0.367938,-0.427978,-4.90227
7.6079,15.8639,10.9225,12.3055,20.8345,0.366915,-0.427143,-4.90227
7.60884,15.8891,10.9009,12.325,20.8569,0.356168,-0.435419,-4.91811
7.60988,15.9227,10.8778,12.3515,20.8786,0.345737,-0.443358,-4.93383
7.61134,16.1554,10.8226,12.5484,20.8783,0.344714,-0.442521,-4.93383
7.61242,15.9807,10.8329,12.3967,20.9222,0.324345,-0.459365,-4.96562
7.61325,15.9807,10.8329,12.3967,20.9222,0.324345,-0.459365,-4.96562
7.61447,16.0336,10.7884,12.4376,20.9657,0.302641,-0.475327,-4.99797
7.61597,16.0336,10.7884,12.4376,20.9657,0.302641,-0.475327,-4.99797
7.6169,16.0857,10.7437,12.4777,21.0087,0.28073,-0.491059,-5.03063
7.61774,15.8795,10.7773,12.3013,21.0295,0.270416,-0.499375,-5.04635
7.6185,16.346,10.6657,12.6961,21.0289,0.268372,-0.497685,-5.04635
7.6194,15.9327,10.7329,12.3426,21.0704,0.247684,-0.514231,-5.07828
7.62044,16.1661,10.677,12.5401,21.0701,0.246663,-0.513384,-5.07828
7.62119,16.1661,10.677,12.5401,21.0701,0.246663,-0.513384,-5.07828
7.62182,16.2181,10.6326,12.5803,21.1103,0.223536,-0.527937,-5.11017
7.62272,16.0399,10.6437,12.4258,21.15,0.201412,-0.543019,-5.14207
7.62368,16.0643,10.6219,12.4446,21.1693,0.189394,-0.549968,-5.15795
7.62536,16.0927,10.5996,12.4668,21.1881,0.177408,-0.556676,-5.17334
7.62636,16.1205,10.5773,12.4886,21.2067,0.165347,-0.563348,-5.18892
7.62719,16.1205,10.5773,12.4886,21.2067,0.165347,-0.563348,-5.18892
7.62832,15.9425,10.5888,12.3343,21.2448,0.142502,-0.577695,-5.22055
7.62923,15.97,10.5663,12.3557,21.2635,0.130454,-0.584367,-5.23627
7.63026,16.2041,10.5094,12.5538,21.2632,0.129436,-0.583508,-5.23627
7.63119,16.0289,10.5199,12.4019,21.3009,0.106723,-0.597683,-5.26817
7.63212,16.0598,10.4965,12.4261,21.3192,0.0947938,-0.604192,-5.28401
7.63338,16.0863,10.4737,12.4467,21.3378,0.0826668,-0.610823,-5.29994
7.63434,16.1164,10.4504,12.4703,21.3559,0.0705643,-0.617216,-5.31573
7.63521,16.1462,10.4272,12.4936,21.3739,0.0583888,-0.623583,-5.3313
7.63576,16.3807,10.3697,12.692,21.3736,0.0573714,-0.622718,-5.3313
7.63754,15.9698,10.4384,12.3408,21.41,0.034815,-0.637051,-5.36257
7.63857,16.4391,10.3232,12.7377,21.4093,0.0327815,-0.635317,-5.36257
7.6394,16.0176,10.3941,12.3776,21.4457,0.00943521,-0.649685,-5.39417
7.64021,16.2524,10.3363,12.5761,21.4454,0.00841903,-0.648816,-5.39417
7.6414,16.0732,10.3479,12.4209,21.4812,-0.0154887,-0.662157,-5.42578
7.64231,16.3081,10.2899,12.6196,21.4808,-0.0165043,-0.661286,-5.42578
7.64321,15.8974,10.3588,12.2685,21.5166,-0.0392943,-0.67533,-5.45734
7.64433,16.1634,10.2769,12.4916,21.5335,-0.0527698,-0.680473,-5.47302
7.64529,16.3986,10.2187,12.6904,21.5331,-0.0537847,-0.679598,-5.47302
7.6463,16.4253,10.1955,12.7112,21.5507,-0.0664374,-0.685757,-5.48879
7.64734,16.4603,10.1706,12.7389,21.5677,-0.0786713,-0.691681,-5.50443
7.64821,16.4901,10.147,12.7623,21.5848,-0.091349,-0.697628,-5.51981
7.64932,16.3051,10.1597,12.6021,21.6198,-0.116181,-0.710306,-5.55138
7.65041,16.3295,10.137,12.6209,21.637,-0.129219,-0.716055,-5.56727
7.65111,16.3295,10.137,12.6209,21.637,-0.129219,-0.716055,-5.56727
7.65253,16.5893,10.0554,12.8386,21.6538,-0.143334,-0.72089,-5.583
7.6538,16.5893,10.0554,12.8386,21.6538,-0.143334,-0.72089,-5.583
7.65488,16.4371,10.044,12.7043,21.7046,-0.181375,-0.737961,-5.62993
7.65581,16.4371,10.044,12.7043,21.7046,-0.181375,-0.737961,-5.62993
7.65683,16.4831,9.99843,12.7394,21.7388,-0.207945,-0.74863,-5.66187
7.65773,16.4831,9.99843,12.7394,21.7388,-0.207945,-0.74863,-5.66187
7.65865,16.5359,9.95184,12.7802,21.772,-0.234502,-0.758732,-5.69323
7.65955,16.5359,9.95184,12.7802,21.772,-0.234502,-0.758732,-5.69323
7.6605,16.1153,10.0246,12.421,21.8058,-0.259292,-0.770342,-5.72458
7.66129,16.5875,9.90542,12.8201,21.805,-0.261312,-0.768559,-5.72458
7.66209,16.4016,9.91896,12.6592,21.8382,-0.287367,-0.779028,-5.75594
7.6627,16.4355,9.89402,12.6859,21.8543,-0.300342,-0.783631,-5.77141
7.66389,16.6718,9.83417,12.8856,21.8539,-0.301351,-0.782736,-5.77141
7.66467,16.4912,9.84749,12.7294,21.8859,-0.327738,-0.792584,-5.80173
7.6657,16.4912,9.84749,12.7294,21.8859,-0.327738,-0.792584,-5.80173
7.66672,16.5143,9.82495,12.747,21.902,-0.341681,-0.797092,-5.81728
7.66772,16.3319,9.83849,12.5891,21.9342,-0.368182,-0.806727,-5.84807
7.66887,16.3588,9.81506,12.6099,21.9502,-0.381902,-0.81109,-5.86357
7.66975,16.5954,9.75471,12.8099,21.9498,-0.38291,-0.810189,-5.86357
7.6707,16.6261,9.7306,12.8339,21.9654,-0.396537,-0.814397,-5.87886
7.67172,16.4453,9.74383,12.6774,21.9974,-0.423119,-0.823748,-5.9096
7.67279,16.6821,9.68322,12.8774,21.997,-0.424126,-0.822845,-5.9096
7.67374,16.7076,9.65994,12.897,22.0129,-0.437643,-0.827098,-5.92508
7.67476,16.7368,9.63616,12.9197,22.0285,-0.450882,-0.831202,-5.94036
7.67577,16.9738,9.57537,13.1199,22.0281,-0.451889,-0.830296,-5.94036
7.67671,16.9985,9.55221,13.1387,22.044,-0.465136,-0.834467,-5.95585
7.67781,16.7852,9.5905,12.9565,22.06,-0.476944,-0.839411,-5.97115
7.67881,17.0223,9.52954,13.1568,22.0595,-0.47795,-0.838502,-5.97115
7.67982,17.2594,9.46856,13.3571,22.0591,-0.478956,-0.837594,-5.97115
7.68077,17.2788,9.44643,13.3715,22.0749,-0.491796,-0.841696,-5.98671
7.68175,17.5161,9.38535,13.5718,22.0745,-0.492803,-0.840786,-5.98671
7.68276,17.5348,9.3636,13.5856,22.09,-0.505204,-0.844767,-6.00211
7.68381,17.5487,9.34293,13.5952,22.1055,-0.517361,-0.848745,-6.01751
7.68471,17.558,9.32292,13.6009,22.1214,-0.529604,-0.852791,-6.03343
7.68572,17.7955,9.26158,13.8015,22.121,-0.53061,-0.851878,-6.03343
7.68687,17.8049,9.24145,13.8073,22.1369,-0.542715,-0.855896,-6.04939
7.68772,17.5812,9.26411,13.6138,22.1691,-0.56511,-0.864749,-6.08149
7.68875,17.586,9.24499,13.6155,22.1852,-0.576735,-0.868736,-6.09796
7.68975,17.8236,9.18332,13.8162,22.1847,-0.57774,-0.867819,-6.09796
7.69073,17.5956,9.22503,13.6213,22.201,-0.588018,-0.872609,-6.11415
7.69174,17.6051,9.20499,13.627,22.2169,-0.59911,-0.876486,-6.13052
7.69273,17.8429,9.14316,13.8277,22.2164,-0.600114,-0.875568,-6.13052
7.69373,17.8526,9.12298,13.8336,22.2324,-0.611087,-0.879433,-6.14689
7.69475,17.8623,9.10273,13.8393,22.2483,-0.621948,-0.883288,-6.16344
7.69571,17.8674,9.08357,13.8412,22.2644,-0.632643,-0.887161,-6.17997
7.69678,18.1054,9.02148,14.0421,22.2639,-0.633647,-0.886239,-6.17997
7.69777,18.1105,9.00214,14.0439,22.28,-0.644301,-0.890086,-6.1967
7.69875,18.1159,8.98272,14.046,22.2961,-0.654845,-0.893932,-6.21345
7.69975,18.1167,8.96397,14.044,22.3126,-0.665457,-0.897879,-6.23071
7.70116,18.1177,8.94512,14.0423,22.3292,-0.676026,-0.901811,-6.24799
7.7017,18.1188,8.92619,14.0406,22.3458,-0.686497,-0.905744,-6.26546
7.70284,18.1202,8.90716,14.0391,22.3624,-0.696871,-0.909678,-6.28291
7.70375,17.8835,8.95067,13.8366,22.3796,-0.706155,-0.914539,-6.30054
7.70474,17.8852,8.93153,13.8354,22.3964,-0.716356,-0.918472,-6.31813
7.7058,17.8871,8.91231,13.8342,22.4131,-0.726477,-0.922404,-6.33587
7.70673,17.8941,8.89185,13.8374,22.4299,-0.736568,-0.926311,-6.35356
7.70777,17.901,8.87134,13.8404,22.4467,-0.746517,-0.930235,-6.37135
7.70873,17.9082,8.85076,13.8438,22.4636,-0.756396,-0.934155,-6.38903
7.70977,17.9154,8.83014,13.847,22.4804,-0.766204,-0.938073,-6.4068
7.71075,17.9228,8.80948,13.8504,22.4973,-0.775938,-0.94199,-6.42446
7.71175,17.9301,8.78879,13.8537,22.5141,-0.785602,-0.945906,-6.44221
7.71276,17.9375,8.76806,13.8572,22.531,-0.795197,-0.94982,-6.45985
7.71376,17.9449,8.7473,13.8605,22.5479,-0.804729,-0.953733,-6.47757
7.71472,17.9525,8.7265,13.864,22.5648,-0.814197,-0.957645,-6.49518
7.71575,17.9599,8.70568,13.8675,22.5816,-0.823607,-0.961555,-6.51288
7.71672,17.9676,8.68482,13.871,22.5985,-0.832957,-0.965464,-6.53047
7.71773,17.7363,8.72764,13.673,22.616,-0.841255,-0.970313,-6.54813
7.71875,17.7439,8.70681,13.6765,22.6329,-0.850499,-0.974219,-6.56569
7.71975,17.7515,8.68596,13.68,22.6498,-0.859694,-0.978123,-6.58333
7.72071,17.764,8.6639,13.6876,22.6667,-0.86889,-0.982,-6.60085
7.72175,17.7764,8.64187,13.6951,22.6837,-0.877974,-0.985892,-6.61841
7.72277,17.7889,8.61981,13.7027,22.7006,-0.887015,-0.989778,-6.63582
7.72371,17.8012,8.59778,13.7101,22.7175,-0.896014,-0.99366,-6.65327
7.72488,17.8135,8.57575,13.7175,22.7344,-0.904966,-0.997537,-6.67057
7.72575,17.8256,8.55375,13.7248,22.7513,-0.913876,-1.00141,-6.68792
7.72674,17.8378,8.53176,13.7321,22.7681,-0.922741,-1.00528,-6.70514
7.72778,17.8498,8.50978,13.7392,22.785,-0.931569,-1.00915,-6.7224
7.72884,17.8618,8.48782,13.7463,22.8019,-0.940357,-1.01301,-6.73954
7.72995,17.8737,8.46588,13.7533,22.8188,-0.94911,-1.01687,-6.75673
7.73092,17.8855,8.44394,13.7603,22.8356,-0.957828,-1.02072,-6.7738
7.73175,17.6578,8.48676,13.5654,22.853,-0.965517,-1.02552,-6.79093
7.73279,17.6695,8.46493,13.5722,22.8699,-0.974172,-1.02937,-6.80794
7.73375,17.6811,8.44312,13.5789,22.8868,-0.982801,-1.03321,-6.82501
7.73483,17.6974,8.42013,13.5896,22.9036,-0.991451,-1.03701,-6.84196
7.73573,17.7136,8.39719,13.6002,22.9205,-1.00001,-1.04084,-6.8589
7.73694,17.7296,8.37428,13.6106,22.9373,-1.00855,-1.04465,-6.87581
7.73773,17.7456,8.35141,13.621,22.9541,-1.01706,-1.04846,-6.89258
7.73876,17.7613,8.3286,13.6312,22.9709,-1.02554,-1.05226,-6.90938
7.73976,17.7769,8.30583,13.6413,22.9877,-1.034,-1.05605,-6.92604
7.74085,17.7923,8.28311,13.6512,23.0045,-1.04243,-1.05984,-6.94275
7.74197,17.8076,8.26044,13.661,23.0213,-1.05084,-1.06362,-6.95932
7.74276,17.5829,8.30333,13.4686,23.0386,-1.05824,-1.06836,-6.97595
7.7438,17.5979,8.28082,13.4781,23.0554,-1.06661,-1.07213,-6.99245
7.74483,17.6126,8.25835,13.4874,23.0721,-1.07496,-1.07589,-7.00902
7.74579,17.6321,8.23472,13.5007,23.0889,-1.08334,-1.07962,-7.02546
7.74698,17.6513,8.21117,13.5137,23.1056,-1.09165,-1.08336,-7.04192
7.74778,17.6704,8.18767,13.5267,23.1223,-1.09994,-1.08709,-7.05823
7.74877,17.6891,8.16425,13.5394,23.139,-1.10821,-1.09082,-7.07457
7.74977,17.7078,8.1409,13.5519,23.1557,-1.11647,-1.09453,-7.09076
7.7508,17.7261,8.11762,13.5642,23.1724,-1.12471,-1.09824,-7.107
7.75178,17.7442,8.09442,13.5763,23.1891,-1.13293,-1.10194,-7.1231
7.75276,17.762,8.07128,13.5882,23.2057,-1.14114,-1.10563,-7.13926
7.75372,17.7798,8.04822,13.5999,23.2223,-1.14934,-1.10932,-7.15529
7.75478,17.7972,8.02522,13.6114,23.239,-1.15753,-1.113,-7.17137
7.7557,17.5743,8.06868,13.4207,23.2562,-1.1647,-1.11764,-7.18734
7.75675,17.5913,8.04588,13.4318,23.2728,-1.17287,-1.1213,-7.20338
7.75773,17.6081,8.02313,13.4428,23.2895,-1.18103,-1.12496,-7.21931
7.75873,17.6295,7.99923,13.4576,23.3061,-1.18924,-1.12859,-7.2353
7.75973,17.6507,7.97542,13.4722,23.3227,-1.19736,-1.13222,-7.25114
7.76072,17.6716,7.95168,13.4866,23.3393,-1.20549,-1.13584,-7.26702
7.76181,17.6924,7.92803,13.5008,23.3558,-1.21361,-1.13946,-7.28275
7.76276,17.7127,7.90447,13.5147,23.3724,-1.22172,-1.14306,-7.29853
7.76376,17.7328,7.881,13.5284,23.389,-1.22983,-1.14666,-7.31418
7.7647,17.7526,7.85762,13.5418,23.4055,-1.23792,-1.15025,-7.32989
7.76575,17.7722,7.83432,13.5551,23.422,-1.24601,-1.15383,-7.34547
7.76678,17.7915,7.81111,13.568,23.4386,-1.2541,-1.15741,-7.36112
7.76771,17.8105,7.78798,13.5808,23.4551,-1.26218,-1.16098,-7.37665
7.76873,17.8293,7.76492,13.5933,23.4716,-1.27026,-1.16454,-7.39225
7.76966,17.6074,7.80926,13.4034,23.4888,-1.27733,-1.16907,-7.40774
7.77073,17.6257,7.78643,13.4155,23.5053,-1.28541,-1.17262,-7.42331
7.77176,17.6438,7.76366,13.4274,23.5218,-1.29348,-1.17616,-7.43878
7.77278,17.6664,7.73974,13.4431,23.5383,-1.30161,-1.17967,-7.45432
7.77374,17.6887,7.71591,13.4586,23.5548,-1.30967,-1.18318,-7.46972
7.77474,17.7108,7.69217,13.4739,23.5713,-1.31774,-1.18669,-7.48516
7.77585,17.7326,7.66853,13.4889,23.5878,-1.3258,-1.19019,-7.50047
7.77678,17.7541,7.64499,13.5036,23.6043,-1.33386,-1.19367,-7.51583
7.77774,17.7753,7.62155,13.5181,23.6207,-1.34192,-1.19716,-7.53107
7.77873,17.7961,7.59821,13.5322,23.6372,-1.34998,-1.20063,-7.54637
7.77979,17.8167,7.57497,13.5462,23.6536,-1.35804,-1.2041,-7.56155
7.78076,17.8369,7.55182,13.5598,23.6701,-1.36609,-1.20756,-7.5768
7.78173,17.8569,7.52876,13.5733,23.6865,-1.37415,-1.21101,-7.59195
7.78272,17.6359,7.57392,13.3841,23.7036,-1.38121,-1.21545,-7.60717
7.78377,17.6554,7.5511,13.3971,23.7201,-1.38928,-1.21889,-7.62229
7.78473,17.6745,7.52836,13.4098,23.7365,-1.39735,-1.22232,-7.63748
7.78573,17.6982,7.50445,13.4263,23.753,-1.40547,-1.22572,-7.65258
7.78677,17.7216,7.48066,13.4425,23.7694,-1.41353,-1.22913,-7.66772
7.78773,17.7447,7.45696,13.4586,23.7858,-1.4216,-1.23253,-7.68272
7.78874,17.7675,7.43337,13.4742,23.8023,-1.42968,-1.23593,-7.69778
7.78975,17.79,7.4099,13.4897,23.8187,-1.43775,-1.23931,-7.7127
7.79073,17.812,7.38654,13.5047,23.8351,-1.44582,-1.24269,-7.72769
7.79173,17.8338,7.36328,13.5196,23.8515,-1.4539,-1.24606,-7.74256
7.79282,17.8552,7.34013,13.5341,23.8678,-1.46198,-1.24942,-7.7575
7.79375,17.8764,7.31708,13.5484,23.8842,-1.47006,-1.25278,-7.77233
7.79476,17.8971,7.29414,13.5623,23.9006,-1.47814,-1.25612,-7.78724
7.79568,17.9177,7.27129,13.5761,23.917,-1.48623,-1.25947,-7.80204
7.79677,17.697,7.31749,13.3873,23.9341,-1.49333,-1.26381,-7.81693
7.79779,17.7169,7.29489,13.4005,23.9505,-1.50143,-1.26714,-7.83172
7.79877,17.7365,7.27238,13.4134,23.9669,-1.50954,-1.27046,-7.84659
7.79974,17.7607,7.24869,13.4302,23.9833,-1.51771,-1.27375,-7.86137
7.80076,17.7845,7.22512,13.4467,23.9997,-1.52582,-1.27705,-7.8762
7.80182,17.8081,7.20165,13.4629,24.0161,-1.53394,-1.28035,-7.89089
7.80281,17.8313,7.1783,13.4788,24.0324,-1.54207,-1.28363,-7.90564
7.80384,17.8542,7.15507,13.4944,24.0488,-1.55019,-1.28691,-7.92026
7.80479,17.8766,7.13196,13.5097,24.0652,-1.55833,-1.29018,-7.93495
7.80595,17.8988,7.10895,13.5247,24.0815,-1.56646,-1.29344,-7.94953
7.80688,17.9205,7.08607,13.5393,24.0979,-1.5746,-1.2967,-7.96418
7.8079,17.942,7.06329,13.5538,24.1142,-1.58275,-1.29995,-7.97872
7.80876,17.9631,7.04062,13.5678,24.1306,-1.5909,-1.3032,-7.99334
7.80972,17.743,7.08774,13.3795,24.1476,-1.59805,-1.30745,-8.00786
7.81085,17.7634,7.06533,13.3931,24.164,-1.60622,-1.31068,-8.02247
7.81173,17.7837,7.04301,13.4064,24.1804,-1.6144,-1.3139,-8.03698
7.81279,17.8084,7.01951,13.4235,24.1967,-1.62264,-1.3171,-8.05158
7.81376,17.8328,6.99614,13.4403,24.2131,-1.63081,-1.3203,-8.06604
7.81475,17.8568,6.97287,13.4567,24.2294,-1.639,-1.3235,-8.08056
7.816,17.8806,6.94974,13.473,24.2458,-1.6472,-1.32669,-8.09494
7.81676,18.1216,6.87974,13.675,24.2451,-1.64821,-1.32567,-8.09494
7.8178,17.9268,6.90384,13.5044,24.2784,-1.6636,-1.33304,-8.12372
7.81939,17.9494,6.88108,13.5195,24.2948,-1.67181,-1.33621,-8.13812
7.8203,17.7262,6.9295,13.3287,24.3122,-1.67913,-1.34048,-8.15271
7.82138,17.7481,6.907,13.3433,24.3285,-1.68741,-1.34363,-8.1671
7.82233,17.7481,6.907,13.3433,24.3285,-1.68741,-1.34363,-8.1671
7.82322,17.7958,6.86105,13.3758,24.3611,-1.70391,-1.3499,-8.19576
7.8244,17.8215,6.83762,13.3936,24.3774,-1.71213,-1.35303,-8.20998
7.8252,17.8215,6.83762,13.3936,24.3774,-1.71213,-1.35303,-8.20998
7.82628,17.8723,6.79072,13.4286,24.4103,-1.72877,-1.35933,-8.23865
7.8273,17.8973,6.76724,13.4457,24.4269,-1.73718,-1.3625,-8.25311
7.82803,17.922,6.74391,13.4626,24.4435,-1.74557,-1.36567,-8.26743
7.82935,17.9457,6.72119,13.4786,24.4597,-1.7538,-1.36876,-8.2815
7.83031,17.969,6.69859,13.4944,24.4759,-1.76203,-1.37185,-8.29547
7.83131,17.9919,6.67614,13.5098,24.4921,-1.77027,-1.37492,-8.30951
7.83219,17.9919,6.67614,13.5098,24.4921,-1.77027,-1.37492,-8.30951
7.83319,17.7957,6.70246,13.3378,24.5253,-1.78575,-1.38208,-8.33747
7.83424,17.8176,6.6804,13.3523,24.5415,-1.79402,-1.38513,-8.35141
7.83476,18.0587,6.60948,13.5541,24.5408,-1.79503,-1.3841,-8.35141
7.8357,17.8656,6.63491,13.3847,24.5743,-1.81079,-1.39126,-8.37963
7.83679,17.8863,6.61323,13.3982,24.5906,-1.81901,-1.39431,-8.3936
7.83776,18.1274,6.54217,13.5999,24.5898,-1.82003,-1.39328,-8.3936
7.83881,17.9357,6.56846,13.4318,24.6223,-1.83533,-1.40019,-8.42089
7.83979,17.9555,6.54712,13.4444,24.6386,-1.84361,-1.40321,-8.43475
7.84083,18.1965,6.47593,13.6461,24.6378,-1.84462,-1.40218,-8.43475
7.8417,18.0027,6.50303,13.4761,24.6705,-1.86002,-1.40904,-8.46207
7.84269,18.0213,6.48203,13.4877,24.6868,-1.86835,-1.41204,-8.47604
7.84366,18.0213,6.48203,13.4877,24.6868,-1.86835,-1.41204,-8.47604
7.84482,17.8255,6.51001,13.316,24.7195,-1.88384,-1.41887,-8.50341
7.84578,17.848,6.48806,13.3309,24.7359,-1.89226,-1.42183,-8.51732
7.84672,18.089,6.41657,13.5324,24.7351,-1.89328,-1.42079,-8.51732
7.84782,18.1155,6.39381,13.5506,24.7511,-1.90159,-1.42366,-8.53104
7.84878,18.1417,6.37118,13.5685,24.7671,-1.90985,-1.42654,-8.54463
7.84971,-16.8582,41.703,-15.463,25.6793,-1.91623,-1.87352,-8.55855
7.85069,-67.7388,28.0404,-58.2293,24.5666,-2.15043,-1.90043,-8.39782
7.85168,-67.7789,28.0801,-58.2591,24.5728,-2.15496,-1.90154,-8.39919
7.85273,-67.0931,27.422,-57.6874,24.5561,-2.16501,-1.89384,-8.40037
7.85381,-65.4228,27.0869,-56.287,24.5585,-2.16232,-1.88601,-8.39762
7.85479,-65.2358,27.0524,-56.1287,24.5464,-2.15947,-1.883,-8.38507
7.85573,-62.1471,26.4229,-53.5356,24.5546,-2.13371,-1.87425,-8.34806
7.8568,-60.707,26.1371,-52.3244,24.5555,-2.12155,-1.87063,-8.31566
7.85768,-60.3575,26.0738,-52.0284,24.5311,-2.11587,-1.86469,-8.29067
7.85873,-57.4632,25.5058,-49.588,24.5072,-2.08253,-1.85491,-8.17881
7.85975,-56.1375,25.2466,-48.4684,24.4946,-2.06522,-1.85107,-8.11372
7.86076,-54.5311,24.9393,-47.1094,24.4546,-2.0405,-1.8414,-8.01592
7.86178,-53.1539,24.6746,-45.943,24.4235,-2.0176,-1.83442,-7.92413
7.86273,-51.8099,24.4165,-44.8049,24.3883,-1.9642,-1.82641,-7.82627
7.86376,-50.5042,24.1681,-43.6986,24.3528,-1.89809,-1.81881,-7.72333
7.86472,-50.3619,24.1435,-43.5778,24.3411,-1.89545,-1.81596,-7.71165
7.86576,-47.9958,23.6912,-41.5703,24.2733,-1.77083,-1.80152,-7.5051
7.86675,-46.9258,23.4866,-40.6612,24.2425,-1.71092,-1.7952,-7.40242
7.86808,-45.5943,23.2386,-39.5295,24.1867,-1.64593,-1.78281,-7.27247
7.86887,-44.4513,23.0244,-38.557,24.1419,-1.58527,-1.77311,-7.15371
7.86981,-43.3349,22.8162,-37.6065,24.0955,-1.52586,-1.76296,-7.03307
7.8708,-42.2502,22.6147,-36.6825,24.0485,-1.46748,-1.75257,-6.91153
7.87193,-41.1975,22.4187,-35.7817,24.0009,-1.4099,-1.74194,-6.76498
7.87278,-40.1733,22.23,-34.9022,23.9371,-1.35528,-1.73007,-6.60342
7.87378,-39.1766,22.046,-34.0455,23.8506,-1.29863,-1.71946,-6.44386
7.87479,-38.2038,21.8665,-33.2093,23.7641,-1.24462,-1.70698,-6.28716
7.8758,-37.2538,21.6932,-32.3925,23.6779,-1.19258,-1.69365,-6.13361
7.87694,-36.3267,21.5247,-31.5952,23.593,-1.14198,-1.67952,-5.98298
7.87783,-35.422,21.3603,-30.8172,23.5089,-1.09279,-1.65315,-5.83545
7.8788,-34.5386,21.2022,-30.0574,23.4271,-1.04513,-1.61809,-5.69079
7.87985,-33.6767,21.0482,-29.316,23.3462,-0.998683,-1.58346,-5.5492
7.88103,-32.8356,20.8986,-28.5924,23.2664,-0.953429,-1.54936,-5.41042
7.88194,-32.0149,20.7531,-27.8864,23.1879,-0.909349,-1.51578,-5.27467
7.8828,-31.214,20.6115,-27.1972,23.1106,-0.866412,-1.48275,-5.14164
7.88397,-30.4327,20.4739,-26.5249,23.0344,-0.824608,-1.45026,-5.0116
7.88495,-29.6701,20.34,-25.8686,22.9596,-0.783909,-1.41831,-4.8842
7.88603,-28.9261,20.2098,-25.2283,22.8859,-0.744297,-1.38691,-4.75972
7.88677,-28.2,20.0832,-24.6033,22.8135,-0.705744,-1.35605,-4.63779
7.88776,-27.492,19.9593,-23.9936,22.7416,-0.677366,-1.3254,-4.51873
7.88886,-26.801,19.8397,-23.3984,22.6717,-0.650814,-1.29561,-4.40211
7.88974,-26.127,19.7235,-22.8178,22.6031,-0.625288,-1.26638,-4.28825
7.89077,-25.4692,19.6105,-22.251,22.5356,-0.600709,-1.23765,-4.17678
7.89175,-24.8274,19.5007,-21.698,22.4693,-0.577048,-1.20944,-4.0679
7.89275,-24.2011,19.3939,-21.1585,22.4041,-0.554268,-1.18172,-3.96156
7.89373,-23.5895,19.2901,-20.6317,22.3401,-0.532362,-1.1545,-3.85954
7.89474,-22.9927,19.1892,-20.118,22.2772,-0.511242,-1.12778,-3.76137
7.89574,-22.4103,19.0911,-19.6165,22.2155,-0.490901,-1.10157,-3.66559
7.89673,-21.8421,18.9957,-19.1274,22.155,-0.471319,-1.07586,-3.57217
7.89771,-21.2876,18.903,-18.6499,22.0956,-0.452463,-1.05063,-3.48101
7.89872,-20.7467,18.8129,-18.1842,22.0373,-0.434309,-1.02589,-3.39212
7.89976,-20.2187,18.7253,-17.7297,21.9801,-0.416827,-1.00163,-3.30536
7.90074,-19.7037,18.6401,-17.2863,21.924,-0.399994,-0.97785,-3.22077
7.90178,-19.2011,18.5574,-16.8535,21.869,-0.383782,-0.954538,-3.13821
7.90282,-18.7108,18.4769,-16.4314,21.8151,-0.368171,-0.931694,-3.0577
7.90377,-18.2323,18.3987,-16.0193,21.7623,-0.353134,-0.909309,-2.97914
7.90482,-17.7655,18.3227,-15.6175,21.7105,-0.338653,-0.887381,-2.90253
7.90573,-17.3099,18.2488,-15.2252,21.6598,-0.324704,-0.8659,-2.82777
7.90672,-16.8655,18.177,-14.8425,21.6101,-0.311268,-0.844863,-2.75485
7.90775,-16.432,18.1071,-14.4692,21.5614,-0.298327,-0.824264,-2.68373
7.90877,-16.0088,18.0393,-14.1049,21.5137,-0.285859,-0.804094,-2.61433
7.90974,-15.5961,17.9733,-13.7495,21.467,-0.273849,-0.78435,-2.54665
7.91072,-15.1933,17.9092,-13.4026,21.4213,-0.262277,-0.765022,-2.4806
7.91183,-14.8004,17.8469,-13.0643,21.3766,-0.251129,-0.746109,-2.4162
7.91284,-14.4169,17.7863,-12.7341,21.3328,-0.240387,-0.727598,-2.35335
7.91377,-14.043,17.7274,-12.4121,21.2899,-0.230038,-0.709489,-2.29207
7.91477,-13.6779,17.6701,-12.0977,21.2479,-0.220064,-0.69177,-2.23226
7.91577,-13.3219,17.6145,-11.7911,21.2069,-0.210455,-0.674438,-2.17395
7.91678,-12.9744,17.5604,-11.4919,21.1668,-0.201192,-0.657485,-2.11703
7.91773,-12.6356,17.5078,-11.2001,21.1275,-0.192268,-0.640906,-2.06155
7.91877,-12.3048,17.4567,-10.9152,21.0891,-0.183665,-0.624692,-2.00739
7.91974,-11.9822,17.407,-10.6374,21.0515,-0.175375,-0.60884,-1.95458
7.92076,-11.6673,17.3587,-10.3663,21.0147,-0.167382,-0.593339,-1.90305
7.92176,-11.3603,17.3118,-10.1019,20.9788,-0.159681,-0.578187,-1.8528
7.9228,-11.0606,17.2662,-9.84374,20.9437,-0.152255,-0.563375,-1.80376
7.92375,-10.7683,17.2218,-9.59207,20.9094,-0.145098,-0.548898,-1.75595
7.92473,-10.483,17.1787,-9.34636,20.8758,-0.138196,-0.534748,-1.70928
7.92578,-10.2048,17.1368,-9.10673,20.843,-0.131543,-0.520922,-1.66377
7.92675,-9.93342,17.0961,-8.87301,20.8109,-0.12513,-0.507411,-1.6194
7.92774,-9.66847,17.0564,-8.64483,20.7796,-0.118945,-0.494209,-1.57608
7.92875,-9.41018,17.018,-8.42238,20.749,-0.112983,-0.481312,-1.53385
7.92974,-9.15799,16.9805,-8.20519,20.7191,-0.107231,-0.468711,-1.49263
7.93072,-8.91215,16.9442,-7.99346,20.6899,-0.101688,-0.456404,-1.45245
7.9317,-8.67211,16.9088,-7.78672,20.6613,-0.0963392,-0.444381,-1.41322
7.93281,-8.43813,16.8744,-7.5852,20.6334,-0.0911833,-0.43264,-1.37499
7.93386,-8.41422,16.8715,-7.56488,20.631,-0.0910661,-0.431978,-1.37288
7.93472,-7.98696,16.8086,-7.19662,20.5796,-0.0814132,-0.409975,-1.30128
7.93585,-7.79213,16.7797,-7.02857,20.5559,-0.0768908,-0.399665,-1.26776
7.93682,-7.55342,16.7457,-6.82323,20.5277,-0.0722417,-0.388144,-1.23048
7.93771,-7.3465,16.7159,-6.64502,20.503,-0.0679322,-0.377733,-1.19669
7.93881,-7.14434,16.6868,-6.47089,20.4787,-0.0637761,-0.367533,-1.16368
7.94001,-6.94744,16.6587,-6.30131,20.4551,-0.0597721,-0.357601,-1.13154
7.94072,-6.75555,16.6313,-6.13603,20.432,-0.0559122,-0.347905,-1.10022
7.94173,-6.56816,16.6047,-5.97463,20.4095,-0.0521862,-0.338442,-1.06963
7.94289,-6.54953,16.6025,-5.95879,20.4076,-0.0521168,-0.337928,-1.06799
7.94371,-6.21478,16.5547,-5.67025,20.367,-0.0452653,-0.320576,-1.01196
7.94471,-6.05855,16.5323,-5.53549,20.3479,-0.0419827,-0.312252,-0.985144
7.94572,-5.8746,16.507,-5.37723,20.3261,-0.0387481,-0.303363,-0.956454
7.94673,-5.71203,16.4843,-5.2372,20.3065,-0.0356859,-0.295134,-0.929931
7.94784,-5.55378,16.4623,-5.1009,20.2874,-0.0327333,-0.287115,-0.904118
7.94872,-5.39914,16.4409,-4.96769,20.2688,-0.0298798,-0.279287,-0.878893
7.94973,-5.38381,16.4392,-4.95466,20.2672,-0.0298371,-0.278866,-0.877545
7.95076,-5.10104,16.3998,-4.71092,20.2329,-0.0244637,-0.264189,-0.830278
7.95167,-4.96917,16.3812,-4.59718,20.2167,-0.0218853,-0.257161,-0.807689
7.9528,-4.9406,16.3782,-4.57288,20.2138,-0.0218154,-0.256378,-0.805176
7.95373,-4.80065,16.3591,-4.45233,20.1969,-0.0193321,-0.249294,-0.782328
7.95471,-4.55433,16.3248,-4.23986,20.1667,-0.0146357,-0.236186,-0.740149
7.95576,-4.54104,16.3234,-4.22856,20.1653,-0.0146079,-0.235823,-0.73898
7.95682,-4.39576,16.3041,-4.10356,20.1481,-0.0123073,-0.228757,-0.716242
7.95787,-4.28075,16.2882,-4.00436,20.134,-0.0101645,-0.222657,-0.696559
7.95877,-4.15408,16.2712,-3.89525,20.1187,-0.00804032,-0.216237,-0.675915
7.95981,-4.03057,16.2547,-3.78887,20.1038,-0.00598622,-0.209993,-0.65579
7.96077,-3.90998,16.2386,-3.685,20.0893,-0.00400288,-0.20389,-0.636143
7.96177,-3.79215,16.223,-3.5835,20.0751,-0.00208557,-0.197936,-0.616947
7.96274,-3.67739,16.2078,-3.48466,20.0613,-0.000236572,-0.192132,-0.598253
7.96375,-3.56524,16.193,-3.38805,20.0478,0.0015504,-0.186471,-0.579985
7.96476,-3.45604,16.1786,-3.29399,20.0346,0.00327299,-0.180951,-0.562199
7.96582,-3.3493,16.1647,-3.20206,20.0218,0.00493794,-0.175568,-0.544816
7.96684,-3.33975,16.1638,-3.19393,20.0208,0.00494101,-0.17531,-0.543978
7.96778,-3.14382,16.1379,-3.02506,19.9971,0.00809775,-0.165205,-0.511354
7.96893,-3.05391,16.1259,-2.94751,19.9861,0.00959653,-0.160459,-0.496041
7.96977,-2.94637,16.1123,-2.85498,19.9734,0.0110731,-0.155252,-0.479207
7.97077,-2.8523,16.1002,-2.77396,19.9621,0.0124741,-0.150519,-0.463893
7.97179,-2.76013,16.0884,-2.69457,19.9511,0.0138265,-0.145888,-0.44889
7.97276,-2.75224,16.0878,-2.68786,19.9503,0.0138199,-0.145676,-0.448198
7.97384,-2.58325,16.0659,-2.54221,19.9298,0.0163894,-0.136994,-0.420098
7.97489,-2.50528,16.0557,-2.47497,19.9204,0.0176167,-0.132912,-0.406854
7.97579,-2.41319,16.0443,-2.39573,19.9095,0.0188054,-0.128457,-0.392422
7.97674,-2.33198,16.0341,-2.32578,19.8998,0.0199446,-0.124396,-0.379207
7.97781,-2.25281,16.0242,-2.25758,19.8903,0.0210411,-0.120426,-0.366323
7.97872,-2.17554,16.0145,-2.19103,19.8811,0.0221032,-0.116564,-0.353752
7.97979,-2.10197,16.0054,-2.12766,19.8723,0.023108,-0.112884,-0.341781
7.98077,-2.02998,15.9964,-2.06564,19.8638,0.0240765,-0.109291,-0.330068
7.98174,-2.02416,15.996,-2.06069,19.8632,0.0240592,-0.109137,-0.329558
7.98274,-1.9543,15.9874,-2.00051,19.8549,0.0249936,-0.105641,-0.318178
7.98374,-1.82875,15.9713,-1.89225,19.8397,0.026832,-0.0991222,-0.296923
7.98471,-1.82332,15.9709,-1.88763,19.8392,0.0268127,-0.0989789,-0.296448
7.98574,-1.69311,15.955,-1.77547,19.8237,0.0285015,-0.0925055,-0.275269
7.98674,-1.63435,15.9476,-1.7248,19.8167,0.0293341,-0.0894742,-0.265346
7.9877,-1.56901,15.9399,-1.66857,19.809,0.0300828,-0.086346,-0.255086
7.98874,-1.5097,15.9328,-1.61749,19.802,0.0308274,-0.083411,-0.245442
7.98979,-1.45213,15.9258,-1.5679,19.7952,0.0315487,-0.0805562,-0.236079
7.99072,-1.44794,15.9256,-1.56433,19.7948,0.0315239,-0.080447,-0.235713
7.99173,-1.3409,15.9124,-1.47209,19.7821,0.0329295,-0.0750595,-0.217992
7.99275,-1.28993,15.906,-1.42815,19.776,0.0336373,-0.0724564,-0.209413
7.99369,-1.28232,15.9057,-1.42168,19.7753,0.0335843,-0.0722596,-0.20875
7.99475,-1.23031,15.8993,-1.37688,19.7691,0.0342688,-0.0696969,-0.20028
7.99575,-1.13561,15.8907,-1.29516,19.7575,0.0342807,-0.0647491,-0.184417
7.99677,-1.13218,15.8906,-1.29224,19.7572,0.0342526,-0.0646608,-0.184118
7.99777,-1.03516,15.8867,-1.20851,19.746,0.0329423,-0.0600276,-0.168477
7.99873,-1.03516,15.8867,-1.20851,19.746,0.0329423,-0.0600276,-0.168477
7.99987,-0.984846,15.8847,-1.16513,19.7403,0.03228,-0.0577159,-0.160581
8.0007,-0.942708,15.883,-1.12874,19.7355,0.0316963,-0.0556745,-0.153575
8.00192,-0.897615,15.8813,-1.08983,19.7304,0.0310887,-0.0535737,-0.146307
8.00278,-0.853912,15.8797,-1.05212,19.7255,0.0304974,-0.0515443,-0.139263
8.00374,-0.810992,15.8781,-1.01509,19.7207,0.0299162,-0.0495735,-0.132346
8.00485,-0.769335,15.8766,-0.979146,19.7161,0.0293515,-0.0476648,-0.125632
8.00575,-0.690986,15.8739,-0.911522,19.7075,0.0282765,-0.0440804,-0.112848
8.00671,-0.688844,15.8738,-0.909698,19.7073,0.0282593,-0.0440254,-0.112661
8.00776,-0.648042,15.8724,-0.874518,19.7029,0.0277158,-0.0422407,-0.106228
8.00877,-0.613,15.8713,-0.84426,19.6991,0.0272276,-0.0406471,-0.100439
8.0099,-0.575974,15.8701,-0.812317,19.6952,0.0267254,-0.0390182,-0.0944736
8.01076,-0.540005,15.8689,-0.781285,19.6914,0.0262362,-0.037444,-0.0886783
8.01175,-0.506376,15.8677,-0.752209,19.6876,0.0258325,-0.0359124,-0.0832299
8.01277,-0.476259,15.8665,-0.726054,19.6841,0.0255657,-0.0344367,-0.0782813
8.01423,-0.447082,15.8654,-0.700715,19.6806,0.0253097,-0.0330046,-0.0734865
8.01504,-0.418511,15.8642,-0.675903,19.6772,0.0250587,-0.0316189,-0.0687915
8.01582,-0.390787,15.8632,-0.651827,19.674,0.0248123,-0.0302775,-0.064236
8.0173,-0.36358,15.8621,-0.6282,19.6708,0.0245701,-0.0289765,-0.0597657
8.0178,-0.337184,15.8612,-0.605277,19.6678,0.024332,-0.0277144,-0.0554289
8.01894,-0.31127,15.8602,-0.582774,19.6648,0.0240965,-0.026486,-0.0511717
8.01982,-0.286138,15.8593,-0.560948,19.6619,0.023863,-0.0252888,-0.0470433
8.02082,-0.261456,15.8584,-0.539513,19.6591,0.0236279,-0.024111,-0.0429893
8.02196,-0.237525,15.8576,-0.518729,19.6562,0.0233876,-0.0229434,-0.0390596
8.02316,-0.236796,15.8575,-0.518108,19.6562,0.0233828,-0.0229238,-0.0389955
8.02376,-0.191224,15.8559,-0.47851,19.6506,0.0228637,-0.0205733,-0.0314573
8.02493,-0.169025,15.8546,-0.459202,19.6471,0.0225583,-0.0190434,-0.0277678
8.02575,-0.146315,15.8542,-0.439468,19.644,0.022093,-0.018846,-0.0240948
8.02672,-0.125071,15.8497,-0.420951,19.6371,0.0218056,-0.015935,-0.0205962
8.02777,-0.104427,15.8512,-0.40306,19.6373,0.0216309,-0.0160344,-0.0172118
8.02909,-0.10408,15.8512,-0.402765,19.6372,0.0216299,-0.0160271,-0.0171811
8.02982,-0.0645309,15.854,-0.368485,19.6377,0.0212969,-0.0162303,-0.0106704
8.03081,-0.0454807,15.8554,-0.351972,19.6379,0.0211362,-0.0163329,-0.00752914
8.03172,-0.0261926,15.8567,-0.33526,19.6381,0.0209773,-0.0164201,-0.00438429
8.03283,-0.00814999,15.858,-0.319623,19.6383,0.020827,-0.0165103,-0.0014261
8.03368,0.000192446,15.8587,-0.312393,19.6384,0.0207309,-0.0165678,-6.50111e-05
8.03471,0.000319754,15.8587,-0.312282,19.6384,0.0207131,-0.0165793,-4.38044e-05
8.03576,0.000223905,15.8587,-0.312365,19.6384,0.0207202,-0.0165725,-6.20664e-05
8.03673,0.000225662,15.8587,-0.312363,19.6384,0.0207218,-0.0165642,-6.2002e-05
8.03777,0.000201593,15.8587,-0.312383,19.6384,0.0207283,-0.0165651,-6.58029e-05
8.03876,0.000203602,15.8587,-0.312381,19.6384,0.0207268,-0.0165719,-6.5078e-05
8.03971,0.000207752,15.8587,-0.312378,19.6384,0.02073,-0.0165552,-6.48845e-05
8.04076,0.000205928,15.8587,-0.312378,19.6384,0.0207289,-0.0165613,-6.48804e-05
8.04167,0.000200899,15.8587,-0.312382,19.6384,0.0207275,-0.0165688,-6.55374e-05
8.04269,0.00020562,15.8587,-0.312378,19.6384,0.0207293,-0.0165599,-6.48973e-05
8.04373,0.000202784,15.8587,-0.31238,19.6384,0.0207294,-0.0165595,-6.54441e-05
8.04478,0.000205475,15.8587,-0.312377,19.6384,0.0207296,-0.0165593,-6.48995e-05
8.04573,0.000207549,15.8587,-0.312375,19.6384,0.0207312,-0.0165509,-6.48028e-05
8.04682,0.000205387,15.8587,-0.312376,19.6384,0.0207297,-0.0165589,-6.49007e-05
8.04777,0.000200546,15.8587,-0.31238,19.6384,0.0207281,-0.0165672,-6.55401e-05
8.04873,0.000204685,15.8587,-0.312377,19.6384,0.0207313,-0.0165506,-6.53475e-05
8.04976,0.000202577,15.8587,-0.312378,19.6384,0.0207298,-0.0165589,-6.54432e-05
8.05075,0.000203226,15.8587,-0.312377,19.6384,0.0207282,-0.0165673,-6.49981e-05
8.05171,0.000207366,15.8587,-0.312373,19.6384,0.0207315,-0.0165506,-6.48055e-05
8.05273,0.000205271,15.8587,-0.312374,19.6384,0.0207298,-0.0165591,-6.49025e-05
8.05368,0.000200466,15.8587,-0.312378,19.6384,0.0207282,-0.0165676,-6.55399e-05
8.05471,0.000204605,15.8587,-0.312374,19.6384,0.0207314,-0.0165509,-6.53473e-05
8.05572,0.000202528,15.8587,-0.312376,19.6384,0.0207298,-0.0165595,-6.54429e-05
8.05677,0.000202528,15.8587,-0.312376,19.6384,0.0207298,-0.0165595,-6.54429e-05
8.05773,0.000207326,15.8587,-0.312371,19.6384,0.0207314,-0.0165513,-6.48062e-05
8.05866,0.000203181,15.8587,-0.312374,19.6384,0.0207282,-0.0165683,-6.49988e-05
8.05973,0.000205247,15.8587,-0.312372,19.6384,0.0207298,-0.0165599,-6.49029e-05
8.06079,0.000204588,15.8587,-0.312372,19.6384,0.0207313,-0.0165518,-6.53471e-05
8.06176,0.000200443,15.8587,-0.312375,19.6384,0.020728,-0.0165687,-6.55397e-05
8.06271,0.000203178,15.8587,-0.312372,19.6384,0.0207281,-0.0165689,-6.49988e-05
8.06374,0.000207317,15.8587,-0.312369,19.6384,0.0207313,-0.0165522,-6.48062e-05
8.06474,0.000205237,15.8587,-0.31237,19.6384,0.0207297,-0.0165609,-6.49031e-05
8.06574,0.000200443,15.8587,-0.312374,19.6384,0.020728,-0.0165694,-6.55397e-05
8.06676,0.000204582,15.8587,-0.31237,19.6384,0.0207312,-0.0165527,-6.53472e-05
8.0677,0.000202514,15.8587,-0.312371,19.6384,0.0207295,-0.0165614,-6.54428e-05
8.06888,0.000203175,15.8588,-0.31237,19.6384,0.020728,-0.0165699,-6.4999e-05
8.06979,0.000207314,15.8587,-0.312366,19.6384,0.0207312,-0.0165532,-6.48064e-05
8.07071,0.000205238,15.8587,-0.312367,19.6384,0.0207295,-0.0165619,-6.4903e-05
8.07171,0.000205238,15.8587,-0.312367,19.6384,0.0207295,-0.0165619,-6.4903e-05
8.07273,0.000204582,15.8587,-0.312368,19.6384,0.0207311,-0.0165537,-6.53471e-05
8.07371,0.000200442,15.8588,-0.31237,19.6384,0.0207278,-0.0165707,-6.55395e-05
8.0747,0.000202516,15.8587,-0.312369,19.6384,0.0207294,-0.0165624,-6.54428e-05
8.07574,0.000207316,15.8587,-0.312364,19.6384,0.0207311,-0.0165542,-6.48062e-05
8.07673,0.000203173,15.8588,-0.312367,19.6384,0.0207278,-0.0165712,-6.49989e-05
8.07784,0.000205239,15.8587,-0.312365,19.6384,0.0207294,-0.0165629,-6.4903e-05
8.07879,0.000204584,15.8587,-0.312365,19.6384,0.0207309,-0.0165547,-6.5347e-05
8.07976,0.00020524,15.8587,-0.312364,19.6384,0.0207294,-0.0165632,-6.49028e-05
8.08078,0.000202515,15.8587,-0.312366,19.6384,0.0207293,-0.0165634,-6.54429e-05
8.08174,0.000200444,15.8588,-0.312367,19.6384,0.0207276,-0.016572,-6.55394e-05
8.08284,0.000202518,15.8587,-0.312366,19.6384,0.0207292,-0.0165637,-6.54427e-05
8.08374,0.000207315,15.8587,-0.312361,19.6384,0.0207309,-0.0165555,-6.48062e-05
8.08474,0.000203174,15.8588,-0.312364,19.6384,0.0207276,-0.0165725,-6.49989e-05
8.08587,0.00020524,15.8587,-0.312362,19.6384,0.0207292,-0.0165642,-6.4903e-05
8.08674,0.000204585,15.8587,-0.312362,19.6384,0.0207308,-0.016556,-6.53469e-05
8.08776,0.000200443,15.8588,-0.312365,19.6384,0.0207275,-0.016573,-6.55395e-05
8.08879,0.000202516,15.8588,-0.312363,19.6384,0.0207291,-0.0165647,-6.54428e-05
8.08974,0.000207317,15.8587,-0.312359,19.6384,0.0207308,-0.0165566,-6.48062e-05
8.09079,0.000203175,15.8588,-0.312362,19.6384,0.0207275,-0.0165735,-6.49989e-05
8.09179,0.000205241,15.8588,-0.31236,19.6384,0.0207291,-0.0165652,-6.4903e-05
8.09275,0.000204586,15.8587,-0.31236,19.6384,0.0207306,-0.016557,-6.53469e-05
8.09378,0.000200444,15.8588,-0.312363,19.6384,0.0207274,-0.016574,-6.55395e-05
8.09483,0.000202517,15.8588,-0.312361,19.6384,0.020729,-0.0165657,-6.54428e-05
8.09576,0.000207318,15.8587,-0.312356,19.6384,0.0207306,-0.0165575,-6.48062e-05
8.09681,0.000202518,15.8588,-0.31236,19.6384,0.0207289,-0.016566,-6.54425e-05
8.09777,0.000205242,15.8588,-0.312358,19.6384,0.020729,-0.0165662,-6.4903e-05
8.09868,0.00020252,15.8588,-0.312359,19.6384,0.0207289,-0.0165664,-6.54427e-05
8.09977,0.000205245,15.8588,-0.312357,19.6384,0.0207289,-0.0165665,-6.49027e-05
8.10071,0.000203177,15.8588,-0.312358,19.6384,0.0207273,-0.0165752,-6.49987e-05
8.10237,0.000205243,15.8588,-0.312356,19.6384,0.0207289,-0.0165669,-6.49028e-05
8.10325,0.000204585,15.8587,-0.312356,19.6384,0.0207304,-0.0165587,-6.53468e-05
8.10427,0.000205241,15.8588,-0.312355,19.6384,0.0207289,-0.0165672,-6.49029e-05
8.10488,0.000202518,15.8588,-0.312357,19.6384,0.0207288,-0.0165673,-6.54427e-05
8.10571,0.000205246,15.8588,-0.312354,19.6384,0.0207288,-0.0165675,-6.49028e-05
8.10667,0.000202521,15.8588,-0.312356,19.6384,0.0207287,-0.0165677,-6.54425e-05
8.10774,0.000205244,15.8588,-0.312354,19.6384,0.0207288,-0.0165679,-6.49028e-05
8.10874,0.00020252,15.8588,-0.312356,19.6384,0.0207287,-0.016568,-6.54426e-05
8.10973,0.000205244,15.8588,-0.312353,19.6384,0.0207287,-0.0165682,-6.49028e-05
8.11077,0.00020252,15.8588,-0.312355,19.6384,0.0207286,-0.0165684,-6.54426e-05
8.11173,0.000205245,15.8588,-0.312352,19.6384,0.0207287,-0.0165685,-6.49028e-05
8.11273,0.00020252,15.8588,-0.312354,19.6384,0.0207286,-0.0165687,-6.54426e-05
8.11373,0.000205245,15.8588,-0.312351,19.6384,0.0207286,-0.0165689,-6.49028e-05
8.11477,0.000202521,15.8588,-0.312353,19.6384,0.0207286,-0.016569,-6.54426e-05
8.11591,0.000205245,15.8588,-0.312351,19.6384,0.0207286,-0.0165692,-6.49027e-05
8.11682,0.000202521,15.8588,-0.312353,19.6384,0.0207285,-0.0165693,-6.54426e-05
8.11773,0.000205245,15.8588,-0.31235,19.6384,0.0207286,-0.0165695,-6.49027e-05
8.11881,0.000202521,15.8588,-0.312352,19.6384,0.0207285,-0.0165697,-6.54426e-05
8.11978,0.000205246,15.8588,-0.312349,19.6384,0.0207285,-0.0165699,-6.49027e-05
8.12071,0.000202522,15.8588,-0.312351,19.6384,0.0207284,-0.01657,-6.54425e-05
8.12174,0.000205246,15.8588,-0.312348,19.6384,0.0207285,-0.0165702,-6.49027e-05
8.12277,0.000202522,15.8588,-0.31235,19.6384,0.0207284,-0.0165703,-6.54426e-05
8.12372,0.000205246,15.8588,-0.312348,19.6384,0.0207284,-0.0165705,-6.49027e-05
8.12476,0.000202522,15.8588,-0.31235,19.6384,0.0207283,-0.0165707,-6.54425e-05
8.12575,0.000205247,15.8588,-0.312347,19.6384,0.0207284,-0.0165709,-6.49027e-05
8.12672,0.000202522,15.8588,-0.312349,19.6384,0.0207283,-0.016571,-6.54425e-05
8.12777,0.000205247,15.8588,-0.312346,19.6384,0.0207283,-0.0165712,-6.49027e-05
8.12899,0.000202523,15.8588,-0.312348,19.6384,0.0207283,-0.0165713,-6.54425e-05
8.1298,0.000205247,15.8588,-0.312345,19.6384,0.0207283,-0.0165715,-6.49027e-05
8.13078,0.000202523,15.8588,-0.312347,19.6384,0.0207282,-0.0165717,-6.54425e-05
8.13181,0.000205247,15.8588,-0.312345,19.6384,0.0207283,-0.0165719,-6.49027e-05
8.1328,0.000202523,15.8588,-0.312347,19.6384,0.0207282,-0.016572,-6.54425e-05
8.13411,0.000205248,15.8588,-0.312344,19.6384,0.0207282,-0.0165722,-6.49027e-05
8.13485,0.000202523,15.8588,-0.312346,19.6384,0.0207281,-0.0165723,-6.54425e-05
8.13574,0.000205248,15.8588,-0.312343,19.6384,0.0207282,-0.0165725,-6.49026e-05
8.13674,0.000202524,15.8588,-0.312345,19.6384,0.0207281,-0.0165727,-6.54425e-05
8.13775,0.000205248,15.8588,-0.312342,19.6384,0.0207281,-0.0165729,-6.49026e-05
8.13879,0.000202524,15.8588,-0.312344,19.6384,0.020728,-0.016573,-6.54425e-05
8.13993,0.000205248,15.8588,-0.312341,19.6384,0.0207281,-0.0165732,-6.49026e-05
8.14074,0.000202524,15.8588,-0.312343,19.6384,0.020728,-0.0165733,-6.54424e-05
8.14175,0.000205249,15.8588,-0.312341,19.6384,0.020728,-0.0165735,-6.49026e-05
8.14273,0.000202524,15.8588,-0.312343,19.6384,0.020728,-0.0165737,-6.54424e-05
8.14375,0.000205249,15.8588,-0.31234,19.6384,0.020728,-0.0165738,-6.49026e-05
8.14489,0.000202525,15.8588,-0.312342,19.6384,0.0207279,-0.016574,-6.54424e-05
8.14574,0.000205249,15.8588,-0.312339,19.6384,0.020728,-0.0165742,-6.49026e-05
8.14673,0.000202525,15.8588,-0.312341,19.6384,0.0207279,-0.0165743,-6.54424e-05
8.14793,0.000205249,15.8588,-0.312338,19.6384,0.0207279,-0.0165745,-6.49026e-05
8.14893,0.000202525,15.8588,-0.31234,19.6384,0.0207278,-0.0165747,-6.54424e-05
8.14982,0.00020525,15.8588,-0.312338,19.6384,0.0207279,-0.0165748,-6.49026e-05
8.15081,0.000202525,15.8588,-0.31234,19.6384,0.0207278,-0.016575,-6.54424e-05
8.15177,0.00020525,15.8589,-0.312337,19.6384,0.0207278,-0.0165752,-6.49026e-05
8.15334,0.000202526,15.8589,-0.312339,19.6384,0.0207277,-0.0165753,-6.54424e-05
8.15379,0.000204592,15.8588,-0.312337,19.6384,0.0207294,-0.016567,-6.53465e-05
8.15473,0.000202526,15.8589,-0.312338,19.6384,0.0207277,-0.0165757,-6.54424e-05
8.15572,0.000203184,15.8589,-0.312337,19.6384,0.0207261,-0.0165842,-6.49984e-05
8.15727,0.000202529,15.8589,-0.312337,19.6384,0.0207277,-0.016576,-6.54423e-05
8.15797,0.000205252,15.8589,-0.312335,19.6384,0.0207277,-0.0165762,-6.49024e-05
8.15893,0.000202525,15.8589,-0.312337,19.6384,0.0207276,-0.0165763,-6.54423e-05
8.15984,0.00020525,15.8589,-0.312334,19.6384,0.0207277,-0.0165765,-6.49027e-05
8.1608,0.000202527,15.8589,-0.312336,19.6384,0.0207276,-0.0165767,-6.54423e-05
8.16175,0.000205251,15.8589,-0.312333,19.6384,0.0207276,-0.0165768,-6.49025e-05
8.16286,0.000202527,15.8589,-0.312335,19.6384,0.0207275,-0.016577,-6.54423e-05
8.16389,0.000205251,15.8589,-0.312332,19.6384,0.0207276,-0.0165772,-6.49025e-05
8.16489,0.000202527,15.8589,-0.312334,19.6384,0.0207275,-0.0165773,-6.54423e-05
8.16609,0.000205252,15.8589,-0.312332,19.6384,0.0207275,-0.0165775,-6.49025e-05
8.16699,0.000202528,15.8589,-0.312334,19.6384,0.0207275,-0.0165777,-6.54423e-05
8.16778,0.000205252,15.8589,-0.312331,19.6384,0.0207275,-0.0165778,-6.49025e-05
8.16882,0.000202528,15.8589,-0.312333,19.6384,0.0207274,-0.016578,-6.54423e-05
8.16976,0.000205252,15.8589,-0.31233,19.6384,0.0207275,-0.0165782,-6.49025e-05
8.17074,0.000202528,15.8589,-0.312332,19.6384,0.0207274,-0.0165783,-6.54423e-05
8.17183,0.000205252,15.8589,-0.312329,19.6384,0.0207274,-0.0165785,-6.49025e-05
8.17275,0.000202528,15.8589,-0.312331,19.6384,0.0207273,-0.0165787,-6.54423e-05
8.17366,0.000205253,15.8589,-0.312329,19.6384,0.0207274,-0.0165788,-6.49025e-05
8.1747,0.000207326,15.8589,-0.312327,19.6384,0.020729,-0.0165705,-6.48058e-05
8.17573,0.000205253,15.8589,-0.312328,19.6384,0.0207273,-0.0165792,-6.49025e-05
8.17672,0.000200457,15.8589,-0.312332,19.6384,0.0207256,-0.0165877,-6.5539e-05
8.17772,0.000205254,15.8589,-0.312327,19.6384,0.0207273,-0.0165795,-6.49024e-05
8.17875,0.000202528,15.8589,-0.312329,19.6384,0.0207272,-0.0165797,-6.54421e-05
8.17971,0.000205251,15.8589,-0.312326,19.6384,0.0207272,-0.0165798,-6.49027e-05
8.18072,0.00020253,15.8589,-0.312328,19.6384,0.0207272,-0.01658,-6.54422e-05
8.18176,0.000205253,15.8589,-0.312325,19.6384,0.0207272,-0.0165802,-6.49025e-05
8.18266,0.00020253,15.8589,-0.312327,19.6384,0.0207271,-0.0165803,-6.54421e-05
8.18404,0.000205253,15.8589,-0.312325,19.6384,0.0207272,-0.0165805,-6.49025e-05
8.18484,0.00020253,15.8589,-0.312327,19.6384,0.0207271,-0.0165807,-6.54421e-05
8.18571,0.000205254,15.8589,-0.312324,19.6384,0.0207271,-0.0165808,-6.49025e-05
8.18672,0.000202531,15.8589,-0.312326,19.6384,0.020727,-0.016581,-6.54421e-05
8.18773,0.000205254,15.8589,-0.312323,19.6384,0.0207271,-0.0165812,-6.49025e-05
8.18872,0.000202531,15.8589,-0.312325,19.6384,0.020727,-0.0165813,-6.54421e-05
8.18976,0.000205254,15.8589,-0.312322,19.6384,0.020727,-0.0165815,-6.49025e-05
8.19077,0.000202531,15.8589,-0.312324,19.6384,0.0207269,-0.0165817,-6.54421e-05
8.1918,0.000205254,15.8589,-0.312322,19.6384,0.020727,-0.0165818,-6.49025e-05
8.19272,0.000202531,15.8589,-0.312324,19.6384,0.0207269,-0.016582,-6.54421e-05
8.19385,0.000205255,15.8589,-0.312321,19.6384,0.0207269,-0.0165822,-6.49025e-05
8.19471,0.000202532,15.8589,-0.312323,19.6384,0.0207269,-0.0165823,-6.54421e-05
8.19581,0.000205255,15.8589,-0.31232,19.6384,0.0207269,-0.0165825,-6.49025e-05
8.19685,0.000207328,15.8589,-0.312318,19.6384,0.0207285,-0.0165742,-6.48058e-05
8.19785,0.000205256,15.8589,-0.312319,19.6384,0.0207269,-0.0165828,-6.49024e-05
8.19871,0.00020046,15.859,-0.312323,19.6384,0.0207252,-0.0165913,-6.55389e-05
8.19972,0.0002046,15.8589,-0.31232,19.6384,0.0207284,-0.0165747,-6.53463e-05
8.20075,0.000202531,15.8589,-0.312321,19.6384,0.0207267,-0.0165833,-6.5442e-05
8.20174,0.000203191,15.859,-0.31232,19.6384,0.0207252,-0.0165918,-6.49984e-05
8.20272,0.00020733,15.8589,-0.312316,19.6384,0.0207284,-0.0165752,-6.48058e-05
8.20377,0.000205254,15.8589,-0.312317,19.6384,0.0207267,-0.0165838,-6.49024e-05
8.20474,0.00020046,15.859,-0.312321,19.6384,0.020725,-0.0165923,-6.55389e-05
8.20575,0.000204599,15.8589,-0.312317,19.6384,0.0207283,-0.0165757,-6.53463e-05
8.20677,0.000202532,15.8589,-0.312318,19.6384,0.0207266,-0.0165843,-6.54419e-05
8.20778,0.000203191,15.859,-0.312317,19.6384,0.020725,-0.0165928,-6.49983e-05
8.20877,0.000207331,15.8589,-0.312314,19.6384,0.0207283,-0.0165762,-6.48058e-05
8.20974,0.000205255,15.8589,-0.312315,19.6384,0.0207266,-0.0165848,-6.49024e-05
8.21089,0.000200461,15.859,-0.312319,19.6384,0.0207249,-0.0165933,-6.55389e-05
8.21178,0.000205258,15.8589,-0.312314,19.6384,0.0207266,-0.0165852,-6.49022e-05
8.21286,0.000202532,15.8589,-0.312316,19.6384,0.0207265,-0.0165853,-6.54419e-05
8.21378,0.000205256,15.8589,-0.312313,19.6384,0.0207265,-0.0165855,-6.49025e-05
8.21469,0.000207329,15.8589,-0.312311,19.6384,0.0207281,-0.0165772,-6.48058e-05
8.21573,0.000205258,15.859,-0.312312,19.6384,0.0207265,-0.0165858,-6.49024e-05
8.21684,0.000200463,15.859,-0.312316,19.6384,0.0207248,-0.0165943,-6.55387e-05
8.21765,0.000205259,15.859,-0.312312,19.6384,0.0207264,-0.0165862,-6.49022e-05
8.21893,0.000202533,15.859,-0.312314,19.6384,0.0207264,-0.0165863,-6.54419e-05
8.21979,0.000205257,15.859,-0.312311,19.6384,0.0207264,-0.0165865,-6.49025e-05
8.22096,0.00020733,15.8589,-0.312309,19.6384,0.020728,-0.0165782,-6.48058e-05
8.22192,0.000205258,15.859,-0.31231,19.6384,0.0207263,-0.0165868,-6.49023e-05
8.22274,0.000200464,15.859,-0.312314,19.6384,0.0207246,-0.0165953,-6.55387e-05
8.22376,0.00020526,15.859,-0.312309,19.6384,0.0207263,-0.0165872,-6.49022e-05
8.22472,0.000202534,15.859,-0.312311,19.6384,0.0207262,-0.0165873,-6.54419e-05
8.22578,0.000205257,15.859,-0.312309,19.6384,0.0207263,-0.0165875,-6.49024e-05
8.22674,0.000202536,15.859,-0.312311,19.6384,0.0207262,-0.0165876,-6.54419e-05
8.22816,0.000204602,15.8589,-0.312309,19.6384,0.0207278,-0.0165793,-6.5346e-05
8.22889,0.000202536,15.859,-0.31231,19.6384,0.0207261,-0.016588,-6.54419e-05
8.22965,0.000203196,15.859,-0.312309,19.6384,0.0207246,-0.0165965,-6.49981e-05
8.23077,0.000207335,15.8589,-0.312305,19.6384,0.0207278,-0.0165798,-6.48055e-05
8.23177,0.000205258,15.859,-0.312306,19.6384,0.0207261,-0.0165885,-6.49022e-05
8.23281,0.000205258,15.859,-0.312306,19.6384,0.0207261,-0.0165885,-6.49022e-05
8.23373,0.000205258,15.859,-0.312306,19.6384,0.0207261,-0.0165888,-6.49024e-05
8.23475,0.000200463,15.859,-0.312309,19.6384,0.0207244,-0.0165973,-6.55386e-05
8.23574,0.000204603,15.8589,-0.312306,19.6384,0.0207276,-0.0165807,-6.5346e-05
8.23682,0.000202535,15.859,-0.312307,19.6384,0.020726,-0.0165893,-6.54418e-05
8.23771,0.000203195,15.859,-0.312306,19.6384,0.0207244,-0.0165978,-6.49982e-05
8.2387,0.000202539,15.859,-0.312306,19.6384,0.0207259,-0.0165897,-6.54417e-05
8.23972,0.000204605,15.859,-0.312304,19.6384,0.0207275,-0.0165813,-6.53459e-05
8.24072,0.000202536,15.859,-0.312305,19.6384,0.0207259,-0.01659,-6.54419e-05
8.24183,0.000203197,15.859,-0.312304,19.6384,0.0207243,-0.0165985,-6.49981e-05
8.24271,0.000207337,15.859,-0.312301,19.6384,0.0207275,-0.0165818,-6.48055e-05
8.24371,0.000205259,15.859,-0.312302,19.6384,0.0207259,-0.0165905,-6.49022e-05
8.24473,0.000200465,15.859,-0.312306,19.6384,0.0207242,-0.016599,-6.55387e-05
8.2457,0.000204605,15.859,-0.312302,19.6384,0.0207274,-0.0165823,-6.53461e-05
8.24677,0.000202537,15.859,-0.312303,19.6384,0.0207258,-0.016591,-6.54417e-05
8.24772,0.000203197,15.859,-0.312302,19.6384,0.0207242,-0.0165995,-6.49981e-05
8.24872,0.000207336,15.859,-0.312298,19.6384,0.0207274,-0.0165828,-6.48056e-05
8.24974,0.00020526,15.859,-0.3123,19.6384,0.0207258,-0.0165915,-6.49022e-05
8.2507,0.000200466,15.859,-0.312303,19.6384,0.0207241,-0.0166,-6.55387e-05
8.25167,0.000205264,15.859,-0.312299,19.6384,0.0207257,-0.0165918,-6.4902e-05
8.25272,0.000207337,15.859,-0.312297,19.6384,0.0207273,-0.0165835,-6.48053e-05
8.25374,0.000205261,15.859,-0.312298,19.6384,0.0207257,-0.0165921,-6.49023e-05
8.25467,0.000205261,15.859,-0.312298,19.6384,0.0207257,-0.0165921,-6.49023e-05
8.25573,0.000204607,15.859,-0.312298,19.6384,0.0207272,-0.016584,-6.5346e-05
8.25672,0.000200466,15.8591,-0.312301,19.6384,0.0207239,-0.016601,-6.55385e-05
8.25774,0.000203199,15.8591,-0.312298,19.6384,0.020724,-0.0166012,-6.49979e-05
8.25874,0.000207339,15.859,-0.312295,19.6384,0.0207272,-0.0165845,-6.48054e-05
8.25989,0.00020526,15.859,-0.312296,19.6384,0.0207255,-0.0165931,-6.49022e-05
8.26085,0.000200467,15.8591,-0.312299,19.6384,0.0207238,-0.0166016,-6.55386e-05
8.26225,0.000204606,15.859,-0.312296,19.6384,0.0207271,-0.016585,-6.5346e-05
8.26279,0.000202539,15.859,-0.312297,19.6384,0.0207254,-0.0165936,-6.54416e-05
8.264,0.000202539,15.859,-0.312297,19.6384,0.0207254,-0.0165936,-6.54416e-05
8.26472,0.000207334,15.859,-0.312292,19.6384,0.0207271,-0.0165855,-6.48054e-05
8.26575,0.000203198,15.8591,-0.312295,19.6384,0.0207238,-0.0166025,-6.49979e-05
8.26672,0.000200469,15.8591,-0.312297,19.6384,0.0207237,-0.0166027,-6.55385e-05
8.26775,0.000204609,15.859,-0.312294,19.6384,0.0207269,-0.016586,-6.53459e-05
8.26881,0.000202538,15.859,-0.312295,19.6384,0.0207253,-0.0165946,-6.54417e-05
8.26974,0.000203199,15.8591,-0.312294,19.6384,0.0207237,-0.0166032,-6.4998e-05
8.27076,0.000207339,15.859,-0.31229,19.6384,0.0207269,-0.0165865,-6.48055e-05
8.27172,0.000205263,15.859,-0.312291,19.6384,0.0207253,-0.0165951,-6.4902e-05
8.27272,0.000205263,15.859,-0.312291,19.6384,0.0207253,-0.0165951,-6.4902e-05
8.27376,0.000204608,15.859,-0.312291,19.6384,0.0207268,-0.016587,-6.5346e-05
8.27479,0.000200469,15.8591,-0.312294,19.6384,0.0207235,-0.016604,-6.55384e-05
8.27574,0.000203202,15.8591,-0.312291,19.6384,0.0207236,-0.0166042,-6.49978e-05
8.27675,0.000207341,15.859,-0.312288,19.6384,0.0207268,-0.0165875,-6.48053e-05
8.27776,0.000204608,15.859,-0.31229,19.6384,0.0207267,-0.0165876,-6.53456e-05
8.27874,0.000200469,15.8591,-0.312293,19.6384,0.0207235,-0.0166046,-6.55385e-05
8.27973,0.000202543,15.8591,-0.312291,19.6384,0.0207251,-0.0165963,-6.54418e-05
8.28074,0.000207343,15.859,-0.312286,19.6384,0.0207267,-0.0165882,-6.48051e-05
8.28174,0.000203199,15.8591,-0.312289,19.6384,0.0207235,-0.0166051,-6.49979e-05
8.28271,0.000205265,15.8591,-0.312287,19.6384,0.0207251,-0.0165968,-6.4902e-05
8.28374,0.000204611,15.859,-0.312287,19.6384,0.0207266,-0.0165887,-6.53458e-05
8.28481,0.000200469,15.8591,-0.31229,19.6384,0.0207233,-0.0166056,-6.55384e-05
8.28573,0.000202542,15.8591,-0.312289,19.6384,0.0207249,-0.0165973,-6.54417e-05
8.28674,0.000207342,15.859,-0.312284,19.6384,0.0207266,-0.0165892,-6.48052e-05
8.28776,0.0002032,15.8591,-0.312287,19.6384,0.0207233,-0.0166061,-6.49979e-05
8.2887,0.000205266,15.8591,-0.312285,19.6384,0.0207249,-0.0165978,-6.4902e-05
8.28972,0.000204611,15.859,-0.312285,19.6384,0.0207265,-0.0165897,-6.53458e-05
8.29073,0.000200469,15.8591,-0.312288,19.6384,0.0207232,-0.0166066,-6.55384e-05
8.29172,0.000202543,15.8591,-0.312286,19.6384,0.0207248,-0.0165983,-6.54417e-05
8.29274,0.000207343,15.859,-0.312282,19.6384,0.0207265,-0.0165902,-6.48052e-05
8.29377,0.000203201,15.8591,-0.312285,19.6384,0.0207232,-0.0166071,-6.49979e-05
8.29476,0.000205267,15.8591,-0.312283,19.6384,0.0207248,-0.0165988,-6.4902e-05
8.29574,0.000204612,15.859,-0.312283,19.6384,0.0207263,-0.0165907,-6.53458e-05
8.29673,0.00020047,15.8591,-0.312286,19.6384,0.0207231,-0.0166076,-6.55384e-05
8.29776,0.000203204,15.8591,-0.312283,19.6384,0.0207231,-0.0166078,-6.49977e-05
8.29872,0.000207344,15.859,-0.312279,19.6384,0.0207263,-0.0165912,-6.48052e-05
8.29973,0.000205265,15.8591,-0.31228,19.6384,0.0207247,-0.0165998,-6.4902e-05
8.30073,0.000200472,15.8591,-0.312284,19.6384,0.020723,-0.0166083,-6.55384e-05
8.30171,0.000204612,15.8591,-0.312281,19.6384,0.0207262,-0.0165916,-6.53458e-05
8.30273,0.000207343,15.8591,-0.312278,19.6384,0.0207263,-0.0165918,-6.48051e-05
8.30374,0.000203204,15.8591,-0.312281,19.6384,0.020723,-0.0166088,-6.49979e-05
8.30471,0.00020527,15.8591,-0.312279,19.6384,0.0207246,-0.0166005,-6.4902e-05
8.30576,0.000204615,15.8591,-0.312279,19.6384,0.0207261,-0.0165923,-6.53456e-05
8.30672,0.000200472,15.8591,-0.312282,19.6384,0.0207229,-0.0166093,-6.55383e-05
8.30771,0.000202545,15.8591,-0.31228,19.6384,0.0207245,-0.016601,-6.54416e-05
8.30877,0.000207345,15.8591,-0.312276,19.6384,0.0207261,-0.0165928,-6.48051e-05
8.30977,0.000203203,15.8591,-0.312278,19.6384,0.0207229,-0.0166098,-6.49978e-05
8.31069,0.000205269,15.8591,-0.312277,19.6384,0.0207245,-0.0166015,-6.49019e-05
8.31174,0.000204614,15.8591,-0.312277,19.6384,0.020726,-0.0165933,-6.53457e-05
8.31272,0.000200472,15.8591,-0.31228,19.6384,0.0207227,-0.0166103,-6.55383e-05
8.31369,0.000203207,15.8591,-0.312277,19.6384,0.0207228,-0.0166105,-6.49977e-05
8.31472,0.000207346,15.8591,-0.312273,19.6384,0.020726,-0.0165938,-6.48051e-05
8.31575,0.000204613,15.8591,-0.312275,19.6384,0.0207259,-0.016594,-6.53454e-05
8.3168,0.000200474,15.8591,-0.312278,19.6384,0.0207227,-0.016611,-6.55383e-05
8.31782,0.000202548,15.8591,-0.312276,19.6384,0.0207243,-0.0166026,-6.54416e-05
8.31877,0.000207348,15.8591,-0.312272,19.6384,0.0207259,-0.0165945,-6.48049e-05
8.31974,0.000203204,15.8592,-0.312275,19.6384,0.0207227,-0.0166115,-6.49977e-05
8.32076,0.00020527,15.8591,-0.312273,19.6384,0.0207243,-0.0166031,-6.49019e-05
8.32178,0.000204616,15.8591,-0.312273,19.6384,0.0207258,-0.016595,-6.53456e-05
8.32274,0.000200474,15.8592,-0.312276,19.6384,0.0207225,-0.0166119,-6.55382e-05
8.32375,0.000202547,15.8591,-0.312274,19.6384,0.0207241,-0.0166036,-6.54415e-05
8.32479,0.000207347,15.8591,-0.312269,19.6384,0.0207258,-0.0165955,-6.4805e-05
8.32575,0.000203205,15.8592,-0.312272,19.6384,0.0207225,-0.0166125,-6.49977e-05
8.32676,0.000205271,15.8591,-0.312271,19.6384,0.0207241,-0.0166041,-6.49018e-05
8.32774,0.000204616,15.8591,-0.312271,19.6384,0.0207257,-0.016596,-6.53456e-05
8.32874,0.000205272,15.8591,-0.31227,19.6384,0.0207241,-0.0166045,-6.49016e-05
8.3297,0.000202548,15.8591,-0.312272,19.6384,0.020724,-0.0166046,-6.54415e-05
8.33073,0.000205275,15.8591,-0.312269,19.6384,0.0207241,-0.0166048,-6.49017e-05
8.33175,0.000202551,15.8591,-0.312271,19.6384,0.020724,-0.016605,-6.54413e-05
8.3327,0.000205274,15.8591,-0.312268,19.6384,0.020724,-0.0166051,-6.49016e-05
8.33376,0.000202549,15.8591,-0.31227,19.6384,0.0207239,-0.0166053,-6.54414e-05
8.33485,0.000205273,15.8591,-0.312267,19.6384,0.020724,-0.0166055,-6.49016e-05
8.33594,0.00020255,15.8591,-0.312269,19.6384,0.0207239,-0.0166056,-6.54414e-05
8.3368,0.000205274,15.8591,-0.312267,19.6384,0.0207239,-0.0166058,-6.49016e-05
8.33773,0.00020255,15.8591,-0.312269,19.6384,0.0207238,-0.016606,-6.54414e-05
8.33875,0.000205274,15.8591,-0.312266,19.6384,0.0207239,-0.0166061,-6.49016e-05
8.33974,0.00020255,15.8591,-0.312268,19.6384,0.0207238,-0.0166063,-6.54414e-05
8.34077,0.000205274,15.8591,-0.312265,19.6384,0.0207238,-0.0166065,-6.49016e-05
8.34178,0.00020255,15.8592,-0.312267,19.6384,0.0207238,-0.0166066,-6.54414e-05
8.34283,0.000205275,15.8592,-0.312264,19.6384,0.0207238,-0.0166068,-6.49016e-05
8.34373,0.000202551,15.8592,-0.312266,19.6384,0.0207237,-0.016607,-6.54414e-05
8.34474,0.000205275,15.8592,-0.312264,19.6384,0.0207238,-0.0166071,-6.49016e-05
8.34577,0.000202551,15.8592,-0.312266,19.6384,0.0207237,-0.0166073,-6.54413e-05
8.3468,0.000205275,15.8592,-0.312263,19.6384,0.0207237,-0.0166075,-6.49016e-05
8.3478,0.000202551,15.8592,-0.312265,19.6384,0.0207236,-0.0166076,-6.54413e-05
8.34884,0.000205275,15.8592,-0.312262,19.6384,0.0207237,-0.0166078,-6.49016e-05
8.34991,0.000202551,15.8592,-0.312264,19.6384,0.0207236,-0.016608,-6.54413e-05
8.35081,0.000205276,15.8592,-0.312261,19.6384,0.0207236,-0.0166081,-6.49016e-05
8.35181,0.000202552,15.8592,-0.312263,19.6384,0.0207235,-0.0166083,-6.54413e-05
8.35269,0.000200479,15.8592,-0.312264,19.6385,0.0207219,-0.0166169,-6.5538e-05
8.35394,0.000202552,15.8592,-0.312263,19.6384,0.0207235,-0.0166086,-6.54413e-05
8.35486,0.000207349,15.8591,-0.312258,19.6384,0.0207252,-0.0166005,-6.48048e-05
8.35572,0.000202551,15.8592,-0.312262,19.6384,0.0207235,-0.0166089,-6.54412e-05
8.35685,0.000205275,15.8592,-0.312259,19.6384,0.0207235,-0.0166091,-6.49017e-05
8.35797,0.000203212,15.8592,-0.31226,19.6385,0.0207218,-0.0166178,-6.49973e-05
8.35878,0.000205278,15.8592,-0.312258,19.6384,0.0207235,-0.0166095,-6.49014e-05
8.35974,0.00020462,15.8591,-0.312258,19.6384,0.020725,-0.0166013,-6.53453e-05
8.36077,0.000205274,15.8592,-0.312258,19.6384,0.0207234,-0.0166098,-6.49016e-05
8.36173,0.000202552,15.8592,-0.31226,19.6384,0.0207233,-0.0166099,-6.54414e-05
8.36274,0.000205279,15.8592,-0.312257,19.6384,0.0207234,-0.0166101,-6.49015e-05
8.36413,0.000202555,15.8592,-0.312259,19.6384,0.0207233,-0.0166103,-6.54411e-05
8.36506,0.000204621,15.8592,-0.312257,19.6384,0.0207249,-0.016602,-6.53452e-05
8.36575,0.000202554,15.8592,-0.312258,19.6384,0.0207233,-0.0166106,-6.54412e-05
8.36678,0.000203212,15.8592,-0.312257,19.6385,0.0207217,-0.0166191,-6.49974e-05
8.36774,0.000202556,15.8592,-0.312257,19.6384,0.0207232,-0.016611,-6.54412e-05
8.36874,0.000205279,15.8592,-0.312254,19.6384,0.0207232,-0.0166111,-6.49014e-05
8.36969,0.000207353,15.8592,-0.312253,19.6384,0.0207249,-0.0166028,-6.48047e-05
8.3708,0.000205277,15.8592,-0.312254,19.6384,0.0207232,-0.0166114,-6.49016e-05
8.37175,0.000200481,15.8592,-0.312258,19.6385,0.0207215,-0.0166199,-6.55378e-05
8.37279,0.000204621,15.8592,-0.312254,19.6384,0.0207247,-0.0166033,-6.53453e-05
8.3738,0.000202556,15.8592,-0.312255,19.6384,0.0207231,-0.016612,-6.54411e-05
8.37493,0.000203211,15.8592,-0.312254,19.6385,0.0207215,-0.0166204,-6.49973e-05
8.37603,0.000202556,15.8592,-0.312254,19.6384,0.020723,-0.0166123,-6.54412e-05
8.37674,0.00020528,15.8592,-0.312251,19.6384,0.0207231,-0.0166125,-6.49013e-05
8.37796,0.000202553,15.8592,-0.312253,19.6384,0.020723,-0.0166126,-6.54411e-05
8.37887,0.000205278,15.8592,-0.312251,19.6384,0.020723,-0.0166128,-6.49015e-05
8.37975,0.000202555,15.8592,-0.312253,19.6384,0.020723,-0.0166129,-6.54412e-05
8.38076,0.00020528,15.8592,-0.31225,19.6384,0.020723,-0.0166131,-6.49014e-05
8.38174,0.000202556,15.8592,-0.312252,19.6384,0.0207229,-0.0166133,-6.54412e-05
8.38277,0.00020528,15.8592,-0.312249,19.6384,0.020723,-0.0166135,-6.49014e-05
8.38375,0.000202556,15.8592,-0.312251,19.6384,0.0207229,-0.0166136,-6.54411e-05
8.38473,0.00020528,15.8592,-0.312248,19.6384,0.0207229,-0.0166138,-6.49014e-05
8.38629,0.000202556,15.8592,-0.31225,19.6384,0.0207228,-0.0166139,-6.54411e-05
8.3874,0.00020528,15.8592,-0.312248,19.6384,0.0207229,-0.0166141,-6.49014e-05
8.38819,0.00020528,15.8592,-0.312248,19.6384,0.0207229,-0.0166141,-6.49014e-05
8.3893,0.000205281,15.8592,-0.312247,19.6384,0.0207228,-0.0166144,-6.49014e-05
8.39021,0.000200483,15.8593,-0.312251,19.6385,0.0207211,-0.0166229,-6.55378e-05
8.3912,0.000205281,15.8592,-0.312246,19.6384,0.0207228,-0.0166148,-6.49014e-05
8.39225,0.000202557,15.8592,-0.312248,19.6384,0.0207227,-0.0166149,-6.54411e-05
8.39276,0.000205279,15.8592,-0.312245,19.6384,0.0207227,-0.0166151,-6.49013e-05
8.39373,0.000202556,15.8592,-0.312247,19.6384,0.0207227,-0.0166153,-6.54412e-05
8.39472,0.000205281,15.8592,-0.312245,19.6384,0.0207227,-0.0166154,-6.49013e-05
8.39574,0.000202558,15.8592,-0.312247,19.6384,0.0207226,-0.0166156,-6.54411e-05
8.39675,0.000205282,15.8592,-0.312244,19.6384,0.0207227,-0.0166158,-6.49013e-05
8.39806,0.000202558,15.8592,-0.312246,19.6384,0.0207226,-0.0166159,-6.5441e-05
8.39879,0.000205282,15.8592,-0.312243,19.6384,0.0207226,-0.0166161,-6.49013e-05
8.39976,0.000202558,15.8592,-0.312245,19.6384,0.0207225,-0.0166163,-6.5441e-05
8.40078,0.000205282,15.8592,-0.312242,19.6384,0.0207226,-0.0166164,-6.49013e-05
8.40175,0.000202559,15.8592,-0.312244,19.6384,0.0207225,-0.0166166,-6.5441e-05
8.40273,0.000205282,15.8592,-0.312242,19.6384,0.0207225,-0.0166168,-6.49013e-05
8.40376,0.000202559,15.8592,-0.312243,19.6384,0.0207224,-0.0166169,-6.5441e-05
8.40475,0.000205282,15.8593,-0.312241,19.6384,0.0207225,-0.0166171,-6.49013e-05
8.40574,0.000202559,15.8593,-0.312243,19.6384,0.0207224,-0.0166173,-6.5441e-05
8.40675,0.000205282,15.8593,-0.31224,19.6384,0.0207224,-0.0166174,-6.49014e-05
8.40776,0.000202559,15.8593,-0.312242,19.6384,0.0207224,-0.0166176,-6.54409e-05
8.40875,0.000205283,15.8593,-0.312239,19.6384,0.0207224,-0.0166178,-6.49014e-05
8.40977,0.00020256,15.8593,-0.312241,19.6384,0.0207223,-0.0166179,-6.54409e-05
8.41075,0.000205283,15.8593,-0.312238,19.6384,0.0207224,-0.0166181,-6.49014e-05
8.41219,0.00020256,15.8593,-0.31224,19.6384,0.0207223,-0.0166183,-6.54409e-05
8.41331,0.000205283,15.8593,-0.312238,19.6384,0.0207223,-0.0166184,-6.49014e-05
8.4146,0.00020256,15.8593,-0.31224,19.6384,0.0207222,-0.0166186,-6.5441e-05
8.41525,0.00020256,15.8593,-0.31224,19.6384,0.0207222,-0.0166186,-6.5441e-05
8.4159,0.00020256,15.8593,-0.312239,19.6384,0.0207222,-0.0166189,-6.5441e-05
8.41685,0.000203218,15.8593,-0.312238,19.6385,0.0207206,-0.0166274,-6.49971e-05
8.41781,0.000202561,15.8593,-0.312238,19.6384,0.0207221,-0.0166193,-6.54409e-05
8.41887,0.000204627,15.8592,-0.312236,19.6384,0.0207238,-0.0166109,-6.5345e-05
8.41975,0.000202557,15.8593,-0.312237,19.6384,0.0207221,-0.0166196,-6.5441e-05
8.42145,0.000202557,15.8593,-0.312237,19.6384,0.0207221,-0.0166196,-6.5441e-05
8.42232,0.000207358,15.8592,-0.312233,19.6384,0.0207238,-0.0166115,-6.48047e-05
8.42322,0.00020322,15.8593,-0.312236,19.6385,0.0207205,-0.0166284,-6.4997e-05
8.42373,0.000200489,15.8593,-0.312238,19.6385,0.0207204,-0.0166286,-6.55375e-05
8.42528,0.000205287,15.8593,-0.312233,19.6384,0.0207221,-0.0166205,-6.49013e-05
8.42576,0.00020736,15.8592,-0.312231,19.6384,0.0207237,-0.0166121,-6.48046e-05
8.42676,0.000205282,15.8593,-0.312232,19.6384,0.020722,-0.0166208,-6.49013e-05
8.4277,0.000200489,15.8593,-0.312236,19.6385,0.0207203,-0.0166293,-6.55378e-05
8.42868,0.000205286,15.8593,-0.312232,19.6384,0.020722,-0.0166211,-6.49011e-05
8.42975,0.000202561,15.8593,-0.312234,19.6384,0.0207219,-0.0166212,-6.54408e-05
8.43083,0.000204627,15.8593,-0.312232,19.6384,0.0207235,-0.0166129,-6.53449e-05
8.43183,0.000202562,15.8593,-0.312233,19.6384,0.0207219,-0.0166216,-6.54408e-05
8.43289,0.000202562,15.8593,-0.312233,19.6384,0.0207219,-0.0166216,-6.54408e-05
8.43367,0.000207361,15.8593,-0.312228,19.6384,0.0207235,-0.0166135,-6.48045e-05
8.43486,0.000203221,15.8593,-0.312231,19.6385,0.0207202,-0.0166304,-6.4997e-05
8.43607,0.000205287,15.8593,-0.312229,19.6384,0.0207219,-0.0166221,-6.49011e-05
8.43675,0.000205286,15.8593,-0.312229,19.6384,0.0207218,-0.0166224,-6.49011e-05
8.43773,0.000205286,15.8593,-0.312229,19.6384,0.0207218,-0.0166224,-6.49011e-05
8.43875,0.000204628,15.8593,-0.312229,19.6384,0.0207233,-0.0166143,-6.53451e-05
8.43972,0.000205286,15.8593,-0.312228,19.6384,0.0207218,-0.0166228,-6.49012e-05
8.4407,0.000202563,15.8593,-0.31223,19.6384,0.0207217,-0.0166229,-6.54408e-05
8.44172,0.000205289,15.8593,-0.312227,19.6384,0.0207217,-0.0166231,-6.49011e-05
8.44272,0.000202565,15.8593,-0.312229,19.6384,0.0207216,-0.0166233,-6.54407e-05
8.44371,0.000205288,15.8593,-0.312226,19.6384,0.0207217,-0.0166234,-6.49011e-05
8.44477,0.000202564,15.8593,-0.312228,19.6384,0.0207216,-0.0166236,-6.54408e-05
8.4458,0.000205288,15.8593,-0.312225,19.6384,0.0207216,-0.0166238,-6.49011e-05
8.44677,0.000203222,15.8594,-0.312227,19.6385,0.02072,-0.0166324,-6.49969e-05
8.44773,0.000205288,15.8593,-0.312225,19.6384,0.0207216,-0.0166241,-6.49011e-05
8.44878,0.00020463,15.8593,-0.312225,19.6384,0.0207231,-0.0166159,-6.53449e-05
8.44973,0.000205286,15.8593,-0.312224,19.6384,0.0207216,-0.0166244,-6.49011e-05
8.45069,0.000203224,15.8594,-0.312225,19.6385,0.0207199,-0.0166331,-6.4997e-05
8.45174,0.000200493,15.8594,-0.312227,19.6385,0.0207198,-0.0166333,-6.55374e-05
8.45271,0.000204632,15.8593,-0.312223,19.6384,0.020723,-0.0166166,-6.53448e-05
8.45369,0.000202562,15.8593,-0.312224,19.6384,0.0207214,-0.0166252,-6.54408e-05
8.4547,0.000202562,15.8593,-0.312224,19.6384,0.0207214,-0.0166252,-6.54408e-05
8.45574,0.000207363,15.8593,-0.31222,19.6384,0.020723,-0.0166171,-6.48045e-05
8.45738,0.000203223,15.8594,-0.312223,19.6385,0.0207198,-0.0166341,-6.49969e-05
8.45823,0.00020529,15.8593,-0.312221,19.6384,0.0207214,-0.0166258,-6.4901e-05
8.45927,0.000204634,15.8593,-0.312221,19.6384,0.0207229,-0.0166176,-6.53449e-05
8.46033,0.000200492,15.8594,-0.312224,19.6385,0.0207196,-0.0166346,-6.55372e-05
8.46067,0.000202566,15.8593,-0.312222,19.6384,0.0207213,-0.0166262,-6.54406e-05
8.46175,0.000207362,15.8593,-0.312218,19.6384,0.0207229,-0.0166181,-6.48045e-05
8.46281,0.000203225,15.8594,-0.31222,19.6385,0.0207196,-0.0166351,-6.49968e-05
8.46371,0.000205291,15.8593,-0.312219,19.6384,0.0207213,-0.0166268,-6.49009e-05
8.46486,0.000204635,15.8593,-0.312219,19.6384,0.0207228,-0.0166186,-6.53449e-05
8.46576,0.000200492,15.8594,-0.312222,19.6385,0.0207195,-0.0166356,-6.55375e-05
8.46674,0.000202566,15.8593,-0.31222,19.6384,0.0207211,-0.0166272,-6.54408e-05
8.46771,0.000207366,15.8593,-0.312215,19.6384,0.0207228,-0.0166191,-6.48043e-05
8.46873,0.000203224,15.8594,-0.312218,19.6385,0.0207195,-0.0166361,-6.4997e-05
8.46977,0.00020529,15.8594,-0.312216,19.6384,0.0207211,-0.0166278,-6.49011e-05
8.47076,0.000204635,15.8593,-0.312216,19.6384,0.0207227,-0.0166196,-6.53449e-05
8.4718,0.000200493,15.8594,-0.312219,19.6385,0.0207194,-0.0166366,-6.55374e-05
8.47281,0.000202566,15.8594,-0.312218,19.6384,0.020721,-0.0166282,-6.54408e-05
8.47389,0.000207367,15.8593,-0.312213,19.6384,0.0207227,-0.0166201,-6.48043e-05
8.47492,0.000202567,15.8594,-0.312217,19.6385,0.020721,-0.0166286,-6.54405e-05
8.47578,0.00020529,15.8594,-0.312214,19.6385,0.020721,-0.0166288,-6.49011e-05
8.47676,0.00020257,15.8594,-0.312216,19.6385,0.0207209,-0.0166289,-6.54407e-05
8.47777,0.000205293,15.8594,-0.312213,19.6385,0.020721,-0.0166291,-6.49008e-05
8.47888,0.000207367,15.8593,-0.312211,19.6384,0.0207226,-0.0166208,-6.48041e-05
8.47993,0.000204635,15.8593,-0.312213,19.6384,0.0207225,-0.0166209,-6.53448e-05
