-0.062784 0.081839 -3.102320 -0.084647 0.365171 -0.006120 
-0.054668 0.078041 -3.154845 -0.084827 0.365025 -0.005305 
-0.060087 0.072967 -3.351471 -0.085016 0.365187 -0.003650 
-0.051724 0.076689 -3.568424 -0.084973 0.365163 -0.002119 
-0.050305 0.067899 -3.786933 -0.085022 0.365184 0.000050 
-0.042321 0.070721 -3.942661 -0.084829 0.365440 0.001306 
-0.043157 0.070444 -3.890689 -0.084673 0.365533 0.000704 
-0.044777 0.078902 -3.683417 -0.084465 0.365612 -0.001157 
-0.053516 0.083013 -3.506993 -0.084291 0.365743 -0.002831 
-0.055217 0.084261 -3.268446 -0.084296 0.365527 -0.004877 
-0.056049 0.084635 -3.113361 -0.084302 0.365510 -0.006030 
-0.055454 0.085603 -3.175426 -0.084452 0.365229 -0.005434 
-0.052888 0.084522 -3.351898 -0.084770 0.365429 -0.003653 
-0.051919 0.076486 -3.549315 -0.084815 0.365258 -0.001785 
-0.042326 0.071764 -3.797126 -0.085151 0.365226 0.000151 
-0.041541 0.063030 -3.952426 -0.085203 0.365241 0.001410 
-0.049417 0.066137 -3.889809 -0.085029 0.365574 0.000601 
-0.051325 0.066925 -3.692845 -0.084874 0.365462 -0.001162 
-0.053186 0.076074 -3.495666 -0.084661 0.365353 -0.003029 
-0.055955 0.077345 -3.257662 -0.084345 0.365145 -0.005080 
-0.064959 0.082906 -3.102263 -0.084159 0.364900 -0.006445 
-0.049522 0.083265 -3.185471 -0.084303 0.364709 -0.005548 
-0.048547 0.075357 -3.352541 -0.084349 0.364535 -0.003654 
-0.047055 0.074169 -3.559903 -0.084345 0.364747 -0.001904 
-0.044333 0.064538 -3.798122 -0.084720 0.364952 0.000251 
-0.057894 0.064021 -3.953155 -0.084723 0.365070 0.001405 
-0.057662 0.063723 -3.900641 -0.084889 0.365155 0.000808 
-0.058684 0.063270 -3.733785 -0.084902 0.365327 -0.000982 
-0.067216 0.067841 -3.515778 -0.084887 0.365354 -0.002938 
-0.068635 0.076630 -3.297269 -0.084838 0.365334 -0.005108 
-0.062852 0.073614 -3.120806 -0.084865 0.365073 -0.006671 
-0.055340 0.078597 -3.163260 -0.084823 0.364839 -0.005953 
-0.062062 0.074365 -3.340176 -0.084686 0.364816 -0.004284 
-0.052826 0.077863 -3.537478 -0.084806 0.364880 -0.002413 
-0.044495 0.072960 -3.766722 -0.084663 0.364951 -0.000148 
-0.050325 0.067615 -3.943400 -0.084694 0.365209 0.001520 
-0.057421 0.063031 -3.890548 -0.084894 0.365343 0.000814 
-0.059095 0.062999 -3.713837 -0.084745 0.365423 -0.000968 
-0.060064 0.071036 -3.516420 -0.084700 0.365593 -0.002836 
-0.068394 0.075939 -3.287176 -0.084843 0.365522 -0.005101 
-0.069500 0.078156 -3.110694 -0.084998 0.365025 -0.006550 
-0.061384 0.074357 -3.163218 -0.085178 0.364879 -0.005735 
-0.052646 0.070247 -3.339643 -0.085353 0.364748 -0.004061 
-0.051542 0.077908 -3.537774 -0.085127 0.364871 -0.002087 
-0.042144 0.072984 -3.766475 -0.085304 0.364934 0.000184 
-0.048841 0.067993 -3.932459 -0.085173 0.365101 0.001537 
-0.049436 0.067024 -3.870394 -0.085023 0.365382 0.000941 
-0.050847 0.075421 -3.694307 -0.084814 0.365464 -0.000625 
-0.052319 0.075721 -3.506360 -0.084823 0.365444 -0.002715 
-0.060409 0.079932 -3.267023 -0.084972 0.365560 -0.004974 
-0.068997 0.085892 -3.101225 -0.084944 0.365215 -0.006328 
-0.060646 0.081274 -3.174002 -0.085128 0.365262 -0.005532 
-0.051907 0.077163 -3.350427 -0.085303 0.365130 -0.003858 
-0.050938 0.069126 -3.547843 -0.085348 0.364960 -0.001990 
-0.041756 0.064134 -3.775706 -0.085526 0.365024 -0.000040 
-0.048405 0.067504 -3.941475 -0.085337 0.365193 0.001209 
-0.056563 0.063070 -3.858820 -0.085217 0.365332 0.000524 
-0.051976 0.067346 -3.682990 -0.084712 0.365370 -0.001155 
-0.052769 0.076473 -3.485268 -0.084819 0.365253 -0.003017 
-0.061711 0.080774 -3.247313 -0.084647 0.365376 -0.004960 
-0.070346 0.078374 -3.081730 -0.084677 0.365028 -0.006209 
-0.061538 0.082386 -3.174240 -0.084960 0.364982 -0.005531 
-0.059911 0.074057 -3.351166 -0.085169 0.364899 -0.003644 
-0.051179 0.069818 -3.557937 -0.085343 0.364772 -0.001996 
-0.049061 0.068968 -3.786085 -0.085496 0.364888 0.000062 
-0.055604 0.055948 -3.941048 -0.085583 0.364951 0.001212 
-0.056393 0.064032 -3.888861 -0.085369 0.365048 0.000505 
-0.058066 0.064001 -3.712150 -0.085219 0.365127 -0.001278 
-0.059975 0.064789 -3.515187 -0.085065 0.365015 -0.003040 
-0.061958 0.081337 -3.287752 -0.084640 0.365193 -0.004992 
-0.070568 0.078178 -3.111237 -0.084677 0.365033 -0.006556 
-0.063056 0.083161 -3.153691 -0.084635 0.364798 -0.005838 
-0.061793 0.082922 -3.310454 -0.084627 0.364815 -0.004042 
-0.052610 0.077930 -3.538316 -0.084806 0.364879 -0.002092 
-0.043475 0.064577 -3.766394 -0.085043 0.364940 -0.000038 
-0.056351 0.062487 -3.962772 -0.085054 0.365442 0.001397 
-0.056792 0.053490 -3.889686 -0.085122 0.365620 0.000597 
-0.065067 0.066361 -3.702648 -0.085047 0.365655 -0.001170 
-0.066276 0.075089 -3.515325 -0.084996 0.365637 -0.003044 
-0.068394 0.075939 -3.287176 -0.084843 0.365522 -0.005101 
-0.062348 0.081351 -3.111337 -0.084811 0.365263 -0.006448 
-0.055300 0.077574 -3.164404 -0.084670 0.365126 -0.005638 
-0.054043 0.077207 -3.351513 -0.084661 0.365146 -0.003868 
-0.053443 0.077132 -3.559112 -0.084489 0.365079 -0.002117 
-0.043998 0.080568 -3.787599 -0.084608 0.365146 0.000049 
-0.043630 0.071434 -3.953297 -0.084502 0.365260 0.001295 
-0.058047 0.062693 -3.869761 -0.084738 0.365440 0.000507 
-0.059721 0.062661 -3.693050 -0.084588 0.365519 -0.001276 
-0.060273 0.071097 -3.485235 -0.084701 0.365590 -0.003131 
-0.062584 0.080999 -3.266965 -0.084484 0.365289 -0.005300 
-0.062583 0.082171 -3.091084 -0.084806 0.365072 -0.006428 
-0.062189 0.082807 -3.164385 -0.084797 0.364890 -0.005524 
-0.046123 0.082982 -3.341147 -0.084938 0.364709 -0.003741 
-0.044239 0.082953 -3.549043 -0.085086 0.364633 -0.001664 
-0.042298 0.081013 -3.777496 -0.085086 0.365037 0.000387 
-0.049258 0.067593 -3.942857 -0.085015 0.365201 0.001525 
-0.050303 0.067378 -3.859701 -0.084861 0.365290 0.000628 
-0.058801 0.070797 -3.673183 -0.084692 0.365610 -0.001040 
-0.052529 0.075782 -3.475175 -0.084825 0.365441 -0.003010 
-0.060819 0.079661 -3.247075 -0.084815 0.365656 -0.004961 
-0.061845 0.089087 -3.101867 -0.084757 0.365454 -0.006225 
-0.054433 0.077220 -3.175098 -0.084832 0.365217 -0.005324 
-0.052108 0.076831 -3.361663 -0.085144 0.365230 -0.003549 
-0.050851 0.076464 -3.548772 -0.085136 0.365250 -0.001779 
-0.042085 0.071073 -3.787033 -0.085156 0.365414 0.000158 
-0.034605 0.066157 -3.952230 -0.085017 0.365480 0.001191 
-0.043630 0.062077 -3.858881 -0.084734 0.365527 0.000192 
-0.052159 0.066127 -3.713641 -0.084558 0.365662 -0.001187 
-0.053779 0.074584 -3.506369 -0.084350 0.365741 -0.003048 
-0.055264 0.075900 -3.268661 -0.084355 0.365524 -0.004772 
-0.062960 0.080748 -3.102625 -0.084495 0.365459 -0.006126 
-0.055085 0.077641 -3.165243 -0.084669 0.365125 -0.005317 
-0.053041 0.069712 -3.331771 -0.085036 0.364943 -0.003418 
-0.051374 0.069615 -3.538827 -0.085185 0.364867 -0.001662 
-0.042608 0.064223 -3.777088 -0.085205 0.365031 0.000275 
-0.048606 0.067172 -3.952712 -0.085178 0.365293 0.001518 
-0.057220 0.063363 -3.879311 -0.085053 0.365244 0.000506 
-0.059109 0.063263 -3.701761 -0.084904 0.365324 -0.001598 
-0.061428 0.063781 -3.484850 -0.084592 0.365308 -0.003347 
-0.063915 0.072593 -3.266884 -0.084222 0.365295 -0.005521 
-0.064546 0.073298 -3.100562 -0.084387 0.365178 -0.006984 
-0.063473 0.082762 -3.164089 -0.084477 0.364899 -0.005850 
-0.062914 0.074455 -3.341558 -0.084364 0.364824 -0.003969 
-0.059770 0.065351 -3.539033 -0.084898 0.364924 -0.001775 
-0.050741 0.068388 -3.777917 -0.084859 0.365091 0.000378 
-0.056370 0.063375 -3.943358 -0.085049 0.365249 0.001738 
-0.056616 0.054581 -3.889381 -0.085275 0.365332 0.000603 
-0.058242 0.062910 -3.712455 -0.085066 0.365415 -0.001284 
-0.066774 0.067481 -3.494448 -0.085051 0.365443 -0.003241 
-0.069107 0.068263 -3.265460 -0.084899 0.365328 -0.005619 
-0.062651 0.073946 -3.109569 -0.085024 0.364974 -0.006979 
-0.055340 0.078597 -3.163260 -0.084823 0.364839 -0.005953 
-0.061195 0.074012 -3.350870 -0.084848 0.364908 -0.003970 
-0.052031 0.069907 -3.559318 -0.085021 0.364779 -0.001680 
-0.050525 0.068455 -3.778756 -0.084858 0.365090 0.000699 
-0.049042 0.067661 -3.943696 -0.085014 0.365200 0.001846 
-0.057415 0.063160 -3.860202 -0.084895 0.365339 0.000840 
-0.065348 0.058820 -3.682610 -0.085101 0.365460 -0.001045 
-0.067232 0.058850 -3.474715 -0.084952 0.365536 -0.003123 
-0.068914 0.059211 -3.255582 -0.084963 0.365513 -0.005508 
-0.069522 0.069036 -3.099977 -0.085063 0.365210 -0.006761 
-0.062016 0.073891 -3.172778 -0.085020 0.364980 -0.006068 
-0.060544 0.073591 -3.360725 -0.085011 0.365000 -0.003978 
-0.051791 0.069216 -3.549225 -0.085026 0.364967 -0.001674 
-0.042762 0.072253 -3.788109 -0.084987 0.365134 0.000479 
-0.048391 0.067240 -3.953551 -0.085177 0.365292 0.001839 
-0.055843 0.070874 -3.850190 -0.085162 0.365521 0.001068 
-0.057308 0.070781 -3.704664 -0.085011 0.365604 -0.000419 
-0.064771 0.075331 -3.486113 -0.085317 0.365624 -0.002371 
-0.073565 0.071473 -3.267482 -0.085361 0.365649 -0.004544 
-0.067084 0.076397 -3.100659 -0.085492 0.365484 -0.006219 
-0.066752 0.068937 -3.162100 -0.085702 0.365200 -0.005839 
-0.065031 0.077330 -3.338596 -0.085793 0.365124 -0.004161 
-0.063821 0.068602 -3.525919 -0.085843 0.365141 -0.002287 
-0.055296 0.063902 -3.774273 -0.085858 0.365117 -0.000356 
-0.048036 0.059542 -3.931292 -0.085554 0.365090 0.001326 
-0.056300 0.071499 -3.859444 -0.085157 0.365334 0.000741 
-0.065958 0.067473 -3.702886 -0.084878 0.365375 -0.001169 
-0.067861 0.068390 -3.475577 -0.084725 0.365258 -0.002905 
-0.077043 0.073383 -3.247714 -0.084546 0.365194 -0.004855 
-0.063522 0.074923 -3.091537 -0.084697 0.364789 -0.006323 
-0.069604 0.071184 -3.163119 -0.085044 0.364649 -0.005842 
-0.067930 0.071216 -3.339830 -0.085194 0.364569 -0.004060 
-0.065658 0.062337 -3.556956 -0.085565 0.364582 -0.002206 
-0.049799 0.062052 -3.775301 -0.085545 0.364505 -0.000141 
-0.049169 0.061347 -3.941623 -0.085380 0.364622 0.001321 
-0.057044 0.064453 -3.879006 -0.085206 0.364956 0.000512 
-0.066434 0.068985 -3.692727 -0.084868 0.364995 -0.001155 
-0.060902 0.080638 -3.486097 -0.084473 0.365312 -0.002914 
-0.063020 0.081487 -3.257949 -0.084320 0.365197 -0.004971 
-0.057156 0.085680 -3.112760 -0.084134 0.365231 -0.006351 
-0.056522 0.085625 -3.175969 -0.084131 0.365237 -0.005440 
-0.055111 0.077229 -3.352056 -0.084340 0.365155 -0.003874 
-0.053250 0.068079 -3.549234 -0.084553 0.365264 -0.002007 
-0.051549 0.066831 -3.787781 -0.084548 0.365480 0.000038 
-0.050113 0.057675 -3.952936 -0.084764 0.365586 0.001290 
-0.050507 0.057039 -3.879635 -0.084773 0.365768 0.000385 
-0.058829 0.061549 -3.692812 -0.084756 0.365799 -0.001277 
-0.060449 0.070006 -3.485540 -0.084548 0.365878 -0.003138 
-0.055326 0.067804 -3.256801 -0.084573 0.365422 -0.005297 
-0.056265 0.084567 -3.112522 -0.084303 0.365510 -0.006351 
-0.048590 0.081129 -3.186376 -0.084318 0.365276 -0.005234 
-0.046869 0.089522 -3.362872 -0.084409 0.365200 -0.003556 
-0.045900 0.081485 -3.560289 -0.084454 0.365029 -0.001688 
-0.036502 0.076560 -3.788990 -0.084631 0.365093 0.000582 
-0.034825 0.066713 -3.944052 -0.084852 0.365387 0.001840 
-0.042782 0.062611 -3.850160 -0.084891 0.365426 0.000847 
-0.058384 0.071196 -3.662785 -0.084850 0.365509 -0.001028 
-0.059440 0.071895 -3.464439 -0.085017 0.365390 -0.003106 
-0.061094 0.081505 -3.225678 -0.084964 0.365177 -0.005256 
-0.061932 0.081750 -3.100939 -0.084969 0.365163 -0.006436 
-0.054923 0.078997 -3.152862 -0.084981 0.364739 -0.005940 
-0.054317 0.079050 -3.330116 -0.084810 0.364667 -0.004163 
-0.052456 0.069901 -3.527295 -0.085023 0.364777 -0.002296 
-0.044079 0.073359 -3.756324 -0.084821 0.364851 -0.000136 
-0.042797 0.072233 -3.932501 -0.084819 0.365060 0.001320 
-0.051418 0.059039 -3.860459 -0.084599 0.365295 0.000727 
-0.051761 0.067413 -3.683829 -0.084711 0.365369 -0.000834 
-0.060298 0.071856 -3.496167 -0.084695 0.365401 -0.002817 
-0.068172 0.076135 -3.257669 -0.084843 0.365517 -0.004755 
-0.069044 0.077531 -3.101440 -0.085003 0.365212 -0.006223 
-0.060276 0.073312 -3.163819 -0.085345 0.365158 -0.005415 
-0.066534 0.077840 -3.330122 -0.085308 0.365039 -0.003838 
-0.058266 0.064841 -3.547506 -0.085383 0.365009 -0.002098 
-0.049424 0.077059 -3.765922 -0.085280 0.364987 -0.000029 
-0.041729 0.072211 -3.931958 -0.085140 0.365052 0.001325 
-0.050566 0.058950 -3.859077 -0.084921 0.365288 0.000411 
-0.052192 0.067279 -3.682151 -0.084712 0.365371 -0.001476 
-0.060924 0.071518 -3.475380 -0.084538 0.365498 -0.003124 
-0.063042 0.072368 -3.247232 -0.084385 0.365382 -0.005182 
-0.056370 0.078118 -3.092179 -0.084509 0.365027 -0.006221 
-0.055325 0.078333 -3.175336 -0.084663 0.364937 -0.005324 
-0.061027 0.065718 -3.351924 -0.084906 0.364904 -0.003545 
-0.051380 0.069486 -3.569173 -0.085184 0.364871 -0.001687 
-0.056590 0.064351 -3.796984 -0.085372 0.365036 0.000262 
-0.048847 0.067864 -3.962805 -0.085173 0.365105 0.001512 
-0.056152 0.063341 -3.878768 -0.085374 0.365236 0.000511 
-0.058477 0.063730 -3.692202 -0.085062 0.365223 -0.001264 
-0.060097 0.072188 -3.484930 -0.084854 0.365302 -0.003125 
-0.062168 0.081398 -3.256567 -0.084642 0.365189 -0.005287 
-0.062737 0.090200 -3.102105 -0.084589 0.365174 -0.006225 
-0.061739 0.082055 -3.185477 -0.084801 0.365081 -0.005223 
-0.060065 0.082086 -3.362188 -0.084951 0.365001 -0.003440 
-0.058204 0.072937 -3.559366 -0.085164 0.365111 -0.001573 
-0.049310 0.060276 -3.797537 -0.085396 0.364984 0.000475 
-0.047801 0.058722 -3.951545 -0.085559 0.365282 0.001307 
-0.056127 0.062582 -3.867836 -0.085380 0.365424 0.000196 
-0.065316 0.067445 -3.670320 -0.085202 0.365364 -0.001779 
-0.074311 0.063256 -3.462925 -0.085087 0.365489 -0.003644 
-0.062881 0.073723 -3.234851 -0.084697 0.364996 -0.005805 
-0.063914 0.073764 -3.091003 -0.084545 0.365077 -0.006650 
-0.055775 0.079086 -3.154244 -0.084659 0.364746 -0.005625 
-0.054753 0.079539 -3.321100 -0.084646 0.364575 -0.003835 
-0.052917 0.071149 -3.529210 -0.084853 0.364495 -0.001653 
-0.051216 0.069900 -3.767757 -0.084848 0.364711 0.000392 
-0.048913 0.060391 -3.943606 -0.085226 0.364909 0.001957 
-0.056635 0.055468 -3.869967 -0.085269 0.365140 0.000944 
-0.065589 0.059512 -3.692703 -0.085095 0.365272 -0.001052 
-0.066598 0.068572 -3.494143 -0.085204 0.365155 -0.003234 
-0.068738 0.060301 -3.255278 -0.085116 0.365225 -0.005502 
-0.069106 0.069435 -3.089579 -0.085221 0.365110 -0.006748 
-0.061600 0.074290 -3.162380 -0.085179 0.364880 -0.006056 
-0.053062 0.069847 -3.350041 -0.085195 0.364848 -0.004073 
-0.059071 0.073291 -3.548673 -0.085002 0.365019 -0.001887 
-0.043676 0.064245 -3.777631 -0.084884 0.365039 0.000270 
-0.049265 0.058209 -3.944216 -0.084921 0.365485 0.001944 
-0.057375 0.062136 -3.861346 -0.084742 0.365626 0.001155 
-0.051045 0.065210 -3.683895 -0.084726 0.365937 -0.000841 
-0.059166 0.070052 -3.485836 -0.084869 0.365869 -0.002811 
-0.068147 0.075376 -3.246737 -0.084849 0.365705 -0.005069 
-0.061456 0.080238 -3.111099 -0.084979 0.365543 -0.006449 
-0.052930 0.076710 -3.183571 -0.085316 0.365302 -0.005647 
-0.051720 0.067982 -3.370895 -0.085367 0.365319 -0.003773 
-0.050704 0.068306 -3.568096 -0.085353 0.365152 -0.002009 
-0.041909 0.072163 -3.786728 -0.085309 0.365126 0.000164 
-0.041085 0.062406 -3.943172 -0.085208 0.365428 0.001737 
-0.043151 0.070573 -3.860343 -0.084674 0.365529 0.000730 
-0.052804 0.066676 -3.673440 -0.084396 0.365566 -0.001154 
-0.068817 0.074991 -3.466117 -0.084197 0.365745 -0.003015 
-0.063646 0.081149 -3.237162 -0.084163 0.365293 -0.005279 
-0.064068 0.081794 -3.102025 -0.084327 0.365180 -0.006446 
-0.063674 0.082430 -3.175326 -0.084318 0.364998 -0.005542 
-0.054525 0.078590 -3.371699 -0.084650 0.364771 -0.003881 
-0.052488 0.070531 -3.568573 -0.085016 0.364592 -0.002008 
-0.050805 0.070170 -3.787705 -0.085006 0.364615 0.000378 
-0.049973 0.069797 -3.942790 -0.085000 0.364633 0.001532 
-0.051282 0.061153 -3.859010 -0.084905 0.364720 0.000418 
-0.059315 0.073332 -3.661879 -0.084835 0.364942 -0.001342 
-0.061400 0.073030 -3.465220 -0.084528 0.365118 -0.003111 
-0.063054 0.082639 -3.226459 -0.084474 0.364905 -0.005260 
-0.056323 0.086478 -3.091964 -0.084451 0.365030 -0.006325 
-0.062807 0.082076 -3.186020 -0.084480 0.365089 -0.005228 
-0.054278 0.078027 -3.331260 -0.084656 0.364954 -0.003849 
-0.051503 0.076885 -3.538917 -0.084973 0.365158 -0.001772 
-0.042737 0.071494 -3.777178 -0.084993 0.365322 0.000165 
-0.041301 0.062338 -3.942333 -0.085209 0.365429 0.001416 
-0.048807 0.057483 -3.869533 -0.085251 0.365659 0.000724 
-0.050433 0.065812 -3.692607 -0.085043 0.365742 -0.001163 
-0.052557 0.066533 -3.494804 -0.084889 0.365630 -0.003247 
-0.061452 0.079195 -3.256634 -0.084657 0.365757 -0.005294 
-0.056111 0.076538 -3.101500 -0.084520 0.365408 -0.006555 
-0.055670 0.085536 -3.174587 -0.084453 0.365229 -0.005755 
-0.047367 0.081913 -3.341995 -0.084464 0.365005 -0.003753 
-0.052858 0.069238 -3.549768 -0.084705 0.364975 -0.001679 
-0.043830 0.072274 -3.788652 -0.084666 0.365142 0.000474 
-0.049042 0.067661 -3.943696 -0.085014 0.365200 0.001846 
-0.050375 0.059776 -3.870847 -0.084914 0.365099 0.001047 
-0.058261 0.063797 -3.693041 -0.085061 0.365223 -0.000943 
-0.066404 0.059519 -3.484265 -0.085268 0.365340 -0.003124 
-0.068475 0.068730 -3.255901 -0.085056 0.365227 -0.005286 
-0.077062 0.074690 -3.090104 -0.085028 0.364882 -0.006639 
-0.061625 0.075049 -3.173311 -0.085172 0.364691 -0.005741 
-0.060778 0.074411 -3.340472 -0.085007 0.364808 -0.003958 
-0.052898 0.070261 -3.548625 -0.084859 0.364688 -0.001994 
-0.051244 0.060651 -3.787386 -0.084913 0.364901 0.000156 
-0.057237 0.063729 -3.932664 -0.084887 0.365158 0.001424 
-0.058329 0.055152 -3.849723 -0.084792 0.365245 0.000631 
-0.058625 0.071888 -3.672878 -0.084845 0.365322 -0.001034 
-0.066969 0.067278 -3.475339 -0.084893 0.365538 -0.002906 
-0.075950 0.072602 -3.236239 -0.084874 0.365375 -0.005164 
-0.068843 0.077863 -3.090203 -0.085162 0.365113 -0.006532 
-0.068262 0.069319 -3.183973 -0.085216 0.365120 -0.005542 
-0.052195 0.069494 -3.360735 -0.085357 0.364939 -0.003760 
-0.051596 0.069419 -3.568335 -0.085185 0.364872 -0.002008 
-0.050593 0.060230 -3.797241 -0.085076 0.364993 0.000148 
-0.049258 0.067593 -3.942857 -0.085015 0.365201 0.001525 
-0.050954 0.067799 -3.849846 -0.084698 0.365198 0.000635 
-0.052387 0.067075 -3.663042 -0.084554 0.365466 -0.001141 
-0.061206 0.063977 -3.455342 -0.084592 0.365303 -0.003000 
-0.069296 0.068189 -3.216005 -0.084741 0.365419 -0.005259 
-0.062630 0.073810 -3.091299 -0.084865 0.365068 -0.006324 
-0.062259 0.065327 -3.153883 -0.084921 0.365072 -0.005630 
-0.059886 0.073298 -3.340234 -0.085175 0.365088 -0.003959 
-0.058917 0.065262 -3.537651 -0.085220 0.364917 -0.002091 
-0.057040 0.065104 -3.775893 -0.085368 0.364845 -0.000039 
-0.048693 0.059835 -3.951783 -0.085390 0.365002 0.001308 
-0.056803 0.063762 -3.868913 -0.085211 0.365144 0.000518 
-0.058865 0.072579 -3.682971 -0.084839 0.365134 -0.001040 
-0.053468 0.068534 -3.475628 -0.084715 0.365158 -0.002905 
-0.055539 0.077744 -3.247264 -0.084503 0.365045 -0.005067 
-0.063483 0.073899 -3.092681 -0.084543 0.365076 -0.006008 
-0.055325 0.078333 -3.175336 -0.084663 0.364937 -0.005324 
-0.053458 0.069312 -3.342168 -0.084877 0.365043 -0.003430 
-0.058855 0.073358 -3.549511 -0.085001 0.365019 -0.001566 
-0.056140 0.063598 -3.818076 -0.085376 0.365227 0.000563 
-0.055129 0.054436 -3.951208 -0.085593 0.365331 0.001198 
-0.056174 0.054221 -3.868051 -0.085439 0.365421 0.000301 
-0.057560 0.061858 -3.681032 -0.085236 0.365692 -0.001580 
-0.059267 0.062979 -3.472832 -0.085241 0.365480 -0.003651 
-0.068403 0.076332 -3.244754 -0.085004 0.365419 -0.005705 
-0.062558 0.081412 -3.080152 -0.084812 0.365260 -0.006743 
-0.062452 0.074379 -3.163761 -0.084857 0.364887 -0.005740 
-0.053652 0.078365 -3.352047 -0.084813 0.364858 -0.003541 
-0.051768 0.078336 -3.559942 -0.084962 0.364782 -0.001464 
-0.049698 0.069125 -3.788306 -0.085173 0.364894 0.000698 
-0.055978 0.064533 -3.943892 -0.085201 0.364960 0.002065 
-0.057239 0.064250 -3.859897 -0.085048 0.365051 0.000846 
-0.058712 0.064550 -3.671949 -0.085057 0.365031 -0.001244 
-0.059768 0.065249 -3.473604 -0.085224 0.364912 -0.003323 
-0.062249 0.074189 -3.225292 -0.084855 0.364895 -0.005471 
-0.063931 0.083908 -3.100576 -0.084633 0.364605 -0.006755 
-0.062933 0.075762 -3.183947 -0.084846 0.364512 -0.005753 
-0.055416 0.079703 -3.371937 -0.084482 0.364491 -0.003880 
-0.046228 0.074839 -3.569453 -0.084661 0.364551 -0.001904 
-0.037246 0.069515 -3.808552 -0.084680 0.364714 0.000353 
-0.043696 0.063961 -3.934098 -0.084556 0.365064 0.001740 
-0.051371 0.067400 -3.860244 -0.084540 0.365299 0.000622 
-0.052387 0.067075 -3.663042 -0.084554 0.365466 -0.001141 
-0.061335 0.071247 -3.455432 -0.084381 0.365594 -0.003111 
-0.062338 0.080436 -3.226526 -0.084490 0.365473 -0.005267 
-0.062348 0.081351 -3.111337 -0.084811 0.365263 -0.006448 
-0.054674 0.077912 -3.185191 -0.084826 0.365029 -0.005331 
-0.052799 0.078276 -3.350665 -0.085135 0.364850 -0.003857 
-0.044268 0.073705 -3.568672 -0.085150 0.364823 -0.001900 
-0.050330 0.068658 -3.797865 -0.085016 0.364995 0.000365 
-0.050149 0.068706 -3.943095 -0.084847 0.364921 0.001526 
-0.051195 0.068491 -3.859939 -0.084693 0.365011 0.000628 
-0.053279 0.068188 -3.663280 -0.084386 0.365186 -0.001140 
-0.063119 0.073473 -3.455908 -0.084044 0.365034 -0.003109 
-0.057473 0.078120 -3.237114 -0.084020 0.364962 -0.005386 
-0.065874 0.074899 -3.091784 -0.084055 0.364805 -0.006655 
-0.064700 0.067844 -3.174850 -0.084421 0.364425 -0.005647 
-0.063267 0.068568 -3.361654 -0.084565 0.364157 -0.003870 
-0.054319 0.064396 -3.569264 -0.084739 0.364029 -0.001901 
-0.052618 0.063147 -3.807810 -0.084734 0.364245 0.000144 
-0.044715 0.058760 -3.932263 -0.084753 0.364207 0.001216 
-0.053088 0.054258 -3.848769 -0.084634 0.364346 0.000210 
0.027947 0.648095 -5.485961 -0.064568 0.357779 -0.005781 
0.855398 0.597888 -10.458392 -0.015137 0.332553 -0.005290 
1.410373 1.068714 -13.646180 0.038346 0.318229 0.004704 
1.737840 0.944342 -16.415983 0.094558 0.306137 0.010891 
2.675644 1.311617 -18.576019 0.134459 0.300903 0.034880 
2.766446 1.633078 -20.283484 0.182200 0.301352 0.063494 
3.185340 2.228287 -21.266233 0.237639 0.307073 0.084820 
3.095698 1.976986 -21.805486 0.274748 0.311008 0.098988 
3.042422 1.461124 -21.725641 0.293905 0.316347 0.100853 
2.760327 1.138866 -21.374569 0.284858 0.317609 0.084643 
2.604949 1.257985 -21.007689 0.261314 0.312023 0.065489 
2.482671 1.384804 -20.743795 0.237051 0.297514 0.044109 
2.451540 1.480351 -20.481870 0.206674 0.281868 0.023565 
2.480345 1.152994 -20.311336 0.172566 0.263071 0.016473 
2.244966 1.157583 -20.108199 0.145937 0.256153 0.023252 
2.259904 1.218030 -19.912614 0.128525 0.256342 0.041609 
2.199685 1.196333 -19.839720 0.121589 0.259075 0.064792 
2.261864 0.837811 -19.516495 0.124865 0.276080 0.084400 
2.322387 0.302244 -18.741764 0.138596 0.302628 0.101695 
2.143793 -0.339166 -17.422785 0.155587 0.334925 0.109980 
2.069517 -0.736565 -15.687913 0.168057 0.370229 0.101916 
1.760756 -1.063781 -13.972657 0.172687 0.400378 0.080223 
1.469462 -1.393261 -12.369421 0.163816 0.425595 0.048613 
1.244958 -1.662094 -10.859609 0.140311 0.442701 0.012647 
1.086054 -1.977069 -9.610881 0.101595 0.450656 -0.013689 
1.039485 -2.103348 -8.738281 0.056264 0.450507 -0.030537 
0.925268 -1.988529 -8.070124 0.014054 0.446107 -0.040164 
0.737522 -1.874922 -7.632251 -0.025617 0.437304 -0.040536 
0.445329 -1.613916 -7.597513 -0.053044 0.435498 -0.038340 
0.460022 -1.508416 -7.708704 -0.067076 0.438312 -0.032958 
0.489709 -1.533151 -7.562221 -0.066270 0.433114 -0.027222 
0.503969 -1.549783 -7.101415 -0.056590 0.425022 -0.027213 
0.459310 -1.516857 -6.652494 -0.043705 0.421967 -0.024936 
0.409508 -1.443425 -6.421218 -0.025542 0.418538 -0.016470 
0.407573 -1.298164 -6.309202 -0.003143 0.415880 -0.007829 
0.437239 -1.279661 -6.388522 0.015659 0.414213 0.002352 
0.359480 -1.499818 -6.485375 0.020825 0.413557 0.012404 
0.291243 -1.477348 -6.297846 0.013061 0.411432 0.015935 
0.245816 -1.370730 -6.001304 -0.003424 0.404363 0.015063 
0.195665 -1.056842 -5.700258 -0.026656 0.400742 0.009411 
0.267617 -0.742886 -5.348891 -0.055450 0.400545 -0.000555 
0.189868 -0.493862 -4.958255 -0.086720 0.402701 -0.008458 
0.158149 -0.277911 -4.538339 -0.115947 0.405864 -0.013608 
0.079696 -0.026910 -4.286052 -0.139160 0.412475 -0.013009 
-0.045610 0.188382 -4.442055 -0.155395 0.420151 -0.004417 
0.055684 0.344085 -4.791275 -0.164029 0.426163 0.006772 
0.088696 0.452013 -5.111090 -0.162914 0.433318 0.019526 
0.157198 0.447311 -5.395848 -0.155499 0.438072 0.030048 
0.209095 0.446960 -5.778271 -0.142114 0.446121 0.038861 
0.140811 0.523809 -5.739306 -0.124097 0.448857 0.039164 
0.072390 0.473861 -5.552156 -0.106814 0.445099 0.033834 
-0.020649 0.363870 -5.326795 -0.093990 0.439069 0.020779 
-0.012490 0.235666 -5.007976 -0.085901 0.429326 0.002329 
-0.039293 0.116305 -4.656856 -0.083876 0.416183 -0.016386 
0.030271 0.112647 -4.369764 -0.086601 0.399645 -0.034253 
0.016654 0.188855 -4.188872 -0.093305 0.382403 -0.047279 
0.067361 0.277541 -4.074947 -0.102289 0.365215 -0.052607 
0.132305 0.314348 -3.998277 -0.110341 0.348688 -0.052220 
0.034422 0.413919 -3.954494 -0.114032 0.342054 -0.046323 
0.042141 0.404916 -3.905255 -0.112160 0.341823 -0.035374 
-0.037026 0.341161 -3.742488 -0.107517 0.344463 -0.023349 
-0.022221 0.270233 -3.491678 -0.103198 0.347381 -0.013935 
0.009884 0.296426 -3.341276 -0.097700 0.353196 -0.005691 
-0.065122 0.471467 -3.376022 -0.090411 0.366453 0.002352 
-0.039320 0.561572 -3.549641 -0.084776 0.377166 0.010183 
-0.032813 0.597469 -3.710998 -0.084996 0.382240 0.017511 
-0.032029 0.563279 -3.872270 -0.091016 0.386837 0.024689 
-0.037190 0.655404 -4.223286 -0.099838 0.392222 0.032863 
-0.146711 0.732050 -4.465027 -0.110118 0.393339 0.039378 
-0.213360 0.786465 -4.243836 -0.121836 0.388140 0.040686 
-0.320821 0.747753 -3.850870 -0.134242 0.382200 0.038692 
-0.403921 0.748673 -3.507569 -0.142658 0.377738 0.033591 
-0.434215 0.716948 -3.120822 -0.145007 0.371643 0.023292 
-0.394843 0.662152 -2.745787 -0.142330 0.361421 0.010367 
-0.355947 0.514386 -2.633394 -0.135955 0.351302 -0.001698 
-0.315958 0.410094 -2.673782 -0.124285 0.346491 -0.009512 
-0.318810 0.289865 -2.760537 -0.105674 0.341047 -0.011892 
-0.325577 0.211908 -2.909839 -0.085477 0.333563 -0.010556 
-0.346191 0.157214 -3.032825 -0.069304 0.326559 -0.008810 
-0.404892 0.084546 -3.085032 -0.058430 0.322090 -0.007494 
-0.464446 -0.024073 -3.085278 -0.052153 0.318072 -0.007585 
-0.479568 -0.155369 -2.998952 -0.050031 0.311890 -0.010851 
-0.470791 -0.260038 -2.824442 -0.054627 0.307151 -0.016306 
-0.451366 -0.282202 -2.803782 -0.064098 0.306784 -0.021835 
-0.446331 -0.209200 -2.919290 -0.073384 0.308973 -0.025755 
-0.463326 -0.159529 -3.047522 -0.080112 0.311031 -0.026515 
-0.449775 -0.161429 -3.107261 -0.084457 0.314670 -0.024292 
-0.439711 -0.218046 -3.240988 -0.087901 0.322919 -0.018039 
-0.405217 -0.289392 -3.275680 -0.087261 0.331945 -0.009849 
-0.362986 -0.345339 -3.027152 -0.081379 0.339356 -0.004796 
-0.351248 -0.367277 -2.740078 -0.073830 0.345550 -0.003780 
-0.334219 -0.436378 -2.534223 -0.066929 0.351690 -0.006274 
-0.335547 -0.526152 -2.300187 -0.060186 0.356601 -0.011630 
-0.316671 -0.607147 -2.120458 -0.053041 0.356788 -0.019449 
-0.275098 -0.644186 -2.169043 -0.048935 0.353897 -0.026828 
-0.230942 -0.636734 -2.430176 -0.049164 0.350175 -0.031293 
-0.177277 -0.562456 -2.742179 -0.051160 0.344518 -0.030364 
-0.146879 -0.435473 -3.050986 -0.053760 0.336574 -0.022191 
-0.051216 -0.317958 -3.196797 -0.058323 0.326814 -0.009118 
0.040057 -0.213258 -3.084861 -0.065564 0.318378 0.003981 
0.078061 -0.021188 -2.958165 -0.071585 0.315702 0.014367 
0.132458 0.158058 -2.912585 -0.074153 0.319419 0.021980 
0.133699 0.235215 -2.864307 -0.076833 0.326705 0.024370 
0.136500 0.238821 -2.790521 -0.083570 0.336218 0.019389 
0.127531 0.215969 -2.838767 -0.092749 0.349061 0.012040 
0.115382 0.199936 -2.904167 -0.099632 0.364615 0.005687 
0.167833 0.191350 -2.963621 -0.104015 0.380201 -0.000807 
0.197239 0.199302 -3.099627 -0.107806 0.394919 -0.005427 
0.192137 0.141666 -3.260371 -0.109827 0.409674 -0.005725 
0.138132 0.094736 -3.209594 -0.108753 0.421219 -0.003380 
0.069087 0.034802 -3.033319 -0.105851 0.425586 0.000623 
0.058741 -0.013966 -2.807046 -0.103154 0.423612 0.005388 
0.066913 -0.037363 -2.635958 -0.100906 0.418081 0.008555 
0.148965 -0.041395 -2.576685 -0.097505 0.406886 0.007496 
0.174857 -0.032032 -2.721861 -0.092423 0.392096 0.002426 
0.154808 -0.022464 -3.013517 -0.086397 0.379366 -0.005484 
0.100432 -0.049879 -3.407853 -0.080486 0.368691 -0.012980 
0.038774 -0.094684 -3.725463 -0.074705 0.357288 -0.018693 
0.010916 -0.109811 -3.813489 -0.069991 0.344867 -0.022241 
-0.020739 -0.072198 -3.736892 -0.067972 0.335442 -0.021117 
-0.072814 -0.009195 -3.578602 -0.068043 0.329609 -0.015095 
-0.102613 0.050646 -3.305329 -0.069414 0.324755 -0.005753 
-0.126516 0.042005 -2.928853 -0.073037 0.320291 0.004213 
-0.145045 0.034382 -2.728831 -0.078735 0.320685 0.012933 
-0.147549 0.042970 -2.826527 -0.085263 0.326172 0.019430 
-0.157224 0.065391 -3.013741 -0.090411 0.332102 0.020470 
-0.174746 0.084212 -3.168147 -0.094146 0.338741 0.015718 
-0.183722 0.074759 -3.416237 -0.097753 0.349139 0.007612 
-0.218133 0.027642 -3.643957 -0.100035 0.361800 -0.001608 
-0.190541 0.020098 -3.662023 -0.099441 0.372870 -0.011413 
-0.172695 0.002298 -3.559063 -0.096838 0.380459 -0.018214 
-0.170634 -0.006836 -3.489087 -0.095143 0.387221 -0.019440 
-0.158152 0.003164 -3.430834 -0.093785 0.392494 -0.015821 
-0.167691 0.012444 -3.398186 -0.090671 0.394018 -0.007169 
-0.125437 -0.000851 -3.508913 -0.087030 0.390417 0.005796 
-0.090901 -0.001818 -3.710451 -0.086195 0.385540 0.016709 
-0.082302 -0.010628 -3.940293 -0.087197 0.380357 0.024195 
-0.011645 -0.015135 -4.074172 -0.087655 0.371371 0.025793 
0.040401 -0.023726 -3.982931 -0.087522 0.359979 0.018593 
0.028376 0.022810 -3.756795 -0.085928 0.355055 0.005114 
0.037466 0.010103 -3.633826 -0.082809 0.355519 -0.009207 
-0.017236 -0.067161 -3.443090 -0.078738 0.355726 -0.022969 
-0.037051 -0.179290 -3.103756 -0.075378 0.353073 -0.034862 
-0.077907 -0.202352 -2.951519 -0.074931 0.353703 -0.039150 
-0.122095 -0.130125 -3.116970 -0.075086 0.359240 -0.034065 
-0.085847 -0.079803 -3.328585 -0.075181 0.362789 -0.023007 
-0.054161 -0.089631 -3.456587 -0.076186 0.362409 -0.012166 
-0.037330 -0.130156 -3.744994 -0.080139 0.363582 0.003700 
-0.066743 -0.086937 -4.086002 -0.085460 0.369132 0.017277 
-0.114492 -0.024679 -4.171728 -0.089064 0.373054 0.025284 
-0.134376 0.034652 -4.006708 -0.091078 0.373098 0.025695 
-0.112352 0.039141 -3.835497 -0.094099 0.373766 0.020304 
-0.085733 0.028784 -3.719343 -0.096097 0.376981 0.011813 
0.000230 -0.007790 -3.589664 -0.095834 0.377949 0.000524 
0.029794 -0.000854 -3.565799 -0.092236 0.376577 -0.010966 
0.027352 0.000858 -3.705565 -0.087401 0.380048 -0.019131 
0.043767 -0.054269 -3.906699 -0.082953 0.385291 -0.023205 
0.010251 -0.130616 -4.035303 -0.077397 0.387812 -0.024530 
0.022439 -0.173629 -4.049973 -0.072227 0.388296 -0.022500 
-0.007606 -0.177289 -3.935206 -0.070346 0.389841 -0.017301 
-0.038566 -0.151856 -3.732205 -0.072606 0.390335 -0.011941 
-0.040561 -0.115727 -3.431870 -0.076863 0.385736 -0.007264 
-0.085855 -0.067078 -3.149598 -0.081538 0.380203 -0.003008 
-0.094690 -0.026712 -3.127936 -0.087846 0.376357 0.001027 
-0.115805 -0.001904 -3.334810 -0.095384 0.371948 0.004135 
-0.127722 0.023423 -3.538649 -0.100982 0.364030 0.005004 
-0.139246 0.095472 -3.743869 -0.103520 0.358141 0.004322 
-0.147085 0.140203 -4.008022 -0.103516 0.356149 0.004782 
-0.156090 0.126118 -4.225685 -0.101198 0.355379 0.005100 
-0.127186 0.063212 -4.118598 -0.096484 0.353227 0.003616 
-0.138832 0.019102 -3.873552 -0.089901 0.352022 0.002435 
-0.158010 -0.005562 -3.682247 -0.083507 0.354520 0.002357 
-0.153998 -0.044290 -3.417678 -0.077686 0.357316 0.001696 
-0.137789 -0.108217 -3.159710 -0.072514 0.357814 0.000197 
-0.092620 -0.159717 -3.120630 -0.069478 0.357950 -0.001450 
-0.055586 -0.162783 -3.307868 -0.068829 0.361535 -0.004236 
-0.040514 -0.157364 -3.548019 -0.070542 0.364992 -0.008420 
-0.067883 -0.139387 -3.774506 -0.072996 0.367503 -0.013314 
-0.098037 -0.116473 -3.931076 -0.076544 0.369932 -0.017056 
-0.111584 -0.122611 -3.894848 -0.082869 0.372395 -0.019104 
-0.086125 -0.086502 -3.709206 -0.089684 0.373724 -0.019702 
-0.071040 0.001474 -3.495516 -0.094692 0.373912 -0.016515 
-0.048918 0.087529 -3.316855 -0.096493 0.374832 -0.009878 
-0.043008 0.137480 -3.247167 -0.097426 0.376540 -0.001011 
-0.041776 0.126290 -3.343890 -0.097977 0.376656 0.009202 
-0.028218 0.114712 -3.511237 -0.096431 0.375643 0.017941 
-0.036207 0.108057 -3.713456 -0.093094 0.375453 0.023294 
-0.033581 0.084043 -3.955249 -0.089712 0.375083 0.024317 
-0.006740 0.025396 -4.027285 -0.087373 0.372482 0.019292 
0.000651 -0.005871 -3.830835 -0.084706 0.369313 0.008398 
-0.000087 -0.020114 -3.579287 -0.081608 0.367152 -0.004497 
-0.003519 -0.033237 -3.347555 -0.079467 0.365778 -0.016973 
-0.033075 -0.071705 -3.099525 -0.078002 0.364672 -0.027508 
-0.056633 -0.109391 -2.956545 -0.077164 0.363550 -0.032332 
-0.077762 -0.125711 -3.074149 -0.077444 0.362469 -0.029741 
-0.081995 -0.121627 -3.243711 -0.079173 0.361676 -0.021807 
-0.080966 -0.091161 -3.429480 -0.081677 0.360674 -0.010967 
-0.071088 -0.034114 -3.702367 -0.083662 0.360402 0.001830 
-0.062443 0.012012 -3.858679 -0.085571 0.360784 0.012569 
-0.078087 0.043930 -3.819083 -0.087768 0.361580 0.018324 
-0.096430 0.059103 -3.685007 -0.090411 0.362172 0.019229 
-0.110486 0.092089 -3.522275 -0.092448 0.363401 0.016504 
-0.130677 0.099440 -3.290219 -0.093709 0.364646 0.009956 
-0.124335 0.089262 -3.188506 -0.094590 0.365809 0.002533 
-0.091366 0.066168 -3.234947 -0.094893 0.365850 -0.002875 
-0.082902 0.061429 -3.376147 -0.093792 0.366661 -0.007848 
-0.069817 0.049616 -3.554983 -0.091289 0.368307 -0.011065 
-0.094598 0.025902 -3.764102 -0.087764 0.370131 -0.011111 
-0.104938 -0.020651 -3.875236 -0.084395 0.371450 -0.009790 
-0.108556 -0.075182 -3.762269 -0.081411 0.371730 -0.008585 
-0.116247 -0.105166 -3.556957 -0.079386 0.371176 -0.007052 
-0.112784 -0.110936 -3.349010 -0.078629 0.369690 -0.005585 
-0.114196 -0.085085 -3.094908 -0.078781 0.367572 -0.005546 
-0.113963 -0.058674 -2.993366 -0.079402 0.365178 -0.004983 
-0.109752 -0.032064 -3.135175 -0.081131 0.362502 -0.003643 
-0.117904 -0.013365 -3.365955 -0.083722 0.359632 -0.002580 
-0.124512 0.003801 -3.606353 -0.086644 0.357134 -0.001526 
-0.124389 0.024386 -3.850452 -0.089056 0.354881 0.000588 
-0.119132 0.045560 -3.961515 -0.090665 0.353625 0.001613 
-0.110140 0.051964 -3.847493 -0.091424 0.353069 0.001194 
-0.095655 0.074329 -3.644408 -0.090948 0.353906 0.000716 
-0.090599 0.072166 -3.422926 -0.089688 0.355752 0.000327 
-0.086993 0.059116 -3.149458 -0.088026 0.358266 -0.000893 
-0.089940 0.056279 -3.019680 -0.086128 0.361329 -0.001597 
-0.074472 0.043634 -3.075115 -0.085083 0.364573 -0.000738 
-0.049867 0.027311 -3.249418 -0.084855 0.367479 -0.000395 
-0.031990 0.017576 -3.411322 -0.085068 0.369762 -0.000561 
-0.019349 0.003885 -3.673772 -0.085949 0.371901 -0.000587 
-0.027837 -0.012223 -3.852363 -0.087345 0.373696 -0.001281 
-0.036228 0.000091 -3.773178 -0.089038 0.374794 -0.003340 
-0.046704 0.007978 -3.655016 -0.090442 0.374944 -0.004931 
-0.049636 0.030747 -3.456566 -0.091901 0.374560 -0.006120 
-0.041470 0.047010 -3.251530 -0.092435 0.373715 -0.006564 
-0.035535 0.055953 -3.142425 -0.092212 0.372612 -0.005708 
-0.037792 0.060022 -3.233253 -0.091214 0.371694 -0.002572 
-0.034707 0.059741 -3.417597 -0.089595 0.370752 0.001010 
-0.048213 0.051264 -3.591114 -0.087562 0.369824 0.004056 
-0.047440 0.035600 -3.812371 -0.085890 0.368415 0.006210 
-0.047813 0.012647 -3.937467 -0.084436 0.366707 0.006627 
-0.048499 0.007216 -3.800875 -0.083356 0.364871 0.004173 
-0.062044 0.010278 -3.587646 -0.083032 0.363017 0.000084 
-0.081870 -0.000087 -3.362820 -0.083128 0.361391 -0.004318 
-0.092468 -0.005390 -3.116993 -0.083827 0.359506 -0.008582 
-0.099940 -0.005427 -2.985959 -0.084803 0.358386 -0.011444 
-0.102841 0.000784 -3.095832 -0.086201 0.357753 -0.011078 
-0.104995 0.003741 -3.302689 -0.087135 0.357992 -0.008883 
-0.105307 0.013192 -3.513593 -0.088021 0.358798 -0.005195 
-0.092711 0.012632 -3.779269 -0.088164 0.359999 -0.000501 
-0.101942 0.005420 -3.931960 -0.088213 0.362002 0.003526 
-0.100336 0.007184 -3.867279 -0.087561 0.363900 0.005373 
-0.093424 -0.003085 -3.697440 -0.086836 0.365642 0.005697 
-0.087737 -0.005533 -3.504083 -0.085897 0.367487 0.004646 
-0.076514 -0.011708 -3.285154 -0.084983 0.369092 0.001581 
-0.064521 -0.016576 -3.165670 -0.084537 0.370226 -0.001878 
-0.060192 -0.033676 -3.261239 -0.084008 0.371153 -0.004559 
-0.047943 -0.055530 -3.427908 -0.083666 0.372128 -0.007086 
-0.048762 -0.069248 -3.624952 -0.083594 0.373202 -0.009417 
-0.049032 -0.089608 -3.846591 -0.083566 0.373894 -0.010052 
-0.057105 -0.111468 -3.947281 -0.083558 0.374050 -0.010363 
-0.064836 -0.105366 -3.815184 -0.083527 0.373706 -0.010458 
-0.072643 -0.095714 -3.605431 -0.083473 0.372591 -0.009191 
-0.086281 -0.080356 -3.418124 -0.083702 0.371142 -0.006860 
-0.093536 -0.057560 -3.180488 -0.083876 0.368880 -0.004367 
-0.100496 -0.041723 -3.075917 -0.084253 0.366153 -0.001232 
-0.114209 -0.040117 -3.205576 -0.084722 0.363693 0.002339 
-0.107003 -0.027008 -3.381814 -0.085096 0.361285 0.004264 
-0.101363 -0.012981 -3.604390 -0.085462 0.358509 0.004546 
-0.103387 -0.016316 -3.855350 -0.085634 0.356929 0.003815 
-0.093507 -0.021226 -3.969860 -0.085335 0.355721 0.000936 
-0.099798 -0.029056 -3.867779 -0.084597 0.355452 -0.003705 
-0.105704 -0.030877 -3.666640 -0.083500 0.355937 -0.007738 
-0.094941 -0.035805 -3.449626 -0.082416 0.357261 -0.010160 
-0.089939 -0.036680 -3.214924 -0.081469 0.358722 -0.011493 
-0.088055 -0.036109 -3.068527 -0.080830 0.360988 -0.009902 
-0.075464 -0.041176 -3.140195 -0.080695 0.363497 -0.006029 
-0.059216 -0.038328 -3.333080 -0.081459 0.366001 -0.001707 
-0.049175 -0.032050 -3.532208 -0.082686 0.368642 0.001438 
-0.052573 -0.033266 -3.778429 -0.084614 0.370996 0.003696 
-0.050624 -0.028507 -3.905843 -0.086664 0.372814 0.003278 
-0.057461 -0.018221 -3.813268 -0.088853 0.374374 0.000267 
-0.067419 -0.003716 -3.669968 -0.090534 0.374899 -0.003016 
-0.057202 0.017274 -3.444673 -0.092001 0.374795 -0.006759 
-0.065133 0.032719 -3.214604 -0.092391 0.374151 -0.009116 
-0.052718 0.045413 -3.114558 -0.091977 0.373101 -0.008806 
-0.055456 0.050866 -3.225572 -0.090968 0.371807 -0.005682 
-0.045398 0.039728 -3.401362 -0.089422 0.370429 -0.001449 
-0.044152 0.023927 -3.587755 -0.087430 0.369207 0.002658 
-0.042290 0.008105 -3.790198 -0.085921 0.367885 0.005473 
-0.042145 -0.007375 -3.917901 -0.084253 0.366465 0.006743 
-0.058521 -0.022508 -3.812666 -0.082767 0.365027 0.004355 
-0.065641 -0.033439 -3.610069 -0.082215 0.363507 0.000243 
-0.086100 -0.044271 -3.394803 -0.082154 0.361981 -0.004492 
-0.097459 -0.042770 -3.158624 -0.082484 0.360488 -0.009200 
-0.104668 -0.034379 -3.028215 -0.083401 0.359370 -0.011846 
-0.108092 -0.035017 -3.128142 -0.084847 0.358354 -0.011362 
-0.110717 -0.020541 -3.316142 -0.085701 0.357835 -0.008602 
-0.104465 -0.012962 -3.527532 -0.086596 0.358021 -0.004694 
-0.091405 -0.004762 -3.782595 -0.086838 0.359125 -0.000093 
-0.093323 -0.007423 -3.923548 -0.087012 0.360980 0.003413 
-0.098207 -0.009770 -3.845072 -0.086876 0.362821 0.004207 
-0.089646 -0.005345 -3.661413 -0.086530 0.365032 0.003370 
-0.082624 -0.000011 -3.475475 -0.086018 0.366965 0.001570 
-0.084021 0.001718 -3.235246 -0.085539 0.368753 -0.001575 
-0.076943 0.000684 -3.127037 -0.085550 0.370022 -0.004286 
-0.067828 -0.008408 -3.215702 -0.085927 0.371111 -0.005123 
-0.059170 -0.007518 -3.408037 -0.086067 0.371747 -0.005185 
-0.035822 -0.022049 -3.601388 -0.086467 0.371986 -0.004710 
-0.040812 -0.027740 -3.837376 -0.086819 0.372244 -0.003410 
-0.055105 -0.035045 -3.951280 -0.086873 0.371977 -0.002434 
-0.063497 -0.038658 -3.848372 -0.086748 0.371923 -0.003099 
-0.066319 -0.025991 -3.653881 -0.086348 0.370964 -0.003995 
-0.075595 -0.017834 -3.439400 -0.086146 0.370141 -0.004660 
-0.086038 -0.006721 -3.203760 -0.085924 0.368560 -0.005618 
-0.087993 -0.007890 -3.083230 -0.085938 0.366836 -0.005067 
-0.095978 -0.005479 -3.179601 -0.085919 0.365189 -0.002985 
-0.102722 -0.002650 -3.378238 -0.086212 0.363357 -0.000340 
-0.103009 -0.005189 -3.575216 -0.086378 0.361763 0.001549 
-0.103543 -0.007165 -3.812633 -0.086539 0.359986 0.003405 
-0.097694 -0.008107 -3.923504 -0.086535 0.359003 0.003214 
-0.094354 -0.009357 -3.805693 -0.086227 0.358193 0.000638 
-0.098649 -0.008193 -3.615171 -0.085750 0.357905 -0.002741 
-0.102639 -0.009502 -3.404768 -0.085131 0.358280 -0.006114 
-0.098539 -0.009623 -3.165568 -0.084340 0.359456 -0.009045 
-0.099631 -0.014494 -3.063140 -0.083739 0.360786 -0.009949 
-0.083286 -0.011807 -3.138699 -0.083386 0.362216 -0.008534 
-0.071928 -0.023417 -3.318145 -0.083452 0.364074 -0.005924 
-0.058479 -0.020361 -3.562954 -0.083411 0.366510 -0.001657 
-0.052082 -0.027241 -3.782878 -0.084088 0.368219 0.001359 
-0.045855 -0.025306 -3.928981 -0.084867 0.369824 0.003373 
-0.055327 -0.021731 -3.844359 -0.085978 0.371120 0.002699 
-0.052573 -0.016919 -3.663956 -0.086918 0.372028 0.000178 
-0.058031 -0.005895 -3.482094 -0.087819 0.372421 -0.002870 
-0.064800 0.006364 -3.238100 -0.088554 0.372527 -0.006506 
-0.057928 0.011694 -3.109496 -0.089002 0.372171 -0.008850 
-0.050904 0.017932 -3.202482 -0.088949 0.371565 -0.008171 
-0.051914 0.011918 -3.381266 -0.088499 0.370930 -0.005966 
-0.046761 0.003368 -3.583009 -0.087740 0.369873 -0.002925 
-0.048007 -0.001725 -3.806968 -0.086959 0.369059 0.000847 
-0.051249 -0.004009 -3.927452 -0.086004 0.367575 0.003748 
-0.063912 -0.010489 -3.808518 -0.084937 0.366213 0.004168 
-0.068633 -0.012182 -3.633203 -0.084478 0.364593 0.002828 
-0.080906 -0.017836 -3.414290 -0.084214 0.362921 0.000454 
-0.085775 -0.012224 -3.191907 -0.084028 0.361486 -0.003200 
-0.088975 -0.016067 -3.082164 -0.084223 0.360242 -0.006200 
-0.089792 -0.022211 -3.179545 -0.084583 0.359490 -0.007451 
-0.095046 -0.026553 -3.371130 -0.085250 0.359359 -0.007390 
-0.085981 -0.024770 -3.576074 -0.085382 0.359804 -0.006495 
-0.075805 -0.023801 -3.816703 -0.085356 0.360537 -0.003707 
-0.072385 -0.020514 -3.934623 -0.085326 0.361875 -0.001356 
-0.070586 -0.018025 -3.816284 -0.084993 0.363570 -0.000421 
-0.067923 -0.015368 -3.635871 -0.084983 0.365251 0.000251 
-0.072990 -0.007883 -3.433814 -0.084945 0.366792 0.000409 
-0.070958 -0.005794 -3.197532 -0.085104 0.368560 -0.000801 
-0.075950 -0.005564 -3.092617 -0.085594 0.369630 -0.001895 
-0.065295 -0.006311 -3.212548 -0.086231 0.370717 -0.002215 
-0.062044 -0.009818 -3.402621 -0.087049 0.371386 -0.002696 
-0.052861 -0.015664 -3.602739 -0.087717 0.371536 -0.003290 
-0.051674 -0.025008 -3.846018 -0.088091 0.371557 -0.003067 
-0.058562 -0.021048 -3.956451 -0.088223 0.371525 -0.003372 
-0.068537 -0.022105 -3.842782 -0.087920 0.370813 -0.004343 
-0.072669 -0.017980 -3.629940 -0.087100 0.369954 -0.004806 
-0.076804 -0.003975 -3.438746 -0.086209 0.368721 -0.004743 
-0.074365 -0.001593 -3.196044 -0.085398 0.367238 -0.004960 
-0.077790 -0.003404 -3.098529 -0.084773 0.365721 -0.003797 
-0.071975 -0.002340 -3.205655 -0.084434 0.364362 -0.001734 
-0.080176 -0.010526 -3.382652 -0.084325 0.363201 0.000054 
-0.080805 -0.015741 -3.557233 -0.084351 0.362272 0.000986 
-0.079926 -0.012733 -3.842042 -0.084796 0.361256 0.001728 
-0.079419 -0.019854 -3.940862 -0.085323 0.360783 0.001118 
-0.080533 -0.018517 -3.832411 -0.085642 0.360388 -0.001353 
-0.095258 -0.010780 -3.632722 -0.085929 0.360653 -0.003858 
-0.095159 -0.002766 -3.434762 -0.086205 0.360815 -0.005721 
-0.095626 0.003752 -3.198889 -0.086012 0.361456 -0.006921 
-0.100555 0.012830 -3.068151 -0.086119 0.362529 -0.006495 
-0.089653 0.012373 -3.175387 -0.086271 0.363715 -0.004239 
-0.085990 0.014447 -3.355981 -0.086085 0.365347 -0.001304 
-0.075095 0.003333 -3.575028 -0.086146 0.367021 0.000952 
-0.064461 -0.006953 -3.822438 -0.086361 0.368414 0.002546 
-0.062162 -0.012987 -3.943718 -0.086558 0.369845 0.002427 
-0.077721 -0.016578 -3.846290 -0.086438 0.370795 -0.000077 
-0.070945 -0.014487 -3.654849 -0.086752 0.371289 -0.003345 
-0.080177 -0.018608 -3.464886 -0.086797 0.371320 -0.006186 
-0.075457 -0.011696 -3.214839 -0.086759 0.370676 -0.008751 
-0.076384 -0.008910 -3.110820 -0.086906 0.369998 -0.009616 
-0.077561 0.003898 -3.207085 -0.086489 0.368882 -0.007864 
-0.069568 0.003373 -3.387036 -0.086476 0.367901 -0.004898 
-0.069560 -0.001145 -3.587141 -0.086335 0.366880 -0.002058 
-0.063130 -0.009778 -3.819525 -0.085896 0.365819 0.001283 
-0.064142 -0.015271 -3.925542 -0.085607 0.365077 0.002910 
-0.075473 -0.023975 -3.822724 -0.085037 0.364182 0.002031 
-0.085008 -0.024870 -3.614958 -0.085059 0.363451 0.000180 
-0.094737 -0.016712 -3.417069 -0.085018 0.362535 -0.001782 
-0.096470 -0.005055 -3.176020 -0.085271 0.361748 -0.004561 
-0.090549 -0.006479 -3.070876 -0.085444 0.361019 -0.005855 
-0.082948 -0.018272 -3.193562 -0.085676 0.360691 -0.005315 
-0.081208 -0.010766 -3.389472 -0.085772 0.360808 -0.003977 
-0.071735 -0.017968 -3.585377 -0.085968 0.361437 -0.002651 
-0.062166 -0.018225 -3.824633 -0.085792 0.362459 -0.000511 
-0.060914 -0.024373 -3.928185 -0.085509 0.363994 0.000020 
-0.059582 -0.021619 -3.814364 -0.085496 0.365498 -0.000972 
-0.066561 -0.015269 -3.628909 -0.085145 0.367243 -0.002444 
-0.066131 -0.020264 -3.443916 -0.085031 0.368644 -0.003593 
-0.064331 -0.008100 -3.216368 -0.085279 0.369940 -0.005227 
-0.061589 -0.002691 -3.124401 -0.085727 0.370771 -0.005257 
-0.064983 -0.000153 -3.228993 -0.086348 0.371195 -0.003624 
-0.061149 -0.000924 -3.393686 -0.087146 0.371288 -0.002146 
-0.058259 -0.009071 -3.589178 -0.087834 0.371102 -0.000588 
-0.048242 -0.004010 -3.825231 -0.088423 0.370686 0.000941 
-0.049270 -0.009990 -3.956857 -0.088458 0.369943 0.000943 
-0.059892 -0.011249 -3.840671 -0.088158 0.369233 -0.000992 
-0.071972 -0.003114 -3.643030 -0.087475 0.368334 -0.003286 
-0.077711 -0.006304 -3.446395 -0.086706 0.367100 -0.005261 
-0.075459 -0.005371 -3.199260 -0.086068 0.365900 -0.007083 
-0.080157 -0.007722 -3.078443 -0.085289 0.364482 -0.007191 
-0.082281 -0.011546 -3.176520 -0.084667 0.363367 -0.004914 
-0.075443 -0.019387 -3.356085 -0.084546 0.362103 -0.002163 
-0.075826 -0.025063 -3.555655 -0.084253 0.361372 0.000349 
-0.074713 -0.031379 -3.794045 -0.084444 0.360729 0.002512 
-0.081458 -0.034953 -3.916464 -0.084627 0.360505 0.002948 
-0.081640 -0.035753 -3.808919 -0.084961 0.360677 0.000790 
-0.089234 -0.024685 -3.628143 -0.085219 0.361086 -0.002268 
-0.089019 -0.010715 -3.427518 -0.085455 0.361822 -0.005205 
-0.087690 0.002338 -3.197149 -0.085858 0.362832 -0.007796 
-0.092379 0.009972 -3.094002 -0.086135 0.364191 -0.008360 
-0.080385 0.008735 -3.189763 -0.086614 0.365558 -0.006413 
-0.081891 0.015599 -3.379651 -0.087040 0.367037 -0.003366 
-0.077688 0.010674 -3.580104 -0.087222 0.368282 -0.000334 
-0.058495 -0.003019 -3.821024 -0.087617 0.369519 0.002769 
-0.071075 -0.016445 -3.926112 -0.087553 0.370862 0.004053 
-0.071372 -0.010239 -3.830732 -0.087515 0.371424 0.002414 
-0.074319 -0.010811 -3.630718 -0.087211 0.371602 -0.000639 
-0.077546 -0.009668 -3.439654 -0.087055 0.371306 -0.004012 
-0.082109 -0.006531 -3.197389 -0.086727 0.370534 -0.007660 
-0.079236 -0.006663 -3.111839 -0.086248 0.369447 -0.009620 
-0.074546 -0.014297 -3.214986 -0.085971 0.368088 -0.009057 
-0.076641 -0.010146 -3.403886 -0.085289 0.366988 -0.006962 
-0.077525 -0.013552 -3.604228 -0.084979 0.365688 -0.004122 
-0.077944 -0.017975 -3.837738 -0.084514 0.364678 -0.000351 
-0.071432 -0.018227 -3.925516 -0.084185 0.363693 0.002046 
-0.080631 -0.026351 -3.814274 -0.084091 0.362687 0.002148 
-0.097217 -0.023368 -3.618870 -0.083929 0.362107 0.001034 
-0.097834 -0.013150 -3.420843 -0.084190 0.361701 -0.000822 
-0.099114 -0.012125 -3.179237 -0.084518 0.361480 -0.003824 
-0.092234 -0.007188 -3.093054 -0.084805 0.361226 -0.005565 
-0.082314 -0.004844 -3.193503 -0.085421 0.361553 -0.005537 
-0.080417 -0.015247 -3.356743 -0.085807 0.361941 -0.004929 
-0.076835 -0.011878 -3.572735 -0.086092 0.363097 -0.003619 
-0.066615 -0.012556 -3.821846 -0.086078 0.364211 -0.001487 
-0.056536 -0.014305 -3.926870 -0.086080 0.365687 -0.000200 
-0.062729 -0.006161 -3.815250 -0.085872 0.366961 -0.000441 
-0.061667 -0.010690 -3.620698 -0.085915 0.368262 -0.001256 
-0.068777 -0.010031 -3.425832 -0.085765 0.369335 -0.002283 
-0.068830 -0.013122 -3.188258 -0.085800 0.370254 -0.004021 
-0.068069 -0.006443 -3.115343 -0.085918 0.370718 -0.004711 
-0.059073 -0.011611 -3.228321 -0.086265 0.370861 -0.003948 
-0.057267 -0.019472 -3.412280 -0.086791 0.370584 -0.003025 
-0.063786 -0.014117 -3.606947 -0.086907 0.370183 -0.002110 
-0.055340 -0.016770 -3.853013 -0.087229 0.369585 -0.000809 
-0.056334 -0.013373 -3.934663 -0.087200 0.368649 -0.000545 
-0.066549 -0.013738 -3.831087 -0.086892 0.367748 -0.001523 
-0.070501 -0.009145 -3.625278 -0.086390 0.366696 -0.002949 
-0.081148 -0.008371 -3.409573 -0.086080 0.365591 -0.004150 
-0.085745 -0.003229 -3.163563 -0.085416 0.364443 -0.005543 
-0.088403 0.000495 -3.073239 -0.084913 0.363591 -0.005463 
-0.081260 -0.000043 -3.189143 -0.084905 0.362604 -0.003728 
-0.081392 -0.006905 -3.355613 -0.084783 0.362150 -0.002154 
-0.080664 -0.014250 -3.563123 -0.084823 0.361791 -0.000292 
-0.071286 -0.019039 -3.810095 -0.085159 0.361760 0.001323 
-0.070438 -0.019779 -3.911826 -0.085319 0.361864 0.001558 
-0.085778 -0.013295 -3.806540 -0.085128 0.362435 -0.000073 
-0.085420 -0.006859 -3.617901 -0.085415 0.362978 -0.002270 
-0.084846 -0.000356 -3.430101 -0.085702 0.363520 -0.004147 
-0.084651 0.005246 -3.181075 -0.085837 0.364343 -0.006298 
-0.083562 0.018571 -3.098995 -0.085748 0.365285 -0.006771 
-0.072264 0.018649 -3.214104 -0.086217 0.366277 -0.005158 
-0.068756 0.005161 -3.412255 -0.086461 0.367521 -0.002984 
-0.058135 -0.004110 -3.609905 -0.086671 0.368716 -0.001023 
-0.054611 -0.008607 -3.849119 -0.086849 0.369779 0.001335 
-0.059918 -0.016460 -3.941326 -0.087064 0.370686 0.001782 
-0.060280 -0.017727 -3.826747 -0.087080 0.371053 0.000589 
-0.061940 -0.008246 -3.618331 -0.087025 0.370844 -0.001587 
-0.078281 -0.006577 -3.420172 -0.087034 0.370545 -0.003665 
-0.082021 -0.002147 -3.180120 -0.086857 0.369483 -0.006343 
-0.084369 -0.005226 -3.096739 -0.086883 0.368147 -0.007116 
-0.078966 -0.005185 -3.221602 -0.086550 0.366981 -0.006035 
-0.079351 -0.001084 -3.377392 -0.086512 0.365863 -0.004545 
-0.073342 -0.010346 -3.585092 -0.086240 0.364893 -0.002790 
-0.074430 -0.024091 -3.805368 -0.085842 0.364070 -0.000192 
-0.083380 -0.025216 -3.931323 -0.085366 0.363293 0.001203 
-0.086250 -0.031439 -3.818512 -0.084934 0.362816 0.000438 
-0.095665 -0.026148 -3.643164 -0.084591 0.362667 -0.000914 
-0.105160 -0.028066 -3.436541 -0.084460 0.362223 -0.002451 
-0.099749 -0.022599 -3.197494 -0.084431 0.361959 -0.004709 
-0.099961 -0.022016 -3.093541 -0.084593 0.361848 -0.005581 
-0.098005 -0.023801 -3.195874 -0.084921 0.362231 -0.005025 
-0.086953 -0.013904 -3.380408 -0.085479 0.362758 -0.003890 
-0.091872 -0.021249 -3.576263 -0.085684 0.363488 -0.002564 
-0.073735 -0.026159 -3.823706 -0.086017 0.364544 -0.000855 
-0.077692 -0.026493 -3.935407 -0.086499 0.365638 -0.000526 
-0.076600 -0.023047 -3.831679 -0.086481 0.366955 -0.001524 
-0.076357 -0.018861 -3.626218 -0.086303 0.368167 -0.002757 
-0.075528 -0.013314 -3.440401 -0.086434 0.368996 -0.003998 
-0.083323 -0.011082 -3.204190 -0.086276 0.369686 -0.005306 
-0.082412 -0.011809 -3.112914 -0.086446 0.369954 -0.005229 
-0.066550 -0.011444 -3.228145 -0.086588 0.369766 -0.003716 
-0.064465 -0.011142 -3.424804 -0.086896 0.369590 -0.001947 
-0.064579 -0.018892 -3.610688 -0.086779 0.369329 -0.000713 
-0.064313 -0.025742 -3.857798 -0.086813 0.368788 0.000795 
-0.058634 -0.027646 -3.938628 -0.086658 0.368089 0.000623 
-0.069431 -0.029995 -3.822748 -0.086205 0.367666 -0.001317 
-0.066468 -0.022139 -3.635013 -0.085676 0.366758 -0.003618 
-0.069696 -0.010365 -3.427913 -0.085284 0.365990 -0.005471 
-0.080264 -0.001861 -3.170714 -0.084922 0.365073 -0.007065 
-0.073922 -0.002655 -3.090255 -0.084927 0.364253 -0.006773 
-0.065431 -0.004930 -3.196667 -0.085092 0.363733 -0.004713 
-0.077615 -0.011417 -3.385846 -0.085455 0.363273 -0.001863 
-0.075528 -0.001107 -3.573807 -0.085692 0.362719 0.000457 
-0.071892 -0.002732 -3.822504 -0.086170 0.363018 0.002821 
-0.079022 -0.007336 -3.914044 -0.086202 0.363079 0.002956 
-0.079399 -0.008338 -3.787389 -0.086377 0.363346 0.001133 
-0.073084 -0.005000 -3.597863 -0.086522 0.363559 -0.001492 
-0.074378 0.009352 -3.419112 -0.086271 0.364214 -0.004133 
-0.075942 0.016420 -3.159630 -0.086076 0.364666 -0.006597 
-0.068709 0.017466 -3.097131 -0.085908 0.365466 -0.007413 
-0.066908 0.014455 -3.181498 -0.085924 0.366231 -0.006208 
-0.064518 0.002506 -3.402056 -0.085835 0.367106 -0.003411 
-0.054109 0.003176 -3.590170 -0.085975 0.367924 -0.001220 
-0.051524 -0.008570 -3.829837 -0.086044 0.368704 0.001244 
-0.057507 -0.015242 -3.923121 -0.086089 0.369331 0.002013 
-0.065198 -0.020795 -3.808204 -0.086140 0.369746 0.000711 
-0.066383 -0.012826 -3.609949 -0.086095 0.369918 -0.001478 
-0.067895 -0.011502 -3.420857 -0.086258 0.369611 -0.003883 
-0.084719 -0.007929 -3.170117 -0.086417 0.368829 -0.006551 
-0.085840 0.003910 -3.075976 -0.086499 0.367967 -0.007527 
-0.078913 0.003305 -3.191041 -0.086492 0.366980 -0.006113 
-0.078901 -0.001837 -3.398484 -0.086516 0.366054 -0.004244 
-0.077968 0.001158 -3.586059 -0.086644 0.365218 -0.002140 
-0.078148 -0.004709 -3.847161 -0.086349 0.364494 0.000641 
-0.078693 -0.011321 -3.920915 -0.086231 0.364029 0.001651 
-0.081516 -0.009182 -3.807889 -0.085741 0.363555 0.000781 
-0.091839 -0.011770 -3.591716 -0.085294 0.363307 -0.000754 
-0.094668 -0.019117 -3.414620 -0.085036 0.363105 -0.002752 
-0.104516 -0.013440 -3.164827 -0.084854 0.362850 -0.005324 
-0.098891 -0.009077 -3.102499 -0.084502 0.362803 -0.006132 
-0.097176 -0.010170 -3.214925 -0.084825 0.362998 -0.005582 
-0.088387 -0.015799 -3.369486 -0.085012 0.363244 -0.004537 
-0.078939 -0.022242 -3.576323 -0.085201 0.363684 -0.002896 
-0.068758 -0.021897 -3.824290 -0.085341 0.364511 -0.001078 
-0.073439 -0.029412 -3.937284 -0.085713 0.365322 -0.000323 
-0.079237 -0.020732 -3.833537 -0.085822 0.366402 -0.001206 
-0.079234 -0.015855 -3.638169 -0.085639 0.367427 -0.002446 
-0.070923 -0.014051 -3.441668 -0.085954 0.368104 -0.003782 
-0.078758 -0.010796 -3.204313 -0.085949 0.368507 -0.005405 
-0.077775 -0.003921 -3.101890 -0.086066 0.368966 -0.005748 
-0.068348 -0.008955 -3.216546 -0.086411 0.369108 -0.004343 
-0.059763 -0.005036 -3.403992 -0.086368 0.369079 -0.002465 
-0.057942 -0.013162 -3.600027 -0.086735 0.368901 -0.000913 
-0.050524 -0.016817 -3.847780 -0.086582 0.368598 0.000698 
-0.058787 -0.019616 -3.949650 -0.086440 0.368191 0.000827 
-0.061625 -0.017214 -3.824548 -0.086110 0.367619 -0.000672 
-0.065533 -0.014267 -3.627222 -0.085620 0.366947 -0.002753 
-0.068373 -0.011343 -3.429352 -0.085451 0.366268 -0.004830 
-0.071354 -0.000132 -3.181813 -0.085065 0.365683 -0.006650 
-0.072790 -0.004459 -3.079924 -0.085101 0.364720 -0.006768 
-0.071579 -0.002659 -3.185783 -0.085241 0.364253 -0.004920 
-0.077067 -0.005327 -3.384859 -0.085413 0.363844 -0.002296 
-0.074768 -0.004957 -3.582356 -0.085719 0.363668 -0.000206 
-0.072071 -0.013830 -3.831507 -0.086088 0.363684 0.002264 
-0.078745 -0.019058 -3.913792 -0.086124 0.363932 0.002726 
-0.079100 -0.010941 -3.797854 -0.086235 0.364014 0.001113 
-0.080500 -0.003039 -3.598759 -0.086191 0.364186 -0.001397 
-0.073728 -0.000325 -3.399979 -0.086340 0.364586 -0.003695 
-0.083278 0.002750 -3.160651 -0.086016 0.364999 -0.006286 
-0.076056 0.014068 -3.077379 -0.085937 0.365322 -0.007181 
-0.074549 0.003259 -3.202400 -0.086006 0.365901 -0.005904 
-0.065033 0.005042 -3.390753 -0.085978 0.366439 -0.003712 
-0.054912 -0.001958 -3.589175 -0.086172 0.367066 -0.001423 
-0.051676 -0.014125 -3.838697 -0.086403 0.367938 0.001034 
-0.058310 -0.020376 -3.922125 -0.086286 0.368473 0.001810 
-0.065953 -0.017568 -3.806994 -0.086278 0.368891 0.000404 
-0.066923 -0.009532 -3.609577 -0.086233 0.369062 -0.001464 
-0.068636 -0.008540 -3.431722 -0.086236 0.368854 -0.003561 
-0.070780 0.002846 -3.170725 -0.086332 0.368163 -0.006327 
-0.078826 0.001285 -3.097553 -0.086512 0.367538 -0.007005 
-0.078262 0.002884 -3.200896 -0.086655 0.367072 -0.006120 
-0.070264 0.001735 -3.388185 -0.086808 0.366185 -0.004124 
-0.069144 -0.004451 -3.596229 -0.087000 0.365538 -0.001935 
-0.068796 -0.003340 -3.836929 -0.086657 0.365192 0.000754 
-0.076018 -0.014658 -3.920201 -0.086735 0.364869 0.001648 
-0.085905 -0.008377 -3.807461 -0.086220 0.364446 0.000887 
-0.102857 -0.007311 -3.600591 -0.085913 0.364343 -0.000869 
-0.097942 -0.009974 -3.413434 -0.085778 0.363991 -0.002746 
-0.100510 -0.008371 -3.164194 -0.085621 0.363684 -0.005105 
-0.102036 -0.007204 -3.101223 -0.085456 0.363398 -0.006015 
-0.101260 -0.015545 -3.214102 -0.085669 0.363310 -0.005360 
-0.092455 -0.012183 -3.409726 -0.085790 0.363374 -0.004131 
-0.090723 -0.014062 -3.606994 -0.085792 0.363775 -0.002374 
-0.074395 -0.015988 -3.865845 -0.085782 0.364082 -0.000349 
-0.080065 -0.015750 -3.937889 -0.085781 0.365088 0.000008 
-0.087299 -0.021927 -3.813718 -0.085836 0.365691 -0.000967 
-0.087753 -0.016425 -3.627605 -0.085647 0.366529 -0.002534 
-0.087791 -0.010525 -3.431094 -0.085617 0.367266 -0.004088 
-0.088535 -0.012171 -3.182521 -0.085643 0.367806 -0.006134 
-0.087559 -0.005425 -3.110444 -0.085760 0.368269 -0.006502 
-0.077668 -0.001698 -3.214487 -0.086205 0.368314 -0.005190 
-0.076458 -0.010426 -3.401811 -0.086255 0.368331 -0.003316 
-0.067222 -0.006929 -3.599112 -0.086375 0.368394 -0.001445 
-0.058280 -0.011230 -3.837067 -0.086548 0.368270 0.000499 
-0.059464 -0.018436 -3.950727 -0.086271 0.367911 0.001149 
-0.068474 -0.013004 -3.825673 -0.086084 0.367669 -0.000242 
-0.071314 -0.010079 -3.627804 -0.085915 0.366990 -0.002319 
-0.073697 -0.007779 -3.420680 -0.085750 0.366498 -0.004068 
-0.077135 0.004056 -3.182395 -0.085360 0.365726 -0.006216 
-0.078311 -0.001851 -3.089827 -0.085407 0.365144 -0.006668 
-0.078647 -0.008524 -3.194767 -0.085287 0.364682 -0.005363 
-0.077286 -0.015402 -3.392717 -0.085484 0.364223 -0.003168 
-0.068990 -0.019153 -3.590472 -0.085494 0.364003 -0.001191 
-0.066897 -0.019243 -3.829552 -0.085641 0.363931 0.001181 
-0.059620 -0.023969 -3.933218 -0.085504 0.363989 0.001945 
-0.067498 -0.020340 -3.797833 -0.085491 0.364216 0.000559 
-0.075795 -0.016589 -3.600079 -0.085480 0.364436 -0.001417 
-0.069417 -0.005155 -3.422414 -0.085406 0.364750 -0.003518 
-0.069913 0.001892 -3.162389 -0.085532 0.365193 -0.005977 
-0.069152 0.008571 -3.089474 -0.085650 0.365657 -0.006666 
-0.067134 0.014882 -3.203667 -0.085759 0.366142 -0.005585 
-0.056835 -0.000905 -3.380135 -0.086177 0.366855 -0.003815 
-0.052927 -0.003851 -3.577462 -0.086667 0.367526 -0.001733 
-0.057695 -0.019124 -3.827723 -0.086764 0.368167 0.000937 
-0.055886 -0.012751 -3.910731 -0.086875 0.368648 0.001722 
-0.063361 -0.018236 -3.796653 -0.086924 0.369062 0.000742 
-0.064766 -0.009711 -3.590220 -0.086716 0.369140 -0.000798 
-0.066868 0.000130 -3.403135 -0.086497 0.368843 -0.002672 
-0.069475 0.002756 -3.152751 -0.086493 0.368249 -0.005345 
-0.064149 0.009721 -3.079958 -0.086284 0.367534 -0.006133 
-0.064894 0.012033 -3.193936 -0.086101 0.366889 -0.005260 
-0.065120 -0.002296 -3.389824 -0.086190 0.366149 -0.003922 
-0.064995 -0.000859 -3.587264 -0.086008 0.365701 -0.002157 
-0.064298 -0.007574 -3.836051 -0.086041 0.365158 -0.000007 
-0.071883 -0.010802 -3.899160 -0.085904 0.364934 0.000797 
-0.081013 -0.021332 -3.785468 -0.085828 0.364498 -0.000072 
-0.090375 -0.007552 -3.579560 -0.085426 0.364347 -0.001502 
-0.099219 -0.009891 -3.382792 -0.085458 0.363996 -0.003046 
-0.101571 -0.008221 -3.134391 -0.085300 0.363688 -0.005084 
-0.094663 -0.003813 -3.072359 -0.085268 0.363632 -0.005566 
-0.093671 -0.012087 -3.186076 -0.085481 0.363543 -0.004590 
-0.091738 -0.013634 -3.372108 -0.085641 0.363844 -0.003142 
-0.082242 -0.011716 -3.578730 -0.085772 0.364288 -0.001605 
-0.073040 -0.017596 -3.826007 -0.085956 0.364545 0.000004 
-0.071213 -0.012110 -3.928429 -0.086072 0.365218 0.000449 
-0.078428 -0.019175 -3.823672 -0.086132 0.366014 -0.000867 
-0.079098 -0.013741 -3.636720 -0.085945 0.366852 -0.002754 
-0.087402 -0.019374 -3.440325 -0.085840 0.367356 -0.004312 
-0.088125 -0.011901 -3.202469 -0.085801 0.367710 -0.006148 
-0.087799 -0.004733 -3.120537 -0.085755 0.368082 -0.006508 
-0.079024 -0.009346 -3.225338 -0.085937 0.368131 -0.005097 
-0.077814 -0.018074 -3.412662 -0.085987 0.368148 -0.003223 
-0.076557 -0.018441 -3.599770 -0.085979 0.368168 -0.001453 
-0.068272 -0.022449 -3.858217 -0.085988 0.367957 0.000472 
-0.068550 -0.021256 -3.939934 -0.085975 0.367589 0.000728 
-0.070912 -0.020365 -3.824992 -0.085655 0.367396 -0.000784 
-0.080188 -0.022839 -3.626547 -0.085689 0.367046 -0.002970 
-0.082133 -0.011020 -3.419742 -0.085617 0.366268 -0.004496 
-0.084550 -0.007567 -3.181128 -0.085607 0.365484 -0.006534 
-0.078183 -0.009121 -3.089737 -0.085618 0.364853 -0.006557 
-0.084957 -0.011313 -3.215750 -0.085630 0.364346 -0.004837 
-0.090373 -0.006380 -3.403678 -0.085749 0.364130 -0.002631 
-0.082076 -0.010131 -3.601433 -0.085759 0.363910 -0.000655 
-0.066055 -0.018838 -3.851178 -0.085797 0.363833 0.001810 
-0.066268 -0.019427 -3.923106 -0.085637 0.363941 0.002066 
-0.074127 -0.016686 -3.807136 -0.085629 0.364360 0.000339 
-0.082399 -0.013694 -3.598450 -0.085625 0.364768 -0.001952 
-0.083760 -0.006816 -3.400499 -0.085428 0.365228 -0.004148 
-0.077848 -0.003620 -3.160679 -0.085416 0.365532 -0.006733 
-0.070048 -0.000324 -3.098409 -0.085552 0.365756 -0.007216 
-0.067397 0.006454 -3.203043 -0.085819 0.366139 -0.005802 
-0.063537 -0.004853 -3.400584 -0.086368 0.366808 -0.003615 
-0.060697 -0.007777 -3.598454 -0.086537 0.367487 -0.001539 
-0.057021 -0.010425 -3.848295 -0.086862 0.368073 0.001140 
-0.055886 -0.012751 -3.910731 -0.086875 0.368648 0.001722 
-0.070225 -0.013762 -3.785703 -0.087058 0.369015 0.000541 
-0.072086 -0.004613 -3.588524 -0.086845 0.368905 -0.001326 
-0.073142 -0.003913 -3.390178 -0.087012 0.368786 -0.003404 
-0.075277 0.007079 -3.171603 -0.086948 0.368197 -0.005566 
-0.076622 0.009466 -3.077982 -0.086936 0.367619 -0.006444 
-0.076997 0.003817 -3.181777 -0.086970 0.366871 -0.005453 
-0.062955 0.006909 -3.369109 -0.086768 0.365943 -0.003675 
-0.069943 0.004127 -3.567050 -0.086620 0.365544 -0.001698 
-0.070098 -0.002498 -3.817219 -0.086331 0.365008 0.000768 
-0.063297 -0.005712 -3.910725 -0.086183 0.364687 0.001546 
-0.073448 -0.007859 -3.797362 -0.085728 0.364262 0.000568 
-0.082684 -0.011356 -3.600060 -0.085608 0.364199 -0.001303 
-0.093181 -0.005779 -3.413180 -0.085103 0.363959 -0.003290 
-0.094857 -0.005289 -3.163702 -0.085114 0.363932 -0.005650 
-0.088446 -0.008489 -3.080793 -0.085137 0.363682 -0.006328 
-0.080079 -0.004117 -3.194633 -0.085256 0.363547 -0.005348 
-0.077977 -0.013958 -3.381719 -0.085474 0.363844 -0.003475 
-0.076198 -0.007476 -3.578772 -0.085417 0.364247 -0.001823 
-0.066042 -0.006372 -3.837671 -0.085551 0.364886 0.000310 
-0.070717 -0.013758 -3.920319 -0.085923 0.365693 0.001091 
-0.078273 -0.003612 -3.806116 -0.085702 0.366402 -0.000105 
-0.078379 -0.005937 -3.628090 -0.085890 0.367042 -0.002211 
-0.078240 0.001055 -3.431274 -0.086013 0.367491 -0.003759 
-0.086312 -0.004877 -3.182364 -0.086073 0.368080 -0.005913 
-0.079163 -0.001161 -3.110239 -0.086047 0.368212 -0.006389 
-0.084322 0.002715 -3.234721 -0.086337 0.368269 -0.005095 
-0.083065 0.002348 -3.421830 -0.086329 0.368290 -0.003325 
-0.075031 -0.009831 -3.618960 -0.086399 0.368068 -0.001565 
-0.074462 -0.009276 -3.867838 -0.086220 0.367816 0.000474 
-0.075198 -0.016714 -3.929822 -0.086109 0.367540 0.000849 
-0.078453 -0.014710 -3.815118 -0.085620 0.367068 -0.000663 
-0.081292 -0.011786 -3.617249 -0.085451 0.366388 -0.002739 
-0.084568 -0.008373 -3.410363 -0.085118 0.365616 -0.004487 
-0.095093 -0.001516 -3.161647 -0.084767 0.365081 -0.006737 
-0.087879 -0.003287 -3.099220 -0.085100 0.364446 -0.007102 
-0.087542 -0.001261 -3.224731 -0.085078 0.363891 -0.005594 
-0.079292 -0.013373 -3.422701 -0.085147 0.363668 -0.003513 
-0.077255 -0.021431 -3.619574 -0.085513 0.363490 -0.001639 
-0.075123 -0.022545 -3.859799 -0.085507 0.363704 0.001048 
-0.067351 -0.019141 -3.911574 -0.085476 0.363850 0.001431 
-0.074778 -0.016265 -3.797281 -0.085466 0.364268 0.000346 
-0.075923 -0.009319 -3.600169 -0.085269 0.364727 -0.001528 
-0.076652 -0.001974 -3.392659 -0.085229 0.365085 -0.003390 
-0.069849 0.000109 -3.152601 -0.085385 0.365669 -0.005977 
-0.068878 0.006727 -3.110870 -0.085501 0.366137 -0.006371 
-0.066860 0.013039 -3.225063 -0.085611 0.366621 -0.005290 
-0.056103 0.005883 -3.421265 -0.086127 0.367241 -0.003638 
-0.060625 -0.000175 -3.587307 -0.086485 0.367679 -0.001958 
-0.051215 -0.015372 -3.836781 -0.086573 0.368219 0.000391 
-0.049018 -0.017848 -3.929021 -0.086906 0.368789 0.000953 
-0.057097 -0.014552 -3.804873 -0.086734 0.369115 -0.000125 
-0.059159 -0.005734 -3.618931 -0.086362 0.369105 -0.001684 
-0.060891 -0.003855 -3.421662 -0.086360 0.368705 -0.003440 
-0.064088 0.007288 -3.173283 -0.085975 0.368121 -0.005582 
-0.065217 0.009743 -3.080501 -0.085963 0.367542 -0.006139 
-0.058506 0.009070 -3.194727 -0.085957 0.366556 -0.005046 
-0.056897 0.010885 -3.381226 -0.086254 0.366001 -0.003264 
-0.063971 0.000766 -3.578238 -0.086318 0.365312 -0.001497 
-0.063011 0.002479 -3.827650 -0.086291 0.364771 0.000870 
-0.063121 -0.004621 -3.910421 -0.086336 0.364399 0.001552 
-0.071963 -0.007482 -3.786421 -0.086207 0.364154 0.000586 
-0.081152 -0.002618 -3.588904 -0.086028 0.364094 -0.001390 
-0.083301 -0.001138 -3.402034 -0.085868 0.363794 -0.003159 
-0.085829 -0.000559 -3.153937 -0.085558 0.363774 -0.005203 
-0.086899 -0.000015 -3.081712 -0.085398 0.363675 -0.005786 
-0.078708 0.003266 -3.195857 -0.085364 0.363828 -0.004812 
-0.076976 0.001387 -3.393126 -0.085365 0.364229 -0.003056 
-0.074783 -0.001739 -3.588479 -0.085537 0.364910 -0.001942 
-0.057563 -0.004778 -3.847092 -0.085696 0.365497 0.000083 
-0.062864 -0.012502 -3.908953 -0.085911 0.366401 0.000556 
-0.076680 -0.006664 -3.793869 -0.086046 0.367151 -0.000743 
-0.076804 -0.008101 -3.596429 -0.086228 0.367598 -0.002508 
-0.084019 -0.004636 -3.410207 -0.086379 0.367908 -0.003849 
-0.092021 0.006913 -3.171799 -0.086316 0.368315 -0.005898 
-0.091204 -0.001280 -3.109940 -0.086698 0.368296 -0.006057 
-0.082622 0.003160 -3.224619 -0.086816 0.368161 -0.004756 
-0.074325 -0.000591 -3.422373 -0.086826 0.367941 -0.002780 
-0.073812 -0.008004 -3.629044 -0.086866 0.367583 -0.001239 
-0.080806 -0.010914 -3.857331 -0.086717 0.367188 0.000712 
-0.083066 -0.017706 -3.929113 -0.086280 0.366734 0.000754 
-0.085663 -0.015994 -3.793918 -0.085955 0.366349 -0.000739 
-0.089571 -0.013048 -3.596591 -0.085465 0.365678 -0.002821 
-0.099047 -0.015854 -3.409383 -0.085340 0.365427 -0.004698 
-0.094763 -0.008454 -3.150320 -0.085138 0.364691 -0.006935 
-0.096387 -0.014129 -3.109429 -0.085020 0.364024 -0.007111 
-0.095809 -0.012795 -3.224847 -0.085003 0.363657 -0.005597 
-0.087117 -0.025266 -3.401486 -0.085237 0.363523 -0.003818 
-0.077753 -0.029039 -3.598698 -0.085568 0.363295 -0.001836 
-0.082249 -0.026499 -3.848224 -0.085700 0.363654 0.000631 
-0.088467 -0.032352 -3.921255 -0.085741 0.364089 0.001420 
-0.088131 -0.025679 -3.816316 -0.085861 0.364550 0.000115 
-0.089014 -0.010305 -3.619827 -0.085604 0.365011 -0.001543 
-0.088439 -0.003802 -3.432028 -0.085890 0.365554 -0.003419 
-0.082287 -0.001297 -3.182115 -0.085883 0.366046 -0.005999 
-0.088639 0.001164 -3.109700 -0.086035 0.366558 -0.006475 
-0.079186 -0.004629 -3.213424 -0.086386 0.366888 -0.005386 
-0.069475 -0.002643 -3.420886 -0.086516 0.367331 -0.003528 
-0.067502 -0.005214 -3.608061 -0.086523 0.367919 -0.001765 
-0.065197 -0.015245 -3.856678 -0.086740 0.368224 0.000377 
-0.057238 -0.021022 -3.928921 -0.086772 0.368559 0.000845 
-0.066385 -0.017703 -3.805316 -0.086279 0.368893 -0.000238 
-0.061228 -0.021057 -3.608066 -0.086150 0.368729 -0.002109 
-0.063564 -0.010396 -3.400727 -0.085926 0.368240 -0.003963 
-0.066761 0.000747 -3.152349 -0.085541 0.367655 -0.006104 
-0.075853 0.008328 -3.090437 -0.085335 0.366853 -0.006578 
-0.060969 0.002468 -3.204977 -0.085521 0.366094 -0.005273 
-0.060453 0.005063 -3.402951 -0.085491 0.365359 -0.003181 
-0.058891 -0.001483 -3.589665 -0.085847 0.364800 -0.001295 
-0.057280 -0.000191 -3.848932 -0.085983 0.364351 0.001065 
-0.063819 -0.012561 -3.900781 -0.086232 0.364304 0.001664 
-0.072614 -0.007060 -3.776566 -0.086044 0.364062 0.000593 
-0.074738 -0.006340 -3.578763 -0.085890 0.363951 -0.001491 
-0.083060 -0.001830 -3.391941 -0.085874 0.363982 -0.003152 
-0.078476 0.002968 -3.143343 -0.085529 0.363914 -0.005409 
-0.077740 0.010406 -3.081359 -0.085641 0.364189 -0.005783 
-0.070013 0.004928 -3.206117 -0.085508 0.364439 -0.004718 
-0.068281 0.003048 -3.403385 -0.085509 0.364839 -0.002962 
-0.058128 0.004674 -3.589517 -0.085804 0.365371 -0.001406 
-0.055348 -0.006868 -3.848293 -0.086031 0.366055 0.000723 
-0.061253 -0.005811 -3.900084 -0.086025 0.366870 0.001099 
-0.061590 -0.007837 -3.774573 -0.086047 0.367425 -0.000409 
-0.068780 -0.005131 -3.577419 -0.086204 0.367924 -0.002066 
-0.077230 0.006649 -3.390687 -0.085975 0.368246 -0.003838 
-0.077886 -0.001244 -3.140880 -0.086366 0.368208 -0.006088 
-0.077631 0.007577 -3.099083 -0.086467 0.368107 -0.006475 
-0.077075 -0.000208 -3.203784 -0.086516 0.367926 -0.005171 
-0.068778 -0.003959 -3.401538 -0.086526 0.367706 -0.003195 
-0.068654 -0.002522 -3.598978 -0.086344 0.367259 -0.001430 
-0.060805 -0.006042 -3.848408 -0.086190 0.366955 0.000823 
-0.069914 -0.008624 -3.921314 -0.085727 0.366551 0.001294 
-0.079212 -0.010860 -3.806569 -0.085593 0.366119 0.000000 
-0.074948 -0.013102 -3.609557 -0.085295 0.365675 -0.001870 
-0.085504 -0.005614 -3.402119 -0.084938 0.364955 -0.003831 
-0.088287 -0.004079 -3.152040 -0.084782 0.364649 -0.006511 
-0.088972 -0.002506 -3.110695 -0.084773 0.364266 -0.006792 
-0.095985 -0.013886 -3.225152 -0.084850 0.363945 -0.005603 
-0.086620 -0.017658 -3.422363 -0.085182 0.363717 -0.003621 
-0.084712 -0.018447 -3.619327 -0.085336 0.363830 -0.001858 
-0.074863 -0.024124 -3.869120 -0.085518 0.364085 0.000713 
-0.074595 -0.026097 -3.920862 -0.085368 0.364568 0.000982 
-0.089303 -0.019146 -3.806017 -0.085335 0.365038 -0.000316 
-0.090207 -0.012891 -3.598812 -0.085142 0.365684 -0.002184 
-0.083197 -0.000990 -3.411587 -0.085226 0.365898 -0.003951 
-0.083478 0.006124 -3.152402 -0.085351 0.366341 -0.006089 
-0.082795 0.005072 -3.120979 -0.085521 0.366617 -0.006385 
-0.080020 -0.005427 -3.234220 -0.086070 0.367088 -0.005411 
-0.076803 -0.006929 -3.420548 -0.086551 0.367380 -0.003636 
-0.081484 -0.005087 -3.627958 -0.086690 0.367924 -0.001779 
-0.064787 -0.014974 -3.876626 -0.086897 0.368128 0.000363 
-0.071455 -0.020074 -3.928565 -0.086934 0.368372 0.000851 
-0.073361 -0.019807 -3.804369 -0.086619 0.368366 -0.000334 
-0.069049 -0.013688 -3.607142 -0.086262 0.367925 -0.002308 
-0.078914 -0.007644 -3.410702 -0.085915 0.367585 -0.003962 
-0.075093 -0.009004 -3.162252 -0.085613 0.366946 -0.006107 
-0.069054 0.005636 -3.111175 -0.085349 0.366424 -0.006377 
-0.069455 0.000746 -3.225903 -0.085376 0.365487 -0.005072 
-0.061633 -0.001493 -3.413497 -0.085376 0.364888 -0.003082 
-0.067528 -0.005056 -3.599963 -0.085555 0.364669 -0.001415 
-0.057960 -0.009018 -3.858706 -0.085885 0.364449 0.000836 
-0.058455 -0.017148 -3.910597 -0.085779 0.364361 0.001217 
-0.073221 -0.008286 -3.775193 -0.085893 0.364352 -0.000055 
-0.073821 -0.008211 -3.567593 -0.086065 0.364419 -0.001806 
-0.082143 -0.003701 -3.380771 -0.086048 0.364450 -0.003468 
-0.083779 -0.004235 -3.132436 -0.085906 0.364710 -0.005513 
-0.082417 0.003541 -3.091239 -0.086174 0.364889 -0.005580 
-0.073810 0.007222 -3.194986 -0.086298 0.364942 -0.004594 
-0.072078 0.005343 -3.392255 -0.086300 0.365342 -0.002838 
-0.063040 -0.001370 -3.579144 -0.086332 0.365879 -0.001183 
-0.059795 -0.004153 -3.827307 -0.086659 0.366467 0.000854 
-0.059533 -0.006254 -3.909396 -0.086509 0.366954 0.001097 
-0.060112 -0.007588 -3.793978 -0.086525 0.367321 -0.000417 
-0.075280 -0.008747 -3.586632 -0.086554 0.367777 -0.002175 
-0.076954 -0.008779 -3.409921 -0.086404 0.367857 -0.003957 
-0.077950 0.000538 -3.150668 -0.086514 0.367732 -0.006088 
-0.085305 -0.002467 -3.088495 -0.086703 0.367486 -0.006459 
-0.078079 -0.005674 -3.214025 -0.086553 0.367167 -0.005066 
-0.069365 -0.009026 -3.401381 -0.086722 0.366847 -0.003077 
-0.069241 -0.007589 -3.598821 -0.086540 0.366400 -0.001312 
-0.075785 -0.011252 -3.848200 -0.086395 0.366196 0.000940 
-0.076520 -0.018690 -3.910184 -0.086283 0.365921 0.001315 
-0.078667 -0.017731 -3.796081 -0.085963 0.365728 0.000123 
-0.088331 -0.011356 -3.588405 -0.085774 0.365288 -0.001839 
-0.090696 -0.009943 -3.400695 -0.085614 0.364988 -0.003929 
-0.092847 -0.007942 -3.141057 -0.085615 0.364581 -0.006275 
-0.100356 -0.002918 -3.089905 -0.085587 0.364437 -0.006442 
-0.099806 -0.010832 -3.224953 -0.085635 0.364260 -0.005164 
-0.091509 -0.014583 -3.422707 -0.085645 0.364040 -0.003188 
-0.089360 -0.016063 -3.609578 -0.085805 0.364340 -0.001419 
-0.080795 -0.021786 -3.859075 -0.085666 0.364604 0.000827 
-0.080983 -0.023134 -3.920072 -0.085512 0.364900 0.000768 
-0.081709 -0.016311 -3.785329 -0.085312 0.365365 -0.000516 
-0.090182 -0.013650 -3.587880 -0.085149 0.365873 -0.002499 
-0.083852 -0.010577 -3.410430 -0.085133 0.366184 -0.004495 
-0.092593 -0.005944 -3.161238 -0.085120 0.366208 -0.006746 
-0.084342 -0.003402 -3.120059 -0.085260 0.366624 -0.006927 
-0.075156 -0.007744 -3.244808 -0.085600 0.366577 -0.005529 
-0.073032 -0.008465 -3.442611 -0.085754 0.366688 -0.003446 
-0.070667 -0.009877 -3.630320 -0.085913 0.366988 -0.001356 
-0.067951 -0.019637 -3.898885 -0.086287 0.367197 0.000773 
-0.067918 -0.020789 -3.930374 -0.086133 0.367488 0.001062 
-0.076688 -0.016048 -3.795228 -0.085951 0.367435 -0.000324 
-0.078571 -0.016019 -3.587332 -0.085803 0.367511 -0.002401 
-0.080720 -0.014539 -3.400461 -0.085643 0.367211 -0.004170 
-0.076564 0.000131 -3.141489 -0.085230 0.366766 -0.006518 
-0.077120 -0.005566 -3.100054 -0.085432 0.366091 -0.006689 
-0.069452 -0.009133 -3.204254 -0.085447 0.365861 -0.005597 
-0.068695 -0.007230 -3.392135 -0.085422 0.365313 -0.003499 
-0.059988 -0.010710 -3.609837 -0.085590 0.364998 -0.001536 
-0.057895 -0.010801 -3.848918 -0.085737 0.364925 0.000836 
-0.065455 -0.014788 -3.901095 -0.085606 0.364889 0.001325 
-0.072970 -0.019249 -3.785873 -0.085809 0.365016 0.000030 
-0.081918 -0.015078 -3.578263 -0.085636 0.365144 -0.001940 
-0.075559 -0.002755 -3.381184 -0.085556 0.365266 -0.003699 
-0.076321 0.005742 -3.142185 -0.085671 0.365333 -0.005850 
-0.068786 0.010488 -3.100939 -0.085796 0.365180 -0.006024 
-0.067754 0.001190 -3.215801 -0.085854 0.365378 -0.004733 
-0.064979 0.000048 -3.423458 -0.086171 0.365582 -0.002657 
-0.055214 0.010523 -3.600358 -0.086243 0.366024 -0.000878 
-0.045629 -0.003582 -3.849527 -0.086484 0.366277 0.001477 
-0.052225 -0.001080 -3.890320 -0.086469 0.366712 0.001546 
-0.052803 -0.002415 -3.774902 -0.086485 0.367079 0.000032 
-0.068838 -0.003220 -3.556862 -0.086352 0.367444 -0.002040 
-0.070512 -0.003252 -3.380151 -0.086202 0.367524 -0.003822 
-0.079259 0.001252 -3.161305 -0.086187 0.367552 -0.006100 
-0.079912 0.002195 -3.078682 -0.086185 0.367353 -0.006670 
-0.072639 0.007348 -3.203997 -0.085977 0.367038 -0.005381 
-0.064188 -0.004432 -3.390729 -0.086205 0.366716 -0.003608 
-0.056783 -0.007070 -3.588722 -0.086047 0.366216 -0.001631 
-0.055107 -0.007560 -3.838200 -0.086036 0.366243 0.000729 
-0.063149 -0.010164 -3.910563 -0.085894 0.365831 0.001205 
-0.071099 -0.014137 -3.786325 -0.085933 0.365866 0.000238 
-0.088244 -0.004019 -3.589333 -0.085561 0.365578 -0.001629 
-0.082260 -0.006703 -3.401633 -0.085747 0.365218 -0.003500 
-0.084565 0.003328 -3.153017 -0.085531 0.364913 -0.005643 
-0.091269 -0.000098 -3.100699 -0.085883 0.364759 -0.006021 
-0.090278 -0.008372 -3.214416 -0.086095 0.364670 -0.005045 
-0.088610 -0.008469 -3.421473 -0.086244 0.364595 -0.003289 
-0.087400 -0.017197 -3.608797 -0.086295 0.364612 -0.001414 
-0.078835 -0.022921 -3.858294 -0.086156 0.364876 0.000831 
-0.078808 -0.024201 -3.920129 -0.086001 0.365171 0.001094 
-0.080843 -0.016664 -3.796023 -0.085474 0.365457 -0.000202 
-0.089315 -0.014004 -3.598574 -0.085311 0.365964 -0.002185 
-0.083877 -0.009818 -3.421362 -0.085127 0.365995 -0.004180 
-0.092794 -0.006276 -3.172474 -0.084961 0.366308 -0.006438 
-0.085234 -0.002289 -3.120297 -0.085092 0.366344 -0.006927 
-0.083135 -0.011608 -3.234616 -0.085471 0.366534 -0.005631 
-0.087687 -0.017036 -3.441936 -0.085823 0.366787 -0.003663 
-0.085362 -0.017425 -3.628501 -0.086135 0.366799 -0.001887 
-0.068642 -0.018193 -3.887886 -0.086278 0.366817 0.000465 
-0.082221 -0.027179 -3.929089 -0.086507 0.367010 0.000857 
-0.083429 -0.018973 -3.814533 -0.086296 0.367100 -0.000439 
-0.084920 -0.017785 -3.607171 -0.086300 0.366888 -0.002190 
-0.086365 -0.008237 -3.399595 -0.086244 0.366678 -0.004044 
-0.097353 -0.010139 -3.161492 -0.085795 0.366240 -0.006202 
-0.090557 -0.012309 -3.109463 -0.085969 0.365705 -0.006579 
-0.083283 -0.007156 -3.234778 -0.085761 0.365390 -0.005290 
-0.089379 -0.011050 -3.432481 -0.085781 0.365271 -0.003314 
-0.081297 -0.014868 -3.629396 -0.085792 0.365052 -0.001658 
-0.072557 -0.019501 -3.878588 -0.085806 0.365027 0.000593 
-0.072394 -0.027923 -3.909988 -0.085863 0.365028 0.000993 
-0.080513 -0.023603 -3.784696 -0.085844 0.365066 -0.000400 
-0.089461 -0.019431 -3.577087 -0.085671 0.365194 -0.002369 
-0.083390 -0.014778 -3.390316 -0.085645 0.365124 -0.004031 
-0.084803 -0.005860 -3.141461 -0.085597 0.365100 -0.006174 
-0.077028 -0.001805 -3.090123 -0.085727 0.365135 -0.006342 
-0.068252 -0.006418 -3.194924 -0.085909 0.365184 -0.004930 
-0.072757 -0.003484 -3.402029 -0.086202 0.365440 -0.003067 
-0.063960 -0.009506 -3.599011 -0.086228 0.365789 -0.001418 
-0.061392 -0.011109 -3.848252 -0.086386 0.366096 0.000941 
-0.059405 -0.013524 -3.909306 -0.086720 0.366663 0.001208 
-0.067095 -0.019076 -3.794389 -0.086770 0.367078 -0.000094 
-0.068064 -0.011040 -3.596973 -0.086725 0.367249 -0.001962 
-0.069315 -0.010544 -3.379518 -0.086734 0.367224 -0.003706 
-0.071145 -0.002025 -3.141061 -0.086528 0.367300 -0.005862 
-0.071589 -0.001143 -3.089623 -0.086524 0.367104 -0.006137 
-0.070334 -0.000989 -3.203965 -0.086677 0.367018 -0.004945 
-0.069735 -0.001064 -3.411564 -0.086505 0.366950 -0.003194 
-0.055024 -0.008536 -3.599178 -0.086378 0.366587 -0.001318 
-0.054193 0.000447 -3.848679 -0.086139 0.366338 0.000938 
-0.062016 -0.011968 -3.900232 -0.086068 0.366299 0.001210 
-0.063746 -0.010611 -3.775731 -0.085905 0.366006 0.000032 
-0.079999 -0.001604 -3.578501 -0.085701 0.365997 -0.001836 
-0.081080 -0.000146 -3.391087 -0.085862 0.365689 -0.003599 
-0.090761 -0.002762 -3.142348 -0.085739 0.365430 -0.005746 
-0.083701 0.003496 -3.090943 -0.085854 0.364898 -0.005906 
-0.082734 -0.004019 -3.215592 -0.086060 0.364620 -0.004616 
-0.080826 -0.004808 -3.412556 -0.086214 0.364733 -0.002853 
-0.080249 -0.014002 -3.609439 -0.086107 0.364851 -0.001312 
-0.071636 -0.011365 -3.858721 -0.085910 0.365118 0.000829 
-0.078883 -0.008442 -3.889658 -0.085731 0.365461 0.000905 
-0.080530 -0.009754 -3.774783 -0.085427 0.365836 -0.000615 
-0.082413 -0.009725 -3.566888 -0.085278 0.365912 -0.002692 
-0.090735 -0.005215 -3.380065 -0.085262 0.365944 -0.004354 
-0.092564 0.003304 -3.141608 -0.085055 0.366019 -0.006510 
-0.091882 0.002253 -3.110186 -0.085225 0.366295 -0.006806 
-0.082696 -0.002089 -3.234934 -0.085565 0.366248 -0.005408 
-0.080860 -0.010479 -3.443045 -0.085772 0.366169 -0.003226 
-0.078711 -0.011959 -3.629916 -0.085932 0.366469 -0.001457 
-0.069319 -0.017013 -3.888963 -0.086108 0.366537 0.000787 
-0.076613 -0.022450 -3.920115 -0.085989 0.366877 0.000968 
-0.084731 -0.018130 -3.794823 -0.085970 0.366916 -0.000425 
-0.087506 -0.016988 -3.587166 -0.085654 0.366712 -0.002501 
-0.082087 -0.011914 -3.390540 -0.085465 0.366551 -0.004156 
-0.091463 0.002130 -3.172555 -0.085222 0.366302 -0.006216 
-0.085493 -0.000710 -3.110976 -0.085081 0.365963 -0.006592 
-0.083869 -0.008517 -3.215135 -0.085450 0.365774 -0.005283 
-0.083094 -0.007501 -3.422429 -0.085431 0.365418 -0.003525 
-0.073751 -0.020394 -3.608924 -0.085828 0.365376 -0.001754 
-0.079644 -0.024478 -3.868158 -0.085846 0.365264 0.000491 
-0.079200 -0.025359 -3.919596 -0.085849 0.365460 0.000767 
-0.080038 -0.025114 -3.794856 -0.085855 0.365446 -0.000413 
-0.081899 -0.015965 -3.597678 -0.085641 0.365337 -0.002280 
-0.090220 -0.011455 -3.410855 -0.085625 0.365368 -0.003942 
-0.077940 -0.010334 -3.152412 -0.085463 0.365147 -0.005974 
-0.078297 -0.002115 -3.101903 -0.085247 0.365242 -0.006039 
-0.077042 -0.001961 -3.216244 -0.085400 0.365156 -0.004846 
-0.067619 -0.007644 -3.434013 -0.085583 0.365408 -0.002890 
-0.065053 -0.008725 -3.610486 -0.085901 0.365608 -0.001109 
-0.055596 -0.015561 -3.859745 -0.085931 0.366152 0.001136 
-0.061588 -0.021841 -3.910607 -0.086137 0.366676 0.001301 
-0.069231 -0.019033 -3.795475 -0.086128 0.367094 -0.000105 
-0.077265 -0.006853 -3.598345 -0.086058 0.367317 -0.001865 
-0.077840 -0.007537 -3.379813 -0.086236 0.367573 -0.003930 
-0.079756 -0.006356 -3.140428 -0.086242 0.367358 -0.006297 
-0.073049 -0.002280 -3.089633 -0.086051 0.367401 -0.006470 
-0.072035 -0.001434 -3.214067 -0.086199 0.367127 -0.005284 
-0.063058 0.003643 -3.402047 -0.086308 0.366809 -0.003078 
-0.062089 -0.004394 -3.599464 -0.086353 0.366639 -0.001210 
-0.060237 -0.003793 -3.848637 -0.086494 0.366378 0.001156 
-0.060685 -0.003562 -3.900313 -0.086329 0.366294 0.001432 
-0.069502 -0.007181 -3.765381 -0.086207 0.366237 0.000151 
-0.078515 -0.001227 -3.567560 -0.086180 0.365889 -0.001818 
-0.087575 -0.003634 -3.369954 -0.086213 0.365538 -0.003683 
-0.089927 -0.001964 -3.121552 -0.086055 0.365230 -0.005721 
-0.089961 -0.000812 -3.090063 -0.086209 0.364939 -0.006009 
-0.074971 -0.000222 -3.224946 -0.086189 0.364664 -0.004835 
-0.081067 -0.004116 -3.422649 -0.086209 0.364545 -0.002859 
-0.072094 -0.009047 -3.619327 -0.086388 0.364606 -0.001205 
-0.070856 -0.019056 -3.868486 -0.086284 0.364918 0.000932 
-0.071427 -0.011426 -3.889906 -0.085908 0.365121 0.001124 
-0.072656 -0.012339 -3.764633 -0.085762 0.365396 -0.000383 
-0.080713 -0.009280 -3.556785 -0.085757 0.365804 -0.002354 
-0.082146 -0.010003 -3.369982 -0.085612 0.366071 -0.004130 
-0.090677 -0.005432 -3.151974 -0.085597 0.366099 -0.006086 
-0.089578 -0.006084 -3.110153 -0.085925 0.366275 -0.006370 
-0.088082 -0.006622 -3.214402 -0.086083 0.366377 -0.005171 
-0.085523 -0.007831 -3.421220 -0.086400 0.366581 -0.003416 
-0.075683 -0.013116 -3.628592 -0.086742 0.366733 -0.001447 
-0.074270 -0.022034 -3.877446 -0.086790 0.366758 0.000696 
-0.073826 -0.022915 -3.928884 -0.086794 0.366953 0.000971 
-0.083059 -0.026934 -3.804350 -0.086513 0.366997 -0.000322 
-0.092611 -0.013980 -3.586671 -0.086118 0.367036 -0.002389 
-0.095412 -0.012079 -3.389945 -0.085795 0.366644 -0.004151 
-0.098220 -0.009785 -3.150798 -0.085632 0.366149 -0.006516 
-0.091289 0.003743 -3.099483 -0.085536 0.365907 -0.006787 
-0.084351 -0.007134 -3.235321 -0.085440 0.365398 -0.005295 
-0.082971 -0.014900 -3.452685 -0.085642 0.365131 -0.003441 
-0.088625 -0.019154 -3.629059 -0.085826 0.365101 -0.001767 
-0.086949 -0.019644 -3.878537 -0.085815 0.365128 0.000593 
-0.087003 -0.028133 -3.909098 -0.085873 0.365129 0.000672 
-0.088492 -0.027467 -3.774504 -0.085716 0.365023 -0.000501 
-0.089461 -0.019431 -3.577087 -0.085671 0.365194 -0.002369 
-0.091369 -0.018642 -3.380123 -0.085516 0.365082 -0.004132 
-0.093023 -0.009033 -3.141362 -0.085463 0.364869 -0.006281 
-0.092776 -0.009596 -3.100923 -0.085469 0.365053 -0.006249 
-0.084370 -0.006246 -3.215906 -0.085434 0.365205 -0.004954 
-0.068486 -0.007291 -3.423320 -0.085421 0.365317 -0.003204 
-0.066384 -0.017132 -3.610405 -0.085640 0.365614 -0.001331 
-0.079850 -0.044073 -3.859105 -0.085663 0.366022 0.000694 
-0.125891 -0.095016 -3.920341 -0.085402 0.366331 0.000615 
-0.167874 -0.115292 -3.775833 -0.084292 0.366403 -0.001108 
-0.182113 -0.083616 -3.555930 -0.082803 0.365908 -0.004676 
-0.178215 -0.016239 -3.332980 -0.082339 0.364724 -0.008633 
-0.158730 0.044511 -3.036681 -0.082559 0.363034 -0.013051 
-0.136179 0.065588 -2.948200 -0.083847 0.360668 -0.014852 
-0.110439 0.034041 -3.049319 -0.085815 0.358862 -0.013616 
-0.110076 0.015767 -3.247482 -0.087860 0.358117 -0.010108 
-0.116977 0.024895 -3.450634 -0.089074 0.358014 -0.005218 
-0.122739 0.041705 -3.707524 -0.090229 0.358107 0.000806 
-0.123510 0.077168 -3.737928 -0.090621 0.358905 0.004973 
-0.119393 0.123559 -3.631953 -0.090459 0.360129 0.006996 
-0.109610 0.139818 -3.449680 -0.090510 0.361477 0.007036 
-0.109507 0.128177 -3.273852 -0.090602 0.362400 0.005671 
-0.118046 0.122510 -3.029459 -0.090983 0.362798 0.001590 
-0.125332 0.129309 -3.012021 -0.090942 0.364182 -0.001303 
-0.140066 0.114687 -3.181490 -0.090725 0.365639 -0.002652 
-0.157105 0.094920 -3.414256 -0.090059 0.366259 -0.003304 
-0.153693 0.047176 -3.599055 -0.089258 0.366529 -0.003068 
-0.134454 -0.008307 -3.838608 -0.088660 0.366599 -0.001162 
-0.132166 -0.029354 -3.820976 -0.087361 0.366670 -0.001069 
-0.146238 -0.025005 -3.616920 -0.085582 0.366837 -0.002744 
-0.160939 0.002367 -3.350460 -0.083324 0.367583 -0.005335 
-0.188601 0.021484 -3.103568 -0.081612 0.368323 -0.007830 
-0.212520 0.044065 -2.793441 -0.081323 0.368166 -0.010238 
-0.209159 0.067137 -2.674592 -0.082288 0.366704 -0.008380 
-0.213117 0.108716 -2.725512 -0.084563 0.364852 -0.002668 
-0.218135 0.173631 -2.874314 -0.087955 0.362462 0.006425 
-0.241501 0.245644 -3.035104 -0.092269 0.359442 0.016926 
-0.257818 0.323137 -3.277948 -0.096536 0.356005 0.027792 
-0.283151 0.376689 -3.318717 -0.100990 0.353350 0.035062 
-0.327778 0.420261 -3.211320 -0.104569 0.351183 0.039327 
-0.371457 0.456758 -3.047194 -0.106755 0.349663 0.040285 
-0.421551 0.472620 -2.941405 -0.107321 0.349047 0.039114 
-0.498753 0.488430 -2.747146 -0.106624 0.349559 0.034234 
-0.565193 0.492743 -2.779890 -0.104543 0.350695 0.029878 
-0.642211 0.473423 -2.968373 -0.101342 0.352493 0.026107 
-0.764400 0.412815 -3.220088 -0.097971 0.354313 0.023121 
-0.924900 0.339582 -3.460589 -0.094230 0.356298 0.019491 
-1.091909 0.272483 -3.762297 -0.090767 0.357767 0.016251 
-1.208981 0.225724 -3.848056 -0.087785 0.357141 0.012266 
-1.288944 0.214275 -3.760629 -0.086791 0.356054 0.009335 
-1.381483 0.223525 -3.708707 -0.091445 0.357167 0.008159 
-1.490719 0.343696 -3.509726 -0.094045 0.352694 0.008153 
-1.748166 0.428867 -3.209471 -0.094246 0.342824 0.007072 
-1.884529 0.470030 -3.091666 -0.094678 0.333633 0.001947 
-1.984152 0.456495 -3.207413 -0.096588 0.323899 -0.006055 
-2.051188 0.425959 -3.448628 -0.102450 0.316243 -0.010169 
-2.051770 0.528458 -3.661162 -0.106695 0.307802 -0.010576 
-2.200690 0.707755 -3.990675 -0.105814 0.299038 -0.004148 
-2.288500 0.806528 -4.126675 -0.102421 0.292954 0.007594 
-2.379024 0.804085 -4.083192 -0.098307 0.289405 0.019622 
-2.436650 0.729267 -3.860867 -0.095979 0.287093 0.030068 
-2.425597 0.665527 -3.696097 -0.094659 0.286693 0.035849 
-2.519976 0.709783 -3.567903 -0.092165 0.290594 0.027751 
-2.571031 0.778481 -3.657914 -0.089787 0.296134 0.013882 
-2.620443 0.772918 -3.796247 -0.088893 0.301251 -0.000031 
-2.612245 0.737881 -3.908650 -0.090583 0.307584 -0.006836 
-2.577595 0.693185 -4.091918 -0.093928 0.314517 -0.004897 
-2.595781 0.689639 -4.415505 -0.097487 0.321960 0.000586 
-2.648583 0.726700 -4.478919 -0.100956 0.327607 -0.000212 
-2.739272 0.749130 -4.333980 -0.105042 0.331854 -0.002635 
-2.754559 0.785625 -4.106970 -0.109633 0.336523 -0.005196 
-2.707722 0.815070 -3.902053 -0.113108 0.339714 -0.003923 
-2.641505 0.859209 -3.602014 -0.114702 0.339231 -0.001264 
-2.589828 0.941163 -3.572356 -0.114254 0.336519 0.002891 
-2.663895 0.941286 -3.738064 -0.114286 0.334577 0.004492 
-2.718756 0.929370 -3.989995 -0.114226 0.332217 0.004086 
-2.759393 0.932101 -4.163892 -0.111162 0.326123 0.003106 
-2.718099 0.941708 -4.360837 -0.106391 0.318134 0.005961 
-2.699919 0.963420 -4.394625 -0.101880 0.310280 0.004782 
-2.742337 0.979223 -4.283907 -0.099383 0.303009 0.000105 
-2.775377 0.979621 -4.058898 -0.098280 0.294309 -0.004658 
-2.815377 1.020150 -3.807242 -0.097542 0.286447 -0.003810 
-2.807780 1.016796 -3.527503 -0.098054 0.280899 -0.005433 
-2.795253 0.995187 -3.441312 -0.099165 0.277726 -0.006496 
-2.800402 0.993183 -3.433623 -0.100466 0.275085 -0.004510 
-2.798001 0.991282 -3.545732 -0.103203 0.274413 -0.002413 
-2.813147 1.009621 -3.697675 -0.106133 0.278077 -0.004569 
-2.849606 1.061079 -3.930233 -0.107713 0.283166 -0.003920 
-2.870391 1.079458 -3.905559 -0.107921 0.287336 -0.001790 
-2.913358 1.033317 -3.714908 -0.108767 0.292086 -0.000828 
-2.943768 1.012070 -3.505862 -0.110235 0.298000 0.001228 
-2.972792 1.025479 -3.361994 -0.112259 0.303446 0.001541 
-2.993319 1.047918 -3.156407 -0.114217 0.306333 -0.002244 
-2.966781 1.112099 -3.116667 -0.115685 0.307684 -0.008718 
-2.908736 1.102223 -3.267743 -0.118125 0.308528 -0.011507 
-2.820381 1.037485 -3.483778 -0.120768 0.308485 -0.008788 
-2.817932 1.038979 -3.656425 -0.120742 0.306214 -0.000760 
-2.800115 1.034960 -3.929935 -0.119775 0.301934 0.006543 
-2.785943 0.969926 -3.993470 -0.118770 0.298288 0.010883 
-2.743823 0.957060 -3.908921 -0.115301 0.295113 0.011253 
-2.732229 0.926643 -3.669951 -0.110859 0.289517 -0.001426 
-2.726424 0.869044 -3.429518 -0.106610 0.283574 -0.010678 
-2.662079 0.828386 -3.176940 -0.103338 0.279025 -0.027957 
-2.576022 0.774171 -3.143152 -0.101257 0.275236 -0.030625 
-2.473707 0.750727 -3.285702 -0.099582 0.271390 -0.023666 
-2.409527 0.700310 -3.391616 -0.099888 0.269622 -0.010139 
-2.396413 0.616075 -3.595185 -0.101095 0.269959 0.017972 
-2.351302 0.552034 -3.856970 -0.101179 0.272183 0.040319 
-2.314716 0.539125 -3.895017 -0.100117 0.275509 0.061670 
-2.208459 0.478857 -3.799047 -0.100805 0.279334 0.071445 
-2.102956 0.491378 -3.627168 -0.101474 0.285556 0.071531 
-2.098954 0.522163 -3.497864 -0.101109 0.292490 0.064064 
-2.105040 0.504913 -3.293125 -0.100613 0.298392 0.047002 
-2.140317 0.479377 -3.288319 -0.101147 0.303938 0.025712 
-2.192291 0.439616 -3.487471 -0.103710 0.309616 0.002343 
-2.248148 0.410992 -3.707000 -0.107641 0.313511 -0.019926 
-2.310052 0.459571 -3.860503 -0.111191 0.314139 -0.036284 
-2.256198 0.506554 -4.023171 -0.114677 0.312267 -0.037512 
-2.190178 0.512588 -4.046241 -0.118609 0.309620 -0.029830 
-2.110793 0.573173 -3.877817 -0.120385 0.304511 -0.011246 
-2.125028 0.576708 -3.624645 -0.120528 0.297646 0.012748 
-2.194600 0.519745 -3.379548 -0.118876 0.290774 0.042476 
-2.301711 0.561433 -3.121540 -0.113986 0.284948 0.057508 
-2.391830 0.561382 -3.062091 -0.109051 0.279574 0.066878 
-2.361828 0.573992 -3.131780 -0.103469 0.271929 0.067039 
-2.266202 0.646789 -3.301027 -0.098871 0.264135 0.059434 
-2.225959 0.668764 -3.512945 -0.097558 0.258020 0.039152 
-2.274544 0.646571 -3.835347 -0.097570 0.252315 0.011594 
-2.395209 0.632882 -3.848241 -0.097902 0.247072 -0.017730 
-2.438019 0.570105 -3.691865 -0.101597 0.242483 -0.043889 
-2.373758 0.516784 -3.488388 -0.106608 0.240330 -0.052541 
-2.338556 0.587423 -3.265365 -0.110121 0.240361 -0.053986 
-2.380977 0.595591 -2.999554 -0.112667 0.240854 -0.033670 
-2.543369 0.532676 -2.934648 -0.114648 0.244205 -0.006836 
-2.678458 0.462324 -3.015531 -0.115372 0.249298 0.020475 
-2.636808 0.309156 -3.168032 -0.114806 0.253024 0.042958 
-2.428379 0.256507 -3.322212 -0.111348 0.258010 0.060162 
-2.204297 0.260382 -3.546818 -0.107487 0.262307 0.057602 
-2.081092 0.268612 -3.631601 -0.104630 0.266307 0.041141 
-2.107257 0.226034 -3.504648 -0.101588 0.269559 0.013487 
-2.103039 0.189996 -3.272394 -0.098165 0.269907 -0.015765 
-2.013752 0.133753 -3.125946 -0.096111 0.267760 -0.038405 
-1.769866 0.193387 -2.890814 -0.096686 0.264219 -0.042647 
-1.533452 0.270027 -2.887180 -0.099857 0.259372 -0.026224 
-1.465982 0.362146 -3.065667 -0.103966 0.253095 0.006602 
-1.477488 0.414633 -3.306476 -0.107592 0.247849 0.043524 
-1.421627 0.349345 -3.554786 -0.110563 0.244470 0.078534 
-1.290430 0.259592 -3.828449 -0.111254 0.242361 0.105953 
-1.186541 0.221177 -3.786903 -0.109697 0.242288 0.108196 
-1.231165 0.159984 -3.631305 -0.107762 0.245084 0.081976 
-1.404370 0.113292 -3.400682 -0.103878 0.248568 0.045287 
-1.522566 0.070287 -3.173973 -0.098493 0.251561 0.001286 
-1.488107 -0.029311 -2.936363 -0.094538 0.253760 -0.034559 
-1.353173 -0.128488 -2.889098 -0.092917 0.255222 -0.050369 
-1.286940 -0.144657 -2.955634 -0.092667 0.255912 -0.048518 
-1.357618 -0.248799 -3.155644 -0.094065 0.256052 -0.025442 
-1.469027 -0.296123 -3.392021 -0.095725 0.256335 0.008032 
-1.488692 -0.338578 -3.722007 -0.096649 0.255993 0.041848 
-1.315745 -0.323618 -3.787048 -0.097397 0.254449 0.059402 
-1.080265 -0.245560 -3.662599 -0.097359 0.253013 0.062118 
-0.999024 -0.138221 -3.485056 -0.095765 0.251387 0.047615 
-1.001387 -0.059845 -3.340868 -0.093943 0.248310 0.022581 
-0.998485 -0.078251 -3.205803 -0.092637 0.245250 -0.002708 
-0.877055 -0.126540 -3.217440 -0.091623 0.240900 -0.022224 
-0.707497 -0.228358 -3.374762 -0.091105 0.236913 -0.024624 
-0.693832 -0.319331 -3.539284 -0.089472 0.235113 -0.009367 
-0.807786 -0.427986 -3.626167 -0.087557 0.234486 0.010977 
-0.887649 -0.531173 -3.825402 -0.085900 0.234603 0.035617 
-0.781087 -0.625970 -3.880390 -0.084728 0.237219 0.059280 
-0.540259 -0.675917 -3.755756 -0.083503 0.241714 0.060463 
-0.377514 -0.686499 -3.534853 -0.081254 0.247393 0.043599 
-0.402588 -0.805795 -3.235524 -0.078440 0.254803 0.023415 
-0.494268 -0.918521 -2.939221 -0.075140 0.262374 -0.007498 
-0.469048 -0.996466 -2.959120 -0.071826 0.268446 -0.026002 
-0.208157 -0.952998 -3.128725 -0.069758 0.273160 -0.029015 
0.050076 -0.856580 -3.391966 -0.069557 0.277006 -0.014141 
0.064584 -0.783758 -3.640053 -0.070626 0.281036 0.011595 
-0.050691 -0.770201 -3.921745 -0.072825 0.283663 0.039462 
-0.104525 -0.807507 -3.991423 -0.076324 0.284835 0.060659 
-0.015547 -0.811038 -3.974652 -0.080960 0.285253 0.061054 
0.053024 -0.780390 -3.834975 -0.084575 0.285875 0.044825 
-0.007894 -0.765835 -3.564748 -0.086140 0.285056 0.012395 
-0.212981 -0.712699 -3.214831 -0.085434 0.283230 -0.028436 
-0.311555 -0.695318 -3.134302 -0.083615 0.280501 -0.064056 
-0.249733 -0.718681 -3.248144 -0.081812 0.276403 -0.083661 
-0.138980 -0.692957 -3.486828 -0.078337 0.271079 -0.087497 
-0.165602 -0.738680 -3.614414 -0.076246 0.265468 -0.070758 
-0.390345 -0.857666 -3.767324 -0.075102 0.262008 -0.039810 
-0.574418 -0.860064 -3.730423 -0.073286 0.259916 -0.008144 
-0.548709 -0.829504 -3.588296 -0.071763 0.255969 0.022140 
-0.177950 -0.654343 -3.363587 -0.072408 0.252395 0.037554 
0.125980 -0.487626 -3.163136 -0.075087 0.251355 0.036329 
0.204827 -0.452766 -2.906808 -0.077546 0.252580 0.028969 
0.186777 -0.401845 -2.938627 -0.077693 0.259858 0.005938 
0.182248 -0.467056 -3.330920 -0.077826 0.270215 -0.007620 
0.379366 -0.547326 -3.764010 -0.080354 0.279652 -0.011962 
0.434108 -0.570479 -4.060068 -0.083853 0.289530 -0.009606 
0.342048 -0.633903 -4.278045 -0.086273 0.298036 0.001171 
0.284292 -0.646443 -4.197678 -0.086886 0.307723 0.012930 
0.341097 -0.604583 -3.997054 -0.084647 0.318998 0.019280 
0.588318 -0.603779 -3.866586 -0.082104 0.328428 0.013229 
0.749372 -0.606920 -3.683001 -0.080285 0.335567 -0.000778 
0.707863 -0.673947 -3.259749 -0.080492 0.339167 -0.023319 
0.523522 -0.797116 -3.077574 -0.082125 0.340532 -0.041638 
0.427673 -0.800216 -3.098449 -0.081724 0.341086 -0.053245 
0.475868 -0.727407 -3.250049 -0.079726 0.337073 -0.054403 
0.739615 -0.570637 -3.459483 -0.079731 0.326363 -0.039504 
0.816276 -0.390410 -3.683248 -0.082243 0.313370 -0.009202 
0.655435 -0.182551 -3.684839 -0.085995 0.301265 0.026469 
0.417969 -0.009530 -3.534502 -0.089563 0.289749 0.058175 
0.265542 0.115027 -3.415982 -0.094071 0.281040 0.078982 
0.322975 0.163200 -3.404277 -0.100929 0.274423 0.075649 
0.270284 0.159876 -3.354921 -0.108704 0.269756 0.054526 
0.000707 0.098023 -3.332931 -0.114289 0.267621 0.023011 
-0.296790 0.008179 -3.428669 -0.116710 0.268066 -0.016197 
-0.454094 -0.104610 -3.604761 -0.114704 0.270239 -0.043460 
-0.376019 -0.207000 -3.746324 -0.109594 0.272505 -0.063031 
-0.250753 -0.336659 -3.930972 -0.100781 0.272947 -0.064673 
-0.265957 -0.447200 -3.859558 -0.090155 0.274472 -0.052827 
-0.425878 -0.580328 -3.603896 -0.079298 0.277858 -0.030127 
-0.592357 -0.682646 -3.258829 -0.069037 0.280807 -0.010112 
-0.595156 -0.687542 -2.985712 -0.061689 0.281012 0.000728 
-0.375043 -0.650264 -2.683048 -0.060025 0.278498 0.003996 
-0.111194 -0.547748 -2.671965 -0.063973 0.275336 -0.001446 
-0.097825 -0.444607 -2.832131 -0.070626 0.271450 -0.012868 
-0.162512 -0.406192 -3.097536 -0.079381 0.265988 -0.025212 
-0.175330 -0.370269 -3.414079 -0.089405 0.261133 -0.032765 
-0.065450 -0.309894 -3.862537 -0.099497 0.257773 -0.024896 
0.041100 -0.264484 -4.092818 -0.106328 0.254906 -0.005751 
-0.082394 -0.240899 -4.088489 -0.107994 0.254964 0.017239 
-0.271327 -0.281850 -3.933634 -0.106146 0.257816 0.034351 
-0.334203 -0.359517 -3.745279 -0.102080 0.263667 0.040574 
-0.170064 -0.408558 -3.452984 -0.095605 0.270848 0.024425 
0.056595 -0.491972 -3.366580 -0.087398 0.277600 0.004308 
0.194841 -0.594189 -3.328705 -0.079695 0.284961 -0.020141 
0.141408 -0.768603 -3.367733 -0.073894 0.293257 -0.044872 
0.091336 -0.847320 -3.312088 -0.067736 0.298535 -0.051334 
0.107551 -0.788717 -3.399049 -0.062649 0.302210 -0.044855 
0.258115 -0.642302 -3.513915 -0.059915 0.308360 -0.022387 
0.409381 -0.536461 -3.572583 -0.061323 0.312387 0.008561 
0.316805 -0.443640 -3.441408 -0.067148 0.309854 0.036496 
0.175799 -0.354742 -3.245474 -0.077699 0.306362 0.046771 
0.019244 -0.245449 -3.231252 -0.091332 0.308326 0.039086 
0.061326 -0.122716 -3.420669 -0.102015 0.310934 0.025595 
0.095716 -0.027698 -3.709648 -0.110803 0.309080 -0.001265 
-0.061357 -0.107658 -3.921648 -0.117883 0.305512 -0.031560 
-0.333086 -0.236361 -4.127496 -0.123284 0.303207 -0.061475 
-0.556313 -0.356612 -4.354100 -0.121520 0.300411 -0.080465 
-0.547039 -0.426424 -4.254180 -0.110430 0.292865 -0.079205 
-0.444640 -0.495373 -3.926101 -0.095266 0.281516 -0.063083 
-0.396443 -0.501864 -3.615303 -0.081779 0.272223 -0.035258 
-0.497769 -0.608532 -3.301026 -0.069085 0.264703 -0.004470 
-0.639212 -0.690203 -2.850354 -0.055768 0.256760 0.012610 
-0.654754 -0.739836 -2.660074 -0.047289 0.248125 0.008327 
-0.511218 -0.747371 -2.788241 -0.047411 0.243585 0.003221 
-0.251693 -0.612672 -3.005885 -0.053216 0.241148 -0.010424 
-0.163751 -0.473056 -3.183480 -0.061337 0.235887 -0.025779 
-0.167381 -0.310250 -3.489770 -0.071107 0.233133 -0.029546 
-0.192338 -0.237191 -3.739161 -0.084581 0.236705 -0.026026 
-0.090400 -0.209548 -3.865009 -0.097499 0.241780 -0.004546 
0.025065 -0.133691 -3.825192 -0.105896 0.246971 0.024316 
-0.052868 -0.177891 -3.768345 -0.110594 0.257005 0.051649 
-0.185148 -0.242518 -3.675886 -0.112749 0.272430 0.055532 
-0.250865 -0.333241 -3.699365 -0.110227 0.287940 0.042290 
-0.102411 -0.438898 -3.655515 -0.103190 0.300584 0.019509 
0.153739 -0.505746 -3.683604 -0.094852 0.313059 -0.011596 
0.280959 -0.590929 -3.732528 -0.088323 0.324129 -0.044928 
0.237629 -0.747292 -3.749119 -0.081424 0.330071 -0.067157 
0.107274 -0.801952 -3.544507 -0.073218 0.330543 -0.077206 
0.000828 -0.792219 -3.349199 -0.068874 0.326230 -0.065145 
0.063732 -0.678147 -3.166361 -0.070115 0.317940 -0.032666 
0.208199 -0.465540 -2.902924 -0.073989 0.303669 0.006139 
0.088269 -0.316436 -2.711054 -0.077656 0.288062 0.037590 
-0.001942 -0.163546 -2.949353 -0.081753 0.280780 0.051003 
-0.108607 -0.069095 -3.476418 -0.087233 0.277210 0.039678 
-0.142842 -0.070878 -3.908027 -0.092868 0.271067 0.026706 
-0.126347 -0.076678 -4.098212 -0.102217 0.263824 -0.002508 
-0.359037 -0.188450 -4.387581 -0.109241 0.263465 -0.030556 
-0.475444 -0.290462 -4.412112 -0.108908 0.265446 -0.048762 
-0.534823 -0.417904 -4.098941 -0.101819 0.262890 -0.056986 
-0.449011 -0.484412 -3.676194 -0.092768 0.259274 -0.046353 
-0.342530 -0.503198 -3.413651 -0.083361 0.259977 -0.025277 
-0.346286 -0.516932 -3.040747 -0.071901 0.263456 -0.001266 
-0.380242 -0.623816 -2.816293 -0.060464 0.264231 0.009745 
-0.433567 -0.792628 -2.863167 -0.054450 0.266935 0.007693 
-0.375805 -0.869744 -3.032489 -0.055442 0.272708 -0.005082 
-0.172819 -0.791358 -3.257929 -0.060399 0.278284 -0.024648 
0.110414 -0.622382 -3.450242 -0.068045 0.279601 -0.043098 
0.254505 -0.420577 -3.469151 -0.078280 0.281028 -0.056087 
0.293327 -0.264184 -3.458884 -0.091305 0.283481 -0.055096 
0.365154 -0.172043 -3.437992 -0.102503 0.284190 -0.032259 
0.455827 -0.018991 -3.406956 -0.109077 0.284259 0.007061 
0.517104 0.070980 -3.479971 -0.112572 0.286826 0.048980 
0.435635 0.058403 -3.747530 -0.114294 0.292083 0.082491 
0.274763 -0.062052 -3.874032 -0.112175 0.296159 0.090412 
0.211475 -0.258036 -3.963082 -0.107326 0.298315 0.070324 
0.293725 -0.439381 -4.054198 -0.100046 0.305371 0.041134 
0.474946 -0.572583 -4.227497 -0.089961 0.315290 0.002486 
0.542204 -0.662706 -4.098758 -0.077401 0.321398 -0.036518 
0.430884 -0.808960 -3.642555 -0.067438 0.324214 -0.062957 
0.184487 -0.894334 -3.216045 -0.061139 0.327742 -0.075296 
0.073200 -0.881921 -2.945479 -0.058393 0.327082 -0.064045 
0.084587 -0.779358 -2.678457 -0.058306 0.319605 -0.037529 
0.158316 -0.607003 -2.690408 -0.063137 0.308895 -0.005432 
0.058965 -0.473553 -2.970386 -0.073799 0.298041 0.013009 
-0.170101 -0.289143 -3.394249 -0.086263 0.286872 0.022058 
-0.357261 -0.172757 -3.722333 -0.097744 0.275053 0.016890 
-0.392873 -0.114295 -4.114696 -0.109224 0.263856 0.001013 
-0.350882 -0.098916 -4.303430 -0.118729 0.256641 -0.024759 
-0.394602 -0.149584 -4.184610 -0.121854 0.251214 -0.048478 
-0.498029 -0.235321 -3.854336 -0.116910 0.246189 -0.065400 
-0.672146 -0.372906 -3.558304 -0.106419 0.244074 -0.065330 
-0.679815 -0.504952 -3.214129 -0.092093 0.245525 -0.043987 
-0.520203 -0.639018 -3.121925 -0.074616 0.246904 -0.017768 
-0.377076 -0.758677 -3.144838 -0.057526 0.248504 0.002358 
-0.312406 -0.963473 -3.208762 -0.044943 0.254223 0.009787 
-0.358714 -1.088771 -3.370252 -0.037336 0.263592 -0.000271 
-0.358391 -1.097648 -3.537040 -0.034988 0.270569 -0.012219 
-0.139182 -0.991404 -3.526144 -0.040555 0.275530 -0.032521 
0.123844 -0.805192 -3.485471 -0.054215 0.282507 -0.047199 
0.231883 -0.664297 -3.381046 -0.072300 0.287407 -0.048126 
0.224243 -0.452436 -3.254071 -0.090106 0.289446 -0.034067 
0.134016 -0.283985 -3.136057 -0.106329 0.291128 -0.002035 
0.182309 -0.110950 -3.297907 -0.120175 0.293034 0.030571 
0.282684 0.080383 -3.603199 -0.131603 0.294421 0.066033 
0.312291 0.127456 -3.882120 -0.135255 0.294387 0.078306 
0.239172 0.029895 -4.097502 -0.131637 0.297845 0.072630 
0.127447 -0.156707 -4.453920 -0.122242 0.304967 0.046835 
0.161053 -0.360834 -4.441714 -0.109532 0.310324 0.009515 
0.250830 -0.517762 -4.075528 -0.093902 0.312003 -0.033065 
0.290631 -0.579524 -3.660540 -0.077953 0.313701 -0.067095 
0.254099 -0.690533 -3.316830 -0.063833 0.317389 -0.084364 
0.150167 -0.741667 -2.929551 -0.051412 0.318075 -0.077918 
0.078989 -0.766951 -2.772201 -0.044551 0.311726 -0.049087 
0.124388 -0.710955 -2.925025 -0.047159 0.304154 -0.015404 
0.124851 -0.592836 -3.291236 -0.055939 0.298362 0.011015 
-0.017232 -0.462403 -3.567009 -0.067614 0.288177 0.024643 
-0.172587 -0.276458 -3.865553 -0.080839 0.276735 0.021051 
-0.305373 -0.156919 -4.023327 -0.096136 0.269286 0.014963 
-0.238996 -0.012635 -4.029399 -0.111800 0.262703 -0.002688 
-0.169947 0.125774 -3.859948 -0.122529 0.254647 -0.020892 
-0.250649 0.099476 -3.565363 -0.126471 0.249494 -0.029751 
-0.438265 -0.028116 -3.286475 -0.125724 0.250049 -0.028395 
-0.544211 -0.189596 -3.200088 -0.117921 0.252284 -0.012658 
-0.465695 -0.314948 -3.210685 -0.106376 0.254122 0.002629 
-0.253542 -0.457289 -3.284215 -0.088923 0.256662 0.018394 
-0.072258 -0.517801 -3.450472 -0.072202 0.263061 0.015748 
-0.025955 -0.690339 -3.659843 -0.057957 0.271495 0.007786 
-0.046713 -0.863854 -3.607222 -0.046347 0.278803 -0.013192 
-0.004525 -0.907536 -3.429329 -0.040706 0.284445 -0.039050 
0.178560 -0.838331 -3.357095 -0.044469 0.290495 -0.060854 
0.435223 -0.675594 -3.251596 -0.055564 0.295511 -0.067032 
0.474204 -0.479356 -3.036986 -0.069600 0.295862 -0.057984 
0.415360 -0.316737 -2.989298 -0.086000 0.293412 -0.025860 
0.420119 -0.184224 -3.165504 -0.103044 0.293521 0.018369 
0.499437 -0.024701 -3.537388 -0.116635 0.296577 0.053453 
0.604808 0.131158 -3.962083 -0.122203 0.302121 0.076009 
0.538880 0.113777 -4.377799 -0.121863 0.306752 0.079453 
0.308582 -0.001411 -4.356484 -0.121373 0.312575 0.058990 
0.068063 -0.243453 -4.205550 -0.118414 0.317530 0.033625 
0.034304 -0.372426 -3.852263 -0.111178 0.321331 -0.002197 
0.126462 -0.463487 -3.466432 -0.099096 0.319497 -0.034024 
0.232374 -0.500851 -3.033800 -0.087749 0.314064 -0.055766 
0.143504 -0.618760 -2.829159 -0.079957 0.309453 -0.057631 
-0.070841 -0.690786 -2.904379 -0.069806 0.305147 -0.042915 
-0.227721 -0.737601 -3.134790 -0.060557 0.296171 -0.026112 
-0.220425 -0.785331 -3.336055 -0.057808 0.284405 -0.008413 
-0.154290 -0.694502 -3.743924 -0.061762 0.275529 -0.004170 
-0.172720 -0.642965 -3.848642 -0.068309 0.266215 -0.005534 
-0.210568 -0.453410 -3.732166 -0.072304 0.256662 -0.019230 
-0.267660 -0.332987 -3.631993 -0.077444 0.250647 -0.037924 
-0.166001 -0.242258 -3.580776 -0.087201 0.248291 -0.054722 
-0.098628 -0.172292 -3.404307 -0.094877 0.246944 -0.058811 
-0.121072 -0.186339 -3.312456 -0.098525 0.247104 -0.044960 
-0.213919 -0.340201 -3.334337 -0.099652 0.250049 -0.012888 
-0.366502 -0.493794 -3.559580 -0.098071 0.257561 0.021280 
-0.283283 -0.546892 -3.711043 -0.092279 0.264681 0.043687 
-0.098009 -0.597596 -3.844472 -0.083684 0.270960 0.049453 
0.081795 -0.578708 -3.779432 -0.075908 0.279913 0.034063 
0.122850 -0.690274 -3.608082 -0.071715 0.290878 0.003414 
0.063244 -0.830554 -3.358966 -0.068107 0.301188 -0.025443 
0.064792 -0.872034 -3.078409 -0.066500 0.307180 -0.056836 
0.182155 -0.802881 -2.905964 -0.070303 0.310626 -0.074018 
0.404732 -0.629276 -2.925157 -0.076828 0.312488 -0.070143 
0.488265 -0.459703 -3.054907 -0.082964 0.310501 -0.047020 
0.495325 -0.218509 -3.415358 -0.086370 0.308975 0.000770 
0.470716 -0.123457 -3.804018 -0.088900 0.309682 0.031175 
0.519764 -0.031586 -4.301456 -0.094777 0.307493 0.062852 
0.563934 0.062769 -4.404477 -0.102433 0.302656 0.072943 
0.424328 0.025356 -4.237319 -0.109375 0.298506 0.068296 
0.242320 -0.014863 -4.012707 -0.112357 0.299676 0.042565 
0.031802 -0.165934 -3.833999 -0.110672 0.300794 0.003920 
-0.027138 -0.295809 -3.487633 -0.106025 0.299016 -0.038774 
-0.010372 -0.399479 -3.312669 -0.100653 0.294949 -0.070548 
-0.040695 -0.447408 -3.304961 -0.093135 0.292929 -0.082338 
-0.145688 -0.592170 -3.349775 -0.083114 0.290690 -0.067974 
-0.331807 -0.760901 -3.377452 -0.072340 0.285773 -0.044899 
-0.444539 -0.883814 -3.552602 -0.064408 0.280180 -0.025528 
-0.402207 -0.858861 -3.618751 -0.060338 0.275542 -0.010360 
-0.270603 -0.678513 -3.503238 -0.059474 0.270010 -0.004138 
-0.269226 -0.498954 -3.325908 -0.061589 0.262489 -0.007655 
-0.305079 -0.366639 -3.151042 -0.067433 0.255496 -0.007817 
-0.331419 -0.281163 -3.040627 -0.077140 0.251271 -0.015962 
-0.193413 -0.190560 -3.174712 -0.088627 0.246329 -0.014852 
-0.058433 -0.120579 -3.390781 -0.099128 0.241913 -0.002475 
-0.091125 -0.101522 -3.677412 -0.106385 0.242221 0.019055 
-0.193711 -0.149530 -3.940344 -0.109177 0.247296 0.039816 
-0.283367 -0.220156 -4.189642 -0.106984 0.254355 0.047936 
-0.202079 -0.257609 -4.132828 -0.101586 0.262458 0.041250 
-0.010799 -0.351371 -3.965785 -0.095408 0.271920 0.018627 
0.196904 -0.407103 -3.649955 -0.088001 0.283163 -0.011399 
0.290404 -0.561819 -3.240822 -0.080717 0.293427 -0.042119 
0.313132 -0.742952 -2.838254 -0.073499 0.304468 -0.070285 
0.324627 -0.773433 -2.817200 -0.067455 0.315918 -0.087121 
0.434264 -0.733512 -3.048001 -0.063408 0.327173 -0.079883 
0.627902 -0.630595 -3.299907 -0.064320 0.331598 -0.049115 
0.627886 -0.570996 -3.502554 -0.069180 0.332598 -0.003096 
0.615679 -0.533535 -3.831991 -0.076285 0.332435 0.038672 
0.621883 -0.390506 -4.020183 -0.082973 0.332131 0.061192 
0.654068 -0.242304 -4.023785 -0.090908 0.328530 0.068379 
0.624903 -0.127052 -3.917651 -0.100405 0.322995 0.058003 
0.360337 -0.117425 -3.809213 -0.108861 0.318839 0.030518 
0.051491 -0.238712 -3.573524 -0.112965 0.313107 0.001754 
-0.098622 -0.346102 -3.507441 -0.112208 0.303902 -0.031265 
-0.098496 -0.370385 -3.532991 -0.108198 0.293717 -0.054616 
-0.036147 -0.404416 -3.613238 -0.101959 0.282569 -0.058529 
-0.048026 -0.418133 -3.642040 -0.093851 0.272835 -0.048384 
-0.189491 -0.595816 -3.723136 -0.081662 0.263302 -0.028867 
-0.352230 -0.790114 -3.627475 -0.068972 0.257133 -0.011610 
-0.391403 -0.854599 -3.430585 -0.058201 0.253177 -0.004722 
-0.307850 -0.771052 -3.230267 -0.051625 0.249831 -0.007906 
-0.140686 -0.557355 -2.997864 -0.049556 0.247846 -0.016428 
-0.119775 -0.440247 -2.802793 -0.053235 0.247116 -0.030196 
-0.080036 -0.394221 -2.887843 -0.061088 0.247874 -0.046761 
-0.018756 -0.417675 -3.143516 -0.071497 0.250497 -0.054799 
0.140246 -0.321655 -3.465547 -0.083411 0.255303 -0.044195 
0.268273 -0.193135 -3.867619 -0.094463 0.261539 -0.015123 
0.222072 -0.108918 -4.191559 -0.103036 0.269947 0.025094 
0.170766 -0.119168 -4.165309 -0.109084 0.278665 0.053521 
0.158021 -0.179354 -4.028595 -0.111297 0.289334 0.060065 
0.312677 -0.213024 -3.814480 -0.110023 0.303782 0.053609 
0.499276 -0.312007 -3.530811 -0.105662 0.316791 0.029998 
0.598359 -0.361459 -3.245501 -0.099076 0.327742 -0.003139 
0.579253 -0.553239 -3.113569 -0.092423 0.337298 -0.028083 
0.522137 -0.683580 -3.153084 -0.085350 0.345066 -0.053345 
0.512680 -0.742890 -3.337364 -0.077249 0.348092 -0.062261 
0.618155 -0.646835 -3.536881 -0.070389 0.347461 -0.048554 
0.723814 -0.530788 -3.766670 -0.068200 0.343422 -0.019851 
0.691485 -0.450300 -3.850841 -0.070362 0.334095 0.010808 
0.550292 -0.343617 -3.787552 -0.074502 0.323494 0.033185 
0.391964 -0.265786 -3.692250 -0.080307 0.313258 0.044340 
0.321163 -0.112370 -3.695626 -0.088103 0.303759 0.040234 
0.265964 -0.033746 -3.561121 -0.098193 0.292253 0.023619 
0.111172 -0.039880 -3.526487 -0.107329 0.280832 -0.002026 
-0.133222 -0.137746 -3.617089 -0.112658 0.271542 -0.032932 
-0.346183 -0.291811 -3.793280 -0.113055 0.264047 -0.057920 
-0.383604 -0.401540 -3.867076 -0.107735 0.257376 -0.067896 
-0.363378 -0.523255 -3.931464 -0.098279 0.250534 -0.057131 
-0.346482 -0.573361 -3.812139 -0.085436 0.246813 -0.033614 
-0.376276 -0.673083 -3.563576 -0.071373 0.247389 -0.014146 
-0.448129 -0.822953 -3.289487 -0.057856 0.250597 -0.008207 
-0.467905 -0.927038 -3.024747 -0.047365 0.254305 -0.008332 
-0.361279 -0.928145 -2.758694 -0.042833 0.259241 -0.020566 
-0.167033 -0.814415 -2.819899 -0.044659 0.266233 -0.031354 
-0.058284 -0.734515 -2.991942 -0.051747 0.271431 -0.038716 
-0.003411 -0.589707 -3.258191 -0.062583 0.273982 -0.045935 
-0.017873 -0.467594 -3.612075 -0.075698 0.276954 -0.037443 
0.076509 -0.283407 -4.009670 -0.091036 0.279516 -0.010703 
0.216546 -0.089026 -4.142922 -0.105481 0.280123 0.026888 
0.235418 0.040105 -4.081795 -0.117094 0.280457 0.054184 
0.137386 0.063334 -3.935650 -0.124707 0.283256 0.069311 
0.026117 0.020484 -3.754588 -0.127658 0.287235 0.067737 
0.041471 -0.008257 -3.479975 -0.126430 0.291531 0.046768 
0.171730 -0.106984 -3.339978 -0.121444 0.294424 0.016388 
0.296433 -0.137025 -3.311753 -0.112920 0.297681 -0.020013 
0.388845 -0.298478 -3.306154 -0.102603 0.299495 -0.052959 
0.378132 -0.460729 -3.363937 -0.088486 0.302840 -0.071876 
0.311372 -0.549165 -3.575840 -0.073065 0.308114 -0.067450 
0.341212 -0.609653 -3.719034 -0.060761 0.311321 -0.040587 
0.380509 -0.571925 -3.680082 -0.054193 0.311234 -0.005470 
0.350377 -0.575825 -3.436172 -0.054238 0.307640 0.021799 
0.260980 -0.501467 -3.338614 -0.058429 0.305522 0.030369 
0.214992 -0.355620 -3.304100 -0.064505 0.306846 0.029252 
0.210147 -0.253527 -3.474786 -0.073911 0.305280 0.015799 
0.188219 -0.165277 -3.720569 -0.087279 0.301329 -0.004927 
-0.000305 -0.220671 -3.903837 -0.102399 0.297326 -0.025195 
-0.208041 -0.302111 -4.081238 -0.113859 0.294788 -0.046398 
-0.296747 -0.386883 -4.211602 -0.117231 0.290496 -0.052230 
-0.314597 -0.415325 -4.051460 -0.115993 0.282287 -0.043989 
-0.233224 -0.427894 -3.780319 -0.110891 0.274840 -0.022744 
-0.202821 -0.352271 -3.482346 -0.101507 0.269400 -0.010638 
-0.230438 -0.443860 -3.122049 -0.087068 0.265344 0.001040 
-0.267578 -0.605745 -2.791456 -0.072171 0.263599 0.000194 
-0.224794 -0.763996 -2.777464 -0.061048 0.263795 -0.013006 
-0.064247 -0.821786 -2.931059 -0.054450 0.265028 -0.032797 
0.191804 -0.672133 -3.166814 -0.050833 0.265112 -0.053698 
0.348541 -0.526256 -3.384449 -0.051799 0.264549 -0.070537 
0.450669 -0.313044 -3.735317 -0.057455 0.265022 -0.067992 
0.528722 -0.173137 -3.866114 -0.067340 0.265354 -0.042170 
0.663005 -0.004433 -3.828911 -0.078763 0.265206 -0.005875 
0.862175 0.160275 -3.715077 -0.095962 0.265372 0.043645 
0.907855 0.227350 -3.598229 -0.110092 0.270737 0.070192 
0.874787 0.265840 -3.476965 -0.118377 0.283675 0.071256 
0.913905 0.257694 -3.579256 -0.119870 0.298973 0.059861 
1.141128 0.304573 -3.657110 -0.120070 0.313417 0.030370 
1.368880 0.274683 -3.681850 -0.120491 0.328396 0.003785 
1.491328 0.295727 -3.769274 -0.117720 0.344520 -0.027928 
1.525061 0.226324 -3.879545 -0.111450 0.358205 -0.045351 
1.550763 0.071364 -3.826822 -0.102254 0.370955 -0.053482 
1.563276 -0.057121 -3.638989 -0.096412 0.377889 -0.044644 
1.623708 -0.082339 -3.408776 -0.094790 0.378142 -0.021436 
1.675659 0.117150 -3.221499 -0.092066 0.375039 0.010428 
1.667492 0.304614 -3.079157 -0.090428 0.367534 0.021733 
1.637249 0.348525 -3.235684 -0.092367 0.356515 0.029493 
1.594719 0.342712 -3.524565 -0.097716 0.345053 0.016377 
1.628683 0.376367 -3.790435 -0.103709 0.330382 -0.001058 
1.718607 0.523118 -4.038230 -0.109038 0.316212 -0.025739 
1.737688 0.653037 -4.220984 -0.113727 0.304726 -0.048693 
1.734650 0.651202 -4.148965 -0.116475 0.293318 -0.065939 
1.686294 0.559469 -3.892423 -0.115388 0.283334 -0.075094 
1.651770 0.456498 -3.509373 -0.111320 0.276429 -0.065035 
1.755051 0.390255 -3.222836 -0.106584 0.272257 -0.038149 
1.898251 0.473764 -2.894286 -0.099489 0.273243 -0.001827 
2.004278 0.505313 -2.782533 -0.091166 0.277941 0.034874 
2.072472 0.416391 -2.925859 -0.084512 0.287924 0.057229 
2.106147 0.351428 -3.170179 -0.080772 0.304332 0.053854 
2.248166 0.279529 -3.487125 -0.081363 0.323103 0.034256 
2.419057 0.309390 -3.809088 -0.085242 0.343329 0.011084 
2.467121 0.417114 -3.884632 -0.090584 0.360199 -0.015640 
2.470433 0.533059 -3.827404 -0.100077 0.376807 -0.032100 
2.521247 0.658854 -3.704651 -0.111721 0.388684 -0.044771 
2.560396 0.793364 -3.593126 -0.122334 0.395142 -0.037888 
2.658404 0.859210 -3.469742 -0.132262 0.394773 -0.020236 
2.704902 0.821831 -3.457765 -0.140042 0.389964 -0.000022 
2.709390 0.842571 -3.508399 -0.142767 0.381780 0.029563 
2.761315 0.830044 -3.600625 -0.140713 0.370859 0.052514 
2.805351 0.900902 -3.678310 -0.133741 0.361078 0.070602 
2.848865 0.934606 -3.834988 -0.123814 0.351860 0.081908 
2.910227 0.882280 -3.751014 -0.113695 0.342711 0.082227 
2.900720 0.803539 -3.545296 -0.104139 0.336677 0.067176 
2.857659 0.696989 -3.311574 -0.097053 0.331986 0.042941 
2.806365 0.640126 -3.153820 -0.092996 0.328432 0.018801 
2.732451 0.664700 -3.001258 -0.092239 0.326398 -0.008813 
2.640812 0.706265 -3.104957 -0.094890 0.325138 -0.017510 
2.539899 0.772902 -3.364438 -0.099929 0.324575 -0.011504 
2.444334 0.811472 -3.684909 -0.106448 0.326639 -0.008572 
2.413522 0.820438 -3.961133 -0.113461 0.329964 0.000809 
2.410922 0.789146 -4.231734 -0.119777 0.334989 0.011218 
2.399800 0.773794 -4.211971 -0.124077 0.342323 0.013784 
2.400048 0.792040 -3.988641 -0.125737 0.350608 0.010375 
2.412307 0.814140 -3.768372 -0.125271 0.356806 0.006848 
2.405597 0.866632 -3.328381 -0.122047 0.368278 -0.001404 
2.363074 0.848812 -3.000351 -0.118845 0.374354 -0.005321 
2.336476 0.808783 -2.945432 -0.116576 0.377389 -0.004822 
2.319530 0.757590 -3.077462 -0.114847 0.377998 0.001767 
2.291305 0.735019 -3.317701 -0.114201 0.375659 0.011971 
2.279093 0.764735 -3.593152 -0.113976 0.370657 0.024562 
2.237017 0.779491 -3.899829 -0.114516 0.365091 0.034137 
2.187958 0.806562 -3.978122 -0.115308 0.358188 0.034175 
2.159740 0.855140 -3.939984 -0.115304 0.351687 0.024010 
2.185885 0.916755 -3.777587 -0.114864 0.345741 0.008579 
2.234640 0.972430 -3.586353 -0.114455 0.340204 -0.006298 
2.226174 0.969330 -3.319973 -0.114334 0.335132 -0.018776 
2.184242 0.927519 -3.234604 -0.113852 0.330700 -0.024358 
2.132884 0.867791 -3.291119 -0.112526 0.327134 -0.018940 
2.118520 0.863874 -3.427484 -0.111101 0.324507 -0.006289 
2.143928 0.865940 -3.543861 -0.110740 0.323218 0.003163 
2.161497 0.878569 -3.714417 -0.110467 0.323823 0.017807 
2.135256 0.885071 -3.642279 -0.110278 0.326222 0.028779 
2.121421 0.874846 -3.515216 -0.110848 0.331766 0.038373 
2.138726 0.867653 -3.348510 -0.112994 0.340123 0.037483 
2.154881 0.873628 -3.237580 -0.116338 0.350770 0.023678 
2.172945 0.915580 -3.104319 -0.119432 0.361398 0.001218 
2.173933 0.954742 -3.153242 -0.123187 0.371794 -0.016990 
2.144463 1.015959 -3.356268 -0.126630 0.380453 -0.022757 
2.110564 1.030933 -3.635433 -0.130068 0.385527 -0.014737 
2.108497 1.014765 -3.899173 -0.132093 0.387131 0.002092 
2.075462 0.976662 -4.170664 -0.132679 0.384935 0.021180 
2.035278 0.933362 -4.167345 -0.131715 0.380629 0.031172 
1.993263 0.945884 -3.975740 -0.128280 0.374499 0.029753 
1.983179 0.979350 -3.667170 -0.123885 0.366684 0.017937 
1.992886 1.006367 -3.372213 -0.119363 0.359202 0.003419 
1.987271 0.983624 -3.038294 -0.115041 0.351706 -0.010438 
1.985254 0.894922 -2.960742 -0.112291 0.345260 -0.014559 
1.941578 0.790888 -3.023171 -0.110467 0.339994 -0.011083 
1.922128 0.723751 -3.185082 -0.109811 0.336027 -0.003708 
1.932187 0.722736 -3.413627 -0.110439 0.333132 0.002894 
1.944400 0.765616 -3.695055 -0.111239 0.331675 0.006560 
1.932880 0.833353 -3.771694 -0.111729 0.331410 0.005354 
1.921306 0.854101 -3.742539 -0.112558 0.332445 0.002494 
1.912772 0.847138 -3.634966 -0.114069 0.336203 -0.003012 
1.922434 0.849384 -3.511224 -0.115507 0.341941 -0.007131 
1.927847 0.849980 -3.334529 -0.116641 0.349429 -0.008549 
1.923363 0.853407 -3.383011 -0.117588 0.358462 -0.005461 
1.935774 0.830040 -3.500497 -0.118710 0.367954 0.000771 
1.954747 0.785017 -3.670946 -0.119655 0.377591 0.007695 
1.985313 0.727283 -3.818440 -0.120524 0.386084 0.013571 
1.985475 0.668513 -3.980752 -0.122058 0.392685 0.017967 
1.965910 0.635363 -3.938097 -0.123594 0.397006 0.017858 
1.896175 0.622604 -3.756189 -0.124701 0.398412 0.014902 
1.814073 0.625216 -3.529838 -0.125546 0.396939 0.010520 
1.727703 0.620634 -3.314285 -0.126119 0.393009 0.006363 
1.659282 0.611639 -3.101810 -0.126229 0.386946 0.003184 
1.596434 0.593971 -3.153447 -0.125577 0.379833 0.003635 
1.536862 0.576748 -3.335769 -0.123626 0.371576 0.006757 
1.482627 0.546542 -3.575280 -0.120795 0.363480 0.011738 
1.426489 0.506304 -3.807144 -0.117232 0.355873 0.017135 
1.374653 0.461629 -4.019020 -0.112896 0.348326 0.022105 
1.319503 0.405209 -3.990430 -0.108016 0.341715 0.023826 
1.264285 0.344690 -3.822641 -0.103334 0.336130 0.022760 
1.215505 0.286363 -3.628516 -0.100244 0.332021 0.020330 
1.159697 0.243885 -3.410238 -0.096889 0.329205 0.016194 
1.067022 0.210440 -3.165559 -0.094941 0.328459 0.010583 
0.984140 0.182983 -3.132702 -0.094705 0.330257 0.005540 
0.910387 0.143065 -3.239102 -0.096155 0.335061 0.000365 
0.843321 0.093725 -3.432958 -0.098950 0.342118 -0.005538 
0.772384 0.042032 -3.645028 -0.102247 0.350826 -0.012005 
0.705052 -0.005257 -3.878938 -0.105992 0.360568 -0.017636 
0.643534 -0.045562 -3.879071 -0.109536 0.369761 -0.023598 
0.599916 -0.041159 -3.752879 -0.111796 0.377305 -0.028148 
0.549813 -0.026148 -3.555738 -0.112377 0.382413 -0.029736 
0.493970 0.001536 -3.398025 -0.111742 0.384423 -0.028440 
0.423813 0.023475 -3.205321 -0.110189 0.382707 -0.025371 
0.335427 0.023558 -3.264188 -0.108302 0.377995 -0.019173 
0.233392 -0.004701 -3.445180 -0.105809 0.370802 -0.013071 
0.110127 -0.041892 -3.711697 -0.102744 0.361467 -0.009388 
0.025753 -0.082861 -3.960206 -0.099523 0.350607 -0.008787 
-0.053161 -0.115502 -4.172159 -0.096563 0.338554 -0.010279 
-0.125004 -0.108591 -4.121187 -0.093977 0.326043 -0.015058 
-0.202548 -0.098367 -3.897203 -0.091703 0.313932 -0.019902 
-0.298723 -0.094135 -3.616696 -0.089806 0.302517 -0.022879 
-0.382083 -0.098582 -3.332405 -0.088606 0.292352 -0.023073 
-0.445652 -0.100347 -3.074268 -0.087856 0.283682 -0.020833 
-0.473074 -0.111994 -3.068553 -0.087626 0.277378 -0.014974 
-0.487474 -0.098083 -3.206260 -0.087524 0.274075 -0.008615 
-0.482904 -0.081205 -3.431130 -0.087711 0.274090 -0.003866 
-0.473799 -0.059958 -3.669199 -0.088510 0.277132 -0.001617 
-0.481725 -0.046801 -3.909058 -0.090183 0.283246 -0.002181 
-0.464713 -0.031822 -3.925851 -0.092487 0.292016 -0.006436 
-0.450198 -0.010643 -3.786202 -0.095723 0.302503 -0.011848 
-0.426388 0.014568 -3.578079 -0.099251 0.313109 -0.016124 
-0.398688 0.049523 -3.355951 -0.103349 0.323504 -0.017586 
-0.385958 0.099513 -3.151303 -0.107187 0.332393 -0.016255 
-0.378976 0.134932 -3.199677 -0.111437 0.339637 -0.010832 
-0.368818 0.160016 -3.385217 -0.115264 0.344106 -0.003467 
-0.374939 0.169731 -3.582929 -0.117920 0.345051 0.004118 
-0.376082 0.172476 -3.778232 -0.119174 0.343376 0.009994 
-0.358616 0.141729 -3.965713 -0.119366 0.339254 0.012229 
-0.336837 0.108722 -3.905743 -0.118460 0.333431 0.008351 
-0.324820 0.089809 -3.706529 -0.115860 0.326128 0.000622 
-0.333853 0.081747 -3.434413 -0.111754 0.318297 -0.008772 
-0.340974 0.087882 -3.220625 -0.107221 0.311238 -0.015545 
-0.338875 0.073767 -2.963472 -0.101380 0.303054 -0.020366 
-0.315031 0.037912 -2.934512 -0.096148 0.296185 -0.019072 
-0.288470 0.004432 -3.082711 -0.090726 0.288856 -0.012135 
-0.281058 -0.013421 -3.335862 -0.086648 0.284075 -0.003038 
-0.279787 -0.022723 -3.615286 -0.084282 0.281349 0.005507 
-0.283069 -0.016878 -3.895302 -0.084225 0.281043 0.011814 
-0.243431 -0.008960 -3.953811 -0.086396 0.283069 0.012204 
-0.198682 -0.003753 -3.835557 -0.090042 0.287795 0.007803 
-0.162419 -0.000001 -3.656746 -0.095156 0.294953 0.000445 
-0.129206 0.026053 -3.456744 -0.100600 0.303955 -0.007115 
-0.113961 0.035420 -3.230844 -0.106495 0.314223 -0.012737 
-0.105053 0.056775 -3.204963 -0.111172 0.324869 -0.012435 
-0.077346 0.067759 -3.335929 -0.114294 0.335030 -0.007465 
-0.054865 0.059217 -3.548456 -0.115942 0.343900 0.000636 
-0.031829 0.046516 -3.754400 -0.116332 0.350664 0.009390 
0.024929 0.005316 -3.925745 -0.115937 0.353729 0.016152 
0.116617 -0.042953 -3.846057 -0.113977 0.352865 0.015210 
0.175307 -0.043403 -3.710060 -0.109134 0.353572 0.006343 
0.204771 -0.018853 -3.620870 -0.101241 0.357560 -0.006175 
0.194350 -0.104821 -3.580928 -0.093018 0.357672 -0.019382 
0.173269 -0.206173 -3.354297 -0.087808 0.353234 -0.031910 
0.151223 -0.299740 -3.334285 -0.085744 0.346932 -0.036823 
0.172063 -0.289310 -3.507289 -0.084359 0.342043 -0.033287 
0.201778 -0.221788 -3.715712 -0.081919 0.336750 -0.024516 
0.193247 -0.170761 -3.908701 -0.081384 0.329521 -0.012468 
0.116458 -0.185053 -4.138516 -0.084561 0.323125 0.000535 
-0.013258 -0.181103 -4.163807 -0.089101 0.318695 0.009862 
-0.065223 -0.157339 -3.985952 -0.093629 0.314171 0.015078 
-0.063571 -0.098670 -3.710256 -0.098048 0.308782 0.013857 
-0.035720 -0.017186 -3.409346 -0.103261 0.306838 0.007170 
-0.039200 0.022739 -3.174021 -0.107981 0.306916 -0.002085 
-0.093507 0.049725 -3.169649 -0.109916 0.308340 -0.010203 
-0.138119 0.048227 -3.259478 -0.109630 0.310759 -0.014920 
-0.127641 0.020533 -3.456485 -0.109169 0.314528 -0.013863 
-0.101190 0.015493 -3.678175 -0.107572 0.319167 -0.008021 
-0.072384 0.028149 -3.860663 -0.104081 0.322749 0.001062 
-0.077421 0.013539 -3.849269 -0.100168 0.324999 0.009452 
-0.122466 -0.001268 -3.776858 -0.097891 0.327322 0.015025 
-0.130328 -0.016185 -3.630657 -0.097204 0.328215 0.016732 
-0.103802 -0.011741 -3.482879 -0.097326 0.326955 0.014623 
-0.064435 0.012951 -3.240577 -0.098106 0.324538 0.007907 
-0.025360 0.031018 -3.236371 -0.101011 0.322435 0.000586 
0.008342 0.039308 -3.353645 -0.104785 0.319521 -0.006177 
0.056804 0.023101 -3.474750 -0.107114 0.315350 -0.012426 
0.061415 0.051709 -3.626200 -0.106903 0.315151 -0.016619 
0.031630 0.080651 -3.948644 -0.103972 0.320683 -0.015701 
-0.009781 0.043989 -4.015443 -0.100396 0.325187 -0.012230 
-0.046521 0.000593 -3.788676 -0.097358 0.326268 -0.008037 
-0.069678 -0.029867 -3.532326 -0.095830 0.327256 -0.002503 
-0.017243 -0.006568 -3.325977 -0.095807 0.330230 0.003650 
0.051218 0.030379 -3.047010 -0.095843 0.330497 0.005506 
0.079818 0.059631 -2.974167 -0.095945 0.329341 0.004950 
0.064691 0.066705 -3.170275 -0.097663 0.330524 0.003512 
-0.006584 0.030844 -3.504142 -0.100514 0.332000 0.001205 
-0.016733 0.010554 -3.753681 -0.103382 0.330268 -0.002169 
0.007443 -0.005270 -3.978599 -0.106036 0.326292 -0.003356 
0.000893 0.038224 -4.002569 -0.108305 0.325780 -0.004176 
-0.023764 0.066544 -3.890807 -0.109411 0.325185 -0.003400 
-0.042173 0.080454 -3.660501 -0.109171 0.321944 -0.002199 
-0.078742 0.079204 -3.391697 -0.108087 0.318438 -0.000766 
-0.040250 0.069036 -3.143669 -0.107022 0.316891 0.000621 
-0.003321 0.065504 -3.151656 -0.104453 0.317786 0.001848 
0.025291 0.060445 -3.252271 -0.099485 0.319040 0.001991 
0.008274 0.013970 -3.463057 -0.094508 0.320228 0.001597 
-0.050013 -0.049471 -3.696042 -0.092406 0.322553 -0.000077 
-0.080099 -0.081125 -3.927963 -0.091993 0.324120 -0.000954 
-0.066957 -0.095242 -3.884278 -0.092248 0.323344 -0.001983 
-0.012330 -0.051852 -3.621480 -0.094013 0.321693 -0.004271 
0.010422 -0.055115 -3.418676 -0.097408 0.320253 -0.005856 
0.000010 -0.035515 -3.223484 -0.100985 0.320583 -0.008311 
-0.066086 -0.006102 -3.093064 -0.102593 0.321894 -0.010534 
-0.097643 -0.003743 -3.183257 -0.103716 0.322414 -0.010168 
-0.112576 -0.027708 -3.366081 -0.105491 0.323107 -0.008920 
-0.089187 -0.025729 -3.574358 -0.106900 0.324602 -0.005985 
-0.033851 -0.002010 -3.789555 -0.106528 0.325890 -0.001571 
-0.008836 0.005782 -3.985986 -0.104358 0.326043 0.002304 
0.008890 -0.013633 -3.941109 -0.103200 0.325718 0.003713 
-0.010516 -0.025634 -3.811205 -0.101535 0.326884 0.003245 
-0.040819 -0.010403 -3.620811 -0.098404 0.328705 0.001954 
-0.030434 -0.013648 -3.376823 -0.095540 0.328598 -0.000241 
-0.015538 -0.022130 -3.177742 -0.094637 0.327501 -0.003293 
-0.016090 -0.042786 -3.179168 -0.095747 0.326151 -0.005844 
0.013681 -0.055461 -3.315076 -0.096936 0.324707 -0.007327 
0.019552 -0.038779 -3.503336 -0.097127 0.323357 -0.008749 
0.007260 -0.030482 -3.713262 -0.097868 0.323187 -0.009340 
0.014071 -0.041421 -3.979959 -0.099374 0.323651 -0.007196 
-0.015361 -0.037337 -3.981622 -0.100969 0.323860 -0.005457 
-0.017934 -0.021182 -3.823741 -0.101989 0.323197 -0.003041 
-0.019613 -0.005387 -3.627937 -0.103013 0.322716 0.000371 
-0.013568 0.018933 -3.420857 -0.103813 0.323234 0.003136 
-0.013266 0.028885 -3.201720 -0.103592 0.323113 0.004505 
-0.013923 0.052769 -3.215676 -0.102781 0.323516 0.005451 
-0.014434 0.057215 -3.368106 -0.102261 0.324403 0.005198 
-0.001461 0.029059 -3.596750 -0.102280 0.324806 0.003378 
-0.005234 0.010515 -3.781809 -0.101922 0.324940 0.000204 
0.011060 -0.004941 -3.948156 -0.100889 0.325315 -0.002860 
0.014247 -0.015616 -3.919381 -0.100002 0.326808 -0.006838 
0.003245 -0.014822 -3.760168 -0.099209 0.327719 -0.010155 
-0.007010 -0.009185 -3.525511 -0.098545 0.327568 -0.011139 
-0.021232 -0.005067 -3.296911 -0.098535 0.326877 -0.009326 
-0.039937 0.003020 -3.081266 -0.098980 0.326318 -0.006123 
-0.048498 -0.000357 -3.072596 -0.100132 0.325332 -0.000834 
-0.051085 0.000886 -3.214555 -0.101079 0.324040 0.003793 
-0.062504 0.006106 -3.452059 -0.101999 0.322628 0.006196 
-0.066865 0.006202 -3.691879 -0.103434 0.321254 0.005922 
-0.081394 -0.006867 -3.925409 -0.104648 0.319941 0.003071 
-0.085578 0.004402 -3.921494 -0.104733 0.318912 -0.002162 
-0.070082 0.019003 -3.757537 -0.103988 0.318204 -0.007167 
-0.047702 0.019739 -3.557272 -0.102856 0.317919 -0.010871 
-0.038617 0.020533 -3.342879 -0.101570 0.317825 -0.012314 
-0.056881 0.027495 -3.147564 -0.099774 0.318605 -0.010679 
-0.065841 0.036402 -3.174846 -0.097625 0.319932 -0.005599 
-0.063811 0.015015 -3.314665 -0.096641 0.321377 0.000568 
-0.037645 0.004801 -3.511509 -0.096365 0.322948 0.005733 
-0.024007 -0.005131 -3.730843 -0.097220 0.324317 0.008648 
-0.034047 -0.009956 -3.951811 -0.098214 0.325370 0.008461 
-0.058487 -0.014212 -3.926681 -0.100190 0.326289 0.003998 
-0.069058 -0.001914 -3.784611 -0.102210 0.327193 -0.002502 
-0.074119 0.008791 -3.582877 -0.103918 0.327476 -0.008736 
-0.066548 0.021959 -3.398483 -0.104797 0.327203 -0.012739 
-0.044109 0.021550 -3.177115 -0.105923 0.326147 -0.015203 
-0.042007 0.023511 -3.172284 -0.106229 0.325755 -0.012938 
-0.048439 0.028554 -3.328952 -0.105383 0.325739 -0.007828 
-0.050596 0.030020 -3.541994 -0.103432 0.325610 -0.001282 
-0.046705 0.025848 -3.733428 -0.101197 0.325814 0.004521 
-0.028774 0.005302 -3.961047 -0.099389 0.325723 0.008902 
-0.020554 -0.018084 -3.953459 -0.097941 0.325274 0.008882 
-0.035169 -0.034785 -3.793252 -0.097111 0.324193 0.005259 
-0.056909 -0.032701 -3.587190 -0.096318 0.323639 -0.000359 
-0.068158 -0.025374 -3.378693 -0.096606 0.322723 -0.006167 
-0.063883 -0.032669 -3.150416 -0.097471 0.321213 -0.011414 
-0.063126 -0.034153 -3.154157 -0.098766 0.319290 -0.012877 
-0.051776 -0.032995 -3.277677 -0.100189 0.317794 -0.011122 
-0.052586 -0.034857 -3.487190 -0.101637 0.317164 -0.007519 
-0.061316 -0.018903 -3.700534 -0.102160 0.317460 -0.003079 
-0.063973 -0.019125 -3.925119 -0.102151 0.318666 0.001326 
-0.076179 -0.016271 -3.910376 -0.101818 0.320285 0.003140 
-0.069481 -0.017351 -3.768686 -0.101188 0.321748 0.002698 
-0.062517 -0.010106 -3.562190 -0.100824 0.323201 0.000924 
-0.056812 -0.003664 -3.344467 -0.100146 0.324852 -0.001490 
-0.059326 0.008859 -3.155631 -0.099428 0.325991 -0.004456 
-0.051331 0.001829 -3.193936 -0.099632 0.326605 -0.005247 
-0.043214 -0.003243 -3.356912 -0.099816 0.326664 -0.004850 
-0.026590 -0.010955 -3.572946 -0.100330 0.326290 -0.003311 
-0.017271 -0.013833 -3.799360 -0.100815 0.325779 -0.001670 
-0.008801 -0.026501 -4.005507 -0.101048 0.325649 -0.000238 
-0.017212 -0.030500 -3.993637 -0.100922 0.325608 -0.000981 
-0.027240 -0.026564 -3.847262 -0.100426 0.325752 -0.003008 
-0.030904 -0.034188 -3.618194 -0.100012 0.325643 -0.005608 
-0.034090 -0.033316 -3.390589 -0.099538 0.325535 -0.007671 
-0.022195 -0.023867 -3.195682 -0.098993 0.325332 -0.008901 
-0.022009 -0.022418 -3.200114 -0.098820 0.325048 -0.007296 
-0.020881 -0.027724 -3.340127 -0.098848 0.324299 -0.004085 
-0.004243 -0.025070 -3.552201 -0.098968 0.323551 -0.000395 
-0.001562 -0.023047 -3.773240 -0.099260 0.322996 0.002966 
0.001177 -0.013158 -3.971056 -0.099660 0.322534 0.005279 
-0.005701 -0.008420 -3.948030 -0.099954 0.322388 0.004449 
-0.005428 -0.000066 -3.787450 -0.100547 0.322361 0.001597 
-0.013904 0.011619 -3.583905 -0.100803 0.322580 -0.002405 
-0.008156 0.022486 -3.350370 -0.100898 0.322982 -0.006386 
-0.015053 0.032238 -3.150247 -0.101167 0.323766 -0.009111 
-0.020977 0.034183 -3.182624 -0.101155 0.324388 -0.008394 
-0.017981 0.023981 -3.331787 -0.101377 0.324866 -0.005525 
-0.007515 0.010531 -3.493273 -0.101617 0.325104 -0.001808 
0.003849 0.005454 -3.718591 -0.101794 0.325349 0.003036 
0.006371 -0.003758 -3.930362 -0.101846 0.325555 0.006495 
-0.000008 0.009341 -3.890528 -0.101920 0.325505 0.006859 
-0.016987 0.010414 -3.732275 -0.101770 0.325311 0.004421 
-0.027260 0.014812 -3.560910 -0.101594 0.325258 0.000815 
-0.024221 0.019538 -3.312636 -0.101574 0.325002 -0.004973 
-0.013717 0.020886 -3.107030 -0.101570 0.324508 -0.009939 
-0.030542 0.022014 -3.142623 -0.101410 0.324150 -0.011896 
-0.038346 0.018069 -3.308007 -0.101112 0.324037 -0.010862 
-0.037144 0.019843 -3.509641 -0.100926 0.323586 -0.007493 
-0.028262 0.009051 -3.725795 -0.100662 0.323177 -0.002535 
-0.010741 0.011839 -3.922954 -0.100620 0.322520 0.003094 
-0.023734 0.006341 -3.901093 -0.100665 0.322039 0.006441 
-0.045686 0.014013 -3.761302 -0.100630 0.321413 0.007322 
-0.054114 0.012073 -3.554136 -0.100821 0.320961 0.005791 
-0.063112 0.016910 -3.340646 -0.101125 0.320798 0.001907 
-0.059413 0.020821 -3.144648 -0.101108 0.320736 -0.003285 
-0.053860 0.015455 -3.176175 -0.101302 0.320787 -0.006636 
-0.047465 -0.000035 -3.310792 -0.101563 0.321227 -0.009332 
-0.054968 -0.007958 -3.531664 -0.101452 0.321974 -0.010284 
-0.054723 -0.020222 -3.748571 -0.101045 0.322861 -0.009096 
-0.045354 -0.020059 -3.961379 -0.100545 0.323884 -0.005652 
-0.044816 -0.031756 -3.960508 -0.099823 0.324934 -0.002677 
-0.045131 -0.032312 -3.806786 -0.099031 0.325400 0.000010 
-0.043898 -0.024496 -3.588555 -0.098825 0.325846 0.001693 
-0.044031 -0.024687 -3.376438 -0.098677 0.326105 0.001868 
-0.051889 -0.011417 -3.179002 -0.098760 0.326040 0.000115 
-0.050421 -0.011527 -3.193670 -0.099563 0.325931 -0.001493 
-0.041977 -0.014512 -3.339224 -0.100536 0.325312 -0.003313 
-0.047312 -0.017559 -3.566206 -0.101674 0.324705 -0.004877 
-0.046366 -0.016435 -3.775797 -0.102298 0.324151 -0.005683 
-0.045673 -0.023379 -3.989502 -0.102656 0.323599 -0.005106 
-0.046584 -0.021379 -3.970326 -0.102482 0.323127 -0.004764 
-0.055147 -0.015324 -3.821341 -0.101970 0.322885 -0.003889 
-0.058007 -0.019914 -3.602814 -0.101210 0.322207 -0.002636 
-0.061173 -0.018325 -3.384683 -0.100086 0.322108 -0.001500 
-0.056743 -0.004645 -3.174851 -0.099034 0.322057 -0.001009 
-0.058067 -0.022700 -3.188205 -0.098518 0.322445 -0.000182 
-0.051644 -0.028088 -3.330937 -0.098223 0.322610 -0.000098 
-0.059669 -0.042861 -3.541864 -0.098161 0.322974 -0.000932 
-0.051751 -0.049639 -3.761100 -0.098515 0.323325 -0.002193 
-0.049654 -0.051207 -3.979775 -0.099318 0.323432 -0.003335 
-0.056086 -0.047451 -3.942757 -0.099941 0.323468 -0.005437 
-0.062231 -0.034753 -3.784980 -0.100507 0.323490 -0.007218 
-0.067957 -0.020903 -3.579120 -0.101066 0.323314 -0.007991 
-0.058792 0.001449 -3.356503 -0.101397 0.323134 -0.007571 
-0.056939 0.019252 -3.145625 -0.101603 0.323101 -0.006630 
-0.053433 0.027444 -3.173507 -0.101862 0.323281 -0.003539 
-0.051484 0.026384 -3.333930 -0.101699 0.323582 -0.000466 
-0.048669 0.024219 -3.542732 -0.101862 0.324073 0.001925 
-0.040093 0.018001 -3.769221 -0.101889 0.324427 0.003227 
-0.040378 0.008537 -3.962749 -0.101785 0.324547 0.003484 
-0.048994 0.003975 -3.927033 -0.101824 0.324597 0.001476 
-0.052012 0.005057 -3.767153 -0.101667 0.324304 -0.001603 
-0.047538 0.012532 -3.557545 -0.101623 0.323476 -0.004201 
-0.036631 0.016149 -3.319526 -0.101282 0.322600 -0.006243 
-0.024800 0.027380 -3.134408 -0.100884 0.321921 -0.007474 
-0.018422 0.024912 -3.158206 -0.100574 0.321499 -0.006316 
-0.017354 0.024471 -3.295859 -0.100408 0.321610 -0.004186 
-0.015392 0.022394 -3.506042 -0.100249 0.322109 -0.001479 
-0.005923 0.015816 -3.694609 -0.100280 0.322644 0.000818 
-0.002566 0.019612 -3.932770 -0.100400 0.323710 0.002750 
-0.015197 0.008124 -3.921525 -0.100811 0.324556 0.002538 
-0.022136 0.019000 -3.785688 -0.100907 0.325066 0.001046 
-0.035121 0.026158 -3.577040 -0.101519 0.325509 -0.000806 
-0.034429 0.035663 -3.368378 -0.102106 0.325283 -0.002650 
-0.040626 0.050401 -3.159696 -0.102821 0.324821 -0.004379 
-0.032080 0.056515 -3.170118 -0.103254 0.324288 -0.003944 
-0.031206 0.041534 -3.324184 -0.103671 0.323724 -0.002890 
-0.038801 0.037527 -3.520753 -0.103372 0.323615 -0.001561 
-0.040428 0.020151 -3.737207 -0.102840 0.323651 -0.000582 
-0.050162 0.006180 -3.943559 -0.101969 0.323936 0.000186 
-0.055801 -0.010995 -3.922857 -0.100648 0.324061 -0.000897 
-0.061423 -0.018006 -3.767338 -0.099584 0.323787 -0.002925 
-0.074097 -0.020617 -3.551413 -0.098496 0.323556 -0.004792 
-0.085360 -0.030453 -3.335693 -0.097940 0.323025 -0.006222 
-0.081815 -0.029868 -3.131276 -0.097462 0.321919 -0.007115 
-0.074675 -0.029884 -3.174412 -0.097615 0.320825 -0.005958 
-0.065819 -0.030993 -3.329974 -0.098090 0.319926 -0.004251 
-0.063436 -0.036999 -3.556584 -0.098761 0.319176 -0.002391 
-0.052977 -0.032297 -3.771308 -0.099514 0.318849 -0.001164 
-0.049938 -0.035641 -3.995625 -0.100007 0.319527 -0.000392 
-0.048535 -0.039519 -3.971607 -0.100357 0.320465 -0.001665 
-0.063081 -0.027508 -3.824895 -0.100130 0.321791 -0.003697 
-0.062377 -0.024570 -3.617519 -0.100121 0.323285 -0.005574 
-0.069481 -0.023782 -3.392307 -0.099972 0.324355 -0.006575 
-0.060847 -0.014709 -3.179302 -0.099915 0.325416 -0.006724 
-0.050361 -0.005036 -3.215471 -0.100000 0.326217 -0.004508 
-0.040670 -0.011418 -3.374531 -0.100030 0.326747 -0.001864 
-0.030421 -0.025688 -3.572863 -0.100436 0.327083 0.000536 
-0.013925 -0.026130 -3.788988 -0.100739 0.326999 0.001964 
-0.012315 -0.034947 -3.991522 -0.101272 0.326916 0.002226 
-0.014034 -0.035357 -3.954466 -0.101278 0.326918 -0.000316 
-0.016521 -0.018042 -3.803172 -0.101167 0.326723 -0.003932 
-0.027048 -0.011936 -3.592141 -0.100981 0.326286 -0.007178 
-0.030010 -0.001613 -3.364015 -0.100601 0.325894 -0.009339 
-0.032376 0.010430 -3.160270 -0.100206 0.325122 -0.009908 
-0.039377 0.009938 -3.197999 -0.100049 0.324321 -0.007145 
-0.030515 0.009812 -3.350959 -0.100035 0.323333 -0.002869 
-0.028264 0.012451 -3.532635 -0.100164 0.322681 0.000846 
-0.026253 0.015782 -3.724405 -0.100288 0.321842 0.004555 
-0.032245 0.005377 -3.932950 -0.100514 0.321243 0.006957 
-0.025428 0.011575 -3.929323 -0.100788 0.320621 0.005794 
-0.034680 0.007590 -3.757630 -0.100992 0.320557 0.002297 
-0.037374 0.015088 -3.553503 -0.100953 0.320734 -0.002138 
-0.031929 0.018549 -3.318201 -0.101261 0.320846 -0.006651 
-0.034152 0.025158 -3.116895 -0.101067 0.321308 -0.010130 
-0.040306 0.027300 -3.136357 -0.101216 0.321832 -0.010364 
-0.037415 0.023610 -3.274678 -0.101233 0.322791 -0.007921 
-0.026633 0.016548 -3.487692 -0.101264 0.323514 -0.004039 
-0.030397 0.017372 -3.711677 -0.101088 0.324441 0.000046 
-0.026680 0.014453 -3.924977 -0.101094 0.325216 0.004036 
-0.024009 0.011738 -3.916924 -0.101434 0.325961 0.005003 
-0.031383 0.023104 -3.772070 -0.101367 0.326378 0.003839 
-0.039500 0.027322 -3.581349 -0.101674 0.326404 0.000899 
-0.041404 0.037264 -3.347944 -0.101940 0.325999 -0.002856 
-0.043081 0.046258 -3.165137 -0.102210 0.325790 -0.006657 
-0.044536 0.040793 -3.191971 -0.102408 0.324938 -0.007849 
-0.044435 0.042887 -3.334914 -0.102546 0.324290 -0.007317 
-0.059039 0.028151 -3.542826 -0.102485 0.323749 -0.005350 
-0.052558 0.018000 -3.753347 -0.102058 0.323065 -0.002638 
-0.045406 0.007292 -3.955452 -0.101635 0.322568 0.000722 
-0.048480 0.000840 -3.919307 -0.100719 0.322203 0.001813 
-0.052190 -0.005036 -3.747185 -0.099968 0.321725 0.001415 
-0.055890 -0.011407 -3.552056 -0.099382 0.321337 0.000074 
-0.066644 -0.014129 -3.334206 -0.098937 0.321090 -0.002104 
-0.070267 -0.013521 -3.135269 -0.098463 0.320988 -0.004835 
-0.070509 -0.013582 -3.183047 -0.098623 0.320899 -0.005837 
-0.068868 -0.023029 -3.344304 -0.099162 0.321000 -0.005864 
-0.058977 -0.020575 -3.558799 -0.099610 0.321249 -0.004970 
-0.056639 -0.021981 -3.795125 -0.099928 0.321458 -0.003562 
-0.060059 -0.029213 -3.992114 -0.100453 0.322179 -0.001589 
-0.058160 -0.014852 -3.972937 -0.100513 0.322839 -0.001144 
-0.049384 -0.014066 -3.809603 -0.100672 0.323806 -0.001550 
-0.056337 -0.011429 -3.595017 -0.100669 0.324399 -0.002230 
-0.071196 -0.005054 -3.359093 -0.100486 0.325141 -0.003430 
-0.064194 -0.002537 -3.173227 -0.100474 0.325638 -0.004778 
-0.056444 -0.008253 -3.214286 -0.100508 0.325970 -0.004604 
-0.056267 -0.018213 -3.368213 -0.100409 0.326274 -0.003994 
-0.055503 -0.026811 -3.541784 -0.100621 0.326194 -0.003391 
-0.055187 -0.035179 -3.767030 -0.100668 0.326029 -0.002512 
-0.054930 -0.041635 -3.971719 -0.100862 0.325385 -0.001607 
-0.049851 -0.034107 -3.939365 -0.100647 0.324486 -0.002427 
-0.059330 -0.027034 -3.773806 -0.100450 0.323861 -0.003780 
-0.055350 -0.026937 -3.578404 -0.100135 0.322848 -0.005000 
-0.049770 -0.009877 -3.353362 -0.100023 0.321828 -0.005757 
-0.052183 -0.006195 -3.149831 -0.099687 0.321053 -0.006221 
-0.044265 -0.000317 -3.204895 -0.099637 0.320629 -0.004546 
-0.027473 0.007790 -3.342681 -0.099723 0.320634 -0.002194 
-0.024899 0.006316 -3.561575 -0.099881 0.320937 0.000191 
-0.029170 0.008429 -3.788933 -0.100178 0.321385 0.002035 
-0.026608 -0.002659 -3.974103 -0.100567 0.321963 0.003265 
-0.025439 -0.005717 -3.929833 -0.100912 0.322709 0.002012 
-0.025954 0.000944 -3.760846 -0.101037 0.323165 -0.000525 
-0.018821 0.018929 -3.540611 -0.101080 0.323948 -0.003341 
-0.011144 0.030043 -3.309889 -0.101492 0.324339 -0.006033 
-0.012289 0.036989 -3.112777 -0.101295 0.324797 -0.007907 
-0.010281 0.034438 -3.155561 -0.101470 0.325459 -0.006985 
-0.008086 0.032063 -3.313230 -0.101477 0.326042 -0.004875 
-0.006179 0.022019 -3.481206 -0.101538 0.326435 -0.002667 
0.003762 0.023808 -3.701582 -0.101508 0.326976 0.000140 
-0.001433 0.018408 -3.941468 -0.101536 0.327239 0.002719 
-0.016060 0.019085 -3.921164 -0.101540 0.327148 0.002739 
-0.024701 0.016556 -3.785927 -0.101570 0.326804 0.001464 
-0.026948 0.020971 -3.577355 -0.101712 0.325736 -0.000594 
-0.030015 0.034099 -3.357874 -0.101632 0.324581 -0.003070 
-0.032766 0.030777 -3.158771 -0.101828 0.323323 -0.005350 
-0.035118 0.027048 -3.178504 -0.101693 0.322097 -0.005571 
-0.028365 0.034608 -3.322861 -0.101627 0.321119 -0.004609 
-0.028792 0.019948 -3.529985 -0.101558 0.320478 -0.002962 
-0.021932 0.024180 -3.738466 -0.101031 0.320370 -0.001108 
-0.029319 0.010856 -3.937232 -0.100636 0.320544 0.000961 
-0.052501 -0.003964 -3.907865 -0.100112 0.321270 0.000965 
-0.061689 -0.008878 -3.754129 -0.099679 0.321597 0.000012 
-0.069705 -0.006842 -3.547425 -0.099520 0.322292 -0.001644 
-0.063844 -0.002128 -3.329469 -0.099495 0.322219 -0.003600 
-0.064162 0.005488 -3.141907 -0.099613 0.322481 -0.005476 
-0.062032 0.005315 -3.171167 -0.100255 0.322469 -0.005491 
-0.052679 -0.008072 -3.334654 -0.100817 0.322517 -0.004663 
-0.049900 -0.009837 -3.549650 -0.101299 0.322815 -0.003557 
-0.046670 -0.012355 -3.785738 -0.101785 0.323304 -0.002150 
-0.052481 -0.018588 -3.981831 -0.101822 0.323754 -0.000823 
-0.053412 -0.012746 -3.961439 -0.101301 0.324429 -0.001247 
-0.061244 -0.010012 -3.796852 -0.101135 0.324939 -0.002293 
-0.071052 -0.015135 -3.591983 -0.100545 0.325358 -0.003527 
-0.066238 -0.010535 -3.356299 -0.100040 0.325388 -0.004834 
-0.061502 -0.013665 -3.162109 -0.099587 0.325230 -0.005747 
-0.061994 -0.011787 -3.205302 -0.099410 0.324764 -0.004815 
-0.061246 -0.009491 -3.350761 -0.099546 0.324113 -0.003321 
-0.053076 -0.019556 -3.546443 -0.099922 0.323316 -0.001869 
-0.045040 -0.022479 -3.772561 -0.100086 0.322814 -0.000554 
-0.044154 -0.038477 -3.976388 -0.100509 0.322447 0.000133 
-0.052766 -0.033031 -3.931974 -0.100478 0.322118 -0.001324 
-0.069529 -0.031890 -3.774559 -0.100328 0.321924 -0.003440 
-0.078477 -0.027718 -3.566950 -0.100154 0.322051 -0.005409 
-0.065026 -0.010290 -3.349955 -0.100036 0.321932 -0.007041 
-0.065783 -0.001563 -3.146039 -0.099825 0.322007 -0.007618 
-0.057847 -0.005829 -3.191529 -0.099686 0.322056 -0.005839 
-0.055045 -0.006978 -3.350570 -0.099845 0.322350 -0.003081 
-0.036949 -0.000234 -3.580834 -0.100096 0.322646 -0.000165 
-0.034847 -0.010075 -3.767919 -0.100314 0.322943 0.001708 
-0.030745 -0.012818 -3.984355 -0.100963 0.323519 0.003455 
-0.030709 -0.014071 -3.950416 -0.101135 0.323797 0.002196 
-0.038317 -0.012517 -3.801345 -0.101298 0.324494 -0.000469 
-0.032138 -0.001515 -3.569487 -0.101392 0.324895 -0.003808 
-0.026395 0.009974 -3.328614 -0.101321 0.325203 -0.006819 
-0.041321 0.017379 -3.140162 -0.101449 0.325567 -0.009016 
-0.040680 0.017453 -3.173024 -0.101446 0.325569 -0.008079 
-0.023936 0.017200 -3.311025 -0.101591 0.325571 -0.005622 
-0.021453 0.009012 -3.521652 -0.101796 0.325490 -0.002477 
-0.019365 0.009544 -3.753394 -0.101778 0.325323 0.000865 
-0.010871 0.006748 -3.932573 -0.101782 0.324910 0.003503 
-0.027042 0.008959 -3.902652 -0.101455 0.324447 0.003531 
-0.028618 0.002288 -3.767129 -0.101510 0.324051 0.002148 
-0.038987 0.010372 -3.536378 -0.101472 0.323133 -0.000751 
-0.041817 0.012802 -3.315501 -0.101468 0.322544 -0.003772 
-0.044696 0.016749 -3.116488 -0.101452 0.321577 -0.006163 
-0.045399 0.017936 -3.166181 -0.101442 0.321206 -0.006522 
-0.045747 0.011006 -3.331813 -0.101321 0.320753 -0.005269 
-0.037789 0.014587 -3.498472 -0.101121 0.320821 -0.003698 
-0.029419 0.008661 -3.728860 -0.100824 0.321180 -0.001119 
-0.027697 0.007276 -3.949136 -0.100660 0.321490 0.001582 
-0.041199 -0.003235 -3.919859 -0.100743 0.322150 0.002026 
-0.041275 -0.006089 -3.765985 -0.100612 0.322988 0.001179 
-0.049533 -0.003361 -3.569374 -0.100448 0.323495 -0.000482 
-0.042883 0.006752 -3.340338 -0.100386 0.324181 -0.002865 
-0.043439 0.005180 -3.141221 -0.100570 0.324630 -0.005272 
-0.049222 0.008616 -3.179487 -0.101029 0.324771 -0.005833 
-0.054840 0.003109 -3.321921 -0.101386 0.325019 -0.005418 
-0.044996 -0.002799 -3.536631 -0.101892 0.325265 -0.004420 
-0.043094 -0.003716 -3.763941 -0.102046 0.325381 -0.002683 
-0.042494 -0.003791 -3.971541 -0.101874 0.325314 -0.000932 
-0.050492 -0.006768 -3.941934 -0.101740 0.325079 -0.000693 
-0.051961 -0.006238 -3.789069 -0.101424 0.325067 -0.001210 
-0.062744 -0.007578 -3.574813 -0.100808 0.324538 -0.002103 
-0.058149 0.006833 -3.359939 -0.100233 0.324195 -0.003205 
-0.053928 0.006238 -3.154445 -0.099923 0.323370 -0.004420 
-0.062877 -0.004244 -3.185983 -0.099679 0.322859 -0.004127 
-0.062849 -0.009752 -3.340073 -0.099869 0.322019 -0.003176 
-0.063418 -0.016878 -3.535211 -0.099748 0.321571 -0.002270 
-0.056231 -0.020335 -3.770050 -0.099755 0.321170 -0.001609 
-0.048797 -0.024356 -3.964449 -0.099769 0.320953 -0.000917 
-0.057000 -0.027895 -3.910996 -0.099802 0.320808 -0.001942 
-0.066443 -0.031853 -3.755277 -0.099522 0.320849 -0.003531 
-0.060103 -0.018643 -3.538784 -0.099437 0.320777 -0.004950 
-0.052832 -0.007569 -3.323196 -0.099367 0.321273 -0.006055 
-0.045183 -0.004849 -3.139847 -0.099353 0.321768 -0.006440 
-0.056672 0.001351 -3.173644 -0.099636 0.322432 -0.004968 
-0.046305 -0.006211 -3.331627 -0.099836 0.323243 -0.002646 
-0.041986 -0.008887 -3.548902 -0.100484 0.323819 -0.000578 
-0.030738 -0.008564 -3.796326 -0.100944 0.324638 0.001245 
-0.021064 -0.015434 -3.980995 -0.101299 0.325168 0.002263 
-0.034744 -0.018010 -3.945927 -0.101650 0.325827 0.000682 
-0.035237 -0.002230 -3.787658 -0.101709 0.326098 -0.001644 
-0.029807 0.002349 -3.568024 -0.101686 0.326026 -0.004243 
-0.032140 0.003132 -3.339037 -0.101533 0.325911 -0.006621 
-0.027397 0.009386 -3.143488 -0.101175 0.325469 -0.007954 
-0.019453 0.014504 -3.187619 -0.101132 0.325234 -0.006594 
-0.020191 0.007168 -3.315032 -0.100694 0.324971 -0.004672 
-0.012610 -0.004157 -3.556500 -0.100434 0.324570 -0.001665 
-0.019348 -0.008023 -3.786770 -0.100131 0.324462 0.000921 
-0.011261 -0.011713 -3.953339 -0.100143 0.324239 0.002603 
-0.027259 -0.018419 -3.931810 -0.100039 0.323866 0.002086 
-0.036741 -0.021353 -3.774948 -0.099913 0.323619 0.000182 
-0.038682 -0.010157 -3.575482 -0.100007 0.322935 -0.002314 
-0.039548 0.001146 -3.345127 -0.100422 0.322240 -0.004779 
-0.033945 0.016695 -3.146837 -0.100481 0.321506 -0.006846 
-0.033143 0.018123 -3.167319 -0.100790 0.321121 -0.006533 
-0.037507 0.014044 -3.313642 -0.101295 0.321078 -0.004506 
-0.034886 0.020931 -3.532321 -0.101394 0.321384 -0.002226 
-0.025207 0.014291 -3.752073 -0.101424 0.321923 0.000365 
-0.022327 0.010343 -3.951086 -0.101439 0.322889 0.002757 
-0.029325 0.002825 -3.919935 -0.101338 0.323791 0.002340 
-0.037548 0.004400 -3.754815 -0.101020 0.324589 0.000967 
-0.045996 0.006301 -3.546433 -0.100863 0.325285 -0.001331 
-0.039674 0.009768 -3.326562 -0.101008 0.325494 -0.003930 
-0.040683 0.018828 -3.128001 -0.101117 0.325377 -0.006113 
-0.040776 0.011362 -3.157418 -0.101328 0.325091 -0.006349 
-0.040031 0.003651 -3.311575 -0.101534 0.324818 -0.005405 
-0.031251 0.007772 -3.518130 -0.101650 0.324694 -0.003862 
-0.037594 0.004441 -3.756272 -0.101664 0.324391 -0.001918 
-0.029714 0.000291 -3.964425 -0.101516 0.324272 0.000046 
-0.044967 0.000630 -3.923334 -0.101364 0.324277 -0.000242 
-0.054454 -0.001681 -3.759133 -0.101073 0.323936 -0.001175 
-0.064802 -0.003510 -3.553892 -0.100620 0.323500 -0.002396 
-0.067333 0.006948 -3.327444 -0.100238 0.323106 -0.003915 
-0.062151 0.022722 -3.132214 -0.099973 0.322378 -0.005025 
-0.069407 0.012555 -3.183996 -0.100206 0.321763 -0.004419 
-0.061882 0.003040 -3.339477 -0.100420 0.320870 -0.002934 
-0.061322 0.003988 -3.545933 -0.100402 0.320515 -0.001498 
-0.060139 -0.004733 -3.781873 -0.100611 0.320442 -0.000305 
-0.044291 -0.014633 -3.966494 -0.100822 0.320641 0.000606 
-0.053062 -0.020421 -3.912812 -0.100550 0.321072 -0.000753 
-0.061958 -0.018288 -3.756106 -0.100228 0.321684 -0.002774 
-0.070841 -0.015899 -3.538709 -0.099907 0.322288 -0.004744 
-0.064828 -0.005629 -3.311894 -0.099523 0.322981 -0.006490 
-0.057610 -0.003045 -3.126867 -0.099511 0.323478 -0.007517 
-0.054735 -0.005950 -3.180345 -0.099849 0.324231 -0.006280 
-0.051498 -0.007587 -3.348402 -0.100171 0.324617 -0.003851 
-0.048554 -0.017023 -3.557114 -0.100545 0.324817 -0.001349 
-0.038010 -0.014239 -3.743779 -0.100992 0.325060 0.000534 
-0.028579 -0.010538 -3.960189 -0.101270 0.325028 0.002070 
-0.027964 -0.019815 -3.947252 -0.101658 0.325207 0.001223 
-0.043612 -0.010335 -3.789079 -0.101770 0.325007 -0.000992 
-0.038182 -0.005756 -3.569445 -0.101746 0.324936 -0.003590 
-0.047774 0.008222 -3.350622 -0.101505 0.324687 -0.005971 
-0.050574 0.010123 -3.153897 -0.101182 0.324295 -0.007733 
-0.044364 0.015948 -3.176641 -0.100814 0.323877 -0.007001 
-0.044476 0.008950 -3.324841 -0.100533 0.323518 -0.004771 
-0.044432 -0.006599 -3.534786 -0.100309 0.323163 -0.002168 
-0.036361 -0.009923 -3.754709 -0.100154 0.322854 0.000431 
-0.021435 -0.017328 -3.943161 -0.100026 0.322490 0.002628 
-0.037192 -0.024726 -3.911539 -0.099928 0.322305 0.002117 
-0.031584 -0.019577 -3.764368 -0.099897 0.322052 0.000102 
-0.040787 -0.014449 -3.554776 -0.099878 0.321893 -0.002503 
-0.042221 -0.005395 -3.324192 -0.099989 0.321774 -0.005301 
-0.042553 0.002485 -3.124555 -0.100266 0.321938 -0.007806 
-0.041041 0.001581 -3.175449 -0.100590 0.322125 -0.007525 
-0.037947 0.007478 -3.331521 -0.100861 0.322704 -0.005836 
-0.035132 0.005313 -3.540322 -0.101024 0.323195 -0.003445 
-0.023278 -0.002394 -3.760132 -0.101542 0.324005 -0.000528 
-0.021028 0.003199 -3.960007 -0.101330 0.324694 0.002080 
-0.019849 0.000500 -3.920474 -0.101350 0.325445 0.002426 
-0.027681 0.003234 -3.755887 -0.101184 0.325954 0.001381 
-0.027993 0.010978 -3.537979 -0.101303 0.326213 -0.000469 
-0.029211 0.020099 -3.308233 -0.101413 0.326093 -0.002946 
-0.031093 0.029384 -3.129325 -0.101358 0.325889 -0.005469 
-0.024490 0.025737 -3.168639 -0.101378 0.325655 -0.005930 
-0.031266 0.022793 -3.332336 -0.101554 0.325246 -0.005206 
-0.031909 0.008065 -3.538621 -0.101486 0.324606 -0.003880 
-0.024510 0.005298 -3.766960 -0.101328 0.324111 -0.001929 
-0.024192 -0.002318 -3.954522 -0.101210 0.323848 -0.000054 
-0.025877 0.007502 -3.895234 -0.100662 0.323571 0.000210 
-0.042717 0.001665 -3.741628 -0.100399 0.323090 -0.000516 
-0.052385 0.008663 -3.526613 -0.100045 0.322556 -0.001508 
-0.054159 0.002310 -3.299213 -0.100103 0.322149 -0.003134 
-0.048354 0.008414 -3.133467 -0.100065 0.321703 -0.004487 
-0.047968 0.009443 -3.164347 -0.100216 0.321418 -0.004186 
-0.046935 0.009402 -3.308195 -0.100369 0.321337 -0.003341 
-0.052616 0.005155 -3.533185 -0.100712 0.321216 -0.002348 
-0.050952 -0.004949 -3.748939 -0.100931 0.321518 -0.001142 
-0.048583 -0.006985 -3.943987 -0.101256 0.321912 -0.000023 
-0.048533 -0.008503 -3.922123 -0.101268 0.322289 -0.000652 
-0.063257 -0.010544 -3.766215 -0.101300 0.322941 -0.002134 
-0.064597 -0.003801 -3.549994 -0.100944 0.323494 -0.003674 
-0.065545 0.004100 -3.334307 -0.100740 0.323759 -0.004887 
-0.058931 0.015466 -3.139210 -0.100506 0.324167 -0.006011 
-0.058097 0.006487 -3.162194 -0.100568 0.324354 -0.004963 
-0.056622 -0.003692 -3.328493 -0.100629 0.324748 -0.003398 
-0.055371 -0.004187 -3.545948 -0.100620 0.324772 -0.001654 
-0.053555 -0.012442 -3.772329 -0.100987 0.324598 -0.000127 
-0.053650 -0.021080 -3.977627 -0.100876 0.324530 0.000765 
-0.054747 -0.020529 -3.954019 -0.100874 0.324341 -0.000499 
-0.050072 -0.022500 -3.776955 -0.100734 0.323801 -0.002382 
-0.059952 -0.016192 -3.568440 -0.100546 0.323362 -0.004665 
-0.062570 -0.013072 -3.341064 -0.100376 0.322678 -0.006394 
-0.057564 0.001610 -3.146138 -0.099958 0.322238 -0.007510 
-0.056948 0.002443 -3.189932 -0.099949 0.322052 -0.006259 
-0.049128 -0.009052 -3.348540 -0.099856 0.321732 -0.003824 
-0.047440 -0.009284 -3.537326 -0.099846 0.321751 -0.001412 
-0.045416 -0.026856 -3.765905 -0.100116 0.321860 0.000855 
-0.050965 -0.024659 -3.962621 -0.100094 0.322313 0.002398 
-0.050473 -0.026537 -3.919427 -0.100271 0.322779 0.001467 
-0.051012 -0.019118 -3.761373 -0.100389 0.323046 -0.000756 
-0.059324 -0.015103 -3.551543 -0.100538 0.323167 -0.003361 
-0.053002 -0.011636 -3.331671 -0.100683 0.323375 -0.005961 
-0.038664 0.004551 -3.144784 -0.100732 0.323540 -0.007619 
-0.030019 0.007730 -3.176907 -0.100863 0.323773 -0.006896 
-0.027238 0.006717 -3.354219 -0.101181 0.323973 -0.004793 
-0.017271 0.007747 -3.563663 -0.101157 0.324702 -0.002300 
-0.022273 -0.006706 -3.793671 -0.101249 0.325150 0.000389 
-0.013020 -0.013351 -3.981399 -0.101280 0.325686 0.002365 
-0.021096 -0.010576 -3.930019 -0.100947 0.326119 0.001864 
-0.029184 -0.006887 -3.763449 -0.100935 0.326342 0.000182 
-0.024430 -0.001127 -3.544893 -0.100743 0.325990 -0.002094 
-0.033451 0.005220 -3.304650 -0.100877 0.325539 -0.004667 
-0.027661 0.011588 -3.126828 -0.100999 0.324995 -0.006649 
-0.027997 0.014692 -3.187987 -0.101134 0.324147 -0.006367 
-0.019511 0.021545 -3.353732 -0.101393 0.323351 -0.004777 
-0.019481 0.006260 -3.551601 -0.101328 0.322897 -0.002804 
-0.026469 0.003479 -3.749543 -0.101180 0.322498 -0.000826 
-0.025237 0.003871 -3.947583 -0.101165 0.322330 0.001258 
-0.033363 0.008164 -3.918066 -0.100820 0.322386 0.001387 
-0.042591 0.004273 -3.763187 -0.100540 0.322425 0.000119 
-0.044647 0.013219 -3.546899 -0.100168 0.322411 -0.001413 
-0.053178 0.017791 -3.328891 -0.100153 0.322439 -0.003370 
-0.054435 0.018158 -3.141782 -0.100161 0.322418 -0.005140 
-0.053158 0.018075 -3.172424 -0.100481 0.322414 -0.004840 
-0.036865 0.017823 -3.327018 -0.100786 0.322323 -0.003680 
-0.041874 0.013019 -3.543592 -0.101133 0.322388 -0.002039 
-0.032015 0.006847 -3.770378 -0.101480 0.322733 -0.000412 
-0.029646 0.004811 -3.965426 -0.101804 0.323127 0.000708 
-0.037488 0.006766 -3.934298 -0.101476 0.323751 0.000188 
-0.045100 0.008944 -3.777888 -0.101474 0.324354 -0.001507 
-0.052284 0.011778 -3.550389 -0.101632 0.324849 -0.003138 
-0.061426 0.015747 -3.323670 -0.101300 0.325072 -0.004773 
-0.062205 0.024610 -3.138024 -0.101248 0.325053 -0.006005 
-0.055204 0.012472 -3.191306 -0.101166 0.324913 -0.005090 
-0.046747 0.000821 -3.347693 -0.101395 0.324587 -0.003292 
-0.045972 0.001837 -3.554988 -0.101375 0.324231 -0.001535 
-0.045484 -0.004817 -3.772591 -0.101410 0.323685 0.000321 
-0.045274 -0.019634 -3.977494 -0.101663 0.323037 0.001331 
-0.062066 -0.018384 -3.934125 -0.101345 0.322765 0.000081 
-0.058023 -0.020822 -3.766620 -0.101047 0.322326 -0.002136 
-0.068730 -0.015184 -3.548555 -0.100543 0.322083 -0.004418 
-0.071740 -0.013221 -3.320644 -0.100222 0.321687 -0.006475 
-0.074741 -0.011652 -3.135155 -0.099740 0.321394 -0.007928 
-0.074125 -0.010820 -3.178950 -0.099731 0.321208 -0.006677 
-0.065132 -0.015886 -3.357357 -0.099752 0.321363 -0.004367 
-0.055464 -0.012254 -3.556336 -0.099870 0.321425 -0.001854 
-0.044959 -0.018224 -3.785638 -0.100215 0.321768 0.000737 
-0.050137 -0.023990 -3.972171 -0.100410 0.322117 0.002397 
-0.056758 -0.030086 -3.929478 -0.100620 0.322631 0.001678 
-0.057056 -0.023358 -3.761331 -0.100743 0.323086 -0.000538 
-0.057101 -0.007809 -3.551385 -0.100968 0.323441 -0.003141 
-0.051822 -0.005079 -3.321125 -0.100798 0.323846 -0.006060 
-0.045075 -0.001606 -3.133277 -0.100941 0.324057 -0.008043 
-0.044832 -0.002819 -3.195951 -0.100785 0.324352 -0.007460 
-0.043093 -0.004570 -3.362874 -0.100788 0.324748 -0.005677 
-0.027195 -0.005879 -3.582363 -0.100615 0.324958 -0.003297 
-0.025682 -0.007202 -3.771454 -0.100452 0.325265 -0.000892 
-0.023807 -0.016615 -3.980708 -0.100506 0.325473 0.001605 
-0.024258 -0.025118 -3.930629 -0.100408 0.325562 0.001748 
-0.025935 -0.015271 -3.775567 -0.100187 0.325267 0.000491 
-0.034243 -0.001249 -3.557040 -0.100266 0.325010 -0.001564 
-0.029313 0.005602 -3.338178 -0.100226 0.324370 -0.003834 
-0.031301 0.008437 -3.138927 -0.100379 0.323684 -0.006226 
-0.031372 0.010091 -3.179061 -0.100525 0.323212 -0.006252 
-0.022619 0.015493 -3.323781 -0.100795 0.322793 -0.004971 
-0.020776 0.016487 -3.530533 -0.101097 0.322429 -0.003208 
-0.019334 0.016817 -3.759758 -0.101081 0.322264 -0.000829 
-0.018326 0.007757 -3.958319 -0.100973 0.322381 0.001354 
-0.025191 0.002976 -3.918381 -0.101013 0.322613 0.001599 
-0.026587 0.011108 -3.754369 -0.100644 0.322794 0.000662 
-0.027798 0.010581 -3.538058 -0.100499 0.323056 -0.000767 
-0.036042 0.022821 -3.309743 -0.100431 0.323275 -0.002822 
-0.030651 0.018646 -3.132746 -0.100306 0.323303 -0.004712 
-0.030006 0.018097 -3.172947 -0.100468 0.323399 -0.004745 
-0.027846 0.016122 -3.336810 -0.100794 0.323790 -0.003921 
-0.025718 0.014778 -3.541951 -0.101113 0.323995 -0.002807 
-0.016052 0.017658 -3.778615 -0.101396 0.324155 -0.001290 
-0.021494 0.003464 -3.964524 -0.101650 0.324502 0.000154 
-0.029859 -0.001430 -3.923452 -0.101370 0.324744 -0.000249 
-0.037227 0.010064 -3.748252 -0.101303 0.325157 -0.001386 
-0.030959 0.015672 -3.542905 -0.101271 0.324894 -0.002386 
-0.040362 0.021220 -3.306865 -0.100928 0.324736 -0.003687 
-0.041012 0.022813 -3.121129 -0.101088 0.324426 -0.004808 
-0.048421 0.020675 -3.183933 -0.101103 0.323914 -0.003999 
-0.055230 0.009106 -3.359921 -0.101179 0.323601 -0.002540 
-0.047605 0.005912 -3.566091 -0.101185 0.323195 -0.001212 
-0.046897 -0.001297 -3.791871 -0.101384 0.322742 -0.000005 
-0.048093 -0.008761 -3.966223 -0.101106 0.322390 0.000593 
-0.050540 -0.015730 -3.923120 -0.100837 0.322014 -0.000552 
-0.059782 -0.019356 -3.756164 -0.100717 0.321955 -0.002449 
-0.063209 -0.017792 -3.538652 -0.100237 0.321660 -0.004518 
-0.066179 -0.016854 -3.311885 -0.099762 0.321551 -0.006260 
-0.068050 -0.007210 -3.137714 -0.099383 0.321352 -0.007183 
-0.066959 -0.007889 -3.191668 -0.099384 0.321545 -0.005945 
-0.057725 -0.013647 -3.359982 -0.099410 0.321888 -0.003629 
-0.047831 -0.010442 -3.536792 -0.099694 0.322039 -0.001739 
-0.052325 -0.017781 -3.764670 -0.099897 0.322772 0.000203 
-0.049089 -0.020171 -3.970412 -0.100383 0.323257 0.001636 
-0.062580 -0.021921 -3.947115 -0.100727 0.323728 0.000691 
-0.063166 -0.022862 -3.789275 -0.100904 0.323992 -0.001427 
-0.070323 -0.011531 -3.579831 -0.101162 0.324395 -0.003817 
-0.064213 0.001876 -3.350423 -0.101237 0.324226 -0.006186 
-0.057902 0.005837 -3.153559 -0.101216 0.324344 -0.007841 
-0.057502 0.006602 -3.196515 -0.101208 0.324158 -0.006911 
-0.050026 0.002310 -3.354373 -0.100904 0.324130 -0.004907 
-0.041480 -0.002525 -3.584456 -0.100759 0.324201 -0.002321 
-0.040712 -0.010894 -3.793109 -0.100645 0.324130 -0.000145 
-0.033002 -0.016006 -3.971221 -0.100346 0.324294 0.001839 
-0.041406 -0.019877 -3.929005 -0.100219 0.324249 0.001122 
-0.050626 -0.014383 -3.772766 -0.100034 0.324004 -0.000565 
-0.045221 -0.009044 -3.564064 -0.100004 0.323744 -0.002849 
-0.047379 -0.007171 -3.334772 -0.100005 0.323341 -0.005221 
-0.041976 0.008046 -3.147719 -0.099904 0.322707 -0.006980 
-0.047876 0.005527 -3.188650 -0.100405 0.322275 -0.006467 
-0.038673 0.010176 -3.354462 -0.100679 0.322047 -0.004885 
-0.028987 0.012921 -3.572855 -0.100803 0.322301 -0.002712 
-0.026413 0.011447 -3.791749 -0.100961 0.322604 -0.000327 
-0.024048 0.010034 -3.979459 -0.101120 0.322904 0.001762 
-0.030648 0.003802 -3.918496 -0.101171 0.323512 0.001699 
-0.037804 0.005356 -3.752832 -0.101174 0.324302 0.000331 
-0.038269 0.021129 -3.545946 -0.101075 0.324663 -0.001314 
-0.046775 0.024941 -3.317007 -0.101066 0.324880 -0.003586 
-0.032989 0.025031 -3.139804 -0.101228 0.324851 -0.005363 
-0.039696 0.020954 -3.190599 -0.101418 0.324807 -0.005189 
-0.032040 0.017130 -3.355492 -0.101432 0.324585 -0.004150 
-0.030588 0.016966 -3.561710 -0.101582 0.324511 -0.002714 
-0.014294 0.016192 -3.789071 -0.101726 0.324526 -0.000977 
-0.020627 0.003111 -3.975218 -0.101812 0.324594 0.000468 
-0.029467 -0.000272 -3.923986 -0.101522 0.324455 0.000079 
-0.038882 0.005019 -3.748638 -0.101178 0.324306 -0.001274 
-0.040722 0.014033 -3.533189 -0.100806 0.324291 -0.002486 
-0.042448 0.016040 -3.305574 -0.100805 0.323887 -0.004216 
-0.051471 0.022489 -3.130760 -0.100613 0.323449 -0.005241 
-0.051359 0.015585 -3.184024 -0.100658 0.323072 -0.004212 
-0.049773 0.008279 -3.359806 -0.101020 0.322702 -0.002640 
-0.041202 0.012462 -3.535177 -0.101137 0.322575 -0.001391 
-0.039991 0.012990 -3.751488 -0.101281 0.322312 0.000038 
-0.038802 0.004397 -3.957082 -0.101491 0.322235 0.001257 
-0.054750 -0.003827 -3.913689 -0.101400 0.322239 0.000110 
-0.049317 0.000231 -3.766823 -0.101215 0.322275 -0.001910 
-0.058025 0.003711 -3.549121 -0.101047 0.322590 -0.003873 
-0.060472 0.011499 -3.332299 -0.100524 0.322865 -0.005733 
-0.054574 0.025069 -3.137135 -0.100275 0.322705 -0.006850 
-0.061510 0.012164 -3.181112 -0.100206 0.322852 -0.005609 
-0.059771 0.010414 -3.348035 -0.100208 0.323248 -0.003826 
-0.050783 0.005219 -3.556788 -0.100228 0.323408 -0.001543 
-0.041777 -0.000864 -3.784955 -0.100254 0.323760 0.000401 
-0.046761 -0.006427 -3.990597 -0.100606 0.324014 0.001727 
-0.047658 -0.014800 -3.926765 -0.100670 0.324006 0.000599 
-0.064033 -0.022509 -3.778582 -0.100742 0.323901 -0.001740 
-0.058340 -0.009501 -3.559572 -0.100659 0.323831 -0.004122 
-0.059975 -0.000779 -3.340224 -0.100611 0.323811 -0.006613 
-0.061909 0.000768 -3.154192 -0.100450 0.323510 -0.008060 
-0.068573 0.005676 -3.197434 -0.100417 0.323376 -0.007022 
-0.060318 -0.006307 -3.365058 -0.100487 0.323149 -0.004915 
-0.051542 -0.001562 -3.564275 -0.100437 0.322931 -0.002401 
-0.042996 -0.006398 -3.794357 -0.100292 0.323002 0.000185 
-0.041787 -0.015126 -3.981681 -0.100343 0.323019 0.002060 
-0.049950 -0.019688 -3.929372 -0.100222 0.323162 0.001349 
-0.059016 -0.022223 -3.762112 -0.100254 0.322815 -0.000542 
-0.053323 -0.009216 -3.543102 -0.100171 0.322745 -0.002924 
-0.054958 -0.000494 -3.323755 -0.100123 0.322726 -0.005414 
-0.056672 0.000498 -3.145900 -0.100127 0.322518 -0.007511 
-0.049375 0.005414 -3.187515 -0.100085 0.322284 -0.007114 
-0.039745 0.000191 -3.363702 -0.100429 0.322433 -0.005441 
-0.031126 0.002957 -3.582638 -0.100232 0.322696 -0.003274 
-0.020332 0.004656 -3.801632 -0.100523 0.323229 -0.000782 
-0.018842 -0.005787 -3.980006 -0.100425 0.323721 0.001414 
-0.032722 -0.007944 -3.918491 -0.100452 0.324382 0.001137 
-0.033026 -0.000592 -3.743005 -0.100411 0.324744 -0.000109 
-0.039751 0.010873 -3.535238 -0.100667 0.325146 -0.001857 
-0.040513 0.019370 -3.296239 -0.100782 0.325213 -0.004008 
-0.033615 0.024693 -3.119017 -0.101071 0.324947 -0.005670 
-0.025304 0.021098 -3.190651 -0.101409 0.324706 -0.005189 
-0.030757 0.017176 -3.355787 -0.101752 0.324577 -0.003824 
-0.022474 0.013689 -3.541466 -0.101922 0.324258 -0.002476 
-0.013896 0.017479 -3.759259 -0.101879 0.324234 -0.000624 
-0.013559 0.008976 -3.966235 -0.101766 0.324164 0.000910 
-0.015488 0.009480 -3.925738 -0.101284 0.324077 0.000617 
-0.024715 0.005589 -3.770858 -0.101004 0.324116 -0.000650 
-0.027663 0.015648 -3.554808 -0.100464 0.323822 -0.002182 
-0.022238 0.020851 -3.327836 -0.100275 0.323657 -0.003810 
-0.031236 0.026541 -3.142090 -0.100090 0.323407 -0.005150 
-0.031099 0.018878 -3.184422 -0.100141 0.323219 -0.004436 
-0.037203 0.015377 -3.339703 -0.100321 0.322997 -0.003063 
-0.027819 0.010716 -3.556329 -0.100658 0.322962 -0.001422 
-0.025112 0.001349 -3.782472 -0.101193 0.323068 0.000103 
-0.031614 -0.003439 -3.967565 -0.101220 0.323139 0.001123 
-0.038878 0.000270 -3.913659 -0.101362 0.323277 -0.000008 
-0.047228 -0.004468 -3.746466 -0.101410 0.323498 -0.001906 
-0.055262 0.007711 -3.549335 -0.101340 0.323720 -0.003666 
-0.049548 0.020583 -3.312055 -0.101098 0.323745 -0.005393 
-0.049924 0.020332 -3.147716 -0.101109 0.323915 -0.006219 
-0.056395 0.016188 -3.181079 -0.101140 0.323965 -0.005070 
-0.055420 0.008280 -3.348150 -0.101186 0.323791 -0.003176 
-0.054418 -0.000909 -3.577057 -0.101076 0.323911 -0.001019 
-0.053167 -0.001405 -3.794512 -0.101067 0.323936 0.000725 
-0.045517 -0.005358 -3.989750 -0.101080 0.323718 0.001738 
-0.047047 -0.014198 -3.935477 -0.100986 0.323810 0.000278 
-0.064724 -0.021064 -3.767583 -0.100732 0.323521 -0.002048 
-0.074579 -0.015515 -3.548136 -0.100550 0.323271 -0.004646 
-0.069537 -0.002086 -3.319271 -0.100305 0.323110 -0.007020 
-0.064431 -0.003923 -3.143885 -0.100163 0.322569 -0.008262 
-0.064056 -0.002399 -3.197772 -0.100148 0.322194 -0.007016 
