-0.079448 0.039959 -3.162745 -0.089934 0.368232 -0.006894 
-0.078791 0.039666 -3.142254 -0.090098 0.368320 -0.006875 
-0.076804 0.023769 -3.266576 -0.090684 0.368031 -0.005475 
-0.060287 0.023191 -3.464429 -0.090828 0.368042 -0.003391 
-0.051549 0.019080 -3.640854 -0.091003 0.367911 -0.001716 
-0.049893 0.018726 -3.908603 -0.091151 0.367843 -0.000012 
-0.064608 0.034905 -3.918519 -0.090884 0.368050 -0.000234 
-0.066514 0.035172 -3.794323 -0.090569 0.368045 -0.001419 
-0.067723 0.043900 -3.606999 -0.090518 0.368028 -0.003293 
-0.062721 0.048575 -3.420771 -0.090171 0.367966 -0.004960 
-0.064569 0.057982 -3.162900 -0.089959 0.367849 -0.006775 
-0.064457 0.041720 -3.121748 -0.090236 0.367739 -0.006849 
-0.063451 0.033182 -3.247541 -0.090289 0.367749 -0.005243 
-0.061608 0.024920 -3.425305 -0.090497 0.367665 -0.003036 
-0.052395 0.019298 -3.611890 -0.090682 0.367914 -0.001375 
-0.050236 0.026681 -3.870169 -0.090775 0.368037 0.000552 
-0.057522 0.030627 -3.899963 -0.090750 0.368093 0.000314 
-0.066273 0.034481 -3.784230 -0.090574 0.368233 -0.001413 
-0.061238 0.047781 -3.585711 -0.090328 0.368076 -0.003813 
-0.062495 0.048148 -3.398603 -0.090336 0.368055 -0.005583 
-0.063908 0.057066 -3.149748 -0.090288 0.368031 -0.007727 
-0.057272 0.053541 -3.110100 -0.090150 0.367882 -0.007481 
-0.055634 0.045469 -3.226333 -0.090360 0.367791 -0.005542 
-0.053294 0.044815 -3.424975 -0.090513 0.367902 -0.003137 
-0.051218 0.035733 -3.622992 -0.090725 0.368011 -0.000949 
-0.048650 0.034131 -3.872233 -0.090883 0.368318 0.001410 
-0.055936 0.038078 -3.902026 -0.090858 0.368374 0.001171 
-0.064270 0.042330 -3.775896 -0.090840 0.368414 -0.000543 
-0.066610 0.042984 -3.577254 -0.090687 0.368303 -0.002947 
-0.069103 0.051666 -3.389635 -0.090316 0.368294 -0.005148 
-0.072127 0.053893 -3.149649 -0.090154 0.367800 -0.007834 
-0.065056 0.049879 -3.119016 -0.090180 0.367744 -0.007916 
-0.064917 0.041694 -3.234116 -0.090070 0.367663 -0.006625 
-0.049756 0.033469 -3.442821 -0.089947 0.367491 -0.004448 
-0.047632 0.032748 -3.640623 -0.090101 0.367602 -0.002364 
-0.053069 0.028040 -3.890603 -0.090123 0.367678 0.000208 
-0.059683 0.031430 -3.911981 -0.090102 0.367921 0.000618 
-0.067345 0.035126 -3.777435 -0.090088 0.368147 -0.000448 
-0.076534 0.039989 -3.579918 -0.089909 0.368087 -0.002423 
-0.077045 0.056657 -3.402234 -0.089963 0.368165 -0.004409 
-0.071293 0.044914 -3.172633 -0.090216 0.367987 -0.006786 
-0.071327 0.046066 -3.141143 -0.090370 0.367695 -0.007075 
-0.070752 0.037393 -3.265259 -0.090424 0.367707 -0.006112 
-0.061826 0.024101 -3.462151 -0.090662 0.367764 -0.004353 
-0.059918 0.023313 -3.659115 -0.090816 0.367877 -0.002590 
-0.052004 0.018011 -3.898757 -0.090515 0.368048 -0.000337 
-0.059485 0.021754 -3.909441 -0.090332 0.368200 -0.000242 
-0.068632 0.025073 -3.785836 -0.089838 0.368534 -0.001325 
-0.070252 0.033530 -3.578564 -0.089630 0.368612 -0.003186 
-0.064182 0.038183 -3.391793 -0.089604 0.368543 -0.004848 
-0.073155 0.043114 -3.195116 -0.089425 0.368482 -0.006502 
-0.073445 0.035967 -3.132656 -0.089639 0.368184 -0.006981 
-0.071802 0.027272 -3.256228 -0.090014 0.368187 -0.006013 
-0.062437 0.023499 -3.453440 -0.090346 0.367959 -0.004031 
-0.053652 0.027749 -3.629649 -0.090462 0.367831 -0.002461 
-0.051076 0.035531 -3.877531 -0.090713 0.367854 -0.000521 
-0.051283 0.035070 -3.919114 -0.090554 0.367958 -0.000239 
-0.059790 0.048240 -3.784591 -0.090313 0.367907 -0.001408 
-0.061047 0.048607 -3.597482 -0.090321 0.367887 -0.003178 
-0.055365 0.062110 -3.401480 -0.090073 0.367727 -0.004615 
-0.064306 0.066410 -3.163524 -0.089900 0.367851 -0.006559 
-0.064194 0.050149 -3.122372 -0.090177 0.367741 -0.006632 
-0.062947 0.040919 -3.238071 -0.090235 0.367939 -0.005021 
-0.061690 0.040551 -3.425180 -0.090226 0.367959 -0.003251 
-0.052563 0.027591 -3.610836 -0.090624 0.367918 -0.001800 
-0.050404 0.034974 -3.869116 -0.090717 0.368041 0.000127 
-0.050779 0.042807 -3.909645 -0.090500 0.368148 -0.000016 
-0.059114 0.047060 -3.783514 -0.090482 0.368188 -0.001730 
-0.060997 0.047089 -3.575618 -0.090333 0.368264 -0.003807 
-0.062642 0.056306 -3.379278 -0.090119 0.368154 -0.005353 
-0.057432 0.061441 -3.151467 -0.089932 0.367989 -0.007303 
-0.057057 0.053608 -3.110938 -0.090149 0.367882 -0.007160 
-0.055835 0.045137 -3.237570 -0.090201 0.367891 -0.005233 
-0.052643 0.044394 -3.434830 -0.090676 0.367994 -0.003144 
-0.050782 0.035245 -3.632009 -0.090889 0.368103 -0.001277 
-0.056193 0.029778 -3.871056 -0.090918 0.368368 0.000980 
-0.062828 0.033303 -3.910705 -0.091056 0.368516 0.000734 
-0.064486 0.042263 -3.775057 -0.090840 0.368414 -0.000864 
-0.073938 0.038698 -3.576917 -0.090721 0.368352 -0.003056 
-0.068686 0.052066 -3.379237 -0.090474 0.368194 -0.005135 
-0.070844 0.053939 -3.149944 -0.090475 0.367791 -0.007508 
-0.072194 0.046420 -3.130449 -0.090208 0.367604 -0.007389 
-0.064338 0.033671 -3.255117 -0.090286 0.367563 -0.006213 
-0.055801 0.029229 -3.442779 -0.090302 0.367531 -0.004230 
-0.054745 0.028530 -3.641124 -0.090134 0.367651 -0.002152 
-0.053091 0.018920 -3.879886 -0.090188 0.367864 -0.000002 
-0.060162 0.022934 -3.910518 -0.090162 0.367919 0.000080 
-0.074841 0.039134 -3.776043 -0.090065 0.368200 -0.000982 
-0.083010 0.035614 -3.578199 -0.090266 0.368129 -0.002847 
-0.077442 0.032531 -3.400897 -0.090294 0.367869 -0.004732 
-0.078903 0.033088 -3.152257 -0.090304 0.367841 -0.006771 
-0.078486 0.033487 -3.141859 -0.090462 0.367741 -0.006758 
-0.070382 0.029431 -3.255076 -0.090641 0.367603 -0.005995 
-0.069125 0.029064 -3.442184 -0.090632 0.367624 -0.004225 
-0.060979 0.023463 -3.629312 -0.090496 0.367881 -0.002569 
-0.058868 0.022485 -3.887806 -0.090649 0.368000 -0.000538 
-0.058787 0.029694 -3.919081 -0.090436 0.368295 -0.000353 
-0.067934 0.033013 -3.795476 -0.089942 0.368629 -0.001437 
-0.076255 0.037522 -3.608654 -0.089926 0.368660 -0.003099 
-0.071037 0.042265 -3.423264 -0.089578 0.368598 -0.004444 
-0.078494 0.046943 -3.174368 -0.089884 0.368613 -0.006370 
-0.078335 0.039042 -3.133000 -0.090103 0.368507 -0.006548 
-0.069886 0.027784 -3.246965 -0.090492 0.368078 -0.005353 
-0.060913 0.022853 -3.443643 -0.090671 0.368139 -0.003698 
-0.059649 0.031870 -3.629393 -0.090758 0.367875 -0.002348 
-0.057800 0.022463 -3.887263 -0.090970 0.367992 -0.000532 
-0.064823 0.034838 -3.917681 -0.090885 0.368051 -0.000555 
-0.074010 0.039180 -3.792932 -0.090545 0.368098 -0.001953 
-0.068543 0.052615 -3.596091 -0.090298 0.367940 -0.003712 
-0.070437 0.053139 -3.411202 -0.089983 0.367926 -0.004845 
-0.071682 0.053763 -3.163402 -0.089993 0.367897 -0.006563 
-0.064395 0.049817 -3.133608 -0.090018 0.367841 -0.006324 
-0.063671 0.033738 -3.239363 -0.090124 0.367655 -0.004594 
-0.053783 0.036814 -3.446520 -0.090407 0.367811 -0.002730 
-0.059002 0.032072 -3.631909 -0.090755 0.367873 -0.001385 
-0.043364 0.031590 -3.879761 -0.090736 0.367801 0.000334 
-0.050866 0.035470 -3.908716 -0.090712 0.367858 -0.000226 
-0.066528 0.035437 -3.782248 -0.090729 0.367946 -0.002048 
-0.061453 0.047713 -3.584873 -0.090329 0.368077 -0.004134 
-0.063361 0.048502 -3.387909 -0.090174 0.367964 -0.005897 
-0.057648 0.061374 -3.150629 -0.089932 0.367990 -0.007623 
-0.050146 0.057495 -3.121674 -0.089957 0.367932 -0.007064 
-0.049622 0.041084 -3.238666 -0.089904 0.367846 -0.005026 
-0.053959 0.035723 -3.446825 -0.090255 0.368098 -0.002737 
-0.051419 0.035402 -3.634229 -0.090567 0.368110 -0.000641 
-0.050134 0.033754 -3.883174 -0.090403 0.368426 0.001392 
-0.049241 0.041897 -3.911923 -0.090666 0.368426 0.000946 
-0.057838 0.037721 -3.785169 -0.090707 0.368463 -0.000984 
-0.074933 0.046322 -3.566313 -0.090348 0.368552 -0.003480 
-0.061756 0.055065 -3.409386 -0.090287 0.368438 -0.005380 
-0.064171 0.048638 -3.149124 -0.090348 0.368028 -0.007943 
-0.057952 0.044713 -3.119874 -0.090051 0.367980 -0.007710 
-0.056722 0.045626 -3.245147 -0.090198 0.367705 -0.006202 
-0.054880 0.037365 -3.422912 -0.090406 0.367621 -0.003995 
-0.054282 0.028034 -3.601524 -0.090140 0.367834 -0.001798 
-0.051955 0.027124 -3.860857 -0.090291 0.367953 0.000554 
-0.058576 0.030385 -3.912581 -0.090270 0.368200 0.000938 
-0.067111 0.034306 -3.797688 -0.090093 0.368339 -0.000468 
-0.068536 0.042966 -3.609525 -0.090043 0.368322 -0.002663 
-0.069833 0.044357 -3.421272 -0.090205 0.368015 -0.004748 
-0.071556 0.036486 -3.172009 -0.090275 0.367984 -0.007003 
-0.064888 0.041586 -3.120070 -0.090238 0.367740 -0.007491 
-0.071619 0.037747 -3.254565 -0.090261 0.367615 -0.006425 
-0.063128 0.024943 -3.442441 -0.090336 0.367580 -0.004338 
-0.054544 0.028862 -3.629888 -0.090293 0.367552 -0.002460 
-0.059303 0.022974 -3.878790 -0.090485 0.367908 -0.000210 
-0.052599 0.026400 -3.931109 -0.090133 0.368062 0.000169 
-0.067959 0.033772 -3.806408 -0.089936 0.368440 -0.001122 
-0.076907 0.037944 -3.598799 -0.089763 0.368568 -0.003091 
-0.078580 0.037912 -3.422088 -0.089613 0.368648 -0.004874 
-0.079865 0.039560 -3.173143 -0.089776 0.368332 -0.006906 
-0.079006 0.039599 -3.141415 -0.090099 0.368320 -0.007196 
-0.063231 0.032626 -3.255718 -0.090453 0.367842 -0.005893 
-0.061370 0.023477 -3.452897 -0.090667 0.367951 -0.004025 
-0.067264 0.019915 -3.639363 -0.090845 0.367733 -0.002358 
-0.051411 0.019501 -3.888054 -0.090826 0.367660 -0.000319 
-0.058395 0.030852 -3.919615 -0.090588 0.368006 -0.000026 
-0.067582 0.035194 -3.794866 -0.090248 0.368053 -0.001424 
-0.070094 0.044764 -3.587832 -0.089872 0.367852 -0.003284 
-0.071787 0.045620 -3.391708 -0.089716 0.367739 -0.004726 
-0.072596 0.045756 -3.152923 -0.089890 0.367803 -0.006772 
-0.065309 0.041810 -3.123130 -0.089915 0.367746 -0.006533 
-0.057238 0.029129 -3.248636 -0.089992 0.367705 -0.005036 
-0.055154 0.029431 -3.445295 -0.090299 0.367529 -0.003267 
-0.060157 0.024756 -3.631523 -0.090647 0.367590 -0.001600 
-0.050739 0.018944 -3.879639 -0.090829 0.367847 0.000330 
-0.050410 0.034845 -3.899462 -0.090717 0.368045 0.000101 
-0.058504 0.038407 -3.763238 -0.090704 0.368272 -0.001607 
-0.067821 0.050540 -3.565812 -0.090314 0.368503 -0.003693 
-0.069923 0.060381 -3.378726 -0.090095 0.368206 -0.005566 
-0.063451 0.056442 -3.140494 -0.090293 0.368218 -0.007399 
-0.063277 0.048277 -3.111202 -0.090351 0.368210 -0.006948 
-0.054244 0.051964 -3.246972 -0.090473 0.368266 -0.005346 
-0.051751 0.043282 -3.434592 -0.090844 0.368274 -0.003145 
-0.050326 0.034621 -3.622754 -0.090894 0.368291 -0.000950 
-0.048214 0.033643 -3.881249 -0.091046 0.368410 0.001082 
-0.055500 0.037589 -3.911042 -0.091021 0.368467 0.000843 
-0.064036 0.041510 -3.796149 -0.090844 0.368606 -0.000562 
-0.066328 0.050524 -3.597292 -0.090633 0.368498 -0.003071 
-0.061580 0.056155 -3.409081 -0.090440 0.368150 -0.005374 
-0.064565 0.057359 -3.170239 -0.090124 0.367943 -0.007745 
-0.058145 0.053766 -3.129752 -0.089987 0.367795 -0.007820 
-0.057589 0.045980 -3.234453 -0.090036 0.367614 -0.006516 
-0.048836 0.041605 -3.422953 -0.090051 0.367581 -0.004212 
-0.053824 0.036666 -3.621257 -0.090238 0.367741 -0.001916 
-0.058825 0.031469 -3.880253 -0.090425 0.367909 0.000328 
-0.058663 0.023047 -3.911653 -0.090482 0.367910 0.000727 
-0.066935 0.035396 -3.797383 -0.090246 0.368051 -0.000461 
-0.075271 0.040171 -3.598484 -0.090389 0.367983 -0.002753 
-0.083420 0.035764 -3.420054 -0.090595 0.368105 -0.004959 
-0.085988 0.037366 -3.170814 -0.090438 0.367798 -0.007318 
-0.071389 0.037970 -3.129283 -0.090588 0.367594 -0.007600 
-0.063533 0.025221 -3.253951 -0.090666 0.367553 -0.006424 
-0.062060 0.024921 -3.441898 -0.090657 0.367572 -0.004333 
-0.068332 0.019937 -3.639906 -0.090524 0.367741 -0.002363 
-0.051372 0.018477 -3.889198 -0.090672 0.367947 -0.000004 
-0.059759 0.013821 -3.931825 -0.090225 0.368107 0.000486 
-0.060726 0.021336 -3.807176 -0.090019 0.368385 -0.000805 
-0.068975 0.033447 -3.609206 -0.089950 0.368608 -0.002886 
-0.077948 0.038378 -3.412529 -0.089770 0.368547 -0.004540 
-0.079624 0.038868 -3.163050 -0.089782 0.368520 -0.006900 
-0.072593 0.035877 -3.131274 -0.089961 0.368177 -0.007297 
-0.056342 0.027393 -3.255737 -0.090326 0.368078 -0.006007 
-0.055373 0.019356 -3.453154 -0.090371 0.367908 -0.004139 
-0.053504 0.019591 -3.648974 -0.090679 0.367733 -0.002691 
-0.051587 0.018410 -3.888359 -0.090673 0.367948 -0.000325 
-0.052398 0.026731 -3.919872 -0.090292 0.367963 -0.000140 
-0.060254 0.039480 -3.795204 -0.090213 0.368004 -0.001316 
-0.054594 0.043862 -3.588485 -0.090030 0.368030 -0.002964 
-0.063304 0.057221 -3.392431 -0.089791 0.367972 -0.004402 
-0.065052 0.050109 -3.154099 -0.089854 0.367753 -0.006343 
-0.064442 0.041456 -3.133823 -0.090077 0.367838 -0.006219 
-0.055907 0.037535 -3.248717 -0.090254 0.367699 -0.004814 
-0.061615 0.024792 -3.455651 -0.090496 0.367669 -0.003062 
-0.052440 0.020193 -3.641092 -0.090835 0.367631 -0.001715 
-0.058020 0.023019 -3.879086 -0.090805 0.367899 0.000117 
-0.058194 0.031184 -3.908378 -0.090746 0.367907 -0.000335 
-0.060028 0.039053 -3.773035 -0.090378 0.368093 -0.001939 
-0.061911 0.039082 -3.565140 -0.090230 0.368169 -0.004016 
-0.063562 0.048170 -3.399146 -0.090015 0.368064 -0.005589 
-0.065177 0.056756 -3.161528 -0.089808 0.368138 -0.007423 
-0.057884 0.052938 -3.101388 -0.089834 0.368078 -0.007159 
-0.056508 0.036438 -3.216998 -0.090103 0.367984 -0.005436 
-0.053968 0.036116 -3.404403 -0.090415 0.367996 -0.003340 
-0.059219 0.022749 -3.602083 -0.090662 0.368153 -0.001260 
-0.057107 0.021771 -3.860578 -0.090814 0.368273 0.000771 
-0.056703 0.021913 -3.910872 -0.090971 0.368181 0.000732 
-0.064774 0.034594 -3.785365 -0.090894 0.368223 -0.000765 
-0.060026 0.040224 -3.597154 -0.090701 0.367875 -0.003068 
-0.062567 0.040546 -3.409749 -0.090389 0.367864 -0.005164 
-0.072200 0.046291 -3.160795 -0.090207 0.367608 -0.007415 
-0.065492 0.050368 -3.110000 -0.090016 0.367652 -0.007588 
-0.057421 0.037687 -3.235507 -0.090094 0.367610 -0.006091 
-0.048668 0.033312 -3.424007 -0.090109 0.367577 -0.003787 
-0.047875 0.024184 -3.621729 -0.090001 0.367695 -0.001925 
-0.052875 0.018988 -3.880725 -0.090187 0.367863 0.000319 
-0.059906 0.021978 -3.912501 -0.090008 0.368206 0.000716 
-0.060046 0.030163 -3.797401 -0.090118 0.368287 -0.000576 
-0.061471 0.038824 -3.609239 -0.090068 0.368271 -0.002771 
-0.063595 0.039545 -3.411436 -0.089915 0.368159 -0.004855 
-0.064861 0.040305 -3.181906 -0.090083 0.368036 -0.007228 
-0.064654 0.040765 -3.140323 -0.090243 0.367932 -0.007510 
-0.056751 0.036378 -3.264776 -0.090262 0.367894 -0.006439 
-0.055278 0.036078 -3.452724 -0.090253 0.367914 -0.004348 
-0.053417 0.026929 -3.649902 -0.090466 0.368023 -0.002481 
-0.051500 0.025747 -3.889288 -0.090461 0.368238 -0.000115 
-0.051251 0.024663 -3.921616 -0.090306 0.368529 0.000495 
-0.059107 0.037411 -3.796948 -0.090227 0.368570 -0.000681 
-0.060774 0.037508 -3.589891 -0.090078 0.368646 -0.002438 
-0.069600 0.034281 -3.412538 -0.090116 0.368487 -0.004322 
-0.071517 0.035463 -3.173153 -0.090122 0.368271 -0.006688 
-0.071550 0.036615 -3.141663 -0.090276 0.367980 -0.006977 
-0.063882 0.033047 -3.245863 -0.090290 0.367750 -0.005885 
-0.062477 0.024522 -3.452296 -0.090499 0.367672 -0.004345 
-0.061436 0.024088 -3.638566 -0.090491 0.367693 -0.002897 
-0.060023 0.015170 -3.887421 -0.090540 0.367718 -0.000753 
-0.060370 0.032251 -3.908320 -0.090258 0.367636 -0.000660 
-0.061859 0.032917 -3.773726 -0.090101 0.367530 -0.001833 
-0.062557 0.048989 -3.619355 -0.089836 0.367806 -0.002881 
-0.071370 0.046019 -3.381310 -0.089875 0.367639 -0.004713 
-0.073272 0.046936 -3.154000 -0.089721 0.367522 -0.006450 
-0.072030 0.038750 -3.124165 -0.090100 0.367506 -0.005993 
-0.070534 0.038212 -3.228413 -0.090258 0.367608 -0.004795 
-0.061144 0.033680 -3.414692 -0.090596 0.367568 -0.003128 
-0.059082 0.024863 -3.600634 -0.090968 0.367578 -0.001569 
-0.057186 0.023817 -3.858290 -0.091121 0.367699 0.000142 
-0.057414 0.023493 -3.918143 -0.091121 0.367708 -0.000231 
-0.066729 0.035105 -3.793484 -0.090570 0.368046 -0.001740 
-0.068766 0.043163 -3.596611 -0.090204 0.368224 -0.003613 
-0.069976 0.051891 -3.409287 -0.090153 0.368207 -0.005488 
-0.064573 0.047974 -3.171598 -0.090030 0.368227 -0.007326 
-0.064345 0.048299 -3.111745 -0.090030 0.368218 -0.006953 
-0.056274 0.035618 -3.237251 -0.090108 0.368176 -0.005456 
-0.061262 0.030679 -3.435555 -0.090295 0.368336 -0.003160 
-0.059354 0.029890 -3.632519 -0.090450 0.368449 -0.001397 
-0.056825 0.029311 -3.880616 -0.090760 0.368468 0.000647 
-0.057025 0.038235 -3.920840 -0.090696 0.368288 0.000510 
-0.065406 0.034127 -3.794924 -0.090736 0.368324 -0.001099 
-0.060108 0.055855 -3.597029 -0.090431 0.368170 -0.003283 
-0.061580 0.056155 -3.409081 -0.090440 0.368150 -0.005374 
-0.071260 0.053539 -3.160342 -0.090316 0.367891 -0.007520 
-0.070838 0.054067 -3.119598 -0.090475 0.367787 -0.007482 
-0.063155 0.050236 -3.235874 -0.090330 0.367656 -0.005761 
-0.053750 0.045439 -3.434229 -0.090508 0.367715 -0.003464 
-0.052541 0.036711 -3.621553 -0.090559 0.367732 -0.001590 
-0.057301 0.030823 -3.870456 -0.090750 0.368089 0.000660 
-0.064835 0.026077 -3.911701 -0.090625 0.368241 0.000835 
-0.074237 0.030352 -3.786113 -0.090286 0.368289 -0.000885 
-0.068598 0.034870 -3.597664 -0.090262 0.368220 -0.003188 
-0.077739 0.048094 -3.399933 -0.090024 0.368164 -0.005268 
-0.072544 0.053494 -3.160046 -0.089996 0.367900 -0.007846 
-0.072384 0.045593 -3.118679 -0.090214 0.367793 -0.008024 
-0.064266 0.041273 -3.243971 -0.090233 0.367755 -0.006632 
-0.056170 0.037191 -3.452962 -0.090085 0.367634 -0.004347 
-0.054068 0.027350 -3.640047 -0.090303 0.367931 -0.002473 
-0.059216 0.030311 -3.879719 -0.090273 0.368198 0.000001 
-0.066072 0.034392 -3.911190 -0.090246 0.368253 0.000404 
-0.066910 0.034637 -3.786451 -0.090252 0.368239 -0.000776 
-0.068530 0.043095 -3.579179 -0.090044 0.368318 -0.002637 
-0.070204 0.043063 -3.402468 -0.089894 0.368398 -0.004419 
-0.071704 0.044644 -3.152685 -0.090058 0.368083 -0.006773 
-0.072201 0.037036 -3.131808 -0.090113 0.367888 -0.006970 
-0.063929 0.024686 -3.246078 -0.090349 0.367747 -0.005781 
-0.062888 0.024252 -3.432348 -0.090342 0.367768 -0.004332 
-0.054102 0.028502 -3.608558 -0.090458 0.367640 -0.002762 
-0.045778 0.023470 -3.868148 -0.090313 0.367716 -0.000523 
-0.046226 0.023702 -3.919824 -0.090148 0.367631 -0.000247 
-0.061825 0.031765 -3.805216 -0.089946 0.367822 -0.001544 
-0.063694 0.031530 -3.609396 -0.089638 0.367996 -0.002992 
-0.064641 0.048686 -3.422696 -0.089529 0.367982 -0.004650 
-0.066101 0.049244 -3.174056 -0.089539 0.367954 -0.006689 
-0.072813 0.036433 -3.123097 -0.089796 0.368083 -0.006648 
-0.063210 0.032490 -3.237448 -0.090294 0.367937 -0.005237 
-0.054525 0.019890 -3.444433 -0.090527 0.367806 -0.003484 
-0.052200 0.019501 -3.630999 -0.090840 0.367819 -0.001709 
-0.050082 0.018651 -3.859148 -0.090993 0.367934 0.000348 
-0.050047 0.026755 -3.919625 -0.090933 0.367946 0.000192 
-0.058341 0.029984 -3.794638 -0.090761 0.368272 -0.001207 
-0.061223 0.047516 -3.597787 -0.090168 0.368174 -0.003184 
-0.062480 0.047884 -3.410678 -0.090177 0.368154 -0.004954 
-0.063940 0.048441 -3.162039 -0.090187 0.368126 -0.006993 
-0.064345 0.048299 -3.111745 -0.090030 0.368218 -0.006953 
-0.063554 0.039693 -3.236699 -0.090084 0.368228 -0.005669 
-0.061478 0.030611 -3.434716 -0.090296 0.368337 -0.003481 
-0.059851 0.022282 -3.611642 -0.090505 0.368254 -0.001594 
-0.057323 0.021703 -3.859739 -0.090815 0.368274 0.000450 
-0.064400 0.025589 -3.920717 -0.090789 0.368334 0.000506 
-0.073410 0.031021 -3.795663 -0.090602 0.368093 -0.000885 
-0.068422 0.035961 -3.597359 -0.090414 0.367933 -0.003182 
-0.069632 0.044689 -3.410036 -0.090364 0.367915 -0.005056 
-0.072200 0.046291 -3.160795 -0.090207 0.367608 -0.007415 
-0.073060 0.046773 -3.119756 -0.090045 0.367513 -0.007703 
-0.064961 0.043341 -3.225633 -0.090059 0.367281 -0.005969 
-0.063536 0.034680 -3.413796 -0.090108 0.367298 -0.003774 
-0.061459 0.025598 -3.611813 -0.090321 0.367407 -0.001586 
-0.058891 0.023996 -3.861054 -0.090478 0.367714 0.000773 
-0.072839 0.022971 -3.912440 -0.090491 0.368010 0.001048 
-0.073611 0.030690 -3.806900 -0.090443 0.368192 -0.000577 
-0.075688 0.039771 -3.608882 -0.090230 0.368083 -0.002765 
-0.077161 0.040071 -3.420935 -0.090240 0.368064 -0.004856 
-0.071987 0.036351 -3.170331 -0.090277 0.367986 -0.007645 
-0.065367 0.033090 -3.118608 -0.090298 0.367739 -0.008028 
-0.064529 0.032845 -3.243347 -0.090293 0.367752 -0.006848 
-0.063520 0.023785 -3.441907 -0.090184 0.367869 -0.004665 
-0.046763 0.022516 -3.629668 -0.090334 0.368068 -0.002575 
-0.052112 0.025145 -3.880576 -0.090144 0.368434 0.000207 
-0.058967 0.029226 -3.912047 -0.090118 0.368489 0.000610 
-0.066219 0.033193 -3.797449 -0.090261 0.368619 -0.000469 
-0.067235 0.032869 -3.600248 -0.090275 0.368786 -0.002232 
-0.068686 0.042288 -3.423017 -0.090219 0.368581 -0.004113 
-0.069534 0.043448 -3.183089 -0.090546 0.368358 -0.006474 
-0.070241 0.035901 -3.131027 -0.090602 0.368160 -0.006965 
-0.068786 0.036387 -3.234131 -0.090914 0.367974 -0.006081 
-0.060967 0.024141 -3.430423 -0.090984 0.367753 -0.004642 
-0.059710 0.023773 -3.617532 -0.090976 0.367773 -0.002872 
-0.050970 0.019141 -3.866724 -0.090990 0.367749 -0.000621 
-0.058899 0.023116 -3.929084 -0.090642 0.367816 -0.000249 
-0.067212 0.027232 -3.784683 -0.090465 0.367950 -0.001307 
-0.069926 0.036471 -3.588886 -0.089930 0.367848 -0.002859 
-0.064272 0.040725 -3.412513 -0.089745 0.367878 -0.004533 
-0.073037 0.046116 -3.174253 -0.089725 0.367714 -0.006470 
-0.073288 0.037945 -3.112937 -0.089786 0.367704 -0.006634 
-0.063948 0.025574 -3.226664 -0.090344 0.367554 -0.005440 
-0.061892 0.016628 -3.442952 -0.090715 0.367568 -0.003907 
-0.059520 0.024600 -3.629303 -0.090969 0.367584 -0.002237 
-0.050578 0.020299 -3.867258 -0.091142 0.367460 -0.000294 
-0.057367 0.031854 -3.917928 -0.091062 0.367711 -0.000336 
-0.066050 0.043932 -3.783710 -0.090668 0.367948 -0.001511 
-0.067259 0.052660 -3.596386 -0.090618 0.367931 -0.003385 
-0.069128 0.052425 -3.400566 -0.090310 0.368106 -0.004833 
-0.071030 0.053342 -3.173257 -0.090156 0.367989 -0.006570 
-0.070630 0.044750 -3.121796 -0.090380 0.368070 -0.006742 
-0.068919 0.044280 -3.226883 -0.090537 0.368171 -0.005222 
-0.067105 0.026770 -3.424277 -0.090809 0.368277 -0.003250 
-0.058736 0.030621 -3.610884 -0.090767 0.368249 -0.001693 
-0.049607 0.017140 -3.869308 -0.091003 0.368314 0.000335 
-0.064615 0.025521 -3.919878 -0.090790 0.368335 0.000185 
-0.072950 0.029774 -3.793748 -0.090772 0.368374 -0.001528 
-0.067939 0.043833 -3.606161 -0.090519 0.368028 -0.003614 
-0.062936 0.048508 -3.419932 -0.090172 0.367967 -0.005281 
-0.072616 0.045892 -3.171193 -0.090049 0.367708 -0.007427 
-0.065780 0.042698 -3.120308 -0.090070 0.367461 -0.007490 
-0.064558 0.034227 -3.246940 -0.090121 0.367470 -0.005563 
-0.055805 0.029852 -3.435440 -0.090137 0.367437 -0.003260 
-0.053656 0.028372 -3.622311 -0.090296 0.367737 -0.001491 
-0.050959 0.019500 -3.871461 -0.090665 0.367753 0.000979 
-0.058447 0.023115 -3.912491 -0.090481 0.367909 0.001048 
-0.066130 0.026946 -3.796216 -0.090626 0.368040 -0.000673 
-0.068254 0.027667 -3.598413 -0.090472 0.367929 -0.002756 
-0.069438 0.035636 -3.400158 -0.090428 0.368100 -0.004945 
-0.072200 0.046291 -3.160795 -0.090207 0.367608 -0.007415 
-0.065802 0.033578 -3.109591 -0.090135 0.367646 -0.007700 
-0.065012 0.024973 -3.234546 -0.090188 0.367657 -0.006416 
-0.057084 0.029183 -3.442483 -0.089981 0.367540 -0.004556 
-0.047655 0.023628 -3.629906 -0.090166 0.367788 -0.002574 
-0.052850 0.018229 -3.869793 -0.090194 0.368051 0.000004 
-0.053057 0.017768 -3.911376 -0.090034 0.368155 0.000287 
-0.060913 0.030517 -3.786708 -0.089956 0.368196 -0.000890 
-0.068994 0.034335 -3.589792 -0.089945 0.368415 -0.002545 
-0.070251 0.034702 -3.402683 -0.089953 0.368395 -0.004315 
-0.063772 0.040147 -3.163092 -0.090245 0.368122 -0.006567 
-0.070893 0.036322 -3.121172 -0.090439 0.368068 -0.006958 
-0.063231 0.032626 -3.255718 -0.090453 0.367842 -0.005893 
-0.054305 0.019334 -3.452611 -0.090692 0.367900 -0.004134 
-0.053000 0.027328 -3.639504 -0.090624 0.367923 -0.002468 
-0.051540 0.026771 -3.888144 -0.090614 0.367951 -0.000429 
-0.052110 0.034401 -3.909564 -0.090238 0.368154 -0.000238 
-0.060471 0.030157 -3.765378 -0.090120 0.368285 -0.001192 
-0.062486 0.047335 -3.579221 -0.089689 0.368278 -0.002855 
-0.063533 0.047641 -3.423297 -0.089696 0.368261 -0.004330 
-0.065228 0.049019 -3.154404 -0.089702 0.368041 -0.006349 
-0.065068 0.041118 -3.113036 -0.089920 0.367934 -0.006527 
-0.056098 0.036709 -3.236946 -0.090261 0.367888 -0.005450 
-0.054734 0.019952 -3.413248 -0.090529 0.367803 -0.003779 
-0.053042 0.019096 -3.609373 -0.090684 0.367916 -0.002338 
-0.043818 0.022336 -3.867367 -0.090803 0.367988 -0.000519 
-0.044218 0.030928 -3.918828 -0.090579 0.367906 -0.000347 
-0.059625 0.029939 -3.794342 -0.090441 0.368281 -0.001533 
-0.061486 0.039088 -3.597163 -0.090228 0.368172 -0.003400 
-0.062916 0.048372 -3.401662 -0.090013 0.368061 -0.004626 
-0.064577 0.048598 -3.164259 -0.089865 0.368133 -0.006356 
-0.057089 0.044983 -3.123229 -0.090048 0.367977 -0.006426 
-0.062994 0.032558 -3.238286 -0.090294 0.367936 -0.004916 
-0.060669 0.032169 -3.424852 -0.090606 0.367948 -0.003141 
-0.059024 0.022952 -3.621192 -0.090820 0.368058 -0.001595 
-0.056711 0.022306 -3.868450 -0.091132 0.368079 0.000128 
-0.064702 0.018184 -3.918949 -0.091002 0.368044 -0.000025 
-0.074057 0.030819 -3.793147 -0.090604 0.368095 -0.001848 
-0.068806 0.044187 -3.595467 -0.090357 0.367937 -0.003928 
-0.064502 0.040922 -3.399599 -0.089906 0.367781 -0.005483 
-0.065940 0.050599 -3.161676 -0.089851 0.367567 -0.007312 
-0.066632 0.042788 -3.121690 -0.089748 0.367468 -0.007174 
-0.072691 0.038392 -3.247769 -0.089775 0.367529 -0.005461 
-0.063549 0.025167 -3.445501 -0.090013 0.367586 -0.003381 
-0.054313 0.028665 -3.642802 -0.090133 0.367649 -0.001510 
-0.052660 0.019055 -3.881563 -0.090187 0.367862 0.000640 
-0.051316 0.026445 -3.931404 -0.090453 0.368053 0.000495 
-0.059650 0.030698 -3.805274 -0.090435 0.368093 -0.001219 
-0.076119 0.039637 -3.607205 -0.090232 0.368085 -0.003407 
-0.077329 0.048365 -3.419881 -0.090182 0.368068 -0.005281 
-0.071965 0.045471 -3.181048 -0.090212 0.367800 -0.007435 
-0.064888 0.041586 -3.120070 -0.090238 0.367740 -0.007491 
-0.063834 0.041408 -3.245648 -0.090232 0.367753 -0.005990 
-0.061973 0.032259 -3.442827 -0.090445 0.367863 -0.004123 
-0.060724 0.022507 -3.631294 -0.090342 0.368167 -0.001934 
-0.059048 0.022018 -3.880773 -0.090331 0.368194 0.000426 
-0.050787 0.033423 -3.911003 -0.090405 0.368432 0.000403 
-0.066434 0.033125 -3.796611 -0.090262 0.368619 -0.000790 
-0.075128 0.046119 -3.547204 -0.090189 0.368647 -0.003146 
-0.076632 0.047049 -3.400534 -0.090192 0.368443 -0.004948 
-0.071268 0.044155 -3.161701 -0.090222 0.368175 -0.007101 
-0.064021 0.041232 -3.130764 -0.090400 0.367832 -0.007177 
-0.055702 0.037244 -3.244819 -0.090578 0.367694 -0.006093 
-0.054291 0.028847 -3.420906 -0.090787 0.367612 -0.004527 
-0.060146 0.024262 -3.608516 -0.090812 0.367680 -0.002544 
-0.051358 0.027990 -3.857493 -0.090767 0.367659 -0.000397 
-0.051308 0.035829 -3.930046 -0.090548 0.367769 0.000076 
-0.060086 0.031186 -3.796258 -0.090271 0.368000 -0.000891 
-0.068360 0.044057 -3.609220 -0.090196 0.368034 -0.002657 
-0.070268 0.044845 -3.412256 -0.090041 0.367922 -0.004419 
-0.078794 0.049545 -3.163903 -0.090027 0.367946 -0.006350 
-0.071569 0.037502 -3.122249 -0.090270 0.367787 -0.006636 
-0.063249 0.033514 -3.236304 -0.090448 0.367649 -0.005552 
-0.054752 0.030095 -3.422822 -0.090617 0.367330 -0.003884 
-0.060387 0.024953 -3.618609 -0.090807 0.367493 -0.002551 
-0.052037 0.019163 -3.867267 -0.090669 0.367757 -0.000626 
-0.044876 0.031220 -3.939319 -0.090415 0.367818 -0.000366 
-0.053821 0.034871 -3.804477 -0.090081 0.368053 -0.001758 
-0.062769 0.039043 -3.596867 -0.089908 0.368181 -0.003727 
-0.064616 0.047927 -3.411764 -0.089535 0.368170 -0.004965 
-0.065209 0.048131 -3.173818 -0.089707 0.368234 -0.006690 
-0.064834 0.040298 -3.133289 -0.089925 0.368126 -0.006547 
-0.063170 0.031467 -3.238591 -0.090141 0.368224 -0.004922 
-0.061287 0.031438 -3.446487 -0.090289 0.368148 -0.002845 
-0.059178 0.030981 -3.632214 -0.090603 0.368161 -0.001391 
-0.049584 0.026260 -3.880024 -0.090938 0.368129 0.000545 
-0.057288 0.029807 -3.920216 -0.090755 0.368285 0.000294 
-0.065574 0.042420 -3.793870 -0.090678 0.368328 -0.001524 
-0.060634 0.038999 -3.595781 -0.090550 0.368165 -0.003716 
-0.063562 0.048170 -3.399146 -0.090015 0.368064 -0.005589 
-0.065921 0.049711 -3.181090 -0.089857 0.367760 -0.007652 
-0.058581 0.054254 -3.120736 -0.089824 0.367702 -0.007492 
-0.058032 0.037084 -3.226796 -0.089777 0.367805 -0.005769 
-0.056149 0.037055 -3.434691 -0.089926 0.367729 -0.003691 
-0.054336 0.019545 -3.632085 -0.090198 0.367835 -0.001720 
-0.059067 0.022905 -3.861359 -0.090325 0.368002 0.000767 
-0.059079 0.022648 -3.922051 -0.090324 0.368010 0.000715 
-0.067150 0.035329 -3.796544 -0.090246 0.368052 -0.000782 
-0.075904 0.039704 -3.608044 -0.090231 0.368084 -0.003086 
-0.069584 0.053050 -3.409821 -0.090305 0.367918 -0.005160 
-0.065088 0.050510 -3.160294 -0.090173 0.367560 -0.007627 
-0.058011 0.046624 -3.099316 -0.090199 0.367500 -0.007684 
-0.064285 0.042161 -3.224556 -0.090228 0.367562 -0.006291 
-0.062208 0.033079 -3.422574 -0.090440 0.367671 -0.004103 
-0.060735 0.032779 -3.610522 -0.090431 0.367690 -0.002012 
-0.051304 0.026702 -3.870712 -0.090454 0.368045 0.000547 
-0.057508 0.030363 -3.912038 -0.090591 0.368192 0.000943 
-0.066694 0.034705 -3.787290 -0.090251 0.368239 -0.000455 
-0.075232 0.039147 -3.599628 -0.090235 0.368271 -0.002438 
-0.069592 0.043665 -3.411179 -0.090210 0.368202 -0.004741 
-0.078574 0.048989 -3.172080 -0.090191 0.368039 -0.006999 
-0.064600 0.049255 -3.109762 -0.090185 0.367931 -0.007589 
-0.056521 0.045958 -3.233910 -0.090357 0.367606 -0.006511 
-0.055312 0.037230 -3.421234 -0.090407 0.367623 -0.004637 
-0.054519 0.028103 -3.618956 -0.090299 0.367740 -0.002775 
-0.052795 0.035974 -3.868219 -0.090229 0.367770 -0.000519 
-0.052423 0.027490 -3.930804 -0.090285 0.367774 0.000175 
-0.060239 0.039215 -3.807279 -0.090054 0.368102 -0.000687 
-0.061496 0.039583 -3.620171 -0.090062 0.368082 -0.002456 
-0.069402 0.044492 -3.422950 -0.090204 0.368013 -0.004106 
-0.070862 0.045049 -3.174310 -0.090214 0.367985 -0.006144 
-0.063590 0.041367 -3.132441 -0.090399 0.367830 -0.006535 
-0.055318 0.029018 -3.246712 -0.090635 0.367689 -0.005346 
-0.054324 0.020222 -3.433197 -0.090686 0.367707 -0.003793 
-0.060803 0.024554 -3.629007 -0.090649 0.367593 -0.002563 
-0.058714 0.014456 -3.876785 -0.090866 0.367898 -0.000742 
-0.058874 0.022357 -3.918152 -0.090648 0.368005 -0.000564 
-0.060732 0.030984 -3.793741 -0.090274 0.368002 -0.001853 
-0.063010 0.039734 -3.606960 -0.089902 0.367993 -0.003733 
-0.071527 0.044041 -3.401029 -0.089727 0.368119 -0.005060 
-0.073382 0.053319 -3.173504 -0.089515 0.368006 -0.006901 
-0.065525 0.041742 -3.122291 -0.089915 0.367747 -0.006854 
-0.063188 0.041610 -3.248165 -0.090229 0.367751 -0.005027 
-0.054262 0.028319 -3.445057 -0.090468 0.367809 -0.003268 
-0.052200 0.019501 -3.630999 -0.090840 0.367819 -0.001709 
-0.057369 0.022598 -3.888941 -0.090968 0.367991 0.000110 
-0.057327 0.030830 -3.919072 -0.090909 0.367998 -0.000021 
-0.066313 0.035504 -3.783086 -0.090728 0.367946 -0.001727 
-0.068543 0.052615 -3.596091 -0.090298 0.367940 -0.003712 
-0.070451 0.053403 -3.399127 -0.090143 0.367827 -0.005474 
-0.072569 0.054253 -3.170978 -0.089990 0.367711 -0.007532 
-0.072845 0.046841 -3.120594 -0.090045 0.367512 -0.007382 
-0.064558 0.034227 -3.246940 -0.090121 0.367470 -0.005563 
-0.055106 0.037792 -3.445080 -0.090241 0.367532 -0.003371 
-0.061224 0.024778 -3.632066 -0.090326 0.367599 -0.001606 
-0.058872 0.023108 -3.880468 -0.090483 0.367906 0.000432 
-0.065532 0.027393 -3.931048 -0.090615 0.367866 0.000501 
-0.066955 0.035532 -3.815653 -0.090405 0.367956 -0.001117 
-0.076097 0.048756 -3.617922 -0.090167 0.367899 -0.003197 
-0.077153 0.049456 -3.419576 -0.090334 0.367780 -0.005275 
-0.071742 0.054923 -3.180528 -0.090306 0.367515 -0.007533 
-0.072885 0.047864 -3.119451 -0.090198 0.367225 -0.007696 
-0.071414 0.048086 -3.234631 -0.090350 0.367138 -0.006183 
-0.055362 0.038748 -3.443098 -0.090395 0.367246 -0.004007 
-0.053648 0.037757 -3.620952 -0.090391 0.367453 -0.001910 
-0.051972 0.037267 -3.870431 -0.090380 0.367480 0.000450 
-0.058593 0.040528 -3.922154 -0.090358 0.367727 0.000833 
-0.066935 0.035396 -3.797383 -0.090246 0.368051 -0.000461 
-0.069428 0.044079 -3.609763 -0.089875 0.368042 -0.002662 
-0.070901 0.044379 -3.421815 -0.089884 0.368023 -0.004753 
-0.072817 0.045560 -3.182430 -0.089890 0.367808 -0.007119 
-0.066149 0.050660 -3.130491 -0.089853 0.367564 -0.007607 
-0.066050 0.043499 -3.244447 -0.089897 0.367195 -0.006630 
-0.057512 0.039056 -3.432108 -0.089912 0.367163 -0.004647 
-0.055651 0.029907 -3.629287 -0.090126 0.367272 -0.002780 
-0.053975 0.029417 -3.878765 -0.090115 0.367300 -0.000420 
-0.053268 0.036964 -3.930827 -0.090058 0.367497 0.000072 
-0.062286 0.033012 -3.807132 -0.089777 0.367540 -0.000901 
-0.063255 0.041049 -3.609715 -0.089732 0.367711 -0.002769 
-0.064900 0.050266 -3.413375 -0.089518 0.367601 -0.004315 
-0.066602 0.051514 -3.174828 -0.089523 0.367385 -0.006360 
-0.065978 0.052374 -3.122848 -0.089840 0.367182 -0.006630 
-0.057946 0.040716 -3.247211 -0.090071 0.366853 -0.005448 
-0.063366 0.035642 -3.443837 -0.090260 0.367014 -0.003794 
-0.056878 0.401335 -5.238602 -0.079876 0.366431 -0.005857 
0.841513 0.435957 -11.187212 -0.048742 0.362078 -0.004949 
1.741862 1.101163 -14.869999 -0.016507 0.367637 0.005531 
2.467566 1.238588 -17.337749 0.014104 0.369234 0.013152 
3.682949 1.650958 -18.862270 0.029843 0.377712 0.029963 
3.883343 1.839436 -20.243311 0.057553 0.390724 0.050482 
4.221069 2.339128 -21.366792 0.096034 0.407567 0.066314 
4.223299 2.247648 -22.216370 0.125164 0.423482 0.079835 
4.410153 1.980528 -22.700188 0.131923 0.440591 0.080077 
4.473655 1.887854 -23.387217 0.118309 0.451724 0.067841 
4.622189 1.977402 -24.138489 0.104593 0.450967 0.054150 
4.431520 1.977646 -25.057883 0.091994 0.445500 0.042585 
4.559173 1.949427 -25.814216 0.077767 0.438731 0.035243 
4.467329 1.645506 -26.123752 0.064512 0.428473 0.042464 
4.417825 1.576088 -25.858787 0.058043 0.423706 0.058148 
4.348987 1.484531 -25.597829 0.064106 0.419757 0.074694 
4.100473 1.388284 -25.223717 0.076610 0.420015 0.086267 
4.060951 0.907240 -24.595607 0.097762 0.425882 0.094260 
3.885935 0.411399 -23.747151 0.121771 0.432943 0.097559 
3.637639 -0.253936 -22.571082 0.141950 0.443821 0.093902 
3.386557 -0.577784 -21.256061 0.155357 0.454522 0.077208 
2.888230 -0.858058 -20.080317 0.158648 0.459500 0.051530 
2.560985 -1.056322 -18.700246 0.144442 0.461433 0.021525 
2.225890 -1.350681 -17.016819 0.115078 0.458918 -0.005731 
1.965360 -1.690623 -15.155493 0.075467 0.454316 -0.020564 
1.783255 -1.935919 -13.363466 0.032557 0.449132 -0.025928 
1.583346 -1.920749 -11.648754 -0.005632 0.444212 -0.027570 
1.243808 -1.744795 -10.499867 -0.037121 0.447231 -0.022735 
1.158335 -1.518191 -9.994932 -0.057313 0.463240 -0.012862 
1.042449 -1.448691 -9.868704 -0.062694 0.480146 -0.000178 
0.970225 -1.492645 -9.562740 -0.057926 0.494008 0.010562 
0.972251 -1.598577 -9.304922 -0.051136 0.506084 0.018861 
0.906853 -1.612236 -8.983612 -0.044058 0.515221 0.026428 
1.015612 -1.565019 -8.480950 -0.035011 0.518639 0.029483 
1.045067 -1.368543 -8.098288 -0.023348 0.522495 0.026668 
1.019558 -1.430698 -7.953754 -0.014807 0.522635 0.023741 
0.814956 -1.484384 -7.430527 -0.018544 0.517832 0.016567 
0.667906 -1.519499 -6.883387 -0.032237 0.504291 0.007415 
0.600261 -1.411074 -6.682881 -0.049353 0.486672 0.001767 
0.630703 -1.246742 -6.625327 -0.066334 0.470322 -0.003680 
0.592498 -1.014347 -6.516401 -0.081433 0.455145 -0.010486 
0.437673 -0.863805 -6.473656 -0.095405 0.442397 -0.012275 
0.310498 -0.756813 -6.197271 -0.106304 0.431420 -0.012664 
0.108792 -0.586248 -5.801824 -0.110860 0.422040 -0.012284 
0.109195 -0.496278 -5.569459 -0.111836 0.410954 -0.010407 
0.106235 -0.365137 -5.390465 -0.109793 0.404413 -0.009727 
0.107915 -0.308391 -5.169504 -0.105382 0.399714 -0.011458 
0.080129 -0.283090 -5.231597 -0.100714 0.396488 -0.013784 
-0.022247 -0.182766 -5.470919 -0.095878 0.396707 -0.018198 
-0.100592 -0.096599 -5.705003 -0.090482 0.394078 -0.020983 
-0.216721 -0.167403 -5.943667 -0.088783 0.390875 -0.023665 
-0.233334 -0.256311 -6.169141 -0.089246 0.388388 -0.030184 
-0.242095 -0.354479 -6.087414 -0.090428 0.385223 -0.037392 
-0.213301 -0.373720 -5.771189 -0.094261 0.384473 -0.043392 
-0.123952 -0.268952 -5.325566 -0.097194 0.384102 -0.048929 
-0.139108 -0.210753 -4.913993 -0.098260 0.383702 -0.046495 
-0.119127 -0.220432 -4.487216 -0.098176 0.384756 -0.039287 
-0.087641 -0.204901 -4.237051 -0.096774 0.385674 -0.031274 
-0.052689 -0.194489 -4.049147 -0.096526 0.385714 -0.021894 
-0.023433 -0.014381 -4.025312 -0.093959 0.390379 -0.017174 
0.097212 0.202562 -4.268430 -0.090911 0.399901 -0.015735 
0.112653 0.296703 -4.589593 -0.092318 0.405516 -0.016228 
0.085827 0.339883 -4.606597 -0.098945 0.408095 -0.020870 
0.057212 0.402900 -4.444155 -0.110263 0.411245 -0.021212 
0.005356 0.498727 -4.216950 -0.122168 0.412951 -0.014704 
0.011135 0.733325 -3.920548 -0.132100 0.413548 -0.004667 
0.039886 0.931409 -3.658466 -0.140983 0.410734 0.010171 
-0.002172 1.016684 -3.643735 -0.149238 0.406022 0.030021 
-0.118876 1.103687 -3.701468 -0.154628 0.402229 0.048580 
-0.232013 1.090875 -3.789366 -0.155892 0.393782 0.064382 
-0.370722 1.050539 -3.830179 -0.153993 0.384624 0.071704 
-0.336655 0.998013 -3.908220 -0.149671 0.375098 0.068119 
-0.333271 0.941148 -3.843782 -0.142995 0.364315 0.055090 
-0.313313 0.893796 -3.587554 -0.134487 0.352902 0.033416 
-0.309393 0.798543 -3.195762 -0.124244 0.342037 0.009018 
-0.456960 0.552561 -2.946861 -0.117554 0.335159 -0.009115 
-0.491822 0.423429 -2.592553 -0.111426 0.328401 -0.020568 
-0.629617 0.399202 -2.407994 -0.101227 0.316249 -0.019464 
-0.677642 0.371688 -2.429616 -0.092110 0.303800 -0.008658 
-0.669003 0.349270 -2.611055 -0.085651 0.293939 0.002771 
-0.727263 0.331439 -2.801377 -0.084184 0.287313 0.013058 
-0.672764 0.216185 -2.996008 -0.087517 0.281179 0.020038 
-0.679862 0.208135 -3.040542 -0.089985 0.277489 0.015680 
-0.737335 0.117694 -3.000224 -0.091143 0.277728 0.004758 
-0.656572 -0.002030 -2.875406 -0.091631 0.281656 -0.008416 
-0.623025 -0.134118 -2.610483 -0.089994 0.289142 -0.022510 
-0.495870 -0.193790 -2.275841 -0.086029 0.298395 -0.033893 
-0.459856 -0.286147 -2.180566 -0.078638 0.310334 -0.037531 
-0.446872 -0.272371 -2.327093 -0.069376 0.325494 -0.035174 
-0.407198 -0.337138 -2.588249 -0.062087 0.338258 -0.026460 
-0.374367 -0.485106 -2.737551 -0.058445 0.348819 -0.015460 
-0.330759 -0.624618 -2.931281 -0.056502 0.358065 -0.005634 
-0.341025 -0.749067 -3.018416 -0.055615 0.364513 -0.000700 
-0.365848 -0.768928 -2.920028 -0.056420 0.367528 -0.003111 
-0.347084 -0.727351 -2.682103 -0.059666 0.365066 -0.010321 
-0.299144 -0.695547 -2.437845 -0.064889 0.358374 -0.018417 
-0.169739 -0.667414 -2.079962 -0.068486 0.346886 -0.028216 
-0.135515 -0.559519 -1.950674 -0.067547 0.337006 -0.034826 
-0.095031 -0.475258 -2.126500 -0.064188 0.335544 -0.035513 
-0.006741 -0.392801 -2.634638 -0.059026 0.333328 -0.030501 
-0.029531 -0.378241 -2.832340 -0.056832 0.329805 -0.025831 
-0.011327 -0.363277 -3.012315 -0.057666 0.326090 -0.018204 
-0.025910 -0.261372 -3.082053 -0.060649 0.327311 -0.008754 
0.077711 -0.144101 -2.851798 -0.065242 0.331776 -0.000882 
0.195684 -0.009316 -2.505977 -0.072283 0.336886 0.003156 
0.267956 0.076299 -2.338189 -0.080494 0.344896 0.006045 
0.241705 0.144591 -2.202786 -0.090975 0.356551 0.007181 
0.144279 0.203332 -2.156998 -0.101883 0.368711 0.008027 
0.113915 0.260779 -2.245727 -0.112589 0.376501 0.009980 
0.083716 0.369196 -2.399971 -0.121809 0.386333 0.012710 
0.144861 0.444631 -2.678647 -0.128630 0.395531 0.014751 
0.156411 0.481212 -3.079229 -0.133654 0.400775 0.015941 
0.141458 0.437394 -3.201943 -0.136056 0.402112 0.013910 
0.108313 0.419749 -3.146352 -0.135399 0.402421 0.011580 
-0.001126 0.341013 -3.027757 -0.130397 0.401707 0.009442 
0.028823 0.320855 -2.894678 -0.122167 0.397273 0.007542 
0.059457 0.259654 -2.663612 -0.111976 0.388407 0.005836 
0.077548 0.238454 -2.672488 -0.101978 0.377868 0.007074 
0.055574 0.227905 -2.832402 -0.093045 0.366774 0.008748 
0.010907 0.189541 -2.978214 -0.085284 0.353145 0.009827 
-0.086452 0.176683 -3.144624 -0.078662 0.341611 0.007893 
-0.038032 0.153142 -3.496107 -0.075240 0.334042 0.004721 
-0.073050 0.072541 -3.628551 -0.076139 0.327371 -0.001875 
-0.121783 0.041607 -3.484627 -0.079123 0.322012 -0.011950 
-0.157410 0.072675 -3.271835 -0.083599 0.320214 -0.020351 
-0.232515 0.098357 -3.075195 -0.088298 0.323580 -0.022709 
-0.185969 0.089160 -2.766711 -0.093339 0.329226 -0.021476 
-0.132600 0.054207 -2.668254 -0.097579 0.334090 -0.014109 
-0.108185 -0.008792 -2.827390 -0.100093 0.342061 -0.002638 
-0.106147 0.009360 -3.155520 -0.099792 0.354078 0.009493 
-0.134595 -0.000631 -3.458218 -0.097941 0.365811 0.018614 
-0.122255 -0.050941 -3.760264 -0.095225 0.375607 0.023008 
-0.096257 -0.122910 -3.859707 -0.092024 0.385254 0.019303 
-0.108762 -0.213741 -3.900162 -0.089947 0.394185 0.009341 
-0.096017 -0.252624 -3.827028 -0.088137 0.400258 -0.004863 
-0.079620 -0.285580 -3.619580 -0.087090 0.401603 -0.019206 
-0.103524 -0.287584 -3.316766 -0.087297 0.399698 -0.030074 
-0.041087 -0.267278 -3.204846 -0.088567 0.395134 -0.033012 
0.067180 -0.297922 -3.169710 -0.089677 0.385373 -0.029763 
0.071809 -0.260400 -3.309853 -0.088589 0.375926 -0.022700 
0.075024 -0.220935 -3.627948 -0.083946 0.372646 -0.012373 
0.011672 -0.263918 -4.058736 -0.079435 0.370291 -0.001645 
-0.082308 -0.345538 -4.129815 -0.075392 0.363961 0.003851 
-0.080033 -0.413303 -3.934319 -0.073621 0.356621 0.001902 
-0.110056 -0.402501 -3.794678 -0.072444 0.354994 -0.001725 
-0.037825 -0.352554 -3.657289 -0.070775 0.355627 -0.008914 
0.013172 -0.296249 -3.354963 -0.071010 0.353509 -0.019545 
-0.022066 -0.302855 -3.213952 -0.072534 0.354005 -0.025948 
-0.021877 -0.325591 -3.446198 -0.074776 0.359665 -0.025221 
-0.110521 -0.303666 -3.732951 -0.076751 0.366368 -0.019172 
-0.081351 -0.332545 -3.912535 -0.079338 0.367432 -0.010949 
-0.041672 -0.273447 -4.125364 -0.083226 0.369614 -0.000673 
-0.034230 -0.199402 -4.263154 -0.087036 0.375648 0.007806 
0.016326 -0.116768 -4.186942 -0.089968 0.380294 0.011433 
0.021334 -0.118355 -3.890174 -0.092083 0.380684 0.007853 
-0.001890 -0.079813 -3.612560 -0.093934 0.383579 -0.000262 
0.057481 -0.086389 -3.464457 -0.095892 0.390003 -0.009620 
0.028225 -0.042080 -3.463605 -0.094962 0.395565 -0.018576 
0.049248 -0.025745 -3.544444 -0.092744 0.397436 -0.024162 
0.062423 -0.029123 -3.783060 -0.091784 0.398145 -0.022782 
-0.042711 0.017036 -4.041619 -0.092631 0.399809 -0.016228 
-0.020869 0.062665 -4.310355 -0.094850 0.398011 -0.004806 
-0.064998 0.107771 -4.334350 -0.097118 0.390330 0.006574 
-0.074968 0.165804 -4.185759 -0.101055 0.383435 0.015012 
-0.015762 0.207997 -3.964498 -0.106836 0.376888 0.019987 
-0.061160 0.240543 -3.722111 -0.110979 0.369817 0.019817 
-0.080626 0.323809 -3.399379 -0.111545 0.365628 0.013536 
-0.114130 0.288063 -3.363492 -0.110854 0.362771 0.007249 
-0.198630 0.198657 -3.498637 -0.110080 0.361895 0.000237 
-0.164036 0.136625 -3.637267 -0.107597 0.361062 -0.006691 
-0.177795 0.100825 -3.749603 -0.102547 0.360491 -0.009766 
-0.175319 0.074948 -3.984747 -0.096448 0.361749 -0.009333 
-0.132325 0.042137 -4.028797 -0.091188 0.363746 -0.007880 
-0.171703 -0.059624 -3.884201 -0.086467 0.363590 -0.004436 
-0.177130 -0.086305 -3.665654 -0.082489 0.363408 -0.001531 
-0.203767 -0.107104 -3.493892 -0.080569 0.363857 0.001255 
-0.233299 -0.121144 -3.263460 -0.080536 0.363551 0.002308 
-0.200220 -0.124888 -3.197178 -0.082474 0.362156 0.001548 
-0.172662 -0.121746 -3.299724 -0.085323 0.359867 0.000136 
-0.120852 -0.124214 -3.490911 -0.088996 0.357703 -0.001774 
-0.060050 -0.085228 -3.646411 -0.092698 0.356631 -0.005685 
-0.081840 -0.018413 -3.911618 -0.093836 0.358564 -0.008139 
-0.081165 -0.000624 -4.021867 -0.092584 0.362502 -0.009683 
-0.124892 -0.025921 -3.959987 -0.091348 0.367090 -0.011210 
-0.132314 -0.080970 -3.766554 -0.091109 0.369577 -0.011957 
-0.094187 -0.102232 -3.569871 -0.090605 0.371956 -0.010227 
-0.034497 -0.063561 -3.263678 -0.089030 0.375152 -0.008404 
0.003190 -0.028775 -3.141927 -0.087325 0.378241 -0.005883 
0.021506 -0.000319 -3.233105 -0.086147 0.381779 -0.003005 
0.011556 -0.012903 -3.485392 -0.085748 0.385040 -0.000051 
-0.003512 -0.029727 -3.698652 -0.087311 0.386028 0.001059 
-0.022243 -0.016936 -3.925675 -0.090756 0.384661 0.001154 
-0.023019 0.022255 -3.975432 -0.095299 0.382959 0.000144 
0.002074 0.057677 -3.831231 -0.099541 0.380091 -0.001553 
-0.015217 0.101302 -3.606934 -0.102308 0.376462 -0.003726 
-0.013265 0.114208 -3.439774 -0.104151 0.373175 -0.004156 
-0.063935 0.113051 -3.225951 -0.105161 0.370631 -0.003606 
-0.111235 0.132013 -3.160581 -0.104413 0.368289 -0.001702 
-0.105384 0.135782 -3.222996 -0.102287 0.365304 0.001572 
-0.094219 0.129657 -3.379070 -0.099098 0.363727 0.004944 
-0.031220 0.116016 -3.560449 -0.096414 0.362643 0.006575 
-0.013461 0.085477 -3.810915 -0.093550 0.361686 0.007387 
-0.025230 0.085102 -3.872843 -0.090343 0.361779 0.005677 
-0.055015 0.079133 -3.756100 -0.088481 0.362348 0.002417 
-0.102096 0.061140 -3.553007 -0.088325 0.362825 -0.001711 
-0.100632 0.052716 -3.327723 -0.089683 0.362770 -0.005576 
-0.066161 0.049714 -3.102748 -0.091787 0.363346 -0.008900 
-0.049558 0.074095 -3.076605 -0.094019 0.364475 -0.009706 
-0.057782 0.093726 -3.225822 -0.096773 0.366853 -0.009059 
-0.087302 0.089901 -3.421466 -0.099220 0.370051 -0.006438 
-0.120433 0.062510 -3.640409 -0.100869 0.372887 -0.003210 
-0.127189 0.027515 -3.882925 -0.101750 0.375445 0.000734 
-0.108735 0.021661 -3.939343 -0.101939 0.376951 0.002920 
-0.096181 0.034103 -3.842655 -0.100564 0.378198 0.003723 
-0.089781 0.042435 -3.632498 -0.098102 0.378417 0.003115 
-0.104635 0.014955 -3.401489 -0.094779 0.377142 0.001765 
-0.113245 -0.031544 -3.165821 -0.091908 0.375236 -0.001077 
-0.101586 -0.080123 -3.102910 -0.088869 0.372542 -0.003847 
-0.088931 -0.118465 -3.211692 -0.086230 0.369200 -0.006532 
-0.089497 -0.131387 -3.390858 -0.083739 0.365779 -0.009262 
-0.079708 -0.141180 -3.569037 -0.082023 0.362573 -0.011874 
-0.080493 -0.192974 -3.810658 -0.081569 0.359432 -0.012716 
-0.101707 -0.224259 -3.839424 -0.081155 0.356702 -0.013479 
-0.113553 -0.219797 -3.709267 -0.080492 0.354667 -0.013138 
-0.134358 -0.184529 -3.540391 -0.080585 0.353469 -0.011569 
-0.136155 -0.142073 -3.334621 -0.081421 0.352616 -0.008137 
-0.144605 -0.137178 -3.067300 -0.082850 0.351785 -0.004659 
-0.151479 -0.136140 -3.016967 -0.084134 0.351834 0.000229 
-0.141800 -0.147565 -3.146584 -0.085969 0.352646 0.004420 
-0.140403 -0.138916 -3.362063 -0.087664 0.353531 0.006507 
-0.132496 -0.105158 -3.548727 -0.089183 0.355328 0.005185 
-0.104911 -0.080622 -3.804949 -0.089949 0.358234 0.002702 
-0.096479 -0.073080 -3.852224 -0.090054 0.361330 -0.002623 
-0.095967 -0.070142 -3.733984 -0.090205 0.364644 -0.009204 
-0.095230 -0.066256 -3.548551 -0.090191 0.367856 -0.014442 
-0.107622 -0.060726 -3.371693 -0.090011 0.370881 -0.016470 
-0.097027 -0.049082 -3.138421 -0.089937 0.373457 -0.016726 
-0.092017 -0.046198 -3.088619 -0.089917 0.375146 -0.012627 
-0.071448 -0.050253 -3.217710 -0.089925 0.376370 -0.005999 
-0.049858 -0.034300 -3.426096 -0.090431 0.376649 0.000374 
-0.050122 -0.019441 -3.618587 -0.091600 0.376117 0.005064 
-0.050996 0.012574 -3.898025 -0.092806 0.375320 0.008191 
-0.063301 0.042194 -3.932945 -0.093888 0.374080 0.006918 
-0.072679 0.037445 -3.807654 -0.095058 0.371917 0.002562 
-0.075990 0.036699 -3.598705 -0.096041 0.369794 -0.002904 
-0.087219 0.040185 -3.391424 -0.096677 0.367731 -0.007946 
-0.101070 0.036466 -3.169090 -0.096400 0.365494 -0.011596 
-0.107727 0.044505 -3.078041 -0.095225 0.363524 -0.012153 
-0.105477 0.021108 -3.179263 -0.093935 0.362086 -0.009143 
-0.094549 -0.000262 -3.344098 -0.092621 0.361173 -0.005121 
-0.084851 -0.022966 -3.521857 -0.090674 0.360654 -0.000481 
-0.080661 -0.044077 -3.759279 -0.089039 0.360755 0.003892 
-0.084049 -0.045129 -3.856987 -0.087596 0.361084 0.005391 
-0.087565 -0.047848 -3.722173 -0.086661 0.361852 0.003552 
-0.096205 -0.047525 -3.539706 -0.086675 0.362836 -0.000377 
-0.088485 -0.038809 -3.355150 -0.087264 0.363706 -0.004720 
-0.085274 -0.035475 -3.137748 -0.088700 0.364887 -0.009458 
-0.086215 -0.026273 -3.089156 -0.090568 0.365649 -0.011323 
-0.076356 -0.015244 -3.229212 -0.092729 0.366940 -0.010670 
-0.081576 -0.012460 -3.437082 -0.094309 0.368349 -0.007728 
-0.080515 -0.005505 -3.627561 -0.095375 0.369810 -0.004028 
-0.073046 -0.012177 -3.882026 -0.096047 0.371520 0.000567 
-0.069574 -0.009656 -3.940398 -0.095864 0.373136 0.003285 
-0.077008 0.007427 -3.820928 -0.095112 0.374328 0.003584 
-0.081076 0.012724 -3.616496 -0.093804 0.375286 0.002014 
-0.079490 0.007518 -3.409409 -0.092565 0.375624 -0.000514 
-0.094783 -0.003776 -3.158025 -0.091221 0.375399 -0.004503 
-0.086291 -0.033042 -3.090808 -0.090782 0.374165 -0.007239 
-0.084323 -0.056330 -3.210920 -0.090295 0.372435 -0.008089 
-0.087905 -0.066371 -3.373515 -0.090036 0.370567 -0.008000 
-0.084730 -0.068202 -3.577354 -0.089873 0.367609 -0.007501 
-0.093878 -0.064630 -3.835787 -0.089677 0.365515 -0.005554 
-0.096960 -0.055782 -3.900110 -0.089289 0.363257 -0.004298 
-0.092435 -0.053200 -3.788637 -0.089112 0.361586 -0.004293 
-0.109283 -0.038758 -3.605560 -0.088868 0.360251 -0.004548 
-0.118263 -0.023325 -3.423192 -0.088452 0.359722 -0.004707 
-0.132574 -0.013814 -3.168083 -0.088567 0.359694 -0.005233 
-0.130218 -0.022917 -3.108502 -0.089115 0.359953 -0.004431 
-0.118053 -0.023192 -3.234304 -0.089747 0.361035 -0.002504 
-0.112361 -0.028364 -3.431155 -0.090574 0.362266 -0.000424 
-0.098680 -0.030165 -3.615190 -0.091695 0.363630 0.000812 
-0.092716 -0.037932 -3.871122 -0.092538 0.365438 0.002191 
-0.088957 -0.029347 -3.929126 -0.092956 0.367429 0.001271 
-0.087370 -0.028402 -3.789542 -0.093280 0.369305 -0.001628 
-0.087926 -0.027020 -3.608623 -0.093122 0.371095 -0.005142 
-0.074310 -0.024940 -3.419578 -0.092790 0.372690 -0.008006 
-0.076230 -0.030060 -3.169403 -0.092360 0.374096 -0.011033 
-0.062985 -0.033399 -3.119237 -0.091736 0.374952 -0.011333 
-0.055615 -0.040435 -3.237266 -0.091132 0.375683 -0.009310 
-0.040459 -0.048037 -3.438632 -0.090844 0.375417 -0.006164 
-0.039256 -0.046264 -3.640266 -0.090658 0.374966 -0.002794 
-0.037369 -0.049768 -3.902731 -0.090987 0.373656 0.000967 
-0.044859 -0.039228 -3.947212 -0.091074 0.372097 0.002669 
-0.053497 -0.035455 -3.822764 -0.091540 0.370132 0.002056 
-0.064873 -0.022958 -3.623903 -0.091468 0.368081 -0.000213 
-0.069663 -0.023099 -3.423294 -0.091481 0.365978 -0.003127 
-0.088790 -0.024772 -3.170423 -0.091517 0.364348 -0.006645 
-0.086205 -0.032573 -3.095181 -0.091091 0.363070 -0.008506 
-0.073245 -0.038552 -3.176564 -0.090960 0.362318 -0.008464 
-0.074815 -0.037432 -3.353760 -0.090300 0.361976 -0.007013 
-0.074868 -0.046341 -3.522517 -0.089871 0.362096 -0.004809 
-0.072721 -0.047719 -3.774817 -0.089705 0.362409 -0.001493 
-0.071159 -0.049287 -3.831593 -0.089551 0.362888 0.000702 
-0.077397 -0.039496 -3.711490 -0.089332 0.363782 0.001117 
-0.082589 -0.029069 -3.536348 -0.089754 0.364465 0.000304 
-0.086670 -0.020311 -3.369145 -0.090508 0.365522 -0.001158 
-0.084144 -0.014550 -3.138143 -0.091444 0.366234 -0.003633 
-0.081425 -0.009757 -3.102130 -0.092216 0.367068 -0.005314 
-0.070535 -0.011324 -3.242314 -0.092857 0.368347 -0.005654 
-0.059058 -0.021307 -3.445921 -0.093554 0.369629 -0.004979 
-0.056781 -0.027104 -3.650900 -0.093584 0.370979 -0.004206 
-0.061370 -0.028324 -3.910357 -0.093422 0.372294 -0.002086 
-0.068516 -0.018328 -3.954299 -0.092871 0.373027 -0.001171 
-0.069623 -0.012304 -3.823760 -0.092194 0.373785 -0.001183 
-0.071712 -0.011983 -3.619762 -0.091722 0.373867 -0.001982 
-0.075584 -0.009437 -3.416241 -0.090913 0.373389 -0.002779 
-0.085765 -0.009782 -3.168274 -0.090773 0.372562 -0.004597 
-0.095441 -0.017146 -3.084556 -0.090834 0.371274 -0.005477 
-0.089024 -0.015839 -3.195656 -0.091135 0.369715 -0.005335 
-0.096017 -0.022556 -3.378000 -0.091819 0.368065 -0.004821 
-0.096314 -0.025454 -3.570242 -0.092310 0.366466 -0.004531 
-0.103041 -0.024264 -3.825977 -0.092773 0.364925 -0.003223 
-0.112467 -0.014101 -3.897992 -0.092541 0.363381 -0.002837 
-0.121371 -0.005172 -3.775083 -0.092489 0.362282 -0.003252 
-0.131506 0.002946 -3.592329 -0.091964 0.361471 -0.003627 
-0.134321 0.005965 -3.411272 -0.091310 0.360895 -0.003475 
-0.144407 0.003308 -3.177668 -0.090704 0.360741 -0.004034 
-0.130863 -0.005586 -3.119768 -0.090279 0.360923 -0.003247 
-0.123079 -0.022231 -3.236097 -0.089904 0.361933 -0.001762 
-0.107061 -0.027463 -3.431272 -0.089761 0.363090 -0.000982 
-0.096971 -0.030981 -3.623741 -0.089933 0.364861 -0.001059 
-0.094315 -0.055763 -3.876995 -0.090255 0.366683 -0.001086 
-0.091485 -0.054920 -3.912445 -0.090730 0.368481 -0.002845 
-0.095436 -0.041223 -3.792337 -0.091448 0.370308 -0.005749 
-0.093470 -0.038104 -3.603527 -0.091919 0.371698 -0.007954 
-0.097933 -0.020368 -3.396747 -0.092452 0.372662 -0.009167 
-0.088768 -0.017902 -3.161179 -0.092924 0.373233 -0.009823 
-0.084851 -0.018796 -3.114594 -0.093573 0.373585 -0.007848 
-0.075022 -0.022312 -3.234521 -0.093745 0.373442 -0.004517 
-0.065230 -0.025327 -3.426071 -0.093910 0.373118 -0.000923 
-0.071611 -0.026883 -3.625385 -0.093913 0.372430 0.001702 
-0.072463 -0.032192 -3.894902 -0.093614 0.371519 0.003835 
-0.076057 -0.027735 -3.944470 -0.093099 0.370310 0.003157 
-0.082433 -0.022263 -3.816727 -0.092267 0.368901 0.000377 
-0.082815 -0.020391 -3.616474 -0.091300 0.367341 -0.003093 
-0.089657 -0.023159 -3.426576 -0.090529 0.365922 -0.006359 
-0.096117 -0.033630 -3.165804 -0.089977 0.364391 -0.009455 
-0.100568 -0.037817 -3.114999 -0.089207 0.363362 -0.009950 
-0.094322 -0.056505 -3.210851 -0.089008 0.362753 -0.008320 
-0.086662 -0.060100 -3.410826 -0.088696 0.362540 -0.005707 
-0.077628 -0.066190 -3.590377 -0.088563 0.362983 -0.003082 
-0.073690 -0.060409 -3.840842 -0.088828 0.363571 -0.000187 
-0.084679 -0.056479 -3.873868 -0.089127 0.364804 0.000957 
-0.089668 -0.046242 -3.760256 -0.089547 0.365495 0.000414 
-0.093260 -0.029483 -3.571508 -0.090407 0.366644 -0.001456 
-0.097139 -0.020393 -3.393069 -0.091320 0.367602 -0.003227 
-0.087750 -0.019106 -3.173017 -0.092122 0.368361 -0.005501 
-0.083727 -0.014404 -3.119030 -0.093055 0.369280 -0.006201 
-0.073188 -0.021106 -3.241625 -0.093733 0.369795 -0.005446 
-0.063035 -0.019480 -3.427756 -0.094027 0.370326 -0.003891 
-0.054413 -0.026592 -3.625044 -0.093901 0.370963 -0.002249 
-0.047677 -0.025490 -3.884733 -0.093072 0.371626 -0.000453 
-0.049545 -0.027419 -3.937562 -0.092281 0.372126 -0.000195 
-0.053064 -0.020259 -3.824396 -0.091275 0.372519 -0.001509 
-0.056868 -0.020118 -3.618425 -0.090484 0.372611 -0.003276 
-0.060783 -0.026556 -3.422458 -0.089899 0.372224 -0.004938 
-0.071179 -0.026969 -3.173652 -0.089760 0.371398 -0.007077 
-0.071553 -0.031447 -3.101566 -0.090116 0.370431 -0.007216 
-0.070293 -0.034869 -3.205048 -0.090775 0.369098 -0.005887 
-0.068380 -0.039234 -3.391152 -0.091437 0.367964 -0.003987 
-0.073833 -0.046862 -3.575775 -0.092286 0.366591 -0.002511 
-0.087370 -0.042485 -3.833779 -0.092569 0.365388 -0.000459 
-0.094355 -0.034839 -3.884826 -0.092838 0.364492 -0.000056 
-0.096278 -0.024429 -3.770203 -0.092611 0.364014 -0.001345 
-0.092819 -0.018221 -3.574358 -0.091932 0.363580 -0.003004 
-0.103953 -0.012487 -3.389698 -0.091105 0.363347 -0.004354 
-0.106682 -0.012240 -3.152838 -0.090635 0.363427 -0.006090 
-0.108162 -0.021744 -3.104446 -0.090062 0.363811 -0.005637 
-0.100356 -0.029269 -3.231492 -0.089622 0.364635 -0.003942 
-0.091782 -0.044742 -3.428994 -0.089555 0.365268 -0.002196 
-0.088921 -0.058433 -3.624629 -0.089801 0.366515 -0.000985 
-0.078931 -0.058915 -3.860825 -0.089948 0.367531 0.000198 
-0.084395 -0.058969 -3.928971 -0.090270 0.368532 -0.000724 
-0.096851 -0.046106 -3.810375 -0.090838 0.369559 -0.003087 
-0.088704 -0.036632 -3.620158 -0.091260 0.370335 -0.005818 
-0.087929 -0.029798 -3.421121 -0.091705 0.370778 -0.008003 
-0.086691 -0.023459 -3.182484 -0.092156 0.371404 -0.009834 
-0.092267 -0.028066 -3.112496 -0.092516 0.371623 -0.009237 
-0.082405 -0.022957 -3.220132 -0.092790 0.371385 -0.006640 
-0.071809 -0.034422 -3.410516 -0.093335 0.371051 -0.003257 
-0.070405 -0.032316 -3.600913 -0.093308 0.370501 -0.000196 
-0.077650 -0.034040 -3.862301 -0.092988 0.369828 0.002693 
-0.086167 -0.035132 -3.924504 -0.092836 0.369036 0.003182 
-0.090763 -0.031263 -3.788946 -0.092175 0.368093 0.001371 
-0.089123 -0.022429 -3.599772 -0.091479 0.366907 -0.001571 
-0.094181 -0.027422 -3.409399 -0.091045 0.366047 -0.004838 
-0.099468 -0.031465 -3.168426 -0.090607 0.364992 -0.008060 
-0.095085 -0.041756 -3.104784 -0.090358 0.364372 -0.009294 
-0.088941 -0.044677 -3.218781 -0.090047 0.363963 -0.008535 
-0.095648 -0.049173 -3.407773 -0.089751 0.364039 -0.006237 
-0.085499 -0.046925 -3.586566 -0.089880 0.364477 -0.003711 
-0.082259 -0.049084 -3.827391 -0.090041 0.364970 -0.000704 
-0.085999 -0.048599 -3.902247 -0.090358 0.365966 0.000941 
-0.083836 -0.035167 -3.789278 -0.090590 0.366896 0.000500 
-0.088803 -0.025167 -3.591967 -0.091177 0.367669 -0.000935 
-0.086685 -0.020198 -3.413784 -0.091794 0.368583 -0.002820 
-0.092790 -0.017880 -3.162734 -0.092439 0.369160 -0.005389 
-0.083461 -0.015854 -3.098005 -0.093066 0.369657 -0.006509 
-0.081774 -0.026196 -3.230060 -0.093453 0.370041 -0.006196 
-0.071884 -0.032998 -3.415567 -0.093807 0.370570 -0.004857 
-0.063979 -0.037908 -3.612788 -0.093666 0.370639 -0.003208 
-0.056306 -0.042518 -3.862523 -0.093358 0.370623 -0.000961 
-0.066155 -0.038432 -3.926808 -0.092367 0.370706 -0.000279 
-0.069330 -0.038475 -3.814391 -0.091572 0.370808 -0.001161 
-0.066306 -0.031778 -3.609530 -0.090730 0.370282 -0.002492 
-0.069743 -0.029721 -3.415025 -0.090085 0.369896 -0.003617 
-0.080556 -0.030532 -3.176617 -0.089788 0.369170 -0.005768 
-0.074545 -0.047980 -3.114019 -0.090070 0.368249 -0.006244 
-0.073805 -0.045291 -3.217057 -0.090366 0.367496 -0.005353 
-0.072264 -0.051701 -3.422041 -0.090881 0.366843 -0.004121 
-0.076929 -0.053930 -3.595584 -0.091693 0.366230 -0.003071 
-0.075332 -0.052373 -3.842775 -0.091989 0.365683 -0.001341 
-0.080903 -0.038991 -3.903529 -0.092377 0.365449 -0.001057 
-0.087978 -0.033934 -3.788626 -0.092673 0.365291 -0.002129 
-0.089167 -0.025341 -3.583032 -0.092464 0.365368 -0.003348 
-0.098126 -0.020675 -3.398430 -0.092125 0.365406 -0.004374 
-0.106812 -0.017330 -3.162457 -0.091798 0.365816 -0.005681 
-0.092175 -0.027006 -3.093082 -0.091700 0.366179 -0.005203 
-0.091755 -0.036905 -3.199232 -0.091442 0.366573 -0.003591 
-0.090004 -0.039672 -3.415915 -0.091450 0.367166 -0.002175 
-0.088462 -0.042378 -3.601413 -0.091458 0.367755 -0.001055 
-0.079001 -0.049837 -3.858011 -0.091653 0.368393 0.000220 
-0.078922 -0.043380 -3.926970 -0.091604 0.368785 -0.000592 
-0.087212 -0.040774 -3.809322 -0.091598 0.369206 -0.002961 
-0.088612 -0.032872 -3.610227 -0.091555 0.369378 -0.005471 
-0.096498 -0.028850 -3.432421 -0.091702 0.369502 -0.007461 
-0.091329 -0.031947 -3.174479 -0.091574 0.369330 -0.009280 
-0.091753 -0.031202 -3.104771 -0.091411 0.369229 -0.008900 
-0.075506 -0.039063 -3.221895 -0.091611 0.369037 -0.006640 
-0.073843 -0.038536 -3.421613 -0.091595 0.368867 -0.003913 
-0.072800 -0.038219 -3.570198 -0.091423 0.368790 -0.001468 
-0.071026 -0.045349 -3.860864 -0.091616 0.368342 0.001291 
-0.078410 -0.048245 -3.912737 -0.091638 0.368018 0.001786 
-0.086956 -0.034052 -3.777070 -0.091550 0.367680 0.000302 
-0.089361 -0.031616 -3.588217 -0.091544 0.367093 -0.002102 
-0.091718 -0.020820 -3.399148 -0.091480 0.366509 -0.004611 
-0.086346 -0.014329 -3.158957 -0.091605 0.365958 -0.007184 
-0.088183 -0.029951 -3.095578 -0.091558 0.365666 -0.008206 
-0.081172 -0.033225 -3.220269 -0.091409 0.365349 -0.007133 
-0.072811 -0.038759 -3.408235 -0.091273 0.365605 -0.005156 
-0.071561 -0.048510 -3.596703 -0.091169 0.365909 -0.002967 
-0.062453 -0.047520 -3.837874 -0.090823 0.366650 -0.000185 
-0.061673 -0.042148 -3.922569 -0.090459 0.367426 0.000911 
-0.083641 -0.031258 -3.788901 -0.090242 0.368043 0.000055 
-0.076155 -0.020869 -3.611836 -0.090336 0.368637 -0.001725 
-0.076280 -0.022306 -3.414396 -0.090518 0.369084 -0.003490 
-0.076452 -0.022326 -3.173391 -0.091014 0.369141 -0.006173 
-0.081804 -0.028113 -3.118919 -0.091704 0.369548 -0.007195 
-0.072478 -0.040219 -3.220571 -0.092421 0.369300 -0.006630 
-0.062605 -0.036879 -3.415651 -0.092864 0.369357 -0.005396 
-0.061611 -0.045674 -3.602136 -0.092915 0.369375 -0.003842 
-0.052608 -0.041878 -3.851952 -0.092869 0.369353 -0.001374 
-0.061126 -0.029386 -3.916318 -0.092140 0.369430 -0.000470 
-0.070821 -0.032158 -3.793700 -0.091689 0.369192 -0.001121 
-0.073754 -0.022363 -3.589725 -0.090989 0.368997 -0.002023 
-0.069259 -0.024802 -3.405628 -0.090531 0.368651 -0.002943 
-0.071637 -0.022373 -3.168158 -0.090367 0.368155 -0.004666 
-0.072819 -0.028408 -3.105937 -0.090413 0.367577 -0.005144 
-0.073175 -0.034945 -3.229146 -0.090452 0.367021 -0.004494 
-0.071369 -0.042807 -3.413106 -0.090979 0.366745 -0.003571 
-0.078198 -0.054240 -3.607364 -0.091213 0.366337 -0.002768 
-0.076054 -0.046593 -3.853568 -0.091467 0.366362 -0.001471 
-0.067886 -0.042654 -3.913216 -0.091753 0.366313 -0.001730 
-0.084137 -0.034170 -3.788753 -0.091388 0.366412 -0.003020 
-0.091715 -0.022615 -3.582368 -0.091322 0.366821 -0.004452 
-0.092454 -0.014775 -3.397866 -0.091117 0.367090 -0.005370 
-0.085699 -0.010422 -3.141987 -0.091096 0.367198 -0.006331 
-0.084410 -0.019503 -3.082950 -0.091323 0.367465 -0.005534 
-0.089361 -0.024944 -3.209629 -0.091518 0.367806 -0.003501 
-0.085541 -0.035228 -3.406027 -0.092221 0.368187 -0.001629 
-0.083895 -0.044444 -3.602367 -0.092435 0.368297 -0.000083 
-0.074499 -0.050121 -3.868753 -0.092777 0.368458 0.001191 
-0.074654 -0.042844 -3.917459 -0.092723 0.368659 0.000399 
-0.083836 -0.039125 -3.800049 -0.092549 0.368800 -0.001969 
-0.093873 -0.034796 -3.611253 -0.092213 0.368841 -0.004599 
-0.089953 -0.029834 -3.413492 -0.091705 0.368689 -0.006900 
-0.086045 -0.023857 -3.165971 -0.091191 0.368340 -0.008835 
-0.087565 -0.032338 -3.116435 -0.090772 0.368437 -0.008697 
-0.079297 -0.044064 -3.223367 -0.090844 0.368202 -0.006538 
-0.071396 -0.048350 -3.413249 -0.090537 0.368177 -0.003918 
-0.077036 -0.052868 -3.601698 -0.090562 0.368245 -0.001615 
-0.081860 -0.056974 -3.860388 -0.090901 0.368125 0.000635 
-0.089219 -0.060629 -3.901329 -0.090928 0.367990 0.000816 
-0.103374 -0.051165 -3.774636 -0.091359 0.367785 -0.000778 
-0.104422 -0.041082 -3.574932 -0.091621 0.367381 -0.003276 
-0.105543 -0.038600 -3.386375 -0.091936 0.366786 -0.005354 
-0.106585 -0.028388 -3.156324 -0.092198 0.366378 -0.007825 
-0.092877 -0.026672 -3.115031 -0.092180 0.365894 -0.008107 
-0.091454 -0.034811 -3.230426 -0.092391 0.365803 -0.006489 
-0.090230 -0.043804 -3.429825 -0.092281 0.365919 -0.003985 
-0.082674 -0.040887 -3.618958 -0.091764 0.366186 -0.001797 
-0.073630 -0.038114 -3.869918 -0.091565 0.366451 0.000985 
-0.081301 -0.044974 -3.912612 -0.091133 0.367179 0.001468 
-0.082685 -0.037859 -3.798361 -0.090769 0.367556 0.000165 
-0.091427 -0.043755 -3.630633 -0.090665 0.368066 -0.002060 
-0.092787 -0.036877 -3.432683 -0.090468 0.368525 -0.004256 
-0.086916 -0.032657 -3.191719 -0.090609 0.368542 -0.007156 
-0.078573 -0.046240 -3.127659 -0.091186 0.368753 -0.008066 
-0.076876 -0.046446 -3.220670 -0.091503 0.368755 -0.007176 
-0.074116 -0.047323 -3.416252 -0.091979 0.368860 -0.005729 
-0.064463 -0.043427 -3.603155 -0.092257 0.368823 -0.003846 
-0.054615 -0.049105 -3.852948 -0.092439 0.369078 -0.001274 
-0.061221 -0.046108 -3.916748 -0.092257 0.369423 -0.000261 
-0.075973 -0.037510 -3.793420 -0.092212 0.369512 -0.000904 
-0.077187 -0.028159 -3.598757 -0.091996 0.369401 -0.001808 
-0.078857 -0.018183 -3.413349 -0.091776 0.369102 -0.003040 
-0.079926 -0.016468 -3.165244 -0.091939 0.368786 -0.004751 
-0.081310 -0.022835 -3.114259 -0.091826 0.368307 -0.004921 
-0.081056 -0.038025 -3.217193 -0.092087 0.367836 -0.004148 
-0.080536 -0.036053 -3.422505 -0.092222 0.367195 -0.003026 
-0.072704 -0.038787 -3.587092 -0.092388 0.366685 -0.001981 
-0.071915 -0.038787 -3.844147 -0.092374 0.366526 -0.000590 
-0.066991 -0.033759 -3.904280 -0.091851 0.366215 -0.001180 
-0.076440 -0.037846 -3.778908 -0.091570 0.366259 -0.002794 
-0.086610 -0.025623 -3.582863 -0.090858 0.366498 -0.004565 
-0.088672 -0.016805 -3.396921 -0.090486 0.366488 -0.006124 
-0.089661 -0.017137 -3.151103 -0.090341 0.366746 -0.007206 
-0.089218 -0.016745 -3.092088 -0.090341 0.366736 -0.006512 
-0.079535 -0.022734 -3.208727 -0.090532 0.367164 -0.004472 
-0.076175 -0.031770 -3.407040 -0.091065 0.367263 -0.001958 
-0.073375 -0.033671 -3.603766 -0.091388 0.367656 -0.000196 
-0.069519 -0.035852 -3.860640 -0.092030 0.368048 0.001519 
-0.074852 -0.033168 -3.919999 -0.092494 0.368380 0.001259 
-0.083114 -0.021314 -3.782721 -0.092423 0.368611 -0.000874 
-0.084319 -0.013209 -3.602736 -0.092538 0.368688 -0.003719 
-0.086659 -0.012555 -3.404095 -0.092385 0.368577 -0.006123 
-0.081600 -0.009270 -3.165657 -0.092051 0.368889 -0.008393 
-0.083576 -0.017126 -3.125375 -0.091627 0.368798 -0.008582 
-0.083656 -0.024755 -3.232297 -0.091353 0.368624 -0.006641 
-0.075979 -0.038493 -3.422699 -0.090953 0.368883 -0.003924 
-0.075182 -0.037612 -3.611723 -0.090774 0.368622 -0.001511 
-0.073506 -0.038102 -3.861202 -0.090763 0.368649 0.000849 
-0.080602 -0.033329 -3.902766 -0.090731 0.368517 0.001245 
-0.090116 -0.035633 -3.787181 -0.090599 0.368085 -0.000369 
-0.098755 -0.038264 -3.586516 -0.090955 0.367728 -0.003191 
-0.107156 -0.031707 -3.397405 -0.091245 0.367185 -0.005482 
-0.101791 -0.025345 -3.187560 -0.091369 0.366638 -0.008081 
-0.102068 -0.022980 -3.093396 -0.091679 0.366051 -0.008953 
-0.093821 -0.034570 -3.218598 -0.091909 0.365722 -0.007450 
-0.093024 -0.033690 -3.407622 -0.091731 0.365461 -0.005037 
-0.076703 -0.034471 -3.586367 -0.091717 0.365567 -0.002619 
-0.082300 -0.040535 -3.848727 -0.091427 0.366029 0.000577 
-0.081995 -0.033651 -3.923262 -0.091053 0.366426 0.001685 
-0.090250 -0.031445 -3.799419 -0.090728 0.367039 0.000601 
-0.085035 -0.036710 -3.622727 -0.090451 0.367355 -0.001296 
-0.093723 -0.034118 -3.424438 -0.090288 0.367864 -0.003599 
-0.087416 -0.030387 -3.192491 -0.090593 0.367973 -0.006828 
-0.080309 -0.035654 -3.127920 -0.090791 0.368196 -0.008169 
-0.079268 -0.045446 -3.219774 -0.091015 0.368485 -0.007822 
-0.069859 -0.050865 -3.425467 -0.091358 0.368638 -0.006496 
-0.067710 -0.052345 -3.612338 -0.091518 0.368938 -0.004727 
-0.064663 -0.045452 -3.863041 -0.091615 0.369247 -0.001831 
-0.062921 -0.046552 -3.926850 -0.091779 0.369532 -0.000600 
-0.070306 -0.034693 -3.805003 -0.091546 0.369859 -0.000820 
-0.070869 -0.025762 -3.620196 -0.091493 0.369840 -0.001731 
-0.078994 -0.020297 -3.414798 -0.091470 0.369678 -0.002731 
-0.072950 -0.014364 -3.166191 -0.091599 0.369313 -0.004655 
-0.080546 -0.016677 -3.114111 -0.091783 0.368878 -0.005033 
-0.073206 -0.026890 -3.227475 -0.092004 0.368170 -0.004158 
-0.064963 -0.029354 -3.412010 -0.092328 0.367565 -0.003125 
-0.065533 -0.036480 -3.607149 -0.092207 0.367116 -0.002219 
-0.064328 -0.036081 -3.853806 -0.092351 0.366858 -0.000816 
-0.065883 -0.034804 -3.904881 -0.092018 0.366494 -0.000860 
-0.068634 -0.025064 -3.780708 -0.091476 0.366212 -0.002149 
-0.072678 -0.024232 -3.584830 -0.090679 0.366116 -0.003922 
-0.074546 -0.024467 -3.389010 -0.090371 0.366291 -0.005370 
-0.083708 -0.019611 -3.142877 -0.090034 0.366321 -0.006664 
-0.076181 -0.024249 -3.102991 -0.090064 0.366452 -0.006419 
-0.066538 -0.029215 -3.218485 -0.090409 0.366593 -0.004694 
-0.070610 -0.036026 -3.405619 -0.090770 0.367221 -0.002713 
-0.073653 -0.041835 -3.591066 -0.091607 0.367555 -0.001042 
-0.069145 -0.044436 -3.857796 -0.092412 0.368039 0.000666 
-0.075305 -0.042423 -3.907604 -0.092561 0.368567 0.000407 
-0.081786 -0.022915 -3.791499 -0.092755 0.368984 -0.001203 
-0.082507 -0.006185 -3.582631 -0.092811 0.369058 -0.003484 
-0.091092 -0.010104 -3.395184 -0.092853 0.369087 -0.005362 
-0.085641 -0.005660 -3.157280 -0.092671 0.369110 -0.007305 
-0.086045 -0.005802 -3.106986 -0.092514 0.369202 -0.007266 
-0.079036 -0.018332 -3.202690 -0.092271 0.369164 -0.005748 
-0.078679 -0.026971 -3.391396 -0.092000 0.369189 -0.003558 
-0.085473 -0.038805 -3.579459 -0.091916 0.368974 -0.001470 
-0.084952 -0.046611 -3.828551 -0.091796 0.368719 0.000674 
-0.092946 -0.040854 -3.900700 -0.091595 0.368311 0.001046 
-0.095395 -0.047300 -3.784829 -0.091487 0.367828 -0.000677 
-0.105932 -0.040700 -3.596805 -0.091136 0.367301 -0.002979 
-0.108577 -0.037572 -3.418045 -0.091125 0.366526 -0.005390 
-0.118490 -0.030112 -3.178040 -0.091090 0.365796 -0.007961 
-0.112320 -0.032621 -3.105224 -0.091108 0.365357 -0.008646 
-0.097002 -0.048225 -3.199794 -0.091364 0.364972 -0.007224 
-0.088442 -0.043547 -3.398172 -0.091315 0.364755 -0.005032 
-0.086494 -0.045359 -3.596279 -0.091316 0.365154 -0.002954 
-0.091239 -0.051512 -3.857258 -0.091348 0.365609 -0.000074 
-0.096953 -0.049628 -3.920819 -0.091335 0.366234 0.000937 
-0.096860 -0.051519 -3.796986 -0.091355 0.366788 0.000071 
-0.097555 -0.045326 -3.620966 -0.091162 0.367438 -0.001502 
-0.097632 -0.038402 -3.423311 -0.091285 0.367888 -0.003371 
-0.097980 -0.039513 -3.182610 -0.091628 0.368233 -0.006060 
-0.098140 -0.040970 -3.129562 -0.091642 0.368607 -0.006984 
-0.082032 -0.041920 -3.242039 -0.091955 0.368701 -0.006434 
-0.072382 -0.048031 -3.437640 -0.092303 0.369042 -0.005102 
-0.078017 -0.053172 -3.633427 -0.092493 0.369205 -0.003768 
-0.069662 -0.058834 -3.851739 -0.092356 0.369465 -0.001818 
-0.069766 -0.042966 -3.935314 -0.091918 0.369677 -0.001141 
-0.070959 -0.035024 -3.832833 -0.091547 0.369865 -0.001809 
-0.080328 -0.030628 -3.628283 -0.091051 0.369999 -0.002820 
-0.067236 -0.028470 -3.432743 -0.091038 0.369497 -0.003934 
-0.077377 -0.029839 -3.185920 -0.090745 0.368957 -0.005438 
-0.084992 -0.031265 -3.114425 -0.090923 0.368330 -0.005474 
-0.076731 -0.033342 -3.207922 -0.091249 0.367712 -0.004364 
-0.075802 -0.040355 -3.404196 -0.091447 0.367254 -0.002811 
-0.067559 -0.042818 -3.588731 -0.091771 0.366649 -0.001778 
-0.066595 -0.041728 -3.845481 -0.091909 0.366202 -0.000381 
-0.074128 -0.037219 -3.915713 -0.091878 0.366075 -0.000652 
-0.068922 -0.032733 -3.791016 -0.091529 0.366021 -0.002050 
-0.070959 -0.024675 -3.594142 -0.091163 0.366200 -0.003924 
-0.072651 -0.023819 -3.398017 -0.091008 0.366087 -0.005365 
-0.081989 -0.020054 -3.152189 -0.090518 0.366405 -0.006666 
-0.081568 -0.028781 -3.082458 -0.090582 0.366581 -0.006182 
-0.064821 -0.038914 -3.198810 -0.090798 0.366957 -0.004250 
-0.069046 -0.037695 -3.396966 -0.090943 0.367688 -0.002066 
-0.059181 -0.043739 -3.593405 -0.091291 0.368028 -0.000412 
-0.056368 -0.046656 -3.839891 -0.091618 0.368617 0.000983 
-0.055005 -0.040154 -3.909146 -0.091890 0.369001 0.000497 
-0.062663 -0.037081 -3.781939 -0.092041 0.369321 -0.001538 
-0.070692 -0.025525 -3.592147 -0.092136 0.369637 -0.004268 
-0.071855 -0.008436 -3.404608 -0.092027 0.369623 -0.006247 
-0.073362 -0.016240 -3.156183 -0.092096 0.369592 -0.008182 
-0.074027 -0.014802 -3.096568 -0.091929 0.369303 -0.007808 
-0.064845 -0.018521 -3.213978 -0.092103 0.369162 -0.005439 
-0.063880 -0.025934 -3.404057 -0.091983 0.368898 -0.002601 
-0.062695 -0.033904 -3.602312 -0.092027 0.368726 -0.000412 
-0.068165 -0.037460 -3.820802 -0.092204 0.368511 0.001871 
-0.077079 -0.039839 -3.912817 -0.091899 0.368012 0.002008 
-0.086521 -0.034541 -3.786086 -0.091714 0.367772 -0.000026 
-0.090209 -0.032150 -3.596937 -0.091388 0.367194 -0.002757 
-0.093527 -0.037722 -3.397605 -0.091279 0.366513 -0.005371 
-0.104073 -0.030728 -3.167159 -0.091087 0.365883 -0.008276 
-0.098103 -0.033568 -3.105580 -0.090946 0.365545 -0.008652 
-0.090876 -0.036776 -3.231110 -0.090796 0.365226 -0.007258 
-0.089868 -0.045836 -3.429671 -0.090688 0.365343 -0.005075 
-0.087288 -0.047181 -3.618219 -0.090846 0.365641 -0.002665 
-0.084921 -0.049115 -3.878696 -0.090845 0.366048 0.000003 
-0.091502 -0.046877 -3.931564 -0.090669 0.366582 0.000701 
-0.090534 -0.039738 -3.817065 -0.090947 0.366943 -0.000271 
-0.098092 -0.029070 -3.630095 -0.090887 0.367545 -0.002044 
-0.097734 -0.022635 -3.441456 -0.091174 0.368088 -0.004241 
-0.099021 -0.030995 -3.201209 -0.091407 0.368150 -0.006825 
-0.105412 -0.027510 -3.127651 -0.091712 0.368375 -0.007616 
-0.096416 -0.032679 -3.240629 -0.092059 0.368518 -0.006854 
-0.079721 -0.042045 -3.416529 -0.092427 0.368615 -0.005288 
-0.071553 -0.038525 -3.614373 -0.092226 0.368686 -0.003423 
-0.070053 -0.040106 -3.864157 -0.092062 0.369001 -0.001069 
-0.077115 -0.036485 -3.937211 -0.091876 0.369160 -0.000384 
-0.078806 -0.036151 -3.813853 -0.091560 0.369153 -0.001248 
-0.081760 -0.026221 -3.628149 -0.091019 0.368864 -0.002806 
-0.077455 -0.029486 -3.432281 -0.090568 0.368707 -0.004361 
-0.086697 -0.022582 -3.183861 -0.090538 0.368163 -0.006284 
-0.087638 -0.029309 -3.111546 -0.090589 0.367773 -0.006756 
-0.079794 -0.031786 -3.215441 -0.090757 0.367255 -0.005659 
-0.078624 -0.039490 -3.401621 -0.090961 0.366985 -0.004099 
-0.077043 -0.046925 -3.607750 -0.091322 0.366620 -0.002553 
-0.067644 -0.042594 -3.865438 -0.091594 0.366403 -0.000727 
-0.075156 -0.038220 -3.917400 -0.091404 0.366370 -0.000343 
-0.083012 -0.025472 -3.792732 -0.091325 0.366411 -0.001519 
-0.076653 -0.013149 -3.595653 -0.091246 0.366533 -0.003279 
-0.077607 -0.005377 -3.410311 -0.091041 0.366802 -0.004518 
-0.078612 -0.005444 -3.152418 -0.091056 0.366961 -0.006229 
-0.070455 -0.019623 -3.111669 -0.091314 0.367370 -0.006202 
-0.067900 -0.029567 -3.216733 -0.091699 0.367748 -0.004579 
-0.073039 -0.036356 -3.404410 -0.091740 0.368384 -0.002603 
-0.063126 -0.034038 -3.600635 -0.092029 0.368728 -0.001054 
-0.053684 -0.040610 -3.837818 -0.092218 0.369173 0.000561 
-0.060527 -0.037545 -3.919049 -0.092196 0.369424 0.000597 
-0.061097 -0.029495 -3.802272 -0.092307 0.369507 -0.001336 
-0.070502 -0.024699 -3.603917 -0.092129 0.369448 -0.003633 
-0.072128 -0.016370 -3.426991 -0.091921 0.369531 -0.005520 
-0.067368 -0.010482 -3.178089 -0.091729 0.369175 -0.007770 
-0.067854 -0.017832 -3.096520 -0.091785 0.368972 -0.007915 
-0.066866 -0.025483 -3.202899 -0.091832 0.368789 -0.005969 
-0.072330 -0.028911 -3.391043 -0.092010 0.368569 -0.003659 
-0.063401 -0.032195 -3.579238 -0.092177 0.368249 -0.001349 
-0.068949 -0.043481 -3.839221 -0.092406 0.367845 0.001328 
-0.083767 -0.034274 -3.901562 -0.092186 0.367676 0.001814 
-0.085906 -0.023931 -3.786100 -0.091960 0.367199 0.000203 
-0.088117 -0.030547 -3.587369 -0.092018 0.366797 -0.002091 
-0.091348 -0.028781 -3.388965 -0.091697 0.366406 -0.004494 
-0.101242 -0.022209 -3.168375 -0.091668 0.365868 -0.007407 
-0.096162 -0.033815 -3.085385 -0.091430 0.365624 -0.008307 
-0.096392 -0.034038 -3.210667 -0.091103 0.365645 -0.007132 
-0.087466 -0.047330 -3.407560 -0.091342 0.365703 -0.005373 
-0.092342 -0.045691 -3.595861 -0.091323 0.366342 -0.003181 
-0.090674 -0.055565 -3.846698 -0.091217 0.366653 -0.000403 
-0.081948 -0.045177 -3.910096 -0.091136 0.367181 0.000505 
-0.088920 -0.042925 -3.786548 -0.091131 0.367786 -0.000253 
-0.096719 -0.031566 -3.609671 -0.091066 0.368200 -0.002033 
-0.097037 -0.023951 -3.422109 -0.091184 0.368463 -0.003908 
-0.104321 -0.028190 -3.181605 -0.091713 0.368569 -0.006378 
-0.097024 -0.032631 -3.128804 -0.091904 0.368602 -0.007083 
-0.095550 -0.033032 -3.251323 -0.092221 0.368609 -0.006540 
-0.078760 -0.025677 -3.426793 -0.092472 0.368712 -0.005184 
-0.075555 0.005933 -3.623497 -0.092558 0.369116 -0.003519 
-0.063406 0.034414 -3.882276 -0.093141 0.369179 -0.001040 
-0.038206 0.004317 -3.915063 -0.094139 0.369282 0.000433 
-0.046121 -0.052560 -3.784310 -0.094230 0.370060 0.000729 
-0.071707 -0.083978 -3.580883 -0.093352 0.370867 -0.000204 
-0.134798 -0.071006 -3.374895 -0.091703 0.372240 -0.002527 
-0.183024 -0.039746 -3.156988 -0.090238 0.373132 -0.005360 
-0.175163 -0.032405 -3.029529 -0.088743 0.373345 -0.008597 
-0.130940 -0.059172 -3.077408 -0.087778 0.372359 -0.010370 
-0.078271 -0.096676 -3.166485 -0.087362 0.370837 -0.011526 
-0.079493 -0.083827 -3.264208 -0.087588 0.369524 -0.012658 
-0.113156 -0.034530 -3.444468 -0.088216 0.368657 -0.012877 
-0.161191 0.025540 -3.452174 -0.088945 0.367393 -0.013045 
-0.186142 0.066369 -3.255822 -0.090449 0.365739 -0.013247 
-0.164662 0.093834 -2.988946 -0.093148 0.363074 -0.012509 
-0.139497 0.130482 -2.684218 -0.096585 0.360289 -0.010222 
-0.113840 0.185138 -2.349249 -0.100057 0.357217 -0.007790 
-0.107697 0.284477 -2.221639 -0.103215 0.354525 -0.003702 
-0.109448 0.352749 -2.310963 -0.106103 0.352194 0.001682 
-0.097534 0.393446 -2.491792 -0.108851 0.350343 0.006967 
-0.054671 0.386661 -2.712835 -0.110628 0.348642 0.011323 
-0.022856 0.371366 -2.985844 -0.111022 0.348074 0.015169 
-0.011224 0.360164 -3.120427 -0.109963 0.348678 0.015455 
-0.025375 0.358463 -3.086515 -0.107897 0.350204 0.012648 
-0.043328 0.345851 -3.000864 -0.104789 0.352413 0.008677 
-0.061129 0.338794 -2.906354 -0.101322 0.355389 0.004917 
-0.078431 0.297371 -2.750935 -0.098260 0.358624 0.001305 
-0.078014 0.248207 -2.762391 -0.095875 0.361567 -0.000081 
-0.072873 0.184198 -2.928801 -0.094869 0.363920 0.000566 
-0.035417 0.142485 -3.154643 -0.095129 0.364628 0.001636 
-0.025442 0.142268 -3.378764 -0.095436 0.365546 0.002189 
-0.043525 0.165192 -3.729702 -0.094466 0.369274 0.003773 
-0.085358 0.148728 -3.947126 -0.093312 0.373609 0.004482 
-0.143923 0.106981 -3.916510 -0.092840 0.376005 0.003923 
-0.185317 0.062874 -3.761326 -0.093826 0.376825 0.003294 
-0.244187 0.048480 -3.629628 -0.095415 0.377691 0.004383 
-0.248399 0.062178 -3.436978 -0.096135 0.377604 0.004886 
-0.255495 0.088110 -3.381041 -0.095958 0.376514 0.006778 
-0.271330 0.092449 -3.542060 -0.095283 0.375509 0.009861 
-0.295620 0.050536 -3.814506 -0.094772 0.374463 0.012940 
-0.367077 0.012015 -4.063066 -0.093784 0.372690 0.014437 
-0.436735 -0.040226 -4.320231 -0.092247 0.368988 0.015076 
-0.528708 -0.074605 -4.407896 -0.090607 0.366185 0.012854 
-0.594372 -0.100903 -4.327458 -0.088583 0.363365 0.008092 
-0.634638 -0.140609 -4.131706 -0.086323 0.359578 0.001713 
-0.669397 -0.182660 -3.913974 -0.083916 0.355268 -0.005396 
-0.730798 -0.211951 -3.674209 -0.081759 0.352103 -0.013024 
-0.824148 -0.249716 -3.633313 -0.079992 0.350146 -0.018044 
-0.889859 -0.277269 -3.713766 -0.078772 0.348788 -0.018981 
-0.931505 -0.299644 -3.852452 -0.077659 0.347183 -0.016961 
-0.938669 -0.314872 -4.031257 -0.077114 0.345926 -0.010895 
-0.952975 -0.293315 -4.296773 -0.077276 0.346089 -0.002211 
-0.958731 -0.251511 -4.406331 -0.077781 0.346464 0.005222 
-1.016801 -0.220375 -4.294192 -0.078725 0.346589 0.009635 
-1.080266 -0.182023 -4.138539 -0.080591 0.347886 0.009586 
-1.126235 -0.158344 -4.002539 -0.083676 0.350482 0.006086 
-1.205982 -0.154290 -3.918268 -0.089975 0.355688 -0.002807 
-1.221307 -0.053195 -3.860544 -0.096193 0.358191 -0.012942 
-1.303708 0.056925 -3.932263 -0.098516 0.355655 -0.018358 
-1.351150 0.137097 -4.052669 -0.099418 0.353457 -0.017850 
-1.328382 0.145944 -4.156550 -0.099815 0.350170 -0.012531 
-1.353851 0.098267 -4.324720 -0.100952 0.345686 -0.001474 
-1.330568 0.099068 -4.314292 -0.102533 0.341720 0.011362 
-1.384088 0.216234 -4.205241 -0.101417 0.338524 0.023749 
-1.465449 0.357179 -4.028934 -0.098385 0.334858 0.036396 
-1.500430 0.461820 -3.786734 -0.095102 0.330551 0.046834 
-1.564543 0.462728 -3.471956 -0.094180 0.326759 0.050244 
-1.552333 0.433979 -3.371922 -0.095664 0.323197 0.048021 
-1.585895 0.433934 -3.500288 -0.096964 0.320563 0.040028 
-1.649456 0.500560 -3.694041 -0.098453 0.317783 0.026331 
-1.709794 0.565380 -3.877835 -0.101402 0.315256 0.009766 
-1.793604 0.606833 -4.063807 -0.104529 0.314805 -0.002113 
-1.795216 0.644128 -4.075510 -0.107001 0.314532 -0.007535 
-1.802265 0.673637 -3.929223 -0.108571 0.313718 -0.004148 
-1.805095 0.734623 -3.686561 -0.109600 0.313843 0.004676 
-1.818295 0.801876 -3.445349 -0.110590 0.314817 0.017888 
-1.843099 0.829500 -3.149268 -0.112513 0.317373 0.029948 
-1.820205 0.873375 -3.020818 -0.113483 0.320674 0.039487 
-1.812834 0.888099 -3.060376 -0.113696 0.323510 0.042968 
-1.819099 0.874712 -3.234527 -0.113948 0.325573 0.039793 
-1.882546 0.892923 -3.406317 -0.114817 0.328137 0.032350 
-1.929500 0.899003 -3.674278 -0.116398 0.329448 0.027311 
-1.935624 0.912964 -3.777548 -0.118068 0.328636 0.021473 
-1.927372 0.944441 -3.694244 -0.118329 0.326555 0.013221 
-1.927206 0.935215 -3.575756 -0.118077 0.323469 0.010562 
-1.969338 0.893700 -3.447491 -0.117754 0.320481 0.011865 
-2.042572 0.841366 -3.256444 -0.116887 0.318269 0.012022 
-2.118519 0.795303 -3.228701 -0.115004 0.316485 0.011915 
-2.117593 0.791151 -3.355351 -0.111489 0.315352 0.011550 
-2.084961 0.784339 -3.534125 -0.107650 0.314968 0.015307 
-2.058096 0.738725 -3.681455 -0.104571 0.314888 0.019083 
-2.097228 0.696555 -3.908991 -0.101985 0.314989 0.019047 
-2.187953 0.650146 -3.951223 -0.100113 0.315222 0.014570 
-2.219478 0.620311 -3.822228 -0.099065 0.315207 0.007148 
-2.194848 0.623253 -3.637699 -0.099040 0.314236 0.002491 
-2.129610 0.630875 -3.421932 -0.100246 0.312977 -0.001689 
-2.110582 0.632936 -3.192568 -0.102805 0.312226 -0.006271 
-2.141622 0.618743 -3.125962 -0.105339 0.312511 -0.010687 
-2.186380 0.602908 -3.261852 -0.107239 0.313309 -0.011753 
-2.207186 0.580975 -3.445249 -0.108360 0.314817 -0.006878 
-2.191924 0.568214 -3.638803 -0.109074 0.317034 -0.002346 
-2.166569 0.588308 -3.870565 -0.108425 0.319295 0.000430 
-2.166739 0.623249 -3.946604 -0.107051 0.321142 0.001411 
-2.169772 0.663478 -3.825764 -0.104847 0.321939 0.004169 
-2.193735 0.668252 -3.660144 -0.103710 0.322187 0.006009 
-2.218559 0.617300 -3.472650 -0.103288 0.321648 0.007650 
-2.215122 0.580194 -3.215497 -0.102915 0.319665 0.009907 
-2.188388 0.561838 -3.133184 -0.103192 0.317832 0.009672 
-2.146038 0.499556 -3.245147 -0.104725 0.316081 0.006910 
-2.127324 0.497046 -3.413492 -0.105206 0.315100 0.001851 
-2.123764 0.511828 -3.575398 -0.105092 0.314140 -0.002132 
-2.054142 0.485886 -3.780334 -0.105224 0.313663 -0.005209 
-1.983077 0.491292 -3.791689 -0.104502 0.314126 -0.005343 
-1.989871 0.511429 -3.650118 -0.102762 0.314945 0.001399 
-2.027192 0.552266 -3.457588 -0.100736 0.314927 0.007985 
-2.024402 0.588801 -3.257964 -0.100325 0.314619 0.012885 
-1.921486 0.588076 -3.033178 -0.101565 0.313881 0.020711 
-1.855703 0.621232 -3.016552 -0.102256 0.314016 0.026427 
-1.883302 0.619672 -3.160459 -0.103886 0.314023 0.020540 
-1.880193 0.593320 -3.354102 -0.107116 0.313515 0.011411 
-1.819662 0.606816 -3.544571 -0.110676 0.314538 0.005075 
-1.693931 0.655388 -3.841663 -0.114111 0.317705 -0.007265 
-1.618378 0.679654 -3.893605 -0.116148 0.320628 -0.009557 
-1.629612 0.700283 -3.701534 -0.116340 0.323573 -0.001588 
-1.622702 0.679780 -3.458516 -0.116494 0.327124 0.002218 
-1.567076 0.615920 -3.247848 -0.115956 0.331491 0.017750 
-1.484045 0.594017 -3.000973 -0.113500 0.336074 0.037587 
-1.445236 0.565340 -2.927625 -0.110948 0.338774 0.050218 
-1.422062 0.539729 -3.013999 -0.108536 0.340553 0.062085 
-1.378084 0.540277 -3.198045 -0.106407 0.342678 0.068839 
-1.295591 0.509805 -3.399439 -0.105278 0.343452 0.067338 
-1.212043 0.466218 -3.667929 -0.104398 0.341821 0.060765 
-1.161164 0.441958 -3.723204 -0.104057 0.339426 0.046789 
-1.161787 0.397436 -3.635723 -0.104540 0.336972 0.029189 
-1.183603 0.335576 -3.514500 -0.105161 0.335799 0.010312 
-1.239677 0.291210 -3.344860 -0.104073 0.334678 -0.008755 
-1.327993 0.226345 -3.133674 -0.102024 0.332724 -0.024904 
-1.381322 0.179774 -3.088296 -0.099013 0.331228 -0.040350 
-1.398942 0.147197 -3.171545 -0.095392 0.330770 -0.045844 
-1.368257 0.097778 -3.356759 -0.091693 0.330475 -0.043504 
-1.319209 0.076837 -3.505573 -0.087943 0.329591 -0.035647 
-1.281518 0.051979 -3.688533 -0.085186 0.329191 -0.017946 
-1.254680 -0.008288 -3.748516 -0.083657 0.329406 -0.000037 
-1.239978 0.046475 -3.617310 -0.081979 0.330297 0.014644 
-1.234968 0.077218 -3.391581 -0.082894 0.330744 0.025902 
-1.254281 0.108413 -3.175348 -0.085104 0.331170 0.037816 
-1.364632 0.204664 -2.963717 -0.088039 0.331757 0.036686 
-1.447607 0.234379 -2.934402 -0.092865 0.331463 0.028869 
-1.429319 0.243246 -3.082211 -0.098733 0.329323 0.019638 
-1.371009 0.333331 -3.318022 -0.103683 0.327322 0.004772 
-1.253865 0.383903 -3.546308 -0.108553 0.324709 -0.005383 
-1.138047 0.430004 -3.790109 -0.112330 0.323353 -0.014298 
-1.114340 0.418929 -3.849785 -0.114002 0.324512 -0.021526 
-1.145634 0.357733 -3.793110 -0.113493 0.327369 -0.024437 
-1.210253 0.290289 -3.624460 -0.109842 0.332920 -0.033657 
-1.164251 0.247280 -3.374943 -0.104509 0.337816 -0.032314 
-1.007955 0.166473 -3.089732 -0.098896 0.341053 -0.033306 
-0.853394 0.140039 -2.960692 -0.091604 0.344948 -0.022111 
-0.771856 0.063539 -3.070649 -0.085017 0.348789 -0.012091 
-0.735621 -0.071310 -3.284172 -0.081432 0.351399 -0.003087 
-0.740966 -0.156140 -3.479036 -0.079930 0.353269 0.008141 
-0.751760 -0.256479 -3.761900 -0.079823 0.355554 0.015122 
-0.745910 -0.300793 -3.884990 -0.080767 0.356284 0.020043 
-0.734141 -0.295212 -3.775000 -0.082656 0.355799 0.018028 
-0.612645 -0.272706 -3.568259 -0.085491 0.353674 0.014522 
-0.497385 -0.236132 -3.400342 -0.088711 0.351125 0.010677 
-0.379563 -0.223302 -3.208446 -0.090974 0.349211 0.004677 
-0.306061 -0.234335 -3.142952 -0.091496 0.347994 -0.004582 
-0.251998 -0.243981 -3.263412 -0.091367 0.347714 -0.009086 
-0.220704 -0.288584 -3.434268 -0.090853 0.348924 -0.014099 
-0.225299 -0.286449 -3.624497 -0.087781 0.351174 -0.021087 
-0.222263 -0.286106 -3.880098 -0.084713 0.352808 -0.026302 
-0.135576 -0.312607 -3.932873 -0.082437 0.353824 -0.027266 
-0.015214 -0.311186 -3.762248 -0.080597 0.354401 -0.024158 
0.103365 -0.311471 -3.529709 -0.079736 0.354607 -0.016905 
0.227654 -0.327999 -3.318113 -0.079787 0.354871 -0.004946 
0.237171 -0.362890 -3.066935 -0.080037 0.356119 0.007573 
0.256818 -0.417484 -2.943987 -0.080893 0.357022 0.022989 
0.353410 -0.442314 -2.963805 -0.082294 0.356926 0.031343 
0.391049 -0.323358 -3.164309 -0.080786 0.362867 0.033166 
0.522454 -0.219445 -3.579219 -0.076914 0.375347 0.033400 
0.500587 -0.241879 -4.081999 -0.074498 0.385876 0.025623 
0.385593 -0.358840 -4.216319 -0.075875 0.393981 0.011348 
0.312048 -0.496446 -4.126131 -0.081245 0.401348 -0.012541 
0.240836 -0.598167 -3.956026 -0.086203 0.408425 -0.032276 
0.250225 -0.577853 -3.705934 -0.087852 0.414678 -0.061373 
0.293380 -0.528289 -3.439661 -0.086698 0.419395 -0.078997 
0.307779 -0.550897 -3.455354 -0.085245 0.421570 -0.085822 
0.308282 -0.546012 -3.493116 -0.085206 0.420432 -0.082945 
0.258610 -0.603779 -3.505410 -0.084661 0.412010 -0.058657 
0.179951 -0.626469 -3.550853 -0.082922 0.403988 -0.041803 
0.189242 -0.535276 -3.688110 -0.080001 0.396010 -0.013744 
0.134388 -0.506356 -3.743857 -0.077238 0.386906 0.010410 
0.080674 -0.436694 -3.653535 -0.074519 0.376625 0.025391 
-0.010196 -0.294862 -3.521349 -0.073249 0.365649 0.029426 
-0.117976 -0.231717 -3.341151 -0.075439 0.354162 0.028917 
-0.097455 -0.154626 -3.107489 -0.080034 0.343477 0.020975 
-0.038929 -0.071388 -3.049610 -0.085039 0.333981 0.010624 
0.129755 -0.045070 -3.197464 -0.090691 0.324485 0.001580 
0.230928 -0.051016 -3.450988 -0.096285 0.319289 -0.006114 
0.203128 -0.058865 -3.691878 -0.099239 0.319886 -0.008964 
0.098572 -0.134385 -3.962628 -0.098697 0.324150 -0.014638 
0.072670 -0.175041 -3.976797 -0.094502 0.331786 -0.012564 
0.150493 -0.242441 -3.781575 -0.089322 0.342011 -0.006298 
0.283624 -0.280717 -3.582030 -0.083906 0.354352 0.001883 
0.290737 -0.308982 -3.348776 -0.078337 0.367660 0.004944 
0.258861 -0.380775 -3.041271 -0.075188 0.379393 0.008429 
0.202162 -0.489045 -2.896544 -0.074712 0.389481 0.010104 
0.140557 -0.563892 -2.944381 -0.077209 0.399254 0.009961 
0.239098 -0.619893 -3.058696 -0.082524 0.401129 0.010323 
0.295077 -0.574917 -3.225481 -0.087633 0.399419 0.003967 
0.324950 -0.428162 -3.588376 -0.090104 0.401990 0.001045 
0.360544 -0.332980 -3.956724 -0.091003 0.402784 -0.000835 
0.277217 -0.330899 -3.956791 -0.091999 0.399154 -0.003668 
0.207269 -0.378906 -3.789662 -0.094312 0.393277 -0.007515 
0.208150 -0.402407 -3.636527 -0.096410 0.387103 -0.013940 
0.254450 -0.350972 -3.361125 -0.095230 0.382261 -0.018903 
0.264570 -0.243704 -3.217642 -0.089816 0.379047 -0.030469 
0.198964 -0.185519 -3.343114 -0.083007 0.377458 -0.029346 
0.036604 -0.207132 -3.508042 -0.079385 0.374979 -0.030371 
0.021440 -0.270242 -3.530889 -0.078382 0.369056 -0.022001 
0.027544 -0.316239 -3.706705 -0.078198 0.361116 -0.004821 
0.103355 -0.279191 -3.745506 -0.078366 0.356135 0.006582 
0.144190 -0.241170 -3.591995 -0.080001 0.351476 0.022995 
0.028263 -0.263791 -3.366969 -0.083448 0.346324 0.028869 
-0.063281 -0.228123 -3.145853 -0.087117 0.344075 0.028515 
-0.207611 -0.213348 -2.980571 -0.089359 0.346207 0.025034 
-0.192594 -0.181255 -3.017749 -0.090895 0.349456 0.020712 
-0.113606 -0.103044 -3.160966 -0.092869 0.351993 0.010755 
-0.069097 -0.046110 -3.383651 -0.094847 0.354875 0.004044 
-0.124336 -0.054675 -3.720223 -0.096379 0.360533 -0.010010 
-0.240379 -0.091173 -4.120385 -0.096209 0.367389 -0.020305 
-0.346101 -0.211889 -4.293850 -0.095190 0.371138 -0.032564 
-0.394709 -0.318333 -4.174405 -0.094211 0.373402 -0.044339 
-0.395319 -0.315676 -3.984243 -0.091795 0.375957 -0.049066 
-0.420759 -0.292131 -3.788401 -0.087958 0.376795 -0.048955 
-0.408402 -0.239792 -3.472490 -0.083257 0.374496 -0.048602 
-0.426921 -0.245206 -3.281745 -0.080739 0.370974 -0.045437 
-0.350034 -0.329839 -3.237549 -0.080642 0.366015 -0.035198 
-0.281598 -0.376328 -3.234379 -0.080601 0.360748 -0.028511 
-0.289980 -0.277096 -3.284592 -0.078775 0.358291 -0.021757 
-0.257249 -0.178430 -3.619078 -0.075630 0.359235 -0.008229 
-0.375903 -0.106694 -3.850567 -0.074698 0.359858 -0.001442 
-0.508278 -0.082584 -3.740467 -0.078142 0.356773 0.005725 
-0.498271 -0.080794 -3.568333 -0.085360 0.350838 0.007121 
-0.450860 -0.002781 -3.431443 -0.091539 0.349184 0.013384 
-0.274940 0.108884 -3.270567 -0.097250 0.347284 0.006161 
-0.065517 0.154031 -3.165292 -0.103726 0.341881 0.001378 
0.004009 0.175674 -3.244270 -0.109477 0.339571 -0.007149 
-0.046135 0.107335 -3.440727 -0.111912 0.343922 -0.012180 
-0.128086 -0.013805 -3.701964 -0.108300 0.351003 -0.004435 
-0.163435 -0.127694 -3.859557 -0.100921 0.356879 -0.003935 
-0.045658 -0.178552 -3.798308 -0.093660 0.361697 0.006004 
0.018526 -0.146189 -3.696309 -0.086653 0.368921 0.012240 
0.053674 -0.089667 -3.520260 -0.079497 0.376539 0.017257 
0.012627 -0.147902 -3.297167 -0.074639 0.379369 0.021501 
-0.077060 -0.290418 -2.986988 -0.075711 0.379887 0.019684 
-0.162423 -0.420292 -2.921169 -0.081983 0.381075 0.017841 
-0.193120 -0.429019 -3.060485 -0.088645 0.379860 0.017513 
-0.153104 -0.339755 -3.249628 -0.094410 0.373314 0.012830 
-0.052856 -0.254445 -3.379414 -0.100330 0.364130 0.005009 
-0.009597 -0.139499 -3.661612 -0.105105 0.358249 -0.003518 
-0.047491 -0.104956 -3.832123 -0.105684 0.357086 -0.019172 
-0.104314 -0.121853 -3.859738 -0.100212 0.356795 -0.031609 
-0.181872 -0.172742 -3.755206 -0.093392 0.356807 -0.045150 
-0.209868 -0.296436 -3.600643 -0.089145 0.357501 -0.049214 
-0.247895 -0.340974 -3.314730 -0.084032 0.359820 -0.049734 
-0.249387 -0.344258 -3.103306 -0.076351 0.360202 -0.046566 
-0.207170 -0.294630 -3.103239 -0.069385 0.360814 -0.039583 
-0.098712 -0.271480 -3.308646 -0.065451 0.364613 -0.029885 
-0.033643 -0.257594 -3.546287 -0.065943 0.366708 -0.016377 
0.044862 -0.287088 -3.765414 -0.070107 0.365717 -0.003532 
0.030125 -0.263840 -3.791286 -0.076053 0.364705 0.010496 
-0.110117 -0.288203 -3.760181 -0.083701 0.367590 0.019180 
-0.196195 -0.242555 -3.655739 -0.091633 0.370592 0.027205 
-0.214643 -0.164636 -3.483703 -0.098337 0.370052 0.028136 
-0.138931 -0.036107 -3.225338 -0.103832 0.368756 0.022392 
-0.092790 0.134300 -3.277145 -0.108397 0.371351 0.010447 
-0.094472 0.180005 -3.417303 -0.110328 0.373464 -0.008412 
-0.152963 0.097652 -3.531957 -0.110136 0.372390 -0.022899 
-0.263941 -0.000396 -3.695123 -0.107996 0.373110 -0.043486 
-0.344213 -0.175314 -4.053442 -0.103793 0.374789 -0.049197 
-0.396496 -0.278423 -4.166926 -0.096024 0.374659 -0.049878 
-0.371629 -0.317810 -3.950224 -0.085847 0.371108 -0.050253 
-0.366878 -0.301065 -3.724566 -0.077856 0.367736 -0.040808 
-0.335234 -0.328784 -3.490927 -0.070163 0.364723 -0.034378 
-0.316276 -0.397179 -3.158770 -0.065500 0.360526 -0.024819 
-0.354470 -0.475807 -3.010457 -0.062378 0.354543 -0.017411 
-0.309430 -0.461762 -3.100349 -0.061763 0.353209 -0.010509 
-0.328303 -0.449732 -3.332779 -0.064728 0.353680 -0.001012 
-0.289276 -0.348928 -3.529103 -0.069928 0.351479 0.008078 
-0.314856 -0.180563 -3.709125 -0.076944 0.347825 0.008572 
-0.311783 -0.071938 -3.807581 -0.085976 0.345461 0.009983 
-0.255124 0.062713 -3.811771 -0.096250 0.345474 0.003111 
-0.151265 0.135462 -3.644081 -0.105494 0.343856 -0.008250 
0.013227 0.194280 -3.390391 -0.112390 0.340764 -0.011417 
0.060234 0.210772 -3.112841 -0.117247 0.342782 -0.013699 
0.038428 0.174275 -3.087763 -0.118164 0.349428 -0.007642 
-0.015777 0.063965 -3.219564 -0.114145 0.355922 0.000753 
0.041014 -0.041765 -3.341799 -0.106171 0.362031 0.010491 
0.145780 -0.141693 -3.520961 -0.097164 0.369532 0.017897 
0.250061 -0.143784 -3.776421 -0.087947 0.378910 0.027292 
0.297206 -0.170810 -3.824571 -0.079431 0.385101 0.031756 
0.227432 -0.272889 -3.687453 -0.073769 0.387260 0.033439 
0.129271 -0.422615 -3.509107 -0.072800 0.387376 0.030302 
0.058522 -0.627461 -3.310989 -0.076061 0.384961 0.022424 
0.001751 -0.691856 -3.099182 -0.077846 0.382984 0.012444 
0.044390 -0.614412 -3.168532 -0.075672 0.383461 -0.005101 
0.071272 -0.577164 -3.434987 -0.074903 0.381090 -0.023740 
0.064460 -0.569049 -3.606858 -0.077578 0.376232 -0.048985 
0.009333 -0.621063 -3.726829 -0.081027 0.371113 -0.070333 
0.000598 -0.637084 -3.943277 -0.080972 0.368220 -0.076603 
-0.019686 -0.583298 -3.955069 -0.077553 0.368286 -0.082003 
0.016771 -0.518448 -3.797740 -0.073703 0.368743 -0.067110 
-0.024451 -0.436581 -3.635640 -0.070904 0.368313 -0.053141 
-0.178594 -0.353974 -3.412790 -0.069611 0.367630 -0.030190 
-0.249242 -0.319504 -3.172292 -0.070215 0.365000 -0.005052 
-0.264251 -0.285142 -3.136570 -0.073190 0.362664 0.014579 
-0.117136 -0.181017 -3.265998 -0.078625 0.359717 0.033062 
0.052514 -0.111685 -3.452626 -0.086702 0.355342 0.044138 
0.069058 -0.020728 -3.680210 -0.095039 0.353187 0.047884 
-0.028698 0.037455 -4.011439 -0.101743 0.354313 0.047397 
-0.141353 0.030005 -4.150436 -0.106038 0.357003 0.037452 
-0.173676 0.022943 -4.033659 -0.108051 0.360035 0.017174 
-0.095814 0.055760 -3.808318 -0.107797 0.363256 -0.003573 
-0.041238 0.061461 -3.639437 -0.105656 0.366920 -0.027306 
-0.078642 0.053451 -3.396719 -0.100451 0.370852 -0.042449 
-0.178205 -0.035375 -3.328108 -0.095837 0.373505 -0.048741 
-0.310637 -0.235036 -3.404841 -0.090886 0.374745 -0.050151 
-0.416167 -0.420017 -3.538420 -0.086133 0.375632 -0.045165 
-0.419345 -0.515267 -3.663328 -0.081170 0.374598 -0.039584 
-0.349733 -0.551078 -3.846837 -0.076705 0.370791 -0.034315 
-0.292127 -0.516306 -3.843439 -0.073530 0.366010 -0.033544 
-0.284553 -0.461507 -3.683722 -0.072017 0.360902 -0.029275 
-0.308971 -0.480883 -3.445062 -0.072654 0.354637 -0.022779 
-0.259473 -0.461366 -3.161615 -0.074101 0.346618 -0.017272 
-0.228977 -0.357011 -2.885776 -0.076088 0.340785 -0.008429 
-0.127217 -0.215417 -2.914084 -0.077919 0.340358 0.007717 
-0.156264 -0.088728 -3.220996 -0.079597 0.341832 0.021778 
-0.228513 -0.029610 -3.462078 -0.083068 0.341820 0.023477 
-0.229381 -0.044990 -3.646120 -0.089919 0.342020 0.020841 
-0.157461 -0.008380 -3.918653 -0.096849 0.347168 0.005226 
0.047291 0.026721 -3.969256 -0.101954 0.351459 -0.007437 
0.245429 0.094456 -3.775282 -0.104915 0.354255 -0.017962 
0.319482 0.122163 -3.489995 -0.105502 0.360871 -0.022495 
0.232728 0.041589 -3.346959 -0.104523 0.370059 -0.008690 
0.146290 -0.096778 -3.090171 -0.101385 0.378814 -0.001166 
0.143159 -0.180030 -2.946386 -0.095549 0.384373 0.016999 
0.250582 -0.235922 -3.048919 -0.090408 0.389579 0.032829 
0.383622 -0.252957 -3.214332 -0.087388 0.393948 0.043194 
0.383894 -0.265242 -3.386599 -0.084252 0.396077 0.044793 
0.328016 -0.316008 -3.686249 -0.081093 0.398206 0.040802 
0.191865 -0.390567 -3.910079 -0.079602 0.400952 0.028310 
0.092725 -0.512110 -3.932695 -0.080842 0.401368 0.010460 
0.019238 -0.519382 -3.783127 -0.082717 0.397885 -0.014219 
0.045769 -0.473634 -3.603898 -0.084642 0.391140 -0.038389 
0.070043 -0.341876 -3.403113 -0.086122 0.383217 -0.055314 
0.085378 -0.290787 -3.293291 -0.088650 0.373326 -0.071669 
0.006204 -0.323893 -3.338134 -0.090523 0.362784 -0.068031 
-0.089545 -0.320439 -3.506821 -0.088608 0.356235 -0.058473 
-0.130266 -0.326311 -3.719268 -0.085758 0.351232 -0.040735 
-0.149511 -0.322734 -3.915372 -0.082188 0.347041 -0.022035 
-0.167846 -0.251045 -3.910023 -0.078151 0.344750 -0.007023 
-0.260399 -0.204955 -3.757414 -0.074993 0.344649 -0.001340 
-0.262105 -0.175685 -3.550936 -0.073352 0.346085 -0.000013 
-0.247369 -0.127093 -3.350182 -0.074139 0.347793 0.001242 
-0.168237 -0.092099 -3.106071 -0.078039 0.348167 -0.000414 
-0.063394 0.017692 -3.042663 -0.084281 0.349961 0.006616 
-0.044681 0.110042 -3.224502 -0.091486 0.353446 0.018898 
-0.093696 0.122278 -3.505213 -0.098968 0.357191 0.030316 
-0.198593 0.123276 -3.772256 -0.104798 0.361398 0.031529 
-0.231121 0.078559 -4.076944 -0.110267 0.366787 0.023339 
-0.190813 0.076612 -4.244374 -0.113633 0.372713 0.011597 
-0.103352 0.119565 -4.135940 -0.114103 0.378266 -0.014515 
-0.108571 0.139289 -3.880807 -0.111418 0.382459 -0.028852 
-0.159139 0.067004 -3.615293 -0.107637 0.385685 -0.044079 
-0.190508 -0.098287 -3.240081 -0.102732 0.386547 -0.047771 
-0.254688 -0.293304 -3.028007 -0.096594 0.384702 -0.043987 
-0.258760 -0.433378 -3.063724 -0.087613 0.384505 -0.040456 
-0.253799 -0.491110 -3.312230 -0.076264 0.384048 -0.026705 
-0.219711 -0.558804 -3.520777 -0.067862 0.379154 -0.018299 
-0.187511 -0.544593 -3.686593 -0.063383 0.370476 -0.007683 
-0.179434 -0.548197 -3.723289 -0.063069 0.361074 0.002893 
-0.107018 -0.522707 -3.606781 -0.064612 0.352446 0.010304 
-0.112110 -0.440917 -3.408452 -0.067098 0.345505 0.010410 
-0.029548 -0.339605 -3.264725 -0.071163 0.340543 0.008972 
-0.053745 -0.269262 -3.138608 -0.077602 0.337916 -0.003629 
-0.108334 -0.152561 -3.075691 -0.084214 0.337541 -0.015214 
-0.129875 -0.106146 -3.230573 -0.090485 0.336650 -0.025300 
-0.125717 -0.050364 -3.421356 -0.095550 0.338948 -0.030428 
-0.035778 0.018964 -3.618339 -0.099503 0.343349 -0.026381 
0.089329 0.046073 -3.848008 -0.102280 0.347030 -0.014563 
0.182757 0.044354 -3.866646 -0.103362 0.352239 0.000598 
0.116922 0.005699 -3.701675 -0.102236 0.360244 0.013806 
0.081065 -0.054541 -3.540589 -0.100120 0.368120 0.023878 
0.080282 -0.164419 -3.280037 -0.096252 0.377718 0.029355 
0.177677 -0.205033 -2.951500 -0.092323 0.384061 0.032270 
0.224740 -0.203772 -2.900561 -0.088918 0.389184 0.033381 
0.216806 -0.190835 -3.082945 -0.087219 0.393286 0.031980 
0.158455 -0.250021 -3.339546 -0.086690 0.393715 0.036659 
0.078102 -0.330169 -3.575651 -0.087770 0.390342 0.030907 
0.066935 -0.442863 -3.843023 -0.090644 0.383781 0.018956 
0.024513 -0.445412 -3.971717 -0.091650 0.379639 -0.008432 
0.038395 -0.387899 -4.012291 -0.088512 0.378275 -0.037532 
-0.001471 -0.351647 -3.973646 -0.083791 0.376019 -0.070766 
-0.065774 -0.381126 -3.769324 -0.079711 0.372087 -0.093241 
-0.118895 -0.462485 -3.448990 -0.077757 0.368551 -0.096741 
-0.100517 -0.543177 -3.290261 -0.075746 0.365891 -0.092888 
-0.115731 -0.501639 -3.273817 -0.070955 0.365300 -0.071155 
-0.060289 -0.461445 -3.407294 -0.066606 0.365865 -0.046237 
-0.064935 -0.437026 -3.560952 -0.064973 0.366664 -0.015619 
-0.187714 -0.374944 -3.748927 -0.066197 0.367429 0.006993 
-0.249230 -0.341109 -3.780111 -0.070165 0.366380 0.025712 
-0.316312 -0.243299 -3.686022 -0.075785 0.364693 0.036556 
-0.248023 -0.083054 -3.508158 -0.083465 0.363201 0.039906 
-0.112516 0.043069 -3.358437 -0.094079 0.359967 0.036523 
-0.080930 0.123418 -3.150994 -0.104599 0.356551 0.022669 
-0.151752 0.188628 -3.122586 -0.112386 0.356163 0.005583 
-0.222005 0.152972 -3.308270 -0.117499 0.357567 -0.017041 
-0.227959 0.133632 -3.541290 -0.118277 0.359322 -0.032267 
-0.192492 0.127556 -3.714264 -0.115724 0.360984 -0.045557 
-0.116266 0.090291 -3.927540 -0.109985 0.362672 -0.045650 
-0.138430 0.033908 -4.017786 -0.101227 0.365048 -0.036580 
-0.172098 -0.081894 -3.884806 -0.091456 0.366977 -0.024459 
-0.215096 -0.267720 -3.650338 -0.082669 0.366537 -0.011703 
-0.247315 -0.441487 -3.375383 -0.075401 0.366012 -0.001779 
-0.225207 -0.550573 -3.089159 -0.070221 0.364351 0.001469 
-0.184887 -0.590092 -2.951072 -0.066623 0.361551 0.000580 
-0.111692 -0.545687 -2.998560 -0.065297 0.357436 0.002618 
-0.116262 -0.500540 -3.181059 -0.067702 0.353011 0.000746 
-0.121682 -0.465814 -3.395635 -0.072749 0.349365 0.005091 
-0.150770 -0.407987 -3.695795 -0.078447 0.346387 0.011628 
-0.116708 -0.302890 -3.813450 -0.084752 0.342565 0.010851 
-0.029478 -0.185203 -3.699145 -0.092235 0.338527 0.007399 
-0.013298 -0.027228 -3.521374 -0.098200 0.338038 -0.005906 
-0.059182 0.112474 -3.440619 -0.100471 0.342784 -0.015875 
-0.081282 0.148391 -3.363272 -0.100406 0.349130 -0.030340 
-0.068890 0.110529 -3.315872 -0.099709 0.355715 -0.030080 
-0.004317 0.041718 -3.423660 -0.100152 0.361770 -0.020187 
0.142344 -0.017638 -3.553806 -0.099996 0.368509 -0.006149 
0.228056 -0.032133 -3.637133 -0.096988 0.375325 0.015412 
0.271260 -0.106070 -3.799106 -0.092654 0.381929 0.027324 
0.237245 -0.132611 -3.901547 -0.087715 0.390809 0.039382 
0.200202 -0.173619 -3.847148 -0.084175 0.398706 0.042809 
0.211223 -0.219045 -3.641298 -0.082895 0.401829 0.040444 
0.209748 -0.210573 -3.419510 -0.083815 0.401606 0.033791 
0.219870 -0.191831 -3.171594 -0.086745 0.399673 0.026356 
0.197284 -0.217224 -3.117013 -0.091925 0.395466 0.009149 
0.111048 -0.232887 -3.252931 -0.095778 0.390969 -0.009624 
0.007597 -0.274834 -3.589894 -0.097729 0.387462 -0.034300 
-0.095234 -0.351634 -3.903632 -0.097995 0.383364 -0.057382 
-0.147378 -0.389002 -4.129162 -0.096991 0.377022 -0.072220 
-0.139301 -0.398280 -4.126905 -0.093834 0.369104 -0.082473 
-0.113774 -0.364459 -3.957858 -0.087634 0.361958 -0.077074 
-0.102186 -0.379553 -3.679198 -0.080504 0.355081 -0.063899 
-0.114636 -0.403357 -3.470402 -0.074091 0.350480 -0.050801 
-0.164982 -0.409860 -3.196693 -0.065491 0.347400 -0.032971 
-0.186270 -0.450574 -3.075281 -0.060323 0.346417 -0.013007 
-0.228241 -0.443140 -3.136488 -0.058196 0.345512 0.001399 
-0.274432 -0.404289 -3.265664 -0.060029 0.344641 0.009601 
-0.282322 -0.320463 -3.476508 -0.065701 0.345818 0.016605 
-0.268955 -0.217390 -3.761004 -0.073795 0.347998 0.018432 
-0.240081 -0.116770 -3.887156 -0.082386 0.348806 0.022131 
-0.143859 0.039026 -3.762990 -0.095389 0.349675 0.014442 
-0.110351 0.179132 -3.590320 -0.106454 0.352789 0.006199 
-0.168206 0.232462 -3.473884 -0.115773 0.357745 -0.009031 
-0.226869 0.202727 -3.272315 -0.121501 0.362664 -0.024493 
-0.245123 0.149854 -3.184836 -0.122858 0.366377 -0.030251 
-0.154913 0.093839 -3.277203 -0.120788 0.370611 -0.031724 
-0.049051 0.092349 -3.423793 -0.114779 0.374809 -0.014945 
0.036947 0.025853 -3.549944 -0.105865 0.376145 -0.003976 
0.089524 -0.122302 -3.654321 -0.096095 0.375301 0.013638 
0.066206 -0.254432 -3.720138 -0.085781 0.376793 0.023863 
0.050669 -0.419927 -3.685269 -0.075546 0.379804 0.022564 
0.006940 -0.533421 -3.584427 -0.066253 0.382249 0.016218 
0.036832 -0.644073 -3.412299 -0.059793 0.381093 0.004010 
0.038894 -0.686342 -3.207616 -0.058494 0.377374 -0.009106 
0.094822 -0.691273 -3.132243 -0.060910 0.373604 -0.016795 
0.179964 -0.666424 -3.227469 -0.065178 0.367472 -0.019846 
0.206716 -0.583056 -3.394610 -0.069386 0.361395 -0.026256 
0.189416 -0.433851 -3.659082 -0.073798 0.360462 -0.026448 
0.131909 -0.357983 -3.998698 -0.079710 0.361122 -0.028122 
0.044566 -0.258708 -4.067507 -0.084684 0.360732 -0.025268 
-0.051331 -0.185967 -3.904187 -0.089699 0.359881 -0.022006 
-0.036881 -0.172325 -3.688992 -0.094748 0.359952 -0.015630 
-0.002574 -0.109100 -3.448517 -0.097991 0.361340 -0.008505 
0.100323 -0.043805 -3.113625 -0.099095 0.360800 -0.003993 
0.208835 0.028360 -2.968576 -0.098691 0.361690 0.002250 
0.191028 0.042962 -3.126102 -0.097145 0.365776 0.006985 
0.120057 -0.038975 -3.352016 -0.095341 0.370207 0.014297 
0.054517 -0.171984 -3.559850 -0.092929 0.372466 0.018188 
0.064894 -0.230750 -3.819400 -0.089787 0.374911 0.025908 
0.109694 -0.192586 -3.973540 -0.087074 0.378190 0.032467 
0.141630 -0.096087 -3.925316 -0.085575 0.379446 0.036369 
0.158370 -0.073593 -3.698532 -0.085900 0.376715 0.031461 
0.127502 -0.136532 -3.473637 -0.087982 0.373971 0.016679 
0.058452 -0.223364 -3.325346 -0.089937 0.375874 -0.007987 
-0.039006 -0.344468 -3.367839 -0.090213 0.378942 -0.034583 
-0.114796 -0.444210 -3.506684 -0.088390 0.380738 -0.060520 
-0.167291 -0.504766 -3.687390 -0.086594 0.380108 -0.081839 
-0.195082 -0.528405 -3.829207 -0.085003 0.379245 -0.090668 
-0.183904 -0.462528 -3.994180 -0.081626 0.377907 -0.079988 
-0.099514 -0.478665 -3.938277 -0.078471 0.372740 -0.068360 
-0.087772 -0.483512 -3.669698 -0.075284 0.366934 -0.044849 
-0.132500 -0.434902 -3.441665 -0.073042 0.365751 -0.024709 
-0.193215 -0.441844 -3.311253 -0.072321 0.364961 -0.001226 
-0.256468 -0.359168 -3.074623 -0.071619 0.362481 0.016830 
-0.302250 -0.280159 -2.937780 -0.073821 0.358151 0.028537 
-0.321208 -0.194763 -3.114390 -0.079969 0.355670 0.034656 
-0.265467 -0.052169 -3.413570 -0.086794 0.354891 0.033712 
-0.201786 0.043581 -3.681606 -0.093465 0.351426 0.020793 
-0.104895 0.092705 -3.954840 -0.100929 0.347601 0.002504 
-0.119359 0.112368 -4.090756 -0.108353 0.347779 -0.014220 
-0.152244 0.070683 -4.017486 -0.112535 0.350042 -0.031934 
-0.165684 0.044982 -3.806956 -0.111290 0.351334 -0.035872 
-0.128619 0.036739 -3.502150 -0.106682 0.352663 -0.035488 
-0.063646 0.012079 -3.198166 -0.101206 0.355534 -0.023885 
-0.012341 -0.012035 -3.055330 -0.094601 0.360539 -0.009672 
0.060394 -0.080081 -3.081883 -0.086514 0.363779 0.006305 
0.063499 -0.248015 -3.190483 -0.080132 0.365547 0.015997 
0.034171 -0.417554 -3.384617 -0.076993 0.369643 0.021673 
-0.033562 -0.553839 -3.694203 -0.076049 0.373547 0.022691 
-0.025998 -0.589690 -3.805850 -0.075168 0.373773 0.018168 
0.029464 -0.511575 -3.654330 -0.075396 0.370618 0.014935 
0.135178 -0.415667 -3.479099 -0.078365 0.366721 0.008346 
0.167048 -0.259779 -3.392702 -0.081435 0.365959 0.000926 
0.175658 -0.203405 -3.300876 -0.082972 0.367033 -0.009899 
0.127026 -0.236381 -3.375333 -0.084038 0.368393 -0.023482 
0.088008 -0.257013 -3.592600 -0.087094 0.370761 -0.035449 
0.108315 -0.281847 -3.750799 -0.091593 0.373191 -0.041989 
0.087812 -0.192447 -3.826984 -0.093062 0.375404 -0.035049 
0.043881 -0.060119 -3.939267 -0.092151 0.377323 -0.031263 
0.063258 0.007009 -3.968797 -0.091341 0.379164 -0.016605 
0.086769 0.041113 -3.827016 -0.091894 0.381034 -0.000722 
0.113211 0.033567 -3.533648 -0.093548 0.379490 0.012325 
0.118795 0.037188 -3.247941 -0.096099 0.376184 0.025191 
0.091929 0.050734 -2.967312 -0.098924 0.374238 0.028504 
0.034436 -0.005100 -2.929620 -0.101117 0.372995 0.034996 
-0.002926 -0.075011 -3.091279 -0.102424 0.370475 0.035737 
-0.013727 -0.073508 -3.319315 -0.101603 0.367416 0.029562 
0.027206 -0.040163 -3.584266 -0.100529 0.365540 0.021740 
0.031887 0.041953 -3.868745 -0.098490 0.365281 0.013034 
0.016466 0.089063 -4.037905 -0.095431 0.363966 -0.005563 
-0.007417 -0.012220 -3.915935 -0.093113 0.361468 -0.018910 
-0.087085 -0.168803 -3.792963 -0.091538 0.360482 -0.032281 
-0.203441 -0.363579 -3.667275 -0.089610 0.359934 -0.043101 
-0.271152 -0.457432 -3.423161 -0.085501 0.358414 -0.050050 
-0.251499 -0.484550 -3.170284 -0.080709 0.354694 -0.052879 
-0.152322 -0.438621 -3.128239 -0.076308 0.351249 -0.052321 
-0.062630 -0.383888 -3.236857 -0.071848 0.351909 -0.052577 
-0.030231 -0.433292 -3.484735 -0.067023 0.355915 -0.050570 
-0.090847 -0.551660 -3.769613 -0.062898 0.361787 -0.049594 
-0.147486 -0.630421 -3.921282 -0.062355 0.368592 -0.042870 
-0.193557 -0.651899 -3.804052 -0.065755 0.375026 -0.031540 
-0.215813 -0.533525 -3.572917 -0.070090 0.380198 -0.016274 
-0.234681 -0.334451 -3.361307 -0.074975 0.382044 0.003343 
-0.187150 -0.202659 -3.150574 -0.082706 0.382137 0.017308 
-0.189218 -0.065031 -3.149040 -0.091862 0.381546 0.027054 
-0.160715 0.012673 -3.347330 -0.101413 0.378039 0.024312 
-0.069753 0.109259 -3.529858 -0.109509 0.371419 0.018599 
-0.018393 0.186015 -3.709134 -0.116485 0.365241 0.003104 
0.004363 0.171124 -3.965875 -0.120259 0.360595 -0.004518 
-0.031945 0.121975 -4.075523 -0.119011 0.356818 -0.009753 
-0.029859 0.022839 -3.879295 -0.112483 0.353195 -0.015474 
0.032423 -0.044286 -3.568474 -0.103286 0.350612 -0.008702 
0.150784 -0.072923 -3.257482 -0.092986 0.350609 -0.006788 
0.204675 -0.099495 -2.938604 -0.080940 0.351937 0.002602 
0.217138 -0.191774 -2.844631 -0.069369 0.355087 0.012833 
0.146165 -0.344500 -3.028918 -0.061153 0.359786 0.023053 
0.045727 -0.538103 -3.328460 -0.058379 0.363909 0.030568 
0.023671 -0.666992 -3.580094 -0.059930 0.366916 0.034364 
0.027370 -0.637795 -3.875558 -0.063247 0.368458 0.029332 
0.121990 -0.531053 -4.030798 -0.069189 0.368589 0.015174 
0.185308 -0.371271 -3.946653 -0.077685 0.368909 -0.007297 
0.226680 -0.278957 -3.799491 -0.087317 0.370290 -0.033918 
0.167027 -0.229809 -3.676720 -0.094736 0.373156 -0.048829 
0.106731 -0.222101 -3.435939 -0.099881 0.377143 -0.064024 
0.050674 -0.237118 -3.321107 -0.103244 0.381334 -0.063283 
0.007708 -0.225418 -3.401511 -0.103664 0.385594 -0.051807 
-0.026820 -0.172819 -3.522278 -0.101214 0.388305 -0.034370 
-0.008081 -0.162255 -3.623571 -0.097099 0.387564 -0.017672 
0.016144 -0.120952 -3.809037 -0.092116 0.386429 -0.000293 
0.057233 -0.105599 -3.882523 -0.087956 0.383986 0.009693 
0.140347 -0.099768 -3.733955 -0.084814 0.379485 0.016898 
0.139292 -0.099310 -3.543930 -0.082725 0.374609 0.024589 
0.104754 -0.166636 -3.392861 -0.083220 0.368690 0.029484 
0.040363 -0.174298 -3.199603 -0.084601 0.363764 0.034444 
-0.005850 -0.165363 -3.136588 -0.086173 0.359292 0.031147 
0.012608 -0.099939 -3.280219 -0.087784 0.355651 0.021574 
0.031265 -0.002346 -3.510830 -0.090134 0.353927 0.003030 
0.060940 0.017546 -3.691549 -0.092868 0.352556 -0.019041 
0.021627 -0.031371 -3.917489 -0.095156 0.352429 -0.031975 
-0.067162 -0.146728 -4.022746 -0.096504 0.354413 -0.049266 
-0.211149 -0.303481 -3.896838 -0.095771 0.357627 -0.051730 
-0.289350 -0.423363 -3.689814 -0.092497 0.361917 -0.055987 
-0.316465 -0.476503 -3.449201 -0.086953 0.365607 -0.051210 
-0.262299 -0.462418 -3.179153 -0.080727 0.368093 -0.042521 
-0.163419 -0.422030 -3.001100 -0.075411 0.369805 -0.036774 
-0.091062 -0.430566 -3.032806 -0.072369 0.370383 -0.022923 
-0.087746 -0.460080 -3.206761 -0.070795 0.372022 -0.011868 
-0.149916 -0.459898 -3.462633 -0.070333 0.374909 0.000315 
-0.167078 -0.485652 -3.792051 -0.072593 0.376715 0.015264 
-0.180694 -0.395821 -3.978180 -0.076779 0.376503 0.023572 
-0.236287 -0.276056 -3.919014 -0.083043 0.373470 0.017264 
-0.253814 -0.132676 -3.764609 -0.090089 0.369591 0.009994 
-0.229096 0.024520 -3.610257 -0.097177 0.364538 -0.008838 
-0.133498 0.098999 -3.338755 -0.103681 0.357330 -0.018694 
-0.002415 0.154553 -3.219382 -0.109646 0.349512 -0.025045 
0.042968 0.146866 -3.257504 -0.112722 0.344500 -0.027553 
0.044273 0.084328 -3.429901 -0.111059 0.342496 -0.020867 
0.043948 -0.004051 -3.570305 -0.104760 0.344328 -0.010417 
0.073742 -0.085127 -3.759894 -0.096462 0.347296 -0.001981 
0.135959 -0.152479 -3.824914 -0.086611 0.352033 0.004163 
0.197195 -0.148419 -3.691095 -0.077396 0.358974 0.008347 
0.263551 -0.156976 -3.471453 -0.070360 0.364806 0.012215 
0.289285 -0.230075 -3.223774 -0.067015 0.369170 0.019478 
0.227664 -0.309508 -3.008419 -0.067463 0.375383 0.026109 
0.166137 -0.428008 -3.046926 -0.070906 0.381510 0.030944 
0.088017 -0.472868 -3.316910 -0.076079 0.386660 0.032649 
0.068570 -0.440726 -3.603459 -0.082608 0.389105 0.018551 
0.080316 -0.332577 -3.871656 -0.090351 0.388965 0.002402 
0.166405 -0.160565 -4.099710 -0.098410 0.387634 -0.024930 
0.206657 -0.078234 -4.102425 -0.105527 0.384473 -0.042127 
0.197410 -0.053067 -3.992875 -0.108740 0.382487 -0.058463 
0.112667 -0.084858 -3.826106 -0.108542 0.383319 -0.064239 
0.050757 -0.147862 -3.631955 -0.105491 0.383539 -0.051386 
0.007976 -0.179406 -3.302969 -0.100284 0.382088 -0.040993 
-0.067908 -0.159642 -3.099186 -0.093278 0.380075 -0.018588 
-0.046181 -0.135490 -3.147436 -0.085852 0.378171 -0.001019 
-0.029980 -0.135924 -3.297039 -0.079560 0.374970 0.017343 
0.024555 -0.147946 -3.465931 -0.076380 0.368708 0.029760 
0.090181 -0.152267 -3.688268 -0.077316 0.362173 0.038231 
0.080752 -0.138869 -3.779243 -0.080432 0.356519 0.040629 
0.042188 -0.137399 -3.710879 -0.083819 0.351898 0.040365 
-0.010160 -0.107783 -3.606913 -0.087025 0.349074 0.026289 
-0.043581 -0.072156 -3.487622 -0.090020 0.347540 0.006098 
-0.064430 -0.012752 -3.334267 -0.093970 0.347354 -0.014914 
-0.049634 0.025634 -3.262641 -0.097240 0.349121 -0.036360 
-0.077582 0.048335 -3.353392 -0.097900 0.351522 -0.043949 
-0.049571 -0.048491 -3.451333 -0.098564 0.354346 -0.049136 
-0.105895 -0.172721 -3.597889 -0.097861 0.360638 -0.048427 
-0.154361 -0.337770 -3.893979 -0.093897 0.368996 -0.043325 
-0.197463 -0.466707 -4.018800 -0.087273 0.376833 -0.039490 
-0.217891 -0.538413 -3.857080 -0.079927 0.382765 -0.040846 
-0.204621 -0.569654 -3.613859 -0.074047 0.386841 -0.041216 
-0.131553 -0.539530 -3.364429 -0.070270 0.388997 -0.038503 
-0.020145 -0.561857 -3.042168 -0.068606 0.386364 -0.031054 
0.001265 -0.526865 -2.944207 -0.068344 0.382617 -0.014085 
-0.000888 -0.470405 -3.120628 -0.070502 0.380802 0.004712 
-0.046057 -0.413426 -3.418733 -0.075086 0.377872 0.025280 
-0.118120 -0.329853 -3.634707 -0.079345 0.373855 0.029855 
-0.162047 -0.214194 -3.885791 -0.085613 0.367344 0.026107 
-0.127569 -0.106234 -4.077850 -0.093502 0.360824 0.012348 
-0.092111 0.017179 -3.999425 -0.100336 0.355591 -0.008710 
-0.060750 0.090669 -3.804362 -0.105435 0.348745 -0.021226 
0.005145 0.138556 -3.550157 -0.108287 0.341926 -0.034704 
0.012226 0.164157 -3.254330 -0.108436 0.338985 -0.031189 
0.039340 0.117680 -3.140754 -0.105855 0.338789 -0.018283 
0.074464 0.032231 -3.187338 -0.100159 0.340184 -0.000664 
0.085734 -0.019342 -3.293074 -0.091825 0.343026 0.022333 
0.149845 -0.082872 -3.465388 -0.084671 0.349211 0.036346 
0.174200 -0.064584 -3.698046 -0.079053 0.357153 0.051311 
0.226097 -0.107528 -3.738937 -0.075627 0.363207 0.060249 
0.250410 -0.164519 -3.584487 -0.075384 0.368151 0.058688 
0.239219 -0.209057 -3.462425 -0.078132 0.375913 0.048112 
0.192068 -0.292667 -3.455829 -0.082457 0.383722 0.032301 
0.126593 -0.334551 -3.322809 -0.087153 0.389712 -0.000407 
0.031470 -0.362809 -3.293744 -0.091761 0.392498 -0.028014 
0.012831 -0.344520 -3.498119 -0.097429 0.393557 -0.054697 
0.094395 -0.317478 -3.667925 -0.101528 0.392500 -0.072345 
0.177946 -0.254643 -3.792281 -0.102476 0.388408 -0.078158 
0.217515 -0.253630 -3.991588 -0.099541 0.386826 -0.077499 
0.147477 -0.277385 -4.131756 -0.093791 0.387453 -0.066460 
0.081081 -0.375852 -4.002775 -0.087129 0.387327 -0.050511 
0.010955 -0.418300 -3.749251 -0.079599 0.385799 -0.036037 
-0.043965 -0.417799 -3.509610 -0.072400 0.383797 -0.023693 
-0.044081 -0.389071 -3.209160 -0.068187 0.380841 -0.009301 
-0.021887 -0.308492 -3.034619 -0.067608 0.374791 0.001662 
-0.029230 -0.239485 -3.063590 -0.069685 0.366293 0.014875 
-0.020596 -0.133779 -3.254781 -0.075183 0.358964 0.030362 
-0.035839 -0.074208 -3.517768 -0.083591 0.352350 0.040230 
-0.076452 -0.026410 -3.814947 -0.093223 0.345031 0.040763 
-0.129005 0.020010 -3.913037 -0.101602 0.339652 0.026199 
-0.157468 0.086838 -3.851395 -0.107908 0.337528 0.007101 
-0.153016 0.139779 -3.715211 -0.111408 0.338588 -0.019418 
-0.145780 0.177564 -3.506578 -0.111478 0.340975 -0.037264 
-0.127353 0.138728 -3.227547 -0.109028 0.344317 -0.045160 
-0.149414 0.033770 -3.138016 -0.103843 0.351014 -0.048604 
-0.200373 -0.094319 -3.240477 -0.096895 0.359307 -0.034145 
-0.217639 -0.301201 -3.412517 -0.089513 0.365801 -0.024484 
-0.239222 -0.480515 -3.550456 -0.081938 0.371006 -0.008443 
-0.231514 -0.583772 -3.792287 -0.075093 0.375467 0.001446 
-0.133201 -0.627980 -3.860611 -0.071003 0.376982 0.005145 
-0.020805 -0.556799 -3.676566 -0.067551 0.374678 0.006265 
0.078415 -0.479692 -3.406323 -0.066801 0.371974 0.007293 
0.148612 -0.469693 -3.310753 -0.068142 0.372330 0.006426 
0.129903 -0.485977 -3.212489 -0.070044 0.373096 0.001056 
0.121496 -0.523562 -3.189261 -0.074176 0.373491 -0.009068 
0.099670 -0.506944 -3.362755 -0.078891 0.374591 -0.024911 
0.015950 -0.400247 -3.608370 -0.083646 0.376956 -0.032317 
0.044997 -0.262107 -3.769318 -0.088118 0.377191 -0.041233 
0.117293 -0.128538 -3.937122 -0.091626 0.374658 -0.040277 
0.162248 -0.006202 -4.033082 -0.093945 0.373465 -0.032756 
0.230018 0.027431 -3.953143 -0.096884 0.372627 -0.022545 
0.212156 0.020115 -3.750059 -0.098397 0.371118 -0.009897 
0.194635 -0.016634 -3.513212 -0.097869 0.369787 0.003915 
0.179987 -0.038352 -3.256199 -0.096272 0.369770 0.013109 
0.200373 -0.024492 -3.093254 -0.094400 0.369914 0.019334 
0.257058 -0.019366 -3.108900 -0.092559 0.368872 0.027989 
0.301824 0.023922 -3.216803 -0.090612 0.368805 0.036998 
0.304939 0.035949 -3.418352 -0.088745 0.370465 0.046862 
0.288305 -0.016418 -3.697596 -0.088947 0.372234 0.052805 
0.200428 -0.115261 -3.855823 -0.090171 0.373869 0.048023 
0.103055 -0.206147 -3.853256 -0.091678 0.374948 0.028488 
0.014320 -0.280707 -3.765828 -0.093234 0.375656 -0.000183 
-0.034311 -0.309641 -3.614985 -0.093966 0.375231 -0.030285 
-0.016100 -0.321704 -3.369532 -0.094062 0.372323 -0.061999 
0.029309 -0.329965 -3.182414 -0.092658 0.368220 -0.076187 
0.114026 -0.348641 -3.251130 -0.090004 0.365802 -0.082704 
0.112893 -0.392008 -3.438485 -0.084351 0.366507 -0.076971 
0.091213 -0.397571 -3.661721 -0.077476 0.369127 -0.058317 
0.070281 -0.472808 -3.878947 -0.071734 0.372280 -0.041393 
-0.005037 -0.507726 -3.946184 -0.067674 0.375436 -0.018505 
-0.044936 -0.491701 -3.794732 -0.066786 0.377933 -0.003398 
-0.026514 -0.395628 -3.537444 -0.068196 0.377934 0.011785 
0.014732 -0.222419 -3.318580 -0.072104 0.377135 0.024119 
0.024798 -0.092714 -3.126008 -0.079067 0.375475 0.033038 
0.037234 0.033386 -3.085466 -0.089424 0.371785 0.032680 
0.045669 0.103963 -3.221441 -0.100808 0.366772 0.026817 
0.064577 0.105513 -3.463112 -0.111385 0.362606 0.010198 
0.043015 0.106584 -3.729003 -0.118615 0.360731 -0.011126 
0.034578 0.120563 -4.012470 -0.121404 0.359273 -0.024813 
0.096970 0.157011 -4.088721 -0.119827 0.358254 -0.043213 
0.111902 0.208255 -3.930645 -0.113843 0.359007 -0.049483 
0.162734 0.181750 -3.668066 -0.105175 0.360623 -0.051244 
0.243987 0.005581 -3.348518 -0.095935 0.361006 -0.048298 
0.293983 -0.145980 -3.016618 -0.084452 0.364015 -0.043892 
0.349880 -0.331583 -2.971326 -0.073191 0.369312 -0.034622 
0.361876 -0.452841 -3.147826 -0.064064 0.374009 -0.028045 
0.396011 -0.499095 -3.340891 -0.057931 0.376281 -0.024489 
0.500780 -0.457780 -3.523808 -0.056120 0.376475 -0.013941 
0.674874 -0.337463 -3.751386 -0.058854 0.376409 -0.002579 
0.819468 -0.175277 -3.853809 -0.065818 0.376348 0.006506 
0.915994 -0.055001 -3.840385 -0.075363 0.378688 0.015472 
0.890490 0.082818 -3.836425 -0.085504 0.384171 0.016805 
0.882029 0.202680 -3.750001 -0.098018 0.389498 0.011375 
0.908359 0.327136 -3.569405 -0.111129 0.394368 0.001321 
0.920878 0.494542 -3.459079 -0.121853 0.400033 -0.010534 
0.977261 0.583056 -3.502768 -0.129235 0.403882 -0.008432 
1.061757 0.650638 -3.637423 -0.133207 0.406391 -0.008706 
1.113717 0.705100 -3.767384 -0.132466 0.409716 -0.002306 
1.166430 0.687612 -4.004977 -0.128683 0.411711 0.016058 
1.227747 0.656993 -4.041482 -0.122109 0.412251 0.021589 
1.262504 0.611851 -3.817959 -0.113091 0.410453 0.027004 
1.388106 0.526426 -3.539369 -0.105270 0.407998 0.035258 
1.468634 0.435985 -3.260202 -0.098159 0.405059 0.028304 
1.487715 0.363021 -2.986021 -0.091122 0.401878 0.015677 
1.534114 0.320643 -2.920207 -0.085770 0.399515 0.010191 
1.548386 0.361484 -3.076207 -0.083378 0.397052 0.002560 
1.554376 0.405751 -3.277285 -0.084818 0.392745 -0.000632 
1.594300 0.463925 -3.508545 -0.089512 0.389468 0.005949 
1.604063 0.509096 -3.816886 -0.095436 0.386507 0.015692 
1.626334 0.528597 -3.990178 -0.102827 0.384764 0.025010 
1.627307 0.576968 -3.966771 -0.109561 0.387448 0.028231 
1.590429 0.618771 -3.872626 -0.114925 0.391612 0.022789 
1.577825 0.633148 -3.645796 -0.119189 0.396340 0.016137 
1.602618 0.664758 -3.332668 -0.121388 0.402902 0.005974 
1.629945 0.642441 -3.194566 -0.122031 0.409816 -0.012108 
1.685804 0.586092 -3.202487 -0.120314 0.417328 -0.018685 
1.732664 0.527795 -3.289873 -0.116197 0.424840 -0.015825 
1.727413 0.459301 -3.464910 -0.110730 0.430715 -0.015079 
1.774350 0.425244 -3.690545 -0.105791 0.435003 -0.013910 
1.822452 0.381165 -3.699525 -0.102053 0.435716 -0.009285 
1.826265 0.332086 -3.563503 -0.099345 0.433655 -0.004919 
1.806688 0.314817 -3.404014 -0.097073 0.430801 -0.005220 
1.817645 0.334177 -3.286190 -0.095809 0.426792 -0.008195 
1.855501 0.428789 -3.126263 -0.095608 0.421664 -0.010861 
1.879421 0.488858 -3.141566 -0.097899 0.415688 -0.010747 
1.840224 0.486590 -3.268189 -0.100657 0.409958 -0.006566 
1.768641 0.473905 -3.493699 -0.104144 0.403897 0.001081 
1.743456 0.478839 -3.747568 -0.106997 0.399728 0.011252 
1.703762 0.485186 -4.030507 -0.108562 0.397584 0.023822 
1.645287 0.511635 -4.163953 -0.108881 0.396798 0.032636 
1.582456 0.522648 -4.028345 -0.108683 0.395803 0.038987 
1.566493 0.552311 -3.757146 -0.107371 0.395231 0.043078 
1.578795 0.535016 -3.457541 -0.106536 0.395674 0.044165 
1.594490 0.472531 -3.147833 -0.106022 0.397585 0.037511 
1.574501 0.443837 -3.017773 -0.103678 0.401306 0.024667 
1.567897 0.429883 -3.114976 -0.101212 0.405158 0.009487 
1.598821 0.459201 -3.306231 -0.100503 0.408494 -0.003366 
1.570728 0.498042 -3.517098 -0.101044 0.410918 -0.011589 
1.560448 0.524298 -3.752807 -0.102625 0.412263 -0.017346 
1.535971 0.520124 -3.937498 -0.104107 0.413121 -0.019421 
1.498533 0.534686 -3.942062 -0.104990 0.413967 -0.017054 
1.459368 0.556262 -3.889234 -0.106469 0.414449 -0.009047 
1.421573 0.583643 -3.774409 -0.108067 0.413678 0.002570 
1.392615 0.617179 -3.571788 -0.109139 0.411206 0.011380 
1.418032 0.658610 -3.452351 -0.109799 0.408362 0.016794 
1.472124 0.704685 -3.500658 -0.110403 0.406103 0.020342 
1.495136 0.738010 -3.651132 -0.110145 0.405028 0.023559 
1.493999 0.740018 -3.792321 -0.109319 0.404586 0.026648 
1.470692 0.704980 -3.962345 -0.108926 0.403999 0.029386 
1.408277 0.642102 -3.967651 -0.109083 0.403067 0.027655 
1.371439 0.611529 -3.761035 -0.109332 0.402117 0.018614 
1.381952 0.635015 -3.479507 -0.109179 0.400838 0.003972 
1.397044 0.680509 -3.213584 -0.108547 0.399153 -0.012714 
1.384690 0.701635 -2.929923 -0.108424 0.397457 -0.028100 
1.358491 0.689741 -2.808635 -0.108850 0.395125 -0.031398 
1.338603 0.653879 -2.876963 -0.109267 0.392881 -0.024255 
1.309636 0.612159 -3.108214 -0.109074 0.390555 -0.005573 
1.319782 0.621670 -3.366789 -0.108337 0.389037 0.015445 
1.322125 0.640615 -3.662052 -0.107376 0.388250 0.034817 
1.319033 0.682782 -3.820816 -0.106425 0.387568 0.044665 
1.331304 0.691628 -3.762504 -0.106360 0.387281 0.041718 
1.353284 0.696269 -3.613174 -0.106970 0.387461 0.027592 
1.387611 0.663479 -3.439089 -0.108162 0.388288 0.008113 
1.401033 0.631652 -3.204918 -0.109202 0.390116 -0.011221 
1.403079 0.590949 -3.091648 -0.109660 0.392433 -0.023491 
1.382628 0.550343 -3.172287 -0.109474 0.395342 -0.024041 
1.374470 0.506778 -3.313734 -0.108491 0.398483 -0.013508 
1.375130 0.472664 -3.487920 -0.106631 0.402632 0.001158 
1.380542 0.451642 -3.686101 -0.104514 0.406465 0.013235 
1.399189 0.435325 -3.830622 -0.102683 0.410955 0.020424 
1.412820 0.420541 -3.759411 -0.101340 0.414764 0.019127 
1.401746 0.405202 -3.617835 -0.100984 0.417381 0.011059 
1.412486 0.406455 -3.467960 -0.101464 0.418698 0.000456 
1.380794 0.407665 -3.299656 -0.102771 0.418111 -0.008700 
1.352151 0.424095 -3.244707 -0.104443 0.415910 -0.012883 
1.325437 0.414763 -3.412278 -0.106118 0.411913 -0.009420 
1.291934 0.415739 -3.667808 -0.107074 0.406655 0.000196 
1.251361 0.413079 -3.915044 -0.107255 0.401549 0.013878 
1.224393 0.399092 -4.197705 -0.106702 0.397212 0.028899 
1.182376 0.384807 -4.338841 -0.104403 0.394006 0.038963 
1.139075 0.359066 -4.233241 -0.101077 0.392377 0.039120 
1.098986 0.320185 -4.032445 -0.097851 0.392600 0.029897 
1.054536 0.251708 -3.802137 -0.094841 0.393586 0.013284 
0.986705 0.186257 -3.511161 -0.091988 0.394817 -0.007027 
0.923860 0.105135 -3.346775 -0.090360 0.395740 -0.024644 
0.852718 0.037148 -3.379213 -0.089596 0.395618 -0.036072 
0.782459 -0.029506 -3.521015 -0.090099 0.394372 -0.039627 
0.702063 -0.073158 -3.671935 -0.090602 0.391980 -0.035660 
0.618658 -0.091229 -3.888570 -0.091243 0.388685 -0.025722 
0.534461 -0.109097 -3.979009 -0.091245 0.385574 -0.014080 
0.478897 -0.094739 -3.870411 -0.091176 0.382721 -0.004941 
0.420678 -0.065301 -3.690931 -0.090847 0.380164 0.000184 
0.381750 -0.017305 -3.491556 -0.090219 0.377947 0.001357 
0.372952 0.070884 -3.264065 -0.089935 0.375909 -0.000216 
0.382876 0.166575 -3.149428 -0.090547 0.373951 -0.000691 
0.376801 0.225591 -3.243740 -0.092699 0.371739 0.002207 
0.352781 0.272815 -3.415126 -0.095583 0.369472 0.007941 
0.309014 0.291472 -3.631697 -0.098998 0.367149 0.015778 
0.253718 0.317354 -3.880922 -0.102848 0.365203 0.024773 
0.187700 0.338609 -3.981471 -0.106265 0.363401 0.030883 
0.129185 0.351732 -3.845158 -0.108944 0.361403 0.031178 
0.098966 0.333101 -3.575064 -0.110554 0.359739 0.025977 
0.089158 0.298106 -3.316959 -0.110019 0.359834 0.015988 
0.072399 0.229719 -3.054037 -0.107636 0.361966 0.002722 
0.043432 0.145480 -2.938470 -0.103436 0.364967 -0.009748 
0.033843 0.032216 -3.016788 -0.098132 0.367855 -0.018659 
0.020106 -0.073678 -3.188547 -0.092932 0.370129 -0.022706 
0.011322 -0.126500 -3.382521 -0.087835 0.371926 -0.021918 
-0.022036 -0.156943 -3.659787 -0.083231 0.372587 -0.015917 
-0.035794 -0.162107 -3.783697 -0.080532 0.371091 -0.008971 
-0.066320 -0.155716 -3.695097 -0.080344 0.367768 -0.003924 
-0.092408 -0.125942 -3.565004 -0.081761 0.364696 -0.002028 
-0.121921 -0.070593 -3.445990 -0.084286 0.362418 -0.002910 
-0.158987 0.002782 -3.286782 -0.087015 0.360761 -0.007399 
-0.193564 0.057135 -3.223380 -0.090836 0.359470 -0.013360 
-0.215933 0.096083 -3.357529 -0.095552 0.358786 -0.016916 
-0.214830 0.129464 -3.531625 -0.099968 0.358523 -0.017088 
-0.201390 0.162590 -3.699206 -0.102772 0.358565 -0.013102 
-0.188823 0.178513 -3.891293 -0.104408 0.359003 -0.004448 
-0.187626 0.182059 -3.958688 -0.104537 0.359696 0.005891 
-0.221928 0.159955 -3.831300 -0.103270 0.360789 0.014431 
-0.257022 0.108514 -3.624992 -0.100769 0.361762 0.019041 
-0.284712 0.040174 -3.417466 -0.097419 0.362477 0.018704 
-0.310421 -0.016582 -3.181755 -0.093830 0.363069 0.011316 
-0.316462 -0.087997 -3.075374 -0.090649 0.363716 -0.000687 
-0.293631 -0.148264 -3.166635 -0.088005 0.363233 -0.014228 
-0.282837 -0.199917 -3.359352 -0.085946 0.362660 -0.027306 
-0.273335 -0.236541 -3.570366 -0.084903 0.361634 -0.036512 
-0.271555 -0.252673 -3.818146 -0.084520 0.360019 -0.038862 
-0.242472 -0.241660 -3.908382 -0.084739 0.357162 -0.035040 
-0.217242 -0.213034 -3.765072 -0.085328 0.353455 -0.027136 
-0.216990 -0.142029 -3.590205 -0.085154 0.352143 -0.016330 
-0.222320 -0.092362 -3.481456 -0.084488 0.353169 -0.004015 
-0.280772 -0.089562 -3.321641 -0.084348 0.354436 0.004579 
-0.287808 -0.099988 -3.226957 -0.085716 0.355238 0.007991 
-0.284967 -0.119182 -3.322983 -0.088418 0.356747 0.007603 
-0.224327 -0.094779 -3.476624 -0.091100 0.359399 0.002021 
-0.153426 -0.069508 -3.610634 -0.093451 0.361586 -0.007404 
-0.112958 -0.036377 -3.789512 -0.094959 0.364095 -0.015699 
-0.123878 -0.044656 -3.937030 -0.095664 0.368001 -0.021115 
-0.149089 -0.065446 -3.873191 -0.095992 0.371313 -0.022280 
-0.133653 -0.109963 -3.670665 -0.095664 0.372313 -0.018712 
-0.117920 -0.115935 -3.459482 -0.094579 0.372284 -0.011046 
-0.099943 -0.091910 -3.261022 -0.093283 0.373212 -0.002534 
-0.071143 -0.088155 -3.180552 -0.091955 0.372635 0.004597 
-0.040905 -0.116272 -3.250536 -0.090842 0.370133 0.007431 
-0.025484 -0.111616 -3.449487 -0.089505 0.369670 0.005103 
0.003604 -0.122427 -3.721701 -0.088106 0.370733 -0.000422 
0.009552 -0.121545 -4.017570 -0.086639 0.371962 -0.008537 
0.015607 -0.115995 -4.139702 -0.085628 0.372115 -0.016805 
-0.004250 -0.123298 -4.047120 -0.085215 0.371751 -0.021448 
-0.014357 -0.079373 -3.852424 -0.086208 0.371430 -0.021459 
0.013593 -0.055311 -3.578686 -0.087800 0.368824 -0.016339 
0.031837 0.016725 -3.271917 -0.089384 0.367073 -0.008284 
0.037583 0.059183 -3.143130 -0.091014 0.366477 0.001846 
0.037259 0.062766 -3.223685 -0.093553 0.365933 0.011151 
0.020029 0.048885 -3.362279 -0.096544 0.365306 0.015798 
-0.000386 0.045538 -3.541357 -0.098821 0.366043 0.015993 
-0.010663 0.062768 -3.783162 -0.099982 0.367676 0.012255 
-0.017148 0.077894 -3.862819 -0.101165 0.368678 0.004695 
-0.022986 0.077612 -3.717643 -0.101341 0.368394 -0.004182 
-0.043614 0.078027 -3.519521 -0.100880 0.368212 -0.010450 
-0.059672 0.060678 -3.333713 -0.099253 0.367429 -0.012779 
-0.076313 0.029988 -3.116160 -0.097238 0.365977 -0.011977 
-0.085515 0.020373 -3.011102 -0.094260 0.364603 -0.007524 
-0.079697 -0.013294 -3.144381 -0.091429 0.362767 -0.001026 
-0.066460 -0.050297 -3.321787 -0.089257 0.360496 0.003410 
-0.037059 -0.057876 -3.519085 -0.087675 0.358979 0.004196 
-0.005908 -0.054319 -3.731603 -0.086335 0.358792 0.003138 
0.011024 -0.047192 -3.861451 -0.085467 0.359737 -0.002141 
-0.013386 -0.065907 -3.761774 -0.085782 0.361114 -0.009150 
-0.046734 -0.076792 -3.573958 -0.087177 0.362835 -0.014245 
-0.082108 -0.066603 -3.403156 -0.089227 0.364682 -0.016227 
-0.108084 -0.048263 -3.158686 -0.091537 0.365697 -0.015129 
-0.116436 -0.043755 -3.065485 -0.094407 0.365941 -0.010074 
-0.118260 -0.018299 -3.148310 -0.096634 0.366081 -0.003991 
-0.099817 -0.013434 -3.345919 -0.098505 0.365992 0.003055 
-0.093685 -0.021817 -3.568671 -0.099512 0.365983 0.007487 
-0.093095 -0.009188 -3.846463 -0.098926 0.366887 0.008630 
-0.085183 -0.029172 -4.025092 -0.097447 0.367419 0.006082 
-0.088655 -0.029606 -3.961151 -0.095208 0.368380 -0.000556 
-0.088134 -0.040737 -3.795349 -0.092404 0.368913 -0.007759 
-0.073727 -0.058087 -3.594044 -0.089316 0.368962 -0.013218 
-0.063801 -0.070716 -3.368008 -0.086518 0.369046 -0.016290 
-0.048832 -0.090297 -3.273085 -0.084562 0.368829 -0.015173 
-0.043417 -0.108177 -3.379792 -0.083391 0.368237 -0.010029 
-0.047884 -0.117623 -3.568600 -0.083287 0.367633 -0.003755 
-0.048941 -0.127426 -3.751880 -0.084470 0.367001 0.001256 
-0.033373 -0.121783 -3.978719 -0.086497 0.366450 0.004103 
-0.025341 -0.107736 -4.083025 -0.088800 0.366886 0.002870 
-0.020440 -0.085702 -3.974187 -0.090901 0.367405 -0.002471 
-0.037146 -0.070876 -3.760541 -0.093071 0.368821 -0.009127 
-0.054540 -0.063631 -3.541991 -0.094813 0.370146 -0.014072 
-0.058808 -0.055049 -3.259904 -0.095736 0.371281 -0.016722 
-0.061649 -0.043745 -3.112259 -0.096308 0.371863 -0.014659 
-0.064260 -0.046541 -3.178991 -0.096484 0.371806 -0.008388 
-0.068375 -0.039469 -3.331667 -0.095944 0.371397 -0.000691 
-0.068753 -0.033533 -3.512600 -0.094925 0.370103 0.005912 
-0.057441 -0.034739 -3.758951 -0.093786 0.368252 0.010315 
-0.040943 -0.032178 -3.871130 -0.092947 0.366337 0.010121 
-0.028725 -0.029570 -3.777119 -0.091962 0.364317 0.004634 
-0.024236 -0.022236 -3.596035 -0.091275 0.362146 -0.002914 
-0.033424 -0.017248 -3.414966 -0.090613 0.360644 -0.010470 
-0.047281 -0.018244 -3.175747 -0.090321 0.359739 -0.016800 
-0.056823 -0.029796 -3.079792 -0.090252 0.359497 -0.018651 
-0.047843 -0.043102 -3.179451 -0.090174 0.359735 -0.015529 
-0.042242 -0.053383 -3.358094 -0.090393 0.360398 -0.009150 
-0.041028 -0.042972 -3.549260 -0.090950 0.361200 -0.001589 
-0.045975 -0.030548 -3.790235 -0.091655 0.362530 0.005712 
-0.044828 -0.014982 -3.871191 -0.092505 0.364077 0.010040 
-0.040054 -0.003106 -3.767296 -0.093390 0.365371 0.009596 
-0.037816 0.007196 -3.593787 -0.094132 0.366952 0.005667 
-0.028801 0.004831 -3.402555 -0.095442 0.368376 -0.000815 
-0.037167 0.012235 -3.169960 -0.096053 0.369538 -0.008016 
-0.022817 0.016023 -3.086554 -0.096507 0.370469 -0.012558 
-0.006881 0.013359 -3.206674 -0.096833 0.370945 -0.012985 
-0.005175 0.002983 -3.385888 -0.096734 0.371437 -0.010468 
-0.005019 -0.005134 -3.613575 -0.095813 0.371476 -0.005426 
-0.004423 -0.013510 -3.885360 -0.094731 0.371615 0.000861 
-0.013349 -0.033573 -4.042921 -0.093420 0.371608 0.005953 
-0.032729 -0.039929 -3.978303 -0.091872 0.371355 0.007380 
-0.017933 -0.041670 -3.803462 -0.090438 0.370747 0.005475 
-0.011141 -0.047369 -3.601616 -0.089360 0.369993 0.001241 
-0.018156 -0.061960 -3.362631 -0.088998 0.369321 -0.005099 
-0.016827 -0.081297 -3.226768 -0.088821 0.368700 -0.010670 
-0.040612 -0.093168 -3.289525 -0.089076 0.368386 -0.013615 
-0.048298 -0.104743 -3.450082 -0.089314 0.367977 -0.014070 
-0.060295 -0.110635 -3.615949 -0.089996 0.367319 -0.012158 
-0.062811 -0.112318 -3.828225 -0.090800 0.366703 -0.007924 
-0.073211 -0.099871 -3.919427 -0.091355 0.365846 -0.003582 
-0.084968 -0.070539 -3.803981 -0.091642 0.365069 -0.000884 
-0.104487 -0.045105 -3.613753 -0.092126 0.364236 0.000486 
-0.111854 -0.036564 -3.420354 -0.092400 0.363308 0.000455 
-0.126945 -0.033698 -3.191001 -0.092883 0.362709 -0.001585 
-0.114893 -0.047136 -3.093363 -0.093137 0.361740 -0.003852 
-0.108612 -0.058574 -3.221947 -0.093367 0.361228 -0.004923 
-0.095604 -0.057465 -3.413567 -0.093181 0.360685 -0.005405 
-0.082999 -0.057021 -3.627660 -0.092677 0.360341 -0.005270 
-0.069648 -0.059308 -3.865971 -0.091869 0.360761 -0.003883 
-0.071762 -0.070451 -4.003019 -0.090817 0.361464 -0.002635 
-0.068097 -0.070504 -3.892999 -0.089375 0.362668 -0.003112 
-0.077936 -0.071291 -3.709922 -0.088272 0.364145 -0.004169 
-0.071847 -0.073076 -3.494091 -0.087652 0.365791 -0.005837 
-0.057568 -0.071159 -3.254209 -0.087484 0.367470 -0.008656 
-0.055420 -0.077349 -3.116213 -0.088018 0.369053 -0.010803 
-0.041907 -0.080215 -3.204778 -0.089313 0.370688 -0.011093 
-0.041086 -0.073421 -3.377606 -0.090864 0.372048 -0.009943 
-0.039924 -0.063951 -3.572832 -0.092554 0.372741 -0.007837 
-0.044907 -0.055686 -3.811743 -0.094575 0.372721 -0.004253 
-0.051817 -0.036387 -3.928693 -0.096204 0.372129 -0.000990 
-0.062567 -0.005917 -3.829831 -0.097124 0.370962 0.000744 
-0.062433 0.017878 -3.658114 -0.097446 0.369323 0.001352 
-0.064536 0.034644 -3.474478 -0.097498 0.367311 0.001111 
-0.070697 0.041456 -3.237122 -0.096662 0.365696 -0.000930 
-0.064270 0.030466 -3.143809 -0.095293 0.364198 -0.002574 
-0.042782 0.017139 -3.255697 -0.093760 0.363102 -0.003438 
-0.036148 -0.005614 -3.450915 -0.091977 0.362310 -0.003632 
-0.021254 -0.026216 -3.647376 -0.090174 0.362036 -0.003404 
-0.010618 -0.043277 -3.834622 -0.088992 0.361984 -0.002409 
-0.006746 -0.048268 -3.951154 -0.087733 0.362166 -0.001352 
-0.022339 -0.049853 -3.849980 -0.087276 0.362739 -0.001601 
-0.028904 -0.056065 -3.644626 -0.087496 0.363421 -0.002505 
-0.032916 -0.061922 -3.427788 -0.088516 0.363987 -0.003385 
-0.043477 -0.047138 -3.207747 -0.089717 0.364605 -0.005324 
-0.044030 -0.045513 -3.057934 -0.091804 0.365252 -0.006994 
-0.036403 -0.041384 -3.155726 -0.093695 0.366166 -0.007166 
-0.043453 -0.045590 -3.336542 -0.095488 0.367097 -0.006661 
-0.036883 -0.042354 -3.550066 -0.096737 0.368230 -0.005657 
-0.038433 -0.025339 -3.798144 -0.097409 0.369146 -0.003396 
-0.045070 -0.031489 -3.947001 -0.096966 0.369694 -0.001072 
-0.053781 -0.027806 -3.860157 -0.096146 0.370035 0.000060 
-0.058217 -0.027278 -3.691490 -0.094707 0.370142 0.000504 
-0.057171 -0.028336 -3.511775 -0.093115 0.369538 0.000532 
-0.057219 -0.038723 -3.286805 -0.091593 0.369120 -0.001229 
-0.057983 -0.048179 -3.172219 -0.090058 0.368338 -0.003401 
-0.064665 -0.071069 -3.271067 -0.088932 0.367622 -0.005112 
-0.055489 -0.093825 -3.450064 -0.088274 0.366710 -0.006882 
-0.043942 -0.117445 -3.648228 -0.088262 0.365973 -0.008662 
-0.045420 -0.123946 -3.869213 -0.088297 0.365245 -0.009380 
-0.060313 -0.123092 -3.980386 -0.088294 0.364982 -0.009471 
-0.066781 -0.116809 -3.866856 -0.088741 0.364535 -0.009895 
-0.071670 -0.101931 -3.675283 -0.089292 0.364167 -0.009070 
-0.075255 -0.087143 -3.465735 -0.090003 0.363885 -0.007262 
-0.078182 -0.072648 -3.235696 -0.090878 0.363691 -0.005436 
-0.073638 -0.062675 -3.128433 -0.091775 0.363461 -0.003180 
-0.068881 -0.054558 -3.235574 -0.092512 0.363546 -0.000471 
-0.057034 -0.052616 -3.441949 -0.093284 0.363973 0.001398 
-0.047502 -0.051952 -3.614633 -0.093587 0.364695 0.001675 
-0.037488 -0.044688 -3.906569 -0.093999 0.365718 0.001102 
-0.030899 -0.045639 -4.024773 -0.093675 0.366833 -0.000518 
-0.025901 -0.028884 -3.916077 -0.093080 0.367836 -0.003763 
-0.028509 -0.033081 -3.727671 -0.092480 0.368970 -0.006521 
-0.024229 -0.031882 -3.523249 -0.091516 0.369867 -0.007872 
-0.010722 -0.034876 -3.268837 -0.091061 0.370787 -0.008639 
-0.010819 -0.036740 -3.160978 -0.090598 0.371444 -0.007598 
-0.015919 -0.043279 -3.239346 -0.090482 0.372163 -0.004889 
-0.012553 -0.052187 -3.407313 -0.091015 0.372259 -0.002349 
-0.016287 -0.056552 -3.581762 -0.091842 0.372213 -0.000985 
-0.018870 -0.044474 -3.815929 -0.092872 0.372173 0.000123 
-0.031250 -0.042241 -3.914474 -0.093822 0.371507 -0.000259 
-0.051527 -0.025715 -3.814440 -0.095009 0.370488 -0.002710 
-0.066921 -0.011119 -3.633956 -0.095727 0.368946 -0.005201 
-0.076119 0.010318 -3.426455 -0.096073 0.366788 -0.006593 
-0.077405 0.018892 -3.180961 -0.096507 0.364757 -0.006994 
-0.088691 0.016218 -3.052392 -0.096055 0.362430 -0.005900 
-0.083162 0.010364 -3.132141 -0.095604 0.360781 -0.002743 
-0.078921 0.003815 -3.314708 -0.094671 0.359252 0.000640 
-0.076363 -0.014074 -3.535488 -0.093336 0.358403 0.002793 
-0.080391 -0.029956 -3.774053 -0.092151 0.358079 0.004070 
-0.078082 -0.043909 -3.915275 -0.090955 0.358267 0.002958 
-0.084671 -0.055208 -3.827023 -0.089598 0.358961 -0.000752 
-0.082448 -0.071201 -3.633752 -0.088918 0.359764 -0.005438 
-0.078414 -0.070292 -3.442024 -0.088439 0.360563 -0.009365 
-0.078444 -0.074893 -3.231202 -0.088645 0.361769 -0.012415 
-0.067696 -0.076258 -3.116847 -0.089299 0.363204 -0.013182 
-0.061505 -0.082427 -3.202474 -0.090139 0.364799 -0.011012 
-0.067296 -0.081269 -3.402775 -0.091249 0.366690 -0.007434 
-0.059112 -0.080367 -3.613526 -0.092192 0.368580 -0.003868 
-0.042015 -0.068481 -3.864363 -0.093372 0.370800 -0.000333 
-0.042829 -0.063163 -3.999821 -0.094133 0.372646 0.001474 
-0.053690 -0.043243 -3.925709 -0.094647 0.374056 0.000573 
-0.060989 -0.034155 -3.748060 -0.094598 0.375039 -0.001535 
-0.061522 -0.026606 -3.559659 -0.094717 0.375302 -0.003731 
-0.064572 -0.023621 -3.330605 -0.094549 0.374620 -0.006102 
-0.060892 -0.031451 -3.206204 -0.094286 0.373424 -0.007277 
-0.058491 -0.053852 -3.290309 -0.093632 0.371595 -0.006489 
-0.055415 -0.068076 -3.467753 -0.092916 0.369779 -0.004921 
-0.046534 -0.077368 -3.655332 -0.091839 0.367735 -0.003578 
-0.051161 -0.088045 -3.872967 -0.090939 0.366076 -0.002261 
-0.050325 -0.085937 -3.996875 -0.089630 0.364369 -0.002152 
-0.057801 -0.089069 -3.881966 -0.088376 0.363063 -0.004203 
-0.071083 -0.096611 -3.684154 -0.087643 0.361879 -0.006608 
-0.088550 -0.093010 -3.465981 -0.087479 0.361109 -0.008665 
-0.097360 -0.085972 -3.219238 -0.087447 0.360563 -0.009946 
-0.095412 -0.075561 -3.087232 -0.088022 0.360153 -0.009602 
-0.090326 -0.074383 -3.183046 -0.089130 0.359847 -0.007090 
-0.082148 -0.066786 -3.362165 -0.090668 0.360014 -0.003466 
-0.074582 -0.060543 -3.570257 -0.092055 0.360474 -0.000516 
-0.066213 -0.039910 -3.808331 -0.093340 0.361513 0.002192 
-0.060908 -0.036334 -3.930522 -0.094270 0.362641 0.002948 
-0.064850 -0.023030 -3.852836 -0.094828 0.364571 0.000648 
-0.064076 -0.013242 -3.671997 -0.094932 0.366355 -0.002644 
-0.057453 0.000583 -3.472092 -0.094522 0.368194 -0.005819 
-0.050918 -0.002185 -3.242270 -0.094231 0.370022 -0.008759 
-0.044657 -0.003529 -3.129248 -0.093601 0.371491 -0.009869 
-0.029956 -0.016159 -3.225966 -0.093034 0.372547 -0.008263 
-0.036237 -0.039783 -3.396345 -0.092712 0.373280 -0.005428 
-0.028537 -0.044401 -3.597464 -0.092247 0.373354 -0.002501 
-0.026463 -0.043604 -3.817130 -0.092388 0.373089 0.000212 
-0.019254 -0.036668 -3.952233 -0.092327 0.372298 0.001502 
-0.029051 -0.027378 -3.867247 -0.092271 0.371017 0.000091 
-0.039122 -0.025602 -3.666447 -0.092596 0.369524 -0.002717 
-0.042322 -0.018916 -3.475240 -0.092882 0.367796 -0.005744 
-0.052574 -0.007830 -3.223626 -0.093144 0.366110 -0.008610 
-0.054956 -0.009757 -3.108757 -0.093325 0.364482 -0.009671 
-0.055347 -0.004511 -3.184441 -0.093282 0.363163 -0.007789 
-0.054074 -0.008096 -3.365427 -0.093456 0.361941 -0.004283 
-0.061398 -0.016277 -3.557855 -0.093184 0.360875 -0.000582 
-0.052882 -0.019731 -3.791531 -0.092868 0.360664 0.003289 
-0.067515 -0.019602 -3.939769 -0.092385 0.360696 0.005407 
-0.070254 -0.020134 -3.836369 -0.091754 0.360891 0.004197 
-0.073189 -0.030977 -3.657128 -0.091360 0.361546 0.001222 
-0.069660 -0.037805 -3.474869 -0.090935 0.362155 -0.002927 
-0.079398 -0.046187 -3.239806 -0.090854 0.363229 -0.007675 
-0.065687 -0.051498 -3.129634 -0.090891 0.364447 -0.011136 
-0.064277 -0.066298 -3.229503 -0.090991 0.365973 -0.011779 
-0.061174 -0.080681 -3.415045 -0.091242 0.367407 -0.010562 
-0.057162 -0.086433 -3.603727 -0.091432 0.368842 -0.008166 
-0.052333 -0.091020 -3.824966 -0.091771 0.369990 -0.004826 
-0.062288 -0.086380 -3.964156 -0.092059 0.371043 -0.001841 
-0.073726 -0.071168 -3.894625 -0.092444 0.371599 -0.001025 
-0.073422 -0.062592 -3.720511 -0.092554 0.371671 -0.001622 
-0.087975 -0.053141 -3.513179 -0.092828 0.371554 -0.003151 
-0.082193 -0.046380 -3.292935 -0.093110 0.370906 -0.005737 
-0.084089 -0.050313 -3.165218 -0.093467 0.369748 -0.007755 
-0.078058 -0.050035 -3.245438 -0.093617 0.368473 -0.007914 
-0.072754 -0.057589 -3.430063 -0.093495 0.367026 -0.007096 
-0.075368 -0.060911 -3.616357 -0.093027 0.365637 -0.005853 
-0.077153 -0.073340 -3.855981 -0.092619 0.364440 -0.003589 
-0.073695 -0.072428 -3.993700 -0.091637 0.363101 -0.001883 
-0.078287 -0.068329 -3.893225 -0.090651 0.362166 -0.002121 
-0.083052 -0.064670 -3.689942 -0.089674 0.361408 -0.002917 
-0.087140 -0.062192 -3.485582 -0.088865 0.360931 -0.004035 
-0.090736 -0.061591 -3.238028 -0.088234 0.360919 -0.006085 
-0.084034 -0.067000 -3.123163 -0.088275 0.361233 -0.007386 
-0.067009 -0.069822 -3.224470 -0.088762 0.361796 -0.007152 
-0.055375 -0.077826 -3.408358 -0.089606 0.362598 -0.006130 
-0.056280 -0.070718 -3.602220 -0.090673 0.363877 -0.005004 
-0.048956 -0.060831 -3.838603 -0.091712 0.365491 -0.003167 
-0.034718 -0.046406 -3.982608 -0.092721 0.367044 -0.001786 
-0.043833 -0.026936 -3.869192 -0.093561 0.368628 -0.002008 
-0.047611 -0.010773 -3.703757 -0.094103 0.369975 -0.002939 
-0.036406 -0.002233 -3.498683 -0.094852 0.371113 -0.003406 
-0.035066 0.011180 -3.273050 -0.094930 0.372128 -0.004398 
-0.034388 0.001394 -3.139872 -0.095167 0.372577 -0.004826 
-0.025587 -0.003977 -3.233741 -0.095355 0.372815 -0.003729 
-0.025895 -0.011931 -3.400516 -0.095080 0.372649 -0.002161 
-0.026513 -0.027418 -3.595870 -0.095018 0.372198 -0.001151 
-0.021329 -0.028094 -3.823007 -0.094525 0.371144 0.000161 
-0.024840 -0.039789 -3.945468 -0.094119 0.369747 0.000276 
-0.037874 -0.029282 -3.830621 -0.093254 0.368199 -0.001440 
-0.044545 -0.030335 -3.633080 -0.092471 0.366398 -0.003729 
-0.050583 -0.030922 -3.425980 -0.091846 0.364496 -0.005684 
-0.064360 -0.036065 -3.198594 -0.091097 0.362740 -0.007735 
-0.060629 -0.025526 -3.065280 -0.090705 0.361169 -0.008463 
-0.054811 -0.034341 -3.150757 -0.090437 0.360183 -0.006924 
-0.054102 -0.040799 -3.338853 -0.090471 0.359632 -0.004722 
-0.058439 -0.046159 -3.547012 -0.090821 0.359884 -0.002433 
-0.055367 -0.040025 -3.786783 -0.090924 0.360382 0.000149 
-0.059576 -0.039173 -3.931585 -0.091235 0.361198 0.001415 
-0.071370 -0.026373 -3.827581 -0.091640 0.362322 0.000645 
-0.076541 -0.026712 -3.650204 -0.092139 0.363572 -0.001033 
-0.081880 -0.018759 -3.471774 -0.092579 0.364827 -0.003136 
-0.081230 -0.014533 -3.251178 -0.092884 0.365935 -0.005956 
-0.072021 -0.014987 -3.134545 -0.093371 0.367093 -0.007686 
-0.062723 -0.032637 -3.236339 -0.093647 0.368277 -0.007468 
-0.061796 -0.045952 -3.421823 -0.093409 0.369440 -0.006577 
-0.060894 -0.058508 -3.618239 -0.093166 0.370415 -0.005370 
-0.053113 -0.066548 -3.866668 -0.092723 0.371256 -0.003779 
-0.046845 -0.073162 -3.991436 -0.092117 0.371802 -0.003047 
