Timestamp,X_Error,Y_Error
0.00700274,0.00112373,0.000898456
0.0077713,0.00121459,0.000936122
0.00873468,0.00121459,0.000936122
0.00994979,0.00142355,0.00101787
0.0107043,0.0012651,0.00105825
0.0117585,0.0012651,0.00105825
0.0127167,0.00155332,0.00116121
0.0137072,0.0014699,0.000909802
0.0147235,0.0015671,0.000929527
0.0156913,0.00142358,0.000968344
0.0167297,0.00142358,0.000968344
0.0177113,0.00213519,0.00096258
0.0186977,0.00198166,0.00100532
0.0197176,0.00198166,0.00100532
0.0207074,0.00206035,0.00103283
0.021722,0.00238479,0.00103342
0.022693,0.00224657,0.00106428
0.0236978,0.00232209,0.00109265
0.024714,0.00241007,0.00111111
0.0257124,0.00287008,0.00103858
0.0267055,0.00274838,0.0010655
0.0277292,0.00282258,0.00109736
0.0287315,0.0031112,0.00109505
0.0297157,0.00297742,0.00113438
0.0306517,0.00304332,0.00116087
0.031739,0.00332517,0.00116027
0.0326542,0.00318957,0.00119476
0.0336775,0.00334185,0.000864388
0.0347232,0.00340553,0.000881723
0.0358208,0.00347435,0.000902277
0.0368035,0.00354546,0.000919648
0.0376987,0.0039538,0.000844298
0.0387937,0.003834,0.00087458
0.0398965,0.00388973,0.000905422
0.0407066,0.00413683,0.000899697
0.041744,0.00400464,0.000941822
0.0427789,0.00404687,0.000965932
0.0437568,0.00409893,0.000988631
0.0447228,0.00415184,0.00100499
0.0458019,0.00420495,0.00102605
0.0467946,0.00425473,0.00104223
0.0477954,0.00430609,0.00106267
0.0487443,0.00435389,0.00107823
0.0498014,0.00440296,0.0010981
0.0508203,0.00458463,0.00104304
0.051765,0.00464772,0.00105739
0.0527058,0.00463096,0.00103114
0.0537381,0.00436855,0.000804062
0.0547912,0.00436005,0.000779429
0.0557175,0.00436005,0.000779429
0.0566708,0.00453587,0.00090883
0.0578175,0.0047077,0.000861504
0.0587648,0.00470671,0.000829398
0.0597531,0.00462695,0.000922736
0.0607304,0.00482164,0.000919109
0.0617166,0.00487219,0.000938134
0.0627357,0.00494904,0.00099659
0.0637528,0.00497129,0.00101974
0.0646909,0.00499846,0.00103517
0.0659963,0.00502822,0.00105446
0.0667281,0.00505507,0.00106923
0.0676975,0.0050768,0.00108676
0.0687169,0.0050768,0.00108676
0.0697262,0.00512285,0.00112333
0.0706982,0.00498809,0.00116369
0.0717216,0.00498809,0.00116369
0.072777,0.00513779,0.00108864
0.0736924,0.00566516,0.00064049
0.0747666,0.00566516,0.00064049
0.0758838,0.0057665,0.00071395
0.0766831,0.00561606,0.000767029
0.078015,0.00580344,0.000758093
0.0786771,0.00581196,0.000764786
0.0797047,0.00565989,0.000819312
0.0808575,0.00535802,0.000792193
0.0817127,0.0054088,0.000845755
0.0827209,0.00539292,0.000829096
0.0837837,0.00538729,0.000805646
0.0846886,0.00555784,0.00078023
0.085695,0.00558981,0.000785846
0.0867383,0.00558981,0.000785846
0.0877627,0.00574846,0.00076452
0.0887052,0.005624,0.000828467
0.0897259,0.00578194,0.000806458
0.0907461,0.00578194,0.000806458
0.0917469,0.00579523,0.000814923
0.0927056,0.00566021,0.000864512
0.0937827,0.00579626,0.00084974
0.0947262,0.00568905,0.000515488
0.0957576,0.00570529,0.000531221
0.0970941,0.00584927,0.000510427
0.0980524,0.00583925,0.000488163
0.0986585,0.0055792,0.000608304
0.0997606,0.00570989,0.000601524
0.100789,0.00572395,0.000610719
0.101749,0.00571576,0.000595101
0.103783,0.00573795,0.000638753
0.1047,0.0058938,0.000633065
0.105827,0.00589503,0.000614104
0.106792,0.00589889,0.000628533
0.107884,0.00603856,0.000581441
0.10895,0.00618282,0.000556888
0.109771,0.006055,0.000607852
0.11082,0.00604411,0.000632494
0.11176,0.00604264,0.000653606
0.112819,0.0060432,0.000670873
0.114386,0.00572576,0.000467992
0.114999,0.00572573,0.000484998
0.115915,0.00571788,0.000472736
0.116729,0.00572719,0.000519601
0.117743,0.00572847,0.000538751
0.11886,0.00572847,0.000538751
0.119739,0.00586639,0.000501721
0.120721,0.00587344,0.0005201
0.122013,0.00587161,0.00054082
0.123351,0.0058685,0.000588473
0.123748,0.00586798,0.000578866
0.124976,0.00573224,0.000631632
0.12578,0.00586332,0.000647218
0.12673,0.00585666,0.000627918
0.127697,0.00586556,0.000645429
0.128702,0.00586556,0.000645429
0.129718,0.00600423,0.000624598
0.130867,0.00599196,0.000654916
0.131739,0.00586577,0.000713344
0.132687,0.00597596,0.000695615
0.133751,0.00595787,0.000379875
0.134715,0.00595577,0.000400341
0.135738,0.00608683,0.000377946
0.136931,0.00608774,0.000386861
0.13783,0.00596231,0.000445184
0.138739,0.00608017,0.00042604
0.139833,0.00620713,0.000368536
0.140725,0.00608421,0.000419096
0.141708,0.00608049,0.000443643
0.142726,0.00619808,0.000420152
0.143728,0.0060764,0.000473389
0.144713,0.00607294,0.000495095
0.145808,0.00619182,0.000472038
0.146703,0.00607764,0.000524037
0.147876,0.0061944,0.000506382
0.148715,0.00631734,0.00044765
0.149706,0.00620404,0.00050252
0.150687,0.00620404,0.00050252
0.151717,0.00631278,0.000500275
0.152885,0.00618286,0.000558932
0.153731,0.00586636,0.000359341
0.154708,0.00597514,0.000359665
0.155717,0.00597514,0.000359665
0.156722,0.00598535,0.000343869
0.157765,0.00598411,0.00039079
0.15865,0.00585486,0.000450232
0.159731,0.00585486,0.000450232
0.160681,0.00584464,0.000501714
0.161737,0.00584464,0.000501714
0.162715,0.00596525,0.000446942
0.163662,0.00585139,0.000526887
0.164703,0.00582991,0.000547309
0.165708,0.00570238,0.000606533
0.166745,0.00570972,0.000624276
0.167764,0.0057023,0.000636898
0.168743,0.00571271,0.000671929
0.169749,0.00571584,0.000684974
0.170857,0.00570094,0.000670197
0.17173,0.00570341,0.000681804
0.172707,0.00571426,0.000692646
0.173693,0.00561968,0.000452081
0.174661,0.00574305,0.000392054
0.175706,0.00575487,0.0004004
0.176715,0.00575707,0.000413094
0.177727,0.00575796,0.000429319
0.178709,0.00576425,0.000468631
0.179749,0.00576066,0.000459121
0.180721,0.00575555,0.000446214
0.181777,0.00576294,0.00048606
0.182727,0.00576294,0.00048606
0.18409,0.00576428,0.000540785
0.184732,0.00575981,0.000528491
0.185751,0.00575981,0.000528491
0.186754,0.00587973,0.000512163
0.18773,0.00577515,0.000563531
0.188717,0.00577515,0.000563531
0.189747,0.00589399,0.000549073
0.190723,0.00590766,0.000533422
0.191711,0.00591192,0.000574433
0.192965,0.00590312,0.000590151
0.193768,0.00589029,0.000289743
0.195103,0.00600276,0.000260629
0.195942,0.00600652,0.000269678
0.19671,0.00600333,0.000258774
0.197716,0.00601183,0.000275083
0.198663,0.00612324,0.000241518
0.199707,0.0061295,0.000228953
0.200717,0.00612929,0.000228587
0.201726,0.0061195,0.000293391
0.203037,0.00600947,0.0003511
0.203887,0.00600947,0.0003511
0.204993,0.00600825,0.000347574
0.205735,0.00601221,0.000397548
0.206927,0.00601221,0.000397548
0.20853,0.00612292,0.000383672
0.208989,0.00601415,0.000441696
0.209832,0.00601415,0.000441696
0.211001,0.0061314,0.000389136
0.211653,0.00613927,0.000410468
0.212693,0.00613782,0.000432798
0.213717,0.00582521,0.000266904
0.214701,0.00592906,0.000234634
0.2157,0.00593672,0.000222872
0.216744,0.00592296,0.00028847
0.217681,0.00592296,0.00028847
0.218714,0.00581632,0.000348222
0.219675,0.00580654,0.000383826
0.220664,0.00581723,0.00040042
0.221694,0.00604428,0.00029051
0.22267,0.00604428,0.00029051
0.223762,0.00605976,0.000297867
0.224693,0.00593191,0.000391124
0.225705,0.00591489,0.000390723
0.226732,0.00580195,0.000455085
0.227661,0.00580981,0.000477855
0.228693,0.00591242,0.000464745
0.229794,0.00592169,0.000453032
0.230717,0.00592905,0.000443834
0.23181,0.00591937,0.000483669
0.232812,0.00591886,0.000499647
0.233794,0.00580833,0.000255539
0.234804,0.00591887,0.000195592
0.235786,0.00592549,0.000207931
0.236709,0.00592366,0.000224337
0.237871,0.00592063,0.000244077
0.238825,0.00591756,0.000261283
0.239913,0.00591537,0.000280182
0.240799,0.00591262,0.000296918
0.241794,0.00591069,0.000315408
0.24273,0.00590823,0.000331743
0.243749,0.00601652,0.00027444
0.244821,0.00602079,0.000285995
0.245767,0.00601818,0.000305466
0.246731,0.00601305,0.000324321
0.247743,0.00600925,0.000344523
0.248732,0.00601396,0.000362574
0.249751,0.00600157,0.00038215
0.250982,0.00599763,0.000399638
0.25173,0.00599763,0.000399638
0.252735,0.00599093,0.00043589
0.253742,0.00598603,0.000124334
0.254717,0.00598899,0.000136572
0.255739,0.00599421,0.000156724
0.257133,0.00598804,0.000176186
0.257755,0.00598319,0.00019698
0.258655,0.00598319,0.00019698
0.259721,0.00596448,0.000235748
0.260764,0.00596814,0.00025381
0.261692,0.00596814,0.00025381
0.262776,0.00605611,0.000234559
0.26379,0.00605922,0.000232018
0.264724,0.00605922,0.000232018
0.266081,0.00594154,0.00032783
0.267004,0.00604231,0.000293826
0.267724,0.00604231,0.000293826
0.268754,0.00604106,0.000327588
0.269733,0.00603499,0.000346976
0.270742,0.00602091,0.000392182
0.271779,0.00612152,0.000333867
0.272713,0.00612333,0.000348612
0.273703,0.00582257,0.000219484
0.275059,0.00579818,0.000260959
0.275708,0.00570665,0.00033404
0.276876,0.00570665,0.00033404
0.277721,0.00579124,0.000318691
0.278652,0.00578552,0.000339184
0.279814,0.00578552,0.000339184
0.280708,0.00577413,0.000377896
0.281832,0.00575965,0.000395874
0.282748,0.00575965,0.000395874
0.283777,0.00567062,0.000469739
0.284715,0.00584709,0.00035799
0.285686,0.00576253,0.000422445
0.287125,0.00577817,0.000420861
0.287732,0.00584609,0.00040882
0.288777,0.00583898,0.000423842
0.289845,0.00583898,0.000423842
0.29066,0.00571617,0.000546837
0.291773,0.00572409,0.000542576
0.292818,0.00572946,0.000557301
0.293645,0.00579175,0.000254
0.294688,0.00579898,0.000247878
0.295752,0.00580558,0.000241816
0.296854,0.00590279,0.000199657
0.297764,0.00589685,0.000214044
0.298696,0.00589224,0.000231566
0.300115,0.00589605,0.000251738
0.300731,0.00588164,0.000270021
0.301722,0.00587722,0.000289697
0.302727,0.00587245,0.000307264
0.303757,0.00586845,0.00032654
0.304755,0.00587329,0.000343402
0.305722,0.00586972,0.000362282
0.306712,0.00585663,0.000379398
0.307717,0.00595366,0.000317646
0.308753,0.00596428,0.000329417
0.309813,0.0059599,0.000349226
0.310696,0.00594431,0.000368801
0.31174,0.00594824,0.000389069
0.312735,0.00594275,0.0004075
0.313711,0.00564944,0.000300042
0.314663,0.00561793,0.000363115
0.315776,0.00561793,0.000363115
0.316726,0.00564561,0.00035155
0.317729,0.00571259,0.000334913
0.318829,0.00571259,0.000334913
0.319946,0.0056989,0.000371732
0.32072,0.0056989,0.000371732
0.321753,0.00569661,0.000410097
0.323064,0.00570699,0.000406642
0.323833,0.00570699,0.000406642
0.324695,0.00567231,0.000469438
0.325725,0.0055853,0.000545513
0.326712,0.00558495,0.000567946
0.327763,0.00566553,0.000523692
0.328712,0.00575754,0.000455161
0.329751,0.00575754,0.000455161
0.330787,0.00574426,0.000494002
0.331721,0.00566436,0.000566848
0.332748,0.00566436,0.000566848
0.333813,0.00580465,0.000214723
0.334785,0.00572643,0.000289221
0.335742,0.0057255,0.000309984
0.336808,0.0057255,0.000309984
0.337758,0.0057953,0.000281801
0.3388,0.0057953,0.000281801
0.339775,0.00570107,0.000383294
0.340741,0.00569644,0.000401733
0.341726,0.00579859,0.000332867
0.342743,0.00588052,0.000284311
0.343739,0.00588018,0.00029914
0.344701,0.00587281,0.000321678
0.345699,0.00587281,0.000321678
0.346738,0.00585125,0.000363456
0.347745,0.00577921,0.000441371
0.348692,0.00584412,0.000405796
0.349729,0.00583733,0.000418939
0.350765,0.00576653,0.000498754
0.351731,0.00583083,0.000460322
0.352752,0.00583083,0.000460322
0.353797,0.00563221,0.000340332
0.354699,0.00562271,0.000363634
0.355698,0.00570314,0.000295901
0.356726,0.00573164,0.000285633
0.357733,0.00571878,0.000322471
0.358635,0.00572411,0.000320382
0.359736,0.00569936,0.000360647
0.360722,0.00578793,0.000296147
0.361886,0.0057048,0.000393324
0.362732,0.0057048,0.000393324
0.363701,0.00575793,0.000358318
0.364696,0.00567889,0.000456221
0.365698,0.00567486,0.000473582
0.366703,0.00567294,0.000491182
0.367878,0.00576135,0.000421466
0.368696,0.00577205,0.000434015
0.369706,0.00577205,0.000434015
0.370689,0.00582883,0.000390887
0.371717,0.00584909,0.000382496
0.372746,0.00580898,0.000452643
0.373771,0.00585989,0.000119216
0.374887,0.00579214,0.000197224
0.375691,0.00579202,0.00021794
0.376699,0.00584789,0.000175601
0.378188,0.00578049,0.000251927
0.379255,0.00577195,0.000274999
0.380088,0.00585697,0.00020613
0.380717,0.00586722,0.000218803
0.381851,0.00592017,0.000174971
0.382815,0.00585299,0.000254644
0.384187,0.00584223,0.000277619
0.384763,0.00583664,0.000298784
0.385775,0.00583237,0.000316371
0.386794,0.00582841,0.000335818
0.387762,0.00582429,0.00035323
0.388741,0.00582078,0.000372285
0.389766,0.00581715,0.000389287
0.390728,0.00582306,0.000407113
0.392116,0.00587614,0.000360174
0.392772,0.00590013,0.000352124
0.393714,0.00560501,0.000305182
0.394807,0.00554503,0.000388553
0.395761,0.00560741,0.000346094
0.396697,0.00557659,0.000385652
0.397786,0.00559679,0.000380635
0.398755,0.00560068,0.000398701
0.400024,0.00558762,0.00041716
0.40074,0.00558348,0.000436507
0.401926,0.0056685,0.000365615
0.402759,0.00556944,0.000469808
0.403884,0.00559642,0.000467901
0.404816,0.0055663,0.00051081
0.405708,0.00564989,0.00043953
0.406795,0.00564956,0.000453762
0.40771,0.00564496,0.000471527
0.408726,0.00563955,0.000492421
0.40988,0.00563449,0.000511002
0.410714,0.00563004,0.000531142
0.411727,0.00563431,0.00054831
0.412741,0.00559614,0.000593201
0.413909,0.00550251,0.000403304
0.414854,0.00558252,0.000331748
0.416131,0.0055817,0.000344474
0.416995,0.0055817,0.000344474
0.417911,0.00554267,0.000410128
0.4187,0.00555707,0.000407941
0.419699,0.00555707,0.000407941
0.420739,0.00552397,0.00047311
0.421681,0.00554379,0.000464815
0.422897,0.00554379,0.000464815
0.423747,0.00553995,0.000502906
0.424771,0.00554915,0.000515345
0.425708,0.00554624,0.000533585
0.426694,0.00553342,0.000552354
0.427794,0.00556565,0.000546104
0.428725,0.00556565,0.000546104
0.42979,0.00557476,0.000540227
0.430712,0.00557476,0.000540227
0.431693,0.00557625,0.000577974
0.432746,0.00557799,0.000590817
0.43373,0.00546229,0.000445328
0.43471,0.00545007,0.000464573
0.435896,0.00540326,0.00054993
0.436709,0.00552945,0.000412093
0.437717,0.00552598,0.000422199
0.438902,0.00547749,0.000507247
0.440399,0.00551804,0.000466855
0.441002,0.00550977,0.000481683
0.442035,0.0054635,0.000567797
0.443057,0.00550474,0.000523758
0.443911,0.00550474,0.000523758
0.444733,0.00550597,0.000538489
0.445733,0.00543616,0.000648337
0.447052,0.00543616,0.000648337
0.448052,0.00544187,0.000664059
0.449149,0.00548203,0.000613306
0.449757,0.00551253,0.0006017
0.45105,0.00550829,0.000618952
0.451723,0.00550367,0.000636883
0.452739,0.00549944,0.000656361
0.453761,0.00537584,0.000509645
0.455018,0.00537222,0.000528665
0.455747,0.00536868,0.000545691
0.456755,0.00535727,0.000565374
0.457719,0.00530703,0.000650699
0.458776,0.00530955,0.000670929
0.459799,0.00543217,0.000523134
0.460733,0.00544421,0.000530025
0.461731,0.00543181,0.000547624
0.462797,0.00542624,0.000568497
0.463761,0.00542966,0.000585818
0.464715,0.00538524,0.000632817
0.465798,0.00541494,0.000625813
0.466732,0.00541494,0.000625813
0.467761,0.00537588,0.000686527
0.468742,0.00540652,0.000680851
0.469714,0.00540312,0.000696274
0.470929,0.00540084,0.000714523
0.471808,0.00547352,0.00063628
0.47272,0.00547236,0.000650243
0.47371,0.00534645,0.000514544
0.474709,0.00534104,0.000535337
0.475716,0.00533611,0.00055446
0.476782,0.00533164,0.000572984
0.477738,0.00533561,0.000591662
0.478665,0.00528261,0.000679656
0.479715,0.00531716,0.000632695
0.480811,0.00534301,0.000620744
0.481714,0.00527202,0.000733404
0.482719,0.00530772,0.000683699
0.483705,0.00537453,0.000603225
0.484702,0.00534082,0.000684818
0.485744,0.00544739,0.00054024
0.486742,0.00537356,0.000646894
0.487724,0.00535824,0.00067301
0.488731,0.00532394,0.000759141
0.489793,0.00535427,0.000714423
0.490745,0.00535433,0.000728225
0.491774,0.00535174,0.000746344
0.492718,0.0054208,0.000667256
0.493706,0.00531,0.000545171
0.495036,0.00530485,0.000563759
0.495682,0.00529912,0.000585313
0.496756,0.00529394,0.000604627
0.497752,0.00528926,0.000625373
0.498692,0.00528483,0.000644068
0.499718,0.00524488,0.000691707
0.500713,0.00527913,0.000683376
0.501708,0.00524034,0.000728027
0.502716,0.00523893,0.000746796
0.503754,0.00523858,0.000764647
0.50486,0.00527336,0.000754325
0.505854,0.00523581,0.000797403
0.506721,0.00523581,0.000797403
0.507985,0.00526358,0.000789662
0.508687,0.00525977,0.000822101
0.509734,0.0052657,0.000838534
0.51071,0.0052901,0.000783135
0.511792,0.0052901,0.000783135
0.513028,0.00526545,0.000868613
0.513822,0.00524646,0.00061697
0.514771,0.00525253,0.000648417
0.515889,0.00525253,0.000648417
0.516728,0.00534625,0.000493721
0.517648,0.00531738,0.000595233
0.518715,0.00531738,0.000595233
0.519798,0.00533683,0.000543146
0.520697,0.00530467,0.000630552
0.521996,0.0053346,0.000641718
0.522728,0.0053346,0.000641718
0.523642,0.00529264,0.000685205
0.524684,0.00529866,0.000703159
0.525703,0.00531947,0.000646923
0.526775,0.00529082,0.000734299
0.527695,0.00529431,0.000752752
0.528727,0.00538278,0.000596413
0.52975,0.00535529,0.000679557
0.530744,0.00535656,0.00069861
0.531761,0.00537313,0.000647905
0.532697,0.005352,0.000733058
0.533689,0.00505624,0.000805691
0.534711,0.00509532,0.000794969
0.535773,0.00510067,0.000809559
0.536694,0.00505336,0.000854018
0.537704,0.00509311,0.000844699
0.53874,0.00509884,0.000857087
0.539712,0.0051177,0.00080092
0.540625,0.00515064,0.000787104
0.541625,0.00513478,0.000875408
0.542692,0.00510808,0.000851696
0.54381,0.00514287,0.000840174
0.545057,0.00511483,0.000928586
0.545869,0.00511727,0.000947829
0.546723,0.0051477,0.000888301
0.547639,0.005166,0.000827229
0.548715,0.00514148,0.000914594
0.549654,0.00513681,0.000936496
0.550944,0.005199,0.000851321
0.552046,0.00523767,0.000836661
0.552775,0.00519838,0.000879191
0.553698,0.00501693,0.000823014
0.554738,0.00506428,0.000810645
0.55625,0.00508353,0.000754129
0.556705,0.00501208,0.000872707
0.557749,0.00505749,0.000865709
0.558687,0.00507042,0.000808319
0.559713,0.00504862,0.000897816
0.560731,0.00505134,0.000916477
0.561687,0.00506413,0.000861569
0.562737,0.00504403,0.000948874
0.563665,0.00504097,0.000969651
0.564725,0.00510891,0.000880963
0.56597,0.00512189,0.000819058
0.566893,0.00510008,0.000908062
0.567823,0.00510085,0.000929979
0.568751,0.00511018,0.00087529
0.569809,0.00509064,0.000965092
0.571155,0.00508643,0.000985333
0.571694,0.00508462,0.00100435
0.572761,0.00509014,0.00101865
0.574049,0.00488468,0.00100629
0.574737,0.00481841,0.00112452
0.575883,0.00485412,0.00111822
0.57691,0.00489647,0.00110187
0.578098,0.00490666,0.00111633
0.5787,0.00493365,0.000980665
0.579874,0.00497091,0.000962845
0.580732,0.00489523,0.00116013
0.581864,0.00490581,0.0011105
0.582938,0.00490575,0.00112592
0.583995,0.00496402,0.00103532
0.584761,0.00500479,0.00101955
0.585803,0.0049553,0.00106552
0.587054,0.00499566,0.00105616
0.58771,0.00498405,0.00107413
0.588823,0.00492571,0.00119936
0.58975,0.00496095,0.00119079
0.590718,0.00491909,0.00123789
0.591795,0.00493212,0.00117958
0.592958,0.00493252,0.0011929
0.593737,0.0048995,0.000967546
0.594707,0.00495459,0.000890346
0.595743,0.00495135,0.000907856
0.596737,0.00494776,0.000928245
0.597736,0.00494776,0.000928245
0.598688,0.0049509,0.000945247
0.599746,0.00490332,0.000996529
0.600729,0.00484088,0.00112337
0.6017,0.0048374,0.00121931
0.602689,0.00485535,0.00115681
0.603732,0.00486287,0.00116486
0.604711,0.00486804,0.00117692
0.605823,0.00492914,0.00108279
0.606774,0.00493264,0.00109076
0.607836,0.00493332,0.00110812
0.60875,0.00493486,0.00112292
0.609692,0.00493667,0.00113897
0.610745,0.00493885,0.00115305
0.611718,0.00494106,0.00116857
0.61269,0.00494362,0.00118214
0.61372,0.00473713,0.00126824
0.614706,0.004779,0.00125281
0.61572,0.00478521,0.00126535
0.616738,0.00474075,0.0013091
0.617691,0.00479795,0.00121666
0.618748,0.00479457,0.00122602
0.619693,0.00479124,0.00132002
0.620722,0.00479908,0.00126049
0.621691,0.00480138,0.00127165
0.622737,0.00480223,0.00128643
0.623696,0.00480316,0.00130255
0.624775,0.00479929,0.00131772
0.625742,0.00479916,0.0014106
0.626707,0.00480807,0.00134788
0.62772,0.00480648,0.00135852
0.628739,0.00480751,0.00144982
0.629728,0.0048162,0.00138772
0.630697,0.00487276,0.00128585
0.63173,0.00487333,0.0012952
0.632678,0.00487161,0.00131358
0.633647,0.00481187,0.00112553
0.634691,0.00480709,0.0012204
0.635696,0.00481266,0.00123661
0.636721,0.00481396,0.00117252
0.637748,0.00481195,0.00126198
0.638702,0.00481798,0.00127793
0.639904,0.00481798,0.00127793
0.641012,0.0048721,0.00118699
0.641834,0.0048721,0.00118699
0.642712,0.00486815,0.00112771
0.643949,0.00486489,0.00121986
0.644816,0.00486889,0.00123611
0.645869,0.00481668,0.00128483
0.646761,0.00486782,0.00126766
0.647871,0.0048736,0.00127921
0.648805,0.00487286,0.00121246
0.650273,0.0048723,0.00130436
0.650883,0.00487322,0.00132023
0.651769,0.00492939,0.00122288
0.652709,0.00492632,0.00115106
0.653804,0.0048495,0.00104937
0.654747,0.00485233,0.0010668
0.656373,0.00479889,0.00111716
0.656955,0.00485021,0.00109995
0.657855,0.0048505,0.00111333
0.658877,0.00485205,0.00112648
0.659745,0.00485309,0.0011412
0.660818,0.00485463,0.001154
0.661894,0.00485635,0.00116816
0.662845,0.00491523,0.00106635
0.663715,0.00491014,0.00107765
0.665089,0.004903,0.00101345
0.665737,0.00490795,0.00110602
0.666736,0.00485332,0.00115963
0.667732,0.00490051,0.00114468
0.668701,0.00490333,0.00123645
0.669764,0.00490854,0.00125372
0.670751,0.0049099,0.00118491
0.671724,0.00496255,0.00108112
0.672787,0.00491084,0.00120296
0.673689,0.00476232,0.00118344
0.674709,0.00476232,0.00118344
0.675736,0.00476464,0.00112887
0.676754,0.00481184,0.00110783
0.677785,0.00481184,0.00110783
0.678706,0.00477138,0.00125059
0.679725,0.00482473,0.00123292
0.680717,0.00482228,0.00124584
0.681725,0.00482807,0.00125709
0.682718,0.00483047,0.00118616
0.683705,0.00483249,0.00119453
0.6847,0.0048338,0.00120808
0.685683,0.00483595,0.00122101
0.686701,0.00483827,0.00123524
0.687727,0.00484127,0.0012475
0.688718,0.00488783,0.00114728
0.689721,0.00488807,0.00115572
0.690741,0.00488393,0.00117204
0.691703,0.00488793,0.00118598
0.692696,0.00488829,0.0012021
0.69371,0.00469271,0.00133719
0.694723,0.00469396,0.00135258
0.69568,0.00469598,0.00136594
0.69698,0.00469785,0.00138041
0.697688,0.0047006,0.00139305
0.698646,0.00469987,0.00140816
0.699681,0.00470718,0.00141934
0.70069,0.00470274,0.00134972
0.701684,0.00470585,0.00135866
0.702684,0.00470877,0.00137449
0.70374,0.004712,0.00138747
0.70471,0.00471174,0.00139835
0.70576,0.00468854,0.00138845
0.706725,0.00436496,0.0012183
0.707768,0.00428027,0.00117004
0.708681,0.0043152,0.00115205
0.709716,0.00430965,0.00116715
0.710795,0.00430488,0.00118491
0.711768,0.00430488,0.00118491
0.712815,0.00429772,0.00114121
0.713753,0.00415225,0.00121756
0.714706,0.00419701,0.00120041
0.715771,0.00419636,0.00121306
0.716746,0.00419173,0.00115278
0.717701,0.00419173,0.00115278
0.718679,0.00414678,0.0012209
0.719886,0.0041554,0.00132022
0.720733,0.00476443,0.00106446
0.721748,0.00476443,0.00106446
0.722724,0.00629734,9.73716e-05
0.723719,0.00646997,0.000189292
0.72469,0.00646997,0.000189292
0.725705,0.00641403,0.000108717
0.726681,0.00633938,0.000244469
0.727722,0.00633938,0.000244469
0.728773,0.00619116,0.000386275
0.729706,0.00612596,0.000452089
0.730716,0.00612596,0.000452089
0.731752,0.00601319,0.00056403
0.732704,0.00596604,0.000618368
0.733683,0.005737,0.000605098
0.734728,0.005737,0.000605098
0.735679,0.00568717,0.00075974
0.736741,0.00568508,0.000691531
0.737698,0.00571875,0.000679631
0.738692,0.00558031,0.000698425
0.73975,0.00554215,0.000738223
0.740706,0.00554468,0.000842358
0.74172,0.00551906,0.000881371
0.743134,0.00545655,0.000850042
0.743966,0.00545655,0.000850042
0.744748,0.00543653,0.00098627
0.745727,0.00541381,0.00101984
0.746828,0.00541381,0.00101984
0.747667,0.00545713,0.00100621
0.748713,0.00530588,0.00112203
0.749655,0.00536457,0.0010243
0.750634,0.00536457,0.0010243
0.751688,0.00529023,0.00100359
0.752957,0.00529023,0.00100359
0.75381,0.00515831,0.0011124
0.754699,0.00513959,0.00114593
0.755696,0.005093,0.00110045
0.756715,0.00510507,0.0011995
0.75771,0.0050945,0.00122638
0.758666,0.00505157,0.00117824
0.759679,0.00506657,0.00127488
0.760691,0.00511507,0.00126161
0.761721,0.00504486,0.00132349
0.762715,0.00503578,0.00134819
0.763734,0.00505789,0.00125209
0.764797,0.00504824,0.00126963
0.765719,0.00503615,0.00129135
0.766747,0.00502646,0.00131494
0.767746,0.00501823,0.00133618
0.768763,0.00501038,0.00135843
0.769714,0.00500387,0.00137836
0.770701,0.00499769,0.00139929
0.771771,0.00499277,0.00141794
0.772712,0.0049881,0.00143765
0.773736,0.00483824,0.00147666
0.774715,0.00486413,0.0013776
0.775708,0.00485719,0.00139113
0.776745,0.00485114,0.00141101
0.77776,0.00484616,0.00143017
0.778666,0.0048415,0.00145038
0.779705,0.00483624,0.0014689
0.780988,0.00486183,0.00156734
0.781701,0.00483681,0.00150543
0.782751,0.00477692,0.00155652
0.783767,0.0048319,0.00153653
0.784717,0.00486133,0.00163184
0.785747,0.00480926,0.00148499
0.786707,0.00480926,0.00148499
0.787732,0.00488619,0.00155618
0.788705,0.0048573,0.00149337
0.789691,0.0048573,0.00149337
0.79071,0.00485252,0.00152358
0.791775,0.00485198,0.00153939
0.792686,0.00485198,0.00153939
0.793725,0.00465162,0.00164165
0.794707,0.00471048,0.00162118
0.795671,0.00473937,0.00171627
0.796722,0.00468994,0.00156489
0.797695,0.00468694,0.00157286
0.798664,0.0047403,0.00155216
0.799679,0.00476797,0.00164953
0.800721,0.00474341,0.00158426
0.801704,0.0047412,0.00159821
0.802688,0.00477169,0.00169528
0.803706,0.00474671,0.00162846
0.8047,0.00474676,0.00163917
0.805712,0.00477829,0.0017375
0.806724,0.00475546,0.00166654
0.80769,0.00480889,0.00164218
0.80874,0.0047885,0.00177267
0.809674,0.00479061,0.00158342
0.810751,0.00479061,0.00158342
0.811671,0.00478872,0.00158863
0.812751,0.00478897,0.00160194
0.81371,0.00463239,0.00151321
0.81469,0.00461091,0.00164849
0.815835,0.00462048,0.00166377
0.816619,0.00459924,0.00158826
0.817673,0.00463231,0.00168207
0.818774,0.00464135,0.00169472
0.819704,0.00465076,0.00170337
0.82068,0.00465928,0.001712
0.821668,0.00466943,0.00171835
0.822646,0.00467017,0.00151787
0.823633,0.00470051,0.00160817
0.824821,0.00470666,0.00162161
0.825675,0.00471394,0.00163228
0.82682,0.00468959,0.0015562
0.827638,0.00472286,0.00165063
0.82871,0.00473051,0.00166399
0.829616,0.00473859,0.0016734
0.830646,0.00474585,0.00168271
0.831753,0.00475465,0.00168972
0.83265,0.00473113,0.00161004
0.833684,0.00463626,0.00190967
0.834813,0.00464645,0.00192061
0.8358,0.00464443,0.0017186
0.836734,0.00467557,0.0018108
0.837773,0.00468293,0.00182176
0.838776,0.00465655,0.00174669
0.83976,0.00469185,0.00184104
0.84077,0.00469934,0.0018542
0.841795,0.00470723,0.00186337
0.842775,0.0047143,0.00187243
0.8438,0.00472233,0.00187948
0.844739,0.00473004,0.00188779
0.845709,0.00473871,0.00189409
0.846759,0.00474734,0.0019015
0.847717,0.00474132,0.00169732
0.848732,0.00477365,0.00178978
0.849798,0.00478074,0.00180094
0.850729,0.00478697,0.00181155
0.851721,0.00479285,0.00182162
0.852719,0.0047998,0.00182961
0.853742,0.00465728,0.00191062
0.854717,0.00466506,0.00191775
0.855716,0.00467256,0.00192616
0.856727,0.00468109,0.00193253
0.857704,0.00468929,0.00194021
0.858695,0.00469847,0.00194589
0.859726,0.00472272,0.00183233
0.860692,0.00473009,0.00183525
0.861706,0.00473525,0.0018442
0.862721,0.00474152,0.00185265
0.863779,0.00474759,0.00186238
0.864705,0.00475479,0.00187007
0.865721,0.00476176,0.00187898
0.866707,0.00476984,0.00188582
0.86774,0.00477764,0.00189393
0.86873,0.0047865,0.0019
0.869727,0.00479502,0.00190735
0.870723,0.00480457,0.0019127
0.871795,0.00481374,0.00191936
0.872761,0.004837,0.00180355
0.873738,0.0047388,0.00203988
0.874803,0.00474529,0.00204651
0.875723,0.00475154,0.00205595
0.876716,0.00475896,0.00206336
0.877857,0.00476612,0.00207204
0.878667,0.00476612,0.00207204
0.879753,0.00478246,0.00208649
0.880698,0.00479115,0.00209221
0.881711,0.00480038,0.00209935
0.882756,0.00481024,0.0021044
0.883685,0.00481024,0.0021044
0.884725,0.00479336,0.00202404
0.885697,0.00484691,0.00199883
0.88667,0.00485392,0.00200365
0.887928,0.00486109,0.00201261
0.888776,0.00486881,0.00201967
0.889701,0.00486881,0.00201967
0.890763,0.00483728,0.00206469
0.891701,0.00489583,0.00204227
0.892705,0.00489583,0.00204227
0.894142,0.0047314,0.00218157
0.894696,0.00478945,0.00215394
0.895702,0.00478832,0.00227776
0.897217,0.00476842,0.00219214
0.897698,0.00482485,0.0021644
0.898681,0.00479765,0.00207283
0.89969,0.00485038,0.00204841
0.900688,0.00481087,0.00208232
0.901691,0.00481998,0.00209145
0.902691,0.00483126,0.00209604
0.903769,0.00484169,0.00210234
0.904715,0.00485318,0.0021066
0.90569,0.00486422,0.00211215
0.906721,0.00488292,0.00199646
0.907704,0.00488833,0.00199802
0.908771,0.00489564,0.00200755
0.9097,0.00490469,0.00201411
0.91072,0.00491339,0.00202184
0.911748,0.00492436,0.00202744
0.912781,0.00497232,0.0021249
0.91378,0.00477141,0.00208205
0.914717,0.0047464,0.0019978
0.915738,0.00475504,0.00199897
0.917007,0.00478595,0.00189114
0.917834,0.00482894,0.0019811
0.918659,0.00482894,0.0019811
0.919779,0.00480496,0.00190242
0.920683,0.00480775,0.00190768
0.9217,0.00480775,0.00190768
0.922693,0.00486471,0.00201077
0.923676,0.00487838,0.00201904
0.924728,0.00487838,0.00201904
0.92567,0.00484834,0.00193149
0.926694,0.00485792,0.00193132
0.92773,0.0049083,0.00202829
0.9287,0.00496834,0.00200623
0.929689,0.00489516,0.00194389
0.930714,0.00494458,0.00203672
0.931682,0.00500484,0.00201613
0.932689,0.00493126,0.00194844
0.933701,0.00483444,0.00204726
0.934651,0.00480201,0.00195539
0.935928,0.00486752,0.0020561
0.93668,0.00486752,0.0020561
0.937668,0.0048796,0.00205969
0.938655,0.00493194,0.00215449
0.939694,0.00490649,0.00206609
0.940628,0.00491593,0.00206395
0.941657,0.00492691,0.00206498
0.942724,0.00493903,0.00194764
0.944118,0.00490227,0.00185439
0.944662,0.00494811,0.0019478
0.945707,0.00495913,0.00195665
0.946718,0.00492891,0.0018697
0.947615,0.00497651,0.00196395
0.948678,0.00498935,0.00196975
0.949723,0.00495711,0.00188233
0.950714,0.00496586,0.00188198
0.951772,0.00501927,0.00197892
0.952872,0.00503393,0.00198435
0.953698,0.00485592,0.00202973
0.954676,0.00490505,0.00200433
0.955673,0.00487299,0.00203224
0.95675,0.00492842,0.0020102
0.957788,0.00497762,0.00198797
0.958694,0.00490319,0.0020409
0.959806,0.00495979,0.00202093
0.96072,0.00501278,0.00199607
0.961787,0.00497861,0.00202418
0.962802,0.00499188,0.00202641
0.963833,0.00500313,0.00202876
0.964836,0.00501595,0.00202961
0.965702,0.00502901,0.00202985
0.966798,0.00504178,0.00203115
0.96772,0.00505564,0.00203048
0.968709,0.0050689,0.00203112
0.969735,0.00507857,0.0019134
0.970739,0.00508428,0.00191177
0.971755,0.0050951,0.00191237
0.972817,0.00510556,0.00191569
0.973746,0.00496972,0.00206531
0.974758,0.00498086,0.00206802
0.975942,0.00499321,0.00206874
0.976877,0.00500507,0.00207067
0.977746,0.00501811,0.00207065
0.978687,0.00503061,0.00207187
0.979824,0.00504002,0.00195533
0.980738,0.00508934,0.00204766
0.981729,0.00505818,0.00195687
0.982731,0.00506491,0.00195756
0.983692,0.00507531,0.00195799
0.984712,0.00508363,0.00196126
0.985725,0.005098,0.00196205
0.986705,0.00510951,0.00196432
0.987734,0.00511982,0.00196487
0.988716,0.00513452,0.00196611
0.989673,0.00513452,0.00196611
0.990712,0.00515836,0.0019667
0.991671,0.00517239,0.00196555
0.992698,0.00517678,0.00185107
0.993725,0.00499858,0.00202935
0.994718,0.00501146,0.00203348
0.995708,0.00502841,0.0020332
0.996734,0.0050794,0.00201273
0.997705,0.0050794,0.00201273
0.999042,0.00510338,0.00201406
0.999688,0.00510594,0.0019002
1.00069,0.00510512,0.00190004
1.00171,0.00509977,0.00203968
1.0027,0.00515371,0.00201814
1.0037,0.00517558,0.00213005
1.00472,0.00513743,0.0019236
1.0057,0.00514221,0.00191373
1.00671,0.00515467,0.0019169
1.00768,0.00515467,0.0019169
1.00869,0.00516876,0.00191681
1.00968,0.00516876,0.00191681
1.01077,0.00518212,0.00191792
1.01169,0.00518212,0.00191792
1.01271,0.00520928,0.00203051
1.01371,0.00512253,0.00229266
1.01469,0.00519873,0.00238348
1.01569,0.00519873,0.00238348
1.01675,0.00521879,0.00238092
1.01769,0.00527842,0.00235529
1.01871,0.00530346,0.0023421
1.0197,0.00530346,0.0023421
1.02068,0.00534718,0.00232046
1.02171,0.00534718,0.00232046
1.02276,0.00536527,0.00238156
1.02368,0.00539339,0.00238751
1.02475,0.00541032,0.00237776
1.02583,0.00537973,0.00226069
1.02681,0.00544157,0.00234742
1.02769,0.00550045,0.00232417
1.02874,0.00543032,0.00222209
1.02967,0.00547715,0.00219487
1.03069,0.00543636,0.00208527
1.03185,0.00528607,0.00245436
1.0327,0.00528607,0.00245436
1.03372,0.00518193,0.00275569
1.03499,0.00519952,0.0027384
1.03568,0.00517037,0.00260464
1.03666,0.00524832,0.00266449
1.03769,0.00524832,0.00266449
1.03935,0.00521748,0.00253403
1.04023,0.00527937,0.0026161
1.04072,0.00529661,0.00259636
1.04183,0.0052466,0.00235778
1.04344,0.00530148,0.00243749
1.04369,0.00531794,0.00242226
1.0447,0.00533312,0.00240494
1.04573,0.00534355,0.00238834
1.04667,0.00532925,0.00237785
1.0478,0.00537547,0.00235278
1.04889,0.00531819,0.00212216
1.04971,0.00534163,0.00221309
1.05072,0.00539278,0.00219233
1.05173,0.00540092,0.00218168
1.05268,0.00536557,0.0020678
1.05376,0.00514756,0.00220952
1.05474,0.00516519,0.00219855
1.0557,0.00517605,0.00218765
1.05677,0.00514143,0.00207337
1.05771,0.00517782,0.00205
1.05867,0.00518318,0.00215759
1.05973,0.00524032,0.00213703
1.06082,0.00530264,0.00222224
1.062,0.005327,0.00221275
1.06286,0.00527054,0.00198842
1.06374,0.00527054,0.00198842
1.06477,0.00525112,0.00196661
1.06571,0.00530175,0.00194371
1.06674,0.00531696,0.00193359
1.0677,0.00538112,0.00201972
1.06873,0.00534775,0.00191372
1.06968,0.00535874,0.00189889
1.07072,0.00536858,0.00188738
1.07171,0.00538752,0.00187496
1.0727,0.00539863,0.00186458
1.0737,0.00541923,0.00220433
1.07471,0.00537984,0.00209641
1.07576,0.00539006,0.00208247
1.07696,0.0054045,0.00207485
1.07768,0.0054045,0.00207485
1.0787,0.00546091,0.00204605
1.07972,0.00544659,0.00204676
1.08099,0.00546288,0.00203761
1.08171,0.0054797,0.00202661
1.08331,0.00549558,0.00201723
1.08372,0.00548601,0.00190127
1.08474,0.00549733,0.00189037
1.08573,0.00553582,0.00187165
1.08672,0.00560532,0.00195765
1.08769,0.005594,0.00196201
1.089,0.00555478,0.00185791
1.08971,0.00556931,0.00184408
1.09081,0.00563563,0.00193042
1.09171,0.00560286,0.0018284
1.0927,0.00561698,0.00181516
1.09374,0.00540341,0.00197018
1.09472,0.00536996,0.00186889
1.09573,0.0053566,0.00175076
1.09675,0.0053566,0.00175076
1.09808,0.00538064,0.00173559
1.09881,0.00538064,0.00173559
1.09996,0.00539305,0.00172427
1.10073,0.00551016,0.00179134
1.10178,0.00551016,0.00179134
1.10275,0.00545466,0.00168859
1.10384,0.0054962,0.00166684
1.10482,0.00550415,0.00165821
1.10572,0.00550415,0.00165821
1.10717,0.0054661,0.00155719
1.10791,0.00553087,0.00163929
1.10898,0.00554626,0.00163257
1.1097,0.00559119,0.00161264
1.11124,0.00554715,0.00151476
1.11174,0.00555572,0.00150329
1.11327,0.00555572,0.00150329
1.11411,0.00576769,0.00199179
1.11524,0.00569679,0.00179431
1.11588,0.00575607,0.00187485
1.11675,0.0058329,0.00195956
1.11792,0.00590719,0.00204327
1.11905,0.00590719,0.00204327
1.12024,0.00597662,0.00212509
1.1237,0.00582288,0.00183631
1.12421,0.00582288,0.00183631
1.1251,0.00585393,0.00181831
1.12614,0.00589009,0.00180189
1.12692,0.00591257,0.00190332
1.12811,0.00590308,0.00179808
1.12888,0.00591243,0.00178732
1.12983,0.00592675,0.00177866
1.13081,0.00594288,0.00176925
1.13204,0.00594288,0.00176925
1.13323,0.00595422,0.00176123
1.13404,0.00587494,0.00195437
1.13495,0.00586787,0.0019541
1.13591,0.00591409,0.00193489
1.1367,0.00592509,0.00192613
1.13816,0.00592509,0.00192613
1.13881,0.0059429,0.00191518
1.14082,0.00599216,0.00188351
1.14173,0.00597795,0.00177515
1.14313,0.00597795,0.00177515
1.14374,0.00598216,0.00176402
1.1447,0.00597531,0.00176136
1.14571,0.00599664,0.0017522
1.14673,0.00605863,0.00172589
1.14772,0.00610296,0.00180876
1.1487,0.00607186,0.00171033
1.14971,0.00614022,0.00178446
1.15074,0.00610413,0.00168584
1.15169,0.0061385,0.00166507
1.15272,0.00611471,0.0015595
1.15369,0.00583416,0.00166429
1.15468,0.00582638,0.00166263
1.1557,0.00586447,0.00164392
1.15668,0.00585693,0.0016432
1.15782,0.00587411,0.00163265
1.15868,0.00591099,0.00161459
1.15976,0.00592499,0.0016055
1.16142,0.00594144,0.001594
1.16174,0.00593652,0.00159023
1.16276,0.00597526,0.00157116
1.16369,0.00592981,0.00147471
1.16489,0.00594388,0.00146151
1.16568,0.00601447,0.00153738
1.16697,0.00601447,0.00153738
1.16803,0.00598721,0.00142992
1.16893,0.00600371,0.00141922
1.16977,0.00600371,0.00141922
1.17072,0.0060426,0.00140265
1.17173,0.00608714,0.00137456
1.17274,0.00612449,0.00135657
1.17375,0.00598533,0.00162109
1.17475,0.00594196,0.00152278
1.17597,0.00594196,0.00152278
1.17707,0.00595111,0.00151023
1.17816,0.00598233,0.00149051
1.17902,0.00599872,0.00147918
1.17969,0.00599872,0.00147918
1.18074,0.00599243,0.00136822
1.18176,0.00605584,0.00144012
1.18273,0.00601724,0.00134827
1.1841,0.00602573,0.00133561
1.18501,0.00604124,0.00132535
1.18586,0.00607695,0.00130911
1.18673,0.0060866,0.00129832
1.18774,0.0060573,0.00120046
1.18875,0.00606815,0.00118873
1.18981,0.00607585,0.00117886
1.19085,0.00609398,0.00116892
1.19182,0.00610712,0.00116009
1.1929,0.0061216,0.00114955
1.19395,0.00621577,0.00154567
1.19489,0.00624496,0.00152509
1.1958,0.00626392,0.00151535
1.19677,0.00629503,0.00149712
1.19781,0.00629503,0.00149712
1.1987,0.00629966,0.00148673
1.19981,0.00624359,0.00140053
1.20073,0.00633697,0.00145627
1.20174,0.00629304,0.00136538
1.20282,0.00630764,0.00135195
1.20389,0.00638002,0.00141951
1.20478,0.00629595,0.00124622
1.20577,0.00629805,0.00123075
1.20676,0.00631237,0.00122275
1.20777,0.00632806,0.00121191
1.2087,0.00634278,0.00120237
1.20971,0.00635869,0.00119111
1.21073,0.00637396,0.00118095
1.21171,0.00639047,0.001169
1.21269,0.00640628,0.00115818
1.21369,0.006142,0.00129923
1.21471,0.00615647,0.00128867
1.21571,0.0061608,0.00128069
1.21679,0.00619084,0.00126258
1.21782,0.00621094,0.00125022
1.21874,0.00622733,0.00123763
1.21979,0.00619575,0.00114121
1.22093,0.00619908,0.00112777
1.22169,0.0062185,0.00111417
1.22272,0.00623345,0.00110237
1.22371,0.00624943,0.00108908
1.22483,0.0062647,0.00107701
1.22574,0.00628116,0.00106321
1.2267,0.00629691,0.00105057
1.22774,0.0063138,0.00103619
1.22872,0.00632995,0.00102298
1.22965,0.0063472,0.00100804
1.23072,0.00632185,0.000899239
1.2317,0.0063318,0.000885107
1.23269,0.00629101,0.000797347
1.2337,0.00605605,0.00103549
1.2347,0.00601725,0.000949824
1.23569,0.00603003,0.000935979
1.23669,0.00610193,0.000995493
1.23772,0.00606354,0.000911284
1.2387,0.00607784,0.000895258
1.23972,0.00614974,0.000955467
1.24067,0.00611266,0.000868761
1.24171,0.00608073,0.00081993
1.24271,0.00609652,0.000845852
1.24374,0.00611437,0.000839985
1.24472,0.00613402,0.000828841
1.2457,0.00616131,0.00080471
1.24677,0.00617938,0.000794126
1.24773,0.00619948,0.000781488
1.24867,0.00622329,0.000771147
1.24968,0.00623946,0.000757836
1.25071,0.00626019,0.000744672
1.25169,0.00628067,0.000732714
1.2527,0.00629605,0.000728327
1.25369,0.00645667,0.00113726
1.25471,0.00642253,0.00104122
1.2557,0.00643122,0.00102651
1.25703,0.00645539,0.00101324
1.25778,0.00647173,0.000999106
1.25877,0.00649629,0.000987832
1.25971,0.00651767,0.000973647
1.2607,0.00653852,0.000960899
1.2618,0.00655603,0.00094572
1.26272,0.00658225,0.000931545
1.26389,0.00660384,0.000917781
1.26488,0.00662646,0.00090182
1.26572,0.00664844,0.000887309
1.26674,0.00667141,0.000870666
1.26775,0.00663626,0.000776766
1.26861,0.00665076,0.000759635
1.26962,0.00667143,0.000743328
1.27075,0.00669239,0.000729304
1.27173,0.00671427,0.000713274
1.27268,0.00673553,0.000698744
1.27364,0.00668151,0.000993143
1.27475,0.00664478,0.000906438
1.27571,0.00671957,0.000949169
1.27695,0.00674146,0.000924613
1.27771,0.00674146,0.000924613
1.27868,0.00678016,0.000877548
1.27976,0.0067435,0.000785431
1.28074,0.00675474,0.000764382
1.28169,0.00677392,0.000739595
1.28267,0.00677392,0.000739595
1.2837,0.00681435,0.000698922
1.28471,0.00683322,0.000676563
1.28567,0.0068469,0.000654643
1.28669,0.00693215,0.000700656
1.28767,0.00689484,0.000612888
1.28867,0.00689484,0.000612888
1.2897,0.00692044,0.000566009
1.29068,0.00688019,0.00047757
1.29174,0.00688019,0.00047757
1.29274,0.00690236,0.000435077
1.29378,0.00708516,0.000833821
1.29476,0.00710636,0.000813486
1.29568,0.00718054,0.000857188
1.29673,0.00714254,0.00077124
1.29777,0.0071519,0.000748423
1.29869,0.00716887,0.000726766
1.29971,0.00718494,0.000705862
1.30068,0.00714125,0.000618168
1.3017,0.00714872,0.000597995
1.30269,0.00716447,0.000576852
1.30367,0.00717927,0.000556545
1.3047,0.00719476,0.000534876
1.3057,0.00720933,0.000514482
1.30674,0.00722892,0.000493705
1.30771,0.00722892,0.000493705
1.30872,0.00725836,0.000451968
1.30977,0.00727487,0.00042754
1.31093,0.00734836,0.000467017
1.31164,0.00734836,0.000467017
1.31273,0.00731977,0.000359746
1.31367,0.00704837,0.000563214
1.31472,0.00700009,0.000480189
1.31575,0.00701083,0.000458698
1.31668,0.00708352,0.000494847
1.31774,0.007042,0.000414363
1.31873,0.00704912,0.000390015
1.31978,0.00706296,0.000367775
1.32072,0.00707624,0.000346047
1.3218,0.00709428,0.000324126
1.3227,0.0071662,0.000359811
1.32372,0.00712485,0.000277684
1.32466,0.00706811,0.000193323
1.32571,0.007074,0.000170951
1.3268,0.00709041,0.0001508
1.32768,0.00716164,0.000183077
1.32874,0.00711898,0.000104735
1.32976,0.00711898,0.000104735
1.3307,0.00719934,0.000114446
1.33175,0.00716157,3.58581e-05
1.33277,0.0072262,6.76997e-05
1.33368,0.00718498,0.000385216
1.3347,0.00708729,0.000223311
1.3357,0.00715452,0.000256439
1.33673,0.00715452,0.000256439
1.33773,0.00717985,0.000205082
1.33874,0.00717985,0.000205082
1.3397,0.00714046,0.000105091
1.34065,0.00721331,0.000136732
1.34169,0.00721331,0.000136732
1.34275,0.00724251,8.73605e-05
1.34372,0.00725188,6.33082e-05
1.34477,0.00720648,1.30773e-05
1.34574,0.00720648,1.30773e-05
1.34671,0.00720597,4.39626e-05
1.34764,0.00715756,0.000117902
1.34868,0.00722322,9.06659e-05
1.34967,0.00723322,0.000117846
1.35071,0.00719304,0.000215698
1.35171,0.00719304,0.000215698
1.35268,0.00719588,0.000244695
1.35365,0.00693787,2.6114e-06
1.35469,0.00702343,3.11845e-06
1.35568,0.006977,7.82569e-05
1.3567,0.00704194,5.16395e-05
1.35769,0.00704194,5.16395e-05
1.35878,0.00707071,0.000102047
1.36018,0.00701215,0.000182834
1.36077,0.00700922,0.00018262
1.36175,0.00694755,0.000286249
1.36271,0.00696468,0.000304125
1.36373,0.00696468,0.000304125
1.36478,0.00703079,0.00028528
1.36569,0.00705662,0.00030386
1.36696,0.00706172,0.000334586
1.36769,0.00706696,0.000359202
1.36868,0.00708072,0.000384316
1.3699,0.0070237,0.000460613
1.37073,0.00701747,0.000490064
1.37171,0.00697384,0.000557024
1.3728,0.00697274,0.000587725
1.37378,0.00719463,0.000186665
1.37515,0.00726475,0.000163676
1.37622,0.0072878,0.000185972
1.37677,0.00723154,0.000262443
1.37786,0.00723247,0.000286719
1.37886,0.00723895,0.000312193
1.37972,0.00724753,0.000338643
1.38086,0.00725505,0.000363559
1.38174,0.00726344,0.000389886
1.38269,0.00720461,0.000462755
1.38382,0.00727105,0.000440073
1.38485,0.00727105,0.000440073
1.3857,0.00727105,0.000440073
1.3868,0.00723521,0.000565504
1.3878,0.00729829,0.000545877
1.38876,0.00729829,0.000545877
1.38964,0.00725833,0.000613687
1.39069,0.00731643,0.000598892
1.39172,0.00728046,0.00069354
1.3928,0.00728046,0.00069354
1.39396,0.0072604,0.000390487
1.3947,0.0072671,0.000416238
1.39567,0.00727346,0.000442469
1.39674,0.00728088,0.000469893
1.39773,0.00728723,0.000495883
1.39914,0.00729707,0.000551512
1.39962,0.00725158,0.000616743
1.40069,0.00725158,0.000616743
1.40188,0.00713294,0.0014901
1.40265,0.00696509,0.0020095
1.40371,0.00703423,0.00197105
1.4047,0.00703762,0.00201125
1.40572,0.00697945,0.00212368
1.40667,0.00698128,0.00215316
1.40769,0.00704589,0.00211543
1.40881,0.00699235,0.00222948
1.4097,0.00699448,0.00226078
1.41083,0.00705767,0.00222288
1.4117,0.00700752,0.00233551
1.41269,0.00700142,0.00233269
1.41368,0.00675076,0.00207819
1.41469,0.00668979,0.00218806
1.41568,0.0066894,0.00221906
1.41675,0.0066894,0.00221906
1.41768,0.0067095,0.00223556
1.41872,0.0067212,0.00219145
1.41975,0.00673444,0.00216455
1.4207,0.00679033,0.00213545
1.42168,0.00680804,0.00211437
1.42278,0.00677349,0.00209547
1.42368,0.00681993,0.00207351
1.42493,0.00681993,0.00207351
1.42578,0.00672858,0.00208267
1.42691,0.00676538,0.00206569
1.42769,0.00673868,0.00206093
1.42875,0.00673291,0.00205331
1.42968,0.00673944,0.00204646
1.43069,0.00674484,0.00203982
1.43166,0.00675061,0.00203593
1.43269,0.00675504,0.00203178
1.43376,0.0070265,0.00159881
1.43469,0.00707957,0.00158615
1.43568,0.00707957,0.00158615
1.43669,0.00696892,0.00163407
1.43771,0.00701952,0.00162041
1.43864,0.00702515,0.00162571
1.43971,0.00702515,0.00162571
1.44073,0.0069767,0.00164603
1.44175,0.0070277,0.00164035
1.44271,0.00698494,0.00166162
1.44371,0.00698078,0.00166993
1.44467,0.00698163,0.00167769
1.44568,0.00698163,0.00167769
1.44678,0.00698706,0.00169557
1.4477,0.00703608,0.00169335
1.44868,0.00699359,0.00172059
1.44974,0.00692389,0.00176472
1.45069,0.0068942,0.00179105
1.4517,0.00689874,0.00180312
1.45269,0.00689808,0.00181627
1.45371,0.00689785,0.00150061
1.45468,0.00694107,0.00147638
1.45569,0.00694038,0.00149677
1.45674,0.0069392,0.00151168
1.4577,0.00693887,0.0015289
1.45869,0.00692057,0.00155834
1.45973,0.00698899,0.00154418
1.46069,0.00694331,0.00157966
1.46169,0.00693699,0.00159834
1.46269,0.00686471,0.00164725
1.46369,0.0068587,0.0016648
1.46468,0.0068568,0.0016835
1.46572,0.0068558,0.00170438
1.46669,0.00685349,0.00172351
1.46847,0.00685215,0.00174467
1.46891,0.00685215,0.00174467
1.47,0.00685277,0.00178101
1.47097,0.0068951,0.00179058
1.47173,0.00685203,0.00182788
1.47281,0.00684364,0.00184812
1.47369,0.00687865,0.00151878
1.47482,0.00692114,0.00152756
1.47568,0.00680676,0.00159504
1.47669,0.00680676,0.00159504
1.47771,0.00679405,0.00163506
1.47863,0.00683476,0.00164596
1.47969,0.0067922,0.00168429
1.48087,0.00678397,0.00170608
1.48167,0.00678421,0.0017282
1.48299,0.00678421,0.0017282
1.48366,0.00682405,0.00174001
1.48469,0.00685476,0.00174917
1.48574,0.00682629,0.00178823
1.48673,0.00682812,0.00180787
1.48769,0.00679849,0.00184674
1.48873,0.00675128,0.00188277
1.48981,0.00673973,0.0019083
1.49075,0.00666942,0.00195804
1.49187,0.00673192,0.00195309
1.49268,0.00673296,0.00198261
1.49373,0.00677024,0.00167634
1.49472,0.00676985,0.00169988
1.49569,0.00676567,0.00172434
1.49669,0.00676237,0.00175083
1.49777,0.00675785,0.00177569
1.49862,0.00675687,0.00180017
1.49966,0.00672335,0.00184096
1.50071,0.00667722,0.00187593
1.50173,0.00666421,0.00190364
1.50268,0.00666421,0.00190364
1.5037,0.00665909,0.00192972
1.50464,0.00668257,0.00194355
1.50569,0.00668257,0.00194355
1.50675,0.00674534,0.0019491
1.50768,0.00674574,0.00197826
1.50871,0.00677955,0.00199715
1.50971,0.00678132,0.00202358
1.51068,0.00677246,0.00205221
1.51166,0.00677246,0.00205221
1.51265,0.00672174,0.00209014
1.51369,0.00651608,0.00183549
1.51469,0.0064768,0.00187466
1.51564,0.00656825,0.00186695
1.51669,0.00656825,0.00186695
1.51773,0.00656274,0.00190086
1.5186,0.00662712,0.00190712
1.51989,0.00666365,0.00193214
1.52068,0.00661811,0.00196918
1.52167,0.00664513,0.00201936
1.52267,0.00664513,0.00201936
1.52364,0.00663616,0.00204821
1.52468,0.00662493,0.00208122
1.52573,0.00649881,0.00213815
1.52667,0.00648198,0.00216303
1.52768,0.00651472,0.00218664
1.52878,0.00650871,0.00222211
1.52971,0.00645765,0.0022555
1.53071,0.00648543,0.00227996
1.53175,0.00647953,0.0023109
1.5327,0.00647953,0.0023109
1.53371,0.00677507,0.00200621
1.53471,0.00679111,0.00202288
1.53571,0.00679111,0.00202288
1.53673,0.00677809,0.00205745
1.53775,0.00680818,0.00208294
1.53862,0.00676121,0.00211843
1.5397,0.00678591,0.00214324
1.54069,0.00677735,0.00217899
1.54169,0.00677735,0.00217899
1.54272,0.00677923,0.00222905
1.54374,0.00680761,0.0022564
1.54467,0.00679737,0.00229253
1.54591,0.00674017,0.00232626
1.54668,0.00672063,0.00235789
1.54768,0.00672063,0.00235789
1.54913,0.00662341,0.0024363
1.5497,0.00664611,0.00246225
1.55071,0.00663462,0.00249908
1.55178,0.00658074,0.00253072
1.55273,0.00656361,0.00255978
1.5537,0.0066302,0.00224687
1.55495,0.00660357,0.0023081
1.55572,0.00662443,0.00234208
1.55677,0.00662443,0.00234208
1.55787,0.00656297,0.00240413
1.55878,0.00656297,0.00240413
1.55961,0.00649927,0.00248344
1.5608,0.00644704,0.00250739
1.56169,0.00646266,0.00253877
1.56269,0.00641845,0.00258975
1.56369,0.00641845,0.00258975
1.56468,0.00640685,0.00259557
1.56568,0.00641019,0.00266227
1.56673,0.00641019,0.00266227
1.56772,0.00636191,0.00270908
1.56872,0.00635021,0.00273476
1.5697,0.00626635,0.00277922
1.57079,0.0062536,0.00278001
1.57171,0.00619571,0.00282943
1.57267,0.00624947,0.00284674
1.57364,0.00628599,0.00254977
1.57467,0.00630995,0.0025608
1.57567,0.00633173,0.00257296
1.57681,0.00627816,0.00262096
1.57779,0.00629132,0.00265762
1.57864,0.0062887,0.00266314
1.57967,0.0062289,0.00270784
1.58073,0.00617782,0.00275208
1.58173,0.00616218,0.00277933
1.58296,0.00611696,0.00280138
1.58372,0.0060968,0.00282754
1.58471,0.00607948,0.00285955
1.58581,0.00603742,0.00287657
1.58671,0.00604348,0.00291467
1.58769,0.00603059,0.00294412
1.58869,0.00601499,0.00297376
1.58968,0.00592872,0.0030115
1.59068,0.00591266,0.00303401
1.59168,0.0058954,0.00306156
1.59285,0.00588037,0.00309056
1.59375,0.00595682,0.00277399
1.59503,0.00594144,0.00280243
1.59588,0.00592493,0.00282897
1.59668,0.00590761,0.00285949
1.59769,0.00589252,0.00288358
1.59868,0.00587497,0.00291393
1.59976,0.00588239,0.00295029
1.60068,0.00584908,0.00296623
1.60186,0.00582814,0.00299046
1.60283,0.00574475,0.00302397
1.60369,0.00574475,0.00302397
1.60474,0.00575967,0.00305099
1.60572,0.00569163,0.00310085
1.6067,0.00569163,0.00310085
1.60769,0.00569486,0.00314397
1.60882,0.00569486,0.00314397
1.60979,0.00568405,0.00316981
1.61069,0.00568405,0.00316981
1.61199,0.00576269,0.00315717
1.61296,0.00576269,0.00315717
1.61374,0.00582056,0.00291471
1.61472,0.0058878,0.00295365
1.61572,0.00587076,0.00298828
1.61675,0.00585152,0.00301581
1.61778,0.00582975,0.00304136
1.61871,0.00582975,0.00304136
1.61977,0.00585331,0.00305015
1.62107,0.00578214,0.00309919
1.6217,0.00578734,0.00313007
1.62266,0.00571701,0.00318116
1.62372,0.00565102,0.00322646
1.62467,0.00563566,0.00324894
1.62602,0.00563566,0.00324894
1.62706,0.00558976,0.00329985
1.62771,0.00558976,0.00329985
1.62869,0.00554991,0.00335903
1.62969,0.00556427,0.00334414
1.63073,0.00553521,0.00337164
1.63171,0.00551228,0.00340128
1.63275,0.00551228,0.00340128
1.63376,0.00550323,0.00313869
1.63468,0.00550323,0.00313869
1.63563,0.00549465,0.00318066
1.63668,0.00547753,0.00320885
1.63768,0.00546966,0.00325659
1.6387,0.00543908,0.00326625
1.63969,0.00540221,0.00326564
1.64068,0.00538931,0.00331452
1.64179,0.00537114,0.00334201
1.64276,0.00537114,0.00334201
1.64398,0.00540202,0.00334823
1.64471,0.00537584,0.00337656
1.64567,0.00537584,0.00337656
1.6467,0.00528824,0.00340344
1.64768,0.00532725,0.00342598
1.64886,0.00532725,0.00342598
1.64969,0.00534506,0.00348907
1.65081,0.00526818,0.00353895
1.65171,0.00526818,0.00353895
1.65269,0.00529719,0.00353997
1.65368,0.00537926,0.00331022
1.65468,0.00535792,0.00333856
1.65574,0.00533421,0.0033647
1.65675,0.0053095,0.00338853
1.65769,0.0052235,0.00340949
1.65862,0.00519822,0.00343062
1.6597,0.00517473,0.00345675
1.66066,0.00515171,0.00348086
1.66178,0.00512951,0.0035065
1.66288,0.00510628,0.00353021
1.66385,0.00508475,0.00355376
1.66476,0.00508475,0.00355376
1.6658,0.00503796,0.00360465
1.66692,0.00501438,0.00362811
1.66768,0.00501438,0.00362811
1.66867,0.00495773,0.003652
1.66968,0.00487646,0.00369411
1.67069,0.00486127,0.00374625
1.67174,0.00484057,0.00377132
1.67272,0.00487506,0.00374389
1.67369,0.00511744,0.00350072
1.67462,0.00515774,0.00349811
1.67574,0.00515774,0.00349811
1.67749,0.00504849,0.00354243
1.67773,0.00502231,0.00356163
1.67883,0.00502231,0.00356163
1.67969,0.00491955,0.00366351
1.6811,0.00496742,0.00366104
1.68203,0.00496742,0.00366104
1.6828,0.0049416,0.00368505
1.6837,0.00492135,0.00370753
1.68474,0.0048163,0.00371414
1.6857,0.0047892,0.0037596
1.68666,0.00476898,0.0037873
1.6877,0.00475037,0.00377788
1.68868,0.00472583,0.00379901
1.68971,0.00472583,0.00379901
1.69068,0.0046801,0.003844
1.69169,0.00465188,0.00389903
1.69275,0.00463723,0.0038924
1.69368,0.004343,0.00350934
1.69502,0.00431766,0.0035259
1.69579,0.00422961,0.00357388
1.69674,0.00422961,0.00357388
1.69762,0.00425155,0.00359211
1.69865,0.00425155,0.00359211
1.69972,0.00420976,0.0036335
1.70075,0.00418376,0.00365652
1.70171,0.00416082,0.00367733
1.70273,0.00416082,0.00367733
1.7037,0.00411624,0.00372065
1.70472,0.00411624,0.00372065
1.70591,0.00408311,0.00377395
1.7067,0.00400334,0.00378612
1.70769,0.00400334,0.00378612
1.70868,0.00398332,0.00380171
1.70981,0.00396103,0.00382015
1.71078,0.00400985,0.00381657
1.7119,0.00400985,0.00381657
1.71403,0.00448373,0.00368221
1.71504,0.00448373,0.00368221
1.71576,0.00448373,0.00368221
1.71695,0.00459481,0.00380419
1.71781,0.00451204,0.00382078
1.71871,0.00448561,0.00383396
1.71972,0.00445718,0.00385445
1.72116,0.00442955,0.0038735
1.72168,0.00440287,0.00389423
1.72269,0.00437535,0.00391312
1.72368,0.00434879,0.00393385
1.72468,0.00432143,0.00395424
1.7257,0.00429498,0.00397496
1.72679,0.00426766,0.00399383
1.72774,0.0042413,0.00401449
1.72867,0.00415745,0.00401931
1.7298,0.00413395,0.00403431
1.73083,0.0041075,0.00405305
1.73176,0.00408338,0.00407202
1.73269,0.00408338,0.00407202
1.7337,0.00395052,0.00381064
1.73479,0.00388771,0.00377638
1.73568,0.00393719,0.00376211
1.73677,0.00390822,0.00378415
1.73786,0.00390822,0.00378415
1.73876,0.0038389,0.00386389
1.73995,0.00374305,0.00391063
1.74071,0.00375843,0.00384521
1.74173,0.0037127,0.00389903
1.74272,0.00371129,0.00388084
1.74378,0.00368583,0.00389577
1.74473,0.00360711,0.00389986
1.74597,0.00358551,0.0039127
1.7467,0.00356295,0.00393171
1.7477,0.00351832,0.00399013
1.74869,0.00349897,0.00401125
1.74993,0.00349897,0.00401125
1.75085,0.0034015,0.0040522
1.75169,0.00348679,0.00399852
1.75272,0.00343602,0.00405643
1.7537,0.00336431,0.0037404
1.75467,0.00336431,0.0037404
1.75568,0.00332012,0.00380021
1.75672,0.00334901,0.00373502
1.75768,0.00329948,0.00378754
1.75862,0.00335661,0.00378383
1.75972,0.00332821,0.00380282
1.76068,0.00329845,0.00382131
1.76173,0.00327157,0.00383847
1.76269,0.00316865,0.00388121
1.76371,0.00322485,0.00387071
1.76469,0.00319697,0.00389117
1.7657,0.00309288,0.00393164
1.76672,0.00309855,0.00390288
1.7677,0.00309855,0.00390288
1.76869,0.0030499,0.00393285
1.7697,0.00302567,0.00394998
1.77076,0.00302567,0.00394998
1.77172,0.00297999,0.00398563
1.77266,0.00287591,0.00402271
1.77369,0.00324477,0.00380109
1.77474,0.00321733,0.00381757
1.77568,0.00316538,0.00388064
1.77669,0.00306166,0.00392208
1.77769,0.00315584,0.00386349
1.77873,0.00304668,0.00390245
1.77974,0.00306193,0.00386935
1.78128,0.00303836,0.00387969
1.78174,0.00303836,0.00387969
1.78271,0.00298509,0.00394331
1.78397,0.00294044,0.00397318
1.78466,0.00294044,0.00397318
1.78565,0.00289862,0.00400493
1.78668,0.00289862,0.00400493
1.78769,0.00285781,0.00403314
1.78865,0.00287082,0.00399867
1.78968,0.00284731,0.00401012
1.79067,0.00273938,0.00404856
1.7917,0.00272374,0.00406254
1.79276,0.00272374,0.00406254
1.79372,0.00287627,0.0037455
1.79473,0.00281849,0.00380358
1.79602,0.00279954,0.00382143
1.79672,0.00277916,0.00383445
1.79819,0.0027613,0.00384912
1.79968,0.00272021,0.00387456
1.80108,0.0026142,0.00391144
1.80226,0.00264754,0.00394594
1.80274,0.00261465,0.00388904
1.80407,0.00260227,0.00389249
1.80538,0.00258381,0.00390472
1.80582,0.00256419,0.00391829
1.80698,0.0024975,0.003905
1.80798,0.00248434,0.00391286
1.80878,0.0024642,0.00392417
1.80968,0.0024642,0.00392417
1.8107,0.00243307,0.00395269
1.81166,0.00241663,0.00396258
1.81272,0.00239912,0.00397361
1.81368,0.00252173,0.00371461
1.81469,0.00250137,0.00372584
1.81573,0.00248313,0.00373953
1.81668,0.00248313,0.00373953
1.81767,0.0024029,0.0038155
1.81867,0.00238219,0.00375318
1.81968,0.00236916,0.00375538
1.82071,0.00244294,0.00374634
1.82168,0.00241684,0.00376122
1.82266,0.00235309,0.00382665
1.82366,0.00237468,0.00379328
1.82473,0.0023542,0.00380376
1.82583,0.00233076,0.00381744
1.82685,0.00233076,0.00381744
1.82771,0.00228983,0.00384219
1.82871,0.00217339,0.00388098
1.82967,0.00211296,0.00394166
1.83073,0.00205073,0.00392836
1.83177,0.00217909,0.00385749
1.8327,0.00206408,0.00389199
1.83396,0.0023195,0.00373013
1.83467,0.0023195,0.00373013
1.83576,0.00239274,0.00372136
1.83667,0.0023088,0.00379814
1.83773,0.0023088,0.00379814
1.83878,0.00218886,0.00383663
1.83967,0.0021516,0.00385966
1.84069,0.0021516,0.00385966
1.84167,0.00217876,0.00381937
1.84266,0.00206208,0.00385464
1.84379,0.00206208,0.00385464
1.84467,0.00206208,0.00385464
1.8458,0.00207375,0.0039089
1.84672,0.0021106,0.0038668
1.8479,0.00209301,0.00387289
1.84912,0.00203249,0.00385374
1.8497,0.00206289,0.00389073
1.85073,0.00208861,0.00385672
1.85173,0.00201626,0.00391788
1.85272,0.00195324,0.00390268
1.85369,0.00193965,0.00357194
1.85469,0.00192062,0.00358435
1.85572,0.00190242,0.00359507
1.85684,0.00188491,0.00360741
1.85776,0.0018664,0.00361791
1.8587,0.00184846,0.00363021
1.85984,0.00182951,0.00364067
1.86068,0.00181116,0.00365292
1.86174,0.00179182,0.00366334
1.86287,0.0017332,0.00364205
1.86382,0.00172115,0.00364654
1.86493,0.00172115,0.00364654
1.86589,0.00170293,0.00365707
1.86678,0.00168924,0.00366928
1.86773,0.0016698,0.0036791
1.86882,0.00165089,0.00369073
1.86976,0.00153825,0.00372156
1.87075,0.00150863,0.00381982
1.8717,0.00150457,0.00374804
1.87276,0.00153743,0.00378243
1.87377,0.0017097,0.00363585
1.8748,0.00176432,0.00358226
1.87573,0.00178766,0.00362209
1.87697,0.00176464,0.0036399
1.87774,0.00170835,0.00361498
1.87883,0.00159914,0.00364127
1.87977,0.0016844,0.00362783
1.88072,0.00166542,0.00364152
1.88181,0.00165019,0.00365088
1.88268,0.00163041,0.00366271
1.8837,0.00163041,0.00366271
1.88537,0.0015944,0.00368462
1.88606,0.0015732,0.00369506
1.88704,0.0015732,0.00369506
1.88792,0.00149239,0.00376218
1.88889,0.00147535,0.00377746
1.88976,0.00155634,0.00376627
1.89067,0.00143254,0.00380013
1.89178,0.00144711,0.00371099
1.89312,0.00147632,0.00374895
1.89365,0.00146961,0.00343254
1.89476,0.00135181,0.00346392
1.89575,0.00135181,0.00346392
1.8967,0.0013886,0.00342014
1.89771,0.00137231,0.00342904
1.89875,0.00125226,0.00346009
1.89965,0.00127971,0.00350502
1.90065,0.00132578,0.00346322
1.90166,0.00120761,0.0034874
1.90269,0.00130108,0.00347498
1.90373,0.00124401,0.00344723
1.90471,0.00127175,0.00349046
1.90566,0.00121144,0.00346704
1.90661,0.00123771,0.00351134
1.90762,0.00117736,0.0034879
1.90865,0.00106665,0.00351029
1.90969,0.00109075,0.00355877
1.91087,0.00116917,0.00355365
1.91171,0.00104287,0.00358509
1.91269,0.0010359,0.00359142
1.91432,0.00104783,0.00339341
1.91483,0.00121158,0.00331774
1.91569,0.00119487,0.00332437
1.91668,0.00118319,0.00333219
1.91768,0.000786764,0.00281326
1.91867,0.000762655,0.00230466
1.91965,0.000793452,0.00226945
1.92062,0.000708391,0.0022862
1.92176,0.000649159,0.00229654
1.92279,0.000598084,0.00230265
1.9237,0.000615914,0.0022601
1.92463,0.00050028,0.00230969
1.92574,0.000448835,0.00232186
1.92672,0.000401402,0.00232506
1.9277,0.000357587,0.00233088
1.92876,0.000316511,0.00233235
1.92975,0.000389478,0.00229397
1.93064,0.000312685,0.00240347
1.93161,0.000281678,0.00248412
1.93269,0.000329365,0.00251117
1.93362,0.000338415,0.00239727
1.93469,0.000312251,0.00246026
1.93574,0.000294034,0.00251454
1.93669,0.000282437,0.00256568
1.93768,0.000278556,0.00260942
1.93866,0.000354293,0.00260501
1.93982,0.000235209,0.00264824
1.94072,0.00031722,0.00263624
1.94167,0.000226868,0.00271859
1.94272,0.000227811,0.00275626
1.94371,0.000313238,0.00273315
1.94467,0.00022881,0.00281208
1.94575,0.000228921,0.00284278
1.94667,0.000314091,0.00281498
1.94777,0.000227716,0.00289017
1.94868,0.000227397,0.00291864
1.94963,0.000311001,0.00288414
1.95066,0.000196741,0.00291451
1.95169,0.000204797,0.00293179
1.95265,0.00029065,0.00289444
1.9537,0.000320123,0.00275375
1.95475,0.000321115,0.00277699
1.95565,0.000406607,0.00273893
1.95666,0.000321048,0.00280475
1.95777,0.000319907,0.00282801
1.95867,0.000404272,0.00278395
1.95967,0.000317211,0.00285379
1.96072,0.000314596,0.00287255
1.96165,0.000371582,0.00278146
1.96263,0.000293156,0.00284135
1.96368,0.000291547,0.00286048
1.96514,0.000377005,0.00281194
1.96609,0.000290531,0.00288106
1.96715,0.000288612,0.00289708
1.96802,0.000284456,0.00291611
1.96869,0.000284456,0.00291611
1.96969,0.000281423,0.00293294
1.97072,0.000363461,0.00288125
1.97167,0.000389337,0.00294541
1.97271,0.000389337,0.00294541
1.97365,0.000304117,0.0026035
1.97471,0.000310861,0.00260542
1.97568,0.00039414,0.00255257
1.97667,0.000308646,0.00261981
1.97769,0.000308646,0.00261981
1.9787,0.000387088,0.00257669
1.97969,0.000291908,0.00265205
1.9807,0.000163627,0.00268236
1.98171,0.000197032,0.00273728
1.98267,0.000366534,0.00262294
1.9837,0.000366534,0.00262294
1.98481,0.000269535,0.00269671
1.98568,0.000269535,0.00269671
1.98667,0.000315703,0.00260626
1.98773,0.00023688,0.00266774
1.98865,0.000315381,0.00261889
1.98965,0.000311672,0.00262205
1.99074,0.00021454,0.00269792
1.99166,0.000206437,0.00271135
1.99267,0.000287997,0.00265583
1.99369,0.000313566,0.00252763
1.9947,0.000305157,0.00254063
1.99594,0.000305157,0.00254063
1.99727,0.000268696,0.0025029
1.99842,0.000268696,0.0025029
1.99899,0.000271066,0.00251052
1.99998,0.000352483,0.0024528
2.00088,0.000242508,0.0024714
2.00179,0.000351431,0.00246455
2.00286,0.000231975,0.00248925
2.00365,0.000362994,0.00253404
2.00471,0.000227084,0.0025662
2.00568,0.00022563,0.00257346
2.00715,0.00021548,0.00258145
2.00767,0.000208046,0.00259048
2.00871,0.000199603,0.00259771
2.00968,0.000175162,0.00255354
2.0107,0.000173784,0.00255476
2.01175,0.000167078,0.00256348
2.01275,5.0416e-05,0.00258482
2.01366,0.000401694,0.00252096
2.01477,0.000265999,0.00254615
2.0158,0.000172876,0.00262207
2.01667,4.49291e-05,0.00265005
2.01786,0.000120849,0.00253304
2.01871,0.000157371,0.00258115
2.01969,0.000354873,0.00250889
2.02068,0.000254854,0.00258166
2.02217,0.000124863,0.00261043
2.02303,0.000124863,0.00261043
2.0237,0.000204563,0.00255703
2.02474,0.000204857,0.00256
2.02573,0.00010839,0.00263549
2.02669,0.000187069,0.00258103
2.02769,0.000181796,0.0025836
2.02875,7.62805e-05,0.00266143
2.02966,7.62805e-05,0.00266143
2.03072,0.00027348,0.00259467
2.0317,0.000145658,0.0026155
2.03266,2.36139e-05,0.00263855
2.03372,0.000116096,0.00276644
2.03469,2.79635e-05,0.00290529
2.03573,8.54798e-05,0.00279844
2.03668,8.54798e-05,0.00279844
2.03772,0.000215416,0.0027774
2.0388,7.51193e-05,0.00280818
2.03967,6.55019e-05,0.00275616
2.04068,0.000185151,0.00274309
2.04173,0.000170057,0.00275105
2.04267,0.000164773,0.0027602
2.04367,0.00015594,0.00276791
2.04471,0.000151574,0.00277648
2.04569,2.70794e-05,0.00279851
2.04665,0.000237848,0.00272075
2.0477,0.000233058,0.00272268
2.0487,0.000220826,0.00273438
2.04969,9.58271e-05,0.00275759
2.05081,0.000202953,0.00275212
2.05194,0.000190095,0.00276266
2.0527,6.4565e-05,0.00278505
2.05375,0.000159416,0.00232674
2.05473,0.000264952,0.00232007
2.05577,0.000247562,0.00233109
2.05676,0.000125194,0.0023528
2.05791,0.000217,0.00229002
2.05895,0.000211129,0.00229227
2.0597,0.000105614,0.00237363
2.06074,2.54319e-05,0.00240137
2.06174,0.000183806,0.00232227
2.06269,8.16265e-05,0.00239758
2.06408,0.000167389,0.00233849
2.06473,0.000162423,0.00234176
2.06574,0.000162423,0.00234176
2.06673,5.00621e-05,0.00242313
2.06768,3.23465e-05,0.00243904
2.06885,7.81761e-06,0.00238705
2.06972,1.1596e-05,0.0023884
2.07072,3.61228e-06,0.00239456
2.07176,2.0857e-06,0.00240293
2.07271,8.40952e-06,0.0024099
2.07373,4.33082e-05,0.00242786
2.0747,3.68993e-05,0.00243621
2.07572,2.95716e-05,0.00244273
2.07672,2.26225e-05,0.00245103
2.07766,1.47973e-05,0.00245753
2.07873,7.38422e-06,0.00246582
2.07971,1.36944e-05,0.00241189
2.08077,7.65123e-06,0.00241352
2.08178,1.41246e-05,0.00241962
2.08272,1.84096e-05,0.00242798
2.08379,2.3366e-05,0.00243495
2.08481,2.8608e-05,0.00244182
2.08581,3.37551e-05,0.00245018
2.08672,3.98141e-05,0.0024567
2.08777,4.53892e-05,0.00246504
2.0887,5.15783e-05,0.00247164
2.0897,5.71298e-05,0.00248054
2.09075,0.000369837,0.00265979
2.09173,0.00056149,0.00270456
2.09272,0.000566818,0.0027077
2.0937,0.000379241,0.00236154
2.09471,0.000319435,0.00232702
2.09576,0.000263263,0.0022948
2.09668,0.000210849,0.00226755
2.09773,0.000163817,0.00224157
2.09872,0.000120523,0.0022204
2.09979,8.19338e-05,0.00220007
2.10072,4.64982e-05,0.00218408
2.1017,1.52088e-05,0.00216854
2.1027,1.7508e-05,0.002156
2.10369,0.000148024,0.00206789
2.10472,5.67715e-05,0.00206859
2.10572,8.23076e-05,0.002061
2.10679,0.000100828,0.0020554
2.10771,0.000120272,0.0020521
2.1087,0.000136814,0.00204837
2.10973,0.00015178,0.00204764
2.11069,0.000164063,0.00204623
2.11169,0.00017501,0.00204762
2.11277,0.000183549,0.00204814
2.11371,0.000330718,0.00174254
2.11472,0.000336007,0.0017447
2.11577,0.000344366,0.00174847
2.11672,0.000446684,0.00167878
2.11773,0.000341945,0.0016881
2.11867,0.000348118,0.00169465
2.11974,0.000348507,0.0017003
2.1207,0.000351081,0.00170773
2.12181,0.000351957,0.00171391
2.12272,0.000352354,0.0017223
2.12378,0.000351122,0.00172925
2.12472,0.000349515,0.00173833
2.1257,0.000346541,0.00174639
2.12668,0.000342783,0.00175459
2.12773,0.000338672,0.0017645
2.12877,0.000324861,0.00170747
2.12974,0.000333083,0.00171106
2.1308,0.000328616,0.00171938
2.13182,0.000325823,0.00173021
2.1327,0.000321895,0.00173933
2.13369,0.00035424,0.00178437
2.13473,0.000448644,0.00171994
2.13574,0.00034725,0.00180041
2.13675,0.000332326,0.0018173
2.13771,0.000324717,0.00182806
2.13867,0.000317914,0.00183937
2.13971,0.000313675,0.00184814
2.1407,0.000398995,0.00171798
2.14172,0.000307597,0.00179141
2.14272,0.000292481,0.00180956
2.14377,0.000286215,0.00182034
2.1447,0.000281067,0.00183187
2.14565,0.000274704,0.00184181
2.14671,0.000268465,0.00185355
2.14771,0.000261341,0.00186397
2.14868,0.000253867,0.00187424
2.1497,0.000246435,0.00188598
2.15072,0.000238091,0.00189584
2.15181,0.000230016,0.00190746
2.15271,0.000214708,0.00184951
2.15374,0.000301718,0.00172955
2.15472,0.000294567,0.00173892
2.15568,0.000289405,0.00175066
2.15671,0.000283581,0.00176098
2.1577,0.000273796,0.00177205
2.15972,0.00016361,0.00186098
2.16009,0.000256122,0.00179825
2.16074,0.000256162,0.00179826
2.16177,0.000141266,0.0018921
2.16269,0.000235685,0.00182897
2.16373,0.000235685,0.00182897
2.16471,0.000119026,0.00192313
2.16563,0.000210848,0.00178724
2.16666,0.000210848,0.00178724
2.16767,0.000330032,0.00178471
2.1687,0.000208754,0.00180439
2.16968,9.65932e-05,0.0018961
2.17067,0.000184829,0.00183346
2.17177,0.000187832,0.00183788
2.17314,0.000184856,0.00184591
2.17372,0.000179782,0.0019064
2.17471,0.000275296,0.00191827
2.17567,0.000152865,0.00193947
2.17667,0.000253014,0.00187014
2.17769,0.000253014,0.00187014
2.1786,0.00022731,0.00189427
2.17965,0.00022731,0.00189427
2.18069,7.84957e-05,0.00197515
2.18169,0.00136264,0.00269235
2.18268,0.00248471,0.00315473
2.18365,0.00290201,0.00332979
2.18467,0.00290201,0.00332979
2.18567,0.00309388,0.00328234
2.18667,0.00319686,0.00326081
2.18771,0.00310486,0.00324877
2.18868,0.00342104,0.00340548
2.18974,0.00359664,0.0034181
2.19068,0.00319941,0.00323928
2.19174,0.00324453,0.00324405
2.19278,0.00324453,0.00324405
2.19362,0.00334431,0.00309642
2.19474,0.00274884,0.00277509
2.19568,0.00278945,0.00273617
2.19672,0.00243392,0.00254196
2.19781,0.00227784,0.00246906
2.19867,0.00215399,0.00241256
2.1997,0.00221364,0.00247092
2.20069,0.00192647,0.00231876
2.20168,0.00180548,0.00226692
2.20268,0.00170988,0.00222913
2.20367,0.00161927,0.00219434
2.20467,0.00153724,0.00216513
2.20569,0.00162027,0.00223707
2.20665,0.00138837,0.00211656
2.2077,0.00130319,0.00208269
2.20868,0.00130319,0.00208269
2.20973,0.00132144,0.00205996
2.21069,0.00132144,0.00205996
2.21166,0.0012014,0.00195135
2.21269,0.00113287,0.00201194
2.21369,0.000861023,0.00180962
2.21468,0.000801343,0.00179079
2.2157,0.000901044,0.00187791
2.2167,0.000901044,0.00187791
2.21769,0.000815917,0.00186427
2.21867,0.000781453,0.00186246
2.2197,0.000599013,0.00176349
2.22068,0.00069604,0.00176837
2.22168,0.00069604,0.00176837
2.22267,0.000468606,0.00166338
2.22377,0.00044072,0.00166441
2.22472,0.000544479,0.00175587
2.22585,0.000389473,0.00167181
2.22669,0.000483612,0.0017564
2.22768,0.000332285,0.0016724
2.2287,0.000431208,0.00175882
2.22966,0.000412549,0.00176471
2.23066,0.000251199,0.00167459
2.23171,0.000221753,0.00159341
2.23269,0.000318772,0.00168066
2.23362,1.03738e-05,0.00132345
2.23468,4.53801e-05,0.00131805
2.2357,6.19078e-05,0.00132548
2.23666,4.64072e-05,0.00141846
2.23767,4.64072e-05,0.00141846
2.2391,0.000121645,0.0014141
2.24006,6.82332e-06,0.00144076
2.24065,6.82332e-06,0.00144076
2.24167,6.82332e-06,0.00144076
2.24275,5.00361e-05,0.00144842
2.24365,7.71385e-05,0.00147397
2.24475,5.23734e-05,0.00139938
2.24565,0.000151604,0.00156465
2.24673,0.000151604,0.00156465
2.24776,2.67816e-05,0.00141196
2.24868,4.79577e-05,0.00132138
2.24968,4.79577e-05,0.00132138
2.25071,0.000341454,0.00130863
2.25166,0.000240158,0.00131865
2.25267,0.000125402,0.0014171
2.25368,8.9763e-05,0.00154736
2.25475,8.9763e-05,0.00154736
2.25577,0.000131068,0.00161586
2.2567,0.000255055,0.00161907
2.25772,0.000139613,0.00163681
2.25911,3.07388e-05,0.00165706
2.25999,0.00016512,0.00172921
2.2607,0.000158542,0.00166424
2.26172,5.6255e-05,0.00167681
2.2632,7.26136e-05,0.00176125
2.26367,0.000197309,0.00168021
2.26467,0.000218956,0.00167805
2.26569,0.000227647,0.00168478
2.26668,0.000356236,0.00167762
2.26765,0.000237607,0.00169848
2.26869,0.000245154,0.00162664
2.2697,0.000263302,0.00162776
2.27068,0.000271382,0.00163343
2.27187,0.000280627,0.00163987
2.27272,0.000280627,0.00163987
2.27369,0.000486294,0.00138794
2.27476,0.000496931,0.00139509
2.27628,0.000504298,0.00140094
2.27665,0.000504298,0.00140094
2.27771,0.000518233,0.00141433
2.27869,0.000524851,0.00142187
2.27982,0.000524851,0.00142187
2.28085,0.000533863,0.00134726
2.28188,0.000669896,0.00133642
2.28283,0.00067101,0.00134465
2.28403,0.000556852,0.00144381
2.28478,0.000550267,0.0014595
2.28595,0.000555974,0.00146488
2.28673,0.000559503,0.001392
2.2877,0.000576952,0.00139063
2.28871,0.000462619,0.00141118
2.28979,0.000474025,0.00149515
2.29072,0.000590348,0.00141467
2.29169,0.000609808,0.00141302
2.29271,0.000496452,0.00143191
2.29372,0.000420305,0.00155428
2.29468,0.000442404,0.00148303
2.29566,0.000442404,0.00148303
2.29672,0.000462648,0.0014928
2.2977,0.000485929,0.0015728
2.29868,0.000485929,0.0015728
2.29971,0.000506827,0.00158372
2.30067,0.000739387,0.00149064
2.30176,0.000753769,0.00148847
2.3027,0.000751853,0.00149938
2.30374,0.000750698,0.0015074
2.30478,0.00075187,0.00143553
2.30568,0.00075187,0.00143553
2.30669,0.000764343,0.00144755
2.30769,0.000655626,0.00146493
2.30865,0.000548639,0.00156576
2.30967,0.000548127,0.00149575
2.31068,0.000796542,0.0014725
2.31168,0.000800057,0.0014798
2.31267,0.000800306,0.00148773
2.31371,0.00115193,0.00105261
2.31465,0.00115193,0.00105261
2.31568,0.00115349,0.000986677
2.31669,0.00105532,0.00107995
2.31768,0.00104965,0.00109404
2.31867,0.00116818,0.00100646
2.31966,0.00118353,0.00100705
2.3207,0.00118482,0.00101571
2.32171,0.00107829,0.00103269
2.32267,0.00107829,0.00103269
2.32367,0.00119654,0.00103757
2.32467,0.00109004,0.00105593
2.32566,0.00109443,0.00114533
2.32671,0.000976711,0.00116852
2.32771,0.00120696,0.00106767
2.32887,0.00122419,0.000982733
2.32979,0.00122419,0.000982733
2.33068,0.0012362,0.000984674
2.33186,0.0012371,0.000993757
2.33267,0.00113127,0.00109495
2.33372,0.00104498,0.00124211
2.33473,0.00105122,0.00124898
2.33587,0.0011667,0.00115894
2.33664,0.00107211,0.00116989
2.33775,0.0010796,0.00117525
2.33876,0.00119546,0.00108974
2.33983,0.00110147,0.00118239
2.3408,0.0010975,0.00119526
2.34168,0.0011038,0.00120322
2.34276,0.0011112,0.00120757
2.34372,0.00122664,0.00112067
2.34476,0.00113159,0.00121348
2.34575,0.00112613,0.0012276
2.3466,0.00113308,0.00114859
2.3478,0.00115117,0.00114879
2.34868,0.00115863,0.00115351
2.34978,0.00127423,0.00106676
2.3508,0.00118243,0.00116119
2.35187,0.00117931,0.00117362
2.35289,0.00118445,0.00118207
2.35372,0.00125843,0.00113652
2.35478,0.00126439,0.00114349
2.35583,0.00127247,0.00106325
2.35672,0.00129064,0.00106408
2.35767,0.00129731,0.00106896
2.35866,0.00130537,0.00107679
2.35973,0.00131368,0.00108282
2.36075,0.00142706,0.00108146
2.36169,0.00132605,0.00109709
2.36269,0.00122845,0.00111146
2.36369,0.00134018,0.00111088
2.36471,0.00134876,0.00102906
2.36569,0.0013688,0.00103035
2.36668,0.00137554,0.00103577
2.36771,0.00138363,0.00104407
2.36876,0.00139107,0.00105078
2.3697,0.00139806,0.00105729
2.37077,0.00140492,0.00106534
2.37164,0.0014103,0.00107145
2.37271,0.00131164,0.00117256
2.37371,0.0014816,0.00104706
2.37468,0.00149768,0.00104732
2.37587,0.00150287,0.0010518
2.37671,0.00150755,0.00105941
2.37786,0.00151494,0.000978718
2.37871,0.00153136,0.000978516
2.37979,0.00153737,0.000985855
2.38073,0.00154398,0.000992158
2.38179,0.00155072,0.00100026
2.38304,0.0015567,0.00100629
2.38404,0.0015567,0.00100629
2.38472,0.00156312,0.00101409
2.38613,0.00167217,0.00102121
2.38666,0.00157524,0.00103394
2.38788,0.00157524,0.00103394
2.38881,0.00148096,0.00104744
2.38968,0.00168654,0.000954165
2.3907,0.001599,0.00104623
2.39173,0.00149032,0.00115549
2.3927,0.00158776,0.00107215
2.39374,0.00160226,0.00107133
2.3947,0.00167269,0.00104021
2.39569,0.00167612,0.00104683
2.39678,0.00167877,0.00105123
2.39774,0.00168189,0.00105747
2.39892,0.00168803,0.000974023
2.39973,0.00170247,0.000972692
2.40073,0.00170712,0.00097884
2.40186,0.00171246,0.000983947
2.40275,0.00171805,0.000990868
2.40369,0.00172301,0.00099567
2.40472,0.00172808,0.00100236
2.40572,0.00172808,0.00100236
2.40667,0.00183294,0.0010069
2.40806,0.00173933,0.00101817
2.40874,0.00164663,0.0010306
2.40976,0.00184574,0.000934713
2.4107,0.00176475,0.000937989
2.41204,0.00167054,0.00104117
2.41274,0.0016694,0.00104992
2.41376,0.00184598,0.00093144
2.41474,0.0018626,0.000927927
2.41573,0.00187194,0.000844893
2.41711,0.00188899,0.000844545
2.41763,0.00188899,0.000844545
2.41862,0.00189589,0.000849782
2.41971,0.00191102,0.00086354
2.4207,0.00191828,0.000871177
2.42171,0.00192506,0.000876554
2.42268,0.00193157,0.000883916
2.42371,0.00193739,0.000889092
2.42475,0.00194322,0.000896178
2.42568,0.00194322,0.000896178
2.42669,0.00204482,0.000903615
2.42775,0.00195663,0.000913081
2.42866,0.00195663,0.000913081
2.42968,0.00206867,0.000825795
2.43072,0.00198277,0.000834471
2.43189,0.00198277,0.000834471
2.4327,0.00207411,0.000851079
2.43365,0.00224895,0.000637076
2.43469,0.00234222,0.000639179
2.43574,0.00234707,0.000645862
2.4367,0.00234707,0.000645862
2.43773,0.0023404,0.000663434
2.43861,0.00226224,0.000757536
2.43972,0.00216335,0.000773052
2.44077,0.00235122,0.000586443
2.44167,0.00237656,0.000576153
2.44272,0.00237714,0.00058639
2.44365,0.00237714,0.00058639
2.4447,0.0023862,0.000600523
2.44568,0.00230372,0.00060783
2.44667,0.00239539,0.00061175
2.44769,0.00240072,0.000618105
2.44874,0.00240282,0.000623376
2.44972,0.0024053,0.00063044
2.45071,0.00241045,0.000544385
2.4517,0.00233888,0.000548083
2.45265,0.00234379,0.000552947
2.45369,0.00233848,0.000737482
2.45471,0.00234448,0.000742264
2.45573,0.00234806,0.000750064
2.45669,0.0023514,0.000755987
2.45768,0.00235455,0.000761532
2.45878,0.00235776,0.000768593
2.45973,0.00235776,0.000768593
2.46068,0.0023643,0.00077965
2.46165,0.00228291,0.000786028
2.46296,0.00237357,0.000698768
2.4636,0.0023005,0.000790114
2.46467,0.0023005,0.000790114
2.46575,0.00238158,0.000710461
2.46671,0.00240005,0.000714234
2.46789,0.00240495,0.00072142
2.46867,0.00232625,0.00072699
2.46975,0.0024123,0.00073341
2.47065,0.00241903,0.0007366
2.47166,0.00241903,0.0007366
2.4727,0.00242561,0.00074751
2.47391,0.00261037,0.000549774
2.47464,0.00253166,0.000555748
2.47582,0.00253166,0.000555748
2.47666,0.0027129,0.000468816
2.4777,0.002729,0.000465504
2.47884,0.0027309,0.000474158
2.47969,0.00273528,0.000479216
2.48076,0.00273528,0.000479216
2.48168,0.0027315,0.00049641
2.48275,0.00274589,0.000494399
2.48367,0.0026705,0.000498728
2.48467,0.0026705,0.000498728
2.48571,0.00277076,0.000411572
2.48684,0.00269782,0.000415387
2.48779,0.00269782,0.000415387
2.48869,0.00261887,0.000524699
2.48969,0.00278589,0.000438948
2.49071,0.00278589,0.000438948
2.49193,0.00280347,0.000443588
2.4927,0.00272678,0.000539712
2.49368,0.00269957,0.000651766
2.49504,0.00271458,0.000647716
2.49574,0.00263558,0.000745711
2.49668,0.00255293,0.000756452
2.49766,0.00263813,0.00057288
2.49911,0.00263813,0.00057288
2.50027,0.00266632,0.000660521
2.50085,0.00266436,0.000672226
2.50201,0.0025905,0.000767365
2.50275,0.0025844,0.000779539
2.50366,0.00266581,0.000687526
2.50471,0.00266581,0.000687526
2.50566,0.00269343,0.000680288
2.50668,0.00268706,0.000689835
2.50779,0.0026885,0.000695661
2.50866,0.00277299,0.000509806
2.50968,0.00277299,0.000509806
2.51067,0.00278671,0.000515966
2.51171,0.00272563,0.000607099
2.51271,0.00272563,0.000607099
2.51371,0.00281328,0.000626006
2.51465,0.00281328,0.000626006
2.51575,0.00281762,0.000628976
2.51675,0.00289858,0.000638029
2.51769,0.00283057,0.000637329
2.51862,0.00283057,0.000637329
2.51968,0.00283397,0.000644718
2.52074,0.00291601,0.000461235
2.52166,0.00291601,0.000461235
2.52318,0.00278409,0.000554902
2.52362,0.00278409,0.000554902
2.52461,0.00293603,0.000469638
2.5258,0.00287783,0.000559542
2.52663,0.0028743,0.000569643
2.52765,0.00287611,0.000574447
2.52865,0.0029546,0.000487065
2.52969,0.00289448,0.000575628
2.53071,0.00288697,0.000587019
2.53177,0.00296617,0.000403269
2.53265,0.00291535,0.000488586
2.53427,0.00281037,0.000700907
2.5347,0.0028881,0.000617313
2.53594,0.00283058,0.000705868
2.53677,0.0028261,0.000715688
2.53797,0.00283026,0.000721824
2.53882,0.00283026,0.000721824
2.53979,0.00290517,0.000732798
2.54079,0.00284096,0.000730677
2.54178,0.00284282,0.000641345
2.54315,0.00285564,0.000637387
2.54381,0.00285991,0.000642054
2.54477,0.00286457,0.000645706
2.54582,0.00286929,0.000651352
2.5467,0.00287356,0.000655135
2.54792,0.00287753,0.000658605
2.5489,0.00288144,0.000663747
2.54987,0.00288703,0.000571188
2.55073,0.00289873,0.000571237
2.55174,0.00290283,0.000574385
2.55277,0.00290779,0.000581076
2.55368,0.00319715,0.000408225
2.5547,0.00320157,0.000414389
2.55579,0.00320551,0.000418638
2.5567,0.00320915,0.000422545
2.55774,0.00321273,0.00042812
2.55861,0.00321319,0.000431841
2.55975,0.00328311,0.000347546
2.56074,0.00323017,0.000434192
2.56176,0.00322639,0.000349636
2.56269,0.00323654,0.00034833
2.56377,0.00323997,0.000353384
2.56478,0.00324367,0.000357509
2.56571,0.00324743,0.000363616
2.56674,0.00325075,0.000367787
2.56782,0.00325377,0.000371616
2.56873,0.00325675,0.000377124
2.56976,0.00325926,0.000380016
2.57073,0.00326178,0.000385036
2.57164,0.00326387,0.000387493
2.57268,0.00326601,0.000392093
2.5738,0.00336779,0.000416319
2.5747,0.00337123,0.000324617
2.5757,0.00338021,0.000321783
2.57673,0.0033827,0.000326636
2.57769,0.00338567,0.000331011
2.57878,0.00338844,0.000334907
2.57968,0.00339116,0.000340507
2.58068,0.00339342,0.000343455
2.58171,0.00339569,0.000348545
2.58267,0.00339754,0.000351031
2.58381,0.00339941,0.000355675
2.58467,0.00339788,0.000358542
2.58577,0.00346044,0.000274275
2.58666,0.00341267,0.000263522
2.58767,0.00340998,0.000268005
2.58869,0.00341509,0.000273043
2.58966,0.00341757,0.00027641
2.59067,0.00342,0.000281952
2.59172,0.003422,0.000284864
2.59314,0.00342087,0.000290791
2.59391,0.00342558,0.000292385
2.59467,0.00353187,0.000325188
2.59587,0.00353308,0.000327174
2.59676,0.00353546,0.000235003
2.59771,0.00354339,0.000232908
2.59872,0.00354503,0.000235925
2.59965,0.00354745,0.000242189
2.60094,0.00354948,0.000245592
2.6018,0.00355148,0.000251179
2.6027,0.00355305,0.000254094
2.60373,0.00355462,0.000259192
2.60469,0.00355577,0.000261616
2.60585,0.00355695,0.000266238
2.60678,0.00355775,0.000268187
2.60773,0.00355858,0.000272356
2.60885,0.00355912,0.000274493
2.60974,0.00356029,0.000179677
2.61081,0.00356733,0.000179067
2.61175,0.00356823,0.000181149
2.6127,0.00356991,0.000186987
2.61367,0.00368075,0.000224015
2.61466,0.00368207,0.000229218
2.61577,0.00368207,0.000229218
2.61672,0.00373412,0.000248165
2.61771,0.00368858,0.000237323
2.61875,0.00363722,0.000230374
2.6197,0.00363393,0.000233575
2.62072,0.00368474,0.000149647
2.6219,0.00364657,0.000136313
2.62268,0.00364657,0.000136313
2.62369,0.00368997,0.000161557
2.62473,0.0036953,0.000160105
2.62564,0.0036953,0.000160105
2.62666,0.00375453,7.86125e-05
2.62767,0.00371217,7.05597e-05
2.62864,0.00366023,0.000158717
2.62967,0.00369902,8.84612e-05
2.63075,0.00371087,8.66899e-05
2.63166,0.00371087,8.66899e-05
2.63266,0.00375921,1.42478e-05
2.63367,0.00383809,3.77196e-05
2.63469,0.00378693,0.000225488
2.63564,0.00381827,0.000156925
2.63674,0.00382609,6.07454e-05
2.63768,0.00383153,5.76781e-05
2.63866,0.00388077,7.83977e-05
2.63969,0.00383689,6.7082e-05
2.64068,0.00383534,7.39186e-05
2.64176,0.00383534,7.39186e-05
2.64265,0.00383137,7.88674e-05
2.64364,0.00383524,8.1956e-05
2.64473,0.00383542,0.000184785
2.64579,0.00382538,9.5525e-05
2.64666,0.00383388,9.44348e-05
2.64776,0.00383278,0.000192376
2.6487,0.00377836,0.00018751
2.64965,0.00377983,0.000187414
2.65106,0.00382228,0.000105789
2.65169,0.00382387,0.000101674
2.65265,0.00382646,0.000103632
2.65382,0.00411979,4.07106e-05
2.65467,0.00406773,4.59569e-05
2.65568,0.00414936,1.66755e-05
2.65663,0.00411281,3.62839e-05
2.6578,0.00411281,3.62839e-05
2.65871,0.00414527,1.94279e-05
2.66009,0.00410243,3.11698e-05
2.66067,0.00409795,0.000128242
2.66165,0.00410099,0.000130437
2.66269,0.00409959,0.000129698
2.66373,0.00414019,0.000109262
2.66468,0.00409903,0.000122943
2.66567,0.00413622,0.000105337
2.66668,0.00413647,0.000102087
2.66771,0.00409356,0.000116618
2.66875,0.0041286,0.000195421
2.66983,0.00409736,0.000215715
2.6707,0.00409141,0.000112913
2.67191,0.00409141,0.000112913
2.67294,0.00404989,0.000124543
2.67369,0.00380921,0.000296318
2.6748,0.0038105,0.000200016
2.67579,0.0038481,0.000219338
2.67667,0.0038481,0.000219338
2.67771,0.00384815,0.000224351
2.67878,0.00384684,0.000228372
2.67966,0.00384684,0.000228372
2.68071,0.00383879,0.000334268
2.68168,0.00380375,0.000315589
2.68268,0.00380375,0.000315589
2.68367,0.00379082,0.00021959
2.6847,0.00383267,0.000133154
2.68564,0.00379488,0.00021161
2.68669,0.00378712,0.000121508
2.68776,0.00382948,0.000136336
2.68871,0.00382992,0.000137669
2.68966,0.00382992,0.000137669
2.69069,0.00383427,0.00024047
2.69226,0.00382606,0.000248531
2.69289,0.00381892,0.000248684
2.6939,0.00433245,0.00014717
2.69468,0.00433502,0.000153601
2.69576,0.00432891,0.000246868
2.69674,0.00433416,0.000251571
2.69764,0.00433416,0.000251571
2.69866,0.00428795,0.000263354
2.69975,0.00432319,0.000241454
2.70074,0.00432298,0.000238614
2.70197,0.00429212,0.000157631
2.70267,0.00428359,0.000151723
2.70369,0.00428099,0.000149487
2.70469,0.0042779,0.000151202
2.70568,0.00427482,0.000150463
2.7068,0.00427594,0.000153465
2.70767,0.00423133,7.03069e-05
2.7087,0.00429092,0.000230057
2.70982,0.00426516,0.000256656
2.7107,0.0042597,0.000258447
2.71169,0.00425693,0.000256003
2.71268,0.00425432,0.00025481
2.71372,0.00437557,0.000194975
2.71472,0.00436841,0.000191891
2.71567,0.00440275,0.000174554
2.71671,0.0043686,0.000192176
2.71772,0.00436326,0.000192281
2.71863,0.00435541,0.000190834
2.71968,0.00435652,0.000192657
2.72065,0.00435338,0.000192329
2.72194,0.00434976,0.000193432
2.72278,0.00434313,0.000287936
2.72368,0.0043396,0.000294481
2.72476,0.00434085,0.000295636
2.72567,0.00433806,0.000291985
2.72685,0.00433511,0.000291563
2.72766,0.00433214,0.000288718
2.72866,0.00432435,0.00028778
2.72967,0.00435181,0.000265924
2.7306,0.00431943,0.000286634
2.73167,0.00431394,0.00028456
2.73266,0.00433723,0.00036365
2.73371,0.00430931,0.000114645
2.73468,0.00430468,0.000113154
2.73574,0.00430086,0.000109642
2.73679,0.00430086,0.000109642
2.73788,0.00429701,0.000109366
2.7387,0.00429779,0.000107734
2.73968,0.00426519,0.000128589
2.74072,0.00423407,4.93959e-05
2.74162,0.00425409,2.50957e-05
2.74272,0.00422317,4.73635e-05
2.74371,0.00420876,0.000141622
2.74481,0.0042165,5.17622e-05
2.74573,0.00423015,0.000124477
2.74668,0.0042329,0.000227451
2.74774,0.00420316,0.000248956
2.74873,0.00420164,0.000152473
2.74965,0.00419575,0.000146333
2.75069,0.00419225,0.000146145
2.75179,0.00418036,0.000238428
2.75269,0.0042439,0.000106063
2.75377,0.00434965,5.40287e-05
2.75476,0.00433975,0.000150947
2.75564,0.00434179,5.84845e-05
2.7568,0.00433045,0.000152788
2.7577,0.00432426,0.000155819
2.75862,0.00435066,0.00013434
2.75974,0.00432203,0.000157033
2.76075,0.0043175,0.000155062
2.76166,0.00431289,0.000156697
2.76279,0.00430847,0.000155149
2.76371,0.00430847,0.000155149
2.76465,0.0043203,0.000230427
2.76569,0.00429503,0.000257244
2.76667,0.00428342,0.000253432
2.76772,0.00430869,0.000230738
2.76874,0.00428639,0.000251961
2.7699,0.00425942,0.000178225
2.77084,0.00425942,0.000178225
2.77168,0.00426122,0.000245553
2.77269,0.00426072,0.0002513
2.77433,0.00440919,0.000175036
2.77494,0.00439921,0.000174333
2.77577,0.00438975,0.000268472
2.77686,0.00438238,0.000271475
2.77764,0.00438241,0.000269274
2.77871,0.00437787,0.000267452
2.77968,0.00436834,0.000262294
2.78068,0.00439134,0.000238343
2.78169,0.00436565,0.000259545
2.78266,0.00436351,0.00026015
2.78379,0.00433616,0.000184323
2.78473,0.00434392,0.000253798
2.78571,0.00434303,0.000256276
2.7867,0.00433734,0.000258164
2.78769,0.0043219,0.000350666
2.78871,0.00431876,0.000353807
2.78966,0.00431826,0.000353692
2.79072,0.00430825,0.000347821
2.79169,0.0043031,0.000346451
2.79273,0.00429788,0.000342552
2.79368,0.0044456,0.000260867
2.79469,0.00444517,0.000258638
2.79571,0.00443462,0.000257576
2.79678,0.004429,0.000254941
2.79771,0.00442282,0.000351725
2.7987,0.00441911,0.000352201
2.79978,0.00441329,0.00035127
2.80143,0.00440788,0.00034603
2.80168,0.00440234,0.000344271
2.80266,0.00439171,0.000338967
2.8037,0.00438598,0.000337934
2.80473,0.00438598,0.000337934
2.80568,0.00438016,0.000334313
2.80666,0.00437614,0.000238131
2.80766,0.00437614,0.000238131
2.80864,0.00437259,0.00039802
2.80965,0.00435611,0.000333318
2.81074,0.00435611,0.000333318
2.81188,0.00432447,0.000358234
2.81276,0.00435772,0.000306365
2.81372,0.00448654,0.000252135
2.81491,0.00447781,0.000250108
2.81575,0.00447105,0.000252769
2.81687,0.00446433,0.000251965
2.81786,0.0044575,0.00025437
2.8188,0.00444431,0.000348632
2.81974,0.00443903,0.000353841
2.82074,0.00442636,0.000350678
2.8217,0.00444207,0.000324306
2.82267,0.00442035,0.000350393
2.82372,0.00441147,0.000347535
2.82469,0.00441147,0.000347535
2.82569,0.00440777,0.000415082
2.82668,0.00439457,0.000350829
2.82766,0.0043839,0.000344652
2.82874,0.00437723,0.000345278
2.82966,0.00436499,0.000343488
2.83065,0.00437888,0.000321553
2.83169,0.00436293,0.000347944
2.83268,0.00432718,0.000373667
2.8337,0.00462579,0.000460141
2.83467,0.00462579,0.000460141
2.83568,0.00463853,0.000508635
2.83665,0.00461759,0.000535651
2.83767,0.00461759,0.000535651
2.8386,0.00458968,0.000461815
2.83965,0.00460017,0.000505096
2.84069,0.004598,0.000509448
2.84166,0.00458953,0.00051139
2.84264,0.00458188,0.000510886
2.84367,0.00457431,0.000513818
2.84468,0.00455918,0.000607327
2.84568,0.00455258,0.000612844
2.84666,0.00454488,0.000609275
2.84767,0.00453734,0.000609189
2.84868,0.00451626,0.000633825
2.84965,0.00451995,0.000606699
2.8506,0.00451995,0.000606699
2.85173,0.0045147,0.000604338
2.8527,0.00451177,0.000606595
2.85367,0.00450928,0.000271567
2.85471,0.00450346,0.000271465
2.85569,0.00448772,0.000365199
2.85671,0.00448035,0.000371429
2.85768,0.00446668,0.000372529
2.85866,0.00446372,0.000371421
2.85967,0.00445559,0.000373054
2.86073,0.0044474,0.000371884
2.86175,0.0044392,0.000374058
2.86313,0.00442278,0.000466115
2.8638,0.00441532,0.000470822
2.865,0.00440688,0.000468406
2.86568,0.00439369,0.000466786
2.86667,0.00439369,0.000466786
2.86802,0.00439746,0.000435457
2.86867,0.00439746,0.000435457
2.86966,0.00439153,0.000436656
2.87071,0.00438818,0.000436402
2.87164,0.0043636,0.000465071
2.87267,0.00437283,0.000344203
2.8737,0.00451607,0.000260391
2.87472,0.00451472,0.000261692
2.87569,0.00449876,0.000197231
2.87669,0.00449876,0.000197231
2.87766,0.0044979,0.00017597
2.87859,0.0044979,0.00017597
2.87969,0.00448961,0.000117203
2.88074,0.0044821,0.000195031
2.88169,0.00417166,0.00161812
2.88264,0.00406006,0.00216699
2.88366,0.00403514,0.00216761
2.88466,0.00402176,0.0021179
2.88575,0.00402584,0.00205235
2.88671,0.00402495,0.00198552
2.88767,0.00402405,0.0019252
2.88881,0.00402324,0.00186454
2.88969,0.00402258,0.00180977
2.89069,0.00402196,0.00175439
2.89171,0.00402143,0.0017047
2.89267,0.00401172,0.00174504
2.89374,0.00416512,0.0016114
2.89467,0.0041644,0.00156312
2.89572,0.00416407,0.00151848
2.89666,0.00416366,0.00147297
2.89775,0.00416327,0.00143194
2.8986,0.00415771,0.00139237
2.89968,0.00416206,0.00135335
2.9007,0.00416057,0.00131883
2.90167,0.0041597,0.00128283
2.90266,0.00415874,0.00125171
2.90365,0.0041479,0.00130945
2.90467,0.00414675,0.00128318
2.90566,0.00414511,0.00125116
2.90664,0.00414373,0.00122211
2.90767,0.00414215,0.00119155
2.90865,0.00414046,0.00116566
2.90967,0.00413856,0.00113793
2.91065,0.00413653,0.00111476
2.91173,0.00412942,0.00108902
2.91268,0.00412704,0.00106834
2.91366,0.00429813,0.000945929
2.91467,0.0043002,0.000928155
2.91565,0.00428214,0.000996858
2.91666,0.00427896,0.000981381
2.91766,0.00427538,0.000963029
2.91865,0.00427202,0.000941389
2.91964,0.00426851,0.000924345
2.92065,0.0042648,0.000905087
2.9217,0.00426095,0.000890066
2.9227,0.0042666,0.00083468
2.92368,0.00426468,0.000822976
2.92466,0.00425999,0.000809653
2.92567,0.00424665,0.000836505
2.92668,0.00422893,0.000912492
2.92767,0.00423234,0.000868537
2.92865,0.00423413,0.000853618
2.9297,0.00421585,0.000878955
2.93071,0.00421623,0.00082877
2.93167,0.00420998,0.000856356
2.93278,0.00420835,0.000753393
2.9337,0.00437177,0.000677067
2.93469,0.00436714,0.000685974
2.9357,0.00436992,0.000683713
2.93669,0.00435151,0.000710564
2.93768,0.00433825,0.000755135
2.93871,0.00433842,0.000751981
2.93967,0.00433169,0.000686832
2.94067,0.00431823,0.000730105
2.94166,0.00431332,0.000725195
2.94267,0.00430611,0.000719113
2.94368,0.00429902,0.000710238
2.94467,0.00429653,0.000705936
2.94566,0.0042907,0.000643388
2.94666,0.00427526,0.000691549
2.94769,0.00427404,0.00069041
2.9487,0.00425645,0.000719772
2.94968,0.00423936,0.000767404
2.95065,0.00423319,0.000766156
2.95166,0.0042249,0.000757042
2.95265,0.00421687,0.000752036
2.95367,0.00438744,0.000639777
2.95467,0.00438364,0.000642754
2.95567,0.00437027,0.000630251
2.95666,0.00436172,0.00062394
2.95765,0.00435793,0.000622439
2.9586,0.00435325,0.0005623
2.95965,0.00433449,0.000613324
2.96066,0.00431893,0.000701458
2.96168,0.0043134,0.000646699
2.96266,0.00429376,0.000691171
2.96363,0.00429079,0.0006927
2.96466,0.00428609,0.00063198
2.96563,0.0042661,0.000680309
2.96678,0.00425827,0.000679542
2.96773,0.00424876,0.000677629
2.9687,0.00423936,0.000672647
2.96967,0.00423451,0.000672133
2.9707,0.00423525,0.000613778
2.97163,0.00421982,0.000610647
2.97265,0.00418673,0.000750426
2.97367,0.00446495,0.000810987
2.97467,0.00446097,0.00075316
2.97571,0.00443901,0.000796991
2.97664,0.00443494,0.00079997
2.97765,0.00443142,0.000740975
2.9786,0.00440893,0.000790407
2.97967,0.00440456,0.000791248
2.98067,0.00440149,0.00073656
2.98167,0.00437832,0.000784046
2.98268,0.00437382,0.000789442
2.98379,0.004371,0.000732088
2.98465,0.00434733,0.000784312
2.98566,0.00432931,0.000872285
2.98669,0.00432931,0.000872285
2.98767,0.00431381,0.000813548
2.98866,0.00429514,0.000866875
2.9897,0.00429835,0.000813012
2.99068,0.00428184,0.00081006
2.99173,0.00425815,0.000861086
2.99271,0.00425283,0.000864985
2.99367,0.00442673,0.000696453
2.99471,0.00442673,0.000696453
2.99567,0.00440156,0.000743905
2.99661,0.0043991,0.000694223
2.9976,0.00436933,0.000777096
2.99862,0.00436933,0.000777096
2.99972,0.00434738,0.000832391
3.00059,0.00433894,0.000775415
3.00167,0.00433894,0.000775415
3.00268,0.00432391,0.000775098
3.00363,0.00430232,0.000826479
3.00472,0.00430679,0.00077755
3.00571,0.00429434,0.000772503
3.0067,0.00428357,0.00077402
3.00769,0.0042721,0.000773473
3.00874,0.00425646,0.000776263
3.00963,0.00423386,0.000829821
3.01067,0.00423897,0.000782271
3.01164,0.00421229,0.000862266
3.01277,0.00419995,0.000865485
3.01369,0.00426557,0.000596123
3.01464,0.0042497,0.000592869
3.0158,0.00422654,0.000646356
3.01691,0.00423185,0.000594609
3.01773,0.0042152,0.000592747
3.01894,0.004192,0.00064317
3.0197,0.00419776,0.000595931
3.02066,0.00418231,0.000591605
3.0219,0.00414425,0.000729179
3.0228,0.0041486,0.00068004
3.02372,0.00413164,0.000677776
3.0247,0.00410777,0.000724753
3.02573,0.00411385,0.000676921
3.02665,0.00410124,0.000671205
3.02763,0.0040901,0.000672001
3.02874,0.00407409,0.000670476
3.02968,0.00406386,0.000642823
3.03069,0.00405721,0.000673629
3.03173,0.00404341,0.000676438
3.03266,0.00403175,0.000676908
3.03375,0.00420403,0.000560043
3.03473,0.00419923,0.000593085
3.03568,0.00418068,0.000591898
3.03676,0.00415016,0.000646783
3.03773,0.00413412,0.000647891
3.03865,0.0041075,0.000699999
3.03973,0.00411459,0.000649536
3.04075,0.00410211,0.000647921
3.04165,0.00409066,0.000645605
3.04268,0.00407877,0.000648339
3.04369,0.00406674,0.000647653
3.04468,0.00403551,0.000731339
3.04565,0.00404101,0.000651505
3.04668,0.00401521,0.000732688
3.0477,0.00399759,0.000732085
3.0487,0.00398555,0.000703434
3.04972,0.00397975,0.000732947
3.05066,0.00397356,0.000765067
3.0517,0.00397078,0.000681603
3.05269,0.00393676,0.000730936
3.05364,0.00411332,0.000612013
3.05472,0.00410063,0.000612049
3.05567,0.00408476,0.000614842
3.05665,0.00407201,0.00058492
3.0577,0.00406709,0.000619661
3.05872,0.00405358,0.000649205
3.05969,0.00404328,0.000652178
3.06101,0.0040101,0.000702281
3.06164,0.0039977,0.000707092
3.06294,0.00398484,0.000705367
3.0637,0.00397275,0.000706718
3.06473,0.00396046,0.000704974
3.0657,0.00394836,0.000707272
3.06675,0.00393609,0.000706269
3.06769,0.00392399,0.00070926
3.06877,0.0039117,0.000708915
3.06995,0.0038835,0.000791069
3.0709,0.00386912,0.000791789
3.07177,0.00385663,0.000793594
3.07278,0.00384424,0.000790464
3.07375,0.00385385,0.000374113
3.07483,0.00385064,0.000405482
3.07569,0.00383205,0.00040221
3.07673,0.00382104,0.000433785
3.07768,0.00380391,0.000399876
3.07868,0.00375465,0.000526701
3.07969,0.00375465,0.000526701
3.08068,0.00375056,0.000475205
3.08169,0.00373052,0.000442213
3.08269,0.00371997,0.000444916
3.0837,0.00371333,0.000473214
3.08466,0.00370267,0.000473185
3.0857,0.00367734,0.00054818
3.08676,0.00369423,0.000425811
3.08774,0.00365448,0.000435989
3.08866,0.00362822,0.000517901
3.08968,0.00362822,0.000517901
3.09068,0.00362363,0.000444093
3.09166,0.00362363,0.000444093
3.09266,0.0035875,0.000553189
3.09366,0.00400066,0.00086095
3.09469,0.00396149,0.000834582
3.09565,0.00394208,0.000806588
3.09679,0.00393254,0.000809765
3.09764,0.0039246,0.000813417
3.09863,0.00392345,0.000843331
3.09968,0.00392985,0.000800016
3.10064,0.00387606,0.000922174
3.10166,0.00387606,0.000922174
3.10273,0.00386719,0.000850731
3.10374,0.0038585,0.000886953
3.10483,0.0038585,0.000886953
3.10567,0.00382351,0.000960781
3.10666,0.00378915,0.000905562
3.10765,0.00378985,0.000938368
3.10862,0.00381328,0.000816142
3.10963,0.00377925,0.000863524
3.11068,0.00376349,0.000868206
3.11166,0.00372556,0.000923546
3.11272,0.00372556,0.000923546
3.1136,0.00387022,0.000866421
3.11464,0.00388425,0.000825072
3.11564,0.00384756,0.000867523
3.11662,0.00384753,0.000826929
3.11773,0.00384753,0.000826929
3.11878,0.0038467,0.000857153
3.11968,0.00382431,0.000827139
3.1207,0.00379295,0.000906401
3.12167,0.0037858,0.00093924
3.12267,0.00378221,0.000835
3.1237,0.00375991,0.000911393
3.12472,0.00376681,0.000868192
3.12575,0.00374539,0.00084221
3.1267,0.00371743,0.000918072
3.12768,0.00370192,0.000925101
3.12868,0.00368872,0.000926765
3.12969,0.00367599,0.000930838
3.13074,0.00366297,0.000931604
3.13185,0.00365018,0.000936454
3.13274,0.00363715,0.000937786
3.13369,0.00373789,0.000666769
3.13469,0.00372482,0.000668603
3.1358,0.00370879,0.000674688
3.13697,0.00368143,0.000749348
3.13765,0.00366595,0.000755617
3.13898,0.00366186,0.000783163
3.13968,0.00364615,0.000786102
3.1407,0.00365304,0.000712161
3.14171,0.0036357,0.000715429
3.14277,0.00359806,0.000759797
3.14371,0.00359806,0.000759797
3.14469,0.00355845,0.000744243
3.1457,0.00356277,0.000771661
3.14675,0.00355146,0.000804346
3.14765,0.00351248,0.00084832
3.14866,0.00349577,0.000854879
3.14967,0.00348197,0.000854327
3.15066,0.00346903,0.000857153
3.15167,0.00345581,0.000856678
3.15268,0.00344288,0.00086041
3.15369,0.00361399,0.000719309
3.15465,0.0035981,0.000724019
3.15564,0.00358492,0.000724913
3.15665,0.00355733,0.00080041
3.15765,0.00353851,0.000802019
3.15858,0.00352818,0.000805041
3.15966,0.00351198,0.000803708
3.16066,0.00350092,0.000806589
3.16165,0.00348766,0.000805923
3.16265,0.0034747,0.000809489
3.16365,0.00346148,0.000809561
3.16465,0.00344855,0.000813838
3.16565,0.00343535,0.000814582
3.16664,0.00342242,0.000819502
3.16766,0.00339854,0.000794241
3.16867,0.00338786,0.000800323
3.16967,0.00338609,0.000832503
3.17068,0.00334307,0.000878308
3.17177,0.00334337,0.000911538
3.17265,0.00334337,0.000911538
3.17376,0.00343459,0.000613924
3.17465,0.00343171,0.000643987
3.17572,0.00343171,0.000643987
3.17668,0.00338985,0.000621056
3.17759,0.00340656,0.000585736
3.17901,0.00336768,0.000627952
3.1797,0.00336768,0.000627952
3.18066,0.00333905,0.00063983
3.18164,0.00333905,0.00063983
3.18273,0.00332637,0.000677902
3.18371,0.00330899,0.000683789
3.18469,0.0032689,0.000728151
3.18567,0.0032689,0.000728151
3.18667,0.00325971,0.000666795
3.18765,0.00326038,0.000700166
3.18868,0.00324733,0.000702228
3.18976,0.00326095,0.000667395
3.19066,0.00326095,0.000667395
3.19167,0.00321563,0.000712973
3.19266,0.00315576,0.000832904
3.19361,0.00338892,0.000783437
3.19465,0.00333297,0.00082938
3.19565,0.00333297,0.00082938
3.19662,0.00333253,0.000793675
3.19765,0.00333253,0.000793675
3.19862,0.00330726,0.000801133
3.19971,0.00329172,0.000801676
3.20069,0.00329172,0.000801676
3.2019,0.00325113,0.000848524
3.20264,0.00326644,0.000810881
3.20364,0.00323628,0.000881982
3.20465,0.00322002,0.000883986
3.20566,0.00320601,0.000889543
3.20691,0.00320193,0.000916074
3.20791,0.00317589,0.000893243
3.20878,0.00316119,0.000895581
3.2097,0.00311948,0.000940664
3.21098,0.0031349,0.000902734
3.212,0.00313499,0.000931407
3.21281,0.00308941,0.000972374
3.21384,0.00324749,0.00082856
3.21491,0.00320312,0.000868727
3.21558,0.00322101,0.000833177
3.21672,0.00320803,0.000831504
3.21761,0.00319506,0.00083549
3.21876,0.00318117,0.000836823
3.21968,0.00316768,0.000842319
3.22065,0.00313351,0.000908925
3.22166,0.00311495,0.000913913
3.22297,0.00310106,0.000917337
3.22361,0.00307437,0.000891353
3.22467,0.00307437,0.000891353
3.2257,0.00304997,0.000898486
3.22663,0.00304997,0.000898486
3.22766,0.0030395,0.000903974
3.22867,0.00304254,0.00087267
3.22963,0.00300076,0.000916968
3.23064,0.003015,0.000886426
3.23201,0.00297215,0.000929532
3.23271,0.00294296,0.00100229
3.23367,0.0031574,0.000936714
3.23468,0.00314317,0.000942023
3.23564,0.00310104,0.000982889
3.23668,0.00310104,0.000982889
3.23767,0.00309901,0.000951878
3.23866,0.00305815,0.000995897
3.23991,0.00304495,0.000999771
3.24068,0.00304495,0.000999771
3.24165,0.0030436,0.00103
3.2428,0.00300005,0.00106942
3.2437,0.00301399,0.00103723
3.24484,0.00297287,0.00107449
3.24566,0.00297407,0.00110385
3.24683,0.00300506,0.0010022
3.24784,0.00299093,0.00100826
3.24872,0.00293346,0.00102703
3.24967,0.00293509,0.00105924
3.25072,0.00293599,0.00108663
3.25174,0.00293599,0.00108663
3.25271,0.0028611,0.00111491
3.25399,0.00299475,0.000866411
3.25477,0.00301012,0.000832372
3.25573,0.00299426,0.00083551
3.2568,0.00294988,0.000880847
3.25776,0.00293394,0.000885174
3.25891,0.00291963,0.000891818
3.25969,0.00290555,0.000893941
3.26067,0.0028918,0.000900452
3.26172,0.00287771,0.000903264
3.26275,0.00284817,0.000970956
3.26376,0.00284696,0.000912778
3.2648,0.00282021,0.000979844
3.26606,0.00282021,0.000979844
3.26669,0.00278944,0.000987738
3.2677,0.00277531,0.000988954
3.26894,0.00276155,0.000994613
3.26968,0.00274745,0.000996596
3.27075,0.00273375,0.0010029
3.27177,0.0027197,0.00100548
3.27307,0.00270449,0.0010131
3.27375,0.00285035,0.000862734
3.27473,0.00281991,0.000930318
3.27571,0.00280301,0.000932864
3.27746,0.00277389,0.000998297
3.27842,0.00275687,0.000998199
3.27894,0.00275687,0.000998199
3.27972,0.00273083,0.00100201
3.28068,0.00271555,0.00100347
3.2817,0.00271555,0.00100347
3.28266,0.00268716,0.00100735
3.28366,0.00264547,0.00104632
3.28469,0.00263053,0.00104781
3.28568,0.00261782,0.0010516
3.28665,0.00260473,0.00105166
3.28767,0.00259336,0.00105545
3.28866,0.00260825,0.00102071
3.28964,0.00256712,0.00106216
3.29068,0.00255351,0.00106518
3.29174,0.00256895,0.00103523
3.29266,0.00251313,0.00113142
3.29378,0.00266698,0.000966892
3.29472,0.00265402,0.000966701
3.29566,0.00264122,0.000970697
3.29665,0.00262794,0.000971238
3.29773,0.00261507,0.000976251
3.29867,0.0026018,0.000977577
3.29966,0.00259015,0.000982462
3.30068,0.00260622,0.000949192
3.30172,0.00256515,0.000991615
3.3027,0.00255004,0.000996281
3.30369,0.00253725,0.00100316
3.30475,0.00252401,0.00100612
3.30566,0.00251111,0.00101348
3.30668,0.0024855,0.00107246
3.30766,0.00249788,0.00104306
3.30868,0.00245638,0.00108083
3.30967,0.0024414,0.00108833
3.31065,0.00242793,0.00109012
3.31163,0.00241485,0.00109515
3.31265,0.00240153,0.00110069
3.31365,0.00254739,0.000936517
3.31467,0.00253427,0.000943573
3.31562,0.00252072,0.000946828
3.31671,0.00250856,0.000953527
3.31765,0.00252292,0.000921852
3.3187,0.00247037,0.00102022
3.31975,0.00248066,0.000988645
3.32066,0.00243924,0.00103137
3.32169,0.00242453,0.00103411
3.32266,0.00243893,0.00100574
3.32366,0.00239766,0.00104343
3.32466,0.00238338,0.00105118
3.3257,0.00239734,0.00101941
3.32666,0.00235662,0.00106217
3.32772,0.00234104,0.00106747
3.32878,0.00232781,0.00107523
3.32964,0.00231411,0.00107903
3.3307,0.00230159,0.00108629
3.33169,0.00230159,0.00108629
3.33266,0.00231537,0.00105561
3.33367,0.00242251,0.000959753
3.3347,0.0024095,0.000967862
3.33568,0.00239451,0.000972056
3.33664,0.00235238,0.0010154
3.3377,0.00235238,0.0010154
3.3387,0.00236516,0.000984159
3.33977,0.00235222,0.000991954
3.34061,0.00233802,0.000996192
3.34168,0.00232377,0.00100555
3.3427,0.00228184,0.00107165
3.34363,0.0022664,0.0010768
3.34466,0.00222407,0.00111921
3.34573,0.00220894,0.00112178
3.34671,0.00220894,0.00112178
3.34777,0.00222277,0.00109248
3.34876,0.00220945,0.00109902
3.34967,0.00216801,0.00113704
3.3508,0.00217992,0.00111139
3.35168,0.00214001,0.00114911
3.35265,0.00215236,0.00112273
3.35362,0.00228993,0.000955567
3.35464,0.00223995,0.00105055
3.35563,0.00224924,0.00101884
3.35666,0.00223623,0.00102653
3.35764,0.00218042,0.00107203
3.35862,0.00218042,0.00107203
3.35966,0.00219174,0.00104118
3.36072,0.00217811,0.0010496
3.36167,0.00212436,0.001072
3.36265,0.00210678,0.0010163
3.36365,0.00208499,0.00106881
3.36468,0.00204957,0.00106061
3.36564,0.00206215,0.00103285
3.36668,0.00204088,0.00109379
3.36771,0.00199811,0.001133
3.36865,0.00200866,0.00110754
3.36965,0.00199447,0.00111264
3.37063,0.00195479,0.00115468
3.37169,0.00196445,0.00112537
3.37259,0.00195083,0.0011352
3.3736,0.00206496,0.00108631
3.37461,0.00207489,0.00106147
3.37569,0.00206087,0.00106772
3.37676,0.00202179,0.00111106
3.37762,0.00203097,0.0010824
3.37866,0.00201144,0.0011428
3.37962,0.00196977,0.00118069
3.38063,0.00197908,0.0011551
3.3817,0.00196492,0.00115985
3.3826,0.00192625,0.00120095
3.38363,0.00193462,0.00117159
3.38462,0.00192106,0.00118119
3.38557,0.00188224,0.00121899
3.38664,0.00189085,0.00119314
3.38769,0.00187716,0.00120246
3.38865,0.00183865,0.00124089
3.38956,0.00184702,0.00121647
3.39065,0.00183311,0.00122314
3.39162,0.00179539,0.00126642
3.39258,0.0017988,0.0012863
3.39358,0.00191917,0.00102874
3.39458,0.00188118,0.00106617
3.39559,0.00188863,0.00104107
3.39666,0.0018745,0.00104535
3.39758,0.00186014,0.00105385
3.39866,0.0018449,0.00105922
3.39966,0.00183029,0.00106995
3.40061,0.00179253,0.00110851
3.40168,0.00179947,0.00108422
3.40274,0.00178557,0.0010908
3.40371,0.00174903,0.00113341
3.40464,0.00175509,0.00110539
3.40593,0.00173956,0.00116342
3.40672,0.00170076,0.00120046
3.40766,0.00170693,0.00117569
3.40872,0.00169267,0.00117994
3.40959,0.00167835,0.00118941
3.41059,0.00164154,0.00122696
3.41159,0.00164714,0.00120267
3.41261,0.00163297,0.00120781
3.41387,0.00175676,0.0010369
3.41466,0.00172053,0.00107544
3.41563,0.00172501,0.00109748
3.41666,0.00170924,0.00110238
3.41773,0.00167418,0.00114287
3.41912,0.00167847,0.00111523
3.41993,0.00164462,0.00110948
3.42082,0.00165016,0.00112725
3.42181,0.00165454,0.00110219
3.42271,0.00164042,0.00110918
3.42386,0.00160607,0.00115311
3.42475,0.00158942,0.00115985
3.42566,0.00157536,0.00121531
3.42669,0.00155832,0.00121902
3.42798,0.00154355,0.00122818
3.42871,0.00154355,0.00122818
3.42968,0.00149271,0.00122894
3.43134,0.00149875,0.001247
3.43169,0.00148368,0.00125566
3.43285,0.00148642,0.00122702
3.43365,0.00161946,0.00104326
3.43467,0.00157197,0.00109512
3.43565,0.00155644,0.00110134
3.43667,0.00154177,0.0011112
3.43765,0.00152602,0.00111596
3.43863,0.00152602,0.00111596
3.43966,0.00149828,0.00117474
3.44068,0.00148499,0.00118396
3.44167,0.00146946,0.00118851
3.44268,0.00145457,0.00119744
3.44367,0.0014392,0.00120252
3.44469,0.0014256,0.00121315
3.44571,0.0014256,0.00121315
3.44666,0.00137859,0.00122204
3.44767,0.00138681,0.00124229
3.44862,0.00135796,0.00128536
3.44967,0.00134388,0.00129267
3.45073,0.00133062,0.00130217
3.45166,0.00133062,0.00130217
3.45269,0.00130378,0.00131769
3.4536,0.0014361,0.00106262
3.45467,0.00143816,0.00103906
3.4557,0.00142536,0.00105032
3.45664,0.00141248,0.00105889
3.45776,0.00138423,0.00110356
3.45872,0.00138445,0.00107845
3.45966,0.00138445,0.00107845
3.46076,0.00135092,0.00108251
3.46165,0.00133985,0.0010749
3.46267,0.00133985,0.0010749
3.46369,0.00131951,0.00115577
3.46466,0.00131951,0.00115577
3.46567,0.00131852,0.0011333
3.46663,0.00131852,0.0011333
3.46768,0.00128384,0.00113503
3.46864,0.00126237,0.00110989
3.46967,0.00124119,0.00108215
3.4707,0.00122849,0.0010979
3.47164,0.00122872,0.00107708
3.47264,0.00120426,0.00112823
3.47366,0.00128435,0.00105912
3.47472,0.00128108,0.00111332
3.47566,0.00126563,0.00112109
3.47664,0.00126513,0.00110377
3.47771,0.00123933,0.00114749
3.47897,0.00122385,0.00116044
3.4797,0.00122204,0.00113887
3.48068,0.00122204,0.00113887
3.4817,0.00119624,0.0011852
3.4827,0.00119336,0.00116319
3.48364,0.00119336,0.00116319
3.48479,0.00114158,0.00118529
3.48571,0.00115031,0.00120449
3.48665,0.00113668,0.00121532
3.48764,0.00114518,0.00123463
3.4887,0.00111852,0.00127588
3.48967,0.00111852,0.00127588
3.49066,0.00109068,0.00125285
3.49168,0.00107546,0.00126555
3.49269,0.00106147,0.00128068
3.49365,0.00115301,0.00112006
3.49466,0.00113733,0.00113253
3.49569,0.00112344,0.0011476
3.49667,0.00112344,0.0011476
3.49767,0.00108406,0.00120516
3.49889,0.00108406,0.00120516
3.49997,0.00109272,0.00121737
3.50066,0.00104621,0.00120404
3.50166,0.00104621,0.00120404
3.50282,0.00103239,0.00121973
3.50361,0.00100958,0.00126148
3.50465,0.00100958,0.00126148
3.50566,0.000963947,0.00125164
3.50667,0.000949864,0.00126613
3.50764,0.000935323,0.00127654
3.50865,0.000921282,0.00129118
3.50965,0.000906571,0.00130166
3.51065,0.000910127,0.00135048
3.51165,0.000895137,0.00135793
3.51264,0.000880483,0.00137128
3.51365,0.000972557,0.00119726
3.51464,0.000957853,0.00121043
3.51565,0.000966213,0.00122235
3.51665,0.000927688,0.00123133
3.51765,0.000911861,0.00124198
3.51859,0.000897131,0.00125517
3.51969,0.000881955,0.00126423
3.52069,0.000867368,0.00127752
3.52166,0.000852142,0.00128671
3.52268,0.000837562,0.00130007
3.52363,0.000822355,0.0013093
3.52463,0.000829036,0.00135535
3.52564,0.000813945,0.00136151
3.52663,0.000798842,0.00137388
3.52766,0.000782987,0.00138204
3.52871,0.000767931,0.00139429
3.52965,0.00075229,0.00140242
3.53065,0.000737329,0.00141478
3.53165,0.000721755,0.00142303
3.53264,0.000721755,0.00142303
3.534,0.000798809,0.00124855
3.53477,0.000783983,0.00126114
3.53582,0.000783983,0.00126114
3.53672,0.000783983,0.00126114
3.5377,0.000787315,0.00132041
3.5391,0.000747842,0.00132938
3.5397,0.000747842,0.00132938
3.54064,0.000713556,0.00131986
3.54162,0.000698862,0.00133031
3.54265,0.000683563,0.0013712
3.54364,0.000668137,0.0013498
3.54463,0.000654485,0.00139339
3.54567,0.000637733,0.00139935
3.54665,0.000621846,0.0013835
3.54766,0.000635841,0.00145245
3.54866,0.000620626,0.00145932
3.54971,0.000603212,0.00143921
3.5507,0.000589994,0.00148086
3.55165,0.000572936,0.00148596
3.5529,0.000572936,0.00148596
3.55369,0.000650717,0.00128102
3.55466,0.000634092,0.0012901
3.55559,0.000618824,0.00130204
3.55667,0.000603038,0.00131051
3.55772,0.0005895,0.00132451
3.55866,0.000577391,0.001361
3.55971,0.000557478,0.00134277
3.56068,0.000542713,0.00135421
3.56166,0.000563375,0.00142278
3.56267,0.000543174,0.00139699
3.56369,0.00053703,0.00140618
3.56465,0.000540197,0.00142722
3.56566,0.000523571,0.00140132
3.56665,0.000508856,0.00140847
3.56786,0.000498733,0.00144468
3.56869,0.000477218,0.00141836
3.56966,0.000462034,0.00142878
3.57068,0.000446706,0.00143331
3.57165,0.000432333,0.00144277
3.57271,0.000417223,0.00144831
3.57367,0.000499154,0.00125851
3.57468,0.000518613,0.00129171
3.57568,0.000505408,0.00129865
3.57667,0.000490177,0.00130486
3.57766,0.000474891,0.00131468
3.57861,0.000459116,0.00132032
3.57965,0.00044411,0.0013302
3.58091,0.000428786,0.00133609
3.58169,0.00041386,0.00134625
3.58264,0.000398268,0.00135238
3.58366,0.000383374,0.00136168
3.5847,0.000392906,0.00136685
3.58563,0.000342034,0.00134696
3.58665,0.000337503,0.00139083
3.58768,0.000362713,0.00142306
3.58862,0.000362713,0.00142306
3.58965,0.000334255,0.00143803
3.59068,0.000315804,0.0014479
3.59163,0.000315804,0.0014479
3.5927,0.000253647,0.0014718
3.59368,0.000353042,0.00127543
3.59464,0.000353042,0.00127543
3.59566,0.000306793,0.00126883
3.59665,0.000305557,0.00131072
3.59763,0.000305557,0.00131072
3.59875,0.000287366,0.00135944
3.59968,0.000297953,0.00136172
3.60063,0.000297953,0.00136172
3.60167,0.000235588,0.00138955
3.60268,0.00020308,0.00137238
3.60377,0.00020308,0.00137238
3.60466,0.000188246,0.00142293
3.60566,0.000200243,0.0014284
3.60696,0.000166425,0.00141169
3.60762,0.000166425,0.00141169
3.60867,0.000169568,0.00149277
3.60967,0.000155248,0.00149738
3.61064,0.000138183,0.00150987
3.6117,0.000120414,0.00151826
3.61264,0.000103739,0.00153064
3.61363,0.000156132,0.00136661
3.61462,0.000139683,0.0013791
3.6157,0.000122584,0.00138753
3.61666,0.000155211,0.00142171
3.61769,0.000138699,0.00142498
3.61863,0.000101939,0.0014123
3.61967,0.000102288,0.00144806
3.62072,6.67978e-05,0.00143333
3.62165,7.0914e-05,0.00147075
3.62262,5.42112e-05,0.00148046
3.62391,5.42112e-05,0.00148046
3.62468,6.65577e-05,0.00148437
3.6258,2.13534e-05,0.00149966
3.62685,1.97176e-05,0.00148514
3.62764,2.28109e-05,0.00155265
3.62902,2.28109e-05,0.00155265
3.63015,3.95242e-05,0.00155657
3.63078,5.02418e-05,0.00156132
3.63223,5.02418e-05,0.00156132
3.63262,4.19475e-05,0.00159577
3.63371,3.17869e-05,0.00137855
3.63466,1.05218e-05,0.00136219
3.63563,4.22383e-06,0.0014012
3.6367,2.11874e-05,0.00144256
3.63764,2.11874e-05,0.00144256
3.63859,9.98817e-06,0.00144489
3.63977,1.00942e-05,0.00145583
3.64076,2.30998e-06,0.00145906
3.64161,0.000101689,0.00145594
3.64262,9.5878e-05,0.00146332
3.64373,0.000109455,0.00147448
3.64467,9.74044e-05,0.00150715
3.6458,0.000143233,0.00149178
3.64676,0.000133016,0.00149635
3.64768,8.58138e-05,0.00155769
3.64864,0.000162779,0.00154307
3.64965,0.000164997,0.00154889
3.65068,0.000209895,0.00154644
3.65164,0.000416261,0.00151143
3.65267,0.000589207,0.00147042
3.65362,0.000606835,0.00127695
3.65468,0.000662976,0.00127245
3.6557,0.000701582,0.00128023
3.65664,0.000701582,0.00128023
3.65766,0.000780368,0.00129083
3.6588,0.000814731,0.0012961
3.65967,0.000881308,0.0013123
3.66063,0.000837935,0.0013375
3.66165,0.000859581,0.00134237
3.66265,0.000889855,0.00134748
3.66365,0.00092167,0.00135519
3.66467,0.00092167,0.00135519
3.66565,0.000967877,0.00137079
3.66665,0.000967877,0.00137079
3.66765,0.00102157,0.00138593
3.66864,0.00102042,0.00138516
3.66963,0.00106656,0.00140439
3.67068,0.00109499,0.00141234
3.67165,0.00111737,0.00142251
3.67267,0.00105403,0.00144689
3.67366,0.000972011,0.00123606
3.67462,0.00101201,0.00125402
3.67563,0.00103798,0.00126693
3.67666,0.00106204,0.00127259
3.67765,0.00113806,0.00125731
3.67864,0.00110284,0.00129394
3.67966,0.00110284,0.00129394
3.68076,0.00117714,0.00127515
3.68162,0.00119524,0.00128769
3.6826,0.00115048,0.00132659
3.68371,0.00122289,0.00130573
3.68468,0.00109444,0.00136322
3.68565,0.00115919,0.00133815
3.68682,0.0011759,0.00135486
3.68774,0.00119232,0.00136385
3.68866,0.0012059,0.00137689
3.68973,0.00121744,0.0013875
3.69065,0.00116728,0.0014269
3.69169,0.00124276,0.00140598
3.69259,0.001257,0.00142361
3.69368,0.00114827,0.00125966
3.69464,0.00122305,0.00124273
3.69571,0.00123949,0.00125541
3.69661,0.00116213,0.00128175
3.69762,0.00116205,0.00128797
3.69873,0.00117098,0.00130275
3.69968,0.00118326,0.00131305
3.70057,0.00119576,0.00132672
3.70168,0.00120429,0.00133795
3.70267,0.00114746,0.00137684
3.7036,0.00122384,0.00135735
3.70465,0.00123844,0.00137433
3.70559,0.00124957,0.00138375
3.7066,0.00125811,0.0013975
3.70761,0.00126449,0.00140888
3.70859,0.00111145,0.00145853
3.70958,0.00117748,0.00143596
3.7106,0.0011899,0.00145435
3.71159,0.00120139,0.00146446
3.71258,0.00121,0.00147846
3.71361,0.00116148,0.00127941
3.71459,0.00109944,0.00131744
3.71564,0.00117692,0.00129936
3.7166,0.0011875,0.00131805
3.71757,0.0011252,0.00135131
3.7186,0.00120187,0.00133726
3.71962,0.00121529,0.00135077
3.72061,0.00112867,0.00137323
3.72158,0.00112506,0.00137934
3.7226,0.00112767,0.00139605
3.72368,0.00106434,0.00142985
3.72465,0.00114186,0.00141707
3.72559,0.00115578,0.0014308
3.7266,0.00116401,0.00144461
3.72761,0.00117117,0.00145479
3.72869,0.0011774,0.00146913
3.72961,0.00118423,0.00147956
3.73066,0.00119,0.00149393
3.73169,0.00119637,0.00150434
3.73264,0.00120163,0.00151871
3.73366,0.0010605,0.00132395
3.73473,0.00105557,0.00133394
3.73564,0.00106086,0.00134553
3.73664,0.00106754,0.00136067
3.73763,0.00107455,0.00137139
3.73868,0.00107758,0.00138723
3.73963,0.00100788,0.00141882
3.74067,0.00108731,0.00140764
3.74169,0.00109701,0.001423
3.74279,0.00102589,0.00145757
3.74389,0.00110632,0.00144243
3.74478,0.00111448,0.00146172
3.74567,0.000940871,0.00149638
3.74668,0.00101181,0.0014806
3.74773,0.00102345,0.00149585
3.74865,0.00103095,0.00151057
3.74968,0.00103688,0.00152115
3.75087,0.00104191,0.00153573
3.75173,0.00104765,0.0015464
3.75275,0.0010494,0.00156225
3.75378,0.000931714,0.00137971
3.75476,0.00101301,0.00137002
3.75563,0.00102479,0.00138433
3.75667,0.00103007,0.00139824
3.75769,0.000928903,0.00141079
3.7587,0.000924241,0.00141982
3.76081,0.000928903,0.00143143
3.76211,8.70175e-05,0.00146283
3.76273,0.000287392,0.0014864
3.76397,0.000388774,0.00150296
3.76465,0.000403061,0.00152131
3.76569,0.000394485,0.00153389
3.76667,0.000428507,0.00153181
3.76766,0.000424438,0.001543
3.76868,0.000467023,0.00157814
3.76986,0.000504424,0.00156822
3.77065,0.00040767,0.00158504
3.7717,0.000447343,0.00162115
3.77272,0.000446977,0.00163543
3.77376,0.000422056,0.00144754
3.77471,0.000469821,0.00148497
3.77567,0.000519216,0.00147581
3.77671,0.000513702,0.00148884
3.77769,0.000456305,0.00151864
3.77865,0.000456305,0.00151864
3.77969,0.000551679,0.00154133
3.78066,0.000546869,0.00155832
3.78166,0.000430171,0.00157155
3.78288,0.000505114,0.00159166
3.78364,0.000453665,0.00159398
3.78532,0.00101149,0.00173536
3.78587,0.00199068,0.00187796
3.78665,0.00199068,0.00187796
3.78772,0.00230287,0.00192558
3.78867,0.00230287,0.00192558
3.78968,0.00211294,0.00195747
3.79067,0.00207641,0.0019743
3.79164,0.00198544,0.00200725
3.79267,0.00198544,0.00200725
3.79363,0.00189144,0.00173106
3.79463,0.00189144,0.00173106
3.79563,0.00181129,0.00172587
3.79663,0.00181129,0.00172587
3.79801,0.00163717,0.00174553
3.7986,0.00144913,0.00176487
3.79966,0.00134804,0.00177105
3.80062,0.00134804,0.00177105
3.80189,0.00128189,0.00177572
3.80261,0.00115341,0.00180447
3.80366,0.00115341,0.00180447
3.80468,0.000980967,0.00182123
3.80565,0.000904963,0.0018348
3.80665,0.000904963,0.0018348
3.80792,0.000846373,0.00183493
3.80908,0.000796159,0.00184354
3.80974,0.000620708,0.00183003
3.81073,0.000555577,0.00184305
3.81166,0.000505971,0.00184388
3.8127,0.000453318,0.00185384
3.81375,0.000414719,0.00172662
3.81468,0.000363134,0.00173779
3.81568,0.000312461,0.0017408
3.81668,0.000397426,0.00173699
3.81777,0.000366521,0.00173431
3.81868,0.000317262,0.00174725
3.81971,0.000262177,0.00175242
3.82084,0.00021218,0.00176524
3.82166,0.000160259,0.00176998
3.82268,0.000115476,0.00178414
3.82383,6.61611e-05,0.00178885
3.82467,6.61611e-05,0.00178885
3.82573,4.0733e-05,0.00182508
3.8267,0.000177409,0.00182392
3.8277,0.000177409,0.00182392
3.8287,9.44472e-05,0.00182377
3.82971,0.000164116,0.00184319
3.83064,0.000305266,0.00184919
3.83203,0.00035653,0.00185873
3.83263,0.000388725,0.00187029
3.83364,0.000363643,0.0016902
3.83467,0.000399287,0.00169321
3.83571,0.000467976,0.00172942
3.83665,0.000496607,0.00170989
3.83766,0.000506152,0.00173929
3.83869,0.000623783,0.00173931
3.83966,0.000623783,0.00173931
3.8408,0.000653789,0.001741
3.84169,0.000624554,0.00172608
3.84263,0.000730744,0.00171512
3.84366,0.000755615,0.00172329
3.84465,0.000716864,0.00174734
3.8456,0.000727794,0.00174681
3.84666,0.000748964,0.00174553
3.8479,0.000624999,0.00173745
3.84866,0.000634512,0.00173078
3.85003,0.000659237,0.00173722
3.85065,0.000684815,0.0017394
3.85168,0.000708656,0.00174564
3.85265,0.000733382,0.00174765
3.85363,0.000775492,0.00166536
3.8547,0.000761882,0.00164575
3.85574,0.000882969,0.00164482
3.85664,0.000882969,0.00164482
3.85799,0.00071638,0.00167282
3.85864,0.00071638,0.00167282
3.85964,0.000840443,0.00166369
3.86064,0.000942086,0.00170473
3.86163,0.000928744,0.00169186
3.86293,0.000928744,0.00169186
3.86365,0.000905325,0.00167295
3.86461,0.00100693,0.00172357
3.86565,0.000978377,0.00158655
3.86666,0.000978377,0.00158655
3.86764,0.00102795,0.00154061
3.86868,0.00101447,0.00154467
3.86965,0.00102766,0.00155033
3.87068,0.000932193,0.00157451
3.87172,0.000911553,0.00156258
3.8727,0.00104479,0.00156084
3.87367,0.00100616,0.0012466
3.87467,0.000902723,0.00127248
3.87567,0.000914481,0.00127029
3.87667,0.00093165,0.00128273
3.87767,0.000951411,0.00128758
3.87862,0.000969062,0.00129939
3.87966,0.000982808,0.00130477
3.88066,0.000999957,0.00131648
3.8817,0.000865487,0.00132153
3.88265,0.000870323,0.00132687
3.88368,0.000884237,0.00133264
3.8848,0.000907692,0.0013435
3.88568,0.000926314,0.00134743
3.88697,0.000940056,0.00136008
3.88767,0.000992611,0.00137486
3.88865,0.000992611,0.00137486
3.88985,0.00101262,0.00138718
3.89067,0.000869161,0.00139142
3.89175,0.000869161,0.00139142
3.89266,0.000871001,0.00139311
3.89377,0.000855755,0.0012018
3.89475,0.000855755,0.0012018
3.89558,0.00122603,0.00122199
3.89663,0.00124865,0.00123638
3.89769,0.00124865,0.00123638
3.89861,0.00126652,0.00124399
3.89962,0.00126652,0.00124399
3.90067,0.00128375,0.00126263
3.90168,0.00116289,0.0012761
3.90264,0.00113878,0.00127286
3.9037,0.00102013,0.00129533
3.9047,0.00102013,0.00129533
3.90566,0.00116132,0.00128183
3.90663,0.00118317,0.00130168
3.90774,0.00106515,0.00131707
3.90864,0.00119324,0.00132413
3.90965,0.00132303,0.00132605
3.91063,0.00136177,0.00136141
3.91178,0.0012901,0.00139204
3.91274,0.00145748,0.00140381
3.91373,0.00128684,0.00119185
3.91487,0.00130166,0.00120639
3.91584,0.00130166,0.00120639
3.91666,0.0013755,0.00124632
3.91765,0.00141101,0.0012612
3.91858,0.00144278,0.0012809
3.91967,0.00147457,0.00129341
3.92066,0.00150773,0.00130998
3.92164,0.00167398,0.00131568
3.92263,0.00156869,0.00134334
3.92362,0.00136475,0.00131935
3.92465,0.00136467,0.00132624
3.92571,0.00139091,0.00133831
3.92662,0.00139091,0.00133831
3.92765,0.00145366,0.00136451
3.92866,0.00148216,0.00137928
3.92963,0.00151155,0.00138731
3.93066,0.00154298,0.00139983
3.93169,0.00156674,0.00140804
3.93265,0.00156674,0.00140804
3.93366,0.00162277,0.00122259
3.93462,0.00148032,0.00123182
3.93573,0.00142104,0.00119906
3.93666,0.00142104,0.00119906
3.93768,0.00143481,0.00120934
3.93864,0.00154414,0.00124998
3.93986,0.00182455,0.00129535
3.94067,0.00179606,0.00127665
3.94161,0.00180118,0.00128106
3.94268,0.00189838,0.00131522
3.94368,0.0020957,0.00132542
3.94464,0.00212315,0.00133428
3.94564,0.00196794,0.00134147
3.94661,0.00173742,0.0013032
3.94771,0.00189058,0.00130213
3.94864,0.00176296,0.00131451
3.94995,0.00177566,0.00131732
3.95075,0.0019609,0.00132079
3.95178,0.0019609,0.00132079
3.95271,0.00183025,0.00133821
3.95381,0.00179611,0.00104861
3.95496,0.00198594,0.00105674
3.95575,0.00194142,0.00103339
3.95664,0.00184825,0.00107195
3.95772,0.00204624,0.00107198
3.95878,0.00207535,0.00108956
3.95963,0.00192253,0.00109073
3.96099,0.0018561,0.00105833
3.96174,0.0018531,0.00105943
3.96263,0.00195178,0.00110358
3.96369,0.00192153,0.00107717
3.96462,0.00192354,0.0010827
3.96562,0.00194255,0.00108585
3.96675,0.00196357,0.00109612
3.96778,0.00198059,0.00110133
3.96865,0.00207673,0.00114498
3.96974,0.00204629,0.00111718
3.97071,0.00179661,0.0010851
3.9716,0.0019604,0.00108002
3.97264,0.00180946,0.00109665
3.97368,0.00181914,0.000892074
3.97465,0.00166293,0.000903948
3.97566,0.00193847,0.000939186
3.97692,0.00192485,0.00092551
3.97764,0.00192514,0.000926228
3.97956,0.00201869,0.000969303
3.98009,0.00199413,0.000942445
3.98084,0.00174173,0.000909385
3.98163,0.00216957,0.000942409
3.9827,0.00178861,0.000931231
3.98381,0.001695,0.000883416
3.98466,0.00175978,0.000927581
3.98568,0.00189415,0.00097676
3.98666,0.00187781,0.00095798
3.98765,0.00187781,0.00095798
3.98864,0.00189929,0.000966798
3.98972,0.00192554,0.000972209
3.99064,0.00194505,0.000983763
3.99166,0.00204293,0.00102306
3.99263,0.00202635,0.00100227
3.99361,0.00208401,0.000885023
3.99463,0.00209576,0.00089391
3.99562,0.00185909,0.000858319
3.99664,0.00184147,0.000856809
3.99765,0.00186547,0.000863012
3.99857,0.00189572,0.000875822
3.99965,0.00192486,0.000882341
4.00063,0.00195215,0.000893588
4.00163,0.00197913,0.000899209
4.00262,0.00200487,0.00090974
4.00365,0.00203039,0.000914753
4.00468,0.00205017,0.000925776
4.0057,0.00207453,0.000930294
4.00665,0.002097,0.00093953
4.00769,0.00212047,0.000943659
4.0095,0.00188175,0.000911814
4.00994,0.00188175,0.000911814
4.01069,0.00185746,0.000903646
4.01167,0.00190802,0.000921556
4.01265,0.00193158,0.000933961
4.01365,0.00192595,0.000697313
4.01466,0.00169695,0.000694582
4.01569,0.00175104,0.00072857
4.01673,0.00182159,0.000749723
4.01771,0.00184056,0.000756973
4.01942,0.00187822,0.000766824
4.02052,0.00189809,0.000768759
4.02129,0.00204985,0.000781953
4.02163,0.00204985,0.000781953
4.02279,0.00155864,0.000734889
4.02375,0.00155864,0.000734889
4.02464,0.0014849,0.00071759
4.02574,0.00145278,0.000732817
4.02664,0.00140776,0.000700326
4.02761,0.00140776,0.000700326
4.02866,0.00137723,0.000731633
4.02976,0.0015686,0.00074725
4.03063,0.00155937,0.000759169
4.03166,0.00131516,0.000750683
4.03264,0.00127908,0.00074738
4.03355,0.00106989,0.000512003
4.03463,0.00106989,0.000512003
4.03566,0.00125145,0.00052086
4.03682,0.00125388,0.000536569
4.03761,0.00102426,0.000531201
4.03868,0.00102426,0.000531201
4.03969,0.00100109,0.000529249
4.04067,0.00121853,0.000555532
4.0417,0.000990002,0.000548944
4.04263,0.000968532,0.00054634
4.04363,0.000968532,0.00054634
4.04464,0.000957824,0.00055586
4.04564,0.000949839,0.000530101
4.04662,0.000723512,0.000527653
4.04765,0.000723512,0.000527653
4.04878,0.000925465,0.000541458
4.04963,0.00094229,0.000553187
4.05067,0.00094229,0.000553187
4.05181,0.00115499,0.000570877
4.05266,0.000939728,0.000576179
4.05379,0.000968467,0.000367538
4.05465,0.000723542,0.00035338
4.05563,0.000946492,0.000372404
4.05657,0.000946492,0.000372404
4.05763,0.000717055,0.000338657
4.05857,0.000697114,0.000332224
4.05973,0.000694928,0.000340824
4.06062,0.00069335,0.000347847
4.06161,0.000704822,0.000387911
4.06263,0.000709247,0.000359397
4.06368,0.000924263,0.000374275
4.06459,0.000931284,0.000386962
4.06558,0.000711461,0.000381731
4.06664,0.000691314,0.000378368
4.06766,0.000689679,0.000382973
4.06862,0.000680944,0.000359172
4.06962,0.00046418,0.000383362
4.07066,0.000448859,0.000353317
4.07167,0.000443472,0.000359172
4.07266,0.000460907,0.000400395
4.07406,0.000497669,0.000165558
4.07465,0.000500518,0.000171111
4.07567,0.000720746,0.000187236
4.07668,0.000517565,0.000191149
4.07763,0.000503543,0.000187679
4.07865,0.000503048,0.000195294
4.07971,0.000503607,0.00020107
4.08064,6.12693e-05,0.000153144
4.08172,0.00025075,0.000154298
4.08275,0.000272943,0.000172368
4.08365,0.000284622,0.000179782
4.08466,0.000289443,0.00018884
4.08606,0.000295896,0.000194393
4.08673,0.000301282,0.000203208
4.08779,0.000307563,0.000208264
4.08906,0.00031252,0.000216479
4.08965,0.00031833,0.000220971
4.09064,0.000322813,0.000228668
4.09189,0.000328134,0.000232681
4.09265,0.000101684,0.00019506
4.09363,0.000125058,1.64787e-05
4.09466,0.000130563,6.58833e-06
4.09565,0.00014044,6.29846e-07
4.09666,0.000147689,1.02389e-05
4.09765,0.000155609,1.59588e-05
4.09859,0.000162245,2.47921e-05
4.09964,0.000169734,2.99067e-05
4.10066,0.000175291,3.81588e-05
4.10164,0.000182218,4.27137e-05
4.10268,0.000187762,5.04326e-05
4.10363,0.000194092,5.45002e-05
4.10468,0.000199023,6.17611e-05
4.10561,2.7886e-05,1.91526e-05
4.10668,4.44957e-05,1.89872e-05
4.10766,3.73394e-05,2.53451e-05
4.10862,2.7997e-05,3.58972e-05
4.10965,1.91698e-05,4.2022e-05
4.11063,1.1889e-05,5.10774e-05
4.11165,3.75848e-06,5.64372e-05
4.11267,3.0112e-06,6.48903e-05
4.11367,5.46535e-05,0.000138062
4.11473,6.0788e-05,0.000130167
4.11563,6.0788e-05,0.000130167
4.11663,6.34718e-05,0.000124809
4.11765,7.40136e-05,8.43801e-05
4.11862,8.59328e-05,8.00295e-05
4.11967,9.18502e-05,7.50694e-05
4.12067,9.18502e-05,7.50694e-05
4.12164,0.000102446,7.4772e-05
4.12265,0.000341184,5.38319e-05
4.12363,0.000358708,4.47166e-05
4.12464,0.000359397,4.18565e-05
4.12565,0.000354302,1.06353e-05
4.12665,0.000354302,1.06353e-05
4.12766,0.000357001,7.15802e-06
4.12869,0.000356921,9.17479e-06
4.12965,0.000356921,9.17479e-06
4.13066,0.000599151,1.02769e-05
4.13162,0.000374226,3.94142e-06
4.13264,0.000592351,8.33826e-06
4.13364,0.000542068,0.000293934
4.13465,0.000542068,0.000293934
4.13577,0.00052504,0.000261969
4.13666,0.00052504,0.000261969
4.1377,0.000520248,0.00026507
4.13867,0.000754328,0.000215402
4.13972,0.000754328,0.000215402
4.14066,0.00102518,0.000191325
4.14163,0.00101897,0.000161882
4.14314,0.00126841,0.000146764
4.1436,0.0010196,0.00020227
4.14465,0.00097311,0.000218356
4.14564,0.000948504,0.000226977
4.14676,0.000927434,0.000229842
4.14766,0.00090591,0.000236291
4.14868,0.000882808,0.000239103
4.14969,0.000860671,0.000244941
4.15071,0.000837287,0.000247062
4.15178,0.000814883,0.000252263
4.15265,0.000791241,0.000253817
4.15369,0.000915371,0.000291413
4.15465,0.00064508,0.000345119
4.15568,0.000600001,0.000356404
4.15671,0.000578452,0.000353747
4.15764,0.000584298,0.000387021
4.15922,0.000802598,0.000329704
4.15966,0.000539202,0.000342107
4.16092,0.000502547,0.00034866
4.16182,0.000742578,0.000326281
4.16268,0.000476339,0.00033775
4.16432,0.000436507,0.000347446
4.16499,0.000409533,0.000343816
4.16567,0.000148348,0.000396629
4.16663,0.000107856,0.000400528
4.16769,9.27987e-05,0.000397563
4.16866,8.04499e-05,0.000390209
4.16963,5.40284e-05,0.000353729
4.17078,4.54621e-05,0.000347559
4.17211,3.94997e-05,0.000347936
4.17266,3.74796e-05,0.000375518
4.17365,0.000177246,0.000385299
4.17464,0.000172531,0.000380692
4.17569,0.000172531,0.000380692
4.17663,0.00017249,0.000411454
4.17763,0.000114479,0.000468424
4.17874,0.000130125,0.0004401
4.17966,0.000134769,0.000428147
4.18068,0.000127667,0.000475372
4.18158,0.000127667,0.000475372
4.18256,7.82019e-05,0.000424092
4.18365,0.000412349,0.000483602
4.18495,0.000232778,0.000407802
4.18566,3.99665e-05,0.000367813
4.18662,6.05337e-05,0.000357323
4.18764,4.31329e-05,0.000354168
4.18865,0.000471114,0.000433742
4.18965,0.000269238,0.000421001
4.19063,0.000261653,0.00037612
4.19189,0.00024844,0.000402807
4.19269,3.66131e-06,0.000379347
4.19386,5.87749e-05,0.00072351
4.19472,0.000588455,0.000769854
4.19563,0.000379199,0.000757303
4.19665,0.000369368,0.000744333
4.19769,0.000378574,0.000739029
4.19858,0.000385989,0.000734985
4.19968,0.000395969,0.000732913
4.20066,0.000654499,0.000782166
4.20163,0.000701907,0.000754754
4.20264,0.000685773,0.000779702
4.20367,0.000692765,0.000774551
4.20469,0.000703986,0.000765838
4.20565,0.000717243,0.00072877
4.20665,0.000707172,0.00075385
4.20763,0.000716611,0.00075068
4.20862,0.000728616,0.00074309
4.20964,0.00074372,0.000707283
4.21062,0.000737543,0.000731843
4.21162,0.000743072,0.000730491
4.21263,0.000993256,0.000781031
4.21363,0.000955486,0.000990077
4.21465,0.000966115,0.000979426
4.21565,0.00096766,0.000971889
4.21667,0.000971775,0.000962311
4.21763,0.000971775,0.000962311
4.21864,0.000979584,0.000947475
4.21968,0.0012235,0.000998555
4.22065,0.00124988,0.000997049
4.22167,0.00125802,0.000955092
4.22266,0.00124467,0.000976388
4.22362,0.00125521,0.000937151
4.22473,0.00125521,0.000937151
4.22602,0.00124783,0.000958732
4.22662,0.00125496,0.000921416
4.22765,0.00124703,0.000912444
4.22876,0.00124095,0.000938808
4.22965,0.00125148,0.000900552
4.23063,0.00123318,0.00092812
4.23167,0.000996363,0.000893456
4.23264,0.00148359,0.000932047
4.23386,0.00120214,0.00111006
4.23474,0.00118717,0.00109665
4.23567,0.00118597,0.00108757
4.23669,0.00118986,0.00108338
4.23775,0.00119421,0.00107603
4.23859,0.00119421,0.00107603
4.23968,0.00121608,0.00103288
4.24109,0.00119592,0.00106149
4.24164,0.000957367,0.00102691
4.24263,0.000957367,0.00102691
4.24363,0.00145531,0.00107137
4.24463,0.00150421,0.00108084
4.24565,0.00150421,0.00108084
4.24664,0.0012598,0.00101577
4.24763,0.000994273,0.000940041
4.24861,0.000978577,0.000932586
4.24961,0.000978577,0.000932586
4.25064,0.000993184,0.000933857
4.25164,0.000999729,0.000938282
4.25262,0.000749443,0.000905921
4.25363,0.000689761,0.00106965
4.25466,0.000947891,0.0010946
4.25567,0.000986467,0.00110598
4.25666,0.000986467,0.00110598
4.25767,0.000754803,0.00104394
4.25858,0.000754803,0.00104394
4.25968,0.000742318,0.00103791
4.26065,0.000518266,0.000979601
4.26162,0.000232924,0.000946452
4.26274,0.000229835,0.000945479
4.26372,2.69238e-05,0.000922133
4.26468,1.44137e-05,0.000921394
4.26562,0.000557068,0.00103139
4.26666,0.0268936,0.0275123
4.26778,0.0367703,0.0100392
4.26874,0.0363361,0.00854748
4.26998,0.0350664,0.00786209
4.27062,0.033925,0.00749478
4.27168,0.0330941,0.00739703
4.27274,0.032306,0.00715372
4.27365,0.0315889,0.00670011
4.27463,0.0309351,0.00647588
4.27571,0.030315,0.00626553
4.27664,0.0297365,0.00606691
4.27772,0.0291915,0.00587994
4.27872,0.0286751,0.00570106
4.2798,0.0281841,0.00553202
4.28066,0.0275687,0.00479566
4.28164,0.0275687,0.00479566
4.2827,0.0270348,0.0043548
4.28364,0.0266888,0.00428485
4.28464,0.0263132,0.00420535
4.28564,0.0263132,0.00420535
4.28675,0.0253939,0.00408588
4.28766,0.0251696,0.00430083
4.28863,0.0251696,0.00430083
4.28968,0.0242453,0.00392887
4.29065,0.0239277,0.00380062
4.29167,0.02364,0.00371053
4.29263,0.02364,0.00371053
4.29363,0.0233225,0.00356048
4.2947,0.023233,0.00354289
4.29564,0.0231802,0.00350689
4.2968,0.0229062,0.00340897
4.29763,0.0229062,0.00340897
4.29868,0.0229062,0.00340897
4.29966,0.0224226,0.00326074
4.30062,0.0224233,0.00326064
4.30167,0.021861,0.00313145
4.30264,0.0215634,0.00306429
4.30365,0.0215634,0.00306429
4.30502,0.0212905,0.00298511
4.30563,0.0212905,0.00298511
4.30661,0.0210172,0.00290581
4.30766,0.0207435,0.00283248
4.30861,0.0206884,0.00281073
4.30965,0.0202386,0.00267071
4.31078,0.0201714,0.00266199
4.31168,0.0196963,0.00253081
4.31274,0.0194114,0.0024738
4.31366,0.0194752,0.00231093
4.31469,0.0192118,0.00224661
4.31568,0.0189506,0.00217971
4.31666,0.0188763,0.00216765
4.31763,0.018627,0.00209317
4.31856,0.0183904,0.00203089
4.31974,0.0179195,0.00192436
4.32086,0.017649,0.00187917
4.32166,0.0174004,0.00182014
4.32265,0.0174004,0.00182014
4.32379,0.0171533,0.00176619
4.32464,0.016908,0.00170983
4.32568,0.016643,0.00163728
4.32665,0.0166002,0.00160036
4.32764,0.0161982,0.00150366
4.32866,0.0159441,0.00146076
4.32969,0.015902,0.00145104
4.33089,0.015902,0.00145104
4.33166,0.0152509,0.00131646
4.33261,0.0151972,0.00131057
4.33378,0.0151464,0.00123646
4.33462,0.0147588,0.00114854
4.33567,0.0145381,0.00111856
4.33694,0.0141065,0.00104617
4.33771,0.0138736,0.00102085
4.3387,0.0136622,0.000979215
4.33968,0.0134521,0.000946666
4.34065,0.0134155,0.000932883
4.34164,0.0130471,0.000870621
4.34274,0.0128276,0.000841955
4.34365,0.0126268,0.00081411
4.34466,0.0126268,0.00081411
4.34565,0.0122406,0.000747009
4.34678,0.0121971,0.000741045
4.34774,0.0119933,0.000710781
4.34904,0.0116758,0.00065629
4.34968,0.0114445,0.000642538
4.35086,0.0114115,0.000632194
4.3519,0.0111058,0.000584285
4.35262,0.0110647,0.000579473
4.35366,0.0107457,0.000504227
4.35467,0.0107457,0.000504227
4.35561,0.0105152,0.00048252
4.35662,0.0103526,0.000451389
4.35766,0.0103526,0.000451389
4.35861,0.0100734,0.000416869
4.35968,0.0100223,0.000413295
4.36072,0.00985376,0.000367105
4.36166,0.00975059,0.000220996
4.36275,0.00979437,0.000285863
4.36377,0.00963927,0.000307421
4.36467,0.0093708,0.00030276
4.36565,0.00931775,0.000292545
4.36674,0.0091591,0.000296983
4.36768,0.00890836,0.000299712
4.36867,0.0088606,0.000291488
4.36966,0.00871034,0.000295564
4.3707,0.00857729,0.000297203
4.37182,0.0084343,0.000293788
4.37265,0.00829341,0.000296191
4.37363,0.00815339,0.000310859
4.37465,0.00801721,0.000313266
4.37576,0.00788359,0.000309149
4.37665,0.00775223,0.000311429
4.37764,0.00762341,0.000307142
4.37859,0.00749672,0.000309271
4.37967,0.00737245,0.000304768
4.38066,0.00725023,0.000306728
4.38166,0.00713036,0.000301996
4.38261,0.00701264,0.000303847
4.38363,0.00701264,0.000303847
4.38469,0.00678365,0.000300603
4.38565,0.00667255,0.000295562
4.38694,0.0065631,0.000295132
4.38761,0.00653472,0.000294724
4.38878,0.00628127,0.000295453
4.38965,0.00615839,0.000286941
4.39063,0.00615839,0.000286941
4.39217,0.00597288,0.000288726
4.39279,0.00587847,0.000278239
4.39375,0.00577949,0.000291025
4.39469,0.00568977,0.000285542
4.39563,0.00560173,0.000286979
4.39663,0.0055155,0.000281434
4.39764,0.00543099,0.000282803
4.39872,0.00534814,0.000277168
4.39969,0.0052671,0.000278567
4.40065,0.00525108,0.000272736
4.40164,0.00516537,0.00027804
4.40262,0.00509183,0.00027124
4.40364,0.00496392,0.00027036
4.40464,0.00493973,0.000267355
4.40565,0.00481271,0.000264822
4.40668,0.00474178,0.000262645
4.40765,0.00471891,0.000257469
4.40867,0.00460526,0.00026173
4.40965,0.00460526,0.00026173
4.41083,0.00453901,0.00025282
4.41169,0.00451735,0.000254788
4.41268,0.00445696,0.000251825
4.41405,0.00439722,0.000259192
4.41469,0.00433447,0.000253328
4.41565,0.00427256,0.000254571
4.4167,0.00421292,0.000248859
4.41778,0.00419699,0.000250637
4.41867,0.00405906,0.00024693
4.41971,0.00404111,0.000243692
4.42075,0.00398864,0.000240567
4.42185,0.00393285,0.000242607
4.4228,0.0038801,0.000236576
4.42367,0.00382801,0.000235962
4.4247,0.00377841,0.000236604
4.42569,0.00369467,0.000230354
4.42673,0.00367877,0.00023035
4.42769,0.00363262,0.000227029
4.42869,0.00358992,0.000228756
4.42967,0.00354549,0.000223159
4.43065,0.0035015,0.000225057
4.43177,0.00345888,0.000219385
4.43266,0.00341741,0.000221586
4.4337,0.00337643,0.000219689
4.43463,0.00333603,0.000221663
4.43562,0.00329816,0.000216349
4.43663,0.0032595,0.000218393
4.43764,0.00322261,0.000212848
4.43856,0.00318641,0.00021523
4.43962,0.00314955,0.000209755
4.44064,0.00310819,0.000219919
4.44163,0.00306032,0.000232944
4.44268,0.00302966,0.000233008
4.44362,0.00299791,0.000234671
4.44462,0.00296723,0.000228205
4.44563,0.00293778,0.000230312
4.44664,0.0029095,0.000224379
4.44774,0.00287982,0.000226708
4.44863,0.00285256,0.000220269
4.44965,0.00282523,0.000222606
4.45063,0.0027992,0.000216486
4.45165,0.00277216,0.000218961
4.45261,0.00274648,0.000212684
4.45363,0.00272095,0.00021733
4.45463,0.00269706,0.00021143
4.45561,0.00267249,0.000213949
4.45667,0.00264947,0.000207961
4.45762,0.00262602,0.000210544
4.45858,0.00260459,0.00020478
4.45962,0.00256672,0.000207253
4.46067,0.00256009,0.00020045
4.46163,0.00252585,0.000201493
4.46264,0.00251969,0.000202593
4.46365,0.00248696,0.000196719
4.46465,0.00246679,0.000198798
4.46563,0.00244959,0.000193076
4.46661,0.00242928,0.000194355
4.46763,0.00231893,0.000173416
4.46862,0.00218114,0.000147543
4.46963,0.00213396,0.000114356
4.47062,0.0021282,0.00012
4.47166,0.00213243,0.000119915
4.47266,0.00208959,0.000126952
4.47403,0.00201784,0.000124796
4.47493,0.00201789,0.000125535
4.47597,0.00203503,0.000134676
4.47661,0.00200909,0.000127109
4.47762,0.00198279,0.000120307
4.47889,0.00196466,0.000125606
4.47979,0.00194618,0.000119991
4.48066,0.00194618,0.000119991
4.48181,0.00187926,0.000130159
4.48272,0.00187926,0.000130159
4.48368,0.00189235,0.000118411
4.48478,0.00190099,0.000123017
4.48606,0.00186476,0.000114409
4.4867,0.00192076,9.40898e-05
4.48763,0.00190885,0.000102752
4.48869,0.00190885,0.000102752
4.48966,0.00189515,0.000107521
4.49081,0.00188555,0.000113214
4.49165,0.00188555,0.000113214
4.49263,0.0018426,0.000123068
4.49365,0.00182311,0.000124269
4.49466,0.00182311,0.000124269
4.49568,0.00179407,0.000129722
4.49661,0.00178364,0.0001343
4.49767,0.00178364,0.0001343
4.49858,0.0017695,0.000136985
4.49961,0.00176494,0.000135258
4.50065,0.00176031,0.000138224
4.50165,0.00175757,0.000136152
4.50279,0.00175511,0.00013924
4.50364,0.0017536,0.000136943
4.50463,0.00175194,0.000139868
4.50566,0.00175116,0.000137432
4.50665,0.00175012,0.000140245
4.50761,0.00174966,0.000137737
4.50862,0.00174897,0.000140481
4.50964,0.00174884,0.000137914
4.51062,0.00174825,0.00014063
4.51162,0.0017483,0.000138026
4.51261,0.00174791,0.000140711
4.51363,0.00174786,0.000138136
4.51461,0.00174757,0.000140804
4.51563,0.00174774,0.00013817
4.51663,0.00174739,0.000140842
4.51761,0.0017476,0.000138197
4.51856,0.00174738,0.000140853
4.51962,0.00174754,0.00013821
4.52062,0.00174729,0.000140869
4.52161,0.00174754,0.000138214
4.5226,0.00174723,0.000140879
4.52361,0.00174746,0.000139587
4.52462,0.00174752,0.000138142
4.52564,0.00174719,0.000140908
4.52673,0.00174746,0.000138223
4.52767,0.00174729,0.000140867
4.52869,0.00174751,0.000138224
4.5296,0.00174722,0.000140877
4.5306,0.00174751,0.000138223
4.53163,0.00174729,0.000140868
4.53263,0.00174747,0.000138227
4.5336,0.00174717,0.000140906
4.53462,0.00174743,0.00013826
4.53563,0.00174714,0.000140909
4.53665,0.0017474,0.000138261
4.53764,0.00174722,0.000140899
4.53854,0.00174741,0.000138259
4.53962,0.00174716,0.000140903
4.54065,0.00174746,0.000138252
4.54165,0.00174718,0.0001409
4.54262,0.0017474,0.000138255
4.54362,0.00174723,0.000140892
4.54468,0.00174745,0.000138249
4.54563,0.00174717,0.000140899
4.54658,0.00174745,0.000138246
4.54778,0.00174724,0.00014089
4.54865,0.0017474,0.00013825
4.54961,0.00174725,0.000140888
4.55065,0.00174747,0.00013824
4.55171,0.00174721,0.000140891
4.5527,0.00174721,0.000140891
4.55381,0.00174718,0.000140901
4.55461,0.0017474,0.000138249
4.55567,0.00174724,0.000140894
4.55687,0.00174743,0.000138245
4.558,0.00174718,0.000140899
4.55896,0.00174748,0.000138236
4.55973,0.0017472,0.000140896
4.56071,0.00174741,0.000139606
4.56173,0.00174741,0.000139606
4.56263,0.00174745,0.00013816
4.56363,0.00174744,0.000138235
4.5647,0.00174744,0.000138235
4.56559,0.00174724,0.000140881
4.56662,0.00174725,0.000140882
4.56766,0.00174725,0.000140882
4.56868,0.00174746,0.000138235
4.56961,0.00174745,0.000138236
4.57062,0.00174724,0.000140877
4.57161,0.00174754,0.000138226
4.57262,0.00174726,0.000140874
4.57366,0.00174715,0.000140913
4.57462,0.00174737,0.000138268
4.57561,0.00174716,0.00014091
4.5768,0.00174739,0.000138266
4.57768,0.00174739,0.000138266
4.57865,0.00174744,0.000138258
4.57966,0.00174719,0.000140904
4.5806,0.00174751,0.000138257
4.58171,0.00174726,0.000140903
4.58264,0.00174753,0.000138253
4.58365,0.00174729,0.000140898
4.58468,0.00174753,0.000138251
4.58575,0.00174729,0.000140897
4.58661,0.00174751,0.000138251
4.58775,0.00174729,0.000140895
4.58914,0.00174756,0.000138243
4.58963,0.00174728,0.000140897
4.59064,0.00174757,0.000138241
4.59164,0.00174733,0.000140891
4.59267,0.00174758,0.000138236
4.59361,0.00174727,0.000140912
4.59458,0.00174747,0.000138263
4.59562,0.00174725,0.000140914
4.59665,0.00174749,0.000138258
4.59762,0.00174728,0.000140909
4.59862,0.00174749,0.000138256
4.59976,0.00174724,0.000140913
4.60069,0.00174748,0.000139619
4.6017,0.00174749,0.000138177
4.60271,0.00174726,0.00014093
4.60372,0.00174754,0.000138244
4.60466,0.00174725,0.000140901
4.60577,0.0017475,0.000138253
4.60713,0.00174731,0.000140896
4.60765,0.00174754,0.000138248
4.60877,0.00174731,0.000140894
4.60984,0.00174754,0.000138246
4.61069,0.00174732,0.000140891
4.61168,0.00174755,0.000138245
4.61287,0.00174733,0.000140889
4.6137,0.00174746,0.000138272
4.61465,0.00174727,0.00014091
4.61562,0.00174752,0.000138264
4.61666,0.00174725,0.000140911
4.61765,0.00174749,0.000138265
4.6186,0.00174727,0.000140908
4.61967,0.00174751,0.000138262
4.6207,0.00174728,0.000140905
4.62168,0.00174752,0.000138259
4.62267,0.00174728,0.000140903
4.62388,0.00174752,0.000138256
4.62471,0.00174729,0.000140901
4.62573,0.00174753,0.000138253
4.62666,0.0017473,0.0001409
4.62767,0.00174754,0.00013825
4.62865,0.00174731,0.000140898
4.62968,0.00174755,0.000138246
4.6307,0.00174731,0.000140896
4.63167,0.00174755,0.000138243
4.63265,0.00174732,0.000140895
4.63362,0.00174748,0.000138265
4.63464,0.00174725,0.000140918
4.63576,0.00174749,0.000138262
4.63663,0.00174726,0.000140917
4.63764,0.00174745,0.000139627
4.63859,0.00174747,0.000138184
4.63966,0.00174725,0.000140938
4.64064,0.00174752,0.000138255
4.64161,0.00174729,0.000140905
4.64265,0.00174754,0.000138256
4.64363,0.00174731,0.000140904
4.64462,0.00174755,0.000138255
4.64564,0.00174732,0.000140901
4.64665,0.00174756,0.000138253
4.64766,0.00174733,0.000140898
4.64863,0.00174755,0.000138253
4.64964,0.00174735,0.000140893
4.65067,0.00174758,0.000138249
4.65164,0.00174734,0.000140892
4.65263,0.00174758,0.000138247
4.65361,0.00174727,0.000140915
4.65482,0.00174751,0.00013827
4.65564,0.00174728,0.000140913
4.65664,0.00174752,0.000138266
4.65787,0.00174729,0.00014091
4.65902,0.00174753,0.000138264
4.65978,0.00174729,0.000140908
4.6607,0.00174753,0.000138261
4.66165,0.0017473,0.000140906
4.66259,0.0017473,0.000140906
4.66365,0.00174731,0.000140904
4.66464,0.00174755,0.000138255
4.66564,0.00174729,0.000140905
4.66661,0.00174757,0.00013825
4.66762,0.00174735,0.000140898
4.6686,0.00174755,0.00013825
4.66959,0.00174732,0.0001409
4.67066,0.00174757,0.000138245
4.67175,0.00174732,0.0001409
4.67261,0.00174732,0.0001409
4.67384,0.00174727,0.000140922
4.67465,0.00174747,0.000139634
4.6756,0.00174747,0.000139634
4.67662,0.00174725,0.000140946
4.67763,0.00174749,0.000138262
4.67861,0.00174728,0.000140911
4.67964,0.00174753,0.000138262
4.68067,0.0017473,0.000140911
4.68163,0.00174754,0.000138262
4.68262,0.0017473,0.000140908
4.68362,0.00174754,0.000138259
4.68462,0.00174731,0.000140904
4.6856,0.00174755,0.000138258
4.68661,0.00174732,0.000140901
4.68773,0.00174756,0.000138256
4.68866,0.00174733,0.000140898
4.68971,0.00174757,0.000138254
4.69062,0.00174734,0.000140896
4.69163,0.00174757,0.000138251
4.69264,0.00174757,0.000138251
4.69365,0.00174747,0.000138287
4.69462,0.00174725,0.00014093
4.69573,0.00174746,0.000138286
4.69666,0.00174727,0.000140926
4.69761,0.00174752,0.000138279
4.69866,0.00174722,0.00014093
4.69961,0.00174751,0.000138277
4.70063,0.00174751,0.000138277
4.7017,0.00174751,0.000138275
4.70262,0.00174728,0.000140923
4.70367,0.00174751,0.000138272
4.70475,0.00174731,0.000140918
4.70565,0.00174731,0.000140918
4.70665,0.0017475,0.00013827
4.70766,0.0017475,0.00013827
4.70862,0.00174726,0.000140922
4.70964,0.00174754,0.000138264
4.71069,0.00174754,0.000138264
4.71163,0.00174728,0.000140919
4.71264,0.00174755,0.00013826
4.71363,0.00174752,0.000138267
4.71469,0.00174726,0.000140924
4.71565,0.00174726,0.000140924
4.71662,0.00174751,0.000138266
4.71763,0.00174751,0.000138266
4.71857,0.00174728,0.000140921
4.71967,0.00174746,0.000139634
4.72065,0.00174747,0.000139631
4.72183,0.00174757,0.000138179
4.72264,0.00174757,0.000138179
4.72364,0.00174754,0.000138256
4.72487,0.00174731,0.000140906
4.72565,0.00174755,0.000138258
4.72666,0.00174732,0.000140906
4.72763,0.00174756,0.000138257
4.72862,0.00174733,0.000140902
4.72962,0.00174755,0.000138257
4.73062,0.00174735,0.000140897
4.73164,0.00174758,0.000138253
4.73264,0.00174735,0.000140896
4.73363,0.00174752,0.000138273
4.73463,0.00174729,0.000140915
4.73562,0.00174752,0.000138271
4.73663,0.0017473,0.000140913
4.73764,0.00174753,0.000138268
4.73863,0.0017473,0.000140911
4.73964,0.00174754,0.000138265
4.74068,0.00174731,0.000140909
4.74162,0.00174755,0.000138263
4.74264,0.00174732,0.000140907
4.74366,0.00174756,0.00013826
4.74463,0.00174733,0.000140905
4.74562,0.00174756,0.000138257
4.74682,0.00174733,0.000140903
4.74765,0.00174757,0.000138254
4.74862,0.00174735,0.000140902
4.74965,0.00174756,0.000138253
4.75074,0.00174737,0.000140898
4.75166,0.00174761,0.000138244
4.75266,0.00174734,0.000140899
4.75361,0.00174751,0.00013827
4.75466,0.00174729,0.000140922
4.75563,0.00174752,0.000138266
4.75663,0.0017473,0.00014092
4.75768,0.00174749,0.000139632
4.75861,0.00174753,0.000138185
4.75975,0.00174727,0.000140943
4.76069,0.00174752,0.00013826
4.76167,0.00174731,0.000140908
4.76267,0.00174755,0.000138261
4.7637,0.00174755,0.000138261
4.76465,0.00174758,0.000138258
4.76578,0.00174734,0.000140905
4.76682,0.00174734,0.000140905
4.76787,0.00174755,0.000138259
4.76942,0.00174737,0.000140897
4.76964,0.00174757,0.000138257
4.77062,0.00174732,0.000140901
4.77166,0.0017476,0.000138252
4.77261,0.00174736,0.000140895
4.77365,0.00174755,0.00013826
4.77466,0.00174755,0.00013826
4.77583,0.00174732,0.000140903
4.77666,0.00174756,0.000138259
4.77769,0.00174731,0.000140904
4.77873,0.00174731,0.000140904
4.77965,0.00174756,0.000138256
4.78064,0.00174755,0.000138264
4.78165,0.00174735,0.000140904
4.78285,0.00174755,0.000138262
4.78371,0.00174755,0.000138262
4.78476,0.00174733,0.000140905
4.78564,0.00174759,0.000138256
4.78665,0.00174735,0.000140902
4.78774,0.00174756,0.000138257
4.78862,0.00174734,0.000140902
4.78962,0.0017476,0.000138249
4.79063,0.00174736,0.000140898
4.79164,0.00174761,0.000138247
4.79261,0.00174733,0.000140902
4.79363,0.00174723,0.000140935
4.79463,0.00174749,0.00013828
4.79562,0.0017473,0.000140927
4.79662,0.0017475,0.000138277
4.79761,0.0017473,0.000140926
4.79853,0.00174753,0.000138272
4.79959,0.00174729,0.000140926
4.80061,0.00174753,0.000138269
4.80162,0.0017473,0.000140925
4.80261,0.00174749,0.000139635
4.80397,0.00174753,0.000138189
4.80487,0.00174727,0.000140946
4.80562,0.0017475,0.000138266
4.80662,0.0017473,0.000140912
4.80763,0.00174755,0.000138264
4.80863,0.00174733,0.000140911
4.80963,0.00174759,0.000138261
4.81065,0.00174734,0.000140907
4.81164,0.00174757,0.000138261
4.81271,0.00174734,0.000140905
4.81384,0.0017475,0.000138286
4.81462,0.00174727,0.000140929
4.81568,0.00174751,0.000138284
4.81665,0.00174728,0.000140927
4.81763,0.00174752,0.000138281
4.81864,0.00174725,0.000140928
4.81963,0.00174756,0.000138275
4.82061,0.00174733,0.000140919
4.82163,0.0017475,0.00013828
4.82267,0.00174731,0.000140918
4.82364,0.00174756,0.000138271
4.82465,0.0017473,0.000140919
4.82577,0.0017473,0.000140919
4.82665,0.00174754,0.000138271
4.8276,0.00174754,0.00013827
4.82866,0.00174754,0.00013827
4.82963,0.00174734,0.000140912
4.8306,0.0017473,0.000140916
4.83163,0.0017473,0.000140916
4.83262,0.0017473,0.000140916
4.83363,0.00174749,0.000138284
4.83496,0.00174729,0.000140931
4.83577,0.0017475,0.000138282
4.83663,0.0017473,0.000140929
4.8379,0.00174753,0.000138277
4.83866,0.00174729,0.00014093
4.83974,0.00174753,0.000138274
4.84064,0.00174751,0.00013827
4.84164,0.00174727,0.000140925
4.84265,0.00174727,0.000140925
4.84362,0.00174747,0.000139636
4.84461,0.00174747,0.000139636
4.84562,0.00174749,0.000138192
4.84663,0.00174725,0.000140948
4.84765,0.00174725,0.000140948
4.84863,0.00174731,0.000140911
4.84964,0.00174754,0.000138264
4.8506,0.0017473,0.000140913
4.85161,0.00174754,0.000138264
4.85261,0.00174731,0.000140909
4.85361,0.00174748,0.000138284
4.85462,0.00174725,0.000140928
4.8556,0.00174749,0.000138282
4.85663,0.00174726,0.000140925
4.85763,0.0017475,0.00013828
4.85859,0.00174727,0.000140923
4.85962,0.0017475,0.000138278
4.8606,0.00174728,0.00014092
4.86161,0.00174751,0.000138275
4.86263,0.00174728,0.000140918
4.86363,0.00174752,0.000138273
4.86461,0.00174729,0.000140916
4.86561,0.00174753,0.00013827
4.86662,0.0017473,0.000140914
4.8676,0.00174751,0.000138269
4.86859,0.00174732,0.00014091
4.86964,0.00174755,0.000138264
4.87061,0.00174732,0.00014091
4.87161,0.00174755,0.000138261
4.87264,0.00174732,0.000140908
4.87363,0.00174746,0.000138285
4.87462,0.00174725,0.000140932
4.87564,0.00174751,0.000138278
4.87662,0.00174727,0.00014093
4.87762,0.0017475,0.000138276
4.87854,0.00174727,0.000140929
4.87963,0.0017475,0.000138273
4.88069,0.00174727,0.000140927
4.8817,0.00174747,0.00013964
4.88264,0.00174751,0.000138192
4.8837,0.00174725,0.00014095
4.88465,0.00174752,0.000138265
4.886,0.00174727,0.000140918
4.88663,0.00174752,0.000138268
4.88762,0.0017473,0.000140916
4.88861,0.00174754,0.000138267
4.88963,0.00174731,0.000140912
4.89065,0.00174755,0.000138265
4.89164,0.00174732,0.000140909
4.89272,0.00174756,0.000138263
4.89364,0.00174725,0.000140931
4.89462,0.00174748,0.000138286
4.89562,0.00174726,0.000140928
4.89664,0.00174749,0.000138284
4.89766,0.00174726,0.000140926
4.89865,0.0017475,0.000138281
4.89986,0.00174727,0.000140924
4.90062,0.00174751,0.000138279
4.90161,0.00174728,0.000140921
4.90286,0.00174752,0.000138276
4.90365,0.00174729,0.000140919
4.90465,0.00174752,0.000138273
4.90569,0.0017473,0.000140918
4.90665,0.00174751,0.000138272
4.90761,0.00174732,0.000140914
4.90891,0.00174757,0.000138265
4.90966,0.00174727,0.000140918
4.91064,0.00174756,0.000138262
4.91167,0.00174735,0.00014091
4.91262,0.00174752,0.000138264
4.91362,0.00174726,0.000140934
4.91472,0.0017475,0.000138282
4.91561,0.00174724,0.000140936
4.91661,0.00174754,0.000138275
4.91757,0.00174726,0.000140934
4.91858,0.00174748,0.000138277
4.91954,0.00174731,0.000140927
4.92059,0.00174753,0.000139638
4.9216,0.00174753,0.000139638
4.92262,0.00174752,0.000138198
4.92359,0.00174731,0.000140949
4.92456,0.00174758,0.000138266
4.92561,0.0017473,0.00014092
4.92661,0.00174757,0.000138269
4.92766,0.00174739,0.000140911
4.92869,0.00174756,0.000138271
4.92963,0.00174735,0.000140914
4.93062,0.00174762,0.000138264
4.93167,0.00174737,0.000140909
4.93264,0.00174763,0.000138261
4.93362,0.00174728,0.000140934
4.93461,0.00174751,0.000138289
4.93564,0.00174732,0.000140928
4.93666,0.00174755,0.000138284
4.93763,0.00174731,0.000140926
4.93866,0.00174755,0.000138282
4.93958,0.00174732,0.000140925
4.9406,0.00174732,0.000140925
4.94175,0.00174733,0.000140922
4.94266,0.00174757,0.000138277
4.94361,0.00174731,0.000140923
4.94472,0.00174731,0.000140923
4.94562,0.00174739,0.000140913
4.94661,0.00174758,0.000138271
4.94763,0.00174758,0.000138271
4.94864,0.00174759,0.000138267
4.94968,0.00174736,0.000140915
4.95072,0.00174758,0.000138266
4.95161,0.00174758,0.000138266
4.95262,0.00174763,0.000138258
4.95365,0.00174732,0.000140925
4.95462,0.00174754,0.000138271
4.95561,0.00174735,0.00014092
4.95659,0.0017476,0.000138263
4.95761,0.00174733,0.000140921
4.95874,0.00174754,0.000139632
4.96003,0.00174756,0.000138188
4.9606,0.00174732,0.000140943
4.96165,0.00174732,0.000140943
4.96259,0.00174735,0.000140909
4.96357,0.0017476,0.00013826
4.96464,0.0017474,0.000140906
4.96581,0.00174758,0.000138263
4.9666,0.00174739,0.000140903
4.96785,0.00174765,0.000138255
4.96857,0.00174765,0.000138255
4.96955,0.00174736,0.000140905
4.97078,0.00174762,0.000138256
4.97162,0.00174742,0.000140897
4.97268,0.00174765,0.000138252
4.97368,0.0017473,0.000140934
4.97459,0.00174756,0.000138287
4.97567,0.00174729,0.000140934
4.97669,0.00174752,0.000138289
4.97764,0.00174735,0.000140926
4.97871,0.00174754,0.000138286
4.97965,0.0017473,0.00014093
4.98066,0.00174758,0.00013827
4.98163,0.00174734,0.000140915
4.98261,0.00174757,0.000138268
4.98363,0.00174734,0.000140914
4.98457,0.00174758,0.000138266
4.98561,0.00174758,0.000138266
4.98662,0.00174759,0.000138263
4.98761,0.00174736,0.000140911
4.98861,0.00174757,0.000138262
4.98963,0.00174739,0.000140904
4.99061,0.00174759,0.000138257
4.99165,0.00174736,0.000140907
4.99264,0.0017476,0.000138253
4.99362,0.0017473,0.000140931
4.99461,0.00174754,0.000138275
4.99562,0.0017473,0.000140928
4.99664,0.00174754,0.000138272
4.9976,0.00174754,0.000138272
4.99861,0.00174748,0.000139642
4.99965,0.00174754,0.000138193
5.00061,0.00174754,0.000138193
5.00167,0.00174758,0.000138262
5.0026,0.0017473,0.000140918
