-0.331149 -0.430323 -3.592320 0.168409 0.450884 -0.009275 
-0.332396 -0.430450 -3.382204 0.168234 0.450954 -0.011988 
-0.332521 -0.422110 -3.140983 0.167797 0.451015 -0.014776 
-0.340229 -0.417519 -3.035640 0.167659 0.450957 -0.016182 
-0.330601 -0.422221 -3.139059 0.167154 0.450999 -0.015086 
-0.328960 -0.430814 -3.328060 0.167106 0.451015 -0.012570 
-0.320145 -0.427093 -3.528421 0.167309 0.451084 -0.009741 
-0.311343 -0.432884 -3.760486 0.167608 0.451441 -0.006519 
-0.318445 -0.438017 -3.876177 0.167895 0.451699 -0.005126 
-0.320336 -0.438015 -3.764056 0.168370 0.451793 -0.005682 
-0.322661 -0.437626 -3.577490 0.168683 0.451780 -0.007457 
-0.330950 -0.424491 -3.378377 0.168599 0.451716 -0.009853 
-0.333251 -0.415083 -3.137099 0.168650 0.451505 -0.012965 
-0.334398 -0.422372 -3.040938 0.168432 0.451206 -0.014702 
-0.333661 -0.429690 -3.152673 0.168066 0.450831 -0.014362 
-0.324680 -0.425236 -3.347992 0.167791 0.450608 -0.013126 
-0.322819 -0.434386 -3.545171 0.167578 0.450717 -0.011259 
-0.328256 -0.439094 -3.795151 0.167556 0.450793 -0.008687 
-0.327635 -0.448662 -3.890064 0.167654 0.451087 -0.007383 
-0.329022 -0.440923 -3.768474 0.168184 0.451370 -0.007716 
-0.330916 -0.440399 -3.583586 0.168498 0.451356 -0.008849 
-0.339433 -0.436092 -3.377654 0.168673 0.451483 -0.010176 
-0.333518 -0.422888 -3.129137 0.168756 0.451409 -0.012211 
-0.334172 -0.421945 -3.046514 0.168758 0.451210 -0.012782 
-0.332521 -0.421256 -3.168728 0.168288 0.450929 -0.012232 
-0.329848 -0.429471 -3.363381 0.167599 0.450744 -0.010995 
-0.327954 -0.429995 -3.548269 0.167285 0.450757 -0.009862 
-0.317925 -0.435205 -3.805096 0.166786 0.450818 -0.008254 
-0.324815 -0.440501 -3.886542 0.166749 0.451067 -0.008113 
-0.332894 -0.437205 -3.762394 0.166921 0.451393 -0.009191 
-0.335870 -0.436394 -3.565973 0.167396 0.451289 -0.010959 
-0.338174 -0.436141 -3.361137 0.167868 0.451371 -0.012079 
-0.333576 -0.431608 -3.124615 0.168372 0.451401 -0.013706 
-0.335470 -0.421727 -3.034143 0.168918 0.451120 -0.013737 
-0.328156 -0.417597 -3.160601 0.169280 0.451092 -0.012133 
-0.326167 -0.434016 -3.357690 0.168855 0.450910 -0.010156 
-0.323842 -0.434405 -3.544256 0.168543 0.450923 -0.008380 
-0.321770 -0.434360 -3.801607 0.168237 0.450755 -0.006663 
-0.319459 -0.443842 -3.881681 0.167532 0.450936 -0.006620 
-0.326516 -0.439672 -3.786192 0.167231 0.450971 -0.008033 
-0.334611 -0.435590 -3.577201 0.167082 0.451091 -0.010318 
-0.342498 -0.431568 -3.399394 0.166935 0.451215 -0.012308 
-0.336342 -0.419056 -3.140784 0.167013 0.451329 -0.014337 
-0.337406 -0.418384 -3.038214 0.167172 0.451226 -0.014894 
-0.330551 -0.422885 -3.144939 0.167633 0.451291 -0.013172 
-0.322866 -0.427239 -3.333983 0.167939 0.451266 -0.010873 
-0.322508 -0.435878 -3.522688 0.168210 0.451291 -0.008683 
-0.313504 -0.432082 -3.772504 0.168256 0.451269 -0.006215 
-0.313139 -0.440694 -3.865435 0.168200 0.451277 -0.005547 
-0.321498 -0.435682 -3.750236 0.168224 0.451128 -0.006946 
-0.329834 -0.430908 -3.551338 0.168082 0.451060 -0.009237 
-0.331523 -0.430675 -3.362551 0.168072 0.451041 -0.011649 
-0.332324 -0.421155 -3.122408 0.167804 0.450821 -0.014114 
-0.332495 -0.412340 -3.048587 0.167701 0.450718 -0.015117 
-0.324175 -0.416328 -3.162642 0.167523 0.450580 -0.014032 
-0.323142 -0.426147 -3.350270 0.167625 0.450885 -0.012164 
-0.321870 -0.426779 -3.549455 0.167793 0.451004 -0.009765 
-0.313284 -0.432637 -3.780682 0.168091 0.451362 -0.006864 
-0.320595 -0.437709 -3.865187 0.168377 0.451617 -0.005766 
-0.321634 -0.437796 -3.751685 0.168531 0.451703 -0.006637 
-0.330607 -0.432865 -3.555007 0.168710 0.451642 -0.008292 
-0.338728 -0.428023 -3.356948 0.168568 0.451574 -0.010262 
-0.333116 -0.422225 -3.106663 0.168438 0.451210 -0.012828 
-0.332723 -0.421168 -3.041768 0.167960 0.450909 -0.014048 
-0.324787 -0.416930 -3.153931 0.167839 0.450775 -0.013711 
-0.322530 -0.425545 -3.358982 0.167309 0.450690 -0.012486 
-0.321489 -0.425979 -3.545252 0.167317 0.450711 -0.011037 
-0.326712 -0.440627 -3.804767 0.167224 0.451164 -0.008695 
-0.327562 -0.441060 -3.878917 0.167707 0.451279 -0.007802 
-0.321885 -0.437463 -3.757041 0.168211 0.451510 -0.008243 
-0.338823 -0.436661 -3.562246 0.168679 0.451505 -0.009369 
-0.334040 -0.431431 -3.367841 0.169190 0.451350 -0.010387 
-0.328198 -0.425829 -3.130470 0.169221 0.451085 -0.012003 
-0.335740 -0.419653 -3.047829 0.169095 0.450650 -0.012459 
-0.327220 -0.423309 -3.150647 0.168758 0.450412 -0.011683 
-0.325567 -0.423142 -3.345629 0.168450 0.450238 -0.010556 
-0.323285 -0.432515 -3.539748 0.167913 0.450341 -0.009646 
-0.327864 -0.437936 -3.795684 0.167404 0.450504 -0.008360 
-0.326750 -0.440126 -3.876391 0.167232 0.450984 -0.008432 
-0.327328 -0.441460 -3.760973 0.167215 0.451351 -0.009947 
-0.336894 -0.438019 -3.574999 0.167706 0.451678 -0.011620 
-0.339198 -0.437766 -3.370162 0.168177 0.451760 -0.012740 
-0.341032 -0.428623 -3.124367 0.168549 0.451741 -0.013926 
-0.333711 -0.423193 -3.044599 0.168588 0.451491 -0.013424 
-0.326417 -0.418175 -3.151643 0.168955 0.451270 -0.011480 
-0.317300 -0.430641 -3.360306 0.168724 0.451139 -0.009085 
-0.315820 -0.421556 -3.546895 0.168638 0.450874 -0.007414 
-0.312903 -0.430985 -3.804223 0.168105 0.450984 -0.005593 
-0.319438 -0.443978 -3.863410 0.167691 0.451031 -0.005965 
-0.319573 -0.436416 -3.755650 0.167416 0.451206 -0.008226 
-0.328758 -0.432176 -3.565472 0.167430 0.451240 -0.011172 
-0.337318 -0.436853 -3.367094 0.167381 0.451458 -0.013365 
-0.340014 -0.427981 -3.117943 0.167750 0.451442 -0.015834 
-0.333742 -0.423416 -3.058132 0.168104 0.451392 -0.015679 
-0.326542 -0.435120 -3.165606 0.168354 0.451165 -0.013526 
-0.325706 -0.435263 -3.355775 0.168685 0.451191 -0.010798 
-0.316690 -0.431210 -3.544899 0.168730 0.451161 -0.008278 
-0.314670 -0.438903 -3.795126 0.168530 0.450897 -0.005487 
-0.306945 -0.443859 -3.847116 0.168503 0.451040 -0.004999 
-0.314002 -0.439690 -3.751627 0.168201 0.451075 -0.006412 
-0.336583 -0.443216 -3.572002 0.167831 0.451010 -0.008933 
-0.336955 -0.434313 -3.371221 0.167400 0.450886 -0.011753 
-0.338389 -0.425259 -3.140637 0.167290 0.450767 -0.014551 
-0.337902 -0.416737 -3.046324 0.167023 0.450752 -0.015535 
-0.329759 -0.421816 -3.160684 0.166998 0.450902 -0.014457 
-0.328722 -0.421627 -3.339616 0.167171 0.450829 -0.012038 
-0.328565 -0.430598 -3.539558 0.167602 0.450953 -0.009540 
-0.319354 -0.436119 -3.791572 0.167743 0.451214 -0.006332 
-0.319988 -0.436484 -3.866560 0.168226 0.451328 -0.005118 
-0.322095 -0.436549 -3.753600 0.168701 0.451421 -0.005995 
-0.324003 -0.435760 -3.556637 0.168855 0.451309 -0.007757 
-0.340735 -0.435250 -3.357944 0.168999 0.451299 -0.010162 
-0.334856 -0.421646 -3.115622 0.168763 0.451032 -0.013482 
-0.334437 -0.421348 -3.039795 0.168279 0.450919 -0.015017 
-0.332110 -0.421839 -3.160932 0.167640 0.450919 -0.014789 
-0.322702 -0.427259 -3.366625 0.167297 0.451072 -0.013463 
-0.327704 -0.431933 -3.552853 0.166949 0.451134 -0.011796 
-0.325773 -0.433379 -3.804314 0.167115 0.451447 -0.008800 
-0.325300 -0.434789 -3.879903 0.167431 0.451840 -0.007266 
-0.326606 -0.442681 -3.758438 0.167690 0.451829 -0.007384 
-0.335343 -0.437819 -3.544329 0.168029 0.451862 -0.008062 
-0.338081 -0.427821 -3.359464 0.168570 0.451572 -0.009299 
-0.340017 -0.425752 -3.100665 0.168570 0.451164 -0.011325 
-0.333101 -0.411960 -3.037274 0.168507 0.450824 -0.012225 
-0.324648 -0.423841 -3.158578 0.167953 0.450489 -0.012000 
-0.323451 -0.423050 -3.362813 0.167649 0.450128 -0.011201 
-0.322453 -0.432469 -3.556637 0.167432 0.450240 -0.010617 
-0.327684 -0.437468 -3.802718 0.167086 0.450310 -0.009323 
-0.327919 -0.447177 -3.863930 0.167181 0.450603 -0.009277 
-0.336286 -0.451550 -3.750090 0.167300 0.450738 -0.010257 
-0.338543 -0.442935 -3.545039 0.167830 0.450823 -0.011481 
-0.340632 -0.442614 -3.341041 0.168303 0.450905 -0.012280 
-0.335138 -0.429187 -3.095584 0.168709 0.450837 -0.013358 
-0.342263 -0.432389 -3.046325 0.168680 0.450688 -0.012778 
-0.333881 -0.428280 -3.172240 0.168721 0.450652 -0.011169 
-0.324276 -0.432745 -3.359359 0.168384 0.450612 -0.009181 
-0.329213 -0.429946 -3.564786 0.168090 0.450869 -0.007959 
-0.326512 -0.439442 -3.821275 0.167556 0.450979 -0.006460 
-0.325646 -0.440548 -3.869653 0.167229 0.451169 -0.007142 
-0.325814 -0.441611 -3.774183 0.167055 0.451440 -0.008670 
-0.327215 -0.433710 -3.575089 0.167099 0.451612 -0.011180 
-0.328648 -0.434433 -3.388285 0.167243 0.451880 -0.012956 
-0.331148 -0.424606 -3.120559 0.167618 0.451670 -0.014764 
-0.324635 -0.420732 -3.050655 0.167967 0.451809 -0.014603 
-0.317804 -0.424475 -3.168312 0.168434 0.451685 -0.012566 
-0.316815 -0.432647 -3.347459 0.168548 0.451609 -0.010043 
-0.316457 -0.441286 -3.536164 0.168819 0.451633 -0.007853 
-0.307716 -0.445918 -3.785356 0.168805 0.451609 -0.005601 
-0.314430 -0.450123 -3.866498 0.168615 0.451570 -0.005454 
-0.322569 -0.445667 -3.759476 0.168475 0.451514 -0.007502 
-0.323592 -0.436343 -3.548840 0.168207 0.451299 -0.010314 
-0.338605 -0.436276 -3.359459 0.167867 0.451372 -0.012721 
-0.340145 -0.433672 -3.108532 0.167549 0.450770 -0.015389 
-0.331906 -0.420857 -3.046581 0.167319 0.450708 -0.015649 
-0.324223 -0.424689 -3.162857 0.167464 0.450577 -0.013928 
-0.322534 -0.424921 -3.351643 0.167474 0.450596 -0.011516 
-0.321094 -0.433847 -3.551881 0.167584 0.450711 -0.008692 
-0.312333 -0.438615 -3.782803 0.167729 0.450781 -0.005784 
-0.319443 -0.443355 -3.856072 0.167857 0.450937 -0.004994 
-0.313780 -0.439494 -3.722120 0.168201 0.451070 -0.006065 
-0.322533 -0.435119 -3.533620 0.168216 0.451102 -0.008369 
-0.331977 -0.429299 -3.334121 0.168241 0.450756 -0.010980 
-0.333257 -0.428274 -3.092515 0.167912 0.450534 -0.013983 
-0.333697 -0.428016 -3.048416 0.167751 0.450433 -0.015228 
-0.324478 -0.423733 -3.160874 0.167310 0.450290 -0.014564 
-0.322810 -0.423830 -3.367931 0.167161 0.450215 -0.012807 
-0.321777 -0.433649 -3.555560 0.167263 0.450520 -0.010939 
-0.320108 -0.443523 -3.806397 0.167369 0.450831 -0.008160 
-0.320502 -0.444579 -3.871292 0.167847 0.451133 -0.006940 
-0.314584 -0.441674 -3.739323 0.168346 0.451553 -0.007375 
-0.323993 -0.436255 -3.533629 0.168689 0.451399 -0.008701 
-0.325605 -0.428190 -3.368779 0.169057 0.451580 -0.009959 
-0.320187 -0.422594 -3.099385 0.169085 0.451312 -0.012190 
-0.327060 -0.417727 -3.046013 0.168791 0.451162 -0.012994 
-0.318129 -0.421113 -3.168779 0.168297 0.450828 -0.012232 
-0.315584 -0.422058 -3.363522 0.167820 0.450934 -0.011106 
-0.320366 -0.427289 -3.557928 0.167309 0.451089 -0.010088 
-0.318518 -0.436695 -3.815799 0.167097 0.451206 -0.008273 
-0.318074 -0.437577 -3.867237 0.167093 0.451402 -0.007998 
-0.319770 -0.437371 -3.774225 0.167410 0.451400 -0.008888 
-0.321585 -0.429117 -3.547844 0.167776 0.451573 -0.010414 
-0.324547 -0.428571 -3.363499 0.168412 0.451568 -0.011553 
-0.334816 -0.422669 -3.116765 0.168916 0.451319 -0.013167 
-0.328368 -0.417014 -3.056649 0.169118 0.450982 -0.013006 
-0.320297 -0.429695 -3.182156 0.169040 0.450940 -0.011509 
-0.318864 -0.428971 -3.368960 0.168896 0.450672 -0.009732 
-0.317211 -0.428804 -3.563941 0.168587 0.450498 -0.008605 
-0.321863 -0.441826 -3.831024 0.168025 0.450469 -0.006900 
-0.328110 -0.447150 -3.879904 0.167665 0.450707 -0.007369 
-0.335329 -0.434558 -3.753015 0.167420 0.450741 -0.009182 
-0.336144 -0.434551 -3.544577 0.167248 0.450809 -0.011254 
-0.337161 -0.434875 -3.347375 0.167234 0.450977 -0.013018 
-0.338775 -0.426289 -3.109757 0.167441 0.451051 -0.014853 
-0.339615 -0.425942 -3.050447 0.167762 0.451051 -0.014485 
-0.331476 -0.430398 -3.157468 0.167902 0.451106 -0.012437 
-0.323117 -0.426052 -3.367083 0.168110 0.450988 -0.009936 
-0.321644 -0.426352 -3.555031 0.168119 0.451008 -0.007845 
-0.320278 -0.443631 -3.804100 0.168012 0.451030 -0.005597 
-0.327618 -0.448174 -3.864455 0.167979 0.451087 -0.005757 
-0.320445 -0.435439 -3.737617 0.167744 0.451021 -0.007570 
-0.336372 -0.443379 -3.537758 0.167507 0.451000 -0.010186 
-0.337596 -0.434387 -3.338359 0.167398 0.450884 -0.012690 
-0.339728 -0.433273 -3.098134 0.167391 0.450670 -0.015377 
-0.339891 -0.424850 -3.066735 0.167448 0.450670 -0.015776 
-0.332161 -0.420321 -3.182795 0.167652 0.450541 -0.014160 
-0.323871 -0.433456 -3.381908 0.167736 0.450606 -0.011764 
-0.315683 -0.430073 -3.561482 0.168096 0.450772 -0.009243 
-0.313799 -0.439879 -3.813158 0.168203 0.451082 -0.006143 
-0.321143 -0.443799 -3.866174 0.168335 0.451045 -0.005333 
-0.321525 -0.444179 -3.732181 0.168325 0.451219 -0.006186 
-0.329645 -0.439337 -3.534121 0.168182 0.451151 -0.008156 
-0.336914 -0.434584 -3.334680 0.167718 0.451075 -0.010442 
-0.330866 -0.429274 -3.093412 0.167425 0.450804 -0.013336 
-0.337281 -0.415775 -3.059773 0.167032 0.450561 -0.014258 
-0.321877 -0.424794 -3.192956 0.166824 0.450564 -0.013622 
-0.327250 -0.421507 -3.389367 0.166693 0.450729 -0.012073 
-0.319344 -0.426416 -3.586587 0.166835 0.450798 -0.010423 
-0.325608 -0.431794 -3.827017 0.167128 0.451069 -0.007850 
-0.326521 -0.449578 -3.860318 0.167486 0.451362 -0.007037 
-0.321085 -0.445290 -3.748535 0.167996 0.451406 -0.007484 
-0.330669 -0.440962 -3.543147 0.168492 0.451540 -0.008817 
-0.325275 -0.435129 -3.357452 0.168687 0.451190 -0.010156 
-0.334908 -0.429384 -3.108498 0.168869 0.450935 -0.012407 
-0.335151 -0.428170 -3.045824 0.168714 0.450640 -0.012991 
-0.325521 -0.423616 -3.178230 0.168116 0.450402 -0.012340 
-0.323499 -0.431411 -3.363028 0.167590 0.450124 -0.011096 
-0.314258 -0.428536 -3.567668 0.167305 0.450282 -0.010195 
-0.326802 -0.438086 -3.825487 0.167083 0.450500 -0.008380 
-0.326358 -0.438968 -3.876925 0.167080 0.450695 -0.008105 
-0.327156 -0.439746 -3.753330 0.167228 0.450969 -0.008970 
-0.336741 -0.435417 -3.547941 0.167724 0.451103 -0.010303 
-0.339023 -0.426044 -3.353821 0.168260 0.451000 -0.011212 
-0.334008 -0.421112 -3.106901 0.168606 0.450930 -0.012827 
-0.335176 -0.427411 -3.056755 0.168720 0.450451 -0.012676 
-0.320381 -0.427025 -3.172530 0.168898 0.450271 -0.011168 
-0.319451 -0.434038 -3.368803 0.168700 0.449814 -0.009614 
-0.317798 -0.433870 -3.563784 0.168391 0.449640 -0.008487 
-0.323446 -0.439269 -3.820264 0.168203 0.449810 -0.007206 
-0.323520 -0.447623 -3.869095 0.167986 0.449717 -0.007783 
-0.324789 -0.447513 -3.742678 0.167978 0.449704 -0.009605 
-0.326391 -0.439943 -3.554820 0.168181 0.449976 -0.011806 
-0.335364 -0.435012 -3.358143 0.168360 0.449915 -0.013461 
-0.344741 -0.430223 -3.111171 0.168697 0.449946 -0.015076 
-0.331630 -0.429373 -3.073242 0.169191 0.449756 -0.014406 
-0.323933 -0.433469 -3.201594 0.169496 0.449723 -0.012056 
0.100342 0.184722 -7.063970 0.197601 0.444628 -0.014192 
1.481515 -0.214236 -15.560737 0.263723 0.427952 -0.004900 
2.324148 0.163548 -21.627612 0.319286 0.405762 0.007575 
3.044139 0.070237 -26.294813 0.363195 0.378356 0.011531 
4.152560 0.450781 -30.511943 0.387336 0.353249 0.031331 
4.642653 0.957314 -33.552233 0.413718 0.323483 0.054598 
4.815662 1.432506 -34.898621 0.433495 0.295474 0.070492 
4.759843 1.331415 -35.478871 0.437788 0.272121 0.081631 
4.618258 1.201110 -35.830236 0.427191 0.237125 0.077982 
4.276746 1.484677 -36.534067 0.414257 0.205447 0.060381 
4.168043 1.761741 -37.866481 0.408026 0.182454 0.037419 
4.014892 1.898475 -38.917999 0.401572 0.154591 0.008052 
4.204606 1.593647 -39.532768 0.393167 0.114335 -0.013149 
3.994698 1.182139 -39.785900 0.383754 0.088481 -0.017486 
4.047234 0.906331 -39.291638 0.378939 0.075694 -0.009245 
3.465977 0.799765 -37.722897 0.393703 0.064762 0.018142 
3.361369 0.220494 -36.075419 0.406205 0.069874 0.045225 
3.080814 -0.258940 -34.090745 0.426184 0.090072 0.061856 
2.630969 -0.937566 -31.603275 0.463589 0.127578 0.074843 
2.375400 -1.440619 -29.180314 0.502015 0.173938 0.084184 
1.920652 -1.662072 -27.241872 0.527681 0.241049 0.077436 
1.788659 -1.784084 -25.098128 0.533799 0.317052 0.062503 
1.417980 -2.086733 -23.226443 0.533544 0.384820 0.043927 
1.155059 -2.207370 -21.635134 0.514867 0.459074 0.016702 
0.941200 -2.537009 -20.017243 0.474327 0.541180 -0.007134 
0.799647 -2.672768 -18.234210 0.426518 0.611180 -0.022249 
0.618206 -2.688804 -16.592781 0.385010 0.672370 -0.033031 
0.684738 -2.677111 -14.676998 0.348499 0.721583 -0.039124 
0.460960 -2.761109 -13.536746 0.321967 0.762123 -0.037484 
0.511853 -2.486671 -12.777071 0.321940 0.791261 -0.023116 
0.520554 -2.406996 -12.487393 0.346113 0.810127 0.004034 
0.462922 -2.314802 -12.358377 0.378556 0.810851 0.030279 
0.445900 -2.433693 -12.630270 0.404906 0.798700 0.047537 
0.355974 -2.573430 -12.542658 0.426235 0.769945 0.051959 
0.235050 -2.493687 -12.245468 0.441530 0.730441 0.043463 
0.260611 -2.226545 -11.901254 0.441508 0.686303 0.023782 
0.248125 -2.057943 -11.605443 0.424217 0.640923 -0.000852 
0.168700 -1.958974 -11.351329 0.401252 0.598464 -0.025387 
0.050769 -1.832331 -11.477413 0.377358 0.556838 -0.039507 
-0.178764 -1.699095 -11.810338 0.343650 0.520717 -0.041807 
-0.374938 -1.439604 -11.931636 0.304729 0.489177 -0.036343 
-0.547203 -1.070480 -11.812930 0.273010 0.461329 -0.026707 
-0.771941 -0.669267 -11.595666 0.254171 0.442188 -0.017263 
-0.898611 -0.313404 -10.972132 0.239701 0.431170 -0.015697 
-1.001266 -0.128406 -10.167358 0.221295 0.424935 -0.019512 
-1.086521 -0.062686 -9.425391 0.203340 0.427516 -0.027612 
-1.062852 -0.023038 -8.926987 0.194432 0.438450 -0.038527 
-1.125602 -0.069969 -8.727843 0.192584 0.461090 -0.052970 
-0.967951 -0.174845 -8.574887 0.187244 0.483500 -0.067219 
-1.002475 -0.206752 -8.266642 0.180051 0.502102 -0.080794 
-1.007078 -0.139665 -8.057338 0.180496 0.516280 -0.084401 
-0.952874 0.031676 -7.883407 0.188624 0.532134 -0.079554 
-0.898218 0.168247 -7.923424 0.196528 0.542287 -0.062184 
-0.777981 0.167336 -7.886898 0.200933 0.549052 -0.036999 
-0.745178 0.152420 -7.779656 0.205991 0.552302 -0.011831 
-0.644982 0.061805 -7.511614 0.211837 0.548510 0.005786 
-0.581917 -0.065691 -7.071427 0.214496 0.543949 0.010083 
-0.301867 -0.113423 -6.404905 0.213484 0.539844 -0.000150 
-0.288166 -0.110810 -5.903257 0.217016 0.539845 -0.016073 
-0.185250 -0.010955 -5.537660 0.224504 0.541589 -0.029153 
-0.323940 0.018089 -5.521425 0.225424 0.546288 -0.036049 
-0.370294 0.108029 -5.499723 0.215740 0.549123 -0.033947 
-0.413272 0.047813 -5.500575 0.199222 0.547673 -0.022554 
-0.544881 0.107562 -5.284106 0.180917 0.542846 -0.011070 
-0.533627 0.176151 -4.834198 0.159373 0.534017 -0.001334 
-0.467784 0.251709 -4.206202 0.136297 0.518852 0.007577 
-0.541169 0.359769 -3.809023 0.116596 0.504523 0.017431 
-0.508765 0.453495 -3.474677 0.103131 0.487077 0.027804 
-0.604681 0.535998 -3.334326 0.097247 0.457943 0.038462 
-0.756112 0.508191 -3.409147 0.096838 0.423533 0.042651 
-0.761669 0.482258 -3.530109 0.097004 0.394121 0.040295 
-0.888715 0.477010 -3.600544 0.106243 0.364227 0.032183 
-0.946089 0.486250 -3.570467 0.122688 0.335751 0.019425 
-0.888731 0.364588 -3.340451 0.136333 0.314604 0.004805 
-0.973799 0.194127 -3.190761 0.145532 0.301230 -0.007559 
-1.006021 0.091569 -3.175932 0.153632 0.298444 -0.014755 
-0.985871 -0.078451 -3.019802 0.162567 0.297171 -0.014814 
-1.124728 -0.210147 -2.755699 0.166368 0.298632 -0.013853 
-1.008358 -0.341188 -2.560254 0.164209 0.308247 -0.014574 
-0.964632 -0.421995 -2.388412 0.159786 0.322405 -0.016487 
-0.986368 -0.449691 -2.350819 0.156987 0.341266 -0.022535 
-0.878576 -0.410162 -2.372886 0.154093 0.362697 -0.029176 
-0.840122 -0.503303 -2.568482 0.145088 0.389360 -0.031802 
-0.861463 -0.603637 -2.634547 0.137440 0.412886 -0.034195 
-0.789427 -0.685329 -2.574860 0.134632 0.436806 -0.037628 
-0.816825 -0.858741 -2.383725 0.138193 0.453725 -0.040891 
-0.756979 -0.901787 -2.085422 0.143682 0.467968 -0.047336 
-0.599733 -0.916945 -1.771045 0.151355 0.477910 -0.053422 
-0.584631 -0.904077 -1.717840 0.163667 0.480505 -0.051121 
-0.507428 -0.899143 -1.824166 0.178383 0.478586 -0.043480 
-0.365163 -1.003608 -2.012317 0.187238 0.467760 -0.031371 
-0.337662 -1.169058 -2.264237 0.188852 0.453307 -0.020795 
-0.172859 -1.156723 -2.496544 0.191793 0.438724 -0.014549 
-0.161261 -1.094202 -2.571043 0.198687 0.423778 -0.012806 
-0.112152 -1.024124 -2.443421 0.202748 0.410823 -0.016874 
-0.103391 -0.913067 -2.241162 0.198545 0.402248 -0.024751 
-0.193647 -0.861645 -2.068613 0.189367 0.394344 -0.029603 
-0.295156 -0.727726 -1.824733 0.179470 0.390177 -0.034176 
-0.257694 -0.662832 -1.773969 0.166602 0.391151 -0.037249 
-0.198203 -0.699371 -1.689154 0.151265 0.392404 -0.036442 
-0.089363 -0.595727 -1.619744 0.137102 0.396343 -0.034353 
-0.009676 -0.380162 -1.555923 0.125800 0.402175 -0.027997 
-0.071327 -0.178449 -1.573635 0.115613 0.405002 -0.014079 
-0.037883 -0.003488 -1.489113 0.103038 0.407902 0.000910 
-0.039063 0.140950 -1.420606 0.091837 0.410272 0.017254 
-0.067911 0.232798 -1.313384 0.084751 0.410134 0.031647 
-0.031756 0.345090 -1.241377 0.080578 0.409448 0.038150 
-0.007762 0.404605 -1.189176 0.076185 0.410053 0.036670 
0.058755 0.488124 -1.309706 0.076172 0.410587 0.032411 
0.063793 0.601310 -1.561590 0.082286 0.412453 0.027841 
0.014263 0.582903 -1.911698 0.091786 0.416298 0.027243 
-0.054041 0.453707 -2.301033 0.102107 0.420811 0.029227 
-0.114264 0.305938 -2.687679 0.113910 0.423736 0.033131 
-0.154023 0.146183 -2.836139 0.127076 0.425424 0.034223 
-0.156895 0.038854 -2.774614 0.139493 0.427312 0.029197 
-0.167295 -0.070408 -2.515556 0.149954 0.426345 0.019898 
-0.206004 -0.168480 -2.268102 0.155657 0.424617 0.010568 
-0.224341 -0.231829 -1.963242 0.159520 0.424366 -0.004049 
-0.272673 -0.248348 -1.960208 0.158891 0.424010 -0.012508 
-0.300698 -0.303156 -2.105479 0.154154 0.423511 -0.019760 
-0.244789 -0.360920 -2.326810 0.144627 0.424339 -0.025953 
-0.230776 -0.398660 -2.488466 0.134731 0.424602 -0.031322 
-0.167571 -0.380109 -2.724469 0.127353 0.426575 -0.033253 
-0.114924 -0.282584 -2.795496 0.125338 0.430369 -0.032002 
-0.127667 -0.163912 -2.760685 0.127128 0.433968 -0.023197 
-0.151646 -0.096943 -2.749320 0.130963 0.437358 -0.006850 
-0.211033 -0.074921 -2.771145 0.136555 0.439749 0.013297 
-0.283644 -0.153217 -2.799626 0.144326 0.441997 0.030471 
-0.283941 -0.269449 -2.998156 0.154933 0.444596 0.040786 
-0.268577 -0.410314 -3.221857 0.166820 0.446390 0.040443 
-0.268983 -0.516569 -3.425950 0.177810 0.449526 0.029301 
-0.243921 -0.568627 -3.599543 0.187583 0.454399 0.011129 
-0.297965 -0.609662 -3.819351 0.196427 0.457731 -0.007901 
-0.352133 -0.710682 -3.857741 0.200339 0.461386 -0.027266 
-0.346867 -0.859029 -3.679758 0.198318 0.461989 -0.043986 
-0.378097 -0.987753 -3.446027 0.192557 0.461129 -0.056073 
-0.326047 -1.027819 -3.176688 0.187789 0.460115 -0.062963 
-0.303053 -0.989150 -2.942463 0.184687 0.458685 -0.065044 
-0.327955 -0.945585 -2.932154 0.182410 0.457546 -0.059500 
-0.360490 -0.872280 -3.123275 0.180349 0.457663 -0.046842 
-0.419507 -0.853611 -3.459563 0.179986 0.458068 -0.030283 
-0.464153 -0.847638 -3.808649 0.181633 0.458467 -0.014094 
-0.430033 -0.898386 -4.199665 0.184695 0.459914 -0.002504 
-0.404026 -0.957115 -4.307769 0.189929 0.460023 0.000300 
-0.370677 -0.953797 -4.176920 0.196233 0.459106 -0.003533 
-0.321910 -0.874322 -3.975394 0.202274 0.457810 -0.010805 
-0.355753 -0.766806 -3.771749 0.206377 0.453947 -0.017251 
-0.350814 -0.700044 -3.577843 0.207324 0.449604 -0.021848 
-0.350395 -0.711384 -3.633242 0.205482 0.445870 -0.022473 
-0.370613 -0.734771 -3.830555 0.201621 0.443059 -0.021809 
-0.360537 -0.735565 -4.093961 0.196651 0.443876 -0.022505 
-0.366614 -0.668450 -4.302944 0.191661 0.447788 -0.024661 
-0.377309 -0.615660 -4.493892 0.186886 0.454404 -0.026306 
-0.379611 -0.558656 -4.433454 0.182774 0.463415 -0.027771 
-0.387750 -0.532217 -4.241829 0.178920 0.473113 -0.025397 
-0.399644 -0.523388 -3.998295 0.175903 0.481109 -0.020084 
-0.371293 -0.508982 -3.781392 0.173756 0.487592 -0.012859 
-0.346414 -0.518004 -3.612332 0.172734 0.490269 -0.007266 
-0.334754 -0.479889 -3.598545 0.173171 0.490502 -0.001137 
-0.302472 -0.449198 -3.734425 0.174702 0.488024 0.003481 
-0.331965 -0.390640 -3.944639 0.176078 0.482746 0.005940 
-0.356533 -0.350748 -4.156091 0.177003 0.476654 0.005297 
-0.360206 -0.312177 -4.422891 0.177452 0.469557 0.002908 
-0.385202 -0.338941 -4.464242 0.176451 0.463114 -0.003482 
-0.350042 -0.348321 -4.304854 0.175112 0.458422 -0.012928 
-0.335987 -0.353365 -4.077132 0.174589 0.456071 -0.022031 
-0.320352 -0.322415 -3.810774 0.175444 0.455546 -0.027481 
-0.339650 -0.280349 -3.545970 0.175553 0.456905 -0.028004 
-0.350614 -0.303095 -3.502268 0.173939 0.457839 -0.020457 
-0.391936 -0.342652 -3.601453 0.171075 0.457955 -0.007755 
-0.389537 -0.376339 -3.802919 0.168442 0.458451 0.005067 
-0.371623 -0.396732 -3.998038 0.167037 0.458552 0.014668 
-0.347187 -0.437113 -4.188656 0.165976 0.456961 0.018489 
-0.333585 -0.454082 -4.152996 0.164896 0.456650 0.013278 
-0.350241 -0.443515 -3.985141 0.165752 0.456824 0.002796 
-0.405330 -0.432116 -3.755497 0.168999 0.456972 -0.009596 
-0.460790 -0.455379 -3.557364 0.172164 0.457400 -0.021602 
-0.483027 -0.505770 -3.373009 0.174355 0.458257 -0.031694 
-0.476629 -0.541111 -3.376508 0.177324 0.457428 -0.036250 
-0.447517 -0.558804 -3.497125 0.180922 0.455424 -0.035107 
-0.411368 -0.575207 -3.698098 0.183252 0.453199 -0.029507 
-0.383634 -0.580637 -3.840364 0.184046 0.450456 -0.022000 
-0.364754 -0.554515 -4.058715 0.184261 0.446378 -0.008088 
-0.349821 -0.527631 -4.051684 0.183018 0.443147 0.001956 
-0.318249 -0.507462 -3.858172 0.179959 0.439281 0.007793 
-0.297332 -0.512519 -3.625258 0.174942 0.437274 0.007444 
-0.236263 -0.478191 -3.359497 0.171184 0.437666 0.001300 
-0.223558 -0.404432 -3.138029 0.169603 0.440902 -0.008787 
-0.216320 -0.370066 -3.124744 0.168394 0.446679 -0.017279 
-0.231470 -0.318753 -3.251979 0.166976 0.454749 -0.022368 
-0.251606 -0.312749 -3.485792 0.165565 0.462860 -0.021669 
-0.284037 -0.293672 -3.691348 0.164240 0.470113 -0.016215 
-0.276618 -0.295498 -3.923027 0.162150 0.477277 -0.008100 
-0.261160 -0.293525 -3.880095 0.160723 0.481480 -0.000584 
-0.265874 -0.277681 -3.671769 0.159537 0.482267 0.005828 
-0.219387 -0.233333 -3.405501 0.157293 0.480782 0.010304 
-0.233531 -0.175626 -3.133041 0.154307 0.475992 0.013234 
-0.238572 -0.127971 -2.925479 0.151580 0.469227 0.013763 
-0.257022 -0.111374 -2.978086 0.149285 0.460472 0.012788 
-0.270667 -0.128717 -3.131728 0.148363 0.454933 0.010476 
-0.298397 -0.171811 -3.388932 0.148061 0.448247 0.004745 
-0.334001 -0.202557 -3.616483 0.150410 0.442766 -0.002510 
-0.337300 -0.238916 -3.850826 0.154345 0.437637 -0.008302 
-0.358082 -0.249547 -3.841878 0.157796 0.433755 -0.013774 
-0.368723 -0.270419 -3.678274 0.161493 0.431695 -0.016677 
-0.406348 -0.281932 -3.434762 0.165559 0.429826 -0.015440 
-0.438269 -0.319925 -3.185806 0.168317 0.428385 -0.011622 
-0.438121 -0.366657 -2.930185 0.168137 0.427857 -0.008519 
-0.438301 -0.385392 -2.896283 0.166398 0.427467 -0.004822 
-0.421761 -0.415105 -2.999606 0.163793 0.427449 -0.002418 
-0.411898 -0.438068 -3.197316 0.161075 0.428731 -0.002678 
-0.424202 -0.462377 -3.399082 0.158493 0.431406 -0.005424 
-0.424884 -0.487717 -3.649229 0.156555 0.434196 -0.009510 
-0.462384 -0.524018 -3.674970 0.156756 0.437973 -0.015596 
-0.465155 -0.561605 -3.581375 0.159533 0.442065 -0.022589 
-0.453824 -0.621373 -3.363965 0.164087 0.444509 -0.027672 
-0.444734 -0.686694 -3.155042 0.169567 0.446401 -0.030092 
-0.410295 -0.730204 -2.902865 0.176340 0.447073 -0.030436 
-0.397870 -0.757117 -2.936517 0.183877 0.446808 -0.026512 
-0.382556 -0.758810 -3.115346 0.191118 0.446461 -0.021089 
-0.389177 -0.762553 -3.379936 0.196247 0.446560 -0.016355 
-0.402698 -0.758454 -3.653993 0.198694 0.446607 -0.013943 
-0.399796 -0.755409 -3.946431 0.198249 0.447679 -0.014304 
-0.396528 -0.742935 -3.968676 0.194961 0.449466 -0.019221 
-0.383487 -0.705290 -3.828923 0.188632 0.451165 -0.025873 
-0.370280 -0.657362 -3.558472 0.180761 0.453614 -0.031107 
-0.332178 -0.569467 -3.267802 0.173026 0.455624 -0.032446 
-0.322380 -0.504374 -2.981183 0.165759 0.457452 -0.028655 
-0.289472 -0.441405 -2.944799 0.159149 0.458783 -0.018758 
-0.283113 -0.411634 -3.041240 0.153906 0.459166 -0.005458 
-0.277424 -0.355882 -3.211497 0.150780 0.458238 0.007666 
-0.258678 -0.326679 -3.405626 0.148922 0.456346 0.017425 
-0.255812 -0.317135 -3.606803 0.148040 0.453879 0.021480 
-0.264439 -0.299816 -3.578470 0.149120 0.451451 0.017878 
-0.267162 -0.298236 -3.437333 0.151372 0.448568 0.009099 
-0.302466 -0.322060 -3.249530 0.153906 0.445797 -0.002229 
-0.331586 -0.359186 -3.082453 0.156671 0.443170 -0.013585 
-0.355049 -0.405209 -2.902781 0.160022 0.439739 -0.022361 
-0.364682 -0.439699 -2.929479 0.162830 0.436638 -0.025514 
-0.330115 -0.458971 -3.087666 0.166422 0.433834 -0.025466 
-0.314326 -0.476497 -3.308200 0.170341 0.431944 -0.021197 
-0.308973 -0.473245 -3.514391 0.174238 0.431383 -0.014669 
-0.312414 -0.468017 -3.773080 0.177342 0.432517 -0.007013 
-0.338553 -0.484733 -3.798908 0.178336 0.435099 -0.001831 
-0.343997 -0.491552 -3.690688 0.177472 0.439233 -0.000274 
-0.331168 -0.486845 -3.488804 0.175247 0.444464 -0.002700 
-0.323640 -0.480938 -3.277255 0.172060 0.450297 -0.008218 
-0.307079 -0.448186 -3.029001 0.168421 0.456642 -0.015838 
-0.274311 -0.412915 -2.991144 0.164662 0.462240 -0.020410 
-0.264270 -0.367449 -3.106948 0.161614 0.466502 -0.020814 
-0.254282 -0.342349 -3.306639 0.158912 0.469726 -0.016467 
-0.268476 -0.330381 -3.525738 0.156750 0.471211 -0.008805 
-0.267642 -0.347836 -3.782212 0.155841 0.470582 0.000747 
-0.261974 -0.369105 -3.799936 0.156664 0.468828 0.007056 
-0.280282 -0.385211 -3.656412 0.158947 0.465782 0.008995 
-0.283207 -0.403822 -3.440398 0.161860 0.462034 0.006061 
-0.276901 -0.412688 -3.228089 0.165649 0.457744 0.000118 
-0.287173 -0.420989 -3.010934 0.169593 0.453278 -0.007750 
-0.287310 -0.450889 -3.039798 0.172762 0.448769 -0.014110 
-0.304395 -0.487997 -3.203526 0.175073 0.445064 -0.018760 
-0.332028 -0.535018 -3.442216 0.176669 0.441825 -0.021435 
-0.354653 -0.550994 -3.675645 0.177843 0.439332 -0.021951 
-0.370801 -0.567902 -3.893426 0.177729 0.437177 -0.019865 
-0.387914 -0.548711 -3.846108 0.176407 0.435676 -0.017527 
-0.399406 -0.517110 -3.686174 0.174043 0.435367 -0.014979 
-0.401116 -0.483484 -3.444919 0.171213 0.435648 -0.012253 
-0.415332 -0.478624 -3.201027 0.167690 0.436862 -0.010181 
-0.399099 -0.469679 -2.971528 0.163730 0.438913 -0.010160 
-0.391360 -0.460803 -2.987381 0.160581 0.441920 -0.009942 
-0.382466 -0.449604 -3.137534 0.159383 0.445323 -0.010087 
-0.376897 -0.432214 -3.369512 0.159357 0.449243 -0.010751 
-0.367872 -0.432526 -3.615805 0.160174 0.452371 -0.010366 
-0.377404 -0.429397 -3.866364 0.162130 0.454775 -0.009026 
-0.398323 -0.418826 -3.892596 0.164925 0.456560 -0.008676 
-0.395306 -0.435009 -3.756336 0.168181 0.456614 -0.008724 
-0.399072 -0.452572 -3.565471 0.170779 0.455940 -0.009779 
-0.368781 -0.471373 -3.332477 0.173546 0.454350 -0.011544 
-0.337596 -0.482030 -3.128232 0.176051 0.452759 -0.013754 
-0.317552 -0.486230 -3.170740 0.178126 0.451573 -0.014347 
-0.313324 -0.489663 -3.294001 0.178914 0.451274 -0.014248 
-0.322036 -0.502761 -3.529012 0.179312 0.451268 -0.013816 
-0.334479 -0.515346 -3.743104 0.179066 0.452240 -0.013260 
-0.343880 -0.529353 -3.967947 0.178169 0.453575 -0.012065 
-0.349556 -0.534882 -3.952458 0.175874 0.454944 -0.012678 
-0.339744 -0.519991 -3.762616 0.173081 0.455423 -0.013653 
-0.344550 -0.494287 -3.513426 0.170352 0.455428 -0.014032 
-0.325563 -0.461664 -3.235642 0.167043 0.454693 -0.013295 
-0.314652 -0.439748 -2.969744 0.163816 0.453535 -0.011926 
-0.305418 -0.433690 -2.942165 0.161132 0.452036 -0.008948 
-0.300248 -0.419001 -3.080043 0.159801 0.450404 -0.005590 
-0.306985 -0.436451 -3.308150 0.159527 0.449427 -0.003417 
-0.317909 -0.437451 -3.533263 0.160330 0.448485 -0.003074 
-0.331604 -0.448881 -3.777717 0.161862 0.448037 -0.003627 
-0.335040 -0.443312 -3.783799 0.164310 0.447584 -0.006770 
-0.340039 -0.444678 -3.666433 0.166863 0.446834 -0.010668 
-0.337738 -0.449735 -3.458582 0.169389 0.446019 -0.014274 
-0.333098 -0.463528 -3.244504 0.171534 0.445377 -0.016160 
-0.317869 -0.464382 -3.033657 0.173134 0.444669 -0.016426 
-0.304282 -0.454935 -3.062619 0.174014 0.444493 -0.013671 
-0.293747 -0.460160 -3.205620 0.173992 0.444828 -0.009404 
-0.300434 -0.448011 -3.427809 0.173121 0.446065 -0.005300 
-0.305858 -0.455567 -3.655612 0.171629 0.447951 -0.002601 
-0.316548 -0.462323 -3.867557 0.169495 0.450632 -0.001710 
-0.313402 -0.460730 -3.836655 0.166931 0.453275 -0.004248 
-0.312909 -0.442555 -3.659501 0.164957 0.456015 -0.008808 
-0.307324 -0.426371 -3.433083 0.163451 0.458236 -0.013114 
-0.310471 -0.419851 -3.201356 0.162356 0.459847 -0.015810 
-0.316045 -0.400446 -2.986637 0.162156 0.460437 -0.016373 
-0.315438 -0.398367 -3.015754 0.162495 0.460062 -0.013181 
-0.324270 -0.405414 -3.192370 0.163417 0.458818 -0.008188 
-0.328222 -0.405787 -3.420637 0.164874 0.456882 -0.003128 
-0.341108 -0.417760 -3.664774 0.166245 0.454619 0.000310 
-0.334328 -0.441744 -3.882766 0.167540 0.452014 0.001517 
-0.344889 -0.456667 -3.856913 0.168876 0.449301 -0.001351 
-0.341214 -0.473005 -3.712634 0.169881 0.446849 -0.006690 
-0.349766 -0.476575 -3.528101 0.170805 0.445534 -0.011894 
-0.381519 -0.475047 -3.279995 0.171909 0.444086 -0.018221 
-0.395141 -0.476010 -3.088773 0.172688 0.443288 -0.022027 
-0.395798 -0.475717 -3.109264 0.172851 0.443200 -0.022046 
-0.393446 -0.476113 -3.247213 0.172697 0.443303 -0.019590 
-0.393825 -0.474136 -3.438918 0.171757 0.443913 -0.015456 
-0.392076 -0.481586 -3.630895 0.170270 0.444792 -0.010893 
-0.395471 -0.485004 -3.821233 0.168164 0.445706 -0.006532 
-0.379435 -0.484858 -3.791456 0.166244 0.446737 -0.005096 
-0.372117 -0.472234 -3.633655 0.164399 0.447812 -0.006120 
-0.360209 -0.446600 -3.401779 0.163126 0.448752 -0.008692 
-0.357358 -0.434944 -3.199297 0.162232 0.450040 -0.011947 
-0.372128 -0.422607 -3.009324 0.162299 0.451264 -0.014903 
-0.366858 -0.421076 -3.050720 0.163118 0.451904 -0.015172 
-0.369830 -0.432258 -3.219496 0.164493 0.452618 -0.013634 
-0.366149 -0.438496 -3.462454 0.166232 0.453109 -0.011088 
-0.357429 -0.455215 -3.686707 0.168382 0.453081 -0.008209 
-0.349327 -0.462888 -3.888815 0.170595 0.452866 -0.006057 
-0.335714 -0.481613 -3.871415 0.172560 0.452284 -0.006288 
-0.320467 -0.484106 -3.717666 0.173990 0.451868 -0.007891 
-0.318940 -0.487401 -3.490021 0.175080 0.451725 -0.010394 
-0.314167 -0.482529 -3.290879 0.175267 0.451566 -0.013011 
-0.327408 -0.474415 -3.080249 0.174501 0.451722 -0.015498 
-0.336811 -0.467593 -3.107080 0.173098 0.452079 -0.015930 
-0.343852 -0.461663 -3.248852 0.171374 0.452627 -0.014849 
-0.341058 -0.459973 -3.452461 0.168988 0.453115 -0.012954 
-0.330955 -0.453111 -3.636994 0.166641 0.453360 -0.010610 
-0.314248 -0.449143 -3.823155 0.164439 0.453273 -0.007732 
-0.315339 -0.443892 -3.773483 0.162866 0.453085 -0.006268 
-0.320033 -0.428811 -3.601019 0.162157 0.452622 -0.005776 
-0.320986 -0.423992 -3.397479 0.162020 0.451550 -0.005908 
-0.326025 -0.418490 -3.172800 0.162849 0.450313 -0.006999 
-0.339922 -0.416755 -2.987925 0.163969 0.448950 -0.008557 
-0.339828 -0.407458 -3.030444 0.165645 0.447623 -0.008814 
-0.332162 -0.419201 -3.215278 0.167024 0.446158 -0.008767 
-0.332006 -0.436450 -3.430425 0.168523 0.445034 -0.008860 
-0.321858 -0.442478 -3.624423 0.169461 0.444223 -0.008926 
-0.318423 -0.471847 -3.848925 0.170233 0.444027 -0.008925 
-0.320940 -0.473456 -3.826470 0.170861 0.444422 -0.010207 
-0.322731 -0.476489 -3.670622 0.171311 0.445269 -0.012022 
-0.329600 -0.476522 -3.465663 0.171456 0.446531 -0.013042 
-0.341963 -0.464697 -3.250978 0.171359 0.448025 -0.013727 
-0.345286 -0.458414 -3.047301 0.170907 0.449839 -0.013886 
-0.345880 -0.452378 -3.080483 0.169985 0.451573 -0.012309 
-0.345697 -0.454684 -3.226545 0.168851 0.453220 -0.010077 
-0.337798 -0.452297 -3.411162 0.167434 0.454626 -0.008406 
-0.316619 -0.448851 -3.625576 0.166195 0.455657 -0.007081 
-0.311873 -0.451622 -3.809446 0.165224 0.456222 -0.005944 
-0.317208 -0.448417 -3.796036 0.164599 0.456448 -0.006782 
-0.326213 -0.442856 -3.640637 0.164785 0.456202 -0.008148 
-0.336754 -0.435632 -3.445274 0.165302 0.455581 -0.009479 
-0.349102 -0.435303 -3.239671 0.166091 0.454586 -0.011019 
-0.356135 -0.438043 -3.065747 0.167345 0.453271 -0.012377 
-0.355093 -0.444730 -3.119085 0.168589 0.451740 -0.012105 
-0.346573 -0.455811 -3.264852 0.169811 0.450169 -0.011377 
-0.344110 -0.471389 -3.471270 0.170679 0.448647 -0.010483 
-0.341149 -0.479359 -3.698564 0.171603 0.447319 -0.009393 
-0.335981 -0.489027 -3.884638 0.172031 0.446447 -0.008266 
-0.337573 -0.486077 -3.831456 0.172048 0.445685 -0.009176 
-0.345509 -0.480537 -3.675513 0.171913 0.445432 -0.010536 
-0.365818 -0.467658 -3.457831 0.171337 0.445546 -0.011945 
-0.376863 -0.460746 -3.228988 0.170242 0.446068 -0.013451 
-0.379039 -0.441204 -3.031749 0.168920 0.446539 -0.014332 
-0.378731 -0.440481 -3.061173 0.167158 0.447400 -0.013590 
-0.363777 -0.431965 -3.224731 0.165628 0.448278 -0.012105 
-0.357032 -0.436894 -3.408963 0.164320 0.449403 -0.010649 
-0.344316 -0.445185 -3.604383 0.163315 0.450295 -0.008992 
-0.341633 -0.450088 -3.821972 0.163293 0.451455 -0.007263 
-0.343175 -0.444849 -3.792869 0.164130 0.452326 -0.007366 
-0.346520 -0.445854 -3.650411 0.165077 0.452711 -0.008228 
-0.353337 -0.444821 -3.457840 0.166839 0.452638 -0.009375 
-0.352496 -0.446441 -3.254280 0.168264 0.452125 -0.010612 
-0.352111 -0.447437 -3.059974 0.169694 0.451425 -0.012176 
-0.349663 -0.447995 -3.080597 0.170657 0.450455 -0.012626 
-0.337333 -0.454962 -3.244306 0.171107 0.449911 -0.012341 
-0.324823 -0.471239 -3.458829 0.171493 0.449561 -0.011997 
-0.317154 -0.476080 -3.673482 0.171475 0.449536 -0.011325 
-0.315512 -0.495304 -3.878519 0.171190 0.450024 -0.010329 
-0.328330 -0.497611 -3.846807 0.170843 0.450681 -0.010626 
-0.326899 -0.490968 -3.692708 0.170560 0.451224 -0.011245 
-0.345195 -0.480510 -3.487464 0.169808 0.451996 -0.011705 
-0.349567 -0.468269 -3.241765 0.169075 0.452283 -0.012126 
-0.345527 -0.442772 -3.036924 0.168121 0.452331 -0.012249 
-0.340611 -0.432779 -3.058918 0.166910 0.451923 -0.010739 
-0.327592 -0.426841 -3.194127 0.165521 0.451377 -0.008467 
-0.315915 -0.429567 -3.389947 0.164395 0.450845 -0.006468 
-0.320337 -0.433009 -3.626165 0.163738 0.450527 -0.004835 
-0.320256 -0.440556 -3.831158 0.163696 0.450170 -0.003936 
-0.330616 -0.443916 -3.797062 0.164147 0.449947 -0.005627 
-0.337326 -0.450769 -3.660355 0.165373 0.449586 -0.008315 
-0.344628 -0.448584 -3.452887 0.166819 0.449129 -0.011049 
-0.352125 -0.446602 -3.226310 0.168424 0.448766 -0.013448 
-0.358202 -0.452237 -3.042360 0.169657 0.448207 -0.014806 
-0.339372 -0.454315 -3.086405 0.170460 0.447605 -0.013993 
-0.333439 -0.457073 -3.234646 0.171096 0.447205 -0.011982 
-0.325391 -0.469517 -3.443852 0.171186 0.447081 -0.009592 
-0.315101 -0.475554 -3.672316 0.170840 0.447425 -0.007323 
-0.317797 -0.475605 -3.868013 0.170205 0.448429 -0.005776 
-0.329475 -0.470332 -3.824610 0.169589 0.449269 -0.006487 
-0.340160 -0.458679 -3.655778 0.168690 0.450659 -0.008484 
-0.357789 -0.449760 -3.444720 0.167444 0.451707 -0.010866 
-0.362094 -0.440677 -3.234257 0.166528 0.452662 -0.013253 
-0.351815 -0.430623 -3.035616 0.165629 0.453327 -0.015003 
-0.341686 -0.427067 -3.056798 0.165018 0.453452 -0.014262 
-0.331987 -0.424065 -3.214499 0.164893 0.453698 -0.012038 
-0.330109 -0.423471 -3.415056 0.164910 0.453528 -0.008991 
-0.322722 -0.434999 -3.637414 0.165328 0.453222 -0.005650 
-0.331655 -0.436910 -3.848212 0.166125 0.452650 -0.003048 
-0.336810 -0.449166 -3.818114 0.167000 0.451530 -0.003456 
-0.350012 -0.449499 -3.651577 0.167946 0.450640 -0.005677 
-0.349677 -0.449831 -3.451390 0.168897 0.449649 -0.009155 
-0.355354 -0.445777 -3.238871 0.169393 0.448602 -0.013149 
-0.360653 -0.450078 -3.058590 0.169833 0.447555 -0.016422 
-0.354982 -0.451589 -3.096999 0.169828 0.446753 -0.017198 
-0.347762 -0.454925 -3.252875 0.169978 0.446438 -0.015830 
-0.345081 -0.472789 -3.460962 0.169544 0.446636 -0.013545 
-0.348724 -0.469586 -3.671422 0.169254 0.446889 -0.010397 
-0.352565 -0.476594 -3.871470 0.169053 0.447615 -0.007466 
-0.350338 -0.478427 -3.811980 0.168716 0.448165 -0.006774 
-0.361966 -0.473399 -3.636262 0.168092 0.449178 -0.007696 
-0.360055 -0.458361 -3.418197 0.167544 0.449711 -0.009324 
-0.358421 -0.451487 -3.187432 0.166776 0.450142 -0.011799 
-0.357887 -0.443961 -2.998489 0.166336 0.450397 -0.013990 
-0.355892 -0.436992 -3.058185 0.165907 0.450680 -0.014142 
-0.340480 -0.446403 -3.233789 0.165859 0.450786 -0.012903 
-0.340056 -0.447569 -3.441694 0.166184 0.451007 -0.011158 
-0.340485 -0.448645 -3.650980 0.166830 0.451235 -0.009097 
-0.334097 -0.462557 -3.871433 0.167552 0.451507 -0.006732 
-0.345475 -0.466559 -3.843760 0.168802 0.451584 -0.006515 
-0.343514 -0.470240 -3.690560 0.170054 0.451547 -0.007798 
-0.334712 -0.477739 -3.493814 0.171121 0.451356 -0.010114 
-0.331699 -0.480656 -3.255229 0.171732 0.451106 -0.012599 
-0.327779 -0.475695 -3.057468 0.172241 0.450954 -0.014901 
-0.320234 -0.462086 -3.087632 0.172182 0.450624 -0.014916 
-0.317468 -0.462835 -3.252868 0.171705 0.450725 -0.013443 
-0.326949 -0.464164 -3.459388 0.170737 0.451013 -0.011357 
-0.328236 -0.461561 -3.676939 0.169641 0.451343 -0.008848 
-0.329517 -0.458829 -3.864145 0.168545 0.451669 -0.006313 
-0.332063 -0.455337 -3.821820 0.167280 0.451872 -0.006151 
-0.336515 -0.451579 -3.655299 0.166330 0.452070 -0.007175 
-0.342472 -0.437532 -3.436525 0.165610 0.451796 -0.008898 
-0.342842 -0.427877 -3.198059 0.165344 0.451574 -0.010721 
-0.336643 -0.430494 -3.011198 0.165158 0.451214 -0.012272 
-0.330889 -0.424044 -3.043196 0.165531 0.450608 -0.011867 
-0.332546 -0.430261 -3.219464 0.165978 0.449976 -0.010625 
-0.335109 -0.444878 -3.427674 0.166689 0.449351 -0.008989 
-0.323432 -0.451323 -3.646957 0.167628 0.448728 -0.007150 
-0.333275 -0.461864 -3.854615 0.168363 0.448156 -0.005727 
-0.330113 -0.464104 -3.802537 0.169150 0.447647 -0.006762 
-0.326271 -0.466873 -3.646269 0.169607 0.447307 -0.008670 
-0.335910 -0.461257 -3.427661 0.169790 0.447056 -0.010947 
-0.337305 -0.453226 -3.198221 0.169833 0.447224 -0.013431 
-0.337435 -0.454792 -3.031127 0.169651 0.447675 -0.015221 
-0.327664 -0.453545 -3.083265 0.169346 0.448380 -0.014519 
-0.338070 -0.448904 -3.239047 0.168899 0.449340 -0.012831 
-0.333189 -0.445754 -3.467410 0.168453 0.450585 -0.010566 
-0.335292 -0.454093 -3.696184 0.167762 0.451588 -0.007977 
-0.337504 -0.445520 -3.862998 0.167186 0.452590 -0.005867 
-0.335708 -0.447488 -3.801830 0.166849 0.453142 -0.005817 
-0.341463 -0.442887 -3.615599 0.166225 0.453155 -0.006826 
-0.341839 -0.433360 -3.407479 0.165959 0.452938 -0.008675 
-0.342713 -0.431442 -3.178483 0.165638 0.452526 -0.010721 
-0.352167 -0.425128 -3.001991 0.165829 0.452090 -0.012388 
-0.346924 -0.426543 -3.073805 0.166148 0.451298 -0.012232 
-0.341256 -0.438482 -3.259107 0.166559 0.450994 -0.011433 
-0.344465 -0.453301 -3.464801 0.167268 0.450372 -0.010760 
-0.347587 -0.460782 -3.671423 0.168189 0.450040 -0.009877 
-0.343253 -0.471248 -3.878293 0.168934 0.449367 -0.008775 
-0.346969 -0.478526 -3.846970 0.169682 0.449098 -0.009617 
-0.350888 -0.475085 -3.672651 0.170338 0.448337 -0.010755 
-0.353491 -0.472229 -3.457350 0.170667 0.447752 -0.011855 
-0.354106 -0.461259 -3.221639 0.170572 0.447248 -0.012714 
-0.360537 -0.455478 -3.036485 0.170117 0.446981 -0.013401 
-0.357350 -0.455178 -3.088209 0.169320 0.446871 -0.012467 
-0.351944 -0.448234 -3.242890 0.168255 0.447146 -0.010761 
-0.354029 -0.447683 -3.447298 0.167304 0.447955 -0.009536 
-0.349446 -0.452561 -3.681232 0.166480 0.449005 -0.008772 
-0.352596 -0.461867 -3.864535 0.165778 0.450196 -0.008077 
-0.344539 -0.470158 -3.820283 0.165560 0.451179 -0.009445 
-0.352931 -0.460289 -3.654108 0.165936 0.451981 -0.011244 
-0.356278 -0.460773 -3.438883 0.166723 0.452260 -0.012684 
-0.358730 -0.452362 -3.214723 0.167412 0.452440 -0.013573 
-0.362325 -0.441652 -3.023901 0.168440 0.452063 -0.013525 
-0.349813 -0.455903 -3.090287 0.168994 0.451409 -0.011766 
-0.343254 -0.458324 -3.259316 0.169473 0.450913 -0.009447 
-0.344461 -0.465293 -3.456675 0.169917 0.450471 -0.007904 
-0.330457 -0.481586 -3.702679 0.169984 0.450115 -0.006939 
-0.330910 -0.482757 -3.895153 0.170146 0.450240 -0.007108 
-0.331281 -0.484904 -3.848604 0.169967 0.450708 -0.009323 
-0.332252 -0.477619 -3.688872 0.169847 0.450977 -0.012187 
-0.340758 -0.473807 -3.459932 0.169856 0.451194 -0.014458 
-0.348355 -0.461365 -3.234133 0.169927 0.451410 -0.015551 
-0.346833 -0.460216 -3.041116 0.169444 0.451277 -0.015377 
-0.342305 -0.451150 -3.097659 0.168711 0.451166 -0.012621 
-0.345133 -0.446261 -3.267909 0.168111 0.451026 -0.009108 
-0.326309 -0.445169 -3.457033 0.167337 0.450639 -0.006037 
-0.321712 -0.453265 -3.684845 0.166331 0.450447 -0.003537 
-0.318549 -0.453479 -3.857953 0.165537 0.450353 -0.002707 
-0.326043 -0.449573 -3.791133 0.165234 0.450393 -0.004788 
-0.327968 -0.449272 -3.619778 0.165065 0.450281 -0.008177 
-0.339302 -0.444724 -3.418611 0.165561 0.450232 -0.011762 
-0.350440 -0.439220 -3.198868 0.166063 0.449990 -0.014686 
-0.348102 -0.441479 -3.034127 0.167004 0.449566 -0.016272 
-0.343603 -0.435604 -3.089981 0.168016 0.449167 -0.014934 
-0.337944 -0.446296 -3.260606 0.168758 0.448675 -0.012195 
-0.331161 -0.449042 -3.472894 0.169398 0.448280 -0.008951 
-0.330613 -0.456854 -3.673370 0.169677 0.448116 -0.006126 
-0.322511 -0.460808 -3.852016 0.169824 0.447991 -0.003815 
-0.315415 -0.465581 -3.810452 0.169792 0.448124 -0.004212 
-0.329456 -0.459417 -3.652108 0.169497 0.448772 -0.006435 
-0.344130 -0.453199 -3.430555 0.169197 0.449414 -0.009570 
-0.349974 -0.443204 -3.217813 0.168448 0.450091 -0.012918 
-0.348288 -0.438370 -3.037953 0.167829 0.451007 -0.015445 
-0.345636 -0.431693 -3.077158 0.167236 0.451378 -0.015578 
-0.341937 -0.434578 -3.243299 0.166744 0.452046 -0.013791 
-0.338289 -0.435945 -3.431305 0.166265 0.452336 -0.011375 
-0.335748 -0.446044 -3.662490 0.166208 0.452735 -0.008256 
-0.334542 -0.454149 -3.842475 0.166323 0.452658 -0.005412 
-0.328577 -0.456366 -3.773557 0.166629 0.452225 -0.004818 
-0.339326 -0.449603 -3.619777 0.167306 0.451707 -0.005867 
-0.343281 -0.455018 -3.422666 0.167737 0.451033 -0.007844 
-0.354942 -0.456363 -3.192978 0.168191 0.450408 -0.010651 
-0.359480 -0.444628 -3.034198 0.168745 0.449557 -0.013511 
-0.361143 -0.450553 -3.102615 0.168706 0.448809 -0.014420 
-0.347746 -0.457542 -3.265781 0.168834 0.448257 -0.014130 
-0.340336 -0.460804 -3.471112 0.168827 0.447852 -0.013123 
-0.346902 -0.473586 -3.709774 0.168907 0.447834 -0.011080 
-0.345189 -0.474578 -3.887629 0.168911 0.448041 -0.008983 
-0.352436 -0.470381 -3.808114 0.169093 0.448180 -0.008489 
-0.359468 -0.475475 -3.635022 0.169043 0.448585 -0.008776 
-0.359549 -0.467927 -3.430028 0.169085 0.448941 -0.009675 
-0.366556 -0.464002 -3.202223 0.168775 0.449148 -0.011299 
-0.366248 -0.456049 -3.035448 0.168500 0.449314 -0.012867 
-0.356948 -0.453914 -3.084765 0.168040 0.449734 -0.013120 
-0.345957 -0.452113 -3.257439 0.167264 0.450159 -0.012510 
-0.336112 -0.458021 -3.472149 0.166758 0.450405 -0.011512 
-0.341063 -0.464735 -3.709281 0.166559 0.450951 -0.009897 
-0.347936 -0.470817 -3.875570 0.166842 0.451405 -0.008549 
-0.342055 -0.467411 -3.815225 0.167349 0.451644 -0.008722 
-0.344614 -0.475978 -3.652187 0.167921 0.451827 -0.009455 
-0.348198 -0.465763 -3.438357 0.168783 0.451540 -0.010350 
-0.351811 -0.464796 -3.244157 0.169582 0.451442 -0.011481 
-0.341272 -0.462994 -3.060101 0.170394 0.451056 -0.012618 
-0.327400 -0.470222 -3.122976 0.170516 0.450679 -0.011923 
-0.327829 -0.461521 -3.288482 0.170908 0.450520 -0.010885 
-0.319288 -0.466587 -3.483482 0.170727 0.450582 -0.009872 
-0.324278 -0.472278 -3.719470 0.170375 0.450840 -0.008572 
-0.335443 -0.474418 -3.882739 0.169718 0.451323 -0.007742 
-0.333050 -0.475519 -3.818207 0.168904 0.451581 -0.008644 
-0.338522 -0.463377 -3.652014 0.168335 0.451790 -0.009777 
-0.344070 -0.458316 -3.424200 0.167551 0.451700 -0.011069 
-0.348938 -0.444427 -3.186612 0.166669 0.451512 -0.012131 
-0.347390 -0.434782 -3.011650 0.166086 0.451288 -0.012717 
-0.337968 -0.429415 -3.075187 0.165651 0.450948 -0.011365 
-0.328885 -0.440728 -3.252361 0.165265 0.450525 -0.009259 
-0.320588 -0.444479 -3.450115 0.165255 0.450305 -0.007283 
-0.328208 -0.447727 -3.657615 0.165561 0.450007 -0.005639 
-0.328926 -0.446695 -3.833430 0.165899 0.449657 -0.004503 
-0.332488 -0.462003 -3.791085 0.166430 0.449286 -0.005549 
-0.351158 -0.451238 -3.603890 0.167128 0.448819 -0.007748 
-0.355698 -0.448758 -3.416122 0.167775 0.448248 -0.010163 
-0.351442 -0.450607 -3.176689 0.167913 0.447702 -0.012637 
-0.353985 -0.440406 -3.010933 0.168296 0.447316 -0.014208 
-0.346501 -0.444671 -3.073016 0.168273 0.447271 -0.013726 
-0.338202 -0.458301 -3.249122 0.168192 0.447426 -0.012275 
-0.335818 -0.460601 -3.456246 0.168027 0.447918 -0.010525 
-0.333160 -0.464745 -3.684766 0.168011 0.448889 -0.008481 
-0.330318 -0.477548 -3.860987 0.167771 0.449943 -0.006930 
-0.336798 -0.467817 -3.788662 0.167831 0.450746 -0.007517 
-0.350313 -0.454052 -3.602579 0.167748 0.451679 -0.008862 
-0.348891 -0.447015 -3.406058 0.167305 0.452120 -0.010084 
-0.356550 -0.442669 -3.168399 0.167158 0.452235 -0.011701 
-0.354983 -0.433911 -3.012851 0.166569 0.452203 -0.012628 
-0.345776 -0.428612 -3.075549 0.166133 0.451864 -0.011597 
-0.336211 -0.432053 -3.261524 0.165643 0.451537 -0.009924 
-0.343442 -0.444150 -3.478256 0.165726 0.451329 -0.008504 
-0.344267 -0.460097 -3.715192 0.165948 0.450981 -0.007211 
-0.346707 -0.468630 -3.890391 0.166700 0.450925 -0.006624 
-0.351890 -0.476652 -3.816656 0.167761 0.450850 -0.008402 
-0.357674 -0.475241 -3.629736 0.168883 0.450576 -0.010829 
-0.362913 -0.480701 -3.432329 0.169634 0.449910 -0.013132 
-0.367595 -0.469935 -3.194892 0.170499 0.449434 -0.015291 
-0.362667 -0.462983 -3.041459 0.170864 0.448806 -0.016014 
-0.347925 -0.460557 -3.106329 0.170894 0.448142 -0.014454 
-0.346116 -0.467667 -3.252604 0.170532 0.447768 -0.012535 
-0.348824 -0.470928 -3.490795 0.169557 0.447439 -0.009933 
-0.351207 -0.477552 -3.728519 0.168718 0.447967 -0.007665 
-0.347347 -0.479082 -3.882280 0.167914 0.448249 -0.006502 
-0.352176 -0.478019 -3.837753 0.167272 0.449038 -0.007642 
-0.351342 -0.473095 -3.659274 0.166975 0.449961 -0.009852 
-0.358675 -0.462855 -3.450135 0.166870 0.450653 -0.012249 
-0.360728 -0.463788 -3.212198 0.167170 0.451013 -0.014307 
-0.361836 -0.447987 -3.037878 0.167592 0.451384 -0.015341 
-0.347205 -0.448433 -3.093266 0.167923 0.451484 -0.013787 
-0.333326 -0.455952 -3.263990 0.168531 0.451223 -0.010941 
-0.326130 -0.468307 -3.474578 0.168942 0.451107 -0.008236 
-0.332868 -0.472173 -3.704848 0.169245 0.450998 -0.005649 
-0.326046 -0.476795 -3.890536 0.169548 0.450977 -0.004635 
-0.327528 -0.477274 -3.836048 0.169701 0.451072 -0.006200 
-0.330064 -0.477576 -3.655982 0.169848 0.451154 -0.009266 
-0.331479 -0.469410 -3.444812 0.169732 0.451228 -0.012406 
-0.333352 -0.469875 -3.213909 0.169714 0.451394 -0.015427 
-0.340975 -0.457425 -3.036726 0.169627 0.451520 -0.017200 
-0.332146 -0.453548 -3.110966 0.169503 0.451569 -0.015867 
-0.329193 -0.452847 -3.280634 0.169198 0.451386 -0.012789 
-0.324923 -0.453253 -3.482088 0.168727 0.451486 -0.009095 
-0.321135 -0.452276 -3.703727 0.168267 0.451210 -0.005414 
-0.316913 -0.451265 -3.861615 0.167482 0.450920 -0.002638 
-0.316283 -0.450277 -3.779289 0.167164 0.450713 -0.002882 
-0.330029 -0.440021 -3.599777 0.166414 0.450305 -0.005067 
-0.330946 -0.447087 -3.378334 0.165870 0.449984 -0.007978 
-0.332635 -0.437077 -3.145767 0.165605 0.449578 -0.011413 
-0.335027 -0.435657 -3.006674 0.165606 0.449188 -0.014184 
-0.336435 -0.442538 -3.077073 0.165721 0.448727 -0.014458 
-0.336461 -0.442951 -3.263886 0.166050 0.448756 -0.013014 
-0.337365 -0.442516 -3.463013 0.166706 0.448604 -0.010940 
-0.330980 -0.446549 -3.705114 0.167499 0.448502 -0.008050 
-0.332336 -0.454616 -3.854161 0.168254 0.448439 -0.005832 
-0.334043 -0.453916 -3.784157 0.168736 0.448347 -0.005778 
-0.335936 -0.453392 -3.599269 0.169051 0.448333 -0.006912 
-0.337604 -0.453295 -3.392212 0.169200 0.448409 -0.008668 
-0.344841 -0.449173 -3.151493 0.168729 0.448517 -0.011243 
-0.344755 -0.441416 -3.014226 0.168454 0.448688 -0.013157 
-0.341921 -0.444049 -3.104245 0.167798 0.449252 -0.013232 
-0.338412 -0.438504 -3.287603 0.167206 0.449829 -0.012526 
-0.341981 -0.438330 -3.502952 0.166733 0.450746 -0.011319 
-0.338544 -0.450165 -3.741237 0.166343 0.451519 -0.009171 
-0.344102 -0.456832 -3.866545 0.166299 0.452149 -0.007786 
-0.344265 -0.457666 -3.806158 0.166451 0.452428 -0.007740 
-0.345077 -0.457428 -3.632802 0.166603 0.452505 -0.008239 
-0.347352 -0.447926 -3.408337 0.167139 0.452398 -0.009122 
-0.350823 -0.444716 -3.182342 0.167631 0.451721 -0.010536 
-0.353654 -0.442185 -3.026894 0.167960 0.451144 -0.012009 
-0.355106 -0.447419 -3.088811 0.168087 0.450301 -0.011627 
-0.349215 -0.449906 -3.273593 0.168405 0.449712 -0.010927 
-0.342679 -0.452943 -3.498577 0.168560 0.449220 -0.010259 
-0.342914 -0.477408 -3.733507 0.168401 0.448862 -0.009498 
-0.343170 -0.477624 -3.907406 0.168569 0.448793 -0.009005 
-0.353068 -0.481479 -3.833709 0.169014 0.448753 -0.010343 
-0.354766 -0.480751 -3.667930 0.169170 0.448644 -0.011811 
-0.363518 -0.475625 -3.441745 0.169350 0.448578 -0.013119 
-0.357420 -0.470979 -3.206358 0.169534 0.448599 -0.014099 
-0.357605 -0.470403 -3.053789 0.169530 0.448579 -0.014290 
-0.355183 -0.462676 -3.107824 0.169268 0.448767 -0.012830 
-0.351751 -0.464110 -3.294990 0.168788 0.449058 -0.010735 
-0.348951 -0.466011 -3.491716 0.168465 0.449451 -0.008973 
-0.338441 -0.472605 -3.728357 0.167955 0.449887 -0.007352 
-0.343562 -0.470504 -3.891667 0.167653 0.450330 -0.006741 
-0.342603 -0.473501 -3.816212 0.167306 0.451073 -0.008289 
-0.350464 -0.470238 -3.627474 0.167153 0.451385 -0.010594 
-0.352501 -0.462180 -3.430600 0.167519 0.451564 -0.012467 
-0.347903 -0.457647 -3.194078 0.168023 0.451594 -0.014094 
-0.349324 -0.448756 -3.040998 0.168398 0.451586 -0.014716 
-0.350031 -0.456722 -3.127133 0.168829 0.451508 -0.013083 
-0.342997 -0.460655 -3.306321 0.169298 0.451391 -0.010777 
-0.335552 -0.464316 -3.505458 0.169609 0.451179 -0.008485 
-0.327678 -0.468595 -3.743956 0.169757 0.451064 -0.006547 
-0.319829 -0.481472 -3.898970 0.169680 0.451027 -0.005397 
-0.327537 -0.476881 -3.793626 0.169541 0.450969 -0.006803 
-0.335175 -0.464167 -3.604368 0.169294 0.450997 -0.009206 
-0.341375 -0.459437 -3.404384 0.168509 0.450913 -0.011487 
-0.347958 -0.445728 -3.164823 0.167946 0.450736 -0.013517 
-0.352892 -0.440586 -3.018488 0.167007 0.450558 -0.014553 
-0.335955 -0.440115 -3.102830 0.166543 0.450358 -0.013008 
-0.332606 -0.438879 -3.280371 0.165921 0.449981 -0.010573 
-0.330090 -0.438442 -3.478707 0.165615 0.449804 -0.008162 
-0.321134 -0.443007 -3.728738 0.165602 0.449779 -0.005589 
-0.328300 -0.446357 -3.854216 0.165742 0.449561 -0.004196 
-0.336698 -0.450100 -3.781654 0.165868 0.449511 -0.004887 
-0.333219 -0.444779 -3.605223 0.166540 0.449271 -0.006886 
-0.343322 -0.447922 -3.397228 0.166823 0.449116 -0.009071 
-0.347104 -0.428885 -3.158194 0.167424 0.448636 -0.011650 
-0.349259 -0.427533 -3.001669 0.167584 0.448340 -0.013445 
-0.342696 -0.439934 -3.083620 0.167666 0.448204 -0.013199 
-0.341741 -0.447706 -3.268961 0.167461 0.447935 -0.011960 
-0.334253 -0.453015 -3.476580 0.167761 0.448104 -0.010323 
-0.331923 -0.463804 -3.714264 0.167538 0.448597 -0.008496 
-0.330763 -0.457532 -3.860185 0.167751 0.449093 -0.007125 
-0.331534 -0.459591 -3.798425 0.168054 0.449662 -0.007728 
-0.347320 -0.461481 -3.612714 0.168342 0.450318 -0.009189 
-0.347833 -0.454069 -3.406043 0.168383 0.450676 -0.010730 
-0.355620 -0.442452 -3.168473 0.168447 0.451081 -0.012458 
-0.348257 -0.438147 -3.024419 0.168313 0.451106 -0.013190 
-0.346708 -0.430195 -3.098106 0.168213 0.451206 -0.012070 
-0.351294 -0.434470 -3.273937 0.167708 0.451168 -0.010390 
-0.348822 -0.443017 -3.479827 0.167178 0.451082 -0.008845 
-0.346772 -0.452092 -3.726461 0.166807 0.451100 -0.007338 
-0.346419 -0.460961 -3.880083 0.166753 0.451116 -0.006722 
-0.349251 -0.468959 -3.806100 0.167173 0.451024 -0.008168 
-0.360140 -0.464540 -3.618686 0.167830 0.451073 -0.010483 
-0.364224 -0.462685 -3.421665 0.168473 0.450690 -0.012571 
-0.369369 -0.460679 -3.194840 0.169437 0.450310 -0.014638 
-0.365121 -0.462554 -3.051182 0.169901 0.449781 -0.015590 
-0.359144 -0.456430 -3.126441 0.170435 0.449277 -0.014260 
-0.358434 -0.462887 -3.314536 0.170401 0.448726 -0.012058 
-0.349117 -0.475021 -3.511963 0.170010 0.448495 -0.009971 
-0.347287 -0.483540 -3.750419 0.169804 0.448420 -0.007816 
-0.344294 -0.484716 -3.893487 0.169162 0.448610 -0.006966 
-0.350437 -0.472539 -3.808477 0.168757 0.448739 -0.008170 
-0.356989 -0.469990 -3.609102 0.168277 0.449231 -0.010463 
-0.364347 -0.458991 -3.410895 0.168178 0.449734 -0.012545 
-0.364681 -0.460367 -3.182270 0.167995 0.450178 -0.014604 
-0.364123 -0.453498 -3.047824 0.167875 0.450634 -0.015562 
-0.355912 -0.450352 -3.143698 0.168068 0.450882 -0.013933 
-0.340465 -0.460163 -3.313108 0.168339 0.451181 -0.011410 
-0.338930 -0.452367 -3.512916 0.168566 0.451302 -0.008794 
-0.330384 -0.457202 -3.742999 0.168711 0.451373 -0.006208 
-0.330010 -0.466207 -3.878351 0.168815 0.451484 -0.004936 
-0.331472 -0.466822 -3.805593 0.169128 0.451673 -0.005846 
-0.326073 -0.461612 -3.627237 0.169158 0.451417 -0.008156 
-0.342001 -0.469552 -3.427377 0.168921 0.451397 -0.010772 
-0.337437 -0.464619 -3.197050 0.169106 0.451234 -0.013684 
-0.337585 -0.456041 -3.039529 0.168836 0.451213 -0.015579 
-0.329428 -0.451607 -3.122184 0.168716 0.451074 -0.014894 
-0.327754 -0.451575 -3.298895 0.168566 0.450995 -0.013111 
-0.325199 -0.452162 -3.498375 0.168414 0.451105 -0.010386 
-0.314737 -0.456485 -3.719195 0.168080 0.451066 -0.007140 
-0.312626 -0.456190 -3.867237 0.167932 0.450981 -0.004690 
-0.326824 -0.454856 -3.775843 0.167767 0.450782 -0.004606 
-0.326118 -0.445616 -3.579256 0.167340 0.450655 -0.005820 
-0.334063 -0.439684 -3.380892 0.167045 0.450299 -0.007784 
-0.334952 -0.437501 -3.139820 0.166565 0.449788 -0.010460 
-0.342492 -0.431426 -2.991749 0.166113 0.449340 -0.012463 
-0.341266 -0.430743 -3.081939 0.165641 0.449057 -0.012529 
-0.333416 -0.434365 -3.265941 0.165470 0.448740 -0.011824 
-0.340359 -0.438793 -3.472364 0.165606 0.448722 -0.010502 
-0.333360 -0.452102 -3.701527 0.166011 0.448800 -0.008459 
-0.341359 -0.456251 -3.847802 0.166468 0.448782 -0.007091 
-0.336803 -0.461122 -3.757030 0.167235 0.449023 -0.007459 
-0.340153 -0.451727 -3.563453 0.168093 0.448928 -0.008374 
-0.349979 -0.446706 -3.368158 0.168594 0.448874 -0.009713 
-0.344553 -0.441504 -3.141185 0.168782 0.448708 -0.011341 
-0.345022 -0.449221 -3.006263 0.168560 0.448592 -0.012404 
-0.336993 -0.437517 -3.089008 0.168651 0.448744 -0.011830 
-0.341125 -0.443168 -3.293269 0.167977 0.448991 -0.010819 
-0.338105 -0.445625 -3.498172 0.167489 0.449477 -0.009707 
-0.335918 -0.448881 -3.723871 0.167318 0.450163 -0.008619 
-0.340893 -0.464193 -3.877519 0.166894 0.450787 -0.007792 
-0.347845 -0.462829 -3.773386 0.166893 0.451584 -0.008891 
-0.355692 -0.459831 -3.596723 0.166900 0.451995 -0.010566 
-0.365036 -0.456194 -3.381241 0.167390 0.452318 -0.011892 
-0.360462 -0.450902 -3.155651 0.167900 0.452159 -0.013205 
-0.354480 -0.453485 -3.033380 0.168040 0.451812 -0.013529 
-0.362485 -0.447234 -3.128535 0.168407 0.451314 -0.012213 
-0.347727 -0.446345 -3.315934 0.168593 0.450954 -0.010442 
-0.354126 -0.457644 -3.511869 0.168360 0.450545 -0.008997 
-0.339884 -0.464750 -3.769429 0.168493 0.450003 -0.007501 
-0.347261 -0.468791 -3.901407 0.168468 0.449880 -0.007398 
-0.355937 -0.480697 -3.816145 0.168374 0.449729 -0.008935 
-0.365951 -0.467247 -3.638066 0.168774 0.449585 -0.011355 
-0.367706 -0.474488 -3.430081 0.168711 0.449370 -0.013322 
-0.369144 -0.464811 -3.192158 0.168766 0.449157 -0.015150 
-0.370155 -0.455650 -3.059026 0.168983 0.449053 -0.015786 
-0.361808 -0.459645 -3.124465 0.168964 0.449005 -0.014020 
-0.352840 -0.463953 -3.313804 0.168950 0.448972 -0.011395 
-0.350259 -0.465298 -3.502352 0.168791 0.449271 -0.008984 
-0.347538 -0.474929 -3.740571 0.168416 0.449475 -0.006830 
-0.345573 -0.477107 -3.885325 0.168249 0.449961 -0.005670 
-0.344539 -0.462494 -3.790025 0.168025 0.450517 -0.007087 
-0.345335 -0.463374 -3.601001 0.167847 0.450778 -0.009500 
-0.360477 -0.456037 -3.411710 0.167718 0.451143 -0.012017 
-0.361871 -0.448006 -3.182270 0.167761 0.451311 -0.014501 
-0.355375 -0.443347 -3.027522 0.167789 0.451244 -0.015547 
-0.340362 -0.452772 -3.122487 0.167897 0.451437 -0.014242 
-0.332260 -0.456726 -3.301132 0.168045 0.451313 -0.011932 
-0.331189 -0.457689 -3.511553 0.168372 0.451531 -0.009224 
-0.330823 -0.466721 -3.742680 0.168804 0.451659 -0.006431 
-0.323798 -0.470261 -3.879447 0.169112 0.451439 -0.004728 
-0.325206 -0.462386 -3.776127 0.169482 0.451628 -0.005717 
-0.320290 -0.465048 -3.588970 0.169617 0.451276 -0.007594 
-0.328210 -0.459875 -3.379674 0.169316 0.451109 -0.009873 
-0.336533 -0.445588 -3.149071 0.169078 0.450753 -0.012557 
-0.336342 -0.444341 -3.022645 0.168598 0.450444 -0.014046 
-0.340635 -0.431042 -3.114041 0.167890 0.450206 -0.013461 
-0.330178 -0.435596 -3.299778 0.167232 0.450159 -0.011789 
-0.327226 -0.435647 -3.507131 0.166762 0.450074 -0.009706 
-0.324524 -0.444391 -3.725935 0.166393 0.450086 -0.007211 
-0.330381 -0.448455 -3.840777 0.166207 0.450048 -0.005806 
-0.324341 -0.452949 -3.739064 0.166494 0.450181 -0.006156 
-0.333098 -0.447950 -3.543226 0.166675 0.450119 -0.007490 
-0.335219 -0.437222 -3.336726 0.166899 0.449630 -0.009022 
-0.337966 -0.426831 -3.109439 0.167280 0.449237 -0.010862 
-0.339696 -0.425474 -2.984938 0.167443 0.448943 -0.012041 
-0.340415 -0.423921 -3.087984 0.167620 0.448486 -0.011483 
-0.332813 -0.436235 -3.283438 0.167548 0.448266 -0.010365 
-0.331576 -0.436466 -3.488817 0.167398 0.448191 -0.009250 
-0.337030 -0.450917 -3.735418 0.167145 0.448547 -0.007858 
-0.337216 -0.452787 -3.869183 0.167460 0.448950 -0.007339 
-0.345564 -0.458047 -3.774757 0.167573 0.449277 -0.008660 
-0.347777 -0.451080 -3.578188 0.168092 0.449744 -0.010539 
-0.356733 -0.456292 -3.371937 0.168360 0.450156 -0.012089 
-0.351242 -0.452871 -3.135177 0.168696 0.450466 -0.013718 
-0.358868 -0.440320 -3.023423 0.168934 0.450605 -0.013944 
-0.350480 -0.436083 -3.118993 0.168975 0.450564 -0.012308 
-0.340030 -0.450021 -3.306088 0.168411 0.450801 -0.010217 
-0.344770 -0.446268 -3.492940 0.168123 0.450865 -0.008333 
-0.341853 -0.455696 -3.750268 0.167590 0.450974 -0.006513 
-0.340642 -0.464526 -3.872163 0.167213 0.450979 -0.006186 
-0.356310 -0.464688 -3.776041 0.167198 0.451072 -0.008034 
-0.357998 -0.464455 -3.587254 0.167188 0.451053 -0.010446 
-0.360539 -0.464133 -3.399850 0.167499 0.451041 -0.012542 
-0.364174 -0.462509 -3.151152 0.167978 0.450742 -0.014906 
-0.359846 -0.457176 -3.038769 0.168655 0.450507 -0.015674 
-0.360799 -0.464580 -3.165343 0.169092 0.450245 -0.014073 
-0.354657 -0.467399 -3.344769 0.169729 0.449849 -0.011766 
-0.354540 -0.475346 -3.543567 0.170006 0.449685 -0.009583 
-0.346275 -0.478467 -3.782600 0.170002 0.449281 -0.007318 
-0.345694 -0.487011 -3.876369 0.169947 0.449288 -0.006328 
-0.352750 -0.482842 -3.780880 0.169646 0.449323 -0.007742 
-0.360226 -0.478550 -3.623022 0.169341 0.449351 -0.009745 
-0.359538 -0.479053 -3.423057 0.168684 0.449504 -0.012140 
-0.366728 -0.466570 -3.182123 0.168272 0.449616 -0.014819 
-0.359299 -0.454791 -3.057268 0.168191 0.449836 -0.015996 
-0.357322 -0.456712 -3.141330 0.168022 0.450313 -0.014784 
-0.347630 -0.453838 -3.329377 0.167898 0.450563 -0.012586 
-0.338837 -0.459237 -3.519021 0.168036 0.450818 -0.009968 
-0.337316 -0.460953 -3.750534 0.168359 0.451228 -0.006959 
-0.329446 -0.473966 -3.887277 0.168440 0.451285 -0.005153 
-0.330686 -0.474385 -3.785012 0.168753 0.451470 -0.005716 
-0.331896 -0.465656 -3.597688 0.168803 0.451453 -0.007591 
-0.341300 -0.460860 -3.399333 0.168981 0.451394 -0.009887 
-0.343016 -0.459347 -3.148711 0.168816 0.451079 -0.012562 
-0.343195 -0.450139 -3.032468 0.168553 0.450873 -0.014168 
-0.342822 -0.449367 -3.124040 0.168403 0.450597 -0.013919 
-0.332996 -0.454387 -3.319335 0.167902 0.450651 -0.012580 
-0.331088 -0.455175 -3.516299 0.167747 0.450763 -0.010817 
-0.328539 -0.455890 -3.746125 0.167596 0.450877 -0.008118 
-0.328338 -0.455978 -3.873085 0.167924 0.450898 -0.006301 
-0.328993 -0.464291 -3.761475 0.168020 0.450979 -0.006426 
-0.329139 -0.454962 -3.566270 0.167914 0.450859 -0.007325 
-0.337480 -0.449564 -3.360033 0.167936 0.450698 -0.008646 
-0.338066 -0.439976 -3.120729 0.167669 0.450477 -0.010790 
-0.338289 -0.429122 -2.996003 0.167418 0.449890 -0.011741 
-0.329109 -0.423815 -3.107318 0.166824 0.449461 -0.011392 
-0.334004 -0.435624 -3.311727 0.166106 0.449136 -0.010269 
-0.332326 -0.436216 -3.495776 0.165791 0.449151 -0.009457 
-0.337598 -0.449447 -3.711726 0.165385 0.449214 -0.008033 
-0.338043 -0.449738 -3.836170 0.165711 0.449237 -0.007179 
-0.339740 -0.449532 -3.743158 0.166028 0.449234 -0.008069 
-0.349613 -0.452873 -3.548078 0.166470 0.449178 -0.009304 
-0.352157 -0.451928 -3.353334 0.166947 0.449072 -0.010430 
-0.355516 -0.442140 -3.117336 0.167645 0.448874 -0.011948 
-0.357432 -0.441378 -3.016148 0.168126 0.448779 -0.012189 
-0.342436 -0.440660 -3.120685 0.168146 0.448500 -0.010989 
-0.334330 -0.445237 -3.306669 0.168128 0.448469 -0.009649 
-0.339946 -0.451266 -3.521871 0.167933 0.448824 -0.008656 
-0.345112 -0.458048 -3.758164 0.167734 0.449370 -0.007362 
-0.350915 -0.464253 -3.858481 0.167370 0.449804 -0.007557 
-0.358774 -0.461513 -3.742511 0.167378 0.450223 -0.009284 
-0.351993 -0.459192 -3.586152 0.167389 0.450725 -0.010979 
-0.353186 -0.460607 -3.389255 0.167528 0.451181 -0.012748 
-0.362281 -0.448277 -3.162322 0.167918 0.451407 -0.014488 
-0.363563 -0.456928 -3.029925 0.168171 0.451584 -0.014920 
-0.348546 -0.456345 -3.116192 0.168350 0.451400 -0.013065 
-0.347509 -0.456157 -3.295124 0.168523 0.451327 -0.010646 
-0.346934 -0.455473 -3.513655 0.168701 0.451071 -0.008580 
-0.339108 -0.468112 -3.752369 0.168790 0.450952 -0.006538 
-0.346054 -0.472018 -3.886025 0.168766 0.450828 -0.005794 
-0.348221 -0.470924 -3.790192 0.168928 0.450540 -0.007641 
-0.343736 -0.473722 -3.601357 0.169061 0.450189 -0.010159 
-0.359857 -0.472609 -3.411376 0.168888 0.449984 -0.012886 
-0.355730 -0.467187 -3.172032 0.169237 0.449729 -0.015470 
-0.356808 -0.466251 -3.057386 0.169237 0.449527 -0.016656 
-0.349576 -0.469330 -3.152570 0.169386 0.449204 -0.015237 
-0.340534 -0.466036 -3.330762 0.169424 0.449363 -0.013031 
-0.339310 -0.475028 -3.530161 0.169534 0.449479 -0.010527 
-0.337225 -0.484503 -3.770601 0.169481 0.449690 -0.007736 
-0.335690 -0.486064 -3.875992 0.169477 0.450079 -0.006223 
-0.335815 -0.478143 -3.772969 0.169527 0.450259 -0.006885 
-0.342828 -0.474347 -3.575510 0.169217 0.450470 -0.008535 
-0.349593 -0.461858 -3.366600 0.168807 0.450584 -0.010598 
-0.349503 -0.453450 -3.126218 0.168371 0.450644 -0.013064 
-0.341300 -0.449491 -3.041475 0.167916 0.450669 -0.014163 
-0.339556 -0.441336 -3.134271 0.167658 0.450675 -0.013378 
-0.329932 -0.446688 -3.340804 0.167316 0.450827 -0.011730 
-0.328898 -0.456507 -3.528432 0.167418 0.451133 -0.009862 
-0.327182 -0.458020 -3.779055 0.167583 0.451447 -0.007188 
-0.328737 -0.466521 -3.873910 0.168170 0.451470 -0.006209 
-0.330628 -0.466518 -3.761789 0.168645 0.451563 -0.006765 
-0.340429 -0.462257 -3.555562 0.169141 0.451699 -0.008419 
-0.335901 -0.456070 -3.359174 0.169498 0.451257 -0.010072 
-0.337401 -0.454490 -3.109390 0.169334 0.450942 -0.012425 
-0.336979 -0.444185 -3.024866 0.168920 0.450451 -0.013409 
-0.328283 -0.446751 -3.127379 0.168431 0.449926 -0.012627 
-0.324842 -0.438801 -3.313187 0.167856 0.449933 -0.010951 
-0.329281 -0.451234 -3.508342 0.167134 0.449796 -0.009502 
-0.332749 -0.447693 -3.756181 0.166527 0.449860 -0.007344 
-0.330812 -0.448590 -3.839100 0.166205 0.450050 -0.006448 
-0.331851 -0.448677 -3.725597 0.166358 0.450135 -0.007319 
-0.339300 -0.444392 -3.519123 0.166212 0.450254 -0.008641 
-0.340777 -0.443469 -3.323836 0.166368 0.450140 -0.009762 
-0.342657 -0.433432 -3.107243 0.166587 0.449838 -0.011288 
-0.344197 -0.431248 -2.994513 0.166757 0.449355 -0.011832 
-0.337132 -0.426033 -3.088643 0.166964 0.449036 -0.010837 
-0.335962 -0.433738 -3.274823 0.166760 0.448767 -0.009278 
-0.335841 -0.442308 -3.480960 0.166871 0.448697 -0.008064 
-0.328398 -0.446722 -3.717781 0.167018 0.448583 -0.006768 
-0.342211 -0.456161 -3.849184 0.166790 0.448789 -0.006775 
-0.351642 -0.461135 -3.743225 0.167064 0.449026 -0.008730 
-0.360571 -0.457851 -3.555030 0.167232 0.449347 -0.011040 
-0.362871 -0.458221 -3.357532 0.167539 0.449523 -0.013130 
-0.365117 -0.450101 -3.129474 0.167903 0.449698 -0.015299 
-0.359077 -0.454595 -3.027761 0.168191 0.449831 -0.015649 
-0.350891 -0.450690 -3.134567 0.168390 0.449890 -0.013705 
-0.349163 -0.451946 -3.324497 0.168554 0.450196 -0.010979 
-0.339495 -0.448314 -3.523476 0.168435 0.450258 -0.008466 
-0.337626 -0.457856 -3.763076 0.168382 0.450470 -0.005995 
-0.343023 -0.463167 -3.876003 0.168026 0.450713 -0.005233 
-0.343425 -0.463411 -3.760280 0.167857 0.450792 -0.006741 
-0.351742 -0.459524 -3.580796 0.167708 0.450918 -0.009373 
-0.367622 -0.459103 -3.380722 0.167530 0.450900 -0.012093 
-0.362402 -0.454462 -3.129903 0.167552 0.450825 -0.014987 
-0.371016 -0.458272 -3.056502 0.167677 0.450776 -0.015999 
-0.364415 -0.461817 -3.161245 0.167983 0.450554 -0.014913 
-0.357838 -0.465125 -3.349688 0.168456 0.450251 -0.012934 
-0.350810 -0.469186 -3.559222 0.168926 0.450138 -0.010655 
-0.343796 -0.482760 -3.800461 0.169491 0.450314 -0.007982 
-0.352239 -0.486027 -3.895298 0.169950 0.450101 -0.006889 
-0.339537 -0.485550 -3.771992 0.170276 0.449994 -0.007753 
-0.355011 -0.484235 -3.584526 0.170106 0.449786 -0.009517 
-0.356019 -0.475175 -3.385966 0.169997 0.449670 -0.011699 
-0.356821 -0.465655 -3.145823 0.169729 0.449450 -0.014165 
-0.354615 -0.457575 -3.060822 0.168979 0.449519 -0.015151 
-0.351616 -0.458623 -3.173543 0.168336 0.449705 -0.014275 
-0.348399 -0.460124 -3.359871 0.167855 0.449997 -0.012501 
-0.338055 -0.457672 -3.557773 0.167568 0.450339 -0.010309 
-0.335898 -0.459545 -3.787066 0.167568 0.450742 -0.007937 
-0.334773 -0.461377 -3.872509 0.167721 0.451227 -0.006410 
-0.342885 -0.466705 -3.760652 0.167994 0.451648 -0.006755 
-0.344074 -0.458113 -3.555058 0.168203 0.451725 -0.007974 
-0.346371 -0.448475 -3.348863 0.168580 0.451523 -0.009512 
-0.340960 -0.443008 -3.109815 0.168609 0.451259 -0.011770 
-0.341868 -0.441109 -3.025210 0.168457 0.450774 -0.012976 
-0.333804 -0.444142 -3.137282 0.168125 0.450349 -0.012527 
-0.332151 -0.443974 -3.332264 0.167816 0.450175 -0.011400 
-0.330937 -0.453325 -3.526926 0.167601 0.450286 -0.010496 
-0.321713 -0.450085 -3.784919 0.167482 0.450358 -0.008677 
-0.328823 -0.454825 -3.858188 0.167609 0.450513 -0.007887 
-0.322534 -0.450626 -3.745023 0.167797 0.450550 -0.008650 
-0.337948 -0.450471 -3.540432 0.167939 0.450724 -0.009444 
-0.331465 -0.444795 -3.335924 0.167972 0.450460 -0.010123 
-0.333123 -0.434562 -3.089824 0.168191 0.450153 -0.011302 
-0.339295 -0.421003 -3.008407 0.167957 0.450000 -0.011222 
-0.330584 -0.423833 -3.122996 0.167628 0.449573 -0.009810 
-0.328298 -0.423199 -3.308418 0.167161 0.449298 -0.008349 
-0.318513 -0.427196 -3.502570 0.166507 0.449065 -0.007325 
-0.322851 -0.433308 -3.748413 0.165992 0.449415 -0.006032 
-0.337083 -0.442625 -3.817446 0.165760 0.449614 -0.006629 
-0.346050 -0.438839 -3.700875 0.165936 0.449754 -0.008676 
-0.347939 -0.438939 -3.523325 0.166085 0.449834 -0.010780 
-0.350264 -0.438549 -3.336759 0.166397 0.449822 -0.012555 
-0.354249 -0.429099 -3.079975 0.167251 0.449721 -0.014381 
-0.349542 -0.432120 -2.999829 0.167872 0.449485 -0.014428 
-0.349623 -0.439749 -3.106751 0.168146 0.449310 -0.012487 
-0.349894 -0.438847 -3.296319 0.168645 0.449058 -0.010080 
-0.334734 -0.447073 -3.505024 0.168769 0.448886 -0.007903 
-0.340648 -0.460276 -3.753541 0.168686 0.448960 -0.005868 
-0.339800 -0.461016 -3.855273 0.168525 0.449063 -0.005632 
-0.347899 -0.457583 -3.749395 0.168539 0.449295 -0.007366 
-0.356023 -0.462749 -3.560033 0.168326 0.449605 -0.009887 
-0.371165 -0.455412 -3.370742 0.168197 0.449969 -0.012404 
-0.364602 -0.452636 -3.140777 0.168047 0.450365 -0.014997 
-0.364727 -0.444716 -3.037754 0.168097 0.450545 -0.015659 
-0.363649 -0.445653 -3.152400 0.168097 0.450747 -0.014473 
-0.354655 -0.450719 -3.330807 0.168076 0.450902 -0.012163 
-0.346366 -0.463854 -3.529920 0.168160 0.450967 -0.009768 
-0.345301 -0.464946 -3.770687 0.168488 0.451189 -0.007086 
-0.353068 -0.469394 -3.864447 0.168779 0.451256 -0.006315 
-0.347283 -0.472932 -3.760752 0.168912 0.451103 -0.007301 
-0.356688 -0.468136 -3.562396 0.169090 0.451043 -0.009597 
-0.358636 -0.466324 -3.364289 0.169091 0.450644 -0.011675 
-0.361224 -0.464586 -3.133319 0.169090 0.450242 -0.014689 
-0.362287 -0.454658 -3.059736 0.169155 0.449859 -0.015691 
-0.354424 -0.458022 -3.183045 0.168982 0.449534 -0.014934 
-0.353214 -0.466750 -3.370369 0.168932 0.449552 -0.013059 
-0.344917 -0.470501 -3.568123 0.168921 0.449332 -0.011083 
-0.343249 -0.480375 -3.818960 0.169027 0.449643 -0.008304 
-0.342527 -0.473093 -3.883097 0.169243 0.449940 -0.007183 
-0.343761 -0.473383 -3.750486 0.169554 0.450120 -0.007720 
-0.344979 -0.474039 -3.564521 0.169699 0.450387 -0.009175 
-0.352380 -0.461393 -3.357831 0.169612 0.450509 -0.010601 
-0.345661 -0.456639 -3.108147 0.169314 0.450424 -0.012848 
-0.343896 -0.448200 -3.044476 0.168728 0.450404 -0.013531 
-0.334725 -0.452277 -3.157150 0.168229 0.450259 -0.012763 
-0.330608 -0.445508 -3.341881 0.167485 0.450547 -0.011408 
-0.335175 -0.450671 -3.537125 0.166974 0.450701 -0.010070 
-0.332823 -0.452341 -3.785527 0.166816 0.451009 -0.008032 
-0.324648 -0.458050 -3.858609 0.166785 0.451343 -0.007243 
-0.326492 -0.449687 -3.746273 0.167319 0.451439 -0.007903 
-0.335473 -0.454140 -3.550954 0.167593 0.451663 -0.009138 
-0.330514 -0.447819 -3.356244 0.167952 0.451220 -0.010150 
-0.340367 -0.441518 -3.099112 0.168298 0.450871 -0.011751 
-0.334128 -0.435801 -3.007811 0.168498 0.450530 -0.011885 
-0.319373 -0.434391 -3.122442 0.168524 0.450063 -0.010691 
-0.324656 -0.437351 -3.317619 0.168028 0.449650 -0.009345 
-0.323050 -0.445544 -3.512815 0.167661 0.449473 -0.008114 
-0.313022 -0.450754 -3.769642 0.167161 0.449534 -0.006506 
-0.326311 -0.442816 -3.829525 0.166891 0.449638 -0.006658 
-0.341369 -0.451631 -3.713126 0.166653 0.449815 -0.008382 
-0.348598 -0.447902 -3.514829 0.166342 0.450027 -0.010353 
-0.350243 -0.438685 -3.318489 0.166556 0.449917 -0.011900 
-0.351488 -0.438061 -3.070688 0.166547 0.449888 -0.013617 
-0.344799 -0.433097 -3.000479 0.166743 0.449739 -0.013450 
-0.336437 -0.428101 -3.106980 0.166789 0.449510 -0.011500 
-0.335406 -0.428041 -3.316258 0.166963 0.449441 -0.009107 
-0.327391 -0.439332 -3.493974 0.166898 0.449026 -0.007006 
-0.339960 -0.448123 -3.762725 0.166683 0.449056 -0.004877 
-0.332860 -0.444162 -3.822916 0.166718 0.449015 -0.005141 
-0.342115 -0.448045 -3.716653 0.166840 0.448964 -0.007090 
-0.352126 -0.444475 -3.516925 0.167169 0.449194 -0.010035 
-0.354494 -0.453069 -3.337913 0.167258 0.449273 -0.012676 
-0.357197 -0.444326 -3.119108 0.167627 0.449261 -0.015171 
-0.350962 -0.448616 -3.036505 0.167757 0.449299 -0.015856 
-0.343623 -0.445245 -3.152031 0.168112 0.449459 -0.014567 
-0.343442 -0.454975 -3.341042 0.168536 0.449772 -0.012383 
-0.342587 -0.456006 -3.550624 0.168863 0.449991 -0.009996 
-0.339998 -0.457744 -3.781594 0.168864 0.450392 -0.006982 
-0.346658 -0.463237 -3.875955 0.168988 0.450739 -0.005891 
-0.346629 -0.463345 -3.761909 0.168820 0.450817 -0.006757 
-0.361138 -0.455541 -3.563059 0.168534 0.451080 -0.008941 
-0.369086 -0.459616 -3.373392 0.168168 0.451103 -0.011456 
-0.370279 -0.451254 -3.132715 0.168052 0.451171 -0.014248 
-0.370296 -0.450468 -3.047872 0.167732 0.450966 -0.015455 
-0.361734 -0.445892 -3.180821 0.167455 0.450736 -0.014810 
-0.353877 -0.459162 -3.378257 0.167537 0.450801 -0.013056 
-0.347058 -0.463162 -3.556606 0.168005 0.450686 -0.011071 
-0.346699 -0.472322 -3.818079 0.168438 0.450817 -0.008304 
-0.340704 -0.476341 -3.883765 0.169060 0.450786 -0.006870 
-0.351178 -0.471422 -3.751382 0.169885 0.450748 -0.007624 
-0.346698 -0.473596 -3.555209 0.170183 0.450303 -0.009173 
-0.348584 -0.463688 -3.368962 0.170403 0.450006 -0.010726 
-0.358016 -0.457611 -3.108771 0.170426 0.449651 -0.013285 
-0.356755 -0.456908 -3.054569 0.169786 0.449441 -0.014191 
-0.339820 -0.457188 -3.176596 0.169157 0.449339 -0.013642 
-0.337300 -0.457374 -3.382271 0.168686 0.449256 -0.012202 
-0.341579 -0.454868 -3.567208 0.168229 0.449601 -0.010961 
-0.338429 -0.474373 -3.815801 0.167785 0.450182 -0.008715 
-0.336856 -0.467179 -3.878557 0.167679 0.450471 -0.007910 
-0.337150 -0.460221 -3.745492 0.167881 0.450935 -0.008552 
-0.330818 -0.456396 -3.530357 0.168061 0.451148 -0.009552 
-0.339320 -0.452353 -3.336501 0.168396 0.451373 -0.010250 
-0.341194 -0.442188 -3.089562 0.168614 0.451067 -0.011750 
-0.333678 -0.436554 -3.028903 0.168494 0.450722 -0.011584 
-0.332423 -0.436400 -3.143244 0.168342 0.450635 -0.010391 
-0.323490 -0.440307 -3.338778 0.168009 0.450409 -0.009051 
-0.321449 -0.448989 -3.542990 0.167478 0.450324 -0.008148 
-0.326679 -0.453989 -3.789072 0.167131 0.450395 -0.006854 
-0.326907 -0.454313 -3.848925 0.167131 0.450404 -0.007227 
-0.334637 -0.458842 -3.732864 0.166928 0.450532 -0.008844 
-0.336258 -0.450385 -3.525592 0.167136 0.450611 -0.010705 
-0.346083 -0.445365 -3.330297 0.167637 0.450557 -0.012043 
-0.340886 -0.439213 -3.052726 0.167829 0.450195 -0.013626 
-0.334013 -0.433551 -3.024633 0.168033 0.449861 -0.012849 
-0.340090 -0.437060 -3.131298 0.168011 0.449729 -0.010795 
-0.331161 -0.440344 -3.319493 0.167843 0.449409 -0.008485 
-0.329253 -0.441132 -3.516457 0.167689 0.449521 -0.006722 
-0.326764 -0.440688 -3.763410 0.167225 0.449254 -0.004993 
-0.325032 -0.442147 -3.822482 0.166736 0.449535 -0.005361 
-0.333241 -0.455172 -3.704959 0.166472 0.449661 -0.007515 
-0.349073 -0.446390 -3.504669 0.166352 0.449647 -0.010340 
-0.357586 -0.442706 -3.306076 0.166362 0.449867 -0.012637 
-0.359240 -0.433097 -3.067314 0.166416 0.449655 -0.014787 
-0.360536 -0.432126 -3.017258 0.166741 0.449466 -0.014747 
-0.346359 -0.432470 -3.154667 0.167237 0.449486 -0.012942 
-0.346437 -0.440621 -3.334357 0.167672 0.449418 -0.010424 
-0.346496 -0.449659 -3.533460 0.168101 0.449543 -0.008247 
-0.339024 -0.454601 -3.794432 0.168567 0.449626 -0.005692 
-0.340152 -0.463197 -3.855882 0.168831 0.449639 -0.005645 
-0.342072 -0.462666 -3.719611 0.168987 0.449535 -0.007459 
-0.358128 -0.463336 -3.519841 0.168961 0.449805 -0.010186 
-0.359165 -0.463524 -3.340910 0.168788 0.449878 -0.012605 
-0.367686 -0.459448 -3.099895 0.168638 0.449996 -0.015506 
-0.366996 -0.451115 -3.067113 0.168374 0.449988 -0.016221 
-0.365500 -0.451652 -3.171361 0.168216 0.450090 -0.015022 
-0.356071 -0.457207 -3.358785 0.168031 0.450338 -0.013041 
-0.354559 -0.458531 -3.547876 0.168194 0.450645 -0.010635 
-0.352286 -0.477187 -3.808783 0.168078 0.451045 -0.007759 
-0.351828 -0.478333 -3.872296 0.168234 0.451339 -0.006854 
-0.353672 -0.469969 -3.759961 0.168768 0.451435 -0.007515 
-0.355580 -0.469181 -3.562997 0.168923 0.451322 -0.009277 
-0.357488 -0.468393 -3.366033 0.169077 0.451210 -0.011040 
-0.360009 -0.458429 -3.116578 0.169293 0.450906 -0.013503 
-0.359641 -0.456614 -3.062615 0.168821 0.450416 -0.014409 
-0.351777 -0.459978 -3.185924 0.168648 0.450091 -0.013652 
-0.350560 -0.459322 -3.371889 0.168503 0.449824 -0.012196 
-0.348867 -0.460177 -3.568014 0.168348 0.449937 -0.010755 
-0.346850 -0.477877 -3.826939 0.168078 0.450051 -0.008514 
-0.340194 -0.482812 -3.879472 0.168371 0.450202 -0.008031 
-0.341380 -0.474741 -3.746645 0.168742 0.450386 -0.008673 
-0.342416 -0.474178 -3.530029 0.168733 0.450361 -0.010096 
-0.351327 -0.461151 -3.345212 0.169131 0.450402 -0.011225 
-0.352524 -0.452165 -3.097196 0.169181 0.450376 -0.013048 
-0.344116 -0.447644 -3.036299 0.168893 0.450311 -0.012882 
-0.334466 -0.443226 -3.150435 0.168454 0.450167 -0.011576 
-0.331730 -0.443345 -3.356949 0.167984 0.450084 -0.009814 
-0.328553 -0.443823 -3.542133 0.167349 0.450089 -0.008355 
-0.325396 -0.453943 -3.789367 0.166811 0.450386 -0.006528 
-0.331427 -0.459199 -3.839086 0.166451 0.450623 -0.006677 
-0.318217 -0.451609 -3.713649 0.166666 0.450801 -0.008288 
-0.323816 -0.389572 -3.526218 0.166606 0.451124 -0.010035 
-0.326122 -0.310257 -3.329389 0.165866 0.451335 -0.011004 
-0.334563 -0.284622 -3.080151 0.164099 0.451366 -0.012041 
-0.349319 -0.314829 -3.020117 0.162107 0.451735 -0.010475 
-0.373637 -0.380132 -3.127642 0.160516 0.451418 -0.007134 
-0.384486 -0.420709 -3.307883 0.159592 0.451124 -0.003534 
-0.390252 -0.431541 -3.494260 0.159201 0.450615 -0.001755 
-0.372223 -0.417709 -3.751678 0.160448 0.450056 -0.001018 
-0.362626 -0.409765 -3.790311 0.163244 0.448945 -0.003543 
-0.356472 -0.419778 -3.651833 0.166545 0.448205 -0.008296 
-0.392411 -0.453449 -3.428155 0.168846 0.447256 -0.013931 
-0.419258 -0.465037 -3.235561 0.170828 0.445971 -0.019040 
-0.441094 -0.469045 -3.013893 0.171740 0.444938 -0.022928 
-0.460253 -0.471260 -2.978182 0.172033 0.443341 -0.025028 
-0.452301 -0.480870 -3.100257 0.171495 0.442438 -0.024475 
-0.440387 -0.474409 -3.307633 0.170435 0.441720 -0.021945 
-0.442925 -0.452595 -3.496562 0.169794 0.441491 -0.018975 
-0.462722 -0.421409 -3.769631 0.168570 0.442166 -0.014465 
-0.480727 -0.391148 -3.835997 0.166687 0.443179 -0.011060 
-0.508130 -0.365739 -3.717442 0.165236 0.444515 -0.008903 
-0.529929 -0.345087 -3.525842 0.164072 0.445989 -0.007764 
-0.547311 -0.345655 -3.345870 0.163565 0.447522 -0.006548 
-0.587213 -0.332296 -3.092549 0.163140 0.448824 -0.006225 
-0.627252 -0.302337 -3.029510 0.163485 0.450167 -0.003389 
-0.674566 -0.282076 -3.137035 0.164089 0.450822 0.002518 
-0.714222 -0.255111 -3.327987 0.164590 0.450770 0.009438 
-0.760897 -0.239233 -3.525546 0.164526 0.450282 0.015396 
-0.807630 -0.222719 -3.812998 0.164311 0.449520 0.020963 
-0.902851 -0.220549 -3.886292 0.164277 0.448288 0.022100 
-1.050509 -0.213145 -3.774305 0.163755 0.446912 0.018691 
-1.207873 -0.200368 -3.601635 0.163101 0.445112 0.011591 
-1.346641 -0.189702 -3.425012 0.162764 0.442603 0.002781 
-1.458952 -0.159124 -3.177991 0.163061 0.439240 -0.006177 
-1.569852 -0.136089 -3.134801 0.163640 0.435709 -0.011026 
-1.694179 -0.119858 -3.243953 0.164495 0.431915 -0.012040 
-1.891573 -0.103820 -3.425016 0.165630 0.428454 -0.012799 
-2.090924 -0.107157 -3.601247 0.166948 0.425566 -0.015608 
-2.352734 -0.047670 -3.978066 0.169482 0.427090 -0.020128 
-2.432908 0.005910 -4.202778 0.170299 0.431421 -0.027860 
-2.463797 0.087060 -3.921791 0.169233 0.424346 -0.037031 
-2.549561 0.171254 -3.564374 0.166068 0.412582 -0.042617 
-2.571481 0.227936 -3.231354 0.159212 0.403623 -0.040602 
-2.720799 0.272784 -2.905090 0.152363 0.394322 -0.031939 
-2.800629 0.387163 -2.782007 0.147502 0.384124 -0.020442 
-2.835690 0.432257 -2.886052 0.141223 0.375894 -0.014532 
-2.903457 0.487810 -3.131390 0.135002 0.368858 -0.016685 
-3.010092 0.603325 -3.377724 0.132714 0.363843 -0.021039 
-3.178191 0.671248 -3.821307 0.133919 0.365014 -0.022484 
-3.219538 0.686271 -3.992016 0.135773 0.368481 -0.028371 
-3.217885 0.694722 -3.800259 0.139357 0.367094 -0.038107 
-3.203410 0.679571 -3.529413 0.144709 0.364260 -0.048224 
-3.239217 0.661955 -3.294372 0.148565 0.367809 -0.055633 
-3.314732 0.659189 -3.018805 0.153306 0.372513 -0.055842 
-3.383075 0.656210 -2.911037 0.158864 0.376343 -0.050514 
-3.371615 0.645884 -2.977114 0.161532 0.382694 -0.042968 
-3.363599 0.707372 -3.323172 0.161177 0.392959 -0.034986 
-3.311374 0.755854 -3.637791 0.159308 0.401844 -0.030270 
-3.275723 0.791380 -3.819282 0.155246 0.405361 -0.028138 
-3.423230 0.857650 -3.867059 0.148875 0.408139 -0.028723 
-3.444788 0.886613 -3.750847 0.140375 0.412082 -0.036676 
-3.503512 0.903055 -3.467108 0.134008 0.411854 -0.047798 
-3.509387 0.983522 -3.221706 0.129734 0.410149 -0.057121 
-3.428498 1.035977 -2.954622 0.125312 0.408776 -0.067086 
-3.512289 1.070317 -2.953915 0.124059 0.405250 -0.073870 
-3.556170 1.092895 -3.153770 0.125973 0.402828 -0.072100 
-3.515151 1.025171 -3.300887 0.128753 0.394521 -0.063840 
-3.632271 0.955140 -3.416414 0.133035 0.381005 -0.056475 
-3.597526 0.902660 -3.544496 0.136403 0.368827 -0.047836 
-3.666192 0.855624 -3.565010 0.140224 0.357834 -0.041798 
-3.792090 0.918908 -3.549050 0.145906 0.351010 -0.039293 
-3.732846 0.907681 -3.330621 0.149232 0.344159 -0.039409 
-3.809359 0.829827 -3.128032 0.148475 0.334005 -0.046000 
-3.877549 0.831151 -2.916191 0.145221 0.328120 -0.054599 
-3.875489 0.844546 -2.879301 0.141615 0.326069 -0.066171 
-3.916961 0.886129 -3.062437 0.138515 0.326864 -0.071524 
-3.822096 0.904175 -3.273289 0.133883 0.330249 -0.069525 
-3.795783 0.876308 -3.447779 0.130012 0.333997 -0.066455 
-3.824037 0.922280 -3.739886 0.128884 0.339520 -0.062762 
-3.796925 0.896605 -3.788561 0.128071 0.348120 -0.063651 
-3.855319 0.890899 -3.706938 0.129270 0.357503 -0.065206 
-3.859044 0.920971 -3.462512 0.132991 0.365516 -0.080250 
-3.734345 0.882734 -3.183026 0.135507 0.370607 -0.084741 
-3.646960 0.851786 -2.954808 0.137412 0.374815 -0.092360 
-3.514108 0.875469 -2.977502 0.139423 0.380712 -0.081645 
-3.410459 0.803186 -3.174434 0.140274 0.383458 -0.065487 
-3.429376 0.682333 -3.351650 0.140877 0.383518 -0.040930 
-3.416908 0.603432 -3.605152 0.141638 0.383486 -0.014385 
-3.346424 0.534124 -3.882965 0.142661 0.381418 0.005832 
-3.294629 0.517487 -3.942780 0.144031 0.378697 0.020149 
-3.205076 0.533285 -3.823249 0.145316 0.374134 0.016426 
-3.296088 0.507961 -3.676437 0.147488 0.368499 0.001887 
-3.397656 0.423484 -3.512426 0.149072 0.362211 -0.026691 
-3.519660 0.351950 -3.278040 0.148962 0.355569 -0.061606 
-3.620194 0.264491 -3.235703 0.147480 0.346707 -0.087962 
-3.573510 0.266736 -3.291759 0.145438 0.337071 -0.107278 
-3.496353 0.292528 -3.440560 0.144232 0.327468 -0.111023 
-3.350236 0.289039 -3.573573 0.141258 0.318549 -0.096525 
-3.329063 0.283121 -3.800616 0.138040 0.312551 -0.069157 
-3.485750 0.198406 -3.841193 0.136727 0.308708 -0.036882 
-3.600073 0.152882 -3.732334 0.136507 0.307523 -0.008372 
-3.632807 0.210033 -3.556281 0.138013 0.307320 0.012691 
-3.442631 0.322162 -3.398482 0.139391 0.307668 0.025061 
-3.323156 0.403639 -3.198831 0.141946 0.309495 0.012762 
-3.384707 0.495170 -3.268201 0.145278 0.311546 -0.017136 
-3.495408 0.443847 -3.414874 0.146135 0.312643 -0.047002 
-3.598104 0.379042 -3.662591 0.145138 0.314934 -0.075874 
-3.597201 0.387716 -3.924277 0.144723 0.316942 -0.091979 
-3.677225 0.336181 -4.156811 0.143202 0.317615 -0.087354 
-3.790915 0.312368 -4.099686 0.139595 0.316212 -0.075552 
-3.876809 0.345917 -3.901960 0.135600 0.314342 -0.058986 
-3.803997 0.301929 -3.618051 0.131468 0.312465 -0.040777 
-3.560949 0.212297 -3.368501 0.127596 0.309073 -0.033119 
-3.461522 0.122484 -3.076881 0.124918 0.305700 -0.038303 
-3.474750 -0.056453 -2.976174 0.123164 0.301566 -0.048618 
-3.526094 -0.143968 -3.014877 0.125412 0.296315 -0.066136 
-3.359391 -0.119618 -3.144407 0.129707 0.289710 -0.077386 
-3.085257 -0.091447 -3.311596 0.134099 0.283734 -0.070560 
-2.871946 -0.041318 -3.626832 0.140229 0.278434 -0.050801 
-2.784104 0.078820 -3.742715 0.147414 0.273653 -0.022388 
-2.868624 0.024688 -3.684007 0.150691 0.270359 0.007547 
-2.946451 -0.062065 -3.631641 0.149875 0.272125 0.018917 
-3.083923 -0.112839 -3.583231 0.149910 0.277921 0.011694 
-3.178810 -0.215987 -3.367288 0.150233 0.281242 -0.009432 
-3.135693 -0.219065 -3.295634 0.148129 0.285550 -0.039735 
-2.984792 -0.143681 -3.437073 0.145525 0.290600 -0.069658 
-2.863147 -0.060535 -3.589941 0.143287 0.293598 -0.083592 
-2.932391 -0.056878 -3.691868 0.142955 0.295055 -0.083149 
-2.992843 -0.098351 -3.880399 0.140551 0.295403 -0.075357 
-2.925137 -0.201311 -3.859922 0.136333 0.295086 -0.065133 
-2.804686 -0.283692 -3.645715 0.134049 0.293912 -0.052720 
-2.721309 -0.192303 -3.368413 0.134249 0.291143 -0.046203 
-2.737314 -0.090818 -3.115306 0.132693 0.288014 -0.044598 
-2.687221 -0.042754 -2.782443 0.128066 0.283335 -0.040528 
-2.678739 -0.071993 -2.729887 0.124332 0.278098 -0.034590 
-2.687874 -0.169035 -2.851547 0.121731 0.269730 -0.028596 
-2.636763 -0.307397 -3.068889 0.117592 0.259193 -0.031555 
-2.375731 -0.407407 -3.322445 0.113359 0.247849 -0.047931 
-2.033520 -0.481413 -3.629514 0.114022 0.237210 -0.062713 
-1.851216 -0.568076 -3.653500 0.121398 0.227753 -0.077687 
-1.774704 -0.702155 -3.497745 0.131746 0.220827 -0.085948 
-1.615738 -0.817700 -3.303947 0.142592 0.219478 -0.078482 
-1.353729 -0.976578 -3.159294 0.156254 0.222510 -0.050694 
-1.096114 -0.900814 -2.980436 0.172363 0.230368 -0.018046 
-0.994041 -0.888187 -3.029893 0.183764 0.243897 0.011715 
-1.032869 -1.013075 -3.210987 0.186881 0.262058 0.027126 
-1.209696 -1.117765 -3.446021 0.186839 0.281921 0.022699 
-1.363328 -1.170819 -3.719694 0.184760 0.300174 -0.000348 
-1.322791 -1.210076 -4.025965 0.176303 0.314472 -0.029933 
-1.142285 -1.085896 -4.103503 0.163926 0.324198 -0.054756 
-1.063715 -0.955600 -4.016722 0.152019 0.327286 -0.064566 
-1.202183 -0.936985 -3.759357 0.143380 0.324399 -0.059880 
-1.310193 -0.954901 -3.457162 0.136271 0.317736 -0.057725 
-1.225060 -1.052667 -3.113873 0.129677 0.307001 -0.056292 
-1.000193 -1.112974 -2.962289 0.128907 0.292670 -0.051200 
-0.838976 -1.009875 -2.964175 0.134883 0.277447 -0.049583 
-0.773415 -0.999740 -3.050952 0.141124 0.260015 -0.038831 
-0.790986 -1.205235 -3.083801 0.144513 0.244040 -0.016190 
-0.902942 -1.307514 -3.252566 0.150183 0.232994 0.002647 
-0.963528 -1.437496 -3.301006 0.159220 0.217920 0.015992 
-0.863875 -1.574151 -3.289541 0.166202 0.205218 0.015121 
-0.589306 -1.532676 -3.269828 0.169867 0.198881 -0.002534 
-0.425504 -1.522055 -3.269279 0.173085 0.195110 -0.028169 
-0.436313 -1.535762 -3.143112 0.177465 0.196260 -0.056238 
-0.401943 -1.514739 -3.217921 0.180514 0.206903 -0.076941 
-0.235085 -1.587746 -3.460499 0.180902 0.223056 -0.071157 
-0.050553 -1.614805 -3.677834 0.182432 0.241735 -0.040933 
0.025015 -1.470511 -3.867032 0.185260 0.264406 -0.010459 
-0.056458 -1.459453 -4.147162 0.185292 0.289166 0.013798 
-0.242263 -1.535459 -4.052897 0.181896 0.312529 0.025115 
-0.507937 -1.559184 -3.767477 0.178809 0.330282 0.014056 
-0.613134 -1.625953 -3.474076 0.173745 0.340263 -0.010199 
-0.568441 -1.627538 -3.204732 0.166984 0.342336 -0.035306 
-0.470577 -1.473775 -2.917537 0.159910 0.335993 -0.050692 
-0.489596 -1.463808 -2.896989 0.152908 0.321194 -0.052861 
-0.610670 -1.397963 -3.030911 0.149464 0.303144 -0.056009 
-0.597571 -1.361404 -3.273073 0.147827 0.283197 -0.061740 
-0.403734 -1.446146 -3.463825 0.147213 0.259549 -0.060920 
-0.249186 -1.450817 -3.671584 0.150997 0.237177 -0.060267 
-0.184078 -1.391352 -3.676988 0.159508 0.217449 -0.058653 
-0.212161 -1.437103 -3.555729 0.169472 0.199103 -0.044571 
-0.308468 -1.549282 -3.274218 0.179239 0.186938 -0.022294 
-0.473197 -1.668886 -3.110351 0.189721 0.179191 0.001644 
-0.494612 -1.807180 -2.933462 0.198699 0.174697 0.009481 
-0.411342 -1.849753 -2.975013 0.205357 0.177442 0.001143 
-0.166950 -1.801988 -3.186189 0.207601 0.186942 -0.013539 
-0.062022 -1.794115 -3.472738 0.206584 0.203510 -0.036367 
-0.093702 -1.781272 -3.681981 0.203263 0.226949 -0.060343 
-0.075155 -1.738564 -3.949056 0.196166 0.254953 -0.071594 
0.015528 -1.675588 -3.996909 0.186999 0.285539 -0.056919 
0.086615 -1.563765 -3.838810 0.177354 0.315225 -0.031306 
0.047478 -1.366930 -3.571747 0.168882 0.339182 -0.016449 
-0.088360 -1.285972 -3.289529 0.161469 0.356097 -0.011637 
-0.225744 -1.298337 -3.025227 0.155812 0.367325 -0.016492 
-0.480216 -1.350829 -3.075976 0.158503 0.370010 -0.037630 
-0.659799 -1.380329 -3.201554 0.166714 0.362913 -0.064267 
-0.759919 -1.474487 -3.360085 0.174048 0.344449 -0.081063 
-0.771226 -1.404765 -3.531241 0.178581 0.318672 -0.082671 
-0.729676 -1.450332 -3.624908 0.179605 0.288370 -0.072794 
-0.780471 -1.527279 -3.482841 0.180659 0.259799 -0.071750 
-0.780241 -1.594346 -3.269354 0.181970 0.228275 -0.074797 
-0.641173 -1.672713 -3.073188 0.182316 0.202672 -0.071167 
-0.500963 -1.752815 -2.915672 0.183774 0.183296 -0.061655 
-0.428669 -1.593215 -2.858413 0.187359 0.172640 -0.053971 
-0.384631 -1.439498 -3.012441 0.190254 0.166247 -0.035033 
-0.520092 -1.354742 -3.125243 0.189502 0.165966 -0.006444 
-0.632837 -1.243781 -3.500573 0.187181 0.176552 0.014325 
-0.654103 -1.177109 -3.810385 0.184425 0.193986 0.017365 
-0.569278 -1.187336 -4.023561 0.180859 0.210602 0.006961 
-0.324394 -1.160194 -4.053072 0.172327 0.231312 -0.016546 
-0.193898 -1.196813 -3.963047 0.161819 0.258980 -0.046133 
-0.180695 -1.214407 -3.550230 0.153452 0.287355 -0.068609 
-0.149106 -1.159059 -3.056435 0.151241 0.311177 -0.071405 
-0.054209 -1.126146 -2.754964 0.151662 0.333194 -0.048879 
0.032161 -1.059759 -2.880960 0.156193 0.358812 -0.016942 
0.046812 -0.880536 -3.140613 0.163898 0.377817 0.006596 
-0.158533 -0.777688 -3.449950 0.168861 0.382352 0.024917 
-0.434404 -0.809090 -3.640111 0.168492 0.380862 0.028531 
-0.667145 -1.040378 -3.923592 0.163212 0.372461 0.020660 
-0.796117 -1.244397 -3.999044 0.159467 0.351825 0.002687 
-0.800572 -1.281516 -3.810507 0.160659 0.322617 -0.014116 
-0.661638 -1.211639 -3.643615 0.165103 0.290265 -0.028448 
-0.638000 -1.147840 -3.477833 0.169277 0.257858 -0.042023 
-0.700038 -1.148642 -3.131470 0.173259 0.224080 -0.058556 
-0.785855 -1.253255 -2.875359 0.176501 0.193502 -0.071482 
-0.615136 -1.296932 -3.056353 0.180174 0.172983 -0.081243 
-0.493811 -1.424266 -3.051779 0.181293 0.154489 -0.079068 
-0.477611 -1.368326 -3.186734 0.181232 0.147082 -0.065566 
-0.447005 -1.267976 -3.410826 0.179565 0.148432 -0.036757 
-0.507377 -1.242174 -3.423075 0.176662 0.156668 -0.007211 
-0.487671 -1.241198 -3.390159 0.170881 0.175676 0.009951 
-0.599936 -1.267803 -3.374281 0.165139 0.203596 0.009836 
-0.544716 -1.212735 -3.257545 0.161986 0.235322 0.000101 
-0.320859 -1.040251 -3.089616 0.159752 0.265894 -0.018129 
-0.189920 -0.928884 -3.280961 0.156732 0.296187 -0.034098 
-0.119402 -0.868097 -3.479725 0.152203 0.325477 -0.034510 
-0.095931 -0.859455 -3.601587 0.152594 0.345834 -0.016621 
0.005917 -0.893606 -3.777860 0.155953 0.360861 0.004754 
0.087899 -0.957613 -4.077457 0.163274 0.374687 0.020283 
0.027475 -0.916125 -4.144292 0.171564 0.385296 0.024290 
-0.142322 -0.915782 -4.041178 0.176605 0.383595 0.016717 
-0.407558 -0.991260 -3.724692 0.178800 0.371951 -0.004054 
-0.627685 -1.145825 -3.383914 0.176767 0.356205 -0.031270 
-0.811077 -1.306331 -3.127562 0.171994 0.332084 -0.054888 
-0.817748 -1.363964 -2.982785 0.168065 0.300890 -0.063060 
-0.713813 -1.329247 -2.966177 0.163899 0.264019 -0.064271 
-0.621002 -1.252115 -3.110853 0.159871 0.229084 -0.065947 
-0.645081 -1.215487 -3.321476 0.158223 0.198891 -0.063598 
-0.608635 -1.185515 -3.662284 0.160747 0.173659 -0.057303 
-0.473035 -1.130708 -3.519713 0.163639 0.149886 -0.046325 
-0.343804 -1.193835 -3.449726 0.163926 0.137311 -0.030077 
-0.183083 -1.065286 -3.338842 0.166854 0.139724 -0.004704 
-0.070693 -0.977871 -3.197409 0.172031 0.148016 0.026476 
0.078703 -0.920718 -2.946128 0.174427 0.166705 0.047688 
0.107974 -0.896167 -3.032976 0.172989 0.198468 0.052645 
-0.025432 -0.978741 -3.330326 0.171666 0.238212 0.044427 
-0.025800 -0.980545 -3.634622 0.171949 0.277417 0.022273 
0.023136 -1.052680 -3.856141 0.170959 0.312488 -0.007388 
0.180606 -1.046051 -4.156280 0.165288 0.346371 -0.030894 
0.156414 -1.074487 -4.218071 0.161353 0.373761 -0.041395 
0.120839 -1.089408 -4.005459 0.163291 0.393591 -0.036111 
0.112885 -1.047427 -3.686428 0.168381 0.405507 -0.026490 
0.032301 -1.128885 -3.458448 0.170639 0.411180 -0.022564 
-0.028240 -1.147387 -3.185578 0.169981 0.407830 -0.021538 
-0.145038 -1.215728 -3.087396 0.171051 0.389294 -0.019781 
-0.212955 -1.281340 -3.084734 0.170089 0.364211 -0.018539 
-0.346061 -1.381125 -3.231761 0.167574 0.336146 -0.016948 
-0.508960 -1.468852 -3.385055 0.166420 0.302189 -0.009521 
-0.558971 -1.559696 -3.457222 0.167881 0.262076 -0.003609 
-0.571066 -1.576311 -3.500980 0.171006 0.223911 -0.005840 
-0.402371 -1.501833 -3.544470 0.173100 0.191091 -0.019559 
-0.491151 -1.473777 -3.294731 0.177596 0.158678 -0.034363 
-0.548980 -1.417779 -3.122252 0.182620 0.136960 -0.055570 
-0.448457 -1.359276 -2.888250 0.186617 0.126084 -0.073408 
-0.318845 -1.474044 -2.870086 0.187816 0.123985 -0.069796 
-0.079169 -1.410856 -2.985164 0.186634 0.135872 -0.049197 
-0.012727 -1.330652 -3.275069 0.186276 0.159436 -0.024801 
0.121183 -1.265529 -3.476858 0.183103 0.195218 -0.002151 
0.128403 -1.187140 -3.662836 0.178976 0.236270 0.011043 
-0.006279 -1.231751 -3.740943 0.174538 0.273246 0.010505 
-0.039408 -1.289025 -3.784060 0.170542 0.318389 0.007206 
-0.011944 -1.280663 -3.822598 0.170902 0.360265 -0.000489 
0.060665 -1.179582 -3.823440 0.170499 0.395655 -0.002133 
0.073152 -1.141955 -3.665447 0.169460 0.419101 0.006451 
-0.015665 -1.139908 -3.538861 0.166995 0.432235 0.009347 
0.041842 -1.141613 -3.494197 0.164600 0.433248 0.005332 
0.049176 -1.234538 -3.586508 0.164281 0.423967 -0.005291 
0.031918 -1.200410 -3.733435 0.168223 0.407548 -0.024252 
-0.118935 -1.234340 -3.959330 0.174033 0.379903 -0.044490 
-0.216834 -1.361670 -3.867694 0.175674 0.343010 -0.058969 
-0.365212 -1.492890 -3.534989 0.173720 0.300724 -0.058116 
-0.536451 -1.619181 -3.184158 0.172276 0.256049 -0.041034 
-0.613773 -1.641401 -2.984044 0.174838 0.214224 -0.027245 
-0.521984 -1.511979 -2.909666 0.180974 0.177501 -0.022304 
-0.413878 -1.363501 -2.841014 0.182431 0.141999 -0.019878 
-0.429611 -1.300375 -3.100933 0.180003 0.119589 -0.025786 
-0.328236 -1.127629 -3.405301 0.179046 0.111515 -0.035952 
-0.167493 -1.060208 -3.604469 0.180427 0.112841 -0.034529 
0.090027 -1.040051 -3.790656 0.177186 0.128131 -0.012837 
0.185847 -1.001007 -3.853786 0.172036 0.158886 0.008829 
0.187238 -0.848149 -3.813443 0.168580 0.199506 0.024387 
0.166912 -0.688705 -3.648823 0.166272 0.243992 0.037956 
0.086747 -0.684324 -3.441265 0.161545 0.291284 0.040140 
-0.032925 -0.793231 -3.271282 0.154066 0.336471 0.023548 
0.007066 -0.932700 -3.244918 0.147602 0.372022 -0.000492 
0.172144 -1.023203 -3.266069 0.145264 0.398994 -0.020234 
0.253048 -0.955103 -3.527552 0.146109 0.417614 -0.022801 
0.139785 -1.028511 -3.823336 0.150515 0.430768 -0.018147 
0.035085 -1.103248 -3.930359 0.159417 0.431212 -0.018082 
-0.028924 -1.169911 -3.814775 0.168723 0.415274 -0.020970 
0.032535 -1.272613 -3.621185 0.173350 0.393077 -0.019382 
0.052305 -1.281324 -3.396272 0.176847 0.364785 -0.024502 
-0.037050 -1.204122 -3.219000 0.181539 0.326593 -0.030599 
-0.084958 -1.243454 -2.895134 0.184473 0.283476 -0.021743 
-0.182453 -1.337502 -2.781853 0.183310 0.242167 0.000465 
-0.303454 -1.411375 -2.980351 0.179552 0.203439 0.011704 
-0.325318 -1.292432 -3.472707 0.179625 0.172252 0.012331 
-0.177368 -1.139472 -3.574320 0.179047 0.143458 0.007060 
-0.192522 -0.989000 -3.825912 0.174815 0.124978 -0.008685 
-0.178268 -0.977585 -3.830922 0.166698 0.123381 -0.036208 
-0.154747 -1.024344 -3.518378 0.162011 0.131989 -0.060329 
-0.016996 -0.947419 -3.123250 0.159704 0.147440 -0.063646 
0.124693 -0.970093 -2.928603 0.154942 0.168907 -0.047371 
0.220760 -0.901710 -2.758926 0.149494 0.213129 -0.022318 
0.168705 -0.711435 -2.896660 0.149813 0.258577 -0.003360 
0.165145 -0.645105 -3.057918 0.152991 0.300299 0.018740 
0.077144 -0.728345 -3.236254 0.151369 0.342825 0.038686 
0.015526 -0.905285 -3.536885 0.145895 0.378983 0.042213 
0.029811 -1.026572 -3.874262 0.146332 0.402200 0.037314 
0.080934 -1.034710 -3.968214 0.154815 0.415910 0.031691 
0.039313 -1.058381 -4.068076 0.164428 0.422239 0.028165 
-0.039816 -1.227151 -3.945627 0.170740 0.418951 0.011954 
-0.176382 -1.344573 -3.592256 0.177861 0.400069 -0.014377 
-0.156974 -1.383666 -3.163633 0.184663 0.369979 -0.041453 
-0.052318 -1.483947 -3.046617 0.187408 0.337878 -0.063058 
0.015939 -1.484741 -3.186026 0.188113 0.303715 -0.085642 
0.010781 -1.450805 -3.294418 0.190959 0.264188 -0.089924 
0.043355 -1.528615 -3.257820 0.191918 0.224867 -0.063334 
-0.017539 -1.636777 -3.384613 0.186345 0.193961 -0.028524 
-0.192883 -1.616420 -3.659436 0.181764 0.174145 -0.004000 
-0.122266 -1.473885 -3.492534 0.180569 0.157463 0.011845 
-0.186127 -1.280116 -3.303989 0.180770 0.146977 0.014458 
-0.067504 -1.040140 -3.362805 0.174807 0.153116 0.005944 
0.058711 -0.975599 -3.322036 0.166472 0.170864 -0.005335 
0.148297 -0.902615 -3.244993 0.162835 0.191469 -0.010461 
0.238005 -0.746668 -3.280801 0.159305 0.218564 0.000144 
0.324902 -0.782824 -3.566449 0.151696 0.256445 0.018758 
0.409308 -0.636793 -3.784935 0.145520 0.298138 0.034117 
0.486092 -0.484142 -3.951234 0.147748 0.330511 0.043927 
0.425236 -0.503722 -3.913759 0.151406 0.360001 0.044636 
0.224823 -0.706739 -3.889140 0.152721 0.390926 0.028236 
-0.062736 -0.966580 -3.792232 0.155035 0.410260 -0.000228 
-0.203790 -1.160562 -3.536495 0.160476 0.412332 -0.024529 
-0.309934 -1.327682 -3.248053 0.165978 0.404922 -0.033567 
-0.250036 -1.390146 -3.274233 0.166547 0.392030 -0.042702 
-0.225752 -1.477843 -3.343894 0.168213 0.371737 -0.050957 
-0.257015 -1.483576 -3.291890 0.176700 0.335130 -0.058560 
-0.270165 -1.472526 -3.318883 0.184195 0.299862 -0.058612 
-0.242975 -1.591161 -3.533779 0.185026 0.264084 -0.056309 
-0.196550 -1.595250 -3.504432 0.186021 0.227239 -0.050309 
-0.202543 -1.504225 -3.343813 0.189420 0.190912 -0.029937 
-0.274413 -1.440825 -3.342277 0.192102 0.168543 -0.007283 
-0.259630 -1.385964 -3.319320 0.189943 0.153000 0.009802 
-0.402593 -1.331318 -2.990512 0.184293 0.141076 0.016873 
-0.376963 -1.227566 -2.966825 0.177320 0.138424 0.008922 
-0.182046 -1.083315 -3.177906 0.171048 0.149721 -0.011614 
0.018941 -0.908630 -3.542642 0.165953 0.172086 -0.040774 
0.133454 -0.837255 -3.865364 0.159754 0.202477 -0.062614 
0.115891 -0.842970 -3.988418 0.155180 0.237608 -0.061335 
0.082258 -0.793749 -3.830724 0.150651 0.276321 -0.039569 
0.260703 -0.780090 -3.624298 0.145834 0.313821 -0.013266 
0.438759 -0.650337 -3.346998 0.145528 0.349549 0.010418 
0.569008 -0.473082 -3.191833 0.149557 0.378283 0.028136 
0.543338 -0.451084 -3.114429 0.154499 0.399524 0.036582 
0.475820 -0.619242 -3.135562 0.155191 0.414635 0.027416 
0.304942 -0.912592 -3.345362 0.153514 0.415022 0.007523 
0.261001 -1.111536 -3.509107 0.155475 0.405962 -0.008493 
0.496682 -1.112862 -3.666937 0.160444 0.388251 -0.020416 
0.714737 -0.953911 -3.984099 0.164614 0.363480 -0.035960 
0.910996 -0.758905 -3.919049 0.168208 0.333384 -0.045625 
0.921326 -0.764881 -3.570393 0.170914 0.297771 -0.054402 
0.983729 -0.737917 -3.217829 0.173723 0.261143 -0.060797 
1.190148 -0.691383 -3.030289 0.172901 0.228510 -0.064105 
1.526103 -0.604210 -2.919302 0.169228 0.202666 -0.056138 
1.752084 -0.403265 -3.054001 0.167108 0.183549 -0.028912 
1.912491 -0.218542 -3.261642 0.164515 0.173908 0.010478 
2.078210 -0.104378 -3.465047 0.157236 0.180256 0.050161 
2.168390 -0.034208 -3.678318 0.148785 0.199807 0.078001 
2.284539 -0.007533 -3.884540 0.144691 0.228992 0.095574 
2.440832 0.063486 -3.939320 0.145411 0.267227 0.090171 
2.562296 0.127088 -4.032103 0.147174 0.314583 0.074752 
2.769275 0.265305 -3.959990 0.148376 0.362972 0.058639 
2.861153 0.274992 -3.610325 0.148277 0.403839 0.038424 
2.864123 0.229167 -3.208662 0.145654 0.437385 0.031544 
2.851336 0.196484 -3.120579 0.142341 0.463001 0.044875 
2.918911 0.320893 -3.341071 0.139887 0.479587 0.071818 
3.014668 0.472898 -3.693603 0.138621 0.485092 0.091047 
2.965430 0.442241 -3.974567 0.134864 0.478208 0.100689 
2.865433 0.374601 -4.048946 0.127597 0.459744 0.096418 
2.800237 0.346966 -3.892119 0.120460 0.432093 0.074020 
2.803380 0.442807 -3.617860 0.117764 0.400363 0.046817 
2.848612 0.516008 -3.398241 0.119118 0.364318 0.014719 
2.841157 0.435562 -3.226182 0.122095 0.330801 -0.008421 
2.706712 0.294929 -2.977935 0.127312 0.292326 -0.023021 
2.674993 0.232015 -2.893318 0.134274 0.256200 -0.015056 
2.798490 0.298812 -2.918068 0.140642 0.225230 0.019404 
2.905573 0.352758 -3.015277 0.145461 0.203281 0.058757 
2.967155 0.372204 -3.157538 0.149199 0.192241 0.092055 
2.990683 0.298309 -3.398983 0.152568 0.193845 0.112120 
2.998052 0.203269 -3.457069 0.153982 0.210880 0.112674 
3.034879 0.231493 -3.389041 0.152402 0.239765 0.101287 
3.089906 0.273016 -3.242712 0.146573 0.275473 0.081701 
3.229200 0.415014 -2.923968 0.137789 0.316244 0.059929 
3.314403 0.559435 -2.729580 0.127230 0.357899 0.044290 
3.442622 0.580416 -2.833464 0.116327 0.398773 0.034147 
3.501496 0.581268 -3.132618 0.108799 0.436369 0.042475 
3.559894 0.563982 -3.507573 0.105658 0.465005 0.058058 
3.677578 0.615065 -3.824879 0.104650 0.484294 0.089658 
3.748823 0.637747 -4.017498 0.105185 0.494037 0.123584 
3.706465 0.662322 -3.985084 0.109681 0.493725 0.147149 
3.613664 0.583372 -3.842668 0.119363 0.484030 0.156642 
3.477493 0.444882 -3.716640 0.132136 0.468071 0.143499 
3.381830 0.388118 -3.628424 0.145024 0.446952 0.110255 
3.301987 0.350131 -3.480509 0.155486 0.418838 0.079544 
3.217570 0.357827 -3.438348 0.160811 0.385040 0.046652 
3.059960 0.393372 -3.454136 0.161635 0.350162 0.023671 
2.943871 0.441180 -3.585572 0.158400 0.316953 0.016505 
2.858273 0.457807 -3.757305 0.153358 0.287743 0.017850 
2.744315 0.479190 -3.971799 0.147851 0.264398 0.027787 
2.685965 0.475908 -3.918303 0.139933 0.248651 0.040892 
2.595096 0.493889 -3.643617 0.130520 0.241908 0.055188 
2.483551 0.610821 -3.298158 0.122259 0.244228 0.064535 
2.418727 0.650844 -2.904608 0.115565 0.255456 0.073013 
2.377463 0.653410 -2.626176 0.112635 0.275981 0.075746 
2.380620 0.666206 -2.717491 0.113350 0.302940 0.073533 
2.439556 0.629104 -2.965633 0.115842 0.333814 0.071521 
2.521114 0.659537 -3.238425 0.118661 0.365418 0.067143 
2.535294 0.723013 -3.520397 0.120549 0.393965 0.059500 
2.563012 0.754893 -3.748404 0.121262 0.417810 0.055497 
2.575958 0.769112 -3.802975 0.121998 0.436659 0.051371 
2.539487 0.765607 -3.849165 0.125151 0.454693 0.042502 
2.544031 0.717322 -3.830936 0.127857 0.463715 0.036886 
2.552480 0.719099 -3.719670 0.129312 0.465260 0.032009 
2.544057 0.729163 -3.515053 0.129213 0.458505 0.031838 
2.546191 0.729830 -3.393568 0.128103 0.445016 0.045192 
2.460476 0.721975 -3.360749 0.127857 0.426611 0.061303 
2.444600 0.709530 -3.452652 0.128108 0.405329 0.070572 
2.467873 0.671215 -3.577049 0.128681 0.382310 0.068771 
2.426784 0.692347 -3.671205 0.128508 0.358131 0.063939 
2.394857 0.687671 -3.511623 0.125735 0.334317 0.060635 
2.337647 0.688739 -3.207373 0.120568 0.312478 0.057792 
2.265498 0.719642 -2.863226 0.114631 0.294758 0.051638 
2.212507 0.740360 -2.641458 0.108953 0.283603 0.041221 
2.162747 0.789817 -2.532764 0.105408 0.280103 0.029529 
2.128748 0.858402 -2.720400 0.103786 0.283731 0.024772 
2.185795 0.881008 -3.010783 0.103183 0.294007 0.030857 
2.207442 0.897924 -3.300012 0.103802 0.310662 0.043070 
2.236280 0.866470 -3.568689 0.106330 0.332415 0.057338 
2.265265 0.790778 -3.815279 0.111435 0.357967 0.068843 
2.280316 0.732037 -3.852037 0.119851 0.385496 0.071457 
2.326408 0.693853 -3.800643 0.128583 0.412695 0.067289 
2.387992 0.684961 -3.689123 0.134796 0.436237 0.057581 
2.388863 0.692761 -3.454694 0.137391 0.454543 0.046386 
2.410592 0.689316 -3.225445 0.135910 0.464957 0.040371 
2.429686 0.675915 -3.181624 0.130837 0.471596 0.042012 
2.408967 0.673330 -3.323306 0.124224 0.473582 0.050117 
2.400717 0.637998 -3.587446 0.117079 0.471093 0.062987 
2.367755 0.612345 -3.877014 0.110797 0.463905 0.073737 
2.300050 0.589549 -4.092016 0.105636 0.452639 0.078792 
2.264980 0.558271 -4.004023 0.102670 0.437834 0.075209 
2.195456 0.537403 -3.769703 0.103125 0.420281 0.064016 
2.123350 0.496208 -3.494712 0.107452 0.401489 0.050232 
2.070813 0.437852 -3.275121 0.115209 0.382956 0.039769 
2.001687 0.394246 -3.094488 0.123707 0.366477 0.035893 
1.930895 0.342693 -3.106229 0.132483 0.349292 0.043433 
1.869217 0.284144 -3.195301 0.137522 0.336364 0.059490 
1.789874 0.262607 -3.337595 0.139756 0.328079 0.078188 
1.697188 0.232364 -3.513977 0.139507 0.326288 0.095638 
1.638214 0.209882 -3.751362 0.137236 0.331619 0.106232 
1.571654 0.202774 -3.784902 0.133281 0.343362 0.105487 
1.518710 0.162520 -3.680937 0.127157 0.359928 0.095816 
1.464075 0.140628 -3.467791 0.119384 0.379065 0.080237 
1.388571 0.127700 -3.189608 0.111496 0.399201 0.063101 
1.316907 0.122315 -2.942747 0.105114 0.418657 0.049250 
1.258759 0.121040 -2.973873 0.102001 0.436166 0.042748 
1.210911 0.079277 -3.172554 0.102160 0.450379 0.044008 
1.160289 0.012276 -3.399338 0.104238 0.459551 0.051159 
1.084064 -0.080394 -3.671433 0.108699 0.464894 0.062666 
0.997521 -0.161968 -3.858555 0.114035 0.465233 0.072471 
0.906342 -0.217365 -3.827922 0.120507 0.461941 0.076064 
0.797355 -0.243221 -3.718217 0.127975 0.456180 0.072246 
0.709904 -0.268926 -3.602718 0.135457 0.447770 0.062456 
0.621419 -0.304128 -3.465052 0.141584 0.437246 0.049081 
0.538220 -0.321970 -3.343888 0.145429 0.424302 0.035975 
0.452319 -0.331550 -3.372873 0.146127 0.409302 0.028283 
0.362784 -0.336281 -3.502626 0.144294 0.393203 0.026027 
0.273103 -0.318173 -3.674068 0.141499 0.376843 0.028801 
0.197209 -0.302647 -3.872764 0.138053 0.362306 0.034542 
0.145478 -0.277799 -4.011909 0.135163 0.350752 0.040186 
0.110332 -0.246410 -3.920642 0.132152 0.341820 0.042892 
0.115144 -0.219543 -3.689125 0.128960 0.337074 0.042130 
0.109576 -0.178112 -3.378059 0.125855 0.337169 0.037741 
0.077759 -0.165654 -3.062083 0.123169 0.342595 0.030813 
0.062349 -0.146384 -2.848275 0.121666 0.352608 0.023086 
0.050155 -0.151519 -2.915764 0.120969 0.366649 0.017409 
0.069218 -0.146873 -3.134238 0.121009 0.382416 0.014578 
0.096254 -0.137638 -3.420994 0.121413 0.398144 0.014366 
0.114848 -0.143127 -3.717717 0.122193 0.412499 0.017795 
0.122034 -0.167151 -3.962661 0.123640 0.424345 0.024389 
0.106975 -0.188297 -4.004523 0.126212 0.433548 0.030314 
0.096702 -0.215966 -3.921753 0.130182 0.440114 0.034313 
0.092067 -0.241742 -3.779642 0.134971 0.443853 0.034631 
0.064352 -0.291909 -3.582172 0.139893 0.445048 0.029331 
0.001288 -0.366912 -3.388897 0.144299 0.443790 0.018372 
-0.094125 -0.434848 -3.400421 0.148426 0.440489 0.004697 
-0.210104 -0.498805 -3.517586 0.151129 0.434953 -0.010091 
-0.316484 -0.540225 -3.664991 0.152553 0.426783 -0.023882 
-0.403011 -0.585037 -3.825242 0.151559 0.415128 -0.034822 
-0.482529 -0.623639 -3.888752 0.147880 0.399878 -0.041950 
-0.572337 -0.634699 -3.722835 0.142772 0.382198 -0.046463 
-0.645099 -0.606396 -3.444952 0.137626 0.363261 -0.047097 
-0.694345 -0.532053 -3.178135 0.133302 0.344475 -0.043985 
-0.726210 -0.453140 -2.917161 0.129020 0.326723 -0.038744 
-0.740803 -0.389987 -2.730559 0.125441 0.312967 -0.032986 
-0.845074 -0.339297 -2.933482 0.123023 0.305819 -0.026689 
-0.876518 -0.297665 -3.179060 0.122029 0.302850 -0.020934 
-0.924212 -0.300652 -3.280824 0.121992 0.297469 -0.016454 
-0.923052 -0.288830 -3.475219 0.121605 0.296442 -0.015418 
-0.863020 -0.318894 -3.595666 0.121753 0.299466 -0.016324 
-0.791029 -0.384783 -3.508979 0.124375 0.304176 -0.020770 
-0.741636 -0.456952 -3.338512 0.127897 0.311705 -0.027015 
-0.710001 -0.562047 -3.140895 0.131334 0.322498 -0.032213 
-0.721503 -0.603132 -2.954090 0.135679 0.334293 -0.037631 
-0.730751 -0.605355 -2.851416 0.140301 0.346869 -0.042045 
-0.648173 -0.594554 -2.989190 0.142992 0.361043 -0.042578 
-0.602593 -0.617154 -3.261465 0.143826 0.375291 -0.040852 
-0.531248 -0.624355 -3.538090 0.143821 0.388796 -0.036852 
-0.450248 -0.675019 -3.810668 0.142233 0.399540 -0.029380 
-0.304332 -0.704345 -3.955783 0.137454 0.406660 -0.021813 
-0.168154 -0.718196 -3.864040 0.132286 0.411048 -0.015179 
-0.057639 -0.664892 -3.759683 0.132880 0.414598 -0.009225 
-0.025704 -0.586180 -3.623753 0.139873 0.418619 -0.003976 
-0.119849 -0.631216 -3.556543 0.148822 0.419272 -0.000751 
-0.215857 -0.670388 -3.546766 0.155241 0.419171 -0.000956 
-0.252000 -0.749207 -3.650701 0.159174 0.415774 -0.002491 
-0.281304 -0.765286 -3.826556 0.162432 0.409969 -0.006811 
-0.231761 -0.741273 -3.998181 0.163444 0.403999 -0.015153 
-0.109541 -0.744006 -4.044039 0.160932 0.394905 -0.022671 
-0.131247 -0.790030 -4.069049 0.155619 0.385745 -0.028424 
-0.123075 -0.698412 -3.955114 0.152893 0.378148 -0.030735 
-0.185466 -0.673018 -3.779863 0.150462 0.371119 -0.025737 
-0.266184 -0.588158 -3.598650 0.147637 0.363004 -0.018654 
-0.321916 -0.554951 -3.399581 0.142531 0.357368 -0.009427 
-0.339658 -0.529986 -3.230044 0.138677 0.351465 -0.001426 
-0.419311 -0.444384 -3.275314 0.137149 0.349297 0.001840 
-0.353006 -0.368339 -3.387184 0.135640 0.348785 0.003088 
-0.370558 -0.332555 -3.558592 0.132673 0.350085 0.000843 
-0.381319 -0.256610 -3.747680 0.131276 0.354990 -0.003609 
-0.379770 -0.292823 -3.948408 0.131993 0.359770 -0.005254 
-0.409470 -0.330525 -3.891150 0.133148 0.365207 -0.008944 
-0.414868 -0.375760 -3.661566 0.133132 0.369396 -0.011817 
-0.382643 -0.441745 -3.388945 0.132349 0.371399 -0.011196 
-0.368095 -0.344546 -3.097090 0.133829 0.372544 -0.011264 
-0.360136 -0.290815 -2.891579 0.134844 0.373063 -0.009051 
-0.324343 -0.278079 -2.931851 0.133513 0.371970 -0.004331 
-0.363873 -0.279862 -3.115726 0.130434 0.371411 -0.001646 
-0.361653 -0.307095 -3.337789 0.127363 0.370648 0.000031 
-0.369155 -0.335413 -3.614500 0.124923 0.371102 -0.001150 
-0.332839 -0.288318 -3.789757 0.122389 0.371261 -0.006070 
-0.312770 -0.296801 -3.689932 0.119441 0.370896 -0.011302 
-0.275060 -0.232452 -3.466124 0.118778 0.370334 -0.014930 
-0.287640 -0.210664 -3.215534 0.119877 0.368296 -0.014378 
-0.231241 -0.241880 -2.939210 0.121932 0.364804 -0.008896 
-0.237689 -0.295633 -2.776876 0.123475 0.361951 -0.002123 
-0.229586 -0.307100 -2.863856 0.128069 0.359915 0.004935 
-0.216595 -0.329217 -3.050155 0.133559 0.359382 0.010479 
-0.241571 -0.318686 -3.299471 0.138935 0.359889 0.009221 
-0.246731 -0.334635 -3.553569 0.140757 0.363580 0.004103 
-0.188896 -0.375733 -3.718205 0.140344 0.366894 -0.002844 
-0.215205 -0.386221 -3.660140 0.139119 0.371347 -0.012908 
-0.152771 -0.397306 -3.486320 0.136329 0.376886 -0.019865 
-0.151587 -0.425553 -3.342324 0.132743 0.381902 -0.022545 
-0.186823 -0.354835 -3.159997 0.130956 0.386744 -0.021421 
-0.151794 -0.340550 -3.006801 0.129623 0.388888 -0.013356 
-0.144606 -0.317648 -3.094288 0.127868 0.388880 -0.001922 
-0.137454 -0.262149 -3.313535 0.126510 0.389000 0.009298 
-0.111133 -0.262605 -3.521855 0.126858 0.388291 0.018986 
-0.138186 -0.274295 -3.771516 0.128545 0.386133 0.024344 
-0.123677 -0.303440 -3.910641 0.129161 0.383645 0.022945 
-0.082523 -0.408261 -3.818460 0.128281 0.380892 0.015302 
-0.080494 -0.399994 -3.625101 0.130899 0.379301 0.001725 
-0.093284 -0.381258 -3.387608 0.136312 0.378488 -0.011217 
-0.148387 -0.405077 -3.209726 0.141726 0.378160 -0.020801 
-0.237720 -0.414168 -3.069863 0.145619 0.378662 -0.026428 
-0.263447 -0.485693 -3.122282 0.147679 0.375768 -0.023175 
-0.286255 -0.518176 -3.304530 0.147935 0.372608 -0.015484 
-0.289827 -0.475988 -3.524527 0.145995 0.370591 -0.007345 
-0.251582 -0.470044 -3.775042 0.142059 0.367983 0.002073 
-0.228204 -0.420439 -3.893507 0.137771 0.364897 0.007881 
-0.242116 -0.411409 -3.783852 0.132518 0.362585 0.008406 
-0.212633 -0.418917 -3.615007 0.127169 0.362050 0.005523 
-0.228666 -0.395392 -3.421933 0.124900 0.363373 -0.000930 
-0.263657 -0.369957 -3.231829 0.126170 0.365406 -0.008625 
-0.285548 -0.402505 -3.088462 0.128326 0.369437 -0.014812 
-0.325878 -0.450191 -3.164194 0.131664 0.373052 -0.019382 
-0.346390 -0.482726 -3.269387 0.133838 0.375017 -0.019539 
-0.309759 -0.477939 -3.476585 0.137760 0.378054 -0.016807 
-0.279911 -0.477383 -3.676408 0.141007 0.379034 -0.012429 
-0.259928 -0.523693 -3.813691 0.142148 0.379192 -0.007331 
-0.215137 -0.557693 -3.750936 0.142093 0.379339 -0.004293 
-0.202212 -0.556268 -3.560438 0.142583 0.379129 -0.003814 
-0.218796 -0.544029 -3.394021 0.142651 0.378269 -0.005373 
-0.222868 -0.484014 -3.241816 0.141936 0.378963 -0.008753 
-0.231166 -0.445201 -3.118420 0.140107 0.379681 -0.012043 
-0.254777 -0.422497 -3.192009 0.137847 0.378043 -0.013222 
-0.251828 -0.409804 -3.369803 0.134893 0.377761 -0.012999 
-0.216975 -0.413253 -3.551238 0.131202 0.377252 -0.010951 
-0.232453 -0.413415 -3.739303 0.129597 0.376243 -0.007644 
-0.238070 -0.364814 -3.872118 0.130265 0.375757 -0.003667 
-0.254625 -0.362027 -3.801377 0.131398 0.375395 -0.000401 
-0.304709 -0.371092 -3.582186 0.132743 0.373898 0.000318 
-0.313572 -0.379216 -3.371268 0.134439 0.371922 0.000063 
-0.307230 -0.406149 -3.144926 0.135528 0.370302 -0.001898 
-0.322218 -0.395232 -2.972769 0.136391 0.368564 -0.006136 
-0.310900 -0.421188 -3.001624 0.135414 0.366269 -0.009884 
-0.289171 -0.437321 -3.182151 0.133876 0.364500 -0.013433 
-0.288767 -0.420171 -3.365788 0.133202 0.364044 -0.016355 
-0.273381 -0.420320 -3.618996 0.132901 0.363780 -0.016243 
-0.292309 -0.413194 -3.847842 0.133113 0.365195 -0.014201 
-0.312163 -0.397551 -3.805044 0.133851 0.366871 -0.011721 
-0.340908 -0.415869 -3.672742 0.134503 0.367723 -0.008525 
-0.337549 -0.403897 -3.456946 0.134738 0.369306 -0.005999 
-0.304949 -0.382485 -3.188218 0.134733 0.370488 -0.004167 
-0.273102 -0.368999 -3.007083 0.134515 0.371394 -0.003587 
-0.247551 -0.337753 -3.038293 0.134428 0.372955 -0.003297 
-0.229981 -0.354269 -3.191091 0.134168 0.374854 -0.003023 
-0.249592 -0.366832 -3.410663 0.133917 0.376830 -0.004306 
-0.281983 -0.363591 -3.650303 0.133448 0.379096 -0.005491 
-0.286193 -0.383377 -3.819838 0.132832 0.380763 -0.006296 
-0.313027 -0.385258 -3.748788 0.131673 0.381219 -0.009439 
-0.310433 -0.365721 -3.547774 0.130354 0.380506 -0.011698 
-0.309136 -0.367952 -3.330983 0.129204 0.379028 -0.012338 
-0.326288 -0.340507 -3.086322 0.129216 0.376544 -0.012625 
-0.330244 -0.328888 -2.949393 0.129773 0.373789 -0.010872 
-0.328344 -0.348165 -3.062014 0.130934 0.371306 -0.007213 
-0.352075 -0.361490 -3.284902 0.132931 0.368351 -0.004509 
-0.354879 -0.405680 -3.515004 0.134723 0.365616 -0.002896 
-0.341046 -0.420582 -3.730136 0.136246 0.363823 -0.002982 
-0.344002 -0.434857 -3.909237 0.137922 0.361853 -0.005288 
-0.339482 -0.447606 -3.839864 0.139439 0.360652 -0.009533 
-0.325371 -0.459156 -3.677399 0.140481 0.360231 -0.014236 
-0.337709 -0.456368 -3.466987 0.141445 0.360667 -0.017826 
-0.346583 -0.473506 -3.241375 0.141949 0.362027 -0.019272 
-0.357642 -0.472300 -3.090180 0.141781 0.364093 -0.018949 
-0.363923 -0.464387 -3.138308 0.141031 0.366543 -0.015679 
-0.337360 -0.466642 -3.300075 0.139431 0.369253 -0.011108 
-0.315594 -0.449851 -3.499442 0.137320 0.372391 -0.007309 
-0.294331 -0.440797 -3.708277 0.135155 0.375338 -0.003732 
-0.284067 -0.444953 -3.893934 0.133693 0.378447 -0.001762 
-0.285118 -0.444697 -3.860153 0.132886 0.381603 -0.002721 
-0.291229 -0.449332 -3.701428 0.132838 0.383911 -0.005401 
-0.302994 -0.450990 -3.522877 0.134094 0.385493 -0.008716 
-0.301766 -0.448728 -3.302966 0.135384 0.386024 -0.012306 
-0.302733 -0.457995 -3.126849 0.136916 0.385235 -0.014747 
-0.287514 -0.464606 -3.179400 0.138168 0.383605 -0.014796 
-0.265739 -0.473116 -3.328211 0.139739 0.381372 -0.013103 
-0.265788 -0.493027 -3.529058 0.141219 0.378912 -0.010811 
-0.271336 -0.501209 -3.750525 0.142459 0.376690 -0.008209 
-0.284220 -0.513283 -3.929232 0.143503 0.374415 -0.006318 
-0.309922 -0.516716 -3.856566 0.143623 0.372192 -0.006876 
-0.318357 -0.512712 -3.655453 0.142672 0.370115 -0.009345 
-0.324193 -0.499993 -3.442641 0.140980 0.367924 -0.011896 
-0.327397 -0.479188 -3.176851 0.138540 0.365805 -0.014816 
-0.321666 -0.448055 -3.005645 0.136182 0.364218 -0.016534 
-0.313025 -0.434984 -3.055440 0.133551 0.362925 -0.015016 
-0.312466 -0.419686 -3.222397 0.131740 0.362189 -0.011899 
-0.312426 -0.408053 -3.432691 0.130548 0.362420 -0.008199 
-0.299727 -0.405347 -3.665429 0.129945 0.362754 -0.004102 
-0.289427 -0.397543 -3.835362 0.130175 0.363958 -0.001367 
-0.282748 -0.408265 -3.755723 0.130902 0.365713 -0.001442 
-0.263646 -0.403834 -3.571227 0.132218 0.367849 -0.003258 
-0.253498 -0.396532 -3.385350 0.134031 0.370335 -0.005940 
-0.244201 -0.399019 -3.179205 0.136094 0.373202 -0.008832 
-0.248226 -0.402193 -3.045234 0.137988 0.376269 -0.011141 
-0.249766 -0.404299 -3.150877 0.139583 0.378975 -0.010750 
-0.233981 -0.414783 -3.350094 0.140491 0.381569 -0.009038 
-0.229950 -0.421423 -3.558190 0.140296 0.383196 -0.006983 
-0.224934 -0.425414 -3.756117 0.139638 0.384147 -0.004581 
-0.209798 -0.425456 -3.932805 0.138209 0.385120 -0.002041 
-0.220310 -0.416316 -3.848583 0.136977 0.384992 -0.002374 
-0.223529 -0.401216 -3.660441 0.135465 0.384416 -0.003464 
-0.242283 -0.384063 -3.440157 0.133956 0.383371 -0.005164 
-0.263486 -0.363998 -3.198419 0.132787 0.381576 -0.007484 
-0.270011 -0.359612 -3.018388 0.131360 0.379394 -0.009319 
-0.269549 -0.358262 -3.046748 0.130248 0.376811 -0.009189 
-0.270295 -0.363361 -3.199699 0.129419 0.373681 -0.008094 
-0.266316 -0.363011 -3.386335 0.129437 0.370240 -0.006285 
-0.276657 -0.364980 -3.605554 0.129753 0.367479 -0.003872 
-0.289840 -0.374452 -3.773796 0.130655 0.364535 -0.001962 
-0.290427 -0.376414 -3.735124 0.131927 0.361858 -0.001918 
-0.312986 -0.377493 -3.571480 0.133346 0.360176 -0.003281 
-0.320732 -0.387909 -3.375841 0.134544 0.358667 -0.005157 
-0.312761 -0.376421 -3.147413 0.135743 0.357911 -0.007969 
-0.309249 -0.392138 -2.989520 0.136428 0.358714 -0.010756 
-0.302205 -0.402969 -3.069483 0.136841 0.360296 -0.011604 
-0.307295 -0.408322 -3.253495 0.137129 0.362651 -0.011365 
-0.302396 -0.422241 -3.468834 0.137043 0.366084 -0.010627 
-0.310068 -0.429672 -3.706439 0.136834 0.370090 -0.009052 
-0.317116 -0.436244 -3.892063 0.136309 0.373894 -0.007747 
-0.311298 -0.449589 -3.809899 0.135729 0.377372 -0.008035 
-0.306120 -0.452478 -3.613408 0.135055 0.380364 -0.009286 
-0.315875 -0.452217 -3.416494 0.134235 0.382601 -0.010525 
-0.306507 -0.436458 -3.179190 0.134016 0.384036 -0.012045 
-0.312821 -0.434499 -3.035152 0.133857 0.384729 -0.012784 
-0.313084 -0.433570 -3.128945 0.134030 0.384459 -0.011898 
-0.306834 -0.443524 -3.326551 0.134296 0.383677 -0.010136 
-0.304443 -0.466704 -3.544116 0.135112 0.381963 -0.008824 
-0.310443 -0.474885 -3.782175 0.136191 0.379648 -0.007519 
-0.303336 -0.482446 -3.947223 0.137439 0.377135 -0.007117 
-0.313914 -0.495729 -3.864271 0.138944 0.374131 -0.008648 
-0.317328 -0.495783 -3.677489 0.140381 0.370971 -0.011048 
-0.326089 -0.501393 -3.471318 0.141452 0.368227 -0.012896 
-0.318269 -0.498413 -3.233551 0.141950 0.365364 -0.014812 
-0.329253 -0.494535 -3.079005 0.142125 0.363412 -0.015731 
-0.313083 -0.480565 -3.141364 0.141434 0.361880 -0.014572 
-0.301353 -0.474801 -3.306623 0.140365 0.361347 -0.012651 
-0.300889 -0.473272 -3.492209 0.138779 0.361946 -0.010433 
-0.291603 -0.454511 -3.719114 0.137320 0.363452 -0.008041 
-0.287582 -0.443454 -3.863488 0.135477 0.365936 -0.006016 
-0.300161 -0.425445 -3.780896 0.134143 0.368983 -0.005844 
-0.314067 -0.415191 -3.595110 0.132909 0.371925 -0.006446 
-0.307994 -0.409186 -3.389683 0.132138 0.374818 -0.007148 
-0.297042 -0.395984 -3.163140 0.131741 0.376912 -0.008361 
-0.294524 -0.386544 -3.008427 0.131638 0.378883 -0.009426 
-0.279086 -0.382480 -3.072148 0.132000 0.379935 -0.008639 
-0.273032 -0.389684 -3.268844 0.132766 0.380589 -0.007650 
-0.269441 -0.403489 -3.475790 0.133968 0.380782 -0.006887 
-0.259292 -0.419295 -3.713568 0.135161 0.380358 -0.005931 
-0.264646 -0.433678 -3.877926 0.136352 0.379649 -0.005872 
-0.265240 -0.442172 -3.793381 0.137735 0.378584 -0.008064 
-0.278741 -0.439903 -3.616380 0.138538 0.377026 -0.010265 
-0.284074 -0.432421 -3.388573 0.139059 0.375215 -0.012306 
-0.293704 -0.420374 -3.150408 0.138805 0.373339 -0.013895 
-0.293703 -0.403021 -3.006965 0.138118 0.371126 -0.013837 
-0.290323 -0.395592 -3.081249 0.136893 0.369206 -0.011606 
-0.298987 -0.388933 -3.258348 0.135178 0.367481 -0.008491 
-0.293288 -0.391379 -3.455127 0.133408 0.365844 -0.005613 
-0.293823 -0.376052 -3.671244 0.131760 0.365026 -0.003184 
-0.296106 -0.378888 -3.803262 0.130300 0.364581 -0.002091 
-0.294720 -0.362094 -3.707353 0.129771 0.364561 -0.003495 
-0.301088 -0.358847 -3.550095 0.129299 0.364868 -0.005178 
-0.302208 -0.352660 -3.342051 0.129490 0.365515 -0.007367 
-0.312464 -0.344069 -3.125592 0.130496 0.366706 -0.009459 
-0.307916 -0.344842 -2.972912 0.131609 0.368087 -0.010541 
-0.309646 -0.350728 -3.048586 0.132856 0.369641 -0.009679 
-0.303736 -0.369430 -3.248089 0.134023 0.371154 -0.007963 
-0.305570 -0.392817 -3.457653 0.135314 0.372816 -0.006366 
-0.299337 -0.395746 -3.707325 0.136595 0.374532 -0.004904 
-0.293744 -0.421588 -3.892985 0.137389 0.375657 -0.004348 
-0.289539 -0.439272 -3.818859 0.138226 0.376946 -0.006249 
-0.291977 -0.442508 -3.660494 0.138675 0.377796 -0.009027 
-0.301602 -0.457042 -3.441010 0.138875 0.378395 -0.011750 
-0.301929 -0.449033 -3.211027 0.138597 0.378555 -0.014229 
-0.301491 -0.448350 -3.044162 0.138111 0.378430 -0.015686 
-0.298523 -0.438238 -3.116696 0.137385 0.377947 -0.014548 
-0.294822 -0.434821 -3.293627 0.136457 0.376994 -0.012099 
-0.305192 -0.447870 -3.460538 0.135245 0.376035 -0.009430 
-0.316356 -0.443606 -3.700025 0.134479 0.374910 -0.006391 
-0.321373 -0.450970 -3.855979 0.133630 0.373532 -0.004246 
-0.329542 -0.448837 -3.772038 0.133155 0.371951 -0.004899 
-0.340515 -0.445454 -3.594484 0.133164 0.370089 -0.006762 
-0.345654 -0.437769 -3.385787 0.133527 0.368183 -0.009137 
-0.344947 -0.436054 -3.166720 0.134332 0.366709 -0.011947 
-0.344237 -0.434861 -3.020420 0.135298 0.365343 -0.014180 
-0.334118 -0.448865 -3.123595 0.136176 0.364517 -0.014064 
-0.331223 -0.460603 -3.312203 0.137552 0.364236 -0.012639 
-0.333374 -0.471244 -3.520875 0.138612 0.364758 -0.011128 
-0.319516 -0.485451 -3.771849 0.139658 0.366130 -0.009021 
-0.326435 -0.496188 -3.918867 0.140389 0.367824 -0.007679 
-0.318396 -0.499886 -3.835715 0.140683 0.369856 -0.008817 
-0.316742 -0.499972 -3.648659 0.140671 0.372110 -0.010721 
-0.320204 -0.486777 -3.440335 0.140105 0.374210 -0.012590 
-0.315528 -0.477619 -3.200835 0.139193 0.376247 -0.014536 
-0.294564 -0.458312 -3.064811 0.137886 0.377711 -0.015375 
-0.286357 -0.447870 -3.148082 0.136521 0.379296 -0.013724 
-0.286030 -0.448455 -3.335117 0.135241 0.380470 -0.011197 
-0.272462 -0.446204 -3.513119 0.134149 0.380882 -0.008335 
-0.267716 -0.438866 -3.753720 0.133574 0.381082 -0.005099 
-0.257875 -0.433621 -3.879626 0.133142 0.380749 -0.003158 
-0.260284 -0.421205 -3.777851 0.133545 0.379801 -0.003490 
-0.256779 -0.419597 -3.572290 0.133870 0.378409 -0.004697 
-0.269882 -0.416041 -3.365476 0.134520 0.376558 -0.006544 
-0.268358 -0.413162 -3.178966 0.135176 0.374799 -0.008411 
-0.274621 -0.404066 -3.023022 0.135872 0.372528 -0.010189 
-0.264267 -0.412066 -3.084471 0.136149 0.370166 -0.010008 
-0.259416 -0.408988 -3.269653 0.136346 0.368154 -0.008966 
-0.267006 -0.416572 -3.455362 0.136138 0.366797 -0.007500 
-0.265884 -0.413503 -3.692393 0.135853 0.365870 -0.005756 
-0.277985 -0.412883 -3.847418 0.135376 0.365692 -0.004270 
-0.268412 -0.401541 -3.763898 0.134814 0.365999 -0.004833 
-0.287818 -0.400046 -3.566751 0.134159 0.366870 -0.006164 
-0.305869 -0.390903 -3.358753 0.133236 0.367923 -0.007588 
-0.302584 -0.378361 -3.120264 0.132509 0.369111 -0.009205 
-0.313039 -0.366905 -2.964345 0.131770 0.370599 -0.010252 
-0.301227 -0.359584 -3.046977 0.131189 0.371870 -0.009361 
-0.296377 -0.365161 -3.222202 0.130518 0.373199 -0.007909 
-0.300605 -0.373950 -3.429055 0.130303 0.374308 -0.006276 
-0.299735 -0.385876 -3.666749 0.130553 0.375098 -0.004781 
-0.301218 -0.397304 -3.831922 0.131284 0.375798 -0.004195 
-0.297941 -0.402844 -3.748193 0.132206 0.376141 -0.005859 
-0.297776 -0.413915 -3.561745 0.133565 0.375820 -0.008295 
-0.304258 -0.420444 -3.365186 0.134790 0.375451 -0.010610 
-0.304076 -0.411994 -3.138336 0.136124 0.374463 -0.012888 
-0.302075 -0.420404 -3.005767 0.137024 0.373471 -0.013746 
-0.289931 -0.417439 -3.111324 0.137702 0.372640 -0.012550 
-0.282833 -0.426859 -3.300210 0.137812 0.371757 -0.010133 
-0.295977 -0.440459 -3.508112 0.137399 0.370919 -0.007834 
-0.301665 -0.434203 -3.747412 0.137293 0.370330 -0.005346 
-0.305890 -0.446048 -3.870638 0.136410 0.370086 -0.004153 
-0.304792 -0.436923 -3.785037 0.135828 0.369875 -0.005459 
-0.318561 -0.435787 -3.594808 0.135013 0.369653 -0.007854 
-0.325589 -0.431726 -3.385274 0.134544 0.369765 -0.010134 
-0.341175 -0.423507 -3.144545 0.134418 0.369935 -0.012926 
-0.341624 -0.432111 -3.029037 0.134190 0.370011 -0.014330 
-0.333819 -0.429859 -3.112302 0.134376 0.370448 -0.013658 
-0.333418 -0.440144 -3.309490 0.134635 0.370854 -0.012123 
-0.333869 -0.450341 -3.508060 0.135217 0.371268 -0.010273 
-0.327663 -0.465472 -3.759163 0.136092 0.371832 -0.007940 
-0.329816 -0.475591 -3.895067 0.136991 0.372247 -0.007006 
-0.325476 -0.480529 -3.803456 0.137757 0.372489 -0.007695 
-0.322397 -0.485751 -3.627850 0.138677 0.372821 -0.009603 
-0.325113 -0.486520 -3.440751 0.139141 0.373097 -0.011705 
-0.328274 -0.486407 -3.202213 0.139609 0.373178 -0.014083 
-0.315089 -0.478058 -3.087708 0.139830 0.373167 -0.015379 
-0.305777 -0.466308 -3.170749 0.139601 0.373311 -0.014479 
-0.288167 -0.467667 -3.357128 0.139129 0.373502 -0.012704 
-0.277407 -0.464816 -3.544633 0.138684 0.373745 -0.010501 
-0.280010 -0.470883 -3.774179 0.138009 0.374179 -0.007584 
-0.282954 -0.469098 -3.899863 0.137384 0.374795 -0.005651 
-0.279156 -0.453439 -3.786580 0.136525 0.375140 -0.005753 
-0.277342 -0.445244 -3.590593 0.135931 0.375292 -0.006648 
-0.275784 -0.436093 -3.392624 0.135182 0.375158 -0.008178 
-0.275690 -0.417678 -3.143546 0.134816 0.374840 -0.010093 
-0.281328 -0.420604 -3.017917 0.133982 0.374570 -0.011044 
-0.280124 -0.409155 -3.110341 0.133586 0.373720 -0.010244 
-0.264755 -0.407664 -3.306451 0.133456 0.373165 -0.008795 
-0.264430 -0.405895 -3.492654 0.133479 0.372618 -0.007339 
-0.272344 -0.416941 -3.740808 0.133732 0.372133 -0.005623 
-0.267293 -0.419082 -3.866280 0.134370 0.371544 -0.004555 
-0.263884 -0.421884 -3.773764 0.135152 0.371218 -0.005558 
-0.274865 -0.424179 -3.578082 0.135762 0.370882 -0.007112 
-0.270901 -0.410234 -3.372768 0.136494 0.370639 -0.008548 
-0.279821 -0.396814 -3.145529 0.136732 0.370578 -0.010281 
-0.279570 -0.396726 -3.001977 0.136564 0.370651 -0.010800 
-0.270331 -0.392579 -3.096164 0.136283 0.370603 -0.009481 
-0.264891 -0.386787 -3.282335 0.135372 0.371169 -0.007485 
-0.259063 -0.389844 -3.477737 0.134239 0.371825 -0.005714 
-0.253219 -0.383911 -3.714201 0.133171 0.372299 -0.003758 
-0.263245 -0.387726 -3.836793 0.132341 0.373246 -0.002897 
-0.253669 -0.386263 -3.731625 0.131707 0.373927 -0.003985 
-0.260160 -0.375617 -3.544111 0.131446 0.374521 -0.005753 
-0.254024 -0.372747 -3.347552 0.131619 0.374927 -0.007415 
-0.271099 -0.364282 -3.110426 0.132138 0.375110 -0.009255 
-0.274098 -0.363234 -2.997705 0.132781 0.374924 -0.010131 
-0.275261 -0.370576 -3.093094 0.133216 0.374659 -0.008825 
-0.277583 -0.385885 -3.291211 0.133922 0.374222 -0.007183 
-0.273665 -0.396750 -3.508479 0.134825 0.373650 -0.006094 
-0.282863 -0.407841 -3.756337 0.135398 0.373174 -0.004704 
-0.293941 -0.419425 -3.869068 0.136280 0.372881 -0.004814 
-0.312811 -0.433105 -3.772412 0.136650 0.372129 -0.007093 
-0.316546 -0.439076 -3.583478 0.136917 0.371548 -0.009719 
-0.326929 -0.440504 -3.384433 0.137051 0.370918 -0.012225 
-0.343955 -0.437263 -3.144929 0.137052 0.370236 -0.014584 
-0.337314 -0.430882 -3.031154 0.136934 0.369697 -0.015334 
-0.342788 -0.433395 -3.104109 0.136436 0.369268 -0.014205 
-0.346983 -0.436513 -3.280473 0.135778 0.368940 -0.012199 
-0.351144 -0.440782 -3.488327 0.135275 0.368905 -0.009904 
-0.340026 -0.446150 -3.726340 0.134614 0.369052 -0.007635 
-0.344710 -0.443786 -3.860982 0.134313 0.369489 -0.006355 
-0.344950 -0.452452 -3.776659 0.134087 0.369568 -0.007464 
-0.346358 -0.453934 -3.578923 0.134225 0.370024 -0.009555 
-0.349075 -0.454703 -3.391824 0.134689 0.370301 -0.011657 
-0.352605 -0.446629 -3.163469 0.135374 0.370485 -0.014152 
-0.340705 -0.447580 -3.019681 0.136010 0.370762 -0.015329 
-0.327808 -0.457849 -3.135146 0.136754 0.371165 -0.014376 
-0.313867 -0.467902 -3.333767 0.137345 0.371477 -0.012526 
-0.314183 -0.462400 -3.533051 0.138198 0.372184 -0.010570 
-0.306870 -0.478576 -3.784754 0.138905 0.373028 -0.007917 
-0.306344 -0.482026 -3.911247 0.139370 0.373904 -0.006435 
-0.306170 -0.476708 -3.818688 0.139562 0.374752 -0.007117 
-0.305556 -0.471229 -3.632032 0.139430 0.375582 -0.008679 
-0.304565 -0.464327 -3.433834 0.138985 0.376024 -0.010542 
-0.303367 -0.456964 -3.194054 0.138381 0.376363 -0.012688 
-0.300322 -0.447958 -3.057911 0.137314 0.376227 -0.013623 
-0.295159 -0.439800 -3.149917 0.136094 0.376208 -0.012501 
-0.283798 -0.426075 -3.325360 0.135242 0.375778 -0.010697 
-0.287165 -0.428523 -3.511274 0.134270 0.375255 -0.008692 
-0.291632 -0.430319 -3.739009 0.133625 0.374555 -0.006403 
-0.283812 -0.432036 -3.853836 0.133463 0.373849 -0.004990 
-0.279179 -0.432882 -3.741057 0.133776 0.373035 -0.005641 
-0.282217 -0.420282 -3.545727 0.134175 0.372077 -0.006858 
-0.279257 -0.411802 -3.350654 0.134870 0.371075 -0.008188 
-0.282527 -0.408261 -3.113423 0.135202 0.370299 -0.009910 
-0.277824 -0.391626 -3.011146 0.135638 0.369302 -0.010455 
-0.264634 -0.397802 -3.105443 0.135930 0.368649 -0.009463 
-0.256312 -0.402312 -3.292265 0.135913 0.368618 -0.007802 
-0.253705 -0.395161 -3.498869 0.135655 0.368825 -0.006151 
-0.258487 -0.410169 -3.737055 0.135398 0.369367 -0.004110 
-0.256056 -0.413465 -3.849547 0.135060 0.370129 -0.003568 
-0.254131 -0.409221 -3.725023 0.134762 0.371246 -0.004541 
-0.252337 -0.397185 -3.527820 0.134514 0.372546 -0.006201 
-0.242846 -0.388825 -3.320773 0.134084 0.373694 -0.007637 
-0.255238 -0.376471 -3.081936 0.133668 0.374992 -0.009580 
-0.267105 -0.371273 -2.989079 0.133209 0.375924 -0.009931 
-0.256545 -0.378111 -3.093404 0.132691 0.376532 -0.008521 
-0.254365 -0.380221 -3.238996 0.132524 0.377017 -0.007041 
-0.252175 -0.373469 -3.455998 0.132423 0.377325 -0.005402 
-0.258539 -0.385920 -3.683423 0.132345 0.377207 -0.003669 
-0.274626 -0.401135 -3.836847 0.132558 0.376762 -0.003267 
-0.285689 -0.402034 -3.741992 0.133023 0.375963 -0.004899 
-0.292301 -0.404998 -3.565008 0.133954 0.374642 -0.007215 
-0.298471 -0.408322 -3.366696 0.134720 0.373409 -0.009832 
-0.305527 -0.410405 -3.138275 0.135655 0.371892 -0.012422 
-0.310696 -0.411867 -3.014636 0.136279 0.370188 -0.013487 
-0.313923 -0.415269 -3.119451 0.136903 0.368888 -0.012500 
-0.316128 -0.427576 -3.296705 0.137308 0.367684 -0.010826 
-0.301248 -0.434086 -3.514359 0.137283 0.367037 -0.008970 
-0.307134 -0.438042 -3.743247 0.137265 0.366921 -0.006699 
-0.320300 -0.447279 -3.877166 0.137039 0.367125 -0.005743 
-0.333073 -0.440704 -3.772471 0.136589 0.367678 -0.006722 
-0.332569 -0.451682 -3.574169 0.136179 0.368403 -0.008704 
-0.338142 -0.442908 -3.375486 0.135743 0.369465 -0.010787 
-0.336813 -0.429854 -3.145116 0.135340 0.370476 -0.013379 
-0.335392 -0.433347 -3.030061 0.134988 0.371402 -0.014574 
-0.340900 -0.441531 -3.133504 0.134932 0.372409 -0.013818 
-0.331757 -0.441795 -3.340737 0.135106 0.373428 -0.012294 
-0.323876 -0.442239 -3.529403 0.135760 0.374551 -0.010441 
-0.315926 -0.458572 -3.778886 0.136145 0.375388 -0.008425 
