0.049020 0.190745 -4.075120 -0.352450 0.283446 0.007169 
0.033007 0.199059 -3.867797 -0.352252 0.283625 0.005308 
0.030898 0.199516 -3.682070 -0.351939 0.283612 0.003854 
0.022420 0.212576 -3.433501 -0.351865 0.283639 0.001819 
0.029256 0.209383 -3.382616 -0.351886 0.283391 0.001756 
0.044750 0.217709 -3.508030 -0.351812 0.283307 0.003153 
0.039042 0.204966 -3.714965 -0.352054 0.283277 0.004905 
0.047364 0.200456 -3.901787 -0.352071 0.283246 0.006567 
0.049845 0.191516 -4.150099 -0.352440 0.283263 0.008716 
0.042095 0.186702 -4.190505 -0.352316 0.283416 0.008569 
0.041041 0.186880 -4.064927 -0.352322 0.283403 0.007068 
0.031852 0.191743 -3.867411 -0.352143 0.283343 0.005092 
0.029944 0.192532 -3.670447 -0.351989 0.283231 0.003330 
0.020574 0.206705 -3.422117 -0.351747 0.282978 0.001296 
0.027908 0.211119 -3.392108 -0.351713 0.282924 0.001430 
0.035833 0.215852 -3.527278 -0.351668 0.282701 0.002712 
0.037540 0.214732 -3.735479 -0.351663 0.282913 0.004783 
0.053794 0.205726 -3.932709 -0.351867 0.282921 0.006650 
0.048383 0.200259 -4.171757 -0.351896 0.283185 0.008908 
0.048793 0.200529 -4.191705 -0.352053 0.283090 0.008895 
0.041257 0.186947 -4.065766 -0.352321 0.283402 0.007389 
0.032308 0.191119 -3.858157 -0.352148 0.283530 0.005420 
0.017123 0.200104 -3.660384 -0.352265 0.283514 0.003558 
0.022750 0.205638 -3.422175 -0.352236 0.283249 0.001621 
0.022515 0.206458 -3.401922 -0.352231 0.283057 0.001641 
0.031091 0.210770 -3.546946 -0.352348 0.282925 0.002915 
0.032952 0.201620 -3.744125 -0.352562 0.283035 0.004783 
0.041120 0.205140 -3.941970 -0.352361 0.283106 0.006648 
0.050102 0.199816 -4.181069 -0.352380 0.283269 0.008906 
0.050161 0.197905 -4.201627 -0.352232 0.283749 0.008880 
0.041995 0.193864 -4.076550 -0.352272 0.283785 0.007592 
0.025766 0.202111 -3.868388 -0.352074 0.283965 0.005410 
0.024034 0.203990 -3.671119 -0.352072 0.283565 0.003653 
0.022621 0.212908 -3.422264 -0.352024 0.283540 0.001510 
0.022998 0.214331 -3.410723 -0.352336 0.283153 0.001208 
0.031317 0.210342 -3.524778 -0.352513 0.283015 0.002292 
0.033201 0.210313 -3.732673 -0.352662 0.282938 0.004370 
0.049091 0.209397 -3.909741 -0.352649 0.283046 0.006146 
0.050544 0.199456 -4.159739 -0.352544 0.283358 0.008604 
0.050343 0.199124 -4.170976 -0.352385 0.283457 0.008912 
0.041156 0.203466 -4.046227 -0.352045 0.283504 0.007514 
0.032161 0.199277 -3.838832 -0.351931 0.283629 0.005650 
0.030516 0.208494 -3.642492 -0.351717 0.283519 0.004103 
0.021117 0.213418 -3.413791 -0.351539 0.283455 0.001833 
0.028412 0.218856 -3.382639 -0.351659 0.283115 0.001653 
0.036678 0.206378 -3.527255 -0.351895 0.282978 0.002815 
0.038345 0.206282 -3.734312 -0.352044 0.282902 0.004572 
0.047494 0.202441 -3.930685 -0.352376 0.282675 0.006233 
0.049590 0.192472 -4.148116 -0.352594 0.282976 0.008080 
0.042055 0.187726 -4.189362 -0.352469 0.283129 0.008254 
0.041505 0.195640 -4.054314 -0.352421 0.283306 0.006976 
0.032068 0.191811 -3.868250 -0.352143 0.283342 0.005413 
0.031105 0.199976 -3.640487 -0.352098 0.283509 0.003571 
0.022185 0.213397 -3.413248 -0.351860 0.283447 0.001838 
0.036818 0.212848 -3.403207 -0.351856 0.283534 0.001845 
0.038073 0.213002 -3.517548 -0.352009 0.283448 0.003037 
0.039741 0.212906 -3.724605 -0.352158 0.283372 0.004794 
0.049131 0.208374 -3.910884 -0.352496 0.283333 0.006461 
0.051195 0.199035 -4.169594 -0.352707 0.283450 0.008597 
0.043861 0.194620 -4.199602 -0.352741 0.283503 0.008462 
0.042760 0.186437 -4.074239 -0.352806 0.283487 0.007066 
0.033812 0.190609 -3.866630 -0.352633 0.283615 0.005097 
0.024839 0.195540 -3.669952 -0.352453 0.283554 0.003442 
0.030096 0.209036 -3.441926 -0.352207 0.283392 0.001389 
0.036732 0.205511 -3.402278 -0.352069 0.283244 0.001635 
0.036941 0.214807 -3.527879 -0.351835 0.282980 0.003032 
0.038561 0.206349 -3.735151 -0.352043 0.282901 0.004893 
0.046922 0.200816 -3.923117 -0.351906 0.283158 0.006869 
0.041055 0.195973 -4.171419 -0.351930 0.283235 0.008800 
0.048114 0.191702 -4.201479 -0.351955 0.283187 0.008666 
0.047253 0.182827 -4.066023 -0.352025 0.283359 0.007275 
0.031201 0.192165 -3.857556 -0.351980 0.283251 0.005100 
0.022879 0.196674 -3.670733 -0.351964 0.283282 0.003438 
0.021225 0.206284 -3.431972 -0.351910 0.283070 0.001288 
0.028559 0.210698 -3.401963 -0.351876 0.283016 0.001423 
0.036437 0.207070 -3.537348 -0.351889 0.282790 0.002809 
0.045425 0.201875 -3.746101 -0.351909 0.282949 0.005093 
0.046922 0.200816 -3.923117 -0.351906 0.283158 0.006869 
0.048598 0.200326 -4.172595 -0.351895 0.283185 0.009229 
0.055722 0.194272 -4.192867 -0.351772 0.283613 0.009095 
0.040276 0.194307 -4.067238 -0.351788 0.283701 0.007594 
0.031529 0.198810 -3.848392 -0.351773 0.283729 0.005316 
0.030473 0.199510 -3.650046 -0.351941 0.283610 0.003238 
0.021074 0.204434 -3.421345 -0.351763 0.283546 0.000967 
0.021714 0.214285 -3.410427 -0.352015 0.283161 0.000882 
0.030853 0.201582 -3.535391 -0.352414 0.283111 0.002384 
0.047129 0.201696 -3.743338 -0.352553 0.282934 0.004462 
0.041274 0.197110 -3.930948 -0.352578 0.283003 0.006444 
0.050102 0.199816 -4.181069 -0.352380 0.283269 0.008906 
0.057206 0.194650 -4.181926 -0.352251 0.283505 0.009113 
0.042023 0.203112 -4.056921 -0.352208 0.283595 0.007828 
0.032424 0.207705 -3.839456 -0.351871 0.283631 0.005866 
0.031407 0.207381 -3.642254 -0.351885 0.283799 0.004103 
0.022057 0.220667 -3.413338 -0.351649 0.283738 0.001728 
0.028646 0.218036 -3.402892 -0.351664 0.283307 0.001633 
0.030311 0.218461 -3.537181 -0.351974 0.283124 0.002812 
0.045874 0.210899 -3.723413 -0.352168 0.282754 0.004372 
0.055264 0.206367 -3.909692 -0.352506 0.282714 0.006039 
0.042284 0.197306 -4.158496 -0.352564 0.282840 0.008182 
0.049383 0.192012 -4.189699 -0.352435 0.283080 0.008363 
0.040412 0.196421 -4.065789 -0.352094 0.283126 0.007285 
0.038375 0.204479 -3.868915 -0.351728 0.283304 0.005412 
0.030053 0.208989 -3.682093 -0.351712 0.283336 0.003750 
0.027989 0.218328 -3.423383 -0.351500 0.283219 0.001614 
0.035323 0.222743 -3.393375 -0.351466 0.283166 0.001749 
0.044246 0.209972 -3.517500 -0.351866 0.283116 0.002930 
0.045914 0.209876 -3.724557 -0.352015 0.283041 0.004687 
0.048191 0.201126 -3.911337 -0.352386 0.283050 0.006566 
0.050303 0.200147 -4.169832 -0.352539 0.283170 0.008598 
0.050490 0.190966 -4.190300 -0.352602 0.283359 0.008683 
0.042324 0.186925 -4.065223 -0.352642 0.283394 0.007394 
0.033376 0.191097 -3.857614 -0.352469 0.283522 0.005425 
0.024451 0.204389 -3.660721 -0.352231 0.283465 0.003666 
0.022990 0.204946 -3.412082 -0.352241 0.283437 0.001627 
0.036080 0.205932 -3.392423 -0.351906 0.283152 0.001642 
0.029613 0.210521 -3.527541 -0.351870 0.283029 0.002924 
0.038144 0.205950 -3.745549 -0.351885 0.283002 0.004880 
0.054034 0.205034 -3.922616 -0.351873 0.283109 0.006657 
0.048771 0.191409 -4.180988 -0.352118 0.283275 0.008684 
0.048765 0.191281 -4.211334 -0.352118 0.283279 0.008658 
0.040365 0.188060 -4.066004 -0.352153 0.283123 0.007390 
0.032269 0.192143 -3.857013 -0.352301 0.283243 0.005105 
0.023296 0.197074 -3.660335 -0.352122 0.283182 0.003450 
0.021595 0.198322 -3.421789 -0.352127 0.282966 0.001405 
0.028318 0.211390 -3.412056 -0.351871 0.282829 0.001417 
0.036854 0.207469 -3.526950 -0.352048 0.282690 0.002822 
0.046493 0.201853 -3.745558 -0.352230 0.282941 0.005098 
0.047333 0.201086 -3.943065 -0.352064 0.283062 0.006856 
0.049034 0.199837 -4.181612 -0.352059 0.283277 0.008901 
0.056549 0.194942 -4.202417 -0.352088 0.283417 0.009094 
0.048020 0.198992 -4.057177 -0.351912 0.283552 0.007715 
0.039684 0.203766 -3.858279 -0.352055 0.283484 0.005424 
0.031152 0.208337 -3.640272 -0.352039 0.283512 0.003467 
0.022581 0.213931 -3.421121 -0.352178 0.283253 0.001196 
0.030326 0.218616 -3.411060 -0.352301 0.283103 0.001316 
0.045872 0.202063 -3.556229 -0.352561 0.282914 0.002692 
0.040475 0.206109 -3.763572 -0.352685 0.282890 0.004557 
0.041522 0.205803 -3.919496 -0.352678 0.282907 0.006031 
0.050040 0.191719 -4.169208 -0.352598 0.283168 0.008381 
0.050337 0.198995 -4.201322 -0.352385 0.283461 0.008887 
0.041103 0.194976 -4.076788 -0.352104 0.283505 0.007593 
0.039435 0.195073 -3.869731 -0.351955 0.283580 0.005837 
0.024049 0.203726 -3.683195 -0.351913 0.283663 0.004283 
0.021897 0.205727 -3.423556 -0.351914 0.283256 0.001937 
0.029426 0.210345 -3.412657 -0.352038 0.283108 0.001737 
0.030857 0.211590 -3.526693 -0.352344 0.282733 0.002935 
0.039589 0.207350 -3.733464 -0.352518 0.282606 0.004583 
0.047911 0.202841 -3.920287 -0.352534 0.282575 0.006245 
0.049565 0.193231 -4.159048 -0.352588 0.282788 0.008395 
0.041814 0.188417 -4.199455 -0.352464 0.282941 0.008248 
0.040390 0.187301 -4.055072 -0.352159 0.283311 0.007075 
0.045680 0.199645 -3.858536 -0.351759 0.283441 0.005310 
0.036707 0.204576 -3.661858 -0.351579 0.283380 0.003656 
0.027941 0.209967 -3.423598 -0.351559 0.283216 0.001719 
0.035927 0.213961 -3.403445 -0.351688 0.283254 0.001846 
0.036524 0.214407 -3.538277 -0.351677 0.283080 0.003019 
0.046129 0.209943 -3.725395 -0.352014 0.283040 0.005007 
0.047775 0.200726 -3.921735 -0.352228 0.283150 0.006554 
0.050303 0.200147 -4.169832 -0.352539 0.283170 0.008598 
0.043210 0.195041 -4.189747 -0.352578 0.283411 0.008470 
0.042349 0.186166 -4.054291 -0.352649 0.283583 0.007080 
0.039628 0.195798 -3.816073 -0.352274 0.283378 0.004925 
0.030864 0.200668 -3.650580 -0.352093 0.283321 0.003565 
0.029250 0.209254 -3.412962 -0.351885 0.283396 0.001730 
0.029326 0.226863 -3.393118 -0.351762 0.283209 0.001862 
0.036577 0.222897 -3.507716 -0.351619 0.283079 0.002941 
0.045976 0.217972 -3.736417 -0.351796 0.283143 0.005211 
0.054708 0.213733 -3.943188 -0.351971 0.283016 0.006860 
0.048818 0.199770 -4.180773 -0.352060 0.283278 0.008580 
0.055467 0.195228 -4.190885 -0.351926 0.283327 0.008459 
0.047085 0.191120 -4.064969 -0.351967 0.283363 0.006850 
0.038554 0.195691 -3.846962 -0.351952 0.283391 0.004893 
0.029365 0.200555 -3.649445 -0.351773 0.283331 0.002918 
0.020599 0.205946 -3.411185 -0.351753 0.283166 0.000981 
0.028366 0.219751 -3.411841 -0.351812 0.282832 0.001312 
0.037304 0.206716 -3.548042 -0.352052 0.282881 0.003123 
0.046339 0.209882 -3.756580 -0.352013 0.283044 0.005302 
0.048247 0.209093 -3.953544 -0.352167 0.283156 0.007065 
0.049714 0.208665 -4.171837 -0.352157 0.283180 0.009130 
0.049725 0.198393 -4.192610 -0.352068 0.283657 0.009208 
0.041606 0.202713 -4.067319 -0.352049 0.283695 0.007816 
0.046964 0.199691 -3.858832 -0.352079 0.283432 0.005636 
0.031362 0.208276 -3.671457 -0.352038 0.283515 0.003762 
0.022165 0.213532 -3.431519 -0.352019 0.283353 0.001183 
0.029411 0.210609 -3.400582 -0.352198 0.283009 0.001107 
0.038598 0.206267 -3.525330 -0.352538 0.282962 0.002505 
0.046741 0.210545 -3.734107 -0.352330 0.282845 0.004686 
0.047951 0.201817 -3.921430 -0.352381 0.282862 0.006560 
0.057407 0.194981 -4.170689 -0.352410 0.283406 0.008804 
0.049269 0.199017 -4.201865 -0.352064 0.283469 0.008881 
0.040276 0.194307 -4.067238 -0.351788 0.283701 0.007594 
0.045720 0.198622 -3.859680 -0.351605 0.283728 0.005625 
0.029883 0.208027 -3.652052 -0.351559 0.283619 0.003770 
0.027966 0.209208 -3.412666 -0.351565 0.283404 0.001404 
0.028383 0.209608 -3.402268 -0.351723 0.283304 0.001416 
0.030048 0.210032 -3.536558 -0.352033 0.283122 0.002595 
0.053565 0.207094 -3.743913 -0.352350 0.282605 0.004571 
0.048602 0.201396 -3.931285 -0.352544 0.282954 0.006553 
0.050015 0.192478 -4.180140 -0.352592 0.282979 0.008696 
0.042533 0.196221 -4.190824 -0.352409 0.283131 0.008792 
0.040868 0.195797 -4.056535 -0.352099 0.283313 0.007613 
0.039248 0.204254 -3.849263 -0.351891 0.283392 0.005752 
0.029905 0.217147 -3.662768 -0.351494 0.283434 0.003980 
0.028229 0.217637 -3.413290 -0.351506 0.283407 0.001620 
0.028646 0.218036 -3.402892 -0.351664 0.283307 0.001633 
0.029660 0.218882 -3.527326 -0.351811 0.283032 0.002819 
0.046324 0.210146 -3.744505 -0.352172 0.282945 0.004673 
0.048361 0.202088 -3.941378 -0.352538 0.282766 0.006546 
0.050867 0.192389 -4.178758 -0.352914 0.282972 0.008380 
0.044694 0.195419 -4.178806 -0.353057 0.283303 0.008488 
0.043183 0.186965 -4.033495 -0.352965 0.283383 0.007105 
0.034081 0.199166 -3.836908 -0.352574 0.283613 0.005339 
0.025108 0.204097 -3.640230 -0.352394 0.283552 0.003685 
0.023494 0.212683 -3.402612 -0.352187 0.283627 0.001850 
0.022865 0.222224 -3.403474 -0.351959 0.283350 0.002067 
0.038048 0.213761 -3.528480 -0.352003 0.283259 0.003352 
0.046820 0.208499 -3.736394 -0.352023 0.283419 0.005315 
0.048272 0.208334 -3.942612 -0.352173 0.283345 0.006750 
0.049886 0.199748 -4.180230 -0.352381 0.283270 0.008585 
0.042530 0.186214 -4.199521 -0.352479 0.283509 0.008241 
0.041242 0.187212 -4.053690 -0.352481 0.283304 0.006760 
0.032053 0.192075 -3.856174 -0.352302 0.283244 0.004784 
0.022429 0.197427 -3.649642 -0.351960 0.283091 0.003137 
0.028055 0.202962 -3.411433 -0.351930 0.282826 0.001200 
0.020099 0.208217 -3.411957 -0.351737 0.282598 0.001309 
0.043524 0.212047 -3.547779 -0.351849 0.282553 0.002911 
0.045184 0.202566 -3.756194 -0.351904 0.282761 0.005087 
0.053769 0.206485 -3.943641 -0.351861 0.282733 0.006965 
0.055663 0.196183 -4.172309 -0.351920 0.283133 0.009121 
0.049034 0.199837 -4.181612 -0.352059 0.283277 0.008901 
0.048221 0.199323 -4.045941 -0.352071 0.283452 0.007406 
0.040341 0.203473 -3.837788 -0.352218 0.283572 0.005442 
0.031569 0.208736 -3.629874 -0.352197 0.283412 0.003479 
0.023649 0.213910 -3.420578 -0.352499 0.283245 0.001201 
0.024018 0.205948 -3.410395 -0.352716 0.283141 0.001318 
0.032547 0.201898 -3.555635 -0.352892 0.283007 0.002697 
0.042046 0.213824 -3.753560 -0.352952 0.283072 0.004785 
0.050771 0.200200 -3.961689 -0.353032 0.283229 0.006852 
0.058710 0.194139 -4.190399 -0.352736 0.283590 0.008790 
0.043034 0.193951 -4.190052 -0.352425 0.283699 0.008463 
0.034714 0.197939 -4.075997 -0.352248 0.283837 0.007379 
0.032683 0.206126 -3.848777 -0.351882 0.284012 0.005532 
0.030534 0.207606 -3.661907 -0.351722 0.283711 0.003763 
0.036234 0.220742 -3.412551 -0.351640 0.283638 0.001407 
0.028847 0.218368 -3.391655 -0.351823 0.283207 0.001325 
0.029814 0.210853 -3.516305 -0.352029 0.282930 0.002615 
0.038762 0.206681 -3.723914 -0.352202 0.282802 0.004584 
0.047951 0.201817 -3.921430 -0.352381 0.282862 0.006560 
0.048760 0.201681 -4.160215 -0.352208 0.282798 0.008606 
0.047879 0.192522 -4.181226 -0.351950 0.282995 0.008685 
0.046865 0.191676 -4.056792 -0.351803 0.283269 0.007499 
0.037529 0.204697 -3.839951 -0.351407 0.283308 0.005754 
0.028556 0.209628 -3.643273 -0.351227 0.283247 0.004099 
0.026902 0.219238 -3.404512 -0.351174 0.283034 0.001950 
0.034383 0.215494 -3.393828 -0.351357 0.282883 0.001854 
0.028352 0.219595 -3.537962 -0.351484 0.282853 0.002808 
0.044605 0.210589 -3.735193 -0.351688 0.282861 0.004675 
0.046902 0.200951 -3.941388 -0.352065 0.283063 0.006214 
0.049019 0.200102 -4.169536 -0.352218 0.283179 0.008272 
0.048991 0.190853 -4.189165 -0.352283 0.283368 0.008035 
0.048441 0.198768 -4.054118 -0.352235 0.283546 0.006757 
0.032428 0.207082 -3.846795 -0.352036 0.283725 0.004896 
0.031627 0.206825 -3.650432 -0.352050 0.283892 0.003453 
0.037294 0.211336 -3.413367 -0.351867 0.283914 0.001831 
0.030452 0.224930 -3.413133 -0.351935 0.283681 0.001841 
0.039175 0.211828 -3.548495 -0.352176 0.283731 0.003331 
0.055450 0.211942 -3.756442 -0.352315 0.283554 0.005409 
0.050031 0.206868 -3.953068 -0.352504 0.283716 0.007063 
0.057905 0.202589 -4.191566 -0.352355 0.283600 0.009001 
0.050362 0.198236 -4.190390 -0.352391 0.283650 0.008572 
0.048441 0.198768 -4.054118 -0.352235 0.283546 0.006757 
0.039910 0.203339 -3.836111 -0.352220 0.283574 0.004800 
0.030674 0.199841 -3.638809 -0.352100 0.283510 0.002929 
0.027927 0.210232 -3.411523 -0.351719 0.283117 0.001089 
0.027667 0.211811 -3.402201 -0.351708 0.282737 0.001424 
0.036236 0.206738 -3.548585 -0.351730 0.282889 0.003118 
0.044796 0.211416 -3.746963 -0.351681 0.282672 0.005311 
0.053327 0.206844 -3.964971 -0.351697 0.282644 0.007267 
0.062750 0.201161 -4.182740 -0.351880 0.282896 0.009223 
0.055006 0.196476 -4.192800 -0.351757 0.283045 0.009102 
0.047516 0.191255 -4.066647 -0.351966 0.283361 0.007492 
0.038769 0.195759 -3.847800 -0.351951 0.283390 0.005214 
0.022516 0.204765 -3.650570 -0.351747 0.283381 0.003347 
0.028578 0.209811 -3.421378 -0.351882 0.283209 0.001082 
0.029605 0.201557 -3.390704 -0.352262 0.283194 0.001218 
0.030882 0.210831 -3.515762 -0.352350 0.282922 0.002621 
0.047110 0.202584 -3.723924 -0.352547 0.282742 0.004803 
0.049058 0.200772 -3.922031 -0.352548 0.283141 0.006880 
0.058040 0.195448 -4.161130 -0.352568 0.283305 0.009138 
0.043465 0.194085 -4.191730 -0.352424 0.283698 0.009105 
0.049329 0.198278 -4.046541 -0.352238 0.283731 0.007726 
0.033100 0.206525 -3.838379 -0.352040 0.283912 0.005544 
0.031152 0.208337 -3.640272 -0.352039 0.283512 0.003467 
0.029733 0.217126 -3.421763 -0.351990 0.283491 0.001298 
0.029652 0.209917 -3.390489 -0.352203 0.283197 0.001113 
0.030901 0.209943 -3.535176 -0.352355 0.283115 0.002280 
0.039849 0.205771 -3.742785 -0.352529 0.282987 0.004249 
0.048339 0.192968 -3.930662 -0.352603 0.282952 0.006336 
0.049411 0.201260 -4.170070 -0.352370 0.282890 0.008599 
0.049034 0.199837 -4.181612 -0.352059 0.283277 0.008901 
0.048437 0.199391 -4.046779 -0.352070 0.283452 0.007727 
0.031532 0.208818 -3.839694 -0.351703 0.283351 0.005867 
0.022296 0.205321 -3.642393 -0.351583 0.283288 0.003996 
0.027747 0.209764 -3.404489 -0.351401 0.283311 0.002053 
0.027970 0.219216 -3.403969 -0.351495 0.283026 0.001955 
0.036700 0.215498 -3.537972 -0.351830 0.282792 0.003026 
0.046036 0.202477 -3.754813 -0.352226 0.282754 0.004771 
0.040376 0.198094 -3.961532 -0.352409 0.282728 0.006419 
0.049559 0.193102 -4.189394 -0.352587 0.282792 0.008369 
0.043123 0.187704 -4.188819 -0.352790 0.283121 0.008259 
0.041922 0.196039 -4.043916 -0.352580 0.283206 0.006989 
0.026149 0.203662 -3.826500 -0.352387 0.283574 0.005134 
0.032413 0.199263 -3.629851 -0.352425 0.283689 0.003583 
0.023494 0.212683 -3.402612 -0.352187 0.283627 0.001850 
0.023709 0.212750 -3.403451 -0.352186 0.283626 0.002171 
0.032479 0.208009 -3.538598 -0.352368 0.283679 0.003556 
0.042126 0.211777 -3.755847 -0.352645 0.283647 0.005414 
0.043530 0.203252 -3.962280 -0.352854 0.283569 0.006954 
0.045385 0.193974 -4.189805 -0.353067 0.283682 0.008795 
0.037191 0.190042 -4.178774 -0.352939 0.283640 0.008373 
0.035486 0.190641 -4.043341 -0.352782 0.283535 0.006879 
0.019339 0.183257 -3.835304 -0.352855 0.283421 0.004912 
0.016826 0.192827 -3.628270 -0.352479 0.283220 0.003052 
0.014972 0.202105 -3.400745 -0.352266 0.283107 0.001211 
0.021623 0.207571 -3.402160 -0.352063 0.282777 0.001642 
0.035713 0.199889 -3.538640 -0.351779 0.282506 0.003236 
0.037180 0.199461 -3.756934 -0.351769 0.282530 0.005300 
0.045085 0.194551 -3.954154 -0.351628 0.282599 0.006950 
0.046786 0.193303 -4.192701 -0.351623 0.282815 0.008995 
0.046811 0.192544 -4.181769 -0.351629 0.283003 0.008680 
0.053480 0.188286 -4.035414 -0.351824 0.283027 0.007090 
0.036963 0.188864 -3.837560 -0.351680 0.283016 0.005006 
0.029130 0.201375 -3.629192 -0.351768 0.283139 0.002938 
0.028296 0.202270 -3.401340 -0.351936 0.283014 0.001206 
0.036491 0.206202 -3.412371 -0.352063 0.283056 0.001628 
0.037955 0.206295 -3.557897 -0.352214 0.282973 0.003116 
0.040079 0.205574 -3.755700 -0.352368 0.283085 0.005199 
0.057071 0.203485 -3.963713 -0.352523 0.283475 0.007270 
0.057911 0.202718 -4.161220 -0.352356 0.283596 0.009027 
0.057970 0.200807 -4.181778 -0.352208 0.284076 0.009001 
0.057157 0.200293 -4.046107 -0.352220 0.284251 0.007507 
0.041345 0.208939 -3.827547 -0.352180 0.284331 0.005337 
0.039430 0.209599 -3.660929 -0.352025 0.284223 0.003548 
0.038797 0.210826 -3.421840 -0.352351 0.283999 0.001509 
0.031458 0.216812 -3.400729 -0.352475 0.283571 0.001322 
0.046818 0.209440 -3.525430 -0.352671 0.283193 0.002613 
0.040956 0.204726 -3.743386 -0.352696 0.283266 0.004569 
0.049494 0.200283 -3.931047 -0.352712 0.283234 0.006552 
0.057631 0.204433 -4.170169 -0.352504 0.283121 0.008706 
0.050102 0.199816 -4.181069 -0.352380 0.283269 0.008906 
0.054850 0.195669 -4.036638 -0.351932 0.283308 0.007626 
0.037529 0.204697 -3.839951 -0.351407 0.283308 0.005754 
0.035620 0.205486 -3.642987 -0.351253 0.283195 0.003991 
0.026438 0.210478 -3.415125 -0.351074 0.283131 0.002041 
0.026010 0.220350 -3.404750 -0.351005 0.282754 0.001950 
0.041369 0.212979 -3.529451 -0.351202 0.282376 0.003241 
0.042989 0.204521 -3.736722 -0.351410 0.282298 0.005102 
0.044441 0.204357 -3.942940 -0.351560 0.282223 0.006538 
0.054228 0.190583 -4.180873 -0.351960 0.282376 0.008584 
0.046724 0.185206 -4.180840 -0.351841 0.282713 0.008470 
0.038631 0.188767 -4.044617 -0.351829 0.282940 0.006762 
0.030099 0.193338 -3.826609 -0.351813 0.282968 0.004806 
0.029217 0.208712 -3.630121 -0.351556 0.283429 0.003148 
0.028277 0.225998 -3.413075 -0.351447 0.283410 0.001516 
0.028909 0.226464 -3.403516 -0.351604 0.283309 0.001849 
0.038546 0.221369 -3.549356 -0.351948 0.283454 0.003549 
0.040817 0.212491 -3.766483 -0.352319 0.283467 0.005402 
0.050247 0.206936 -3.953907 -0.352503 0.283715 0.007384 
0.052753 0.197237 -4.191286 -0.352879 0.283920 0.009218 
0.052584 0.205530 -4.190232 -0.352821 0.283924 0.008793 
0.044209 0.201551 -4.033971 -0.352862 0.283956 0.007209 
0.034998 0.197294 -3.825738 -0.352748 0.284082 0.005024 
0.025158 0.202579 -3.618366 -0.352406 0.283930 0.003055 
0.022646 0.212149 -3.411333 -0.352030 0.283728 0.001195 
0.036603 0.212781 -3.402368 -0.351857 0.283535 0.001524 
0.044086 0.217873 -3.558867 -0.351647 0.283223 0.003108 
0.052174 0.214183 -3.725437 -0.351659 0.283000 0.004790 
0.053850 0.213693 -3.974915 -0.351648 0.283027 0.007149 
0.055006 0.196476 -4.192800 -0.351757 0.283045 0.009102 
0.054139 0.196829 -4.182106 -0.351594 0.282954 0.008788 
0.053110 0.196248 -4.045597 -0.351607 0.283130 0.006973 
0.036359 0.197646 -3.827490 -0.351458 0.282927 0.004909 
0.027788 0.203240 -3.608339 -0.351596 0.282667 0.002637 
0.026794 0.212036 -3.421854 -0.351545 0.282649 0.001084 
0.027404 0.203383 -3.401578 -0.351767 0.282734 0.001207 
0.035962 0.208582 -3.527188 -0.351879 0.282410 0.002823 
0.030758 0.203575 -3.724653 -0.352067 0.282571 0.004798 
0.047098 0.201906 -3.922812 -0.352059 0.282870 0.006876 
0.049015 0.200725 -4.162197 -0.352053 0.283085 0.009242 
0.050189 0.207153 -4.181997 -0.352168 0.283560 0.009116 
0.049329 0.198278 -4.046541 -0.352238 0.283731 0.007726 
0.033100 0.206525 -3.838379 -0.352040 0.283912 0.005544 
0.032091 0.215585 -3.639819 -0.352149 0.283795 0.003361 
0.023714 0.212127 -3.410790 -0.352351 0.283720 0.001201 
0.031243 0.216745 -3.399890 -0.352476 0.283572 0.001001 
0.046233 0.217335 -3.534774 -0.352455 0.283297 0.002175 
0.041633 0.203546 -3.742309 -0.352865 0.283546 0.004247 
0.050628 0.207735 -3.949703 -0.352980 0.283422 0.006112 
0.051846 0.198614 -4.179449 -0.352870 0.283542 0.008590 
0.051645 0.198282 -4.190686 -0.352711 0.283641 0.008898 
0.050397 0.198256 -4.045998 -0.352559 0.283723 0.007732 
0.040557 0.203541 -3.838627 -0.352217 0.283571 0.005763 
0.024544 0.211855 -3.631304 -0.352019 0.283751 0.003902 
0.022185 0.213397 -3.413248 -0.351860 0.283447 0.001838 
0.028775 0.210766 -3.402802 -0.351875 0.283016 0.001744 
0.037351 0.215077 -3.547827 -0.351993 0.282884 0.003019 
0.039147 0.207710 -3.754794 -0.352353 0.282518 0.004886 
0.047880 0.203471 -3.961564 -0.352528 0.282391 0.006534 
0.049299 0.194682 -4.180073 -0.352577 0.282411 0.008703 
0.056188 0.189448 -4.180092 -0.352449 0.282648 0.008589 
0.047659 0.193498 -4.034852 -0.352273 0.282782 0.007210 
0.038711 0.197670 -3.827243 -0.352099 0.282910 0.005240 
0.029609 0.209871 -3.630655 -0.351708 0.283140 0.003475 
0.027754 0.219149 -3.403130 -0.351495 0.283027 0.001634 
0.035733 0.223013 -3.413323 -0.351624 0.283070 0.001735 
0.043846 0.218565 -3.568961 -0.351642 0.283035 0.003102 
0.039494 0.213469 -3.765044 -0.352152 0.283189 0.004761 
0.048654 0.199357 -3.982189 -0.352395 0.283438 0.006501 
0.043861 0.194620 -4.199602 -0.352741 0.283503 0.008462 
0.051631 0.198546 -4.178610 -0.352871 0.283542 0.008269 
0.036641 0.197956 -4.043726 -0.352891 0.283817 0.007095 
0.035390 0.198452 -3.826272 -0.352900 0.283793 0.005351 
0.026417 0.203383 -3.629594 -0.352721 0.283732 0.003696 
0.023911 0.213082 -3.392214 -0.352345 0.283527 0.001862 
0.037861 0.213585 -3.413595 -0.352171 0.283338 0.002165 
0.045370 0.217918 -3.559163 -0.351968 0.283214 0.003434 
0.046386 0.218243 -3.756365 -0.351954 0.283047 0.005198 
0.047179 0.209115 -3.954087 -0.351846 0.283164 0.007060 
0.055078 0.204078 -4.181653 -0.351704 0.283237 0.008683 
0.054815 0.195649 -4.181030 -0.351764 0.283235 0.008466 
0.045783 0.191962 -4.045259 -0.351642 0.283179 0.006864 
0.029730 0.201300 -3.836792 -0.351597 0.283071 0.004689 
0.020307 0.206984 -3.619023 -0.351413 0.282819 0.002733 
0.026384 0.211765 -3.401906 -0.351388 0.282745 0.001097 
0.034754 0.216788 -3.412632 -0.351668 0.282500 0.001526 
0.035344 0.207851 -3.548823 -0.351562 0.282609 0.003119 
0.051860 0.207273 -3.746677 -0.351706 0.282620 0.005202 
0.054219 0.205732 -3.964732 -0.351865 0.282924 0.007266 
0.048182 0.199927 -4.182993 -0.351737 0.283285 0.009217 
0.056186 0.203032 -4.182254 -0.351872 0.283516 0.009003 
0.047810 0.199053 -4.025993 -0.351913 0.283548 0.007420 
0.039978 0.211564 -3.817625 -0.352002 0.283671 0.005351 
0.031835 0.207286 -3.608849 -0.352209 0.283788 0.003171 
0.030969 0.208811 -3.422274 -0.352369 0.283479 0.001728 
0.037847 0.213850 -3.401520 -0.352331 0.283239 0.001536 
0.039095 0.213875 -3.546207 -0.352483 0.283157 0.002702 
0.048284 0.209012 -3.743723 -0.352662 0.283217 0.004677 
0.049566 0.207885 -3.919900 -0.352659 0.283426 0.006133 
0.051429 0.198215 -4.189847 -0.352712 0.283642 0.008577 
0.051254 0.197124 -4.190152 -0.352559 0.283930 0.008571 
0.048937 0.197120 -4.046007 -0.352086 0.284020 0.007399 
0.039097 0.202405 -3.838636 -0.351744 0.283868 0.005431 
0.037477 0.210862 -3.631364 -0.351536 0.283947 0.003570 
0.028470 0.216945 -3.403197 -0.351511 0.283595 0.001627 
0.035557 0.221922 -3.413628 -0.351471 0.283358 0.001729 
0.043804 0.210332 -3.538830 -0.351701 0.283028 0.003232 
0.045648 0.211326 -3.745581 -0.352003 0.282664 0.004995 
0.046401 0.203222 -3.942159 -0.352049 0.282495 0.006542 
0.048055 0.193613 -4.180921 -0.352103 0.282707 0.008692 
0.054703 0.189071 -4.191033 -0.351970 0.282756 0.008571 
0.046174 0.193120 -4.045793 -0.351793 0.282890 0.007192 
0.043855 0.193638 -3.828881 -0.351481 0.282874 0.005443 
0.034667 0.198502 -3.631365 -0.351303 0.282814 0.003467 
0.026398 0.211501 -3.413981 -0.351228 0.282844 0.001727 
0.034383 0.215494 -3.393828 -0.351357 0.282883 0.001854 
0.036258 0.215858 -3.559302 -0.351666 0.282704 0.003328 
0.046145 0.218934 -3.766458 -0.351948 0.282859 0.005192 
0.055722 0.205221 -3.973206 -0.352350 0.283008 0.006944 
0.051141 0.190545 -4.200155 -0.352765 0.283451 0.008675 
0.043886 0.193861 -4.188670 -0.352747 0.283692 0.008148 
0.043026 0.184986 -4.053214 -0.352818 0.283864 0.006758 
0.042063 0.193152 -3.825452 -0.352773 0.284030 0.004916 
0.040443 0.201609 -3.618180 -0.352565 0.284109 0.003055 
0.032174 0.214609 -3.400796 -0.352490 0.284139 0.001314 
0.039430 0.211292 -3.412281 -0.352509 0.283898 0.001842 
0.047154 0.215693 -3.558687 -0.352304 0.283774 0.003433 
0.048990 0.207303 -3.766798 -0.352511 0.283694 0.005614 
0.057985 0.211492 -3.974192 -0.352626 0.283570 0.007479 
0.051667 0.207402 -4.201402 -0.352646 0.283456 0.009108 
0.043713 0.202778 -4.180278 -0.352524 0.283601 0.008692 
0.041094 0.195369 -4.034366 -0.352264 0.283402 0.006989 
0.024391 0.205128 -3.816044 -0.352056 0.283202 0.004821 
0.022683 0.206248 -3.607844 -0.352060 0.282991 0.002750 
0.020540 0.207857 -3.390627 -0.351901 0.282686 0.001007 
0.020275 0.209308 -3.411652 -0.351890 0.282310 0.001315 
0.035721 0.209273 -3.537281 -0.351874 0.282222 0.002816 
0.044474 0.204898 -3.725782 -0.351889 0.282189 0.005120 
0.038854 0.199492 -3.933644 -0.351919 0.282450 0.007083 
0.040555 0.198244 -4.172191 -0.351914 0.282666 0.009128 
0.041030 0.196732 -4.182351 -0.351924 0.283046 0.009114 
0.032889 0.191932 -4.046342 -0.351970 0.283270 0.007511 
0.024405 0.204864 -3.828120 -0.351896 0.283301 0.005450 
0.023543 0.196511 -3.619896 -0.352128 0.283366 0.003483 
0.022123 0.205300 -3.401388 -0.352079 0.283345 0.001313 
0.023152 0.206302 -3.399701 -0.352553 0.283050 0.001004 
0.031896 0.202319 -3.545780 -0.352729 0.282915 0.002704 
0.040668 0.197057 -3.753694 -0.352750 0.283075 0.004667 
0.042840 0.204697 -3.951282 -0.352844 0.283190 0.006646 
0.044734 0.194395 -4.179950 -0.352904 0.283590 0.008802 
0.044317 0.193996 -4.190348 -0.352746 0.283690 0.008790 
0.035788 0.198046 -4.045108 -0.352569 0.283825 0.007410 
0.041186 0.194000 -3.837765 -0.352445 0.283849 0.005546 
0.032413 0.199263 -3.629851 -0.352425 0.283689 0.003583 
0.023278 0.212616 -3.401773 -0.352188 0.283628 0.001529 
0.031170 0.209143 -3.411037 -0.352528 0.283380 0.001420 
0.038631 0.205115 -3.556820 -0.352383 0.283254 0.002794 
0.039648 0.205439 -3.754022 -0.352370 0.283086 0.004557 
0.048548 0.192907 -3.961846 -0.352602 0.282955 0.006631 
0.049839 0.191387 -4.180445 -0.352439 0.283267 0.008690 
0.049188 0.191808 -4.170590 -0.352276 0.283175 0.008697 
0.047939 0.191783 -4.025903 -0.352125 0.283257 0.007530 
0.045251 0.200262 -3.819174 -0.351596 0.283344 0.005664 
0.035411 0.205547 -3.611802 -0.351254 0.283192 0.003696 
0.026880 0.210118 -3.393795 -0.351239 0.283220 0.001739 
0.034618 0.214674 -3.414081 -0.351362 0.283075 0.001834 
0.035344 0.207851 -3.548823 -0.351562 0.282609 0.003119 
0.050987 0.207498 -3.766329 -0.351544 0.282533 0.004863 
0.060827 0.202213 -3.973701 -0.351885 0.282685 0.006831 
0.055818 0.197410 -4.190275 -0.352232 0.282751 0.008472 
0.048516 0.192365 -4.179005 -0.352273 0.282988 0.008049 
0.040831 0.186941 -4.033742 -0.352323 0.283400 0.006773 
0.032563 0.199941 -3.816359 -0.352249 0.283430 0.005033 
0.030895 0.200037 -3.609302 -0.352100 0.283505 0.003276 
0.029907 0.208962 -3.392471 -0.352049 0.283483 0.001749 
0.030380 0.217329 -3.424280 -0.351988 0.283489 0.002260 
0.039150 0.212587 -3.559426 -0.352170 0.283542 0.003646 
0.047888 0.208477 -3.735851 -0.352344 0.283411 0.005320 
0.049380 0.207289 -3.943213 -0.352341 0.283624 0.007070 
0.050865 0.205973 -4.180921 -0.352337 0.283840 0.008795 
0.050602 0.197545 -4.180297 -0.352396 0.283838 0.008578 
0.042221 0.193437 -4.054381 -0.352437 0.283874 0.006969 
0.032798 0.199120 -3.836612 -0.352253 0.283622 0.005013 
0.031065 0.200999 -3.639343 -0.352252 0.283222 0.003257 
0.028271 0.203029 -3.412271 -0.351929 0.282825 0.001521 
0.035599 0.207315 -3.412609 -0.351895 0.282776 0.001629 
0.036171 0.208521 -3.558373 -0.351878 0.282413 0.003118 
0.052271 0.207544 -3.766625 -0.351864 0.282524 0.005189 
0.046416 0.202958 -3.954235 -0.351889 0.282593 0.007171 
0.055182 0.197567 -4.192495 -0.351909 0.282757 0.009108 
0.047678 0.192190 -4.192463 -0.351791 0.283094 0.008994 
0.046631 0.192496 -4.036539 -0.351798 0.283077 0.007519 
0.038798 0.205007 -3.828171 -0.351887 0.283200 0.005451 
0.037043 0.197766 -3.620186 -0.351950 0.282985 0.003484 
0.029210 0.210277 -3.411818 -0.352039 0.283108 0.001416 
0.029339 0.203007 -3.411728 -0.352251 0.282817 0.001526 
0.031044 0.202409 -3.547161 -0.352407 0.282922 0.003020 
0.047795 0.201011 -3.765268 -0.352556 0.283125 0.005084 
0.049502 0.199890 -3.973469 -0.352552 0.283337 0.007155 
0.058274 0.194628 -4.181383 -0.352572 0.283497 0.009118 
0.050602 0.197545 -4.180297 -0.352396 0.283838 0.008578 
0.049138 0.197452 -4.034771 -0.352245 0.283921 0.007091 
0.040431 0.200932 -3.817068 -0.352077 0.284236 0.005128 
0.038335 0.210902 -3.599637 -0.351859 0.283935 0.003280 
0.029322 0.216856 -3.401815 -0.351833 0.283587 0.001311 
0.030365 0.217593 -3.412204 -0.352148 0.283391 0.001631 
0.039070 0.214634 -3.557139 -0.352477 0.282968 0.003017 
0.047602 0.210063 -3.775146 -0.352492 0.282940 0.004973 
0.049485 0.210034 -3.983042 -0.352640 0.282864 0.007051 
0.058210 0.196410 -4.191171 -0.352720 0.283021 0.009118 
0.049839 0.191387 -4.180445 -0.352439 0.283267 0.008690 
0.040659 0.195858 -4.025350 -0.352100 0.283310 0.007318 
0.038757 0.196775 -3.798040 -0.351946 0.283193 0.005581 
0.036244 0.206345 -3.591007 -0.351570 0.282992 0.003721 
0.034383 0.215494 -3.393828 -0.351357 0.282883 0.001854 
0.027682 0.211547 -3.414277 -0.351548 0.282835 0.002053 
0.035754 0.208121 -3.568771 -0.351720 0.282513 0.003105 
0.037375 0.199664 -3.776043 -0.351928 0.282435 0.004966 
0.039677 0.190155 -3.951892 -0.352305 0.282633 0.006531 
0.048854 0.185034 -4.210100 -0.352483 0.282701 0.008454 
0.048275 0.193057 -4.189098 -0.352267 0.282801 0.008043 
0.040087 0.179896 -4.053305 -0.352372 0.283022 0.006544 
0.031643 0.191805 -3.836226 -0.352145 0.283340 0.004798 
0.030414 0.201421 -3.629488 -0.352089 0.283130 0.003264 
0.029451 0.209586 -3.401725 -0.352044 0.283296 0.001422 
0.037646 0.213518 -3.412757 -0.352172 0.283338 0.001844 
0.039110 0.213611 -3.558283 -0.352323 0.283255 0.003331 
0.048562 0.217176 -3.756423 -0.352442 0.283318 0.005523 
0.050470 0.216387 -3.953387 -0.352597 0.283430 0.007286 
0.052976 0.206688 -4.190766 -0.352972 0.283635 0.009120 
0.045433 0.202335 -4.189590 -0.353008 0.283685 0.008691 
0.029730 0.194070 -4.032991 -0.353084 0.283767 0.006999 
0.027653 0.203152 -3.834973 -0.352871 0.283658 0.004811 
0.025510 0.204760 -3.617757 -0.352712 0.283354 0.003068 
0.023655 0.214038 -3.390232 -0.352499 0.283240 0.001227 
0.030301 0.219375 -3.421992 -0.352295 0.282915 0.001631 
0.038178 0.215747 -3.557377 -0.352308 0.282688 0.003018 
0.039187 0.206687 -3.755938 -0.352200 0.282805 0.005200 
0.046650 0.202138 -3.974488 -0.351894 0.282785 0.007152 
0.055423 0.196875 -4.182402 -0.351915 0.282945 0.009115 
0.041102 0.204334 -4.171204 -0.351872 0.283238 0.008695 
0.039134 0.196504 -4.035147 -0.351775 0.283130 0.006985 
0.030362 0.201767 -3.827233 -0.351754 0.282970 0.005022 
0.021831 0.206338 -3.609226 -0.351739 0.282998 0.003065 
0.027868 0.212143 -3.390965 -0.351867 0.282637 0.001115 
0.028494 0.212481 -3.411751 -0.352023 0.282541 0.001423 
0.029959 0.212574 -3.557277 -0.352175 0.282458 0.002910 
0.040014 0.207357 -3.765488 -0.352516 0.282609 0.005199 
0.048585 0.201762 -3.984639 -0.352377 0.282868 0.007471 
0.057357 0.196499 -4.192553 -0.352398 0.283028 0.009434 
0.042627 0.203688 -4.161407 -0.352197 0.283417 0.009028 
0.041814 0.203173 -4.025736 -0.352209 0.283592 0.007533 
0.040171 0.202511 -3.807747 -0.352066 0.283856 0.005462 
0.023515 0.220631 -3.589210 -0.351799 0.283659 0.003189 
0.029786 0.225616 -3.391202 -0.351932 0.283490 0.001219 
0.037477 0.221811 -3.411703 -0.352114 0.283342 0.001419 
0.038438 0.214168 -3.566698 -0.352319 0.283069 0.002683 
0.040709 0.205289 -3.783825 -0.352690 0.283082 0.004537 
0.049745 0.208455 -3.992363 -0.352651 0.283245 0.006716 
0.057602 0.195185 -4.189799 -0.352569 0.283310 0.008470 
0.057602 0.195185 -4.189799 -0.352569 0.283310 0.008470 
0.041134 0.194346 -4.035510 -0.352110 0.283689 0.007304 
0.039690 0.203894 -3.827933 -0.352055 0.283480 0.005450 
0.030065 0.209246 -3.621401 -0.351713 0.283327 0.003802 
0.035538 0.222810 -3.394213 -0.351466 0.283165 0.002070 
0.035513 0.223569 -3.405145 -0.351459 0.282976 0.002384 
0.036675 0.216257 -3.548904 -0.351824 0.282604 0.003340 
0.038342 0.216160 -3.755961 -0.351973 0.282528 0.005097 
0.047268 0.202869 -3.952853 -0.352211 0.282586 0.006856 
0.048930 0.202643 -4.190256 -0.352360 0.282514 0.008586 
0.048907 0.193523 -4.179539 -0.352425 0.282700 0.008376 
0.039699 0.188745 -4.044074 -0.352150 0.282932 0.006768 
0.038078 0.197203 -3.836802 -0.351942 0.283011 0.004907 
0.029112 0.202263 -3.609778 -0.351763 0.282946 0.003278 
0.034819 0.215006 -3.402844 -0.351521 0.282975 0.001526 
0.035298 0.223502 -3.404307 -0.351460 0.282977 0.002063 
0.044061 0.218632 -3.569799 -0.351641 0.283034 0.003423 
0.046990 0.209461 -3.766435 -0.352176 0.283136 0.005295 
0.041417 0.212416 -3.974083 -0.352147 0.283400 0.007153 
0.050753 0.199395 -4.190924 -0.352543 0.283361 0.008899 
0.050778 0.198636 -4.179992 -0.352549 0.283550 0.008584 
0.043102 0.202596 -4.033370 -0.352694 0.283677 0.006889 
0.027242 0.202881 -3.815025 -0.352714 0.283754 0.004824 
0.025100 0.204490 -3.597809 -0.352554 0.283450 0.003081 
0.030566 0.217925 -3.400967 -0.352307 0.283291 0.001323 
0.037170 0.215030 -3.402597 -0.352162 0.282958 0.001857 
0.044847 0.211069 -3.549218 -0.352016 0.282831 0.003552 
0.046314 0.210641 -3.767512 -0.352006 0.282855 0.005617 
0.046497 0.210167 -3.985510 -0.351676 0.282888 0.007356 
0.055269 0.204904 -4.193424 -0.351697 0.283048 0.009319 
0.054380 0.196138 -4.172013 -0.351600 0.283142 0.008795 
0.045548 0.192782 -4.025006 -0.351637 0.282987 0.006884 
0.037017 0.197354 -3.806999 -0.351621 0.283015 0.004927 
0.020964 0.206691 -3.598532 -0.351577 0.282907 0.002752 
0.020124 0.207458 -3.401025 -0.351743 0.282786 0.000994 
0.035358 0.208006 -3.422702 -0.351890 0.282588 0.001623 
0.036822 0.208099 -3.568228 -0.352041 0.282505 0.003110 
0.046662 0.202815 -3.775599 -0.352382 0.282657 0.005079 
0.055233 0.197220 -3.994751 -0.352244 0.282917 0.007350 
0.057382 0.195740 -4.181621 -0.352404 0.283217 0.009119 
0.050189 0.207153 -4.181997 -0.352168 0.283560 0.009116 
0.049329 0.198278 -4.046541 -0.352238 0.283731 0.007726 
0.040797 0.202849 -3.828534 -0.352223 0.283759 0.005770 
0.032073 0.216473 -3.620405 -0.352143 0.283602 0.003702 
0.030365 0.217593 -3.412204 -0.352148 0.283391 0.001631 
0.031193 0.218263 -3.421754 -0.352463 0.283195 0.001630 
0.024879 0.214823 -3.545851 -0.352645 0.282969 0.002708 
0.041543 0.206087 -3.763029 -0.353006 0.282882 0.004562 
0.042746 0.197230 -3.980699 -0.353056 0.282903 0.006410 
0.051365 0.199997 -4.199635 -0.352859 0.283166 0.008577 
0.043386 0.196132 -4.189442 -0.352731 0.283123 0.008476 
0.042162 0.195348 -4.033823 -0.352585 0.283394 0.006995 
0.025081 0.203684 -3.827043 -0.352065 0.283582 0.005128 
0.022939 0.205293 -3.609826 -0.351906 0.283277 0.003385 
0.021534 0.213818 -3.403393 -0.351698 0.283355 0.001846 
0.028750 0.211525 -3.413734 -0.351869 0.282827 0.002058 
0.036675 0.216257 -3.548904 -0.351824 0.282604 0.003340 
0.038946 0.207378 -3.766031 -0.352194 0.282617 0.005194 
0.040328 0.199091 -4.056163 -0.352236 0.282457 0.007626 
0.048882 0.194282 -4.190471 -0.352418 0.282511 0.008691 
0.040928 0.189659 -4.169347 -0.352296 0.282657 0.008275 
0.039464 0.189566 -4.023821 -0.352145 0.282740 0.006787 
0.030933 0.194137 -3.805813 -0.352130 0.282768 0.004831 
0.022200 0.198376 -3.599043 -0.351956 0.282895 0.003182 
0.020796 0.206901 -3.392610 -0.351747 0.282973 0.001643 
0.028509 0.212216 -3.423827 -0.351864 0.282639 0.002052 
0.044606 0.211761 -3.559311 -0.352011 0.282643 0.003546 
0.046702 0.201792 -3.776743 -0.352229 0.282945 0.005393 
0.041956 0.205416 -3.993941 -0.352516 0.283013 0.007251 
0.051404 0.198974 -4.200779 -0.352706 0.283453 0.008892 
0.050932 0.190606 -4.168970 -0.352767 0.283447 0.008380 
0.043496 0.193875 -4.012255 -0.352918 0.283763 0.006692 
0.034548 0.198047 -3.804646 -0.352744 0.283890 0.004722 
0.025365 0.203039 -3.576784 -0.352566 0.283826 0.002773 
0.023720 0.212256 -3.380444 -0.352352 0.283716 0.001227 
0.038714 0.213496 -3.412214 -0.352493 0.283330 0.001849 
0.047042 0.209115 -3.568690 -0.352510 0.283295 0.003537 
0.047857 0.209107 -3.777129 -0.352338 0.283227 0.005609 
0.055972 0.204137 -4.005534 -0.352195 0.283299 0.007553 
0.056812 0.203370 -4.203041 -0.352028 0.283420 0.009311 
0.048617 0.199438 -4.192010 -0.351901 0.283377 0.008888 
0.047113 0.200369 -4.045340 -0.351903 0.283173 0.007086 
0.044996 0.201218 -3.817191 -0.351750 0.283057 0.005029 
0.028239 0.202488 -3.629430 -0.351600 0.282859 0.002939 
0.019883 0.208150 -3.411118 -0.351738 0.282599 0.000988 
0.027843 0.212902 -3.401897 -0.351861 0.282449 0.001430 
0.036588 0.208920 -3.547975 -0.352036 0.282313 0.003130 
0.051796 0.209055 -3.756465 -0.351854 0.282144 0.005203 
0.054395 0.206823 -3.964428 -0.352018 0.282636 0.007273 
0.048358 0.201018 -4.182688 -0.351890 0.282997 0.009223 
0.048383 0.200259 -4.171757 -0.351896 0.283185 0.008908 
0.054440 0.195399 -4.016690 -0.351774 0.283404 0.007640 
0.038164 0.195285 -3.808743 -0.351636 0.283581 0.005562 
0.022111 0.204623 -3.600276 -0.351591 0.283473 0.003386 
0.028624 0.208916 -3.392175 -0.351729 0.283492 0.001423 
0.036732 0.205511 -3.402278 -0.352069 0.283244 0.001635 
0.030675 0.210370 -3.557344 -0.352190 0.283025 0.002903 
0.040515 0.205086 -3.764716 -0.352532 0.283177 0.004871 
0.049463 0.200914 -3.972325 -0.352705 0.283050 0.006840 
0.058229 0.195523 -4.210585 -0.352725 0.283214 0.008777 
0.050731 0.190275 -4.180207 -0.352608 0.283547 0.008689 
0.055943 0.194888 -4.025163 -0.352259 0.283489 0.007317 
0.039279 0.203624 -3.807985 -0.351898 0.283576 0.005463 
0.030748 0.208195 -3.589978 -0.351883 0.283604 0.003506 
0.036167 0.213269 -3.393352 -0.351693 0.283442 0.001852 
0.029225 0.210013 -3.423894 -0.351879 0.283207 0.002045 
0.037519 0.206784 -3.548881 -0.352051 0.282880 0.003444 
0.046749 0.210152 -3.776528 -0.352170 0.282948 0.005289 
0.048370 0.201695 -3.983800 -0.352378 0.282869 0.007150 
0.056638 0.188695 -4.201184 -0.352453 0.282839 0.008890 
0.055777 0.189178 -4.160144 -0.352291 0.282743 0.008602 
0.047033 0.193160 -4.014065 -0.352116 0.282879 0.006902 
0.037433 0.197753 -3.796601 -0.351780 0.282915 0.004940 
0.035403 0.205940 -3.569381 -0.351414 0.283089 0.003093 
0.026189 0.211562 -3.382796 -0.351229 0.282841 0.001432 
0.041054 0.220073 -3.414656 -0.351159 0.282746 0.001944 
0.049798 0.216090 -3.560735 -0.351334 0.282610 0.003644 
0.044742 0.202926 -3.777524 -0.351740 0.282673 0.005389 
0.039996 0.206551 -3.994722 -0.352027 0.282741 0.007246 
0.049573 0.192838 -4.201470 -0.352428 0.282890 0.008998 
0.049389 0.192140 -4.159353 -0.352435 0.283076 0.008389 
0.041874 0.187678 -4.044131 -0.352638 0.283203 0.007093 
0.033390 0.200610 -3.825909 -0.352564 0.283234 0.005032 
0.024812 0.196820 -3.608117 -0.352608 0.283259 0.003180 
0.023608 0.205677 -3.390447 -0.352558 0.283237 0.001331 
0.030950 0.209699 -3.402860 -0.352364 0.283287 0.002069 
0.047048 0.209243 -3.538344 -0.352511 0.283291 0.003563 
0.047863 0.209236 -3.746783 -0.352338 0.283223 0.005635 
0.057334 0.211913 -3.964337 -0.352463 0.283478 0.007486 
0.058314 0.193604 -4.182527 -0.352419 0.283784 0.009433 
0.050167 0.198033 -4.171281 -0.352232 0.283745 0.008906 
0.055680 0.186460 -4.024540 -0.352319 0.283486 0.007100 
0.039404 0.186346 -3.816593 -0.352180 0.283663 0.005023 
0.029766 0.191963 -3.597985 -0.351997 0.283412 0.002746 
0.028497 0.202602 -3.390103 -0.352095 0.282915 0.000898 
0.029123 0.202940 -3.410890 -0.352251 0.282818 0.001205 
0.037627 0.199649 -3.567061 -0.352421 0.282495 0.002899 
0.046791 0.195545 -3.775509 -0.352594 0.282366 0.005190 
0.048451 0.186064 -3.983925 -0.352648 0.282575 0.007365 
0.049554 0.193726 -4.182056 -0.352422 0.282698 0.009339 
0.049426 0.200996 -4.182145 -0.352211 0.282989 0.009228 
0.048571 0.192249 -4.016343 -0.352282 0.283156 0.007864 
0.032343 0.200496 -3.808181 -0.352084 0.283337 0.005682 
0.023355 0.205692 -3.599428 -0.352064 0.283177 0.003398 
0.021864 0.206879 -3.392067 -0.352068 0.282965 0.001648 
0.030253 0.211014 -3.422207 -0.352354 0.282912 0.001736 
0.038782 0.206965 -3.567447 -0.352530 0.282777 0.003115 
0.040403 0.198507 -3.774719 -0.352738 0.282698 0.004976 
0.048934 0.193936 -3.992726 -0.352753 0.282671 0.006932 
0.050426 0.192749 -4.200088 -0.352750 0.282883 0.008683 
0.049576 0.182959 -4.179821 -0.352499 0.283264 0.008473 
0.047701 0.182595 -4.014347 -0.352190 0.283443 0.006999 
0.030796 0.192023 -3.807262 -0.351824 0.283343 0.005139 
0.029640 0.209240 -3.589377 -0.351715 0.283325 0.003186 
0.021735 0.214149 -3.392157 -0.351856 0.283256 0.001537 
0.022121 0.215179 -3.423036 -0.352008 0.282971 0.001838 
0.031041 0.212288 -3.568810 -0.352336 0.282548 0.003545 
0.033313 0.203409 -3.785937 -0.352707 0.282561 0.005399 
0.034516 0.194552 -4.003607 -0.352757 0.282583 0.007247 
0.043489 0.189621 -4.200284 -0.352936 0.282644 0.008901 
0.043521 0.188991 -4.159006 -0.352943 0.282828 0.008613 
0.041662 0.197618 -4.034595 -0.352569 0.282826 0.007323 
0.032256 0.193159 -3.807253 -0.352297 0.283046 0.005472 
0.030172 0.192856 -3.610594 -0.351989 0.283222 0.003703 
0.028124 0.211187 -3.392947 -0.351712 0.282924 0.001751 
0.028339 0.211254 -3.393786 -0.351712 0.282923 0.002072 
0.043779 0.211091 -3.549761 -0.351695 0.282839 0.003547 
0.053015 0.214589 -3.747063 -0.351815 0.282902 0.005418 
0.054895 0.204552 -3.963656 -0.352034 0.283204 0.006944 
0.063815 0.191131 -4.190894 -0.352272 0.283266 0.008677 
0.049648 0.190561 -4.168674 -0.352446 0.283456 0.008054 
0.048184 0.190468 -4.023148 -0.352295 0.283539 0.006567 
0.039653 0.195039 -3.805141 -0.352280 0.283567 0.004610 
0.038449 0.203896 -3.587471 -0.352230 0.283546 0.002762 
0.037221 0.213512 -3.380733 -0.352174 0.283336 0.001228 
0.037598 0.205157 -3.412972 -0.352231 0.283335 0.001948 
0.038674 0.214099 -3.549267 -0.352160 0.283163 0.003660 
0.048079 0.209303 -3.747622 -0.352338 0.283222 0.005956 
0.057309 0.212672 -3.975269 -0.352457 0.283289 0.007801 
0.051425 0.198838 -4.182508 -0.352547 0.283548 0.009547 
0.049691 0.199545 -4.161121 -0.352222 0.283365 0.008920 
0.048381 0.191423 -4.004573 -0.352289 0.283346 0.007228 
0.038278 0.188279 -3.796578 -0.352007 0.283191 0.005044 
0.029578 0.201144 -3.577517 -0.351933 0.283223 0.002661 
0.027846 0.203023 -3.380248 -0.351932 0.282823 0.000905 
0.034491 0.208360 -3.412008 -0.351727 0.282497 0.001309 
0.043236 0.204378 -3.558087 -0.351903 0.282362 0.003010 
0.051983 0.199874 -3.776933 -0.351917 0.282333 0.005287 
0.053274 0.198355 -3.995532 -0.351755 0.282645 0.007346 
0.047437 0.192882 -4.202556 -0.351786 0.282907 0.008988 
0.047469 0.192251 -4.161278 -0.351793 0.283091 0.008699 
0.053332 0.196444 -4.016089 -0.351607 0.283125 0.007320 
0.044801 0.201015 -3.798082 -0.351592 0.283153 0.005363 
0.036054 0.205519 -3.579236 -0.351577 0.283181 0.003085 
0.028149 0.210428 -3.382015 -0.351719 0.283112 0.001436 
0.029602 0.211435 -3.412352 -0.352191 0.282820 0.001743 
0.031717 0.211108 -3.567733 -0.352505 0.282829 0.003223 
0.041510 0.197462 -3.775320 -0.352906 0.282978 0.005296 
0.057417 0.205538 -3.993450 -0.352827 0.282904 0.007256 
0.058861 0.195989 -4.201026 -0.352883 0.283113 0.009111 
0.059127 0.194539 -4.180001 -0.352894 0.283489 0.008803 
0.050838 0.197896 -4.024669 -0.352723 0.283812 0.007429 
0.041239 0.202489 -3.807204 -0.352387 0.283848 0.005467 
0.039403 0.210880 -3.599094 -0.352180 0.283927 0.003286 
0.030894 0.224571 -3.391803 -0.352100 0.283769 0.001539 
0.031017 0.217172 -3.422059 -0.352311 0.283483 0.001624 
0.046585 0.209739 -3.577945 -0.352506 0.283108 0.003210 
0.048206 0.201281 -3.785216 -0.352714 0.283029 0.005071 
0.050089 0.201252 -3.993112 -0.352862 0.282953 0.007148 
0.043730 0.188930 -4.190191 -0.352941 0.282831 0.008908 
0.042888 0.188524 -4.168566 -0.352785 0.282929 0.008279 
0.047690 0.192867 -3.993574 -0.352279 0.282967 0.006921 
0.038066 0.198219 -3.787042 -0.351937 0.282814 0.005274 
0.028930 0.211572 -3.558964 -0.351700 0.282753 0.003220 
0.019541 0.216104 -3.372685 -0.351362 0.282792 0.001552 
0.026790 0.212659 -3.414515 -0.351380 0.282555 0.002054 
0.042647 0.212895 -3.560092 -0.351522 0.282372 0.003542 
0.044314 0.212799 -3.767149 -0.351671 0.282296 0.005298 
0.052846 0.208228 -3.985157 -0.351686 0.282268 0.007255 
0.055142 0.198590 -4.191352 -0.352063 0.282470 0.008794 
0.047993 0.185516 -4.169060 -0.352321 0.282605 0.008167 
0.039618 0.181537 -4.012799 -0.352363 0.282638 0.006583 
0.038045 0.198355 -3.805312 -0.352096 0.282719 0.004618 
0.029754 0.202235 -3.577212 -0.352086 0.282935 0.002668 
0.029418 0.210738 -3.370236 -0.352199 0.283005 0.001133 
0.037559 0.206180 -3.411828 -0.352384 0.283048 0.001634 
0.038869 0.214302 -3.568376 -0.352318 0.283067 0.003325 
0.048925 0.209085 -3.776586 -0.352659 0.283219 0.005614 
0.051283 0.207544 -3.994641 -0.352817 0.283522 0.007678 
0.059840 0.202214 -4.201717 -0.352839 0.283683 0.009320 
0.045439 0.202464 -4.159244 -0.353008 0.283681 0.008717 
0.044369 0.193650 -3.992603 -0.353080 0.283850 0.007031 
0.042245 0.194371 -3.794801 -0.352927 0.283738 0.004948 
0.039934 0.204273 -3.576530 -0.352709 0.283437 0.002779 
0.032029 0.209182 -3.379310 -0.352851 0.283369 0.001130 
0.031106 0.210925 -3.420825 -0.352676 0.282904 0.001420 
0.039434 0.206544 -3.577302 -0.352693 0.282869 0.003108 
0.047529 0.202461 -3.786293 -0.352545 0.282749 0.005393 
0.055907 0.205919 -4.015322 -0.352342 0.282823 0.007553 
0.056484 0.196724 -4.212205 -0.352235 0.282941 0.009094 
0.048536 0.192229 -4.160735 -0.352114 0.283083 0.008704 
0.046832 0.192828 -4.025302 -0.351957 0.282978 0.007210 
0.030819 0.201142 -3.817979 -0.351759 0.283158 0.005349 
0.029112 0.202263 -3.609778 -0.351763 0.282946 0.003278 
0.020997 0.207233 -3.381373 -0.351906 0.282874 0.001334 
0.028447 0.204120 -3.411966 -0.352082 0.282537 0.001527 
0.036976 0.200070 -3.557206 -0.352258 0.282403 0.002907 
0.039751 0.198928 -3.764864 -0.352575 0.282606 0.004983 
0.048523 0.193666 -3.972778 -0.352596 0.282767 0.006946 
0.049814 0.192146 -4.191377 -0.352433 0.283078 0.009004 
0.049188 0.191808 -4.170590 -0.352276 0.283175 0.008697 
0.040659 0.195858 -4.025350 -0.352100 0.283310 0.007318 
0.039038 0.204316 -3.818078 -0.351892 0.283388 0.005457 
0.029809 0.200947 -3.590431 -0.351773 0.283321 0.003612 
0.028364 0.210495 -3.382854 -0.351718 0.283112 0.001757 
0.035862 0.215743 -3.413233 -0.351835 0.282779 0.001846 
0.030650 0.211129 -3.568276 -0.352184 0.282837 0.003218 
0.046710 0.211176 -3.775384 -0.352324 0.282660 0.004974 
0.048805 0.201206 -3.992816 -0.352542 0.282962 0.006822 
0.050250 0.191658 -4.200393 -0.352597 0.283171 0.008676 
0.041644 0.187455 -4.169413 -0.352312 0.283225 0.008268 
0.040597 0.187761 -4.013490 -0.352319 0.283208 0.006793 
0.039433 0.195595 -3.796963 -0.352115 0.283474 0.005259 
0.036510 0.204895 -3.569982 -0.351582 0.283368 0.003413 
0.034912 0.222472 -3.373427 -0.351309 0.283262 0.001762 
0.042161 0.219027 -3.415257 -0.351326 0.283025 0.002264 
0.036949 0.214414 -3.570301 -0.351675 0.283083 0.003635 
0.052962 0.206099 -3.777624 -0.351873 0.282903 0.005497 
0.062561 0.201506 -3.995088 -0.352210 0.282868 0.007459 
0.056901 0.197124 -4.201807 -0.352393 0.282841 0.009107 
0.049148 0.192832 -4.169446 -0.352430 0.282888 0.008382 
0.048078 0.184018 -4.002805 -0.352502 0.283056 0.006697 
0.031590 0.193844 -3.785322 -0.352293 0.282856 0.004849 
0.030434 0.211062 -3.567437 -0.352185 0.282837 0.002897 
0.029633 0.210805 -3.371074 -0.352198 0.283004 0.001454 
0.036729 0.215389 -3.423927 -0.351998 0.282870 0.002160 
0.038193 0.215482 -3.569453 -0.352149 0.282787 0.003647 
0.054293 0.214505 -3.777705 -0.352135 0.282898 0.005718 
0.056892 0.212273 -3.985667 -0.352299 0.283389 0.007788 
0.050815 0.207491 -4.202784 -0.352324 0.283463 0.009424 
0.051282 0.206372 -4.170523 -0.352495 0.283740 0.008807 
0.042644 0.193964 -4.013637 -0.352596 0.283770 0.007007 
0.033245 0.198889 -3.784936 -0.352418 0.283706 0.004737 
0.031538 0.200009 -3.576735 -0.352423 0.283495 0.002666 
0.030309 0.209625 -3.369998 -0.352367 0.283285 0.001132 
0.036955 0.214962 -3.401758 -0.352163 0.282959 0.001536 
0.031066 0.211529 -3.557878 -0.352342 0.282737 0.003230 
0.046749 0.210152 -3.776528 -0.352170 0.282948 0.005289 
0.047928 0.202055 -4.005130 -0.352214 0.282780 0.007452 
0.048768 0.201288 -4.202637 -0.352047 0.282901 0.009209 
0.055864 0.196515 -4.161072 -0.352079 0.283034 0.008813 
0.039557 0.197032 -3.994403 -0.351933 0.283026 0.007024 
0.029717 0.202316 -3.787032 -0.351592 0.282874 0.005055 
0.028667 0.203144 -3.558340 -0.351760 0.282750 0.003003 
0.020105 0.208346 -3.381611 -0.351738 0.282594 0.001335 
0.028469 0.213240 -3.422683 -0.352017 0.282352 0.001737 
0.029470 0.204573 -3.578822 -0.352069 0.282366 0.003317 
0.039357 0.207649 -3.785979 -0.352352 0.282521 0.005181 
0.048755 0.202724 -4.014680 -0.352529 0.282585 0.007451 
0.050077 0.200575 -4.192000 -0.352374 0.283081 0.009221 
0.049691 0.199545 -4.161121 -0.352222 0.283365 0.008920 
0.048878 0.199031 -4.025450 -0.352234 0.283540 0.007425 
0.032603 0.198917 -3.817503 -0.352095 0.283717 0.005347 
0.031136 0.199346 -3.599209 -0.352105 0.283693 0.003283 
0.022627 0.213037 -3.391918 -0.352025 0.283536 0.001536 
0.030365 0.217593 -3.412204 -0.352148 0.283391 0.001631 
0.039962 0.213522 -3.556901 -0.352645 0.283248 0.003016 
0.041342 0.205756 -3.774266 -0.352847 0.282981 0.004870 
0.050114 0.200493 -3.982180 -0.352868 0.283141 0.006833 
0.051317 0.191636 -4.199850 -0.352918 0.283163 0.008682 
0.051155 0.200058 -4.168450 -0.352860 0.283163 0.008282 
0.034647 0.200243 -4.013018 -0.352556 0.283254 0.006802 
0.032980 0.200340 -3.805961 -0.352407 0.283330 0.005045 
0.024060 0.213760 -3.578722 -0.352169 0.283268 0.003312 
0.028828 0.219255 -3.372241 -0.351817 0.283015 0.001665 
0.036541 0.224571 -3.403459 -0.351934 0.282681 0.002075 
0.030261 0.219979 -3.559045 -0.351962 0.282747 0.003441 
0.039209 0.215807 -3.766654 -0.352135 0.282619 0.005411 
0.041064 0.206529 -3.994179 -0.352348 0.282733 0.007252 
0.049386 0.202019 -4.181002 -0.352364 0.282702 0.008913 
0.048497 0.193253 -4.159591 -0.352267 0.282796 0.008389 
0.040122 0.189273 -4.003330 -0.352309 0.282828 0.006806 
0.023505 0.206370 -3.785936 -0.351888 0.282918 0.004848 
0.022038 0.206798 -3.567643 -0.351898 0.282895 0.002783 
0.021413 0.207632 -3.370975 -0.352064 0.282774 0.001347 
0.035862 0.215743 -3.413233 -0.351835 0.282779 0.001846 
0.037326 0.215836 -3.558759 -0.351987 0.282696 0.003333 
0.046098 0.210573 -3.766673 -0.352007 0.282856 0.005296 
0.048867 0.209303 -4.004677 -0.352323 0.283063 0.007347 
0.050124 0.208935 -4.191785 -0.352315 0.283084 0.009116 
0.050544 0.199456 -4.159739 -0.352544 0.283358 0.008604 
0.042168 0.195476 -4.003477 -0.352586 0.283390 0.007021 
0.026357 0.204122 -3.784917 -0.352546 0.283470 0.004851 
0.025259 0.196589 -3.556441 -0.352773 0.283343 0.002903 
0.024025 0.206076 -3.380049 -0.352716 0.283137 0.001344 
0.031584 0.219421 -3.422288 -0.352615 0.282906 0.001957 
0.039912 0.215040 -3.578765 -0.352633 0.282871 0.003645 
0.048033 0.210198 -3.776824 -0.352490 0.282939 0.005615 
0.049083 0.209370 -4.005515 -0.352322 0.283063 0.007668 
0.057229 0.203770 -4.192643 -0.352186 0.283319 0.009323 
0.048649 0.198808 -4.150732 -0.351907 0.283562 0.008600 
0.046493 0.200159 -3.994207 -0.351747 0.283266 0.006805 
0.038172 0.204669 -3.807384 -0.351730 0.283297 0.005143 
0.022072 0.205646 -3.599133 -0.351744 0.283186 0.003072 
0.027721 0.220301 -3.371640 -0.351650 0.282736 0.001345 
0.028106 0.221330 -3.402520 -0.351801 0.282451 0.001646 
0.036588 0.208920 -3.547975 -0.352036 0.282313 0.003130 
0.045167 0.212709 -3.765767 -0.351992 0.282289 0.004982 
0.046633 0.212281 -3.984061 -0.351983 0.282313 0.007047 
0.055599 0.197966 -4.182097 -0.352068 0.282657 0.009121 
0.054844 0.204898 -4.161400 -0.351699 0.283045 0.008703 
0.046731 0.209347 -4.005763 -0.351681 0.283080 0.007336 
0.037783 0.213518 -3.798153 -0.351508 0.283207 0.005367 
0.029414 0.209668 -3.611546 -0.351550 0.283235 0.003809 
0.028412 0.218856 -3.382639 -0.351659 0.283115 0.001653 
0.037017 0.223059 -3.413619 -0.351944 0.283061 0.002061 
0.037977 0.215415 -3.568614 -0.352149 0.282788 0.003326 
0.039645 0.215318 -3.775671 -0.352299 0.282712 0.005082 
0.049068 0.209635 -3.993440 -0.352482 0.282964 0.007038 
0.050666 0.192057 -4.189995 -0.352755 0.283071 0.008689 
0.049436 0.200501 -4.159138 -0.352377 0.283079 0.008284 
0.048213 0.199716 -4.003519 -0.352231 0.283350 0.006803 
0.038613 0.204309 -3.786055 -0.351895 0.283386 0.004841 
0.036806 0.221948 -3.558315 -0.351623 0.283275 0.002895 
0.035524 0.223074 -3.382138 -0.351625 0.283066 0.001440 
0.036125 0.224171 -3.413857 -0.351776 0.282781 0.002062 
0.036884 0.216196 -3.580089 -0.351822 0.282607 0.003635 
0.046249 0.212423 -3.777300 -0.352154 0.282379 0.005617 
0.048104 0.203145 -4.004825 -0.352366 0.282493 0.007458 
0.048905 0.203402 -4.201188 -0.352353 0.282326 0.008901 
0.048673 0.194344 -4.159286 -0.352420 0.282508 0.008396 
0.046342 0.194604 -4.003066 -0.352107 0.282500 0.006595 
0.036742 0.199197 -3.785602 -0.351770 0.282536 0.004633 
0.027607 0.212550 -3.557525 -0.351533 0.282474 0.002579 
0.033894 0.217271 -3.371592 -0.351506 0.282404 0.001238 
0.040989 0.221855 -3.424444 -0.351306 0.282270 0.001944 
0.043320 0.221594 -3.580664 -0.351619 0.282278 0.003745 
0.052092 0.216332 -3.788579 -0.351640 0.282438 0.005708 
0.053947 0.207054 -4.016103 -0.351853 0.282552 0.007549 
0.055640 0.206198 -4.212228 -0.352008 0.282665 0.008991 
0.048127 0.201214 -4.169774 -0.352050 0.282899 0.008272 
0.040194 0.196875 -3.992183 -0.352256 0.283020 0.006387 
0.038984 0.205603 -3.804859 -0.352206 0.283002 0.004513 
0.030165 0.202505 -3.597160 -0.352244 0.282839 0.002654 
0.029177 0.211429 -3.380329 -0.352193 0.282817 0.001127 
0.036890 0.216745 -3.411546 -0.352310 0.282483 0.001536 
0.037502 0.216927 -3.558454 -0.352139 0.282408 0.003340 
0.046450 0.212755 -3.766063 -0.352313 0.282280 0.005309 
0.047500 0.211927 -3.994755 -0.352145 0.282404 0.007361 
0.056272 0.206665 -4.202669 -0.352165 0.282564 0.009324 
0.048083 0.202861 -4.161292 -0.352038 0.282518 0.008928 
0.046404 0.202701 -4.014927 -0.351888 0.282601 0.007119 
0.029653 0.204099 -3.796820 -0.351739 0.282398 0.005055 
0.020014 0.209715 -3.578212 -0.351556 0.282147 0.002779 
0.018329 0.219955 -3.380728 -0.351496 0.281750 0.000918 
0.036836 0.252061 -3.595829 -0.350443 0.280806 0.001171 
0.616755 0.753655 -9.629847 -0.320537 0.265015 -0.004925 
1.808136 0.815994 -14.668421 -0.289073 0.248944 0.000958 
2.065013 1.104483 -17.969662 -0.261156 0.238504 0.005239 
3.176534 1.314974 -20.883813 -0.241988 0.225234 0.013475 
3.743842 1.654139 -23.065364 -0.227095 0.221290 0.031704 
4.045505 2.202823 -24.503971 -0.197261 0.220650 0.047189 
4.336089 2.518716 -25.122614 -0.159953 0.221508 0.061432 
4.197611 2.097130 -25.061032 -0.135194 0.225121 0.070873 
4.177257 1.883003 -24.636299 -0.116968 0.227898 0.062370 
3.869449 1.816804 -24.593369 -0.106043 0.226771 0.054523 
3.745209 1.822365 -24.535657 -0.097080 0.225721 0.046094 
3.702297 1.793421 -24.355477 -0.098277 0.214290 0.032983 
3.603282 1.486103 -24.319208 -0.110772 0.195882 0.028142 
3.364248 1.211623 -24.024917 -0.122805 0.176924 0.033190 
3.085331 1.151609 -23.475129 -0.131753 0.154303 0.043905 
2.777337 0.930179 -22.726133 -0.146361 0.130451 0.059540 
2.696584 0.607183 -21.565705 -0.167532 0.117798 0.072120 
2.584824 0.237169 -20.393719 -0.188418 0.113937 0.079440 
2.391114 0.060388 -19.105851 -0.203028 0.122286 0.080600 
2.201257 -0.064552 -17.804975 -0.214874 0.142953 0.074213 
1.784774 -0.130992 -16.522542 -0.229183 0.175066 0.060677 
1.454337 -0.341626 -15.260193 -0.244786 0.214538 0.043135 
1.091927 -0.531343 -13.840415 -0.255611 0.258722 0.024004 
0.983256 -0.805713 -12.448289 -0.263340 0.295555 0.005588 
1.034340 -1.019261 -11.031986 -0.271026 0.325648 -0.014001 
1.046935 -1.124723 -9.652905 -0.281347 0.355008 -0.032776 
1.054438 -1.153525 -8.570262 -0.291755 0.380854 -0.046262 
0.981729 -1.167017 -7.901523 -0.299013 0.394435 -0.053780 
0.877278 -1.159309 -7.283498 -0.304846 0.401760 -0.057850 
0.873385 -1.248743 -7.074754 -0.315290 0.400087 -0.053244 
0.762730 -1.248477 -7.116716 -0.332377 0.389574 -0.044319 
0.678071 -1.241210 -7.061052 -0.353416 0.371692 -0.034737 
0.561936 -1.154053 -7.078300 -0.370849 0.348436 -0.026248 
0.557675 -1.010730 -7.310509 -0.382507 0.321674 -0.024513 
0.472236 -0.829416 -7.351594 -0.389460 0.299282 -0.033222 
0.423828 -0.723457 -7.258751 -0.394201 0.281072 -0.044720 
0.224014 -0.513130 -7.007091 -0.393166 0.269505 -0.054906 
0.145715 -0.290562 -6.679356 -0.386035 0.266957 -0.056324 
0.123960 -0.183571 -6.302303 -0.377598 0.269814 -0.047109 
0.129744 -0.104590 -6.089025 -0.373351 0.274504 -0.030822 
0.164365 -0.037517 -5.945372 -0.370617 0.284452 -0.010562 
0.182573 0.115327 -5.835840 -0.367931 0.295134 0.011305 
0.116022 0.290436 -5.806679 -0.369153 0.305362 0.027929 
0.160666 0.392904 -5.758563 -0.382403 0.320096 0.036942 
0.135456 0.346707 -5.620962 -0.403175 0.332724 0.036032 
0.142972 0.424793 -5.403642 -0.420325 0.341997 0.025895 
0.197009 0.453204 -5.216193 -0.432009 0.348634 0.011904 
0.211679 0.418713 -5.090449 -0.444153 0.353233 -0.001383 
0.236146 0.428187 -5.012327 -0.455819 0.358464 -0.012240 
0.265730 0.511779 -5.111856 -0.460676 0.361356 -0.013645 
0.258164 0.631297 -5.249238 -0.456453 0.359111 -0.006138 
0.324050 0.709231 -5.517807 -0.448450 0.354551 0.006353 
0.340590 0.636457 -5.805642 -0.442015 0.349229 0.023195 
0.340569 0.563282 -6.016249 -0.434631 0.340757 0.037230 
0.283698 0.523168 -5.841087 -0.427069 0.331481 0.043361 
0.263042 0.522402 -5.584337 -0.421628 0.324521 0.042827 
0.283115 0.547088 -5.326139 -0.415344 0.315741 0.033519 
0.233927 0.633731 -4.884035 -0.404977 0.305241 0.017385 
0.257085 0.667019 -4.442471 -0.394142 0.297367 0.000760 
0.249345 0.718735 -4.260274 -0.385433 0.291287 -0.012206 
0.245500 0.784883 -4.041984 -0.376300 0.286148 -0.019899 
0.288430 0.813126 -3.828177 -0.364670 0.281355 -0.019935 
0.230025 0.876628 -3.751959 -0.353165 0.277892 -0.013648 
0.201028 0.919484 -3.773707 -0.344997 0.275380 -0.002698 
0.168518 0.912454 -3.622942 -0.340244 0.272940 0.010359 
0.083946 0.912529 -3.437318 -0.337883 0.268852 0.023506 
0.018929 0.953281 -3.318430 -0.340528 0.266840 0.034413 
-0.054728 0.912623 -3.278733 -0.348251 0.266949 0.039910 
-0.125105 0.924709 -3.304392 -0.360742 0.264751 0.038930 
-0.186533 0.978325 -3.550978 -0.372282 0.262147 0.032730 
-0.221602 0.940932 -3.914939 -0.383801 0.261052 0.024551 
-0.273711 0.913491 -4.313502 -0.399760 0.262757 0.016918 
-0.332167 0.864923 -4.599393 -0.417003 0.265922 0.013450 
-0.327376 0.818933 -4.639159 -0.425360 0.269122 0.018418 
-0.320458 0.744809 -4.402764 -0.425245 0.271707 0.028422 
-0.313317 0.636405 -4.085510 -0.421681 0.278002 0.039780 
-0.298159 0.488625 -3.666701 -0.416307 0.285835 0.049661 
-0.379680 0.434672 -3.233621 -0.404704 0.291420 0.054277 
-0.420304 0.438231 -2.830641 -0.384154 0.297036 0.052857 
-0.417128 0.371576 -2.692257 -0.361808 0.300625 0.046672 
-0.385547 0.248041 -2.744459 -0.340960 0.299695 0.033083 
-0.349385 0.094401 -2.833130 -0.320638 0.293168 0.014695 
-0.357267 -0.061037 -2.945662 -0.298097 0.280837 -0.003356 
-0.349269 -0.196425 -3.072332 -0.277168 0.263341 -0.018435 
-0.337185 -0.309285 -2.966552 -0.262033 0.242446 -0.029106 
-0.296948 -0.391255 -2.739836 -0.252131 0.219254 -0.031944 
-0.284570 -0.393489 -2.528419 -0.244734 0.195445 -0.026996 
-0.297112 -0.357495 -2.368288 -0.239975 0.175092 -0.016284 
-0.326510 -0.374962 -2.256398 -0.241228 0.159905 -0.002923 
-0.351531 -0.363184 -2.403794 -0.247248 0.150945 0.011625 
-0.345394 -0.312028 -2.667367 -0.254582 0.150974 0.024398 
-0.276398 -0.252650 -3.000981 -0.262631 0.160224 0.032729 
-0.190657 -0.237103 -3.314531 -0.272436 0.177063 0.033922 
-0.132354 -0.270008 -3.507650 -0.284058 0.200829 0.028499 
-0.097957 -0.268031 -3.437825 -0.293701 0.229803 0.017866 
-0.032767 -0.204880 -3.195524 -0.301137 0.259234 0.005758 
0.090654 -0.121663 -2.880459 -0.308883 0.287584 -0.006802 
0.224185 -0.076716 -2.519084 -0.320430 0.314879 -0.019055 
0.369245 -0.037567 -2.331213 -0.332161 0.339151 -0.030565 
0.419077 0.015064 -2.422048 -0.340776 0.357168 -0.037774 
0.464477 0.117554 -2.659001 -0.347260 0.367908 -0.040319 
0.486459 0.228142 -2.997412 -0.354973 0.371379 -0.037590 
0.501415 0.359049 -3.336744 -0.363826 0.368798 -0.029407 
0.539807 0.432356 -3.573387 -0.371142 0.360666 -0.018655 
0.520925 0.476423 -3.525895 -0.375330 0.346479 -0.009686 
0.505550 0.476210 -3.434592 -0.376294 0.329563 -0.004040 
0.415151 0.470064 -3.290387 -0.375415 0.311249 -0.000289 
0.327221 0.466179 -3.166732 -0.373073 0.293401 0.002560 
0.277289 0.501363 -3.029194 -0.368184 0.276263 0.006139 
0.221388 0.510564 -3.015784 -0.360261 0.261669 0.012315 
0.209983 0.486306 -3.107636 -0.351260 0.251165 0.018858 
0.168236 0.413337 -3.325051 -0.343100 0.245550 0.023196 
0.105760 0.346953 -3.563496 -0.334588 0.243520 0.023506 
0.064203 0.322743 -3.702500 -0.324972 0.244498 0.019792 
0.008019 0.296932 -3.587299 -0.315232 0.248115 0.011653 
-0.008895 0.275712 -3.309009 -0.309468 0.255729 0.001630 
-0.013262 0.226537 -3.003289 -0.307593 0.263903 -0.008651 
-0.047812 0.233600 -2.687481 -0.307588 0.269633 -0.017341 
-0.076182 0.280833 -2.481916 -0.308734 0.273733 -0.021677 
-0.095582 0.305085 -2.573042 -0.314036 0.276186 -0.018261 
-0.097322 0.295475 -2.823421 -0.324537 0.276517 -0.008566 
-0.087561 0.306927 -3.148962 -0.337931 0.275738 0.004774 
-0.108263 0.336890 -3.547974 -0.352974 0.273567 0.020353 
-0.147319 0.421755 -3.985359 -0.366997 0.270214 0.034634 
-0.181429 0.489484 -4.165016 -0.376653 0.268120 0.044223 
-0.180570 0.504232 -4.186349 -0.383294 0.265445 0.049274 
-0.178480 0.469795 -4.123438 -0.388843 0.265491 0.048217 
-0.122225 0.435065 -3.968349 -0.392766 0.269535 0.041483 
-0.086121 0.425096 -3.856640 -0.393148 0.272688 0.033608 
-0.045976 0.419242 -3.865616 -0.388191 0.277840 0.021668 
0.017402 0.365250 -3.957277 -0.380823 0.284646 0.012369 
0.039100 0.269171 -4.098990 -0.373611 0.291836 0.006763 
0.059795 0.229159 -4.198376 -0.366970 0.298866 0.004872 
0.074963 0.190800 -4.237105 -0.360482 0.304693 0.007124 
0.048605 0.155298 -4.054846 -0.353685 0.306958 0.010247 
0.099711 0.130921 -3.798915 -0.345480 0.305997 0.011519 
0.186702 0.070316 -3.492916 -0.336869 0.303224 0.008864 
0.210509 -0.011762 -3.206066 -0.330536 0.300392 -0.000426 
0.288183 -0.005745 -3.070494 -0.326603 0.299998 -0.016235 
0.255514 -0.004453 -3.222191 -0.321142 0.296784 -0.031419 
0.221853 0.037042 -3.467219 -0.313141 0.290941 -0.043350 
0.254959 0.008175 -3.856716 -0.309283 0.284723 -0.047865 
0.249333 -0.063587 -4.231400 -0.313461 0.279339 -0.041121 
0.268924 -0.079299 -4.477416 -0.320932 0.273890 -0.027011 
0.219104 0.013686 -4.416058 -0.328175 0.267122 -0.010004 
0.169471 0.095658 -4.303231 -0.336945 0.262156 0.007580 
0.145215 0.140694 -4.248407 -0.348214 0.261964 0.021436 
0.070967 0.147630 -4.106967 -0.360430 0.263995 0.029766 
0.054603 0.186874 -3.904644 -0.369983 0.269155 0.032185 
0.023596 0.263023 -3.918587 -0.376225 0.278572 0.029621 
0.021095 0.266643 -4.014995 -0.381030 0.290056 0.022406 
0.071457 0.236424 -4.168996 -0.382827 0.302310 0.011747 
0.110694 0.199881 -4.319938 -0.379852 0.313115 0.000711 
0.107014 0.191984 -4.424225 -0.372842 0.321370 -0.007300 
0.109651 0.196708 -4.294812 -0.365427 0.327842 -0.011769 
0.068046 0.183673 -4.040545 -0.361056 0.329631 -0.011213 
0.041848 0.183175 -3.796352 -0.357868 0.326163 -0.005651 
0.036314 0.212323 -3.600224 -0.353486 0.317223 0.002391 
0.002473 0.250924 -3.454385 -0.349208 0.302659 0.010783 
0.013988 0.258420 -3.563023 -0.346716 0.286835 0.016839 
-0.007128 0.236812 -3.764106 -0.348464 0.271701 0.018359 
-0.016670 0.237424 -4.030125 -0.351015 0.260126 0.014014 
-0.001242 0.245422 -4.332068 -0.350446 0.249624 0.005721 
-0.036520 0.295212 -4.535151 -0.346566 0.241684 -0.003833 
0.003420 0.279450 -4.508109 -0.344083 0.238704 -0.011864 
-0.022068 0.261026 -4.350106 -0.344721 0.241430 -0.013902 
-0.026648 0.225007 -4.055998 -0.346765 0.248010 -0.009206 
-0.038584 0.233267 -3.752076 -0.347376 0.255338 -0.001404 
-0.068608 0.212686 -3.479561 -0.347717 0.264991 0.010296 
-0.090881 0.200624 -3.520477 -0.349425 0.276453 0.022484 
-0.066615 0.178249 -3.704372 -0.352620 0.287883 0.032099 
-0.083826 0.185676 -3.863628 -0.355951 0.296926 0.036525 
-0.055010 0.214772 -3.996850 -0.359106 0.305256 0.034767 
-0.004424 0.200573 -4.165858 -0.362551 0.311306 0.027521 
0.045255 0.179191 -4.115579 -0.364771 0.312535 0.013419 
0.122730 0.194044 -3.950825 -0.363670 0.310795 -0.003805 
0.134793 0.184588 -3.770820 -0.362777 0.308167 -0.018865 
0.185594 0.198623 -3.653101 -0.361692 0.304912 -0.029570 
0.149747 0.223915 -3.515517 -0.359931 0.299606 -0.032516 
0.165646 0.244170 -3.589506 -0.357034 0.292553 -0.025030 
0.163333 0.255039 -3.854767 -0.354040 0.284995 -0.010307 
0.165139 0.255568 -4.105986 -0.351599 0.278076 0.007105 
0.199691 0.223325 -4.322290 -0.350178 0.272913 0.023240 
0.148683 0.216884 -4.472520 -0.349274 0.269868 0.033855 
0.137106 0.242966 -4.387571 -0.347814 0.268807 0.035430 
0.075885 0.262549 -4.153460 -0.345476 0.269396 0.029702 
0.079046 0.248900 -3.854942 -0.343983 0.270455 0.019086 
0.081689 0.238157 -3.529067 -0.343920 0.273900 0.006560 
0.075606 0.214774 -3.206054 -0.344917 0.278550 -0.004255 
0.069827 0.236875 -3.159361 -0.344933 0.282310 -0.010681 
0.072442 0.250712 -3.268901 -0.344670 0.285084 -0.011770 
0.077842 0.232422 -3.493015 -0.344625 0.287659 -0.007710 
0.092916 0.219167 -3.775310 -0.344694 0.290087 -0.000692 
0.070431 0.197507 -3.978283 -0.344687 0.291713 0.007043 
0.060759 0.211714 -3.989374 -0.344752 0.292658 0.011319 
0.053170 0.229415 -3.919899 -0.344795 0.291467 0.012043 
0.043813 0.267257 -3.820438 -0.345181 0.289234 0.009388 
0.062662 0.256345 -3.691499 -0.346700 0.286293 0.003866 
0.044267 0.255641 -3.577976 -0.350257 0.282946 -0.002057 
0.051504 0.266426 -3.653471 -0.354190 0.279742 -0.005238 
0.020851 0.301884 -3.806854 -0.358770 0.276925 -0.005251 
0.008226 0.308744 -4.018911 -0.363699 0.275036 -0.002116 
0.002623 0.317667 -4.230457 -0.367643 0.273871 0.003999 
-0.020899 0.328782 -4.338404 -0.369500 0.274641 0.011652 
-0.027695 0.355591 -4.191569 -0.369484 0.276892 0.017446 
-0.045743 0.354717 -3.949451 -0.368390 0.280913 0.020807 
-0.064071 0.350986 -3.712001 -0.365870 0.284455 0.021145 
-0.056962 0.341313 -3.431028 -0.360648 0.288286 0.018470 
-0.045026 0.302413 -3.196835 -0.353858 0.290831 0.013268 
-0.033007 0.265222 -3.196623 -0.347205 0.292741 0.008520 
-0.004594 0.227339 -3.337552 -0.341823 0.292450 0.004444 
0.013796 0.198766 -3.549884 -0.338304 0.289757 0.001976 
0.047642 0.187120 -3.786823 -0.335295 0.284866 0.001671 
0.090924 0.167513 -4.024445 -0.333301 0.278759 0.002354 
0.088334 0.136706 -4.030917 -0.333353 0.272547 0.001335 
0.079440 0.123394 -3.959495 -0.335221 0.268282 -0.001213 
0.036715 0.121421 -3.826569 -0.337515 0.264537 -0.003702 
0.023944 0.173739 -3.658054 -0.338768 0.261944 -0.004988 
0.013521 0.220633 -3.506247 -0.339737 0.260869 -0.004061 
0.041916 0.241866 -3.523880 -0.342302 0.261930 0.000461 
0.076827 0.253570 -3.626672 -0.345571 0.265441 0.006819 
0.083728 0.260872 -3.749986 -0.348725 0.270202 0.013144 
0.075560 0.281421 -3.921512 -0.351473 0.275843 0.018238 
0.066807 0.289978 -4.089430 -0.354146 0.282341 0.021818 
0.055710 0.298958 -4.023624 -0.356992 0.288719 0.021420 
0.056389 0.309928 -3.840945 -0.359662 0.294518 0.018874 
0.052819 0.326298 -3.625212 -0.361816 0.298907 0.015080 
0.044472 0.341092 -3.396826 -0.363500 0.301510 0.010131 
0.062012 0.351889 -3.241713 -0.363103 0.301743 0.004790 
0.095026 0.340362 -3.314852 -0.361553 0.299981 0.000751 
0.110717 0.312681 -3.511917 -0.359317 0.298066 -0.002873 
0.134302 0.281004 -3.791013 -0.357261 0.296010 -0.006028 
0.125333 0.263791 -4.066159 -0.354156 0.292663 -0.007350 
0.122825 0.262600 -4.277229 -0.350454 0.288606 -0.006361 
0.093857 0.264452 -4.277976 -0.347399 0.284134 -0.003889 
0.088006 0.249732 -4.148120 -0.346704 0.279666 0.000545 
0.079674 0.237474 -3.928467 -0.346962 0.275780 0.006137 
0.052659 0.262384 -3.655428 -0.347776 0.272126 0.011153 
0.026490 0.299285 -3.458537 -0.348663 0.269530 0.014276 
0.023776 0.317474 -3.491377 -0.349980 0.268129 0.016221 
0.020351 0.319789 -3.609502 -0.351085 0.268454 0.015598 
0.022697 0.310734 -3.784287 -0.351623 0.270459 0.012857 
0.024558 0.287503 -3.939482 -0.351621 0.273989 0.009887 
0.010466 0.279512 -4.075096 -0.350879 0.278019 0.006710 
0.010090 0.264761 -4.006969 -0.350188 0.281729 0.003171 
0.009173 0.235544 -3.842812 -0.349280 0.285045 0.001532 
0.008426 0.218672 -3.654975 -0.348125 0.287507 0.002391 
0.012995 0.195777 -3.480619 -0.346846 0.288308 0.004538 
0.013808 0.179704 -3.344750 -0.346804 0.288377 0.006790 
0.047328 0.178987 -3.441277 -0.347587 0.288446 0.009290 
0.079159 0.181607 -3.683825 -0.348662 0.287396 0.009754 
0.105149 0.185003 -3.939799 -0.348770 0.286002 0.006980 
0.122967 0.182956 -4.211495 -0.348922 0.284852 0.002473 
0.122387 0.183121 -4.440824 -0.349875 0.284303 -0.002205 
0.117932 0.171040 -4.385195 -0.351895 0.283927 -0.006631 
0.092150 0.181305 -4.175038 -0.353296 0.283599 -0.008458 
0.095167 0.193720 -3.894352 -0.354024 0.282877 -0.006694 
0.091162 0.200228 -3.621192 -0.354154 0.282783 -0.002488 
0.074599 0.212958 -3.382373 -0.354245 0.283361 0.003185 
0.058601 0.216237 -3.401128 -0.354229 0.284065 0.010347 
0.040060 0.227271 -3.540461 -0.353510 0.284807 0.016648 
0.030095 0.228687 -3.726120 -0.351567 0.285679 0.020419 
0.037345 0.210473 -3.945646 -0.349268 0.285943 0.021365 
0.042078 0.186090 -4.134458 -0.347338 0.285445 0.018597 
0.028507 0.164281 -4.090809 -0.345253 0.284367 0.012173 
0.028089 0.181115 -3.943105 -0.343053 0.281955 0.004795 
0.028289 0.186472 -3.726580 -0.341418 0.278283 -0.001327 
0.061184 0.191091 -3.493919 -0.340412 0.274765 -0.005500 
0.058379 0.175574 -3.344863 -0.341172 0.272265 -0.007591 
0.090871 0.189183 -3.447770 -0.342337 0.270720 -0.006138 
0.073673 0.212304 -3.657673 -0.342975 0.270216 -0.002860 
0.057967 0.248994 -3.901219 -0.343355 0.270574 0.001453 
0.049450 0.271789 -4.175565 -0.345275 0.272315 0.006814 
0.037872 0.242558 -4.347490 -0.348373 0.275664 0.012347 
0.052314 0.247630 -4.238536 -0.350908 0.278802 0.014803 
0.062862 0.254631 -3.982017 -0.352958 0.281466 0.014810 
0.078579 0.278829 -3.719609 -0.354403 0.284956 0.012130 
0.080239 0.284691 -3.469198 -0.356630 0.288723 0.006762 
0.065533 0.291287 -3.280209 -0.358375 0.292327 0.001336 
0.070649 0.296889 -3.343397 -0.359296 0.294973 -0.001198 
0.050655 0.303935 -3.507356 -0.359090 0.296383 -0.000709 
0.046092 0.299001 -3.737684 -0.359276 0.296546 0.002203 
0.068938 0.264857 -3.993830 -0.359326 0.295556 0.007127 
0.084629 0.253983 -4.169200 -0.357773 0.292990 0.011267 
0.086791 0.249613 -4.123931 -0.355231 0.289912 0.011836 
0.095046 0.237856 -4.000108 -0.352742 0.287536 0.009460 
0.078905 0.224154 -3.848866 -0.350283 0.284557 0.004434 
0.061548 0.228409 -3.635063 -0.347541 0.281297 -0.001389 
0.052778 0.227978 -3.476605 -0.344823 0.278177 -0.005441 
0.052315 0.218095 -3.540956 -0.343601 0.275319 -0.004736 
0.058403 0.224241 -3.672929 -0.343383 0.272724 -0.000745 
0.061954 0.223708 -3.848779 -0.344015 0.270821 0.005032 
0.054454 0.219009 -4.045793 -0.345164 0.270049 0.011429 
0.048084 0.225236 -4.206895 -0.346401 0.270699 0.015702 
0.024860 0.219486 -4.126097 -0.347425 0.272378 0.016410 
0.022020 0.223011 -3.947257 -0.348217 0.274760 0.014297 
0.003700 0.240033 -3.723912 -0.348606 0.278012 0.010390 
0.006317 0.236328 -3.468739 -0.349130 0.281103 0.005969 
0.022412 0.234116 -3.297555 -0.349309 0.283731 0.002440 
0.052751 0.225550 -3.346246 -0.349191 0.285719 0.001404 
0.081050 0.219745 -3.531627 -0.348403 0.286980 0.001859 
0.100974 0.202731 -3.756945 -0.349144 0.288969 0.003041 
0.107043 0.197709 -4.052706 -0.350286 0.290018 0.004400 
0.102981 0.209538 -4.267469 -0.350837 0.290082 0.005517 
0.095737 0.232245 -4.245928 -0.350843 0.289661 0.005121 
0.082958 0.245516 -4.109601 -0.351888 0.288491 0.004200 
0.085576 0.241555 -3.931934 -0.353370 0.287390 0.003205 
0.080693 0.252003 -3.701756 -0.354918 0.285861 0.001624 
0.074588 0.270502 -3.483144 -0.355927 0.284443 0.000242 
0.074005 0.284698 -3.503277 -0.356146 0.282926 0.000465 
0.066324 0.283883 -3.617452 -0.356150 0.282041 0.001558 
0.059530 0.272049 -3.805515 -0.356065 0.281827 0.003645 
0.054361 0.266642 -3.996785 -0.355935 0.282181 0.006905 
0.046883 0.260940 -4.151762 -0.354845 0.282741 0.011145 
0.035542 0.257290 -4.080209 -0.353112 0.282913 0.013643 
0.015314 0.251673 -3.913859 -0.351403 0.282556 0.014834 
0.001381 0.249111 -3.714451 -0.349511 0.282437 0.014869 
-0.008193 0.246272 -3.491319 -0.347457 0.281230 0.013540 
-0.005367 0.254367 -3.304202 -0.345318 0.279177 0.010477 
0.014929 0.234646 -3.349132 -0.344157 0.277498 0.007536 
0.044719 0.206734 -3.543953 -0.343522 0.276629 0.004033 
0.074577 0.195550 -3.786960 -0.342929 0.275676 -0.000360 
0.091452 0.190583 -4.032284 -0.342300 0.275392 -0.003902 
0.097089 0.201262 -4.262270 -0.341888 0.275577 -0.005389 
0.087385 0.205135 -4.230162 -0.342834 0.276788 -0.005466 
0.075285 0.196592 -4.070698 -0.344839 0.278188 -0.003174 
0.073639 0.209403 -3.834447 -0.347172 0.279611 0.001019 
0.069006 0.231603 -3.629652 -0.348637 0.280778 0.005072 
0.083389 0.259745 -3.402640 -0.351175 0.282479 0.009048 
0.090647 0.270857 -3.466423 -0.353823 0.285025 0.011797 
0.081260 0.273788 -3.616613 -0.356373 0.287405 0.012647 
0.066500 0.286484 -3.804700 -0.357732 0.289352 0.011740 
0.056770 0.278562 -4.013125 -0.358749 0.291163 0.010590 
0.051851 0.270364 -4.181235 -0.359445 0.291979 0.009372 
0.064852 0.253903 -4.103916 -0.359718 0.291769 0.007078 
0.080026 0.253585 -3.917534 -0.358596 0.290774 0.004872 
0.078198 0.264687 -3.713329 -0.356760 0.289137 0.003219 
0.075860 0.258668 -3.519952 -0.354884 0.287595 0.001762 
0.064605 0.241015 -3.389603 -0.352610 0.285833 0.000887 
0.060280 0.245075 -3.478237 -0.349683 0.283781 0.001972 
0.064903 0.235606 -3.680063 -0.347163 0.281868 0.003924 
0.069936 0.226407 -3.901838 -0.344800 0.279859 0.005862 
0.077548 0.216805 -4.101197 -0.343243 0.277922 0.007509 
0.073178 0.205071 -4.255386 -0.342515 0.276536 0.007914 
0.077964 0.195444 -4.169270 -0.342584 0.275718 0.006063 
0.054666 0.194121 -3.989578 -0.342938 0.275085 0.003549 
0.041630 0.212574 -3.759014 -0.343793 0.274764 0.001305 
0.026290 0.224051 -3.519813 -0.345663 0.275221 0.000251 
0.005694 0.246795 -3.326221 -0.347454 0.276112 0.001086 
0.008857 0.256132 -3.373673 -0.349313 0.277062 0.004927 
0.025643 0.272388 -3.526600 -0.350466 0.278319 0.009845 
0.047521 0.265494 -3.727762 -0.351295 0.280013 0.013523 
0.053981 0.256079 -3.975583 -0.351989 0.282296 0.015543 
0.057244 0.246005 -4.166943 -0.352211 0.284684 0.015030 
0.070658 0.245729 -4.137271 -0.351889 0.286682 0.011060 
0.067280 0.257231 -3.982765 -0.351338 0.287923 0.005813 
0.078405 0.262494 -3.808807 -0.350984 0.288579 0.001018 
0.085665 0.249618 -3.595017 -0.351887 0.288580 -0.002652 
0.093538 0.247452 -3.446670 -0.352709 0.288020 -0.004545 
0.103264 0.246640 -3.509812 -0.353508 0.287102 -0.003076 
0.099940 0.253176 -3.688172 -0.354257 0.286487 -0.000205 
0.103521 0.263470 -3.907615 -0.354813 0.285928 0.002736 
0.091546 0.256922 -4.127978 -0.355174 0.285472 0.005881 
0.077520 0.258276 -4.277589 -0.354843 0.285215 0.008648 
0.074755 0.269134 -4.169085 -0.353969 0.284749 0.009273 
0.063751 0.268349 -3.946651 -0.353188 0.284126 0.009029 
0.058295 0.264197 -3.703381 -0.352108 0.283269 0.008371 
0.045288 0.255563 -3.489282 -0.351061 0.282466 0.007257 
0.031895 0.265033 -3.294938 -0.349887 0.281293 0.005922 
0.034045 0.257301 -3.348877 -0.348811 0.280042 0.006514 
0.030845 0.252618 -3.515527 -0.348032 0.279037 0.007764 
0.034720 0.252655 -3.753300 -0.347212 0.277804 0.009064 
0.039176 0.234791 -3.990427 -0.346679 0.276844 0.010250 
0.049928 0.219980 -4.194494 -0.345962 0.276123 0.010281 
0.060156 0.202967 -4.158166 -0.345435 0.276034 0.007617 
0.063943 0.204439 -4.006877 -0.344950 0.276650 0.003658 
0.061763 0.209401 -3.814054 -0.344768 0.277493 -0.000476 
0.040155 0.225453 -3.602198 -0.344842 0.278858 -0.003948 
0.036315 0.233520 -3.424902 -0.345602 0.280103 -0.005404 
0.045328 0.236263 -3.469322 -0.347183 0.281579 -0.002968 
0.042965 0.247559 -3.629791 -0.349186 0.283063 0.001524 
0.049745 0.246802 -3.812109 -0.351749 0.284386 0.006967 
0.056063 0.246541 -4.034028 -0.354306 0.285526 0.012056 
0.051940 0.258551 -4.221725 -0.356143 0.286736 0.015239 
0.043511 0.262864 -4.147492 -0.357570 0.287836 0.014885 
0.037413 0.264037 -3.976548 -0.358218 0.288614 0.011923 
0.034236 0.263662 -3.763620 -0.358074 0.288694 0.007920 
0.042913 0.272587 -3.530522 -0.357216 0.288502 0.003501 
0.048627 0.267404 -3.352227 -0.355652 0.287666 0.000205 
0.069517 0.262987 -3.423699 -0.353898 0.286477 -0.000729 
0.083866 0.246302 -3.612450 -0.352067 0.285253 0.000482 
0.105533 0.234397 -3.824545 -0.350036 0.283890 0.002746 
0.093068 0.225906 -4.046136 -0.348482 0.282864 0.005116 
0.086269 0.207271 -4.269810 -0.346674 0.281222 0.008126 
0.081814 0.203707 -4.211667 -0.345739 0.280099 0.008602 
0.070067 0.205133 -4.037782 -0.345101 0.278819 0.007684 
0.066974 0.209765 -3.800246 -0.344922 0.277754 0.005968 
0.072546 0.216587 -3.548817 -0.345206 0.277104 0.003087 
0.064628 0.231016 -3.368508 -0.345601 0.276656 0.000363 
0.068085 0.229243 -3.406547 -0.346574 0.277017 0.000019 
0.073992 0.233916 -3.560455 -0.347655 0.277860 0.001397 
0.073273 0.242473 -3.758750 -0.348550 0.278856 0.004129 
0.066371 0.254555 -3.980099 -0.349421 0.280094 0.007912 
0.074255 0.248804 -4.151398 -0.350413 0.281597 0.011942 
0.072941 0.248310 -4.082760 -0.351386 0.282936 0.013394 
0.068392 0.248931 -3.918831 -0.351876 0.283996 0.012994 
0.069419 0.244802 -3.730474 -0.352237 0.285104 0.010894 
0.060729 0.246643 -3.569870 -0.352239 0.285710 0.007594 
0.065986 0.248757 -3.395565 -0.352393 0.286119 0.003023 
0.080184 0.246570 -3.459215 -0.352719 0.286404 0.000396 
0.093918 0.244980 -3.627894 -0.352714 0.286519 -0.001038 
0.100963 0.249057 -3.850747 -0.352670 0.286310 -0.001118 
0.116760 0.240675 -4.057231 -0.352869 0.286132 0.000423 
0.110880 0.236848 -4.255773 -0.352888 0.286012 0.002720 
0.096934 0.247105 -4.188010 -0.352827 0.285725 0.003964 
0.081265 0.249070 -4.009180 -0.352349 0.285527 0.005079 
0.066699 0.260390 -3.779832 -0.352128 0.285128 0.006460 
0.049895 0.264682 -3.538565 -0.351637 0.284355 0.006992 
0.032388 0.270160 -3.346992 -0.351135 0.283212 0.007164 
0.038003 0.261535 -3.370938 -0.350868 0.282219 0.008433 
0.034548 0.257808 -3.535606 -0.350244 0.280928 0.009047 
0.044408 0.244109 -3.739912 -0.349359 0.279926 0.009079 
0.048002 0.225975 -3.973683 -0.348828 0.278970 0.008982 
0.050391 0.215526 -4.165665 -0.347926 0.278210 0.008166 
0.038273 0.213633 -4.121113 -0.347145 0.277616 0.006161 
0.034417 0.214539 -3.974690 -0.346506 0.277428 0.004028 
0.031920 0.223845 -3.779732 -0.345970 0.277326 0.002797 
0.038428 0.228762 -3.564293 -0.345943 0.277251 0.001803 
0.047139 0.231330 -3.410747 -0.346250 0.277742 0.001398 
0.043647 0.240508 -3.474151 -0.346667 0.278642 0.002631 
0.049324 0.235601 -3.658925 -0.347653 0.279774 0.004081 
0.056808 0.237588 -3.853941 -0.348912 0.281280 0.005740 
0.058025 0.235140 -4.078422 -0.350525 0.282832 0.007270 
0.065975 0.236008 -4.241176 -0.351953 0.284616 0.008311 
0.064589 0.227058 -4.155939 -0.353470 0.285849 0.007639 
0.055586 0.240044 -3.957590 -0.354842 0.286938 0.006321 
0.051668 0.250909 -3.740322 -0.355744 0.287510 0.005232 
0.046031 0.262217 -3.513742 -0.356163 0.287998 0.004144 
0.053394 0.266523 -3.369688 -0.356296 0.288022 0.003412 
0.052461 0.268760 -3.434212 -0.355955 0.287468 0.004646 
0.056863 0.266519 -3.622596 -0.354993 0.286894 0.006299 
0.073669 0.256308 -3.831443 -0.353597 0.286136 0.007711 
0.074466 0.239133 -4.079452 -0.352096 0.285014 0.008555 
0.088657 0.230246 -4.244142 -0.350373 0.283884 0.008397 
0.079427 0.218180 -4.169895 -0.348698 0.282688 0.006085 
0.064251 0.219245 -3.992064 -0.347423 0.281428 0.003231 
0.056988 0.216702 -3.805226 -0.346329 0.280015 0.000923 
0.046340 0.217476 -3.589520 -0.346019 0.278911 -0.000278 
0.045241 0.239708 -3.395644 -0.346033 0.277657 -0.000625 
0.039944 0.239038 -3.430609 -0.346520 0.276842 0.001506 
0.051246 0.235641 -3.600287 -0.347170 0.276599 0.004803 
0.070833 0.242891 -3.789263 -0.347901 0.276783 0.007762 
0.068495 0.235373 -3.997784 -0.348587 0.277594 0.010370 
0.066281 0.233939 -4.173295 -0.349233 0.278974 0.011930 
0.054740 0.245031 -4.108958 -0.349649 0.280482 0.010800 
0.048699 0.235037 -3.929585 -0.350055 0.282019 0.008257 
0.058147 0.234413 -3.730091 -0.350709 0.283258 0.005956 
0.052363 0.243248 -3.500222 -0.351146 0.284317 0.003577 
0.061104 0.244435 -3.343083 -0.351624 0.285091 0.001887 
0.071433 0.237794 -3.434493 -0.352304 0.285602 0.002346 
0.074529 0.252946 -3.619552 -0.352668 0.285901 0.003591 
0.083932 0.247398 -3.855592 -0.353010 0.286059 0.004891 
0.100486 0.245045 -4.092274 -0.353166 0.286455 0.006293 
0.108161 0.240333 -4.276580 -0.353185 0.286426 0.006992 
0.098963 0.244418 -4.212524 -0.352844 0.286481 0.005542 
0.096181 0.245431 -4.035212 -0.352526 0.286282 0.003440 
0.086322 0.251604 -3.808427 -0.352179 0.285937 0.001812 
0.076444 0.258663 -3.562227 -0.351826 0.285399 0.000525 
0.066894 0.258887 -3.370129 -0.351518 0.284484 0.000588 
0.060505 0.258997 -3.416570 -0.351678 0.283488 0.003029 
0.061238 0.262412 -3.577697 -0.351482 0.282654 0.006438 
0.061871 0.248975 -3.769601 -0.351404 0.281817 0.010029 
0.060805 0.244350 -4.000595 -0.350941 0.280808 0.012837 
0.058080 0.238156 -4.177405 -0.350172 0.280184 0.014073 
0.044853 0.228052 -4.103265 -0.349130 0.279590 0.012194 
0.045769 0.232659 -3.933581 -0.347982 0.279461 0.008572 
0.031344 0.230267 -3.721877 -0.346894 0.279048 0.004452 
0.031816 0.235755 -3.500755 -0.345742 0.278723 0.000555 
0.042836 0.244677 -3.363185 -0.345198 0.278531 -0.002012 
0.049615 0.232344 -3.445975 -0.345116 0.278395 -0.001444 
0.067656 0.231120 -3.634031 -0.345586 0.278585 0.000972 
0.059537 0.227790 -3.843135 -0.346567 0.279439 0.004015 
0.073759 0.229098 -4.103760 -0.347661 0.280051 0.007447 
0.074092 0.228642 -4.260448 -0.348942 0.281220 0.010000 
0.059860 0.228023 -4.176080 -0.350728 0.282548 0.009870 
0.050224 0.240542 -3.987291 -0.351943 0.283737 0.008219 
0.053410 0.245489 -3.808565 -0.352882 0.284643 0.006340 
0.049754 0.254674 -3.535189 -0.354121 0.285583 0.003368 
0.052304 0.269033 -3.387671 -0.354831 0.286216 0.001681 
0.054473 0.267837 -3.418074 -0.355319 0.286491 0.001980 
0.057327 0.274426 -3.584239 -0.355583 0.286882 0.003663 
0.057919 0.264967 -3.793198 -0.355317 0.287099 0.005834 
0.065109 0.252484 -4.034132 -0.354905 0.286987 0.008513 
0.062352 0.237664 -4.223232 -0.354035 0.286457 0.010483 
0.056920 0.240836 -4.173900 -0.352732 0.285727 0.010193 
0.048992 0.229201 -4.008912 -0.351380 0.284510 0.008286 
0.048254 0.229515 -3.801929 -0.349942 0.283432 0.005772 
0.046764 0.223177 -3.572087 -0.348714 0.281873 0.002427 
0.053355 0.237032 -3.394430 -0.347335 0.280466 -0.000423 
0.056208 0.236616 -3.465347 -0.346528 0.279404 -0.000913 
0.061845 0.235837 -3.610462 -0.346201 0.278431 0.000148 
0.061897 0.229672 -3.819049 -0.346071 0.277792 0.002332 
0.071515 0.234822 -4.039892 -0.346177 0.277477 0.005474 
0.069509 0.221117 -4.199402 -0.347069 0.277799 0.008881 
0.065768 0.232653 -4.120025 -0.347637 0.278203 0.009922 
0.054699 0.230546 -3.945895 -0.348472 0.278923 0.009753 
0.043077 0.235703 -3.739831 -0.349097 0.279932 0.008857 
0.037926 0.245005 -3.500404 -0.349692 0.280890 0.006812 
0.047390 0.253372 -3.341972 -0.350280 0.281948 0.004695 
0.057601 0.253507 -3.410465 -0.350914 0.282840 0.004100 
0.075500 0.249187 -3.602572 -0.351567 0.283694 0.004255 
0.078852 0.252752 -3.805649 -0.352013 0.284752 0.004614 
0.096317 0.248399 -4.061508 -0.352342 0.285621 0.005675 
0.097884 0.244935 -4.236074 -0.352357 0.286399 0.006481 
0.091512 0.247531 -4.181930 -0.352667 0.286817 0.005349 
0.084251 0.242635 -3.995923 -0.352877 0.287124 0.004112 
0.082821 0.251919 -3.800422 -0.352662 0.287014 0.002887 
0.074662 0.258536 -3.563534 -0.352793 0.286560 0.001598 
0.066850 0.257428 -3.400163 -0.352974 0.285922 0.001318 
0.066509 0.261156 -3.453983 -0.352944 0.284979 0.002571 
0.066352 0.255052 -3.631385 -0.352816 0.284337 0.004460 
0.072583 0.245986 -3.809578 -0.352544 0.283362 0.006562 
0.071374 0.248895 -4.028586 -0.352030 0.282547 0.008630 
0.062418 0.247641 -4.184886 -0.351552 0.281773 0.009999 
0.058642 0.233019 -4.104018 -0.350857 0.281305 0.009628 
0.046140 0.241377 -3.909436 -0.349851 0.280412 0.008292 
0.033423 0.249668 -3.714016 -0.348846 0.279520 0.006635 
0.028647 0.243712 -3.477008 -0.348099 0.279037 0.004685 
0.032047 0.241302 -3.342070 -0.347478 0.278609 0.003078 
0.030097 0.251300 -3.414260 -0.346923 0.278160 0.003232 
0.044373 0.233685 -3.608893 -0.346867 0.278176 0.003915 
0.044801 0.231896 -3.824136 -0.346708 0.278491 0.004690 
0.046700 0.220972 -4.060143 -0.346932 0.278985 0.005875 
0.057507 0.212297 -4.234481 -0.347461 0.279983 0.006899 
0.060857 0.208301 -4.159923 -0.348296 0.280996 0.005997 
0.050128 0.221601 -3.982608 -0.349183 0.282005 0.004655 
0.046862 0.232045 -3.775195 -0.350248 0.282669 0.003558 
0.044494 0.241505 -3.537198 -0.351483 0.283609 0.002486 
0.042520 0.251602 -3.372502 -0.352708 0.284367 0.002319 
0.041139 0.261495 -3.445752 -0.353760 0.285062 0.003877 
0.053859 0.263211 -3.632475 -0.354695 0.285576 0.006085 
0.057574 0.269318 -3.839679 -0.355122 0.286062 0.008056 
0.066781 0.263566 -4.056610 -0.355306 0.286315 0.009691 
0.066671 0.245937 -4.220846 -0.355261 0.286428 0.010399 
0.055490 0.242037 -4.146853 -0.354495 0.286397 0.008735 
0.049882 0.244538 -3.959629 -0.353526 0.285834 0.006314 
0.050856 0.235025 -3.763317 -0.352478 0.285125 0.004218 
0.043451 0.240768 -3.526809 -0.351168 0.283806 0.002166 
0.044895 0.249500 -3.383954 -0.349987 0.282727 0.001107 
0.048152 0.240723 -3.438494 -0.349078 0.281756 0.002019 
0.065741 0.232827 -3.648408 -0.347986 0.280421 0.004086 
0.063643 0.226971 -3.846005 -0.347374 0.279699 0.005629 
0.069132 0.223820 -4.053261 -0.346739 0.279309 0.006947 
0.075673 0.211657 -4.218911 -0.346490 0.279092 0.008086 
0.067322 0.216275 -4.146134 -0.346305 0.279046 0.007290 
0.059000 0.220785 -3.959311 -0.346289 0.279077 0.005628 
0.045580 0.228432 -3.741648 -0.346737 0.279427 0.004105 
0.046921 0.228260 -3.513853 -0.347393 0.279574 0.002699 
0.042537 0.240244 -3.328846 -0.348125 0.279869 0.002226 
0.054850 0.242340 -3.392508 -0.349064 0.280368 0.003896 
0.060793 0.255869 -3.569209 -0.349920 0.281125 0.006114 
0.066655 0.251659 -3.796100 -0.350899 0.282072 0.008174 
0.078144 0.251291 -4.033431 -0.351365 0.283079 0.010004 
0.082322 0.246271 -4.217071 -0.352033 0.284221 0.010807 
0.089976 0.247093 -4.151513 -0.352188 0.285015 0.009034 
0.082810 0.248288 -3.981112 -0.352515 0.285801 0.006066 
0.081406 0.246182 -3.790715 -0.352542 0.286351 0.003006 
0.080864 0.254124 -3.559893 -0.352821 0.286511 0.000206 
0.086493 0.259136 -3.394451 -0.352631 0.286353 -0.001153 
0.080455 0.264382 -3.458480 -0.352754 0.286122 0.000193 
0.082689 0.257279 -3.636778 -0.353114 0.285750 0.002728 
0.084305 0.249444 -3.836712 -0.353157 0.285577 0.005559 
0.084634 0.251443 -4.057998 -0.352808 0.285040 0.008588 
0.077001 0.249211 -4.215738 -0.352498 0.284545 0.010599 
0.080337 0.238807 -4.134368 -0.351769 0.284027 0.010015 
0.060318 0.242053 -3.927678 -0.350804 0.283373 0.007935 
0.047586 0.250608 -3.720182 -0.349958 0.282382 0.005649 
0.034886 0.258533 -3.471409 -0.349119 0.281576 0.003074 
0.036919 0.258748 -3.326549 -0.348320 0.280488 0.001482 
0.041285 0.258181 -3.410676 -0.347673 0.279515 0.002269 
0.054822 0.244280 -3.578489 -0.347432 0.278677 0.004269 
0.054893 0.237228 -3.806490 -0.347308 0.278231 0.006112 
0.056071 0.229130 -4.035092 -0.347351 0.278063 0.008275 
0.057694 0.210793 -4.220715 -0.347630 0.278359 0.009611 
0.058240 0.217405 -4.146960 -0.347749 0.278824 0.008601 
0.051486 0.219622 -3.958823 -0.348069 0.279415 0.006617 
0.045261 0.228817 -3.750284 -0.348342 0.280386 0.004540 
0.046719 0.234600 -3.519825 -0.348957 0.281105 0.002060 
0.043337 0.251298 -3.362262 -0.349815 0.282257 0.000485 
0.047259 0.248508 -3.433467 -0.350633 0.282907 0.001072 
0.047611 0.247164 -3.609570 -0.351920 0.284270 0.003284 
0.061217 0.247640 -3.826401 -0.353022 0.285068 0.005465 
0.067269 0.244257 -4.065063 -0.353994 0.285826 0.008160 
0.064272 0.237553 -4.221308 -0.354678 0.286442 0.010172 
0.058337 0.240413 -4.138495 -0.354988 0.286854 0.009708 
0.049552 0.236162 -3.962286 -0.354872 0.286982 0.008138 
0.038557 0.234131 -3.754529 -0.354421 0.286548 0.005955 
0.041135 0.240958 -3.535914 -0.353740 0.285925 0.003353 
0.035477 0.244978 -3.370554 -0.352759 0.284985 0.001562 
0.052689 0.236080 -3.453813 -0.351842 0.283918 0.001806 
0.063487 0.240261 -3.641629 -0.350831 0.282727 0.003254 
0.067537 0.232133 -3.850110 -0.350070 0.281486 0.005005 
0.065212 0.226703 -4.069876 -0.349293 0.280675 0.007172 
0.070185 0.216832 -4.236841 -0.348706 0.279898 0.008633 
0.060219 0.215383 -4.165594 -0.348244 0.279288 0.008265 
0.049655 0.213487 -3.959514 -0.347792 0.278852 0.006723 
0.040078 0.227200 -3.752767 -0.347390 0.278703 0.004971 
0.031312 0.232591 -3.514506 -0.347370 0.278538 0.003034 
0.038459 0.236829 -3.369614 -0.347505 0.278564 0.001981 
0.041294 0.234948 -3.421948 -0.347996 0.279029 0.002903 
0.052306 0.236613 -3.576352 -0.348613 0.279549 0.004169 
0.063754 0.228012 -3.783552 -0.349139 0.280549 0.006129 
0.068547 0.223825 -4.010986 -0.349797 0.281504 0.008184 
0.073467 0.235729 -4.196713 -0.350344 0.282650 0.009741 
0.067979 0.227828 -4.143689 -0.350728 0.283632 0.009027 
0.063032 0.236940 -3.965792 -0.351320 0.284598 0.007251 
0.063759 0.235414 -3.766971 -0.351824 0.285038 0.005171 
0.064976 0.241889 -3.546604 -0.352434 0.285569 0.002684 
0.064781 0.242105 -3.389299 -0.352762 0.285545 0.000893 
0.073427 0.254540 -3.450409 -0.352988 0.285498 0.001172 
0.083018 0.250340 -3.625452 -0.353485 0.285360 0.002530 
0.084686 0.250244 -3.832508 -0.353634 0.285284 0.004287 
0.085864 0.242146 -4.061110 -0.353677 0.285117 0.006450 
0.085819 0.242621 -4.228509 -0.353343 0.284954 0.008234 
0.076309 0.240547 -4.148007 -0.352885 0.284531 0.008193 
0.073739 0.242251 -3.964196 -0.352402 0.284237 0.007381 
0.048154 0.249752 -3.758927 -0.351731 0.283624 0.006057 
0.050734 0.257331 -3.502628 -0.350886 0.282903 0.004451 
0.038830 0.256778 -3.348462 -0.350101 0.282103 0.003186 
0.050743 0.250685 -3.412118 -0.349490 0.281454 0.003877 
0.048194 0.245581 -3.588623 -0.348874 0.280542 0.005120 
0.061165 0.238688 -3.785195 -0.348421 0.280000 0.006342 
0.060187 0.230769 -4.033153 -0.347982 0.279754 0.007839 
0.066512 0.218539 -4.197964 -0.347734 0.279538 0.008657 
0.056878 0.223112 -4.124891 -0.347229 0.279501 0.007535 
0.055204 0.223080 -3.948180 -0.347079 0.279580 0.005752 
0.047123 0.226898 -3.751264 -0.347068 0.279799 0.004097 
0.040814 0.238763 -3.533100 -0.347483 0.280101 0.002361 
0.035140 0.250573 -3.378144 -0.347894 0.280409 0.001536 
0.053693 0.257113 -3.460956 -0.348636 0.280773 0.002654 
0.060024 0.261792 -3.646888 -0.349715 0.281619 0.004648 
0.066504 0.258313 -3.852145 -0.351011 0.282367 0.006412 
0.072365 0.254104 -4.079037 -0.351990 0.283314 0.008472 
0.062937 0.241378 -4.242044 -0.353042 0.284353 0.009405 
0.057703 0.242299 -4.147223 -0.353527 0.285235 0.008304 
0.052186 0.236201 -3.959596 -0.354227 0.285814 0.006750 
0.051667 0.243485 -3.783271 -0.354186 0.286176 0.005183 
0.049844 0.252132 -3.514469 -0.353980 0.286247 0.003054 
0.047919 0.253287 -3.370858 -0.353659 0.286049 0.002209 
0.053868 0.250162 -3.465746 -0.353190 0.285735 0.003302 
0.059128 0.247961 -3.622403 -0.352550 0.285149 0.004666 
0.071006 0.241848 -3.830450 -0.351770 0.284427 0.006197 
0.068485 0.235463 -4.068791 -0.351000 0.283810 0.007702 
0.071307 0.225901 -4.224766 -0.349931 0.282950 0.008524 
0.066014 0.221308 -4.152336 -0.349005 0.282018 0.007401 
0.060750 0.216607 -3.965861 -0.348247 0.281164 0.005412 
0.041975 0.220922 -3.758323 -0.347756 0.280214 0.003344 
0.038465 0.225155 -3.531185 -0.347419 0.279250 0.001615 
0.037396 0.236228 -3.377495 -0.347349 0.278666 0.001006 
0.038397 0.238090 -3.452169 -0.347491 0.278195 0.002559 
0.047983 0.234513 -3.619873 -0.347823 0.277962 0.004888 
0.058542 0.237033 -3.818614 -0.348110 0.278304 0.007400 
0.062660 0.234025 -4.047126 -0.348598 0.278978 0.009776 
0.066167 0.230314 -4.201497 -0.349097 0.279835 0.010927 
0.060806 0.238505 -4.106765 -0.349370 0.281008 0.009716 
0.061639 0.243428 -3.928287 -0.349668 0.281931 0.007505 
0.055587 0.243706 -3.728140 -0.350163 0.282992 0.004884 
0.057937 0.248377 -3.497443 -0.350947 0.283991 0.002403 
0.059131 0.255089 -3.360776 -0.351389 0.284441 0.000808 
0.069676 0.248516 -3.453025 -0.352067 0.284951 0.001588 
0.086659 0.246819 -3.618617 -0.352382 0.285239 0.003055 
0.090111 0.244497 -3.825198 -0.352868 0.285723 0.004810 
0.092463 0.242827 -4.073599 -0.353026 0.286031 0.006848 
0.093986 0.241009 -4.239683 -0.353029 0.286428 0.008309 
0.099981 0.237410 -4.167172 -0.352894 0.286278 0.007618 
0.090350 0.242634 -3.990986 -0.352551 0.286129 0.005945 
0.079599 0.249919 -3.764438 -0.352035 0.285504 0.004318 
0.061937 0.253317 -3.527155 -0.351712 0.284829 0.002596 
0.051541 0.262262 -3.372766 -0.351341 0.283735 0.001559 
0.064524 0.266154 -3.427180 -0.350981 0.282701 0.002807 
0.071172 0.257487 -3.594975 -0.350867 0.281626 0.004922 
0.063245 0.247458 -3.793369 -0.350609 0.280944 0.007004 
0.062223 0.241186 -4.032845 -0.350158 0.280317 0.009157 
0.061001 0.225225 -4.189141 -0.349780 0.280057 0.010515 
0.050474 0.230911 -4.116306 -0.349107 0.279740 0.009394 
0.045974 0.232367 -3.929683 -0.348306 0.279456 0.007294 
0.049718 0.236238 -3.732227 -0.347644 0.279592 0.004986 
0.047256 0.244290 -3.503329 -0.347281 0.279768 0.002496 
0.038512 0.248272 -3.357251 -0.347105 0.279903 0.000796 
0.047754 0.242541 -3.429790 -0.347458 0.280230 0.001591 
0.050971 0.241039 -3.616118 -0.347939 0.280522 0.003365 
0.063710 0.241868 -3.822255 -0.348879 0.281229 0.005232 
0.069547 0.238418 -4.060078 -0.349852 0.281987 0.007607 
0.059442 0.226872 -4.224163 -0.350735 0.282746 0.008861 
0.055903 0.228109 -4.149586 -0.351697 0.283523 0.008074 
0.058652 0.233545 -3.961843 -0.352472 0.284336 0.006523 
0.052315 0.236161 -3.763308 -0.352951 0.284828 0.004551 
0.051394 0.209832 -3.521575 -0.353472 0.285165 0.001533 
0.047759 0.157680 -3.383009 -0.353367 0.285622 -0.001272 
0.064443 0.125623 -3.454232 -0.352134 0.286170 -0.002122 
0.074265 0.140246 -3.631372 -0.350248 0.286615 -0.001551 
0.077431 0.202529 -3.800081 -0.348031 0.286744 -0.000417 
0.083279 0.248120 -4.000995 -0.346570 0.286853 0.001873 
0.060896 0.276804 -4.139325 -0.345570 0.287143 0.003787 
0.051884 0.259499 -4.048550 -0.345540 0.286326 0.003974 
0.049237 0.207792 -3.843933 -0.346076 0.284666 0.003618 
0.062758 0.174283 -3.609420 -0.346957 0.282611 0.003733 
0.077358 0.163850 -3.344822 -0.347677 0.281128 0.003874 
0.091075 0.176975 -3.154033 -0.347585 0.280057 0.004588 
0.097685 0.216935 -3.169417 -0.346816 0.279557 0.006194 
0.094481 0.249198 -3.296612 -0.345138 0.279902 0.007249 
0.084909 0.273657 -3.420782 -0.343680 0.281147 0.007225 
0.083695 0.282995 -3.603419 -0.342643 0.282906 0.006501 
0.075353 0.288900 -3.701714 -0.341960 0.284508 0.004784 
0.067294 0.314048 -3.562700 -0.341637 0.285603 0.001786 
0.059729 0.367733 -3.311980 -0.341438 0.285926 -0.001093 
0.061372 0.437246 -3.042493 -0.341766 0.285425 -0.002968 
0.065710 0.499581 -2.773507 -0.342946 0.284615 -0.004080 
0.042393 0.556221 -2.579003 -0.344499 0.283244 -0.003528 
0.019704 0.578888 -2.666566 -0.345953 0.281900 0.000090 
0.004073 0.564769 -2.862247 -0.347333 0.280319 0.006176 
-0.024911 0.542090 -3.104708 -0.348618 0.278935 0.014574 
-0.096292 0.535736 -3.377989 -0.349168 0.278059 0.026584 
-0.188060 0.557703 -3.606743 -0.349210 0.277720 0.040667 
-0.304378 0.611141 -3.629344 -0.348574 0.277057 0.053112 
-0.429135 0.671637 -3.534459 -0.348221 0.275671 0.063528 
-0.537913 0.724538 -3.449467 -0.349198 0.273780 0.070849 
-0.659105 0.727988 -3.330697 -0.352301 0.271460 0.074355 
-0.801984 0.710668 -3.250806 -0.356526 0.268897 0.074087 
-0.990141 0.684704 -3.415983 -0.360988 0.266196 0.070826 
-1.202488 0.678823 -3.653759 -0.365159 0.263582 0.064184 
-1.376720 0.683758 -3.893582 -0.370197 0.261081 0.054982 
-1.514841 0.730048 -4.259715 -0.378611 0.257505 0.049931 
-1.693642 0.848124 -4.473142 -0.385906 0.253475 0.051894 
-1.815541 0.982988 -4.361864 -0.385829 0.246836 0.060596 
-1.921628 1.027291 -4.135046 -0.382846 0.237940 0.073522 
-2.018542 0.990749 -3.783275 -0.380596 0.231506 0.085323 
-2.101514 0.938294 -3.432158 -0.377649 0.225430 0.089060 
-2.279096 0.952657 -3.341822 -0.372189 0.219962 0.078625 
-2.425609 1.051401 -3.515755 -0.362736 0.217874 0.057927 
-2.555760 1.094130 -3.813768 -0.354465 0.216899 0.034854 
-2.629212 1.095050 -4.102197 -0.349348 0.215898 0.017820 
-2.673293 1.058706 -4.406448 -0.350097 0.216321 0.014444 
-2.757720 1.038249 -4.692185 -0.354291 0.215517 0.021989 
-2.840300 1.097885 -4.701192 -0.354877 0.211739 0.030211 
-2.907842 1.050948 -4.548392 -0.356855 0.207405 0.039303 
-2.995630 0.966620 -4.363018 -0.364416 0.206343 0.051030 
-3.054041 0.956625 -4.033403 -0.373696 0.206417 0.059168 
-3.127370 1.021114 -3.843536 -0.380689 0.207499 0.061170 
-3.142394 1.151282 -3.994610 -0.385888 0.211098 0.052663 
-3.126238 1.276368 -4.250646 -0.390300 0.216485 0.037062 
-3.138330 1.296594 -4.460455 -0.393701 0.222118 0.022298 
-3.187088 1.298379 -4.662230 -0.396447 0.227531 0.011816 
-3.253300 1.302957 -4.779655 -0.398865 0.233833 0.007611 
-3.261454 1.368321 -4.633203 -0.397775 0.236971 0.012858 
-3.231831 1.438514 -4.395070 -0.393253 0.235930 0.023648 
-3.225870 1.444486 -4.198947 -0.390157 0.234467 0.039763 
-3.254603 1.390984 -3.992652 -0.389107 0.232064 0.053332 
-3.330125 1.327333 -3.840583 -0.388315 0.226433 0.057029 
-3.375955 1.330953 -3.961018 -0.387179 0.218829 0.052497 
-3.336764 1.390234 -4.204555 -0.385438 0.211332 0.044222 
-3.262910 1.473842 -4.409911 -0.382381 0.201584 0.032241 
-3.238058 1.487512 -4.575742 -0.380489 0.191762 0.021357 
-3.278412 1.487587 -4.643540 -0.380665 0.185064 0.016877 
-3.380930 1.503693 -4.503199 -0.380615 0.180218 0.014061 
-3.485132 1.545560 -4.258108 -0.378621 0.175681 0.016459 
-3.509969 1.560364 -3.995198 -0.376933 0.173739 0.023549 
-3.502334 1.551766 -3.698456 -0.377646 0.174419 0.030663 
-3.551050 1.548982 -3.419850 -0.377867 0.176175 0.040536 
-3.606521 1.558405 -3.368502 -0.377032 0.178576 0.043549 
-3.649100 1.535316 -3.467292 -0.376415 0.182414 0.041903 
-3.609214 1.502590 -3.618080 -0.375333 0.185957 0.036448 
-3.498618 1.478407 -3.794223 -0.374149 0.189007 0.028939 
-3.456987 1.427066 -3.944267 -0.375124 0.192154 0.028444 
-3.452530 1.440906 -3.912230 -0.377602 0.195939 0.025362 
-3.485034 1.521203 -3.800839 -0.379313 0.197142 0.026684 
-3.458236 1.526769 -3.688680 -0.381515 0.196550 0.024033 
-3.417036 1.520629 -3.534124 -0.383630 0.194800 0.024533 
-3.430764 1.534934 -3.472656 -0.387237 0.190567 0.015367 
-3.422303 1.522838 -3.571714 -0.391646 0.184872 0.017767 
-3.355592 1.518868 -3.771655 -0.396120 0.178881 0.019978 
-3.225652 1.538050 -4.002503 -0.399261 0.171825 0.037065 
-3.074441 1.515323 -4.248330 -0.401237 0.166049 0.058914 
-3.020022 1.416548 -4.403583 -0.401236 0.162453 0.087299 
-3.052208 1.349316 -4.323860 -0.400116 0.160576 0.106537 
-3.030911 1.293372 -4.101916 -0.397291 0.161934 0.120368 
-2.968126 1.234446 -3.853392 -0.392699 0.164610 0.126564 
-2.875479 1.228399 -3.602560 -0.385955 0.167936 0.118804 
-2.903121 1.165054 -3.430385 -0.379684 0.173028 0.102583 
-3.045526 1.055232 -3.449449 -0.374605 0.177854 0.075056 
-3.189717 0.970714 -3.578038 -0.370467 0.180128 0.043736 
-3.250213 0.919160 -3.741240 -0.368615 0.180315 0.019531 
-3.124205 0.904557 -3.933440 -0.369441 0.177030 0.004393 
-3.027348 0.925338 -4.055933 -0.372119 0.170066 0.006878 
-2.966572 0.976560 -3.945184 -0.376055 0.161934 0.025906 
-3.046637 0.965370 -3.792650 -0.382120 0.154770 0.053657 
-3.139129 0.927327 -3.628996 -0.386612 0.147209 0.083854 
-3.177553 0.940202 -3.444036 -0.389754 0.141192 0.108795 
-3.098529 0.990915 -3.402254 -0.393362 0.137338 0.126530 
-2.928188 1.068553 -3.564053 -0.396562 0.135259 0.136352 
-2.912510 1.114011 -3.785100 -0.398476 0.135556 0.125271 
-2.967597 1.140582 -4.014366 -0.399446 0.137934 0.097199 
-3.046423 1.084457 -4.281719 -0.399885 0.141315 0.071509 
-3.001193 1.015702 -4.351869 -0.399545 0.144667 0.051110 
-2.994037 0.971995 -4.192301 -0.400023 0.148099 0.044334 
-3.157448 0.891842 -3.933251 -0.401176 0.150818 0.054488 
-3.372462 0.827437 -3.589892 -0.401605 0.151230 0.070957 
-3.403128 0.751244 -3.260420 -0.401365 0.149585 0.088271 
-3.202836 0.614961 -3.083774 -0.399957 0.146031 0.104778 
-2.948054 0.590208 -3.120846 -0.395958 0.140517 0.104618 
-2.913111 0.520728 -3.292727 -0.391916 0.134897 0.094150 
-2.981616 0.441239 -3.478102 -0.386240 0.130846 0.076124 
-2.988519 0.417022 -3.665960 -0.378208 0.126591 0.061406 
-2.786257 0.451183 -3.846925 -0.368034 0.120913 0.054197 
-2.512451 0.480654 -3.842353 -0.359783 0.116272 0.066351 
-2.359486 0.602344 -3.683680 -0.351600 0.110798 0.089842 
-2.362741 0.647464 -3.543085 -0.348063 0.106488 0.119462 
-2.383034 0.611136 -3.389633 -0.348972 0.105492 0.142871 
-2.465087 0.518301 -3.286705 -0.351927 0.103906 0.144273 
-2.630965 0.452083 -3.434857 -0.356503 0.102252 0.130491 
-2.675881 0.435013 -3.688965 -0.363878 0.101669 0.104655 
-2.670600 0.468168 -3.848926 -0.374248 0.100079 0.083691 
-2.548413 0.584778 -3.932512 -0.384446 0.097619 0.072264 
-2.523901 0.700669 -3.986568 -0.394704 0.097585 0.072849 
-2.624491 0.728757 -3.846663 -0.402286 0.097517 0.078890 
-2.644020 0.682083 -3.580316 -0.406495 0.098175 0.084409 
-2.544031 0.581118 -3.380382 -0.410055 0.102176 0.083360 
-2.462960 0.519104 -3.154976 -0.410622 0.105843 0.078450 
-2.400639 0.573724 -2.920587 -0.407164 0.108736 0.071615 
-2.317728 0.613329 -3.033127 -0.402495 0.112110 0.068635 
-2.205231 0.567646 -3.249781 -0.394700 0.113281 0.080089 
-2.217392 0.375194 -3.434499 -0.384149 0.111065 0.096980 
-2.225379 0.146388 -3.747852 -0.376577 0.106994 0.110810 
-2.109472 -0.092448 -3.954999 -0.372226 0.101051 0.113210 
-1.798265 -0.221241 -3.863030 -0.366041 0.092381 0.100893 
-1.527627 -0.226733 -3.728537 -0.360786 0.084122 0.080955 
-1.439904 -0.219294 -3.628765 -0.356832 0.077532 0.059824 
-1.357773 -0.234475 -3.399857 -0.352398 0.071370 0.054865 
-1.150222 -0.261427 -3.231447 -0.348931 0.068968 0.073297 
-0.869297 -0.273990 -3.310403 -0.345949 0.069560 0.105002 
-0.640385 -0.240011 -3.447369 -0.343956 0.073213 0.132372 
-0.609707 -0.230779 -3.635011 -0.344186 0.081286 0.149496 
-0.709213 -0.314593 -3.875721 -0.345151 0.092502 0.152257 
-0.974065 -0.422488 -3.969618 -0.345110 0.103083 0.133262 
-1.067797 -0.483537 -3.892867 -0.348831 0.112048 0.101845 
-0.964504 -0.438643 -3.748393 -0.356354 0.117853 0.074366 
-0.841896 -0.303389 -3.501494 -0.364030 0.118313 0.058762 
-0.889177 -0.204439 -3.294765 -0.373496 0.115682 0.060119 
-0.990145 -0.262388 -3.261349 -0.384244 0.109470 0.066580 
-0.933723 -0.325094 -3.416077 -0.392992 0.100463 0.073837 
-0.769165 -0.457220 -3.647800 -0.398303 0.092038 0.088548 
-0.587592 -0.451913 -3.864135 -0.399745 0.082594 0.098992 
-0.514307 -0.400094 -4.090569 -0.398512 0.074600 0.107789 
-0.517046 -0.388949 -4.173139 -0.393920 0.069514 0.125081 
-0.548469 -0.528339 -4.029160 -0.385112 0.067128 0.145521 
-0.641197 -0.667275 -3.797055 -0.371363 0.065427 0.152233 
-0.549648 -0.804624 -3.646539 -0.359108 0.065658 0.140317 
-0.254698 -0.894595 -3.452261 -0.348177 0.067225 0.116122 
0.013383 -0.855018 -3.278202 -0.336834 0.069892 0.087980 
0.133193 -0.840032 -3.381088 -0.328470 0.074862 0.059189 
0.174750 -0.880116 -3.593941 -0.322619 0.080871 0.043071 
0.323070 -0.902221 -3.804262 -0.319146 0.088478 0.050670 
0.466272 -0.949510 -4.086148 -0.317609 0.097411 0.082980 
0.531939 -0.897097 -4.247660 -0.318795 0.106252 0.121807 
0.403743 -0.810544 -4.143857 -0.325820 0.114954 0.144784 
0.218489 -0.760868 -3.929361 -0.336040 0.120542 0.150985 
-0.035041 -0.759539 -3.701075 -0.347445 0.123021 0.145118 
-0.290417 -0.770851 -3.468236 -0.359909 0.121066 0.119052 
-0.396954 -0.782481 -3.370496 -0.374689 0.112623 0.088253 
-0.358054 -0.703305 -3.425362 -0.388570 0.099891 0.065110 
-0.337247 -0.598632 -3.559714 -0.399861 0.087061 0.059135 
-0.356421 -0.502745 -3.734076 -0.407535 0.072712 0.058449 
-0.373735 -0.489370 -3.984734 -0.407911 0.060147 0.054637 
-0.231485 -0.526873 -4.202525 -0.402288 0.051712 0.053045 
-0.051263 -0.664579 -4.160591 -0.389166 0.048019 0.055110 
0.068802 -0.704563 -3.921200 -0.370745 0.048881 0.055646 
0.108293 -0.744560 -3.691759 -0.352533 0.055965 0.063724 
0.133353 -0.783187 -3.394520 -0.332715 0.066801 0.083374 
0.088580 -0.906115 -3.194083 -0.313203 0.078306 0.109126 
0.003552 -1.076590 -3.348164 -0.298373 0.088081 0.122425 
0.062688 -1.242614 -3.605384 -0.291307 0.095363 0.110471 
0.264165 -1.282317 -3.847927 -0.290343 0.098796 0.085630 
0.440654 -1.223294 -4.140040 -0.294643 0.100436 0.060353 
0.445712 -1.148933 -4.232881 -0.303443 0.101345 0.039734 
0.395609 -1.115592 -4.066906 -0.315307 0.101539 0.023020 
0.461872 -1.030595 -3.821199 -0.329151 0.102968 0.023561 
0.522950 -0.972317 -3.592880 -0.340447 0.104749 0.040654 
0.482283 -0.810088 -3.388474 -0.350590 0.108148 0.054737 
0.291224 -0.675974 -3.383621 -0.361819 0.114015 0.052765 
0.011546 -0.616968 -3.517183 -0.369762 0.116464 0.043562 
-0.300071 -0.577109 -3.633073 -0.375129 0.117106 0.025985 
-0.534036 -0.599715 -3.821926 -0.379760 0.115937 0.004680 
-0.624139 -0.563154 -4.079421 -0.384526 0.109786 -0.013283 
-0.477445 -0.441696 -4.149549 -0.384859 0.096957 -0.016366 
-0.282925 -0.286043 -3.969262 -0.383483 0.082755 -0.003794 
-0.296607 -0.310762 -3.786622 -0.382213 0.070505 0.007730 
-0.425548 -0.450932 -3.614793 -0.377810 0.060808 0.005510 
-0.418993 -0.621351 -3.397237 -0.369048 0.056267 0.001683 
-0.198288 -0.812708 -3.279247 -0.356609 0.056460 0.001824 
0.056015 -0.863205 -3.307091 -0.340583 0.061681 0.008756 
0.284569 -0.803918 -3.450633 -0.324922 0.073564 0.021249 
0.418265 -0.739546 -3.608749 -0.311047 0.088134 0.040488 
0.386139 -0.816542 -3.870378 -0.302117 0.102656 0.056019 
0.200680 -0.931847 -4.137028 -0.298857 0.117905 0.054029 
0.064550 -1.057784 -4.214778 -0.301282 0.128994 0.030240 
0.141054 -1.041896 -4.109671 -0.307094 0.133443 -0.002655 
0.399052 -0.856353 -3.868580 -0.316754 0.133419 -0.034191 
0.515645 -0.701718 -3.578739 -0.332177 0.131307 -0.060863 
0.466845 -0.562682 -3.349793 -0.348441 0.128084 -0.075015 
0.410759 -0.472259 -3.291687 -0.362781 0.123630 -0.063828 
0.358761 -0.452512 -3.424800 -0.375671 0.118799 -0.034839 
0.236849 -0.329630 -3.697168 -0.384817 0.116919 -0.005369 
-0.016446 -0.115843 -4.005650 -0.389866 0.115613 0.016113 
-0.294154 -0.005869 -4.200397 -0.394700 0.112876 0.032623 
-0.557053 0.009631 -4.118114 -0.401333 0.109070 0.037253 
-0.826802 -0.067944 -3.926732 -0.407502 0.099992 0.038774 
-0.978996 -0.158001 -3.756660 -0.409988 0.087523 0.046037 
-0.899433 -0.157444 -3.547495 -0.406076 0.074918 0.057232 
-0.616429 -0.135022 -3.372653 -0.396266 0.059647 0.058152 
-0.422706 -0.263293 -3.403592 -0.386438 0.047143 0.048191 
-0.356617 -0.398458 -3.556217 -0.373042 0.042695 0.023832 
-0.300150 -0.514409 -3.686099 -0.353576 0.043004 -0.005791 
-0.066924 -0.662823 -3.860590 -0.332950 0.050309 -0.027638 
0.252834 -0.768157 -3.931932 -0.312944 0.065256 -0.038631 
0.510123 -0.746264 -3.790406 -0.297390 0.082124 -0.034759 
0.624257 -0.771985 -3.538625 -0.287398 0.099990 -0.011112 
0.577704 -0.872814 -3.416415 -0.286383 0.120094 0.009832 
0.331372 -0.985848 -3.409599 -0.290872 0.138598 0.012985 
0.178470 -1.108956 -3.475433 -0.297622 0.149929 0.006961 
0.212446 -1.083253 -3.658387 -0.310279 0.153891 -0.004084 
0.389016 -0.865216 -3.785711 -0.326803 0.152807 -0.017788 
0.475721 -0.665853 -3.912938 -0.347043 0.148526 -0.024862 
0.386051 -0.560137 -3.989714 -0.364180 0.140877 -0.018100 
0.271400 -0.488486 -4.030832 -0.379158 0.129475 -0.006807 
0.222519 -0.536573 -3.966482 -0.395268 0.119454 0.003237 
0.082051 -0.455048 -3.853253 -0.404417 0.111084 0.009612 
-0.123769 -0.209634 -3.696609 -0.404419 0.102856 0.009202 
-0.335216 -0.139173 -3.577172 -0.403565 0.095064 0.002665 
-0.459823 -0.123116 -3.482559 -0.403366 0.087786 -0.005847 
-0.644477 -0.174811 -3.566346 -0.400448 0.078076 -0.005971 
-0.733357 -0.325960 -3.800223 -0.392860 0.070676 0.008966 
-0.630317 -0.446649 -3.966444 -0.377876 0.064824 0.027694 
-0.363609 -0.588350 -4.105890 -0.361341 0.055497 0.035079 
-0.133008 -0.772295 -4.186835 -0.346260 0.051052 0.028418 
-0.044129 -0.850746 -4.033159 -0.327647 0.053533 0.014907 
0.071845 -0.865710 -3.735774 -0.306975 0.059083 -0.000773 
0.396591 -0.960094 -3.441951 -0.289796 0.069360 -0.009640 
0.684997 -0.996586 -3.111917 -0.279626 0.082597 -0.008298 
0.839953 -0.894041 -2.953560 -0.276097 0.097927 0.009228 
0.933352 -0.850126 -3.117247 -0.280878 0.116476 0.031159 
0.871305 -0.842436 -3.437243 -0.290981 0.133117 0.039112 
0.630274 -0.824943 -3.850440 -0.304816 0.146681 0.027468 
0.474537 -0.886104 -4.272314 -0.321885 0.155868 0.009660 
0.445110 -0.835001 -4.559819 -0.344850 0.160722 -0.020400 
0.541776 -0.551059 -4.428412 -0.365798 0.159580 -0.048474 
0.666562 -0.336008 -4.129410 -0.387374 0.154494 -0.058689 
0.607302 -0.216894 -3.826932 -0.406991 0.146772 -0.051883 
0.442642 -0.101454 -3.487278 -0.421067 0.136647 -0.039415 
0.270593 -0.138559 -3.345927 -0.432674 0.125775 -0.026672 
0.072525 -0.152807 -3.518434 -0.437851 0.116582 -0.014516 
-0.100654 -0.029673 -3.756588 -0.432881 0.107975 0.000696 
-0.192124 0.007024 -3.924145 -0.424133 0.099052 0.021022 
-0.215124 -0.021973 -4.092786 -0.414362 0.091630 0.040747 
-0.364063 -0.106728 -4.157507 -0.400561 0.083147 0.060818 
-0.561922 -0.345842 -4.066225 -0.382257 0.075976 0.079911 
-0.486932 -0.588753 -3.850356 -0.358853 0.071152 0.082265 
-0.193969 -0.747829 -3.563112 -0.334903 0.064310 0.064667 
0.108906 -0.852979 -3.213693 -0.313470 0.058909 0.032692 
0.281257 -0.924431 -2.988169 -0.294609 0.060082 -0.004658 
0.439521 -0.881612 -3.016556 -0.277514 0.064115 -0.040573 
0.720956 -0.870072 -3.176215 -0.264575 0.071048 -0.058792 
0.972054 -0.892510 -3.392754 -0.261849 0.081670 -0.048653 
1.080831 -0.796329 -3.763178 -0.268486 0.096539 -0.019732 
1.050143 -0.759018 -4.142654 -0.282534 0.115123 0.009663 
0.967657 -0.781559 -4.225450 -0.301874 0.133585 0.025967 
0.698767 -0.819684 -4.177184 -0.324820 0.150316 0.021980 
0.518300 -0.859137 -4.142536 -0.352388 0.163810 0.003073 
0.428208 -0.819219 -3.947108 -0.378706 0.171514 -0.019589 
0.504411 -0.498971 -3.685327 -0.398611 0.172737 -0.036213 
0.517699 -0.253498 -3.688391 -0.416322 0.168423 -0.034082 
0.367682 -0.165586 -3.819914 -0.431044 0.160243 -0.027294 
0.127268 -0.091341 -3.920424 -0.440611 0.148386 -0.023841 
0.000503 -0.152364 -4.107719 -0.445911 0.134559 -0.013596 
-0.088140 -0.191701 -4.205893 -0.443004 0.120666 -0.004143 
-0.167943 -0.066117 -4.069729 -0.430588 0.105215 -0.004947 
-0.213550 -0.113108 -3.869279 -0.415029 0.089924 -0.005712 
-0.218856 -0.194969 -3.632621 -0.396318 0.077506 0.000534 
-0.380160 -0.384234 -3.372785 -0.372987 0.066161 0.018046 
-0.468053 -0.675245 -3.305875 -0.347911 0.057823 0.034000 
-0.354504 -0.924011 -3.440352 -0.321613 0.050867 0.036674 
-0.096458 -1.001106 -3.594598 -0.296275 0.045064 0.032107 
0.254993 -1.073334 -3.765610 -0.277284 0.044909 0.026052 
0.417281 -1.130876 -3.945944 -0.265378 0.048538 0.008919 
0.531873 -1.141585 -4.042462 -0.255590 0.055272 -0.011770 
0.714481 -1.119813 -3.907586 -0.254062 0.066220 -0.014912 
0.810292 -1.084560 -3.723306 -0.261974 0.082482 0.000200 
0.827875 -0.908579 -3.632617 -0.277300 0.102210 0.009686 
0.814052 -0.769104 -3.519696 -0.297566 0.122407 0.013884 
0.690457 -0.659438 -3.442524 -0.320356 0.140477 0.010388 
0.425222 -0.631112 -3.633849 -0.348450 0.157305 -0.006994 
0.224102 -0.658443 -3.938994 -0.379627 0.171262 -0.033105 
0.199580 -0.591232 -4.083452 -0.406017 0.176848 -0.053558 
0.260344 -0.280738 -4.156549 -0.424850 0.174517 -0.058866 
0.285967 -0.088300 -4.279264 -0.442431 0.168322 -0.042044 
0.084833 -0.033918 -4.192085 -0.455014 0.156748 -0.027033 
-0.125166 0.013541 -4.001642 -0.457848 0.139387 -0.018880 
-0.191225 -0.008291 -3.882674 -0.453364 0.121406 -0.004066 
-0.121121 -0.004443 -3.672744 -0.441069 0.103157 0.013288 
-0.073160 0.082771 -3.476744 -0.420968 0.083856 0.023269 
0.017208 0.076079 -3.501029 -0.397154 0.068182 0.036999 
0.011933 -0.080686 -3.589153 -0.370911 0.056591 0.061469 
-0.102392 -0.332620 -3.689969 -0.343154 0.048204 0.081762 
-0.089910 -0.646654 -3.927784 -0.316890 0.045282 0.081064 
0.076187 -0.878560 -4.006912 -0.292548 0.044512 0.063377 
0.363800 -0.849791 -3.790284 -0.270340 0.045902 0.035009 
0.643297 -0.864807 -3.600617 -0.258096 0.053614 -0.000183 
0.712770 -0.862495 -3.410243 -0.253732 0.064985 -0.038067 
0.782196 -0.794273 -3.136168 -0.255657 0.078498 -0.061093 
0.921425 -0.781281 -3.007728 -0.266753 0.094536 -0.049742 
1.051546 -0.721793 -3.211284 -0.287151 0.114165 -0.021613 
1.046514 -0.599409 -3.539588 -0.312649 0.135910 -0.000367 
1.020414 -0.509148 -3.854397 -0.339350 0.154708 0.012781 
0.816904 -0.483525 -4.213718 -0.367092 0.171735 0.012828 
0.530799 -0.488261 -4.466584 -0.396067 0.185461 0.000362 
0.344860 -0.541308 -4.445183 -0.422281 0.192777 -0.017870 
0.306461 -0.385700 -4.150526 -0.438425 0.190822 -0.030152 
0.326134 -0.140509 -3.862323 -0.446018 0.182905 -0.025741 
0.297732 -0.059647 -3.569130 -0.453822 0.167043 -0.015079 
0.098923 -0.084006 -3.396234 -0.451689 0.147471 -0.011310 
-0.073918 -0.111625 -3.422981 -0.439586 0.125265 -0.011373 
-0.056480 -0.195319 -3.587399 -0.422458 0.106038 -0.009230 
0.038716 -0.236300 -3.720786 -0.397270 0.085134 -0.012618 
0.172845 -0.231958 -3.846414 -0.367565 0.066466 -0.018220 
0.265936 -0.382651 -3.921041 -0.336725 0.053404 -0.005909 
0.310868 -0.520700 -3.790066 -0.307442 0.046995 0.021544 
0.274541 -0.811814 -3.573339 -0.281385 0.045360 0.041070 
0.341034 -1.096102 -3.350337 -0.259889 0.045932 0.045418 
0.418071 -1.190633 -3.132265 -0.244775 0.050684 0.036594 
0.593553 -1.127652 -3.122670 -0.239101 0.061124 0.020546 
0.770077 -1.081181 -3.415960 -0.244783 0.073857 -0.000232 
0.834977 -1.017000 -3.643327 -0.257160 0.087939 -0.018388 
0.916259 -0.936276 -3.829365 -0.276803 0.103841 -0.020439 
1.029280 -0.870124 -4.162024 -0.305683 0.123853 -0.007090 
1.068283 -0.752277 -4.353740 -0.336663 0.144658 0.000423 
1.048168 -0.477337 -4.255090 -0.364336 0.161879 -0.000013 
0.884494 -0.276383 -4.161477 -0.391972 0.176612 -0.009992 
0.618218 -0.096121 -4.065669 -0.419974 0.189073 -0.028089 
0.271167 -0.137104 -3.844786 -0.444760 0.195101 -0.049575 
0.039955 -0.191618 -3.705694 -0.462968 0.191648 -0.063092 
-0.062840 -0.245950 -3.741778 -0.474325 0.180303 -0.052547 
-0.020997 -0.220532 -3.831845 -0.477308 0.162869 -0.026532 
0.029503 -0.192692 -3.949089 -0.469979 0.141563 -0.004511 
-0.056226 -0.234861 -4.165121 -0.453250 0.118136 0.010423 
-0.140962 -0.284893 -4.297230 -0.425653 0.094497 0.017008 
-0.112876 -0.400474 -4.159458 -0.391719 0.073249 0.016484 
-0.002343 -0.550355 -3.931391 -0.354612 0.054927 0.009932 
0.154366 -0.621750 -3.595640 -0.315969 0.041675 0.011357 
0.251039 -0.673383 -3.190593 -0.279795 0.033273 0.030418 
0.304389 -0.826718 -3.054953 -0.252713 0.032419 0.049368 
0.383293 -1.002111 -3.152626 -0.233806 0.038060 0.053897 
0.416977 -1.233420 -3.315208 -0.222553 0.042147 0.045724 
0.531712 -1.298994 -3.511911 -0.221507 0.051720 0.022346 
0.674149 -1.196927 -3.943215 -0.234534 0.068714 -0.010685 
0.779004 -0.995607 -4.229787 -0.256536 0.086174 -0.042455 
0.808632 -0.775714 -4.096785 -0.283291 0.104513 -0.060819 
0.918668 -0.616336 -3.899997 -0.316691 0.124104 -0.056771 
0.981169 -0.516305 -3.799118 -0.355352 0.146512 -0.043773 
1.127332 -0.364227 -3.586689 -0.389748 0.167952 -0.037471 
1.112109 -0.055544 -3.495399 -0.417017 0.182005 -0.035081 
0.966785 0.255811 -3.699709 -0.442879 0.194622 -0.032727 
0.778573 0.451722 -3.977062 -0.466197 0.203383 -0.035085 
0.564094 0.479032 -4.167357 -0.482197 0.202584 -0.044303 
0.479587 0.423505 -4.375853 -0.489209 0.194084 -0.044619 
0.637064 0.397898 -4.433694 -0.489758 0.177995 -0.029057 
0.901787 0.499796 -4.203693 -0.481002 0.156773 -0.020789 
1.143126 0.627067 -3.927152 -0.461635 0.132180 -0.021597 
1.208848 0.531159 -3.711728 -0.435101 0.108245 -0.031235 
1.250188 0.428072 -3.461258 -0.400444 0.088950 -0.056139 
1.469406 0.324802 -3.346429 -0.362950 0.074263 -0.082012 
1.842043 0.216703 -3.431361 -0.327806 0.066858 -0.100394 
2.176096 0.230597 -3.459094 -0.295203 0.066016 -0.100268 
2.359725 0.220401 -3.506742 -0.269120 0.070185 -0.072779 
2.522346 0.204999 -3.713244 -0.252721 0.080659 -0.028839 
2.657949 0.136583 -3.933294 -0.247648 0.096623 0.007993 
2.779896 -0.008108 -3.997097 -0.253745 0.114669 0.023198 
2.892078 -0.100507 -3.928535 -0.269943 0.134362 0.021625 
3.024594 -0.028778 -3.799064 -0.296397 0.154588 -0.000053 
3.170640 0.253111 -3.604504 -0.329248 0.176406 -0.026549 
3.281230 0.557685 -3.436916 -0.365494 0.196562 -0.055774 
3.304829 0.724007 -3.508041 -0.402265 0.212620 -0.082414 
3.272546 0.777233 -3.733136 -0.434061 0.226597 -0.092232 
3.277224 0.885563 -4.028830 -0.461741 0.237800 -0.089147 
3.362565 1.089029 -4.339852 -0.481301 0.244504 -0.073566 
3.367610 1.227111 -4.501838 -0.495427 0.247798 -0.064143 
3.211834 1.323442 -4.319252 -0.500954 0.246809 -0.056124 
3.107762 1.402150 -4.028144 -0.495489 0.241322 -0.058002 
3.139661 1.431072 -3.775302 -0.480001 0.229711 -0.063453 
3.220831 1.388914 -3.507571 -0.459841 0.213123 -0.077623 
3.228116 1.224943 -3.345419 -0.435911 0.192525 -0.092584 
3.145645 1.045562 -3.417317 -0.406822 0.170017 -0.102657 
3.076294 0.938269 -3.477667 -0.374157 0.148547 -0.092276 
3.171028 0.916802 -3.548660 -0.343684 0.130012 -0.064937 
3.361368 0.860683 -3.678504 -0.320628 0.116071 -0.026135 
3.489987 0.789705 -3.651149 -0.301103 0.105860 0.005090 
3.547050 0.710427 -3.499481 -0.287481 0.101441 0.019502 
3.560666 0.599298 -3.398381 -0.281353 0.105205 0.015010 
3.542993 0.555310 -3.313598 -0.284264 0.115780 -0.000772 
3.572842 0.593175 -3.128565 -0.296388 0.130313 -0.025672 
3.652400 0.692338 -3.066100 -0.315923 0.148269 -0.045434 
3.740566 0.881010 -3.197946 -0.341889 0.169854 -0.064197 
3.830082 1.003785 -3.453393 -0.370396 0.191730 -0.069011 
3.936543 1.006364 -3.750944 -0.400378 0.210756 -0.076217 
3.927572 1.011980 -4.075059 -0.424770 0.226141 -0.068792 
3.993033 1.066790 -4.358743 -0.449900 0.242844 -0.057031 
4.125971 1.203576 -4.381966 -0.467831 0.256329 -0.036940 
4.172154 1.338783 -4.221366 -0.478758 0.266581 -0.017830 
4.132040 1.392190 -4.001636 -0.484527 0.274330 -0.005288 
4.036191 1.305525 -3.773701 -0.483120 0.277502 -0.012259 
3.938342 1.223948 -3.659564 -0.472186 0.274680 -0.028192 
3.898797 1.175731 -3.832364 -0.456951 0.266416 -0.057122 
3.845295 1.140349 -4.041060 -0.438571 0.253015 -0.081776 
3.718022 1.190408 -4.201429 -0.418023 0.234435 -0.102463 
3.584192 1.216281 -4.346653 -0.397161 0.212945 -0.113469 
3.462369 1.172556 -4.343888 -0.378069 0.190772 -0.110191 
3.343702 1.119874 -4.084159 -0.360818 0.168263 -0.099268 
3.274916 1.051802 -3.805842 -0.346217 0.146551 -0.082195 
3.246963 1.024399 -3.529822 -0.335649 0.128102 -0.065622 
3.151539 1.039231 -3.241198 -0.328527 0.116154 -0.051827 
3.066327 1.067622 -3.102335 -0.326286 0.111130 -0.039982 
3.013869 1.033874 -3.155451 -0.328640 0.112742 -0.033695 
2.954668 1.045343 -3.286964 -0.335506 0.121680 -0.033583 
2.945118 1.057368 -3.540573 -0.348770 0.137344 -0.037310 
3.001338 1.140780 -3.957569 -0.366154 0.159755 -0.045989 
3.001127 1.221150 -4.161402 -0.379743 0.177944 -0.056960 
3.007716 1.323200 -4.247581 -0.398170 0.201130 -0.071237 
3.037710 1.359525 -4.196962 -0.416246 0.221911 -0.083796 
3.001933 1.403019 -3.973535 -0.434319 0.242366 -0.096411 
2.981731 1.391336 -3.735073 -0.450033 0.257823 -0.104513 
3.009971 1.396558 -3.585498 -0.460927 0.268107 -0.104766 
3.015346 1.427780 -3.607586 -0.466331 0.272005 -0.100661 
3.065648 1.453871 -3.749207 -0.467231 0.269691 -0.092263 
3.055850 1.412451 -3.875015 -0.463172 0.262616 -0.081324 
3.001044 1.377065 -4.004523 -0.453466 0.251188 -0.068490 
2.995419 1.325293 -4.041857 -0.440151 0.236439 -0.054423 
2.974437 1.321197 -3.862620 -0.423789 0.220153 -0.047470 
2.905123 1.340010 -3.609717 -0.405854 0.203137 -0.050216 
2.865077 1.360281 -3.444144 -0.386925 0.186300 -0.059057 
2.774100 1.367430 -3.244813 -0.367477 0.170007 -0.065636 
2.713045 1.290491 -3.153189 -0.351007 0.156075 -0.064283 
2.706549 1.165028 -3.298640 -0.339497 0.145893 -0.054653 
2.663724 1.127563 -3.475374 -0.332373 0.138964 -0.045625 
2.665125 1.148711 -3.628586 -0.328997 0.135744 -0.043295 
2.715424 1.206388 -3.859708 -0.331929 0.138593 -0.046139 
2.729205 1.249003 -3.970673 -0.339178 0.144145 -0.053461 
2.745366 1.206317 -3.869033 -0.353954 0.156584 -0.060174 
2.725494 1.169248 -3.743265 -0.367585 0.169191 -0.061305 
2.686160 1.165522 -3.614009 -0.385980 0.186248 -0.060789 
2.694922 1.228926 -3.441336 -0.405969 0.206334 -0.060435 
2.737745 1.344653 -3.362843 -0.425245 0.226595 -0.063264 
2.752468 1.450801 -3.523185 -0.442020 0.244784 -0.069315 
2.780087 1.469971 -3.790154 -0.455534 0.261526 -0.075634 
2.792180 1.418051 -4.047791 -0.464411 0.274147 -0.080710 
2.777838 1.342770 -4.333020 -0.469120 0.281321 -0.081530 
2.776926 1.279486 -4.461248 -0.470203 0.283617 -0.078566 
2.718881 1.278985 -4.334924 -0.466546 0.280099 -0.074718 
2.654561 1.284608 -4.107840 -0.458508 0.270983 -0.069283 
2.630372 1.232177 -3.886419 -0.447476 0.257263 -0.063550 
2.574290 1.135617 -3.624264 -0.433558 0.239919 -0.059624 
2.530862 1.031833 -3.486836 -0.417586 0.221069 -0.055822 
2.497369 0.962326 -3.587498 -0.401355 0.202966 -0.050292 
2.415357 0.941897 -3.729558 -0.384645 0.186473 -0.044692 
2.307527 0.936122 -3.870825 -0.369297 0.173896 -0.038679 
2.198051 0.890309 -4.052309 -0.356483 0.165142 -0.031436 
2.083985 0.823149 -4.094284 -0.345921 0.159731 -0.025909 
2.007407 0.743671 -3.923010 -0.338977 0.158411 -0.022343 
1.930844 0.671113 -3.708171 -0.337454 0.160518 -0.020411 
1.830595 0.654820 -3.468751 -0.340698 0.165286 -0.020857 
1.748997 0.642313 -3.182957 -0.348893 0.173060 -0.024331 
1.688385 0.625284 -3.057296 -0.360959 0.182608 -0.030052 
1.636444 0.601217 -3.166304 -0.375471 0.193551 -0.037563 
1.597971 0.575179 -3.393080 -0.391431 0.205846 -0.045705 
1.545716 0.572439 -3.659665 -0.407233 0.218636 -0.054201 
1.481619 0.566295 -4.003607 -0.421454 0.231331 -0.061286 
1.414689 0.550562 -4.214321 -0.432696 0.243554 -0.067013 
1.354832 0.513091 -4.180577 -0.440241 0.254162 -0.071721 
1.280000 0.471300 -4.056202 -0.444128 0.261906 -0.074553 
1.227520 0.411804 -3.904199 -0.444589 0.266816 -0.074601 
1.152059 0.383050 -3.698148 -0.441632 0.267310 -0.073948 
1.076973 0.379890 -3.630040 -0.435750 0.263344 -0.072537 
1.034966 0.366974 -3.748732 -0.428296 0.255155 -0.070302 
0.973966 0.355259 -3.926351 -0.419072 0.243379 -0.069710 
0.897279 0.342397 -4.079857 -0.408899 0.228646 -0.071008 
0.826119 0.346188 -4.243749 -0.398444 0.212832 -0.072300 
0.754789 0.369324 -4.252355 -0.388182 0.196430 -0.074621 
0.699872 0.405065 -4.069386 -0.377833 0.181231 -0.076683 
0.660881 0.398537 -3.856336 -0.369062 0.169340 -0.077893 
0.608939 0.358675 -3.606167 -0.360055 0.159721 -0.078149 
0.559987 0.290370 -3.365705 -0.352695 0.154181 -0.077804 
0.519639 0.223864 -3.279196 -0.347724 0.153480 -0.075464 
0.454279 0.165586 -3.415914 -0.346077 0.157099 -0.071057 
0.384889 0.114323 -3.655011 -0.347755 0.164300 -0.064258 
0.303259 0.112759 -3.906198 -0.350859 0.172855 -0.055727 
0.214985 0.109908 -4.202674 -0.355580 0.181848 -0.044320 
0.144354 0.120489 -4.363442 -0.363257 0.190604 -0.032424 
0.080931 0.130354 -4.312272 -0.374160 0.197360 -0.021777 
0.006811 0.174621 -4.123421 -0.386921 0.201792 -0.011909 
-0.058495 0.245688 -3.870657 -0.399009 0.203581 -0.003457 
-0.125452 0.313338 -3.559358 -0.410159 0.202881 0.001519 
-0.174405 0.355106 -3.406048 -0.419703 0.199863 0.003886 
-0.207206 0.368797 -3.475631 -0.426690 0.195125 0.004529 
-0.247811 0.380781 -3.648314 -0.429831 0.189694 0.003318 
-0.289908 0.385343 -3.836442 -0.428524 0.184086 0.001169 
-0.345256 0.358038 -4.034700 -0.423429 0.178280 0.000337 
-0.388201 0.337621 -4.145130 -0.417318 0.172955 0.000098 
-0.433199 0.333291 -4.081782 -0.408211 0.167062 0.001261 
-0.475154 0.342015 -3.940926 -0.395314 0.160293 0.005237 
-0.488658 0.299933 -3.736337 -0.380671 0.152631 0.010729 
-0.490081 0.217939 -3.465626 -0.367914 0.145427 0.015318 
-0.451828 0.104913 -3.296625 -0.358563 0.139275 0.018237 
-0.415640 0.043200 -3.324023 -0.350289 0.133660 0.019518 
-0.404405 0.048517 -3.443519 -0.342360 0.130071 0.017517 
-0.377212 0.057604 -3.594171 -0.336647 0.128472 0.013248 
-0.375359 0.022262 -3.814403 -0.336082 0.129516 0.007771 
-0.319988 -0.023550 -3.893891 -0.339589 0.134072 0.001249 
-0.278570 -0.060646 -3.725828 -0.344986 0.139840 -0.005686 
-0.260165 -0.038089 -3.517973 -0.350623 0.147702 -0.012152 
-0.223032 0.003330 -3.395620 -0.357882 0.158229 -0.016009 
-0.189270 0.024210 -3.263010 -0.366412 0.168672 -0.019096 
-0.162740 0.054153 -3.249630 -0.374714 0.177950 -0.019268 
-0.120149 0.076492 -3.404431 -0.382406 0.187148 -0.013699 
-0.070551 0.093225 -3.658386 -0.390126 0.194593 -0.004979 
-0.010557 0.120720 -3.922456 -0.397601 0.199199 0.003763 
0.074595 0.121493 -4.217339 -0.404924 0.201901 0.012594 
0.156163 0.132708 -4.380268 -0.410576 0.202885 0.016497 
0.186286 0.127105 -4.316223 -0.414458 0.200739 0.014057 
0.178148 0.123195 -4.155001 -0.416427 0.198271 0.008140 
0.150728 0.137531 -4.002741 -0.417154 0.195468 0.001029 
0.119976 0.162308 -3.813684 -0.415238 0.191162 -0.006284 
0.138839 0.180270 -3.720344 -0.410280 0.186435 -0.010079 
0.161375 0.151266 -3.773500 -0.403713 0.182077 -0.009436 
0.178772 0.113028 -3.927343 -0.395119 0.178059 -0.006559 
0.194643 0.047147 -4.076789 -0.385756 0.174809 -0.002101 
0.184868 0.002570 -4.251219 -0.374810 0.171660 0.003178 
0.167461 -0.019807 -4.300462 -0.363880 0.168267 0.007183 
0.149324 -0.050906 -4.171209 -0.354790 0.166089 0.009956 
0.132939 -0.059574 -3.934050 -0.348440 0.163505 0.012127 
0.103281 -0.060655 -3.699444 -0.345098 0.159959 0.013497 
0.079232 -0.037362 -3.456123 -0.345119 0.157522 0.013744 
0.088770 -0.005720 -3.387774 -0.348429 0.155732 0.013242 
0.105770 0.023487 -3.524452 -0.354154 0.154197 0.011310 
0.120055 0.066159 -3.746402 -0.360747 0.154414 0.007589 
0.117782 0.106155 -3.983752 -0.368495 0.156370 0.002673 
0.091128 0.165283 -4.265483 -0.376443 0.160043 -0.000679 
0.081705 0.219046 -4.337561 -0.384430 0.165288 -0.002908 
0.104069 0.261750 -4.265688 -0.390876 0.170293 -0.003112 
0.131172 0.309079 -4.057187 -0.397776 0.176494 -0.001059 
0.156221 0.322540 -3.827006 -0.403791 0.182986 0.003662 
0.163140 0.339346 -3.567685 -0.408990 0.188743 0.008406 
0.150659 0.377048 -3.452091 -0.412919 0.193424 0.013137 
0.131007 0.393217 -3.551306 -0.415385 0.197030 0.017667 
0.137993 0.411188 -3.718910 -0.416050 0.198832 0.020095 
0.154651 0.421865 -3.882850 -0.414350 0.199127 0.019608 
0.168892 0.393406 -4.084661 -0.411316 0.197513 0.017251 
0.179568 0.356219 -4.151041 -0.406103 0.194943 0.012090 
0.201112 0.319954 -4.001722 -0.398637 0.191119 0.004412 
0.230421 0.271457 -3.772604 -0.389809 0.186174 -0.003641 
0.235068 0.237656 -3.529315 -0.379767 0.180934 -0.010080 
0.235712 0.217071 -3.262756 -0.369956 0.175729 -0.013596 
0.208392 0.200894 -3.178469 -0.361566 0.170659 -0.012311 
0.191767 0.193922 -3.295757 -0.355343 0.165361 -0.006121 
0.186546 0.184989 -3.477846 -0.351695 0.160567 0.003262 
0.178683 0.178856 -3.707193 -0.350921 0.157134 0.013171 
0.171761 0.182315 -3.957648 -0.352651 0.154268 0.021166 
0.170262 0.205401 -4.080222 -0.356338 0.152584 0.024148 
0.159088 0.221289 -3.972167 -0.362026 0.152639 0.021545 
0.130657 0.259077 -3.791811 -0.368863 0.154527 0.015257 
0.127415 0.293476 -3.578402 -0.376194 0.158238 0.008124 
0.146696 0.318304 -3.315742 -0.383262 0.163311 0.001222 
0.183990 0.346995 -3.225245 -0.390122 0.169534 -0.002089 
0.210640 0.362216 -3.350499 -0.396750 0.177204 -0.000676 
0.242545 0.370309 -3.576598 -0.401973 0.185717 0.003403 
0.261211 0.368894 -3.816993 -0.405662 0.193559 0.008096 
0.280807 0.357919 -4.101243 -0.407807 0.200634 0.013054 
0.299507 0.364414 -4.248866 -0.408390 0.206458 0.015231 
0.293972 0.354812 -4.194770 -0.407985 0.210021 0.013404 
0.314074 0.342718 -4.043422 -0.406140 0.210803 0.008451 
0.317836 0.320642 -3.829117 -0.403090 0.208817 0.002060 
0.329699 0.307913 -3.572966 -0.399166 0.204382 -0.005241 
0.326823 0.285158 -3.464195 -0.395472 0.198253 -0.010184 
0.322104 0.252637 -3.536807 -0.391354 0.190349 -0.011840 
0.280462 0.244604 -3.681186 -0.386275 0.181872 -0.009800 
0.242036 0.227840 -3.834769 -0.381416 0.173665 -0.004126 
0.186663 0.195365 -4.056544 -0.377155 0.166444 0.004699 
0.125614 0.165444 -4.094376 -0.373211 0.159811 0.013143 
0.073314 0.149799 -3.954223 -0.369334 0.154911 0.019368 
0.039657 0.150781 -3.785152 -0.366297 0.151981 0.022718 
0.005712 0.146947 -3.579158 -0.363299 0.150187 0.023512 
0.003565 0.144606 -3.350321 -0.361400 0.149783 0.020037 
0.027384 0.129160 -3.246332 -0.360539 0.151306 0.014405 
0.065083 0.111492 -3.352826 -0.361123 0.154192 0.008706 
0.101800 0.117213 -3.549944 -0.362664 0.158541 0.003365 
0.146277 0.101409 -3.756443 -0.366121 0.164070 -0.001119 
0.175170 0.096182 -4.047912 -0.370632 0.170204 -0.003410 
0.193446 0.107982 -4.199293 -0.375841 0.176498 -0.004493 
0.206440 0.124246 -4.129580 -0.381354 0.182993 -0.004633 
0.207384 0.151414 -4.001111 -0.387443 0.188997 -0.003523 
0.213504 0.170966 -3.814804 -0.393262 0.193808 -0.001393 
0.215506 0.212241 -3.588819 -0.398128 0.197411 0.000564 
0.226886 0.242474 -3.476873 -0.402095 0.199431 0.002960 
0.233036 0.260182 -3.588529 -0.405176 0.200175 0.005055 
0.231381 0.266940 -3.770321 -0.406887 0.199353 0.006010 
0.229138 0.274689 -3.931638 -0.406984 0.197194 0.005902 
0.213416 0.282879 -4.146332 -0.405636 0.193897 0.005954 
0.198640 0.282415 -4.241075 -0.402907 0.189715 0.005773 
0.164641 0.277994 -4.113285 -0.399263 0.184679 0.005241 
0.134237 0.272220 -3.897409 -0.394666 0.179035 0.005312 
0.100812 0.257954 -3.696293 -0.389005 0.173509 0.006421 
0.079876 0.243576 -3.443799 -0.382857 0.167984 0.006924 
0.065377 0.223546 -3.346113 -0.376255 0.162722 0.008139 
0.069468 0.197751 -3.451532 -0.370317 0.158694 0.009817 
0.091836 0.183293 -3.636566 -0.364928 0.155891 0.011211 
0.096061 0.159461 -3.797251 -0.360422 0.154447 0.011548 
0.115439 0.125112 -4.024539 -0.357908 0.154427 0.011409 
0.120458 0.097312 -4.102120 -0.357295 0.156013 0.009480 
0.124894 0.086003 -3.970215 -0.358347 0.158819 0.006034 
0.129151 0.100683 -3.773533 -0.360989 0.162485 0.002131 
0.118960 0.124033 -3.586061 -0.365185 0.167213 -0.001120 
0.115058 0.164658 -3.356378 -0.371026 0.171801 -0.003873 
0.115026 0.204113 -3.285193 -0.377347 0.176675 -0.003863 
0.125225 0.239441 -3.421913 -0.384161 0.181412 -0.001558 
0.146814 0.261827 -3.612343 -0.390413 0.185118 0.001557 
0.166893 0.284594 -3.824646 -0.396180 0.188743 0.004968 
0.197414 0.310404 -4.079841 -0.400951 0.191539 0.008660 
0.205896 0.331977 -4.190033 -0.404326 0.193415 0.010320 
0.199229 0.354608 -4.073778 -0.406267 0.194120 0.009807 
0.186392 0.373494 -3.897406 -0.406955 0.193713 0.008801 
0.175549 0.393199 -3.713228 -0.406509 0.192050 0.008014 
0.158675 0.391618 -3.489615 -0.404933 0.189459 0.006924 
0.144605 0.381362 -3.402564 -0.402282 0.185817 0.006996 
0.126890 0.356776 -3.512191 -0.398758 0.181459 0.008069 
0.112802 0.327659 -3.713359 -0.394295 0.177087 0.008619 
0.101686 0.285699 -3.894460 -0.388797 0.172782 0.008521 
0.103760 0.251046 -4.106591 -0.382757 0.168679 0.008281 
0.097322 0.210298 -4.163909 -0.376451 0.165184 0.006766 
0.085474 0.170655 -4.016259 -0.370474 0.162653 0.004563 
0.085846 0.140398 -3.787969 -0.365393 0.160986 0.003079 
0.077066 0.116629 -3.581153 -0.361396 0.159867 0.002769 
0.082419 0.102007 -3.322119 -0.358937 0.159600 0.002843 
0.075682 0.104292 -3.246569 -0.358447 0.160312 0.004608 
0.074280 0.095288 -3.352882 -0.359309 0.161579 0.006979 
0.074371 0.111554 -3.608815 -0.362076 0.163725 0.009680 
0.086047 0.112395 -3.837887 -0.366393 0.166444 0.010805 
0.093249 0.125216 -4.123577 -0.371591 0.169203 0.010935 
0.108943 0.140307 -4.219799 -0.377422 0.172445 0.008765 
0.122923 0.156390 -4.138166 -0.383256 0.175480 0.004498 
0.133716 0.182803 -3.988773 -0.388058 0.178153 0.000818 
0.147081 0.209435 -3.809625 -0.393502 0.180805 -0.002183 
0.151657 0.232021 -3.585126 -0.398177 0.183609 -0.003660 
0.154880 0.256547 -3.500977 -0.402027 0.185973 -0.002367 
0.155375 0.265724 -3.630080 -0.404688 0.188004 0.002154 
0.151470 0.268777 -3.824712 -0.406105 0.189502 0.007677 
0.148224 0.254233 -4.020153 -0.406198 0.190129 0.012645 
0.152078 0.249709 -4.255468 -0.404446 0.190239 0.016167 
0.154224 0.228251 -4.341566 -0.401376 0.189275 0.016050 
0.134358 0.201694 -4.206302 -0.397241 0.187566 0.012038 
0.121274 0.179289 -3.986617 -0.391631 0.184745 0.005838 
0.120804 0.159382 -3.737112 -0.385675 0.181261 -0.000334 
0.119405 0.142362 -3.449018 -0.379540 0.177111 -0.005824 
0.127540 0.114028 -3.321504 -0.373630 0.172631 -0.007910 
0.127751 0.093198 -3.406167 -0.368624 0.168437 -0.005767 
0.133006 0.088154 -3.587662 -0.364302 0.164519 -0.001013 
0.122391 0.076659 -3.770019 -0.361320 0.161284 0.004931 
0.125556 0.080736 -4.032868 -0.359504 0.159308 0.011351 
0.118513 0.081369 -4.134882 -0.359175 0.158232 0.015346 
0.109353 0.098780 -4.032471 -0.360509 0.158193 0.015891 
0.104231 0.119775 -3.860403 -0.363108 0.159258 0.013822 
0.110196 0.140579 -3.671748 -0.366829 0.161289 0.009950 
0.121303 0.173801 -3.435686 -0.371910 0.164329 0.004309 
0.136550 0.203777 -3.344435 -0.377647 0.168125 0.000154 
0.162376 0.235386 -3.471340 -0.383676 0.172455 -0.001831 
0.175734 0.257194 -3.675132 -0.389777 0.177267 -0.001530 
0.188926 0.278269 -3.883966 -0.395401 0.182370 0.000364 
0.193764 0.304167 -4.150881 -0.400188 0.187453 0.004558 
0.199733 0.312752 -4.245545 -0.403819 0.191732 0.008025 
0.199486 0.333244 -4.135577 -0.406094 0.195266 0.009944 
0.197070 0.338150 -3.943737 -0.406555 0.197458 0.010413 
0.201694 0.332147 -3.740064 -0.405802 0.198063 0.009494 
0.197985 0.332227 -3.482196 -0.403567 0.197095 0.006367 
0.196577 0.325152 -3.399345 -0.400405 0.194604 0.003735 
0.190814 0.306078 -3.482760 -0.396357 0.190826 0.002137 
0.190197 0.278746 -3.660066 -0.392035 0.185877 0.001430 
0.187792 0.254262 -3.830511 -0.387212 0.180273 0.001694 
0.179411 0.243121 -4.076844 -0.382294 0.174540 0.003829 
0.156564 0.216150 -4.129405 -0.377667 0.168779 0.005700 
0.142723 0.199547 -3.987765 -0.373293 0.163695 0.007093 
0.118311 0.187170 -3.803324 -0.369703 0.159732 0.008095 
0.097126 0.187554 -3.608484 -0.366505 0.156801 0.009212 
0.094206 0.190933 -3.349082 -0.364084 0.155166 0.009310 
0.097362 0.180061 -3.260679 -0.363038 0.154843 0.009690 
0.093444 0.178704 -3.373524 -0.363366 0.156224 0.010334 
0.108997 0.171384 -3.574048 -0.364847 0.158910 0.010258 
0.115847 0.159690 -3.760407 -0.367813 0.162702 0.009559 
0.127847 0.169380 -4.036198 -0.371746 0.167337 0.008798 
0.128085 0.168399 -4.135556 -0.376575 0.172692 0.007009 
0.136163 0.189997 -4.048544 -0.381733 0.177686 0.004004 
0.122643 0.201040 -3.880946 -0.387142 0.182338 0.001393 
0.116381 0.218775 -3.716135 -0.392498 0.186372 -0.000139 
0.120558 0.230819 -3.492461 -0.396927 0.189749 -0.001524 
0.121096 0.248546 -3.448069 -0.400342 0.191655 -0.000805 
0.125754 0.256493 -3.572025 -0.402849 0.192791 0.001690 
0.137639 0.244450 -3.770043 -0.403880 0.192543 0.004429 
0.128297 0.228684 -3.958730 -0.403502 0.191198 0.006631 
0.135892 0.219448 -4.211442 -0.401779 0.189176 0.009196 
0.129151 0.202427 -4.278961 -0.398842 0.186076 0.009980 
0.109670 0.184577 -4.140343 -0.394965 0.182269 0.008897 
0.102251 0.176488 -3.939973 -0.390532 0.178086 0.007116 
0.096174 0.166533 -3.760456 -0.386273 0.174374 0.005634 
0.085132 0.158632 -3.499345 -0.380880 0.170209 0.003247 
0.089508 0.141448 -3.383493 -0.375536 0.166145 0.002125 
0.098750 0.127679 -3.483928 -0.370798 0.163229 0.002638 
0.103605 0.114192 -3.656703 -0.366378 0.161310 0.003833 
0.112567 0.089255 -3.848383 -0.363001 0.160124 0.005123 
0.128667 0.084559 -4.080098 -0.360922 0.160144 0.007035 
0.135221 0.076359 -4.165570 -0.360168 0.161161 0.008115 
0.132732 0.082167 -4.051549 -0.360940 0.162980 0.007563 
0.129303 0.097928 -3.851252 -0.363416 0.165462 0.006141 
0.124600 0.116970 -3.669618 -0.367476 0.168147 0.005155 
0.123661 0.151549 -3.453663 -0.372552 0.171091 0.003360 
0.120175 0.188448 -3.371265 -0.378571 0.174456 0.002855 
0.132399 0.209628 -3.494422 -0.385001 0.177352 0.003680 
0.144692 0.237759 -3.709546 -0.391217 0.180551 0.004637 
0.153043 0.259040 -3.915515 -0.396519 0.183391 0.005376 
0.172135 0.280760 -4.174841 -0.400684 0.186071 0.006374 
0.170926 0.288409 -4.251219 -0.403683 0.188287 0.006440 
0.169948 0.303091 -4.144312 -0.405034 0.189907 0.005145 
0.170582 0.308435 -3.939386 -0.405008 0.190831 0.004239 
0.157965 0.314543 -3.727982 -0.403536 0.190607 0.003867 
0.155352 0.324704 -3.477686 -0.401067 0.189356 0.003526 
0.156602 0.316784 -3.364768 -0.397750 0.187328 0.004771 
0.154014 0.303585 -3.458404 -0.393496 0.184400 0.006906 
0.156426 0.279655 -3.642645 -0.388989 0.180871 0.008641 
0.156209 0.247538 -3.814434 -0.384059 0.177258 0.009199 
0.154531 0.233419 -4.036868 -0.378679 0.173288 0.009503 
0.153110 0.208885 -4.101439 -0.373703 0.169859 0.007793 
0.152662 0.192141 -3.948398 -0.369166 0.166679 0.004561 
0.149343 0.185955 -3.734013 -0.365524 0.164088 0.001714 
0.137259 0.168154 -3.521346 -0.363095 0.162416 0.000262 
0.124544 0.177197 -3.288241 -0.361925 0.161425 -0.000399 
0.120493 0.191830 -3.221407 -0.362469 0.161072 0.001607 
0.109374 0.193368 -3.359756 -0.364547 0.161843 0.005480 
0.104882 0.207281 -3.577953 -0.367977 0.163635 0.009727 
0.111138 0.214851 -3.811734 -0.372570 0.165824 0.012899 
0.109291 0.225204 -4.042751 -0.376989 0.168357 0.014889 
0.113449 0.238135 -4.172985 -0.383161 0.172260 0.014295 
0.120860 0.256713 -4.083528 -0.388821 0.175821 0.010778 
0.117112 0.271254 -3.901808 -0.393558 0.179445 0.006252 
0.118684 0.282855 -3.721422 -0.397829 0.182746 0.001934 
0.122601 0.291905 -3.484145 -0.400672 0.185737 -0.001818 
0.130609 0.292556 -3.418808 -0.402436 0.187676 -0.002508 
0.137733 0.293507 -3.534327 -0.403385 0.189557 -0.000469 
0.140338 0.272370 -3.726737 -0.403200 0.190711 0.003094 
0.136146 0.256508 -3.932659 -0.401374 0.190582 0.006961 
0.142326 0.226208 -4.170971 -0.398675 0.189806 0.011002 
0.134431 0.195799 -4.262399 -0.394869 0.188053 0.012482 
0.126659 0.175000 -4.144103 -0.390041 0.184931 0.010715 
0.115828 0.156407 -3.930213 -0.384882 0.181242 0.007101 
0.104453 0.131100 -3.724648 -0.379932 0.177074 0.002950 
0.106599 0.116691 -3.457322 -0.374899 0.172234 -0.001567 
0.106139 0.096736 -3.346775 -0.370703 0.167722 -0.003744 
0.111612 0.090804 -3.435936 -0.367197 0.163876 -0.002760 
0.108755 0.082125 -3.630249 -0.364835 0.160774 0.000394 
0.096882 0.085754 -3.825101 -0.363356 0.158888 0.004304 
0.092872 0.084188 -4.071326 -0.363515 0.158290 0.009463 
0.076796 0.087387 -4.170501 -0.364300 0.158710 0.013034 
0.066138 0.102332 -4.067786 -0.366618 0.160401 0.014002 
0.064821 0.118808 -3.877335 -0.369730 0.162679 0.012905 
0.059970 0.135377 -3.692413 -0.373809 0.165934 0.010629 
0.069581 0.159460 -3.461312 -0.378151 0.169272 0.006360 
0.082876 0.180923 -3.384277 -0.383144 0.173179 0.003248 
0.111886 0.209635 -3.513602 -0.388067 0.177202 0.001461 
0.139300 0.221614 -3.707651 -0.392461 0.181241 0.000783 
0.166028 0.235267 -3.925784 -0.396520 0.184909 0.001372 
0.174425 0.242157 -4.169794 -0.399350 0.188328 0.003315 
0.177563 0.244576 -4.262411 -0.401096 0.190902 0.004842 
0.189509 0.259511 -4.140888 -0.401634 0.192529 0.005155 
0.188151 0.257364 -3.949034 -0.401018 0.193277 0.004978 
0.187774 0.273803 -3.748341 -0.398984 0.192496 0.004491 
0.181793 0.268859 -3.474809 -0.396142 0.190778 0.002770 
0.187416 0.259647 -3.387927 -0.392669 0.187859 0.002284 
0.190685 0.245534 -3.496660 -0.388739 0.183932 0.002707 
0.201226 0.237096 -3.657940 -0.384761 0.179582 0.003841 
0.204246 0.233424 -3.828760 -0.380754 0.175097 0.004757 
0.195373 0.211698 -4.062387 -0.377359 0.170985 0.006796 
0.179549 0.201865 -4.110415 -0.374056 0.167185 0.007710 
0.159208 0.201279 -3.982224 -0.371344 0.164349 0.007490 
0.134868 0.203177 -3.781372 -0.369424 0.162009 0.007125 
0.122121 0.212850 -3.589545 -0.368247 0.160834 0.006752 
0.106480 0.213955 -3.334354 -0.368101 0.160812 0.006004 
0.102279 0.216107 -3.272929 -0.368735 0.161407 0.006168 
0.104004 0.222045 -3.384827 -0.370455 0.163038 0.007369 
0.116781 0.228524 -3.586844 -0.372966 0.165464 0.008603 
0.132455 0.231108 -3.796323 -0.376145 0.168822 0.009185 
0.142730 0.228902 -4.045962 -0.379841 0.172317 0.009952 
0.139982 0.234357 -4.158578 -0.384142 0.176075 0.009130 
0.135829 0.248336 -4.064760 -0.388235 0.179910 0.006768 
0.136760 0.260717 -3.879256 -0.392018 0.183123 0.004057 
0.143491 0.278652 -3.696548 -0.395276 0.186013 0.002091 
0.145522 0.283708 -3.474487 -0.397664 0.187971 0.000045 
0.145313 0.291194 -3.400353 -0.399224 0.189301 -0.000202 
0.162935 0.290092 -3.526040 -0.399697 0.189484 0.001625 
0.153745 0.279882 -3.705868 -0.398960 0.188906 0.004036 
0.161676 0.267541 -3.897421 -0.397101 0.187731 0.006319 
0.152044 0.250266 -4.141528 -0.394641 0.185731 0.008984 
0.136899 0.219597 -4.210611 -0.391323 0.182972 0.010074 
0.125873 0.204099 -4.092346 -0.387585 0.179588 0.009079 
0.106866 0.185259 -3.891120 -0.383878 0.176054 0.007405 
0.087014 0.175892 -3.689917 -0.379945 0.172244 0.005628 
0.074876 0.162483 -3.425515 -0.376361 0.168367 0.003158 
0.066430 0.146061 -3.357601 -0.373267 0.165162 0.002448 
0.068425 0.138933 -3.465511 -0.370415 0.162680 0.003196 
0.067881 0.124376 -3.654982 -0.368577 0.160989 0.004736 
0.063888 0.117871 -3.843572 -0.367328 0.160471 0.006275 
0.072277 0.111057 -4.093374 -0.367037 0.161023 0.008514 
0.068296 0.092348 -4.165372 -0.367490 0.162583 0.009077 
0.068230 0.105781 -4.039957 -0.368850 0.164576 0.008437 
0.065230 0.111670 -3.850035 -0.371395 0.167436 0.007107 
0.072849 0.138372 -3.688737 -0.374750 0.170232 0.005666 
0.067335 0.156378 -3.444200 -0.378661 0.173199 0.003763 
0.085845 0.178559 -3.404887 -0.383000 0.175933 0.003088 
0.098679 0.187367 -3.531232 -0.387587 0.178823 0.003878 
0.124191 0.205495 -3.750070 -0.391615 0.181355 0.004802 
0.146224 0.225531 -3.949140 -0.394828 0.183432 0.005415 
0.164928 0.229543 -4.191548 -0.397189 0.185342 0.006509 
0.178254 0.235858 -4.259645 -0.398420 0.186788 0.006134 
0.179071 0.241148 -4.134520 -0.398551 0.187625 0.004841 
0.182635 0.244551 -3.930030 -0.397572 0.187955 0.003497 
0.175606 0.255524 -3.727923 -0.395741 0.187504 0.002580 
0.172691 0.258280 -3.475860 -0.393485 0.185963 0.001707 
0.174781 0.250013 -3.422251 -0.390489 0.183936 0.002585 
0.169008 0.239711 -3.513468 -0.387342 0.181316 0.004523 
0.171831 0.223476 -3.674708 -0.384550 0.179025 0.006292 
0.172462 0.218452 -3.845463 -0.381359 0.175990 0.007632 
0.172817 0.204741 -4.076286 -0.378225 0.172961 0.008703 
0.158360 0.181653 -4.150273 -0.375336 0.170293 0.008082 
0.145709 0.189993 -4.017000 -0.372719 0.168263 0.005931 
0.127856 0.185141 -3.810896 -0.370844 0.166443 0.003525 
0.129250 0.186034 -3.595489 -0.369883 0.165255 0.001992 
0.112763 0.196612 -3.340321 -0.369510 0.164956 0.001141 
0.109374 0.210330 -3.260335 -0.370384 0.164785 0.002195 
0.111436 0.219567 -3.387292 -0.372079 0.165656 0.005323 
0.117157 0.217586 -3.584831 -0.374651 0.167175 0.008820 
0.124735 0.230236 -3.799734 -0.377602 0.169165 0.011452 
0.134024 0.232308 -4.062992 -0.381106 0.171622 0.013504 
0.155882 0.241897 -4.167951 -0.384398 0.174254 0.013008 
0.155036 0.255358 -4.063029 -0.387849 0.177108 0.009907 
0.165138 0.260362 -3.875464 -0.390554 0.179965 0.005680 
0.181940 0.279193 -3.689098 -0.392997 0.182495 0.001780 
0.180628 0.291226 -3.464020 -0.394535 0.184763 -0.001993 
0.185896 0.300703 -3.389699 -0.395436 0.186630 -0.002791 
0.205126 0.296285 -3.515215 -0.396092 0.187661 -0.000973 
0.199130 0.290209 -3.696935 -0.395646 0.188210 0.002288 
0.189706 0.271041 -3.900290 -0.394650 0.187827 0.005742 
0.178507 0.253705 -4.146543 -0.393156 0.186986 0.009801 
0.161829 0.231601 -4.205482 -0.390905 0.185292 0.011551 
0.147705 0.226338 -4.085725 -0.388061 0.182506 0.010568 
0.125298 0.210327 -3.881241 -0.385462 0.179281 0.008375 
0.115308 0.195858 -3.665513 -0.382525 0.175585 0.005549 
0.090965 0.190000 -3.407098 -0.379698 0.171890 0.002015 
0.090659 0.178798 -3.336996 -0.377046 0.168341 0.000784 
0.079265 0.173287 -3.454099 -0.374671 0.165476 0.001537 
0.064173 0.153655 -3.645040 -0.373037 0.163025 0.003836 
0.060977 0.149202 -3.846773 -0.371933 0.162029 0.006659 
0.054180 0.137470 -4.100265 -0.371523 0.161828 0.010294 
0.047958 0.132241 -4.165958 -0.371399 0.162169 0.012053 
0.051810 0.126725 -4.052942 -0.372085 0.163652 0.011819 
0.042843 0.128680 -3.864435 -0.373374 0.165406 0.010265 
0.058740 0.139862 -3.672327 -0.375389 0.167846 0.007755 
0.061981 0.150093 -3.436127 -0.378064 0.170557 0.004324 
0.074267 0.162994 -3.385458 -0.380865 0.173520 0.002129 
0.095076 0.171717 -3.510374 -0.383842 0.176353 0.001288 
0.123794 0.176182 -3.729398 -0.386839 0.179144 0.001544 
0.143427 0.178578 -3.899943 -0.389375 0.181515 0.002374 
0.149148 0.188806 -4.144667 -0.391700 0.184095 0.004320 
0.143786 0.189767 -4.246135 -0.393461 0.185963 0.005419 
0.149016 0.201019 -4.132985 -0.394350 0.187444 0.005302 
0.136236 0.208739 -3.948184 -0.394795 0.187796 0.004716 
0.140807 0.223910 -3.744243 -0.394214 0.187264 0.003928 
0.141354 0.225021 -3.499871 -0.392932 0.186079 0.002737 
0.132906 0.225901 -3.410657 -0.391326 0.183834 0.002601 
0.130364 0.224031 -3.518301 -0.389243 0.181098 0.003794 
0.133997 0.218609 -3.698664 -0.386855 0.178138 0.005459 
0.144091 0.217826 -3.868670 -0.384271 0.175038 0.006917 
0.139531 0.207950 -4.110770 -0.381595 0.172143 0.008737 
0.143042 0.200570 -4.166460 -0.379229 0.169737 0.009214 
0.123615 0.188104 -4.035797 -0.376761 0.167748 0.008127 
0.113801 0.185958 -3.822758 -0.374703 0.166353 0.006792 
0.113797 0.193811 -3.619221 -0.373050 0.165563 0.005452 
0.116677 0.198787 -3.373387 -0.372062 0.165510 0.003826 
0.123449 0.201081 -3.312803 -0.371724 0.166029 0.003653 
0.135471 0.208340 -3.426620 -0.372304 0.167303 0.004839 
0.149843 0.205094 -3.621654 -0.373435 0.169046 0.006384 
0.160901 0.212016 -3.814359 -0.375461 0.171388 0.007619 
0.180771 0.213070 -4.077925 -0.377841 0.174058 0.009008 
0.193541 0.210584 -4.143103 -0.380744 0.176648 0.008536 
0.191382 0.225382 -4.041479 -0.383703 0.179228 0.006393 
0.188785 0.241190 -3.858070 -0.386660 0.181609 0.004000 
0.185928 0.258577 -3.665341 -0.389606 0.183609 0.001942 
0.180690 0.287100 -3.432671 -0.391994 0.184956 -0.000185 
0.181331 0.304375 -3.378804 -0.393804 0.185905 -0.000223 
0.187764 0.303065 -3.502811 -0.395250 0.186164 0.001619 
0.183080 0.291946 -3.700720 -0.395801 0.185746 0.004032 
0.182046 0.286690 -3.890435 -0.395345 0.184922 0.006551 
0.178771 0.274507 -4.133662 -0.394293 0.183738 0.009768 
0.163845 0.260585 -4.189622 -0.392627 0.182032 0.010781 
0.137529 0.253353 -4.058940 -0.390287 0.179807 0.009809 
0.123205 0.238401 -3.856004 -0.387516 0.177388 0.008032 
0.107385 0.233344 -3.643236 -0.384355 0.174600 0.006159 
0.090876 0.219852 -3.397820 -0.381256 0.171807 0.003454 
0.091824 0.213031 -3.349806 -0.378411 0.169307 0.002727 
0.089584 0.198679 -3.446265 -0.376256 0.167614 0.003376 
0.094257 0.187692 -3.626228 -0.373748 0.166078 0.004698 
0.102649 0.174104 -3.815866 -0.372059 0.165185 0.006338 
0.092415 0.152627 -4.066770 -0.370917 0.165288 0.008456 
0.091777 0.142254 -4.150455 -0.370504 0.165780 0.009119 
0.093414 0.138830 -4.036239 -0.370856 0.166705 0.008245 
0.089815 0.146204 -3.848850 -0.371621 0.168138 0.006795 
0.090071 0.153093 -3.669687 -0.373512 0.169638 0.005353 
0.086569 0.171029 -3.436756 -0.376296 0.171542 0.003329 
0.092611 0.176405 -3.379083 -0.379635 0.173304 0.002767 
0.101050 0.188994 -3.496830 -0.383234 0.175271 0.003561 
0.116550 0.196789 -3.717403 -0.386696 0.177296 0.004798 
0.130795 0.213788 -3.918052 -0.389774 0.179141 0.005946 
0.128380 0.214467 -4.191789 -0.392329 0.180916 0.007554 
0.137186 0.215897 -4.250047 -0.394241 0.182582 0.007729 
0.125981 0.220179 -4.144037 -0.395028 0.183695 0.006427 
0.111968 0.226336 -3.937077 -0.395165 0.184434 0.004885 
0.109006 0.226882 -3.752732 -0.394530 0.184428 0.003746 
0.102338 0.230286 -3.498020 -0.393077 0.183771 0.002342 
0.101294 0.223398 -3.420128 -0.391200 0.182430 0.002393 
0.099219 0.210631 -3.539290 -0.389032 0.180358 0.003992 
0.102956 0.202404 -3.711009 -0.386343 0.178161 0.005971 
0.120367 0.186515 -3.891409 -0.383701 0.175674 0.007406 
0.122567 0.178676 -4.133617 -0.380685 0.173306 0.009001 
0.124557 0.162063 -4.177456 -0.378064 0.171095 0.008620 
0.110743 0.153702 -4.045157 -0.375244 0.169067 0.006673 
0.107610 0.155639 -3.829940 -0.373153 0.167625 0.004484 
0.114430 0.160042 -3.636209 -0.371520 0.166596 0.003029 
0.117251 0.166928 -3.369817 -0.370680 0.166062 0.001430 
0.119461 0.175238 -3.319900 -0.371105 0.166140 0.002017 
0.125369 0.180663 -3.436124 -0.372022 0.166885 0.004392 
0.128329 0.187643 -3.642949 -0.373889 0.168237 0.007126 
0.141038 0.196527 -3.847415 -0.376382 0.170093 0.009330 
0.155695 0.204019 -4.111792 -0.379362 0.172229 0.011486 
0.169580 0.209872 -4.176213 -0.382527 0.174814 0.010915 
0.167647 0.224243 -4.052419 -0.385651 0.177483 0.008149 
0.171971 0.243442 -3.856739 -0.388581 0.180005 0.004908 
0.167828 0.250776 -3.672411 -0.391277 0.182392 0.001973 
0.168461 0.272570 -3.418440 -0.393229 0.184361 -0.000904 
0.182873 0.279249 -3.394956 -0.394783 0.185786 -0.001196 
0.195052 0.288487 -3.489053 -0.395510 0.186580 0.000337 
0.182535 0.278931 -3.698256 -0.395573 0.186889 0.002833 
0.189759 0.275825 -3.889215 -0.395098 0.186583 0.005774 
0.186262 0.254190 -4.132961 -0.393951 0.185684 0.009089 
0.185157 0.248041 -4.210393 -0.391900 0.184080 0.010294 
0.166773 0.236313 -4.090118 -0.389747 0.181894 0.009527 
0.152826 0.222783 -3.875640 -0.387288 0.179088 0.007449 
0.129686 0.222825 -3.661176 -0.384256 0.176065 0.005048 
0.121098 0.215108 -3.405395 -0.381434 0.172835 0.002470 
0.122012 0.209439 -3.325891 -0.378743 0.170044 0.001454 
0.117722 0.198763 -3.443852 -0.376240 0.167415 0.002413 
0.118073 0.193100 -3.624388 -0.374500 0.165625 0.004503 
0.113594 0.188602 -3.825825 -0.373075 0.164638 0.007000 
0.105492 0.167704 -4.068305 -0.372410 0.164630 0.010098 
0.107469 0.165784 -4.152367 -0.372578 0.165108 0.011310 
0.102933 0.165389 -4.038198 -0.373073 0.166364 0.010543 
0.093750 0.167276 -3.848852 -0.374363 0.168119 0.008668 
0.094075 0.171759 -3.667239 -0.376272 0.170189 0.006256 
0.089750 0.188403 -3.432097 -0.378905 0.172383 0.003262 
0.094424 0.199356 -3.382701 -0.381724 0.174826 0.001608 
0.115116 0.202124 -3.510282 -0.384742 0.177086 0.001841 
0.122051 0.204694 -3.701020 -0.387766 0.179453 0.002984 
0.127048 0.217518 -3.903255 -0.390235 0.181362 0.004333 
0.123297 0.210414 -4.169573 -0.392364 0.183049 0.006690 
0.130575 0.213113 -4.230290 -0.393785 0.184441 0.007502 
0.118890 0.219531 -4.106782 -0.394397 0.185081 0.007184 
0.103197 0.221402 -3.911140 -0.394403 0.184780 0.006069 
0.098843 0.225331 -3.727804 -0.393583 0.183926 0.005260 
0.097785 0.219879 -3.461956 -0.392188 0.182268 0.003552 
0.087148 0.212314 -3.404388 -0.389998 0.180040 0.003483 
0.091254 0.205902 -3.522144 -0.387782 0.177353 0.004557 
0.100948 0.194577 -3.692975 -0.384951 0.174825 0.006107 
0.102442 0.179191 -3.883122 -0.381992 0.172259 0.007210 
0.112575 0.166856 -4.135737 -0.379164 0.169931 0.009010 
0.107779 0.152670 -4.170913 -0.376370 0.168247 0.009058 
0.097120 0.149468 -4.039362 -0.373994 0.167060 0.007646 
0.088505 0.152990 -3.835192 -0.372056 0.166329 0.005871 
0.097954 0.145693 -3.640962 -0.370987 0.166136 0.004518 
0.095062 0.154363 -3.372702 -0.370460 0.166215 0.002383 
0.105119 0.163800 -3.341765 -0.370872 0.167004 0.002410 
0.112816 0.166377 -3.464852 -0.372290 0.168403 0.003813 
0.131065 0.171764 -3.678829 -0.374482 0.170029 0.005576 
0.137323 0.175514 -3.870643 -0.377337 0.172115 0.007041 
0.143374 0.178803 -4.104041 -0.380032 0.174304 0.008789 
0.164537 0.190459 -4.190663 -0.383150 0.176463 0.008956 
0.170338 0.210009 -4.079817 -0.386232 0.178893 0.007255 
0.168133 0.226975 -3.896942 -0.389341 0.180985 0.005189 
0.163316 0.245497 -3.704994 -0.391797 0.182714 0.003127 
0.163200 0.260869 -3.463246 -0.393632 0.184210 0.000991 
0.176562 0.287091 -3.399903 -0.394891 0.184978 0.000851 
0.179992 0.286178 -3.514302 -0.395532 0.185162 0.002369 
0.187590 0.274487 -3.702417 -0.395438 0.184847 0.004457 
0.192424 0.272381 -3.892479 -0.394475 0.184271 0.006752 
0.193494 0.263993 -4.145849 -0.392589 0.183156 0.009411 
0.184220 0.253153 -4.201317 -0.390416 0.181699 0.009880 
0.178358 0.240161 -4.061155 -0.387624 0.179805 0.008794 
0.163642 0.224051 -3.857685 -0.384701 0.177674 0.006690 
0.149653 0.225129 -3.644226 -0.381818 0.175449 0.004711 
0.148933 0.218405 -3.389155 -0.378824 0.173025 0.002227 
0.144782 0.214720 -3.310299 -0.376443 0.170845 0.001639 
0.143168 0.200706 -3.427546 -0.374445 0.169055 0.002596 
0.145322 0.191930 -3.627020 -0.373047 0.168018 0.004342 
0.143029 0.185870 -3.805508 -0.372277 0.167391 0.006220 
0.136966 0.180824 -4.034700 -0.372143 0.167564 0.008485 
0.132731 0.182957 -4.117667 -0.372608 0.168085 0.009489 
0.130459 0.175248 -4.002323 -0.373957 0.169035 0.008843 
0.115894 0.191866 -3.812733 -0.375789 0.170259 0.007311 
0.103214 0.189740 -3.642207 -0.378233 0.171942 0.005651 
0.099021 0.209121 -3.398278 -0.381007 0.173466 0.003319 
0.104669 0.223218 -3.361720 -0.384123 0.175143 0.002954 
0.110491 0.237233 -3.500738 -0.387069 0.176750 0.003725 
0.123204 0.245494 -3.712543 -0.389726 0.178700 0.004959 
0.125931 0.242663 -3.915151 -0.391825 0.180332 0.006192 
0.127357 0.240153 -4.170816 -0.393437 0.181887 0.008017 
0.138610 0.231769 -4.220711 -0.394291 0.182862 0.008187 
0.131006 0.233554 -4.106723 -0.394129 0.183568 0.007095 
0.120138 0.237837 -3.901038 -0.393313 0.183711 0.005436 
0.107238 0.235653 -3.707281 -0.392060 0.183391 0.004192 
0.098260 0.224426 -3.451798 -0.390389 0.182170 0.002357 
0.095426 0.219635 -3.404728 -0.388174 0.180273 0.002383 
0.099348 0.202747 -3.524147 -0.385711 0.178158 0.003870 
0.112358 0.197935 -3.683347 -0.383637 0.176085 0.005332 
0.100743 0.182452 -3.873737 -0.381007 0.173611 0.006760 
0.113252 0.169381 -4.115174 -0.378827 0.171454 0.008577 
0.102582 0.151917 -4.180349 -0.376540 0.169527 0.008824 
0.085839 0.145498 -4.047613 -0.374672 0.168093 0.007315 
0.084881 0.146368 -3.832453 -0.373070 0.166922 0.005451 
0.080600 0.157899 -3.637971 -0.372197 0.166260 0.004222 
0.065138 0.159471 -3.389814 -0.372369 0.166044 0.002510 
0.068891 0.166247 -3.349514 -0.373125 0.166493 0.003090 
0.076328 0.170403 -3.463279 -0.374533 0.167511 0.004826 
0.087440 0.172331 -3.688689 -0.376752 0.168996 0.007117 
0.099067 0.181501 -3.881623 -0.379083 0.170762 0.008686 
0.112680 0.188256 -4.135611 -0.381748 0.173094 0.010523 
0.124759 0.187214 -4.189791 -0.384641 0.175305 0.009744 
0.127898 0.189951 -4.078783 -0.387200 0.177747 0.007599 
0.129411 0.210375 -3.885265 -0.389319 0.180004 0.004669 
0.129132 0.223639 -3.693583 -0.391007 0.181985 0.002160 
0.141521 0.247890 -3.441521 -0.392290 0.183301 -0.000399 
0.153538 0.256193 -3.409802 -0.393192 0.184362 -0.000367 
0.155940 0.254279 -3.525888 -0.393359 0.184842 0.001460 
0.156272 0.246399 -3.725525 -0.393081 0.184678 0.003965 
0.161321 0.244360 -3.916426 -0.392117 0.184102 0.006581 
0.171886 0.239584 -4.127770 -0.390846 0.183105 0.009070 
0.164547 0.228369 -4.193389 -0.389156 0.181731 0.009858 
0.160580 0.216025 -4.062234 -0.387000 0.179633 0.008777 
0.147203 0.217705 -3.857486 -0.384433 0.177213 0.006475 
0.141998 0.214198 -3.653053 -0.382059 0.175020 0.004386 
0.143461 0.215790 -3.396681 -0.379648 0.172583 0.001809 
0.140377 0.212084 -3.317282 -0.377589 0.170395 0.001226 
0.141425 0.214882 -3.434690 -0.376114 0.168594 0.002626 
0.152431 0.209746 -3.624704 -0.375007 0.167686 0.004814 
0.151872 0.202979 -3.824580 -0.374561 0.167242 0.007319 
0.139195 0.201323 -4.075151 -0.374406 0.167658 0.009993 
0.142458 0.189569 -4.137860 -0.374966 0.168500 0.011006 
0.139929 0.196401 -4.022695 -0.375892 0.170031 0.010139 
0.138323 0.211266 -3.822235 -0.377247 0.171640 0.007959 
0.131711 0.212621 -3.640818 -0.379343 0.173471 0.005767 
0.132492 0.226257 -3.406171 -0.381511 0.175342 0.002660 
0.135597 0.239503 -3.358090 -0.383993 0.177225 0.001329 
0.154117 0.253346 -3.476916 -0.386452 0.178836 0.001787 
0.164823 0.254380 -3.689716 -0.388679 0.180511 0.003121 
0.159546 0.248444 -3.893064 -0.390643 0.181912 0.004568 
0.160775 0.255610 -4.151269 -0.392025 0.183188 0.007252 
0.157127 0.239969 -4.203242 -0.392778 0.183979 0.008168 
0.149656 0.244491 -4.080467 -0.392757 0.184016 0.007739 
0.132243 0.246805 -3.875513 -0.392279 0.183631 0.006626 
0.118755 0.239554 -3.681599 -0.391222 0.182452 0.005500 
0.109760 0.238470 -3.435689 -0.389639 0.180758 0.003560 
0.099975 0.230816 -3.376740 -0.387771 0.178523 0.003176 
0.104509 0.214531 -3.504870 -0.385624 0.176212 0.004340 
0.103515 0.200726 -3.673249 -0.383782 0.174330 0.005578 
0.106943 0.184965 -3.873546 -0.381306 0.171847 0.007000 
0.098229 0.175073 -4.135471 -0.379115 0.170035 0.008905 
0.088483 0.155867 -4.159130 -0.377003 0.168572 0.008862 
0.079319 0.142770 -4.037411 -0.375016 0.167754 0.007546 
0.072664 0.145157 -3.832460 -0.373568 0.167294 0.005776 
0.068836 0.146057 -3.637421 -0.372770 0.167197 0.004323 
0.060134 0.149666 -3.389372 -0.372603 0.167508 0.002386 
0.063496 0.155284 -3.348538 -0.373207 0.168246 0.002639 
0.077340 0.155589 -3.482508 -0.374476 0.169125 0.004249 
0.094698 0.162089 -3.696723 -0.376499 0.170470 0.006013 
0.106452 0.163989 -3.889567 -0.379042 0.171945 0.007693 
0.102324 0.165240 -4.123646 -0.381114 0.173632 0.009329 
0.106220 0.169881 -4.200519 -0.383648 0.175525 0.009282 
0.116450 0.187603 -4.091244 -0.386097 0.177352 0.007790 
0.118282 0.201583 -3.909407 -0.388421 0.179128 0.005607 
0.125898 0.221382 -3.718291 -0.390378 0.180484 0.003540 
0.123171 0.238309 -3.467470 -0.391561 0.181617 0.001407 
0.134497 0.248056 -3.424752 -0.392454 0.182299 0.001131 
0.136683 0.246074 -3.539999 -0.392621 0.182780 0.002637 
0.151480 0.245940 -3.728541 -0.392281 0.182707 0.004723 
0.156051 0.235405 -3.917980 -0.391377 0.182128 0.006801 
0.153109 0.229245 -4.159380 -0.390283 0.181517 0.009264 
0.151792 0.213150 -4.214324 -0.388304 0.180288 0.009624 
0.148829 0.206271 -4.072928 -0.386110 0.178949 0.008437 
0.144541 0.200892 -3.857325 -0.383910 0.177224 0.006032 
0.140491 0.204701 -3.653277 -0.381645 0.175313 0.004158 
0.142670 0.204090 -3.396972 -0.379250 0.173445 0.001574 
0.141393 0.207278 -3.327814 -0.377462 0.171631 0.001199 
0.142893 0.199445 -3.444665 -0.376062 0.170394 0.002375 
0.146882 0.206812 -3.634750 -0.374871 0.169542 0.004567 
0.146524 0.200377 -3.823389 -0.374584 0.168999 0.006764 
0.149019 0.191172 -4.083776 -0.374794 0.169114 0.009542 
0.144815 0.192675 -4.125465 -0.375267 0.169820 0.010257 
0.142134 0.193951 -4.019160 -0.376552 0.170585 0.009179 
0.132915 0.206869 -3.819972 -0.377924 0.171674 0.007541 
0.127112 0.209782 -3.628692 -0.380330 0.173116 0.005688 
0.128306 0.233695 -3.405295 -0.382586 0.174513 0.003119 
0.130688 0.239761 -3.358506 -0.384957 0.176112 0.002214 
0.149183 0.254363 -3.488264 -0.387410 0.177534 0.002987 
0.159889 0.255397 -3.701064 -0.389637 0.179209 0.004321 
0.168009 0.257228 -3.893859 -0.391217 0.180709 0.005343 
0.167932 0.255228 -4.141052 -0.392344 0.182180 0.007491 
0.171052 0.251008 -4.191775 -0.392853 0.183215 0.007763 
0.155685 0.248996 -4.068433 -0.392562 0.183877 0.006891 
0.152514 0.249603 -3.852903 -0.391928 0.183868 0.005458 
0.125109 0.240697 -3.669098 -0.390890 0.183169 0.004318 
0.124158 0.241695 -3.423593 -0.389289 0.181994 0.002480 
0.116106 0.233334 -3.386031 -0.387745 0.179941 0.002723 
0.120928 0.224718 -3.503853 -0.385544 0.177822 0.003789 
0.118992 0.213544 -3.694334 -0.383522 0.175282 0.005658 
0.117604 0.208460 -3.883828 -0.381457 0.173314 0.007093 
0.110769 0.190225 -4.113697 -0.379968 0.171479 0.008818 
0.101408 0.172048 -4.168236 -0.378007 0.169731 0.009077 
0.092644 0.169493 -4.045693 -0.376267 0.168341 0.007669 
0.093445 0.168897 -3.840988 -0.374996 0.167540 0.006118 
0.075352 0.162383 -3.645808 -0.374419 0.167253 0.004776 
0.065734 0.167864 -3.408930 -0.374077 0.167096 0.003155 
0.075509 0.169760 -3.357954 -0.374544 0.167691 0.003306 
0.074550 0.169652 -3.471925 -0.375665 0.168766 0.004929 
0.083493 0.172776 -3.666931 -0.377396 0.169976 0.006920 
0.093587 0.173208 -3.871021 -0.379306 0.171846 0.008576 
0.104522 0.173293 -4.134420 -0.381537 0.173717 0.009865 
0.107792 0.177596 -4.190506 -0.383915 0.175708 0.009510 
0.108320 0.181888 -4.070425 -0.385822 0.177785 0.007368 
0.100936 0.200319 -3.877885 -0.387638 0.179531 0.004653 
0.099500 0.216147 -3.707465 -0.389146 0.180856 0.002453 
0.109787 0.216450 -3.456829 -0.390117 0.181891 0.000203 
0.113613 0.230828 -3.405381 -0.390820 0.182532 0.000364 
0.114882 0.230718 -3.531798 -0.390813 0.182544 0.002186 
0.122718 0.228214 -3.731468 -0.390654 0.182043 0.004805 
0.120199 0.222582 -3.932125 -0.389719 0.181328 0.007306 
0.130058 0.209737 -4.164175 -0.388343 0.180241 0.009882 
0.130032 0.203072 -4.218056 -0.386778 0.178719 0.010148 
0.119703 0.192931 -4.075178 -0.384772 0.177141 0.008539 
0.116289 0.196583 -3.868910 -0.382830 0.175224 0.006028 
0.127067 0.200046 -3.673930 -0.380719 0.173305 0.003826 
0.123907 0.203263 -3.396877 -0.378783 0.171568 0.001374 
0.123709 0.196157 -3.347949 -0.377227 0.170223 0.001083 
0.134760 0.199904 -3.464981 -0.376222 0.169212 0.002589 
0.140748 0.205113 -3.655429 -0.375367 0.168918 0.005099 
0.142261 0.203790 -3.844520 -0.375205 0.169225 0.007505 
0.145519 0.200743 -4.104759 -0.375371 0.169911 0.010171 
0.149512 0.196299 -4.135830 -0.376042 0.171033 0.010783 
0.140033 0.200267 -4.008787 -0.377314 0.172226 0.009505 
0.146142 0.210569 -3.817895 -0.378857 0.173876 0.007211 
0.146168 0.217654 -3.625817 -0.380909 0.175278 0.004819 
0.146495 0.241922 -3.391727 -0.383003 0.176583 0.001936 
0.155547 0.252566 -3.365766 -0.385176 0.178046 0.001121 
0.165359 0.255234 -3.506037 -0.387395 0.179334 0.001878 
0.173892 0.267343 -3.710083 -0.389063 0.180360 0.003438 
0.181921 0.262459 -3.894610 -0.390691 0.181475 0.005220 
0.188672 0.267016 -4.142912 -0.391767 0.182328 0.007804 
0.175783 0.256585 -4.195114 -0.392006 0.182900 0.008504 
0.167920 0.259949 -4.071805 -0.391833 0.183226 0.007747 
0.157156 0.257721 -3.876962 -0.391223 0.182889 0.006513 
0.143539 0.257741 -3.683139 -0.389954 0.182001 0.005276 
0.134810 0.255206 -3.416204 -0.388383 0.180684 0.003028 
0.141201 0.245469 -3.356830 -0.386842 0.178907 0.002643 
0.139810 0.240907 -3.473556 -0.384938 0.176832 0.003501 
0.138615 0.226770 -3.653173 -0.382937 0.175049 0.005048 
0.137414 0.212505 -3.863135 -0.380936 0.173270 0.006568 
0.130513 0.209637 -4.104954 -0.379017 0.171828 0.008708 
0.123400 0.197995 -4.148404 -0.377492 0.170543 0.008872 
0.109307 0.188997 -4.025885 -0.376123 0.169760 0.007675 
0.103672 0.183002 -3.820606 -0.375054 0.169289 0.006014 
0.093559 0.180352 -3.635618 -0.374606 0.169044 0.004774 
0.086102 0.185030 -3.386722 -0.374912 0.169060 0.002848 
0.082071 0.188145 -3.355338 -0.375698 0.169371 0.002992 
0.081483 0.189331 -3.488113 -0.377130 0.170063 0.004287 
0.089922 0.184718 -3.692589 -0.378916 0.171083 0.006056 
0.099541 0.186661 -3.886518 -0.380816 0.172573 0.007725 
0.110168 0.179965 -4.140812 -0.383095 0.174061 0.009452 
0.104414 0.189545 -4.197965 -0.384958 0.175831 0.009201 
0.104441 0.196109 -4.078655 -0.386849 0.177340 0.007387 
0.096111 0.197907 -3.887927 -0.388461 0.179087 0.005197 
0.092519 0.214666 -3.699179 -0.389321 0.180236 0.003328 
0.094897 0.228585 -3.448852 -0.390039 0.181045 0.001082 
0.103727 0.223105 -3.428676 -0.390396 0.181361 0.001313 
0.111457 0.227634 -3.544736 -0.390192 0.181233 0.002929 
0.110218 0.212039 -3.754386 -0.389647 0.180886 0.005206 
0.114554 0.202325 -3.923571 -0.388739 0.180116 0.007304 
0.117544 0.193826 -4.175017 -0.387496 0.178985 0.009653 
0.110068 0.190274 -4.198304 -0.385755 0.177799 0.009727 
0.107454 0.175570 -4.064995 -0.383937 0.176262 0.008002 
0.097169 0.174311 -3.849135 -0.382034 0.174581 0.005710 
0.102191 0.181204 -3.643805 -0.380224 0.172894 0.003628 
0.101247 0.191586 -3.396941 -0.378717 0.171435 0.001371 
0.101700 0.184059 -3.357868 -0.377324 0.170182 0.001073 
0.113644 0.186693 -3.474662 -0.376488 0.169450 0.002577 
0.113760 0.178746 -3.673460 -0.376211 0.169287 0.004761 
0.114716 0.194565 -3.852267 -0.375768 0.169508 0.006965 
0.126740 0.187821 -4.102117 -0.376438 0.170034 0.009862 
0.124079 0.187789 -4.153423 -0.377241 0.171112 0.010569 
0.121927 0.196043 -4.026717 -0.378478 0.172256 0.009399 
0.114452 0.207760 -3.825909 -0.380341 0.173617 0.007444 
0.120712 0.219911 -3.645644 -0.382031 0.174790 0.005470 
0.120582 0.235547 -3.391821 -0.384026 0.176188 0.002705 
0.128325 0.246905 -3.376496 -0.385873 0.177471 0.001878 
0.152166 0.257806 -3.496655 -0.387867 0.178758 0.002545 
0.166386 0.249005 -3.700549 -0.389357 0.179734 0.003879 
0.172762 0.252038 -3.894964 -0.390448 0.180962 0.005218 
0.177161 0.256571 -4.143513 -0.390883 0.181832 0.007471 
0.177623 0.245546 -4.185378 -0.390797 0.182500 0.007850 
0.176173 0.245189 -4.051927 -0.390487 0.182681 0.006992 
0.171693 0.246510 -3.847033 -0.389526 0.182492 0.005547 
0.165430 0.250055 -3.642615 -0.388230 0.181744 0.004104 
0.150262 0.252001 -3.396753 -0.386790 0.180381 0.002272 
0.150690 0.245233 -3.368612 -0.385391 0.178940 0.002288 
0.150776 0.231664 -3.475757 -0.383871 0.177041 0.003584 
0.151322 0.226205 -3.675402 -0.382290 0.175156 0.005338 
0.152545 0.219565 -3.873970 -0.380877 0.173551 0.006772 
0.147779 0.216653 -4.114703 -0.379600 0.172093 0.008921 
0.135586 0.207260 -4.146726 -0.378545 0.171320 0.008884 
0.129889 0.202525 -4.024002 -0.377463 0.170480 0.007800 
0.118258 0.200651 -3.818466 -0.376690 0.170052 0.006253 
0.116123 0.201867 -3.643671 -0.376370 0.169851 0.005114 
0.101795 0.201634 -3.385183 -0.376716 0.170102 0.003407 
0.097764 0.204749 -3.353799 -0.377502 0.170414 0.003551 
0.103676 0.209551 -3.477361 -0.378584 0.171253 0.004955 
0.111048 0.204960 -3.682380 -0.380048 0.172280 0.006718 
0.118879 0.199121 -3.885483 -0.381682 0.173589 0.007839 
0.120918 0.197214 -4.149860 -0.383610 0.174949 0.009342 
0.120005 0.195357 -4.206884 -0.385069 0.176393 0.008762 
0.118051 0.193935 -4.077639 -0.386536 0.177817 0.006733 
0.107157 0.205650 -3.877621 -0.387436 0.179203 0.004441 
0.110342 0.210597 -3.698895 -0.388375 0.180109 0.002562 
0.111867 0.224606 -3.449950 -0.388772 0.180926 0.000632 
0.105024 0.228944 -3.420729 -0.388746 0.180973 0.001087 
0.104991 0.229676 -3.527436 -0.388414 0.180801 0.002923 
0.104384 0.214548 -3.727527 -0.388027 0.180354 0.005534 
0.101174 0.210360 -3.917185 -0.387082 0.179260 0.007727 
0.105185 0.193478 -4.168302 -0.386219 0.178118 0.010186 
0.112928 0.190739 -4.201191 -0.384784 0.176635 0.010259 
0.104055 0.171727 -4.067001 -0.383322 0.175139 0.008431 
0.094885 0.178808 -3.850383 -0.381681 0.173453 0.006040 
0.093183 0.172632 -3.654786 -0.380127 0.171904 0.003947 
0.084307 0.187511 -3.397514 -0.378433 0.170405 0.001484 
0.079656 0.182992 -3.357946 -0.377504 0.169475 0.001298 
0.092645 0.176484 -3.463480 -0.377054 0.168921 0.002598 
0.099734 0.180520 -3.684875 -0.376366 0.168911 0.005403 
0.109010 0.182994 -3.883320 -0.376333 0.169261 0.007588 
0.113818 0.178542 -4.122830 -0.376831 0.170315 0.010273 
0.118053 0.182661 -4.172795 -0.377602 0.171345 0.010446 
0.115750 0.189066 -4.035462 -0.378692 0.172965 0.008956 
0.113358 0.188654 -3.824433 -0.380156 0.174189 0.006678 
0.119274 0.208009 -3.643419 -0.381635 0.175654 0.004272 
0.125551 0.219794 -3.409800 -0.383491 0.176912 0.001380 
0.133510 0.231219 -3.395314 -0.385337 0.178194 0.000874 
0.155607 0.243323 -3.517094 -0.386841 0.179208 0.001858 
0.162738 0.239423 -3.732205 -0.388300 0.180048 0.003615 
0.169069 0.244103 -3.918138 -0.389379 0.180894 0.005609 
0.173234 0.249456 -4.146434 -0.389809 0.181572 0.007881 
0.182242 0.244545 -4.198720 -0.390157 0.181707 0.008695 
0.173727 0.248330 -4.065556 -0.389821 0.181940 0.007945 
0.155185 0.242569 -3.849284 -0.389241 0.181461 0.006302 
0.149486 0.238356 -3.653792 -0.388319 0.180514 0.004642 
0.149434 0.247626 -3.406690 -0.386981 0.179335 0.002383 
0.150063 0.241190 -3.367312 -0.385741 0.177794 0.002091 
0.150895 0.243921 -3.483881 -0.384266 0.175993 0.003171 
0.152808 0.235837 -3.693448 -0.382863 0.174768 0.004911 
0.154728 0.227882 -3.872669 -0.381460 0.173538 0.006678 
0.150678 0.222767 -4.113469 -0.380199 0.172648 0.008820 
0.144939 0.208628 -4.136495 -0.378853 0.172018 0.008996 
0.140422 0.210451 -4.003225 -0.377885 0.171649 0.007814 
0.129031 0.207885 -3.787595 -0.377118 0.171409 0.006273 
0.119882 0.211725 -3.591223 -0.376785 0.171636 0.004612 
0.112612 0.207222 -3.362794 -0.377155 0.171841 0.002772 
0.115927 0.213735 -3.351162 -0.377912 0.172295 0.002683 
0.121753 0.211199 -3.473796 -0.379207 0.172844 0.003877 
0.128884 0.207299 -3.688908 -0.380665 0.173684 0.005634 
0.129802 0.207453 -3.902924 -0.382421 0.174568 0.007184 
0.129652 0.207629 -4.117483 -0.383856 0.175460 0.008728 
0.129346 0.206998 -4.175880 -0.385466 0.176615 0.008796 
0.127389 0.215455 -4.068283 -0.386861 0.177664 0.007292 
0.123247 0.216117 -3.889219 -0.387834 0.178619 0.005305 
0.111388 0.221342 -3.700587 -0.388619 0.179534 0.003433 
0.103995 0.224237 -3.441902 -0.388778 0.180026 0.001507 
0.111617 0.236321 -3.401586 -0.388691 0.180163 0.001544 
0.111732 0.228895 -3.527617 -0.388575 0.179893 0.003150 
0.117820 0.217586 -3.737604 -0.387996 0.179498 0.005535 
0.108199 0.207240 -3.915755 -0.387260 0.178921 0.007304 
0.111383 0.189689 -4.157322 -0.386082 0.177975 0.009764 
0.104968 0.185986 -4.210412 -0.384661 0.176785 0.009817 
0.097009 0.174982 -4.086702 -0.383303 0.175384 0.008198 
0.088684 0.172589 -3.870061 -0.381888 0.173974 0.005911 
0.080809 0.169443 -3.674511 -0.380478 0.172756 0.003925 
0.079843 0.170706 -3.416930 -0.379036 0.171482 0.001458 
0.074346 0.175661 -3.377385 -0.377880 0.170276 0.001168 
0.086893 0.169513 -3.504249 -0.377266 0.169633 0.002770 
0.094338 0.165851 -3.703385 -0.376954 0.169421 0.005063 
0.103379 0.169145 -3.881577 -0.376916 0.169579 0.007268 
0.106638 0.166098 -4.141816 -0.377083 0.170266 0.009934 
0.103526 0.166820 -4.172030 -0.377882 0.171152 0.010340 
0.100958 0.174675 -4.055722 -0.378961 0.172396 0.009158 
0.104825 0.178571 -3.845573 -0.380069 0.173579 0.006983 
0.103565 0.195489 -3.674848 -0.381730 0.174616 0.004790 
0.102366 0.211147 -3.421568 -0.383403 0.176022 0.002020 
0.116786 0.227211 -3.396726 -0.385053 0.177164 0.001308 
0.137963 0.231179 -3.538372 -0.386452 0.178088 0.002057 
0.144971 0.234678 -3.723228 -0.387700 0.179214 0.003729 
0.165063 0.239034 -3.918771 -0.388613 0.180061 0.005390 
0.162302 0.230988 -4.168036 -0.389140 0.180976 0.007959 
0.164101 0.228498 -4.179636 -0.389317 0.181634 0.008587 
0.162410 0.228833 -4.056278 -0.389001 0.181628 0.007722 
0.144606 0.229988 -3.850790 -0.388371 0.181531 0.006282 
0.146234 0.230061 -3.655636 -0.387415 0.180535 0.004730 
0.139487 0.235512 -3.398637 -0.386268 0.179304 0.002697 
0.147726 0.240902 -3.379635 -0.384940 0.177909 0.002389 
0.149187 0.234093 -3.495342 -0.383693 0.176386 0.003251 
0.158629 0.230626 -3.694010 -0.382414 0.175012 0.004791 
0.160093 0.223295 -3.882485 -0.381007 0.173595 0.006231 
0.149179 0.222654 -4.112334 -0.379879 0.172657 0.008173 
0.152486 0.212358 -4.145010 -0.378983 0.172062 0.008456 
0.148185 0.214248 -4.012578 -0.378014 0.171692 0.007594 
0.137420 0.212020 -3.817736 -0.377404 0.171356 0.006361 
0.136835 0.211830 -3.622211 -0.377416 0.171522 0.005239 
0.129177 0.216177 -3.384552 -0.377563 0.171637 0.003622 
0.125387 0.218600 -3.343075 -0.378355 0.172136 0.003772 
0.130843 0.224026 -3.475892 -0.379432 0.172788 0.004849 
0.138415 0.219766 -3.669674 -0.381055 0.173717 0.006304 
0.138075 0.219116 -3.872462 -0.382497 0.174798 0.007213 
0.146157 0.221448 -4.136881 -0.384070 0.176117 0.008497 
0.145010 0.220412 -4.173652 -0.385524 0.177370 0.007937 
0.142010 0.228132 -4.055667 -0.386605 0.178615 0.006114 
0.138156 0.236463 -3.866295 -0.387524 0.179762 0.004028 
0.126225 0.234086 -3.688809 -0.388362 0.180485 0.002575 
0.118807 0.237741 -3.441057 -0.388515 0.180787 0.000964 
0.112644 0.250907 -3.402062 -0.388588 0.180737 0.001648 
0.120254 0.239473 -3.529484 -0.388496 0.180414 0.003788 
0.118802 0.233819 -3.729598 -0.387882 0.179690 0.006295 
0.116397 0.221180 -3.918089 -0.387318 0.178585 0.008278 
0.112059 0.208395 -4.169196 -0.386110 0.177503 0.010518 
0.113568 0.200590 -4.190273 -0.385036 0.176250 0.010174 
0.097260 0.193682 -4.066553 -0.383332 0.174909 0.008337 
0.095349 0.187568 -3.839770 -0.381780 0.173356 0.005948 
0.086842 0.183955 -3.653780 -0.380212 0.172239 0.003629 
0.078764 0.181000 -3.396700 -0.378804 0.171014 0.001374 
0.081520 0.187976 -3.388745 -0.377628 0.170329 0.001481 
0.087196 0.176918 -3.506016 -0.377053 0.169923 0.003302 
0.087112 0.168639 -3.716052 -0.376617 0.169859 0.005794 
0.095977 0.170842 -3.894549 -0.376426 0.170305 0.007993 
0.100041 0.159345 -4.153621 -0.376973 0.170981 0.010448 
0.096714 0.159999 -4.182996 -0.377773 0.171868 0.010533 
0.093432 0.160178 -4.044972 -0.378908 0.172919 0.008833 
0.097911 0.164677 -3.843535 -0.380332 0.173906 0.006336 
0.095373 0.181678 -3.642168 -0.381673 0.174948 0.003843 
0.093693 0.198719 -3.409074 -0.383336 0.175978 0.001060 
0.108041 0.207182 -3.395379 -0.385038 0.176928 0.000768 
0.115457 0.211473 -3.527415 -0.386605 0.177852 0.001849 
0.129761 0.219888 -3.753886 -0.387811 0.178745 0.003919 
0.135241 0.224657 -3.941200 -0.388569 0.179599 0.006228 
0.146398 0.218266 -4.180357 -0.389076 0.180033 0.008812 
0.147352 0.225249 -4.191979 -0.389026 0.180415 0.009336 
0.138784 0.220545 -4.089376 -0.388749 0.180649 0.008664 
0.134681 0.223288 -3.872940 -0.388100 0.180073 0.006917 
0.129504 0.225925 -3.687394 -0.387130 0.179509 0.005138 
0.129606 0.227165 -3.429269 -0.386009 0.178227 0.002676 
0.130959 0.227910 -3.388600 -0.384879 0.176970 0.001958 
0.140377 0.215845 -3.503783 -0.383826 0.175674 0.002711 
0.150107 0.220048 -3.692143 -0.382493 0.174492 0.004153 
0.152966 0.219341 -3.870910 -0.381200 0.173545 0.005814 
0.149761 0.204752 -4.111687 -0.380166 0.172931 0.008060 
0.153155 0.201794 -4.145292 -0.379057 0.172627 0.008553 
0.142177 0.198977 -4.022378 -0.378286 0.172398 0.007576 
0.139657 0.199163 -3.816703 -0.377815 0.172481 0.006135 
0.130724 0.203071 -3.621169 -0.377482 0.172707 0.004795 
0.124158 0.206636 -3.372034 -0.377957 0.173003 0.002869 
0.127240 0.213969 -3.340149 -0.378709 0.173266 0.002800 
0.141044 0.215298 -3.472976 -0.380132 0.173857 0.004095 
0.141574 0.224301 -3.677761 -0.381665 0.174652 0.005869 
0.148953 0.229094 -3.881421 -0.383224 0.175395 0.007213 
0.149817 0.220758 -4.125998 -0.385038 0.176280 0.008841 
0.155973 0.224767 -4.174039 -0.386451 0.177295 0.008704 
0.145385 0.229780 -4.046394 -0.387555 0.178209 0.007106 
0.133815 0.242675 -3.847454 -0.388287 0.179315 0.005136 
0.128345 0.244937 -3.659612 -0.388928 0.179898 0.003477 
0.120295 0.248125 -3.421418 -0.388923 0.180301 0.001533 
0.127165 0.243780 -3.402023 -0.388790 0.180345 0.001759 
0.133539 0.240662 -3.528935 -0.388319 0.180034 0.003469 
0.131696 0.233849 -3.728514 -0.387553 0.179599 0.005648 
0.129162 0.228480 -3.917095 -0.386777 0.178785 0.007520 
0.139457 0.215147 -4.158161 -0.385565 0.177790 0.009767 
0.126350 0.197747 -4.179706 -0.384407 0.176923 0.009520 
0.125308 0.190757 -4.036385 -0.382856 0.175568 0.008023 
0.117506 0.195213 -3.829689 -0.381394 0.174542 0.005618 
0.110047 0.192467 -3.623742 -0.380141 0.173224 0.003645 
0.102643 0.198210 -3.387234 -0.378831 0.171905 0.001593 
0.105769 0.197224 -3.369095 -0.377872 0.171117 0.001816 
0.104751 0.191603 -3.505457 -0.377583 0.170379 0.003417 
0.097803 0.187798 -3.704542 -0.377281 0.170268 0.005709 
0.107207 0.183002 -3.902897 -0.377459 0.170327 0.008006 
0.104206 0.175647 -4.162256 -0.377981 0.171054 0.010569 
0.093316 0.172836 -4.171040 -0.378811 0.171799 0.010565 
0.090010 0.173774 -4.043948 -0.379939 0.172661 0.009180 
0.086773 0.182836 -3.832942 -0.381176 0.173607 0.006798 
0.083088 0.192129 -3.673612 -0.382247 0.174470 0.004693 
0.087599 0.195997 -3.430896 -0.383679 0.175642 0.001908 
0.100476 0.213595 -3.396437 -0.384997 0.176411 0.001204 
0.106432 0.216750 -3.528482 -0.386090 0.177632 0.001953 
0.119171 0.217579 -3.734619 -0.387031 0.178339 0.003820 
0.123761 0.213581 -3.900523 -0.387691 0.179286 0.005606 
0.134085 0.206392 -4.160476 -0.387882 0.179921 0.008164 
0.127270 0.209450 -4.193090 -0.387702 0.180263 0.008882 
0.124464 0.201445 -4.070491 -0.387124 0.180262 0.008117 
0.121228 0.203835 -3.864749 -0.386637 0.179777 0.006683 
0.123145 0.211577 -3.659287 -0.385628 0.178972 0.005033 
0.123610 0.204727 -3.421326 -0.384723 0.177591 0.002662 
0.125595 0.205939 -3.371097 -0.383751 0.176233 0.002277 
0.128406 0.206648 -3.506300 -0.382771 0.174896 0.003020 
0.138916 0.203159 -3.704424 -0.381813 0.173515 0.004566 
0.135515 0.198145 -3.882311 -0.380876 0.172609 0.006124 
0.140336 0.195781 -4.133066 -0.379911 0.172041 0.008367 
0.144999 0.193133 -4.154890 -0.379282 0.171630 0.008556 
0.135417 0.196940 -4.022269 -0.378625 0.171871 0.007801 
0.133836 0.204374 -3.816141 -0.378264 0.172237 0.006255 
0.141208 0.198930 -3.620092 -0.378470 0.172631 0.005024 
0.127860 0.214178 -3.391282 -0.378865 0.173173 0.003082 
0.131369 0.211639 -3.369772 -0.379687 0.173812 0.003104 
0.145462 0.220637 -3.492291 -0.381056 0.174595 0.004301 
0.159100 0.229737 -3.696831 -0.382259 0.175298 0.005748 
0.158975 0.229154 -3.900458 -0.383700 0.176378 0.006978 
0.166359 0.223547 -4.155237 -0.385169 0.177603 0.008374 
0.163910 0.223353 -4.172298 -0.386297 0.178671 0.007828 
0.159999 0.233073 -4.035137 -0.387204 0.179444 0.006346 
0.154817 0.243005 -3.836987 -0.387792 0.180218 0.004590 
0.155131 0.251087 -3.639866 -0.388067 0.180380 0.003048 
0.139991 0.259176 -3.412890 -0.388031 0.180646 0.001527 
0.139296 0.261244 -3.394553 -0.387857 0.180173 0.002189 
0.145799 0.250856 -3.521375 -0.387597 0.179571 0.004009 
0.143844 0.237465 -3.730958 -0.387037 0.178657 0.006293 
0.148638 0.236382 -3.919876 -0.386227 0.177794 0.008273 
0.145393 0.222816 -4.159509 -0.385346 0.176893 0.010205 
0.131883 0.214529 -4.159747 -0.384125 0.175837 0.009552 
0.124888 0.210014 -4.024652 -0.382882 0.174907 0.007513 
0.126488 0.200839 -3.849127 -0.381990 0.174101 0.005725 
0.119552 0.204941 -3.653124 -0.380690 0.173166 0.003633 
0.105301 0.205015 -3.396092 -0.379425 0.172272 0.001485 
0.102649 0.198339 -3.356888 -0.378832 0.171901 0.001619 
0.093979 0.195498 -3.473893 -0.378207 0.171598 0.003335 
0.102707 0.191882 -3.673325 -0.378216 0.171377 0.005953 
0.105676 0.181688 -3.871104 -0.378597 0.171766 0.008140 
0.102482 0.183386 -4.140341 -0.379055 0.172308 0.010593 
0.097999 0.176724 -4.169330 -0.379746 0.172913 0.010462 
0.101517 0.174212 -4.052045 -0.380894 0.173536 0.008963 
0.089644 0.179701 -3.851337 -0.381839 0.174352 0.006461 
0.086577 0.189725 -3.670372 -0.383227 0.175015 0.004060 
0.090002 0.203758 -3.437773 -0.384426 0.175722 0.001165 
0.087346 0.213633 -3.414952 -0.385485 0.176409 0.000875 
0.092104 0.211119 -3.538129 -0.386458 0.176966 0.002064 
0.097731 0.207730 -3.744767 -0.387433 0.177721 0.004143 
0.101203 0.205272 -3.933078 -0.387759 0.178300 0.006553 
0.118379 0.203880 -4.183208 -0.387906 0.178505 0.009233 
0.104476 0.201961 -4.205392 -0.387766 0.179084 0.009849 
0.100756 0.185949 -4.072314 -0.387085 0.178989 0.008875 
0.095633 0.197075 -3.856206 -0.386056 0.178424 0.007017 
0.097938 0.195968 -3.659975 -0.385269 0.177708 0.005143 
0.106278 0.199494 -3.421365 -0.384287 0.176850 0.002448 
0.100278 0.196712 -3.391290 -0.383186 0.175453 0.001936 
0.110395 0.192587 -3.516113 -0.382237 0.174253 0.002577 
0.128949 0.191181 -3.714642 -0.381260 0.173390 0.004224 
0.126023 0.184654 -3.902689 -0.380332 0.172864 0.005768 
0.139481 0.185863 -4.143145 -0.379660 0.172427 0.008131 
0.129528 0.173620 -4.165438 -0.378947 0.172401 0.008419 
0.120826 0.186586 -4.011806 -0.378547 0.172445 0.007584 
0.119374 0.186751 -3.805588 -0.378397 0.172520 0.006149 
0.126793 0.189667 -3.609324 -0.378544 0.172917 0.004814 
0.120879 0.192811 -3.370045 -0.379182 0.173304 0.002880 
0.124868 0.208023 -3.378985 -0.380037 0.173666 0.002995 
0.138961 0.217021 -3.501503 -0.381406 0.174448 0.004192 
0.145225 0.213475 -3.705921 -0.382703 0.175197 0.005635 
0.152187 0.217869 -3.919979 -0.384104 0.176041 0.006966 
0.166711 0.225728 -4.154627 -0.385475 0.177027 0.008387 
0.156498 0.221737 -4.162335 -0.386474 0.178052 0.008061 
0.152042 0.238328 -4.035661 -0.387011 0.179216 0.006455 
0.160763 0.240402 -3.859107 -0.387483 0.179797 0.005106 
0.146509 0.247250 -3.662240 -0.387615 0.180348 0.003557 
0.145136 0.255145 -3.414529 -0.387413 0.180610 0.001729 
0.151531 0.252311 -3.384974 -0.387270 0.180274 0.001969 
0.157254 0.249614 -3.502030 -0.386636 0.179871 0.003685 
0.155324 0.235464 -3.700681 -0.386082 0.179146 0.005654 
0.160553 0.233893 -3.898616 -0.385436 0.178375 0.007306 
0.164636 0.224613 -4.138586 -0.384520 0.177425 0.009346 
0.152403 0.216243 -4.169466 -0.383619 0.176365 0.008994 
0.145624 0.211795 -4.035210 -0.382375 0.175434 0.007276 
0.140103 0.198794 -3.817765 -0.381678 0.174573 0.005096 
0.127386 0.207085 -3.622344 -0.380672 0.173681 0.003439 
0.129510 0.215287 -3.375299 -0.379822 0.172772 0.001506 
0.120419 0.213091 -3.357167 -0.379361 0.172356 0.002055 
0.112529 0.202560 -3.483938 -0.379111 0.171855 0.003875 
0.121733 0.197432 -3.693530 -0.379130 0.172014 0.006480 
0.117209 0.201253 -3.881220 -0.379417 0.172077 0.008684 
0.113992 0.193831 -4.139740 -0.379939 0.172805 0.010927 
0.109927 0.187569 -4.158331 -0.380789 0.173310 0.010808 
0.112401 0.184319 -4.030658 -0.381622 0.174129 0.008989 
0.107399 0.194718 -3.839541 -0.382528 0.174709 0.006269 
0.103458 0.195712 -3.649241 -0.383659 0.175565 0.003973 
0.098703 0.205548 -3.417686 -0.384571 0.176328 0.001285 
0.095155 0.216536 -3.395103 -0.385462 0.176735 0.000996 
0.099255 0.214314 -3.538771 -0.386271 0.177205 0.002166 
0.110074 0.215254 -3.746833 -0.386569 0.177927 0.004343 
0.113043 0.205060 -3.944613 -0.386950 0.178315 0.006530 
0.122528 0.207473 -4.174243 -0.386915 0.178669 0.009011 
0.114147 0.202944 -4.186524 -0.386469 0.178825 0.009527 
0.103323 0.192098 -4.052588 -0.385915 0.178494 0.008346 
0.098803 0.194442 -3.846550 -0.385109 0.178017 0.006586 
0.093521 0.190629 -3.640661 -0.384345 0.176971 0.004938 
0.095188 0.199456 -3.402870 -0.383490 0.175875 0.002678 
0.090706 0.195899 -3.393344 -0.382714 0.174661 0.002472 
0.101689 0.191420 -3.528861 -0.381927 0.173552 0.003427 
0.098962 0.195104 -3.727320 -0.381087 0.172554 0.005188 
0.103727 0.184773 -3.935867 -0.380342 0.171880 0.006932 
0.117579 0.177261 -4.155208 -0.379892 0.171528 0.009097 
0.116095 0.176884 -4.166149 -0.379413 0.171636 0.009079 
0.099122 0.168309 -4.021330 -0.379009 0.171825 0.007691 
0.098193 0.175322 -3.825057 -0.378810 0.172283 0.006138 
0.098284 0.173953 -3.628456 -0.378992 0.172729 0.004694 
0.107285 0.184089 -3.399173 -0.379571 0.173399 0.002643 
0.111885 0.190647 -3.387836 -0.380648 0.173845 0.002880 
0.124646 0.191239 -3.510274 -0.381756 0.174633 0.003856 
0.131220 0.204482 -3.715101 -0.382934 0.175387 0.005411 
0.138423 0.208185 -3.919066 -0.384341 0.176419 0.006749 
0.151832 0.207705 -4.154472 -0.385450 0.177410 0.008268 
0.155402 0.212510 -4.182507 -0.386217 0.178250 0.007819 
0.150664 0.221561 -4.035795 -0.386808 0.179219 0.006338 
0.151895 0.227771 -3.827504 -0.387258 0.179849 0.004480 
0.136702 0.227371 -3.631090 -0.387280 0.180116 0.003038 
0.136394 0.245123 -3.404484 -0.387328 0.179997 0.001739 
0.142610 0.251077 -3.396883 -0.386961 0.179574 0.002498 
0.148919 0.249741 -3.533582 -0.386637 0.178787 0.004207 
0.147694 0.243660 -3.711527 -0.386188 0.178153 0.006090 
0.145548 0.229442 -3.909340 -0.385635 0.177428 0.007739 
0.150041 0.220433 -4.169258 -0.384877 0.176382 0.009765 
0.152104 0.218845 -4.159001 -0.383762 0.175697 0.009013 
0.153955 0.217841 -4.044792 -0.382809 0.174901 0.007389 
0.147439 0.212464 -3.816743 -0.381738 0.174240 0.004786 
0.141812 0.215853 -3.610105 -0.380763 0.173485 0.002706 
0.130863 0.212927 -3.373146 -0.380160 0.173334 0.000863 
0.135795 0.218836 -3.365248 -0.379473 0.172920 0.001295 
0.129952 0.214508 -3.492166 -0.379499 0.172981 0.003329 
0.133159 0.213500 -3.701501 -0.379814 0.173183 0.006047 
0.129062 0.207448 -3.899567 -0.380170 0.173623 0.008343 
0.133590 0.204711 -4.148026 -0.380817 0.174202 0.010706 
0.128873 0.198870 -4.156763 -0.381503 0.174614 0.010595 
0.131571 0.205072 -4.028569 -0.382430 0.175149 0.008677 
0.119201 0.202954 -3.806984 -0.383430 0.175771 0.005979 
0.106846 0.209827 -3.626462 -0.384364 0.176211 0.003465 
0.108527 0.225061 -3.395483 -0.385072 0.176646 0.000886 
0.105188 0.235987 -3.404085 -0.385962 0.177056 0.000892 
0.123246 0.234397 -3.538788 -0.386598 0.177332 0.002391 
0.118948 0.228014 -3.748091 -0.386795 0.177871 0.004994 
0.113960 0.223074 -3.946394 -0.386983 0.178031 0.007291 
0.122741 0.217419 -4.196730 -0.386843 0.178294 0.009857 
0.113862 0.205283 -4.188134 -0.386452 0.178256 0.010176 
0.102675 0.202527 -4.034036 -0.385682 0.178023 0.008904 
0.098102 0.196381 -3.858559 -0.384933 0.177548 0.007223 
0.091762 0.192095 -3.630205 -0.384015 0.176599 0.004625 
0.093616 0.191741 -3.412882 -0.383224 0.175693 0.002450 
0.095620 0.192064 -3.382068 -0.382257 0.174527 0.001724 
0.099516 0.182609 -3.507154 -0.381510 0.173655 0.002577 
0.097681 0.185180 -3.705375 -0.380838 0.172936 0.004337 
0.110062 0.186804 -3.903952 -0.380005 0.172404 0.006091 
0.109684 0.170727 -4.154642 -0.379622 0.172154 0.008655 
0.108390 0.171176 -4.177354 -0.379136 0.172073 0.009273 
0.099875 0.174961 -4.044189 -0.378800 0.172306 0.008523 
0.099315 0.174013 -3.837733 -0.378818 0.172660 0.007087 
0.092302 0.177809 -3.640275 -0.379128 0.172871 0.005437 
0.093259 0.185863 -3.410587 -0.379726 0.173022 0.003284 
0.104057 0.188633 -3.388271 -0.380667 0.173325 0.003100 
0.116625 0.198277 -3.520587 -0.381710 0.173929 0.003965 
0.115320 0.191137 -3.734760 -0.383036 0.174539 0.005293 
0.128333 0.199900 -3.918513 -0.384083 0.175338 0.006433 
0.148782 0.196036 -4.164565 -0.385211 0.176089 0.008159 
0.137998 0.199675 -4.193693 -0.385834 0.177317 0.008024 
0.140171 0.212612 -4.057716 -0.386232 0.178337 0.006639 
0.140967 0.219311 -3.840409 -0.386518 0.178874 0.005110 
0.140038 0.226324 -3.644136 -0.386320 0.179332 0.003556 
0.139531 0.233865 -3.407119 -0.386280 0.179686 0.002042 
0.145772 0.239060 -3.388586 -0.385919 0.179452 0.002485 
0.151906 0.236634 -3.525590 -0.385442 0.178953 0.004188 
0.150674 0.230423 -3.733881 -0.384992 0.178323 0.006046 
0.156532 0.219311 -3.930954 -0.384574 0.177829 0.007480 
0.161515 0.218303 -4.169328 -0.383921 0.176875 0.009100 
0.157709 0.213567 -4.158724 -0.383314 0.175942 0.008573 
0.153563 0.216683 -4.044259 -0.382657 0.175190 0.007062 
0.147464 0.211705 -3.805812 -0.381744 0.174429 0.004471 
0.142973 0.223297 -3.580145 -0.380873 0.173763 0.002947 
0.139521 0.225619 -3.373564 -0.380387 0.173279 0.001193 
0.138625 0.227355 -3.366463 -0.380054 0.172905 0.002164 
0.139894 0.227245 -3.492880 -0.380047 0.172917 0.003986 
0.142684 0.225839 -3.712613 -0.380204 0.173219 0.006691 
0.146351 0.223584 -3.920033 -0.380689 0.173703 0.008767 
0.143294 0.208262 -4.137185 -0.381430 0.174324 0.010831 
0.145950 0.205060 -4.154741 -0.382094 0.175069 0.010173 
0.140956 0.215066 -4.006046 -0.382839 0.175752 0.008056 
0.135497 0.216834 -3.795197 -0.383646 0.176424 0.005454 
0.130503 0.226841 -3.646503 -0.384391 0.177107 0.003337 
0.124622 0.238610 -3.394933 -0.385129 0.177399 0.000669 
0.119911 0.232898 -3.373323 -0.385817 0.177808 0.000584 
0.130535 0.243412 -3.518496 -0.386211 0.178238 0.002074 
0.133478 0.233976 -3.727207 -0.386586 0.178438 0.004575 
0.128490 0.229037 -3.925511 -0.386773 0.178598 0.006872 
0.136795 0.224893 -4.165687 -0.386623 0.178481 0.009451 
0.120798 0.208410 -4.187938 -0.386265 0.178495 0.009957 
0.109370 0.206346 -4.043933 -0.385490 0.178075 0.008679 
0.104764 0.201352 -3.836966 -0.384896 0.177309 0.006709 
0.106378 0.201690 -3.629737 -0.384099 0.176214 0.004527 
0.093389 0.201945 -3.391271 -0.383314 0.175217 0.002050 
0.096671 0.202186 -3.391098 -0.382666 0.174046 0.001625 
0.100783 0.192797 -3.517023 -0.381918 0.173174 0.002799 
0.091594 0.191842 -3.725838 -0.381275 0.172315 0.004765 
0.097755 0.188135 -3.924679 -0.380644 0.172112 0.006731 
0.104993 0.184013 -4.165398 -0.380173 0.172003 0.009305 
0.103676 0.175342 -4.177393 -0.379752 0.172107 0.009713 
0.094899 0.170699 -4.043605 -0.379476 0.172338 0.008747 
0.093472 0.170104 -3.826455 -0.379332 0.172601 0.006996 
0.086067 0.172742 -3.628462 -0.379490 0.173101 0.005019 
0.080348 0.176090 -3.408292 -0.380285 0.173393 0.002751 
0.091556 0.179130 -3.405924 -0.381383 0.173600 0.002554 
0.103473 0.189195 -3.528385 -0.382264 0.174112 0.003425 
0.109079 0.185942 -3.753293 -0.383397 0.174773 0.004850 
0.114322 0.190778 -3.958039 -0.384314 0.175532 0.006183 
0.119727 0.187193 -4.194185 -0.385288 0.176292 0.007916 
0.122451 0.192216 -4.193256 -0.385734 0.177135 0.007809 
0.123925 0.197213 -4.047639 -0.386029 0.178060 0.006535 
0.109020 0.204483 -3.840917 -0.385998 0.178519 0.004994 
0.115547 0.208512 -3.644891 -0.385976 0.178636 0.003660 
0.107084 0.221308 -3.408399 -0.385743 0.178762 0.002254 
0.121015 0.222698 -3.410366 -0.385564 0.178380 0.002897 
0.127613 0.229032 -3.536757 -0.385187 0.177784 0.004508 
0.127033 0.222400 -3.754903 -0.384900 0.177245 0.006358 
0.139327 0.216687 -3.952552 -0.384278 0.176423 0.007902 
0.145355 0.206537 -4.179666 -0.384012 0.175646 0.009317 
0.134334 0.204093 -4.158722 -0.383233 0.175241 0.008577 
0.136914 0.210398 -4.012875 -0.382391 0.174725 0.006552 
0.125092 0.207697 -3.795568 -0.381625 0.174486 0.004369 
0.135873 0.218063 -3.630406 -0.380911 0.174008 0.002793 
0.132909 0.219130 -3.373293 -0.380437 0.173896 0.001077 
0.131823 0.220040 -3.354422 -0.380111 0.173711 0.001413 
0.147331 0.228102 -3.491912 -0.379876 0.173725 0.003439 
0.150778 0.226403 -3.691154 -0.380197 0.174115 0.006163 
0.154862 0.224548 -3.888176 -0.380840 0.174498 0.008251 
0.152062 0.217525 -4.136297 -0.381521 0.175126 0.010506 
0.148021 0.210504 -4.143957 -0.382377 0.175820 0.010073 
0.149263 0.225577 -4.007075 -0.382760 0.176273 0.008374 
0.144214 0.227615 -3.816174 -0.383725 0.176850 0.005758 
0.145889 0.242722 -3.615540 -0.384433 0.177288 0.003153 
0.139543 0.245731 -3.374583 -0.385072 0.177677 0.000578 
0.142618 0.252936 -3.373044 -0.385823 0.177944 0.000483 
0.145238 0.260344 -3.518956 -0.386083 0.178143 0.002186 
0.147530 0.251330 -3.717812 -0.386295 0.178251 0.004695 
0.142542 0.246390 -3.916116 -0.386483 0.178411 0.006991 
0.143511 0.228577 -4.157313 -0.386273 0.178627 0.009882 
0.134674 0.224673 -4.178848 -0.385822 0.178596 0.010070 
0.123246 0.222608 -4.034843 -0.385047 0.178176 0.008792 
0.118617 0.208495 -3.817159 -0.384517 0.177595 0.006612 
0.120513 0.216373 -3.629968 -0.383667 0.176695 0.004306 
0.107525 0.216629 -3.391502 -0.382881 0.175698 0.001829 
0.102651 0.211914 -3.381442 -0.381952 0.174773 0.001296 
0.107637 0.211556 -3.516702 -0.381462 0.173708 0.002365 
0.105942 0.196585 -3.735606 -0.380913 0.173174 0.004314 
0.119847 0.197563 -3.924386 -0.380405 0.172822 0.006401 
0.112645 0.184937 -4.165268 -0.380002 0.172810 0.009079 
0.105097 0.181207 -4.156753 -0.379872 0.172766 0.009620 
0.096320 0.176564 -4.022965 -0.379596 0.172997 0.008654 
0.095936 0.176706 -3.816204 -0.379767 0.173063 0.007224 
0.088008 0.172495 -3.608267 -0.379973 0.173180 0.005364 
0.089376 0.180820 -3.398527 -0.380729 0.173235 0.003198 
0.091771 0.179197 -3.406763 -0.381382 0.173600 0.002874 
0.096771 0.185247 -3.548834 -0.382455 0.174065 0.003624 
0.102190 0.191175 -3.753275 -0.383525 0.174536 0.004964 
0.114082 0.191470 -3.968132 -0.384309 0.175345 0.006177 
0.118836 0.188306 -4.194423 -0.385120 0.176013 0.007917 
0.114231 0.189043 -4.193156 -0.385601 0.176904 0.007701 
0.114814 0.195153 -4.047778 -0.385727 0.177550 0.006428 
0.107429 0.197656 -3.831515 -0.385725 0.178144 0.005106 
0.099564 0.201541 -3.635438 -0.385713 0.178362 0.003772 
0.105440 0.205991 -3.429558 -0.385529 0.178388 0.002445 
0.103724 0.216441 -3.411548 -0.384975 0.177926 0.002998 
0.110058 0.214347 -3.537316 -0.384657 0.177327 0.004392 
0.117200 0.203280 -3.734685 -0.384558 0.176825 0.006153 
0.122455 0.200950 -3.921688 -0.383918 0.176243 0.007490 
0.128329 0.198829 -4.159824 -0.383434 0.175569 0.009109 
0.132086 0.197558 -4.169811 -0.382797 0.174778 0.008671 
0.127965 0.199915 -4.044413 -0.382146 0.174215 0.006845 
0.123887 0.201899 -3.817046 -0.381504 0.173827 0.004783 
0.127347 0.208108 -3.621200 -0.380826 0.173394 0.003125 
0.117729 0.213589 -3.384322 -0.380484 0.173237 0.001503 
0.124814 0.209310 -3.365765 -0.380350 0.173280 0.002051 
0.133646 0.212666 -3.512773 -0.380313 0.173435 0.003961 
0.136877 0.210900 -3.711176 -0.380634 0.173826 0.006365 
0.141452 0.216523 -3.959420 -0.381222 0.174408 0.008623 
0.145298 0.205481 -4.144886 -0.381931 0.174977 0.010180 
0.140889 0.206421 -4.162728 -0.382570 0.175774 0.009630 
0.143176 0.212352 -4.014587 -0.383339 0.176404 0.007726 
0.145091 0.226767 -3.803860 -0.384053 0.177031 0.005128 
0.139478 0.236564 -3.604033 -0.384642 0.177806 0.002729 
0.133806 0.248273 -3.383647 -0.385379 0.178101 0.000357 
0.136029 0.255566 -3.383490 -0.385808 0.178375 0.000578 
0.153410 0.255156 -3.519270 -0.386276 0.178371 0.002398 
0.148872 0.249464 -3.738666 -0.386467 0.178722 0.004995 
0.150319 0.249923 -3.937545 -0.386452 0.178553 0.007401 
0.151490 0.232441 -4.167506 -0.386401 0.178670 0.009983 
0.142572 0.221328 -4.157766 -0.386163 0.178344 0.009987 
0.130903 0.219956 -4.023854 -0.385383 0.177736 0.008703 
0.126369 0.222564 -3.805740 -0.384736 0.177162 0.006313 
0.120655 0.218616 -3.598173 -0.383974 0.176116 0.004023 
0.108318 0.218450 -3.369562 -0.383351 0.175211 0.001539 
0.119115 0.213795 -3.390195 -0.382732 0.174180 0.001307 
0.116813 0.208128 -3.526261 -0.382123 0.173451 0.002582 
0.116264 0.200867 -3.703130 -0.381843 0.173097 0.004143 
0.122897 0.205526 -3.933779 -0.381150 0.172900 0.006621 
0.122631 0.196028 -4.174465 -0.380561 0.173128 0.009080 
0.114040 0.191561 -4.155561 -0.380116 0.173280 0.009301 
0.105504 0.186226 -4.011680 -0.379845 0.173699 0.008341 
0.098033 0.181391 -3.794488 -0.380056 0.174003 0.006809 
0.097480 0.189827 -3.586674 -0.380170 0.174073 0.004953 
0.098143 0.190083 -3.397640 -0.380821 0.174037 0.002873 
0.108283 0.193145 -3.395815 -0.381597 0.174253 0.002670 
0.098650 0.199744 -3.547928 -0.382674 0.174630 0.003413 
0.110483 0.201950 -3.742227 -0.383606 0.174959 0.004652 
0.122268 0.195795 -3.936742 -0.384597 0.175284 0.005996 
0.119300 0.197066 -4.183810 -0.385219 0.175916 0.007825 
0.121318 0.194020 -4.203587 -0.385561 0.176667 0.007803 
0.114548 0.196604 -4.068803 -0.385715 0.177173 0.006737 
0.106272 0.200219 -3.852778 -0.385546 0.177487 0.005416 
0.097291 0.195765 -3.657459 -0.385271 0.177711 0.004180 
0.095892 0.204419 -3.420680 -0.385063 0.177784 0.002666 
0.101893 0.210306 -3.412240 -0.384697 0.177363 0.003104 
0.108227 0.208211 -3.538007 -0.384379 0.176764 0.004499 
0.114108 0.206219 -3.745797 -0.383895 0.176086 0.006143 
0.120014 0.203468 -3.942655 -0.383418 0.175596 0.007474 
0.125841 0.192986 -4.181006 -0.382993 0.174918 0.009197 
0.129863 0.190264 -4.169968 -0.382367 0.174504 0.008450 
0.132659 0.196637 -4.024960 -0.381525 0.173987 0.006746 
0.121488 0.193515 -3.817508 -0.380921 0.173841 0.004556 
0.125189 0.199032 -3.611570 -0.380248 0.173595 0.002904 
0.116222 0.204092 -3.384546 -0.380070 0.173531 0.001275 
0.122913 0.208534 -3.387104 -0.379712 0.173488 0.002020 
0.132161 0.212288 -3.523714 -0.379834 0.173543 0.003943 
0.136044 0.210101 -3.731972 -0.380318 0.174026 0.006340 
0.133498 0.211900 -3.938296 -0.381100 0.174553 0.008208 
0.137964 0.201066 -4.174894 -0.381965 0.175030 0.010046 
0.141741 0.206332 -4.161347 -0.382891 0.175766 0.009314 
0.136507 0.217030 -4.022745 -0.383631 0.176261 0.007191 
0.138375 0.223084 -3.812234 -0.384403 0.176885 0.004697 
0.140506 0.237566 -3.602346 -0.385116 0.177511 0.002420 
0.127287 0.245544 -3.373446 -0.385723 0.177762 0.000588 
0.137024 0.247943 -3.394094 -0.386182 0.178176 0.001002 
0.146273 0.251697 -3.530703 -0.386303 0.178231 0.002925 
0.148411 0.250712 -3.740582 -0.386298 0.178441 0.005638 
0.156982 0.245117 -3.959733 -0.386159 0.178700 0.007909 
0.150221 0.232131 -4.179285 -0.385921 0.178777 0.010286 
0.147811 0.234019 -4.158975 -0.385428 0.178314 0.009980 
0.143232 0.227745 -4.013844 -0.384678 0.177843 0.008273 
0.138651 0.221992 -3.795946 -0.384090 0.177266 0.005988 
0.140707 0.221970 -3.567386 -0.383458 0.176260 0.003504 
0.128364 0.221675 -3.369122 -0.382835 0.175358 0.000994 
0.126339 0.224592 -3.379691 -0.382493 0.174611 0.000990 
0.131149 0.223144 -3.515256 -0.381849 0.173833 0.002052 
0.130421 0.224670 -3.714078 -0.381345 0.173393 0.004132 
0.138107 0.220317 -3.903121 -0.381039 0.173369 0.006431 
0.131555 0.207270 -4.153858 -0.380800 0.173449 0.009102 
0.124483 0.202028 -4.155503 -0.380680 0.173785 0.009629 
0.109661 0.193145 -4.021674 -0.380758 0.174056 0.008881 
0.108886 0.192129 -3.814379 -0.380777 0.174412 0.007124 
0.101657 0.195858 -3.616081 -0.381088 0.174623 0.005152 
0.095046 0.200318 -3.396149 -0.381716 0.174636 0.002885 
0.098081 0.208545 -3.393466 -0.382621 0.174615 0.002476 
0.102142 0.207347 -3.535991 -0.383584 0.174797 0.003331 
0.113533 0.209913 -3.751620 -0.384351 0.175037 0.004872 
0.116768 0.207524 -3.957362 -0.384838 0.175522 0.006306 
0.120166 0.196712 -4.194504 -0.385382 0.176007 0.008139 
0.114670 0.198562 -4.193475 -0.385694 0.176619 0.007924 
0.106832 0.201167 -4.059234 -0.385527 0.177133 0.006852 
0.097641 0.196775 -3.832730 -0.385254 0.177353 0.005322 
0.096189 0.196939 -3.626512 -0.385104 0.177427 0.003886 
0.093846 0.198216 -3.420532 -0.384786 0.177222 0.002452 
0.099605 0.204795 -3.422185 -0.384414 0.176613 0.002883 
0.091547 0.202557 -3.547901 -0.384106 0.176115 0.004277 
0.098032 0.191783 -3.765761 -0.383844 0.175525 0.006020 
0.103697 0.189723 -3.972712 -0.383361 0.174847 0.007343 
0.109812 0.186911 -4.200755 -0.382883 0.174361 0.008969 
0.121355 0.179422 -4.180177 -0.382287 0.174082 0.008440 
0.103452 0.172983 -4.034451 -0.381868 0.173704 0.006738 
0.099637 0.183395 -3.807708 -0.381166 0.173319 0.004893 
0.097581 0.192341 -3.591420 -0.380794 0.173305 0.003360 
0.095525 0.201287 -3.375132 -0.380423 0.173291 0.001827 
0.103278 0.205579 -3.407493 -0.380386 0.173245 0.002552 
0.113156 0.199793 -3.543240 -0.380735 0.173577 0.004257 
0.117262 0.207057 -3.750979 -0.381313 0.173775 0.006555 
0.128645 0.200239 -3.967967 -0.381986 0.174299 0.008516 
0.132795 0.205857 -4.184188 -0.382576 0.174878 0.010158 
