Timestamp,X_obj,Y_obj
0.013825,0.000382676,0.000187404,0
0.0144419,0.00038453,0.000180269,0
0.0154549,0.000382716,0.000187411,0
0.0164988,0.000382697,0.000187408,0
0.0174237,0.000384552,0.000180273,0
0.0184104,0.000382692,0.000187407,0
0.0194046,0.000384549,0.000180272,0
0.0210282,0.000384549,0.000180272,0
0.0213727,0.000382689,0.000187406,0
0.0225026,0.000382649,0.000187394,0
0.0233339,0.000384543,0.000180271,0
0.0243747,0.000382715,0.000187416,0
0.0253438,0.000384562,0.000180275,0
0.0263743,0.000382661,0.000187401,0
0.027445,0.000384509,0.000180265,0
0.0284978,0.000384509,0.000180265,0
0.0294587,0.00038454,0.000180271,0
0.0304693,0.000382675,0.000187404,0
0.0317171,0.000384531,0.000180269,0
0.0329179,0.000382666,0.000187401,0
0.0334331,0.00038267,0.000187403,0
0.0343716,0.000382645,0.000187399,0
0.0353708,0.000384543,0.000180271,0
0.0363912,0.00038266,0.000187396,0
0.0374243,0.000384482,0.000180261,0
0.0383704,0.000384482,0.000180261,0
0.039379,0.000384512,0.000180261,0
0.0403776,0.000382587,0.000187384,0
0.0413749,0.000382587,0.000187384,0
0.0423955,0.000382668,0.000187398,0
0.0434382,0.000384501,0.000180264,0
0.0443644,0.000384501,0.000180264,0
0.0453672,0.000384475,0.000180255,0
0.0464022,0.000382627,0.000187396,0
0.0473728,0.000382627,0.000187396,0
0.0484084,0.000382602,0.000187386,0
0.0494087,0.000384445,0.00018025,0
0.0503599,0.000382628,0.000187391,0
0.0514503,0.000384506,0.000180265,0
0.0524273,0.000382609,0.000187388,0
0.0533644,0.000384465,0.000180253,0
0.0543786,0.000382583,0.000187383,0
0.0554121,0.00038448,0.000180256,0
0.0564088,0.00038448,0.000180256,0
0.057343,0.00038446,0.000180252,0
0.0584742,0.000382598,0.000187386,0
0.0594061,0.000384456,0.000180252,0
0.0603629,0.000382595,0.000187385,0
0.061501,0.000384453,0.000180251,0
0.0624695,0.000382593,0.000187385,0
0.0634012,0.00038445,0.000180251,0
0.0643315,0.000382622,0.000187395,0
0.0654011,0.000384447,0.00018025,0
0.0666245,0.000384447,0.00018025,0
0.067369,0.000384455,0.000180257,0
0.0684052,0.000382624,0.00018739,0
0.0693936,0.000384429,0.000180247,0
0.0703583,0.000382554,0.000187378,0
0.0715035,0.000384466,0.000180258,0
0.0725111,0.000382624,0.00018739,0
0.0733568,0.000384446,0.00018025,0
0.0744025,0.000382552,0.000187378,0
0.0753734,0.000384402,0.000180243,0
0.0764239,0.000382589,0.000187384,0
0.0774201,0.000384435,0.000180248,0
0.0783657,0.000382571,0.000187381,0
0.0793776,0.000384426,0.000180247,0
0.0803799,0.000382566,0.000187381,0
0.0813745,0.000384423,0.000180246,0
0.0823841,0.000382563,0.00018738,0
0.0835031,0.00038442,0.000180246,0
0.0845245,0.00038256,0.00018738,0
0.085338,0.000384417,0.000180245,0
0.0867382,0.000384417,0.000180245,0
0.0904387,0.000382589,0.00018739,0
0.0919174,0.000384442,0.000180255,0
0.0953248,0.000382608,0.000187393,0
0.0953912,0.000384508,0.000180276,0
0.09635,0.000382579,0.000187388,0
0.0973436,0.00038438,0.000180239,0
0.0983812,0.000382571,0.000187386,0
0.0994726,0.000382571,0.000187386,0
0.100343,0.000384402,0.000180243,0
0.101391,0.000382554,0.000187383,0
0.102982,0.000384451,0.000180256,0
0.104231,0.000382601,0.000187391,0
0.104552,0.000384412,0.000180249,0
0.105448,0.000384388,0.000180241,0
0.10645,0.000384425,0.000180252,0
0.107483,0.000384429,0.000180253,0
0.108749,0.000384434,0.000180253,0
0.110268,0.000384456,0.000180263,0
0.110702,0.000382619,0.0001874,0
0.111515,0.000384394,0.000180241,0
0.112747,0.000382538,0.000187381,0
0.114262,0.000384445,0.00018026,0
0.115157,0.000382656,0.000187406,0
0.116303,0.000384427,0.000180252,0
0.116683,0.00038256,0.00018739,0
0.117488,0.00038256,0.00018739,0
0.11841,0.000384323,0.000180229,0
0.119871,0.000384442,0.000180259,0
0.120567,0.000384442,0.000180259,0
0.121437,0.000384442,0.000180259,0
0.122349,0.000384382,0.00018024,0
0.123382,0.000384408,0.000180249,0
0.124372,0.000382581,0.000187383,0
0.125432,0.000384371,0.000180242,0
0.126392,0.000382497,0.000187369,0
0.127441,0.000384363,0.000180236,0
0.128738,0.000382505,0.00018737,0
0.129542,0.000384341,0.000180232,0
0.13051,0.000382553,0.000187384,0
0.132094,0.000384398,0.000180247,0
0.132724,0.000382533,0.00018738,0
0.133523,0.000384389,0.000180246,0
0.134552,0.000382529,0.000187379,0
0.135596,0.000382522,0.000187377,0
0.136622,0.000384383,0.000180245,0
0.13763,0.000382523,0.000187378,0
0.138419,0.00038438,0.000180244,0
0.139391,0.000382488,0.000187367,0
0.140393,0.000384323,0.000180229,0
0.141411,0.000382481,0.000187366,0
0.142366,0.000384366,0.000180237,0
0.14356,0.000382489,0.000187368,0
0.144525,0.000384339,0.000180232,0
0.145493,0.000382478,0.000187366,0
0.146408,0.000382508,0.000187376,0
0.147388,0.000384365,0.000180241,0
0.148442,0.000382505,0.000187375,0
0.149382,0.000384362,0.000180241,0
0.150442,0.00038247,0.000187364,0
0.151381,0.000384337,0.000180237,0
0.152366,0.000382517,0.000187377,0
0.153372,0.000384351,0.000180234,0
0.154366,0.000382457,0.000187367,0
0.15536,0.000384333,0.000180231,0
0.156362,0.000382465,0.000187363,0
0.157366,0.000384297,0.000180225,0
0.158375,0.000382476,0.000187365,0
0.159422,0.00038432,0.000180229,0
0.160405,0.000382456,0.000187362,0
0.161535,0.000384311,0.000180227,0
0.16248,0.000382451,0.000187361,0
0.163522,0.000384341,0.000180237,0
0.164516,0.000384333,0.000180237,0
0.165459,0.000382478,0.000187371,0
0.166376,0.000384335,0.000180237,0
0.167598,0.000382475,0.00018737,0
0.1684,0.000384332,0.000180236,0
0.169416,0.00038244,0.000187359,0
0.170348,0.000384307,0.000180232,0
0.171377,0.000382455,0.000187362,0
0.172383,0.000384299,0.000180226,0
0.17338,0.000382445,0.000187365,0
0.174443,0.00038433,0.000180231,0
0.175367,0.00038244,0.000187359,0
0.176421,0.000384264,0.00018022,0
0.177439,0.000382399,0.000187352,0
0.178375,0.000384301,0.000180226,0
0.179439,0.000382431,0.000187358,0
0.180395,0.000384283,0.000180223,0
0.181388,0.0206916,0.00406675,0
0.182337,0.0345118,0.00665892,0
0.183393,0.0390477,0.00798105,0
0.184362,0.0438049,0.00923975,0
0.185393,0.0484753,0.0104241,0
0.186388,0.0529417,0.0115672,0
0.187429,0.0571989,0.0126323,0
0.188385,0.0597758,0.0132424,0
0.189387,0.0649617,0.0145374,0
0.190371,0.0685184,0.0153814,0
0.191373,0.0696179,0.0156891,0
0.192385,0.0744159,0.0168866,0
0.193373,0.0769189,0.0174054,0
0.19437,0.0763774,0.0171672,0
0.195424,0.0807008,0.0198337,0
0.196365,0.0760639,0.0152526,0
0.197404,0.0827918,0.0185107,0
0.198405,0.0837136,0.0187265,0
0.1994,0.0841039,0.0186918,0
0.200366,0.0841846,0.0185942,0
0.201639,0.0839963,0.0185523,0
0.202482,0.0835504,0.0183418,0
0.203409,0.0830047,0.0180431,0
0.204383,0.085365,0.0202275,0
0.205388,0.0800965,0.0168687,0
0.206373,0.0800965,0.0168687,0
0.207372,0.0777341,0.0161552,0
0.208402,0.0764219,0.0157059,0
0.209391,0.0748977,0.0152678,0
0.210371,0.0709844,0.0142192,0
0.211375,0.0719132,0.0143641,0
0.212352,0.070553,0.0156389,0
0.213432,0.0643457,0.0110102,0
0.214388,0.0673891,0.0130535,0
0.215381,0.0639121,0.0122503,0
0.21637,0.0625308,0.0118256,0
0.217372,0.0630835,0.0118712,0
0.218391,0.0597855,0.0110281,0
0.219376,0.0584825,0.0106493,0
0.22037,0.060878,0.0125643,0
0.221363,0.0540114,0.00809265,0
0.222385,0.054491,0.00947092,0
0.223406,0.0549774,0.00967954,0
0.224364,0.0537543,0.00932681,0
0.225367,0.0525132,0.00899034,0
0.226377,0.0512854,0.00864174,0
0.22744,0.0500765,0.00842842,0
0.228472,0.0504309,0.0098,0
0.229451,0.046236,0.00615339,0
0.230509,0.0466032,0.00741461,0
0.231431,0.0455744,0.00721748,0
0.23248,0.0446624,0.00692387,0
0.233481,0.035366,0.00629945,0
0.234812,0.0339372,0.00604106,0
0.235432,0.0339159,0.00611045,0
0.236444,0.0307624,0.00540607,0
0.237342,0.0307624,0.00540607,0
0.23866,0.0289566,0.00493689,0
0.2397,0.0279577,0.00472043,0
0.240417,0.0262942,0.0043504,0
0.241382,0.0264394,0.00430888,0
0.242456,0.0255582,0.00412357,0
0.243383,0.0240688,0.00378438,0
0.244469,0.024204,0.0037593,0
0.245396,0.024204,0.0037593,0
0.246422,0.0219553,0.00337803,0
0.24761,0.0220654,0.00334953,0
0.248372,0.0212964,0.00319908,0
0.249379,0.0200661,0.00291691,0
0.250383,0.019951,0.00298672,0
0.251458,0.0187398,0.0026554,0
0.252375,0.0183173,0.00250481,0
0.253375,0.018391,0.00253914,0
0.254366,0.0171332,0.00226888,0
0.255421,0.0166075,0.0021372,0
0.256364,0.0161276,0.00202952,0
0.25743,0.0156614,0.00191385,0
0.258381,0.015205,0.00181356,0
0.25939,0.0146902,0.00178446,0
0.260405,0.0148985,0.00182279,0
0.261349,0.0148985,0.00182279,0
0.262415,0.0144333,0.00169384,0
0.263447,0.0136329,0.001496,0
0.264366,0.0130282,0.00143137,0
0.265371,0.0131641,0.00138775,0
0.266384,0.0122525,0.00123648,0
0.267372,0.0118485,0.00115206,0
0.26837,0.0114721,0.00107253,0
0.269391,0.0111172,0.000984693,0
0.270514,0.0107691,0.000911433,0
0.271406,0.0104336,0.000830521,0
0.272423,0.0101049,0.000763165,0
0.273479,0.00971878,0.000762432,0
0.274434,0.00939036,0.000707311,0
0.275513,0.00908514,0.000631718,0
0.276456,0.00878721,0.000567556,0
0.277422,0.00866737,0.000470259,0
0.278436,0.00838635,0.000412263,0
0.279368,0.00811534,0.000345771,0
0.280347,0.00784948,0.000292098,0
0.281392,0.00759334,0.000230185,0
0.282398,0.0073418,0.000180842,0
0.28336,0.00693059,0.000152318,0
0.284352,0.0065478,0.000102129,0
0.285359,0.0065478,0.000102129,0
0.286388,0.00576908,1.17244e-05,0
0.287387,0.00587244,3.49912e-05,0
0.288443,0.00567837,9.75845e-05,0
0.289332,0.0054804,0.00013571,0
0.290372,0.00528159,0.000183169,0
0.291458,0.00508305,0.000221361,0
0.292401,0.00489874,0.000264284,0
0.293649,0.00471368,0.000297557,0
0.294392,0.00453574,0.000339449,0
0.295588,0.00429714,0.000300078,0
0.29637,0.0041127,0.000332917,0
0.297426,0.00394154,0.000365363,0
0.298474,0.00377837,0.000408005,0
0.299396,0.00344161,0.000403482,0
0.300445,0.0030137,0.000442205,0
0.301401,0.00302237,0.000500099,0
0.3024,0.00297226,0.000500609,0
0.303423,0.00297226,0.000500609,0
0.304412,0.00262995,0.000496659,0
0.305364,0.00298345,0.000570784,0
0.306382,0.00259344,0.000493053,0
0.307391,0.00262281,0.000607994,0
0.308396,0.00289589,0.000644815,0
0.309397,0.00222119,0.000648504,0
0.310389,0.00245254,0.000656911,0
0.311413,0.00166371,0.000623815,0
0.312398,0.00166371,0.000623815,0
0.31338,0.00156679,0.000706165,0
0.314387,0.00162147,0.000680733,0
0.315371,0.00140034,0.000828778,0
0.31636,0.00107291,0.000753901,0
0.317384,0.000915427,0.000795324,0
0.318374,0.00102024,0.000826209,0
0.319392,0.000917918,0.000749384,0
0.320367,0.000638167,0.000863949,0
0.321386,0.000737526,0.000885982,0
0.322421,0.000662046,0.000917795,0
0.323374,0.000400912,0.000882917,0
0.324388,0.00029289,0.000936611,0
0.325412,0.000220142,0.000907361,0
0.326353,4.13807e-05,0.000922477,0
0.327368,0.00013052,0.000922748,0
0.328385,2.29801e-05,0.000992221,0
0.329388,0.000139565,0.000903332,0
0.330353,0.000218191,0.00095596,0
0.331468,0.000295908,0.000926702,0
0.332371,0.000535336,0.000938604,0
0.333358,0.000619062,0.000942296,0
0.33442,0.000503299,0.00101474,0
0.335479,0.000567277,0.000990719,0
0.336374,0.000791655,0.000997422,0
0.337601,0.000690593,0.0010511,0
0.338448,0.000807129,0.000968569,0
0.339387,0.00098264,0.00102244,0
0.340404,0.000863137,0.00109647,0
0.34142,0.000981245,0.00100295,0
0.342357,0.00114746,0.00106223,0
0.343387,0.00107993,0.00106149,0
0.344388,0.00120886,0.000969767,0
0.345373,0.00137158,0.00102227,0
0.346369,0.0013148,0.000998167,0
0.347398,0.00147368,0.00104972,0
0.348388,0.00152381,0.00106834,0
0.349374,0.00156938,0.00107392,0
0.350392,0.00161238,0.0010884,0
0.351405,0.00165648,0.00109299,0
0.352399,0.00169741,0.00110656,0
0.353421,0.00163873,0.00106908,0
0.354359,0.00183198,0.00105875,0
0.356108,0.00178825,0.00101676,0
0.356433,0.00192786,0.00107477,0
0.357393,0.00187378,0.00104227,0
0.358386,0.00200904,0.00109863,0
0.359382,0.00205095,0.00110608,0
0.360368,0.00208485,0.00111955,0
0.361343,0.00202772,0.00108352,0
0.362373,0.00215448,0.00113531,0
0.363514,0.00219246,0.00114063,0
0.364364,0.00227389,0.00108896,0
0.365446,0.00231848,0.00108484,0
0.366384,0.00231848,0.00108484,0
0.36743,0.00252953,0.00103558,0
0.368397,0.00238193,0.00110688,0
0.369375,0.00241179,0.00112106,0
0.370526,0.00230604,0.0011499,0
0.371453,0.00240985,0.00120655,0
0.37249,0.00244155,0.0012072,0
0.373395,0.00246608,0.00121424,0
0.374417,0.00254216,0.00114967,0
0.375361,0.00254216,0.00114967,0
0.376388,0.00275823,0.00108322,0
0.3774,0.00247207,0.00118045,0
0.378395,0.00247207,0.00118045,0
0.37939,0.00256902,0.00123494,0
0.380404,0.00259762,0.00123412,0
0.381403,0.0025706,0.0013023,0
0.382366,0.00258258,0.00130513,0
0.383472,0.00260254,0.00130671,0
0.384481,0.00260254,0.00130671,0
0.385362,0.00264396,0.00130161,0
0.386393,0.00271352,0.00123283,0
0.387389,0.00274452,0.00123006,0
0.388412,0.00274452,0.00123006,0
0.389379,0.00278808,0.00123697,0
0.390457,0.00281108,0.00123491,0
0.391526,0.00281108,0.00123491,0
0.392362,0.00267347,0.00131328,0
0.39339,0.00274848,0.00127573,0
0.394399,0.00288552,0.0012497,0
0.395382,0.00291895,0.00124763,0
0.396401,0.00275886,0.00131999,0
0.397497,0.00288125,0.00121987,0
0.398376,0.00298017,0.00124934,0
0.399519,0.0030489,0.001196,0
0.400412,0.00308003,0.001187,0
0.401371,0.00309945,0.00119801,0
0.402396,0.00312075,0.00119942,0
0.403394,0.00288504,0.00125434,0
0.404376,0.00304244,0.00123828,0
0.405392,0.00299162,0.0013041,0
0.406366,0.00290375,0.00132544,0
0.407382,0.00309418,0.00126033,0
0.408388,0.0030521,0.00130658,0
0.409484,0.0029627,0.00133722,0
0.410387,0.00315388,0.00126212,0
0.411405,0.00310736,0.00131828,0
0.412458,0.00310736,0.00131828,0
0.413365,0.00337862,0.00117522,0
0.414396,0.0032292,0.0012518,0
0.415436,0.00317994,0.00123575,0
0.416446,0.0034453,0.00118492,0
0.417381,0.00328361,0.00128033,0
0.41839,0.00337133,0.00122877,0
0.41938,0.00348741,0.00121428,0
0.420463,0.00351718,0.00120607,0
0.42139,0.00353135,0.00121549,0
0.422378,0.00354748,0.00121598,0
0.42338,0.00360431,0.00116453,0
0.424361,0.00363066,0.00115809,0
0.425382,0.00364529,0.00117124,0
0.426376,0.00366166,0.00117461,0
0.42748,0.00367596,0.00118628,0
0.428476,0.0036944,0.0011909,0
0.429676,0.00369202,0.00118803,0
0.430515,0.00370557,0.0011988,0
0.431607,0.00361894,0.00123341,0
0.432421,0.00361994,0.00124631,0
0.433542,0.00369952,0.00127304,0
0.43457,0.0035325,0.00136745,0
0.43547,0.00366297,0.00124841,0
0.436376,0.00377695,0.00122141,0
0.437356,0.0036219,0.00130202,0
0.438365,0.00371209,0.00125504,0
0.439497,0.00363619,0.00131872,0
0.440401,0.00377769,0.00120274,0
0.441368,0.00367242,0.00131909,0
0.442411,0.00376589,0.00127174,0
0.443463,0.00386967,0.00124484,0
0.444472,0.00389228,0.00124457,0
0.445399,0.00390445,0.00124327,0
0.446378,0.00391452,0.00125196,0
0.447408,0.00392699,0.00125061,0
0.448366,0.00397622,0.00119886,0
0.44953,0.00399799,0.00119135,0
0.450432,0.00401099,0.0012062,0
0.451366,0.00402153,0.00120556,0
0.45238,0.00403233,0.00121626,0
0.453455,0.00403233,0.00121626,0
0.454364,0.00405697,0.00122948,0
0.455403,0.00379376,0.00135377,0
0.456613,0.00397482,0.00127501,0
0.457366,0.00397482,0.00127501,0
0.458367,0.00392258,0.00133461,0
0.459387,0.00402107,0.00127294,0
0.460373,0.00411282,0.00125517,0
0.461463,0.0039925,0.00128276,0
0.462484,0.00409911,0.00122311,0
0.463441,0.00419214,0.00119952,0
0.464389,0.0040331,0.00130013,0
0.465423,0.00395545,0.00133488,0
0.466362,0.00395545,0.00133488,0
0.467388,0.00405776,0.00131851,0
0.468391,0.00398929,0.00135584,0
0.469386,0.00417238,0.00126534,0
0.47039,0.00409081,0.00133826,0
0.471366,0.00402337,0.00136489,0
0.472371,0.00420323,0.00128199,0
0.473399,0.00430356,0.00124955,0
0.474381,0.00430158,0.00124665,0
0.475465,0.00417591,0.00128877,0
0.476392,0.00428799,0.00123693,0
0.477348,0.00438578,0.00120771,0
0.478382,0.00420562,0.00130519,0
0.479945,0.00431818,0.00124305,0
0.480528,0.00432109,0.001251,0
0.48138,0.00432861,0.0012609,0
0.482389,0.0043411,0.0012608,0
0.483375,0.0043503,0.00126984,0
0.484434,0.00436144,0.00126939,0
0.485829,0.00437036,0.00127822,0
0.486451,0.00438131,0.00127747,0
0.487361,0.00439006,0.00128603,0
0.488378,0.00443365,0.00122701,0
0.489366,0.00445039,0.00122963,0
0.49037,0.0044621,0.00123126,0
0.491412,0.00447086,0.00124334,0
0.492443,0.00448197,0.00124515,0
0.493387,0.00449084,0.00125604,0
0.49445,0.00450163,0.00125724,0
0.495565,0.00451192,0.00127054,0
0.496366,0.00452062,0.00126838,0
0.497411,0.00452887,0.00127834,0
0.498378,0.00458508,0.00130132,0
0.499361,0.00462438,0.00125371,0
0.500394,0.00446284,0.00135218,0
0.501402,0.00457275,0.0012909,0
0.502379,0.00464535,0.00127165,0
0.503375,0.00448713,0.00137112,0
0.504389,0.00462729,0.00125332,0
0.505366,0.00467786,0.00127713,0
0.506567,0.00451004,0.00139591,0
0.507429,0.00462259,0.0013252,0
0.508324,0.00469264,0.001305,0
0.509397,0.00471071,0.00129721,0
0.510379,0.00471646,0.00130691,0
0.511375,0.0047243,0.00130763,0
0.512428,0.00458314,0.00136833,0
0.513405,0.00470467,0.0012904,0
0.514408,0.00477253,0.00127268,0
0.515389,0.00461464,0.00137656,0
0.516364,0.00475632,0.00125794,0
0.51739,0.00462812,0.00139102,0
0.518372,0.00462812,0.00139102,0
0.519354,0.00481904,0.00129576,0
0.520412,0.00465219,0.00141783,0
0.521373,0.00465219,0.00141783,0
0.522364,0.00483269,0.00132455,0
0.523392,0.00467507,0.0014277,0
0.524396,0.0048168,0.00130698,0
0.525365,0.00486169,0.00132786,0
0.526378,0.00472158,0.00139379,0
0.527389,0.00487248,0.00125733,0
0.528376,0.00491476,0.00128985,0
0.529447,0.0047505,0.00140633,0
0.530399,0.00469344,0.0014545,0
0.531369,0.00486778,0.00135005,0
0.532405,0.00476306,0.00143479,0
0.533398,0.00474211,0.00140972,0
0.534373,0.00489568,0.00136402,0
0.535403,0.00495838,0.00133611,0
0.536408,0.00479907,0.00145211,0
0.537481,0.0049196,0.00137702,0
0.538379,0.00497672,0.0013564,0
0.539383,0.00484436,0.00140727,0
0.540389,0.00496984,0.00133528,0
0.541349,0.00496984,0.00133528,0
0.542385,0.00486903,0.00142814,0
0.543398,0.00499148,0.00135352,0
0.544524,0.00504613,0.00133503,0
0.545497,0.00488999,0.00144485,0
0.546407,0.00501095,0.00137877,0
0.547574,0.00506641,0.00134976,0
0.548671,0.00506641,0.00134976,0
0.549416,0.00486056,0.0015083,0
0.550402,0.00488069,0.00146983,0
0.551487,0.00506545,0.00134819,0
0.552385,0.00495511,0.00143771,0
0.553369,0.00491574,0.00147252,0
0.554489,0.00508515,0.00137461,0
0.555406,0.00497506,0.00145589,0
0.556367,0.00510555,0.00138233,0
0.557578,0.00517891,0.00129802,0
0.55838,0.0050273,0.00141488,0
0.559456,0.00515343,0.00134028,0
0.560433,0.00515343,0.00134028,0
0.561718,0.00512251,0.00134509,0
0.562453,0.00512136,0.00134224,0
0.56339,0.00515661,0.00136383,0
0.564459,0.00519386,0.00139443,0
0.565411,0.00501268,0.00157026,0
0.566678,0.00515189,0.00145199,0
0.567509,0.00520746,0.00141369,0
0.568379,0.00520636,0.00141086,0
0.569406,0.00521884,0.00141394,0
0.570376,0.00521884,0.00141394,0
0.571586,0.00503435,0.00160575,0
0.57237,0.00499587,0.00164471,0
0.573396,0.00516337,0.00153809,0
0.574449,0.00504999,0.00161281,0
0.57537,0.00503399,0.00159922,0
0.576415,0.00520796,0.00147741,0
0.577425,0.00509101,0.00156633,0
0.578398,0.00505985,0.00160064,0
0.579409,0.00522619,0.00149604,0
0.580443,0.00527825,0.0014555,0
0.58143,0.00512364,0.00157929,0
0.582381,0.00508749,0.00162071,0
0.583396,0.0052527,0.00151607,0
0.584386,0.00513701,0.00159571,0
0.585386,0.00510706,0.00163927,0
0.58639,0.00527475,0.00152346,0
0.587358,0.00515595,0.00161321,0
0.588393,0.00514531,0.00159309,0
0.58937,0.00531594,0.00147799,0
0.590443,0.00519618,0.00156908,0
0.591441,0.00517035,0.00160531,0
0.592328,0.00517035,0.00160531,0
0.593426,0.00517713,0.00162439,0
0.594394,0.00518339,0.00163414,0
0.595432,0.00519147,0.00163464,0
0.59642,0.00519736,0.00164465,0
0.597388,0.00520543,0.00164506,0
0.598357,0.00521201,0.00165749,0
0.599444,0.0052195,0.00165516,0
0.600389,0.00522549,0.00166487,0
0.601434,0.00524794,0.0016136,0
0.602386,0.00525775,0.001615,0
0.603403,0.0052653,0.00161693,0
0.604386,0.00527106,0.00163186,0
0.605357,0.00544107,0.00150681,0
0.606374,0.00531739,0.00160225,0
0.607441,0.00531739,0.00160225,0
0.608475,0.00529787,0.00164007,0
0.609375,0.00529733,0.00165799,0
0.610372,0.0053046,0.00166033,0
0.611378,0.00531056,0.0016707,0
0.612378,0.00531835,0.00167181,0
0.613412,0.00532394,0.00168238,0
0.614407,0.0053317,0.00168334,0
0.61537,0.00534871,0.00164012,0
0.616449,0.00536044,0.00163532,0
0.61735,0.00536525,0.00164729,0
0.618634,0.00537205,0.00165063,0
0.619384,0.00553738,0.00153631,0
0.620394,0.00554444,0.00153867,0
0.621357,0.00554935,0.00155036,0
0.622359,0.00555641,0.00155239,0
0.62337,0.00556134,0.00156376,0
0.624378,0.00556842,0.00156547,0
0.625369,0.00557337,0.00157656,0
0.62638,0.00558048,0.001578,0
0.627356,0.0055947,0.00153564,0
0.628396,0.0056054,0.0015313,0
0.629367,0.00560936,0.00154362,0
0.630421,0.00561539,0.00154725,0
0.631403,0.00561967,0.0015598,0
0.632368,0.00562619,0.00156256,0
0.633381,0.00563056,0.00157468,0
0.634526,0.00563712,0.00157709,0
0.635594,0.00564201,0.00159152,0
0.636372,0.00549207,0.00172017,0
0.637429,0.00565259,0.00160242,0
0.638477,0.00565923,0.00160421,0
0.639369,0.00550769,0.00174454,0
0.640395,0.00567732,0.00156414,0
0.641388,0.00566586,0.00161248,0
0.642369,0.00568503,0.00157706,0
0.643389,0.00569378,0.00158389,0
0.644439,0.00569995,0.00158623,0
0.645427,0.00570348,0.00159918,0
0.646376,0.00570952,0.00160207,0
0.647405,0.00571348,0.00161427,0
0.648472,0.00571965,0.00161675,0
0.649357,0.00572367,0.00162864,0
0.650384,0.0057299,0.0016308,0
0.651564,0.00573893,0.00158989,0
0.652441,0.00573893,0.00158989,0
0.65337,0.00575077,0.00159909,0
0.654551,0.00575576,0.00160312,0
0.65542,0.0057675,0.00162573,0
0.656382,0.0057675,0.00162573,0
0.65736,0.00592693,0.00149879,0
0.658378,0.00577989,0.00163988,0
0.659401,0.00577989,0.00163988,0
0.660376,0.00593198,0.00157076,0
0.661361,0.00577758,0.00170194,0
0.662394,0.00578858,0.00171897,0
0.663391,0.00578756,0.00176461,0
0.664361,0.00579089,0.0017271,0
0.665375,0.00580106,0.00172029,0
0.666523,0.0058053,0.00173157,0
0.667426,0.00596059,0.00159957,0
0.668359,0.00581101,0.00172955,0
0.669409,0.00582103,0.00174605,0
0.670397,0.00582243,0.0017924,0
0.671363,0.00582882,0.00181331,0
0.672386,0.00583908,0.0018118,0
0.673406,0.00584578,0.00181929,0
0.674361,0.00585418,0.00181771,0
0.675414,0.00586052,0.00177393,0
0.676594,0.00587062,0.00176692,0
0.677369,0.00587461,0.00177736,0
0.678365,0.00588093,0.00177803,0
0.679374,0.00588536,0.00178781,0
0.680388,0.00589201,0.00178787,0
0.681378,0.00574985,0.00193117,0
0.682386,0.00590164,0.00184399,0
0.683409,0.00590284,0.00181134,0
0.684377,0.00576827,0.00193803,0
0.685369,0.00591839,0.00186022,0
0.686443,0.00592004,0.00181816,0
0.687384,0.00578203,0.00190332,0
0.688403,0.00579173,0.00194481,0
0.689386,0.00593441,0.00182586,0
0.690374,0.00579348,0.00191357,0
0.691386,0.00580368,0.00196492,0
0.692655,0.00594863,0.00183541,0
0.693526,0.00580531,0.00193261,0
0.694367,0.0058192,0.00197456,0
0.695366,0.00581857,0.00198947,0
0.696522,0.00582468,0.00198954,0
0.697397,0.00582978,0.00199442,0
0.698398,0.00597426,0.00186025,0
0.699403,0.00583095,0.00195707,0
0.700382,0.00598484,0.00181267,0
0.701388,0.00583769,0.00191085,0
0.702538,0.00585305,0.00195474,0
0.703617,0.0058516,0.00197096,0
0.704375,0.0058516,0.00197096,0
0.705391,0.00586835,0.00202956,0
0.706467,0.00586149,0.00198662,0
0.707456,0.00586842,0.0019928,0
0.70845,0.00587351,0.00199218,0
0.709378,0.00587391,0.00198994,0
0.710367,0.00587196,0.00195247,0
0.711345,0.00589035,0.00200604,0
0.71237,0.00602834,0.00186642,0
0.713509,0.00587856,0.00191797,0
0.714402,0.00589835,0.00196269,0
0.715392,0.00589628,0.00197995,0
0.716519,0.00589628,0.00197995,0
0.717368,0.00590067,0.00198209,0
0.718512,0.0059102,0.00198767,0
0.719411,0.00591304,0.00199657,0
0.720364,0.00591304,0.00199657,0
0.721548,0.00591754,0.00201231,0
0.722405,0.00592111,0.00202235,0
0.723355,0.00592111,0.00202235,0
0.724404,0.0059212,0.00198253,0
0.725468,0.00592722,0.00197758,0
0.726358,0.00592722,0.00197758,0
0.727477,0.00594655,0.0020372,0
0.728381,0.005928,0.0020054,0
0.729346,0.005928,0.0020054,0
0.730437,0.00591885,0.0019635,0
0.731494,0.00594678,0.00200957,0
0.73248,0.00594538,0.0020286,0
0.733392,0.00608339,0.00188999,0
0.734409,0.00593354,0.00199046,0
0.735331,0.00596453,0.0020363,0
0.736413,0.00596367,0.00205268,0
0.737361,0.00595728,0.00200395,0
0.738411,0.00596103,0.00200876,0
0.739361,0.00596308,0.00201002,0
0.74032,0.00596405,0.00202202,0
0.741451,0.00596684,0.00202363,0
0.742371,0.00596826,0.00203512,0
0.743359,0.00596826,0.00203512,0
0.744402,0.00597278,0.0020478,0
0.745486,0.00597422,0.00205087,0
0.746378,0.00597473,0.00206193,0
0.747598,0.00597702,0.00206058,0
0.748362,0.00597455,0.00207119,0
0.749401,0.00597455,0.00207119,0
0.750343,0.00594698,0.00202728,0
0.751397,0.00592624,0.00202565,0
0.752444,0.00584858,0.0020226,0
0.753359,0.0060285,0.00200918,0
0.75439,0.0060293,0.00200715,0
0.755457,0.00599809,0.00201512,0
0.756538,0.00599809,0.00201512,0
0.757367,0.00600002,0.00202698,0
0.758404,0.00600019,0.00204342,0
0.75943,0.00600623,0.00204144,0
0.760383,0.00600874,0.00205615,0
0.761739,0.00613252,0.00191335,0
0.762452,0.00605045,0.00210326,0
0.763529,0.0060022,0.00201968,0
0.764385,0.00601192,0.0020063,0
0.765515,0.00601339,0.00202178,0
0.766516,0.00591488,0.00216011,0
0.767464,0.00605623,0.00208745,0
0.768465,0.00602793,0.00203984,0
0.76938,0.0060339,0.00205125,0
0.770339,0.00604203,0.00204865,0
0.771384,0.0061659,0.00192443,0
0.772358,0.00605524,0.00206395,0
0.773525,0.00605984,0.00208064,0
0.774396,0.00606888,0.00207848,0
0.775376,0.00607352,0.00209498,0
0.776465,0.00621995,0.00195092,0
0.777356,0.00606379,0.00205569,0
0.778395,0.00607175,0.00204842,0
0.779696,0.00619075,0.00192371,0
0.780381,0.00608072,0.00206408,0
0.781546,0.00619997,0.00193943,0
0.782574,0.00620729,0.00193771,0
0.78341,0.00621025,0.00195466,0
0.784518,0.00621807,0.00195304,0
0.785642,0.00622115,0.00196975,0
0.786475,0.0062288,0.00196759,0
0.78744,0.0060952,0.0020741,0
0.78842,0.00610118,0.00206652,0
0.789415,0.00610182,0.00208351,0
0.790467,0.00622075,0.00194012,0
0.791413,0.00610966,0.00209981,0
0.792562,0.00622887,0.00195614,0
0.793552,0.00611846,0.00211534,0
0.794497,0.00612525,0.00211356,0
0.795392,0.00612771,0.00213041,0
0.796521,0.0062456,0.00198581,0
0.797462,0.00613733,0.00214504,0
0.798421,0.00614447,0.00214283,0
0.799605,0.00625707,0.00201651,0
0.800418,0.00615457,0.00215686,0
0.801566,0.00613242,0.00212131,0
0.802484,0.0061372,0.0021135,0
0.803378,0.00613707,0.00213011,0
0.80451,0.00625066,0.00198609,0
0.805423,0.00614359,0.00214573,0
0.806501,0.00606746,0.00228708,0
0.807423,0.0061737,0.0021598,0
0.808414,0.0062573,0.00201298,0
0.80947,0.00618064,0.00217445,0
0.810453,0.00615651,0.00216985,0
0.811477,0.00626562,0.00204412,0
0.812393,0.00627213,0.00204171,0
0.813586,0.00624687,0.00200603,0
0.814491,0.00625088,0.00199842,0
0.815616,0.00625017,0.00201503,0
0.816453,0.00625491,0.0020137,0
0.817507,0.00625566,0.00203068,0
0.818569,0.00626107,0.00202889,0
0.819665,0.00626243,0.0020459,0
0.820492,0.00626787,0.00204361,0
0.821429,0.00616764,0.00220398,0
0.822504,0.0062754,0.00205817,0
0.823398,0.00627698,0.00207445,0
0.824427,0.00625333,0.00202009,0
0.825537,0.00625162,0.00203101,0
0.826399,0.00615467,0.00217263,0
0.827689,0.0062544,0.00204602,0
0.8286,0.0062592,0.00204453,0
0.829801,0.00625934,0.00206096,0
0.830843,0.00626456,0.00205925,0
0.831408,0.00626528,0.00207574,0
0.832791,0.00617287,0.00221752,0
0.833427,0.00617406,0.00223356,0
0.834508,0.00627722,0.00208747,0
0.835605,0.00615032,0.00219599,0
0.83653,0.00624874,0.00204422,0
0.837435,0.0062456,0.00206201,0
0.838384,0.00625057,0.00205896,0
0.839414,0.00625044,0.00207565,0
0.840388,0.00622208,0.00207166,0
0.841373,0.00622665,0.00208966,0
0.84254,0.00623488,0.00208825,0
0.843457,0.00623828,0.0021053,0
0.844433,0.00615273,0.00224769,0
0.84549,0.00615273,0.00224769,0
0.846553,0.00613051,0.00221442,0
0.84743,0.00629037,0.00213129,0
0.848469,0.00622401,0.00207974,0
0.849371,0.00629365,0.00214626,0
0.850411,0.00620881,0.00229055,0
0.851371,0.00621116,0.00230655,0
0.852371,0.00621704,0.00230295,0
0.853393,0.00621824,0.00231786,0
0.854494,0.00622392,0.00231433,0
0.855729,0.00622523,0.00232912,0
0.856385,0.00623107,0.00232546,0
0.857368,0.00623107,0.00232546,0
0.858409,0.0062025,0.0022849,0
0.859398,0.00619878,0.00229428,0
0.860388,0.00619943,0.00229194,0
0.861471,0.00628709,0.00216139,0
0.862671,0.00612997,0.0022476,0
0.863379,0.00620484,0.00231463,0
0.864394,0.00620735,0.00231721,0
0.865391,0.00620908,0.0023331,0
0.866373,0.00621094,0.00233186,0
0.867555,0.00621486,0.00234418,0
0.868461,0.00622003,0.00234059,0
0.869474,0.00618294,0.00230384,0
0.870483,0.00618242,0.00229499,0
0.871339,0.00609874,0.00245347,0
0.872377,0.00617807,0.00250726,0
0.8734,0.00626279,0.00236086,0
0.874369,0.00618662,0.00231778,0
0.875352,0.00618854,0.0023166,0
0.87639,0.00618904,0.00232891,0
0.877489,0.00619107,0.00234275,0
0.878352,0.00619391,0.00234058,0
0.87936,0.00619587,0.00233944,0
0.880527,0.00619637,0.00235427,0
0.881423,0.00620147,0.00235083,0
0.882409,0.00616216,0.00231419,0
0.883452,0.00616086,0.00230545,0
0.884395,0.00615818,0.00232015,0
0.885396,0.00615939,0.00231846,0
0.886374,0.00623741,0.00218713,0
0.887396,0.00624096,0.00218404,0
0.888502,0.00623865,0.00219995,0
0.889366,0.0061687,0.0023413,0
0.890381,0.00624407,0.00221068,0
0.891409,0.00633306,0.00226363,0
0.892455,0.00617472,0.00237092,0
0.893431,0.00625369,0.00221753,0
0.894373,0.00629812,0.00223777,0
0.895559,0.00620834,0.00217476,0
0.896539,0.00620482,0.00218488,0
0.89758,0.00620595,0.0021811,0
0.898383,0.00620581,0.00219158,0
0.899364,0.0062058,0.00220272,0
0.900376,0.00616498,0.00219403,0
0.901442,0.0061716,0.00221074,0
0.90241,0.00617978,0.00220846,0
0.903315,0.00618294,0.00222414,0
0.904367,0.00619049,0.00222159,0
0.905484,0.00619049,0.00222159,0
0.906361,0.00614874,0.00217752,0
0.90738,0.00614874,0.00219358,0
0.908386,0.00615384,0.00219149,0
0.909487,0.00615487,0.00220693,0
0.910355,0.00616048,0.00220427,0
0.911425,0.00609541,0.00236542,0
0.912537,0.00609541,0.00236542,0
0.913364,0.00610462,0.00238077,0
0.914408,0.00622308,0.00223371,0
0.915443,0.0061672,0.00223928,0
0.916376,0.00617724,0.00223707,0
0.917359,0.00611596,0.00239779,0
0.918383,0.00623449,0.00225505,0
0.919355,0.00613164,0.0022105,0
0.920617,0.00607206,0.002348,0
0.921391,0.00607206,0.002348,0
0.922372,0.00607813,0.00236354,0
0.923408,0.00623491,0.00228524,0
0.924362,0.00614354,0.002227,0
0.925361,0.00608106,0.0023827,0
0.926371,0.00624342,0.00229098,0
0.927381,0.00614658,0.00225184,0
0.928378,0.0060922,0.00238886,0
0.929356,0.0060922,0.00238886,0
0.930404,0.00614829,0.00225141,0
0.931493,0.00609714,0.00241295,0
0.93237,0.0061558,0.00241681,0
0.933632,0.00614821,0.00242873,0
0.934381,0.00620339,0.00243172,0
0.935423,0.00614016,0.00243463,0
0.936373,0.00620598,0.00228446,0
0.937372,0.00610227,0.00223795,0
0.938394,0.00604934,0.00237652,0
0.939356,0.00620553,0.00230266,0
0.940365,0.0061106,0.00224464,0
0.941363,0.0060551,0.00240035,0
0.942363,0.0062163,0.00230881,0
0.943354,0.00611625,0.00226773,0
0.944374,0.00606686,0.00240578,0
0.945359,0.00612302,0.00242783,0
0.946356,0.00616895,0.00227541,0
0.947404,0.00601063,0.00237572,0
0.948365,0.00616804,0.00228017,0
0.949319,0.0060614,0.00223889,0
0.95051,0.00612143,0.00243646,0
0.951403,0.00617078,0.00230576,0
0.952365,0.00601999,0.00238885,0
0.953386,0.00612571,0.00245768,0
0.954397,0.00613095,0.00245659,0
0.955361,0.0061304,0.00247027,0
0.956435,0.00622713,0.0021758,0
0.957425,0.00602813,0.00241652,0
0.958356,0.00614066,0.00246841,0
0.959402,0.00609152,0.00243395,0
0.960494,0.00612822,0.00227712,0
0.96142,0.00596914,0.00237595,0
0.962401,0.00608023,0.00242778,0
0.963452,0.00612367,0.00229681,0
0.964685,0.00597394,0.00237992,0
0.965418,0.00608282,0.00244898,0
0.966374,0.00604532,0.00259496,0
0.967425,0.00619943,0.00251974,0
0.96841,0.00613714,0.00231166,0
0.969424,0.00615626,0.00247716,0
0.970374,0.00598964,0.00255533,0
0.971443,0.00612744,0.0022793,0
0.972374,0.00589457,0.00234774,0
0.973356,0.00601647,0.00241888,0
0.974373,0.00606008,0.00227071,0
0.975619,0.00590811,0.00237125,0
0.976421,0.00602448,0.00242376,0
0.977439,0.00606297,0.00229254,0
0.978374,0.00591621,0.00237574,0
0.979866,0.0059188,0.00237545,0
0.980374,0.0060334,0.00244457,0
0.981589,0.00603883,0.00245737,0
0.982368,0.00604385,0.00245249,0
0.983378,0.00604385,0.00245249,0
0.984367,0.0060791,0.00231703,0
0.985386,0.00597577,0.00241244,0
0.986348,0.00601078,0.00226344,0
0.987363,0.00586067,0.00236338,0
0.98836,0.0059777,0.00241649,0
0.989431,0.00601356,0.00228442,0
0.990392,0.00589801,0.00222021,0
0.991392,0.00586846,0.00236743,0
0.99232,0.0059922,0.00243604,0
0.993374,0.00599462,0.00244863,0
0.994356,0.00607174,0.00245622,0
0.995463,0.00607439,0.00245607,0
0.996331,0.00598324,0.00255816,0
0.997734,0.00601576,0.00241055,0
0.998369,0.00591999,0.00239747,0
0.999348,0.00591981,0.00240512,0
1.00043,0.00592247,0.002405,0
1.00174,0.00589271,0.00236626,0
1.00244,0.00587953,0.00239978,0
1.00347,0.0059214,0.00241959,0
1.00443,0.00593126,0.00241711,0
1.00539,0.00592379,0.00242866,0
1.00668,0.00592752,0.00242529,0
1.00741,0.00593019,0.00243583,0
1.00845,0.00587399,0.00238795,0
1.00942,0.00586936,0.0023917,0
1.01083,0.00587107,0.00239011,0
1.01145,0.00587193,0.00240115,0
1.01245,0.00587568,0.0024003,0
1.01341,0.00589841,0.00226319,0
1.01438,0.00588063,0.00241,0
1.01538,0.00587878,0.00242003,0
1.0165,0.00588564,0.00241931,0
1.01737,0.00588747,0.0024291,0
1.01862,0.00591088,0.0022807,0
1.01945,0.00582924,0.00239366,0
1.02038,0.00582711,0.00238775,0
1.02144,0.00582238,0.00239573,0
1.02263,0.00582249,0.00239401,0
1.0234,0.0058207,0.00240254,0
1.02439,0.00582208,0.00240095,0
1.02543,0.0058376,0.00226199,0
1.02651,0.00582347,0.00240807,0
1.02745,0.00583884,0.00226914,0
1.02853,0.00584128,0.00226767,0
1.02941,0.00584136,0.0022763,0
1.03052,0.00583028,0.0024224,0
1.0315,0.00583129,0.00243099,0
1.03248,0.00576872,0.00238577,0
1.03347,0.0057633,0.00238933,0
1.03442,0.00576082,0.00238631,0
1.03547,0.00575802,0.00239397,0
1.03641,0.00577001,0.00224404,0
1.03757,0.00576817,0.0022519,0
1.03844,0.00575908,0.00239731,0
1.03951,0.00576863,0.00225775,0
1.04042,0.00576133,0.00240327,0
1.04141,0.00577072,0.00226378,0
1.04246,0.00577361,0.00226177,0
1.04339,0.00577411,0.00226989,0
1.04452,0.0057699,0.00241547,0
1.0455,0.0057098,0.00223276,0
1.04642,0.00570661,0.0022258,0
1.04745,0.00570118,0.00223239,0
1.04843,0.00569499,0.00237699,0
1.04952,0.00569817,0.00223665,0
1.05046,0.0056948,0.00238156,0
1.05141,0.00569938,0.00223884,0
1.05243,0.00569537,0.00239179,0
1.05352,0.00569842,0.00238915,0
1.0545,0.00569911,0.00239686,0
1.05549,0.00570023,0.00254209,0
1.05644,0.00577182,0.00227472,0
1.05759,0.0057053,0.00225008,0
1.05847,0.00563433,0.00221531,0
1.05943,0.00563103,0.00220764,0
1.06044,0.00562649,0.00236168,0
1.06144,0.0056271,0.00221095,0
1.06239,0.00562551,0.00221801,0
1.06353,0.00562795,0.00236245,0
1.06443,0.00569596,0.00253781,0
1.06542,0.00569284,0.00253267,0
1.06674,0.00589918,0.00249615,0
1.06738,0.00562724,0.00222543,0
1.06869,0.00562497,0.00222673,0
1.06937,0.0287246,0.00732998,0
1.07038,0.0204193,0.00992542,0
1.07146,0.0166833,0.0091883,0
1.07239,0.00665233,0.0116453,0
1.07336,0.00750009,0.0117774,0
1.07437,0.00757132,0.0116221,0
1.07537,0.00748844,0.0115125,0
1.07639,0.00744575,0.011429,0
1.07739,0.0074206,0.0113464,0
1.07839,0.00506108,0.00282155,0
1.07936,0.0048091,0.00201067,0
1.0804,0.00488,0.00198914,0
1.08142,0.00466857,0.0017785,0
1.08236,0.00475676,0.00166592,0
1.08349,0.00469749,0.001652,0
1.08493,0.00469749,0.001652,0
1.08563,0.00450529,0.00126413,0
1.08644,0.00460719,0.00114618,0
1.08745,0.00456098,0.00113003,0
1.0884,0.00440362,0.00100798,0
1.08938,0.00439443,0.000763728,0
1.09036,0.00448557,0.000759869,0
1.09147,0.00436392,0.00052772,0
1.09236,0.00447724,0.000409035,0
1.09339,0.00436912,0.000448058,0
1.09439,0.00436912,0.000448058,0
1.09538,0.00435581,0.000123556,0
1.09641,0.00432737,0.000138918,0
1.09736,0.00421223,6.30688e-05,0
1.09841,0.00433579,0.000173254,0
1.09948,0.00431137,0.00016111,0
1.10041,0.00420538,0.000337985,0
1.1019,0.00433344,0.000455535,0
1.10237,0.00431686,0.000426238,0
1.10341,0.00421539,0.000601839,0
1.10446,0.00435212,0.000705849,0
1.10542,0.00435212,0.000705849,0
1.10637,0.00416031,0.000784318,0
1.10739,0.0042882,0.000892675,0
1.10836,0.00426966,0.000848067,0
1.10936,0.00414461,0.000888526,0
1.11037,0.00417876,0.0010597,0
1.11139,0.0042929,0.00105525,0
1.11236,0.0042929,0.00105525,0
1.11335,0.00435058,0.00129003,0
1.11444,0.00433739,0.00124372,0
1.11537,0.00421956,0.00125592,0
1.11639,0.00499113,0.00149867,0
1.11737,0.00772771,0.00163925,0
1.1184,0.00792689,0.00155902,0
1.11941,0.00801301,0.00168394,0
1.12045,0.00827984,0.00176542,0
1.12138,0.00827984,0.00176542,0
1.12237,0.0083839,0.00178778,0
1.1234,0.00857307,0.00183962,0
1.12437,0.00857307,0.00183962,0
1.12539,0.00797194,0.00179538,0
1.12634,0.00800375,0.00186868,0
1.12742,0.00782058,0.00177474,0
1.12846,0.00751494,0.00186491,0
1.12936,0.00758633,0.00192897,0
1.13037,0.00743475,0.00185051,0
1.13136,0.00713054,0.00181886,0
1.13248,0.00716695,0.0019284,0
1.13336,0.00716954,0.00196799,0
1.13438,0.00707291,0.00198268,0
1.1354,0.00698069,0.00201177,0
1.13666,0.00682174,0.00205781,0
1.13739,0.00682449,0.00205829,0
1.13838,0.00675365,0.00207691,0
1.13937,0.00668365,0.00210652,0
1.1405,0.0066201,0.00212581,0
1.14164,0.00655722,0.00215571,0
1.14263,0.00650046,0.00217524,0
1.14361,0.00644482,0.00220239,0
1.14437,0.00639204,0.00222992,0
1.14561,0.00622482,0.0020987,0
1.14644,0.00620922,0.0022312,0
1.14749,0.00615932,0.00224772,0
1.14862,0.00611131,0.00227492,0
1.14941,0.00606914,0.00229186,0
1.15045,0.00598401,0.00220979,0
1.15139,0.00598858,0.00233583,0
1.1524,0.00595154,0.00236253,0
1.15339,0.00595154,0.00236253,0
1.15436,0.00588654,0.00240502,0
1.15546,0.00581465,0.00231123,0
1.15645,0.00587393,0.00235548,0
1.15741,0.00571761,0.00241657,0
1.15838,0.00571902,0.00236842,0
1.15936,0.00552444,0.00232391,0
1.16036,0.00554428,0.00245529,0
1.16163,0.00565273,0.00242244,0
1.1624,0.00546874,0.00238688,0
1.16341,0.00549527,0.002507,0
1.16442,0.0055183,0.00244306,0
1.1654,0.00541601,0.00243002,0
1.1664,0.0054462,0.00256346,0
1.16738,0.00555846,0.00252995,0
1.16836,0.00529595,0.00244876,0
1.16941,0.00532219,0.00256095,0
1.17038,0.00542439,0.00253516,0
1.17136,0.00542439,0.00253516,0
1.17235,0.00527794,0.00260705,0
1.17338,0.0053857,0.00257085,0
1.17439,0.0052089,0.00252569,0
1.17535,0.00524673,0.00264068,0
1.17637,0.005353,0.00261475,0
1.17738,0.00523481,0.00266892,0
1.17838,0.00525244,0.00259956,0
1.17936,0.00515395,0.00257397,0
1.18041,0.00519947,0.00270339,0
1.18139,0.0053662,0.00277838,0
1.18236,0.0053662,0.00277838,0
1.18337,0.0050379,0.00258122,0
1.18447,0.0050795,0.00269294,0
1.18537,0.00523838,0.002776,0
1.18642,0.00517919,0.00267046,0
1.18771,0.00505829,0.00272588,0
1.18837,0.00521996,0.00279644,0
1.18936,0.0052118,0.00281073,0
1.19049,0.00523466,0.00273257,0
1.19145,0.00496993,0.00264058,0
1.19237,0.00501777,0.002752,0
1.19336,0.00512329,0.00272344,0
1.19443,0.00501849,0.00277126,0
1.19538,0.00509355,0.00281295,0
1.19657,0.00502417,0.00269855,0
1.19737,0.00490553,0.00274956,0
1.19836,0.0050669,0.00281838,0
1.19938,0.00499847,0.00271745,0
1.20039,0.00488828,0.00275852,0
1.2014,0.00504947,0.00283838,0
1.2024,0.00498471,0.00272699,0
1.20341,0.00487467,0.00277813,0
1.20437,0.00504074,0.00284815,0
1.20545,0.00497334,0.00274667,0
1.20646,0.00477883,0.00274782,0
1.20763,0.00477883,0.00274782,0
1.20837,0.00486826,0.00270882,0
1.20937,0.00486222,0.00270789,0
1.21042,0.00485662,0.00271629,0
1.2114,0.00485213,0.00271341,0
1.21236,0.00491436,0.00283569,0
1.21339,0.0048424,0.00271841,0
1.21445,0.0047552,0.00269058,0
1.21536,0.00482796,0.00280565,0
1.21642,0.00493184,0.00277582,0
1.2174,0.00493184,0.00277582,0
1.21837,0.00468058,0.00266673,0
1.21936,0.0046673,0.00266728,0
1.22037,0.0046673,0.00266728,0
1.2214,0.00483635,0.00273948,0
1.22241,0.00475923,0.00271516,0
1.22354,0.00475923,0.00271516,0
1.22441,0.00511336,0.00295945,0
1.22547,0.00513272,0.00296572,0
1.22641,0.0051426,0.00297652,0
1.22749,0.00506906,0.00287157,0
1.22845,0.00486548,0.00287674,0
1.2294,0.00490934,0.00353299,0
1.2304,0.00490509,0.00475051,0
1.23147,0.00482429,0.00484972,0
1.23246,0.0047987,0.00486633,0
1.23349,0.00478288,0.00488058,0
1.23437,0.00476775,0.00488614,0
1.23541,0.0047497,0.00490334,0
1.23641,0.00465663,0.0047913,0
1.23739,0.00473811,0.00491046,0
1.23836,0.00454496,0.00479892,0
1.23938,0.00461093,0.00482549,0
1.24039,0.00450901,0.00482195,0
1.2414,0.00457308,0.00478321,0
1.24243,0.00457589,0.00477495,0
1.24337,0.00457589,0.00477495,0
1.24441,0.00454948,0.00479295,0
1.24539,0.00454948,0.00479295,0
1.24633,0.00451891,0.00476523,0
1.24737,0.00443937,0.00464876,0
1.24842,0.00441996,0.00451412,0
1.24941,0.00451007,0.00456839,0
1.25037,0.00451007,0.00456839,0
1.25138,0.00451007,0.00456839,0
1.25241,0.00452244,0.00435636,0
1.25348,0.00452558,0.0043587,0
1.25455,0.00451949,0.00438425,0
1.25538,0.00442735,0.00413887,0
1.25635,0.0044268,0.00407207,0
1.25764,0.004343,0.00395444,0
1.25839,0.00442631,0.00402274,0
1.25949,0.00442949,0.00396477,0
1.26047,0.00443039,0.00391958,0
1.26141,0.00443426,0.0038657,0
1.26236,0.00443721,0.00382511,0
1.26349,0.00444296,0.00377557,0
1.26445,0.00444602,0.00373837,0
1.26563,0.00445255,0.00369239,0
1.26658,0.00426931,0.00350181,0
1.26751,0.00435701,0.00357471,0
1.26852,0.00426228,0.00341695,0
1.26951,0.00426135,0.00338279,0
1.27051,0.00435633,0.00346349,0
1.27142,0.00435674,0.00343503,0
1.27246,0.0043609,0.00339752,0
1.27353,0.00426864,0.00325007,0
1.27449,0.00436765,0.00333705,0
1.27541,0.00427453,0.00319151,0
1.27642,0.00437601,0.00328149,0
1.27751,0.00437908,0.00326062,0
1.27845,0.00419228,0.00307327,0
1.27948,0.00418495,0.00304889,0
1.28045,0.0042802,0.0031398,0
1.28145,0.00418113,0.00299758,0
1.28243,0.00418208,0.0029682,0
1.28343,0.0041823,0.00295125,0
1.28448,0.00418542,0.0029244,0
1.28542,0.00418592,0.00290897,0
1.28643,0.00419003,0.00288393,0
1.28746,0.00419051,0.00286977,0
1.28843,0.00419622,0.00284678,0
1.28957,0.00419819,0.00283455,0
1.29046,0.00410532,0.00277876,0
1.29159,0.00409629,0.00276201,0
1.29246,0.00409493,0.00273844,0
1.29341,0.00409126,0.00272552,0
1.29457,0.00409335,0.00270399,0
1.29541,0.00409124,0.00269289,0
1.29645,0.00409468,0.00267292,0
1.29742,0.00409374,0.00266324,0
1.29855,0.00409734,0.00264414,0
1.29955,0.00409903,0.00263661,0
1.30053,0.00410253,0.00261818,0
1.3015,0.00400483,0.00257837,0
1.30251,0.0039999,0.00255649,0
1.30341,0.00399304,0.00254666,0
1.30445,0.00399378,0.00252813,0
1.30547,0.00399133,0.00252053,0
1.30639,0.00399199,0.00250259,0
1.30747,0.00399097,0.0024963,0
1.30844,0.00399378,0.00248,0
1.30947,0.00399558,0.00247247,0
1.31047,0.00399687,0.00246541,0
1.31139,0.0040011,0.00245036,0
1.31241,0.00411292,0.00257124,0
1.31345,0.00400721,0.00243231,0
1.3144,0.0039079,0.00239679,0
1.31554,0.0039022,0.002378,0
1.31646,0.00389647,0.00237186,0
1.31745,0.00389655,0.0023559,0
1.31844,0.00389425,0.00235121,0
1.3194,0.00389591,0.00233654,0
1.32044,0.00389496,0.0023329,0
1.32141,0.00389784,0.00231915,0
1.32245,0.00389796,0.00231634,0
1.32347,0.00390176,0.00230335,0
1.32441,0.00390268,0.00230122,0
1.32542,0.00390718,0.00228884,0
1.32644,0.0039087,0.00228727,0
1.32746,0.00391369,0.00227538,0
1.32845,0.00381431,0.00224372,0
1.32943,0.00380847,0.002227,0
1.33044,0.00380279,0.00222263,0
1.33141,0.00392217,0.00233457,0
1.33257,0.00380051,0.00220519,0
1.33347,0.00380296,0.00219252,0
1.33438,0.00380188,0.0021903,0
1.33547,0.00380463,0.00217786,0
1.33652,0.00380371,0.00217578,0
1.33751,0.00380734,0.00216395,0
1.33849,0.00380804,0.00216295,0
1.33957,0.00381233,0.0021516,0
1.34047,0.00383444,0.00224822,0
1.34139,0.00370485,0.00210547,0
1.3425,0.00369951,0.00210209,0
1.34344,0.00369918,0.00208814,0
1.34438,0.00381924,0.0022111,0
1.34537,0.00369676,0.00207208,0
1.34646,0.00369535,0.00207027,0
1.34752,0.00369784,0.00205818,0
1.34872,0.00369752,0.00205704,0
1.34965,0.00369752,0.00205704,0
1.35036,0.00370231,0.0020421,0
1.35142,0.0036558,0.002085,0
1.3524,0.00370169,0.00202506,0
1.35335,0.0035345,0.00194791,0
1.35439,0.00366108,0.00206085,0
1.35536,0.00366108,0.00206085,0
1.3564,0.00354715,0.00192875,0
1.35745,0.00367252,0.00205292,0
1.35837,0.00367252,0.00205292,0
1.35942,0.00368929,0.00204849,0
1.36044,0.00376207,0.00208923,0
1.36147,0.00388909,0.00221485,0
1.36234,0.00388909,0.00221485,0
1.36336,0.00363296,0.00194908,0
1.36438,0.00358429,0.00197851,0
1.36543,0.00375218,0.00205473,0
1.36637,0.00375884,0.00204508,0
1.36748,0.00362767,0.00191786,0
1.36837,0.0035893,0.00195261,0
1.36947,0.00375862,0.00202945,0
1.37042,0.00376684,0.00202064,0
1.37136,0.00377074,0.00202141,0
1.37238,0.00377547,0.00201048,0
1.37337,0.00353675,0.00185683,0
1.37438,0.00348903,0.00188731,0
1.3754,0.00365241,0.00196093,0
1.37638,0.00365616,0.00194906,0
1.37738,0.00365599,0.0019473,0
1.37841,0.00365714,0.00193413,0
1.37943,0.00351688,0.00180456,0
1.38037,0.00334112,0.00170842,0
1.3814,0.00364936,0.00191424,0
1.38241,0.00365331,0.00190072,0
1.38338,0.00365926,0.00190447,0
1.38436,0.00366302,0.00189279,0
1.3854,0.00366355,0.00189188,0
1.38635,0.00366758,0.00188034,0
1.38737,0.00356064,0.00185123,0
1.38837,0.00356381,0.00185502,0
1.3894,0.00355008,0.00183138,0
1.39045,0.00354648,0.00182476,0
1.39136,0.00354307,0.00180642,0
1.39235,0.00353999,0.0018032,0
1.39337,0.00354091,0.00178961,0
1.39442,0.00353892,0.00178702,0
1.39535,0.0035421,0.00179086,0
1.39646,0.00354398,0.00177786,0
1.39741,0.00354284,0.00177577,0
1.39876,0.00354544,0.0017632,0
1.39939,0.00354492,0.00176149,0
1.40041,0.00344309,0.001726,0
1.4015,0.00343074,0.00171992,0
1.40255,0.0034267,0.0017038,0
1.4034,0.00342163,0.00169879,0
1.40448,0.00342075,0.00168378,0
1.40555,0.00341716,0.00167995,0
1.40679,0.00341766,0.0016658,0
1.40747,0.00326649,0.0015356,0
1.40879,0.00341621,0.00164855,0
1.40951,0.00341551,0.00164665,0
1.41042,0.00341793,0.00163363,0
1.4114,0.0033119,0.00160951,0
1.41239,0.00330251,0.00159233,0
1.41369,0.00314452,0.00146008,0
1.41469,0.00314173,0.00144324,0
1.41564,0.00328869,0.00156539,0
1.41657,0.00313643,0.00142357,0
1.41739,0.00345743,0.00162414,0
1.41844,0.0031417,0.0014088,0
1.41942,0.00313492,0.00140357,0
1.42057,0.00313383,0.00138873,0
1.42143,0.00313289,0.00138663,0
1.4227,0.00302886,0.001352,0
1.42364,0.00301546,0.00134537,0
1.42466,0.00301165,0.00132897,0
1.42549,0.00300551,0.00132251,0
1.42656,0.00300434,0.00130667,0
1.42755,0.00300135,0.00129934,0
1.42845,0.00299967,0.00129358,0
1.42944,0.00315683,0.00140467,0
1.43044,0.00299947,0.0012763,0
1.43142,0.00317075,0.00133745,0
1.43249,0.00300741,0.00126166,0
1.43354,0.00300609,0.00124699,0
1.43446,0.00300292,0.00124341,0
1.43542,0.00289959,0.00121042,0
1.43642,0.00288729,0.00120464,0
1.43742,0.0028836,0.00118757,0
1.43843,0.00303743,0.00130629,0
1.43946,0.00287756,0.00116506,0
1.44043,0.00287475,0.0011611,0
1.44138,0.00303531,0.00127057,0
1.44242,0.0028729,0.00114161,0
1.44344,0.00303584,0.00125232,0
1.4444,0.00287371,0.00112409,0
1.44556,0.00287649,0.00111033,0
1.44639,0.00277012,0.00108972,0
1.44736,0.00276115,0.00107287,0
1.44847,0.00275347,0.00106543,0
1.44959,0.00275219,0.00104821,0
1.45041,0.00291151,0.0011672,0
1.45136,0.00291259,0.00115193,0
1.45255,0.00274574,0.00102214,0
1.45349,0.00291561,0.00108174,0
1.45443,0.00275418,0.00100635,0
1.45541,0.00275162,0.000990098,0
1.45646,0.00274818,0.000985575,0
1.45742,0.00275107,0.000971396,0
1.45841,0.0027507,0.000968347,0
1.45955,0.00275419,0.00095467,0
1.4604,0.00264845,0.000935951,0
1.46138,0.00263927,0.000918558,0
1.46239,0.00263259,0.000911681,0
1.46338,0.00263168,0.0008942,0
1.46436,0.00262871,0.000885513,0
1.46536,0.00262638,0.000877823,0
1.46644,0.00262744,0.000861857,0
1.46737,0.00262542,0.000857307,0
1.46838,0.00262744,0.000842204,0
1.46937,0.00262628,0.00083825,0
1.47037,0.00252323,0.000808898,0
1.47145,0.0025095,0.000801531,0
1.4724,0.00250573,0.000782842,0
1.47352,0.00249777,0.000770936,0
1.47436,0.00249983,0.000757837,0
1.4754,0.00249619,0.000751779,0
1.47638,0.00249683,0.000735308,0
1.47741,0.00249448,0.00073012,0
1.47845,0.00249448,0.00073012,0
1.47936,0.0023337,0.000639661,0
1.48042,0.00232745,0.000624777,0
1.48137,0.00232551,0.00062063,0
1.48238,0.00232797,0.000605463,0
1.48341,0.00250175,0.000724337,0
1.48449,0.00255904,0.000761321,0
1.48535,0.00232639,0.000583579,0
1.48642,0.0025056,0.000688521,0
1.48772,0.00238887,0.000620157,0
1.4886,0.00233234,0.000550008,0
1.48935,0.00233056,0.000539746,0
1.49038,0.00233949,0.00053147,0
1.49145,0.00241292,0.00063982,0
1.49241,0.0023912,0.000570406,0
1.49338,0.0022345,0.000498859,0
1.49444,0.00240492,0.000600571,0
1.49543,0.00238646,0.000541937,0
1.49641,0.00238646,0.000541937,0
1.49737,0.00240502,0.000574537,0
1.49839,0.00239032,0.000505869,0
1.49967,0.00223844,0.000433949,0
1.50051,0.00240981,0.000545516,0
1.5014,0.00257476,0.000597941,0
1.50236,0.00240392,0.000476192,0
1.50339,0.00224705,0.000394652,0
1.50447,0.00231429,0.000498784,0
1.50536,0.0023616,0.000537826,0
1.50638,0.00245536,0.000538609,0
1.50739,0.00245536,0.000538609,0
1.50849,0.00210104,0.000279843,0
1.50934,0.00211861,0.000325401,0
1.51037,0.00229245,0.000425507,0
1.51138,0.00252739,0.000596004,0
1.51246,0.00250163,0.000524441,0
1.51341,0.0023462,0.000452756,0
1.51441,0.00233839,0.000430932,0
1.51544,0.00233066,0.000421046,0
1.51639,0.00232943,0.000401562,0
1.51743,0.002325,0.000393508,0
1.51845,0.00232481,0.000375044,0
1.51947,0.00232133,0.000367829,0
1.52041,0.00232196,0.000350061,0
1.5217,0.00213391,0.000226372,0
1.52242,0.00248051,0.00039153,0
1.52344,0.00226562,0.00037012,0
1.5245,0.00261771,0.000662344,0
1.52547,0.00261203,0.000645169,0
1.5266,0.00231569,0.000476772,0
1.52742,0.00248017,0.000557056,0
1.52846,0.00228203,0.000391247,0
1.52951,0.00245718,0.000473713,0
1.5304,0.00226126,0.000311951,0
1.53154,0.00225019,0.000280757,0
1.53254,0.00224359,0.00024097,0
1.53341,0.00223393,0.00021296,0
1.53455,0.00222856,0.000175449,0
1.53556,0.00240948,0.000266794,0
1.53665,0.00240537,0.000231706,0
1.53755,0.00210124,8.47717e-05,0
1.53849,0.00227052,0.000174945,0
1.53946,0.00207056,2.23726e-05,0
1.54055,0.00225016,0.000114102,0
1.54141,0.00205222,3.55701e-05,0
1.54245,0.0020393,6.24138e-05,0
1.54339,0.00203668,8.89778e-05,0
1.54442,0.00202794,0.000108359,0
1.54538,0.00202343,0.000137729,0
1.54637,0.00201552,0.000154664,0
1.54743,0.00201196,0.000183028,0
1.54836,0.00189813,0.000202493,0
1.5494,0.00187716,0.000234034,0
1.55036,0.0018576,0.000260673,0
1.55137,0.00184478,0.000296398,0
1.55238,0.00182933,0.000319209,0
1.55342,0.00181866,0.000351398,0
1.55436,0.00180518,0.000371377,0
1.55536,0.00199117,0.000286534,0
1.55641,0.00178443,0.000418604,0
1.55738,0.00178443,0.000418604,0
1.55837,0.00142362,0.000615458,0
1.55942,0.00159784,0.000518946,0
1.5605,0.00159055,0.000545325,0
1.56137,0.00173421,0.000506803,0
1.56236,0.00173841,0.00052983,0
1.5634,0.00173245,0.000541155,0
1.56435,0.0017285,0.00056355,0
1.56547,0.00191816,0.000461902,0
1.56643,0.00171741,0.000596452,0
1.56746,0.00165647,0.000661465,0
1.56845,0.00165629,0.000682935,0
1.56947,0.00165629,0.000682935,0
1.57041,0.00174838,0.000574582,0
1.57136,0.00168937,0.000653071,0
1.57237,0.00169148,0.000665482,0
1.57339,0.00187961,0.000589996,0
1.57445,0.00188292,0.000585486,0
1.57537,0.00187576,0.000594397,0
1.57636,0.0018723,0.000614183,0
1.57736,0.00186493,0.000622846,0
1.57843,0.00171493,0.000698433,0
1.5795,0.00200481,0.000599821,0
1.58045,0.00165796,0.000779912,0
1.58151,0.0016414,0.000788447,0
1.58242,0.00163453,0.000807675,0
1.58364,0.00172829,0.000703723,0
1.58444,0.00150689,0.000832031,0
1.5854,0.0014921,0.000844293,0
1.58649,0.0014795,0.000872432,0
1.58737,0.00146938,0.000879242,0
1.58837,0.0014604,0.000901226,0
1.58935,0.00144802,0.000911832,0
1.59036,0.00138731,0.000986491,0
1.59139,0.00127943,0.000991227,0
1.59236,0.00126043,0.00100909,0
1.59337,0.00124764,0.00101966,0
1.59439,0.00123903,0.00104133,0
1.59537,0.00122689,0.00105111,0
1.59639,0.00121901,0.00107145,0
1.59738,0.00120772,0.00108038,0
1.59837,0.00120064,0.00110006,0
1.59942,0.00139505,0.00100335,0
1.60037,0.00133049,0.00108257,0
1.60147,0.00139067,0.00102942,0
1.60246,0.00122065,0.00110009,0
1.60339,0.00115672,0.00115949,0
1.60465,0.00125931,0.00107112,0
1.60543,0.00138293,0.00103838,0
1.60637,0.001174,0.00115438,0
1.60751,0.00122778,0.00111678,0
1.60845,0.00135143,0.00108325,0
1.60936,0.001145,0.00120706,0
1.61038,0.000989841,0.00125918,0
1.61139,0.000989841,0.00125918,0
1.61238,0.000975048,0.00127551,0
1.61338,0.000866976,0.00129994,0
1.61437,0.00103846,0.00120839,0
1.61537,0.0011684,0.00119098,0
1.61641,0.000956567,0.00130441,0
1.6174,0.00101444,0.00126784,0
1.61856,0.00092463,0.00133704,0
1.61953,0.000992986,0.00130054,0
1.62038,0.00111191,0.00127011,0
1.62136,0.00111191,0.00127011,0
1.62245,0.000752478,0.00143946,0
1.6234,0.000943559,0.00136127,0
1.62437,0.000943559,0.00136127,0
1.62535,0.000617487,0.00147868,0
1.6264,0.000801592,0.00139442,0
1.62739,0.000623874,0.00146616,0
1.62838,0.000562912,0.00152835,0
1.62935,0.000763419,0.00145838,0
1.63039,0.000886641,0.00143102,0
1.6314,0.000678411,0.00154786,0
1.63239,0.000743582,0.00149787,0
1.63336,0.000860258,0.00148399,0
1.6344,0.000862065,0.00148903,0
1.63549,0.000858714,0.00150751,0
1.63647,0.000850632,0.00151763,0
1.63767,0.000751186,0.00151478,0
1.63836,0.000732036,0.0015336,0
1.63938,0.000717759,0.00154541,0
1.6404,0.000708431,0.0015688,0
1.64136,0.000695347,0.00158013,0
1.64236,0.000686532,0.00160202,0
1.64338,0.000674223,0.00161238,0
1.64437,0.00066612,0.00163349,0
1.64535,0.000654406,0.00164314,0
1.6464,0.000646796,0.0016636,0
1.64738,0.000635491,0.00167268,0
1.64837,0.000628211,0.00169263,0
1.64944,0.000617163,0.00170126,0
1.65037,0.000610075,0.00172082,0
1.65142,0.000510484,0.0017142,0
1.65243,0.000275638,0.00182299,0
1.65336,0.000275638,0.00182299,0
1.6544,0.000447532,0.00177521,0
1.65555,0.000440716,0.00178897,0
1.65687,0.000443979,0.00178454,0
1.65742,0.000219959,0.00189461,0
1.65837,0.000410054,0.00184268,0
1.6594,0.000413324,0.00183826,0
1.66052,0.000400819,0.00184814,0
1.6614,0.000392454,0.00186886,0
1.66244,0.000380387,0.00187813,0
1.66342,0.00028596,0.00188161,0
1.66464,0.000260427,0.00189005,0
1.66546,3.09831e-05,0.0019999,0
1.66638,0.000233571,0.0019284,0
1.66744,0.000219101,0.00195645,0
1.66838,0.000211692,0.00212134,0
1.6695,8.39899e-06,0.00205128,0
1.67039,6.06282e-05,0.00211248,0
1.67137,5.50738e-05,0.00210549,0
1.67239,5.43555e-05,0.00211295,0
1.67343,5.06576e-05,0.00212838,0
1.67438,4.16361e-05,0.00213298,0
1.67542,4.72188e-05,0.00213053,0
1.67696,0.000106132,0.00209978,0
1.67818,0.000220155,0.00209436,0
1.67862,2.40323e-06,0.002185,0
1.67961,0.00012508,0.00222818,0
1.68044,0.000147423,0.00223342,0
1.68165,0.000156027,0.00225211,0
1.68244,0.000156027,0.00225211,0
1.68348,5.84435e-05,0.00225238,0
1.68449,3.8566e-05,0.00220521,0
1.68541,0.000157824,0.00225507,0
1.68636,0.000292831,0.00228695,0
1.68746,9.80491e-05,0.00223009,0
1.68841,7.77588e-05,0.0021963,0
1.68937,7.77588e-05,0.0021963,0
1.69037,0.000447821,0.00239605,0
1.69139,0.000351168,0.00235778,0
1.69246,0.00037638,0.00238227,0
1.69338,0.000276327,0.0023678,0
1.69437,0.000273153,0.00236312,0
1.69556,0.000309457,0.00243029,0
1.69642,0.000206265,0.00241462,0
1.69743,0.000201214,0.00243101,0
1.69849,0.000208998,0.00243306,0
1.69946,0.000214581,0.00244697,0
1.70042,0.000214581,0.00244697,0
1.70135,8.96048e-05,0.00236784,0
1.70237,0.000113244,0.00237467,0
1.70337,0.000347786,0.00246092,0
1.70438,0.000244998,0.00245992,0
1.70541,0.000364229,0.00249202,0
1.70639,0.00038528,0.00251037,0
1.70735,0.000403709,0.00252008,0
1.70835,0.0002365,0.00251493,0
1.70938,0.00043389,0.00255235,0
1.7104,0.00043389,0.00255235,0
1.71136,0.000577379,0.00260056,0
1.71237,0.000345832,0.00250219,0
1.71337,0.000513725,0.00260846,0
1.71438,0.000631332,0.00265972,0
1.71536,0.000438342,0.00259422,0
1.71642,0.000565215,0.00266694,0
1.71738,0.000461664,0.00262737,0
1.71868,0.000597362,0.00269755,0
1.71937,0.00071413,0.00272581,0
1.72037,0.000739895,0.00274534,0
1.72136,0.000539259,0.00268785,0
1.72237,0.000519323,0.002666,0
1.72336,0.000759927,0.00274203,0
1.72435,0.000882403,0.00278213,0
1.72533,0.000694408,0.0027281,0
1.72636,0.000829102,0.0028034,0
1.72736,0.000943357,0.0028333,0
1.72836,0.000750847,0.00279013,0
1.72953,0.000890197,0.00285242,0
1.7305,0.000997993,0.00289134,0
1.73163,0.00080748,0.00283985,0
1.73243,0.000946505,0.00290358,0
1.73361,0.000899722,0.00284856,0
1.73439,0.000908356,0.00281335,0
1.73537,0.000607897,0.00276225,0
1.73636,0.000909995,0.00281381,0
1.73749,0.000685994,0.0027324,0
1.73839,0.00045359,0.00275999,0
1.7394,0.000868324,0.00287489,0
1.74037,0.000502252,0.002841,0
1.74138,0.000977128,0.00292714,0
1.74237,0.000639318,0.00288936,0
1.7434,0.00123852,0.00302037,0
1.74439,0.000959679,0.00295667,0
1.74555,0.00100961,0.00291691,0
1.74644,0.00134645,0.00306632,0
1.74737,0.00125385,0.00309765,0
1.7485,0.00119428,0.00310429,0
1.74938,0.00142642,0.00318706,0
1.75065,0.00131889,0.00314885,0
1.7516,0.00125549,0.00316191,0
1.75262,0.00126787,0.00317505,0
1.75339,0.0012829,0.00319648,0
1.75438,0.0012829,0.00319648,0
1.75545,0.00139195,0.00319162,0
1.7565,0.00163575,0.00326018,0
1.75753,0.00163575,0.00326018,0
1.75843,0.00146841,0.00324453,0
1.75945,0.00169922,0.00332534,0
1.76036,0.00169922,0.00332534,0
1.76139,0.00152863,0.00330681,0
1.76253,0.00176085,0.00337664,0
1.76335,0.00176085,0.00337664,0
1.76436,0.00158686,0.00335932,0
1.76537,0.0018189,0.00342396,0
1.7664,0.00169691,0.00339725,0
1.76738,0.00164518,0.00340158,0
1.76858,0.00186381,0.00329201,0
1.76936,0.00205836,0.00328718,0
1.77035,0.00201302,0.00330599,0
1.77147,0.00180328,0.00327335,0
1.77236,0.00180012,0.0032692,0
1.77353,0.00203568,0.00334624,0
1.7744,0.00183581,0.00330882,0
1.77537,0.00185124,0.00333487,0
1.77648,0.00211099,0.00342376,0
1.77734,0.00190618,0.00339041,0
1.77835,0.00190303,0.00338631,0
1.77935,0.00214052,0.00344697,0
1.78038,0.0019347,0.00342509,0
1.7815,0.00195299,0.00343522,0
1.78241,0.00196695,0.00345972,0
1.78353,0.0020354,0.00344667,0
1.78462,0.00228242,0.00351432,0
1.78556,0.00230415,0.0035263,0
1.78645,0.00209894,0.0035088,0
1.78745,0.00212006,0.00352088,0
1.78837,0.00213654,0.00354714,0
1.78947,0.00215691,0.00355844,0
1.79042,0.0021727,0.00358411,0
1.79149,0.00219143,0.00359873,0
1.79252,0.00220996,0.00361236,0
1.79357,0.002225,0.00363757,0
1.79453,0.00229064,0.00362292,0
1.79548,0.00231609,0.00364536,0
1.79654,0.00256021,0.0036991,0
1.79747,0.00235641,0.00368544,0
1.79849,0.00237549,0.00369767,0
1.79936,0.00239542,0.00372399,0
1.80039,0.00263494,0.00377534,0
1.80157,0.00265127,0.00380071,0
1.8025,0.00265127,0.00380071,0
1.80342,0.00269385,0.00383642,0
1.80445,0.00269417,0.00383474,0
1.80536,0.00270927,0.00385759,0
1.80648,0.00292701,0.00389151,0
1.8074,0.00296967,0.00392608,0
1.80846,0.00272696,0.00394139,0
1.80941,0.00272378,0.00393716,0
1.81037,0.00272378,0.00393716,0
1.81135,0.00288782,0.00399277,0
1.81242,0.00269169,0.00399663,0
1.81344,0.00269169,0.00399663,0
1.81435,0.00267819,0.0040473,0
1.8154,0.00266118,0.00403427,0
1.81642,0.00272727,0.00403828,0
1.81738,0.00275157,0.00403943,0
1.81835,0.0025467,0.00402483,0
1.81937,0.00250441,0.00404587,0
1.82038,0.00270515,0.00407005,0
1.82135,0.00279286,0.00410437,0
1.82235,0.00260366,0.00408599,0
1.82338,0.00277832,0.0041635,0
1.82444,0.00277832,0.0041635,0
1.82536,0.0026509,0.00416968,0
1.82638,0.00283262,0.00423368,0
1.82754,0.00289395,0.00425138,0
1.82836,0.00270788,0.00423423,0
1.8294,0.00270644,0.00422961,0
1.83038,0.00272753,0.0042442,0
1.83135,0.00296202,0.00430267,0
1.83238,0.00282205,0.00427475,0
1.83337,0.00304945,0.00429802,0
1.83437,0.00309439,0.00434619,0
1.83541,0.00311912,0.00437967,0
1.83638,0.00314721,0.00439626,0
1.83736,0.00317147,0.00442331,0
1.83836,0.00319949,0.00443845,0
1.83942,0.00300834,0.00443773,0
1.84036,0.00300834,0.00443773,0
1.84135,0.00326301,0.00450382,0
1.84258,0.00311283,0.00443714,0
1.84336,0.0031001,0.00447778,0
1.84435,0.00333265,0.00452367,0
1.84541,0.00318859,0.0044957,0
1.84642,0.00317856,0.00453978,0
1.84738,0.00341211,0.00457967,0
1.8484,0.00347765,0.00458179,0
1.84935,0.00330202,0.00456925,0
1.85042,0.00328745,0.00461757,0
1.85156,0.00330684,0.00463337,0
1.85258,0.00354273,0.00467683,0
1.85335,0.00342011,0.00458925,0
1.85438,0.00342397,0.00462996,0
1.85541,0.00365897,0.00466783,0
1.85638,0.00350898,0.00465007,0
1.85766,0.00351257,0.00468672,0
1.85847,0.00374314,0.00473363,0
1.85954,0.00359513,0.00470211,0
1.86044,0.00359513,0.00470211,0
1.86144,0.0035963,0.00474999,0
1.86253,0.00364221,0.00478854,0
1.86336,0.00364221,0.00478854,0
1.86464,0.00393203,0.00478614,0
1.86543,0.00371428,0.00476594,0
1.86637,0.0037651,0.00477081,0
1.86737,0.0037651,0.00477081,0
1.86842,0.00383555,0.00484013,0
1.86939,0.00386324,0.00485016,0
1.87038,0.00386324,0.00485016,0
1.87152,0.00389005,0.00487396,0
1.87237,0.00391762,0.00488278,0
1.87337,0.00394691,0.0049092,0
1.87441,0.0041868,0.00493303,0
1.87535,0.00400329,0.00494306,0
1.87637,0.00408671,0.00491214,0
1.87744,0.00408384,0.00490889,0
1.87838,0.00432094,0.00494525,0
1.87953,0.00414393,0.0049492,0
1.88035,0.00417199,0.0049743,0
1.88135,0.00420369,0.00498734,0
1.88242,0.00423119,0.00501132,0
1.88343,0.00426234,0.00502342,0
1.88436,0.00428938,0.00504651,0
1.88552,0.00432012,0.0050578,0
1.88646,0.00434682,0.00508014,0
1.88743,0.00458786,0.00509801,0
1.88843,0.00440372,0.00511243,0
1.88939,0.00443397,0.00512243,0
1.89057,0.00467482,0.00508986,0
1.89166,0.0046975,0.00513165,0
1.89295,0.0045189,0.00511376,0
1.89363,0.00456061,0.00512328,0
1.89448,0.00437583,0.00514146,0
1.89537,0.00460924,0.00519737,0
1.89652,0.00484276,0.00518686,0
1.89743,0.00487017,0.00523247,0
1.89847,0.00489647,0.00521559,0
1.8994,0.00493382,0.00522207,0
1.90061,0.00496125,0.005243,0
1.90142,0.00499868,0.00519537,0
1.90241,0.00503001,0.00520845,0
1.90338,0.00506335,0.00522154,0
1.9044,0.00509256,0.00524684,0
1.90538,0.00512849,0.00528024,0
1.90661,0.00516108,0.0053074,0
1.90743,0.00519913,0.00532159,0
1.90837,0.00502471,0.00534205,0
1.90936,0.00505749,0.00540001,0
1.91038,0.00527979,0.00539212,0
1.91137,0.00530186,0.00537912,0
1.91243,0.0051403,0.00539042,0
1.91338,0.00536981,0.00538952,0
1.91438,0.00539601,0.0053488,0
1.91535,0.00543247,0.00536804,0
1.91639,0.00546729,0.00538114,0
1.91737,0.00549803,0.00540509,0
1.91836,0.00553235,0.00541658,0
1.91942,0.00556236,0.00543888,0
1.92037,0.00559578,0.00544922,0
1.92141,0.00562628,0.00545338,0
1.92244,0.0054544,0.00548371,0
1.92364,0.00568494,0.00548364,0
1.92477,0.00550333,0.00544713,0
1.92537,0.00555044,0.00551627,0
1.92635,0.00577172,0.00552031,0
1.92743,0.00578375,0.00548916,0
1.92838,0.00562502,0.00550484,0
1.92935,0.00586614,0.00556835,0
1.93036,0.00587489,0.00552935,0
1.93137,0.00571259,0.00555655,0
1.9324,0.00595862,0.00560721,0
1.93341,0.00596074,0.00557709,0
1.93437,0.00580252,0.00559298,0
1.93539,0.00603148,0.00558554,0
1.93638,0.00603952,0.00553617,0
1.93735,0.00587963,0.00556854,0
1.93836,0.00612912,0.00562079,0
1.93936,0.00612819,0.00559119,0
1.94042,0.00597234,0.0056112,0
1.94136,0.00602563,0.0056888,0
1.94244,0.00624195,0.00568811,0
1.94335,0.00624422,0.00563913,0
1.94436,0.00608498,0.00567076,0
1.94545,0.00633676,0.00572044,0
1.94636,0.00632985,0.00568512,0
1.94737,0.00617506,0.00570554,0
1.94837,0.0064243,0.00576545,0
1.94935,0.00641875,0.00571645,0
1.95037,0.00623856,0.00567705,0
1.9514,0.00630638,0.00573883,0
1.95236,0.00651775,0.00574296,0
1.95339,0.0063248,0.00571091,0
1.95437,0.00639255,0.00578787,0
1.95543,0.00639255,0.00578787,0
1.95637,0.00640248,0.005751,0
1.95742,0.00647832,0.00582086,0
1.95862,0.00647832,0.00582086,0
1.95951,0.00649174,0.00578554,0
1.9604,0.00656404,0.00586338,0
1.96135,0.0064117,0.00588719,0
1.9624,0.00661896,0.00587496,0
1.96335,0.00660662,0.00581473,0
1.96435,0.00663694,0.0058278,0
1.96537,0.0066675,0.0058348,0
1.96648,0.00688123,0.00582805,0
1.96736,0.00668516,0.00579643,0
1.96835,0.00676754,0.00588107,0
1.9694,0.00679326,0.00589102,0
1.97047,0.00682219,0.00591011,0
1.97148,0.00668149,0.00593486,0
1.97251,0.00668149,0.00593486,0
1.97342,0.00690003,0.00593885,0
1.97466,0.00689648,0.00587364,0
1.97536,0.00692918,0.00587393,0
1.97637,0.00696158,0.00588497,0
1.97746,0.00696158,0.00588497,0
1.97836,0.00717356,0.00587501,0
1.97939,0.00697505,0.00584545,0
1.9804,0.00709445,0.00594488,0
1.98137,0.00712498,0.00596457,0
1.98238,0.00715808,0.0059706,0
1.98331,0.00715808,0.0059706,0
1.98451,0.00718712,0.00598795,0
1.98547,0.00721979,0.00599371,0
1.98638,0.00724492,0.00593285,0
1.98752,0.00724273,0.00593077,0
1.98839,0.00727259,0.00595003,0
1.98957,0.00730629,0.00595891,0
1.99038,0.0073364,0.00597819,0
1.99144,0.00737014,0.00598562,0
1.99249,0.00739999,0.00600398,0
1.99342,0.00743346,0.00601062,0
1.99449,0.00746308,0.00602823,0
1.99564,0.00749635,0.00603416,0
1.99653,0.0074803,0.00597104,0
1.9974,0.00751447,0.00596941,0
1.99873,0.00771978,0.00594944,0
1.99953,0.007575,0.00599686,0
2.0004,0.00760922,0.00601661,0
2.00157,0.00782478,0.00598463,0
2.00236,0.00769243,0.00603742,0
2.00343,0.00752657,0.00608431,0
2.00441,0.00792547,0.00601931,0
2.00536,0.00782917,0.00614343,0
2.00639,0.00773278,0.00600636,0
2.00736,0.00761807,0.00603754,0
2.00837,0.00803665,0.0060484,0
2.00936,0.00791588,0.00610271,0
2.0104,0.00801022,0.00599231,0
2.01137,0.00812439,0.0060795,0
2.01236,0.00790364,0.00605408,0
2.01339,0.00810822,0.00602201,0
2.01439,0.0082205,0.00610909,0
2.0154,0.00816734,0.00604743,0
2.01645,0.00820553,0.0060474,0
2.01742,0.00823635,0.00606292,0
2.01836,0.00827199,0.00606882,0
2.01939,0.00824612,0.00600129,0
2.02042,0.008281,0.0059987,0
2.02136,0.00831315,0.00601712,0
2.02236,0.00834893,0.00602512,0
2.02337,0.00835743,0.00604505,0
2.0244,0.00840017,0.00605631,0
2.02536,0.00843639,0.00607433,0
2.02641,0.00847604,0.00608072,0
2.02744,0.00851145,0.00609805,0
2.02838,0.00854995,0.00610361,0
2.02936,0.00858427,0.00611999,0
2.03041,0.00858427,0.00611999,0
2.03137,0.0084271,0.00609907,0
2.03236,0.00855849,0.00619519,0
2.03343,0.00855492,0.00619218,0
2.0344,0.00861901,0.00622019,0
2.03536,0.00864641,0.00623253,0
2.0364,0.00867731,0.00623376,0
2.03747,0.00867555,0.00623231,0
2.03842,0.00870284,0.00624472,0
2.03937,0.00873391,0.0062457,0
2.04052,0.00892052,0.00620182,0
2.04187,0.0087927,0.0062585,0
2.04242,0.00890857,0.0061255,0
2.04341,0.00894105,0.00611825,0
2.04445,0.00880802,0.006189,0
2.04544,0.00884029,0.00619292,0
2.04649,0.00886916,0.00620734,0
2.0474,0.00890082,0.00621312,0
2.04843,0.00893245,0.00621802,0
2.0495,0.00896129,0.00623172,0
2.05044,0.00899379,0.00623367,0
2.05209,0.00902266,0.00624662,0
2.05256,0.00905514,0.00624807,0
2.05359,0.0090081,0.00617084,0
2.05471,0.0090377,0.00616377,0
2.05556,0.00906694,0.00617823,0
2.05653,0.00925233,0.00612001,0
2.05742,0.0091296,0.00619714,0
2.05864,0.00901087,0.00626298,0
2.05946,0.0094588,0.0062463,0
2.06045,0.00937007,0.00615495,0
2.06143,0.00939941,0.00616108,0
2.06242,0.00928072,0.00622578,0
2.0634,0.00945962,0.00617377,0
2.0644,0.00926194,0.00614934,0
2.0654,0.009288,0.00615349,0
2.06653,0.00947619,0.00609149,0
2.06736,0.00961687,0.00620232,0
2.06839,0.00937976,0.00617853,0
2.06939,0.00955658,0.00611829,0
2.07041,0.00971089,0.00621921,0
2.07136,0.00961239,0.00613553,0
2.07239,0.00964563,0.00613046,0
2.0734,0.00964563,0.00613046,0
2.07438,0.00978145,0.00606478,0
2.07553,0.00980375,0.00624174,0
2.07636,0.00970951,0.00615821,0
2.07739,0.00970951,0.00615821,0
2.07836,0.00978487,0.00616138,0
2.0794,0.00991496,0.00608884,0
2.08039,0.00994231,0.00626824,0
2.08135,0.00993569,0.0062771,0
2.08239,0.00997505,0.00627774,0
2.08363,0.00997328,0.00627646,0
2.08437,0.0100063,0.00628501,0
2.08537,0.010176,0.00638858,0
2.08636,0.0102067,0.00640267,0
2.0874,0.0103479,0.00632802,0
2.0884,0.0102353,0.00639835,0
2.08939,0.0102196,0.00637899,0
2.09043,0.0103937,0.00649731,0
2.09139,0.0101893,0.00647493,0
2.09239,0.0102109,0.00646872,0
2.0934,0.0102396,0.0064606,0
2.0944,0.0102649,0.00646545,0
2.09546,0.0104302,0.00638178,0
2.09649,0.0104582,0.00638637,0
2.09749,0.0103484,0.00645662,0
2.0985,0.0105088,0.00638283,0
2.09942,0.0105374,0.00637579,0
2.1004,0.0105624,0.00637987,0
2.10154,0.010594,0.00637337,0
2.1024,0.0106161,0.00637685,0
2.10346,0.0106446,0.00636976,0
2.1044,0.0106725,0.00637428,0
2.10543,0.0105977,0.00626965,0
2.10642,0.010616,0.00626452,0
2.10741,0.0106415,0.00625884,0
2.10845,0.0106666,0.00626596,0
2.1094,0.0106982,0.00626191,0
2.11039,0.0107234,0.00626817,0
2.11152,0.0107493,0.00626265,0
2.11249,0.0106436,0.00635225,0
2.11343,0.0108031,0.00626323,0
2.11455,0.0108282,0.00626881,0
2.11558,0.0108568,0.00626315,0
2.11657,0.0108846,0.00626894,0
2.11748,0.0108011,0.00616369,0
2.11856,0.0108186,0.00615945,0
2.11951,0.0108468,0.00615524,0
2.12047,0.0108718,0.00616316,0
2.12151,0.0109031,0.00615986,0
2.12255,0.0109282,0.00616682,0
2.12353,0.0109568,0.00616248,0
2.12456,0.0109819,0.00616898,0
2.12553,0.0110069,0.00616666,0
2.12645,0.0110345,0.00616402,0
2.12742,0.0110595,0.00617009,0
2.12856,0.0109734,0.00606484,0
2.12943,0.0108705,0.00615198,0
2.13047,0.0110182,0.00605715,0
2.13154,0.0110431,0.00606541,0
2.1324,0.0109535,0.00615417,0
2.13339,0.011099,0.00606969,0
2.13449,0.0111263,0.00606585,0
2.13536,0.0110335,0.00616532,0
2.13638,0.0110625,0.00616123,0
2.13747,0.0113791,0.00619295,0
2.13836,0.0114063,0.00619242,0
2.13937,0.0112489,0.00607462,0
2.14044,0.0111514,0.00595835,0
2.14136,0.0111653,0.00595304,0
2.14238,0.0111938,0.00595013,0
2.14343,0.0111629,0.00594148,0
2.14438,0.0112589,0.00596126,0
2.14537,0.0112793,0.00596547,0
2.14638,0.01131,0.00596246,0
2.14739,0.0112768,0.00595085,0
2.14839,0.0113142,0.00595112,0
2.14937,0.0114043,0.00597873,0
2.15037,0.0113697,0.00595178,0
2.15138,0.0114657,0.00598274,0
2.15236,0.0113619,0.00587179,0
2.15339,0.0113145,0.00584696,0
2.15437,0.0113531,0.00584949,0
2.15538,0.0113829,0.00585929,0
2.15637,0.0114161,0.00585743,0
2.15736,0.0114457,0.0058661,0
2.15836,0.0114782,0.00586343,0
2.15935,0.0115069,0.00587129,0
2.16036,0.0115386,0.00586783,0
2.16136,0.0115665,0.00587494,0
2.16237,0.011495,0.0059744,0
2.16336,0.0118204,0.006002,0
2.16435,0.0115221,0.00577661,0
2.16539,0.0115314,0.00575305,0
2.16637,0.0115612,0.00576314,0
2.16751,0.0115911,0.00576119,0
2.16836,0.0116172,0.00576883,0
2.16936,0.0115477,0.00587131,0
2.17045,0.0118722,0.0058971,0
2.17136,0.011701,0.00577207,0
2.17236,0.0116198,0.00587463,0
2.17336,0.0119501,0.00588926,0
2.17439,0.0117727,0.00577394,0
2.17536,0.0117915,0.00575772,0
2.17637,0.0118182,0.00576372,0
2.17736,0.0118468,0.00575866,0
2.1784,0.011734,0.00565958,0
2.17938,0.0116566,0.0057534,0
2.18037,0.0119832,0.00577802,0
2.18146,0.0117118,0.00576319,0
2.18243,0.0119389,0.00588854,0
2.18336,0.012057,0.00577587,0
2.18457,0.0117711,0.00575985,0
2.18536,0.0120961,0.00576329,0
2.18636,0.0119076,0.0056443,0
2.18755,0.0118357,0.00574101,0
2.18838,0.0120762,0.00587644,0
2.18939,0.0121945,0.00576356,0
2.19039,0.0119068,0.00574665,0
2.19145,0.0121466,0.00586293,0
2.19252,0.0120273,0.00576654,0
2.19344,0.0120379,0.00574754,0
2.19503,0.0120379,0.00574754,0
2.19571,0.012219,0.00566111,0
2.1967,0.0120872,0.00573966,0
2.19746,0.0121062,0.00573003,0
2.1984,0.0121248,0.00573201,0
2.1995,0.0121248,0.00573201,0
2.20044,0.0121659,0.00572509,0
2.20142,0.0121883,0.00571613,0
2.20239,0.0122074,0.0057178,0
2.20337,0.0122074,0.0057178,0
2.2044,0.0120896,0.00558851,0
2.20561,0.0121876,0.00547228,0
2.20636,0.0119031,0.00545268,0
2.20738,0.0121476,0.00558293,0
2.20835,0.0121775,0.00558427,0
2.20934,0.0121775,0.00558427,0
2.21041,0.0122983,0.00545979,0
2.21137,0.0120092,0.00544949,0
2.2124,0.0122611,0.00556949,0
2.21341,0.0122879,0.0055799,0
2.21437,0.0123128,0.00557314,0
2.21537,0.0123317,0.00557433,0
2.21643,0.0125108,0.00547171,0
2.21744,0.011972,0.00532076,0
2.21831,0.012219,0.00543252,0
2.21935,0.0122433,0.00544404,0
2.22033,0.0122433,0.00544404,0
2.22136,0.0122863,0.00544154,0
2.22245,0.0123784,0.00530861,0
2.22339,0.0121586,0.00517574,0
2.22434,0.012346,0.00542181,0
2.22536,0.0123464,0.00542262,0
2.22637,0.0123737,0.00543396,0
2.22732,0.0123982,0.00542737,0
2.22841,0.0124168,0.00542867,0
2.22944,0.0124386,0.00541956,0
2.23042,0.012457,0.00542088,0
2.23135,0.0124786,0.00541151,0
2.23239,0.0123394,0.00530594,0
2.2334,0.0123455,0.0052858,0
2.23443,0.0123628,0.00528783,0
2.23543,0.0123835,0.00528035,0
2.23641,0.0124011,0.00528288,0
2.23739,0.0124219,0.00527471,0
2.23847,0.0124397,0.00527689,0
2.23937,0.0125223,0.0051382,0
2.2404,0.0125392,0.00513957,0
2.24146,0.0124996,0.00526145,0
2.24244,0.0125174,0.00526298,0
2.24358,0.0125976,0.00512229,0
2.24448,0.0126147,0.00512317,0
2.24546,0.0126339,0.00511608,0
2.24646,0.0124916,0.00500167,0
2.24741,0.0124923,0.0049917,0
2.24853,0.0125113,0.00498268,0
2.24941,0.0125271,0.00498498,0
2.2504,0.0125462,0.00497644,0
2.25179,0.0125624,0.00497816,0
2.25243,0.0125818,0.00496939,0
2.25345,0.012598,0.00497077,0
2.2544,0.0126173,0.00496145,0
2.25541,0.0126335,0.00496248,0
2.2564,0.0126528,0.00495304,0
2.25742,0.0126689,0.00495364,0
2.25844,0.0125228,0.00483708,0
2.25944,0.012522,0.00482672,0
2.26042,0.0125398,0.00481779,0
2.26147,0.0125549,0.00482002,0
2.26244,0.0125729,0.00481155,0
2.26341,0.0125881,0.00481317,0
2.26442,0.0126066,0.00480421,0
2.26552,0.0126219,0.0048055,0
2.26647,0.0125942,0.00493529,0
2.26763,0.0126556,0.00479725,0
2.26846,0.012674,0.0047877,0
2.26948,0.0126893,0.00478833,0
2.27048,0.0127072,0.00477851,0
2.2714,0.0125537,0.00467209,0
2.27245,0.0125546,0.00465118,0
2.27343,0.0125684,0.00465222,0
2.27445,0.0125853,0.00464393,0
2.27548,0.0125989,0.00464548,0
2.27641,0.012576,0.00477854,0
2.2774,0.0126306,0.00463766,0
2.27842,0.0126474,0.00462843,0
2.27949,0.0126621,0.00462925,0
2.28041,0.0126412,0.00476293,0
2.28147,0.0126936,0.00462019,0
2.28241,0.0127108,0.00461027,0
2.28344,0.0127249,0.00461048,0
2.28441,0.0125704,0.00449375,0
2.28547,0.0125661,0.00448293,0
2.28654,0.0125469,0.00461846,0
2.28752,0.0125936,0.00447508,0
2.28844,0.0125756,0.00461446,0
2.28945,0.0126238,0.00446173,0
2.29042,0.0126367,0.00446283,0
2.29145,0.0126527,0.00445333,0
2.2924,0.0126657,0.0044539,0
2.29351,0.0126825,0.00444411,0
2.29442,0.0126652,0.00459177,0
2.29544,0.0127105,0.00443423,0
2.29652,0.0125503,0.004328,0
2.29741,0.0125464,0.00430686,0
2.29839,0.0125578,0.0043074,0
2.29946,0.0125732,0.00429877,0
2.30062,0.0125848,0.00429981,0
2.30141,0.0125985,0.00429051,0
2.3026,0.0126103,0.00429125,0
2.30373,0.012601,0.00443171,0
2.30449,0.0126381,0.00428218,0
2.30546,0.0126289,0.00442288,0
2.30695,0.0126639,0.00427242,0
2.30754,0.0126787,0.00426228,0
2.30859,0.0126787,0.00426228,0
2.30936,0.0125082,0.00429767,0
2.31042,0.0125223,0.00413475,0
2.31138,0.0125354,0.0041249,0
2.31249,0.0125456,0.00412607,0
2.31337,0.0125588,0.00411672,0
2.3143,0.0125693,0.0041173,0
2.31538,0.0125828,0.00410768,0
2.31659,0.0125934,0.004108,0
2.31741,0.0126069,0.0040981,0
2.31839,0.0126176,0.00409812,0
2.31936,0.0126311,0.00408792,0
2.32081,0.0126416,0.00408765,0
2.32139,0.0124634,0.00412703,0
2.32236,0.0124677,0.00396065,0
2.32343,0.0124794,0.0039507,0
2.32442,0.0123745,0.00391543,0
2.32537,0.012398,0.00391021,0
2.32637,0.0124158,0.00391383,0
2.32744,0.0124363,0.00390724,0
2.32836,0.0124536,0.00391036,0
2.32937,0.0124732,0.00390305,0
2.33037,0.0124894,0.00390543,0
2.33138,0.0123288,0.00379288,0
2.33239,0.0123237,0.00378389,0
2.33336,0.0123339,0.00393902,0
2.33439,0.0126527,0.00391695,0
2.33545,0.0126527,0.00391695,0
2.33637,0.0123745,0.00376436,0
2.3374,0.0125067,0.0038041,0
2.33836,0.0125067,0.0038041,0
2.33936,0.0124079,0.00375745,0
2.34039,0.0124228,0.0037488,0
2.34136,0.0124228,0.0037488,0
2.34244,0.0117305,0.00325785,0
2.34336,0.0114867,0.0033536,0
2.34438,0.0116602,0.0033898,0
2.34537,0.0117231,0.00323568,0
2.34636,0.0114894,0.00325841,0
2.34737,0.0114894,0.00325841,0
2.34834,0.0118362,0.00321163,0
2.34937,0.0115862,0.00324729,0
2.35037,0.0118882,0.00335111,0
2.3515,0.0119222,0.00335788,0
2.35236,0.0119243,0.00335989,0
2.35346,0.0119763,0.00334226,0
2.35449,0.0120012,0.00332349,0
2.3554,0.0120211,0.00332203,0
2.35644,0.0118967,0.00322236,0
2.35751,0.0119046,0.00321261,0
2.35856,0.0119234,0.00319347,0
2.35969,0.0119351,0.00319225,0
2.36039,0.0119516,0.00317294,0
2.36138,0.0119635,0.00317155,0
2.36239,0.0119774,0.00315001,0
2.36337,0.0119907,0.00315051,0
2.36449,0.0119907,0.00315051,0
2.36542,0.0120177,0.00312941,0
2.36635,0.0120177,0.00312941,0
2.36767,0.0120226,0.0029432,0
2.36836,0.0120665,0.00309328,0
2.36949,0.0120551,0.00292829,0
2.3704,0.0119072,0.00283743,0
2.37139,0.0119177,0.00297429,0
2.37238,0.0119103,0.00280558,0
2.37336,0.0119357,0.00295426,0
2.37438,0.0119376,0.00295273,0
2.3754,0.0119476,0.0029332,0
2.37635,0.0119375,0.00276354,0
2.37739,0.0120976,0.00279233,0
2.37841,0.0119461,0.00273874,0
2.37936,0.011954,0.00271999,0
2.38038,0.0119554,0.00271742,0
2.38138,0.0119659,0.00269779,0
2.38236,0.0119709,0.00269639,0
2.38338,0.0118371,0.00259859,0
2.38441,0.011672,0.00253888,0
2.38565,0.0118368,0.00257015,0
2.38635,0.01184,0.00257018,0
2.38737,0.0118489,0.0025518,0
2.38836,0.0116939,0.00250198,0
2.38935,0.0117039,0.00248404,0
2.39036,0.0117146,0.00248614,0
2.39135,0.0117302,0.00246967,0
2.39237,0.0117397,0.00247137,0
2.39341,0.0116118,0.00237748,0
2.39449,0.0116041,0.00236973,0
2.39542,0.0116163,0.00235409,0
2.39639,0.0117721,0.00240117,0
2.39741,0.0118054,0.00255734,0
2.39842,0.0117754,0.00238326,0
2.40004,0.0117754,0.00238326,0
2.40037,0.0119155,0.00243905,0
2.40143,0.0116653,0.00247778,0
2.40268,0.0117833,0.00234355,0
2.40414,0.0116278,0.00227471,0
2.40461,0.0116578,0.00244907,0
2.40538,0.0117958,0.00230565,0
2.40648,0.0115269,0.00235551,0
2.40738,0.0115299,0.00235781,0
2.40842,0.0117957,0.00228532,0
2.40939,0.0115266,0.00231572,0
2.41036,0.0118143,0.00243157,0
2.41142,0.01183,0.0024207,0
2.41241,0.0117558,0.00244198,0
2.41336,0.011853,0.00229247,0
2.4144,0.0114578,0.00209935,0
2.41547,0.0115028,0.00226393,0
2.41666,0.0117004,0.00232537,0
2.41736,0.0117004,0.00232537,0
2.4184,0.0116473,0.00232684,0
2.41955,0.0119856,0.00245461,0
2.42042,0.0121368,0.0023388,0
2.42139,0.0117184,0.00234688,0
2.42236,0.011836,0.00220242,0
2.42339,0.0117358,0.00235297,0
2.42435,0.0120789,0.00248882,0
2.42553,0.0121027,0.00250714,0
2.42655,0.0120702,0.00232584,0
2.42737,0.0117843,0.00237277,0
2.42848,0.0121044,0.00249714,0
2.42936,0.0120726,0.0023312,0
2.43038,0.0116103,0.00227168,0
2.43135,0.0119043,0.00239471,0
2.43239,0.0118726,0.00221766,0
2.43348,0.0115784,0.00226451,0
2.43438,0.0118469,0.00237132,0
2.43536,0.0122625,0.00239533,0
2.43638,0.0122625,0.00239533,0
2.4374,0.0115051,0.00213448,0
2.4384,0.0116621,0.00203835,0
2.43935,0.0116621,0.00203835,0
2.44047,0.0112208,0.00188022,0
2.44143,0.0110966,0.00183378,0
2.44235,0.011334,0.00194537,0
2.44336,0.0109851,0.0019731,0
2.44438,0.0111635,0.00189631,0
2.44536,0.0107779,0.00174368,0
2.44636,0.0107808,0.00174595,0
2.44739,0.0106964,0.00172155,0
2.44842,0.0109589,0.0018321,0
2.44937,0.0107776,0.00179466,0
2.4504,0.0107345,0.00177565,0
2.45136,0.010693,0.00176785,0
2.45236,0.0106588,0.00175249,0
2.45335,0.0106789,0.00193043,0
2.45436,0.010736,0.00177077,0
2.45535,0.0103829,0.00163344,0
2.45635,0.0103953,0.00179483,0
2.45735,0.0106287,0.00173988,0
2.45835,0.0103113,0.00160891,0
2.45942,0.0103269,0.00178097,0
2.46043,0.010624,0.00190199,0
2.46138,0.0105634,0.00172632,0
2.46236,0.0107399,0.00193659,0
2.46413,0.0104002,0.00180201,0
2.46436,0.0104504,0.00163543,0
2.46558,0.0106538,0.00190946,0
2.46645,0.0105118,0.00186816,0
2.46738,0.0103284,0.00177337,0
2.46838,0.0102688,0.00159015,0
2.46947,0.0102707,0.00174707,0
2.47037,0.0103611,0.00160422,0
2.47142,0.00995753,0.00162374,0
2.47237,0.0103214,0.00218444,0
2.47335,0.0105294,0.00290838,0
2.47438,0.0101169,0.00300311,0
2.47535,0.0101169,0.00300311,0
2.47641,0.0104082,0.00317989,0
2.47764,0.0103965,0.0031946,0
2.47839,0.0103846,0.00319888,0
2.47947,0.0101238,0.00282832,0
2.48046,0.00984218,0.00285713,0
2.48136,0.0101367,0.00301512,0
2.48235,0.0100764,0.00285344,0
2.48337,0.00982684,0.00288878,0
2.48436,0.0101186,0.00305403,0
2.48539,0.0100619,0.00287956,0
2.4864,0.00981254,0.00291998,0
2.4874,0.00981643,0.00292278,0
2.4884,0.0102502,0.00307369,0
2.48941,0.0101667,0.0028848,0
2.4904,0.0102307,0.00308365,0
2.49136,0.00997567,0.00310762,0
2.49235,0.0101286,0.00289222,0
2.49337,0.00957973,0.00276601,0
2.49442,0.00985812,0.0029209,0
2.49556,0.00987093,0.00293153,0
2.49646,0.00987177,0.0029453,0
2.4975,0.009872,0.00294564,0
2.49838,0.00979706,0.00276404,0
2.49936,0.00979706,0.00276404,0
2.50054,0.00955989,0.0027906,0
2.50149,0.00985779,0.00295485,0
2.50241,0.0099999,0.00294234,0
2.50347,0.0096838,0.00278504,0
2.50441,0.00966268,0.00278225,0
2.50537,0.00966268,0.00278225,0
2.50645,0.00958239,0.00260036,0
2.50744,0.00935125,0.00263051,0
2.50836,0.00935125,0.00263051,0
2.50942,0.00966509,0.00280367,0
2.51039,0.00966654,0.00281134,0
2.51136,0.00967068,0.00281447,0
2.51243,0.00966239,0.00277197,0
2.51361,0.00957513,0.0025281,0
2.51447,0.00954216,0.00240569,0
2.51547,0.00963014,0.00260228,0
2.51658,0.00939077,0.00227313,0
2.51741,0.00945739,0.00236376,0
2.51847,0.00946158,0.00236695,0
2.51943,0.00942739,0.00226005,0
2.52043,0.0094316,0.00226324,0
2.52149,0.00942623,0.002225,0
2.52236,0.00942382,0.00217911,0
2.52334,0.00941814,0.00210069,0
2.52443,0.00924909,0.00197791,0
2.52538,0.00925334,0.00198113,0
2.52647,0.00922073,0.00189796,0
2.52778,0.00922499,0.00190118,0
2.52841,0.00922216,0.00186428,0
2.52942,0.00921733,0.00183719,0
2.53046,0.00921472,0.00180482,0
2.53145,0.00921261,0.0017728,0
2.53247,0.00944371,0.00200249,0
2.5336,0.00950679,0.00185831,0
2.53469,0.00921009,0.0016994,0
2.53564,0.00910109,0.00146204,0
2.53649,0.00902593,0.00155088,0
2.53745,0.00900412,0.00151368,0
2.53849,0.00899901,0.00149514,0
2.53935,0.00899645,0.00146939,0
2.54054,0.00899168,0.00145294,0
2.54141,0.00898952,0.00142837,0
2.54259,0.00898519,0.00141322,0
2.54359,0.00898329,0.00138987,0
2.54451,0.0089791,0.00137586,0
2.54537,0.00897726,0.0013536,0
2.54637,0.00881701,0.00125681,0
2.54742,0.00869543,0.00102842,0
2.54851,0.0087864,0.00121431,0
2.5494,0.00878179,0.0011949,0
2.55041,0.00867575,0.000986268,0
2.55143,0.00867113,0.000967454,0
2.55256,0.00866435,0.000957803,0
2.55351,0.00866409,0.000940058,0
2.55462,0.00875427,0.00112954,0
2.55541,0.00864913,0.000913586,0
2.55667,0.00874422,0.0011042,0
2.55764,0.00874028,0.0010876,0
2.55839,0.00863547,0.000881172,0
2.55982,0.00863088,0.000864992,0
2.56045,0.00872719,0.00105709,0
2.5615,0.00846268,0.000759885,0
2.56268,0.0085381,0.000943617,0
2.56349,0.00853045,0.000928477,0
2.56474,0.0085205,0.000923151,0
2.5655,0.00840752,0.000709348,0
2.56659,0.00850317,0.000904084,0
2.5676,0.00859752,0.00109024,0
2.56843,0.00868473,0.000813287,0
2.56967,0.00838907,0.000679733,0
2.57052,0.00820855,0.000584824,0
2.57143,0.00828476,0.000761629,0
2.57263,0.00816038,0.000557351,0
2.57362,0.00845576,0.000670704,0
2.57446,0.00815843,0.000550084,0
2.5757,0.00823727,0.000729832,0
2.57662,0.00811738,0.000524999,0
2.57765,0.00851616,0.000839141,0
2.57873,0.00810162,0.000518477,0
2.57956,0.00849654,0.000823936,0
2.5806,0.00804731,0.000623597,0
2.58147,0.0079972,0.00059513,0
2.5824,0.00787273,0.000390637,0
2.58357,0.00786141,0.000381568,0
2.58457,0.00769609,0.000338671,0
2.58567,0.00784135,0.000373266,0
2.58645,0.00783109,0.000373292,0
2.58743,0.00783109,0.000373292,0
2.58855,0.00776461,0.000475904,0
2.58948,0.00774729,0.000472887,0
2.59046,0.00758724,0.000427905,0
2.59244,0.00761924,0.00026903,0
2.59376,0.00774791,0.000339007,0
2.59597,0.00798894,0.000756081,0
2.59656,0.00800333,0.000584786,0
2.59739,0.00800333,0.000584786,0
2.59852,0.00754268,0.000241322,0
2.59979,0.00794285,0.000555452,0
2.60097,0.00794285,0.000555452,0
2.60191,0.00749904,0.00036431,0
2.60391,0.00735238,1.0272e-05,0
2.60442,0.00735238,1.0272e-05,0
2.60583,0.00735238,1.0272e-05,0
2.60661,0.0076361,0.000264607,0
2.60802,0.0076361,0.000264607,0
2.60846,0.00744086,0.000246784,0
2.61114,0.00745225,0.000259138,0
2.61142,0.00760659,0.00029253,0
2.6127,0.00789453,0.000410902,0
2.61386,0.00806027,0.000456771,0
2.61442,0.00754958,0.000318111,0
2.61541,0.00797205,0.000633485,0
2.61676,0.00785867,0.000437199,0
2.61743,0.00814107,0.00067747,0
2.61849,0.00782125,0.000551735,0
2.61948,0.00779968,0.000532077,0
2.62049,0.00779306,0.000530026,0
2.62162,0.00766622,0.000316757,0
2.62251,0.00764289,0.000313985,0
2.62335,0.00763371,0.000303318,0
2.62463,0.00762895,0.000302461,0
2.62558,0.0076388,0.000294214,0
2.62636,0.00753046,0.000221651,0
2.62742,0.00762412,0.000380232,0
2.62841,0.00966916,0.000587102,0
2.62939,0.0118133,0.00102348,0
2.63036,0.0128311,0.000972529,0
2.63139,0.0135207,0.00131155,0
2.63245,0.0126894,0.000842871,0
2.6334,0.0135806,0.00126023,0
2.6344,0.0128025,0.00081133,0
2.63548,0.0135764,0.00102477,0
2.6364,0.0130492,0.000989074,0
2.63738,0.0130492,0.000989074,0
2.63841,0.0128944,0.000743626,0
2.63951,0.0134418,0.000882807,0
2.64055,0.0132474,0.000997806,0
2.64136,0.0135245,0.00100652,0
2.6424,0.0135654,0.000998943,0
2.6436,0.0134621,0.000959729,0
2.64437,0.0134043,0.000941258,0
2.64536,0.0132086,0.000891714,0
2.64642,0.0126804,0.00062143,0
2.64741,0.0118256,0.000535467,0
2.64839,0.0119077,0.000603448,0
2.64941,0.0114886,0.000351978,0
2.65036,0.010889,0.000381314,0
2.65135,0.0110316,0.00045789,0
2.65248,0.0106621,0.000224946,0
2.65336,0.0101413,0.000262363,0
2.65441,0.0103093,0.000346132,0
2.6554,0.0103093,0.000346132,0
2.65646,0.00952129,0.000167966,0
2.65736,0.00970082,0.000259184,0
2.65845,0.00941329,3.50842e-05,0
2.65952,0.00899667,9.88808e-05,0
2.66044,0.00906713,0.000113603,0
2.66136,0.00890482,9.39399e-05,0
2.66272,0.008763,7.43039e-05,0
2.66337,0.00861711,6.00627e-05,0
2.66458,0.00861711,6.00627e-05,0
2.66554,0.00870992,8.11966e-05,0
2.66653,0.00842806,0.00013871,0
2.66753,0.00844087,0.000182209,0
2.66872,0.00828362,2.78562e-05,0
2.66974,0.00794818,3.05525e-05,0
2.67045,0.00769856,0.000245363,0
2.67174,0.00746987,0.000332899,0
2.67282,0.00749006,0.000140824,0
2.67354,0.00749006,0.000140824,0
2.67447,0.00725469,0.000361197,0
2.67538,0.00695691,0.000407139,0
2.67635,0.00699468,0.000348164,0
2.67736,0.00699468,0.000348164,0
2.67839,0.00693737,0.000340994,0
2.67944,0.00693737,0.000340994,0
2.68041,0.00686591,0.000351537,0
2.68139,0.0069115,0.00028354,0
2.68246,0.00717768,0.000176199,0
2.68339,0.00726889,3.91218e-05,0
2.68442,0.00732179,9.60724e-05,0
2.68561,0.00733847,6.089e-05,0
2.68636,0.00662514,0.000309293,0
2.68743,0.00652248,0.000332425,0
2.68846,0.00647293,0.000340232,0
2.68935,0.00641581,0.000340966,0
2.69038,0.0065006,0.000144042,0
2.69139,0.00649526,0.000308927,0
2.69241,0.00674397,0.000207367,0
2.69341,0.00652804,0.000109902,0
2.69436,0.00630741,0.000338808,0
2.6954,0.00669613,2.24725e-05,0
2.6964,0.00647759,6.42499e-05,0
2.69738,0.00642047,0.000250877,0
2.69839,0.0057676,0.000481381,0
2.69938,0.00581634,0.0002955,0
2.70046,0.00592296,0.000401348,0
2.70147,0.00573862,0.000295013,0
2.70239,0.00582114,0.000411534,0
2.70336,0.00549336,0.000514605,0
2.7045,0.0055696,0.000326505,0
2.70538,0.00566723,0.000426139,0
2.70635,0.00534952,0.000535184,0
2.7074,0.00528129,0.000546363,0
2.70853,0.00538567,0.000346901,0
2.70939,0.00538567,0.000346901,0
2.71038,0.00529441,0.000356539,0
2.71136,0.00527569,0.000525007,0
2.71239,0.00494798,0.000641349,0
2.71337,0.0050293,0.000443418,0
2.71441,0.00511744,0.000553904,0
2.71543,0.00495798,0.000443365,0
2.71638,0.00517378,0.000355762,0
2.71736,0.00499221,0.000558239,0
2.71839,0.00467121,0.000673816,0
2.71937,0.00475919,0.000475565,0
2.72035,0.00484419,0.000586912,0
2.72139,0.00454678,0.000682818,0
2.72237,0.00453415,0.000555073,0
2.72337,0.00460005,0.000673179,0
2.72445,0.00445591,0.000558901,0
2.72554,0.00465857,0.000476431,0
2.7265,0.0046292,0.000470532,0
2.72741,0.00432496,0.000578506,0
2.72841,0.0042828,0.000755768,0
2.72939,0.00423157,0.000593373,0
2.73051,0.00444933,0.000492689,0
2.73138,0.00427231,0.000701524,0
2.73242,0.00402375,0.000658757,0
2.73345,0.00406614,0.000788539,0
2.73439,0.0037802,0.000882507,0
2.73552,0.00378528,0.000879232,0
2.73669,0.00388204,0.000687013,0
2.73746,0.00407499,0.000585842,0
2.73847,0.00403084,0.000588555,0
2.73983,0.00399769,0.000594213,0
2.74044,0.00380526,0.000802368,0
2.74134,0.0036694,0.000701966,0
2.74239,0.00387003,0.000609978,0
2.74359,0.00384818,0.000610237,0
2.74454,0.00381038,0.000781755,0
2.74538,0.00343225,0.000777918,0
2.74635,0.00343225,0.000777918,0
2.74743,0.00358963,0.000695084,0
2.74843,0.00355369,0.000692766,0
2.74935,0.0035181,0.000700383,0
2.75062,0.00348125,0.000699604,0
2.75162,0.00344699,0.000706831,0
2.75249,0.00344699,0.000706831,0
2.7535,0.00356883,0.000667606,0
2.75453,0.00334878,0.00070751,0
2.75549,0.00334878,0.00070751,0
2.75655,0.00341521,0.000686857,0
2.75736,0.00313572,0.000792086,0
2.75862,0.00307917,0.000802464,0
2.75941,0.00304991,0.000806231,0
2.76037,0.00301617,0.000803691,0
2.76134,0.00282868,0.00101678,0
2.76235,0.00282868,0.00101678,0
2.76361,0.00291151,0.000818893,0
2.76458,0.00280256,0.000871501,0
2.76542,0.00264892,0.00107546,0
2.76641,0.00238072,0.00117828,0
2.76743,0.00256347,0.00109036,0
2.76841,0.00254564,0.00108738,0
2.76941,0.00237711,0.00111449,0
2.77037,0.00235072,0.0011189,0
2.77135,0.00232744,0.00111374,0
2.77241,0.00230562,0.00111677,0
2.7736,0.0022766,0.00111514,0
2.77445,0.00225985,0.00111525,0
2.77536,0.00223593,0.00111064,0
2.77639,0.0022895,0.000965381,0
2.77738,0.00222771,0.00114359,0
2.77836,0.00206891,0.00117722,0
2.77937,0.00219712,0.000966694,0
2.78038,0.00222897,0.0010888,0
2.78139,0.00215996,0.000958722,0
2.78236,0.00217797,0.0010886,0
2.78343,0.00194935,0.00116634,0
2.78443,0.00206977,0.000972109,0
2.7854,0.00209893,0.00108624,0
2.78636,0.00195663,0.00102089,0
2.78738,0.00211196,0.000946519,0
2.78862,0.00194089,0.00114835,0
2.78954,0.0018619,0.0010249,0
2.79044,0.00202936,0.000952308,0
2.79148,0.00201746,0.000938884,0
2.7927,0.00201746,0.000938884,0
2.79337,0.00179986,0.00114621,0
2.79446,0.00172927,0.00102984,0
2.79549,0.00182303,0.00100934,0
2.79661,0.00199787,0.00092166,0
2.79739,0.00198231,0.000918225,0
2.79847,0.00187567,0.000972164,0
2.79941,0.00169961,0.00101772,0
2.80057,0.00167228,0.0010127,0
2.80132,0.0016448,0.00101709,0
2.80263,0.00161763,0.00101318,0
2.8034,0.0015929,0.0010173,0
2.80436,0.00156648,0.00101344,0
2.80545,0.00156648,0.00101344,0
2.80641,0.00138058,0.00122324,0
2.80736,0.00138058,0.00122324,0
2.80855,0.00128559,0.00110737,0
2.80938,0.00145937,0.0010186,0
2.81037,0.00144945,0.00101433,0
2.81145,0.00126374,0.00121523,0
2.81238,0.00120757,0.00109772,0
2.81336,0.0013632,0.00102001,0
2.81443,0.00119436,0.0012194,0
2.8155,0.000970811,0.00130079,0
2.81677,0.00146526,0.000815302,0
2.81745,0.00128804,0.00100982,0
2.81837,0.00128804,0.00100982,0
2.81955,0.00119311,0.001071,0
2.82038,0.0011611,0.00107101,0
2.82142,0.00110451,0.00107462,0
2.82243,0.000915762,0.00128347,0
2.82342,0.00105923,0.00107186,0
2.82438,0.00103552,0.00107599,0
2.82536,0.00101001,0.0010722,0
2.82654,0.000755428,0.00133466,0
2.82737,0.000698234,0.00121236,0
2.82836,0.000848767,0.00114193,0
2.82942,0.000669287,0.00133451,0
2.8304,0.000628738,0.00121107,0
2.83137,0.000775428,0.00113376,0
2.83238,0.00076269,0.0011302,0
2.83341,0.000739118,0.00112467,0
2.83441,0.00071624,0.00112849,0
2.83532,0.000686666,0.00112718,0
2.83642,0.000505201,0.0013319,0
2.83753,0.000297107,0.00140847,0
2.83835,0.000614074,0.00113298,0
2.83948,0.000372652,0.00137802,0
2.84038,0.000160744,0.00146694,0
2.8414,0.000467064,0.0011873,0
2.84239,0.000454003,0.00118332,0
2.84354,0.000458937,0.00118037,0
2.8444,0.00040826,0.00118056,0
2.84533,0.000413187,0.00117761,0
2.84652,0.000362254,0.00117886,0
2.84865,0.00034351,0.00117115,0
2.84976,0.000157528,0.00137764,0
2.85074,0.000299863,0.00116991,0
2.85189,0.000299863,0.00116991,0
2.85277,5.25763e-05,0.00142756,0
2.85485,0.000184704,0.00122571,0
2.85559,0.000162911,0.00122893,0
2.85668,0.000197281,0.00117188,0
2.85764,0.000197281,0.00117188,0
2.85849,2.00788e-05,0.00137138,0
2.85942,0.000114288,0.00113706,0
2.86048,4.81361e-05,0.00131301,0
2.86144,0.00019809,0.00123258,0
2.86238,2.34168e-05,0.00130678,0
2.86338,0.000158821,0.00110826,0
2.86462,2.71425e-05,0.00131644,0
2.86537,0.000110028,0.00136643,0
2.8665,0.000105202,0.00136346,0
2.86785,0.000105202,0.00136346,0
2.86843,0.000133433,0.00137402,0
2.86969,0.000206857,0.00134447,0
2.87047,5.65086e-05,0.0012676,0
2.87155,8.69283e-05,0.00126572,0
2.87242,8.39433e-05,0.00106069,0
2.87363,4.51985e-05,0.00106533,0
2.8744,2.40905e-05,0.00106363,0
2.87538,5.52358e-05,0.00112233,0
2.87641,8.26742e-05,0.00104775,0
2.87742,9.40371e-05,0.00112163,0
2.87843,9.40371e-05,0.00112163,0
2.87934,0.000152416,0.0011311,0
2.88046,0.0003432,0.0013393,0
2.88136,0.000360337,0.00120901,0
2.88235,0.000233453,0.00114664,0
2.88341,0.000413571,0.0013389,0
2.88436,0.000589703,0.00141674,0
2.88542,0.000455901,0.00121862,0
2.88641,0.00048765,0.00135156,0
2.88738,0.00065174,0.00141265,0
2.88856,0.00058548,0.00140345,0
2.88942,0.000753138,0.00146837,0
2.8904,0.00061975,0.00127762,0
2.89135,0.000659632,0.00140344,0
2.89238,0.000819213,0.0014702,0
2.89339,0.000819213,0.0014702,0
2.89436,0.000872387,0.00147617,0
2.89548,0.000728935,0.0012702,0
2.89651,0.000819177,0.00145307,0
2.89762,0.000984793,0.00151737,0
2.89867,0.000920719,0.00150605,0
2.89936,0.00103876,0.0015212,0
2.90036,0.00106424,0.00152453,0
2.90139,0.00099374,0.0014991,0
2.9029,0.00101895,0.00150453,0
2.90347,0.00113294,0.00151734,0
2.90445,0.00115633,0.00152092,0
2.90535,0.00117667,0.00151546,0
2.90656,0.00103033,0.00131814,0
2.90763,0.00103033,0.00131814,0
2.90844,0.00123509,0.0015157,0
2.90939,0.00117329,0.00149456,0
2.91037,0.00118845,0.00149492,0
2.91137,0.00121175,0.00149068,0
2.91235,0.0013689,0.00156083,0
2.91334,0.00131406,0.00154526,0
2.9144,0.000999737,0.00114671,0
2.91536,0.00110148,0.00132243,0
2.91641,0.00137588,0.00154304,0
2.9174,0.00131463,0.00152014,0
2.91836,0.00142523,0.00154213,0
2.91938,0.00145116,0.00153789,0
2.92037,0.0015592,0.00155961,0
2.92136,0.00149533,0.00153621,0
2.92235,0.00151251,0.0015385,0
2.92341,0.0015334,0.0015334,0
2.92437,0.00155318,0.00153656,0
2.9255,0.00161566,0.00157744,0
2.92641,0.00164138,0.00158581,0
2.92737,0.00166412,0.00158055,0
2.92846,0.00168893,0.00158526,0
2.92951,0.0016845,0.00158253,0
2.93037,0.00178862,0.00159397,0
2.93136,0.00180817,0.00159626,0
2.93243,0.00170588,0.0015278,0
2.93348,0.00171521,0.00152419,0
2.93453,0.00181617,0.00153736,0
2.93535,0.00183415,0.00154134,0
2.93637,0.00184959,0.0015361,0
2.93738,0.00173781,0.00138621,0
2.9384,0.00164308,0.00132412,0
2.93935,0.00164308,0.00132412,0
2.94035,0.00195336,0.00157616,0
2.94137,0.00181407,0.00138855,0
2.94236,0.00191633,0.00156265,0
2.94335,0.002009,0.00158089,0
2.94438,0.0018681,0.00137952,0
2.94538,0.00193363,0.00151792,0
2.94635,0.00193363,0.00151792,0
2.94737,0.00195451,0.00142527,0
2.94839,0.00202826,0.00156088,0
2.94936,0.0021489,0.00161653,0
2.95036,0.0021489,0.00161653,0
2.95136,0.00217667,0.00161743,0
2.95247,0.00208778,0.00156253,0
2.95335,0.00209619,0.00154832,0
2.95457,0.00211353,0.00155131,0
2.95536,0.00220925,0.00156385,0
2.95661,0.00215248,0.00155136,0
2.95735,0.00216945,0.00154639,0
2.95838,0.00202449,0.00135443,0
2.95936,0.00220646,0.00154593,0
2.96036,0.0022984,0.00156615,0
2.96137,0.00208314,0.00135075,0
2.96239,0.00229149,0.00159211,0
2.96338,0.00238804,0.0016088,0
2.96437,0.00240686,0.00161149,0
2.96537,0.00242362,0.00160531,0
2.96636,0.00227763,0.00141273,0
2.96735,0.00219481,0.00134998,0
2.9684,0.00236659,0.00153998,0
2.96941,0.00232355,0.00140583,0
2.97036,0.00224725,0.00134936,0
2.97136,0.00241889,0.00154197,0
2.97232,0.00253686,0.00159554,0
2.97338,0.0023984,0.00141102,0
2.97442,0.00250736,0.00158501,0
2.97536,0.00250736,0.00158501,0
2.97635,0.00238616,0.00139359,0
2.97742,0.00255822,0.00158492,0
2.97839,0.00251261,0.00144223,0
2.97943,0.00244008,0.001395,0
2.98037,0.00245355,0.00138469,0
2.98165,0.00262977,0.00158109,0
2.98237,0.00258249,0.00143952,0
2.98336,0.00267102,0.001586,0
2.98439,0.0027744,0.00163013,0
2.98537,0.00263764,0.00144606,0
2.98638,0.00272353,0.00157894,0
2.98742,0.00284841,0.0016713,0
2.98838,0.0027171,0.00148427,0
2.98935,0.00280322,0.00162477,0
2.99039,0.0029026,0.00166571,0
2.99142,0.00276647,0.00148151,0
2.99256,0.00285572,0.00161465,0
2.99335,0.00295094,0.00166387,0
2.99435,0.00281651,0.00147221,0
2.9954,0.00290456,0.00161352,0
2.9966,0.00299976,0.00165464,0
2.99737,0.00286325,0.0014715,0
2.99836,0.0029541,0.00160498,0
2.99944,0.0029541,0.00160498,0
3.00035,0.0030912,0.00169489,0
3.0014,0.00295015,0.0015097,0
3.00235,0.00291016,0.00149148,0
3.00349,0.00291016,0.00149148,0
3.00454,0.00315233,0.0016833,0
3.00539,0.00301568,0.00150025,0
3.00669,0.00313186,0.00167369,0
3.00737,0.00319924,0.00168515,0
3.0084,0.00300702,0.001478,0
3.00936,0.00315454,0.0016305,0
3.01035,0.00324466,0.00167042,0
3.0114,0.00312844,0.00152776,0
3.01235,0.00322678,0.00166605,0
3.01339,0.00330953,0.00171109,0
3.01436,0.00317589,0.00152022,0
3.01536,0.00327161,0.0016621,0
3.01638,0.00335422,0.00169887,0
3.01736,0.00321837,0.0015168,0
3.0184,0.00331667,0.00165084,0
3.01936,0.00339541,0.00169561,0
3.02037,0.0032615,0.00150607,0
3.02137,0.00335852,0.0016483,0
3.02235,0.00343746,0.00168499,0
3.02336,0.00330163,0.00150404,0
3.02437,0.00340138,0.00163838,0
3.0254,0.00347664,0.00168304,0
3.02639,0.00336057,0.00153284,0
3.02743,0.0034613,0.00167955,0
3.02838,0.00353722,0.00171439,0
3.02935,0.00340234,0.00153304,0
3.03043,0.00350467,0.0016673,0
3.03143,0.00357662,0.00170998,0
3.03238,0.0034436,0.00152135,0
3.03346,0.00354453,0.00166386,0
3.03438,0.00346482,0.0015108,0
3.03536,0.00358684,0.0016967,0
3.03635,0.00364429,0.00169861,0
3.03739,0.00365942,0.00170057,0
3.03839,0.00367223,0.00169384,0
3.0394,0.00369841,0.00173283,0
3.04043,0.00371317,0.0017304,0
3.04147,0.00372455,0.0017305,0
3.04236,0.00373808,0.00172277,0
3.04338,0.00374941,0.0017235,0
3.04436,0.0036125,0.00152982,0
3.04538,0.00371764,0.00167276,0
3.04638,0.00378301,0.00170586,0
3.04736,0.00364894,0.00152713,0
3.04836,0.00375589,0.00166195,0
3.04947,0.00381764,0.00170281,0
3.05044,0.00368579,0.0015165,0
3.05136,0.00380422,0.00169622,0
3.05248,0.00387091,0.00173496,0
3.05337,0.00373424,0.0015535,0
3.05437,0.00384337,0.00168785,0
3.0555,0.00390201,0.00172675,0
3.05636,0.00391878,0.00172538,0
3.05737,0.00392845,0.00172594,0
3.05836,0.0039407,0.00171843,0
3.05936,0.00395089,0.00171938,0
3.06039,0.00396295,0.00171234,0
3.06143,0.00397292,0.00171353,0
3.06238,0.00399552,0.00174258,0
3.06356,0.00385973,0.00156356,0
3.06438,0.00398235,0.00173389,0
3.0654,0.00402615,0.00173912,0
3.06658,0.0038955,0.00154813,0
3.0674,0.00400572,0.0016912,0
3.06836,0.00405913,0.00172079,0
3.06936,0.00407239,0.00172758,0
3.07051,0.00408319,0.00172012,0
3.07153,0.00394769,0.00153763,0
3.07232,0.00394769,0.00153763,0
3.07344,0.00396567,0.00152771,0
3.07471,0.00409085,0.00170332,0
3.07542,0.00413936,0.00174539,0
3.07646,0.00401037,0.0015602,0
3.07761,0.00401037,0.0015602,0
3.07836,0.00417128,0.00173024,0
3.07943,0.00415154,0.00173094,0
3.08046,0.00415154,0.00173094,0
3.08135,0.00406118,0.00154737,0
3.08241,0.00417654,0.00168243,0
3.08346,0.00422726,0.00175315,0
3.08443,0.00422726,0.00175315,0
3.08544,0.00421313,0.00171634,0
3.08665,0.00419211,0.00169942,0
3.08739,0.00426507,0.00174086,0
3.08835,0.00413838,0.00156428,0
3.08943,0.0042608,0.00173288,0
3.09039,0.00409172,0.00151346,0
3.09138,0.00428123,0.00175482,0
3.09244,0.00411194,0.00151112,0
3.09335,0.00430063,0.00174836,0
3.09439,0.00413304,0.00150536,0
3.09538,0.00418007,0.00156162,0
3.09636,0.00418007,0.00156162,0
3.09737,0.00430612,0.00170418,0
3.09838,0.00420839,0.00155874,0
3.09935,0.00436026,0.00173549,0
3.10038,0.0041988,0.00151903,0
3.10137,0.00437658,0.00172419,0
3.10236,0.00435725,0.00169277,0
3.10339,0.00425674,0.0015394,0
3.1045,0.00412914,0.00136566,0
3.10547,0.00438957,0.00171289,0
3.10641,0.00444774,0.00175363,0
3.1074,0.00446247,0.00175098,0
3.10836,0.00446921,0.00175037,0
3.1095,0.00434209,0.00156358,0
3.1104,0.00446114,0.00170668,0
3.11163,0.00449337,0.00173035,0
3.11239,0.00436689,0.00155835,0
3.11349,0.00448992,0.001726,0
3.11444,0.00451836,0.00173002,0
3.11539,0.00436962,0.00150865,0
3.11661,0.00451035,0.00168321,0
3.11752,0.00440707,0.00153531,0
3.1184,0.00439496,0.00153857,0
3.11962,0.00453607,0.00170843,0
3.12061,0.00443019,0.00156712,0
3.12142,0.00455394,0.00170619,0
3.12238,0.00444556,0.00155989,0
3.12342,0.00443903,0.00152431,0
3.12465,0.00457513,0.00169623,0
3.12542,0.00447002,0.00154733,0
3.12636,0.00447002,0.00154733,0
3.12755,0.00459835,0.001719,0
3.12838,0.00449051,0.00157703,0
3.12937,0.00461478,0.00174736,0
3.13038,0.0046357,0.00174793,0
3.13146,0.00464883,0.00174119,0
3.13241,0.00450873,0.00153346,0
3.13339,0.00465921,0.00172777,0
3.13455,0.00453615,0.00155831,0
3.13611,0.00453615,0.00155831,0
3.13679,0.00466495,0.0016894,0
3.13757,0.00466495,0.0016894,0
3.13859,0.00454985,0.00155006,0
3.13942,0.00455452,0.00153658,0
3.14045,0.00456294,0.00153824,0
3.14151,0.00456858,0.00152962,0
3.14238,0.00457442,0.00153078,0
3.14339,0.00458233,0.00152378,0
3.14442,0.00471635,0.00169893,0
3.14547,0.00460678,0.00155027,0
3.14641,0.00460324,0.00152377,0
3.14737,0.00473447,0.00171642,0
3.14845,0.00462082,0.00157921,0
3.14949,0.0046201,0.00154409,0
3.15037,0.00475149,0.00171284,0
3.15144,0.00462327,0.00153861,0
3.1524,0.00463742,0.00156856,0
3.15355,0.00477004,0.0017009,0
3.1544,0.00463966,0.00152476,0
3.15551,0.00465781,0.00151862,0
3.15636,0.00466319,0.00151921,0
3.15747,0.00467052,0.00151253,0
3.15842,0.00467585,0.0015143,0
3.15958,0.00467843,0.00153757,0
3.16043,0.00480595,0.00171423,0
3.16142,0.00469342,0.00156489,0
3.16254,0.00469507,0.00153946,0
3.16337,0.00482488,0.0016988,0
3.16438,0.00471002,0.00155774,0
3.16542,0.00471654,0.00152645,0
3.16643,0.00484152,0.00169269,0
3.16766,0.00472828,0.00154393,0
3.16855,0.00473181,0.00152006,0
3.16939,0.00473181,0.00152006,0
3.17057,0.00473693,0.00153928,0
3.17158,0.00486272,0.00170625,0
3.1724,0.00486272,0.00170625,0
3.17339,0.00475321,0.00153285,0
3.17439,0.00475961,0.00153097,0
3.1754,0.0047631,0.00154989,0
3.17641,0.0047631,0.00154989,0
3.17757,0.00477505,0.00151524,0
3.17842,0.00489905,0.00168544,0
3.1794,0.00477605,0.00156615,0
3.18039,0.00489984,0.00171537,0
3.18138,0.00478383,0.00156107,0
3.18236,0.00479165,0.00153774,0
3.18344,0.00479729,0.00152607,0
3.18441,0.00480313,0.00152794,0
3.1855,0.00480719,0.0015195,0
3.18661,0.00481272,0.00152207,0
3.18762,0.004811,0.00152072,0
3.18846,0.00481747,0.00151393,0
3.18944,0.004937,0.00168268,0
3.19052,0.00494268,0.00167574,0
3.19148,0.00494627,0.00167727,0
3.19247,0.00483655,0.00150336,0
3.1935,0.00494631,0.00169982,0
3.19462,0.00494984,0.00169633,0
3.19552,0.00495284,0.0016971,0
3.19652,0.00495815,0.00168909,0
3.19746,0.00484721,0.00152336,0
3.19854,0.00485271,0.00151604,0
3.1997,0.00485559,0.00151698,0
3.2006,0.00486112,0.00150992,0
3.20147,0.00497804,0.00167757,0
3.20242,0.00487011,0.00150455,0
3.20355,0.00498649,0.00167216,0
3.20443,0.00499125,0.00166516,0
3.20581,0.00499493,0.00166717,0
3.20663,0.00498935,0.00168732,0
3.20748,0.00498953,0.00169197,0
3.20856,0.00499412,0.00168444,0
3.20946,0.00499681,0.00168493,0
3.21049,0.00500102,0.00167713,0
3.21141,0.00500414,0.00167843,0
3.21246,0.0050089,0.00167119,0
3.21342,0.00501105,0.00167226,0
3.21452,0.00501635,0.00166552,0
3.2154,0.00501852,0.00166683,0
3.21642,0.00502384,0.00166031,0
3.21743,0.00502601,0.00166185,0
3.21852,0.00503132,0.00165553,0
3.21944,0.00502159,0.00168333,0
3.22047,0.00502314,0.00167955,0
3.22152,0.00502504,0.00168053,0
3.22244,0.0050293,0.00167268,0
3.22342,0.00503086,0.00167342,0
3.2245,0.00503507,0.00166613,0
3.22544,0.00503767,0.00166766,0
3.22653,0.00504194,0.00166063,0
3.2274,0.00493785,0.00149958,0
3.22839,0.00504839,0.00165538,0
3.22962,0.00505056,0.00165716,0
3.23063,0.00494949,0.0014884,0
3.23139,0.00504278,0.00167735,0
3.23264,0.00504363,0.00167346,0
3.23394,0.00504544,0.00167468,0
3.23444,0.00504869,0.00166659,0
3.23571,0.00494672,0.00150636,0
3.2367,0.00505391,0.00166031,0
3.23742,0.00495258,0.00150068,0
3.23858,0.00495664,0.0014938,0
3.23944,0.00495859,0.00149553,0
3.24043,0.0049627,0.00148888,0
3.24141,0.00496468,0.00149085,0
3.24242,0.00496882,0.00148442,0
3.24341,0.00495573,0.0015108,0
3.24432,0.00495839,0.0015092,0
3.24556,0.00495726,0.00150816,0
3.24661,0.00496077,0.00150046,0
3.24747,0.00496206,0.00150167,0
3.2484,0.00486672,0.00133645,0
3.24944,0.00486672,0.00133645,0
3.25039,0.00499571,0.00146853,0
3.25135,0.00497611,0.0014861,0
3.25238,0.00497505,0.00148509,0
3.25333,0.0049799,0.0014808,0
3.25437,0.00498253,0.00148398,0
3.25542,0.00498151,0.00148298,0
3.25636,0.00496882,0.00150005,0
3.25735,0.00497024,0.00149848,0
3.25839,0.00497011,0.00149844,0
3.25936,0.0049731,0.00149122,0
3.26036,0.00497398,0.00149273,0
3.26141,0.00497804,0.00148679,0
3.26239,0.00497807,0.00148761,0
3.26338,0.0049822,0.00148192,0
3.2644,0.00498126,0.00148097,0
3.26546,0.00498231,0.001483,0
3.26659,0.0050806,0.00163362,0
3.26846,0.00496829,0.0014974,0
3.26855,0.00496829,0.0014974,0
3.26943,0.00506249,0.00165524,0
3.27046,0.00497127,0.00149119,0
3.2715,0.00506475,0.0016486,0
3.27245,0.00506475,0.0016486,0
3.27337,0.00497419,0.00148687,0
3.27438,0.0049769,0.00148007,0
3.27547,0.00508392,0.00164144,0
3.27652,0.00508333,0.00163384,0
3.27737,0.00504931,0.00165354,0
3.27842,0.00504897,0.00164953,0
3.27959,0.00503339,0.00164633,0
3.2804,0.00496256,0.00148857,0
3.28153,0.00507063,0.00162281,0
3.28235,0.00509275,0.00161833,0
3.28339,0.00498504,0.00146089,0
3.2844,0.00507967,0.00161045,0
3.28539,0.00495507,0.00147679,0
3.2864,0.00495507,0.00147679,0
3.28737,0.00504929,0.00162752,0
3.28842,0.0050508,0.0016252,0
3.28942,0.00503278,0.00164852,0
3.29037,0.00503211,0.00164423,0
3.29139,0.00503273,0.00164516,0
3.29239,0.00503539,0.00163762,0
3.29335,0.00503667,0.00164006,0
3.29437,0.00512215,0.00179181,0
3.2954,0.00503822,0.00163213,0
3.29635,0.00503852,0.00163394,0
3.29735,0.00507899,0.00161108,0
3.29847,0.00506283,0.00160599,0
3.29936,0.00504678,0.00162168,0
3.30036,0.00504334,0.00162748,0
3.30145,0.00504594,0.00162081,0
3.30236,0.00504619,0.00162287,0
3.30339,0.00504849,0.00161657,0
3.3045,0.00504849,0.00161657,0
3.30535,0.00505072,0.00161299,0
3.30639,0.00496717,0.00146443,0
3.30745,0.00507271,0.00161395,0
3.30834,0.00504941,0.00161158,0
3.30935,0.00505249,0.00160616,0
3.31041,0.00505319,0.00160997,0
3.31136,0.00505237,0.0016091,0
3.31236,0.00505446,0.00160344,0
3.31336,0.00505446,0.00160344,0
3.31443,0.00503273,0.00162579,0
3.31555,0.00505159,0.00160292,0
3.31641,0.00509744,0.00158801,0
3.31749,0.00510176,0.00157954,0
3.31846,0.00502051,0.00143411,0
3.31942,0.00502156,0.00142999,0
3.32041,0.00502047,0.00143431,0
3.32169,0.00510113,0.00157924,0
3.32241,0.00507707,0.00160179,0
3.32359,0.00501659,0.00143162,0
3.32444,0.00509677,0.00158148,0
3.32563,0.0051213,0.001581,0
3.32651,0.00507057,0.00159834,0
3.32758,0.00506756,0.00159617,0
3.32845,0.00498696,0.00145086,0
3.32966,0.00506372,0.00159298,0
3.33071,0.00498453,0.00144807,0
3.33178,0.00498446,0.00144257,0
3.33259,0.00505813,0.00159344,0
3.33384,0.00505813,0.00159344,0
3.33436,0.00505565,0.00159137,0
3.33569,0.00503223,0.00160357,0
3.33636,0.00503223,0.00160357,0
3.33736,0.00503223,0.00160357,0
3.33849,0.00504997,0.0015855,0
3.33936,0.00500135,0.0015939,0
3.34043,0.00497253,0.00144065,0
3.34136,0.00497513,0.0014324,0
3.34245,0.00497385,0.00143612,0
3.34362,0.00502294,0.00159461,0
3.34474,0.0048919,0.0014667,0
3.34572,0.00493939,0.0014511,0
3.34636,0.00493875,0.00145079,0
3.34738,0.00493821,0.00144413,0
3.34839,0.00493477,0.0014474,0
3.34936,0.00503193,0.00159164,0
3.35037,0.0048756,0.00145569,0
3.35173,0.00492578,0.00144182,0
3.35238,0.00499502,0.00158646,0
3.35341,0.00487269,0.00144785,0
3.35449,0.00489579,0.00145893,0
3.35541,0.00489579,0.00145893,0
3.35644,0.00488585,0.00145329,0
3.35734,0.00488524,0.00144812,0
3.35834,0.00488509,0.00144762,0
3.35938,0.00493231,0.00143342,0
3.36035,0.00493231,0.00143342,0
3.36137,0.00490236,0.00144731,0
3.36244,0.0049695,0.00158998,0
3.36334,0.00489627,0.00144901,0
3.36441,0.00485477,0.0013044,0
3.36533,0.00482703,0.00145004,0
3.36656,0.00488529,0.00159795,0
3.36731,0.00481709,0.00144899,0
3.36841,0.00481702,0.00144855,0
3.36935,0.00477682,0.00131365,0
3.37033,0.00483834,0.00144871,0
3.37162,0.00479685,0.00131404,0
3.37241,0.00482688,0.00144355,0
3.37335,0.00487776,0.00143689,0
3.37437,0.00473177,0.0013109,0
3.3757,0.00477004,0.00128964,0
3.37639,0.00478368,0.00143036,0
3.37739,0.0047793,0.00143658,0
3.37874,0.00481609,0.00158698,0
3.37956,0.00474648,0.0014513,0
3.38041,0.00474552,0.00144517,0
3.38141,0.00474261,0.0014477,0
3.38248,0.00474197,0.00144168,0
3.38346,0.00473909,0.0014447,0
3.38449,0.00473857,0.00143894,0
3.38543,0.00473579,0.00144217,0
3.38656,0.00473535,0.00143662,0
3.38751,0.00479276,0.00157931,0
3.3886,0.0047059,0.00144817,0
3.3895,0.00469772,0.001453,0
3.39052,0.00469558,0.00144659,0
3.39177,0.00469158,0.00144887,0
3.39316,0.0047486,0.00158102,0
3.3936,0.00474467,0.00158414,0
3.39438,0.00468473,0.00143944,0
3.39548,0.00473875,0.00158031,0
3.39648,0.00467996,0.00143678,0
3.39742,0.00467654,0.00144007,0
3.39847,0.00467567,0.00143466,0
3.39945,0.00470194,0.00158787,0
3.4004,0.004639,0.00144653,0
3.40153,0.00468984,0.0015858,0
3.40245,0.00463158,0.00144227,0
3.40343,0.00468257,0.00158147,0
3.40446,0.0046803,0.00157518,0
3.4054,0.00467585,0.00157798,0
3.4064,0.00467387,0.00157195,0
3.40744,0.00467387,0.00157195,0
3.40843,0.00467387,0.00157195,0
3.40962,0.00466967,0.001575,0
3.41042,0.00463443,0.00156402,0
3.41139,0.00463349,0.00156844,0
3.41239,0.00469525,0.0015569,0
3.41335,0.00466334,0.00155389,0
3.41442,0.00461282,0.00141596,0
3.4154,0.00464733,0.0014264,0
3.41636,0.00464733,0.0014264,0
3.41739,0.00466651,0.00155531,0
3.41851,0.00461222,0.00142014,0
3.41935,0.00459538,0.00129593,0
3.42035,0.00473615,0.00140844,0
3.4214,0.00465051,0.00142667,0
3.42243,0.00469209,0.00156085,0
3.42336,0.00457165,0.00143762,0
3.42432,0.00457165,0.00143762,0
3.42535,0.00463159,0.00142948,0
3.42639,0.00467974,0.0015643,0
3.42738,0.00467821,0.00155957,0
3.42858,0.00467821,0.00155957,0
3.42939,0.00467319,0.00156417,0
3.43038,0.00467057,0.00155964,0
3.4314,0.00469362,0.00155418,0
3.43242,0.00469649,0.00154915,0
3.43341,0.00469657,0.00154881,0
3.43434,0.00462662,0.00155935,0
3.43538,0.00462662,0.00155935,0
3.4364,0.00468915,0.0015534,0
3.43751,0.00468915,0.0015534,0
3.43832,0.00476826,0.00167429,0
3.43953,0.00472171,0.00154243,0
3.44078,0.0046794,0.00154483,0
3.44139,0.00470333,0.00140799,0
3.44242,0.00470333,0.00140799,0
3.4434,0.00475136,0.00154407,0
3.44468,0.00475236,0.00154256,0
3.44543,0.00474944,0.00154999,0
3.44639,0.00474847,0.00154805,0
3.44735,0.00474469,0.00155487,0
3.44836,0.00474281,0.00155252,0
3.44935,0.00465227,0.00142446,0
3.45036,0.00476677,0.00154952,0
3.45135,0.00469677,0.00155777,0
3.45236,0.00464826,0.00142845,0
3.4534,0.00473002,0.00156896,0
3.4544,0.00465543,0.0015679,0
3.45533,0.00460275,0.00144634,0
3.45646,0.00466977,0.00143953,0
3.45742,0.00459669,0.00144506,0
3.45843,0.00470124,0.00156941,0
3.4594,0.00458474,0.00144663,0
3.46058,0.00458474,0.00144663,0
3.46152,0.0046887,0.00157061,0
3.46267,0.0046887,0.00157061,0
3.46336,0.00468343,0.00157379,0
3.4644,0.00463444,0.00156508,0
3.46555,0.00459516,0.00143729,0
3.46643,0.00465804,0.0014388,0
3.46735,0.00465958,0.00131979,0
3.46838,0.00468144,0.00130941,0
3.46964,0.00472125,0.00143677,0
3.47037,0.00463462,0.00144373,0
3.4714,0.00467292,0.00157023,0
3.47249,0.00466333,0.00157637,0
3.47379,0.00454583,0.00144798,0
3.47468,0.00460509,0.00144839,0
3.47547,0.00449392,0.00146106,0
3.47636,0.00455265,0.00145878,0
3.4774,0.00454574,0.0014609,0
3.47841,0.00458157,0.0014608,0
3.47959,0.00461781,0.00158607,0
3.48043,0.00460539,0.00158919,0
3.48138,0.00451342,0.00145448,0
3.48235,0.00453663,0.00158463,0
3.48337,0.00460321,0.00157939,0
3.48439,0.00452,0.00158256,0
3.48536,0.00450811,0.00158035,0
3.48637,0.0044964,0.00158495,0
3.48737,0.00448829,0.00158021,0
3.48837,0.00444848,0.00158949,0
3.48939,0.00443453,0.00158524,0
3.49037,0.00442187,0.0015888,0
3.49137,0.00441207,0.00158312,0
3.49239,0.00439969,0.00158675,0
3.49344,0.00434455,0.00157677,0
3.49436,0.00438118,0.00158662,0
3.49535,0.00437178,0.00158049,0
3.49647,0.00431497,0.00158005,0
3.49738,0.00430768,0.00157621,0
3.49836,0.00429991,0.00158089,0
3.49937,0.00426486,0.00158004,0
3.50035,0.00425068,0.00158494,0
3.50135,0.00424347,0.00157946,0
3.50237,0.0042333,0.00158315,0
3.50337,0.00422567,0.00157786,0
3.50439,0.00421599,0.00158193,0
3.50537,0.00420812,0.00157676,0
3.50636,0.00419854,0.00158098,0
3.50738,0.00419118,0.00157598,0
3.50838,0.0041813,0.00158029,0
3.50937,0.00417433,0.00157543,0
3.51038,0.00416422,0.00157982,0
3.51137,0.00415745,0.00157506,0
3.51237,0.00411877,0.00158204,0
3.51336,0.00410641,0.00157741,0
3.51443,0.00409474,0.00158095,0
3.51536,0.0040866,0.00157531,0
3.51666,0.00405108,0.00146117,0
3.51736,0.00414239,0.00157619,0
3.51838,0.00405968,0.00157657,0
3.51958,0.00402187,0.00145563,0
3.5204,0.00411115,0.00158002,0
3.52137,0.00403156,0.0015708,0
3.52241,0.0039926,0.0014601,0
3.52365,0.00408388,0.0015748,0
3.52467,0.00400116,0.00157498,0
3.52565,0.00400172,0.00157501,0
3.52664,0.00400214,0.00146432,0
3.5275,0.00399216,0.00145803,0
3.52837,0.0040022,0.00157829,0
3.52945,0.00391525,0.00156963,0
3.53058,0.00387716,0.00145995,0
3.53143,0.00394279,0.00145767,0
3.53242,0.00393377,0.00146053,0
3.53348,0.00393464,0.0014608,0
3.53454,0.00390869,0.00146024,0
3.5356,0.00386856,0.00145552,0
3.53634,0.00387582,0.00145988,0
3.53747,0.00383377,0.00145318,0
3.53837,0.00380738,0.00145712,0
3.53958,0.00377423,0.0014483,0
3.54037,0.00372702,0.00144727,0
3.54138,0.00383548,0.001454,0
3.54236,0.00380068,0.00145684,0
3.54339,0.00380226,0.0015611,0
3.54435,0.0036938,0.00145091,0
3.54539,0.00375476,0.00144784,0
3.54639,0.00376252,0.00156594,0
3.54742,0.00366336,0.00144101,0
3.54836,0.00369456,0.00145425,0
3.54954,0.0037035,0.00155506,0
3.55073,0.00360077,0.00144755,0
3.55144,0.003666,0.00144397,0
3.55261,0.00365733,0.00145104,0
3.55344,0.00357879,0.00143723,0
3.55445,0.00364058,0.00145275,0
3.55562,0.00363891,0.0014421,0
3.55656,0.00362929,0.00145143,0
3.55744,0.00363027,0.0014518,0
3.55835,0.00361618,0.00145281,0
3.55938,0.00361185,0.00144388,0
3.56062,0.00357351,0.00145148,0
3.56158,0.00356417,0.00144223,0
3.56238,0.003553,0.00145157,0
3.56373,0.00354734,0.00144198,0
3.56485,0.0035368,0.00145155,0
3.56536,0.00353148,0.00144225,0
3.56638,0.00352126,0.00145203,0
3.56733,0.00356156,0.00144534,0
3.56843,0.00353655,0.00134634,0
3.56938,0.00355037,0.00145434,0
3.5704,0.00351608,0.00134594,0
3.57139,0.00347447,0.00144251,0
3.57235,0.00347447,0.00144251,0
3.57369,0.0034348,0.00145001,0
3.57435,0.00341332,0.00144975,0
3.57538,0.00341439,0.00145019,0
3.57647,0.00339777,0.00145025,0
3.57746,0.00339384,0.00144162,0
3.57837,0.00338388,0.00145167,0
3.5794,0.00338388,0.00145167,0
3.58063,0.00337798,0.00155718,0
3.58157,0.00336932,0.00145294,0
3.58255,0.00337383,0.00154838,0
3.58338,0.00343889,0.00156559,0
3.5848,0.00333363,0.00154394,0
3.58549,0.00331566,0.00155465,0
3.58636,0.00330791,0.00154501,0
3.58739,0.00329668,0.00155446,0
3.58837,0.00329063,0.0015451,0
3.58937,0.00327969,0.00155493,0
3.5904,0.00327399,0.00154578,0
3.59136,0.00326335,0.00155577,0
3.59235,0.00325792,0.00154676,0
3.59335,0.00321918,0.00155114,0
3.59436,0.00320907,0.0015415,0
3.59535,0.00319684,0.00155105,0
3.59655,0.00319016,0.00154163,0
3.59743,0.00317862,0.00155145,0
3.5984,0.00317238,0.0015423,0
3.59944,0.00315592,0.00145198,0
3.60072,0.00315538,0.00154333,0
3.60155,0.00321866,0.00156191,0
3.60236,0.00314183,0.00154403,0
3.60337,0.00312379,0.00145591,0
3.60448,0.00309384,0.00153953,0
3.6054,0.00302828,0.00144819,0
3.60637,0.00309614,0.00144884,0
3.6076,0.00310139,0.00154812,0
3.60859,0.00302187,0.0015489,0
3.60949,0.00308463,0.00145171,0
3.61065,0.00307761,0.00146178,0
3.61152,0.00307747,0.00155154,0
3.61255,0.0030673,0.00156231,0
3.61361,0.00305979,0.00145668,0
3.61448,0.00305262,0.00156472,0
3.61539,0.00304779,0.0015564,0
3.61654,0.00300826,0.00146236,0
3.61757,0.00300071,0.0015496,0
3.61845,0.00298879,0.0015598,0
3.6194,0.00298109,0.00145519,0
3.62069,0.00301513,0.00137133,0
3.62158,0.00303642,0.00156139,0
3.62261,0.0029541,0.00156277,0
3.62355,0.00294417,0.0015549,0
3.62444,0.00293245,0.00156535,0
3.62558,0.00292669,0.00155678,0
3.62641,0.00288871,0.00146391,0
3.62737,0.00287853,0.00145459,0
3.62854,0.00286536,0.00155863,0
3.62951,0.00293171,0.00156042,0
3.6304,0.00284872,0.00155986,0
3.63159,0.00283926,0.00155193,0
3.63238,0.00282731,0.00146955,0
3.63387,0.00281985,0.00155368,0
3.63436,0.00280799,0.00156422,0
3.6354,0.00280164,0.00155578,0
3.63683,0.00279027,0.00156648,0
3.6377,0.00278409,0.00155812,0
3.63836,0.0027463,0.00155821,0
3.63949,0.00273569,0.00154861,0
3.64042,0.00272262,0.00155893,0
3.64147,0.00271511,0.00155032,0
3.64236,0.00270298,0.00156094,0
3.64338,0.00269554,0.00155243,0
3.64448,0.00268224,0.00156269,0
3.64536,0.00267656,0.00155477,0
3.64642,0.00266471,0.00156556,0
3.64769,0.00266471,0.00156556,0
3.64837,0.00264647,0.00156817,0
3.64937,0.00261877,0.00145962,0
3.65041,0.00259811,0.00155755,0
3.65154,0.00254401,0.00154883,0
3.65263,0.00258421,0.00147341,0
3.65366,0.00259729,0.00156376,0
3.65443,0.00264046,0.00148885,0
3.65542,0.00258251,0.00156692,0
3.65635,0.0025046,0.00147988,0
3.65747,0.0025371,0.00155872,0
3.65855,0.0026032,0.00149495,0
3.65944,0.00252095,0.00155983,0
3.66039,0.00243298,0.00155774,0
3.66141,0.00242376,0.00154956,0
3.66249,0.00241326,0.00156047,0
3.66348,0.00241486,0.00146735,0
3.66444,0.00246668,0.0015765,0
3.66566,0.00246668,0.0015765,0
3.66641,0.00243313,0.001482,0
3.66742,0.0024882,0.00157014,0
3.66846,0.00236918,0.00148452,0
3.66935,0.00236918,0.00148452,0
3.67056,0.00239808,0.00156122,0
3.6716,0.00238843,0.00147988,0
3.67244,0.00237165,0.00149068,0
3.67342,0.00236466,0.00148357,0
3.67441,0.00234298,0.00157696,0
3.67552,0.00226418,0.00155419,0
3.67651,0.00227455,0.0014729,0
3.6774,0.00227455,0.0014729,0
3.67836,0.00231127,0.00166135,0
3.67939,0.00231127,0.00166135,0
3.68039,0.00230525,0.00165291,0
3.68135,0.00231596,0.00157215,0
3.68242,0.00228281,0.00159999,0
3.68337,0.00228152,0.00159554,0
3.68438,0.00234328,0.00162202,0
3.68543,0.0023418,0.00161419,0
3.68641,0.00238928,0.00154497,0
3.68737,0.00239078,0.00154579,0
3.6884,0.002352,0.00163376,0
3.68936,0.00227359,0.00163275,0
3.69038,0.00233917,0.00164087,0
3.6915,0.00233917,0.00164087,0
3.69237,0.00226269,0.00163619,0
3.69343,0.00225555,0.00162781,0
3.69437,0.00231598,0.00165494,0
3.69538,0.00231732,0.00165551,0
3.69644,0.00226861,0.00164886,0
3.69743,0.00234271,0.0016007,0
3.69841,0.00232926,0.00167097,0
3.69938,0.00232065,0.00168231,0
3.70036,0.00232065,0.00168231,0
3.7014,0.00230269,0.00175078,0
3.70232,0.00230269,0.00175078,0
3.70339,0.00225521,0.00168553,0
3.70439,0.00227306,0.00169707,0
3.7054,0.00231729,0.00170964,0
3.70636,0.00226288,0.00169955,0
3.70739,0.00225103,0.00177553,0
3.70838,0.00225103,0.00177553,0
3.70935,0.00225422,0.0017124,0
3.71038,0.0022723,0.00172278,0
3.71136,0.0022723,0.00172278,0
3.71236,0.00228769,0.00174802,0
3.7134,0.00228769,0.00174802,0
3.71435,0.00227889,0.00175785,0
3.71544,0.00234091,0.00176621,0
3.71641,0.00216797,0.0017215,0
3.71737,0.00181887,0.0015068,0
3.71853,0.00165757,0.00154185,0
3.7194,0.00148927,0.00141172,0
3.7204,0.00146752,0.00141988,0
3.72138,0.00138204,0.00146876,0
3.72235,0.0012676,0.00137855,0
3.72335,0.0012676,0.00137855,0
3.72435,0.001203,0.00145055,0
3.72538,0.00111291,0.00142411,0
3.72649,0.00108914,0.00136019,0
3.72755,0.00109878,0.0014351,0
3.72849,0.00102919,0.00135937,0
3.72972,0.00102919,0.00135937,0
3.73038,0.00100303,0.00134988,0
3.73147,0.000980896,0.00134145,0
3.73256,0.00100746,0.00136814,0
3.73349,0.00100746,0.00136814,0
3.7344,0.000937747,0.00134639,0
3.73549,0.00091473,0.00135791,0
3.73643,0.000899127,0.00135077,0
3.73732,0.000878981,0.00136256,0
3.73847,0.000865477,0.00143191,0
3.73941,0.000853817,0.00142536,0
3.74045,0.000804668,0.0013554,0
3.74142,0.000844089,0.00136412,0
3.74234,0.000877056,0.00130353,0
3.74342,0.000856584,0.00145387,0
3.74449,0.000815238,0.00138864,0
3.74542,0.000794182,0.0014496,0
3.74644,0.000785017,0.00146354,0
3.74778,0.000782089,0.00145847,0
3.74846,0.000775021,0.00147296,0
3.74954,0.000774235,0.00146824,0
3.75043,0.000768086,0.00148284,0
3.75138,0.000768074,0.00147821,0
3.75247,0.000744632,0.00146883,0
3.75335,0.000741165,0.00146085,0
3.75448,0.000726586,0.00152549,0
3.75539,0.000719564,0.00153977,0
3.75637,0.000736884,0.00147644,0
3.75744,0.00070793,0.00148014,0
3.75847,0.000721908,0.00152136,0
3.75937,0.000723292,0.00152203,0
3.76058,0.000774909,0.00153696,0
3.76136,0.000776298,0.00153763,0
3.76235,0.00076564,0.00158638,0
3.76347,0.000774005,0.00158594,0
3.76441,0.000792317,0.00162454,0
3.76549,0.000793722,0.00162525,0
3.76635,0.000786451,0.00159658,0
3.76737,0.000786623,0.00160689,0
3.76835,0.000808757,0.00162702,0
3.76936,0.000810165,0.00162772,0
3.7704,0.000813504,0.00164482,0
3.77144,0.000813504,0.00164482,0
3.77238,0.000839819,0.00168006,0
3.77346,0.000863946,0.00161548,0
3.77435,0.000881782,0.00168255,0
3.77539,0.000871257,0.00162088,0
3.7764,0.000921919,0.00165752,0
3.77733,0.000926814,0.00165204,0
3.77836,0.000929862,0.00165415,0
3.77939,0.000913992,0.00163982,0
3.78045,0.000914123,0.00162913,0
3.78138,0.000912443,0.00163628,0
3.7827,0.000908522,0.00164949,0
3.78345,0.00090948,0.00164334,0
3.78437,0.00090486,0.00165642,0
3.78559,0.000905118,0.00165018,0
3.78639,0.000906633,0.00165124,0
3.78743,0.00089942,0.00165679,0
3.78861,0.000893482,0.00166965,0
3.78944,0.000876097,0.00163338,0
3.79051,0.000877608,0.00163444,0
3.79146,0.000868827,0.0016439,0
3.79263,0.000865761,0.00163761,0
3.79353,0.000857326,0.00165099,0
3.79443,0.00085403,0.0016449,0
3.79536,0.000845391,0.00165799,0
3.79644,0.000841829,0.00165178,0
3.79739,0.000832903,0.00166476,0
3.79841,0.000809273,0.0017104,0
3.79952,0.000870991,0.00169498,0
3.80039,0.000816854,0.00166659,0
3.80149,0.000863691,0.00162012,0
3.80238,0.000825033,0.00163331,0
3.80347,0.000849144,0.00163696,0
3.80461,0.000836167,0.00161501,0
3.80542,0.000790813,0.00165335,0
3.80653,0.000813533,0.00171671,0
3.80745,0.000783291,0.00168962,0
3.80841,0.000732832,0.00158107,0
3.80967,0.00073622,0.00163099,0
3.81042,0.000811874,0.00163028,0
3.8114,0.000714725,0.00164114,0
3.81241,0.000726705,0.00177967,0
3.81336,0.000673678,0.00169594,0
3.81446,0.000746886,0.00169331,0
3.81545,0.000620374,0.00162914,0
3.81637,0.000651754,0.00171916,0
3.81737,0.000649931,0.00166049,0
3.81837,0.000656864,0.00168886,0
3.81939,0.000604674,0.00170708,0
3.82046,0.000558003,0.00170987,0
3.82138,0.000565987,0.00168011,0
3.82284,0.00053769,0.00171766,0
3.82339,0.000595344,0.00171156,0
3.82452,0.000509283,0.00169207,0
3.8255,0.000564481,0.00168111,0
3.82637,0.000564481,0.00168111,0
3.82755,0.000540838,0.00168402,0
3.82838,0.000496806,0.00169218,0
3.8295,0.000484672,0.00170782,0
3.83038,0.00045599,0.00174218,0
3.83141,0.000419501,0.00168644,0
3.83236,0.000458737,0.00170397,0
3.83338,0.000447249,0.00171863,0
3.8344,0.000431044,0.00167791,0
3.83546,0.000417612,0.00168621,0
3.83638,0.000409253,0.00167978,0
3.8375,0.000394107,0.00169201,0
3.83853,0.000395589,0.00169314,0
3.83939,0.00038729,0.00168701,0
3.84059,0.000351448,0.00173844,0
3.84139,0.000388477,0.00175862,0
3.84248,0.0002926,0.00175396,0
3.84345,0.000298627,0.00167406,0
3.8444,0.000330197,0.00170975,0
3.8454,0.000322602,0.00170578,0
3.84648,0.000309305,0.00171914,0
3.84787,0.000300856,0.00171254,0
3.84843,0.000287071,0.00172521,0
3.84937,0.000278443,0.00171862,0
3.85037,0.00026306,0.00173006,0
3.85139,0.000233029,0.0017592,0
3.85237,0.000198283,0.00170886,0
3.85341,0.000224811,0.00169139,0
3.85438,0.000210101,0.0017023,0
3.85543,0.000210101,0.0017023,0
3.85671,0.000200494,0.00169657,0
3.85755,0.000162288,0.001743,0
3.85867,0.00015093,0.00173588,0
3.85937,0.000152362,0.0017367,0
3.86064,0.00010191,0.00175856,0
3.86137,0.00010191,0.00175856,0
3.86266,0.000111936,0.00181379,0
3.86345,8.62895e-05,0.00180582,0
3.86442,7.13057e-05,0.00176174,0
3.86546,9.93166e-05,0.00179775,0
3.86638,9.93166e-05,0.00179775,0
3.86738,4.16226e-05,0.00181345,0
3.86843,3.28061e-05,0.00180731,0
3.86934,4.31871e-05,0.0017887,0
3.87038,7.5492e-05,0.00181072,0
3.87151,6.21775e-05,0.00182481,0
3.87237,3.06474e-05,0.00184504,0
3.87341,2.39388e-05,0.00182437,0
3.87437,9.82844e-06,0.0017851,0
3.87543,1.2607e-05,0.00181537,0
3.8765,3.78594e-05,0.00174823,0
3.87735,4.23624e-05,0.00177533,0
3.87841,1.49261e-05,0.00179629,0
3.8794,4.19893e-05,0.0017959,0
3.88044,5.32662e-05,0.00179125,0
3.88143,5.32662e-05,0.00179125,0
3.88234,9.28637e-05,0.00182797,0
3.88338,0.000142022,0.00178875,0
3.88435,0.000119491,0.0018284,0
3.88539,0.000130435,0.00182359,0
3.88637,0.000130435,0.00182359,0
3.88736,0.000156643,0.00182875,0
3.88872,0.000182185,0.00182378,0
3.88937,0.000135424,0.00178557,0
3.89088,0.000160835,0.0018718,0
3.89141,0.000222132,0.00178103,0
3.89235,0.000201532,0.00181838,0
3.89343,0.000237058,0.0018345,0
3.89444,0.000290938,0.00181318,0
3.89541,0.000289532,0.00181404,0
3.89637,0.00030054,0.00180269,0
3.89751,0.00030054,0.00180269,0
3.89836,0.000281564,0.00184645,0
3.89936,0.000293043,0.00184218,0
3.90049,0.000307588,0.00189571,0
3.90133,0.000352782,0.00190176,0
3.90265,0.00037098,0.00186921,0
3.90341,0.000346152,0.00184567,0
3.90443,0.00039471,0.00186361,0
3.90538,0.000408257,0.00185681,0
3.9064,0.000383736,0.00184027,0
3.90772,0.000390267,0.00190167,0
3.90838,0.000402486,0.00189638,0
3.90941,0.000434898,0.00192424,0
3.91041,0.000429211,0.00203076,0
3.91145,0.000415243,0.00203765,0
3.9124,0.000449486,0.00203749,0
3.91335,0.000531617,0.00197343,0
3.91435,0.000541346,0.00194895,0
3.91538,0.000558508,0.0019606,0
3.91637,0.000547868,0.00193975,0
3.91735,0.000558031,0.00199844,0
3.91841,0.000602021,0.00196098,0
3.91954,0.000594804,0.00195,0
3.92057,0.000599632,0.00198711,0
3.92194,0.000599632,0.00198711,0
3.92235,0.000647598,0.00196665,0
3.92339,0.000587805,0.00179229,0
3.92437,0.000585367,0.00174137,0
3.92546,0.000598297,0.00173117,0
3.92647,0.000596918,0.00173202,0
3.92745,0.000648658,0.00176242,0
3.9286,0.000664196,0.00175967,0
3.92945,0.000650951,0.00179887,0
3.93052,0.000649577,0.00179974,0
3.93157,0.000669653,0.001799,0
3.93254,0.000658095,0.00184225,0
3.93345,0.000670163,0.00183599,0
3.93435,0.000708711,0.00185148,0
3.93538,0.000718231,0.00179631,0
3.93642,0.000732684,0.00179398,0
3.93741,0.000744976,0.00178357,0
3.93834,0.000762978,0.00179357,0
3.93937,0.000805818,0.00179589,0
3.94046,0.000644855,0.00182148,0
3.9414,0.000644855,0.00182148,0
3.94237,0.000239186,0.00179503,0
3.9434,0.000260298,0.001802,0
3.94435,0.000212594,0.00184492,0
3.94536,0.000208505,0.00188824,0
3.94638,0.000184831,0.0018841,0
3.94744,0.00021224,0.0018688,0
3.94838,0.000209649,0.00187134,0
3.94947,0.000242925,0.00187696,0
3.95064,0.000303192,0.00187126,0
3.95147,0.000329672,0.00185845,0
3.95246,0.000359022,0.00186504,0
3.95338,0.000382751,0.00185347,0
3.95438,0.000381467,0.00185474,0
3.95539,0.000409729,0.00186132,0
3.95636,0.000432541,0.00184974,0
3.95741,0.00048214,0.00185726,0
3.95832,0.000505926,0.00184445,0
3.95943,0.000526201,0.00184567,0
3.96042,0.000554889,0.00185102,0
3.9614,0.000553495,0.00185156,0
3.96237,0.000596102,0.0018078,0
3.96332,0.000616596,0.0018507,0
3.96438,0.000610597,0.00189436,0
3.96535,0.00062175,0.00194174,0
3.9664,0.00062175,0.00194174,0
3.96736,0.000685169,0.00190341,0
3.96847,0.000678605,0.00194567,0
3.96939,0.00069844,0.0019443,0
3.97038,0.000745424,0.00196294,0
3.97135,0.000780682,0.00197295,0
3.97266,0.000779363,0.00197389,0
3.97351,0.000779363,0.00197389,0
3.9748,0.000778045,0.00197483,0
3.97549,0.000805105,0.00200278,0
3.97713,0.000772981,0.00198815,0
3.97766,0.000805588,0.00206114,0
3.97859,0.000870932,0.0020225,0
3.97943,0.000896812,0.00201215,0
3.98039,0.00092025,0.00199062,0
3.98158,0.00094967,0.00199057,0
3.98239,0.000969278,0.0019237,0
3.9834,0.000992351,0.00191244,0
3.98439,0.00101737,0.00189785,0
3.98539,0.00104866,0.00190357,0
3.98644,0.00107455,0.0018904,0
3.98737,0.00110539,0.00189565,0
3.98838,0.00113123,0.00188281,0
3.9894,0.00116233,0.00188869,0
3.99038,0.00118848,0.00187642,0
3.99142,0.00121981,0.00188281,0
3.99253,0.00124614,0.00187098,0
3.99353,0.00127765,0.00187779,0
3.99436,0.00133117,0.00182818,0
3.99542,0.0013596,0.00182725,0
3.99645,0.00138529,0.00181786,0
3.99738,0.00141661,0.0018275,0
3.99839,0.00144242,0.00181787,0
3.99937,0.00147319,0.00182659,0
4.00038,0.00149889,0.00181684,0
4.00137,0.00152976,0.00182569,0
4.00241,0.00155553,0.00181602,0
4.00336,0.00156747,0.00183942,0
4.00436,0.00159136,0.00185319,0
4.00541,0.00162857,0.00178327,0
4.00654,0.00162244,0.00176535,0
4.00738,0.00165176,0.00179848,0
4.00841,0.00168349,0.00178119,0
4.00936,0.00169436,0.00182119,0
4.01037,0.00174243,0.00180426,0
4.0114,0.00179233,0.00177653,0
4.01238,0.00179778,0.00177629,0
4.01347,0.00183104,0.0018071,0
4.01444,0.00187678,0.00177115,0
4.01544,0.00188782,0.00179054,0
4.01642,0.00191696,0.00180076,0
4.01739,0.00194822,0.00180256,0
4.01836,0.00193455,0.00177384,0
4.01935,0.00195578,0.00177768,0
4.02037,0.00198142,0.00177129,0
4.02138,0.00201458,0.00178351,0
4.02235,0.00201458,0.00178351,0
4.02343,0.00209269,0.00176462,0
4.02435,0.00210354,0.0017788,0
4.0254,0.00210246,0.00178011,0
4.02647,0.00213505,0.00179094,0
4.02736,0.00216244,0.00178314,0
4.0284,0.00219482,0.00179366,0
4.02939,0.00222164,0.00178551,0
4.03048,0.00225377,0.00179573,0
4.03146,0.00228087,0.00178739,0
4.03272,0.002313,0.00179738,0
4.03363,0.00230966,0.00173973,0
4.03436,0.00234036,0.00170805,0
4.03537,0.00236482,0.00170091,0
4.03641,0.00239821,0.00171387,0
4.03749,0.0024264,0.00170722,0
4.03847,0.00245877,0.00171827,0
4.03943,0.00248616,0.00171074,0
4.04036,0.00251868,0.00172143,0
4.04152,0.00254545,0.00171351,0
4.0424,0.00257719,0.00172385,0
4.0434,0.00260459,0.00171552,0
4.04456,0.00263563,0.00172542,0
4.0454,0.00262863,0.0016683,0
4.04648,0.00264032,0.00166172,0
4.04772,0.00266246,0.0016549,0
4.04862,0.00269484,0.00166804,0
4.04954,0.00272229,0.00166177,0
4.05063,0.00274062,0.00170542,0
4.05172,0.00276655,0.00169862,0
4.05281,0.00281072,0.00167712,0
4.05358,0.00282456,0.00167111,0
4.05457,0.00285722,0.00168138,0
4.0556,0.002885,0.00167269,0
4.05655,0.00290332,0.00171732,0
4.058,0.00292347,0.00170871,0
4.0587,0.00291186,0.00166893,0
4.05964,0.00289452,0.00164481,0
4.06051,0.00290404,0.00162211,0
4.06159,0.00288632,0.00165328,0
4.06269,0.00288703,0.00166655,0
4.06402,0.00288264,0.0016596,0
4.06458,0.00288477,0.00167216,0
4.0658,0.00288394,0.00166559,0
4.0667,0.0028944,0.00162887,0
4.06786,0.00290057,0.00165341,0
4.06902,0.00287824,0.00158808,0
4.06935,0.00287125,0.00165755,0
4.07061,0.00289362,0.0016975,0
4.07162,0.00290568,0.00172106,0
4.07238,0.00288493,0.00165542,0
4.07356,0.0028874,0.00166302,0
4.07454,0.00289052,0.00166022,0
4.07576,0.00290005,0.00167845,0
4.07658,0.0029139,0.00163398,0
4.07759,0.00291388,0.00169265,0
4.07866,0.00292354,0.00162476,0
4.07963,0.00295622,0.00170143,0
4.08053,0.00293659,0.00170777,0
4.08171,0.00295321,0.00167366,0
4.08248,0.00297053,0.00175414,0
4.08338,0.002973,0.0016879,0
4.08443,0.00297554,0.00167592,0
4.08549,0.00297554,0.00167592,0
4.08636,0.0029611,0.00162607,0
4.08767,0.00296636,0.00163432,0
4.08835,0.00300283,0.00169431,0
4.08941,0.003014,0.0016954,0
4.09036,0.00302767,0.00170794,0
4.09139,0.00302677,0.0017088,0
4.09247,0.00303376,0.00170128,0
4.09341,0.00304669,0.00171406,0
4.09437,0.0030576,0.00172754,0
4.09536,0.00306966,0.00172077,0
4.0964,0.00307209,0.00177961,0
4.09743,0.00308484,0.00177303,0
4.09835,0.00312618,0.00177767,0
4.09941,0.00311369,0.00180304,0
4.10043,0.00315074,0.00178087,0
4.10136,0.00314225,0.00175175,0
4.10245,0.00311815,0.00166982,0
4.10342,0.00312689,0.00167336,0
4.10435,0.00313632,0.00166786,0
4.10538,0.00315099,0.00168188,0
4.10637,0.0031598,0.00167484,0
4.1074,0.00317476,0.00168691,0
4.10835,0.00321099,0.00172415,0
4.10943,0.00320098,0.00169834,0
4.11043,0.00320091,0.00173749,0
4.11157,0.00324868,0.0017394,0
4.11256,0.00323263,0.00169325,0
4.1135,0.00323886,0.00175338,0
4.11444,0.00324778,0.00172408,0
4.11554,0.00326408,0.00167863,0
4.11642,0.00324184,0.00162706,0
4.11735,0.00324893,0.00169178,0
4.11844,0.00329192,0.00167268,0
4.11944,0.0032771,0.00170718,0
4.12055,0.00331598,0.00167977,0
4.12163,0.00330017,0.00171303,0
4.12266,0.00333766,0.00174424,0
4.12343,0.00335779,0.00170298,0
4.12507,0.00330003,0.00164265,0
4.1254,0.00330003,0.00164265,0
4.12648,0.0033504,0.00168697,0
4.12782,0.00336614,0.00170162,0
4.12839,0.00336562,0.00170282,0
4.1296,0.00337536,0.00167491,0
4.1304,0.00339372,0.00170297,0
4.13175,0.00339372,0.00170297,0
4.13245,0.00337666,0.00158918,0
4.13341,0.00339308,0.00165219,0
4.13451,0.00340229,0.00164796,0
4.13554,0.00341675,0.00166304,0
4.13659,0.00341675,0.00166304,0
4.13741,0.00344077,0.00167064,0
4.13843,0.00341594,0.00159644,0
4.13941,0.00345805,0.00167079,0
4.14037,0.00345759,0.00167194,0
4.14158,0.00343936,0.00160584,0
4.1427,0.00344735,0.00161399,0
4.14358,0.00345575,0.00160848,0
4.1444,0.00347067,0.0016248,0
4.14552,0.00348225,0.00168743,0
4.1467,0.0035332,0.00167955,0
4.14739,0.0035079,0.00163523,0
4.1484,0.00351823,0.00164245,0
4.14955,0.00352333,0.00156607,0
4.15046,0.00354238,0.00164968,0
4.15144,0.003552,0.00164299,0
4.15243,0.0035672,0.00165631,0
4.15349,0.00354069,0.00157987,0
4.15441,0.00354872,0.00158507,0
4.15551,0.00355285,0.00150831,0
4.15652,0.00357285,0.0015963,0
4.15749,0.00358216,0.00159127,0
4.15855,0.0035913,0.00153347,0
4.15963,0.00364332,0.0015724,0
4.16035,0.00361977,0.00154717,0
4.16139,0.00362431,0.001533,0
4.16274,0.00364495,0.00161979,0
4.16346,0.00361728,0.00154336,0
4.16485,0.00363195,0.00162348,0
4.16559,0.00367187,0.00151473,0
4.16683,0.0036463,0.00149122,0
4.1676,0.00365023,0.00147865,0
4.16857,0.00366413,0.00149264,0
4.16946,0.00367375,0.00148718,0
4.1704,0.00368852,0.00150152,0
4.17146,0.00369798,0.00149493,0
4.1724,0.00371283,0.00150856,0
4.17349,0.0037224,0.00150138,0
4.1747,0.00373749,0.0015144,0
4.1756,0.00370804,0.00153956,0
4.17648,0.00371764,0.00144209,0
4.17745,0.00378345,0.00155999,0
4.17845,0.00374447,0.00145565,0
4.1794,0.00374812,0.00144295,0
4.18052,0.00376185,0.00145685,0
4.18138,0.00377131,0.00145126,0
4.1825,0.00378606,0.00146545,0
4.18352,0.00379513,0.0014588,0
4.18445,0.00380998,0.00147223,0
4.18563,0.00381927,0.00146493,0
4.18667,0.00379312,0.00140613,0
4.18754,0.00380653,0.00147399,0
4.1885,0.00380832,0.00140559,0
4.18947,0.00383006,0.00148572,0
4.19039,0.00383178,0.00141661,0
4.19163,0.0038406,0.00141083,0
4.1925,0.00386859,0.00151058,0
4.19371,0.00386412,0.00141872,0
4.19465,0.00387879,0.00143242,0
4.19563,0.00388792,0.00142527,0
4.19669,0.00389473,0.00144175,0
4.19741,0.00352171,0.00150757,0
4.19842,0.00325266,0.00161965,0
4.19935,0.00317356,0.00163972,0
4.20045,0.00313491,0.00166769,0
4.20151,0.00308206,0.0016783,0
4.20235,0.00300714,0.00174145,0
4.20336,0.00295266,0.00175487,0
4.20434,0.00289203,0.00171187,0
4.20536,0.00281411,0.00158276,0
4.20636,0.00276685,0.00159605,0
4.20737,0.00273271,0.00159664,0
4.20837,0.0027457,0.00159839,0
4.20939,0.00269371,0.0015407,0
4.21038,0.00271021,0.00163019,0
4.21137,0.00272251,0.00157913,0
4.21236,0.00270349,0.00155173,0
4.2134,0.00270085,0.00153015,0
4.21436,0.00271033,0.00154256,0
4.21538,0.00271518,0.00152981,0
4.21636,0.00272815,0.00154198,0
4.21736,0.00273633,0.00152787,0
4.21835,0.00275303,0.00153916,0
4.21941,0.00276484,0.00152406,0
4.22036,0.00276145,0.00157851,0
4.22138,0.00278602,0.00150718,0
4.2224,0.00277681,0.00147845,0
4.22339,0.00280596,0.00155243,0
4.22439,0.0028483,0.00151322,0
4.22537,0.00283541,0.00145795,0
4.22638,0.00287512,0.00155761,0
4.22737,0.00291465,0.00149011,0
4.22838,0.00291023,0.00146028,0
4.22942,0.00294622,0.00153376,0
4.23055,0.00299602,0.00149091,0
4.23141,0.00298552,0.00143394,0
4.23239,0.00296854,0.00138179,0
4.23336,0.00300448,0.00145708,0
4.23437,0.0030564,0.00141419,0
4.23536,0.00304476,0.00135955,0
4.23636,0.00309073,0.00146223,0
4.23746,0.00313758,0.00139003,0
4.23836,0.00313183,0.0013612,0
4.23937,0.00317243,0.00143774,0
4.24037,0.00322829,0.00139072,0
4.24146,0.00321462,0.00133486,0
4.24235,0.00326321,0.00143842,0
4.24339,0.00331413,0.00136336,0
4.24445,0.00330564,0.00133388,0
4.24536,0.00330401,0.00135853,0
4.24642,0.00337719,0.00140499,0
4.24738,0.00335914,0.00135236,0
4.24844,0.00343533,0.00140073,0
4.24935,0.00346643,0.00139665,0
4.25038,0.00350168,0.00141885,0
4.25137,0.00353104,0.00142063,0
4.25239,0.00356609,0.00144223,0
4.25343,0.00359515,0.00144178,0
4.2544,0.00362946,0.00146053,0
4.25542,0.0036579,0.00145766,0
4.25642,0.00364104,0.00139892,0
4.2574,0.00364118,0.00139977,0
4.25841,0.00366454,0.00129477,0
4.25947,0.00365813,0.00135078,0
4.26034,0.00374204,0.00140916,0
4.26146,0.00374221,0.00141002,0
4.26238,0.00380511,0.0014288,0
4.26355,0.00382964,0.00142136,0
4.26461,0.00385985,0.00143425,0
4.26537,0.003884,0.00142507,0
4.26641,0.00391372,0.00143677,0
4.26736,0.00393778,0.00142814,0
4.26838,0.00396696,0.00143876,0
4.26942,0.00393777,0.00135194,0
4.2704,0.00395612,0.00135327,0
4.27141,0.00397715,0.00134514,0
4.27238,0.00400441,0.00135875,0
4.27336,0.00402539,0.00135038,0
4.27429,0.00405177,0.00136206,0
4.27543,0.00407208,0.00135173,0
4.27641,0.00409841,0.00136336,0
4.27737,0.00411863,0.00135299,0
4.27837,0.00414428,0.00136296,0
4.27939,0.00416407,0.00135182,0
4.28038,0.00413537,0.00128421,0
4.28136,0.00414407,0.00126401,0
4.28234,0.0041671,0.00127599,0
4.28332,0.00418484,0.00126758,0
4.28436,0.00420832,0.00128034,0
4.28543,0.00422564,0.00127096,0
4.28635,0.00424852,0.00128197,0
4.28735,0.00426563,0.0012718,0
4.28841,0.00428825,0.00128207,0
4.28946,0.00430469,0.00127038,0
4.29035,0.00430507,0.00127119,0
4.2914,0.00429268,0.00116154,0
4.29243,0.0043443,0.00127011,0
4.29348,0.00433064,0.00115886,0
4.29442,0.0042908,0.00106851,0
4.29547,0.00434459,0.00117231,0
4.29635,0.00434459,0.00117231,0
4.29743,0.00437253,0.00119524,0
4.29835,0.00430726,0.00113674,0
4.29937,0.00440073,0.00119044,0
4.30036,0.00442128,0.00118865,0
4.30139,0.00444166,0.00119934,0
4.30238,0.00445548,0.00118876,0
4.30339,0.00443095,0.00110843,0
4.30436,0.00443142,0.00110917,0
4.30543,0.00440058,0.000985998,0
4.30645,0.00441171,0.000977189,0
4.30739,0.00442933,0.000990538,0
4.30836,0.00448059,0.00110663,0
4.30937,0.00449744,0.00111785,0
4.31035,0.00459475,0.00115832,0
4.31136,0.00453369,0.00112777,0
4.31238,0.004497,0.000982322,0
4.31336,0.00454313,0.000963828,0
4.31472,0.00449051,0.00100888,0
4.31534,0.00445435,0.000944447,0
4.31637,0.00448681,0.000893934,0
4.31736,0.00447117,0.000932613,0
4.31837,0.00448475,0.000926549,0
4.3194,0.00450256,0.00093712,0
4.32054,0.00455938,0.00105467,0
4.32138,0.00462708,0.000984915,0
4.32237,0.00452661,0.00107442,0
4.32343,0.00465893,0.000983613,0
4.32507,0.0045981,0.000930645,0
4.32539,0.00466593,0.00105701,0
4.32645,0.00467586,0.000887028,0
4.32744,0.00467586,0.000887028,0
4.32836,0.00470563,0.000877309,0
4.32942,0.00464007,0.000845696,0
4.33035,0.00464007,0.000845696,0
4.33142,0.00480537,0.00101994,0
4.33244,0.00478082,0.000890571,0
4.3334,0.00474686,0.000979265,0
4.33447,0.00484744,0.00101363,0
4.33578,0.00484744,0.00101363,0
4.3364,0.00486501,0.000856536,0
4.33763,0.00473568,0.000842407,0
4.33838,0.00477797,0.00080014,0
4.33941,0.00473532,0.000890741,0
4.34037,0.0047221,0.000714013,0
4.3415,0.00474027,0.000889656,0
4.34239,0.00474027,0.000889656,0
4.34342,0.00475446,0.000899112,0
4.34434,0.00486464,0.000946933,0
4.34549,0.00488383,0.000962918,0
4.34638,0.00489069,0.000956972,0
4.3476,0.00484773,0.000823957,0
4.34837,0.00474981,0.000766984,0
4.34935,0.00473977,0.000821381,0
4.35036,0.00483799,0.000857648,0
4.35144,0.0048024,0.000737589,0
4.35238,0.00475491,0.000825633,0
4.3534,0.00484943,0.000932356,0
4.35439,0.00496441,0.000919317,0
4.35535,0.00496441,0.000919317,0
4.35647,0.00488704,0.000898922,0
4.35743,0.00487822,0.000881232,0
4.35839,0.00489251,0.000886295,0
4.35937,0.00488838,0.000720001,0
4.36037,0.00479256,0.00083581,0
4.36141,0.00483851,0.000804581,0
4.36237,0.00483851,0.000804581,0
4.3634,0.00468026,0.000618596,0
4.36434,0.00473191,0.000750326,0
4.36536,0.00478969,0.000665581,0
4.36663,0.00469634,0.000624881,0
4.36737,0.00475098,0.000766253,0
4.36845,0.00486474,0.000811495,0
4.3694,0.00488223,0.000828201,0
4.37037,0.00488683,0.000823537,0
4.37136,0.00483363,0.000683771,0
4.37235,0.00483363,0.000683771,0
4.37336,0.00489524,0.000819252,0
4.37439,0.00478273,0.000597474,0
4.37544,0.00472467,0.000690114,0
4.3764,0.00482523,0.000793256,0
4.37736,0.00494363,0.000785996,0
4.37864,0.00479208,0.00061048,0
4.37935,0.00473461,0.000706051,0
4.38034,0.00477939,0.000594572,0
4.38137,0.00474498,0.000711306,0
4.38237,0.00485343,0.000747317,0
4.38343,0.00480432,0.000614307,0
4.38448,0.00475648,0.000708924,0
4.3854,0.00486881,0.000754169,0
4.38632,0.00475051,0.000529234,0
4.3879,0.00462646,0.000477011,0
4.38857,0.00469167,0.000625998,0
4.38954,0.0047476,0.000533601,0
4.39038,0.00469903,0.000633936,0
4.39142,0.00480979,0.000680197,0
4.39237,0.0048107,0.000680537,0
4.39349,0.00480549,0.000503728,0
4.39434,0.00481584,0.000683135,0
4.39536,0.00476321,0.00054886,0
4.39643,0.00464756,0.000495875,0
4.39751,0.00483048,0.000692087,0
4.39838,0.00496227,0.000815725,0
4.39953,0.00496227,0.000815725,0
4.40056,0.00477466,0.000615723,0
4.40164,0.0047659,0.000614064,0
4.40244,0.00476595,0.000611845,0
4.40335,0.00476988,0.000620553,0
4.40441,0.00470057,0.00046404,0
4.40541,0.00465418,0.000577442,0
4.40635,0.00465418,0.000577442,0
4.40739,0.00470988,0.000475002,0
4.40851,0.00470988,0.000475002,0
4.40964,0.00459117,0.000423432,0
4.41053,0.00463985,0.00038754,0
4.41171,0.00463646,0.000383525,0
4.41263,0.00471173,0.000548635,0
4.41342,0.00463846,0.000391967,0
4.41443,0.00464054,0.000400528,0
4.41549,0.00463998,0.00039803,0
4.41635,0.00464267,0.000405633,0
4.41754,0.00464262,0.000402281,0
4.41842,0.00464568,0.000409115,0
4.41948,0.00472065,0.000562097,0
4.42038,0.0046494,0.000411072,0
4.42136,0.00477417,0.000453426,0
4.42237,0.00466242,0.000419758,0
4.42336,0.00458461,0.000323983,0
4.42435,0.00457189,0.000319505,0
4.4257,0.00457007,0.000318318,0
4.4264,0.00457193,0.00032853,0
4.42738,0.00457193,0.00032853,0
4.42838,0.00464988,0.000494284,0
4.42935,0.00457159,0.000331976,0
4.43043,0.00477774,0.000545542,0
4.43135,0.00458237,0.000343599,0
4.43237,0.00471101,0.000466781,0
4.43334,0.00449828,0.000254146,0
4.43438,0.00461521,0.000301081,0
4.43541,0.00443711,0.000297644,0
4.43642,0.00443043,0.000297553,0
4.4374,0.00443532,0.000293464,0
4.43836,0.00449736,0.000266554,0
4.43959,0.00443923,0.000295498,0
4.44036,0.0044453,0.000304463,0
4.44139,0.00450623,0.000265615,0
4.44244,0.00450682,0.000270183,0
4.44338,0.00445939,0.000383828,0
4.44439,0.00442832,0.000185676,0
4.44537,0.00436513,0.000218633,0
4.44635,0.00436935,0.000230948,0
4.44739,0.0043709,0.000228324,0
4.44837,0.00437485,0.000235597,0
4.4496,0.00443442,0.000197551,0
4.45046,0.00445906,0.000403009,0
4.45144,0.0045062,0.000282193,0
4.45254,0.00438993,0.000251145,0
4.45342,0.00446396,0.000400376,0
4.45474,0.00444326,0.000206271,0
4.45557,0.00430984,0.000155631,0
4.45649,0.00429929,0.000155415,0
4.4576,0.00429942,0.000155203,0
4.45836,0.00438887,0.00033151,0
4.45941,0.0044314,0.000207634,0
4.46046,0.00431241,0.0001789,0
4.46145,0.00438687,0.000332112,0
4.46282,0.00443309,0.000217062,0
4.46341,0.00443309,0.000217062,0
4.46445,0.00431143,0.000177327,0
4.46541,0.00444568,0.000302094,0
4.46639,0.00435771,0.00013387,0
4.4676,0.00444618,0.0003111,0
4.46851,0.00444165,0.000309334,0
4.46942,0.00444012,0.00031744,0
4.47046,0.00443605,0.000314512,0
4.47138,0.00443507,0.000321799,0
4.47236,0.00458653,0.000452631,0
4.47366,0.00456086,0.000369506,0
4.47463,0.00443283,0.000330331,0
4.47563,0.00442129,0.000326654,0
4.47665,0.00442129,0.000326654,0
4.47764,0.00432422,0.000150096,0
4.47835,0.00418837,0.000110458,0
4.47943,0.00431224,0.000142116,0
4.48055,0.00431224,0.000142116,0
4.48141,0.00432303,0.000157097,0
4.48237,0.00432222,0.000151876,0
4.4834,0.004255,0.0001891,0
4.48436,0.00448923,0.000399791,0
4.48548,0.00440901,0.000238234,0
4.48647,0.00433889,0.000147189,0
4.48737,0.00442049,0.000309466,0
4.48837,0.00432048,0.00012947,0
4.48941,0.00431958,0.000134352,0
4.49052,0.0043152,0.000127621,0
4.49159,0.00431348,0.000131212,0
4.49243,0.00430892,0.000124068,0
4.49335,0.00430711,0.000127407,0
4.49436,0.0043024,0.00012,0
4.49543,0.00430041,0.000123074,0
4.49636,0.00430041,0.000123074,0
4.49741,0.00429344,0.000118157,0
4.49836,0.00438698,0.000285443,0
4.49941,0.00421445,3.39526e-05,0
4.50037,0.00419401,1.76423e-05,0
4.50134,0.00418798,2.4196e-05,0
4.5024,0.00418043,2.16268e-05,0
4.50343,0.00417528,2.84612e-05,0
4.50442,0.00416747,2.42176e-05,0
4.50537,0.00416265,3.02559e-05,0
4.5064,0.00418519,0.000236529,0
4.50743,0.00415578,3.08357e-05,0
4.50839,0.00439341,0.000245038,0
4.50964,0.00415436,3.60905e-05,0
4.51035,0.00415533,3.56176e-05,0
4.51136,0.00397508,2.8953e-05,0
4.51241,0.00397221,3.11031e-05,0
4.51338,0.0040745,0.000154562,0
4.51443,0.00410788,1.58784e-05,0
4.51539,0.00397389,1.36953e-05,0
4.51656,0.00405951,0.000148772,0
4.51754,0.00419936,0.000198498,0
4.51831,0.00388779,9.90693e-05,0
4.51935,0.00385548,0.000112799,0
4.52032,0.00402609,2.97349e-05,0
4.5215,0.00408947,0.000119689,0
4.52236,0.00408947,0.000119689,0
4.52343,0.00387303,0.000223833,0
4.52448,0.00393269,8.67317e-05,0
4.52568,0.00393269,8.67317e-05,0
4.5266,0.00406172,0.000127241,0
4.52737,0.00406106,0.000138412,0
4.52873,0.00394393,4.91847e-05,0
4.5295,0.00382914,1.46775e-05,0
4.53038,0.00394019,3.60556e-05,0
4.53137,0.00380236,1.34761e-05,0
4.5324,0.00392651,4.63673e-05,0
4.53341,0.0038197,0.000117869,0
4.53435,0.00377571,1.94961e-05,0
4.53541,0.00390355,6.03349e-05,0
4.53639,0.00379473,0.000115463,0
4.53736,0.0037548,3.17198e-05,0
4.53858,0.00388089,6.11043e-05,0
4.53942,0.00381475,3.35012e-07,0
4.54039,0.00397647,0.000134563,0
4.54136,0.00392473,3.91028e-05,0
4.54244,0.00377792,6.29652e-06,0
4.54337,0.00375767,5.81997e-06,0
4.54533,0.00374528,2.83211e-06,0
4.54569,0.00373874,1.18317e-05,0
4.54635,0.00372927,9.32996e-06,0
4.54735,0.00372274,1.68554e-05,0
4.54854,0.00371367,1.35002e-05,0
4.54946,0.00370753,2.03717e-05,0
4.5504,0.00369877,1.64066e-05,0
4.55138,0.00357797,0.000162298,0
4.55237,0.00346715,0.00010064,0
4.55338,0.00358243,6.91598e-05,0
4.55436,0.00346642,0.000245065,0
4.55538,0.00343133,8.84124e-05,0
4.55642,0.00355566,5.74045e-05,0
4.55738,0.00344284,0.000224243,0
4.55843,0.0118332,0.00049458,0
4.55935,0.0118332,0.00049458,0
4.56045,0.00104594,0.0237861,0
4.56142,0.00133852,0.0220618,0
4.5624,0.00354332,0.0204204,0
4.56337,0.00541841,0.0190731,0
4.56436,0.00700407,0.0179175,0
4.5654,0.00835436,0.0169354,0
4.5664,0.00951427,0.0160811,0
4.56734,0.0105253,0.0153514,0
4.56834,0.0105178,0.0153465,0
4.56939,0.0122263,0.0142729,0
4.57036,0.0128398,0.0135721,0
4.57136,0.0128398,0.0135721,0
4.57262,0.0133926,0.0131945,0
4.57342,0.014366,0.0124536,0
4.57455,0.014366,0.0124536,0
4.57538,0.0147689,0.0121426,0
4.57676,0.0151153,0.0118961,0
4.5777,0.0154183,0.0116751,0
4.57864,0.015688,0.0114412,0
4.57951,0.015927,0.0112387,0
4.58069,0.0161362,0.0110501,0
4.58171,0.0163166,0.010886,0
4.58255,0.0161683,0.00926823,0
4.58363,0.0154087,0.00819279,0
4.58445,0.013383,0.00796106,0
4.58561,0.0131714,0.00801676,0
4.58654,0.0131195,0.00796999,0
4.58743,0.0131159,0.00803475,0
4.58852,0.0131881,0.00807324,0
4.58941,0.0163717,0.00718225,0
4.59055,0.0155377,0.00700487,0
4.59153,0.0151345,0.00712418,0
4.59261,0.0148305,0.00732588,0
4.59374,0.0145379,0.00604133,0
4.59459,0.0143449,0.00388289,0
4.59558,0.0138443,0.00377474,0
4.59648,0.0140901,0.00385569,0
4.59759,0.0137431,0.00382903,0
4.59851,0.0134911,0.00375236,0
4.5995,0.013253,0.00368584,0
4.60056,0.0130123,0.0036059,0
4.6014,0.0127538,0.0034754,0
4.60244,0.0125482,0.00346576,0
4.60349,0.0123201,0.00338954,0
4.60441,0.0120749,0.00326573,0
4.60552,0.0118528,0.00318938,0
4.60644,0.0116609,0.00318803,0
4.60749,0.0114421,0.00311264,0
4.6084,0.0112299,0.00305485,0
4.6094,0.0109938,0.00292853,0
4.61041,0.0108077,0.00292675,0
4.6115,0.0105975,0.00285608,0
4.61251,0.0104045,0.00284926,0
4.61343,0.0101885,0.00276325,0
4.61438,0.010012,0.00276818,0
4.61549,0.00981041,0.00269848,0
4.61644,0.00961699,0.00265081,0
4.61738,0.00942082,0.00258437,0
4.61837,0.00921615,0.0024968,0
4.61951,0.00904163,0.00247544,0
4.62049,0.00885865,0.00243292,0
4.62161,0.00865737,0.0023309,0
4.62253,0.00849476,0.0023301,0
4.62345,0.00831546,0.00227556,0
4.62439,0.00812412,0.00218328,0
4.62541,0.00796846,0.00218297,0
4.62643,0.0077954,0.00212538,0
4.62743,0.00763061,0.00208964,0
4.62841,0.00746275,0.00203373,0
4.62938,0.00730323,0.00199983,0
4.63039,0.0071406,0.00194563,0
4.63144,0.00698631,0.00191345,0
4.63244,0.00682884,0.00186095,0
4.63346,0.00667976,0.00183046,0
4.63447,0.00652745,0.00177939,0
4.63539,0.00637322,0.00172297,0
4.6365,0.00622634,0.00167419,0
4.63736,0.00609759,0.00167376,0
4.63856,0.00595537,0.00162571,0
4.63948,0.00582162,0.00160001,0
4.64037,0.00567551,0.00152932,0
4.64139,0.00555564,0.00152926,0
4.64241,0.00542345,0.00148398,0
4.64355,0.00529949,0.0014612,0
4.64463,0.00517352,0.00142341,0
4.64596,0.00517352,0.00142341,0
4.64644,0.00504956,0.00138427,0
4.64736,0.00482863,0.00132525,0
4.64859,0.00479617,0.00130761,0
4.64947,0.00460277,0.00126599,0
4.65044,0.00457392,0.00123336,0
4.65145,0.00446504,0.00122606,0
4.65251,0.00436257,0.00118784,0
4.65374,0.00425993,0.00117181,0
4.65454,0.00415893,0.00115058,0
4.6554,0.00405346,0.00111811,0
4.65655,0.00405346,0.00111811,0
4.65734,0.00385561,0.00106689,0
4.65846,0.00375694,0.00103098,0
4.65955,0.00373689,0.00101742,0
4.66044,0.00364011,0.000977391,0
4.6613,0.00340684,0.000953991,0
4.66261,0.00341175,0.000968409,0
4.66346,0.00338163,0.000937918,0
4.66447,0.00321968,0.000898345,0
4.66543,0.00319667,0.000879186,0
4.66664,0.00311477,0.000867059,0
4.66753,0.0029817,0.000856948,0
4.6685,0.0029009,0.000817852,0
4.66941,0.00282289,0.000809124,0
4.67041,0.00274688,0.000778255,0
4.67137,0.00267798,0.000770961,0
4.67245,0.00260377,0.000741048,0
4.67373,0.00253808,0.000734426,0
4.67441,0.00246778,0.000705179,0
4.67535,0.00240141,0.000690179,0
4.6765,0.00233885,0.000677286,0
4.67742,0.00233885,0.000677286,0
4.67837,0.00221898,0.000655275,0
4.67937,0.00210223,0.000603779,0
4.68034,0.00209282,0.000611276,0
4.68134,0.00199302,0.000582597,0
4.68237,0.00193921,0.000567882,0
4.68338,0.00192082,0.000556922,0
4.68462,0.00192082,0.000556922,0
4.68535,0.00178286,0.000522608,0
4.68637,0.00173462,0.000520865,0
4.68739,0.00173462,0.000520865,0
4.68838,0.00163906,0.000495804,0
4.68934,0.00158832,0.00046595,0
4.69034,0.00158174,0.00047844,0
4.69136,0.00150404,0.000452474,0
4.69235,0.00146192,0.000443509,0
4.69353,0.00144675,0.000431583,0
4.69437,0.00138168,0.000430245,0
4.69537,0.00133556,0.000399111,0
4.69636,0.00132714,0.000411004,0
4.69736,0.00126127,0.000386501,0
4.69836,0.00122573,0.000385172,0
4.69935,0.00118299,0.00035877,0
4.70035,0.00117723,0.000371043,0
4.70135,0.00111727,0.000347512,0
4.70238,0.00108388,0.000343644,0
4.70336,0.00107057,0.000331026,0
4.70436,0.00102052,0.000332555,0
4.70536,0.000983613,0.00030558,0
4.70636,0.000977678,0.000317311,0
4.70735,0.00092365,0.000295143,0
4.70838,0.000897787,0.000296683,0
4.70942,0.000864122,0.000273318,0
4.71051,0.000862257,0.00028157,0
4.71135,0.000813783,0.000260245,0
4.71238,0.000810298,0.000269542,0
4.71355,0.000810298,0.000269542,0
4.71436,0.000737079,0.000248893,0
4.71536,0.000727243,0.00024259,0
4.71639,0.000684503,0.000224953,0
4.71735,0.000680701,0.000235375,0
4.7184,0.000637035,0.000215092,0
4.71945,0.000616011,0.00021744,0
4.7204,0.000605783,0.000204084,0
4.7214,0.00057348,0.00020941,0
4.72237,0.00054694,0.000179911,0
4.72337,0.000541655,0.000178551,0
4.72436,0.000503314,0.000156225,0
4.72535,0.000486276,0.00016148,0
4.7264,0.000476314,0.000148523,0
4.72742,0.000449023,0.000156487,0
4.72841,0.000426448,0.000137375,0
4.7294,0.000422954,0.000149239,0
4.7304,0.000391146,0.000132729,0
4.73141,0.000375655,0.0001403,0
4.73237,0.000365357,0.000127572,0
4.7335,0.000341634,0.000137719,0
4.73439,0.000333017,0.000127511,0
4.7354,0.000325468,0.000137999,0
4.73645,0.000307763,0.000114193,0
4.73736,0.000330961,0.000114534,0
4.73836,0.000209577,0.000119802,0
4.73941,4.1241e-05,0.000156804,0
4.74039,7.8867e-05,0.000135262,0
4.74143,0.000107119,0.000146275,0
4.74241,0.000232377,0.000113091,0
4.7434,0.000197065,0.000118579,0
4.74441,0.000127393,0.000114458,0
4.74542,6.47121e-05,0.000128705,0
4.74639,6.22275e-06,0.000115189,0
4.74743,6.61715e-05,1.90639e-05,0
4.7484,0.000141097,8.24243e-05,0
4.74935,0.000167389,8.38113e-05,0
4.75046,0.000180202,7.66187e-05,0
4.75138,0.000189617,6.03745e-05,0
4.7524,0.000204851,6.52077e-05,0
4.75358,0.00021419,5.56323e-05,0
4.75437,0.000225215,6.17357e-05,0
4.75536,0.000229894,5.26391e-05,0
4.75637,0.000237402,5.9139e-05,0
4.75736,0.000239527,5.06153e-05,0
4.75839,0.00024485,5.75459e-05,0
4.75937,0.000245398,4.93889e-05,0
4.76037,0.000249575,5.65243e-05,0
4.76151,0.000249089,4.86106e-05,0
4.76266,0.000252378,5.59134e-05,0
4.76342,0.000251296,4.8135e-05,0
4.76439,0.000254243,5.54947e-05,0
4.76539,0.000252729,4.78179e-05,0
4.7667,0.00025532,5.52485e-05,0
4.7675,0.000255325,5.52462e-05,0
4.76861,0.000256003,5.5091e-05,0
4.76935,0.000254074,4.75074e-05,0
4.77038,0.000256414,5.49856e-05,0
4.77152,0.000256414,5.49856e-05,0
4.77237,0.000254567,4.73808e-05,0
4.77343,0.000256686,5.49205e-05,0
4.77444,0.000256686,5.49205e-05,0
4.77538,0.00025465,4.73644e-05,0
4.77639,0.000256796,5.48892e-05,0
4.77743,0.000254799,4.73185e-05,0
4.77835,0.000256967,5.48426e-05,0
4.77941,0.000254871,4.72955e-05,0
4.78035,0.000256995,5.4831e-05,0
4.78136,0.00025498,4.72596e-05,0
4.7827,0.000257079,5.48069e-05,0
4.78335,0.000254956,4.72647e-05,0
4.78438,0.000257097,5.47952e-05,0
4.78534,0.000255031,4.72417e-05,0
4.78634,0.000257062,5.48056e-05,0
4.78734,0.000255005,4.72405e-05,0
4.78842,0.000257153,5.47807e-05,0
4.78941,0.000255005,4.72418e-05,0
4.7904,0.000257097,5.47887e-05,0
4.79144,0.00025508,4.72198e-05,0
4.79236,0.000255986,5.08664e-05,0
4.79339,0.00025719,5.49823e-05,0
4.79464,0.000255003,4.72107e-05,0
4.79536,0.000257171,5.47676e-05,0
4.79659,0.000255076,4.72245e-05,0
4.79752,0.000257172,5.47567e-05,0
4.79845,0.00025503,4.72318e-05,0
4.79975,0.000257118,5.47642e-05,0
4.8004,0.000254985,4.72488e-05,0
4.80137,0.000255023,4.72348e-05,0
4.80237,0.000257124,5.4765e-05,0
4.80371,0.000255067,4.72295e-05,0
4.80441,0.00025707,5.47753e-05,0
4.80538,0.000257075,5.4775e-05,0
4.80637,0.000257075,5.4775e-05,0
4.80737,0.000257091,5.47687e-05,0
4.80842,0.000255053,4.7235e-05,0
4.80946,0.000257101,5.47611e-05,0
4.81037,0.000255044,4.72376e-05,0
4.81139,0.000257095,5.47614e-05,0
4.81235,0.000255008,4.72469e-05,0
4.81348,0.000257084,5.47671e-05,0
4.81445,0.000255016,4.7242e-05,0
4.8154,0.000257142,5.47517e-05,0
4.81639,0.000254997,4.72512e-05,0
4.81735,0.000257075,5.47637e-05,0
4.81836,0.000255065,4.72339e-05,0
4.81939,0.000257062,5.47714e-05,0
4.82037,0.000255,4.72462e-05,0
4.82135,0.00025713,5.47537e-05,0
4.82253,0.000254987,4.72537e-05,0
4.82335,0.000257066,5.47657e-05,0
4.82439,0.000255056,4.7236e-05,0
4.82536,0.000257053,5.47738e-05,0
4.82635,0.000254991,4.72479e-05,0
4.82738,0.000257155,5.47444e-05,0
4.82839,0.000255011,4.72468e-05,0
4.82944,0.000257032,5.47753e-05,0
4.83036,0.000255038,4.72351e-05,0
4.83137,0.000257099,5.47634e-05,0
4.83247,0.000254932,4.72652e-05,0
4.83336,0.000257074,5.47654e-05,0
4.83439,0.000255083,4.72235e-05,0
4.83546,0.000257074,5.47709e-05,0
4.83641,0.000254913,4.72694e-05,0
4.83738,0.000257098,5.47606e-05,0
4.83836,0.000255017,4.72425e-05,0
4.8394,0.000257026,5.47798e-05,0
4.84041,0.000255024,4.72354e-05,0
4.84137,0.000257085,5.47701e-05,0
4.84238,0.000254949,4.72538e-05,0
4.84358,0.000257092,5.47644e-05,0
4.84467,0.000255008,4.72425e-05,0
4.84559,0.000257018,5.47843e-05,0
4.84659,0.000255014,4.72356e-05,0
4.84749,0.00025711,5.47626e-05,0
4.84836,0.000254968,4.72477e-05,0
4.84941,0.000257058,5.47755e-05,0
4.85055,0.000257058,5.47755e-05,0
4.85135,0.000254956,4.72526e-05,0
4.85248,0.000257064,5.47752e-05,0
4.85337,0.000254989,4.72399e-05,0
4.8545,0.000257062,5.47765e-05,0
4.85539,0.000254985,4.72399e-05,0
4.8564,0.000257059,5.47781e-05,0
4.85742,0.000254982,4.72399e-05,0
4.85848,0.000257056,5.47797e-05,0
4.85954,0.000254979,4.72399e-05,0
4.86078,0.000257053,5.47813e-05,0
4.8616,0.000254975,4.72399e-05,0
4.8625,0.00025705,5.47828e-05,0
4.86363,0.000254972,4.724e-05,0
4.86461,0.000257047,5.47844e-05,0
4.8654,0.000254969,4.724e-05,0
4.86643,0.000257079,5.47733e-05,0
4.86744,0.000254998,4.72323e-05,0
4.86845,0.000256984,5.48018e-05,0
4.86938,0.00025494,4.7246e-05,0
4.87038,0.000254912,4.72558e-05,0
4.87141,0.000257031,5.47937e-05,0
4.8724,0.000257037,5.47934e-05,0
4.87335,0.000254968,4.72422e-05,0
4.87442,0.000257013,5.48001e-05,0
4.87539,0.000254921,4.72527e-05,0
4.87635,0.000256963,5.48126e-05,0
4.87767,0.000256963,5.48126e-05,0
4.87838,0.000254902,4.72573e-05,0
4.87943,0.000254907,4.72552e-05,0
4.88039,0.000256995,5.48058e-05,0
4.88136,0.000254944,4.72466e-05,0
4.88238,0.000254916,4.72564e-05,0
4.88337,0.000257004,5.48044e-05,0
4.88438,0.000254879,4.72607e-05,0
4.88544,0.000257013,5.48024e-05,0
4.88634,0.000254949,4.7239e-05,0
4.88735,0.000255885,5.08782e-05,0
4.88838,0.0002571,5.50004e-05,0
4.88945,0.000254897,4.72302e-05,0
4.89034,0.000256916,5.48276e-05,0
4.89135,0.000254887,4.72685e-05,0
4.89238,0.00025698,5.48022e-05,0
4.89339,0.000254937,4.72532e-05,0
4.89434,0.000256987,5.47974e-05,0
4.89539,0.000254901,4.72645e-05,0
4.89654,0.000256971,5.47993e-05,0
4.89737,0.000254895,4.72683e-05,0
4.89841,0.000256998,5.47869e-05,0
4.89976,0.000254925,4.72626e-05,0
4.9004,0.000256938,5.48044e-05,0
4.90151,0.000254848,4.72829e-05,0
4.90235,0.000256982,5.47919e-05,0
4.90337,0.000254896,4.72727e-05,0
4.90447,0.000256961,5.47963e-05,0
4.90537,0.000254884,4.72764e-05,0
4.90635,0.000256953,5.47976e-05,0
4.90738,0.000254881,4.72778e-05,0
4.90839,0.00025695,5.47978e-05,0
4.90934,0.000254878,4.7279e-05,0
4.91039,0.000256947,5.47983e-05,0
4.9114,0.000254875,4.72801e-05,0
4.91236,0.000256944,5.47989e-05,0
4.91344,0.000254905,4.72689e-05,0
4.91441,0.000256974,5.47915e-05,0
4.91551,0.000254844,4.72881e-05,0
4.91636,0.000256929,5.47985e-05,0
4.91741,0.000254955,4.72564e-05,0
4.91846,0.000254955,4.72564e-05,0
4.91937,0.000254832,4.72866e-05,0
4.92046,0.000256979,5.47867e-05,0
4.92142,0.000254933,4.72617e-05,0
4.92237,0.00025694,5.47974e-05,0
4.92371,0.000254882,4.72734e-05,0
4.92451,0.000256957,5.47936e-05,0
4.92537,0.000254887,4.72719e-05,0
4.92639,0.000256957,5.47943e-05,0
4.92742,0.000254879,4.72741e-05,0
4.92858,0.000254884,4.7272e-05,0
4.92959,0.000254881,4.72722e-05,0
4.93041,0.000254881,4.72722e-05,0
4.9314,0.000254872,4.72745e-05,0
4.93266,0.000256942,5.47989e-05,0
4.93343,0.000254869,4.72747e-05,0
4.93442,0.000256939,5.48004e-05,0
4.93544,0.000256945,5.48001e-05,0
4.93643,0.000254871,4.72727e-05,0
4.93751,0.000256942,5.48016e-05,0
4.93847,0.000254867,4.72727e-05,0
4.93947,0.000256939,5.48032e-05,0
4.94035,0.000256931,5.4805e-05,0
4.94144,0.000256936,5.48047e-05,0
4.9424,0.000254861,4.72728e-05,0
4.94339,0.000256933,5.48062e-05,0
4.94435,0.000254857,4.72728e-05,0
4.9454,0.00025693,5.48078e-05,0
4.94635,0.000254854,4.72729e-05,0
4.9474,0.000256927,5.48094e-05,0
4.9484,0.000254851,4.72729e-05,0
4.94942,0.000256924,5.48109e-05,0
4.95042,0.000254847,4.72729e-05,0
4.95147,0.000256921,5.48125e-05,0
4.95243,0.000254844,4.72729e-05,0
4.95354,0.000256919,5.4814e-05,0
4.95443,0.000254841,4.72729e-05,0
4.95545,0.000256916,5.48156e-05,0
4.95645,0.000254837,4.72729e-05,0
4.95743,0.000256913,5.48171e-05,0
4.95844,0.000254834,4.72729e-05,0
4.95938,0.00025691,5.48186e-05,0
4.96043,0.000254831,4.72729e-05,0
4.9614,0.000256907,5.48202e-05,0
4.96246,0.000254828,4.72729e-05,0
4.96355,0.000256904,5.48217e-05,0
4.96441,0.000254824,4.7273e-05,0
4.9655,0.000256901,5.48232e-05,0
4.9664,0.000254789,4.72849e-05,0
4.96739,0.000256898,5.48247e-05,0
4.96842,0.000254818,4.72731e-05,0
4.96943,0.000256863,5.4838e-05,0
4.97041,0.000254782,4.72851e-05,0
4.9714,0.000256859,5.48397e-05,0
4.97247,0.000254778,4.72854e-05,0
4.97348,0.000256856,5.48411e-05,0
4.97438,0.000254775,4.72855e-05,0
4.97542,0.000255751,5.09149e-05,0
4.97656,0.000256942,5.50391e-05,0
4.97741,0.000254756,4.72647e-05,0
4.97845,0.000256846,5.48442e-05,0
4.97942,0.000254804,4.72853e-05,0
4.98051,0.000256844,5.48355e-05,0
4.98149,0.000254798,4.72829e-05,0
4.98249,0.000256839,5.48332e-05,0
4.98341,0.000254764,4.72981e-05,0
4.98442,0.000256836,5.48322e-05,0
4.98541,0.000254761,4.73011e-05,0
4.98707,0.000256832,5.48313e-05,0
4.98749,0.000254791,4.72914e-05,0
4.98839,0.000256862,5.48186e-05,0
4.98948,0.000254756,4.73056e-05,0
4.99037,0.000256825,5.48304e-05,0
4.99143,0.000254753,4.73075e-05,0
4.99238,0.000256822,5.48303e-05,0
4.99347,0.00025475,4.73091e-05,0
4.99435,0.000256819,5.48304e-05,0
4.99568,0.000254747,4.73105e-05,0
4.99702,0.000256816,5.48307e-05,0
4.99764,0.000254739,4.73138e-05,0
4.9984,0.000256846,5.48191e-05,0
4.99951,0.000254773,4.7305e-05,0
5.00062,0.000254773,4.7305e-05,0
5.00142,0.000256785,5.48381e-05,0
5.00263,0.000254729,4.73155e-05,0
5.00338,0.000256837,5.48252e-05,0
5.00438,0.000254744,4.73085e-05,0
5.00542,0.000256795,5.48354e-05,0
5.00668,0.000256795,5.48354e-05,0
5.00745,0.000256801,5.4834e-05,0
5.00898,0.000254762,4.73038e-05,0
5.00957,0.000256799,5.48349e-05,0
5.01043,0.000254759,4.73043e-05,0
5.01165,0.000256796,5.48362e-05,0
5.01256,0.000254718,4.73187e-05,0
5.01337,0.000256826,5.48254e-05,0
5.01437,0.000254688,4.73245e-05,0
5.01548,0.000256813,5.48292e-05,0
5.01646,0.000254784,4.72966e-05,0
5.01741,0.000256863,5.4818e-05,0
5.01839,0.000254757,4.73026e-05,0
5.01938,0.000256781,5.48385e-05,0
5.02034,0.000254729,4.73084e-05,0
5.02136,0.000256776,5.48444e-05,0
5.02236,0.000254705,4.7314e-05,0
5.02338,0.000256836,5.48263e-05,0
5.02438,0.000254745,4.73075e-05,0
5.02554,0.000256752,5.4848e-05,0
5.02636,0.000254744,4.73033e-05,0
5.02738,0.00025681,5.48386e-05,0
5.02856,0.00025681,5.48386e-05,0
5.02941,0.000256818,5.48329e-05,0
5.03038,0.000254765,4.72963e-05,0
5.03144,0.000256776,5.48447e-05,0
5.03235,0.000254714,4.73077e-05,0
5.03342,0.000256793,5.48412e-05,0
5.0344,0.000254719,4.73058e-05,0
5.03532,0.000256793,5.48421e-05,0
5.03638,0.000254683,4.73177e-05,0
5.03737,0.000256757,5.48518e-05,0
5.03865,0.000254734,4.73014e-05,0
5.03956,0.000256829,5.48352e-05,0
5.0404,0.000256829,5.48352e-05,0
5.04144,0.000256829,5.48352e-05,0
5.04278,0.000254678,4.7313e-05,0
5.04336,0.000256739,5.48585e-05,0
5.04438,0.000254725,4.73002e-05,0
5.04539,0.000256788,5.48478e-05,0
5.04653,0.000254697,4.73073e-05,0
5.04738,0.000256743,5.48594e-05,0
5.04854,0.000254717,4.73015e-05,0
5.04942,0.000256809,5.48432e-05,0
5.05043,0.000254671,4.73114e-05,0
5.05136,0.00025676,5.48565e-05,0
5.05233,0.000254682,4.73087e-05,0
5.05335,0.000254687,4.73066e-05,0
5.05436,0.000256766,5.48561e-05,0
5.05538,0.000254687,4.73059e-05,0
5.05641,0.000254684,4.7306e-05,0
5.05741,0.000256756,5.48592e-05,0
5.05837,0.00025468,4.73061e-05,0
5.05954,0.00025468,4.73061e-05,0
5.06037,0.000256758,5.48603e-05,0
5.06133,0.00025675,5.48621e-05,0
5.06255,0.000254669,4.73084e-05,0
5.06352,0.000255644,5.0938e-05,0
5.06445,0.000256836,5.506e-05,0
5.06546,0.000256841,5.50598e-05,0
5.06653,0.000254654,4.72857e-05,0
5.06736,0.00025467,4.73182e-05,0
5.06854,0.000256736,5.48569e-05,0
5.0695,0.000256709,5.48685e-05,0
5.0706,0.000254631,4.73241e-05,0
5.07137,0.000256763,5.48474e-05,0
5.0725,0.000254671,4.73212e-05,0
5.07341,0.000256746,5.48501e-05,0
5.07441,0.000254625,4.73305e-05,0
5.0754,0.000256686,5.48627e-05,0
5.07681,0.000254645,4.7331e-05,0
5.07738,0.000256737,5.48493e-05,0
5.07845,0.000254625,4.73376e-05,0
5.0794,0.000256692,5.48629e-05,0
5.08046,0.000254618,4.73403e-05,0
5.08135,0.000256688,5.4863e-05,0
5.08238,0.000254615,4.7342e-05,0
5.08343,0.000256684,5.48632e-05,0
5.08436,0.000254646,4.73313e-05,0
5.08541,0.000256681,5.48635e-05,0
5.0868,0.000254643,4.73365e-05,0
5.08751,0.000256653,5.48703e-05,0
5.08841,0.000254597,4.73438e-05,0
5.08942,0.000256697,5.4859e-05,0
5.09089,0.000254613,4.73445e-05,0
5.09136,0.000256708,5.48526e-05,0
5.09237,0.000254601,4.73472e-05,0
5.09343,0.000256702,5.48579e-05,0
5.09435,0.000254605,4.73425e-05,0
5.09541,0.000256624,5.48773e-05,0
5.0966,0.000254645,4.73368e-05,0
5.09747,0.000254683,4.73228e-05,0
5.09837,0.000256648,5.48725e-05,0
5.09937,0.000254616,4.73428e-05,0
5.10036,0.000256628,5.48764e-05,0
5.10135,0.000254578,4.73515e-05,0
5.10241,0.000256687,5.48595e-05,0
5.10338,0.000254586,4.73494e-05,0
5.10474,0.000256654,5.48721e-05,0
5.10539,0.000254583,4.73495e-05,0
5.10642,0.00025662,5.48809e-05,0
5.10744,0.00025662,5.48809e-05,0
5.10836,0.000256658,5.48726e-05,0
5.10935,0.000254577,4.73499e-05,0
5.11037,0.000256646,5.4876e-05,0
5.11135,0.000254571,4.73506e-05,0
5.1124,0.000256642,5.48777e-05,0
5.11342,0.000254568,4.73508e-05,0
5.11444,0.000254568,4.73508e-05,0
5.11535,0.000254565,4.73508e-05,0
5.1164,0.00025667,5.48686e-05,0
5.11738,0.000254563,4.73503e-05,0
5.11843,0.000256633,5.48826e-05,0
5.11938,0.000254526,4.73588e-05,0
5.12037,0.000256688,5.48655e-05,0
5.12175,0.000254598,4.73404e-05,0
5.12239,0.000256605,5.48913e-05,0
5.12351,0.00025451,4.73609e-05,0
5.12437,0.000256647,5.48814e-05,0
5.1254,0.00025459,4.73369e-05,0
5.12639,0.000256658,5.48797e-05,0
5.12734,0.00025452,4.73572e-05,0
5.12855,0.000256577,5.49e-05,0
5.12942,0.000254597,4.73333e-05,0
5.13042,0.000256659,5.48814e-05,0
5.13149,0.000254516,4.73566e-05,0
5.13256,0.000256605,5.48909e-05,0
5.13337,0.000256605,5.48909e-05,0
5.13467,0.000256605,5.48909e-05,0
5.13567,0.000254544,4.73441e-05,0
5.13658,0.000254544,4.73441e-05,0
5.13772,0.000256668,5.48812e-05,0
5.13874,0.000256601,5.48939e-05,0
5.13961,0.000256606,5.48936e-05,0
5.14042,0.000254546,4.73416e-05,0
5.14139,0.000256631,5.48881e-05,0
5.14249,0.000254555,4.7339e-05,0
5.14342,0.000256632,5.48887e-05,0
5.14443,0.000254553,4.73388e-05,0
5.14545,0.00025663,5.48901e-05,0
5.14639,0.000254549,4.73388e-05,0
5.14739,0.000256627,5.48916e-05,0
5.1484,0.000254546,4.73389e-05,0
5.14955,0.000256624,5.48931e-05,0
5.15047,0.000254543,4.7339e-05,0
5.15158,0.000256621,5.48945e-05,0
5.15253,0.000254539,4.73392e-05,0
5.1534,0.000255514,5.09687e-05,0
5.15452,0.000256706,5.50925e-05,0
5.15541,0.00025452,4.73186e-05,0
5.15644,0.000256611,5.48976e-05,0
5.15747,0.000254535,4.73511e-05,0
5.15846,0.000256575,5.49011e-05,0
5.15939,0.000254497,4.73606e-05,0
5.1604,0.000256603,5.48867e-05,0
5.1614,0.000254528,4.73521e-05,0
5.16242,0.000256568,5.48975e-05,0
5.16341,0.000254525,4.73548e-05,0
5.16447,0.000256563,5.48968e-05,0
5.16535,0.00025449,4.73691e-05,0
5.16654,0.00025656,5.48962e-05,0
5.16747,0.000254488,4.73712e-05,0
5.16843,0.00025659,5.48838e-05,0
5.16945,0.000254484,4.73733e-05,0
5.17037,0.000256587,5.48837e-05,0
5.17147,0.000254483,4.73745e-05,0
5.1724,0.000256584,5.48874e-05,0
5.17341,0.000254486,4.73708e-05,0
5.17454,0.000256506,5.4906e-05,0
5.1756,0.000254497,4.7372e-05,0
5.17642,0.000256554,5.48944e-05,0
5.17747,0.000254476,4.73777e-05,0
5.17836,0.000256542,5.4897e-05,0
5.1794,0.00025447,4.73793e-05,0
5.18053,0.000256538,5.48979e-05,0
5.18153,0.000254467,4.73801e-05,0
5.18246,0.000256535,5.48988e-05,0
5.1835,0.000254464,4.73807e-05,0
5.18455,0.000256532,5.48998e-05,0
5.18535,0.00025446,4.73815e-05,0
5.18636,0.000256529,5.49009e-05,0
5.18744,0.000254458,4.73817e-05,0
5.18859,0.000256525,5.49023e-05,0
5.1894,0.000254486,4.73705e-05,0
5.19039,0.000256522,5.49035e-05,0
5.19141,0.000254484,4.73706e-05,0
5.19236,0.000256519,5.49048e-05,0
5.19336,0.00025448,4.73747e-05,0
5.19442,0.000256491,5.49126e-05,0
5.19553,0.000254402,4.73931e-05,0
5.19637,0.000256536,5.49021e-05,0
5.19735,0.00025445,4.73812e-05,0
5.19838,0.000256514,5.49084e-05,0
5.19966,0.000254433,4.73853e-05,0
5.20062,0.00025654,5.48986e-05,0
5.20139,0.000254434,4.73835e-05,0
5.20273,0.000256505,5.49121e-05,0
5.20341,0.000254431,4.73836e-05,0
5.2044,0.000256502,5.49136e-05,0
5.20536,0.000254427,4.73836e-05,0
5.20638,0.000256531,5.49034e-05,0
5.20739,0.000254425,4.73834e-05,0
5.20835,0.000256496,5.49169e-05,0
5.2094,0.00025442,4.73839e-05,0
5.21046,0.000256494,5.4918e-05,0
5.21138,0.000254417,4.73837e-05,0
5.21236,0.000256491,5.49195e-05,0
5.21339,0.000256491,5.49195e-05,0
5.21435,0.000256521,5.49129e-05,0
5.21534,0.000254419,4.7378e-05,0
5.21638,0.000256511,5.49122e-05,0
5.21737,0.000254438,4.73762e-05,0
5.21837,0.000256424,5.49387e-05,0
5.21938,0.00025442,4.73755e-05,0
5.22043,0.000256544,5.49098e-05,0
5.22149,0.000254422,4.73787e-05,0
5.22235,0.000256445,5.49312e-05,0
5.22339,0.000254379,4.73877e-05,0
5.2244,0.000256504,5.49217e-05,0
5.22538,0.000254407,4.73771e-05,0
5.2264,0.000256531,5.49154e-05,0
5.22735,0.000256531,5.49154e-05,0
5.22879,0.000256461,5.49294e-05,0
5.22977,0.000254476,4.7358e-05,0
5.2307,0.000256481,5.493e-05,0
5.23194,0.000254319,4.73999e-05,0
5.23265,0.000256475,5.49273e-05,0
5.23373,0.000254408,4.73741e-05,0
5.23457,0.000256528,5.4916e-05,0
5.23566,0.000254391,4.73809e-05,0
5.2366,0.000254391,4.73809e-05,0
5.23749,0.000254375,4.73802e-05,0
5.2386,0.000256543,5.49132e-05,0
5.23969,0.000254388,4.73805e-05,0
5.24066,0.000255281,5.10297e-05,0
5.2416,0.000256551,5.51301e-05,0
5.24266,0.000254416,4.73479e-05,0
5.2435,0.000256462,5.49343e-05,0
5.2444,0.000254395,4.73851e-05,0
5.2456,0.00025647,5.49267e-05,0
5.24641,0.000254336,4.73963e-05,0
5.24734,0.000254336,4.73963e-05,0
5.24842,0.000254391,4.73898e-05,0
5.2494,0.000256445,5.49236e-05,0
5.25035,0.000254451,4.73727e-05,0
5.25172,0.000256446,5.49257e-05,0
5.25265,0.000254286,4.74202e-05,0
5.25335,0.000256472,5.49131e-05,0
5.25448,0.000254391,4.73951e-05,0
5.25538,0.0002564,5.49305e-05,0
5.25642,0.000254399,4.73897e-05,0
5.25734,0.000256491,5.49071e-05,0
5.25837,0.000254324,4.74134e-05,0
5.25934,0.000256407,5.49268e-05,0
5.26035,0.0002544,4.73913e-05,0
5.26142,0.000256454,5.49191e-05,0
5.26265,0.000254319,4.74122e-05,0
5.26352,0.000256459,5.49128e-05,0
5.26444,0.000256459,5.49128e-05,0
5.26573,0.000256431,5.49226e-05,0
5.26641,0.000256417,5.49237e-05,0
5.2674,0.000254326,4.74144e-05,0
5.26837,0.000256367,5.49396e-05,0
5.26942,0.000256367,5.49396e-05,0
5.27041,0.000254387,4.73996e-05,0
5.27139,0.000254387,4.73996e-05,0
5.27254,0.000254355,4.7407e-05,0
5.27354,0.000256403,5.49275e-05,0
5.27442,0.000254377,4.73984e-05,0
5.27541,0.000256433,5.49205e-05,0
5.27635,0.000254322,4.74109e-05,0
5.27736,0.00025638,5.49375e-05,0
5.27846,0.000254317,4.74119e-05,0
5.27938,0.000256443,5.49177e-05,0
5.28068,0.000254393,4.7393e-05,0
5.28156,0.000256465,5.49103e-05,0
5.28241,0.000254346,4.74038e-05,0
5.28363,0.000256345,5.4948e-05,0
5.28465,0.000256345,5.4948e-05,0
5.28538,0.000254232,4.74349e-05,0
5.28655,0.000254232,4.74349e-05,0
5.28741,0.000254359,4.74e-05,0
5.28852,0.000256449,5.492e-05,0
5.28936,0.000256449,5.492e-05,0
5.29029,0.000256306,5.49598e-05,0
5.2914,0.000254312,4.7409e-05,0
5.29236,0.00025637,5.49445e-05,0
5.29338,0.000254332,4.74079e-05,0
5.29435,0.000256381,5.49391e-05,0
5.29541,0.000254354,4.74014e-05,0
5.29662,0.000256382,5.49401e-05,0
5.29758,0.000254316,4.74059e-05,0
5.29852,0.000256391,5.49423e-05,0
5.29939,0.000254227,4.74313e-05,0
5.30039,0.000256374,5.49428e-05,0
5.30136,0.000256374,5.49428e-05,0
5.30267,0.000256425,5.4932e-05,0
5.30337,0.000254326,4.74015e-05,0
5.30434,0.000254326,4.74015e-05,0
5.30534,0.000254214,4.7433e-05,0
5.30635,0.000256398,5.49394e-05,0
5.30738,0.000254311,4.74074e-05,0
5.30842,0.000256324,5.49591e-05,0
5.30936,0.000254319,4.74002e-05,0
5.31038,0.000256412,5.49377e-05,0
5.31143,0.000254277,4.74102e-05,0
5.31238,0.000256333,5.49623e-05,0
5.31353,0.00025426,4.74134e-05,0
5.31434,0.000256397,5.49433e-05,0
5.31569,0.000254302,4.74065e-05,0
5.3167,0.000256277,5.49771e-05,0
5.31748,0.000256314,5.49649e-05,0
5.31864,0.000256406,5.49434e-05,0
5.31979,0.000256406,5.49434e-05,0
5.32038,0.000256321,5.49683e-05,0
5.32137,0.000254247,4.74136e-05,0
5.32237,0.000256385,5.49493e-05,0
5.32339,0.000254289,4.74067e-05,0
5.32458,0.000256303,5.49708e-05,0
5.32537,0.000254293,4.74004e-05,0
5.32655,0.000256361,5.49613e-05,0
5.32736,0.000256361,5.49613e-05,0
5.32878,0.000254218,4.74189e-05,0
5.32949,0.00025431,4.73955e-05,0
5.3304,0.00025431,4.73955e-05,0
5.33179,0.00025519,5.10521e-05,0
5.33265,0.000254244,4.73871e-05,0
5.33346,0.000256336,5.49635e-05,0
5.33449,0.000256342,5.49632e-05,0
5.33548,0.000256334,5.49549e-05,0
5.33642,0.000254256,4.74165e-05,0
5.33751,0.000254261,4.74144e-05,0
5.33862,0.000256335,5.49521e-05,0
5.33938,0.000254259,4.74178e-05,0
5.34058,0.000256298,5.49632e-05,0
5.3414,0.000254257,4.74206e-05,0
5.34244,0.000256328,5.49502e-05,0
5.34346,0.000254254,4.7423e-05,0
5.34437,0.000254246,4.74272e-05,0
5.34532,0.000256316,5.49496e-05,0
5.34643,0.000254244,4.74291e-05,0
5.34747,0.000254248,4.7427e-05,0
5.34858,0.000256284,5.49613e-05,0
5.34934,0.000256309,5.49496e-05,0
5.35034,0.000256314,5.49493e-05,0
5.35136,0.000254243,4.743e-05,0
5.35246,0.000256311,5.49497e-05,0
5.35339,0.00025424,4.74312e-05,0
5.35448,0.000256341,5.49381e-05,0
5.35538,0.00025427,4.74241e-05,0
5.35636,0.00025628,5.49571e-05,0
5.35746,0.000254159,4.74553e-05,0
5.35837,0.000254159,4.74553e-05,0
5.35939,0.000256324,5.49497e-05,0
5.36054,0.000254208,4.74453e-05,0
5.36137,0.000254212,4.74432e-05,0
5.36241,0.000256266,5.49644e-05,0
5.36342,0.000254154,4.74575e-05,0
5.36438,0.000254126,4.74673e-05,0
5.36544,0.000256284,5.49598e-05,0
5.36637,0.000256284,5.49598e-05,0
5.36735,0.000256284,5.49602e-05,0
5.36846,0.000254229,4.7434e-05,0
5.36937,0.00025629,5.49557e-05,0
5.37042,0.000254183,4.74486e-05,0
5.37146,0.000256186,5.49856e-05,0
5.37235,0.000256186,5.49856e-05,0
5.37337,0.000256351,5.49418e-05,0
5.3744,0.000254201,4.74436e-05,0
5.37535,0.000254201,4.74436e-05,0
5.37651,0.000254224,4.74326e-05,0
5.37747,0.000256318,5.49514e-05,0
5.37865,0.000254184,4.74423e-05,0
5.37935,0.000256234,5.49763e-05,0
5.38066,0.000254133,4.74579e-05,0
5.3815,0.000256265,5.49655e-05,0
5.38239,0.000254233,4.74326e-05,0
5.38348,0.00025622,5.49812e-05,0
5.38441,0.00025419,4.74383e-05,0
5.38539,0.000256263,5.49717e-05,0
5.38636,0.000254133,4.74519e-05,0
5.38736,0.000256279,5.49641e-05,0
5.38837,0.000254195,4.74399e-05,0
5.38934,0.000256205,5.49838e-05,0
5.39039,0.000254202,4.74329e-05,0
5.39139,0.000256292,5.49625e-05,0
5.39263,0.000254155,4.7445e-05,0
5.39333,0.000256246,5.49751e-05,0
5.39456,0.000254211,4.74254e-05,0
5.39536,0.000256252,5.49745e-05,0
5.39636,0.00025421,4.74248e-05,0
5.39742,0.000256249,5.49765e-05,0
5.39835,0.00025414,4.74491e-05,0
5.39941,0.000256246,5.49781e-05,0
5.40037,0.000256246,5.49781e-05,0
5.40141,0.000254201,4.74259e-05,0
5.40239,0.000254231,4.74212e-05,0
5.40353,0.000254231,4.74212e-05,0
5.40459,0.000256225,5.4989e-05,0
5.40549,0.000254061,4.74625e-05,0
5.40656,0.000256204,5.49943e-05,0
5.40776,0.000254195,4.74287e-05,0
5.40833,0.000254145,4.74407e-05,0
5.40941,0.000254182,4.74267e-05,0
5.41045,0.000256265,5.49772e-05,0
5.41166,0.000254129,4.74436e-05,0
5.41251,0.000256189,5.49966e-05,0
5.41347,0.000254173,4.74315e-05,0
5.41437,0.000256237,5.49861e-05,0
5.4156,0.00025415,4.74366e-05,0
5.41655,0.000256225,5.49896e-05,0
5.41738,0.000254143,4.74375e-05,0
5.4184,0.000256221,5.49913e-05,0
5.41965,0.000254139,4.74377e-05,0
5.42047,0.000256218,5.49928e-05,0
5.42153,0.000254104,4.74497e-05,0
5.42262,0.000255111,5.10672e-05,0
5.42347,0.000256271,5.52026e-05,0
5.42439,0.000254084,4.74292e-05,0
5.4254,0.000256208,5.49959e-05,0
5.4266,0.000254099,4.74618e-05,0
5.4275,0.000256171,5.49995e-05,0
5.42867,0.000254093,4.74595e-05,0
5.42975,0.000256167,5.4997e-05,0
5.43038,0.000254092,4.74626e-05,0
5.43152,0.000256164,5.49958e-05,0
5.43256,0.00025409,4.74654e-05,0
5.43346,0.00025616,5.49951e-05,0
5.43438,0.000254087,4.74678e-05,0
5.43536,0.000256157,5.49945e-05,0
5.43635,0.000256157,5.49945e-05,0
5.43743,0.000254082,4.74706e-05,0
5.43835,0.000256153,5.49941e-05,0
5.43967,0.000254109,4.74658e-05,0
5.44043,0.000256125,5.50004e-05,0
5.44135,0.000254068,4.74759e-05,0
5.44238,0.000256178,5.49825e-05,0
5.44336,0.000254136,4.7457e-05,0
5.44465,0.000254108,4.74668e-05,0
5.44589,0.000254097,4.74658e-05,0
5.44647,0.000256204,5.49754e-05,0
5.44741,0.000254078,4.74712e-05,0
5.44838,0.000256162,5.49854e-05,0
5.44937,0.000254098,4.74665e-05,0
5.45045,0.000256135,5.49963e-05,0
5.45138,0.000254064,4.7475e-05,0
5.45254,0.000254064,4.7475e-05,0
5.45341,0.000254131,4.74594e-05,0
5.45439,0.000256135,5.49919e-05,0
5.45546,0.00025614,5.49916e-05,0
5.45667,0.000254081,4.747e-05,0
5.45746,0.000256156,5.49879e-05,0
5.45833,0.000256156,5.49884e-05,0
5.45943,0.000254079,4.74709e-05,0
5.46044,0.000254084,4.74688e-05,0
5.46147,0.000256153,5.49897e-05,0
5.46243,0.000254081,4.74692e-05,0
5.46347,0.00025615,5.4991e-05,0
5.46448,0.000254077,4.74695e-05,0
5.46544,0.000256147,5.49924e-05,0
5.46652,0.000254074,4.74697e-05,0
5.46746,0.000256144,5.49938e-05,0
5.46849,0.000254071,4.74698e-05,0
5.46942,0.000256141,5.49952e-05,0
5.47042,0.000254067,4.747e-05,0
5.47153,0.000256138,5.49967e-05,0
5.47243,0.000254032,4.74819e-05,0
5.47356,0.000256135,5.49982e-05,0
5.4745,0.000254061,4.74701e-05,0
5.47546,0.0002561,5.50116e-05,0
5.47638,0.000254057,4.74702e-05,0
5.47745,0.000256096,5.50134e-05,0
5.47849,0.000254022,4.74821e-05,0
5.47943,0.000256094,5.50147e-05,0
5.48044,0.000254019,4.74821e-05,0
5.48141,0.00025609,5.50165e-05,0
5.48239,0.000254014,4.74823e-05,0
5.48348,0.000256087,5.5018e-05,0
5.48453,0.000254011,4.74823e-05,0
5.48542,0.000256084,5.50196e-05,0
5.48639,0.000254009,4.74821e-05,0
5.48741,0.000256083,5.50209e-05,0
5.4884,0.000254004,4.74823e-05,0
5.48939,0.00025608,5.50225e-05,0
5.49042,0.000254002,4.74821e-05,0
5.49138,0.000256076,5.50243e-05,0
5.49238,0.000253998,4.74823e-05,0
5.49348,0.000256073,5.50258e-05,0
5.4944,0.000253995,4.74823e-05,0
5.49539,0.000256071,5.50271e-05,0
5.49637,0.000253992,4.74821e-05,0
5.49742,0.0002561,5.5017e-05,0
5.49849,0.000253988,4.74824e-05,0
5.49944,0.000256065,5.50302e-05,0
5.50038,0.000253985,4.74824e-05,0
5.5014,0.000256061,5.50319e-05,0
5.50237,0.000254014,4.74706e-05,0
5.50357,0.000256059,5.50331e-05,0
5.50448,0.000253979,4.74823e-05,0
5.50537,0.000256057,5.50346e-05,0
5.50645,0.000254008,4.74705e-05,0
5.50743,0.000256086,5.50242e-05,0
5.50844,0.000254005,4.74706e-05,0
5.50946,0.00025605,5.50377e-05,0
5.51045,0.000253968,4.74828e-05,0
5.5115,0.000254977,5.11001e-05,0
5.51239,0.000256169,5.52235e-05,0
5.51352,0.00025395,4.74621e-05,0
5.51439,0.000256073,5.50286e-05,0
5.51542,0.000253965,4.74945e-05,0
5.5164,0.000256038,5.50321e-05,0
5.51746,0.000253959,4.74924e-05,0
5.51838,0.000256032,5.50298e-05,0
5.51943,0.000253957,4.74958e-05,0
5.52047,0.000256029,5.50288e-05,0
5.52139,0.000253954,4.74985e-05,0
5.52246,0.000256026,5.50278e-05,0
5.52339,0.000253952,4.75009e-05,0
5.52438,0.000256056,5.50152e-05,0
5.52541,0.000253949,4.7503e-05,0
5.52637,0.000256052,5.50186e-05,0
5.52742,0.000253921,4.75114e-05,0
5.52844,0.000255974,5.50369e-05,0
5.52937,0.000253965,4.75009e-05,0
5.53037,0.000256022,5.50249e-05,0
5.53135,0.000253944,4.75072e-05,0
5.53238,0.00025601,5.50271e-05,0
5.53351,0.000253938,4.75091e-05,0
5.53438,0.000256006,5.50278e-05,0
5.53538,0.000253934,4.75102e-05,0
5.5364,0.000256003,5.50284e-05,0
5.53737,0.000253931,4.75111e-05,0
5.53841,0.000256,5.50292e-05,0
5.53938,0.000253928,4.75119e-05,0
5.54037,0.000255997,5.50301e-05,0
5.54135,0.000253925,4.75125e-05,0
5.54237,0.000255994,5.50311e-05,0
5.54335,0.000253921,4.75136e-05,0
5.54436,0.00025599,5.50321e-05,0
5.54541,0.00025392,4.75131e-05,0
5.5464,0.000255987,5.50336e-05,0
5.54738,0.000253915,4.75142e-05,0
5.54835,0.000255985,5.50344e-05,0
5.54951,0.000253913,4.75143e-05,0
5.55039,0.000255982,5.50357e-05,0
5.55139,0.000253909,4.75146e-05,0
5.55237,0.000255979,5.50371e-05,0
5.55342,0.000253906,4.75148e-05,0
5.55434,0.000255976,5.50385e-05,0
5.55536,0.000253903,4.7515e-05,0
5.55634,0.000255973,5.504e-05,0
5.55738,0.0002539,4.75151e-05,0
5.55836,0.00025597,5.50414e-05,0
5.55936,0.000253896,4.75152e-05,0
5.56038,0.000256001,5.50308e-05,0
5.5614,0.000253926,4.75069e-05,0
5.56234,0.000255973,5.50389e-05,0
5.56336,0.000253881,4.7517e-05,0
5.56436,0.000255958,5.5047e-05,0
5.56539,0.000253887,4.75112e-05,0
5.56635,0.000256017,5.50331e-05,0
5.56743,0.000253868,4.75194e-05,0
5.56836,0.00025595,5.50464e-05,0
5.56935,0.000253936,4.75013e-05,0
5.57038,0.000255937,5.50551e-05,0
5.57138,0.00025387,4.75127e-05,0
5.57235,0.000256006,5.50384e-05,0
5.57349,0.000253857,4.75197e-05,0
5.57437,0.000255941,5.50511e-05,0
5.57539,0.000253926,4.75013e-05,0
5.57647,0.000255928,5.50598e-05,0
5.57743,0.00025386,4.75128e-05,0
5.57846,0.000255997,5.5043e-05,0
5.57937,0.000253847,4.75197e-05,0
5.58037,0.000255932,5.50558e-05,0
5.58143,0.000253916,4.75014e-05,0
5.58238,0.00025592,5.50645e-05,0
5.58337,0.00025385,4.75128e-05,0
5.58446,0.000255988,5.50476e-05,0
5.58537,0.000253837,4.75198e-05,0
5.58638,0.000255924,5.50604e-05,0
5.58735,0.000253939,4.74894e-05,0
5.58836,0.000255944,5.50609e-05,0
5.58939,0.000253782,4.75314e-05,0
5.59036,0.000255938,5.50582e-05,0
5.59136,0.000253908,4.74997e-05,0
5.59234,0.000255975,5.50506e-05,0
5.59335,0.000253843,4.75113e-05,0
5.59436,0.000255939,5.50639e-05,0
5.59541,0.000253809,4.75187e-05,0
5.59636,0.000255964,5.5054e-05,0
5.59736,0.000253874,4.75061e-05,0
5.59838,0.000254788,5.11465e-05,0
5.59955,0.000256018,5.52638e-05,0
5.60061,0.000253855,4.74817e-05,0
5.6016,0.000255942,5.50605e-05,0
5.60239,0.000253863,4.75195e-05,0
5.60363,0.000255878,5.50672e-05,0
5.60464,0.00025384,4.7521e-05,0
5.60536,0.000255938,5.50492e-05,0
5.60641,0.000253859,4.75158e-05,0
5.60741,0.000255956,5.50417e-05,0
5.60836,0.000253829,4.75254e-05,0
5.60952,0.000255915,5.50506e-05,0
5.61063,0.000253848,4.75223e-05,0
5.61142,0.000255921,5.5048e-05,0
5.61244,0.000253815,4.75358e-05,0
5.61337,0.000255885,5.50556e-05,0
5.61437,0.000253871,4.75192e-05,0
5.61543,0.000255957,5.50374e-05,0
5.61642,0.000253854,4.75246e-05,0
5.61739,0.000255844,5.50681e-05,0
5.61836,0.000253794,4.75399e-05,0
5.61935,0.00025593,5.50421e-05,0
5.62039,0.000253879,4.75199e-05,0
5.62141,0.00025585,5.50659e-05,0
5.62234,0.000253792,4.75412e-05,0
5.62336,0.000255925,5.5043e-05,0
5.62435,0.000253839,4.7534e-05,0
5.62535,0.000255844,5.50635e-05,0
5.62637,0.000253844,4.75282e-05,0
5.62736,0.000255902,5.50534e-05,0
5.62846,0.000253769,4.75473e-05,0
5.62935,0.000255909,5.50472e-05,0
5.63036,0.000253827,4.75365e-05,0
5.63152,0.000255834,5.50667e-05,0
5.63285,0.000253834,4.753e-05,0
5.63338,0.000255926,5.50446e-05,0
5.63438,0.000253787,4.75427e-05,0
5.63539,0.000255804,5.50776e-05,0
5.63651,0.000253834,4.75293e-05,0
5.63739,0.000255917,5.5047e-05,0
5.63839,0.000253787,4.75408e-05,0
5.63944,0.000255869,5.50599e-05,0
5.64034,0.000253769,4.75482e-05,0
5.64175,0.000255841,5.50676e-05,0
5.64243,0.000253827,4.75292e-05,0
5.64337,0.000255881,5.50628e-05,0
5.64444,0.000253743,4.75496e-05,0
5.64535,0.000255885,5.50577e-05,0
5.64637,0.000253834,4.75264e-05,0
5.6474,0.000255844,5.50695e-05,0
5.64842,0.000253783,4.7538e-05,0
5.64938,0.000255855,5.50664e-05,0
5.65037,0.000253755,4.75444e-05,0
5.65137,0.000255886,5.50603e-05,0
5.65236,0.00025383,4.75213e-05,0
5.65336,0.000255893,5.50596e-05,0
5.65455,0.000253724,4.75546e-05,0
5.6554,0.000255779,5.50883e-05,0
5.65641,0.000253825,4.75242e-05,0
5.65748,0.000255902,5.50595e-05,0
5.65837,0.000253756,4.75409e-05,0
5.65949,0.000253756,4.75409e-05,0
5.66042,0.000253769,4.75367e-05,0
5.6614,0.000253774,4.75364e-05,0
5.66241,0.000253769,4.75361e-05,0
5.66341,0.000255838,5.50765e-05,0
5.6644,0.000255843,5.50762e-05,0
5.66557,0.000255835,5.5078e-05,0
5.66634,0.000253757,4.75381e-05,0
5.66751,0.000253762,4.7536e-05,0
5.6687,0.000255837,5.50793e-05,0
5.66962,0.000253764,4.75357e-05,0
5.67036,0.000253756,4.75361e-05,0
5.6714,0.000255827,5.50826e-05,0
5.67256,0.000255832,5.50823e-05,0
5.67373,0.000255824,5.50841e-05,0
5.67434,0.000253744,4.75382e-05,0
5.67545,0.000253717,4.7548e-05,0
5.67632,0.000253741,4.75383e-05,0
5.67749,0.000255818,5.50871e-05,0
5.6787,0.000253743,4.75362e-05,0
5.6794,0.000253743,4.75362e-05,0
5.68063,0.000255787,5.51004e-05,0
5.6816,0.000253772,4.75282e-05,0
5.68243,0.000255792,5.50961e-05,0
5.68368,0.000253662,4.75583e-05,0
5.68458,0.000255836,5.50856e-05,0
5.68544,0.000253742,4.75345e-05,0
5.68648,0.000254678,5.11769e-05,0
5.68744,0.000255868,5.53007e-05,0
5.68839,0.000253681,4.75279e-05,0
5.68942,0.000255772,5.51061e-05,0
5.6904,0.000253696,4.75604e-05,0
5.69139,0.000255801,5.50858e-05,0
5.69255,0.000253691,4.7558e-05,0
5.69347,0.000255764,5.50951e-05,0
5.69443,0.000253721,4.75495e-05,0
5.69542,0.000255761,5.50941e-05,0
5.69672,0.000253686,4.75641e-05,0
5.69743,0.000255758,5.50932e-05,0
5.6985,0.000253683,4.75667e-05,0
5.69965,0.000255754,5.50926e-05,0
5.70039,0.000253681,4.75686e-05,0
5.7014,0.000255751,5.50922e-05,0
5.70262,0.000253678,4.75707e-05,0
5.7035,0.00025578,5.50803e-05,0
5.70439,0.000253675,4.75723e-05,0
5.7054,0.000255778,5.50839e-05,0
5.70636,0.000253647,4.75802e-05,0
5.70739,0.000255698,5.51028e-05,0
5.70852,0.000253686,4.75715e-05,0
5.70945,0.00025578,5.50792e-05,0
5.71042,0.00025367,4.75751e-05,0
5.71146,0.000255768,5.50817e-05,0
5.71245,0.000255768,5.50817e-05,0
5.71335,0.000255731,5.50948e-05,0
5.71439,0.00025366,4.75777e-05,0
5.7154,0.000255728,5.50956e-05,0
5.71638,0.000253656,4.75783e-05,0
5.71735,0.000255725,5.50966e-05,0
5.71841,0.000253653,4.75789e-05,0
5.71956,0.000255722,5.50977e-05,0
5.72041,0.00025365,4.75793e-05,0
5.72134,0.000255719,5.50989e-05,0
5.72242,0.000253647,4.75797e-05,0
5.7234,0.000255716,5.51001e-05,0
5.72444,0.000253644,4.758e-05,0
5.72548,0.000255713,5.51015e-05,0
5.72641,0.000253641,4.75803e-05,0
5.72739,0.00025571,5.51028e-05,0
5.72841,0.000253637,4.75805e-05,0
5.72955,0.000255707,5.51042e-05,0
5.73041,0.000253629,4.75827e-05,0
5.73135,0.000255703,5.5106e-05,0
5.73245,0.000253631,4.75805e-05,0
5.73338,0.000255701,5.51074e-05,0
5.73444,0.000253622,4.75832e-05,0
5.73572,0.000253627,4.75811e-05,0
5.73676,0.000253691,4.75606e-05,0
5.73736,0.000255737,5.50962e-05,0
5.73839,0.000253616,4.75791e-05,0
5.73941,0.000253621,4.7577e-05,0
5.74047,0.000253644,4.75716e-05,0
5.74138,0.000255724,5.51011e-05,0
5.74236,0.000253644,4.75707e-05,0
5.74353,0.000255721,5.51024e-05,0
5.74449,0.000253679,4.75566e-05,0
5.74537,0.000255718,5.51078e-05,0
5.74661,0.000253546,4.75976e-05,0
5.74741,0.000255693,5.51095e-05,0
5.74836,0.000255698,5.51092e-05,0
5.74937,0.000255666,5.5119e-05,0
5.75037,0.000253621,4.75717e-05,0
5.75138,0.000255773,5.50933e-05,0
5.75247,0.000253618,4.75725e-05,0
5.75334,0.000255699,5.5112e-05,0
5.75436,0.000253625,4.75696e-05,0
5.75537,0.000255702,5.51123e-05,0
5.75659,0.000253625,4.75687e-05,0
5.75745,0.000255699,5.51139e-05,0
5.75838,0.000255699,5.51139e-05,0
5.75935,0.000255664,5.51273e-05,0
5.76038,0.000253584,4.75774e-05,0
5.76146,0.000255682,5.51182e-05,0
5.7625,0.000253648,4.75649e-05,0
5.76336,0.000253648,4.75649e-05,0
5.76436,0.00025363,4.75642e-05,0
5.76537,0.000255727,5.51103e-05,0
5.76638,0.000253585,4.7575e-05,0
5.76737,0.000255676,5.51233e-05,0
5.76844,0.000253602,4.757e-05,0
5.76962,0.000255682,5.51227e-05,0
5.77034,0.000253601,4.75694e-05,0
5.77136,0.000255675,5.51243e-05,0
5.77239,0.000253594,4.75715e-05,0
5.77338,0.000254573,5.11986e-05,0
5.77435,0.000255765,5.53218e-05,0
5.77536,0.000253573,4.75512e-05,0
5.77661,0.000255599,5.51473e-05,0
5.77745,0.00025362,4.7575e-05,0
5.77838,0.00025362,4.7575e-05,0
5.77942,0.000253496,4.76069e-05,0
5.78037,0.000255678,5.51115e-05,0
5.78138,0.000253593,4.75851e-05,0
5.78235,0.000253593,4.75851e-05,0
5.78333,0.000253563,4.75948e-05,0
5.78437,0.000255661,5.51168e-05,0
5.78535,0.000255661,5.51168e-05,0
5.78635,0.000255668,5.51089e-05,0
5.78741,0.000255668,5.51089e-05,0
5.78838,0.000253618,4.75802e-05,0
5.78937,0.000253563,4.75956e-05,0
5.7904,0.000255638,5.5114e-05,0
5.79168,0.000255643,5.51137e-05,0
5.79248,0.000253541,4.76051e-05,0
5.79362,0.000255643,5.51131e-05,0
5.7946,0.000253571,4.75944e-05,0
5.79558,0.000255639,5.51134e-05,0
5.79645,0.000253602,4.75833e-05,0
5.79762,0.000255637,5.51136e-05,0
5.79844,0.000253564,4.75973e-05,0
5.79955,0.0002556,5.51226e-05,0
5.8007,0.000253586,4.75916e-05,0
5.80147,0.000255639,5.51133e-05,0
5.80241,0.000253561,4.75979e-05,0
5.80338,0.000255627,5.51163e-05,0
5.80465,0.000253555,4.75992e-05,0
5.80552,0.000255623,5.51174e-05,0
5.8065,0.000253552,4.75998e-05,0
5.80778,0.000255587,5.51306e-05,0
5.80866,0.000253549,4.76002e-05,0
5.80967,0.000255584,5.51317e-05,0
5.81046,0.000253546,4.76045e-05,0
5.81147,0.000255557,5.51391e-05,0
5.81239,0.000253501,4.76109e-05,0
5.81349,0.000255634,5.51166e-05,0
5.81443,0.000253516,4.76109e-05,0
5.8155,0.000255611,5.5123e-05,0
5.81657,0.000253504,4.76132e-05,0
5.81735,0.000255573,5.5137e-05,0
5.81835,0.000253499,4.76136e-05,0
5.81941,0.00025557,5.51385e-05,0
5.82036,0.000253496,4.76137e-05,0
5.82142,0.000255567,5.51399e-05,0
5.82237,0.000253493,4.76138e-05,0
5.82338,0.000255564,5.51414e-05,0
5.82437,0.00025349,4.76138e-05,0
5.82536,0.000255561,5.51429e-05,0
5.8264,0.000253487,4.76138e-05,0
5.82739,0.000255558,5.51445e-05,0
5.82842,0.000253483,4.76139e-05,0
5.82945,0.000255555,5.5146e-05,0
5.83037,0.00025348,4.76139e-05,0
5.83139,0.000255552,5.51476e-05,0
5.83237,0.000253477,4.76139e-05,0
5.83339,0.00025555,5.51491e-05,0
5.83437,0.000253473,4.76139e-05,0
5.83542,0.000255547,5.51507e-05,0
5.83635,0.00025347,4.76139e-05,0
5.83739,0.000255544,5.51522e-05,0
5.83837,0.000253467,4.76139e-05,0
5.83937,0.000255541,5.51538e-05,0
5.84035,0.000253463,4.76139e-05,0
5.84145,0.000255538,5.51554e-05,0
5.84232,0.00025346,4.76139e-05,0
5.84339,0.000255535,5.51569e-05,0
5.84434,0.000253457,4.76139e-05,0
5.84539,0.000255532,5.51584e-05,0
5.84639,0.000253454,4.76139e-05,0
5.84736,0.000255529,5.516e-05,0
5.84834,0.00025345,4.7614e-05,0
5.84933,0.000255527,5.51615e-05,0
5.85039,0.000253447,4.7614e-05,0
5.85134,0.000255524,5.5163e-05,0
5.85236,0.000253444,4.76141e-05,0
5.85334,0.000255521,5.51644e-05,0
5.85438,0.00025344,4.76141e-05,0
5.85535,0.000255518,5.51659e-05,0
5.85637,0.000253437,4.76142e-05,0
5.85736,0.000255515,5.51674e-05,0
5.85833,0.000253434,4.76143e-05,0
5.85938,0.000255512,5.51688e-05,0
5.86036,0.000253431,4.76144e-05,0
5.86135,0.000254406,5.12435e-05,0
5.86237,0.000255598,5.53667e-05,0
5.86348,0.000253411,4.75939e-05,0
5.86438,0.000255502,5.51718e-05,0
5.86584,0.000253427,4.76264e-05,0
5.86637,0.000255499,5.51634e-05,0
5.86735,0.000253421,4.7624e-05,0
5.86835,0.000255494,5.51612e-05,0
5.86937,0.000253419,4.76277e-05,0
5.87036,0.000255491,5.51596e-05,0
5.87134,0.000253417,4.76302e-05,0
5.87241,0.000255488,5.51587e-05,0
5.87338,0.000253414,4.76326e-05,0
5.87451,0.000255486,5.51578e-05,0
5.87538,0.000253444,4.76229e-05,0
5.87644,0.000255482,5.51576e-05,0
5.87735,0.000253408,4.76369e-05,0
5.87841,0.000255445,5.51657e-05,0
5.87938,0.00025343,4.76321e-05,0
5.88036,0.000255484,5.51558e-05,0
5.88143,0.000253405,4.76391e-05,0
5.8824,0.000253405,4.76391e-05,0
5.88364,0.000253399,4.7641e-05,0
5.88442,0.000255501,5.51467e-05,0
5.88537,0.000255501,5.51467e-05,0
5.88636,0.00025544,5.5166e-05,0
5.88742,0.000253385,4.76409e-05,0
5.88839,0.000255517,5.51464e-05,0
5.88938,0.000253375,4.7648e-05,0
5.89041,0.000255453,5.51583e-05,0
5.89154,0.000255453,5.51583e-05,0
5.89238,0.000253411,4.76421e-05,0
5.89344,0.000253411,4.76421e-05,0
5.89454,0.00025544,5.51665e-05,0
5.89548,0.00025544,5.51665e-05,0
5.89642,0.00025341,4.76386e-05,0
5.89749,0.000255492,5.51498e-05,0
5.89837,0.000253381,4.76452e-05,0
5.89943,0.000255447,5.51613e-05,0
5.9004,0.000255447,5.51613e-05,0
5.90152,0.000255511,5.51461e-05,0
5.90232,0.000253352,4.76516e-05,0
5.90368,0.000255437,5.51647e-05,0
5.90459,0.00025343,4.76278e-05,0
5.9054,0.000255487,5.51533e-05,0
5.90638,0.000253405,4.76336e-05,0
5.90753,0.000255439,5.51695e-05,0
5.90839,0.000253366,4.76426e-05,0
5.90946,0.000253366,4.76426e-05,0
5.91037,0.000253464,4.76136e-05,0
5.91138,0.000255413,5.51776e-05,0
5.91237,0.000253452,4.76197e-05,0
5.91342,0.00025538,5.5187e-05,0
5.91444,0.000253336,4.7652e-05,0
5.91535,0.000253373,4.76381e-05,0
5.91638,0.000255456,5.51686e-05,0
5.91735,0.000253427,4.76247e-05,0
5.91857,0.000255401,5.5183e-05,0
5.91965,0.000253372,4.76409e-05,0
5.92057,0.000255392,5.5186e-05,0
5.92168,0.000253302,4.76571e-05,0
5.92257,0.000255439,5.51749e-05,0
5.92336,0.000253352,4.76446e-05,0
5.92455,0.000255418,5.51813e-05,0
5.92548,0.00025334,4.76466e-05,0
5.92639,0.000255412,5.51835e-05,0
5.9274,0.000253335,4.76468e-05,0
5.92837,0.000255409,5.51851e-05,0
5.92936,0.000253332,4.76468e-05,0
5.9304,0.000255406,5.51866e-05,0
5.93143,0.000253329,4.76468e-05,0
5.93238,0.000255404,5.51882e-05,0
5.93337,0.000253326,4.76468e-05,0
5.93434,0.000255401,5.51897e-05,0
5.93535,0.000253322,4.76468e-05,0
5.93638,0.000255398,5.51912e-05,0
5.93734,0.000253319,4.76468e-05,0
5.93837,0.000255395,5.51927e-05,0
5.93941,0.000253316,4.76469e-05,0
5.94044,0.000255392,5.51942e-05,0
5.9414,0.000253311,4.76474e-05,0
5.94237,0.000255389,5.51957e-05,0
5.94335,0.00025331,4.76466e-05,0
5.94436,0.000255386,5.51974e-05,0
5.94538,0.000253306,4.76473e-05,0
5.94643,0.000255379,5.51988e-05,0
5.94736,0.000253303,4.76472e-05,0
5.94839,0.000255381,5.52e-05,0
5.94938,0.000253299,4.76473e-05,0
5.95044,0.000255378,5.52014e-05,0
5.95139,0.000253296,4.76474e-05,0
5.95238,0.000254271,5.12762e-05,0
5.95335,0.000255463,5.53996e-05,0
5.95436,0.000253277,4.76267e-05,0
5.95536,0.000255368,5.52045e-05,0
5.95634,0.000253292,4.76594e-05,0
5.95735,0.000255365,5.5196e-05,0
5.95837,0.000253287,4.76571e-05,0
5.95939,0.00025536,5.51935e-05,0
5.96038,0.000253318,4.76484e-05,0
5.96143,0.00025539,5.51843e-05,0
5.96236,0.000253257,4.76696e-05,0
5.96338,0.000255312,5.52016e-05,0
5.96435,0.000253302,4.766e-05,0
5.96536,0.00025536,5.51889e-05,0
5.9664,0.00025328,4.7667e-05,0
5.96738,0.000255348,5.51904e-05,0
5.96837,0.000253275,4.7669e-05,0
5.96941,0.000255344,5.51906e-05,0
5.97037,0.00025327,4.76716e-05,0
5.97136,0.00025534,5.51908e-05,0
5.97237,0.000253268,4.76726e-05,0
5.97334,0.000255337,5.5191e-05,0
5.97437,0.000253265,4.76738e-05,0
5.97537,0.000255334,5.51915e-05,0
5.97636,0.000253262,4.76749e-05,0
5.97736,0.000255331,5.51921e-05,0
5.97836,0.000253259,4.76758e-05,0
5.97937,0.000255328,5.51929e-05,0
5.98034,0.000253256,4.76765e-05,0
5.98134,0.000255325,5.51938e-05,0
5.98235,0.000253253,4.76772e-05,0
5.98334,0.000255322,5.51948e-05,0
5.98454,0.00025325,4.76777e-05,0
5.98538,0.000255352,5.51838e-05,0
5.98633,0.00025328,4.76699e-05,0
5.98753,0.00025529,5.52036e-05,0
5.98851,0.000253202,4.76886e-05,0
5.9894,0.000255335,5.51927e-05,0
