-0.320415 -0.502361 -4.332257 0.163609 0.450599 -0.002355 
-0.311038 -0.507150 -4.579229 0.163272 0.450568 -0.000740 
-0.317921 -0.512317 -4.630329 0.163235 0.450813 -0.000573 
-0.326263 -0.517448 -4.505557 0.163347 0.451136 -0.001868 
-0.321020 -0.513465 -4.309236 0.163689 0.451263 -0.003528 
-0.323934 -0.504558 -4.124676 0.164383 0.451260 -0.004771 
-0.319330 -0.499897 -3.857808 0.164886 0.451286 -0.006373 
-0.326824 -0.495137 -3.818732 0.165074 0.451241 -0.005910 
-0.319334 -0.489916 -3.944885 0.165283 0.450925 -0.004300 
-0.317949 -0.497554 -4.131904 0.165080 0.450654 -0.002420 
-0.316127 -0.505679 -4.327939 0.164714 0.450476 -0.000867 
-0.314318 -0.514063 -4.584666 0.164348 0.450307 0.000633 
-0.313472 -0.514280 -4.613630 0.164027 0.450303 0.000292 
-0.321195 -0.509426 -4.496211 0.163728 0.450148 -0.001744 
-0.328874 -0.504944 -4.276822 0.163422 0.450168 -0.004016 
-0.336807 -0.509283 -4.099230 0.163216 0.450289 -0.005902 
-0.339288 -0.500343 -3.850919 0.163586 0.450272 -0.008050 
-0.339670 -0.491365 -3.811342 0.163807 0.450178 -0.007801 
-0.332189 -0.495529 -3.938854 0.164111 0.450146 -0.005771 
-0.331334 -0.496559 -4.148436 0.164437 0.450365 -0.003385 
-0.330560 -0.504799 -4.326744 0.164551 0.450290 -0.001182 
-0.321779 -0.510455 -4.577080 0.164690 0.450553 0.001384 
-0.321832 -0.518944 -4.607641 0.164632 0.450554 0.001463 
-0.329540 -0.514354 -4.502297 0.164493 0.450497 0.000056 
-0.330410 -0.513059 -4.280639 0.164007 0.450179 -0.002960 
-0.338713 -0.509436 -4.113231 0.164019 0.450403 -0.004962 
-0.347662 -0.495487 -3.861841 0.163937 0.450144 -0.007954 
-0.340558 -0.490876 -3.818918 0.163810 0.449993 -0.008770 
-0.332199 -0.495887 -3.934117 0.163786 0.450142 -0.007371 
-0.323164 -0.492722 -4.142655 0.163825 0.450304 -0.005191 
-0.322350 -0.501985 -4.322107 0.164092 0.450516 -0.002674 
-0.320642 -0.512882 -4.574087 0.164351 0.451115 0.000419 
-0.320619 -0.513540 -4.628584 0.164671 0.451316 0.001652 
-0.329181 -0.518116 -4.495635 0.164948 0.451546 0.001007 
-0.322869 -0.514154 -4.298771 0.164969 0.451664 -0.000648 
-0.338248 -0.496117 -4.110876 0.164916 0.451463 -0.002621 
-0.339528 -0.495093 -3.869270 0.164588 0.451241 -0.005624 
-0.331396 -0.489480 -3.824660 0.163987 0.450795 -0.006749 
-0.329961 -0.488858 -3.946035 0.163516 0.450515 -0.006521 
-0.321003 -0.493525 -4.130637 0.163177 0.450477 -0.005495 
-0.327577 -0.505914 -4.326878 0.163097 0.450356 -0.004057 
-0.319012 -0.511637 -4.576375 0.163236 0.450620 -0.001811 
-0.326709 -0.517739 -4.630001 0.163673 0.451159 -0.001014 
-0.328795 -0.517939 -4.498771 0.164306 0.451347 -0.001236 
-0.330836 -0.509258 -4.294558 0.164838 0.451432 -0.002139 
-0.325925 -0.511297 -4.100063 0.165138 0.450986 -0.003046 
-0.327751 -0.492771 -3.852909 0.165415 0.450683 -0.004651 
-0.327368 -0.491220 -3.811021 0.165102 0.450291 -0.004927 
-0.324675 -0.489793 -3.943624 0.164318 0.449814 -0.004057 
-0.322217 -0.498076 -4.137438 0.163628 0.449629 -0.003141 
-0.320169 -0.506629 -4.311305 0.163097 0.449540 -0.002212 
-0.324989 -0.511358 -4.577334 0.162592 0.449515 -0.000932 
-0.332064 -0.517351 -4.616664 0.162548 0.449949 -0.001400 
-0.333005 -0.510595 -4.481082 0.162747 0.450415 -0.003006 
-0.336205 -0.519237 -4.285182 0.163317 0.450595 -0.004676 
-0.330483 -0.506758 -4.090323 0.163719 0.450723 -0.005799 
-0.333385 -0.497594 -3.845071 0.164412 0.450713 -0.006990 
-0.334666 -0.496888 -3.807090 0.164896 0.450623 -0.006320 
-0.333006 -0.495839 -3.934041 0.164752 0.450347 -0.004171 
-0.323842 -0.499944 -4.142489 0.164579 0.450218 -0.001881 
-0.321973 -0.499709 -4.338309 0.164271 0.450043 -0.000433 
-0.319507 -0.508385 -4.574545 0.163742 0.449962 0.001086 
-0.325801 -0.522069 -4.623640 0.163323 0.450196 0.000721 
-0.333001 -0.510365 -4.516165 0.163073 0.450423 -0.001432 
-0.334488 -0.509801 -4.316142 0.162904 0.450305 -0.004153 
-0.328809 -0.506306 -4.128837 0.163082 0.450524 -0.006141 
-0.338355 -0.493224 -3.880812 0.163477 0.450559 -0.008182 
-0.332259 -0.489750 -3.821305 0.163984 0.450798 -0.008033 
-0.332541 -0.497710 -3.939464 0.164417 0.450722 -0.005784 
-0.331705 -0.497853 -4.129632 0.164748 0.450748 -0.003056 
-0.322736 -0.502161 -4.318971 0.164734 0.450715 -0.000432 
-0.314243 -0.515486 -4.579615 0.164820 0.450787 0.002233 
-0.321167 -0.519630 -4.629571 0.164629 0.450744 0.002085 
-0.329300 -0.515045 -4.492204 0.164488 0.450684 0.000063 
-0.336765 -0.511248 -4.311338 0.164018 0.450802 -0.002885 
-0.344465 -0.506630 -4.110220 0.163552 0.450728 -0.005812 
-0.345697 -0.497245 -3.868399 0.163283 0.450510 -0.008920 
-0.345706 -0.496852 -3.825977 0.163122 0.450407 -0.009523 
-0.337976 -0.492323 -3.942038 0.163326 0.450279 -0.007906 
-0.336488 -0.492887 -4.142061 0.163495 0.450397 -0.005186 
-0.321092 -0.501181 -4.333334 0.163778 0.450319 -0.002033 
-0.319643 -0.510499 -4.575994 0.164048 0.450537 0.001395 
-0.320923 -0.510314 -4.610781 0.164694 0.450554 0.002642 
-0.322660 -0.518341 -4.487639 0.164951 0.450545 0.001882 
-0.330781 -0.513499 -4.289579 0.164809 0.450477 -0.000088 
-0.339286 -0.500431 -4.089627 0.164724 0.450413 -0.002804 
-0.333669 -0.495256 -3.846681 0.164429 0.450143 -0.006341 
-0.341242 -0.499080 -3.821354 0.164074 0.449996 -0.008029 
-0.333105 -0.494510 -3.922280 0.163795 0.449763 -0.007999 
-0.331634 -0.495562 -4.147912 0.163640 0.449881 -0.006905 
-0.322468 -0.509546 -4.334711 0.163396 0.450127 -0.005139 
-0.320777 -0.510300 -4.596265 0.163567 0.450253 -0.002150 
-0.328036 -0.516138 -4.621222 0.164005 0.450786 -0.000685 
-0.321559 -0.520368 -4.490841 0.164294 0.450913 -0.000367 
-0.323384 -0.511619 -4.287467 0.164826 0.450997 -0.000950 
-0.317709 -0.507501 -4.092824 0.165169 0.451122 -0.001968 
-0.318731 -0.497425 -3.844503 0.165065 0.450809 -0.003784 
-0.326045 -0.492197 -3.812461 0.164936 0.450570 -0.004286 
-0.316894 -0.496139 -3.943404 0.164277 0.450330 -0.004173 
-0.314805 -0.496460 -4.147402 0.163805 0.450248 -0.003374 
-0.320013 -0.501697 -4.309784 0.163291 0.450401 -0.002972 
-0.318333 -0.502810 -4.566601 0.163137 0.450522 -0.001582 
-0.325245 -0.517226 -4.637330 0.163035 0.450956 -0.001652 
-0.319582 -0.513365 -4.503378 0.163379 0.451089 -0.002722 
-0.321887 -0.513111 -4.298542 0.163851 0.451171 -0.003842 
-0.331697 -0.508356 -4.115322 0.164512 0.451217 -0.004552 
-0.327118 -0.502935 -3.859386 0.165022 0.451054 -0.005838 
-0.335263 -0.497754 -3.810455 0.165373 0.450917 -0.005369 
-0.319401 -0.497389 -3.925686 0.165230 0.450729 -0.003855 
-0.317316 -0.497087 -4.122345 0.164923 0.450554 -0.002086 
-0.322991 -0.501205 -4.316989 0.164580 0.450429 -0.001068 
-0.313002 -0.505392 -4.572671 0.163927 0.450202 0.000226 
-0.319490 -0.510024 -4.631644 0.163572 0.450252 -0.000250 
-0.326320 -0.506282 -4.513987 0.163105 0.450376 -0.002287 
-0.319808 -0.501989 -4.305886 0.162967 0.450395 -0.004250 
-0.335893 -0.501276 -4.109709 0.163113 0.450383 -0.005692 
-0.330831 -0.487983 -3.862574 0.163517 0.450316 -0.007412 
-0.332764 -0.486855 -3.814739 0.164165 0.450135 -0.006735 
-0.325041 -0.491710 -3.932158 0.164464 0.450291 -0.004699 
-0.324661 -0.491230 -4.131580 0.164800 0.450130 -0.002299 
-0.317455 -0.504078 -4.319161 0.165045 0.450104 -0.000538 
-0.316481 -0.522515 -4.567697 0.165090 0.450414 0.001382 
-0.323572 -0.518366 -4.616599 0.164957 0.450375 0.000809 
-0.330619 -0.514691 -4.498103 0.164489 0.450500 -0.001548 
-0.331865 -0.514818 -4.287987 0.164315 0.450570 -0.004262 
-0.332175 -0.497818 -4.099066 0.164103 0.450548 -0.006557 
-0.340089 -0.492516 -3.859424 0.163801 0.450377 -0.008809 
-0.339713 -0.500349 -3.818895 0.163583 0.450269 -0.008666 
-0.338181 -0.492031 -3.945936 0.163650 0.450284 -0.006628 
-0.329413 -0.496671 -4.146512 0.163795 0.450350 -0.003695 
-0.321426 -0.493619 -4.337322 0.164313 0.450615 -0.000865 
-0.319805 -0.511854 -4.588374 0.164361 0.450923 0.002018 
-0.327904 -0.508841 -4.620693 0.164861 0.451274 0.002409 
-0.330073 -0.517003 -4.495873 0.165117 0.451266 0.001008 
-0.331297 -0.508010 -4.296474 0.165007 0.451150 -0.001496 
-0.332737 -0.499085 -4.096236 0.164897 0.451035 -0.004321 
-0.334017 -0.498060 -3.854630 0.164569 0.450813 -0.007323 
-0.333367 -0.488704 -3.820705 0.164151 0.450519 -0.008353 
-0.339245 -0.492633 -3.953817 0.163806 0.450386 -0.007603 
-0.322581 -0.501368 -4.170996 0.163445 0.450299 -0.005749 
-0.321108 -0.501668 -4.358943 0.163454 0.450318 -0.003659 
-0.318969 -0.502653 -4.568821 0.163460 0.450529 -0.000946 
-0.318759 -0.512492 -4.643786 0.163716 0.450919 0.000372 
-0.320644 -0.512361 -4.501320 0.164190 0.451008 -0.000158 
-0.336690 -0.512672 -4.306287 0.164490 0.451283 -0.001285 
-0.331424 -0.499568 -4.120683 0.164896 0.451224 -0.002736 
-0.332661 -0.489560 -3.871523 0.164792 0.450911 -0.004873 
-0.332030 -0.479316 -3.818184 0.164380 0.450423 -0.005562 
-0.323596 -0.490310 -3.920073 0.163831 0.449896 -0.004996 
-0.321292 -0.490563 -4.124909 0.163359 0.449813 -0.003876 
-0.318834 -0.498846 -4.318724 0.162670 0.449629 -0.002960 
-0.324266 -0.504177 -4.576042 0.162482 0.449799 -0.001358 
-0.324085 -0.513487 -4.626856 0.162419 0.449992 -0.001299 
-0.333494 -0.518597 -4.502627 0.162853 0.450323 -0.002599 
-0.328862 -0.515216 -4.297595 0.163511 0.450645 -0.003938 
-0.324256 -0.511076 -4.103494 0.164175 0.450778 -0.004962 
-0.332953 -0.497459 -3.846748 0.164413 0.450711 -0.006348 
-0.333336 -0.488481 -3.807171 0.164635 0.450618 -0.006098 
-0.317937 -0.496876 -3.933015 0.164592 0.450527 -0.004493 
-0.323205 -0.500101 -4.140269 0.164256 0.450212 -0.002517 
-0.320920 -0.499467 -4.325691 0.163790 0.449937 -0.001057 
-0.310938 -0.513037 -4.582732 0.163232 0.449995 0.000656 
-0.317010 -0.517271 -4.631307 0.162719 0.449945 0.000192 
-0.324404 -0.505770 -4.504723 0.162627 0.450267 -0.001627 
-0.326967 -0.514568 -4.306602 0.162874 0.450441 -0.003933 
-0.329004 -0.506509 -4.109728 0.163240 0.450619 -0.005807 
-0.331446 -0.498593 -3.862560 0.163763 0.450890 -0.007641 
-0.326032 -0.494067 -3.834476 0.164440 0.450852 -0.007196 
-0.325590 -0.494847 -3.951343 0.164763 0.451060 -0.005373 
-0.317689 -0.499133 -4.141225 0.165069 0.451035 -0.002754 
-0.309353 -0.503907 -4.340123 0.165212 0.451102 -0.000463 
-0.314828 -0.507592 -4.588959 0.165036 0.450891 0.001795 
-0.321094 -0.512028 -4.618425 0.164681 0.450936 0.001666 
-0.321511 -0.512007 -4.490626 0.164353 0.450917 -0.000472 
-0.328995 -0.507322 -4.290346 0.163888 0.450842 -0.003078 
-0.337285 -0.494187 -4.091233 0.163804 0.450777 -0.005474 
-0.338766 -0.493494 -3.860864 0.163634 0.450655 -0.008168 
-0.338975 -0.493433 -3.829679 0.163633 0.450652 -0.008463 
-0.331220 -0.489663 -3.934808 0.163830 0.450712 -0.007162 
-0.330647 -0.498234 -4.124352 0.164102 0.450736 -0.004651 
-0.323163 -0.502919 -4.324632 0.164567 0.450811 -0.002044 
-0.314185 -0.507620 -4.556393 0.164713 0.450880 0.001184 
-0.314666 -0.516014 -4.620359 0.164979 0.450891 0.002194 
-0.323637 -0.511605 -4.496449 0.165319 0.450937 0.001117 
-0.331341 -0.506364 -4.287992 0.165019 0.450769 -0.000841 
-0.340134 -0.500965 -4.098348 0.164881 0.450514 -0.003459 
-0.340562 -0.500030 -3.855360 0.164231 0.450285 -0.006777 
-0.340361 -0.489921 -3.800343 0.163817 0.449799 -0.008108 
-0.331123 -0.486525 -3.932215 0.163371 0.449850 -0.007785 
-0.329719 -0.495050 -4.138648 0.163162 0.449772 -0.006245 
-0.328685 -0.504869 -4.326277 0.163264 0.450077 -0.004377 
-0.327405 -0.505894 -4.567883 0.163593 0.450299 -0.001374 
-0.327605 -0.516003 -4.622900 0.164006 0.450785 -0.000043 
-0.329275 -0.515804 -4.481272 0.164482 0.450873 -0.000252 
-0.331557 -0.506431 -4.287153 0.165018 0.450770 -0.001162 
-0.325922 -0.501290 -4.091365 0.165208 0.450607 -0.002495 
-0.327206 -0.499642 -3.842421 0.165045 0.450292 -0.004527 
-0.327254 -0.498225 -3.798856 0.164731 0.449902 -0.005445 
-0.318257 -0.494138 -3.940821 0.164290 0.449764 -0.005128 
-0.322428 -0.498766 -4.143938 0.163462 0.449724 -0.004432 
-0.321167 -0.499757 -4.338385 0.163306 0.449838 -0.003633 
-0.326774 -0.506179 -4.596008 0.163271 0.450296 -0.002037 
-0.319723 -0.519835 -4.627427 0.163341 0.450533 -0.001752 
-0.335043 -0.513486 -4.503870 0.163691 0.451198 -0.002728 
-0.336891 -0.513857 -4.289780 0.164158 0.451467 -0.003520 
-0.331241 -0.508980 -4.106068 0.164507 0.451404 -0.004224 
-0.326399 -0.495131 -3.850755 0.165076 0.451244 -0.005294 
-0.326613 -0.494446 -3.812232 0.165240 0.451146 -0.004619 
-0.318318 -0.497676 -3.937219 0.165069 0.450820 -0.003220 
-0.323802 -0.500967 -4.143633 0.164732 0.450505 -0.001566 
-0.320646 -0.501310 -4.347087 0.163939 0.450416 -0.000762 
-0.326092 -0.506377 -4.592330 0.163592 0.450487 0.000211 
-0.325853 -0.507821 -4.619921 0.163422 0.450773 -0.000779 
-0.326734 -0.516560 -4.502736 0.163192 0.450851 -0.002824 
-0.335528 -0.520417 -4.284105 0.163148 0.450876 -0.004998 
-0.336698 -0.512712 -4.097925 0.163352 0.451146 -0.006557 
-0.339184 -0.503149 -3.842274 0.163886 0.451035 -0.007736 
-0.332721 -0.497758 -3.794234 0.164247 0.450796 -0.006945 
-0.332545 -0.497087 -3.932125 0.164582 0.450628 -0.004814 
-0.324227 -0.500974 -4.111609 0.164730 0.450503 -0.002182 
-0.315978 -0.513085 -4.309579 0.164661 0.450280 -0.000101 
-0.313450 -0.513664 -4.557675 0.164350 0.450300 0.001943 
-0.319937 -0.518297 -4.616648 0.163995 0.450350 0.001467 
-0.327875 -0.513509 -4.498390 0.163696 0.450195 -0.000889 
-0.336643 -0.508870 -4.297814 0.163552 0.450129 -0.003822 
-0.337216 -0.500298 -4.108270 0.163280 0.450105 -0.006333 
-0.346173 -0.495733 -3.858239 0.163293 0.450130 -0.008906 
-0.338638 -0.490987 -3.816994 0.163168 0.449977 -0.009080 
-0.338067 -0.499037 -3.933770 0.163279 0.449894 -0.007147 
-0.330127 -0.504346 -4.124796 0.163739 0.450156 -0.004213 
-0.322010 -0.508565 -4.315517 0.164046 0.450130 -0.001272 
-0.320777 -0.517950 -4.557338 0.164316 0.450349 0.001835 
-0.321186 -0.518742 -4.610157 0.164634 0.450552 0.002426 
-0.329480 -0.515513 -4.485170 0.164806 0.450878 0.001027 
-0.338032 -0.510806 -4.285433 0.164662 0.450812 -0.001586 
-0.338868 -0.510663 -4.095265 0.164330 0.450785 -0.004313 
-0.340101 -0.501277 -3.853444 0.164061 0.450567 -0.007420 
-0.339210 -0.492613 -3.809426 0.163638 0.450460 -0.008444 
-0.330824 -0.489128 -3.942680 0.163513 0.450517 -0.007804 
-0.336316 -0.501804 -4.150453 0.163272 0.450487 -0.005731 
-0.327322 -0.506870 -4.328860 0.163251 0.450642 -0.003421 
-0.326243 -0.508227 -4.581703 0.163738 0.450964 -0.000110 
-0.319613 -0.521658 -4.616181 0.164132 0.451206 0.001133 
-0.328281 -0.509844 -4.494038 0.164685 0.451542 0.000587 
-0.330801 -0.509658 -4.288363 0.165156 0.451625 -0.000854 
-0.325382 -0.504584 -4.091737 0.165345 0.451463 -0.002508 
-0.327050 -0.494710 -3.840900 0.165239 0.451152 -0.005287 
-0.334619 -0.488527 -3.806875 0.164955 0.450626 -0.006424 
-0.325885 -0.492868 -3.948217 0.164455 0.450487 -0.006324 
-0.330948 -0.496383 -4.151572 0.163795 0.450166 -0.005627 
-0.336166 -0.501126 -4.336961 0.163447 0.450229 -0.004281 
-0.319293 -0.509923 -4.585324 0.163088 0.450144 -0.002132 
-0.334328 -0.510038 -4.617839 0.163401 0.450256 -0.001522 
-0.335609 -0.518689 -4.485443 0.163654 0.450434 -0.001954 
-0.338349 -0.517947 -4.271590 0.164289 0.450423 -0.002746 
-0.332465 -0.513890 -4.108132 0.164634 0.450552 -0.003470 
-0.335353 -0.495213 -3.831175 0.165231 0.450253 -0.005054 
-0.328019 -0.490799 -3.801166 0.165265 0.450199 -0.004920 
-0.326804 -0.489621 -3.914364 0.164959 0.449826 -0.004042 
-0.325151 -0.489453 -4.109345 0.164650 0.449652 -0.002915 
-0.323132 -0.507255 -4.302840 0.164054 0.449753 -0.002222 
-0.320888 -0.516126 -4.568584 0.163525 0.449675 -0.001050 
-0.320875 -0.517143 -4.618344 0.163520 0.449872 -0.001416 
-0.320989 -0.509717 -4.492313 0.163404 0.450142 -0.003022 
-0.329246 -0.506989 -4.295702 0.163568 0.450649 -0.004684 
-0.330852 -0.498796 -4.100506 0.163936 0.450827 -0.005916 
-0.333801 -0.497993 -3.855469 0.164570 0.450813 -0.007002 
-0.320209 -0.498527 -3.797354 0.165053 0.450998 -0.006320 
-0.318677 -0.490209 -3.924394 0.165120 0.451013 -0.004281 
-0.310341 -0.494983 -4.123292 0.165263 0.451080 -0.001990 
-0.308480 -0.504132 -4.320471 0.165050 0.451190 -0.000123 
-0.305904 -0.496350 -4.568353 0.164798 0.451213 0.001816 
-0.312439 -0.509343 -4.627540 0.164384 0.451259 0.001445 
-0.320184 -0.513608 -4.499404 0.164021 0.451289 -0.000801 
-0.328688 -0.500541 -4.299452 0.163936 0.451225 -0.003517 
-0.329985 -0.499150 -4.111200 0.163774 0.450918 -0.005602 
-0.331351 -0.481871 -3.862130 0.163881 0.450896 -0.007850 
-0.324931 -0.485464 -3.821643 0.164018 0.450749 -0.007925 
-0.324993 -0.493980 -3.947979 0.164287 0.450766 -0.006325 
-0.317092 -0.498266 -4.137861 0.164593 0.450741 -0.003705 
-0.316472 -0.498477 -4.327190 0.164924 0.450768 -0.001299 
-0.315695 -0.507238 -4.578265 0.165198 0.450800 0.001481 
-0.315486 -0.507299 -4.609450 0.165200 0.450803 0.001776 
-0.323450 -0.511008 -4.473137 0.165001 0.450739 0.000179 
-0.332028 -0.505543 -4.284332 0.164863 0.450484 -0.002118 
-0.339537 -0.500099 -4.094983 0.164405 0.450221 -0.004410 
-0.346814 -0.494953 -3.853121 0.163780 0.450042 -0.007299 
-0.339534 -0.489251 -3.809893 0.163501 0.449603 -0.008109 
-0.330516 -0.485300 -3.933588 0.163219 0.449560 -0.007136 
-0.329460 -0.485999 -4.131934 0.163387 0.449680 -0.005058 
-0.328298 -0.503088 -4.319472 0.163277 0.449694 -0.003079 
-0.327200 -0.505332 -4.591729 0.163759 0.450208 -0.000109 
-0.320497 -0.511161 -4.615060 0.164205 0.450642 0.000714 
-0.329428 -0.507775 -4.492294 0.164699 0.450975 -0.000048 
-0.339229 -0.503514 -4.286066 0.165195 0.451111 -0.001702 
-0.326140 -0.511365 -4.099224 0.165137 0.450986 -0.003367 
-0.327546 -0.493062 -3.849011 0.165091 0.450678 -0.005929 
-0.334008 -0.487924 -3.815587 0.164639 0.450431 -0.006746 
-0.324641 -0.491799 -3.947369 0.163981 0.450191 -0.006312 
-0.330100 -0.495849 -4.142851 0.163639 0.450065 -0.004972 
-0.327972 -0.497194 -4.347993 0.163320 0.450271 -0.003859 
-0.326365 -0.515164 -4.586969 0.163207 0.450480 -0.001605 
-0.326748 -0.516715 -4.628857 0.163520 0.450871 -0.001329 
-0.328111 -0.509735 -4.496335 0.164043 0.451343 -0.001977 
-0.330222 -0.518534 -4.281621 0.164450 0.451610 -0.002986 
-0.332504 -0.509161 -4.087502 0.164987 0.451507 -0.003895 
-0.334531 -0.490966 -3.851584 0.165423 0.451303 -0.005192 
-0.319741 -0.489536 -3.821824 0.165279 0.450910 -0.004838 
-0.317659 -0.488712 -3.945715 0.164811 0.450628 -0.003647 
-0.316294 -0.496214 -4.151004 0.164449 0.450262 -0.002421 
-0.313884 -0.512858 -4.345034 0.163701 0.450075 -0.001401 
-0.319114 -0.517857 -4.591115 0.163354 0.450145 -0.000107 
-0.318612 -0.510872 -4.619330 0.163244 0.450434 -0.000881 
-0.318990 -0.511875 -4.492675 0.163069 0.450701 -0.002703 
-0.327991 -0.516192 -4.315627 0.163184 0.450830 -0.004594 
-0.337529 -0.503503 -4.110023 0.163739 0.450968 -0.006031 
-0.340646 -0.494406 -3.863932 0.164430 0.450958 -0.007543 
-0.326227 -0.494270 -3.815367 0.164598 0.450947 -0.006862 
-0.326285 -0.492779 -3.933006 0.164937 0.450587 -0.004711 
-0.324885 -0.500681 -4.132100 0.164894 0.450415 -0.002201 
-0.322344 -0.501003 -4.319505 0.164582 0.450427 -0.000105 
-0.320319 -0.509319 -4.577071 0.164217 0.450256 0.001717 
-0.319714 -0.508845 -4.616128 0.163901 0.450065 0.001369 
-0.326808 -0.513531 -4.497847 0.163375 0.450187 -0.000884 
-0.334877 -0.500952 -4.306911 0.163127 0.450216 -0.003929 
-0.336324 -0.501411 -4.108032 0.163111 0.450384 -0.006334 
-0.338000 -0.500921 -3.858553 0.163100 0.450357 -0.008694 
-0.337947 -0.492431 -3.827992 0.163158 0.450356 -0.008773 
-0.345268 -0.497008 -3.935505 0.163610 0.450521 -0.006730 
-0.329436 -0.505791 -4.135795 0.163730 0.450535 -0.003905 
-0.335927 -0.510219 -4.325625 0.164027 0.450611 -0.001286 
-0.327823 -0.514695 -4.577038 0.164335 0.450593 0.001602 
-0.320381 -0.527192 -4.608990 0.164254 0.450541 0.002214 
-0.321387 -0.518654 -4.483197 0.164306 0.450531 0.000609 
-0.329939 -0.513947 -4.283461 0.164162 0.450465 -0.002003 
-0.338282 -0.509302 -4.114908 0.164020 0.450401 -0.004320 
-0.340093 -0.491893 -3.852086 0.163966 0.450282 -0.007839 
-0.339666 -0.491988 -3.818680 0.163642 0.450272 -0.008771 
-0.324435 -0.492090 -3.943471 0.163657 0.450185 -0.007591 
-0.328772 -0.497451 -4.151630 0.163307 0.450437 -0.005302 
-0.327911 -0.498353 -4.330866 0.163632 0.450652 -0.002889 
-0.319164 -0.512634 -4.593492 0.163873 0.451011 0.000411 
-0.320202 -0.513141 -4.618187 0.164513 0.451216 0.001665 
-0.321436 -0.513431 -4.485575 0.164825 0.451397 0.001128 
-0.323492 -0.504485 -4.269287 0.165196 0.451383 -0.000405 
-0.317878 -0.499207 -4.091770 0.165227 0.451126 -0.002394 
-0.326223 -0.494040 -3.850450 0.164924 0.450956 -0.005288 
-0.326252 -0.493511 -3.826299 0.164604 0.450759 -0.006547 
-0.324817 -0.492890 -3.947674 0.164134 0.450478 -0.006318 
-0.323145 -0.493610 -4.162069 0.163820 0.450497 -0.005532 
-0.321978 -0.511322 -4.356947 0.163545 0.450605 -0.004523 
-0.313447 -0.515893 -4.574954 0.163530 0.450578 -0.002567 
-0.320967 -0.520903 -4.628275 0.163815 0.450829 -0.001763 
-0.322402 -0.521525 -4.506900 0.164285 0.451109 -0.001992 
-0.331556 -0.517062 -4.303189 0.164783 0.451242 -0.002683 
-0.326557 -0.511764 -4.109622 0.165295 0.451086 -0.003379 
-0.328431 -0.501598 -3.862683 0.165513 0.450780 -0.004880 
-0.328195 -0.491889 -3.801471 0.165418 0.450487 -0.004926 
-0.319001 -0.486847 -3.924861 0.164984 0.450157 -0.003947 
-0.309680 -0.499604 -4.129626 0.164428 0.450020 -0.002831 
-0.314502 -0.503811 -4.322888 0.163763 0.449887 -0.002128 
-0.318617 -0.500472 -4.568211 0.163154 0.449953 -0.000933 
-0.333260 -0.510059 -4.617296 0.163080 0.450248 -0.001517 
-0.334490 -0.510973 -4.492023 0.163227 0.450523 -0.003024 
-0.329246 -0.506989 -4.295702 0.163568 0.450649 -0.004684 
-0.330899 -0.507157 -4.100721 0.163877 0.450823 -0.005811 
-0.326320 -0.501736 -3.844784 0.164387 0.450661 -0.007098 
-0.327339 -0.492602 -3.807428 0.164931 0.450574 -0.006212 
-0.320091 -0.495945 -3.914687 0.165240 0.450350 -0.004163 
-0.310928 -0.500050 -4.123136 0.165067 0.450222 -0.001872 
-0.316347 -0.505124 -4.319762 0.164878 0.450383 -0.000218 
-0.313987 -0.497409 -4.566804 0.164625 0.450407 0.001401 
-0.320274 -0.501710 -4.614540 0.164111 0.450357 0.000616 
-0.320504 -0.510870 -4.507210 0.163719 0.450527 -0.001436 
-0.328351 -0.498095 -4.286767 0.163471 0.450551 -0.004134 
-0.329784 -0.498818 -4.099963 0.163615 0.450818 -0.005910 
-0.331245 -0.498261 -3.851323 0.163604 0.450791 -0.007949 
-0.330712 -0.481276 -3.822225 0.163723 0.450791 -0.007490 
-0.330102 -0.490349 -3.940145 0.163988 0.450996 -0.005242 
-0.321986 -0.494567 -4.130866 0.164295 0.450970 -0.002302 
-0.320977 -0.503627 -4.329427 0.164403 0.451086 -0.000119 
-0.320369 -0.504095 -4.579448 0.164736 0.451122 0.002235 
-0.319987 -0.513073 -4.619025 0.164514 0.451215 0.001986 
-0.328771 -0.508068 -4.471803 0.164536 0.451063 -0.000029 
-0.337539 -0.503428 -4.271227 0.164391 0.450997 -0.002962 
-0.338199 -0.502194 -4.080754 0.163907 0.450683 -0.005683 
-0.346496 -0.488666 -3.839219 0.163662 0.450516 -0.008682 
-0.346119 -0.487244 -3.827678 0.163351 0.450129 -0.008985 
-0.330304 -0.495240 -3.943124 0.163150 0.449938 -0.007366 
-0.329482 -0.495119 -4.121217 0.163322 0.449865 -0.005268 
-0.328042 -0.504044 -4.321455 0.163432 0.449981 -0.002444 
-0.319722 -0.508452 -4.573706 0.163741 0.449962 0.000766 
-0.320790 -0.518207 -4.618030 0.164317 0.450357 0.001783 
-0.329545 -0.513731 -4.494959 0.164658 0.450402 0.001027 
-0.324100 -0.509416 -4.287401 0.164841 0.450430 -0.000942 
-0.332853 -0.505040 -4.098900 0.164856 0.450462 -0.003246 
-0.334133 -0.504016 -3.857294 0.164528 0.450240 -0.006249 
-0.340394 -0.498546 -3.812634 0.163918 0.449895 -0.007374 
-0.339135 -0.499015 -3.934313 0.163600 0.449902 -0.007152 
-0.329550 -0.503344 -4.139702 0.163104 0.449768 -0.005819 
-0.327664 -0.513252 -4.325949 0.162884 0.450066 -0.004267 
-0.318884 -0.518908 -4.576285 0.163024 0.450329 -0.001701 
-0.326163 -0.524610 -4.619513 0.163303 0.450768 -0.000891 
-0.335947 -0.521134 -4.498128 0.164119 0.451108 -0.001338 
-0.330031 -0.517708 -4.293392 0.164457 0.451421 -0.002350 
-0.331421 -0.509447 -4.099034 0.164825 0.451598 -0.003261 
-0.334579 -0.499327 -3.851799 0.165364 0.451300 -0.005087 
-0.334372 -0.498867 -3.810217 0.165204 0.451197 -0.005370 
-0.332746 -0.497419 -3.943362 0.164741 0.450727 -0.004505 
-0.323812 -0.501326 -4.138896 0.164408 0.450501 -0.003166 
-0.321355 -0.509609 -4.332710 0.163718 0.450316 -0.002250 
-0.325718 -0.514962 -4.589486 0.163210 0.450478 -0.000642 
-0.325753 -0.524339 -4.639461 0.163146 0.450672 -0.000904 
-0.320306 -0.520546 -4.504670 0.163490 0.450806 -0.002296 
-0.328099 -0.509058 -4.297447 0.163554 0.451216 -0.004050 
-0.337321 -0.512820 -4.112221 0.163834 0.451251 -0.005291 
-0.332716 -0.508158 -3.845353 0.164337 0.451277 -0.006893 
-0.333951 -0.499091 -3.807157 0.164881 0.451191 -0.006327 
-0.325440 -0.502253 -3.932983 0.164710 0.450864 -0.004607 
-0.316517 -0.505666 -4.151524 0.164543 0.450547 -0.002323 
-0.321297 -0.500889 -4.337232 0.164102 0.450324 -0.000755 
-0.318615 -0.509497 -4.574307 0.163574 0.450241 0.001086 
-0.318272 -0.517452 -4.612741 0.163198 0.450048 0.000521 
-0.326405 -0.512867 -4.475373 0.163057 0.449988 -0.001501 
-0.335159 -0.508492 -4.286873 0.163073 0.450020 -0.003805 
-0.343872 -0.505141 -4.099517 0.163241 0.450340 -0.005794 
-0.339065 -0.490892 -3.850399 0.163492 0.449987 -0.008149 
-0.339623 -0.483004 -3.811127 0.163866 0.450181 -0.007905 
-0.332404 -0.495596 -3.938015 0.164110 0.450147 -0.006092 
-0.324503 -0.499882 -4.127897 0.164417 0.450122 -0.003473 
-0.323232 -0.500514 -4.327082 0.164585 0.450241 -0.001074 
-0.322014 -0.509635 -4.556827 0.164695 0.450361 0.001404 
-0.321569 -0.510516 -4.608265 0.164692 0.450556 0.001679 
-0.322422 -0.510007 -4.471450 0.164526 0.450444 -0.000130 
-0.330323 -0.505721 -4.281568 0.164220 0.450469 -0.002749 
-0.337854 -0.509397 -4.081503 0.163696 0.450391 -0.005252 
-0.339241 -0.491982 -3.850704 0.163644 0.450275 -0.008155 
-0.339666 -0.491988 -3.818680 0.163642 0.450272 -0.008771 
-0.330849 -0.488369 -3.953612 0.163519 0.450329 -0.007490 
-0.329577 -0.489000 -4.152796 0.163687 0.450448 -0.005090 
-0.320785 -0.494399 -4.342440 0.163826 0.450702 -0.002472 
-0.312688 -0.508259 -4.595212 0.164229 0.450969 0.000835 
-0.327267 -0.508998 -4.618473 0.164538 0.451267 0.001773 
-0.322328 -0.512318 -4.485813 0.164993 0.451117 0.001129 
-0.323949 -0.503860 -4.278541 0.165201 0.451196 -0.000732 
-0.325198 -0.494109 -4.090074 0.165098 0.450891 -0.002921 
-0.326478 -0.493084 -3.848468 0.164769 0.450669 -0.005924 
-0.326532 -0.491796 -3.835248 0.164456 0.450284 -0.006868 
-0.325273 -0.492265 -3.956928 0.164139 0.450291 -0.006646 
-0.323642 -0.501218 -4.141193 0.163765 0.450303 -0.005729 
-0.321740 -0.502135 -4.368502 0.163611 0.450419 -0.003992 
-0.320450 -0.503654 -4.587101 0.163774 0.450731 -0.001934 
-0.328017 -0.517025 -4.640637 0.163999 0.450979 -0.001026 
-0.321730 -0.522082 -4.498485 0.164281 0.451295 -0.001344 
-0.323819 -0.521761 -4.294487 0.164754 0.451377 -0.002142 
-0.325187 -0.504381 -4.110847 0.165187 0.451368 -0.002843 
-0.327276 -0.494283 -3.863069 0.165404 0.451063 -0.004664 
-0.326476 -0.492332 -3.810783 0.164934 0.450571 -0.004928 
-0.325893 -0.491621 -3.933540 0.164785 0.450298 -0.004384 
-0.316348 -0.494926 -4.137785 0.164136 0.449877 -0.003366 
-0.328675 -0.504510 -4.331014 0.163589 0.450081 -0.002777 
-0.319753 -0.508675 -4.587240 0.163257 0.449863 -0.001489 
-0.326875 -0.523029 -4.626784 0.163154 0.450294 -0.001854 
-0.335645 -0.518288 -4.491638 0.163335 0.450241 -0.003239 
-0.337513 -0.518523 -4.295818 0.163643 0.450416 -0.004687 
-0.339971 -0.510241 -4.102003 0.164333 0.450600 -0.005603 
-0.327413 -0.500956 -3.856259 0.164714 0.450481 -0.006789 
-0.335343 -0.495708 -3.808167 0.165066 0.450343 -0.005998 
-0.327444 -0.499472 -3.925282 0.165211 0.450211 -0.003956 
-0.317669 -0.502974 -4.142441 0.164722 0.449887 -0.001988 
-0.322887 -0.507716 -4.327830 0.164374 0.449949 -0.000642 
-0.320139 -0.508851 -4.584104 0.163899 0.450062 0.000753 
-0.326602 -0.514242 -4.632145 0.163538 0.450301 -0.000038 
-0.326778 -0.514913 -4.494254 0.163204 0.450469 -0.002169 
-0.328178 -0.507011 -4.295159 0.163247 0.450641 -0.004679 
-0.329195 -0.507336 -4.097957 0.163234 0.450809 -0.006442 
-0.331614 -0.490299 -3.861506 0.163821 0.450894 -0.008066 
-0.331828 -0.489615 -3.822983 0.163985 0.450796 -0.007391 
-0.324782 -0.493290 -3.941479 0.164453 0.450672 -0.005034 
-0.316431 -0.498328 -4.152453 0.164755 0.450838 -0.002113 
-0.314742 -0.498561 -4.341239 0.164765 0.450857 0.000299 
-0.306049 -0.511554 -4.590646 0.164693 0.450829 0.002655 
-0.320422 -0.512585 -4.610009 0.164678 0.451123 0.002314 
-0.328120 -0.508489 -4.481658 0.164373 0.451155 -0.000036 
-0.329406 -0.507593 -4.270398 0.164045 0.450938 -0.003065 
-0.337522 -0.503374 -4.079677 0.163738 0.450964 -0.006005 
-0.338540 -0.493921 -3.838695 0.163469 0.450744 -0.008791 
-0.338338 -0.493590 -3.827458 0.163310 0.450645 -0.009100 
-0.330455 -0.497089 -3.932497 0.163296 0.450414 -0.007687 
-0.328791 -0.496563 -4.132215 0.163312 0.450245 -0.004961 
-0.327762 -0.505759 -4.312506 0.163580 0.450456 -0.002123 
-0.319442 -0.510167 -4.564757 0.163889 0.450437 0.001086 
-0.327398 -0.514689 -4.609062 0.164338 0.450596 0.002218 
-0.328887 -0.514023 -4.474468 0.164495 0.450490 0.001045 
-0.337184 -0.510272 -4.276713 0.164505 0.450710 -0.000931 
-0.338649 -0.500588 -4.087407 0.164402 0.450406 -0.003441 
-0.347210 -0.495488 -3.845248 0.164098 0.450237 -0.006657 
-0.339078 -0.489875 -3.800639 0.163496 0.449790 -0.007782 
-0.344707 -0.485111 -3.922300 0.163051 0.449562 -0.007445 
-0.342652 -0.494057 -4.138588 0.162680 0.449576 -0.005912 
-0.327225 -0.503733 -4.326268 0.162791 0.449780 -0.004044 
-0.325381 -0.512516 -4.576800 0.162744 0.449804 -0.001259 
-0.333513 -0.518129 -4.621410 0.163345 0.450250 -0.000134 
-0.328487 -0.514111 -4.489679 0.164013 0.450390 -0.000568 
-0.338295 -0.519234 -4.284810 0.164602 0.450809 -0.001802 
-0.339901 -0.511041 -4.089613 0.164970 0.450986 -0.003033 
-0.334490 -0.505574 -3.850566 0.164999 0.450722 -0.005291 
-0.341563 -0.501038 -3.808430 0.164863 0.450671 -0.005786 
-0.332613 -0.505312 -3.950611 0.164364 0.450530 -0.005365 
-0.330549 -0.504874 -4.165540 0.163898 0.450260 -0.004251 
-0.328656 -0.505398 -4.350428 0.163584 0.450274 -0.003118 
-0.325451 -0.507157 -4.597448 0.163104 0.450575 -0.001396 
-0.325680 -0.516737 -4.628314 0.163199 0.450863 -0.001323 
-0.327130 -0.517095 -4.494863 0.163509 0.451045 -0.002181 
-0.329146 -0.509172 -4.279719 0.164034 0.451318 -0.003399 
-0.324176 -0.513122 -4.105782 0.164482 0.451352 -0.004332 
-0.333942 -0.499484 -3.849579 0.165041 0.451294 -0.005724 
-0.327460 -0.494980 -3.820952 0.165397 0.451248 -0.005274 
-0.326446 -0.494134 -3.945386 0.165250 0.450973 -0.004088 
-0.317761 -0.506735 -4.152372 0.165017 0.450843 -0.002335 
-0.315692 -0.506168 -4.336955 0.164550 0.450569 -0.001195 
-0.314092 -0.514490 -4.562498 0.164183 0.450396 0.000010 
-0.320116 -0.510362 -4.610857 0.163729 0.450349 -0.000558 
-0.328296 -0.514138 -4.473705 0.163529 0.450286 -0.002475 
-0.337049 -0.509763 -4.285205 0.163544 0.450319 -0.004779 
-0.324061 -0.501095 -4.078823 0.163762 0.450296 -0.006319 
-0.333028 -0.496036 -3.851799 0.163941 0.450231 -0.007947 
-0.333846 -0.486569 -3.803206 0.164327 0.450045 -0.007369 
-0.326364 -0.490733 -3.930718 0.164630 0.450013 -0.005340 
-0.324877 -0.491297 -4.130742 0.164799 0.450131 -0.002620 
-0.316340 -0.495739 -4.318403 0.164783 0.450099 -0.000637 
-0.314711 -0.504590 -4.568096 0.164736 0.450123 0.001827 
-0.321394 -0.509425 -4.607960 0.164539 0.450268 0.001685 
-0.321548 -0.500976 -4.480785 0.164270 0.450251 -0.000235 
-0.329496 -0.505051 -4.291118 0.163904 0.450273 -0.002750 
-0.337397 -0.500766 -4.101236 0.163597 0.450298 -0.005370 
-0.346353 -0.496201 -3.851205 0.163611 0.450324 -0.007942 
-0.339450 -0.491921 -3.819519 0.163643 0.450272 -0.008450 
-0.331091 -0.496933 -3.934718 0.163619 0.450421 -0.007051 
-0.330189 -0.489603 -4.144085 0.164004 0.450643 -0.004769 
-0.322310 -0.503008 -4.323250 0.164245 0.450803 -0.002360 
-0.314167 -0.508507 -4.575807 0.164708 0.451073 0.000843 
-0.314205 -0.517261 -4.618443 0.164809 0.451172 0.001551 
-0.322935 -0.513544 -4.484440 0.165144 0.451406 0.000480 
-0.331056 -0.508702 -4.286381 0.165002 0.451338 -0.001490 
-0.331889 -0.498551 -4.087515 0.164741 0.450934 -0.003666 
-0.332906 -0.489098 -3.846533 0.164472 0.450714 -0.006452 
-0.332303 -0.488103 -3.812823 0.163995 0.450416 -0.007378 
-0.330806 -0.479385 -3.946058 0.163743 0.450238 -0.006624 
-0.328333 -0.487932 -4.151948 0.163214 0.450152 -0.005079 
-0.326473 -0.497081 -4.349127 0.163000 0.450261 -0.003212 
-0.325671 -0.506601 -4.589271 0.163268 0.450481 -0.000747 
-0.319209 -0.511739 -4.622695 0.163720 0.450728 0.000071 
-0.328839 -0.516293 -4.490288 0.164318 0.450966 -0.000580 
-0.338424 -0.511964 -4.284900 0.164814 0.451100 -0.001913 
-0.332741 -0.498462 -4.088897 0.165063 0.450941 -0.003351 
-0.334677 -0.496393 -3.830098 0.165062 0.450533 -0.005376 
-0.335167 -0.494617 -3.807862 0.164913 0.450055 -0.005992 
-0.326652 -0.498402 -3.941026 0.164577 0.449822 -0.005242 
-0.324348 -0.498655 -4.145863 0.164105 0.449739 -0.004122 
-0.336652 -0.499119 -4.349809 0.163623 0.449759 -0.003324 
-0.327081 -0.512961 -4.586902 0.163223 0.449912 -0.001598 
-0.326612 -0.514601 -4.627408 0.163213 0.450296 -0.001637 
-0.335101 -0.511575 -4.483312 0.163543 0.450718 -0.002702 
-0.336466 -0.504073 -4.278023 0.163905 0.451083 -0.003927 
-0.337904 -0.504174 -4.083880 0.164215 0.451257 -0.004733 
-0.339738 -0.495032 -3.838085 0.164586 0.451238 -0.005919 
-0.333080 -0.489437 -3.809154 0.164789 0.450904 -0.005463 
-0.324282 -0.484930 -3.924671 0.164672 0.450768 -0.003841 
-0.329990 -0.497673 -4.131605 0.164430 0.450738 -0.002088 
-0.327920 -0.497106 -4.316189 0.163963 0.450464 -0.000949 
-0.318805 -0.510324 -4.562537 0.163567 0.450431 0.000450 
-0.332574 -0.510881 -4.620957 0.163236 0.450533 -0.000239 
-0.333407 -0.511259 -4.503556 0.163065 0.450613 -0.002389 
-0.335769 -0.519725 -4.294198 0.163153 0.450688 -0.005004 
-0.338047 -0.510975 -4.107417 0.163525 0.450679 -0.006883 
-0.340312 -0.501968 -3.859944 0.163895 0.450661 -0.008711 
-0.341547 -0.492901 -3.821749 0.164438 0.450575 -0.008146 
-0.334084 -0.496176 -3.929847 0.164748 0.450350 -0.005776 
-0.332381 -0.496673 -4.130709 0.164917 0.450468 -0.002735 
-0.323236 -0.499890 -4.319743 0.164750 0.450147 -0.000104 
-0.320956 -0.509162 -4.579291 0.164540 0.450263 0.002353 
-0.327222 -0.513598 -4.608757 0.164185 0.450308 0.002224 
-0.334704 -0.509435 -4.481244 0.163881 0.450340 0.000195 
-0.335076 -0.500532 -4.280463 0.163450 0.450217 -0.002624 
-0.350305 -0.500531 -4.090244 0.163109 0.450291 -0.005352 
-0.345084 -0.495891 -3.839425 0.163131 0.450216 -0.008245 
-0.344595 -0.487890 -3.817880 0.163025 0.450308 -0.008652 
-0.337304 -0.492879 -3.933622 0.163322 0.450465 -0.007258 
-0.336449 -0.493910 -4.143205 0.163648 0.450684 -0.004872 
-0.328595 -0.506557 -4.333301 0.163896 0.450656 -0.002148 
-0.327100 -0.507514 -4.575746 0.164225 0.450877 0.001176 
-0.327966 -0.516938 -4.608833 0.164642 0.451172 0.001885 
-0.329192 -0.507844 -4.474862 0.164859 0.451069 0.000928 
-0.337528 -0.503069 -4.275964 0.164716 0.451002 -0.001363 
-0.338624 -0.501347 -4.076475 0.164395 0.450595 -0.003756 
-0.339253 -0.500743 -3.844724 0.163904 0.450465 -0.006766 
-0.339019 -0.491786 -3.821197 0.163644 0.450270 -0.007808 
-0.330720 -0.495639 -3.953522 0.163308 0.450038 -0.007379 
-0.329229 -0.496826 -4.160884 0.163311 0.450250 -0.005629 
-0.328173 -0.497525 -4.359229 0.163479 0.450370 -0.003551 
-0.319875 -0.511054 -4.600764 0.163723 0.450537 -0.000552 
-0.319874 -0.520831 -4.644544 0.163978 0.450924 0.000471 
-0.321907 -0.512542 -4.482754 0.164670 0.451111 0.000171 
-0.330866 -0.507876 -4.298152 0.165009 0.451149 -0.000854 
-0.325446 -0.502801 -4.101525 0.165198 0.450987 -0.002508 
-0.319571 -0.488574 -3.851865 0.165127 0.450626 -0.004858 
-0.326947 -0.491444 -3.807962 0.164779 0.450285 -0.005884 
-0.325512 -0.490822 -3.929337 0.164309 0.450005 -0.005656 
-0.323471 -0.499504 -4.133549 0.163777 0.449921 -0.004752 
-0.321793 -0.500095 -4.317598 0.163462 0.449935 -0.003940 
-0.327425 -0.505758 -4.586153 0.163434 0.450204 -0.002029 
-0.319460 -0.511406 -4.628051 0.163401 0.450535 -0.001535 
-0.329090 -0.515960 -4.495644 0.163999 0.450773 -0.002186 
-0.331131 -0.507278 -4.291432 0.164530 0.450858 -0.003089 
-0.325241 -0.503093 -4.097627 0.164874 0.450982 -0.003787 
-0.335054 -0.497815 -3.841639 0.165374 0.450920 -0.005074 
-0.321332 -0.496364 -3.812422 0.165552 0.450535 -0.004726 
-0.319426 -0.496630 -3.936618 0.165236 0.450541 -0.003540 
-0.317557 -0.496395 -4.132438 0.164928 0.450366 -0.002092 
-0.322749 -0.492641 -4.335883 0.164480 0.450337 -0.001506 
-0.320311 -0.510565 -4.591748 0.163887 0.450444 -0.000223 
-0.334336 -0.519422 -4.619198 0.163496 0.450540 -0.001103 
-0.333598 -0.512085 -4.491785 0.163058 0.450803 -0.003025 
-0.335481 -0.512056 -4.283890 0.163207 0.450879 -0.005102 
-0.337327 -0.503171 -4.098786 0.163580 0.450868 -0.006340 
-0.347093 -0.489533 -3.842584 0.164138 0.450810 -0.007731 
-0.333116 -0.489037 -3.815348 0.164471 0.450711 -0.006747 
-0.332987 -0.496727 -3.953455 0.164746 0.450539 -0.004512 
-0.324910 -0.499922 -4.143032 0.164900 0.450226 -0.001886 
-0.323700 -0.508650 -4.330356 0.164850 0.450244 -0.000012 
-0.315416 -0.512658 -4.588802 0.164840 0.450032 0.001913 
-0.322065 -0.508869 -4.616375 0.164543 0.450082 0.001037 
-0.329810 -0.513133 -4.488239 0.164179 0.450111 -0.001209 
-0.331009 -0.504900 -4.277908 0.164064 0.450184 -0.004027 
-0.346914 -0.503720 -4.088765 0.163892 0.449978 -0.006433 
-0.340611 -0.499365 -3.849479 0.163752 0.449994 -0.008691 
-0.340342 -0.490808 -3.819757 0.163811 0.449992 -0.008449 
-0.331793 -0.494994 -3.946726 0.163794 0.449952 -0.006414 
-0.330769 -0.504318 -4.157363 0.164062 0.450167 -0.003602 
-0.322581 -0.500935 -4.336937 0.164422 0.450333 -0.001081 
-0.321980 -0.510787 -4.588317 0.164849 0.450652 0.001693 
-0.321577 -0.519900 -4.609623 0.164786 0.450840 0.002098 
-0.322343 -0.512054 -4.473737 0.164833 0.451018 0.000499 
-0.337766 -0.512257 -4.264409 0.164650 0.451188 -0.001894 
-0.331453 -0.499040 -4.096532 0.164577 0.451026 -0.003994 
-0.332317 -0.497616 -3.844528 0.164091 0.450705 -0.006984 
-0.339195 -0.492877 -3.821502 0.163797 0.450558 -0.007814 
-0.330393 -0.488993 -3.944358 0.163515 0.450516 -0.007162 
-0.321204 -0.493856 -4.141874 0.163336 0.450576 -0.005187 
-0.327106 -0.506803 -4.329699 0.163252 0.450642 -0.003100 
-0.319178 -0.512369 -4.581417 0.163713 0.450912 -0.000218 
-0.319418 -0.521455 -4.635290 0.163974 0.451111 0.000798 
-0.328321 -0.508821 -4.492895 0.164532 0.451255 0.000272 
-0.330793 -0.500274 -4.287005 0.165062 0.451341 -0.001273 
-0.332749 -0.507846 -4.090256 0.165157 0.451225 -0.002931 
-0.334442 -0.497213 -3.850351 0.165058 0.450725 -0.005396 
-0.326511 -0.491932 -3.816978 0.164615 0.450378 -0.006213 
-0.324861 -0.491243 -3.939192 0.164146 0.450097 -0.005663 
-0.322140 -0.491097 -4.133630 0.163516 0.449915 -0.004531 
-0.327211 -0.503997 -4.338343 0.162951 0.449879 -0.003415 
-0.324682 -0.504576 -4.586440 0.162640 0.449899 -0.001371 
-0.324912 -0.514157 -4.617306 0.162735 0.450188 -0.001298 
-0.334494 -0.510350 -4.484685 0.163392 0.450429 -0.002054 
-0.336510 -0.502427 -4.269541 0.163917 0.450702 -0.003272 
-0.331124 -0.505978 -4.085205 0.164207 0.450636 -0.004192 
-0.333825 -0.496482 -3.828716 0.164741 0.450526 -0.005692 
-0.334495 -0.495174 -3.799447 0.164909 0.450241 -0.005344 
-0.326570 -0.490441 -3.934617 0.164954 0.450018 -0.004062 
-0.331666 -0.502582 -4.150262 0.164396 0.449793 -0.002631 
-0.322900 -0.498196 -4.344742 0.164121 0.449570 -0.001717 
-0.320610 -0.507963 -4.581283 0.163744 0.449777 -0.000204 
-0.327483 -0.513624 -4.609376 0.163541 0.450111 -0.000981 
-0.334925 -0.510484 -4.483007 0.163390 0.450430 -0.002696 
-0.336157 -0.510876 -4.284967 0.163376 0.450598 -0.004780 
-0.338026 -0.511111 -4.089147 0.163684 0.450773 -0.006228 
-0.340492 -0.502435 -3.852911 0.164213 0.450855 -0.007747 
-0.332951 -0.507338 -3.825100 0.164342 0.451085 -0.006873 
-0.332486 -0.498998 -3.952683 0.164730 0.451108 -0.004840 
-0.324625 -0.502260 -4.141421 0.164883 0.450796 -0.002535 
-0.322549 -0.511342 -4.339439 0.164670 0.450904 -0.000347 
-0.327348 -0.516207 -4.587198 0.164325 0.450973 0.001589 
-0.327657 -0.523740 -4.615776 0.164113 0.450688 0.001031 
-0.320505 -0.520126 -4.478222 0.163813 0.450807 -0.000991 
-0.328406 -0.515840 -4.288340 0.163506 0.450832 -0.003611 
-0.344264 -0.506299 -4.098983 0.163393 0.450629 -0.006121 
-0.338853 -0.500832 -3.859935 0.163422 0.450365 -0.008379 
-0.339651 -0.492253 -3.830756 0.163802 0.450371 -0.008141 
-0.331706 -0.487656 -3.947655 0.164006 0.450242 -0.006204 
-0.323618 -0.501123 -4.158005 0.164249 0.450406 -0.003500 
-0.322756 -0.502025 -4.337241 0.164575 0.450621 -0.001087 
-0.314236 -0.506102 -4.578256 0.164725 0.450503 0.001814 
-0.314073 -0.514524 -4.609656 0.164668 0.450503 0.002213 
-0.322602 -0.510474 -4.464416 0.164844 0.450638 0.000834 
-0.331155 -0.505768 -4.264679 0.164701 0.450571 -0.001778 
-0.332620 -0.496083 -4.075373 0.164597 0.450267 -0.004288 
-0.340313 -0.491337 -3.843908 0.164131 0.450189 -0.007190 
-0.340127 -0.490741 -3.820596 0.163812 0.449991 -0.008128 
-0.323997 -0.482571 -3.943790 0.163564 0.449900 -0.007368 
-0.322600 -0.500480 -4.151581 0.163450 0.450106 -0.005409 
-0.321350 -0.510232 -4.340049 0.163553 0.450410 -0.003220 
-0.320937 -0.510903 -4.570961 0.164044 0.450541 -0.000531 
-0.320673 -0.512252 -4.615365 0.164358 0.450930 0.000708 
-0.328972 -0.508400 -4.483040 0.164695 0.451163 0.000279 
-0.324405 -0.503236 -4.287795 0.165206 0.451008 -0.001059 
-0.325446 -0.502801 -4.101525 0.165198 0.450987 -0.002508 
-0.334227 -0.497146 -3.851189 0.165058 0.450725 -0.005075 
-0.326900 -0.483083 -3.807747 0.164838 0.450289 -0.005989 
-0.324861 -0.491243 -3.939192 0.164146 0.450097 -0.005663 
-0.322140 -0.491097 -4.133630 0.163516 0.449915 -0.004531 
-0.321167 -0.499757 -4.338385 0.163306 0.449838 -0.003633 
-0.327210 -0.505691 -4.586992 0.163434 0.450203 -0.001708 
-0.334551 -0.519489 -4.618359 0.163495 0.450541 -0.001424 
-0.329090 -0.515960 -4.495644 0.163999 0.450773 -0.002186 
-0.331811 -0.516106 -4.301206 0.164628 0.450955 -0.003318 
-0.326524 -0.503138 -4.097331 0.165194 0.450991 -0.004113 
-0.328446 -0.501334 -3.850607 0.165354 0.450682 -0.005509 
-0.328828 -0.492356 -3.811030 0.165575 0.450588 -0.005259 
-0.327034 -0.499201 -3.945230 0.165054 0.450115 -0.003970 
-0.324701 -0.490206 -4.130437 0.164646 0.449843 -0.002614 
-0.315379 -0.502963 -4.335202 0.164091 0.449706 -0.001497 
-0.319959 -0.508384 -4.591138 0.163581 0.449868 -0.000211 
-0.326569 -0.505617 -4.619855 0.163437 0.450205 -0.000772 
-0.334059 -0.510838 -4.493701 0.163228 0.450522 -0.002382 
-0.343007 -0.506666 -4.286092 0.163402 0.450649 -0.004351 
-0.337547 -0.502615 -4.090609 0.163744 0.450775 -0.005691 
-0.340014 -0.493940 -3.854373 0.164273 0.450857 -0.007210 
-0.333968 -0.488948 -3.816730 0.164792 0.450718 -0.006432 
-0.334055 -0.496705 -3.953998 0.165067 0.450548 -0.004517 
-0.318021 -0.505155 -4.143051 0.165028 0.450463 -0.002000 
-0.316353 -0.505252 -4.350108 0.164879 0.450387 -0.000244 
-0.322020 -0.509763 -4.587173 0.164696 0.450365 0.001378 
-0.328980 -0.522763 -4.614337 0.164280 0.450409 0.000391 
-0.329109 -0.515073 -4.476230 0.164004 0.450581 -0.001845 
-0.337661 -0.510366 -4.276493 0.163860 0.450514 -0.004457 
-0.345299 -0.497652 -4.087235 0.163613 0.450542 -0.006860 
-0.346759 -0.497094 -3.838596 0.163603 0.450514 -0.008899 
-0.339651 -0.492253 -3.830756 0.163802 0.450371 -0.008141 
-0.339282 -0.500635 -3.958769 0.164072 0.450387 -0.005899 
-0.330514 -0.505274 -4.159345 0.164216 0.450453 -0.002966 
-0.328979 -0.497477 -4.359153 0.164444 0.450575 -0.000351 
-0.320850 -0.502712 -4.599634 0.164747 0.450746 0.002223 
-0.321339 -0.510713 -4.621179 0.164852 0.450654 0.002630 
-0.329673 -0.506460 -4.495048 0.164870 0.450694 0.000916 
-0.330744 -0.505497 -4.284627 0.164543 0.450475 -0.001792 
-0.331821 -0.504662 -4.104552 0.164217 0.450261 -0.004525 
-0.340985 -0.490780 -3.852324 0.164134 0.450003 -0.007838 
-0.333446 -0.486658 -3.818417 0.163844 0.449944 -0.008982 
-0.331803 -0.495353 -3.941989 0.163469 0.449947 -0.008014 
-0.323009 -0.491495 -4.160621 0.163514 0.449922 -0.005840 
-0.329106 -0.504645 -4.329336 0.163588 0.450083 -0.003419 
-0.319941 -0.518527 -4.581565 0.163670 0.450341 -0.000106 
-0.327394 -0.515312 -4.616400 0.164172 0.450690 0.001248 
-0.328781 -0.507573 -4.494810 0.164702 0.450973 0.000915 
-0.323820 -0.511130 -4.278451 0.164989 0.450905 -0.000621 
-0.324767 -0.493974 -4.091751 0.165099 0.450890 -0.002279 
-0.340000 -0.483573 -3.850413 0.164668 0.450483 -0.005059 
-0.332332 -0.486721 -3.816416 0.164167 0.450134 -0.006093 
-0.322966 -0.490595 -3.948199 0.163509 0.449893 -0.005659 
-0.327989 -0.495134 -4.152697 0.163003 0.449860 -0.004647 
-0.326512 -0.496057 -4.347983 0.162847 0.449974 -0.003526 
-0.318034 -0.509118 -4.596552 0.162773 0.449947 -0.001491 
-0.333092 -0.518353 -4.618350 0.163022 0.450244 -0.001091 
-0.328041 -0.515094 -4.475687 0.163683 0.450573 -0.001840 
-0.330762 -0.515240 -4.281249 0.164313 0.450755 -0.002972 
-0.333044 -0.505867 -4.087130 0.164850 0.450651 -0.003882 
-0.335832 -0.503709 -3.829712 0.165171 0.450251 -0.005591 
-0.328979 -0.497911 -3.819890 0.165216 0.449822 -0.005470 
-0.334419 -0.492320 -3.953321 0.164777 0.449404 -0.004497 
-0.325726 -0.495536 -4.158948 0.164450 0.448990 -0.003164 
-0.323684 -0.504218 -4.363161 0.163918 0.448905 -0.002260 
-0.321218 -0.512893 -4.599397 0.163389 0.448823 -0.000741 
-0.334739 -0.514014 -4.617378 0.163053 0.449109 -0.001398 
-0.335947 -0.505807 -4.502821 0.163264 0.449199 -0.002695 
-0.330697 -0.501695 -4.276154 0.163605 0.449321 -0.004329 
-0.333371 -0.493480 -4.081501 0.164294 0.449506 -0.005566 
-0.335885 -0.493165 -3.845480 0.164764 0.449585 -0.006981 
-0.329845 -0.488302 -3.838183 0.165284 0.449451 -0.006228 
-0.329643 -0.488390 -3.965143 0.165612 0.449471 -0.004412 
-0.314483 -0.496615 -4.173848 0.165735 0.449299 -0.002235 
-0.319486 -0.501290 -4.360076 0.165388 0.449361 -0.000568 
-0.318087 -0.509944 -4.596855 0.165180 0.449287 0.000945 
-0.325201 -0.514914 -4.635041 0.164982 0.449433 0.000162 
-0.325665 -0.523254 -4.507457 0.164594 0.449411 -0.001871 
-0.334083 -0.502849 -4.308434 0.164721 0.449637 -0.004377 
-0.047470 0.250154 -7.328985 0.199273 0.448989 -0.010812 
1.455217 -0.246112 -15.503534 0.287738 0.446043 -0.001356 
2.474449 0.064085 -20.850441 0.360082 0.435431 0.014206 
3.368490 -0.347151 -25.088265 0.421600 0.414777 0.023083 
4.621156 -0.160872 -28.344550 0.450993 0.401957 0.054332 
4.925750 0.253101 -30.964409 0.486072 0.383088 0.088717 
5.121379 0.746674 -32.133692 0.517074 0.360209 0.118266 
4.933203 0.489871 -32.212917 0.525790 0.346376 0.139571 
4.837557 0.193608 -31.480825 0.512061 0.320398 0.137468 
4.197450 0.470268 -30.986198 0.492881 0.303341 0.114826 
4.379947 0.748697 -30.713853 0.470663 0.287991 0.084902 
4.007659 0.896285 -30.027053 0.444941 0.255349 0.043868 
4.205132 0.638061 -29.507637 0.411082 0.221151 0.012603 
3.968772 0.274312 -29.537579 0.381713 0.207482 0.005316 
3.739727 0.260326 -29.125471 0.370540 0.199653 0.014937 
3.360966 0.021000 -27.639135 0.376936 0.191549 0.043783 
3.026011 -0.574080 -26.187070 0.378901 0.214540 0.074200 
2.889910 -1.049294 -23.918758 0.398321 0.253010 0.093762 
2.350577 -1.339280 -20.731328 0.433392 0.291127 0.112903 
2.068978 -1.584494 -17.973947 0.457842 0.342298 0.120221 
1.477811 -1.591799 -15.987459 0.461942 0.410869 0.102232 
1.100038 -1.800434 -14.097746 0.462345 0.472202 0.073052 
0.570690 -2.120955 -12.892436 0.454834 0.532509 0.035660 
0.523781 -2.258624 -12.286943 0.427048 0.605051 -0.004169 
0.589415 -2.536787 -11.650050 0.383407 0.660383 -0.033094 
0.563458 -2.566200 -11.077219 0.337463 0.700900 -0.053721 
0.805431 -2.437434 -10.773269 0.296185 0.736711 -0.063498 
0.469567 -2.466393 -10.157975 0.262786 0.758719 -0.056602 
0.516275 -2.377333 -9.547062 0.253596 0.774913 -0.036899 
0.519501 -2.207717 -8.983781 0.269873 0.784527 -0.011398 
0.604774 -2.223918 -8.545672 0.299860 0.778331 0.018497 
0.618416 -2.310676 -8.078102 0.323531 0.754969 0.034635 
0.553919 -2.237894 -7.978592 0.335446 0.719805 0.041621 
0.446478 -2.245214 -8.128455 0.346629 0.676803 0.044067 
0.331997 -2.046192 -8.051344 0.355071 0.626615 0.036087 
0.373445 -2.152827 -7.889897 0.342324 0.570265 0.021141 
0.329869 -2.097103 -7.780524 0.309934 0.517134 0.004552 
0.298077 -1.838837 -7.593206 0.277999 0.473562 -0.011358 
0.175622 -1.416146 -7.294281 0.254396 0.433297 -0.017076 
0.128414 -1.229796 -7.150085 0.226118 0.408399 -0.016378 
0.202865 -1.066618 -6.877008 0.194356 0.394572 -0.013194 
0.028809 -0.887074 -6.322124 0.172835 0.386117 -0.004389 
-0.002614 -0.544623 -6.062478 0.163638 0.391423 0.003669 
-0.119111 -0.154784 -5.939269 0.157934 0.408452 0.006730 
-0.050671 -0.068875 -5.738089 0.151800 0.429589 0.010111 
-0.036731 -0.033536 -5.782802 0.149622 0.460589 0.011161 
-0.032698 -0.052979 -6.108018 0.152525 0.499138 0.010823 
-0.110884 -0.185678 -6.190334 0.155221 0.529376 0.007316 
-0.167588 -0.284246 -6.110910 0.153503 0.551304 -0.004136 
-0.193843 -0.287037 -5.962876 0.149898 0.575141 -0.021167 
-0.185845 -0.130544 -5.843704 0.155637 0.593761 -0.036630 
-0.131738 0.051689 -5.575359 0.168179 0.600691 -0.046996 
-0.180860 0.103386 -5.543160 0.173013 0.601826 -0.046923 
-0.061130 -0.005441 -5.746886 0.168639 0.596107 -0.035867 
-0.151191 -0.102774 -5.888752 0.170020 0.579258 -0.016339 
0.053540 -0.147049 -5.956927 0.175317 0.562753 0.003088 
0.086016 -0.264989 -6.115557 0.183855 0.548584 0.019982 
0.150645 -0.216154 -6.095782 0.194373 0.537373 0.025560 
0.184712 -0.180902 -5.895824 0.208140 0.527384 0.022004 
0.120600 0.046994 -5.460703 0.216925 0.515534 0.013898 
0.128649 0.096205 -5.103781 0.209388 0.504619 0.007276 
-0.095575 0.155084 -4.669539 0.192457 0.495508 0.004717 
-0.216790 0.186633 -4.320272 0.172992 0.483485 0.009217 
-0.341770 0.172587 -4.166399 0.150002 0.470159 0.017138 
-0.299981 0.176681 -4.046683 0.121451 0.457774 0.026067 
-0.315563 0.244735 -4.013406 0.097179 0.444306 0.034470 
-0.331924 0.404631 -4.176971 0.079670 0.433219 0.043902 
-0.363373 0.481931 -4.049759 0.072491 0.414518 0.048011 
-0.599591 0.456974 -3.787631 0.070253 0.392591 0.044015 
-0.654207 0.259676 -3.520952 0.072530 0.373042 0.034486 
-0.794882 0.156228 -3.284867 0.084578 0.355778 0.022550 
-0.873078 0.174648 -2.959359 0.107800 0.340615 0.007758 
-0.921018 0.097762 -2.903600 0.131826 0.330308 -0.005765 
-0.999549 0.003288 -3.220723 0.151222 0.328670 -0.017603 
-0.978805 -0.111575 -3.565531 0.167962 0.327674 -0.025049 
-1.001872 -0.197029 -3.830807 0.181829 0.326135 -0.025930 
-1.012712 -0.453263 -4.158972 0.186463 0.330555 -0.024507 
-1.016498 -0.564675 -4.189979 0.181811 0.341810 -0.026031 
-1.046908 -0.655597 -3.973167 0.176150 0.352363 -0.028490 
-1.057477 -0.574718 -3.624196 0.169607 0.367127 -0.034339 
-0.990339 -0.565630 -3.366503 0.159712 0.385717 -0.042330 
-1.014811 -0.584991 -3.029833 0.148276 0.402441 -0.048285 
-1.029086 -0.636228 -2.840332 0.140168 0.417775 -0.050555 
-1.036339 -0.718227 -2.887000 0.136683 0.433472 -0.050969 
-1.001676 -0.808524 -3.011944 0.136386 0.444683 -0.050487 
-0.874946 -0.999895 -3.080045 0.139453 0.449177 -0.050622 
-0.803709 -1.066965 -3.235289 0.146102 0.450021 -0.050253 
-0.770907 -1.126139 -3.279457 0.158570 0.447117 -0.049400 
-0.776028 -1.077503 -3.182289 0.170966 0.439439 -0.047680 
-0.816295 -1.077305 -3.027507 0.183971 0.423949 -0.044671 
-0.697581 -1.102887 -2.932319 0.189818 0.406567 -0.041389 
-0.642556 -1.125036 -2.779956 0.194204 0.387420 -0.039404 
-0.528752 -1.072572 -2.803643 0.197872 0.369259 -0.035505 
-0.451773 -1.008721 -3.008603 0.197907 0.356834 -0.029941 
-0.379185 -0.856877 -3.262652 0.194056 0.349837 -0.022562 
-0.372569 -0.680112 -3.510086 0.187444 0.349815 -0.012307 
-0.299386 -0.543635 -3.762467 0.178974 0.356771 0.000447 
-0.255621 -0.483543 -3.728963 0.166716 0.368439 0.010629 
-0.198263 -0.446057 -3.478313 0.151556 0.385793 0.016784 
-0.103156 -0.358893 -3.128955 0.137080 0.406326 0.019458 
-0.076234 -0.225920 -2.767096 0.125297 0.426111 0.019667 
0.007513 -0.119306 -2.412053 0.113362 0.445867 0.018571 
0.046080 -0.033042 -2.338591 0.103364 0.463395 0.019370 
0.038440 0.034975 -2.509879 0.097246 0.477172 0.022298 
0.036965 0.081266 -2.820826 0.096453 0.487863 0.024838 
0.005594 0.099653 -3.179722 0.098023 0.494932 0.024974 
0.021160 0.078886 -3.610847 0.102728 0.497748 0.023636 
0.010431 0.067340 -3.791237 0.111650 0.497469 0.020773 
0.005496 0.072408 -3.797798 0.124545 0.494273 0.018789 
0.003004 0.069051 -3.746996 0.136256 0.489042 0.019036 
0.084711 0.015921 -3.553111 0.148148 0.476017 0.022896 
0.126674 -0.044800 -3.358953 0.154338 0.462778 0.026629 
0.163148 -0.095459 -3.338288 0.160444 0.450086 0.030857 
0.159198 -0.144701 -3.496167 0.166061 0.439133 0.033851 
0.103480 -0.173286 -3.671645 0.168897 0.432558 0.033617 
0.023136 -0.200572 -3.912808 0.168512 0.428639 0.029487 
-0.064795 -0.264173 -4.181936 0.163687 0.426280 0.023331 
-0.209132 -0.323791 -4.190360 0.156108 0.426276 0.012270 
-0.278688 -0.376109 -4.046077 0.147163 0.431552 -0.002454 
-0.311599 -0.405609 -3.766660 0.140964 0.437526 -0.016461 
-0.334410 -0.435570 -3.406830 0.136053 0.441706 -0.027076 
-0.302139 -0.429053 -3.068298 0.131272 0.446196 -0.033520 
-0.308819 -0.394595 -3.043472 0.129096 0.449413 -0.030056 
-0.346291 -0.353749 -3.212412 0.131627 0.447261 -0.017221 
-0.397267 -0.353996 -3.567500 0.135963 0.443979 -0.000287 
-0.473919 -0.403020 -4.104228 0.141715 0.443462 0.015134 
-0.518642 -0.426187 -4.606394 0.151204 0.439283 0.026718 
-0.544509 -0.460432 -4.730596 0.161894 0.430118 0.028901 
-0.513843 -0.514207 -4.736282 0.171663 0.423091 0.020978 
-0.472872 -0.576995 -4.582665 0.180398 0.419204 0.006840 
-0.439847 -0.631317 -4.387079 0.189667 0.416421 -0.008244 
-0.430198 -0.673504 -4.169733 0.197073 0.418200 -0.022898 
-0.422686 -0.764135 -4.148369 0.199968 0.422679 -0.033521 
-0.398135 -0.865477 -4.193506 0.198142 0.425611 -0.038755 
-0.323049 -0.953589 -4.206421 0.193224 0.428387 -0.038764 
-0.173382 -0.964849 -4.234903 0.185675 0.432784 -0.034984 
-0.099213 -0.938602 -4.357459 0.179155 0.439948 -0.026916 
-0.029709 -0.848431 -4.378491 0.176289 0.450418 -0.017540 
-0.102549 -0.795109 -4.391294 0.175168 0.463496 -0.008650 
-0.202423 -0.750072 -4.368578 0.173807 0.478758 -0.001683 
-0.258521 -0.794184 -4.388365 0.172811 0.493866 0.001667 
-0.301061 -0.808655 -4.345826 0.174920 0.507537 -0.001383 
-0.255082 -0.803492 -4.463150 0.180120 0.519852 -0.007384 
-0.177734 -0.777201 -4.593673 0.187100 0.526607 -0.013031 
-0.168330 -0.780525 -4.771406 0.192876 0.527335 -0.014888 
-0.131223 -0.751740 -4.901678 0.198257 0.522150 -0.010937 
-0.159094 -0.770747 -5.137499 0.202151 0.511401 -0.000145 
-0.168276 -0.793592 -5.184844 0.204897 0.496186 0.009373 
-0.193603 -0.822228 -5.083396 0.205011 0.481238 0.014120 
-0.226308 -0.852488 -4.900755 0.204138 0.467462 0.011646 
-0.307935 -0.817236 -4.676621 0.202405 0.454990 0.001731 
-0.329794 -0.760983 -4.363740 0.198595 0.446289 -0.013905 
-0.378999 -0.700597 -4.240466 0.191429 0.440768 -0.028612 
-0.394250 -0.659848 -4.256558 0.182704 0.439137 -0.039716 
-0.365341 -0.622869 -4.373595 0.173984 0.439709 -0.043430 
-0.369610 -0.585242 -4.482369 0.165734 0.439670 -0.038878 
-0.344425 -0.551614 -4.651297 0.156836 0.439829 -0.026440 
-0.343774 -0.488127 -4.598011 0.149089 0.438239 -0.010364 
-0.375684 -0.379382 -4.433816 0.144853 0.435169 0.007720 
-0.373506 -0.253385 -4.240827 0.143329 0.431867 0.024617 
-0.399086 -0.161660 -4.110281 0.142834 0.429702 0.037452 
-0.418150 -0.113157 -3.969692 0.143319 0.429560 0.041662 
-0.433765 -0.113691 -4.057100 0.146361 0.432834 0.037967 
-0.455380 -0.153522 -4.280403 0.150571 0.439295 0.027009 
-0.436966 -0.213307 -4.541234 0.155465 0.448235 0.010288 
-0.401637 -0.277615 -4.718007 0.159850 0.458283 -0.007334 
-0.387515 -0.341108 -4.936890 0.164554 0.467347 -0.020588 
-0.379126 -0.390853 -4.907097 0.169342 0.474523 -0.028029 
-0.385954 -0.443573 -4.734682 0.172332 0.477688 -0.026483 
-0.407082 -0.483379 -4.504133 0.172996 0.476849 -0.018154 
-0.430900 -0.498829 -4.298943 0.172066 0.473082 -0.006562 
-0.450621 -0.525937 -4.051207 0.170896 0.466884 0.004556 
-0.443059 -0.559354 -4.007747 0.169226 0.459653 0.012728 
-0.435523 -0.569199 -4.079529 0.167401 0.454538 0.014570 
-0.428991 -0.564651 -4.247667 0.165038 0.449629 0.010982 
-0.420299 -0.529907 -4.405072 0.164170 0.446431 0.002226 
-0.390913 -0.522774 -4.640405 0.163604 0.444708 -0.008131 
-0.334628 -0.570160 -4.642088 0.162659 0.441976 -0.018511 
-0.284245 -0.616142 -4.418774 0.161550 0.438210 -0.025574 
-0.216276 -0.593108 -4.171749 0.161421 0.434265 -0.026704 
-0.215082 -0.540538 -3.967505 0.163714 0.431015 -0.020716 
-0.213933 -0.448291 -3.778151 0.167735 0.428659 -0.010149 
-0.249746 -0.406447 -3.822862 0.171071 0.428683 0.004900 
-0.286004 -0.378629 -4.046568 0.173028 0.431020 0.019356 
-0.309733 -0.387694 -4.344348 0.173285 0.436979 0.028034 
-0.309955 -0.381202 -4.586507 0.172532 0.445907 0.027526 
-0.250895 -0.416188 -4.787139 0.170068 0.456196 0.019752 
-0.196817 -0.429034 -4.725057 0.166455 0.468199 0.005240 
-0.128536 -0.430760 -4.459340 0.162756 0.479600 -0.009515 
-0.133529 -0.371454 -4.197832 0.160092 0.488877 -0.019089 
-0.137581 -0.331839 -3.989243 0.157459 0.495007 -0.019889 
-0.176994 -0.288271 -3.797870 0.154518 0.497387 -0.013577 
-0.207486 -0.293442 -3.836884 0.152222 0.495140 -0.000791 
-0.236219 -0.282066 -3.990727 0.150695 0.489655 0.013001 
-0.271238 -0.283269 -4.207511 0.149723 0.482873 0.023416 
-0.257577 -0.249317 -4.379462 0.150308 0.475175 0.027329 
-0.259237 -0.242159 -4.560048 0.151659 0.466609 0.026290 
-0.235097 -0.287620 -4.511514 0.152320 0.458368 0.019318 
-0.213707 -0.353858 -4.341892 0.153146 0.451069 0.008460 
-0.226217 -0.429956 -4.123726 0.155487 0.444382 -0.002602 
-0.271014 -0.467018 -3.965016 0.160016 0.438718 -0.011705 
-0.326766 -0.480141 -3.773320 0.164545 0.433621 -0.017881 
-0.352091 -0.499954 -3.756812 0.167129 0.427003 -0.017730 
-0.389097 -0.500462 -3.861029 0.168080 0.420976 -0.012938 
-0.403630 -0.479931 -4.101940 0.168555 0.418075 -0.006139 
-0.432014 -0.481972 -4.292535 0.169181 0.416784 0.000566 
-0.444242 -0.508951 -4.526541 0.167710 0.418428 0.005613 
-0.471154 -0.562940 -4.538173 0.163935 0.423654 0.004400 
-0.479862 -0.589527 -4.399299 0.161637 0.431415 -0.001228 
-0.481564 -0.598805 -4.155996 0.161228 0.439022 -0.009253 
-0.475650 -0.609611 -3.965990 0.160655 0.445915 -0.016135 
-0.457616 -0.605142 -3.691840 0.159226 0.454246 -0.023693 
-0.448838 -0.611701 -3.663252 0.159824 0.457048 -0.023606 
-0.446622 -0.636212 -3.803221 0.162554 0.458203 -0.018536 
-0.446579 -0.663028 -4.063131 0.165919 0.457866 -0.010559 
-0.449166 -0.704692 -4.311877 0.168857 0.454862 -0.002543 
-0.455977 -0.699739 -4.598422 0.172766 0.450572 0.003960 
-0.474585 -0.686891 -4.676170 0.177193 0.447379 0.003869 
-0.474702 -0.689108 -4.587975 0.181513 0.444590 -0.001558 
-0.470758 -0.691684 -4.365911 0.183896 0.441743 -0.010380 
-0.464054 -0.687294 -4.158284 0.183757 0.440216 -0.019832 
-0.418455 -0.683710 -3.900078 0.181062 0.438790 -0.027598 
-0.366872 -0.685737 -3.736134 0.176732 0.434666 -0.029065 
-0.280610 -0.697522 -3.805968 0.170116 0.431864 -0.025035 
-0.226812 -0.666789 -3.939846 0.164267 0.430380 -0.016349 
-0.242040 -0.568460 -4.127066 0.161427 0.430382 -0.004630 
-0.252047 -0.473153 -4.401840 0.160180 0.432277 0.008361 
-0.281991 -0.423101 -4.473965 0.157947 0.436168 0.017962 
-0.306427 -0.435155 -4.419828 0.155109 0.441780 0.022058 
-0.331922 -0.426040 -4.250096 0.154338 0.449296 0.019239 
-0.313406 -0.427947 -4.089676 0.154960 0.458116 0.011116 
-0.322401 -0.424497 -3.838964 0.156401 0.466634 -0.001010 
-0.301026 -0.441027 -3.754637 0.157087 0.473619 -0.011007 
-0.282874 -0.454326 -3.886425 0.158613 0.477703 -0.016235 
-0.288463 -0.441241 -4.107623 0.161124 0.478646 -0.014751 
-0.287665 -0.449134 -4.311458 0.163174 0.475527 -0.007740 
-0.313395 -0.494152 -4.579927 0.163348 0.469147 0.002162 
-0.290980 -0.526842 -4.606539 0.162981 0.460483 0.009198 
-0.297785 -0.533818 -4.450725 0.163733 0.450664 0.011787 
-0.271038 -0.534187 -4.189438 0.164703 0.442020 0.008661 
-0.249970 -0.508985 -3.979378 0.165849 0.436296 0.001606 
-0.264180 -0.490777 -3.725144 0.167401 0.433580 -0.007275 
-0.289998 -0.477366 -3.763430 0.169891 0.434241 -0.013672 
-0.301991 -0.511457 -3.961895 0.171580 0.437395 -0.016704 
-0.336775 -0.565168 -4.217272 0.172156 0.441476 -0.016675 
-0.337522 -0.601073 -4.417551 0.171911 0.445324 -0.013899 
-0.341810 -0.595867 -4.634584 0.171312 0.448456 -0.008211 
-0.336742 -0.557704 -4.596991 0.170135 0.450832 -0.002490 
-0.316528 -0.515280 -4.425914 0.168348 0.452128 0.003046 
-0.339590 -0.493191 -4.201831 0.165747 0.452370 0.008323 
-0.356807 -0.469320 -4.071735 0.163166 0.452962 0.010729 
-0.396402 -0.459797 -3.839580 0.159982 0.453969 0.009361 
-0.428242 -0.475940 -3.825259 0.157918 0.454745 0.005209 
-0.412554 -0.500387 -3.955063 0.156312 0.456058 -0.002409 
-0.386343 -0.491843 -4.124753 0.156070 0.457414 -0.011141 
-0.358146 -0.481235 -4.271960 0.157292 0.457325 -0.017714 
-0.343847 -0.474416 -4.485979 0.159128 0.456398 -0.018447 
-0.315900 -0.496891 -4.477105 0.160597 0.452568 -0.014891 
-0.321645 -0.527148 -4.364187 0.161507 0.447909 -0.008013 
-0.307904 -0.535661 -4.195520 0.163543 0.443120 0.000084 
-0.333513 -0.515433 -4.056689 0.166723 0.438624 0.007292 
-0.352001 -0.498637 -3.855816 0.169717 0.435875 0.010138 
-0.372858 -0.487482 -3.867452 0.171392 0.435264 0.009687 
-0.390974 -0.494104 -4.032759 0.172305 0.436744 0.006297 
-0.404538 -0.500949 -4.250165 0.172095 0.440200 0.000176 
-0.362170 -0.535625 -4.440374 0.170271 0.445059 -0.007750 
-0.345987 -0.571647 -4.662562 0.167942 0.450394 -0.014736 
-0.316012 -0.582484 -4.625644 0.166427 0.455993 -0.020541 
-0.315677 -0.570984 -4.447480 0.165691 0.460651 -0.022571 
-0.327693 -0.534492 -4.211804 0.164963 0.463593 -0.019267 
-0.338562 -0.505875 -4.006905 0.163863 0.464432 -0.011567 
-0.371396 -0.483325 -3.786173 0.162549 0.463798 -0.001905 
-0.385152 -0.469669 -3.809437 0.161518 0.461913 0.007875 
-0.367268 -0.468147 -3.964780 0.160747 0.459430 0.013679 
-0.354358 -0.500427 -4.166816 0.159898 0.456675 0.014073 
-0.310341 -0.514454 -4.343679 0.159673 0.454174 0.008263 
-0.285678 -0.514883 -4.558849 0.160980 0.452487 0.000572 
-0.265872 -0.515415 -4.580667 0.163559 0.450999 -0.008262 
-0.275652 -0.525413 -4.477544 0.166852 0.450180 -0.014973 
-0.305689 -0.536346 -4.326399 0.170447 0.448932 -0.016924 
-0.346554 -0.553350 -4.176457 0.173674 0.447385 -0.014259 
-0.360443 -0.549029 -3.979041 0.175939 0.445748 -0.009708 
-0.375122 -0.547558 -3.945123 0.176425 0.443661 -0.003442 
-0.361743 -0.537705 -4.039436 0.175385 0.442352 0.002409 
-0.344025 -0.508257 -4.197962 0.173362 0.442267 0.006283 
-0.322368 -0.505659 -4.315446 0.169381 0.442415 0.007314 
-0.309541 -0.534907 -4.514194 0.163404 0.444048 0.005702 
-0.283599 -0.550027 -4.480887 0.157520 0.446321 0.000532 
-0.294421 -0.549005 -4.316017 0.153972 0.449033 -0.006059 
-0.281501 -0.516198 -4.106775 0.152748 0.452261 -0.011783 
-0.309224 -0.508804 -3.959306 0.152934 0.454824 -0.014151 
-0.325351 -0.479148 -3.728626 0.154246 0.456163 -0.014083 
-0.342560 -0.462254 -3.715621 0.156445 0.456590 -0.008848 
-0.361048 -0.436341 -3.904587 0.159683 0.456875 -0.000686 
-0.369284 -0.441580 -4.174989 0.163516 0.456416 0.007178 
-0.357036 -0.457768 -4.386375 0.166798 0.455316 0.012207 
-0.357826 -0.501426 -4.647115 0.168756 0.454580 0.013661 
-0.315573 -0.517640 -4.647258 0.169631 0.452931 0.009261 
-0.309791 -0.544124 -4.493777 0.169439 0.450737 0.001152 
-0.263614 -0.542504 -4.236255 0.168337 0.448734 -0.007383 
-0.279659 -0.538972 -4.034207 0.167055 0.447657 -0.013931 
-0.274071 -0.513381 -3.780061 0.166582 0.446438 -0.017650 
-0.314382 -0.496435 -3.803915 0.166197 0.446639 -0.015942 
-0.336867 -0.489285 -3.948314 0.165600 0.447211 -0.010698 
-0.371142 -0.506700 -4.166362 0.164185 0.447677 -0.003904 
-0.375658 -0.504251 -4.352283 0.163085 0.449370 0.001941 
-0.352482 -0.488524 -4.596966 0.162578 0.451743 0.006543 
-0.356604 -0.465579 -4.568978 0.162734 0.453501 0.007305 
-0.353389 -0.471791 -4.430439 0.161880 0.455077 0.005164 
-0.356602 -0.487080 -4.215036 0.159989 0.455722 0.001502 
-0.364487 -0.486865 -3.991287 0.159010 0.454590 -0.001924 
-0.360655 -0.483170 -3.768304 0.158545 0.452519 -0.005348 
-0.342971 -0.486986 -3.764661 0.158530 0.450095 -0.006606 
-0.348743 -0.475809 -3.928074 0.159259 0.447104 -0.006396 
-0.349810 -0.478081 -4.158237 0.161025 0.444376 -0.004659 
-0.366704 -0.458800 -4.370890 0.163897 0.442724 -0.002604 
-0.373448 -0.489353 -4.623818 0.165782 0.441940 -0.000171 
-0.372391 -0.512486 -4.656794 0.167550 0.442504 -0.000456 
-0.349662 -0.544681 -4.503704 0.169416 0.444317 -0.002319 
-0.354098 -0.561188 -4.274855 0.170730 0.446504 -0.005606 
-0.333679 -0.567972 -4.065413 0.171483 0.449288 -0.008906 
-0.344091 -0.553936 -3.825724 0.171078 0.452293 -0.011296 
-0.358818 -0.516253 -3.817861 0.170529 0.454612 -0.010112 
-0.371123 -0.507918 -3.933835 0.168818 0.455773 -0.007299 
-0.375199 -0.507088 -4.204901 0.164979 0.456608 -0.001906 
-0.375749 -0.506810 -4.400273 0.161456 0.456449 0.001521 
-0.359584 -0.500300 -4.623747 0.158952 0.455604 0.003417 
-0.355421 -0.497813 -4.595137 0.157041 0.454800 0.001550 
-0.328223 -0.494779 -4.411199 0.156426 0.453812 -0.002454 
-0.318979 -0.483605 -4.178330 0.156979 0.453043 -0.006540 
-0.314015 -0.481626 -4.014421 0.159237 0.452603 -0.008680 
-0.318508 -0.483008 -3.783230 0.162267 0.452127 -0.009918 
-0.336376 -0.493986 -3.792969 0.165556 0.451970 -0.008369 
-0.353140 -0.520142 -3.969690 0.168588 0.451348 -0.004816 
-0.361364 -0.540313 -4.187177 0.171188 0.450196 -0.000854 
-0.373887 -0.546894 -4.388210 0.172593 0.448690 0.001542 
-0.360185 -0.550705 -4.645398 0.172589 0.447292 0.003052 
-0.352886 -0.540340 -4.670058 0.171704 0.445523 0.001567 
-0.357885 -0.537975 -4.525253 0.169621 0.443712 -0.001902 
-0.337463 -0.542251 -4.276682 0.166536 0.442468 -0.005706 
-0.322834 -0.538891 -4.069898 0.163663 0.442518 -0.009239 
-0.318335 -0.524751 -3.806409 0.162142 0.443213 -0.012103 
-0.320928 -0.503075 -3.775963 0.161808 0.445244 -0.011979 
-0.329515 -0.497354 -3.905588 0.161848 0.448199 -0.009119 
-0.337477 -0.491193 -4.121428 0.162058 0.451070 -0.004403 
-0.339637 -0.489356 -4.318417 0.162722 0.453993 0.000533 
-0.334353 -0.490761 -4.576345 0.163210 0.456584 0.005636 
-0.334183 -0.505126 -4.601693 0.163913 0.458210 0.006974 
-0.336047 -0.515762 -4.456991 0.164311 0.458865 0.005578 
-0.316807 -0.516729 -4.244591 0.163983 0.457928 0.002128 
-0.305369 -0.511215 -4.050680 0.163536 0.456381 -0.001862 
-0.289511 -0.507135 -3.815920 0.163562 0.454127 -0.006247 
-0.279801 -0.491848 -3.802888 0.164158 0.452245 -0.007611 
-0.284799 -0.494041 -3.957939 0.165114 0.450582 -0.006989 
-0.310569 -0.503585 -4.198350 0.166331 0.449841 -0.004955 
-0.321601 -0.516484 -4.420075 0.167854 0.449951 -0.002600 
-0.331292 -0.531247 -4.662653 0.169204 0.450531 0.000056 
-0.341068 -0.538694 -4.665155 0.170270 0.451460 0.000239 
-0.340227 -0.543419 -4.500111 0.170228 0.452765 -0.000923 
-0.339029 -0.536057 -4.260330 0.169624 0.453104 -0.003069 
-0.334893 -0.527309 -4.039946 0.168068 0.453042 -0.004891 
-0.329115 -0.516206 -3.788901 0.165887 0.452392 -0.006348 
-0.335677 -0.504313 -3.775741 0.163395 0.451482 -0.005747 
-0.342950 -0.491261 -3.908050 0.161241 0.450218 -0.003985 
-0.344688 -0.491610 -4.123996 0.159643 0.449114 -0.001666 
-0.356274 -0.487975 -4.338798 0.158709 0.448081 -0.000213 
-0.355390 -0.494094 -4.564273 0.158358 0.447340 0.001000 
-0.350723 -0.497365 -4.593436 0.158822 0.447022 0.000219 
-0.343565 -0.497340 -4.448999 0.160586 0.447046 -0.001937 
-0.337942 -0.505532 -4.242950 0.162609 0.447069 -0.004583 
-0.331613 -0.515433 -4.059976 0.164783 0.447569 -0.006293 
-0.340078 -0.515611 -3.817958 0.167175 0.447883 -0.007412 
-0.345142 -0.516594 -3.804386 0.169094 0.448304 -0.006148 
-0.353939 -0.521941 -3.965261 0.170185 0.448680 -0.003520 
-0.358740 -0.536061 -4.184033 0.169934 0.449029 -0.001139 
-0.369889 -0.529210 -4.388365 0.169343 0.449330 -0.000125 
-0.364391 -0.539665 -4.630615 0.167839 0.449606 0.000434 
-0.351430 -0.539073 -4.641304 0.165921 0.450274 -0.002020 
-0.340081 -0.530417 -4.487143 0.164371 0.451123 -0.005732 
-0.350412 -0.516684 -4.252272 0.162840 0.451924 -0.009264 
-0.346241 -0.505383 -4.043890 0.161945 0.453397 -0.010908 
-0.351317 -0.497505 -3.799412 0.161823 0.454835 -0.011354 
-0.356681 -0.488359 -3.797854 0.162366 0.455935 -0.008474 
-0.361064 -0.486992 -3.933021 0.162863 0.456856 -0.003674 
-0.366944 -0.489965 -4.159307 0.163335 0.456651 0.001167 
-0.366681 -0.495439 -4.361394 0.163630 0.455917 0.004641 
-0.346962 -0.503507 -4.600568 0.164081 0.454570 0.006693 
-0.343652 -0.508354 -4.616288 0.164051 0.452440 0.005094 
-0.335206 -0.516420 -4.453029 0.163991 0.450051 0.000968 
-0.334465 -0.520416 -4.257194 0.163954 0.447712 -0.003986 
-0.334026 -0.508226 -4.053056 0.164351 0.445574 -0.008506 
-0.342099 -0.502549 -3.832301 0.165500 0.444163 -0.012176 
-0.337886 -0.504444 -3.833034 0.166133 0.443560 -0.012288 
-0.346893 -0.509731 -3.962725 0.167223 0.443932 -0.009955 
-0.352639 -0.516892 -4.176774 0.167824 0.444772 -0.006084 
-0.348642 -0.521526 -4.381124 0.167965 0.446023 -0.001774 
-0.348293 -0.532023 -4.593669 0.167099 0.447678 0.002431 
-0.342683 -0.529647 -4.585526 0.166314 0.449265 0.003612 
-0.322681 -0.526709 -4.439237 0.165051 0.450632 0.002668 
-0.317522 -0.513383 -4.228025 0.163528 0.451522 0.000400 
-0.334492 -0.495501 -4.025464 0.162024 0.452377 -0.002408 
-0.331523 -0.480844 -3.802119 0.160830 0.452897 -0.005630 
-0.335967 -0.478752 -3.788472 0.160037 0.453402 -0.006469 
-0.349648 -0.462614 -3.942237 0.160151 0.453528 -0.005845 
-0.342160 -0.467922 -4.149855 0.160450 0.453697 -0.004209 
-0.337922 -0.481526 -4.359318 0.161654 0.453887 -0.002484 
-0.326583 -0.490416 -4.591286 0.163058 0.453938 -0.000027 
-0.318477 -0.506796 -4.595865 0.164876 0.453879 0.000471 
-0.318509 -0.517968 -4.455737 0.166719 0.453666 -0.000083 
-0.317891 -0.529040 -4.252696 0.168239 0.453438 -0.001221 
-0.322724 -0.533606 -4.067899 0.168998 0.452582 -0.002568 
-0.326913 -0.538201 -3.850534 0.169434 0.451716 -0.004526 
-0.340986 -0.525755 -3.847370 0.168871 0.450669 -0.005247 
-0.339004 -0.522748 -3.987245 0.167937 0.449718 -0.005340 
-0.334906 -0.529427 -4.188084 0.166457 0.449043 -0.005056 
-0.337820 -0.523474 -4.358648 0.165060 0.448418 -0.004742 
-0.324573 -0.519236 -4.582141 0.163502 0.448167 -0.003511 
-0.327777 -0.515452 -4.560307 0.162401 0.448282 -0.003368 
-0.325135 -0.516364 -4.417651 0.161745 0.448625 -0.003241 
-0.332045 -0.504743 -4.195512 0.161972 0.449127 -0.003055 
-0.346685 -0.498071 -3.995509 0.162482 0.449876 -0.002361 
-0.362407 -0.491113 -3.783973 0.163153 0.450535 -0.002302 
-0.362789 -0.491912 -3.788177 0.163630 0.450828 -0.001030 
-0.356611 -0.495985 -3.933664 0.164095 0.450711 0.000018 
-0.358035 -0.503774 -4.167868 0.164373 0.450368 0.000244 
-0.359032 -0.511658 -4.368668 0.164328 0.450015 -0.000462 
-0.346556 -0.527535 -4.589386 0.164396 0.449471 -0.001403 
-0.335269 -0.534819 -4.604510 0.164673 0.449005 -0.003563 
-0.332033 -0.529558 -4.475857 0.165186 0.448675 -0.006565 
-0.336005 -0.521124 -4.268832 0.166036 0.448770 -0.008757 
-0.338711 -0.521535 -4.086469 0.166825 0.449051 -0.009260 
-0.355496 -0.514426 -3.845131 0.167817 0.449714 -0.009180 
-0.347228 -0.521173 -3.822124 0.168255 0.450516 -0.006713 
-0.350969 -0.520586 -3.962409 0.168265 0.451525 -0.003520 
-0.345475 -0.516082 -4.161798 0.167667 0.452477 -0.000581 
-0.346687 -0.515756 -4.346554 0.166553 0.453373 0.000984 
-0.327408 -0.526670 -4.580145 0.165374 0.453743 0.001865 
-0.323106 -0.528140 -4.574380 0.163919 0.453994 0.000601 
-0.322012 -0.519245 -4.453696 0.163010 0.453775 -0.002278 
-0.328440 -0.504310 -4.232100 0.162135 0.453215 -0.004958 
-0.350626 -0.496671 -4.044311 0.161684 0.452483 -0.006601 
-0.353504 -0.491971 -3.807613 0.161865 0.451418 -0.007996 
-0.349097 -0.483033 -3.811420 0.162575 0.450248 -0.006921 
-0.343860 -0.483723 -3.941324 0.163385 0.449375 -0.004247 
-0.332210 -0.498665 -4.142552 0.164424 0.448843 -0.001647 
-0.327640 -0.509199 -4.331990 0.165328 0.448265 0.000431 
-0.329693 -0.526480 -4.581850 0.166183 0.448311 0.002342 
-0.325612 -0.531112 -4.591370 0.166956 0.448377 0.001569 
-0.329543 -0.547815 -4.464792 0.167472 0.448377 -0.000697 
-0.331810 -0.539560 -4.255004 0.167678 0.448457 -0.003521 
-0.347232 -0.530507 -4.074662 0.167401 0.448347 -0.006359 
-0.353555 -0.518378 -3.844422 0.166827 0.448550 -0.008724 
-0.349888 -0.509684 -3.832180 0.165764 0.448429 -0.008800 
-0.344475 -0.502611 -3.956515 0.164699 0.448700 -0.007068 
-0.331324 -0.500759 -4.144915 0.163765 0.449213 -0.004218 
-0.317952 -0.509241 -4.385274 0.162922 0.450205 -0.000995 
-0.313347 -0.513503 -4.563253 0.162422 0.451252 0.001421 
-0.311397 -0.510438 -4.565993 0.162605 0.452676 0.002258 
-0.319371 -0.509947 -4.433200 0.163078 0.453765 0.001495 
-0.328632 -0.508980 -4.227345 0.163710 0.454756 -0.000172 
-0.331085 -0.501320 -4.040869 0.164234 0.455035 -0.002058 
-0.342424 -0.496149 -3.832363 0.164895 0.454892 -0.004674 
-0.343812 -0.493388 -3.840711 0.164915 0.454138 -0.005315 
-0.331124 -0.498046 -3.973465 0.165058 0.453014 -0.004991 
-0.317607 -0.502555 -4.188536 0.165047 0.451802 -0.004091 
-0.319415 -0.514326 -4.373663 0.165135 0.450403 -0.003060 
-0.312467 -0.516340 -4.580909 0.165297 0.449716 -0.001409 
-0.313848 -0.523229 -4.602692 0.165571 0.449344 -0.001002 
-0.331233 -0.522196 -4.459573 0.166203 0.449255 -0.001852 
-0.341019 -0.518199 -4.265421 0.166858 0.449489 -0.002876 
-0.348932 -0.522674 -4.069560 0.166812 0.449704 -0.004106 
-0.362979 -0.515366 -3.831109 0.166520 0.450151 -0.005937 
-0.367178 -0.503957 -3.798672 0.165792 0.450466 -0.006219 
-0.355636 -0.508899 -3.930512 0.164646 0.450496 -0.005459 
-0.343236 -0.504444 -4.125040 0.163409 0.450248 -0.003887 
-0.346095 -0.499778 -4.308824 0.162325 0.450009 -0.002628 
-0.334888 -0.511393 -4.545603 0.161299 0.449578 -0.000564 
-0.334134 -0.518325 -4.566300 0.160931 0.449191 -0.000145 
-0.342665 -0.504396 -4.442709 0.161178 0.448951 -0.001000 
-0.353142 -0.498955 -4.237558 0.161842 0.448806 -0.002331 
-0.358016 -0.488914 -4.053779 0.163026 0.448532 -0.003579 
-0.363144 -0.497051 -3.817382 0.164078 0.448625 -0.005542 
-0.359675 -0.502286 -3.818191 0.165168 0.448886 -0.005993 
-0.347892 -0.511638 -3.963400 0.166081 0.449014 -0.005386 
-0.341058 -0.526533 -4.169861 0.166473 0.449469 -0.004293 
-0.341264 -0.538044 -4.365677 0.166884 0.450164 -0.003407 
-0.332890 -0.544593 -4.603403 0.167016 0.450617 -0.001797 
-0.340159 -0.550790 -4.623623 0.167129 0.451146 -0.001932 
-0.339864 -0.552349 -4.488553 0.166950 0.451600 -0.003106 
-0.353022 -0.536275 -4.271513 0.166561 0.451953 -0.004413 
-0.358072 -0.523605 -4.064576 0.165832 0.452057 -0.005508 
-0.355568 -0.507077 -3.835808 0.164973 0.452202 -0.007117 
-0.352472 -0.500009 -3.815999 0.164381 0.452563 -0.006557 
-0.340189 -0.488026 -3.949926 0.163354 0.452598 -0.005043 
-0.330365 -0.502302 -4.116234 0.162947 0.452931 -0.003259 
-0.334204 -0.500054 -4.345270 0.162651 0.453378 -0.000773 
-0.332791 -0.508972 -4.594124 0.162603 0.453403 0.001370 
-0.341019 -0.521530 -4.595383 0.162832 0.453456 0.001682 
-0.344468 -0.519729 -4.461570 0.163478 0.453079 0.000505 
-0.349502 -0.514850 -4.244229 0.164142 0.451935 -0.001556 
-0.355457 -0.518107 -4.046755 0.164909 0.450702 -0.003853 
-0.353681 -0.516414 -3.827145 0.165393 0.449221 -0.006658 
-0.334738 -0.515721 -3.815244 0.165570 0.447843 -0.007386 
-0.329968 -0.516146 -3.949665 0.166060 0.446778 -0.006638 
-0.323282 -0.526588 -4.156288 0.166163 0.446089 -0.005205 
-0.322867 -0.527361 -4.321771 0.166327 0.446207 -0.004063 
-0.313846 -0.533708 -4.562014 0.166462 0.446657 -0.001491 
-0.319341 -0.541636 -4.604765 0.166404 0.447656 -0.000683 
-0.332004 -0.537737 -4.461080 0.166255 0.448968 -0.001321 
-0.336844 -0.521424 -4.265842 0.166034 0.450319 -0.002232 
-0.334490 -0.516523 -4.070227 0.165576 0.451327 -0.003140 
-0.331030 -0.502890 -3.831433 0.164696 0.452227 -0.004750 
-0.334122 -0.492527 -3.799596 0.163801 0.452821 -0.004712 
-0.315863 -0.493785 -3.923063 0.163005 0.452998 -0.003522 
-0.312188 -0.486656 -4.129123 0.162426 0.453197 -0.001866 
-0.310730 -0.486691 -4.304995 0.162275 0.453118 -0.000404 
-0.309950 -0.496076 -4.563409 0.162384 0.453244 0.001405 
-0.319179 -0.501138 -4.584410 0.162987 0.453501 0.001267 
-0.330764 -0.505181 -4.460124 0.163909 0.453561 -0.000359 
-0.329027 -0.508537 -4.263664 0.165001 0.453422 -0.002566 
-0.327114 -0.510802 -4.066899 0.165940 0.452996 -0.004768 
-0.339210 -0.511659 -3.828196 0.166557 0.452278 -0.007246 
-0.341209 -0.509501 -3.827833 0.166893 0.451719 -0.007565 
-0.326983 -0.515069 -3.962865 0.166870 0.450873 -0.006279 
-0.325399 -0.512496 -4.160295 0.166580 0.450129 -0.004182 
-0.316557 -0.523117 -4.347562 0.166199 0.449518 -0.002082 
-0.320573 -0.525666 -4.596389 0.165550 0.449010 0.000508 
-0.333746 -0.523981 -4.606421 0.165073 0.448626 0.000834 
-0.340399 -0.518396 -4.450774 0.164618 0.448364 -0.000200 
-0.353208 -0.510147 -4.241822 0.163854 0.448519 -0.002045 
-0.359758 -0.497591 -4.033750 0.163445 0.448633 -0.003787 
-0.352339 -0.484897 -3.793707 0.163043 0.448644 -0.006145 
-0.351031 -0.485611 -3.783071 0.162716 0.448824 -0.006133 
-0.355977 -0.491675 -3.917089 0.162356 0.449258 -0.005070 
-0.340317 -0.502171 -4.125022 0.162463 0.449655 -0.003221 
-0.340069 -0.504428 -4.333232 0.162941 0.450163 -0.001483 
-0.340532 -0.514881 -4.592494 0.163523 0.450585 0.000315 
-0.357499 -0.524499 -4.593209 0.164249 0.450987 0.000082 
-0.361603 -0.532285 -4.458239 0.164988 0.450896 -0.001639 
-0.358703 -0.518942 -4.260806 0.165877 0.450755 -0.004051 
-0.355434 -0.513559 -4.053190 0.166548 0.450511 -0.006345 
-0.358008 -0.512086 -3.834296 0.166706 0.450208 -0.008730 
-0.358008 -0.512086 -3.834296 0.166706 0.450208 -0.008730 
-0.341911 -0.512541 -3.969780 0.166559 0.450212 -0.007236 
-0.339337 -0.514015 -4.188674 0.166401 0.450515 -0.004851 
-0.335677 -0.525654 -4.397453 0.166011 0.451283 -0.002356 
-0.339774 -0.531706 -4.595518 0.165655 0.451723 -0.000061 
-0.351957 -0.534068 -4.627014 0.165311 0.452386 0.000553 
-0.351011 -0.536048 -4.501799 0.164969 0.452932 -0.000629 
-0.350255 -0.528326 -4.283348 0.164529 0.453182 -0.002473 
-0.350825 -0.509747 -4.085106 0.164328 0.452780 -0.004433 
-0.351908 -0.507767 -3.824925 0.164006 0.452365 -0.006774 
-0.344262 -0.500148 -3.793163 0.163580 0.451449 -0.006942 
-0.336712 -0.510422 -3.937712 0.163360 0.450744 -0.005772 
-0.328868 -0.503542 -4.136024 0.163425 0.449959 -0.003572 
-0.336507 -0.505902 -4.324110 0.163736 0.449468 -0.001587 
-0.329363 -0.517490 -4.594246 0.163995 0.449073 0.000751 
-0.331183 -0.533897 -4.615710 0.164362 0.448987 0.000936 
-0.341848 -0.529804 -4.471556 0.165181 0.449138 -0.000454 
-0.337734 -0.533896 -4.263917 0.165625 0.449170 -0.002645 
-0.333363 -0.529687 -4.087248 0.166129 0.449210 -0.004645 
-0.335146 -0.512807 -3.848577 0.166395 0.449288 -0.006906 
-0.327376 -0.508882 -3.827585 0.166265 0.449327 -0.007099 
-0.325478 -0.518533 -3.953139 0.166044 0.449617 -0.005495 
-0.321783 -0.511539 -4.140930 0.165624 0.449911 -0.003183 
-0.317900 -0.513726 -4.349188 0.165139 0.450394 -0.000787 
-0.306502 -0.520809 -4.578252 0.164626 0.451016 0.001803 
-0.324457 -0.519477 -4.587323 0.163821 0.451812 0.001907 
-0.322580 -0.513817 -4.419233 0.163209 0.452538 0.000016 
-0.322704 -0.515254 -4.221793 0.163027 0.452985 -0.001748 
-0.322997 -0.508397 -4.023299 0.162903 0.453437 -0.003938 
-0.330805 -0.496645 -3.804000 0.162808 0.453748 -0.006321 
-0.324128 -0.491938 -3.794482 0.163005 0.453607 -0.006206 
-0.324383 -0.491402 -3.930696 0.163338 0.453440 -0.004717 
-0.324795 -0.506327 -4.149896 0.163567 0.452898 -0.002441 
-0.325811 -0.512470 -4.359026 0.164017 0.452267 -0.000263 
-0.327484 -0.518321 -4.588647 0.164631 0.451548 0.001897 
-0.330423 -0.523411 -4.588737 0.165077 0.450706 0.001683 
-0.333060 -0.520677 -4.452398 0.165248 0.450034 -0.000124 
-0.343677 -0.521285 -4.233100 0.165387 0.449213 -0.002610 
-0.346269 -0.509668 -4.023778 0.165456 0.448437 -0.005099 
-0.347775 -0.508216 -3.804341 0.165293 0.448126 -0.007479 
-0.354276 -0.511832 -3.813554 0.164943 0.447979 -0.007588 
-0.351847 -0.505250 -3.947695 0.164676 0.448368 -0.006521 
-0.355958 -0.511038 -4.133685 0.164161 0.448709 -0.004855 
-0.352749 -0.521924 -4.321371 0.163774 0.449286 -0.002662 
-0.356354 -0.520496 -4.570660 0.163474 0.449924 -0.000196 
-0.362364 -0.525888 -4.602108 0.163273 0.450256 0.000311 
-0.361653 -0.527049 -4.456639 0.162936 0.450610 -0.000851 
-0.369921 -0.514049 -4.239256 0.163011 0.450640 -0.002591 
-0.371131 -0.505321 -4.051932 0.163061 0.450623 -0.004466 
-0.359508 -0.503907 -3.813980 0.163387 0.450314 -0.006516 
-0.361026 -0.503133 -3.793431 0.163712 0.450131 -0.006822 
-0.354801 -0.498845 -3.938703 0.164236 0.450016 -0.005879 
-0.348668 -0.511800 -4.157173 0.164803 0.450002 -0.004149 
-0.356903 -0.525658 -4.364659 0.165354 0.450278 -0.002735 
-0.349597 -0.532186 -4.602929 0.165807 0.450739 -0.001130 
-0.351286 -0.542902 -4.633804 0.166375 0.451324 -0.001391 
-0.354235 -0.543373 -4.499219 0.167005 0.451515 -0.002896 
-0.348549 -0.539749 -4.281567 0.167183 0.451730 -0.004859 
-0.350242 -0.538893 -4.085443 0.167338 0.451617 -0.006301 
-0.342828 -0.525577 -3.838060 0.167101 0.451534 -0.007688 
-0.340865 -0.516704 -3.828582 0.166682 0.451427 -0.007133 
-0.337748 -0.524527 -3.964221 0.165994 0.451232 -0.005202 
-0.340578 -0.520390 -4.172155 0.165230 0.451191 -0.002685 
-0.344009 -0.517350 -4.348371 0.164615 0.451435 -0.000790 
-0.332040 -0.522807 -4.585003 0.163632 0.451574 0.001163 
-0.338280 -0.528002 -4.603536 0.163271 0.451808 0.000719 
-0.345669 -0.516373 -4.446606 0.163179 0.452126 -0.001074 
-0.340728 -0.519794 -4.248518 0.163308 0.451963 -0.003266 
-0.343288 -0.518585 -4.041699 0.163625 0.451759 -0.005021 
-0.346451 -0.508594 -3.824810 0.164164 0.451466 -0.006874 
-0.341102 -0.502286 -3.806515 0.164694 0.450952 -0.006429 
-0.335257 -0.512382 -3.953827 0.165117 0.450262 -0.004628 
-0.336273 -0.518525 -4.162957 0.165568 0.449631 -0.002450 
-0.328868 -0.521163 -4.360950 0.165725 0.449132 -0.000472 
-0.313512 -0.529185 -4.588764 0.165690 0.448864 0.001370 
-0.320880 -0.532447 -4.587282 0.165502 0.448626 0.000947 
-0.321620 -0.525360 -4.440465 0.165543 0.448993 -0.000967 
-0.329087 -0.530818 -4.230612 0.165167 0.449391 -0.003469 
-0.336028 -0.519420 -4.022006 0.164910 0.449794 -0.005538 
-0.335864 -0.513187 -3.814258 0.164781 0.450432 -0.007401 
-0.333602 -0.506917 -3.815245 0.164505 0.450993 -0.006866 
-0.329635 -0.501245 -3.951664 0.164072 0.451660 -0.004836 
-0.327680 -0.502928 -4.119426 0.164070 0.452055 -0.002733 
-0.324449 -0.504694 -4.317829 0.163749 0.452446 -0.000329 
-0.321512 -0.514259 -4.556886 0.163375 0.452650 0.002146 
-0.313997 -0.519154 -4.577692 0.163346 0.452789 0.002340 
-0.315654 -0.510195 -4.442044 0.163561 0.452688 0.000741 
-0.324642 -0.504999 -4.233291 0.163581 0.452528 -0.001543 
-0.334287 -0.499511 -4.045029 0.163765 0.452281 -0.003845 
-0.331292 -0.492286 -3.816016 0.164287 0.451558 -0.006435 
-0.332246 -0.499270 -3.804394 0.164237 0.451176 -0.006958 
-0.339821 -0.493635 -3.938911 0.164441 0.450774 -0.005997 
-0.339772 -0.509807 -4.156195 0.164500 0.450514 -0.004364 
-0.339502 -0.525784 -4.343972 0.164559 0.450248 -0.002384 
-0.339369 -0.524740 -4.583834 0.164901 0.449903 -0.000016 
-0.339858 -0.532741 -4.605378 0.165007 0.449812 0.000390 
-0.348412 -0.527932 -4.471071 0.165189 0.449758 -0.000674 
-0.349353 -0.510647 -4.254025 0.165299 0.449739 -0.002306 
-0.350716 -0.516730 -4.046573 0.165083 0.449235 -0.003945 
-0.358366 -0.503000 -3.807555 0.164841 0.449066 -0.005982 
-0.357050 -0.494329 -3.795560 0.164420 0.448962 -0.006389 
-0.354949 -0.494392 -3.938865 0.163946 0.448872 -0.005538 
-0.359088 -0.509429 -4.144484 0.163367 0.449403 -0.004109 
-0.356767 -0.519825 -4.339748 0.162983 0.449793 -0.002884 
-0.354853 -0.531014 -4.587830 0.162919 0.450387 -0.001069 
-0.348093 -0.528977 -4.587939 0.163258 0.450914 -0.001294 
-0.356999 -0.526350 -4.454241 0.163746 0.451436 -0.002372 
-0.352871 -0.530706 -4.258678 0.164350 0.451567 -0.003933 
-0.349131 -0.526212 -4.053883 0.165176 0.451609 -0.005271 
-0.352777 -0.524093 -3.828193 0.165820 0.451220 -0.006691 
-0.353607 -0.514884 -3.840292 0.166207 0.451042 -0.006165 
-0.339685 -0.514273 -3.975718 0.166548 0.450775 -0.004996 
-0.345586 -0.517963 -4.192531 0.166370 0.450561 -0.003355 
-0.351308 -0.530442 -4.387389 0.165968 0.450433 -0.002231 
-0.341665 -0.536682 -4.613336 0.165620 0.450778 -0.000925 
-0.341252 -0.546290 -4.611635 0.165392 0.451056 -0.001463 
-0.348406 -0.535481 -4.474959 0.165295 0.451567 -0.003276 
-0.355394 -0.532444 -4.266568 0.164979 0.451966 -0.005241 
-0.362843 -0.528159 -4.060093 0.164833 0.452084 -0.006563 
-0.355871 -0.514482 -3.834041 0.164760 0.451912 -0.007648 
-0.347720 -0.508904 -3.836590 0.164644 0.451573 -0.006571 
-0.345408 -0.508277 -3.973396 0.164336 0.451389 -0.004429 
-0.336714 -0.510741 -4.141338 0.164173 0.450876 -0.002099 
-0.335328 -0.518378 -4.328357 0.163970 0.450606 -0.000219 
-0.319346 -0.526062 -4.576958 0.163779 0.450242 0.001931 
-0.327371 -0.529032 -4.595967 0.163754 0.449916 0.001489 
-0.329244 -0.520140 -4.459481 0.163969 0.449815 -0.000430 
-0.331584 -0.519487 -4.260839 0.164122 0.449704 -0.002834 
-0.341229 -0.513999 -4.072577 0.164305 0.449457 -0.005137 
-0.343475 -0.505879 -3.844519 0.164670 0.449632 -0.007306 
-0.337022 -0.510624 -3.835521 0.164961 0.449776 -0.007092 
-0.329468 -0.507186 -3.951887 0.165318 0.449935 -0.005482 
-0.320527 -0.520742 -4.160855 0.165239 0.450092 -0.003093 
-0.318990 -0.522824 -4.339014 0.165395 0.450587 -0.001002 
-0.315966 -0.525051 -4.579000 0.165234 0.451081 0.001684 
-0.314624 -0.526916 -4.599854 0.165061 0.451552 0.001984 
-0.313865 -0.519715 -4.454171 0.164783 0.451910 0.000717 
-0.327717 -0.512204 -4.234830 0.164333 0.452261 -0.001448 
-0.341575 -0.504821 -4.045835 0.163884 0.452617 -0.003639 
-0.341725 -0.495721 -3.815546 0.163453 0.452489 -0.006111 
-0.341236 -0.487720 -3.794002 0.163347 0.452581 -0.006518 
-0.331614 -0.492551 -3.927767 0.162844 0.452627 -0.005448 
-0.330411 -0.501407 -4.145436 0.162794 0.452648 -0.003600 
-0.322765 -0.504737 -4.333336 0.162947 0.452336 -0.001616 
-0.323068 -0.503205 -4.564181 0.163453 0.451899 0.001080 
-0.325323 -0.519124 -4.576629 0.163983 0.451721 0.001593 
-0.328403 -0.525285 -4.432633 0.164413 0.451240 0.000533 
-0.332699 -0.513490 -4.226075 0.165126 0.450479 -0.001325 
-0.336607 -0.510543 -4.028749 0.165616 0.449808 -0.003407 
-0.338829 -0.506888 -3.809244 0.165468 0.448929 -0.005779 
-0.346840 -0.500345 -3.796549 0.165349 0.448315 -0.006614 
-0.338178 -0.512288 -3.949038 0.164796 0.447984 -0.006094 
-0.336989 -0.520880 -4.154632 0.164586 0.447906 -0.004875 
-0.341509 -0.517683 -4.349662 0.164134 0.448064 -0.003641 
-0.346244 -0.524330 -4.587632 0.163937 0.448608 -0.001705 
-0.345575 -0.534894 -4.587914 0.163862 0.449173 -0.001608 
-0.353977 -0.524530 -4.444747 0.164404 0.449885 -0.002462 
-0.354739 -0.525811 -4.249528 0.164545 0.450339 -0.003590 
-0.356151 -0.526670 -4.044453 0.164848 0.450701 -0.004711 
-0.356635 -0.510009 -3.818153 0.164953 0.450869 -0.006016 
-0.349092 -0.505656 -3.819330 0.164988 0.450819 -0.005586 
-0.347843 -0.505630 -3.964017 0.164836 0.450737 -0.004420 
-0.346407 -0.514786 -4.129172 0.164621 0.450844 -0.003169 
-0.345588 -0.515416 -4.344949 0.164628 0.450870 -0.002067 
-0.336850 -0.530056 -4.602839 0.164544 0.451223 -0.000366 
-0.345180 -0.526847 -4.622243 0.164884 0.451477 -0.000925 
-0.354758 -0.523663 -4.496960 0.165375 0.451812 -0.002650 
-0.350409 -0.528575 -4.309575 0.165815 0.452037 -0.004861 
-0.353433 -0.536125 -4.113369 0.166232 0.451929 -0.006524 
-0.356766 -0.527096 -3.866439 0.166923 0.451920 -0.008357 
-0.342177 -0.525998 -3.847915 0.166938 0.451626 -0.007695 
-0.340491 -0.525709 -3.963934 0.166787 0.451538 -0.005861 
-0.338216 -0.524580 -4.172363 0.166487 0.451173 -0.003456 
-0.335964 -0.532571 -4.370076 0.166122 0.450994 -0.001262 
-0.332386 -0.532284 -4.598215 0.165496 0.450813 0.001128 
-0.338188 -0.527961 -4.617068 0.165041 0.450761 0.000907 
-0.336818 -0.520158 -4.480096 0.164446 0.450923 -0.000681 
-0.344080 -0.515277 -4.250309 0.163982 0.450843 -0.002941 
-0.351550 -0.510856 -4.062104 0.163677 0.450867 -0.004918 
-0.352424 -0.508937 -3.833108 0.163356 0.450455 -0.006964 
-0.344439 -0.504944 -3.812954 0.163227 0.450494 -0.006837 
-0.337413 -0.508483 -3.949721 0.163535 0.450275 -0.005135 
-0.330385 -0.512544 -4.159255 0.164005 0.450162 -0.002856 
-0.330028 -0.521183 -4.347961 0.164276 0.450187 -0.000666 
-0.330071 -0.521230 -4.588127 0.164771 0.450130 0.001696 
-0.324122 -0.533711 -4.588599 0.165009 0.450084 0.001687 
-0.326237 -0.533383 -4.433218 0.165323 0.450075 0.000207 
-0.327461 -0.524391 -4.233819 0.165213 0.449959 -0.002297 
-0.328686 -0.515398 -4.034419 0.165104 0.449843 -0.004801 
-0.343404 -0.507533 -3.804384 0.164816 0.450104 -0.007280 
-0.334573 -0.503758 -3.813195 0.164366 0.450139 -0.007494 
-0.331775 -0.505137 -3.937153 0.163883 0.450424 -0.006310 
-0.328550 -0.507032 -4.165903 0.163562 0.450819 -0.003932 
-0.326146 -0.509468 -4.354756 0.163556 0.451406 -0.001528 
-0.323121 -0.511694 -4.594742 0.163394 0.451900 0.001159 
-0.322256 -0.521304 -4.576449 0.163326 0.452271 0.001917 
-0.330354 -0.517119 -4.432886 0.163504 0.452405 0.001180 
-0.332410 -0.508173 -4.216598 0.163876 0.452391 -0.000353 
-0.327030 -0.502076 -4.018828 0.163911 0.451942 -0.002322 
-0.336493 -0.495369 -3.799915 0.163941 0.451403 -0.004592 
-0.336989 -0.493721 -3.808026 0.163792 0.450928 -0.005234 
-0.336935 -0.499988 -3.951184 0.163596 0.450276 -0.004598 
-0.336847 -0.507406 -4.125831 0.163553 0.449916 -0.003673 
-0.336894 -0.507683 -4.330915 0.163723 0.449851 -0.002885 
-0.337034 -0.525204 -4.609195 0.163936 0.449886 -0.001310 
-0.338775 -0.533881 -4.589167 0.164355 0.449988 -0.001518 
-0.348163 -0.529871 -4.475655 0.164854 0.450134 -0.002608 
-0.343790 -0.524910 -4.261301 0.165523 0.450075 -0.003612 
-0.352332 -0.519845 -4.066301 0.165704 0.450013 -0.004625 
-0.354447 -0.508988 -3.829455 0.165927 0.449519 -0.006132 
-0.353182 -0.508054 -3.810337 0.165612 0.449317 -0.005465 
-0.343948 -0.504035 -3.934871 0.165332 0.449273 -0.004171 
-0.340562 -0.504575 -4.151239 0.164698 0.449282 -0.002417 
-0.338017 -0.505520 -4.345983 0.164221 0.449388 -0.001290 
-0.342403 -0.519993 -4.592041 0.163648 0.449735 0.000107 
-0.356316 -0.522271 -4.609488 0.163463 0.450309 -0.000877 
-0.356869 -0.524365 -4.483138 0.163440 0.450865 -0.002706 
-0.358775 -0.533455 -4.264526 0.163524 0.451127 -0.004994 
-0.361879 -0.525375 -4.068195 0.164211 0.451313 -0.006872 
-0.350417 -0.525316 -3.842623 0.164849 0.451391 -0.008299 
-0.344377 -0.520453 -3.835326 0.165369 0.451257 -0.007547 
-0.345920 -0.519339 -3.963906 0.166187 0.451005 -0.005414 
-0.338113 -0.531091 -4.183205 0.166282 0.450693 -0.003031 
-0.337297 -0.531099 -4.391644 0.166454 0.450625 -0.000959 
-0.343662 -0.543550 -4.619069 0.166376 0.450508 0.000775 
-0.336377 -0.548248 -4.626960 0.166186 0.450550 0.000017 
-0.343618 -0.544776 -4.489355 0.165877 0.450770 -0.002006 
-0.344555 -0.528114 -4.279647 0.165821 0.450845 -0.004608 
-0.344518 -0.528196 -4.069827 0.165327 0.450905 -0.006995 
-0.344413 -0.520053 -3.841521 0.165050 0.451064 -0.008832 
-0.336002 -0.516053 -3.853391 0.164923 0.451105 -0.008089 
-0.334014 -0.508359 -3.971178 0.164985 0.451307 -0.005723 
-0.331531 -0.516547 -4.181805 0.164780 0.451226 -0.002579 
-0.328735 -0.517825 -4.371192 0.164622 0.451524 0.000153 
-0.327078 -0.517427 -4.601256 0.164639 0.451358 0.002854 
-0.320665 -0.521149 -4.591115 0.164777 0.451215 0.002753 
-0.328992 -0.516768 -4.434638 0.164794 0.451250 0.001065 
-0.337215 -0.518999 -4.223575 0.164280 0.450793 -0.001745 
-0.339547 -0.508961 -4.023575 0.164338 0.450398 -0.004568 
-0.334156 -0.503358 -3.802797 0.164208 0.450039 -0.007481 
-0.334565 -0.494373 -3.811836 0.164272 0.449855 -0.007913 
-0.333990 -0.503046 -3.935952 0.164218 0.449866 -0.006950 
-0.325895 -0.507129 -4.144943 0.164366 0.449746 -0.004665 
-0.324382 -0.508452 -4.334034 0.164529 0.450053 -0.002259 
-0.323150 -0.517838 -4.575855 0.164798 0.450271 0.000848 
-0.323143 -0.527487 -4.589290 0.165053 0.450654 0.001896 
-0.323913 -0.519017 -4.446065 0.165265 0.450738 0.001267 
-0.324473 -0.519965 -4.239609 0.165246 0.451093 -0.000169 
-0.317938 -0.506552 -4.042225 0.165173 0.450926 -0.001923 
-0.332193 -0.489927 -3.801577 0.164786 0.451090 -0.004493 
-0.330334 -0.498134 -3.787792 0.163925 0.450973 -0.005329 
-0.327751 -0.490325 -3.939898 0.163346 0.450979 -0.004910 
-0.325206 -0.491270 -4.134641 0.162869 0.451084 -0.003784 
-0.330190 -0.496833 -4.340284 0.162517 0.451339 -0.002458 
-0.328799 -0.514871 -4.578422 0.162403 0.451549 -0.000525 
-0.329867 -0.514849 -4.578965 0.162724 0.451557 -0.000531 
-0.340148 -0.518982 -4.436703 0.163485 0.451703 -0.001174 
-0.336232 -0.513397 -4.231604 0.164159 0.451457 -0.002506 
-0.339668 -0.511340 -4.037099 0.164804 0.451071 -0.003631 
-0.343114 -0.508889 -3.800172 0.165289 0.450583 -0.005359 
-0.330290 -0.506453 -3.801538 0.165636 0.449922 -0.005036 
-0.337085 -0.508510 -3.945821 0.165465 0.449321 -0.003971 
-0.335960 -0.515320 -4.161204 0.165109 0.448768 -0.002752 
-0.334570 -0.523581 -4.355561 0.164740 0.448592 -0.001841 
-0.347081 -0.524505 -4.601090 0.164418 0.448714 -0.000760 
-0.346884 -0.534181 -4.598550 0.164189 0.448993 -0.001620 
-0.347825 -0.527425 -4.462969 0.164388 0.449459 -0.003225 
-0.348554 -0.520080 -4.255459 0.164428 0.449818 -0.005087 
-0.357246 -0.516864 -4.049832 0.164756 0.450232 -0.006420 
-0.351566 -0.512617 -3.824843 0.165098 0.450353 -0.007413 
-0.358375 -0.509430 -3.827112 0.165278 0.450691 -0.006669 
-0.350242 -0.514015 -3.964479 0.165418 0.450751 -0.004647 
-0.341207 -0.510849 -4.173017 0.165457 0.450913 -0.002468 
-0.340003 -0.519706 -4.390687 0.165408 0.450935 -0.000619 
-0.345645 -0.524976 -4.616820 0.165218 0.451101 0.000688 
-0.353015 -0.538246 -4.624036 0.164960 0.451241 -0.000286 
-0.353843 -0.538496 -4.476290 0.164789 0.451318 -0.002410 
-0.355894 -0.530173 -4.267340 0.164995 0.451398 -0.004913 
-0.350906 -0.525234 -4.069036 0.165183 0.451238 -0.007209 
-0.352527 -0.516776 -3.861765 0.165390 0.451316 -0.009070 
-0.353814 -0.516198 -3.854130 0.165876 0.451231 -0.008426 
-0.345706 -0.520024 -4.002429 0.166023 0.451102 -0.006089 
-0.337812 -0.524438 -4.222657 0.166330 0.451081 -0.003496 
-0.329052 -0.528685 -4.380812 0.166314 0.451044 -0.001166 
-0.334482 -0.533264 -4.600445 0.166291 0.451116 0.001432 
-0.326551 -0.537760 -4.610853 0.166104 0.451156 0.001638 
-0.333448 -0.541491 -4.473996 0.165584 0.451084 0.000046 
-0.340205 -0.519618 -4.263727 0.165079 0.450915 -0.002436 
-0.340408 -0.519008 -4.064000 0.164590 0.450787 -0.004830 
-0.347423 -0.505434 -3.822761 0.164026 0.450612 -0.007502 
-0.346154 -0.505124 -3.810981 0.163546 0.450504 -0.007806 
-0.344536 -0.513061 -3.945485 0.163177 0.450319 -0.006522 
-0.335501 -0.509895 -4.154023 0.163216 0.450481 -0.004343 
-0.327164 -0.514669 -4.352922 0.163359 0.450549 -0.002052 
-0.319518 -0.527776 -4.584601 0.163766 0.450624 0.000955 
-0.327636 -0.523876 -4.597506 0.164272 0.450782 0.001687 
-0.330388 -0.523392 -4.444346 0.164908 0.450780 0.000843 
-0.332491 -0.522806 -4.228273 0.165221 0.450763 -0.000585 
-0.326871 -0.517401 -4.020410 0.165251 0.450502 -0.002548 
-0.335394 -0.503445 -3.801044 0.165172 0.450245 -0.004924 
-0.326603 -0.498646 -3.808711 0.164568 0.449994 -0.005453 
-0.324524 -0.507830 -3.941299 0.164030 0.450089 -0.004812 
-0.321569 -0.508504 -4.155990 0.163395 0.450099 -0.003700 
-0.319401 -0.510872 -4.362275 0.163230 0.450592 -0.002271 
-0.316413 -0.521954 -4.579469 0.162843 0.451173 -0.000425 
-0.323654 -0.518902 -4.580060 0.163021 0.451513 -0.000323 
-0.331083 -0.525282 -4.436780 0.163124 0.452210 -0.000963 
-0.325772 -0.513074 -4.221973 0.163684 0.452435 -0.002073 
-0.334965 -0.507587 -4.017118 0.164028 0.452280 -0.003078 
-0.337496 -0.497129 -3.790670 0.164410 0.451886 -0.004597 
-0.329824 -0.500046 -3.791757 0.164233 0.451546 -0.004057 
-0.336572 -0.493742 -3.935824 0.164121 0.450948 -0.003097 
-0.328120 -0.496266 -4.151544 0.163799 0.450346 -0.001769 
-0.327387 -0.504235 -4.366393 0.163594 0.450081 -0.000877 
-0.334399 -0.516888 -4.591302 0.163513 0.449966 -0.000107 
-0.335912 -0.516736 -4.578091 0.163673 0.449877 -0.001383 
-0.346229 -0.520469 -4.442025 0.164115 0.449830 -0.003312 
-0.349180 -0.520418 -4.234673 0.164585 0.449914 -0.005394 
-0.352351 -0.519810 -4.019143 0.165219 0.449905 -0.006828 
-0.347151 -0.514181 -3.814339 0.165572 0.449650 -0.007833 
-0.330530 -0.463889 -3.827988 0.165776 0.449656 -0.006541 
-0.310493 -0.414246 -3.943961 0.165179 0.449748 -0.004361 
-0.256420 -0.401325 -4.152650 0.163223 0.450459 -0.000869 
-0.247108 -0.448036 -4.321117 0.161141 0.451644 0.002738 
-0.269698 -0.520999 -4.542354 0.159822 0.453241 0.006596 
-0.323851 -0.560489 -4.543200 0.159029 0.455038 0.007324 
-0.395089 -0.549898 -4.383968 0.158891 0.456948 0.004660 
-0.400174 -0.537695 -4.159458 0.159924 0.458097 -0.000532 
-0.354708 -0.548983 -3.936235 0.162589 0.458596 -0.006399 
-0.319425 -0.561788 -3.640926 0.165717 0.458486 -0.012956 
-0.315064 -0.585770 -3.562286 0.167475 0.458046 -0.017102 
-0.341811 -0.578381 -3.629530 0.168318 0.457192 -0.018980 
-0.370323 -0.555826 -3.749933 0.167825 0.455696 -0.018941 
-0.393202 -0.548321 -3.861247 0.165622 0.453770 -0.017368 
-0.359405 -0.535310 -4.014971 0.161887 0.451266 -0.014087 
-0.329368 -0.509456 -3.931707 0.157102 0.448853 -0.011548 
-0.333716 -0.435334 -3.724176 0.151987 0.446109 -0.009623 
-0.363138 -0.334043 -3.452966 0.145760 0.442968 -0.007932 
-0.405420 -0.224679 -3.243317 0.139264 0.439930 -0.005750 
-0.408617 -0.132076 -2.943392 0.131545 0.435737 -0.002396 
-0.386881 -0.073010 -2.896623 0.125225 0.431399 0.003709 
-0.355666 -0.047576 -3.007727 0.120290 0.427005 0.011038 
-0.350633 -0.017953 -3.203259 0.116821 0.422717 0.018704 
-0.389804 0.016528 -3.415090 0.115933 0.418556 0.027071 
-0.450607 0.040421 -3.694703 0.117533 0.415132 0.036403 
-0.519794 0.051459 -3.750622 0.121597 0.413069 0.043724 
-0.582097 0.043957 -3.700524 0.127295 0.411410 0.048096 
-0.648271 0.030051 -3.591590 0.133904 0.411291 0.048625 
-0.737032 0.013647 -3.534796 0.140644 0.412763 0.045658 
-0.877844 -0.013845 -3.467044 0.147433 0.416020 0.038388 
-1.039623 -0.042514 -3.614922 0.153888 0.420403 0.028461 
-1.205632 -0.090935 -3.885177 0.159242 0.426346 0.015526 
-1.359956 -0.105732 -4.223360 0.163878 0.433185 0.001904 
-1.527996 -0.107336 -4.682120 0.168602 0.444356 -0.008541 
-1.644158 -0.077017 -5.012979 0.171168 0.451824 -0.011930 
-1.862147 -0.049857 -4.976271 0.171874 0.452405 -0.010607 
-2.030112 -0.056432 -4.791770 0.170116 0.450882 -0.006003 
-2.214512 -0.074762 -4.524275 0.166654 0.449265 -0.000985 
-2.377304 -0.031129 -4.295648 0.164610 0.444468 0.002753 
-2.535738 0.033462 -4.084388 0.162555 0.439356 0.001556 
-2.682719 0.098911 -4.217560 0.159562 0.436688 -0.003164 
-2.777785 0.198667 -4.405927 0.156525 0.429086 -0.009687 
-2.886870 0.262534 -4.564682 0.155640 0.417834 -0.017154 
-3.005984 0.269151 -4.726167 0.153866 0.404997 -0.026868 
-3.153033 0.287578 -4.982334 0.151841 0.394870 -0.031321 
-3.312522 0.308014 -5.005670 0.153029 0.384059 -0.026073 
-3.501472 0.343541 -4.981987 0.157198 0.376533 -0.013782 
-3.606391 0.356803 -4.870378 0.160287 0.371069 -0.003689 
-3.709240 0.385305 -4.702017 0.163478 0.363074 -0.007453 
-3.772855 0.418409 -4.443584 0.166718 0.355544 -0.018651 
-3.793596 0.455198 -4.381442 0.168406 0.353291 -0.027803 
-3.894805 0.472411 -4.593480 0.169921 0.356220 -0.036926 
-3.933318 0.434397 -4.844341 0.170600 0.362227 -0.046561 
-4.021564 0.441345 -5.001227 0.169151 0.367726 -0.055627 
-4.095059 0.495793 -5.241852 0.165479 0.374119 -0.058289 
-4.045947 0.563290 -5.232277 0.161476 0.381451 -0.055812 
-4.098444 0.636101 -5.079109 0.158568 0.390345 -0.050773 
-4.140708 0.701984 -4.972712 0.155457 0.401940 -0.047306 
-4.172187 0.690386 -4.777143 0.152928 0.410635 -0.047310 
-4.308478 0.713698 -4.502733 0.151871 0.414143 -0.046869 
-4.338201 0.769770 -4.514130 0.150636 0.417804 -0.053417 
-4.323149 0.845994 -4.734311 0.150865 0.421186 -0.062515 
-4.311642 0.917760 -4.951985 0.153798 0.420686 -0.066355 
-4.239263 0.908723 -5.048471 0.155713 0.415978 -0.069315 
-4.290089 0.857420 -5.241760 0.156625 0.408690 -0.069215 
-4.422107 0.799080 -5.188946 0.157267 0.400498 -0.069855 
-4.477803 0.762966 -4.961033 0.157943 0.391101 -0.063787 
-4.558571 0.783164 -4.711380 0.157555 0.380274 -0.057321 
-4.581163 0.824714 -4.375745 0.156543 0.367982 -0.052251 
-4.621857 0.849208 -4.018193 0.153954 0.354752 -0.046705 
-4.712886 0.886408 -3.969463 0.150151 0.343050 -0.050206 
-4.671219 0.944837 -4.025772 0.144166 0.332636 -0.054955 
-4.618525 0.974721 -4.056735 0.137987 0.320786 -0.061499 
-4.612313 0.996522 -4.132489 0.132048 0.310422 -0.062741 
-4.570525 1.084550 -4.344558 0.125309 0.305956 -0.073672 
-4.583301 1.130146 -4.368659 0.119193 0.304517 -0.079569 
-4.565789 1.121636 -4.119509 0.114145 0.301546 -0.093833 
-4.599968 1.206492 -3.833501 0.111651 0.299940 -0.104325 
-4.663672 1.208739 -3.631256 0.110006 0.302439 -0.114767 
-4.539428 1.211120 -3.467015 0.110407 0.306151 -0.108462 
-4.369986 1.265552 -3.495474 0.112981 0.308169 -0.099527 
-4.222777 1.246368 -3.675812 0.116645 0.310754 -0.072118 
-4.205222 1.132426 -3.971245 0.121179 0.316910 -0.040283 
-4.247072 1.098232 -4.286968 0.128809 0.325234 -0.014291 
-4.245568 0.993293 -4.605716 0.136286 0.332828 0.005030 
-4.124096 0.889770 -4.693404 0.142702 0.340197 0.014054 
-4.062848 0.931347 -4.653314 0.149767 0.349328 0.001133 
-4.192852 0.861630 -4.590949 0.155128 0.357898 -0.026892 
-4.371106 0.770305 -4.440233 0.156928 0.364180 -0.062917 
-4.558230 0.748530 -4.223430 0.156639 0.367672 -0.099222 
-4.528048 0.672323 -4.218157 0.152898 0.367374 -0.122243 
-4.404859 0.631079 -4.301157 0.147540 0.363804 -0.129615 
-4.346134 0.709629 -4.413149 0.141069 0.357520 -0.120719 
-4.354079 0.683499 -4.535265 0.133990 0.349110 -0.095864 
-4.495969 0.620814 -4.703121 0.128994 0.340405 -0.062506 
-4.543775 0.614415 -4.624285 0.125722 0.329883 -0.031498 
-4.392791 0.551066 -4.381614 0.121834 0.316365 -0.012564 
-4.208849 0.584112 -4.101155 0.120722 0.303860 -0.013770 
-4.142831 0.712544 -3.911839 0.123910 0.292699 -0.025382 
-4.218591 0.690796 -3.650591 0.126276 0.279380 -0.044563 
-4.367058 0.654057 -3.604848 0.127059 0.266881 -0.061664 
-4.494765 0.575503 -3.802319 0.128699 0.256858 -0.067988 
-4.612101 0.432443 -4.098645 0.131829 0.247925 -0.060949 
-4.724494 0.396598 -4.337795 0.134426 0.239373 -0.055850 
-4.730346 0.347056 -4.584803 0.133451 0.232545 -0.053416 
-4.576844 0.234805 -4.582159 0.131628 0.228063 -0.057250 
-4.473888 0.204123 -4.426611 0.133388 0.228628 -0.067784 
-4.411473 0.031123 -4.194444 0.134758 0.232259 -0.084557 
-4.254661 -0.144597 -3.894093 0.133750 0.237619 -0.095043 
-4.061752 -0.172463 -3.608308 0.134450 0.245695 -0.089348 
-3.784449 -0.186336 -3.568878 0.137085 0.255279 -0.060640 
-3.607354 -0.123403 -3.693469 0.140212 0.266403 -0.023590 
-3.596714 -0.053339 -3.942560 0.141848 0.278978 0.004043 
-3.703100 -0.159642 -4.257859 0.141692 0.292373 0.019133 
-3.930352 -0.225292 -4.659656 0.143839 0.305559 0.015591 
-4.074865 -0.223952 -4.770707 0.145041 0.314388 -0.005201 
-3.970192 -0.245464 -4.706590 0.141722 0.318374 -0.024134 
-3.815792 -0.090984 -4.563073 0.138706 0.320366 -0.038300 
-3.784432 0.076731 -4.376193 0.138769 0.316637 -0.047251 
-3.822916 0.078350 -4.103078 0.137624 0.306233 -0.057174 
-3.846081 0.041091 -4.100765 0.133013 0.295540 -0.069862 
-3.779621 -0.064402 -4.191556 0.130232 0.284029 -0.075497 
-3.660940 -0.088501 -4.230598 0.130792 0.265790 -0.075455 
-3.685614 -0.068277 -4.202611 0.132385 0.246004 -0.066429 
-3.886577 -0.164926 -4.268743 0.129846 0.228387 -0.045905 
-4.115475 -0.257904 -4.083911 0.127787 0.208919 -0.028474 
-4.151599 -0.212505 -3.816126 0.128411 0.187736 -0.028959 
-3.882863 -0.274750 -3.576357 0.124913 0.169509 -0.040115 
-3.528885 -0.285349 -3.432239 0.118611 0.156436 -0.059714 
-3.287169 -0.237080 -3.198593 0.114420 0.145026 -0.079901 
-3.025291 -0.281168 -3.212955 0.111051 0.139718 -0.083909 
-2.701182 -0.417279 -3.491380 0.109171 0.145771 -0.070322 
-2.486277 -0.317306 -3.863539 0.114030 0.159991 -0.052402 
-2.463857 -0.292959 -4.262460 0.123547 0.180604 -0.035419 
-2.657037 -0.407057 -4.728640 0.134370 0.208307 -0.025073 
-2.889800 -0.504709 -4.902474 0.146067 0.237851 -0.030265 
-2.883212 -0.614162 -4.781301 0.155882 0.262036 -0.034597 
-2.726751 -0.656541 -4.547792 0.161915 0.283957 -0.028867 
-2.573951 -0.602849 -4.378082 0.165251 0.301254 -0.027453 
-2.358026 -0.533804 -4.060081 0.163428 0.304768 -0.039722 
-2.179864 -0.657602 -3.934943 0.153650 0.302646 -0.050441 
-1.923111 -0.725405 -3.869344 0.139177 0.295415 -0.058168 
-1.842588 -0.712053 -3.831029 0.125669 0.279639 -0.051211 
-1.870526 -0.822334 -3.709922 0.111879 0.257329 -0.024958 
-1.980330 -0.929106 -3.766522 0.099199 0.233982 -0.004968 
-2.015466 -0.975194 -3.654427 0.091320 0.203682 -0.001854 
-1.839970 -1.005749 -3.511770 0.089940 0.171425 -0.007157 
-1.518454 -1.041868 -3.451639 0.094708 0.144833 -0.024385 
-1.252932 -0.993047 -3.389536 0.106469 0.119444 -0.042978 
-1.052381 -0.997619 -3.330820 0.117652 0.104553 -0.048944 
-0.774587 -1.195438 -3.630291 0.137826 0.099280 -0.033565 
-0.666522 -1.245234 -4.067201 0.159739 0.107030 -0.025269 
-0.722844 -1.410208 -4.545041 0.181543 0.125735 -0.017491 
-0.873090 -1.658231 -5.009867 0.199319 0.157183 -0.016786 
-1.061545 -1.744259 -5.374574 0.213380 0.192191 -0.020734 
-1.052464 -1.727727 -5.322824 0.219743 0.223226 -0.015771 
-0.977500 -1.689026 -5.081744 0.214076 0.253774 -0.005414 
-0.951867 -1.562539 -4.761538 0.199352 0.277196 -0.006956 
-0.855502 -1.383790 -4.323310 0.178289 0.286140 -0.017448 
-0.778954 -1.435593 -3.896606 0.150775 0.288223 -0.030871 
-0.543495 -1.384572 -3.671826 0.124898 0.283632 -0.041379 
-0.461318 -1.327186 -3.525180 0.097708 0.268867 -0.039585 
-0.558636 -1.425621 -3.409316 0.077207 0.248948 -0.014648 
-0.666273 -1.454032 -3.439513 0.067809 0.228202 0.004675 
-0.675392 -1.466167 -3.613026 0.070967 0.199993 0.008763 
-0.478896 -1.476268 -3.689023 0.084056 0.173684 0.007283 
-0.217139 -1.488307 -3.829770 0.106971 0.152955 0.000280 
-0.173916 -1.460030 -3.940646 0.139365 0.131877 -0.004665 
-0.050734 -1.590531 -4.030776 0.173258 0.117656 0.003854 
-0.017126 -1.822461 -4.287911 0.204776 0.115702 0.011017 
-0.016901 -1.882002 -4.574323 0.233304 0.117676 0.012118 
-0.212599 -2.039996 -4.942584 0.254272 0.127092 0.010361 
-0.450152 -2.221708 -5.205617 0.261851 0.143998 -0.003850 
-0.721515 -2.310377 -5.341477 0.256715 0.160072 -0.026932 
-0.695073 -2.302065 -5.264541 0.239251 0.172172 -0.033922 
-0.513831 -2.215620 -4.831549 0.211965 0.184810 -0.027147 
-0.429736 -2.027770 -4.390640 0.180190 0.196044 -0.027739 
-0.314635 -1.763836 -3.825208 0.148485 0.201626 -0.028990 
-0.219192 -1.756176 -3.195183 0.118019 0.205612 -0.025145 
-0.072921 -1.664081 -3.013101 0.094788 0.212516 -0.017718 
0.113209 -1.538848 -2.684939 0.081144 0.209811 0.005679 
-0.076852 -1.577184 -2.748144 0.076598 0.210235 0.036991 
-0.151255 -1.572221 -3.179231 0.081597 0.214201 0.051091 
-0.406977 -1.614756 -3.811398 0.102400 0.210724 0.042983 
-0.241025 -1.695336 -4.326201 0.131372 0.201860 0.022973 
-0.128069 -1.901109 -4.808692 0.161353 0.196924 -0.006662 
-0.033061 -1.909834 -5.172098 0.194154 0.189230 -0.032692 
0.095827 -1.913687 -5.057572 0.227640 0.175354 -0.036059 
0.055319 -2.031331 -4.969023 0.253641 0.162524 -0.032310 
0.004395 -2.016814 -4.987551 0.268186 0.156025 -0.034393 
-0.264577 -2.097732 -5.019826 0.272775 0.146894 -0.032047 
-0.582131 -2.324674 -4.783729 0.265849 0.135598 -0.027831 
-0.922100 -2.342984 -4.569994 0.245747 0.129594 -0.025552 
-1.021271 -2.188149 -4.415899 0.217362 0.126772 -0.014490 
-0.898365 -1.938299 -4.130450 0.186070 0.123269 -0.005274 
-0.857920 -1.589879 -3.805812 0.157986 0.120926 -0.012981 
-0.776391 -1.390890 -3.479494 0.129347 0.125948 -0.033479 
-0.590201 -1.374655 -3.160763 0.102854 0.134269 -0.057137 
-0.427975 -1.347933 -3.175787 0.089298 0.146102 -0.070480 
-0.139522 -1.284593 -2.826322 0.086194 0.154508 -0.055530 
-0.370794 -1.350591 -3.068329 0.092678 0.169973 -0.026217 
-0.362800 -1.467931 -3.489815 0.103925 0.188241 -0.009633 
-0.539924 -1.581098 -4.123860 0.134715 0.202878 -0.001836 
-0.525176 -1.789587 -4.646582 0.175392 0.208557 -0.004334 
-0.333492 -1.937901 -5.293744 0.211936 0.216944 -0.011072 
-0.399838 -2.170146 -5.565282 0.240332 0.220156 -0.015936 
-0.325336 -1.999756 -5.240458 0.265834 0.212332 -0.020713 
-0.401579 -2.043523 -5.010348 0.282356 0.200497 -0.025899 
-0.428795 -1.954522 -4.952484 0.286500 0.194389 -0.038564 
-0.617564 -1.955288 -4.583285 0.278332 0.183560 -0.057079 
-0.826563 -2.182387 -4.181566 0.254101 0.163960 -0.069420 
-1.093892 -2.223297 -3.882051 0.217163 0.151840 -0.072977 
-1.305560 -2.054350 -3.791147 0.178694 0.142250 -0.061407 
-1.248450 -1.748058 -3.600518 0.146170 0.126628 -0.048979 
-1.117842 -1.482286 -3.514035 0.119031 0.113256 -0.043308 
-0.970159 -1.288983 -3.551990 0.098621 0.108446 -0.045692 
-0.756875 -1.235089 -3.510296 0.089799 0.105986 -0.051918 
-0.639811 -1.208225 -3.374755 0.099213 0.105661 -0.048075 
-0.384475 -1.351978 -3.333686 0.117317 0.112102 -0.026480 
-0.409074 -1.396418 -3.418450 0.139652 0.126394 -0.009913 
-0.450845 -1.708622 -3.780588 0.167655 0.147704 -0.000614 
-0.527864 -1.849128 -4.214319 0.204882 0.167612 -0.004506 
-0.667742 -2.174480 -4.811324 0.240134 0.185768 -0.022393 
-0.520936 -2.241033 -5.133774 0.261926 0.204830 -0.043192 
-0.452215 -2.312408 -5.392751 0.273360 0.217563 -0.045907 
-0.378639 -2.109077 -5.300621 0.277076 0.221339 -0.044774 
-0.355650 -1.883283 -5.158672 0.274170 0.220292 -0.046220 
-0.404998 -2.025824 -4.899406 0.258660 0.219176 -0.046024 
-0.468230 -2.030694 -4.419039 0.234458 0.211470 -0.050200 
-0.658193 -2.151921 -3.942265 0.203908 0.196571 -0.048347 
-0.751244 -2.074820 -3.577858 0.170636 0.185899 -0.032687 
-1.001745 -1.920668 -3.406876 0.146023 0.175541 -0.018251 
-0.970046 -1.662527 -3.398070 0.129388 0.158296 -0.012758 
-0.855712 -1.565636 -3.399125 0.120662 0.145178 -0.017269 
-0.680456 -1.560850 -3.528568 0.120484 0.136670 -0.033263 
-0.435883 -1.544451 -3.824580 0.130403 0.125799 -0.054241 
-0.163204 -1.638084 -3.867704 0.149523 0.115463 -0.058148 
-0.163921 -1.659897 -3.798327 0.173001 0.115433 -0.038294 
-0.062539 -1.669047 -4.182362 0.195518 0.124218 -0.019556 
-0.074978 -1.830070 -4.275105 0.221708 0.132932 -0.002396 
-0.131475 -2.131841 -4.311365 0.245267 0.143013 0.006201 
-0.209277 -2.263298 -4.684644 0.255393 0.156270 -0.002299 
-0.264569 -2.352594 -5.097260 0.260521 0.176944 -0.008358 
-0.093266 -2.212064 -5.125692 0.266100 0.192469 -0.002159 
-0.008664 -1.993683 -5.363186 0.265921 0.201465 -0.004519 
0.063719 -1.826453 -5.354473 0.256030 0.216573 -0.017549 
0.075575 -1.967061 -4.808590 0.236039 0.228348 -0.028019 
0.067318 -1.973899 -4.272429 0.210716 0.227773 -0.045617 
-0.169734 -1.777988 -3.783770 0.183313 0.231491 -0.054814 
-0.323750 -1.756465 -3.254735 0.157313 0.232689 -0.037992 
-0.555492 -1.736046 -3.157073 0.135630 0.224456 -0.021170 
-0.723206 -1.694754 -3.137838 0.123459 0.211199 -0.015325 
-0.605169 -1.743860 -3.077223 0.117887 0.197433 -0.010878 
-0.404846 -1.649883 -3.399260 0.120784 0.180330 -0.016549 
-0.261307 -1.458039 -3.986062 0.135442 0.159797 -0.025221 
-0.013028 -1.334205 -4.328441 0.158351 0.144825 -0.017179 
0.197172 -1.401287 -4.549968 0.181662 0.129184 0.002255 
0.180461 -1.325313 -4.638896 0.203583 0.119559 0.014750 
0.237342 -1.440212 -4.605117 0.220489 0.120876 0.025073 
0.114709 -1.613061 -4.589422 0.234306 0.125115 0.021011 
-0.078959 -1.701836 -4.772374 0.243695 0.129594 0.003051 
-0.165953 -1.846148 -4.840548 0.246640 0.139797 -0.004728 
-0.205425 -1.939346 -5.013613 0.243706 0.157657 0.000075 
-0.195769 -1.800590 -5.173528 0.236321 0.174089 -0.008335 
-0.169612 -1.774998 -5.018290 0.227651 0.188296 -0.020232 
-0.081937 -1.776428 -4.458198 0.211893 0.204003 -0.031280 
-0.076303 -1.654371 -4.111167 0.191021 0.218160 -0.042252 
-0.096743 -1.568036 -3.647198 0.168922 0.228678 -0.034851 
-0.158132 -1.599461 -3.148283 0.150161 0.232013 -0.007814 
-0.262952 -1.719255 -2.915548 0.131893 0.231718 0.012240 
-0.269351 -1.770993 -2.987405 0.121088 0.228026 0.023835 
-0.150160 -1.828663 -3.049995 0.122049 0.217424 0.024286 
0.043289 -1.669977 -3.411894 0.133587 0.205839 0.004584 
0.228726 -1.507820 -4.036353 0.151428 0.193306 -0.015746 
0.500549 -1.266037 -4.638974 0.175029 0.180828 -0.013277 
0.661807 -1.268428 -5.052218 0.200540 0.167775 0.000492 
0.743397 -1.229256 -5.305112 0.223231 0.158425 0.012919 
0.606643 -1.446918 -5.263274 0.237217 0.155796 0.026307 
0.458563 -1.742383 -4.934358 0.241951 0.154482 0.032741 
0.269176 -1.861688 -4.566221 0.243391 0.157138 0.030390 
0.259226 -1.894102 -4.573012 0.244440 0.165056 0.039486 
0.315185 -1.832138 -4.729699 0.245392 0.176301 0.047704 
0.195932 -1.885231 -4.722960 0.241561 0.186747 0.039270 
0.051003 -1.861783 -4.483559 0.229237 0.197532 0.021327 
-0.024307 -1.929533 -4.280431 0.206347 0.206999 -0.003054 
0.044725 -1.744774 -3.983171 0.182737 0.216299 -0.035501 
0.168154 -1.482050 -3.614847 0.163733 0.221753 -0.047404 
0.205781 -1.434148 -3.384455 0.145601 0.221769 -0.030297 
0.023927 -1.588492 -3.162231 0.129134 0.220750 -0.015106 
-0.155413 -1.728224 -2.878199 0.120003 0.214836 -0.004844 
-0.082999 -1.741594 -2.992321 0.121417 0.203171 0.003631 
0.155714 -1.536590 -3.476929 0.133318 0.193450 0.003437 
0.460136 -1.365671 -4.157921 0.154512 0.184927 0.006013 
0.712201 -1.201620 -4.760979 0.180451 0.175072 0.022323 
0.796620 -1.289532 -5.233849 0.206281 0.166169 0.038960 
0.799840 -1.364439 -5.332235 0.227304 0.164840 0.047013 
0.759044 -1.452259 -5.310296 0.241927 0.169597 0.043935 
0.658205 -1.650113 -5.214467 0.252032 0.177263 0.026866 
0.475858 -1.732628 -5.041525 0.259358 0.186674 0.005649 
0.224179 -1.858141 -4.726556 0.260231 0.197510 0.000273 
0.116771 -1.905897 -4.423130 0.248878 0.208324 0.003568 
0.058391 -1.888356 -4.094181 0.226600 0.215243 -0.003067 
0.085423 -1.670144 -3.814287 0.199840 0.217145 -0.014473 
0.269110 -1.422047 -3.576827 0.171458 0.216058 -0.024029 
0.469085 -1.226249 -3.633213 0.144506 0.212309 -0.026773 
0.659854 -0.962468 -3.525570 0.122848 0.205229 -0.013951 
0.779531 -0.873029 -3.277780 0.106029 0.195518 0.007885 
0.872574 -0.891424 -3.039099 0.093418 0.186618 0.026273 
0.878489 -0.824547 -3.074565 0.092294 0.179157 0.029588 
1.075467 -0.758071 -3.237596 0.105263 0.172566 0.017659 
1.418529 -0.679161 -3.775795 0.128863 0.171219 -0.005749 
1.692730 -0.698268 -4.502263 0.157528 0.174184 -0.022940 
1.919732 -0.732833 -5.072982 0.185895 0.179504 -0.018151 
2.123840 -0.835474 -5.296537 0.210376 0.188074 -0.004279 
2.287363 -0.776796 -5.529131 0.233874 0.202831 0.009813 
2.431124 -0.598427 -5.780487 0.252735 0.221213 0.022575 
2.505005 -0.570760 -5.767975 0.264855 0.239877 0.035602 
2.464104 -0.757540 -5.284891 0.261069 0.256566 0.041917 
2.353061 -1.029186 -4.629009 0.238478 0.268014 0.049227 
2.305725 -1.038859 -3.965158 0.206359 0.275591 0.064450 
2.448542 -0.731568 -3.589990 0.173542 0.281140 0.074758 
2.543864 -0.343753 -3.534762 0.143370 0.282590 0.074329 
2.588738 -0.127241 -3.552091 0.118396 0.280300 0.063225 
2.621753 -0.019176 -3.527383 0.091522 0.274851 0.037273 
2.727451 0.047608 -3.526265 0.072762 0.265632 0.007233 
2.935458 0.187955 -3.514461 0.065354 0.251842 -0.014743 
3.142923 0.466678 -3.556602 0.070826 0.237619 -0.012665 
3.301983 0.571999 -3.644457 0.085189 0.222493 0.016308 
3.481482 0.491904 -3.826170 0.105499 0.207844 0.049638 
3.472889 0.253640 -3.882380 0.132929 0.199964 0.072326 
3.526491 0.091192 -4.135282 0.166236 0.196573 0.084657 
3.719591 -0.003131 -4.665020 0.198504 0.198187 0.090728 
3.935988 0.093433 -5.116564 0.226810 0.209735 0.092494 
4.067292 0.058980 -5.300030 0.244320 0.224718 0.087701 
3.981480 -0.021758 -5.441586 0.247232 0.240610 0.088399 
3.819641 -0.000901 -5.278673 0.239065 0.261534 0.100235 
3.847372 0.117050 -5.002968 0.219470 0.282484 0.115265 
3.900561 0.211334 -4.592743 0.189591 0.300233 0.124585 
3.845441 0.359646 -4.088393 0.153270 0.314311 0.118177 
3.745646 0.464953 -3.567572 0.115011 0.324827 0.099185 
3.661110 0.616318 -3.230810 0.082882 0.331643 0.073141 
3.652186 0.790600 -3.171738 0.059817 0.331960 0.042944 
3.628716 0.805686 -3.320114 0.046250 0.326051 0.016077 
3.511971 0.812774 -3.532880 0.046086 0.316065 0.001439 
3.470892 0.779447 -3.693416 0.058231 0.299671 0.013194 
3.556725 0.666847 -3.733723 0.079382 0.277710 0.046706 
3.630199 0.596598 -3.819369 0.107576 0.257021 0.081256 
3.738537 0.420777 -3.879382 0.140026 0.237079 0.106703 
3.799216 0.154849 -3.972784 0.174221 0.218077 0.116395 
3.849254 0.021291 -4.050135 0.205313 0.205590 0.117981 
3.952245 -0.033933 -4.353355 0.226058 0.199641 0.107799 
4.111497 0.112903 -4.566141 0.236195 0.199968 0.104941 
4.160296 0.288076 -4.778921 0.233440 0.204384 0.091204 
4.119375 0.347222 -4.972369 0.217918 0.215691 0.089671 
4.012840 0.369473 -5.168955 0.194536 0.236509 0.086203 
3.982550 0.442106 -5.032087 0.167681 0.259087 0.097008 
4.080412 0.584462 -4.643009 0.137361 0.282014 0.114425 
4.074391 0.763519 -4.197171 0.106591 0.307775 0.129848 
3.977231 0.884420 -3.739517 0.080821 0.332419 0.137480 
3.799384 0.843348 -3.313709 0.066721 0.352755 0.122377 
3.676006 0.791323 -3.256574 0.066097 0.369894 0.099816 
3.670017 0.776378 -3.549316 0.073860 0.382074 0.073894 
3.731004 0.803011 -3.832265 0.085177 0.385589 0.050183 
3.699730 0.867827 -4.066324 0.102827 0.379269 0.035450 
3.577146 0.803723 -4.406756 0.121943 0.363521 0.026023 
3.355421 0.697412 -4.646366 0.143276 0.345783 0.027167 
3.275774 0.584359 -4.776408 0.165289 0.323225 0.036480 
3.296477 0.507040 -4.835466 0.182473 0.293474 0.053308 
3.270727 0.492000 -4.762409 0.190095 0.263847 0.068812 
3.154162 0.487783 -4.520996 0.189049 0.237117 0.083817 
3.032332 0.520882 -4.384857 0.185049 0.214657 0.098207 
2.942642 0.609715 -4.373337 0.180332 0.199934 0.106002 
3.000902 0.646543 -4.477246 0.169866 0.194090 0.106579 
3.065874 0.717931 -4.536607 0.155131 0.198123 0.096224 
3.070321 0.829615 -4.555880 0.138545 0.208982 0.079225 
3.040600 0.906643 -4.295106 0.121031 0.226905 0.059920 
2.900531 0.980873 -3.958206 0.104867 0.254669 0.037229 
2.795462 1.016442 -3.709349 0.092954 0.286023 0.017879 
2.843598 1.056667 -3.556557 0.087119 0.317208 0.007786 
2.919107 1.106124 -3.389966 0.086030 0.347755 0.008686 
2.976115 1.095658 -3.454604 0.086942 0.373026 0.027194 
3.019250 1.069892 -3.662721 0.091450 0.390482 0.048289 
3.061116 1.029243 -3.928250 0.101165 0.400776 0.065043 
3.132738 1.007091 -4.270503 0.115058 0.403150 0.085624 
3.255139 0.980777 -4.698780 0.130086 0.398577 0.103830 
3.304114 0.932516 -4.807901 0.141690 0.385449 0.111409 
3.301840 0.853123 -4.652660 0.148852 0.364557 0.102738 
3.201586 0.814728 -4.349301 0.152218 0.341548 0.082931 
3.060231 0.799351 -4.161769 0.152674 0.317986 0.062981 
2.937852 0.860100 -3.986216 0.150463 0.296630 0.049392 
2.894251 0.908799 -3.958889 0.144845 0.278286 0.044048 
2.849446 0.908942 -3.980312 0.134869 0.262905 0.044464 
2.774426 0.899080 -4.034864 0.123836 0.254621 0.046179 
2.629564 0.900554 -4.098020 0.110266 0.252377 0.048722 
2.575741 0.926470 -4.241370 0.102545 0.256505 0.050399 
2.611962 0.986159 -4.201683 0.097993 0.265729 0.049348 
2.692149 1.011663 -4.047268 0.094984 0.279495 0.049482 
2.747363 0.991356 -3.793956 0.094044 0.295804 0.052840 
2.758166 0.947910 -3.546646 0.096452 0.313193 0.060089 
2.731071 0.849803 -3.433885 0.101997 0.332001 0.070035 
2.706085 0.795633 -3.683579 0.110762 0.353356 0.080684 
2.737491 0.738889 -4.079183 0.121156 0.373757 0.087867 
2.763820 0.696892 -4.466302 0.130366 0.389977 0.089018 
2.728586 0.642737 -4.798201 0.135915 0.403727 0.083328 
2.659513 0.594647 -5.067678 0.138434 0.412630 0.075544 
2.590694 0.525535 -5.168960 0.141440 0.419392 0.065232 
2.542764 0.504970 -5.126700 0.144154 0.421425 0.058765 
2.495022 0.426630 -4.947272 0.143570 0.418261 0.060433 
2.421486 0.331374 -4.667776 0.139155 0.410197 0.069371 
2.307600 0.275411 -4.252797 0.132904 0.396777 0.082499 
2.168343 0.250110 -4.046576 0.127509 0.380905 0.097622 
2.038354 0.254346 -4.024489 0.123461 0.365670 0.108606 
1.928311 0.223921 -4.146686 0.120150 0.350094 0.112152 
1.816054 0.159644 -4.238740 0.117880 0.335265 0.107216 
1.666573 0.073302 -4.344939 0.115269 0.322684 0.096128 
1.486724 0.009792 -4.237525 0.113429 0.312966 0.080258 
1.308268 0.006518 -4.070962 0.113293 0.307273 0.063748 
1.196461 0.019101 -3.907690 0.115074 0.305052 0.050816 
1.110132 -0.001019 -3.793471 0.117927 0.306101 0.043992 
1.051531 -0.060139 -3.677367 0.121004 0.309917 0.043765 
0.975673 -0.121061 -3.783187 0.123266 0.316671 0.051263 
0.921676 -0.150916 -4.000954 0.125604 0.326273 0.062610 
0.898762 -0.162405 -4.260802 0.128250 0.337489 0.074227 
0.868019 -0.170856 -4.529736 0.131071 0.350953 0.081306 
0.843118 -0.183929 -4.816438 0.134021 0.366374 0.083304 
0.806939 -0.198401 -4.841505 0.136457 0.380963 0.078680 
0.752844 -0.187041 -4.699503 0.136645 0.394219 0.069970 
0.714871 -0.165933 -4.458415 0.133531 0.405912 0.060558 
0.656426 -0.144837 -4.208681 0.129122 0.414496 0.052818 
0.573563 -0.120723 -3.962795 0.124402 0.419241 0.047055 
0.505540 -0.107902 -3.962452 0.119147 0.420383 0.046594 
0.456605 -0.109001 -4.101678 0.113657 0.417490 0.049488 
0.420528 -0.080275 -4.296669 0.109676 0.410134 0.053661 
0.394544 -0.084006 -4.463333 0.107404 0.399250 0.057643 
0.355382 -0.097427 -4.671359 0.107952 0.386548 0.060172 
0.285973 -0.122573 -4.669310 0.111604 0.372681 0.057910 
0.219924 -0.172710 -4.541690 0.117646 0.358760 0.052493 
0.183552 -0.206486 -4.331182 0.124296 0.347016 0.045831 
0.131988 -0.232577 -4.129128 0.131152 0.335477 0.038410 
0.081507 -0.247826 -3.876172 0.136794 0.326605 0.031561 
0.029820 -0.261918 -3.862084 0.140685 0.321698 0.027814 
-0.008476 -0.264472 -4.001553 0.142421 0.320167 0.025865 
-0.008138 -0.253341 -4.212765 0.141223 0.322491 0.025895 
-0.005179 -0.248344 -4.404368 0.136764 0.328616 0.028090 
-0.011388 -0.225362 -4.608364 0.130336 0.337780 0.032315 
-0.033921 -0.189847 -4.563841 0.123007 0.349319 0.035029 
-0.048679 -0.156680 -4.391762 0.115657 0.362502 0.035366 
-0.031266 -0.122941 -4.163738 0.109289 0.376405 0.032939 
-0.009784 -0.110873 -3.954458 0.105023 0.389315 0.028536 
0.008060 -0.105777 -3.715312 0.103116 0.400811 0.022849 
0.002388 -0.133826 -3.686941 0.103066 0.410102 0.019112 
0.009142 -0.161746 -3.808915 0.104964 0.416084 0.017505 
0.035438 -0.194446 -4.021400 0.108937 0.418983 0.018289 
0.054352 -0.229892 -4.229043 0.114015 0.418399 0.020599 
0.053136 -0.277022 -4.489937 0.119487 0.414422 0.023858 
0.039605 -0.341743 -4.521272 0.124658 0.407524 0.024985 
0.024565 -0.389583 -4.403293 0.129136 0.398417 0.023922 
0.024223 -0.414649 -4.226397 0.132656 0.387578 0.020487 
0.033978 -0.426605 -4.040436 0.134825 0.376378 0.014516 
0.038571 -0.444272 -3.849459 0.136147 0.365494 0.007162 
0.025758 -0.479052 -3.884064 0.136707 0.355713 0.001217 
0.002982 -0.528684 -4.002486 0.136677 0.347634 -0.003422 
-0.066510 -0.551384 -4.196036 0.137133 0.342586 -0.006866 
-0.170824 -0.561713 -4.414539 0.138460 0.339993 -0.009187 
-0.263426 -0.576594 -4.616512 0.139597 0.339707 -0.010125 
-0.307994 -0.603405 -4.582768 0.139541 0.340287 -0.011397 
-0.308635 -0.637507 -4.352403 0.137358 0.341577 -0.012912 
-0.282628 -0.653976 -4.101927 0.134349 0.343641 -0.013864 
-0.275735 -0.652966 -3.883947 0.131292 0.346713 -0.013989 
-0.270646 -0.626004 -3.678178 0.129061 0.349622 -0.013802 
-0.264054 -0.614206 -3.720030 0.126416 0.351977 -0.011675 
-0.222053 -0.616955 -3.937261 0.124181 0.354583 -0.008750 
-0.158236 -0.612050 -4.221695 0.124426 0.357340 -0.005062 
-0.105157 -0.605015 -4.491000 0.127735 0.359699 -0.001401 
-0.077780 -0.595174 -4.824547 0.132497 0.362538 0.002609 
-0.083842 -0.604524 -4.902767 0.138377 0.366331 0.005088 
-0.082534 -0.626743 -4.827888 0.145610 0.369185 0.006288 
-0.080672 -0.655805 -4.646746 0.152146 0.371631 0.006089 
-0.043196 -0.684937 -4.459389 0.156452 0.373821 0.004965 
-0.014828 -0.703256 -4.212266 0.158575 0.375299 0.001902 
-0.009697 -0.684285 -4.167550 0.159190 0.375740 -0.000104 
-0.017386 -0.668779 -4.263026 0.157209 0.375905 -0.001008 
-0.044523 -0.642556 -4.426532 0.152404 0.375451 -0.001058 
-0.079757 -0.603299 -4.609683 0.145598 0.373819 0.000105 
-0.089967 -0.565567 -4.795097 0.137833 0.371438 0.002788 
-0.107118 -0.519391 -4.753708 0.129470 0.368120 0.004508 
-0.141120 -0.445940 -4.569088 0.121763 0.364433 0.005392 
-0.169132 -0.379184 -4.328082 0.116421 0.360411 0.006396 
-0.208785 -0.328577 -4.082242 0.114334 0.356372 0.007243 
-0.252120 -0.290120 -3.860032 0.115214 0.352264 0.007377 
-0.272886 -0.294837 -3.857500 0.117905 0.348303 0.008776 
-0.300616 -0.316924 -4.008709 0.122407 0.344406 0.009581 
-0.319971 -0.338329 -4.201446 0.128527 0.340266 0.009685 
-0.316297 -0.366650 -4.399971 0.134130 0.336628 0.008388 
-0.299340 -0.400071 -4.583182 0.137774 0.333080 0.006380 
-0.268526 -0.431338 -4.525593 0.139338 0.330065 0.002779 
-0.239276 -0.429397 -4.354407 0.140003 0.328300 -0.001033 
-0.246213 -0.418622 -4.153140 0.139581 0.328797 -0.004072 
-0.244341 -0.405666 -3.972447 0.137411 0.330861 -0.005941 
-0.264457 -0.374679 -3.771603 0.134228 0.334901 -0.007147 
-0.269799 -0.345421 -3.771064 0.130087 0.340399 -0.004882 
-0.239918 -0.294219 -3.895439 0.125002 0.346540 -0.000780 
-0.201193 -0.259291 -4.093177 0.119811 0.353580 0.004209 
-0.165914 -0.232860 -4.273650 0.115682 0.360736 0.009621 
-0.161022 -0.240360 -4.497624 0.113390 0.367048 0.014965 
-0.166998 -0.251102 -4.493433 0.113146 0.372156 0.017054 
-0.182279 -0.280990 -4.353375 0.114363 0.375770 0.016674 
-0.183566 -0.289363 -4.117104 0.116700 0.376984 0.013821 
-0.185368 -0.283593 -3.897686 0.120104 0.375531 0.009150 
-0.182837 -0.290300 -3.655975 0.123262 0.371838 0.003987 
-0.180287 -0.326133 -3.670664 0.125908 0.366831 0.000331 
-0.177439 -0.358917 -3.809721 0.128423 0.360983 -0.002132 
-0.195755 -0.403916 -4.053089 0.130846 0.355102 -0.003400 
-0.226126 -0.425178 -4.277549 0.133106 0.349697 -0.004000 
-0.258825 -0.443402 -4.533290 0.134262 0.344602 -0.003540 
-0.271424 -0.430684 -4.523163 0.134347 0.340296 -0.003263 
-0.286928 -0.415512 -4.391215 0.133477 0.336568 -0.002445 
-0.284087 -0.402343 -4.178794 0.131796 0.333370 -0.000910 
-0.283707 -0.398130 -3.977454 0.129246 0.331429 0.001468 
-0.282629 -0.382272 -3.766268 0.127098 0.330826 0.003624 
-0.280622 -0.370473 -3.769554 0.125094 0.331107 0.006226 
-0.271496 -0.362425 -3.914423 0.123715 0.333267 0.008139 
-0.272379 -0.362378 -4.086564 0.123078 0.336356 0.008289 
-0.254184 -0.372649 -4.296546 0.123344 0.340840 0.006655 
-0.238481 -0.395066 -4.516920 0.124488 0.346295 0.004448 
-0.240105 -0.427717 -4.520317 0.126179 0.352407 0.000263 
-0.236903 -0.456683 -4.403220 0.128697 0.358758 -0.004049 
-0.220521 -0.490159 -4.227546 0.131350 0.364148 -0.007553 
-0.218247 -0.495599 -4.047126 0.134353 0.368983 -0.009110 
-0.200690 -0.495083 -3.869969 0.136926 0.372283 -0.009036 
-0.187493 -0.492866 -3.922692 0.138720 0.374025 -0.005697 
-0.186385 -0.493478 -4.089233 0.139530 0.374338 -0.000708 
-0.177245 -0.509554 -4.334195 0.139277 0.373067 0.004026 
-0.161125 -0.518078 -4.563149 0.138438 0.370788 0.006974 
-0.161039 -0.532907 -4.776769 0.137383 0.367942 0.008121 
-0.171875 -0.523133 -4.756693 0.136482 0.364187 0.005197 
-0.198124 -0.504699 -4.598696 0.135465 0.360424 0.000038 
-0.217513 -0.499473 -4.349895 0.134514 0.356882 -0.005054 
-0.237388 -0.492241 -4.113941 0.133739 0.352871 -0.009187 
-0.256327 -0.476386 -3.832511 0.133185 0.348950 -0.011460 
-0.263293 -0.475013 -3.793808 0.132067 0.345457 -0.009761 
-0.282059 -0.474871 -3.882910 0.130780 0.342356 -0.005600 
-0.284825 -0.468544 -4.066309 0.129551 0.339735 -0.000344 
-0.279716 -0.451842 -4.249058 0.128398 0.337636 0.004587 
-0.288092 -0.424451 -4.490779 0.127475 0.337077 0.008595 
-0.284844 -0.406277 -4.510584 0.126642 0.336682 0.009031 
-0.289628 -0.396332 -4.393074 0.125898 0.337368 0.007209 
-0.289768 -0.394551 -4.201757 0.125898 0.339057 0.003709 
-0.276064 -0.395763 -4.029677 0.126206 0.341415 -0.000466 
-0.256172 -0.396565 -3.850137 0.127324 0.344783 -0.004229 
-0.243733 -0.395323 -3.881314 0.129267 0.348718 -0.005510 
-0.230491 -0.412207 -4.020534 0.131410 0.353041 -0.004431 
-0.223712 -0.433629 -4.235538 0.133682 0.357518 -0.001599 
-0.215204 -0.445358 -4.420812 0.135541 0.361696 0.001808 
-0.212465 -0.476755 -4.625278 0.136616 0.365525 0.005313 
-0.217581 -0.498689 -4.586365 0.136776 0.368034 0.005628 
-0.213292 -0.504794 -4.416938 0.135600 0.369597 0.003518 
-0.216597 -0.494181 -4.180636 0.133890 0.370059 -0.000437 
-0.227828 -0.473391 -3.952055 0.131767 0.368955 -0.004906 
-0.252948 -0.448714 -3.733439 0.129183 0.366900 -0.009041 
-0.262630 -0.427804 -3.755714 0.126435 0.363531 -0.010044 
-0.265309 -0.399666 -3.916991 0.124072 0.359376 -0.008478 
-0.278331 -0.397660 -4.125608 0.122487 0.354529 -0.004823 
-0.294150 -0.394695 -4.348464 0.121873 0.349516 -0.000227 
-0.299366 -0.392882 -4.553357 0.122542 0.344811 0.004360 
-0.309977 -0.397756 -4.542878 0.124274 0.339823 0.007293 
-0.316901 -0.394417 -4.405350 0.127023 0.335938 0.007415 
-0.315533 -0.400189 -4.243824 0.129548 0.333228 0.006149 
-0.315354 -0.409171 -4.068621 0.132370 0.331285 0.003272 
-0.304918 -0.428270 -3.838292 0.134479 0.330784 -0.000962 
-0.289597 -0.444843 -3.843665 0.135978 0.331623 -0.003902 
-0.267125 -0.451968 -3.982612 0.136427 0.334252 -0.005562 
-0.254932 -0.457496 -4.184998 0.136562 0.338686 -0.006112 
-0.252607 -0.450625 -4.389305 0.136136 0.344343 -0.005590 
-0.259924 -0.454523 -4.607645 0.134825 0.350737 -0.003043 
-0.258799 -0.453880 -4.620696 0.133058 0.357138 -0.001170 
-0.257043 -0.441719 -4.469955 0.130882 0.362848 0.000433 
-0.241350 -0.418262 -4.247055 0.128630 0.367784 0.001682 
-0.236251 -0.410827 -4.033072 0.126581 0.371449 0.002393 
-0.228923 -0.384361 -3.816742 0.125312 0.373385 0.001834 
-0.224740 -0.378202 -3.815803 0.124393 0.373931 0.002060 
-0.225377 -0.383024 -3.947962 0.124206 0.372900 0.002388 
-0.217254 -0.389841 -4.172015 0.124980 0.370099 0.002429 
-0.219216 -0.404815 -4.365170 0.126012 0.366213 0.002179 
-0.238788 -0.433085 -4.611094 0.127587 0.361498 0.002417 
-0.255130 -0.454197 -4.610573 0.129844 0.356154 0.001042 
-0.265025 -0.469132 -4.477169 0.132142 0.350366 -0.000748 
-0.289189 -0.477375 -4.273018 0.134635 0.345149 -0.002592 
-0.297202 -0.486940 -4.079374 0.136807 0.340202 -0.004123 
-0.322223 -0.487798 -3.864001 0.138064 0.336330 -0.005629 
-0.326527 -0.483962 -3.864959 0.138252 0.333208 -0.005166 
-0.317381 -0.490986 -4.008050 0.137253 0.331631 -0.003972 
-0.317654 -0.487117 -4.211839 0.135523 0.331568 -0.002402 
-0.306766 -0.484863 -4.393989 0.133142 0.332951 -0.001035 
-0.300603 -0.474995 -4.617384 0.130653 0.335619 0.000608 
-0.302777 -0.465903 -4.593406 0.128622 0.339743 0.000294 
-0.304507 -0.442937 -4.447148 0.126841 0.344713 -0.000458 
-0.308384 -0.428789 -4.230567 0.125637 0.349876 -0.001380 
-0.292877 -0.410501 -4.026698 0.125277 0.355005 -0.001896 
-0.286898 -0.394672 -3.833365 0.125378 0.359723 -0.002530 
-0.269290 -0.393648 -3.859530 0.126358 0.363816 -0.001220 
-0.254678 -0.406855 -4.019461 0.127887 0.367178 0.000506 
-0.236758 -0.421102 -4.241054 0.130218 0.369666 0.002069 
-0.228109 -0.442571 -4.429224 0.132331 0.370774 0.002713 
-0.223116 -0.477456 -4.698882 0.134996 0.370958 0.003176 
-0.216930 -0.498284 -4.697126 0.136461 0.369757 0.001552 
-0.228092 -0.513030 -4.529102 0.137951 0.367124 -0.001520 
-0.221654 -0.517691 -4.350803 0.138557 0.363989 -0.004024 
-0.235964 -0.513861 -4.141173 0.138568 0.359849 -0.006369 
-0.248391 -0.508366 -3.890790 0.137946 0.355309 -0.008344 
-0.263367 -0.491195 -3.868379 0.136615 0.350923 -0.007925 
-0.282441 -0.479554 -3.971267 0.134766 0.346870 -0.005789 
-0.292206 -0.466170 -4.165893 0.132618 0.343338 -0.003303 
-0.314991 -0.455426 -4.340043 0.130281 0.340564 -0.000805 
-0.315568 -0.452037 -4.545515 0.128068 0.338495 0.001865 
-0.317657 -0.443619 -4.542410 0.126198 0.337363 0.002020 
-0.322174 -0.438077 -4.385677 0.125101 0.337085 0.000996 
-0.321572 -0.422326 -4.178248 0.124879 0.337437 -0.000644 
-0.329677 -0.414043 -3.972778 0.125403 0.338711 -0.002095 
-0.323695 -0.399438 -3.767754 0.126300 0.340462 -0.003664 
-0.310232 -0.399526 -3.771707 0.127592 0.342666 -0.003176 
-0.289640 -0.406710 -3.941468 0.129328 0.345512 -0.001668 
-0.267976 -0.424316 -4.161804 0.130833 0.348832 -0.000102 
-0.245789 -0.435073 -4.392085 0.132387 0.352534 0.001346 
-0.238915 -0.454110 -4.642182 0.134035 0.356246 0.002559 
-0.232842 -0.463626 -4.652135 0.135416 0.359739 0.001306 
-0.233213 -0.467618 -4.537627 0.136342 0.362973 -0.000686 
-0.217552 -0.468590 -4.319742 0.136491 0.365410 -0.002890 
-0.214690 -0.456576 -4.121997 0.135923 0.366702 -0.004545 
-0.217774 -0.444912 -3.883933 0.134704 0.367075 -0.005610 
-0.212000 -0.434879 -3.874198 0.133171 0.366655 -0.004390 
-0.205565 -0.429887 -4.008994 0.131290 0.365293 -0.001886 
-0.200447 -0.414432 -4.206420 0.129807 0.363383 0.001105 
-0.210935 -0.404524 -4.382852 0.128275 0.360810 0.003906 
-0.230972 -0.396940 -4.588090 0.127045 0.357733 0.005934 
-0.247781 -0.392206 -4.555582 0.126427 0.354405 0.005797 
-0.259424 -0.381964 -4.397232 0.126004 0.350735 0.003948 
-0.280949 -0.375841 -4.177261 0.126186 0.347124 0.001389 
-0.282132 -0.382057 -3.957814 0.126615 0.343366 -0.001178 
-0.298407 -0.373515 -3.759824 0.127622 0.340201 -0.003664 
-0.312507 -0.376990 -3.781554 0.128718 0.337913 -0.003674 
-0.310057 -0.391552 -3.938212 0.129591 0.336194 -0.002414 
-0.313030 -0.406439 -4.126474 0.130460 0.335665 -0.000765 
-0.299116 -0.425741 -4.344724 0.130986 0.336167 0.000850 
-0.298141 -0.440473 -4.573773 0.131537 0.337720 0.002659 
-0.289888 -0.454633 -4.572925 0.131922 0.340237 0.001869 
-0.294969 -0.464338 -4.436807 0.132162 0.343880 -0.000208 
-0.284411 -0.449340 -4.227928 0.132258 0.347603 -0.002856 
-0.279421 -0.440095 -4.029168 0.131990 0.351747 -0.005299 
-0.272538 -0.439458 -3.810427 0.131179 0.355966 -0.007293 
-0.271994 -0.432144 -3.821131 0.130425 0.359505 -0.006791 
-0.255747 -0.439405 -3.957285 0.129264 0.362374 -0.004568 
-0.255458 -0.445037 -4.167469 0.128591 0.364890 -0.001444 
-0.243492 -0.446166 -4.377276 0.128279 0.366178 0.001368 
-0.234054 -0.452114 -4.607121 0.128255 0.366529 0.003954 
-0.243576 -0.454445 -4.587311 0.128715 0.366114 0.003861 
-0.242763 -0.459763 -4.451854 0.129476 0.364268 0.002053 
-0.249926 -0.449161 -4.253726 0.130180 0.361615 -0.000327 
-0.252770 -0.456845 -4.045524 0.131241 0.358252 -0.002918 
-0.263394 -0.458183 -3.837542 0.132342 0.354374 -0.005394 
-0.257950 -0.459867 -3.879089 0.133464 0.350422 -0.005509 
-0.264559 -0.471705 -4.024810 0.134192 0.346948 -0.004323 
-0.277097 -0.481727 -4.233254 0.134932 0.344101 -0.002446 
-0.280758 -0.488868 -4.421307 0.135374 0.341573 -0.000443 
-0.288124 -0.496777 -4.650276 0.135328 0.340319 0.001947 
-0.302662 -0.502347 -4.628738 0.134958 0.339649 0.001763 
-0.308814 -0.499032 -4.472319 0.134487 0.339955 0.000401 
-0.305316 -0.487175 -4.272353 0.133596 0.341241 -0.001891 
-0.309081 -0.481385 -4.062261 0.132817 0.343052 -0.004292 
-0.296381 -0.470009 -3.841437 0.131765 0.345512 -0.006792 
-0.288589 -0.456362 -3.850191 0.130738 0.348427 -0.006812 
-0.273552 -0.456067 -3.974902 0.129950 0.351497 -0.005333 
-0.258740 -0.455865 -4.194549 0.129487 0.354583 -0.002654 
-0.244363 -0.455176 -4.405180 0.129188 0.357578 0.000353 
-0.231759 -0.462533 -4.637060 0.129315 0.360489 0.003440 
-0.238316 -0.466604 -4.630522 0.130084 0.362734 0.004158 
-0.232853 -0.459370 -4.488321 0.131094 0.364209 0.003285 
-0.228588 -0.457906 -4.271823 0.131898 0.365008 0.001304 
-0.226155 -0.443443 -4.106652 0.132957 0.364590 -0.000490 
-0.224765 -0.442780 -3.856162 0.133592 0.363394 -0.003596 
-0.213369 -0.436561 -3.864733 0.133805 0.361691 -0.004229 
-0.215510 -0.444578 -4.007905 0.133596 0.359333 -0.003466 
-0.216376 -0.442799 -4.203368 0.133139 0.356596 -0.001879 
-0.222373 -0.437254 -4.409267 0.132224 0.353994 0.000136 
-0.235763 -0.443467 -4.595630 0.131221 0.351245 0.002488 
-0.249418 -0.433576 -4.563870 0.130158 0.348758 0.002885 
-0.263167 -0.416394 -4.387809 0.129138 0.346635 0.002332 
-0.283971 -0.404820 -4.160039 0.128071 0.344934 0.001388 
-0.290283 -0.386782 -3.983009 0.127222 0.343619 0.000288 
-0.304518 -0.373997 -3.743577 0.126488 0.342635 -0.001516 
-0.303267 -0.363544 -3.741370 0.125919 0.342055 -0.001924 
-0.294464 -0.359660 -3.864227 0.125637 0.342013 -0.001272 
-0.285864 -0.366637 -4.079784 0.125604 0.342555 -0.000286 
-0.285331 -0.371231 -4.286383 0.126064 0.343632 0.000804 
-0.270146 -0.387039 -4.546135 0.126778 0.345376 0.002582 
-0.265051 -0.405734 -4.537200 0.127773 0.346958 0.002226 
-0.267733 -0.413727 -4.405884 0.129152 0.349155 0.001324 
-0.256217 -0.412002 -4.211730 0.130445 0.350960 -0.000265 
-0.251339 -0.416008 -4.028237 0.131694 0.353193 -0.001656 
-0.252860 -0.406779 -3.823180 0.132709 0.355281 -0.003339 
-0.244715 -0.417510 -3.823638 0.132959 0.356941 -0.003474 
-0.242603 -0.424140 -3.968230 0.133080 0.358571 -0.002656 
-0.246395 -0.433418 -4.184099 0.132702 0.359772 -0.001350 
-0.250052 -0.440582 -4.398520 0.132017 0.360399 -0.000353 
-0.253820 -0.454324 -4.622943 0.131127 0.360547 0.000748 
-0.259742 -0.456185 -4.609377 0.130306 0.359913 0.000028 
-0.267567 -0.447773 -4.462918 0.129871 0.358896 -0.001326 
-0.276747 -0.436479 -4.245844 0.129614 0.357211 -0.002614 
-0.287020 -0.424403 -4.040246 0.129683 0.355346 -0.003592 
-0.298708 -0.418065 -3.824940 0.129873 0.352818 -0.004452 
-0.302080 -0.416364 -3.826803 0.130046 0.350262 -0.003675 
-0.312797 -0.429113 -3.963147 0.130442 0.348155 -0.002063 
-0.323748 -0.442315 -4.189690 0.130838 0.346061 -0.000849 
-0.327738 -0.453148 -4.405105 0.131416 0.344395 -0.000169 
-0.339019 -0.479298 -4.630024 0.132041 0.343444 0.000166 
-0.337039 -0.488846 -4.626177 0.132779 0.342562 -0.001766 
-0.342025 -0.496014 -4.468437 0.133520 0.342281 -0.004430 
-0.338303 -0.501263 -4.260264 0.134117 0.342602 -0.006948 
-0.333210 -0.499130 -4.053316 0.134605 0.343205 -0.008929 
-0.325639 -0.490659 -3.848193 0.134818 0.344369 -0.010054 
-0.314779 -0.485864 -3.862031 0.134857 0.346403 -0.008802 
-0.295148 -0.485811 -4.011016 0.134715 0.348491 -0.006164 
-0.280595 -0.484031 -4.221342 0.134263 0.351197 -0.003150 
-0.272215 -0.479221 -4.431717 0.133669 0.354234 -0.000030 
-0.264353 -0.481882 -4.639484 0.132860 0.356983 0.002239 
-0.259041 -0.483830 -4.617426 0.132203 0.359618 0.001807 
-0.255106 -0.482238 -4.470257 0.131403 0.361383 0.000210 
-0.253305 -0.460817 -4.271696 0.131061 0.362399 -0.001870 
-0.244785 -0.449298 -4.062598 0.130492 0.362693 -0.003934 
-0.238773 -0.442734 -3.855269 0.130370 0.362143 -0.005569 
-0.232029 -0.433507 -3.846753 0.130279 0.360857 -0.004792 
-0.226332 -0.439151 -3.994228 0.130413 0.359023 -0.002650 
-0.213780 -0.439518 -4.204648 0.130753 0.356867 0.000191 
-0.223574 -0.444653 -4.393892 0.131206 0.354957 0.002617 
-0.220090 -0.448727 -4.612933 0.131836 0.352671 0.004696 
-0.231299 -0.445695 -4.591007 0.132173 0.350834 0.003982 
-0.243347 -0.442419 -4.444342 0.132503 0.348984 0.002088 
-0.254457 -0.431372 -4.224456 0.132564 0.347310 -0.000489 
-0.270720 -0.425678 -4.004291 0.132101 0.345956 -0.002849 
-0.270521 -0.404519 -3.795041 0.131436 0.344878 -0.004784 
-0.260079 -0.397757 -3.814470 0.130366 0.344141 -0.004345 
-0.254692 -0.389926 -3.949737 0.129307 0.344223 -0.002298 
-0.255475 -0.379586 -4.157819 0.128265 0.344743 0.000434 
-0.242025 -0.380337 -4.356684 0.127474 0.345924 0.003264 
-0.236447 -0.378503 -4.565700 0.127018 0.347544 0.005862 
-0.232487 -0.378090 -4.545796 0.126699 0.349618 0.006075 
-0.238124 -0.373606 -4.381194 0.126878 0.351834 0.004903 
-0.230707 -0.376991 -4.174142 0.127167 0.353852 0.002906 
-0.238550 -0.380167 -3.956344 0.127608 0.355880 0.000595 
-0.247485 -0.373306 -3.779008 0.128283 0.357447 -0.001852 
-0.247793 -0.377134 -3.788101 0.128577 0.358404 -0.002520 
-0.241747 -0.383944 -3.942375 0.129183 0.358956 -0.002134 
-0.235677 -0.404997 -4.148984 0.129532 0.358840 -0.000929 
-0.237146 -0.420394 -4.345719 0.129916 0.358396 0.000397 
-0.245759 -0.439380 -4.584233 0.130273 0.357816 0.002225 
-0.249852 -0.451786 -4.583938 0.130827 0.356691 0.001796 
-0.261860 -0.449533 -4.438417 0.131311 0.355129 0.000216 
-0.273636 -0.447578 -4.240381 0.131630 0.353651 -0.001960 
-0.292275 -0.441149 -4.031395 0.131815 0.352125 -0.004337 
-0.310973 -0.432809 -3.801850 0.131852 0.350120 -0.006688 
-0.318313 -0.430528 -3.800226 0.131222 0.348449 -0.006764 
-0.317903 -0.424605 -3.934077 0.130790 0.346844 -0.005565 
-0.323396 -0.440987 -4.161336 0.130042 0.345571 -0.003380 
-0.329011 -0.449969 -4.358339 0.129505 0.344585 -0.001281 
-0.341920 -0.464390 -4.586495 0.129088 0.343940 0.000999 
-0.342161 -0.463698 -4.596588 0.129093 0.343752 0.000993 
-0.336714 -0.459905 -4.461797 0.129437 0.343886 -0.000399 
-0.340017 -0.462035 -4.255055 0.130212 0.344546 -0.002494 
-0.344129 -0.465723 -4.058176 0.131297 0.345595 -0.004929 
-0.339973 -0.457876 -3.861182 0.132307 0.346877 -0.007361 
-0.327316 -0.473105 -3.872837 0.133331 0.348601 -0.007628 
-0.313122 -0.480639 -4.018871 0.134257 0.350435 -0.006826 
-0.290754 -0.493882 -4.237988 0.135152 0.352602 -0.005235 
-0.288143 -0.502682 -4.447237 0.135583 0.354813 -0.003197 
-0.277578 -0.506857 -4.677610 0.135892 0.356878 -0.000743 
-0.275449 -0.512580 -4.658397 0.135851 0.358389 -0.000424 
-0.273115 -0.517321 -4.524833 0.135489 0.359689 -0.000965 
-0.271011 -0.511335 -4.296890 0.134877 0.360406 -0.002483 
-0.269164 -0.494515 -4.088613 0.134181 0.360463 -0.004111 
-0.274006 -0.472129 -3.869080 0.133199 0.360184 -0.005934 
-0.264431 -0.465014 -3.877815 0.132291 0.359355 -0.005808 
-0.254686 -0.447580 -4.011007 0.131464 0.357975 -0.004600 
-0.251923 -0.442155 -4.217378 0.130552 0.356459 -0.002491 
-0.257359 -0.440040 -4.405379 0.129933 0.354807 0.000165 
-0.257327 -0.449023 -4.614038 0.129561 0.352733 0.002800 
-0.266840 -0.444923 -4.574671 0.129585 0.350693 0.003395 
-0.277407 -0.440646 -4.409727 0.129601 0.348641 0.002489 
-0.281899 -0.432759 -4.203546 0.129966 0.346733 0.001076 
-0.278602 -0.421833 -3.995788 0.130196 0.345057 -0.000871 
-0.275960 -0.420494 -3.786871 0.130518 0.343667 -0.003362 
-0.270283 -0.421877 -3.794934 0.130512 0.342861 -0.004111 
-0.255443 -0.413881 -3.948178 0.130585 0.342782 -0.003703 
-0.246386 -0.421482 -4.154481 0.130547 0.343512 -0.002390 
-0.243222 -0.427768 -4.351884 0.130515 0.345048 -0.000648 
-0.231125 -0.423205 -4.571101 0.130403 0.347008 0.001719 
-0.227085 -0.424839 -4.553484 0.130391 0.349655 0.002561 
-0.229442 -0.412588 -4.411190 0.129985 0.352047 0.002560 
-0.224649 -0.396621 -4.196770 0.129604 0.354572 0.002083 
-0.219856 -0.380653 -3.982351 0.129224 0.357096 0.001606 
-0.229823 -0.370452 -3.775901 0.128473 0.358955 0.000597 
-0.218430 -0.363009 -3.796163 0.127889 0.360219 0.000899 
-0.221809 -0.371366 -3.928867 0.127192 0.361214 0.001639 
-0.219924 -0.382026 -4.152798 0.126808 0.361610 0.002196 
-0.220252 -0.380588 -4.366831 0.126830 0.361070 0.002663 
-0.222198 -0.395226 -4.591091 0.127059 0.360344 0.003006 
-0.235152 -0.410878 -4.557833 0.127744 0.358988 0.001533 
-0.242793 -0.418549 -4.402023 0.128643 0.356719 -0.000362 
-0.258796 -0.421107 -4.196444 0.129893 0.354314 -0.002108 
-0.267730 -0.417800 -3.981880 0.131188 0.351479 -0.003412 
-0.275146 -0.415268 -3.787866 0.132158 0.348828 -0.004409 
-0.287618 -0.425900 -3.810640 0.132722 0.346239 -0.003661 
-0.289920 -0.435272 -3.966193 0.132826 0.344267 -0.002276 
-0.298408 -0.441872 -4.182486 0.132788 0.342635 -0.000835 
-0.297580 -0.455958 -4.365754 0.132217 0.341788 -0.000121 
-0.310589 -0.464491 -4.590406 0.131840 0.341717 0.000763 
-0.316369 -0.470933 -4.607024 0.131309 0.342232 -0.000323 
-0.314434 -0.467183 -4.459492 0.130845 0.343438 -0.002240 
-0.334383 -0.468696 -4.251184 0.130489 0.345074 -0.004220 
-0.333376 -0.458353 -4.045576 0.130710 0.346857 -0.005565 
-0.323781 -0.452799 -3.829884 0.130581 0.348768 -0.006685 
-0.321076 -0.452960 -3.833834 0.130902 0.351048 -0.005540 
-0.310272 -0.457305 -3.981347 0.131044 0.353194 -0.003658 
-0.293469 -0.466293 -4.201884 0.131644 0.355403 -0.001311 
-0.292229 -0.482476 -4.409909 0.132184 0.357333 0.000190 
-0.298314 -0.493688 -4.646583 0.132595 0.359031 0.001138 
-0.286168 -0.507005 -4.654273 0.133310 0.360183 -0.000400 
-0.289738 -0.508436 -4.506240 0.133932 0.360564 -0.003183 
-0.294469 -0.506783 -4.306702 0.134573 0.360183 -0.006234 
-0.297806 -0.511467 -4.087956 0.134688 0.359309 -0.008507 
-0.301751 -0.497490 -3.880788 0.135095 0.357973 -0.010352 
-0.295795 -0.493662 -3.883352 0.134967 0.355927 -0.009149 
-0.288328 -0.481380 -4.031226 0.134747 0.353802 -0.006562 
-0.286897 -0.473731 -4.221480 0.134332 0.351819 -0.003154 
-0.284708 -0.482893 -4.410783 0.133477 0.349823 0.000147 
-0.289733 -0.480507 -4.618732 0.132701 0.348075 0.002790 
-0.288196 -0.475346 -4.596716 0.131774 0.346724 0.002841 
-0.293790 -0.450255 -4.448741 0.130814 0.345697 0.001288 
-0.293413 -0.437883 -4.217538 0.129925 0.344705 -0.001165 
-0.299801 -0.423972 -3.997085 0.129204 0.344432 -0.003531 
-0.299084 -0.415226 -3.777491 0.128611 0.344396 -0.005689 
-0.289299 -0.404467 -3.797924 0.128211 0.344813 -0.005380 
-0.271795 -0.408570 -3.944474 0.128039 0.345764 -0.003585 
-0.261763 -0.409323 -4.144130 0.128210 0.346969 -0.001092 
-0.251874 -0.412319 -4.375580 0.128688 0.348753 0.001683 
-0.235331 -0.419727 -4.586796 0.129299 0.350582 0.004364 
-0.227686 -0.424482 -4.568539 0.130071 0.352916 0.004446 
-0.227598 -0.422796 -4.455566 0.130557 0.354716 0.003444 
-0.221372 -0.418762 -4.218800 0.131378 0.357030 0.001357 
-0.228150 -0.412080 -4.022108 0.131570 0.358675 -0.000424 
-0.219454 -0.395764 -3.793220 0.131354 0.359924 -0.002592 
-0.216345 -0.389712 -3.823170 0.130757 0.360482 -0.002398 
-0.212720 -0.390422 -3.956679 0.129957 0.360571 -0.001215 
-0.215853 -0.393690 -4.162846 0.128980 0.360240 0.000771 
-0.212790 -0.390868 -4.379681 0.128210 0.359392 0.002860 
-0.218229 -0.398760 -4.576380 0.127521 0.358118 0.004966 
-0.234375 -0.401013 -4.555013 0.127335 0.356601 0.004789 
-0.243615 -0.398337 -4.398847 0.127020 0.354921 0.003554 
-0.247993 -0.397456 -4.180501 0.127014 0.352623 0.001623 
-0.268650 -0.387981 -3.951737 0.127540 0.350346 -0.000733 
-0.274969 -0.386853 -3.753586 0.128017 0.347969 -0.003009 
-0.279756 -0.387936 -3.763941 0.128652 0.346092 -0.003221 
-0.283083 -0.398933 -3.928519 0.129065 0.344510 -0.002496 
-0.286429 -0.419571 -4.155148 0.129574 0.343220 -0.001404 
-0.294600 -0.438917 -4.372332 0.129767 0.342728 0.000121 
-0.303076 -0.452083 -4.589912 0.130324 0.342816 0.001529 
-0.305625 -0.462317 -4.579747 0.131053 0.343306 0.000981 
-0.307358 -0.467262 -4.444457 0.131651 0.344633 -0.000859 
-0.316071 -0.460205 -4.237614 0.132326 0.346196 -0.002959 
-0.315935 -0.459515 -4.030009 0.132639 0.348266 -0.005169 
-0.308672 -0.454872 -3.833978 0.133146 0.350387 -0.006962 
-0.298271 -0.459461 -3.865768 0.133119 0.352612 -0.006588 
-0.293292 -0.468603 -4.021417 0.132743 0.354892 -0.005136 
-0.287865 -0.468619 -4.219806 0.132434 0.356989 -0.002859 
-0.291148 -0.470031 -4.395860 0.132109 0.358377 -0.001305 
-0.294322 -0.488355 -4.633874 0.131669 0.359766 0.000727 
-0.286670 -0.487431 -4.633745 0.131839 0.360574 0.000501 
-0.294394 -0.491832 -4.487338 0.131635 0.360698 -0.001089 
-0.298101 -0.488554 -4.278775 0.131966 0.359927 -0.003479 
-0.301850 -0.474373 -4.090717 0.132216 0.358495 -0.005659 
-0.314511 -0.471177 -3.862573 0.132702 0.356733 -0.007809 
-0.304098 -0.470560 -3.863115 0.133036 0.354367 -0.007680 
-0.300568 -0.465752 -4.009173 0.133564 0.351977 -0.006283 
-0.288495 -0.474615 -4.218131 0.133844 0.349819 -0.003979 
-0.297686 -0.488531 -4.417445 0.134075 0.347998 -0.001457 
-0.291134 -0.494785 -4.636305 0.134048 0.346263 0.000947 
-0.306373 -0.498416 -4.626776 0.133853 0.345124 0.001399 
-0.307435 -0.477959 -4.471728 0.133828 0.344257 0.000371 
-0.306743 -0.468455 -4.263065 0.133242 0.344031 -0.001473 
-0.304950 -0.460124 -4.085349 0.132488 0.344089 -0.003023 
-0.310303 -0.441377 -3.813378 0.131797 0.344760 -0.005782 
-0.298662 -0.425241 -3.822188 0.131113 0.345928 -0.005894 
-0.284709 -0.428364 -3.954853 0.129980 0.347664 -0.004939 
-0.278718 -0.436139 -4.162168 0.129295 0.349563 -0.002879 
-0.258851 -0.427650 -4.360393 0.129055 0.351562 -0.000706 
-0.254089 -0.436758 -4.580632 0.129004 0.353856 0.001972 
-0.258094 -0.440474 -4.562610 0.128973 0.355985 0.002713 
-0.250456 -0.434306 -4.420467 0.129494 0.357731 0.002165 
-0.243061 -0.426926 -4.215649 0.129859 0.359183 0.001034 
-0.237074 -0.415897 -3.999765 0.130250 0.359687 -0.000398 
-0.238431 -0.399011 -3.793117 0.130517 0.359768 -0.002042 
-0.239153 -0.396937 -3.823397 0.130533 0.359205 -0.002061 
-0.232059 -0.406587 -3.977200 0.130318 0.358313 -0.001218 
-0.224974 -0.406487 -4.182998 0.130174 0.357051 0.000124 
-0.217713 -0.405296 -4.388491 0.129877 0.355501 0.001472 
-0.225591 -0.420549 -4.584508 0.129617 0.353954 0.003036 
-0.235693 -0.418562 -4.563183 0.129786 0.352396 0.002641 
-0.245497 -0.408128 -4.398090 0.129846 0.350915 0.001624 
-0.247659 -0.409337 -4.180946 0.129504 0.349175 0.000332 
-0.256968 -0.390772 -3.963962 0.129458 0.347781 -0.001066 
-0.265479 -0.390042 -3.747171 0.129127 0.346661 -0.002257 
-0.272505 -0.390629 -3.768087 0.128799 0.345757 -0.001723 
-0.271081 -0.389512 -3.912469 0.128494 0.345387 -0.000551 
-0.268977 -0.390097 -4.128542 0.128182 0.345404 0.000878 
-0.266838 -0.401713 -4.354456 0.127952 0.346086 0.002070 
-0.272853 -0.418285 -4.570483 0.128003 0.347014 0.003154 
-0.274467 -0.431278 -4.568562 0.128552 0.348165 0.001950 
-0.268872 -0.431937 -4.433610 0.129185 0.349444 0.000217 
-0.271225 -0.437091 -4.247187 0.129940 0.350864 -0.001905 
-0.273725 -0.434087 -4.041440 0.130911 0.352382 -0.003797 
-0.269185 -0.434467 -3.846338 0.131864 0.353660 -0.005483 
-0.269868 -0.438966 -3.829287 0.132634 0.354906 -0.004853 
-0.262244 -0.447710 -3.986984 0.133227 0.356022 -0.003190 
-0.260285 -0.459794 -4.205864 0.133316 0.356899 -0.001034 
-0.258992 -0.471192 -4.402814 0.133407 0.357584 0.000499 
-0.263982 -0.476883 -4.638802 0.133055 0.357843 0.001800 
-0.270472 -0.480994 -4.625007 0.132539 0.357786 0.000746 
-0.278933 -0.483055 -4.496804 0.132191 0.357248 -0.001492 
-0.295587 -0.478520 -4.276105 0.131881 0.356183 -0.004180 
-0.297611 -0.464654 -4.067013 0.131645 0.354830 -0.006335 
-0.307029 -0.462547 -3.838384 0.131322 0.353332 -0.008154 
-0.316314 -0.459396 -3.849616 0.131341 0.351488 -0.007605 
-0.309261 -0.457392 -3.986240 0.131208 0.349837 -0.005556 
-0.302904 -0.463849 -4.185991 0.131339 0.348197 -0.002818 
-0.303352 -0.467744 -4.395350 0.131485 0.346990 -0.000306 
-0.311936 -0.477481 -4.614235 0.131906 0.346220 0.001758 
-0.313567 -0.483285 -4.603689 0.132025 0.345558 0.001556 
-0.323620 -0.478589 -4.468247 0.132527 0.345513 -0.000156 
-0.325934 -0.478694 -4.258674 0.132674 0.345591 -0.002876 
-0.319982 -0.467266 -4.048985 0.132746 0.345903 -0.005592 
-0.321270 -0.452786 -3.839887 0.132996 0.346554 -0.008206 
-0.303726 -0.457492 -3.849385 0.132490 0.347672 -0.008222 
-0.292739 -0.451363 -3.995234 0.132385 0.349246 -0.006753 
-0.288317 -0.456844 -4.203864 0.132038 0.350585 -0.004370 
-0.275372 -0.451748 -4.414361 0.131771 0.352443 -0.001348 
-0.262737 -0.463440 -4.624449 0.131384 0.354297 0.001561 
-0.266800 -0.465245 -4.585870 0.131205 0.355946 0.002328 
-0.257066 -0.458098 -4.441497 0.130931 0.357389 0.001476 
-0.262202 -0.449061 -4.214145 0.130496 0.358445 0.000061 
-0.261815 -0.433377 -4.005877 0.130274 0.358799 -0.001900 
-0.261124 -0.423873 -3.797214 0.129687 0.358573 -0.003744 
-0.252986 -0.408774 -3.816675 0.129317 0.357856 -0.003741 
-0.245501 -0.417266 -3.971012 0.128949 0.356675 -0.002571 
-0.237937 -0.408670 -4.178273 0.128866 0.355415 -0.000692 
-0.230997 -0.423774 -4.406364 0.128617 0.353770 0.001488 
-0.232265 -0.418953 -4.604814 0.128984 0.352474 0.003582 
-0.243260 -0.425110 -4.554740 0.129415 0.350917 0.003634 
-0.246430 -0.428730 -4.431464 0.129704 0.349772 0.002888 
-0.258313 -0.419641 -4.215248 0.130393 0.348680 0.001256 
-0.261653 -0.414445 -4.018150 0.130578 0.347432 -0.000492 
-0.263789 -0.403453 -3.799575 0.130643 0.346843 -0.002654 
-0.263437 -0.401271 -3.798965 0.130338 0.346268 -0.002641 
-0.261512 -0.402426 -3.942575 0.130017 0.346466 -0.001797 
-0.250948 -0.400529 -4.148655 0.129565 0.346901 -0.000255 
-0.254606 -0.416948 -4.334088 0.128974 0.347808 0.001187 
-0.250861 -0.422002 -4.581479 0.128632 0.348964 0.002896 
-0.255818 -0.423446 -4.580822 0.128456 0.350432 0.002668 
-0.248282 -0.424352 -4.425675 0.128605 0.351789 0.001280 
