-0.061987 0.068516 -3.402758 -0.096295 0.362701 -0.003498 
-0.060079 0.067728 -3.599722 -0.096450 0.362813 -0.001735 
-0.058014 0.058388 -3.858432 -0.096661 0.362930 0.000401 
-0.057858 0.049838 -3.920177 -0.096718 0.362934 0.000775 
-0.073257 0.058233 -3.794333 -0.096675 0.363025 -0.000831 
-0.075356 0.058195 -3.585599 -0.096527 0.363102 -0.003229 
-0.077217 0.067344 -3.388420 -0.096314 0.362993 -0.005097 
-0.072827 0.081194 -3.149700 -0.095906 0.362740 -0.007464 
-0.065965 0.077241 -3.087883 -0.095933 0.362681 -0.007841 
-0.064495 0.077463 -3.203063 -0.096084 0.362594 -0.006328 
-0.063310 0.069494 -3.401319 -0.096129 0.362422 -0.004139 
-0.061186 0.068773 -3.599121 -0.096282 0.362534 -0.002055 
-0.059295 0.068350 -3.849439 -0.096270 0.362560 0.000626 
-0.066010 0.054890 -3.901593 -0.096366 0.362801 0.001218 
-0.073477 0.058789 -3.786156 -0.096511 0.362932 -0.000182 
-0.075185 0.059909 -3.577955 -0.096515 0.362720 -0.002253 
-0.077725 0.060231 -3.390551 -0.096203 0.362708 -0.004349 
-0.086875 0.073848 -3.150398 -0.096126 0.362549 -0.007033 
-0.073142 0.074805 -3.098172 -0.096114 0.362253 -0.007628 
-0.064976 0.078846 -3.223249 -0.096074 0.362218 -0.006340 
-0.056654 0.074336 -3.410072 -0.096090 0.362187 -0.004678 
-0.055814 0.073570 -3.607579 -0.095924 0.362307 -0.002921 
-0.061211 0.067838 -3.858702 -0.095793 0.362670 -0.000034 
-0.053245 0.062190 -3.900599 -0.095826 0.363001 0.000460 
-0.061196 0.058217 -3.776361 -0.095865 0.363036 -0.000507 
-0.077208 0.066531 -3.569038 -0.095667 0.363215 -0.002368 
-0.077350 0.075238 -3.381171 -0.095937 0.363190 -0.004237 
-0.071961 0.071585 -3.131407 -0.095974 0.363111 -0.006705 
-0.071948 0.081098 -3.099702 -0.096069 0.362823 -0.007098 
-0.063869 0.077801 -3.223850 -0.096241 0.362497 -0.006020 
-0.055997 0.074044 -3.389581 -0.096254 0.362275 -0.004660 
-0.054947 0.073216 -3.618272 -0.096086 0.362398 -0.002607 
-0.053030 0.072035 -3.857658 -0.096080 0.362613 -0.000241 
-0.053285 0.063214 -3.899455 -0.095979 0.362714 0.000146 
-0.054735 0.062856 -3.766005 -0.095669 0.362895 -0.000712 
-0.063498 0.067726 -3.600512 -0.095488 0.362838 -0.002072 
-0.064724 0.067463 -3.372126 -0.095503 0.363002 -0.004131 
-0.066842 0.068312 -3.143977 -0.095350 0.362886 -0.006188 
-0.066775 0.086315 -3.081711 -0.095387 0.362597 -0.006660 
-0.065132 0.077620 -3.205284 -0.095762 0.362600 -0.005691 
-0.056159 0.072689 -3.401961 -0.095941 0.362661 -0.004037 
-0.055358 0.072946 -3.598324 -0.095928 0.362494 -0.002594 
-0.046181 0.067825 -3.856533 -0.096106 0.362563 -0.000670 
-0.045785 0.058583 -3.908185 -0.096168 0.362755 -0.000291 
-0.053863 0.061879 -3.784037 -0.095996 0.363081 -0.001369 
-0.062836 0.066810 -3.587360 -0.095816 0.363020 -0.003023 
-0.064247 0.075207 -3.411273 -0.095607 0.363102 -0.004589 
-0.066096 0.084613 -3.153402 -0.095395 0.362985 -0.006404 
-0.058555 0.089488 -3.081811 -0.095521 0.362828 -0.006552 
-0.057085 0.089709 -3.196991 -0.095672 0.362741 -0.005039 
-0.055464 0.081252 -3.404263 -0.095880 0.362662 -0.003178 
-0.053355 0.080795 -3.589990 -0.096194 0.362675 -0.001724 
-0.051554 0.063028 -3.848075 -0.096465 0.362789 0.000196 
-0.058678 0.058552 -3.909269 -0.096497 0.362846 0.000356 
-0.060512 0.066421 -3.773926 -0.096129 0.363032 -0.001248 
-0.062635 0.067142 -3.576123 -0.095975 0.362921 -0.003332 
-0.071609 0.072073 -3.379446 -0.095796 0.362860 -0.004986 
-0.073914 0.082104 -3.130829 -0.095579 0.362555 -0.007129 
-0.060382 0.082729 -3.089841 -0.095408 0.362359 -0.007416 
-0.066393 0.086694 -3.215705 -0.095377 0.362424 -0.005807 
-0.057204 0.081830 -3.413221 -0.095555 0.362484 -0.003832 
-0.054927 0.073080 -3.600002 -0.095927 0.362493 -0.001952 
-0.059974 0.059523 -3.859213 -0.096172 0.362658 0.000397 
-0.059530 0.058642 -3.910650 -0.096175 0.362853 0.000672 
-0.067232 0.063361 -3.774961 -0.096315 0.362792 -0.000708 
-0.075529 0.067112 -3.577206 -0.096304 0.363012 -0.002685 
-0.077390 0.076261 -3.380028 -0.096091 0.362903 -0.004552 
-0.078454 0.077353 -3.139260 -0.096418 0.362680 -0.007234 
-0.071987 0.082121 -3.098558 -0.096222 0.362536 -0.007413 
-0.064109 0.078493 -3.233943 -0.096236 0.362309 -0.006026 
-0.055525 0.082411 -3.421389 -0.096193 0.362280 -0.004148 
-0.054732 0.073284 -3.619111 -0.096085 0.362398 -0.002286 
-0.060607 0.059056 -3.868772 -0.096014 0.362759 0.000063 
-0.059746 0.058574 -3.909812 -0.096176 0.362854 0.000351 
-0.067408 0.062270 -3.775266 -0.096162 0.363080 -0.000715 
-0.069076 0.062367 -3.568209 -0.096013 0.363156 -0.002471 
-0.077196 0.067208 -3.370150 -0.096155 0.363087 -0.004441 
-0.078252 0.067908 -3.171804 -0.096322 0.362968 -0.006519 
-0.079147 0.069542 -3.099274 -0.096315 0.362581 -0.007096 
-0.077691 0.070028 -3.202379 -0.096626 0.362395 -0.006212 
-0.062282 0.070495 -3.399632 -0.096603 0.362127 -0.004448 
-0.061394 0.078090 -3.596924 -0.096378 0.362251 -0.002795 
-0.060029 0.060811 -3.845993 -0.096485 0.362272 -0.000547 
-0.067113 0.055312 -3.908330 -0.096364 0.362616 -0.000072 
-0.068105 0.063586 -3.794613 -0.096152 0.362705 -0.001048 
-0.076837 0.067825 -3.587842 -0.095978 0.362832 -0.002696 
-0.077638 0.067568 -3.391479 -0.095991 0.362999 -0.004139 
-0.087271 0.073313 -3.142525 -0.095809 0.362743 -0.006390 
-0.086647 0.074173 -3.090544 -0.096126 0.362540 -0.006660 
-0.070589 0.074741 -3.224885 -0.096427 0.362257 -0.005480 
-0.062267 0.070231 -3.411708 -0.096444 0.362226 -0.003819 
-0.061226 0.069796 -3.597978 -0.096436 0.362247 -0.002370 
-0.066658 0.064465 -3.855296 -0.096624 0.362417 -0.000767 
-0.067282 0.063605 -3.907277 -0.096306 0.362620 -0.000498 
-0.061882 0.059038 -3.772701 -0.096021 0.362751 -0.001785 
-0.062851 0.067075 -3.575284 -0.095976 0.362921 -0.003653 
-0.071609 0.072073 -3.379446 -0.095796 0.362860 -0.004986 
-0.080288 0.084802 -3.142114 -0.095563 0.362986 -0.006713 
-0.073451 0.081608 -3.091229 -0.095584 0.362738 -0.006775 
-0.064049 0.077333 -3.216816 -0.095923 0.362691 -0.005056 
-0.061925 0.076612 -3.414619 -0.096077 0.362802 -0.002973 
-0.052751 0.072013 -3.600060 -0.096415 0.362764 -0.001627 
-0.057967 0.066749 -3.858217 -0.096602 0.362933 0.000297 
-0.058390 0.066222 -3.898961 -0.096444 0.363037 0.000258 
-0.059860 0.066000 -3.783781 -0.096292 0.363124 -0.001255 
-0.069259 0.070925 -3.555079 -0.096114 0.363061 -0.003526 
-0.064256 0.075600 -3.368851 -0.095767 0.362999 -0.005193 
-0.066561 0.085630 -3.120235 -0.095551 0.362695 -0.007335 
-0.066555 0.085759 -3.089889 -0.095551 0.362691 -0.007309 
-0.051785 0.086905 -3.216595 -0.095366 0.362322 -0.005486 
-0.049057 0.077402 -3.424468 -0.095742 0.362523 -0.003305 
-0.047383 0.077433 -3.601178 -0.095892 0.362443 -0.001523 
-0.052800 0.071838 -3.870572 -0.095920 0.362711 0.000709 
-0.059893 0.066732 -3.890487 -0.095959 0.362953 0.000581 
-0.067858 0.063023 -3.754174 -0.096158 0.362889 -0.001016 
-0.069741 0.063052 -3.546278 -0.096010 0.362965 -0.003093 
-0.063839 0.075999 -3.358453 -0.095925 0.362899 -0.005180 
-0.072821 0.081323 -3.119354 -0.095906 0.362736 -0.007438 
-0.066354 0.086091 -3.078652 -0.095710 0.362591 -0.007617 
-0.064883 0.086312 -3.193832 -0.095862 0.362504 -0.006104 
-0.056586 0.082561 -3.391586 -0.095872 0.362284 -0.004128 
-0.054879 0.081441 -3.599787 -0.095868 0.362496 -0.002056 
-0.060338 0.067613 -3.839050 -0.095956 0.362757 0.000306 
-0.059893 0.066732 -3.890487 -0.095959 0.362953 0.000581 
-0.067408 0.062270 -3.775266 -0.096162 0.363080 -0.000715 
-0.076356 0.066442 -3.567656 -0.095989 0.363208 -0.002684 
-0.070501 0.071028 -3.380046 -0.095963 0.363139 -0.004666 
-0.072418 0.072209 -3.140661 -0.095969 0.362924 -0.007032 
-0.072862 0.073090 -3.089223 -0.095966 0.362728 -0.007308 
-0.064473 0.086583 -3.213780 -0.096019 0.362408 -0.006117 
-0.063263 0.077855 -3.401104 -0.096070 0.362425 -0.004243 
-0.055095 0.081374 -3.598948 -0.095869 0.362497 -0.002377 
-0.053682 0.072456 -3.847803 -0.095917 0.362522 -0.000234 
-0.060613 0.058928 -3.899118 -0.096014 0.362763 0.000037 
-0.069343 0.062646 -3.765115 -0.095679 0.362997 -0.001034 
-0.063247 0.066540 -3.567412 -0.095659 0.363116 -0.003010 
-0.071152 0.071449 -3.370191 -0.095800 0.363047 -0.004659 
-0.079918 0.076840 -3.131931 -0.095780 0.362883 -0.006596 
-0.072383 0.081586 -3.090686 -0.095905 0.362730 -0.006770 
-0.071369 0.082432 -3.215120 -0.096052 0.362456 -0.005584 
-0.054853 0.081854 -3.412974 -0.096197 0.362467 -0.003500 
-0.054099 0.073750 -3.609552 -0.096242 0.362297 -0.001953 
-0.052251 0.064344 -3.867423 -0.096455 0.362414 -0.000138 
-0.060196 0.059327 -3.888720 -0.096172 0.362663 0.000050 
-0.061115 0.075203 -3.763856 -0.095907 0.362943 -0.001345 
-0.063239 0.075924 -3.566053 -0.095753 0.362832 -0.003429 
-0.071972 0.080163 -3.359282 -0.095579 0.362959 -0.005077 
-0.073673 0.081412 -3.120736 -0.095584 0.362743 -0.007122 
-0.065688 0.085405 -3.100583 -0.095713 0.362782 -0.006995 
-0.064265 0.077266 -3.215978 -0.095924 0.362692 -0.005377 
-0.062356 0.076478 -3.412941 -0.096079 0.362804 -0.003615 
-0.053859 0.073059 -3.599459 -0.096248 0.362485 -0.001947 
-0.058859 0.067862 -3.858455 -0.096434 0.362653 0.000298 
-0.059329 0.058973 -3.899414 -0.096334 0.362754 0.000363 
-0.067663 0.063226 -3.773283 -0.096316 0.362794 -0.001350 
-0.069499 0.071616 -3.565173 -0.096109 0.362873 -0.003532 
-0.071407 0.072405 -3.368209 -0.095955 0.362761 -0.005295 
-0.073061 0.082014 -3.129447 -0.095901 0.362548 -0.007444 
-0.066379 0.086850 -3.089584 -0.095704 0.362403 -0.007303 
-0.058045 0.082597 -3.215714 -0.095722 0.362363 -0.005589 
-0.056161 0.082568 -3.423610 -0.095870 0.362287 -0.003512 
-0.053427 0.073193 -3.601137 -0.096246 0.362483 -0.001305 
-0.058892 0.059237 -3.870745 -0.096333 0.362749 0.001031 
-0.058481 0.059507 -3.890693 -0.096491 0.362653 0.001018 
-0.066622 0.054707 -3.754685 -0.096537 0.362877 -0.000585 
-0.068458 0.063098 -3.546574 -0.096330 0.362956 -0.002767 
-0.063839 0.075999 -3.358453 -0.095925 0.362899 -0.005180 
-0.073036 0.081255 -3.118515 -0.095907 0.362736 -0.007759 
-0.065965 0.077241 -3.087883 -0.095933 0.362681 -0.007841 
-0.065105 0.086116 -3.223339 -0.095862 0.362509 -0.006451 
-0.055941 0.082012 -3.431787 -0.096035 0.362380 -0.004161 
-0.054692 0.072260 -3.620255 -0.095932 0.362685 -0.001972 
-0.059060 0.067530 -3.869692 -0.096275 0.362752 0.000606 
-0.058610 0.066777 -3.890783 -0.096279 0.362944 0.000907 
-0.059255 0.057970 -3.756166 -0.096349 0.363115 -0.000162 
-0.074656 0.066887 -3.557554 -0.096467 0.363099 -0.002345 
-0.076129 0.067187 -3.369607 -0.096476 0.363079 -0.004436 
-0.078199 0.076397 -3.141243 -0.096264 0.362967 -0.006598 
-0.079099 0.077903 -3.099059 -0.096256 0.362584 -0.007200 
-0.063908 0.078824 -3.222706 -0.096395 0.362210 -0.006335 
-0.063068 0.078058 -3.420213 -0.096228 0.362330 -0.004578 
-0.061811 0.077690 -3.607322 -0.096220 0.362351 -0.002808 
-0.053534 0.064298 -3.867127 -0.096134 0.362423 -0.000464 
-0.060853 0.059619 -3.909211 -0.096008 0.362575 0.000031 
-0.068717 0.062983 -3.785902 -0.095835 0.362900 -0.000726 
-0.077248 0.067555 -3.567894 -0.095820 0.362928 -0.002683 
-0.071641 0.063448 -3.391736 -0.095695 0.362955 -0.004252 
-0.081033 0.068501 -3.132689 -0.095518 0.362888 -0.006497 
-0.079952 0.077992 -3.100441 -0.095934 0.362591 -0.006885 
-0.071632 0.074004 -3.214496 -0.096112 0.362453 -0.005800 
-0.062637 0.078193 -3.421891 -0.096227 0.362329 -0.003936 
-0.047203 0.077901 -3.608212 -0.096210 0.362249 -0.002486 
-0.059531 0.068419 -3.866870 -0.096430 0.362467 -0.000351 
-0.059498 0.067267 -3.898360 -0.096276 0.362758 -0.000062 
-0.061403 0.067534 -3.774164 -0.095961 0.362752 -0.001247 
-0.063024 0.075991 -3.566892 -0.095753 0.362831 -0.003108 
-0.071541 0.080298 -3.360960 -0.095578 0.362957 -0.004435 
-0.073370 0.088817 -3.122503 -0.095371 0.363033 -0.006591 
-0.066123 0.085894 -3.091566 -0.095550 0.362689 -0.006667 
-0.071746 0.081009 -3.226662 -0.095741 0.362843 -0.005282 
-0.055686 0.081056 -3.433770 -0.095880 0.362667 -0.003525 
-0.054041 0.071839 -3.630110 -0.096095 0.362777 -0.001979 
-0.052387 0.062229 -3.868871 -0.096148 0.362989 0.000171 
-0.059673 0.066176 -3.898665 -0.096123 0.363046 -0.000068 
-0.068706 0.062489 -3.762894 -0.096001 0.362990 -0.001670 
-0.062347 0.074811 -3.565815 -0.095922 0.363112 -0.003430 
-0.064040 0.075667 -3.369690 -0.095767 0.362999 -0.004872 
-0.065694 0.085277 -3.130929 -0.095713 0.362786 -0.007021 
-0.066163 0.086917 -3.090423 -0.095703 0.362402 -0.006982 
-0.071523 0.090461 -3.226142 -0.095835 0.362558 -0.005380 
-0.062334 0.085598 -3.423658 -0.096014 0.362618 -0.003404 
-0.053380 0.081554 -3.600922 -0.096188 0.362487 -0.001409 
-0.051316 0.072215 -3.859631 -0.096399 0.362603 0.000727 
-0.057998 0.067380 -3.899495 -0.096596 0.362748 0.000585 
-0.067254 0.054241 -3.764244 -0.096380 0.362978 -0.000919 
-0.061762 0.066917 -3.556471 -0.096138 0.363008 -0.002992 
-0.071192 0.072472 -3.369048 -0.095954 0.362760 -0.004974 
-0.065493 0.085608 -3.119692 -0.095872 0.362687 -0.007330 
-0.066642 0.078421 -3.088960 -0.095764 0.362400 -0.007519 
-0.065781 0.087296 -3.224416 -0.095693 0.362228 -0.006129 
-0.049312 0.078358 -3.422485 -0.095896 0.362236 -0.003941 
-0.055343 0.072681 -3.610400 -0.095769 0.362593 -0.001965 
-0.053016 0.071770 -3.869733 -0.095920 0.362712 0.000388 
-0.058826 0.066710 -3.889944 -0.096280 0.362944 0.000586 
-0.066535 0.062045 -3.755613 -0.096325 0.363167 -0.000375 
-0.075073 0.066487 -3.567952 -0.096309 0.363199 -0.002358 
-0.068801 0.071472 -3.369944 -0.096442 0.363030 -0.004327 
-0.071522 0.081104 -3.131726 -0.096067 0.362826 -0.006482 
-0.064444 0.086474 -3.099735 -0.096187 0.362486 -0.006984 
-0.064062 0.086853 -3.233728 -0.096177 0.362312 -0.006131 
-0.063269 0.077726 -3.431450 -0.096069 0.362430 -0.004269 
-0.054947 0.073216 -3.618272 -0.096086 0.362398 -0.002607 
-0.046206 0.068584 -3.867465 -0.096100 0.362374 -0.000356 
-0.061217 0.067710 -3.889048 -0.095792 0.362674 -0.000060 
-0.061814 0.067263 -3.754216 -0.095803 0.362848 -0.001234 
-0.077874 0.067217 -3.547107 -0.095663 0.363025 -0.002990 
-0.078916 0.067651 -3.360838 -0.095671 0.363004 -0.004439 
-0.080569 0.077261 -3.122076 -0.095617 0.362791 -0.006589 
-0.072020 0.073496 -3.110849 -0.096122 0.362631 -0.006679 
-0.070959 0.082702 -3.235068 -0.096210 0.362360 -0.005597 
-0.054705 0.073696 -3.432298 -0.096414 0.362368 -0.003730 
-0.045925 0.077818 -3.638854 -0.096529 0.362245 -0.002186 
-0.051552 0.072283 -3.877063 -0.096559 0.362509 -0.000249 
-0.059081 0.067666 -3.887962 -0.096434 0.362658 -0.000049 
-0.052983 0.071038 -3.763026 -0.096253 0.362884 -0.001448 
-0.062366 0.075699 -3.546401 -0.095916 0.362919 -0.003089 
-0.071387 0.072269 -3.349938 -0.095796 0.362855 -0.004639 
-0.064821 0.085052 -3.111276 -0.095876 0.362873 -0.006681 
-0.072584 0.081254 -3.101923 -0.095746 0.362830 -0.006462 
-0.070703 0.081747 -3.237051 -0.096056 0.362646 -0.004962 
-0.062435 0.068747 -3.454434 -0.096130 0.362616 -0.003222 
-0.053415 0.072177 -3.650897 -0.096251 0.362680 -0.001671 
-0.052628 0.062921 -3.878964 -0.096143 0.362802 0.000164 
-0.059472 0.066508 -3.887428 -0.096282 0.362947 -0.000377 
-0.067879 0.063159 -3.772444 -0.096317 0.362794 -0.001671 
-0.063455 0.075856 -3.565214 -0.095754 0.362833 -0.003750 
-0.071360 0.080765 -3.367994 -0.095896 0.362764 -0.005399 
-0.065493 0.085608 -3.119692 -0.095872 0.362687 -0.007330 
-0.065512 0.086496 -3.100278 -0.095866 0.362494 -0.006989 
-0.071106 0.090860 -3.215744 -0.095993 0.362458 -0.005367 
-0.061789 0.078727 -3.413170 -0.096383 0.362227 -0.003281 
-0.059665 0.078006 -3.610973 -0.096537 0.362339 -0.001198 
-0.057360 0.067975 -3.859589 -0.096754 0.362644 0.000945 
-0.064694 0.063561 -3.889598 -0.096787 0.362697 0.000810 
-0.073251 0.058362 -3.763987 -0.096676 0.363021 -0.000805 
-0.076195 0.067797 -3.555276 -0.096301 0.362821 -0.003307 
-0.077667 0.068097 -3.367328 -0.096310 0.362802 -0.005398 
-0.072620 0.081654 -3.108117 -0.096065 0.362636 -0.007746 
-0.073922 0.082497 -3.088407 -0.095739 0.362453 -0.007732 
-0.065997 0.087229 -3.223577 -0.095694 0.362229 -0.006450 
-0.057057 0.073673 -3.432545 -0.095772 0.362385 -0.004062 
-0.054692 0.072260 -3.620255 -0.095932 0.362685 -0.001972 
-0.051995 0.063388 -3.869405 -0.096300 0.362701 0.000498 
-0.065697 0.061800 -3.880353 -0.096319 0.363181 0.000805 
-0.066118 0.062444 -3.745215 -0.096483 0.363067 -0.000362 
-0.074631 0.066128 -3.546622 -0.096473 0.363288 -0.002660 
-0.075687 0.066827 -3.348277 -0.096640 0.363168 -0.004738 
-0.070429 0.080323 -3.120251 -0.096394 0.363006 -0.006792 
-0.062901 0.084940 -3.109352 -0.096518 0.362858 -0.006992 
-0.062955 0.085808 -3.234329 -0.096344 0.362591 -0.005811 
-0.054610 0.090418 -3.431868 -0.096296 0.362375 -0.003939 
-0.053817 0.081291 -3.629590 -0.096188 0.362492 -0.002077 
-0.045253 0.075568 -3.879087 -0.096050 0.362756 0.000168 
-0.053480 0.063010 -3.880346 -0.095821 0.362809 0.000480 
-0.061774 0.066240 -3.755359 -0.095650 0.363136 -0.000919 
-0.070722 0.070412 -3.547750 -0.095476 0.363263 -0.002888 
-0.072214 0.071599 -3.340388 -0.095480 0.363051 -0.004638 
-0.073681 0.072028 -3.122095 -0.095490 0.363027 -0.006703 
-0.066627 0.078157 -3.101036 -0.095604 0.362499 -0.006890 
-0.057897 0.074439 -3.235039 -0.095939 0.362265 -0.005819 
-0.056229 0.074342 -3.442095 -0.096088 0.362189 -0.004063 
-0.047256 0.069412 -3.638773 -0.096268 0.362250 -0.002408 
-0.052620 0.072305 -3.877606 -0.096238 0.362518 -0.000255 
-0.052796 0.071215 -3.877911 -0.096085 0.362805 -0.000261 
-0.061350 0.076023 -3.743603 -0.095902 0.362751 -0.001326 
-0.062151 0.075766 -3.547240 -0.095916 0.362918 -0.002768 
-0.071124 0.080697 -3.350562 -0.095736 0.362857 -0.004423 
-0.072174 0.081525 -3.121871 -0.095904 0.362734 -0.006475 
-0.064423 0.086338 -3.081464 -0.096028 0.362580 -0.006328 
-0.063175 0.086364 -3.226151 -0.096180 0.362498 -0.005162 
-0.061770 0.077839 -3.432584 -0.096389 0.362420 -0.003622 
-0.053448 0.073329 -3.619407 -0.096405 0.362389 -0.001960 
-0.052474 0.054892 -3.867943 -0.096361 0.362699 -0.000040 
-0.060412 0.059260 -3.887881 -0.096173 0.362664 -0.000271 
-0.062293 0.058767 -3.752753 -0.095863 0.362847 -0.001771 
-0.064570 0.067517 -3.565972 -0.095492 0.362837 -0.003651 
-0.066191 0.075975 -3.358700 -0.095284 0.362916 -0.005512 
-0.066784 0.076179 -3.120755 -0.095457 0.362979 -0.007237 
-0.066803 0.077066 -3.101341 -0.095451 0.362787 -0.006896 
-0.057354 0.081153 -3.226713 -0.095731 0.362742 -0.005281 
-0.055518 0.072762 -3.434824 -0.095939 0.362663 -0.003100 
-0.053394 0.072041 -3.632626 -0.096092 0.362775 -0.001016 
-0.050625 0.070771 -3.870630 -0.096408 0.362982 0.001034 
-0.057542 0.066756 -3.890240 -0.096600 0.362936 0.000913 
-0.065683 0.061956 -3.754232 -0.096647 0.363160 -0.000690 
-0.060454 0.066203 -3.545835 -0.096464 0.363188 -0.002980 
-0.070509 0.071421 -3.337625 -0.096123 0.363036 -0.005270 
-0.065252 0.084917 -3.109599 -0.095877 0.362874 -0.007323 
-0.058422 0.081594 -3.089060 -0.095897 0.362631 -0.007412 
-0.050544 0.077966 -3.224444 -0.095911 0.362404 -0.006025 
-0.049078 0.077537 -3.442738 -0.095901 0.362428 -0.003960 
-0.048069 0.068477 -3.641299 -0.095792 0.362545 -0.001778 
-0.053480 0.063010 -3.880346 -0.095821 0.362809 0.000480 
-0.060768 0.057701 -3.881152 -0.095702 0.363145 0.000686 
-0.068470 0.062421 -3.745463 -0.095842 0.363084 -0.000694 
-0.069238 0.070789 -3.536809 -0.095955 0.363155 -0.002870 
-0.070945 0.071909 -3.328609 -0.095960 0.362944 -0.004941 
-0.064883 0.076955 -3.099416 -0.096094 0.362771 -0.007206 
-0.064900 0.087098 -3.108989 -0.096183 0.362299 -0.007311 
-0.055954 0.083448 -3.243831 -0.096517 0.362064 -0.005919 
-0.062226 0.078463 -3.441839 -0.096384 0.362233 -0.003949 
-0.053278 0.074291 -3.649448 -0.096557 0.362105 -0.001980 
-0.051121 0.072418 -3.878740 -0.096557 0.362508 0.000392 
-0.059060 0.067530 -3.869692 -0.096275 0.362752 0.000606 
-0.066985 0.062798 -3.734522 -0.096321 0.362976 -0.000676 
-0.075307 0.067308 -3.547699 -0.096304 0.363007 -0.002338 
-0.077632 0.067697 -3.361133 -0.095991 0.362995 -0.004113 
-0.079261 0.076548 -3.111440 -0.095944 0.362971 -0.006577 
-0.072646 0.073158 -3.090062 -0.095965 0.362728 -0.006987 
-0.064520 0.078222 -3.213995 -0.096078 0.362405 -0.006013 
-0.055788 0.073983 -3.420766 -0.096252 0.362278 -0.004365 
-0.047882 0.069074 -3.617986 -0.096111 0.362347 -0.002716 
-0.053534 0.064298 -3.867127 -0.096134 0.362423 -0.000464 
-0.053084 0.063545 -3.888219 -0.096138 0.362614 -0.000163 
-0.054098 0.062699 -3.763784 -0.095991 0.362889 -0.001349 
-0.069478 0.071480 -3.546902 -0.095950 0.362967 -0.002877 
-0.077800 0.075990 -3.360080 -0.095933 0.362999 -0.004538 
-0.071282 0.080412 -3.121633 -0.096072 0.363013 -0.006476 
-0.070884 0.081699 -3.091820 -0.096225 0.362721 -0.006123 
-0.069635 0.081725 -3.236508 -0.096377 0.362638 -0.004956 
-0.060903 0.077485 -3.443278 -0.096551 0.362511 -0.003308 
-0.051930 0.072554 -3.639956 -0.096730 0.362572 -0.001654 
-0.051384 0.063990 -3.878117 -0.096617 0.362506 0.000176 
-0.052016 0.063523 -3.887676 -0.096459 0.362606 -0.000158 
-0.060962 0.067174 -3.752834 -0.096125 0.362841 -0.001549 
-0.070824 0.063338 -3.534746 -0.095848 0.362874 -0.003728 
-0.073258 0.080639 -3.286219 -0.095420 0.362861 -0.005981 
-0.067212 0.086051 -3.110380 -0.095388 0.362603 -0.007328 
-0.066996 0.086119 -3.111219 -0.095387 0.362602 -0.007007 
-0.057810 0.081777 -3.235967 -0.095727 0.362555 -0.005609 
-0.055974 0.073386 -3.444078 -0.095934 0.362476 -0.003427 
-0.061178 0.068380 -3.641543 -0.096122 0.362637 -0.001452 
-0.058255 0.059080 -3.868525 -0.096656 0.362742 0.000395 
-0.058255 0.059080 -3.868525 -0.096656 0.362742 0.000395 
-0.066133 0.062709 -3.733140 -0.096643 0.362968 -0.000992 
-0.075121 0.067904 -3.524387 -0.096623 0.362809 -0.003276 
-0.069629 0.080580 -3.316614 -0.096381 0.362839 -0.005349 
-0.071900 0.089458 -3.099487 -0.096010 0.362826 -0.007203 
-0.064861 0.086075 -3.110133 -0.096029 0.362586 -0.006996 
-0.056720 0.090875 -3.246141 -0.095983 0.362362 -0.005393 
-0.055711 0.081815 -3.444702 -0.095874 0.362478 -0.003210 
-0.054267 0.072266 -3.652279 -0.095929 0.362688 -0.001356 
-0.052876 0.054228 -3.890416 -0.096043 0.362898 0.000577 
-0.053287 0.053958 -3.870468 -0.095885 0.362994 0.000591 
-0.061427 0.049158 -3.734460 -0.095932 0.363218 -0.001012 
-0.062637 0.057886 -3.547136 -0.095881 0.363201 -0.002887 
-0.071826 0.062750 -3.349619 -0.095702 0.363141 -0.004862 
-0.073695 0.072292 -3.110019 -0.095649 0.362929 -0.007333 
-0.059537 0.073255 -3.089818 -0.095635 0.362636 -0.007313 
-0.051195 0.078387 -3.214589 -0.095748 0.362312 -0.006018 
-0.048837 0.076846 -3.432645 -0.095906 0.362616 -0.003954 
-0.047451 0.069208 -3.619664 -0.096109 0.362345 -0.002074 
-0.051755 0.062696 -3.859312 -0.096306 0.362889 0.000504 
-0.051908 0.070725 -3.870334 -0.096088 0.362991 0.000708 
-0.059230 0.057211 -3.745234 -0.096355 0.363303 -0.000477 
-0.067915 0.069811 -3.538249 -0.096122 0.363434 -0.002229 
-0.069406 0.070999 -3.330887 -0.096126 0.363221 -0.003980 
-0.070672 0.071759 -3.101356 -0.096295 0.363098 -0.006353 
-0.064035 0.077489 -3.090695 -0.096251 0.362670 -0.006552 
-0.056789 0.073394 -3.235639 -0.096107 0.362544 -0.005499 
-0.055578 0.073921 -3.451950 -0.096251 0.362281 -0.004070 
-0.040561 0.073231 -3.648670 -0.096076 0.362302 -0.002633 
-0.046839 0.068117 -3.877024 -0.095942 0.362475 -0.000689 
-0.047518 0.059290 -3.886798 -0.095844 0.362572 -0.000918 
-0.048263 0.067001 -3.732641 -0.095638 0.362845 -0.001862 
-0.065000 0.068134 -3.526610 -0.095329 0.362741 -0.003297 
-0.072664 0.072352 -3.319297 -0.095476 0.362860 -0.004940 
-0.066171 0.077533 -3.091781 -0.095609 0.362686 -0.006563 
-0.072240 0.074052 -3.102671 -0.095957 0.362538 -0.006030 
-0.055268 0.082627 -3.247491 -0.096361 0.362349 -0.004641 
-0.053648 0.074169 -3.454763 -0.096569 0.362270 -0.002781 
-0.059261 0.078148 -3.661267 -0.096694 0.362247 -0.001237 
-0.057381 0.068111 -3.877860 -0.096913 0.362549 0.000289 
-0.058276 0.059216 -3.886795 -0.096815 0.362647 -0.000261 
-0.059693 0.067484 -3.741054 -0.096605 0.362734 -0.001852 
-0.076620 0.067791 -3.523252 -0.096303 0.362819 -0.003923 
-0.071175 0.072106 -3.315694 -0.096120 0.362846 -0.005892 
-0.073278 0.072691 -3.099621 -0.095807 0.362829 -0.007320 
-0.073692 0.082300 -3.101322 -0.095579 0.362550 -0.006782 
-0.064296 0.077896 -3.257255 -0.095917 0.362507 -0.005089 
-0.063287 0.068836 -3.455816 -0.095809 0.362624 -0.002906 
-0.061016 0.059958 -3.672943 -0.096180 0.362637 -0.001052 
-0.059377 0.050612 -3.899629 -0.096393 0.362751 0.000468 
-0.067107 0.055440 -3.877984 -0.096365 0.362612 -0.000046 
-0.067423 0.062534 -3.763190 -0.096322 0.362981 -0.001344 
-0.069345 0.063587 -3.554151 -0.096327 0.362770 -0.003736 
-0.070837 0.064775 -3.346789 -0.096330 0.362558 -0.005486 
-0.072692 0.074053 -3.119264 -0.096118 0.362445 -0.007327 
-0.071596 0.083279 -3.099092 -0.096374 0.362247 -0.007086 
-0.055934 0.083312 -3.225560 -0.096358 0.362158 -0.005264 
-0.061386 0.069613 -3.434477 -0.096446 0.362415 -0.002875 
-0.059478 0.068825 -3.631441 -0.096601 0.362528 -0.001113 
-0.057824 0.059215 -3.870202 -0.096654 0.362741 0.001037 
-0.065568 0.054530 -3.880263 -0.096531 0.362890 0.000916 
-0.066644 0.045588 -3.743968 -0.096602 0.363062 -0.000795 
-0.068696 0.053910 -3.535018 -0.096396 0.363142 -0.003298 
-0.078751 0.059128 -3.326808 -0.096055 0.362991 -0.005587 
-0.080364 0.076970 -3.118178 -0.095941 0.362786 -0.007867 
-0.073534 0.073647 -3.097639 -0.095962 0.362542 -0.007956 
-0.065393 0.078447 -3.233647 -0.095915 0.362318 -0.006353 
-0.056646 0.073943 -3.452493 -0.095930 0.362289 -0.004075 
-0.054522 0.073222 -3.650296 -0.096084 0.362401 -0.001991 
-0.059980 0.059394 -3.889559 -0.096171 0.362662 0.000371 
-0.066805 0.062845 -3.879752 -0.096152 0.362902 0.000485 
-0.066985 0.062798 -3.734522 -0.096321 0.362976 -0.000676 
-0.068236 0.063294 -3.517067 -0.096330 0.362951 -0.002420 
-0.076310 0.076496 -3.318793 -0.096413 0.362886 -0.004495 
-0.077600 0.078016 -3.100194 -0.096576 0.362575 -0.006553 
-0.077600 0.078016 -3.100194 -0.096576 0.362575 -0.006553 
-0.061959 0.078184 -3.244933 -0.096718 0.362392 -0.005386 
-0.053884 0.074237 -3.472194 -0.096729 0.362177 -0.003757 
-0.045979 0.069328 -3.669415 -0.096587 0.362245 -0.002108 
-0.045602 0.059802 -3.877535 -0.096321 0.362463 -0.000258 
-0.053951 0.063899 -3.877525 -0.095976 0.362523 -0.000477 
-0.055375 0.062783 -3.733143 -0.095671 0.362893 -0.001649 
-0.072039 0.071518 -3.515964 -0.095310 0.362981 -0.003503 
-0.065574 0.067450 -3.308078 -0.095507 0.362997 -0.005362 
-0.073714 0.073180 -3.090605 -0.095644 0.362736 -0.006992 
-0.072872 0.073585 -3.112231 -0.095800 0.362639 -0.006363 
-0.055948 0.073799 -3.257265 -0.096263 0.362447 -0.004870 
-0.060694 0.077424 -3.474463 -0.096549 0.362515 -0.003013 
-0.051746 0.073252 -3.682072 -0.096723 0.362387 -0.001044 
-0.057845 0.059351 -3.888473 -0.096813 0.362646 0.000381 
-0.058423 0.067374 -3.867471 -0.096598 0.362746 -0.000031 
-0.059678 0.067219 -3.753130 -0.096445 0.362832 -0.001223 
-0.061514 0.075610 -3.545019 -0.096238 0.362912 -0.003405 
-0.063134 0.084067 -3.337747 -0.096030 0.362990 -0.005266 
-0.065688 0.085405 -3.100583 -0.095713 0.362782 -0.006995 
-0.066076 0.094255 -3.091351 -0.095491 0.362692 -0.006771 
-0.064659 0.085987 -3.237092 -0.095701 0.362606 -0.005180 
-0.056410 0.073875 -3.435062 -0.095770 0.362383 -0.003099 
-0.054549 0.064726 -3.632241 -0.095984 0.362492 -0.001232 
-0.053351 0.055740 -3.880256 -0.096033 0.362518 0.000591 
-0.060847 0.059748 -3.878865 -0.096009 0.362571 0.000057 
-0.061660 0.059234 -3.743194 -0.096021 0.362746 -0.001438 
-0.063583 0.060287 -3.534155 -0.096026 0.362535 -0.003830 
-0.065807 0.077526 -3.316813 -0.095596 0.362525 -0.005788 
-0.074339 0.082097 -3.098805 -0.095581 0.362553 -0.007745 
-0.066619 0.087541 -3.099677 -0.095699 0.362215 -0.007309 
-0.064699 0.087010 -3.235949 -0.095854 0.362319 -0.005494 
-0.055999 0.074145 -3.455010 -0.095928 0.362287 -0.003112 
-0.059872 0.077545 -3.652556 -0.096377 0.362442 -0.000915 
-0.057978 0.067244 -3.881224 -0.096437 0.362843 0.001241 
-0.065065 0.062267 -3.870793 -0.096477 0.363080 0.001139 
-0.066093 0.061685 -3.734284 -0.096489 0.363256 -0.000677 
-0.075908 0.066211 -3.515980 -0.096153 0.363292 -0.002960 
-0.077831 0.067264 -3.306941 -0.096159 0.363081 -0.005352 
-0.065725 0.076550 -3.077790 -0.095938 0.362869 -0.007835 
-0.073447 0.080985 -3.098567 -0.095749 0.362832 -0.007745 
-0.058482 0.082334 -3.244383 -0.095723 0.362369 -0.006257 
-0.056775 0.081213 -3.452583 -0.095718 0.362580 -0.004186 
-0.047658 0.068748 -3.661247 -0.095950 0.362449 -0.001791 
-0.053721 0.063702 -3.890439 -0.095816 0.362621 0.000474 
-0.060391 0.059124 -3.869611 -0.096014 0.362758 0.000384 
-0.068464 0.062549 -3.715117 -0.095842 0.363080 -0.000668 
-0.069257 0.071676 -3.517395 -0.095950 0.362963 -0.002530 
-0.076936 0.076158 -3.298006 -0.096256 0.362983 -0.004802 
-0.078643 0.077278 -3.089805 -0.096261 0.362771 -0.006873 
-0.070488 0.082234 -3.099693 -0.096542 0.362526 -0.006766 
-0.062415 0.078809 -3.254187 -0.096714 0.362204 -0.005714 
-0.053837 0.082598 -3.471979 -0.096670 0.362180 -0.003861 
-0.052781 0.081899 -3.670325 -0.096503 0.362299 -0.001783 
-0.051994 0.072643 -3.898393 -0.096394 0.362421 0.000053 
-0.059444 0.075756 -3.867799 -0.096218 0.362757 -0.000140 
-0.068719 0.063505 -3.713134 -0.095996 0.362793 -0.001304 
-0.063065 0.067759 -3.536761 -0.095812 0.362824 -0.002978 
-0.072013 0.071931 -3.329152 -0.095639 0.362952 -0.004947 
-0.080128 0.076901 -3.100746 -0.095782 0.362879 -0.006891 
-0.072624 0.082278 -3.100779 -0.095900 0.362542 -0.006776 
-0.070959 0.082702 -3.235068 -0.096210 0.362360 -0.005597 
-0.062011 0.078531 -3.442677 -0.096383 0.362232 -0.003628 
-0.053695 0.073892 -3.659846 -0.096399 0.362205 -0.001992 
-0.058905 0.068757 -3.887657 -0.096587 0.362370 -0.000043 
-0.066884 0.064892 -3.877464 -0.096459 0.362327 -0.000144 
-0.074762 0.068521 -3.742080 -0.096445 0.362554 -0.001531 
-0.069317 0.072836 -3.534522 -0.096262 0.362581 -0.003500 
-0.064308 0.077639 -3.317947 -0.095916 0.362515 -0.005141 
-0.079904 0.086353 -3.100226 -0.095876 0.362595 -0.006989 
-0.072624 0.082278 -3.100779 -0.095900 0.362542 -0.006776 
-0.071160 0.082371 -3.246305 -0.096051 0.362459 -0.005289 
-0.069036 0.081650 -3.444107 -0.096205 0.362571 -0.003205 
-0.060767 0.068650 -3.661491 -0.096280 0.362541 -0.001465 
-0.058496 0.059772 -3.878618 -0.096650 0.362554 0.000389 
-0.059539 0.059035 -3.868229 -0.096336 0.362751 0.000069 
-0.067456 0.063686 -3.731700 -0.096476 0.362690 -0.001633 
-0.069991 0.064137 -3.513950 -0.096164 0.362674 -0.003703 
-0.072059 0.072826 -3.358354 -0.095792 0.362669 -0.005287 
-0.073922 0.082497 -3.088407 -0.095739 0.362453 -0.007732 
-0.066385 0.086721 -3.119930 -0.095703 0.362407 -0.007329 
-0.058051 0.082468 -3.246060 -0.095721 0.362367 -0.005615 
-0.048236 0.077943 -3.464364 -0.096057 0.362331 -0.003332 
-0.052989 0.072183 -3.682920 -0.096249 0.362683 -0.001056 
-0.058657 0.058417 -3.890998 -0.096338 0.362941 0.001012 
-0.065280 0.062199 -3.869955 -0.096477 0.363081 0.000818 
-0.073245 0.058490 -3.733641 -0.096676 0.363017 -0.000779 
-0.074712 0.058919 -3.515348 -0.096686 0.362993 -0.002844 
-0.076788 0.068001 -3.317330 -0.096473 0.362885 -0.005032 
-0.063614 0.077265 -3.087636 -0.096574 0.362664 -0.007509 
-0.063807 0.086317 -3.097514 -0.096510 0.362479 -0.007620 
-0.070739 0.082147 -3.243245 -0.096374 0.362453 -0.006246 
-0.055746 0.082215 -3.450897 -0.096193 0.362285 -0.004495 
-0.047175 0.076620 -3.670048 -0.096055 0.362545 -0.002224 
-0.045951 0.067628 -3.869447 -0.095945 0.362661 0.000280 
-0.060344 0.067485 -3.869396 -0.095955 0.362761 0.000280 
-0.068704 0.063241 -3.725210 -0.095837 0.362892 -0.000674 
-0.069692 0.072165 -3.508379 -0.095786 0.362870 -0.002202 
-0.070460 0.080533 -3.299725 -0.095900 0.362941 -0.004378 
-0.072168 0.081653 -3.091525 -0.095905 0.362729 -0.006449 
-0.064469 0.087233 -3.110666 -0.096181 0.362297 -0.006669 
-0.063483 0.078830 -3.254730 -0.096392 0.362212 -0.005719 
-0.048707 0.078831 -3.461542 -0.096212 0.362045 -0.004289 
-0.046348 0.077290 -3.679598 -0.096370 0.362349 -0.002225 
-0.044857 0.076103 -3.886959 -0.096367 0.362561 -0.000475 
-0.045267 0.075832 -3.867011 -0.096209 0.362657 -0.000461 
-0.061103 0.075460 -3.703164 -0.095909 0.362935 -0.001293 
-0.069883 0.071339 -3.496608 -0.095793 0.363059 -0.002837 
-0.063759 0.084481 -3.279276 -0.095709 0.362989 -0.004577 
-0.072363 0.081450 -3.072415 -0.095746 0.362825 -0.006115 
-0.064865 0.086698 -3.102794 -0.095864 0.362492 -0.006026 
-0.062965 0.086303 -3.257336 -0.096179 0.362501 -0.004867 
-0.061977 0.077379 -3.474167 -0.096229 0.362523 -0.003339 
-0.053614 0.081101 -3.691121 -0.096186 0.362500 -0.001808 
-0.045514 0.076395 -3.907451 -0.096203 0.362473 -0.000493 
-0.053878 0.071501 -3.866378 -0.095923 0.362715 -0.000896 
-0.061991 0.075949 -3.710740 -0.095905 0.362750 -0.002263 
-0.063449 0.075985 -3.534868 -0.095755 0.362828 -0.003724 
-0.064638 0.084577 -3.329274 -0.095545 0.362906 -0.004943 
-0.066324 0.085562 -3.102803 -0.095391 0.362788 -0.006359 
-0.065692 0.086028 -3.093244 -0.095548 0.362688 -0.006025 
-0.063577 0.085700 -3.248625 -0.095862 0.362697 -0.004545 
-0.061956 0.077243 -3.455897 -0.096070 0.362618 -0.002684 
-0.045461 0.076801 -3.672021 -0.096373 0.362534 -0.001256 
-0.051297 0.071327 -3.879045 -0.096404 0.362796 0.000386 
-0.059056 0.066907 -3.877030 -0.096440 0.362847 -0.000364 
-0.060736 0.066747 -3.730665 -0.096290 0.362930 -0.002172 
-0.070576 0.072031 -3.523294 -0.095948 0.362778 -0.004141 
-0.071564 0.080955 -3.306463 -0.095898 0.362756 -0.005668 
-0.073659 0.090925 -3.089031 -0.095680 0.362455 -0.007516 
-0.059076 0.091894 -3.100853 -0.095663 0.362165 -0.006880 
-0.058271 0.083024 -3.237883 -0.095557 0.362274 -0.004966 
-0.049088 0.078032 -3.465745 -0.095735 0.362338 -0.003016 
-0.054292 0.073025 -3.663210 -0.095923 0.362499 -0.001041 
-0.052613 0.062657 -3.891040 -0.095983 0.362900 0.000794 
-0.059692 0.067064 -3.879251 -0.096118 0.362853 0.000272 
-0.067679 0.054235 -3.732220 -0.096382 0.362975 -0.001534 
-0.076163 0.067167 -3.513998 -0.096308 0.363006 -0.003596 
-0.070126 0.072972 -3.295737 -0.096436 0.362645 -0.005546 
-0.071987 0.082121 -3.098558 -0.096222 0.362536 -0.007413 
-0.064685 0.087166 -3.109828 -0.096182 0.362298 -0.006990 
-0.063872 0.087680 -3.245499 -0.096170 0.362123 -0.005495 
-0.055340 0.083109 -3.463506 -0.096185 0.362095 -0.003539 
-0.053680 0.073628 -3.671922 -0.096240 0.362304 -0.001363 
-0.045325 0.067966 -3.890234 -0.096102 0.362564 0.000587 
-0.052211 0.063320 -3.868567 -0.096301 0.362702 0.000177 
-0.068478 0.062814 -3.703041 -0.096002 0.362981 -0.001297 
-0.077016 0.067256 -3.515380 -0.095986 0.363013 -0.003280 
-0.070744 0.072241 -3.317372 -0.096119 0.362844 -0.005250 
-0.071578 0.073136 -3.089519 -0.096286 0.362720 -0.006981 
-0.064228 0.086541 -3.100573 -0.096186 0.362485 -0.006663 
-0.063268 0.078898 -3.255569 -0.096392 0.362212 -0.005398 
-0.047671 0.070184 -3.473290 -0.096432 0.362132 -0.003549 
-0.053896 0.073560 -3.671083 -0.096240 0.362304 -0.001684 
-0.051753 0.071952 -3.888300 -0.096400 0.362609 0.000059 
-0.058599 0.066283 -3.867776 -0.096445 0.363034 -0.000037 
-0.059647 0.066589 -3.711852 -0.096452 0.363017 -0.001512 
-0.068595 0.070761 -3.504242 -0.096279 0.363144 -0.003481 
-0.069429 0.071656 -3.276390 -0.096446 0.363020 -0.005212 
-0.071075 0.080873 -3.080050 -0.096232 0.362910 -0.006758 
-0.070473 0.081970 -3.111768 -0.096382 0.362625 -0.006136 
-0.061944 0.077920 -3.257008 -0.096559 0.362490 -0.004757 
-0.061345 0.077845 -3.464608 -0.096387 0.362423 -0.003006 
-0.053270 0.073898 -3.691870 -0.096397 0.362208 -0.001376 
-0.052041 0.064282 -3.898608 -0.096453 0.362418 0.000157 
-0.053293 0.063607 -3.857034 -0.096140 0.362611 -0.000458 
-0.069319 0.071664 -3.710403 -0.095940 0.362799 -0.002371 
-0.071202 0.071693 -3.502507 -0.095792 0.362875 -0.004448 
-0.072841 0.081038 -3.275821 -0.095578 0.362761 -0.005968 
-0.066138 0.086158 -3.079491 -0.095709 0.362591 -0.007296 
-0.071992 0.082744 -3.091220 -0.096057 0.362442 -0.006443 
-0.063037 0.078701 -3.268483 -0.096231 0.362310 -0.004448 
-0.067414 0.074364 -3.475498 -0.096735 0.362274 -0.002473 
-0.057815 0.069771 -3.692962 -0.097071 0.362239 -0.000511 
-0.056345 0.059464 -3.889607 -0.097133 0.362637 0.001029 
-0.056986 0.059390 -3.856745 -0.097136 0.362635 0.000092 
-0.073925 0.059440 -3.699635 -0.096833 0.362728 -0.002031 
-0.075714 0.076191 -3.491309 -0.096567 0.362810 -0.004317 
-0.078249 0.076642 -3.273559 -0.096255 0.362795 -0.006387 
-0.072419 0.081986 -3.096881 -0.096224 0.362537 -0.008055 
-0.065775 0.078068 -3.099654 -0.095926 0.362491 -0.007205 
-0.064746 0.078649 -3.236164 -0.095913 0.362316 -0.005390 
-0.063327 0.069860 -3.454672 -0.095962 0.362336 -0.003221 
-0.054339 0.064664 -3.663425 -0.095982 0.362496 -0.000937 
-0.052638 0.063416 -3.901972 -0.095977 0.362712 0.001108 
-0.059524 0.058770 -3.880304 -0.096176 0.362849 0.000698 
-0.060787 0.059009 -3.723542 -0.096184 0.362833 -0.001098 
-0.077279 0.058828 -3.514756 -0.096045 0.363011 -0.003497 
-0.071827 0.072527 -3.305839 -0.095957 0.362754 -0.005885 
-0.065918 0.085602 -3.087668 -0.095874 0.362684 -0.007946 
-0.058615 0.090647 -3.098938 -0.095833 0.362446 -0.007522 
-0.064504 0.087213 -3.255058 -0.096013 0.362224 -0.005829 
-0.062380 0.086492 -3.452860 -0.096166 0.362335 -0.003745 
-0.053834 0.081657 -3.682943 -0.096022 0.362406 -0.001159 
-0.059502 0.067890 -3.891021 -0.096111 0.362664 0.000908 
-0.059759 0.059590 -3.860052 -0.096171 0.362657 0.000718 
-0.068047 0.062948 -3.704719 -0.096000 0.362980 -0.000655 
-0.077035 0.068144 -3.495966 -0.095980 0.362820 -0.002939 
-0.078717 0.068505 -3.276833 -0.095991 0.362797 -0.005325 
-0.073466 0.081872 -3.079153 -0.095744 0.362640 -0.007405 
-0.058447 0.082353 -3.099991 -0.095891 0.362442 -0.007097 
-0.057856 0.082671 -3.265170 -0.095880 0.362272 -0.005949 
-0.049735 0.077830 -3.463229 -0.095737 0.362340 -0.003979 
-0.048316 0.069040 -3.681738 -0.095786 0.362361 -0.001810 
-0.053889 0.071995 -3.889385 -0.095758 0.362625 0.000048 
-0.054059 0.071033 -3.859344 -0.095606 0.362909 0.000068 
-0.054239 0.070986 -3.714114 -0.095775 0.362983 -0.001093 
-0.062771 0.075557 -3.496107 -0.095759 0.363011 -0.003050 
-0.071061 0.079436 -3.268006 -0.095750 0.363226 -0.005000 
-0.071251 0.079782 -3.080355 -0.096079 0.363198 -0.006765 
-0.063800 0.076669 -3.110948 -0.096255 0.362862 -0.006572 
-0.054598 0.081318 -3.276760 -0.096530 0.362634 -0.004989 
-0.052930 0.081221 -3.483817 -0.096679 0.362558 -0.003233 
-0.051679 0.080725 -3.701272 -0.096670 0.362583 -0.001489 
-0.043821 0.067455 -3.898707 -0.096587 0.362648 0.000265 
-0.059251 0.066704 -3.857921 -0.096282 0.362942 -0.000030 
-0.061582 0.066964 -3.701701 -0.095969 0.362934 -0.001831 
-0.063725 0.068573 -3.484484 -0.095810 0.362629 -0.003574 
-0.072667 0.072874 -3.246529 -0.095637 0.362753 -0.005517 
-0.073854 0.090722 -3.069922 -0.095521 0.362550 -0.007181 
-0.073066 0.082637 -3.122109 -0.095736 0.362454 -0.006474 
-0.064900 0.086678 -3.247185 -0.095695 0.362418 -0.005186 
-0.063280 0.078221 -3.454457 -0.095903 0.362340 -0.003325 
-0.061008 0.069342 -3.671584 -0.096274 0.362353 -0.001471 
-0.059804 0.060485 -3.889254 -0.096324 0.362374 0.000377 
-0.066643 0.064200 -3.867371 -0.096464 0.362515 -0.000138 
-0.067643 0.072867 -3.711232 -0.096412 0.362501 -0.001717 
-0.070178 0.073318 -3.493482 -0.096101 0.362486 -0.003788 
-0.078709 0.077889 -3.275474 -0.096086 0.362513 -0.005744 
-0.073242 0.091324 -3.078633 -0.095838 0.362355 -0.007503 
-0.072401 0.091729 -3.100259 -0.095994 0.362258 -0.006875 
-0.064073 0.087348 -3.256735 -0.096011 0.362222 -0.005187 
-0.055301 0.082085 -3.464650 -0.096032 0.362382 -0.003224 
-0.060141 0.068988 -3.682278 -0.096436 0.362444 -0.001158 
-0.065762 0.063582 -3.890141 -0.096466 0.362705 0.000805 
-0.059276 0.067463 -3.868853 -0.096276 0.362753 0.000285 
-0.067651 0.063483 -3.712591 -0.096317 0.362785 -0.001298 
-0.076815 0.067588 -3.504143 -0.096145 0.362914 -0.003588 
-0.079389 0.069062 -3.285249 -0.095987 0.362611 -0.005973 
-0.080833 0.078610 -3.077672 -0.095932 0.362402 -0.007828 
-0.065968 0.087120 -3.109532 -0.095861 0.362307 -0.007316 
-0.064921 0.086814 -3.265456 -0.095855 0.362324 -0.005841 
-0.048692 0.078567 -3.473618 -0.096052 0.362144 -0.003659 
-0.053862 0.072408 -3.702573 -0.096086 0.362596 -0.001395 
-0.059114 0.059041 -3.900253 -0.096333 0.362753 0.000684 
-0.051755 0.062696 -3.859312 -0.096306 0.362889 0.000504 
-0.066979 0.062926 -3.704176 -0.096321 0.362972 -0.000650 
-0.074812 0.075437 -3.495808 -0.096410 0.363095 -0.002718 
-0.077193 0.067859 -3.267036 -0.096317 0.362976 -0.004993 
-0.078226 0.077678 -3.079407 -0.096419 0.362671 -0.006861 
-0.071145 0.082526 -3.120184 -0.096378 0.362438 -0.006784 
-0.062986 0.086439 -3.275607 -0.096338 0.362407 -0.005522 
-0.055321 0.082221 -3.482920 -0.096191 0.362288 -0.003879 
-0.054534 0.072965 -3.710988 -0.096082 0.362409 -0.002043 
-0.046213 0.068455 -3.897811 -0.096099 0.362378 -0.000382 
-0.054121 0.062937 -3.847484 -0.095824 0.362807 -0.000457 
-0.054953 0.063310 -3.692399 -0.095830 0.362789 -0.001611 
-0.063685 0.067550 -3.485628 -0.095656 0.362916 -0.003259 
-0.071800 0.072520 -3.257223 -0.095799 0.362844 -0.005203 
-0.072618 0.082406 -3.070433 -0.095901 0.362538 -0.006750 
-0.071388 0.073962 -3.101290 -0.096279 0.362530 -0.006346 
-0.063052 0.078965 -3.256407 -0.096391 0.362211 -0.005077 
-0.053615 0.082794 -3.442472 -0.096670 0.362175 -0.003514 
-0.052216 0.074141 -3.679251 -0.096878 0.362101 -0.002000 
-0.058053 0.068667 -3.886275 -0.096909 0.362363 -0.000359 
-0.059330 0.068751 -3.855633 -0.096589 0.362367 -0.000659 
-0.060579 0.068725 -3.710946 -0.096437 0.362450 -0.001826 
-0.062400 0.076851 -3.514911 -0.096070 0.362628 -0.003378 
-0.078647 0.085985 -3.287335 -0.095867 0.362615 -0.005219 
-0.072858 0.083098 -3.080526 -0.095895 0.362350 -0.006757 
-0.072433 0.083104 -3.112549 -0.095893 0.362353 -0.006141 
-0.056993 0.082941 -3.268525 -0.095877 0.362269 -0.004666 
-0.048020 0.078010 -3.465202 -0.096056 0.362330 -0.003011 
-0.053446 0.072807 -3.692175 -0.096244 0.362496 -0.001383 
-0.052868 0.063613 -3.889058 -0.096137 0.362614 0.000158 
-0.053293 0.063607 -3.857034 -0.096140 0.362611 -0.000458 
-0.054470 0.071183 -3.701200 -0.095935 0.362885 -0.002043 
-0.056378 0.071971 -3.504236 -0.095781 0.362773 -0.003806 
-0.065513 0.085324 -3.276159 -0.095544 0.362712 -0.005860 
-0.073203 0.090301 -3.079777 -0.095684 0.362642 -0.007188 
-0.058169 0.090517 -3.112691 -0.095672 0.362543 -0.006251 
-0.049014 0.086806 -3.278717 -0.096005 0.362312 -0.004564 
-0.046938 0.077724 -3.476735 -0.096217 0.362421 -0.002376 
-0.052564 0.072189 -3.714944 -0.096247 0.362686 -0.000440 
-0.051135 0.062905 -3.910445 -0.096462 0.362796 0.000786 
-0.059298 0.058343 -3.858136 -0.096341 0.362939 0.000075 
-0.061629 0.058604 -3.701916 -0.096028 0.362930 -0.001726 
-0.063048 0.067393 -3.483407 -0.095979 0.362910 -0.003896 
-0.065119 0.076603 -3.255044 -0.095767 0.362797 -0.006058 
-0.067005 0.086512 -3.068797 -0.095547 0.362499 -0.007610 
-0.067478 0.087502 -3.131405 -0.095376 0.362226 -0.007019 
-0.058733 0.083520 -3.277483 -0.095552 0.362091 -0.005319 
-0.056897 0.075130 -3.485594 -0.095759 0.362012 -0.003137 
-0.047868 0.078166 -3.724478 -0.095719 0.362178 -0.000984 
-0.060006 0.060153 -3.900491 -0.096165 0.362474 0.000685 
-0.067255 0.063598 -3.858660 -0.096148 0.362710 0.000184 
-0.075389 0.058927 -3.692306 -0.096194 0.362930 -0.001393 
-0.069769 0.064333 -3.484443 -0.096164 0.362670 -0.003356 
-0.078703 0.078018 -3.245128 -0.096086 0.362509 -0.005718 
-0.079287 0.087084 -3.078591 -0.096193 0.362395 -0.007285 
-0.064925 0.087857 -3.119921 -0.096176 0.362110 -0.006996 
-0.064112 0.088371 -3.255592 -0.096165 0.361935 -0.005501 
-0.048323 0.070605 -3.463435 -0.096269 0.362040 -0.003542 
-0.040161 0.073996 -3.691625 -0.096067 0.362116 -0.001702 
-0.053760 0.064725 -3.889296 -0.095969 0.362334 0.000159 
-0.061211 0.067838 -3.858702 -0.095793 0.362670 -0.000034 
-0.062675 0.067745 -3.713176 -0.095642 0.362753 -0.001521 
-0.063685 0.067550 -3.485628 -0.095656 0.362916 -0.003259 
-0.072633 0.071722 -3.278019 -0.095483 0.363044 -0.005228 
-0.066386 0.077465 -3.090943 -0.095609 0.362687 -0.006884 
-0.065631 0.070533 -3.111639 -0.095978 0.362299 -0.006465 
-0.056188 0.074491 -3.267358 -0.096257 0.362259 -0.004877 
-0.047456 0.070252 -3.474129 -0.096431 0.362132 -0.003228 
-0.045554 0.069335 -3.701438 -0.096585 0.362248 -0.001492 
-0.052041 0.064282 -3.898608 -0.096453 0.362418 0.000157 
-0.052642 0.063185 -3.866889 -0.096303 0.362703 -0.000465 
-0.053642 0.071852 -3.710750 -0.096251 0.362689 -0.002044 
-0.062785 0.075821 -3.484031 -0.095919 0.362912 -0.003679 
-0.063989 0.084678 -3.266361 -0.095869 0.362891 -0.005528 
-0.065682 0.085534 -3.070237 -0.095714 0.362778 -0.006969 
-0.064214 0.086277 -3.112649 -0.096027 0.362584 -0.006033 
-0.063166 0.085971 -3.268573 -0.096020 0.362601 -0.004558 
-0.054722 0.074062 -3.485652 -0.096247 0.362283 -0.002812 
-0.052867 0.064785 -3.713176 -0.096460 0.362396 -0.000971 
-0.059153 0.060064 -3.899109 -0.096487 0.362466 0.000370 
-0.059794 0.059991 -3.866246 -0.096490 0.362464 -0.000567 
-0.062072 0.068741 -3.679466 -0.096118 0.362455 -0.002447 
-0.071020 0.072913 -3.471856 -0.095945 0.362583 -0.004416 
-0.073331 0.082815 -3.253586 -0.095728 0.362282 -0.006584 
-0.074157 0.083317 -3.068154 -0.095734 0.362261 -0.007712 
-0.066476 0.080007 -3.111663 -0.095750 0.362022 -0.006569 
-0.063910 0.078926 -3.288135 -0.096069 0.362223 -0.004787 
-0.054747 0.074821 -3.496583 -0.096241 0.362094 -0.002497 
-0.059741 0.069753 -3.725233 -0.096428 0.362258 -0.000227 
-0.058722 0.060199 -3.900786 -0.096485 0.362465 0.001012 
-0.066187 0.063576 -3.858117 -0.096469 0.362702 0.000189 
-0.075141 0.067620 -3.680854 -0.096295 0.362834 -0.001806 
-0.077481 0.068273 -3.482212 -0.096142 0.362723 -0.004211 
-0.072022 0.082101 -3.242950 -0.096054 0.362462 -0.006573 
-0.073721 0.082828 -3.077171 -0.095898 0.362353 -0.008040 
-0.073296 0.082834 -3.109194 -0.095896 0.362356 -0.007425 
-0.064551 0.078852 -3.255273 -0.096071 0.362221 -0.005724 
-0.062869 0.078491 -3.474405 -0.096061 0.362244 -0.003338 
-0.060536 0.077709 -3.703393 -0.096213 0.362359 -0.000960 
-0.066203 0.063942 -3.911471 -0.096302 0.362616 0.001107 
-0.066172 0.063312 -3.870193 -0.096309 0.362801 0.000819 
-0.074964 0.058933 -3.724329 -0.096192 0.362933 -0.000777 
-0.069319 0.063580 -3.505534 -0.096168 0.362861 -0.003055 
-0.077649 0.068483 -3.276290 -0.096312 0.362789 -0.005320 
-0.079966 0.078256 -3.088366 -0.096094 0.362493 -0.007514 
-0.065188 0.079429 -3.119297 -0.096236 0.362108 -0.007213 
-0.071253 0.074905 -3.275722 -0.096263 0.362173 -0.005525 
-0.062674 0.078694 -3.493514 -0.096219 0.362148 -0.003673 
-0.061255 0.069905 -3.712023 -0.096268 0.362169 -0.001504 
-0.060221 0.060086 -3.899652 -0.096166 0.362474 0.000364 
-0.060190 0.059456 -3.858374 -0.096173 0.362659 0.000076 
-0.068431 0.071174 -3.702826 -0.095943 0.362984 -0.001402 
-0.077010 0.067385 -3.485034 -0.095987 0.363009 -0.003254 
-0.079080 0.076595 -3.256670 -0.095775 0.362896 -0.005416 
-0.079510 0.077632 -3.079111 -0.096099 0.362680 -0.007187 
-0.072085 0.075278 -3.120637 -0.096269 0.362155 -0.006679 
-0.063709 0.079258 -3.276898 -0.096227 0.362123 -0.005096 
-0.054714 0.083447 -3.484293 -0.096342 0.361999 -0.003231 
-0.046599 0.078476 -3.712698 -0.096199 0.362071 -0.001287 
-0.053087 0.073424 -3.909867 -0.096067 0.362240 0.000362 
-0.061250 0.068862 -3.857558 -0.095946 0.362383 -0.000349 
-0.062708 0.068897 -3.681686 -0.095796 0.362462 -0.001810 
-0.071857 0.072737 -3.485314 -0.095463 0.362689 -0.003471 
-0.073036 0.080835 -3.256712 -0.095420 0.362856 -0.005634 
-0.073901 0.082361 -3.070137 -0.095580 0.362547 -0.007077 
-0.073113 0.074277 -3.122324 -0.095794 0.362451 -0.006370 
-0.064086 0.077835 -3.288440 -0.095916 0.362510 -0.004794 
-0.055401 0.065235 -3.495426 -0.096149 0.362380 -0.003041 
-0.053284 0.064385 -3.723574 -0.096302 0.362496 -0.000983 
-0.044238 0.067056 -3.909105 -0.096429 0.362748 0.000252 
-0.059729 0.058208 -3.856458 -0.096342 0.362940 -0.000567 
-0.061791 0.067026 -3.670516 -0.095970 0.362930 -0.002126 
-0.063412 0.075483 -3.463244 -0.095762 0.363009 -0.003987 
-0.058202 0.080619 -3.235433 -0.095575 0.362844 -0.005936 
-0.066750 0.085556 -3.070780 -0.095393 0.362786 -0.006975 
-0.065497 0.086232 -3.112353 -0.095706 0.362592 -0.006360 
-0.056342 0.082520 -3.278380 -0.096039 0.362361 -0.004673 
-0.054506 0.074130 -3.486490 -0.096247 0.362282 -0.002491 
-0.045975 0.069559 -3.704498 -0.096262 0.362254 -0.000534 
-0.052026 0.064018 -3.910683 -0.096293 0.362516 0.000787 
-0.059539 0.059035 -3.868229 -0.096336 0.362751 0.000069 
-0.068518 0.063837 -3.701897 -0.096155 0.362694 -0.001612 
-0.070857 0.064490 -3.503256 -0.096002 0.362583 -0.004017 
-0.072928 0.073701 -3.274892 -0.095790 0.362471 -0.006179 
-0.067508 0.078775 -3.078266 -0.095601 0.362309 -0.007833 
-0.060212 0.083691 -3.119882 -0.095560 0.362075 -0.007436 
-0.066014 0.087595 -3.276931 -0.095527 0.362143 -0.005532 
-0.056850 0.083490 -3.485379 -0.095700 0.362015 -0.003242 
-0.054779 0.074280 -3.713742 -0.095912 0.362127 -0.001080 
-0.052918 0.065131 -3.910921 -0.096125 0.362237 0.000788 
-0.067931 0.064778 -3.859737 -0.095979 0.362430 0.000506 
-0.068174 0.056634 -3.702646 -0.096366 0.362402 -0.001180 
-0.069747 0.073453 -3.495159 -0.096099 0.362484 -0.003146 
-0.071400 0.083062 -3.256398 -0.096046 0.362271 -0.005295 
-0.073114 0.084054 -3.078543 -0.096049 0.362064 -0.007392 
-0.072494 0.084263 -3.129676 -0.096205 0.361971 -0.007111 
-0.065474 0.080595 -3.296789 -0.095896 0.361756 -0.005435 
-0.056918 0.075265 -3.503864 -0.095918 0.361917 -0.003793 
-0.048588 0.070362 -3.733108 -0.095774 0.361989 -0.001527 
-0.054834 0.064619 -3.920185 -0.095648 0.362346 0.000128 
-0.055038 0.064808 -3.858654 -0.095650 0.362339 -0.000141 
-0.063172 0.060137 -3.692299 -0.095696 0.362559 -0.001718 
-0.072556 0.064798 -3.475674 -0.095359 0.362594 -0.003359 
-0.080911 0.070460 -3.257361 -0.095497 0.362334 -0.005310 
-0.074013 0.075782 -3.080140 -0.095786 0.362068 -0.006972 
-0.073178 0.076059 -3.132112 -0.095942 0.361975 -0.006370 
-0.057151 0.077257 -3.307730 -0.096236 0.361507 -0.004902 
-0.056350 0.077514 -3.504093 -0.096222 0.361341 -0.003459 
-0.054649 0.076265 -3.742640 -0.096217 0.361556 -0.001414 
-0.046087 0.071064 -3.919369 -0.096240 0.361713 0.000254 
-0.047339 0.070388 -3.877796 -0.095926 0.361906 -0.000361 
-0.063478 0.062611 -3.712180 -0.095838 0.361895 -0.001724 
-0.065246 0.079227 -3.485584 -0.095413 0.362072 -0.003355 
-0.066496 0.079723 -3.268129 -0.095422 0.362047 -0.005099 
-0.067779 0.080849 -3.091953 -0.095425 0.361838 -0.006554 
-0.074008 0.085268 -3.144210 -0.095555 0.361797 -0.005844 
-0.058003 0.077347 -3.309112 -0.095914 0.361515 -0.004586 
-0.056405 0.059769 -3.505667 -0.096187 0.361621 -0.002935 
-0.048067 0.064250 -3.733552 -0.096138 0.361409 -0.001089 
-0.054329 0.058771 -3.908553 -0.096171 0.361668 -0.000064 
-0.041863 0.068674 -3.897095 -0.095773 0.361200 -0.000802 
0.868587 0.511660 -9.424661 -0.079109 0.316678 -0.008233 
1.858496 0.269345 -14.257952 -0.055506 0.258525 -0.003411 
2.002227 0.709910 -17.373258 -0.030264 0.214384 -0.003733 
2.648774 0.723853 -20.231541 -0.016587 0.173280 0.000495 
3.253756 1.153984 -23.306371 -0.003206 0.132505 0.015009 
3.877198 1.571418 -25.802120 0.022446 0.088188 0.028793 
4.065767 1.873007 -27.409863 0.050510 0.053426 0.034479 
3.911633 1.518033 -28.252898 0.062295 0.027040 0.032348 
3.774793 1.415991 -28.415186 0.067305 0.006538 0.018714 
3.525538 1.450614 -28.286438 0.071430 -0.016127 0.003499 
3.491323 1.524806 -28.030950 0.071606 -0.033905 -0.015458 
3.239190 1.481568 -28.090557 0.059264 -0.041579 -0.034111 
3.107805 1.424985 -27.624057 0.046877 -0.051682 -0.040720 
2.725303 1.220826 -26.898716 0.045361 -0.069729 -0.028895 
2.576199 1.283401 -26.409495 0.049878 -0.072693 -0.009072 
2.455130 0.818153 -26.213285 0.055049 -0.068284 0.016083 
2.253245 0.431808 -25.553862 0.056997 -0.052159 0.040193 
2.270413 0.000659 -24.742779 0.061957 -0.032269 0.054020 
2.015856 -0.336542 -23.520766 0.075416 0.010749 0.066895 
1.995266 -0.755244 -21.978600 0.087280 0.065692 0.065625 
1.969645 -1.029329 -20.170968 0.097086 0.120567 0.049771 
1.784604 -1.488008 -18.063822 0.097123 0.176789 0.026408 
1.623620 -1.717029 -16.017133 0.088180 0.235793 -0.002491 
1.277782 -1.765656 -14.235687 0.071573 0.294190 -0.028835 
1.193556 -1.911173 -12.636418 0.044169 0.344049 -0.044193 
1.268423 -1.963312 -11.073939 0.010617 0.382230 -0.052249 
1.145449 -1.915035 -10.014225 -0.024243 0.420200 -0.052725 
1.049152 -1.778042 -9.698897 -0.051836 0.462266 -0.044843 
0.900460 -1.774640 -9.758433 -0.068477 0.495724 -0.036221 
0.780500 -1.703178 -9.496414 -0.080128 0.514811 -0.032678 
0.834956 -1.697771 -9.018032 -0.091341 0.524495 -0.026637 
0.791204 -1.640386 -8.548773 -0.095329 0.530224 -0.017530 
0.759198 -1.514075 -8.068262 -0.085799 0.528174 -0.009466 
0.744705 -1.359038 -7.805921 -0.067523 0.521947 -0.001019 
0.683526 -1.330326 -7.883463 -0.053035 0.512401 0.008148 
0.587040 -1.397313 -7.836803 -0.045188 0.495095 0.017250 
0.445165 -1.411014 -7.565839 -0.041823 0.471581 0.021666 
0.327768 -1.294351 -7.337667 -0.037683 0.444414 0.023019 
0.329441 -1.110261 -7.124433 -0.039591 0.419586 0.022302 
0.362692 -0.866952 -6.664487 -0.051047 0.396220 0.014976 
0.317821 -0.612043 -6.155960 -0.069383 0.374244 0.005322 
0.169370 -0.367784 -5.658380 -0.089305 0.357676 -0.003198 
-0.023593 -0.107711 -5.226411 -0.107698 0.349185 -0.011344 
-0.132549 0.026986 -4.967208 -0.127561 0.346774 -0.015237 
-0.054943 0.102243 -4.944139 -0.146761 0.349192 -0.015250 
-0.028521 0.154283 -5.261456 -0.161804 0.361103 -0.012513 
-0.031441 0.399066 -5.836744 -0.170035 0.382156 -0.004974 
-0.148308 0.585930 -6.196730 -0.164922 0.399014 0.008580 
-0.337111 0.639573 -6.314765 -0.152760 0.414392 0.025631 
-0.255431 0.459242 -6.108844 -0.139531 0.426191 0.037617 
-0.171477 0.303091 -5.920241 -0.126775 0.436630 0.041150 
0.007793 0.211167 -5.721693 -0.119139 0.444387 0.032812 
0.104097 0.243890 -5.383180 -0.113091 0.443456 0.011692 
0.000247 0.280377 -4.885812 -0.109065 0.436818 -0.013903 
0.132432 0.207142 -4.475938 -0.110649 0.425904 -0.037461 
0.058545 0.243538 -4.383004 -0.110927 0.422273 -0.056939 
0.226591 0.204192 -4.652591 -0.109007 0.423296 -0.067957 
0.254649 0.144327 -5.002014 -0.105854 0.417573 -0.071909 
0.064822 0.085597 -5.027879 -0.107654 0.408551 -0.071709 
-0.018999 0.120321 -4.766867 -0.113892 0.400521 -0.061954 
-0.175050 0.300703 -4.390029 -0.115453 0.395081 -0.041199 
-0.076336 0.532236 -3.915014 -0.113293 0.385391 -0.017787 
0.030423 0.742730 -3.559921 -0.113197 0.373156 0.002571 
0.077561 0.778611 -3.481045 -0.119014 0.362337 0.019695 
-0.009491 0.872597 -3.569473 -0.124335 0.355276 0.034621 
-0.123556 0.869802 -3.730475 -0.126008 0.346174 0.047698 
-0.200644 0.832800 -3.904848 -0.128386 0.339943 0.054399 
-0.157131 0.770631 -4.117621 -0.131841 0.339153 0.052642 
-0.242900 0.657265 -4.415615 -0.135733 0.343070 0.044747 
-0.331247 0.766169 -4.337026 -0.137121 0.348190 0.031102 
-0.476693 0.835925 -3.942479 -0.134009 0.350024 0.017898 
-0.612809 0.849158 -3.434015 -0.130489 0.352817 0.011076 
-0.507232 0.672629 -2.884679 -0.127361 0.353932 0.007652 
-0.367962 0.453248 -2.433862 -0.124505 0.351943 0.007274 
-0.280376 0.263120 -2.354641 -0.122899 0.348950 0.010484 
-0.242858 0.219785 -2.491589 -0.118187 0.344972 0.013323 
-0.423481 0.271258 -2.718842 -0.110200 0.342289 0.014035 
-0.469919 0.236413 -2.903188 -0.102583 0.338525 0.013794 
-0.479313 0.076905 -3.066198 -0.095503 0.334053 0.009351 
-0.416213 -0.050159 -3.095833 -0.091215 0.330294 -0.001689 
-0.347613 -0.150887 -3.075261 -0.087385 0.324963 -0.015975 
-0.431797 -0.139404 -2.921736 -0.083666 0.321784 -0.030330 
-0.507374 -0.169624 -2.655014 -0.082008 0.318804 -0.040181 
-0.538194 -0.237044 -2.369853 -0.081388 0.315987 -0.041014 
-0.469950 -0.305237 -2.301745 -0.079899 0.314340 -0.033272 
-0.347827 -0.341440 -2.421117 -0.076533 0.310839 -0.020861 
-0.320525 -0.330961 -2.581672 -0.074017 0.308697 -0.007499 
-0.332539 -0.328947 -2.754186 -0.072551 0.308735 0.003269 
-0.392505 -0.355854 -2.832064 -0.070841 0.309741 0.008626 
-0.409745 -0.426356 -2.692878 -0.068785 0.311719 0.004159 
-0.358021 -0.485345 -2.470609 -0.066938 0.314338 -0.008817 
-0.305743 -0.579249 -2.232151 -0.068233 0.318068 -0.026048 
-0.255112 -0.586047 -1.981242 -0.070203 0.322036 -0.043547 
-0.241513 -0.526998 -1.761350 -0.069959 0.325835 -0.054318 
-0.215170 -0.486418 -1.797077 -0.069176 0.329407 -0.052992 
-0.096204 -0.480362 -1.939314 -0.069055 0.331105 -0.041558 
0.050506 -0.463030 -2.114080 -0.070119 0.331098 -0.024536 
0.098467 -0.291181 -2.451014 -0.068379 0.335036 -0.005311 
0.149131 -0.108787 -2.914454 -0.066400 0.342511 0.011516 
0.084761 0.018883 -3.066910 -0.067463 0.349174 0.020068 
0.031349 0.033686 -2.910606 -0.073992 0.353057 0.018763 
0.085050 0.042389 -2.680005 -0.085651 0.356540 0.011699 
0.178993 0.150561 -2.448914 -0.097714 0.361019 0.000916 
0.260002 0.341728 -2.247944 -0.108559 0.367923 -0.010760 
0.320508 0.501167 -2.318869 -0.118498 0.375679 -0.016057 
0.266699 0.461954 -2.483502 -0.127803 0.382554 -0.013253 
0.158914 0.405742 -2.563866 -0.133885 0.387987 -0.005911 
0.121843 0.321243 -2.705286 -0.137224 0.391024 0.007460 
0.078801 0.328649 -2.889179 -0.135577 0.393299 0.022376 
0.141897 0.364032 -2.841006 -0.130468 0.393275 0.031573 
0.158219 0.322596 -2.686955 -0.123842 0.389218 0.034313 
0.102129 0.231170 -2.526851 -0.115842 0.382860 0.030077 
0.046637 0.167281 -2.391493 -0.106845 0.376598 0.019167 
-0.061024 0.108080 -2.328753 -0.098806 0.368028 0.005882 
-0.061667 0.058084 -2.464625 -0.093359 0.356347 -0.007178 
-0.065358 0.069655 -2.673998 -0.090368 0.343959 -0.017442 
-0.083758 0.050557 -2.960076 -0.088240 0.332258 -0.021130 
-0.098780 0.075086 -3.271874 -0.087085 0.321524 -0.018171 
-0.162498 0.079480 -3.442709 -0.087393 0.312258 -0.010053 
-0.210171 0.076296 -3.383636 -0.089525 0.304090 0.000417 
-0.263657 0.096240 -3.229932 -0.092311 0.300832 0.009752 
-0.281363 0.137828 -3.032138 -0.093645 0.301532 0.016491 
-0.265696 0.122524 -2.802982 -0.094721 0.304638 0.018483 
-0.226264 0.112275 -2.599051 -0.096074 0.311395 0.014520 
-0.205174 0.063063 -2.651939 -0.097703 0.322500 0.007811 
-0.209593 0.009285 -2.887842 -0.097604 0.335817 0.000037 
-0.188609 -0.055239 -3.134480 -0.096440 0.349622 -0.008310 
-0.172217 -0.122142 -3.439156 -0.095613 0.363089 -0.013589 
-0.138364 -0.159813 -3.702935 -0.094892 0.375684 -0.014950 
-0.118281 -0.155200 -3.757365 -0.094372 0.386360 -0.014589 
-0.102885 -0.159237 -3.697002 -0.093595 0.393039 -0.011518 
-0.116230 -0.174820 -3.628108 -0.094039 0.396376 -0.006778 
-0.051861 -0.222324 -3.432109 -0.095951 0.395691 -0.003059 
0.092542 -0.277276 -3.225377 -0.098510 0.389842 -0.002809 
0.116099 -0.216807 -3.258727 -0.097907 0.386930 -0.005684 
0.175511 -0.119544 -3.518453 -0.092838 0.389363 -0.010583 
0.139150 -0.145685 -3.921663 -0.086757 0.391479 -0.015662 
0.062768 -0.259912 -4.154095 -0.082611 0.389408 -0.022590 
0.044787 -0.360850 -4.235472 -0.081075 0.384904 -0.027283 
0.002670 -0.360757 -4.135639 -0.080458 0.381936 -0.026850 
0.074298 -0.270719 -3.870273 -0.079953 0.378289 -0.023661 
0.111559 -0.185539 -3.504472 -0.081272 0.370755 -0.018600 
0.089190 -0.194241 -3.204812 -0.084087 0.365044 -0.010734 
0.010766 -0.175951 -3.127262 -0.088181 0.362159 -0.002413 
-0.103735 -0.155402 -3.220201 -0.092273 0.359740 0.005224 
-0.114562 -0.121969 -3.393998 -0.096530 0.354309 0.009077 
-0.113330 -0.034099 -3.597313 -0.100882 0.352924 0.008592 
-0.055920 0.013562 -3.928885 -0.104196 0.354967 0.005673 
-0.042765 0.037603 -4.228935 -0.105455 0.357879 0.000909 
-0.039405 0.039997 -4.211958 -0.104799 0.360136 -0.006188 
-0.089185 0.062503 -4.080191 -0.104199 0.364198 -0.010622 
-0.131184 0.091499 -3.941257 -0.103711 0.371181 -0.010147 
-0.118423 0.133674 -3.750972 -0.101973 0.376926 -0.006842 
-0.088231 0.141977 -3.557752 -0.099979 0.379575 -0.000839 
-0.013391 0.139894 -3.630123 -0.100427 0.381276 0.007553 
0.011022 0.142520 -3.785183 -0.103119 0.383909 0.014186 
0.029121 0.130041 -3.895405 -0.106244 0.383695 0.015744 
-0.047390 0.177776 -4.035152 -0.106912 0.385408 0.011565 
-0.031762 0.152225 -4.252319 -0.107238 0.389225 0.005325 
-0.079557 0.050014 -4.245083 -0.108312 0.391405 -0.004796 
-0.131635 -0.004929 -3.988241 -0.109388 0.390154 -0.017005 
-0.156850 -0.018328 -3.714307 -0.109190 0.387021 -0.024784 
-0.226212 0.019894 -3.480588 -0.106882 0.384145 -0.026176 
-0.180585 0.032573 -3.280478 -0.104360 0.378938 -0.022657 
-0.138693 -0.014215 -3.310442 -0.101597 0.369760 -0.012564 
-0.134551 -0.058343 -3.500125 -0.097705 0.361164 -0.000267 
-0.154004 -0.036821 -3.777151 -0.094005 0.355065 0.010671 
-0.198478 -0.050950 -4.056286 -0.090571 0.348354 0.018710 
-0.224731 -0.069669 -4.184407 -0.087651 0.341383 0.019701 
-0.217932 -0.091450 -4.079160 -0.086357 0.336998 0.013700 
-0.215118 -0.129319 -3.963598 -0.085827 0.335493 0.004035 
-0.178900 -0.137971 -3.749168 -0.086363 0.334894 -0.007889 
-0.168595 -0.138763 -3.433882 -0.087508 0.334658 -0.019181 
-0.192849 -0.101122 -3.223384 -0.088559 0.337861 -0.025438 
-0.165756 -0.080064 -3.254254 -0.089845 0.343134 -0.024747 
-0.148357 -0.074226 -3.410742 -0.090915 0.350409 -0.018941 
-0.117121 -0.082867 -3.597372 -0.091433 0.357211 -0.009739 
-0.108569 -0.085643 -3.846465 -0.093205 0.364757 0.000924 
-0.154704 -0.072837 -4.038262 -0.096029 0.372775 0.009834 
-0.119436 -0.061001 -3.941627 -0.099149 0.378451 0.013333 
-0.105875 -0.042682 -3.718893 -0.101921 0.382340 0.011169 
-0.032774 -0.010858 -3.518931 -0.103759 0.385529 0.005443 
-0.006331 -0.012528 -3.359302 -0.105859 0.388645 -0.004077 
-0.009275 -0.003119 -3.223752 -0.106128 0.390162 -0.013191 
-0.016353 0.014475 -3.303341 -0.105041 0.389648 -0.018301 
-0.003881 0.002326 -3.478204 -0.103340 0.387191 -0.018347 
0.016097 -0.016425 -3.640998 -0.101679 0.383346 -0.015152 
0.035670 -0.015331 -3.831878 -0.099394 0.378852 -0.009294 
0.044540 -0.008787 -3.977973 -0.095793 0.374244 -0.002020 
0.015937 0.000062 -3.925676 -0.092048 0.370345 0.002949 
-0.011680 -0.021490 -3.709900 -0.089971 0.365534 0.004650 
-0.057110 -0.040323 -3.443656 -0.089497 0.361025 0.003629 
-0.077333 -0.048104 -3.168465 -0.090379 0.356623 0.000065 
-0.082177 -0.031630 -2.959330 -0.091561 0.352224 -0.005150 
-0.074054 -0.015276 -3.006930 -0.093687 0.348728 -0.008544 
-0.047078 -0.004762 -3.191588 -0.096159 0.346649 -0.009817 
-0.082816 0.013771 -3.382661 -0.098289 0.346168 -0.008860 
-0.104233 0.038658 -3.622176 -0.099559 0.346270 -0.005497 
-0.137688 0.067884 -3.804223 -0.100810 0.347602 -0.000916 
-0.156925 0.091783 -3.762271 -0.101621 0.350425 0.002863 
-0.133113 0.114025 -3.626147 -0.102424 0.353504 0.005431 
-0.118595 0.123630 -3.426396 -0.103003 0.356632 0.006757 
-0.091533 0.127276 -3.180229 -0.103780 0.358989 0.005987 
-0.070883 0.156109 -3.020376 -0.104542 0.362270 0.003321 
-0.064973 0.180300 -3.117069 -0.104689 0.366647 0.001378 
-0.055258 0.191275 -3.348779 -0.103795 0.371109 -0.000059 
-0.060317 0.164131 -3.589013 -0.103659 0.374605 -0.001604 
-0.058833 0.123043 -3.800818 -0.103938 0.376326 -0.002031 
-0.063036 0.100432 -3.921809 -0.104897 0.376648 -0.001704 
-0.054469 0.106829 -3.775764 -0.105658 0.376089 -0.002739 
-0.048183 0.141213 -3.559003 -0.105744 0.374880 -0.004026 
-0.045052 0.151407 -3.356286 -0.105037 0.373496 -0.004380 
-0.072647 0.138721 -3.142512 -0.104349 0.371646 -0.005049 
-0.100566 0.096028 -2.979520 -0.104189 0.368836 -0.005326 
-0.127590 0.090200 -3.025413 -0.103757 0.365114 -0.003293 
-0.131410 0.101488 -3.173368 -0.103187 0.362207 -0.001138 
-0.100135 0.102370 -3.363710 -0.102506 0.358579 0.001624 
-0.092136 0.100100 -3.604737 -0.101536 0.354737 0.004234 
-0.100074 0.070078 -3.794158 -0.100292 0.351656 0.006221 
-0.131504 0.042235 -3.765291 -0.098738 0.349280 0.005918 
-0.156906 0.000284 -3.600987 -0.097126 0.347313 0.004110 
-0.145784 -0.023342 -3.393804 -0.095367 0.345854 0.001264 
-0.127632 -0.047005 -3.173044 -0.093446 0.345394 -0.003086 
-0.099530 -0.055370 -3.013618 -0.091570 0.346314 -0.007283 
-0.097484 -0.060563 -3.071463 -0.089677 0.348598 -0.009855 
-0.085758 -0.081753 -3.254643 -0.088044 0.351688 -0.010938 
-0.090473 -0.101763 -3.460104 -0.087377 0.355663 -0.010640 
-0.090934 -0.130751 -3.687759 -0.087733 0.359800 -0.008958 
-0.080977 -0.137983 -3.844824 -0.088737 0.363768 -0.006659 
-0.069740 -0.133598 -3.775184 -0.090474 0.367028 -0.005216 
-0.072646 -0.110134 -3.612576 -0.092410 0.369808 -0.004212 
-0.082648 -0.094960 -3.416603 -0.095053 0.371480 -0.003802 
-0.088299 -0.089446 -3.198265 -0.097441 0.372347 -0.004338 
-0.098114 -0.071844 -3.050915 -0.098938 0.372208 -0.005360 
-0.081398 -0.052536 -3.149971 -0.099751 0.371346 -0.005629 
-0.073549 -0.027246 -3.340828 -0.100201 0.369988 -0.005867 
-0.055674 -0.018446 -3.534338 -0.099475 0.368556 -0.005917 
-0.054906 -0.015206 -3.771148 -0.098151 0.366484 -0.005256 
-0.055677 -0.019559 -3.939007 -0.096403 0.364316 -0.004116 
-0.064521 -0.019213 -3.841921 -0.094480 0.362266 -0.003609 
-0.079170 -0.023278 -3.661932 -0.093078 0.360336 -0.003456 
-0.093397 -0.026815 -3.441198 -0.091835 0.358303 -0.003264 
-0.106330 -0.030800 -3.197754 -0.091078 0.356350 -0.003690 
-0.108074 -0.032132 -3.042979 -0.091416 0.354617 -0.004392 
-0.105710 -0.036830 -3.111978 -0.092569 0.353555 -0.004316 
-0.101123 -0.035508 -3.291272 -0.094154 0.352971 -0.004438 
-0.096106 -0.031097 -3.490442 -0.095397 0.353727 -0.005025 
-0.090452 -0.036620 -3.731172 -0.096707 0.354863 -0.005226 
-0.099308 -0.044015 -3.882261 -0.097722 0.356663 -0.005041 
-0.093994 -0.035433 -3.778738 -0.098470 0.358812 -0.005499 
-0.081320 -0.022444 -3.596590 -0.099025 0.360999 -0.005141 
-0.085002 -0.007840 -3.407833 -0.098936 0.362920 -0.003817 
-0.081091 0.009599 -3.198388 -0.098823 0.365169 -0.002694 
-0.077264 0.019179 -3.060783 -0.098762 0.367234 -0.001203 
-0.073578 0.021015 -3.157678 -0.098742 0.368948 0.000840 
-0.056036 0.015137 -3.343056 -0.098926 0.370284 0.001952 
-0.046338 0.006756 -3.554478 -0.099451 0.371101 0.001660 
-0.030886 -0.005806 -3.813934 -0.099840 0.371785 0.000251 
-0.039714 -0.012230 -3.960598 -0.099723 0.372147 -0.001919 
-0.036359 -0.024375 -3.870898 -0.099490 0.371908 -0.005387 
-0.048266 -0.025158 -3.681650 -0.099031 0.371099 -0.008226 
-0.060826 -0.014889 -3.466510 -0.098172 0.369726 -0.009536 
-0.073712 -0.010514 -3.222851 -0.097356 0.367777 -0.010066 
-0.077384 -0.010488 -3.055323 -0.096722 0.365871 -0.008517 
-0.080024 -0.001146 -3.126060 -0.096008 0.363617 -0.005020 
-0.089870 -0.014018 -3.308181 -0.095449 0.361610 -0.001520 
-0.097946 -0.019595 -3.506737 -0.095480 0.359784 0.000903 
-0.099112 -0.022038 -3.753714 -0.095483 0.358107 0.002426 
-0.100244 -0.025213 -3.893983 -0.095819 0.356601 0.002113 
-0.110012 -0.017305 -3.805404 -0.095935 0.355603 -0.000583 
-0.118845 -0.010883 -3.614616 -0.096227 0.355062 -0.003516 
-0.112612 -0.004875 -3.415464 -0.096513 0.354605 -0.005800 
-0.113816 0.003982 -3.197794 -0.096463 0.354584 -0.007649 
-0.111672 0.018301 -3.065411 -0.096690 0.355321 -0.007749 
-0.107594 0.021296 -3.162840 -0.096823 0.356747 -0.005379 
-0.096215 0.018806 -3.353004 -0.096824 0.358419 -0.002560 
-0.091428 0.008940 -3.562311 -0.096881 0.360901 -0.000197 
-0.086872 -0.000730 -3.758703 -0.097099 0.363285 0.001216 
-0.082064 -0.011585 -3.921995 -0.097488 0.365947 0.001691 
-0.079806 -0.021726 -3.855461 -0.097725 0.368494 -0.000534 
-0.085515 -0.025697 -3.674262 -0.098090 0.370604 -0.003830 
-0.084430 -0.021960 -3.462683 -0.098558 0.371805 -0.006978 
-0.090688 -0.011613 -3.222654 -0.098985 0.372484 -0.009344 
-0.082445 0.001852 -3.057589 -0.099377 0.372311 -0.010155 
-0.073288 0.008670 -3.142151 -0.099800 0.371595 -0.008495 
-0.064440 0.018063 -3.312023 -0.100039 0.370228 -0.005293 
-0.071843 0.011929 -3.502164 -0.100074 0.368588 -0.002222 
-0.072977 0.018965 -3.764594 -0.099688 0.366730 0.001111 
-0.075675 0.009057 -3.912274 -0.099267 0.364953 0.003140 
-0.088396 0.012993 -3.839454 -0.098606 0.362929 0.002145 
-0.102851 0.008278 -3.650829 -0.097853 0.360990 -0.000580 
-0.109938 0.006825 -3.463686 -0.096912 0.359289 -0.002882 
-0.110855 0.002864 -3.203728 -0.095988 0.357150 -0.005868 
-0.109513 0.004524 -3.047869 -0.095180 0.355683 -0.007767 
-0.112346 -0.007599 -3.131569 -0.094779 0.354468 -0.006978 
-0.106003 -0.010087 -3.299758 -0.094301 0.353973 -0.004980 
-0.098299 -0.015328 -3.508216 -0.094000 0.354141 -0.003022 
-0.089468 -0.022501 -3.736688 -0.093873 0.354781 -0.001085 
-0.086072 -0.029086 -3.881576 -0.094071 0.356402 0.000060 
-0.083418 -0.028061 -3.806878 -0.094390 0.358282 -0.001287 
-0.079796 -0.019897 -3.617682 -0.094986 0.360524 -0.003605 
-0.075719 -0.012357 -3.419232 -0.095587 0.362952 -0.005596 
-0.077455 0.000523 -3.189874 -0.096636 0.365132 -0.007441 
-0.077305 0.014024 -3.065298 -0.097996 0.367125 -0.007760 
-0.069501 0.023802 -3.171043 -0.099043 0.368909 -0.005492 
-0.062483 0.027660 -3.360635 -0.099967 0.370040 -0.002220 
-0.062598 0.027436 -3.568999 -0.101083 0.371125 0.000609 
-0.058746 0.025879 -3.818535 -0.101560 0.371424 0.003294 
-0.058105 0.024679 -3.961850 -0.101561 0.371631 0.003812 
-0.061402 0.017699 -3.854700 -0.101296 0.371249 0.001435 
-0.068812 0.012682 -3.664573 -0.100221 0.370407 -0.002164 
-0.082453 0.012607 -3.453937 -0.099437 0.369415 -0.005630 
-0.084810 0.006622 -3.213402 -0.098046 0.367766 -0.009289 
-0.084796 0.009883 -3.048765 -0.096906 0.365926 -0.010859 
-0.090323 0.001985 -3.113765 -0.095994 0.363679 -0.009726 
-0.093924 -0.006315 -3.284690 -0.095239 0.361532 -0.006753 
-0.103313 -0.010555 -3.486544 -0.094779 0.359432 -0.003371 
-0.111183 -0.015570 -3.708946 -0.094644 0.357515 0.000317 
-0.110831 -0.017514 -3.866019 -0.094968 0.355817 0.002565 
-0.119593 -0.016872 -3.792781 -0.095133 0.354623 0.001894 
-0.127818 -0.009224 -3.603366 -0.095576 0.353792 -0.000391 
-0.128406 -0.000388 -3.401746 -0.096007 0.353670 -0.003531 
-0.121817 0.010884 -3.189836 -0.096258 0.353975 -0.006884 
-0.113474 0.010783 -3.062509 -0.096584 0.355041 -0.008928 
-0.102711 0.017238 -3.165098 -0.096849 0.356513 -0.008382 
-0.097958 0.008524 -3.342915 -0.097061 0.358704 -0.006308 
-0.078347 -0.001065 -3.553951 -0.097107 0.361084 -0.003303 
-0.073049 -0.003587 -3.796210 -0.096949 0.363859 -0.000113 
-0.068031 -0.023008 -3.924015 -0.097078 0.366706 0.002098 
-0.058622 -0.019323 -3.842087 -0.096892 0.369020 0.001496 
-0.063879 -0.023295 -3.644296 -0.097097 0.371223 -0.000503 
-0.063211 -0.019957 -3.443114 -0.097407 0.372524 -0.003664 
-0.063683 -0.014421 -3.209843 -0.097704 0.373254 -0.007433 
-0.055873 -0.001843 -3.080785 -0.098261 0.373181 -0.009883 
-0.047407 -0.004212 -3.170384 -0.098911 0.372558 -0.010051 
-0.046514 -0.000194 -3.356816 -0.099192 0.371435 -0.008261 
-0.052736 0.009484 -3.565398 -0.099437 0.369986 -0.005734 
-0.059465 0.012049 -3.776110 -0.099570 0.368253 -0.002460 
-0.060446 0.012329 -3.917067 -0.099397 0.366087 0.001088 
-0.072133 0.018248 -3.839958 -0.098721 0.363679 0.002353 
-0.084223 0.023923 -3.647126 -0.098214 0.361349 0.002111 
-0.097834 0.020365 -3.442443 -0.097452 0.359214 0.001011 
-0.105189 0.020885 -3.203557 -0.096660 0.357030 -0.001560 
-0.110955 0.017703 -3.055538 -0.096051 0.355705 -0.004217 
-0.108380 0.009123 -3.113756 -0.095463 0.354543 -0.005552 
-0.103600 -0.002326 -3.306635 -0.095048 0.354053 -0.005723 
-0.096820 -0.015933 -3.499876 -0.094969 0.354122 -0.005574 
-0.088837 -0.023640 -3.737069 -0.094685 0.354864 -0.004291 
-0.086721 -0.020263 -3.872964 -0.094493 0.356115 -0.002922 
-0.091184 -0.022833 -3.791429 -0.094680 0.357950 -0.003086 
-0.088228 -0.013130 -3.608046 -0.094782 0.359916 -0.003482 
-0.097988 -0.012245 -3.403794 -0.095437 0.362058 -0.003751 
-0.099735 0.001130 -3.197443 -0.096321 0.364148 -0.004652 
-0.086235 0.014037 -3.062530 -0.097357 0.366237 -0.005290 
-0.079556 0.015117 -3.164296 -0.098467 0.368021 -0.004523 
-0.065177 0.021255 -3.357971 -0.099692 0.369480 -0.003398 
-0.067049 0.011866 -3.571915 -0.100713 0.370667 -0.002403 
-0.056930 0.004115 -3.808022 -0.101071 0.371392 -0.001109 
-0.063354 0.007058 -3.951623 -0.101047 0.371651 -0.000483 
-0.058461 0.004632 -3.848165 -0.100745 0.371217 -0.001468 
-0.070962 0.012991 -3.653584 -0.099739 0.370324 -0.002804 
-0.077766 0.019831 -3.448794 -0.098579 0.368720 -0.004234 
-0.077345 0.014628 -3.202350 -0.097663 0.366958 -0.005950 
-0.090249 0.018617 -3.049729 -0.096845 0.365021 -0.006558 
-0.080249 0.018314 -3.133436 -0.096192 0.362861 -0.005865 
-0.082558 0.008813 -3.319335 -0.096088 0.360893 -0.004505 
-0.092348 0.003055 -3.515917 -0.095800 0.359077 -0.003050 
-0.092717 -0.017222 -3.763086 -0.096089 0.357674 -0.001319 
-0.100639 -0.017345 -3.887354 -0.096087 0.356601 -0.000233 
-0.107804 -0.009747 -3.793171 -0.096524 0.355779 -0.000991 
-0.123498 -0.007876 -3.597528 -0.096530 0.355478 -0.002106 
-0.116162 -0.002290 -3.391639 -0.096819 0.355207 -0.003100 
-0.116453 0.005318 -3.155460 -0.096779 0.355560 -0.004294 
-0.107642 0.014208 -3.052603 -0.096878 0.356538 -0.004856 
-0.097315 0.021152 -3.146176 -0.096980 0.357918 -0.003983 
-0.086779 0.017505 -3.352398 -0.096990 0.359786 -0.002788 
-0.083722 0.007723 -3.547656 -0.096888 0.362179 -0.002022 
-0.079192 -0.001940 -3.792665 -0.097264 0.364473 -0.001291 
-0.068896 -0.014252 -3.914564 -0.097501 0.366420 -0.001205 
-0.074398 -0.018183 -3.829979 -0.097538 0.368546 -0.002659 
-0.080981 -0.011298 -3.652396 -0.097505 0.370096 -0.004774 
-0.079710 -0.006111 -3.445249 -0.097801 0.371014 -0.006316 
-0.087152 -0.001697 -3.208428 -0.097948 0.371128 -0.007612 
-0.080290 0.004879 -3.065146 -0.098065 0.370584 -0.008016 
-0.072026 0.012809 -3.149946 -0.098321 0.369588 -0.006355 
-0.064920 0.012773 -3.337474 -0.098305 0.368420 -0.004358 
-0.065624 0.009835 -3.544850 -0.098314 0.366927 -0.002481 
-0.059053 0.002693 -3.783124 -0.098346 0.365384 -0.000418 
-0.061459 -0.000168 -3.927835 -0.098037 0.363892 0.000542 
-0.073962 -0.006044 -3.834205 -0.097446 0.362242 -0.000657 
-0.078893 -0.007676 -3.627705 -0.096988 0.360619 -0.002293 
-0.091042 0.002863 -3.432514 -0.096287 0.359150 -0.003616 
-0.095041 -0.000905 -3.226920 -0.095844 0.358095 -0.004938 
-0.091064 0.009071 -3.053168 -0.095458 0.356708 -0.005634 
-0.085637 -0.000902 -3.138111 -0.095038 0.356011 -0.004422 
-0.077316 -0.005412 -3.324933 -0.095054 0.355980 -0.002761 
-0.074712 -0.008268 -3.540234 -0.095383 0.356565 -0.001660 
-0.071546 -0.005299 -3.766624 -0.095510 0.357821 -0.000364 
-0.068596 -0.011754 -3.897759 -0.095870 0.359345 -0.000490 
-0.065957 -0.010464 -3.810986 -0.096348 0.361127 -0.002466 
-0.070146 -0.014458 -3.612651 -0.096874 0.363322 -0.004460 
-0.074942 0.000209 -3.425895 -0.097107 0.365054 -0.006026 
-0.072034 0.011328 -3.198947 -0.097523 0.366629 -0.007341 
-0.082331 0.014986 -3.067090 -0.098154 0.368023 -0.007018 
-0.070185 0.015598 -3.173478 -0.098780 0.368913 -0.004751 
-0.065429 0.013186 -3.362084 -0.099427 0.369482 -0.002015 
-0.056417 0.007232 -3.559905 -0.099453 0.369830 -0.000045 
-0.062036 0.011081 -3.796756 -0.099577 0.369811 0.001472 
-0.056175 -0.000132 -3.928400 -0.099484 0.369305 0.001359 
-0.068296 -0.001504 -3.811080 -0.098865 0.368604 -0.001223 
-0.074031 -0.005316 -3.621783 -0.098262 0.367464 -0.004168 
-0.079550 -0.009062 -3.433325 -0.097658 0.366324 -0.006792 
-0.085294 -0.001850 -3.185571 -0.096979 0.364609 -0.008820 
-0.097331 0.001785 -3.043643 -0.096324 0.362763 -0.009115 
-0.091991 0.004361 -3.140609 -0.095974 0.361024 -0.007038 
-0.092524 -0.006119 -3.311354 -0.095876 0.359428 -0.003740 
-0.099405 -0.005404 -3.511440 -0.095862 0.358171 -0.000787 
-0.098752 -0.010472 -3.751745 -0.095883 0.357247 0.002019 
-0.097543 -0.009423 -3.895289 -0.096189 0.356877 0.002871 
-0.098402 -0.009043 -3.788820 -0.096353 0.356769 0.001036 
-0.106043 -0.006336 -3.608259 -0.096671 0.357175 -0.001918 
-0.105875 -0.000727 -3.407850 -0.096965 0.357907 -0.004751 
-0.112942 0.008063 -3.177685 -0.097082 0.358975 -0.007456 
-0.111627 0.020960 -3.073437 -0.097157 0.360007 -0.008552 
-0.100063 0.019588 -3.167520 -0.097639 0.361374 -0.007247 
-0.095595 0.013212 -3.346948 -0.097833 0.362996 -0.004524 
-0.084068 0.002565 -3.556436 -0.098051 0.364570 -0.001934 
-0.079195 -0.003669 -3.786158 -0.098402 0.366099 0.000750 
-0.083514 -0.005690 -3.921477 -0.098413 0.367680 0.002010 
-0.082902 -0.010740 -3.816285 -0.098455 0.368994 0.000475 
-0.084042 -0.004417 -3.626512 -0.098423 0.369547 -0.002370 
-0.085968 -0.013372 -3.426170 -0.098498 0.369714 -0.005313 
-0.096442 0.001223 -3.184578 -0.098254 0.369276 -0.008637 
-0.091124 0.008581 -3.069363 -0.098205 0.368458 -0.010028 
-0.085352 0.000661 -3.184043 -0.098089 0.367190 -0.008831 
-0.078922 0.001805 -3.372647 -0.097905 0.365742 -0.006511 
-0.079390 -0.001201 -3.562592 -0.097754 0.364342 -0.003659 
-0.073072 -0.016413 -3.804979 -0.097521 0.362802 -0.000213 
-0.082300 -0.015071 -3.902199 -0.097027 0.361451 0.001858 
-0.085414 -0.010723 -3.821129 -0.096520 0.360412 0.001611 
-0.088930 -0.006619 -3.624337 -0.096181 0.359452 -0.000143 
-0.107969 -0.010732 -3.416175 -0.095750 0.358499 -0.002428 
-0.110557 -0.008994 -3.185205 -0.095752 0.358098 -0.005442 
-0.105190 -0.003154 -3.048127 -0.095715 0.357657 -0.007463 
-0.097248 0.001213 -3.129944 -0.095836 0.357520 -0.007099 
-0.094926 -0.009184 -3.325207 -0.096219 0.357910 -0.005875 
-0.084323 -0.008311 -3.532430 -0.096517 0.358633 -0.004019 
-0.079691 -0.013854 -3.772245 -0.096863 0.359975 -0.001341 
-0.083015 -0.023498 -3.918168 -0.097247 0.361355 0.000344 
-0.080553 -0.012669 -3.815664 -0.097337 0.362953 -0.000117 
-0.078767 -0.010017 -3.619820 -0.097490 0.364538 -0.001359 
-0.077653 -0.006808 -3.432392 -0.097639 0.365936 -0.003248 
-0.083195 0.001335 -3.192431 -0.098082 0.367183 -0.005621 
-0.089007 0.010279 -3.076608 -0.098351 0.368164 -0.007133 
-0.072418 0.007946 -3.168898 -0.098675 0.368634 -0.006571 
-0.069417 0.006376 -3.354387 -0.099156 0.368927 -0.005118 
-0.061120 0.002625 -3.552142 -0.099167 0.368707 -0.003141 
-0.060182 -0.004781 -3.790836 -0.099205 0.368352 -0.000985 
-0.068327 -0.014356 -3.915624 -0.099109 0.367564 0.000200 
-0.064739 -0.006060 -3.814105 -0.098410 0.366572 -0.000246 
-0.069195 -0.009204 -3.617766 -0.097962 0.365330 -0.001895 
-0.080883 0.000088 -3.420659 -0.097431 0.364142 -0.003861 
-0.078671 0.002044 -3.172380 -0.096946 0.362655 -0.005998 
-0.090013 0.003612 -3.048790 -0.096465 0.361283 -0.006956 
-0.084819 0.003714 -3.142467 -0.096134 0.360114 -0.006170 
-0.085170 0.006663 -3.329747 -0.095942 0.359287 -0.004392 
-0.092010 -0.004276 -3.547012 -0.096010 0.358790 -0.002644 
-0.089764 -0.012396 -3.775071 -0.096375 0.358615 -0.000476 
-0.081444 -0.016384 -3.889126 -0.096552 0.358477 0.000608 
-0.088897 -0.012749 -3.785765 -0.096537 0.358706 -0.000162 
-0.095018 -0.010066 -3.588068 -0.097015 0.359197 -0.001813 
-0.095008 0.004196 -3.391342 -0.096926 0.359937 -0.003472 
-0.094162 0.009377 -3.152171 -0.097224 0.360852 -0.005631 
-0.093264 0.021875 -3.058320 -0.097142 0.361984 -0.006739 
-0.082397 0.021819 -3.171751 -0.097613 0.362976 -0.005768 
-0.071752 0.011790 -3.358470 -0.097829 0.364360 -0.004122 
-0.075927 0.011490 -3.534761 -0.097986 0.365468 -0.002567 
-0.071966 0.006504 -3.782992 -0.098328 0.366624 -0.000537 
-0.077265 -0.001742 -3.917620 -0.098382 0.367634 0.000513 
-0.076976 -0.003430 -3.812896 -0.098561 0.368092 -0.000687 
-0.078233 -0.003062 -3.625787 -0.098569 0.368072 -0.002457 
-0.079725 -0.001875 -3.418425 -0.098573 0.367860 -0.004207 
-0.083426 0.001532 -3.179516 -0.098242 0.367085 -0.006571 
-0.079464 0.001243 -3.075153 -0.097925 0.366084 -0.007870 
-0.081095 0.004796 -3.159024 -0.097574 0.365155 -0.006970 
-0.081902 0.008369 -3.355558 -0.097377 0.364141 -0.005519 
-0.076544 -0.000472 -3.553403 -0.096943 0.363079 -0.003756 
-0.077127 0.002775 -3.793197 -0.096585 0.362167 -0.001381 
-0.086574 -0.005958 -3.898275 -0.096163 0.361195 -0.000182 
-0.088402 -0.011443 -3.795853 -0.096046 0.360521 -0.000627 
-0.097922 -0.012603 -3.600162 -0.095909 0.359889 -0.001849 
-0.106745 -0.005822 -3.414111 -0.095876 0.359351 -0.003183 
-0.100942 0.000803 -3.175597 -0.096000 0.358798 -0.005113 
-0.101604 0.002139 -3.050553 -0.096158 0.358497 -0.006287 
-0.092561 0.005332 -3.163316 -0.096446 0.358643 -0.005629 
-0.089951 0.002604 -3.348271 -0.096776 0.359224 -0.004503 
-0.073103 0.008049 -3.544300 -0.096878 0.359807 -0.003173 
-0.083751 0.002853 -3.791640 -0.097230 0.361064 -0.001464 
-0.074391 -0.006701 -3.905295 -0.097287 0.362350 -0.000721 
-0.080412 -0.007473 -3.802067 -0.097303 0.363715 -0.001506 
-0.079934 -0.004107 -3.616860 -0.097129 0.365120 -0.002760 
-0.085775 -0.003139 -3.410214 -0.097459 0.366085 -0.004090 
-0.078742 -0.001252 -3.183070 -0.097455 0.366767 -0.005726 
-0.085087 0.001337 -3.080310 -0.097607 0.367276 -0.006177 
-0.075587 0.003906 -3.183819 -0.097899 0.367609 -0.005192 
-0.059133 -0.004769 -3.369812 -0.098262 0.367518 -0.003633 
-0.051477 -0.008593 -3.534704 -0.098275 0.367296 -0.002593 
-0.050062 -0.008255 -3.812546 -0.098418 0.367041 -0.000895 
-0.050997 -0.006770 -3.914754 -0.098241 0.366585 -0.000657 
-0.060947 -0.008585 -3.790153 -0.097945 0.366061 -0.001944 
-0.071992 -0.009098 -3.604260 -0.097482 0.365249 -0.003498 
-0.074876 -0.004527 -3.397908 -0.097301 0.364189 -0.004919 
-0.085470 0.004736 -3.151642 -0.096933 0.363083 -0.006199 
-0.080422 0.014168 -3.050114 -0.096707 0.361795 -0.006312 
-0.080607 0.009345 -3.165680 -0.096734 0.360857 -0.004686 
-0.079722 0.003978 -3.353471 -0.096920 0.360018 -0.002477 
-0.078745 0.005326 -3.549529 -0.097060 0.359564 -0.001028 
-0.084699 -0.006855 -3.796902 -0.097296 0.359350 0.000692 
-0.084966 -0.015933 -3.899392 -0.097194 0.359459 0.001027 
-0.085738 -0.008215 -3.793852 -0.097147 0.359641 -0.000598 
-0.093968 0.003009 -3.615297 -0.097083 0.360057 -0.003019 
-0.095136 0.000835 -3.407468 -0.096950 0.360701 -0.005104 
-0.088271 0.011015 -3.179271 -0.096888 0.361386 -0.007166 
-0.087914 0.017552 -3.056061 -0.096849 0.361942 -0.007816 
-0.077919 0.018473 -3.151459 -0.096992 0.362749 -0.006189 
-0.073971 0.014504 -3.349929 -0.097329 0.363708 -0.003792 
-0.063328 0.014353 -3.558296 -0.097474 0.364718 -0.001621 
-0.066715 0.005969 -3.786775 -0.097845 0.365730 0.000641 
-0.078877 0.002198 -3.910453 -0.098033 0.366692 0.001492 
-0.071088 -0.004121 -3.814458 -0.098401 0.367192 -0.000145 
-0.078949 -0.000859 -3.625720 -0.098554 0.367504 -0.002450 
-0.081113 0.000886 -3.426774 -0.098553 0.367105 -0.004848 
-0.090551 0.006834 -3.196929 -0.098530 0.366755 -0.007433 
-0.085194 0.013168 -3.082859 -0.098327 0.366224 -0.008510 
-0.086656 0.008428 -3.167783 -0.098034 0.365291 -0.007184 
-0.087032 0.012136 -3.365995 -0.097836 0.364275 -0.005092 
-0.080538 0.011498 -3.544811 -0.097504 0.363303 -0.002773 
-0.081632 -0.002375 -3.795434 -0.097105 0.362485 -0.000201 
-0.097468 -0.008146 -3.899721 -0.096828 0.361845 0.000784 
-0.100191 -0.022526 -3.806234 -0.096613 0.361269 -0.000211 
-0.110506 -0.015730 -3.588703 -0.096262 0.360738 -0.002166 
-0.112695 -0.013227 -3.400688 -0.096255 0.360150 -0.004250 
-0.114388 -0.002594 -3.160783 -0.096355 0.359650 -0.006714 
-0.114841 -0.001319 -3.066924 -0.096512 0.359352 -0.007593 
-0.113385 -0.000833 -3.170028 -0.096823 0.359166 -0.006709 
-0.096192 -0.002591 -3.366805 -0.097137 0.359458 -0.004947 
-0.092936 -0.005116 -3.554277 -0.097464 0.360037 -0.002858 
-0.089604 -0.000561 -3.803369 -0.097578 0.360915 -0.000611 
-0.088048 -0.012888 -3.906526 -0.097659 0.361871 0.000037 
-0.080327 -0.013096 -3.793495 -0.097502 0.363043 -0.000740 
-0.087217 -0.012993 -3.606806 -0.097517 0.364209 -0.002416 
-0.086972 0.000448 -3.430333 -0.097433 0.365142 -0.004095 
-0.086825 -0.002311 -3.181522 -0.097627 0.365962 -0.006142 
-0.086690 0.004030 -3.087820 -0.097588 0.366522 -0.007139 
-0.077454 -0.001830 -3.190705 -0.097940 0.366853 -0.006370 
-0.060496 -0.002767 -3.367229 -0.098249 0.366952 -0.004588 
-0.058828 -0.002864 -3.574286 -0.098398 0.366877 -0.002832 
-0.058106 -0.010338 -3.812142 -0.098437 0.366522 -0.000996 
-0.058350 -0.010296 -3.925348 -0.098270 0.366445 -0.000451 
-0.068084 -0.012045 -3.801586 -0.097972 0.365921 -0.001416 
-0.070686 0.000067 -3.615273 -0.097737 0.365055 -0.002961 
-0.081027 0.007622 -3.408673 -0.097379 0.364335 -0.004602 
-0.084947 0.011585 -3.161587 -0.096884 0.363466 -0.006317 
-0.086336 0.015619 -3.059483 -0.096861 0.362507 -0.006539 
-0.079168 0.014322 -3.164455 -0.096859 0.361709 -0.005119 
-0.078699 0.008556 -3.362644 -0.096888 0.360970 -0.002923 
-0.070442 0.005829 -3.559254 -0.097052 0.360463 -0.001261 
-0.075892 0.001385 -3.797158 -0.097234 0.360440 0.000682 
-0.075743 -0.007294 -3.889250 -0.097290 0.360448 0.001029 
-0.084365 -0.010711 -3.773428 -0.097326 0.360297 -0.000586 
-0.085966 -0.003141 -3.585570 -0.097123 0.360568 -0.002788 
-0.087133 -0.005315 -3.377741 -0.096991 0.361212 -0.004872 
-0.088024 0.010452 -3.138832 -0.096894 0.361570 -0.007134 
-0.087486 0.007680 -3.066436 -0.096917 0.362319 -0.007725 
-0.077731 0.009292 -3.171927 -0.097056 0.362938 -0.006104 
-0.075101 0.006429 -3.338612 -0.097226 0.363614 -0.004322 
-0.071160 0.002331 -3.567428 -0.097563 0.364577 -0.001952 
-0.067660 -0.001408 -3.817574 -0.097735 0.365451 0.000721 
-0.080971 -0.012366 -3.910520 -0.097815 0.366127 0.001382 
-0.080247 -0.014543 -3.814812 -0.098157 0.366678 -0.000147 
-0.087893 -0.011213 -3.626913 -0.098310 0.366990 -0.002131 
-0.089969 -0.002131 -3.428895 -0.098097 0.366881 -0.004319 
-0.091878 0.008435 -3.188151 -0.098198 0.366382 -0.007104 
-0.086521 0.014770 -3.074080 -0.097995 0.365852 -0.008181 
-0.087285 0.017969 -3.168645 -0.097806 0.365014 -0.006967 
-0.086791 0.011445 -3.355902 -0.097841 0.364463 -0.005085 
-0.080326 0.001558 -3.554347 -0.097574 0.363681 -0.003003 
-0.087546 -0.000925 -3.804803 -0.097260 0.363197 -0.000428 
-0.088773 -0.006485 -3.909980 -0.096972 0.362455 0.000878 
-0.090366 -0.012791 -3.827811 -0.096860 0.361974 0.000413 
-0.107592 -0.009881 -3.599544 -0.096701 0.361391 -0.001638 
-0.109828 -0.015738 -3.411745 -0.096753 0.360800 -0.003617 
-0.105525 -0.009226 -3.172096 -0.096557 0.360257 -0.006195 
-0.113909 -0.003455 -3.067829 -0.096527 0.359919 -0.007279 
-0.105341 0.001249 -3.170432 -0.096804 0.359685 -0.006607 
-0.096584 -0.003749 -3.366271 -0.096985 0.359746 -0.005274 
-0.087283 -0.002034 -3.553784 -0.096957 0.360285 -0.003403 
-0.085571 -0.013555 -3.813104 -0.096863 0.360978 -0.001279 
-0.076423 -0.013168 -3.917223 -0.096850 0.361887 -0.000307 
-0.082678 -0.013120 -3.793742 -0.096861 0.363059 -0.001072 
-0.089546 -0.003897 -3.617770 -0.096811 0.364041 -0.002538 
-0.096260 -0.002703 -3.430776 -0.096978 0.364919 -0.004208 
-0.088609 -0.000086 -3.181998 -0.097290 0.365402 -0.006140 
-0.094518 0.002015 -3.088254 -0.097606 0.366003 -0.006919 
-0.077544 0.000712 -3.211425 -0.098081 0.366188 -0.006055 
-0.068154 -0.003820 -3.397704 -0.098419 0.366149 -0.004388 
-0.059785 0.000031 -3.584312 -0.098377 0.366121 -0.002831 
-0.065476 -0.003721 -3.832309 -0.098554 0.365910 -0.000894 
-0.065714 -0.003551 -3.915170 -0.098387 0.365829 -0.000323 
-0.075214 -0.006120 -3.811661 -0.098095 0.365496 -0.001308 
-0.078489 -0.002707 -3.604775 -0.097762 0.364724 -0.003056 
-0.081074 -0.000738 -3.408888 -0.097438 0.364331 -0.004497 
-0.084578 0.003623 -3.151404 -0.097101 0.363363 -0.006200 
-0.079036 0.010656 -3.079450 -0.096891 0.362648 -0.006667 
-0.078933 0.013502 -3.184708 -0.096864 0.361901 -0.005139 
-0.078680 0.007669 -3.382058 -0.096894 0.361162 -0.003264 
-0.070445 -0.004179 -3.567952 -0.097123 0.360841 -0.001812 
-0.069273 -0.012405 -3.826899 -0.097166 0.360678 0.000325 
-0.076375 -0.007761 -3.898809 -0.097133 0.360549 0.000696 
-0.077194 -0.008403 -3.793484 -0.097144 0.360728 -0.000825 
-0.084792 0.003287 -3.605370 -0.097238 0.361043 -0.002913 
-0.085984 0.001872 -3.408473 -0.097099 0.361498 -0.004683 
-0.086922 0.009279 -3.169778 -0.097061 0.361853 -0.006840 
-0.085915 0.015395 -3.056424 -0.097184 0.362501 -0.007496 
-0.083488 0.012721 -3.161577 -0.097357 0.363170 -0.005984 
-0.072903 0.014482 -3.349386 -0.097650 0.363700 -0.003787 
-0.069412 0.011136 -3.557111 -0.097982 0.364471 -0.001718 
-0.073456 0.003045 -3.806080 -0.098189 0.365395 0.000526 
-0.071723 -0.008192 -3.908933 -0.098423 0.366063 0.001180 
-0.071650 -0.009947 -3.803370 -0.098603 0.366522 -0.000342 
-0.080141 0.002856 -3.615493 -0.098528 0.366557 -0.002429 
-0.090196 0.008074 -3.407283 -0.098187 0.366405 -0.004718 
-0.085289 0.005804 -3.177705 -0.098213 0.365951 -0.007199 
-0.079957 0.012898 -3.074566 -0.098004 0.365232 -0.007961 
-0.065805 0.023090 -3.179127 -0.097757 0.364676 -0.006864 
-0.035803 0.024032 -3.365195 -0.097883 0.364208 -0.005409 
-0.012484 0.010883 -3.562139 -0.098112 0.364165 -0.003650 
-0.005509 -0.054170 -3.801913 -0.098071 0.364603 -0.001314 
-0.036757 -0.100499 -3.886670 -0.097286 0.365869 -0.000572 
-0.092587 -0.101244 -3.743286 -0.095565 0.367482 -0.002314 
-0.147794 -0.068512 -3.535290 -0.093933 0.369094 -0.005380 
-0.143466 -0.039919 -3.315860 -0.093260 0.369328 -0.008303 
-0.089409 -0.054478 -3.003208 -0.093187 0.368606 -0.011684 
-0.035355 -0.083170 -2.856936 -0.093203 0.367140 -0.013380 
-0.013625 -0.092719 -2.897584 -0.093576 0.366224 -0.013082 
-0.017006 -0.061533 -3.021107 -0.094316 0.365706 -0.011763 
-0.048336 0.003012 -3.146184 -0.094837 0.365400 -0.009900 
-0.063073 0.052391 -3.323705 -0.096095 0.364596 -0.006893 
-0.063617 0.079914 -3.305483 -0.097990 0.362985 -0.004674 
-0.055833 0.095391 -3.100673 -0.100618 0.361282 -0.003577 
-0.040454 0.133488 -2.822698 -0.103407 0.359140 -0.003151 
-0.054575 0.196343 -2.575703 -0.105717 0.357221 -0.002750 
-0.084700 0.285732 -2.287210 -0.107530 0.355037 -0.002949 
-0.113073 0.349514 -2.184250 -0.109833 0.352857 -0.001701 
-0.135230 0.374830 -2.278236 -0.111911 0.350743 0.000966 
-0.144336 0.381849 -2.476664 -0.113461 0.348929 0.004383 
-0.164376 0.383985 -2.698858 -0.113765 0.347388 0.008292 
-0.184072 0.391980 -2.996731 -0.113541 0.346529 0.013624 
-0.233455 0.416052 -3.144027 -0.112748 0.346153 0.019186 
-0.278005 0.434060 -3.118835 -0.111200 0.346387 0.024124 
-0.352503 0.459195 -3.015210 -0.108981 0.347207 0.029652 
-0.426416 0.465805 -2.918277 -0.107214 0.348396 0.034097 
-0.500563 0.472382 -2.773347 -0.105932 0.349478 0.036018 
-0.549395 0.482455 -2.775847 -0.105890 0.350400 0.036977 
-0.610506 0.491305 -2.971362 -0.106336 0.351531 0.038419 
-0.707166 0.486550 -3.285815 -0.107214 0.352918 0.039117 
-0.892234 0.464497 -3.573425 -0.108267 0.354718 0.037474 
-1.122832 0.427654 -3.896652 -0.109450 0.356066 0.034088 
-1.327295 0.417688 -4.065032 -0.109954 0.356933 0.029231 
-1.490917 0.429443 -4.010191 -0.109970 0.356536 0.024042 
-1.604231 0.476749 -3.860881 -0.109550 0.354552 0.021316 
-1.768352 0.454227 -3.757052 -0.111094 0.353572 0.021653 
-1.932104 0.493641 -3.709882 -0.117344 0.354914 0.023513 
-2.110840 0.598943 -3.549896 -0.117993 0.346057 0.025850 
-2.346244 0.675564 -3.587560 -0.114683 0.332837 0.027785 
-2.409984 0.696687 -3.676672 -0.110219 0.320772 0.021036 
-2.573722 0.661940 -3.836876 -0.107649 0.308141 0.011777 
-2.676049 0.587139 -4.019877 -0.109504 0.296979 0.006174 
-2.802798 0.652449 -4.226288 -0.113763 0.288827 0.003508 
-2.955183 0.772472 -4.242408 -0.113158 0.280298 0.006428 
-3.044540 0.876074 -4.156995 -0.108779 0.271896 0.014405 
-3.105010 0.891460 -3.943733 -0.103084 0.265526 0.018765 
-3.200474 0.773280 -3.610797 -0.100128 0.261885 0.013640 
-3.299143 0.710790 -3.524421 -0.099188 0.262804 0.003160 
-3.407321 0.740305 -3.814178 -0.101770 0.271148 -0.004844 
-3.375953 0.853183 -4.172254 -0.104644 0.279339 -0.005904 
-3.364549 0.947011 -4.377646 -0.105258 0.285059 -0.008562 
-3.345373 0.973127 -4.511089 -0.106350 0.292023 -0.011517 
-3.388270 0.873084 -4.575800 -0.108210 0.302705 -0.013527 
-3.511846 0.824364 -4.452281 -0.113139 0.312708 -0.011545 
-3.484198 0.869381 -4.241550 -0.119412 0.319676 -0.006937 
-3.480863 1.022048 -4.117630 -0.124452 0.323913 -0.000521 
-3.413503 1.145982 -3.902257 -0.128057 0.328626 0.000784 
-3.430641 1.211778 -3.781258 -0.130345 0.331140 -0.001330 
-3.501889 1.177755 -3.761147 -0.132394 0.329223 -0.003629 
-3.564805 1.137274 -3.858076 -0.134155 0.324389 -0.007718 
-3.634430 1.138621 -4.149977 -0.134330 0.319259 -0.015729 
-3.596192 1.228440 -4.474055 -0.133332 0.311610 -0.019758 
-3.562561 1.313292 -4.518005 -0.131097 0.301477 -0.019145 
-3.546311 1.339073 -4.257446 -0.127050 0.288729 -0.015934 
-3.567533 1.334977 -3.977067 -0.122110 0.276524 -0.009305 
-3.648833 1.262320 -3.779394 -0.117040 0.264913 -0.002246 
-3.708258 1.207948 -3.509065 -0.112478 0.253711 0.000597 
-3.755659 1.230019 -3.338911 -0.109777 0.244288 0.004251 
-3.778840 1.269698 -3.321111 -0.108864 0.238540 0.005086 
-3.777388 1.292091 -3.335823 -0.108382 0.235860 0.002854 
-3.790014 1.299239 -3.399001 -0.108498 0.234703 -0.003829 
-3.788998 1.251397 -3.589261 -0.111240 0.235345 -0.014699 
-3.773105 1.240756 -3.666953 -0.116452 0.239418 -0.024495 
-3.771294 1.312521 -3.600180 -0.121744 0.245334 -0.031258 
-3.740033 1.374179 -3.362701 -0.128544 0.254378 -0.028887 
-3.746919 1.423308 -3.142892 -0.132077 0.262840 -0.021859 
-3.698811 1.461928 -2.933997 -0.135491 0.271385 -0.018604 
-3.660984 1.388557 -3.002752 -0.140649 0.280567 -0.012931 
-3.635464 1.366253 -3.233371 -0.143681 0.289005 -0.016405 
-3.657845 1.419102 -3.457357 -0.143638 0.294563 -0.020175 
-3.624596 1.366310 -3.654328 -0.143342 0.297763 -0.026841 
-3.450412 1.365463 -3.913129 -0.141626 0.299459 -0.022399 
-3.308621 1.347637 -4.011004 -0.138927 0.296095 -0.017782 
-3.203720 1.347563 -3.947935 -0.136124 0.289374 0.003101 
-3.250454 1.327057 -3.785543 -0.134203 0.283113 0.021611 
-3.270130 1.305573 -3.581067 -0.131789 0.275037 0.043169 
-3.224683 1.247293 -3.282288 -0.129281 0.265127 0.059555 
-3.121807 1.196572 -3.117659 -0.127165 0.256831 0.069167 
-3.055797 1.126743 -3.253222 -0.127123 0.249372 0.066958 
-3.126956 1.057386 -3.442906 -0.127322 0.243713 0.050755 
-3.291216 1.002676 -3.578338 -0.127321 0.240497 0.021390 
-3.444790 0.900144 -3.771784 -0.126523 0.238624 -0.009787 
-3.487665 0.817211 -3.768335 -0.125533 0.236918 -0.038976 
-3.390171 0.781939 -3.623693 -0.124935 0.235872 -0.059992 
-3.247680 0.769686 -3.427902 -0.125108 0.234169 -0.061210 
-3.177500 0.823432 -3.302493 -0.125333 0.233903 -0.046924 
-3.248860 0.774072 -3.125821 -0.125723 0.236903 -0.017440 
-3.344568 0.660026 -3.101927 -0.125127 0.240553 0.015404 
-3.366232 0.588628 -3.260200 -0.122412 0.244588 0.046676 
-3.219521 0.581571 -3.489327 -0.119787 0.249386 0.073932 
-2.981339 0.618806 -3.741462 -0.119537 0.255145 0.080406 
-2.922259 0.717431 -4.102411 -0.119926 0.260621 0.063353 
-2.998895 0.780489 -4.171136 -0.119535 0.263823 0.038944 
-3.129170 0.788898 -4.036696 -0.120377 0.265501 -0.000288 
-3.178376 0.725504 -3.851856 -0.123764 0.264197 -0.030003 
-3.104657 0.655708 -3.580567 -0.128888 0.259661 -0.041148 
-3.220304 0.633637 -3.276354 -0.133780 0.252100 -0.037301 
-3.425682 0.630273 -3.110605 -0.138095 0.241878 -0.019278 
-3.526578 0.564697 -3.147790 -0.141329 0.231028 0.001748 
-3.420541 0.460981 -3.282436 -0.141492 0.220452 0.022722 
-3.176331 0.383355 -3.407307 -0.136734 0.210721 0.032581 
-3.045421 0.314762 -3.591276 -0.128930 0.203580 0.024203 
-3.061372 0.187422 -3.648015 -0.120031 0.199891 0.005032 
-3.091498 0.124170 -3.525653 -0.109256 0.197917 -0.021834 
-2.936110 0.121920 -3.333799 -0.098105 0.197459 -0.036961 
-2.693061 0.121493 -3.234300 -0.089612 0.199602 -0.026855 
-2.477411 0.187221 -3.084551 -0.084524 0.201790 -0.002474 
-2.428877 0.293127 -3.053666 -0.085350 0.204431 0.032853 
-2.405176 0.236643 -3.292733 -0.093591 0.209390 0.063464 
-2.450671 0.207871 -3.646333 -0.104734 0.217214 0.077707 
-2.617133 0.207792 -3.917864 -0.116077 0.224699 0.072531 
-2.666714 0.229329 -4.088891 -0.127853 0.229410 0.048610 
-2.649843 0.282060 -4.026533 -0.139064 0.234195 0.016419 
-2.508094 0.411156 -3.791125 -0.147420 0.236600 -0.010040 
-2.455100 0.497783 -3.529267 -0.151460 0.237251 -0.022168 
-2.555429 0.511132 -3.194904 -0.151119 0.235420 -0.025931 
-2.628523 0.460948 -2.884241 -0.147187 0.230613 -0.026867 
-2.509131 0.387697 -2.756467 -0.141848 0.225532 -0.024995 
-2.432142 0.257232 -2.795753 -0.134835 0.219325 -0.018475 
-2.341302 0.311532 -2.911023 -0.125384 0.209571 -0.014941 
-2.356562 0.313059 -3.108811 -0.119412 0.198732 -0.008428 
-2.281229 0.265081 -3.380757 -0.117105 0.187742 0.009312 
-2.356642 0.132321 -3.526042 -0.115808 0.176802 0.029720 
-2.457205 0.025608 -3.460281 -0.114354 0.164675 0.047008 
-2.416201 -0.123765 -3.326432 -0.114573 0.153506 0.050619 
-2.097912 -0.220474 -3.171859 -0.115233 0.142869 0.038494 
-1.765987 -0.236635 -3.033313 -0.114198 0.137038 0.019553 
-1.546091 -0.253148 -3.053483 -0.110657 0.136985 -0.002623 
-1.450706 -0.290980 -3.139149 -0.104281 0.140213 -0.017217 
-1.263362 -0.344882 -3.247859 -0.099408 0.149432 -0.010872 
-1.008356 -0.465956 -3.433347 -0.096729 0.165189 0.021817 
-0.727376 -0.427304 -3.659727 -0.093229 0.183341 0.062004 
-0.632399 -0.376400 -3.690103 -0.092983 0.202740 0.087718 
-0.645827 -0.439017 -3.598165 -0.098430 0.219539 0.097634 
-0.843430 -0.524190 -3.459512 -0.107368 0.239870 0.091948 
-1.069305 -0.558026 -3.314087 -0.116446 0.253397 0.064926 
-1.132414 -0.563050 -3.115141 -0.125866 0.258511 0.033551 
-0.967399 -0.455426 -3.046547 -0.135954 0.256563 0.010231 
-0.900165 -0.325504 -3.203546 -0.144631 0.246771 0.003206 
-1.016629 -0.286756 -3.437504 -0.149542 0.230616 0.008111 
-1.092173 -0.333503 -3.598587 -0.149247 0.210104 0.004970 
-1.055673 -0.434630 -3.838205 -0.143798 0.188236 0.004995 
-0.884873 -0.564073 -3.850403 -0.133659 0.167317 0.011547 
-0.735911 -0.532740 -3.590452 -0.118398 0.148793 0.019366 
-0.681303 -0.540430 -3.209779 -0.101703 0.131583 0.034318 
-0.681329 -0.670769 -2.930460 -0.087507 0.120659 0.058107 
-0.785864 -0.835457 -2.688972 -0.073779 0.115515 0.076972 
-0.803888 -1.003318 -2.660144 -0.062911 0.113209 0.085689 
-0.599172 -1.139848 -2.883975 -0.059407 0.115461 0.075166 
-0.274863 -1.123933 -3.190090 -0.061677 0.123517 0.053179 
-0.100713 -1.093291 -3.547360 -0.068274 0.135587 0.026464 
-0.075861 -1.052248 -4.003841 -0.077776 0.153116 0.000731 
-0.020303 -1.000223 -4.224579 -0.089604 0.174159 -0.009149 
0.123767 -1.014779 -4.200375 -0.103460 0.195338 0.008625 
0.256976 -0.980132 -4.067081 -0.113599 0.214626 0.040632 
0.309772 -0.810564 -3.795524 -0.122363 0.240178 0.080875 
0.213891 -0.775288 -3.458194 -0.127018 0.256526 0.097579 
0.021832 -0.788594 -3.332552 -0.128366 0.268458 0.096396 
-0.203222 -0.863324 -3.399409 -0.127423 0.273412 0.074590 
-0.335696 -0.902070 -3.493144 -0.122629 0.267209 0.045657 
-0.321145 -0.906577 -3.515581 -0.116539 0.251767 0.020093 
-0.236898 -0.833896 -3.661012 -0.110492 0.230749 0.007168 
-0.289941 -0.829613 -3.694543 -0.104521 0.202535 0.002442 
-0.373597 -0.813647 -3.547534 -0.098814 0.171650 -0.001124 
-0.340405 -0.862202 -3.414719 -0.095584 0.142687 -0.005792 
-0.206633 -0.927544 -3.276105 -0.092093 0.116847 -0.005468 
-0.090605 -0.914651 -3.043871 -0.085179 0.098434 -0.000877 
-0.004673 -0.849791 -2.996215 -0.077591 0.088512 0.007548 
-0.002941 -0.887010 -3.180404 -0.071082 0.086265 0.027246 
-0.064740 -0.978479 -3.468949 -0.066278 0.094415 0.056286 
-0.172813 -1.101557 -3.770232 -0.061892 0.109460 0.078370 
-0.197819 -1.200293 -4.085298 -0.059064 0.127428 0.079315 
-0.031272 -1.237398 -4.092468 -0.060218 0.150497 0.061564 
0.235219 -1.188903 -3.951794 -0.065388 0.176391 0.032417 
0.338844 -1.154707 -3.722365 -0.073490 0.201002 -0.001310 
0.351735 -1.088070 -3.479935 -0.083343 0.224554 -0.026928 
0.403405 -1.001375 -3.135019 -0.095920 0.246344 -0.027730 
0.466039 -0.970693 -3.059722 -0.107895 0.262951 -0.006971 
0.512988 -0.861558 -3.152896 -0.119314 0.278217 0.023871 
0.437737 -0.715924 -3.253293 -0.126684 0.285359 0.047791 
0.198151 -0.639872 -3.462323 -0.130935 0.284339 0.057490 
-0.066195 -0.607247 -3.802819 -0.131963 0.277341 0.049709 
-0.420321 -0.677400 -3.935306 -0.128631 0.259583 0.022074 
-0.663053 -0.706709 -3.748054 -0.120778 0.230681 -0.013904 
-0.742751 -0.718546 -3.444404 -0.110294 0.195008 -0.041598 
-0.649998 -0.646082 -3.206448 -0.099104 0.157451 -0.048404 
-0.650959 -0.670049 -3.010251 -0.087356 0.120722 -0.047470 
-0.754118 -0.775761 -2.904832 -0.074957 0.088128 -0.047451 
-0.729363 -0.935391 -2.947985 -0.061896 0.064783 -0.042341 
-0.541339 -1.143121 -3.123716 -0.050850 0.054353 -0.032879 
-0.331285 -1.243853 -3.361523 -0.041459 0.058454 -0.022600 
-0.182031 -1.228394 -3.681955 -0.033859 0.072038 -0.006953 
-0.174067 -1.141645 -3.769802 -0.029874 0.094562 0.018854 
-0.191866 -1.136400 -3.831992 -0.032918 0.127157 0.042604 
-0.257748 -1.206644 -3.792981 -0.043930 0.164199 0.048040 
-0.326060 -1.248505 -3.695755 -0.059415 0.199010 0.030470 
-0.197845 -1.202222 -3.385583 -0.078837 0.227926 0.000261 
-0.000410 -1.049234 -3.313679 -0.100348 0.253364 -0.034006 
0.117239 -0.886541 -3.410442 -0.120857 0.272518 -0.062027 
0.038198 -0.806885 -3.442322 -0.136267 0.282526 -0.074871 
0.079595 -0.703377 -3.317742 -0.143556 0.283032 -0.067114 
0.190402 -0.669058 -3.518531 -0.142906 0.280639 -0.037131 
0.304097 -0.629792 -3.545047 -0.136601 0.274858 -0.011439 
0.129841 -0.497288 -3.533216 -0.122576 0.262983 -0.000719 
-0.219575 -0.425674 -3.410711 -0.106028 0.244734 0.005288 
-0.550425 -0.469666 -3.308372 -0.091890 0.224378 0.004963 
-0.834798 -0.656252 -3.141120 -0.081786 0.199869 -0.005982 
-0.925580 -0.786962 -3.109806 -0.075022 0.168495 -0.016688 
-0.842412 -0.884798 -3.258377 -0.070481 0.134816 -0.015259 
-0.681787 -0.801350 -3.502173 -0.067992 0.103843 -0.010838 
-0.628364 -0.796911 -3.675887 -0.068221 0.078247 -0.012409 
-0.700691 -0.820066 -3.901967 -0.067441 0.064221 -0.022431 
-0.670187 -0.896162 -3.862671 -0.064586 0.059262 -0.035392 
-0.439625 -0.928422 -3.700865 -0.062607 0.064949 -0.048991 
-0.232701 -1.014822 -3.551947 -0.062152 0.078733 -0.053363 
-0.029800 -0.970164 -3.205023 -0.063531 0.112776 -0.044096 
-0.034691 -0.926510 -2.943308 -0.066154 0.147843 -0.016657 
-0.033541 -0.908961 -2.886951 -0.072002 0.187578 0.017453 
-0.039295 -0.951714 -3.105668 -0.081807 0.227524 0.035171 
-0.077233 -1.006626 -3.439597 -0.094766 0.261829 0.033492 
0.015414 -0.976803 -3.695728 -0.108177 0.286142 0.022378 
0.230408 -0.797881 -3.992624 -0.119976 0.300386 0.007194 
0.359610 -0.634763 -4.131885 -0.130166 0.303064 -0.006465 
0.244188 -0.488829 -4.033289 -0.137083 0.295772 -0.011487 
0.034851 -0.389031 -3.792330 -0.139712 0.277945 -0.003267 
0.073741 -0.378046 -3.481967 -0.138637 0.253185 0.010774 
0.125891 -0.383402 -3.164860 -0.131083 0.227835 0.014001 
0.149015 -0.387956 -3.102611 -0.117426 0.203659 0.002004 
-0.118797 -0.417059 -3.157511 -0.100892 0.180179 -0.017216 
-0.412595 -0.562130 -3.383776 -0.083579 0.161434 -0.041735 
-0.702696 -0.716716 -3.618089 -0.067457 0.146395 -0.062643 
-0.794986 -0.929573 -3.766701 -0.055645 0.129298 -0.063267 
-0.710200 -1.016907 -3.666114 -0.049286 0.115786 -0.047188 
-0.530937 -1.011688 -3.556897 -0.047851 0.107293 -0.027514 
-0.373096 -1.050558 -3.437360 -0.050282 0.104457 -0.013536 
-0.370301 -1.105290 -3.200959 -0.055176 0.103811 -0.007701 
-0.301379 -1.102852 -2.968015 -0.062212 0.112458 -0.011357 
-0.050282 -1.128591 -3.112228 -0.073185 0.130776 -0.008651 
0.256815 -1.055158 -3.323995 -0.085195 0.154981 0.000954 
0.417020 -0.851443 -3.405852 -0.090107 0.177319 0.018794 
0.414266 -0.686903 -3.651138 -0.096190 0.206062 0.037612 
0.513203 -0.603640 -4.130771 -0.105029 0.238473 0.050401 
0.446899 -0.588067 -4.283502 -0.112849 0.263520 0.046576 
0.386210 -0.633916 -4.021074 -0.118381 0.275696 0.026571 
0.273406 -0.683997 -3.803369 -0.123167 0.283155 -0.003614 
0.313236 -0.657616 -3.670715 -0.127476 0.283187 -0.032163 
0.288301 -0.548161 -3.407336 -0.129462 0.270426 -0.049086 
0.200069 -0.464296 -3.187745 -0.126020 0.249844 -0.040636 
0.256292 -0.428638 -3.036444 -0.119611 0.227496 -0.023718 
0.074094 -0.406710 -3.363640 -0.105536 0.204118 -0.006878 
0.212962 -0.631959 -3.465703 -0.095444 0.187607 0.002619 
-0.099193 -0.734186 -3.887574 -0.081201 0.172997 0.000576 
-0.163190 -0.820893 -3.838332 -0.068339 0.156181 -0.014215 
-0.333937 -0.887186 -3.725957 -0.060550 0.148714 -0.026930 
-0.363832 -1.007021 -3.470895 -0.059010 0.145297 -0.028568 
-0.431298 -1.029538 -3.240249 -0.058891 0.140201 -0.019529 
-0.462381 -1.144786 -2.951936 -0.059889 0.136038 -0.012727 
-0.337416 -1.125614 -2.954743 -0.063699 0.136032 -0.009239 
-0.254143 -1.106327 -3.172866 -0.071705 0.139967 -0.009989 
-0.097009 -1.149930 -3.383485 -0.080278 0.148600 -0.017669 
-0.024683 -1.069038 -3.501002 -0.083534 0.158619 -0.037104 
0.170372 -0.977429 -3.711366 -0.085675 0.172210 -0.049278 
0.335418 -0.991925 -3.812559 -0.091798 0.190572 -0.042848 
0.469301 -0.837656 -3.691870 -0.097884 0.211044 -0.020204 
0.520582 -0.654225 -3.513722 -0.101720 0.226852 0.006598 
0.559350 -0.550693 -3.334386 -0.105807 0.242512 0.029085 
0.429494 -0.530958 -3.166211 -0.110423 0.258245 0.040715 
0.328653 -0.645650 -3.137744 -0.116437 0.263288 0.041159 
0.342843 -0.703454 -3.333176 -0.117634 0.263065 0.027370 
0.431910 -0.665798 -3.691693 -0.112642 0.259125 0.006244 
0.416359 -0.584622 -3.967542 -0.106435 0.249447 -0.004019 
0.099186 -0.616802 -4.330551 -0.100227 0.237078 -0.007709 
-0.112042 -0.631507 -4.250818 -0.094019 0.221692 -0.021708 
-0.166934 -0.727293 -4.000764 -0.087171 0.201808 -0.035456 
-0.099886 -0.860919 -3.644593 -0.080847 0.184866 -0.047231 
-0.031810 -0.850021 -3.333535 -0.077044 0.171416 -0.063274 
-0.134384 -0.896498 -2.944085 -0.075192 0.156354 -0.076751 
-0.239022 -0.845220 -2.704674 -0.073284 0.144085 -0.071585 
-0.402259 -0.911514 -2.736935 -0.071900 0.138569 -0.044141 
-0.446901 -1.038193 -3.052504 -0.073429 0.135308 -0.007624 
-0.391703 -1.146937 -3.356944 -0.075423 0.134962 0.016870 
-0.187213 -1.100895 -3.776576 -0.075763 0.139650 0.025908 
0.003118 -1.018681 -3.981061 -0.077001 0.147552 0.022899 
0.098073 -0.904713 -4.021105 -0.079535 0.162302 0.007982 
0.266190 -0.834344 -3.922211 -0.083149 0.179070 -0.013171 
0.528918 -0.732152 -3.742115 -0.086804 0.194436 -0.022651 
0.709878 -0.622383 -3.457385 -0.091095 0.211747 -0.009637 
0.769252 -0.545406 -3.401297 -0.098404 0.228703 0.015447 
0.714541 -0.427590 -3.442489 -0.106609 0.240646 0.036253 
0.584237 -0.336524 -3.605119 -0.113271 0.248424 0.048502 
0.445130 -0.365128 -3.805011 -0.118046 0.251896 0.050504 
0.253167 -0.468872 -4.073606 -0.122736 0.249937 0.032429 
0.173126 -0.551745 -4.038398 -0.126425 0.241688 0.002449 
0.177010 -0.507908 -3.836244 -0.126927 0.231375 -0.019538 
0.187608 -0.409574 -3.477182 -0.123990 0.220002 -0.026076 
0.071240 -0.379803 -3.207804 -0.116460 0.208553 -0.032352 
0.019011 -0.471656 -2.888778 -0.106058 0.198787 -0.044492 
-0.019925 -0.534807 -2.955563 -0.093178 0.192254 -0.054343 
0.028302 -0.671849 -3.241267 -0.080913 0.186371 -0.054014 
0.020419 -0.721814 -3.418654 -0.071286 0.180340 -0.046543 
-0.001233 -0.757195 -3.500139 -0.065583 0.171064 -0.030202 
0.020194 -0.791366 -3.689978 -0.064015 0.164206 0.003021 
0.000375 -0.870798 -3.839205 -0.064722 0.159523 0.037558 
-0.034435 -0.947937 -3.800153 -0.067364 0.152397 0.055801 
0.003203 -1.011932 -3.494484 -0.073589 0.144977 0.055783 
0.105999 -0.936451 -3.291815 -0.080895 0.147551 0.033332 
0.295642 -0.814338 -3.106747 -0.088473 0.154294 -0.001922 
0.378339 -0.735056 -3.012566 -0.094966 0.163589 -0.042028 
0.492016 -0.667778 -3.107467 -0.099106 0.176247 -0.073691 
0.548758 -0.634405 -3.312329 -0.103985 0.193293 -0.070758 
0.651910 -0.575940 -3.639990 -0.108648 0.214879 -0.040635 
0.662887 -0.455909 -3.918646 -0.111324 0.234272 -0.006907 
0.679954 -0.332141 -3.816004 -0.112378 0.247449 0.023763 
0.661600 -0.291228 -3.722815 -0.111949 0.261109 0.045251 
0.536149 -0.398139 -3.775018 -0.111495 0.273240 0.048562 
0.360398 -0.525677 -3.752677 -0.109930 0.275918 0.034866 
0.115934 -0.642334 -3.557656 -0.105439 0.269490 0.015916 
-0.013887 -0.638088 -3.369589 -0.101470 0.258787 0.004245 
-0.058382 -0.665915 -3.436012 -0.100554 0.243875 -0.004887 
-0.082179 -0.763640 -3.435306 -0.099795 0.221690 -0.019911 
-0.089156 -0.799224 -3.377346 -0.094410 0.195395 -0.036278 
-0.061913 -0.848759 -3.527031 -0.087486 0.171373 -0.052021 
-0.088657 -0.915292 -3.594049 -0.082650 0.150959 -0.067171 
-0.053398 -0.914796 -3.323486 -0.078450 0.134018 -0.079358 
-0.006582 -0.885621 -3.006758 -0.072433 0.119533 -0.071713 
0.059571 -0.874248 -2.896719 -0.065391 0.114265 -0.036710 
0.073336 -0.985319 -2.939317 -0.061492 0.119083 -0.000238 
0.019472 -1.168200 -3.125686 -0.061352 0.126628 0.023674 
0.053642 -1.185000 -3.346968 -0.061766 0.139062 0.037924 
0.218028 -1.097001 -3.663067 -0.062176 0.158940 0.041430 
0.507952 -0.920122 -3.941230 -0.066880 0.180324 0.029285 
0.699676 -0.820077 -4.191151 -0.075881 0.199753 0.009291 
0.779917 -0.719192 -4.201141 -0.084948 0.218037 -0.001366 
0.801008 -0.612444 -4.049014 -0.094812 0.234174 0.008209 
0.760802 -0.535024 -3.880984 -0.106363 0.248529 0.020728 
0.726643 -0.422060 -3.619268 -0.119431 0.258913 0.029764 
0.634062 -0.315785 -3.150448 -0.129695 0.263547 0.031817 
0.600093 -0.227944 -3.001643 -0.135218 0.265302 0.021323 
0.422179 -0.354914 -3.353740 -0.135566 0.268779 -0.006932 
0.204365 -0.530174 -3.529853 -0.133066 0.266759 -0.034286 
-0.135434 -0.734741 -3.773218 -0.123598 0.255758 -0.059240 
-0.297061 -0.820934 -3.955859 -0.111900 0.242078 -0.058265 
-0.304767 -0.872414 -3.925965 -0.099231 0.223489 -0.053737 
-0.301911 -0.914262 -3.615267 -0.086657 0.197042 -0.051342 
-0.249944 -0.975321 -3.336068 -0.072419 0.168814 -0.049633 
-0.195453 -1.031482 -3.151242 -0.058299 0.142991 -0.039021 
-0.103272 -1.120293 -2.879251 -0.048893 0.117828 -0.027751 
-0.042153 -1.128027 -2.800839 -0.043270 0.099924 -0.013848 
-0.026879 -1.045250 -2.918020 -0.041209 0.090648 0.011036 
0.015560 -1.011979 -3.284623 -0.042851 0.091810 0.039910 
0.072140 -1.007513 -3.605393 -0.049530 0.103318 0.046039 
0.021878 -1.093384 -3.969286 -0.061095 0.122188 0.032575 
0.091168 -1.067600 -4.167209 -0.074720 0.148816 0.003045 
0.285762 -0.948866 -4.105286 -0.087478 0.180007 -0.033694 
0.563360 -0.698090 -3.902203 -0.099908 0.210465 -0.070151 
0.670183 -0.526110 -3.715064 -0.109922 0.234204 -0.082159 
0.679529 -0.366722 -3.415792 -0.119917 0.258947 -0.067172 
0.629164 -0.247200 -3.319480 -0.127633 0.278047 -0.029932 
0.659999 -0.259938 -3.393825 -0.133162 0.289763 0.009191 
0.779961 -0.199470 -3.423518 -0.134750 0.294648 0.036816 
0.873008 -0.159513 -3.569754 -0.132475 0.294053 0.044717 
0.884138 -0.145001 -3.843298 -0.128171 0.288659 0.038267 
0.666719 -0.253110 -3.998214 -0.121979 0.279014 0.008739 
0.374094 -0.458412 -3.820479 -0.114438 0.261094 -0.028296 
0.304508 -0.560825 -3.472019 -0.105880 0.234870 -0.053281 
0.530412 -0.537264 -3.109964 -0.097224 0.207039 -0.064154 
0.919098 -0.282265 -2.836359 -0.089411 0.178179 -0.075205 
1.054109 -0.172533 -2.881579 -0.081942 0.148131 -0.076370 
1.103086 -0.152916 -3.024999 -0.075314 0.121447 -0.070708 
1.139074 -0.201417 -3.333791 -0.069655 0.105844 -0.064040 
1.365101 -0.275742 -3.671290 -0.068897 0.100372 -0.055742 
1.707267 -0.185578 -3.895857 -0.071910 0.105335 -0.042093 
2.018950 0.041988 -3.914841 -0.075276 0.121273 -0.018036 
2.243643 0.265882 -3.833505 -0.079853 0.146713 0.014491 
2.378866 0.392756 -3.783516 -0.088233 0.185052 0.037323 
2.477773 0.332385 -3.767964 -0.100692 0.228399 0.040433 
2.591930 0.280913 -3.565146 -0.114379 0.269869 0.030986 
2.790079 0.395078 -3.398036 -0.127332 0.308999 0.015691 
3.075273 0.568782 -3.440863 -0.140765 0.341636 -0.003862 
3.207448 0.777126 -3.652537 -0.153382 0.366218 -0.016703 
3.159091 0.833769 -3.868824 -0.162016 0.380356 -0.022039 
3.052519 0.750823 -4.073354 -0.166025 0.381772 -0.014907 
2.966864 0.713730 -4.007058 -0.165842 0.373498 0.006781 
3.033726 0.783059 -3.757258 -0.164823 0.356918 0.031961 
3.113395 0.889583 -3.480705 -0.160640 0.333555 0.049165 
2.975079 0.982105 -3.302729 -0.150573 0.304804 0.042568 
2.757496 0.962539 -3.059868 -0.136681 0.271473 0.028151 
2.709292 0.889105 -2.986120 -0.124511 0.237407 0.001691 
2.720871 0.866099 -3.105033 -0.115479 0.205072 -0.022744 
2.797793 0.844716 -3.276758 -0.107681 0.174202 -0.045723 
2.744776 0.830145 -3.435480 -0.098466 0.148184 -0.059215 
2.658187 0.761407 -3.646588 -0.091255 0.128537 -0.055659 
2.674117 0.755574 -3.706283 -0.088052 0.119499 -0.030462 
2.797696 0.756871 -3.604200 -0.089574 0.123095 0.008737 
2.938381 0.762978 -3.410283 -0.092351 0.134767 0.040222 
3.087571 0.812395 -3.164019 -0.096602 0.157560 0.063625 
3.186707 0.715384 -2.891737 -0.104663 0.191204 0.066982 
3.286612 0.663221 -2.846871 -0.116428 0.233748 0.054572 
3.351898 0.659278 -3.007039 -0.128186 0.277726 0.039204 
3.479589 0.739366 -3.157987 -0.138675 0.318801 0.015849 
3.615389 0.876588 -3.312474 -0.147946 0.355569 0.005090 
3.739652 0.931117 -3.601599 -0.158594 0.383120 -0.007087 
3.801045 0.917792 -3.731279 -0.167339 0.400289 -0.003302 
3.758538 0.867746 -3.739192 -0.171415 0.406021 0.002030 
3.723570 0.885119 -3.657805 -0.170341 0.399609 0.021143 
3.801583 0.948335 -3.543288 -0.167745 0.384500 0.046485 
3.824612 1.014939 -3.324766 -0.162426 0.363355 0.069481 
3.787444 1.031969 -3.301227 -0.152977 0.335167 0.083305 
3.632915 0.956002 -3.473922 -0.139100 0.304710 0.084021 
3.497971 0.820513 -3.707036 -0.125634 0.274049 0.061401 
3.381464 0.739256 -3.923228 -0.113548 0.244128 0.033255 
3.327084 0.720633 -4.101473 -0.102917 0.216281 0.006984 
3.275341 0.761903 -4.009589 -0.093008 0.193657 -0.021545 
3.155899 0.828312 -3.842514 -0.085216 0.177656 -0.035029 
3.079984 0.835685 -3.619118 -0.083928 0.169547 -0.039262 
2.984057 0.783171 -3.443268 -0.088221 0.173045 -0.034064 
2.892008 0.787218 -3.194390 -0.095338 0.184948 -0.024331 
2.876108 0.801128 -3.130176 -0.105071 0.206014 -0.008815 
2.903126 0.840936 -3.182718 -0.117331 0.236267 0.005901 
2.914503 0.918895 -3.356751 -0.130938 0.270280 0.013538 
2.935301 0.935891 -3.560732 -0.143682 0.304777 0.020247 
2.929651 0.931114 -3.834736 -0.153859 0.338409 0.024930 
2.947861 0.958115 -3.884528 -0.161395 0.365825 0.023950 
2.998500 0.996657 -3.791109 -0.166903 0.384777 0.021659 
3.048775 1.086213 -3.589564 -0.169159 0.395893 0.015233 
3.019681 1.171469 -3.445008 -0.167784 0.396384 0.005718 
2.967074 1.199336 -3.311161 -0.163764 0.387934 -0.004841 
2.909002 1.168465 -3.337017 -0.159023 0.373876 -0.016579 
2.851080 1.102748 -3.468465 -0.153391 0.353406 -0.030828 
2.811605 1.090628 -3.633733 -0.146722 0.329021 -0.040231 
2.781376 1.096294 -3.726415 -0.139441 0.303724 -0.042810 
2.743441 1.080545 -3.886666 -0.132468 0.278023 -0.034830 
2.639945 1.083162 -3.835126 -0.125574 0.252872 -0.018515 
2.563071 1.069978 -3.637594 -0.120234 0.233910 -0.003202 
2.534799 1.068078 -3.327147 -0.114953 0.212971 0.011696 
2.511314 1.101052 -3.104936 -0.112644 0.201950 0.019067 
2.491718 1.159953 -2.814936 -0.111767 0.196061 0.024433 
2.498824 1.162211 -2.772844 -0.113197 0.197630 0.024688 
2.465013 1.174664 -2.942881 -0.116348 0.207813 0.013653 
2.467103 1.163030 -3.189139 -0.122225 0.226711 -0.005881 
2.511687 1.134714 -3.419315 -0.130131 0.251799 -0.026843 
2.557905 1.176794 -3.644302 -0.138505 0.280940 -0.037946 
2.609028 1.193949 -3.741606 -0.147377 0.311957 -0.035670 
2.681232 1.224516 -3.680386 -0.156468 0.342255 -0.024021 
2.716647 1.239735 -3.581332 -0.164239 0.368316 -0.008028 
2.757586 1.194311 -3.460820 -0.170820 0.387233 0.007057 
2.762376 1.138089 -3.275977 -0.174767 0.400165 0.015574 
2.736097 1.115071 -3.278942 -0.175752 0.405218 0.017021 
2.700128 1.124055 -3.429507 -0.173932 0.401566 0.011659 
2.665394 1.169326 -3.621271 -0.169118 0.391515 0.001157 
2.587889 1.203230 -3.803466 -0.162637 0.375926 -0.009837 
2.538543 1.168396 -4.018440 -0.155490 0.355439 -0.016341 
2.480062 1.090733 -3.951341 -0.148340 0.332481 -0.018198 
2.424724 0.996431 -3.730919 -0.141469 0.307863 -0.012509 
2.348515 0.949990 -3.492599 -0.135077 0.284279 -0.001643 
2.263969 0.927638 -3.263243 -0.129326 0.263155 0.009101 
2.190198 0.923876 -3.022457 -0.124245 0.244534 0.015770 
2.124293 0.897667 -3.019304 -0.120759 0.231127 0.017044 
2.081397 0.850026 -3.193137 -0.118374 0.224828 0.012518 
2.087043 0.788046 -3.468719 -0.117831 0.224976 0.004955 
2.048798 0.766116 -3.712338 -0.118325 0.232328 -0.002841 
2.010571 0.767214 -4.028132 -0.120749 0.248026 -0.005501 
1.982165 0.784546 -4.092612 -0.124676 0.269755 -0.002840 
1.944360 0.774662 -3.943603 -0.130100 0.295723 0.004149 
1.922031 0.744523 -3.711351 -0.136626 0.323863 0.014729 
1.925977 0.693648 -3.509984 -0.144566 0.351813 0.026369 
1.890392 0.649721 -3.267717 -0.153286 0.376875 0.034770 
1.835911 0.605153 -3.211724 -0.161203 0.396449 0.040596 
1.765450 0.577302 -3.315572 -0.167875 0.409175 0.041313 
1.681865 0.547268 -3.496430 -0.172633 0.414534 0.035801 
1.598365 0.510534 -3.647104 -0.175183 0.411657 0.025546 
1.485474 0.482174 -3.859167 -0.174308 0.401254 0.013777 
1.347541 0.446420 -3.879393 -0.170611 0.385453 0.000795 
1.204304 0.408094 -3.748458 -0.164366 0.365279 -0.009367 
1.072718 0.361231 -3.521647 -0.155443 0.342247 -0.015171 
0.969817 0.310640 -3.318769 -0.146690 0.321416 -0.015768 
0.858603 0.244865 -3.067764 -0.135796 0.298345 -0.012797 
0.746754 0.165944 -3.039473 -0.125307 0.277607 -0.005968 
0.650018 0.114184 -3.145036 -0.115577 0.259471 0.002026 
0.550920 0.078671 -3.354290 -0.107983 0.245574 0.008207 
0.468224 0.069909 -3.558122 -0.103574 0.237391 0.010205 
0.401303 0.074075 -3.799010 -0.102443 0.234165 0.008845 
0.342631 0.101208 -3.848706 -0.104539 0.236681 0.002065 
0.278960 0.126358 -3.743183 -0.110041 0.245031 -0.007922 
0.230691 0.155262 -3.581902 -0.118087 0.258807 -0.018527 
0.180168 0.199864 -3.402614 -0.127475 0.277290 -0.027642 
0.174438 0.253691 -3.158272 -0.137581 0.298805 -0.034257 
0.240203 0.320266 -3.153068 -0.147383 0.322260 -0.035097 
0.312915 0.357289 -3.303232 -0.156414 0.345877 -0.031378 
0.376173 0.369523 -3.565097 -0.163206 0.367375 -0.025094 
0.418987 0.340830 -3.801511 -0.167724 0.385557 -0.018264 
0.445848 0.295238 -4.121566 -0.169469 0.399459 -0.012041 
0.453339 0.273256 -4.210132 -0.168496 0.407351 -0.010408 
0.448146 0.288454 -4.129101 -0.164540 0.408914 -0.013090 
0.448116 0.306456 -3.959539 -0.158795 0.404210 -0.019404 
0.441858 0.283575 -3.805097 -0.152210 0.393698 -0.027947 
0.397903 0.245015 -3.545495 -0.145278 0.378740 -0.037860 
0.351742 0.201075 -3.466598 -0.138211 0.360864 -0.044467 
0.304377 0.185152 -3.520828 -0.132223 0.341314 -0.045780 
0.264978 0.188792 -3.596504 -0.127536 0.321250 -0.041824 
0.213839 0.195034 -3.648943 -0.124768 0.301844 -0.033858 
0.156552 0.201295 -3.756758 -0.123126 0.284692 -0.023481 
0.104755 0.187986 -3.653378 -0.122757 0.270421 -0.015734 
0.074769 0.166954 -3.426535 -0.123889 0.260078 -0.011875 
0.044619 0.189661 -3.165146 -0.125845 0.254424 -0.013155 
0.026226 0.229736 -2.962335 -0.127997 0.253666 -0.019357 
-0.004465 0.240488 -2.748250 -0.130048 0.258133 -0.030339 
-0.036482 0.224936 -2.776664 -0.132116 0.268081 -0.042030 
-0.020212 0.190283 -3.003283 -0.133640 0.282686 -0.052353 
0.035337 0.129983 -3.290950 -0.134357 0.300655 -0.059574 
0.101409 0.059823 -3.557956 -0.134816 0.320271 -0.063374 
0.169472 -0.010396 -3.838392 -0.134791 0.340172 -0.062371 
0.192280 -0.059726 -3.894680 -0.133690 0.359611 -0.058497 
0.169458 -0.087745 -3.806321 -0.132310 0.376210 -0.051672 
0.138060 -0.090667 -3.619615 -0.131882 0.387610 -0.042641 
0.117328 -0.095267 -3.450112 -0.132740 0.392815 -0.033537 
0.102200 -0.098908 -3.195347 -0.135356 0.392324 -0.024484 
0.109976 -0.095922 -3.116632 -0.138862 0.385385 -0.016886 
0.088329 -0.094700 -3.209358 -0.142868 0.373216 -0.012798 
0.048616 -0.086139 -3.393505 -0.145702 0.357836 -0.013053 
-0.017303 -0.074184 -3.560810 -0.146919 0.339383 -0.016712 
-0.087359 -0.067453 -3.771787 -0.145600 0.319054 -0.020749 
-0.143302 -0.056329 -3.774837 -0.141841 0.298891 -0.024539 
-0.160738 -0.068534 -3.628208 -0.135499 0.280636 -0.025486 
-0.166228 -0.087701 -3.426057 -0.126792 0.264499 -0.022268 
-0.176413 -0.114359 -3.246923 -0.116855 0.251656 -0.015160 
-0.201249 -0.154307 -3.072753 -0.107022 0.243503 -0.006398 
-0.220747 -0.201759 -3.152758 -0.098838 0.240317 0.003399 
-0.213945 -0.258648 -3.356616 -0.092953 0.241351 0.011357 
-0.185235 -0.305366 -3.634023 -0.090522 0.246820 0.014539 
-0.125560 -0.328036 -3.890158 -0.092250 0.256364 0.012081 
-0.077885 -0.330623 -4.210618 -0.098345 0.269056 0.005962 
-0.048887 -0.307956 -4.253249 -0.107184 0.283942 -0.003859 
-0.024067 -0.256063 -4.120758 -0.118241 0.300087 -0.013285 
0.002370 -0.202033 -3.924347 -0.130892 0.316982 -0.018994 
0.016089 -0.134707 -3.702738 -0.143134 0.333024 -0.018990 
0.039007 -0.066234 -3.423962 -0.153755 0.346903 -0.014648 
0.113683 -0.029726 -3.342512 -0.161341 0.357002 -0.006526 
0.163831 -0.009463 -3.447038 -0.164706 0.365862 0.000203 
0.158027 0.035860 -3.725377 -0.162133 0.375917 0.003585 
0.141725 0.040373 -4.024986 -0.154866 0.381347 0.004448 
0.098835 -0.013136 -4.266149 -0.146252 0.378989 0.001867 
0.116014 -0.067143 -4.169193 -0.139068 0.371085 -0.004740 
0.163935 -0.122078 -3.979761 -0.131553 0.360084 -0.011883 
0.192534 -0.061240 -3.732118 -0.121951 0.347541 -0.019049 
0.163400 -0.054567 -3.501067 -0.113562 0.332041 -0.022765 
0.077053 -0.094674 -3.219810 -0.109071 0.312706 -0.023458 
-0.070877 -0.116650 -3.177494 -0.108492 0.294325 -0.019256 
-0.142539 -0.097924 -3.237429 -0.109185 0.277170 -0.010084 
-0.128121 -0.046129 -3.329905 -0.110719 0.260867 0.000359 
-0.132354 0.040677 -3.429454 -0.114272 0.248333 0.006940 
-0.146736 0.081264 -3.630501 -0.119925 0.242070 0.010588 
-0.213842 0.103822 -3.647144 -0.124145 0.241680 0.008296 
-0.283301 0.130839 -3.494275 -0.126421 0.246634 0.001557 
-0.275343 0.123653 -3.270164 -0.128900 0.255801 -0.005613 
-0.208454 0.152063 -3.101184 -0.131255 0.269649 -0.011479 
-0.156033 0.191392 -2.880953 -0.132260 0.285325 -0.014657 
-0.108035 0.209852 -2.901791 -0.132917 0.301166 -0.011194 
-0.105605 0.199666 -3.114373 -0.134595 0.317061 -0.003493 
-0.090865 0.174910 -3.400601 -0.138130 0.331248 0.006544 
-0.044535 0.178150 -3.665256 -0.141608 0.341303 0.016335 
0.011915 0.203021 -3.912534 -0.145409 0.347751 0.023835 
0.077823 0.230869 -3.939010 -0.150159 0.351029 0.025249 
0.091498 0.248825 -3.858229 -0.155173 0.350339 0.021012 
0.068790 0.268786 -3.658174 -0.158109 0.345963 0.012709 
0.041583 0.268775 -3.450478 -0.158776 0.339222 0.003967 
0.023550 0.282025 -3.215988 -0.158059 0.331274 -0.004217 
0.027139 0.243144 -3.168755 -0.155432 0.321659 -0.007984 
0.036659 0.219048 -3.261154 -0.149634 0.310610 -0.006856 
-0.003172 0.184910 -3.448435 -0.141198 0.300405 -0.002214 
-0.054918 0.137933 -3.652282 -0.132697 0.291528 0.004751 
-0.075100 0.072138 -3.837373 -0.124793 0.283089 0.012585 
-0.101425 0.022645 -3.779771 -0.117276 0.275903 0.016979 
-0.100250 0.003325 -3.609665 -0.111146 0.270424 0.017944 
-0.053994 -0.018849 -3.363716 -0.107910 0.266327 0.014923 
0.017147 -0.050226 -3.142191 -0.107941 0.264144 0.007722 
0.042961 -0.059990 -2.904213 -0.108977 0.266002 -0.005274 
0.029875 -0.037930 -2.977045 -0.109642 0.275939 -0.016366 
0.000991 -0.058284 -3.271884 -0.111245 0.287153 -0.023482 
-0.022524 -0.087767 -3.517510 -0.116447 0.297553 -0.027602 
-0.014766 -0.087639 -3.715098 -0.124478 0.309184 -0.024994 
0.065241 -0.069894 -3.980603 -0.132659 0.321678 -0.015800 
0.165710 0.002706 -3.972720 -0.138366 0.333155 -0.007986 
0.185136 0.035983 -3.821338 -0.142476 0.344397 -0.001798 
0.159113 0.052424 -3.707859 -0.146407 0.355763 0.003277 
0.062078 0.042663 -3.608455 -0.148954 0.363214 0.005354 
0.037712 0.053867 -3.321847 -0.149710 0.364973 0.004738 
0.056547 0.035149 -3.280102 -0.150152 0.362149 0.004696 
0.113648 0.073656 -3.367067 -0.149518 0.357185 0.002966 
0.163157 0.054247 -3.481363 -0.147683 0.346514 -0.000480 
0.140748 0.017527 -3.624353 -0.143116 0.334049 -0.006226 
0.051466 0.003472 -3.905366 -0.136816 0.323616 -0.010732 
-0.027264 -0.063880 -3.988541 -0.130089 0.312011 -0.013692 
-0.071467 -0.101147 -3.780675 -0.123143 0.298227 -0.015513 
-0.095544 -0.122135 -3.497472 -0.117038 0.284685 -0.014574 
-0.068411 -0.112103 -3.292297 -0.112773 0.274925 -0.009954 
-0.066398 -0.099965 -3.063987 -0.109154 0.266866 -0.006072 
-0.072244 -0.093591 -3.026358 -0.107018 0.260127 -0.002025 
-0.098009 -0.088657 -3.196924 -0.107630 0.259001 0.001715 
-0.124167 -0.065297 -3.493336 -0.110201 0.263731 0.004139 
-0.100519 -0.047847 -3.680919 -0.114561 0.269712 0.004733 
-0.050872 -0.013718 -3.883559 -0.119913 0.276568 0.003932 
-0.063396 0.035309 -3.937375 -0.126657 0.288525 0.001192 
-0.078066 0.073686 -3.848932 -0.134289 0.302289 -0.001223 
-0.091775 0.109970 -3.590636 -0.140977 0.313538 -0.003158 
-0.073787 0.132755 -3.339047 -0.146774 0.322845 -0.003060 
0.009371 0.140044 -3.051424 -0.152163 0.332738 -0.001668 
0.068761 0.160201 -3.042231 -0.155048 0.341412 0.000006 
0.090605 0.201145 -3.159012 -0.153943 0.348086 0.000902 
0.071955 0.166871 -3.422411 -0.150970 0.352645 0.002390 
0.009606 0.123343 -3.701704 -0.147441 0.354254 0.002066 
0.033098 0.059769 -3.919823 -0.143521 0.350942 0.001509 
0.097545 -0.000321 -3.899562 -0.138758 0.343387 -0.001383 
0.160706 0.015307 -3.772279 -0.133309 0.335761 -0.006736 
0.140916 -0.009178 -3.614634 -0.127870 0.326972 -0.011954 
0.062339 -0.032714 -3.439290 -0.122777 0.316110 -0.015731 
-0.060959 -0.040797 -3.214677 -0.119211 0.304797 -0.017820 
-0.106420 -0.057321 -3.204581 -0.117898 0.294311 -0.014071 
-0.070579 -0.044606 -3.280635 -0.117934 0.284622 -0.007589 
-0.044873 -0.018794 -3.417319 -0.118685 0.275879 -0.000723 
-0.035251 0.016415 -3.581725 -0.120023 0.270122 0.005348 
-0.113572 0.013499 -3.831303 -0.122324 0.268987 0.009474 
-0.182793 0.020638 -3.826068 -0.124888 0.270617 0.009184 
-0.187464 0.024700 -3.642655 -0.127126 0.273868 0.006230 
-0.159152 0.064340 -3.434914 -0.129099 0.280721 0.001334 
-0.127982 0.095037 -3.257787 -0.131134 0.289849 -0.003616 
-0.119034 0.114321 -3.052056 -0.133103 0.298839 -0.007901 
-0.144886 0.104017 -3.087830 -0.135125 0.308003 -0.008973 
-0.146003 0.097683 -3.276535 -0.137096 0.317217 -0.005888 
-0.095683 0.100332 -3.542855 -0.139129 0.325039 -0.000170 
-0.041628 0.119299 -3.759418 -0.141045 0.329776 0.006059 
0.043754 0.118916 -3.955626 -0.142755 0.331796 0.012216 
0.092234 0.091348 -3.945066 -0.144208 0.332207 0.012871 
0.079380 0.098351 -3.852000 -0.143049 0.333521 0.007454 
0.055303 0.088751 -3.715958 -0.139283 0.334804 -0.000653 
0.021102 0.058534 -3.611141 -0.135665 0.333859 -0.008231 
-0.000592 0.021080 -3.337452 -0.132902 0.330405 -0.017665 
0.024885 -0.016838 -3.218438 -0.130906 0.324834 -0.021622 
0.058309 -0.040050 -3.273054 -0.128309 0.318769 -0.021543 
0.057414 -0.004134 -3.406742 -0.124670 0.313943 -0.018961 
0.028631 -0.024844 -3.556652 -0.121603 0.308817 -0.013723 
-0.036655 -0.070825 -3.789173 -0.120499 0.303853 -0.006607 
-0.099354 -0.073285 -3.771723 -0.120226 0.298562 -0.001387 
-0.100201 -0.070775 -3.599360 -0.120855 0.293964 0.003219 
-0.097287 -0.030119 -3.388744 -0.122343 0.290204 0.005410 
-0.077107 0.015949 -3.197816 -0.125068 0.286894 0.004276 
-0.084577 0.039415 -2.990843 -0.128293 0.285100 0.001101 
-0.132563 0.060640 -3.037772 -0.131386 0.286014 -0.002108 
-0.150028 0.074097 -3.240937 -0.134027 0.288743 -0.004196 
-0.123603 0.076627 -3.480766 -0.136235 0.292031 -0.004298 
-0.104072 0.102303 -3.695913 -0.137321 0.297099 -0.003012 
-0.076622 0.104944 -3.959268 -0.138080 0.302784 0.000892 
-0.090379 0.104355 -4.001239 -0.137451 0.308632 0.004534 
-0.114698 0.078509 -3.878749 -0.136692 0.313562 0.007242 
-0.110309 0.065524 -3.672609 -0.136312 0.317231 0.009294 
-0.085771 0.068286 -3.462077 -0.135970 0.319902 0.009760 
-0.065122 0.068128 -3.203571 -0.135652 0.321056 0.007495 
0.004081 0.031272 -3.123071 -0.136357 0.319293 0.004252 
0.067981 -0.003203 -3.207957 -0.136398 0.316630 -0.002026 
0.063209 -0.020200 -3.453499 -0.134421 0.317155 -0.010320 
0.048017 -0.031032 -3.736273 -0.130478 0.319487 -0.017406 
0.000705 -0.073467 -4.027243 -0.126289 0.319457 -0.021377 
-0.040839 -0.115761 -4.005305 -0.124200 0.317527 -0.023314 
-0.024078 -0.143346 -3.843163 -0.123264 0.315184 -0.019959 
0.038299 -0.119140 -3.615506 -0.122101 0.312444 -0.014598 
0.064814 -0.057966 -3.398408 -0.120537 0.310069 -0.009238 
0.058444 -0.044814 -3.189637 -0.120295 0.308285 -0.003784 
0.000410 -0.043170 -3.280545 -0.121917 0.307182 0.001218 
-0.070594 -0.040885 -3.415270 -0.124505 0.305788 0.004273 
-0.061899 -0.034080 -3.608224 -0.127333 0.303844 0.006427 
-0.028149 0.004765 -3.812753 -0.130887 0.303072 0.005686 
0.006764 0.040424 -4.003358 -0.134786 0.303050 0.003665 
-0.016776 0.041486 -3.958433 -0.137367 0.302623 -0.000111 
-0.077832 0.059564 -3.781564 -0.139055 0.303501 -0.004544 
-0.116661 0.061647 -3.551075 -0.140202 0.305361 -0.006707 
-0.099833 0.065396 -3.320115 -0.140179 0.306744 -0.005990 
-0.080602 0.084570 -3.065773 -0.138438 0.307547 -0.003657 
-0.060039 0.087617 -3.029011 -0.136959 0.308079 0.000635 
-0.026415 0.081230 -3.168101 -0.134887 0.308735 0.005835 
-0.025700 0.041518 -3.380143 -0.132743 0.309228 0.007851 
-0.007556 0.028446 -3.616421 -0.129438 0.310183 0.006724 
-0.003755 0.012438 -3.941236 -0.126158 0.311820 0.004550 
0.008487 -0.003065 -3.979736 -0.124493 0.312202 -0.001309 
0.039271 -0.036488 -3.798316 -0.125203 0.310689 -0.008219 
0.051225 -0.034362 -3.587964 -0.125997 0.309894 -0.014452 
0.052540 0.011051 -3.405656 -0.126171 0.311114 -0.018149 
0.047818 0.030366 -3.189555 -0.126692 0.311697 -0.019027 
0.013426 0.030675 -3.165024 -0.128639 0.311939 -0.015439 
-0.014965 0.030393 -3.290566 -0.131542 0.312356 -0.008108 
-0.027260 0.053769 -3.472290 -0.134106 0.313161 0.001106 
-0.023332 0.085776 -3.652543 -0.135634 0.312708 0.009142 
-0.006278 0.103179 -3.814720 -0.137741 0.311478 0.014524 
-0.013864 0.113447 -3.810586 -0.139923 0.310958 0.014464 
-0.043701 0.121740 -3.686148 -0.140533 0.310952 0.009974 
-0.067847 0.125088 -3.467115 -0.139411 0.310028 0.003080 
-0.073239 0.118526 -3.268189 -0.137864 0.308303 -0.004154 
-0.060964 0.100610 -3.071333 -0.136869 0.307310 -0.010325 
-0.042434 0.096563 -3.100631 -0.134635 0.306035 -0.012194 
-0.025908 0.085621 -3.231437 -0.131318 0.304507 -0.010843 
-0.043296 0.058605 -3.460138 -0.127968 0.304088 -0.007019 
-0.040182 0.028132 -3.699462 -0.125917 0.304481 -0.002232 
-0.050658 -0.001056 -3.959216 -0.124184 0.304591 0.002868 
-0.046243 -0.020901 -3.925821 -0.123197 0.304457 0.004912 
-0.038036 -0.026069 -3.781744 -0.123558 0.304758 0.004284 
-0.041494 -0.017203 -3.600245 -0.124795 0.305710 0.001555 
-0.043702 -0.007993 -3.359807 -0.126997 0.306447 -0.003679 
-0.068065 0.006532 -3.138952 -0.129173 0.306961 -0.009139 
-0.079707 0.012997 -3.148600 -0.132029 0.308377 -0.011369 
-0.075390 0.003931 -3.285680 -0.135138 0.309408 -0.011240 
-0.052918 0.017559 -3.461346 -0.136627 0.310048 -0.009011 
-0.047378 0.021168 -3.631534 -0.137072 0.311283 -0.005732 
-0.050178 0.018704 -3.887914 -0.136756 0.313068 -0.001044 
-0.065081 0.005999 -3.906948 -0.135728 0.314420 0.001585 
-0.070423 -0.001874 -3.770224 -0.134025 0.314535 0.002422 
-0.063919 -0.000053 -3.570909 -0.131768 0.314275 0.002240 
-0.051482 -0.011201 -3.397674 -0.129599 0.313968 0.000423 
-0.039413 -0.018195 -3.188680 -0.128044 0.312509 -0.002948 
-0.034334 -0.028721 -3.215311 -0.126506 0.310749 -0.005337 
-0.041371 -0.038364 -3.384891 -0.125603 0.308712 -0.006870 
-0.037856 -0.054452 -3.616375 -0.125380 0.307181 -0.007596 
-0.039001 -0.057883 -3.817336 -0.125715 0.305684 -0.007961 
-0.037653 -0.055242 -4.032199 -0.126165 0.304846 -0.006840 
-0.043555 -0.057239 -4.000362 -0.126827 0.304307 -0.006905 
-0.062813 -0.044015 -3.835491 -0.127558 0.304327 -0.007390 
-0.080034 -0.033451 -3.599358 -0.128631 0.305087 -0.007819 
-0.090190 -0.003437 -3.356404 -0.129083 0.306285 -0.007392 
-0.092285 0.014810 -3.123767 -0.129932 0.307232 -0.006647 
-0.085519 0.021547 -3.097812 -0.131168 0.307761 -0.004144 
-0.078528 0.026686 -3.225568 -0.132246 0.308596 -0.001135 
-0.071983 0.041312 -3.433988 -0.133253 0.309068 0.001705 
-0.060570 0.052997 -3.660335 -0.133956 0.309122 0.003456 
-0.050503 0.056541 -3.874525 -0.134556 0.309083 0.004356 
-0.036537 0.055926 -3.880237 -0.134714 0.309078 0.002745 
-0.025556 0.065872 -3.741523 -0.134324 0.308599 -0.000136 
-0.016566 0.068225 -3.550452 -0.133669 0.307930 -0.003835 
-0.007209 0.076201 -3.351361 -0.132655 0.308027 -0.007003 
-0.012062 0.075476 -3.165347 -0.131548 0.308320 -0.009116 
-0.007053 0.069330 -3.168434 -0.130624 0.308859 -0.008605 
0.012940 0.064398 -3.299066 -0.129515 0.309029 -0.005950 
0.030424 0.061284 -3.491631 -0.129355 0.309800 -0.002268 
0.033540 0.057268 -3.673213 -0.129211 0.310860 0.001099 
0.023307 0.063101 -3.894119 -0.129486 0.311545 0.004341 
0.012662 0.069606 -3.884113 -0.130251 0.312099 0.004895 
-0.012007 0.068425 -3.725676 -0.131729 0.312531 0.003440 
-0.022058 0.076738 -3.501342 -0.133618 0.312564 0.000339 
-0.027022 0.092186 -3.287076 -0.135131 0.311802 -0.002978 
-0.039677 0.111439 -3.052309 -0.136462 0.311188 -0.006495 
-0.045141 0.118209 -3.058476 -0.137382 0.310462 -0.007333 
-0.059088 0.112957 -3.202116 -0.137740 0.309622 -0.006370 
-0.067716 0.104866 -3.412519 -0.137307 0.308471 -0.003651 
-0.070118 0.092458 -3.636093 -0.136417 0.307375 -0.000095 
-0.066507 0.075665 -3.871999 -0.135072 0.306333 0.003978 
-0.067213 0.051668 -3.868982 -0.133150 0.305090 0.005456 
-0.076884 0.031458 -3.749394 -0.131053 0.303988 0.004888 
-0.087550 0.018770 -3.553773 -0.128908 0.303072 0.002347 
-0.090229 -0.000556 -3.354035 -0.127128 0.302668 -0.001587 
-0.083890 -0.015510 -3.139795 -0.126117 0.302100 -0.006673 
-0.066538 -0.029321 -3.152726 -0.125562 0.302160 -0.009917 
-0.060042 -0.037738 -3.300347 -0.125450 0.302989 -0.011773 
-0.056693 -0.044179 -3.512122 -0.125966 0.304425 -0.011965 
-0.058237 -0.046922 -3.716902 -0.126780 0.306089 -0.010753 
-0.064057 -0.055013 -3.936833 -0.127955 0.308170 -0.007412 
-0.070428 -0.053916 -3.911265 -0.129079 0.310222 -0.004929 
-0.069022 -0.038235 -3.752893 -0.130423 0.311826 -0.002641 
-0.075844 -0.025335 -3.552000 -0.131794 0.313095 -0.001064 
-0.090490 -0.015072 -3.358881 -0.133348 0.313940 -0.000237 
-0.094234 0.006762 -3.162956 -0.134332 0.313850 -0.000796 
-0.084406 0.012170 -3.211358 -0.135250 0.313406 -0.001031 
-0.069673 0.012964 -3.381944 -0.135548 0.312943 -0.001488 
-0.064978 0.003433 -3.602881 -0.135439 0.311883 -0.002314 
-0.055307 -0.001836 -3.824404 -0.134655 0.310790 -0.003363 
-0.048719 -0.023694 -4.048824 -0.133025 0.309715 -0.003898 
-0.050313 -0.034470 -4.027801 -0.131013 0.309241 -0.005517 
-0.053164 -0.034770 -3.876402 -0.128613 0.308381 -0.006809 
-0.047896 -0.047473 -3.645426 -0.126461 0.307544 -0.007391 
-0.040793 -0.044034 -3.405062 -0.124515 0.306892 -0.007528 
-0.044060 -0.049518 -3.173926 -0.123763 0.306404 -0.007232 
-0.037050 -0.051519 -3.188165 -0.123611 0.305881 -0.005741 
-0.033832 -0.042492 -3.293028 -0.124182 0.305688 -0.003993 
-0.020277 -0.030721 -3.487942 -0.125528 0.305722 -0.002205 
-0.004341 -0.020309 -3.679016 -0.127686 0.306022 -0.001370 
-0.002194 -0.018822 -3.880109 -0.130075 0.306512 -0.000438 
0.006173 0.012529 -3.863439 -0.132262 0.306937 -0.001456 
-0.000660 0.033574 -3.724481 -0.134216 0.308020 -0.002919 
-0.001631 0.058914 -3.505764 -0.135659 0.309150 -0.004214 
-0.004748 0.084792 -3.311140 -0.136293 0.310207 -0.004576 
-0.016241 0.106271 -3.098451 -0.136482 0.311415 -0.004396 
-0.006575 0.115403 -3.094724 -0.136252 0.312407 -0.002152 
0.008789 0.111967 -3.235022 -0.135617 0.313280 0.000601 
0.015311 0.113754 -3.456187 -0.134624 0.313846 0.003072 
0.012944 0.103046 -3.664020 -0.133565 0.314369 0.004263 
0.011149 0.093963 -3.879421 -0.132976 0.314409 0.004816 
0.005128 0.071430 -3.854665 -0.132175 0.313670 0.002573 
-0.007458 0.071076 -3.704178 -0.131710 0.312679 -0.000939 
-0.019654 0.072401 -3.481457 -0.131559 0.311293 -0.004702 
-0.031243 0.074952 -3.260109 -0.131559 0.309617 -0.007816 
-0.042009 0.078796 -3.040972 -0.131709 0.307651 -0.009962 
-0.042442 0.085587 -3.042745 -0.131981 0.305938 -0.008972 
-0.048506 0.078109 -3.180972 -0.132350 0.304662 -0.006177 
-0.046976 0.082823 -3.392927 -0.132463 0.303447 -0.002481 
-0.044544 0.076153 -3.625418 -0.132656 0.302989 0.001293 
-0.049561 0.072596 -3.827315 -0.132672 0.302866 0.004874 
-0.063939 0.072188 -3.839339 -0.132522 0.303065 0.005503 
-0.065316 0.079433 -3.694742 -0.132158 0.303439 0.004226 
-0.074293 0.074356 -3.506762 -0.132049 0.303756 0.002021 
-0.068545 0.075446 -3.317007 -0.131889 0.304545 -0.000938 
-0.063951 0.069219 -3.126867 -0.131620 0.305052 -0.004112 
-0.056787 0.051512 -3.164318 -0.131579 0.306239 -0.005453 
-0.042895 0.045828 -3.337572 -0.130960 0.307503 -0.005627 
-0.034409 0.025971 -3.552344 -0.130764 0.309187 -0.005198 
-0.032772 0.010324 -3.768241 -0.130541 0.310922 -0.004340 
-0.031115 -0.005459 -3.965868 -0.130160 0.312751 -0.002826 
-0.037620 -0.024633 -3.935304 -0.129981 0.314505 -0.003152 
-0.045463 -0.041291 -3.780773 -0.129790 0.315677 -0.004329 
-0.068139 -0.047203 -3.566056 -0.129535 0.316376 -0.005231 
-0.083175 -0.045625 -3.349922 -0.129705 0.316163 -0.006327 
-0.090362 -0.036617 -3.163557 -0.130298 0.315041 -0.007322 
-0.089949 -0.030045 -3.194294 -0.130891 0.313324 -0.006674 
-0.082740 -0.026814 -3.348884 -0.131336 0.311290 -0.005274 
-0.075955 -0.024112 -3.544217 -0.131623 0.309361 -0.003912 
-0.077389 -0.024582 -3.739451 -0.131775 0.307200 -0.002658 
-0.080098 -0.025491 -3.976810 -0.131447 0.305152 -0.001127 
-0.084667 -0.036385 -3.966355 -0.130883 0.303648 -0.001543 
-0.090792 -0.031247 -3.833256 -0.129731 0.302431 -0.002717 
-0.096639 -0.027302 -3.618440 -0.128593 0.301582 -0.004148 
-0.087860 -0.033289 -3.394941 -0.127355 0.301105 -0.005153 
-0.092060 -0.033684 -3.181098 -0.126247 0.301391 -0.006277 
-0.078004 -0.035986 -3.193835 -0.125772 0.301965 -0.005660 
-0.068519 -0.042931 -3.329048 -0.125969 0.302586 -0.004281 
-0.042998 -0.044945 -3.524619 -0.126281 0.303965 -0.003067 
-0.037171 -0.045049 -3.738219 -0.127072 0.305962 -0.002403 
-0.023379 -0.041023 -3.949936 -0.128152 0.307903 -0.002267 
-0.024333 -0.037630 -3.913563 -0.129419 0.310195 -0.003849 
-0.010796 -0.016721 -3.773697 -0.130720 0.312283 -0.006192 
-0.012122 -0.003570 -3.564287 -0.131928 0.314367 -0.008051 
-0.013183 0.028017 -3.346804 -0.133005 0.316075 -0.009142 
-0.008146 0.049594 -3.133080 -0.133827 0.317166 -0.008951 
-0.008605 0.068375 -3.148779 -0.134819 0.317853 -0.006161 
-0.003207 0.076566 -3.288782 -0.135554 0.317940 -0.002515 
-0.000330 0.079543 -3.491246 -0.135840 0.317192 0.001508 
0.000399 0.092085 -3.711707 -0.135738 0.316081 0.004446 
-0.008283 0.085282 -3.908891 -0.135618 0.314544 0.006221 
-0.013072 0.093976 -3.875465 -0.135238 0.312280 0.004987 
-0.020507 0.086014 -3.715757 -0.134663 0.310006 0.001813 
-0.022530 0.092354 -3.484184 -0.133666 0.307308 -0.001938 
-0.032129 0.085715 -3.263726 -0.132604 0.304755 -0.005385 
-0.033669 0.080895 -3.055748 -0.131363 0.302819 -0.008101 
-0.023546 0.087428 -3.068761 -0.130505 0.301130 -0.007461 
-0.026557 0.074316 -3.218194 -0.129625 0.300216 -0.005130 
-0.026598 0.075021 -3.420676 -0.128965 0.300061 -0.001772 
-0.024251 0.064718 -3.632752 -0.128864 0.300555 0.001681 
-0.027665 0.047838 -3.843175 -0.129134 0.301658 0.004703 
-0.030680 0.046147 -3.822323 -0.129793 0.303204 0.004819 
-0.032695 0.060220 -3.674682 -0.130830 0.305016 0.003231 
-0.035373 0.065100 -3.483461 -0.131935 0.307011 0.000495 
-0.038065 0.070245 -3.280165 -0.133200 0.308908 -0.002870 
-0.033214 0.079742 -3.078046 -0.134429 0.310755 -0.005806 
-0.034256 0.085156 -3.135160 -0.135676 0.312490 -0.006496 
-0.037206 0.066926 -3.278239 -0.136443 0.313862 -0.005665 
-0.032564 0.060889 -3.495046 -0.136954 0.315293 -0.003931 
-0.037669 0.052948 -3.714213 -0.136841 0.316221 -0.001667 
-0.052915 0.041945 -3.935205 -0.135951 0.316934 0.000800 
-0.056864 0.025710 -3.927409 -0.134943 0.316860 0.001000 
-0.063933 0.004337 -3.774473 -0.133658 0.316018 -0.000175 
-0.088054 -0.014207 -3.568846 -0.132045 0.314524 -0.002265 
-0.105142 -0.026486 -3.360431 -0.130704 0.312406 -0.005197 
-0.108554 -0.036419 -3.152001 -0.129339 0.309621 -0.008122 
-0.116952 -0.042035 -3.170861 -0.128255 0.306715 -0.009195 
-0.115875 -0.044324 -3.304162 -0.127457 0.303953 -0.008969 
-0.106085 -0.059322 -3.530404 -0.127061 0.301139 -0.007856 
-0.109816 -0.061104 -3.739104 -0.126259 0.299382 -0.005990 
-0.110721 -0.064373 -3.957717 -0.126108 0.297987 -0.003805 
-0.103485 -0.066802 -3.949787 -0.126121 0.297554 -0.002937 
-0.109996 -0.055167 -3.808288 -0.126050 0.297968 -0.002817 
-0.115378 -0.044815 -3.583691 -0.126315 0.298742 -0.003269 
-0.111388 -0.033982 -3.368276 -0.126892 0.300408 -0.003949 
-0.099159 -0.020863 -3.172374 -0.127608 0.302498 -0.004862 
-0.077335 -0.022345 -3.202635 -0.128732 0.304929 -0.004364 
-0.060812 -0.012416 -3.345392 -0.130093 0.307610 -0.003313 
-0.030790 -0.011761 -3.569904 -0.131187 0.310396 -0.002234 
-0.022441 -0.007174 -3.793811 -0.132266 0.313335 -0.001368 
-0.001768 -0.017766 -4.006905 -0.133123 0.315796 -0.000927 
0.001402 -0.010021 -3.972499 -0.133392 0.318064 -0.002418 
0.002728 -0.016752 -3.794607 -0.133611 0.319839 -0.004537 
0.009828 -0.007393 -3.586663 -0.133553 0.320717 -0.006619 
0.007361 0.001283 -3.350427 -0.133024 0.320799 -0.008138 
0.004626 0.021288 -3.156864 -0.132412 0.320130 -0.008824 
0.010029 0.022603 -3.171274 -0.132076 0.318760 -0.007324 
0.014636 0.027748 -3.321526 -0.131544 0.316367 -0.004322 
0.012690 0.020787 -3.511552 -0.131421 0.313828 -0.001351 
0.003439 0.027916 -3.740944 -0.131361 0.310873 0.001278 
0.007922 0.036003 -3.918112 -0.131288 0.307623 0.003310 
0.003682 0.047834 -3.865501 -0.131208 0.304589 0.002750 
-0.008007 0.053421 -3.687880 -0.131183 0.302159 0.000894 
-0.012970 0.062196 -3.478878 -0.130973 0.299965 -0.001475 
-0.024040 0.072219 -3.260136 -0.130759 0.298578 -0.003737 
-0.026114 0.091309 -3.053421 -0.130476 0.298092 -0.005375 
-0.018771 0.095330 -3.065834 -0.130282 0.298141 -0.004637 
-0.015444 0.091151 -3.213172 -0.130463 0.299192 -0.002522 
-0.011373 0.083488 -3.422412 -0.130504 0.301106 -0.000152 
-0.005262 0.081899 -3.662145 -0.130822 0.303587 0.002407 
-0.006235 0.065455 -3.869800 -0.131251 0.306678 0.004339 
-0.001314 0.062349 -3.847207 -0.131757 0.309601 0.003581 
0.002730 0.060512 -3.698732 -0.132421 0.312224 0.001328 
-0.000516 0.063143 -3.507283 -0.133221 0.314795 -0.001741 
-0.004927 0.068731 -3.294675 -0.134002 0.316608 -0.005105 
-0.002277 0.080054 -3.103429 -0.134736 0.317995 -0.008051 
0.000635 0.085152 -3.151955 -0.135340 0.318747 -0.008519 
0.002287 0.076064 -3.317949 -0.135555 0.318853 -0.006946 
-0.003418 0.073328 -3.516186 -0.135727 0.318445 -0.004643 
-0.010944 0.064064 -3.757536 -0.135460 0.317577 -0.001630 
-0.034876 0.057830 -3.948711 -0.134863 0.316054 0.001431 
-0.047688 0.045274 -3.911404 -0.133994 0.314033 0.002218 
-0.055834 0.040497 -3.749027 -0.132913 0.311102 0.001622 
-0.086751 0.030947 -3.533451 -0.131722 0.308415 -0.000007 
-0.089589 0.023392 -3.294903 -0.130662 0.305048 -0.002572 
-0.106591 0.014745 -3.106903 -0.129615 0.301978 -0.005183 
-0.107474 0.004233 -3.146569 -0.128561 0.299212 -0.006064 
-0.105271 0.000011 -3.299885 -0.127936 0.296923 -0.005858 
-0.101217 -0.008740 -3.515705 -0.127340 0.295775 -0.005077 
-0.095381 -0.028972 -3.702061 -0.126987 0.295468 -0.003853 
-0.087834 -0.036191 -3.930237 -0.126539 0.296116 -0.002242 
-0.094101 -0.046177 -3.911229 -0.126294 0.297684 -0.002037 
-0.098924 -0.050536 -3.787882 -0.126336 0.299992 -0.002817 
-0.102307 -0.039388 -3.581846 -0.126594 0.302667 -0.004056 
-0.096161 -0.025781 -3.365273 -0.127313 0.305752 -0.005177 
-0.096128 -0.024639 -3.167143 -0.128604 0.308780 -0.006631 
-0.079994 -0.015218 -3.206253 -0.129975 0.311639 -0.006458 
-0.070670 -0.016846 -3.348583 -0.131583 0.314078 -0.005405 
-0.062017 -0.018438 -3.572095 -0.133026 0.316438 -0.004422 
-0.054056 -0.008707 -3.806258 -0.134388 0.318044 -0.003222 
-0.042140 -0.009170 -4.010184 -0.135179 0.319041 -0.002324 
-0.041433 -0.010981 -3.967829 -0.135354 0.319506 -0.002935 
-0.044264 -0.008449 -3.812381 -0.135025 0.318929 -0.004408 
-0.048867 -0.003436 -3.596717 -0.134360 0.317785 -0.005827 
-0.056100 0.004022 -3.352566 -0.133037 0.316084 -0.006902 
-0.063711 0.006351 -3.139442 -0.131909 0.313528 -0.007565 
-0.056120 0.008687 -3.165154 -0.130598 0.310806 -0.006181 
-0.047314 0.012201 -3.304064 -0.129593 0.307712 -0.003920 
-0.038937 0.015058 -3.514063 -0.128429 0.304725 -0.001723 
-0.042605 0.007789 -3.732461 -0.127986 0.302201 0.000254 
-0.030890 0.006393 -3.928594 -0.127655 0.300236 0.001497 
-0.033438 0.012238 -3.885438 -0.127617 0.298718 0.000588 
-0.034349 0.014658 -3.728066 -0.127930 0.298126 -0.001195 
-0.026674 0.035651 -3.518992 -0.128272 0.298143 -0.003363 
-0.031609 0.045020 -3.280403 -0.128865 0.299101 -0.005087 
-0.026726 0.063996 -3.093737 -0.129705 0.300767 -0.006213 
-0.010855 0.075619 -3.116187 -0.130900 0.303151 -0.004736 
-0.008744 0.076515 -3.283259 -0.132011 0.306127 -0.002322 
0.001165 0.080056 -3.491175 -0.133097 0.309438 0.000161 
0.017037 0.080629 -3.667857 -0.134041 0.312414 0.002242 
0.019220 0.078597 -3.905247 -0.135008 0.316067 0.004263 
0.016539 0.073050 -3.860921 -0.135697 0.318560 0.003102 
0.019176 0.074861 -3.701380 -0.136336 0.320235 0.000548 
0.011840 0.075093 -3.500938 -0.136511 0.321304 -0.002399 
0.016638 0.079206 -3.290863 -0.136331 0.321334 -0.005331 
0.012273 0.082777 -3.102791 -0.135836 0.320475 -0.007740 
0.016156 0.084114 -3.134337 -0.135339 0.319020 -0.007543 
0.018805 0.079763 -3.301406 -0.134553 0.316827 -0.006066 
0.014090 0.072379 -3.502077 -0.133630 0.314405 -0.003439 
0.000667 0.053822 -3.724194 -0.132468 0.311661 -0.000512 
-0.011829 0.052784 -3.925084 -0.131504 0.308723 0.002231 
-0.026875 0.043206 -3.867161 -0.130295 0.305951 0.002719 
-0.041912 0.033655 -3.713462 -0.129412 0.303161 0.001686 
-0.063059 0.035128 -3.506244 -0.128781 0.300792 -0.000263 
-0.075760 0.039348 -3.276957 -0.128448 0.298743 -0.002727 
-0.087564 0.032054 -3.098550 -0.128193 0.297455 -0.005140 
-0.081437 0.029919 -3.127704 -0.128203 0.296841 -0.005588 
-0.079317 0.028968 -3.290424 -0.128682 0.296944 -0.005078 
-0.076045 0.015547 -3.506006 -0.129086 0.298094 -0.003881 
-0.078537 0.019012 -3.743748 -0.129212 0.300348 -0.002175 
-0.072873 0.008297 -3.940741 -0.129598 0.303011 -0.000443 
-0.068348 0.004657 -3.910276 -0.129786 0.306129 -0.000558 
-0.070921 -0.003046 -3.754192 -0.130335 0.309274 -0.001957 
-0.067026 -0.005981 -3.557405 -0.130688 0.312274 -0.003535 
-0.064010 0.001710 -3.329152 -0.130968 0.314707 -0.005505 
-0.067767 0.007106 -3.161482 -0.131586 0.316620 -0.007302 
-0.056643 0.005993 -3.211466 -0.132229 0.317887 -0.007243 
-0.053832 0.003597 -3.385185 -0.132717 0.318369 -0.006425 
-0.051528 0.003343 -3.590021 -0.133189 0.318287 -0.005305 
-0.051289 -0.002225 -3.775295 -0.133378 0.317450 -0.004059 
-0.059489 -0.001156 -3.981280 -0.133363 0.316009 -0.002717 
-0.064292 -0.011230 -3.950572 -0.132794 0.314313 -0.003113 
-0.071474 -0.009518 -3.776810 -0.131829 0.311853 -0.004130 
-0.078836 0.001504 -3.552235 -0.130801 0.309201 -0.005205 
-0.093358 -0.000053 -3.328375 -0.129865 0.306593 -0.005964 
-0.100969 0.002276 -3.115251 -0.128737 0.304037 -0.006627 
-0.091002 0.003877 -3.129784 -0.128074 0.301488 -0.005226 
-0.086613 -0.001053 -3.287895 -0.127613 0.299473 -0.003096 
-0.072837 0.003489 -3.496251 -0.127400 0.298169 -0.001009 
-0.065478 0.001746 -3.723446 -0.127395 0.297386 0.000628 
-0.063613 -0.008027 -3.927964 -0.127773 0.297590 0.001525 
-0.054177 0.000449 -3.883578 -0.128194 0.298570 0.000274 
-0.051695 0.010289 -3.735059 -0.128616 0.300348 -0.002075 
-0.047368 0.026522 -3.525157 -0.129316 0.302680 -0.004478 
-0.049961 0.029484 -3.305878 -0.130115 0.305246 -0.006559 
-0.029429 0.043106 -3.119702 -0.130823 0.308234 -0.007705 
-0.021003 0.047441 -3.162677 -0.131753 0.311435 -0.006369 
-0.004258 0.047789 -3.319708 -0.132859 0.314498 -0.003949 
0.011611 0.058240 -3.518039 -0.133732 0.317100 -0.001343 
0.011638 0.053435 -3.756587 -0.134558 0.319334 0.001119 
0.016723 0.047037 -3.952064 -0.135234 0.320854 0.002551 
0.017872 0.044867 -3.888380 -0.135574 0.321408 0.001638 
0.024098 0.050747 -3.719574 -0.135860 0.320956 -0.000672 
0.012395 0.060303 -3.510392 -0.135488 0.319670 -0.003268 
0.006806 0.068741 -3.280603 -0.135122 0.317572 -0.005945 
-0.007718 0.066432 -3.094428 -0.134351 0.315063 -0.007700 
0.000028 0.069995 -3.138106 -0.133352 0.311960 -0.006965 
0.001741 0.068403 -3.296931 -0.132386 0.309106 -0.004832 
-0.003890 0.062891 -3.508771 -0.131289 0.306216 -0.001889 
-0.009094 0.047506 -3.730987 -0.130260 0.303702 0.001145 
-0.020608 0.042815 -3.910919 -0.129323 0.301708 0.003572 
-0.032624 0.045041 -3.861173 -0.128512 0.300162 0.003514 
-0.037020 0.039986 -3.685392 -0.127916 0.299399 0.001839 
-0.045404 0.036400 -3.486708 -0.128118 0.299329 -0.000347 
-0.053274 0.040055 -3.255549 -0.128432 0.299538 -0.003255 
-0.058941 0.041363 -3.086282 -0.129079 0.300315 -0.005575 
-0.046442 0.047009 -3.144830 -0.129995 0.301957 -0.005950 
-0.039037 0.054749 -3.318071 -0.131054 0.304131 -0.005031 
-0.038154 0.039975 -3.533589 -0.132273 0.306732 -0.003410 
-0.031166 0.037538 -3.761009 -0.132919 0.309393 -0.001481 
-0.031708 0.031005 -3.926561 -0.133601 0.312096 0.000070 
-0.034312 0.033290 -3.906170 -0.133912 0.314790 0.000063 
-0.039586 0.029684 -3.761732 -0.133950 0.316907 -0.001018 
-0.038667 0.032690 -3.555195 -0.133941 0.318400 -0.002573 
-0.053857 0.022411 -3.337132 -0.134034 0.319041 -0.004541 
-0.063938 0.028387 -3.139853 -0.133687 0.318702 -0.006516 
-0.059667 0.020875 -3.180630 -0.133413 0.317336 -0.006543 
-0.048601 0.010021 -3.345260 -0.132990 0.315653 -0.005818 
-0.052412 0.010286 -3.551672 -0.132495 0.313321 -0.004580 
-0.056510 0.002882 -3.768393 -0.132054 0.310798 -0.003245 
-0.055411 -0.000064 -3.956191 -0.130936 0.308238 -0.001786 
-0.076913 -0.014905 -3.915963 -0.130089 0.305700 -0.002062 
-0.091792 -0.009517 -3.752047 -0.128941 0.303392 -0.003305 
