Timestamp,X_obj,Y_obj
0.00618306,0.000336712,0.000177404,0
0.00744289,0.000338202,0.000171019,0
0.00842136,0.000336749,0.000177415,0
0.0116684,0.00033827,0.00017103,0
0.011797,0.000336695,0.000177401,0
0.0125056,0.000336695,0.000177401,0
0.0130968,0.000338262,0.000171029,0
0.0140576,0.000338181,0.000171011,0
0.0151354,0.000336715,0.000177409,0
0.0160601,0.0198841,0.00391191,0
0.017115,0.0283559,0.00509273,0
0.0181016,0.0330712,0.00623975,0
0.0191964,0.0330735,0.00624017,0
0.0201512,0.0413259,0.00845679,0
0.0211221,0.0463093,0.00983469,0
0.0222285,0.0506172,0.0108833,0
0.0231745,0.0534921,0.0115592,0
0.0241103,0.0534921,0.0115592,0
0.025135,0.0605951,0.0132254,0
0.0260597,0.0653953,0.0143802,0
0.0270381,0.0653953,0.0143802,0
0.0281052,0.0690199,0.0150927,0
0.0290791,0.0735263,0.016134,0
0.0300318,0.0732965,0.0159348,0
0.031038,0.0775141,0.0185522,0
0.0320887,0.0775141,0.0185522,0
0.0332288,0.0827253,0.0179595,0
0.0340113,0.0827253,0.0179595,0
0.0351284,0.0781415,0.0167566,0
0.0361569,0.0782672,0.0166464,0
0.0370146,0.0810831,0.0171953,0
0.0380219,0.0808357,0.01699,0
0.0390383,0.0775161,0.0160826,0
0.0400244,0.0826951,0.0189196,0
0.0410432,0.0758176,0.0137774,0
0.0420286,0.0751271,0.0150777,0
0.0430532,0.0768554,0.015476,0
0.0439999,0.0758191,0.0150875,0
0.0450091,0.0719468,0.0141196,0
0.0461783,0.0730966,0.014289,0
0.0471586,0.0693839,0.0134787,0
0.04806,0.0680575,0.0130798,0
0.0489892,0.0714505,0.0153668,0
0.0500618,0.0632096,0.010228,0
0.051043,0.0662366,0.0123969,0
0.0520176,0.0662366,0.0123969,0
0.0530565,0.0634439,0.0115583,0
0.0540165,0.0601487,0.0107356,0
0.0549948,0.0605831,0.0108936,0
0.0560103,0.0574284,0.0100175,0
0.0570601,0.0579571,0.0115143,0
0.058015,0.0546917,0.00791693,0
0.0590536,0.0536745,0.00891613,0
0.0600485,0.0524556,0.00877082,0
0.0609968,0.0512899,0.00848055,0
0.0620478,0.0501497,0.00815833,0
0.0630558,0.0490361,0.00786264,0
0.0640334,0.0479525,0.0075624,0
0.0650749,0.0483601,0.00894628,0
0.0660649,0.0445674,0.0053862,0
0.0670138,0.0461067,0.00700832,0
0.0680334,0.0439286,0.00650437,0
0.0690189,0.0355148,0.00590674,0
0.0700536,0.0331488,0.00563124,0
0.0710547,0.0322956,0.00540356,0
0.0720124,0.0323025,0.0054541,0
0.0730968,0.0302828,0.00505408,0
0.0740709,0.0294843,0.00482595,0
0.0750408,0.0295482,0.00479533,0
0.0760055,0.0278722,0.00440497,0
0.0770573,0.0280174,0.00437679,0
0.0780112,0.0272427,0.00416639,0
0.0791324,0.0253615,0.00385754,0
0.0800367,0.0247299,0.00367613,0
0.0810149,0.0247625,0.00365143,0
0.0821392,0.0232355,0.00335,0
0.0830734,0.0226641,0.00319628,0
0.0840501,0.0226065,0.00324952,0
0.0850888,0.0213333,0.00298628,0
0.0863605,0.0214478,0.00294318,0
0.0870699,0.0214512,0.00294463,0
0.088052,0.0191956,0.00257994,0
0.0892012,0.0193542,0.00256765,0
0.0900646,0.0190564,0.00238861,0
0.0910373,0.0190564,0.00238861,0
0.0921102,0.0190016,0.00244187,0
0.0930838,0.0174915,0.00201144,0
0.0940432,0.0173364,0.00202972,0
0.0951172,0.0160571,0.00192756,0
0.0960896,0.0158552,0.00176574,0
0.0970662,0.0153894,0.00166282,0
0.0982507,0.0149294,0.00155519,0
0.0990828,0.0144816,0.00146116,0
0.100005,0.0145456,0.00149599,0
0.101257,0.0147108,0.00147794,0
0.102052,0.0132332,0.00116908,0
0.10301,0.0128046,0.00109791,0
0.104017,0.0128046,0.00109791,0
0.105123,0.0117049,0.000977469,0
0.106023,0.0109508,0.000911677,0
0.10703,0.0111187,0.000890745,0
0.108067,0.0112079,0.000874423,0
0.109037,0.00992592,0.000701966,0
0.110007,0.010095,0.000679616,0
0.111042,0.00956352,0.000619257,0
0.112038,0.00899737,0.000496604,0
0.113115,0.00916754,0.000472819,0
0.114409,0.00927148,0.000449981,0
0.115037,0.00814274,0.000324246,0
0.116023,0.00835019,0.000338266,0
0.117039,0.00808227,0.000285771,0
0.118016,0.00781958,0.000223396,0
0.119056,0.0075571,0.000171976,0
0.120012,0.00761686,0.000204937,0
0.121071,0.00705758,6.63657e-05,0
0.122025,0.00681305,1.16953e-05,0
0.123146,0.00687143,5.33516e-05,0
0.124036,0.00634668,8.53495e-05,0
0.125027,0.00611654,0.000126878,0
0.126036,0.00590219,0.00017332,0
0.127025,0.00569233,0.000209356,0
0.128098,0.00542657,0.000182368,0
0.129068,0.00520812,0.000211049,0
0.13005,0.0050114,0.000256516,0
0.131069,0.00481923,0.000292926,0
0.132059,0.00482261,0.000290862,0
0.13312,0.00487918,0.000260945,0
0.134137,0.00427212,0.00040907,0
0.135103,0.00403263,0.000372196,0
0.13611,0.00403263,0.000372196,0
0.137085,0.00391242,0.000472319,0
0.138092,0.00376034,0.00050934,0
0.139184,0.00337292,0.000492948,0
0.140156,0.00337292,0.000492948,0
0.141176,0.0026318,0.000513778,0
0.142098,0.00291044,0.000584567,0
0.143009,0.00315711,0.000594577,0
0.144093,0.00290011,0.000655862,0
0.145096,0.00252564,0.000677917,0
0.146017,0.00252564,0.000677917,0
0.147115,0.00237396,0.00070309,0
0.148251,0.00207036,0.000676662,0
0.149087,0.0018867,0.000736434,0
0.150211,0.00192925,0.000691121,0
0.151178,0.00169402,0.000742138,0
0.152042,0.0011718,0.000716842,0
0.153075,0.00144753,0.000785448,0
0.154122,0.0014508,0.000783193,0
0.155072,0.000981155,0.000754006,0
0.156065,0.000981155,0.000754006,0
0.157042,0.000974152,0.000808576,0
0.157994,0.000800121,0.000759145,0
0.159054,0.000496527,0.000772839,0
0.16006,0.000690935,0.000877575,0
0.160978,0.000922055,0.00088972,0
0.162047,0.000922055,0.00088972,0
0.163344,0.000535529,0.000881746,0
0.164005,0.000433871,0.000935848,0
0.165196,0.000334536,0.00094959,0
0.166242,0.000248502,0.000960478,0
0.166989,0.000113866,0.00091494,0
0.168014,0.000335635,0.00092232,0
0.169018,7.59477e-05,0.000894148,0
0.170048,0.000138718,0.000956699,0
0.171022,0.000396336,0.000928247,0
0.172043,0.000106494,0.00101081,0
0.173013,0.000348338,0.00101781,0
0.174127,0.000610059,0.000966292,0
0.175034,0.00049883,0.00103707,0
0.176019,0.000563882,0.00104646,0
0.177078,0.000626107,0.00106333,0
0.178076,0.000688485,0.00107089,0
0.179032,0.000747668,0.0010865,0
0.180046,0.00086084,0.00102832,0
0.181012,0.00093019,0.00103686,0
0.182116,0.00105654,0.000947526,0
0.183173,0.000881359,0.00108641,0
0.184088,0.00109248,0.00108067,0
0.18508,0.00115905,0.00108996,0
0.186045,0.00121438,0.00109656,0
0.187173,0.00144439,0.00105379,0
0.18808,0.00131402,0.00111894,0
0.189071,0.00136136,0.0011332,0
0.190112,0.00158998,0.00107845,0
0.19103,0.0015063,0.00108781,0
0.192006,0.00156443,0.00108612,0
0.193001,0.00179102,0.00104103,0
0.194025,0.00165506,0.00111062,0
0.195,0.00187876,0.00106437,0
0.196065,0.00192192,0.0010704,0
0.197077,0.00196173,0.00108388,0
0.198009,0.00200311,0.00108931,0
0.199058,0.00204126,0.00110223,0
0.20014,0.00208008,0.00110617,0
0.201011,0.00211629,0.00111815,0
0.202041,0.00211324,0.00115958,0
0.20305,0.0022496,0.00106349,0
0.204026,0.00228534,0.0010678,0
0.205455,0.00231861,0.00108247,0
0.206011,0.00235359,0.00108766,0
0.20708,0.00238702,0.00110162,0
0.207989,0.00242064,0.00110608,0
0.209028,0.00250132,0.00105567,0
0.210074,0.00254504,0.00105319,0
0.21102,0.00257688,0.00106819,0
0.212066,0.00260841,0.00107559,0
0.213027,0.00263723,0.00108964,0
0.214014,0.00266791,0.00109552,0
0.214995,0.00277493,0.00114367,0
0.216075,0.00272285,0.00111353,0
0.217047,0.00282386,0.00115764,0
0.218163,0.00259017,0.00119765,0
0.219016,0.00259017,0.00119765,0
0.220032,0.00289683,0.00117257,0
0.221034,0.00284248,0.00115028,0
0.222032,0.00298742,0.00112085,0
0.223008,0.00294524,0.00109235,0
0.22402,0.00296936,0.00109565,0
0.22504,0.00306484,0.00114279,0
0.226014,0.00301441,0.00111437,0
0.227023,0.00303459,0.00112517,0
0.228018,0.00313166,0.00116374,0
0.229073,0.00307647,0.0011402,0
0.230047,0.0031666,0.00117285,0
0.231016,0.00318571,0.00118393,0
0.232134,0.00302017,0.0012593,0
0.23301,0.00292017,0.00129874,0
0.234047,0.00315486,0.00116693,0
0.235127,0.00329776,0.00113519,0
0.236009,0.00329776,0.00113519,0
0.237025,0.00322905,0.00117336,0
0.238034,0.00334749,0.00115242,0
0.239022,0.00337509,0.00115494,0
0.240024,0.00320849,0.00123482,0
0.241015,0.00320849,0.00123482,0
0.24204,0.00342062,0.00116863,0
0.243029,0.00343703,0.00118023,0
0.244026,0.00331355,0.00119912,0
0.245022,0.00341052,0.00115406,0
0.245999,0.00352413,0.00113292,0
0.247006,0.00336759,0.00121751,0
0.248012,0.00345768,0.00117102,0
0.249053,0.00338422,0.0012386,0
0.250013,0.00352865,0.00112282,0
0.251028,0.00360469,0.00116201,0
0.251993,0.00343848,0.00124814,0
0.253037,0.00352702,0.00120783,0
0.254014,0.00363413,0.00118261,0
0.255057,0.00365716,0.00118347,0
0.256038,0.00348676,0.0012671,0
0.257113,0.00348676,0.0012671,0
0.258045,0.00373359,0.00113284,0
0.259013,0.00369594,0.00110859,0
0.260154,0.00369353,0.00110563,0
0.261043,0.00359974,0.00123964,0
0.262112,0.0036932,0.00118932,0
0.263006,0.00361151,0.00125869,0
0.26408,0.00375718,0.00113946,0
0.265093,0.00382586,0.00117645,0
0.26646,0.00388227,0.00112247,0
0.267072,0.00380089,0.00115613,0
0.268009,0.00371853,0.00122075,0
0.269085,0.00371853,0.00122075,0
0.270104,0.00392202,0.00114774,0
0.27102,0.00376075,0.00123921,0
0.272044,0.00376075,0.00123921,0
0.273088,0.0039509,0.00117134,0
0.274111,0.0037907,0.00125387,0
0.275029,0.00370716,0.0013002,0
0.276194,0.00388577,0.00120823,0
0.277137,0.00399281,0.00109325,0
0.278018,0.00399281,0.00109325,0
0.279057,0.00379566,0.00126435,0
0.279999,0.00397616,0.00118176,0
0.28101,0.00397616,0.00118176,0
0.282035,0.00409886,0.00115575,0
0.283034,0.00383419,0.00129146,0
0.284022,0.00383405,0.00130104,0
0.285102,0.00401235,0.00120654,0
0.286,0.00389868,0.00124415,0
0.287058,0.00390436,0.00125148,0
0.288052,0.0039159,0.00125761,0
0.289056,0.00392447,0.00126911,0
0.290011,0.00392237,0.00126641,0
0.291068,0.00411329,0.00117598,0
0.292067,0.00394056,0.00127965,0
0.293052,0.00395014,0.00128159,0
0.294035,0.00423705,0.00116768,0
0.294995,0.00423496,0.0011647,0
0.296028,0.00398374,0.0012974,0
0.297031,0.00398352,0.00130585,0
0.298103,0.00380879,0.00141046,0
0.299098,0.00373409,0.00144856,0
0.300017,0.00417659,0.00123424,0
0.301008,0.00419415,0.00122646,0
0.302029,0.0042386,0.00117505,0
0.303039,0.00425541,0.00116941,0
0.304047,0.00426338,0.0011804,0
0.30502,0.00427214,0.0011838,0
0.306025,0.0042795,0.00119484,0
0.307013,0.00428838,0.00119697,0
0.308055,0.00429543,0.00120733,0
0.309045,0.00430397,0.00120891,0
0.310017,0.00431072,0.00121875,0
0.311012,0.00431902,0.00121983,0
0.312026,0.00432556,0.00122921,0
0.313124,0.00432556,0.00122921,0
0.314015,0.00416049,0.00133791,0
0.315029,0.00434804,0.00123913,0
0.316033,0.00438852,0.00118954,0
0.317032,0.00440478,0.00118374,0
0.318,0.00423278,0.00129494,0
0.319112,0.00423278,0.00129494,0
0.320012,0.00434817,0.00124444,0
0.321043,0.0044265,0.00121733,0
0.322015,0.00444155,0.00122059,0
0.323047,0.00427184,0.00132293,0
0.324013,0.0044566,0.00123237,0
0.325072,0.00438737,0.0012693,0
0.326134,0.00446188,0.00124892,0
0.327027,0.00455561,0.00120609,0
0.328043,0.00439088,0.00131263,0
0.329107,0.0045011,0.00124933,0
0.330151,0.00457067,0.00123138,0
0.331231,0.00458878,0.0012288,0
0.332021,0.00459193,0.00123422,0
0.333263,0.00441846,0.00134718,0
0.334054,0.00453081,0.00128113,0
0.33531,0.00459919,0.00126044,0
0.336046,0.00461529,0.00125364,0
0.337148,0.00457929,0.00124205,0
0.337986,0.00462482,0.00126434,0
0.339229,0.00448449,0.00132312,0
0.340126,0.00460527,0.00124945,0
0.341243,0.00467172,0.0012309,0
0.342041,0.00447006,0.00131176,0
0.34304,0.00464494,0.00120255,0
0.344045,0.00451466,0.00135398,0
0.345037,0.00463609,0.0012879,0
0.345985,0.00470314,0.00125843,0
0.347039,0.00471701,0.00126147,0
0.34814,0.00472278,0.00126352,0
0.349127,0.00475586,0.00121747,0
0.350206,0.00459281,0.00132092,0
0.351075,0.00470839,0.00126273,0
0.35198,0.00459563,0.00134481,0
0.353026,0.00471959,0.00127832,0
0.354039,0.00478362,0.00125009,0
0.35526,0.00462125,0.00136289,0
0.356031,0.00462125,0.00136289,0
0.357045,0.00459487,0.00135751,0
0.358058,0.0047773,0.00125181,0
0.359027,0.00484623,0.00122708,0
0.360032,0.00486076,0.00122477,0
0.361036,0.00468917,0.00134835,0
0.362529,0.00463366,0.00138979,0
0.362985,0.00459623,0.00138755,0
0.364022,0.00466288,0.00135258,0
0.365019,0.00485103,0.00124705,0
0.366018,0.00474413,0.00132536,0
0.367046,0.00487052,0.00125897,0
0.368042,0.00492802,0.00123376,0
0.368987,0.00476623,0.00135167,0
0.370035,0.00488785,0.00128168,0
0.37116,0.00494161,0.00126405,0
0.372026,0.00494161,0.00126405,0
0.373045,0.0047284,0.0014221,0
0.374006,0.00472614,0.00143178,0
0.375046,0.00472998,0.00144228,0
0.376007,0.00490976,0.00133048,0
0.37705,0.00479753,0.00141462,0
0.378024,0.00477873,0.00139282,0
0.379024,0.0049228,0.00127285,0
0.380012,0.00484172,0.00136967,0
0.380991,0.0049723,0.00130158,0
0.382032,0.00502473,0.00127498,0
0.383033,0.00486395,0.00139502,0
0.384071,0.00501198,0.00126707,0
0.385055,0.00504337,0.00129817,0
0.386104,0.00487814,0.00141807,0
0.387082,0.00483141,0.00147132,0
0.388167,0.00500146,0.00135353,0
0.389057,0.0050522,0.00132683,0
0.390134,0.00489093,0.00144283,0
0.391008,0.0050389,0.00131332,0
0.39202,0.0048188,0.00147799,0
0.393059,0.00486767,0.00144796,0
0.394179,0.00487878,0.00145281,0
0.395052,0.00505542,0.00133864,0
0.395994,0.00488899,0.00146685,0
0.397018,0.00491623,0.00141418,0
0.397997,0.00492613,0.00141958,0
0.39904,0.0049319,0.00142405,0
0.400032,0.00493552,0.001438,0
0.401091,0.00494118,0.00144256,0
0.402062,0.00511426,0.0013379,0
0.403015,0.00497143,0.0014041,0
0.404093,0.00498096,0.00141073,0
0.405144,0.00515578,0.00129889,0
0.406197,0.00515825,0.00131321,0
0.407033,0.00516448,0.00132147,0
0.40801,0.0051677,0.00133267,0
0.409037,0.00517285,0.00133733,0
0.410145,0.00517285,0.00133733,0
0.411075,0.0053635,0.00117656,0
0.41206,0.00520628,0.00129377,0
0.413023,0.00502875,0.00149217,0
0.414017,0.00502796,0.00148945,0
0.415035,0.00519205,0.00138922,0
0.416004,0.00519679,0.00139226,0
0.417037,0.00520162,0.00140106,0
0.418037,0.00503776,0.00152939,0
0.41905,0.0052094,0.00141167,0
0.420003,0.00521338,0.00142281,0
0.421027,0.00521767,0.0014242,0
0.422014,0.00522172,0.00143508,0
0.423049,0.00507754,0.00150218,0
0.424028,0.00525252,0.00138668,0
0.42504,0.00525731,0.00139013,0
0.42612,0.00526026,0.00140542,0
0.427004,0.00526432,0.00140625,0
0.428003,0.00526832,0.00141874,0
0.429007,0.0052733,0.00142192,0
0.430024,0.00511126,0.00155461,0
0.431056,0.00511781,0.00156071,0
0.432023,0.00544598,0.00131451,0
0.433025,0.00524848,0.00148783,0
0.434035,0.00524848,0.00148783,0
0.435015,0.00528883,0.0015227,0
0.43606,0.005275,0.00151979,0
0.437032,0.00531424,0.00147576,0
0.438037,0.00529022,0.00152158,0
0.439036,0.00529022,0.00152158,0
0.44001,0.00528952,0.00152812,0
0.441032,0.005293,0.00153725,0
0.442005,0.00531884,0.00154822,0
0.443012,0.00529124,0.00159935,0
0.444043,0.00531056,0.00161514,0
0.44504,0.00533087,0.00156712,0
0.446017,0.00533087,0.00156712,0
0.447017,0.00550408,0.00143425,0
0.448032,0.00532751,0.00155572,0
0.44901,0.00534967,0.00156631,0
0.450053,0.00532463,0.0016183,0
0.451537,0.00532463,0.0016183,0
0.451987,0.00533027,0.00162934,0
0.453077,0.00517552,0.00175048,0
0.454069,0.00534255,0.00163233,0
0.455005,0.00531975,0.00167414,0
0.456474,0.00534844,0.00164123,0
0.457011,0.00537967,0.00164051,0
0.458008,0.00536969,0.00163835,0
0.459277,0.00538594,0.00158293,0
0.460008,0.00541154,0.00159335,0
0.461018,0.00540341,0.0015847,0
0.462025,0.00542217,0.00160369,0
0.46301,0.00543068,0.0016049,0
0.464048,0.00543588,0.00161375,0
0.46501,0.00544289,0.00161394,0
0.466004,0.00545785,0.00156937,0
0.467054,0.00546845,0.00156386,0
0.468199,0.00546845,0.00156386,0
0.469517,0.00547841,0.00157784,0
0.470024,0.00547841,0.00157784,0
0.471015,0.0054672,0.00163354,0
0.472055,0.00548828,0.00160498,0
0.473032,0.00550057,0.00160114,0
0.47414,0.00532685,0.00178015,0
0.475028,0.00548523,0.00165927,0
0.476208,0.00536158,0.00169722,0
0.477181,0.0055143,0.00160246,0
0.478013,0.00553161,0.00157543,0
0.479025,0.00538612,0.00170008,0
0.48013,0.00552815,0.00162695,0
0.481048,0.00554692,0.00159419,0
0.482142,0.00540055,0.00172419,0
0.483475,0.00538963,0.00177289,0
0.484431,0.00522242,0.00190613,0
0.485194,0.00522242,0.00190613,0
0.486384,0.005397,0.00179464,0
0.487016,0.005397,0.00179464,0
0.488401,0.00554914,0.00165807,0
0.489029,0.00541349,0.00175072,0
0.490138,0.00541349,0.00175072,0
0.491045,0.00542895,0.0017539,0
0.492098,0.00558703,0.00163357,0
0.493188,0.00542516,0.0018094,0
0.493996,0.00559194,0.00165024,0
0.495076,0.0055899,0.00168997,0
0.496046,0.00560248,0.00165945,0
0.497008,0.00546075,0.00178536,0
0.498158,0.00561803,0.00166437,0
0.499018,0.00563524,0.00162123,0
0.500099,0.00563737,0.00161921,0
0.501645,0.00563737,0.00161921,0
0.502046,0.00565295,0.00164265,0
0.503037,0.00550787,0.00177661,0
0.503988,0.00550606,0.00178244,0
0.505018,0.0056531,0.00169559,0
0.506017,0.00549536,0.00183471,0
0.506982,0.00564331,0.00169503,0
0.508097,0.00565789,0.00166578,0
0.509131,0.00552341,0.00179989,0
0.510067,0.00568046,0.00162699,0
0.511011,0.00553258,0.00180097,0
0.512028,0.00553747,0.00177276,0
0.513025,0.00569191,0.00163073,0
0.51407,0.00570094,0.00165675,0
0.515041,0.00555703,0.0017872,0
0.516021,0.00556023,0.00179866,0
0.517044,0.00556561,0.00185676,0
0.518165,0.00571302,0.00172139,0
0.519162,0.00571302,0.00172139,0
0.520123,0.00572654,0.00173562,0
0.521028,0.00572732,0.00175079,0
0.522134,0.00573333,0.00169989,0
0.523016,0.00559451,0.00183687,0
0.524039,0.00574586,0.0017055,0
0.525138,0.00575044,0.00172286,0
0.526028,0.00575801,0.00172601,0
0.527029,0.00576303,0.0017369,0
0.528044,0.00576969,0.00173898,0
0.529016,0.00562956,0.00188336,0
0.530009,0.00578272,0.00179798,0
0.531082,0.00578134,0.00176618,0
0.532082,0.00579211,0.00176071,0
0.533077,0.00579369,0.00172138,0
0.534016,0.0058053,0.00176265,0
0.535178,0.00565679,0.00186673,0
0.536069,0.00567012,0.00191022,0
0.537031,0.00566969,0.00192526,0
0.538209,0.00581766,0.00179213,0
0.539037,0.0056734,0.00188838,0
0.54003,0.0056734,0.00188838,0
0.541039,0.00582498,0.00176016,0
0.542049,0.00582685,0.00171209,0
0.543061,0.00583187,0.00171761,0
0.544005,0.00583187,0.00171761,0
0.545018,0.00569641,0.00186977,0
0.546019,0.00584942,0.00178418,0
0.547039,0.00584942,0.00178418,0
0.548023,0.00570831,0.00188564,0
0.549018,0.0058603,0.00180847,0
0.550031,0.00585105,0.00176909,0
0.551306,0.00585798,0.00177379,0
0.552016,0.00586112,0.00178091,0
0.553077,0.00585957,0.00173227,0
0.554048,0.00572568,0.00187397,0
0.555165,0.00587808,0.00178851,0
0.555994,0.00572586,0.00189496,0
0.557005,0.00572586,0.00189496,0
0.558072,0.00601727,0.0016841,0
0.559252,0.00573449,0.00190885,0
0.560166,0.00589136,0.00182581,0
0.561052,0.00587666,0.00178535,0
0.562119,0.00574696,0.00192734,0
0.56304,0.00574696,0.00192734,0
0.564205,0.00589484,0.00178799,0
0.565042,0.00574785,0.00189323,0
0.566186,0.00574785,0.00189323,0
0.567076,0.00588564,0.00177048,0
0.568068,0.00575671,0.0019138,0
0.569059,0.0057779,0.00196713,0
0.570075,0.00589095,0.00179899,0
0.571034,0.00589859,0.00179543,0
0.572065,0.00578763,0.00199048,0
0.573064,0.00592029,0.00186051,0
0.574016,0.00592029,0.00186051,0
0.575061,0.00576156,0.00190693,0
0.576094,0.00591635,0.00182703,0
0.577014,0.00576592,0.0019196,0
0.578213,0.00578038,0.00192372,0
0.579068,0.00593184,0.0018359,0
0.580004,0.00576367,0.00194509,0
0.58104,0.00579247,0.00199144,0
0.582067,0.00591953,0.0018689,0
0.58302,0.00591953,0.0018689,0
0.584107,0.00591953,0.0018689,0
0.585654,0.00576949,0.00196578,0
0.586102,0.00587151,0.00179718,0
0.58709,0.00574671,0.00192181,0
0.588223,0.00574671,0.00192181,0
0.589176,0.00584864,0.0018409,0
0.590077,0.00584391,0.00197651,0
0.591142,0.00595665,0.00184166,0
0.592005,0.00579975,0.00194317,0
0.59313,0.00583073,0.00199021,0
0.59404,0.00578771,0.00190528,0
0.595133,0.00582115,0.0019466,0
0.596275,0.00581989,0.00196679,0
0.59713,0.00592044,0.00177815,0
0.598327,0.00579649,0.00191537,0
0.599115,0.00595817,0.00184351,0
0.600292,0.00583489,0.00198086,0
0.601115,0.00585319,0.00199399,0
0.602166,0.00573494,0.00213142,0
0.603526,0.00584987,0.00200924,0
0.604104,0.00583847,0.00197337,0
0.60502,0.00584602,0.00196651,0
0.606085,0.00584697,0.00196453,0
0.607205,0.00585542,0.0019829,0
0.608115,0.00587548,0.00199706,0
0.609082,0.00599739,0.0018552,0
0.610092,0.00589895,0.00204554,0
0.611208,0.00586704,0.00201695,0
0.612028,0.00587649,0.00201074,0
0.613052,0.0058801,0.0020263,0
0.614037,0.00588779,0.00202564,0
0.615017,0.00601143,0.00190203,0
0.616022,0.00601873,0.00190045,0
0.617041,0.00602319,0.00191676,0
0.618009,0.00589379,0.00200341,0
0.619155,0.00601437,0.00187353,0
0.619993,0.00601975,0.00187296,0
0.621012,0.00602147,0.00188977,0
0.622057,0.00602798,0.00188952,0
0.623466,0.00602996,0.00190802,0
0.624004,0.00603712,0.00190526,0
0.625125,0.00603994,0.0019216,0
0.62616,0.00604647,0.0019205,0
0.627137,0.00604827,0.00193815,0
0.628026,0.00605611,0.00193526,0
0.629009,0.00603835,0.00189926,0
0.629988,0.00595015,0.00208503,0
0.631051,0.00604528,0.00191408,0
0.632025,0.00609423,0.00195804,0
0.633045,0.00593721,0.00206835,0
0.634287,0.00605676,0.00192195,0
0.634994,0.00610346,0.00198947,0
0.636077,0.00606155,0.00194073,0
0.637024,0.00604041,0.00195136,0
0.638008,0.00596219,0.00209232,0
0.639166,0.00609762,0.00201869,0
0.640051,0.00605842,0.00197118,0
0.641056,0.00608913,0.00198239,0
0.642064,0.00593545,0.00206879,0
0.643061,0.00609666,0.00199142,0
0.644001,0.00609666,0.00199142,0
0.645069,0.00607686,0.00195772,0
0.646024,0.00608132,0.00195095,0
0.647013,0.00605461,0.00196684,0
0.648021,0.00606212,0.00196741,0
0.649019,0.00606595,0.00198415,0
0.650031,0.00607319,0.00198351,0
0.651015,0.00607672,0.00199993,0
0.652061,0.00608394,0.00199894,0
0.653086,0.00608737,0.00201502,0
0.654016,0.00596332,0.00210388,0
0.655014,0.00612264,0.0020251,0
0.656072,0.00607275,0.00197637,0
0.657043,0.00596964,0.00212915,0
0.658044,0.00602961,0.00218042,0
0.659028,0.00613468,0.00205881,0
0.660027,0.00598128,0.00214569,0
0.661001,0.00614314,0.00206711,0
0.662103,0.00598852,0.00215907,0
0.663035,0.00604827,0.00222282,0
0.664259,0.0061848,0.00208403,0
0.66506,0.00606733,0.00199019,0
0.66602,0.00607022,0.00197844,0
0.66704,0.00607026,0.001996,0
0.668002,0.0060742,0.00199608,0
0.669047,0.00597516,0.0021551,0
0.670059,0.00613852,0.00206406,0
0.671027,0.00608027,0.00203152,0
0.672,0.00598613,0.00216718,0
0.673023,0.0061465,0.00209325,0
0.674028,0.0061465,0.00209325,0
0.675043,0.00615414,0.00210707,0
0.676033,0.00599953,0.00219818,0
0.677012,0.00599953,0.00219818,0
0.678047,0.0059727,0.00215363,0
0.679076,0.00613102,0.00207536,0
0.680024,0.00607074,0.00202511,0
0.681029,0.00597499,0.00217866,0
0.682061,0.00613781,0.00208758,0
0.683031,0.00607461,0.00205462,0
0.684045,0.00598435,0.00219076,0
0.685009,0.00614417,0.00211661,0
0.686047,0.00608384,0.00206597,0
0.687081,0.00599143,0.00221898,0
0.688024,0.00615546,0.00212774,0
0.689033,0.00609855,0.00229212,0
0.690025,0.00609394,0.00203982,0
0.691024,0.00606394,0.00224165,0
0.692178,0.00599377,0.00218751,0
0.693049,0.00602638,0.00219999,0
0.694007,0.00596514,0.0023917,0
0.695009,0.00611166,0.00207235,0
0.696188,0.00612142,0.00231206,0
0.697063,0.00612142,0.00231206,0
0.697992,0.00605247,0.00226555,0
0.699022,0.00594597,0.00218448,0
0.700023,0.00604914,0.00227839,0
0.701041,0.00591303,0.00219474,0
0.702206,0.00607636,0.00209534,0
0.703273,0.00600433,0.00206225,0
0.704353,0.00600847,0.0020565,0
0.705063,0.00592361,0.0021991,0
0.706039,0.00608919,0.00212874,0
0.707145,0.00608919,0.00212874,0
0.708021,0.0060111,0.00228303,0
0.70901,0.00601292,0.0023019,0
0.710121,0.00602013,0.00230022,0
0.711107,0.00602206,0.00229903,0
0.712033,0.00602448,0.00231296,0
0.713153,0.00611369,0.00216615,0
0.714374,0.00599673,0.00227287,0
0.715109,0.00599651,0.00226478,0
0.716058,0.00599519,0.0022788,0
0.717094,0.00599889,0.00227668,0
0.718152,0.00599932,0.00229113,0
0.719017,0.00600366,0.0022887,0
0.720022,0.00600449,0.00230299,0
0.72102,0.00600915,0.00230042,0
0.722034,0.00601131,0.00231008,0
0.723042,0.00601335,0.00232052,0
0.724159,0.00601857,0.00231744,0
0.725074,0.00602002,0.00233131,0
0.726747,0.00602524,0.00232837,0
0.727594,0.00606593,0.00214631,0
0.72831,0.00606393,0.00213828,0
0.729296,0.00606155,0.0021518,0
0.730057,0.00606155,0.0021518,0
0.731031,0.005988,0.00230836,0
0.732039,0.00599188,0.0023058,0
0.73302,0.00606742,0.00217503,0
0.734049,0.00599664,0.00231714,0
0.735142,0.00607153,0.0021863,0
0.736,0.00607567,0.00218345,0
0.737037,0.00600293,0.00234202,0
0.73802,0.00596762,0.00228786,0
0.739008,0.00596116,0.00229628,0
0.740044,0.00603448,0.00214849,0
0.741024,0.00603326,0.00216273,0
0.742007,0.00603625,0.00216008,0
0.743037,0.00603572,0.00217404,0
0.744032,0.00603904,0.00217157,0
0.745028,0.00603896,0.00218539,0
0.74603,0.00604275,0.00218265,0
0.747056,0.00604307,0.00219631,0
0.748025,0.00604722,0.00219344,0
0.749015,0.00604785,0.00220695,0
0.750012,0.00601047,0.00215285,0
0.751068,0.00593511,0.00230636,0
0.752454,0.00600332,0.00215818,0
0.753039,0.0059354,0.00231736,0
0.754034,0.0060051,0.00216936,0
0.755067,0.00609376,0.00223909,0
0.756067,0.0060087,0.00218389,0
0.757071,0.00600837,0.00219329,0
0.758045,0.00601044,0.00218972,0
0.759016,0.00601069,0.00220344,0
0.760105,0.00601506,0.00220046,0
0.761009,0.00597233,0.00216303,0
0.762001,0.00596678,0.00215499,0
0.763039,0.00596371,0.00216828,0
0.764009,0.00596613,0.00216591,0
0.76501,0.00596536,0.00217969,0
0.766033,0.00596859,0.00217711,0
0.767059,0.00596855,0.00219077,0
0.768016,0.00597223,0.00218808,0
0.769018,0.00597247,0.00220159,0
0.770037,0.00597658,0.00219878,0
0.771008,0.00597721,0.00221214,0
0.772023,0.00598169,0.0022092,0
0.772994,0.00598264,0.00222241,0
0.774052,0.0059874,0.00221933,0
0.775006,0.0059436,0.00218173,0
0.776179,0.00588017,0.00231898,0
0.777026,0.00587781,0.00233184,0
0.778225,0.00603375,0.00223998,0
0.779035,0.00603499,0.00225653,0
0.780024,0.00594192,0.00219618,0
0.781215,0.00593952,0.00220458,0
0.78202,0.00594155,0.00220091,0
0.783026,0.00594175,0.00221426,0
0.784093,0.00589282,0.00220453,0
0.785026,0.00590452,0.00221968,0
0.786055,0.00591329,0.00221754,0
0.786988,0.00597049,0.00223841,0
0.787994,0.00586711,0.00217633,0
0.789063,0.00586527,0.00218569,0
0.790027,0.00587082,0.0021839,0
0.791041,0.00587275,0.00219793,0
0.792065,0.00587858,0.00219563,0
0.79305,0.00593524,0.00221614,0
0.793991,0.00587466,0.00220438,0
0.795044,0.00588494,0.00221894,0
0.796059,0.00588494,0.00221894,0
0.797093,0.0059983,0.00228717,0
0.798023,0.00601502,0.00244102,0
0.799034,0.00601502,0.00244102,0
0.800106,0.00600899,0.00224746,0
0.801035,0.00584069,0.00234312,0
0.802021,0.00583852,0.00233509,0
0.803009,0.00592735,0.00225044,0
0.804026,0.00583854,0.00219473,0
0.805009,0.00583812,0.00220323,0
0.806024,0.00580026,0.00234721,0
0.807159,0.00595202,0.00227209,0
0.808153,0.00595202,0.00227209,0
0.809099,0.00585048,0.00222297,0
0.810108,0.00592398,0.00242442,0
0.811082,0.00592398,0.00242442,0
0.812085,0.0060297,0.00230219,0
0.813366,0.00598088,0.00244256,0
0.814009,0.00591162,0.00224792,0
0.814977,0.00575856,0.0023256,0
0.816013,0.00590645,0.00224678,0
0.817021,0.00591083,0.00224658,0
0.818004,0.00587389,0.00240547,0
0.819173,0.00591685,0.00225457,0
0.820196,0.00602786,0.00232487,0
0.82102,0.00592249,0.00226467,0
0.822019,0.00592145,0.00227215,0
0.823066,0.0059212,0.00226714,0
0.824007,0.00592362,0.00227807,0
0.825064,0.00588046,0.0022243,0
0.826014,0.00585965,0.00222939,0
0.827071,0.00585965,0.00222939,0
0.828026,0.00585802,0.00223597,0
0.829024,0.00586061,0.00223196,0
0.830049,0.00586061,0.00223196,0
0.83101,0.0058628,0.00223909,0
0.832029,0.00586375,0.00224618,0
0.833023,0.00586454,0.00225393,0
0.834058,0.00586803,0.00224964,0
0.835086,0.0058681,0.00226045,0
0.836025,0.0058681,0.00226045,0
0.83705,0.00583217,0.00221574,0
0.838031,0.00569639,0.00234483,0
0.839059,0.0058379,0.00222407,0
0.840058,0.00569678,0.00235252,0
0.841036,0.0058783,0.00228009,0
0.842044,0.00577291,0.0022213,0
0.843047,0.00574332,0.00237485,0
0.844061,0.00585352,0.00223822,0
0.845027,0.00575085,0.0022306,0
0.846126,0.0057701,0.00223279,0
0.847025,0.00589324,0.00230376,0
0.848046,0.00578318,0.00224477,0
0.84901,0.00569862,0.00235167,0
0.850045,0.0058439,0.00225635,0
0.85104,0.00570244,0.00235781,0
0.852117,0.00584991,0.00226633,0
0.853062,0.0057308,0.00221913,0
0.854046,0.00570923,0.00236135,0
0.855022,0.00585483,0.00228383,0
0.856067,0.00573922,0.00222683,0
0.85703,0.00571666,0.00237881,0
0.858019,0.00586418,0.00229132,0
0.85907,0.00586418,0.00229132,0
0.860402,0.0057437,0.00223826,0
0.861141,0.00578951,0.00241004,0
0.862066,0.00580835,0.00226037,0
0.863023,0.00566149,0.00235383,0
0.864527,0.00566424,0.00235395,0
0.865463,0.00580029,0.00227199,0
0.86603,0.00565889,0.00235652,0
0.867128,0.00566166,0.00235668,0
0.868087,0.00578184,0.0024215,0
0.869121,0.00585682,0.00229635,0
0.870043,0.00590086,0.00245626,0
0.871075,0.00568822,0.00252953,0
0.872052,0.00574285,0.00254017,0
0.873106,0.00577504,0.00224584,0
0.87416,0.00556572,0.00214167,0
0.875358,0.00556572,0.00214167,0
0.876135,0.00572854,0.00238831,0
0.877197,0.00567134,0.00222579,0
0.878041,0.005722,0.00239723,0
0.879005,0.00551782,0.0024369,0
0.880266,0.00571072,0.00239342,0
0.88113,0.00564826,0.00238004,0
0.88218,0.00565366,0.00238958,0
0.883072,0.00565924,0.00238805,0
0.884248,0.00560519,0.00220501,0
0.885182,0.00546441,0.00228465,0
0.885998,0.00559036,0.00234786,0
0.88701,0.00565426,0.00237333,0
0.888106,0.00559179,0.00235308,0
0.889384,0.00559107,0.00236074,0
0.890106,0.00559979,0.00221105,0
0.891073,0.00546329,0.00230451,0
0.892049,0.00559605,0.00236141,0
0.893426,0.00559934,0.00237203,0
0.894551,0.00560584,0.00237118,0
0.895019,0.00553964,0.00233493,0
0.896073,0.00560579,0.00219915,0
0.897081,0.00566206,0.00239394,0
0.898035,0.00553069,0.00233255,0
0.899024,0.00552422,0.00233505,0
0.900031,0.00552943,0.00218816,0
0.901041,0.00552851,0.00218485,0
0.902015,0.00552851,0.00218485,0
0.903059,0.00553991,0.00221669,0
0.904036,0.00561663,0.00224838,0
0.905003,0.00556307,0.00237588,0
0.905987,0.00556307,0.00237588,0
0.907291,0.00558579,0.00224074,0
0.908012,0.00552079,0.00234965,0
0.909024,0.00565857,0.00225964,0
0.910199,0.00552759,0.00220799,0
0.91103,0.00553133,0.0023493,0
0.912158,0.00566659,0.00227104,0
0.913024,0.00553431,0.00235426,0
0.914008,0.00562316,0.0022575,0
0.915065,0.00420447,0.0018929,0
0.916036,0.00404119,0.00197708,0
0.917029,0.00407714,0.00183358,0
0.918186,0.00395351,0.00177129,0
0.919179,0.00400116,0.00191946,0
0.920066,0.00406415,0.00195876,0
0.921046,0.0040603,0.00181213,0
0.922076,0.00395105,0.00175025,0
0.923062,0.00396235,0.0018966,0
0.924023,0.00408947,0.00194806,0
0.925149,0.00410299,0.00195586,0
0.926085,0.00411168,0.00180541,0
0.92709,0.00413399,0.00195806,0
0.928083,0.00415196,0.00195521,0
0.929001,0.00416563,0.00196186,0
0.930001,0.00415912,0.0018158,0
0.931039,0.0279808,0.00773291,0
0.932012,0.0209631,0.00966365,0
0.933003,0.0155805,0.00911772,0
0.934024,0.0066437,0.0117351,0
0.935003,0.00735077,0.0116038,0
0.936045,0.00734991,0.0115939,0
0.937081,0.00764612,0.0115916,0
0.937991,0.00764613,0.0115844,0
0.939065,0.00765206,0.011465,0
0.940013,0.0076529,0.0114606,0
0.941002,0.00781708,0.0112919,0
0.942053,0.00672792,0.00721187,0
0.94304,0.00672792,0.00721187,0
0.943996,0.00536417,0.00232845,0
0.945053,0.00531269,0.00184857,0
0.945979,0.0052329,0.00166081,0
0.946994,0.0052329,0.00166081,0
0.948052,0.00536338,0.00152878,0
0.949012,0.00531605,0.00122716,0
0.950013,0.00544449,0.00108461,0
0.95104,0.00543863,0.000950331,0
0.952003,0.00542464,0.000808823,0
0.953027,0.00540959,0.000678725,0
0.954024,0.00662547,0.000509317,0
0.955024,0.00823689,0.000179023,0
0.956031,0.0082652,0.000258058,0
0.957042,0.00829798,0.000165465,0
0.958042,0.00836005,6.32913e-05,0
0.958978,0.00844482,2.35904e-05,0
0.960025,0.00852684,0.000118212,0
0.961038,0.00861006,0.000197718,0
0.962017,0.00868825,0.000286407,0
0.963021,0.00876801,0.000359391,0
0.964035,0.00866281,0.000425189,0
0.965026,0.00841093,0.000465308,0
0.96601,0.00825608,0.000536032,0
0.967039,0.00810092,0.000595993,0
0.968052,0.0079529,0.000665229,0
0.96904,0.00773433,0.000694028,0
0.97004,0.00761919,0.000743785,0
0.971001,0.00749644,0.00080956,0
0.972035,0.00738359,0.000864714,0
0.972996,0.00716637,0.00093658,0
0.974034,0.00717466,0.00098927,0
0.97503,0.00708853,0.00104874,0
0.976095,0.00700928,0.00109971,0
0.977064,0.00682257,0.00116283,0
0.978117,0.00675223,0.00121604,0
0.978991,0.00664828,0.00134534,0
0.980008,0.00672379,0.00131693,0
0.981027,0.00648477,0.00133177,0
0.982031,0.00641794,0.00137439,0
0.983012,0.00636029,0.00142726,0
0.983991,0.00630727,0.00146947,0
0.985013,0.0062551,0.00151996,0
0.986086,0.00620806,0.00156003,0
0.987007,0.00619981,0.00172008,0
0.988083,0.00621079,0.00165254,0
0.989021,0.00633631,0.00174292,0
0.990016,0.00598705,0.00179413,0
0.991121,0.00606582,0.001772,0
0.991991,0.00589616,0.00186692,0
0.992999,0.00598157,0.00184549,0
0.994313,0.00577783,0.00182666,0
0.995044,0.00573545,0.00186338,0
0.995987,0.00570476,0.00189277,0
0.99707,0.00576178,0.00194206,0
0.998012,0.00568648,0.00206556,0
0.999154,0.00582453,0.00215803,0
1.00013,0.00580035,0.00218546,0
1.00108,0.00547886,0.00201091,0
1.00203,0.00549137,0.00213909,0
1.00302,0.0055839,0.00211557,0
1.00402,0.00539723,0.00208279,0
1.00513,0.00536401,0.00210927,0
1.00608,0.00555686,0.00229896,0
1.00704,0.00554339,0.00232903,0
1.00804,0.00552478,0.00235611,0
1.00902,0.00545724,0.00226243,0
1.01011,0.00531731,0.00234027,0
1.01105,0.00546269,0.00241492,0
1.01204,0.00546572,0.00241585,0
1.01308,0.00513426,0.0022441,0
1.01406,0.00518724,0.00235685,0
1.01513,0.0052593,0.0023384,0
1.01607,0.00507233,0.00229753,0
1.01705,0.00527477,0.00248319,0
1.01801,0.00526134,0.00250677,0
1.01902,0.00526134,0.00250677,0
1.02007,0.00501261,0.0023623,0
1.02113,0.00522071,0.00254823,0
1.02206,0.0052074,0.00256922,0
1.02308,0.00515612,0.00245791,0
1.02402,0.00518558,0.00259698,0
1.02501,0.00512735,0.00249716,0
1.02603,0.00492375,0.00252189,0
1.02711,0.00492375,0.00252189,0
1.02809,0.00505548,0.00260528,0
1.02906,0.00482399,0.00243308,0
1.03003,0.00488406,0.00254707,0
1.03108,0.00502562,0.00263382,0
1.03201,0.00479352,0.00246961,0
1.03306,0.00485492,0.00258387,0
1.03405,0.00501075,0.00265438,0
1.0351,0.00494506,0.00255834,0
1.03605,0.00483545,0.00260966,0
1.03706,0.00499112,0.00268976,0
1.03808,0.00492835,0.00258347,0
1.03901,0.00473282,0.00260266,0
1.04008,0.00488421,0.00266781,0
1.04103,0.00487473,0.0026817,0
1.04202,0.00485861,0.0026951,0
1.04305,0.00485328,0.00269721,0
1.04407,0.00485636,0.00269857,0
1.04504,0.00484933,0.00271007,0
1.04611,0.00484541,0.00271206,0
1.04704,0.00484035,0.00272092,0
1.04804,0.00476965,0.00261551,0
1.04914,0.00466628,0.00266094,0
1.05015,0.00482479,0.00273989,0
1.05118,0.00467154,0.00258958,0
1.05222,0.00456172,0.00263931,0
1.05303,0.0047172,0.00270673,0
1.05411,0.00471273,0.00271829,0
1.05516,0.00471158,0.00271885,0
1.05607,0.00470613,0.00272783,0
1.05709,0.00470377,0.0027274,0
1.05812,0.00469956,0.00273643,0
1.05917,0.00469838,0.002736,0
1.06008,0.00469529,0.00274501,0
1.06132,0.00460637,0.00270538,0
1.06215,0.00459506,0.0027087,0
1.06314,0.00458815,0.00270564,0
1.06408,0.00458149,0.00271257,0
1.06517,0.00457757,0.00271073,0
1.06621,0.00457101,0.00271909,0
1.06708,0.00456417,0.00271953,0
1.06809,0.00454223,0.00273283,0
1.06918,0.00442994,0.00321464,0
1.07015,0.00442043,0.00441452,0
1.07115,0.00426539,0.00432555,0
1.07214,0.00416192,0.00423957,0
1.07301,0.00421875,0.00437342,0
1.07404,0.00419671,0.0044076,0
1.07505,0.00417873,0.00443159,0
1.07599,0.0041601,0.00446412,0
1.07714,0.00414596,0.00448481,0
1.07804,0.0041308,0.00451428,0
1.07909,0.0041198,0.00453216,0
1.08043,0.00410756,0.00455901,0
1.08101,0.00401303,0.00439534,0
1.08232,0.00400736,0.00440864,0
1.08323,0.00399511,0.00442268,0
1.08414,0.00397916,0.00445096,0
1.08503,0.00405316,0.00446875,0
1.08606,0.00388357,0.00437856,0
1.08704,0.00395802,0.00451395,0
1.08806,0.00386899,0.00439313,0
1.08907,0.00410066,0.00457057,0
1.09007,0.00410066,0.00457057,0
1.09104,0.00370472,0.00410781,0
1.09204,0.00370472,0.00410781,0
1.09319,0.00362722,0.00385254,0
1.0941,0.00379345,0.00397479,0
1.09511,0.00373066,0.00385517,0
1.09602,0.00374305,0.00379527,0
1.09703,0.00366242,0.00371194,0
1.09807,0.00373616,0.00371487,0
1.09903,0.00375719,0.00372801,0
1.10004,0.0038409,0.00365273,0
1.10102,0.00369403,0.00351853,0
1.10203,0.00370153,0.00346658,0
1.10302,0.00370153,0.00346658,0
1.10401,0.0037261,0.00338879,0
1.10511,0.00380477,0.00341384,0
1.10603,0.00383745,0.00343604,0
1.1071,0.00401145,0.00349931,0
1.10804,0.00394065,0.00334275,0
1.10916,0.00379111,0.00322339,0
1.11009,0.00370633,0.00314818,0
1.11103,0.00370633,0.00314818,0
1.11204,0.00381087,0.00320813,0
1.11309,0.00388789,0.00315232,0
1.11402,0.00374194,0.00303516,0
1.11502,0.00383903,0.0031317,0
1.11603,0.00401005,0.0031877,0
1.11712,0.00377152,0.00296582,0
1.11805,0.00387336,0.0030562,0
1.11902,0.00395145,0.0030046,0
1.12005,0.00371035,0.00286046,0
1.12102,0.00380093,0.00295813,0
1.12204,0.00387411,0.00289564,0
1.12303,0.00372133,0.00279814,0
1.12408,0.00382179,0.00289226,0
1.12508,0.00389405,0.00284099,0
1.12608,0.00389405,0.00284099,0
1.1271,0.00384393,0.00286043,0
1.12828,0.00386191,0.00282706,0
1.12919,0.00386191,0.00282706,0
1.1302,0.00383166,0.00264853,0
1.13118,0.00401411,0.00281243,0
1.13204,0.00378852,0.00274441,0
1.13308,0.00394555,0.0028077,0
1.13402,0.00384841,0.00268756,0
1.13503,0.00385297,0.00266741,0
1.13627,0.00385297,0.00266741,0
1.13699,0.0039552,0.00269207,0
1.13808,0.00396934,0.00267477,0
1.13901,0.00397208,0.00267763,0
1.14004,0.00391226,0.00262085,0
1.14104,0.00392919,0.00260699,0
1.14202,0.004112,0.00268767,0
1.14304,0.00413507,0.00267913,0
1.144,0.00415146,0.00267695,0
1.14505,0.0042721,0.00278803,0
1.14603,0.0042721,0.00278803,0
1.14703,0.00436224,0.00273091,0
1.14804,0.00420747,0.00264634,0
1.14901,0.00421567,0.00262981,0
1.15003,0.00422077,0.00262451,0
1.15104,0.00423051,0.00261098,0
1.15207,0.00423695,0.00260696,0
1.15301,0.00414845,0.00256098,0
1.15399,0.00414325,0.00255184,0
1.155,0.00414322,0.00253527,0
1.15605,0.00414231,0.0025287,0
1.15703,0.0041443,0.00251303,0
1.15799,0.00414371,0.00250725,0
1.159,0.00414593,0.00249218,0
1.16003,0.00414551,0.00248693,0
1.16103,0.00414786,0.00247234,0
1.16201,0.00414751,0.00246754,0
1.16301,0.0041499,0.00245337,0
1.16405,0.00418765,0.0025232,0
1.16503,0.00415629,0.00243703,0
1.16598,0.00409857,0.00247795,0
1.167,0.00415298,0.00241802,0
1.168,0.00398434,0.00233555,0
1.16906,0.00397969,0.00231849,0
1.17001,0.0039795,0.00231604,0
1.17101,0.00398188,0.00230386,0
1.17207,0.00398169,0.00230145,0
1.17301,0.00417588,0.00246632,0
1.17402,0.00416852,0.00245601,0
1.17501,0.00424245,0.00250336,0
1.17605,0.00404335,0.00230913,0
1.17703,0.00411326,0.0023544,0
1.17822,0.00385651,0.0022034,0
1.17911,0.00396459,0.00232041,0
1.18021,0.00401645,0.00226172,0
1.18103,0.0038491,0.00218222,0
1.18208,0.00396471,0.00229257,0
1.18301,0.00401292,0.00224403,0
1.18406,0.00384913,0.00215543,0
1.18505,0.00396392,0.00227605,0
1.18602,0.00413789,0.00234503,0
1.18704,0.00401999,0.0022197,0
1.18804,0.00374983,0.00209814,0
1.18922,0.00372926,0.00208476,0
1.19,0.00385577,0.00221462,0
1.19119,0.00385345,0.00220006,0
1.19204,0.003916,0.00223128,0
1.19307,0.00400443,0.00225364,0
1.19452,0.00401077,0.00226063,0
1.19511,0.00401226,0.00224333,0
1.19611,0.00421342,0.00241031,0
1.19709,0.0039798,0.00225033,0
1.19808,0.00400964,0.00218338,0
1.19898,0.00400964,0.00218338,0
1.20005,0.00376933,0.00212144,0
1.20107,0.00371951,0.00200934,0
1.20256,0.00354868,0.0019169,0
1.20349,0.00366929,0.00203813,0
1.20469,0.00383984,0.00210539,0
1.20514,0.0039109,0.00215452,0
1.20606,0.00404391,0.00228499,0
1.20702,0.00361755,0.00194031,0
1.20801,0.00361755,0.00194031,0
1.20923,0.00342673,0.00183922,0
1.21001,0.00371933,0.00202731,0
1.21102,0.0037176,0.00202478,0
1.21199,0.00371363,0.00200813,0
1.21307,0.00371679,0.00201178,0
1.214,0.00370927,0.00199774,0
1.21499,0.00371243,0.00200141,0
1.21612,0.00353962,0.00190783,0
1.21706,0.00360456,0.00194553,0
1.21802,0.00369761,0.00196772,0
1.21905,0.00370372,0.00195503,0
1.22006,0.00360422,0.00192798,0
1.22106,0.00359924,0.0019165,0
1.22211,0.00345473,0.00178429,0
1.22301,0.00328001,0.0016888,0
1.22438,0.00342011,0.00181963,0
1.22502,0.00327587,0.00167325,0
1.22605,0.00341674,0.00180408,0
1.22705,0.00344382,0.00173874,0
1.22804,0.00327233,0.00165637,0
1.229,0.00341436,0.00178723,0
1.23014,0.00343992,0.00172294,0
1.23103,0.00359021,0.00184122,0
1.23208,0.00348859,0.00181514,0
1.233,0.00333827,0.00167181,0
1.23406,0.00315933,0.00158585,0
1.23504,0.00330367,0.00171674,0
1.23613,0.00346202,0.00177098,0
1.23699,0.00315347,0.00155496,0
1.2381,0.00329894,0.00168584,0
1.23912,0.0034597,0.00175722,0
1.2401,0.00346552,0.00174705,0
1.24102,0.00367554,0.00192527,0
1.24205,0.00363427,0.00180944,0
1.24315,0.00332737,0.00160426,0
1.24405,0.00329773,0.00163795,0
1.24514,0.00335836,0.00168755,0
1.24606,0.00335436,0.00167409,0
1.24702,0.00335082,0.00167013,0
1.24809,0.00334998,0.00165568,0
1.24903,0.00334687,0.00165162,0
1.25005,0.00334731,0.00163813,0
1.25112,0.00334612,0.0016322,0
1.25206,0.00334542,0.00162701,0
1.25313,0.00334748,0.00161424,0
1.25426,0.00334694,0.00161167,0
1.25515,0.00334969,0.0015995,0
1.25641,0.00334979,0.0015973,0
1.25703,0.00325016,0.00156347,0
1.25821,0.00323857,0.00155715,0
1.25907,0.00323511,0.00154164,0
1.26004,0.003231,0.00153628,0
1.26107,0.00323056,0.00152181,0
1.26199,0.00322785,0.00151759,0
1.26301,0.00322874,0.00150393,0
1.26403,0.00322722,0.00150039,0
1.26501,0.0030764,0.0013609,0
1.26602,0.00322855,0.00148433,0
1.26699,0.00323128,0.00147174,0
1.26805,0.00312815,0.00144845,0
1.26904,0.00311917,0.00143193,0
1.27,0.00311266,0.00142569,0
1.27102,0.00311146,0.00140999,0
1.27209,0.00310802,0.00140484,0
1.27305,0.0031083,0.00139035,0
1.27402,0.00310625,0.00138608,0
1.27497,0.00310779,0.00137232,0
1.27604,0.00310685,0.00136871,0
1.27702,0.00310937,0.00135553,0
1.27799,0.00310927,0.00135243,0
1.27898,0.00311251,0.00133969,0
1.28006,0.00300964,0.00131775,0
1.28103,0.00300095,0.00130119,0
1.28202,0.0029949,0.00129473,0
1.283,0.00299413,0.00127873,0
1.28402,0.00299105,0.00127333,0
1.28503,0.0029917,0.00125855,0
1.28602,0.00298996,0.00125404,0
1.28699,0.00299182,0.00123997,0
1.28801,0.00299189,0.0012335,0
1.289,0.00299236,0.00122774,0
1.29,0.00273049,0.00107106,0
1.291,0.00287989,0.00118914,0
1.29202,0.00287668,0.00117218,0
1.29299,0.00287274,0.00116546,0
1.294,0.00287258,0.00114963,0
1.295,0.00287014,0.00114423,0
1.29604,0.00287143,0.00112937,0
1.29703,0.00287029,0.00112477,0
1.29803,0.00287272,0.00111062,0
1.29902,0.00270801,0.000981964,0
1.30003,0.00287587,0.00109306,0
1.30102,0.00277293,0.00107298,0
1.30205,0.00276411,0.00105591,0
1.30302,0.00275837,0.00104864,0
1.30401,0.00275791,0.0010318,0
1.30501,0.00275511,0.00102564,0
1.30604,0.0027561,0.00101012,0
1.30701,0.00275469,0.00100493,0
1.308,0.00275693,0.000990205,0
1.309,0.00258876,0.000861759,0
1.31001,0.00259162,0.00084774,0
1.31102,0.00259126,0.000843195,0
1.31201,0.00259536,0.000830343,0
1.31302,0.0025956,0.00082621,0
1.31402,0.00249628,0.000798147,0
1.31527,0.00248457,0.00079128,0
1.31603,0.00248221,0.000774111,0
1.31699,0.00247938,0.00076781,0
1.31806,0.00247921,0.000750941,0
1.31903,0.00247711,0.000745216,0
1.32005,0.00247868,0.000729926,0
1.32105,0.00247767,0.000724938,0
1.32203,0.00248019,0.000710295,0
1.3231,0.00237749,0.000689566,0
1.32401,0.00236536,0.000679603,0
1.32501,0.00236222,0.000661235,0
1.32606,0.00235526,0.000648819,0
1.32727,0.00235783,0.000636264,0
1.32809,0.00235517,0.000629766,0
1.3291,0.00229995,0.000557989,0
1.33,0.00229995,0.000557989,0
1.3312,0.00253511,0.000717832,0
1.33213,0.00253511,0.000717832,0
1.33305,0.00253943,0.000699405,0
1.334,0.00236356,0.000572145,0
1.33503,0.00236356,0.000572145,0
1.33623,0.00226405,0.000545755,0
1.33717,0.00226405,0.000545755,0
1.33816,0.00224852,0.000533439,0
1.33904,0.0022514,0.00053798,0
1.34003,0.00229663,0.000475559,0
1.34107,0.00241315,0.000482841,0
1.3421,0.00259306,0.000543372,0
1.34305,0.00245567,0.000485694,0
1.34404,0.0025195,0.00053431,0
1.34501,0.00252264,0.000536483,0
1.34605,0.00247238,0.000469246,0
1.34709,0.00247651,0.000463196,0
1.34806,0.00247946,0.00046778,0
1.34901,0.00248653,0.000455354,0
1.35,0.00248948,0.000459941,0
1.35121,0.00248948,0.000459941,0
1.35198,0.00231498,0.000341169,0
1.35303,0.00260512,0.000462253,0
1.35399,0.00272401,0.000475149,0
1.35507,0.00274856,0.000472405,0
1.35603,0.0027603,0.000479948,0
1.3571,0.0027735,0.000476472,0
1.35821,0.00277896,0.00047666,0
1.35903,0.00278195,0.000481288,0
1.36006,0.00279199,0.000475079,0
1.36106,0.00314383,0.000664814,0
1.36204,0.00297799,0.000539606,0
1.36299,0.00281791,0.000473921,0
1.3641,0.00287728,0.00051788,0
1.36503,0.0030564,0.0006315,0
1.36618,0.00280358,0.00044465,0
1.36709,0.00280417,0.000429207,0
1.36803,0.00315092,0.000612206,0
1.369,0.00315428,0.000616765,0
1.37005,0.00297795,0.000487472,0
1.37101,0.00302784,0.000660296,0
1.37198,0.0034459,0.000918274,0
1.37301,0.00325912,0.000777643,0
1.37422,0.00325465,0.000733801,0
1.37508,0.00324251,0.000699305,0
1.37602,0.00312902,0.000651628,0
1.37701,0.00310125,0.000617867,0
1.37801,0.00301671,0.000509431,0
1.37901,0.0030012,0.000474801,0
1.38012,0.00298917,0.000436784,0
1.3811,0.00303622,0.000466064,0
1.38204,0.00321353,0.000553565,0
1.38311,0.00310815,0.000410309,0
1.38403,0.00293616,0.000307825,0
1.38508,0.00299829,0.000396063,0
1.38603,0.00294889,0.00030695,0
1.38707,0.00277096,0.00021925,0
1.38803,0.00293577,0.000298888,0
1.38903,0.00289013,0.000218413,0
1.39015,0.00271475,0.000119937,0
1.39104,0.00288108,0.000216795,0
1.39221,0.00283768,0.000128026,0
1.39302,0.00283768,0.000128026,0
1.39414,0.00260805,4.60077e-05,0
1.3952,0.00262009,1.57777e-05,0
1.39631,0.00281747,0.000105212,0
1.39722,0.00282126,9.72674e-05,0
1.39816,0.00282459,0.000101907,0
1.399,0.00277256,3.24796e-05,0
1.40008,0.00277589,3.71106e-05,0
1.40114,0.00255763,0.000114203,0
1.40206,0.0027058,5.20438e-05,0
1.40308,0.00268194,8.95285e-05,0
1.40423,0.00268528,8.49136e-05,0
1.40508,0.00236543,0.000221105,0
1.40612,0.0023644,0.000195158,0
1.40705,0.00248995,0.000164188,0
1.40804,0.00253428,0.000144176,0
1.40902,0.00244858,0.000219073,0
1.41005,0.00223016,0.000367063,0
1.41099,0.00220578,0.00038824,0
1.41208,0.00218336,0.000422601,0
1.41303,0.00236365,0.000322256,0
1.414,0.00214648,0.000463733,0
1.41503,0.00212577,0.00048074,0
1.41603,0.00210883,0.000507078,0
1.417,0.00199047,0.000520137,0
1.41801,0.00196043,0.000546442,0
1.41901,0.00193591,0.000565542,0
1.42004,0.00211753,0.00048197,0
1.42107,0.00211753,0.00048197,0
1.42202,0.00223431,0.000475708,0
1.42305,0.00186741,0.000653334,0
1.424,0.00184355,0.0006785,0
1.425,0.00182215,0.000694137,0
1.42608,0.00180675,0.000718889,0
1.42703,0.00178849,0.000732936,0
1.42804,0.00167645,0.000752067,0
1.42904,0.00164514,0.000766013,0
1.43002,0.00157126,0.000847053,0
1.43103,0.0016087,0.000810174,0
1.43203,0.00153798,0.000885452,0
1.43302,0.00152186,0.000900716,0
1.43401,0.00176723,0.000760178,0
1.43505,0.00154593,0.00088191,0
1.43603,0.00147699,0.000949977,0
1.43708,0.00167162,0.000865474,0
1.43803,0.00150581,0.000930973,0
1.439,0.00134484,0.000995152,0
1.44023,0.00157659,0.000848166,0
1.44102,0.00135294,0.000979327,0
1.44202,0.00128353,0.00104719,0
1.44304,0.00126841,0.00107689,0
1.44402,0.00147802,0.000965887,0
1.44502,0.00140269,0.00103813,0
1.44603,0.0014034,0.00105789,0
1.44742,0.00160073,0.000960613,0
1.44811,0.00159225,0.000978725,0
1.44911,0.00137376,0.00109313,0
1.45006,0.00127081,0.00110413,0
1.45099,0.00124529,0.00111324,0
1.452,0.00123172,0.00113605,0
1.45306,0.00121624,0.00114905,0
1.45401,0.00120428,0.00117122,0
1.45503,0.00118945,0.0011828,0
1.45602,0.00117836,0.00120405,0
1.45722,0.00137372,0.00111215,0
1.45807,0.00136306,0.00113236,0
1.45942,0.00114061,0.00124563,0
1.46013,0.00135372,0.0011389,0
1.4611,0.00138975,0.00111176,0
1.46199,0.00111544,0.00127475,0
1.4632,0.00136611,0.00114399,0
1.46408,0.00130129,0.00120509,0
1.46515,0.00129325,0.00122707,0
1.46604,0.00128044,0.00123697,0
1.46701,0.00127183,0.00125563,0
1.46803,0.00104999,0.00136742,0
1.46901,0.00103891,0.00137781,0
1.47006,0.00102659,0.00140048,0
1.47105,0.00124156,0.00129631,0
1.47204,0.00110958,0.00141536,0
1.47303,0.000883885,0.00146161,0
1.47416,0.000987853,0.00143192,0
1.47501,0.000990998,0.00142709,0
1.476,0.000942777,0.00149613,0
1.47702,0.000932185,0.00150553,0
1.47804,0.000932185,0.00150553,0
1.47901,0.00101548,0.00153233,0
1.48006,0.00101881,0.0015371,0
1.48102,0.00101881,0.0015371,0
1.48204,0.00111088,0.0015614,0
1.48313,0.00110984,0.00156895,0
1.484,0.00110149,0.00157199,0
1.48502,0.00122713,0.00146738,0
1.48601,0.00113183,0.00152771,0
1.48701,0.00113183,0.00152771,0
1.48808,0.00110978,0.001552,0
1.48901,0.00132837,0.00146895,0
1.49001,0.00131513,0.00147867,0
1.49105,0.0011031,0.00156829,0
1.49203,0.0011031,0.00156829,0
1.49307,0.000879555,0.00167835,0
1.49402,0.000879555,0.00167835,0
1.49502,0.00102919,0.00164153,0
1.49605,0.00101989,0.00165891,0
1.49701,0.00123063,0.00164231,0
1.49812,0.00124628,0.00165615,0
1.49908,0.00124628,0.00165615,0
1.50002,0.00113608,0.00164812,0
1.50106,0.0011212,0.0016532,0
1.50202,0.00110855,0.00166941,0
1.50304,0.00109313,0.00167676,0
1.50407,0.00109313,0.00167676,0
1.50507,0.00106148,0.00170372,0
1.50602,0.00104484,0.00171448,0
1.50701,0.00102921,0.00173313,0
1.50802,0.00108976,0.0016866,0
1.50901,0.000980271,0.00176167,0
1.51003,0.000833864,0.00180631,0
1.51107,0.000803715,0.0018265,0
1.51223,0.000832348,0.00178696,0
1.51301,0.000760545,0.00185817,0
1.51405,0.000788781,0.00182192,0
1.51504,0.000935003,0.0018059,0
1.51603,0.000826035,0.00187507,0
1.51705,0.000685931,0.00192816,0
1.51803,0.000789861,0.00183252,0
1.51902,0.00066948,0.00190808,0
1.52008,0.000524692,0.00195464,0
1.52213,0.000487201,0.00198293,0
1.52222,0.000810693,0.00188206,0
1.52332,0.000583679,0.00198764,0
1.52424,0.000651476,0.0019457,0
1.52514,0.000745936,0.00194248,0
1.52602,0.000734546,0.00195275,0
1.52704,0.000734546,0.00195275,0
1.52802,0.000473549,0.00206987,0
1.52937,0.000326311,0.00212066,0
1.53003,0.00043295,0.00202953,0
1.53105,0.000524058,0.00202478,0
1.53209,0.000286114,0.00212472,0
1.53302,0.00013554,0.00218281,0
1.53401,0.000449092,0.00208714,0
1.53518,0.000212107,0.00218701,0
1.53602,0.000212107,0.00218701,0
1.53707,0.000377475,0.00214497,0
1.53813,0.000144071,0.00225062,0
1.53905,0.000221751,0.0022101,0
1.54004,0.0003086,0.0022117,0
1.54106,0.000295496,0.0022272,0
1.54213,0.000143217,0.00232946,0
1.54306,0.000153197,0.0022375,0
1.54412,7.99594e-05,0.00233933,0
1.545,7.99594e-05,0.00233933,0
1.54612,0.00022188,0.00237984,0
1.54701,0.000153216,0.00239769,0
1.54807,0.000153216,0.00239769,0
1.54908,1.1689e-05,0.00236399,0
1.55005,6.44381e-07,0.00239006,0
1.55109,9.41557e-05,0.00237882,0
1.55202,9.08438e-05,0.00237439,0
1.5532,0.000270456,0.00249469,0
1.55402,0.000134413,0.00241333,0
1.5552,0.000164019,0.0024351,0
1.55647,0.000189093,0.00245048,0
1.55715,0.000209467,0.00247695,0
1.55822,0.000232994,0.00249225,0
1.55908,0.000252666,0.00251719,0
1.56019,0.000275266,0.0025314,0
1.56107,0.000294042,0.00255545,0
1.56212,0.00031585,0.00256883,0
1.56305,0.000333926,0.00259214,0
1.56415,0.000333926,0.00259214,0
1.56502,0.00059737,0.00269741,0
1.56601,0.000615763,0.00271232,0
1.56702,0.000705802,0.00269914,0
1.56801,0.000735319,0.00271947,0
1.56903,0.000759593,0.00273487,0
1.57004,0.000814683,0.00280546,0
1.57102,0.000836934,0.0028216,0
1.57202,0.000855346,0.0028433,0
1.573,0.000876771,0.00285435,0
1.57399,0.000894295,0.00287561,0
1.57508,0.000914864,0.00288633,0
1.57603,0.000898447,0.00286447,0
1.5771,0.000952067,0.00291584,0
1.57811,0.000744896,0.00287471,0
1.57903,0.000955112,0.00290779,0
1.58004,0.000847276,0.00287395,0
1.58102,0.00100311,0.00293725,0
1.58203,0.000885005,0.00291082,0
1.58305,0.00104158,0.00297363,0
1.58401,0.00101656,0.00295465,0
1.58506,0.00116498,0.00301782,0
1.58607,0.000968484,0.00297938,0
1.58719,0.0011826,0.00301264,0
1.58824,0.0011826,0.00301264,0
1.58944,0.00098888,0.00298973,0
1.59021,0.00107627,0.00298049,0
1.59111,0.00101308,0.00297658,0
1.59218,0.00101308,0.00297658,0
1.59304,0.00129751,0.00312395,0
1.59403,0.00106856,0.00306004,0
1.59505,0.0013474,0.00315747,0
1.59601,0.00122223,0.00313133,0
1.59707,0.00116182,0.003137,0
1.59826,0.00139625,0.00321058,0
1.59901,0.00133812,0.00314798,0
1.60001,0.00129086,0.00314842,0
1.60101,0.0015254,0.00323285,0
1.60209,0.00163377,0.00325428,0
1.60301,0.00163377,0.00325428,0
1.60403,0.00137726,0.00323038,0
1.6051,0.00138656,0.00326092,0
1.60602,0.00171885,0.00333279,0
1.60708,0.00171561,0.00332819,0
1.60815,0.00143223,0.00328944,0
1.60909,0.00146079,0.00332905,0
1.61015,0.00145753,0.00332484,0
1.61112,0.00180309,0.00341642,0
1.61208,0.00158152,0.00333431,0
1.61304,0.00157829,0.00333011,0
1.61406,0.00159706,0.00335116,0
1.61502,0.00165997,0.00323045,0
1.61603,0.00165674,0.00322619,0
1.61716,0.00184195,0.0033085,0
1.61808,0.00161319,0.00325315,0
1.61922,0.00169984,0.00327283,0
1.62012,0.0017229,0.00329603,0
1.62118,0.00174171,0.00331106,0
1.62205,0.00175947,0.00332602,0
1.62302,0.00174863,0.00332623,0
1.62406,0.00184341,0.00333858,0
1.62502,0.00186912,0.00336298,0
1.62609,0.00211426,0.00342534,0
1.62706,0.00190884,0.00340441,0
1.62803,0.00192981,0.00341758,0
1.62904,0.0019237,0.00342378,0
1.63001,0.00189232,0.00345326,0
1.63102,0.00219237,0.00352822,0
1.63206,0.00219237,0.00352822,0
1.63302,0.00221831,0.00354087,0
1.63404,0.00223733,0.00355451,0
1.63507,0.00220464,0.00360385,0
1.63605,0.00220464,0.00360385,0
1.63703,0.00228341,0.00361582,0
1.63813,0.00231054,0.0036409,0
1.6393,0.00230729,0.00363643,0
1.64008,0.00199383,0.00365558,0
1.64107,0.00222005,0.00370762,0
1.64249,0.00222005,0.00370762,0
1.64309,0.00207499,0.00367768,0
1.64403,0.00200795,0.00368591,0
1.64507,0.00226423,0.00375784,0
1.64604,0.00212418,0.0037212,0
1.64702,0.00212301,0.00371914,0
1.64803,0.00236273,0.00376772,0
1.64902,0.00222181,0.00374452,0
1.65005,0.00218706,0.00375899,0
1.65137,0.00218706,0.00375899,0
1.65202,0.00241697,0.00382535,0
1.65305,0.00250029,0.00382895,0
1.65413,0.00246359,0.00385672,0
1.65508,0.00246359,0.00385672,0
1.65606,0.00249756,0.00389011,0
1.65707,0.0025153,0.00391457,0
1.65817,0.00247511,0.00393371,0
1.65905,0.00248024,0.00394564,0
1.66005,0.00255453,0.00395689,0
1.66103,0.00255453,0.00395689,0
1.6621,0.0025832,0.00396207,0
1.66308,0.00254015,0.00399342,0
1.66403,0.00254976,0.00400379,0
1.665,0.00256349,0.00402398,0
1.66602,0.00256349,0.00402398,0
1.66702,0.00282461,0.00408774,0
1.66799,0.00282461,0.00408774,0
1.66901,0.00262125,0.00408111,0
1.67003,0.00260351,0.00414534,0
1.67161,0.00260351,0.00414534,0
1.67215,0.00255164,0.00419178,0
1.67343,0.00239462,0.00416298,0
1.67404,0.00236636,0.00421472,0
1.67502,0.00237803,0.00423845,0
1.67602,0.00261475,0.00428311,0
1.67703,0.00246617,0.0042581,0
1.67802,0.00246617,0.0042581,0
1.67922,0.00288046,0.00434712,0
1.68002,0.00266968,0.00434153,0
1.68108,0.00250646,0.00434121,0
1.68204,0.00250331,0.0043375,0
1.68305,0.00251473,0.00436329,0
1.68409,0.00256866,0.00432635,0
1.68522,0.00259838,0.00434352,0
1.68624,0.00262526,0.00435803,0
1.68711,0.00264912,0.00438395,0
1.68811,0.00267709,0.00439864,0
1.68908,0.00270205,0.00442322,0
1.68998,0.00273064,0.00443713,0
1.69098,0.00275612,0.0044611,0
1.69202,0.00278523,0.00447444,0
1.69303,0.0028112,0.00449786,0
1.69402,0.00284077,0.00451069,0
1.69501,0.00286718,0.00453366,0
1.69601,0.00292355,0.00449509,0
1.69699,0.00295915,0.00451379,0
1.698,0.0029919,0.00452954,0
1.69904,0.00302117,0.0045565,0
1.70001,0.00305403,0.00457207,0
1.70102,0.00308341,0.00459745,0
1.70203,0.00311599,0.00461199,0
1.70304,0.00314506,0.00463652,0
1.70402,0.00317739,0.00465026,0
1.70502,0.00320624,0.00467404,0
1.70601,0.00326069,0.00463411,0
1.70706,0.0032978,0.00465317,0
1.70807,0.00333208,0.00466928,0
1.70899,0.00336269,0.00469657,0
1.71007,0.0033967,0.00471233,0
1.71103,0.00342704,0.00473788,0
1.71203,0.00345963,0.00475523,0
1.71301,0.00349186,0.0047716,0
1.71405,0.00373621,0.00481258,0
1.71503,0.00355391,0.00480915,0
1.71598,0.00379751,0.00484826,0
1.71703,0.00382956,0.00486033,0
1.71799,0.0036408,0.00486748,0
1.71952,0.00390966,0.00483843,0
1.72003,0.00372887,0.00484149,0
1.721,0.00397945,0.00487018,0
1.72203,0.00400632,0.00489581,0
1.72301,0.00403968,0.00491006,0
1.72399,0.00406937,0.00493409,0
1.72502,0.00410208,0.00494721,0
1.72603,0.00413112,0.00497029,0
1.72708,0.00416326,0.00498251,0
1.72807,0.00419181,0.00500476,0
1.72899,0.00422351,0.00501622,0
1.73001,0.00426359,0.00497992,0
1.73103,0.00430233,0.00498613,0
1.73202,0.00433219,0.00501061,0
1.73305,0.00436513,0.00502545,0
1.73403,0.00439469,0.00504964,0
1.73506,0.0044273,0.00506275,0
1.73603,0.00446361,0.00510905,0
1.73704,0.00449894,0.00512449,0
1.73803,0.0045297,0.00514576,0
1.73904,0.00457096,0.00509647,0
1.74008,0.00460787,0.00511249,0
1.74099,0.00464258,0.00512722,0
1.74205,0.00467355,0.00515194,0
1.74303,0.00470761,0.00516497,0
1.74402,0.00473783,0.00518783,0
1.74503,0.00477013,0.00520244,0
1.746,0.00480192,0.00521608,0
1.74701,0.0048308,0.00523768,0
1.74812,0.00486271,0.00524818,0
1.74901,0.00489095,0.00526879,0
1.75005,0.00471734,0.00521537,0
1.75098,0.00495418,0.00527387,0
1.75203,0.00498043,0.0052463,0
1.75302,0.005015,0.00526447,0
1.75402,0.00504735,0.00527677,0
1.75504,0.00507607,0.00529947,0
1.75602,0.00510794,0.00531089,0
1.75704,0.00493057,0.00533401,0
1.75803,0.00516797,0.00538723,0
1.75898,0.00518433,0.00536411,0
1.76003,0.00501553,0.00537116,0
1.76103,0.00525054,0.00543381,0
1.76205,0.00526768,0.00539867,0
1.76304,0.00509229,0.0053522,0
1.76402,0.00533774,0.00539839,0
1.76503,0.00535107,0.00537658,0
1.76607,0.00518502,0.00538927,0
1.76703,0.00542423,0.00545313,0
1.76799,0.00543887,0.00541865,0
1.76904,0.00526983,0.00544122,0
1.77003,0.00551329,0.00549344,0
1.77101,0.00552198,0.00546697,0
1.77206,0.00535659,0.0054792,0
1.77308,0.00559775,0.00554101,0
1.77404,0.00540624,0.00551097,0
1.77503,0.00565312,0.0055675,0
1.77607,0.00565081,0.00545829,0
1.77703,0.00548809,0.00547644,0
1.77801,0.0055354,0.00554357,0
1.77902,0.00575772,0.00554991,0
1.78002,0.00556679,0.00552765,0
1.7811,0.00562436,0.00558929,0
1.78223,0.00564038,0.00561165,0
1.7832,0.00584018,0.00559667,0
1.78403,0.00570454,0.00563273,0
1.78511,0.00592553,0.00563041,0
1.78607,0.00573178,0.00560631,0
1.787,0.00577547,0.00559693,0
1.78801,0.00599689,0.00559735,0
1.78899,0.00580675,0.00556677,0
1.78999,0.00586583,0.00564072,0
1.79108,0.00589067,0.00565449,0
1.79206,0.00591749,0.00567433,0
1.79348,0.00591749,0.00567433,0
1.79401,0.00597281,0.00569954,0
1.79513,0.00598548,0.0056387,0
1.796,0.00603265,0.00571841,0
1.79706,0.00603925,0.00566319,0
1.79803,0.0060684,0.00567762,0
1.79906,0.00627085,0.00560913,0
1.80024,0.00614034,0.0057059,0
1.80148,0.00616701,0.00572037,0
1.80204,0.00616449,0.00571779,0
1.80327,0.0063859,0.0057172,0
1.80435,0.00625082,0.00576419,0
1.80509,0.00625082,0.00576419,0
1.80629,0.00670226,0.00574127,0
1.80701,0.0063051,0.00573852,0
1.80826,0.00635413,0.00574584,0
1.809,0.00635168,0.00574334,0
1.81002,0.00635168,0.00574334,0
1.81106,0.00660086,0.0057442,0
1.81206,0.00642974,0.0057914,0
1.81301,0.00642974,0.0057914,0
1.81401,0.00668144,0.00579557,0
1.81525,0.0067179,0.00580753,0
1.81606,0.00674907,0.00582543,0
1.81709,0.00675317,0.00575775,0
1.81818,0.00659842,0.00579597,0
1.81909,0.00667743,0.00587249,0
1.82017,0.00671306,0.00588585,0
1.82108,0.00691239,0.00586912,0
1.82207,0.00689296,0.0058201,0
1.82304,0.00693023,0.00582223,0
1.82402,0.00696193,0.00584165,0
1.82508,0.00699655,0.00585043,0
1.82602,0.00702773,0.00586879,0
1.82718,0.00687669,0.00590736,0
1.82801,0.00714291,0.00596305,0
1.82899,0.00708068,0.00582513,0
1.83,0.00693091,0.00586051,0
1.83104,0.00716573,0.00583057,0
1.83202,0.00717478,0.0058548,0
1.83303,0.00702779,0.00590163,0
1.83415,0.00729644,0.00595729,0
1.83508,0.00726698,0.00589605,0
1.83602,0.00711748,0.00594168,0
1.83702,0.00720777,0.00602313,0
1.83803,0.00754245,0.00590075,0
1.83906,0.0073964,0.00593597,0
1.84012,0.00730212,0.0060619,0
1.84105,0.00728192,0.0059916,0
1.842,0.00724755,0.00592048,0
1.84317,0.00730662,0.00592092,0
1.84423,0.00721172,0.00604607,0
1.84515,0.00754823,0.00589983,0
1.84612,0.00754823,0.00589983,0
1.84703,0.00739108,0.00597043,0
1.84822,0.0073889,0.00596839,0
1.84901,0.00749698,0.00607074,0
1.85006,0.00752798,0.00607577,0
1.85103,0.00755605,0.00608907,0
1.85202,0.00753913,0.00601119,0
1.85304,0.0075676,0.00601749,0
1.85404,0.00756549,0.00601553,0
1.85513,0.0077367,0.00592015,0
1.85639,0.00755564,0.0059602,0
1.8572,0.00766681,0.00604219,0
1.85813,0.00769349,0.00606402,0
1.85899,0.00790431,0.00602697,0
1.86009,0.00792927,0.00604069,0
1.86109,0.00796069,0.00604454,0
1.86205,0.00798888,0.00605851,0
1.86302,0.00802025,0.00606193,0
1.8641,0.00805437,0.00607814,0
1.86501,0.00787647,0.00612166,0
1.86602,0.00787647,0.00612166,0
1.86705,0.00807986,0.00607842,0
1.86812,0.0080845,0.00609226,0
1.86907,0.00818557,0.00618604,0
1.87027,0.0080089,0.00623091,0
1.87104,0.00823603,0.00620412,0
1.87201,0.00823603,0.00620412,0
1.8733,0.0083395,0.00629921,0
1.87403,0.00811374,0.00648881,0
1.87504,0.00816278,0.006502,0
1.87604,0.00816278,0.006502,0
1.87707,0.00852699,0.00639284,0
1.87801,0.00846365,0.00630667,0
1.87907,0.00863231,0.0062538,0
1.88002,0.00863231,0.0062538,0
1.88101,0.00871895,0.00632642,0
1.88199,0.00854787,0.00638704,0
1.88314,0.00854787,0.00638704,0
1.88404,0.0087096,0.00648217,0
1.88501,0.00873459,0.00648044,0
1.88604,0.00876123,0.00648283,0
1.88701,0.00879181,0.00647537,0
1.888,0.00874878,0.00638799,0
1.88907,0.00874422,0.00636671,0
1.89005,0.00861784,0.00642535,0
1.89101,0.00861784,0.00642535,0
1.89213,0.00896626,0.00647171,0
1.89308,0.00882785,0.00630175,0
1.89402,0.00882675,0.00651349,0
1.89511,0.00882675,0.00651349,0
1.89603,0.00888693,0.00653256,0
1.89709,0.00888693,0.00653256,0
1.89813,0.00891394,0.00653521,0
1.89907,0.00900336,0.00654177,0
1.90002,0.00892112,0.00643391,0
1.901,0.00910647,0.00637121,0
1.90204,0.0090339,0.0062719,0
1.90315,0.00887001,0.00633075,0
1.90404,0.00907146,0.00643895,0
1.90533,0.00923066,0.00637611,0
1.90604,0.00910715,0.00644426,0
1.90704,0.00910552,0.00644298,0
1.90802,0.00913185,0.00645612,0
1.90919,0.00916465,0.00645438,0
1.91012,0.00919264,0.00646069,0
1.91102,0.00922356,0.006457,0
1.91203,0.00925131,0.00646356,0
1.91304,0.00920331,0.00636893,0
1.91425,0.00922757,0.00636705,0
1.91502,0.0092586,0.00636548,0
1.91615,0.00928675,0.00637534,0
1.91716,0.00931817,0.00637428,0
1.91805,0.00934652,0.00638319,0
1.91904,0.00937789,0.00638165,0
1.92002,0.00940615,0.00639016,0
1.92105,0.00943743,0.00638823,0
1.92206,0.00938229,0.00630433,0
1.92303,0.00940936,0.00629356,0
1.92414,0.00943758,0.00630357,0
1.92538,0.00943758,0.00630357,0
1.92601,0.00964713,0.00623818,0
1.92704,0.00967519,0.00624792,0
1.92823,0.00970626,0.00624694,0
1.92902,0.00973732,0.0062564,0
1.93008,0.00976706,0.00625586,0
1.93103,0.00976519,0.00625442,0
1.93214,0.00966404,0.00615892,0
1.933,0.00974052,0.00616427,0
1.93422,0.00981593,0.0062567,0
1.93509,0.00981409,0.00625532,0
1.93601,0.00985904,0.00626996,0
1.93705,0.00989276,0.0062793,0
1.93801,0.0100627,0.00638241,0
1.93905,0.0100887,0.00639442,0
1.94003,0.0101193,0.00638895,0
1.94104,0.010003,0.00646842,0
1.94202,0.0101731,0.00638449,0
1.94305,0.0101033,0.00648016,0
1.94403,0.00998251,0.00635857,0
1.94503,0.00991367,0.00644979,0
1.94602,0.0104033,0.00647423,0
1.94702,0.0104033,0.00647423,0
1.94808,0.0101754,0.00625345,0
1.94902,0.0102102,0.00626245,0
1.95003,0.0101088,0.00634234,0
1.95105,0.0104231,0.00638034,0
1.95199,0.0105013,0.00639644,0
1.95301,0.0102378,0.00636651,0
1.95404,0.0103997,0.00627038,0
1.9551,0.0104747,0.00629156,0
1.95602,0.0102063,0.00625108,0
1.95705,0.0104649,0.00626347,0
1.95805,0.010348,0.00615769,0
1.95903,0.010293,0.00625865,0
1.95997,0.0105526,0.00626375,0
1.96105,0.0104341,0.00616891,0
1.96203,0.0103322,0.00624344,0
1.96304,0.0105191,0.00636539,0
1.96404,0.0105495,0.00637186,0
1.96512,0.0104223,0.0062533,0
1.96605,0.0105032,0.00627016,0
1.9671,0.0107091,0.0061923,0
1.96804,0.0105157,0.00606246,0
1.96903,0.0105776,0.00625844,0
1.97004,0.0106031,0.00627099,0
1.97098,0.0106031,0.00627099,0
1.97202,0.0108862,0.00608855,0
1.97303,0.0107841,0.00618252,0
1.97414,0.0105216,0.00615066,0
1.97506,0.0107417,0.00626975,0
1.97606,0.0107318,0.00606815,0
1.97706,0.0106035,0.00615836,0
1.97799,0.0108,0.00626512,0
1.97905,0.0108394,0.00608554,0
1.98006,0.0105679,0.00604559,0
1.98111,0.0107632,0.00616432,0
1.98213,0.0107932,0.00616852,0
1.98305,0.0108192,0.00617587,0
1.9841,0.010846,0.00617048,0
1.9853,0.0108698,0.00617525,0
1.98615,0.0108965,0.00616987,0
1.98711,0.0109205,0.00617436,0
1.98818,0.0109473,0.00616867,0
1.98908,0.0109713,0.00617285,0
1.9901,0.011002,0.00597067,0
1.99103,0.0108972,0.0060613,0
1.99217,0.0110427,0.00595983,0
1.99302,0.0109477,0.00606346,0
1.99413,0.0109747,0.00605944,0
1.99506,0.0111141,0.0059666,0
1.99602,0.0111408,0.00596173,0
1.99716,0.0111647,0.00596664,0
1.99799,0.0111635,0.00596608,0
1.99903,0.0111022,0.00606596,0
2.00005,0.0111214,0.00585946,0
2.00104,0.0112045,0.00607563,0
2.0021,0.0111606,0.00585394,0
2.00307,0.0111606,0.00585394,0
2.00402,0.0110934,0.0059513,0
2.00505,0.0112049,0.0058492,0
2.00599,0.0114397,0.0059748,0
2.007,0.0112805,0.00585365,0
2.00804,0.0110683,0.00585312,0
2.00902,0.0111917,0.00573321,0
2.01008,0.0112969,0.00596641,0
2.01102,0.0113673,0.00584396,0
2.01199,0.0114598,0.00587173,0
2.01302,0.0111806,0.00584403,0
2.01403,0.0111999,0.00584177,0
2.01505,0.0112682,0.00571155,0
2.01606,0.0113681,0.00574371,0
2.01704,0.0113908,0.00573679,0
2.018,0.0113148,0.00585048,0
2.01909,0.0115109,0.00575988,0
2.02003,0.0112637,0.00561525,0
2.02136,0.0111927,0.00571637,0
2.02203,0.0113904,0.0056381,0
2.02311,0.0113904,0.0056381,0
2.02407,0.011274,0.00573346,0
2.0251,0.0116037,0.00574061,0
2.02607,0.0115023,0.00585017,0
2.02701,0.0113349,0.00573791,0
2.02805,0.0116786,0.00574286,0
2.02904,0.0115164,0.00562398,0
2.03001,0.01144,0.00573175,0
2.03102,0.0116389,0.00563995,0
2.03203,0.0114554,0.00551706,0
2.03299,0.0113842,0.00561882,0
2.03403,0.0117121,0.00563963,0
2.03509,0.0115411,0.00551884,0
2.036,0.0115411,0.00551884,0
2.03704,0.011466,0.00562932,0
2.03808,0.0117042,0.00575284,0
2.03902,0.0118033,0.00578791,0
2.04015,0.0117491,0.00575439,0
2.04109,0.0117756,0.00575884,0
2.04208,0.0117972,0.0057499,0
2.04312,0.0118185,0.00575154,0
2.04419,0.0117038,0.00563961,0
2.04503,0.0117126,0.005631,0
2.04603,0.0117353,0.00562664,0
2.04712,0.0117582,0.00562279,0
2.04809,0.0117791,0.00562631,0
2.04903,0.0118029,0.00561967,0
2.05004,0.011824,0.00562262,0
2.05107,0.0118479,0.00561565,0
2.05203,0.0119556,0.00549944,0
2.05301,0.0118931,0.00561096,0
2.05403,0.0119142,0.00561323,0
2.055,0.0117953,0.00550152,0
2.05641,0.0118032,0.00549327,0
2.057,0.0118262,0.0054867,0
2.05799,0.0118466,0.00549087,0
2.05917,0.0118698,0.00548476,0
2.06002,0.0118905,0.00548813,0
2.06101,0.011914,0.00548162,0
2.06201,0.0119348,0.0054846,0
2.06307,0.0119583,0.00547771,0
2.06398,0.0119791,0.0054803,0
2.06501,0.0120026,0.00547304,0
2.06602,0.0118767,0.00537087,0
2.06704,0.0118862,0.00535301,0
2.06816,0.011906,0.00535617,0
2.06905,0.0119286,0.0053507,0
2.07005,0.0119487,0.00535431,0
2.07106,0.0119715,0.00534804,0
2.072,0.0119918,0.00535122,0
2.07302,0.0120148,0.00534457,0
2.07402,0.0120351,0.00534735,0
2.07501,0.0120581,0.0053403,0
2.07603,0.0120784,0.00534269,0
2.07701,0.0121014,0.00533527,0
2.07806,0.011971,0.00523262,0
2.07903,0.0119792,0.00521451,0
2.08007,0.0119984,0.00521739,0
2.08106,0.0120203,0.00521167,0
2.08206,0.0120396,0.00521499,0
2.08302,0.0120618,0.00520849,0
2.08399,0.0120814,0.0052114,0
2.08498,0.0121036,0.00520451,0
2.08601,0.0121232,0.00520703,0
2.08704,0.0121448,0.00520235,0
2.08802,0.0121664,0.00519689,0
2.08905,0.0121859,0.00519902,0
2.09002,0.0120538,0.00508635,0
2.09109,0.0120578,0.00507752,0
2.0921,0.0120788,0.00507051,0
2.09301,0.0120972,0.00507403,0
2.09401,0.0121183,0.00506748,0
2.09503,0.0121369,0.00507024,0
2.09598,0.0121582,0.0050633,0
2.09702,0.012177,0.00506567,0
2.09807,0.0121983,0.00505835,0
2.099,0.0122171,0.00506034,0
2.10001,0.0122384,0.00505265,0
2.10105,0.0120997,0.00494938,0
2.10205,0.0121049,0.0049309,0
2.10303,0.0121223,0.00493325,0
2.10403,0.0121425,0.00492711,0
2.10504,0.0121601,0.00492991,0
2.10605,0.0121805,0.00492304,0
2.10703,0.0121984,0.00492544,0
2.10798,0.0122189,0.00491822,0
2.10903,0.0122368,0.00492025,0
2.11007,0.0122574,0.00491265,0
2.11102,0.0122753,0.0049143,0
2.11201,0.0122957,0.00490634,0
2.11316,0.0123136,0.00490763,0
2.11404,0.0122238,0.00465505,0
2.11502,0.0122242,0.00464518,0
2.11599,0.0122425,0.00463725,0
2.11707,0.0122093,0.00478,0
2.11804,0.0122284,0.00477284,0
2.11901,0.012245,0.00477488,0
2.12005,0.0123116,0.00462615,0
2.12105,0.0123277,0.00462754,0
2.12208,0.0123464,0.00461935,0
2.12317,0.0121994,0.00451477,0
2.12399,0.0122013,0.00449667,0
2.12529,0.0121718,0.00464107,0
2.12692,0.0121718,0.00464107,0
2.12702,0.0124663,0.00477266,0
2.12813,0.0122289,0.00463564,0
2.12901,0.0123317,0.00465841,0
2.13027,0.0123753,0.00451679,0
2.13143,0.0121646,0.00459224,0
2.13217,0.0123238,0.00446939,0
2.13312,0.0120309,0.00446871,0
2.13413,0.0123472,0.00445619,0
2.13513,0.0121152,0.00432301,0
2.13603,0.0120838,0.00446294,0
2.13705,0.0124131,0.0044486,0
2.13803,0.0121767,0.00432372,0
2.13905,0.0124566,0.0044466,0
2.14009,0.0122158,0.00431904,0
2.14117,0.0122158,0.00431904,0
2.14205,0.0124796,0.00459079,0
2.1431,0.0125451,0.00444402,0
2.14415,0.0120844,0.00434827,0
2.14532,0.0123838,0.0043112,0
2.1461,0.0121058,0.00433349,0
2.14707,0.0123849,0.00445561,0
2.14803,0.0124077,0.00446406,0
2.14909,0.0124947,0.00463743,0
2.15007,0.0124687,0.00478455,0
2.15108,0.0125846,0.00480557,0
2.15201,0.0127051,0.00420653,0
2.1531,0.01278,0.00438427,0
2.15403,0.012802,0.00458485,0
2.15506,0.0121173,0.00405307,0
2.15599,0.0125091,0.00440892,0
2.1574,0.0120579,0.00433028,0
2.15804,0.0125159,0.00439238,0
2.15905,0.0122781,0.00427353,0
2.16001,0.0123632,0.00444262,0
2.16113,0.0123991,0.00429034,0
2.16202,0.0125201,0.00431385,0
2.16299,0.0124042,0.00427271,0
2.16407,0.0122832,0.00438093,0
2.16501,0.0124385,0.00426559,0
2.16601,0.0123284,0.0042159,0
2.16702,0.0122007,0.00396097,0
2.16804,0.012178,0.00409634,0
2.16904,0.0121933,0.00409667,0
2.17002,0.0122116,0.00409191,0
2.17103,0.0122268,0.0040941,0
2.17201,0.0122618,0.00393082,0
2.17304,0.0122773,0.00393226,0
2.17398,0.0122925,0.00392421,0
2.17502,0.0122905,0.00408199,0
2.17605,0.0123222,0.0039166,0
2.17708,0.0123354,0.003917,0
2.17799,0.0123502,0.00391054,0
2.17904,0.0123513,0.00406123,0
2.18002,0.0121913,0.00395841,0
2.18107,0.012199,0.00377999,0
2.18202,0.0121989,0.00393888,0
2.18298,0.0122231,0.00377188,0
2.18399,0.0122332,0.00377229,0
2.18499,0.0122457,0.00376347,0
2.186,0.0122558,0.00376353,0
2.18699,0.0122682,0.00375437,0
2.18801,0.0122782,0.00375408,0
2.18901,0.0122905,0.00374458,0
2.19004,0.0123002,0.00374393,0
2.19116,0.0121381,0.00363171,0
2.192,0.0121263,0.00361862,0
2.19322,0.0121307,0.00377237,0
2.19407,0.012132,0.00393469,0
2.19513,0.0123565,0.00360582,0
2.19646,0.0123565,0.00360582,0
2.19715,0.0122467,0.00362648,0
2.19812,0.0115673,0.00321667,0
2.19904,0.0114816,0.00329853,0
2.20012,0.0112487,0.00316672,0
2.20105,0.011551,0.00310793,0
2.202,0.0115837,0.00327836,0
2.20303,0.0114876,0.00322024,0
2.20406,0.0115085,0.00305434,0
2.20499,0.0115085,0.00305434,0
2.20607,0.0115611,0.00319844,0
2.20705,0.0116056,0.00302834,0
2.20801,0.0113605,0.00307101,0
2.20898,0.0116556,0.00317111,0
2.21024,0.0116578,0.00317309,0
2.21135,0.0116919,0.0030167,0
2.21222,0.0115851,0.00307226,0
2.21329,0.0116197,0.00306327,0
2.2143,0.0116155,0.00289857,0
2.21512,0.0113599,0.00294269,0
2.2161,0.0116719,0.00288419,0
2.217,0.0114186,0.0029114,0
2.21804,0.0117053,0.0030277,0
2.21898,0.0117289,0.00285159,0
2.22002,0.0113271,0.00281606,0
2.221,0.0116061,0.00290703,0
2.22215,0.0116192,0.00274674,0
2.22303,0.0113472,0.00260545,0
2.22403,0.0116397,0.00288926,0
2.22507,0.0116568,0.0027136,0
2.22602,0.0113946,0.00275967,0
2.22702,0.0116819,0.00285812,0
2.22808,0.0116901,0.00269615,0
2.22902,0.0114181,0.0025553,0
2.23002,0.0114288,0.00271667,0
2.23104,0.0117315,0.00282481,0
2.23208,0.011755,0.00283236,0
2.23303,0.0114803,0.00269245,0
2.23402,0.0116231,0.0027274,0
2.23506,0.0116195,0.00253997,0
2.236,0.0113311,0.0024143,0
2.23704,0.0116345,0.00268345,0
2.23802,0.0116372,0.00268558,0
2.23903,0.011635,0.00252127,0
2.24,0.0113731,0.00255315,0
2.24106,0.011673,0.00265606,0
2.24201,0.0116787,0.00265596,0
2.24303,0.0116815,0.00265815,0
2.24409,0.0116886,0.00263904,0
2.24508,0.0116916,0.00263714,0
2.24626,0.0116987,0.00261827,0
2.24724,0.0115616,0.0025391,0
2.24834,0.0115521,0.00251113,0
2.24902,0.0115269,0.00233501,0
2.25005,0.0115534,0.00249117,0
2.25104,0.0116757,0.00236049,0
2.25199,0.0117043,0.00251529,0
2.25302,0.0115127,0.00229032,0
2.25402,0.0115399,0.00244587,0
2.25501,0.0115372,0.00244379,0
2.25601,0.011512,0.00224987,0
2.25707,0.0113739,0.00217228,0
2.25804,0.0113619,0.00214502,0
2.25924,0.0113612,0.0021441,0
2.26007,0.0113612,0.00212645,0
2.26108,0.0113579,0.00212573,0
2.26202,0.0112037,0.00206276,0
2.26306,0.0113628,0.00210928,0
2.264,0.0112283,0.00201598,0
2.26498,0.011055,0.00196176,0
2.26603,0.0110936,0.00212493,0
2.26702,0.0112813,0.00208378,0
2.26806,0.011118,0.00199467,0
2.26902,0.0111727,0.00201708,0
2.27005,0.0112406,0.00202979,0
2.271,0.0113343,0.00223341,0
2.27199,0.0116571,0.00219016,0
2.27305,0.0114098,0.00209061,0
2.27406,0.011428,0.00208442,0
2.27502,0.0112943,0.00200752,0
2.27606,0.0112982,0.00200076,0
2.277,0.011319,0.0020154,0
2.278,0.0114751,0.00205442,0
2.27903,0.0113393,0.00202063,0
2.28003,0.0113497,0.00203097,0
2.28099,0.0113603,0.00203072,0
2.28203,0.0113673,0.00203936,0
2.283,0.0113736,0.00203768,0
2.28399,0.0113743,0.00204416,0
2.28502,0.011381,0.00204182,0
2.28602,0.0113846,0.00204792,0
2.28702,0.0112167,0.00195059,0
2.28801,0.0111896,0.00194413,0
2.28904,0.0111477,0.00192513,0
2.29002,0.0115186,0.00191867,0
2.29107,0.0112478,0.00183808,0
2.29206,0.0111177,0.00180773,0
2.29302,0.0110062,0.00176984,0
2.29399,0.0108964,0.00174342,0
2.29502,0.0107984,0.00171167,0
2.29601,0.0107072,0.00169124,0
2.29702,0.010626,0.00166469,0
2.29803,0.01055,0.00164886,0
2.29901,0.0104831,0.00162663,0
2.3,0.0102497,0.00152213,0
2.30101,0.0101733,0.00149383,0
2.30202,0.0101231,0.00148733,0
2.303,0.0100772,0.00147312,0
2.30402,0.0100336,0.00146813,0
2.30502,0.00999652,0.00145596,0
2.30598,0.00996146,0.00145314,0
2.30703,0.00993224,0.00144297,0
2.30799,0.010031,0.00147269,0
2.30897,0.00999546,0.00146086,0
2.31001,0.0100932,0.00148985,0
2.31105,0.00979856,0.00141343,0
2.31202,0.00978821,0.00141553,0
2.31299,0.00977727,0.00140986,0
2.31401,0.00959994,0.00132279,0
2.31503,0.00957197,0.00130856,0
2.31601,0.0095661,0.00131446,0
2.31705,0.00956104,0.00131161,0
2.31802,0.00955494,0.00131684,0
2.31904,0.00955239,0.00131401,0
2.32002,0.00954905,0.00131955,0
2.32102,0.00967337,0.0013483,0
2.32205,0.0096612,0.00135129,0
2.32318,0.00952197,0.00131187,0
2.32408,0.00991416,0.00207353,0
2.32502,0.00954608,0.00250847,0
2.32602,0.00949218,0.00252856,0
2.32701,0.00949179,0.00254392,0
2.32801,0.00948565,0.00256833,0
2.32901,0.0095427,0.00277106,0
2.33004,0.0097698,0.00275512,0
2.33104,0.00948469,0.00262481,0
2.33201,0.00948469,0.00262481,0
2.33305,0.00946333,0.00264488,0
2.3341,0.00958118,0.00262562,0
2.33502,0.00957244,0.00264398,0
2.336,0.00956923,0.00265163,0
2.33698,0.00938609,0.00248478,0
2.33803,0.00924281,0.00251542,0
2.33905,0.00924823,0.00253574,0
2.34006,0.00936918,0.00251658,0
2.34108,0.00931492,0.00275533,0
2.34213,0.00954938,0.00272636,0
2.34353,0.00954938,0.00272636,0
2.34469,0.00962277,0.00293807,0
2.34545,0.00976136,0.00293015,0
2.34613,0.00969375,0.0027426,0
2.34804,0.00915974,0.00262089,0
2.35036,0.00963064,0.00296473,0
2.35123,0.00960557,0.00256102,0
2.35487,0.00895351,0.00248413,0
2.35664,0.00921968,0.00262352,0
2.35686,0.00921968,0.00262352,0
2.35771,0.00950999,0.00280706,0
2.35847,0.00950999,0.00280706,0
2.36432,0.0102204,0.00295109,0
2.36626,0.00919145,0.00264288,0
2.36777,0.00919556,0.0026459,0
2.36802,0.0092777,0.00284187,0
2.36979,0.0092777,0.00284187,0
2.37049,0.00951298,0.00281842,0
2.37126,0.00962546,0.00279518,0
2.37337,0.0090264,0.00249219,0
2.37655,0.00916664,0.00284454,0
2.37737,0.00893055,0.00226649,0
2.37916,0.00893055,0.00226649,0
2.37946,0.00893055,0.00226649,0
2.3804,0.00843274,0.0019656,0
2.38127,0.00878862,0.00226162,0
2.38226,0.00878862,0.00226162,0
2.38305,0.00887565,0.00211094,0
2.38407,0.00904962,0.00217788,0
2.38501,0.0091812,0.00235779,0
2.38607,0.00924932,0.00218295,0
2.38712,0.00911466,0.00208863,0
2.38823,0.00905016,0.00185512,0
2.38908,0.00890144,0.00169609,0
2.39005,0.00861361,0.00152926,0
2.39103,0.00883157,0.00174107,0
2.39206,0.00874837,0.00152098,0
2.3932,0.0091296,0.00182467,0
2.39466,0.00884457,0.00166767,0
2.39538,0.00884457,0.00166767,0
2.3974,0.00902865,0.00206654,0
2.39846,0.00947211,0.00220677,0
2.40011,0.00915325,0.00203125,0
2.40224,0.00928248,0.00204403,0
2.40303,0.00901993,0.00145758,0
2.40412,0.00901993,0.00145758,0
2.40511,0.00901993,0.00145758,0
2.40627,0.00931182,0.00157307,0
2.40708,0.00931182,0.00157307,0
2.40809,0.00902315,0.00149513,0
2.40907,0.00907131,0.00148948,0
2.41004,0.00907535,0.00149268,0
2.41113,0.00939369,0.00160512,0
2.41216,0.00939369,0.00160512,0
2.41321,0.00918089,0.00134526,0
2.41411,0.00927717,0.00154606,0
2.41505,0.00968827,0.00188512,0
2.41607,0.0100648,0.00203152,0
2.41707,0.010014,0.0018192,0
2.418,0.00963701,0.00176662,0
2.41904,0.00984581,0.00166915,0
2.42021,0.00984581,0.00166915,0
2.42099,0.00987263,0.0016597,0
2.42208,0.00987794,0.00163376,0
2.42302,0.00969816,0.0015513,0
2.42402,0.010033,0.00166944,0
2.42501,0.010033,0.00166944,0
2.42601,0.00962605,0.00131675,0
2.42701,0.00969722,0.0014786,0
2.42804,0.00985022,0.00154589,0
2.42903,0.00985022,0.00154589,0
2.43,0.0100498,0.00159126,0
2.43101,0.00985789,0.00151177,0
2.43202,0.0101892,0.00162898,0
2.43299,0.0101953,0.00161855,0
2.43403,0.0101846,0.00159037,0
2.43499,0.0102649,0.00176932,0
2.43626,0.0103458,0.00194084,0
2.43708,0.0105736,0.001865,0
2.438,0.0100726,0.00161444,0
2.43901,0.0100077,0.00157304,0
2.44005,0.00994496,0.00151857,0
2.4411,0.00991693,0.00149055,0
2.44215,0.0098865,0.00147077,0
2.44301,0.0101562,0.00170964,0
2.44405,0.0101647,0.00156765,0
2.44503,0.00970416,0.00120232,0
2.44606,0.00940888,0.00123342,0
2.44711,0.00959916,0.00113537,0
2.44804,0.00925552,0.000992711,0
2.44898,0.00906068,0.000878703,0
2.45004,0.00901611,0.000857355,0
2.45123,0.00899109,0.000838233,0
2.45202,0.00914037,0.000878317,0
2.45303,0.00910449,0.000856462,0
2.4541,0.00906657,0.000841627,0
2.45501,0.00902772,0.000818156,0
2.45601,0.0089875,0.000803041,0
2.45699,0.00894958,0.000780355,0
2.45803,0.0089066,0.000765818,0
2.45899,0.00898304,0.000949044,0
2.46005,0.00894508,0.000935357,0
2.46106,0.00890934,0.00091407,0
2.46216,0.00875747,0.000695376,0
2.46332,0.00869649,0.000802226,0
2.46402,0.00863964,0.000781141,0
2.46524,0.00848605,0.000557361,0
2.46608,0.00874249,0.000794863,0
2.46703,0.00851977,0.000733616,0
2.46807,0.00848412,0.000714142,0
2.469,0.00844473,0.000702911,0
2.47026,0.00829667,0.000478911,0
2.47109,0.00837564,0.000675476,0
2.47214,0.00834271,0.000658158,0
2.47302,0.00816753,0.000568987,0
2.47427,0.00805788,0.000369186,0
2.47519,0.00796476,0.000331655,0
2.47601,0.0079255,0.00031265,0
2.47699,0.00801094,0.000515119,0
2.47802,0.00817114,0.000414522,0
2.47902,0.00817114,0.000414522,0
2.48001,0.00814927,0.000413981,0
2.48106,0.00780332,0.000275338,0
2.48206,0.00780332,0.000275338,0
2.48305,0.00789004,0.000333206,0
2.48404,0.00789004,0.000333206,0
2.48506,0.0078829,0.000326375,0
2.48599,0.00769153,0.000274656,0
2.48705,0.00767327,0.00026126,0
2.488,0.00795497,0.000377957,0
2.48899,0.00795491,0.000373791,0
2.49006,0.00794466,0.000368868,0
2.49107,0.00794466,0.000368868,0
2.49202,0.00794886,0.000355752,0
2.49302,0.00783022,0.000308189,0
2.49401,0.00831807,0.000406062,0
2.495,0.00832267,0.000409497,0
2.49603,0.0117452,0.000848273,0
2.49701,0.0132996,0.00110426,0
2.49805,0.0139672,0.00116684,0
2.49969,0.014093,0.00114177,0
2.50006,0.0141307,0.00112194,0
2.501,0.0141726,0.00109031,0
2.5021,0.0140986,0.00103052,0
2.50302,0.0142419,0.0010124,0
2.50403,0.0145269,0.00124385,0
2.505,0.0144035,0.00103835,0
2.50609,0.0141115,0.00094649,0
2.50701,0.0142143,0.000937764,0
2.50799,0.0146913,0.00105427,0
2.50904,0.0143646,0.000935964,0
2.51001,0.0136665,0.000784915,0
2.51103,0.0142457,0.00105882,0
2.51204,0.0136932,0.000768028,0
2.51303,0.0136351,0.000768053,0
2.51403,0.0125355,0.000559533,0
2.51503,0.0125214,0.000567399,0
2.51631,0.011871,0.000444035,0
2.51703,0.0115713,0.000397517,0
2.51824,0.0112994,0.0004824,0
2.51899,0.0113269,0.000360629,0
2.52006,0.0113911,0.000381507,0
2.52105,0.0105539,0.000365412,0
2.52201,0.0107251,0.000446168,0
2.52301,0.0103913,0.000212879,0
2.52402,0.00978576,4.85792e-05,0
2.52511,0.00957838,1.46506e-05,0
2.52606,0.00941037,1.32922e-05,0
2.52786,0.00911429,0.000108855,0
2.52809,0.00894373,0.000139595,0
2.52901,0.00894373,0.000139595,0
2.53014,0.00864692,0.000177925,0
2.53101,0.00874033,0.000146343,0
2.53205,0.00874033,0.000146343,0
2.533,0.00822741,0.000233108,0
2.53438,0.00809956,0.000247826,0
2.53502,0.0082139,0.000218398,0
2.53603,0.00786559,0.000277754,0
2.53712,0.00787051,0.000274351,0
2.53802,0.00799615,4.87697e-05,0
2.53908,0.00799615,4.87697e-05,0
2.5401,0.00776951,8.14393e-05,0
2.54103,0.00766925,9.58722e-05,0
2.54234,0.00778082,6.13263e-05,0
2.54302,0.00767549,7.93754e-05,0
2.54404,0.00735282,0.00013751,0
2.545,0.00711529,0.000366146,0
2.54605,0.00726066,0.000151615,0
2.54744,0.00715016,0.000342572,0
2.5482,0.00715016,0.000342572,0
2.54906,0.00658058,0.000315234,0
2.55005,0.00670341,0.000280393,0
2.55105,0.00633102,0.000394674,0
2.55218,0.0065424,0.000297975,0
2.55303,0.0065424,0.000297975,0
2.55405,0.00645462,0.000481219,0
2.55502,0.00653208,0.000277437,0
2.55601,0.00612374,0.000535115,0
2.5572,0.0058928,0.000444079,0
2.55799,0.00611124,0.000347288,0
2.55907,0.0059236,0.000560905,0
2.56004,0.00571329,0.000457122,0
2.56099,0.00571862,0.000453731,0
2.56201,0.00563827,0.000640863,0
2.56307,0.00588538,0.000408279,0
2.56404,0.00539426,0.000727007,0
2.56504,0.0058532,0.000362682,0
2.56617,0.00585706,0.00052379,0
2.567,0.00504256,0.000782917,0
2.5684,0.0050969,0.000590369,0
2.56901,0.0050969,0.000590369,0
2.57005,0.00471537,0.00101799,0
2.57104,0.00496435,0.000598284,0
2.57212,0.0051876,0.000499582,0
2.57305,0.00474886,0.000806518,0
2.57402,0.00467917,0.000817797,0
2.57507,0.00483205,0.000602973,0
2.57603,0.00450393,0.000882083,0
2.57703,0.00450393,0.000882083,0
2.57831,0.00466616,0.00079484,0
2.57903,0.00437886,0.00089051,0
2.58006,0.00446562,0.000686139,0
2.5811,0.0045413,0.000804497,0
2.58204,0.00440416,0.000680964,0
2.58306,0.00440416,0.000680964,0
2.58402,0.00457516,0.000592342,0
2.58501,0.0044428,0.000658777,0
2.58604,0.00423754,0.000877752,0
2.58711,0.0039399,0.000982122,0
2.58808,0.00388602,0.000987388,0
2.58905,0.00385404,0.000990138,0
2.59004,0.00381858,0.000986137,0
2.59103,0.00378507,0.000989855,0
2.59204,0.00374536,0.000989628,0
2.59309,0.00386753,0.000778806,0
2.59414,0.00386753,0.000778806,0
2.59511,0.00398273,0.000743517,0
2.59621,0.00394728,0.000923946,0
2.59706,0.00409683,0.000842726,0
2.59841,0.00425437,0.000628293,0
2.59932,0.00382038,0.000751089,0
2.60012,0.00375944,0.000769656,0
2.60138,0.00358823,0.00083456,0
2.60219,0.00353858,0.000846015,0
2.60331,0.00350019,0.000844025,0
2.60433,0.00346668,0.000847945,0
2.60516,0.00343753,0.000841532,0
2.60627,0.00343753,0.000841532,0
2.60709,0.00340551,0.00084565,0
2.60801,0.00337247,0.000842477,0
2.60902,0.00325062,0.000907409,0
2.61014,0.00320468,0.00091091,0
2.61111,0.00317239,0.000914806,0
2.612,0.00313919,0.000910653,0
2.61319,0.00310838,0.000913912,0
2.614,0.00307668,0.00090992,0
2.61505,0.00304728,0.000913153,0
2.61599,0.00301685,0.00090915,0
2.61703,0.0029886,0.000912388,0
2.61806,0.00295923,0.000908412,0
2.61908,0.00293195,0.000911684,0
2.62004,0.00281612,0.000967436,0
2.62104,0.00277615,0.000977301,0
2.6221,0.00274591,0.000973217,0
2.62303,0.0027179,0.000975577,0
2.62404,0.00268887,0.000970917,0
2.625,0.00266209,0.000973476,0
2.62598,0.00263422,0.000968838,0
2.62703,0.00260845,0.000971423,0
2.62804,0.0025815,0.000966834,0
2.62914,0.00255657,0.000969478,0
2.63014,0.00253037,0.000964962,0
2.63101,0.00250613,0.000967685,0
2.63204,0.00239714,0.00102173,0
2.63298,0.00236051,0.00103096,0
2.63407,0.00233298,0.00102639,0
2.63503,0.00230757,0.00102827,0
2.63604,0.00228104,0.00102317,0
2.63715,0.00225664,0.00102529,0
2.63798,0.00223105,0.00102025,0
2.63911,0.00220747,0.00102242,0
2.64004,0.00218262,0.00101745,0
2.64146,0.0021597,0.00101972,0
2.642,0.00213544,0.00101485,0
2.64312,0.00211305,0.00101722,0
2.64407,0.00200969,0.00106977,0
2.64523,0.00197534,0.00107854,0
2.64609,0.00194953,0.00107364,0
2.64704,0.00192577,0.0010752,0
2.64816,0.00190082,0.00106979,0
2.64903,0.00187795,0.00107161,0
2.65006,0.00185383,0.00106628,0
2.651,0.00183167,0.00106817,0
2.65213,0.00180818,0.00106294,0
2.65314,0.00178658,0.00106494,0
2.65406,0.00176359,0.00105982,0
2.65505,0.00174242,0.00106193,0
2.65603,0.00171982,0.00105693,0
2.65702,0.00158423,0.00111967,0
2.6581,0.00156133,0.00112176,0
2.6591,0.00156651,0.00111865,0
2.66008,0.00163489,0.00109266,0
2.6611,0.00149056,0.00111284,0
2.66201,0.00111079,0.0014039,0
2.66329,0.00127667,0.00119251,0
2.66427,0.00143729,0.00111248,0
2.66528,0.001428,0.00110706,0
2.66618,0.00140777,0.00110052,0
2.66744,0.00138758,0.00110266,0
2.66844,0.00129386,0.00115256,0
2.66915,0.0013481,0.0011336,0
2.67005,0.00139847,0.00107919,0
2.67101,0.00118827,0.00115074,0
2.67209,0.00115535,0.00115931,0
2.67326,0.00125616,0.00112594,0
2.6746,0.00111543,0.00115279,0
2.67508,0.00112055,0.00114972,0
2.67612,0.0010712,0.00114952,0
2.67703,0.0010712,0.00114952,0
2.6782,0.000987917,0.00119509,0
2.67904,0.000768771,0.00140678,0
2.68,0.000729712,0.00127416,0
2.68117,0.000718292,0.00141008,0
2.68204,0.000694004,0.00126408,0
2.68298,0.000841686,0.00119478,0
2.68408,0.000831029,0.0011822,0
2.68507,0.000652303,0.00138928,0
2.68603,0.000455484,0.00145954,0
2.68704,0.000589615,0.00125949,0
2.68808,0.000585238,0.0013833,0
2.689,0.000336977,0.00150715,0
2.69007,0.000294952,0.00151369,0
2.6912,0.000617485,0.00122902,0
2.69202,0.000617485,0.00122902,0
2.69302,0.00041624,0.00128955,0
2.694,0.000555806,0.00121536,0
2.69501,0.000555806,0.00121536,0
2.69617,0.000383816,0.00141612,0
2.69703,0.000503185,0.00120729,0
2.69802,0.000508195,0.0012043,0
2.69906,0.000326309,0.00140458,0
2.7,0.000374108,0.00125512,0
2.70107,0.000379084,0.00125216,0
2.70202,3.70206e-05,0.00166416,0
2.70303,1.14956e-05,0.00152749,0
2.70403,0.000156471,0.00131908,0
2.70503,0.000277963,0.00124277,0
2.70608,0.000359514,0.0012161,0
2.70709,0.000239713,0.00123765,0
2.70836,8.15204e-05,0.00143978,0
2.70905,5.71749e-05,0.00130166,0
2.71028,2.82488e-05,0.00149265,0
2.71108,8.36628e-05,0.00128867,0
2.71203,8.85629e-05,0.00128576,0
2.71308,8.51957e-05,0.00147737,0
2.71413,5.97479e-05,0.00127192,0
2.71527,3.95431e-05,0.00126568,0
2.71617,2.12405e-05,0.0012664,0
2.71705,1.52185e-06,0.00126006,0
2.71813,1.63844e-05,0.0012609,0
2.7191,3.56908e-05,0.0012547,0
2.72025,5.32337e-05,0.00125568,0
2.7211,0.000129043,0.00130017,0
2.7221,0.000155319,0.00130698,0
2.72317,0.00017601,0.00130062,0
2.72411,0.000194773,0.0013007,0
2.72518,0.000214774,0.00129393,0
2.72612,0.00023286,0.00129436,0
2.72714,0.00025228,0.00128775,0
2.72805,0.000269877,0.00128832,0
2.72919,0.000288864,0.00128186,0
2.73005,0.000306077,0.00128259,0
2.73108,0.000324728,0.00127628,0
2.732,0.000395453,0.00132682,0
2.73309,0.000422362,0.00132626,0
2.73412,0.000440927,0.00132683,0
2.73511,0.000460769,0.00131963,0
2.73607,0.000478668,0.00131982,0
2.73715,0.000497855,0.00131299,0
2.7382,0.000515199,0.00131335,0
2.73909,0.000533919,0.00130668,0
2.74027,0.000550847,0.0013072,0
2.74104,0.000620112,0.00134994,0
2.74205,0.000645335,0.00135581,0
2.74305,0.000669908,0.00135177,0
2.74401,0.000846292,0.00155067,0
2.74501,0.000702294,0.0013414,0
2.74603,0.000882631,0.0015433,0
2.74701,0.000738089,0.00133438,0
2.74805,0.000967504,0.00158466,0
2.74901,0.000830378,0.00138153,0
2.75004,0.00101102,0.00158318,0
2.75104,0.0010307,0.00157485,0
2.75202,0.00104794,0.00157424,0
2.75305,0.00106641,0.00156661,0
2.75402,0.000919743,0.00136539,0
2.75503,0.00110049,0.00155905,0
2.75603,0.00111654,0.0015588,0
2.75709,0.00122439,0.00157029,0
2.75806,0.00105701,0.00136661,0
2.7591,0.00110963,0.00149074,0
2.76005,0.00110963,0.00149074,0
2.76106,0.00103652,0.00134292,0
2.76206,0.00112028,0.00152068,0
2.76304,0.00112028,0.00152068,0
2.76412,0.00119032,0.00139316,0
2.7652,0.00125786,0.00152429,0
2.76603,0.00123816,0.00138707,0
2.76719,0.00123362,0.00138435,0
2.76811,0.00113351,0.00132296,0
2.76903,0.00131814,0.00151066,0
2.77002,0.00131814,0.00151066,0
2.77112,0.0014597,0.00157511,0
2.77203,0.00120636,0.00130916,0
2.77308,0.00126487,0.00134902,0
2.77399,0.00126037,0.00134632,0
2.77504,0.00128249,0.00135135,0
2.77603,0.00132191,0.00134691,0
2.77719,0.00133812,0.00134766,0
2.77802,0.00151763,0.00154043,0
2.77904,0.00137164,0.0013423,0
2.78001,0.00136719,0.00133963,0
2.78108,0.00140469,0.00133726,0
2.78216,0.00140026,0.00133459,0
2.78312,0.00141745,0.00132863,0
2.78411,0.00143296,0.00132988,0
2.78509,0.00145001,0.00132408,0
2.78612,0.00150542,0.00137105,0
2.78701,0.00152856,0.00137051,0
2.78818,0.00154538,0.00137147,0
2.7891,0.00156358,0.00136469,0
2.79007,0.00157991,0.00136532,0
2.79145,0.00175862,0.00155713,0
2.79203,0.00172807,0.00141926,0
2.79303,0.00163742,0.00135866,0
2.79411,0.00164602,0.00135344,0
2.79511,0.0016622,0.00134652,0
2.79643,0.00167758,0.00134794,0
2.79704,0.00169447,0.00134213,0
2.79854,0.00170974,0.00134348,0
2.79903,0.00176337,0.0013824,0
2.80064,0.00178415,0.00138889,0
2.80102,0.00164189,0.00118535,0
2.80211,0.00170883,0.00132503,0
2.80333,0.00182995,0.00137153,0
2.80401,0.00185245,0.00137836,0
2.80502,0.00187057,0.0013729,0
2.80598,0.00192134,0.00141763,0
2.80707,0.00194367,0.00141634,0
2.80806,0.0019602,0.00141672,0
2.80909,0.00197806,0.00140938,0
2.81001,0.00199398,0.00140945,0
2.81136,0.00201122,0.00140253,0
2.81199,0.00202664,0.00140282,0
2.81305,0.00204346,0.00139608,0
2.81419,0.00205849,0.00139656,0
2.81503,0.00207495,0.00139,0
2.81607,0.0021226,0.00143405,0
2.81701,0.00214374,0.0014325,0
2.81807,0.00200055,0.00123703,0
2.81907,0.00192263,0.00117779,0
2.82005,0.002186,0.00142011,0
2.821,0.0022086,0.00141888,0
2.82206,0.00222407,0.00141978,0
2.823,0.00224022,0.00141258,0
2.82411,0.00225457,0.0014128,0
2.82506,0.00227436,0.00140848,0
2.82602,0.00244226,0.00160076,0
2.82702,0.0022998,0.00139983,0
2.82806,0.00247115,0.00159422,0
2.82905,0.00226474,0.00138264,0
2.83002,0.00237126,0.00143707,0
2.83104,0.0025508,0.00162984,0
2.83205,0.00256593,0.00163034,0
2.83299,0.0025817,0.00162274,0
2.83402,0.00259975,0.0016252,0
2.83504,0.00261098,0.00161553,0
2.836,0.00262456,0.00161567,0
2.837,0.00266777,0.00165062,0
2.83816,0.00265705,0.00161361,0
2.83906,0.00265705,0.00161361,0
2.83999,0.00255708,0.00145462,0
2.84099,0.00272905,0.00164072,0
2.84199,0.0027428,0.00164011,0
2.84302,0.00275784,0.00163259,0
2.84407,0.00277088,0.00163207,0
2.84513,0.00277088,0.00163207,0
2.84606,0.00279869,0.00162513,0
2.84704,0.00265736,0.00142566,0
2.848,0.00267015,0.00142599,0
2.84906,0.00281441,0.00157032,0
2.85005,0.00276589,0.00155621,0
2.85141,0.00273004,0.00145002,0
2.85208,0.00288112,0.00161231,0
2.85306,0.00283513,0.00159014,0
2.85401,0.00298452,0.00165137,0
2.85503,0.00300631,0.00165044,0
2.85603,0.00286092,0.00145782,0
2.85705,0.00295056,0.00159179,0
2.85807,0.00294671,0.00158938,0
2.85904,0.00299766,0.00162534,0
2.86006,0.00308342,0.00167485,0
2.86107,0.00307959,0.00167245,0
2.86201,0.0031162,0.00167274,0
2.86301,0.00292037,0.00146322,0
2.86405,0.00301041,0.00160496,0
2.86505,0.00286714,0.00140242,0
2.86643,0.0029576,0.00145397,0
2.86775,0.00305424,0.00159309,0
2.86847,0.00280779,0.00121676,0
2.86908,0.00292454,0.00139172,0
2.87001,0.00316018,0.00163104,0
2.87105,0.00323012,0.001639,0
2.87201,0.00324248,0.00163897,0
2.87302,0.00325347,0.0016313,0
2.87405,0.00328351,0.00167065,0
2.87505,0.00329762,0.00166779,0
2.87606,0.00330803,0.00166653,0
2.87703,0.00316874,0.00146923,0
2.87803,0.00328389,0.00165038,0
2.87897,0.00334136,0.0016498,0
2.88,0.00334136,0.0016498,0
2.88102,0.00330135,0.00159621,0
2.88208,0.0032612,0.00158424,0
2.88304,0.00338716,0.00163429,0
2.88412,0.00333588,0.00159192,0
2.88499,0.00314621,0.00138411,0
2.88601,0.00322501,0.00143448,0
2.88707,0.0034532,0.00166624,0
2.888,0.00346738,0.00167085,0
2.88898,0.00346738,0.00167085,0
2.89002,0.0034889,0.00166111,0
2.8911,0.00335139,0.00146591,0
2.89205,0.00346777,0.00164649,0
2.89301,0.00337181,0.00145812,0
2.89399,0.00337181,0.00145812,0
2.89508,0.00354132,0.00163406,0
2.89605,0.0034079,0.00145153,0
2.89701,0.0034079,0.00145153,0
2.89806,0.00365623,0.00177912,0
2.89904,0.00351614,0.00158074,0
2.90003,0.0035992,0.00166497,0
2.90105,0.00341086,0.00143663,0
2.90203,0.00355129,0.00158126,0
2.90303,0.00361816,0.0016142,0
2.90405,0.0036317,0.00162119,0
2.905,0.0036419,0.00161453,0
2.90602,0.00365133,0.00161518,0
2.90697,0.00362257,0.00160218,0
2.90804,0.00366993,0.00160954,0
2.90904,0.00368428,0.00160402,0
2.91003,0.00365409,0.00159855,0
2.91101,0.00370216,0.00159879,0
2.912,0.00372761,0.00163762,0
2.91306,0.00373929,0.0016356,0
2.91412,0.00374882,0.00163551,0
2.91498,0.00361486,0.0014435,0
2.91603,0.00372053,0.00158647,0
2.91703,0.00377776,0.00161791,0
2.91798,0.00360889,0.00143354,0
2.91906,0.00375169,0.00157541,0
2.92003,0.00380936,0.00161455,0
2.92101,0.00382389,0.00161416,0
2.92202,0.00384344,0.00165116,0
2.92301,0.00385525,0.00164853,0
2.92398,0.00372116,0.00146426,0
2.92502,0.003831,0.00159958,0
2.92604,0.00388252,0.00163655,0
2.92738,0.00375419,0.00145206,0
2.92813,0.00386218,0.00159502,0
2.92903,0.00386218,0.00159502,0
2.93003,0.00378423,0.00144789,0
2.93104,0.00375207,0.00140069,0
2.932,0.00375207,0.00140069,0
2.93313,0.00381246,0.00143295,0
2.93416,0.00392427,0.00158127,0
2.93497,0.003982,0.00164663,0
2.93601,0.003982,0.00164663,0
2.93706,0.00396551,0.00160983,0
2.93801,0.00401164,0.00164441,0
2.93897,0.00388497,0.00146089,0
2.94004,0.00388497,0.00146089,0
2.94108,0.00404189,0.00163161,0
2.94205,0.00391387,0.00145616,0
2.94302,0.00389027,0.00141261,0
2.94398,0.00406986,0.00162712,0
2.94503,0.00394378,0.00144495,0
2.94603,0.00392309,0.00144163,0
2.94726,0.00392774,0.00140187,0
2.94806,0.00394041,0.00143188,0
2.94905,0.00408977,0.00161115,0
2.95004,0.0039948,0.00147063,0
2.95121,0.00397368,0.00143008,0
2.95216,0.00397368,0.00143008,0
2.95301,0.00416451,0.00164048,0
2.95398,0.00400248,0.00142611,0
2.95503,0.00401409,0.00141766,0
2.95607,0.00405145,0.00145488,0
2.95701,0.00403723,0.00144957,0
2.95812,0.00404163,0.00141812,0
2.9592,0.0040496,0.0014059,0
2.96003,0.00403208,0.00140416,0
2.96108,0.00403208,0.00140416,0
2.96214,0.00408342,0.00144407,0
2.96323,0.00408079,0.00144227,0
2.96401,0.00422694,0.0016155,0
2.96498,0.00409999,0.00143721,0
2.96604,0.0041102,0.00143108,0
2.96721,0.00425373,0.0016113,0
2.96806,0.00415578,0.00146309,0
2.96932,0.00413933,0.00143218,0
2.97064,0.00414749,0.00142153,0
2.97116,0.00415577,0.0014227,0
2.97209,0.00416551,0.00141737,0
2.97314,0.00417366,0.00141932,0
2.974,0.00418571,0.00144675,0
2.97511,0.00419317,0.00145224,0
2.97603,0.00420292,0.00144599,0
2.97706,0.00421111,0.00144664,0
2.97813,0.00406662,0.00125995,0
2.97902,0.00420343,0.00140565,0
2.98007,0.00436765,0.00160802,0
2.98137,0.00424561,0.00143717,0
2.98207,0.00425502,0.00143175,0
2.98317,0.00426294,0.00143303,0
2.9841,0.00440356,0.00160397,0
2.98503,0.00428007,0.00142888,0
2.98604,0.00428978,0.00145529,0
2.98702,0.00429642,0.00146048,0
2.98807,0.00430561,0.00145398,0
2.98903,0.00431322,0.00145443,0
2.99002,0.00432229,0.0014478,0
2.99132,0.00445862,0.00162436,0
2.99199,0.0043386,0.00144239,0
2.99333,0.00434587,0.00144357,0
2.99404,0.00435472,0.00143741,0
2.99501,0.00436189,0.0014388,0
2.99644,0.00422543,0.00125552,0
2.99703,0.00435869,0.00143193,0
2.9983,0.004382,0.00145913,0
2.999,0.0045177,0.00163944,0
3.00011,0.00439858,0.00145788,0
3.00103,0.00440558,0.00145828,0
3.00198,0.00441406,0.00145156,0
3.00305,0.00442083,0.00145246,0
3.00418,0.00441468,0.00144481,0
3.00509,0.00429027,0.00130202,0
3.00608,0.00442572,0.00144217,0
3.00707,0.00444454,0.00147097,0
3.00804,0.00445367,0.00146798,0
3.00901,0.00445997,0.00146878,0
3.01001,0.00446816,0.00146151,0
3.01104,0.00459813,0.0016348,0
3.01215,0.00447339,0.00142422,0
3.01312,0.00448759,0.00145229,0
3.01405,0.00449267,0.00148059,0
3.01505,0.00449703,0.00148526,0
3.01605,0.00450476,0.00147764,0
3.01729,0.00451085,0.00147728,0
3.01808,0.00451842,0.00146984,0
3.0192,0.00452428,0.00147009,0
3.02044,0.00465426,0.00163509,0
3.0212,0.00453755,0.0014635,0
3.02212,0.00454496,0.00145665,0
3.02311,0.00467241,0.00162916,0
3.02401,0.00455802,0.00145083,0
3.02507,0.00455851,0.00148143,0
3.026,0.00456383,0.00147811,0
3.02712,0.00456908,0.00147829,0
3.02799,0.00457613,0.00147052,0
3.02906,0.00458137,0.00147067,0
3.03003,0.00470761,0.00163396,0
3.03138,0.00459342,0.00146394,0
3.03219,0.00460025,0.00145701,0
3.03302,0.00460539,0.00145774,0
3.03402,0.00461218,0.00145106,0
3.03499,0.00461726,0.00145203,0
3.03601,0.00461738,0.00147444,0
3.03707,0.0046202,0.00147861,0
3.03798,0.00473831,0.00164135,0
3.039,0.00462238,0.00147144,0
3.04004,0.00463628,0.00146454,0
3.04101,0.00464057,0.00146351,0
3.04197,0.00476371,0.00162555,0
3.04301,0.00476761,0.00162586,0
3.04401,0.00465801,0.00145042,0
3.04501,0.00477878,0.00162009,0
3.04605,0.00478432,0.00161319,0
3.04702,0.00478871,0.00161423,0
3.04801,0.00478715,0.00163614,0
3.04902,0.00478844,0.00164,0
3.05,0.00479452,0.00163294,0
3.05101,0.00479795,0.0016325,0
3.05202,0.00480408,0.00162541,0
3.05302,0.00480793,0.0016258,0
3.05402,0.00481291,0.00161849,0
3.05508,0.00481733,0.00161941,0
3.05608,0.0048223,0.00161235,0
3.05705,0.00482669,0.00161352,0
3.05805,0.0048322,0.00160695,0
3.05899,0.0048373,0.00160925,0
3.06002,0.00484147,0.00160171,0
3.06107,0.00472428,0.00146249,0
3.06214,0.004851,0.00160043,0
3.06303,0.00473401,0.0014567,0
3.06404,0.00486098,0.00159473,0
3.06503,0.00486098,0.00159473,0
3.06606,0.00485962,0.00161548,0
3.06706,0.0047533,0.00145059,0
3.06801,0.00476003,0.00144556,0
3.06905,0.00488192,0.00158492,0
3.07008,0.00487732,0.00160036,0
3.07098,0.00477121,0.00144125,0
3.07209,0.00477842,0.00143677,0
3.07303,0.00488829,0.00160226,0
3.07401,0.00477094,0.0014557,0
3.07536,0.00478753,0.00143598,0
3.07607,0.00479452,0.00142709,0
3.07702,0.00478111,0.00145133,0
3.07802,0.00480031,0.00142465,0
3.07902,0.00491053,0.00158635,0
3.08002,0.00479293,0.00144046,0
3.08103,0.00481136,0.0014219,0
3.082,0.00491549,0.00158413,0
3.08301,0.00490869,0.0016016,0
3.08404,0.00480694,0.00143627,0
3.08498,0.00481457,0.00143948,0
3.08602,0.00492181,0.00159536,0
3.08701,0.00480134,0.00145676,0
3.08801,0.00482285,0.0014305,0
3.08904,0.00492968,0.00159044,0
3.09004,0.00491482,0.00160693,0
3.091,0.00491482,0.00160693,0
3.09203,0.00493939,0.00158219,0
3.09303,0.00493939,0.00158219,0
3.09403,0.00492408,0.00160294,0
3.09501,0.00482011,0.00143979,0
3.09609,0.00494627,0.00157678,0
3.09703,0.00485438,0.00138597,0
3.09801,0.00488674,0.00135729,0
3.09899,0.0048774,0.0013828,0
3.10004,0.00497749,0.00154304,0
3.10099,0.00495686,0.0015665,0
3.10199,0.004973,0.00154896,0
3.10305,0.00498133,0.00154065,0
3.10407,0.00498471,0.00154452,0
3.10504,0.00498963,0.00154093,0
3.10602,0.00499277,0.00154481,0
3.10699,0.00489777,0.0013802,0
3.10803,0.00502469,0.00152228,0
3.10937,0.00500544,0.00153728,0
3.11001,0.00490749,0.00138532,0
3.11102,0.00502028,0.0015432,0
3.11207,0.00499436,0.0015676,0
3.11302,0.00499612,0.0015664,0
3.11417,0.00499771,0.00156836,0
3.11497,0.0049036,0.00140307,0
3.116,0.00502903,0.00154394,0
3.11704,0.00500615,0.00155656,0
3.11801,0.00490912,0.00140436,0
3.119,0.00503622,0.00153753,0
3.12006,0.00501076,0.00155746,0
3.12099,0.00491623,0.00139798,0
3.12205,0.00494764,0.00138138,0
3.12302,0.00504156,0.00153887,0
3.12413,0.00501514,0.00154961,0
3.12507,0.00490439,0.00141658,0
3.12604,0.00493317,0.00140192,0
3.12713,0.00493749,0.00139392,0
3.12806,0.00499956,0.00157316,0
3.12907,0.00490639,0.00141367,0
3.13003,0.00503074,0.00155342,0
3.13097,0.00500342,0.00156367,0
3.132,0.00489176,0.00143493,0
3.1331,0.00501374,0.00156946,0
3.134,0.00498324,0.00158594,0
3.13501,0.00489112,0.00142626,0
3.13608,0.00501432,0.00156548,0
3.13702,0.00498509,0.00157434,0
3.13805,0.00489216,0.00142349,0
3.13935,0.00501729,0.00155511,0
3.14004,0.0049857,0.00157194,0
3.14105,0.00489551,0.00141405,0
3.14203,0.00501901,0.00155354,0
3.14299,0.00498851,0.00156269,0
3.14408,0.00489745,0.00141331,0
3.14502,0.00502279,0.00154505,0
3.14599,0.00497087,0.00158329,0
3.14702,0.00487815,0.00142888,0
3.148,0.00500059,0.00156725,0
3.14903,0.0049682,0.00157451,0
3.15003,0.00487811,0.0014251,0
3.15105,0.00491536,0.00140146,0
3.15202,0.00500333,0.0015543,0
3.153,0.00488118,0.0014122,0
3.15401,0.00491597,0.00140061,0
3.15508,0.00500441,0.00154584,0
3.15604,0.0048808,0.00141187,0
3.15705,0.00491834,0.00139286,0
3.15805,0.00500429,0.00154572,0
3.15901,0.0048626,0.00142464,0
3.16,0.00489473,0.0014159,0
3.16106,0.00498049,0.00155954,0
3.16203,0.00485675,0.00142451,0
3.16298,0.00489474,0.00140536,0
3.16407,0.00497827,0.00155664,0
3.16501,0.00485662,0.00141465,0
3.166,0.00489378,0.00140392,0
3.16706,0.00497853,0.00154726,0
3.16802,0.00485538,0.0014137,0
3.169,0.00489527,0.0013956,0
3.17003,0.00497753,0.00154663,0
3.17102,0.00483537,0.0014251,0
3.17207,0.00483537,0.0014251,0
3.17301,0.00487128,0.0014077,0
3.17401,0.00495033,0.00156025,0
3.17514,0.00490843,0.00157052,0
3.17607,0.00486748,0.00140927,0
3.17702,0.00486698,0.00140858,0
3.17801,0.00486841,0.00140154,0
3.17903,0.00486866,0.00139641,0
3.18005,0.00494564,0.00154938,0
3.18104,0.00490278,0.00155971,0
3.18206,0.00494283,0.00154962,0
3.18317,0.00494283,0.00154962,0
3.18412,0.00480277,0.00142409,0
3.185,0.00484046,0.00140768,0
3.18604,0.00483907,0.00140907,0
3.18704,0.00483907,0.00140907,0
3.18805,0.00483705,0.0014062,0
3.18902,0.00483698,0.00140056,0
3.19001,0.00483659,0.00139992,0
3.19103,0.00483564,0.00139767,0
3.19208,0.00486276,0.00156249,0
3.19299,0.0047876,0.00141343,0
3.19407,0.00483348,0.0013976,0
3.19508,0.00483394,0.00139108,0
3.19602,0.00483394,0.00139108,0
3.19704,0.00487837,0.00155634,0
3.19804,0.00475549,0.00142377,0
3.19923,0.00480039,0.00140768,0
3.20013,0.00480008,0.0014071,0
3.20109,0.00487245,0.00155293,0
3.20201,0.00479644,0.00140506,0
3.20314,0.00479644,0.00140506,0
3.20403,0.00474912,0.00141144,0
3.20501,0.00479569,0.0013968,0
3.20603,0.00486662,0.00154195,0
3.20698,0.00474779,0.00140308,0
3.20805,0.00476964,0.00141344,0
3.20905,0.0047694,0.00141291,0
3.21024,0.00476684,0.00140632,0
3.21112,0.00483396,0.0015537,0
3.21216,0.00471397,0.00141415,0
3.21319,0.00482929,0.00154355,0
3.21425,0.00475891,0.00140057,0
3.21501,0.00475819,0.00139533,0
3.21605,0.00475584,0.001398,0
3.21705,0.00475567,0.0013975,0
3.21807,0.00475525,0.00139225,0
3.21902,0.00475318,0.00139063,0
3.22008,0.00474156,0.00156469,0
3.22108,0.00471916,0.00140838,0
3.222,0.0047184,0.00140725,0
3.22304,0.00473179,0.00155529,0
3.22401,0.00471265,0.00140559,0
3.22503,0.00471405,0.00139673,0
3.22618,0.00471205,0.00139894,0
3.22705,0.00471195,0.0013985,0
3.228,0.00470839,0.00139642,0
3.22902,0.00470832,0.00139598,0
3.22999,0.00470762,0.00139076,0
3.23111,0.00470514,0.00139363,0
3.23211,0.00470457,0.00138859,0
3.23302,0.0047022,0.00139164,0
3.23403,0.00467657,0.00140135,0
3.23515,0.00475988,0.00155181,0
3.23601,0.00466384,0.00139905,0
3.23701,0.00466141,0.00140154,0
3.23802,0.00465948,0.00139563,0
3.23909,0.00465642,0.00139807,0
3.24005,0.00465251,0.00139564,0
3.24103,0.00465252,0.00139526,0
3.24203,0.00465165,0.00138999,0
3.24299,0.00464898,0.00139287,0
3.24405,0.00461989,0.00140494,0
3.24507,0.00461993,0.00140458,0
3.24606,0.00461394,0.00140101,0
3.24709,0.0046098,0.00140311,0
3.24804,0.00460798,0.00139693,0
3.24902,0.00460437,0.00139916,0
3.25006,0.00466069,0.00153262,0
3.25114,0.00459943,0.00139602,0
3.25209,0.00459809,0.00139059,0
3.253,0.00459498,0.00139335,0
3.25408,0.00459384,0.00138815,0
3.25502,0.00459089,0.00139112,0
3.2561,0.00458988,0.0013861,0
3.25704,0.00458705,0.00138925,0
3.25803,0.00458614,0.0013844,0
3.25905,0.00455696,0.00140026,0
3.26004,0.00455067,0.00139676,0
3.26101,0.00454623,0.0013991,0
3.26201,0.00452041,0.00126028,0
3.26311,0.00459491,0.00138676,0
3.26401,0.0045382,0.00138736,0
3.26499,0.00453126,0.00139287,0
3.26604,0.00452872,0.00138806,0
3.26699,0.00452591,0.00139067,0
3.26809,0.00457739,0.00152168,0
3.26903,0.00457399,0.00152467,0
3.27001,0.00457253,0.00151963,0
3.27101,0.00454229,0.00153434,0
3.27207,0.00453541,0.00153055,0
3.27298,0.00453038,0.00153276,0
3.274,0.0045277,0.00152665,0
3.27523,0.00452321,0.001529,0
3.27601,0.00452321,0.001529,0
3.27702,0.00446634,0.0013915,0
3.27804,0.00451433,0.00152064,0
3.27903,0.00451433,0.00152064,0
3.28005,0.00451143,0.00151939,0
3.28101,0.00447387,0.00151762,0
3.28202,0.00444729,0.00152425,0
3.28304,0.00444062,0.00152898,0
3.284,0.00444001,0.0015233,0
3.28502,0.00443729,0.00152587,0
3.28599,0.00443637,0.00152054,0
3.28699,0.00443352,0.00152353,0
3.28797,0.00443259,0.00151843,0
3.28897,0.00442973,0.00152159,0
3.29003,0.00438219,0.00138435,0
3.29099,0.00448765,0.00151444,0
3.29203,0.00452334,0.00151179,0
3.29299,0.00445524,0.00152024,0
3.29399,0.0043837,0.00152321,0
3.29502,0.00437572,0.00152808,0
3.29601,0.00437402,0.00152197,0
3.29707,0.00432545,0.00139333,0
3.298,0.00438605,0.00138318,0
3.29922,0.0044635,0.00151921,0
3.30018,0.00435955,0.00151415,0
3.30104,0.00435166,0.00152048,0
3.30208,0.00435054,0.0015152,0
3.30302,0.00434714,0.00151822,0
3.30403,0.00434554,0.00151329,0
3.30498,0.00434197,0.00151671,0
3.30607,0.00431223,0.00152039,0
3.30701,0.00430278,0.00152489,0
3.30806,0.00426122,0.00139549,0
3.30903,0.00433549,0.00152321,0
3.31003,0.00431454,0.00138744,0
3.311,0.00431515,0.00138096,0
3.31204,0.00430971,0.00138454,0
3.31303,0.00430606,0.00138024,0
3.31403,0.00430066,0.00138405,0
3.31501,0.00429729,0.00137968,0
3.31606,0.00433156,0.00151131,0
3.31703,0.00428882,0.00137935,0
3.31804,0.00428369,0.00138337,0
3.31911,0.00425217,0.00138656,0
3.32004,0.00424146,0.00139133,0
3.32101,0.00427463,0.00151309,0
3.32199,0.00422999,0.00138923,0
3.323,0.0042632,0.00151075,0
3.32415,0.00421938,0.00138767,0
3.32522,0.0042153,0.00138292,0
3.32602,0.00420939,0.00138652,0
3.32703,0.00424208,0.00150769,0
3.32801,0.00423583,0.00151144,0
3.32908,0.00419624,0.0013813,0
3.33,0.00422641,0.0015104,0
3.33104,0.00411983,0.00138329,0
3.33201,0.00418556,0.00151774,0
3.33303,0.00414186,0.00150768,0
3.33403,0.00413697,0.00151186,0
3.33502,0.00410079,0.00138274,0
3.33607,0.0041976,0.00150869,0
3.33706,0.0040977,0.00138056,0
3.33803,0.0041288,0.00139058,0
3.33905,0.00412313,0.00138528,0
3.34,0.00414985,0.00151213,0
3.34102,0.00407642,0.00150882,0
3.34204,0.00403411,0.00139116,0
3.34311,0.00413055,0.00150747,0
3.34401,0.00406091,0.00151025,0
3.34504,0.00402127,0.0013852,0
3.34615,0.00405448,0.00139259,0
3.34703,0.00408648,0.00151477,0
3.34803,0.00404159,0.00150494,0
3.34911,0.00406995,0.00138218,0
3.35002,0.00403904,0.00138905,0
3.35101,0.00405896,0.00138142,0
3.35197,0.00405964,0.00138153,0
3.35303,0.00401899,0.00138576,0
3.35404,0.00401899,0.00138576,0
3.35504,0.00400573,0.00138505,0
3.35602,0.00400573,0.00138505,0
3.3571,0.00402745,0.00150918,0
3.35815,0.00398585,0.00138859,0
3.35899,0.0040219,0.0013878,0
3.36004,0.00399444,0.00126818,0
3.36107,0.00404172,0.00138747,0
3.36203,0.00395942,0.00138894,0
3.3632,0.00396016,0.0013891,0
3.36443,0.00395468,0.00138513,0
3.3652,0.00394875,0.00138947,0
3.36608,0.00394398,0.00138547,0
3.36703,0.00393517,0.00151115,0
3.368,0.00389957,0.00138933,0
3.36902,0.00389166,0.00139311,0
3.37003,0.00388545,0.00138826,0
3.37102,0.00387776,0.00139219,0
3.37208,0.00387323,0.00138783,0
3.37305,0.00386589,0.00139198,0
3.37404,0.00385988,0.00138758,0
3.37502,0.00385269,0.00139189,0
3.37604,0.00387102,0.00150407,0
3.37699,0.00384035,0.00139214,0
3.37805,0.00383526,0.00138804,0
3.37901,0.00379905,0.00139434,0
3.38,0.00378858,0.00139038,0
3.38102,0.00377928,0.00139418,0
3.38202,0.00377318,0.00138932,0
3.38302,0.00376409,0.00139329,0
3.38403,0.00375764,0.00138869,0
3.38502,0.00374945,0.00139296,0
3.38608,0.00374284,0.00138845,0
3.38701,0.00373472,0.0013929,0
3.38801,0.00372775,0.00138846,0
3.389,0.0037192,0.00139302,0
3.39006,0.0037121,0.00138864,0
3.39105,0.0037023,0.00139322,0
3.39203,0.00369361,0.00138872,0
3.39303,0.00365243,0.0013935,0
3.39403,0.00363506,0.00138859,0
3.39508,0.00361462,0.00139166,0
3.39601,0.00358067,0.00138345,0
3.39704,0.0035703,0.00138947,0
3.39804,0.00365692,0.00139461,0
3.39901,0.00362997,0.00139832,0
3.40003,0.00361738,0.00139118,0
3.40099,0.00360564,0.00139768,0
3.40201,0.00359848,0.00139031,0
3.40302,0.0035891,0.00139788,0
3.40399,0.00358427,0.0013903,0
3.40502,0.00354747,0.00139768,0
3.40603,0.0035389,0.00138981,0
3.40701,0.00353007,0.00139779,0
3.40802,0.00352601,0.00138921,0
3.40897,0.00351829,0.00139765,0
3.40997,0.00351497,0.0013893,0
3.41105,0.00350781,0.0013981,0
3.41204,0.00350498,0.00138984,0
3.41302,0.00349818,0.00139889,0
3.41403,0.00349565,0.00139075,0
3.41503,0.00348904,0.00139999,0
3.41598,0.00348667,0.00139194,0
3.41705,0.00348016,0.00140133,0
3.41798,0.0034491,0.00139111,0
3.41904,0.00343749,0.0014003,0
3.42005,0.00343323,0.00139165,0
3.42101,0.00342519,0.00140048,0
3.422,0.00342146,0.00139203,0
3.42303,0.00342584,0.00150776,0
3.42404,0.00341012,0.00139291,0
3.42503,0.00340248,0.00140221,0
3.42598,0.00339919,0.00139409,0
3.42703,0.00339169,0.00140354,0
3.42805,0.00338842,0.00139553,0
3.42905,0.00339177,0.00151036,0
3.43002,0.00337776,0.00139719,0
3.43104,0.00334185,0.00140323,0
3.43204,0.00333361,0.00139494,0
3.43299,0.00332424,0.00140397,0
3.43404,0.00331951,0.00139551,0
3.43502,0.00331068,0.00140476,0
3.43606,0.0033062,0.00139658,0
3.43704,0.00329762,0.00140601,0
3.43802,0.00329336,0.00139798,0
3.43902,0.00328496,0.00140754,0
3.44004,0.00328087,0.00139963,0
3.44106,0.0032726,0.00140931,0
3.44202,0.00327626,0.00150389,0
3.44306,0.00326044,0.0014113,0
3.44406,0.00322836,0.00139859,0
3.44522,0.00321527,0.00140782,0
3.44598,0.00320943,0.00139952,0
3.4472,0.00319978,0.00140882,0
3.44801,0.0032008,0.00150176,0
3.44903,0.00319123,0.00151108,0
3.45002,0.00318608,0.00150294,0
3.45104,0.00317673,0.00151239,0
3.45205,0.00317171,0.00150437,0
3.45301,0.00316254,0.00151394,0
3.45403,0.00312981,0.00149998,0
3.455,0.00311589,0.00150891,0
3.45623,0.00310921,0.00150045,0
3.45713,0.00309875,0.00150962,0
3.4582,0.0030927,0.0015014,0
3.4592,0.00308259,0.00151082,0
3.4602,0.00307689,0.00150276,0
3.46113,0.00306709,0.00151232,0
3.46204,0.0030584,0.00140658,0
3.46303,0.00307964,0.0015212,0
3.46444,0.00297959,0.00149885,0
3.4652,0.00296395,0.00150875,0
3.46622,0.0029581,0.00140387,0
3.4673,0.0029581,0.00140387,0
3.46804,0.00294432,0.00140461,0
3.46905,0.00300892,0.00152045,0
3.47003,0.00293631,0.00150367,0
3.47103,0.00292323,0.00151393,0
3.47218,0.00299158,0.00151537,0
3.47303,0.00291557,0.00151601,0
3.47403,0.00290683,0.00141405,0
3.47505,0.00297092,0.00152814,0
3.47606,0.00287183,0.00150248,0
3.47715,0.00285465,0.00141785,0
3.47827,0.00292062,0.00141942,0
3.47905,0.00291371,0.00152266,0
3.48002,0.00283675,0.00141219,0
3.48103,0.00289575,0.00143247,0
3.48205,0.00289171,0.00151755,0
3.48302,0.00281022,0.001518,0
3.48403,0.00280276,0.00141828,0
3.48509,0.0028634,0.00153062,0
3.48602,0.00279236,0.00142066,0
3.48701,0.00282481,0.00143181,0
3.48802,0.00281516,0.00151467,0
3.48901,0.00273246,0.00151442,0
3.4901,0.00272495,0.00141587,0
3.49104,0.00278271,0.00152699,0
3.49222,0.00270927,0.00150873,0
3.49301,0.00270927,0.00150873,0
3.49402,0.00276314,0.00143177,0
3.49499,0.00275265,0.00153171,0
3.49601,0.00275265,0.00153171,0
3.49705,0.00273274,0.00153484,0
3.49835,0.00272986,0.00152741,0
3.49901,0.00272986,0.00152741,0
3.5,0.002644,0.00143096,0
3.501,0.00267458,0.00152965,0
3.50212,0.0025974,0.00150957,0
3.50303,0.00258745,0.00143188,0
3.50401,0.00265091,0.00143577,0
3.50504,0.00263746,0.00153337,0
3.50607,0.00256563,0.00142745,0
3.50702,0.00259685,0.00143784,0
3.50802,0.00260769,0.00152784,0
3.50908,0.00252853,0.0015273,0
3.51003,0.00259686,0.00144624,0
3.51113,0.00259686,0.00144624,0
3.51202,0.00256317,0.00144407,0
3.51305,0.00255324,0.00143591,0
3.51399,0.0025308,0.00143842,0
3.51501,0.00244212,0.00152208,0
3.51601,0.0025088,0.00144204,0
3.51703,0.00249927,0.00145226,0
3.51805,0.0024934,0.00153755,0
3.51909,0.00242463,0.0014338,0
3.5201,0.00247466,0.00144921,0
3.52103,0.00246429,0.00146011,0
3.5221,0.00246571,0.00146087,0
3.52298,0.00245871,0.00145412,0
3.52404,0.00244753,0.00146491,0
3.52522,0.00249441,0.0013742,0
3.52604,0.00247291,0.0014665,0
3.52705,0.00237706,0.00145638,0
3.52827,0.00237848,0.00145715,0
3.52899,0.00236943,0.00144998,0
3.53005,0.00234751,0.00154203,0
3.53111,0.00234942,0.00145372,0
3.53201,0.0023375,0.00146447,0
3.53302,0.00231829,0.00146848,0
3.53404,0.00228688,0.00144665,0
3.53501,0.00226951,0.00145489,0
3.53608,0.00219412,0.00143499,0
3.53705,0.00219412,0.00143499,0
3.53804,0.00222895,0.00153118,0
3.53901,0.00224109,0.00145255,0
3.54007,0.00222015,0.00145617,0
3.54101,0.0022216,0.00145698,0
3.542,0.00219783,0.00154626,0
3.54303,0.00220185,0.00146132,0
3.54406,0.00219004,0.0014723,0
3.54511,0.00219457,0.00138792,0
3.54605,0.00223839,0.00149126,0
3.547,0.00204631,0.00152591,0
3.548,0.00204762,0.00152648,0
3.54905,0.00211428,0.0014558,0
3.55,0.00209422,0.00145953,0
3.55102,0.00208296,0.00153639,0
3.55209,0.00208295,0.00147143,0
3.55305,0.00207489,0.00146499,0
3.55407,0.00204924,0.00155133,0
3.55519,0.00198863,0.00145454,0
3.5564,0.00204081,0.00148055,0
3.55707,0.0020355,0.00147442,0
3.55813,0.00202442,0.00148577,0
3.55919,0.00201696,0.00147946,0
3.56012,0.00198291,0.00147265,0
3.56108,0.00197149,0.00146412,0
3.56203,0.00195739,0.00147487,0
3.56312,0.0019455,0.00146744,0
3.56408,0.00191445,0.00147135,0
3.56516,0.00165296,0.0013672,0
3.56605,0.00148583,0.00132259,0
3.56708,0.00133435,0.00127046,0
3.56837,0.00124259,0.00125977,0
3.56913,0.00117665,0.00123959,0
3.5702,0.00110627,0.00123618,0
3.57102,0.00104153,0.00121634,0
3.57207,0.000974771,0.0012141,0
3.57315,0.000903983,0.00118011,0
3.57402,0.000850456,0.00118136,0
3.57514,0.000797579,0.00116542,0
3.57601,0.000741496,0.00116702,0
3.57707,0.00069429,0.00115287,0
3.57798,0.000643831,0.00115627,0
3.57907,0.00062177,0.00115065,0
3.58004,0.000600049,0.00116366,0
3.58103,0.000583463,0.00115898,0
3.58199,0.000564643,0.00117233,0
3.58304,0.000552363,0.00116835,0
3.58405,0.000517053,0.00116141,0
3.58501,0.000505334,0.00115564,0
3.58631,0.000492718,0.00117034,0
3.58702,0.000486424,0.00116778,0
3.58812,0.000477491,0.00118327,0
3.58925,0.000477491,0.00118327,0
3.59008,0.000468636,0.00119705,0
3.59122,0.000453043,0.00126151,0
3.59201,0.000465107,0.00121155,0
3.59306,0.000502621,0.00113395,0
3.59411,0.000496332,0.00114762,0
3.59503,0.000489984,0.00126886,0
3.59601,0.00052194,0.00120869,0
3.59707,0.000439369,0.00121269,0
3.59803,0.000462528,0.00122399,0
3.59904,0.000459792,0.00116692,0
3.60005,0.000480905,0.00117487,0
3.60105,0.000531731,0.00127378,0
3.60204,0.000455071,0.00118144,0
3.60299,0.000501916,0.00127724,0
3.60401,0.000433361,0.0013236,0
3.60502,0.000495439,0.00135576,0
3.60605,0.000480657,0.00130061,0
3.60699,0.00049233,0.00138552,0
3.60803,0.000523195,0.00139535,0
3.60905,0.000451049,0.00136195,0
3.61002,0.000451049,0.00136195,0
3.61104,0.000464793,0.00137533,0
3.61198,0.000470843,0.00139193,0
3.61303,0.0004813,0.00139044,0
3.61405,0.000487312,0.00140685,0
3.61506,0.000514666,0.00134537,0
3.616,0.000561916,0.00137793,0
3.61703,0.000579856,0.00142785,0
3.618,0.000518233,0.00143504,0
3.61917,0.0005436,0.0013753,0
3.62007,0.000556593,0.00144127,0
3.62126,0.000540121,0.00144633,0
3.62208,0.000527545,0.00143843,0
3.6231,0.000534254,0.00143325,0
3.62403,0.00055545,0.00139215,0
3.62503,0.000605713,0.00140786,0
3.626,0.000608403,0.00142428,0
3.62707,0.000592369,0.00148207,0
3.62805,0.000618239,0.00143744,0
3.62902,0.0006258,0.00143653,0
3.63005,0.000567234,0.00149008,0
3.63102,0.000586417,0.00143512,0
3.63199,0.000635961,0.0014501,0
3.63301,0.000638923,0.00146688,0
3.63401,0.000608682,0.00157384,0
3.63511,0.000569939,0.00148117,0
3.63609,0.000615196,0.00143271,0
3.63706,0.000616641,0.0014337,0
3.63806,0.000634881,0.00145733,0
3.63942,0.000635797,0.00147641,0
3.64007,0.000639758,0.00147429,0
3.64103,0.000639211,0.00148935,0
3.64244,0.000642801,0.00148664,0
3.64301,0.00064181,0.00150166,0
3.64403,0.000645036,0.00149878,0
3.64505,0.000643687,0.0015136,0
3.64603,0.000631545,0.00148196,0
3.647,0.000627544,0.00149335,0
3.64803,0.000628511,0.00149038,0
3.64899,0.000625043,0.00150555,0
3.65005,0.000626023,0.0015027,0
3.65109,0.000622547,0.00151752,0
3.65227,0.00060352,0.00156378,0
3.65303,0.000619582,0.0015291,0
3.65399,0.000620127,0.00152587,0
3.65504,0.000602081,0.00151071,0
3.65604,0.000600273,0.00150395,0
3.65711,0.000594591,0.00151855,0
3.65803,0.000593298,0.00151576,0
3.65903,0.000585879,0.00152937,0
3.66004,0.000586479,0.00152735,0
3.66108,0.000560414,0.00158846,0
3.66202,0.000559021,0.00158484,0
3.66298,0.000553171,0.00159888,0
3.66403,0.000551632,0.00159508,0
3.6652,0.000545618,0.00160895,0
3.66616,0.000530988,0.00157404,0
3.66707,0.000522915,0.00158425,0
3.66801,0.000519591,0.00158051,0
3.66901,0.000511888,0.00159493,0
3.6701,0.000476523,0.00160015,0
3.67101,0.000468471,0.00161517,0
3.67204,0.000500197,0.00160289,0
3.67305,0.000493367,0.00161448,0
3.67402,0.000511597,0.00156796,0
3.67507,0.000494268,0.00165655,0
3.67602,0.000448018,0.00163254,0
3.67714,0.000428744,0.00161067,0
3.678,0.000425313,0.00160224,0
3.67902,0.000417411,0.00161647,0
3.68002,0.000413738,0.00161267,0
3.68097,0.000405724,0.00162634,0
3.68201,0.000405724,0.00162634,0
3.68298,0.000393988,0.00163561,0
3.68402,0.000411953,0.00159183,0
3.68503,0.000424956,0.00166901,0
3.68626,0.000378689,0.00164204,0
3.68722,0.000390788,0.00161419,0
3.68798,0.000407827,0.00167293,0
3.68897,0.000346772,0.0016294,0
3.69005,0.000361764,0.00158067,0
3.69104,0.000372444,0.00165696,0
3.69204,0.000324868,0.00163071,0
3.69302,0.000324868,0.00163071,0
3.69402,0.000372518,0.0016264,0
3.695,0.000340728,0.00167834,0
3.69601,0.000340728,0.00167834,0
3.69697,0.000346301,0.00164942,0
3.69806,0.000318109,0.00168209,0
3.69903,0.000318109,0.00168209,0
3.70001,0.000300935,0.00168798,0
3.70103,0.000240282,0.00164163,0
3.70199,0.000254453,0.00159642,0
3.70324,0.00026157,0.00166988,0
3.70397,0.00021375,0.00164282,0
3.705,0.000223724,0.00162099,0
3.70602,0.000234824,0.00167552,0
3.70703,0.000183218,0.00166521,0
3.70805,0.000197798,0.00162621,0
3.70901,0.000204,0.00169768,0
3.71005,0.000157158,0.00166903,0
3.71097,0.000144617,0.00167915,0
3.71206,0.000137718,0.00167451,0
3.7132,0.000158332,0.00167784,0
3.71398,0.000134044,0.00161441,0
3.71507,0.000137471,0.00168235,0
3.71616,8.98191e-05,0.00165392,0
3.71703,9.92094e-05,0.00163589,0
3.71802,0.000100613,0.00163702,0
3.71912,0.00012673,0.0016931,0
3.72001,0.00012673,0.0016931,0
3.72107,3.17927e-05,0.00168145,0
3.72208,6.32069e-05,0.00170538,0
3.72334,6.32069e-05,0.00170538,0
3.72425,3.6183e-05,0.00166652,0
3.72569,1.44911e-05,0.00166171,0
3.72611,3.84505e-05,0.001653,0
3.72698,2.44893e-05,0.00166898,0
3.72801,2.44893e-05,0.00166898,0
3.72906,1.51497e-06,0.00167905,0
3.73006,7.84267e-06,0.00167473,0
3.73101,2.16039e-05,0.00168805,0
3.73202,5.41822e-05,0.00170732,0
3.73309,3.68677e-05,0.001709,0
3.73404,3.30075e-05,0.00164612,0
3.73502,6.05795e-05,0.00171452,0
3.73604,1.61141e-05,0.00167943,0
3.737,4.42873e-07,0.00167923,0
3.73804,0.000108653,0.00163763,0
3.73902,0.000129483,0.00167584,0
3.74004,0.00016556,0.00170023,0
3.74103,0.000191845,0.00166375,0
3.74206,0.000166281,0.00168552,0
3.74303,0.000203716,0.00172162,0
3.744,0.000223865,0.0016675,0
3.74504,0.000203328,0.00170738,0
3.74612,0.000205392,0.00171365,0
3.74701,0.00028684,0.00166468,0
3.748,0.00028684,0.00166468,0
3.74901,0.000273001,0.00163696,0
3.75002,0.000254,0.00168121,0
3.75102,0.000264354,0.00168111,0
3.75206,0.000279835,0.00169396,0
3.75307,0.000289802,0.0016896,0
3.75404,0.000304268,0.00170305,0
3.75501,0.00033017,0.00171085,0
3.756,0.000328828,0.00171204,0
3.75704,0.000377706,0.00173535,0
3.75804,0.000388599,0.00168899,0
3.75899,0.000411136,0.00165134,0
3.76003,0.000391697,0.00167566,0
3.76102,0.000421013,0.00174465,0
3.76206,0.000440612,0.00178267,0
3.7631,0.000457252,0.00179909,0
3.76411,0.000468977,0.00179615,0
3.76502,0.000484755,0.00181079,0
3.76601,0.000495995,0.00180733,0
3.76709,0.000494681,0.00180854,0
3.76814,0.000509973,0.0018218,0
3.76901,0.000520684,0.00181686,0
3.77003,0.000557712,0.00160666,0
3.77106,0.000533727,0.00159653,0
3.77207,3.33207e-05,0.00162595,0
3.77311,0.000188523,0.00161484,0
3.77405,0.000204083,0.00160633,0
3.77503,0.000205387,0.00160745,0
3.77604,0.000183305,0.00162285,0
3.77702,0.000136791,0.00163612,0
3.77806,0.000138089,0.00163725,0
3.77916,0.000119824,0.00163521,0
3.78004,9.87327e-05,0.00164944,0
3.78129,8.29999e-05,0.00164655,0
3.78204,3.83066e-05,0.00161653,0
3.78301,2.00578e-05,0.00160559,0
3.7841,3.4379e-07,0.00162026,0
3.78502,1.34491e-05,0.0016188,0
3.78603,3.05391e-05,0.00163295,0
3.78718,8.36896e-05,0.00164829,0
3.78814,6.03082e-05,0.00164329,0
3.78905,7.3417e-05,0.00163978,0
3.79003,0.000113197,0.00165789,0
3.79116,0.000104142,0.00164874,0
3.79199,0.000121807,0.00166128,0
3.79339,0.000157481,0.00166117,0
3.79411,0.00017465,0.00162575,0
3.79502,0.000189726,0.0016127,0
3.79601,0.000209002,0.00162628,0
3.79699,0.000223306,0.00162375,0
3.79801,0.000241431,0.00163709,0
3.79908,0.000255222,0.00163307,0
3.80007,0.000295564,0.00164782,0
3.80102,0.000288252,0.00164139,0
3.80205,0.000307302,0.00165376,0
3.80303,0.000343994,0.0016501,0
3.80412,0.000342149,0.00166093,0
3.805,0.000357218,0.00165589,0
3.80602,0.000394277,0.00162313,0
3.80703,0.000407207,0.00160996,0
3.80802,0.000427917,0.0016231,0
3.80904,0.000444106,0.00162002,0
3.81001,0.000485265,0.00163207,0
3.81105,0.00050104,0.00162722,0
3.81202,0.000500103,0.0016404,0
3.81306,0.000537629,0.00163428,0
3.81412,0.000537629,0.00163428,0
3.81503,0.000570673,0.00163169,0
3.81606,0.0005866,0.00163764,0
3.81704,0.000602353,0.00163001,0
3.81803,0.000623324,0.0016396,0
3.81902,0.000647123,0.00158255,0
3.82001,0.0006635,0.00158036,0
3.82106,0.0006635,0.00158036,0
3.82201,0.0007033,0.00158745,0
3.82301,0.000721123,0.00158258,0
3.82408,0.000743401,0.00159485,0
3.82501,0.000761633,0.00159005,0
3.82602,0.00078457,0.0016027,0
3.82708,0.000783175,0.00160462,0
3.82804,0.000826986,0.00161111,0
3.82902,0.000814686,0.00158996,0
3.83003,0.000869119,0.00156512,0
3.83102,0.000886555,0.00155582,0
3.83201,0.000912064,0.00157158,0
3.83302,0.000932793,0.00157032,0
3.83402,0.000957641,0.0015857,0
3.83504,0.000978064,0.00158344,0
3.83601,0.00100304,0.00159846,0
3.83701,0.00102383,0.00159601,0
3.83802,0.00104684,0.00156146,0
3.83901,0.00106051,0.00154644,0
3.84004,0.00108629,0.00156317,0
3.84148,0.00110848,0.00156368,0
3.84202,0.00110848,0.00156368,0
3.84299,0.00115609,0.00157927,0
3.84398,0.00118206,0.00159529,0
3.84508,0.00120371,0.00159365,0
3.84605,0.00122988,0.00160927,0
3.84737,0.00125171,0.0016072,0
3.84799,0.00125171,0.0016072,0
3.849,0.00132542,0.00158627,0
3.85001,0.00129591,0.00159177,0
3.85104,0.00133122,0.00157042,0
3.852,0.00139318,0.00160346,0
3.85302,0.00142041,0.00160985,0
3.85401,0.00142041,0.00160985,0
3.85503,0.00148643,0.00160467,0
3.8561,0.00149318,0.00163514,0
3.85743,0.00151479,0.00163187,0
3.85807,0.00150965,0.00161272,0
3.85901,0.00151906,0.00161393,0
3.86006,0.00156924,0.00160396,0
3.86101,0.00157175,0.00161177,0
3.86204,0.00157947,0.00166182,0
3.86306,0.00162374,0.00165039,0
3.86401,0.00166949,0.00162971,0
3.86502,0.00167089,0.00163591,0
3.86606,0.00169783,0.00166695,0
3.86702,0.00169783,0.00166695,0
3.86802,0.00173201,0.00169826,0
3.86906,0.00177565,0.00168215,0
3.87012,0.00177565,0.00168215,0
3.87103,0.00180032,0.00161663,0
3.87217,0.00181794,0.00163117,0
3.87301,0.00186102,0.00160298,0
3.87402,0.001886,0.00161025,0
3.87506,0.00186887,0.00163297,0
3.87606,0.00187907,0.00166586,0
3.87705,0.00196467,0.00162693,0
3.87801,0.00194788,0.00165071,0
3.87907,0.0019755,0.00166778,0
3.88006,0.00198792,0.00169643,0
3.88124,0.00201664,0.00171056,0
3.88221,0.00204034,0.00170529,0
3.8832,0.00206872,0.00171781,0
3.88427,0.00209283,0.00171277,0
3.88519,0.00209374,0.00167529,0
3.88602,0.00210402,0.00165506,0
3.88707,0.00214707,0.00164306,0
3.88818,0.00215815,0.00166741,0
3.88907,0.00218787,0.00168176,0
3.89029,0.00221289,0.00167789,0
3.89105,0.00224227,0.00169132,0
3.89205,0.00224227,0.00169132,0
3.89304,0.00231058,0.00167146,0
3.89402,0.00233523,0.00166625,0
3.89503,0.00236426,0.00167837,0
3.89613,0.00238853,0.00167267,0
3.89698,0.00238363,0.00163456,0
3.89802,0.00239221,0.001613,0
3.89899,0.00242035,0.00162654,0
3.90003,0.00244698,0.00162409,0
3.90103,0.00247746,0.00163779,0
3.90203,0.00250305,0.00163329,0
3.90304,0.00253252,0.00164591,0
3.90404,0.00255784,0.00164086,0
3.90508,0.00258757,0.00165305,0
3.90599,0.00261279,0.00164753,0
3.9073,0.00264231,0.00165922,0
3.90816,0.00266698,0.00165317,0
3.91013,0.00273093,0.00162625,0
3.911,0.0027074,0.00160864,0
3.91256,0.00271466,0.00159591,0
3.91356,0.00274243,0.00160992,0
3.91422,0.00276912,0.00160629,0
3.91516,0.00280123,0.00161817,0
3.91627,0.0028736,0.00158732,0
3.91715,0.00289717,0.00168134,0
3.91803,0.00289717,0.00168134,0
3.91905,0.00295654,0.00175545,0
3.92002,0.00299215,0.00173743,0
3.92097,0.00297551,0.00168671,0
3.92199,0.00298745,0.00161927,0
3.92319,0.00299029,0.00163055,0
3.92407,0.00298946,0.00163179,0
3.92505,0.00302644,0.00165511,0
3.92603,0.00308237,0.00159238,0
3.92711,0.00308237,0.00159238,0
3.92799,0.00310345,0.00157611,0
3.92903,0.00310345,0.00157611,0
3.93003,0.00317664,0.00163495,0
3.93104,0.00322931,0.00168607,0
3.93202,0.00326649,0.00164648,0
3.93298,0.00322027,0.00161002,0
3.93416,0.00323611,0.00161089,0
3.93507,0.00326966,0.00159027,0
3.93601,0.00326278,0.00159202,0
3.93702,0.00331233,0.00163049,0
3.93803,0.00332698,0.00154137,0
3.9391,0.00332009,0.0016123,0
3.94002,0.00336091,0.00158009,0
3.941,0.00337308,0.00164402,0
3.94213,0.00340882,0.0016591,0
3.9433,0.00339889,0.00167593,0
3.94401,0.00334466,0.00163315,0
3.94501,0.00333757,0.00161974,0
3.94613,0.00332169,0.00161641,0
3.94702,0.00331338,0.00163595,0
3.94802,0.00331338,0.00163595,0
3.94904,0.0033023,0.00160359,0
3.95003,0.00325493,0.00161068,0
3.95101,0.00325493,0.00161068,0
3.95197,0.00328215,0.00161676,0
3.95299,0.00324317,0.00164224,0
3.95401,0.0032436,0.00155957,0
3.95497,0.00323234,0.00164846,0
3.9562,0.00323234,0.00164846,0
3.95722,0.00326231,0.0016912,0
3.9581,0.00320916,0.0015472,0
3.95902,0.00322965,0.0016434,0
3.96012,0.00322905,0.00164458,0
3.96103,0.00323498,0.00166615,0
3.96212,0.00323498,0.00166615,0
3.96307,0.00323738,0.00160839,0
3.96402,0.00320569,0.001603,0
3.96506,0.00321136,0.00156252,0
3.96602,0.00318037,0.00151844,0
3.96702,0.00321203,0.00162784,0
3.96816,0.00321759,0.00163229,0
3.96926,0.00319394,0.0015498,0
3.97004,0.00322278,0.00164052,0
3.97104,0.00323344,0.00166362,0
3.97208,0.00323692,0.00166092,0
3.97313,0.00324495,0.00167403,0
3.97404,0.00324444,0.00167521,0
3.97507,0.00324934,0.00161187,0
3.97629,0.00319161,0.00157531,0
3.97718,0.00321976,0.00160128,0
3.97806,0.00323248,0.00162402,0
3.97906,0.00324058,0.00147716,0
3.98017,0.00324058,0.00147716,0
3.98098,0.00321613,0.00153262,0
3.98201,0.00325658,0.00158506,0
3.98301,0.00326585,0.00158732,0
3.98401,0.00327681,0.00166455,0
3.98504,0.00327681,0.00166455,0
3.98602,0.00332773,0.00165425,0
3.987,0.00326675,0.00162959,0
3.988,0.00330451,0.00161067,0
3.98897,0.00327877,0.00156723,0
3.99001,0.00328578,0.00157397,0
3.9911,0.00329668,0.00154595,0
3.99202,0.00330281,0.00158147,0
3.99303,0.00331804,0.00162188,0
3.99405,0.00331804,0.00162188,0
3.99498,0.00332794,0.0015865,0
3.99598,0.00334493,0.00166924,0
3.99704,0.00334493,0.00166924,0
3.99805,0.00335998,0.00160555,0
3.999,0.00336973,0.00160192,0
4.00002,0.00334819,0.00154524,0
4.00101,0.00334948,0.00153011,0
4.00204,0.00336256,0.0015452,0
4.00305,0.00337097,0.00154127,0
4.00402,0.00338373,0.00155509,0
4.00503,0.00339185,0.0015498,0
4.00603,0.00340472,0.00156298,0
4.00702,0.00341299,0.0015572,0
4.00806,0.003426,0.0015699,0
4.00907,0.00343439,0.00156364,0
4.01005,0.00344803,0.00157517,0
4.01103,0.00341987,0.00150017,0
4.01201,0.00341987,0.00150017,0
4.01315,0.00343441,0.00150132,0
4.01401,0.00345444,0.00159036,0
4.01498,0.00349896,0.0015573,0
4.01608,0.00347307,0.00153195,0
4.01702,0.00348321,0.00159337,0
4.01801,0.00353295,0.00157742,0
4.01906,0.00350997,0.00160837,0
4.02004,0.00350997,0.00160837,0
4.02116,0.00351548,0.00152977,0
4.02207,0.00351548,0.00152977,0
4.023,0.00354755,0.00151565,0
4.02419,0.00354755,0.00151565,0
4.02501,0.00351537,0.00146696,0
4.02612,0.00352893,0.00148246,0
4.0271,0.00359394,0.00160228,0
4.02808,0.00359375,0.00160334,0
4.02903,0.00362082,0.00161686,0
4.03005,0.00363344,0.00162851,0
4.0311,0.00364189,0.00162157,0
4.03227,0.00359489,0.00150604,0
4.03315,0.0036056,0.00158717,0
4.03414,0.00364735,0.00153989,0
4.03517,0.00362592,0.00148777,0
4.03598,0.00362734,0.00147267,0
4.03697,0.00363918,0.00148537,0
4.038,0.00364736,0.00148082,0
4.03904,0.00364736,0.00148082,0
4.04013,0.00364726,0.00141105,0
4.04106,0.00367335,0.00152598,0
4.04205,0.00374725,0.00164856,0
4.0432,0.00373389,0.0015658,0
4.04404,0.00372588,0.0015952,0
4.04505,0.0037274,0.00157775,0
4.04609,0.00373993,0.00158881,0
4.04712,0.00374877,0.00158275,0
4.04807,0.00376196,0.0015947,0
4.04913,0.00377045,0.00158746,0
4.05006,0.00378369,0.00159886,0
4.05105,0.00381967,0.00165381,0
4.05236,0.00385703,0.00164905,0
4.0532,0.00377575,0.00153008,0
4.0542,0.00377502,0.00152516,0
4.05511,0.00378179,0.00151832,0
4.05613,0.00360052,0.00162062,0
4.05711,0.00322791,0.00161581,0
4.05855,0.00307952,0.00163735,0
4.05903,0.00302881,0.00163787,0
4.06008,0.00299837,0.00155876,0
4.06103,0.00298017,0.00171478,0
4.06208,0.00288346,0.00170919,0
4.06313,0.00286978,0.00178148,0
4.06401,0.00282312,0.00177903,0
4.06501,0.00270937,0.00168584,0
4.06621,0.00265829,0.00169619,0
4.06702,0.00260915,0.00170031,0
4.06818,0.00257752,0.001625,0
4.06922,0.00256351,0.001654,0
4.07001,0.00260821,0.00170067,0
4.07102,0.00261346,0.00169433,0
4.07213,0.00260277,0.00161004,0
4.07299,0.00262243,0.00169115,0
4.07408,0.00263124,0.00170132,0
4.07501,0.00261752,0.00159188,0
4.07603,0.00264862,0.00169768,0
4.07702,0.00265735,0.00168326,0
4.07809,0.00263336,0.00164035,0
4.07902,0.00265111,0.00171202,0
4.08004,0.00264618,0.00162452,0
4.08107,0.00264453,0.00151608,0
4.08203,0.00268779,0.00162454,0
4.083,0.00270488,0.00160952,0
4.08409,0.0027094,0.00151919,0
4.08508,0.0027491,0.00160247,0
4.08604,0.00277571,0.00161085,0
4.08729,0.0027767,0.00149449,0
4.088,0.00280487,0.00150204,0
4.08899,0.00278621,0.00143244,0
4.09001,0.00280728,0.00143241,0
4.09101,0.00282999,0.00141608,0
4.09197,0.00285948,0.00142543,0
4.09303,0.00288335,0.00140939,0
4.09401,0.00291355,0.00141766,0
4.095,0.00293844,0.0014011,0
4.09605,0.0029694,0.0014091,0
4.09702,0.00299484,0.00139227,0
4.098,0.00302654,0.00139946,0
4.09898,0.00305234,0.00138286,0
4.10003,0.0030824,0.00139594,0
4.10098,0.00306841,0.00132613,0
4.10207,0.0031176,0.00143084,0
4.10304,0.00317164,0.00137763,0
4.10425,0.00317164,0.00137763,0
4.10524,0.00314072,0.00125125,0
4.10612,0.00325048,0.00147577,0
4.10704,0.00325048,0.00147577,0
4.10808,0.00332116,0.00150004,0
4.10912,0.00337164,0.00143343,0
4.11005,0.00337164,0.00143343,0
4.11113,0.00333463,0.00143612,0
4.11213,0.00346996,0.00157492,0
4.11316,0.00351639,0.0015359,0
4.11403,0.00351639,0.0015359,0
4.11505,0.00346866,0.00127612,0
4.11607,0.00349664,0.00145423,0
4.11703,0.00349664,0.00145423,0
4.11807,0.00358347,0.00140075,0
4.11899,0.00363806,0.00150293,0
4.12045,0.00366816,0.00151291,0
4.12104,0.00369301,0.00150221,0
4.12206,0.00366144,0.00145919,0
4.12301,0.00366144,0.00145919,0
4.12403,0.00365598,0.00120158,0
4.12506,0.00367647,0.00136808,0
4.12601,0.00367876,0.00123471,0
4.12712,0.00367876,0.00123471,0
4.12799,0.00371703,0.00136576,0
4.12901,0.00377935,0.00131766,0
4.13002,0.00379993,0.00138775,0
4.13106,0.00388088,0.00142057,0
4.13212,0.00388174,0.00132327,0
4.13304,0.00388174,0.00132327,0
4.13436,0.00395482,0.00142688,0
4.13543,0.00398204,0.00142396,0
4.13629,0.00385206,0.00118677,0
4.13715,0.00388537,0.00130371,0
4.13841,0.00392513,0.00121079,0
4.13931,0.00400783,0.00133841,0
4.14002,0.00400822,0.00133921,0
4.14127,0.00401396,0.00121989,0
4.1424,0.00407082,0.00134673,0
4.14297,0.00407124,0.00134752,0
4.14404,0.00405375,0.00121824,0
4.14524,0.00412827,0.00133375,0
4.14611,0.00412871,0.00133454,0
4.14726,0.00406009,0.00114557,0
4.148,0.0041157,0.00124803,0
4.14902,0.00411614,0.00124877,0
4.15007,0.00419622,0.00134466,0
4.15106,0.00423028,0.00131097,0
4.15201,0.00407459,0.00108894,0
4.15306,0.0041127,0.00121125,0
4.15406,0.00422594,0.00126306,0
4.155,0.00424217,0.00125385,0
4.15603,0.00424267,0.0012546,0
4.15706,0.00426182,0.00126249,0
4.15809,0.00427646,0.00125149,0
4.15908,0.00429574,0.00125952,0
4.1603,0.00431012,0.00124817,0
4.16104,0.00427292,0.00117825,0
4.162,0.004276,0.00115797,0
4.16303,0.00425183,0.00104324,0
4.1641,0.0043056,0.00116119,0
4.16505,0.00432262,0.00117191,0
4.16603,0.00433486,0.00116296,0
4.16704,0.00435181,0.00117288,0
4.16811,0.00443329,0.00126267,0
4.16915,0.004404,0.00114449,0
4.17014,0.0044844,0.00123606,0
4.17104,0.00442458,0.00114542,0
4.17202,0.00430557,0.000960592,0
4.17303,0.00435602,0.00109171,0
4.17405,0.00436582,0.0010835,0
4.17541,0.00433713,0.000966194,0
4.17601,0.00439266,0.00108697,0
4.17706,0.00440821,0.0010974,0
4.17804,0.00441899,0.00108826,0
4.179,0.00443447,0.00109805,0
4.18003,0.00444515,0.00108829,0
4.18105,0.00446103,0.00109751,0
4.18199,0.00447517,0.00108734,0
4.18304,0.00449615,0.00123564,0
4.18402,0.00450236,0.00106673,0
4.18498,0.00446113,0.00102006,0
4.18597,0.00442878,0.000870686,0
4.18701,0.00459243,0.00106397,0
4.18801,0.00452342,0.00101652,0
4.18922,0.00453501,0.00101601,0
4.19022,0.00454871,0.00100989,0
4.19102,0.00456756,0.00101835,0
4.19198,0.00458121,0.00101332,0
4.19301,0.00459693,0.00102037,0
4.19423,0.00460996,0.00101496,0
4.19496,0.00457352,0.000885807,0
4.19605,0.00463517,0.00101576,0
4.19701,0.00458802,0.000942184,0
4.19801,0.00458538,0.000927709,0
4.19904,0.0045426,0.000799625,0
4.19999,0.00460279,0.00093522,0
4.20105,0.00461232,0.000943835,0
4.202,0.00461892,0.000941192,0
4.20303,0.00462858,0.000948804,0
4.20404,0.00463541,0.000945493,0
4.20504,0.00464464,0.000952375,0
4.20605,0.0046514,0.000948451,0
4.20703,0.00460553,0.000815574,0
4.20806,0.00466693,0.00095021,0
4.20904,0.00461401,0.00087625,0
4.21002,0.00460723,0.000862655,0
4.21098,0.00461354,0.000871218,0
4.21201,0.00461832,0.000870914,0
4.21299,0.00462536,0.000879504,0
4.21402,0.00457275,0.000736288,0
4.21503,0.00463693,0.000885083,0
4.21603,0.00464234,0.000882204,0
4.21706,0.00464963,0.00088909,0
4.21802,0.00459578,0.000743339,0
4.21904,0.00466077,0.000891944,0
4.22012,0.00466642,0.000887779,0
4.22111,0.00461093,0.000813604,0
4.22204,0.00460242,0.000800334,0
4.22304,0.00460776,0.000808899,0
4.224,0.00461136,0.000808912,0
4.22508,0.00461806,0.000817443,0
4.22604,0.00462142,0.00081565,0
4.22703,0.00462779,0.000823285,0
4.22816,0.00463208,0.000820661,0
4.22904,0.00463833,0.000827571,0
4.23003,0.0045809,0.000678434,0
4.23099,0.00464966,0.00083041,0
4.23206,0.00459109,0.000680144,0
4.23302,0.00459669,0.000752167,0
4.23412,0.00458757,0.000739021,0
4.23502,0.00459145,0.000747694,0
4.23602,0.00459474,0.000747853,0
4.23701,0.00459975,0.000756522,0
4.23803,0.00460238,0.000754899,0
4.23905,0.00460865,0.000762479,0
4.24002,0.004612,0.00076003,0
4.24103,0.00461787,0.000766917,0
4.24199,0.00462106,0.000763786,0
4.24298,0.00462678,0.000770022,0
4.24398,0.00463073,0.000766178,0
4.24504,0.0045714,0.000691832,0
4.24602,0.00456121,0.000678817,0
4.24703,0.00456444,0.000687532,0
4.24803,0.00456656,0.000687875,0
4.24902,0.00457078,0.000696605,0
4.25002,0.00457285,0.000695071,0
4.25105,0.00457754,0.000702801,0
4.25207,0.00458009,0.000700455,0
4.25303,0.00458516,0.000707397,0
4.25403,0.00458802,0.000704299,0
4.25513,0.00452361,0.000557839,0
4.2561,0.00459667,0.000706748,0
4.25704,0.00453495,0.000632132,0
4.25798,0.00452511,0.000619421,0
4.25906,0.00445638,0.000474511,0
4.26,0.00445769,0.000474624,0
4.261,0.00453296,0.000637374,0
4.26201,0.00446209,0.000481459,0
4.263,0.00446209,0.000481459,0
4.26401,0.00454887,0.000649276,0
4.26499,0.00447054,0.000491172,0
4.26606,0.00447071,0.000486893,0
4.26702,0.00454954,0.000649414,0
4.26804,0.00447774,0.000489876,0
4.26903,0.00453387,0.000464253,0
4.26996,0.00441203,0.000410286,0
4.271,0.00440407,0.000408961,0
4.27202,0.00440292,0.000408306,0
4.27301,0.00440609,0.000417733,0
4.27406,0.00440666,0.000416351,0
4.27504,0.00440978,0.000424073,0
4.27604,0.00441077,0.000421731,0
4.27717,0.00441428,0.000428651,0
4.27801,0.00434811,0.000345645,0
4.27902,0.00433765,0.000343247,0
4.28001,0.00433623,0.000343205,0
4.28099,0.00433848,0.000354073,0
4.28201,0.00433816,0.000353921,0
4.28302,0.00434043,0.000362765,0
4.28406,0.00434067,0.000361491,0
4.28501,0.0043435,0.000369407,0
4.28604,0.0043442,0.000367239,0
4.28705,0.00427945,0.000294514,0
4.288,0.00426616,0.000282998,0
4.28897,0.00426667,0.000293103,0
4.29009,0.00426623,0.000294807,0
4.29103,0.00426792,0.000304749,0
4.29199,0.00426754,0.000304384,0
4.29301,0.00426754,0.000304384,0
4.29402,0.00422053,0.000345319,0
4.29505,0.00428242,0.000318533,0
4.29611,0.00428205,0.000313277,0
4.29699,0.00428475,0.000320118,0
4.29809,0.00421666,0.000237973,0
4.29902,0.00435833,0.000479026,0
4.30003,0.00436944,0.000488158,0
4.30111,0.00437514,0.000495933,0
4.30204,0.00437585,0.000491064,0
4.303,0.00437827,0.000496222,0
4.30402,0.00429507,0.000327036,0
4.30504,0.0042579,0.000448516,0
4.30601,0.0042579,0.000448516,0
4.30716,0.00430288,0.000332753,0
4.30804,0.00444934,0.000461052,0
4.30903,0.00432174,0.000416625,0
4.31003,0.00430821,0.000404496,0
4.311,0.00409391,0.000199543,0
4.31202,0.00417164,0.000356466,0
4.31301,0.00414377,0.000166511,0
4.31405,0.00417248,0.00036642,0
4.31503,0.00430355,0.000423731,0
4.31601,0.00430355,0.000423731,0
4.31702,0.00443792,0.000482354,0
4.31804,0.00423083,0.000272931,0
4.31903,0.00423083,0.000272931,0
4.32003,0.00430087,0.000421553,0
4.32107,0.00415372,0.0001891,0
4.32202,0.00410146,0.000296962,0
4.32304,0.0042213,0.00034354,0
4.32411,0.00413777,0.000184013,0
4.32502,0.00410152,0.000315538,0
4.326,0.00410152,0.000315538,0
4.32714,0.004034,1.14782e-05,0
4.32801,0.00413747,0.000197897,0
4.32905,0.00409944,0.00031872,0
4.3302,0.00422125,0.000362817,0
4.33099,0.00423006,0.000369023,0
4.33204,0.00419786,0.000171444,0
4.33313,0.00409304,0.000322713,0
4.334,0.00414782,0.000289398,0
4.33507,0.00404639,0.00011553,0
4.33608,0.00400976,0.00025022,0
4.33708,0.00412854,0.000286742,0
4.33811,0.00404177,0.000132875,0
4.33906,0.00400414,0.000257631,0
4.34009,0.00412605,0.000301985,0
4.34103,0.00413379,0.000309124,0
4.34205,0.00413538,0.000316435,0
4.34305,0.00413228,0.000312051,0
4.34414,0.004034,0.000144358,0
4.34526,0.00412961,0.000313283,0
4.34601,0.00403097,0.000144654,0
4.34703,0.00395798,6.09908e-05,0
4.34801,0.00394279,5.70391e-05,0
4.34903,0.00393693,5.55253e-05,0
4.35,0.0039347,6.50057e-05,0
4.35101,0.00392986,6.35969e-05,0
4.35203,0.00392749,7.12418e-05,0
4.35299,0.00392308,6.88873e-05,0
4.35403,0.00392117,7.57707e-05,0
4.35503,0.00391712,7.26796e-05,0
4.35604,0.00391548,7.88593e-05,0
4.35704,0.00391166,7.51119e-05,0
4.35802,0.00383992,2.22811e-06,0
4.35907,0.00382143,1.04015e-05,0
4.36006,0.00381693,1.45804e-06,0
4.36099,0.00381154,7.92901e-07,0
4.36202,0.00380815,8.15373e-06,0
4.36303,0.00380271,6.89982e-06,0
4.36403,0.00379984,1.48185e-05,0
4.36502,0.00379493,1.273e-05,0
4.36602,0.00379249,1.98439e-05,0
4.36705,0.00378793,1.69894e-05,0
4.36803,0.00378593,2.32688e-05,0
4.369,0.00378144,1.98731e-05,0
4.37003,0.00370909,5.24022e-05,0
4.37101,0.00369009,6.47496e-05,0
4.37198,0.00368506,5.55872e-05,0
4.37301,0.00367915,5.46987e-05,0
4.37402,0.00367525,4.55416e-05,0
4.37502,0.0036693,4.65757e-05,0
4.37601,0.0036659,3.84519e-05,0
4.37697,0.00366064,4.04538e-05,0
4.37804,0.00365751,3.30104e-05,0
4.37901,0.00365243,3.56534e-05,0
4.38002,0.00364974,2.90543e-05,0
4.38102,0.00364489,3.23622e-05,0
4.38201,0.00364237,2.63808e-05,0
4.38303,0.00363764,3.02646e-05,0
4.38401,0.00349634,6.95886e-05,0
4.38501,0.00355023,0.000114863,0
4.38602,0.0035441,0.000107741,0
4.38702,0.00353828,0.000107695,0
4.38802,0.00353348,9.84708e-05,0
4.38903,0.00352658,9.95202e-05,0
4.39003,0.00352218,9.14201e-05,0
4.39099,0.00351575,9.32937e-05,0
4.39197,0.00351178,8.59742e-05,0
4.393,0.00350569,8.85919e-05,0
4.39401,0.00350199,8.19676e-05,0
4.39503,0.00349612,8.52308e-05,0
4.39603,0.00349259,7.92054e-05,0
4.39702,0.00341659,0.000160105,0
4.39802,0.00332834,0.000129866,0
4.39903,0.0033255,0.000128629,0
4.39998,0.0033259,0.000120632,0
4.40103,0.00332291,0.000123418,0
4.40203,0.00339027,0.000150179,0
4.40304,0.00331397,0.000120393,0
4.40401,0.0033121,0.000111876,0
4.40503,0.00337854,0.000148703,0
4.40601,0.00337302,0.000143477,0
4.40702,0.00329471,0.000112724,0
4.40803,0.0032933,0.000105442,0
4.409,0.00322074,0.00018708,0
4.40999,0.00320501,0.000190897,0
4.41102,0.0031999,0.000190657,0
4.41202,0.00319693,0.000181147,0
4.413,0.00319118,0.000182475,0
4.41401,0.00318765,0.000174752,0
4.41507,0.0116328,0.000522844,0
4.41604,0.00239698,0.0246018,0
4.41704,7.64226e-05,0.0233878,0
4.41802,0.00238034,0.0214737,0
4.41902,0.00415074,0.020229,0
4.42001,0.00607934,0.0187622,0
4.42101,0.00750481,0.0177023,0
4.42198,0.00871939,0.0168094,0
4.42303,0.00976871,0.016027,0
4.4241,0.0106913,0.0153589,0
4.42511,0.0113973,0.0146047,0
4.42601,0.0121745,0.0142873,0
4.42711,0.0127951,0.0138867,0
4.42802,0.0133291,0.0131735,0
4.42899,0.013908,0.0129691,0
4.43005,0.0143226,0.012675,0
4.43101,0.0143226,0.012675,0
4.432,0.0150105,0.0120567,0
4.43304,0.0153592,0.0118907,0
4.43406,0.01555,0.0116174,0
4.43501,0.0157415,0.0114395,0
4.43603,0.0159257,0.0112489,0
4.43708,0.0160381,0.0109845,0
4.43801,0.0160381,0.0109845,0
4.43897,0.0158348,0.00844122,0
4.43998,0.0133578,0.00815765,0
4.44101,0.0130027,0.0081838,0
4.44202,0.0128942,0.00827611,0
4.44297,0.0128582,0.00822736,0
4.44401,0.0129635,0.00833329,0
4.44506,0.0162947,0.00754914,0
4.44602,0.0162947,0.00754914,0
4.44704,0.0147091,0.00743986,0
4.44805,0.0145966,0.00756733,0
4.44901,0.0141786,0.00601817,0
4.44999,0.0139476,0.00405149,0
4.45103,0.0134679,0.00402461,0
4.45203,0.0137543,0.00399966,0
4.45307,0.0136147,0.00400731,0
4.45402,0.0133542,0.00389233,0
4.45501,0.0131786,0.00389876,0
4.45601,0.0127225,0.00371209,0
4.45706,0.0127225,0.00371209,0
4.45804,0.0126674,0.00365114,0
4.45902,0.0120785,0.00355787,0
4.46002,0.0119986,0.00342668,0
4.46102,0.0118036,0.00344522,0
4.46202,0.0114092,0.00328163,0
4.46299,0.0113565,0.00321727,0
4.46402,0.0113577,0.00322114,0
4.46503,0.0111392,0.00317307,0
4.46606,0.0107829,0.00312713,0
4.46697,0.0107829,0.00312713,0
4.46804,0.0104081,0.00299893,0
4.46903,0.0101264,0.00291567,0
4.46999,0.0099565,0.00288111,0
4.47103,0.00995686,0.00288389,0
4.47205,0.009759,0.00281549,0
4.47305,0.00937276,0.00269092,0
4.47413,0.0091867,0.00264612,0
4.47522,0.00899809,0.00258087,0
4.476,0.00881669,0.00253563,0
4.47706,0.00864939,0.00251254,0
4.47817,0.00831942,0.00240196,0
4.47921,0.00831942,0.00240196,0
4.48002,0.00810859,0.00236124,0
4.48104,0.00809355,0.00232527,0
4.48208,0.0079233,0.0022362,0
4.48315,0.00789923,0.00224561,0
4.48408,0.00761576,0.00220012,0
4.48505,0.00745218,0.00212591,0
4.48602,0.00727795,0.00208721,0
4.48703,0.00696356,0.00199486,0
4.48809,0.00696375,0.00199674,0
4.48907,0.00680839,0.00194354,0
4.49013,0.00666042,0.00191064,0
4.49113,0.00626991,0.00183254,0
4.49202,0.00625889,0.00180555,0
4.49316,0.00621368,0.00176267,0
4.49409,0.00607403,0.00174654,0
4.49501,0.00581349,0.00167084,0
4.49605,0.00581364,0.00167239,0
4.49706,0.00567825,0.00162486,0
4.49801,0.00555015,0.00159816,0
4.49931,0.00543724,0.00159807,0
4.50005,0.005305,0.00154979,0
4.50097,0.00507993,0.00146419,0
4.502,0.00506121,0.00148926,0
4.50303,0.00493182,0.00144143,0
4.50401,0.00473101,0.0013659,0
4.50506,0.00470562,0.00137154,0
4.506,0.00448485,0.00130053,0
4.50703,0.00448496,0.0013017,0
4.50802,0.00427809,0.00125991,0
4.50901,0.00416591,0.00120288,0
4.51003,0.00416601,0.00120397,0
4.511,0.00397724,0.00118033,0
4.5121,0.00397103,0.00116461,0
4.51304,0.00377435,0.00108659,0
4.51404,0.00377443,0.00108757,0
4.51517,0.00367634,0.00107973,0
4.5161,0.00358994,0.0010443,0
4.51706,0.00358065,0.00105985,0
4.51807,0.0034823,0.00101863,0
4.51901,0.00333391,0.000989503,0
4.52009,0.00325117,0.000960711,0
4.52107,0.00316054,0.000934905,0
4.52217,0.00307799,0.000902197,0
4.52323,0.00300149,0.00089104,0
4.52411,0.00292216,0.000859381,0
4.52501,0.00285015,0.00084907,0
4.52606,0.00270985,0.000819075,0
4.52708,0.00270589,0.000808874,0
4.52805,0.00263327,0.00077887,0
4.52909,0.00256691,0.000770384,0
4.53006,0.00249704,0.000741131,0
4.53104,0.00243429,0.000733531,0
4.53213,0.00237213,0.000720113,0
4.53305,0.00230428,0.000686875,0
4.53405,0.0022461,0.000681118,0
4.535,0.00223411,0.000672685,0
4.53601,0.00217692,0.000671705,0
4.53705,0.00207359,0.000634103,0
4.538,0.00201967,0.000623283,0
4.539,0.00195823,0.000596688,0
4.53999,0.00195819,0.00059697,0
4.54105,0.0018437,0.000553722,0
4.54203,0.00176622,0.000554846,0
4.543,0.0017485,0.00052767,0
4.54408,0.00174855,0.000528133,0
4.54501,0.00162449,0.000504347,0
4.54606,0.00162228,0.000498555,0
4.54711,0.00160976,0.000499673,0
4.54801,0.00156477,0.000485646,0
4.54899,0.00152393,0.000479077,0
4.55001,0.00147768,0.000455973,0
4.55099,0.00143883,0.000454997,0
4.55204,0.00139528,0.000432304,0
4.55301,0.00135711,0.000431956,0
4.55401,0.0013149,0.000409759,0
4.55502,0.00128056,0.000409984,0
4.556,0.00123969,0.000388285,0
4.55708,0.00120737,0.000393106,0
4.55819,0.00116853,0.000371686,0
4.55902,0.00113646,0.000369026,0
4.56006,0.00110022,0.000351778,0
4.56102,0.00106825,0.000349958,0
4.56202,0.00103501,0.000332762,0
4.56305,0.00103501,0.000332762,0
4.56402,0.000970966,0.00031157,0
4.565,0.000943421,0.000314345,0
4.56603,0.000933816,0.000302456,0
4.56701,0.000910027,0.000308005,0
4.568,0.000861915,0.000282822,0
4.56902,0.00083609,0.000283028,0
4.57007,0.000804305,0.000260809,0
4.57111,0.000781542,0.000267315,0
4.57203,0.000772289,0.000259364,0
4.573,0.000728214,0.000243082,0
4.57438,0.000728214,0.000243082,0
4.57512,0.00067834,0.000227266,0
4.57618,0.000657748,0.000232247,0
4.57706,0.000615611,0.000210276,0
4.57804,0.000616179,0.000211954,0
4.57904,0.000611108,0.00021695,0
4.58018,0.000573271,0.00018694,0
4.58105,0.000566244,0.000182855,0
4.58199,0.000528684,0.000161354,0
4.58303,0.000528684,0.000161354,0
4.58403,0.00049103,0.000153841,0
4.58498,0.00047459,0.000158235,0
4.58607,0.000465231,0.000145718,0
4.58703,0.000440029,0.000152428,0
4.58804,0.000418399,0.000135251,0
4.58909,0.000414268,0.000144502,0
4.59007,0.00041459,0.000145488,0
4.59098,0.000381609,0.000138416,0
4.59206,0.000381627,0.000138547,0
4.59303,0.000362431,0.000127438,0
4.59403,0.000349954,0.00013757,0
4.59503,0.000325099,0.000124191,0
4.59597,0.000328086,0.000128045,0
4.59698,0.000316545,0.00011253,0
4.59802,0.000343456,0.000107763,0
4.59904,0.000173029,0.000119662,0
4.60001,5.64535e-05,0.000147293,0
4.60097,9.70345e-05,0.00013238,0
4.60201,0.000119823,0.000137927,0
4.60304,0.000227003,0.000113107,0
4.6042,0.000226135,0.000115067,0
4.60503,0.000143674,9.00676e-05,0
4.60604,0.000143667,9.01131e-05,0
4.60702,5.8824e-05,9.03695e-06,0
4.60799,3.07982e-05,0.000105471,0
4.60933,6.9122e-05,9.60443e-05,0
4.61015,9.35275e-05,8.62534e-05,0
4.61107,0.000114179,6.98391e-05,0
4.612,0.000137561,7.32607e-05,0
4.61306,0.000153654,6.35339e-05,0
4.614,0.000169313,6.8281e-05,0
4.61559,0.000178288,5.93475e-05,0
4.61604,0.000188485,6.47476e-05,0
4.61708,0.000193329,5.66469e-05,0
4.61802,0.000200363,6.256e-05,0
4.61902,0.00020265,5.49813e-05,0
4.62004,0.000207603,6.12331e-05,0
4.62104,0.000208468,5.3928e-05,0
4.62212,0.000212189,6.03749e-05,0
4.62303,0.000212023,5.32792e-05,0
4.62405,0.00021499,5.98453e-05,0
4.62506,0.000214234,5.28683e-05,0
4.62604,0.00021673,5.95103e-05,0
4.62736,0.000215605,5.26075e-05,0
4.62802,0.000217804,5.92982e-05,0
4.62902,0.00021649,5.24283e-05,0
4.63005,0.00021848,5.91615e-05,0
4.63104,0.00021848,5.91615e-05,0
4.63208,0.000218873,5.90751e-05,0
4.63302,0.000217362,5.22514e-05,0
4.63406,0.000219172,5.9013e-05,0
4.635,0.000217456,5.2232e-05,0
4.63614,0.000219331,5.89756e-05,0
4.63702,0.000217688,5.21713e-05,0
4.63798,0.000219455,5.89454e-05,0
4.63904,0.000217704,5.21697e-05,0
4.63998,0.000219443,5.89464e-05,0
4.64099,0.000217833,5.21313e-05,0
4.64203,0.00021865,5.53915e-05,0
4.64303,0.00021959,5.91034e-05,0
4.64402,0.000217763,5.21229e-05,0
4.64503,0.000219574,5.89104e-05,0
4.64603,0.000217846,5.21368e-05,0
4.647,0.000219567,5.89013e-05,0
4.648,0.000217844,5.21313e-05,0
4.64914,0.00021957,5.88954e-05,0
4.65002,0.000217883,5.21186e-05,0
4.65102,0.000219606,5.88835e-05,0
4.65201,0.000217828,5.2137e-05,0
4.65303,0.000219567,5.88852e-05,0
4.65397,0.000217908,5.21177e-05,0
4.65504,0.000219559,5.889e-05,0
4.65603,0.000217849,5.21278e-05,0
4.65703,0.000219628,5.88707e-05,0
4.658,0.000217838,5.21359e-05,0
4.65902,0.000219534,5.88918e-05,0
4.66001,0.000217874,5.21269e-05,0
4.66099,0.000219579,5.88802e-05,0
4.66198,0.000217852,5.21323e-05,0
4.66303,0.000219602,5.88692e-05,0
4.66404,0.00021788,5.21255e-05,0
4.66505,0.000219541,5.88881e-05,0
4.66608,0.000217837,5.21312e-05,0
4.66703,0.000219617,5.88689e-05,0
4.66807,0.000217827,5.21386e-05,0
4.66901,0.000219522,5.88914e-05,0
4.67001,0.000217862,5.21295e-05,0
4.67102,0.000219567,5.88811e-05,0
4.67202,0.00021784,5.21347e-05,0
4.67301,0.000219555,5.88837e-05,0
4.67402,0.000217834,5.21357e-05,0
4.67502,0.000219552,5.88848e-05,0
4.67604,0.000217864,5.21236e-05,0
4.67701,0.000219581,5.8878e-05,0
4.67805,0.000217804,5.21425e-05,0
4.67897,0.000219538,5.8884e-05,0
4.68,0.000217879,5.21234e-05,0
4.68101,0.000219528,5.88924e-05,0
4.68207,0.000219528,5.88924e-05,0
4.68315,0.000217784,5.21458e-05,0
4.68406,0.000217829,5.21345e-05,0
4.68525,0.000219535,5.88909e-05,0
4.68601,0.000217818,5.21322e-05,0
4.68704,0.000219591,5.88784e-05,0
4.68802,0.000217797,5.21415e-05,0
4.68897,0.000219526,5.88901e-05,0
4.69001,0.000217863,5.21242e-05,0
4.69102,0.000219513,5.88993e-05,0
4.69202,0.000217767,5.21467e-05,0
4.69313,0.000219548,5.8891e-05,0
4.69403,0.000217845,5.21234e-05,0
4.69498,0.000219558,5.88896e-05,0
4.69603,0.000217775,5.21438e-05,0
4.69702,0.000219479,5.8909e-05,0
4.698,0.000217817,5.21327e-05,0
4.69903,0.000219526,5.8899e-05,0
4.70004,0.000217796,5.21374e-05,0
4.70102,0.000219548,5.88899e-05,0
4.70203,0.000217822,5.21301e-05,0
4.70297,0.000219487,5.89103e-05,0
4.70402,0.000217779,5.21353e-05,0
4.70496,0.000219563,5.88924e-05,0
4.70602,0.000217768,5.21423e-05,0
4.70696,0.000219501,5.89035e-05,0
4.70798,0.000217835,5.21249e-05,0
4.70902,0.000219488,5.89128e-05,0
4.71004,0.000217772,5.21349e-05,0
4.71102,0.000219555,5.88968e-05,0
4.71199,0.000217758,5.21426e-05,0
4.71302,0.000219492,5.89081e-05,0
4.71403,0.000217858,5.21128e-05,0
4.71497,0.000219511,5.89096e-05,0
4.71601,0.000217737,5.21414e-05,0
4.71698,0.000219505,5.89109e-05,0
4.71808,0.00021777,5.21377e-05,0
4.71897,0.000219459,5.89231e-05,0
4.72,0.000217818,5.21205e-05,0
4.72105,0.000219528,5.89076e-05,0
4.72203,0.000217735,5.21446e-05,0
4.72299,0.000219475,5.8916e-05,0
4.72425,0.000217808,5.21261e-05,0
4.72521,0.000219464,5.89248e-05,0
4.72617,0.000219464,5.89248e-05,0
4.72699,0.000218651,5.5372e-05,0
4.72805,0.000219568,5.90946e-05,0
4.72903,0.000219568,5.90946e-05,0
4.72998,0.000219483,5.89203e-05,0
4.73123,0.000217752,5.21498e-05,0
4.73204,0.000219471,5.89105e-05,0
4.73302,0.000217798,5.21345e-05,0
4.73401,0.000219448,5.89179e-05,0
4.73508,0.000217734,5.21483e-05,0
4.73639,0.000219547,5.88872e-05,0
4.73714,0.000219547,5.88872e-05,0
4.738,0.000219426,5.8915e-05,0
4.73902,0.00021778,5.21403e-05,0
4.74002,0.00021778,5.21403e-05,0
4.74113,0.000217677,5.21717e-05,0
4.74233,0.000219467,5.89027e-05,0
4.74305,0.000217792,5.2145e-05,0
4.74401,0.000219433,5.89153e-05,0
4.74496,0.000219433,5.89153e-05,0
4.74606,0.000219531,5.88862e-05,0
4.74699,0.000217739,5.21595e-05,0
4.74801,0.000219438,5.8912e-05,0
4.74906,0.000217685,5.2168e-05,0
4.75002,0.000219513,5.889e-05,0
4.75108,0.000219513,5.889e-05,0
4.75206,0.000219431,5.89088e-05,0
4.75331,0.000219404,5.89206e-05,0
4.75406,0.000217703,5.21645e-05,0
4.75505,0.000219486,5.88964e-05,0
4.75605,0.000219436,5.89084e-05,0
4.75707,0.000217728,5.2159e-05,0
4.75804,0.000217733,5.21569e-05,0
4.75913,0.000219456,5.89044e-05,0
4.76006,0.000217738,5.21558e-05,0
4.761,0.000219455,5.8905e-05,0
4.76203,0.000217735,5.21562e-05,0
4.76314,0.000219452,5.89062e-05,0
4.764,0.000217731,5.21567e-05,0
4.76516,0.000219444,5.8908e-05,0
4.7662,0.000217728,5.21571e-05,0
4.76704,0.000219446,5.89089e-05,0
4.76841,0.000217725,5.21574e-05,0
4.76909,0.000219443,5.89103e-05,0
4.7703,0.000217756,5.21449e-05,0
4.771,0.000219472,5.8904e-05,0
4.77219,0.000217693,5.21643e-05,0
4.77303,0.000219364,5.8935e-05,0
4.77402,0.000217736,5.21529e-05,0
4.77502,0.000219443,5.89126e-05,0
4.77605,0.000217714,5.21577e-05,0
4.77707,0.000219432,5.89159e-05,0
4.77802,0.000217708,5.21585e-05,0
4.77902,0.000219428,5.89176e-05,0
4.78004,0.000217705,5.21586e-05,0
4.781,0.00021942,5.89196e-05,0
4.78202,0.000217702,5.21588e-05,0
4.78304,0.000219422,5.89207e-05,0
4.78406,0.000219422,5.89207e-05,0
4.78497,0.000219386,5.89346e-05,0
4.78604,0.000217662,5.21714e-05,0
4.78709,0.000217662,5.21714e-05,0
4.78802,0.000217659,5.21715e-05,0
4.78903,0.00021938,5.89377e-05,0
4.79,0.000217655,5.21716e-05,0
4.79101,0.00021941,5.89271e-05,0
4.792,0.000217717,5.21515e-05,0
4.79317,0.000219384,5.89385e-05,0
4.79402,0.000217583,5.21879e-05,0
4.79503,0.000219352,5.89465e-05,0
4.79603,0.000217676,5.21647e-05,0
4.79701,0.000217676,5.21647e-05,0
4.798,0.000217646,5.21713e-05,0
4.79903,0.000219367,5.8945e-05,0
4.80005,0.000217639,5.21722e-05,0
4.801,0.000219363,5.89467e-05,0
4.80201,0.000217635,5.21724e-05,0
4.80319,0.00021936,5.89482e-05,0
4.80403,0.000217632,5.21725e-05,0
4.80506,0.000219357,5.89497e-05,0
4.80604,0.000217629,5.21726e-05,0
4.80704,0.000219354,5.89511e-05,0
4.80801,0.000217626,5.21728e-05,0
4.80918,0.000219351,5.89526e-05,0
4.81004,0.000217623,5.21729e-05,0
4.81101,0.000217623,5.21729e-05,0
4.81203,0.000217619,5.21731e-05,0
4.813,0.000218432,5.54314e-05,0
4.81404,0.00021942,5.91319e-05,0
4.81508,0.000217599,5.2153e-05,0
4.81603,0.000219338,5.89576e-05,0
4.81713,0.000217616,5.21842e-05,0
4.81817,0.000219335,5.89499e-05,0
4.81908,0.000217642,5.21699e-05,0
4.82005,0.000219397,5.8927e-05,0
4.82097,0.000217616,5.21835e-05,0
4.82236,0.000219263,5.89622e-05,0
4.82302,0.000217619,5.21798e-05,0
4.82401,0.000219388,5.89307e-05,0
4.82505,0.00021759,5.21937e-05,0
4.82597,0.000219317,5.89416e-05,0
4.82708,0.000217655,5.21788e-05,0
4.82808,0.000217655,5.21788e-05,0
4.82899,0.000217624,5.21826e-05,0
4.83001,0.000219345,5.89382e-05,0
4.83104,0.000219345,5.89382e-05,0
4.83199,0.000219304,5.89425e-05,0
4.833,0.000217645,5.21836e-05,0
4.83402,0.000219293,5.895e-05,0
4.83505,0.000217583,5.21946e-05,0
4.83604,0.00021936,5.89331e-05,0
4.83726,0.00021757,5.22032e-05,0
4.83798,0.000219297,5.89436e-05,0
4.83939,0.000217637,5.21867e-05,0
4.84005,0.000219279,5.89527e-05,0
4.84102,0.000217569,5.22037e-05,0
4.84203,0.000219296,5.89444e-05,0
4.84302,0.000217665,5.21754e-05,0
4.84406,0.000217665,5.21754e-05,0
4.84504,0.000217541,5.22056e-05,0
4.84605,0.000219336,5.89352e-05,0
4.84701,0.000217607,5.21936e-05,0
4.84798,0.000219266,5.89531e-05,0
4.84904,0.000217616,5.21862e-05,0
4.85001,0.000219323,5.89446e-05,0
4.85101,0.000219323,5.89446e-05,0
4.85211,0.000219293,5.89508e-05,0
4.85309,0.000217599,5.21946e-05,0
4.85401,0.000217599,5.21946e-05,0
4.85506,0.000217569,5.22015e-05,0
4.85602,0.000219314,5.89487e-05,0
4.85697,0.000217532,5.2205e-05,0
4.85802,0.000217532,5.2205e-05,0
4.85902,0.000217589,5.21908e-05,0
4.86,0.000219306,5.89473e-05,0
4.86105,0.000217579,5.21968e-05,0
4.86217,0.000219243,5.89634e-05,0
4.86304,0.000217592,5.21881e-05,0
4.86405,0.000219302,5.89547e-05,0
4.86502,0.000217481,5.22202e-05,0
4.8661,0.000219277,5.89562e-05,0
4.867,0.0002176,5.21897e-05,0
4.86808,0.000219311,5.89496e-05,0
4.86906,0.000217536,5.22001e-05,0
4.87002,0.000219244,5.89703e-05,0
4.87103,0.000219244,5.89703e-05,0
4.87197,0.000219228,5.89711e-05,0
4.87307,0.000217607,5.21814e-05,0
4.87397,0.000217607,5.21814e-05,0
4.87502,0.000217559,5.21926e-05,0
4.876,0.000219278,5.89605e-05,0
4.87707,0.000217485,5.2214e-05,0
4.87801,0.000219232,5.89726e-05,0
4.87921,0.000219232,5.89726e-05,0
4.88007,0.000219286,5.89605e-05,0
4.8812,0.000219286,5.89605e-05,0
4.88205,0.000219272,5.89646e-05,0
4.88311,0.000219272,5.89646e-05,0
4.884,0.000217512,5.22054e-05,0
4.88501,0.000219236,5.89741e-05,0
4.88602,0.0002193,5.8959e-05,0
4.88699,0.000217484,5.22066e-05,0
4.88815,0.000219278,5.89651e-05,0
4.88904,0.000217567,5.21869e-05,0
4.8901,0.000219167,5.89968e-05,0
4.89103,0.000219205,5.89842e-05,0
4.89204,0.000219257,5.89761e-05,0
4.89306,0.0002175,5.22016e-05,0
4.89403,0.000219212,5.89836e-05,0
4.89513,0.000219212,5.89836e-05,0
4.8962,0.00021752,5.22003e-05,0
4.89717,0.00021743,5.22217e-05,0
4.89823,0.00021835,5.54484e-05,0
4.89935,0.000218355,5.5448e-05,0
4.9,0.00021936,5.91439e-05,0
4.90133,0.000217447,5.2192e-05,0
4.90205,0.000219204,5.89907e-05,0
4.90301,0.000217481,5.22189e-05,0
4.90402,0.000219209,5.89768e-05,0
4.90503,0.000217536,5.21973e-05,0
4.90607,0.000217451,5.2226e-05,0
4.90731,0.000219188,5.8982e-05,0
4.90839,0.000217439,5.22301e-05,0
4.90902,0.000219181,5.89813e-05,0
4.91007,0.00021757,5.21957e-05,0
4.91105,0.000219244,5.89618e-05,0
4.91239,0.000219244,5.89618e-05,0
4.91329,0.000219175,5.89816e-05,0
4.91422,0.000219175,5.89816e-05,0
4.91527,0.000219204,5.8973e-05,0
4.91676,0.000219241,5.89604e-05,0
4.91735,0.000219123,5.89924e-05,0
4.9181,0.000217504,5.22159e-05,0
4.91906,0.000219244,5.89586e-05,0
4.92017,0.000217463,5.22267e-05,0
4.92104,0.000217468,5.22247e-05,0
4.92203,0.000219192,5.89703e-05,0
4.92302,0.000219165,5.89821e-05,0
4.92402,0.000217451,5.22333e-05,0
4.92504,0.00021917,5.89813e-05,0
4.92601,0.000217483,5.22259e-05,0
4.92701,0.000219176,5.89799e-05,0
4.92846,0.000219176,5.89799e-05,0
4.92914,0.000219154,5.89846e-05,0
4.93016,0.000219154,5.89846e-05,0
4.93114,0.000219163,5.89835e-05,0
4.93208,0.000217443,5.22354e-05,0
4.93309,0.000219154,5.89853e-05,0
4.93403,0.000217472,5.22238e-05,0
4.93503,0.000219189,5.89778e-05,0
4.93603,0.000217411,5.22427e-05,0
4.93702,0.000219113,5.89965e-05,0
4.93804,0.000217487,5.22193e-05,0
4.93904,0.000219225,5.89661e-05,0
4.94003,0.000219225,5.89661e-05,0
4.94118,0.000219082,5.90054e-05,0
4.94203,0.000217439,5.22295e-05,0
4.94306,0.000219207,5.89761e-05,0
4.94405,0.000217409,5.22414e-05,0
4.94503,0.000219137,5.8989e-05,0
4.94604,0.000217507,5.22123e-05,0
4.94703,0.000219182,5.89788e-05,0
4.94813,0.000217349,5.22553e-05,0
4.94916,0.000219182,5.89795e-05,0
4.95012,0.000219182,5.89795e-05,0
4.95106,0.000219112,5.89979e-05,0
4.95232,0.000217459,5.22217e-05,0
4.95301,0.000219168,5.89897e-05,0
4.95401,0.000217385,5.22394e-05,0
4.95502,0.000219176,5.89834e-05,0
4.95602,0.000217441,5.22296e-05,0
4.957,0.000219103,5.90025e-05,0
4.95801,0.000217444,5.22242e-05,0
4.95898,0.000219159,5.89944e-05,0
4.95999,0.000217375,5.22397e-05,0
4.961,0.000219167,5.89881e-05,0
4.96214,0.000217431,5.22299e-05,0
4.963,0.000219061,5.90196e-05,0
4.96398,0.000217369,5.22447e-05,0
4.96505,0.000219175,5.89927e-05,0
4.96602,0.000217406,5.22304e-05,0
4.96708,0.000219132,5.89984e-05,0
4.9682,0.000217446,5.22197e-05,0
4.96904,0.000217446,5.22197e-05,0
4.97002,0.000217371,5.2237e-05,0
4.97102,0.000219159,5.89944e-05,0
4.97198,0.000217417,5.22299e-05,0
4.97297,0.00021908,5.90146e-05,0
4.97401,0.000217423,5.22229e-05,0
4.97502,0.000219136,5.90065e-05,0
4.97599,0.000217349,5.22406e-05,0
4.97706,0.000219144,5.90002e-05,0
4.97797,0.000217405,5.22309e-05,0
4.97902,0.000219071,5.90192e-05,0
4.98002,0.000217412,5.22234e-05,0
4.98108,0.00021916,5.89985e-05,0
4.982,0.000217366,5.22354e-05,0
4.98301,0.00021904,5.90313e-05,0
4.98401,0.000217406,5.22247e-05,0
4.985,0.000217379,5.22348e-05,0
4.98601,0.000219194,5.91856e-05,0
4.98702,0.000217402,5.22004e-05,0
4.98799,0.000219052,5.90306e-05,0
4.98903,0.000217344,5.22496e-05,0
4.99001,0.000219123,5.89991e-05,0
4.99102,0.000217421,5.22276e-05,0
4.99198,0.000219081,5.90073e-05,0
4.99306,0.000219081,5.90073e-05,0
4.99404,0.000219096,5.90018e-05,0
4.99501,0.000217371,5.2245e-05,0
4.99604,0.000219096,5.90005e-05,0
4.99704,0.00021734,5.22575e-05,0
4.99803,0.00021906,5.90079e-05,0
4.99914,0.00021906,5.90079e-05,0
5.00007,0.000219125,5.89908e-05,0
5.00103,0.00021913,5.89904e-05,0
5.00204,0.000217346,5.22541e-05,0
5.00302,0.000219077,5.9002e-05,0
5.00403,0.000217362,5.2251e-05,0
5.00505,0.000219082,5.90004e-05,0
5.00598,0.000217362,5.22518e-05,0
5.00702,0.000219079,5.90007e-05,0
5.00804,0.000217359,5.22529e-05,0
5.00909,0.000219076,5.90012e-05,0
5.01004,0.000217356,5.2254e-05,0
5.01106,0.000219073,5.9002e-05,0
5.01206,0.000217353,5.22549e-05,0
5.01305,0.00021907,5.90028e-05,0
5.01409,0.00021735,5.22557e-05,0
5.01516,0.000219067,5.90038e-05,0
5.01606,0.000217346,5.22564e-05,0
5.01716,0.000219064,5.90048e-05,0
5.01818,0.000217343,5.2257e-05,0
5.0191,0.000219061,5.90059e-05,0
5.02004,0.00021734,5.22575e-05,0
5.021,0.000219058,5.90071e-05,0
5.02204,0.000217337,5.22579e-05,0
5.02308,0.000219055,5.90084e-05,0
5.02422,0.000217334,5.22583e-05,0
5.02518,0.000219052,5.90097e-05,0
5.02606,0.00021733,5.22586e-05,0
5.02723,0.000219049,5.90111e-05,0
5.02815,0.000217327,5.22589e-05,0
5.02909,0.000219046,5.90125e-05,0
5.03008,0.000217324,5.22591e-05,0
5.03107,0.000219043,5.90139e-05,0
5.03205,0.000217321,5.22593e-05,0
5.03298,0.00021904,5.90154e-05,0
5.03406,0.000217318,5.22595e-05,0
5.03506,0.000219037,5.90169e-05,0
5.03607,0.000217314,5.22596e-05,0
5.03699,0.000219034,5.90184e-05,0
5.03807,0.000217311,5.22597e-05,0
5.03903,0.000219031,5.90199e-05,0
5.04003,0.000217308,5.22598e-05,0
5.04105,0.000219028,5.90214e-05,0
5.04198,0.000217304,5.22599e-05,0
5.04303,0.000219025,5.9023e-05,0
5.04397,0.000217301,5.226e-05,0
5.04502,0.000219023,5.90245e-05,0
5.04602,0.000217298,5.22601e-05,0
5.04703,0.00021902,5.9026e-05,0
5.04804,0.000217295,5.22602e-05,0
5.04903,0.000219017,5.90276e-05,0
5.05004,0.000217291,5.22603e-05,0
5.05104,0.000219014,5.90291e-05,0
5.05203,0.000217288,5.22604e-05,0
5.05303,0.000219011,5.90306e-05,0
5.054,0.000217285,5.22605e-05,0
5.05503,0.000219008,5.90322e-05,0
5.05604,0.000217282,5.22606e-05,0
5.057,0.000219,5.90341e-05,0
5.05803,0.000217278,5.22607e-05,0
5.05903,0.000219002,5.90352e-05,0
5.06007,0.000217275,5.22609e-05,0
5.06117,0.000218999,5.90367e-05,0
5.06206,0.00021724,5.22732e-05,0
5.06306,0.000218996,5.90381e-05,0
5.06398,0.000217236,5.22733e-05,0
5.06507,0.000218993,5.90396e-05,0
5.06601,0.000217232,5.22737e-05,0
5.06701,0.00021899,5.90455e-05,0
5.06797,0.000217236,5.22679e-05,0
5.06902,0.000218947,5.90521e-05,0
5.07001,0.00021728,5.22563e-05,0
5.07104,0.000218048,5.55303e-05,0
5.07202,0.000219029,5.92319e-05,0
5.07309,0.000217205,5.22541e-05,0
5.07405,0.000218944,5.90583e-05,0
5.07501,0.000217221,5.22858e-05,0
5.07602,0.000218941,5.90504e-05,0
5.07697,0.000217216,5.22833e-05,0
5.078,0.000218937,5.90481e-05,0
5.07902,0.000217214,5.22865e-05,0
5.08,0.000218934,5.90473e-05,0
5.08101,0.000217211,5.2289e-05,0
5.08204,0.000218931,5.90466e-05,0
5.08298,0.000217209,5.2291e-05,0
5.08399,0.000218927,5.90462e-05,0
5.08503,0.000217206,5.22933e-05,0
5.08602,0.000218924,5.90461e-05,0
5.08701,0.000217202,5.22955e-05,0
5.08801,0.000218921,5.90457e-05,0
5.08903,0.0002172,5.22964e-05,0
5.08999,0.000218918,5.90463e-05,0
5.09103,0.000217197,5.2298e-05,0
5.09204,0.000218914,5.90468e-05,0
5.0931,0.000217194,5.22992e-05,0
5.09414,0.000218911,5.90473e-05,0
5.09508,0.000217191,5.23002e-05,0
5.09607,0.000218908,5.90481e-05,0
5.09757,0.000218908,5.90481e-05,0
5.09796,0.000218906,5.90487e-05,0
5.09909,0.000217185,5.23019e-05,0
5.10008,0.000218902,5.90498e-05,0
5.10099,0.000217215,5.22901e-05,0
5.10201,0.000218966,5.9026e-05,0
5.10299,0.000217243,5.22831e-05,0
5.104,0.000218905,5.90456e-05,0
5.105,0.000217135,5.23132e-05,0
5.10601,0.000218947,5.90399e-05,0
5.10701,0.000217157,5.23084e-05,0
5.10804,0.000218852,5.90634e-05,0
5.10902,0.000217191,5.2299e-05,0
5.11003,0.000218896,5.90538e-05,0
5.11103,0.000217169,5.23041e-05,0
5.11198,0.000218885,5.9057e-05,0
5.113,0.000217162,5.23051e-05,0
5.11402,0.000218881,5.90586e-05,0
5.11503,0.000217158,5.23058e-05,0
5.11601,0.000218878,5.906e-05,0
5.11706,0.000217157,5.23051e-05,0
5.11803,0.000218875,5.90617e-05,0
5.11901,0.000217149,5.23074e-05,0
5.12012,0.000218873,5.90628e-05,0
5.12102,0.00021715,5.23058e-05,0
5.1222,0.00021715,5.23058e-05,0
5.12302,0.000217146,5.23062e-05,0
5.12416,0.000218867,5.90658e-05,0
5.12502,0.000217143,5.23061e-05,0
5.12598,0.000218864,5.90673e-05,0
5.12704,0.00021714,5.23062e-05,0
5.12798,0.000218861,5.90688e-05,0
5.12898,0.000217137,5.23063e-05,0
5.13015,0.000218858,5.90704e-05,0
5.13105,0.000217128,5.23085e-05,0
5.13204,0.000218855,5.90719e-05,0
5.13298,0.000217163,5.22941e-05,0
5.13401,0.000217163,5.22941e-05,0
5.13497,0.000217126,5.23069e-05,0
5.13606,0.000218817,5.90826e-05,0
5.137,0.000217147,5.23009e-05,0
5.13801,0.000218855,5.90746e-05,0
5.13904,0.000217156,5.22938e-05,0
5.13999,0.000218876,5.90702e-05,0
5.14102,0.000217087,5.23152e-05,0
5.14202,0.000217092,5.23131e-05,0
5.14303,0.000218799,5.90893e-05,0
5.144,0.000217167,5.22939e-05,0
5.14502,0.000218854,5.90777e-05,0
5.14615,0.000217074,5.23169e-05,0
5.1471,0.000218823,5.90851e-05,0
5.14802,0.000218823,5.90851e-05,0
5.14905,0.000218864,5.90762e-05,0
5.15001,0.00021708,5.23133e-05,0
5.15105,0.000218822,5.90824e-05,0
5.15207,0.000217183,5.2284e-05,0
5.15302,0.000218844,5.90786e-05,0
5.15401,0.000217126,5.22961e-05,0
5.15514,0.000218853,5.90813e-05,0
5.15605,0.000217034,5.23234e-05,0
5.15702,0.000217924,5.55568e-05,0
5.15802,0.000218991,5.92386e-05,0
5.15901,0.00021709,5.22808e-05,0
5.16,0.00021884,5.90807e-05,0
5.16117,0.00021884,5.90807e-05,0
5.16205,0.000218875,5.90639e-05,0
5.16299,0.000217093,5.23109e-05,0
5.16406,0.000218798,5.90788e-05,0
5.16515,0.000217137,5.23024e-05,0
5.16598,0.000218812,5.90789e-05,0
5.16704,0.000218812,5.90789e-05,0
5.16815,0.000217083,5.23176e-05,0
5.16904,0.000218858,5.90613e-05,0
5.17001,0.000218738,5.90931e-05,0
5.17124,0.000217118,5.23125e-05,0
5.17208,0.00021883,5.90654e-05,0
5.17299,0.000217166,5.22984e-05,0
5.17401,0.000217106,5.23208e-05,0
5.175,0.000217056,5.23296e-05,0
5.17596,0.000218807,5.90748e-05,0
5.177,0.000218807,5.90748e-05,0
5.17807,0.000217042,5.23378e-05,0
5.17899,0.000217132,5.23128e-05,0
5.18001,0.000217137,5.23107e-05,0
5.1811,0.000218825,5.90613e-05,0
5.18225,0.000217116,5.23157e-05,0
5.18314,0.000218749,5.90884e-05,0
5.184,0.000217015,5.23401e-05,0
5.18511,0.00021882,5.9071e-05,0
5.18609,0.000217137,5.23116e-05,0
5.18701,0.000218785,5.90756e-05,0
5.18809,0.000217071,5.23277e-05,0
5.18903,0.000218766,5.90849e-05,0
5.19004,0.000217046,5.23371e-05,0
5.19102,0.000218764,5.90856e-05,0
5.19198,0.000217044,5.23374e-05,0
5.19303,0.000218762,5.90868e-05,0
5.19406,0.000217041,5.23378e-05,0
5.19502,0.000218759,5.9088e-05,0
5.19617,0.000217071,5.23257e-05,0
5.19703,0.000218756,5.90893e-05,0
5.19816,0.000217067,5.23307e-05,0
5.19915,0.000218762,5.90843e-05,0
5.20011,0.00021699,5.23483e-05,0
5.20115,0.000218804,5.90789e-05,0
5.20203,0.000217012,5.23433e-05,0
5.20299,0.000218704,5.91029e-05,0
5.20404,0.000217047,5.23337e-05,0
5.205,0.000218753,5.90931e-05,0
5.20601,0.000217024,5.23387e-05,0
5.20697,0.000218742,5.90964e-05,0
5.20804,0.000217018,5.23395e-05,0
5.20906,0.000218738,5.90981e-05,0
5.20996,0.000217015,5.23397e-05,0
5.21126,0.000218735,5.90996e-05,0
5.21201,0.00021701,5.23403e-05,0
5.21302,0.000218733,5.91007e-05,0
5.214,0.000217008,5.23402e-05,0
5.21501,0.000218729,5.91025e-05,0
5.21601,0.000217006,5.23395e-05,0
5.21702,0.000218726,5.91044e-05,0
5.21798,0.000217001,5.23403e-05,0
5.21906,0.000218724,5.91055e-05,0
5.22025,0.000216999,5.23402e-05,0
5.22107,0.000218721,5.91071e-05,0
5.22203,0.000216991,5.23424e-05,0
5.22304,0.000218681,5.91212e-05,0
5.22412,0.000216992,5.23404e-05,0
5.22509,0.000218715,5.91101e-05,0
5.22605,0.000217022,5.23281e-05,0
5.22726,0.000218745,5.91038e-05,0
5.22804,0.000216961,5.23467e-05,0
5.22903,0.000216961,5.23467e-05,0
5.23005,0.000217036,5.23275e-05,0
5.23109,0.000218691,5.91189e-05,0
5.23206,0.000216974,5.23374e-05,0
5.23297,0.000218758,5.91029e-05,0
5.23405,0.000218758,5.91029e-05,0
5.23502,0.000218695,5.91141e-05,0
5.23596,0.000217027,5.23277e-05,0
5.23706,0.000218682,5.91234e-05,0
5.23804,0.000216964,5.23379e-05,0
5.23904,0.000218749,5.91073e-05,0
5.24005,0.00021695,5.23456e-05,0
5.24097,0.000218653,5.9131e-05,0
5.24201,0.000216985,5.23362e-05,0
5.24303,0.000217784,5.55978e-05,0
5.24401,0.000218765,5.92993e-05,0
5.24506,0.000216942,5.23215e-05,0
5.24598,0.000218681,5.91255e-05,0
5.24702,0.000216958,5.23534e-05,0
5.24802,0.000218712,5.9105e-05,0
5.24909,0.000216985,5.23429e-05,0
5.25004,0.00021865,5.91214e-05,0
5.25102,0.000216943,5.23512e-05,0
5.25201,0.000218725,5.91013e-05,0
5.25304,0.000216933,5.23607e-05,0
5.25402,0.000218663,5.91102e-05,0
5.25502,0.000217034,5.2333e-05,0
5.25599,0.000218682,5.91097e-05,0
5.25704,0.00021688,5.23759e-05,0
5.25798,0.000218676,5.91047e-05,0
5.25899,0.000217003,5.23474e-05,0
5.26008,0.000218645,5.91168e-05,0
5.26103,0.000216933,5.23606e-05,0
5.26202,0.000218709,5.91001e-05,0
5.26305,0.000216919,5.23697e-05,0
5.26403,0.000218646,5.91104e-05,0
5.26502,0.000217019,5.23409e-05,0
5.26613,0.000218665,5.91109e-05,0
5.26701,0.000216898,5.23704e-05,0
5.268,0.000218659,5.91114e-05,0
5.26905,0.000216931,5.23675e-05,0
5.27002,0.000218646,5.91105e-05,0
5.27097,0.000217013,5.2343e-05,0
5.27205,0.000218657,5.91132e-05,0
5.27301,0.000216889,5.23728e-05,0
5.27405,0.000218683,5.91018e-05,0
5.27501,0.000216954,5.23617e-05,0
5.27602,0.000218579,5.91323e-05,0
5.27701,0.000216929,5.23624e-05,0
5.27814,0.000218694,5.91051e-05,0
5.27898,0.000216896,5.23752e-05,0
5.28002,0.000218623,5.91179e-05,0
5.28102,0.000216961,5.23587e-05,0
5.28206,0.000218608,5.91272e-05,0
5.28317,0.000216897,5.2369e-05,0
5.28402,0.000218676,5.9111e-05,0
5.28504,0.000216884,5.23768e-05,0
5.28602,0.000218613,5.91222e-05,0
5.28702,0.000216951,5.23595e-05,0
5.28813,0.000218596,5.91316e-05,0
5.28906,0.000216916,5.23637e-05,0
5.29012,0.000218642,5.91216e-05,0
5.29124,0.000218642,5.91216e-05,0
5.29211,0.000218659,5.91134e-05,0
5.29315,0.000216926,5.23641e-05,0
5.29398,0.000218586,5.91323e-05,0
5.29503,0.000216933,5.23566e-05,0
5.29605,0.000218643,5.91241e-05,0
5.297,0.00021686,5.23743e-05,0
5.29802,0.000218645,5.91182e-05,0
5.29923,0.000216916,5.23645e-05,0
5.30011,0.000218577,5.91369e-05,0
5.30105,0.000216923,5.2357e-05,0
5.30208,0.000216896,5.23688e-05,0
5.30307,0.00021685,5.23746e-05,0
5.30404,0.000216855,5.23742e-05,0
5.30508,0.000216906,5.23648e-05,0
5.30605,0.000218568,5.91415e-05,0
5.30704,0.000216913,5.23573e-05,0
5.30804,0.000218625,5.91334e-05,0
5.30902,0.000218625,5.91334e-05,0
5.31002,0.0002186,5.91349e-05,0
5.31103,0.000216954,5.23465e-05,0
5.31199,0.0002186,5.91412e-05,0
5.31301,0.0002186,5.91412e-05,0
5.31402,0.000218624,5.91307e-05,0
5.31515,0.000216889,5.23655e-05,0
5.31603,0.000218554,5.91492e-05,0
5.31702,0.000218554,5.91492e-05,0
5.31811,0.000216897,5.23578e-05,0
5.31898,0.000216851,5.23695e-05,0
5.32001,0.000216856,5.23675e-05,0
5.32113,0.000216835,5.23771e-05,0
5.32205,0.000218599,5.91405e-05,0
5.32299,0.000216872,5.23623e-05,0
5.32402,0.000216872,5.23623e-05,0
5.325,0.000216864,5.23646e-05,0
5.32602,0.000218589,5.91436e-05,0
5.32704,0.000218594,5.91432e-05,0
5.328,0.000217671,5.56233e-05,0
5.32905,0.000218595,5.93414e-05,0
5.33001,0.000216864,5.23388e-05,0
5.33105,0.000218619,5.91374e-05,0
5.33205,0.000216834,5.23818e-05,0
5.33301,0.000216839,5.23797e-05,0
5.33404,0.000216847,5.23747e-05,0
5.33504,0.000218571,5.9137e-05,0
5.33601,0.000216848,5.23772e-05,0
5.33711,0.000216853,5.23751e-05,0
5.33801,0.000218574,5.91356e-05,0
5.33904,0.000216851,5.23777e-05,0
5.34016,0.00021857,5.91349e-05,0
5.34104,0.000216848,5.23799e-05,0
5.342,0.000218567,5.91345e-05,0
5.34311,0.000216845,5.23819e-05,0
